DAV_OBMAP v2 cell_size=10
-5 -20 1 1
-5 -21 -1 1
-5 -21 1 1
-5 -20 -1 1
-5 -20 0 6
-5 -19 -1 1
-5 -19 0 2
-5 -19 1 1
-7 -18 -1 1
-27 10 7 1
-27 11 7 1
-26 10 7 1
-26 11 7 1
-25 10 7 1
-25 11 7 1
-27 8 5 0
-27 6 5 0
-26 7 5 0
-26 8 6 0
-24 -2 4 1
-41 15 7 1
-38 -2 1 1
-37 13 8 0
-51 5 9 6
-52 6 9 3
-53 4 9 0
-54 3 9 0
-52 4 9 0
-51 3 9 0
-39 -1 5 0
-42 -1 5 0
-21 -45 8 0
-42 -3 5 0
-40 -2 5 0
-40 -2 6 0
-22 -43 5 0
-62 11 3 1
-22 -46 9 0
-22 -48 6 0
-49 28 5 1
-23 -47 6 0
-47 19 2 1
-50 28 6 1
-51 5 10 6
-52 6 10 4
-53 5 10 0
-54 6 10 0
-54 5 10 0
-53 4 10 0
-54 3 10 0
-52 4 10 0
-52 3 10 0
-51 3 10 0
-52 5 11 0
-31 -4 3 1
-7 -5 8 1
-7 -5 9 1
-42 16 14 0
-42 15 13 1
-42 15 14 0
-40 15 13 1
-6 -5 8 1
-6 -5 9 1
-42 15 12 6
-41 14 13 1
-41 14 14 1
-41 16 15 0
-20 -45 8 0
-20 -45 6 0
-41 -2 5 0
-23 -43 8 0
-23 -45 7 0
-23 -46 7 0
-23 -46 8 0
-23 -46 6 0
-22 -46 7 0
-22 -47 7 0
-22 -46 8 0
-22 -47 6 0
-42 13 13 1
-51 25 5 0
-21 -46 6 0
-52 22 7 1
-22 -45 5 0
-32 -8 3 1
-54 5 11 0
-53 4 11 0
-53 3 11 0
-52 4 11 0
-52 3 11 0
-33 13 7 1
-51 3 11 0
-34 14 5 3
-21 -46 7 0
-20 -46 8 0
-36 12 5 0
-35 11 5 0
-20 -44 6 0
-22 -44 8 0
-47 16 1 1
-23 -44 8 0
-24 -46 7 0
-23 -47 7 0
-23 -47 8 0
-22 -46 6 0
-43 13 13 1
-42 12 13 1
-49 28 6 1
-49 28 7 1
-51 26 3 1
-22 -46 5 0
-44 12 13 1
-53 6 10 0
-54 4 11 0
-51 23 6 6
-52 24 7 1
-51 23 7 3
-50 22 7 2
-50 22 5 7
-52 3 12 0
-50 24 6 0
-50 24 7 0
-52 4 13 0
-23 -45 6 0
-51 24 1 1
-52 8 7 1
-58 4 4 1
-56 3 6 1
-56 3 7 1
-52 6 12 6
-55 3 7 1
-53 4 12 0
-55 28 4 0
-45 7 0 1
-38 5 6 1
2 -8 -1 1
-51 4 13 2
-53 6 13 1
-54 4 13 0
-48 24 6 0
-51 26 6 1
-52 3 13 0
-50 22 6 5
-22 -49 6 0
-21 -49 6 0
-21 -47 8 0
-50 4 12 4
-16 0 2 1
-51 5 13 13
-52 6 13 1
-53 5 13 0
-53 4 13 0
-50 3 12 0
-43 16 15 0
-52 5 12 1
-51 4 10 2
-51 22 7 1
-22 -49 7 0
-23 -50 5 5
-24 -51 4 1
-24 -51 5 1
-18 1 2 1
-24 -50 4 1
-24 -50 5 1
-24 -50 6 2
-24 -49 4 1
-18 1 3 0
-20 -45 7 0
-40 16 9 1
-13 2 2 1
-19 -49 10 0
-39 18 15 0
-50 5 6 1
-28 -35 -1 1
-39 7 4 5
-44 19 1 1
-41 21 15 0
-20 -56 11 1
-41 -4 11 0
-62 18 7 1
-62 19 5 1
-7 -8 3 1
-7 -8 2 0
-37 19 4 1
-41 18 2 1
-40 17 1 1
-32 12 5 0
-57 -3 7 0
-60 -3 4 2
-59 -3 6 0
-32 10 5 0
-12 -6 4 5
-17 -1 0 5
-67 16 3 0
-39 2 5 0
-39 -8 -2 1
-39 17 1 1
-58 9 4 0
-32 9 5 0
-56 12 4 1
-32 8 5 1
-50 28 3 1
-37 18 4 19
-28 -13 9 0
-29 -12 9 0
-36 17 10 0
-40 3 9 0
-41 22 14 6
-52 16 2 6
-38 13 13 1
-22 2 3 1
-51 28 7 1
-50 1 7 0
-58 10 3 0
-47 22 6 0
-56 9 0 1
-56 10 0 1
-40 4 -1 1
-38 14 2 9
-38 3 -1 1
-18 -8 0 1
-18 -6 0 1
-22 -7 1 0
-23 -7 2 0
-23 -7 1 0
-21 -10 0 1
-21 -7 3 0
-22 -7 2 0
-22 -7 3 0
-23 -7 3 0
-23 -8 2 0
-24 -8 3 0
-22 -8 3 0
-22 -8 4 0
-22 -8 0 2
-23 -9 -1 1
-23 -8 -1 1
-23 -7 -1 1
-22 -7 -1 1
-21 -7 -1 1
-23 -8 3 0
-23 -6 3 0
-24 -7 2 0
-24 -7 3 0
-24 -9 3 0
-24 -11 3 1
-24 -10 3 1
-24 -10 4 1
-23 -8 4 0
-24 -9 -1 1
-24 -8 -1 1
-24 -7 -1 1
-25 -7 3 0
-25 -7 2 0
-25 -8 3 0
-25 -9 3 0
-24 -12 2 1
-24 -12 3 1
-23 -12 2 1
-23 -12 3 1
-24 -12 1 1
-23 -12 1 1
-22 -6 3 0
-23 -7 4 0
-24 -6 3 0
-24 -6 2 0
-25 -7 4 0
-26 -8 2 0
-15 -13 6 0
-14 -13 6 0
-15 -13 7 0
-14 -13 7 0
-16 -11 6 0
-16 -13 8 0
-16 -13 5 0
-42 0 6 0
-42 0 4 0
-41 0 4 0
-41 -2 10 0
-41 -2 11 0
-43 -2 11 0
-44 -2 11 0
-44 -3 11 0
-10 -61 11 0
-12 -62 11 0
-12 -63 11 0
-12 -62 12 0
-12 -63 12 0
-30 14 1 1
-30 14 2 2
-30 15 1 1
-41 1 6 0
-41 1 5 0
-42 1 5 0
-41 0 6 0
-41 0 7 0
-41 0 5 0
-40 1 5 0
-41 23 15 1
-43 23 14 0
-41 2 4 0
-42 21 15 0
-43 20 14 0
-41 19 15 0
-57 7 5 1
-31 8 6 0
-57 8 5 1
-58 7 5 1
-59 8 5 0
-43 19 14 0
-43 19 15 0
-42 19 14 0
-42 19 15 0
-40 19 14 0
-40 19 15 0
-42 21 16 0
-39 1 4 0
-40 2 4 0
-41 3 4 0
-43 20 15 0
-42 1 4 0
-44 20 14 0
-42 18 15 0
-41 1 3 1
-13 -64 12 0
-13 -64 11 0
-10 -64 12 0
-41 -5 12 0
-40 -5 12 0
-40 -5 11 0
-42 -4 12 0
-42 -4 13 0
-65 25 1 1
-65 25 2 1
-35 1 2 0
-43 -2 7 0
-43 -2 8 0
-34 -23 3 0
-45 -4 8 0
-43 -3 7 0
-43 -3 8 0
-27 13 2 1
-43 -2 9 0
-34 -24 4 0
-44 -2 9 0
-44 -3 8 0
-36 -24 1 0
-44 -3 9 0
-44 -4 9 0
-43 -4 8 0
-43 -3 9 0
-44 -2 10 0
-28 13 2 1
-42 -3 9 0
-41 -3 9 0
-43 -3 10 0
-34 3 3 20
-37 1 4 0
-36 2 4 0
-42 -2 10 0
-43 -1 10 0
-44 -3 10 0
-45 -4 9 0
-45 -4 10 0
-43 -4 9 0
-43 -5 9 0
-34 -23 4 0
-39 -5 13 0
-36 -23 2 0
-36 -23 1 0
-39 -4 13 0
-39 -4 11 0
-41 -3 13 0
-42 -5 13 0
-41 -6 12 0
-42 -6 13 0
-41 -6 11 0
-41 -7 12 0
-31 -8 4 4
-25 -1 2 13
-40 -6 12 0
-21 -56 7 1
-21 -55 7 1
-30 -8 6 1
-31 -10 6 1
-41 -5 14 0
-19 -55 7 1
-18 -55 8 1
-18 -55 9 1
-17 -54 8 1
-19 -53 10 1
-19 -55 8 1
-18 -54 8 1
-45 15 13 1
-59 6 7 0
-43 15 12 13
-56 6 7 1
-43 -1 1 11
-19 -54 10 1
-19 -55 11 1
-19 -55 9 1
-18 -56 8 1
-18 -56 9 1
-18 -56 10 9
-19 -54 9 1
-38 -6 12 0
-19 -53 11 1
-38 -6 11 0
-38 -4 12 0
-38 -5 13 0
-38 -4 11 0
-40 -4 13 0
-41 -6 13 0
-57 -2 1 0
-56 -2 2 0
-55 -3 1 0
-56 -3 1 0
-59 23 2 1
-52 24 5 1
-36 -5 7 1
-36 17 1 1
-56 -4 4 0
-42 -14 2 0
-35 3 0 1
-40 -5 13 0
-47 13 2 2
-55 9 11 0
-21 -35 1 1
-37 13 12 0
-53 18 7 1
-45 -2 0 1
-42 14 1 1
-46 9 5 1
-38 11 15 0
-23 -3 1 1
-19 -48 7 0
-42 13 12 20
-44 7 14 1
-53 8 3 1
-41 -8 2 1
-42 -7 2 1
-58 -2 4 0
-36 11 10 0
-19 -52 12 0
-21 -52 12 0
-21 -54 12 0
-21 -55 12 0
-19 -55 12 0
-18 -55 12 0
-19 -54 12 0
-19 -54 13 0
-34 -15 -1 1
-37 -13 1 0
-18 -53 12 0
-20 -53 12 0
-37 -7 12 0
-35 -13 -3 1
-37 -7 13 0
-36 3 1 18
-27 -24 0 1
-34 4 1 8
-36 6 4 1
-27 -23 0 1
-24 -43 8 0
-24 -42 8 0
-22 -42 8 0
-21 -42 8 0
-52 10 7 2
-17 -54 13 0
-18 -53 13 0
-19 -53 13 0
-20 -53 13 0
-38 -8 11 0
-37 19 3 1
-43 17 3 2
-41 15 1 1
-40 15 1 1
-39 15 1 1
-38 -7 10 0
-42 19 16 0
-45 20 16 0
-45 17 16 0
-43 4 3 0
-43 18 14 0
-43 4 2 0
-44 6 3 0
-45 5 3 1
-44 6 2 0
-45 6 3 24
-45 6 4 34
-45 6 2 1
-45 4 5 0
-45 4 1 1
-42 18 13 1
-45 20 13 0
-42 17 13 1
-36 -8 11 0
-35 -8 11 0
-36 -8 12 0
-35 -8 12 0
-36 -6 11 0
-41 18 13 1
-44 19 13 0
-37 -6 12 0
-39 -8 11 0
-39 -8 12 0
-39 -9 11 0
-53 8 1 1
-52 7 1 1
-52 5 4 5
-52 5 2 3
-49 9 3 1
-37 -8 10 0
-37 -8 9 0
-49 9 1 1
-55 5 4 12
-52 13 1 1
-42 19 13 1
-42 19 12 1
-54 3 5 0
-28 -6 6 0
-27 -6 6 1
-28 -6 7 0
-28 -4 6 1
-28 -4 7 0
-29 -4 6 0
-29 -4 7 0
-29 -7 7 0
-28 -7 6 0
-28 -7 7 0
-29 -6 5 0
-53 5 6 1
-35 13 5 0
-35 13 4 0
-37 -24 3 0
-36 -23 4 0
-25 -30 3 0
-37 -22 5 0
-42 -13 2 0
-43 5 10 0
-40 6 3 1
-40 3 3 1
-37 -22 2 0
-52 6 7 11
-52 6 8 7
-52 6 6 11
-53 8 8 1
-55 4 7 1
-53 5 8 1
-55 6 9 0
-40 -13 2 0
-33 -4 3 2
-52 7 2 6
-39 -12 1 0
-53 6 7 17
-53 6 8 3
-53 6 6 15
-43 5 9 0
-53 7 6 1
-33 -14 2 0
-36 -17 2 0
-34 -17 2 0
-35 -16 0 0
-46 7 4 1
-46 7 5 1
-46 7 6 1
-46 6 2 1
-46 7 2 1
-44 7 2 1
-44 5 0 1
-53 7 7 1
-52 4 7 1
-53 4 6 0
-39 -12 0 0
-55 4 8 0
-33 -2 4 1
-12 -3 1 1
-30 5 3 1
-2 -11 7 0
2 -11 1 1
-28 3 4 1
-21 -36 1 1
-44 14 11 1
-44 15 11 6
-45 14 14 0
-20 -42 3 0
-20 -42 4 0
-43 14 11 1
-42 14 11 1
-23 -43 3 0
-23 -43 4 0
-22 -44 3 0
-22 -44 4 0
-21 -43 3 0
-20 -43 3 0
-45 13 11 1
-44 13 11 1
-44 13 12 8
-22 -42 0 1
-46 5 6 7
-44 3 5 0
-44 5 7 0
-60 30 1 1
-58 29 4 0
-8 -2 3 1
-8 -2 4 1
-8 -1 3 1
-24 8 0 1
-28 7 2 1
-58 29 3 0
-44 16 11 15
-42 3 4 0
-42 3 5 0
-10 -6 4 0
-9 -7 4 0
-8 -6 4 0
-6 -11 7 6
-9 -5 5 0
-43 3 4 0
-43 3 5 0
-44 4 6 0
-41 15 11 1
-42 13 11 1
-4 -9 7 1
-4 -10 7 0
-40 15 11 1
-40 16 11 1
-40 17 11 1
-45 12 11 1
-42 4 3 0
-43 12 11 1
-41 14 11 1
-4 -11 7 0
-27 5 2 1
-45 17 10 1
-12 1 3 1
-25 5 0 1
-50 2 3 0
-50 2 4 0
-58 28 4 0
-54 28 4 0
-44 18 14 0
-45 13 4 3
-43 17 14 0
-29 13 3 1
-27 -26 4 0
-37 18 14 0
-34 -22 -2 1
-45 17 14 0
-55 4 6 10
-23 3 2 1
-59 8 8 0
-23 4 3 1
-24 3 3 1
-24 5 1 6
-46 8 2 1
-47 7 3 1
-2 -12 2 0
-36 16 6 10
-50 27 4 9
-50 27 5 12
-50 27 6 11
-49 27 5 1
-49 27 6 1
-48 27 5 1
-48 27 6 1
-51 25 4 0
-34 12 6 0
-34 12 7 0
-32 -23 1 1
-34 -20 -3 1
-33 -20 -3 1
-6 -4 7 1
-43 12 14 1
-21 4 1 1
-26 0 0 1
-44 2 5 0
-29 -12 12 0
-31 -15 12 0
-29 -14 11 0
-29 -14 12 0
-29 -14 10 0
-57 24 4 1
-56 23 2 1
-36 -9 11 0
-55 6 8 1
-59 24 1 1
-26 -6 3 4
-41 -11 -1 1
-41 -11 0 1
-41 -11 1 1
-41 -10 1 1
-41 -9 1 3
-53 6 1 3
-55 6 2 3
-39 -10 -2 1
-39 -9 -2 1
-57 6 1 11
-55 4 1 9
-30 -15 11 0
-44 -11 -3 1
-47 18 12 0
-42 -11 -3 1
-42 -10 -3 1
-42 -9 -3 1
-49 14 2 1
-45 22 1 1
-46 22 1 1
-47 21 3 1
-48 22 5 1
-35 17 8 2
-35 19 8 3
-36 19 8 3
-37 18 8 3
-37 17 8 3
-43 -12 -1 1
-43 -12 1 3
-42 -12 1 1
-42 -12 0 0
-42 -12 -1 0
-41 -11 -3 1
-30 -12 9 0
-32 -13 9 0
-31 -15 9 0
-30 -15 9 0
-29 -15 9 0
-48 22 4 1
-34 17 8 0
-35 17 9 0
-35 19 9 4
-36 19 9 4
-37 18 9 4
-37 17 9 4
-36 16 9 0
-35 16 9 0
-21 5 1 1
-48 22 3 1
-29 -20 3 0
-29 -20 4 0
-30 -20 4 0
-29 -21 3 0
-44 24 2 1
-45 25 2 1
-45 24 2 2
-46 25 2 1
-34 17 9 0
-35 17 10 0
-35 19 10 6
-36 19 10 4
-36 3 5 0
-36 15 9 0
-36 16 10 0
-35 16 10 0
-30 -14 9 0
-29 -14 9 0
-30 -13 7 0
-45 -4 -3 1
-45 -5 -3 1
-45 -6 -3 1
-46 -4 -3 1
-40 -10 1 0
-38 -11 -2 1
-38 -10 -2 1
-38 -9 -2 1
-41 -12 0 0
-57 26 4 1
-57 27 4 1
-59 -3 5 0
-13 -8 2 1
-46 8 13 7
-56 1 4 1
-42 16 5 44
-33 -11 2 0
-21 -11 5 1
-20 -10 4 1
-31 9 7 0
-32 9 7 0
-19 -12 6 1
-18 -12 6 0
-20 -12 7 0
-19 -12 7 0
-19 -10 6 0
-22 -12 7 0
-24 -11 4 1
-20 -14 7 0
-21 -16 4 1
-21 -16 5 1
-21 -16 6 1
-20 -16 4 1
-20 -16 5 1
-20 -16 6 1
-19 -16 4 1
-19 -16 5 3
-19 -16 6 1
-19 -13 7 0
-20 -12 8 0
-19 -11 4 2
-41 2 7 0
-41 2 8 0
-39 2 7 0
-39 2 8 0
-58 7 4 1
-58 8 2 0
-40 21 11 8
-40 22 11 8
-41 23 11 8
-43 22 11 0
-43 21 11 0
-41 19 11 7
-42 22 11 0
-42 21 11 0
-43 23 2 1
-41 20 11 31
-42 23 2 1
-41 22 2 1
-43 22 12 0
-43 21 12 0
-43 20 12 0
-41 18 12 24
-41 21 13 0
-43 21 2 1
-43 22 2 1
-39 21 12 6
-40 22 12 9
-41 23 12 6
-42 22 12 0
-42 21 12 0
-42 20 12 0
-41 20 12 1
-41 19 12 3
-40 20 12 9
-38 3 6 0
-42 2 7 0
-40 1 7 0
-40 1 8 0
-40 1 6 0
-40 22 13 11
-41 23 13 2
-43 22 13 0
-43 21 13 0
-43 20 13 0
-43 14 2 1
-40 20 13 1
-42 15 2 5
-42 16 2 11
-43 23 12 0
-40 11 5 1
-40 11 6 1
-39 11 5 1
-39 11 6 1
-40 14 1 1
-39 14 1 1
-41 22 13 6
-42 23 13 0
-56 6 4 10
-57 7 4 1
-56 8 4 1
-59 8 4 1
-58 8 4 1
-59 8 3 1
-58 6 4 1
-59 5 4 0
-59 5 3 0
-43 21 14 0
-57 6 6 1
-41 2 6 0
-42 1 6 0
-34 13 1 1
-40 2 6 0
-39 1 6 0
-39 1 7 0
-35 2 4 1
-40 22 14 15
-39 3 4 0
-41 4 4 0
-45 -2 5 0
-36 9 2 8
-37 3 1 47
-62 19 4 1
-60 19 3 1
-31 -14 0 4
-39 -4 2 1
-40 -4 2 1
-40 -5 2 1
-39 -5 2 1
-65 19 3 1
-37 -4 2 1
-39 -2 2 1
-63 23 3 1
-43 9 1 1
-38 9 8 1
-51 13 7 0
-54 13 7 6
-52 13 7 1
-36 -27 -1 1
-36 -4 3 1
-36 -4 2 1
-39 -8 2 1
-49 10 5 9
-38 15 1 1
-39 16 2 4
-38 10 12 0
-45 -2 7 0
-37 -8 13 0
-39 5 9 0
-33 10 4 0
-34 -20 2 0
-18 -46 3 0
-38 -8 12 0
-34 0 1 1
-55 1 3 0
-55 2 4 1
-46 1 0 1
-47 17 5 1
-48 19 5 15
-49 19 5 1
-49 19 6 1
-51 19 7 2
-49 17 7 0
-49 17 4 10
-49 17 3 5
-48 27 3 1
-43 -9 -3 1
-52 2 3 0
-44 -8 -3 1
-44 -9 -3 1
-64 17 5 0
-50 21 2 2
-42 21 13 0
-50 21 3 11
-51 21 6 1
-37 -14 4 0
-37 -14 3 0
-37 -13 4 0
-37 -13 3 0
-47 17 6 7
-41 -14 3 0
-39 -15 4 0
-48 2 4 0
-40 -15 4 0
-39 -15 3 0
-40 -15 3 0
-39 -16 4 0
-39 -16 3 0
-38 -15 4 0
-37 -16 4 0
-37 -15 4 0
-38 -15 3 0
-37 -15 3 0
-39 -14 5 0
-39 -14 6 0
-39 -14 2 0
-47 18 5 10
-47 18 6 19
-47 19 5 9
-49 20 5 1
-49 20 6 1
-49 18 7 0
-49 18 4 1
-49 18 3 5
-52 10 8 1
-51 21 3 1
-47 11 6 10
-65 18 6 0
-65 18 5 0
-48 27 2 1
-40 21 14 2
-42 -9 0 5
-48 14 6 0
-24 -1 1 6
-63 16 4 1
-49 23 1 1
-66 17 4 0
-64 17 4 0
-24 1 2 2
-23 2 2 11
-23 1 1 2
-41 12 1 1
-45 2 4 0
-47 20 5 17
-48 20 6 1
-48 20 5 1
-50 20 6 4
-50 20 7 3
-50 20 5 6
-48 18 7 1
-48 18 8 0
-48 18 4 12
-63 22 4 1
-49 9 4 1
-40 3 4 0
-61 17 4 1
-52 24 3 1
-63 18 0 1
-42 14 9 1
-47 27 3 1
-65 20 0 1
-44 8 2 2
-64 19 4 0
-63 18 4 0
-42 8 2 1
-43 7 4 0
-19 -48 5 0
-19 -49 4 0
-42 5 3 0
-27 5 3 0
-40 -9 4 0
-27 6 3 0
-41 -8 6 0
-47 5 3 17
-27 7 4 0
-26 5 3 0
-49 2 3 0
-49 2 2 0
-26 6 4 0
-27 8 4 0
-19 -46 5 0
-49 26 4 22
-38 10 8 1
-19 4 0 1
-25 8 5 1
-19 4 1 3
-25 9 5 8
-29 11 3 10
-24 8 5 1
-25 10 6 1
-25 11 6 1
-36 11 3 1
-35 9 6 1
-24 10 6 1
-30 15 3 1
-53 6 3 4
-27 8 3 0
-61 17 3 1
-27 9 3 1
-27 9 4 1
-26 8 3 0
-61 17 2 1
-26 9 3 8
-26 9 4 1
-18 -48 3 0
-59 -1 2 0
-44 11 14 0
-44 12 14 0
-47 12 15 0
-47 12 14 0
-45 12 15 0
-46 15 15 0
-41 11 10 1
-39 10 9 4
-39 10 11 0
-44 -7 5 0
-44 2 0 1
-44 2 1 1
-43 2 0 1
-42 2 0 1
-45 1 1 3
-46 -5 -1 6
-46 -5 0 2
-46 -5 1 1
-46 -4 -1 1
-46 -4 0 14
-46 -4 1 5
-46 -3 -1 1
-45 -5 -1 9
-45 -5 0 18
-45 -5 1 1
-47 13 13 0
-33 5 5 1
-19 -49 7 0
-40 0 4 0
-41 1 4 0
-15 3 4 1
-62 19 6 1
-61 17 6 1
-36 -6 4 11
-55 32 2 1
-37 -7 11 0
-47 15 7 0
-39 6 9 0
-42 -3 10 0
-42 14 2 1
-37 -1 6 1
-58 -3 2 0
-48 11 8 1
-34 -11 3 0
-45 4 3 0
-45 4 4 0
-39 21 16 1
-15 -1 2 1
-45 -4 7 0
-44 -3 7 0
-58 11 3 5
-61 12 5 0
-58 13 6 1
-56 -3 4 0
-58 13 4 1
-20 -55 12 0
-21 -56 12 0
-39 -6 12 0
-43 -2 10 0
-30 14 3 1
-4 -14 0 4
-19 -5 4 1
-18 -6 4 1
-62 10 4 0
-61 10 5 0
-42 9 7 29
-32 5 4 2
-46 0 0 1
-46 1 1 1
-47 -3 0 1
-47 -3 1 15
-47 -2 0 1
-47 -1 0 1
-47 -5 0 1
-47 -5 1 1
-47 -5 2 1
-47 -4 0 6
-47 -4 1 3
-46 -5 2 1
-60 13 6 1
-54 22 1 1
-36 0 1 1
-42 -8 1 1
-14 4 0 1
-62 12 3 1
-28 -2 4 0
-51 7 3 1
-19 2 1 1
-61 9 5 0
-33 6 4 1
-46 23 5 1
-45 23 3 1
-45 23 4 1
-45 23 5 4
-46 22 3 1
-39 3 9 0
-39 4 9 0
-30 -18 4 0
-33 -20 3 0
-31 -20 3 0
-31 -20 4 0
-30 -20 3 0
-64 20 4 0
-64 20 5 0
-15 1 2 11
-14 0 0 1
-21 -39 2 0
-53 -1 2 0
-38 9 11 0
-38 9 10 0
-25 -40 1 1
-26 -40 2 1
-40 10 9 1
-24 6 1 3
-45 23 2 1
-45 24 4 1
-46 25 3 4
-46 25 4 3
-46 25 5 1
-45 25 3 1
-45 25 4 1
-45 25 5 1
-44 24 3 1
-44 24 4 1
-44 24 5 1
-30 -19 3 0
-44 25 4 1
-44 25 5 1
-23 0 0 1
-32 -21 3 0
-32 -20 4 0
-32 -20 3 0
-31 -21 3 0
-31 -21 4 0
-44 25 2 1
-47 22 4 1
-47 22 3 1
-48 21 3 1
-31 -19 5 0
-31 -19 2 0
-31 -19 1 0
-34 11 6 0
-34 11 4 0
-36 10 6 0
-44 22 1 1
-63 15 5 5
-26 0 2 5
-43 -9 2 1
-12 2 4 1
-43 -2 6 0
-43 -1 6 0
-43 -4 4 1
-57 24 2 3
-57 23 4 2
-57 23 3 2
-45 -4 2 1
-57 27 2 5
-30 -11 2 2
-53 30 5 1
-44 8 1 1
-29 8 1 6
-39 -4 1 3
-37 -2 3 1
-37 1 5 0
-29 -28 1 0
-37 2 5 0
-37 2 6 0
-40 -3 1 5
-42 15 7 1
-54 29 1 1
-54 29 5 1
-47 -1 9 0
-53 28 4 4
-54 29 4 6
-42 -4 0 41
-39 19 4 16
-40 2 9 0
-29 11 0 1
-44 24 1 1
-39 1 8 0
-34 12 4 0
-34 13 4 0
-36 14 4 1
-34 10 5 0
-34 10 4 1
-37 7 1 6
-37 5 2 6
-37 4 1 67
-35 5 3 13
-35 3 1 11
-34 5 2 1
-34 5 3 1
-34 5 1 11
-35 7 1 8
-47 25 3 4
-47 25 4 2
-46 21 2 2
-47 20 1 1
-47 21 1 1
-47 22 1 1
-28 7 3 1
-41 16 13 1
-27 -30 -1 1
-26 -31 -1 1
-26 -31 1 1
-23 -36 2 2
-40 18 15 0
-28 8 4 2
-45 -6 3 0
-38 20 13 2
-26 -29 5 0
-25 6 3 0
-26 -29 1 0
-28 -24 5 0
-38 17 14 0
-22 -36 2 1
-23 -35 1 2
-33 -25 -3 1
-28 7 0 1
-36 14 12 0
-40 11 1 1
-40 10 1 1
-51 24 5 1
-48 16 5 1
-50 18 5 5
-50 8 8 1
-50 8 9 1
-50 8 10 1
-50 16 4 13
-50 16 3 1
-50 9 10 1
-50 10 8 3
-44 -8 -1 2
-44 -8 0 15
-54 7 9 0
-54 9 11 0
-40 -4 7 0
-40 -4 8 0
-39 -3 7 0
-39 -3 8 0
-50 10 7 1
-51 6 9 1
-51 6 10 1
-51 7 10 1
-48 16 6 1
-50 19 5 27
-50 19 7 5
-66 19 4 1
-46 24 5 0
-31 -31 2 1
-31 -30 1 1
-31 -30 2 1
-30 -31 2 1
-29 -31 2 4
-29 -30 0 5
-28 -29 1 0
-28 -29 2 0
-30 -28 3 0
-30 -28 -2 5
-31 -29 -3 1
-28 4 4 2
-22 6 1 3
-22 6 2 1
-26 7 0 1
-26 7 1 1
-26 7 2 1
-25 7 0 1
-27 -23 3 0
-25 7 2 1
-26 -38 3 8
-24 -37 4 3
-24 7 2 1
-30 -23 4 0
-30 -24 3 0
-30 -24 4 0
-29 -24 3 0
-29 -25 3 0
-29 -24 4 0
-34 -29 -1 1
-33 -3 2 1
-34 -6 0 1
-40 6 7 0
-32 -10 2 3
-31 -9 -1 1
-46 22 5 5
-15 -3 4 1
-14 -4 3 9
-51 26 4 0
-43 -5 11 0
-31 13 4 1
-42 -1 9 0
-39 9 7 4
-39 9 4 35
-39 4 6 1
-39 6 6 1
-31 -20 2 0
-31 -20 1 0
-32 -19 1 0
-33 -18 1 0
-34 -19 1 0
-21 4 0 1
-21 -35 2 1
-21 -35 3 1
-30 8 3 1
-23 7 1 1
-20 -36 2 2
-26 -30 0 1
-26 -29 -1 1
-20 -35 2 1
-28 -29 -3 1
-28 6 1 1
-39 14 2 8
-39 14 5 1
-24 -29 3 0
-27 -24 4 0
-26 -24 4 0
-30 -31 4 0
-38 19 13 1
-27 11 5 3
-28 -26 3 0
-28 -33 2 1
-28 -26 4 0
-27 -25 3 0
-27 -25 4 0
-26 8 1 1
-28 -24 2 0
-26 12 5 1
-25 8 1 2
-25 8 2 7
-32 -25 -2 2
-24 8 1 2
-24 8 2 8
-24 -34 2 19
-28 7 1 6
-23 -34 0 1
-23 -34 1 1
-23 -34 2 2
-22 -35 0 1
-25 4 4 0
-22 -34 1 2
-22 -34 2 1
-23 -38 2 0
-22 -37 4 1
-36 -6 5 1
-35 -7 5 1
-24 -39 3 1
-24 -39 4 1
-24 -37 5 2
-29 -33 4 0
-29 -33 2 0
-13 -2 3 1
-13 -5 4 2
-28 -32 4 0
-13 -6 1 16
-13 -6 2 24
-13 -6 3 5
-35 19 11 4
-36 19 11 2
-37 18 10 5
-37 17 10 5
-38 16 11 6
-36 15 10 0
-36 16 11 0
-35 16 11 0
-36 17 12 0
-46 -5 -3 1
-46 -6 -3 1
-43 -8 2 1
-44 -8 2 1
-46 -7 2 0
-37 18 11 10
-37 17 11 5
-40 3 2 3
-36 1 4 0
-29 1 2 1
-28 0 4 0
-48 -5 -1 2
-21 8 4 1
-29 -13 8 1
-35 19 12 2
-37 19 11 1
-37 19 12 1
-28 -11 8 1
-29 -10 7 1
-28 -11 7 3
-28 -10 7 3
-28 -10 8 1
-28 -10 9 1
-26 11 4 1
-26 12 3 1
-33 -24 -2 2
-34 -25 -3 1
-20 -37 0 1
-15 1 5 1
-15 -51 8 0
-27 4 3 1
-19 -51 10 0
-27 10 2 16
-19 -37 1 1
-26 4 3 1
-18 -4 5 1
-25 9 2 9
-25 9 3 10
-17 -3 5 1
-48 0 2 1
-34 -22 -1 0
-26 9 1 2
-27 9 0 1
-27 10 0 1
-29 6 5 2
-26 10 0 1
-15 -52 9 0
-15 -52 10 0
-17 -50 10 0
-39 12 4 9
-18 -53 9 1
-18 -53 10 1
-17 -55 9 2
-17 -55 8 2
-16 -53 9 0
-7 -8 6 1
-6 -10 5 4
-6 -10 6 2
-6 -9 5 4
-41 4 10 0
-6 -8 5 7
-41 3 1 4
-12 -4 2 0
-11 -4 2 0
-11 -4 3 0
-5 -9 9 1
-9 -2 1 1
-9 -2 2 5
-9 -2 3 3
-9 -1 1 1
-9 -1 2 1
-9 -1 3 1
-21 -19 2 1
-21 -20 -1 1
-20 -20 -1 1
-20 -20 0 2
-20 -20 1 3
-20 -19 -1 1
-20 -19 0 2
-20 -19 1 1
-20 -18 -1 1
-20 -18 0 2
-20 -18 1 1
-21 -17 2 1
-22 -16 3 1
-21 -17 3 1
-21 -16 1 1
-21 -16 2 1
-21 -16 3 1
-58 -4 6 0
-33 -29 -2 1
-48 18 5 6
-6 -12 6 1
-6 -11 5 2
-21 -40 4 0
-40 7 4 22
-48 11 5 12
-45 6 10 2
-40 14 13 13
-25 0 0 1
-27 -30 -2 1
-57 0 5 0
-24 -31 2 0
-59 11 5 1
-59 11 6 1
-60 12 6 3
-47 2 3 0
-12 2 1 1
-55 9 2 0
-55 10 4 1
-55 9 3 1
-26 -39 0 1
-12 2 3 1
-26 -40 6 1
-27 -39 6 1
-42 7 3 0
-23 -36 6 1
-48 2 1 9
-33 -22 2 0
-34 -20 3 0
-52 4 5 0
-52 6 5 28
-42 14 4 1
-8 -10 5 1
-29 -9 3 1
-34 -3 3 1
1 -11 3 0
-51 -2 2 0
-51 -2 -1 2
-51 -2 4 0
-53 27 5 1
-57 29 4 0
-59 30 1 1
-59 30 2 2
-59 30 3 1
-59 31 1 1
-59 31 2 1
-59 31 3 1
-59 25 1 1
-59 25 2 4
-59 25 3 1
-50 -4 3 0
-50 -4 2 0
-51 -4 3 0
-30 -6 4 1
-54 11 3 1
-42 9 5 10
-56 11 3 10
-51 0 2 1
-50 -1 3 0
-38 -19 2 0
-30 -9 3 1
-32 11 3 1
-52 3 6 0
-50 -2 3 0
-49 -2 2 1
-53 11 2 6
-56 30 4 0
-56 31 2 4
-57 32 1 1
-57 32 2 1
-57 32 3 1
-57 30 4 0
-59 32 1 1
-59 32 2 1
-59 32 3 1
-58 32 1 1
-58 32 2 1
-58 32 3 1
-60 27 1 1
-60 27 2 2
-41 5 11 0
-53 -1 4 0
-26 -37 6 1
-27 -36 6 1
-27 -37 6 1
-21 -43 2 0
-53 13 2 1
-53 13 4 1
-34 -1 7 1
-34 0 7 1
-37 -3 7 1
-36 -1 8 0
-22 -8 2 0
-22 -8 1 0
-24 -8 0 2
-24 -8 1 1
-24 -8 2 1
-23 -8 0 3
-23 -8 1 1
-20 -9 0 1
-21 -8 -1 1
-20 -8 -1 1
-19 -8 -1 1
-25 -10 0 1
-25 -10 1 1
-25 -10 2 1
-25 -9 0 1
-25 -9 1 1
-25 -9 2 1
-25 -8 0 1
-25 -8 1 1
-25 -8 2 1
-22 -13 0 1
-22 -13 1 1
-22 -13 2 1
-20 -10 1 0
-21 -9 0 3
-22 -10 -1 1
-22 -9 -1 1
-22 -8 -1 1
-22 8 6 1
-21 8 5 1
-21 8 6 1
-20 8 5 1
-20 8 6 1
-22 8 1 1
-21 8 1 1
-20 8 1 1
-22 8 3 1
-22 8 2 1
-22 9 2 1
-22 9 3 1
-22 9 4 1
-21 9 2 1
-21 9 3 1
-21 9 4 1
-23 10 4 1
-23 10 5 1
-23 10 6 1
-24 6 5 0
-40 -17 2 0
-41 -15 3 0
-43 -15 3 0
-44 -17 2 0
-41 -6 5 0
-40 -5 3 0
-41 -6 3 0
-39 -5 4 0
-39 -6 4 0
-39 -6 5 0
-39 -5 3 0
-39 -6 3 0
-38 -6 4 0
-38 -6 5 0
-38 -6 3 0
-39 -4 5 0
-50 18 8 1
-39 -4 0 66
-52 15 2 3
-65 19 4 0
-3 -12 0 4
-53 15 5 13
-36 11 1 1
-45 -6 0 1
-52 7 11 1
-44 13 15 0
-34 2 3 3
-11 -6 5 1
-51 3 14 0
-42 -9 -2 1
-46 13 7 0
-30 -7 -1 1
-28 -30 -1 6
-27 -32 2 12
-28 -5 1 3
-30 -30 3 1
-29 10 3 1
-22 -52 11 1
-42 20 11 0
-35 5 6 0
-33 0 6 1
-30 -32 3 1
-30 -32 2 1
-30 -31 3 1
-34 12 5 0
-44 -5 1 1
-45 2 6 0
-55 8 7 1
-56 4 6 1
-65 17 0 1
-26 -33 0 1
-35 -11 2 0
-43 12 16 0
-52 5 3 3
-32 -33 0 1
-31 -3 0 1
-29 -33 1 1
-29 -33 0 1
-32 -3 -1 1
-33 -3 1 1
-30 -33 0 1
-30 -33 -1 1
-31 -29 0 12
-32 -5 1 0
-27 -29 0 0
-49 14 5 1
-50 15 5 3
-52 15 6 1
-53 16 5 6
-52 14 6 0
-54 14 5 9
-3 -12 1 1
-3 -10 4 0
-3 -10 0 3
-52 19 7 1
-2 -10 -1 1
-2 -9 -1 1
-29 7 5 1
-28 -30 3 0
-26 -24 3 0
-18 -51 10 0
-27 1 4 1
-28 8 3 1
-29 9 4 10
-10 -3 -1 1
-9 -3 -1 1
-28 6 0 1
-32 7 4 1
-20 -35 1 1
-20 -36 3 1
-30 9 3 1
-26 -38 4 8
-23 7 0 1
-39 17 12 16
-27 -31 -1 1
-22 -35 1 2
-27 9 5 1
-59 5 7 0
-59 7 7 0
-60 7 6 0
-40 20 16 0
-42 22 16 0
-44 21 15 0
-1 -9 2 0
-44 20 16 0
-44 19 15 0
-43 19 16 0
-50 28 4 1
-49 28 3 1
-35 -20 3 0
-34 -19 3 0
-34 -19 4 0
-36 -21 5 0
-36 -21 2 0
-36 -21 1 0
-47 -2 -1 1
-23 5 5 0
-30 -10 4 1
-38 -6 13 0
-26 7 3 0
-22 7 6 1
-51 18 6 4
-56 -1 3 0
-6 -7 7 1
-36 17 8 0
-59 10 2 1
-9 -9 7 2
-12 -5 -1 1
-47 15 3 1
-49 15 3 19
-49 13 3 17
-49 11 4 3
-9 -10 0 1
-10 -10 0 1
-9 -9 1 2
-8 -9 5 5
-8 -10 4 1
-21 -52 6 4
-22 -53 5 1
-22 -53 6 1
-22 -53 7 1
-22 -52 7 1
-21 -53 5 1
-36 -5 1 16
-21 -53 7 1
-20 -53 5 1
-20 -53 6 1
-20 -53 7 1
-34 -6 3 3
-34 -5 1 8
-34 -5 2 8
-34 -5 3 3
-20 -52 4 1
-21 -49 8 0
-29 6 0 1
-28 7 4 1
-29 0 3 1
-22 -51 6 6
-22 -51 8 3
-23 -50 9 1
-22 -52 8 1
-22 -51 9 2
-21 -52 9 11
-20 -51 6 0
-20 -52 5 1
-19 -53 4 1
-19 -53 5 1
-19 -53 6 1
-19 -52 4 1
-23 -39 2 0
-40 16 13 1
-38 21 13 1
-44 25 3 1
-22 -50 6 1
-22 -50 7 1
-24 -49 5 1
-24 -49 6 1
-23 -49 4 1
-23 -49 5 1
-22 -51 7 4
-23 -50 8 2
-21 -52 8 7
-20 -52 6 0
-19 -51 6 0
-20 -50 5 0
-20 -50 4 0
-58 30 3 1
-39 18 14 0
-29 -1 1 1
-29 -1 2 1
-2 -15 2 1
-25 -51 5 1
-25 -51 6 1
-25 -51 7 1
-25 -50 5 1
-25 -50 6 1
-25 -50 7 1
-25 -49 5 1
-25 -49 6 1
-25 -49 7 1
-46 5 7 7
-20 -52 7 0
-46 0 6 0
-21 -51 2 1
-21 -50 2 1
-21 -49 2 1
-20 -51 2 1
-20 -50 2 1
-20 -49 2 1
-46 4 6 1
-48 4 7 2
-19 -49 2 1
-45 16 4 2
-45 0 6 0
-47 15 6 0
-45 15 7 2
-45 15 3 4
-24 -50 8 1
-24 -49 8 1
-24 -49 9 1
-23 -49 8 1
-23 -49 9 1
-21 -52 7 6
-22 -53 8 1
-21 -53 8 3
-20 -53 8 1
-19 -52 6 0
-19 -52 7 0
-26 -31 3 0
-21 -44 0 1
-18 -51 6 0
-23 -50 7 1
-22 -50 5 1
-20 -51 9 0
-20 -51 3 1
-21 -52 2 1
-20 -52 2 1
-19 -52 2 1
-44 0 6 0
-23 -40 2 1
-25 -34 3 1
-42 -3 1 1
-41 -5 1 1
-40 -5 1 1
-29 -22 -1 1
-28 -24 0 1
-42 20 9 1
-21 -50 8 0
-22 -50 8 1
-22 -50 9 1
-22 -53 9 1
-21 -53 9 3
-20 -53 9 1
-20 -51 4 1
-21 -52 3 1
-21 -51 3 1
-21 -50 3 1
-30 8 5 1
-19 -52 3 1
-19 -51 3 1
-19 -50 3 1
-29 8 5 1
-42 20 8 0
-43 2 6 0
-45 2 7 0
-28 8 5 1
-50 11 11 8
-49 10 12 7
-23 -50 10 1
-22 -52 10 1
-22 -51 10 1
-22 -50 10 1
-20 -52 8 1
-18 -53 8 1
-49 13 13 0
-18 -53 7 0
-51 15 1 1
-50 15 1 1
-49 15 1 1
-21 -50 9 0
-47 13 11 0
-21 -51 9 1
-22 -53 10 1
-21 -53 10 2
-21 -52 10 1
-21 -51 10 1
-22 -54 7 1
-22 -54 8 1
-49 1 5 0
-48 -1 5 0
-21 -54 8 1
-21 -54 9 1
-22 -54 10 1
-45 -1 6 0
-47 1 7 0
-20 -54 7 1
-18 4 6 1
-17 -3 2 1
-17 0 2 1
-18 0 2 1
-43 20 8 0
-47 6 10 1
-34 -11 4 0
0 -10 4 0
0 -9 4 0
-3 -9 4 0
-3 -12 4 0
0 -12 4 0
-21 1 0 1
-21 1 1 2
-20 1 0 11
-22 -3 1 4
-29 -22 0 1
-50 3 1 1
-13 -5 2 4
-27 -9 4 1
-32 -10 5 1
-41 21 7 0
-19 -36 1 1
-27 -33 3 1
-48 10 14 0
-34 -12 0 7
-45 17 3 9
-41 16 4 1
-12 0 2 36
-9 -2 5 1
-24 10 2 1
-24 10 1 1
-26 7 4 0
-27 5 4 0
-24 4 4 0
-55 15 2 1
-55 15 3 1
-54 15 2 1
-54 15 3 1
-53 15 2 8
-17 -47 6 0
-52 -2 5 0
-19 -46 7 0
-51 -3 5 0
-51 -3 6 0
-51 -1 7 0
-51 -1 4 0
-20 -49 7 0
-16 -6 4 1
-16 -5 4 1
-15 -7 4 1
-15 -6 4 1
-47 24 9 0
-17 -6 1 1
-47 24 8 0
-16 -8 3 1
-36 -26 4 0
-36 -25 5 0
-49 26 8 0
-50 25 10 0
-51 24 10 0
-51 22 9 0
-50 22 10 0
-49 22 9 0
-49 22 10 0
-17 -48 8 0
-48 22 10 0
-49 24 10 0
-19 -46 8 0
-20 -47 8 0
-20 -48 8 0
-20 -50 7 0
-20 -50 8 0
-20 -50 6 0
-19 -50 8 0
-17 -50 7 0
-17 -50 8 0
-17 -50 6 0
-48 23 10 0
-47 23 10 0
-47 25 9 0
-48 24 10 0
-47 25 10 0
-50 23 10 0
-49 23 10 0
-17 -49 8 0
-49 21 10 0
-21 -49 7 0
-47 22 10 0
-49 23 11 0
-19 -49 8 0
-19 -49 9 0
-15 10 9 1
-46 23 10 0
-46 23 11 0
-46 23 9 0
-47 24 11 0
-48 25 11 0
-50 24 11 0
-50 23 11 0
-50 22 11 0
-18 -47 8 0
-48 21 11 0
-48 21 9 0
-47 22 11 0
-18 -51 8 0
-18 -49 8 0
-18 -49 9 0
-47 23 11 0
-46 24 10 0
-48 24 11 0
-49 22 11 0
-48 22 11 0
-47 21 10 0
-16 -49 8 0
-20 -51 8 0
-19 -51 8 0
-20 -51 7 0
-17 -51 8 0
-17 -51 7 0
-18 -49 10 0
-41 -4 5 0
-35 10 8 0
-35 10 9 0
-35 11 9 0
-34 10 8 0
-41 -4 4 0
-34 11 8 0
-34 11 9 0
-16 -50 8 0
-34 12 9 0
-16 -50 7 0
-17 -48 9 0
-18 -48 9 0
-20 -50 9 0
-19 -51 9 0
-18 -52 8 0
-18 -51 9 0
-18 -52 7 0
-15 -13 5 0
-14 -13 5 0
-15 -12 5 0
-16 -11 7 0
-16 -12 5 0
-16 -11 5 0
-17 -12 5 1
-19 -12 5 2
-16 -15 5 1
-15 -14 5 0
-15 -15 5 0
-53 24 2 1
-52 24 2 1
-20 -1 4 4
-17 0 3 3
-18 1 4 1
-17 1 4 1
-18 1 -1 1
-17 1 -1 1
-16 1 -1 1
-42 6 4 0
-46 6 3 6
-46 6 4 6
-44 6 4 0
-44 6 5 0
-44 6 1 14
-25 -33 5 1
-19 -48 10 0
-32 6 0 1
-32 5 1 1
-32 5 0 1
-53 24 5 1
-53 24 6 1
-41 -8 1 5
-33 5 1 1
-33 5 0 1
-31 -2 4 4
-37 7 0 1
-37 6 0 1
-31 -2 3 1
-13 -3 2 0
-12 -3 2 1
-13 -3 3 0
-12 -2 1 2
-12 -1 1 1
-12 -1 2 47
-12 -1 3 13
-12 0 1 1
-42 6 5 0
-42 8 4 11
-42 8 5 17
-42 8 3 6
-44 9 4 10
-44 9 5 15
-44 9 3 4
-44 4 5 0
-42 5 4 0
-36 14 5 0
-37 15 7 0
-37 16 5 1
-38 16 5 1
-40 16 5 27
-41 14 5 26
-40 13 5 8
-38 12 5 39
-37 13 5 0
-13 -4 -1 1
-13 -3 -1 1
-13 -2 -1 1
-42 -7 0 13
-42 -7 -1 6
-43 -5 -1 1
-28 -2 -1 1
-43 -8 -2 1
-58 -3 1 0
-59 -3 1 0
-58 -4 3 0
1 -11 2 0
1 -11 1 1
-1 -13 2 0
-1 -13 3 1
-1 -13 1 1
-1 -11 4 0
-1 -11 0 73
0 -12 -1 1
0 -11 -1 1
0 -10 -1 1
-58 -4 2 0
-21 -36 6 1
-41 6 3 0
-42 5 0 1
-43 5 0 1
-50 7 5 1
-50 7 6 1
-50 7 7 1
-50 8 5 1
-50 8 6 1
-50 8 7 1
-50 9 6 1
-50 9 7 1
-52 9 5 1
-42 7 5 1
-41 7 5 1
-42 7 6 1
-36 -13 4 0
-19 4 2 4
-33 15 3 2
-33 15 4 1
-33 14 2 7
-34 11 2 3
-15 4 4 1
-23 7 4 0
-59 15 4 1
-43 8 15 0
-19 -51 7 0
-42 -8 5 0
-43 14 14 0
-44 -7 4 0
-39 -5 11 0
-38 8 2 3
-41 6 2 1
-40 5 2 1
-34 -25 3 0
-18 -49 7 0
-48 23 9 0
-21 -48 7 0
-38 -11 5 0
-19 -2 6 1
-18 -47 7 0
-60 10 3 1
-42 -3 6 0
-55 5 3 1
-64 15 3 1
-63 16 9 1
-38 15 7 1
-44 22 2 2
-41 3 5 0
-6 -8 7 3
-42 9 14 0
-43 -8 4 0
-58 13 3 1
-48 1 10 0
-50 7 2 1
-51 7 2 1
-25 5 5 0
-56 -1 5 0
-54 5 2 0
-1 -11 7 0
-19 -48 8 0
-17 -49 6 0
-29 -13 12 0
-29 -13 11 0
-37 -12 1 0
-55 10 8 1
0 -12 1 1
-37 -12 3 0
-19 -48 6 0
-49 3 8 8
-44 4 2 0
-34 -11 0 13
-9 -10 7 1
-49 1 10 0
-35 -23 4 0
-35 -23 3 0
-38 -23 3 0
-38 -24 4 0
-38 -24 3 0
-37 -25 4 16
-37 -25 5 1
-36 -24 4 0
-36 -24 3 0
-37 -23 5 0
-37 -23 6 0
-37 -23 2 0
-14 -2 1 1
-18 -49 6 0
-49 3 9 4
-33 13 2 3
-34 10 2 12
-32 10 3 1
-32 10 2 10
-34 5 4 1
-18 -6 -1 1
-18 -7 -1 1
-20 -7 -1 1
-16 -7 0 1
-38 7 5 13
-40 5 4 1
-18 -8 3 1
-18 -8 1 1
-11 0 0 1
-33 10 7 0
-46 9 2 1
-38 -25 4 0
-38 -25 3 0
-37 -25 3 21
-35 -25 4 0
-36 -25 3 0
-34 15 1 1
-3 -10 7 0
-3 -11 7 0
-3 -12 7 0
-1 -11 9 0
-47 -2 7 0
-31 -12 11 0
-29 12 3 5
-31 12 2 2
-31 13 3 3
-31 14 2 5
-31 10 3 1
-51 17 7 6
-52 13 6 1
-32 -11 9 0
-32 -11 13 0
-31 -12 12 0
-35 -24 4 0
-35 -24 3 0
-39 -24 4 0
-39 -24 3 0
-24 -17 0 5
-24 -17 1 1
-24 -18 -1 1
-24 -18 0 6
-24 -18 1 1
-24 -17 -1 1
-24 -16 -1 1
-24 -16 0 1
-24 -16 1 1
-26 -19 0 1
-49 10 1 1
-33 2 0 1
-32 2 0 1
-32 3 0 1
-32 4 0 1
-31 12 3 1
-32 12 2 7
-4 -12 5 1
-44 5 9 0
-44 -2 7 0
-4 -11 6 0
-26 -19 1 1
-27 -19 -1 1
-27 -19 0 1
-27 -19 1 1
-26 -19 -1 1
-25 -19 -1 1
-25 -19 0 4
-25 -19 1 1
-2 -10 7 0
-48 16 4 12
-40 11 13 1
-38 12 12 0
-39 6 4 36
-39 6 5 29
-39 6 3 25
-40 4 4 1
-40 5 5 1
-40 5 3 1
-40 6 6 1
-40 6 2 8
-32 -23 -1 1
-36 -7 7 1
-37 -7 7 1
-35 -1 7 1
-30 -24 1 1
-29 -9 0 1
-28 -9 0 1
-28 -9 1 1
-28 -9 2 1
-28 -8 2 1
-62 17 6 1
-38 -4 4 0
-37 -4 4 1
-39 -4 4 0
-38 -4 5 0
-38 -4 3 0
-38 -3 4 1
-38 -3 5 0
-39 -4 3 1
-38 -3 3 0
-23 -17 0 3
-23 -17 1 1
-29 -17 3 1
-29 -16 3 1
-28 -18 3 1
-28 -17 3 1
-28 -16 3 1
-24 -19 -1 1
-24 -19 0 4
-24 -19 1 1
-25 -17 2 0
-41 -4 3 1
-40 -5 4 0
-41 -6 4 0
-23 -18 0 5
-23 -18 1 1
-23 -19 -1 1
-23 -19 0 3
-23 -19 1 1
-23 -18 -1 1
-23 -17 -1 1
-23 -16 0 1
-23 -16 -1 1
-23 -16 1 1
-25 -20 0 1
-25 -18 2 0
-22 -18 1 1
-22 -19 -1 1
-22 -19 0 2
-22 -19 1 1
-22 -18 -1 1
-22 -18 0 3
-22 -17 -1 1
-22 -17 0 2
-22 -17 1 1
-26 -20 -1 1
-26 -20 0 1
-26 -20 1 1
-25 -20 -1 1
-25 -20 1 1
-24 -20 -1 1
-24 -20 1 1
-24 -20 0 4
-23 -20 -1 1
-23 -20 0 2
-23 -20 1 1
-24 -18 2 0
-24 -18 3 0
-22 -18 2 1
-21 -19 -1 1
-21 -19 0 2
-21 -19 1 2
-21 -18 -1 1
-21 -18 0 2
-21 -18 1 1
-21 -17 -1 1
-21 -17 0 3
-21 -17 1 1
-22 -17 2 0
-22 -16 -1 1
-22 -16 0 1
-22 -16 1 1
-24 -16 2 0
-25 -19 2 0
-24 -20 2 0
-25 -21 -1 1
-25 -21 0 1
-25 -21 1 1
-24 -21 -1 1
-24 -21 0 1
-24 -21 1 1
-23 -21 -1 1
-23 -21 0 1
-23 -21 1 1
-22 -20 1 1
-22 -19 2 1
-22 -20 -1 1
-22 -20 0 2
-48 -2 7 0
-50 28 7 1
-41 13 12 3
-19 -37 2 1
-32 -29 -1 7
-39 7 14 0
-23 3 1 5
-25 4 0 1
-45 14 13 1
-9 -1 4 1
-35 -23 2 0
-35 -24 2 0
-37 15 11 0
-21 -3 1 7
-21 -3 2 11
-36 4 5 0
-55 14 8 1
-39 7 1 1
-35 14 1 1
-34 12 8 0
-36 10 10 0
-56 13 5 1
-42 13 14 1
-42 13 15 0
-45 10 15 0
-42 10 14 2
-42 10 15 1
-57 10 2 1
-38 16 2 0
-49 15 7 1
-49 15 8 1
-51 15 7 0
-39 4 0 1
-39 5 0 1
-39 6 0 1
-33 1 0 1
-32 1 0 1
-42 11 14 12
-44 9 15 0
-44 9 14 0
-43 10 15 1
-44 11 16 0
-44 11 17 0
-44 11 12 4
-39 -6 1 1
-38 -13 -2 1
-41 11 15 1
-46 8 15 1
-46 8 16 1
-43 -8 6 0
-43 9 15 0
-43 9 14 0
-42 9 15 0
-39 -7 4 0
-43 11 16 0
-40 -9 3 0
-38 -9 5 0
-38 -9 6 0
-38 -9 0 4
-13 2 4 1
-30 -13 10 0
-38 -26 3 0
0 -9 0 1
-4 -12 1 1
-40 2 1 5
-50 29 2 1
-50 29 3 1
-50 29 4 1
-54 28 3 0
-55 29 3 4
-55 29 4 0
-56 32 1 1
-56 32 2 1
-56 32 3 1
-55 32 1 1
-41 -8 5 0
-55 32 3 1
-54 32 1 1
-54 32 2 1
-54 32 3 1
-56 28 1 1
-40 -7 3 0
-56 28 3 1
-40 -8 3 0
-38 -8 5 0
-38 -8 6 0
-38 -8 0 8
-42 11 15 1
-43 -11 1 1
-40 7 1 1
-53 14 3 2
-55 13 1 1
-50 3 16 0
-58 31 1 1
-36 -4 7 1
-43 -4 10 0
-43 -5 10 0
-42 -4 9 0
-42 -4 10 0
-43 -3 11 0
-13 -6 5 1
-43 -8 -1 3
-43 -8 0 5
-17 -48 6 0
-16 5 5 1
-48 2 10 0
-47 1 10 0
-41 11 3 1
-40 14 2 5
-50 19 6 9
-19 -6 4 0
-42 13 5 1
-63 20 0 1
-42 13 7 1
-42 22 13 0
-48 3 10 11
-40 22 15 5
-17 -48 4 0
-18 -46 6 0
-19 -46 6 0
-21 -48 6 0
-50 1 10 0
-41 2 5 0
-39 1 5 0
-41 21 16 0
-64 15 4 1
-42 17 14 0
-45 19 16 0
-56 30 2 1
-23 -6 1 0
-37 5 4 1
-44 2 10 0
-45 4 10 0
-47 4 9 4
-47 4 8 1
-47 2 10 0
-47 0 9 0
-45 1 10 0
-38 4 8 0
-51 22 2 3
-45 -10 -3 1
-52 27 2 1
-49 26 6 1
-46 26 5 1
-54 11 8 1
-41 -3 8 0
-56 11 6 1
-46 15 6 1
-30 6 7 1
-30 7 7 1
-30 8 7 1
-13 -58 9 1
-51 -3 4 0
-40 13 11 13
-15 -60 10 1
-40 12 9 1
-36 13 3 1
-39 16 12 9
-44 5 5 0
-43 8 8 1
-43 8 6 1
-2 -9 7 0
-11 -59 11 0
-14 -62 11 0
-13 -62 12 0
-11 -62 11 0
-28 2 3 8
-17 -2 0 5
-65 20 5 0
-11 -61 11 0
-11 -61 12 0
-11 -59 12 0
-14 -62 12 0
-13 -63 11 0
-11 -62 12 0
-13 -61 13 0
-13 -61 10 1
-41 12 4 1
-41 -3 10 0
-42 -3 11 0
-41 -3 11 0
-30 5 7 1
-37 -20 2 0
-38 -18 1 0
-39 -18 1 0
-40 -20 1 0
-39 -21 1 0
-38 -22 2 0
-38 -22 1 0
-38 -20 1 0
-38 -20 0 0
-4 -20 1 1
-5 -20 2 0
-4 -21 -1 1
-4 -21 0 1
-4 -21 1 1
-4 -20 -1 1
-4 -20 0 2
-4 -19 -1 1
-4 -19 0 8
-4 -19 1 1
-5 -18 2 0
-4 -18 -1 1
-4 -18 0 1
-4 -18 1 1
-6 -18 2 0
-7 -17 -1 1
-7 -17 0 3
-7 -17 1 1
-6 -17 -1 1
-6 -17 0 5
-6 -17 1 1
-5 -17 -1 1
-5 -17 0 3
-5 -17 1 1
-8 -18 2 0
-8 -20 2 0
-6 -21 2 0
-4 -22 1 1
-3 -23 0 1
-3 -23 1 1
-3 -23 2 1
-3 -22 0 1
-3 -22 1 1
-3 -22 2 1
-5 -21 2 0
-38 -13 0 0
-37 -12 -2 1
-40 0 3 1
-43 0 2 1
-42 0 3 0
-45 11 12 1
-45 11 11 4
-47 10 12 0
-47 10 11 3
-24 -31 4 0
-35 -20 0 0
-4 -19 2 0
-3 -20 -1 1
-3 -20 0 1
-3 -20 1 3
-3 -19 -1 1
-3 -19 0 4
-3 -19 1 1
-3 -18 -1 1
-3 -18 0 4
-3 -18 1 1
-4 -17 -1 1
-4 -17 0 6
-4 -17 1 1
-6 -17 2 0
-7 -16 -1 1
-7 -16 0 1
-7 -16 1 1
-6 -16 -1 1
-6 -16 0 5
-6 -16 1 1
-5 -16 -1 1
-5 -16 0 4
-5 -16 1 2
-7 -18 2 0
-8 -17 -1 1
-8 -17 0 1
-8 -17 1 1
-8 -19 2 0
-6 -19 2 0
-6 -19 3 0
-4 -18 2 0
-3 -17 -1 1
-2 -19 -1 1
-2 -19 0 1
-2 -19 1 5
-2 -18 -1 1
-2 -18 0 5
-2 -18 1 1
-2 -17 -1 1
-2 -17 0 4
-2 -17 1 1
-4 -17 2 0
-4 -16 -1 1
-4 -16 0 4
-4 -16 1 1
-3 -17 0 3
-3 -17 1 1
-3 -16 -1 1
-3 -16 0 3
-3 -16 1 1
-5 -17 2 0
-7 -17 2 0
-8 -16 -1 1
-8 -16 0 1
-8 -16 1 2
-3 -21 1 1
-2 -22 0 1
-2 -22 1 1
-2 -22 2 1
-2 -21 0 1
-2 -21 1 1
-2 -21 2 1
-4 -20 2 0
-3 -21 -1 1
-3 -21 0 1
-5 -18 3 0
-3 -18 2 0
-5 -16 2 0
-6 -15 -1 1
-6 -15 0 4
-6 -15 1 1
-5 -15 -1 1
-5 -15 0 3
-5 -15 1 1
-9 -16 0 1
-9 -16 1 1
-9 -16 2 1
-9 -15 0 1
-9 -15 1 1
-9 -15 2 1
-8 -15 0 1
-8 -15 1 1
-8 -15 2 1
-3 -21 2 1
-2 -20 0 1
-2 -20 1 1
-2 -20 2 1
-18 5 1 1
-18 5 2 2
-45 13 10 1
-44 12 10 1
-44 13 10 1
-16 5 0 1
-16 5 1 1
-16 5 2 1
-18 5 3 2
-18 5 4 1
-17 5 3 1
-17 5 4 1
-16 5 3 1
-16 5 4 1
-59 14 6 1
-60 13 7 1
-60 12 8 1
-60 13 8 1
-60 14 8 1
-59 12 7 1
-46 8 10 1
-59 13 7 1
-59 13 8 1
-59 14 7 1
-59 14 8 1
-33 11 2 33
-61 13 3 1
-61 14 3 1
-60 12 3 1
-47 1 13 0
-48 2 12 0
-47 1 12 0
-35 -7 6 1
-51 20 5 1
-51 20 6 1
-51 20 7 1
-45 13 6 1
-45 13 7 1
-16 -9 3 3
-44 13 5 1
-30 -7 0 1
-30 -7 1 13
-30 -7 2 10
-31 -7 0 1
-32 -7 1 1
-32 -7 2 0
-33 -6 1 1
-33 -6 2 0
-32 -11 2 1
-31 -11 0 4
-31 -11 1 2
-31 -11 2 1
-32 -8 -1 1
-32 -7 -1 1
-42 2 1 3
-19 0 -1 1
-19 -46 9 0
-63 13 3 0
-21 -48 9 0
-18 -46 7 0
-18 -46 8 0
-59 -5 0 2
-57 -6 0 1
-42 3 1 3
-56 -3 0 0
-55 -3 0 0
-55 -1 1 0
-55 -2 1 0
-56 -2 0 0
-55 -2 0 0
-57 -2 0 0
-57 -1 0 0
-58 -2 0 0
-58 -3 0 0
-59 -3 0 0
-58 -4 1 0
-57 -4 0 0
-57 -5 0 0
-55 -4 1 0
-56 -4 0 0
-55 -4 0 0
-54 -3 0 0
-54 -3 1 0
-55 -1 0 0
-56 -1 0 0
-58 -1 0 0
-58 -5 0 1
-58 -5 -1 2
-56 -5 0 0
-56 -5 1 0
-56 -6 -1 1
-56 -3 -2 1
-53 -3 0 0
-54 -1 0 0
-54 -2 1 0
-54 -2 0 0
-55 -5 0 0
-55 -5 1 0
-54 -4 0 0
-54 -4 1 0
-55 -3 -2 2
-18 -45 6 0
-19 -45 7 0
-59 12 3 2
-20 -44 5 0
-21 -45 5 0
-37 -11 -2 1
-19 -44 5 0
-19 -45 6 0
-18 -45 5 0
-19 -44 6 0
-20 -43 5 0
-15 -6 0 1
-22 -44 5 0
-22 -47 5 0
-22 -47 4 0
-53 -3 1 0
-34 -25 4 0
-36 -27 4 0
-19 -43 5 0
-17 -4 1 0
-23 -45 4 0
-18 -8 4 1
-19 -42 4 0
-20 -42 5 0
-19 -42 3 0
-21 -42 5 0
-23 -44 4 0
-20 6 1 1
-20 6 2 4
-20 6 3 1
-41 -13 3 0
-30 -6 3 1
-19 6 3 1
-18 6 1 1
-19 7 4 1
-18 6 3 1
-20 4 4 1
-20 5 2 3
-30 11 2 7
-31 13 2 5
-33 9 4 1
-36 17 7 0
-36 17 2 14
-22 0 2 2
-22 0 3 1
-22 0 0 1
-19 2 4 0
-35 14 2 3
-33 8 2 16
-49 20 3 1
-53 24 3 1
-35 9 2 6
-55 6 3 2
-57 28 4 0
-53 25 2 1
-34 10 6 0
-33 10 5 0
-41 17 7 1
-37 14 5 0
-48 19 3 1
-38 17 6 21
-21 5 4 1
-47 20 3 2
-39 13 6 4
-39 13 5 8
-38 13 6 1
-38 13 5 1
-44 15 3 1
-42 15 6 2
-34 -21 3 0
-11 -4 0 10
-34 9 6 0
-33 8 5 0
-41 3 8 0
-40 3 7 0
-40 2 7 0
-40 3 8 0
-40 2 8 0
-38 3 7 0
-37 15 6 0
-37 15 5 0
-42 20 3 1
-45 15 2 1
-12 -1 4 3
-11 -2 4 1
-11 -1 4 11
-16 -5 2 4
-46 16 2 2
-46 17 2 1
-15 -4 3 12
-42 17 3 1
-15 -4 4 5
-56 8 3 1
-38 11 4 35
-35 10 3 1
-35 10 2 1
-17 -2 4 5
-18 -5 3 1
-18 -4 -1 1
-17 -6 -1 1
-17 -5 -1 1
-17 -4 -1 1
-10 0 4 1
-10 -10 5 1
-10 -9 4 1
-9 -10 4 1
-35 9 3 2
-35 9 4 1
-32 9 3 1
-32 9 4 1
-31 8 2 10
-9 -9 0 1
-8 -10 0 1
-26 -1 0 2
-26 -1 1 1
-6 -12 5 1
-31 -31 -2 1
-26 -2 4 1
-6 -11 6 7
-25 -3 3 2
-25 -3 4 1
-28 -30 -2 1
-27 -31 -2 1
-25 -1 3 5
-25 -1 4 1
-57 1 4 1
-48 3 8 0
-47 3 8 0
-50 3 8 0
-27 -4 4 1
-29 -1 -1 1
-49 2 8 0
-49 1 8 0
-48 2 8 0
-48 1 8 0
-49 3 6 12
-63 14 9 1
-5 -12 8 1
-5 -12 9 1
-5 -11 8 1
-5 -11 9 1
-44 17 1 1
-42 5 11 0
-4 -11 8 0
-24 -3 1 1
-3 -12 8 0
-34 -10 12 0
-25 -31 -1 1
-47 3 7 0
-49 4 8 4
-40 2 -1 1
-51 1 8 0
-50 2 7 0
-39 2 -1 1
-49 2 7 0
-49 1 7 0
-48 2 7 0
-48 1 7 0
-14 -5 0 1
-14 -5 1 48
-14 -5 2 5
-14 -4 0 1
-10 -4 2 0
-33 -27 -2 1
-10 -3 3 1
-12 -2 0 1
-12 -1 0 1
-36 -18 1 0
-49 4 7 8
-51 1 7 0
-15 -2 0 4
-15 -2 1 1
-15 -2 2 1
-42 3 2 1
-17 -1 1 1
-58 -3 6 0
-18 -7 3 1
-13 -7 0 1
-57 -5 5 0
-34 -28 -2 1
-34 -27 -2 1
-12 -7 0 1
-47 2 0 1
-11 -8 1 3
-11 -8 2 1
-51 3 6 0
-10 -6 2 0
-10 -6 3 0
-49 4 6 4
-12 -4 0 2
-11 -5 -1 1
-50 3 6 0
-50 2 6 0
-51 2 6 0
-49 2 6 0
-20 -49 4 0
-30 15 2 1
-44 -3 3 0
-54 0 5 0
-39 15 14 1
-38 -14 0 0
-35 -7 11 0
-36 5 4 1
-60 11 4 0
-32 -11 11 0
-53 15 7 12
-50 15 4 25
-35 -12 12 0
-37 -10 11 0
-49 23 9 0
-16 -4 1 1
-51 5 5 41
-14 -5 3 5
-50 -3 0 1
-50 -2 0 1
-50 -2 1 1
-14 -3 2 1
-14 -3 3 1
-14 -3 4 1
-17 -5 1 1
-17 -5 2 1
-18 -3 -1 1
-17 -3 -1 1
-16 -5 -1 1
-16 -4 -1 1
-16 -3 -1 1
-10 -3 2 1
-11 -3 3 1
-15 -6 5 1
-14 -6 5 1
-53 12 10 0
-26 -1 3 1
-25 -1 1 7
-47 2 7 0
-28 1 1 5
-50 4 5 35
-29 2 1 1
-29 2 2 2
-28 2 0 1
-28 2 1 8
-28 2 2 8
-27 1 0 2
-27 1 1 21
-27 1 2 16
-27 2 0 1
-27 2 1 12
-27 2 2 5
-28 1 0 2
-29 1 -1 1
-29 2 -1 1
-28 1 -1 1
-28 2 -1 1
-27 1 -1 1
-27 2 -1 1
-29 0 1 0
-35 -28 -1 1
-50 2 5 0
-35 -27 -2 1
-35 -27 -1 2
-35 -27 0 2
-35 -26 -2 1
-31 2 0 1
-48 -5 1 0
-30 1 -1 1
-49 -4 -1 2
-49 -3 -1 2
-30 2 1 1
-48 -4 -1 9
-48 -3 -1 4
-48 -2 -1 1
-47 -4 -1 1
-18 -1 3 2
-17 -6 0 1
-48 19 6 1
-43 4 4 0
-35 6 4 1
-51 3 13 0
-53 3 13 0
-35 -15 -1 1
-24 -3 2 1
-24 -3 3 1
-24 -2 1 1
-24 -2 3 1
-24 -2 0 2
-24 -3 -1 1
-24 -2 -1 1
-24 -1 -1 1
-23 -3 -1 1
-23 -3 0 3
-23 -2 -1 1
-23 -2 0 1
-23 -1 -1 1
-26 1 2 11
-25 0 3 4
-25 0 4 1
-25 1 3 4
-25 1 4 1
-25 1 0 3
-26 2 -1 1
-25 1 -1 1
-25 2 -1 1
-25 2 0 1
-25 2 1 8
-24 0 -1 1
-24 1 -1 1
-24 1 0 1
-24 2 -1 1
-47 26 2 1
-47 26 3 1
-47 26 4 1
-46 26 2 1
-46 26 3 2
-27 10 6 4
-27 11 6 2
-27 12 6 1
-26 10 6 3
-26 11 6 1
-45 9 10 1
-45 10 10 1
-38 -19 5 0
-33 -8 4 0
-33 -5 6 0
-38 -20 3 0
-30 -5 4 0
-30 -5 6 0
-44 20 1 1
-43 19 2 6
-40 -19 4 0
-40 9 3 1
-38 14 8 0
-33 -14 11 0
-47 22 9 0
-42 19 1 1
-15 -22 0 1
-16 -25 0 2
-17 -26 -1 1
-17 -26 0 1
-17 -26 1 1
-17 -25 -1 1
-17 -25 0 1
-17 -24 0 1
-16 -26 -1 1
-16 -24 0 1
-11 -24 1 1
-11 -24 2 0
-9 -23 -1 1
-9 -23 0 2
-9 -23 1 1
-9 -22 -1 1
-9 -22 0 2
-9 -22 1 1
-11 -26 1 1
-11 -26 2 0
-9 -28 -1 1
-9 -28 0 1
-9 -28 1 1
-9 -27 -1 1
-9 -27 0 1
-9 -27 1 1
-61 10 7 0
-61 10 1 2
-62 9 0 1
-61 9 0 1
-60 9 0 1
-60 10 0 1
-60 11 0 1
-46 11 13 0
-43 -5 0 13
-42 -5 0 65
-42 -1 1 4
-38 -3 0 19
-38 -4 0 9
-26 -33 4 0
-47 10 13 0
-47 9 12 31
-47 9 11 1
-26 -31 5 0
-43 7 8 1
-42 3 6 0
-50 26 9 0
-43 5 7 0
-58 11 7 1
-61 12 4 0
-61 8 4 0
-43 4 7 0
-42 4 7 0
-42 5 7 0
-14 -1 1 3
-45 4 7 0
-44 2 7 0
-42 2 6 0
-43 3 7 0
-42 3 7 0
-42 2 5 0
-44 4 7 0
-13 0 1 1
-13 0 2 33
-14 -2 0 28
-15 2 0 1
-15 2 1 7
-15 2 2 4
-10 -25 1 1
-10 -25 2 1
-8 -26 -1 1
-8 -26 0 2
-8 -26 1 1
-8 -25 -1 1
-8 -25 0 3
-8 -25 1 1
-8 -24 -1 1
-8 -24 0 2
-8 -24 1 1
-11 -21 -1 1
-12 -25 3 0
-11 -26 -1 1
-11 -25 -1 1
-20 3 0 2
-20 3 1 2
-19 2 -1 1
-58 10 5 1
-58 10 4 0
-57 11 4 5
-18 3 -1 1
-57 11 6 1
-21 0 1 5
-20 0 0 2
-20 0 1 7
-7 -4 2 0
-57 11 7 1
-57 12 7 1
-57 10 3 1
-20 -1 -1 1
-57 12 3 1
-30 -13 6 0
-60 8 5 0
-40 -11 0 0
-40 -11 1 0
-17 5 5 1
-16 -2 4 1
-16 -1 4 1
-16 0 4 7
-30 2 2 1
-30 2 3 1
-30 2 4 1
-43 6 6 1
-13 1 4 10
-40 14 7 13
-40 13 7 6
-38 12 6 18
-38 14 5 0
-43 -12 -3 1
-42 -12 -3 1
-41 -12 -3 1
-25 8 0 1
-53 26 3 1
-43 1 4 0
-26 -30 -1 1
-42 2 -1 1
-44 -1 5 0
-47 14 6 0
-47 16 4 24
-35 19 5 26
-4 -5 7 1
-53 -1 1 0
-50 1 1 2
-55 11 7 3
-28 -12 8 1
-27 -13 7 1
-27 -13 8 1
-10 -24 1 1
-10 -24 2 0
-10 -23 2 0
-15 -28 1 1
-15 -27 -1 1
-15 -27 0 1
-14 -28 1 1
-14 -27 -1 1
-12 -28 0 1
-11 -29 -1 1
-11 -29 0 1
-11 -29 1 1
-10 -26 1 1
-10 -26 2 1
-12 -24 3 1
-13 -23 -1 1
-31 -12 7 0
-31 -11 7 0
-32 -12 8 0
-32 -12 7 0
-32 -14 8 0
-31 -13 7 0
-16 4 1 1
-37 16 6 1
-38 16 6 21
-18 4 4 3
-17 4 3 3
-17 4 4 1
-40 13 6 2
-16 4 4 1
-31 -18 5 0
-60 27 4 0
-58 24 4 5
-59 23 5 1
-59 24 5 1
-58 23 5 1
-58 24 5 1
-57 23 5 1
-41 3 10 0
-42 4 11 0
-36 11 2 10
-36 9 6 1
-46 21 1 1
-46 20 1 1
-45 20 2 3
-46 22 4 1
-44 -6 -2 1
-45 -4 -2 1
-45 -5 -2 2
-61 27 4 3
-62 26 5 1
-62 27 5 1
-62 28 5 1
-61 26 5 1
-61 27 5 1
-61 28 5 1
-59 25 4 0
-45 -6 -2 1
-46 -4 -2 1
-46 -5 -2 1
-46 -6 -2 1
-28 -12 2 3
-28 -11 2 1
-29 -10 3 1
-32 -15 0 1
-32 -15 1 1
-31 -15 1 1
-30 -15 -1 1
-30 -15 0 3
-30 -15 1 1
-29 -15 -1 1
-29 -15 0 6
-29 -15 1 1
-29 -31 -1 1
-3 -13 1 1
-45 16 15 0
-45 17 9 0
-16 -6 5 1
-7 -13 7 1
-7 -12 7 1
-7 -11 7 1
-27 -40 6 1
-21 -37 4 0
-53 -5 2 0
-5 -12 7 2
-42 4 6 0
-23 -41 2 0
-45 -4 4 0
-46 -3 2 1
-35 13 11 0
-24 -33 2 1
-11 -4 1 0
-13 -6 0 1
-22 -4 -1 1
-34 1 0 1
-34 1 1 1
-14 -54 9 0
-61 29 4 1
-60 29 4 1
-60 28 4 1
-61 29 5 1
-28 -14 0 5
-27 -15 -1 1
-27 -15 0 7
-27 -15 1 1
-27 -14 -1 1
-27 -14 0 2
-27 -14 1 1
-27 -13 -1 1
-27 -13 0 3
-27 -13 1 3
-28 -14 1 1
-28 -15 -1 1
-28 -15 0 5
-28 -15 1 1
-28 -14 -1 1
-27 -12 -1 1
-27 -12 0 1
-27 -12 1 1
-27 -11 -1 1
-27 -11 0 1
-27 -11 1 1
-29 -11 3 1
-28 -12 3 1
-28 -11 3 1
-27 -13 3 1
-27 -12 2 1
-27 -12 3 1
-27 -11 2 1
-27 -11 3 1
-30 -16 0 2
-30 -16 1 1
-40 4 1 1
-40 5 0 1
-40 5 1 1
-39 3 0 3
-25 -33 1 1
-29 -28 2 0
-41 16 2 4
-35 0 4 4
-38 -4 -1 1
-38 -3 -1 1
-37 -4 0 10
-37 -4 1 1
-42 -3 -1 1
-42 -2 -1 1
-42 -1 -1 1
-43 -4 1 5
-43 -2 1 4
-42 -4 -1 1
-37 -20 3 0
-41 -14 1 0
-15 4 5 1
-38 17 2 4
-62 29 4 1
-62 29 5 1
-63 25 4 2
-63 26 4 1
-63 27 4 1
-63 25 5 1
-40 6 0 1
-40 7 0 1
-41 -5 0 49
-42 -5 1 1
-41 -6 1 1
-27 -13 2 2
-31 -16 1 1
-30 -16 -1 1
-29 -16 -1 1
-29 -16 1 2
-29 -16 0 5
-28 -16 -1 1
-28 -16 0 6
-28 -16 1 3
-27 -16 -1 1
-27 -16 0 10
-27 -16 1 1
-29 -14 3 0
-21 -35 0 1
-38 9 1 1
-24 6 3 0
-39 2 0 8
-33 -26 -3 1
-28 -24 3 0
-29 4 1 1
-40 8 1 1
-21 0 2 7
-7 -13 9 1
-57 -3 6 0
-22 4 5 0
-13 0 5 1
-15 -54 9 1
-17 -54 10 1
-22 7 2 1
-42 11 1 1
-46 -3 1 12
-57 -2 6 0
-22 -34 3 1
-41 14 3 27
-20 -36 1 1
-62 26 2 5
-21 2 4 0
-61 30 2 1
-54 9 9 0
-55 10 9 0
-47 4 14 1
-56 9 9 0
-61 30 1 1
-3 -8 2 1
-27 -15 2 0
-26 -16 -1 1
-26 -16 0 7
-26 -16 1 1
-26 -15 -1 1
-26 -15 0 1
-26 -15 1 1
-26 -14 -1 1
-26 -14 0 1
-26 -14 1 1
-26 -13 0 1
-26 -13 1 1
-26 -13 2 1
-26 -12 0 1
-26 -12 1 1
-26 -12 2 1
-26 -14 3 1
-26 -13 3 1
-26 -12 3 1
-31 -15 2 0
-30 -16 2 1
-31 -17 -1 1
-31 -17 0 1
-31 -17 1 1
-30 -17 -1 1
-30 -17 0 1
-30 -17 1 1
-29 -17 -1 1
-29 -17 1 1
-29 -16 2 1
-29 -17 0 1
-28 -17 -1 1
-28 -17 0 1
-28 -17 1 2
-28 -16 2 1
-27 -17 -1 1
-27 -17 0 8
-27 -17 1 5
-29 -15 2 1
-29 -15 3 0
-34 -6 7 0
-33 -7 7 0
-34 -8 6 0
-34 -7 7 0
-33 -6 8 0
-34 -8 7 0
-34 -6 8 0
-32 14 5 1
-37 11 15 0
-37 11 14 0
-47 -3 6 0
-37 14 13 0
-43 11 7 1
-38 12 13 0
-37 8 6 1
-40 8 2 1
-30 13 5 1
-40 9 6 1
-39 2 2 1
-39 2 3 1
-39 1 2 1
-39 1 1 11
-37 0 2 1
-37 0 3 1
-37 -1 1 3
-35 0 1 1
-37 2 4 0
-37 2 1 16
-32 15 5 1
-42 5 9 0
-42 6 0 1
-44 -2 8 0
-47 10 5 1
-41 14 16 0
-14 0 1 3
-14 0 2 27
-50 23 3 1
-50 9 5 1
-27 -22 1 1
-47 25 1 1
-53 11 5 2
-50 23 2 3
-33 -27 0 4
-55 11 4 3
-52 8 5 2
-52 8 6 2
-32 -27 -1 1
-32 -27 0 3
-32 -27 1 1
-35 1 1 1
-50 10 5 4
-52 10 6 4
-51 10 4 7
-53 11 6 7
-53 12 5 1
-55 12 5 4
-55 12 4 11
-53 10 4 8
-42 18 14 0
-42 5 2 0
-40 -15 2 0
-38 -14 1 0
-26 -4 4 1
-2 -8 6 1
-50 10 4 8
-52 12 5 1
-52 11 6 6
-38 -12 -2 1
-30 -10 1 1
-45 -7 -1 4
-1 -11 6 0
-37 -10 12 0
-2 -12 6 0
-46 19 2 1
-38 14 1 1
-45 18 15 0
-39 -1 1 2
-36 -2 2 18
-36 -2 3 9
-40 7 7 8
-42 7 7 1
-41 7 8 1
-34 7 1 3
-34 8 1 1
-43 10 8 34
-43 10 6 10
-44 8 7 7
-44 7 7 4
-44 7 6 2
-44 6 8 1
-43 6 7 0
-43 5 8 0
-32 15 4 1
-43 7 9 1
-37 -9 5 0
-38 -7 2 0
-42 7 8 1
-42 8 8 8
-41 9 8 1
-43 10 9 41
-44 8 8 15
-44 7 8 5
-43 6 8 0
-41 6 8 0
-41 6 7 0
-43 7 10 1
-51 11 5 1
-50 11 4 4
-53 12 6 4
-55 13 5 1
-55 13 4 2
-53 11 4 11
-41 9 9 1
-44 9 8 20
-44 9 9 25
-44 8 9 34
-44 6 9 1
-43 6 9 0
-42 7 9 1
-41 6 9 0
-43 8 9 1
-33 7 5 0
-43 8 7 1
-36 6 0 1
-36 7 0 1
-36 8 0 1
-35 6 0 1
-35 7 0 1
-35 8 0 1
-34 6 0 1
-34 7 0 1
-34 8 0 1
-45 8 8 2
-44 6 10 0
-43 6 10 0
-41 6 10 0
-43 8 11 1
-35 -5 4 8
-37 -5 2 1
-36 -6 2 30
-36 -5 2 25
-35 -7 2 1
-35 -6 2 23
-35 -5 2 4
-39 -10 5 0
-37 -10 5 0
-38 -8 2 0
-41 7 10 0
-52 14 7 0
-17 -6 2 1
-40 20 15 0
-52 -5 2 0
-54 6 4 21
-44 16 12 1
-7 -8 7 1
-40 8 9 1
-42 8 10 1
-42 9 10 0
-42 10 9 16
-42 10 11 26
-43 9 9 27
-44 7 9 4
-42 6 9 0
-42 7 10 0
-42 6 10 0
-41 7 9 1
-42 8 11 0
-16 -1 1 0
-47 5 2 12
-16 -2 2 1
-26 3 2 3
-32 13 4 0
-29 13 4 1
-13 2 0 1
-46 5 4 21
-37 -1 4 0
-50 26 6 1
-55 23 3 1
-37 -12 4 0
-38 0 5 0
-40 8 10 0
-41 10 10 1
-21 3 5 0
-42 10 10 24
-42 11 11 39
-42 11 9 32
-42 8 12 0
-23 4 2 1
-65 18 3 0
2 -12 -1 1
-36 -24 2 0
-44 7 15 1
-53 11 8 1
-37 -9 11 0
-62 16 5 2
-36 -11 11 0
-40 9 10 0
-40 9 11 0
-45 -7 1 1
-41 10 11 1
-40 11 9 16
-42 11 10 37
-44 9 10 45
-44 9 11 33
-43 7 11 0
-42 7 11 0
-41 7 11 0
-42 9 11 1
-42 9 12 0
-37 10 1 1
-36 10 1 1
-35 10 1 1
-62 10 6 0
-43 17 2 6
-58 11 4 6
-58 11 5 5
-58 11 6 3
-58 12 4 1
-58 12 5 1
-58 12 6 1
-38 17 7 4
-58 13 5 1
-40 11 10 1
-37 -1 5 1
-43 10 11 39
-43 9 11 51
-40 8 11 0
-50 17 7 1
-58 -2 2 0
-22 5 2 4
-30 -13 8 1
2 -12 1 1
-16 0 3 23
-57 -1 3 0
-34 4 0 1
-48 19 8 0
-63 14 3 1
-63 15 4 3
0 -8 0 1
-12 -62 13 0
-51 27 1 1
-5 -12 -1 1
-16 -1 -1 1
-1 -9 0 5
-25 -1 0 1
-46 14 14 0
-59 -4 3 0
-57 -5 3 0
-40 10 10 1
-39 10 10 1
-37 9 1 1
-36 9 1 1
-35 9 1 1
-40 11 11 1
-41 12 10 8
-41 12 11 8
-41 12 9 4
-41 8 11 0
-41 10 12 1
-41 10 7 6
-24 8 6 1
-45 7 11 9
-52 7 3 5
-54 5 9 1
-19 5 0 1
-50 15 2 5
-49 15 2 1
-47 22 5 1
-53 16 1 1
-52 16 1 1
-47 20 4 8
-52 16 3 14
-51 16 1 1
-54 11 2 1
-19 4 4 1
-19 3 4 1
-43 16 4 44
-31 11 4 0
-38 18 4 26
-40 13 15 1
-41 14 15 1
-21 -42 4 0
-22 -41 5 0
-16 -3 1 1
-23 -42 4 0
-43 13 11 1
-14 -6 1 1
-34 12 1 1
-30 10 4 1
-32 14 2 1
-28 -20 4 0
-63 13 7 0
-62 12 4 0
-63 11 4 0
-63 11 6 0
-63 11 5 0
-63 12 5 0
-64 12 4 0
-46 16 6 1
-47 16 5 1
-47 16 6 1
-37 14 9 0
-37 14 10 0
-37 14 8 0
-37 15 9 0
-37 15 10 0
-37 15 8 0
-39 16 9 1
-39 16 10 1
-24 -36 2 1
-23 -36 5 1
-28 -36 4 0
-20 -39 3 0
-54 15 4 1
-21 -38 4 0
-21 -38 2 0
-22 -37 2 1
-24 -38 2 0
-24 -41 2 0
-22 -41 2 0
-21 -41 2 0
-22 -39 0 1
-54 17 7 1
-63 16 6 2
-54 16 6 1
-54 16 8 1
-62 16 6 3
-64 18 5 0
-41 8 5 26
-67 17 4 0
-41 5 6 0
-41 5 5 0
-46 20 7 1
-29 -31 4 0
-51 4 5 7
-12 -2 -1 1
-12 -3 -1 1
-12 -4 -1 1
-28 -36 5 1
-28 -35 5 1
-28 -34 5 1
-43 10 4 5
-27 -36 5 1
-27 -40 2 1
-52 -3 1 0
-51 -3 1 0
-52 -3 2 0
-52 -3 0 0
-51 0 1 1
-52 -1 2 0
-51 -1 0 1
-41 6 4 0
-43 8 4 1
-46 6 5 6
-46 6 6 2
-53 -5 1 0
-21 -37 2 0
-51 3 5 0
-42 4 4 0
-21 -40 2 0
-24 -40 -1 1
-24 -39 -1 1
-53 -3 3 0
-53 -3 -2 1
-25 -37 6 1
-28 -32 -1 1
-28 -32 0 3
-37 11 3 1
-37 19 2 1
-50 -4 -2 1
-36 8 2 12
-45 3 10 0
-48 14 8 1
-48 1 0 1
-49 0 5 0
-41 15 6 1
-49 -1 5 0
-51 8 1 1
-36 7 3 18
-36 7 4 26
-36 7 2 7
-33 7 3 1
-33 7 4 1
-33 7 2 12
-47 0 7 0
-20 -56 9 1
-49 -2 1 4
-49 -1 0 1
-46 3 9 0
-48 14 11 0
-48 12 9 0
-22 -37 -1 1
-56 11 9 0
-54 -1 2 0
-10 -5 0 22
-54 16 4 1
-54 -4 2 0
-51 16 4 1
-51 -4 2 0
-54 13 2 15
-52 -3 3 0
-52 -3 4 0
-52 -3 -2 1
-25 10 2 1
-26 -36 6 1
-25 -36 6 1
-24 -37 6 1
-24 -36 6 1
-26 -35 6 1
-25 -35 6 1
-24 -35 6 1
-27 -38 6 1
-55 11 3 2
-55 11 2 2
-53 9 3 1
-53 9 2 0
-50 9 3 1
-50 -2 2 1
-22 -37 5 2
-22 -36 4 1
-22 -36 5 1
-48 -2 1 21
-50 -1 2 1
-51 -2 3 0
-55 13 3 1
-55 13 2 1
-52 -2 3 0
-56 11 2 3
-52 -4 3 0
-51 -3 3 0
-8 -6 2 0
-7 -6 2 0
-8 -6 3 0
-7 -6 1 0
-11 -5 1 0
-12 -5 4 1
-11 -6 1 0
-9 -9 2 4
-10 -10 1 1
-10 -10 2 1
-10 -10 3 1
-10 -9 3 1
-9 -10 1 1
-9 -10 2 1
-9 -10 3 1
-8 -10 1 2
-8 -10 2 1
-8 -10 3 1
-9 -9 4 5
-25 -38 7 0
-15 3 5 1
-26 -38 0 1
-26 -37 0 1
-25 -39 0 1
-25 -38 0 1
-51 6 7 1
-36 -28 1 1
-34 -24 -3 1
-34 -23 -3 1
-37 -17 1 0
-36 -10 0 7
-38 1 7 0
-41 10 16 0
-40 7 8 1
-34 -12 1 1
-27 -40 3 1
-52 26 4 1
-35 -7 4 1
-33 4 1 1
-32 2 1 1
-32 3 1 1
-47 15 5 1
-51 12 10 0
-50 13 10 0
-51 13 11 0
-21 -55 13 0
-39 3 1 16
-36 13 12 0
-31 -15 0 1
-64 19 3 1
-60 19 1 1
-37 18 2 1
-45 3 5 0
-48 15 7 0
-41 17 9 1
-45 14 9 1
-45 15 9 1
-55 10 3 1
-43 14 9 1
-43 14 10 1
-44 15 9 5
-43 15 9 1
-54 8 2 1
-51 8 3 4
-52 9 2 2
-44 4 1 3
-39 16 7 6
-46 -3 6 0
-12 1 5 1
-40 7 9 1
-12 2 5 1
-56 10 4 0
-56 10 2 1
-52 8 3 2
-52 8 2 5
-25 8 6 1
-25 9 6 2
-30 -20 5 0
-46 16 10 0
-47 17 11 0
-23 8 5 1
-43 18 10 0
-13 2 5 1
-45 16 9 1
-55 5 7 1
-57 4 6 1
-56 4 7 1
-40 6 4 1
-42 7 2 2
-45 -3 3 0
-55 12 1 1
-45 -3 2 1
-28 -26 2 0
-52 15 4 1
-42 15 9 1
-38 7 4 32
-35 0 5 2
-2 -6 5 1
-43 21 5 8
-45 20 5 13
-45 19 5 2
-46 19 7 1
-46 19 4 18
-45 17 5 3
-43 19 7 1
-43 19 3 1
-4 -6 5 2
-39 18 3 7
-29 -19 3 0
-17 -49 10 0
-17 1 5 1
-16 -57 9 1
-15 -58 9 1
-35 -11 0 6
-20 -44 8 0
-48 -2 3 0
-48 -2 2 1
-49 -1 2 1
-50 0 3 0
-50 0 2 1
-54 3 1 4
-39 18 7 1
-38 18 7 1
-40 19 2 1
-40 20 2 1
-39 19 2 1
-39 20 2 1
-38 19 2 1
-36 -11 0 8
-44 15 2 1
-44 16 2 4
-43 15 2 2
-18 7 2 1
-49 -6 -2 1
-49 -5 -1 1
-49 -5 0 1
-47 -6 -1 2
-46 -7 -1 3
-36 -15 -2 1
-36 -14 -2 1
-36 -10 11 0
-38 16 1 1
-38 17 1 1
-34 -10 11 0
-35 -10 12 0
-35 -10 11 0
-36 -9 13 0
-36 -9 10 0
-36 -9 9 0
-43 5 3 0
-43 5 4 0
-43 5 2 0
-43 6 3 0
-43 6 4 0
-43 6 2 0
-45 7 3 15
-45 7 4 31
-45 7 2 1
-43 3 3 0
-38 9 3 2
-52 6 2 12
-52 6 4 15
-54 7 1 4
-55 5 2 0
-56 5 4 18
-46 -6 3 0
-39 13 1 1
-38 13 1 1
-37 13 1 1
-38 9 2 5
-39 9 3 40
-38 9 4 1
-52 6 1 1
-54 6 2 0
-56 5 2 0
-56 5 3 1
-56 4 2 23
-56 4 3 6
-56 2 2 0
-56 2 3 1
-37 14 3 0
-45 20 3 1
-35 16 4 1
-35 16 6 1
-37 17 2 2
-35 15 2 3
-50 3 3 1
-45 18 1 1
-45 19 1 1
-21 6 0 1
-47 13 1 1
-54 15 1 1
-53 15 1 1
-41 11 5 1
-41 12 3 1
-50 11 1 1
-41 11 2 1
-41 12 2 3
-40 11 2 4
-40 12 2 4
-39 11 2 10
-39 10 6 1
-19 -1 6 1
-37 8 5 19
-37 9 4 1
-37 9 5 1
-37 9 3 1
-39 10 4 8
-39 10 5 3
-13 3 2 1
-32 9 6 0
-37 16 2 3
-36 15 2 1
-41 12 6 1
-41 10 3 1
-41 10 4 1
-41 10 5 1
-40 10 3 1
-40 10 4 1
-31 12 5 0
-41 10 2 1
-40 10 2 1
-39 10 2 1
-39 12 1 1
-38 12 1 1
-37 12 1 1
-54 16 2 1
-54 16 3 1
-53 16 2 2
-34 1 3 1
-52 15 5 1
-51 13 2 10
-52 14 1 1
-37 9 8 0
-36 9 8 0
-36 9 9 0
-45 19 3 4
-36 9 4 1
-43 14 3 1
-25 -39 4 3
-24 -40 3 0
-47 1 0 1
-49 12 10 1
-50 0 5 0
-50 1 5 0
-21 -34 2 1
-24 -38 0 1
-29 -25 1 1
-48 0 7 0
-49 13 10 0
-47 0 0 1
-46 2 0 1
-45 3 0 1
-32 -11 5 1
-20 -52 11 0
-36 -22 2 0
-38 18 13 1
-49 1 13 0
-46 21 3 1
-24 -34 -1 1
-23 -34 -1 1
-53 28 5 1
-56 24 2 3
-56 24 3 3
-56 24 4 1
-56 25 2 9
-56 25 3 8
-56 25 4 5
-56 26 2 2
-56 26 3 1
-56 26 4 1
-56 24 5 1
-56 25 5 1
-56 26 5 1
-56 24 1 1
-56 25 1 1
-56 26 1 1
-29 -18 3 1
-35 -4 4 10
-36 -4 5 1
-44 3 0 1
-25 -36 0 2
-51 16 8 1
-50 3 4 0
-29 -12 8 1
-16 -49 9 0
-40 -7 2 0
-47 -1 2 1
-53 10 10 0
-39 18 2 1
-31 -15 10 0
-28 -9 5 1
-43 16 7 1
-3 -8 -1 1
-32 -22 -1 1
-31 10 5 0
-32 11 5 0
-28 -26 0 1
-28 -26 -1 1
-29 -25 2 0
-27 -11 4 1
-27 -12 4 1
-28 -10 4 1
-7 -12 0 1
-2 -9 3 0
-2 -9 2 0
-30 -26 2 0
-39 -12 6 0
-42 22 14 0
-45 21 2 2
-41 23 2 1
-42 22 2 1
-39 9 15 0
-27 -10 4 2
-41 10 17 0
-40 9 16 0
-16 -56 10 38
-39 8 15 0
-19 -4 -1 1
-19 -5 -1 1
-35 -12 3 0
-35 -12 4 0
-35 -12 2 0
-37 -10 2 0
-38 -10 2 0
-38 -13 2 0
-37 -14 2 0
-35 -13 3 0
-35 -13 4 0
-35 -13 2 0
-37 -12 5 0
-37 -12 0 2
-38 -13 -1 1
-38 -12 -1 2
-37 -13 -1 1
-37 -12 -1 1
-36 -13 -1 3
-36 -12 -1 1
-32 0 2 1
-30 -4 4 0
-36 15 12 0
-36 15 11 0
-39 2 6 0
-42 -9 4 0
-42 -9 3 0
-41 -10 4 0
-41 -10 3 0
-40 -11 3 0
-40 -9 5 0
-40 -9 6 0
-40 -9 2 1
-25 -34 2 5
-23 -36 4 1
-37 -4 3 1
-39 -2 3 1
-17 -53 10 0
-17 -53 8 1
-17 -51 10 0
-61 19 3 3
-30 -12 5 0
-29 -13 6 1
-21 -5 0 1
-21 -5 4 0
-21 -5 3 0
-21 -7 1 0
-21 -7 2 0
-19 -3 1 11
-18 -2 4 2
-18 -2 3 7
-18 -3 4 2
-18 -3 3 11
-18 -4 4 1
-19 -5 1 1
-19 -5 2 1
-17 -51 11 0
-40 -4 6 0
-39 15 11 9
-28 -27 -1 0
-33 -30 -2 1
-27 -29 -2 1
-36 1 3 0
-57 -2 7 0
-50 2 8 0
-50 1 8 0
-32 -11 10 0
-39 19 5 4
-38 -4 2 1
-38 -3 2 1
-39 -3 2 1
-41 -3 2 1
-41 -4 2 1
-41 -6 2 0
-28 -31 3 1
-27 -32 4 0
-26 -33 3 1
-46 11 11 12
-25 -32 3 1
-25 -32 4 0
-24 -32 4 0
-46 9 14 2
-26 -31 0 1
-30 -2 2 29
-48 12 13 0
-45 11 13 1
-48 11 12 0
-47 11 13 0
-48 11 11 3
-46 9 10 1
-48 12 11 0
-49 12 12 0
-32 -2 3 1
-31 -3 3 3
-47 11 12 0
-47 12 12 0
-47 12 11 12
-43 -1 2 1
-48 10 12 64
-47 10 14 0
-47 10 10 0
-27 -33 4 0
-48 10 11 12
-39 17 5 21
-41 15 5 28
-41 15 4 11
-41 12 5 1
-49 11 12 44
-39 15 2 11
-49 11 11 14
-35 -14 -1 1
-37 -9 0 5
-37 -9 1 1
-36 -9 0 7
-36 -9 1 1
-35 -9 -1 1
-28 -6 3 1
-27 -6 3 1
-27 -5 3 3
-27 -4 3 2
-29 -3 1 1
-30 -4 2 1
-32 -23 -2 1
-33 -24 -3 1
-31 -1 2 5
-30 -1 2 5
-32 -24 -3 1
-32 -23 -3 1
-29 -2 2 1
-29 -1 0 2
-31 -23 -3 1
-31 -22 -3 1
-30 -3 1 3
-46 12 12 1
-46 12 11 6
-48 12 12 0
-29 -3 0 6
-27 -7 0 1
-27 -7 1 1
-27 -7 2 1
-23 -32 3 0
-48 10 13 13
-44 11 11 2
-25 -33 3 1
-48 10 10 6
-25 -33 4 0
-24 -33 3 1
-24 -33 4 0
-25 -32 5 0
-25 -32 0 2
-48 9 12 7
-49 12 11 1
-29 -23 1 1
-29 -24 -1 1
-33 9 1 1
-39 -5 1 1
-39 -12 -1 1
-32 9 1 1
-32 9 2 4
-32 10 1 1
-39 -10 0 1
-31 -21 -1 1
-27 -3 3 13
-28 -3 0 2
-28 -3 1 10
-31 0 2 3
-37 -2 0 2
-20 -1 1 6
-20 -1 2 8
-20 -1 3 8
-19 -1 3 4
-6 -5 0 1
-5 -6 0 1
-33 -25 2 0
-33 -25 0 1
-31 -25 1 1
-31 -25 2 0
-31 -26 0 17
-30 -27 -1 1
-30 -27 0 2
-30 -27 1 1
-30 -2 1 20
-33 11 1 1
-39 -1 0 2
-33 7 1 1
-28 -2 1 1
-28 -2 2 1
-38 -5 1 1
-32 -1 2 1
-28 -5 -1 1
-28 -4 -1 1
-28 -3 -1 1
-37 -2 -1 1
1 -10 3 0
-35 -5 3 1
-35 -6 4 9
-39 5 1 3
-39 6 1 2
-37 2 0 1
-36 2 0 1
-35 2 0 1
-35 -6 3 12
-36 -5 5 10
-36 -5 4 6
-36 -5 3 5
-59 6 3 0
-57 3 4 1
-30 -10 0 1
-34 -2 7 1
-30 -10 2 2
-30 -9 0 1
-30 -9 1 1
-30 -9 2 1
-48 3 13 5
-39 -14 1 0
-40 -14 2 0
-40 -14 1 0
-31 9 5 0
-31 -9 0 1
-31 -8 0 2
-33 -7 2 0
-32 10 6 0
-46 16 7 1
-47 17 7 1
-46 17 7 1
-37 -3 5 2
-48 16 7 1
-48 16 8 0
-47 16 3 1
-47 17 3 1
-31 -14 11 0
-47 3 12 0
-49 2 12 0
-50 1 12 0
-29 -13 4 1
-48 13 5 1
-38 -14 3 0
-42 20 4 1
-31 5 4 1
-31 5 3 1
-7 -7 3 0
-7 -7 4 1
-6 -13 5 1
-6 -13 6 1
-47 -1 3 13
-49 -3 4 0
-46 -3 4 0
-46 -3 3 0
-48 -1 1 8
-6 -11 9 1
-4 -15 0 4
-20 -49 10 0
-44 7 4 5
-38 15 6 1
-36 14 6 0
-37 14 6 0
-25 -28 3 0
-21 -47 9 0
-43 -7 0 8
-20 -47 9 0
-1 -15 3 1
-15 -53 12 0
-40 -8 1 1
-47 -3 5 0
-46 -2 4 1
-46 -2 5 0
-47 -1 1 10
-1 -14 0 7
-21 -49 11 0
-21 -49 10 0
-33 -12 1 1
-19 -47 9 0
-33 -12 -1 1
-50 14 5 1
-51 15 5 1
-52 13 5 1
-51 13 5 1
-63 17 5 2
-39 -12 -2 1
-49 1 3 3
-39 -13 -2 1
-2 -8 5 1
-36 -2 7 1
-66 19 3 1
-31 -28 -2 1
-40 -4 5 0
-37 -13 -2 1
-47 3 3 0
-47 4 3 11
-47 4 4 12
-47 4 2 9
-49 0 3 1
-49 0 2 1
-63 17 4 3
-19 -47 8 0
-35 -5 7 1
-38 1 4 0
-35 -1 1 2
-35 -1 3 6
-15 -1 1 1
-15 0 2 2
-17 1 1 5
-31 1 4 1
-30 1 2 1
-18 3 3 5
-17 3 2 1
-28 -1 4 0
-28 -1 0 5
-16 3 3 2
-18 1 0 4
-18 2 0 2
-18 2 1 6
-18 2 2 4
-17 1 0 9
-17 2 0 1
-17 2 1 20
-16 1 1 19
-16 2 0 1
-16 2 1 12
-44 3 7 0
-17 -1 4 2
-18 -2 5 1
-18 -1 5 1
-18 0 5 1
-17 -2 5 1
-46 -6 0 1
-46 -6 1 1
-41 3 6 0
-16 -1 5 1
-42 11 8 29
-18 0 -1 1
-17 0 -1 1
-59 10 5 0
-59 10 6 1
-59 10 4 0
-62 13 3 1
-52 19 2 1
-60 9 6 0
-54 14 4 10
-51 11 4 15
-44 -6 2 1
-43 -6 2 1
-28 13 6 1
-28 13 5 1
-45 -4 5 0
-45 -4 6 0
-43 -5 5 0
-42 -4 6 0
-42 11 6 1
-42 11 2 1
-29 13 6 1
-29 13 5 1
-49 14 4 14
-50 16 6 1
-52 16 5 23
-52 16 6 17
-53 14 5 5
-53 14 6 4
-52 14 5 1
-52 13 4 3
-51 14 2 6
-39 14 14 1
-43 8 1 2
-34 14 1 1
-45 -2 6 0
-60 9 5 0
-2 -5 7 1
-48 24 2 1
-39 10 3 8
-35 16 3 1
-38 6 4 26
-44 18 5 1
-52 2 2 0
-40 11 12 1
-43 -6 5 0
-53 6 2 4
-40 -17 3 0
-37 -17 4 0
-35 7 6 1
-49 15 5 1
-49 15 6 1
-49 15 4 14
-49 16 5 1
-52 16 4 21
-27 3 5 1
-53 15 6 13
-38 -16 5 0
-36 12 13 0
-38 9 7 1
-33 15 5 1
-33 16 3 1
-33 16 4 1
-33 16 5 1
-33 16 2 1
-39 12 3 1
-38 11 1 1
-37 11 1 1
-29 3 4 1
-29 4 3 1
-38 10 14 0
-18 -49 4 0
-35 -2 7 1
-17 -6 4 1
-40 16 10 1
-27 -35 -1 1
-51 8 13 1
-51 18 3 7
-9 0 4 1
-41 21 14 0
-37 17 13 1
-36 -20 3 0
-31 -8 3 11
-38 -19 6 0
-30 -8 3 3
-30 -7 3 3
-24 4 0 1
-6 -12 7 1
-6 -13 7 1
-23 3 0 1
-23 2 0 1
-38 2 6 0
-43 2 3 0
-22 3 0 1
-43 22 6 1
-42 22 6 1
-31 -5 4 0
-32 -4 5 0
-32 -4 6 0
-32 -4 4 0
-34 -4 4 9
-35 -3 4 3
-35 -3 5 35
-34 -4 3 3
-44 -1 1 11
-34 -3 4 7
-34 -3 5 1
-33 -3 3 1
-34 -6 6 0
-34 13 8 0
-35 13 6 0
-42 14 5 1
-42 14 6 1
0 -13 2 1
-40 -20 4 0
-39 -21 4 0
-39 -21 3 0
-38 -22 4 0
-38 -22 3 0
-37 -21 4 0
-36 -21 4 0
-37 -21 3 0
-36 -21 3 0
-38 -20 5 0
-38 -20 6 0
-38 -20 2 0
-21 -4 3 2
-22 -4 3 1
-31 -4 5 0
-21 -4 0 3
-31 -4 4 0
-25 -6 1 1
-25 -6 2 1
-25 -6 3 1
-26 -6 4 1
-39 19 6 1
-39 20 4 1
-39 20 5 1
-24 -5 0 1
-40 18 3 1
-23 -5 2 0
-23 -5 1 0
-38 11 5 38
-44 23 4 2
-23 -4 -1 1
-43 23 3 1
-22 -3 -1 1
-43 23 5 1
-42 23 3 1
-42 23 4 1
-42 23 5 1
-33 -4 4 4
-33 -3 4 1
-34 -5 6 0
-33 -7 4 0
-29 -6 3 1
-33 -5 7 0
-33 -5 3 1
-22 2 1 1
1 -10 2 0
1 -10 1 1
-35 -21 4 0
-30 3 3 1
-29 1 1 1
-29 0 -1 1
-37 -22 4 0
-37 -23 4 0
-37 -22 3 0
-37 -23 3 0
-36 -22 4 0
-36 -22 3 0
-37 -21 5 0
-37 -21 6 0
-45 -3 5 0
-45 -3 1 7
-30 -4 3 1
-30 -3 3 1
-30 -3 4 1
-30 -3 5 1
-30 -2 3 8
-30 -2 4 2
-30 -2 5 1
-36 -3 4 7
-44 -2 5 0
-36 -3 6 5
-35 -2 5 26
-35 -2 6 3
-22 2 0 1
-23 0 4 1
-54 10 11 0
-43 -1 -1 1
-33 13 6 0
-34 15 5 3
-35 15 6 12
-35 16 8 5
-35 15 5 32
-35 -22 4 0
-35 -22 3 0
-39 -23 4 0
-38 -23 4 0
-39 -23 3 0
-32 -3 6 0
-32 -1 3 1
-33 -6 0 1
-34 -12 2 0
-43 -11 2 1
-37 -22 6 0
-47 -4 3 0
-47 -4 2 1
-33 -2 5 1
-34 -3 6 1
-33 -4 6 0
-44 0 -1 1
-20 -4 1 1
-20 -4 2 1
-20 -4 3 1
-20 -3 1 4
-20 -3 3 6
-20 -2 1 4
-20 -2 2 2
-20 -2 3 1
-20 -4 0 1
-20 -3 0 1
-20 -2 0 1
-21 -5 2 0
-21 -5 1 0
-43 -12 2 0
-44 -13 -1 1
-44 -13 0 1
-44 -13 1 2
-43 -13 -1 1
-35 -3 6 11
-36 -3 3 2
-41 -14 0 0
-39 -13 1 0
-39 -13 0 0
-41 -12 2 0
-41 -12 -2 3
-42 -13 -3 1
-41 -13 -3 1
-40 -13 -3 1
-30 -28 -1 1
-32 -28 1 1
-14 -24 1 3
-13 -24 1 2
-14 -24 2 1
-13 -24 2 1
-12 -22 0 4
-12 -22 1 9
-12 -22 2 3
-12 -21 0 1
-12 -21 1 1
-12 -21 2 1
-14 -21 4 1
-13 -22 4 1
-13 -21 4 1
-12 -23 4 1
-12 -22 3 3
-12 -22 4 1
-12 -21 3 1
-12 -21 4 1
-15 -25 1 1
-15 -26 1 0
-15 -25 2 1
-15 -26 2 0
-15 -24 0 2
-16 -25 -1 1
-15 -25 -1 1
-14 -25 -1 1
-14 -24 -1 1
-14 -23 -1 1
-36 1 7 0
-37 2 7 0
-38 -1 7 0
-37 0 7 0
-30 3 4 1
-25 0 -1 1
-57 30 3 1
-47 26 5 1
-22 -49 3 2
-20 -48 4 0
-18 -48 4 0
-61 18 4 1
-40 -2 9 0
-39 -3 6 0
-18 -47 5 0
-47 25 5 1
-18 -46 5 0
-49 25 6 1
-9 -3 1 1
-40 -3 7 0
-44 -8 1 3
-41 -3 7 0
-28 5 4 1
-28 5 5 1
-28 6 5 1
-28 7 5 1
-42 -2 6 0
-39 -1 7 0
-39 -2 6 0
-55 6 1 5
-56 6 1 2
-56 4 1 6
-38 -2 8 0
-38 -2 7 0
-50 16 7 0
-50 18 4 5
-50 18 7 2
-35 17 1 1
-51 24 4 1
-57 31 2 1
-38 4 4 1
-41 18 4 1
-53 4 1 2
-54 6 1 4
-57 6 2 0
-57 3 2 0
-55 3 1 0
-41 22 12 3
-39 20 12 10
-57 5 4 14
-48 21 5 1
-50 21 6 5
-43 -9 -2 1
-39 -2 8 0
-39 -2 7 0
-40 -2 8 0
-40 -1 8 0
-40 -2 7 0
-40 -1 7 0
-41 -10 0 1
-44 -11 0 2
-58 28 1 1
-58 28 2 5
-45 22 5 8
-19 -49 5 0
-49 27 2 1
-49 26 2 3
-47 26 6 1
-51 28 1 1
-44 14 1 1
-43 14 1 1
-36 -24 5 0
-28 -22 -1 1
-21 -47 5 0
-20 -47 5 0
-32 14 1 1
-52 21 3 2
-63 13 5 0
-54 5 1 11
-54 6 3 1
-55 7 2 0
-57 6 3 1
-57 5 2 0
-57 5 3 1
-57 5 1 3
-55 5 1 1
-42 -9 1 1
-53 16 8 1
-35 -23 -1 0
-58 31 2 2
-58 31 3 1
-64 16 5 1
-54 9 8 0
-52 3 3 6
-53 10 8 1
-49 23 6 0
-49 -5 1 0
-49 26 3 4
-18 -47 4 0
-63 17 6 2
-63 18 6 2
-37 4 2 4
-29 8 4 16
-40 -6 11 0
-40 12 6 1
-35 -13 -2 1
-38 -3 7 0
-43 10 14 1
-48 24 4 1
-46 24 4 1
-51 -2 0 1
-51 0 0 1
-50 0 0 1
-49 -4 -2 1
-49 -3 -2 1
-49 -2 -2 1
-48 -4 -2 1
-48 -3 -2 2
-48 -2 -2 1
-47 -4 -2 1
-47 -3 -2 1
-47 -2 -2 1
-43 3 2 0
-43 -8 1 1
-1 -4 5 1
-1 -5 6 2
-20 -49 5 0
-54 17 8 1
-38 3 5 0
-54 4 1 1
0 -7 0 1
0 -7 -1 1
-44 9 1 1
-2 -8 -1 1
-15 1 1 10
-3 -6 5 1
2 -11 -1 1
-19 -5 3 1
-37 5 5 1
-56 6 2 0
-56 7 2 0
-58 5 2 0
-40 -13 4 0
-40 -14 4 0
-40 -13 3 0
-40 -14 3 0
-39 -14 4 0
-39 -14 3 0
-38 -14 4 0
-47 0 3 1
-47 0 4 1
-47 0 2 1
-39 -12 2 0
-14 1 0 1
-31 4 3 1
-36 -3 7 1
2 -11 0 4
-37 10 4 1
-41 -5 13 0
-56 7 3 1
-56 7 1 2
-58 5 3 1
-57 4 2 3
-57 4 3 1
-57 4 1 0
-36 7 5 13
-48 25 5 23
-41 -10 -2 1
-44 3 4 0
-46 3 3 0
-46 3 4 0
-46 3 2 1
-18 7 1 1
-48 4 2 7
-48 1 3 0
-48 1 2 1
-46 1 4 0
-46 1 5 0
-3 -13 3 0
-1 -7 2 1
0 -7 2 1
-2 -12 5 0
-1 -12 4 0
-1 -10 5 0
-2 -9 5 0
-4 -11 5 0
-1 -8 5 0
-1 -8 4 0
-5 -13 5 1
-4 -13 3 1
-3 -12 5 0
-5 -10 5 1
-4 -13 8 1
-7 -8 5 1
-3 -5 7 1
-15 -59 9 1
-15 -59 10 10
-14 -59 9 1
-28 -9 4 2
-48 4 6 1
-49 -1 -1 1
-48 -1 -1 1
-47 -1 -1 1
-28 -9 6 1
-28 -8 4 1
-28 -8 5 1
-49 -4 0 1
-48 -6 0 1
-28 -8 6 1
-30 -9 5 4
-51 16 7 1
-35 8 5 1
-53 14 8 1
-54 14 6 14
-51 12 7 3
-51 14 4 15
-31 -9 4 2
-31 -8 5 8
-31 -8 6 1
-26 -29 3 0
-54 0 3 0
-29 9 5 1
-21 -51 8 1
-46 14 11 1
-19 -53 8 1
-49 13 11 0
-21 -51 7 1
-49 -6 1 0
-50 -5 -2 1
-53 18 6 1
-50 -3 -2 1
-53 18 8 1
-52 18 6 1
-52 18 7 1
-52 18 8 1
-51 18 8 1
-53 18 5 1
-52 18 5 1
-22 -54 9 1
-53 16 7 6
-54 14 7 14
-49 -5 3 0
-50 -2 -2 1
-5 -8 2 0
-4 -8 1 1
-3 -6 1 1
-3 -6 2 1
-3 -6 3 1
-36 12 10 0
-35 12 10 0
-3 -5 3 1
-3 -7 4 3
-3 -6 4 1
-3 -5 4 1
-37 11 11 0
-37 12 10 0
-3 -5 0 1
-6 -6 2 1
-6 -6 3 2
-6 -6 1 1
-44 13 6 1
-44 13 7 1
-44 14 5 1
-44 14 6 1
-50 -5 3 0
-9 -11 1 1
-31 10 0 1
-7 -12 1 1
-7 -12 2 1
-7 -12 3 1
-6 -12 1 1
-6 -12 2 1
-6 -12 3 1
-5 -12 1 7
-5 -12 2 6
-5 -12 3 3
-7 -12 4 1
-6 -12 4 1
-5 -12 4 3
-5 -11 4 2
-37 12 3 1
-38 12 3 1
-5 -11 1 3
-5 -11 2 4
-39 11 10 1
-39 11 11 0
-39 12 10 1
-39 12 11 1
-41 13 10 7
-41 13 9 5
-42 12 10 8
-42 12 11 3
-41 9 11 1
-39 9 10 0
-48 21 4 1
-36 14 13 0
-41 11 12 18
-45 14 7 1
-51 -1 -2 1
-50 -1 -2 1
-49 -1 -2 1
-44 14 8 1
-44 15 8 7
-44 13 4 1
-44 14 4 1
-47 17 8 0
-48 18 3 2
-47 18 3 3
-46 16 3 6
-46 17 3 5
-46 18 3 3
-21 -54 7 1
-48 -1 6 0
-47 -1 5 0
-47 -1 6 0
-21 -54 10 1
-38 11 3 3
-38 10 3 24
-44 1 4 0
-35 18 7 1
-38 20 14 2
-32 -9 6 1
-32 -9 5 1
-49 1 6 0
-20 0 3 1
-50 12 11 1
-20 0 4 1
-38 6 3 24
-35 17 6 16
-22 -39 3 1
-37 17 7 3
-37 17 4 20
-38 3 3 1
-34 7 5 0
-36 8 6 1
-32 -11 7 0
-50 12 10 1
-32 -25 -1 1
-44 15 7 7
-46 14 8 1
-45 15 8 1
-44 16 8 13
-14 -55 9 1
-32 -24 -1 1
-35 17 3 14
-35 19 3 14
-36 19 3 14
-37 18 3 15
-52 12 6 12
-38 12 10 1
-38 12 11 0
-39 13 10 1
-52 -2 4 0
-13 -57 9 1
-52 -2 -2 1
-36 9 3 1
-15 -60 9 1
-14 -60 9 1
-34 7 2 11
-40 12 10 1
-34 9 5 0
-3 -5 2 1
-36 14 10 0
-37 14 11 0
-36 6 5 1
-35 7 5 1
-13 -60 9 1
-37 11 10 0
-37 10 10 0
-3 -7 0 1
-20 -52 3 1
-42 14 12 9
-39 15 15 0
-50 11 13 4
-47 13 12 0
-20 -52 9 1
-20 -52 10 0
-40 15 14 1
-49 -2 10 0
-36 10 5 0
-38 12 4 1
-36 8 4 20
-36 8 5 10
-51 1 6 0
-38 10 2 4
-47 0 12 0
-47 0 8 0
-47 13 9 0
-37 9 2 4
-34 7 4 1
-51 -2 5 0
-37 3 2 1
-36 -5 8 0
-62 24 5 1
-37 6 4 106
-62 24 1 1
-61 24 3 1
-61 24 4 0
-61 24 2 4
-57 22 2 1
-57 22 3 1
-57 22 4 1
-56 22 2 1
-43 18 15 0
-56 22 4 1
-43 18 16 0
-43 19 17 0
0 -10 1 1
-56 23 5 1
-2 -12 3 0
-57 22 1 1
-56 22 1 1
-59 25 5 0
-2 -10 4 0
-2 -10 0 24
-1 -11 -1 1
-1 -10 -1 1
-1 -9 -1 1
-58 8 7 0
-58 9 6 0
-1 -11 2 0
0 -11 2 0
0 -11 3 0
-60 23 2 5
-60 25 5 0
-61 24 1 1
-61 25 1 1
-3 -12 -1 1
-2 -12 -1 1
-1 -12 -1 1
-33 -15 3 0
-33 -16 4 0
-56 7 7 0
-23 -35 0 1
-27 7 0 1
-27 7 1 7
-27 7 2 1
-37 18 12 1
-28 -31 2 9
-28 4 1 4
-28 4 0 1
-25 4 3 1
-27 4 2 2
-27 13 3 1
-61 23 3 1
-60 22 3 1
-61 21 2 10
-61 21 3 1
-61 21 4 1
-61 22 2 6
-61 22 3 1
0 -9 1 1
-60 21 2 4
-43 17 16 0
-60 21 4 2
-59 21 2 1
-59 21 3 1
-59 21 4 1
-60 22 2 4
-61 21 1 1
-42 17 15 0
-60 21 1 1
-60 22 1 1
-43 20 16 0
-59 22 1 1
-58 22 2 1
-42 17 16 0
-58 22 4 1
-59 22 5 1
-27 4 1 6
-26 4 2 1
-27 -28 5 0
-52 20 5 1
-52 20 6 1
-46 16 12 0
-28 -31 0 3
-33 -10 2 1
-34 -8 2 0
-37 14 2 1
-27 6 2 1
-27 6 1 4
-25 4 2 1
-29 -28 3 0
-60 26 4 0
-60 26 2 1
-64 24 2 4
-64 24 3 1
-64 24 4 1
-64 25 2 1
-64 25 3 1
-64 25 4 1
-64 26 2 1
-64 26 3 1
-64 26 4 1
-11 -7 5 1
-64 25 5 1
-64 26 5 1
-62 23 3 1
-62 23 4 0
-62 23 2 5
-58 21 2 1
-58 21 3 1
-58 21 4 1
-57 21 2 1
-57 21 3 1
-57 21 4 1
-25 5 3 0
-23 5 0 1
-57 7 6 1
-56 5 6 27
-2 -7 7 1
-47 11 4 19
-34 -15 4 0
-49 10 6 1
-59 7 4 1
-59 7 6 0
-47 12 4 22
-29 6 4 2
-46 18 13 0
-60 29 2 2
-60 29 3 1
-50 16 1 1
-49 16 1 1
-29 6 3 4
-6 2 7 1
-31 -26 -2 2
-27 10 5 6
-24 5 3 0
-38 20 12 3
-44 22 4 3
-48 14 4 25
-44 21 3 6
-44 -7 1 4
-44 -7 0 9
-30 -31 1 1
-39 10 16 0
-29 4 4 1
-46 13 6 2
-28 -23 4 0
-48 25 2 2
-22 -35 2 2
-7 -6 7 0
-22 -35 3 1
-28 -25 1 1
-42 18 10 14
-23 2 3 1
-53 18 2 1
-53 18 3 1
-52 18 2 1
-61 25 3 1
-64 23 2 7
-64 23 3 10
-44 22 3 6
-64 23 5 1
-63 23 5 1
-64 23 1 1
-64 24 1 1
-43 22 5 1
-41 16 7 1
-50 0 4 0
-37 -3 6 1
-35 -17 1 0
-35 -17 2 0
-26 -5 1 2
-26 -5 2 1
-26 -5 3 1
-51 2 3 0
-50 2 2 0
-34 -16 4 0
-34 -16 3 0
-33 -17 4 0
-33 -17 3 0
-26 5 2 1
-26 5 1 4
-26 5 0 1
-26 4 0 1
-39 -1 6 0
-27 5 1 3
-11 -2 -1 1
-27 5 0 1
-46 20 11 0
-26 4 1 3
-40 17 6 1
-40 17 7 1
-40 18 6 1
-40 18 7 1
-40 19 6 1
-40 19 7 1
-42 21 4 2
-42 21 5 1
-42 21 3 2
-42 22 3 3
-42 22 4 4
-42 22 5 2
-33 -10 4 1
-42 16 3 2
-44 2 4 0
-46 2 4 0
-32 -10 3 1
-46 -1 4 1
-31 -10 3 5
-31 -14 -2 1
-31 -14 -1 1
-60 19 2 1
-37 3 3 1
-37 3 4 1
-61 19 4 1
-60 19 4 1
-63 21 4 0
-28 -22 1 1
-36 -26 -2 1
-27 -9 5 1
-27 -9 6 1
-28 -24 4 0
-27 -24 3 0
-29 -25 4 0
-39 16 14 0
-15 -51 9 0
-16 -51 9 0
-39 18 12 18
-53 26 1 1
-53 25 1 1
-53 24 1 1
-38 1 2 1
-38 1 3 1
-38 1 1 8
-60 20 5 1
-60 22 5 1
-59 20 5 1
-63 23 4 1
-66 20 1 2
-66 20 2 1
-66 20 3 1
-66 18 0 1
-66 18 1 2
-66 18 2 1
-66 19 0 1
-66 19 1 1
-66 19 2 1
-66 20 0 1
-65 18 0 1
-65 18 1 5
-65 18 2 1
-65 19 0 1
-64 18 0 1
-64 17 1 1
-64 17 2 1
-64 17 3 1
-64 18 1 1
-52 25 2 2
-53 23 1 1
-23 -51 9 1
-22 -52 9 1
-29 6 2 5
-22 -52 4 1
-41 16 6 1
-41 17 6 1
-42 16 6 2
-42 16 7 1
-42 16 8 1
-42 17 7 1
-42 17 8 1
-45 21 4 11
-44 21 4 10
-48 20 7 1
-50 18 3 8
-44 17 3 1
-44 18 3 1
-29 -11 5 1
-28 -13 5 1
-28 -12 5 1
-28 -11 5 2
-29 -10 8 0
-29 -10 6 1
-30 -10 6 1
-12 -1 5 1
-31 -10 8 0
-32 -10 6 1
-32 -12 6 0
-11 -1 5 1
-32 -13 6 0
-30 -14 6 0
-22 -6 -1 1
-21 -6 -1 1
-20 -6 -1 1
-35 -6 1 12
-35 -5 1 5
-34 -6 1 3
-34 -6 2 3
-21 -52 5 1
-16 -52 10 0
-48 -1 0 1
-20 -54 9 1
-48 13 9 0
-24 -49 7 1
-20 -50 3 2
-19 -51 2 1
-19 -50 2 1
-47 0 5 0
-47 0 6 0
-45 17 4 3
-45 0 5 0
-23 -49 7 1
-48 3 7 4
-48 1 5 0
-48 1 6 0
-30 -26 -1 1
-29 -3 4 0
-8 -9 0 1
-8 -7 2 0
-8 -7 3 0
-8 -7 1 0
-9 -6 3 0
-9 -6 4 0
-28 -5 5 1
-28 -4 5 1
-28 -3 5 1
-27 -5 5 4
-27 -4 5 2
-27 -3 5 1
-30 -4 5 0
-32 8 2 6
-42 18 4 1
-42 17 4 1
-37 15 4 0
-42 15 5 32
-40 15 4 1
-41 14 4 42
-40 13 4 2
-37 13 4 1
-35 17 4 18
-35 19 4 18
-36 19 4 18
-36 16 4 6
-58 9 3 0
-36 10 2 10
-36 8 3 13
-14 -6 0 1
-14 -4 1 1
-14 -4 2 2
-38 15 8 1
-7 -7 7 0
-15 -3 1 1
-16 -3 5 1
-15 -5 5 1
-6 -4 2 1
-36 15 4 3
-35 8 3 1
-35 8 4 1
-35 8 2 19
-33 8 3 6
-33 8 4 1
-39 14 3 2
-41 19 3 1
-67 15 5 0
-7 -6 3 0
-7 -5 2 0
-7 -5 3 1
-7 -5 1 0
-10 -5 1 0
-10 -8 2 1
-10 -8 3 1
-10 -8 1 0
-9 -9 3 4
-8 -9 4 3
-36 16 3 7
-12 -7 5 1
-7 -8 1 0
-41 -1 6 0
-63 19 7 1
-11 -8 0 1
-33 -9 0 7
-7 -9 7 3
-39 13 7 9
-65 16 1 2
-40 16 6 1
-66 15 5 0
-39 21 3 1
-67 16 5 0
-62 11 6 0
-62 11 7 0
-12 -6 0 1
-39 14 9 1
-39 14 7 3
-39 14 8 1
-58 -3 5 0
-14 -5 -1 1
-13 -5 -1 1
-18 -9 0 1
-27 7 3 0
-60 18 4 1
2 -12 0 1
-41 11 4 1
-48 15 4 11
-27 -1 4 0
-25 1 2 17
-24 2 2 19
-24 1 1 5
-7 -7 2 0
-6 -7 2 1
-5 -7 3 1
-20 -18 3 1
-20 -17 1 1
-20 -17 2 2
-20 -17 3 1
-20 -16 1 1
-20 -16 2 1
-20 -16 3 1
-23 -17 2 0
-24 -17 2 0
-23 -20 2 0
-22 -21 -1 1
-22 -21 0 2
-22 -21 1 1
-22 -20 2 0
-21 -21 -1 1
-21 -21 0 2
-21 -21 1 1
-21 -20 0 3
-21 -20 1 1
-23 -19 2 0
-23 -19 3 0
-7 -10 3 6
-8 -9 3 6
-7 -10 4 5
-7 -9 4 1
-8 -9 1 2
-7 -10 0 1
-7 -9 0 1
-6 -8 2 1
-6 -9 3 1
-6 -10 2 1
-6 -10 3 3
-6 -10 4 1
-6 -9 4 1
-5 -10 2 1
-5 -10 3 1
-5 -10 4 1
-5 -9 2 1
-5 -9 3 1
-5 -9 4 1
-8 -7 4 0
-8 -7 0 2
-9 -8 -1 1
-8 -8 -1 1
-7 -8 -1 1
-7 -7 -1 1
-7 -6 -1 1
-17 -47 4 0
-48 25 4 24
-58 14 7 1
-15 4 1 1
-14 4 2 1
-62 10 3 1
-52 28 4 6
-52 28 5 2
-52 28 6 1
-52 27 3 1
-52 28 3 8
-53 25 5 1
-51 25 6 0
-51 25 7 0
-51 25 2 12
-52 24 1 1
-52 25 1 1
-52 26 1 1
-28 -36 2 0
-51 6 4 1
-23 -33 5 1
-23 -35 5 1
-11 1 1 1
-35 10 5 0
-35 10 4 1
-37 11 4 1
-37 12 4 1
-37 10 6 1
-37 10 2 6
-50 5 5 1
-34 12 3 1
-54 3 4 0
-31 -10 0 8
-30 -8 2 4
-1 -12 8 0
-62 16 0 1
-63 17 0 1
-54 2 0 1
-64 17 0 1
-53 2 6 0
-55 6 6 3
-64 16 1 1
-66 17 2 1
-66 17 1 1
-53 2 0 1
-67 21 1 1
-67 21 0 1
-54 2 5 0
-57 9 8 0
-57 9 7 0
-55 7 6 1
-59 19 1 1
-43 11 2 1
-37 11 13 0
-30 0 -1 1
-30 1 1 1
-25 -4 3 4
-46 -3 7 0
-49 25 2 2
-25 -4 -1 1
-40 10 5 1
2 -10 -1 1
-43 11 4 1
-1 -7 1 1
-40 21 13 0
-50 5 7 1
-29 -4 1 2
-28 -28 0 0
-32 -5 2 0
-20 -46 7 0
-52 21 7 1
-12 -62 10 5
-29 3 5 1
-44 -5 11 0
-19 1 2 0
-43 -13 0 1
-41 -13 0 0
-41 -13 1 0
-40 -13 0 0
-41 -11 2 0
-41 -11 -2 3
-40 -12 -3 1
-40 -11 -3 1
-40 -10 -3 1
1 -11 0 3
-4 -13 1 1
-31 -11 4 1
-47 11 2 1
-52 5 14 4
-31 3 1 1
-52 28 2 7
-48 -3 8 0
-22 -45 9 0
-48 16 1 1
-38 12 14 0
-45 0 7 0
-36 -4 1 1
-31 -23 3 0
-33 -4 5 1
-33 -3 5 1
-29 -23 4 0
-36 -2 0 1
-1 -15 2 1
-33 4 0 1
-40 0 -1 1
-19 -50 11 0
-44 -4 0 20
-20 -51 11 0
-51 24 6 1
-1 -15 0 2
-32 -10 4 1
-31 -9 5 5
-31 -9 8 0
-31 -9 7 0
-50 21 8 1
-41 -1 4 0
-41 -1 0 24
-34 -10 3 0
-51 22 8 1
-34 -9 3 0
-34 -9 4 0
-34 -8 3 0
-34 -8 4 0
-33 -8 3 0
-47 19 11 0
-33 -9 6 0
-30 -1 5 1
-32 4 2 2
-47 0 1 3
-6 -13 11 1
-41 1 1 22
-23 -33 4 1
-31 -7 1 3
-30 -6 0 1
-30 -6 1 8
-30 -6 2 3
-31 -7 2 1
-31 -6 0 5
-31 -6 1 1
-32 -6 2 0
-31 -5 0 5
-32 -4 -1 1
-31 -5 -1 1
-31 -4 -1 1
-31 -4 0 1
-31 -4 1 1
-30 -6 -1 1
-30 -5 -1 1
-30 -5 0 4
-30 -5 1 1
-30 -4 -1 1
-30 -4 0 4
-30 -4 1 1
-33 -5 1 1
-33 -5 0 1
-34 -5 -1 1
-34 -4 -1 1
-34 -4 0 2
-34 -4 1 4
-33 -5 -1 1
-33 -4 -1 1
-33 -4 0 1
-33 -4 1 4
-32 -5 -1 1
-32 -5 0 1
-32 -4 0 2
-32 -4 1 1
-32 -8 1 1
-31 -11 -1 1
-31 -10 -1 1
-30 -11 -1 1
-30 -11 0 3
-30 -11 1 4
-30 -10 -1 1
-30 -9 -1 1
-38 17 10 1
-33 -6 -1 1
-32 -6 -1 1
-35 -6 0 3
-41 -7 0 4
-47 5 5 11
-45 3 1 5
-40 -7 -1 1
-7 -13 10 1
-47 3 5 0
-45 2 5 0
-43 3 6 0
-47 3 6 0
-46 1 6 0
-45 1 6 0
-43 1 5 0
-31 7 6 7
-31 6 7 1
-44 1 6 0
-45 3 7 0
-6 -9 8 1
-53 9 5 1
-40 5 12 0
-41 0 2 1
-43 -2 2 1
-31 -3 5 1
-42 6 3 0
-31 -3 4 2
-29 -8 0 1
-29 -8 1 2
-29 -8 2 1
-29 -7 0 2
-29 -7 1 1
-29 -7 2 1
-29 -6 0 1
-29 -6 1 8
-29 -6 2 6
-29 -8 -1 1
-29 -7 -1 1
-29 -6 -1 1
-28 -8 -1 1
-28 -8 0 1
-28 -8 1 1
-28 -7 -1 1
-28 -7 0 1
-28 -7 1 1
-28 -6 -1 1
-28 -6 0 1
-35 13 7 0
-34 13 7 0
-35 13 8 0
-34 13 6 0
-34 15 7 8
-36 15 7 0
-36 15 6 1
-38 11 6 5
-36 11 7 0
-36 11 6 0
-35 11 6 0
-36 13 6 0
-36 13 5 0
-15 -4 -1 1
-41 0 3 1
-4 -5 4 1
-5 -6 1 3
-25 -6 6 0
-28 -7 4 1
-28 -9 3 1
-25 -11 4 1
-25 -11 5 1
-25 -11 6 1
-26 -11 8 1
-26 -10 8 1
-25 -11 7 1
-25 -11 8 1
-25 -10 8 1
-26 -10 3 1
-25 -10 3 1
-50 -3 3 0
-49 -3 3 0
-49 -4 3 0
-49 -3 2 1
-50 -2 4 0
-50 -2 -1 2
-20 -44 7 0
-44 14 3 1
-46 15 8 1
-49 19 3 5
-30 0 3 2
-30 0 4 1
-30 -24 -3 1
-29 0 4 1
-27 -11 5 1
-29 1 4 1
-19 -4 2 1
-20 -5 3 1
-19 -2 1 6
-20 -1 0 2
-19 -2 0 1
-19 -1 0 6
-19 -1 1 17
-21 1 4 0
-19 -1 5 1
-18 -2 1 9
-18 -2 2 2
-18 -1 0 2
-18 -1 1 4
-23 -6 2 0
-37 -3 3 0
-21 -6 2 0
-21 -6 1 0
-20 -6 2 0
-20 -5 2 0
-20 -6 1 1
-21 -7 0 1
-20 -7 0 1
-20 -7 1 1
-20 -7 2 1
-20 -6 0 1
-42 9 6 10
-35 -23 0 0
-35 -23 1 0
-19 -6 0 4
-33 -23 -2 5
-19 -6 2 1
-21 -4 4 1
-20 -5 -1 1
-20 -4 -1 1
-20 -3 -1 1
-19 -4 3 2
-40 3 6 0
-53 10 7 2
-17 -4 0 3
-53 13 8 1
-23 0 1 3
-22 1 1 7
-18 -60 9 1
-25 -36 -1 1
-55 31 2 5
-55 31 3 1
-55 31 4 1
-54 31 2 1
-54 31 3 1
-54 31 4 1
-53 31 2 1
-53 31 3 1
-53 31 4 1
-55 31 5 1
-20 -2 5 1
-53 31 5 1
-47 -2 3 0
-47 -2 4 0
-47 -2 2 1
-48 -1 3 0
-48 -1 4 0
-48 -1 2 1
-50 -1 4 0
-50 -3 4 0
-49 -4 4 0
-49 -4 2 0
-48 -3 3 0
-48 -3 4 0
-48 -3 2 1
-49 -2 4 0
-57 31 3 1
-56 31 1 1
-59 26 1 1
-59 26 2 4
-59 26 3 1
-59 27 1 1
-59 27 2 1
-59 27 3 1
-59 28 1 1
-59 28 2 4
-59 28 3 1
-58 24 1 1
-58 24 2 8
-40 19 4 15
-58 25 1 1
-41 19 4 1
-58 25 3 1
-43 18 4 1
-26 -36 -1 1
-27 -36 -1 1
-46 -2 3 0
-48 -2 4 0
-47 -1 4 1
-48 -4 3 0
-48 -4 4 0
-47 -3 3 0
-47 -3 4 0
-26 -35 0 2
-42 13 4 1
-44 -13 2 1
-44 -12 2 1
-21 -2 4 1
-20 -3 4 1
-20 -2 4 1
-19 -4 4 1
-19 -3 2 4
-35 4 5 0
-36 -1 5 3
-38 1 8 0
-35 2 5 0
-43 4 10 0
-3 -5 1 1
-52 12 1 1
-52 11 1 1
-42 19 5 1
-42 19 4 1
-12 -4 5 0
-28 -29 -1 1
-27 -29 -1 1
-40 1 1 10
-28 3 0 1
-60 18 2 1
-48 24 5 1
-47 24 6 1
-50 24 4 0
-50 22 3 4
-51 23 2 1
-50 22 2 1
-49 21 2 1
-49 24 6 0
-49 24 2 3
-50 25 1 1
-49 25 1 1
-48 25 1 1
-47 2 1 3
-43 -10 1 1
-39 7 6 1
-39 9 5 18
-52 11 11 0
-52 11 9 0
-40 5 6 1
-39 4 5 1
-39 5 6 1
-52 8 10 3
-51 8 10 2
-51 8 11 1
-52 8 11 2
-53 7 12 1
-52 8 12 1
-13 2 1 1
-31 -13 11 0
-49 2 11 0
-55 13 6 1
-51 10 11 1
-51 11 12 1
-54 12 9 0
-34 4 3 34
-30 -12 11 0
-41 1 0 25
-48 14 1 1
-47 14 1 1
-47 14 2 1
-7 -5 -1 1
-42 11 13 23
-38 6 6 1
-37 6 6 1
-37 6 7 0
-51 10 10 3
-38 7 7 1
-39 9 6 7
-39 8 7 29
-39 4 7 0
-38 5 7 0
-39 6 8 0
-32 -22 3 0
-32 -22 4 0
-32 -22 0 1
-53 3 12 0
-56 13 4 1
-56 10 1 1
-56 11 1 1
-55 9 1 1
-55 10 1 1
-36 16 2 5
-36 -7 4 1
-54 10 1 1
-53 12 9 0
-50 7 8 1
-50 7 9 1
-50 7 10 1
-50 7 11 1
-54 11 1 1
-30 -13 11 0
-31 -13 12 0
-53 -2 5 0
-54 13 5 8
-54 13 4 11
-54 10 4 7
-52 9 4 6
-52 12 4 21
-38 6 7 0
-40 5 7 0
-39 5 7 0
-38 4 6 1
-50 4 10 1
-50 11 6 1
-50 2 11 0
-49 0 11 0
-16 -6 2 3
-53 14 4 7
-37 -7 3 1
-37 -5 4 1
-37 -6 4 1
-30 -23 1 1
-41 -7 4 0
-29 -12 0 3
-29 -12 1 3
-29 -12 2 1
-29 -11 0 1
-29 -11 1 1
-29 -11 2 1
-29 -10 0 1
-29 -10 1 1
-29 -10 2 1
-33 -11 3 0
-49 9 9 1
-49 10 7 1
-49 10 8 1
-49 10 9 1
-49 9 10 1
-33 -10 11 0
-49 10 10 1
-49 10 11 1
-32 -13 2 1
-31 -13 2 1
-31 -12 2 1
-28 -13 -1 1
-28 -13 0 2
-28 -13 1 2
-28 -12 -1 1
-28 -12 0 2
-28 -12 1 2
-28 -11 -1 1
-28 -11 0 1
-28 -11 1 1
-30 -12 1 1
-30 -13 -1 1
-30 -13 0 8
-30 -13 1 2
-30 -12 -1 1
-30 -12 0 1
-30 -12 2 1
-31 -14 1 1
-30 -14 -1 1
-30 -14 0 7
-30 -14 1 1
-37 10 5 1
-38 10 4 16
-43 18 1 1
-38 9 6 1
-34 9 8 0
-36 10 8 0
-36 10 9 0
-16 3 4 2
-12 0 4 13
-33 14 1 1
-33 15 1 1
-34 16 1 1
-34 17 1 1
-34 17 2 1
-34 17 3 1
-33 13 4 0
-43 20 3 1
-35 15 3 13
-33 11 5 0
-35 13 2 3
-33 16 1 1
-38 9 9 1
-38 10 7 3
-50 4 1 1
-38 10 9 1
-42 12 6 1
-41 12 7 1
-41 12 8 21
-39 8 1 1
-44 11 10 1
-43 11 10 1
-46 7 7 1
-46 7 8 1
-46 7 9 1
-16 1 2 11
-15 0 3 9
-16 0 0 2
-20 3 2 1
-43 12 7 1
-20 4 1 6
-20 4 2 5
-42 12 7 1
-42 12 8 4
-42 12 9 1
-19 1 1 0
-21 2 -1 1
-21 2 0 1
-21 2 1 4
-17 1 3 1
-18 2 -1 1
-17 2 -1 1
-16 2 -1 1
-30 10 3 1
-33 13 3 2
-32 13 3 1
-30 11 4 0
-34 15 4 7
-34 15 3 6
-35 13 3 1
-42 13 8 1
-42 13 9 1
-29 12 4 4
-28 10 3 2
-42 13 10 1
-28 11 3 9
-33 11 3 1
-34 13 2 6
-28 12 4 1
-17 4 5 2
-42 14 8 1
-30 13 3 3
-41 14 7 1
-41 14 8 1
-30 14 4 1
-21 5 2 2
-41 14 10 1
-29 14 3 1
-29 14 4 1
-28 13 3 1
-58 12 3 1
-43 13 7 1
-43 13 8 1
-59 15 5 1
-59 15 6 1
-59 15 7 1
-64 10 5 0
-64 10 4 0
-20 -58 10 1
-62 11 5 0
-62 10 5 0
-19 3 2 4
-19 -2 -1 1
-29 15 3 1
-19 -59 10 1
-61 10 6 0
-61 10 4 0
-62 12 7 0
-62 12 1 1
-18 -59 11 1
-18 -58 9 1
-63 20 2 3
-51 10 9 7
-17 -59 11 1
-17 -58 9 1
-16 -58 9 1
-38 13 11 1
-38 10 11 0
-36 11 11 0
-29 6 1 1
-51 -1 -1 1
-51 0 -1 1
-50 -1 -1 1
-50 0 -1 1
-49 0 -1 1
-18 -58 11 1
-18 -57 9 1
-17 -58 10 16
-17 -58 11 1
-17 -57 9 1
-16 -56 9 1
-21 -53 6 1
-22 -53 4 1
-21 -53 4 1
-20 -53 4 1
-16 -59 9 1
-16 -59 10 7
-49 -2 5 0
-48 10 9 6
-37 10 7 1
-35 -12 -1 1
-36 13 7 0
-50 -5 1 0
-49 -4 -3 1
-49 -3 -3 1
-49 -2 -3 1
-48 -4 -3 1
-48 -3 -3 1
-48 -2 -3 1
-47 -4 -3 1
-47 -3 -3 1
-47 -2 -3 1
-14 -58 9 1
-14 -57 9 1
-14 -56 9 1
-33 11 4 0
-34 -9 12 0
-29 -8 4 1
-46 16 8 0
-29 -8 6 1
-50 -5 2 0
-50 -5 0 0
-48 -5 0 1
-20 -59 9 1
-20 -59 10 1
-54 13 6 1
-47 -5 -1 5
-45 17 8 0
-50 -4 0 0
-48 -6 1 0
-49 -5 -2 1
-48 -5 -2 1
-17 -60 11 1
-16 -60 9 1
-16 -60 10 1
-16 -60 11 1
-23 7 5 1
-23 9 6 1
-19 -17 4 1
-19 -17 5 1
-19 -17 6 1
-18 -17 4 1
-18 -17 5 1
-18 -17 6 1
-18 -16 4 1
-18 -14 7 0
-19 -13 8 0
-18 -12 4 8
-17 -11 6 0
-17 -12 6 0
-19 -15 7 0
-17 -14 6 0
-16 -12 7 0
-18 -16 7 0
-16 -15 7 0
-16 -13 6 0
-17 -12 7 0
-18 -15 7 0
-17 -15 6 1
-17 -14 7 0
-18 -13 8 0
-18 -13 5 4
-17 -14 4 1
-17 -13 4 5
-17 -12 4 1
-16 -13 7 0
-17 -15 7 0
-16 -14 6 0
-16 -14 7 0
-16 -12 6 0
-18 -16 6 1
-16 -15 6 1
-18 -14 8 0
-17 -15 4 1
-55 16 7 1
-55 16 8 1
-55 17 6 1
-55 17 7 1
-55 17 8 1
-54 17 6 1
-5 -8 -1 1
-5 -9 -1 1
-6 -9 -1 1
-7 -9 -1 1
-6 -8 0 1
-6 -8 4 6
-6 -8 3 1
-25 -35 2 2
-24 -35 2 8
-27 -38 2 1
-27 -38 3 1
-27 -38 4 1
-27 -37 2 1
-51 12 13 0
-27 -37 4 1
-26 -38 2 3
-25 -38 2 3
-27 -38 5 1
-27 -37 5 1
-26 -37 5 3
-25 -38 5 8
-25 -37 5 2
-26 -37 2 3
-27 -38 1 1
-27 -37 1 2
-26 -38 1 1
-26 -37 1 5
-25 -38 1 9
-25 -37 1 1
-26 -36 2 1
-26 -35 5 1
-49 14 13 0
-49 14 11 0
-50 13 11 0
-51 12 11 0
-25 -35 -1 1
-25 -34 -1 1
-53 16 6 11
-51 5 3 21
-53 1 4 0
-21 -48 5 0
-54 8 4 18
-39 16 1 1
-51 7 13 1
-46 5 2 8
-45 -2 1 13
-49 -5 2 0
-19 -57 9 1
-19 -58 11 1
-20 -57 11 1
-21 -56 11 1
-42 14 13 1
-15 -57 9 1
-27 -39 2 1
-27 -39 3 1
-36 14 11 0
-51 13 4 25
-51 11 7 7
-63 20 3 1
-51 3 3 0
-51 4 2 2
-53 3 3 0
-53 3 4 0
-53 3 2 0
-53 2 3 0
-53 2 4 0
-9 -10 5 1
-53 0 3 0
-53 0 4 0
-53 0 2 0
-51 2 5 0
-51 2 1 1
-42 20 14 0
-41 20 14 0
-51 2 0 1
-47 21 5 5
-50 23 6 0
-42 -8 4 0
-41 -8 3 0
-42 -8 3 0
-41 -9 4 0
-41 -9 3 0
-40 -8 5 0
-40 -8 6 0
-40 -8 0 4
-19 -55 14 0
-19 -55 13 0
-19 -57 11 1
-19 -57 12 0
-49 14 10 0
-50 4 4 8
-50 4 2 8
-52 4 3 1
-52 4 4 1
-52 4 2 0
-54 2 3 1
-54 2 4 0
-54 2 2 0
-52 2 5 0
-52 2 1 2
-27 -40 4 1
-43 -6 6 0
-60 23 1 1
-28 -35 4 1
-45 5 9 1
-57 6 7 1
-44 19 5 27
-53 17 4 1
-54 4 3 1
-54 4 4 7
-54 3 2 0
-54 1 3 0
-54 1 2 0
-42 13 2 1
-48 20 4 1
-58 5 1 0
-62 13 0 1
-62 12 0 1
-3 -11 0 6
-53 -1 7 0
-40 -9 -2 1
-51 11 6 4
-18 -2 0 1
-46 18 1 1
-35 16 2 3
-34 -16 5 0
-30 -14 12 0
-51 4 4 3
-53 4 3 1
-53 4 4 0
-53 4 2 0
-54 4 2 0
-55 2 3 1
-56 2 4 2
-54 1 4 0
-53 2 5 0
-53 2 1 6
-41 19 6 14
-57 4 4 9
-55 13 8 1
-61 28 4 2
-40 -3 4 0
-44 20 6 1
-34 13 5 0
-59 24 4 1
-59 23 4 1
-47 24 1 1
-34 -7 11 0
-35 -7 12 0
-9 -9 5 6
-58 28 3 1
-35 -28 1 1
-35 -27 1 1
-35 -26 1 1
-32 -31 -2 1
-31 -27 -2 4
-22 -10 6 0
-21 -10 6 0
-21 -10 7 0
-21 -10 5 1
-22 -9 7 0
-23 -8 7 0
-25 -10 7 0
-25 -10 5 0
-24 -12 6 1
-24 -11 7 0
-24 -11 5 1
-23 -12 7 0
-22 -13 4 1
-22 -13 5 4
-22 -13 6 1
-22 -11 7 0
-21 -12 5 1
-21 -13 4 1
-21 -13 5 1
-21 -13 6 1
-21 -12 4 1
-30 8 6 1
-21 -11 0 1
-20 -12 0 1
-20 -13 0 1
-19 -13 0 1
-19 -12 0 1
-18 -13 0 1
-18 -12 0 1
-19 -11 2 1
-33 5 7 1
-33 6 6 1
-33 6 7 1
-18 -11 0 1
-18 -10 0 1
-17 -11 0 1
-17 -10 0 1
-19 -9 1 0
-20 -8 2 0
-20 -8 3 0
-20 -9 1 0
-20 -8 1 0
-21 -8 2 0
-21 -8 1 0
-21 -13 0 1
-17 -12 0 1
-20 -10 0 2
-21 -11 -1 1
-21 -10 -1 1
-21 -9 -1 1
-16 -11 0 1
-16 -11 2 1
-16 -10 0 1
-16 -10 1 1
-1 -19 -1 1
-1 -19 0 1
-1 -19 1 1
-1 -18 -1 1
-1 -18 0 1
-1 -18 1 3
-1 -17 -1 1
-1 -17 0 3
-1 -17 1 2
-3 -16 2 0
-2 -16 -1 1
-2 -16 0 2
-2 -16 1 1
-6 -15 2 1
-5 -15 2 1
-4 -16 2 1
-4 -15 2 1
-6 -16 2 0
-7 -15 -1 1
-7 -15 0 1
-7 -15 1 1
-5 -19 2 0
-3 -19 2 0
-2 -20 -1 1
-3 -17 2 0
-1 -16 -1 1
-1 -16 0 4
-1 -16 1 1
-5 -14 -1 1
-5 -14 0 4
-5 -14 1 1
-1 -20 0 1
-1 -20 1 1
-1 -20 2 1
-1 -19 2 1
-4 -17 3 0
-2 -17 2 0
-7 -14 -1 1
-7 -14 0 1
-7 -14 1 1
-6 -14 -1 1
-6 -14 0 1
-6 -14 1 2
0 -18 -1 1
0 -18 0 1
0 -18 1 1
0 -17 -1 1
0 -17 0 1
0 -17 1 1
0 -16 -1 1
0 -16 0 1
0 -16 1 1
-3 -15 2 0
-5 -13 -1 1
-26 -13 -1 1
-30 -17 2 1
-29 -17 2 1
-26 -17 -1 1
-26 -17 0 11
-26 -17 1 1
-28 -15 2 0
-28 -15 3 0
-29 -18 0 1
-3 -14 2 0
-5 -14 2 0
-3 -15 3 0
1 -16 0 1
1 -16 1 1
1 -16 2 1
1 -14 2 1
1 -16 -1 1
-3 -13 2 0
-6 -12 -1 1
-1 -18 2 1
0 -17 2 1
-20 -13 4 1
-20 -13 5 2
-20 -13 6 1
-20 -12 4 1
-20 -12 5 3
-20 -12 6 1
-20 -11 4 4
-23 -10 7 0
-23 -10 8 0
-23 -10 5 1
-23 -10 4 2
-23 -10 6 0
0 -14 2 1
-3 -14 3 0
-21 -11 6 0
-20 -11 6 1
-20 -11 7 0
-20 -11 5 1
-21 -9 6 0
-21 -9 7 0
-21 -9 5 1
-23 -9 7 0
-25 -14 4 1
-25 -14 5 1
-25 -14 6 1
-24 -14 4 1
-24 -14 5 1
-24 -14 6 1
-23 -14 4 1
-22 -13 7 0
-23 -14 5 1
-23 -14 6 1
-22 -14 4 1
-22 -14 5 2
-22 -14 6 1
-21 -14 4 1
-21 -14 5 2
-21 -14 6 1
-21 -12 6 0
-21 -12 7 0
-20 -14 4 1
-20 -14 5 2
-20 -14 6 1
-19 -14 4 1
-19 -14 5 2
-19 -14 6 1
-19 -13 4 1
-19 -13 5 4
-19 -13 6 1
-19 -12 4 8
-22 -11 8 0
-21 -11 4 2
-21 -10 4 1
-19 -11 6 1
-19 -11 7 0
-19 -11 5 1
-20 -10 6 0
-20 -10 7 0
-20 -10 5 1
-22 -10 7 0
-23 -11 7 0
-21 -13 7 0
-22 -15 4 1
-22 -15 5 1
-22 -15 6 1
-21 -15 4 1
-21 -15 5 1
-21 -15 6 1
-20 -15 4 1
-20 -15 5 3
-20 -15 6 1
-20 -13 7 0
-19 -15 4 1
-19 -15 5 1
-19 -15 6 1
-18 -15 4 1
-18 -15 5 4
-18 -15 6 1
-18 -14 4 1
-18 -14 5 3
-18 -14 6 1
-18 -13 4 3
-21 -11 7 0
-21 -11 8 0
-63 24 4 4
-2 -6 6 1
-40 1 4 0
-58 22 1 1
-2 -7 8 1
-12 -9 1 1
-2 -6 8 1
-2 -6 9 1
-4 -13 -1 1
-2 -11 4 0
0 -10 2 0
-44 19 16 0
-45 19 15 0
-34 6 5 0
-34 6 4 1
-12 -9 2 1
-34 -14 -1 1
-48 11 2 1
-49 11 1 1
-33 -14 1 1
-48 12 1 1
-48 13 1 1
-56 12 1 1
-46 -2 2 1
-53 7 1 1
-46 -4 4 0
-46 -4 2 1
-51 14 9 0
-52 12 8 1
-8 -11 5 1
-40 6 5 1
-39 21 15 2
-50 27 3 4
-39 20 7 1
-40 -13 1 0
-8 -8 7 1
-41 -13 2 0
-33 -31 0 1
-46 19 14 0
-60 14 4 1
-60 14 5 2
-29 5 3 5
-37 16 7 1
-11 1 5 1
-11 0 5 1
-39 21 4 1
-38 2 -1 1
-14 -6 2 10
-13 -8 1 1
-38 4 -1 1
-29 -28 -1 0
-42 3 3 1
-15 -3 0 2
-16 2 5 1
-30 -27 -3 1
-30 -27 -2 3
-54 8 3 1
-54 9 3 1
-55 10 2 2
-56 10 3 0
-22 -39 5 1
-54 12 3 1
-50 15 3 7
-51 16 3 1
-36 -19 1 0
-42 18 1 1
-12 -8 2 1
-49 25 3 4
-40 3 5 0
-44 20 8 0
-12 -4 4 0
-31 -4 7 0
-33 -3 9 0
-15 -23 2 1
-14 -23 2 1
-15 -23 3 0
-15 -23 1 1
-14 -23 1 1
-13 -22 0 4
-13 -21 0 1
-13 -21 1 1
-13 -21 2 1
-13 -20 0 1
-13 -20 1 1
-13 -20 2 1
-17 -19 3 1
-16 -21 1 1
-18 -23 3 0
-16 -25 2 0
-16 -25 3 0
-16 -25 1 0
-15 -24 2 1
-15 -24 3 0
-15 -24 1 1
-16 -23 3 0
-16 -23 4 0
-16 -23 0 4
-17 -24 -1 1
-16 -24 -1 1
-15 -24 -1 1
-15 -23 -1 1
-15 -22 -1 1
-30 -3 8 0
-32 -5 7 0
-32 -5 8 0
-32 -6 8 0
-30 -5 7 0
-30 -5 8 0
-32 -4 9 0
-29 -5 7 0
-28 -5 7 0
-14 -22 2 1
-13 -22 1 3
-13 -22 2 1
-13 -22 3 2
-13 -21 3 1
-14 -22 1 1
-17 -21 0 1
-17 -20 0 1
-17 -20 2 1
-16 -21 0 1
-16 -20 0 1
-16 -20 1 1
-15 -21 0 1
-15 -21 1 1
-17 -25 2 0
-17 -25 1 1
-14 -25 2 0
-14 -25 1 4
-15 -26 0 1
-14 -26 0 1
-14 -26 1 1
-14 -26 2 1
-14 -25 0 4
-13 -26 0 1
-13 -26 1 3
-13 -26 2 1
-13 -25 0 4
-13 -25 1 1
-13 -25 2 1
-13 -24 0 1
-17 -2 1 2
-24 -1 2 6
-20 -5 4 0
-31 -24 0 6
-30 -11 5 1
-30 -11 4 1
-31 -25 -1 1
-31 -24 -1 1
-31 -23 -1 1
-30 -24 -1 1
-30 -23 -1 1
-46 -1 5 0
-15 1 -1 1
-46 1 7 0
-46 -1 6 0
-28 -9 8 1
-27 -9 8 1
-51 29 2 1
-52 29 4 1
-52 29 3 1
-37 7 2 14
-45 -1 5 0
-45 1 7 0
-29 -24 2 0
-30 -23 0 2
-31 -22 -1 1
-31 -23 0 4
-32 -24 0 6
-33 -26 1 1
-32 -19 2 0
-32 -18 1 0
-35 -21 2 0
-29 -27 -1 1
-29 -27 0 1
-29 -27 1 1
-2 -9 1 1
-5 -7 0 1
-5 -8 1 0
-7 -9 3 1
-8 -8 4 1
-7 -8 4 1
-28 -12 4 1
-28 -11 4 1
-10 -4 0 2
-4 -11 1 1
-3 -11 2 0
-3 -11 3 0
-3 -11 1 1
-4 -9 3 0
-4 -9 0 1
-3 -10 -1 1
-3 -9 -1 1
-29 -8 5 2
-32 -26 1 1
-31 -27 2 0
-31 -25 3 0
-31 -25 0 7
-50 11 12 10
-38 14 4 1
-42 22 8 0
-38 18 5 31
-40 12 5 1
-42 22 7 0
-47 6 9 1
-20 -54 10 1
-13 -55 10 0
-14 -54 12 0
-44 7 5 2
-46 -8 -2 1
-45 -8 -2 1
-37 -3 -1 1
-15 -54 12 0
-35 15 4 37
-38 15 3 0
-41 -7 -2 1
-41 -6 -2 1
-35 -9 4 0
-35 -11 4 0
-44 -8 -2 2
-15 -58 12 0
-43 9 6 10
-43 9 4 8
-45 9 5 1
-15 -56 12 0
-46 9 4 2
-45 7 5 14
-45 7 6 12
-43 7 6 0
-43 7 7 1
-13 -57 12 0
-47 12 10 12
-50 1 6 0
-33 -19 3 0
-35 -19 4 0
-35 -19 3 0
-41 -5 5 0
-39 -5 5 0
-39 -5 6 0
-2 -10 1 1
-2 -8 2 0
-35 -19 5 0
-35 -19 2 0
-35 -19 1 0
-5 -10 1 1
-2 -11 2 0
-2 -11 3 0
-2 -11 1 1
-4 -10 4 0
-4 -10 0 1
-5 -11 -1 1
-4 -11 -1 1
-16 -1 2 1
-50 0 6 0
-50 -2 5 0
-50 -2 6 0
-48 -2 6 0
-11 -60 11 0
-28 -29 3 0
-40 -1 -1 1
-44 -4 -1 1
-32 7 0 1
-39 -8 -1 1
-44 -3 -1 1
-44 -3 1 4
-44 -2 -1 1
-43 -4 -1 1
0 -14 0 1
1 -13 3 0
-18 -48 10 0
-18 -50 12 0
-51 2 8 0
-57 -3 3 0
-35 -8 3 0
-36 -8 2 0
-35 -11 3 0
-44 -3 6 0
-45 -3 6 0
-51 1 5 0
-38 10 6 2
-50 -1 5 0
-48 14 9 0
-51 -2 6 0
-50 12 9 0
-28 13 1 1
-48 0 1 1
-48 -4 0 1
-48 -4 1 1
-48 -3 0 4
-48 -3 1 12
-66 22 1 1
-66 21 3 1
-46 4 8 0
-41 21 12 0
-38 -9 -1 1
-27 11 2 1
-26 11 1 1
-26 11 2 1
-28 10 0 1
-28 11 0 1
-27 11 0 1
-26 11 0 1
-28 8 2 0
-29 7 2 0
-28 8 0 1
-27 8 0 1
-49 12 9 1
-47 11 9 5
-45 0 10 0
-6 -6 -1 1
-51 8 7 1
-50 22 8 1
-49 21 8 1
-49 22 8 1
-54 24 3 6
-39 21 5 1
-18 -50 11 0
-23 8 0 1
-39 17 13 1
-58 8 3 1
-57 8 4 1
-56 8 2 0
-38 -11 2 0
-35 -4 0 1
-35 -5 0 1
-4 -7 7 7
-36 13 8 0
-40 20 9 2
-41 20 10 8
-35 -4 3 2
-46 7 14 1
-25 0 2 10
-12 -5 0 2
-23 -51 5 1
-23 -51 6 2
-23 -50 4 1
-36 -7 3 1
-39 -7 2 0
-21 -50 7 0
-21 -48 8 0
-47 -9 2 1
-44 -4 1 1
-43 -3 3 0
-25 9 0 1
-47 12 13 0
-39 14 4 1
-49 11 13 10
-46 8 11 3
-23 -37 -1 1
-41 21 11 0
-37 -11 0 7
-36 -13 0 1
-23 -50 6 2
-24 -51 7 1
-24 -50 7 1
-23 -51 7 2
-40 11 7 2
-33 -7 0 3
-36 -13 -3 1
-45 0 11 0
-33 -8 0 5
-33 -8 -1 1
-33 -9 -1 1
-34 -7 1 1
-34 -7 0 5
-34 -7 -1 1
-35 -9 2 1
-41 22 8 0
-23 -49 6 1
-24 -52 5 1
-24 -52 6 1
-24 -52 7 1
-23 -52 5 1
-23 -52 6 1
-22 1 4 0
-23 -51 8 2
-29 10 2 3
-30 9 1 2
-43 -7 -3 1
-30 10 2 4
-36 11 12 0
-37 -15 0 0
-37 -15 1 0
-42 -10 -1 1
-42 -10 0 7
-42 -10 1 3
-42 -10 -2 3
-40 10 8 1
-41 -10 -1 1
-49 25 5 13
-50 25 4 0
-50 24 5 0
-50 25 3 1
-44 -10 -3 1
-43 -10 -3 1
-46 19 3 1
-43 22 15 0
-67 19 4 0
-67 16 4 0
-67 17 3 0
-64 16 4 1
-52 26 5 0
-46 5 5 26
-51 23 5 6
-42 18 5 3
-31 -13 -1 1
-31 -13 0 9
-31 -13 1 1
-31 -12 -1 1
-31 -12 0 5
-31 -12 1 1
-40 -10 -2 1
-50 26 3 5
-50 26 4 9
-63 18 5 1
-50 25 6 1
-45 -11 -1 1
-45 -11 0 1
-45 -11 1 1
-44 -11 1 1
-50 25 5 0
-51 23 3 1
-62 14 4 3
-42 -11 -1 1
-42 -11 0 1
-62 15 4 1
-32 -12 2 1
-52 21 6 1
-52 22 6 1
-52 23 6 17
-53 9 8 1
-54 10 7 1
-52 22 2 1
-55 11 8 1
-49 21 4 1
-55 9 9 0
-49 23 2 3
-50 22 1 1
-43 -6 4 0
-41 -7 5 0
-54 16 7 2
-55 16 6 1
-30 -2 -1 1
-31 -1 1 4
-28 -1 -1 1
-27 -1 -1 1
-31 -21 1 0
-46 12 9 1
-39 0 2 2
-36 -20 1 0
-36 -20 2 0
-34 -20 0 0
-34 -20 -1 0
-23 -38 6 1
-23 -39 6 1
-24 -38 6 1
-51 -3 2 0
-19 -44 3 0
-19 -44 4 0
-23 -44 3 0
-22 -46 3 0
-22 -45 4 0
-22 -45 3 0
-21 -46 3 0
-21 -46 4 0
-19 -46 3 0
-21 -42 0 1
-22 -43 -1 1
-22 -42 -1 1
-22 -41 -1 1
-21 -43 -1 1
-21 -42 -1 1
-21 -41 -1 1
-20 -43 -1 1
-42 2 2 1
-20 -41 -1 1
-25 -38 6 1
-18 -45 3 0
-18 -45 4 0
-22 -46 4 0
-20 -46 3 0
-20 -47 3 0
-20 -46 4 0
-20 -47 4 0
-21 7 6 1
-20 -45 5 0
-20 -45 0 1
-25 -39 6 1
-45 0 -1 1
-45 1 -1 1
-36 -7 0 7
-36 -7 1 1
-36 -7 2 1
-35 -8 0 7
-43 13 9 1
-42 -5 3 1
-41 18 1 1
-39 9 9 1
-5 -13 7 1
-38 -7 3 0
-17 -8 0 1
-39 -9 1 1
-38 -9 1 2
-16 -4 5 1
-27 -12 6 1
-27 -12 9 1
-15 -4 5 1
-28 -33 -1 1
-40 1 -1 1
-31 -3 1 2
-31 -7 -1 1
-38 5 5 36
-38 -14 2 0
-45 19 2 1
-12 0 0 1
-42 -4 11 0
-36 19 6 11
-51 27 2 5
-48 2 15 0
-11 -7 0 1
-33 12 6 0
-36 17 4 17
-31 -14 9 0
-50 4 7 4
-55 9 8 0
-17 -1 -1 1
-36 14 3 1
-35 12 3 1
-44 -12 1 2
-35 -21 1 0
-33 -20 2 0
-33 -21 2 0
-33 -21 3 0
-33 -21 1 0
-32 -21 2 0
-32 -21 1 0
-33 -19 1 0
-33 -19 0 0
-20 4 3 1
-28 -5 0 1
-28 -5 2 5
-31 -5 2 0
-31 -4 2 1
-35 -26 0 2
-34 -26 -2 1
-55 -1 2 0
-51 18 1 1
-52 18 1 1
-53 18 1 1
-51 17 3 7
-51 17 2 4
-26 -40 1 1
-27 -40 1 1
-25 -40 2 1
-42 5 6 0
-43 4 6 0
-43 4 5 0
-26 -34 5 1
-43 8 5 1
-41 8 4 18
-41 6 5 0
-12 -8 0 1
-50 19 3 7
-36 19 5 22
-46 22 6 1
-55 29 1 1
0 -7 1 1
-46 20 8 0
-34 -21 4 0
-1 -12 2 0
-53 -4 1 0
-53 -4 0 0
-45 23 1 1
-44 23 1 1
-43 22 1 1
-43 23 1 1
-48 20 2 1
-48 21 2 1
-47 21 2 2
-49 17 1 1
-49 17 2 1
-49 18 1 1
-49 18 2 1
-49 19 1 1
-28 -29 0 0
-14 -24 0 1
-14 -23 0 1
-13 -23 0 2
-13 -23 1 1
-13 -23 2 1
-11 -22 0 2
-11 -22 1 1
-11 -22 2 3
-11 -21 0 3
-11 -21 1 4
-11 -21 2 1
-11 -23 4 1
-11 -22 3 1
-11 -22 4 1
-11 -21 3 2
-11 -21 4 1
-16 -26 1 0
-16 -26 2 0
-20 -39 2 0
-55 15 4 1
-31 -6 6 0
-29 -29 0 0
-31 -6 5 1
-33 -7 6 0
-33 -8 6 0
-33 -8 7 0
-33 -8 5 0
-31 -10 5 1
-33 -23 -1 1
-32 -27 2 0
-33 -28 -1 6
-33 -28 0 7
-33 -28 1 1
-32 -28 -1 4
-32 -28 0 6
-30 -6 6 0
-30 -6 7 0
-30 -6 5 0
-33 -6 6 0
-33 -6 7 0
-30 -28 0 1
-30 -28 1 1
-45 3 3 0
-45 3 4 0
-32 -29 -2 1
-32 -28 -2 1
-46 1 3 0
-47 1 3 0
-43 24 1 1
-51 20 1 1
-51 21 1 1
-51 22 1 1
-50 20 1 1
-45 1 0 2
-12 -25 1 1
-12 -25 2 0
-14 -27 1 0
-14 -25 3 0
-15 -26 -1 1
-14 -26 -1 1
-13 -26 -1 1
-13 -25 -1 1
-13 -24 -1 1
-12 -23 1 1
-12 -23 0 2
-13 -22 -1 1
-12 -23 -1 1
-12 -22 -1 1
-11 -24 -1 1
-11 -23 -1 1
-11 -23 0 4
-11 -23 1 1
-11 -22 -1 1
-14 -22 0 1
-15 -21 -1 1
-14 -22 -1 1
-14 -21 -1 1
-13 -21 -1 1
-14 -27 2 0
-14 -28 0 2
-15 -29 -1 1
-15 -29 0 1
-15 -29 1 1
-15 -28 -1 1
-15 -28 0 1
-14 -29 -1 1
-14 -29 0 1
-14 -29 1 1
-14 -28 -1 1
-13 -29 -1 1
-13 -29 0 1
-13 -29 1 1
-13 -28 -1 1
-12 -26 1 1
-14 -27 0 2
-13 -27 0 1
-13 -27 1 1
-13 -27 2 1
-12 -27 0 1
-12 -27 1 1
-12 -27 2 1
-12 -26 0 1
-12 -26 2 1
-12 -25 0 3
-4 -6 0 1
-4 -6 1 2
-42 20 7 1
-42 5 12 0
-43 17 7 6
-47 1 1 2
-45 24 3 4
-35 -8 4 0
-29 10 4 1
-46 4 11 1
-45 5 11 1
-30 4 2 1
-30 4 3 1
-29 5 4 7
-30 4 4 1
-41 21 6 1
-29 4 5 1
-42 21 8 0
-42 21 6 1
-34 -8 -1 1
-34 -8 0 9
-34 -8 1 1
-36 -7 -1 1
-35 -7 -1 1
-38 -8 1 1
-47 5 7 1
-47 6 7 1
-47 6 8 1
-40 22 6 1
3 -9 0 1
3 -9 1 1
-47 6 11 1
3 -8 0 1
3 -8 1 1
-41 -10 5 0
-43 -8 3 0
-44 1 11 0
-30 -22 -3 1
-30 -23 -3 1
-27 2 5 1
-40 22 8 5
-43 22 8 0
-43 22 7 0
-42 20 10 0
-51 19 2 1
-36 -4 6 1
-40 20 8 3
-42 22 9 0
-43 22 9 0
-1 -10 2 0
-1 -10 3 0
-1 -10 1 1
-2 -7 1 1
-2 -7 2 1
-2 -7 3 1
-2 -6 1 1
-2 -6 2 1
-2 -6 3 1
-2 -7 4 1
-2 -6 4 1
-41 20 9 6
-41 21 9 0
-41 21 10 0
-33 -8 1 1
-33 -7 -1 1
-15 -1 4 1
-33 -7 1 1
-37 -9 2 0
-38 -9 2 0
-40 -9 -1 1
-37 -11 2 0
-38 -10 0 6
-19 -45 3 0
-19 -45 4 0
-20 -45 4 0
-44 -1 10 0
-45 -1 10 0
-40 21 10 8
-40 22 10 8
-41 23 10 8
-42 22 10 0
-42 21 10 0
-36 12 8 0
-35 12 8 0
-40 20 10 2
-38 13 8 1
-38 12 8 1
-39 12 8 8
-37 11 8 1
-37 10 8 1
-36 11 8 0
-37 12 6 1
-52 0 6 0
-47 11 8 7
-45 -2 10 0
-48 1 1 1
-49 12 8 1
-43 0 10 0
-48 13 8 1
-47 13 8 0
-47 12 8 11
-39 -10 -1 2
-39 -9 -1 3
-38 -10 -1 1
-43 22 10 0
-66 21 1 1
-66 21 2 1
-37 -9 -1 1
-37 -8 -1 1
-66 22 2 1
-66 22 3 1
-66 23 1 1
-66 23 2 1
-66 23 3 1
-65 21 2 2
-65 21 3 2
-65 21 4 2
-64 21 4 1
-65 21 1 1
-62 19 2 3
-63 18 1 1
-63 18 2 2
-63 18 3 1
-63 19 1 1
-49 -4 1 0
-45 14 11 1
-42 11 16 0
-28 -38 1 1
-14 -53 12 0
-48 11 9 0
-47 -2 1 18
-24 -35 0 2
-24 -34 0 1
-24 -34 1 6
-51 17 1 1
-53 17 1 1
-48 0 4 1
-47 11 10 7
-35 12 7 0
-35 14 8 0
-35 14 7 1
-39 12 7 9
-37 11 7 1
-35 11 8 0
-35 11 7 0
-29 -27 3 0
-18 -1 2 1
-17 -2 2 1
-20 -56 8 1
-21 -55 10 1
-21 -55 9 1
-21 -55 8 1
-21 -56 10 1
-56 9 1 1
-55 8 0 1
-55 9 0 1
-55 10 0 1
-33 -9 4 1
-46 0 4 1
-27 -6 7 0
-28 -9 7 0
-28 -7 8 0
-27 -3 6 1
-26 -3 6 1
-29 -5 5 0
-29 -7 8 0
-21 7 0 1
-23 1 4 1
-61 10 3 1
-45 -7 0 1
-45 -7 2 1
-40 9 9 1
-22 1 3 1
-62 11 0 1
-34 1 4 1
-42 -11 1 1
-34 -3 7 1
-43 -11 -1 1
-48 11 7 6
-65 18 4 0
-41 2 10 0
-50 13 7 1
-60 20 6 1
-49 24 4 0
-23 5 3 0
-24 4 3 1
-46 8 14 5
-41 10 9 1
-50 28 1 1
-47 11 7 11
-51 14 7 0
-42 12 15 0
-37 -9 4 0
-45 10 14 0
-42 -8 -1 4
-46 11 14 0
-44 12 15 0
-39 17 2 2
-39 -11 3 0
-40 -11 4 0
-1 -13 0 5
-42 -7 5 0
-49 3 16 0
-11 0 4 1
-11 1 3 1
-11 1 4 1
-1 -4 7 1
-26 -2 -1 1
-53 -1 3 0
-1 -13 7 0
-40 -5 0 13
0 -12 6 0
-47 12 1 1
-48 25 10 0
-3 -8 7 0
-4 -8 7 1
-42 -7 6 0
-45 2 0 1
-24 0 1 2
-58 -4 4 0
-42 -6 6 0
-39 13 15 1
-44 8 0 1
-10 0 5 1
-42 5 10 0
-31 -5 5 0
-31 -5 6 0
-32 -6 5 0
-33 -7 5 0
-9 0 5 1
-2 -16 2 0
-4 -16 3 0
-4 -14 2 0
-7 -14 2 1
-7 -13 0 1
-7 -13 1 1
-7 -13 2 1
-6 -13 -1 1
0 -19 0 1
0 -19 1 1
0 -19 2 1
0 -18 2 1
-17 -22 2 0
-16 -22 2 0
-16 -22 1 1
-16 -20 2 3
-16 -19 3 1
-15 -20 1 2
-15 -20 2 1
-15 -20 3 1
-15 -19 1 1
-15 -19 2 1
-15 -19 3 1
-17 -20 1 1
-18 -23 2 0
-18 -24 2 0
-18 -24 1 0
-17 -23 2 0
-18 -22 3 0
-18 -22 4 0
-15 -22 2 0
-15 -22 3 0
-15 -22 1 1
-15 -21 2 2
-14 -21 1 2
-14 -21 2 1
-14 -21 3 1
-14 -20 1 1
-14 -20 2 1
-14 -20 3 1
-16 -21 3 0
-15 -20 0 1
-15 -19 0 1
-14 -21 0 1
-14 -20 0 1
-14 -19 0 1
-14 -19 1 1
-14 -19 2 1
-17 -19 2 1
-17 -18 3 1
-16 -18 3 1
-17 -21 3 0
-18 -21 3 0
-19 -22 3 0
-19 -24 2 0
-18 -24 3 0
-19 -24 1 0
-17 -24 2 0
-17 -24 3 0
-17 -24 1 1
-16 -23 2 0
-16 -24 2 0
-16 -24 3 0
-16 -23 1 1
-16 -24 1 0
-17 -22 3 0
-17 -22 4 0
-16 -23 -1 1
-16 -22 -1 1
-16 -21 -1 1
-44 -17 3 0
-44 -17 1 0
-43 -18 2 0
-43 -18 3 0
-43 -18 1 0
-42 -19 2 0
-42 -18 3 0
-42 -19 1 0
-41 -18 2 0
-41 -18 3 0
-41 -18 1 0
-43 -7 -1 6
-42 -6 0 30
-22 -33 0 1
-21 -33 0 1
-21 -33 1 1
-21 -33 2 1
-23 -32 2 0
-23 -32 1 0
-24 -32 1 1
-27 -34 1 1
-11 -60 12 0
-15 -61 11 0
-13 -61 11 0
-13 -62 11 0
-13 -60 12 0
-13 -61 12 0
-12 -61 11 0
-12 -61 12 0
-13 -60 13 0
-13 -60 10 2
-28 -29 4 0
-25 -29 3 0
-26 -29 4 0
-26 -2 1 2
-26 -3 3 3
-2 -14 0 3
-2 -15 0 3
-1 -14 1 39
-26 -4 2 1
0 -15 4 1
-27 -2 3 1
-1 -15 4 1
-27 -2 1 14
-17 -50 11 0
-1 -14 3 12
0 -15 3 1
0 -15 2 1
-37 -1 -1 1
-42 15 4 43
-38 -2 -1 1
-39 -1 -1 1
-38 5 0 1
-38 8 1 1
-38 7 1 1
-32 7 1 1
-24 -34 4 8
-24 -34 3 13
-36 -4 0 1
-45 21 11 0
-45 21 12 0
-48 22 12 0
-48 21 12 0
-48 19 11 0
-48 19 12 0
-48 19 10 0
-25 -28 4 0
-47 19 12 0
-47 21 12 0
-47 21 13 0
-47 21 9 0
-26 -34 4 0
-35 -9 0 12
-35 -9 1 1
-37 -4 -1 1
-37 -10 1 1
-31 -27 1 1
-31 -26 -1 1
-40 -1 0 21
-30 -24 2 0
-38 -2 0 17
-33 6 1 8
-29 -3 2 1
-36 15 8 0
-33 -23 -3 1
-33 -22 -3 1
-29 -2 0 5
-29 -2 1 1
-4 -4 2 1
-47 3 4 0
-45 3 6 0
-10 -10 6 1
-10 -9 6 1
-32 -22 -3 1
-47 5 6 8
-9 -10 6 1
-9 -9 6 4
-9 -8 5 1
-41 -8 4 0
-8 -10 6 1
-8 -9 6 5
-8 -8 5 0
-8 -8 6 1
-7 -7 5 0
-7 -7 6 0
-7 -6 5 1
-7 -6 6 0
-6 -7 5 1
-6 -7 6 1
-6 -6 5 3
-6 -6 6 4
-7 -10 8 3
-7 -10 9 1
-7 -9 8 1
-7 -9 9 1
-7 -8 8 1
-5 3 7 1
-6 -10 8 2
-6 -10 9 1
-13 3 3 1
-6 -9 9 1
-6 -8 8 1
-6 -8 9 1
-49 5 6 1
-40 6 12 0
-40 -11 -2 1
-24 -35 5 1
-24 -33 5 1
-40 4 3 1
-23 -34 5 1
-51 6 3 1
-28 -36 3 0
-51 6 5 1
-27 -36 4 1
-27 -36 2 1
-25 -36 2 1
-27 -34 0 1
-52 7 8 4
-52 7 6 16
-55 9 7 1
-50 6 6 1
-50 6 7 1
-55 5 8 0
-55 7 9 0
-55 7 4 14
-32 12 3 1
-53 22 3 2
-63 27 5 1
-34 -18 2 0
-64 14 0 1
-36 17 3 14
-40 -5 5 0
-55 3 5 1
-55 1 5 0
-50 13 13 0
-39 18 1 1
-39 -7 -2 1
-22 0 1 3
-19 5 4 1
-55 3 6 1
-56 2 5 1
-55 2 6 0
-53 1 6 0
-52 2 6 0
-40 19 10 1
-44 16 9 11
-43 16 9 1
-42 16 9 1
-42 17 9 1
-19 5 3 1
-20 5 4 1
-20 5 3 1
-28 -13 8 1
-51 6 11 1
-40 -11 -1 0
0 -10 7 0
-50 25 2 9
-41 4 1 1
-41 4 0 1
-42 16 15 0
-19 6 1 1
-41 15 15 0
-63 13 0 1
-63 12 0 1
-41 17 15 0
-41 17 16 0
-63 11 0 1
-64 13 0 1
-41 3 2 1
-16 -5 5 1
-11 -2 0 1
-63 12 7 0
-63 12 6 0
-61 11 4 1
-61 11 6 0
-61 11 5 0
-63 10 4 0
-63 10 6 0
-63 10 5 0
-64 11 4 0
-64 11 6 0
-64 11 5 0
-65 12 4 0
-60 15 3 1
-60 15 7 1
-60 14 7 1
-60 15 6 1
-51 7 4 1
-51 7 5 1
-51 7 6 1
-53 11 11 0
-44 -12 -1 1
-36 16 1 1
-28 -13 11 0
-40 18 9 1
-40 18 10 1
-40 19 9 1
-46 18 15 0
-25 -38 4 8
-46 19 15 0
-59 11 3 1
-60 11 3 1
-59 11 7 1
-41 18 9 1
-60 12 7 1
-59 29 1 1
-56 28 4 1
-57 28 3 1
-55 29 2 6
-2 -8 7 0
-24 0 3 2
-31 2 1 1
-31 1 1 1
-50 17 4 1
-48 19 7 1
-20 -55 7 1
-23 -1 3 1
-64 16 9 1
-5 -10 7 1
-53 23 3 1
-41 0 0 27
-59 0 4 1
-46 20 15 0
-57 6 5 8
-46 21 15 0
-40 7 6 6
-38 13 10 0
-37 13 10 0
-38 13 9 1
-37 13 9 0
-38 15 10 1
-38 15 9 1
-39 15 10 8
-39 15 9 8
-39 12 9 6
-39 13 12 7
-39 13 9 1
-39 13 8 1
-63 15 9 1
-10 -26 -1 1
-10 -25 -1 1
-10 -24 -1 1
-9 -26 -1 1
-9 -26 0 2
-9 -26 1 2
-9 -25 -1 1
-9 -25 0 2
-9 -25 1 3
-9 -24 -1 1
-9 -24 0 2
-9 -24 1 1
-12 -24 1 1
-12 -24 2 1
-10 -23 -1 1
-10 -23 0 4
-10 -23 1 1
-10 -22 -1 1
-10 -22 0 2
-10 -22 1 1
-15 -23 0 2
-16 -22 0 1
-11 -25 1 1
-12 -24 0 2
-12 -23 2 1
-12 -21 -1 1
-15 -25 0 1
-15 -27 1 1
-13 -28 0 2
-12 -29 -1 1
-12 -29 0 1
-12 -29 1 1
-12 -28 -1 1
-11 -27 0 2
-11 -28 -1 1
-11 -28 0 1
-11 -28 1 1
-11 -27 -1 1
-10 -28 -1 1
-10 -28 0 1
-10 -28 1 1
-10 -27 -1 1
-10 -27 0 2
-10 -27 1 1
-13 -25 3 0
-12 -26 -1 1
-12 -25 -1 1
-12 -24 -1 1
-11 -25 2 0
-37 1 7 0
-37 1 8 0
-24 2 0 1
-24 2 1 11
-41 12 12 13
-40 12 1 1
-28 -32 1 1
-26 1 -1 1
-53 5 12 0
-23 -48 7 0
-50 3 5 0
-41 5 12 0
-34 -11 2 0
-38 18 3 7
-40 19 3 6
-26 -3 -1 1
-29 -29 3 0
-29 -29 -2 7
-30 -30 -3 1
-50 13 5 1
-46 5 10 3
-38 8 4 16
-40 8 4 32
-24 -1 0 2
-23 0 -1 1
-26 2 1 24
-26 2 2 18
-25 1 1 27
-25 2 2 5
-25 2 3 1
-26 1 0 4
-26 1 1 2
-26 2 0 1
-28 -30 2 1
-29 1 0 2
-27 -32 0 3
-27 -32 1 1
-26 -32 -1 1
-26 -4 -1 1
-33 -11 -1 1
-33 -11 0 7
-33 -11 1 1
-33 -10 -1 1
-33 -10 0 7
-33 -10 1 1
-34 -9 -1 1
-34 -9 0 10
-34 -9 1 1
-36 -8 1 4
-32 -6 1 0
-31 -5 1 0
-31 -6 2 1
-29 -5 -1 1
-29 -5 0 1
-29 -5 1 11
-29 -4 -1 1
-29 -4 0 2
-35 -7 1 1
-36 -10 2 1
-39 -9 0 6
-33 -3 -1 1
-33 -3 0 1
-30 -33 1 1
-29 -33 -1 1
-32 -3 0 2
-32 -3 1 1
-31 -3 -1 1
-28 -33 0 1
-28 -33 1 1
-34 -5 0 2
-32 -8 2 1
-32 -7 0 4
-31 -8 -1 1
-32 -33 -1 1
-31 -6 -1 1
-32 -33 1 1
-31 -33 -1 1
-31 -33 0 1
-31 -33 1 1
-27 -33 -1 1
-27 -33 0 3
-27 -33 1 1
-26 -33 -1 1
-37 -8 0 4
-37 -8 1 1
-36 -8 -1 1
-36 -8 0 5
-35 -8 -1 1
-38 -12 2 0
-51 12 5 1
-53 13 5 1
-29 -30 -3 1
-38 17 3 1
-9 -5 3 0
-38 0 -1 1
-44 -6 -1 10
-42 14 15 0
-51 4 11 5
-44 -5 -1 2
-44 -5 0 10
-21 -45 6 0
-30 -5 2 1
-33 -2 -1 1
-46 9 3 1
-33 -2 1 1
-32 -2 -1 1
-32 -2 0 1
-32 -2 1 1
-31 -2 -1 1
-31 -2 0 2
-43 -4 11 0
-34 -3 0 1
-34 -3 1 1
-42 9 3 2
-29 -9 1 1
-29 -9 2 1
-49 10 2 1
-41 20 13 1
-27 -30 2 0
-27 -30 1 1
-45 -4 -1 1
-45 -4 0 13
-45 -4 1 7
-45 -3 -1 1
-45 -3 0 3
-29 -32 2 1
-29 -32 3 1
-28 -32 2 1
-28 -32 3 1
-27 -31 2 1
-29 -30 3 1
-29 -30 4 0
-29 -30 -2 3
-51 3 12 0
-29 -31 -3 1
-41 12 13 18
-40 5 9 0
-40 5 10 0
-22 -48 7 0
-42 3 9 0
-42 3 10 0
-40 4 10 0
-48 20 1 1
-35 16 7 6
-51 21 7 1
-53 5 11 0
-52 6 11 5
-40 16 15 0
-30 -8 5 8
-30 -9 4 1
-41 -7 11 0
-38 14 12 0
-39 -17 4 0
-36 -16 4 0
-22 -43 8 0
-42 -2 5 0
-39 -2 5 0
-36 14 8 0
-40 17 15 0
-51 4 8 1
-51 3 7 0
-40 -12 2 0
-40 -11 2 0
-43 -10 2 1
-42 -9 2 1
-45 -13 0 1
-45 -13 1 1
-45 -13 2 1
-45 -12 2 1
-45 -11 2 1
-44 -11 2 1
-42 -12 2 0
-39 -13 2 0
-7 4 9 1
-32 15 1 1
-41 4 5 0
-39 15 12 8
-46 25 1 1
-45 25 1 1
-44 25 1 1
-30 10 5 1
-52 22 1 1
-52 23 1 1
-51 18 2 2
-30 12 5 1
-62 17 5 1
-48 2 2 1
-29 10 6 1
-29 11 5 2
-29 11 6 2
-29 12 5 5
-29 12 6 1
-28 10 5 1
-28 10 6 1
-28 11 5 7
-28 11 6 3
-28 12 5 1
-28 12 6 1
-37 -16 3 0
-47 12 5 16
-47 5 10 1
-49 2 5 0
-48 14 12 0
-50 12 12 0
-19 -53 9 1
-47 11 11 8
-48 12 14 0
-48 12 10 0
-19 5 6 1
-47 -2 5 0
-20 -53 10 1
-20 -55 9 1
-21 -56 8 1
-20 1 5 0
-17 3 4 2
-20 0 2 7
-17 2 4 1
-18 3 4 1
-20 1 2 1
-17 3 5 2
-20 -56 10 1
-19 -56 8 1
-19 -56 9 1
-19 -56 10 2
3 -9 -1 1
-40 22 9 9
-41 20 8 9
-46 3 0 1
-47 13 10 0
-48 13 10 0
-48 14 10 0
-17 -1 2 1
-19 4 6 1
-48 -2 5 0
-19 6 6 1
-18 4 5 2
-17 2 2 15
-17 2 3 5
-38 0 0 1
-52 17 2 3
-52 17 3 10
-19 7 6 1
-52 17 1 1
-48 12 8 0
-58 -4 5 0
-23 -52 7 1
-24 -52 9 1
-24 -51 8 1
-29 10 1 1
-49 12 13 0
-49 20 8 1
-50 23 7 0
-49 23 8 0
-50 24 9 0
1 -12 0 1
1 -12 1 1
0 -12 0 2
-45 17 7 1
-30 4 1 1
-29 -21 -1 1
-30 0 2 1
-30 -10 5 4
-49 24 8 0
-50 25 8 0
-51 24 8 0
-50 23 8 0
-41 2 0 4
-22 -3 2 7
-22 -3 3 1
-22 -2 1 2
-22 -2 2 2
-22 -2 3 1
-22 -1 1 2
-22 -1 2 4
-22 -1 3 3
-23 -3 4 1
-23 -2 4 1
-23 -1 4 1
-22 -3 4 1
-1 -10 0 16
-2 -9 0 1
-2 -12 0 11
-1 -12 0 14
-22 -1 0 1
-25 -5 1 1
-51 24 9 0
-25 -5 3 2
-24 -5 1 1
-50 22 9 0
-8 -3 2 0
-26 -5 4 2
-25 -5 4 1
-25 -4 4 2
-24 -5 4 1
-24 -4 4 1
-24 -4 2 1
-44 -1 9 0
-44 0 10 0
-47 3 0 1
-47 3 1 1
-44 1 10 0
-49 13 8 1
-50 12 8 0
-49 11 8 9
-48 10 8 5
-45 -2 9 0
-51 0 5 0
-51 0 6 0
-52 0 5 0
-18 5 6 1
-52 -1 5 0
-53 -1 5 0
-51 9 5 2
-29 15 2 1
-48 13 12 0
-7 3 7 1
-12 -3 0 14
-32 -2 2 1
-49 -3 0 1
-49 -3 1 1
-43 2 10 0
-45 4 9 0
-50 16 2 5
-46 3 10 0
-46 3 8 0
-46 2 9 0
-47 2 9 0
-46 2 10 0
-47 2 8 0
-46 0 9 0
-46 0 10 0
-46 0 8 0
-45 2 10 0
-45 2 11 0
-48 11 10 1
-4 -5 0 1
-49 0 0 1
3 -8 -1 1
-14 0 3 9
-15 2 3 4
-51 19 1 1
-52 19 3 1
-61 8 5 0
-16 0 -1 1
-48 10 7 5
-43 0 1 11
-44 1 0 1
-45 0 0 1
-45 0 1 11
-44 -1 0 1
-30 1 3 6
-31 1 3 1
-31 1 2 1
-25 2 4 1
-21 7 4 1
-21 6 4 5
-40 21 8 3
-40 21 9 6
-26 2 5 1
-41 23 8 1
-41 22 9 0
-41 23 9 5
-42 21 9 0
-38 19 14 0
-47 2 4 0
-48 -3 9 0
-38 -13 1 0
-38 -10 1 1
-22 -39 2 0
-46 8 7 1
-46 8 8 1
-2 -15 -1 1
-1 -15 -1 1
0 -15 -1 1
-30 9 5 1
-31 -1 5 1
-8 -4 -1 1
-30 -1 4 1
-13 -1 -1 1
-12 -1 -1 1
-4 -15 1 1
-3 -15 -1 1
-3 -15 0 4
-3 -15 1 1
1 -15 -1 1
1 -15 0 1
1 -15 1 1
2 -15 -1 1
2 -15 0 1
2 -15 1 1
-47 2 6 0
-48 3 6 18
4 -12 -1 1
4 -12 0 1
4 -12 1 1
4 -11 -1 1
4 -11 0 1
4 -11 1 1
4 -10 -1 1
4 -10 0 1
4 -10 1 1
3 -15 -1 1
3 -15 0 1
3 -15 1 1
3 -14 -1 1
3 -14 0 1
3 -14 1 1
3 -13 -1 1
-39 17 10 1
-39 20 11 1
-40 20 11 1
-44 20 4 10
-45 19 4 31
-46 18 4 14
-44 18 2 7
-40 19 11 1
-40 18 11 1
-43 21 4 4
-21 -56 9 1
-47 -2 6 0
-20 1 4 0
-49 -1 6 0
-49 0 6 0
-48 0 6 0
-48 0 5 0
-20 -50 10 0
-19 0 2 1
-29 -26 4 0
-29 -26 3 0
-23 -51 10 1
-61 11 0 1
-61 12 0 1
-61 13 0 1
0 -10 3 0
-2 -13 3 0
0 -12 3 0
-41 15 8 1
-41 15 9 1
-40 15 7 1
-40 15 8 1
-40 15 9 1
-41 15 10 1
-40 15 10 1
-41 -2 7 0
-40 -6 1 1
-39 -5 0 26
-40 -5 -1 1
-53 29 6 1
-60 11 5 0
-60 11 6 0
-40 16 7 1
-51 29 6 1
-53 28 1 1
-53 29 1 1
-52 29 1 1
-51 29 1 1
-53 26 4 1
-53 26 2 6
-55 26 2 3
-55 26 3 2
-55 26 4 3
-54 26 2 3
-54 26 3 1
-54 26 4 1
-55 26 5 1
-54 26 5 1
-55 26 1 1
-54 26 1 1
-55 22 2 1
-55 22 3 1
-55 22 4 1
-54 23 2 2
-55 22 1 1
-35 -10 3 0
-35 -10 4 0
-35 -10 2 0
-36 -9 2 1
-37 -8 2 0
-39 -9 2 1
-39 -10 2 1
-37 -12 2 0
-36 -12 2 0
-37 -10 0 9
-38 -11 -1 1
-37 -11 -1 1
-36 -11 -1 1
-36 -10 -1 1
-36 -9 -1 1
-32 -24 -2 1
-25 -39 3 3
-60 10 6 0
-19 1 0 7
-61 11 7 0
-25 3 0 1
-25 3 1 7
-25 3 2 1
-24 3 0 1
-24 3 1 4
-24 3 2 3
-25 3 3 1
-28 0 0 4
-45 13 15 0
-39 12 16 0
-1 -9 3 0
-36 -23 3 0
-51 12 8 0
-51 13 8 0
-49 14 8 1
-13 -6 4 1
-19 -38 1 1
-44 17 11 1
-48 2 0 1
-12 -8 1 1
-24 9 6 1
-40 22 5 1
-39 7 13 0
-43 22 4 2
-63 23 1 1
-15 -3 2 1
-35 -8 1 1
-25 -1 -1 1
-56 22 3 1
-58 22 5 1
-30 -25 -3 1
-14 -53 9 0
-24 0 4 1
-38 0 3 0
-41 9 17 0
-41 7 15 0
-18 -55 11 1
-17 -53 12 0
-44 -1 3 0
-58 9 8 0
-44 21 5 4
-44 21 6 1
-45 21 5 9
-46 19 5 1
-47 19 4 24
-46 17 4 27
-44 16 7 14
-44 19 7 1
-44 19 3 1
-17 -55 10 24
-18 -54 11 1
-42 9 16 0
-47 11 14 0
-31 -8 8 0
-31 -28 -1 1
-39 -22 4 0
-47 -3 2 1
-29 -27 2 0
-32 -30 -2 1
-39 13 2 1
-49 11 14 2
-15 -55 9 1
-15 -55 11 1
-42 1 3 1
-44 0 2 1
-44 0 3 0
-44 -3 2 1
-44 -2 3 0
-24 10 3 1
-24 9 4 1
-25 10 4 1
-25 9 4 9
-24 -29 4 0
-26 -31 4 0
-44 22 7 2
-46 21 5 16
-41 -1 1 9
-41 0 1 24
-43 1 2 1
-43 1 3 0
-43 1 1 9
-44 0 1 8
-45 -1 2 1
-45 -1 1 36
-44 -2 2 1
-27 -31 3 1
-43 -3 1 1
-25 -31 3 0
-43 -1 4 0
-43 -1 0 8
-16 -54 10 1
-42 19 7 6
-27 1 5 1
-26 1 5 1
-25 1 5 1
-24 4 5 0
-41 19 7 14
-43 21 6 1
-43 20 7 0
-44 21 7 0
-44 1 1 5
-45 -1 3 0
-24 -30 4 0
-27 -32 3 1
-44 19 8 0
-26 -32 4 0
-24 -32 3 0
-24 -31 3 0
-26 -30 5 0
-26 -30 2 0
-26 -30 1 1
-40 11 15 1
-22 -37 1 1
-15 -54 10 1
-20 -37 3 1
-20 -37 2 1
-41 11 16 0
-40 9 15 0
-39 9 14 0
-34 12 10 0
-23 -40 1 1
-31 -26 -3 1
-59 24 2 2
-37 4 5 0
-43 2 2 1
-49 1 4 0
-49 1 2 0
-50 1 3 0
-50 1 4 0
-45 0 3 0
-49 -1 1 2
-45 -2 3 0
-43 0 4 0
-43 0 0 5
-48 26 2 1
-60 24 2 3
-47 24 5 1
-47 24 4 1
-28 -27 1 0
-28 -27 2 0
-12 -3 4 0
-11 -4 4 0
-44 2 2 1
-44 2 3 0
-44 3 2 1
-46 2 2 3
-46 0 2 1
-44 0 4 0
-44 0 0 6
-51 0 3 0
-51 0 4 0
-49 0 1 2
-22 3 2 1
-30 6 5 4
-19 -36 2 1
-18 -3 5 1
-19 -36 0 1
-51 1 3 0
-51 1 4 0
-51 1 2 0
-34 -17 3 0
-34 -17 4 0
-35 -16 3 0
-35 -17 4 0
-35 -16 4 0
-36 -18 3 0
-34 -20 4 0
-35 -18 5 0
-35 -18 2 0
-35 -18 1 0
-23 8 2 1
-23 -39 4 1
-24 9 3 1
-24 9 2 1
-23 2 1 11
-22 1 0 1
-39 0 6 0
-38 0 6 0
-38 1 5 0
-38 1 6 0
-23 1 0 1
-46 1 2 1
-46 -1 3 1
-46 -1 2 1
-44 0 5 0
-42 2 8 0
-24 4 1 13
-24 4 2 1
-23 4 0 1
-41 1 8 0
-45 21 9 0
-41 2 9 0
-47 19 10 0
-46 19 11 0
-46 17 10 0
-46 17 11 0
-46 17 9 0
-38 -1 5 0
-45 17 11 0
-25 4 1 3
-45 19 11 0
-45 19 12 0
-25 5 2 1
-35 -15 3 0
-35 -17 5 0
-51 2 4 0
-51 2 2 0
-52 0 3 0
-51 11 2 0
-32 -11 8 0
-29 -12 7 2
-39 0 3 0
-40 2 2 1
-41 2 2 6
-8 -10 7 1
-34 4 4 1
-31 9 4 0
-4 -12 0 3
-34 -23 -1 0
-25 7 3 0
-19 -37 0 1
-46 13 4 25
-12 1 4 1
-49 13 4 28
-50 12 4 30
-49 10 4 11
-56 7 5 14
-55 7 5 1
-56 7 6 1
-56 7 4 9
-56 8 6 1
-57 9 5 0
-57 8 6 1
-59 8 6 0
-59 7 5 1
-45 14 5 32
-48 13 4 14
-59 5 6 0
-57 5 6 7
-56 5 5 9
-36 -15 3 0
-36 -15 4 0
-57 7 7 0
-23 5 1 5
-23 5 2 1
-27 6 0 1
-45 14 4 16
-49 12 4 14
-26 6 0 1
-26 6 1 11
-26 6 2 1
-25 6 0 1
-25 6 1 8
-25 6 2 1
-47 13 5 0
-45 14 3 2
-47 14 4 6
-39 16 8 2
-40 12 8 26
-39 11 9 8
-39 11 8 9
-37 12 9 0
-37 12 8 1
-39 14 10 2
-49 16 2 4
-48 15 2 1
-48 16 2 2
-54 17 2 1
-54 17 3 1
-54 17 4 1
-53 17 2 1
-53 17 3 1
-52 15 3 2
-64 10 8 1
-65 11 8 1
-65 10 8 1
-65 10 7 1
-65 10 6 1
-66 12 8 1
-66 11 8 1
-21 4 -1 1
-21 3 -1 1
-15 1 4 1
-40 21 7 1
-34 14 4 4
-36 -2 1 6
-35 14 3 2
-39 21 6 1
-33 12 3 1
-39 22 5 1
-39 22 6 1
-39 22 7 1
-43 23 6 1
-42 23 6 1
-41 22 4 1
-41 22 5 1
-41 22 6 1
-41 23 4 1
-41 23 5 1
-36 0 2 1
-41 22 3 1
-41 23 3 1
-40 0 1 20
-37 16 9 0
-42 19 2 3
-38 0 4 0
-41 19 1 1
-40 14 8 24
-40 13 8 13
-36 12 3 4
-38 11 8 9
-28 -1 1 1
-1 -5 4 1
-27 -4 -1 1
-38 14 7 1
-27 -2 -1 1
-66 10 7 1
-66 10 6 1
-65 11 7 1
-64 15 7 1
-18 -9 4 1
-16 -7 3 1
-16 -7 2 1
-60 13 4 3
-22 -42 5 0
-38 8 8 1
-39 11 13 0
-12 -7 1 8
-40 8 12 0
-40 18 1 1
-61 12 3 1
-49 3 5 14
-13 1 5 1
-66 17 6 0
-38 18 6 1
-65 16 0 1
-38 19 5 1
-38 19 6 1
-38 20 4 1
-38 20 5 1
-38 20 6 1
-38 19 3 1
-38 20 3 1
-41 21 4 1
-41 21 5 1
-40 21 4 1
-40 21 5 1
-41 21 3 1
-40 21 3 1
-41 14 6 1
-36 -23 5 0
-57 8 7 0
-59 12 8 1
-44 3 6 0
-36 1 6 0
-30 12 3 19
-30 12 2 8
-32 14 4 1
-34 15 2 2
-32 11 4 0
-57 5 7 1
-15 -51 10 0
-47 20 6 1
-51 12 9 0
-59 14 5 1
-59 14 4 1
-59 13 6 2
-59 13 5 2
-61 15 3 1
-61 15 4 1
-41 -9 2 0
-10 -2 1 5
-11 -1 0 1
-10 -2 0 1
-10 -1 0 1
-9 -3 0 1
-9 -2 0 1
-9 -1 0 1
-14 -6 4 1
-28 -27 0 0
-58 -1 6 0
-29 5 7 1
-29 6 7 1
-29 7 7 1
-32 8 6 0
-17 -5 0 1
-50 18 2 1
-50 18 1 1
-50 19 1 1
-55 14 4 1
-1 -9 1 1
-43 21 16 0
-29 -26 2 0
-30 -28 2 0
-30 -26 3 0
-9 -7 6 0
-9 -6 5 0
-11 -4 -1 1
-8 -7 5 0
-8 -7 6 0
-6 -5 6 1
-8 -6 6 0
-41 -3 1 3
-37 -2 2 1
-37 -2 1 1
-5 -5 8 1
-5 -5 9 1
-11 -3 -1 1
-9 -10 8 1
-9 -10 9 1
-9 -9 8 1
-9 -9 9 1
-34 -27 -1 6
-34 -27 0 5
-34 -27 1 1
-34 -26 -1 1
-34 -26 0 1
-34 -26 1 1
-34 -25 -1 1
-41 6 1 1
-34 -25 1 1
-31 -28 2 0
-33 -29 -1 1
-37 -1 3 1
-33 -29 1 1
-40 -2 1 1
-28 -20 3 0
-32 -29 1 1
-31 -29 -1 10
-6 -7 9 1
-30 -21 3 0
-30 -22 3 0
-29 -28 0 0
-30 -22 4 0
-31 -27 -3 1
-29 -21 4 0
-31 -25 -3 1
-10 0 0 1
-30 -26 -3 1
-30 -20 1 0
-29 -27 -3 1
-44 16 15 0
-45 10 4 1
-22 -40 5 0
-52 3 0 1
-32 -10 7 0
-24 3 4 0
-24 6 4 0
-23 6 4 0
-45 -10 2 1
-37 5 0 1
-21 2 3 0
-33 5 2 1
-46 -9 0 3
-46 -10 2 1
-25 11 1 1
-7 3 10 1
-21 6 5 3
-7 4 10 1
-46 10 14 0
-52 9 8 1
-53 14 9 0
-6 4 10 1
-45 -8 0 7
-47 -7 2 0
-40 18 2 3
-44 -7 -2 1
-45 -7 -2 1
-46 -7 -2 1
-45 -8 1 1
-47 -7 0 1
-28 10 2 4
-22 4 3 0
-23 6 3 1
-25 8 4 1
-38 11 7 10
-34 10 3 1
-40 13 9 2
-39 15 8 13
-38 16 9 2
-38 16 8 4
-44 19 12 0
-23 -33 0 1
-33 6 2 2
-35 6 3 1
-35 6 2 1
-31 9 1 1
-36 6 2 1
-37 1 2 1
-19 -2 3 9
-34 3 2 1
-31 -15 -2 1
-31 -16 0 1
-31 -16 -1 1
-43 3 1 3
-34 6 2 1
-28 -21 4 0
-32 11 2 5
-38 0 1 5
-51 26 5 0
-54 7 7 4
-57 5 8 0
-31 -26 1 1
-32 -20 2 0
-52 18 4 1
-34 -18 0 0
-17 1 2 2
-43 11 12 29
-59 -2 5 0
-59 -2 6 0
-45 8 10 9
-52 22 3 1
-43 -1 5 0
-49 18 6 1
-34 -19 0 0
-38 16 10 1
-44 3 3 0
-48 4 3 13
-39 12 6 16
-47 3 2 1
-42 7 4 1
-40 -1 1 4
-21 -46 8 0
-36 15 3 2
-13 -56 9 1
-38 18 2 3
-40 16 1 1
-49 14 12 0
-51 12 12 0
-49 10 13 1
-49 12 14 0
-41 13 11 3
-13 -57 10 1
-40 13 10 6
-39 13 11 2
-13 -59 10 1
-13 -59 9 1
-52 2 0 1
-57 7 9 0
-52 1 1 1
-56 6 6 1
-54 31 5 1
-15 10 10 1
-15 10 11 1
-34 -22 -3 1
-52 3 2 1
-53 1 3 0
-53 1 2 0
-51 1 1 2
-14 10 11 1
-21 -43 6 0
-50 20 4 2
-59 7 8 0
-48 23 2 3
-13 10 10 1
-13 10 11 1
-5 -7 -1 1
-16 -11 4 0
-16 -11 3 0
-16 -8 5 1
-15 -9 3 1
-15 -9 5 1
-16 -9 6 1
-17 -8 7 1
-16 -9 7 1
-16 -8 6 1
-16 -8 7 1
-15 -10 7 1
-15 -9 6 1
-15 -9 7 1
-15 -8 6 1
-15 -8 7 1
-15 -10 2 1
-15 -9 2 1
-15 -8 2 1
-18 -10 4 0
-18 -10 5 0
-19 -10 5 1
-19 -10 3 1
-20 -10 3 1
-21 -12 2 1
-21 -12 3 1
-21 -11 2 13
-21 -11 3 3
-21 -10 2 2
-21 -10 3 2
-20 -12 2 5
-20 -11 2 3
-20 -10 2 1
-19 -14 3 1
-18 -11 2 3
-19 -12 1 2
-19 -11 1 1
-19 -10 1 1
-18 -10 1 2
-17 -10 1 2
-35 -5 8 0
-34 -5 8 0
-31 -6 8 0
-30 -7 8 0
-27 -7 8 0
-26 -7 3 0
-26 -7 7 0
-25 -11 3 1
-25 -12 3 1
-26 -11 3 1
-25 -4 6 1
-25 -4 5 1
-25 -5 5 1
-26 -11 2 1
-26 -7 4 0
-25 -6 5 1
-24 -3 5 1
-24 -3 4 1
-24 -4 5 1
-25 -3 5 1
-26 -3 5 1
-24 -6 5 0
-23 -7 5 0
-26 -11 1 1
-27 -10 1 1
-28 -10 1 1
-27 -10 2 1
-28 -10 3 1
-28 -10 2 1
-27 -10 3 2
-25 -8 4 0
-25 -5 6 1
-23 -6 4 0
-24 -7 4 0
-25 -7 -1 1
-32 -28 -3 1
-32 -27 -3 1
-32 -26 -3 1
-57 29 2 1
-47 21 6 1
-57 28 1 1
-35 -28 0 1
-30 -11 9 0
-33 6 3 1
-33 5 3 1
-45 22 12 0
-41 15 12 15
-54 5 3 1
-27 7 5 0
-37 13 11 0
-24 -40 5 0
-24 -39 2 0
-42 18 6 37
-25 -8 -1 1
-44 16 5 84
-35 3 4 1
-55 30 3 2
-55 30 2 1
-52 26 2 1
-53 27 2 1
-54 28 2 1
-52 27 4 1
-48 21 6 1
-51 5 2 12
-53 5 3 1
-53 5 2 0
-54 3 3 0
-55 4 4 25
-55 3 3 1
-56 3 4 8
-55 3 2 0
-53 3 5 0
-53 3 1 2
-53 14 7 4
-19 -6 1 1
-35 -11 -1 1
-26 -41 4 0
-24 -41 5 0
-24 -39 1 4
-25 -40 0 1
-24 -40 0 1
-23 -39 0 2
-26 -33 1 1
-43 19 4 1
-35 4 4 1
-40 19 5 19
-32 -9 2 8
-31 -10 1 14
-51 5 4 22
-53 6 4 20
-55 4 3 1
-55 4 2 0
-10 -9 5 1
-25 -41 4 0
-55 2 2 0
-24 -42 5 0
-23 -41 5 0
-24 -40 6 0
-24 -40 2 1
-42 -4 1 1
-21 -2 6 1
-40 10 7 2
-50 12 5 1
-30 -29 -2 1
-39 -7 6 0
-52 1 2 0
-58 6 5 1
-22 -41 6 0
-22 -39 6 0
-26 -41 5 0
-25 -41 6 0
-25 -42 5 0
-25 -42 6 0
-25 -42 4 0
-24 -43 5 0
-24 -42 6 0
-22 -42 6 0
-24 -41 6 0
-24 -41 7 0
-21 -5 -1 1
-22 -5 -1 1
-21 -41 6 0
-21 -41 5 0
-23 -40 6 0
-22 -40 6 0
-22 -37 6 1
-25 -40 6 0
-23 -42 6 0
-23 -43 6 0
-23 -42 5 0
-23 -43 5 0
-23 -41 7 0
-23 -41 8 0
-23 -41 6 0
-29 -15 10 0
-51 6 8 1
-50 4 8 1
-50 5 8 1
-50 6 8 1
-52 8 8 5
-51 7 8 1
-51 8 8 2
-36 6 6 1
-21 -42 6 0
-22 -42 7 0
-21 -42 7 0
-22 -41 7 0
-22 -40 7 0
-23 -40 7 0
-24 -40 7 0
-24 -42 7 0
-25 -42 7 0
-24 -43 6 0
-24 -43 7 0
-23 -44 6 0
-23 -43 7 0
-22 -43 6 0
-22 -43 7 0
-23 -42 7 0
-23 -42 8 0
-20 -49 8 0
-18 -54 12 0
-36 -6 6 2
-33 14 3 3
-51 19 4 4
-21 -41 7 0
-24 -44 7 0
-24 -44 6 0
-23 -44 7 0
-21 -44 7 0
-21 -44 6 0
-23 -42 9 0
-60 9 4 0
-47 12 6 9
-19 2 2 1
-43 0 5 0
-52 4 1 4
-56 11 8 1
-5 -4 7 1
-26 3 1 5
-35 14 4 1
-66 19 5 0
-16 -50 10 0
-39 -6 13 0
-28 12 3 3
-46 3 5 0
-21 -43 7 0
-20 -43 7 0
-21 -43 8 0
-20 -43 6 0
-51 9 6 1
-31 -9 3 6
-32 -7 4 1
-32 -7 3 0
-23 4 1 11
-27 10 3 12
-6 -5 5 1
-5 -11 7 1
-36 -19 4 0
-36 -19 3 0
-40 20 7 1
-40 -19 3 0
-39 -20 4 0
-43 20 1 1
-42 20 1 1
-38 -21 4 0
-32 -5 4 0
-38 -21 3 0
-33 -5 4 1
-34 -7 6 0
-36 -26 3 0
-19 -50 7 0
-51 -1 3 0
-42 -8 2 1
-56 12 5 1
-56 12 6 1
-56 12 7 1
-55 12 6 1
-55 12 7 2
-54 11 7 2
-54 12 5 1
-54 12 6 1
-20 -3 2 3
-23 9 3 1
-44 21 9 0
-21 -46 5 0
-48 25 6 1
-48 26 6 1
-60 19 6 1
-48 27 4 1
-51 9 11 5
-51 8 12 1
-51 9 12 2
-51 10 12 1
-52 9 9 1
-50 8 11 1
-50 8 12 1
-51 9 8 6
-51 9 9 10
-38 -3 6 0
-50 9 12 1
-56 -1 1 0
-57 -1 1 0
-58 -2 1 0
-59 -1 1 0
-62 13 4 1
-64 16 7 1
-40 -5 6 0
-40 -5 7 0
-38 -4 6 0
-51 16 5 1
-15 -2 3 0
-64 12 6 0
-62 12 5 0
-62 12 6 0
-64 14 7 1
-54 0 4 0
-53 0 0 1
-53 1 0 1
-52 -1 0 1
-52 0 0 1
-52 1 0 1
-51 1 0 1
-26 9 0 1
-56 12 8 1
-19 -36 3 1
-35 11 10 0
-15 4 3 1
-14 4 3 1
-60 21 3 3
-31 -6 3 1
-39 11 15 0
-34 16 7 1
-46 7 11 1
-46 7 12 1
-46 7 13 1
-2 -12 1 1
-56 22 5 1
-57 22 5 1
-18 5 0 1
-52 7 13 1
-51 6 12 1
-51 6 13 1
-51 7 12 1
-25 -9 -1 1
-37 -4 6 1
-37 -4 5 1
-41 -5 6 0
-41 -5 7 0
-24 -8 4 0
-39 -6 7 0
-38 -5 6 0
-38 -5 7 0
-39 -4 8 0
-51 9 13 1
-51 10 13 1
-50 8 13 1
-50 9 13 1
-21 -8 5 1
-45 7 8 10
-45 7 9 6
-25 -9 4 0
-48 17 5 1
-48 17 6 1
-48 18 6 1
-50 18 6 1
-20 -11 0 1
-36 -5 6 4
-21 -8 3 0
-35 -6 5 1
-35 -6 6 1
-52 17 7 3
-35 -5 5 1
-55 0 5 0
-55 0 6 0
-35 -4 5 1
-16 -10 2 1
-55 -2 5 0
-50 17 5 1
-55 -2 6 0
-55 -3 5 0
-55 -3 6 0
-53 -4 5 0
-53 -2 7 0
-53 -2 4 0
-53 -2 3 0
-21 -12 0 1
-22 -10 0 1
-33 -7 3 0
-33 -6 3 0
-22 -11 0 1
2 -11 2 0
0 -14 3 2
-22 -12 0 1
1 -15 2 1
1 -15 3 1
1 -15 4 1
1 -14 4 1
0 -11 4 0
0 -11 0 8
-23 -9 0 1
1 -12 -1 1
1 -11 -1 1
-23 -10 0 1
1 -10 -1 1
-55 -1 6 0
-23 -11 0 1
-56 -2 5 0
-56 -2 6 0
-54 -4 5 0
-54 -4 6 0
-54 -2 7 0
-54 -2 4 0
-54 -2 3 0
3 -12 -1 1
3 -12 0 1
3 -12 1 1
3 -11 -1 1
3 -11 0 2
3 -11 1 1
3 -10 -1 1
3 -10 0 1
3 -10 1 1
-24 -9 2 1
1 -9 0 6
-24 -9 1 3
0 -8 -1 1
1 -9 -1 1
1 -8 -1 1
1 -8 0 1
-24 -9 0 1
-25 -3 -1 1
-25 -2 -1 1
-24 -10 2 1
-27 -1 3 1
-24 -10 1 1
-28 0 -1 1
-27 0 -1 1
-40 3 10 0
-24 -10 0 1
-26 -1 -1 1
-40 4 11 0
-39 3 10 0
-2 -7 -1 1
-39 4 10 0
-56 -1 6 0
-24 -11 2 1
-57 0 4 3
-57 -2 5 0
-56 -3 5 0
-56 -3 6 0
-55 -4 5 0
-24 -11 1 1
-24 -11 0 1
-23 -9 4 1
-21 -9 1 0
-21 -9 2 1
-19 -8 3 0
-18 -7 0 1
-19 -10 2 0
-18 -9 -1 1
-19 -9 -1 1
-20 -9 -1 1
-19 -10 0 2
-18 -14 2 1
-18 -14 1 1
-19 -14 2 1
-19 -14 1 1
-20 -14 3 1
-20 -14 2 1
-24 6 6 0
-20 -14 1 1
-20 -11 1 2
-21 -9 4 1
-21 -9 3 1
-22 -9 4 2
-22 -9 3 1
-22 -9 2 1
-22 -9 1 1
-23 -9 3 1
-23 -9 2 1
-23 -9 1 2
-23 -10 3 2
-23 -10 2 3
-23 -10 1 3
-23 -11 3 2
-23 -11 2 2
-23 -11 1 1
-17 -10 3 0
-17 -10 2 1
-18 -10 2 0
-18 -10 -1 1
-18 -11 -1 1
-18 -12 -1 1
-19 -10 -1 1
-19 -11 -1 1
-19 -12 -1 1
-20 -10 -1 1
-20 -11 -1 1
-26 8 5 0
-25 7 5 0
-25 7 6 0
-20 -12 -1 1
-19 -11 0 1
-19 -13 1 1
-20 -12 1 3
-20 -13 1 1
-21 -13 1 1
-21 -13 3 1
-21 -13 2 1
-21 -10 1 2
-21 -11 1 6
-21 -12 1 3
-22 -10 1 4
-22 -11 1 1
-22 -12 1 1
-22 -10 5 1
-20 -9 2 0
-20 -9 4 0
-20 -9 3 0
-19 -9 2 0
-19 -9 4 0
-19 -9 3 0
-16 -7 5 1
-17 -7 5 1
-17 -8 5 1
-18 -7 5 1
-17 -11 2 1
-17 -13 2 1
-18 -12 2 1
-18 -13 2 1
-19 -12 2 4
-19 -13 2 2
-20 -13 2 1
-22 -10 3 7
-22 -10 2 10
-22 -11 3 1
-22 -11 2 1
-22 -12 3 1
-22 -12 2 1
-18 -10 3 0
-15 -10 6 1
-17 -8 6 1
-16 -9 5 1
-17 -11 3 1
-16 -11 1 1
-16 -12 1 1
-16 -13 1 1
-17 -11 1 1
-17 -12 1 1
-17 -13 1 1
-18 -11 1 3
-18 -12 1 1
-18 -13 1 1
-17 -12 2 1
-20 -11 3 6
-20 -12 3 3
-20 -13 3 1
-19 -10 4 1
-16 -10 4 0
-14 -8 5 1
-14 -8 4 1
-14 -8 3 1
-14 -9 5 1
-14 -9 4 1
-14 -9 3 1
-15 -8 5 1
-15 -8 4 1
-15 -8 3 1
-15 -9 4 1
-17 -12 3 1
-16 -14 3 1
-17 -13 3 1
-17 -14 3 1
-18 -14 3 1
-18 -11 3 1
-18 -12 3 2
-18 -13 3 1
-55 -4 6 0
-55 -2 7 0
-55 -2 4 0
-55 -2 3 0
-4 -12 -1 1
-19 -11 3 1
-3 -13 0 5
-4 -14 -1 1
-27 0 1 1
-19 -12 3 5
-24 -4 -1 1
-24 -4 0 1
-24 -4 1 2
-24 -3 0 1
-3 -14 0 4
-3 -14 1 1
-3 -13 -1 1
-2 -14 -1 1
1 -13 0 4
0 -14 -1 1
1 -14 -1 1
1 -14 0 2
1 -14 1 1
1 -13 -1 1
2 -14 -1 1
2 -14 0 2
2 -14 1 1
2 -13 -1 1
2 -13 0 1
2 -13 1 1
-1 -5 7 1
-19 -13 3 1
-64 17 7 1
-64 16 6 1
-18 -11 4 1
-66 13 5 0
-66 13 4 0
-64 14 5 0
-64 13 5 0
-64 13 6 0
-64 13 4 0
-24 0 0 1
1 -10 0 3
-40 18 5 11
-17 -10 4 0
-42 16 4 5
-17 -11 4 0
-30 3 -1 1
-30 3 0 1
-30 3 1 1
-17 -10 5 0
-29 3 -1 1
-29 3 0 1
-29 3 1 1
-28 3 -1 1
-1 -14 -1 1
-1 -13 -1 1
0 -14 1 2
0 -13 -1 1
0 -13 0 3
0 -11 7 0
1 -11 7 0
-1 -10 7 0
0 -9 7 0
-1 -9 7 0
-33 7 0 1
-33 8 0 1
-51 25 3 0
0 -12 7 0
-17 -11 5 0
-32 -11 -1 1
-32 -11 0 7
-32 -11 1 1
-32 -10 -1 1
-32 -10 0 10
-32 -10 1 7
-32 -9 -1 1
-32 -9 0 3
-32 -9 1 9
-36 -6 -1 1
-36 -6 0 3
-36 -6 1 12
-15 -11 4 0
-49 28 1 1
-52 25 3 1
-54 24 4 4
-54 24 5 2
-53 20 2 1
-53 20 3 1
-53 20 4 1
-53 21 2 1
-53 21 3 1
-53 21 4 1
-52 20 2 1
-52 20 3 1
-52 20 4 1
-6 -9 7 6
-6 -10 7 4
-25 0 1 10
-35 -9 3 0
-33 12 5 0
-33 12 4 0
-28 3 1 2
-28 3 2 4
-27 3 0 1
-27 3 1 12
-27 3 2 10
-26 3 0 1
-52 27 1 1
-52 28 1 1
-27 0 2 1
-27 0 0 3
-55 23 4 1
-55 24 2 1
-55 24 3 1
-55 24 4 1
-55 25 2 6
-55 25 3 5
-55 25 4 7
-54 25 2 4
-54 25 3 3
-54 25 4 5
-54 24 2 5
-55 23 1 1
-55 24 1 1
-55 25 1 1
-54 23 1 1
-54 24 1 1
-54 25 1 1
-51 24 2 2
-15 -11 6 0
-9 -24 2 0
-12 -20 0 1
-12 -20 1 1
-12 -20 2 1
-11 -20 0 1
-11 -20 1 2
-11 -20 2 1
-10 -21 0 4
-10 -21 1 3
-10 -21 2 3
-10 -20 0 1
-10 -20 1 2
-10 -20 2 2
-12 -20 3 1
-12 -20 4 1
-11 -20 3 1
-11 -20 4 1
-10 -21 3 1
-10 -21 4 1
-10 -20 3 1
-10 -20 4 1
-12 -20 -1 1
-11 -20 -1 1
-10 -21 -1 1
-10 -20 -1 1
-9 -27 2 1
-8 -27 0 1
-8 -27 1 1
-8 -27 2 1
-8 -26 2 1
-9 -26 3 1
-10 -27 4 1
-9 -27 3 1
-9 -27 4 1
-9 -26 4 1
-8 -27 3 1
-8 -27 4 1
-8 -26 3 1
-8 -26 4 1
-8 -25 4 1
-8 -27 -1 1
-11 -24 3 1
-11 -24 0 2
-52 3 15 0
-50 2 14 0
-50 1 14 0
-50 2 15 0
-31 4 2 1
-15 -12 4 0
-58 7 2 0
-57 7 3 1
-58 7 1 2
-35 4 0 1
-50 1 15 0
-58 4 1 0
-33 -1 5 1
-33 -1 6 1
-33 0 4 1
-48 3 14 3
-48 3 15 1
-48 2 14 0
-56 8 1 1
-58 7 3 1
-58 4 3 1
-48 17 3 1
-32 -1 4 3
-33 0 3 1
-32 0 3 1
-32 0 4 1
-32 0 5 1
-31 0 3 1
-31 0 4 1
-33 5 4 1
-55 8 1 1
-57 7 2 0
-57 8 2 0
-57 8 3 1
-9 -22 2 0
-12 -19 0 1
-12 -19 1 1
-12 -19 2 1
-11 -19 0 1
-11 -19 1 1
-11 -19 2 1
-10 -19 0 1
-10 -19 1 1
-10 -19 2 1
-11 -23 2 2
-13 -23 3 1
-9 -26 2 1
-8 -25 2 1
-9 -25 2 2
-10 -26 3 1
-9 -25 3 1
-8 -25 3 1
-8 -24 3 1
-7 -27 -1 1
-7 -27 0 1
-7 -27 1 1
-7 -26 -1 1
-7 -26 0 1
-7 -26 1 1
-7 -25 -1 1
-16 -12 4 0
-16 -13 3 1
-17 -15 5 1
-18 -12 5 1
-17 -13 5 1
-18 -11 5 0
-15 -11 5 0
-7 -21 -1 1
-7 -21 0 8
-15 -13 4 1
-15 -14 4 1
-15 -15 4 1
-16 -14 5 1
-16 -14 8 0
-16 -16 6 0
-14 -14 6 0
-15 -15 7 0
-15 -12 7 0
-15 -15 6 0
-15 -12 6 0
-14 -16 7 1
-14 -16 6 1
-14 -16 5 1
-14 -17 7 1
-14 -17 6 1
-14 -17 5 1
-15 -17 7 1
-15 -17 6 1
-15 -17 5 1
-15 -16 6 1
-15 -14 7 0
-16 -13 4 1
-16 -14 4 1
-16 -15 4 1
-17 -14 5 6
-17 -14 8 0
-17 -16 7 0
-17 -16 6 0
-15 -14 6 0
-20 -17 6 1
-20 -17 5 1
-20 -17 4 1
-18 -11 7 0
-17 -13 7 0
-18 -13 7 0
-17 -13 6 0
-18 -13 6 0
-19 -14 7 0
-23 -15 6 1
-23 -15 5 1
-23 -15 4 1
-21 -14 7 0
-18 -11 6 0
-18 -12 7 0
-24 -9 4 0
-24 -9 8 0
-24 -9 7 0
-22 -10 4 1
-22 -11 6 1
-22 -11 5 2
-22 -11 4 1
-22 -12 6 1
-22 -12 5 1
-22 -12 4 1
-23 -11 4 2
-23 -12 6 1
-23 -12 5 4
-23 -11 5 1
-23 -11 6 0
-23 -12 4 1
-23 -13 6 1
-23 -13 5 2
-8 -23 1 1
-9 -23 2 0
-8 -23 2 0
-7 -23 0 3
-7 -24 -1 1
-7 -23 -1 1
-7 -22 -1 1
-6 -24 -1 1
-6 -24 0 1
-6 -24 1 1
-6 -23 -1 1
-6 -23 0 1
-6 -23 1 1
-6 -22 -1 1
-6 -22 0 1
-6 -22 1 1
-8 -21 0 9
-9 -20 -1 1
-8 -21 -1 1
-8 -20 -1 1
-8 -20 0 5
-23 -13 4 1
-24 -12 4 1
-24 -13 6 1
-24 -13 5 2
-24 -13 4 1
-25 -12 5 1
-25 -13 6 1
-25 -13 5 1
-25 -13 4 1
-24 -12 5 1
-24 -11 6 1
-25 -12 4 1
-26 -12 4 1
-25 -10 6 0
-26 -12 7 1
-26 -12 6 1
-26 -12 5 1
-23 -8 5 0
-24 -9 5 0
-23 -8 6 0
-24 -9 6 0
-22 -9 5 1
-23 -9 5 0
-22 -9 6 0
-23 -9 6 0
-59 12 5 5
-59 12 4 6
-60 13 5 2
-17 5 2 1
-17 5 1 1
-64 19 7 1
-63 18 7 1
-63 19 5 1
-63 19 6 1
-31 12 4 1
-32 13 2 1
-33 15 2 1
-35 11 2 6
-27 -7 5 0
-27 -7 3 0
-27 -7 4 0
-27 -7 7 0
-26 -8 6 0
-26 -8 5 0
-28 -7 5 0
-27 -7 6 1
-25 -7 6 0
-26 -7 6 0
-25 -7 5 0
-26 -7 5 0
-28 -6 8 0
-27 -8 5 0
-27 -8 7 0
-27 -8 6 0
-28 -8 7 0
-28 -5 6 0
-26 -4 6 1
-26 -4 5 1
-26 -5 6 1
-26 -5 5 4
-27 -4 6 1
-27 -5 7 0
-27 -5 6 1
-26 -6 5 2
-26 -6 7 0
-26 -6 6 1
-30 -5 9 0
-29 -6 6 0
-29 -6 8 0
-29 -6 7 0
-30 -6 8 0
-30 -3 6 0
-30 -3 7 0
-29 -3 6 0
-30 -4 6 0
-29 -3 8 0
-29 -3 7 0
-29 -5 6 0
-29 -5 8 0
-30 -2 7 0
-30 -4 8 0
-30 -4 7 0
-31 -4 8 0
-31 -5 7 0
-33 -5 8 0
-34 -5 7 0
-31 -2 8 0
-31 -3 8 0
-32 -3 8 0
-31 -3 7 0
-32 -3 7 0
-2 -7 0 1
-2 -6 0 1
-4 -9 1 1
-6 -13 1 3
-6 -13 2 1
-6 -13 3 1
-5 -13 1 1
-5 -13 2 1
-5 -13 3 1
-6 -13 4 1
-34 -2 9 0
-34 -2 8 0
-33 -3 8 0
-34 -4 8 0
-36 -2 8 0
-32 -2 8 0
-32 -2 7 0
-33 -2 7 0
-35 -1 9 0
-34 -3 8 0
-33 -3 7 0
-35 -3 8 0
-36 -3 8 0
-37 -1 8 0
-36 0 8 0
-35 0 8 0
-34 0 8 0
-33 0 7 0
-33 -1 8 0
-33 -1 7 0
-28 -7 3 1
-35 1 7 0
-35 1 6 0
-34 1 6 1
-35 0 7 0
-37 0 8 0
-36 2 7 0
-36 0 7 0
-34 -12 3 0
-55 2 1 0
-48 10 3 4
-48 10 4 1
-49 12 3 9
-24 -1 4 1
-23 -1 0 1
-23 -52 4 1
-22 -52 5 1
-20 -58 9 1
-20 -58 11 1
-20 -57 9 1
-19 -58 9 1
-41 -4 1 1
-13 -5 0 1
-32 -14 2 0
-32 -14 3 0
-31 -16 2 0
-32 -15 2 0
-32 -16 1 0
-32 -16 2 0
-31 -17 2 0
-36 -20 -1 0
-36 -20 0 0
-37 -20 -1 0
-37 -20 0 0
-37 -22 1 0
-37 -21 1 0
-38 -21 1 0
-37 -20 1 0
-39 -20 1 0
-37 -19 1 0
-39 -19 0 0
-39 -19 1 0
-39 -21 2 0
-37 -18 2 0
-37 -19 2 0
-40 -19 1 0
-40 -19 5 0
-38 -21 2 0
-40 -21 2 0
-40 -21 4 0
-40 -21 3 0
-40 -20 2 0
-40 -20 3 0
-38 -18 2 0
-41 -19 1 0
-41 -19 5 0
-41 -19 4 0
-39 -20 2 0
-41 -21 2 0
-41 -21 3 0
-42 -20 2 0
-42 -20 4 0
-42 -20 3 0
-42 -19 4 0
-41 -17 4 0
-39 -17 2 0
-39 -19 2 0
-41 -18 5 0
-41 -18 4 0
-41 -20 2 0
-41 -19 2 0
-41 -20 4 0
-41 -20 3 0
-43 -19 4 0
-43 -18 4 0
-43 -17 4 0
-41 -16 4 0
-39 -18 2 0
-40 -18 2 0
-40 -18 4 0
-40 -18 3 0
-41 -19 3 0
-40 -19 2 0
-42 -19 3 0
-43 -19 3 0
-43 -19 2 0
-43 -17 3 0
-43 -16 3 0
-41 -16 3 0
-41 -17 3 0
-42 -17 4 0
-42 -17 3 0
-49 23 5 0
-41 10 1 1
-21 -49 5 0
-51 24 3 1
-36 -7 6 1
-35 15 1 1
-36 -6 7 1
-37 -4 7 1
-37 17 1 1
-52 23 3 10
-49 27 3 1
-65 20 4 0
-60 18 1 1
-19 -48 4 0
-47 25 6 1
-60 19 5 1
-60 18 6 1
-60 18 5 1
-61 20 6 1
-61 19 6 1
-61 18 6 1
-49 26 5 24
-60 18 3 1
-41 14 1 1
-41 13 1 1
-45 26 5 1
-42 13 1 1
-33 13 5 0
-35 -11 1 1
-32 -21 4 0
-12 -6 1 1
-21 4 2 1
-19 4 5 1
-23 -36 3 1
-24 -35 4 4
-13 -4 0 3
-10 -10 4 1
-25 -35 5 1
-43 6 13 0
-27 -35 4 2
-19 -56 11 1
-33 3 5 1
-53 7 8 1
-10 -5 3 0
-9 -5 2 0
-10 -5 2 0
-50 -1 1 2
-14 -4 4 1
-46 13 3 10
-49 11 3 3
-47 11 3 9
-55 7 1 4
-40 -7 -2 1
-43 -12 0 5
-43 -11 -3 1
-30 -13 9 0
-39 15 5 3
-47 19 3 1
-48 20 3 1
-38 15 5 0
-48 13 3 7
-47 12 3 6
-61 17 7 1
-61 15 2 1
-39 14 11 1
-50 4 6 4
-48 14 3 5
-48 15 3 1
-47 13 14 0
-47 13 15 0
-56 -4 3 0
-44 13 14 0
-52 13 9 0
-44 13 13 1
-50 13 6 1
-36 -11 3 0
-17 -7 0 1
-17 -6 3 1
-13 -8 0 1
-12 -5 3 1
-10 -3 1 1
-15 -3 5 1
-33 -1 2 1
-45 12 13 1
-45 14 16 0
-19 -8 1 0
-42 14 10 1
-28 -1 3 0
-56 -3 3 0
-58 -2 3 0
-58 -3 3 0
-60 -5 2 1
-57 -4 3 0
-57 -3 1 0
-53 9 6 1
-52 11 5 1
-47 26 1 1
-33 -27 -1 1
-48 22 2 1
-43 13 14 0
-43 13 15 0
-46 12 14 0
-46 12 15 0
-45 11 14 0
-45 11 15 0
-45 13 16 0
-56 -3 2 0
-55 -3 2 0
-52 14 8 0
-52 14 9 0
-46 11 15 0
-53 13 7 9
-52 11 8 1
-52 11 7 2
-50 11 7 7
-59 -5 2 3
-57 -4 2 0
-57 -5 2 0
-51 7 7 1
-43 14 15 0
-54 2 6 0
-43 11 14 1
-43 11 15 0
-45 12 16 0
-45 12 12 3
-19 -48 9 0
-17 -49 7 0
-49 21 9 0
-35 -5 6 1
-42 12 14 1
-44 10 14 0
-44 10 15 0
-44 12 16 0
-44 12 12 11
-59 -5 1 3
-37 15 2 2
-36 15 1 1
-30 -11 11 0
-39 5 5 4
-39 5 4 3
-36 -8 4 0
-37 -8 4 0
-36 -8 3 0
-39 -8 4 0
-39 -8 3 0
-29 4 6 1
-37 -24 6 0
-28 4 6 1
-39 8 3 4
-39 8 5 3
-36 -25 4 0
-34 -13 11 0
-50 10 6 1
-5 -8 9 1
-5 -8 8 1
-13 -2 4 0
-5 -9 8 1
-52 12 7 16
-50 13 4 23
-50 27 1 1
-48 21 10 0
-18 -50 7 0
-18 -51 7 0
-50 2 12 0
-32 10 4 0
-50 14 6 3
-54 14 9 0
-34 -15 2 0
-23 -38 5 2
-66 11 7 1
-66 11 6 1
-16 -8 4 1
-41 17 10 1
-41 17 11 1
-51 22 6 14
-13 3 1 1
-20 -41 4 0
-41 8 6 12
-14 -5 5 1
-14 -4 5 1
-13 -7 4 1
-12 -7 4 2
-11 -7 4 1
-11 -6 2 0
-11 -7 2 1
-11 -6 3 0
-11 -7 3 1
-12 -9 0 1
-11 -9 0 1
-11 -9 1 1
-11 -9 2 1
-10 -9 0 1
-10 -9 1 1
-10 -9 2 1
-10 -8 0 1
-9 -6 2 0
-11 -5 4 0
-11 -5 0 3
-12 -6 -1 1
-11 -6 -1 1
-10 -6 -1 1
-10 -5 -1 1
-10 -4 -1 1
-53 10 2 1
-52 10 3 2
-52 12 2 5
-24 10 4 1
-16 -2 3 2
-8 -11 7 1
-41 17 3 1
-5 -8 7 6
-35 13 10 0
-43 13 10 1
-26 10 2 6
-17 -54 9 2
-27 10 1 4
-40 14 4 28
-64 14 3 1
-16 -51 10 0
-63 24 1 1
-1 -12 1 1
0 -11 1 1
-57 10 5 1
-59 11 2 1
-58 11 2 1
-59 10 3 0
-59 9 3 0
-60 9 3 0
-58 9 1 2
-57 8 0 1
-57 9 0 1
-57 10 0 1
-64 12 5 0
-53 6 5 15
-65 12 6 0
-18 -52 10 0
-52 5 5 12
-57 10 4 1
-19 -52 10 0
-38 12 9 1
-38 14 10 0
-38 14 11 1
-38 14 9 0
-40 14 10 6
-40 14 11 7
-40 14 9 6
-41 11 9 1
-38 11 10 1
-41 10 15 1
-26 -35 4 1
-40 12 7 3
-45 8 16 2
-45 8 14 21
-23 -35 3 1
-25 -34 5 1
-43 10 16 0
-43 10 17 0
-27 11 4 2
-22 -38 4 1
-20 -19 2 1
-19 -20 -1 1
-19 -20 0 2
-19 -20 1 3
-19 -19 -1 1
-19 -19 0 1
-19 -19 1 1
-19 -18 -1 1
-19 -18 0 2
-19 -18 1 1
-19 -18 3 1
-19 -17 1 1
-19 -17 2 1
-19 -17 3 1
-19 -16 1 1
-19 -16 2 1
-19 -16 3 1
-20 -17 -1 1
-20 -17 0 1
-21 -16 -1 1
-21 -16 0 1
-23 -18 2 0
-24 -19 2 0
-22 -21 2 0
-23 -22 -1 1
-23 -22 0 1
-23 -22 1 1
-22 -22 -1 1
-22 -22 0 1
-45 22 3 1
-64 25 1 1
-28 -34 3 1
-33 -21 4 0
-11 -3 1 1
-33 -9 3 1
-44 8 14 1
-44 8 15 1
-43 7 14 0
-43 9 13 0
-43 9 12 0
-36 17 9 0
-43 -15 -3 1
-14 -1 2 21
-14 -7 1 1
-14 -7 2 1
-49 2 1 1
-14 -7 3 1
-13 -7 1 1
-51 23 8 0
-13 -7 2 1
-13 -7 3 1
-43 5 5 0
-44 6 6 1
-13 -5 3 10
-13 -4 1 1
-13 -4 2 1
-42 8 7 7
-55 23 5 1
-54 24 6 1
-15 -59 11 1
-50 26 7 0
-47 27 6 1
-47 27 5 1
-25 -34 4 1
-31 -18 3 0
-31 -15 3 0
-31 -17 4 0
-30 -7 7 0
-55 24 7 1
-55 25 5 1
-55 25 6 1
-34 -3 -1 1
-32 -6 0 2
-40 -8 2 1
-4 -6 2 2
-4 -6 3 2
-31 5 5 1
-31 -9 6 1
-31 6 4 26
-49 1 12 0
-41 -7 2 0
-41 -9 5 0
-31 7 3 5
-48 3 12 0
-6 -9 1 0
-18 -7 1 1
-29 9 7 0
-30 11 6 0
-30 11 5 0
-30 12 7 1
-30 12 6 1
-30 11 7 1
-30 13 6 1
-26 12 7 1
-26 12 6 1
-40 -9 1 1
-40 -9 0 1
-48 22 9 0
-49 24 11 0
-40 7 2 7
-21 -45 7 0
-22 -45 6 0
-22 -45 8 0
-22 -45 7 0
-22 -44 7 0
-24 -45 6 0
-24 -45 8 0
-24 -45 7 0
-27 9 7 0
-27 9 6 0
-29 8 6 0
-29 9 6 0
-28 9 6 0
-27 8 7 0
-27 8 6 0
-27 6 6 0
-28 7 6 0
-28 8 6 0
-28 11 7 3
-28 10 7 1
-24 10 7 1
-24 9 7 1
-24 8 7 1
-25 9 7 3
-17 6 4 1
-18 6 4 1
-15 2 -1 1
-14 1 -1 1
-14 -3 1 0
-13 -3 1 0
-58 6 3 1
-13 -6 -1 1
-12 -5 5 0
-12 -8 5 1
-13 -8 5 1
-12 -8 4 1
-12 -8 3 1
-13 -8 4 1
-13 -8 3 1
-13 -4 5 1
-13 -5 5 1
-11 -3 4 0
-29 2 3 2
-27 -10 5 5
-11 -8 4 0
-11 -8 5 1
-11 -6 4 1
-11 -6 6 0
-11 -5 5 0
-10 -6 5 0
-9 -4 6 0
-9 -4 5 0
-10 -8 6 0
-10 -8 5 0
-10 -5 6 0
-10 -5 5 0
-9 -5 6 0
-8 -7 8 0
-10 -7 5 0
-10 -7 7 0
-10 -7 6 0
-8 -5 5 0
-8 -5 7 0
-8 -5 6 0
-10 -8 4 1
-9 -11 9 1
-10 -10 9 1
-10 -11 9 1
-10 -11 8 1
-10 -11 7 1
-11 -9 9 1
-11 -10 9 1
-11 -10 8 1
-11 -10 7 1
-11 -11 9 1
-11 -11 8 1
-11 -11 7 1
-9 -7 7 0
-9 -6 7 0
-9 -6 6 0
-7 -8 9 0
-9 -8 6 0
-9 -8 7 0
-4 -5 9 1
-41 5 10 0
-30 6 6 3
-3 -11 5 0
-3 -11 4 0
-4 -10 5 0
-2 -9 4 0
-1 -9 5 0
-1 -9 4 0
0 -10 5 0
-1 -10 4 0
-1 -8 2 0
2 -11 3 0
1 -12 3 0
1 -9 3 0
1 -12 2 0
1 -9 2 0
0 -9 3 0
-2 -12 4 0
1 -13 4 1
1 -14 3 1
0 -16 2 1
-6 -11 -1 1
-4 -13 2 0
-6 -20 3 0
-6 -20 2 0
-4 -22 0 1
-4 -22 -1 1
-7 -20 3 0
-7 -20 2 0
-5 -22 1 1
-5 -22 0 1
-5 -22 -1 1
-4 -23 2 1
-4 -24 2 1
-5 -24 2 1
-5 -23 1 1
-9 -18 1 1
-9 -18 0 1
-9 -18 -1 1
-7 -18 0 5
-8 -18 1 1
-8 -18 0 1
-8 -18 -1 1
-7 -18 1 1
-26 -28 3 0
-26 -28 4 0
-42 13 16 0
-27 -27 2 0
-27 -27 1 0
-50 26 2 2
-57 -3 0 0
-2 -8 4 1
-59 -2 3 0
-41 13 15 1
-59 -3 2 0
0 -4 7 1
-37 12 15 0
-57 -3 2 0
-57 -5 4 0
-40 14 15 1
-2 -11 5 0
-2 -11 6 0
-57 -1 2 0
-1 -12 6 0
-1 -11 5 0
-36 9 5 1
-36 11 4 1
-17 0 1 0
-45 9 7 1
-42 10 7 1
-38 -19 4 0
-53 4 5 0
-36 -17 3 0
-27 -34 4 1
-2 -10 5 0
-2 -10 6 0
-38 11 11 0
-2 -9 6 0
-52 5 13 7
-52 2 13 0
-50 3 13 0
-1 -10 6 0
-41 10 14 1
-1 -9 6 0
-50 4 14 17
-1 -8 6 0
-53 6 14 0
-54 4 14 0
-53 3 14 0
-52 2 14 0
-34 9 1 1
-34 10 1 1
-25 -34 0 2
-46 -2 8 0
-47 9 5 1
-5 -18 1 1
-5 -18 0 6
-5 -18 -1 1
-6 -18 1 1
-6 -18 0 4
-6 -18 -1 1
-33 0 1 1
-29 -11 7 0
-4 -23 0 1
-4 -23 -1 1
-4 -24 1 1
-4 -24 0 1
-4 -24 -1 1
-5 -24 1 1
-5 -24 0 1
-5 -24 -1 1
-5 -23 0 1
-6 -19 -1 1
-6 -19 1 1
-6 -19 0 7
-5 -21 0 2
-9 -19 3 1
-10 -19 3 1
-11 -19 3 1
-10 -19 -1 1
-7 -19 1 1
-7 -19 0 3
-7 -19 -1 1
-8 -19 -1 1
-9 -19 1 1
-9 -19 0 1
-9 -19 -1 1
-8 -19 1 1
-8 -19 0 3
-6 -20 1 1
-6 -20 0 3
-6 -20 -1 1
-8 -22 0 3
-8 -22 3 0
-7 -23 1 1
-8 -23 0 1
-8 -22 -1 1
-8 -23 -1 1
-9 -22 3 0
-7 -24 1 1
-7 -24 0 1
-10 -25 3 1
-10 -24 0 1
-9 -20 2 1
-9 -21 2 0
-9 -21 1 1
-8 -21 2 0
-8 -21 1 1
-6 -21 1 1
-6 -21 0 4
-6 -21 -1 1
-7 -22 0 4
-7 -22 2 0
-7 -22 1 1
-8 -24 2 0
-11 -25 0 1
-8 -22 2 0
-8 -22 1 1
-10 -23 3 1
-7 -25 1 1
-7 -25 0 1
-11 -26 0 1
-11 -27 1 1
-10 -26 0 1
-10 -22 3 1
-11 -23 3 1
-12 -23 3 1
-9 -20 1 1
-9 -20 0 2
-9 -21 0 5
-9 -21 -1 1
-10 -22 2 1
-7 -20 1 1
-7 -20 0 6
-53 3 0 1
-19 -1 2 3
-32 -25 0 10
-9 -5 0 3
-33 -11 12 0
-35 -10 13 0
-36 -10 1 1
-15 -53 9 0
-41 -11 4 0
-41 -11 3 0
-40 -12 4 0
-41 -12 4 0
-40 -12 3 0
-41 -12 3 0
-39 -13 4 0
-39 -13 3 0
-39 -11 5 0
-39 -11 6 0
-39 -11 2 0
-31 -32 1 1
-39 4 2 1
-31 -32 -1 1
-32 -32 1 1
-32 -32 0 1
-50 -4 1 0
-17 -57 12 0
-39 12 15 1
-33 -10 3 1
-46 20 3 1
-37 8 3 28
-51 -2 -2 1
-51 -3 -2 1
-9 -11 2 1
-53 18 4 1
-44 14 7 1
-8 -8 1 0
-3 -6 0 1
-40 -3 2 3
-40 -2 2 1
-40 -3 3 1
-40 -2 3 0
-42 -4 2 1
-40 -6 2 1
-40 -6 3 0
-40 -4 0 42
-23 -1 1 1
-29 7 4 7
-29 7 1 2
-30 6 0 1
-30 7 0 1
-38 4 3 1
-41 -5 3 0
-38 -5 3 0
-32 -11 6 1
-31 -10 7 0
-31 -11 6 1
-56 3 2 0
-37 8 8 0
-36 -17 0 0
-42 -2 2 1
-42 -2 3 0
-20 -59 11 1
-39 11 7 1
-41 11 6 1
-38 -17 4 0
-43 11 9 1
-44 11 9 1
-13 -58 10 1
-35 -9 11 0
-34 -9 11 0
-35 -9 12 0
-31 -14 12 0
-31 -14 10 0
-32 -15 10 0
-32 -15 11 0
-30 -15 10 0
-38 18 12 9
-38 18 14 0
-39 3 5 0
-41 2 3 1
-22 -38 1 0
-23 -39 1 0
-25 -35 1 1
-34 -22 0 0
-29 -12 6 2
-29 -13 5 1
-29 -12 5 3
-29 -11 6 1
-30 -11 6 1
-30 -9 6 1
-30 -9 7 0
-36 -27 0 1
-36 -27 1 1
-36 -28 -2 1
-36 -27 -2 1
-27 -36 3 1
-28 -13 7 1
-30 -12 7 0
-29 -14 7 0
-45 14 8 1
-38 -7 6 0
-38 -7 7 0
-28 -11 6 5
-28 -12 6 1
-31 -12 8 0
-29 -11 8 0
-51 17 8 1
-22 -51 4 1
-37 -10 4 0
-36 -10 4 0
-37 -10 3 0
-36 -10 3 0
-36 -9 4 0
-36 -9 3 0
-38 -9 4 0
-38 -8 4 0
-38 -10 4 0
-38 -9 3 0
-38 -8 3 0
-39 -9 4 0
-38 -10 3 0
-39 -9 3 0
-39 -10 4 0
-40 -10 4 0
-39 -10 3 0
-40 -10 3 0
-38 -11 4 0
-39 -12 4 0
-38 -11 3 0
-39 -12 3 0
-38 -12 4 0
-38 -12 3 0
-37 -11 4 0
-36 -12 4 0
-37 -11 3 0
-36 -12 3 0
-38 -10 5 0
-38 -10 6 0
-21 -50 6 0
-35 15 7 3
-52 13 10 0
-34 -7 3 1
-34 -7 4 1
-34 -7 2 1
-39 -5 -1 1
-61 23 2 4
-59 22 3 4
-59 22 4 2
-60 21 5 1
-59 21 5 1
-58 21 5 1
-59 22 2 6
-58 21 1 1
-61 24 5 0
-62 23 1 1
-61 23 1 1
-41 15 3 3
-38 15 2 9
-22 7 5 1
-42 23 12 0
-37 3 6 0
-37 10 3 1
-20 -48 5 0
-19 -47 2 0
-29 -13 9 0
-35 -7 3 1
-58 25 5 1
-37 11 5 1
-33 2 1 3
-33 3 1 2
-65 24 1 1
-65 24 2 1
-65 24 3 1
-32 4 1 1
-35 1 3 0
-65 25 3 1
-62 22 3 0
-63 22 2 6
-64 21 1 1
-64 21 2 4
-64 21 3 1
-64 22 1 1
-64 22 2 7
-64 22 3 5
-63 21 1 1
-63 21 2 6
-63 21 3 1
-63 22 1 1
-62 21 1 1
-62 20 1 1
-62 20 2 4
-62 20 3 1
-62 21 2 4
-61 20 1 1
-61 20 2 4
-61 20 3 2
-60 20 1 1
-60 20 2 2
-60 20 3 1
-37 3 0 1
-29 -9 6 1
-35 1 4 1
-38 2 0 1
-38 3 0 1
-38 4 0 1
-29 -9 5 6
-32 -13 10 0
-40 14 3 9
-40 12 3 4
-28 -13 10 0
-31 -13 9 0
-21 -54 13 0
-20 -56 13 0
-19 -56 13 0
-47 16 10 0
-46 14 9 1
-46 15 9 1
-45 16 8 0
-31 -13 10 0
-33 1 1 1
-32 1 1 1
-38 1 0 1
-40 13 3 4
-40 11 3 7
-38 13 2 6
-17 -55 13 0
-60 22 4 1
-60 24 4 1
-61 25 2 2
-63 23 2 11
-65 22 2 6
-65 22 3 6
-65 22 4 3
-65 23 4 1
-65 24 4 1
-64 22 4 1
-65 22 1 1
-63 22 3 1
-61 23 4 0
-62 22 1 1
-31 -13 13 0
-20 -54 13 0
-20 -55 13 0
-19 -57 13 0
-17 -56 13 0
-41 13 6 1
-41 13 3 3
-39 11 3 20
-33 1 2 1
-33 1 3 1
-38 15 12 0
-50 -1 6 0
-35 0 3 2
-35 -1 4 4
-34 -1 2 1
-34 -1 3 1
-34 -1 4 1
-18 -57 11 1
-34 0 3 2
-34 0 4 1
-36 -3 2 12
-35 -3 1 1
-35 -3 2 1
-35 -3 3 1
-35 -4 1 2
-7 -20 -1 1
-7 -21 1 1
-18 -16 5 1
-17 -16 4 1
-8 -20 1 1
-56 12 3 1
-57 9 4 0
-43 0 3 0
-41 2 1 16
-41 1 2 1
-31 -2 5 1
-8 -1 1 1
-48 16 3 2
-50 14 3 60
-50 11 3 1
-48 10 5 1
-48 13 2 3
-32 14 3 1
-53 23 6 9
-20 -54 12 0
-62 8 5 0
-18 -1 4 1
-18 0 4 1
-17 0 4 1
-42 1 7 0
-44 20 12 0
-39 -11 4 0
-42 -8 6 0
-46 14 15 0
-38 -13 4 0
-46 13 15 0
-45 12 14 0
-38 -11 0 3
-41 12 14 86
-56 8 5 3
-42 20 16 0
-42 20 17 0
-37 15 3 0
-40 16 3 1
-41 16 3 4
-41 14 2 9
-41 15 2 4
-38 13 3 1
-37 14 1 1
-37 15 1 1
-37 16 1 1
-42 19 10 5
-45 15 16 0
-45 15 15 0
-44 14 13 1
-44 14 15 0
-47 24 10 0
-15 -5 4 9
-43 17 11 43
-44 17 10 1
-45 18 10 0
-45 18 9 0
-10 -4 3 0
-45 14 6 10
-49 11 5 2
-33 -16 3 0
-56 8 7 0
-58 8 6 0
-35 -14 3 0
-35 -14 4 0
-35 -16 5 0
-58 9 5 0
-59 8 7 0
-50 4 3 15
-52 0 4 0
-52 0 2 0
-58 5 6 1
-58 5 7 1
-58 5 5 1
-28 -27 -3 1
-28 -28 -3 1
-42 18 11 3
-45 15 6 5
-49 10 3 5
-33 -14 3 0
-43 19 12 1
-36 -14 3 0
-45 20 12 0
-46 19 12 0
-47 18 11 0
-46 18 12 0
-46 17 12 0
-60 7 5 0
-45 16 12 1
-45 15 10 6
-44 15 6 20
-45 18 13 0
-46 14 5 1
-46 15 5 1
-46 14 4 1
-46 15 4 1
-46 13 2 2
-44 18 12 0
-52 1 3 0
-34 -14 3 0
-34 -14 4 0
-44 17 12 1
-34 -16 2 0
-22 4 1 6
-43 18 13 0
-60 27 3 1
-60 28 1 1
-60 28 2 2
-60 28 3 2
-60 29 1 1
-46 16 13 0
-45 16 13 0
-43 16 13 1
-43 16 11 2
-45 18 14 0
-56 28 5 0
-42 16 13 1
-34 -29 0 1
-30 6 4 12
-30 6 3 11
-30 5 4 1
-44 17 13 1
-43 17 13 1
-42 17 12 13
-44 18 13 0
-46 17 13 0
-47 17 13 0
-47 17 12 0
-45 17 13 0
-46 27 2 1
-46 27 3 1
-46 27 4 1
-45 27 2 1
-45 27 3 1
-45 27 4 1
-51 22 5 16
-43 2 4 0
-19 -38 2 1
-46 10 10 1
-46 11 10 1
-45 17 15 0
-45 -5 4 0
-17 -7 3 3
-44 17 14 0
-45 13 5 5
-43 17 12 4
-48 15 5 1
-45 19 14 0
-46 18 14 0
-46 17 14 0
-47 17 14 0
-46 15 13 0
-45 16 14 0
-46 15 14 0
-46 15 12 1
-45 15 14 0
-45 15 12 1
-44 16 13 1
-43 15 13 1
-44 16 14 0
-44 15 14 0
-44 15 12 4
-38 4 5 1
-38 2 8 0
-10 -7 4 0
-8 -1 4 1
-43 16 14 0
-47 16 13 0
-46 16 14 0
-47 16 14 0
-37 19 10 1
-60 7 7 0
-44 15 13 1
-37 16 12 0
-60 31 2 1
-35 16 12 0
-61 27 1 1
-61 27 2 7
-27 0 3 1
-43 15 14 0
-18 -21 2 1
-18 -20 2 1
-18 -19 2 1
-19 -20 2 1
-19 -19 2 1
-18 -18 -1 1
-18 -18 0 1
-18 -17 -1 1
-18 -17 0 1
-21 -22 2 0
-19 -21 2 1
-18 -22 0 2
-19 -23 -1 1
-18 -23 -1 1
-18 -23 0 1
-18 -23 1 1
-18 -22 -1 1
-17 -23 -1 1
-17 -23 0 1
-17 -23 1 1
-17 -22 -1 1
-17 -22 0 2
-17 -22 1 1
-17 -21 -1 1
-36 16 12 0
-7 -6 4 0
-56 0 5 0
-56 0 6 0
-57 -1 5 0
-57 -1 6 0
-58 -2 5 0
-59 -2 4 2
-57 -4 5 0
-35 19 13 1
-56 -4 6 0
-56 -2 7 0
-56 -2 4 0
-34 -16 1 0
-58 23 2 3
-58 23 3 2
-57 27 5 0
-8 -9 8 2
-8 -10 9 1
-8 -10 8 1
-9 -8 9 1
-9 -8 8 1
-4 -5 8 1
-58 -2 6 0
-57 -3 5 0
-57 -4 6 0
-10 -10 8 2
-38 15 11 1
-31 9 3 1
-9 -7 5 0
-22 5 0 1
-50 21 1 1
-45 1 5 0
-45 1 4 0
-45 -1 4 0
-31 -16 3 0
-20 -22 2 0
-19 -22 2 0
-20 -20 3 0
-36 16 13 0
-32 -18 3 0
-32 -18 4 0
-33 -16 5 0
-33 -16 2 0
-33 -16 1 0
-37 16 13 0
-38 15 14 0
-41 18 3 1
-31 -6 7 0
-17 -52 9 0
-19 -3 5 1
-14 -1 5 1
-14 0 5 1
-22 3 1 3
-63 24 3 7
-29 -23 3 0
-42 -4 5 0
-37 15 13 0
-36 12 6 0
-38 17 13 1
-35 1 5 1
-34 14 7 1
-33 14 6 1
-33 14 7 1
-33 15 6 1
-33 15 7 1
-39 12 2 1
-38 11 2 2
-52 21 1 1
-53 7 11 1
-53 14 2 9
-51 10 3 1
-19 -6 3 0
-16 -9 2 1
-39 10 8 3
-7 2 10 1
-20 -23 1 0
-20 -23 2 0
-18 -22 1 0
-18 -22 2 0
-20 -21 3 0
-33 -17 5 0
-33 -17 2 0
-33 -17 1 0
-29 -23 0 2
-35 -21 0 0
-47 -8 0 0
-24 7 1 2
-19 -46 4 0
-27 -28 2 0
-9 0 2 1
-44 -7 6 0
-40 20 3 3
-43 14 12 9
-28 -31 -1 1
-27 -30 0 1
-22 -38 2 0
-23 2 4 0
-43 -2 4 0
-41 14 12 7
-17 -21 1 0
-17 -21 2 0
-17 -19 1 1
-17 -18 0 1
-17 -18 1 1
-17 -18 2 1
-16 -19 0 1
-16 -19 1 1
-16 -19 2 1
-16 -18 0 1
-16 -18 1 1
-16 -18 2 1
-19 -23 1 0
-19 -23 2 0
-19 -21 3 0
-40 11 14 1
-37 11 12 0
-46 6 9 1
-41 23 14 2
-30 -12 10 0
-30 -12 12 0
-40 2 5 0
-41 20 6 2
-62 17 4 1
-38 12 15 0
-37 8 7 0
-34 8 7 0
-65 23 5 1
-40 -3 6 0
-51 27 4 14
-51 28 6 1
-41 13 13 4
-49 27 7 1
-39 5 2 3
-51 27 3 6
-53 6 12 1
-47 2 5 0
-51 18 4 3
-47 18 4 14
-49 16 7 0
-54 15 6 1
-44 -2 0 12
-55 15 8 1
-44 14 12 13
-51 27 6 1
-51 28 5 1
-41 20 1 1
-2 -5 4 1
-28 -1 2 1
-27 -3 -1 1
-55 14 7 1
-44 -4 6 0
-45 -5 5 0
-44 -6 5 0
-44 -6 6 0
-44 -6 4 0
-43 -7 5 0
-43 -7 6 0
-43 -7 4 0
-42 -6 5 0
-41 -6 6 0
-43 -5 6 0
-43 -5 7 0
-36 -13 -2 1
-30 7 5 1
-50 12 13 0
-56 6 5 4
-38 1 -1 1
-52 4 14 0
-19 -45 5 0
-43 -2 0 12
-45 11 10 1
-37 7 4 79
-38 19 4 1
-37 -17 3 0
-24 -51 6 1
-52 9 10 1
-31 4 1 1
-45 14 15 0
-63 13 4 0
-49 27 1 1
-66 15 0 1
-45 18 2 3
-4 -14 1 1
-37 -14 -2 1
-37 -15 -2 1
-42 13 3 1
-35 -10 -1 1
-52 21 4 1
-66 14 4 0
-44 18 1 1
-36 15 5 4
-36 -14 -1 1
-39 13 16 0
-58 25 2 1
-40 7 11 0
-45 -1 -1 1
-23 0 3 4
-63 17 7 1
-66 14 6 0
-33 9 7 0
-36 8 7 0
-35 7 7 0
-53 22 4 1
-53 22 5 1
-53 23 4 13
-65 14 9 1
-65 16 9 1
-64 14 9 1
-40 13 16 0
-47 9 4 1
-47 9 3 1
-10 -10 7 1
-53 24 7 1
-37 -8 3 0
-25 -26 3 0
-26 -26 4 0
-29 -27 4 0
-27 -27 3 0
-27 -28 3 0
-27 -27 4 0
-27 -28 4 0
-26 -27 4 0
-27 -26 5 0
-27 -26 2 0
-27 -26 1 0
-41 14 9 1
-51 4 15 0
-52 23 7 3
-37 13 15 0
-53 11 3 1
-36 -17 4 0
-45 -6 1 1
-40 21 12 3
0 -11 6 0
2 -8 1 1
-25 -27 3 0
-25 -27 4 0
1 -11 6 0
-28 -28 4 0
-27 -29 3 0
-27 -29 4 0
-45 12 10 1
-21 1 -1 1
-17 3 0 1
-48 2 3 0
-18 -56 13 0
-53 8 5 1
-41 -5 11 0
-14 -2 4 0
-10 -64 11 0
-10 -63 12 0
-10 -63 11 0
-12 -65 12 0
-12 -63 13 0
-12 -63 10 6
-12 -65 11 0
-34 0 2 2
-56 9 3 1
-43 5 11 0
-9 -63 12 0
-11 -65 12 0
-11 -65 11 0
-11 -63 13 0
-11 -63 10 1
0 -9 -1 1
0 -10 0 4
-39 2 4 0
-43 17 1 1
-43 15 3 9
0 -4 5 1
-45 4 0 1
-41 15 14 1
-17 -59 9 1
-36 12 11 0
-14 -7 0 1
-43 1 -1 1
-36 18 6 1
-40 14 6 18
-22 -2 4 1
-13 1 0 1
-51 23 9 0
-40 -4 1 1
-34 11 1 1
-29 14 1 1
-25 -5 2 2
-51 25 9 0
-22 -2 0 1
-22 -3 0 1
-49 25 9 0
-48 25 8 0
-42 3 8 0
-29 -15 11 0
-48 18 1 1
-47 17 1 1
-47 18 1 1
-46 20 2 1
-28 -6 5 1
-27 -6 5 1
-29 -2 5 1
-29 -1 5 1
-29 -6 4 0
-47 19 1 1
-53 -2 1 0
-53 -1 0 1
-26 -36 0 2
-26 -36 5 1
-24 -37 2 0
-18 3 0 1
-25 -33 0 3
-16 0 1 1
-14 -1 4 1
-14 0 4 1
-14 1 4 18
-13 -1 3 1
-13 -1 4 1
-15 -2 -1 1
-15 -1 -1 1
-14 -3 -1 1
-14 -2 -1 1
-14 -1 -1 1
-61 12 7 1
-13 1 1 1
-29 -18 1 1
-29 -18 2 1
-28 -18 0 1
-28 -18 1 1
-28 -18 2 1
-27 -18 0 1
-27 -18 1 1
-27 -18 2 1
-28 -17 2 2
-27 -17 2 1
-27 -16 2 1
-15 3 0 1
-15 3 1 2
-15 3 2 3
-14 3 0 1
-14 3 1 1
-50 24 3 0
-49 22 2 1
-15 3 3 1
-14 2 4 1
-14 3 3 1
-14 3 4 1
-16 3 0 1
-17 3 1 5
-18 4 0 1
-18 4 1 2
-18 4 2 4
-17 4 0 1
-17 4 1 4
-17 4 2 2
-16 3 1 2
-16 4 0 1
-18 3 1 4
-50 27 2 4
-53 22 2 2
-53 23 2 1
-42 23 15 0
-40 0 6 0
-25 -16 0 1
-25 -16 1 1
-25 -17 -1 1
-25 -17 0 13
-25 -17 1 1
-25 -16 -1 1
-25 -15 -1 1
-25 -15 0 1
-25 -15 1 1
-26 -12 -1 1
-26 -18 0 5
-26 -18 1 1
-26 -18 2 1
-26 -17 2 1
-28 -18 -1 1
-27 -18 -1 1
-26 -18 -1 1
-39 0 4 0
-42 20 15 0
-41 20 15 0
-39 20 14 0
-32 15 2 1
-31 14 1 1
-41 22 16 0
-31 15 2 1
-12 -61 13 0
-12 -61 10 2
-43 -3 12 0
-37 11 6 2
-65 23 1 1
-65 23 2 1
-65 23 3 1
-36 -27 3 0
-22 -53 11 1
-10 -61 12 0
-58 7 6 0
-47 13 4 0
-47 12 2 3
-28 4 2 3
-22 -34 0 1
-46 12 5 11
-46 12 4 14
-56 5 7 6
-58 7 7 0
-58 7 8 0
-26 8 2 1
-26 11 5 1
-25 -18 0 7
-25 -18 1 1
-25 -18 -1 1
-26 8 0 1
-26 10 5 4
-25 -38 3 1
-29 9 3 1
-38 19 12 10
-26 -30 4 0
-30 -25 4 0
-30 -25 3 0
-28 -30 4 0
-28 9 4 3
-29 5 1 1
-29 5 0 1
-41 3 7 0
-40 5 8 0
-47 11 5 20
-51 12 4 22
-50 14 4 28
-39 3 8 0
-38 6 8 0
-40 -15 1 0
-43 16 1 1
-42 19 3 0
-40 17 3 1
-39 5 8 0
-39 3 7 0
-39 7 8 1
-37 5 6 1
-37 5 8 0
-37 5 7 0
-19 6 4 1
-39 17 3 1
-40 4 7 0
-46 13 5 32
-29 -29 2 1
-39 18 13 1
-28 -31 1 1
-28 6 3 1
-30 -30 2 2
-29 -30 1 5
-40 17 13 1
-29 7 3 1
-31 8 5 0
-32 -25 -3 1
-41 17 12 17
-41 17 14 0
-30 7 4 12
-40 18 14 0
-40 6 1 2
-30 -31 0 1
-30 -31 -1 1
-31 -30 0 2
-31 -31 1 1
-31 -31 0 2
-31 -31 -1 1
-30 -30 0 12
-30 -29 2 1
-30 -29 1 1
-31 -30 -1 2
-32 -30 1 1
-32 -30 0 2
-32 -30 -1 1
-33 -30 1 1
-33 -30 0 1
-33 -30 -1 1
-34 -28 1 1
-34 -28 0 1
-34 -28 -1 1
-39 -2 0 15
-38 -3 1 3
-41 18 7 1
-41 23 6 1
-25 -37 4 1
-30 11 3 2
-45 6 13 4
-8 -4 4 0
-29 -25 -3 1
-29 -26 -3 1
-42 4 12 0
-7 -5 4 1
-7 -4 3 0
-7 -4 4 0
-43 -2 3 0
-41 -2 4 0
-41 -2 0 53
-31 -24 -3 1
-31 -2 2 4
-33 -25 1 1
-5 -5 5 1
-5 -5 6 2
-5 -4 5 1
-5 -4 6 1
-5 -7 1 1
-5 -6 2 5
-4 -5 5 1
-4 -5 6 1
-4 -4 5 1
-4 -4 6 1
-4 -5 1 1
-4 -5 2 1
-4 -5 3 1
-5 -6 3 5
-6 -5 4 1
-5 -5 4 2
-5 -7 8 1
-5 -7 9 1
-5 -6 8 2
-5 -6 9 1
-4 -7 8 2
-4 -7 9 1
-4 -6 8 1
-4 -6 9 1
-3 -7 8 2
-3 -7 9 1
-3 -6 8 1
-3 -6 9 1
-44 2 6 0
-8 -11 3 1
-40 0 2 1
-46 3 6 0
-46 2 6 0
-6 -11 1 2
-6 -11 2 4
-6 -11 3 4
-8 -11 4 1
-8 -11 6 1
-6 -11 4 1
-8 -11 0 1
-4 -6 7 1
-30 -21 -1 1
-30 -22 -1 1
-27 -3 2 25
-27 -3 1 12
-27 -3 0 4
-39 -11 0 1
-39 -11 -1 1
-30 -3 0 3
-38 -12 0 1
-38 -12 1 1
-38 -11 1 1
-40 4 9 0
-40 -1 4 0
-40 1 3 1
-38 -8 -2 1
-41 12 17 0
-44 -4 5 0
-3 -12 3 0
-3 -12 2 0
-4 -13 0 1
-5 -13 0 4
-53 27 3 2
-46 20 6 1
-47 21 4 2
-19 -37 3 1
-27 -31 0 6
-55 8 5 10
-43 -4 2 4
-40 -2 4 0
-40 -2 0 31
-42 0 1 47
-33 -5 5 1
-5 -9 1 0
-5 -10 0 1
-51 8 2 1
-50 9 2 1
-50 9 4 1
-52 8 1 1
-27 -37 3 1
-51 9 1 1
-50 8 1 1
-50 9 1 1
-18 -56 11 1
-40 -6 14 0
-45 3 2 1
-45 8 15 2
-33 -18 2 0
-25 8 3 7
-47 -6 1 0
-28 9 2 1
-27 9 2 1
-22 4 4 0
-27 9 1 1
-30 12 1 1
-45 -6 2 0
-32 12 1 1
-31 12 1 1
-29 8 2 1
-29 9 1 3
-30 8 0 1
-30 9 0 1
-30 10 0 1
-29 10 0 1
-36 15 13 0
-43 11 17 0
-36 14 7 0
-25 -36 3 1
-21 -34 1 1
-36 1 5 0
-53 17 7 1
-53 17 8 1
-52 17 8 1
-33 1 4 1
-32 1 2 1
-32 1 3 1
-32 1 4 1
-34 3 4 1
-34 1 2 1
-21 7 5 2
-20 5 5 1
-20 6 5 2
-20 7 5 1
-23 4 4 0
-45 -8 2 1
-45 -9 -1 1
-44 -9 -1 1
-44 -9 0 11
-44 -9 1 1
-43 -9 -1 1
-43 -9 0 9
-43 -9 1 1
-19 -2 5 1
-25 11 2 1
-30 13 2 1
-29 13 2 1
-31 13 1 1
-30 13 1 1
-29 13 1 1
-33 12 1 1
-33 13 1 1
-32 13 1 1
-30 9 2 10
-30 8 2 1
-21 -34 0 1
-45 -9 1 1
-46 -10 0 1
-46 -10 1 1
-31 3 3 1
-31 3 4 1
-53 15 8 1
-46 -9 2 1
-37 4 0 1
-45 -10 1 1
-36 3 0 1
-44 -10 0 4
-44 -10 1 1
-44 -10 2 1
-23 3 4 0
-22 3 4 0
-23 4 5 0
-35 1 0 1
-36 -4 4 1
-50 9 9 1
-44 -4 8 0
-55 8 4 15
-8 -11 8 1
-8 -11 9 1
-52 3 4 0
-52 21 2 1
-46 -8 1 1
-46 -8 2 1
-46 -8 0 1
-45 -8 -1 3
-47 -7 -2 1
-47 -6 -2 1
-51 3 2 0
-51 4 3 3
-37 -14 0 0
-35 -13 1 1
-45 2 2 1
-25 -30 4 0
-22 5 4 0
-23 8 4 1
-23 9 4 1
-24 7 4 0
-25 6 4 0
-26 5 4 0
-25 3 4 0
-24 5 4 0
-34 16 5 1
-34 16 6 1
-34 14 2 2
-34 16 2 1
-42 12 3 1
-42 12 4 1
-42 12 5 1
-42 12 2 1
-37 13 2 6
-36 12 1 1
-36 13 1 1
-36 14 1 1
-26 -30 3 0
-46 20 14 0
-46 21 14 0
-57 11 3 8
-59 10 0 1
-59 11 0 1
-51 20 2 1
-40 11 8 13
-50 15 7 0
-57 -2 2 0
-50 10 12 1
-16 4 3 1
-11 -64 11 0
-39 11 16 0
-37 -3 0 4
-34 3 0 1
-39 14 6 2
-2 -14 4 1
-1 -14 4 1
-37 12 5 0
-54 7 5 3
-3 -11 -1 1
-17 -54 12 0
-38 5 4 71
-40 4 5 0
-40 8 3 33
-34 -15 3 0
-48 11 4 4
-55 5 5 1
-53 5 4 1
-53 7 5 1
-35 -14 -2 1
-37 -14 1 0
-21 -44 5 0
-56 -2 3 0
-40 8 16 0
-32 0 1 1
-32 0 0 1
-33 0 0 1
-33 -1 0 1
-27 -3 4 1
-27 -12 5 1
-3 -10 1 1
-28 -10 5 3
-6 -10 -1 1
-29 -24 0 3
-35 -4 6 1
-35 -4 7 1
-37 -5 7 1
-37 -5 5 1
-40 -7 6 0
-35 -15 1 0
-40 -7 5 0
-35 -17 -2 2
-36 -16 -3 1
-35 -16 -3 1
-34 -16 -3 1
-38 -7 5 0
-39 -5 7 0
-39 -5 8 0
-28 1 3 1
-28 -25 0 1
-33 -24 0 1
-28 2 4 1
-34 -24 3 0
-34 -26 3 0
-31 -26 2 0
-31 -24 3 0
-20 -5 0 3
-19 -6 -1 1
-34 -1 6 1
-31 0 5 1
-33 -17 0 0
-33 -15 1 1
-33 -15 2 0
-33 -15 0 1
-35 -15 0 0
-36 -15 1 0
-36 -15 0 0
-37 -17 2 0
-37 -17 0 0
-36 -18 0 0
-35 -19 0 0
-33 -18 0 0
-33 -2 3 1
-40 17 14 0
-37 -6 5 1
-37 -6 6 1
-37 -5 6 1
-39 -8 5 0
-39 -8 6 0
-2 -6 7 1
-37 -8 6 0
-27 -30 3 0
-33 0 5 1
-33 -1 4 1
-34 0 6 1
-34 0 5 1
-35 0 6 1
-44 22 13 0
-36 17 5 23
-36 17 6 10
-38 16 3 0
-51 10 8 8
-54 10 9 0
-53 12 7 4
-53 12 8 1
-55 11 9 0
-56 10 9 0
-57 9 9 0
-56 8 9 0
-54 8 9 0
-55 9 10 0
-35 16 5 2
-35 18 5 6
-37 16 3 1
-34 -1 5 14
-50 10 1 1
-54 12 1 1
-53 12 1 1
-52 10 1 1
-41 -3 0 34
-43 -3 2 1
-42 -1 3 0
-42 -1 2 1
-41 -1 3 0
-42 17 2 7
-39 -1 3 0
-39 -1 2 1
-44 17 5 1
-43 19 5 1
-44 20 5 9
-6 -13 0 1
-4 -13 4 1
-5 -13 4 1
-31 -2 7 0
-33 -2 8 0
-32 -1 7 0
-32 -1 8 0
-35 -2 8 0
-35 -4 8 0
-33 -4 8 0
-32 -4 7 0
-32 -4 8 0
-33 -2 9 0
-28 -25 3 0
-24 -36 1 1
-35 -24 -1 0
-35 -24 1 0
-45 15 4 7
-44 18 11 0
-43 18 12 1
-39 9 1 1
-33 -15 4 0
-43 19 10 0
-22 7 1 1
-22 7 0 1
-23 7 2 1
-38 8 5 6
-58 9 7 0
-24 1 3 7
-39 17 14 0
-44 15 4 7
-43 16 12 12
-46 16 4 8
-46 -2 1 14
-40 19 12 15
-28 -30 0 14
-27 -28 1 0
-43 18 11 5
-50 3 2 0
-46 16 11 0
-45 17 12 0
-24 2 3 1
-23 3 3 1
-22 4 0 1
-28 5 3 1
-22 4 2 1
-43 19 13 0
-45 19 13 0
-46 19 13 0
-28 5 0 1
-28 5 1 1
-28 5 2 1
-57 25 4 1
-57 24 5 1
-44 1 5 0
-57 25 5 1
-29 -23 5 0
-36 -26 1 1
-16 -52 8 0
-35 -24 0 0
-24 -36 3 1
-23 8 1 1
-23 -37 0 2
-24 1 4 1
-33 -4 2 1
-21 7 1 1
-21 7 2 2
-43 22 3 2
-60 30 2 1
-28 10 4 4
-53 10 9 0
-41 4 -1 1
-44 -4 3 0
-41 17 2 9
-42 -6 3 0
-42 -4 4 1
-53 28 3 4
-54 29 2 6
-50 -1 10 0
-50 -1 9 0
-47 -1 10 0
-54 28 5 1
-43 17 5 1
-53 28 2 7
-54 28 1 1
-42 3 -1 1
-54 27 3 0
-54 27 4 0
-54 27 2 6
-56 27 1 1
-56 27 2 2
-56 27 3 2
-55 27 1 1
-55 27 2 1
-53 25 3 1
-53 26 5 0
-54 27 1 1
-53 27 1 1
-49 12 7 1
-64 15 0 1
-41 19 5 12
-47 23 4 0
-29 -28 -2 1
-34 -14 -3 1
-46 -4 3 0
-36 -14 -3 1
-48 11 1 1
-34 -13 1 1
-50 0 9 0
-49 -1 10 0
-48 -2 10 0
-48 0 11 0
-48 0 12 0
-48 0 8 0
-44 -4 4 0
-43 -5 4 1
-42 -5 4 1
-42 -6 2 1
-41 -5 4 0
-32 -12 1 2
-47 14 13 0
-46 14 7 1
-9 -5 -1 1
-9 -6 -1 1
-10 -5 4 0
-9 -7 1 0
-9 -7 3 0
-29 5 2 14
-33 -22 3 0
-50 14 1 1
-54 30 2 3
-54 30 3 4
-54 30 4 6
-53 30 2 1
-53 30 3 1
-53 30 4 1
-52 30 2 1
-52 30 3 1
-52 30 4 1
-54 30 5 1
-44 -5 3 0
-52 30 5 1
-54 30 1 1
-53 30 1 1
-52 30 1 1
-55 28 3 0
-57 25 1 1
-57 25 2 5
-57 25 3 1
-57 26 1 1
-57 26 2 2
-57 26 3 4
-57 27 1 1
-44 -2 4 0
-57 27 3 3
-57 23 2 2
-44 -5 4 1
-44 -5 2 1
-43 -6 3 0
-57 24 3 2
-43 -4 5 0
-43 -4 0 19
-56 23 3 1
-56 23 4 1
-57 23 1 1
-57 24 1 1
-56 23 1 1
0 -10 8 0
-7 -13 8 1
0 -9 8 0
-50 13 1 1
-40 20 6 1
-44 -1 4 0
-51 14 1 1
-6 -13 8 1
-6 -13 9 1
-7 -12 10 1
-7 -12 11 1
-7 -11 10 1
-7 -11 11 1
-6 -12 10 1
-49 12 1 1
-49 13 1 1
-49 14 1 1
-45 -3 4 0
-51 10 1 1
-51 11 1 1
-43 -3 5 0
-43 -3 0 24
-39 -3 1 2
-40 17 12 18
-25 -29 4 0
-41 20 3 7
-37 16 8 1
-28 -34 4 1
-58 6 8 0
-53 3 10 0
-37 -3 4 1
-32 8 4 1
-14 1 1 3
-10 0 2 1
-33 -23 3 0
-33 -23 1 1
-12 -2 2 31
-33 -28 -2 1
-47 10 3 1
-11 -2 2 14
-11 -1 3 16
-24 -2 2 1
-29 -19 4 0
-14 -6 3 1
-45 -2 4 0
-45 -5 3 0
0 -12 8 0
-45 -5 2 1
0 -11 8 0
-5 -7 5 7
-46 -1 1 19
-50 10 13 1
-1 -6 6 1
-28 -25 4 0
-45 21 3 1
-46 -3 0 1
-46 -2 0 1
-46 -1 0 1
-53 10 11 0
-45 -1 0 1
-5 -7 6 1
-5 -6 5 5
-5 -6 6 10
-4 -7 5 2
-4 -7 6 7
-44 -3 4 0
-4 -6 6 2
-3 -7 5 4
-3 -7 6 3
-23 -38 4 6
-23 -38 3 1
-29 -7 3 1
-46 26 4 1
-45 26 2 1
-45 26 3 1
-45 26 4 1
-48 23 4 1
-47 23 5 0
-48 23 3 1
-32 -9 3 4
-42 7 13 0
-42 8 13 0
-42 7 15 0
-42 7 14 0
-43 7 13 0
-21 6 6 1
-44 7 13 2
-26 -36 4 1
-45 7 14 3
-27 -34 5 1
-23 -34 4 1
-23 -34 3 1
-43 11 13 1
-43 10 13 1
-42 10 13 1
-41 9 13 1
-42 9 13 1
-28 -22 4 0
-38 0 8 0
-38 0 7 0
-36 -2 5 8
-19 -50 6 0
-20 -48 6 0
-20 -47 6 0
-17 -46 6 0
-18 -47 6 0
-18 -48 6 0
-13 10 9 1
-12 -6 5 1
-56 5 1 4
-39 -4 6 0
-19 -48 3 0
-26 6 5 0
-27 4 4 1
-36 -1 6 1
-36 -2 6 8
-38 -2 5 1
-38 -2 6 1
-38 -1 6 0
-36 2 5 0
-5 -9 7 1
-21 8 2 1
-18 -5 -1 1
-38 20 2 1
-28 -7 2 1
-28 -6 2 1
-50 23 1 1
-38 7 6 1
-40 8 6 16
-40 4 6 1
-32 -8 0 3
-28 -30 5 0
-29 -29 -1 1
-30 -8 -1 1
-44 3 1 3
-36 2 6 0
-37 1 6 0
-36 0 5 1
-37 0 5 0
-36 0 6 0
-37 0 6 0
-28 -22 3 0
-43 2 5 0
-21 -43 5 0
-20 -44 4 0
-20 -45 3 0
-20 -44 3 0
-21 -45 4 0
-21 -44 4 0
-21 -45 3 0
-21 -44 3 0
-23 -45 3 0
-19 -43 4 0
-19 -43 3 0
-38 3 8 0
-59 9 6 0
-45 20 15 0
-44 17 16 0
-37 6 5 45
-60 27 5 1
-49 21 7 1
-49 22 7 1
-27 13 4 1
0 -9 2 0
-25 10 1 1
-17 -4 5 1
-57 9 3 0
-61 9 3 0
-60 8 3 0
-59 7 3 1
-33 -19 4 0
-31 -16 4 0
-30 -17 4 0
-30 -17 3 0
-16 -1 0 2
-19 0 4 0
-30 -25 1 1
-30 -25 2 0
-30 -25 0 2
-30 -26 0 7
-30 -26 1 1
-30 -25 -1 1
-29 -26 -1 1
-29 -26 0 1
-29 -26 1 1
-29 -25 -1 1
-29 -25 0 4
-4 -9 2 0
-3 -9 2 0
-3 -9 3 0
-3 -9 1 1
-3 -8 3 1
-6 -8 1 0
-7 -9 2 1
-7 -9 1 1
-3 -10 2 0
-3 -10 3 0
-27 -10 6 3
-29 2 4 1
-28 0 3 1
-5 -10 -1 1
-28 -25 -1 1
-17 -3 1 1
-34 -18 1 0
-1 -15 1 1
-22 1 2 9
-23 0 2 4
-51 3 1 1
-59 9 4 0
-46 6 7 1
-13 -2 0 14
-13 -2 1 3
-13 -2 2 1
-13 -1 0 1
-13 -1 1 2
-54 10 6 3
-13 0 0 1
-44 4 8 0
-49 24 9 0
-48 24 9 0
-5 -5 7 1
-50 23 9 0
-24 -5 2 1
-29 15 1 1
-37 12 7 1
-37 -3 1 1
-38 -1 0 1
-13 0 3 11
-41 9 15 0
-45 9 14 1
-42 8 14 0
-54 5 5 1
-29 -11 4 1
-30 8 1 3
-22 2 2 1
-40 -12 1 0
-42 -13 1 0
-33 -15 -1 1
-31 -14 8 0
-23 -32 4 0
-27 -34 3 1
-39 18 11 1
-38 17 5 16
-40 15 5 20
-42 5 8 0
-13 -5 1 14
-40 2 10 0
-42 21 7 0
-13 -7 5 1
-30 4 5 1
-41 21 8 0
-40 22 7 4
-35 -4 2 2
-49 -1 9 0
-48 -2 9 0
-45 20 4 14
-41 20 7 3
-36 10 4 1
-47 -2 10 0
-47 -2 9 0
-46 -2 10 0
-46 -1 10 0
-46 -1 9 0
-47 0 11 0
-51 -1 5 0
-47 12 9 13
-51 -1 6 0
-17 4 6 1
-49 13 9 0
-48 0 0 1
-49 -3 5 0
-49 -2 6 0
-49 -3 6 0
-49 -1 7 0
-49 -1 4 0
-49 -1 3 0
-29 10 5 1
-45 5 10 1
-29 -21 1 1
-37 0 0 1
-42 1 10 0
-43 3 10 0
-17 5 6 1
-44 3 10 0
-45 3 9 0
-48 12 7 0
-46 1 9 0
-46 1 10 0
-46 1 8 0
-48 14 2 1
-3 -8 1 1
-3 -7 1 2
-3 -7 2 2
-3 -7 3 2
-3 -8 4 1
-4 -7 1 3
-3 -8 0 1
-6 3 7 1
-6 -5 3 2
-6 -6 4 2
-6 -6 0 1
-40 2 0 7
-4 -12 2 1
-4 -12 3 1
-5 -11 3 2
-4 -12 4 1
-4 -11 4 1
-6 -12 0 1
-5 -12 0 2
-33 16 6 1
-4 -11 0 6
-4 -10 2 1
-4 -10 3 0
-21 -1 6 1
-5 -8 3 4
-6 -7 4 1
-4 -9 4 1
-5 -8 0 1
-4 -9 -1 1
-4 -8 -1 1
-4 -7 -1 1
-34 1 5 1
-45 2 3 0
-45 24 1 1
-48 -4 2 1
-45 20 7 1
-45 18 7 1
-44 18 15 0
-46 -5 3 0
-27 -30 4 0
-32 -31 -1 1
-43 1 6 0
-44 1 7 0
-43 0 7 0
-42 -1 6 0
-42 0 7 0
-42 1 8 0
-28 3 3 4
-46 2 1 8
-33 -29 0 1
-39 -2 1 1
-30 -21 4 0
-36 -1 2 3
-33 -24 -1 1
-32 -11 4 1
-53 9 10 0
-54 11 9 0
-54 11 10 0
-55 11 10 0
-44 0 7 0
-56 11 10 0
-57 9 10 0
-56 8 10 0
-55 8 10 0
-54 8 10 0
-44 2 8 0
-44 1 8 0
-43 1 8 0
-44 0 8 0
-43 -1 7 0
-43 0 8 0
-43 -1 8 0
-41 0 8 0
-43 1 9 0
-59 26 4 1
-59 28 4 0
-31 -28 0 5
-41 1 9 0
-42 2 9 0
-43 3 9 0
-44 3 8 0
-44 2 9 0
-45 1 8 0
-45 1 9 0
-44 0 9 0
-43 -1 9 0
-42 0 8 0
-42 0 9 0
-43 1 10 0
-31 -28 1 1
-42 1 9 0
-43 2 9 0
-45 2 8 0
-44 1 9 0
-45 0 8 0
-43 0 9 0
-33 -6 5 0
-39 16 11 2
-33 -18 4 0
-5 -4 2 1
-31 -30 -2 1
-31 -29 -2 1
-47 1 2 1
-45 2 9 0
-45 0 9 0
-31 8 0 1
-31 9 0 1
-27 4 0 1
-25 5 1 13
-41 -4 6 0
-57 5 5 2
-30 -23 3 0
-8 -6 5 0
-28 4 3 1
-10 -9 8 1
-10 -8 8 1
-26 10 3 3
-22 5 1 3
-30 -29 -3 1
-29 -29 -3 1
-25 7 1 3
-27 -23 4 0
-47 7 4 1
-47 7 5 1
-47 7 6 1
-47 7 2 1
-24 7 0 1
-8 -9 9 1
-7 -7 8 1
-32 -29 0 10
-58 23 1 1
-58 25 4 1
-58 27 4 1
-61 26 3 3
-61 26 2 4
-35 18 11 2
-59 27 4 1
-56 31 3 1
-6 -7 8 1
-31 -22 4 0
-6 -6 8 2
-6 -6 9 1
-47 -4 4 0
-30 -26 -2 1
-29 -22 3 0
-10 -4 4 0
-29 -22 4 0
-9 -5 4 0
-9 -4 4 0
-9 -3 3 0
-8 -5 4 0
-8 -4 3 0
-59 24 3 1
-56 -4 5 0
-49 22 4 1
-39 16 3 1
-42 15 1 1
-39 1 3 1
-40 2 3 1
-41 3 3 1
-42 2 3 1
-41 -1 5 0
-21 -38 3 0
-26 -38 5 1
-25 -40 3 1
-25 -40 4 1
-23 -39 3 1
-23 -40 3 0
-23 -40 4 0
-22 -40 3 0
-22 -40 4 0
-7 1 7 1
-23 -38 0 3
-60 26 1 1
-46 14 6 1
-48 26 4 1
-60 25 1 1
-56 8 8 0
-47 14 15 0
-47 14 14 0
-7 2 7 1
-47 15 13 0
-61 29 3 1
-61 29 2 1
-61 29 1 1
-61 28 3 2
-27 1 3 2
-21 -40 3 0
-19 1 5 0
-22 -39 4 1
-24 -40 4 0
-24 -41 3 0
-24 -41 4 0
-23 -41 3 0
-23 -42 3 0
-23 -41 4 0
-21 -41 3 0
-22 -41 4 0
-22 -41 3 0
-23 -40 5 0
-23 -40 0 1
-44 20 11 0
-5 -7 7 6
-46 22 12 0
-46 20 13 0
-61 28 1 1
-44 21 11 0
-61 27 3 6
-10 -2 4 1
-10 -1 4 13
-60 31 3 1
-37 16 10 1
-46 21 13 0
-47 20 13 0
-47 19 13 0
-47 18 13 0
-44 16 10 34
-43 16 10 3
-42 16 10 1
-42 16 11 1
-42 17 10 1
-42 17 11 2
-20 -41 3 0
-21 -41 4 0
-21 -39 3 0
-21 -39 4 0
-24 -42 3 0
-24 -42 4 0
-22 -42 3 0
-22 -43 3 0
-22 -42 4 0
-22 -43 4 0
-21 -42 3 0
-41 18 10 1
-41 18 11 1
-43 15 11 1
-42 15 11 1
-44 15 10 30
-43 15 10 1
-42 15 10 1
-60 31 1 1
-58 7 9 0
-41 16 11 1
-41 16 10 1
-46 14 10 1
-46 14 12 1
-46 15 10 1
-46 15 11 1
-45 14 10 1
-44 14 10 1
-38 -7 -1 1
-38 -7 0 10
-38 -7 1 1
-45 7 13 1
-37 -7 -1 1
-37 -7 0 13
-37 -7 1 1
-26 -3 0 2
-37 -6 0 7
-37 -6 1 1
-25 -4 1 1
-25 -4 2 6
-25 -3 0 2
-25 -3 1 2
-25 -3 2 1
-25 -2 0 2
-25 -2 1 1
-25 -2 2 6
-43 -5 1 4
-42 -6 1 1
-42 -5 -1 1
-41 -6 -1 1
-41 -7 1 2
-41 -6 0 22
-40 -7 1 1
-40 -6 -1 1
-39 -7 1 1
-39 -6 -1 1
-19 -47 10 0
-38 -6 1 1
-38 -5 -1 1
-37 -5 0 1
-32 -12 0 9
-21 -49 9 0
-19 -49 12 0
-59 9 5 0
-18 -47 9 0
-27 -1 1 1
-27 -1 2 1
-31 0 0 1
-31 0 1 3
-30 0 0 2
-30 0 1 1
-29 0 0 1
-16 4 2 1
-30 -8 7 0
-31 -7 4 1
-31 -7 5 1
-31 -7 6 1
-30 -7 4 4
-30 -7 5 1
-32 6 4 12
-29 -7 4 1
-29 -7 5 1
-29 -7 6 1
-31 6 3 15
-30 -13 4 1
-31 6 5 6
-51 8 6 3
-28 -13 4 1
-31 7 5 6
-32 6 3 6
-32 5 2 1
-32 6 2 4
-32 7 2 1
-31 5 2 1
-31 6 2 9
-31 7 2 5
-35 8 6 1
-33 4 4 1
-35 12 9 0
-36 13 9 0
-56 11 4 6
-54 9 6 1
-36 -17 1 0
-30 -29 0 1
-49 24 7 0
-48 24 8 0
-49 25 7 0
-49 25 8 0
-50 26 8 0
-51 25 8 0
-51 24 7 0
-52 24 8 0
-8 -6 0 2
-51 20 8 1
-40 16 8 1
-59 14 3 1
-62 11 4 0
-62 9 5 0
-62 9 6 0
-62 9 4 0
-60 10 5 0
-60 10 4 0
-21 -2 5 1
-20 -3 5 1
-20 -2 6 1
-63 10 0 1
-62 10 0 1
-61 10 0 1
-36 -5 -1 1
-35 -6 -1 1
-35 -5 -1 1
-35 -4 -1 1
-35 -3 -1 1
-35 -3 0 1
-35 -2 -1 1
-35 -2 0 1
-21 -58 11 1
-32 11 6 0
-37 12 11 0
-58 14 4 1
-58 14 5 1
-58 14 6 1
-58 12 7 1
-58 13 7 1
-39 17 7 1
-39 17 8 1
-42 -8 0 1
-56 3 1 1
-39 17 9 1
-61 9 6 0
-61 9 4 0
-14 4 1 1
-39 -6 2 0
-38 -6 2 0
-31 7 4 18
-17 -8 2 2
-17 -8 1 4
-17 -9 3 1
-17 -9 2 1
-17 -9 1 2
-18 -9 3 1
-18 -9 2 1
-18 -9 1 1
-18 -8 2 1
-17 -3 4 1
-17 -3 3 5
-20 7 1 1
-21 7 3 3
-17 -4 2 1
-17 -5 4 1
-17 6 3 1
-17 6 2 1
-17 6 1 1
-6 -9 2 0
-6 -10 0 1
-59 20 1 1
-44 22 14 0
-23 1 3 1
-33 11 7 0
-64 20 3 1
-64 20 2 3
-45 21 14 0
-64 20 1 1
-7 -11 4 1
-42 0 2 4
-36 12 9 0
-33 3 3 9
-33 3 4 11
-9 -8 0 1
-9 -8 4 1
-8 -6 1 0
-47 1 5 0
-45 5 6 1
-4 -7 0 1
-5 -5 0 1
-35 -13 -1 1
-41 -5 2 0
-62 22 4 0
-61 18 3 1
-35 -14 1 0
-32 -13 -1 1
-62 18 1 1
-59 5 5 0
-50 0 1 2
-42 18 12 4
-47 18 10 0
-45 18 11 0
-46 18 11 0
-45 16 10 1
-45 18 12 0
-45 18 8 0
-35 -15 4 0
-52 10 2 1
-54 10 2 5
-54 10 3 1
-51 -4 1 0
-54 13 3 14
-52 13 2 0
-50 14 2 10
-54 -3 2 0
-54 -1 1 0
-18 4 -1 1
-19 4 -1 1
-20 4 -1 1
-18 2 3 2
-23 -37 6 1
-4 -8 0 1
-32 -10 12 0
-39 9 8 15
-21 -48 4 0
-15 0 1 6
-3 -8 6 0
-2 -10 8 0
-2 -10 9 0
-46 6 10 1
-46 6 11 1
-40 8 5 16
-47 14 3 4
-47 14 7 0
-27 -32 -1 1
-43 4 11 0
-49 16 8 0
-52 19 4 1
-50 19 8 1
-51 19 8 1
-52 19 8 1
-51 19 6 1
-12 0 3 21
-52 19 6 1
-52 19 5 1
-47 16 7 1
-63 19 3 2
-47 -6 0 1
-47 -6 2 0
-47 -5 -2 1
-28 1 4 1
-50 27 7 1
-29 -24 1 1
-18 -5 4 1
-49 24 5 0
-36 0 3 1
-34 -17 -3 1
-34 -18 -3 1
-34 -19 -3 1
-35 -17 -3 1
-35 -18 -3 1
-35 -19 -3 1
-36 -17 -3 1
-36 -18 -3 1
-36 -19 -3 1
-35 -18 -2 1
-37 -18 1 0
-36 -16 1 0
-13 -1 2 42
-51 29 5 1
-52 29 6 1
-52 29 5 1
-53 29 5 1
-53 28 6 1
-51 29 4 1
-51 29 3 1
-35 7 4 1
-35 5 2 1
-36 6 3 8
-52 29 2 1
-53 29 4 4
-53 29 3 4
-53 29 2 4
-23 -52 10 1
-55 15 1 1
-20 -51 10 0
-20 1 3 0
-13 -1 5 1
-20 -54 8 0
-46 15 3 5
-46 15 7 1
-14 2 0 1
-14 2 1 1
-14 2 2 3
-15 1 3 10
-41 4 7 0
-42 4 8 0
-14 1 3 2
-42 4 0 1
-43 4 0 1
-44 4 0 1
-45 3 8 0
-27 -28 0 0
-43 4 8 0
-43 4 9 0
-19 3 -1 1
-19 3 0 3
-19 3 1 6
-57 12 4 1
-57 12 5 1
-57 12 6 1
-57 10 7 1
-30 1 4 1
-17 3 3 10
-16 3 2 1
-16 2 2 3
-42 10 8 6
-16 0 5 1
-51 27 5 13
-26 8 4 0
-28 6 4 1
-53 6 11 0
-20 0 -1 1
-19 -1 4 1
-17 -1 3 6
-59 9 0 1
-2 -15 4 1
-51 25 1 1
-21 -47 6 0
-21 -47 7 0
-30 -21 0 1
-46 12 13 0
-29 -22 1 1
-29 0 2 1
-37 -1 2 5
-31 -22 0 1
-33 -22 0 0
-33 -23 0 1
-20 2 5 0
-6 -11 8 1
-6 -12 9 1
-6 -12 8 1
-7 -11 9 1
-7 -11 8 1
-7 -12 9 1
-7 -12 8 1
-6 -7 -1 1
-6 -8 -1 1
-7 -7 0 2
-59 20 4 1
-60 20 4 1
-61 20 4 1
-59 20 3 1
-59 20 2 1
-6 -11 0 1
-7 -11 0 1
-52 6 3 8
-54 8 1 2
-46 7 3 1
-20 -49 6 0
-63 20 4 0
-58 -1 1 0
-56 -2 1 0
-45 6 0 1
-43 0 -1 1
-43 1 0 1
-42 0 -1 1
-42 1 -1 1
-42 1 0 1
-41 1 -1 1
-37 13 6 1
-38 13 7 1
-36 18 5 1
-39 15 6 42
-62 17 3 1
-32 5 5 1
-20 2 4 0
-55 7 7 1
-55 7 8 0
-59 19 2 1
-59 19 3 1
-67 19 0 1
-67 19 1 1
-67 19 2 1
-67 20 0 1
-67 20 1 1
-67 20 2 1
-54 1 5 0
-57 7 8 0
-67 21 2 1
-66 21 0 1
-67 17 0 1
-67 17 1 1
-67 17 2 1
-67 18 0 1
-67 18 1 1
-67 18 2 1
-66 17 0 1
-55 8 8 0
-55 8 6 1
-47 4 5 11
-47 4 6 3
-64 16 2 1
-64 16 3 1
-63 16 1 1
-63 16 2 1
-63 16 3 1
-62 16 1 1
-62 16 2 1
-62 16 3 2
-64 16 0 1
-54 1 0 1
-63 16 0 1
-54 3 0 1
-48 4 5 8
-48 2 5 0
-48 2 6 0
-47 1 6 0
-46 0 5 0
-46 2 7 0
-54 7 8 1
-54 7 6 1
-56 9 7 0
-56 9 8 0
-56 9 6 0
-56 5 8 0
-55 6 7 1
-55 5 6 9
-56 7 9 0
-21 4 3 1
-20 5 1 1
-40 15 6 8
-21 5 3 3
-21 4 4 1
-28 -35 3 1
-50 5 3 1
-28 -35 2 0
-26 -35 2 1
-49 5 3 1
-49 5 4 1
-49 5 5 1
-50 5 2 1
-49 5 2 1
-54 8 7 1
-57 1 5 1
-54 8 6 1
-54 5 7 0
-54 5 8 0
-54 5 6 0
-57 3 5 1
-56 3 5 1
-55 2 5 1
-33 11 6 0
-33 10 6 0
-18 4 3 3
-22 -1 4 1
-48 25 9 0
-42 3 0 1
-41 3 0 1
-15 2 4 1
-14 3 2 1
-13 1 3 1
-24 -5 3 1
-13 1 2 5
-13 0 4 20
-45 -7 -3 1
-47 13 6 0
-56 10 8 0
-44 -7 -3 1
-52 2 4 0
-43 -8 -3 1
-30 -30 -1 7
-31 -23 4 0
-31 7 0 1
-29 -31 1 2
-29 -30 -1 2
-30 -27 3 0
-29 -21 5 0
-31 -28 -3 1
-30 -28 -3 1
-29 -28 -3 1
-28 11 1 1
-34 15 8 2
-21 -43 0 1
-53 10 3 1
-55 12 2 5
-54 12 4 1
-55 12 3 14
-28 -28 1 0
-54 14 2 9
-54 14 3 16
-52 14 4 1
-7 -5 5 1
-7 -5 6 1
-44 12 11 2
-4 -4 3 1
-4 -4 4 1
-20 -43 4 0
-23 6 0 1
-23 6 1 2
-23 6 2 1
-29 3 2 1
-29 4 2 1
-14 -2 3 0
-25 -37 2 1
-25 -39 1 1
-26 -39 1 1
-27 -39 1 1
-25 -39 5 1
-27 -39 5 1
-25 -39 2 2
-26 -39 4 10
-26 -39 3 2
-28 -28 2 0
-31 -29 1 1
-31 -29 2 1
-30 -30 1 10
-27 -35 2 0
-26 -34 2 1
-27 -33 5 0
-28 -34 -1 1
-27 -34 -1 1
-26 -34 -1 1
-39 -5 12 0
-5 -4 3 1
-5 -4 4 1
-32 12 4 0
-31 4 4 1
-40 1 0 23
-39 1 0 4
-43 -5 12 0
-42 -5 12 0
-43 -6 11 0
-42 -5 11 0
-44 -4 12 0
-43 -4 12 0
-44 -4 11 0
-42 -2 12 0
-42 -3 12 0
-42 -2 11 0
-40 -3 12 0
-41 -3 12 0
-40 -3 11 0
-40 -4 12 0
-41 -4 12 0
-40 -4 11 0
-12 -64 11 0
-12 -64 12 0
-13 -63 12 0
-10 -62 11 0
-10 -62 12 0
-24 -1 3 1
-11 -63 12 0
-11 -63 11 0
-14 -63 12 0
-14 -63 11 0
-32 -19 3 0
-24 -36 4 1
-17 -2 3 15
-15 -4 0 1
-16 -4 0 1
-22 -36 3 1
-41 8 12 0
-28 2 5 1
-44 7 11 4
-12 0 5 1
-10 -2 2 61
-56 9 4 0
-45 7 10 7
-38 14 3 1
-40 14 5 24
-54 6 8 1
-54 6 9 0
-20 -1 6 1
-44 6 0 1
-36 -13 2 0
-63 12 4 0
-63 9 5 0
-31 14 3 1
-31 14 4 1
-51 13 1 1
-27 7 6 0
-35 11 3 1
-38 13 4 1
-31 -23 2 0
-34 8 6 0
-54 4 7 1
-32 7 5 1
-32 6 5 3
-32 5 6 1
-64 18 2 1
-64 18 3 1
-63 17 1 2
-63 17 2 2
-63 17 3 4
-62 17 1 1
-62 17 2 1
-50 10 11 1
-41 -4 7 0
-38 -4 7 0
-40 -3 8 0
-53 1 5 0
-51 9 10 7
-54 0 6 0
-55 -1 5 0
-54 11 11 0
-55 11 11 0
-54 -3 5 0
-55 8 11 0
-54 -3 6 0
-54 8 11 0
-52 7 10 4
-14 -1 0 1
-51 7 11 1
-53 8 11 0
-54 9 12 0
-17 -5 3 1
-18 -6 3 1
-52 11 10 0
-52 7 12 2
-2 -14 3 1
-22 6 0 1
-35 -7 0 2
-35 -8 2 1
-24 7 3 0
-27 -36 0 1
-37 -19 3 0
-22 -36 -1 1
-21 -37 1 1
-36 -26 0 1
-23 9 2 1
-15 -1 5 1
-28 9 5 1
-27 3 3 9
-27 3 4 4
-29 4 0 1
-24 9 1 1
-19 -50 10 0
-25 9 1 2
-20 -38 0 1
-24 6 2 1
-24 9 0 1
-60 12 4 4
-60 12 5 3
-60 13 3 1
-14 -2 2 0
-60 14 3 1
-15 -3 3 1
-15 -2 4 1
-17 -9 4 1
-17 -8 4 4
-16 -9 4 3
-66 10 8 1
-38 17 4 7
-40 17 4 1
-40 17 5 11
-41 17 4 1
-41 17 5 24
-43 15 4 9
-40 12 4 9
-40 15 2 3
-15 0 4 3
-19 3 3 1
-19 4 3 5
-46 14 1 1
-47 15 1 1
-30 -13 12 0
-4 -10 -1 1
-20 4 0 1
-29 11 4 1
0 -4 6 1
-42 -2 9 0
-36 -11 4 0
-46 17 1 1
-42 -6 7 0
-44 5 1 8
-20 1 1 1
-21 -1 4 1
-21 0 4 1
-19 1 -1 1
-20 -37 1 2
-50 3 7 0
-43 -8 5 0
-7 -10 7 7
-60 30 3 1
-44 14 2 1
-41 4 2 1
-54 13 9 0
-43 -3 6 0
-43 1 7 0
-56 4 5 1
-31 11 3 1
-40 18 4 1
-31 11 2 5
-33 9 3 1
-43 16 3 29
-40 16 2 12
-56 10 6 1
-53 6 9 1
-5 -6 7 6
-18 -59 10 1
-51 13 9 0
-32 -2 5 1
-35 -22 0 0
-32 -5 3 1
-32 -4 3 1
-32 -3 3 1
-31 -8 7 0
-38 -5 4 0
-41 3 9 0
-36 -26 -1 1
-26 12 4 1
-43 9 8 18
-15 0 5 1
-38 15 4 0
-36 -1 4 4
-35 -1 5 1
-35 -1 6 4
-14 -1 3 1
-26 9 2 12
-39 13 4 1
-46 0 3 1
-14 1 5 1
-33 -18 3 0
-32 -2 6 0
-34 -2 5 6
-34 -2 6 1
-34 -4 7 0
-26 10 1 1
-21 1 3 1
-47 -10 -1 1
-47 -10 0 1
-47 -10 1 1
-47 -9 -1 1
-47 -9 0 1
-47 -9 1 1
-46 -10 -1 1
-45 -10 -1 1
-18 -59 9 1
-19 -58 10 2
-19 -59 11 1
-31 -15 4 0
-32 -14 4 0
-33 -13 3 0
-33 -13 4 0
-33 -13 2 0
-33 -15 5 0
-34 -1 1 1
-34 -2 1 1
-35 -2 1 1
-36 0 4 0
-21 -58 10 1
-21 -58 9 1
-20 -57 10 1
-35 -2 4 1
-35 -2 3 1
-35 -2 2 1
-30 7 1 1
-22 -52 6 1
-19 -57 10 3
-32 -13 3 0
-32 -13 4 0
-29 11 1 1
-30 11 1 1
-24 -51 9 1
-24 -52 8 1
-29 9 2 1
-28 10 1 2
-49 14 3 9
-50 13 3 44
-48 11 3 3
-31 -14 3 0
-31 -14 2 0
-33 -12 3 0
-33 -12 4 0
-33 -14 5 0
-39 4 -1 1
-42 23 14 0
-15 4 2 1
-32 -12 3 0
-40 3 -1 1
-28 -4 0 1
-28 -4 1 24
-28 -4 2 17
-27 -6 0 1
-50 12 3 1
-27 -6 2 1
-27 -5 0 1
-17 -51 9 0
-18 -50 9 0
-18 -50 10 0
-18 -50 6 0
-51 13 6 1
-40 -4 3 1
-35 13 9 0
-35 14 9 0
-51 17 5 28
-17 -50 9 0
-17 -49 9 0
-19 -50 9 0
-18 -52 9 0
-16 -51 8 0
-41 -3 4 0
-36 13 10 0
-36 13 11 0
-40 -4 4 0
-39 -3 3 1
-10 -1 5 1
-9 -6 0 3
-43 14 13 1
-41 -2 6 0
-66 18 3 0
-26 6 3 0
-56 3 3 1
-19 -47 7 0
-37 -2 7 1
-35 -3 7 1
-43 11 3 1
-51 6 2 1
-34 -14 2 0
-46 17 5 2
-46 17 6 1
-45 16 6 1
-45 16 7 1
-45 16 3 10
-43 20 11 0
-50 7 4 1
-49 3 7 9
-50 21 7 2
-41 4 11 0
-46 22 10 0
-45 22 10 0
-46 22 11 0
-46 24 11 0
-49 21 11 0
-47 20 10 0
-47 21 11 0
-47 20 11 0
-46 21 11 0
-47 22 12 0
-47 22 8 0
-26 -32 1 1
-44 20 7 0
-46 21 6 1
-45 19 7 1
-31 3 5 1
-44 18 7 1
-47 23 12 0
-49 22 12 0
-48 20 11 0
-48 20 12 0
-33 5 6 1
-47 20 12 0
-46 20 12 0
-47 22 13 0
-55 9 4 3
-38 11 9 8
-37 -11 1 1
-41 19 8 11
-43 21 7 0
-45 21 7 0
-47 19 6 14
-42 18 8 6
-40 -8 -2 1
-49 9 11 1
-33 -10 12 0
-37 17 12 1
-9 0 3 1
-39 3 6 0
-42 19 8 1
-43 21 8 0
-44 21 8 0
-46 21 7 0
-46 21 8 0
-46 19 8 0
-46 18 7 2
-46 18 8 0
-44 18 8 0
-44 19 9 0
-50 9 11 1
-26 0 -1 1
-35 17 2 1
-18 -48 7 0
-59 -4 5 0
-43 19 8 0
-57 -4 4 0
-45 20 8 0
-45 19 8 0
-42 18 9 2
-17 -48 7 0
-52 -1 6 0
-38 14 14 1
-52 -2 6 0
-43 19 9 0
-44 20 9 0
-43 21 9 0
-46 18 5 15
-45 20 9 0
-46 21 9 0
-45 19 9 0
-46 19 9 0
-46 18 9 0
-44 17 8 1
-44 18 9 0
-43 18 8 1
-43 18 9 1
-44 19 10 0
-20 -47 7 0
-20 -48 7 0
-48 22 8 0
-41 19 9 7
-41 19 10 8
-43 21 10 0
-59 -4 4 0
-46 21 10 0
-46 19 10 0
-46 18 10 0
-44 17 9 1
-44 18 10 0
-43 17 9 4
-43 17 10 59
-43 17 8 1
-44 19 11 0
-16 -6 3 2
-16 -7 4 1
-48 23 8 0
-50 24 10 0
-42 19 11 2
-43 20 9 0
-44 20 10 0
-43 20 10 0
-27 -5 1 1
-27 -5 2 2
-27 -4 0 1
-27 -4 1 1
-27 -4 2 3
-18 -51 11 0
-31 -3 2 3
-44 22 6 1
-32 -1 0 1
-32 -1 1 2
-31 -1 -1 1
-31 -1 0 1
-46 15 2 1
-49 13 2 4
-30 -2 0 2
-30 -1 -1 1
-46 20 5 4
-30 -1 1 8
-47 15 2 2
-33 -5 2 1
-28 0 1 1
-27 -1 0 7
-5 -13 6 1
-51 13 3 1
-51 12 3 1
-28 -31 -2 1
-29 -31 -2 1
-26 -1 4 1
-30 -31 -2 1
-26 -3 4 1
-26 -1 2 1
-7 -11 6 1
-7 -11 5 1
-7 -12 6 1
-7 -12 5 1
-31 -5 3 0
-3 -8 8 1
-3 -9 9 0
-3 -9 8 0
-3 -10 9 0
-3 -10 8 0
-4 -8 8 1
-4 -9 9 0
-4 -9 8 1
-4 -10 8 0
-5 -10 9 1
-5 -10 8 1
-6 -8 6 1
-30 -10 7 0
-6 -9 6 1
-15 9 9 1
-40 -1 6 0
-46 20 4 17
-41 6 6 0
-38 9 5 1
-17 -59 10 3
-37 -8 5 0
-37 17 6 13
-37 17 5 30
-50 -3 -1 1
-36 -28 -1 1
-39 -7 7 0
-22 -38 3 1
-40 16 4 1
-32 -13 7 0
-21 -57 11 1
-52 15 8 0
-48 25 3 5
-52 23 2 3
-31 -12 6 0
-21 -3 4 1
-40 -7 13 0
-39 -12 5 0
-34 -29 -2 1
-54 4 6 0
-19 -2 2 10
-36 1 0 1
-37 1 0 1
-31 9 2 8
-19 -3 4 1
-19 -3 3 6
-31 -16 -2 1
-43 19 11 1
-43 12 15 0
-22 -47 8 0
-45 13 12 3
-24 5 5 0
-54 -2 5 0
-37 -9 3 0
-51 22 3 10
-54 -1 6 0
-43 -2 5 0
-52 4 12 0
-51 23 1 1
-51 5 12 8
-27 -2 4 1
-52 2 12 0
-50 4 13 8
-39 21 14 10
-57 4 5 1
-15 0 -1 1
-23 -51 4 1
-50 4 15 5
-42 -2 0 29
-43 12 9 1
-21 8 3 1
-45 -9 -3 1
-61 11 3 1
-42 9 4 6
-42 20 13 0
-49 3 11 4
-18 -1 -1 1
-23 -48 6 0
-50 24 2 6
-40 10 6 1
-54 4 10 0
-54 4 12 0
-53 -2 6 0
-42 12 12 15
-21 -49 4 0
-19 -51 11 0
-18 -52 11 0
-27 -38 0 1
-62 22 2 5
-64 26 1 1
-38 2 5 0
-40 -6 0 16
-40 -6 6 0
-40 -6 5 0
-42 -7 3 0
-42 -7 4 0
-44 24 6 1
-44 23 6 1
-45 24 6 1
-45 24 5 1
-45 23 6 1
-46 24 6 1
-43 24 5 1
-43 20 2 1
-33 -2 6 1
-41 -14 2 0
-39 -3 0 22
-49 9 8 1
-35 -7 7 1
-32 -23 0 1
-31 -24 1 1
-31 -24 2 0
-36 -1 7 1
-39 -7 0 4
-33 -24 2 0
-39 -7 5 0
-41 -7 3 0
-30 -10 3 1
-54 -2 6 0
-53 16 3 4
-35 8 8 0
-38 10 5 7
-43 19 1 1
-26 -32 0 5
-56 28 2 5
-39 -7 3 0
-40 -7 4 0
-36 -6 3 13
-33 14 5 1
-42 -9 6 0
-51 15 2 4
-35 6 6 0
-33 6 5 1
-54 12 8 1
-66 17 5 0
-55 12 8 1
-41 -9 -1 3
-41 -9 -2 1
-51 21 5 1
-51 21 4 1
-62 18 6 1
-50 21 4 9
-52 1 4 0
-50 23 5 1
-49 23 4 0
-48 11 6 8
-43 -10 -1 1
-48 13 6 1
-46 13 8 1
-63 16 5 1
-65 16 3 0
-65 16 4 0
-67 18 3 0
-67 18 4 0
-39 11 1 1
-66 23 5 1
-42 12 1 1
-38 7 8 1
-45 15 11 7
-34 15 6 5
-34 16 4 1
-34 16 3 1
-44 -9 -2 3
-45 -9 -2 1
-46 -9 -2 1
-49 11 6 12
-48 -7 -2 1
-65 19 5 0
-42 -9 -1 2
-62 16 4 3
-48 24 1 1
-65 17 4 0
-65 17 3 0
-49 22 1 1
-66 17 3 0
-48 10 6 1
-38 11 12 0
-50 20 2 1
-37 13 13 0
-51 21 2 1
-51 9 7 1
-51 10 5 1
-51 10 6 1
-25 8 8 1
-25 9 8 1
-25 10 8 1
-24 8 8 1
-24 9 8 1
-24 10 8 1
-26 9 7 1
-29 11 7 1
-29 12 7 1
-28 12 7 1
-27 12 7 1
-30 9 6 0
-28 9 7 0
-41 19 2 1
-49 26 9 0
-41 -9 0 3
-54 12 7 1
-19 -47 5 0
-47 27 4 1
-37 -6 7 1
-52 7 9 8
-52 8 9 5
-51 7 9 1
-51 8 9 2
-53 11 7 3
-55 10 7 1
-61 14 6 3
-62 13 7 1
-61 13 7 1
-61 14 7 1
-64 14 6 0
-65 15 6 0
-65 12 5 0
-15 -1 3 1
-18 -3 1 5
-1 -14 2 18
-2 -15 1 1
-42 -6 12 0
-38 17 9 1
-62 27 1 1
-39 9 11 0
-46 21 4 6
-41 11 7 3
-45 13 8 1
-44 13 8 1
-45 -2 -1 1
-52 9 1 1
-35 12 2 17
-43 8 10 1
-50 15 9 0
-32 -16 3 0
-32 -16 4 0
-39 0 5 0
-42 0 5 0
-16 -7 1 1
-16 -2 1 1
-40 10 11 1
-19 -47 6 0
-17 -47 7 0
-17 -47 8 0
-54 10 8 1
-56 4 4 2
-37 -1 7 1
-16 -50 9 0
-49 14 7 3
-40 13 13 19
-40 13 14 19
-20 -40 3 0
-23 -42 -1 1
-23 -41 -1 1
-23 -40 -1 1
-22 -40 -1 1
-21 -40 -1 1
-35 5 4 1
-31 -10 11 0
-48 19 1 1
-45 10 6 1
-45 15 1 1
-43 22 14 0
-16 -49 7 0
-18 -48 8 0
-46 23 12 0
-34 6 6 0
-34 7 6 0
-18 -50 8 0
-48 17 7 1
-19 1 4 0
-48 23 11 0
-48 23 12 0
-40 9 1 1
-36 -3 -1 1
-2 -15 3 1
-2 -14 1 1
-2 -14 2 1
-39 17 4 1
-38 6 0 1
-41 16 5 10
-33 3 0 1
0 -15 1 3
-41 -1 -1 1
-41 0 -1 1
-48 13 13 0
-27 -2 0 1
-39 0 -1 1
-27 -2 2 1
-16 -51 11 0
-9 0 1 1
0 -14 4 1
-26 -4 3 1
-26 -3 1 7
-26 -3 2 9
-18 -49 11 0
-20 -50 11 0
-26 -2 2 7
-26 -2 3 6
-28 -2 0 6
-28 -3 2 1
-30 -3 2 1
-29 -2 -1 1
-43 -6 1 3
-17 -8 3 3
-18 -7 2 1
-29 12 8 1
-28 11 8 1
-28 12 8 1
-27 10 8 1
-27 11 8 1
-27 12 8 1
-30 10 6 0
-31 9 6 0
-29 7 6 0
-29 9 8 0
-18 -48 11 0
-18 -51 12 0
-43 3 0 1
-36 -4 -1 1
-26 -4 1 1
-38 -2 4 1
-36 -12 -2 1
-35 -12 -2 1
-45 0 4 0
-46 0 1 8
-20 5 0 1
-21 6 2 14
-22 7 3 1
-21 6 3 11
-22 6 4 1
-22 7 4 1
-50 17 1 1
-50 17 2 4
-54 17 5 1
-20 7 4 1
-22 6 3 1
-21 6 1 1
-22 5 3 0
-21 3 3 0
-21 3 4 0
-7 -10 2 3
-7 -10 1 3
-18 5 5 1
-9 -8 1 0
-9 -8 3 0
-9 -8 2 0
-9 -6 1 0
-6 -5 2 1
-6 -7 1 1
-4 -6 4 1
-31 10 6 0
-30 9 7 0
-4 -7 4 2
-4 -7 3 7
-4 -7 2 5
-4 -8 4 1
-4 -8 3 1
-4 -8 2 1
-5 -6 4 1
-5 -7 4 5
-5 -8 4 2
-9 -1 5 1
-8 -5 -1 1
-8 -6 -1 1
-8 -7 -1 1
-9 -7 -1 1
-36 10 3 1
-10 -2 5 1
-31 -22 1 1
-31 -22 2 0
-12 -2 3 1
-10 0 3 1
-33 -23 2 0
-34 -22 1 0
-34 -22 2 0
-23 -2 1 6
-31 -21 2 0
-11 0 3 1
-11 0 2 1
-11 0 1 1
-11 -1 2 50
-12 -3 3 0
-35 -28 -2 1
-46 -2 7 0
-30 -22 1 1
-30 -22 2 0
-42 2 4 0
-38 -13 3 0
-52 7 7 10
-57 1 3 1
-28 -31 5 0
-28 -31 4 0
-28 -33 4 0
-28 -33 3 1
-29 -32 4 0
-31 -27 0 24
-31 -27 -1 1
-32 -26 -1 1
-46 -1 7 0
-47 5 4 23
-37 8 4 37
-33 -26 0 4
-33 -26 -1 1
-33 -27 1 1
-55 11 6 5
-55 11 5 1
-32 -26 0 11
-32 -25 2 0
-48 26 1 1
-27 -22 0 1
-51 17 4 23
-51 14 3 1
-49 3 3 5
-49 3 4 4
-49 3 2 3
-49 0 4 0
-41 13 8 21
-46 2 5 0
-46 -6 -1 11
-49 19 4 1
-49 20 4 1
-43 14 5 1
-43 14 7 1
-43 15 6 1
-43 15 7 1
-43 14 8 1
-43 15 8 1
-43 16 8 1
-43 14 4 1
-46 17 8 0
-45 18 3 1
-30 -32 0 1
-30 -32 1 1
-37 2 2 1
-17 -56 9 1
-26 9 5 2
-37 0 1 9
-32 4 4 2
-56 11 5 1
-49 23 7 0
-54 25 7 1
-52 10 5 1
-51 9 4 4
-20 -5 1 1
-64 19 2 1
-64 19 1 3
-44 -4 -3 1
-44 -5 -3 1
-44 -6 -3 1
-44 -1 6 0
-39 3 2 1
-28 9 0 1
-29 9 0 1
-29 8 0 1
-29 7 0 1
-28 8 1 3
-31 11 1 1
-31 10 1 1
-35 7 3 1
-27 12 1 1
-28 12 1 1
-29 12 1 1
-27 12 2 1
-28 12 2 1
-29 -32 0 4
-37 1 1 8
-34 -25 0 1
-40 9 14 0
-41 11 14 24
-41 22 15 0
-31 -7 3 1
-43 8 13 0
-56 -4 2 0
-20 -54 11 0
-22 -43 9 0
-53 -5 0 0
-26 -35 -1 1
-55 9 6 0
-50 6 2 1
-5 -12 5 2
-44 4 9 0
-2 -8 9 1
-2 -8 8 0
-36 5 6 1
-2 -9 8 0
-51 11 3 1
-52 11 2 9
-40 17 8 1
-40 10 12 1
-35 16 1 1
-4 -8 5 1
-57 9 6 0
-7 3 6 1
-52 13 3 1
-50 10 3 10
-50 13 2 7
-6 3 6 1
-26 -37 4 22
-31 10 4 0
-24 -36 0 7
-58 8 8 0
-7 1 8 1
-7 1 9 1
-7 2 8 1
-7 2 9 1
-39 -18 4 0
-39 -19 4 0
-39 -18 3 0
-39 -19 3 0
-6 2 8 1
-38 -19 3 0
-37 -18 4 0
-37 -19 4 0
-37 -18 3 0
-50 10 2 8
-38 -17 5 0
-38 -17 6 0
-38 -17 2 0
-41 9 12 1
-26 6 6 0
-38 8 7 1
-36 8 1 1
-5 3 6 1
-2 -13 -1 1
-28 -28 3 0
-45 -1 8 0
-45 -1 7 0
-40 7 10 0
-42 11 5 1
-52 14 3 1
-52 12 3 1
-53 12 2 1
-52 11 3 1
-50 12 2 1
-38 11 16 0
-43 15 1 1
-48 12 2 2
-53 15 3 18
-52 14 2 2
-53 12 3 1
-54 12 2 6
-51 9 3 5
-51 9 2 7
-37 17 14 0
-38 2 4 0
-40 16 12 9
-39 15 13 1
-39 17 15 0
-44 15 1 1
-42 4 9 0
-17 -47 5 0
-42 7 0 1
-43 8 0 1
1 -9 1 1
-16 -8 0 1
-49 12 2 6
-53 13 3 1
-7 3 8 1
-7 3 9 1
-7 4 8 1
-38 3 4 0
-6 3 8 1
-6 3 9 2
-6 4 8 1
-6 4 9 1
-49 16 3 4
-42 10 6 1
-47 -3 -1 1
-42 10 5 1
-42 10 4 1
-49 -2 -1 1
-48 -5 2 0
-50 12 1 1
-51 3 4 0
-38 17 8 1
-8 -9 2 6
-47 20 7 1
-52 4 8 1
-52 4 6 0
-47 20 8 0
-44 16 3 15
-42 17 5 38
-52 5 7 3
-52 5 8 5
-52 5 6 4
-41 16 14 0
-53 3 7 0
-53 4 8 0
-53 3 6 0
-53 5 9 1
-53 5 5 1
-40 20 4 6
-39 18 5 16
-24 9 5 2
-62 11 1 1
-51 5 7 11
-51 5 8 13
-51 5 6 17
-53 3 8 0
-36 -8 5 0
-39 14 13 4
-39 14 12 6
-42 14 7 1
-54 6 6 1
-51 4 7 1
-51 4 6 1
-39 16 6 22
-39 16 5 20
-41 13 7 1
-52 4 15 0
-32 12 6 0
-31 11 6 0
-48 15 1 1
-51 28 2 1
-30 4 6 1
-34 14 3 3
-41 15 13 1
-54 3 7 1
-40 14 14 6
-40 14 12 17
-38 15 13 0
-38 -1 4 0
-40 -1 5 0
-54 4 9 0
-52 3 8 0
-52 3 9 0
-52 3 7 0
-51 3 8 0
-51 4 9 1
-52 5 9 3
-52 5 10 1
-48 12 6 0
-32 -12 5 0
-30 7 2 1
-30 -13 5 0
-32 8 3 1
-37 8 2 9
-34 6 3 1
-34 8 5 0
-28 -10 6 2
-42 17 1 1
-38 21 14 1
-16 1 5 1
-27 -9 7 1
-46 -3 5 0
-58 5 4 1
-59 6 4 0
-29 -9 7 0
-33 4 3 2
-32 -11 3 1
-31 -11 3 1
-34 3 5 1
-34 2 4 2
-35 7 2 5
-33 4 2 2
-35 4 6 0
-32 -9 7 0
-37 -24 4 0
-22 -36 1 1
-44 -2 6 0
-37 5 1 25
-27 8 2 0
-25 11 3 1
-25 11 4 1
-29 12 2 2
-43 -7 -2 1
-43 -6 -2 1
-43 -5 -2 1
-24 5 0 1
-24 5 2 1
-48 26 3 2
-19 -35 2 1
-40 5 11 0
-30 -11 3 1
-33 -12 2 0
-39 5 10 0
-48 23 5 0
-39 6 10 0
-45 -2 2 1
-50 1 2 0
-20 6 6 1
-27 -34 2 1
-29 -34 2 0
-29 -34 4 0
-29 -34 3 0
-25 -33 2 4
-43 -9 5 0
-40 15 12 12
-19 -1 -1 1
-42 14 14 1
-51 5 11 8
-44 9 13 0
-8 -6 7 0
-31 0 -1 1
-30 1 0 2
-32 -21 0 0
-56 12 2 1
-60 12 2 1
-60 13 2 1
-59 12 2 1
-59 13 2 1
-58 13 2 1
-43 -11 0 6
-47 16 15 0
-49 13 5 1
-52 13 8 0
-58 -3 4 0
-37 14 14 0
-40 9 5 1
-42 9 8 17
-43 10 7 11
-49 -2 3 0
-55 15 6 1
-55 15 7 1
-30 -8 1 1
-30 -8 0 1
-48 4 4 15
-59 6 5 0
-66 18 5 0
-67 17 5 0
-66 16 4 0
-65 15 4 0
-65 15 5 0
-63 15 3 1
-64 14 2 1
-63 14 2 1
-63 15 2 1
-62 14 2 1
-62 15 2 1
-65 17 5 0
-65 17 6 0
-65 17 1 1
-66 16 0 1
-42 13 6 1
-51 14 6 1
-41 11 11 15
-53 17 5 1
-46 3 7 0
-58 4 2 0
-22 -44 6 0
-5 3 8 1
-18 -60 10 1
-18 -60 11 1
-17 -60 9 1
-17 -60 10 1
-31 -23 -2 1
-10 -4 5 0
-10 -6 6 0
-5 -9 0 1
-18 -4 3 5
-17 -3 0 2
-40 -7 7 0
-38 -6 6 0
-57 29 3 1
-57 30 1 1
-47 19 8 0
-45 15 5 16
-44 15 5 30
-45 16 5 1
-34 6 1 15
-38 6 2 8
-37 6 3 73
-38 6 1 3
-36 5 2 1
-28 -23 0 1
-36 5 3 40
-38 4 1 16
-36 4 2 1
-27 -24 -1 1
-34 4 2 1
-27 -24 1 1
-27 -23 -1 1
-36 6 1 17
-27 -23 1 1
-27 -22 -1 1
-44 19 4 10
-16 4 6 1
-44 17 6 1
-38 -2 3 1
-38 -2 2 1
-41 -2 3 0
-33 10 2 10
-43 20 5 13
-33 12 2 7
-35 -20 2 0
-32 -18 2 0
-42 15 15 0
-48 1 4 0
-51 10 7 3
-52 16 8 1
-54 15 5 1
-54 16 5 1
-55 14 5 1
-55 15 5 1
-53 9 9 0
-52 9 7 1
-41 1 7 0
-32 -14 -1 1
-62 18 3 6
-61 18 1 1
-42 20 6 1
-39 4 8 0
-39 13 3 1
-57 3 3 1
-50 6 3 1
-50 6 4 1
-50 6 5 1
-55 6 5 1
-55 4 5 1
-28 -28 -1 0
-47 24 3 1
-49 18 5 4
-33 -20 1 0
-33 -20 4 0
-51 27 7 1
-34 -2 3 1
-66 21 4 1
-35 2 2 1
-35 2 3 0
-35 2 1 1
-15 -1 0 2
-37 4 4 1
-34 -2 4 1
-51 12 6 10
-51 16 6 1
-45 14 12 1
-35 6 1 13
-36 7 1 20
-37 6 2 6
-37 6 1 13
-38 5 2 7
-38 5 1 13
-37 4 3 2
-38 3 1 28
-36 3 2 1
-36 3 3 1
-36 2 1 3
-35 4 2 3
-35 4 3 35
-35 4 1 15
-36 5 1 20
-41 13 5 1
-51 2 15 0
-51 2 14 0
-61 22 1 1
0 -12 2 0
-2 -13 1 1
-61 22 4 1
-38 -20 4 0
-1 -8 7 0
-3 -9 7 0
-42 -1 0 17
-42 -1 4 0
-44 -1 2 1
-42 1 1 13
-42 1 2 1
-9 -7 2 0
-10 -7 1 0
-10 -7 3 0
-44 -5 -2 1
-44 -4 -2 1
-10 -7 2 0
-46 2 3 0
-36 -18 4 0
-1 -11 1 1
-31 -22 3 0
-41 7 2 3
-41 5 4 0
-43 9 3 4
-38 7 3 31
-39 7 5 1
-42 -9 5 0
-3 -14 -1 1
-54 7 10 0
-46 5 13 1
-44 5 12 0
-19 -4 5 1
-6 -5 7 1
-26 3 3 1
-2 -7 9 1
-31 8 4 0
-21 -52 4 1
-30 6 2 17
-30 6 1 1
-30 5 2 1
-30 5 1 1
-22 -51 5 3
-31 8 1 1
-29 11 2 9
-23 -52 9 1
-23 -52 8 1
-24 -50 9 1
-30 10 1 1
-30 -5 3 1
-50 0 10 0
-38 13 16 0
-7 2 6 1
-2 -4 7 1
-55 -3 4 0
-56 -1 4 0
-57 -1 4 1
-59 -1 5 0
-59 -1 4 2
-59 -3 4 2
-30 -5 5 0
-32 -5 5 0
-32 -6 6 0
-32 -5 6 0
-48 3 3 24
-48 3 2 20
-49 2 4 0
-44 7 10 3
-44 8 10 55
-44 20 3 1
-1 -7 0 1
-37 -5 11 0
-40 13 1 1
-31 15 3 1
-52 24 4 1
-35 -6 7 1
-39 -4 7 0
-37 -7 5 0
-42 6 8 0
-32 15 3 1
-55 31 1 1
-51 16 2 3
-54 16 1 1
-54 17 1 1
-45 -1 9 0
-46 -3 10 0
-46 -2 9 0
-46 -1 11 0
-46 -1 12 0
-46 -1 8 0
-54 31 1 1
-53 31 1 1
-25 -30 2 0
-56 29 3 1
-56 29 4 0
-58 29 1 1
-31 15 1 1
-55 8 9 0
-43 12 8 1
-39 15 3 1
-46 4 3 1
-44 11 15 0
-45 4 2 1
-62 18 4 4
-17 -49 11 0
-20 -49 11 0
-20 -49 9 0
-42 -7 1 1
-42 -6 -1 1
-41 -7 -1 1
-40 -7 0 13
-41 -8 -1 2
-41 -8 0 2
-33 6 0 1
-26 -34 3 1
-40 -8 -1 4
-25 -35 3 1
-25 -35 4 2
-19 -49 11 0
-21 -50 10 0
-39 -8 1 1
-39 -7 -1 1
-38 -6 0 23
-26 -11 4 2
-26 -10 4 2
-26 -9 4 1
-32 -8 6 1
-32 -8 5 1
-5 -5 3 2
-5 -5 2 1
-5 -5 1 1
-5 -7 2 1
-32 6 6 5
-32 5 7 1
-32 6 7 1
-32 7 7 1
-56 9 5 0
-31 5 7 1
-31 6 6 4
-21 -1 5 1
-3 -6 7 1
-31 7 7 1
-32 5 3 3
-32 7 3 1
-33 2 3 6
-33 2 4 1
-33 2 5 1
-32 2 3 1
-32 2 4 1
-7 -13 11 1
-34 4 5 0
-34 2 2 2
-33 2 2 3
-33 3 2 8
-6 -13 10 1
-29 -8 7 0
-31 -7 7 0
-32 -8 7 0
-53 24 4 2
-33 -9 5 0
-51 8 5 4
-29 -10 5 2
-53 10 6 13
-52 10 4 13
-54 10 5 2
-54 11 6 3
-32 -9 4 3
-32 -8 4 1
-53 22 8 1
-53 23 8 1
-53 24 8 1
-52 22 8 1
-52 23 8 1
-49 20 7 1
-50 24 8 0
0 -15 0 4
-43 -2 -1 1
-43 -3 -1 1
-32 6 1 1
-48 24 7 0
-49 26 7 0
-29 -12 4 1
-51 8 4 1
-53 10 5 1
-51 26 7 0
-55 10 5 1
-55 10 6 1
-55 23 6 1
-55 23 7 1
-55 24 5 1
-55 24 6 1
-32 -7 6 0
-32 -7 7 0
-32 -7 5 0
-33 -9 7 0
-16 5 6 1
-37 10 9 0
-32 3 4 1
-54 22 4 1
-32 4 3 2
-56 11 7 1
-54 23 4 1
-54 23 5 1
-54 23 6 1
-54 22 7 1
-54 23 7 1
-26 -11 5 2
-26 -11 6 2
-26 -11 7 1
-26 -10 5 2
-26 -10 6 2
-26 -10 7 2
-26 -9 5 1
-26 -9 6 1
-26 -9 7 1
-50 20 8 1
-43 14 6 1
-32 8 1 1
-39 -11 1 1
-30 -22 0 3
-39 -10 1 1
-39 0 0 1
-44 -1 8 0
-31 -1 3 5
-33 8 1 1
-47 9 13 3
-48 11 14 0
-34 -14 1 1
-20 6 4 2
-45 2 1 7
-18 2 4 1
-18 3 2 9
-23 -2 2 11
-41 10 8 1
-52 19 1 1
-27 -29 1 0
-27 -29 2 0
-32 -32 -1 1
-35 5 1 22
-37 5 3 18
-39 6 2 3
-31 -32 0 2
-38 2 2 3
-30 -32 -1 1
-38 2 3 1
-39 2 1 17
-29 -32 -1 1
-37 2 3 1
-29 -32 1 1
-66 22 4 1
-66 23 4 1
-65 20 1 1
-65 20 2 2
-65 20 3 3
-41 -12 1 0
-30 -14 11 0
-30 -8 4 3
-2 -8 3 0
-2 -8 1 1
-6 -7 3 1
-29 -9 4 1
-51 -4 -2 1
-26 -39 5 3
-24 -34 5 1
-22 -37 3 1
-42 18 3 1
-39 21 2 1
-39 10 15 0
-50 11 10 6
-36 19 2 1
-20 1 -1 1
-20 2 -1 1
-43 2 7 0
-43 2 8 0
-57 11 5 4
-21 0 0 1
-41 5 7 0
-41 5 8 0
-46 5 9 5
-43 3 8 0
-21 -1 -1 1
-21 0 -1 1
-20 -2 -1 1
-49 21 1 1
-60 8 4 0
-36 -2 4 11
-60 10 7 0
-60 10 1 2
-31 2 2 1
-31 2 3 1
-31 2 4 1
-29 -23 -1 1
-28 -23 1 1
-23 -5 0 1
-30 -27 2 0
-25 -5 0 1
-16 2 4 3
-36 -1 1 1
-43 7 0 1
-44 7 0 1
-43 5 12 0
-45 5 2 1
-21 -36 3 1
-19 -35 1 1
-33 -21 -1 0
-24 -6 4 1
-22 -4 0 2
-21 -4 1 1
0 -13 1 1
-47 6 6 1
-43 9 2 1
-43 8 2 2
-44 9 2 1
-45 9 2 1
-45 8 2 1
-45 9 6 1
-43 8 3 1
-45 9 4 1
-45 9 3 1
-35 12 6 0
-44 19 2 1
-39 -20 3 0
-31 2 -1 1
-33 -10 5 1
-40 7 3 18
-29 -21 0 1
-39 2 9 0
-17 -4 3 8
-34 -16 0 0
-33 -16 0 0
-33 -14 0 5
-34 -13 -1 1
-33 -14 -1 1
-33 -13 -1 1
-33 -13 0 6
-33 -13 1 1
-32 -15 -1 4
-63 19 2 2
-32 -14 0 2
-32 -14 1 1
-62 18 2 2
-32 -13 0 6
-32 -13 1 1
-61 18 2 1
-35 -13 0 10
-36 -12 0 6
-36 -12 1 1
-37 18 5 32
-37 18 6 16
-35 -12 0 7
-35 -12 1 1
-34 -13 0 4
-34 -12 -1 1
-38 2 7 0
-40 0 7 0
-36 -16 0 0
-37 -16 1 0
-37 -16 0 0
-7 -5 7 1
-35 -17 0 0
-35 -18 0 0
-35 -16 -2 3
-36 -15 -3 1
-35 -15 -3 1
-34 -15 -3 1
-17 -4 4 1
-20 7 2 1
-20 7 3 1
-19 7 1 1
-35 17 5 29
-38 4 2 1
-35 19 7 5
-39 4 1 12
-38 3 2 1
-37 17 3 17
-38 2 1 17
-36 1 2 1
-36 2 3 0
-36 1 1 3
-35 3 2 1
-35 3 3 1
-36 4 3 6
-36 4 4 1
-36 4 1 17
-19 7 2 1
-19 7 3 1
-22 3 3 0
-34 -15 0 1
-34 -14 0 7
-34 -15 1 1
-35 -14 0 0
-20 3 4 0
-62 19 1 1
-62 19 3 1
-61 19 1 1
-61 19 2 2
-37 8 9 0
-38 7 9 0
-28 -26 1 1
-30 -24 0 3
-38 -8 -1 1
-33 10 1 1
-10 -2 3 1
-40 -6 4 0
-44 -7 -1 1
-61 28 2 2
-28 -23 3 0
-34 -24 2 0
-20 7 6 1
-35 -23 -3 1
-35 -22 -3 1
-35 -21 -3 1
-32 -31 1 1
-32 -31 0 1
-50 5 4 1
-36 -9 12 0
-41 20 2 1
-12 -7 2 1
-12 -7 3 3
-37 7 3 53
-36 12 2 10
-51 13 10 0
-49 11 2 1
-43 24 2 1
-43 24 3 1
-34 -17 0 0
-34 -17 1 0
-43 6 0 1
-41 -10 2 0
-40 -10 2 0
-33 -19 2 0
-34 -19 2 0
-45 5 0 1
-36 -18 2 0
-36 -19 2 0
-48 6 2 1
-48 5 2 1
-47 6 5 1
-47 6 4 1
-47 6 3 1
-48 6 5 1
-48 6 4 1
-48 6 3 1
-48 5 5 1
-48 5 4 1
-48 5 3 1
-44 7 3 1
-43 24 4 1
-37 0 4 0
-41 13 4 4
-52 23 5 19
-52 23 4 19
-20 -1 5 2
-18 -55 13 0
-18 -55 14 0
-19 -4 1 1
-19 -5 0 1
-19 -4 0 2
-19 -3 0 1
-18 -5 0 3
-18 -5 1 1
-18 -5 2 1
-18 -4 0 1
-18 -4 1 2
-18 -4 2 1
-18 -3 0 1
-28 -23 -1 1
-53 7 2 1
-53 7 3 1
-28 -24 -1 1
-38 8 3 21
-47 23 9 0
-5 -11 0 1
-6 -10 1 2
-32 -2 4 1
-28 -22 0 1
-32 -16 -2 1
-32 -15 -2 1
-32 -14 -2 1
-34 3 1 1
-65 19 1 3
-65 19 2 1
-39 3 3 1
-31 -15 -1 1
-19 -2 4 6
-47 1 4 0
-26 -5 0 1
-28 9 3 1
-21 5 0 1
-39 20 13 1
-21 -3 3 1
-21 -2 1 4
-21 -2 2 1
-21 -2 3 1
-21 -1 1 1
-21 -1 2 3
-21 -1 3 3
-23 -3 3 1
-21 -3 0 1
-21 -2 0 1
-21 -1 0 1
-26 -6 0 1
-26 -6 1 1
-35 -22 2 0
-33 -22 -2 1
-34 -21 -3 1
-33 -21 -3 1
-32 -21 -3 1
-23 -4 2 0
-23 -4 3 0
-23 -4 1 0
-29 5 5 2
-45 16 11 1
-24 -35 1 1
-23 -36 1 1
-25 10 0 1
-12 2 2 1
-30 5 6 1
-8 -8 8 1
-30 7 6 1
-29 5 6 1
-29 6 6 1
-41 4 6 0
-28 5 6 1
-18 1 1 1
-19 2 0 5
-45 4 8 0
-17 3 6 1
-20 2 0 7
-20 2 1 2
-20 3 -1 1
-41 11 1 1
-30 13 4 1
-48 27 1 1
-49 28 2 1
-53 16 4 3
-50 16 5 3
-3 -8 9 1
-44 5 10 0
-41 10 6 1
-49 25 10 0
-16 -2 5 1
-17 0 5 1
-17 -1 5 1
-38 -1 1 4
-35 -1 2 7
-46 11 12 1
-16 -53 10 0
-17 -52 10 0
-17 -52 11 0
-17 -52 8 0
-17 -52 7 0
-19 -35 3 1
-35 12 11 0
-25 -34 1 2
-25 -36 1 1
-24 -40 1 1
-39 12 14 1
-40 12 15 1
-23 -35 -1 1
-18 -54 9 15
-36 9 7 0
-35 10 7 0
-37 16 4 0
-23 -37 1 1
-29 -5 3 1
-29 -5 4 1
-41 12 15 1
-40 10 15 1
-29 -3 3 0
-15 -3 -1 1
-36 14 2 2
-28 -5 4 2
-28 -4 3 11
-26 -34 0 1
-26 -34 1 1
-28 -3 4 1
-24 -33 0 1
-15 -53 10 0
-36 18 2 1
-36 18 3 1
-36 18 4 1
-16 -55 10 4
-16 -54 9 1
-16 -53 11 0
-37 9 7 0
-16 -53 7 0
-16 3 5 1
-15 2 5 1
-14 -53 10 0
-14 -53 11 0
-15 -52 11 0
-40 16 14 0
-38 16 14 0
-38 16 12 1
-28 11 2 9
-27 11 1 1
-41 21 2 1
-40 21 2 1
-39 10 14 0
-16 -53 12 0
-41 8 15 0
-24 -33 1 1
-23 -33 1 1
-23 -33 2 1
-24 -37 1 0
-14 -5 4 3
-50 -1 0 2
-14 -54 10 0
-14 -54 11 0
-41 12 16 0
-15 -53 11 0
-17 -53 11 0
-41 8 16 0
-22 -33 1 2
-22 -33 2 1
-16 -56 11 1
-24 -32 2 0
-28 -38 0 1
-16 -54 8 0
-28 -38 2 1
-28 -37 0 1
-28 -37 1 1
-28 -37 2 1
-28 -36 0 1
-17 -54 11 1
-17 -56 10 58
-14 -56 10 1
-14 -55 10 1
-49 14 9 0
-50 13 9 0
-14 -55 11 1
-14 -55 12 0
-50 11 9 13
-40 10 16 0
-41 9 16 0
-17 -55 12 0
-19 -55 10 4
-17 -56 11 1
-17 -56 12 0
-18 -57 10 3
-16 -57 11 1
-16 -56 12 0
-16 -58 10 31
-14 -56 11 1
-14 -56 12 0
-42 10 16 0
-41 7 16 0
-41 7 14 0
-40 8 15 0
-9 -3 2 0
-26 0 1 12
-2 -13 0 5
-44 4 4 0
-40 8 14 0
-38 -1 3 0
-29 1 3 1
-25 -36 5 3
-38 -1 2 2
-56 8 0 1
-54 3 8 0
-41 7 13 0
-40 7 15 0
-51 11 9 1
-51 11 10 1
-40 -4 -1 1
-35 18 6 1
-58 27 5 0
-49 13 6 1
-67 18 5 0
-50 15 8 0
-40 8 13 0
-40 7 14 0
-40 7 13 0
-31 1 -1 1
-39 8 12 0
-39 8 13 0
-39 7 12 0
-40 7 12 0
-51 11 8 1
-31 1 0 1
-16 1 0 2
-36 16 7 1
-44 5 4 0
-15 0 0 2
-50 20 3 4
-30 2 -1 1
-23 -1 2 1
-30 2 0 1
-35 17 12 0
-51 28 3 2
-49 28 4 1
-51 18 5 13
-39 7 2 5
-41 13 2 2
-42 8 0 1
-39 0 7 0
-36 16 8 0
-44 -12 0 1
-46 8 9 1
-36 -7 12 0
-43 -10 -2 1
-56 -1 2 0
-41 -9 -3 1
-39 -11 -2 1
-41 -10 -3 1
-25 -2 3 1
-25 -2 4 1
2 -9 0 12
-47 -2 8 0
-41 5 9 0
-28 0 2 1
-32 -4 2 0
-27 -5 4 2
-30 -1 0 4
-42 6 12 0
-57 -2 4 0
-45 6 11 4
-50 11 8 12
-45 9 12 1
-57 -2 3 0
-45 9 11 6
-46 5 11 6
-18 -3 2 1
-22 -5 2 0
-22 -6 2 0
-22 -5 1 0
-22 -6 1 0
-22 -4 4 1
-16 4 5 1
-16 3 6 1
-14 0 -1 1
-21 -4 -1 1
-21 -3 -1 1
-31 -11 12 0
-44 18 4 1
-53 17 6 1
-48 -2 0 3
-49 11 9 17
-18 1 5 0
-56 10 7 0
-18 -48 5 0
-42 -3 2 1
-34 -2 2 1
-32 7 6 1
-33 8 6 0
-16 2 6 1
-21 -57 9 1
-21 -57 10 1
-53 2 2 0
-44 9 7 11
-18 -58 10 1
-19 -59 9 1
-46 16 9 0
-21 3 2 1
-62 24 2 2
-62 24 3 1
-47 2 2 12
-48 3 4 23
-46 4 2 1
-46 4 4 1
-63 9 4 0
0 -8 1 1
-46 -6 2 0
-42 8 9 4
-41 8 9 5
-40 8 7 11
-1 -12 7 0
-20 -56 7 1
-16 -9 1 1
-29 3 3 1
-16 -8 2 1
-42 -14 1 0
-48 2 13 0
-49 2 13 0
-50 2 13 0
-40 -12 -2 1
-39 -13 -3 1
-39 -12 -3 1
-39 -11 -3 1
-37 13 3 1
-41 8 10 0
-41 9 10 0
-43 10 10 62
-45 8 9 6
-56 6 3 1
-50 1 13 0
-47 3 13 0
-47 3 15 0
-2 -13 7 0
-33 4 5 0
-38 7 2 2
-49 3 12 3
-49 3 13 5
-2 -12 7 0
-48 1 14 0
-49 1 15 0
-49 1 14 0
-51 1 14 0
-47 3 14 0
-41 16 12 17
-40 8 8 40
-44 20 13 0
-42 9 9 1
-43 9 10 48
-62 21 3 0
-63 20 1 1
-39 -1 4 0
-39 16 4 1
-34 -24 -1 0
-38 4 9 0
-21 -2 -1 1
-31 -11 5 1
-29 14 2 1
-65 14 4 0
-39 21 7 1
-49 24 1 1
-17 -9 0 1
-16 -52 11 0
-19 -54 8 1
-30 -30 -2 1
-48 26 5 2
-36 4 0 1
-14 -7 4 1
-15 1 0 1
-46 21 12 0
-42 7 1 1
-54 3 6 0
-57 4 7 1
-58 4 7 1
-58 4 6 1
-58 4 5 1
-47 4 7 1
-40 6 10 0
-44 11 7 1
-29 2 0 3
-21 -55 11 1
-46 5 3 23
-24 -39 0 1
-53 -2 2 0
-52 0 1 2
-51 -1 1 1
-51 -1 2 1
-52 -2 2 0
-50 -3 1 0
-50 -3 2 0
-24 -39 6 1
-10 -4 1 0
-9 -4 1 0
-9 -4 3 0
-9 -4 2 0
-8 -5 1 0
-8 -5 3 0
-8 -5 2 0
-52 3 5 0
-10 -1 3 1
-10 0 1 1
-26 10 4 5
-2 -13 2 0
-33 -21 0 0
-11 -2 3 1
-24 -36 -1 1
-24 -37 -1 1
-24 -38 -1 1
-25 -38 -1 1
-26 -38 -1 1
-49 4 5 8
-44 5 6 0
-25 -37 -1 1
-26 -37 -1 1
-27 -37 -1 1
-21 -38 -1 1
-22 -38 -1 1
-23 -38 -1 1
-51 21 8 1
-46 23 4 1
-46 23 3 1
-44 23 2 2
-46 -7 1 1
-52 24 6 1
-23 -3 2 0
-24 -4 3 1
-25 -6 0 1
-43 23 4 1
-8 -4 2 0
-25 -6 4 1
-22 -38 5 1
-40 7 5 8
-53 -4 2 0
-43 21 1 1
-44 21 1 1
-45 21 1 1
-45 20 1 1
-44 20 2 1
-42 12 16 0
-44 -3 0 19
-44 -3 5 0
-39 20 6 1
-16 1 4 2
-16 2 3 5
-22 -33 3 1
-22 -4 2 1
-22 -4 1 1
-44 23 5 1
-32 -17 1 0
-32 -17 2 0
-32 -17 5 0
-31 -19 4 0
-31 -18 4 0
-31 -19 3 0
-32 -19 4 0
-44 -7 2 1
-48 1 13 0
-56 9 11 0
-14 9 10 1
-55 7 3 1
-1 -8 0 4
-15 9 11 1
-15 9 10 1
-44 21 10 0
-35 13 1 1
-35 12 1 1
-35 11 1 1
-39 9 2 2
-53 7 4 11
-20 8 2 1
-46 -2 -1 1
-2 -8 0 1
-1 -8 1 2
-51 12 2 3
-43 -4 7 0
-42 -5 6 0
-42 -5 5 0
-35 8 7 0
-35 9 7 0
-45 -6 -1 5
-44 -5 6 0
-44 -5 5 0
-32 -17 4 0
-31 -17 3 0
-32 -17 3 0
-18 -54 10 8
-62 28 2 1
-62 27 4 1
-62 27 3 1
-62 27 2 1
-62 26 4 4
-62 26 3 4
-33 1 5 1
-61 30 3 1
-34 2 5 1
-40 13 12 22
-58 -1 5 0
-48 17 1 1
-54 29 3 6
-33 -14 4 0
-32 -15 4 0
-32 -15 3 0
-37 15 12 0
-38 17 11 8
-37 20 12 1
-46 23 1 1
-47 23 1 1
-48 23 1 1
-48 22 1 1
-48 21 1 1
-47 22 2 4
-49 22 3 1
-46 14 2 3
-47 23 3 0
-45 13 13 1
-60 25 2 5
-45 13 14 0
-60 24 3 1
-56 7 8 0
-60 24 1 1
-58 26 4 1
-47 15 15 0
-47 15 14 0
-47 17 15 0
-44 17 15 0
-44 15 15 0
-32 3 2 1
-32 2 2 1
-32 2 5 1
-53 9 7 1
-31 5 6 1
-43 12 12 13
-54 23 3 3
-36 11 9 0
-44 11 13 1
-30 -7 6 1
-36 -3 5 13
-32 -3 5 1
-37 -5 1 1
-32 -12 -1 1
-20 -48 11 0
-33 -12 0 12
-38 -5 0 27
-21 -50 11 0
-20 -48 9 0
-20 -48 10 0
-17 -48 10 0
-37 -5 -1 1
-25 -4 0 1
-26 -2 0 2
-37 -6 -1 1
-26 -4 0 1
-38 -6 -1 1
-19 -48 11 0
-19 -50 12 0
-39 -8 0 9
-45 -3 9 0
-45 -3 11 0
-53 5 1 3
-48 -3 11 0
-50 9 8 1
-45 21 15 0
-43 -9 4 0
-36 -5 0 11
-45 -2 11 0
-45 -3 10 0
-46 -3 11 0
-48 -2 11 0
-48 -3 10 0
-48 -1 11 0
-46 1 11 0
-25 -30 1 0
-45 -1 11 0
-30 9 4 1
-44 21 13 0
-23 -33 3 1
-30 -1 3 3
-37 8 0 1
-4 -15 -1 1
-46 12 6 2
-46 14 3 3
-33 -4 7 0
-46 -3 9 0
-32 -3 4 1
-44 3 9 0
-24 -31 1 0
-37 -10 -1 1
-37 -7 4 1
-39 12 5 28
-7 -11 3 1
-7 -11 2 1
-46 13 11 2
-46 13 12 0
-48 3 5 21
-50 28 2 1
-46 24 2 1
-28 -6 1 5
-27 -35 5 1
-45 16 2 1
-45 17 2 2
-55 6 4 19
-46 18 2 3
-44 21 14 0
-44 20 15 0
-39 8 2 8
-42 16 12 14
-43 -7 2 1
-41 -7 6 0
-46 13 14 0
-37 7 6 1
-37 8 1 1
-19 6 5 1
-42 16 1 1
-42 21 2 1
-42 20 2 1
-38 4 7 0
-49 12 5 1
-40 4 8 0
-39 8 8 1
-37 6 8 0
-39 7 7 1
-39 8 6 5
-32 -3 2 0
-27 -6 4 1
-28 -6 4 1
-18 7 3 1
-20 8 3 1
-48 12 3 10
-20 8 4 1
-19 7 5 1
-35 -1 8 0
-34 -10 2 0
-21 -44 2 0
-23 -44 5 0
-21 -45 2 0
-41 18 16 0
-41 18 15 0
-44 18 16 0
-63 24 2 8
-44 21 16 0
-41 20 16 0
-58 8 5 0
-35 -16 2 0
-35 -16 1 0
-41 19 16 0
-42 18 16 0
-1 -11 3 0
-52 26 6 0
-63 13 6 0
-62 28 3 1
-58 10 0 1
-58 9 0 1
-58 8 0 1
-59 8 0 1
-60 8 0 1
-59 9 1 2
-27 -31 1 1
-47 25 2 1
-47 24 2 1
-46 24 3 4
-58 30 1 1
-58 30 2 5
-26 -27 3 0
-28 -25 5 0
-28 -25 2 0
-44 14 9 1
-19 -52 9 0
-19 -52 8 0
-23 -36 -1 1
-28 -21 3 0
-23 9 1 1
-20 -36 0 1
-36 12 7 0
-21 -36 0 1
-41 -5 -1 1
-40 4 0 1
-40 3 0 2
-38 8 0 1
-40 11 16 0
-59 26 5 0
-60 25 4 0
-62 26 1 1
-62 25 1 1
-63 27 3 1
-63 27 2 1
-63 27 1 1
-63 26 3 1
-63 26 2 1
-63 26 1 1
-63 25 3 3
-63 25 2 5
-63 25 1 1
-61 25 5 1
-62 25 5 1
-61 26 4 2
-62 25 4 5
-62 25 3 6
-62 25 2 8
-62 29 3 1
-62 29 2 1
-62 29 1 1
-62 28 1 1
-35 0 0 1
-36 0 0 1
-60 29 5 1
-60 28 5 1
-27 -21 3 0
-35 -14 -3 1
-56 13 1 1
-28 11 4 5
-43 -4 3 8
-29 -31 0 3
-16 -55 12 0
-16 -55 13 0
-30 -20 2 0
-28 1 2 3
-9 -4 -1 1
-46 -7 0 1
-48 0 3 0
-21 2 5 0
-21 -37 3 0
-30 -12 6 0
-49 4 2 6
-49 4 4 5
-49 4 3 4
-30 -14 7 0
-31 -14 7 0
-59 23 1 1
-58 23 4 2
-30 -11 7 0
-30 -10 8 0
-59 23 3 1
-37 19 6 1
-27 -11 6 1
-62 28 4 1
-27 -13 6 1
-37 19 5 4
-35 19 6 13
-28 -13 6 1
-28 -12 7 1
-8 -3 1 1
-27 -12 8 1
-27 -13 9 1
-57 12 2 1
-57 11 2 1
-58 12 2 1
-51 28 4 1
-43 -1 3 0
-48 11 13 0
-49 26 1 1
-50 26 1 1
-51 26 1 1
-50 25 7 0
-52 25 4 0
-52 25 6 0
-52 25 5 0
-41 16 1 1
-40 17 2 1
-65 14 0 1
-66 14 0 1
-65 15 1 1
-42 14 3 1
-64 15 9 1
-53 23 7 1
-53 22 7 1
-65 15 9 1
-53 23 5 10
-66 16 9 1
-66 15 9 1
-66 14 9 1
-65 15 8 1
-63 14 6 1
-65 13 4 0
-65 13 6 0
-65 13 5 0
-42 -3 0 21
-42 -3 4 1
-66 16 6 0
-42 -5 2 1
-64 18 7 1
-62 14 7 1
-63 16 7 1
-63 15 7 1
-63 14 7 1
-63 15 6 4
-62 15 6 1
-62 14 6 5
-23 -2 3 2
-2 -11 0 41
-24 -35 -1 1
-34 11 7 0
-1 -12 3 0
-60 23 4 1
-52 -1 3 0
-52 -1 4 0
-52 -1 7 0
-50 -3 6 0
-50 -3 5 0
-52 -3 6 0
-52 -3 5 0
-53 -3 6 0
-53 -3 5 0
-53 -1 6 0
-54 -1 5 0
-53 0 6 0
-53 0 5 0
-52 1 6 0
-52 1 5 0
-43 -5 3 1
-43 -5 2 1
-28 -2 3 0
-29 -1 4 1
-29 -1 3 1
-29 -2 4 1
-29 -2 3 1
-60 23 3 1
-60 26 3 1
-47 1 8 0
-43 17 15 0
-41 18 14 0
-44 19 14 0
-17 5 0 1
-65 16 7 0
-64 14 4 0
-64 15 6 1
-65 14 6 0
-65 14 5 0
-40 19 1 1
-66 15 6 0
-66 14 5 0
-67 16 6 0
-33 10 3 1
-25 -8 5 0
-24 -8 5 0
-25 -8 6 0
-24 -8 6 0
-24 -7 5 0
-24 -7 6 0
-25 -9 5 0
-24 -10 5 0
-25 -9 6 0
-24 -10 6 0
-26 -8 7 0
-26 -8 4 0
-26 -8 3 0
-59 12 6 2
-23 9 5 1
-59 13 4 1
-37 13 7 0
-38 12 7 26
-65 15 0 1
-39 15 7 20
-38 16 7 9
-65 16 6 0
-64 15 5 1
-41 17 1 1
-37 14 7 0
-36 14 9 0
-66 15 4 0
-39 17 6 1
-61 16 2 1
-55 -3 3 0
-42 19 9 2
-61 16 7 1
-61 16 6 1
-61 15 7 1
-61 15 6 1
-62 17 7 1
-62 16 7 1
-62 15 7 1
-61 16 5 1
-61 16 4 1
-61 16 3 1
-61 15 5 1
-45 19 10 0
-46 20 10 0
-45 20 10 0
-46 20 9 0
-46 8 3 1
-46 8 4 1
-46 8 5 1
-45 8 3 2
-45 8 4 2
-45 8 5 2
-61 14 5 3
-45 21 10 0
-45 20 11 0
-59 -1 3 0
-59 -3 3 0
-37 -1 0 1
-30 -3 -1 1
-29 -3 -1 1
-40 0 0 11
-54 22 3 1
-54 24 7 1
-8 -11 1 1
-8 -11 2 1
-7 -11 1 1
-39 0 1 5
-32 4 5 1
-54 22 6 1
-54 22 5 1
-32 3 5 1
-53 25 4 0
-32 3 3 1
-37 11 9 0
-48 0 9 0
-50 22 4 8
-52 2 11 0
-36 -10 12 0
-28 -24 1 1
-29 -13 7 1
-42 -6 4 0
-41 -4 0 39
-48 9 13 2
-42 8 16 0
-16 -54 11 1
-16 -54 12 0
-39 8 14 0
-15 -54 11 1
-38 0 2 1
-26 -6 2 2
-47 9 14 1
-35 -22 1 0
-37 16 11 1
-39 9 16 0
-31 8 3 1
-48 -1 10 0
-48 -1 9 0
-48 1 11 0
-48 1 12 0
-19 -38 0 1
-30 5 5 1
-28 9 1 1
-57 6 4 2
-59 6 1 0
-12 -4 1 0
-59 6 2 0
-58 6 2 0
-59 8 1 1
-57 9 1 3
-49 3 15 3
-49 3 14 10
-49 2 15 0
-49 2 14 0
-51 3 15 0
-52 5 15 0
-51 5 15 3
-49 4 15 4
-49 4 14 11
-39 4 3 1
-39 4 4 1
-39 7 3 4
-38 5 3 39
-35 10 6 0
-37 9 6 1
-35 12 4 1
-42 4 2 1
-41 3 -1 1
-41 2 -1 1
-10 -9 7 1
-41 5 1 3
-41 7 3 4
-8 -9 7 3
-8 -7 7 0
-53 22 1 1
-53 21 1 1
-43 11 11 1
-50 13 12 0
-43 15 15 0
-54 21 4 1
-54 21 3 1
-37 11 2 12
-35 9 5 1
-36 12 4 0
-35 11 4 1
-34 2 1 3
-34 2 0 1
-38 7 0 1
-31 7 1 1
-31 6 1 1
-31 5 1 1
-27 10 4 3
-16 -5 1 4
-16 -5 3 2
-15 -4 2 21
-15 -4 1 18
-33 -1 3 1
-47 6 2 1
-43 16 2 6
-33 9 6 0
-33 9 5 0
-26 -29 2 0
-18 6 2 1
-22 -22 1 1
-21 -22 -1 1
-21 -22 0 1
-21 -22 1 1
-21 -20 2 1
-20 -22 -1 1
-20 -22 0 1
-20 -22 1 1
-20 -21 -1 1
-20 -21 0 3
-20 -21 1 1
-22 -19 3 0
-19 6 2 2
-42 -13 3 0
-64 12 0 1
-64 11 0 1
-63 12 1 1
-17 -7 4 1
-22 -5 4 1
-16 -3 4 1
-16 -3 3 1
-16 -3 2 1
-16 -4 4 1
-16 -4 3 5
-16 -4 2 1
-15 -5 0 1
-15 -7 0 1
-16 -5 0 1
-16 -6 0 1
-16 -6 1 5
-60 15 5 1
-60 15 4 1
-60 14 6 2
-59 13 3 1
-55 28 5 0
-58 29 2 1
-59 29 3 1
-18 0 3 1
-60 11 7 1
-20 2 3 0
-20 2 2 1
-20 3 3 0
-59 11 4 1
-33 -22 -1 0
-63 26 5 1
-25 6 5 0
-33 14 4 8
-37 4 6 0
-60 25 3 1
-46 16 5 1
-38 14 6 0
-33 9 2 14
-23 8 3 1
-58 6 7 1
-6 -5 1 1
-43 0 6 0
-33 16 7 1
-4 -10 1 1
-19 0 3 0
-19 2 3 0
-19 5 2 5
-19 5 1 1
-20 -20 2 0
-19 -21 -1 1
-18 -21 -1 1
-18 -21 0 1
-18 -21 1 1
-18 -20 -1 1
-18 -20 0 1
-18 -20 1 1
-18 -19 -1 1
-18 -19 0 1
-18 -19 1 1
-19 -18 2 1
-18 -19 3 1
-18 -18 1 1
-18 -18 2 1
-18 -18 3 1
-18 -17 1 1
-18 -17 2 1
-18 -17 3 1
-19 -17 -1 1
-19 -17 0 1
-21 -18 2 1
-20 -16 -1 1
-20 -16 0 1
-23 -21 2 0
-21 -21 2 0
-20 -21 2 0
-19 -22 -1 1
-19 -22 0 1
-19 -22 1 1
-19 -21 0 2
-19 -21 1 1
-21 -20 3 0
-46 15 1 1
-44 10 10 1
-44 -10 -1 1
-35 3 5 0
-44 -5 10 0
-41 -5 10 0
-50 10 9 1
-50 10 10 2
-44 9 6 4
-48 15 6 0
-39 19 1 1
-38 18 1 1
-38 19 1 1
-37 18 1 1
-37 19 1 1
-51 7 1 1
-35 13 12 0
-23 -5 -1 1
-47 -7 1 0
-32 11 1 1
-34 -13 -3 1
-35 9 8 0
-40 18 12 10
-33 -31 1 1
-46 18 6 35
-48 20 10 0
-11 1 2 1
-12 1 1 1
-35 -10 1 4
-19 -53 12 0
-65 16 5 0
-22 -41 0 2
-40 0 5 0
-40 22 16 2
-37 3 5 0
-2 -10 2 0
-31 3 2 1
-45 17 1 1
-52 15 9 0
-46 -9 1 2
-35 -15 -2 3
-45 -10 0 1
-34 -24 1 0
-31 -30 3 1
-33 -8 2 0
-33 -9 1 1
-20 -40 4 0
-22 -36 6 1
-21 -37 5 1
-21 -37 6 1
-21 -36 4 1
-21 -36 5 1
-62 17 0 1
-22 -40 0 1
-23 -39 -1 1
-22 -39 -1 1
-21 -39 -1 1
-33 -9 2 1
-34 -9 2 0
-31 -8 2 20
-31 -8 1 22
-45 22 6 1
-45 5 4 1
-45 5 5 2
-45 5 1 1
-48 24 3 1
-49 22 5 0
-31 -9 2 13
-31 -9 1 13
-31 -10 2 4
-57 31 1 1
-49 -2 0 1
-2 -10 3 0
-4 -4 7 1
-37 1 3 1
-36 2 2 1
-37 -3 2 1
-44 17 4 1
-43 16 5 68
-41 -1 2 1
-62 20 4 1
-62 21 4 0
-66 20 5 1
-66 21 5 1
-66 22 5 1
-47 12 7 11
-65 22 5 1
-64 22 5 1
-48 14 7 0
-49 13 7 1
-66 20 4 1
-50 12 7 1
-49 11 7 10
-64 18 4 0
-49 24 3 1
-20 -46 6 0
-51 19 3 4
-51 20 3 1
-51 20 4 1
-55 3 4 13
-49 21 5 1
-49 21 3 1
-62 18 5 4
-61 17 5 1
-61 18 5 1
-61 19 5 2
-61 17 1 1
-53 8 4 8
-41 8 13 0
-11 -5 2 0
-11 -5 3 0
-13 -4 4 1
-41 -4 -1 1
-41 -3 -1 1
-41 -2 -1 1
-36 13 2 3
-40 -3 -1 1
-57 6 8 0
-57 8 8 0
-40 -2 -1 1
-39 -4 -1 1
-39 -3 -1 1
-39 -2 -1 1
-25 -36 4 4
-56 6 8 0
-58 5 8 0
-59 6 6 0
-59 6 8 0
-60 7 8 0
-54 4 5 0
-23 1 2 4
-24 0 2 2
-26 -36 3 1
-45 9 13 1
-44 10 13 1
-35 17 7 3
-36 19 7 3
-37 18 7 3
-31 10 2 6
-10 -7 -1 1
-34 9 3 1
-34 8 3 1
-34 8 4 1
-34 9 2 9
-34 8 2 17
-38 -11 6 0
-12 1 2 1
-37 14 4 0
-44 16 4 31
-38 16 4 1
-26 -35 3 1
-39 3 -1 1
-49 11 10 12
-41 10 13 1
-33 -13 10 0
-44 1 -1 1
-54 9 1 1
-32 -14 10 0
-44 17 2 8
-67 19 3 0
-50 12 6 1
-36 -25 1 0
-36 -25 2 0
-24 10 0 1
-9 -11 0 1
-8 -8 3 1
-8 -8 2 1
-7 -7 1 0
-49 12 6 1
-43 -10 0 8
-45 -8 -3 1
-49 20 2 1
-48 12 4 1
-41 -12 -1 0
-36 17 11 0
-57 -4 1 0
-57 -5 1 0
-56 -4 1 0
-57 -3 -2 3
-45 22 11 0
-53 8 2 1
-41 8 3 4
-20 -56 12 0
-26 -32 2 5
-30 -32 4 0
-29 -33 3 0
-38 12 2 1
-51 14 5 1
-41 -3 3 0
-53 13 6 18
-41 -3 5 0
-51 17 6 14
-51 15 6 1
-49 14 6 1
-39 -3 5 0
-39 -2 4 0
-39 -3 4 0
-53 12 4 4
-30 -23 2 0
-30 -21 1 1
-33 -24 1 1
-32 -25 1 1
-37 12 14 0
-2 -11 8 0
-38 11 14 0
-1 -13 6 0
-42 11 3 1
-43 11 5 1
-44 5 8 0
-46 0 7 0
-50 17 3 1
-56 15 6 1
-37 7 5 33
-39 5 3 5
-26 9 6 1
-37 -24 2 0
-41 5 3 0
-37 -24 5 0
-35 -25 3 0
-39 8 4 1
-14 -59 10 5
-14 -59 13 0
-12 -60 12 0
-12 -60 11 0
-13 -60 11 1
-14 -61 12 0
-14 -61 11 0
-15 -60 12 0
-15 -60 11 1
-16 -59 11 1
-12 -59 12 0
-12 -59 11 0
-49 13 12 0
-24 -33 -1 1
-25 -33 -1 1
-25 -32 1 1
-25 -32 2 1
-14 -58 10 8
-14 -58 13 0
-13 -59 12 0
-13 -59 11 1
-14 -60 12 0
-14 -60 11 1
-15 -59 12 0
-42 6 7 0
-8 -2 2 1
-12 -58 11 0
-44 6 7 1
-45 7 7 14
-44 8 5 18
-44 8 6 13
-43 9 7 8
-14 -57 13 0
-13 -58 12 0
-13 -58 11 1
-14 -59 12 0
-14 -58 12 0
-14 -59 11 1
-14 -58 11 1
-16 -58 12 0
-16 -58 11 1
-43 7 5 0
-12 -57 11 0
-11 -3 2 1
-42 6 6 0
-43 5 6 0
-45 6 6 3
-15 -56 9 1
-15 -56 10 18
-15 -56 13 0
-45 8 6 1
-14 -57 12 0
-13 -57 11 1
-15 -58 10 29
-43 9 5 7
-41 7 4 6
-13 -56 10 1
-13 -56 12 0
-13 -56 11 1
-43 -7 1 1
-43 -6 -1 5
-43 -6 0 32
-15 -55 13 0
-15 -55 12 0
-14 -57 10 10
-14 -57 11 1
-15 -57 10 30
-15 -57 12 0
-15 -57 11 1
-15 -56 11 1
-17 -57 10 27
-42 5 5 0
-45 6 5 14
-47 -8 -2 1
-45 -9 0 6
-46 -9 -1 1
-13 -55 11 0
-47 -10 2 1
-47 -7 -1 1
-48 -7 0 0
-48 -6 -2 1
-43 -4 -2 1
-42 -8 -2 1
-52 12 10 0
-50 14 7 3
-46 7 10 1
-47 13 3 7
-46 9 9 1
-62 19 7 1
-30 -29 3 1
-50 24 1 1
-29 -31 3 1
-40 3 1 17
-28 -31 -3 1
-30 -31 -3 1
-43 -13 1 0
-43 -13 2 0
-31 -2 1 5
-33 -2 0 1
-29 -5 2 7
-44 -6 1 1
-44 -6 0 11
-11 -64 12 0
-30 12 4 1
-12 -63 14 0
-18 -57 12 0
-11 -63 14 0
-64 15 8 1
-54 25 5 1
-52 9 6 4
-45 -14 0 1
-45 -14 1 1
-45 -14 2 1
-43 -14 1 0
-43 -14 2 0
-42 -14 0 0
-43 -14 0 0
-41 -15 1 0
-41 -15 2 0
-41 -15 0 0
-40 -14 0 0
-41 -13 -2 1
-42 -14 -3 1
-41 -14 -3 1
-40 -14 -3 1
-41 7 7 1
-41 7 6 1
-15 -58 11 1
-16 -57 10 33
-16 -57 12 0
-21 0 5 1
-41 -8 -2 1
-55 25 7 1
-48 13 11 0
-17 -57 11 1
-52 11 4 7
-54 11 5 1
-42 8 6 10
-43 6 5 0
-38 -1 -1 1
-14 -4 -1 1
-54 9 7 1
-14 -3 0 2
-13 -4 3 1
-44 -14 1 0
-44 -14 0 0
-42 -15 1 0
-43 -16 1 0
-43 -15 2 0
-42 -15 0 0
-43 -15 0 0
-42 -16 1 0
-42 -16 2 0
-42 -16 0 0
-40 -16 1 0
-40 -15 0 0
-42 -14 3 0
-42 -14 -2 1
-10 -25 0 5
-43 -14 -3 1
-43 -13 -3 1
-42 -15 -3 1
-41 -15 -3 1
-12 -6 2 1
-12 -6 3 7
-12 -5 1 1
-12 -5 2 0
-12 -4 3 0
-30 -21 2 0
-32 -20 1 0
-34 -20 1 0
-34 -23 2 0
-34 -23 1 0
-32 -22 2 0
-32 -23 2 0
-32 -23 3 0
-32 -22 1 1
-28 -34 2 0
-27 -33 2 1
-31 -23 1 1
-43 -15 1 0
-44 -15 1 0
-44 -15 2 0
-44 -15 0 0
-43 -17 1 0
-43 -16 2 0
-43 -16 0 0
-42 -17 1 0
-42 -17 2 0
-42 -17 0 0
-41 -16 1 0
-40 -17 1 0
-41 -16 2 0
-40 -16 0 0
-42 -15 2 0
-42 -15 3 0
-42 -15 -2 1
-43 -16 -3 1
-42 -16 -3 1
-41 -16 -3 1
-49 27 4 1
-44 8 3 16
-44 8 4 22
-64 19 5 0
-47 27 2 1
-64 19 0 1
-64 20 0 1
-51 23 4 10
-63 19 0 1
-52 22 4 1
-52 22 5 1
-40 -16 2 0
-44 -16 2 0
-44 -16 1 0
-43 -17 2 0
-42 -18 2 0
-42 -18 1 0
-41 -17 2 0
-41 -17 1 0
-42 -16 3 0
-42 -16 4 0
-66 18 4 0
-48 12 5 1
-37 12 12 0
-39 10 1 1
-48 0 10 0
-49 0 9 0
-48 4 11 1
-41 18 5 13
-41 20 4 13
-39 18 4 10
-29 8 3 1
-41 -3 6 0
-39 11 4 21
-48 -1 8 0
-49 0 10 0
-49 4 9 1
-49 4 11 1
-49 4 10 1
-47 4 10 1
-39 8 10 0
-26 -31 2 1
-40 -16 4 0
-28 13 4 1
-34 11 3 1
-43 12 10 1
-39 6 7 0
-36 -22 1 0
-33 -20 0 0
-36 -22 5 0
-35 -20 4 0
-33 -22 1 0
-34 -22 4 0
-34 -22 3 0
-34 -21 1 0
-34 -21 2 0
-35 -20 1 0
-37 -7 2 1
-51 4 12 5
-40 9 7 4
-40 9 8 2
-39 8 9 1
-28 -30 -3 1
-46 10 11 9
-46 10 13 0
-45 10 11 12
-45 10 13 1
-45 10 12 1
-51 14 8 0
-15 4 0 1
-53 22 6 1
-42 -10 2 0
-3 -11 8 0
-27 -6 1 1
-46 9 11 4
-49 17 5 6
-49 16 6 0
-51 18 7 6
-49 9 2 1
-37 -9 12 0
2 -10 1 1
-48 14 5 1
-20 -55 11 1
-41 19 14 0
-16 1 3 6
-41 -7 13 0
-39 -4 12 0
-36 4 6 0
2 -9 1 1
-12 -62 14 0
-42 -6 11 0
-55 23 2 1
-42 22 15 0
-38 10 1 1
-42 21 14 0
-7 -6 9 1
-35 14 10 0
-46 19 6 8
-44 22 5 9
-39 1 -1 1
-57 -3 4 0
-39 21 13 14
-45 8 13 15
-31 11 5 0
-47 16 2 2
-49 9 7 1
-40 1 9 0
-40 11 4 2
-41 19 13 1
-44 21 2 1
-45 22 2 1
-49 23 3 0
-43 12 13 1
-51 26 2 1
1 -8 1 1
2 -9 -1 1
-18 -49 5 0
-31 4 5 1
2 -8 0 1
-39 1 9 0
-41 -1 8 0
-41 -1 9 0
-41 -1 7 0
-40 0 8 0
-39 0 8 0
-39 0 9 0
-41 1 10 0
-3 -6 6 1
-2 -5 5 1
-2 -5 6 1
-2 -4 5 1
-2 -4 6 1
-14 1 2 10
-50 3 11 0
-1 -5 5 1
-49 17 6 1
-51 19 5 5
-1 -4 6 1
-52 17 5 14
-52 17 6 7
-51 15 4 4
-51 15 3 1
2 -10 0 1
-33 -31 -1 1
-65 21 5 1
-47 13 7 0
-48 13 7 1
-18 3 6 1
-19 0 0 1
-19 0 1 1
-18 0 0 6
-18 0 1 1
-17 0 0 4
-20 -4 4 1
-18 -2 -1 1
-17 -2 -1 1
-16 -2 -1 1
-62 15 5 1
-52 21 5 1
-62 15 3 1
-62 14 5 7
-51 22 4 20
-62 14 3 1
-63 14 5 2
-63 14 4 2
-66 16 5 0
-50 26 5 9
-40 -10 0 1
-40 -10 -1 3
-49 25 4 17
-53 11 9 0
-53 8 9 0
-3 -5 5 1
-3 -5 6 1
-63 19 4 0
-50 23 4 1
-44 -11 -1 1
-42 -2 7 0
-42 -2 8 0
-54 9 10 0
-54 10 10 0
-53 11 10 0
-55 10 10 0
-56 9 10 0
-53 8 10 0
-40 0 9 0
-48 23 6 0
-49 19 2 2
-38 13 12 1
-50 19 2 1
-27 -11 9 1
-27 -10 7 2
-27 -10 8 1
-27 -10 9 1
-30 -12 8 0
-30 -11 8 0
-40 4 2 1
-31 -11 8 0
-31 -13 8 0
-32 -13 8 0
-22 -32 0 1
1 -13 2 0
-46 10 12 1
-39 7 9 1
-38 6 9 0
-52 15 1 1
-46 9 13 4
-46 9 12 14
-14 2 5 1
-59 29 5 1
-35 0 2 3
-17 3 -1 1
-59 29 2 3
-21 0 3 1
-29 -4 2 1
-46 3 1 1
-32 -1 -1 1
-54 21 2 1
-42 6 13 0
-44 6 13 0
-52 12 9 0
-50 14 8 1
-50 14 10 0
-50 14 9 0
-46 12 8 1
-46 12 10 1
-39 -7 11 0
-19 -54 14 0
-18 -56 12 0
-38 -5 11 0
-38 -5 12 0
-21 -53 12 0
-37 -5 13 0
-37 -5 12 0
-36 -7 11 0
-19 -56 12 0
-18 -52 12 0
-22 2 4 0
-37 -13 0 0
-34 -10 1 1
-34 -10 0 11
-34 -10 -1 1
-34 -11 1 1
-20 -55 10 3
-34 -11 -1 1
-19 -54 11 1
-35 -10 0 7
-46 4 1 1
-46 4 5 1
-44 5 2 0
-22 -54 11 1
-44 5 3 0
-19 -52 11 0
-29 -10 4 1
-44 4 3 0
-40 -6 10 0
-31 -10 4 1
-40 -6 13 0
-38 -7 11 0
-38 -7 13 0
-38 -7 12 0
-39 -7 12 0
-40 -8 11 0
-40 -8 13 0
-40 -8 12 0
-40 -7 12 0
-21 -54 11 1
-21 -53 11 0
-21 -52 11 0
-26 -39 2 2
-39 19 12 6
-39 19 15 0
-21 3 1 7
-21 3 0 1
-21 -36 2 3
-30 -14 8 0
-30 -15 8 0
-29 -14 8 0
-45 -12 -1 1
-45 -12 0 1
-45 -12 1 1
-42 -13 0 0
-42 -13 -1 0
-40 -12 0 0
-40 -12 -1 0
-42 -11 2 1
-42 -11 -2 1
-19 -7 0 1
-37 -2 6 1
-54 5 4 11
-54 7 4 16
-37 -2 4 1
-61 13 4 4
-61 13 5 2
-43 9 17 0
-43 9 16 0
-42 8 15 0
-43 7 15 0
-45 9 15 0
-41 9 14 0
-61 13 6 2
-61 14 4 3
-25 10 3 1
-3 -9 0 6
-27 -36 1 1
-43 21 3 1
-64 23 4 1
-52 18 3 1
-2 -11 -1 1
-12 -58 12 0
-34 -6 -1 1
-39 17 11 1
-36 -2 -1 1
-36 -3 1 3
-44 -1 -1 1
-36 -3 0 5
-38 19 11 1
-38 18 11 1
-39 19 11 1
-45 0 2 1
-48 -6 -1 1
-47 -8 1 0
-47 -8 -1 0
-46 -8 -1 1
-43 -4 6 0
-45 1 3 0
-45 1 2 1
-44 14 14 0
-40 18 13 1
-30 7 3 1
-34 -29 1 1
-47 14 5 0
-21 1 2 5
-58 6 6 1
-16 -1 3 2
-42 -2 4 0
-36 10 7 0
-42 -7 -2 1
-42 -6 -2 1
-42 -5 -2 1
-20 -42 -1 1
-47 15 4 11
-31 -6 4 1
-51 12 1 1
-43 -3 4 0
-29 -4 3 1
-34 -21 -2 1
-35 -20 -3 1
-45 -9 2 1
-44 -9 2 1
-19 5 5 1
-29 -4 4 1
-28 -5 3 3
-21 -34 3 1
-61 26 1 1
-28 -4 4 2
-26 -32 3 1
-44 17 7 1
-42 -2 1 14
-24 -30 3 0
-45 21 6 1
-44 1 3 0
-21 2 2 1
-44 1 2 1
-43 2 1 2
-28 -3 3 1
-45 -4 3 0
-34 11 5 0
-26 -35 1 1
-17 -53 9 1
-16 -55 9 3
-20 5 6 1
-28 6 2 1
-49 10 14 1
-25 -31 4 0
-41 -2 1 6
-27 -31 4 0
-44 -2 1 8
-38 16 13 0
-16 -53 8 0
-26 2 4 3
-26 2 3 11
-26 1 4 1
-46 4 10 0
-48 4 9 6
-48 4 8 1
-46 2 11 0
-46 2 8 0
-26 1 3 11
-26 0 4 1
-26 0 3 1
-48 4 10 3
-27 2 4 1
-27 2 3 1
-34 9 7 0
-36 13 13 0
-47 5 9 4
-47 5 11 2
-47 0 10 0
-24 8 3 10
-20 -35 3 1
-52 26 3 1
-44 -4 2 1
-43 17 4 1
-18 -53 11 1
-18 -55 10 11
-17 -55 11 1
-16 -55 11 1
-15 -55 10 1
-29 -8 3 1
-36 -20 4 0
-37 -20 4 0
-50 13 8 1
-33 -8 11 0
-33 -8 12 0
-36 -11 12 0
-35 -11 11 0
-35 -12 11 0
-35 -11 12 0
-33 -11 11 0
-39 -6 6 0
-39 -6 0 11
-35 -10 10 0
-35 -10 9 0
-41 8 8 21
-37 -26 4 1
-15 -5 3 2
-40 17 9 1
-49 16 4 16
-54 22 2 1
-53 13 9 0
-36 5 5 1
-35 6 5 0
-36 7 6 1
-34 -4 2 3
-34 -3 2 1
-36 -1 3 3
-34 10 7 0
-36 3 4 1
-31 -11 11 0
-32 -11 12 0
-32 -9 11 0
-32 -9 12 0
-33 -9 11 0
-33 -9 12 0
-34 -11 11 0
-34 -11 12 0
-54 13 8 1
-33 -12 11 0
-33 -13 11 0
-33 -12 12 0
-32 -12 11 0
-32 -12 12 0
-33 -11 13 0
-33 -11 10 0
-33 -11 9 0
-24 6 0 1
-43 7 3 0
-16 -9 0 1
-40 15 3 1
-46 19 1 1
-42 -7 7 0
-16 -8 1 1
-20 -53 11 0
-36 -11 1 1
-41 17 13 1
-37 12 2 7
-48 17 4 11
-52 17 4 6
-56 13 6 1
-56 14 6 1
-56 14 7 1
-56 14 8 1
-19 1 3 0
-56 15 7 1
-56 15 8 1
-55 14 6 1
-35 5 5 0
-31 -10 12 0
-32 -10 11 0
-52 16 7 12
-52 10 9 0
-34 -12 12 0
-32 -13 11 0
-32 -13 12 0
-47 2 12 0
-47 2 13 0
-47 2 11 0
-46 5 12 1
-47 4 13 1
-47 4 11 3
-50 19 4 8
-51 2 12 0
-51 2 11 0
-50 1 11 0
-49 0 12 0
-49 1 11 0
-47 1 11 0
-54 14 8 1
-49 2 10 0
-47 5 8 1
-47 18 7 1
-54 15 7 1
-54 15 8 1
-56 13 7 1
-56 13 8 1
-55 13 7 2
-52 10 10 1
-38 -26 4 2
-35 -26 4 0
-56 13 2 1
-56 13 3 1
-30 -10 11 0
-30 -10 10 0
-32 -10 10 0
-33 -10 10 0
-34 -12 11 0
-34 -12 10 0
-33 -13 12 0
-55 11 1 1
-32 -14 11 0
-32 -14 12 0
-48 2 11 0
-47 4 12 0
-48 3 11 4
-50 4 11 1
-32 -12 13 0
-32 -12 10 0
-32 -12 9 0
-49 2 9 0
-15 -7 1 1
-15 -7 2 1
-15 -7 3 1
-15 -6 1 1
-15 -6 2 4
-15 -6 3 1
-15 -5 1 9
-15 -5 2 8
-37 -26 3 0
-18 -6 2 1
-18 -6 1 1
-19 -8 2 0
-55 14 2 1
-55 14 3 1
-17 -7 1 1
-17 -7 2 2
-55 14 1 1
-54 13 1 1
-54 14 1 1
-53 13 1 1
-53 14 1 1
-53 9 1 1
-53 10 1 1
-53 11 1 1
-29 -12 11 0
-29 -12 10 0
-30 -11 12 0
-30 -11 10 0
-31 -10 10 0
-33 -12 10 0
-19 -7 -1 1
-33 -14 12 0
-33 -14 10 0
-17 -48 5 0
-47 3 10 0
-47 3 11 0
-49 3 10 3
-50 3 10 0
-30 -14 10 0
-31 -12 13 0
-31 -12 10 0
-31 -12 9 0
-19 -50 5 0
-19 -49 6 0
-27 6 4 0
-29 -14 -1 1
-29 -14 0 5
-29 -14 1 1
-29 -13 -1 1
-29 -13 0 4
-29 -13 1 1
-29 -12 -1 1
-30 -14 2 1
-30 -13 2 1
-29 -14 2 1
-29 -13 2 1
-29 -11 -1 1
-29 -10 -1 1
-29 -13 10 0
-31 -11 10 0
-31 -15 11 0
-38 6 5 9
-23 5 4 0
-23 7 3 1
-24 8 4 6
-25 7 4 0
-26 4 4 0
-48 3 9 11
-47 3 9 0
-50 3 9 0
-50 2 9 0
-50 1 9 0
-50 2 10 0
-49 1 9 0
-48 2 9 0
-47 1 9 0
-50 7 3 1
-48 1 9 0
-50 8 2 1
-50 8 3 1
-50 8 4 1
-51 11 11 1
-6 -6 7 3
-32 -24 2 0
-32 -24 1 1
-14 10 9 1
-50 28 5 1
-43 13 12 15
-23 -35 4 1
-27 -35 3 0
-41 8 14 0
-25 -37 3 1
-46 8 12 15
-28 -13 2 1
-54 6 5 1
-45 6 12 4
-25 -35 0 1
-43 8 12 1
-32 -6 3 0
-21 -4 2 3
-31 -4 6 0
-34 -4 5 1
-34 -4 6 0
-33 -6 4 0
-41 4 3 1
-43 4 1 2
-39 18 6 1
-52 7 5 16
-52 8 4 8
-54 8 5 1
-54 9 4 12
-39 20 3 1
-22 -2 -1 1
-33 -3 6 0
-28 3 5 1
-26 -37 3 7
-28 4 5 1
-24 -37 3 1
-24 -38 3 0
-24 -38 5 11
-23 -37 3 1
-23 -37 4 5
-24 -36 5 1
-42 10 12 9
-43 10 12 1
-44 9 12 1
-44 10 12 1
-30 8 4 7
-45 8 12 87
-44 7 12 10
-44 8 13 0
-44 8 12 5
-43 7 12 0
-43 6 12 0
-42 7 12 0
-41 7 12 0
-35 -21 3 0
-34 -13 3 0
-34 -13 2 0
-36 -11 2 1
-37 -13 2 0
-36 -14 2 0
-36 -15 2 0
-35 -14 2 0
-45 8 11 27
-36 -13 5 0
-43 6 11 0
-36 -13 1 1
-36 -13 3 0
-31 -1 4 1
-42 4 1 6
-34 14 6 6
-44 23 3 4
-44 6 11 1
-41 6 11 0
-24 -38 4 10
-54 6 7 1
-36 13 4 0
-30 3 2 1
-52 7 4 15
-54 9 5 1
-44 8 11 51
-44 6 12 0
-41 6 12 0
0 -13 3 1
1 -13 1 1
-39 -22 3 0
-40 21 6 1
-52 9 3 1
-54 11 4 1
-53 9 4 17
-55 9 5 5
-56 9 2 0
-55 8 3 1
-55 8 2 0
-54 7 3 1
-54 7 2 0
-45 7 12 8
-54 9 2 3
-37 -16 2 0
-36 -16 2 0
-35 -15 2 0
-36 -14 4 0
-36 -14 1 0
-36 -14 0 0
-41 22 7 1
-37 -21 2 0
-53 8 7 1
-53 8 6 1
-53 5 7 1
-40 20 5 2
-42 20 5 1
-42 19 6 7
-50 21 5 14
-43 18 5 1
-43 19 6 0
-48 19 4 7
-55 30 4 1
-55 29 5 1
-55 30 5 1
-44 16 6 41
-55 30 1 1
-42 18 2 5
-55 28 2 5
-55 27 3 0
-55 27 4 0
-54 27 5 0
-55 28 1 1
-44 18 6 1
-32 -26 2 0
-33 -25 -1 1
-4 -11 2 1
-4 -11 3 1
-31 -31 3 1
-14 10 10 1
-25 -41 5 0
-19 -7 1 2
-19 -7 2 1
-51 6 6 1
-38 -4 1 1
-52 15 7 0
-50 17 6 1
-50 15 6 1
-52 -1 -2 1
-40 12 12 9
-34 9 4 1
-53 27 4 1
-52 27 5 1
-56 29 2 1
-38 -5 2 1
-57 29 1 1
-41 20 5 11
-49 21 6 1
-47 19 7 2
-57 30 2 6
-44 19 6 1
-56 29 1 1
-56 30 1 1
-42 18 7 11
-56 30 3 1
-56 27 4 1
-58 26 1 1
-58 26 2 6
-58 26 3 1
-58 27 1 1
-58 27 2 7
-58 27 3 2
-41 -2 2 1
-42 -4 3 3
-41 18 6 2
-57 28 2 1
-56 27 5 1
-43 20 6 1
-43 20 4 1
-45 18 5 8
-45 18 6 11
-45 18 4 30
-43 15 5 11
-43 17 6 26
-42 17 6 21
-43 18 6 2
-43 18 7 3
-43 18 2 8
-34 -7 5 1
-34 -6 4 1
-34 -6 5 1
-34 -5 4 1
-34 -5 5 1
-37 -6 2 1
-40 12 11 11
-34 7 3 1
-14 -60 10 1
-40 -1 3 0
-42 -3 3 0
-35 12 5 0
-43 18 3 1
-40 -3 5 0
-40 -3 0 86
-23 9 0 1
-30 -18 3 0
-38 -5 5 0
-37 -5 3 1
-34 -18 3 0
-34 -18 4 0
-35 -18 3 0
-35 -17 3 0
-35 -18 4 0
-36 -7 5 1
-54 4 8 0
-40 12 16 0
-40 -7 11 0
-38 -9 12 0
-38 -9 13 0
-35 14 6 1
-35 14 5 1
-36 16 5 19
-36 11 5 0
-38 -9 11 0
-37 -8 12 0
-37 -8 11 0
-38 -7 14 0
-36 -6 12 0
-39 19 3 5
-42 15 3 38
-37 -6 11 0
-40 -1 2 1
-29 -30 2 3
-40 19 13 1
-29 -29 1 1
-28 -30 1 1
-27 -39 4 1
-43 10 5 6
-41 8 7 11
-21 -43 4 0
-25 10 5 1
-39 7 0 1
-25 11 5 1
-26 -25 3 0
-26 -25 4 0
-34 -23 0 0
-24 10 5 1
-34 -24 0 0
-28 -27 3 0
-28 -27 4 0
-27 -26 3 0
-36 -28 0 1
-37 18 13 1
-26 -26 3 0
-37 20 13 9
-37 20 14 7
-39 16 13 1
-23 -35 2 4
-16 -49 10 0
-26 -36 1 1
-27 11 3 1
-27 -37 0 1
-27 12 3 1
-27 12 4 1
-38 17 12 8
-16 -52 9 0
-26 11 3 1
-35 -26 3 0
-7 -9 6 1
-7 -9 5 2
-7 -10 6 10
-7 -10 5 6
-43 21 15 0
-50 11 5 1
-1 -8 -1 1
-1 -7 -1 1
-11 -2 1 2
-36 18 1 1
-24 -32 -1 1
-25 -32 -1 1
-25 -31 1 0
-25 -31 2 0
-21 -32 2 1
-21 -32 1 1
-21 -32 0 1
-64 24 5 1
-32 -6 4 0
-32 -6 7 0
-37 -2 5 1
-43 16 6 29
-45 17 6 1
-45 19 6 1
-45 20 6 1
-58 22 3 2
-45 20 14 0
-59 21 1 1
-27 -11 8 1
-27 -11 7 1
-27 -12 7 1
-35 17 11 0
-34 17 10 0
-39 19 14 0
-37 21 14 1
-37 21 13 1
-37 19 13 0
-25 5 4 0
-24 -37 0 1
-27 12 5 1
-39 19 13 1
-45 22 4 8
-29 -18 4 0
-31 -18 1 0
-31 -18 2 0
-38 10 10 1
-30 -19 4 0
-53 15 4 18
-38 -7 4 0
-51 15 8 0
-34 5 0 1
-35 5 0 1
-36 5 0 1
-34 5 5 0
-3 -7 7 2
-35 -26 -1 1
-55 -4 2 0
-45 4 6 1
-42 4 5 0
-23 -37 2 0
-52 -4 1 0
-52 -4 2 0
-52 -4 0 0
-42 0 0 15
-53 -3 2 0
-13 -3 0 15
-5 -13 8 1
-13 -3 4 0
-8 -2 1 1
-25 -37 0 1
-8 -1 2 1
-28 -32 5 0
-26 -33 2 7
-39 15 4 1
-11 -1 1 10
-41 -14 4 0
-22 3 5 0
-20 -46 0 2
-20 -46 5 0
-19 -47 4 0
-19 -47 3 0
-20 -48 3 0
-21 -47 4 0
-21 -47 3 0
-18 -46 4 0
-40 1 2 1
-40 -8 4 0
-40 13 2 3
-16 -2 0 3
-16 -3 0 1
-36 -1 0 1
-36 -1 -1 1
-32 -27 -2 1
-10 -1 2 3
-47 17 4 22
-10 -1 1 1
-44 16 1 1
-45 16 1 1
-46 16 1 1
-47 18 2 5
-47 17 2 1
-48 19 2 1
-48 18 2 6
-48 17 2 1
-46 23 6 1
-63 24 5 1
-26 -39 6 1
-26 -38 6 1
-47 11 1 1
-45 6 7 2
-45 6 8 5
-50 25 9 0
-27 -40 5 1
-26 -40 3 1
-26 -40 4 1
-26 -40 5 1
-25 -40 5 1
-24 -39 5 1
-23 -39 5 1
-23 -37 5 1
-41 13 14 4
-37 -6 3 1
-51 4 16 0
-24 -35 3 1
-43 8 14 0
-27 -27 5 0
-51 5 14 10
-53 4 14 0
-52 3 14 0
-51 4 14 3
-47 10 4 1
-40 20 14 0
-53 5 15 0
-53 4 15 0
-53 3 15 0
-52 2 15 0
-50 3 14 0
-50 3 15 0
-52 4 16 0
-13 2 3 1
0 -10 6 0
-53 5 14 0
0 -9 6 0
-45 10 5 1
-51 2 13 0
-44 10 4 1
-44 10 5 1
-44 10 6 1
-46 8 6 1
-42 9 0 1
-5 -11 6 3
-41 9 3 1
-41 9 4 1
-41 9 5 1
-42 9 2 1
-41 8 2 1
-41 9 2 1
-45 10 3 1
-44 10 3 1
-43 10 3 2
-45 10 2 1
-44 10 2 1
-43 10 2 1
-20 -55 8 1
-58 24 3 6
-34 12 2 7
-39 -6 11 0
-53 4 7 0
-19 -56 7 1
-2 -7 5 1
-2 -7 6 1
-41 9 6 1
-34 13 3 1
-54 21 1 1
-54 8 8 0
-57 2 3 1
-5 -10 6 1
-5 -9 5 1
-5 -9 6 1
-5 -8 5 4
-5 -8 6 1
-42 10 3 1
-4 -10 6 0
-4 -9 5 0
-4 -9 6 1
-42 10 2 1
-4 -8 6 1
-3 -10 5 0
-3 -10 6 0
-3 -9 5 0
-3 -9 6 0
-3 -8 5 1
-46 10 3 1
-46 10 4 1
-46 10 5 1
-43 7 1 3
-45 -2 8 0
-39 13 14 1
-47 -1 8 0
-1 -10 8 0
-48 -2 8 0
-1 -9 8 0
-46 -3 8 0
-46 -4 8 0
-46 5 8 6
-45 -3 8 0
-41 4 8 0
-46 -2 6 0
-5 -12 6 1
-5 -11 5 3
-38 12 16 0
-46 6 8 1
-40 14 16 0
-41 13 16 0
-41 4 9 0
-40 12 17 0
-3 -12 6 0
-48 -3 7 0
-3 -11 6 0
-45 -3 7 0
-40 6 9 0
-40 6 8 0
-45 6 9 1
-44 11 3 1
-44 11 4 1
-44 11 5 1
-38 13 15 0
-42 4 10 0
-38 13 14 1
-42 6 11 0
-42 11 4 1
-2 -12 8 0
-44 11 6 1
-43 11 6 1
-2 -11 9 0
-44 11 2 1
-44 -1 7 0
-1 -11 8 0
-47 -1 7 0
-48 -1 7 0
-46 9 6 1
-40 9 4 1
-39 14 15 1
-44 9 0 1
-43 9 0 1
-42 11 12 65
-39 10 7 4
-40 6 11 0
-40 9 2 1
-38 8 6 1
-39 8 11 0
-41 9 7 7
-44 10 7 1
-37 12 13 0
-35 8 1 1
-39 9 12 0
-42 11 7 1
-45 8 7 1
-39 13 13 3
-44 7 1 1
-39 10 12 0
-38 11 13 0
-40 9 12 0
-42 8 1 1
-42 9 1 1
-40 10 13 1
-39 10 13 0
-49 0 7 0
-40 12 13 5
-41 11 13 24
-44 10 11 15
-40 9 13 0
-57 2 4 1
-57 2 5 1
-44 10 8 1
-44 11 8 1
-43 11 8 1
-45 9 8 1
-36 -16 3 0
-40 -16 3 0
-44 10 9 1
-40 -17 4 0
-39 -17 3 0
-45 10 7 1
-45 10 8 1
-38 -18 4 0
-38 -17 3 0
-38 -18 3 0
-41 11 8 1
-38 -16 4 0
-45 9 9 1
-45 10 9 1
-38 -16 6 0
-38 -16 3 0
-38 -16 2 0
-45 5 7 2
-45 5 8 2
-36 12 14 0
-36 12 12 0
-37 13 14 0
-37 14 12 0
-38 14 13 0
-38 8 9 1
-38 10 13 0
-39 11 14 0
-39 11 12 0
-39 12 13 1
-40 12 14 4
-39 12 12 1
-39 9 13 0
-40 10 14 1
-4 -23 1 1
-7 -21 2 0
-33 -1 1 1
-33 0 2 1
-54 25 6 1
-14 2 3 1