DAV_OBMAP v3 cell_size=10
-9 51 17 0
-12 50 8 1
-14 52 7 0
-14 52 6 0
-18 84 11 1
-16 78 7 1
-16 78 8 1
-16 78 9 1
-16 79 7 1
-16 79 8 1
-16 79 9 1
-16 80 10 5
-16 80 11 1
-16 81 10 8
-16 81 11 2
-16 82 10 7
-16 82 11 4
-17 84 9 1
-17 84 10 5
-17 84 11 1
-16 83 9 1000
-16 83 10 5
-16 83 11 2
-6 97 17 1
-5 96 17 1
-25 61 14 1
-40 99 35 0
-5 97 17 1
-5 96 14 2
-6 96 13 1
-6 97 13 1
-25 64 12 0
-14 84 7 5
-17 59 10 1
-25 81 10 3
-19 50 12 0
-19 50 11 0
-19 51 11 0
-12 55 9 1
-12 55 10 6
-12 55 11 1
-11 55 9 1000
-11 55 10 6
-11 55 11 1
-12 54 8 1
-13 55 7 1
-12 54 7 1
-12 55 7 1
-12 55 8 1
-11 54 7 1
-11 54 8 1
-45 90 8 0
-45 89 8 1
-46 88 6 1
-47 88 6 1
-25 52 14 1
-26 50 17 0
-26 50 13 0
-10 52 9 1
-12 50 9 1
-13 52 7 0
-22 59 11 0
-36 56 3 1
-36 57 6 1
-38 57 2 1
-37 55 2 1
-11 82 12 0
-11 81 13 0
-11 81 12 0
-11 80 12 0
-30 77 8 1
-11 78 12 0
-13 77 14 0
-11 77 12 0
-38 92 8 1
-41 93 6 1
-41 93 7 1
-41 93 8 1
-40 93 6 1
-40 93 7 1
-40 93 8 1
-41 93 9 1
-18 60 6 1
-18 61 6 1
-18 64 5 1
-19 64 5 1
-19 63 5 1
-15 66 8 1
-33 71 11 1
-33 71 12 1
-30 68 8 1
-30 67 10 3
-30 67 8 12
-29 67 9 16
-30 67 13 0
-47 96 38 0
-46 96 37 0
-47 96 37 0
-32 62 8 1000
-24 98 34 0
-24 99 34 0
-24 99 35 0
-23 98 34 0
-23 98 35 0
-23 99 34 0
-23 99 35 0
-39 51 3 2
-27 52 16 0
-36 59 6 0
-36 92 7 4
-37 75 11 1
-37 60 7 0
-36 60 6 0
-24 98 33 0
-24 99 33 0
-23 98 33 0
-29 81 6 1
-29 80 6 1
-29 79 6 1
-26 65 10 0
-26 66 9 0
-26 66 11 0
-26 66 10 0
-21 83 10 1
-20 83 11 1
-23 93 32 0
-8 56 9 1000
-7 56 9 0
-25 68 7 1
-29 68 8 2
-44 55 5 1
-18 94 10 1
-16 94 12 4
-16 94 11 4
-16 94 10 1
-17 94 10 2
-21 50 6 2
-13 59 8 2
-11 82 10 0
-20 50 8 1
-12 54 12 0
-11 60 9 1
-12 61 9 1
-8 61 13 2
-8 61 12 2
-39 50 6 1
-28 67 7 1
-33 68 14 1
-32 68 14 1
-23 52 10 1
-24 59 12 2
-2 58 12 0
-2 58 16 0
-2 56 13 0
-2 56 15 0
-2 56 14 0
-2 57 15 0
-2 57 14 0
-4 58 13 0
-4 58 15 0
-3 58 15 0
-4 58 14 0
-7 86 16 0
-6 84 15 0
-7 84 15 0
-9 84 15 0
-5 86 13 0
-3 57 13 0
-27 77 8 0
-24 75 10 4
-25 75 11 1
-5 62 11 0
-6 62 11 0
-5 62 12 0
-26 77 10 0
-28 77 9 0
-28 77 10 0
-25 76 9 1
-25 76 8 0
-25 77 8 1
-39 52 7 2
-39 52 8 4
-39 53 7 1
-39 53 8 8
-38 52 6 8
-38 52 7 11
-38 52 8 2
-38 53 8 2
-37 52 6 1
-37 52 7 1
-37 52 8 3
-37 53 8 1
-39 60 8 3
-3 89 11 1
-3 90 11 1
-3 91 11 1
-2 89 11 1
-2 90 11 1
-2 91 11 2
-1 89 11 1
-1 90 11 1
-1 91 11 1
-1 92 14 0
-1 93 14 0
-1 93 13 0
-2 93 14 0
-18 64 11 1
-18 64 12 0
-18 64 9 1
-34 57 4 2
-42 96 38 0
-42 96 37 0
-42 99 38 0
-42 99 37 0
-27 80 8 1
-27 79 7 1
-26 79 8 1
-16 57 10 0
-16 57 5 1
-10 54 12 1
-11 56 12 0
-8 56 13 0
-7 55 13 0
-7 55 12 0
-10 56 9 1
-11 56 9 1
-10 57 10 3
-10 57 14 0
-37 89 7 1
-37 89 6 1
-43 92 10 1
-43 93 7 1
-43 93 6 1
-43 92 8 1
-41 74 11 1
-45 83 6 1
-45 82 7 1
-22 76 12 0
-22 77 11 1
-22 76 11 1
-20 76 12 0
-20 76 11 1
-41 54 7 2
-40 55 9 1
-35 66 11 1
-37 54 3 1
-48 75 7 3
-16 73 10 1
-50 75 4 10
-40 92 7 7
-40 92 8 11
-14 65 11 3
-14 63 11 0
-41 92 9 1
-41 92 10 1
-40 90 10 1
-40 91 9 8
-30 65 10 1
-40 91 10 1
-31 80 9 0
-8 79 13 0
-8 79 12 0
-7 78 10 0
-40 92 9 7
-40 92 10 1
-45 88 10 1
-45 89 10 1
-45 90 10 1
-42 86 6 1
-42 86 7 1
-42 86 8 1
-42 86 9 1
-42 87 9 1
-6 75 15 0
-18 53 9 1
-20 56 6 1
-16 55 8 0
-17 54 8 0
-49 77 7 1
-46 79 8 1
-46 79 9 1
-45 54 5 1
-17 66 11 1
-17 66 10 3
-45 53 6 1
-28 74 11 0
-22 65 11 1
-6 57 6 2
-4 59 9 0
-23 65 11 0
-8 50 11 1
-1 81 11 1
-2 81 13 1
-40 58 6 5
-43 78 8 14
-43 78 9 11
-43 79 7 1
-43 79 8 1
-43 79 9 1
-18 63 12 0
-17 61 11 0
-17 61 12 0
-43 77 7 4
-43 77 8 1
-43 77 9 1000
-42 73 7 2
-42 73 8 2
-42 73 9 1
-42 74 7 2
-42 74 8 2
-21 60 6 1
-37 91 10 0
-42 73 11 1
-42 74 10 2
-42 74 11 1
-41 75 8 2
-42 75 7 3
-42 75 8 1
-38 74 6 1
-38 75 6 1
-42 76 6 1
-42 77 6 1
-42 78 6 1
-29 65 7 2
-18 96 10 1
-19 96 12 0
-31 69 7 1
-30 99 13 0
-32 69 8 1
-31 99 12 0
-31 99 13 0
-31 98 13 0
-28 96 15 1
-27 96 15 1
-27 97 15 1
-26 96 15 1
-26 97 15 1
-26 98 15 1
-29 99 14 0
-12 78 14 0
-9 62 9 1
-40 53 11 0
-15 77 13 0
-41 51 11 1
-18 86 18 0
-36 55 12 1
-20 89 27 0
-22 88 27 0
-23 89 27 0
-16 66 9 2
-33 60 7 8
-12 50 10 3
-34 59 11 0
-50 53 3 2
-34 59 12 0
-16 51 8 0
-33 55 10 1
-33 56 13 1
-49 53 6 1
-48 54 4 1
-33 63 3 1
-33 55 12 1
-15 63 17 0
-38 57 14 1
-38 58 13 1
-37 61 10 1
-31 50 7 1
-15 65 17 0
-15 65 18 0
-48 52 2 1
-47 53 4 1
-47 52 3 5
-47 52 4 8
-38 59 5 1
-17 63 18 0
-5 54 9 0
-24 58 10 1
-23 59 9 1
-23 59 11 0
-35 67 9 1
-33 59 8 3
-32 59 6 5
-17 64 19 0
-16 65 19 0
-17 65 18 0
-15 66 19 0
-14 65 19 0
-14 51 9 1
-34 63 4 1
-30 80 11 0
-8 84 8 1
-43 87 8 15
-5 51 12 0
-9 85 8 1
-19 52 10 0
-20 52 12 0
-20 50 11 0
-17 53 13 0
-36 51 5 1
-35 51 5 1
-35 51 6 1
-35 51 7 1
-35 52 5 1
-35 52 6 1
-41 53 8 0
-41 55 9 6
-33 58 3 1
-47 54 7 1
-19 75 11 1
-20 68 11 0
-20 70 10 1
-20 70 12 0
-20 70 11 1
-44 85 6 1
-44 85 7 1
-44 85 8 1
-43 85 6 1
-43 85 7 3
-43 85 8 4
-42 85 6 4
-42 85 7 4
-47 54 3 7
-47 54 4 16
-47 54 5 13
-17 54 14 0
-32 61 10 1
-31 61 10 2
-34 66 9 1
-34 67 7 1
-18 54 15 0
-18 54 14 0
-6 60 10 0
-6 60 11 0
-5 61 10 0
-37 64 9 1
-7 77 8 1
-49 74 5 1
-49 74 4 21
-42 50 8 0
-32 98 9 0
-40 51 15 0
-40 51 14 0
-39 50 13 0
-39 50 14 0
-17 89 16 0
-18 90 16 0
-40 73 7 1
-44 52 8 1
-44 51 8 1
-44 50 8 1
-45 52 8 1
-45 51 8 1
-45 50 8 4
-44 51 7 3
-50 77 8 9
-26 64 6 1
-27 51 11 2
-41 58 11 1
-39 55 10 0
-38 56 10 0
-30 71 11 1
-31 71 11 11
-31 71 10 3
-32 66 13 0
-32 66 12 0
-30 65 12 0
-45 50 6 9
-33 66 12 0
-35 50 14 1
-35 50 13 1
-35 55 12 1
-50 81 6 1
-49 80 6 1
-17 80 7 1
-30 66 7 1
-35 59 6 0
-13 77 10 0
-14 77 10 1
-17 70 11 1
-16 69 9 1
-4 89 15 0
-2 89 16 0
-2 89 12 0
-33 55 13 1
-33 55 11 1
-5 66 12 0
-6 67 12 0
-8 66 13 1
-9 65 12 17
-9 65 13 24
-9 65 14 3
-9 66 12 1
-32 72 9 1
-31 72 9 1
-19 81 11 1
-19 81 10 3
-33 99 5 1
-32 97 5 1
-33 59 6 19
-12 83 8 1
-15 65 8 1
-12 84 8 1
-16 65 8 1
-43 51 8 1
-27 85 12 0
-27 85 13 0
-27 85 11 0
-25 85 14 0
-25 85 10 1
-26 85 9 1
-26 86 9 1
-25 85 9 1
-46 92 6 1
-46 92 7 1
-46 93 5 1
-46 93 6 1
-34 60 13 0
-32 54 9 1
-33 91 8 1
-23 81 13 0
-23 81 14 0
-23 97 33 0
-23 97 32 0
-23 96 33 0
-23 96 32 0
-24 97 33 0
-43 53 10 1
-36 55 11 5
-36 55 10 1
-13 66 16 0
-16 66 16 0
-16 64 16 0
-14 63 16 0
-23 51 11 0
-41 51 4 1
-47 78 9 0
-29 63 8 2
-29 63 9 3
-29 63 10 1
-29 62 11 1
-30 51 9 1
-45 75 8 1
-29 64 7 2
-26 64 9 1
-37 91 5 1
-47 95 7 1
-47 95 6 1
-46 94 7 3
-46 94 6 1
-46 94 5 1
-46 93 7 6
-30 51 17 1
-31 53 16 3
-31 53 15 22
-31 52 17 11
-41 55 13 4
-41 55 12 4
-24 92 26 1
-42 53 11 1
-41 54 12 3
-40 54 13 0
-50 89 10 1
-45 88 6 1
-45 88 9 4
-26 52 16 0
-46 90 5 2
-40 59 14 1
-46 89 4 1
-38 59 14 1
-50 69 6 2
-37 94 8 0
-35 94 7 2
-35 94 8 1
-50 68 7 1
-50 69 7 1
-49 68 6 1
-49 68 7 1
-49 69 7 1
-48 72 6 1
-39 50 9 30
-39 50 8 1
-40 51 9 5
-40 51 8 1
-40 50 9 6
-40 50 8 1
-30 52 11 1
-38 63 5 1
-34 78 12 0
-32 78 11 0
-31 78 11 0
-31 80 11 0
-33 80 11 0
-34 80 11 0
-44 78 10 4
-49 75 4 3
-49 74 3 1
-42 51 6 0
-37 51 8 3
-5 61 7 1
-4 62 8 1
-25 63 7 1
-39 88 9 0
-33 73 12 1
-31 71 8 1
-20 96 30 0
-20 96 31 0
-49 52 2 1
-49 52 3 4
-8 61 10 1
-8 61 11 2
-8 62 10 1
-8 62 11 4
-50 76 8 1000
-3 72 8 1
-4 72 10 4
-7 67 10 1
-3 71 8 1
-26 80 12 0
-4 59 11 0
-14 83 14 0
-19 66 6 2
-38 76 6 1
-37 77 11 0
-37 75 9 1
-38 77 9 1000
-41 57 5 8
-41 56 4 9
-39 58 8 1
-41 57 7 22
-41 57 6 16
-41 56 8 9
-36 55 8 2
-40 57 7 16
-17 95 16 0
-17 95 17 0
-19 95 16 0
-19 96 16 0
-19 95 17 0
-22 97 12 1
-45 98 37 0
-46 98 37 0
-45 95 37 0
-21 96 12 1
-21 97 10 1
-20 96 10 1
-17 97 11 3
-17 96 10 2
-17 96 11 6
-36 81 10 1
-9 78 12 0
-9 78 10 0
-8 79 11 0
-7 79 11 0
-7 79 12 0
-1 83 13 1
-48 76 10 0
-44 79 11 1
-23 76 11 1
-41 52 5 1
-40 52 6 1
-23 59 8 1
-19 58 9 1
-17 74 13 1
-8 62 14 5
-8 62 15 1
-8 63 14 1
-8 63 15 1
-7 62 14 1
-7 62 15 1
-7 63 14 0
-7 63 15 1
-8 58 15 1
-8 59 15 1
-13 53 14 0
-12 55 12 1
-12 55 13 0
-11 54 12 1
-16 73 7 2
-16 72 6 1
-15 72 6 1
-3 92 13 0
-4 90 14 0
-4 90 15 0
-4 90 13 0
-3 89 15 0
-1 89 15 0
-2 90 16 0
-2 90 12 1
-29 73 11 0
-28 73 10 0
-19 53 13 0
-19 52 13 0
-10 52 7 1
-38 53 9 12
-37 53 9 7
-17 62 11 0
-17 62 6 1
-18 63 5 1
-17 63 5 1
-16 63 5 1
-23 52 6 1
-35 80 10 1
-38 80 8 1
-46 90 9 1
-46 89 9 6
-46 89 8 8
-46 89 7 15
-44 94 6 1
-44 93 6 1
-20 88 22 0
-48 80 9 3
-24 91 21 1
-23 91 21 1
-42 98 38 0
-20 94 31 0
-27 76 6 1
-28 76 6 1
-27 77 10 0
-27 77 9 0
-50 68 5 1
-46 76 9 1
-36 76 8 0
-46 76 11 2
-38 50 13 0
-41 72 6 1
-30 70 13 1
-31 71 13 1
-46 77 11 1
-46 78 11 1
-3 71 11 1
-5 72 8 1
-5 72 9 3
-5 72 10 1
-28 55 17 1
-4 72 9 4
-38 53 3 1
-35 89 7 1
-35 89 8 1
-19 51 7 1
-19 51 6 1
-15 52 12 0
-15 65 9 1
-17 67 12 0
-19 67 12 0
-6 66 8 1
-23 69 9 1
-5 67 15 0
-12 67 12 1
-21 68 11 0
-14 84 6 1
-14 83 6 1
-32 65 9 1
-41 56 12 1
-40 56 10 1
-39 55 11 1
-39 55 12 1
-45 76 11 1
-34 70 10 1
-48 94 5 1
-49 95 6 1
-50 93 6 1
-50 93 5 4
-50 93 4 1
-33 52 7 1
-32 52 11 3
-32 52 10 1
-6 79 11 0
-6 79 12 0
-5 79 10 1
-43 87 9 11
-5 79 9 1
-43 87 7 23
-33 51 9 2
-4 78 9 1
-4 78 10 2
-4 78 11 4
-41 90 7 10
-41 90 6 2
-41 89 8 1000
-41 89 7 1
-41 89 6 8
-41 88 8 1
-41 88 7 1
-41 88 6 2
-15 53 8 0
-42 88 6 4
-49 79 6 1
-39 82 8 1
-50 79 6 1
-50 78 6 1
-39 76 7 1
-21 65 12 0
-23 65 13 0
-23 65 14 0
-36 77 6 1
-47 96 35 0
-15 51 10 1
-15 51 7 0
-15 51 6 0
-21 94 34 0
-47 73 3 1
-23 65 10 1
-43 90 5 1
-43 89 5 1
-18 68 9 1000
-19 68 11 1000
-18 67 10 4
-46 77 13 1
-19 96 33 0
-23 67 8 2
-6 96 14 1
-37 62 8 6
-25 68 11 0
-43 55 9 1
-38 94 7 6
-43 56 9 1
-42 54 9 17
-42 55 9 6
-42 56 9 1
-41 55 5 4
-42 55 4 1
-48 74 6 1
-47 74 6 1
-47 74 7 1
-13 64 11 1
-17 64 12 0
-16 61 12 0
-18 86 17 0
-17 86 16 0
-17 86 17 0
-17 87 17 0
-18 88 18 0
-47 93 9 0
-47 93 7 0
-16 86 16 0
-20 86 16 0
-20 86 17 0
-20 87 17 0
-19 86 16 0
-45 78 13 1
-46 80 13 1
-46 79 13 1
-46 78 13 1
-47 80 13 1
-47 79 13 1
-23 59 7 1
-23 58 7 1
-50 73 4 24
-50 73 3 1
-23 80 16 0
-17 51 7 0
-33 97 5 1
-33 96 5 1
-34 98 5 1
-8 76 8 1
-12 52 8 1
-12 53 7 1
-12 53 8 1
-36 98 10 1
-14 75 9 1
-37 96 10 1
-35 99 7 2
-28 63 12 1
-28 64 12 1
-22 97 11 1
-22 97 10 1
-34 58 6 8
-34 58 7 12
-34 58 8 4
-29 50 16 0
-29 87 13 1
-28 87 11 1
-28 87 12 1
-28 87 13 1
-34 62 9 1
-34 62 8 1
-33 78 11 0
-33 77 10 0
-44 80 11 1
-44 81 10 1
-44 81 11 1
-43 80 10 1
-43 80 11 1
-28 63 11 1
-24 63 6 1
-24 64 6 1
-23 64 6 1
-22 64 6 1
-30 67 9 11
-26 69 7 1
-29 50 10 1
-29 50 11 1
-24 50 11 0
-24 50 12 0
-13 53 15 0
-13 52 15 0
-13 52 16 0
-12 53 15 0
-12 53 16 0
-13 54 16 0
-13 54 17 0
-11 53 15 0
-10 53 15 0
-11 53 16 0
-11 55 15 0
-14 54 16 0
-14 52 15 0
-14 52 16 0
-12 51 16 0
-11 52 16 0
-12 53 17 0
-10 52 16 0
-10 54 15 0
-12 54 16 0
-13 51 15 0
-12 52 16 0
-13 51 16 0
-40 60 5 1
-23 55 9 1
-21 53 11 0
-42 77 8 1
-42 77 9 1000
-41 73 7 1
-7 52 8 0
-41 73 9 1
-4 62 10 0
-30 50 12 1
-44 50 7 1
-35 65 9 3
-9 62 10 1
-8 60 8 2
-7 60 10 1
-41 52 9 1
-36 88 9 1
-36 87 10 1
-47 74 5 1
-49 71 4 4
-36 86 9 1
-36 88 8 1
-36 87 8 1
-36 86 8 1
-39 88 5 1
-39 87 5 1
-39 86 5 1
-31 78 8 1
-31 78 9 1
-31 78 10 1
-17 84 8 0
-31 79 8 1
-50 77 7 5
-50 77 6 2
-34 53 9 1
-33 52 8 1
-33 52 9 1
-33 53 8 1
-33 53 9 1
-28 73 11 0
-49 79 10 1
-10 86 11 0
-11 86 6 1
-11 85 6 1
-38 50 7 1
-21 63 14 0
-22 57 12 0
-35 93 9 1
-34 95 9 1
-30 55 17 1
-40 52 4 39
-12 58 12 0
-24 92 13 1
-26 92 14 1
-25 92 14 1
-24 90 14 1
-2 59 9 0
-49 70 3 1
-31 93 7 1
-31 94 7 1
-31 95 7 1
-34 97 10 0
-34 97 11 0
-34 97 6 4
-35 98 5 1
-34 98 9 1
-33 98 8 0
-34 97 8 0
-33 98 9 0
-34 97 9 0
-32 97 8 0
-16 53 8 0
-3 76 14 0
-6 77 14 0
-5 78 14 0
-4 79 14 0
-4 79 13 0
-1 80 13 1
-1 80 12 5
-1 80 11 1
-2 80 13 1000
-2 80 12 5
-2 80 11 1
-3 80 11 2
-3 78 14 0
-2 77 14 0
-42 83 8 0
-41 83 8 3
-41 82 7 1
-41 82 8 3
-41 82 9 1
-40 82 7 1
-40 82 8 1
-40 82 9 1
-42 82 11 1
-41 82 10 2
-41 82 11 1
-40 82 10 1
-42 82 7 1
-31 68 6 1
-30 67 6 1
-20 57 7 5
-45 75 9 0
-46 77 10 1
-30 51 11 1
-19 58 8 1
-18 58 6 1
-20 99 10 0
-20 99 12 0
-20 99 11 0
-8 59 11 1
-7 61 9 1
-7 61 11 1
-5 60 11 0
-7 60 9 1
-7 53 11 1
-2 68 9 1
-13 62 10 1
-2 68 8 1
-2 67 9 1
-3 68 10 10
-4 67 10 1000
-21 71 9 1
-20 71 13 0
-38 52 11 3
-4 67 9 2
-21 92 27 0
-10 84 9 2
-34 55 8 1
-35 55 8 1
-5 67 10 1
-3 67 10 4
-3 65 11 0
-25 50 12 0
-25 50 13 0
-1 64 7 1
-3 66 7 1
-5 63 8 0
-4 66 7 1
-5 66 9 1
-38 90 8 0
-35 90 5 1
-25 80 11 1
-31 93 11 1
-31 92 13 1
-45 54 1 1
-30 63 8 25
-35 57 9 1
-31 92 12 1
-31 92 11 1
-10 50 9 2
-10 51 9 3
-16 50 11 0
-17 51 9 0
-11 56 5 1
-11 55 5 1
-11 54 5 1
-10 55 6 1
-43 53 2 1
-31 64 8 1
-9 58 11 1
-9 58 10 3
-10 58 11 1
-47 80 8 1
-46 80 9 0
-17 88 12 1
-17 88 11 1
-37 78 9 3
-37 76 9 0
-18 89 12 1
-44 80 4 1
-37 75 10 3
-33 65 11 1
-37 75 12 1
-37 76 12 1
-36 75 12 1
-42 56 2 1
-42 56 3 1
-42 57 3 1
-41 56 2 1
-41 56 3 1
-41 57 2 1
-41 57 3 1
-7 54 10 1
-6 53 9 0
-22 63 7 1
-46 77 9 1
-46 77 8 1
-46 79 7 1
-46 78 7 1
-46 77 7 1
-25 99 15 0
-10 66 12 22
-10 67 13 1
-14 63 12 0
-13 63 13 0
-14 63 13 0
-12 63 12 0
-42 85 10 1
-42 85 11 0
-6 75 12 0
-6 74 12 0
-5 74 13 0
-46 53 4 15
-31 69 10 1
-3 93 10 1
-2 92 11 1
-2 92 16 0
-1 91 15 0
-3 91 15 0
-4 92 13 0
-4 92 15 0
-4 92 14 0
-3 93 15 0
-3 94 14 0
-2 94 13 0
-2 94 15 0
-2 94 14 0
-1 93 15 0
-1 94 14 0
-19 82 9 1
-20 82 11 2
-20 82 10 5
-46 74 8 0
-44 79 10 1
-33 91 6 1
-36 94 9 0
-36 94 10 0
-36 94 6 2
-33 95 8 5
-32 96 7 1
-28 62 11 1
-18 93 10 1
-50 67 3 1
-50 67 4 1
-50 67 5 1
-49 67 3 1
-49 67 4 1
-39 52 10 4
-42 87 6 1
-40 78 11 1
-35 90 9 2
-35 81 10 1
-14 57 9 1
-14 57 7 1
-17 58 9 0
-4 69 13 0
-6 62 10 0
-5 61 11 0
-32 51 14 21
-5 69 11 0
-33 64 12 0
-35 77 7 1
-21 63 8 1
-21 63 9 1000
-21 63 10 5
-23 61 10 1
-29 94 14 1
-43 78 10 4
-43 79 10 1
-23 78 12 1
-42 74 9 2
-42 73 10 1
-31 69 6 1
-20 77 11 2
-32 69 6 1
-38 79 10 1
-37 78 10 1
-38 78 8 8
-39 77 7 5
-26 91 10 1
-25 90 10 1
-29 93 10 1
-4 60 6 1
-27 61 8 1
-19 64 6 1
-35 62 9 0
-40 84 8 4
-26 99 13 1
-29 63 6 1
-19 87 16 0
-20 88 16 0
-19 88 15 0
-21 84 7 1
-21 84 8 1
-20 83 7 1
-20 84 7 1
-35 98 7 2
-37 96 7 4
-36 97 9 7
-36 98 9 5
-36 98 8 5
-36 98 7 1
-37 98 9 1
-37 98 8 1
-37 98 7 1
-37 97 9 2
-47 90 7 8
-34 99 9 2
-34 99 8 2
-20 56 11 0
-38 92 10 1
-24 69 8 1
-34 99 7 1
-22 68 7 1
-26 63 9 9
-10 65 14 1
-35 62 3 1
-21 64 11 1
-16 54 9 1
-13 54 8 0
-42 52 11 0
-2 97 15 0
-17 80 9 1
-35 88 9 1
-36 90 9 3
-24 79 6 1
-26 51 11 3
-10 60 9 1
-10 61 9 1
-27 73 9 1
-24 78 14 0
-24 78 13 0
-26 78 11 0
-26 78 12 0
-24 80 11 2
-26 73 9 1
-49 80 7 2
-18 84 10 4
-26 73 10 2
-26 73 11 1
-15 61 7 0
-38 57 8 0
-38 59 8 1
-38 77 10 1
-44 50 1 1
-38 59 11 3
-39 60 10 1
-50 78 7 1
-40 76 9 1
-40 76 8 0
-41 77 8 1000
-20 94 34 0
-27 51 12 1
-50 81 11 1
-49 73 8 1
-7 51 13 0
-8 50 12 0
-33 50 10 2
-21 52 6 1
-30 54 15 3
-30 54 16 1
-30 54 17 1
-30 54 14 6
-38 58 5 2
-4 51 12 0
-32 71 13 1
-6 50 12 0
-5 50 12 0
-31 52 15 1005
-32 50 15 1004
-37 59 10 1
-39 54 2 1
-37 53 6 7
-37 53 5 6
-34 50 8 10
-34 51 8 1
-37 50 10 3
-37 50 11 1
-38 50 12 1
-38 52 10 2
-32 64 6 1
-29 61 6 1
-29 61 7 1
-29 61 8 1
-29 61 5 1
-36 64 6 1
-36 88 12 1
-36 64 8 1
-41 50 6 0
-50 79 11 1
-33 60 13 0
-16 56 9 0
-16 56 7 0
-37 77 7 4
-37 64 5 1
-10 63 12 1000
-37 64 6 1
-3 58 9 0
-47 73 5 1
-47 74 3 1
-47 74 4 3
-35 59 5 3
-35 58 5 1
-29 71 6 1
-12 84 10 0
-9 55 12 1
-40 53 8 1
-23 54 8 1
-27 77 6 1
-19 62 7 3
-18 63 7 1
-18 63 6 1
-42 78 8 15
-23 85 12 0
-24 85 13 0
-24 85 11 0
-24 86 12 0
-8 84 12 0
-10 84 14 0
-10 84 15 0
-41 50 4 1
-43 54 3 1
-33 94 7 3
-33 94 8 8
-33 94 9 6
-34 93 9 5
-34 94 10 7
-33 94 10 1
-34 94 6 1
-33 92 6 1
-33 93 6 1
-33 94 6 1
-36 94 8 0
-17 50 10 0
-19 51 10 0
-37 63 10 1
-49 92 9 1
-48 91 4 1
-48 92 4 1
-15 55 12 0
-14 54 9 1
-19 55 12 0
-17 53 10 0
-17 55 13 0
-50 96 35 1
-17 98 11 0
-14 61 9 1
-19 79 11 1
-19 95 32 0
-19 95 33 0
-34 50 18 1
-32 51 17 1
-25 79 13 0
-23 72 10 1
-30 64 9 1004
-28 67 10 4
-27 90 12 1000
-47 71 3 1
-13 53 10 7
-18 61 12 0
-18 61 10 0
-18 60 12 0
-16 59 12 0
-37 86 8 1
-37 86 7 1
-37 86 6 2
-38 87 7 4
-40 85 6 1
-46 52 3 7
-31 56 14 1
-22 94 32 0
-43 88 9 1
-32 59 4 1
-38 60 6 2
-46 74 11 1
-34 53 8 1
-34 52 9 2
-12 84 9 0
-14 62 12 0
-50 74 3 1
-32 72 10 1
-12 73 13 0
-36 59 8 0
-33 79 6 1
-11 79 12 0
-12 85 7 1
-11 84 6 1
-37 50 13 2
-36 51 15 1
-36 51 14 1
-38 51 15 1
-38 51 14 1
-25 92 23 1
-35 58 7 1
-6 76 15 0
-6 76 14 0
-6 74 13 0
-22 79 11 1
-29 65 12 0
-8 86 8 1
-40 73 6 1
-32 77 6 1
-36 78 11 0
-36 78 7 2
-36 50 9 2
-16 67 9 7
-2 82 13 0
-17 92 10 1
-12 52 9 1
-21 50 9 1
-16 92 10 2
-17 94 14 0
-26 63 6 1
-22 94 30 0
-28 92 14 1
-27 92 14 1
-27 99 15 0
-30 91 11 1
-30 91 12 1
-30 91 13 1
-49 71 3 1
-30 92 12 1
-30 92 13 1
-29 92 11 2
-29 92 12 2
-44 52 7 3
-43 56 4 1
-36 52 7 1
-38 53 5 3
-40 53 7 1
-24 81 13 0
-6 51 12 0
-5 51 11 0
-48 50 5 1
-48 50 4 4
-21 80 9 1
-21 80 10 2
-21 52 7 2
-21 53 6 1
-20 51 6 2
-20 52 6 1
-13 72 12 0
-13 72 13 0
-13 72 11 0
-41 57 14 1
-36 50 15 1
-36 50 14 1
-37 51 15 1
-31 61 13 1
-13 64 15 0
-41 74 10 4
-14 85 10 0
-33 55 6 1
-32 65 7 1
-23 55 7 1
-22 56 6 1
-12 64 12 0
-18 56 9 1
-22 76 13 0
-10 58 9 1
-32 53 11 3
-32 53 10 2
-32 65 11 0
-50 53 6 1
-10 60 13 1
-47 82 7 2
-32 92 11 1
-32 92 12 1
-32 92 13 1
-47 83 8 3
-32 93 11 1
-32 93 12 1
-47 84 8 1
-32 93 13 1
-46 84 7 1
-46 84 8 1
-46 84 9 1
-46 82 7 2
-46 83 7 1
-45 82 8 0
-11 61 14 0
-11 61 10 2
-34 92 7 2
-34 92 6 1
-34 91 8 1
-34 91 7 1
-22 82 9 1
-22 82 10 1
-20 66 11 0
-20 66 10 1
-19 67 11 1
-17 69 11 1
-17 69 10 5
-17 69 9 1000
-18 69 11 2
-18 69 10 5
-18 69 9 1000
-19 69 11 1
-39 75 10 4
-39 82 9 1
-3 59 11 0
-23 78 8 1
-22 80 9 7
-22 79 10 1
-22 79 9 1
-21 78 7 1
-21 77 7 1
-35 77 9 0
-40 77 9 1000
-38 74 8 2
-39 73 7 1
-31 81 6 1
-49 50 3 1
-49 50 4 1
-40 56 14 1
-39 57 10 1
-16 62 5 1
-50 68 3 1
-19 84 16 0
-19 84 12 0
-3 60 9 0
-6 78 12 0
-24 78 7 2
-32 58 4 1
-32 57 4 1
-27 75 7 2
-22 64 7 3
-22 65 7 1
-41 92 7 1
-41 92 6 1
-40 90 6 5
-26 99 14 0
-15 79 13 0
-47 72 4 2
-28 99 14 0
-31 69 12 2
-30 68 10 2
-28 99 15 0
-29 91 12 1
-38 57 5 0
-28 66 10 3
-47 70 4 1
-32 52 14 6
-23 78 13 0
-37 50 2 1
-23 82 14 0
-36 63 5 1
-32 80 10 0
-31 51 11 5
-27 80 6 1
-16 84 10 6
-16 84 11 3
-5 67 9 1
-28 65 5 1
-40 50 13 0
-40 50 15 0
-28 64 6 1
-13 81 11 0
-13 81 13 0
-13 81 12 0
-14 81 11 0
-14 81 13 0
-14 81 12 0
-15 81 13 0
-16 81 12 1
-15 82 12 1
-12 83 13 0
-31 67 6 1
-40 82 11 1
-41 83 10 1
-14 90 12 0
-14 90 11 0
-14 90 13 1
-40 58 8 1
-35 78 11 0
-13 50 8 0
-18 78 10 1
-24 53 8 1
-14 65 17 0
-13 64 16 0
-14 64 16 0
-14 63 15 0
-16 64 14 0
-15 64 16 0
-16 64 15 0
-16 65 16 0
-15 64 21 0
-17 65 20 0
-15 65 20 0
-14 67 16 0
-13 67 16 0
-12 65 16 0
-21 83 11 1
-24 52 8 1
-15 50 7 0
-15 50 9 1
-15 50 8 0
-18 50 6 0
-17 50 9 0
-16 51 9 0
-20 83 10 2
-16 50 10 0
-18 82 7 3
-8 77 11 0
-14 62 19 0
-17 62 19 0
-17 65 19 0
-5 57 6 2
-4 57 6 1
-5 50 10 1
-25 89 21 1
-35 79 9 0
-24 90 21 1
-33 53 10 1
-33 53 11 1
-39 98 37 0
-22 62 10 1001
-7 51 12 0
-6 52 11 1
-6 52 13 0
-4 61 11 0
-30 97 11 2
-6 52 12 0
-28 50 10 1
-24 52 11 0
-39 58 2 1
-16 84 12 1
-40 58 4 3
-39 59 4 2
-33 54 14 1
-37 89 8 1
-6 55 7 0
-6 55 8 0
-6 55 11 0
-5 54 10 0
-21 59 8 1
-23 68 7 1
-13 82 14 0
-17 56 11 0
-21 51 5 1
-19 51 9 0
-20 52 9 1
-22 54 8 2
-22 54 9 1
-22 54 10 1
-21 54 8 8
-21 54 9 3
-21 54 10 1000
-20 53 8 1000
-20 53 9 1
-20 54 8 1000
-20 54 9 1
-20 54 10 1
-21 51 6 4
-22 52 5 1
-21 52 5 1
-34 64 10 2
-34 65 11 1
-33 64 10 0
-22 75 12 0
-22 75 11 1
-25 51 15 0
-32 76 10 1
-32 76 9 1
-25 77 9 1000
-38 59 7 0
-35 52 7 1
-13 76 12 0
-14 78 10 1
-45 78 7 2
-45 78 8 14
-45 78 9 14
-45 79 7 1
-48 74 5 1
-24 81 10 2
-43 74 11 1
-16 86 11 1
-45 84 10 1
-45 85 10 1
-44 83 10 1
-43 81 8 6
-44 80 7 1
-9 81 10 0
-10 82 12 0
-10 82 13 0
-44 80 8 10
-44 80 9 4
-34 65 5 1
-44 81 7 1
-23 66 8 1
-6 97 14 5
-6 97 15 3
-6 97 16 4
-5 97 14 1
-5 97 15 1
-5 97 16 1
-18 58 8 1
-17 58 6 1
-4 59 12 0
-17 61 4 1
-16 61 4 1
-19 52 6 1
-19 53 6 1
-18 52 6 1
-17 55 9 0
-35 62 6 0
-36 79 11 1
-48 75 9 0
-20 62 7 5
-50 93 7 0
-21 99 11 0
-17 73 13 2
-17 73 12 3
-17 72 13 1
-17 72 12 1
-36 88 10 1
-36 87 9 1
-36 86 10 1
-47 69 4 1
-47 69 3 1
-47 95 8 1
-50 95 8 1
-22 55 11 0
-13 53 13 0
-13 59 10 1
-15 59 7 0
-40 54 4 1000
-40 54 3 9
-14 65 20 0
-33 67 11 4
-28 55 18 1
-29 55 15 1
-11 50 10 1
-11 50 8 1
-19 66 7 1
-14 86 11 0
-14 86 13 0
-14 86 12 0
-15 85 11 0
-16 86 13 0
-21 78 9 1
-21 62 8 1
-14 62 13 0
-15 62 13 0
-17 62 13 0
-22 92 29 0
-28 63 14 1
-29 65 14 1
-29 64 14 1
-17 99 11 0
-17 99 12 0
-46 92 8 1
-47 93 8 0
-45 93 6 1
-45 94 6 1
-49 56 5 2
-48 55 2 1
-48 55 3 6
-31 52 14 1006
-27 51 16 0
-41 78 10 3
-42 83 5 1
-43 83 5 1
-44 85 5 1
-44 84 5 1
-44 83 5 1
-40 81 11 1
-2 62 11 0
-14 60 11 1
-49 76 13 1
-18 64 8 1
-28 52 11 1
-16 67 12 0
-16 67 11 1
-31 50 13 3
-35 51 14 1
-34 51 13 1
-34 51 14 1
-33 51 13 3
-20 95 11 1
-42 56 14 1
-28 66 11 1
-48 76 11 3
-47 75 7 1
-20 58 11 0
-42 73 6 1
-41 75 9 0
-40 51 1 1
-18 60 9 0
-18 61 7 0
-13 52 12 1
-30 52 18 1
-30 51 18 1
-30 50 18 1
-43 54 5 4
-50 55 7 1
-50 56 7 2
-49 56 7 1
-48 53 7 0
-35 77 8 2
-8 56 10 3
-9 56 9 1000
-9 57 9 1
-8 57 9 1
-8 57 10 1
-7 57 11 1
-8 54 9 1
-8 54 10 2
-48 89 7 1
-9 53 10 1
-48 89 9 1
-42 53 5 9
-42 53 3 22
-21 93 10 1
-16 63 16 0
-16 64 17 0
-16 63 15 0
-39 51 2 1
-35 95 11 1
-48 51 3 1
-48 51 4 1
-48 51 5 1
-49 53 5 8
-36 62 12 3
-36 62 11 1
-30 55 15 1
-36 63 8 1
-36 61 9 1
-49 58 5 1
-47 57 2 1
-47 56 2 1
-47 55 2 1
-49 57 6 2
-4 61 12 0
-38 73 10 1
-38 73 11 1
-38 74 11 1
-37 73 10 1
-23 94 30 0
-23 94 31 0
-30 73 12 0
-23 95 30 0
-23 95 31 0
-48 56 2 1
-3 67 8 1
-2 67 10 1
-3 67 9 1
-4 68 9 1
-4 68 10 1000
-3 68 8 1
-30 81 11 0
-30 81 12 0
-16 62 13 0
-18 60 11 0
-17 60 12 0
-18 60 10 0
-15 60 12 0
-21 99 12 0
-21 99 10 0
-46 90 10 1
-15 71 13 0
-17 56 12 0
-49 69 6 1
-40 90 8 1
-18 99 11 0
-18 99 12 0
-18 99 10 0
-39 50 2 1
-38 50 2 1
-38 50 3 10
-38 51 2 1
-38 51 3 2
-4 51 11 0
-27 80 14 0
-38 80 9 1
-18 90 17 0
-11 76 12 0
-18 92 18 0
-13 76 14 0
-18 92 14 0
-30 62 10 1
-49 52 6 1
-49 52 5 6
-49 52 4 6
-49 51 5 2
-12 54 13 0
-50 54 8 1
-50 96 5 1
-15 64 15 0
-5 67 12 0
-46 51 10 1
-29 51 16 0
-30 51 16 2
-37 51 4 1
-17 77 8 1
-33 56 10 1
-34 62 5 0
-38 64 7 1
-49 92 10 1
-48 88 7 1
-48 88 8 1
-48 88 9 1
-47 88 7 1
-47 88 8 1
-1 99 11 1
-26 52 12 4
-37 56 6 1
-37 56 7 1
-36 55 7 35
-7 80 12 0
-7 80 10 0
-7 82 11 0
-9 82 12 0
-10 81 12 0
-32 64 14 0
-30 61 12 1
-31 62 13 1
-31 62 12 1
-33 65 13 0
-34 65 12 0
-31 65 13 0
-35 54 8 2
-34 54 4 1
-34 54 5 1
-34 54 6 1
-34 55 4 1
-37 57 8 0
-37 57 4 7
-38 56 3 7
-38 50 10 4
-29 66 4 1
-29 65 4 1
-25 67 11 0
-25 67 12 0
-25 69 11 0
-25 68 12 0
-47 81 10 1
-23 64 11 0
-31 63 8 3
-31 62 9 18
-31 62 8 22
-38 63 7 1
-37 56 8 1
-39 59 3 1
-34 63 10 1
-36 95 8 0
-33 57 9 1
-34 58 10 1
-30 74 8 1
-19 77 11 1
-19 77 10 1
-19 76 12 1
-19 76 11 1
-19 76 10 1
-36 50 6 1
-16 96 12 1
-46 75 6 1
-47 77 6 1
-47 76 6 1
-39 90 11 0
-36 88 11 1
-17 96 9 1
-17 97 9 1
-16 96 9 1
-16 97 9 1
-16 98 9 1
-19 99 13 0
-19 99 10 1
-20 98 9 1
-19 98 9 1
-22 80 14 0
-21 98 12 0
-39 99 11 1
-48 74 8 1
-48 74 9 0
-48 74 7 1
-38 56 12 0
-22 96 34 0
-22 97 34 0
-22 97 35 0
-21 96 34 0
-21 96 35 0
-21 97 34 0
-17 94 13 1
-17 94 11 1
-18 95 13 1
-21 84 14 0
-22 83 15 0
-22 80 15 0
-21 80 15 0
-36 81 11 1
-22 65 6 1
-45 53 7 1
-13 63 15 0
-13 64 17 0
-42 51 7 0
-16 50 7 0
-16 50 8 0
-41 99 36 0
-15 63 16 0
-33 68 12 3
-33 68 11 3
-32 60 13 0
-33 61 12 0
-20 80 7 1
-20 81 7 1
-23 52 11 0
-23 54 9 1
-22 54 11 0
-23 54 10 1
-17 58 4 1
-16 58 4 1
-15 58 4 1
-21 56 9 6
-40 55 4 1
-38 50 6 10
-38 50 5 88
-38 50 4 28
-21 50 7 1
-23 51 7 6
-48 72 3 1
-48 72 4 11
-20 98 34 0
-20 99 34 0
-20 99 35 0
-37 80 9 5
-20 84 9 1
-20 84 11 1
-27 64 11 1
-19 99 11 0
-28 65 12 1
-28 65 13 1
-29 64 13 4
-33 60 5 1
-9 59 14 2
-9 67 12 1
-10 62 9 1
-20 88 18 0
-20 88 19 0
-20 89 18 0
-20 89 19 0
-19 88 18 0
-19 88 19 0
-22 59 10 1
-38 61 4 1
-41 81 7 1
-49 94 38 0
-50 96 37 1
-30 68 9 2
-42 55 12 1
-42 55 14 1
-42 54 14 2
-43 53 15 1
-43 54 15 1
-28 99 16 0
-18 92 15 0
-17 91 17 0
-13 75 14 0
-11 75 12 0
-13 71 10 1
-13 71 14 0
-9 72 13 1
-9 71 13 1
-9 70 13 1
-12 71 9 1
-12 62 14 0
-13 61 10 1
-13 60 10 1
-12 61 14 0
-14 61 12 1
-13 61 9 1
-12 60 14 0
-14 60 13 0
-4 88 12 0
-3 88 12 0
-2 88 12 0
-1 88 12 0
-9 55 6 1
-9 57 6 1
-8 55 6 1
-8 56 6 1
-8 57 6 1
-7 55 6 1
-7 56 6 1
-7 57 6 2
-8 60 12 1
-9 62 14 10
-9 61 14 4
-9 60 14 8
-10 62 14 1
-10 61 14 6
-10 60 14 8
-10 61 13 5
-9 62 13 11
-7 54 12 1
-9 62 11 6
-9 61 13 6
-9 61 12 27
-13 80 11 0
-13 80 13 0
-13 80 12 0
-14 80 11 1
-14 80 13 0
-14 80 12 0
-15 80 13 0
-16 80 12 0
-15 81 12 1
-15 83 13 0
-21 89 28 0
-49 95 35 0
-49 95 36 0
-49 95 39 0
-48 94 38 0
-48 94 37 0
-48 99 38 1
-48 99 37 1
-48 99 36 1
-48 98 36 1
-49 99 37 1
-50 99 37 1
-22 80 12 0
-38 51 4 13
-21 50 13 0
-39 83 11 1
-41 83 7 2
-40 83 7 1
-39 83 7 1
-43 88 6 2
-44 89 6 2
-18 94 17 0
-36 52 4 1
-37 52 5 1
-2 81 14 0
-48 75 6 1
-37 79 7 1
-4 67 13 0
-5 94 14 1
-6 93 13 1
-6 93 14 1
-6 93 15 1
-6 94 13 1
-6 94 14 1
-6 94 15 1
-6 95 13 1
-6 95 14 1
-6 95 15 1
-5 95 13 1
-5 95 14 3
-5 95 15 3
-5 94 16 1
-6 93 16 1
-6 93 17 1
-6 94 16 1
-6 94 17 1
-6 95 16 1
-37 60 12 4
-31 65 12 0
-5 93 17 1
-5 94 17 1
-5 95 16 3
-5 95 17 1
-5 94 13 1
-6 93 12 1
-18 51 13 0
-6 66 13 0
-37 96 8 2
-23 55 11 0
-26 62 10 9
-2 73 11 5
-21 54 13 0
-21 55 13 0
-21 55 14 0
-25 63 11 1
-13 79 14 0
-41 77 6 1
-31 66 4 1
-32 62 10 1
-40 54 12 0
-16 81 6 1
-32 66 6 1
-13 85 12 0
-8 99 13 1
-35 65 5 1
-8 99 14 1
-8 99 16 1
-8 99 17 1
-20 94 17 0
-19 62 11 0
-19 62 9 0
-49 53 2 1
-17 68 8 1
-8 85 10 1
-18 68 8 1
-39 74 10 2
-23 97 35 0
-23 97 34 0
-23 96 34 0
-39 73 11 1
-1 85 14 0
-1 85 12 0
-27 50 16 0
-38 98 11 1
-5 60 6 1
-25 51 7 1
-22 83 10 1
-42 52 5 1
-42 52 3 14
-48 55 7 1
-48 56 7 1
-47 55 7 1
-33 59 3 1
-39 60 4 1
-37 61 9 1
-17 82 7 3
-23 81 15 0
-31 56 13 1
-31 66 11 1
-34 67 11 2
-18 50 12 0
-18 51 11 0
-17 51 12 0
-39 76 11 1
-1 70 14 0
-38 75 9 1
-37 76 8 0
-37 63 5 2
-29 72 12 0
-25 66 8 6
-24 66 8 3
-24 67 10 1
-27 65 9 1
-28 62 9 1
-28 62 10 1
-33 50 16 2
-15 72 12 0
-11 74 12 0
-48 78 6 0
-1 88 11 1
-2 89 10 1
-1 88 10 1
-1 89 10 1
-10 50 18 0
-10 50 17 0
-12 50 17 0
-10 52 17 0
-9 52 17 0
-8 50 17 0
-8 50 16 0
-31 89 13 1
-31 89 12 1
-22 68 8 1
-3 97 15 0
-36 54 8 2
-38 54 4 1
-32 98 11 1
-2 60 10 0
-29 63 11 1
-6 67 14 0
-7 67 12 0
-44 83 7 1
-45 83 10 1
-12 52 17 0
-11 51 16 0
-14 53 16 0
-15 54 16 0
-13 56 16 0
-12 55 16 0
-11 54 16 0
-11 54 15 0
-14 55 17 0
-14 55 16 0
-12 54 15 0
-13 54 15 0
-14 53 14 0
-14 54 14 0
-14 53 15 0
-14 54 15 0
-12 56 15 0
-12 55 15 0
-18 71 10 4
-18 71 11 1
-35 51 13 1
-31 50 14 1
-17 52 11 0
-16 51 12 0
-17 50 12 0
-8 79 7 1
-9 79 7 1
-40 86 7 1
-44 89 10 1
-44 88 10 1
-44 87 10 2
-45 87 10 1
-40 89 8 1
-41 86 7 0
-43 90 6 2
-40 88 8 0
-16 57 16 0
-14 56 15 0
-14 56 14 0
-16 56 15 0
-16 56 14 0
-17 56 15 0
-17 57 15 0
-17 59 15 0
-14 59 15 0
-15 58 14 0
-14 57 15 0
-14 57 14 0
-16 59 16 0
-15 57 13 0
-15 57 15 0
-15 57 14 0
-16 57 15 0
-16 57 14 0
-18 57 15 0
-18 84 8 0
-17 85 11 1
-17 85 10 1
-17 85 9 1
-8 86 14 0
-6 85 14 0
-6 85 15 0
-26 90 11 1
-35 99 8 4
-33 97 9 0
-33 97 8 0
-33 96 9 0
-17 62 18 0
-14 62 18 0
-26 58 13 1
-26 76 9 0
-26 76 10 0
-28 72 9 0
-6 53 13 0
-18 63 16 0
-18 62 15 0
-20 62 15 0
-20 62 14 0
-20 63 15 0
-19 65 16 0
-17 64 15 0
-19 63 15 0
-20 64 15 0
-19 64 15 0
-19 66 16 0
-18 65 15 0
-19 65 15 0
-20 65 15 0
-20 65 14 0
-21 66 15 0
-20 66 15 0
-21 66 14 0
-17 66 15 0
-18 66 15 0
-19 68 16 0
-18 67 15 0
-20 67 15 0
-21 68 15 0
-17 68 15 0
-17 68 14 0
-19 69 16 0
-18 68 15 0
-19 68 15 0
-21 69 15 0
-17 69 15 0
-18 69 15 0
-17 69 14 0
-19 71 16 0
-18 70 15 0
-18 70 14 0
-19 69 15 0
-17 71 15 0
-17 71 14 0
-19 72 16 0
-18 71 15 0
-18 71 14 0
-19 70 15 0
-19 71 15 0
-20 71 15 0
-17 72 15 0
-19 73 16 0
-18 72 15 0
-18 72 14 0
-19 72 15 0
-20 72 15 0
-20 74 15 0
-18 73 15 0
-18 73 14 0
-19 75 13 0
-19 75 16 0
-16 73 14 1
-16 72 14 1
-17 72 14 1
-17 73 15 0
-17 73 14 0
-19 73 15 0
-19 73 14 0
-20 73 15 0
-19 74 15 0
-19 74 14 0
-21 75 15 0
-21 75 14 0
-20 75 14 0
-18 76 12 0
-18 76 13 0
-18 76 16 0
-17 74 14 0
-18 74 15 0
-18 74 14 0
-20 75 15 0
-20 76 15 0
-20 76 14 0
-18 77 12 0
-18 77 13 0
-18 77 16 0
-17 75 14 0
-17 75 15 0
-16 75 14 0
-18 75 15 0
-18 76 15 0
-18 75 14 0
-18 76 14 0
-19 75 15 0
-19 75 14 0
-20 77 15 0
-20 77 14 0
-19 77 15 0
-19 77 14 0
-16 76 15 0
-16 76 14 0
-19 76 15 0
-19 76 14 0
-19 78 15 0
-19 79 15 0
-19 79 14 0
-17 78 12 0
-17 78 13 0
-17 78 16 0
-17 76 15 0
-17 76 14 0
-18 77 15 0
-18 77 14 0
-18 78 15 0
-17 78 15 0
-19 78 14 0
-18 78 14 0
-18 80 14 0
-16 79 16 0
-16 77 15 0
-17 77 15 0
-17 77 14 0
-17 78 14 0
-18 79 15 0
-18 79 14 0
-17 80 15 0
-17 80 14 0
-15 79 16 0
-15 77 15 0
-15 77 14 0
-16 78 15 0
-16 77 14 0
-17 79 15 0
-17 79 14 0
-16 80 15 0
-15 81 15 0
-50 91 10 1
-50 92 10 1
-48 79 9 0
-17 93 8 1
-39 95 7 2
-5 60 9 0
-5 59 9 0
-8 62 8 1
-18 87 15 0
-17 87 15 0
-41 59 8 1
-41 58 8 1
-28 71 9 2
-28 71 10 1
-28 75 11 0
-20 95 17 0
-19 94 17 0
-20 95 16 0
-19 94 16 0
-19 96 17 0
-18 89 18 0
-17 94 17 0
-35 55 5 3
-35 55 6 1
-35 55 7 3
-9 80 16 0
-9 78 15 0
-9 78 14 0
-10 79 15 0
-10 78 14 0
-10 79 14 0
-11 80 15 0
-10 81 15 0
-10 80 15 0
-10 81 14 0
-9 82 15 0
-9 82 14 0
-8 80 13 0
-8 80 16 0
-7 79 15 0
-7 79 14 0
-8 78 15 0
-8 78 14 0
-9 79 15 0
-9 79 14 0
-9 80 15 0
-10 80 14 0
-9 80 14 0
-9 81 15 0
-9 81 14 0
-8 82 15 0
-8 81 14 0
-6 80 12 0
-6 80 13 0
-6 80 16 0
-6 78 15 0
-8 79 15 0
-8 79 14 0
-8 80 15 0
-8 80 14 0
-8 81 15 0
-4 88 15 0
-3 90 13 0
-3 89 13 0
-5 80 12 0
-5 80 16 0
-6 79 15 0
-6 79 14 0
-7 80 15 0
-7 80 14 0
-6 82 15 0
-6 81 15 0
-6 82 14 0
-6 81 14 0
-5 81 15 0
-5 81 14 0
-5 81 10 1
-5 80 10 1
-4 80 16 0
-5 79 15 0
-6 80 15 0
-6 80 14 0
-5 82 15 0
-5 82 14 0
-4 81 10 1
-4 79 15 0
-5 80 15 0
-4 80 15 0
-4 82 15 0
-3 82 11 1
-2 81 17 0
-2 81 16 0
-3 79 16 0
-4 81 16 0
-4 81 15 0
-3 82 16 0
-3 82 15 0
-3 81 15 0
-2 83 15 0
-1 78 15 0
-1 79 15 0
-3 80 16 0
-3 80 15 0
-2 81 15 0
-1 82 15 0
-2 79 15 0
-2 79 16 0
-1 80 15 0
-2 80 16 0
-1 81 15 0
-2 82 16 0
-1 79 16 0
-1 80 17 0
-1 80 16 0
-5 87 12 0
-5 89 13 0
-6 89 13 0
-7 89 13 0
-8 88 15 0
-7 83 12 0
-7 83 13 0
-7 84 12 0
-10 83 15 0
-10 82 14 0
-8 82 13 0
-8 82 12 0
-11 81 14 0
-11 80 14 0
-10 80 13 0
-9 81 8 1
-10 79 13 0
-44 51 4 1000
-10 78 13 0
-10 78 12 0
-11 79 13 0
-11 78 13 0
-11 77 13 0
-14 72 10 0
-16 72 12 1
-16 71 12 0
-14 70 11 1
-16 70 12 0
-16 69 12 0
-16 66 12 0
-31 67 8 5
-31 68 8 1
-37 89 5 1
-31 62 10 5
-16 59 13 0
-19 92 29 0
-40 60 6 1
-40 60 7 1
-42 84 9 0
-42 83 9 0
-40 83 8 3
-40 83 9 1
-40 83 10 2
-39 83 8 1
-39 83 9 1
-39 83 10 1
-45 91 9 0
-39 99 37 0
-42 99 35 0
-43 85 9 6
-44 85 9 1
-42 85 8 1000
-32 53 12 4
-23 80 15 0
-36 54 10 1
-40 78 8 7
-40 78 7 1
-40 79 9 2
-49 79 7 1
-23 63 9 1
-23 63 8 1
-23 62 8 7
-22 62 9 8
-22 61 11 1
-30 71 12 1
-38 64 12 1
-39 78 7 1
-39 79 7 1
-38 77 7 3
-34 63 9 0
-15 62 12 0
-41 73 6 1
-14 77 14 0
-17 64 10 3
-49 75 5 1
-49 75 3 1
-14 67 12 0
-14 66 12 1
-14 67 13 0
-10 67 12 2
-9 68 13 1
-11 67 13 1
-10 67 11 1
-1 98 16 0
-1 98 15 0
-1 99 16 0
-41 83 11 1
-12 65 14 0
-14 64 14 0
-15 65 14 0
-15 66 14 0
-15 67 14 0
-12 67 14 0
-12 66 14 0
-40 50 14 0
-35 78 10 0
-34 78 10 0
-35 78 9 0
-34 78 9 1
-35 80 9 1
-31 65 8 1
-31 64 9 1001
-31 53 18 1
-32 53 18 1
-30 50 17 1
-32 50 13 1000
-46 50 2 1
-46 50 3 1
-18 59 7 1
-16 58 5 2
-17 59 4 1
-20 78 10 4
-29 51 10 1
-29 51 11 1
-36 59 5 1
-36 59 4 4
-36 58 5 1
-50 53 2 1
-32 53 17 1
-50 92 7 1
-49 78 5 1
-49 78 4 1
-49 78 3 1
-49 77 5 1
-49 77 4 2
-24 51 9 1
-34 56 7 2
-48 74 3 1
-48 73 5 1
-32 62 4 1
-37 53 7 1
-34 61 2 1
-34 62 2 1
-33 60 2 1
-33 61 2 1
-33 62 2 1
-33 63 6 0
-9 81 11 0
-10 80 10 0
-37 78 11 1
-16 56 13 0
-38 77 11 1
-35 81 11 1
-35 80 11 1
-35 76 8 0
-17 98 12 0
-39 61 9 1
-39 62 8 1
-39 62 9 1
-38 61 9 1
-26 51 10 1
-40 91 5 1
-39 90 5 1
-5 97 12 1
-8 99 12 1
-5 98 16 1
-39 58 3 1
-43 85 5 1
-43 86 5 1
-29 66 7 1
-42 84 5 1
-32 65 8 1
-31 64 4 1
-31 65 4 1
-13 83 11 0
-12 83 11 0
-11 83 11 0
-12 85 11 0
-35 95 5 1
-36 95 5 1
-37 95 5 1
-4 61 7 1
-31 62 4 1
-30 60 5 1
-33 62 6 0
-8 60 14 1
-8 61 14 1
-10 59 11 1
-10 60 11 1
-10 61 11 1
-9 59 12 6
-9 59 13 2
-10 62 11 1
-11 62 14 1
-29 63 12 1
-6 72 10 1
-20 50 10 0
-21 50 10 0
-33 51 15 9
-15 92 10 1
-19 50 9 0
-34 76 7 1
-15 92 13 1
-15 92 12 2
-15 92 11 1
-16 92 13 1
-16 92 12 1000
-16 92 11 3
-21 67 9 3
-21 67 10 2
-22 50 10 0
-20 94 13 1
-20 95 12 1
-23 89 20 0
-23 89 22 0
-22 90 20 0
-22 89 20 0
-20 89 20 0
-20 88 20 0
-21 88 20 0
-4 72 11 1
-5 71 11 0
-6 73 8 1
-6 73 9 1
-6 73 10 1
-5 73 8 1
-5 73 9 10
-5 73 10 1
-4 73 8 1
-4 73 9 2
-4 73 10 1
-6 71 11 0
-8 71 8 1
-20 50 12 0
-8 72 8 1
-8 72 9 1
-8 72 10 1
-8 73 8 1
-8 73 9 1
-8 73 10 1
-7 73 8 1
-7 73 9 1
-7 73 10 1
-19 97 16 0
-18 97 17 0
-18 96 17 0
-18 97 16 0
-18 96 16 0
-18 95 17 0
-18 95 16 0
-36 63 11 1
-42 53 7 1
-43 51 7 0
-43 78 6 1
-17 51 11 0
-18 50 11 0
-12 60 13 0
-13 60 13 0
-11 60 12 0
-11 59 12 0
-11 60 13 1
-11 59 13 1
-3 73 9 1
-3 73 10 4
-3 73 11 15
-2 73 9 1
-2 73 10 1
-29 99 12 0
-29 98 13 0
-29 99 13 0
-30 98 12 0
-30 99 12 0
-30 98 13 0
-31 97 12 0
-31 97 13 0
-30 96 11 1
-29 95 11 0
-29 95 14 1
-26 96 10 1
-28 98 10 2
-25 66 6 1
-18 81 7 1
-38 62 6 2
-29 68 9 3
-13 58 9 1
-39 63 7 1
-37 61 8 1
-36 62 9 1
-38 63 4 1
-37 63 4 1
-36 63 4 1
-38 63 8 1
-18 65 12 0
-18 65 9 1
-37 51 5 1
-6 74 8 1
-6 74 9 1
-6 74 10 1
-5 74 8 1
-5 74 9 2
-46 97 35 0
-4 74 8 1
-4 74 9 1
-44 95 37 0
-6 72 11 0
-7 70 11 0
-49 96 35 1
-13 70 13 0
-13 70 12 0
-50 78 12 1
-18 50 9 0
-36 77 11 0
-14 71 13 0
-36 75 9 1
-37 78 7 1
-6 79 13 0
-5 77 11 0
-5 77 13 0
-22 64 9 1003
-19 62 8 1
-23 83 7 1
-4 73 11 1
-7 71 11 0
-39 52 4 1
-39 52 3 7
-39 73 8 1
-30 51 13 5
-29 50 12 23
-29 50 13 2
-34 60 9 1
-10 52 8 1
-38 58 3 1
-38 57 3 1
-34 55 7 1
-34 55 6 1
-34 55 5 1
-28 66 7 1
-33 61 11 0
-37 64 7 1
-38 64 8 1
-20 73 13 0
-20 73 8 1
-21 72 7 1
-36 52 5 1
-36 52 6 2
-36 53 8 1
-35 53 8 1
-18 81 10 6
-2 82 12 0
-2 82 14 0
-24 69 10 1
-3 76 10 1
-26 84 11 0
-27 83 12 0
-40 51 6 1
-25 82 10 3
-26 82 9 1
-38 55 7 1
-38 55 6 1
-38 55 5 1
-8 85 9 1
-31 53 12 1
-36 93 6 1
-48 58 4 1
-48 58 3 1
-26 76 8 0
-26 75 11 1
-17 89 15 0
-4 60 11 0
-42 50 9 0
-4 60 10 0
-17 62 9 1
-22 63 10 1
-22 63 9 7
-6 83 10 1
-37 64 13 1
-43 74 6 1
-19 66 8 1
-26 68 10 1
-49 68 3 1
-38 52 3 1
-36 50 5 1
-36 61 13 1
-20 66 7 1
-20 66 6 1
-12 82 12 0
-12 82 13 0
-24 81 14 0
-41 52 7 0
-22 61 10 1
-31 60 11 1
-7 52 13 0
-18 79 7 1
-7 71 14 0
-19 78 7 1
-11 59 9 1
-18 83 11 1
-18 83 10 3
-18 83 9 1
-19 83 11 1
-19 83 10 5
-19 83 9 1
-17 82 11 1
-17 82 10 3
-17 82 9 1000
-17 81 11 1
-17 81 10 4
-17 81 9 2
-17 80 11 1
-17 80 10 3
-11 52 8 4
-12 51 7 1
-12 51 8 1
-17 55 8 1
-26 52 10 1
-40 55 6 0
-28 65 6 1
-46 53 6 1
-47 53 6 1
-46 55 5 1
-23 50 5 1
-22 50 5 1
-21 50 5 1
-20 51 9 1
-22 52 8 4
-18 66 12 0
-50 70 6 2
-49 80 9 2
-17 94 8 1
-18 96 8 1
-18 95 8 1
-18 94 8 1
-19 95 8 1
-15 94 10 1
-42 85 5 1
-41 84 5 1
-40 85 7 1
-40 85 8 3
-39 86 8 6
-3 82 14 0
-1 82 14 0
-6 58 11 0
-42 51 8 0
-21 58 11 0
-33 56 6 1
-33 56 5 1
-34 56 6 1
-43 77 10 1
-23 82 10 1
-23 82 11 1
-26 81 11 1
-26 81 12 0
-27 81 11 0
-27 81 12 0
-49 54 2 1
-40 58 12 1
-43 57 5 1
-47 74 10 1
-31 98 10 4
-31 97 11 1
-30 97 9 1
-30 97 10 1
-42 76 10 1
-30 98 9 1
-30 98 10 1
-30 98 11 1
-30 99 9 1
-30 99 10 2
-32 68 12 0
-32 68 10 1
-1 85 10 1
-15 83 11 0
-19 63 12 0
-28 51 10 1
-22 74 9 1
-22 73 9 1
-23 73 9 1
-23 73 10 1
-25 73 12 0
-39 98 38 0
-43 87 6 1
-47 88 10 1
-48 88 10 1
-41 90 8 1
-41 51 7 0
-40 50 7 0
-41 50 7 0
-41 51 6 0
-38 52 12 1
-23 65 12 0
-6 59 9 0
-6 58 10 0
-44 54 4 1
-30 53 18 1
-35 52 12 1
-35 61 6 0
-23 75 9 1
-8 76 13 0
-7 76 12 0
-7 75 12 0
-31 95 9 1
-32 96 12 0
-31 94 12 1
-31 94 11 1
-32 94 12 1
-33 95 12 1
-33 94 12 1
-34 98 12 0
-31 96 10 1
-33 97 12 0
-33 97 11 0
-33 98 12 0
-27 99 9 1
-27 98 9 1
-27 97 9 1
-28 98 9 1
-28 97 9 1
-27 97 10 1
-31 99 14 0
-32 98 13 0
-32 98 12 0
-32 99 13 0
-33 99 12 0
-32 99 12 0
-31 98 12 0
-17 90 9 1
-24 50 8 3
-43 76 9 0
-10 50 8 1
-33 56 8 1
-33 56 9 1
-21 97 32 0
-21 96 33 0
-21 96 32 0
-21 87 20 0
-29 93 14 1
-30 94 14 1
-30 93 14 1
-30 94 13 1
-30 94 12 1
-37 55 5 12
-37 54 7 2
-38 58 6 0
-37 62 4 1
-38 62 4 1
-24 50 13 0
-20 53 6 1
-7 67 8 1
-7 67 9 1
-7 68 8 1
-7 68 10 1
-7 69 8 1
-23 90 30 0
-7 69 10 1
-35 61 3 1
-18 50 10 0
-18 51 9 0
-18 51 10 0
-28 65 7 1
-37 96 5 1
-36 96 11 0
-36 95 10 0
-38 96 8 3
-38 96 9 0
-11 71 12 3
-11 72 11 1
-14 71 11 0
-14 71 10 2
-35 67 10 1
-18 85 18 0
-19 93 31 0
-19 93 30 0
-30 90 11 1
-30 90 12 1
-30 90 13 1
-28 89 13 0
-29 89 11 0
-30 86 11 1
-30 86 12 1
-30 86 13 1
-22 87 26 0
-34 63 11 0
-30 72 10 1
-34 69 12 1
-33 69 9 1
-33 70 9 1
-32 69 9 1
-32 70 9 2
-29 70 11 1
-5 67 13 0
-39 60 7 1
-39 60 6 3
-39 60 5 3
-33 67 12 3
-34 50 11 3
-33 67 13 2
-34 62 4 2
-36 99 7 1
-37 99 7 1
-36 99 10 1
-36 99 9 1
-36 99 8 1
-37 99 10 1
-37 99 9 2
-37 99 8 1
-37 98 10 1
-35 56 9 1
-36 57 8 1
-34 56 9 1
-9 54 10 3
-9 54 11 1
-31 99 8 0
-37 85 6 1
-38 89 7 0
-37 99 37 0
-38 89 6 1
-38 88 6 1
-38 87 6 1
-38 88 7 1
-36 89 10 1
-36 89 7 4
-36 89 6 2
-6 81 9 1
-6 81 10 1
-45 76 9 0
-46 75 9 0
-28 64 13 1
-45 52 3 6
-45 52 4 1005
-45 52 5 5
-43 74 10 1
-44 76 10 0
-46 76 10 1
-9 64 11 1
-9 64 12 8
-36 54 3 1
-36 55 3 1
-35 55 3 1
-41 56 5 12
-41 56 7 10
-43 54 9 1
-16 95 12 3
-17 96 13 1
-20 93 11 1
-20 65 6 1
-38 78 7 1
-19 77 12 1
-41 54 5 2
-41 54 4 6
-41 54 3 1
-41 53 5 1
-41 53 4 1000
-41 53 3 5
-13 58 12 0
-13 58 13 0
-13 59 12 0
-13 59 13 0
-25 61 8 2
-21 59 11 0
-22 60 12 0
-22 60 7 3
-11 58 14 0
-22 61 6 1
-11 59 14 1
-11 59 15 1
-24 63 10 0
-24 63 11 0
-32 65 4 1
-15 84 9 1
-16 82 6 1
-29 68 10 1
-48 50 6 1
-47 50 6 1
-11 60 15 1
-11 61 15 1
-12 60 10 3
-12 60 11 0
-12 61 10 2
-12 61 11 2
-11 60 11 1
-11 61 11 2
-9 63 12 1
-9 63 13 1
-14 71 9 1
-14 72 9 1
-14 70 13 0
-11 62 15 1
-11 63 14 0
-18 82 11 1
-12 62 10 4
-12 62 11 0
-12 63 11 0
-11 62 10 4
-11 62 11 1
-11 63 10 0
-11 63 11 0
-27 61 11 1
-11 64 14 0
-44 54 3 1
-16 67 15 0
-32 50 7 1
-15 85 13 0
-15 85 12 1
-26 77 12 0
-6 75 11 1
-16 52 8 0
-17 52 8 0
-19 85 17 0
-41 54 13 1
-32 79 7 2
-32 79 11 0
-21 54 12 0
-20 53 11 0
-23 54 11 0
-23 56 9 1
-38 79 12 1
-25 68 10 1
-25 68 9 3
-25 68 8 1
-25 67 8 4
-24 67 9 3
-17 79 10 2
-3 69 13 0
-3 69 14 0
-26 81 6 1
-29 82 9 1
-27 78 9 0
-38 52 2 1
-18 52 8 1
-20 67 11 0
-20 67 12 0
-26 67 8 10
-21 95 34 0
-43 83 6 1
-43 83 10 0
-43 83 9 0
-42 81 10 2
-42 82 10 2
-20 88 21 0
-21 89 22 0
-20 89 21 0
-22 89 22 0
-22 89 21 0
-22 90 21 0
-23 89 23 0
-23 89 21 0
-23 88 22 0
-23 88 21 0
-26 68 8 1
-26 68 9 1
-36 61 4 1
-18 70 11 1
-15 70 9 1
-45 82 9 0
-24 58 8 1
-2 77 11 1
-22 52 6 1
-22 51 6 1
-14 56 8 0
-42 78 9 14
-43 50 4 1
-39 53 9 20
-50 80 7 1
-45 79 4 1
-46 79 4 1
-47 81 4 1
-47 80 4 1
-37 52 11 1
-45 80 4 1
-46 82 4 1
-46 81 4 1
-46 80 4 1
-45 81 5 1
-21 51 7 1
-21 51 9 1
-23 96 31 0
-30 79 9 0
-1 64 9 2
-18 70 12 0
-19 71 13 0
-28 64 10 1
-36 65 9 1
-36 64 11 1
-36 64 10 1
-33 78 6 1
-48 84 10 1
-48 83 11 1
-48 83 10 1
-48 82 11 1
-48 82 10 1
-48 84 9 1
-45 53 1 1
-45 52 1 1
-45 51 1 1
-46 51 1 1
-50 93 8 0
-49 92 8 1
-20 94 29 0
-47 51 1 1
-46 50 5 14
-19 68 10 1
-41 55 2 1
-29 68 12 0
-19 70 10 2
-44 53 4 25
-44 53 3 1
-44 52 5 27
-4 71 14 0
-44 52 4 1026
-17 99 13 1
-20 80 11 1
-19 80 9 1
-19 80 10 10
-24 60 12 1
-38 57 9 0
-9 58 9 1
-19 91 15 0
-31 68 13 0
-20 50 6 2
-19 50 6 1
-50 50 3 1
-42 81 9 1
-42 81 8 2
-42 82 8 4
-24 80 14 0
-37 81 12 1
-34 76 8 1
-34 77 7 1
-34 77 8 1
-19 88 17 0
-20 89 17 0
-20 88 17 0
-19 82 8 0
-18 81 8 1
-14 82 10 0
-13 83 9 0
-13 83 10 0
-14 85 9 0
-26 90 13 0
-27 93 12 3
-28 94 11 2
-28 94 12 1000
-28 94 13 1
-27 94 11 2
-27 94 12 4
-27 94 13 1
-26 93 11 1
-26 93 12 1
-26 93 13 1
-26 94 11 1
-21 92 31 0
-41 74 8 5
-20 93 30 0
-21 94 29 0
-22 93 30 0
-22 93 31 0
-21 93 30 0
-20 92 30 0
-9 62 12 1000
-21 95 29 0
-22 92 31 0
-21 91 31 0
-21 90 29 0
-22 91 29 0
-17 63 10 2
-17 63 11 1
-36 63 9 1
-15 84 12 1
-15 84 13 0
-15 84 11 0
-13 85 13 0
-28 53 15 1
-28 52 17 1
-30 54 13 3
-22 62 6 1
-30 99 8 1
-42 51 5 0
-33 59 11 0
-34 56 11 1
-1 89 9 1
-2 89 9 1
-3 89 9 1
-32 58 10 1
-22 77 12 0
-20 77 10 1
-19 75 10 1
-19 75 12 1
-26 63 7 1
-43 85 11 1
-46 83 10 1
-46 83 11 1
-50 66 3 1
-46 84 11 1
-48 81 7 1
-45 82 4 1
-45 83 4 1
-34 94 11 1
-33 93 11 1
-33 94 11 1
-37 74 10 1
-41 80 11 1
-41 80 10 1
-40 76 10 1
-32 65 6 1
-6 82 11 1
-22 64 12 0
-6 73 15 0
-35 77 10 0
-3 65 13 0
-3 66 11 1
-4 66 11 0
-40 84 6 1
-6 65 13 0
-6 66 11 0
-6 64 11 0
-5 63 12 0
-6 63 12 0
-4 62 12 0
-29 94 11 1
-29 94 13 1
-28 93 13 0
-29 94 12 1
-27 97 13 2
-27 97 12 3
-27 97 11 1
-27 96 13 1
-27 96 12 1
-27 96 11 1
-29 64 11 1
-24 77 9 1
-24 76 11 1
-24 76 10 3
-27 76 9 0
-25 75 10 3
-25 75 9 0
-20 54 13 0
-39 76 9 2
-30 81 10 0
-9 83 11 0
-9 67 14 1
-20 66 8 1
-34 90 6 1
-34 90 7 1
-34 90 8 1
-9 50 8 1
-11 50 11 2
-30 61 11 1
-30 60 11 1
-35 59 14 0
-35 59 10 0
-3 57 9 0
-5 80 13 0
-4 80 14 0
-2 79 14 0
-6 86 16 0
-6 86 12 0
-5 88 13 0
-5 84 15 0
-5 86 12 0
-4 84 16 0
-3 84 15 0
-3 84 16 0
-4 85 16 0
-3 85 16 0
-1 85 15 0
-2 84 16 0
-1 84 15 0
-13 72 14 0
-22 57 8 1
-24 51 8 1
-31 82 9 2
-31 82 10 1
-25 85 13 0
-23 51 14 0
-12 73 12 0
-11 73 12 0
-11 73 11 1
-11 72 10 1
-11 73 10 1
-23 77 11 1
-10 72 10 1
-10 72 11 2
-10 72 12 1
-10 73 10 1
-10 73 12 1
-6 54 8 0
-7 55 11 1
-19 52 9 0
-45 79 12 1
-46 81 12 1
-46 80 12 1
-46 79 12 2
-47 81 12 1
-47 80 12 1
-15 68 13 0
-46 80 11 2
-47 79 9 0
-47 79 8 0
-48 79 7 1
-48 79 11 1
-48 80 10 1
-46 81 8 1
-22 77 10 3
-49 81 7 1
-17 51 8 0
-49 78 10 1
-37 59 6 1
-37 58 6 0
-36 58 7 0
-23 60 7 2
-42 92 8 1
-42 92 7 1
-23 89 17 0
-29 72 7 1
-30 71 6 1
-30 72 6 1
-19 98 16 0
-18 98 16 0
-26 84 9 1
-25 84 9 1
-43 50 3 1
-45 51 6 1
-33 58 8 1
-45 50 1 1
-17 56 6 1
-17 55 7 1
-17 55 6 1
-18 56 8 1
-18 56 7 5
-18 56 6 1
-30 62 5 1
-29 62 5 1
-29 63 5 1
-35 63 9 1
-30 63 6 2
-35 64 9 2
-38 60 9 1
-33 51 14 4
-36 50 10 3
-24 90 27 0
-23 90 26 0
-26 80 15 0
-26 80 14 0
-28 80 14 0
-26 82 13 0
-21 71 11 0
-21 72 11 0
-21 72 12 0
-12 76 11 0
-22 99 36 0
-42 79 11 1
-4 56 10 0
-5 57 11 0
-6 56 5 1
-6 57 5 1
-6 58 5 1
-21 99 16 0
-21 99 17 0
-22 98 16 0
-22 98 17 0
-20 98 18 0
-20 98 15 0
-20 98 14 0
-34 57 5 7
-35 60 4 5
-36 59 3 1
-36 60 3 1
-36 61 3 1
-35 59 3 1
-45 52 2 4
-45 53 2 1
-45 54 2 1
-47 51 3 12
-47 51 4 20
-47 51 5 10
-47 51 6 1
-47 52 6 1
-48 52 3 5
-47 51 2 1
-46 51 3 4
-47 50 2 1
-46 50 4 1
-45 50 2 3
-36 81 9 1
-35 79 10 0
-48 76 8 1
-22 60 8 2
-21 60 9 7
-29 64 8 22
-30 50 13 3
-30 51 12 1
-41 72 8 1
-41 72 7 1
-42 72 9 1
-42 72 8 1
-42 72 7 1
-43 72 9 1
-42 51 4 1
-38 51 12 1
-30 51 10 1
-31 51 8 3
-26 79 7 1
-26 80 7 1
-26 80 8 1
-25 79 7 1
-25 79 8 1
-18 62 9 0
-19 63 7 2
-20 62 6 1
-20 63 6 1
-25 80 7 1
-25 80 8 1
-27 78 8 0
-27 75 8 0
-19 64 7 1
-19 64 8 1
-19 94 31 0
-21 59 7 1
-19 95 31 0
-21 60 8 1
-21 61 7 1
-7 83 9 1
-7 82 9 1
-42 54 10 17
-7 82 10 2
-42 53 10 1
-41 55 14 1
-16 81 8 1
-39 56 11 1
-40 57 13 1
-26 62 13 1
-25 61 13 1
-24 60 13 1
-41 57 13 1
-41 57 12 1
-41 57 11 1
-12 75 13 0
-40 56 12 7
-7 51 11 1
-39 54 11 1
-39 54 13 0
-39 54 12 0
-5 51 13 0
-39 53 11 1
-4 51 13 0
-39 57 6 0
-18 61 4 1
-3 73 12 1
-35 94 9 1
-35 95 7 0
-28 51 16 0
-22 50 11 0
-22 50 6 3
-23 51 5 1
-17 54 11 0
-42 80 7 1
-40 59 11 1
-34 68 14 1
-34 67 14 1
-34 66 14 1
-22 68 9 1
-9 80 8 1
-9 80 13 0
-41 87 11 0
-38 84 11 1
-39 84 11 1
-38 92 6 2
-38 92 11 0
-29 54 17 2
-7 79 13 0
-32 97 10 0
-32 99 9 0
-32 99 10 1
-2 92 10 1
-2 91 10 1
-2 90 10 1
-3 92 10 1
-23 99 36 0
-3 90 10 1
-2 91 16 0
-4 91 13 0
-4 91 15 0
-4 91 14 0
-3 93 13 0
-3 93 14 0
-2 93 13 0
-2 93 15 0
-14 54 8 0
-11 54 11 3
-11 54 10 4
-11 54 9 1000
-10 53 8 1
-10 53 7 1
-11 53 11 1
-8 82 7 1
-20 63 11 1
-10 81 10 0
-38 63 12 1
-37 63 14 1
-36 63 13 1
-36 63 12 2
-37 63 13 1
-37 63 12 1
-13 55 10 4
-13 55 9 1
-14 53 8 0
-12 54 11 3
-12 54 10 4
-33 60 11 0
-13 54 11 1
-13 54 10 4
-13 54 9 1
-13 53 8 0
-34 58 3 1
-25 66 9 7
-26 66 8 1
-26 67 9 12
-26 67 10 1
-40 77 8 1000
-39 80 6 1
-40 80 6 1
-40 79 6 1
-6 96 16 1
-6 96 15 1
-5 96 15 2
-43 54 6 1
-30 52 15 1
-21 66 7 1
-21 66 6 1
-5 56 13 0
-3 54 13 0
-3 54 14 0
-5 55 14 0
-5 55 12 0
-5 55 13 0
-5 55 16 0
-3 53 13 0
-3 54 15 0
-3 53 14 0
-5 53 13 0
-5 53 15 0
-5 53 14 0
-6 54 15 0
-6 53 14 0
-6 55 13 0
-6 55 15 0
-7 55 14 0
-6 55 14 0
-6 56 15 0
-5 55 15 0
-3 56 13 0
-4 56 12 0
-4 56 16 0
-2 54 13 0
-2 54 15 0
-2 54 14 0
-4 54 13 0
-4 54 15 0
-4 54 14 0
-5 54 13 0
-5 54 15 0
-5 54 14 0
-6 56 13 0
-5 56 15 0
-15 80 8 1
-18 78 11 1
-17 78 11 1
-6 56 14 0
-5 56 14 0
-3 57 12 0
-3 57 16 0
-2 55 15 0
-3 55 13 0
-3 55 15 0
-3 56 15 0
-3 55 14 0
-3 56 14 0
-4 55 13 0
-4 55 15 0
-4 55 14 0
-5 57 13 0
-5 57 15 0
-5 57 14 0
-3 58 13 0
-2 57 12 0
-2 57 13 0
-2 57 16 0
-1 56 13 0
-1 56 15 0
-1 56 14 0
-2 55 13 0
-2 55 14 0
-4 56 13 0
-4 56 15 0
-4 56 14 0
-4 57 13 0
-4 57 15 0
-4 57 14 0
-4 59 13 0
-4 59 15 0
-4 59 14 0
-3 58 14 0
-3 57 15 0
-3 59 13 0
-3 59 15 0
-3 59 14 0
-1 59 13 0
-1 62 13 0
-1 62 15 0
-1 62 14 0
-1 87 11 1
-1 85 11 1
-37 56 2 1
-37 57 2 1
-10 55 10 3
-10 55 11 1
-13 56 9 1
-13 56 10 1
-13 56 11 1
-12 56 9 1
-12 56 10 3
-12 56 11 2
-7 66 11 1
-27 67 8 3
-47 80 7 1
-14 60 9 1
-18 90 10 1
-18 89 11 2
-33 65 10 4
-39 94 8 4
-25 92 12 1
-26 89 13 0
-19 68 9 1
-19 50 5 1
-34 58 4 1
-14 60 10 1
-26 50 15 0
-25 52 15 0
-25 51 14 1
-13 86 9 0
-13 86 10 0
-8 64 11 1
-8 65 10 1
-13 84 11 0
-7 64 11 1
-7 65 10 1
-7 65 11 1
-13 52 8 0
-25 60 7 1
-26 60 7 1
-21 79 7 1
-35 92 10 3
-8 50 13 0
-42 53 2 1
-41 52 3 4
-41 52 4 1001
-34 70 12 1
-49 90 4 1
-48 91 5 1
-48 91 10 1
-43 54 7 1
-48 76 7 3
-9 57 11 1
-9 57 12 1
-50 78 11 1
-8 57 12 1
-33 76 9 0
-24 75 12 0
-24 76 12 0
-42 82 5 1
-40 51 10 2
-40 50 10 8
-50 79 5 1
-50 79 4 1
-50 79 3 1
-50 78 4 1
-50 78 3 1
-50 77 4 4
-50 77 3 1
-32 64 3 1
-32 63 3 1
-37 62 14 1
-36 97 10 1
-35 99 10 1
-35 99 9 8
-34 98 8 1
-34 99 10 1
-32 99 8 0
-31 99 11 2
-31 99 10 5
-31 99 9 1
-19 90 12 1
-17 87 12 0
-48 96 5 1
-48 96 6 1
-18 80 7 1
-20 92 16 0
-18 93 15 0
-18 92 17 0
-18 93 16 0
-18 92 16 0
-17 92 15 0
-17 92 17 0
-17 92 16 0
-16 91 15 0
-16 91 17 0
-16 91 16 0
-20 94 30 0
-22 67 7 1
-35 61 7 0
-36 61 7 0
-36 51 10 2
-37 63 6 3
-42 53 4 17
-42 51 3 1
-35 58 4 1
-35 57 4 1
-35 56 4 1
-29 55 18 1
-28 53 18 1
-28 54 16 1
-1 64 8 1
-42 50 1 1
-36 53 12 1
-2 64 9 7
-18 68 12 1
-48 90 10 2
-48 89 10 1
-47 94 9 1
-47 93 10 1
-47 94 8 1
-43 91 6 1
-43 93 10 1
-43 93 9 1
-50 59 3 1
-50 59 2 1
-50 58 4 1
-50 58 3 1
-25 58 12 1
-45 74 9 1
-44 74 10 2
-45 73 10 1
-45 73 11 1
-30 61 6 1
-2 85 14 0
-2 85 12 0
-3 85 13 0
-3 85 14 0
-3 85 12 0
-12 70 11 0
-13 74 10 1
-13 74 14 0
-13 74 13 0
-8 76 11 0
-20 89 23 0
-20 89 22 0
-22 90 22 0
-23 89 24 0
-48 91 6 1
-48 91 9 1
-48 90 9 6
-49 91 8 8
-48 90 8 12
-48 90 7 7
-48 90 6 1
-40 88 5 1
-40 89 5 1
-40 87 7 1
-39 87 7 1
-30 60 4 1
-46 75 5 1
-40 73 9 1
-40 73 10 1
-22 53 8 3
-23 53 10 1
-4 61 10 0
-36 55 5 9
-37 54 4 1
-37 55 4 5
-36 54 4 2
-3 69 11 1
-5 70 9 1
-38 51 8 1
-38 51 7 4
-38 51 6 6
-39 51 8 1
-2 60 9 0
-32 50 8 1
-7 73 12 0
-33 50 11 4
-33 50 12 4
-34 52 8 1
-21 96 11 1
-21 96 10 1
-22 98 10 1
-14 79 12 0
-23 75 11 1
-23 78 10 2
-24 78 12 1
-24 78 10 8
-25 78 12 1
-25 78 11 1
-25 78 10 1
-1 86 13 0
-1 86 14 0
-2 87 13 0
-2 86 14 0
-3 86 13 0
-3 86 14 0
-4 85 13 0
-4 85 14 0
-3 83 14 0
-2 83 14 0
-1 83 14 0
-2 85 15 0
-2 85 11 1
-3 86 10 1
-2 86 10 1
-1 86 10 1
-26 84 13 0
-26 84 12 0
-25 85 11 0
-25 77 12 1
-25 77 11 1
-25 77 10 1
-25 76 10 2
-23 76 12 0
-1 90 10 1
-1 91 10 1
-1 92 10 1
-46 74 9 1
-46 75 10 1
-5 70 10 1000
-4 69 8 1
-4 70 8 1
-35 58 6 1
-8 53 9 1
-43 92 7 1
-43 92 6 1
-4 55 10 0
-19 52 14 0
-6 56 11 0
-49 94 7 0
-48 97 5 1
-48 97 6 1
-48 97 7 1
-50 95 7 1
-21 87 17 0
-20 95 30 0
-20 95 31 0
-19 94 30 0
-22 87 15 0
-36 78 6 1
-20 73 10 1
-20 74 10 1
-35 60 11 0
-34 62 7 0
-39 99 38 0
-17 62 12 0
-1 90 15 0
-22 50 9 2
-15 54 14 0
-16 55 14 0
-49 56 2 1
-49 56 3 6
-49 56 4 5
-49 57 2 1
-49 57 3 2
-49 57 4 1
-49 58 2 1
-49 58 3 1
-49 58 4 1
-1 83 17 0
-26 76 6 1
-32 65 10 1
-49 95 7 1
-1 71 13 0
-39 77 11 1
-1 70 13 0
-2 67 14 0
-2 69 12 0
-2 69 13 0
-14 82 14 0
-49 53 4 1
-3 80 13 0
-1 69 12 0
-3 81 13 0
-1 69 13 0
-1 66 15 0
-1 66 14 0
-1 65 14 0
-3 68 14 0
-1 68 12 0
-1 68 14 0
-1 68 13 0
-2 66 15 0
-2 66 14 0
-2 68 12 0
-2 67 12 0
-2 68 13 0
-1 64 13 0
-1 64 12 0
-3 65 14 0
-2 63 12 0
-2 66 13 0
-2 66 12 0
-1 65 13 0
-2 65 13 0
-1 65 12 0
-2 65 12 0
-2 64 13 0
-5 64 14 0
-3 65 12 0
-39 53 5 4
-6 63 14 0
-7 66 14 1
-9 64 14 1
-6 65 12 0
-7 63 13 1
-6 61 14 1
-6 60 14 1
-6 60 12 1
-7 60 14 1
-7 60 13 1
-7 60 12 1
-32 61 8 16
-22 73 12 0
-7 63 12 1
-7 64 13 0
-7 64 12 0
-17 80 8 4
-12 83 10 0
-17 53 9 0
-8 63 10 1
-49 89 6 1
-22 68 10 3
-12 85 12 0
-44 93 11 1
-44 94 11 1
-20 99 33 0
-20 93 12 1
-32 61 9 10
-7 65 13 1
-7 65 12 1
-22 71 11 0
-13 84 7 4
-28 67 12 0
-33 70 14 1
-10 63 14 0
-7 63 11 1
-35 96 8 0
-34 96 8 0
-5 56 9 0
-10 64 11 1
-10 64 14 0
-7 63 10 1
-7 61 15 1
-7 61 14 1
-7 62 13 1
-7 62 12 1
-7 88 13 0
-9 88 14 0
-9 88 15 0
-8 87 13 0
-9 88 13 0
-9 87 14 0
-9 87 15 0
-9 87 13 0
-9 85 14 0
-9 85 15 0
-8 86 13 0
-7 85 14 0
-7 85 15 0
-7 86 13 0
-7 85 13 0
-7 87 16 0
-7 87 12 0
-10 59 15 1
-10 59 14 1
-22 64 10 3
-8 65 13 2
-8 65 12 5
-8 64 13 1
-8 64 12 1
-15 86 9 0
-21 61 6 1
-26 96 14 1
-26 97 14 1
-26 98 14 1
-27 99 12 2
-43 98 38 0
-42 98 37 0
-43 98 37 0
-44 97 35 0
-44 97 36 0
-44 97 39 0
-15 56 7 0
-15 56 9 1
-38 99 37 0
-25 88 9 1
-26 88 9 1
-27 88 9 1
-26 87 10 1
-26 87 14 0
-25 86 11 0
-26 85 11 0
-28 89 11 0
-27 89 13 0
-27 88 13 0
-28 89 12 0
-27 88 12 0
-17 68 9 1
-19 89 15 0
-43 50 7 0
-18 90 15 0
-45 50 9 1
-42 55 5 11
-14 74 14 0
-14 74 15 0
-10 67 14 1
-16 66 13 0
-10 50 13 0
-20 93 32 0
-43 53 12 1
-36 95 6 2
-1 82 16 0
-1 82 17 0
-26 75 6 1
-26 74 6 1
-26 50 14 0
-17 96 12 5
-16 96 10 1
-16 96 11 1
-19 59 13 0
-5 65 11 0
-19 60 12 0
-6 66 10 0
-19 60 13 0
-44 75 9 0
-15 91 12 3
-15 91 11 2
-17 91 11 0
-17 91 12 0
-18 92 11 0
-18 92 12 0
-19 94 10 1
-1 89 13 0
-1 90 13 0
-2 90 14 0
-2 90 15 0
-2 90 13 0
-3 90 14 0
-3 90 15 0
-7 81 14 0
-8 82 14 0
-4 88 14 0
-7 81 15 0
-4 88 13 0
-44 77 7 4
-44 77 8 1000
-44 77 9 1000
-43 73 7 1
-43 73 8 3
-43 73 9 1
-39 50 1 1
-21 57 11 0
-39 74 9 1
-39 74 8 2
-8 79 10 0
-7 79 10 0
-9 80 12 0
-13 75 12 0
-13 75 11 1
-16 75 12 0
-23 85 19 0
-19 85 19 0
-19 85 18 0
-20 85 19 0
-40 52 2 1
-40 51 4 5
-40 51 2 1
-40 50 2 1
-41 51 2 1
-32 64 9 1
-30 79 7 1
-30 79 11 0
-32 78 10 0
-32 79 9 0
-31 79 9 0
-32 81 10 0
-32 81 9 0
-29 83 10 1
-29 83 9 1
-29 83 8 1
-29 82 8 1
-30 83 8 1
-35 79 6 1
-35 78 6 1
-35 77 6 1
-34 78 7 2
-34 78 11 0
-33 99 8 0
-33 99 9 0
-31 98 8 0
-32 98 8 0
-30 99 11 1
-43 55 3 1
-25 92 11 1
-9 79 11 0
-9 80 10 0
-32 83 8 1
-41 54 14 1
-28 73 6 1
-28 72 6 1
-17 61 14 0
-16 61 14 0
-20 61 14 0
-19 60 14 0
-18 59 13 0
-17 60 14 0
-18 61 15 0
-16 60 13 0
-16 60 14 0
-20 60 14 0
-19 59 14 0
-18 59 14 0
-17 59 14 0
-18 60 15 0
-17 58 14 0
-16 58 14 0
-16 58 13 0
-19 58 14 0
-20 58 14 0
-20 57 14 0
-18 57 14 0
-17 57 14 0
-18 58 15 0
-18 58 16 0
-19 57 14 0
-19 56 14 0
-20 55 14 0
-20 56 14 0
-20 56 13 0
-17 55 14 0
-19 57 15 0
-24 59 11 1
-25 59 9 1
-26 58 8 1
-26 59 8 1
-26 60 8 1
-25 58 8 1
-25 59 8 1
-36 51 13 1
-37 52 13 1
-37 51 13 2
-36 51 12 2
-38 75 10 3
-8 74 13 0
-8 74 12 0
-36 76 7 1
-36 77 7 1
-35 76 7 1
-20 59 8 1000
-20 59 9 2
-36 52 3 1
-47 74 8 1
-47 74 9 1
-47 76 10 0
-14 73 14 0
-14 73 15 0
-31 67 12 0
-14 78 15 0
-32 72 11 2
-32 72 12 1
-31 72 10 2
-31 72 11 3
-31 72 12 1
-18 57 13 0
-18 60 13 0
-20 57 13 0
-18 58 13 0
-18 58 14 0
-19 72 13 0
-20 72 14 0
-22 72 13 0
-22 72 14 0
-23 70 14 0
-22 69 14 0
-21 69 14 0
-20 50 16 0
-23 87 26 0
-23 88 25 0
-13 51 8 0
-33 92 10 1
-11 58 11 1
-11 58 10 4
-8 55 8 0
-48 54 5 1000
-45 55 5 1
-45 55 4 1
-13 53 7 0
-12 50 7 1
-12 56 8 4
-12 56 7 1
-13 56 7 1
-13 56 8 1
-37 88 8 4
-37 88 6 3
-35 50 7 1
-7 71 13 0
-48 53 6 1
-10 54 11 1
-10 54 10 4
-38 91 6 1
-25 69 10 1
-37 52 9 1
-20 97 18 0
-21 96 17 0
-21 96 16 0
-21 97 17 0
-22 97 16 0
-21 98 17 0
-21 98 16 0
-20 99 17 0
-20 98 17 0
-20 99 16 0
-20 98 16 0
-18 98 17 0
-19 98 17 0
-17 62 8 0
-25 75 13 0
-25 75 12 0
-25 76 13 0
-25 74 13 0
-25 74 12 0
-24 76 13 0
-23 76 13 0
-30 83 11 1
-9 55 13 0
-9 56 13 0
-10 55 13 0
-10 55 12 1
-11 55 13 0
-11 55 12 1
-8 57 13 0
-19 71 10 2
-40 54 7 0
-16 63 19 0
-15 62 19 0
-14 63 19 0
-15 64 20 0
-18 62 10 0
-15 64 19 0
-39 80 11 1
-7 98 15 1
-49 54 5 1001
-6 98 14 3
-23 59 6 1
-22 57 6 1
-22 58 6 1
-6 68 13 0
-6 68 14 0
-1 84 11 1
-5 94 15 1
-25 67 7 1
-17 97 12 1
-19 96 9 1
-42 90 7 10
-24 51 7 1
-2 84 12 0
-3 83 12 0
-3 83 13 0
-4 82 12 0
-3 81 10 1
-3 82 10 1
-3 83 10 1
-2 81 10 1
-2 82 10 1
-2 83 10 1
-1 81 10 1
-1 82 10 1
-1 83 10 1
-38 60 13 1
-15 95 10 1
-19 80 11 1
-19 96 8 1
-17 96 8 1
-15 95 11 1
-15 95 12 1
-15 95 13 1
-33 91 9 1
-15 96 12 1
-15 96 13 1
-15 69 10 1
-4 71 11 0
-23 82 13 0
-46 73 3 1
-30 64 12 1
-29 62 12 1
-29 71 11 1
-26 70 11 1
-26 70 10 2
-26 70 9 1
-26 69 11 1
-26 68 11 1
-27 70 9 1
-29 69 12 0
-28 69 11 1
-34 61 9 1
-13 66 9 1
-12 66 9 1
-10 65 12 1000
-38 78 10 1
-37 77 9 1000
-39 75 9 4
-25 79 6 1
-25 78 6 1
-24 79 8 0
-23 79 8 1
-22 78 8 0
-49 75 8 1
-50 76 7 5
-50 79 8 5
-50 79 7 3
-50 78 8 12
-48 78 7 0
-37 76 11 2
-31 79 11 0
-32 78 6 1
-40 55 14 1
-9 51 16 0
-5 85 16 0
-5 88 16 0
-9 50 15 0
-10 50 15 0
-10 50 14 0
-9 50 14 0
-10 51 15 0
-11 51 14 0
-10 52 15 0
-10 53 14 0
-9 53 14 0
-8 51 15 0
-4 86 12 0
-4 84 15 0
-7 52 16 0
-7 50 15 0
-7 51 15 0
-9 51 15 0
-31 80 6 1
-20 75 10 1
-20 76 10 1
-26 81 10 1
-19 82 10 5
-19 82 11 1
-21 82 9 1
-32 63 6 0
-48 73 3 1
-48 73 4 19
-16 89 15 0
-48 58 5 1
-43 82 5 1
-16 89 16 0
-40 96 8 1
-36 54 5 2
-24 68 10 1
-6 72 13 0
-12 85 10 0
-12 86 9 0
-12 83 6 1
-18 79 9 7
-18 79 11 1
-18 80 10 5
-18 80 11 1
-18 81 9 1
-40 83 11 1
-19 59 7 6
-7 58 9 0
-37 90 10 0
-35 88 10 1
-40 90 9 1
-37 93 10 0
-35 93 7 6
-39 94 5 1
-39 93 5 1
-38 93 11 0
-34 89 7 1
-34 89 9 1
-39 91 9 1
-41 94 9 1
-41 94 8 1
-41 93 10 1
-34 94 9 3
-41 56 6 8
-36 58 10 0
-36 58 14 0
-36 58 13 0
-33 57 10 1
-36 56 10 1
-40 58 10 2
-41 58 10 1
-41 58 9 1
-22 89 28 0
-22 88 29 0
-9 78 11 0
-10 79 11 0
-7 83 10 1
-8 83 9 1
-36 75 11 1
-22 63 6 1
-23 63 6 1
-25 63 8 1
-1 90 14 0
-26 62 8 3
-1 91 13 0
-2 91 14 0
-2 91 15 0
-2 91 13 0
-3 91 14 0
-3 91 13 0
-4 89 14 0
-47 70 5 1
-4 89 13 0
-46 71 3 1
-46 71 4 1
-31 52 13 1
-31 52 12 1
-32 53 13 1
-25 51 16 0
-28 98 12 1
-12 67 13 1
-13 68 14 0
-22 87 22 0
-33 59 12 0
-33 56 12 1
-33 56 11 1
-31 93 8 1
-31 93 9 1
-31 93 10 1
-31 94 8 1
-31 94 9 1
-31 94 10 1
-33 77 9 0
-38 59 6 1
-49 75 9 0
-49 75 7 2
-46 94 9 1
-46 93 8 6
-46 91 7 0
-47 91 7 1
-35 58 3 1
-18 74 9 1
-17 74 9 1
-17 74 10 1
-17 74 11 1
-16 74 9 1
-16 74 10 1
-16 74 11 1
-19 73 11 1
-19 73 12 0
-23 77 13 0
-23 77 12 0
-30 66 5 1
-23 79 11 1
-23 78 11 1
-21 78 11 1
-28 64 5 1
-20 69 12 0
-7 72 13 0
-7 72 14 0
-18 61 11 0
-6 71 12 0
-4 72 13 0
-4 72 14 0
-9 82 10 0
-17 95 8 1
-35 64 7 3
-50 69 3 1
-50 69 4 5
-50 69 5 1
-49 69 3 1
-16 84 16 0
-29 53 13 1
-30 56 14 1
-30 56 13 1
-30 55 13 1
-47 75 9 1
-16 94 8 1
-16 93 8 1
-16 92 8 1
-16 94 9 1
-16 93 9 1
-17 94 9 1
-17 93 9 2
-38 77 6 1
-37 77 10 1
-23 55 12 0
-22 55 13 0
-47 97 38 0
-22 54 12 0
-22 54 13 0
-47 94 38 0
-48 95 39 0
-48 95 36 0
-48 95 35 0
-26 63 8 6
-29 96 14 1
-26 52 15 0
-38 52 13 0
-42 58 10 1
-42 58 9 1
-39 56 8 0
-41 54 6 4
-15 82 7 1
-16 84 7 1
-16 83 7 1
-16 64 11 4
-12 80 13 0
-12 80 12 0
-1 67 15 0
-1 67 14 0
-2 80 14 0
-2 68 14 0
-1 69 14 0
-3 80 14 0
-34 63 12 0
-37 85 7 1
-37 85 8 1
-28 91 14 1
-26 92 13 1
-26 92 12 1
-26 92 11 2
-27 92 13 3
-27 92 12 3
-27 92 11 1
-28 92 13 2
-28 92 12 2
-28 92 11 2
-24 92 10 1
-24 91 10 1
-24 90 10 1
-25 92 10 1
-25 91 10 1
-26 92 10 1
-24 92 14 1
-24 91 14 1
-6 52 10 1
-7 52 12 1
-24 61 7 1
-4 60 9 0
-26 51 15 0
-24 92 11 1
-24 91 13 1
-24 91 12 1
-24 91 11 1
-25 92 13 1
-38 52 9 28
-34 51 9 3
-39 62 5 1
-15 68 9 1
-20 73 11 0
-41 74 6 1
-21 74 7 1
-21 73 7 1
-28 79 11 0
-28 79 12 0
-27 78 12 0
-30 78 10 0
-15 81 14 0
-15 80 14 0
-31 81 10 0
-31 81 9 0
-30 82 9 1
-38 51 5 16
-26 51 12 6
-26 50 12 1
-27 51 17 0
-33 61 8 1
-23 64 14 0
-23 64 13 0
-21 63 12 0
-22 63 12 0
-24 63 12 0
-21 64 12 0
-14 58 11 1
-15 59 11 1
-15 58 11 1
-15 58 10 2
-31 63 12 1
-31 63 13 2
-31 62 14 1
-31 63 14 1
-31 64 14 1
-30 62 13 1
-35 62 8 0
-13 66 13 0
-13 66 12 1
-13 69 9 1
-14 69 12 0
-13 68 12 0
-32 50 9 1
-13 59 9 1
-22 81 13 0
-22 82 14 0
-18 86 13 0
-16 84 14 0
-16 84 15 0
-16 85 15 0
-16 73 13 1
-44 51 1 1
-40 61 8 1
-40 81 8 1
-40 81 9 1
-41 81 10 1
-40 81 10 1
-2 62 10 1
-39 73 10 1
-38 74 10 1
-37 73 9 1
-37 73 8 1
-37 73 7 1
-38 73 9 1
-38 73 8 1
-38 73 7 1
-22 77 8 1
-21 78 10 1
-47 92 5 2
-47 93 5 1
-47 94 5 1
-30 66 12 0
-27 66 11 1
-47 90 8 6
-47 91 8 1
-32 69 12 4
-48 92 10 0
-21 56 11 0
-22 58 8 1
-22 58 9 2
-22 58 10 1
-21 58 8 1
-21 58 9 7
-21 58 10 1
-20 58 8 1000
-20 58 9 1
-44 88 11 1
-24 67 8 2
-24 68 8 1
-24 68 9 1
-48 82 7 1
-22 65 12 0
-48 82 9 1
-48 83 7 1
-48 83 8 1
-15 59 9 1
-15 59 8 0
-4 63 7 1
-16 88 11 0
-15 89 12 0
-14 89 12 0
-4 60 12 0
-19 55 13 0
-19 54 13 0
-21 63 6 1
-19 56 13 0
-20 54 12 0
-38 61 5 5
-37 63 7 2
-36 99 38 0
-39 61 12 1
-30 80 7 1
-27 51 10 1
-6 61 12 0
-1 96 15 0
-32 72 13 1
-30 72 12 1
-30 72 11 1
-34 66 12 1
-33 69 12 1
-33 69 11 2
-33 69 10 1
-30 71 9 1
-24 59 13 1
-32 64 4 1
-35 94 11 1
-38 63 6 1
-31 53 13 1
-31 66 10 1
-25 50 8 1
-25 50 7 1
-25 50 6 1
-35 51 11 1
-35 51 12 1
-34 51 10 1
-34 96 5 1
-6 61 10 0
-42 90 8 9
-42 91 5 1
-1 99 15 0
-39 86 6 0
-16 65 11 1
-16 65 10 1
-11 53 9 1
-1 96 16 0
-19 90 15 0
-30 73 6 1
-28 66 9 2
-35 54 12 1
-38 57 12 0
-42 52 12 0
-39 77 9 1000
-15 62 15 0
-30 54 12 1
-29 54 12 1
-29 55 12 1
-29 50 17 1
-27 50 13 9
-27 50 14 1
-27 50 15 1
-39 54 10 1
-41 56 13 1
-40 54 10 0
-5 80 14 0
-3 79 15 0
-3 80 10 1
-2 78 10 1
-2 79 10 1
-2 80 10 1
-49 53 3 1
-32 93 9 1
-27 66 9 1
-50 94 6 1
-18 62 11 0
-50 94 5 1
-50 94 4 1
-9 53 13 0
-8 54 12 1
-8 54 13 0
-9 55 14 0
-10 54 9 1
-10 55 9 1000
-6 53 12 0
-7 53 13 0
-8 53 14 0
-16 62 14 0
-16 62 15 0
-19 62 15 0
-19 60 15 0
-17 61 15 0
-17 60 15 0
-18 62 16 0
-22 76 9 1
-23 53 7 3
-7 89 14 0
-6 88 13 0
-7 87 13 0
-18 64 7 1
-9 80 7 1
-47 57 6 1
-47 58 4 1
-47 58 5 1
-47 58 6 1
-19 86 14 0
-35 80 7 1
-24 59 8 1
-38 76 8 0
-36 79 7 1
-33 70 8 1
-33 71 8 1
-33 96 8 1
-15 60 14 0
-15 60 15 0
-16 61 15 0
-18 59 15 0
-17 58 15 0
-16 59 14 0
-16 59 15 0
-17 60 16 0
-8 85 14 0
-7 86 14 0
-8 87 15 0
-8 87 14 0
-7 88 15 0
-8 88 14 0
-7 88 14 0
-26 95 12 1
-26 95 13 1
-29 93 12 4
-29 93 13 2
-29 93 11 1
-27 89 11 0
-27 91 10 1
-28 92 9 1
-27 92 9 1
-26 92 9 1
-29 53 12 1
-29 52 14 3
-29 52 13 1
-29 52 12 1
-23 52 7 2
-23 53 6 1
-16 79 11 1
-19 85 9 1
-19 85 10 1
-19 85 11 1
-18 85 9 1
-18 85 10 1
-18 85 11 1
-15 59 14 0
-14 59 14 0
-15 59 15 0
-16 60 15 0
-15 84 10 0
-39 55 6 1
-15 79 8 3
-15 53 13 0
-33 65 12 0
-23 55 10 0
-20 57 10 1
-16 73 12 1
-17 72 11 1
-45 86 6 1
-16 82 14 0
-17 85 17 0
-18 85 17 0
-18 84 17 0
-18 84 16 0
-22 73 13 0
-22 56 13 0
-23 57 12 0
-36 52 9 1
-36 51 9 3
-29 72 10 0
-22 50 8 9
-22 51 8 9
-22 51 9 4
-29 64 6 1
-3 67 14 0
-35 56 7 8
-35 56 8 1
-19 63 13 0
-29 82 10 1
-29 79 10 0
-49 89 8 1
-36 58 4 5
-37 57 3 1
-37 58 3 1
-37 59 3 1
-36 57 3 1
-35 57 3 1
-18 53 6 1
-17 53 6 1
-14 67 14 0
-16 54 10 1
-32 51 9 1
-3 59 9 0
-3 58 10 0
-4 58 9 0
-3 68 13 0
-18 76 10 1
-18 76 11 1
-18 77 11 1
-17 76 10 3
-17 77 11 1
-13 76 9 0
-14 79 7 1
-14 68 8 1
-14 69 8 1
-35 76 10 0
-43 80 8 1
-35 66 13 1
-35 67 13 1
-35 68 13 1
-34 67 13 1
-34 68 13 1
-33 68 13 2
-13 53 11 1
-12 52 11 1
-12 53 10 6
-12 53 11 1
-14 51 7 0
-15 52 8 0
-15 52 7 0
-15 50 10 1
-15 70 10 1
-15 70 11 1
-15 71 9 1
-15 71 10 1
-12 62 12 0
-12 63 13 0
-12 62 13 0
-11 63 12 0
-12 64 14 0
-20 82 8 1
-19 79 8 1
-20 52 7 4
-18 55 6 1
-18 54 6 1
-35 66 6 1
-35 66 7 1
-45 95 10 1
-45 95 11 1
-48 93 10 0
-50 89 11 1
-50 90 11 1
-50 91 11 2
-49 89 11 1
-49 90 11 1
-48 90 11 2
-47 90 11 1
-46 90 11 1
-47 92 11 0
-18 58 7 3
-17 59 7 0
-19 58 7 5
-23 68 8 1
-17 57 4 1
-7 56 10 0
-49 79 11 1
-32 51 12 1
-32 51 13 2
-42 50 7 0
-28 66 8 1
-27 80 7 3
-44 53 8 1
-45 53 8 1
-14 58 9 1
-14 57 10 1
-14 58 10 1
-14 59 10 1
-13 57 10 1
-13 58 10 1
-15 60 7 0
-16 60 9 1
-36 53 3 1
-7 78 7 1
-8 78 7 1
-9 78 7 1
-8 79 8 1
-12 58 9 1
-12 58 8 1
-12 58 7 1
-13 59 6 1
-13 58 6 1
-2 88 10 1
-2 88 16 0
-2 88 15 0
-1 87 15 0
-3 87 15 0
-16 59 10 1
-16 59 5 2
-17 60 4 1
-16 60 4 1
-15 60 4 1
-3 70 13 0
-4 70 14 0
-3 70 14 0
-5 71 14 0
-6 72 14 0
-6 70 13 0
-6 70 14 0
-49 97 7 1
-49 95 9 1
-49 96 8 1
-49 96 9 1
-49 97 8 1
-49 97 9 1
-12 66 15 0
-13 67 15 0
-1 63 14 0
-1 63 13 0
-1 61 14 0
-1 61 15 0
-1 61 13 0
-1 60 14 0
-1 60 13 0
-2 61 14 0
-1 60 15 0
-15 73 9 0
-7 84 14 0
-2 60 14 0
-2 60 15 0
-2 60 13 0
-1 59 14 0
-1 59 15 0
-8 85 15 0
-8 85 11 0
-2 61 15 0
-2 61 13 0
-2 59 14 0
-2 59 15 0
-2 59 13 0
-3 60 14 0
-2 58 14 0
-2 58 15 0
-2 58 13 0
-1 58 14 0
-1 58 15 0
-1 58 13 0
-1 60 16 0
-1 60 12 0
-6 84 14 0
-6 84 13 0
-8 86 16 0
-1 57 14 0
-1 57 13 0
-47 94 6 1
-46 94 8 1
-43 52 1 1
-32 50 14 1000
-42 79 7 1
-36 89 12 1
-18 87 14 0
-22 65 9 11
-23 62 12 0
-19 61 8 1
-31 60 7 1
-32 60 9 3
-4 75 11 1
-5 75 11 1
-2 74 11 1
-2 74 10 1
-2 74 9 1
-27 50 12 1003
-29 63 7 1
-20 67 13 0
-41 81 9 1
-40 81 7 1
-39 82 7 1
-20 64 11 1
-16 81 14 0
-42 58 3 1
-41 58 2 1
-41 58 3 1
-41 59 3 1
-13 78 14 0
-9 77 12 0
-9 82 6 1
-9 81 6 1
-33 71 9 1
-34 69 10 1
-34 69 11 1
-41 55 7 4
-37 51 12 2
-36 50 8 1
-25 85 12 0
-25 84 12 0
-50 57 6 1
-30 60 10 1
-31 60 10 1
-32 60 10 1
-25 62 6 1
-40 58 11 2
-41 58 12 1
-48 76 9 0
-50 96 7 11
-50 95 9 1
-50 96 9 9
-50 97 9 1
-48 93 7 0
-47 91 4 1
-47 92 4 1
-26 69 8 1
-26 69 9 1
-26 69 10 1
-25 69 8 1
-25 69 9 1
-23 93 29 0
-23 93 28 0
-23 92 29 0
-23 92 28 0
-14 74 11 1
-12 75 12 0
-23 50 8 4
-23 50 9 3
-37 59 7 0
-28 51 14 2
-27 53 15 1
-27 53 14 1
-50 77 9 4
-49 77 10 1
-27 52 14 1
-27 52 13 2
-27 51 15 1
-27 51 14 1
-24 71 11 1
-24 71 10 1
-24 71 9 1
-3 75 9 1
-36 99 37 0
-35 99 37 0
-15 88 13 0
-3 63 10 0
-31 83 9 1
-19 61 11 0
-25 60 9 2
-26 60 11 1
-26 60 10 1
-26 60 9 1
-26 59 11 1
-26 59 10 1
-26 59 9 1
-26 58 11 1
-26 58 10 1
-26 58 9 1
-25 59 10 1
-23 60 9 1
-6 55 9 0
-28 50 13 4
-29 51 14 5
-29 50 15 0
-29 50 14 1
-30 56 12 1
-20 66 5 1
-5 74 12 0
-31 54 10 1
-24 74 11 1
-44 72 8 1
-44 72 9 1
-44 73 7 1
-40 58 9 1
-39 59 8 2
-40 59 7 1
-20 67 5 1
-21 94 32 0
-21 94 33 0
-21 95 32 0
-21 95 33 0
-36 58 3 1
-35 59 4 3
-15 74 11 0
-14 73 12 0
-14 73 13 0
-14 73 11 1
-13 74 12 0
-12 74 12 0
-29 67 6 1
-50 94 38 0
-42 84 7 1
-42 84 8 1
-41 84 6 1
-41 84 7 1
-41 84 8 1
-41 85 6 1
-42 88 9 0
-41 87 5 1
-24 66 7 1
-24 67 7 1
-23 65 7 1
-23 66 7 1
-20 65 7 2
-30 63 4 1
-31 63 4 1
-28 74 6 1
-29 74 6 1
-30 74 6 1
-29 73 7 2
-36 56 7 1
-36 56 6 2
-22 67 8 1
-48 95 5 1
-50 92 6 1
-50 92 5 2
-50 92 4 1
-20 53 10 1
-20 52 5 1
-20 51 5 1
-20 50 5 1
-29 53 16 4
-29 53 17 1
-35 51 16 1
-35 52 14 1
-35 52 15 1
-35 52 16 1
-33 50 17 1
-33 93 10 1
-32 55 16 1
-32 55 17 1
-31 55 15 1
-31 55 16 1
-48 78 12 1
-35 63 5 0
-17 55 10 0
-39 53 10 7
-26 77 6 1
-23 55 8 1
-43 50 5 0
-43 54 11 1
-43 53 11 1
-15 69 12 0
-14 69 13 0
-13 69 12 0
-13 69 13 0
-12 69 12 0
-12 69 13 0
-13 70 14 0
-13 70 10 2
-11 69 12 0
-11 69 13 0
-12 71 13 0
-15 69 13 0
-15 68 12 0
-14 68 13 0
-14 68 12 0
-24 85 12 0
-46 93 4 1
-47 92 10 0
-46 89 11 1
-46 88 11 1
-47 89 11 1
-47 88 11 1
-48 89 11 1
-48 88 11 1
-48 93 9 0
-46 91 10 0
-46 91 9 0
-44 92 4 1
-44 90 4 1
-45 92 4 1
-47 92 9 0
-44 94 10 1
-45 91 6 1
-48 92 6 1
-46 92 9 0
-44 90 10 0
-47 87 9 1
-43 91 5 1
-46 87 10 1
-43 84 7 1
-42 93 8 1
-4 95 11 1
-4 96 11 1
-41 92 11 1
-42 93 11 1
-42 93 10 1
-42 93 9 1
-42 92 11 1
-43 93 11 1
-43 92 11 1
-44 90 6 3
-44 91 8 1
-44 91 7 1
-43 89 10 1
-40 93 5 1
-40 92 5 1
-37 93 6 1
-36 95 7 0
-35 94 6 1
-36 94 7 0
-40 96 6 1
-40 95 6 1
-38 96 7 1
-34 96 7 0
-33 96 6 1
-34 95 6 1
-34 95 7 1
-37 95 7 1
-38 96 6 1
-38 97 10 1
-38 97 9 1
-16 54 14 0
-35 98 6 1
-36 98 6 1
-34 98 7 1
-34 97 7 0
-36 92 6 1
-34 99 6 1
-35 99 6 1
-36 99 6 1
-33 95 5 1
-34 96 6 1
-30 55 18 1
-23 95 29 0
-23 94 29 0
-21 86 18 0
-16 52 10 0
-16 98 13 1
-17 98 13 1
-17 97 13 1
-38 59 9 1
-40 76 7 1
-43 75 9 0
-14 59 8 0
-15 61 8 0
-50 72 4 1003
-50 72 3 1
-50 72 5 1
-49 72 3 1
-49 72 4 23
-49 72 5 1
-49 73 7 1
-35 50 10 3
-35 50 11 1
-35 50 12 1
-34 50 10 10
-34 50 12 1
-19 60 10 1
-33 58 10 1
-34 59 10 1
-41 91 6 1
-13 56 14 0
-13 56 15 0
-13 58 14 0
-13 57 15 0
-13 57 14 0
-15 58 15 0
-15 55 14 0
-15 55 15 0
-16 55 15 0
-15 54 15 0
-14 55 14 0
-13 55 14 0
-14 55 15 0
-13 55 15 0
-15 56 15 0
-15 56 16 0
-15 56 13 0
-15 56 14 0
-20 81 10 8
-20 81 11 1
-23 81 8 1
-3 68 9 1
-42 53 13 1
-2 67 8 1
-28 79 10 0
-28 81 10 1
-28 81 12 0
-26 89 11 0
-30 75 10 1
-30 75 11 1
-29 75 9 1
-20 57 9 1
-20 57 8 1000
-21 57 10 1
-21 57 9 9
-21 57 8 1
-22 57 10 1
-38 91 10 0
-23 61 7 2
-18 56 13 0
-24 61 6 1
-45 73 6 1
-45 74 6 1
-44 73 6 1
-44 74 6 1
-42 75 6 1
-45 76 6 1
-45 77 6 1
-45 78 6 1
-19 50 7 1
-18 80 9 1
-18 79 10 1
-40 60 4 1
-40 61 4 1
-22 56 11 0
-22 52 9 3
-32 50 12 1000
-43 91 9 8
-34 98 6 1
-34 98 11 0
-34 96 10 0
-6 60 9 0
-17 85 15 0
-16 85 14 0
-17 85 14 0
-20 57 12 0
-22 56 12 0
-21 88 26 0
-20 87 26 0
-20 88 25 0
-22 89 24 0
-50 95 4 1
-50 95 5 1
-50 95 6 1
-50 96 4 1
-43 78 7 1
-25 58 10 1
-25 58 9 1
-24 59 10 2
-14 72 12 0
-15 71 12 0
-11 70 10 1
-11 70 12 1
-10 70 10 1
-10 70 11 2
-10 70 12 1
-10 71 10 1
-10 71 11 1
-10 71 12 5
-13 73 13 0
-8 50 9 1000
-7 51 14 0
-13 73 14 0
-13 73 11 1
-11 72 12 0
-9 71 11 1
-22 88 21 0
-35 60 12 0
-38 89 9 0
-38 89 10 0
-41 88 10 0
-39 87 9 0
-39 87 10 0
-38 86 11 1
-37 86 11 1
-36 86 11 1
-39 89 11 0
-43 90 9 1
-42 89 9 0
-42 89 10 1
-41 87 10 0
-40 87 10 0
-39 86 11 1
-38 87 11 1
-40 89 11 0
-32 51 18 1
-32 50 18 1
-12 53 12 0
-39 56 13 1
-39 56 12 2
-19 65 7 2
-19 65 6 1
-50 73 5 1
-34 60 14 0
-4 75 13 0
-4 75 14 0
-4 75 12 1000
-5 76 14 0
-5 76 12 0
-7 76 14 0
-8 75 14 0
-7 74 13 0
-7 73 13 0
-7 73 14 0
-14 55 13 0
-31 65 10 1
-31 66 8 1
-26 85 12 0
-31 51 9 6
-49 79 13 1
-49 78 13 1
-49 77 13 1
-47 78 6 0
-47 78 7 0
-47 78 12 1
-50 77 11 1
-50 81 10 1
-46 81 7 1
-47 79 6 0
-34 63 6 1
-18 91 18 0
-34 52 17 1
-48 56 5 3
-48 57 5 2
-30 64 6 3
-31 61 6 6
-32 62 6 1
-32 61 6 8
-30 61 10 1
-26 82 12 0
-23 64 8 1
-34 63 8 0
-33 62 7 0
-15 64 12 1
-16 64 12 0
-16 63 12 0
-12 77 12 0
-12 77 13 0
-37 57 11 0
-39 58 11 1
-25 82 9 1
-38 56 13 0
-50 70 5 5
-22 53 7 3
-47 70 3 1
-38 81 7 1
-19 78 9 1
-3 50 12 0
-38 80 11 1
-48 51 2 1
-31 93 12 1
-48 52 6 1
-48 52 5 9
-19 61 13 0
-19 61 12 0
-27 72 10 1
-27 72 12 0
-38 56 11 0
-6 59 6 1
-44 51 6 1
-43 53 5 34
-43 53 4 32
-10 53 12 1
-49 58 7 1
-44 52 1 1
-41 85 7 2
-39 85 9 6
-40 84 10 3
-39 84 9 1
-45 97 35 0
-45 97 36 0
-31 68 11 1
-34 69 9 1
-34 69 13 1
-37 51 7 8
-33 52 17 1
-33 55 7 1
-31 50 16 18
-34 54 7 1
-36 57 5 1
-36 57 4 1
-35 67 11 1
-48 76 4 1
-48 76 5 1
-48 77 3 1
-48 77 4 1
-48 77 5 1
-41 89 5 1
-41 88 5 1
-23 88 27 0
-22 89 27 0
-6 61 11 0
-24 84 9 1
-14 69 15 0
-15 66 13 0
-49 71 6 4
-19 51 12 0
-18 51 12 0
-18 53 11 0
-33 59 9 2
-33 59 10 1
-32 59 9 1
-36 53 5 1
-20 58 7 4
-20 58 6 1
-31 59 8 1
-33 62 3 1
-22 58 11 0
-24 58 9 1
-45 53 3 17
-45 53 4 14
-45 53 5 10
-45 54 3 1
-45 54 4 1
-20 69 13 0
-22 69 12 0
-22 70 12 0
-22 70 13 0
-23 68 11 1
-40 53 12 0
-24 65 9 0
-24 50 9 1
-9 70 12 1
-9 70 11 1
-9 70 10 1
-26 67 13 0
-9 69 11 1
-24 68 12 0
-10 69 10 1
-11 70 13 0
-12 70 13 0
-24 65 12 0
-6 57 10 0
-5 58 10 0
-6 57 9 0
-27 62 9 1
-27 62 11 1
-27 63 9 13
-23 71 13 0
-14 72 13 0
-15 73 12 0
-12 73 11 0
-9 73 12 1
-27 63 10 12
-14 79 15 0
-16 77 13 0
-16 77 12 0
-14 77 15 0
-16 75 13 0
-14 75 15 0
-5 58 7 2
-6 56 10 0
-5 55 9 0
-37 55 9 1
-37 55 10 8
-37 55 11 4
-42 50 3 1001
-7 50 13 0
-14 64 9 1
-29 87 11 2
-29 86 13 1
-29 86 12 1
-29 86 11 1
-29 85 13 1
-29 85 12 1
-29 85 11 1
-28 86 12 1
-27 87 11 0
-27 87 13 0
-27 87 12 0
-26 88 11 0
-26 88 13 0
-26 87 13 0
-26 88 12 0
-26 87 12 0
-24 87 11 0
-25 87 13 0
-24 87 12 0
-16 65 9 1
-28 69 9 1
-27 69 7 1
-46 55 2 1
-46 54 2 1
-46 53 2 2
-47 53 2 2
-37 94 6 2
-37 94 11 0
-37 94 10 0
-38 93 10 1
-38 92 9 1
-38 93 8 1
-40 95 10 1
-40 94 10 1
-34 95 11 1
-33 64 4 1
-33 63 4 2
-33 62 4 5
-31 59 5 1
-31 58 7 1
-31 58 6 1
-31 58 5 1
-32 59 5 1
-32 58 7 1
-32 58 6 1
-32 58 5 1
-33 59 5 15
-15 78 13 0
-15 78 12 0
-16 79 13 0
-16 79 12 0
-12 79 11 0
-12 79 13 0
-12 79 12 0
-40 56 13 2
-14 80 14 0
-40 57 10 9
-41 57 10 1
-13 79 12 0
-14 78 11 1
-14 79 11 1
-14 79 13 0
-14 78 12 0
-42 52 13 0
-15 79 11 1
-24 77 11 2
-23 76 9 1
-23 77 9 1
-23 77 10 5
-15 82 13 0
-22 77 9 4
-48 55 4 18
-35 81 7 1
-41 84 9 0
-40 84 9 2
-40 85 10 2
-41 84 11 1
-40 85 11 1
-41 86 10 0
-41 86 11 0
-41 86 6 1
-41 85 5 1
-40 85 5 1
-45 90 7 0
-49 89 10 1
-45 88 7 8
-45 88 8 6
-45 89 6 1
-45 89 4 1
-45 90 4 1
-45 91 4 1
-11 52 13 0
-32 79 6 1
-12 53 13 0
-35 53 6 1
-35 53 5 1
-39 58 13 2
-39 58 14 1
-4 59 6 1
-46 94 37 0
-15 80 10 2
-15 81 11 1
-15 82 11 1
-18 80 8 1
-12 70 9 1
-12 69 9 1
-14 69 9 1
-13 69 10 4
-3 80 12 1
-8 84 9 1
-20 61 13 0
-20 64 13 0
-33 58 7 4
-33 58 6 8
-33 58 5 6
-31 59 10 1
-31 75 11 1
-31 75 10 1
-31 75 9 1
-31 74 11 1
-33 54 12 1
-33 54 11 1
-34 53 10 1
-34 52 12 1
-7 62 9 1
-7 62 10 1
-7 62 11 1
-9 60 8 1
-9 60 9 1
-9 60 10 1
-9 61 8 1
-9 61 9 1
-50 76 9 1
-27 68 8 6
-25 50 14 0
-25 50 16 0
-24 50 15 0
-25 50 15 0
-27 50 11 9
-30 52 14 0
-28 52 14 1
-28 51 13 3
-28 52 13 1
-28 53 13 1
-27 51 13 3
-3 60 11 0
-16 98 12 1
-16 98 10 1
-18 95 9 2
-16 97 14 1
-18 54 11 0
-16 96 13 1
-16 95 14 1
-16 95 13 1
-18 70 10 4
-44 75 11 1
-44 74 9 2
-46 73 11 1
-47 75 10 1
-40 52 9 1
-41 52 10 1
-41 52 8 1
-41 51 10 1
-41 51 9 1
-33 69 14 1
-32 69 14 1
-20 58 10 1
-24 62 13 0
-22 61 13 0
-21 62 12 0
-21 62 13 0
-22 63 13 0
-22 63 14 0
-6 85 13 0
-44 85 11 1
-44 84 11 1
-45 85 11 1
-45 84 11 1
-14 85 11 0
-13 86 11 0
-12 86 11 0
-12 87 10 0
-11 86 11 0
-8 86 10 1
-8 86 9 1
-48 80 7 1
-47 81 8 4
-48 80 11 1
-49 82 11 1
-49 82 10 1
-49 81 11 1
-49 81 10 1
-49 80 11 1
-21 67 12 0
-21 66 12 0
-20 66 13 0
-20 66 12 0
-19 65 13 0
-19 65 12 0
-20 65 12 0
-36 50 7 1
-36 51 6 1
-36 51 7 1
-35 50 6 1
-21 59 10 1
-21 59 9 7
-34 64 6 2
-34 64 7 6
-34 64 8 4
-49 80 10 2
-9 83 10 1
-19 57 13 0
-21 53 13 0
-2 69 8 1
-20 60 6 1
-27 63 12 1
-26 62 12 1
-26 61 7 1
-10 84 7 1
-29 72 13 0
-27 70 11 1
-28 70 9 1
-28 70 10 1
-17 81 7 1
-17 81 8 2
-32 73 12 1
-32 73 11 1
-32 73 10 1
-31 73 10 1
-31 73 11 1
-2 72 12 1
-1 71 12 1
-1 72 12 1
-1 73 10 1
-1 73 11 1
-1 73 12 1
-1 74 10 1
-18 87 18 0
-1 74 11 1
-1 74 12 1
-4 74 11 0
-5 72 14 0
-4 71 12 0
-22 61 9 2
-4 76 9 1
-4 76 11 2
-9 50 13 0
-3 75 10 1
-10 50 12 1
-20 88 26 0
-9 50 12 1
-22 89 25 0
-20 89 25 0
-20 90 25 0
-22 91 25 0
-24 91 25 1
-3 76 9 1
-32 52 13 2
-2 99 16 0
-48 92 9 0
-12 52 13 0
-33 50 15 46
-20 77 9 1
-34 64 9 6
-30 53 16 5
-34 61 7 0
-34 61 8 1
-31 53 17 1
-41 51 12 0
-35 63 3 1
-17 84 7 1
-17 83 7 1
-44 96 37 0
-44 96 38 0
-46 98 38 0
-46 96 39 0
-46 96 36 0
-46 96 35 0
-41 78 9 11
-41 77 11 1
-27 66 12 0
-22 82 7 1
-22 82 8 1
-35 54 3 1
-36 64 9 1
-22 90 30 0
-13 64 14 0
-24 90 28 0
-24 91 28 0
-22 91 31 0
-39 87 8 0
-40 87 8 1
-7 53 12 1
-2 65 11 0
-23 93 31 0
-26 66 12 0
-19 98 11 1
-19 99 12 0
-19 98 12 1
-19 98 10 2
-20 99 9 1
-19 99 9 1
-18 99 9 1
-18 81 11 1
-40 87 6 2
-40 87 9 0
-38 86 9 3
-39 86 9 1
-40 85 9 2
-15 93 11 1
-23 78 9 1000
-38 98 7 1
-37 79 8 3
-30 87 11 1
-30 87 12 1
-20 91 26 0
-20 90 27 0
-18 60 4 1
-29 62 6 1
-30 62 6 2
-31 63 6 4
-48 54 3 3
-9 53 9 1
-48 53 3 3
-48 53 2 1
-34 62 3 1
-50 97 6 1
-50 96 8 14
-18 53 12 0
-44 55 6 1
-36 60 4 1
-36 60 5 1
-8 59 14 1
-10 51 7 1
-10 50 7 1
-11 50 7 1
-10 51 8 2
-36 54 12 1
-17 69 6 1
-37 55 12 1
-9 68 11 1
-9 68 12 1
-27 95 10 1
-28 95 10 1
-29 95 10 1
-25 93 10 1
-28 91 10 1
-13 85 10 0
-15 76 11 1
-15 76 13 0
-15 76 12 0
-35 96 6 3
-16 78 11 1
-16 78 13 0
-16 78 12 0
-12 78 11 0
-12 78 13 0
-12 78 12 0
-49 99 36 1
-50 99 38 1
-50 99 36 1
-19 87 15 0
-49 97 38 0
-48 96 38 0
-19 59 11 0
-47 95 37 0
-23 60 13 0
-26 58 12 1
-18 89 14 0
-23 58 12 0
-21 58 12 0
-21 57 12 0
-21 57 13 0
-20 58 12 0
-20 58 13 0
-36 91 8 1
-37 91 7 1000
-43 77 6 1
-26 67 11 1
-33 69 8 1
-6 73 11 0
-4 66 8 1
-19 54 10 0
-19 54 9 1
-16 58 11 1
-35 57 11 0
-23 91 27 0
-20 63 10 1
-23 96 30 0
-50 94 37 0
-25 91 24 1
-20 64 9 1
-20 64 10 1
-24 89 25 0
-24 62 10 1
-23 62 11 1
-22 87 25 0
-9 66 11 1
-14 76 15 0
-16 76 13 0
-39 51 14 0
-41 51 13 0
-41 51 14 0
-37 50 4 1
-40 52 5 1011
-42 53 6 9
-43 52 7 58
-5 70 11 0
-13 84 9 0
-17 86 9 1
-33 80 6 1
-46 75 12 1
-44 92 9 7
-45 92 9 5
-50 58 7 1
-7 52 9 1000
-6 50 9 1
-6 51 9 1
-6 52 9 1
-32 50 10 1
-32 50 11 1
-32 51 10 1
-32 51 11 1
-31 50 10 6
-31 50 11 6
-45 55 2 1
-30 50 10 1
-21 50 8 1
-45 55 3 1
-44 54 6 1
-44 53 6 7
-44 52 6 3
-44 54 5 1
-50 74 8 1
-37 97 5 1
-22 88 22 0
-21 88 23 0
-20 96 12 1
-48 89 8 1
-50 75 3 1
-24 77 10 2
-32 52 17 1
-31 90 13 1
-23 78 14 0
-33 51 17 1
-39 55 8 0
-17 95 14 1
-8 73 12 0
-36 56 11 1
-17 95 12 2
-17 95 11 5
-17 95 10 1
-19 96 11 0
-38 57 10 0
-37 56 10 1
-39 58 10 1
-40 57 9 12
-37 56 9 1
-40 56 8 0
-35 56 10 1
-17 96 14 1
-44 50 9 1
-38 88 8 0
-17 56 7 1
-17 56 8 1
-19 53 8 1
-19 52 8 1
-21 54 7 4
-22 54 6 1
-22 54 7 5
-3 67 11 1
-38 92 7 1
-34 52 7 1
-6 95 12 1
-29 78 12 0
-18 53 13 0
-18 52 13 0
-3 94 15 0
-3 94 16 0
-3 94 11 1
-4 93 10 1
-4 94 10 1
-4 95 10 1
-3 95 10 1
-2 95 10 1
-23 88 23 0
-24 88 22 0
-22 87 23 0
-9 84 9 1
-12 50 15 0
-11 50 15 0
-12 50 14 0
-11 50 14 0
-11 51 15 0
-10 52 14 0
-8 50 15 0
-8 50 14 0
-7 52 15 0
-7 52 14 0
-8 53 15 0
-8 54 15 0
-8 54 14 0
-5 54 12 0
-5 54 16 0
-4 53 13 0
-4 53 15 0
-4 53 14 0
-5 52 13 0
-5 52 15 0
-5 52 14 0
-7 53 15 0
-6 53 15 0
-7 53 14 0
-7 54 13 0
-14 74 7 1
-7 54 15 0
-7 54 14 0
-6 54 14 0
-7 55 15 0
-30 83 9 1
-40 56 4 1
-46 51 2 1
-25 82 13 0
-7 96 15 1
-7 96 14 1
-4 98 14 0
-4 98 16 0
-5 98 15 0
-3 98 14 0
-3 98 16 0
-3 99 15 0
-2 98 14 0
-2 98 16 0
-2 97 14 0
-1 97 16 0
-28 50 15 1
-23 92 23 1
-24 92 23 1
-17 62 7 0
-39 52 6 1
-27 86 12 0
-26 85 13 0
-21 93 29 0
-21 93 28 0
-21 92 29 0
-2 97 11 1
-2 96 11 1
-2 95 11 1
-3 97 11 1
-3 96 11 1
-3 95 11 1
-4 97 11 1
-42 50 14 0
-42 50 13 0
-40 52 14 0
-40 52 13 0
-50 73 8 1
-50 77 5 1
-33 56 4 1
-16 88 16 0
-16 88 15 0
-34 56 4 1
-39 59 6 5
-40 59 5 1
-13 53 9 1000
-13 52 9 1
-13 51 9 1
-12 52 10 3
-12 52 15 0
-12 52 14 0
-14 50 12 0
-13 51 12 1
-14 50 13 0
-13 51 13 0
-14 52 12 1000
-46 50 10 1
-27 52 12 1
-50 79 2 1
-39 77 8 1
-15 69 11 1
-23 80 11 1
-15 69 9 1
-14 50 14 0
-12 51 15 0
-12 51 14 0
-10 50 16 0
-23 87 22 0
-22 86 22 0
-29 66 8 2
-41 76 10 1
-3 74 9 1
-3 74 10 1
-3 74 11 13
-28 97 10 1
-47 79 7 1
-45 79 11 1
-35 88 5 1
-28 68 8 5
-32 70 11 3
-32 70 10 3
-33 70 12 1
-33 70 11 1
-33 70 10 1
-31 67 11 1
-42 55 11 1
-11 86 9 0
-10 86 10 1
-10 86 9 1
-10 86 8 1
-11 86 8 1
-11 85 10 0
-11 85 9 1
-12 86 10 0
-11 84 10 0
-31 51 10 6
-43 54 13 1
-43 54 12 1
-42 54 13 2
-40 52 12 0
-40 53 14 0
-39 53 12 0
-39 53 14 0
-39 53 13 0
-22 78 12 0
-50 54 2 1
-50 54 3 1
-21 79 10 1
-15 59 4 1
-16 59 4 1
-50 60 5 1
-50 60 4 1
-50 59 6 1
-7 74 12 0
-42 84 6 1
-43 84 8 1000
-35 79 8 0
-35 80 8 1
-50 76 3 1
-50 76 4 8
-14 82 9 0
-14 84 10 0
-14 84 9 0
-41 52 11 0
-41 53 11 0
-50 54 4 1
-39 58 9 1
-44 90 8 0
-21 77 10 1
-21 78 8 1
-18 55 10 0
-35 65 7 2
-31 79 6 1
-22 76 7 1
-22 77 7 1
-22 78 7 1
-21 76 7 1
-15 89 13 0
-14 87 11 0
-14 87 12 0
-15 87 11 0
-38 77 8 1000
-40 59 6 1
-2 60 11 0
-9 84 11 0
-9 84 10 1
-47 93 4 1
-18 67 5 1
-19 67 5 1
-8 64 14 1
-8 64 15 1
-8 65 14 1
-8 65 15 1
-1 87 17 0
-1 87 18 0
-1 87 16 0
-2 86 17 0
-2 86 18 0
-2 86 16 0
-2 88 17 0
-2 87 17 0
-2 85 17 0
-2 85 16 0
-1 88 16 0
-1 89 16 0
-1 88 17 0
-1 89 17 0
-3 87 16 0
-3 87 17 0
-2 89 17 0
-3 89 16 0
-3 88 17 0
-4 87 16 0
-3 86 16 0
-3 86 17 0
-2 87 18 0
-3 88 16 0
-4 89 16 0
-4 89 17 0
-4 87 17 0
-4 86 16 0
-4 86 17 0
-4 86 15 0
-5 89 15 0
-4 88 16 0
-5 89 16 0
-5 87 15 0
-5 87 16 0
-5 86 15 0
-5 86 16 0
-5 88 15 0
-6 89 15 0
-5 89 14 0
-6 87 15 0
-6 87 16 0
-6 87 14 0
-6 86 15 0
-5 86 14 0
-5 88 14 0
-6 88 15 0
-7 89 15 0
-6 88 14 0
-6 89 14 0
-7 87 15 0
-7 87 14 0
-20 91 27 0
-14 80 15 0
-14 81 14 0
-14 81 15 0
-41 74 7 3
-13 60 12 0
-31 53 10 1
-22 59 6 1
-21 57 6 1
-21 58 6 1
-31 52 11 1
-18 95 11 0
-34 68 11 1
-34 68 10 1
-35 68 12 1
-32 61 7 18
-49 69 4 3
-16 93 13 1
-26 83 9 1
-20 91 30 0
-26 83 10 1
-20 90 30 0
-17 92 11 1
-25 60 10 3
-25 60 11 2
-31 69 11 1
-32 70 12 1
-25 82 14 0
-39 86 10 1
-44 83 8 0
-44 83 9 0
-20 83 9 1
-32 83 9 1
-38 95 5 1
-21 82 14 0
-36 62 14 1
-24 91 24 2
-25 91 25 1
-10 54 5 1
-10 55 5 1
-10 56 5 1
-26 76 7 2
-25 75 6 1
-25 76 6 1
-25 77 6 1
-30 68 11 1
-18 73 11 1
-20 74 11 1
-20 74 12 1
-19 95 13 1
-40 52 7 1
-37 54 6 7
-41 79 11 1
-46 75 11 1
-47 76 11 1
-47 75 11 1
-17 63 12 0
-14 76 7 1
-14 75 6 1
-16 75 6 1
-33 54 16 1
-33 54 15 1
-13 51 10 2
-40 80 11 1
-26 78 7 1
-49 72 6 1
-49 72 8 1
-25 78 9 1
-14 89 8 1
-16 89 8 1
-26 51 16 0
-19 70 12 0
-41 76 11 1
-19 81 8 2
-15 87 12 0
-15 88 12 0
-17 87 11 0
-38 85 11 1
-37 85 11 1
-34 58 5 12
-34 59 5 2
-10 57 8 1
-10 57 7 1
-10 56 8 1
-10 56 7 1
-10 57 11 1
-11 57 11 1
-11 57 10 4
-12 57 11 3
-12 57 10 2
-10 55 8 0
-9 54 8 0
-14 84 13 0
-13 82 11 0
-13 82 13 0
-13 82 12 0
-14 82 11 0
-14 82 13 0
-14 82 12 0
-16 82 13 0
-16 82 12 1
-15 83 12 1
-16 84 13 0
-24 65 7 1
-25 66 7 1
-17 84 13 0
-17 84 15 0
-17 84 14 0
-19 83 12 0
-19 83 16 0
-21 85 13 0
-21 85 15 0
-19 90 11 1
-19 90 10 1
-19 89 12 1
-19 89 10 1
-10 70 13 1
-5 66 7 1
-5 65 7 1
-6 66 9 1
-6 66 7 1
-6 65 9 1
-6 65 8 1
-6 65 7 1
-6 64 7 1
-5 65 8 1
-13 55 8 1
-11 57 8 1
-11 57 7 1
-11 56 8 4
-11 56 7 1
-10 56 11 1
-10 56 10 2
-11 56 11 1
-11 56 10 8
-10 54 8 0
-5 65 10 1
-5 65 9 1
-1 66 10 2
-1 66 9 1
-1 66 8 1
-5 63 9 0
-1 64 10 1
-1 63 10 1
-2 64 10 1
-44 74 11 1
-48 58 6 1
-41 82 6 1
-33 57 8 1
-47 96 6 1
-8 57 11 1
-35 89 9 1
-39 90 6 3
-39 90 7 1
-39 90 8 1
-50 80 6 1
-40 89 6 6
-19 82 7 1
-20 82 7 1
-30 82 8 1
-30 80 9 0
-35 76 9 0
-36 77 10 0
-36 77 9 0
-38 79 7 1
-33 60 12 0
-35 82 8 1
-47 93 6 2
-49 93 8 0
-38 56 9 0
-44 52 3 40
-44 53 5 6
-49 96 4 1
-49 95 4 1
-49 94 4 1
-48 96 7 1
-6 78 11 0
-4 77 9 1
-3 77 9 1
-3 77 11 1
-3 78 10 1
-3 78 11 1
-3 79 9 1
-3 79 10 1
-3 79 11 4
-6 80 11 0
-36 50 4 1
-9 52 13 0
-10 52 13 0
-10 51 12 1
-10 51 13 0
-29 72 9 0
-31 63 5 1
-32 65 5 1
-32 64 5 1
-32 63 5 2
-31 64 6 4
-43 54 10 1
-40 55 13 2
-43 76 8 0
-46 52 7 1
-22 51 7 1
-23 50 14 0
-24 51 15 0
-50 66 5 1
-20 68 10 0
-5 66 15 0
-3 64 12 0
-27 67 12 0
-37 58 8 0
-37 58 4 1
-38 59 3 1
-29 55 17 1
-31 69 9 1
-39 60 12 1
-35 78 7 3
-2 96 16 0
-5 99 14 0
-5 99 16 0
-5 99 15 0
-4 98 15 0
-3 99 14 0
-3 99 16 0
-2 99 14 0
-46 90 4 1
-44 55 4 1
-16 85 13 0
-7 61 12 1
-9 59 8 1
-6 57 11 0
-14 85 12 0
-13 84 12 0
-15 61 12 1
-15 86 13 0
-15 86 14 0
-15 86 10 0
-28 52 12 1
-28 53 16 1
-9 59 7 1
-9 60 7 1
-9 61 7 1
-8 60 7 1
-8 61 7 1
-7 61 7 1
-6 58 7 1
-7 58 6 1
-7 59 6 1
-34 56 12 1
-36 61 14 1
-37 61 14 1
-38 61 14 1
-48 75 3 1
-48 75 4 1
-23 74 10 2
-23 74 9 1
-8 59 7 1
-7 60 7 1
-6 61 7 1
-34 93 7 3
-34 93 8 9
-39 96 7 1
-50 59 7 1
-48 72 7 1
-45 86 7 1
-45 86 8 1
-44 86 6 1
-44 86 7 1
-44 86 8 1
-43 86 6 1
-43 86 7 8
-43 86 8 10
-45 86 9 1
-44 86 9 1
-43 86 9 7
-42 87 7 3
-20 81 9 1000
-43 55 13 1
-43 55 14 1
-16 80 13 0
-17 65 15 0
-17 63 15 0
-17 62 15 0
-14 62 15 0
-15 61 15 0
-15 63 13 0
-17 65 14 0
-34 94 7 3
-32 96 11 1
-32 95 11 2
-32 94 11 1
-33 95 11 2
-36 96 10 1
-12 51 13 0
-12 50 13 0
-12 50 12 1
-11 52 14 0
-11 52 15 0
-11 52 10 5
-12 51 9 1
-24 87 13 0
-25 89 12 0
-11 60 14 1
-10 58 13 0
-10 59 13 1
-10 58 12 0
-10 59 12 0
-11 58 13 0
-11 58 12 0
-27 91 11 1
-27 91 12 1000
-27 91 13 2
-26 91 11 2
-26 91 12 3
-26 91 13 1
-25 90 11 1
-25 90 12 1
-25 90 13 1
-25 91 11 2
-25 91 12 2
-25 91 13 2
-26 90 14 1
-27 90 15 1
-27 91 14 1
-27 91 15 1
-26 90 15 1
-26 91 14 1
-26 91 15 1
-25 90 14 1
-25 90 15 1
-25 91 14 1
-25 91 15 1
-14 56 7 1
-16 57 8 0
-15 58 8 0
-21 53 12 0
-22 52 11 0
-23 53 11 0
-33 57 3 1
-26 52 14 1
-33 56 3 1
-37 59 5 1
-38 60 7 1
-36 78 10 1
-35 81 8 1
-36 80 8 4
-45 50 5 38
-10 81 6 1
-11 82 6 1
-11 81 6 1
-35 68 10 1
-35 68 11 1
-5 67 14 0
-36 50 13 1
-6 68 12 0
-23 88 18 0
-33 53 16 1
-32 53 15 2
-32 53 16 3
-34 50 17 1
-34 51 17 1
-48 58 2 1
-18 66 8 0
-27 74 8 0
-28 74 8 0
-28 76 8 0
-28 77 8 0
-9 59 10 1
-9 59 11 1
-9 60 11 2
-9 61 11 1
-5 59 10 0
-7 77 9 1
-42 50 5 1
-13 65 16 0
-15 66 16 0
-27 82 11 0
-27 82 12 0
-13 75 8 1
-29 80 11 0
-29 80 12 0
-29 80 10 0
-45 91 5 2
-44 89 5 1
-44 90 5 1
-44 91 5 1
-43 89 7 1
-42 89 7 2
-43 89 8 1
-42 89 8 1
-27 69 12 0
-27 65 12 0
-25 66 12 0
-27 67 13 0
-33 63 12 0
-10 50 10 1
-9 50 11 1
-25 84 13 0
-24 61 8 3
-24 62 8 3
-22 61 12 0
-16 60 11 1
-16 59 11 1
-17 59 11 1
-16 60 10 2
-20 50 15 0
-22 50 14 0
-21 50 14 0
-18 50 14 0
-19 50 14 0
-20 52 14 0
-20 52 16 0
-20 52 15 0
-18 51 14 0
-19 51 14 0
-20 50 14 0
-21 51 13 0
-21 51 14 0
-20 51 14 0
-22 52 13 0
-22 52 14 0
-21 53 14 0
-19 54 16 0
-19 54 15 0
-21 52 14 0
-20 53 14 0
-21 54 14 0
-19 55 16 0
-19 55 15 0
-20 54 14 0
-20 55 13 0
-18 55 14 0
-19 57 16 0
-29 65 10 5
-37 53 12 1
-1 96 14 0
-3 95 14 0
-38 62 10 1
-40 74 11 1
-40 74 10 5
-40 75 9 1
-40 75 8 2
-17 73 11 2
-16 72 9 1000
-14 66 11 1
-13 66 11 1
-16 73 9 1000
-45 75 13 1
-45 75 10 0
-15 84 14 0
-15 70 13 0
-15 70 12 0
-14 71 12 0
-39 75 11 1
-48 71 4 2
-14 65 18 0
-48 71 5 1
-18 67 14 0
-21 67 14 0
-18 68 14 0
-18 69 14 0
-20 70 15 0
-19 69 14 0
-18 70 13 0
-21 72 10 0
-22 73 10 0
-23 72 11 0
-20 75 13 0
-21 73 10 0
-22 74 13 0
-21 73 15 0
-21 75 13 0
-20 74 14 0
-19 73 13 0
-20 71 14 0
-21 74 14 0
-20 74 13 0
-21 72 15 0
-23 72 14 0
-23 72 13 0
-22 73 14 0
-20 73 14 0
-19 72 14 0
-21 71 15 0
-21 71 14 0
-20 70 14 0
-23 71 14 0
-21 73 14 0
-20 72 13 0
-21 70 15 0
-20 69 15 0
-20 69 14 0
-18 69 13 0
-20 68 15 0
-20 68 14 0
-21 69 13 0
-19 69 13 0
-18 68 13 0
-20 67 14 0
-22 67 13 0
-19 67 13 0
-20 66 14 0
-21 67 13 0
-19 64 14 0
-19 66 13 0
-18 50 8 0
-14 74 12 0
-14 74 13 0
-14 75 11 1
-14 76 10 1
-23 79 12 1
-24 80 10 7
-26 75 10 1
-18 60 14 0
-18 62 13 0
-20 80 14 0
-20 80 15 0
-39 61 4 1
-39 62 4 1
-31 54 9 1
-3 67 12 0
-6 69 12 0
-24 61 10 2
-10 59 9 1
-40 51 3 5
-9 67 11 1
-8 65 11 3
-8 66 11 2
-6 66 12 0
-5 66 13 0
-5 65 13 0
-5 66 14 0
-5 65 12 0
-3 66 13 0
-3 66 14 0
-36 54 6 2
-36 54 7 7
-35 54 5 1
-35 54 6 1
-35 54 7 1
-36 57 7 1
-36 76 9 0
-21 79 15 0
-20 80 13 0
-49 79 8 1
-19 83 13 0
-22 56 7 5
-19 80 14 0
-19 80 13 0
-41 76 6 1
-18 82 15 0
-18 82 13 0
-20 83 14 0
-19 83 15 0
-20 83 13 0
-20 84 14 0
-20 84 15 0
-20 84 13 0
-22 82 15 0
-19 81 15 0
-20 82 16 0
-14 59 11 1
-32 66 10 1
-9 54 13 0
-9 53 12 1
-7 76 8 1
-8 77 8 1
-39 52 5 33
-21 91 28 0
-22 91 28 0
-23 91 28 0
-24 91 29 0
-22 90 29 0
-22 90 28 0
-22 91 30 0
-23 81 11 1
-23 81 12 1
-22 80 10 3
-34 54 8 1
-37 93 5 1
-38 93 5 1
-23 58 11 0
-23 58 10 1
-37 92 6 1
-37 92 10 0
-37 92 9 0
-39 92 10 1
-39 91 10 1
-40 93 10 1
-39 92 8 5
-37 95 6 1
-38 62 7 1
-37 55 3 1
-25 80 10 5
-25 80 9 1
-38 95 6 1
-39 95 6 1
-38 64 5 1
-38 64 6 1
-37 77 8 1
-39 76 8 0
-36 79 9 1
-36 76 6 1
-37 76 6 1
-38 78 6 1
-39 54 3 3
-30 71 10 1
-30 70 12 1
-30 70 11 1
-30 70 10 1
-31 71 12 2
-32 71 12 1
-32 71 11 1
-32 71 10 1
-30 69 12 0
-30 69 11 0
-29 67 12 0
-30 67 11 1
-28 64 11 2
-28 65 9 1000
-27 66 10 1
-49 55 2 1
-50 55 6 3
-50 55 5 5
-50 55 4 1001
-49 57 5 3
-49 55 5 4
-49 55 4 2
-49 55 3 1
-18 62 8 0
-10 79 10 0
-16 62 9 1
-5 76 13 0
-4 76 13 0
-2 76 11 1
-2 76 12 2
-21 83 9 1
-23 53 9 1
-33 53 13 1
-32 62 14 1
-34 52 14 1
-31 53 14 14
-15 85 9 1
-39 82 11 1
-5 75 9 1
-5 75 8 1
-6 75 10 1
-41 81 11 1
-24 65 8 1
-49 96 7 1
-49 97 5 1
-49 97 6 1
-43 85 10 1
-43 84 10 1
-43 84 9 1
-44 85 10 1
-44 84 10 2
-44 84 9 4
-44 84 8 7
-44 84 7 1
-44 84 6 1
-44 86 5 1
-45 87 5 1
-45 86 5 1
-40 86 8 0
-12 83 7 1
-44 50 6 1
-35 52 9 1
-35 51 9 1
-37 54 2 1
-38 54 2 1
-41 51 17 1
-32 66 11 1
-42 50 6 0
-16 57 9 1
-17 54 6 1
-33 55 8 1
-33 79 9 0
-28 66 12 0
-17 59 9 1
-17 59 8 0
-45 92 5 1
-44 92 5 1
-41 58 5 1
-41 58 6 1
-41 58 7 1
-41 59 5 1
-48 57 7 1
-27 72 11 0
-40 58 7 3
-32 53 14 1
-30 73 10 0
-23 80 10 2
-23 81 10 2
-22 80 11 1
-22 81 10 1
-22 81 11 1
-22 81 12 1
-25 79 12 0
-25 79 11 1
-25 76 12 0
-25 76 11 1
-23 77 14 0
-30 63 14 1
-30 63 13 1
-30 62 14 1
-44 51 2 10
-44 91 4 1
-43 52 2 4
-2 98 11 1
-3 98 11 1
-4 98 11 1
-3 97 12 2
-3 97 17 0
-48 50 3 1
-37 85 10 1
-20 91 29 0
-39 85 11 1
-48 80 8 8
-16 61 5 1
-22 50 12 0
-22 50 13 0
-48 81 11 1
-48 81 10 3
-39 90 10 0
-38 90 10 0
-48 81 8 4
-8 61 8 1
-50 75 8 1
-49 78 6 1
-22 80 8 1
-30 65 8 1000
-38 80 10 1
-38 81 8 1
-46 54 3 2
-39 57 3 1
-39 56 3 2
-40 57 3 3
-40 57 2 1
-21 57 7 3
-22 57 7 4
-45 85 9 1
-14 65 10 1
-14 64 10 2
-13 65 11 2
-7 53 7 0
-7 53 8 0
-9 51 11 1
-41 56 11 1
-41 56 10 3
-38 54 11 1
-10 73 11 1
-38 99 10 1
-38 99 9 1
-38 99 8 1
-39 99 10 1
-39 99 9 1
-39 99 8 1
-39 98 10 1
-39 97 10 1
-37 99 12 1
-19 92 11 1
-25 61 11 2
-26 59 12 1
-26 60 12 1
-26 61 12 1
-25 61 12 3
-26 61 8 1
-23 77 6 1
-23 78 6 1
-23 79 6 1
-19 77 9 1
-12 53 14 0
-24 78 8 0
-7 52 10 1
-7 51 10 3
-50 75 6 1
-24 60 10 1
-8 52 10 3
-20 72 12 1
-25 58 11 1
-20 72 10 1
-41 76 9 1
-40 77 10 8
-27 80 11 0
-17 91 15 0
-17 90 15 0
-15 63 11 1000
-15 63 10 256
-15 63 9 1
-19 67 6 1
-29 75 10 0
-27 74 10 0
-44 74 7 2
-10 66 13 2
-15 85 14 0
-15 85 15 0
-17 77 9 1
-50 76 6 1
-16 56 5 1
-21 66 9 2
-19 58 13 0
-35 54 9 1
-35 55 9 1
-43 51 6 1
-43 52 6 5
-37 64 8 1
-19 71 9 1
-19 71 11 2
-37 85 9 1
-36 82 10 1
-3 64 11 0
-4 64 12 0
-4 64 13 0
-23 50 6 1
-45 96 37 0
-36 50 16 1
-33 66 10 1
-21 89 23 0
-46 73 5 1
-30 65 11 1
-36 61 11 1
-36 61 12 1
-11 86 13 0
-11 87 12 0
-11 87 13 0
-16 85 9 1
-27 81 9 0
-28 82 10 1
-37 63 9 1
-37 61 7 1
-36 62 6 1
-20 79 9 1
-21 79 9 1
-26 64 10 0
-24 64 12 0
-24 64 7 3
-25 63 6 1
-25 64 6 1
-25 65 6 1
-22 66 8 1
-14 54 13 0
-46 80 8 0
-13 54 13 0
-13 55 12 0
-13 55 13 0
-29 66 11 1
-27 64 9 1
-26 64 8 2
-29 69 8 1
-29 69 9 1
-29 69 10 2
-50 75 9 1
-4 57 10 0
-4 57 9 0
-3 58 11 0
-40 51 13 0
-16 75 10 1
-15 74 10 1000
-15 75 10 1000
-29 74 10 0
-30 74 11 0
-33 72 10 1
-50 60 7 1
-41 76 8 0
-50 66 4 1
-24 79 12 0
-40 95 8 1
-18 67 9 1000
-10 62 10 1
-10 63 10 1
-10 63 11 0
-9 63 10 1
-9 63 11 1
-44 98 39 0
-17 53 11 0
-17 52 12 0
-36 82 8 1
-42 56 11 1
-42 56 10 1
-36 54 11 3
-21 94 17 0
-23 68 10 1
-19 93 17 0
-18 93 17 0
-24 89 28 0
-23 88 28 0
-19 94 18 0
-19 94 15 0
-19 94 14 0
-5 59 6 1
-24 51 10 1
-42 56 12 1
-25 51 9 1
-32 62 5 2
-14 70 12 0
-5 68 12 0
-7 72 9 2
-7 72 8 1
-36 57 12 0
-33 67 7 1
-33 67 6 1
-50 58 6 1
-32 67 7 1
-32 66 9 1
-32 66 8 1
-30 69 10 1
-30 69 9 2
-30 69 8 1
-22 62 8 1
-13 50 12 1
-15 50 13 0
-38 62 14 1
-41 79 8 1
-41 79 9 1
-41 80 7 1
-21 97 11 1
-28 81 9 1
-28 82 9 1
-30 82 10 1
-46 91 8 0
-45 54 6 1
-11 57 12 0
-8 58 14 1
-13 57 6 1
-14 59 6 1
-49 94 37 0
-16 61 9 1
-16 61 8 0
-41 53 6 1
-41 52 6 1
-49 76 12 1
-49 77 12 2
-48 75 12 1
-24 52 15 0
-43 53 8 1
-20 55 7 5
-47 56 6 1
-31 61 5 2
-31 62 5 4
-30 61 5 1
-22 60 11 0
-22 60 9 1
-23 59 10 1
-41 50 12 0
-40 50 12 0
-24 79 9 1
-28 51 15 1000
-28 52 15 1
-17 53 4 1
-17 52 4 1
-18 53 4 1
-23 67 7 1
-35 97 9 1
-49 77 9 1
-46 75 7 1
-19 81 13 0
-20 81 15 0
-19 81 14 0
-22 81 16 0
-22 81 15 0
-22 83 13 0
-22 83 14 0
-47 83 11 1
-47 84 10 1
-47 84 11 1
-45 81 8 1
-47 90 10 2
-49 78 9 1
-22 51 5 1
-36 50 3 1
-40 55 8 0
-42 51 9 0
-21 74 9 0
-21 74 10 0
-21 74 13 0
-22 72 11 0
-42 51 10 0
-50 57 5 1
-50 58 5 1
-38 57 6 0
-38 60 4 1
-3 50 11 0
-23 63 11 1
-6 75 9 1
-22 62 11 1
-43 55 10 1
-24 82 14 0
-5 75 10 1
-17 50 14 0
-23 52 9 1
-23 52 8 1
-20 51 8 1
-32 61 14 1
-46 54 1 1
-46 53 1 1
-46 52 1 1
-48 52 1 1
-45 51 5 1
-47 50 4 2
-47 50 3 6
-14 86 9 0
-13 82 9 0
-13 82 10 0
-14 84 11 0
-15 83 6 1
-15 84 6 1
-15 85 6 1
-7 54 9 1
-6 55 10 0
-6 54 9 0
-16 66 17 0
-17 65 16 0
-16 65 17 0
-31 92 10 1
-44 51 9 1
-23 61 11 1
-23 61 9 1
-35 97 11 0
-36 98 5 1
-38 98 10 1
-39 97 11 1
-25 51 6 1
-24 51 6 1
-23 51 6 1
-39 53 3 1
-39 53 4 2
-24 51 13 0
-23 89 26 0
-24 89 26 0
-22 89 26 0
-23 88 26 0
-22 87 27 0
-22 88 26 0
-7 56 8 0
-8 57 8 0
-10 59 10 1
-14 70 8 1
-8 58 11 1
-9 57 8 0
-8 54 8 0
-25 90 24 1
-27 69 11 1
-9 56 6 1
-10 57 5 1
-9 57 5 1
-8 55 5 1
-8 56 5 1
-8 57 5 1
-41 87 7 1
-41 87 8 1
-44 87 5 1
-43 87 5 1
-42 87 5 1
-40 88 7 1
-43 90 10 1
-43 91 8 10
-7 57 8 0
-8 58 9 0
-8 58 8 0
-11 58 8 1
-11 58 7 1
-11 59 7 1
-11 59 8 1
-10 59 7 1
-7 54 11 1
-7 55 8 0
-34 77 6 1
-16 74 13 1
-16 74 12 1
-18 59 4 1
-5 58 6 1
-49 50 6 1
-7 81 9 1
-21 60 7 1
-18 64 6 1
-22 90 24 0
-19 63 6 2
-17 98 10 1
-17 89 10 1
-34 61 10 1
-20 65 11 1
-20 65 10 1
-20 65 9 1
-21 65 11 1
-33 58 9 1
-32 58 9 1
-40 89 9 0
-39 89 10 0
-39 91 11 0
-11 51 10 1
-10 53 10 3
-10 53 11 1
-14 54 12 1
-16 53 12 0
-16 53 13 0
-16 52 12 0
-16 52 13 0
-15 51 12 0
-16 50 12 0
-15 51 13 0
-30 56 15 1
-14 68 7 1
-14 69 7 1
-14 70 7 1
-31 55 12 1
-31 56 12 1
-22 99 16 0
-22 99 17 0
-4 75 8 1
-4 75 9 1
-4 75 10 5
-22 81 14 0
-22 79 13 0
-22 79 14 0
-21 80 13 0
-21 80 14 0
-50 57 3 7
-50 57 2 1
-42 54 5 9
-42 54 4 6
-42 54 3 3
-46 51 4 1
-28 63 13 1
-32 60 5 12
-5 71 13 0
-30 64 13 1
-30 64 14 1
-31 64 12 1
-32 64 13 0
-33 64 13 0
-34 64 13 0
-39 60 14 1
-33 72 11 1
-34 61 12 0
-30 51 7 1
-16 68 10 1
-15 66 12 0
-10 71 13 1
-14 68 10 5
-14 68 15 0
-14 68 14 0
-14 66 13 0
-16 68 13 0
-14 69 10 3
-47 91 5 2
-14 69 14 0
-16 69 13 0
-45 73 3 1
-45 73 4 1
-45 73 5 1
-10 80 12 0
-41 54 2 1
-40 53 3 2
-30 52 7 1
-50 93 37 0
-50 95 38 0
-50 95 37 0
-33 54 17 1
-32 54 15 1
-32 54 16 1
-32 54 17 1
-31 54 15 9
-37 80 12 1
-38 81 12 1
-38 81 11 1
-31 61 9 5
-31 61 8 11
-29 79 9 0
-29 80 9 0
-43 73 11 1
-11 70 11 1
-14 61 10 1
-36 62 10 1
-11 82 7 1
-35 81 9 1
-49 91 6 1
-9 55 8 0
-9 56 8 0
-13 57 11 1
-9 53 8 0
-19 52 5 1
-19 51 5 1
-10 54 7 1
-10 55 7 1
-40 59 13 1
-15 63 12 0
-48 76 3 1
-45 77 9 1000
-13 87 12 0
-48 81 6 1
-49 77 11 1
-50 76 12 1
-50 77 12 1
-20 68 12 0
-23 67 11 1
-23 69 10 1
-7 78 8 1
-20 94 32 0
-20 94 33 0
-20 95 32 0
-20 95 33 0
-19 94 32 0
-31 82 11 1
-3 62 11 0
-29 98 12 0
-23 94 34 0
-28 96 10 1
-46 50 8 1
-19 81 9 1000
-20 96 11 1
-33 59 13 0
-18 98 9 1
-21 93 12 1
-21 94 10 1
-30 65 4 1
-30 64 4 1
-17 93 11 1
-42 54 6 13
-42 55 7 13
-42 55 8 6
-43 55 8 1
-18 96 9 1
-17 97 10 1
-16 97 12 1
-16 97 11 1
-16 97 10 1
-50 60 6 1
-26 50 10 1
-32 52 15 11
-22 96 32 0
-22 96 33 0
-22 97 32 0
-22 97 33 0
-37 81 10 1
-30 94 11 1
-30 93 13 1
-30 93 12 1
-30 93 11 1
-11 61 12 0
-12 63 14 0
-12 63 10 4
-12 62 9 1
-11 62 9 1
-45 54 7 1
-46 52 8 1
-28 51 17 0
-36 65 10 1
-36 65 11 1
-35 64 11 1
-35 65 11 1
-39 54 9 1
-38 54 9 4
-37 54 9 10
-17 58 8 0
-16 59 7 0
-16 59 8 0
-34 69 14 1
-29 67 13 0
-29 66 13 0
-29 66 12 0
-31 65 14 0
-50 73 7 2
-50 73 6 1
-50 72 8 1
-31 66 12 0
-44 53 1 1
-46 55 6 1
-46 54 6 1
-47 87 6 1
-47 87 8 1
-46 87 6 1
-23 51 10 1
-23 51 9 1
-23 51 8 1
-23 50 10 1
-47 94 7 3
-13 84 13 0
-45 75 12 1
-45 76 12 1
-45 77 12 1
-46 76 7 3
-47 75 6 1
-3 71 12 1
-3 74 12 1
-2 73 12 1
-2 74 12 1
-6 72 12 0
-1 68 9 1
-1 68 10 1
-1 68 11 1
-2 96 15 0
-2 78 14 0
-2 96 14 0
-1 97 15 0
-29 66 9 9
-26 97 11 1
-29 76 10 1
-29 77 9 1
-25 76 7 1
-26 66 7 1
-26 64 7 1
-47 96 36 0
-25 81 11 1
-47 96 39 0
-47 98 38 0
-47 98 37 0
-45 96 38 0
-27 66 8 1
-49 76 3 1
-12 80 11 0
-15 63 19 0
-17 94 16 0
-22 63 8 2
-15 62 8 0
-35 65 8 2
-7 86 12 0
-8 87 12 0
-9 87 12 0
-9 88 12 0
-10 87 13 0
-16 84 8 0
-10 87 12 0
-15 83 10 1
-15 83 9 1
-11 86 14 0
-10 86 12 0
-15 83 8 3
-6 62 12 0
-20 92 31 0
-38 53 6 1
-40 54 5 1
-21 91 30 0
-48 57 3 1
-48 57 2 1
-48 56 4 3
-48 56 3 2
-24 50 7 2
-30 99 14 0
-34 61 6 0
-25 99 14 1
-21 56 13 0
-30 50 7 1
-29 69 11 0
-39 51 4 4
-19 82 13 0
-26 51 14 1
-15 57 11 1
-15 57 10 23
-17 59 13 0
-36 60 8 0
-32 60 3 1
-21 92 10 1
-31 52 18 1
-21 97 12 1
-21 98 10 1
-18 95 14 1
-17 95 13 1
-42 57 9 1
-41 57 9 2
-1 94 10 1
-2 94 10 1
-3 94 10 1
-2 93 11 1
-2 93 16 0
-4 93 13 0
-4 93 15 0
-4 93 14 0
-4 95 13 1
-4 94 15 0
-4 95 14 0
-2 95 13 0
-2 95 15 0
-2 95 14 0
-1 95 13 0
-1 94 15 0
-1 95 14 0
-38 62 12 1
-38 62 13 1
-37 62 11 1
-37 62 12 1
-46 75 4 1
-46 75 3 1
-13 85 9 0
-41 90 10 1
-41 91 9 10
-41 91 10 1
-44 91 9 1
-45 91 10 1
-46 88 10 1
-46 89 10 1
-42 50 10 1
-36 53 6 1
-36 53 7 1
-18 52 9 0
-25 52 16 0
-24 50 14 0
-35 64 6 1
-18 55 9 1
-18 55 8 1
-18 55 7 4
-18 54 9 1
-18 54 8 1
-18 54 7 2
-19 55 9 1
-19 55 8 1
-19 55 7 1
-33 63 10 1
-6 73 13 0
-6 73 14 0
-6 73 12 0
-5 73 13 0
-44 79 9 1
-44 79 8 1
-44 79 7 1
-44 78 9 10
-44 78 8 11
-44 78 7 1
-16 52 7 0
-31 51 17 6
-32 52 18 1
-48 54 7 1
-47 56 7 1
-47 53 7 1
-46 53 7 1
-46 54 7 1
-36 96 6 2
-36 97 6 1
-36 97 7 3
-36 97 8 11
-35 96 7 1
-35 97 6 2
-35 97 7 1
-35 97 8 1
-40 95 7 1
-9 61 10 1
-37 62 13 1
-29 77 10 1
-15 52 11 1
-36 66 8 1
-6 54 11 0
-5 53 10 0
-48 53 5 1003
-19 88 14 0
-15 89 9 2
-15 90 9 1
-13 89 12 0
-14 89 11 0
-18 87 16 0
-30 65 7 1
-27 64 10 1
-35 61 2 1
-35 62 2 1
-34 60 2 1
-36 65 6 1
-36 65 7 1
-33 79 11 0
-20 82 14 0
-20 82 15 0
-20 82 13 0
-21 83 14 0
-21 83 15 0
-21 83 13 0
-23 82 15 0
-21 82 15 0
-21 82 16 0
-18 83 14 0
-18 83 15 0
-18 83 13 0
-1 74 13 1
-3 75 13 0
-4 78 13 0
-2 78 13 1
-2 78 11 1
-3 78 13 1
-1 77 13 1
-1 77 12 2
-1 77 11 1
-1 76 13 1
-1 76 12 1
-1 76 11 1
-1 75 13 1
-1 75 12 1
-1 75 11 1
-3 76 13 1
-33 54 10 1
-21 51 12 0
-15 65 10 1
-45 93 9 2
-25 51 8 1
-31 55 17 1
-39 77 10 3
-3 67 13 0
-36 60 11 1
-37 61 13 2
-37 61 12 3
-37 61 11 2
-38 61 13 1
-24 98 13 1
-24 98 12 1
-25 98 14 1
-4 76 14 0
-3 74 13 0
-4 77 13 0
-1 79 13 1
-49 76 10 0
-49 74 7 1
-32 62 9 3
-31 60 9 1
-30 60 7 1
-30 60 8 1
-12 52 7 1
-7 77 10 0
-7 77 11 0
-5 75 13 0
-5 75 12 0
-7 75 13 0
-8 75 12 0
-33 65 8 3
-34 62 6 0
-20 62 9 6
-5 78 12 1
-33 67 14 1
-40 51 5 1000
-24 78 11 2
-4 77 10 2
-4 76 10 2
-4 77 11 3
-33 51 10 7
-9 59 9 1
-6 61 9 0
-4 62 9 0
-3 61 9 0
-4 73 12 0
-3 59 7 1
-4 59 7 4
-5 59 7 3
-4 60 8 4
-27 69 8 1
-27 69 9 1
-27 64 7 1
-27 65 7 2
-46 55 4 1
-46 55 3 1
-46 54 5 4
-16 51 10 0
-17 52 10 0
-18 53 10 0
-20 52 11 0
-20 52 10 0
-20 51 11 0
-20 51 12 0
-1 79 12 3
-1 79 11 1
-1 78 13 1
-1 78 12 4
-1 78 11 1
-2 79 13 1
-2 79 12 4
-2 79 11 1
-2 78 12 1
-20 64 8 1
-20 63 8 1
-31 68 7 2
-8 76 12 0
-6 77 11 0
-6 77 12 0
-31 67 7 1
-13 58 8 2
-35 63 11 1
-43 57 4 1
-24 66 6 1
-35 54 10 1
-35 55 10 1
-31 66 7 1
-50 50 6 1
-15 65 13 0
-14 67 15 0
-20 69 10 0
-22 85 17 0
-21 85 16 0
-15 62 11 1
-15 61 10 1
-16 56 8 0
-15 54 7 0
-16 54 7 0
-15 54 9 1
-15 54 8 0
-35 68 9 1
-11 60 10 4
-39 57 13 5
-40 54 11 0
-43 53 14 1
-34 59 6 1
-34 59 7 1
-34 67 12 1
-32 64 12 0
-28 65 14 1
-28 64 14 1
-3 91 10 1
-14 50 8 0
-16 51 7 0
-15 51 8 0
-43 87 10 1
-43 88 10 1
-41 85 8 0
-38 87 9 3
-38 87 10 2
-38 88 10 1
-37 86 9 1
-37 86 10 1
-37 87 9 3
-37 87 10 2
-37 88 9 4
-37 88 10 1
-10 83 9 1
-19 78 12 1
-6 76 13 0
-6 76 11 0
-7 77 13 0
-7 77 14 0
-21 62 10 1
-10 64 13 0
-10 64 12 1000
-21 51 11 0
-7 83 11 1
-30 53 14 1
-30 53 13 1
-30 53 12 1
-4 50 13 0
-26 50 11 0
-29 81 9 1
-29 81 10 0
-17 65 13 0
-19 86 18 0
-48 92 7 1
-47 92 7 0
-48 92 8 0
-47 92 8 0
-34 89 8 1
-41 94 10 1
-29 99 8 1
-29 99 10 1
-29 98 11 1
-29 98 10 1
-29 98 9 1
-5 76 9 1
-16 57 13 0
-19 92 28 0
-20 93 29 0
-20 93 28 0
-21 99 33 0
-20 92 28 0
-21 98 33 0
-14 63 10 1
-22 99 33 0
-22 99 32 0
-22 98 33 0
-22 98 32 0
-29 92 14 1
-30 92 14 1
-36 67 10 1
-49 58 6 1
-48 57 6 1
-18 62 12 0
-16 60 12 0
-16 80 9 1
-16 80 8 2
-16 80 7 1
-48 93 4 1
-23 62 9 7
-35 57 6 10
-22 94 29 0
-15 53 12 0
-7 51 9 1
-4 64 14 0
-38 98 8 1
-10 84 11 0
-34 66 11 1
-6 50 11 1
-39 98 8 1
-38 98 9 3
-7 50 11 2
-7 50 10 2
-28 65 10 1
-28 65 8 4
-25 51 13 1
-38 61 8 3
-39 62 7 1
-39 62 6 1
-39 61 7 1
-38 57 7 0
-39 57 7 0
-24 63 8 1
-20 60 8 1000
-30 95 11 0
-30 95 13 0
-29 95 13 0
-30 96 12 1
-29 95 12 0
-26 96 13 1
-26 96 12 1
-26 96 11 1
-28 96 11 1
-23 88 20 0
-24 88 20 0
-14 72 14 0
-16 72 13 1
-13 67 12 0
-13 68 13 0
-13 67 13 0
-12 68 12 0
-12 68 13 0
-13 69 14 0
-20 94 10 1
-14 68 9 1
-18 92 13 1
-14 70 9 1
-13 68 9 1
-13 70 9 1
-12 68 9 1
-25 74 10 4
-25 74 9 1
-35 50 15 1
-35 51 15 1
-38 53 2 1
-39 55 9 0
-39 56 9 0
-42 57 10 1
-15 81 10 1
-15 81 9 1
-15 80 11 1
-21 87 21 0
-15 80 9 1
-21 82 8 1
-16 83 8 3
-17 83 6 1
-17 82 6 1
-18 83 6 1
-18 82 6 1
-18 81 6 1
-19 83 6 1
-19 82 6 1
-19 81 6 1
-9 64 10 1
-10 65 10 1
-10 64 10 1
-10 65 11 4
-11 65 13 1
-9 64 13 1
-20 50 13 0
-20 51 13 0
-22 86 20 0
-34 89 10 1
-15 65 11 1
-40 86 11 1
-46 79 6 1
-45 79 6 1
-44 79 6 1
-48 77 8 0
-48 78 8 0
-50 98 7 1
-50 98 6 1
-50 97 8 1
-50 97 7 1
-16 63 8 0
-16 63 10 6
-17 64 11 1
-16 63 11 1000
-16 64 9 1
-16 64 10 1
-19 90 16 0
-32 59 10 1
-14 54 10 5
-14 54 11 1
-21 58 7 3
-48 77 9 0
-49 76 8 1
-23 74 11 1
-22 74 12 0
-23 74 12 0
-49 76 9 0
-48 75 8 1
-27 72 6 1
-30 63 12 1
-47 52 2 1
-30 83 10 1
-26 64 11 1
-31 80 10 0
-19 83 14 0
-30 68 6 1
-29 68 6 1
-14 67 10 4
-49 99 38 1
-48 98 37 1
-19 88 16 0
-13 76 13 0
-20 88 15 0
-13 77 12 0
-10 85 9 1
-14 76 13 0
-23 56 7 1
-23 56 6 1
-50 98 38 1
-50 98 37 2
-50 98 36 1
-21 89 26 0
-22 90 25 0
-20 88 27 0
-21 89 27 0
-20 85 18 0
-21 86 20 0
-21 85 19 0
-21 85 18 0
-21 89 19 0
-21 89 18 0
-19 87 19 0
-19 87 18 0
-19 86 19 0
-24 84 11 0
-24 84 13 0
-24 84 12 0
-24 83 13 0
-21 86 19 0
-26 83 13 0
-26 83 12 0
-25 83 13 0
-20 90 24 0
-25 82 12 0
-23 83 11 0
-23 83 13 0
-23 83 12 0
-25 64 9 1
-24 62 7 1
-25 62 7 1
-25 61 7 1
-26 62 7 1
-34 50 9 14
-35 50 9 4
-1 70 11 1
-1 70 10 1
-1 70 9 1
-1 69 10 1
-14 66 9 1
-13 67 10 4
-12 67 9 1
-13 67 9 1
-40 94 9 1
-39 94 9 5
-13 62 9 1
-13 63 8 1
-13 63 9 1
-4 56 9 0
-5 55 10 0
-47 71 5 1
-33 67 10 4
-32 67 10 1
-34 67 6 1
-32 64 7 1
-33 64 7 2
-33 62 8 1000
-46 95 37 0
-30 61 14 1
-25 66 11 0
-19 56 10 0
-17 65 11 1
-38 60 5 4
-38 61 7 2
-37 61 5 1
-37 62 7 1
-36 62 5 1
-22 68 12 0
-31 53 11 1
-21 65 14 0
-21 65 13 0
-23 66 13 0
-21 66 13 0
-26 75 9 0
-39 91 5 1
-39 91 6 2
-39 91 7 5
-43 84 5 1
-23 65 8 1
-23 64 9 1
-13 79 9 0
-13 78 9 0
-14 79 9 1
-14 79 8 1
-14 78 9 1
-14 78 8 1
-15 81 7 1
-15 78 9 2
-15 78 8 1
-2 64 11 0
-13 80 9 0
-14 81 9 0
-14 80 9 0
-5 63 13 0
-5 62 13 0
-6 62 13 0
-6 65 11 0
-6 61 13 0
-6 60 13 1
-22 67 11 1
-22 67 10 1
-18 97 11 1
-5 72 13 0
-5 72 11 0
-5 72 12 0
-5 72 15 0
-21 59 13 0
-36 62 13 2
-39 60 13 1
-38 79 11 1
-20 68 13 0
-14 56 9 1
-14 56 10 1
-14 56 11 1
-17 58 13 0
-19 53 12 0
-19 54 12 0
-17 54 13 0
-17 65 10 5
-22 51 12 0
-30 61 4 1
-30 62 4 1
-35 66 5 1
-34 66 5 1
-23 74 13 0
-36 50 11 2
-36 50 12 1
-50 52 4 7
-23 55 6 1
-23 54 7 1
-23 54 6 1
-26 93 10 1
-26 94 10 1
-21 62 9 5
-35 63 14 1
-38 63 10 1
-38 63 11 1
-31 76 9 1
-32 77 11 1
-32 77 10 2
-32 76 11 1
-36 79 8 1
-36 78 8 1
-40 53 13 0
-39 52 12 1
-39 52 14 0
-5 69 12 0
-5 69 15 0
-3 68 12 0
-4 68 14 0
-4 59 10 0
-13 64 10 2
-13 64 9 1
-4 70 10 1
-3 69 8 1
-3 70 8 1
-8 62 9 1
-3 70 10 12
-5 69 10 1
-6 68 9 2
-6 68 10 1
-6 69 8 1
-6 69 9 4
-6 69 10 1
-5 69 9 10
-16 92 14 1
-15 90 11 0
-15 90 12 0
-16 90 11 0
-16 90 12 1000
-18 90 11 1
-18 90 12 0
-23 94 33 0
-23 95 32 0
-23 95 33 0
-34 55 13 1
-50 96 11 1
-50 97 11 1
-49 96 11 1
-49 97 11 1
-2 75 10 1
-6 74 11 0
-33 98 5 1
-6 70 8 1
-6 70 9 5
-6 70 10 1
-6 68 11 0
-4 68 12 0
-44 53 2 1
-44 52 2 2
-22 78 10 1
-23 77 8 0
-31 63 10 2
-31 63 9 1002
-17 62 5 1
-16 60 5 1
-32 96 8 1
-32 96 9 1
-33 95 9 4
-33 96 10 1
-32 96 10 1
-33 95 7 1
-33 96 7 1
-11 66 14 1
-34 96 9 0
-11 67 14 1
-31 83 10 1
-31 83 11 1
-32 63 9 1002
-12 67 11 1
-24 70 11 1
-24 70 10 1
-24 70 9 1
-23 71 10 1
-21 71 12 0
-36 86 5 1
-37 88 5 1
-37 87 5 1
-26 95 10 1
-29 96 11 1
-30 95 10 1
-30 96 10 1
-33 63 9 1000
-29 96 10 1
-29 97 10 1
-44 76 8 0
-27 98 14 1
-45 77 8 1
-29 67 8 16
-30 67 7 3
-5 74 14 0
-4 99 16 0
-4 99 12 1
-28 95 14 1
-28 96 13 3
-28 96 14 1
-27 95 14 1
-27 96 14 1
-15 63 20 0
-15 63 21 0
-17 63 17 0
-17 62 17 0
-14 62 17 0
-15 61 17 0
-8 51 11 1
-8 51 10 3
-3 72 13 0
-3 72 12 1
-8 99 15 1
-48 97 37 0
-40 58 5 4
-18 86 16 0
-17 87 16 0
-18 88 17 0
-18 88 13 0
-25 72 10 1
-25 72 9 1
-40 56 7 1
-39 55 7 0
-21 81 9 1
-21 81 10 7
-21 81 11 1
-13 71 9 1
-13 72 9 1
-17 59 12 0
-17 57 10 0
-21 55 8 7
-34 67 10 2
-14 66 16 0
-50 57 8 1
-50 56 8 1
-50 55 8 1
-34 66 10 3
-40 58 13 1
-40 58 14 1
-19 72 10 1
-39 57 11 3
-38 58 14 1
-45 84 9 1
-45 85 7 1
-45 85 8 1
-48 69 3 1
-49 69 5 1
-33 66 5 1
-15 74 13 0
-15 74 12 0
-16 75 11 1
-49 92 6 1
-49 93 4 1
-39 52 15 1
-39 50 16 1
-8 81 11 0
-7 81 11 0
-8 81 10 0
-11 65 10 1
-11 64 11 0
-11 64 10 0
-46 78 6 1
-13 57 9 1
-13 58 7 1
-11 65 14 1
-21 66 10 2
-48 90 12 1
-36 90 6 1
-36 76 10 0
-18 84 14 0
-36 90 8 1
-36 91 6 1
-49 95 10 1
-50 94 10 0
-48 91 11 1
-49 93 11 0
-3 73 8 1
-18 71 12 1
-4 74 12 0
-3 75 12 2
-50 90 12 1
-50 91 12 1
-49 91 12 1
-50 94 11 0
-49 95 8 1
-47 77 9 0
-46 76 8 1
-50 98 11 1
-19 54 14 0
-41 99 39 0
-24 88 21 0
-23 86 22 0
-22 87 21 0
-13 85 7 1
-14 86 6 1
-13 86 6 1
-12 86 6 1
-10 85 11 0
-9 85 9 1
-9 84 8 1
-23 94 32 0
-33 66 13 1
-30 70 9 1
-31 71 9 1
-32 71 9 1
-30 71 13 1
-32 51 15 17
-15 66 17 0
-15 64 17 0
-16 63 17 0
-14 64 17 0
-13 63 17 0
-17 65 17 0
-15 65 19 0
-20 88 28 0
-20 89 28 0
-20 89 29 0
-15 64 11 485
-20 86 20 0
-31 52 10 1
-19 63 8 1
-13 64 18 0
-14 66 18 0
-15 59 10 1
-19 61 10 1
-22 88 19 0
-21 88 19 0
-22 89 19 0
-23 89 19 0
-23 88 19 0
-24 88 19 0
-22 87 19 0
-23 86 19 0
-22 86 19 0
-21 87 19 0
-20 86 19 0
-22 88 18 0
-20 87 19 0
-20 87 20 0
-23 87 19 0
-24 87 19 0
-23 87 20 0
-22 85 19 0
-22 87 18 0
-16 70 13 0
-14 70 14 0
-14 70 15 0
-14 70 10 4
-23 88 24 0
-24 88 24 0
-24 88 23 0
-22 88 24 0
-23 87 23 0
-22 86 24 0
-22 86 25 0
-22 86 23 0
-20 87 23 0
-22 88 23 0
-31 77 11 1
-30 76 9 1
-30 76 11 1
-30 77 11 1
-41 77 9 1000
-41 77 10 2
-27 78 11 0
-48 96 8 1
-45 73 7 1
-45 73 8 1
-45 73 9 1
-46 52 2 5
-31 65 5 1
-31 66 5 1
-32 62 7 1
-27 61 7 1
-19 65 9 1
-19 64 11 0
-39 98 9 1
-48 69 4 1
-48 69 5 1
-48 71 6 1
-10 52 11 1
-10 52 10 1
-10 51 11 2
-11 53 10 3
-37 51 6 2
-11 84 9 4
-12 83 9 0
-14 86 10 0
-12 85 9 0
-13 85 6 1
-13 84 6 1
-13 83 6 1
-14 85 6 1
-22 59 8 1
-22 59 9 1
-48 77 6 1
-48 76 6 1
-8 78 12 0
-47 76 7 4
-9 79 12 0
-41 55 4 8
-39 54 6 1
-39 55 3 11
-40 56 2 1
-38 56 5 0
-42 53 8 1
-40 53 2 1
-39 53 2 1
-18 82 9 1000
-18 82 10 4
-30 72 9 1
-33 71 10 1
-47 89 7 6
-47 89 8 7
-38 50 14 1
-28 73 9 0
-20 57 6 1
-27 73 6 1
-1 62 10 1
-1 65 8 1
-1 65 9 1
-1 65 10 1
-33 64 9 0
-20 51 7 6
-16 71 7 1
-15 70 7 1
-15 71 6 1
-12 72 12 0
-2 63 10 1
-3 64 10 0
-4 65 10 1
-3 65 10 1
-2 65 10 1
-5 63 10 0
-20 91 17 0
-20 91 15 0
-19 89 17 0
-17 89 17 0
-18 91 17 0
-21 85 20 0
-18 91 14 0
-16 92 16 0
-16 92 15 0
-22 85 20 0
-17 93 17 0
-17 93 15 0
-18 94 16 0
-21 89 20 0
-17 53 12 0
-15 53 11 2
-21 76 12 0
-17 83 12 1
-17 82 13 0
-17 82 12 1
-9 57 10 3
-9 56 12 1
-9 56 11 1
-26 98 10 1
-26 99 10 1
-9 55 10 4
-8 56 11 1
-49 74 8 1
-43 57 6 1
-39 51 13 0
-39 52 17 1
-39 52 16 1
-33 57 7 1
-20 65 8 1
-21 65 8 1
-42 58 6 1
-42 58 7 1
-42 56 4 1
-32 54 11 1
-32 54 12 1
-38 60 12 1
-22 76 10 1
-41 53 2 1
-38 76 9 0
-23 50 13 0
-28 68 10 1000
-28 68 9 5
-25 65 8 1
-38 75 11 1
-32 65 12 0
-1 83 12 1
-1 82 11 1
-2 83 11 1
-1 82 12 2
-29 53 14 1
-15 91 9 1
-42 91 6 1
-1 80 14 0
-43 91 7 15
-27 52 10 1
-27 53 10 1
-41 75 7 2
-21 59 6 1
-31 62 11 3
-31 63 11 3
-31 64 11 1
-30 62 11 1
-30 63 11 4
-31 62 7 9
-31 63 7 2
-24 66 11 0
-36 92 5 1
-36 91 5 1
-35 56 5 10
-37 58 7 0
-21 61 9 6
-21 61 11 1
-21 60 10 1
-9 54 5 1
-9 55 5 1
-9 56 5 1
-38 56 8 0
-39 55 2 1
-41 55 6 12
-42 58 8 1
-19 58 6 1
-18 57 7 3
-18 57 9 1
-42 57 8 1
-42 55 13 1
-18 78 9 2
-15 83 7 1
-12 81 12 0
-29 73 6 1
-28 71 6 1
-15 55 7 0
-15 55 9 1
-15 55 8 0
-16 79 14 0
-29 63 14 1
-39 74 7 1
-30 55 16 1
-20 57 11 0
-21 95 31 0
-25 86 9 1
-24 85 9 1
-24 86 9 1
-20 84 10 1
-3 61 10 0
-19 84 9 1
-19 84 10 1
-19 84 11 1
-18 84 9 1
-14 62 14 0
-36 89 9 3
-37 89 10 1
-36 89 8 5
-15 54 12 1
-29 51 17 1
-30 53 17 1
-19 92 13 1
-19 92 12 1
-28 65 11 1
-16 70 11 1
-18 69 12 0
-4 70 13 0
-22 55 6 1
-17 50 8 0
-17 50 7 0
-18 52 10 0
-18 52 5 1
-23 50 7 4
-18 97 13 1
-22 60 10 1
-39 94 6 1
-40 94 8 1
-40 94 7 1
-22 59 12 0
-25 60 8 1
-20 85 16 0
-34 93 6 1
-35 93 6 1
-35 92 7 3
-33 91 7 1
-45 51 7 2
-21 66 11 1
-23 66 10 1
-24 65 11 0
-25 64 10 0
-25 64 11 0
-22 61 8 1
-7 66 10 1
-8 67 10 1
-8 66 10 1
-37 56 3 1
-9 71 12 1
-11 71 10 1
-15 50 6 0
-48 68 4 1
-1 84 14 0
-1 84 13 0
-3 57 10 0
-42 54 12 2
-37 76 7 1
-36 77 8 1
-31 51 12 5
-2 63 11 0
-3 63 11 0
-3 63 13 0
-3 63 12 0
-8 80 12 0
-16 55 4 1
-50 77 10 1
-16 57 7 0
-15 58 7 0
-16 58 8 0
-15 62 9 1
-16 62 10 3
-16 61 11 1
-16 62 11 1
-15 62 10 3
-16 63 9 1
-17 64 9 1
-36 66 11 1
-18 63 13 0
-18 64 13 0
-19 64 12 0
-19 64 13 0
-19 62 13 0
-19 63 14 0
-14 75 12 0
-15 75 11 1
-34 59 13 0
-26 53 13 1
-26 52 13 1
-14 62 11 1
-14 62 10 1
-14 62 9 1
-42 89 5 1
-4 70 12 0
-38 91 5 1
-43 98 35 0
-43 98 36 0
-43 98 39 0
-37 90 5 1
-14 53 9 1
-14 52 9 1
-41 98 37 0
-32 73 9 1
-31 73 9 1
-15 88 8 1
-13 52 10 11
-16 88 8 1
-10 84 8 1
-34 81 8 1
-15 85 10 0
-30 55 14 1
-29 65 11 1
-21 64 13 0
-29 65 8 1003
-27 62 12 1
-24 63 13 0
-31 62 3 1
-18 66 13 0
-18 50 7 0
-4 63 12 0
-6 63 11 0
-6 63 13 0
-34 61 11 0
-35 61 12 0
-35 61 11 0
-9 51 13 0
-12 52 12 0
-9 52 9 1
-9 51 9 1
-9 50 9 1
-43 72 8 1
-43 72 7 1
-44 76 9 0
-44 75 8 0
-36 56 12 1
-43 75 8 0
-42 76 8 0
-47 55 6 1
-47 54 6 3
-44 75 10 0
-43 75 10 0
-42 77 11 1
-42 78 11 1
-19 64 9 0
-18 63 10 0
-19 64 10 0
-45 74 8 1
-21 52 13 0
-23 52 12 0
-22 52 12 0
-22 53 12 0
-17 81 14 0
-30 91 14 1
-34 79 9 0
-33 78 9 0
-29 92 13 1
-32 77 9 1
-35 60 13 0
-35 62 11 0
-35 62 13 0
-30 92 11 1
-35 63 13 0
-35 63 12 0
-34 63 13 0
-34 64 12 0
-46 51 9 1
-46 50 9 1
-26 79 9 0
-26 79 10 0
-26 79 13 0
-15 72 13 0
-13 71 12 0
-13 71 13 0
-13 71 11 0
-12 71 12 0
-12 72 13 0
-11 71 11 1
-12 70 10 1
-25 77 13 0
-22 77 13 0
-21 76 13 0
-23 74 14 0
-37 90 8 1
-22 56 8 3
-36 58 6 0
-50 80 4 1
-50 80 3 1
-32 53 9 1
-40 54 2 1
-3 61 11 0
-3 61 12 0
-16 55 9 1
-45 80 12 1
-28 52 10 1
-16 85 12 1
-16 83 12 1
-16 83 13 0
-42 84 10 1
-14 84 12 0
-14 83 12 0
-15 86 11 1
-34 61 3 2
-36 67 9 1
-39 78 9 7
-39 78 8 9
-14 82 7 1
-33 62 11 0
-32 67 9 1
-32 54 8 1
-50 94 8 0
-50 90 8 1
-50 89 9 1
-50 90 9 1
-49 89 9 1
-49 90 9 3
-50 91 7 2
-50 92 8 1
-48 94 8 0
-47 95 5 1
-38 62 8 1
-19 94 8 1
-25 83 9 1
-19 74 7 1
-19 73 7 1
-19 72 7 1
-20 74 7 1
-20 73 7 1
-20 72 7 1
-15 51 9 1
-23 63 12 0
-23 63 7 2
-32 61 4 1
-10 80 11 0
-34 57 9 1
-10 85 10 1
-27 80 12 0
-27 80 13 0
-27 80 10 0
-27 80 9 1
-25 51 11 1
-25 52 11 1
-16 61 10 2
-32 69 10 5
-31 70 13 1
-31 69 13 1
-32 70 13 1
-32 69 13 2
-33 70 13 1
-33 69 13 1
-35 53 9 1
-29 62 8 1
-29 62 9 1
-29 62 10 1
-19 62 12 0
-19 70 13 0
-40 61 5 1
-40 61 6 1
-13 63 16 0
-33 50 7 1
-34 51 7 1
-33 54 9 1
-33 54 8 1
-31 67 13 0
-31 70 9 1
-29 70 12 0
-29 70 10 1
-34 62 14 0
-24 79 7 1
-23 77 7 1
-21 79 11 1
-43 51 3 2
-2 61 10 0
-3 63 7 1
-3 62 7 1
-3 61 7 1
-37 91 8 0
-27 68 10 3
-27 68 9 6
-8 84 10 1
-39 51 6 1
-22 53 10 1
-40 52 8 1
-45 51 9 1
-45 50 10 1
-44 50 5 1
-44 50 3 1
-23 65 6 1
-24 65 6 1
-23 64 7 6
-45 95 8 1
-18 68 6 1
-18 68 7 1
-18 69 7 1
-17 68 6 1
-17 54 4 1
-17 69 7 2
-18 53 5 1
-13 80 14 0
-13 81 14 0
-5 58 9 0
-3 60 6 1
-3 59 6 1
-3 58 6 1
-26 74 11 1
-26 74 8 0
-26 78 8 0
-26 78 9 0
-17 66 9 1
-43 81 11 1
-6 58 6 1
-43 83 8 1000
-46 83 8 6
-45 50 4 1
-45 51 3 1
-32 60 11 1
-46 74 3 1
-46 74 4 1
-46 74 5 1
-16 81 9 1
-16 82 7 1
-28 82 8 1
-28 81 8 1
-19 59 10 1
-47 81 7 1
-46 81 9 0
-43 81 9 2
-24 51 11 0
-23 50 11 0
-44 82 10 0
-45 81 4 1
-44 81 4 1
-44 82 4 1
-44 83 4 1
-43 81 4 1
-43 82 4 1
-43 83 4 1
-44 82 8 0
-42 82 9 1
-49 81 9 1
-49 82 7 1
-49 82 8 1
-49 82 9 1
-11 81 11 0
-48 89 6 1
-47 69 5 1
-50 68 6 1
-10 74 11 1
-10 74 12 1
-13 75 13 0
-40 90 7 1
-42 90 5 1
-46 91 4 1
-46 92 4 1
-14 53 10 1
-13 64 8 1
-5 60 10 0
-19 67 10 1
-17 58 7 0
-8 54 11 2
-8 53 11 1
-9 55 9 1
-14 57 8 1
-35 90 8 2
-36 79 10 1
-41 78 11 1
-40 76 11 1
-40 78 10 2
-36 90 5 1
-38 91 7 1
-42 87 8 1
-38 91 8 1
-39 92 9 4
-39 92 6 2
-45 79 8 11
-38 90 9 0
-39 52 9 29
-49 67 5 1
-34 51 15 2
-21 82 10 4
-4 58 11 0
-39 50 3 36
-5 70 13 0
-37 80 11 1
-38 81 10 1
-38 81 9 1
-29 54 13 1
-29 54 14 2
-29 55 13 1
-38 60 8 5
-39 59 9 1
-39 50 17 1
-40 50 17 1
-35 50 16 1
-30 91 15 1
-34 60 10 1
-30 92 15 1
-7 50 14 0
-32 97 9 0
-34 97 5 1
-35 97 5 1
-36 97 5 1
-35 96 10 0
-34 93 11 1
-35 93 11 1
-36 93 11 1
-35 93 10 4
-38 61 12 1
-38 61 11 1
-36 58 11 0
-39 86 7 3
-39 85 6 1
-39 85 8 3
-38 86 6 1
-38 86 7 2
-44 51 3 1
-44 51 5 1
-12 78 10 0
-12 79 10 0
-19 53 14 0
-40 59 4 1
-37 79 6 1
-37 78 6 1
-37 77 6 1
-43 57 8 1
-36 64 4 1
-37 64 4 1
-38 64 4 1
-17 62 14 0
-24 62 11 1
-48 94 4 1
-6 69 14 0
-6 75 13 0
-49 75 12 1
-16 59 9 1
-33 50 14 36
-38 98 38 0
-38 98 37 0
-34 50 13 2
-40 77 6 1
-36 81 8 1
-16 54 8 0
-42 56 7 2
-44 92 6 1
-44 94 9 1
-44 86 10 1
-45 86 10 1
-44 93 9 1
-44 93 8 1
-44 93 7 1
-45 91 7 1
-38 84 7 1
-38 84 6 1
-39 84 8 1
-39 84 7 1
-39 84 6 1
-39 85 7 4
-41 86 8 0
-16 54 4 1
-16 53 4 1
-17 55 4 1
-18 55 4 1
-17 54 5 1
-17 54 10 0
-17 54 9 0
-21 53 7 3
-20 54 7 2
-18 57 6 1
-19 57 8 2
-42 54 15 1
-43 55 15 1
-16 90 9 1
-16 89 9 1
-49 51 2 1
-36 65 8 1
-38 99 38 0
-36 66 9 1
-36 66 10 1
-36 63 6 1
-19 70 6 1
-6 70 12 0
-7 69 13 0
-7 69 14 0
-7 69 12 0
-42 52 7 0
-20 79 7 1
-24 63 9 1
-29 78 6 1
-20 98 10 1
-20 97 12 1
-20 97 11 2
-20 97 10 1
-20 98 12 1
-21 98 11 0
-20 85 15 0
-37 63 11 2
-34 62 13 0
-34 62 12 0
-33 62 13 0
-33 62 12 0
-8 53 10 3
-8 80 10 0
-8 80 11 0
-9 79 10 0
-6 56 9 0
-24 58 11 1
-25 58 13 1
-25 59 13 1
-30 68 7 1
-29 67 7 1
-29 68 7 1
-29 65 9 1007
-26 68 12 0
-25 69 12 0
-23 67 12 0
-26 67 12 0
-26 65 12 0
-19 59 9 1
-19 59 8 1
-41 52 13 0
-31 59 7 1
-31 59 6 1
-32 59 8 1
-32 59 7 1
-42 51 14 0
-42 51 12 0
-46 52 6 1
-45 52 6 1
-26 77 9 0
-24 76 8 0
-35 64 10 2
-23 75 10 1
-34 95 10 2
-34 94 12 1
-34 95 12 1
-32 95 12 1
-34 94 8 3
-29 54 18 1
-29 55 16 1
-35 66 8 1
-34 65 9 8
-25 86 12 0
-10 83 8 1
-17 63 13 0
-38 94 6 1
-35 95 8 0
-3 84 10 1
-3 85 10 1
-2 84 10 1
-5 56 5 1
-5 57 5 1
-5 58 5 1
-4 56 5 1
-4 57 5 1
-4 58 5 1
-13 86 13 0
-13 86 12 0
-33 73 10 1
-33 73 11 1
-18 78 8 1
-19 77 8 1
-17 78 10 1
-17 78 9 1
-17 78 8 1
-17 77 10 1
-38 58 7 0
-37 57 6 0
-37 57 7 0
-36 55 6 11
-37 54 5 11
-29 51 15 0
-34 54 14 1
-34 54 15 1
-34 54 16 1
-25 51 10 1
-41 50 2 2
-41 51 3 16
-49 54 7 1
-34 51 16 1
-40 52 3 38
-48 94 7 1
-48 94 6 1
-34 81 9 1
-18 52 12 0
-16 67 13 0
-13 52 11 1
-13 51 11 1
-14 51 10 3
-14 50 10 2
-11 66 13 1
-10 65 13 19
-41 86 5 1
-42 86 5 1
-41 87 6 5
-41 87 9 0
-38 86 10 3
-38 85 10 1
-38 85 9 1
-38 84 10 1
-38 84 9 1
-39 85 10 3
-39 84 10 1
-47 95 11 1
-46 95 9 1
-46 95 10 1
-46 95 11 1
-45 95 9 1
-16 69 11 2
-16 69 10 5
-14 53 11 3
-14 52 11 4
-14 64 18 0
-14 66 17 0
-16 65 18 0
-16 64 18 0
-15 62 18 0
-14 63 17 0
-2 71 12 1
-33 64 5 1
-33 65 5 1
-40 98 38 0
-41 99 37 0
-21 71 13 0
-22 71 12 0
-22 72 12 0
-22 71 13 0
-23 70 12 0
-23 71 12 0
-23 71 11 0
-24 70 12 0
-24 70 13 0
-23 68 13 0
-21 68 13 0
-22 70 14 0
-22 70 10 1
-22 70 9 1
-22 71 9 1
-21 70 9 1
-21 72 13 0
-17 88 17 0
-23 72 12 0
-24 73 12 0
-24 72 13 0
-24 71 12 0
-24 71 13 0
-22 69 13 0
-22 69 11 0
-17 56 13 0
-16 55 10 1
-21 70 13 0
-22 71 14 0
-22 71 10 1
-22 72 9 1
-21 72 9 1
-21 73 13 0
-23 75 13 0
-24 74 12 0
-23 73 12 0
-24 74 13 0
-48 95 38 0
-24 73 13 0
-23 73 13 0
-23 73 14 0
-32 83 10 1
-28 80 8 1
-29 81 8 1
-31 96 11 0
-30 96 13 0
-31 96 12 0
-30 97 13 0
-29 96 13 0
-30 97 12 0
-25 99 12 1
-20 64 12 0
-16 51 13 0
-39 50 7 0
-12 86 12 0
-12 86 13 0
-12 87 12 0
-12 87 13 0
-11 86 12 0
-21 87 18 0
-20 87 18 0
-46 95 6 1
-50 95 39 0
-12 82 11 0
-39 80 9 1
-39 80 8 1
-39 80 7 1
-49 97 36 2
-50 96 38 0
-49 95 38 0
-48 95 37 0
-49 95 37 0
-49 93 38 0
-49 93 37 0
-49 96 38 0
-49 96 37 0
-8 55 12 1
-8 56 12 1
-19 66 12 0
-17 66 12 0
-43 93 8 1
-18 67 12 0
-43 91 10 1
-43 92 9 2
-45 89 7 2
-30 76 10 1
-44 94 8 1
-44 94 7 1
-50 76 13 1
-47 78 10 0
-8 63 12 1
-8 63 11 1
-37 60 3 1
-10 60 10 1
-48 56 6 1
-44 92 11 1
-21 73 11 0
-21 67 11 1
-20 53 12 0
-8 63 13 1
-9 63 15 1
-9 63 14 1
-15 72 9 1
-10 63 15 1
-11 59 10 2
-20 62 10 1
-22 65 10 6
-9 62 15 1
-10 62 15 1
-4 66 12 0
-5 77 12 0
-23 61 6 1
-10 61 10 1
-8 61 15 1
-9 61 15 1
-10 61 15 1
-23 88 17 0
-23 87 17 0
-8 60 15 1
-9 60 15 1
-9 59 15 1
-10 60 15 1
-22 92 27 0
-11 57 14 0
-13 57 13 0
-41 50 5 1
-11 56 14 0
-13 56 13 0
-13 57 12 0
-12 56 13 0
-13 56 12 0
-11 56 13 0
-12 56 12 0
-36 79 6 1
-49 74 9 0
-47 81 11 1
-50 58 2 1
-40 56 9 1
-19 63 11 0
-13 57 8 1
-13 57 7 1
-14 58 8 1
-2 83 12 0
-19 70 9 1
-20 71 11 1
-20 71 9 1
-13 64 19 0
-25 89 22 1
-27 50 10 1
-33 64 8 1
-32 66 7 1
-16 54 11 1
-4 82 13 0
-2 82 11 3
-1 82 13 1
-41 91 7 16
-20 92 15 0
-20 92 17 0
-19 92 16 0
-20 93 15 0
-20 93 17 0
-20 94 16 0
-19 93 16 0
-18 94 15 0
-31 79 13 0
-31 79 12 0
-30 77 12 0
-30 78 11 0
-22 51 10 1
-21 51 8 1
-42 50 4 1
-30 64 8 3
-34 56 8 1
-36 56 5 5
-35 57 5 14
-36 58 8 0
-25 81 14 0
-25 81 13 0
-27 79 15 0
-42 76 11 1
-37 76 10 0
-36 76 11 1
-48 58 7 1
-49 57 7 1
-39 76 10 1
-37 55 7 36
-37 55 6 14
-14 82 6 1
-33 52 10 1
-33 52 11 1
-43 56 11 1
-43 56 10 1
-38 55 10 1000
-38 55 9 1000
-44 91 10 1
-44 92 10 1
-44 93 10 1
-45 92 7 6
-44 91 6 1
-50 90 10 1
-49 91 10 3
-44 87 6 2
-44 87 7 10
-44 87 8 5
-46 87 9 1
-45 87 9 1
-44 87 9 5
-44 88 9 6
-44 88 6 1
-43 88 7 1
-44 88 8 10
-44 88 7 17
-45 90 9 1
-45 90 6 1
-46 89 5 1
-46 91 5 3
-45 89 5 1
-45 90 5 1
-11 83 8 2
-16 71 6 1
-17 71 6 1
-16 72 7 2
-17 74 6 1
-17 73 6 1
-17 72 6 1
-14 74 6 1
-15 75 6 1
-15 51 14 0
-15 73 6 1
-16 74 6 1
-16 73 6 1
-15 72 10 1
-34 92 11 1
-13 73 9 1
-14 73 9 1
-14 73 10 1
-16 77 8 1
-15 74 7 3
-16 74 7 1
-15 75 8 2
-15 73 10 0
-17 75 9 0
-14 74 9 1
-14 74 10 1
-14 75 7 1
-15 76 8 7
-13 75 9 1
-13 75 10 1
-15 74 9 1000
-40 79 11 1
-17 76 8 1
-18 76 8 1
-14 78 7 1
-17 76 9 3
-18 76 9 1
-14 76 9 0
-37 97 10 1
-15 75 9 1
-33 50 9 7
-16 75 9 1
-15 77 8 2
-13 76 10 0
-43 76 10 0
-49 72 7 1
-17 70 10 6
-15 76 10 1000
-15 76 9 1
-16 76 10 1
-16 76 9 1
-41 85 9 0
-20 98 11 1
-15 78 7 1
-13 78 10 0
-15 77 11 1
-15 77 10 1000
-15 77 9 1
-16 77 11 1
-16 77 10 1
-16 77 9 1
-15 78 10 1000
-16 78 10 1
-17 80 12 1
-13 79 10 0
-14 80 7 1
-15 79 10 5
-13 80 10 0
-14 81 7 1
-13 81 10 0
-13 81 9 0
-14 81 10 0
-13 82 6 1
-34 52 10 1
-15 82 6 1
-9 83 9 1
-9 83 8 1
-13 85 8 0
-13 87 10 0
-10 87 11 0
-11 85 14 0
-12 84 13 0
-12 85 13 0
-12 87 11 0
-15 82 8 3
-15 81 8 3
-11 87 11 0
-9 87 11 0
-9 85 11 0
-10 84 13 0
-10 84 12 0
-11 85 13 0
-15 82 10 1
-27 99 10 1
-26 98 11 1
-27 97 14 2
-9 86 12 0
-9 86 15 0
-8 85 12 0
-23 80 9 1
-23 81 9 1
-9 84 14 0
-47 95 38 0
-11 85 12 0
-10 85 12 0
-11 84 13 0
-23 57 7 1
-44 54 2 1
-47 50 5 4
-28 95 11 1
-27 93 11 1
-28 93 11 2
-26 77 11 0
-2 64 8 1
-2 65 7 1
-2 65 8 1
-2 65 9 6
-3 61 8 2
-2 60 7 1
-20 64 7 2
-20 64 6 1
-20 63 7 3
-34 58 12 0
-35 58 12 0
-38 59 13 3
-42 77 10 1
-42 79 9 1
-42 79 8 1
-23 62 6 1
-22 61 7 2
-41 50 1 1
-41 51 1 1
-41 52 1 1
-42 55 6 10
-39 58 4 4
-40 57 4 6
-21 83 8 1
-40 57 8 6
-15 87 10 0
-42 90 10 1
-42 91 9 4
-42 91 10 1
-42 92 9 1
-42 92 10 2
-42 90 6 1
-46 92 10 1
-22 99 15 0
-19 99 15 0
-34 80 10 0
-17 69 12 1
-41 54 9 2
-22 83 7 1
-22 83 8 1
-27 64 12 1
-29 65 13 0
-34 59 3 1
-38 61 6 4
-28 96 12 3
-39 61 5 1
-39 61 6 1
-29 97 11 2
-29 97 12 1
-29 97 13 1
-28 97 11 1
-28 97 12 1
-28 97 13 1
-12 79 14 0
-2 68 10 1
-1 65 11 1
-1 66 11 1
-39 94 7 2
-32 62 11 1
-33 79 12 0
-32 80 12 0
-31 80 12 0
-31 81 11 0
-30 80 12 0
-1 67 11 1
-2 66 11 1
-3 68 11 1
-2 67 11 1
-17 90 12 0
-30 52 9 1
-30 52 8 1
-31 52 9 1
-11 68 13 0
-11 68 12 0
-13 72 10 0
-2 84 17 0
-37 87 6 4
-37 87 7 3
-37 87 8 3
-18 59 8 0
-18 59 9 0
-35 58 9 1
-30 53 15 1
-22 81 8 1
-22 81 9 1
-21 80 8 3
-21 81 8 1
-23 80 8 1
-22 79 8 2
-23 80 7 1
-22 80 7 1
-23 51 13 0
-44 50 4 1000
-18 72 12 1
-18 72 11 1
-18 72 10 1
-30 78 9 1
-31 77 8 1
-31 77 9 1
-31 77 10 3
-21 66 8 1
-22 68 14 0
-21 69 9 1
-20 70 13 0
-15 77 12 0
-12 76 12 0
-13 77 11 0
-14 78 13 0
-14 78 14 0
-13 76 11 0
-5 52 9 0
-16 89 12 0
-47 89 4 1
-16 89 11 0
-45 89 9 3
-16 70 9 1
-16 70 10 6
-14 51 13 0
-15 50 12 0
-14 51 12 0
-15 52 13 0
-23 66 12 0
-39 52 2 1
-42 52 8 1
-47 78 8 0
-3 59 8 0
-5 61 9 0
-5 60 8 0
-6 60 8 0
-6 57 8 0
-5 57 8 0
-4 57 8 0
-5 59 11 0
-6 60 6 1
-45 77 11 1
-45 78 11 1
-44 76 11 1
-44 77 11 1
-44 78 11 1
-46 76 6 1
-46 77 6 1
-36 51 11 2
-2 61 8 3
-2 61 7 1
-2 62 7 1
-2 62 8 4
-2 62 9 1
-1 60 7 1
-1 61 7 1
-14 61 11 1
-41 57 4 2
-41 58 4 1
-41 59 4 1
-39 56 6 0
-40 56 6 0
-39 56 7 0
-41 59 6 1
-41 59 7 1
-9 52 12 0
-24 81 12 1
-10 72 13 1
-39 80 10 1
-40 80 10 1
-47 79 12 2
-30 79 10 0
-18 86 15 0
-17 86 14 0
-16 88 12 0
-50 54 7 1
-28 72 11 0
-19 93 29 0
-32 93 8 1
-32 93 7 1
-48 88 6 1
-23 68 9 1
-47 82 10 1
-48 81 9 3
-29 86 10 1
-29 85 10 1
-28 86 11 1
-28 86 13 0
-42 92 6 1
-24 87 17 0
-23 86 17 0
-27 83 13 0
-27 83 11 0
-25 83 14 0
-9 67 13 1
-33 78 10 0
-16 76 12 0
-39 82 10 1
-22 89 29 0
-5 73 14 0
-45 55 6 1
-50 59 5 1
-24 81 9 1
-40 88 6 3
-32 94 10 1
-32 93 10 1
-33 95 10 5
-32 95 9 2
-32 95 8 1
-22 93 28 0
-22 93 29 0
-21 92 28 0
-27 66 6 1
-27 65 6 1
-27 64 6 1
-26 65 7 4
-27 63 7 1
-27 62 7 1
-28 64 7 1
-28 63 7 1
-28 62 7 1
-29 99 9 1
-29 99 11 1
-34 98 10 0
-14 85 13 0
-14 85 14 0
-30 50 9 1
-30 50 8 1
-33 54 13 1
-25 50 11 0
-41 74 9 2
-45 51 10 1
-22 50 7 1
-10 82 7 2
-32 54 13 1
-37 57 12 0
-36 57 11 0
-33 64 3 1
-32 62 3 1
-43 55 4 1
-15 61 14 0
-11 80 13 0
-24 58 13 1
-25 60 13 2
-45 83 8 1
-45 83 7 1
-20 63 12 0
-20 63 13 0
-22 65 13 0
-24 64 13 0
-50 76 5 1
-7 99 16 1
-6 99 14 6
-6 99 15 4
-6 99 16 2
-7 99 17 1
-6 99 17 1
-7 99 13 1
-6 99 13 3
-4 95 17 1
-4 96 16 0
-4 98 17 0
-4 98 12 1
-5 97 11 1
-5 98 11 1
-5 99 11 1
-4 99 11 1
-3 99 11 1
-50 95 35 0
-50 95 36 0
-49 98 38 1
-49 98 37 7
-49 98 36 1
-49 97 37 1
-31 69 8 1
-17 74 12 1
-5 87 14 0
-5 87 17 0
-5 85 14 0
-5 85 15 0
-6 86 14 0
-7 86 15 0
-11 86 10 0
-13 87 9 0
-11 83 9 0
-11 83 10 0
-13 85 11 0
-50 80 2 1
-27 67 9 1
-49 77 8 1
-49 78 8 2
-32 80 6 1
-24 79 11 1
-50 56 5 6
-41 59 10 1
-15 67 10 1
-35 57 8 1
-35 57 7 8
-40 79 8 3
-41 79 7 1
-20 97 15 0
-20 97 14 0
-19 99 16 0
-19 99 17 0
-20 83 16 0
-18 81 13 0
-11 52 11 4
-17 67 10 3
-19 61 9 1
-18 54 4 1
-16 52 9 0
-20 85 14 0
-18 84 13 0
-18 84 15 0
-26 61 13 1
-14 65 13 0
-14 65 12 1
-15 67 13 0
-15 67 12 0
-9 68 10 1
-9 67 10 1
-9 66 10 1
-10 68 10 1
-10 82 6 1
-37 52 3 1
-35 53 4 1
-33 91 10 1
-34 93 10 1
-33 93 9 1
-33 93 8 1
-33 93 7 1
-33 92 9 1
-33 92 8 1
-33 92 7 1
-27 67 10 1
-28 68 7 1
-28 69 7 1
-28 69 8 1
-37 90 9 0
-41 89 9 0
-40 89 10 0
-39 88 10 0
-37 88 11 1
-38 87 12 1
-37 87 11 1
-37 87 12 1
-37 88 12 1
-41 80 6 1
-41 79 6 1
-41 78 6 1
-40 79 7 1
-40 80 9 1
-40 80 8 1
-40 80 7 1
-25 71 10 1
-9 52 7 1
-7 50 8 0
-30 62 12 1
-21 54 11 0
-20 54 11 0
-22 57 11 0
-24 57 10 0
-23 58 9 1
-2 81 12 1000
-2 81 11 1
-31 56 15 1
-21 53 10 1
-38 78 11 1
-37 79 10 3
-37 79 9 7
-34 82 10 1
-34 82 9 1
-34 82 8 1
-34 81 10 1
-3 81 11 1
-3 79 14 0
-40 51 12 0
-7 98 16 1
-6 98 15 2
-6 98 16 3
-40 56 3 2
-24 59 9 2
-43 82 10 1
-43 82 7 1
-2 77 13 1
-2 77 12 2
-37 80 10 3
-22 66 10 3
-22 66 11 1
-36 64 7 1
-18 82 14 0
-32 60 12 0
-22 66 14 0
-21 68 12 0
-26 72 11 1
-50 51 6 1
-3 82 13 0
-3 82 12 0
-2 83 13 0
-19 50 10 0
-2 80 15 0
-5 70 15 0
-16 95 11 1
-33 51 16 12
-27 66 7 1
-32 51 16 1000
-32 52 16 12
-26 65 8 1
-34 77 10 0
-34 77 9 1
-34 79 10 0
-38 80 7 1
-30 66 8 2
-30 66 9 10
-30 66 10 1
-29 67 10 2
-5 70 12 0
-34 62 10 1
-28 50 11 1
-35 88 6 1
-35 88 7 1
-35 88 8 1
-35 89 6 1
-50 74 6 5
-8 50 7 0
-8 50 8 0
-19 54 8 2
-18 52 7 1
-31 78 6 1
-30 78 6 1
-9 81 12 0
-29 77 11 0
-21 97 33 0
-30 79 12 0
-6 94 12 1
-27 79 13 0
-29 81 12 0
-29 81 13 0
-30 80 13 0
-30 78 13 0
-29 77 12 0
-29 77 13 0
-28 78 12 0
-27 78 13 0
-29 79 13 0
-29 79 14 0
-27 81 13 0
-28 80 13 0
-28 81 13 0
-9 72 10 1
-35 56 6 11
-36 56 8 1
-35 55 4 1
-35 54 4 1
-36 55 4 1
-9 72 11 1
-9 72 12 1
-9 73 10 1
-5 58 11 0
-5 56 10 0
-15 50 11 0
-13 50 11 2
-13 50 10 2
-19 58 10 1
-9 73 11 1
-49 73 6 1
-17 67 13 0
-17 67 14 0
-19 66 14 0
-19 65 14 0
-15 73 11 1
-18 66 14 0
-19 67 14 0
-19 67 15 0
-16 68 11 1
-16 68 12 1
-13 70 11 0
-12 70 12 0
-50 71 5 1
-50 71 4 8
-26 50 16 0
-9 69 10 1
-16 88 10 1
-9 69 12 1
-17 66 13 0
-17 66 14 0
-20 64 14 0
-18 65 13 0
-17 64 13 0
-18 65 14 0
-17 64 14 0
-19 66 15 0
-17 73 10 2
-17 73 9 1
-17 72 9 1
-18 73 9 1
-17 72 10 4
-45 76 13 1
-45 77 13 1
-23 67 10 1
-16 95 10 1
-4 69 14 0
-10 56 13 0
-9 57 13 0
-10 58 14 0
-10 58 10 1
-11 57 9 1
-11 58 9 1
-10 57 9 1
-46 88 9 1
-46 88 8 2
-46 88 7 2
-47 88 9 1
-49 90 10 2
-25 66 10 0
-23 61 8 1
-16 64 19 0
-14 64 19 0
-33 67 9 1
-29 63 13 1
-18 89 16 0
-23 76 8 1
-21 87 23 0
-22 66 13 0
-20 65 13 0
-23 67 13 0
-22 68 13 0
-50 56 3 1
-30 61 7 1
-42 88 10 0
-42 87 10 1
-40 86 9 0
-40 86 10 0
-21 89 25 0
-20 89 24 0
-25 78 13 0
-25 78 14 0
-21 56 8 3
-22 56 10 1
-18 56 14 0
-33 80 10 0
-33 80 9 0
-40 84 11 1
-41 85 10 0
-25 64 8 1
-25 64 7 2
-17 70 9 1000
-18 70 9 1
-17 68 12 1
-11 81 10 0
-9 85 10 1
-24 60 8 1
-30 81 6 1
-38 53 7 2
-30 81 9 0
-11 52 9 1
-11 51 9 3
-11 50 9 1
-10 51 10 1
-10 51 14 0
-11 50 13 0
-11 50 12 1
-11 51 13 0
-12 51 12 0
-11 51 12 0
-11 53 13 0
-11 53 12 0
-41 51 5 1000
-42 91 7 7
-42 91 8 9
-19 95 15 0
-19 95 14 0
-29 74 9 0
-29 73 9 0
-31 90 12 1
-8 59 8 1
-18 94 11 1
-21 50 11 0
-19 95 12 2
-19 94 13 1
-19 94 12 1
-19 94 11 1
-18 95 12 1000
-18 96 11 0
-16 98 11 1
-18 97 9 1
-35 60 7 0
-35 60 8 0
-15 60 10 1
-16 95 9 1
-17 95 9 1
-36 91 10 1
-35 89 10 1
-35 90 10 1
-26 60 13 1
-24 64 11 0
-21 65 10 3
-11 52 7 1
-11 53 7 1
-22 60 6 1
-39 90 9 0
-4 79 11 1
-1 83 11 1
-4 80 9 1
-1 81 14 0
-4 80 10 1
-4 80 11 2
-8 81 12 0
-8 78 11 0
-33 78 12 0
-20 95 29 0
-4 79 10 1
-4 79 9 1
-7 72 12 0
-30 76 8 1
-20 86 21 0
-3 81 14 0
-22 88 20 0
-36 58 12 0
-8 67 12 1
-39 94 10 1
-1 79 14 0
-39 95 10 1
-38 94 10 1
-30 66 11 1
-38 95 10 1
-9 80 11 0
-20 61 10 1
-4 68 8 1
-32 68 13 2
-18 56 4 1
-30 52 10 1
-31 51 7 1
-31 52 7 1
-31 64 10 1
-49 55 8 1
-49 56 8 1
-49 57 8 1
-49 50 2 1
-17 52 7 0
-17 52 9 0
-25 65 12 0
-25 65 7 4
-29 66 10 3
-14 67 9 1
-13 68 10 3
-26 80 6 1
-43 51 4 1
-43 51 5 1
-43 52 3 3
-43 52 4 1002
-43 52 5 35
-43 53 3 7
-19 81 7 1
-21 68 9 1
-21 68 10 1
-32 98 5 1
-32 99 5 1
-37 62 6 7
-38 62 5 1
-45 82 6 1
-46 83 6 1
-46 82 6 1
-49 81 6 1
-48 80 6 1
-42 78 7 1
-2 85 10 1
-9 51 10 2
-9 52 11 1
-48 68 5 1
-31 54 13 1
-49 81 8 1
-15 96 11 1
-12 66 12 0
-9 66 14 1
-26 79 14 0
-25 65 9 0
-14 77 9 1
-50 57 4 3
-13 77 9 0
-28 93 12 1000
-26 76 11 0
-24 62 6 1
-25 99 16 0
-43 88 5 1
-44 88 5 1
-45 88 5 1
-16 56 10 0
-35 57 12 0
-10 63 13 0
-17 79 9 1
-21 85 17 0
-7 74 11 0
-11 51 11 3
-14 50 7 0
-14 51 8 0
-16 61 13 0
-44 73 10 1
-37 53 3 1
-4 76 12 1000
-4 74 13 0
-24 80 9 1
-39 57 4 1
-5 77 9 1
-1 59 16 0
-1 59 12 0
-1 57 15 0
-3 60 15 0
-3 60 13 0
-3 57 14 0
-14 73 6 1
-37 75 8 0
-39 54 4 8
-39 55 4 1000
-17 51 4 1
-16 55 12 0
-22 62 7 3
-23 58 13 1
-34 50 16 1
-31 52 16 7
-17 91 16 0
-17 90 16 0
-1 67 10 2
-39 89 8 1
-1 61 8 1
-1 61 9 1
-1 62 7 1
-1 62 8 1
-1 62 9 1
-5 61 8 0
-3 57 8 0
-41 50 8 1
-8 51 7 0
-8 51 8 0
-15 84 8 0
-2 59 8 0
-6 59 8 0
-6 58 8 0
-3 58 8 0
-34 66 7 1
-3 60 8 0
-2 60 8 0
-5 59 8 0
-5 58 8 0
-4 59 8 0
-4 58 8 0
-5 61 6 1
-4 61 6 1
-3 61 6 1
-40 75 10 1
-40 75 11 1
-40 76 6 1
-40 78 6 1
-8 75 13 0
-6 78 8 1
-6 77 8 1
-2 61 9 0
-2 63 7 1
-2 63 8 2
-2 63 9 7
-1 63 7 1
-1 63 8 1
-1 63 9 1
-13 61 13 0
-13 62 13 0
-4 63 8 1
-5 64 7 1
-5 64 8 1
-5 64 9 1
-4 64 7 1
-4 64 8 2
-4 64 9 1
-3 63 8 2
-3 64 7 1
-3 64 8 3
-3 64 9 1000
-5 62 9 0
-5 62 8 0
-32 66 5 1
-24 65 10 0
-3 62 9 0
-3 63 9 1000
-4 65 7 1
-4 65 8 2
-4 65 9 2
-3 65 7 1
-3 65 8 1
-3 65 9 1000
-2 64 7 1
-14 83 7 3
-35 91 10 1
-37 90 7 1
-37 90 6 1
-37 91 6 2
-16 86 10 1
-16 86 9 1
-17 86 11 1
-17 86 10 1
-27 63 11 2
-27 62 8 1
-27 63 8 14
-19 56 8 1
-19 56 7 4
-41 50 11 1
-17 53 8 0
-41 50 3 49
-33 61 5 0
-33 61 4 2
-33 60 4 1
-34 61 5 0
-34 60 5 1
-34 60 4 4
-31 61 4 1
-31 60 4 1
-21 92 12 1
-20 92 12 1
-20 93 10 1
-16 93 10 1
-15 93 10 1
-20 60 9 4
-20 75 12 0
-21 75 11 0
-21 76 11 1
-21 75 12 0
-13 73 12 0
-15 72 11 1
-15 73 13 0
-25 59 14 1
-25 60 14 1
-22 57 9 2
-21 55 11 0
-20 55 11 0
-19 53 9 0
-19 53 11 0
-19 53 10 0
-15 93 12 1
-15 93 13 1
-42 88 8 0
-42 88 7 1
-40 89 7 3
-39 88 6 2
-39 88 7 1
-39 88 8 1
-39 89 6 3
-37 94 5 1
-36 94 5 1
-35 93 5 1
-35 94 5 1
-35 95 9 0
-36 96 8 1
-36 96 9 1
-40 50 16 1
-41 50 17 1
-30 62 9 1
-30 62 8 1
-18 93 9 1
-18 94 9 1
-29 64 12 5
-11 83 7 1
-16 63 13 0
-16 64 13 0
-22 66 12 0
-24 66 13 0
-19 79 9 1
-44 54 8 1
-7 81 12 0
-31 51 13 1
-5 95 12 1
-35 50 8 2
-32 52 9 1
-32 52 7 1
-31 52 8 1
-15 64 10 2
-15 64 9 1
-6 64 12 0
-5 64 13 0
-5 64 12 0
-38 55 12 0
-38 57 11 0
-41 55 3 4
-10 82 11 0
-39 50 4 1
-37 50 7 8
-18 77 8 1
-18 77 9 1
-18 77 10 1
-18 91 15 0
-18 91 16 0
-33 52 16 1
-9 52 10 1
-32 64 10 1
-30 69 7 1
-30 69 6 1
-33 66 11 1
-42 55 10 4
-41 54 10 1
-41 55 10 2
-40 55 10 1
-41 53 12 0
-42 72 6 1
-43 72 6 1
-41 72 9 1
-30 62 7 2
-43 55 12 1
-39 76 6 1
-37 75 7 1
-37 74 9 1
-37 74 8 1
-37 74 7 1
-38 75 7 1
-38 74 9 2
-38 74 7 1
-39 75 8 9
-38 75 8 1
-37 74 11 1
-37 73 11 1
-12 74 13 0
-13 74 11 1
-12 74 11 0
-14 75 13 0
-14 75 14 0
-14 75 10 1
-6 50 14 0
-6 50 13 0
-37 60 13 2
-36 59 11 0
-36 59 12 0
-34 76 10 0
-34 76 9 1
-11 61 13 0
-11 62 13 0
-16 87 12 0
-16 88 13 0
-14 88 11 0
-14 88 13 0
-14 88 12 0
-13 87 11 0
-13 87 13 0
-14 90 8 1
-4 63 13 0
-4 62 13 0
-4 62 11 0
-9 83 6 1
-12 84 6 1
-12 85 6 1
-23 57 8 1
-50 70 7 1
-50 71 6 1
-50 71 7 1
-49 70 5 1
-13 65 14 0
-11 64 13 0
-11 64 12 0
-2 71 8 1
-5 73 11 0
-13 63 12 0
-13 64 12 1
-13 73 10 1
-14 64 12 1
-9 71 10 1
-37 64 10 1
-37 64 11 1
-37 64 12 1
-37 59 14 1
-36 59 13 0
-45 50 7 8
-46 51 7 1
-46 50 7 1
-23 56 12 0
-22 55 12 0
-19 55 11 0
-20 55 12 0
-49 76 5 1
-49 77 3 1
-40 55 3 1
-20 55 10 1
-32 53 8 1
-37 78 8 2
-34 54 10 1
-19 62 6 1
-40 54 6 1
-40 55 5 1
-40 55 7 0
-15 54 11 3
-14 60 12 1
-8 58 13 1
-13 60 9 1
-12 59 10 3
-12 58 14 0
-14 58 13 0
-14 58 12 0
-12 58 10 4
-12 57 14 0
-14 57 13 0
-12 56 14 0
-14 57 12 0
-12 55 14 0
-14 56 13 0
-14 56 12 0
-13 54 14 0
-31 65 9 3
-14 51 14 0
-15 74 6 1
-18 72 6 1
-16 50 14 0
-35 60 2 1
-12 63 9 1
-12 64 9 1
-12 65 9 1
-22 79 7 1
-23 79 7 1
-23 78 7 1
-20 84 8 1
-19 84 7 1
-19 80 8 1
-16 79 10 2
-22 79 12 0
-14 84 14 0
-47 55 3 1
-47 55 5 1
-47 56 4 1
-47 57 3 1
-47 57 4 1
-47 57 5 1
-41 75 6 1
-48 57 4 1
-24 68 7 1
-28 69 10 3
-27 69 10 4
-15 88 11 0
-15 89 14 0
-26 80 11 1
-39 53 6 1
-38 52 4 1
-37 52 4 1
-23 87 18 0
-16 68 9 1
-7 77 12 0
-34 99 11 0
-34 96 11 0
-31 95 8 1
-9 76 12 0
-9 77 13 0
-38 84 8 1
-38 85 6 1
-38 85 7 1
-38 85 8 1
-41 88 9 0
-40 87 5 1
-1 85 13 0
-17 85 13 0
-17 85 12 1
-17 84 12 1
-2 86 13 0
-21 62 6 1
-47 90 4 1
-31 66 14 0
-20 79 10 6
-39 61 8 1
-39 60 9 1
-15 78 14 0
-12 80 14 0
-13 65 15 0
-12 65 15 0
-13 66 15 0
-15 66 15 0
-16 65 14 0
-15 65 15 0
-16 65 15 0
-10 67 10 1
-10 66 10 1
-37 50 14 2
-38 51 13 1
-15 57 4 1
-36 61 5 1
-35 60 5 2
-27 82 9 0
-29 82 11 0
-17 52 14 0
-18 53 15 0
-18 53 14 0
-33 78 7 2
-18 52 14 0
-7 52 7 0
-39 51 7 1
-4 64 11 0
-40 59 3 1
-24 50 10 1
-40 58 2 1
-7 55 10 0
-49 76 6 1
-49 75 6 1
-32 51 7 1
-50 59 4 1
-33 57 5 1
-32 57 6 1
-33 57 4 1
-33 58 4 1
-33 59 4 1
-11 52 12 0
-15 63 15 0
-16 62 12 0
-16 65 12 1
-40 50 5 0
-40 51 7 1
-40 50 6 0
-33 60 8 4
-33 61 6 1
-33 61 7 1
-33 60 9 4
-33 60 10 1
-33 61 9 5
-33 61 10 1
-15 86 12 0
-33 59 7 24
-37 80 8 3
-36 80 9 5
-45 76 8 1
-16 66 11 1
-16 66 10 2
-17 54 7 0
-16 55 7 0
-21 56 6 1
-46 82 9 1
-46 82 8 1
-46 83 9 1
-15 71 11 1
-49 80 8 7
-10 85 13 0
-9 84 12 0
-9 84 13 0
-9 85 12 0
-9 85 13 0
-8 86 11 0
-2 59 11 0
-34 53 14 1
-33 53 17 1
-31 54 14 1
-32 54 14 1
-42 53 9 1
-41 54 8 2
-4 72 12 0
-20 96 16 0
-31 51 16 1005
-4 63 11 0
-4 63 9 0
-28 78 10 0
-28 54 17 1
-28 54 18 1
-28 55 16 1
-28 54 15 1
-28 55 15 1
-32 78 9 0
-32 79 10 0
-31 79 10 0
-17 61 5 1
-18 62 5 1
-18 61 5 1
-28 78 9 0
-28 79 9 0
-17 81 6 1
-20 59 6 1
-20 59 7 2
-19 59 6 1
-46 71 5 1
-46 72 3 1
-46 72 4 1
-46 72 5 1
-37 50 16 1
-37 50 15 1
-20 78 9 1
-32 56 15 1
-32 56 14 1
-46 51 8 1
-24 61 9 2
-41 91 8 15
-42 90 9 9
-41 89 10 1
-41 90 9 1
-18 54 10 0
-19 97 9 1
-20 97 9 1
-19 98 13 0
-17 62 10 0
-21 56 7 1
-30 52 17 1
-34 56 5 1
-5 69 14 0
-5 68 13 0
-5 69 13 0
-33 56 7 1
-6 69 13 0
-20 60 11 0
-4 70 9 3
-32 94 7 1
-32 94 8 2
-32 94 9 2
-32 95 7 1
-18 98 12 0
-18 98 11 0
-18 98 10 2
-18 97 12 1
-10 85 7 1
-10 85 8 1
-33 95 6 1
-32 93 6 1
-32 94 6 1
-32 95 6 1
-34 95 8 1
-2 71 11 1
-2 71 10 9
-2 71 9 1
-18 53 8 1
-17 91 9 1
-17 92 9 1
-14 88 8 1
-4 67 12 0
-4 67 11 1
-6 67 9 1
-6 67 11 1
-6 67 10 1
-4 69 11 0
-4 69 10 1000
-1 69 11 1
-1 69 9 1
-2 70 11 1
-2 70 10 6
-2 70 9 1
-2 69 10 2
-15 90 8 1
-18 58 9 0
-20 70 9 1
-34 50 7 1
-34 50 6 1
-23 80 12 1
-27 79 11 0
-26 78 10 0
-8 60 13 1
-8 62 12 1000
-8 62 13 2
-10 62 13 1
-10 62 12 1000
-12 60 12 0
-21 92 30 0
-33 77 6 1
-2 64 12 0
-34 79 6 1
-20 93 31 0
-21 93 31 0
-41 50 13 0
-41 50 15 0
-41 50 14 0
-6 63 10 0
-43 86 10 1
-14 55 11 1
-14 55 10 1
-14 55 9 1
-15 55 11 1
-15 55 10 25
-15 56 10 17
-16 57 12 0
-16 57 11 0
-17 56 10 0
-17 99 9 1
-17 98 9 1
-18 98 13 0
-18 95 10 1
-16 97 13 1
-16 58 12 0
-17 94 12 1000
-29 76 9 1
-17 57 12 0
-17 57 11 0
-18 57 10 0
-31 76 8 1
-17 60 13 0
-15 58 12 0
-17 58 10 0
-17 58 12 0
-17 58 11 0
-18 58 10 0
-18 58 12 0
-18 58 11 0
-19 60 11 0
-17 61 13 0
-15 59 12 0
-43 53 9 1
-32 64 8 1
-18 59 12 0
-18 59 11 0
-17 60 11 0
-14 92 10 1
-14 91 10 1
-14 92 14 1
-14 91 14 1
-15 92 14 1
-15 91 14 1
-16 91 14 1
-24 98 14 1
-24 99 12 1
-24 99 13 1
-24 99 14 1
-38 51 11 1
-16 83 6 1
-38 80 12 1
-7 50 9 1
-8 52 9 1
-8 51 9 1000
-15 61 13 0
-29 87 12 2
-39 59 7 4
-39 58 7 2
-38 57 4 3
-14 66 10 7
-13 65 10 3
-13 66 10 4
-12 64 10 4
-12 65 10 1
-12 66 10 1
-49 55 6 2
-49 56 6 1
-50 56 6 2
-27 65 8 3
-27 65 11 1
-45 75 7 1
-45 76 7 1
-48 77 7 0
-47 89 10 2
-3 97 16 0
-2 95 16 0
-3 95 16 0
-4 94 13 1
-4 94 17 1
-1 87 13 0
-1 87 14 0
-2 88 13 0
-2 87 14 0
-2 88 14 0
-3 87 13 0
-3 87 14 0
-4 86 13 0
-4 86 14 0
-2 86 15 0
-2 86 11 1
-3 87 10 1
-2 87 10 2
-1 87 10 1
-41 93 11 1
-44 90 9 0
-3 96 12 1
-3 96 17 0
-3 96 16 0
-4 94 14 0
-4 95 15 0
-5 97 13 1
-37 53 4 2
-38 53 4 1
-35 53 7 1
-9 81 7 1
-9 82 7 1
-8 80 7 1
-8 81 7 1
-1 88 14 0
-1 89 14 0
-1 88 15 0
-1 88 13 0
-2 89 14 0
-2 89 15 0
-2 89 13 0
-3 88 14 0
-3 89 14 0
-3 88 15 0
-3 88 13 0
-4 87 14 0
-4 87 15 0
-4 87 13 0
-3 86 15 0
-1 86 15 0
-2 87 15 0
-2 87 16 0
-3 86 9 1
-3 87 9 1
-3 88 9 1
-2 86 9 1
-2 87 9 1
-2 88 9 1
-1 86 9 1
-1 87 9 1
-1 88 9 1
-24 73 9 1
-24 73 10 1
-24 73 11 1
-24 74 9 1
-24 74 10 1
-27 73 11 0
-13 73 8 1
-14 59 12 0
-14 59 13 0
-12 59 14 0
-32 69 11 6
-43 54 14 1
-33 60 6 1
-42 55 3 3
-6 76 8 1
-47 76 8 1
-49 54 4 1
-49 54 3 5
-50 52 7 1
-16 53 14 0
-16 52 14 0
-15 54 13 0
-16 55 13 0
-16 54 13 0
-19 87 14 0
-48 52 4 7
-38 77 12 1
-38 76 12 1
-33 62 5 1
-18 72 13 1
-18 73 13 1
-18 74 13 1
-50 89 8 1
-29 64 4 1
-25 83 10 2
-16 60 8 0
-2 99 15 0
-2 98 15 0
-25 92 24 1
-25 92 25 1
-1 98 11 1
-16 60 7 0
-24 92 24 1
-24 92 25 1
-30 66 4 1
-17 93 12 1000
-23 92 24 1
-14 52 14 0
-14 52 10 5
-35 58 8 1
-34 57 6 9
-34 57 7 7
-33 57 6 1
-32 57 8 1
-28 64 8 12
-12 85 8 1
-19 97 11 2
-41 57 8 1
-18 97 10 2
-50 93 9 0
-32 70 8 1
-32 71 8 1
-23 91 30 0
-25 61 10 5
-39 78 11 1
-40 73 11 1
-40 50 11 2
-40 51 11 1
-30 66 13 0
-5 99 13 0
-19 97 12 1
-25 91 26 1
-44 77 10 1
-19 97 10 1
-42 54 8 12
-43 54 4 2
-44 53 7 1
-44 54 7 1
-41 53 7 0
-22 78 13 0
-34 92 8 3
-23 76 14 0
-34 90 9 1
-34 90 10 1
-34 91 9 1
-34 91 10 1
-34 92 9 3
-34 92 10 1
-35 91 5 1
-35 92 5 1
-34 90 5 1
-34 91 5 1
-34 92 5 1
-19 84 15 0
-20 86 13 0
-20 86 15 0
-20 86 14 0
-19 86 13 0
-19 86 15 0
-17 50 13 0
-44 74 8 2
-37 51 2 1
-37 51 3 1
-36 60 7 0
-37 60 6 0
-16 87 16 0
-16 87 15 0
-18 85 12 0
-18 85 16 0
-22 88 28 0
-23 89 29 0
-23 89 28 0
-45 93 7 4
-16 87 11 0
-16 86 12 0
-35 56 12 1
-35 56 11 1
-35 55 11 2
-12 60 7 1
-12 60 8 1
-12 60 9 1
-14 59 9 1
-14 59 7 0
-16 71 13 0
-14 71 14 0
-14 71 15 0
-33 51 12 4
-39 51 17 1
-39 51 16 1
-40 52 17 1
-40 52 16 1
-40 52 15 1
-40 51 17 1
-35 62 5 1
-45 79 9 5
-45 77 10 5
-45 78 10 2
-45 79 10 1
-45 77 7 4
-31 74 10 1
-31 74 9 1
-30 74 10 2
-19 54 11 0
-17 68 10 4
-13 50 13 0
-18 67 11 1
-19 66 10 1
-19 66 11 1
-40 98 37 0
-23 66 11 0
-25 65 10 0
-21 89 29 0
-18 63 8 1
-18 63 9 1
-12 66 13 0
-11 65 12 1
-11 74 10 1
-39 52 11 1
-42 85 9 1000
-43 84 6 2
-9 62 8 1
-24 81 11 1
-30 51 8 1
-37 99 38 0
-17 86 13 0
-22 92 28 0
-17 86 12 0
-16 87 13 0
-26 81 9 1
-17 57 7 1
-17 57 9 0
-17 57 8 1
-15 57 7 0
-15 57 9 1
-15 57 8 0
-18 68 10 4
-18 68 11 1
-21 55 10 1
-20 55 8 1000
-39 55 5 1001
-27 98 11 1
-21 81 15 0
-2 76 10 1
-5 74 11 0
-7 73 11 0
-21 81 16 0
-22 98 36 0
-21 81 12 0
-7 97 12 1
-7 98 12 1
-7 99 12 1
-6 97 12 1
-16 96 14 1
-6 98 12 1
-17 67 9 2
-17 67 11 1
-37 94 7 1
-38 94 8 6
-6 99 12 1
-5 98 12 1
-4 99 13 0
-5 77 14 0
-2 85 13 0
-4 84 13 0
-4 84 14 0
-4 84 12 0
-18 62 6 1
-1 84 10 1
-41 98 38 0
-24 60 11 2
-7 55 9 0
-40 58 3 1
-27 99 11 1
-27 98 10 1
-41 99 38 0
-41 97 37 0
-41 97 38 0
-28 99 11 3
-28 98 13 0
-16 58 7 0
-16 58 9 1
-28 80 10 0
-19 92 30 0
-23 91 29 0
-15 64 13 0
-16 66 14 0
-11 67 11 1
-17 79 11 1
-17 83 11 1
-17 83 10 4
-17 83 9 1
-16 82 9 2
-46 99 38 0
-44 98 38 0
-46 74 10 1
-46 73 10 1
-46 73 9 1
-46 87 8 1
-45 87 6 1
-45 87 7 1
-45 87 8 1
-12 84 12 0
-12 84 7 1
-31 60 8 1
-47 97 37 0
-48 97 38 0
-34 65 10 7
-33 66 9 4
-21 61 10 1
-34 67 9 1
-34 67 8 1
-25 53 12 1
-26 53 14 1
-26 51 13 1
-38 53 12 1
-30 61 9 1
-30 61 8 1
-43 74 7 2
-43 74 8 1
-7 57 9 0
-28 80 11 0
-27 81 10 0
-28 81 11 0
-41 56 9 3
-23 75 12 0
-24 75 11 1
-40 88 10 0
-40 88 11 0
-9 50 10 3
-10 50 11 2
-9 81 13 0
-40 57 11 9
-40 57 12 1
-37 50 5 1
-37 50 6 3
-30 52 16 8
-30 50 15 1
-31 50 15 1
-4 61 8 1
-5 60 7 1
-4 60 7 2
-3 60 7 1
-21 95 30 0
-21 94 31 0
-21 94 30 0
-21 88 25 0
-22 87 24 0
-23 87 24 0
-23 87 25 0
-22 88 25 0
-40 83 6 1
-46 85 7 1
-46 85 8 1
-13 52 14 0
-36 56 9 1
-11 83 6 1
-38 59 4 1
-18 65 10 1000
-18 66 10 1001
-18 66 11 1
-18 66 9 1
-19 65 10 0
-19 65 11 0
-1 92 15 0
-42 51 2 4
-1 91 14 0
-41 51 8 1
-16 91 9 1
-16 92 9 1
-15 92 9 1
-15 93 9 1
-50 98 8 1
-50 97 4 1
-50 97 5 1
-50 98 4 1
-50 98 5 1
-22 76 8 1
-24 77 8 0
-25 78 8 0
-24 80 8 0
-22 83 9 1
-31 54 17 1
-31 54 16 4
-16 53 7 0
-45 51 4 1
-34 63 3 1
-40 53 6 1
-43 50 2 3
-29 73 10 0
-22 53 9 2
-3 62 8 1
-21 52 12 0
-21 52 11 0
-22 51 11 0
-20 56 10 1
-48 50 2 1
-46 50 6 1
-31 76 10 1
-31 76 11 1
-42 77 7 4
-42 79 10 1
-4 66 10 1000
-3 66 8 1
-3 66 9 3
-3 66 10 1
-2 66 8 1
-2 66 9 1
-2 66 10 3
-5 64 10 0
-22 87 20 0
-23 86 20 0
-45 81 12 1
-46 80 5 2
-11 54 13 0
-31 66 9 1
-25 87 11 0
-25 86 13 0
-47 56 3 1
-25 87 12 0
-47 55 4 1
-24 86 11 0
-24 86 13 0
-43 55 2 1
-30 67 12 0
-30 69 13 0
-31 70 8 1
-30 70 8 1
-29 70 8 1
-28 70 11 1
-28 70 12 0
-27 70 10 3
-27 71 9 1
-26 71 9 1
-26 71 10 1
-26 71 11 1
-29 71 12 0
-29 71 10 1
-39 54 7 1
-38 52 5 11
-36 81 7 1
-36 80 7 1
-37 81 7 1
-37 80 7 1
-38 64 9 1
-39 63 6 1
-39 63 5 1
-34 78 8 1
-38 76 11 1
-38 76 10 4
-38 75 12 1
-35 82 10 1
-35 82 9 1
-6 54 7 0
-18 89 15 0
-18 88 15 0
-17 88 14 0
-17 88 16 0
-17 88 15 0
-16 87 14 0
-20 83 12 0
-21 74 11 0
-22 73 11 0
-18 81 15 0
-18 81 14 0
-21 84 13 0
-21 84 15 0
-20 85 13 0
-21 80 7 1
-19 56 11 0
-19 56 12 0
-19 57 11 0
-38 93 6 3
-39 93 8 11
-39 93 7 8
-39 93 6 1
-39 92 7 4
-39 93 9 7
-40 93 9 2
-35 52 8 1
-24 83 11 1
-24 83 9 1
-25 83 11 1
-42 98 39 0
-42 98 36 0
-42 98 35 0
-40 99 37 0
-40 99 38 0
-40 97 37 0
-40 97 38 0
-42 99 39 0
-42 99 36 0
-12 65 12 0
-13 64 13 0
-9 65 10 1
-7 61 8 1
-7 60 8 2
-7 59 8 1
-13 83 13 0
-13 83 12 0
-14 83 11 0
-14 83 13 0
-25 59 12 2
-25 60 12 2
-24 58 12 1
-31 53 9 1
-23 64 10 1
-28 53 12 1
-25 52 13 1
-24 51 14 0
-23 50 15 0
-34 57 3 1
-34 56 3 1
-28 99 8 1
-28 99 9 1
-28 99 10 1
-32 98 10 1
-32 97 11 1
-31 97 9 1
-31 97 10 1
-47 83 7 1
-47 83 9 1
-47 84 7 1
-47 84 9 1
-16 81 13 0
-17 85 16 0
-44 73 11 1
-19 92 17 0
-19 92 15 0
-20 91 16 0
-40 90 5 1
-41 91 5 1
-41 90 5 1
-36 88 7 1
-36 88 6 1
-36 88 5 1
-36 87 7 1
-36 87 6 1
-36 87 5 1
-36 86 7 1
-36 86 6 1
-25 63 9 1
-26 63 10 2
-21 92 11 1
-29 98 14 0
-35 61 4 1
-17 61 9 1
-17 61 7 0
-18 61 9 0
-20 61 6 1
-20 61 7 2
-19 61 6 1
-19 61 7 2
-17 57 6 1
-17 60 10 1
-19 86 17 0
-19 87 17 0
-46 94 11 1
-45 93 11 1
-45 94 11 1
-22 57 13 0
-47 89 6 1
-17 61 8 0
-1 86 11 1
-17 70 12 0
-18 71 9 1
-17 71 9 1000
-17 71 10 3
-17 71 11 1
-16 71 9 1000
-16 71 10 3
-16 71 11 1
-19 70 11 1
-48 68 3 1
-2 84 13 0
-2 84 14 0
-3 84 13 0
-3 84 14 0
-3 84 12 0
-4 82 14 0
-2 82 15 0
-5 85 13 0
-5 84 13 0
-5 84 14 0
-7 84 13 0
-9 83 14 0
-7 85 12 0
-10 85 15 0
-8 83 14 0
-10 83 14 0
-8 83 12 0
-8 83 13 0
-11 84 14 0
-9 82 13 0
-9 83 13 0
-11 83 14 0
-9 83 12 0
-12 83 14 0
-10 81 13 0
-10 83 13 0
-10 83 12 0
-12 82 14 0
-11 83 13 0
-11 82 13 0
-27 52 11 1
-24 52 13 0
-7 80 7 1
-7 79 7 1
-36 55 9 3
-21 57 14 0
-17 64 20 0
-17 62 20 0
-15 62 20 0
-14 62 20 0
-5 53 9 0
-6 53 10 1
-6 54 10 0
-30 65 6 1
-31 64 5 2
-43 76 6 1
-45 97 39 0
-45 99 38 0
-45 99 37 0
-43 97 38 0
-40 96 7 1
-40 95 9 1
-40 73 8 1
-4 71 8 1
-4 71 9 6
-4 71 10 4
-3 71 9 1
-3 71 10 18
-24 76 7 1
-21 76 8 1
-40 52 10 1
-44 90 7 0
-15 67 15 0
-16 66 15 0
-15 64 14 0
-2 93 10 1
-1 93 10 1
-38 87 5 1
-36 93 5 1
-34 54 9 1
-35 53 10 1
-32 63 4 2
-46 51 5 11
-46 51 6 1
-7 57 10 0
-44 73 8 1
-44 73 9 1
-24 69 9 1
-15 66 9 1
-15 66 10 1
-15 66 11 1
-15 67 9 1
-15 80 12 0
-15 67 11 1
-15 68 10 1
-15 68 11 1
-8 59 10 1
-8 59 9 1
-27 79 14 0
-26 78 14 0
-26 78 13 0
-27 78 14 0
-27 77 13 0
-28 78 14 0
-28 81 14 0
-27 81 14 0
-26 81 14 0
-26 81 13 0
-28 79 14 0
-28 77 13 0
-28 78 13 0
-28 77 12 0
-29 78 13 0
-28 79 13 0
-15 67 17 0
-39 59 14 1
-41 54 11 4
-20 95 34 0
-3 64 13 0
-13 66 17 0
-13 65 17 0
-24 66 10 1
-32 92 10 1
-35 96 9 0
-22 86 17 0
-22 87 16 0
-22 87 17 0
-21 86 16 0
-21 86 17 0
-21 87 16 0
-15 62 7 0
-4 99 15 0
-16 72 11 1
-16 72 10 1
-33 76 11 0
-45 93 10 2
-45 94 10 1
-45 92 6 1
-36 80 10 3
-4 64 10 0
-33 65 7 2
-32 68 8 1
-32 68 7 1
-32 68 6 1
-32 67 6 1
-33 68 8 1
-33 68 7 1
-33 68 6 1
-33 67 8 1
-39 60 11 2
-20 59 13 0
-20 59 12 0
-22 59 13 0
-21 82 11 1
-20 82 9 1
-20 50 7 1
-31 65 6 1
-31 61 7 8
-35 62 7 0
-26 77 7 1
-2 97 16 0
-25 77 7 1
-25 78 7 1
-24 77 7 1
-46 90 8 1
-46 90 7 1
-35 62 12 0
-25 81 9 1
-48 84 7 1
-48 84 8 1
-21 97 31 0
-47 83 10 1
-21 96 31 0
-21 96 30 0
-22 97 31 0
-34 60 12 0
-34 58 11 0
-48 84 11 1
-47 82 11 1
-43 53 7 3
-24 50 6 1
-22 81 7 1
-21 81 7 1
-49 76 4 4
-49 74 6 1
-28 71 8 1
-39 97 7 1
-38 97 8 2
-49 79 9 1
-50 74 9 1
-50 74 7 3
-40 88 9 0
-39 89 5 1
-37 89 9 1
-6 98 13 3
-7 98 13 1
-7 97 13 1
-7 96 13 1
-6 98 17 1
-7 98 17 1
-7 97 17 1
-7 96 17 1
-38 87 8 7
-38 85 5 1
-37 85 5 1
-36 85 5 1
-36 85 6 1
-36 85 7 1
-7 97 16 1
-7 97 15 1
-7 97 14 1
-7 96 16 1
-26 83 11 1
-17 92 12 1
-15 75 7 1
-16 75 7 1
-17 75 8 1
-18 75 8 1
-18 75 9 1
-18 72 9 1
-17 75 10 0
-18 75 11 1
-18 75 10 1
-11 55 14 0
-11 54 14 0
-12 54 14 0
-15 76 7 1
-16 76 7 1
-14 77 7 1
-15 77 7 1
-16 77 7 1
-1 67 13 0
-1 67 12 0
-1 66 13 0
-1 66 12 0
-2 67 13 0
-18 57 8 1
-4 78 14 0
-5 79 13 0
-4 80 12 0
-43 73 6 1
-33 62 9 4
-28 68 11 1
-28 67 11 1
-29 68 11 1
-29 67 11 1
-45 83 9 1
-45 84 7 1
-45 84 8 2
-36 91 7 5
-48 93 11 0
-47 90 12 1
-47 89 12 1
-3 74 8 1
-48 89 12 1
-49 90 12 1
-49 89 12 1
-50 93 10 1
-35 91 9 3
-49 93 10 0
-50 94 9 0
-49 93 9 0
-48 95 10 0
-48 95 9 0
-44 81 8 4
-44 81 9 3
-42 80 8 1
-42 80 9 1
-43 81 10 2
-44 80 10 1
-39 79 8 9
-39 79 9 5
-39 79 10 5
-38 79 9 1
-21 50 12 0
-28 64 9 16
-25 62 8 5
-7 53 10 1
-14 83 9 0
-14 83 10 0
-22 56 9 1
-15 79 7 1
-4 50 11 0
-15 79 9 1
-38 60 10 1
-5 50 11 0
-48 92 11 0
-49 91 11 1
-50 92 11 1
-49 94 10 0
-49 94 9 0
-48 94 10 0
-48 94 9 0
-14 66 14 0
-28 78 11 0
-21 94 28 0
-27 78 10 0
-26 80 13 0
-26 80 10 1
-7 52 11 2
-35 60 3 1
-34 61 4 7
-26 80 9 1
-34 60 6 1
-34 60 8 1
-42 52 2 1
-42 50 2 29
-4 72 8 1
-27 79 6 1
-24 60 9 1
-25 59 11 2
-21 93 32 0
-25 80 15 0
-25 80 14 0
-24 79 14 0
-24 79 13 0
-36 74 11 1
-36 75 10 1
-24 80 13 0
-25 80 13 0
-15 75 13 0
-37 63 8 3
-38 63 9 1
-20 97 17 0
-20 97 16 0
-21 95 16 0
-21 95 17 0
-19 95 18 0
-4 77 14 0
-12 75 11 0
-14 76 14 0
-41 73 11 1
-29 53 15 1
-19 68 13 0
-4 65 13 0
-42 86 10 1
-22 52 7 3
-34 64 11 1
-50 74 4 1009
-30 65 9 1007
-30 64 11 3
-30 64 10 3
-48 95 6 2
-48 95 7 4
-28 67 9 8
-28 67 8 3
-12 57 7 1
-12 57 8 1
-12 57 9 1
-12 59 7 1
-12 59 8 1
-12 59 9 1
-15 60 8 0
-15 60 9 1
-17 60 8 0
-17 60 9 1
-17 60 7 0
-35 50 17 1
-49 51 4 4
-49 51 3 1
-50 51 5 1
-39 54 8 1
-31 50 17 1
-31 99 5 1
-4 77 15 0
-32 99 11 1
-31 98 11 1
-15 87 13 0
-15 87 14 0
-29 62 7 1
-40 92 6 1
-40 91 8 15
-40 91 7 13
-40 91 6 1
-41 92 8 1
-46 50 1 1
-20 90 26 0
-49 77 6 1
-22 52 10 1
-5 96 16 2
-39 59 11 2
-6 96 17 1
-7 98 14 1
-40 53 4 12
-40 53 5 4
-33 51 7 1
-43 50 6 0
-29 55 14 1
-18 79 8 4
-19 78 8 1
-46 53 3 7
-35 99 5 1
-39 79 11 1
-37 52 2 1
-46 78 8 4
-46 78 9 2
-29 79 11 0
-26 79 6 1
-18 54 13 0
-18 55 13 0
-41 73 10 1
-28 81 6 1
-28 80 6 1
-40 51 16 1
-18 51 6 1
-22 78 11 1
-19 79 12 1
-35 58 11 0
-19 79 10 1
-40 84 7 1
-19 78 11 1
-19 78 10 1
-20 79 12 1
-20 79 11 1
-14 58 7 1
-14 57 6 1
-14 58 6 1
-21 93 11 1
-25 92 26 1
-20 66 9 1
-9 58 12 0
-8 58 12 1
-9 58 13 0
-13 63 18 0
-15 61 18 0
-12 57 12 0
-11 57 13 0
-12 57 13 0
-10 57 12 0
-10 56 12 0
-10 57 13 0
-38 50 15 2
-38 50 16 1
-9 53 11 1
-40 99 36 0
-32 52 12 2
-26 62 9 6
-13 77 13 0
-21 91 29 0
-26 63 11 1
-7 72 10 1
-25 63 10 1
-9 56 10 3
-9 55 11 1
-22 67 9 1
-39 74 11 1
-20 55 9 1
-19 62 10 1000
-25 72 11 1
-25 73 9 1
-25 73 11 1
-38 99 11 1
-4 58 6 1
-39 58 12 1
-6 72 9 1
-6 72 8 1
-37 99 11 1
-20 72 11 1
-16 73 11 1
-10 83 6 1
-26 94 12 1
-26 94 13 1
-27 93 13 3
-28 93 14 1
-28 94 14 1
-27 93 14 1
-27 94 14 1
-26 93 14 1
-26 94 14 1
-28 91 12 2
-29 91 13 1
-28 91 13 1
-29 90 14 1
-29 90 11 2
-28 91 11 1
-29 90 12 1
-30 89 11 1
-30 89 13 1
-29 90 13 1
-30 89 14 1
-30 90 14 1
-29 89 14 1
-30 89 10 1
-29 89 10 1
-29 90 10 1
-27 88 11 0
-27 90 13 0
-27 90 14 0
-27 90 10 1
-28 91 9 1
-27 91 9 1
-26 91 9 1
-16 61 7 0
-6 75 8 1
-20 60 7 4
-19 60 6 1
-19 60 7 4
-46 96 38 0
-48 96 39 0
-48 96 36 0
-48 96 35 0
-16 84 9 1
-27 81 6 1
-9 66 13 1
-34 52 11 1
-41 55 15 1
-42 55 15 1
-23 53 8 1
-19 69 12 0
-19 71 12 1
-8 52 15 0
-6 52 14 0
-6 51 14 0
-6 52 15 0
-6 51 15 0
-6 53 16 0
-13 74 8 1
-6 54 13 0
-9 54 14 0
-9 53 15 0
-9 52 14 0
-9 52 15 0
-9 51 14 0
-44 76 6 1
-44 77 6 1
-44 78 6 1
-48 53 1 1
-48 54 1 1
-47 52 1 1
-47 53 1 1
-47 54 1 1
-39 51 5 5
-21 59 12 0
-21 67 8 1
-25 65 11 0
-3 62 12 0
-5 66 11 0
-19 59 12 0
-20 61 12 0
-4 73 14 0
-4 73 13 0
-27 74 9 0
-27 74 11 0
-36 64 12 1
-27 71 11 1
-28 70 8 1
-29 70 9 1
-13 78 13 0
-13 78 11 0
-14 79 14 0
-14 79 10 1
-32 62 13 1
-38 61 10 1
-21 62 11 1
-22 64 8 1
-20 51 10 0
-5 67 8 1
-5 68 8 1
-30 80 6 1
-30 79 6 1
-29 80 7 1
-29 78 10 0
-29 78 9 0
-29 77 8 1
-30 78 8 1
-30 77 10 1
-19 52 12 0
-19 52 11 0
-18 52 11 0
-16 52 11 0
-15 51 11 1
-24 64 8 0
-50 78 13 1
-41 73 8 1
-50 77 13 1
-17 50 11 0
-10 79 12 0
-28 77 6 1
-27 76 7 1
-27 76 11 0
-25 74 8 0
-6 64 13 0
-8 67 11 1
-19 91 29 0
-22 89 23 0
-20 87 24 0
-20 87 25 0
-21 64 8 1
-20 71 10 1
-21 64 9 1005
-21 64 10 6
-20 62 8 1
-47 73 4 1
-21 65 9 9
-6 68 8 1
-6 67 8 1
-32 63 8 1
-28 66 5 1
-38 86 8 5
-37 86 5 1
-30 64 5 1
-29 65 6 4
-8 56 7 2
-34 78 6 1
-25 52 12 1
-50 55 2 1
-22 53 6 1
-13 54 12 1
-13 53 12 1
-14 52 13 0
-14 53 12 1
-14 53 13 0
-24 75 8 0
-37 61 4 1
-37 60 5 1
-4 67 8 1
-15 80 7 1
-38 88 5 1
-34 61 13 0
-36 64 13 1
-13 63 10 1
-46 55 7 1
-50 57 7 1
-24 75 9 1
-23 76 10 4
-43 52 8 1
-29 79 12 0
-43 54 8 1
-42 58 4 1
-42 57 4 1
-21 53 9 5
-21 53 8 6
-21 52 10 1
-21 52 9 1
-21 52 8 4
-2 76 13 1
-13 52 13 0
-39 58 5 2
-12 50 11 1
-12 51 10 4
-15 52 14 0
-40 96 9 1
-15 52 10 2
-39 96 8 1
-39 96 9 1
-38 93 9 1
-36 92 8 1
-36 91 9 1
-35 92 8 5
-36 93 9 0
-36 93 10 1
-35 91 6 2
-35 91 7 4
-35 91 8 4
-28 74 10 0
-25 74 11 1
-12 59 12 0
-17 65 12 1
-12 59 13 0
-12 58 13 0
-35 59 11 0
-35 59 12 0
-37 57 10 0
-37 57 14 0
-37 57 13 0
-34 56 10 1
-34 55 12 1
-34 55 11 1
-34 55 10 1
-36 93 7 1
-35 92 9 7
-37 92 5 1
-38 92 5 1
-39 92 5 1
-46 85 9 1
-38 91 9 0
-25 81 12 0
-25 80 12 0
-45 93 8 4
-13 63 19 0
-14 63 20 0
-17 63 19 0
-17 63 20 0
-15 61 19 0
-37 79 11 1
-36 80 11 1
-48 75 5 1
-32 60 8 7
-32 60 7 17
-33 63 7 0
-33 51 11 5
-41 52 17 1
-41 52 16 1
-41 52 15 1
-15 57 12 0
-19 57 12 0
-19 57 10 0
-18 56 11 0
-18 56 12 0
-18 56 10 0
-17 55 11 0
-16 56 11 0
-16 56 12 0
-17 57 13 0
-18 55 11 0
-17 55 12 0
-16 55 11 1
-15 56 11 0
-15 56 12 0
-18 55 12 0
-6 56 8 0
-6 56 7 0
-7 53 9 1
-20 88 23 0
-21 89 24 0
-20 90 23 0
-22 90 23 0
-24 90 24 1
-25 90 25 1
-24 90 23 2
-32 61 3 1
-25 90 22 1
-25 91 22 1
-24 90 22 3
-24 91 22 1
-23 91 22 1
-18 54 12 0
-14 57 11 1
-17 54 12 0
-29 81 11 0
-6 95 17 1
-21 70 11 0
-21 70 12 0
-29 52 17 1
-29 52 16 1
-29 52 15 1
-40 50 1 1
-11 82 14 0
-11 81 15 0
-12 81 15 0
-38 55 4 2
-12 80 15 0
-11 79 14 0
-11 79 15 0
-12 78 15 0
-11 78 14 0
-11 78 15 0
-11 80 16 0
-21 94 16 0
-29 54 15 2
-47 79 4 1
-28 73 12 0
-39 98 11 1
-47 76 9 0
-44 50 2 4
-18 51 7 0
-18 51 8 0
-30 63 5 1
-50 51 3 1
-50 51 4 1
-27 75 10 0
-27 75 11 0
-28 74 9 0
-27 75 9 0
-13 80 15 0
-28 75 9 0
-13 81 15 0
-13 79 15 0
-13 78 15 0
-12 77 14 0
-12 79 15 0
-12 79 16 0
-20 87 14 0
-20 87 15 0
-50 89 7 1
-50 89 6 1
-50 90 7 2
-49 94 8 0
-47 96 8 1
-47 96 7 1
-31 66 13 0
-34 70 11 1
-6 51 11 1
-24 64 9 0
-28 63 9 4
-19 51 8 1
-19 54 7 3
-20 54 6 1
-20 55 6 1
-19 54 6 1
-19 55 6 1
-35 65 10 1
-15 79 15 0
-6 58 9 0
-13 77 15 0
-13 79 16 0
-4 61 9 0
-31 50 12 5
-47 77 7 0
-48 78 9 0
-50 79 9 1
-50 78 9 8
-50 78 10 3
-50 79 10 3
-42 58 5 1
-42 57 7 1
-42 57 6 1
-42 57 5 1
-39 57 5 1
-37 56 5 1
-37 56 4 1
-22 62 14 0
-22 62 13 0
-21 61 13 0
-21 60 12 0
-21 61 12 0
-22 60 13 0
-23 61 13 0
-23 60 12 0
-23 61 12 0
-23 63 13 0
-22 64 13 0
-20 62 13 0
-20 62 12 0
-50 94 7 0
-8 83 10 0
-8 83 11 0
-7 81 10 0
-50 50 5 1
-50 50 4 1
-31 59 4 1
-28 80 7 1
-27 79 9 0
-43 56 2 1
-43 56 3 1
-47 96 5 1
-50 96 10 3
-50 97 10 1
-49 96 10 1
-49 97 10 1
-50 90 6 1
-49 90 6 1
-49 90 7 2
-49 90 8 3
-50 91 9 2
-49 91 9 6
-48 91 7 2
-48 91 8 1
-39 93 10 1
-38 95 9 1
-38 95 8 1
-38 95 7 1
-39 95 9 1
-39 95 8 5
-15 80 15 0
-16 79 15 0
-17 92 8 1
-16 78 14 0
-15 78 15 0
-14 79 16 0
-7 99 14 1
-7 99 15 1
-44 92 8 9
-44 92 7 13
-45 92 8 5
-15 53 10 2
-15 54 10 16
-26 53 12 1
-27 53 12 1
-32 61 5 5
-31 60 5 1
-32 56 13 1
-17 55 5 1
-19 96 10 1
-17 56 4 1
-16 56 4 1
-24 63 7 2
-23 62 7 5
-19 65 8 1
-24 52 12 0
-23 51 12 0
-24 51 12 0
-23 50 12 0
-31 64 7 2
-21 77 9 1
-21 76 10 1
-21 76 9 1
-43 57 7 1
-24 78 6 1
-24 77 6 1
-48 70 4 3
-48 70 3 1
-49 70 4 14
-45 97 37 0
-44 97 37 0
-45 97 38 0
-44 97 38 0
-44 98 37 0
-46 99 37 0
-23 80 14 0
-23 80 13 0
-50 97 35 1
-50 98 35 1
-41 55 11 8
-49 97 35 1
-49 98 35 1
-33 65 9 2
-46 97 39 0
-38 94 5 1
-23 60 8 1
-38 60 3 1
-31 69 14 1
-46 97 36 0
-35 60 6 1
-8 50 10 3
-6 51 13 0
-38 90 6 1
-38 89 8 0
-38 90 7 0
-36 89 5 1
-15 59 13 0
-15 60 13 0
-36 87 12 1
-36 87 11 1
-16 65 13 0
-31 67 9 1
-31 67 10 1
-14 61 13 0
-31 68 9 2
-31 68 10 1
-18 73 12 1
-20 75 11 0
-20 73 12 0
-22 74 11 0
-21 73 12 0
-21 74 12 0
-20 91 28 0
-20 90 29 0
-20 90 28 0
-40 60 11 1
-40 60 10 1
-20 78 11 1
-21 77 12 0
-21 77 11 1
-6 78 13 0
-15 52 9 1
-15 53 9 1
-17 82 14 0
-48 93 8 0
-20 86 22 0
-21 87 22 0
-22 86 21 0
-23 86 21 0
-21 59 14 0
-47 91 10 1
-47 91 9 1
-46 90 6 1
-46 89 6 1
-31 70 14 1
-24 68 11 0
-26 69 12 0
-32 63 12 0
-32 63 13 1
-37 60 14 1
-40 61 10 1
-40 61 11 1
-40 61 12 1
-39 61 10 1
-39 61 11 1
-15 65 16 0
-21 79 14 0
-2 68 11 1
-5 68 9 5
-5 68 10 2
-5 68 11 1
-4 68 11 1
-23 92 30 0
-5 67 11 1
-23 93 30 0
-2 92 13 0
-3 92 14 0
-3 92 15 0
-15 62 14 0
-23 90 25 0
-25 90 23 1
-25 91 23 1
-24 91 23 1
-23 89 25 0
-24 89 24 0
-38 62 11 1
-31 98 9 1
-37 59 4 1
-22 80 13 0
-45 51 2 2
-8 51 14 0
-26 89 12 0
-24 92 12 1
-49 76 7 2
-48 95 4 1
-48 96 4 1
-41 56 14 1
-39 56 10 1
-40 56 11 5
-37 54 12 1
-37 54 11 7
-18 63 15 0
-18 61 14 0
-18 61 13 0
-19 62 14 0
-3 96 14 0
-3 95 15 0
-3 96 15 0
-4 96 14 0
-4 96 15 0
-21 88 24 0
-34 77 11 0
-33 76 10 0
-33 77 11 0
-36 82 9 1
-33 61 13 0
-31 61 12 1
-32 61 13 1
-32 61 11 1
-16 66 8 1
-19 66 9 1
-19 67 9 0
-20 69 9 0
-8 58 10 1
-11 85 8 1
-16 68 6 1
-45 94 7 1
-45 95 7 1
-19 54 4 1
-20 72 9 1
-16 69 6 1
-37 56 12 1
-18 69 6 1
-17 70 7 2
-15 50 14 0
-18 71 6 1
-18 70 6 1
-17 71 7 1
-32 56 12 1
-32 55 12 1
-31 55 13 2
-15 69 7 1
-15 68 8 1
-15 68 7 1
-16 68 7 1
-15 69 8 2
-19 72 9 1
-15 70 6 1
-16 70 6 1
-17 70 6 1
-10 83 10 1
-27 82 10 0
-14 75 8 1
-14 74 8 1
-15 82 9 1
-10 88 12 0
-9 86 11 0
-2 84 15 0
-16 80 14 0
-12 81 13 0
-12 81 14 0
-15 79 14 0
-34 55 9 1
-40 61 7 1
-40 59 9 1
-40 60 8 1
-40 60 9 1
-46 92 5 1
-47 90 6 1
-30 68 12 0
-46 97 37 0
-48 98 38 0
-32 68 11 1
-17 83 8 0
-19 83 8 0
-21 84 9 1
-21 84 10 1
-21 84 11 1
-20 83 8 1
-21 83 7 1
-40 57 5 2
-45 74 4 1
-45 74 5 1
-47 75 3 1
-47 75 4 1
-47 75 5 1
-50 70 3 1
-50 70 4 1
-34 95 5 1
-34 94 5 1
-38 97 7 1
-37 96 9 2
-41 81 8 1
-32 52 8 1
-42 81 7 2
-43 81 7 1
-42 81 11 1
-42 80 11 1
-42 80 10 1
-37 50 12 2
-24 67 11 0
-24 67 12 0
-27 89 10 1
-27 89 14 0
-25 88 13 0
-30 88 10 1
-30 87 10 1
-30 86 10 1
-28 88 13 0
-30 87 13 1
-15 67 8 1
-17 66 8 1
-16 67 8 1
-45 94 8 1
-19 68 6 1
-38 58 4 1
-32 51 8 1
-31 50 9 6
-31 50 8 2
-32 55 15 1
-42 52 9 0
-41 53 9 0
-44 72 7 1
-7 75 14 0
-8 73 13 0
-21 77 8 1
-18 88 16 0
-18 88 14 0
-19 70 14 0
-20 61 11 0
-17 63 14 0
-37 92 8 0
-37 92 7 0
-38 93 7 1
-28 88 9 1
-28 89 9 1
-34 91 6 1
-20 50 9 0
-24 60 6 1
-26 89 9 1
-26 90 9 1
-27 89 12 0
-24 52 14 0
-29 64 9 29
-29 64 10 3
-39 60 3 1
-40 60 3 1
-48 77 12 1
-48 76 12 1
-17 87 13 0
-42 54 11 4
-43 55 11 1
-44 89 7 1000
-46 54 4 7
-46 53 5 1003
-32 55 14 1
-31 55 14 3
-50 92 9 1
-21 63 11 1
-22 63 11 1
-36 95 9 0
-36 96 7 1
-37 96 6 1
-37 97 6 1
-37 97 7 2
-37 97 8 4
-37 94 9 0
-18 62 7 0
-22 78 9 1
-31 59 9 1
-10 74 10 1
-29 78 8 1
-24 53 7 1
-24 53 6 1
-24 52 7 1
-24 52 6 1
-45 94 9 1
-46 93 9 7
-47 94 10 1
-46 93 10 1
-46 94 10 2
-2 72 9 1
-2 72 10 1
-2 72 11 4
-1 72 9 1
-1 72 10 1
-1 72 11 3
-7 70 8 1
-7 70 9 1
-7 70 10 1
-7 71 8 1
-7 71 9 1
-7 71 10 1
-6 71 8 1
-6 71 9 3
-6 71 10 1
-22 58 13 0
-11 85 11 0
-42 55 2 1
-47 77 8 0
-50 98 9 1
-50 98 10 1
-47 75 8 1
-38 51 10 1
-39 51 12 1
-39 51 11 2
-39 51 10 9
-39 50 12 1
-39 50 11 1
-39 50 10 5
-38 50 11 1
-35 52 13 1
-36 52 13 1
-46 79 11 1
-47 79 11 1
-45 76 10 0
-15 91 13 2
-14 91 11 1
-14 91 12 1
-14 91 13 1
-40 54 9 0
-14 92 12 1
-14 92 13 1
-17 91 13 1
-16 91 11 1
-16 91 12 2
-16 91 13 1
-17 91 10 1
-16 91 10 1
-15 91 10 1
-17 93 14 0
-18 92 8 1
-18 93 8 1
-23 79 13 0
-23 79 14 0
-24 80 15 0
-44 89 8 1
-19 60 8 2
-46 76 13 1
-46 75 13 1
-47 77 13 1
-47 76 13 1
-47 75 13 1
-48 77 13 1
-48 76 13 1
-48 75 13 1
-3 66 12 0
-21 98 34 0
-22 99 35 0
-22 99 34 0
-22 98 35 0
-22 98 34 0
-6 66 14 0
-25 73 10 1
-19 63 10 0
-19 63 9 0
-17 64 8 0
-21 70 10 0
-20 71 12 0
-23 66 9 1
-22 66 9 2
-3 98 15 0
-3 97 14 0
-4 97 15 0
-4 97 14 0
-24 68 13 0
-23 69 13 0
-23 69 12 0
-22 70 11 0
-15 84 7 1
-42 51 13 0
-25 53 11 1
-41 52 12 0
-41 52 14 0
-31 68 12 0
-3 72 11 3
-4 69 12 0
-6 69 11 0
-6 70 11 0
-3 72 10 17
-3 72 9 1
-29 74 11 0
-29 73 12 0
-33 53 14 1
-33 52 14 1
-10 82 10 0
-36 53 11 2
-36 53 10 2
-36 53 9 1
-37 53 11 1
-37 53 10 3
-38 53 11 7
-38 53 10 8
-29 75 11 0
-30 73 9 0
-29 71 9 1
-30 71 8 1
-29 71 8 1
-50 78 5 1
-31 83 8 1
-43 51 1 1
-43 50 1 1
-5 71 10 1000
-5 71 9 4
-5 71 8 1
-4 70 11 0
-3 70 11 1
-19 89 11 1
-3 60 10 0
-36 52 14 1
-32 67 12 0
-1 71 9 1
-1 71 10 2
-1 71 11 1
-4 69 9 3
-3 69 9 2
-3 69 10 7
-2 69 9 1
-26 52 11 2
-27 53 11 1
-14 72 15 0
-14 72 11 0
-22 96 12 1
-22 96 11 1
-22 96 10 1
-25 52 10 1
-35 90 7 1
-35 90 6 1
-5 73 12 0
-22 93 32 0
-21 92 32 0
-21 93 33 0
-10 78 11 0
-9 77 11 0
-8 77 12 0
-8 77 10 0
-43 56 8 1
-7 78 11 0
-18 94 13 1
-48 53 4 1
-38 58 12 2
-44 82 9 0
-45 81 9 1
-45 80 7 1
-45 80 8 1
-45 80 9 3
-45 80 10 1
-45 81 10 1
-45 81 7 1
-43 80 6 1
-42 80 6 1
-42 81 6 1
-41 81 6 1
-44 83 6 1
-45 82 5 1
-45 83 5 1
-20 81 13 0
-21 81 13 0
-20 81 14 0
-21 81 14 0
-28 51 12 1007
-24 77 12 0
-42 56 6 3
-42 56 5 2
-16 53 10 0
-36 75 8 0
-14 64 13 0
-15 65 12 1
-47 71 4 1
-49 92 4 1
-49 92 5 2
-16 85 11 1
-16 85 10 2
-38 78 9 11
-38 79 8 1
-36 81 12 1
-45 75 6 1
-37 81 11 1
-50 52 3 3
-50 52 5 3
-50 52 6 1
-10 60 12 2
-19 97 17 0
-30 77 9 3
-15 78 11 1
-14 77 12 0
-14 77 13 0
-14 77 11 1
-13 78 12 0
-21 61 14 0
-38 56 4 1
-32 63 14 1
-12 82 7 1
-11 83 12 0
-9 82 11 0
-45 74 3 1
-23 64 12 0
-29 91 15 1
-36 95 11 0
-38 96 10 1
-33 96 11 1
-29 91 11 1
-30 90 10 1
-30 91 10 1
-30 92 10 1
-29 91 10 1
-29 92 10 1
-28 92 10 1
-30 89 12 1
-31 88 11 1
-31 88 12 1
-31 88 13 1
-15 89 11 0
-16 90 13 0
-16 90 14 0
-16 90 10 1
-17 89 9 1
-32 67 8 1
-31 66 6 1
-34 60 11 0
-21 58 13 0
-20 56 12 0
-19 58 12 0
-24 66 12 0
-23 68 12 0
-25 67 13 0
-28 68 12 0
-16 93 12 4
-16 93 11 2
-17 93 13 1
-18 93 13 1
-18 93 11 2
-19 93 13 1
-19 93 12 1
-19 93 11 2
-18 93 12 3
-19 92 10 1
-20 92 11 1
-20 92 10 1
-37 51 14 1
-28 72 10 0
-35 66 9 1
-34 63 7 0
-48 93 37 0
-50 97 38 0
-48 96 37 0
-22 60 14 0
-37 58 12 0
-34 53 15 1
-34 53 16 1
-36 60 13 1
-36 60 12 1
-26 65 6 1
-26 66 6 1
-49 78 7 1
-50 80 8 1
-50 80 9 1
-50 81 7 1
-50 81 8 1
-50 81 9 1
-48 79 10 1
-47 82 6 1
-22 95 31 0
-30 80 10 0
-22 94 31 0
-41 83 6 1
-40 82 6 1
-18 60 8 0
-18 60 7 0
-11 80 10 0
-11 80 11 0
-30 74 9 2
-30 75 9 1
-18 59 6 1
-11 66 11 1
-11 65 11 1
-11 66 12 12
-14 65 14 0
-13 66 14 0
-14 65 9 1
-14 66 15 0
-39 52 13 0
-3 70 9 2
-5 70 8 1
-5 69 8 1
-2 69 11 1
-48 72 5 1
-49 89 7 1
-50 91 8 2
-35 53 3 1
-10 84 10 1
-6 71 13 0
-35 63 6 1
-35 63 7 1
-35 63 8 1
-22 82 11 1
-24 78 9 1
-47 77 12 1
-47 76 12 2
-47 75 12 1
-43 75 6 1
-43 51 2 3
-28 73 7 1
-43 53 6 18
-47 90 9 5
-19 57 7 4
-19 57 6 1
-47 89 9 3
-33 63 8 0
-19 88 10 1
-19 88 11 1
-19 88 12 1
-38 55 8 1000
-38 54 8 1
-37 51 9 2
-37 50 9 10
-37 50 8 12
-38 51 9 4
-38 50 9 1
-38 50 8 1
-50 53 4 4
-50 53 5 6
-8 53 12 1
-8 53 13 0
-10 52 12 1
-41 86 9 0
-16 90 8 1
-44 87 11 1
-15 89 8 1
-45 88 11 1
-25 79 9 1
-23 79 9 1
-45 86 11 1
-49 71 5 12
-48 71 3 1
-26 79 12 0
-27 79 12 0
-26 79 11 1
-33 50 8 2
-33 51 8 4
-33 63 11 0
-48 92 5 1
-39 91 8 1
-39 87 6 1
-38 86 5 1
-39 89 9 0
-38 90 5 1
-36 90 7 3
-36 90 10 1
-39 78 10 2
-18 50 13 0
-37 59 11 1
-7 67 13 0
-37 60 10 1
-37 60 11 1
-6 67 13 0
-38 57 13 1
-25 98 13 1
-15 60 11 2
-42 57 11 1
-49 95 5 1
-25 99 13 1
-29 99 15 0
-42 76 9 1
-8 51 12 1
-6 50 10 1
-7 50 12 1
-39 57 12 3
-38 54 3 1
-40 86 5 1
-14 51 11 6
-40 74 6 1
-40 75 6 1
-39 74 6 1
-39 75 6 1
-40 77 7 4
-27 94 10 1
-27 93 10 1
-27 92 10 1
-28 94 10 1
-28 93 10 1
-29 94 10 1
-42 53 12 1
-2 84 11 1
-37 88 7 4
-4 66 9 3
-26 90 10 1
-50 78 2 1
-28 63 6 1
-32 68 9 1
-5 63 7 1
-32 69 7 1
-10 83 7 1
-50 68 4 3
-38 51 16 1
-37 51 16 1
-44 82 5 2
-13 79 13 0
-13 79 11 0
-1 78 14 0
-4 81 12 0
-4 81 14 0
-4 81 13 0
-3 81 12 0
-14 80 10 0
-46 78 10 3
-48 74 4 6
-5 78 10 1
-5 78 11 1
-39 56 4 1
-47 72 5 1
-5 77 10 1
-4 78 12 1
-27 99 16 0
-47 72 3 1
-27 99 14 0
-15 79 12 0
-6 51 10 1
-11 53 8 3
-22 95 33 0
-22 95 32 0
-11 51 7 1
-2 74 13 1
-29 76 8 1
-19 68 12 0
-3 77 13 1
-4 77 12 0
-5 79 11 1
-5 79 12 1
-4 79 12 1
-3 79 12 1
-20 89 26 0
-24 89 27 0
-12 82 10 0
-12 82 9 0
-10 83 11 0
-12 84 11 0
-27 75 6 1
-28 75 6 1
-22 88 17 0
-28 74 7 2
-22 89 17 0
-21 88 16 0
-21 88 17 0
-31 75 8 1
-21 89 17 0
-31 73 8 1
-28 76 9 0
-28 76 10 0
-19 61 14 0
-26 74 9 1
-26 74 10 1
-36 63 14 1
-36 93 8 0
-37 93 7 0
-37 93 8 0
-40 94 6 1
-23 56 10 0
-23 56 11 0
-43 53 1 1
-32 60 4 1
-42 54 7 13
-42 56 8 1
-30 51 15 1
-5 64 11 0
-4 65 11 0
-16 50 13 0
-37 58 11 0
-39 59 12 1
-39 59 13 1
-38 59 12 3
-31 70 10 4
-31 70 11 8
-31 70 12 3
-32 67 11 0
-35 67 12 1
-17 56 9 0
-7 78 12 0
-19 50 8 1
-21 51 10 0
-39 57 14 1
-26 53 11 1
-30 52 12 1
-32 54 10 1
-40 55 2 1
-39 56 5 0
-40 54 14 1
-42 83 7 1
-42 83 11 1
-41 83 9 1
-16 51 11 0
-17 51 13 0
-17 51 14 0
-17 51 10 0
-43 90 7 1
-43 90 8 1
-30 64 7 4
-30 63 7 7
-30 63 10 9
-30 63 9 23
-4 63 10 0
-46 75 8 1
-37 81 8 1
-37 81 9 1
-13 62 8 1
-14 63 9 1
-20 87 16 0
-19 85 16 0
-49 96 5 1
-17 86 15 0
-47 82 8 5
-47 82 9 1
-18 57 12 0
-49 96 6 3
-31 61 14 1
-32 70 14 1
-12 64 13 0
-11 63 13 0
-42 88 5 1
-43 89 6 2
-43 89 9 1
-22 83 11 1
-14 63 14 0
-14 65 15 0
-14 65 16 0
-38 60 11 2
-28 51 11 1
-19 57 9 0
-19 56 9 1
-38 62 9 1
-37 62 9 1
-37 61 6 1
-50 72 7 1
-50 72 6 1
-33 52 15 6
-38 89 5 1
-47 53 5 1000
-48 51 6 1
-33 97 10 0
-33 99 10 0
-33 99 11 1
-33 99 6 2
-10 54 13 0
-9 54 12 1
-6 83 9 1
-11 66 10 1
-13 61 12 0
-12 61 13 0
-37 51 10 1
-37 51 11 2
-36 51 8 1
-36 52 8 2
-35 51 8 1
-26 68 7 1
-26 67 7 1
-27 68 7 1
-27 67 7 1
-30 52 13 2
-34 52 13 1
-31 51 14 1
-30 50 14 1
-30 51 14 1
-49 54 6 1
-20 96 32 0
-20 96 33 0
-20 97 32 0
-20 97 33 0
-19 96 32 0
-33 63 13 0
-33 63 14 0
-19 60 9 1
-27 62 10 1
-7 70 14 0
-7 70 13 0
-5 70 14 0
-7 71 12 0
-3 76 12 4
-40 57 6 20
-28 75 10 0
-31 64 3 1
-31 63 3 1
-49 93 7 0
-49 93 6 0
-1 81 16 0
-48 95 8 1
-49 92 7 1
-50 74 5 1
-50 75 5 1
-20 52 8 1
-18 52 4 1
-18 51 4 1
-19 53 4 1
-19 52 4 1
-19 51 4 1
-2 75 13 1
-2 75 12 2
-2 75 11 1
-3 75 11 14
-35 59 8 0
-9 77 7 1
-8 77 7 1
-7 77 7 1
-34 68 9 1
-33 68 9 1
-32 65 13 0
-20 80 8 3
-19 79 7 1
-19 80 7 1
-34 51 12 1
-34 51 11 1
-39 73 9 1
-12 54 9 1000
-49 73 3 1
-15 61 9 1
-8 59 13 1
-8 59 12 1
-20 94 12 1
-12 83 12 0
-7 76 13 0
-7 76 11 0
-6 76 12 0
-13 55 11 1
-14 50 9 1
-14 51 6 0
-11 55 7 1
-11 55 8 2
-20 63 9 2
-30 72 13 1
-31 72 13 1
-13 50 9 1
-14 50 11 4
-28 53 14 1
-25 51 12 1
-46 76 12 2
-46 77 12 1
-17 79 7 1
-20 95 13 1
-20 96 13 1
-17 78 7 1
-11 51 8 2
-45 92 10 1
-50 97 36 1
-50 97 37 4
-18 53 7 1
-20 53 7 3
-19 53 7 3
-20 56 7 3
-26 82 10 0
-26 82 11 0
-25 82 11 2
-28 97 14 1
-32 61 12 1
-19 62 5 1
-20 64 5 1
-20 63 5 1
-20 62 5 1
-18 65 6 1
-50 54 6 1
-17 67 8 1
-35 89 5 1
-18 66 5 1
-18 65 5 1
-19 66 5 1
-19 65 5 1
-39 58 6 1
-30 55 12 1
-20 65 5 1
-21 68 8 1
-16 68 8 1
-17 66 6 1
-18 66 6 1
-18 67 7 2
-20 67 9 0
-17 67 6 1
-18 67 6 1
-49 55 7 1
-45 95 6 1
-11 82 11 0
-11 84 12 0
-20 68 9 0
-34 64 3 1
-19 69 6 1
-34 64 5 1
-21 85 14 0
-19 85 13 0
-19 85 15 0
-19 85 14 0
-18 85 13 0
-19 84 13 0
-18 85 15 0
-18 85 14 0
-19 84 14 0
-17 83 13 0
-17 83 15 0
-17 83 14 0
-40 55 12 1
-41 53 10 1
-42 51 11 0
-42 52 10 0
-48 90 4 1
-35 64 8 2
-36 74 10 1
-36 74 9 1
-35 52 11 1
-35 52 10 1
-36 52 12 1
-36 52 11 1
-36 52 10 1
-37 52 12 1
-34 68 12 1
-37 52 10 3
-19 95 11 1
-20 94 11 1
-30 60 9 1
-15 66 18 0
-16 66 18 0
-17 64 17 0
-17 64 18 0
-17 64 16 0
-16 63 18 0
-15 62 17 0
-15 63 18 0
-15 62 16 0
-14 63 18 0
-15 64 18 0
-41 52 2 1
-40 50 3 2
-24 60 7 1
-10 81 11 0
-6 83 11 1
-6 82 10 1
-6 81 11 1
-49 50 5 1
-38 54 7 1
-38 54 6 1
-38 54 5 3
-38 56 7 0
-38 56 6 0
-34 80 9 0
-36 63 10 1
-35 63 10 1
-3 77 12 2
-16 94 13 1
-18 96 12 0
-19 96 13 1
-39 50 5 1
-21 63 13 0
-20 62 11 0
-40 59 10 1
-44 55 3 1
-27 65 10 1
-26 65 11 0
-26 65 9 1
-27 64 8 4
-27 79 10 0
-28 82 11 0
-24 83 12 1
-24 82 12 1
-25 83 12 1
-18 63 11 0
-45 50 3 16
-39 56 14 1
-40 57 14 1
-3 59 10 0
-4 58 10 0
-6 59 11 0
-6 59 10 0
-35 56 3 1
-25 75 8 0
-22 55 7 5
-21 54 6 1
-21 55 6 1
-21 55 7 2
-19 52 7 3
-22 55 8 2
-22 55 10 1
-5 66 8 1
-30 79 13 0
-42 74 6 1
-48 80 13 1
-48 79 13 1
-48 78 13 1
-50 80 11 1
-50 80 10 1
-48 83 6 1
-48 82 6 1
-47 81 9 1
-47 80 9 1
-45 80 13 1
-45 79 13 1
-23 99 33 0
-29 72 6 1
-18 59 10 0
-14 64 20 0
-21 80 11 1
-14 76 12 0
-14 76 11 1
-47 94 37 0
-17 92 13 1
-32 62 12 1
-17 90 11 0
-17 89 12 0
-17 89 11 1
-18 88 10 1
-18 88 11 1
-18 88 12 1
-18 89 10 1
-34 60 7 1
-35 59 7 0
-36 59 7 0
-36 61 6 1
-36 62 7 1
-22 62 12 0
-20 80 10 8
-20 80 9 1000
-25 61 9 6
-26 61 11 1
-31 79 7 1
-26 61 9 1
-39 77 6 1
-39 78 6 1
-46 79 10 1
-34 63 5 0
-50 71 3 1
-48 71 7 1
-48 70 7 1
-48 70 6 1
-48 70 5 1
-49 71 7 1
-49 70 7 1
-49 70 6 1
-16 83 14 0
-16 83 15 0
-15 82 14 0
-15 82 15 0
-15 83 14 0
-15 83 15 0
-38 60 14 1
-34 58 9 1
-32 58 8 1
-31 54 12 1
-34 59 8 1
-13 59 7 1
-21 82 13 0
-8 82 11 0
-6 82 9 1
-21 79 13 0
-22 69 10 1
-22 69 9 1
-23 69 11 1
-22 55 9 1
-24 54 8 1
-19 58 11 0
-33 64 11 0
-31 65 11 0
-32 63 11 1
-40 59 8 1
-39 59 5 8
-28 53 17 1
-28 79 6 1
-48 54 2 1
-47 54 2 1
-25 50 9 1
-27 61 9 1
-16 58 10 0
-29 52 11 1
-33 53 15 2
-29 51 13 2
-50 55 3 5
-5 78 9 1
-5 80 9 1
-42 89 6 4
-11 64 9 1
-11 63 9 1
-34 50 15 1
-27 68 12 0
-25 71 11 1
-25 71 9 1
-25 70 10 1
-25 70 9 1
-21 55 12 0
-22 53 11 0
-19 55 10 0
-38 54 12 0
-10 53 9 1
-12 53 9 1
-8 85 8 1
-20 61 9 4
-20 61 8 1000
-21 61 8 1
-28 50 12 1000
-28 50 16 0
-28 55 13 1
-28 54 13 1
-28 55 14 1
-28 54 14 1
-28 52 16 0
-30 60 6 1
-31 60 6 1
-32 60 6 17
-47 53 3 4
-46 52 5 1
-46 52 4 1000
-47 52 5 12
-22 59 7 7
-31 74 8 1
-30 73 8 1
-30 75 8 1
-28 74 12 0
-29 75 6 1
-13 63 14 0
-16 63 14 0
-21 97 16 0
-20 96 17 0
-31 54 11 1
-40 61 9 1
-50 53 8 1
-50 53 7 1
-50 52 8 1
-14 55 12 1
-23 90 29 0
-23 90 28 0
-21 90 30 0
-21 90 28 0
-46 95 7 1
-46 95 8 1
-23 56 8 1
-25 79 10 1
-25 79 14 0
-46 97 38 0
-46 95 38 0
-45 98 38 0
-45 95 38 0
-44 99 37 0
-43 99 37 0
-43 99 38 0
-43 96 37 0
-43 96 38 0
-42 97 37 0
-42 97 38 0
-44 99 38 0
-11 67 12 1
-2 70 8 1
-22 92 30 0
-25 99 11 1
-25 99 10 1
-25 98 12 1
-25 98 11 1
-25 98 10 1
-25 97 10 1
-26 99 12 1
-26 99 11 1
-21 88 18 0
-22 89 18 0
-23 89 18 0
-50 93 38 0
-24 87 18 0
-23 86 18 0
-22 86 18 0
-22 85 18 0
-20 86 18 0
-20 56 9 1
-20 56 8 1000
-21 56 10 1
-39 59 10 1
-40 59 12 1
-41 59 12 1
-38 58 11 0
-39 56 2 1
-39 57 2 1
-38 55 2 1
-38 56 2 1
-36 56 4 3
-43 55 5 1
-43 55 6 1
-43 55 7 1
-43 56 5 1
-43 56 6 1
-43 56 7 1
-29 66 6 1
-16 53 9 1
-18 65 11 1
-17 65 9 1
-2 59 10 0
-8 86 12 0
-8 86 15 0
-8 84 14 0
-8 84 13 0
-8 85 13 0
-10 85 14 0
-23 79 10 3
-10 86 14 0
-9 86 14 0
-10 86 13 0
-9 86 13 0
-10 87 14 0
-10 88 13 0
-8 88 13 0
-6 86 13 0
-10 63 9 1
-42 52 4 3
-43 84 11 1
-20 52 13 0
-20 53 13 0
-4 66 13 0
-22 64 11 1
-23 82 9 1
-23 65 9 1
-32 63 10 1
-10 66 15 1
-9 65 15 1
-9 66 15 1
-8 66 14 1
-8 66 15 1
-27 61 10 1
-5 74 10 3
-4 74 10 3
-7 61 13 2
-28 50 14 1
-34 60 3 1
-33 60 3 1
-6 87 12 0
-6 87 13 0
-39 54 5 8
-41 55 8 4
-35 98 8 3
-45 52 7 1
-28 95 12 2
-28 95 13 3
-27 95 11 2
-27 95 12 2
-27 95 13 1
-26 95 11 1
-5 87 13 0
-4 85 15 0
-3 85 15 0
-1 84 18 0
-1 85 18 0
-1 85 17 0
-1 86 16 0
-1 86 18 0
-1 84 16 0
-1 84 17 0
-1 85 16 0
-1 86 17 0
-1 83 16 0
-8 78 8 1
-19 73 10 1
-19 74 10 1
-19 74 11 1
-19 74 12 1
-18 73 10 1
-18 74 10 1
-18 74 11 1
-18 74 12 1
-16 62 8 0
-16 62 7 0
-17 63 8 0
-17 63 9 1
-17 63 7 0
-17 61 10 0
-17 61 6 2
-18 60 5 1
-48 78 3 1
-48 78 4 1
-48 78 5 1
-35 61 8 0
-29 51 12 5
-28 63 10 4
-23 60 11 0
-23 60 10 1
-39 75 7 4
-48 55 6 3
-29 78 11 0
-30 78 12 0
-31 78 12 0
-32 79 12 0
-31 77 12 0
-32 77 12 0
-20 67 10 0
-16 50 9 0
-14 52 8 0
-37 62 5 5
-49 73 4 1008
-49 73 5 1
-37 95 10 1
-34 59 9 1
-26 90 12 1
-25 89 11 0
-25 89 13 0
-33 66 6 1
-14 92 11 1
-35 53 12 1
-15 56 8 0
-17 81 12 1
-17 81 13 0
-28 62 12 1
-7 66 13 1
-7 66 12 1
-20 98 33 0
-19 93 10 1
-8 52 11 1
-8 52 12 1
-18 87 13 0
-18 87 17 0
-7 80 11 0
-50 52 2 1
-30 50 11 1
-21 88 21 0
-21 88 22 0
-3 78 9 1
-45 91 8 0
-45 84 5 1
-13 84 10 0
-11 84 8 3
-23 60 6 1
-11 84 7 1
-11 85 7 1
-29 96 12 1000
-29 97 14 1
-18 89 17 0
-20 89 15 0
-20 89 16 0
-5 66 10 1
-3 77 10 1
-19 91 16 0
-35 66 10 2
-33 66 8 2
-31 50 18 1
-31 51 18 1
-30 50 16 1
-9 60 13 3
-27 67 11 1
-27 68 11 1
-29 69 7 1
-35 65 6 1
-40 53 10 1
-40 53 9 1000
-45 72 5 1
-35 96 5 1
-36 96 5 1
-35 95 6 2
-35 95 10 1
-13 74 9 1
-34 91 11 1
-35 92 11 1
-35 91 11 1
-36 92 11 1
-36 92 10 2
-36 91 11 1
-35 93 8 1
-37 98 6 1
-38 98 6 1
-38 97 6 1
-39 98 6 1
-39 97 6 1
-39 96 6 1
-45 72 4 1
-45 72 3 1
-24 72 9 1
-46 73 4 1
-24 72 10 1
-24 72 11 1
-23 70 9 1
-39 98 7 1
-39 97 9 1
-39 97 8 1
-28 71 11 0
-41 77 7 5
-41 79 10 1
-40 78 9 8
-41 78 8 11
-41 78 7 1
-28 62 8 1
-28 63 8 4
-40 79 10 2
-34 99 5 1
-33 98 6 1
-33 98 11 0
-33 98 10 0
-35 97 10 1
-35 98 10 1
-35 98 9 4
-21 60 11 0
-20 60 10 1
-32 64 11 0
-34 62 11 0
-17 60 5 3
-50 96 36 1
-40 56 5 1
-6 71 14 0
-37 56 11 1
-38 55 11 0
-21 62 7 1
-21 63 7 2
-35 54 11 1
-35 53 11 1
-36 62 8 1
-31 73 12 1
-28 80 12 0
-46 84 10 1
-35 94 10 1
-5 93 12 1
-24 80 12 0
-18 67 13 0
-24 82 9 1
-24 82 10 1
-24 83 10 1
-8 61 9 2
-13 62 12 0
-8 60 11 4
-8 60 10 2
-12 61 12 0
-11 62 12 0
-8 60 9 5
-7 61 10 1
-5 62 10 0
-23 62 10 1004
-26 61 10 1
-20 85 17 0
-4 65 12 0
-44 89 9 1
-43 88 8 1
-29 64 5 1
-32 80 9 0
-20 83 15 0
-30 65 5 3
-47 74 11 1
-9 86 8 1
-23 83 8 1
-23 83 9 1
-31 62 6 5
-32 63 7 0
-33 66 7 4
-33 65 6 4
-33 64 6 3
-34 66 8 1
-34 53 7 1
-34 66 6 1
-34 65 8 7
-34 65 7 3
-34 65 6 3
-48 55 5 8
-48 54 6 1
-10 66 11 1
-33 79 10 0
-41 50 9 1
-9 65 11 5
-8 66 12 2
-8 67 14 1
-8 67 13 1
-25 67 9 7
-39 89 7 1
-1 67 9 1
-10 61 12 30
-36 78 9 1
-34 66 13 1
-33 68 10 3
-33 61 3 1
-19 72 11 2
-19 72 12 1
-16 54 12 0
-21 86 15 0
-31 65 7 1
-16 86 15 0
-16 86 14 0
-15 86 15 0
-37 58 5 1
-5 52 12 0
-5 50 13 0
-8 52 14 0
-23 90 27 0
-23 91 26 0
-13 65 12 1
-13 65 13 0
-26 53 10 1
-25 53 10 1
-12 65 13 0
-13 67 14 0
-21 90 27 0
-21 91 27 0
-15 94 11 1
-15 94 12 1
-15 94 13 1
-17 93 10 1
-30 61 13 1
-42 53 1 1
-42 52 1 1
-42 51 1 1
-10 53 13 0
-24 62 12 1
-24 61 12 1
-25 62 12 1
-24 61 11 2
-24 62 9 1
-25 62 11 2
-25 62 10 8
-25 62 9 10
-43 50 8 1
-47 83 6 1
-2 92 15 0
-2 92 14 0
-1 92 13 0
-28 71 12 0
-27 71 10 2
-48 83 9 1
-27 72 9 1
-26 72 9 1
-26 72 10 1
-19 55 14 0
-29 72 11 0
-28 72 12 0
-30 73 11 0
-20 92 29 0
-16 81 7 1
-16 82 8 1
-17 79 8 2
-8 55 10 2
-8 55 9 1
-22 67 12 0
-24 79 10 2
-29 92 15 1
-28 92 15 1
-41 99 35 0
-13 63 11 0
-4 68 13 0
-14 64 11 3
-15 61 11 1
-23 95 34 0
-37 59 12 1
-21 69 12 0
-5 76 11 1
-5 76 10 1
-49 91 7 8
-24 82 11 1
-38 94 9 3
-35 92 6 1
-37 91 9 0
-14 64 15 0
-15 61 16 0
-20 69 11 1
-50 76 10 1
-50 75 7 2
-11 65 9 1
-50 56 2 1
-50 56 4 5
-27 76 10 0
-4 71 13 0
-26 99 15 0
-26 99 16 0
-37 57 5 0
-17 56 14 0
-43 77 11 1
-31 51 15 1000
-12 76 13 0
-15 63 14 0
-30 90 15 1
-29 91 14 1
-21 65 7 1
-21 65 6 1
-21 64 7 6
-21 64 6 1
-40 60 12 1
-34 54 11 1
-34 54 12 1
-21 70 14 0
-19 68 14 0
-21 68 14 0
-23 70 13 0
-21 72 14 0
-19 71 14 0
-19 89 16 0
-23 59 13 0
-23 59 12 0
-15 67 16 0
-16 67 14 0
-19 50 13 0
-4 80 13 0
-1 81 13 1
-1 81 12 4
-22 82 13 0
-36 66 6 1
-36 66 7 1
-50 91 4 1
-50 91 5 1
-50 91 6 1
-5 96 13 1
-49 94 6 0
-4 55 9 0
-49 91 5 1
-49 91 4 1
-41 59 9 1
-41 59 11 1
-10 66 14 1
-24 64 10 0
-5 57 10 0
-5 57 9 0
-17 54 15 0
-50 54 5 7
-16 57 4 1
-43 74 9 1
-22 75 9 1
-22 75 10 1
-22 75 13 0
-23 73 11 0
-15 55 4 1
-15 56 4 1
-19 56 6 1
-32 57 5 1
-6 75 14 0
-35 61 5 0
-29 54 16 9
-10 80 7 1
-10 81 7 1
-33 52 12 1
-33 52 13 1
-33 53 12 1
-38 53 13 0
-18 65 8 0
-19 51 13 0
-42 78 10 3
-4 62 7 1
-32 95 10 3
-41 50 10 1
-35 51 10 1
-49 51 6 1
-5 94 12 1
-7 69 9 1
-21 90 26 0
-22 91 27 0
-22 91 26 0
-22 90 27 0
-22 90 26 0
-20 87 22 0
-11 84 11 0
-24 76 9 1
-17 52 13 0
-33 72 12 1
-3 62 10 0
-23 72 9 1
-23 71 9 1
-38 55 3 1
-36 53 4 1
-48 78 10 0
-48 75 10 0
-16 67 10 1
-12 72 11 0
-50 51 2 1
-24 59 6 1
-24 59 7 1
-40 54 8 0
-23 58 8 1
-49 68 4 1
-49 68 5 1
-38 64 10 1
-38 64 11 1
-26 98 13 1
-26 98 12 1
-26 97 13 1
-26 97 12 1
-17 87 14 0
-18 86 14 0
-34 50 14 1
-33 50 13 6
-9 54 9 1
-4 99 14 0
-50 96 6 13
-26 61 14 1
-26 60 14 1
-26 59 14 1
-26 59 13 1
-23 62 13 0
-20 60 13 0
-20 60 12 0
-42 56 13 1
-38 55 13 0
-23 82 8 1
-24 82 7 1
-24 83 7 1
-44 98 36 0
-44 98 35 0
-46 87 7 1
-20 97 35 0
-20 97 34 0
-47 87 7 1
-20 96 34 0
-47 91 6 1
-3 79 13 1
-24 82 13 0
-48 82 8 1
-32 50 16 1001
-40 99 39 0
-16 76 11 1
-15 75 12 0
-23 67 9 2
-44 86 11 1
-45 87 11 1
-38 54 10 1
-37 54 10 8
-36 54 9 1
-10 79 7 1
-50 51 8 1
-50 51 7 1
-19 82 15 0
-19 82 14 0
-27 99 13 1
-27 98 13 1
-27 98 12 1
-42 52 6 1
-28 98 11 2
-28 99 12 1
-28 99 13 1
-21 55 9 4
-36 92 9 1
-37 93 9 0
-37 95 9 1
-37 95 8 1
-17 63 16 0
-40 77 11 1
-17 62 16 0
-14 62 16 0
-7 68 9 1
-31 61 11 1
-18 78 7 1
-40 50 4 1
-47 56 5 1
-5 62 7 1
-34 52 15 1
-34 52 16 1
-47 78 13 1
-21 82 7 1
-20 81 8 2
-11 61 9 1
-6 77 13 0
-3 76 11 1
-3 78 12 1
-5 78 13 0
-7 78 13 0
-8 77 13 0
-15 58 9 1
-5 63 11 0
-27 53 13 1
-27 52 15 1
-29 65 5 1
-29 66 5 1
-28 90 9 1
-27 89 9 1
-27 90 9 1
-17 68 11 1
-13 83 14 0
-3 69 12 0
-3 70 12 0
-5 71 12 0
-39 51 9 6
-22 65 8 1
-25 67 10 1
-8 78 13 0
-41 80 9 1
-41 80 8 1
-18 57 11 0
-21 99 35 0
-21 99 34 0
-21 98 35 0
-43 73 10 1
-35 59 13 0
-37 62 10 1
-37 50 3 1
-24 54 6 1
-24 54 7 1
-34 59 4 1
-49 78 12 1
-9 52 16 0
-10 53 16 0
-13 53 16 0
-13 50 15 0
-11 50 16 0
-10 51 16 0
-11 52 17 0
-43 97 37 0
-17 88 10 1
-13 65 9 1
-20 88 24 0
-12 50 16 0
-11 51 17 0
-37 55 8 32
-37 54 8 1
-25 90 21 1
-25 91 21 1
-8 55 13 0
-33 51 18 1
-33 50 18 1
-32 50 17 3
-9 51 12 1
-8 52 13 0
-8 51 13 0
-23 82 7 1
-24 83 8 1
-32 57 7 1
-20 59 10 1
-23 57 10 1
-23 57 11 0
-23 57 9 1
-21 56 12 0
-1 97 14 0
-9 50 16 0
-40 55 11 3
-40 52 11 0
-28 66 6 1
-18 64 15 0
-18 64 14 0
-18 62 14 0
-18 63 14 0
-20 63 14 0
-40 75 7 4
-40 74 9 3
-40 74 8 6
-40 74 7 1
-19 69 10 1
-19 69 9 1
-47 77 10 0
-43 79 11 1
-36 67 11 1
-34 57 8 2
-24 66 9 4
-22 68 11 1
-43 78 11 1
-16 53 11 1
-18 94 12 3
-8 55 11 1
-23 63 10 1000
-4 50 12 0
-12 51 11 1
-43 80 9 1
-43 80 7 1
-8 51 16 0
-27 73 10 0
-4 54 9 0
-31 89 11 1
-10 51 17 0
-10 51 18 0
-31 90 11 1
-27 70 8 1
-27 71 8 1
-27 74 6 1
-23 58 6 1
-23 57 6 1
-22 58 7 3
-22 58 12 0
-29 87 10 1
-28 85 10 1
-28 86 10 1
-28 87 10 1
-26 86 13 0
-26 86 14 0
-26 86 10 1
-27 85 9 1
-27 86 9 1
-27 87 9 1
-26 87 9 1
-25 87 9 1
-26 86 12 0
-27 86 13 0
-27 86 11 0
-9 60 12 23
-45 74 11 1
-45 74 10 4
-45 74 7 1
-7 59 9 0
-7 58 10 0
-7 59 10 0
-8 58 5 1
-7 56 5 1
-7 57 5 1
-7 58 5 1
-18 64 10 1000
-42 54 2 1
-43 54 2 1
-33 62 10 1
-28 80 9 0
-42 75 9 0
-20 59 11 0
-18 61 8 0
-5 79 14 0
-6 78 14 0
-3 77 14 0
-4 78 15 0
-17 53 7 0
-26 62 11 1