DAV_OBMAP v3 cell_size=10
-125 -15 50 0
-125 -16 50 0
-135 -10 6 0
-123 -16 51 0
-126 -4 7 0
-126 -5 7 0
-127 -5 7 0
-125 -6 7 0
-126 -7 7 0
-125 -7 7 0
-124 -6 7 0
-123 -7 7 0
-124 -7 8 0
-125 -5 5 0
-116 -35 3 2
-116 -35 4 1
-115 -35 2 1
-124 -15 50 0
-124 -16 50 0
-123 -18 17 2
-122 -19 17 1
-122 -18 17 1
-121 -18 16 1
-114 -36 4 1
-114 -36 5 1
-114 -36 6 1
-113 -36 4 1
-113 -36 5 2
-113 -36 6 2
-118 -35 5 0
-117 -36 5 0
-117 -36 6 0
-116 -37 5 0
-124 -15 16 0
-116 -37 6 0
-115 -36 5 0
-115 -36 6 0
-116 -35 7 0
-117 -36 2 1
-117 -36 3 1
-117 -36 4 1
-116 -36 2 1
-116 -36 3 2
-116 -36 4 1
-115 -36 2 1
-115 -36 3 2
-115 -36 4 1
-121 -18 17 1
-137 -11 1 1
-137 -10 1 1
-137 -9 1 1
-136 -9 1 1
-141 -8 5 0
-140 -8 5 0
-124 -16 17 0
-141 -8 6 0
-140 -8 6 0
-140 -8 4 1
-140 -6 5 0
-140 -6 6 0
-140 -6 4 1
-142 -7 6 0
-142 -10 5 0
-142 -9 6 0
-142 -10 4 1
-140 -9 4 1
-142 -8 7 0
-142 -8 4 1
-142 -8 3 1
-122 -15 19 2
-121 -17 19 1
-121 -16 19 1
-121 -15 19 1
-123 -14 19 1
-122 -14 19 1
-121 -14 19 1
-125 -15 18 0
-125 -16 18 0
-125 -17 18 0
-124 -19 19 1
-124 -18 19 1
-124 -17 19 1
-123 -19 19 1
-123 -18 19 2
-122 -19 19 1
-122 -18 19 1
-121 -18 19 1
-123 -16 20 1
-123 -15 20 1
-123 -14 20 1
-122 -16 20 2
-122 -15 20 2
-122 -14 20 1
-121 -16 20 1
-121 -15 20 1
-121 -14 20 1
-124 -15 18 0
-124 -16 18 0
-124 -19 20 1
-124 -18 20 1
-124 -17 20 1
-123 -19 20 1
-123 -18 20 2
-123 -17 20 1
-122 -19 20 1
-122 -18 20 1
-122 -17 20 2
-122 -3 20 1
-122 -3 21 1
-122 -3 22 1
-121 -4 20 1
-121 -3 20 1
-121 -3 21 1
-121 -3 22 1
-121 -17 20 1
-124 -15 19 0
-125 -15 19 0
-124 -16 19 0
-125 -16 19 0
-125 -17 19 0
-124 -19 21 1
-124 -18 21 1
-124 -17 21 1
-123 -19 21 1
-123 -18 21 2
-123 -17 21 1
-122 -19 21 1
-122 -18 21 1
-122 -17 21 2
-121 -18 20 1
-124 -6 20 0
-124 -6 19 0
-113 -37 4 1
-113 -37 5 1
-113 -37 6 1
-112 -37 4 1
-112 -37 5 2
-112 -37 6 2
-106 -37 7 0
-106 -35 8 0
-123 -16 21 1
-123 -15 21 1
-122 -16 21 2
-122 -15 21 2
-121 -17 21 1
-121 -16 21 1
-121 -15 21 1
-123 -14 21 1
-122 -14 21 1
-122 -7 19 1
-146 -11 2 1
-146 -11 3 1
-146 -11 4 1
-146 -10 2 1
-146 -10 3 1
-146 -10 4 1
-146 -9 2 1
-146 -9 3 1
-140 -7 6 0
-139 -7 6 0
-143 -9 3 1
-141 -6 5 0
-113 -38 4 1
-112 -39 4 1
-112 -38 4 1
-111 -39 4 1
-111 -38 4 1
-115 -36 7 0
-141 -8 3 2
-142 -9 2 1
-142 -9 3 1
-142 -8 2 1
-142 -7 2 1
-142 -7 3 1
-142 -7 4 1
-141 -9 2 1
-141 -9 3 2
-141 -9 4 1
-141 -8 2 1
-141 -8 4 1
-141 -7 2 1
-141 -7 3 1
-140 -9 2 1
-140 -9 3 1
-140 -8 2 1
-140 -8 3 2
-140 -7 2 1
-140 -7 3 1
-140 -7 4 1
-123 -7 18 1
-123 -6 18 1
-123 -5 18 1
-113 -38 8 1
-113 -37 8 1
-113 -36 8 1
-112 -38 8 1
-112 -37 8 1
-112 -36 8 1
-111 -38 8 1
-111 -37 8 1
-111 -36 8 1
-115 -35 7 0
-117 -37 6 0
-117 -37 7 0
-115 -37 8 0
-114 -36 2 1
-114 -36 3 1
-125 -5 19 0
-126 -5 19 0
-125 -6 19 0
-126 -6 19 0
-126 -7 20 0
-125 -7 19 0
-126 -7 19 0
-124 -7 19 0
-124 -8 19 0
-124 -6 18 0
-149 -9 2 1
-149 -9 3 1
-149 -9 4 1
-145 -10 4 1
-145 -10 5 0
-145 -10 3 2
-144 -9 3 1
-145 -8 6 0
-145 -9 2 1
-144 -9 2 1
-114 -37 8 1
-114 -36 8 1
-114 -35 8 1
-113 -35 8 1
-112 -35 8 1
-130 -14 5 0
-113 -40 5 0
-116 -39 7 1
-119 -41 3 1
-119 -40 3 1
-119 -39 3 1
-146 -10 5 0
-144 -10 4 1
-144 -10 5 0
-144 -10 3 1
-117 -40 3 1
-115 -42 5 0
-115 -42 6 0
-114 -42 5 0
-114 -41 6 0
-115 -40 7 0
-116 -41 2 1
-116 -41 3 1
-115 -41 2 1
-115 -41 3 2
-115 -41 4 1
-114 -41 2 1
-114 -41 3 1
-114 -41 4 1
-132 -15 3 1
-115 -31 8 0
-114 -32 2 1
-132 -26 46 0
-132 -26 47 0
-133 -25 46 0
-133 -25 47 0
-134 -24 46 0
-134 -24 47 0
-133 -30 45 1
-133 -30 46 1
-133 -30 47 1
-133 -29 45 2
-133 -29 46 2
-133 -29 47 1
-133 -28 45 1
-133 -28 46 1
-133 -28 47 1
-134 -27 47 0
-133 -30 44 1
-133 -29 44 1
-120 -14 43 1
-118 -17 40 1
-133 -27 47 0
-134 -26 48 0
-134 -26 45 0
-134 -26 44 0
-117 -30 7 0
-117 -32 7 0
-131 -26 46 0
-121 -12 40 2
-121 -12 41 2
-121 -12 42 1
-121 -11 40 1
-121 -11 41 2
-121 -11 42 2
-121 -10 40 1
-132 -30 47 1
-121 -10 41 2
-121 -10 42 2
-120 -10 40 1
-120 -10 41 1
-120 -10 42 1
-119 -10 40 1
-119 -10 41 1
-119 -10 42 1
-121 -12 43 1
-121 -12 44 1
-121 -11 43 2
-121 -11 44 1
-121 -10 43 1
-121 -10 44 1
-120 -10 43 1
-120 -10 44 1
-119 -10 43 1
-119 -10 44 1
-119 -17 40 1
-131 -25 46 0
-131 -25 47 0
-131 -27 46 0
-131 -27 47 0
-122 -12 40 1
-122 -12 41 1
-122 -12 42 1
-122 -11 40 1
-122 -11 41 1
-122 -11 42 1
-122 -10 40 1
-122 -10 41 1
-122 -10 42 1
-122 -12 43 1
-122 -12 44 1
-122 -11 43 1
-122 -11 44 1
-122 -10 43 1
-122 -10 44 1
-121 -14 43 1
-132 -26 45 0
-132 -26 44 0
-139 -9 7 0
-122 -14 43 1
-129 -25 46 0
-118 -30 6 0
-118 -31 6 0
-116 -30 8 0
-118 -10 40 1
-131 -23 46 0
-131 -24 47 0
-131 -23 47 0
-131 -25 48 0
-131 -25 45 0
-131 -25 44 0
-129 -24 46 0
-128 -24 46 0
-129 -24 47 0
-128 -24 47 0
-129 -23 46 0
-129 -23 47 0
-130 -23 46 0
-130 -22 46 0
-130 -23 47 0
-130 -22 47 0
-132 -23 46 0
-129 -26 46 0
-130 -24 48 0
-130 -24 45 0
-130 -24 44 0
-128 -23 46 0
-127 -23 46 0
-110 -36 8 1
-129 -22 46 0
-110 -35 8 1
-129 -22 47 0
-128 -22 47 0
-129 -21 46 0
-129 -21 47 0
-131 -22 46 0
-131 -22 47 0
-128 -25 46 0
-129 -23 48 0
-129 -23 45 0
-129 -23 44 0
-121 -48 2 2
-123 -47 4 1
-122 -47 4 1
-121 -49 2 2
-121 -49 3 2
-121 -49 4 2
-121 -48 3 2
-121 -48 4 1
-121 -47 4 1
-123 -46 4 1
-123 -45 4 1
-122 -46 4 1
-122 -45 4 1
-121 -46 4 2
-121 -45 4 2
-122 -47 0 1
-122 -46 0 1
-122 -45 0 1
-121 -47 0 1
-121 -46 0 1
-121 -45 0 1
-120 -47 0 2
-120 -47 1 1
-120 -47 2 1
-120 -46 0 1
-120 -46 1 1
-109 -24 7 1
-109 -25 7 1
-110 -23 7 1
-110 -24 7 1
-110 -25 7 2
-128 -25 1 1
-128 -24 1 1
-128 -23 1 1
-109 -23 10 1
-109 -23 9 1
-109 -23 8 1
-109 -24 10 1
-109 -24 9 1
-109 -24 8 1
-109 -25 10 1
-109 -25 9 1
-109 -25 8 1
-139 -8 2 1
-139 -8 3 1
-139 -8 4 1
-110 -24 10 1
-110 -24 8 2
-110 -25 10 2
-110 -25 9 2
-110 -25 8 2
-111 -23 10 1
-113 -23 7 1
-114 -23 7 2
-112 -23 10 1
-112 -23 9 1
-112 -23 8 1
-113 -23 10 1
-113 -23 9 1
-113 -23 8 1
-114 -23 10 1
-114 -23 9 2
-110 -19 7 1
-110 -19 11 0
-110 -19 10 0
-108 -1 7 1
-109 -1 7 1
-110 -1 7 1
-108 -1 4 1
-109 -1 4 1
-108 -1 6 1
-108 -1 5 1
-109 -1 5 1
-149 -25 8 0
-150 -25 7 0
-101 -5 6 1
-150 -25 8 0
-138 -20 6 0
-138 -20 7 0
-101 -5 5 1
-101 -5 4 1
-101 -5 3 1
-150 -24 8 0
-150 -22 7 0
-150 -22 9 0
-150 -22 8 0
-141 -19 8 0
-120 -28 8 1
-120 -29 8 1
-120 -29 7 1
-113 -42 7 0
-113 -4 8 1
-114 -40 7 0
-112 -3 7 2
-119 -43 8 1
-119 -42 8 1
-118 -43 8 1
-118 -42 8 1
-117 -43 8 1
-117 -42 8 1
-115 -42 8 0
-112 -2 8 1
-112 -2 7 1
-113 -2 8 1
-113 -2 7 2
-114 -2 8 1
-114 -2 7 1
-129 -16 2 1
-129 -16 1 1
-129 -16 0 1
-114 -50 6 0
-129 -17 1 2
-112 -50 3 1
-112 -49 3 1
-129 -18 1 2
-111 -50 3 1
-111 -49 3 1
-125 -23 0 1
-110 -50 3 1
-110 -49 3 1
-111 -47 4 1
-111 -47 5 1
-111 -47 6 1
-113 -49 3 1
-111 -48 3 1
-111 -47 3 1
-114 -50 5 0
-130 -18 4 0
-128 -15 5 0
-128 -15 4 0
-128 -17 5 0
-129 -17 5 0
-128 -17 4 0
-129 -17 4 0
-111 -18 8 1
-112 -18 10 2
-112 -18 9 2
-112 -18 8 2
-113 -18 10 1
-139 -19 5 0
-137 -20 6 0
-114 -50 7 0
-113 -50 2 1
-113 -50 3 1
-113 -50 4 1
-113 -49 2 1
-150 -48 5 0
-142 -48 2 1
-142 -48 3 1
-141 -48 1 1
-141 -48 2 1
-141 -48 3 1
-141 -47 1 1
-141 -47 3 1
-141 -46 1 1
-141 -46 2 1
-113 -41 6 0
-113 -41 7 0
-113 -41 5 0
-114 -39 7 0
-140 -47 1 1
-116 -42 8 1
-116 -41 8 1
-116 -40 8 1
-114 -42 7 0
-115 -41 8 0
-144 -44 3 1
-143 -44 3 1
-145 -49 4 0
-144 -49 4 0
-143 -48 3 0
-143 -49 4 0
-144 -47 5 0
-130 -48 5 0
-131 -47 4 1
-131 -47 5 0
-115 -28 0 1
-131 -46 4 1
-115 -28 1 2
-114 -28 0 1
-114 -28 1 1
-113 -28 0 1
-113 -28 1 1
-113 -28 2 1
-131 -44 5 1
-133 -46 2 1
-133 -45 2 1
-133 -44 2 1
-132 -46 2 1
-142 -46 4 1
-142 -45 4 1
-141 -47 4 1
-141 -46 4 1
-141 -45 2 1
-131 -50 4 0
-131 -50 5 0
-132 -48 6 0
-115 -24 9 2
-115 -24 10 1
-115 -23 8 1
-115 -23 9 1
-115 -23 10 1
-115 -22 8 1
-115 -22 9 1
-115 -22 10 1
-114 -24 8 2
-114 -24 9 1
-114 -24 10 1
-113 -24 8 1
-113 -24 9 1
-113 -24 10 1
-115 -23 7 1
-115 -22 7 1
-113 -24 7 1
-112 -25 9 1
-112 -25 8 1
-111 -26 8 2
-111 -26 9 2
-111 -26 10 1
-110 -26 8 1
-110 -26 9 1
-110 -26 10 1
-109 -26 8 1
-109 -26 9 1
-109 -26 10 1
-109 -26 7 1
-112 -23 11 0
-114 -25 8 1
-114 -25 9 1
-113 -25 8 1
-113 -25 9 1
-111 -26 11 1
-111 -25 11 1
-111 -24 11 1
-110 -26 11 1
-110 -25 11 1
-110 -24 11 1
-109 -26 11 1
-109 -25 11 1
-109 -24 11 1
-111 -25 6 1
-111 -24 6 1
-110 -25 6 2
-106 -33 5 0
-105 -33 5 0
-106 -33 6 0
-117 -15 48 1
-117 -15 49 1
-117 -15 50 1
-116 -15 48 1
-116 -15 49 1
-116 -15 50 1
-115 -15 48 1
-115 -15 49 1
-115 -15 50 1
-118 -15 48 1
-131 -49 1 1
-131 -49 2 1
-131 -49 3 1
-131 -48 1 1
-131 -48 3 1
-131 -47 1 1
-130 -49 1 1
-130 -49 2 1
-130 -49 3 1
-130 -48 1 1
-130 -48 2 1
-130 -47 1 1
-113 -30 2 1
-113 -30 3 1
-113 -29 2 1
-113 -28 3 1
-112 -30 4 1
-112 -28 2 1
-112 -28 3 1
-112 -28 4 1
-111 -28 2 1
-111 -28 3 1
-106 -10 4 1
-106 -11 4 1
-105 -11 4 1
-136 -10 1 1
-136 -10 2 2
-113 -28 7 0
-114 -27 7 0
-117 -28 7 0
-116 -30 6 0
-116 -30 7 0
-115 -30 7 0
-114 -30 7 0
-115 -28 8 0
-115 -7 -1 1
-115 -6 -1 1
-113 -3 3 2
-123 -29 8 1
-114 -4 2 1
-114 -4 3 1
-114 -3 2 2
-114 -3 3 2
-114 -2 2 2
-114 -2 3 2
-113 -4 2 1
-113 -4 3 1
-112 -1 -1 1
-112 -1 0 2
-111 -1 -1 1
-111 -1 0 1
-111 -1 1 1
-116 -2 -1 1
-116 -1 -1 1
-112 -3 3 1
-104 -1 8 0
-104 -1 9 0
-117 -1 -1 1
-119 -3 -1 1
-118 -7 -1 1
-111 -5 3 1
-109 -5 0 1
-106 -10 9 1
-106 -10 8 1
-111 -6 2 1
-104 -9 6 2
-104 -9 7 2
-104 -11 8 1
-105 -10 9 0
-105 -10 8 1
-104 -10 9 0
-104 -10 8 1
-103 -11 9 0
-101 -11 7 2
-101 -11 6 1
-102 -11 7 2
-102 -11 6 1
-103 -10 7 2
-103 -10 6 2
-103 -11 8 1
-101 -41 10 1
-101 -41 9 1
-101 -41 8 1
-102 -41 10 1
-148 -15 2 1
-148 -15 3 2
-146 -17 4 1
-115 -18 3 1
-115 -18 4 1
-115 -18 5 1
-115 -17 3 1
-115 -17 4 1
-115 -17 5 1
-115 -16 3 1
-115 -16 4 1
-115 -16 5 1
-114 -19 2 1
-114 -19 3 1
-114 -19 4 2
-113 -19 2 2
-113 -19 3 2
-113 -19 4 2
-112 -19 2 1
-112 -19 3 1
-112 -19 4 1
-114 -19 5 1
-113 -19 5 1
-112 -19 5 1
-111 -19 3 1
-111 -19 4 1
-111 -19 5 1
-110 -19 3 1
-110 -19 4 2
-110 -19 5 1
-109 -19 3 1
-109 -19 4 1
-109 -19 5 1
-109 -18 3 1
-109 -18 4 1
-109 -18 5 1
-109 -17 3 1
-109 -17 4 1
-109 -17 5 1
-113 -18 1 1
-148 -7 5 0
-148 -7 6 0
-148 -7 4 1
-149 -6 5 0
-148 -5 5 0
-148 -6 6 0
-148 -5 4 0
-150 -5 5 0
-150 -5 6 0
-150 -5 4 0
-118 -10 42 1
-118 -10 43 1
-150 -9 5 0
-150 -9 6 0
-150 -9 4 0
-148 -8 5 0
-148 -8 6 0
-148 -8 4 1
-150 -7 7 0
-149 -8 2 1
-149 -8 3 1
-149 -7 2 1
-149 -7 3 1
-149 -6 2 1
-149 -6 3 1
-122 -6 27 1
-122 -5 27 2
-121 -7 27 2
-121 -6 27 1
-121 -5 27 1
-123 -4 28 1
-123 -3 28 1
-122 -4 28 2
-122 -3 28 1
-121 -4 28 1
-121 -3 28 1
-123 -4 27 1
-123 -13 41 0
-121 -13 43 0
-122 -3 27 1
-121 -4 27 1
-121 -3 27 1
-149 -15 5 0
-149 -15 6 0
-149 -15 4 1
-149 -16 6 0
-149 -17 5 0
-149 -17 6 0
-149 -17 4 1
-146 -17 6 0
-120 -9 41 1
-120 -9 42 1
-111 -19 2 1
-110 -19 2 1
-109 -19 2 1
-109 -18 2 1
-109 -17 2 1
-111 -19 1 1
-110 -19 1 1
-109 -19 1 1
-109 -18 1 1
-128 -10 5 0
-131 -11 4 0
-131 -11 5 0
-132 -11 3 1
-114 -20 2 1
-130 -11 4 0
-130 -12 4 0
-130 -12 5 0
-130 -11 3 0
-130 -12 3 0
-129 -12 4 0
-129 -11 5 0
-130 -10 5 0
-112 -20 4 1
-114 -20 5 1
-113 -20 5 1
-131 -11 2 1
-131 -10 0 1
-131 -9 0 1
-130 -11 0 1
-130 -11 1 1
-130 -11 2 1
-129 -11 0 1
-129 -11 1 1
-129 -11 2 1
-129 -10 2 1
-148 -18 5 0
-148 -18 6 0
-148 -18 4 0
-148 -16 7 0
-149 -17 1 1
-149 -17 2 2
-149 -17 3 1
-149 -16 1 1
-149 -16 2 2
-149 -16 3 1
-149 -15 1 1
-149 -15 2 1
-111 -21 3 1
-111 -20 1 1
-111 -20 2 1
-111 -20 3 1
-111 -20 4 1
-111 -20 5 1
-110 -20 3 1
-110 -20 4 2
-110 -20 5 1
-109 -20 3 1
-109 -20 4 1
-109 -20 5 1
-113 -19 1 1
-112 -19 1 1
-124 -8 28 0
-124 -9 28 0
-124 -7 28 0
-124 -7 27 0
-124 -7 26 0
-124 -10 41 0
-124 -10 42 0
-124 -11 41 0
-124 -11 42 0
-124 -13 41 0
-121 -12 39 1
-120 -12 39 1
-122 -11 39 1
-123 -7 25 1
-123 -6 25 1
-122 -8 25 1
-122 -7 25 1
-122 -6 25 1
-121 -8 25 1
-110 -9 3 1
-121 -6 25 1
-123 -5 25 1
-123 -4 25 1
-122 -5 25 2
-122 -4 25 1
-121 -5 25 1
-121 -4 25 1
-124 -5 27 0
-124 -5 26 0
-125 -6 27 0
-147 -7 5 0
-126 -6 26 0
-146 -7 5 0
-122 -8 42 2
-147 -7 6 0
-146 -7 4 1
-148 -6 5 0
-147 -5 5 0
-147 -5 6 0
-147 -5 4 1
-148 -5 6 0
-148 -9 5 0
-148 -9 6 0
-148 -9 4 1
-147 -8 5 0
-147 -8 6 0
-147 -8 4 1
-148 -7 7 0
-148 -7 3 2
-148 -8 2 1
-148 -8 3 2
-148 -7 2 1
-148 -6 2 1
-148 -6 3 1
-148 -6 4 1
-147 -8 2 1
-147 -8 3 2
-147 -7 2 1
-147 -7 3 2
-147 -7 4 1
-147 -6 2 1
-147 -6 3 1
-147 -6 4 1
-123 -10 43 0
-123 -10 40 0
-123 -10 39 0
-132 -12 3 1
-131 -12 4 0
-131 -13 5 0
-131 -13 3 1
-131 -11 6 0
-123 -9 40 1
-123 -8 40 1
-123 -7 40 1
-123 -7 41 1
-123 -7 42 1
-122 -7 40 2
-122 -7 41 2
-122 -7 42 2
-121 -7 40 1
-121 -7 41 1
-121 -7 42 1
-123 -9 43 1
-123 -8 43 1
-123 -7 43 1
-122 -7 43 1
-121 -7 43 1
-123 -9 39 1
-123 -8 39 1
-123 -7 39 1
-122 -7 39 2
-121 -7 39 1
-125 -8 41 0
-125 -8 42 0
-125 -9 41 0
-125 -9 42 0
-125 -11 41 0
-125 -11 42 0
-147 -48 4 0
-147 -48 2 0
-147 -48 -1 1
-147 -48 0 1
-147 -48 1 1
-147 -47 -1 1
-147 -47 0 2
-147 -47 1 1
-147 -46 -1 1
-147 -46 0 1
-141 -5 40 0
-141 -5 41 0
-142 -4 42 0
-142 -4 39 0
-142 -4 38 0
-141 -3 40 0
-140 -3 40 0
-141 -3 41 0
-140 -3 41 0
-140 -1 40 0
-140 -2 41 0
-140 -2 40 0
-142 -1 40 0
-142 -1 41 0
-143 -1 40 0
-143 -2 41 0
-140 -4 41 0
-142 -3 42 0
-142 -3 39 0
-142 -3 38 0
-114 -38 5 0
-115 -37 6 0
-114 -38 6 0
-116 -36 7 0
-117 -37 2 1
-117 -37 3 1
-117 -37 4 1
-116 -37 2 1
-116 -37 3 1
-116 -37 4 1
-115 -37 2 1
-115 -37 3 2
-115 -37 4 1
-141 -1 40 0
-141 -1 41 0
-141 -2 42 0
-141 -2 39 0
-141 -2 38 0
-112 -25 2 1
-139 -3 40 0
-139 -3 41 0
-145 -47 2 1
-145 -47 3 1
-146 -46 0 1
-146 -45 0 1
-146 -44 0 1
-145 -46 0 1
-145 -45 0 1
-145 -44 0 1
-144 -46 0 1
-144 -46 1 2
-144 -46 2 2
-144 -45 0 1
-144 -45 1 1
-144 -45 2 2
-144 -44 0 1
-144 -44 1 1
-144 -44 2 1
-148 -45 1 2
-146 -47 1 1
-150 -45 0 1
-150 -44 0 1
-149 -45 0 1
-149 -44 0 1
-148 -45 0 1
-148 -44 0 1
-148 -44 1 1
-148 -48 2 0
-147 -49 2 0
-146 -48 2 0
-146 -49 2 1
-146 -48 3 0
-112 -26 4 1
-112 -26 3 1
-115 -26 1 1
-115 -25 1 1
-115 -24 1 1
-114 -26 1 2
-114 -25 1 1
-114 -24 1 1
-113 -26 1 1
-113 -26 2 1
-113 -25 1 1
-113 -24 1 1
-115 -38 5 0
-115 -38 6 0
-118 -38 5 0
-118 -40 5 2
-119 -41 4 1
-119 -41 5 1
-119 -41 6 1
-119 -40 4 1
-119 -40 5 1
-119 -40 6 1
-119 -39 4 1
-119 -39 5 1
-119 -39 6 1
-118 -41 4 1
-118 -41 5 1
-118 -41 6 1
-118 -40 4 2
-118 -40 6 2
-118 -39 4 1
-118 -39 5 1
-118 -39 6 1
-117 -41 4 1
-117 -41 5 2
-117 -41 6 2
-117 -40 4 1
-117 -40 5 2
-117 -40 6 2
-117 -39 4 1
-117 -39 5 1
-117 -39 6 1
-118 -40 7 2
-119 -41 7 1
-119 -41 8 1
-119 -40 7 1
-119 -40 8 1
-119 -39 7 1
-119 -39 8 1
-118 -41 7 1
-118 -41 8 1
-118 -40 8 1
-118 -39 7 1
-118 -39 8 1
-117 -41 7 2
-117 -41 8 1
-117 -40 7 2
-117 -40 8 1
-117 -39 7 1
-117 -39 8 1
-122 -14 10 1
-122 -13 10 1
-121 -15 10 1
-121 -14 10 1
-121 -13 10 1
-124 -15 8 0
-125 -15 8 0
-124 -16 8 0
-125 -16 8 0
-124 -19 10 1
-124 -18 10 1
-124 -17 10 1
-123 -19 10 1
-123 -18 10 2
-123 -17 10 1
-122 -19 10 1
-122 -18 10 1
-122 -17 10 2
-121 -18 9 1
-123 -16 10 1
-103 -11 10 0
-103 -13 10 1
-121 -15 27 1
-123 -14 27 1
-122 -14 27 1
-121 -14 27 1
-125 -15 26 0
-125 -16 26 0
-122 -16 10 2
-121 -17 10 1
-121 -16 10 1
-120 -15 9 1
-120 -14 9 1
-120 -13 9 1
-124 -15 9 0
-125 -15 9 0
-115 -34 7 0
-125 -16 9 0
-117 -36 7 0
-115 -36 8 0
-114 -35 2 1
-101 -13 6 1
-123 -17 11 1
-123 -16 11 1
-123 -15 11 1
-122 -17 11 2
-122 -16 11 2
-122 -15 11 2
-121 -17 11 1
-121 -16 11 1
-121 -15 11 1
-120 -15 10 1
-120 -14 10 1
-120 -13 10 1
-123 -14 11 1
-122 -14 11 1
-121 -14 11 1
-102 -12 10 0
-101 -13 10 0
-125 -18 9 0
-103 -15 7 1
-124 -19 11 1
-103 -15 8 1
-103 -15 9 1
-103 -14 7 1
-103 -14 8 2
-103 -14 9 1
-103 -13 9 1
-121 -18 11 1
-150 -19 6 0
-140 -47 4 0
-150 -19 4 0
-148 -19 5 0
-123 -17 29 1
-123 -16 29 1
-123 -15 29 1
-122 -17 29 2
-122 -16 29 2
-122 -15 29 2
-121 -17 29 1
-121 -16 29 1
-121 -15 29 1
-123 -14 29 1
-122 -14 29 1
-121 -14 29 1
-124 -15 27 0
-125 -15 28 0
-124 -16 27 0
-125 -16 28 0
-125 -17 28 0
-124 -19 29 1
-124 -18 29 1
-124 -17 29 1
-123 -19 29 1
-123 -18 29 2
-102 -11 10 0
-122 -18 29 1
-103 -12 9 1
-102 -13 10 0
-104 -15 7 1
-104 -15 8 1
-104 -15 9 1
-104 -14 7 1
-104 -14 8 1
-104 -14 9 1
-104 -13 9 2
-101 -12 11 0
-123 -17 30 1
-123 -16 30 1
-123 -15 30 1
-122 -17 30 2
-122 -16 30 2
-122 -15 30 2
-121 -17 30 1
-121 -16 30 1
-121 -15 30 1
-123 -14 30 1
-122 -14 30 1
-121 -14 30 1
-124 -15 28 0
-125 -15 29 0
-124 -16 28 0
-125 -16 29 0
-125 -17 29 0
-124 -19 30 1
-124 -18 30 1
-124 -17 30 1
-123 -19 30 1
-123 -18 30 2
-122 -19 30 1
-122 -18 30 1
-121 -18 29 1
-123 -21 0 1
-123 -21 1 1
-104 -34 10 0
-106 -33 7 1
-105 -33 7 1
-106 -36 9 0
-106 -36 10 0
-105 -35 9 0
-105 -35 10 0
-106 -34 11 0
-106 -34 8 0
-111 -31 6 0
-127 -21 6 0
-126 -20 7 0
-123 -15 31 1
-122 -17 31 2
-122 -16 31 2
-122 -15 31 2
-121 -17 31 1
-121 -16 31 1
-121 -15 31 1
-123 -14 31 1
-122 -14 31 1
-121 -14 31 1
-124 -15 29 0
-125 -15 30 0
-124 -16 29 0
-125 -16 30 0
-125 -17 30 0
-124 -19 31 1
-124 -18 31 1
-124 -17 31 1
-123 -19 31 1
-123 -18 31 2
-140 -5 4 1
-140 -4 2 1
-140 -4 3 1
-140 -4 4 1
-102 -41 9 1
-102 -41 8 1
-103 -37 10 1
-103 -38 10 1
-103 -38 9 1
-113 -3 5 2
-115 -5 3 2
-115 -6 5 1
-112 -17 3 1
-112 -17 4 2
-111 -17 3 2
-111 -17 4 2
-110 -17 3 2
-110 -17 4 1
-112 -18 1 1
-120 -24 4 1
-112 -18 2 2
-112 -18 3 1
-111 -18 1 1
-111 -18 2 1
-111 -18 3 1
-110 -18 1 1
-110 -18 2 2
-110 -18 3 2
-109 -16 4 1
-103 -4 5 2
-108 -5 10 0
-108 -5 8 0
-108 -8 10 0
-126 -4 2 0
-105 -7 7 2
-105 -7 8 1
-125 -3 2 1
-105 -7 11 0
-122 -5 1 1
-122 -5 2 1
-122 -5 3 2
-121 -6 5 1
-121 -5 4 2
-121 -5 5 1
-121 -4 4 1
-121 -4 5 1
-121 -6 -1 1
-121 -5 -1 1
-121 -5 0 2
-121 -4 -1 1
-105 -7 10 0
-112 -9 4 1
-112 -9 5 1
-111 -10 4 2
-106 -8 8 1
-111 -9 4 2
-111 -9 5 1
-110 -6 0 1
-110 -6 -1 1
-111 -6 0 2
-111 -6 -1 1
-112 -5 -1 1
-112 -6 -1 1
-111 -6 1 1
-132 -20 4 0
-133 -9 6 0
-135 -16 1 1
-112 -8 1 1
-113 -7 1 2
-113 -10 4 1
-113 -8 1 1
-113 -9 4 1
-113 -9 5 1
-109 -15 5 1
-114 -16 2 1
-114 -16 3 1
-114 -16 4 1
-114 -15 2 1
-114 -15 3 1
-114 -15 4 1
-114 -14 2 1
-114 -14 3 1
-114 -14 4 1
-113 -16 2 1
-113 -16 3 2
-113 -16 4 2
-114 -16 1 1
-114 -15 1 1
-114 -14 1 1
-113 -16 1 1
-124 -6 0 2
-124 -6 1 1
-124 -5 -1 1
-127 -4 3 0
-127 -4 2 0
-126 -4 0 1
-126 -4 -1 1
-121 -3 5 1
-118 -8 3 1
-118 -8 2 1
-115 -7 0 1
-114 -5 -1 1
-113 -5 -1 1
-117 -2 -1 1
-105 -3 5 1
-105 -3 6 1
-105 -3 7 1
-128 -19 1 2
-128 -19 2 1
-127 -19 0 1
-127 -19 1 2
-127 -19 2 1
-127 -18 0 1
-127 -18 1 1
-127 -18 2 1
-127 -17 0 1
-133 -15 6 0
-137 -17 5 0
-136 -17 6 0
-137 -17 4 1
-135 -17 5 0
-110 -30 5 1
-109 -30 5 1
-109 -30 6 1
-109 -30 4 0
-110 -29 5 1
-109 -28 6 2
-110 -29 6 1
-110 -29 7 1
-109 -29 5 1
-109 -29 6 2
-135 -16 2 2
-135 -16 3 1
-134 -16 1 2
-134 -16 2 1
-134 -16 3 1
-123 -3 2 1
-123 -3 3 2
-110 -30 7 1
-111 -30 8 0
-110 -30 8 1
-111 -29 7 1
-111 -29 8 1
-111 -28 8 1
-111 -27 8 1
-110 -29 8 1
-110 -28 8 1
-110 -27 8 1
-109 -27 8 1
-112 -30 8 0
-112 -29 8 0
-112 -28 8 1
-113 -30 8 0
-114 -30 8 0
-113 -31 7 0
-114 -32 7 0
-113 -31 8 0
-114 -31 8 0
-112 -32 7 0
-112 -31 8 0
-112 -32 8 0
-111 -32 7 0
-111 -31 8 0
-112 -30 9 0
-112 -30 6 0
-112 -30 7 0
-104 -30 9 1
-124 -24 8 1
-124 -24 6 1
-125 -23 7 1
-125 -23 6 1
-125 -24 8 1
-125 -24 7 2
-125 -24 6 1
-125 -25 8 1
-124 -24 7 2
-123 -24 6 1
-122 -24 7 1
-122 -24 6 1
-119 -22 7 1
-120 -22 7 1
-121 -22 7 2
-121 -23 7 2
-124 -28 8 1
-125 -25 7 2
-125 -25 6 1
-110 -31 8 0
-109 -31 8 1
-109 -31 9 1
-109 -31 7 1
-110 -30 9 1
-110 -29 9 1
-110 -28 9 1
-109 -30 9 1
-109 -29 9 1
-109 -28 9 1
-108 -30 9 2
-108 -29 9 1
-108 -28 9 1
-110 -30 6 1
-111 -29 9 0
-113 -31 9 0
-112 -32 9 0
-111 -32 8 0
-111 -33 8 0
-111 -33 9 0
-111 -33 7 0
-110 -32 8 0
-110 -32 9 0
-110 -32 7 0
-111 -31 9 0
-111 -31 10 0
-111 -31 7 0
-125 -26 7 1
-125 -26 6 1
-125 -27 7 1
-125 -27 6 1
-125 -27 5 1
-121 -24 7 1
-123 -25 7 1
-123 -29 4 1
-122 -25 7 1
-122 -25 6 1
-120 -27 8 0
-123 -30 8 1
-107 -13 6 1
-105 -5 4 1
-112 -12 5 1
-112 -11 5 1
-111 -12 5 1
-111 -11 5 2
-110 -12 5 1
-123 -5 37 1
-123 -4 37 1
-122 -5 37 2
-122 -4 37 2
-121 -5 37 1
-121 -4 37 1
-124 -5 39 0
-124 -5 40 0
-124 -5 38 0
-126 -6 39 0
-125 -6 38 0
-126 -7 39 0
-126 -7 40 0
-126 -7 38 0
-126 -9 39 0
-125 -9 38 0
-124 -9 38 0
-124 -7 38 0
-120 -30 2 1
-120 -30 3 1
-119 -30 2 1
-119 -30 3 1
-119 -30 4 1
-118 -30 2 1
-118 -30 3 1
-118 -30 4 1
-124 -27 3 1
-124 -27 4 1
-148 -24 46 0
-148 -24 47 0
-150 -25 46 0
-150 -26 46 0
-150 -25 47 0
-134 -5 6 0
-134 -5 5 0
-133 -7 5 0
-134 -7 5 0
-136 -7 3 2
-136 -7 5 0
-136 -7 4 1
-136 -5 3 2
-136 -5 5 0
-136 -5 4 1
-136 -4 3 1
-136 -4 5 0
-136 -4 4 1
-135 -5 4 1
-134 -4 3 1
-134 -4 5 0
-134 -3 4 1
-134 -4 4 1
-133 -4 5 0
-133 -5 5 0
-105 -2 4 1
-105 -1 2 1
-105 -2 3 2
-135 -6 2 1
-135 -7 4 1
-135 -7 3 1
-135 -7 2 1
-135 -8 4 1
-135 -8 3 1
-135 -8 2 1
-134 -7 3 2
-133 -7 4 1
-132 -7 4 0
-133 -7 3 1
-132 -5 4 0
-135 -17 6 0
-135 -17 4 0
-134 -17 5 0
-134 -17 6 0
-133 -19 4 0
-133 -18 5 0
-133 -19 5 0
-132 -18 4 0
-132 -18 5 0
-133 -17 6 0
-134 -18 0 1
-134 -18 1 1
-134 -18 2 1
-133 -18 0 1
-133 -18 1 1
-133 -18 2 1
-132 -18 0 1
-132 -18 1 2
-132 -18 2 1
-112 -7 1 1
-111 -8 1 1
-111 -7 1 1
-110 -3 8 1
-112 -3 9 2
-113 -4 9 1
-113 -4 10 1
-125 -7 1 1
-125 -6 -1 1
-125 -6 1 1
-125 -5 -1 1
-125 -5 0 2
-125 -5 1 1
-139 -1 8 0
-135 -3 6 0
-136 -3 5 0
-136 -3 6 0
-143 -1 6 0
-143 -2 7 0
-107 -4 2 1
-108 -2 2 1
-132 -8 2 2
-131 -8 2 2
-110 -4 9 1
-112 -7 11 1
-112 -6 11 1
-145 -15 4 1
-145 -16 5 0
-145 -16 6 0
-111 -5 11 1
-110 -7 11 1
-110 -6 11 1
-110 -5 11 1
-111 -8 8 2
-112 -9 7 1
-112 -9 8 1
-112 -9 9 1
-112 -8 7 1
-112 -8 8 1
-112 -8 9 1
-111 -9 7 2
-111 -9 8 2
-111 -9 9 2
-111 -8 7 2
-111 -8 9 1
-110 -9 7 1
-110 -9 8 1
-110 -9 9 1
-110 -8 7 1
-110 -8 8 1
-110 -8 9 1
-112 -9 6 1
-137 -10 3 2
-137 -9 2 1
-137 -9 3 2
-147 -23 9 0
-147 -23 10 0
-147 -23 6 0
-109 -2 3 1
-110 -1 2 1
-111 -1 3 0
-111 -2 3 1
-110 -3 4 0
-111 -4 3 1
-110 -7 3 2
-110 -7 4 2
-110 -7 5 2
-110 -6 3 2
-109 -2 2 1
-124 -5 6 0
-125 -4 6 0
-125 -3 6 0
-126 -4 6 0
-126 -5 6 0
-127 -5 6 0
-125 -6 6 0
-126 -7 6 0
-125 -7 6 0
-124 -6 6 0
-123 -7 6 0
-124 -7 7 0
-150 -47 4 0
-150 -47 5 0
-101 -13 4 2
-102 -14 3 1
-102 -14 4 1
-102 -14 5 1
-102 -13 3 1
-102 -13 4 1
-102 -13 5 1
-101 -14 3 1
-101 -14 4 1
-101 -14 5 1
-101 -13 3 2
-101 -13 5 1
-123 -15 24 1
-122 -17 24 2
-122 -16 24 2
-122 -15 24 2
-121 -17 24 1
-121 -16 24 1
-102 -14 2 1
-102 -13 2 1
-102 -12 2 1
-101 -14 2 1
-101 -13 2 1
-125 -15 23 0
-124 -16 23 0
-125 -16 23 0
-125 -17 23 0
-124 -19 24 1
-124 -18 24 1
-124 -17 24 1
-123 -19 24 1
-110 -29 4 0
-111 -33 5 2
-112 -34 4 1
-112 -34 5 2
-112 -34 6 1
-111 -34 4 1
-111 -34 5 1
-111 -34 6 1
-111 -33 4 2
-111 -33 6 1
-111 -32 4 1
-111 -32 5 1
-111 -32 6 1
-110 -34 4 2
-110 -34 5 2
-110 -34 6 1
-110 -33 4 1
-110 -33 5 1
-110 -33 6 1
-110 -32 4 1
-110 -32 5 1
-110 -32 6 1
-135 -5 3 2
-135 -4 2 1
-135 -4 3 2
-134 -4 2 1
-110 -34 3 1
-110 -33 3 1
-110 -32 3 1
-110 -31 5 0
-111 -30 6 0
-111 -30 7 0
-111 -30 2 2
-112 -10 2 2
-112 -10 3 2
-112 -30 1 1
-112 -30 2 1
-112 -30 3 1
-112 -29 1 1
-112 -29 2 1
-112 -29 3 2
-111 -31 1 1
-112 -8 5 1
-111 -8 4 2
-111 -8 5 2
-107 -3 8 0
-111 -29 1 1
-111 -29 2 1
-111 -29 3 1
-104 -35 9 0
-103 -35 9 0
-103 -35 10 0
-103 -35 8 0
-104 -33 9 1
-104 -33 8 1
-107 -35 8 0
-110 -29 2 1
-113 -10 2 1
-113 -10 3 1
-113 -9 2 1
-113 -9 3 1
-110 -33 7 0
-109 -34 7 1
-110 -34 7 1
-110 -35 7 1
-110 -36 7 1
-110 -36 6 1
-110 -36 5 1
-127 -23 2 1
-127 -25 2 1
-127 -25 3 1
-111 -26 4 2
-112 -27 3 1
-127 -24 3 2
-112 -27 4 1
-111 -27 3 1
-111 -27 4 1
-111 -26 3 2
-111 -25 3 1
-111 -25 4 1
-110 -27 3 1
-110 -27 4 1
-110 -26 3 1
-110 -26 4 1
-110 -25 3 1
-110 -25 4 1
-112 -27 2 1
-112 -26 2 1
-111 -27 2 1
-111 -26 2 1
-111 -25 2 1
-110 -27 2 1
-110 -26 2 1
-110 -25 2 1
-115 -27 0 1
-115 -27 1 1
-115 -26 0 1
-115 -25 0 1
-114 -27 0 1
-114 -27 1 2
-114 -26 0 1
-114 -25 0 1
-113 -27 0 1
-113 -27 1 1
-113 -27 2 1
-113 -26 0 1
-113 -25 0 1
-129 -21 6 0
-101 -41 7 1
-101 -41 6 1
-102 -41 7 1
-102 -41 6 1
-103 -41 7 1
-103 -41 6 1
-103 -40 8 1
-150 -50 8 0
-150 -50 7 0
-150 -29 7 1
-108 -8 7 1
-105 -9 5 2
-105 -8 5 2
-106 -12 9 1
-106 -11 9 1
-104 -3 6 1
-104 -3 7 1
-104 -3 5 1
-105 -2 6 1
-108 -29 4 1
-113 -7 5 1
-105 -4 5 2
-139 -13 2 1
-105 -5 5 2
-106 -8 4 1
-105 -1 4 1
-106 -7 4 1
-149 -24 6 0
-105 -6 5 2
-105 -6 6 2
-105 -6 7 2
-106 -3 8 0
-127 -22 5 0
-126 -23 8 1
-149 -24 10 0
-148 -25 7 0
-148 -25 9 0
-135 -10 1 1
-135 -9 1 1
-135 -8 1 1
-148 -25 8 0
-149 -26 7 0
-149 -26 9 0
-149 -26 8 0
-137 -19 4 0
-136 -20 7 0
-150 -25 9 0
-138 -19 7 0
-138 -20 8 0
-138 -20 5 0
-138 -20 4 0
-140 -19 8 0
-150 -23 8 0
-149 -22 8 0
-148 -22 9 0
-147 -24 9 0
-146 -24 9 0
-147 -25 7 0
-103 -2 6 2
-104 -2 5 1
-146 -6 40 0
-147 -6 41 0
-146 -6 41 0
-146 -5 40 0
-146 -5 41 0
-146 -8 40 0
-146 -8 41 0
-148 -6 42 0
-148 -6 39 0
-148 -6 38 0
-123 -4 7 1
-122 -6 7 1
-122 -5 7 2
-122 -4 7 1
-121 -6 7 1
-121 -5 7 1
-121 -4 7 1
-124 -4 7 1
-124 -3 7 1
-124 -2 7 1
-123 -3 7 2
-123 -2 7 1
-122 -3 7 1
-122 -2 7 1
-125 -3 9 0
-125 -4 8 0
-126 -4 8 0
-126 -5 9 0
-127 -5 8 0
-126 -7 8 0
-125 -7 8 0
-124 -6 9 0
-123 -7 8 0
-125 -5 7 0
-127 -49 3 1
-126 -49 2 1
-126 -50 2 1
-125 -50 4 2
-144 -7 40 0
-144 -7 41 0
-146 -5 42 0
-126 -50 3 2
-126 -50 4 1
-145 -4 4 1
-145 -4 5 0
-145 -4 3 1
-145 -5 3 1
-125 -50 3 2
-125 -50 5 1
-125 -49 3 1
-125 -49 4 1
-125 -49 5 1
-143 -4 40 0
-143 -4 41 0
-145 -4 40 0
-124 -50 3 1
-124 -50 4 1
-124 -50 5 1
-124 -49 3 2
-124 -49 4 1
-124 -49 5 1
-126 -49 -1 1
-126 -49 0 1
-126 -49 1 1
-126 -48 -1 1
-126 -48 0 2
-126 -48 1 1
-126 -47 -1 1
-126 -47 0 1
-126 -47 1 1
-142 -5 40 0
-142 -5 41 0
-142 -3 40 0
-143 -3 40 0
-144 -3 40 0
-144 -3 41 0
-142 -6 40 0
-144 -5 42 0
-144 -5 39 0
-144 -5 38 0
-108 -14 11 0
-108 -13 11 0
-142 -4 40 0
-141 -4 40 0
-142 -4 41 0
-141 -4 41 0
-142 -3 41 0
-143 -2 40 0
-143 -3 41 0
-142 -6 41 0
-143 -4 42 0
-143 -4 39 0
-143 -4 38 0
-124 -15 10 0
-124 -16 10 0
-124 -19 12 1
-124 -18 12 1
-124 -17 12 1
-123 -19 12 1
-123 -18 12 2
-123 -17 12 1
-122 -19 12 1
-122 -18 12 1
-122 -17 12 2
-123 -16 12 1
-123 -15 12 1
-122 -16 12 2
-122 -15 12 2
-121 -17 12 1
-121 -16 12 1
-121 -15 12 1
-123 -14 12 1
-122 -14 12 1
-121 -14 12 1
-124 -15 11 0
-125 -15 11 0
-124 -16 11 0
-125 -16 11 0
-125 -17 11 0
-121 -18 12 1
-125 -46 2 2
-125 -46 3 1
-125 -45 1 1
-125 -45 2 1
-123 -17 13 1
-123 -16 13 1
-123 -15 13 1
-122 -17 13 2
-122 -16 13 2
-122 -15 13 2
-121 -17 13 1
-121 -16 13 1
-121 -15 13 1
-123 -14 13 1
-122 -14 13 1
-121 -14 13 1
-125 -15 12 0
-125 -16 12 0
-125 -17 12 0
-124 -19 13 1
-124 -18 13 1
-124 -17 13 1
-123 -19 13 1
-123 -18 13 2
-122 -19 13 1
-122 -18 13 1
-121 -18 13 1
-123 -17 14 1
-123 -16 14 1
-123 -15 14 1
-122 -17 14 2
-122 -16 14 2
-122 -15 14 2
-121 -17 14 1
-121 -16 14 1
-121 -15 14 1
-123 -14 14 1
-122 -14 14 1
-121 -14 14 1
-124 -15 12 0
-125 -15 13 0
-124 -16 12 0
-125 -16 13 0
-125 -17 13 0
-124 -19 14 1
-124 -18 14 1
-104 -14 11 0
-105 -13 11 0
-105 -12 11 0
-106 -12 10 1
-106 -12 11 0
-108 -12 10 0
-105 -15 11 0
-106 -14 12 0
-107 -15 7 1
-107 -15 8 1
-107 -15 9 1
-106 -15 7 1
-106 -15 8 1
-106 -15 9 1
-105 -15 7 1
-105 -15 8 1
-105 -15 9 1
-105 -14 7 1
-147 -26 46 0
-147 -26 47 0
-147 -24 46 0
-147 -24 47 0
-150 -27 47 0
-149 -29 46 2
-150 -30 45 1
-150 -30 46 1
-150 -30 47 1
-150 -29 45 1
-150 -29 46 1
-150 -29 47 1
-150 -28 45 1
-150 -28 46 1
-150 -28 47 1
-149 -30 45 1
-149 -30 46 1
-149 -30 47 1
-149 -29 45 1
-149 -29 47 1
-149 -28 45 1
-149 -28 46 1
-149 -28 47 1
-148 -30 45 1
-148 -30 46 1
-148 -30 47 1
-148 -29 45 2
-148 -29 46 2
-148 -29 47 1
-148 -28 45 1
-148 -28 46 1
-148 -28 47 1
-147 -27 46 0
-147 -27 47 0
-149 -26 48 0
-149 -26 45 0
-149 -26 44 0
-111 -37 4 1
-111 -37 5 1
-111 -37 6 1
-113 -37 3 1
-113 -36 3 1
-112 -37 3 1
-112 -36 3 1
-112 -35 3 1
-111 -37 3 1
-111 -36 3 1
-118 -36 5 0
-117 -38 5 0
-117 -38 6 0
-116 -38 5 0
-116 -38 6 0
-115 -37 5 0
-146 -26 46 0
-146 -26 47 0
-146 -25 46 0
-147 -30 45 1
-147 -30 46 1
-147 -30 47 1
-147 -29 45 2
-147 -29 46 2
-147 -29 47 1
-147 -28 45 1
-147 -28 46 1
-147 -28 47 1
-148 -29 48 2
-149 -30 48 1
-149 -30 49 1
-149 -29 48 1
-149 -29 49 1
-149 -28 48 1
-149 -28 49 1
-148 -30 48 1
-148 -30 49 1
-148 -29 49 1
-148 -28 48 1
-148 -28 49 1
-147 -30 48 1
-147 -30 49 1
-147 -29 48 2
-147 -29 49 1
-147 -28 48 1
-147 -28 49 1
-148 -27 47 0
-149 -30 44 1
-149 -29 44 1
-149 -28 44 1
-148 -30 44 1
-148 -29 44 1
-148 -28 44 1
-147 -30 44 1
-147 -29 44 1
-147 -28 44 1
-146 -27 46 0
-148 -26 48 0
-148 -26 45 0
-148 -26 44 0
-145 -26 46 0
-145 -26 47 0
-146 -25 47 0
-146 -30 45 1
-146 -30 46 1
-146 -30 47 1
-146 -29 45 2
-146 -29 46 2
-146 -29 47 1
-146 -28 45 1
-146 -28 46 1
-146 -28 47 1
-146 -30 48 1
-146 -30 49 1
-146 -29 48 2
-146 -29 49 1
-146 -28 48 1
-146 -28 49 1
-146 -30 44 1
-146 -29 44 1
-146 -28 44 1
-146 -27 47 0
-147 -26 48 0
-147 -26 45 0
-147 -26 44 0
-104 -2 6 1
-104 -2 7 1
-104 -1 5 1
-104 -1 6 1
-104 -1 7 1
-103 -3 5 2
-103 -3 6 2
-103 -3 7 2
-103 -2 5 1
-103 -2 7 1
-103 -1 5 1
-103 -1 6 1
-103 -1 7 1
-119 -22 4 1
-119 -22 5 1
-106 -7 7 1
-106 -7 11 0
-107 -8 10 0
-107 -5 8 0
-107 -5 10 0
-107 -5 9 0
-119 -24 7 2
-119 -26 7 1
-115 -27 7 1
-116 -27 7 1
-107 -6 9 0
-108 -6 9 0
-108 -6 10 0
-108 -6 8 0
-108 -5 9 0
-111 -2 10 1
-111 -2 9 1
-111 -3 10 1
-111 -3 9 1
-112 -2 10 1
-112 -2 9 1
-112 -3 10 1
-113 -2 10 1
-106 -8 9 0
-113 -3 10 1
-113 -3 9 1
-135 -17 0 1
-134 -16 6 0
-133 -17 5 0
-133 -18 4 0
-134 -18 5 0
-134 -18 4 0
-136 -18 4 0
-108 -31 4 1
-108 -31 6 1
-108 -31 5 1
-109 -31 5 1
-130 -18 0 1
-130 -18 1 2
-108 -6 11 0
-110 -7 7 1
-111 -7 7 2
-112 -7 7 1
-110 -5 10 1
-110 -5 9 1
-110 -6 10 1
-110 -6 9 1
-110 -7 10 1
-110 -7 9 1
-110 -7 8 1
-111 -5 10 1
-111 -5 9 2
-110 -17 7 0
-110 -17 11 0
-110 -17 10 0
-109 -18 8 0
-109 -19 9 0
-110 -19 8 0
-110 -19 9 0
-109 -7 9 0
-111 -19 9 1
-110 -2 4 0
-110 -2 7 0
-107 -3 6 1
-107 -3 5 2
-107 -3 4 2
-107 -4 6 2
-107 -4 5 2
-110 -2 9 0
-114 -3 8 1
-107 -5 5 1
-107 -5 4 1
-108 -3 6 1
-108 -3 5 1
-108 -3 4 2
-108 -4 6 2
-108 -4 4 2
-108 -5 6 2
-108 -5 5 2
-108 -5 4 1
-109 -3 6 1
-109 -3 5 1
-109 -3 4 1
-109 -4 6 1
-109 -4 5 1
-109 -4 4 1
-109 -5 6 1
-109 -5 5 2
-109 -32 9 0
-109 -5 4 2
-108 -4 5 2
-110 -4 5 1
-113 -32 3 1
-128 -7 3 0
-129 -7 3 0
-129 -7 4 0
-111 -1 8 0
-107 -1 7 1
-131 -14 4 0
-131 -7 2 2
-108 -1 8 1
-131 -9 3 1
-132 -8 4 0
-109 -1 8 1
-133 -6 4 1
-133 -6 3 1
-133 -13 0 1
-132 -15 0 1
-132 -15 1 2
-132 -15 2 1
-107 -1 6 1
-107 -1 5 1
-107 -1 4 1
-108 -2 3 1
-108 -3 3 1
-108 -4 3 2
-103 -4 4 2
-102 -6 4 1
-102 -5 4 1
-102 -4 4 1
-106 -2 7 0
-106 -2 8 0
-106 -2 3 2
-107 -3 2 1
-107 -3 3 2
-107 -2 2 1
-107 -2 3 1
-107 -2 4 1
-105 -34 8 0
-105 -36 8 0
-104 -37 9 0
-104 -38 9 0
-104 -37 10 0
-104 -37 8 0
-102 -37 9 1
-102 -37 10 1
-102 -37 8 1
-104 -36 11 0
-104 -36 7 0
-106 -13 7 1
-106 -13 8 1
-114 -3 7 1
-113 -5 5 1
-113 -5 6 1
-113 -5 7 1
-112 -5 5 2
-112 -5 6 2
-112 -5 7 1
-111 -5 5 2
-111 -5 6 2
-111 -5 7 2
-113 -5 8 1
-112 -5 8 1
-111 -5 8 2
-113 -5 4 2
-112 -5 4 2
-111 -5 4 2
-110 -4 6 1
-109 -5 7 1
-109 -4 7 1
-109 -3 7 1
-108 -5 7 1
-108 -4 7 1
-108 -3 7 1
-107 -5 7 1
-107 -4 7 1
-107 -3 7 1
-110 -2 8 0
-111 -32 3 1
-141 -1 7 0
-141 -1 6 0
-101 -11 10 0
-101 -11 8 1
-128 -6 4 0
-108 -16 9 0
-108 -16 8 0
-110 -18 9 0
-108 -17 9 0
-109 -17 9 0
-108 -17 8 0
-110 -16 10 0
-110 -16 11 0
-110 -16 7 0
-103 -7 9 0
-103 -7 10 0
-121 -24 3 1
-121 -24 4 1
-120 -24 3 1
-118 -2 -1 1
-114 -1 2 2
-111 -1 2 1
-111 -2 2 1
-110 -2 2 1
-110 -3 2 1
-102 -36 3 0
-102 -36 4 0
-101 -39 7 2
-101 -39 6 1
-120 -24 5 1
-119 -24 3 1
-119 -24 4 2
-119 -24 5 2
-139 -8 6 0
-103 -6 9 0
-127 -19 4 0
-103 -6 8 1
-115 -27 5 1
-135 -12 2 2
-132 -14 2 1
-136 -10 3 2
-108 -3 8 0
-101 -2 9 1
-138 -12 3 2
-138 -12 2 1
-139 -12 4 1
-139 -12 3 1
-139 -12 2 1
-137 -11 5 0
-108 -1 1 1
-108 -1 0 1
-108 -1 -1 1
-111 -1 7 0
-113 -6 5 1
-108 -2 -1 1
-113 -6 6 1
-113 -6 7 1
-112 -6 5 1
-112 -6 6 1
-112 -6 7 1
-111 -6 5 2
-111 -6 6 2
-111 -6 7 2
-131 -18 4 0
-111 -6 8 2
-110 -6 6 1
-110 -6 7 1
-110 -6 8 1
-110 -5 6 1
-110 -5 7 1
-110 -5 8 1
-110 -4 7 1
-110 -4 8 1
-113 -6 4 2
-112 -6 4 2
-111 -6 4 2
-108 -6 5 2
-108 -6 6 1
-130 -16 1 1
-130 -16 2 1
-130 -15 0 1
-130 -15 1 1
-130 -15 2 1
-139 -11 3 1
-139 -11 2 1
-138 -10 3 2
-138 -1 6 0
-140 -1 7 0
-141 -2 8 0
-111 -4 10 1
-106 -30 6 1
-120 -24 6 1
-106 -30 5 2
-106 -30 4 1
-107 -28 6 1
-119 -23 4 1
-136 -12 4 1
-107 -7 10 0
-108 -7 9 0
-108 -7 8 0
-137 -9 4 1
-135 -12 1 1
-107 -8 8 1
-132 -13 2 1
-131 -14 2 1
-109 -1 2 1
-109 -6 9 0
-109 -6 10 0
-109 -6 8 0
-108 -7 10 0
-107 -6 10 0
-107 -6 11 0
-107 -6 8 0
-109 -5 9 0
-109 -5 10 0
-133 -5 1 1
-133 -6 1 1
-133 -7 1 1
-132 -6 6 0
-133 -9 4 1
-133 -9 3 1
-133 -5 4 1
-132 -4 3 0
-132 -4 4 0
-124 -24 4 1
-106 -4 7 1
-106 -4 5 2
-106 -5 7 1
-115 -6 1 2
-104 -3 8 1
-104 -4 8 1
-104 -5 8 1
-105 -2 2 1
-105 -3 3 2
-105 -3 2 1
-106 -3 3 2
-105 -3 4 1
-118 -26 4 1
-118 -26 5 1
-118 -26 6 1
-117 -26 4 2
-117 -26 5 2
-117 -26 6 2
-116 -26 4 2
-116 -26 5 2
-116 -26 6 2
-116 -25 4 2
-116 -25 5 2
-116 -25 6 2
-116 -24 4 1
-116 -24 5 1
-116 -24 6 1
-118 -26 7 1
-118 -25 7 2
-118 -24 7 2
-117 -26 7 2
-117 -25 7 2
-117 -24 7 1
-116 -26 7 2
-116 -25 7 2
-116 -24 7 1
-118 -26 3 1
-117 -26 3 1
-121 -26 4 1
-121 -25 4 1
-118 -23 6 1
-118 -24 6 2
-118 -25 6 2
-119 -25 6 1
-120 -25 6 1
-118 -23 5 1
-118 -23 4 1
-139 -7 7 0
-138 -27 46 0
-138 -27 47 0
-139 -26 46 0
-138 -25 46 0
-139 -26 47 0
-138 -25 47 0
-140 -25 46 0
-140 -25 47 0
-139 -30 45 1
-139 -30 46 1
-139 -30 47 1
-139 -29 45 2
-139 -29 46 2
-139 -29 47 2
-139 -28 45 1
-139 -30 48 1
-139 -30 49 1
-139 -29 48 1
-139 -29 49 1
-139 -28 48 1
-139 -28 49 1
-139 -30 44 1
-139 -29 44 1
-139 -28 44 1
-138 -28 46 1
-138 -28 47 1
-140 -27 48 0
-140 -27 45 0
-140 -27 44 0
-107 -34 4 1
-110 -7 0 1
-109 -7 0 1
-128 -21 3 0
-129 -19 6 0
-130 -20 0 1
-130 -20 1 1
-130 -20 2 1
-129 -20 0 1
-129 -20 1 2
-129 -20 2 1
-129 -17 3 0
-131 -16 3 0
-132 -17 3 0
-132 -18 3 0
-131 -19 4 0
-132 -20 5 0
-131 -20 4 0
-131 -20 5 0
-131 -20 3 0
-129 -20 5 0
-129 -20 3 0
-131 -18 6 0
-130 -19 0 1
-141 -7 4 1
-142 -6 5 0
-142 -6 6 0
-142 -6 4 1
-143 -6 5 0
-143 -5 6 0
-143 -5 4 1
-144 -6 6 0
-145 -9 5 0
-143 -9 5 0
-143 -9 6 0
-143 -9 4 1
-142 -8 5 0
-142 -9 5 0
-142 -8 6 0
-142 -9 4 1
-143 -7 7 0
-142 -2 7 0
-109 -37 6 1
-109 -37 7 1
-109 -4 8 0
-111 -8 10 2
-116 -32 7 0
-112 -9 11 1
-112 -8 10 1
-112 -8 11 1
-111 -9 10 2
-111 -9 11 1
-111 -8 11 1
-110 -9 10 1
-110 -9 11 1
-110 -8 10 1
-110 -8 11 1
-109 -8 8 0
-136 -4 6 0
-135 -4 6 0
-137 -2 5 0
-137 -2 6 0
-138 -4 5 0
-138 -3 5 0
-138 -4 6 0
-138 -3 6 0
-139 -4 5 0
-139 -4 6 0
-138 -6 5 0
-138 -6 6 0
-137 -5 6 0
-136 -6 6 0
-137 -4 6 0
-137 -4 7 0
-138 -5 2 1
-138 -5 3 2
-138 -4 2 1
-138 -4 3 2
-116 -31 4 1
-116 -31 5 0
-115 -32 5 0
-139 -3 3 1
-108 -3 2 1
-107 -5 2 1
-110 -26 5 1
-110 -27 7 1
-110 -27 6 1
-110 -27 5 1
-110 -28 7 2
-110 -28 6 2
-110 -28 5 1
-111 -26 7 2
-111 -26 6 2
-111 -26 5 2
-111 -27 7 2
-111 -27 5 1
-111 -28 7 1
-111 -28 6 1
-112 -26 7 1
-112 -26 6 1
-112 -26 5 1
-112 -27 7 1
-112 -27 6 1
-112 -27 5 1
-106 -5 6 2
-106 -5 5 2
-106 -6 7 1
-106 -6 6 2
-106 -6 5 2
-107 -6 7 1
-107 -6 6 2
-107 -6 5 2
-108 -6 7 1
-126 -23 7 1
-115 -1 0 2
-108 -10 8 1
-114 -1 0 1
-108 -9 8 0
-113 -1 0 1
-107 -10 8 1
-118 -2 1 2
-107 -9 8 1
-118 -2 2 2
-118 -2 3 1
-118 -1 1 2
-118 -1 2 1
-118 -1 3 1
-142 -1 7 0
-142 -1 6 0
-142 -3 7 0
-118 -5 2 1
-118 -5 3 1
-118 -5 4 2
-109 -9 3 2
-110 -10 2 2
-110 -9 2 2
-109 -10 2 2
-109 -10 3 1
-109 -9 2 2
-108 -10 2 2
-108 -10 3 1
-108 -9 2 1
-108 -9 3 1
-108 -8 2 1
-108 -8 3 1
-117 -6 1 2
-117 -6 2 2
-117 -6 3 2
-117 -5 1 1
-116 -7 1 1
-116 -7 2 1
-125 -26 1 1
-124 -25 0 1
-123 -25 0 1
-115 -7 3 1
-117 -7 4 1
-117 -6 4 1
-116 -7 4 1
-115 -7 4 1
-117 -7 0 1
-117 -6 0 2
-117 -5 0 2
-116 -7 0 1
-106 -5 3 1
-115 -5 -1 1
-115 -4 -1 1
-115 -3 -1 1
-115 -3 0 1
-124 -2 2 1
-124 -2 3 1
-124 -1 2 1
-124 -1 3 2
-123 -2 2 1
-123 -2 3 2
-123 -1 2 2
-123 -1 3 2
-108 -30 6 2
-108 -30 5 1
-108 -30 4 1
-107 -29 5 2
-107 -4 4 1
-107 -5 6 2
-111 -4 9 1
-112 -4 9 1
-109 -6 7 1
-131 -18 1 2
-111 -30 5 0
-110 -29 3 1
-110 -31 3 1
-110 -31 2 1
-110 -31 1 1
-111 -30 3 1
-111 -30 1 1
-111 -31 3 1
-112 -11 3 2
-112 -31 2 1
-111 -11 3 1
-110 -11 3 1
-110 -10 1 1
-110 -9 1 1
-109 -10 1 1
-109 -9 1 1
-108 -10 1 1
-108 -9 1 1
-108 -8 1 1
-112 -8 -1 1
-111 -8 -1 1
-111 -8 0 2
-110 -8 -1 1
-110 -8 0 1
-131 -13 4 0
-131 -7 5 0
-134 -15 0 1
-133 -14 0 1
-110 -1 8 1
-137 -10 2 1
-110 -6 5 1
-110 -5 5 1
-132 -14 0 1
-132 -14 1 1
-132 -13 0 1
-132 -13 1 1
-103 -6 4 1
-103 -5 4 1
-114 -1 5 1
-106 -3 5 2
-106 -3 7 1
-101 -1 2 0
-109 -1 1 1
-109 -1 0 1
-109 -1 -1 1
-106 -3 6 1
-109 -2 -1 1
-141 -2 7 0
-141 -3 7 0
-138 -3 7 0
-132 -8 5 0
-132 -7 5 0
-140 -2 6 0
-122 -2 3 1
-111 -17 50 1
-111 -18 48 1
-111 -18 49 1
-111 -18 50 1
-111 -17 48 1
-111 -16 48 1
-111 -16 49 1
-111 -16 50 1
-126 -4 4 0
-124 -7 6 0
-111 -15 49 1
-111 -15 50 1
-112 -15 48 1
-110 -17 49 0
-110 -17 50 0
-111 -19 48 1
-111 -19 49 1
-111 -19 50 1
-112 -17 51 0
-112 -17 47 2
-110 -15 49 0
-110 -15 50 0
-111 -15 48 1
-110 -18 49 0
-110 -18 50 0
-104 -15 11 0
-134 -12 4 1
-134 -12 5 0
-134 -11 4 1
-134 -11 5 0
-133 -12 4 0
-133 -12 5 0
-133 -11 4 1
-133 -11 5 0
-134 -10 6 0
-136 -13 6 0
-139 -14 5 0
-139 -14 6 0
-139 -14 4 0
-137 -14 5 0
-137 -15 5 0
-137 -14 6 0
-137 -15 6 0
-137 -15 4 1
-136 -14 5 0
-136 -14 6 0
-137 -13 7 0
-138 -14 2 1
-138 -14 3 1
-137 -14 2 1
-137 -14 3 2
-137 -14 4 1
-136 -14 2 2
-136 -14 3 1
-120 -25 3 1
-120 -25 4 1
-120 -25 5 1
-119 -25 3 1
-135 -14 6 0
-138 -15 5 0
-138 -15 6 0
-138 -15 4 1
-137 -16 5 0
-137 -16 6 0
-137 -16 4 1
-135 -15 6 0
-137 -14 7 0
-138 -15 2 1
-138 -15 3 1
-137 -15 2 2
-137 -15 3 1
-136 -15 2 1
-136 -15 3 1
-136 -15 4 1
-106 -14 8 2
-106 -14 9 1
-110 -14 7 1
-141 -6 8 0
-110 -15 8 0
-110 -15 9 0
-110 -13 6 0
-140 -10 6 0
-139 -12 5 0
-139 -12 6 0
-138 -12 6 0
-103 -12 10 1
-137 -12 6 0
-132 -9 1 1
-132 -8 1 1
-131 -9 1 1
-130 -9 1 1
-140 -11 5 0
-140 -11 6 0
-140 -11 4 0
-139 -13 5 0
-139 -13 4 1
-138 -13 5 0
-138 -13 6 0
-138 -13 4 1
-137 -13 5 0
-137 -13 4 1
-138 -11 7 0
-129 -6 5 0
-129 -5 5 0
-130 -10 4 0
-130 -9 5 0
-129 -9 4 0
-129 -9 5 0
-112 -24 6 0
-115 -21 6 1
-115 -21 7 1
-115 -21 8 1
-145 -13 6 0
-148 -13 6 0
-147 -14 7 0
-148 -14 2 1
-148 -14 3 1
-114 -27 8 0
-136 -12 6 0
-140 -12 5 0
-118 -8 4 1
-140 -12 4 0
-139 -13 6 0
-138 -14 5 0
-119 -7 0 1
-119 -6 0 2
-119 -5 0 2
-118 -7 0 1
-118 -6 0 2
-118 -5 0 2
-117 -5 5 1
-117 -4 5 1
-117 -3 5 1
-116 -5 5 1
-117 -5 -1 1
-117 -4 -1 1
-117 -4 0 2
-117 -3 -1 1
-117 -3 0 1
-116 -5 -1 1
-116 -4 -1 1
-116 -3 -1 1
-113 -19 10 1
-113 -19 9 1
-113 -19 8 1
-111 -6 10 2
-111 -7 10 1
-111 -7 9 2
-111 -7 8 2
-112 -5 10 1
-112 -5 9 1
-109 -7 10 0
-109 -5 8 0
-108 -18 8 0
-109 -17 8 0
-109 -18 9 0
-108 -18 9 0
-110 -18 8 0
-103 -8 9 0
-102 -6 8 1
-102 -6 10 0
-102 -6 9 0
-123 -20 2 1
-150 -21 5 0
-150 -21 6 0
-150 -21 4 0
-129 -19 0 1
-110 -15 7 0
-110 -15 11 0
-109 -14 47 0
-110 -15 46 0
-111 -15 46 1
-109 -17 47 0
-109 -15 47 0
-147 -13 6 0
-147 -15 7 0
-112 -12 45 1
-111 -14 45 1
-111 -13 45 1
-111 -12 45 1
-110 -14 45 1
-110 -13 45 1
-113 -1 5 2
-133 -11 2 2
-114 -5 5 1
-113 -2 4 2
-115 -5 5 1
-115 -5 4 2
-113 -3 4 2
-134 -12 2 1
-115 -6 4 2
-115 -6 3 1
-114 -3 1 1
-115 -3 1 1
-115 -4 1 1
-116 -2 3 1
-116 -2 2 2
-116 -2 1 1
-114 -3 4 2
-116 -3 2 2
-116 -3 1 1
-116 -4 3 1
-116 -4 2 1
-116 -4 1 1
-113 -1 1 1
-113 -2 1 1
-112 -45 6 2
-114 -47 7 1
-114 -46 7 1
-114 -45 7 1
-113 -47 7 1
-113 -46 7 1
-113 -45 7 1
-112 -47 7 1
-112 -46 7 1
-112 -45 7 1
-117 -46 5 0
-117 -46 6 0
-116 -47 5 0
-116 -48 5 0
-116 -48 6 0
-115 -48 5 0
-115 -48 6 0
-115 -46 7 0
-116 -47 2 1
-116 -47 3 2
-116 -47 4 1
-115 -47 2 1
-115 -47 3 2
-115 -47 4 1
-114 -47 2 1
-112 -3 0 2
-112 -3 -1 1
-112 -4 0 2
-112 -4 -1 1
-108 -6 1 1
-109 -6 1 1
-110 -5 1 2
-110 -6 1 2
-108 -6 2 1
-110 -4 2 1
-110 -5 2 1
-110 -6 2 2
-111 -5 2 1
-111 -4 2 1
-112 -4 1 1
-112 -6 1 1
-149 -14 6 0
-149 -14 4 1
-148 -15 7 0
-149 -14 2 1
-149 -14 3 1
-113 -22 6 2
-113 -21 6 1
-113 -20 6 1
-112 -22 6 1
-112 -21 6 1
-112 -20 6 1
-115 -23 6 1
-115 -22 6 1
-114 -23 6 2
-113 -24 6 1
-116 -25 8 2
-116 -25 9 1
-116 -24 8 1
-116 -24 9 1
-116 -23 7 1
-116 -23 8 1
-116 -23 9 1
-115 -25 8 2
-115 -25 9 1
-116 -25 10 1
-116 -24 10 1
-116 -23 10 1
-115 -25 10 1
-114 -25 10 1
-116 -23 6 1
-113 -26 8 0
-113 -26 9 0
-113 -26 7 0
-112 -27 8 1
-112 -27 9 1
-112 -26 8 1
-112 -26 9 1
-112 -25 7 1
-111 -27 9 1
-110 -27 9 1
-112 -27 10 1
-112 -6 2 1
-113 -6 3 2
-113 -6 2 2
-101 -7 7 1
-101 -7 6 1
-102 -7 7 2
-102 -7 6 1
-103 -7 7 2
-103 -7 6 2
-103 -8 8 1
-103 -8 7 2
-103 -8 6 2
-103 -9 7 2
-103 -9 6 2
-102 -8 11 0
-103 -10 8 1
-103 -10 10 0
-103 -10 9 0
-104 -8 8 1
-104 -8 10 0
-104 -8 9 0
-136 -9 3 1
-136 -9 2 1
-138 -7 4 1
-138 -7 3 2
-115 -31 4 1
-115 -31 5 0
-144 -1 7 0
-144 -1 8 0
-144 -1 6 0
-142 -1 8 0
-118 -4 0 2
-118 -3 -1 1
-118 -3 0 1
-109 -7 7 1
-108 -7 7 1
-128 -5 -1 1
-128 -5 0 1
-128 -5 1 1
-138 -3 4 1
-137 -3 2 2
-137 -3 3 1
-136 -3 2 2
-118 -23 3 1
-118 -24 5 2
-118 -24 4 2
-118 -2 4 1
-119 -2 0 2
-119 -1 0 1
-118 -25 3 1
-129 -22 7 0
-129 -22 5 0
-128 -20 8 0
-136 -4 7 0
-136 -2 6 0
-136 -2 7 0
-121 -2 1 1
-138 -2 6 0
-138 -2 7 0
-138 -2 5 0
-139 -2 6 0
-139 -2 7 0
-139 -2 5 0
-121 -3 0 1
-140 -4 7 0
-140 -4 5 0
-139 -5 6 0
-139 -5 7 0
-139 -5 5 0
-138 -5 7 0
-138 -4 7 0
-138 -4 8 0
-139 -5 2 1
-139 -5 3 2
-139 -5 4 1
-139 -4 2 1
-139 -4 3 1
-139 -4 4 1
-139 -3 2 1
-139 -3 4 1
-101 -1 9 1
-120 -8 2 1
-120 -8 3 1
-119 -8 1 1
-119 -8 2 1
-119 -8 3 1
-121 -8 4 1
-121 -7 4 1
-121 -6 4 2
-120 -8 4 1
-119 -8 4 1
-121 -8 0 1
-121 -7 0 2
-121 -6 0 1
-120 -8 0 1
-119 -8 0 1
-119 -6 5 1
-119 -5 5 1
-119 -4 5 1
-118 -6 5 1
-136 -5 7 0
-119 -6 -1 1
-137 -6 3 1
-137 -5 2 1
-137 -5 3 2
-137 -4 2 1
-137 -4 3 2
-129 -21 3 0
-128 -20 3 0
-128 -8 3 0
-127 -8 4 0
-126 -6 5 0
-127 -7 -1 1
-127 -7 0 2
-127 -7 1 1
-127 -6 0 2
-127 -6 1 1
-127 -5 -1 1
-127 -5 0 1
-130 -21 0 1
-130 -21 1 1
-102 -4 6 1
-102 -4 7 1
-138 -7 7 0
-138 -6 7 0
-139 -8 7 0
-138 -8 8 0
-139 -7 2 1
-139 -7 3 2
-139 -7 4 1
-112 -3 6 2
-112 -3 5 2
-112 -3 4 2
-138 -5 5 0
-114 -49 4 1
-112 -2 4 1
-114 -49 5 1
-114 -49 6 1
-113 -49 4 1
-113 -49 5 1
-113 -49 6 1
-112 -49 4 1
-112 -49 5 1
-112 -49 6 1
-117 -48 5 0
-117 -48 6 0
-116 -49 5 0
-116 -49 6 0
-115 -49 5 0
-115 -50 5 0
-117 -28 2 1
-115 -49 6 0
-115 -48 7 0
-115 -48 3 2
-116 -49 2 1
-116 -49 3 1
-116 -49 4 1
-116 -48 2 1
-116 -48 3 1
-116 -48 4 1
-115 -49 2 1
-115 -49 3 2
-115 -49 4 1
-115 -48 2 1
-115 -48 4 1
-114 -49 2 1
-114 -49 3 2
-114 -48 2 1
-123 -4 0 1
-112 -23 7 1
-112 -24 9 0
-107 -37 6 1
-112 -24 8 0
-110 -24 9 2
-111 -25 8 1
-116 -1 0 2
-132 -19 6 0
-111 -25 9 1
-111 -25 10 1
-111 -24 8 1
-137 -6 7 0
-139 -6 6 0
-139 -6 7 0
-140 -7 7 0
-138 -7 8 0
-139 -6 4 1
-138 -6 2 1
-138 -6 3 2
-138 -6 4 1
-114 -31 3 1
-113 -33 3 1
-110 -6 4 2
-113 -31 3 1
-110 -4 4 1
-112 -32 3 1
-112 -31 3 1
-112 -30 5 0
-120 -28 5 2
-106 -5 8 1
-120 -27 4 1
-120 -27 5 1
-120 -27 6 1
-120 -26 6 1
-122 -28 3 1
-121 -28 3 2
-120 -28 3 1
-125 -7 4 0
-127 -5 2 0
-118 -27 8 1
-118 -26 8 1
-118 -25 8 1
-116 -25 2 1
-115 -26 2 1
-115 -25 2 1
-136 -10 7 0
-139 -10 7 0
-127 -18 6 0
-129 -18 6 0
-129 -18 7 0
-130 -18 6 0
-134 -8 5 0
-133 -8 5 0
-130 -21 6 0
-125 -20 3 1
-125 -20 4 1
-111 -49 5 2
-112 -50 4 1
-112 -50 5 1
-112 -50 6 1
-111 -50 4 2
-111 -50 5 2
-111 -50 6 1
-111 -49 4 1
-111 -49 6 2
-111 -48 4 1
-111 -48 5 1
-111 -48 6 1
-110 -50 4 1
-110 -50 5 1
-110 -50 6 1
-110 -49 4 1
-110 -49 5 1
-110 -49 6 1
-110 -48 4 1
-110 -48 5 1
-110 -48 6 1
-116 -47 6 0
-117 -49 5 0
-116 -50 5 0
-116 -50 6 0
-115 -30 5 0
-115 -29 6 0
-115 -50 6 0
-128 -18 7 0
-130 -19 6 0
-130 -18 7 0
-115 -28 7 0
-131 -21 6 0
-131 -21 5 0
-113 -1 2 2
-112 -1 2 1
-115 -4 2 1
-115 -4 3 1
-115 -4 4 2
-115 -3 2 2
-115 -3 3 2
-117 -24 1 1
-118 -22 1 1
-115 -2 3 1
-115 -2 4 1
-115 -4 5 1
-102 -11 9 0
-115 -2 5 1
-114 -6 2 1
-114 -6 3 1
-114 -6 4 2
-114 -5 2 2
-114 -5 3 2
-117 -22 3 1
-120 -26 0 1
-120 -26 1 2
-120 -26 2 1
-113 -50 5 0
-113 -50 6 0
-115 -49 7 0
-116 -50 2 1
-116 -50 3 1
-116 -50 4 1
-115 -50 2 1
-115 -50 3 1
-115 -50 4 1
-114 -50 2 1
-114 -50 3 2
-114 -50 4 1
-103 -12 7 1
-103 -11 6 1
-103 -11 7 2
-112 -35 4 1
-104 -9 5 2
-134 -1 5 0
-135 -1 5 0
-134 -1 6 0
-135 -1 6 0
-133 -2 5 0
-134 -3 5 0
-133 -2 6 0
-134 -3 6 0
-133 -3 5 0
-133 -3 6 0
-131 -3 5 0
-131 -3 6 0
-133 -1 7 0
-133 -1 3 1
-138 -11 6 0
-136 -11 6 0
-138 -10 7 0
-105 -7 5 2
-108 -10 6 2
-108 -10 7 1
-108 -9 6 2
-108 -9 7 1
-107 -10 6 1
-107 -10 7 1
-107 -9 6 2
-107 -9 7 1
-113 -15 8 1
-113 -15 9 1
-113 -14 7 1
-113 -14 8 1
-113 -14 9 1
-137 -3 6 0
-113 -13 7 1
-113 -13 8 1
-113 -13 9 1
-112 -15 7 1
-112 -15 8 2
-112 -15 9 2
-112 -14 7 2
-112 -14 9 2
-112 -13 7 1
-112 -13 8 2
-112 -13 9 2
-111 -15 7 1
-111 -15 8 1
-111 -15 9 1
-111 -14 7 1
-111 -14 8 1
-111 -14 9 1
-111 -13 7 1
-111 -13 8 2
-111 -13 9 2
-115 -1 4 1
-115 -1 5 1
-113 -13 6 1
-112 -15 6 1
-112 -14 6 1
-119 -26 6 1
-119 -26 3 1
-118 -28 5 0
-118 -28 6 0
-118 -28 4 1
-117 -27 5 1
-116 -27 5 1
-117 -27 6 1
-117 -27 4 1
-137 -7 5 0
-137 -7 6 0
-135 -7 6 0
-135 -8 6 0
-134 -7 6 0
-135 -6 7 0
-136 -7 2 1
-102 -34 7 1
-102 -33 7 1
-102 -32 7 1
-101 -32 7 1
-103 -41 8 1
-104 -40 8 1
-104 -39 8 1
-140 -19 6 0
-140 -19 7 0
-140 -18 7 0
-141 -19 6 0
-141 -19 7 0
-141 -20 6 0
-142 -20 6 0
-141 -20 7 0
-141 -22 6 0
-140 -21 7 0
-141 -21 7 0
-137 -19 8 0
-126 -23 6 1
-125 -20 8 1
-113 -3 8 1
-112 -26 10 1
-112 -25 10 1
-111 -27 10 1
-110 -27 10 1
-112 -25 6 1
-142 -21 8 0
-142 -20 8 0
-141 -20 8 0
-143 -20 7 0
-143 -20 8 0
-143 -19 8 0
-144 -20 7 0
-144 -20 8 0
-144 -21 7 0
-145 -21 7 0
-144 -21 8 0
-144 -22 7 0
-143 -22 8 0
-144 -22 8 0
-143 -23 7 0
-143 -23 8 0
-142 -22 7 0
-143 -21 9 0
-143 -21 5 0
-113 -10 1 1
-112 -10 1 1
-111 -10 1 2
-112 -35 7 1
-111 -36 6 1
-111 -36 7 1
-111 -35 7 1
-131 -15 4 0
-130 -15 4 0
-131 -15 5 0
-130 -15 5 0
-130 -14 4 0
-133 -17 4 0
-132 -16 4 0
-132 -17 4 0
-132 -17 5 0
-130 -17 4 0
-131 -16 5 0
-132 -15 6 0
-133 -16 0 1
-133 -16 1 2
-133 -16 2 1
-132 -16 0 1
-132 -16 1 1
-132 -16 2 1
-131 -16 0 1
-131 -16 1 2
-131 -16 2 1
-131 -15 0 1
-131 -15 1 1
-131 -15 2 1
-131 -14 0 1
-131 -14 1 1
-105 -33 9 1
-105 -33 10 1
-107 -33 8 1
-107 -33 10 1
-105 -33 8 1
-107 -33 11 1
-106 -33 11 1
-105 -33 11 1
-102 -6 7 1
-102 -5 5 1
-102 -5 6 1
-102 -5 7 1
-107 -33 9 1
-117 -3 4 1
-117 -2 4 1
-116 -6 1 2
-116 -6 2 2
-124 -13 4 0
-122 -16 -1 1
-122 -16 0 1
-101 -12 5 1
-101 -11 5 2
-101 -10 5 1
-122 -14 6 1
-121 -14 6 1
-120 -16 6 1
-102 -9 5 2
-120 -14 6 1
-122 -13 6 1
-122 -12 5 1
-122 -12 6 1
-121 -13 6 1
-121 -12 6 1
-120 -13 6 1
-120 -12 6 1
-123 -14 6 1
-125 -14 6 0
-120 -17 6 1
-120 -17 7 1
-120 -16 7 1
-120 -15 7 1
-123 -15 8 1
-122 -15 8 1
-121 -15 8 1
-122 -14 7 2
-123 -14 7 1
-123 -14 8 1
-123 -13 6 1
-123 -13 7 1
-132 -7 6 0
-122 -14 8 2
-122 -13 7 1
-122 -13 8 1
-121 -14 7 2
-121 -14 8 2
-121 -13 7 1
-121 -13 8 1
-125 -14 7 0
-120 -15 8 1
-120 -14 7 1
-120 -14 8 1
-120 -13 7 1
-120 -13 8 1
-123 -15 9 1
-123 -14 9 1
-102 -10 5 2
-102 -8 5 2
-101 -9 5 2
-101 -8 5 1
-103 -9 5 2
-103 -8 5 2
-103 -7 5 2
-102 -7 5 1
-101 -7 5 1
-103 -10 5 2
-103 -11 5 1
-102 -11 5 1
-102 -9 3 2
-103 -10 2 1
-103 -10 3 1
-103 -10 4 2
-103 -9 2 1
-103 -9 3 2
-103 -9 4 2
-103 -8 2 1
-103 -8 3 2
-103 -8 4 2
-102 -10 2 1
-102 -10 3 1
-102 -10 4 2
-102 -9 2 1
-102 -9 4 2
-102 -8 2 1
-102 -8 3 1
-102 -8 4 2
-101 -10 2 1
-101 -10 3 2
-101 -10 4 1
-124 -27 8 1
-124 -26 8 1
-124 -25 8 1
-123 -25 8 1
-122 -25 8 1
-114 -6 -1 1
-101 -35 3 1
-103 -38 5 1
-103 -38 6 1
-102 -39 6 2
-103 -40 5 1
-103 -40 6 1
-103 -40 7 1
-103 -39 5 1
-103 -39 6 1
-103 -39 7 2
-103 -38 7 1
-102 -40 5 1
-102 -40 6 1
-102 -40 7 2
-102 -39 5 1
-102 -39 7 2
-101 -40 5 1
-101 -40 6 1
-101 -40 7 1
-101 -39 5 1
-112 -29 7 0
-114 -28 7 0
-115 -29 7 0
-116 -29 7 0
-115 -31 7 0
-115 -31 6 0
-114 -31 7 0
-113 -30 7 0
-112 -31 7 0
-114 -29 8 0
-114 -29 9 0
-118 -1 -1 1
-109 -14 8 1
-109 -14 9 1
-138 -10 6 0
-137 -11 6 0
-134 -5 4 1
-135 -4 4 1
-134 -5 3 2
-133 -6 5 0
-133 -6 6 0
-134 -7 1 1
-138 -21 6 0
-138 -21 7 0
-138 -21 5 0
-137 -21 7 0
-105 -30 6 1
-105 -29 4 1
-105 -29 5 1
-105 -29 6 1
-108 -31 7 1
-107 -31 7 1
-106 -31 7 2
-106 -30 7 1
-106 -29 7 1
-109 -30 8 1
-109 -29 8 2
-109 -28 8 1
-108 -30 8 1
-108 -29 8 1
-108 -28 8 1
-107 -30 8 2
-107 -29 8 1
-107 -28 8 1
-102 -38 9 2
-101 -38 8 1
-108 -34 5 1
-108 -34 6 1
-101 -38 10 1
-107 -33 6 0
-107 -33 5 0
-108 -32 6 0
-108 -32 7 1
-108 -32 3 2
-109 -33 2 1
-109 -32 2 1
-109 -32 3 2
-109 -32 4 1
-109 -31 2 1
-109 -31 3 1
-109 -31 4 1
-108 -33 2 1
-108 -33 3 2
-108 -32 2 1
-108 -32 4 1
-108 -31 2 1
-108 -31 3 1
-107 -33 2 1
-107 -33 3 1
-107 -33 4 1
-107 -32 2 1
-107 -32 3 1
-107 -32 4 1
-107 -31 2 1
-107 -31 3 1
-108 -32 5 0
-102 -35 7 1
-105 -36 5 0
-103 -36 7 1
-105 -34 4 0
-104 -8 6 2
-104 -8 7 1
-104 -7 6 2
-105 -37 5 0
-114 -21 8 1
-114 -21 9 1
-114 -21 10 1
-114 -20 8 1
-114 -20 9 1
-120 -27 0 1
-104 -6 7 1
-128 -8 5 0
-104 -5 6 1
-104 -5 7 1
-113 -21 9 2
-130 -9 2 1
-112 -21 8 1
-112 -21 9 1
-112 -21 10 1
-114 -21 7 1
-114 -20 7 1
-114 -19 7 1
-113 -21 7 2
-112 -21 7 1
-111 -21 9 0
-111 -21 8 0
-111 -22 9 0
-111 -22 8 0
-109 -21 9 0
-109 -21 8 0
-140 -18 6 0
-139 -20 6 0
-140 -20 6 0
-139 -20 7 0
-140 -20 7 0
-119 -23 7 1
-118 -23 7 1
-117 -23 7 1
-119 -25 8 1
-119 -24 8 1
-119 -23 8 1
-118 -23 8 1
-117 -23 8 1
-120 -27 7 0
-107 -13 7 1
-118 -29 7 0
-108 -13 7 1
-138 -13 2 1
-140 -2 8 0
-107 -30 4 1
-109 -11 5 1
-109 -12 6 1
-109 -12 5 1
-109 -9 7 1
-146 -12 5 0
-148 -13 2 1
-148 -13 3 1
-148 -13 4 1
-147 -13 2 1
-147 -13 3 1
-147 -13 4 1
-146 -13 2 1
-146 -13 3 2
-145 -12 5 0
-145 -13 2 1
-145 -13 3 2
-145 -12 2 1
-144 -13 2 1
-144 -13 3 1
-144 -13 4 1
-144 -12 2 1
-144 -12 3 2
-144 -12 4 1
-144 -12 5 0
-107 -7 5 2
-107 -7 4 1
-107 -8 4 1
-131 -7 -1 1
-108 -8 6 2
-108 -8 5 2
-108 -8 4 1
-139 -13 3 1
-101 -10 9 0
-101 -10 10 0
-101 -10 8 1
-150 -26 8 0
-150 -27 8 0
-150 -26 9 0
-150 -27 7 0
-150 -25 10 0
-150 -25 6 0
-132 -14 4 0
-132 -14 5 0
-135 -15 4 0
-135 -15 5 0
-134 -16 4 0
-132 -15 4 0
-132 -15 5 0
-134 -14 6 0
-135 -15 1 1
-135 -15 2 2
-135 -15 3 1
-143 -11 4 1
-143 -11 5 0
-143 -11 3 2
-147 -11 5 0
-146 -14 2 1
-146 -14 3 2
-145 -14 2 1
-145 -14 3 2
-144 -14 2 1
-144 -14 3 1
-143 -13 3 2
-143 -14 2 1
-143 -14 3 1
-143 -14 4 1
-143 -13 2 1
-143 -13 4 1
-143 -12 2 1
-143 -12 3 1
-143 -12 4 1
-142 -14 2 1
-142 -14 3 1
-142 -14 4 1
-142 -13 2 1
-142 -13 3 1
-142 -13 4 1
-142 -12 2 1
-142 -12 3 1
-142 -12 4 1
-145 -11 6 0
-105 -33 6 0
-106 -32 6 1
-106 -32 7 1
-105 -32 5 1
-105 -32 6 1
-105 -32 7 1
-105 -31 7 1
-105 -30 7 1
-104 -32 5 1
-104 -32 6 1
-104 -32 7 1
-104 -31 5 1
-104 -31 6 1
-104 -31 7 1
-104 -30 5 1
-104 -30 6 1
-104 -30 7 1
-108 -31 8 1
-107 -31 8 2
-106 -31 8 2
-106 -30 8 1
-106 -29 8 1
-107 -35 5 1
-107 -34 6 1
-107 -35 6 1
-106 -34 5 0
-106 -34 6 0
-143 -12 5 0
-147 -12 5 0
-144 -13 5 0
-145 -12 6 0
-102 -3 9 1
-114 -20 6 1
-101 -3 9 1
-112 -17 10 2
-111 -17 8 1
-111 -17 9 1
-101 -4 8 1
-113 -17 11 1
-101 -4 9 1
-112 -17 11 2
-112 -16 11 2
-111 -17 11 1
-111 -16 11 1
-113 -17 7 1
-112 -17 7 1
-111 -17 7 1
-110 -16 9 0
-110 -16 8 0
-109 -16 8 0
-110 -14 11 0
-131 -18 3 0
-134 -15 6 0
-133 -16 6 0
-101 -16 7 1
-145 -21 8 0
-101 -16 8 1
-101 -16 9 1
-101 -15 7 1
-101 -15 8 1
-101 -15 9 1
-101 -14 7 1
-101 -14 8 2
-101 -14 9 1
-126 -20 3 0
-127 -18 3 0
-129 -19 3 0
-128 -22 3 0
-128 -22 4 0
-127 -21 3 0
-129 -21 0 1
-129 -21 1 1
-129 -21 2 1
-128 -21 0 1
-128 -21 1 2
-128 -21 2 1
-136 -13 7 0
-135 -14 7 0
-136 -15 6 0
-131 -20 2 1
-146 -21 8 0
-146 -21 7 0
-147 -21 8 0
-147 -21 7 0
-147 -22 8 0
-148 -22 8 0
-147 -22 7 0
-126 -21 3 0
-126 -19 3 0
-127 -22 3 0
-127 -23 3 1
-126 -22 3 0
-145 -12 7 0
-128 -22 1 1
-128 -22 2 1
-127 -22 0 1
-127 -22 1 1
-127 -22 2 1
-126 -22 0 1
-126 -22 1 2
-126 -22 2 1
-108 -1 2 1
-110 -3 3 0
-109 -5 3 2
-109 -4 3 1
-109 -3 3 1
-108 -5 3 1
-113 -12 1 1
-113 -12 2 1
-113 -12 3 1
-112 -12 1 1
-111 -12 1 2
-113 -12 4 1
-109 -13 2 2
-110 -14 1 1
-110 -14 2 2
-110 -14 3 2
-110 -13 1 1
-110 -12 1 1
-109 -14 1 2
-109 -14 2 2
-109 -14 3 1
-109 -13 1 1
-109 -13 3 1
-109 -12 1 1
-109 -12 2 1
-109 -12 3 1
-108 -14 1 1
-108 -14 2 1
-108 -14 3 1
-108 -13 1 1
-108 -13 2 1
-108 -13 3 1
-108 -12 1 1
-108 -12 2 1
-108 -12 3 1
-144 -14 5 0
-144 -15 6 0
-112 -12 0 1
-111 -12 0 1
-110 -12 0 1
-146 -15 6 0
-146 -15 4 1
-146 -16 5 0
-146 -16 6 0
-146 -16 4 1
-145 -17 5 0
-146 -18 5 0
-101 -12 9 0
-101 -12 10 0
-102 -15 7 1
-144 -16 6 0
-102 -15 8 1
-102 -15 9 1
-102 -14 7 1
-102 -14 8 2
-113 -13 1 1
-113 -13 2 1
-113 -13 3 1
-112 -13 1 1
-111 -13 1 2
-113 -13 4 1
-109 -13 4 2
-110 -14 4 2
-110 -14 5 1
-109 -14 4 1
-109 -14 5 1
-108 -14 4 1
-108 -14 5 1
-108 -13 4 1
-111 -14 1 2
-111 -14 2 1
-111 -14 3 1
-136 -18 5 0
-134 -9 1 1
-131 -8 0 1
-121 -15 23 1
-123 -14 23 1
-122 -14 23 1
-106 -4 2 1
-102 -16 12 0
-102 -15 12 0
-123 -18 24 2
-101 -14 12 0
-101 -16 11 0
-101 -16 10 0
-102 -16 11 0
-102 -14 12 0
-101 -15 11 0
-101 -15 10 0
-102 -15 11 0
-102 -16 10 0
-101 -14 11 0
-103 -13 12 0
-102 -15 10 0
-103 -15 11 0
-103 -15 10 0
-101 -13 11 0
-102 -14 11 0
-102 -14 10 0
-104 -13 12 0
-104 -11 11 0
-102 -13 11 0
-103 -14 11 0
-106 -11 11 0
-105 -11 9 0
-103 -11 11 0
-106 -11 10 0
-103 -13 11 0
-105 -13 12 0
-104 -15 10 0
-105 -11 11 0
-105 -11 10 0
-104 -12 11 0
-104 -13 11 0
-107 -14 12 0
-105 -15 10 0
-105 -16 10 0
-107 -12 11 0
-107 -13 11 0
-107 -12 10 0
-107 -13 10 0
-123 -8 1 0
-105 -14 11 0
-122 -9 1 1
-121 -9 1 1
-120 -9 1 1
-122 -9 0 1
-121 -9 0 1
-120 -9 0 1
-106 -14 11 0
-106 -14 10 1
-124 -5 9 0
-123 -6 7 1
-123 -5 7 1
-108 -15 12 0
-106 -16 11 0
-106 -16 10 0
-109 -13 11 0
-108 -13 10 0
-108 -14 10 0
-106 -13 11 0
-106 -13 10 1
-106 -15 11 0
-106 -15 10 0
-109 -15 12 0
-109 -36 8 1
-107 -17 11 0
-109 -35 8 1
-107 -17 10 0
-109 -13 10 0
-112 -50 7 1
-107 -14 11 0
-112 -50 8 1
-107 -14 10 0
-107 -15 11 0
-111 -50 7 1
-111 -50 8 1
-107 -15 10 0
-109 -16 12 0
-110 -50 7 1
-110 -50 8 1
-109 -17 11 0
-109 -14 11 0
-109 -15 11 0
-109 -14 10 0
-108 -15 11 0
-136 -17 1 1
-136 -17 2 1
-136 -17 3 1
-135 -17 3 1
-108 -15 10 0
-109 -15 10 0
-107 -16 11 0
-108 -16 11 0
-107 -16 10 0
-110 -17 12 0
-109 -18 11 0
-111 -18 12 1
-112 -18 12 1
-113 -18 12 1
-111 -14 12 1
-112 -14 12 1
-126 -6 21 0
-126 -6 22 0
-125 -7 21 0
-126 -8 21 0
-124 -8 21 0
-123 -7 19 1
-110 -20 10 0
-111 -15 12 1
-111 -16 12 1
-111 -17 12 1
-112 -15 12 1
-112 -16 12 1
-112 -17 12 1
-113 -15 12 1
-113 -16 12 1
-113 -17 12 1
-109 -17 10 0
-108 -18 10 0
-109 -20 10 0
-112 -21 11 1
-113 -21 11 1
-113 -22 11 1
-114 -20 11 1
-114 -21 11 1
-114 -22 11 1
-109 -18 10 0
-109 -19 10 0
-120 -15 0 1
-120 -14 0 1
-124 -8 1 1
-120 -13 0 1
-119 -15 0 1
-119 -15 1 1
-119 -15 2 1
-119 -14 0 1
-102 -35 9 0
-112 -18 6 1
-112 -19 6 1
-113 -18 6 1
-113 -19 6 1
-114 -18 8 1
-114 -18 7 1
-114 -18 6 1
-114 -19 6 1
-111 -22 7 0
-109 -24 4 1
-109 -25 4 1
-109 -26 4 1
-110 -24 4 1
-109 -24 5 1
-109 -25 5 1
-109 -26 5 1
-110 -24 5 1
-111 -24 5 1
-114 -28 8 0
-115 -29 8 0
-117 -31 7 0
-138 -30 46 1
-138 -29 45 2
-137 -26 46 0
-117 -34 7 0
-117 -35 7 0
-116 -39 8 1
-117 -45 7 0
-115 -46 8 0
-145 -13 7 0
-142 -13 5 0
-113 -3 7 1
-135 -5 1 1
-136 -5 1 1
-137 -5 1 1
-150 -33 9 1
-110 -30 2 1
-135 -2 7 0
-122 -8 26 1
-122 -7 26 2
-122 -45 3 1
-133 -2 4 0
-133 -1 2 1
-133 -1 1 1
-133 -1 0 1
-134 -1 0 1
-135 -1 0 1
-132 -1 4 0
-138 -1 43 0
-137 -1 43 0
-137 -1 42 0
-140 -1 43 0
-140 -2 42 0
-139 -1 39 0
-137 -18 4 0
-139 -1 43 0
-139 -1 42 0
-138 -2 40 0
-138 -2 42 0
-138 -2 41 0
-139 -2 42 0
-141 -1 42 0
-138 -1 42 0
-137 -1 41 0
-140 -1 38 0
-140 -1 39 0
-140 -1 42 0
-138 -1 41 0
-139 -1 41 0
-138 -1 40 0
-139 -1 40 0
-140 -1 41 0
-139 -2 41 0
-139 -2 40 0
-144 -2 41 0
-144 -2 40 0
-142 -2 41 0
-142 -2 40 0
-141 -2 41 0
-107 -1 2 1
-107 -1 3 1
-106 -3 2 1
-122 -3 2 2
-122 -3 3 2
-122 -2 1 2
-122 -2 2 2
-110 -1 3 1
-109 -2 6 0
-110 -3 6 1
-110 -2 6 0
-110 -3 5 0
-110 -2 5 0
-111 -2 8 1
-111 -2 7 1
-111 -3 8 1
-111 -3 7 1
-111 -4 8 2
-111 -4 7 2
-112 -3 8 2
-112 -4 8 2
-112 -4 7 2
-102 -2 4 2
-103 -2 4 1
-103 -4 3 2
-103 -5 3 1
-103 -6 3 1
-104 -4 3 1
-104 -5 3 1
-104 -6 3 1
-105 -4 3 2
-105 -5 3 1
-105 -6 4 1
-105 -6 3 1
-105 -1 8 1
-126 -5 3 0
-126 -5 4 0
-126 -5 2 0
-127 -6 3 0
-127 -6 4 0
-127 -6 2 0
-126 -7 3 0
-126 -8 3 0
-126 -8 4 0
-126 -8 2 0
-125 -8 3 0
-125 -8 4 0
-125 -8 2 0
-124 -8 3 0
-124 -8 4 0
-105 -2 5 1
-123 -22 5 1
-122 -22 3 1
-122 -22 4 2
-122 -22 5 2
-106 -2 5 1
-123 -21 2 1
-123 -20 0 1
-123 -20 1 1
-112 -28 7 1
-112 -28 6 1
-112 -28 5 1
-111 -27 6 2
-111 -28 5 1
-111 -29 4 1
-111 -29 6 1
-111 -29 5 1
-114 -29 7 0
-113 -30 4 1
-113 -30 6 0
-112 -29 5 0
-113 -29 5 0
-106 -1 8 1
-106 -2 2 1
-122 -7 5 1
-121 -7 5 1
-120 -7 5 1
-123 -6 4 1
-123 -6 5 1
-123 -5 5 1
-123 -4 5 1
-133 -5 2 1
-132 -7 1 1
-132 -7 2 1
-132 -6 1 1
-132 -5 1 1
-132 -5 2 1
-131 -6 2 1
-131 -5 1 1
-131 -5 2 1
-132 -6 4 0
-129 -7 2 0
-138 -4 4 1
-138 -3 2 1
-138 -3 3 1
-118 -24 3 1
-127 -17 2 1
-114 -25 6 1
-114 -25 5 1
-114 -25 4 1
-115 -24 6 2
-115 -24 5 2
-115 -24 4 2
-115 -25 6 2
-115 -26 5 1
-115 -26 4 1
-114 -26 4 1
-114 -26 6 1
-141 -2 40 0
-116 -39 5 1
-116 -40 5 1
-116 -39 6 1
-114 -39 5 0
-114 -39 6 0
-116 -38 7 0
-116 -38 3 2
-117 -39 2 1
-117 -39 3 1
-117 -38 2 1
-117 -38 3 1
-117 -38 4 1
-116 -39 2 1
-116 -39 3 1
-116 -39 4 1
-116 -38 2 1
-116 -38 4 1
-115 -39 2 1
-115 -39 3 2
-115 -39 4 1
-115 -38 2 1
-115 -38 3 2
-115 -38 4 1
-140 -4 40 0
-145 -5 38 0
-145 -5 39 0
-145 -5 42 0
-143 -6 40 0
-143 -6 41 0
-144 -6 41 0
-143 -7 40 0
-144 -6 40 0
-145 -3 41 0
-145 -4 41 0
-145 -3 40 0
-143 -5 41 0
-143 -5 40 0
-146 -5 38 0
-146 -5 39 0
-146 -4 41 0
-146 -3 40 0
-146 -4 40 0
-144 -4 41 0
-144 -4 40 0
-144 -5 41 0
-144 -5 40 0
-147 -6 38 0
-147 -6 39 0
-147 -6 42 0
-145 -7 41 0
-146 -7 41 0
-145 -7 40 0
-146 -7 40 0
-145 -5 41 0
-145 -5 40 0
-145 -6 41 0
-145 -6 40 0
-147 -6 40 0
-147 -8 41 0
-147 -8 40 0
-147 -5 41 0
-147 -5 40 0
-147 -7 41 0
-149 -7 38 0
-130 -6 2 1
-149 -7 39 0
-149 -7 42 0
-148 -8 41 0
-148 -8 40 0
-147 -7 40 0
-150 -9 41 0
-148 -7 41 0
-149 -9 41 0
-149 -9 40 0
-150 -7 38 0
-150 -7 39 0
-150 -7 42 0
-150 -9 40 0
-148 -7 40 0
-149 -8 41 0
-149 -8 40 0
-150 -6 38 0
-150 -6 39 0
-150 -6 43 0
-150 -6 42 0
-150 -8 40 0
-150 -8 41 0
-149 -7 40 0
-149 -7 41 0
-150 -5 39 0
-150 -5 43 0
-150 -5 42 0
-150 -7 40 0
-150 -7 41 0
-150 -4 39 0
-150 -4 43 0
-148 -6 40 0
-132 -45 4 2
-132 -45 5 1
-132 -44 3 1
-132 -44 5 1
-132 -47 3 2
-132 -49 5 0
-132 -50 5 0
-133 -48 6 0
-133 -48 2 2
-133 -49 1 1
-133 -49 2 1
-149 -6 41 0
-133 -47 1 1
-133 -47 2 1
-132 -49 1 1
-132 -49 2 1
-132 -49 3 1
-132 -48 1 1
-132 -48 2 1
-113 -39 5 1
-115 -39 6 0
-114 -37 5 1
-117 -37 5 0
-118 -42 4 2
-149 -1 40 0
-118 -42 5 2
-118 -42 6 2
-117 -42 4 1
-117 -42 5 1
-117 -42 6 1
-116 -42 4 1
-116 -42 5 1
-116 -42 6 1
-116 -41 4 1
-116 -41 5 1
-116 -41 6 1
-116 -40 4 1
-116 -40 6 1
-118 -42 7 2
-117 -42 7 1
-116 -42 7 1
-116 -41 7 1
-116 -40 7 1
-115 -40 5 0
-115 -41 5 0
-115 -40 6 0
-115 -41 6 0
-114 -40 5 0
-114 -40 6 0
-115 -39 7 0
-116 -40 2 1
-116 -40 3 1
-115 -40 2 1
-115 -40 3 2
-115 -40 4 1
-114 -40 2 1
-114 -40 3 1
-114 -40 4 1
-114 -39 2 1
-114 -39 3 1
-114 -39 4 1
-114 -38 2 1
-114 -38 3 1
-114 -38 4 1
-115 -39 5 0
-148 -3 40 0
-131 -44 3 1
-131 -44 4 1
-132 -45 2 1
-132 -44 2 1
-131 -46 2 1
-131 -45 2 1
-131 -44 2 1
-129 -48 4 0
-130 -48 3 1
-130 -47 4 1
-130 -47 5 0
-130 -47 3 1
-130 -46 3 1
-130 -45 4 1
-130 -44 3 1
-130 -46 2 1
-130 -45 2 2
-133 -50 3 0
-131 -49 4 0
-131 -50 3 1
-130 -50 4 0
-130 -50 5 0
-130 -50 3 1
-131 -48 6 0
-150 -3 42 0
-131 -48 2 2
-129 -48 3 0
-129 -47 4 0
-129 -47 5 0
-129 -50 4 0
-129 -50 5 0
-148 -1 39 0
-148 -1 40 0
-148 -1 43 0
-150 -37 13 1
-150 -36 11 1
-150 -36 12 1
-150 -36 13 1
-150 -38 10 1
-150 -37 10 1
-150 -36 10 1
-150 -38 14 1
-146 -1 42 0
-146 -1 41 0
-147 -2 42 0
-147 -2 41 0
-149 -1 42 0
-148 -1 42 0
-149 -1 41 0
-148 -1 41 0
-150 -32 7 1
-137 -15 0 1
-123 -5 38 1
-122 -49 3 2
-122 -48 1 1
-122 -50 4 1
-122 -49 4 1
-122 -48 4 1
-120 -46 3 1
-120 -45 3 2
-124 -44 1 1
-124 -44 2 1
-124 -44 3 1
-123 -44 2 1
-122 -44 1 1
-122 -44 2 1
-122 -44 3 1
-124 -45 4 1
-123 -45 0 1
-126 -1 47 0
-125 -1 46 0
-126 -3 44 0
-126 -3 45 0
-126 -3 48 0
-128 -5 47 0
-128 -5 46 0
-128 -3 47 0
-128 -3 46 0
-128 -2 47 0
-128 -2 46 0
-126 -2 47 0
-126 -1 46 0
-125 -2 47 0
-125 -2 46 0
-124 -3 47 0
-125 -3 46 0
-126 -4 44 0
-126 -4 45 0
-126 -4 48 0
-128 -4 47 0
-128 -4 46 0
-127 -3 47 0
-127 -3 46 0
-126 -4 46 0
-126 -3 47 0
-126 -4 47 0
-126 -2 46 0
-126 -3 46 0
-125 -3 47 0
-124 -3 46 0
-127 -4 47 0
-126 -5 47 0
-127 -4 46 0
-126 -5 46 0
-125 -4 47 0
-124 -4 47 0
-124 -4 46 0
-125 -6 44 0
-125 -6 45 0
-125 -6 48 0
-127 -8 47 0
-127 -8 46 0
-127 -6 47 0
-127 -5 47 0
-148 -47 4 1
-148 -47 5 0
-148 -47 3 1
-148 -46 4 1
-149 -46 5 0
-150 -45 4 1
-150 -45 5 0
-150 -44 3 2
-127 -5 46 0
-125 -5 47 0
-113 -44 5 1
-125 -4 46 0
-113 -44 6 1
-113 -44 7 1
-112 -44 5 1
-112 -44 6 1
-112 -44 7 1
-111 -45 5 1
-111 -45 6 1
-111 -45 7 1
-111 -44 5 1
-111 -44 6 1
-111 -44 7 1
-113 -44 4 1
-112 -44 4 1
-111 -46 4 1
-111 -45 4 1
-111 -44 4 1
-115 -44 7 0
-116 -44 7 0
-116 -45 7 0
-116 -47 7 0
-115 -45 8 0
-149 -48 5 0
-150 -47 6 0
-150 -47 2 0
-124 -5 47 0
-124 -5 46 0
-123 -6 46 0
-125 -7 44 0
-125 -7 45 0
-125 -7 48 0
-126 -8 47 0
-127 -7 47 0
-127 -7 46 0
-126 -6 46 0
-120 -15 40 1
-120 -14 38 1
-120 -14 39 1
-120 -14 40 1
-120 -13 38 1
-120 -13 39 1
-120 -13 40 1
-124 -15 38 0
-125 -15 39 0
-124 -19 41 1
-124 -18 41 1
-124 -17 41 1
-123 -19 41 1
-127 -9 46 0
-126 -7 47 0
-126 -7 46 0
-125 -7 47 0
-125 -8 47 0
-125 -7 46 0
-125 -8 46 0
-124 -7 47 0
-123 -7 46 0
-109 -16 9 0
-113 -17 8 1
-113 -17 9 1
-113 -17 10 1
-112 -17 8 2
-112 -17 9 2
-113 -16 11 1
-113 -12 10 1
-113 -18 8 1
-113 -18 9 1
-111 -18 9 1
-111 -18 10 1
-113 -18 11 1
-112 -18 11 1
-111 -18 11 1
-124 -21 1 2
-124 -21 0 1
-124 -22 5 1
-130 -7 3 1
-130 -6 4 0
-125 -10 47 0
-126 -10 46 0
-129 -6 3 0
-128 -5 4 0
-144 -11 2 1
-145 -11 2 1
-145 -10 6 0
-144 -11 3 1
-144 -11 5 0
-145 -12 3 2
-146 -12 4 1
-108 -5 1 1
-124 -12 48 0
-126 -12 47 0
-126 -12 46 0
-125 -11 47 0
-125 -11 46 0
-124 -11 47 0
-124 -10 46 0
-123 -11 47 0
-123 -11 46 0
-122 -12 47 0
-124 -13 44 0
-124 -13 45 0
-124 -13 48 0
-126 -13 47 0
-126 -13 46 0
-125 -12 47 0
-125 -12 46 0
-124 -11 46 0
-123 -12 46 0
-123 -12 47 0
-122 -12 46 0
-122 -13 47 0
-122 -13 46 0
-124 -14 44 0
-124 -14 45 0
-124 -14 48 0
-126 -14 47 0
-125 -13 47 0
-125 -13 46 0
-124 -12 47 0
-124 -12 46 0
-123 -13 47 0
-123 -13 46 0
-125 -7 36 0
-126 -8 35 0
-124 -8 35 0
-124 -6 35 0
-108 -14 8 1
-107 -29 6 1
-107 -29 4 1
-118 -4 2 2
-118 -4 3 2
-118 -4 4 1
-118 -3 2 2
-119 -29 4 1
-119 -29 3 2
-118 -3 3 1
-118 -3 4 1
-117 -5 2 1
-117 -5 3 1
-122 -22 1 1
-122 -23 2 1
-116 -22 2 1
-116 -22 3 1
-126 -19 6 0
-127 -22 7 0
-127 -22 6 0
-132 -9 6 0
-126 -21 7 0
-126 -22 6 0
-127 -23 6 1
-127 -23 5 1
-127 -24 8 1
-127 -24 7 1
-127 -24 6 1
-127 -25 6 1
-127 -26 8 1
-127 -26 7 1
-127 -26 6 1
-115 -2 0 1
-105 -8 6 2
-106 -7 6 1
-106 -8 7 1
-106 -8 6 1
-124 -25 5 2
-124 -24 3 2
-138 -10 5 0
-138 -14 6 0
-138 -14 4 1
-137 -13 6 0
-106 -1 5 1
-124 -24 0 1
-122 -26 1 1
-123 -26 1 1
-124 -26 1 1
-122 -19 5 1
-122 -19 4 1
-122 -19 3 1
-106 -1 6 1
-106 -1 7 1
-103 -7 8 1
-106 -1 4 1
-122 -25 4 1
-125 -24 2 2
-125 -25 2 2
-126 -23 2 1
-126 -24 2 2
-126 -25 2 1
-124 -23 3 1
-124 -24 5 1
-120 -2 -1 1
-120 -1 -1 1
-121 -3 -1 1
-120 -7 -1 1
-125 -23 5 1
-125 -23 4 1
-125 -23 3 1
-101 -38 4 0
-109 -3 8 0
-106 -4 6 2
-109 -3 0 1
-109 -6 4 2
-109 -2 1 1
-101 -4 7 1
-113 -1 4 2
-113 -2 6 2
-107 -30 5 1
-134 -14 0 1
-132 -8 3 1
-133 -15 0 1
-108 -2 6 1
-108 -2 5 1
-102 -1 10 0
-113 -3 6 1
-114 -1 6 1
-114 -2 6 1
-121 -5 1 1
-121 -5 2 1
-121 -5 3 1
-109 -8 5 2
-109 -8 4 2
-110 -8 5 1
-110 -8 4 1
-122 -8 1 1
-103 -5 8 1
-103 -4 8 1
-132 -9 0 1
-132 -8 0 1
-132 -7 0 1
-105 -5 2 1
-106 -5 2 1
-112 -7 3 2
-114 -6 5 1
-123 -25 1 1
-126 -26 5 1
-126 -26 4 1
-126 -26 3 1
-127 -24 5 1
-127 -25 5 1
-127 -26 5 1
-127 -26 4 1
-127 -26 3 1
-128 -24 5 1
-128 -24 4 1
-134 -11 6 0
-128 -25 5 1
-133 -11 6 0
-128 -25 3 1
-133 -10 6 0
-135 -11 7 0
-128 -26 3 1
-103 -38 8 1
-103 -39 10 1
-103 -39 9 1
-103 -39 8 1
-114 -1 4 2
-113 -2 5 2
-108 -2 1 1
-108 -2 0 1
-108 -3 1 1
-108 -3 0 1
-108 -3 -1 1
-130 -16 4 0
-129 -16 4 0
-130 -16 5 0
-129 -16 5 0
-131 -17 4 0
-109 -3 1 1
-131 -17 5 0
-131 -18 5 0
-130 -17 5 0
-131 -16 6 0
-132 -17 0 1
-137 -11 2 1
-127 -9 4 0
-131 -11 3 1
-131 -17 1 2
-129 -10 3 0
-129 -11 3 0
-129 -10 4 0
-129 -11 4 0
-128 -11 3 0
-130 -10 -1 1
-130 -10 0 1
-130 -10 1 2
-130 -9 -1 1
-132 -11 6 0
-129 -10 -1 1
-134 -11 7 0
-129 -10 1 1
-128 -10 -1 1
-128 -10 0 1
-128 -10 1 1
-122 -23 6 1
-121 -23 6 2
-121 -21 6 1
-134 -6 1 1
-134 -5 1 1
-134 -5 2 1
-114 -8 1 1
-114 -7 1 1
-119 -2 -1 1
-119 -1 -1 1
-120 -3 -1 1
-119 -7 -1 1
-102 -37 4 0
-102 -38 4 0
-126 -4 1 1
-110 -10 4 1
-110 -10 5 1
-110 -9 4 2
-110 -9 5 1
-109 -10 4 2
-109 -10 5 1
-109 -9 4 2
-109 -9 5 1
-112 -7 6 1
-111 -7 6 2
-110 -7 6 1
-110 -5 -1 1
-110 -5 0 1
-109 -5 -1 1
-137 -12 7 0
-129 -5 -1 1
-138 -8 5 0
-139 -8 5 0
-138 -8 6 0
-137 -9 5 0
-138 -9 5 0
-137 -9 6 0
-138 -9 6 0
-137 -10 5 0
-137 -10 6 0
-135 -9 6 0
-137 -8 7 0
-138 -8 2 1
-138 -8 3 2
-132 -10 6 0
-133 -13 6 0
-132 -13 6 0
-133 -11 7 0
-107 -10 9 1
-107 -12 9 1
-108 -10 9 1
-109 -10 7 1
-109 -8 6 1
-108 -7 6 1
-107 -7 6 1
-150 -26 7 0
-126 -19 47 0
-126 -18 47 0
-127 -19 46 0
-127 -18 46 0
-127 -18 47 0
-129 -18 46 0
-128 -18 47 0
-128 -18 46 0
-127 -20 48 0
-127 -20 45 0
-127 -20 44 0
-116 -22 4 1
-122 -14 47 1
-122 -14 46 1
-122 -14 45 1
-124 -14 47 0
-124 -14 46 0
-126 -15 47 0
-126 -15 46 0
-127 -16 47 0
-127 -16 46 0
-126 -18 44 0
-126 -18 45 0
-126 -18 48 0
-127 -17 47 0
-127 -17 46 0
-126 -16 47 0
-126 -16 46 0
-126 -19 44 0
-126 -19 45 0
-126 -19 48 0
-128 -17 47 0
-128 -17 46 0
-126 -17 47 0
-126 -17 46 0
-125 -18 44 1
-125 -18 49 1
-125 -18 48 1
-125 -18 47 1
-125 -18 46 1
-125 -18 45 1
-126 -18 46 0
-123 -20 44 1
-123 -21 44 1
-124 -20 44 1
-124 -21 44 1
-125 -19 44 1
-125 -20 44 1
-125 -21 44 1
-126 -20 47 0
-123 -21 49 1
-123 -21 48 1
-124 -21 49 1
-131 -12 6 0
-121 -16 51 0
-133 -12 7 0
-124 -21 48 1
-124 -20 51 1
-124 -19 51 1
-124 -18 51 1
-123 -20 51 1
-123 -19 51 2
-122 -20 51 1
-122 -19 51 2
-122 -18 51 2
-125 -19 49 1
-125 -19 48 1
-125 -20 49 1
-125 -20 48 1
-131 -10 6 0
-131 -13 6 0
-125 -21 49 1
-125 -21 48 1
-126 -20 46 0
-123 -20 47 1
-123 -20 46 1
-123 -20 45 1
-123 -21 47 1
-123 -21 46 1
-123 -21 45 1
-124 -20 47 2
-124 -20 45 2
-124 -21 47 1
-124 -21 46 1
-124 -21 45 1
-125 -19 47 1
-125 -19 46 1
-125 -19 45 1
-125 -20 47 1
-125 -20 46 1
-125 -20 45 1
-125 -21 47 1
-125 -21 46 1
-125 -21 45 1
-124 -20 46 2
-128 -21 44 0
-128 -21 45 0
-128 -21 48 0
-126 -22 46 0
-121 -15 51 0
-121 -17 51 1
-123 -16 53 0
-129 -19 47 0
-129 -19 46 0
-128 -19 47 0
-128 -20 47 0
-128 -19 46 0
-128 -20 46 0
-127 -19 47 0
-127 -20 47 0
-126 -19 46 0
-127 -20 46 0
-126 -21 47 0
-126 -21 46 0
-129 -22 44 0
-129 -22 45 0
-129 -22 48 0
-127 -23 47 0
-130 -21 47 0
-130 -21 46 0
-129 -20 47 0
-129 -20 46 0
-127 -21 47 0
-128 -21 47 0
-127 -21 46 0
-128 -21 46 0
-127 -22 47 0
-127 -22 46 0
-128 -22 46 0
-128 -23 47 0
-131 -24 46 0
-129 -25 47 0
-130 -25 47 0
-130 -25 46 0
-132 -26 48 0
-130 -27 47 0
-130 -27 46 0
-132 -24 47 0
-132 -24 46 0
-130 -24 47 0
-130 -24 46 0
-130 -26 47 0
-130 -26 46 0
-133 -26 44 0
-133 -26 45 0
-133 -26 48 0
-132 -27 46 0
-132 -27 47 0
-132 -28 44 1
-132 -29 44 1
-132 -30 44 1
-132 -28 47 1
-132 -28 46 1
-132 -28 45 1
-122 -22 2 1
-122 -21 0 1
-122 -21 1 1
-122 -21 2 1
-135 -8 5 0
-114 -5 4 2
-136 -10 4 1
-136 -10 5 0
-113 -5 2 2
-136 -9 4 1
-136 -9 5 0
-135 -10 5 0
-135 -9 5 0
-114 -5 1 2
-109 -7 8 0
-113 -6 1 2
-109 -2 8 0
-113 -4 1 1
-113 -5 9 1
-112 -5 1 1
-124 -3 1 1
-125 -4 1 1
-125 -4 -1 1
-125 -4 0 1
-108 -4 10 0
-109 -4 9 0
-109 -6 2 2
-111 -6 9 2
-112 -7 8 1
-112 -7 9 1
-112 -7 10 1
-112 -6 9 1
-112 -6 10 1
-135 -3 4 1
-135 -4 5 0
-135 -3 5 0
-137 -5 4 1
-121 -24 5 1
-137 -5 5 0
-136 -6 4 1
-136 -6 5 0
-135 -6 5 0
-135 -7 5 0
-134 -6 5 0
-135 -5 5 0
-135 -5 6 0
-136 -6 2 1
-136 -6 3 1
-136 -5 2 1
-136 -4 2 2
-121 -24 6 1
-121 -2 4 1
-119 -24 6 2
-119 -23 6 1
-119 -22 6 1
-123 -23 3 1
-123 -23 6 1
-125 -26 3 1
-125 -26 4 1
-125 -26 5 1
-125 -26 2 1
-123 -24 0 1
-123 -24 1 2
-122 -24 0 1
-122 -24 1 2
-121 -24 0 1
-121 -24 1 2
-121 -24 2 1
-121 -23 0 1
-121 -23 1 1
-121 -23 2 1
-121 -22 0 1
-121 -22 1 1
-121 -22 2 1
-108 -34 7 1
-107 -34 7 1
-132 -10 2 2
-132 -10 3 1
-132 -9 2 2
-132 -9 3 1
-131 -10 2 1
-131 -10 3 1
-131 -9 2 1
-108 -35 7 1
-123 -44 1 1
-150 -7 5 0
-123 -44 3 1
-150 -7 6 0
-150 -7 4 1
-150 -6 5 0
-150 -6 6 0
-150 -6 4 1
-124 -44 4 1
-123 -44 4 1
-122 -44 4 1
-124 -46 0 1
-124 -45 0 1
-124 -44 0 1
-150 -8 5 0
-150 -8 6 0
-150 -8 4 1
-122 -44 0 1
-120 -50 3 2
-120 -49 3 1
-120 -48 1 1
-120 -48 2 1
-120 -48 3 1
-132 -29 47 1
-132 -29 46 1
-132 -29 45 1
-132 -30 46 1
-132 -30 45 1
-133 -24 47 0
-133 -24 46 0
-132 -25 47 0
-132 -25 46 0
-131 -26 47 0
-133 -27 46 0
-133 -28 44 1
-135 -26 46 0
-135 -26 44 0
-135 -26 45 0
-135 -26 48 0
-134 -28 44 1
-134 -29 44 1
-134 -30 44 1
-134 -28 49 1
-134 -28 48 1
-134 -29 49 1
-134 -29 48 1
-134 -30 49 1
-134 -30 48 1
-104 -38 5 0
-134 -28 47 1
-121 -44 0 1
-121 -44 1 1
-121 -44 2 1
-134 -28 46 1
-134 -28 45 1
-134 -29 47 1
-134 -29 46 2
-134 -29 45 2
-134 -30 47 1
-134 -30 46 1
-134 -30 45 1
-135 -24 46 0
-134 -25 47 0
-135 -26 47 0
-134 -25 46 0
-133 -26 47 0
-134 -26 47 0
-133 -26 46 0
-134 -26 46 0
-136 -27 44 0
-136 -27 45 0
-136 -27 48 0
-135 -28 44 1
-135 -29 44 1
-135 -30 44 1
-136 -28 44 1
-136 -29 44 1
-136 -30 44 1
-135 -28 49 1
-135 -28 48 1
-135 -29 49 1
-135 -29 48 2
-135 -30 49 1
-135 -30 48 1
-136 -28 49 1
-136 -28 48 1
-136 -29 49 1
-136 -30 49 1
-136 -30 48 1
-136 -29 48 2
-135 -28 47 1
-135 -28 46 1
-135 -28 45 1
-135 -29 47 1
-124 -17 6 1
-135 -29 46 2
-125 -18 7 1
-125 -18 8 1
-124 -18 7 2
-124 -18 8 1
-123 -18 7 2
-123 -18 8 2
-135 -29 45 2
-135 -30 47 1
-135 -30 46 1
-135 -30 45 1
-136 -28 45 1
-136 -29 47 1
-136 -29 45 2
-136 -30 47 1
-136 -30 46 1
-136 -30 45 1
-136 -29 46 2
-135 -25 47 0
-122 -17 5 2
-123 -17 4 1
-123 -17 5 1
-123 -17 6 1
-123 -16 4 1
-123 -16 5 1
-123 -16 6 1
-122 -18 4 1
-122 -18 5 1
-122 -18 6 1
-122 -17 4 2
-122 -17 6 2
-122 -16 4 2
-122 -16 5 2
-122 -16 6 2
-121 -18 4 1
-121 -18 5 1
-121 -18 6 1
-121 -17 4 1
-121 -17 5 1
-121 -17 6 1
-121 -16 4 2
-121 -16 5 2
-121 -16 6 2
-124 -15 5 0
-124 -16 6 0
-129 -48 5 0
-123 -7 17 1
-123 -6 17 1
-123 -5 17 1
-122 -7 17 1
-122 -6 17 2
-122 -5 17 1
-121 -7 17 1
-121 -6 17 1
-121 -5 17 1
-123 -4 17 2
-123 -3 17 1
-122 -4 17 1
-122 -3 17 1
-121 -4 17 1
-121 -3 17 1
-124 -5 18 1
-125 -5 18 0
-125 -4 18 0
-125 -4 19 0
-126 -5 18 0
-126 -6 18 0
-127 -6 18 0
-125 -7 18 0
-123 -17 3 2
-123 -16 3 1
-122 -18 3 1
-122 -17 3 2
-122 -16 3 2
-121 -18 3 1
-121 -17 3 1
-121 -16 3 2
-124 -15 6 0
-125 -15 5 0
-125 -15 6 0
-127 -15 6 0
-125 -17 4 1
-124 -17 4 1
-125 -17 7 1
-125 -17 8 1
-124 -17 7 1
-124 -17 8 1
-123 -17 7 1
-123 -17 8 1
-125 -17 3 0
-136 -26 47 0
-135 -25 46 0
-136 -26 46 0
-135 -27 47 0
-134 -27 46 0
-135 -27 46 0
-128 -16 3 0
-138 -27 44 0
-138 -27 45 0
-138 -27 48 0
-123 -7 16 1
-123 -6 16 1
-123 -5 16 1
-122 -7 16 1
-122 -6 16 2
-122 -5 16 1
-121 -7 16 1
-121 -6 16 1
-121 -5 16 1
-124 -6 17 0
-124 -5 16 1
-124 -5 17 1
-122 -17 7 2
-123 -16 7 1
-123 -16 8 1
-122 -18 7 1
-122 -18 8 1
-122 -17 8 2
-122 -16 7 2
-122 -16 8 2
-121 -18 7 1
-121 -18 8 1
-121 -17 7 1
-121 -17 8 1
-121 -16 7 1
-121 -16 8 1
-124 -16 5 0
-122 -19 6 1
-122 -19 7 1
-122 -19 8 1
-124 -17 3 1
-126 -7 17 0
-125 -8 17 0
-124 -7 17 0
-125 -6 15 0
-121 -4 6 1
-124 -4 6 1
-124 -3 6 1
-124 -2 6 1
-123 -3 6 2
-123 -2 6 1
-122 -3 6 1
-122 -2 6 1
-125 -3 8 0
-126 -5 8 0
-125 -6 8 0
-124 -6 8 0
-124 -7 9 0
-125 -5 6 0
-136 -28 47 1
-123 -15 4 1
-123 -15 5 1
-123 -15 6 1
-122 -15 4 1
-122 -15 5 1
-122 -15 6 1
-121 -15 4 2
-121 -15 5 2
-121 -15 6 1
-123 -15 7 1
-122 -15 7 1
-121 -15 7 1
-124 -16 4 1
-124 -15 4 0
-125 -14 5 0
-136 -28 46 1
-125 -15 4 0
-125 -14 4 0
-126 -16 4 0
-126 -15 4 0
-125 -16 7 0
-125 -16 4 0
-125 -16 3 0
-137 -28 44 1
-137 -29 44 1
-123 -7 15 1
-123 -6 15 1
-123 -5 15 1
-122 -7 15 1
-122 -6 15 2
-122 -5 15 1
-121 -7 15 1
-121 -6 15 1
-121 -5 15 1
-124 -6 16 0
-123 -7 14 1
-123 -6 14 1
-123 -5 14 1
-122 -7 14 1
-123 -15 3 1
-122 -15 3 1
-121 -15 3 2
-123 -17 2 2
-123 -16 2 1
-123 -15 2 1
-124 -4 15 1
-124 -3 15 1
-123 -4 15 2
-123 -3 15 1
-122 -4 15 1
-122 -3 15 1
-124 -5 14 1
-124 -4 14 1
-124 -3 14 1
-123 -4 14 2
-123 -3 14 1
-122 -4 14 1
-122 -3 14 1
-125 -5 16 0
-125 -4 16 0
-126 -4 16 0
-126 -6 16 0
-127 -6 16 0
-126 -7 16 0
-125 -7 16 0
-125 -8 16 0
-125 -6 14 0
-137 -30 44 1
-137 -28 49 1
-137 -28 48 1
-137 -29 49 1
-137 -29 48 1
-137 -30 49 1
-137 -30 48 1
-138 -28 49 1
-138 -29 49 1
-138 -30 49 1
-137 -28 45 1
-137 -29 47 1
-137 -29 46 1
-137 -29 45 1
-137 -30 47 1
-137 -30 46 1
-137 -30 45 1
-136 -25 47 0
-137 -26 47 0
-106 -35 4 0
-136 -25 46 0
-115 -34 8 0
-136 -27 47 0
-136 -27 46 0
-139 -27 44 0
-139 -27 45 0
-139 -27 48 0
-137 -28 47 1
-137 -28 46 1
-138 -28 44 1
-138 -29 44 1
-138 -30 44 1
-138 -28 48 1
-138 -29 48 2
-124 -6 15 0
-123 -7 13 1
-123 -6 13 1
-123 -5 13 1
-122 -7 13 1
-122 -6 13 2
-122 -5 13 1
-121 -7 13 1
-121 -6 13 1
-121 -5 13 1
-124 -5 13 1
-124 -4 13 1
-124 -3 13 1
-123 -4 13 2
-123 -3 13 2
-122 -4 13 1
-122 -3 13 1
-125 -5 15 0
-125 -4 15 0
-126 -4 15 0
-126 -6 15 0
-127 -6 15 0
-126 -7 15 0
-125 -7 15 0
-125 -8 15 0
-125 -6 13 0
-138 -30 48 1
-138 -28 45 1
-138 -29 47 1
-138 -29 46 2
-126 -1 2 1
-126 -2 3 0
-117 -33 7 0
-138 -30 47 1
-115 -33 8 0
-138 -30 45 1
-137 -25 47 0
-138 -26 47 0
-137 -25 46 0
-138 -26 46 0
-137 -27 47 0
-137 -27 46 0
-141 -27 44 0
-141 -27 45 0
-141 -27 48 0
-139 -28 47 1
-139 -28 46 1
-140 -28 44 1
-140 -29 44 1
-140 -30 44 1
-140 -28 49 1
-140 -28 48 1
-138 -12 7 0
-131 -8 1 2
-127 -22 4 0
-140 -30 48 1
-150 -20 0 1
-150 -20 1 1
-150 -20 2 1
-149 -20 0 1
-149 -20 1 1
-149 -20 2 1
-150 -19 3 1
-141 -28 49 1
-124 -18 6 1
-109 -2 7 0
-107 -8 6 1
-107 -8 5 2
-142 -30 49 1
-140 -28 47 1
-105 -5 6 1
-106 -8 5 2
-106 -7 5 2
-150 -24 7 0
-116 -31 3 2
-115 -31 2 1
-115 -31 3 2
-114 -30 2 1
-117 -30 2 1
-117 -30 4 1
-118 -30 5 0
-118 -22 3 1
-117 -22 2 1
-150 -13 4 0
-109 -32 7 0
-133 -15 4 0
-133 -16 5 0
-131 -16 4 0
-132 -16 5 0
-141 -29 44 1
-141 -30 44 1
-141 -28 48 1
-141 -29 48 2
-141 -30 48 1
-119 -50 1 2
-119 -50 2 2
-119 -50 3 2
-150 -14 1 1
-149 -14 1 1
-119 -49 3 1
-141 -28 47 1
-141 -28 46 1
-141 -28 45 1
-103 -4 6 2
-149 -8 5 0
-103 -4 7 2
-102 -6 5 1
-133 -14 3 1
-133 -13 1 1
-133 -13 2 1
-133 -13 3 1
-133 -12 1 1
-111 -11 4 2
-123 -19 3 1
-123 -19 4 1
-123 -18 4 2
-127 -19 6 0
-128 -20 0 1
-128 -20 1 2
-128 -20 2 1
-101 -39 10 1
-101 -40 10 1
-102 -40 8 1
-101 -39 9 2
-101 -39 8 1
-134 -6 6 0
-104 -35 3 0
-104 -35 4 0
-104 -35 7 0
-103 -36 6 1
-103 -36 5 1
-104 -36 6 0
-142 -30 46 1
-142 -30 45 1
-104 -37 5 0
-104 -36 5 0
-105 -35 6 0
-104 -33 5 0
-141 -27 46 0
-138 -22 6 0
-139 -21 7 0
-140 -21 6 0
-117 -27 0 1
-118 -27 2 1
-118 -27 1 2
-118 -27 0 1
-119 -27 2 1
-119 -27 1 2
-119 -27 0 1
-136 -44 4 1
-136 -44 5 1
-135 -46 3 1
-135 -46 4 2
-135 -46 5 1
-135 -45 3 1
-135 -45 4 2
-135 -45 5 1
-135 -44 3 1
-135 -44 4 1
-135 -44 5 1
-136 -46 2 1
-136 -45 2 1
-136 -44 2 1
-135 -46 2 1
-135 -45 2 1
-135 -44 2 1
-136 -50 4 0
-136 -50 5 0
-135 -50 4 0
-135 -49 5 0
-135 -49 4 0
-136 -48 6 0
-136 -48 3 1
-136 -48 2 1
-110 -14 8 1
-136 -12 5 0
-117 -27 1 2
-117 -27 2 1
-117 -26 0 1
-117 -26 1 1
-117 -26 2 1
-117 -25 0 1
-117 -25 1 1
-117 -25 2 1
-109 -9 8 0
-115 -24 8 2
-108 -27 7 1
-108 -27 6 1
-108 -27 5 1
-108 -28 6 1
-133 -48 4 1
-134 -48 5 0
-134 -47 4 1
-134 -47 5 1
-134 -46 3 1
-134 -46 4 1
-134 -46 5 1
-134 -45 3 1
-134 -45 4 2
-134 -45 5 1
-134 -44 3 1
-134 -44 4 1
-134 -44 5 1
-136 -47 3 1
-135 -47 3 1
-134 -47 3 1
-137 -50 4 0
-135 -50 5 0
-134 -50 4 0
-134 -49 5 0
-135 -48 6 0
-135 -48 2 2
-136 -49 1 1
-136 -49 2 1
-136 -49 3 1
-136 -48 1 1
-136 -47 1 1
-136 -47 2 1
-135 -49 1 1
-135 -49 2 1
-135 -49 3 1
-135 -48 1 1
-135 -48 3 1
-135 -47 1 1
-135 -47 2 1
-134 -49 1 1
-134 -49 2 1
-134 -49 3 1
-134 -48 1 1
-134 -48 2 1
-134 -48 3 1
-134 -47 1 1
-134 -47 2 1
-108 -28 5 1
-145 -26 44 0
-145 -26 45 0
-145 -26 48 0
-144 -27 47 0
-144 -27 46 0
-144 -28 44 1
-144 -29 44 1
-144 -30 44 1
-144 -28 49 1
-144 -28 48 1
-144 -29 49 1
-144 -29 48 2
-144 -30 49 1
-144 -30 48 1
-144 -28 47 1
-144 -28 46 1
-144 -28 45 1
-144 -29 47 1
-144 -29 46 2
-144 -29 45 2
-143 -47 2 1
-143 -47 3 1
-144 -30 45 1
-145 -24 46 0
-144 -25 47 0
-144 -25 46 0
-143 -26 47 0
-143 -26 46 0
-143 -45 0 1
-143 -44 0 1
-143 -44 1 1
-143 -44 2 1
-132 -48 4 1
-133 -48 5 0
-132 -48 5 0
-133 -47 4 1
-133 -47 5 1
-133 -46 3 1
-133 -46 4 2
-133 -46 5 1
-133 -45 3 1
-133 -45 4 2
-133 -45 5 1
-133 -44 3 1
-133 -44 4 1
-133 -44 5 1
-134 -49 4 0
-134 -50 5 0
-133 -49 4 0
-133 -50 4 0
-133 -50 5 0
-134 -48 6 0
-142 -46 0 1
-142 -46 1 1
-142 -46 2 1
-124 -3 18 1
-123 -4 16 2
-123 -3 16 1
-122 -4 16 1
-122 -3 16 1
-148 -48 4 0
-149 -43 4 1
-149 -43 3 1
-149 -43 2 1
-149 -44 4 1
-149 -44 3 1
-143 -47 1 1
-143 -47 0 2
-145 -49 3 0
-145 -50 1 2
-146 -50 0 1
-146 -50 1 1
-146 -50 2 1
-145 -25 46 0
-144 -26 47 0
-144 -26 46 0
-149 -25 44 0
-149 -25 45 0
-149 -25 48 0
-148 -27 46 0
-149 -27 47 0
-149 -26 47 0
-149 -27 46 0
-149 -26 46 0
-147 -25 47 0
-147 -25 46 0
-150 -25 44 0
-131 -48 4 1
-131 -48 5 0
-132 -47 4 1
-132 -47 5 1
-132 -46 3 1
-132 -46 4 1
-132 -46 5 1
-132 -45 3 2
-139 -48 4 0
-138 -48 4 0
-139 -48 5 0
-138 -48 5 0
-138 -48 3 1
-138 -47 3 1
-138 -47 4 1
-138 -47 5 1
-137 -47 3 1
-137 -47 4 1
-137 -47 5 1
-139 -47 2 1
-138 -47 2 1
-137 -47 2 1
-140 -48 5 0
-141 -48 5 0
-140 -50 4 0
-140 -50 3 0
-138 -49 4 0
-138 -49 5 0
-138 -49 3 1
-140 -48 6 0
-150 -25 45 0
-150 -25 48 0
-148 -26 47 0
-148 -26 46 0
-150 -27 46 0
-148 -23 47 0
-148 -23 46 0
-148 -25 47 0
-148 -25 46 0
-150 -24 44 0
-150 -24 45 0
-150 -24 48 0
-149 -25 47 0
-149 -25 46 0
-150 -26 47 0
-121 -45 6 1
-121 -46 6 2
-121 -47 6 1
-122 -45 6 1
-122 -16 40 2
-122 -15 40 2
-149 -23 46 0
-150 -23 47 0
-150 -23 46 0
-150 -22 47 0
-149 -22 46 0
-150 -22 46 0
-147 -1 42 0
-147 -1 43 0
-147 -1 41 0
-150 -33 7 1
-150 -34 7 1
-148 -19 2 1
-148 -19 3 1
-147 -19 1 1
-150 -33 8 1
-150 -34 8 1
-150 -35 8 1
-131 -22 5 0
-150 -33 11 1
-150 -33 10 1
-136 -3 7 0
-112 -5 11 1
-111 -7 11 1
-111 -6 11 1
-137 -48 4 0
-137 -48 5 0
-139 -50 4 0
-139 -50 5 0
-137 -49 4 0
-137 -49 5 0
-139 -48 6 0
-139 -48 2 2
-140 -49 1 1
-140 -49 2 1
-139 -49 1 1
-139 -49 2 1
-139 -48 1 1
-139 -48 3 1
-139 -47 1 1
-138 -49 1 1
-138 -49 2 1
-138 -48 1 1
-138 -48 2 2
-138 -47 1 1
-111 -11 2 1
-111 -11 1 2
-150 -35 14 1
-112 -9 0 1
-150 -34 11 1
-150 -34 10 1
-150 -35 10 1
-150 -35 13 1
-150 -35 12 1
-150 -35 11 1
-150 -36 15 1
-150 -36 14 1
-150 -37 15 1
-150 -37 14 1
-150 -38 15 1
-150 -1 41 0
-150 -1 42 0
-149 -2 41 0
-149 -2 42 0
-148 -2 41 0
-148 -3 41 0
-148 -2 42 0
-148 -3 42 0
-136 -48 4 0
-136 -48 5 0
-136 -47 4 1
-127 -17 6 0
-138 -50 4 0
-138 -50 5 0
-136 -49 4 0
-136 -49 5 0
-138 -48 6 0
-137 -49 1 1
-137 -49 2 1
-137 -49 3 1
-137 -48 1 1
-137 -48 2 1
-137 -48 3 1
-137 -47 1 1
-150 -37 12 1
-150 -37 11 1
-150 -38 13 1
-150 -38 12 1
-150 -38 11 1
-121 -5 8 1
-124 -3 8 1
-150 -33 14 1
-124 -2 8 1
-150 -32 12 1
-150 -32 16 1
-150 -32 15 1
-150 -32 14 1
-150 -32 13 1
-122 -7 23 1
-150 -19 5 0
-150 -20 5 0
-122 -6 23 2
-150 -20 6 0
-150 -20 4 0
-150 -18 7 0
-120 -7 23 1
-120 -6 23 1
-123 -7 24 1
-123 -9 25 0
-123 -8 24 1
-124 -7 23 0
-150 -28 11 1
-150 -29 11 1
-150 -30 11 1
-150 -28 15 1
-150 -29 15 1
-150 -30 15 1
-150 -28 14 1
-150 -28 13 1
-150 -28 12 1
-150 -29 14 1
-150 -29 13 1
-150 -29 12 1
-150 -30 14 1
-150 -30 13 1
-150 -30 12 1
-150 -17 6 0
-150 -17 4 0
-150 -21 2 1
-150 -21 1 1
-150 -21 0 1
-113 -13 48 2
-113 -13 49 1
-113 -12 48 1
-135 -48 4 0
-134 -48 4 0
-135 -48 5 0
-135 -47 4 1
-135 -47 5 1
-136 -45 4 2
-136 -46 3 1
-136 -46 4 1
-130 -7 6 0
-133 -7 6 0
-136 -45 5 1
-136 -44 3 1
-113 -12 49 1
-113 -12 50 1
-112 -14 48 1
-112 -14 49 1
-112 -14 50 1
-112 -13 48 2
-112 -13 50 1
-112 -12 49 1
-111 -14 48 1
-146 -19 3 1
-115 -14 46 1
-115 -14 47 1
-115 -13 45 2
-121 -4 1 1
-109 -34 8 1
-108 -33 9 0
-108 -33 8 0
-129 -48 2 0
-126 -46 4 1
-104 -4 2 1
-123 -17 24 1
-123 -16 24 1
-121 -15 24 1
-144 -18 3 1
-123 -16 31 1
-122 -19 31 1
-121 -18 31 1
-141 -15 3 1
-141 -15 2 1
-140 -14 5 0
-108 -5 2 1
-108 -4 2 2
-123 -25 3 2
-123 -25 5 2
-123 -24 3 1
-123 -24 4 1
-123 -24 5 1
-122 -26 3 2
-122 -26 4 2
-122 -26 5 2
-122 -25 3 1
-124 -4 -1 1
-124 -4 0 2
-122 -24 3 1
-122 -24 4 1
-122 -24 5 1
-123 -23 5 1
-124 -26 2 1
-123 -26 2 2
-123 -25 2 2
-123 -24 2 1
-122 -26 2 2
-122 -25 2 1
-122 -24 2 1
-124 -23 0 1
-124 -23 1 2
-123 -23 0 1
-123 -23 1 2
-123 -23 2 1
-122 -23 0 1
-122 -23 1 2
-115 -21 2 1
-115 -21 3 2
-115 -21 4 2
-115 -20 2 1
-115 -20 3 1
-115 -20 4 1
-115 -19 2 1
-114 -21 2 1
-114 -21 3 2
-114 -21 4 2
-113 -21 4 2
-140 -14 4 0
-136 -15 0 1
-136 -16 0 1
-136 -17 0 1
-150 -21 46 0
-137 -16 0 1
-137 -17 0 1
-150 -21 47 0
-122 -6 38 1
-122 -5 38 2
-121 -6 38 1
-125 -6 40 0
-133 -17 3 0
-118 -21 4 1
-119 -48 4 0
-107 -34 3 1
-107 -34 2 1
-108 -34 8 1
-108 -36 8 1
-115 -50 9 0
-113 -50 8 0
-113 -50 7 0
-115 -49 9 0
-110 -5 3 1
-109 -7 3 1
-109 -7 4 1
-109 -7 5 2
-109 -6 3 2
-108 -7 3 1
-108 -7 4 1
-108 -7 5 1
-108 -6 3 1
-109 -2 0 2
-110 -3 -1 1
-110 -3 0 2
-110 -3 1 1
-110 -2 -1 1
-110 -2 0 1
-110 -2 1 2
-110 -1 -1 1
-110 -1 0 1
-110 -1 1 1
-132 -3 5 0
-132 -3 6 0
-134 -2 5 0
-134 -2 6 0
-135 -2 6 0
-135 -2 5 0
-134 -4 6 0
-132 -4 5 0
-133 -4 6 0
-132 -4 6 0
-149 -13 5 0
-149 -13 4 0
-115 -20 5 1
-112 -21 4 1
-114 -23 1 1
-135 -3 3 2
-114 -23 2 1
-114 -23 3 2
-114 -22 1 1
-114 -22 2 1
-114 -22 3 1
-114 -21 1 1
-113 -23 1 1
-113 -23 2 1
-113 -23 3 2
-112 -23 1 1
-112 -23 2 1
-112 -23 3 1
-111 -21 4 1
-114 -20 1 1
-133 -2 2 1
-133 -2 3 1
-138 -12 4 1
-137 -12 2 1
-137 -12 3 2
-137 -12 4 1
-135 -13 4 1
-135 -11 6 0
-136 -12 1 1
-136 -12 2 1
-136 -12 3 1
-136 -11 1 1
-136 -11 2 2
-136 -11 3 1
-113 -49 7 0
-116 -49 9 0
-114 -50 8 0
-118 -47 6 0
-118 -46 6 0
-119 -46 6 1
-122 -47 8 1
-122 -46 8 1
-122 -45 8 1
-121 -47 8 1
-121 -46 8 1
-121 -45 8 1
-120 -47 8 1
-120 -46 8 1
-120 -45 8 1
-119 -48 6 0
-118 -48 6 0
-114 -47 8 0
-133 -49 3 1
-133 -48 1 1
-116 -48 9 0
-116 -50 8 0
-116 -50 7 0
-129 -6 4 0
-110 -15 10 0
-121 -47 5 1
-121 -46 5 2
-120 -47 5 1
-120 -46 5 1
-121 -48 5 1
-120 -50 5 2
-120 -49 5 1
-120 -48 5 1
-119 -50 5 2
-119 -49 5 1
-118 -50 5 1
-118 -46 0 1
-118 -46 1 1
-121 -14 40 2
-113 -18 7 1
-122 -13 39 1
-122 -13 38 1
-122 -14 40 1
-121 -16 40 1
-123 -7 4 1
-123 -7 5 1
-149 -23 47 0
-149 -22 47 0
-117 -47 5 0
-118 -46 5 0
-119 -46 5 1
-122 -47 6 1
-122 -46 6 1
-150 -24 46 0
-149 -24 46 0
-150 -24 47 0
-149 -24 47 0
-120 -50 6 2
-120 -49 6 1
-120 -48 6 1
-119 -49 6 1
-118 -50 6 1
-118 -49 6 1
-117 -47 7 0
-117 -46 7 0
-119 -45 6 1
-119 -46 7 1
-119 -45 7 1
-121 -44 7 1
-121 -44 8 1
-120 -44 7 1
-120 -44 8 1
-119 -46 8 1
-119 -45 8 1
-119 -44 6 1
-119 -44 7 1
-119 -44 8 1
-120 -49 7 1
-119 -49 7 1
-117 -49 6 0
-117 -49 7 0
-119 -47 8 0
-118 -48 4 0
-119 -47 7 1
-118 -48 5 0
-119 -48 5 0
-120 -45 7 2
-120 -46 7 1
-120 -47 7 1
-121 -45 7 1
-121 -46 7 2
-121 -47 7 1
-122 -45 7 1
-122 -46 7 1
-122 -47 7 1
-120 -44 6 1
-121 -44 6 1
-122 -44 6 1
-118 -47 5 0
-119 -47 6 1
-118 -47 7 0
-118 -45 6 0
-118 -46 7 0
-119 -48 7 0
-119 -50 6 1
-124 -27 1 1
-118 -48 7 0
-118 -49 7 0
-118 -47 8 0
-121 -48 6 1
-121 -49 6 1
-121 -50 6 1
-122 -48 6 1
-122 -49 6 1
-122 -50 6 1
-120 -45 6 2
-120 -46 6 2
-120 -47 6 1
-117 -48 7 0
-116 -48 7 0
-116 -48 8 0
-116 -46 7 0
-117 -46 8 0
-118 -46 8 0
-120 -48 7 0
-120 -48 8 0
-119 -49 8 0
-118 -47 4 0
-121 -50 7 1
-121 -49 7 1
-121 -17 40 1
-120 -50 7 1
-121 -15 40 1
-119 -50 7 1
-118 -50 7 0
-118 -49 8 0
-116 -49 7 0
-117 -49 8 0
-118 -48 8 0
-118 -48 9 0
-118 -46 -1 1
-118 -47 0 1
-118 -47 -1 1
-118 -48 1 1
-118 -48 0 1
-118 -48 -1 1
-119 -47 5 1
-119 -47 4 0
-118 -49 5 1
-116 -46 8 0
-119 -48 8 0
-117 -50 7 0
-117 -50 6 0
-116 -49 8 0
-117 -48 8 0
-117 -48 9 0
-121 -49 5 2
-121 -50 5 1
-122 -48 5 1
-122 -49 5 1
-122 -50 5 1
-115 -48 8 0
-116 -47 8 0
-117 -47 8 0
-117 -50 8 0
-122 -45 5 1
-122 -46 5 1
-122 -47 5 1
-118 -43 2 1
-118 -44 4 1
-118 -44 3 1
-118 -44 2 1
-118 -45 4 1
-118 -45 3 1
-118 -45 2 1
-117 -46 4 1
-117 -46 3 1
-117 -46 2 1
-117 -47 4 1
-117 -47 3 1
-117 -47 2 2
-117 -48 4 1
-117 -48 3 1
-117 -48 2 1
-119 -43 0 1
-120 -43 0 1
-121 -43 0 1
-119 -44 5 1
-119 -45 5 1
-120 -43 5 1
-120 -43 4 1
-120 -44 5 1
-120 -45 5 2
-121 -43 5 1
-121 -43 4 1
-121 -44 5 1
-121 -45 5 2
-119 -43 2 1
-119 -43 1 1
-120 -43 3 1
-120 -43 2 1
-120 -43 1 1
-121 -43 3 1
-121 -43 2 1
-121 -43 1 1
-118 -46 3 1
-118 -46 2 1
-119 -46 -1 1
-119 -47 0 2
-119 -47 -1 1
-119 -48 0 1
-119 -48 -1 1
-120 -46 -1 1
-121 -46 -1 1
-119 -44 1 1
-119 -44 0 1
-119 -45 0 1
-119 -46 0 1
-120 -44 1 2
-120 -44 0 1
-119 -44 4 1
-119 -44 3 2
-119 -44 2 1
-119 -45 4 1
-119 -46 4 1
-120 -44 4 2
-120 -44 3 1
-120 -44 2 2
-121 -44 4 1
-121 -44 3 1
-119 -45 3 1
-119 -45 2 1
-119 -45 1 1
-119 -47 3 1
-119 -47 1 1
-118 -47 1 1
-118 -47 3 1
-118 -47 2 1
-119 -47 2 1
-117 -23 1 1
-117 -22 1 1
-126 -18 2 1
-114 -24 3 1
-112 -33 7 0
-114 -26 3 1
-115 -24 3 2
-115 -25 3 2
-115 -26 3 1
-114 -24 7 2
-114 -25 7 1
-114 -26 7 1
-115 -24 7 2
-115 -25 7 2
-118 -49 0 1
-118 -50 0 1
-118 -49 4 1
-118 -50 4 1
-119 -49 4 1
-119 -50 4 2
-120 -49 4 1
-120 -50 4 1
-118 -49 3 1
-118 -49 2 1
-118 -49 1 1
-118 -50 3 1
-118 -50 2 1
-118 -50 1 1
-121 -47 -1 1
-121 -48 0 2
-121 -48 -1 1
-121 -49 -1 1
-119 -49 0 1
-119 -50 0 1
-119 -49 2 1
-119 -49 1 1
-123 -44 0 1
-127 -1 46 0
-123 -46 0 1
-127 -1 47 0
-124 -46 4 1
-127 -2 46 0
-128 -1 46 0
-127 -2 47 0
-128 -1 47 0
-129 -2 46 0
-129 -2 47 0
-127 -2 48 0
-127 -2 45 0
-127 -2 44 0
-120 -47 3 1
-122 -47 -1 1
-122 -48 0 2
-122 -48 -1 1
-122 -49 -1 1
-120 -49 2 1
-120 -49 1 1
-120 -49 0 1
-120 -50 2 2
-120 -50 1 2
-120 -50 0 1
-121 -49 0 1
-121 -50 0 1
-121 -50 4 1
-121 -48 1 1
-121 -49 1 1
-121 -50 3 1
-121 -50 2 1
-121 -50 1 2
-120 -45 2 2
-120 -45 1 2
-120 -45 0 1
-120 -46 2 2
-123 -47 0 1
-123 -47 -1 1
-123 -48 0 2
-123 -48 -1 1
-123 -49 -1 1
-129 -1 46 0
-129 -1 47 0
-127 -1 48 0
-127 -1 45 0
-127 -1 44 0
-122 -50 3 1
-121 -45 3 1
-121 -45 2 1
-121 -45 1 1
-121 -46 3 2
-121 -46 2 2
-121 -46 1 2
-121 -47 3 2
-121 -47 2 2
-121 -47 1 1
-134 -1 7 0
-122 -45 2 1
-122 -45 1 2
-122 -46 3 2
-122 -46 1 2
-122 -47 3 1
-122 -47 2 2
-122 -47 1 1
-123 -45 3 2
-123 -45 2 2
-123 -45 1 2
-123 -46 3 1
-123 -46 2 1
-123 -46 1 1
-123 -47 3 1
-123 -47 2 1
-116 -29 0 1
-116 -29 1 1
-115 -29 0 1
-115 -29 1 1
-114 -29 0 1
-114 -29 1 1
-123 -47 1 1
-122 -46 2 2
-122 -48 3 2
-122 -48 2 2
-120 -6 38 1
-120 -6 39 1
-123 -4 38 1
-123 -4 39 1
-123 -4 40 1
-122 -4 38 1
-122 -4 39 2
-122 -4 40 1
-122 -50 2 1
-122 -50 1 2
-122 -50 0 1
-123 -49 0 1
-123 -50 0 1
-124 -49 0 1
-124 -50 0 1
-123 -48 4 1
-123 -49 4 1
-123 -50 4 1
-124 -48 4 1
-125 -48 4 1
-123 -48 1 1
-123 -49 3 2
-123 -49 2 2
-123 -49 1 1
-123 -50 3 1
-123 -50 2 1
-123 -50 1 2
-124 -48 1 1
-124 -49 1 1
-124 -50 1 1
-125 -50 1 1
-124 -49 2 2
-124 -50 2 1
-124 -45 3 1
-124 -45 2 1
-124 -45 1 1
-124 -46 3 1
-124 -46 2 1
-122 -8 35 1
-122 -7 35 1
-122 -6 35 2
-121 -8 35 1
-121 -7 35 1
-121 -6 35 1
-128 -9 2 0
-125 -47 1 1
-127 -9 2 0
-125 -47 0 1
-125 -9 3 0
-125 -47 -1 1
-125 -48 1 1
-125 -48 0 2
-125 -48 -1 1
-125 -49 1 1
-125 -49 0 1
-125 -49 -1 1
-126 -48 4 0
-125 -49 2 1
-125 -50 2 1
-127 -49 4 1
-127 -50 4 1
-125 -44 0 1
-125 -45 0 1
-125 -46 0 1
-126 -44 0 1
-126 -45 0 1
-141 -5 6 0
-126 -46 0 1
-127 -44 0 1
-127 -45 0 1
-127 -46 0 1
-125 -44 3 1
-125 -44 2 1
-125 -44 1 1
-125 -45 3 1
-117 -31 4 1
-125 -46 1 1
-115 -32 4 1
-125 -47 3 1
-125 -47 2 1
-124 -48 3 1
-106 -9 3 1
-124 -48 2 1
-106 -8 3 1
-106 -7 3 1
-102 -7 2 1
-126 -49 5 1
-126 -49 4 1
-126 -49 3 1
-126 -50 5 1
-127 -49 2 1
-126 -44 5 1
-126 -44 4 1
-126 -45 5 1
-126 -45 4 1
-126 -46 5 1
-146 -19 4 0
-126 -44 3 1
-126 -44 2 1
-126 -44 1 1
-126 -45 3 1
-126 -45 2 2
-126 -45 1 2
-126 -46 3 1
-126 -46 2 1
-126 -46 1 1
-126 -47 3 1
-126 -47 2 1
-140 -5 6 0
-125 -48 3 1
-125 -48 2 1
-106 -6 3 1
-106 -6 4 1
-112 -11 11 1
-111 -11 10 2
-136 -7 6 0
-137 -6 4 1
-137 -6 6 0
-137 -6 5 0
-138 -5 4 1
-138 -5 6 0
-122 -30 3 1
-121 -30 3 1
-105 -9 2 1
-133 -20 7 0
-141 -1 5 0
-141 -1 9 0
-141 -1 8 0
-142 -2 8 0
-102 -1 9 1
-103 -1 9 1
-103 -2 9 1
-103 -3 9 1
-101 -2 10 0
-102 -2 9 1
-140 -4 6 0
-112 -25 3 1
-112 -24 5 0
-117 -32 5 0
-117 -32 6 0
-117 -32 4 1
-116 -32 5 0
-116 -32 6 0
-116 -32 4 1
-136 -2 5 0
-114 -34 4 2
-129 -22 6 0
-114 -34 5 2
-114 -34 6 1
-113 -34 6 1
-117 -31 2 1
-117 -31 3 1
-130 -20 7 0
-130 -20 6 0
-129 -19 7 0
-127 -47 2 0
-127 -47 3 0
-126 -48 2 0
-126 -48 3 0
-145 -19 4 0
-145 -19 5 0
-145 -18 1 1
-144 -18 1 1
-109 -33 8 0
-109 -34 9 0
-109 -33 9 0
-109 -29 10 1
-109 -30 10 1
-128 -49 -1 1
-128 -49 2 0
-128 -49 3 0
-129 -50 2 0
-129 -49 2 0
-121 -29 1 1
-112 -8 0 1
-128 -10 4 0
-128 -10 2 0
-129 -9 1 1
-130 -9 0 1
-129 -10 0 1
-133 -12 6 0
-116 -30 5 0
-115 -30 8 0
-139 -16 4 1
-140 -16 4 1
-139 -17 4 1
-136 -17 4 0
-138 -16 7 0
-139 -17 2 1
-139 -16 1 1
-139 -16 2 2
-139 -16 3 2
-139 -15 1 1
-139 -15 2 1
-139 -15 3 1
-138 -17 1 1
-138 -17 2 1
-141 -15 5 0
-141 -15 4 1
-128 -50 2 0
-128 -50 4 0
-128 -50 3 0
-130 -50 2 1
-131 -50 2 2
-132 -46 1 1
-106 -9 2 1
-106 -8 2 1
-106 -7 2 1
-128 -47 2 0
-128 -47 4 0
-128 -47 3 0
-128 -48 2 0
-118 -31 5 0
-117 -31 6 0
-117 -33 5 0
-117 -33 6 0
-116 -33 5 0
-116 -33 6 0
-115 -35 3 2
-129 -47 1 1
-115 -35 4 1
-115 -35 5 1
-115 -34 3 1
-115 -34 4 1
-115 -34 5 1
-115 -33 3 1
-115 -33 4 1
-115 -33 5 1
-114 -35 3 1
-114 -35 4 1
-114 -35 5 1
-114 -34 3 1
-113 -35 3 1
-113 -35 4 1
-113 -35 5 2
-116 -31 7 0
-117 -32 2 1
-117 -32 3 1
-116 -32 2 1
-116 -32 3 1
-115 -32 2 1
-115 -32 3 1
-129 -47 0 1
-129 -47 -1 1
-129 -48 1 1
-129 -48 0 2
-129 -48 -1 1
-129 -49 1 1
-129 -49 0 1
-129 -49 -1 1
-129 -49 3 0
-129 -44 1 1
-129 -45 1 1
-114 -19 1 1
-114 -18 1 1
-129 -46 1 1
-130 -44 1 1
-139 -13 7 0
-103 -8 11 0
-103 -8 10 0
-104 -9 8 1
-104 -9 10 0
-104 -9 9 0
-105 -8 8 1
-105 -8 10 0
-105 -8 9 0
-104 -7 8 1
-104 -7 10 0
-104 -7 9 0
-103 -6 10 0
-102 -7 10 0
-108 -13 6 1
-107 -12 8 2
-130 -47 0 1
-130 -47 -1 1
-130 -48 0 2
-130 -48 -1 1
-130 -49 0 1
-130 -49 -1 1
-131 -47 0 1
-131 -47 -1 1
-131 -48 -1 1
-131 -49 0 1
-131 -49 -1 1
-132 -47 0 1
-132 -47 -1 1
-132 -48 0 1
-132 -48 -1 1
-132 -49 0 1
-132 -49 -1 1
-131 -48 0 2
-129 -50 3 0
-146 -2 41 0
-147 -2 40 0
-130 -49 4 0
-132 -50 3 1
-130 -44 2 1
-129 -47 3 0
-150 -2 41 0
-150 -2 42 0
-150 -2 40 0
-150 -3 41 0
-141 -5 4 1
-150 -3 40 0
-148 -4 41 0
-148 -4 40 0
-147 -3 41 0
-147 -3 42 0
-147 -3 40 0
-148 -2 43 0
-148 -2 40 0
-148 -2 39 0
-130 -47 2 1
-131 -47 3 2
-131 -47 2 2
-130 -44 5 1
-130 -44 4 1
-147 -1 40 0
-130 -45 5 1
-150 -1 40 0
-130 -45 3 2
-130 -46 5 1
-130 -46 4 1
-150 -4 41 0
-149 -3 41 0
-150 -4 42 0
-150 -4 40 0
-149 -4 41 0
-149 -4 42 0
-149 -4 40 0
-147 -4 41 0
-148 -4 42 0
-147 -4 40 0
-149 -2 43 0
-149 -2 40 0
-149 -2 39 0
-131 -45 5 1
-131 -45 4 2
-131 -45 3 2
-131 -46 5 1
-124 -5 5 0
-111 -21 5 1
-110 -21 3 2
-110 -21 4 2
-110 -21 5 1
-109 -21 3 1
-109 -21 4 1
-109 -21 5 1
-115 -22 3 2
-115 -22 4 1
-114 -22 4 2
-113 -22 4 2
-114 -24 2 1
-131 -46 3 2
-114 -23 4 2
-113 -24 2 1
-113 -24 3 2
-113 -24 4 1
-113 -23 4 1
-112 -24 2 1
-112 -24 3 1
-112 -24 4 1
-112 -23 4 1
-112 -22 4 1
-111 -22 4 1
-130 -48 4 1
-132 -47 2 1
-132 -47 1 1
-132 -48 3 1
-149 -5 41 0
-149 -5 42 0
-149 -5 40 0
-149 -3 42 0
-149 -3 43 0
-149 -3 40 0
-149 -3 39 0
-133 -48 3 1
-115 -50 7 0
-115 -50 8 0
-140 -3 5 0
-140 -3 4 1
-142 -5 5 0
-142 -5 6 0
-142 -5 4 1
-141 -6 2 1
-141 -6 3 1
-141 -6 4 1
-141 -5 2 1
-141 -5 3 2
-141 -4 2 1
-141 -4 3 1
-149 -6 40 0
-148 -5 41 0
-148 -5 42 0
-148 -5 40 0
-149 -4 43 0
-149 -4 39 0
-132 -50 4 0
-104 -10 3 1
-104 -9 3 1
-104 -8 3 2
-103 -11 3 1
-102 -11 3 1
-132 -49 4 0
-133 -49 5 0
-150 -5 41 0
-133 -47 3 1
-150 -5 40 0
-132 -44 4 1
-150 -6 41 0
-150 -6 40 0
-148 -6 41 0
-148 -22 7 0
-144 -22 5 0
-144 -22 6 0
-144 -22 9 0
-144 -23 8 0
-144 -24 7 0
-144 -23 7 0
-146 -23 8 0
-146 -23 7 0
-146 -22 8 0
-145 -22 8 0
-146 -22 7 0
-143 -19 7 0
-122 -22 7 2
-122 -24 8 1
-122 -23 8 1
-122 -22 8 1
-124 -22 7 1
-124 -21 7 2
-124 -20 7 2
-123 -22 7 1
-123 -21 7 2
-123 -20 7 1
-122 -21 7 1
-119 -26 8 1
-121 -26 7 1
-142 -20 7 0
-124 -28 5 1
-126 -26 8 1
-124 -28 6 1
-124 -28 7 1
-124 -27 5 1
-124 -27 6 1
-124 -27 7 1
-124 -26 6 2
-124 -26 7 2
-123 -28 7 1
-123 -27 7 2
-123 -26 7 2
-122 -28 7 2
-122 -27 7 2
-122 -26 7 1
-123 -28 8 1
-123 -27 8 1
-123 -26 8 1
-122 -28 8 1
-122 -27 8 1
-122 -26 8 1
-121 -28 7 1
-121 -28 8 1
-121 -27 8 1
-121 -26 8 1
-123 -30 5 1
-123 -30 6 1
-123 -30 7 1
-123 -29 5 1
-123 -29 6 1
-123 -29 7 1
-122 -30 7 1
-122 -29 7 2
-121 -30 7 1
-121 -29 7 2
-122 -30 8 1
-122 -29 8 1
-121 -30 8 1
-121 -29 8 1
-120 -30 7 1
-120 -30 8 1
-106 -29 10 1
-108 -32 10 1
-108 -32 11 1
-108 -32 12 1
-108 -31 12 1
-108 -30 12 1
-107 -32 12 1
-107 -31 12 1
-107 -30 12 1
-106 -32 12 1
-106 -31 12 1
-106 -30 12 1
-109 -33 10 0
-108 -34 10 0
-107 -35 9 0
-107 -35 10 0
-106 -34 9 0
-106 -35 9 0
-106 -34 10 0
-106 -35 10 0
-139 -21 8 0
-136 -13 4 1
-136 -13 5 0
-135 -13 5 0
-133 -13 4 0
-134 -13 5 0
-142 -19 8 0
-142 -19 6 0
-142 -21 7 0
-143 -21 7 0
-143 -21 8 0
-142 -21 6 0
-143 -21 6 0
-143 -22 7 0
-142 -22 8 0
-142 -22 6 0
-141 -22 7 0
-141 -23 7 0
-141 -22 8 0
-140 -22 8 0
-141 -21 8 0
-141 -21 9 0
-141 -21 5 0
-109 -13 8 1
-108 -13 8 2
-107 -13 8 2
-109 -13 9 1
-108 -13 9 1
-107 -13 9 1
-108 -9 9 0
-112 -10 10 1
-111 -10 10 2
-110 -10 10 1
-101 -37 3 0
-103 -36 4 0
-105 -34 9 0
-104 -34 9 0
-105 -34 10 0
-104 -8 5 1
-104 -7 5 2
-150 -31 7 1
-150 -31 8 1
-150 -31 9 1
-150 -31 6 1
-116 -23 4 1
-136 -11 7 0
-114 -31 2 1
-103 -37 6 1
-102 -36 5 1
-102 -37 5 1
-101 -37 6 2
-102 -38 5 1
-102 -38 6 2
-102 -38 7 2
-102 -37 6 2
-102 -37 7 2
-102 -36 6 1
-102 -36 7 1
-101 -38 5 1
-101 -38 6 2
-101 -38 7 2
-101 -37 5 1
-101 -37 7 2
-101 -36 5 1
-120 -6 -1 1
-120 -5 -1 1
-120 -4 -1 1
-101 -3 5 1
-101 -3 6 2
-101 -3 7 2
-101 -2 5 1
-101 -2 6 2
-101 -2 7 1
-101 -1 5 1
-101 -1 6 1
-101 -1 7 1
-103 -3 8 1
-103 -2 8 1
-103 -1 8 1
-102 -3 8 2
-102 -2 8 2
-102 -1 8 1
-101 -3 8 2
-101 -2 8 2
-101 -1 8 1
-101 -35 5 1
-101 -36 6 2
-101 -36 7 2
-101 -36 8 1
-101 -35 6 1
-101 -35 7 1
-101 -35 8 1
-101 -34 6 1
-101 -34 7 1
-101 -34 8 1
-102 -5 8 1
-102 -4 8 1
-104 -3 4 1
-120 -3 3 1
-120 -3 2 2
-120 -4 4 2
-120 -4 3 2
-120 -4 2 2
-120 -5 4 2
-120 -5 3 1
-120 -5 2 1
-119 -4 3 2
-118 -4 1 1
-118 -3 1 2
-119 -1 3 1
-119 -1 2 1
-119 -1 1 1
-119 -2 3 1
-119 -2 2 2
-119 -2 1 2
-119 -3 3 1
-119 -3 2 2
-119 -3 1 1
-116 -2 0 2
-117 -1 0 2
-117 -2 0 2
-117 -3 1 1
-117 -4 1 1
-122 -3 1 1
-122 -4 3 2
-122 -4 2 2
-122 -4 1 1
-111 -9 1 2
-112 -9 1 1
-113 -9 1 1
-130 -5 5 0
-130 -6 5 0
-129 -7 5 0
-129 -8 5 0
-130 -8 5 0
-114 -7 0 1
-137 -12 8 0
-138 -11 8 0
-111 -7 0 2
-111 -7 -1 1
-112 -7 0 1
-112 -7 -1 1
-113 -6 -1 1
-113 -7 0 1
-113 -7 -1 1
-109 -8 1 1
-110 -8 1 1
-108 -7 1 1
-109 -7 1 1
-110 -7 1 1
-132 -11 5 0
-132 -11 4 0
-132 -12 5 0
-132 -12 4 0
-111 -6 3 1
-111 -7 5 2
-111 -7 4 2
-111 -7 3 1
-112 -7 5 1
-136 -45 3 2
-136 -46 5 1
-136 -47 5 1
-141 -47 6 0
-141 -47 5 0
-139 -49 3 1
-116 -3 0 1
-117 -26 8 1
-117 -25 8 1
-117 -24 8 1
-117 -26 9 1
-117 -25 9 1
-117 -24 9 1
-115 -27 8 1
-113 -26 6 0
-109 -8 7 1
-102 -1 4 1
-107 -4 3 1
-106 -4 3 1
-101 -4 4 2
-101 -4 5 2
-101 -4 6 1
-101 -3 4 1
-101 -2 4 1
-103 -3 3 1
-103 -2 3 1
-102 -4 3 1
-102 -3 3 1
-102 -2 3 1
-101 -4 3 1
-101 -3 3 2
-101 -2 3 1
-118 -2 0 2
-118 -1 0 2
-125 -23 8 1
-120 -3 1 2
-120 -2 1 2
-120 -2 2 2
-120 -2 3 1
-120 -1 1 1
-120 -1 2 1
-120 -1 3 1
-119 -4 1 1
-120 -7 1 2
-120 -7 2 2
-120 -7 3 2
-120 -6 1 1
-120 -6 2 1
-120 -6 3 1
-120 -5 1 1
-120 -7 4 1
-120 -6 4 1
-120 -7 0 2
-120 -6 0 1
-120 -5 0 2
-118 -5 5 1
-118 -4 5 1
-118 -3 5 1
-118 -5 -1 1
-118 -4 -1 1
-103 -1 4 1
-129 -22 1 1
-109 -8 9 0
-109 -9 9 0
-106 -6 10 0
-106 -6 11 0
-106 -5 10 0
-105 -6 10 0
-105 -5 10 0
-124 -4 1 1
-118 -23 2 2
-117 -24 2 1
-117 -23 2 1
-116 -24 2 1
-116 -23 2 1
-116 -23 3 2
-118 -22 4 1
-117 -22 4 1
-106 -4 8 0
-106 -4 9 0
-107 -32 5 1
-106 -32 5 1
-107 -32 6 1
-107 -31 4 1
-107 -31 5 1
-107 -31 6 1
-106 -31 4 1
-106 -31 5 1
-106 -31 6 2
-105 -31 4 1
-105 -31 5 1
-105 -31 6 2
-105 -30 4 1
-105 -30 5 1
-122 -7 4 1
-122 -6 4 2
-122 -8 0 1
-122 -7 0 1
-122 -6 0 2
-120 -6 5 1
-120 -5 5 1
-120 -4 5 1
-102 -33 3 1
-102 -32 3 1
-101 -34 3 1
-101 -33 3 1
-101 -32 3 1
-124 -22 3 1
-123 -22 3 1
-123 -22 4 1
-103 -34 5 0
-103 -34 6 0
-104 -37 6 0
-103 -37 5 1
-122 -21 3 1
-122 -21 4 2
-122 -21 5 2
-122 -20 3 1
-122 -20 4 2
-122 -20 5 1
-124 -22 6 1
-123 -22 6 1
-122 -22 6 2
-122 -21 6 1
-122 -20 6 1
-125 -22 3 1
-125 -22 6 1
-126 -23 4 1
-124 -23 4 1
-124 -23 5 1
-123 -23 4 1
-125 -22 0 1
-125 -22 1 2
-125 -22 2 1
-124 -22 0 1
-124 -22 1 2
-124 -22 2 1
-123 -22 0 1
-123 -22 1 2
-123 -22 2 1
-139 -49 5 0
-139 -49 4 0
-140 -48 4 0
-141 -49 5 0
-144 -7 4 1
-145 -6 5 0
-144 -5 5 0
-144 -5 6 0
-144 -5 4 1
-146 -9 5 0
-146 -9 6 0
-146 -9 4 1
-144 -8 5 0
-144 -8 6 0
-144 -8 4 1
-146 -7 6 0
-146 -7 7 0
-145 -8 2 1
-145 -8 3 2
-145 -8 4 1
-145 -7 2 1
-145 -7 3 2
-145 -6 2 1
-145 -6 3 1
-145 -6 4 1
-141 -46 5 0
-119 -17 48 1
-137 -44 2 1
-119 -17 49 2
-119 -17 50 1
-119 -16 48 1
-119 -16 49 2
-119 -16 50 1
-119 -15 48 1
-119 -15 49 1
-119 -15 50 1
-124 -20 48 2
-137 -45 2 1
-124 -20 49 1
-124 -20 50 1
-123 -20 48 1
-123 -20 49 1
-123 -20 50 1
-122 -20 48 1
-122 -20 49 1
-122 -20 50 1
-120 -19 48 1
-120 -19 49 2
-120 -19 50 1
-120 -18 48 1
-120 -18 49 1
-120 -18 50 1
-137 -46 2 1
-138 -44 2 1
-138 -45 2 1
-138 -46 2 1
-139 -44 2 1
-139 -45 2 1
-139 -46 2 1
-137 -44 5 1
-137 -44 4 1
-137 -44 3 1
-137 -45 5 1
-137 -45 4 1
-137 -45 3 1
-137 -46 5 1
-137 -46 4 1
-131 -9 6 0
-137 -46 3 1
-123 -15 51 0
-124 -15 51 0
-124 -16 51 0
-124 -17 51 0
-123 -17 51 1
-138 -44 5 1
-138 -44 4 1
-138 -44 3 1
-138 -45 5 1
-138 -45 3 2
-138 -46 5 1
-138 -46 4 2
-138 -46 3 2
-139 -44 5 1
-139 -44 4 1
-139 -44 3 1
-139 -45 5 1
-139 -45 4 1
-139 -45 3 1
-139 -46 5 1
-139 -46 4 1
-139 -46 3 1
-138 -45 4 2
-139 -47 3 1
-139 -47 5 1
-139 -47 4 1
-142 -47 6 0
-142 -47 5 0
-140 -49 3 1
-140 -49 5 0
-140 -49 4 0
-141 -48 4 0
-142 -49 5 0
-143 -49 5 0
-143 -46 5 0
-142 -46 5 0
-140 -46 5 0
-140 -46 4 0
-140 -47 5 0
-143 -47 6 0
-141 -49 3 0
-133 -8 6 0
-132 -9 7 0
-141 -49 4 0
-142 -48 4 0
-145 -44 4 1
-146 -44 4 1
-142 -46 -1 1
-142 -47 0 1
-142 -47 -1 1
-142 -48 0 1
-142 -48 -1 1
-143 -47 5 0
-142 -49 4 0
-142 -49 3 0
-143 -48 4 0
-144 -48 4 0
-142 -44 4 1
-142 -44 3 1
-143 -44 4 1
-144 -44 4 1
-141 -45 4 1
-141 -45 3 1
-140 -46 3 1
-140 -46 2 1
-140 -46 1 1
-140 -47 3 1
-140 -47 2 1
-140 -48 3 1
-140 -48 2 1
-140 -48 1 1
-141 -46 3 1
-142 -48 1 1
-141 -47 2 2
-142 -47 4 1
-150 -47 3 0
-143 -47 -1 1
-143 -48 1 1
-143 -48 0 1
-143 -48 -1 1
-114 -13 48 2
-149 -47 4 1
-150 -46 5 0
-150 -46 3 1
-150 -50 2 1
-150 -50 3 1
-150 -50 4 1
-150 -49 3 1
-142 -45 3 1
-142 -46 3 2
-142 -47 3 1
-142 -47 1 1
-142 -47 2 1
-150 -49 4 1
-150 -48 3 0
-110 -14 48 1
-110 -14 47 1
-109 -16 48 0
-112 -16 47 2
-110 -18 48 0
-111 -12 47 1
-150 -45 2 2
-150 -45 3 2
-150 -43 3 1
-145 -50 2 1
-145 -50 0 1
-146 -49 0 1
-145 -25 47 0
-146 -24 46 0
-145 -30 45 1
-145 -30 46 1
-145 -30 47 1
-145 -29 45 2
-145 -29 46 2
-145 -29 47 1
-145 -28 45 1
-145 -28 46 1
-145 -28 47 1
-145 -30 48 1
-145 -30 49 1
-145 -29 48 2
-145 -29 49 1
-145 -28 48 1
-145 -28 49 1
-145 -30 44 1
-145 -29 44 1
-145 -28 44 1
-145 -27 46 0
-145 -27 47 0
-146 -26 48 0
-146 -26 45 0
-146 -26 44 0
-143 -46 1 1
-143 -46 0 1
-143 -45 1 2
-143 -45 4 1
-143 -45 3 2
-143 -45 2 1
-143 -46 4 1
-143 -46 3 1
-143 -46 2 2
-114 -18 48 1
-143 -47 4 1
-114 -18 49 1
-114 -18 50 1
-114 -17 48 1
-114 -17 49 2
-114 -17 50 1
-114 -16 48 2
-114 -16 49 2
-114 -16 50 1
-144 -30 46 1
-144 -30 47 1
-144 -45 4 1
-144 -46 4 1
-144 -47 4 1
-126 -5 20 0
-125 -6 20 0
-124 -4 20 1
-124 -5 20 1
-121 -3 19 1
-121 -4 19 1
-145 -48 3 0
-145 -49 2 1
-145 -48 2 0
-146 -49 1 1
-146 -49 3 0
-148 -49 1 0
-147 -45 0 1
-114 -15 48 1
-114 -15 49 1
-114 -15 50 1
-145 -45 4 1
-145 -46 4 1
-122 -3 19 1
-146 -45 4 1
-122 -4 19 2
-123 -3 19 1
-123 -4 19 2
-148 -47 1 1
-148 -46 -1 1
-145 -47 1 1
-144 -47 1 1
-148 -46 0 1
-148 -46 1 1
-139 -10 5 0
-139 -9 6 0
-139 -9 5 0
-139 -7 5 0
-146 -48 0 1
-146 -48 -1 1
-147 -49 3 0
-147 -48 3 0
-148 -49 2 0
-148 -49 4 0
-113 -17 49 2
-148 -49 3 0
-113 -18 48 1
-113 -18 49 2
-113 -18 50 1
-113 -17 48 1
-113 -17 50 1
-113 -16 48 2
-113 -16 49 2
-113 -16 50 1
-114 -19 48 1
-114 -19 49 1
-114 -19 50 1
-115 -17 51 0
-149 -48 2 0
-149 -44 1 1
-149 -45 1 2
-150 -44 1 1
-150 -45 1 1
-145 -44 3 1
-145 -44 2 1
-145 -44 1 1
-145 -45 3 2
-145 -45 2 1
-145 -45 1 2
-145 -46 3 2
-145 -46 2 2
-145 -46 1 2
-146 -44 3 1
-146 -44 2 1
-146 -44 1 1
-146 -45 3 1
-146 -45 1 1
-146 -46 3 2
-146 -46 2 2
-146 -46 1 2
-147 -44 3 1
-147 -44 2 1
-147 -44 1 1
-147 -45 1 1
-147 -46 1 2
-146 -45 2 2
-146 -47 2 1
-124 -4 21 0
-125 -6 21 0
-144 -47 2 1
-144 -47 3 1
-113 -15 49 1
-113 -15 50 1
-144 -46 3 2
-144 -45 3 1
-145 -47 0 2
-144 -47 0 2
-146 -46 4 1
-112 -17 49 2
-145 -47 4 1
-112 -17 50 1
-112 -18 48 1
-112 -18 49 2
-112 -18 50 1
-112 -17 48 2
-112 -16 48 2
-112 -16 49 2
-112 -16 50 1
-114 -17 51 0
-145 -49 1 1
-145 -48 -1 1
-145 -48 0 1
-145 -48 1 1
-145 -47 -1 1
-145 -46 -1 1
-126 -6 20 0
-125 -7 20 0
-126 -8 20 0
-124 -8 20 0
-123 -8 20 0
-122 -7 18 1
-122 -6 18 2
-122 -5 18 1
-121 -7 18 1
-121 -6 18 1
-121 -5 18 1
-123 -4 18 2
-123 -3 18 1
-122 -4 18 2
-122 -3 18 1
-121 -4 18 1
-121 -3 18 1
-124 -5 19 1
-124 -4 19 1
-125 -5 20 0
-126 -7 18 0
-125 -8 18 0
-125 -8 19 0
-124 -7 18 0
-125 -6 17 0
-125 -6 16 0
-125 -6 18 0
-124 -4 16 1
-124 -4 17 1
-129 -15 5 0
-111 -17 49 1
-124 -4 18 1
-112 -15 49 1
-112 -15 50 1
-113 -15 48 1
-113 -19 49 1
-113 -19 48 1
-113 -19 50 1
-112 -19 48 1
-112 -19 49 1
-112 -19 50 1
-113 -17 51 0
-124 -3 16 1
-124 -3 17 1
-123 -17 25 1
-123 -16 25 1
-123 -15 25 1
-122 -17 25 2
-122 -16 25 2
-122 -15 25 2
-121 -17 25 1
-121 -16 25 1
-121 -15 25 1
-123 -14 25 1
-122 -14 25 1
-121 -14 25 1
-124 -15 24 0
-125 -15 24 0
-124 -16 24 0
-125 -16 24 0
-125 -17 24 0
-124 -19 25 1
-124 -18 25 1
-124 -17 25 1
-123 -19 25 1
-123 -18 25 2
-122 -19 25 1
-122 -18 25 1
-121 -18 25 1
-142 -45 0 1
-142 -45 1 1
-142 -45 2 1
-142 -44 0 1
-142 -44 1 1
-142 -44 2 1
-147 -44 0 1
-147 -49 1 0
-144 -49 2 1
-144 -49 3 0
-144 -49 1 1
-149 -44 2 1
-149 -45 4 1
-149 -45 3 2
-149 -45 2 1
-150 -43 4 1
-123 -17 26 1
-123 -16 26 1
-123 -15 26 1
-122 -17 26 2
-113 -34 7 1
-115 -35 8 0
-114 -34 2 1
-121 -16 26 1
-121 -15 26 1
-123 -14 26 1
-122 -14 26 1
-121 -14 26 1
-124 -15 25 0
-125 -15 25 0
-124 -16 25 0
-125 -16 25 0
-125 -17 25 0
-124 -19 26 1
-124 -18 26 1
-124 -17 26 1
-123 -19 26 1
-123 -18 26 2
-122 -19 26 1
-122 -18 26 1
-121 -18 26 1
-145 -49 0 1
-150 -43 2 1
-150 -44 4 1
-150 -44 2 1
-144 -50 0 1
-144 -50 1 2
-144 -50 2 1
-144 -49 0 1
-144 -48 2 0
-144 -48 -1 1
-144 -48 0 1
-144 -48 1 1
-144 -47 -1 1
-144 -46 -1 1
-138 -6 8 0
-137 -5 7 0
-137 -5 8 0
-139 -4 7 0
-139 -6 8 0
-139 -5 8 0
-140 -5 7 0
-140 -5 8 0
-141 -6 7 0
-139 -7 8 0
-139 -8 8 0
-139 -6 9 0
-139 -6 5 0
-140 -4 9 0
-144 -48 3 0
-150 -49 2 1
-139 -4 8 0
-139 -4 9 0
-143 -50 0 1
-143 -50 1 1
-143 -50 2 1
-143 -49 0 1
-143 -49 1 1
-143 -49 2 1
-143 -49 3 0
-122 -13 2 1
-122 -13 3 1
-125 -13 2 0
-125 -13 3 0
-143 -46 -1 1
-150 -48 4 0
-150 -48 6 0
-150 -49 5 0
-150 -49 6 0
-150 -50 5 0
-150 -50 6 0
-150 -23 4 0
-150 -23 6 0
-150 -23 5 0
-150 -20 3 0
-150 -20 7 0
-149 -22 4 0
-149 -22 6 0
-149 -22 5 0
-150 -22 4 0
-122 -13 1 1
-121 -13 1 1
-107 -36 6 1
-107 -36 7 1
-107 -35 7 1
-123 -4 1 1
-122 -3 -1 1
-114 -22 8 2
-114 -22 9 1
-114 -22 10 1
-113 -22 8 2
-113 -22 9 2
-113 -22 10 1
-112 -22 8 1
-112 -22 9 1
-112 -22 10 1
-114 -22 7 2
-113 -22 7 2
-112 -22 7 1
-111 -23 9 1
-111 -23 8 1
-110 -22 9 0
-110 -22 8 0
-111 -21 10 0
-111 -21 11 0
-111 -21 7 1
-108 -10 10 0
-114 -23 8 2
-123 -13 2 1
-123 -13 3 0
-123 -12 2 1
-116 -17 45 1
-123 -12 3 0
-124 -13 0 1
-124 -13 1 1
-123 -13 0 1
-123 -13 1 2
-122 -15 0 1
-122 -14 0 1
-122 -13 0 1
-150 -22 6 0
-150 -22 5 0
-149 -20 6 0
-149 -19 7 0
-148 -21 5 0
-116 -13 46 1
-116 -14 47 1
-149 -21 4 0
-149 -21 6 0
-149 -21 5 0
-149 -20 5 0
-148 -19 4 0
-148 -19 6 0
-147 -19 3 1
-147 -19 2 1
-116 -14 45 1
-119 -15 3 1
-119 -14 3 1
-119 -13 3 1
-119 -15 4 1
-116 -12 46 2
-116 -12 47 2
-116 -14 48 1
-116 -13 48 1
-116 -12 48 2
-117 -15 46 1
-117 -17 45 1
-117 -17 46 1
-117 -17 47 1
-117 -16 45 2
-117 -16 46 2
-117 -16 47 2
-117 -15 45 1
-117 -15 47 1
-115 -15 44 1
-150 -32 8 1
-150 -32 9 1
-150 -32 10 1
-117 -14 47 0
-117 -14 46 0
-148 -19 1 1
-149 -19 3 1
-116 -14 49 1
-116 -13 49 1
-116 -12 49 1
-118 -12 47 2
-119 -13 46 1
-119 -13 47 1
-119 -13 48 1
-119 -12 46 1
-119 -12 47 1
-119 -12 48 1
-119 -11 46 1
-149 -19 2 1
-119 -11 47 1
-119 -11 48 1
-118 -13 46 1
-118 -13 47 1
-118 -13 48 1
-118 -12 46 2
-118 -12 48 2
-118 -11 46 1
-118 -11 47 1
-118 -11 48 1
-117 -13 46 1
-117 -13 47 1
-117 -13 48 1
-117 -12 46 1
-117 -12 47 1
-117 -12 48 1
-117 -11 46 1
-117 -11 47 1
-117 -11 48 1
-117 -14 48 0
-149 -19 1 1
-148 -18 7 0
-147 -19 6 0
-148 -20 4 0
-116 -11 46 1
-116 -11 47 1
-116 -11 48 1
-115 -11 46 1
-115 -11 47 1
-115 -11 48 1
-114 -11 46 1
-114 -11 47 1
-114 -11 48 1
-121 -19 4 1
-121 -19 5 1
-123 -19 1 1
-123 -19 2 1
-140 -3 3 2
-140 -3 2 1
-140 -2 2 1
-140 -2 3 1
-139 -2 2 1
-139 -2 3 1
-139 -2 4 1
-144 -3 2 1
-144 -3 3 2
-144 -3 4 1
-144 -2 2 1
-144 -2 3 2
-144 -2 4 1
-144 -1 2 1
-144 -1 3 1
-144 -1 4 1
-144 -4 5 0
-145 -5 4 1
-144 -5 2 1
-144 -5 3 2
-144 -4 2 1
-144 -4 3 1
-136 -3 1 1
-148 -20 6 0
-119 -13 49 1
-119 -12 49 1
-119 -11 49 1
-118 -13 49 1
-118 -12 49 2
-118 -11 49 1
-117 -13 49 1
-117 -12 49 1
-117 -11 49 1
-115 -14 50 0
-148 -20 5 0
-146 -18 3 1
-146 -18 2 1
-146 -18 1 1
-147 -18 3 1
-147 -18 2 2
-147 -18 1 1
-147 -17 7 0
-147 -19 4 0
-147 -19 5 0
-146 -15 7 0
-144 -13 6 0
-145 -14 7 0
-129 -8 2 0
-118 -14 47 0
-129 -9 2 1
-127 -10 2 0
-127 -10 3 0
-128 -9 -1 1
-128 -9 0 1
-128 -9 1 1
-127 -9 -1 1
-127 -9 0 1
-127 -9 1 1
-126 -9 -1 1
-126 -9 0 1
-126 -9 1 1
-144 -12 7 0
-143 -14 6 0
-142 -14 5 0
-144 -11 6 0
-143 -11 7 0
-126 -26 1 1
-141 -12 5 0
-143 -13 6 0
-116 -11 45 1
-115 -11 45 1
-119 -13 50 1
-119 -12 50 1
-119 -11 50 1
-143 -13 5 0
-144 -12 6 0
-141 -11 3 1
-141 -11 2 1
-142 -11 4 1
-142 -11 3 1
-142 -11 2 1
-143 -9 2 1
-143 -10 2 1
-143 -11 2 1
-142 -10 7 0
-141 -11 6 0
-142 -12 6 0
-142 -12 5 0
-142 -11 5 0
-143 -11 6 0
-144 -10 6 0
-140 -10 3 1
-140 -10 2 1
-141 -10 4 1
-141 -10 3 1
-141 -10 2 1
-142 -10 3 2
-123 -5 12 1
-141 -9 7 0
-140 -10 4 1
-121 -7 12 1
-124 -5 12 1
-142 -10 6 0
-121 -6 14 1
-121 -5 14 1
-124 -5 15 1
-124 -6 14 0
-123 -7 12 1
-123 -6 12 1
-122 -7 12 1
-122 -6 12 2
-122 -5 12 2
-137 -1 3 1
-137 -1 2 1
-137 -1 1 1
-137 -2 3 1
-137 -2 2 1
-137 -2 1 1
-132 -12 0 1
-132 -12 1 1
-132 -12 2 2
-132 -11 0 1
-132 -11 1 1
-132 -11 2 2
-132 -10 0 1
-131 -12 0 1
-131 -12 1 1
-131 -12 2 1
-130 -12 0 1
-130 -12 1 1
-130 -12 2 1
-137 -3 1 1
-138 -2 4 0
-125 -3 3 0
-145 -5 5 0
-126 -2 2 1
-125 -2 2 1
-125 -2 3 1
-125 -2 -1 1
-125 -2 0 1
-124 -2 1 1
-123 -2 -1 1
-135 -12 7 0
-124 -1 1 1
-121 -8 29 1
-121 -8 28 1
-122 -8 29 1
-122 -8 27 1
-128 -1 2 1
-127 -1 0 1
-127 -1 1 2
-124 -8 29 0
-124 -7 29 0
-124 -5 29 0
-122 -29 3 1
-122 -29 4 1
-131 -8 6 0
-127 -1 3 1
-128 -1 3 1
-125 -2 4 1
-112 -32 5 1
-112 -32 4 1
-120 -28 2 1
-120 -27 2 1
-123 -1 -1 1
-124 -1 0 1
-124 -1 -1 1
-125 -1 1 2
-125 -1 0 2
-125 -1 -1 1
-126 -2 1 2
-126 -2 0 1
-126 -3 1 1
-126 -3 0 1
-127 -2 2 1
-127 -2 0 1
-127 -3 2 1
-127 -3 1 1
-121 -5 28 1
-123 -7 27 1
-123 -6 27 1
-123 -5 27 1
-122 -7 27 2
-123 -3 27 1
-122 -4 27 1
-137 -1 4 0
-137 -1 5 0
-137 -2 4 0
-127 -1 2 1
-136 -2 4 1
-135 -2 4 1
-134 -2 4 1
-135 -1 2 2
-136 -2 1 1
-136 -2 2 2
-136 -2 3 1
-136 -1 1 1
-136 -1 2 1
-136 -1 3 1
-124 -2 0 2
-124 -2 -1 1
-125 -2 1 1
-135 -1 1 1
-135 -1 3 1
-134 -1 1 1
-134 -1 2 2
-134 -1 3 1
-135 -1 4 0
-123 -3 -1 1
-124 -3 0 2
-124 -3 -1 1
-125 -3 1 1
-125 -3 0 1
-125 -3 -1 1
-126 -3 2 1
-126 -3 4 0
-126 -3 3 0
-124 -7 5 0
-124 -7 4 0
-125 -3 4 0
-124 -6 5 0
-125 -7 5 0
-126 -7 5 0
-126 -6 6 0
-126 -5 5 0
-126 -4 5 0
-125 -3 5 0
-125 -4 5 0
-131 -12 5 0
-130 -13 4 0
-132 -12 6 0
-133 -11 1 1
-125 -3 7 0
-132 -13 3 1
-131 -13 1 1
-131 -13 2 1
-131 -12 3 1
-150 -15 5 0
-150 -15 6 0
-150 -15 4 1
-117 -47 6 0
-115 -47 7 0
-115 -47 8 0
-150 -18 5 0
-150 -18 6 0
-150 -18 4 0
-149 -18 6 0
-149 -18 4 0
-149 -16 7 0
-150 -17 1 1
-150 -17 2 1
-150 -17 3 1
-150 -16 1 1
-150 -16 2 1
-150 -16 3 1
-150 -15 1 1
-150 -15 2 2
-150 -15 3 1
-125 -4 7 0
-122 -2 5 1
-122 -3 5 1
-123 -2 5 1
-123 -3 5 2
-124 -2 5 1
-124 -3 5 1
-124 -4 5 1
-141 -8 7 0
-121 -5 6 1
-121 -6 6 1
-122 -4 6 1
-122 -5 6 2
-122 -6 6 1
-123 -4 6 1
-123 -5 6 1
-123 -6 6 1
-124 -5 8 0
-125 -5 8 0
-125 -5 9 0
-124 -6 10 0
-125 -7 9 0
-125 -7 10 0
-126 -7 9 0
-126 -7 10 0
-127 -5 9 0
-127 -5 11 0
-126 -5 11 0
-127 -5 10 0
-126 -5 10 0
-126 -4 9 0
-126 -4 10 0
-125 -4 9 0
-125 -5 10 0
-125 -3 10 0
-125 -4 10 0
-122 -2 8 1
-122 -3 8 1
-123 -2 8 1
-123 -3 8 2
-150 -33 13 1
-150 -17 5 0
-150 -33 15 1
-124 -4 8 1
-121 -4 8 1
-150 -33 12 1
-121 -6 8 1
-122 -4 8 1
-149 -19 5 0
-149 -19 6 0
-149 -19 4 0
-149 -17 7 0
-150 -18 1 2
-150 -18 2 2
-150 -18 3 1
-149 -18 1 2
-149 -18 2 1
-149 -18 3 1
-148 -18 1 1
-148 -18 2 2
-148 -18 3 1
-122 -5 8 2
-122 -6 8 1
-124 -17 14 1
-123 -19 14 1
-123 -18 14 2
-122 -19 14 1
-122 -18 14 1
-123 -4 8 1
-123 -5 8 1
-123 -6 8 1
-121 -4 13 1
-123 -17 15 1
-123 -16 15 1
-123 -15 15 1
-122 -17 15 2
-122 -16 15 2
-122 -15 15 2
-121 -17 15 1
-121 -16 15 1
-121 -15 15 1
-123 -14 15 1
-122 -14 15 1
-121 -14 15 1
-124 -15 13 0
-125 -15 14 0
-124 -16 13 0
-125 -16 14 0
-125 -17 14 0
-124 -19 15 1
-124 -18 15 1
-124 -17 15 1
-123 -19 15 1
-123 -18 15 2
-122 -19 15 1
-122 -18 15 1
-121 -18 14 1
-121 -4 12 1
-124 -5 10 0
-122 -16 48 2
-122 -15 48 1
-121 -17 48 1
-125 -6 9 0
-125 -8 11 0
-126 -6 11 0
-125 -5 11 0
-122 -2 9 1
-122 -3 9 1
-122 -4 9 1
-123 -2 9 1
-123 -3 9 2
-123 -4 9 1
-124 -2 9 1
-124 -3 9 1
-124 -4 9 1
-140 -6 2 1
-140 -6 3 1
-140 -5 2 1
-140 -5 3 2
-139 -6 2 1
-139 -6 3 2
-142 -4 4 1
-142 -4 5 0
-142 -3 4 1
-121 -5 9 1
-141 -4 4 1
-141 -4 5 0
-141 -3 4 1
-121 -6 9 1
-121 -7 9 1
-122 -5 9 2
-122 -6 9 1
-122 -7 9 1
-123 -5 9 1
-123 -6 9 1
-123 -7 9 1
-124 -6 11 0
-125 -6 10 0
-111 -16 0 1
-111 -17 2 2
-111 -17 1 1
-111 -17 0 1
-112 -15 0 1
-112 -16 2 1
-112 -16 1 2
-112 -16 0 1
-112 -17 2 2
-113 -15 4 2
-112 -15 3 2
-112 -15 2 1
-112 -15 1 2
-113 -15 3 2
-113 -15 2 2
-113 -15 1 1
-148 -14 5 0
-148 -14 6 0
-148 -14 4 1
-150 -16 5 0
-150 -16 6 0
-106 -4 4 2
-131 -17 0 1
-132 -17 1 2
-107 -32 9 1
-108 -32 9 1
-104 -6 9 0
-104 -5 9 0
-104 -4 5 1
-104 -4 6 1
-104 -4 7 1
-103 -6 5 1
-103 -6 6 1
-103 -6 7 2
-103 -5 5 2
-103 -5 7 1
-136 -16 3 1
-136 -16 2 2
-136 -16 1 2
-125 -6 11 0
-125 -8 12 0
-125 -8 13 0
-118 -13 50 1
-118 -12 50 1
-118 -11 50 1
-117 -13 50 1
-117 -12 50 1
-117 -11 50 1
-118 -14 46 0
-118 -17 45 1
-118 -16 45 2
-118 -15 45 1
-125 -7 13 0
-126 -7 12 0
-126 -7 13 0
-127 -6 12 0
-127 -6 13 0
-126 -6 13 0
-126 -4 12 0
-126 -4 13 0
-125 -4 12 0
-125 -4 13 0
-125 -5 13 0
-122 -3 11 1
-122 -4 11 1
-123 -3 11 2
-119 -13 44 1
-119 -12 44 1
-119 -11 44 1
-118 -13 44 1
-118 -12 44 2
-118 -11 44 1
-117 -13 44 1
-117 -12 44 1
-117 -11 44 1
-116 -14 44 1
-108 -1 9 1
-123 -4 11 1
-124 -3 11 1
-107 -1 9 1
-116 -13 44 1
-116 -12 44 2
-106 -1 9 1
-115 -13 44 2
-115 -12 44 1
-114 -14 44 1
-114 -13 44 1
-114 -12 44 1
-116 -11 44 1
-115 -11 44 1
-117 -14 45 0
-118 -14 45 0
-118 -17 44 1
-118 -16 44 2
-118 -15 44 1
-117 -17 44 1
-117 -16 44 1
-117 -15 44 1
-116 -17 44 1
-116 -16 44 2
-116 -15 44 1
-115 -17 44 1
-115 -16 44 1
-114 -17 44 1
-114 -16 44 2
-113 -17 44 1
-113 -16 44 1
-124 -4 11 1
-124 -5 11 1
-121 -5 11 1
-121 -6 11 1
-121 -7 11 1
-122 -5 11 2
-122 -6 11 2
-122 -7 11 1
-123 -5 11 1
-123 -6 11 1
-123 -7 11 1
-124 -6 13 0
-122 -9 40 1
-122 -9 41 1
-122 -9 42 1
-121 -9 40 2
-127 -6 14 0
-126 -6 14 0
-126 -4 14 0
-125 -4 14 0
-125 -5 14 0
-122 -3 12 1
-122 -4 12 1
-123 -3 12 2
-123 -4 12 2
-116 -14 43 1
-116 -13 43 1
-116 -12 43 2
-115 -14 43 1
-115 -13 43 2
-115 -12 43 1
-114 -14 43 1
-114 -13 43 1
-114 -12 43 1
-117 -13 43 1
-117 -12 43 1
-117 -11 43 1
-116 -11 43 1
-115 -11 43 1
-119 -13 43 1
-119 -12 43 2
-119 -11 43 1
-118 -13 43 1
-118 -12 43 2
-118 -11 43 1
-117 -14 44 1
-118 -14 44 1
-119 -17 44 1
-119 -17 45 1
-119 -17 46 1
-119 -16 44 1
-119 -16 45 1
-119 -16 46 1
-119 -15 44 1
-119 -15 45 1
-119 -15 46 1
-119 -17 47 1
-119 -16 47 1
-119 -15 47 1
-119 -17 43 1
-119 -16 43 1
-119 -15 43 1
-118 -17 43 1
-118 -16 43 2
-118 -15 43 2
-117 -17 43 1
-117 -16 43 1
-117 -15 43 1
-116 -17 43 1
-116 -16 43 2
-116 -15 43 1
-115 -17 43 1
-115 -16 43 1
-115 -15 43 1
-114 -17 43 1
-114 -16 43 2
-114 -15 43 1
-113 -17 43 1
-113 -16 43 1
-113 -15 43 1
-124 -3 12 1
-115 -33 6 1
-118 -33 5 0
-118 -33 6 0
-117 -34 5 0
-117 -34 6 0
-116 -34 5 0
-116 -35 5 0
-116 -34 6 0
-116 -33 7 0
-116 -33 3 2
-117 -34 2 1
-117 -34 3 1
-117 -34 4 1
-117 -33 2 1
-117 -33 3 1
-117 -33 4 1
-116 -34 2 1
-116 -34 3 2
-116 -34 4 1
-116 -33 2 1
-116 -33 4 1
-115 -34 2 1
-115 -33 2 1
-114 -13 42 1
-114 -12 42 1
-117 -13 42 1
-117 -12 42 2
-117 -11 42 1
-116 -11 42 1
-115 -11 42 1
-124 -4 12 1
-141 -11 5 0
-121 -5 12 1
-121 -6 12 1
-141 -11 4 1
-138 -1 5 0
-138 -1 4 0
-138 -4 1 1
-142 -10 2 1
-138 -3 1 1
-138 -2 1 1
-138 -2 2 1
-138 -2 3 1
-137 -4 1 1
-136 -4 1 1
-121 -7 14 1
-122 -5 14 1
-122 -6 14 2
-125 -7 17 0
-127 -6 17 0
-126 -6 17 0
-126 -5 17 0
-126 -4 17 0
-125 -4 17 0
-125 -5 17 0
-124 -3 20 1
-124 -3 19 1
-147 -47 3 1
-147 -47 4 1
-148 -46 3 2
-149 -47 2 1
-149 -46 2 1
-148 -47 2 1
-148 -46 2 1
-148 -45 2 1
-148 -45 3 1
-148 -45 4 1
-147 -47 2 1
-147 -46 2 2
-147 -46 3 2
-147 -46 4 1
-147 -45 2 1
-147 -45 3 1
-147 -45 4 1
-150 -46 2 1
-148 -44 2 1
-148 -44 3 1
-148 -44 4 1
-149 -49 3 0
-149 -49 4 0
-148 -48 3 0
-149 -47 0 2
-150 -48 -1 1
-150 -48 0 1
-150 -48 1 1
-150 -47 -1 1
-150 -47 0 1
-150 -47 1 1
-150 -46 -1 1
-150 -46 0 1
-150 -46 1 1
-149 -48 -1 1
-149 -48 0 1
-149 -48 1 1
-149 -47 -1 1
-149 -47 1 1
-149 -46 -1 1
-149 -46 0 1
-149 -46 1 1
-148 -48 -1 1
-148 -48 0 1
-148 -48 1 1
-148 -47 -1 1
-148 -47 0 2
-115 -34 6 1
-115 -35 6 1
-114 -35 6 1
-113 -35 6 1
-118 -34 5 0
-118 -34 6 0
-117 -35 5 0
-117 -35 6 0
-116 -36 5 0
-141 -18 4 1
-116 -35 6 0
-116 -36 6 0
-116 -34 7 0
-117 -35 2 1
-117 -35 3 1
-117 -35 4 1
-116 -35 2 1
-140 -17 3 2
-140 -16 1 1
-140 -16 2 1
-140 -16 3 2
-140 -15 1 1
-140 -15 2 1
-140 -15 3 1
-121 -5 19 1
-121 -6 19 1
-121 -7 19 1
-122 -5 19 1
-122 -6 19 2
-123 -5 19 1
-123 -6 19 1
-108 -17 10 0
-108 -17 11 0
-109 -16 10 0
-108 -16 10 0
-109 -16 11 0
-113 -14 12 1
-126 -5 21 0
-146 -47 3 1
-146 -47 4 1
-108 -4 9 0
-128 -7 4 0
-107 -4 8 0
-107 -4 9 0
-129 -8 4 0
-127 -8 3 0
-127 -9 3 0
-127 -7 5 0
-128 -8 -1 1
-128 -8 0 2
-128 -8 1 1
-128 -7 -1 1
-128 -7 0 2
-128 -7 1 1
-128 -6 -1 1
-128 -6 0 2
-128 -6 1 1
-127 -8 -1 1
-127 -8 0 2
-127 -8 1 1
-126 -8 -1 1
-126 -8 0 1
-126 -8 1 1
-106 -11 8 1
-138 -7 5 0
-138 -7 6 0
-137 -8 5 0
-137 -8 6 0
-136 -8 5 0
-136 -8 6 0
-136 -9 6 0
-136 -7 7 0
-137 -8 2 1
-137 -8 3 2
-137 -8 4 1
-137 -7 2 1
-137 -7 3 1
-137 -7 4 1
-136 -8 2 1
-136 -8 3 1
-136 -8 4 1
-106 -11 7 2
-106 -11 6 2
-106 -12 8 1
-106 -12 7 1
-106 -12 6 1
-101 -12 7 1
-101 -12 6 1
-103 -12 8 1
-103 -12 6 1
-103 -13 8 1
-103 -13 7 1
-103 -13 6 1
-104 -11 7 1
-104 -11 6 1
-104 -12 8 1
-104 -12 6 1
-104 -13 8 1
-104 -13 7 1
-104 -13 6 1
-105 -11 8 1
-105 -11 7 2
-105 -11 6 1
-105 -12 8 1
-105 -12 7 1
-105 -12 6 1
-105 -13 8 2
-123 -4 3 2
-123 -4 2 1
-104 -12 7 2
-131 -8 3 1
-140 -2 4 1
-130 -9 3 1
-108 -10 4 2
-108 -10 5 1
-108 -9 4 1
-108 -9 5 2
-107 -10 4 1
-102 -3 5 2
-102 -3 6 2
-102 -3 7 2
-102 -2 5 2
-102 -2 6 2
-102 -2 7 2
-102 -1 5 1
-102 -1 6 1
-102 -1 7 1
-133 -5 3 1
-134 -9 3 2
-135 -10 2 1
-135 -10 3 1
-135 -10 4 1
-135 -9 2 1
-135 -9 3 1
-135 -9 4 1
-134 -10 2 1
-134 -10 3 2
-134 -10 4 1
-145 -7 5 0
-134 -9 4 1
-145 -7 6 0
-145 -7 4 1
-133 -10 4 1
-133 -9 2 2
-103 -5 6 2
-129 -6 2 0
-104 -6 6 1
-128 -6 5 0
-132 -6 2 2
-127 -17 4 0
-127 -17 5 0
-127 -16 4 0
-127 -16 5 0
-129 -15 4 0
-129 -18 4 0
-129 -18 5 0
-130 -19 5 0
-129 -19 4 0
-129 -19 5 0
-130 -8 2 1
-130 -7 2 1
-129 -17 6 0
-128 -18 0 1
-128 -18 1 2
-128 -18 2 1
-128 -17 0 1
-128 -17 1 1
-128 -17 2 1
-128 -16 0 1
-128 -16 1 1
-128 -16 2 1
-147 -25 9 0
-147 -25 8 0
-149 -24 7 0
-148 -24 7 0
-149 -24 9 0
-149 -24 8 0
-148 -24 8 0
-149 -23 7 0
-148 -23 7 0
-149 -23 9 0
-149 -23 8 0
-148 -23 8 0
-149 -22 7 0
-149 -22 9 0
-149 -21 8 0
-147 -21 9 0
-146 -23 9 0
-120 -25 7 1
-120 -24 7 1
-120 -23 7 2
-120 -25 8 1
-120 -24 8 1
-120 -23 8 1
-120 -26 7 0
-121 -27 7 1
-146 -22 6 0
-120 -28 7 1
-122 -30 4 1
-146 -22 10 0
-146 -22 9 0
-122 -30 5 1
-122 -30 6 1
-121 -30 4 1
-121 -30 5 1
-121 -30 6 1
-120 -30 4 1
-120 -30 5 1
-120 -30 6 1
-119 -29 6 1
-119 -29 7 0
-119 -29 5 1
-119 -27 8 0
-121 -24 8 1
-121 -23 8 1
-121 -22 8 1
-120 -22 8 1
-119 -22 8 1
-122 -23 7 1
-145 -24 7 0
-145 -23 7 0
-144 -24 8 0
-103 -2 2 1
-102 -1 3 1
-101 -1 3 1
-102 -1 2 0
-145 -23 8 0
-146 -24 7 0
-146 -24 8 0
-147 -24 7 0
-147 -23 7 0
-147 -24 8 0
-147 -23 8 0
-124 -5 21 0
-121 -3 24 1
-121 -3 23 1
-122 -3 24 1
-122 -3 23 1
-123 -3 24 1
-123 -3 23 1
-124 -6 21 0
-122 -4 20 2
-123 -3 22 1
-123 -3 21 1
-123 -3 20 1
-123 -4 20 1
-121 -5 20 1
-121 -6 20 1
-121 -7 20 1
-122 -5 20 1
-122 -6 20 2
-122 -7 20 1
-108 -11 1 1
-108 -11 2 1
-108 -11 3 1
-107 -11 1 1
-107 -11 2 1
-107 -11 3 1
-107 -10 1 1
-107 -10 2 1
-107 -10 3 1
-107 -9 1 1
-107 -9 2 1
-107 -9 3 1
-111 -12 2 1
-112 -13 2 2
-112 -12 2 2
-111 -13 2 1
-110 -13 2 2
-110 -12 2 1
-112 -11 0 1
-111 -11 0 1
-110 -11 0 1
-123 -5 20 1
-123 -6 20 1
-123 -7 20 1
-124 -7 20 0
-124 -9 22 0
-124 -8 22 0
-126 -8 22 0
-126 -7 22 0
-125 -7 22 0
-126 -5 23 0
-126 -5 22 0
-125 -6 22 0
-124 -5 22 0
-124 -6 22 0
-123 -7 22 1
-123 -7 21 1
-123 -8 22 1
-123 -8 21 1
-124 -7 21 0
-123 -8 23 1
-124 -8 23 0
-126 -8 23 0
-125 -8 23 0
-125 -7 23 0
-126 -6 23 0
-124 -6 23 0
-121 -4 21 1
-143 -7 5 0
-121 -5 21 1
-142 -7 5 0
-122 -4 21 2
-143 -7 6 0
-143 -7 4 1
-144 -6 5 0
-143 -5 5 0
-143 -6 6 0
-143 -6 4 1
-146 -6 6 0
-145 -8 5 0
-144 -9 5 0
-144 -9 6 0
-144 -9 4 1
-143 -8 5 0
-143 -8 6 0
-143 -8 4 1
-144 -7 7 0
-144 -7 3 2
-144 -8 2 1
-144 -8 3 1
-144 -7 2 1
-144 -6 2 1
-144 -6 3 2
-144 -6 4 1
-143 -8 2 1
-143 -8 3 1
-143 -7 2 1
-143 -7 3 1
-143 -6 2 1
-143 -6 3 1
-122 -5 21 1
-123 -4 21 1
-123 -5 21 1
-123 -6 21 1
-120 -6 21 1
-120 -7 21 1
-120 -8 21 1
-121 -6 21 1
-121 -7 21 1
-121 -8 21 1
-122 -6 21 2
-122 -7 21 1
-122 -8 21 1
-123 -7 23 1
-124 -7 22 0
-123 -9 23 0
-123 -9 24 0
-124 -9 23 0
-125 -9 23 0
-126 -9 24 0
-126 -7 23 0
-125 -6 23 0
-126 -6 24 0
-124 -5 23 0
-121 -4 22 1
-121 -5 22 1
-122 -4 22 2
-122 -5 22 2
-123 -4 22 1
-123 -5 22 1
-123 -6 22 1
-120 -6 22 1
-120 -7 22 1
-120 -8 22 1
-121 -6 22 1
-121 -7 22 2
-121 -8 22 1
-122 -6 22 2
-122 -7 22 2
-122 -8 22 1
-150 -30 16 1
-150 -29 16 1
-150 -28 16 1
-124 -9 24 0
-124 -8 24 0
-124 -8 25 0
-125 -8 24 0
-126 -9 25 0
-125 -8 25 0
-126 -7 24 0
-125 -7 24 0
-125 -6 24 0
-125 -7 25 0
-125 -6 25 0
-124 -5 24 0
-124 -6 24 0
-124 -6 25 0
-121 -4 23 1
-121 -5 23 1
-122 -4 23 2
-122 -5 23 2
-123 -4 23 1
-123 -5 23 1
-123 -6 23 1
-150 -31 12 1
-150 -31 13 1
-150 -31 14 1
-120 -8 23 1
-121 -6 23 1
-121 -7 23 2
-121 -8 23 1
-150 -31 15 1
-150 -31 16 1
-122 -8 23 1
-121 -4 38 1
-121 -4 39 1
-121 -4 40 1
-123 -4 41 1
-122 -4 41 1
-121 -4 41 1
-123 -6 37 1
-124 -7 37 0
-123 -8 37 1
-123 -7 37 1
-123 -8 36 1
-123 -7 36 1
-123 -6 36 1
-122 -8 36 1
-122 -7 36 2
-122 -6 36 2
-121 -8 36 1
-121 -7 36 1
-121 -6 36 1
-124 -6 38 0
-123 -5 36 1
-123 -4 36 1
-122 -5 36 1
-122 -4 36 2
-121 -5 36 1
-121 -4 36 1
-124 -5 37 0
-126 -5 38 0
-126 -5 37 0
-122 -17 2 2
-122 -16 2 2
-122 -15 2 1
-121 -17 2 1
-121 -16 2 2
-121 -15 2 2
-125 -16 2 0
-125 -7 38 0
-126 -7 37 0
-125 -8 38 0
-126 -8 38 0
-126 -8 37 0
-124 -9 37 0
-124 -7 36 0
-123 -8 35 1
-123 -7 35 1
-123 -6 35 1
-124 -7 25 0
-124 -9 26 0
-121 -3 37 1
-124 -8 27 0
-126 -8 26 0
-125 -8 28 0
-126 -8 27 0
-125 -8 27 0
-126 -7 26 0
-126 -7 27 0
-125 -7 27 0
-126 -5 27 0
-121 -7 25 2
-123 -8 25 1
-126 -8 28 0
-126 -7 29 0
-126 -7 28 0
-120 -17 3 1
-120 -17 4 1
-120 -17 5 1
-120 -16 3 1
-120 -16 4 1
-120 -16 5 1
-120 -15 3 1
-120 -15 4 1
-120 -15 5 1
-125 -14 3 0
-126 -15 3 0
-127 -16 3 0
-125 -7 28 0
-126 -5 28 0
-125 -6 28 0
-124 -5 28 0
-121 -4 26 1
-121 -5 26 1
-122 -4 26 1
-122 -5 26 2
-123 -4 26 1
-123 -5 26 1
-121 -6 26 1
-121 -7 26 2
-121 -8 26 1
-122 -6 26 1
-133 -3 4 0
-135 -1 7 0
-123 -6 26 1
-124 -16 3 1
-124 -15 3 0
-124 -14 3 0
-124 -14 4 0
-125 -15 3 0
-126 -16 3 0
-124 -16 0 2
-125 -17 -1 1
-125 -17 0 1
-125 -17 1 1
-125 -16 -1 1
-125 -16 0 1
-125 -16 1 1
-125 -15 -1 1
-125 -15 0 1
-125 -15 1 1
-124 -17 -1 1
-124 -17 0 1
-124 -17 1 1
-124 -16 -1 1
-124 -16 1 1
-124 -15 -1 1
-124 -15 0 2
-124 -15 1 1
-123 -17 -1 1
-123 -17 0 1
-123 -17 1 1
-123 -16 -1 1
-123 -16 0 1
-123 -16 1 1
-123 -15 -1 1
-123 -15 0 2
-123 -15 1 1
-124 -16 2 1
-123 -7 26 1
-123 -8 26 1
-121 -8 30 1
-122 -8 30 1
-125 -1 2 1
-126 -1 3 1
-121 -8 27 1
-128 -1 0 1
-122 -8 28 1
-128 -1 1 1
-122 -17 1 1
-122 -16 1 1
-122 -15 1 1
-121 -17 1 1
-121 -16 1 1
-121 -15 1 1
-124 -14 2 1
-126 -15 2 0
-126 -16 2 0
-126 -17 2 0
-124 -18 2 1
-123 -8 28 1
-123 -8 27 1
-124 -6 27 0
-123 -8 29 1
-126 -1 0 1
-126 -1 1 1
-126 -8 29 0
-125 -7 29 0
-126 -6 29 0
-126 -5 29 0
-125 -6 29 0
-124 -4 29 0
-127 -2 1 2
-128 -3 0 1
-128 -3 1 1
-128 -3 2 1
-128 -2 0 1
-128 -2 1 1
-128 -2 2 1
-127 -3 0 1
-120 -17 2 1
-120 -16 2 1
-120 -15 2 1
-120 -17 1 1
-120 -16 1 1
-120 -15 1 1
-123 -14 3 0
-123 -14 4 0
-123 -14 2 1
-124 -15 2 1
-126 -14 3 0
-125 -15 2 0
-125 -14 2 0
-125 -17 2 0
-124 -17 2 1
-123 -18 2 1
-122 -18 2 1
-124 -18 1 1
-123 -18 1 1
-122 -18 1 1
-121 -6 28 1
-121 -7 28 1
-122 -5 28 2
-122 -6 28 2
-122 -7 28 2
-123 -5 28 1
-123 -6 28 1
-123 -7 28 1
-124 -6 28 0
-122 -14 2 1
-122 -14 3 1
-122 -14 4 1
-121 -14 2 2
-121 -14 3 2
-121 -14 4 2
-120 -14 2 2
-120 -14 3 2
-120 -14 4 2
-122 -14 5 1
-121 -14 5 1
-120 -14 5 1
-122 -14 1 1
-121 -14 1 1
-120 -14 1 2
-124 -13 3 0
-124 -6 29 0
-124 -13 2 1
-121 -18 2 1
-121 -18 1 1
-125 -14 -1 1
-125 -14 0 1
-125 -14 1 1
-124 -14 -1 1
-124 -14 0 1
-124 -14 1 1
-123 -14 -1 1
-123 -14 0 2
-123 -14 1 2
-123 -8 31 0
-123 -8 30 1
-124 -8 31 0
-121 -26 0 1
-122 -26 0 1
-120 -27 1 1
-120 -28 1 1
-120 -29 1 1
-104 -37 7 0
-104 -38 7 1
-120 -29 6 1
-120 -29 5 1
-121 -29 6 1
-121 -29 5 2
-122 -29 6 2
-122 -29 5 1
-125 -1 3 1
-125 -1 4 1
-120 -29 4 1
-120 -29 3 1
-120 -29 2 1
-121 -29 4 2
-121 -29 3 1
-136 -1 4 0
-136 -1 5 0
-134 -1 4 0
-122 -5 29 1
-103 -1 2 0
-103 -1 3 1
-105 -5 8 1
-123 -6 29 1
-105 -6 9 0
-112 -33 5 1
-112 -33 6 1
-126 -2 -1 1
-126 -1 -1 1
-112 -32 6 1
-112 -31 4 1
-108 -2 7 0
-112 -31 6 1
-114 -33 3 1
-114 -32 3 1
-123 -3 0 1
-123 -3 1 1
-123 -2 0 1
-123 -2 1 1
-123 -1 0 1
-123 -1 1 1
-122 -1 0 1
-122 -1 1 2
-124 -6 31 0
-121 -5 30 1
-121 -6 30 1
-121 -7 30 1
-122 -5 30 2
-122 -6 30 2
-122 -7 30 1
-123 -5 30 1
-123 -6 30 1
-123 -7 30 1
-121 -27 6 1
-121 -26 6 1
-120 -28 4 2
-119 -5 -1 1
-120 -28 6 1
-120 -8 1 1
-121 -6 3 1
-121 -6 2 1
-121 -6 1 1
-121 -7 3 2
-121 -7 2 2
-121 -7 1 2
-120 -27 3 1
-120 -26 3 1
-119 -27 5 1
-119 -27 6 1
-119 -5 1 1
-101 -1 4 1
-118 -7 1 1
-124 -3 31 1
-134 -10 1 1
-118 -7 3 1
-129 -22 0 1
-118 -6 1 2
-131 -20 1 1
-121 -22 4 2
-122 -23 3 1
-122 -23 4 1
-122 -23 5 1
-121 -23 3 1
-121 -23 4 2
-121 -23 5 2
-121 -22 3 1
-121 -22 5 2
-118 -6 3 2
-121 -21 3 1
-121 -21 4 2
-121 -21 5 1
-120 -23 3 1
-120 -23 4 2
-120 -23 5 2
-120 -22 3 1
-120 -22 4 2
-120 -22 5 1
-118 -5 1 1
-125 -6 3 0
-125 -6 2 0
-119 -7 4 1
-124 -7 3 0
-125 -7 3 0
-125 -7 2 0
-119 -6 4 1
-123 -8 3 0
-123 -7 2 0
-123 -8 2 0
-118 -7 4 1
-122 -9 2 1
-120 -21 6 1
-122 -9 3 1
-122 -9 4 1
-121 -9 2 1
-121 -20 6 1
-125 -24 4 2
-126 -25 3 1
-126 -25 4 1
-120 -9 4 1
-124 -7 -1 1
-124 -7 0 1
-124 -7 1 1
-124 -6 -1 1
-137 -1 6 0
-122 -6 31 2
-137 -2 7 0
-139 -1 6 0
-125 -25 5 2
-123 -28 2 1
-123 -28 3 1
-123 -28 4 1
-123 -27 2 1
-122 -28 2 1
-122 -27 2 2
-121 -28 2 2
-121 -27 2 1
-121 -26 2 1
-123 -28 5 1
-123 -28 1 1
-123 -27 1 1
-122 -28 1 1
-122 -27 1 1
-121 -28 1 1
-121 -27 1 1
-121 -26 1 2
-125 -23 2 1
-124 -25 2 2
-124 -24 2 2
-124 -23 2 1
-123 -25 4 2
-124 -26 3 1
-124 -26 4 1
-124 -26 5 1
-123 -26 3 2
-123 -26 4 2
-123 -26 5 2
-102 -2 2 1
-121 -21 2 1
-101 -4 2 1
-120 -3 5 1
-101 -3 2 1
-101 -2 2 1
-117 -21 3 1
-117 -21 2 1
-126 -18 0 1
-118 -21 3 1
-118 -21 2 1
-126 -18 1 1
-119 -21 3 1
-106 -33 9 1
-106 -33 10 1
-106 -33 8 1
-107 -32 10 1
-106 -32 9 2
-106 -32 10 2
-106 -31 10 2
-106 -30 10 1
-105 -32 9 1
-105 -32 10 1
-105 -31 9 1
-105 -31 10 1
-105 -30 9 1
-105 -30 10 1
-107 -32 11 1
-106 -32 11 1
-106 -31 11 1
-106 -30 11 1
-105 -32 11 1
-105 -31 11 1
-105 -30 11 1
-110 -33 10 0
-110 -34 9 0
-109 -34 10 0
-110 -34 8 1
-108 -34 9 0
-108 -35 9 0
-108 -35 10 0
-108 -35 8 1
-107 -34 9 0
-107 -34 10 0
-107 -34 8 0
-108 -33 10 0
-108 -33 11 0
-108 -33 7 0
-118 -29 5 0
-118 -29 6 0
-116 -28 6 0
-118 -27 7 1
-119 -28 0 1
-119 -28 1 1
-118 -28 0 1
-118 -28 1 1
-117 -28 0 1
-117 -28 1 1
-122 -6 2 1
-122 -6 3 1
-122 -8 4 1
-115 -29 3 2
-115 -29 4 1
-115 -28 2 1
-115 -27 2 1
-115 -27 3 1
-114 -29 2 1
-114 -29 3 1
-114 -28 2 1
-114 -28 3 1
-114 -28 4 1
-114 -27 2 1
-114 -27 3 1
-114 -27 4 1
-122 -7 31 1
-123 -5 31 1
-123 -6 31 1
-123 -7 31 1
-124 -6 33 0
-125 -18 3 1
-125 -18 4 1
-125 -18 5 1
-124 -20 3 1
-114 -24 4 2
-114 -24 5 1
-114 -24 6 1
-116 -6 3 2
-116 -5 1 2
-116 -5 2 2
-116 -5 3 1
-116 -6 4 2
-116 -5 4 1
-116 -6 0 2
-116 -5 0 1
-115 -46 6 0
-115 -47 6 0
-113 -47 5 2
-114 -48 4 1
-114 -3 -1 1
-114 -48 5 1
-114 -48 6 1
-114 -47 4 1
-114 -47 5 1
-114 -47 6 1
-114 -46 4 1
-114 -46 5 1
-114 -46 6 1
-113 -48 4 1
-113 -48 5 2
-113 -48 6 1
-113 -47 4 2
-113 -47 6 2
-113 -46 4 1
-113 -46 5 2
-113 -46 6 2
-112 -48 4 2
-112 -48 5 2
-112 -48 6 1
-112 -47 4 1
-112 -47 5 2
-112 -47 6 2
-112 -46 4 1
-112 -46 5 1
-112 -46 6 1
-114 -48 3 2
-114 -47 3 1
-114 -46 3 1
-113 -48 3 1
-113 -47 3 1
-113 -46 3 1
-112 -48 3 1
-112 -47 3 1
-112 -46 3 1
-115 -45 7 0
-115 -45 3 2
-116 -46 2 1
-116 -46 3 1
-116 -46 4 1
-116 -45 2 1
-116 -45 3 1
-116 -45 4 1
-115 -46 2 1
-115 -46 3 2
-115 -46 4 1
-115 -45 2 1
-115 -45 4 1
-114 -46 2 1
-114 -45 2 1
-114 -45 3 1
-114 -45 4 1
-113 -14 1 1
-113 -14 2 1
-113 -14 3 1
-112 -14 1 2
-112 -14 2 2
-112 -14 3 2
-113 -14 4 2
-112 -14 4 2
-111 -14 4 2
-110 -15 0 1
-145 -10 2 1
-110 -15 1 1
-110 -15 2 2
-110 -14 0 1
-110 -13 0 1
-109 -15 0 1
-109 -15 1 1
-109 -15 2 1
-109 -14 0 1
-109 -13 0 1
-108 -15 0 1
-108 -15 1 1
-108 -15 2 1
-108 -14 0 1
-108 -13 0 1
-112 -13 0 1
-111 -13 0 1
-109 -4 1 2
-101 -33 4 2
-115 -26 7 1
-119 -48 2 0
-119 -48 3 0
-119 -48 1 1
-120 -47 4 1
-120 -46 4 1
-120 -45 4 1
-120 -48 4 1
-120 -49 -1 1
-120 -48 -1 1
-120 -48 0 1
-120 -47 -1 1
-117 -28 6 0
-124 -3 34 1
-124 -3 33 1
-124 -4 34 1
-124 -4 33 1
-124 -5 34 1
-124 -5 33 1
-121 -5 32 1
-121 -6 32 1
-113 -40 6 0
-113 -40 7 0
-114 -38 7 0
-121 -7 32 1
-115 -38 7 0
-115 -40 8 0
-122 -5 32 1
-143 -10 4 1
-143 -10 5 0
-143 -10 3 1
-107 -13 3 1
-107 -13 4 1
-107 -12 3 1
-111 -15 1 1
-111 -15 2 2
-111 -15 3 2
-110 -15 3 2
-109 -15 3 1
-108 -15 3 1
-122 -6 32 2
-122 -7 32 1
-123 -5 32 1
-123 -6 32 1
-123 -7 32 1
-116 -29 3 2
-116 -29 4 1
-115 -29 2 1
-119 -21 2 1
-119 -46 2 1
-119 -46 3 1
-119 -46 1 1
-102 -12 8 1
-118 -23 1 1
-126 -20 1 2
-101 -12 8 1
-119 -22 2 2
-119 -22 1 1
-113 -39 6 1
-113 -39 7 1
-115 -37 7 0
-130 -5 3 0
-115 -39 8 0
-113 -45 4 1
-112 -45 4 1
-112 -45 5 2
-130 -7 4 0
-130 -8 3 1
-130 -8 4 0
-128 -9 3 0
-128 -8 4 0
-128 -9 4 0
-128 -7 5 0
-129 -8 -1 1
-129 -8 0 1
-129 -8 1 1
-129 -7 -1 1
-129 -7 0 2
-129 -7 1 1
-129 -6 -1 1
-129 -6 0 1
-124 -22 4 1
-113 -38 6 1
-113 -38 7 1
-113 -38 5 1
-124 -21 2 1
-114 -37 6 1
-114 -37 7 1
-114 -36 7 1
-114 -35 7 1
-124 -19 1 1
-113 -37 7 1
-113 -36 7 2
-113 -35 7 1
-112 -37 7 2
-116 -37 7 0
-117 -38 7 0
-115 -38 8 0
-114 -37 2 1
-114 -37 3 1
-114 -37 4 1
-112 -15 4 2
-111 -15 4 2
-112 -16 3 2
-113 -12 7 1
-112 -16 4 2
-112 -16 5 1
-112 -15 5 1
-112 -14 5 1
-111 -16 3 2
-111 -16 4 2
-111 -16 5 1
-111 -15 5 1
-111 -14 5 1
-110 -16 3 1
-110 -16 4 1
-110 -16 5 1
-110 -15 4 1
-110 -15 5 1
-111 -16 1 2
-112 -17 0 1
-110 -14 9 1
-112 -17 1 1
-112 -38 6 2
-112 -39 5 1
-112 -39 6 1
-112 -39 7 1
-112 -38 5 2
-112 -38 7 1
-111 -39 5 1
-111 -39 6 1
-111 -39 7 1
-111 -38 5 1
-111 -38 6 1
-111 -38 7 1
-111 -37 7 1
-113 -39 4 1
-110 -16 0 1
-110 -16 1 1
-110 -16 2 1
-109 -15 4 1
-109 -16 1 1
-109 -16 2 1
-109 -16 3 1
-112 -14 0 1
-111 -14 0 1
-121 -14 45 1
-121 -14 46 1
-121 -14 47 1
-120 -16 45 1
-122 -22 0 1
-120 -16 46 1
-120 -16 47 1
-120 -15 45 1
-120 -15 46 1
-120 -15 47 1
-120 -14 45 1
-120 -14 46 1
-120 -14 47 1
-122 -14 48 1
-122 -14 49 1
-120 -16 44 1
-120 -15 44 1
-120 -14 44 1
-124 -13 46 0
-124 -13 47 0
-125 -14 46 0
-126 -14 46 0
-125 -14 47 0
-126 -6 35 0
-114 -26 5 1
-113 -28 4 1
-114 -28 6 0
-113 -28 5 0
-114 -28 5 0
-104 -6 5 1
-112 -7 4 2
-132 -6 5 0
-111 -4 5 1
-137 -4 5 0
-136 -3 4 1
-108 -6 4 1
-127 -17 1 1
-110 -29 1 1
-105 -1 6 1
-119 -23 2 1
-119 -23 1 1
-119 -23 0 1
-119 -24 2 1
-119 -24 1 1
-119 -24 0 1
-119 -25 2 1
-119 -25 1 2
-119 -25 0 1
-119 -26 5 1
-119 -26 4 1
-120 -26 5 1
-120 -26 4 1
-121 -25 3 1
-121 -26 5 1
-121 -26 3 1
-121 -27 5 2
-121 -27 4 2
-121 -27 3 2
-122 -27 5 2
-122 -27 4 2
-122 -27 3 2
-123 -27 5 1
-123 -27 4 1
-123 -27 3 1
-117 -23 6 1
-117 -24 6 1
-117 -25 6 2
-117 -23 5 1
-117 -23 4 1
-117 -23 3 2
-117 -24 5 1
-117 -24 4 1
-117 -24 3 2
-117 -25 5 2
-117 -25 4 2
-117 -25 3 1
-106 -1 3 2
-106 -1 2 1
-137 -13 2 1
-138 -13 3 1
-107 -9 4 1
-107 -10 5 1
-131 -7 4 0
-111 -1 4 0
-110 -1 5 1
-131 -7 3 1
-131 -6 4 0
-110 -1 6 1
-131 -5 3 1
-130 -5 4 0
-130 -6 3 1
-110 -1 4 1
-113 -8 5 1
-139 -1 7 0
-139 -1 5 0
-114 -7 5 1
-105 -11 5 1
-105 -4 4 2
-105 -12 5 1
-125 -18 6 1
-106 -11 5 1
-123 -18 6 2
-106 -12 5 1
-126 -22 5 0
-125 -22 4 1
-125 -22 5 1
-121 -25 2 1
-121 -25 1 2
-121 -25 0 1
-122 -25 1 2
-120 -21 4 1
-120 -21 3 2
-109 -1 6 1
-109 -2 5 1
-111 -2 6 1
-111 -2 5 1
-112 -4 6 2
-112 -4 5 2
-112 -4 4 2
-113 -4 6 1
-113 -4 5 1
-113 -4 4 2
-114 -4 6 1
-114 -4 5 1
-127 -6 -1 1
-114 -4 4 2
-112 -1 3 1
-113 -1 3 2
-120 -23 2 1
-120 -23 1 1
-120 -23 0 1
-120 -24 2 1
-120 -24 1 2
-120 -24 0 1
-120 -25 2 1
-120 -25 1 2
-120 -25 0 1
-116 -27 2 1
-116 -28 4 1
-116 -28 3 2
-116 -28 2 1
-122 -25 0 1
-121 -25 5 1
-118 -28 3 2
-118 -28 2 1
-117 -27 7 1
-115 -28 4 1
-115 -28 6 0
-115 -28 5 0
-116 -28 5 0
-117 -29 4 1
-117 -28 4 1
-117 -29 6 0
-117 -29 5 0
-117 -28 5 0
-116 -27 3 1
-117 -27 3 2
-118 -27 3 1
-116 -27 6 1
-118 -27 6 1
-115 -25 4 2
-115 -26 6 1
-115 -25 5 2
-115 -27 4 1
-116 -27 4 1
-115 -27 6 1
-114 -1 3 2
-126 -6 4 0
-128 -8 2 0
-112 -1 8 1
-112 -1 7 1
-127 -7 3 0
-128 -6 2 0
-106 -34 3 0
-106 -34 4 0
-106 -34 7 0
-104 -35 6 0
-104 -35 5 0
-105 -35 5 0
-106 -36 6 0
-106 -35 6 0
-106 -36 5 0
-107 -35 4 1
-107 -35 3 1
-113 -1 8 1
-128 -6 3 0
-128 -5 2 0
-127 -5 4 0
-101 -35 4 1
-112 -12 46 1
-111 -14 46 1
-111 -13 46 2
-111 -12 46 1
-110 -14 46 1
-110 -13 46 1
-110 -12 46 1
-113 -17 47 1
-113 -16 47 2
-113 -15 47 1
-112 -15 47 1
-111 -17 47 1
-111 -16 47 1
-111 -15 47 1
-113 -18 47 1
-112 -18 47 1
-111 -18 47 1
-111 -16 46 1
-126 -6 37 0
-126 -6 36 0
-126 -5 35 0
-125 -6 36 0
-124 -4 35 1
-124 -4 37 0
-124 -4 36 1
-121 -3 34 1
-121 -4 34 1
-122 -3 34 1
-109 -16 49 0
-110 -16 47 0
-109 -16 47 0
-110 -15 47 0
-113 -18 46 1
-113 -17 46 1
-113 -16 46 2
-112 -18 46 1
-112 -17 46 2
-112 -16 46 2
-111 -18 46 1
-111 -17 46 1
-110 -17 47 0
-122 -4 34 2
-123 -3 34 1
-123 -4 34 2
-121 -5 34 1
-114 -17 46 1
-114 -17 47 1
-114 -16 46 2
-114 -16 47 2
-114 -15 46 1
-114 -15 47 1
-113 -15 46 1
-112 -15 46 1
-110 -17 48 0
-111 -16 45 1
-121 -6 34 1
-121 -7 34 1
-122 -5 34 1
-122 -6 34 2
-122 -7 34 1
-123 -5 34 1
-123 -6 34 1
-123 -7 34 1
-124 -6 36 0
-124 -7 35 0
-124 -8 36 0
-124 -8 37 0
-126 -8 36 0
-126 -7 36 0
-125 -7 37 0
-126 -5 36 0
-125 -6 37 0
-124 -5 36 1
-121 -3 35 1
-121 -4 35 1
-121 -5 35 1
-122 -3 35 1
-122 -4 35 2
-122 -5 35 1
-115 -17 46 1
-115 -17 47 1
-115 -16 46 2
-115 -16 47 2
-115 -15 46 1
-115 -15 47 1
-115 -17 45 1
-115 -16 45 1
-115 -15 45 1
-114 -17 45 1
-114 -16 45 2
-114 -15 45 1
-113 -17 45 1
-113 -16 45 1
-113 -15 45 1
-123 -3 35 1
-123 -4 35 2
-123 -5 35 1
-121 -3 40 1
-121 -3 39 1
-122 -3 40 1
-122 -3 39 1
-123 -3 40 1
-123 -3 39 1
-124 -6 37 0
-121 -3 38 1
-114 -43 7 0
-124 -9 27 0
-116 -43 7 0
-117 -44 6 0
-117 -44 7 0
-117 -44 5 0
-115 -44 8 0
-121 -3 36 1
-122 -3 38 1
-122 -3 37 1
-122 -3 36 1
-123 -3 38 1
-123 -3 37 1
-123 -3 36 1
-123 -48 2 1
-123 -48 3 1
-124 -47 2 1
-124 -47 3 1
-124 -47 1 1
-124 -46 1 1
-120 -8 25 1
-120 -8 26 1
-120 -8 27 1
-120 -7 25 1
-120 -7 26 1
-120 -7 27 1
-120 -6 25 1
-120 -6 26 1
-120 -6 27 1
-120 -8 28 1
-120 -7 28 1
-120 -6 28 1
-122 -8 24 1
-122 -7 24 2
-122 -6 24 1
-121 -8 24 1
-121 -7 24 2
-121 -6 24 1
-120 -8 24 1
-120 -7 24 1
-120 -6 24 1
-124 -6 26 0
-123 -6 24 1
-123 -5 24 1
-123 -4 24 1
-122 -5 24 2
-122 -4 24 1
-121 -5 24 1
-121 -4 24 1
-124 -5 25 0
-125 -6 26 0
-126 -6 25 0
-125 -7 26 0
-126 -7 25 0
-125 -8 26 0
-126 -8 25 0
-124 -8 26 0
-124 -9 25 0
-124 -7 24 0
-122 -49 0 1
-122 -49 1 1
-122 -49 2 2
-124 -49 -1 1
-124 -48 -1 1
-124 -48 0 2
-124 -47 -1 1
-124 -47 0 1
-111 -13 11 1
-111 -14 11 1
-111 -14 10 1
-111 -15 11 1
-111 -15 10 1
-112 -13 11 1
-112 -14 11 1
-112 -15 11 2
-112 -15 10 2
-113 -13 11 1
-113 -13 10 1
-113 -14 11 1
-113 -14 10 1
-113 -15 11 1
-113 -15 10 1
-112 -14 10 2
-110 -13 10 1
-111 -13 10 1
-112 -13 10 2
-110 -13 9 1
-110 -13 8 1
-110 -13 7 1
-113 -43 7 0
-114 -41 7 0
-129 -6 1 1
-115 -41 7 0
-114 -44 7 0
-115 -43 8 0
-107 -30 6 2
-113 -15 7 1
-112 -14 8 2
-109 -11 10 0
-110 -12 11 1
-110 -12 10 1
-111 -12 11 1
-111 -12 10 1
-135 -14 4 1
-135 -14 5 0
-134 -13 4 1
-133 -13 5 0
-135 -12 6 0
-136 -13 1 1
-136 -13 2 1
-136 -13 3 2
-135 -13 1 1
-135 -13 2 1
-135 -13 3 1
-134 -13 1 1
-134 -13 2 2
-134 -13 3 1
-112 -12 11 1
-112 -12 10 1
-110 -10 11 1
-110 -11 11 1
-110 -11 10 1
-111 -10 11 1
-118 -24 8 1
-119 -27 7 0
-112 -10 11 1
-119 -28 7 0
-117 -29 7 0
-107 -9 10 0
-108 -9 10 0
-110 -11 9 1
-110 -12 9 1
-111 -11 9 2
-118 -8 0 1
-118 -8 1 1
-111 -12 9 2
-112 -11 9 1
-112 -12 9 1
-109 -11 4 1
-109 -12 4 1
-110 -11 4 1
-110 -12 4 1
-132 -13 4 0
-132 -13 5 0
-136 -14 4 1
-134 -14 4 0
-134 -15 4 0
-134 -14 5 0
-134 -15 5 0
-133 -14 4 0
-133 -14 5 0
-134 -13 6 0
-135 -14 1 1
-135 -14 2 2
-135 -14 3 1
-134 -14 1 1
-134 -14 2 2
-134 -14 3 1
-133 -14 1 2
-111 -31 4 0
-113 -29 6 0
-113 -29 7 0
-113 -29 4 1
-113 -29 3 1
-126 -21 6 0
-123 -19 8 1
-124 -19 8 1
-125 -19 8 1
-123 -19 7 1
-124 -19 7 2
-125 -19 7 1
-125 -21 8 1
-125 -22 8 1
-125 -20 7 1
-125 -21 7 1
-125 -22 7 1
-122 -20 8 1
-123 -20 8 1
-123 -21 8 1
-123 -22 8 1
-124 -20 8 1
-124 -21 8 1
-124 -22 8 1
-107 -2 5 1
-120 -21 8 1
-121 -21 8 1
-122 -21 8 1
-120 -21 7 1
-121 -21 7 1
-126 -24 8 1
-126 -24 7 1
-126 -24 6 1
-126 -25 8 1
-126 -25 7 2
-126 -25 6 1
-107 -2 7 0
-110 -3 7 1
-126 -26 7 1
-126 -26 6 1
-122 -20 7 1
-125 -26 8 1
-125 -27 8 1
-138 -10 4 1
-134 -17 7 0
-138 -9 4 1
-136 -18 6 0
-137 -10 4 1
-135 -13 6 0
-136 -15 5 0
-136 -16 5 0
-136 -16 6 0
-136 -16 4 0
-135 -16 5 0
-135 -16 6 0
-135 -16 4 0
-136 -14 7 0
-137 -15 1 1
-137 -14 1 1
-137 -13 1 1
-136 -15 1 1
-136 -14 1 1
-123 -24 8 1
-110 -26 6 1
-110 -26 7 1
-111 -28 4 1
-113 -28 6 0
-114 -31 6 1
-114 -31 4 1
-113 -32 5 2
-114 -33 4 1
-120 -6 37 1
-120 -7 38 1
-120 -7 37 1
-120 -8 38 1
-120 -8 37 1
-121 -6 37 1
-121 -7 37 1
-121 -8 37 1
-116 -17 50 1
-122 -6 37 2
-130 -9 6 0
-117 -18 48 1
-117 -18 49 2
-117 -17 48 1
-117 -17 49 2
-117 -16 48 2
-117 -16 49 2
-116 -18 48 1
-116 -18 49 2
-116 -18 50 1
-116 -17 48 1
-116 -16 48 2
-116 -16 49 2
-116 -16 50 1
-115 -18 48 1
-122 -7 37 2
-115 -18 49 2
-115 -18 50 1
-115 -17 48 1
-115 -17 49 2
-115 -17 50 1
-115 -16 48 2
-115 -16 49 2
-115 -16 50 1
-117 -16 51 0
-118 -15 50 1
-118 -15 51 0
-118 -15 49 1
-121 -14 48 1
-121 -14 49 1
-121 -14 50 1
-120 -14 48 1
-120 -14 49 1
-120 -14 50 1
-119 -14 48 1
-119 -14 49 1
-119 -14 50 1
-119 -20 48 1
-119 -20 49 1
-119 -19 48 1
-119 -19 49 2
-118 -19 50 1
-118 -19 51 0
-118 -20 49 2
-119 -21 48 1
-122 -8 37 1
-119 -21 49 1
-119 -21 50 1
-118 -21 48 1
-118 -21 49 1
-118 -21 50 1
-118 -20 48 1
-118 -20 50 1
-118 -19 48 1
-118 -19 49 1
-117 -21 48 1
-117 -21 49 1
-117 -21 50 1
-117 -20 48 1
-117 -20 49 1
-117 -20 50 1
-117 -19 48 1
-117 -19 49 2
-117 -19 51 0
-116 -19 49 2
-116 -20 48 1
-116 -20 49 1
-116 -20 50 1
-116 -19 48 1
-116 -19 50 1
-115 -20 48 1
-115 -20 49 1
-115 -20 50 1
-115 -19 48 1
-115 -19 49 1
-115 -19 50 1
-118 -17 52 0
-125 -9 39 0
-126 -8 39 0
-125 -8 39 0
-125 -6 39 0
-125 -7 39 0
-125 -6 41 0
-135 -18 4 0
-124 -6 39 0
-124 -7 39 0
-121 -5 38 1
-135 -18 0 1
-135 -18 1 1
-135 -18 2 1
-134 -17 3 1
-123 -6 38 1
-121 -7 38 2
-121 -8 38 1
-121 -9 38 1
-122 -7 38 2
-122 -8 38 1
-122 -9 38 1
-123 -7 38 1
-123 -8 38 1
-123 -9 38 1
-124 -8 40 0
-124 -8 38 0
-124 -8 39 0
-124 -8 42 0
-124 -10 40 0
-126 -8 41 0
-126 -8 40 0
-125 -8 40 0
-124 -6 41 0
-124 -6 40 0
-121 -5 43 1
-121 -5 42 1
-122 -5 43 1
-122 -5 42 1
-123 -5 43 1
-123 -5 42 1
-121 -5 41 1
-121 -5 40 1
-121 -5 39 1
-122 -5 41 1
-122 -5 40 2
-122 -5 39 2
-123 -5 41 1
-123 -5 40 1
-123 -5 39 1
-120 -7 43 1
-120 -7 42 1
-120 -7 41 1
-120 -7 40 1
-120 -7 39 1
-124 -9 39 0
-124 -9 40 0
-124 -9 43 0
-124 -11 40 0
-125 -10 40 0
-125 -9 40 0
-126 -9 41 0
-125 -7 40 0
-125 -7 42 0
-125 -7 41 0
-124 -7 40 0
-124 -7 42 0
-124 -7 41 0
-124 -8 41 0
-121 -6 39 1
-122 -6 39 2
-123 -6 39 1
-121 -6 43 1
-122 -6 43 1
-123 -6 43 1
-121 -6 42 1
-121 -6 41 1
-121 -6 40 1
-122 -6 42 2
-122 -6 41 2
-122 -6 40 2
-123 -6 42 1
-123 -6 41 1
-123 -6 40 1
-123 -10 42 0
-120 -11 39 1
-121 -11 39 1
-125 -10 42 0
-123 -26 0 1
-125 -10 41 0
-124 -9 42 0
-124 -9 41 0
-123 -8 42 1
-123 -9 42 1
-123 -8 41 1
-123 -9 41 1
-120 -8 39 1
-120 -9 39 1
-120 -10 39 1
-121 -8 39 1
-121 -9 39 1
-121 -10 39 1
-122 -8 39 2
-122 -9 39 1
-122 -10 39 1
-120 -8 43 1
-121 -8 43 1
-122 -8 43 1
-120 -8 42 1
-120 -8 41 1
-120 -8 40 1
-121 -8 42 2
-121 -8 41 1
-121 -8 40 2
-122 -8 41 2
-122 -8 40 2
-124 -12 42 0
-123 -10 41 0
-122 -12 39 1
-121 -14 44 1
-122 -14 44 1
-123 -12 42 0
-124 -12 41 0
-123 -12 41 0
-116 -12 41 2
-115 -12 41 1
-114 -14 41 2
-114 -13 41 1
-114 -12 41 1
-116 -11 41 1
-115 -11 41 1
-118 -14 42 1
-116 -17 41 1
-116 -16 41 2
-123 -11 42 0
-123 -11 41 0
-123 -13 42 0
-120 -9 43 1
-121 -9 43 1
-122 -9 43 1
-120 -9 40 1
-121 -9 42 2
-146 -14 5 0
-146 -14 6 0
-146 -14 4 1
-148 -16 5 0
-121 -9 41 2
-148 -16 6 0
-148 -16 4 1
-147 -17 5 0
-147 -17 4 1
-145 -17 6 0
-146 -16 7 0
-147 -17 1 1
-147 -17 2 2
-147 -17 3 1
-147 -16 1 1
-147 -16 2 1
-147 -16 3 2
-147 -15 1 1
-147 -15 2 1
-147 -15 3 2
-119 -16 40 1
-119 -15 40 1
-119 -14 40 1
-118 -16 40 1
-118 -15 40 1
-118 -14 40 1
-117 -16 40 1
-115 -17 40 1
-115 -16 40 1
-114 -17 40 1
-105 -37 7 0
-104 -36 4 0
-113 -17 40 1
-113 -16 40 1
-113 -15 40 1
-126 -7 14 0
-125 -7 14 0
-125 -8 14 0
-125 -6 12 0
-118 -10 41 1
-114 -14 40 1
-114 -13 40 1
-113 -14 40 1
-113 -14 41 1
-113 -14 42 1
-113 -13 40 1
-113 -13 41 1
-113 -13 42 1
-116 -12 40 1
-115 -12 40 1
-114 -12 40 1
-116 -11 40 1
-115 -11 40 1
-116 -16 40 1
-117 -17 40 1
-116 -17 40 1
-142 -15 4 1
-142 -15 6 0
-139 -18 3 1
-139 -18 2 1
-140 -18 4 1
-140 -18 3 1
-140 -18 2 1
-141 -17 4 1
-141 -17 3 2
-141 -17 2 1
-141 -18 3 1
-141 -18 2 1
-140 -17 7 0
-140 -19 4 0
-140 -19 5 0
-120 -12 41 1
-120 -12 40 1
-114 -15 40 1
-114 -16 40 1
-119 -14 44 1
-118 -14 41 2
-119 -14 43 1
-119 -14 42 1
-119 -14 41 2
-117 -11 40 1
-106 -37 6 0
-106 -37 5 0
-117 -12 40 1
-118 -11 40 1
-118 -12 40 1
-118 -13 40 1
-119 -11 40 1
-119 -12 40 1
-119 -13 40 1
-129 -20 6 0
-128 -19 7 0
-136 -3 3 1
-120 -3 4 1
-119 -5 2 1
-119 -5 3 1
-119 -5 4 2
-119 -4 2 2
-119 -4 4 1
-147 -14 5 0
-147 -14 6 0
-147 -14 4 1
-148 -15 5 0
-148 -15 6 0
-148 -15 4 1
-149 -16 5 0
-113 -17 4 2
-149 -16 4 1
-148 -17 5 0
-148 -17 6 0
-148 -17 4 1
-147 -18 6 0
-147 -16 7 0
-148 -17 2 1
-148 -17 3 1
-148 -16 2 2
-148 -16 3 2
-113 -17 3 2
-114 -16 5 1
-107 -2 8 0
-110 -24 6 1
-112 -22 11 1
-109 -23 7 1
-110 -23 10 1
-110 -23 9 1
-110 -23 8 1
-141 -12 4 0
-113 -4 7 1
-111 -2 4 1
-111 -3 6 1
-111 -3 5 1
-111 -3 4 1
-111 -4 6 1
-125 -23 1 1
-111 -4 4 1
-138 -9 7 0
-104 -40 6 1
-104 -40 7 1
-104 -39 6 1
-104 -39 7 1
-108 -36 6 2
-109 -36 6 1
-107 -13 5 1
-109 -36 7 1
-109 -35 7 2
-149 -15 7 0
-101 -6 6 1
-101 -6 7 1
-101 -6 8 1
-109 -32 11 0
-109 -32 10 0
-127 -24 1 1
-127 -23 4 1
-127 -24 4 2
-127 -24 2 2
-127 -25 4 2
-150 -14 5 0
-128 -21 4 0
-123 -19 6 1
-123 -20 6 1
-123 -21 6 2
-124 -19 6 1
-124 -20 6 2
-104 -7 3 2
-105 -8 2 1
-105 -8 3 2
-105 -7 2 1
-105 -7 3 1
-105 -6 2 1
-104 -8 2 1
-104 -7 2 1
-104 -6 2 1
-103 -7 2 1
-103 -6 2 1
-105 -10 3 1
-105 -10 4 1
-105 -9 3 1
-105 -9 4 1
-104 -10 2 1
-114 -14 42 1
-115 -12 42 1
-115 -13 42 2
-115 -14 42 1
-116 -12 42 2
-116 -13 42 1
-116 -14 42 1
-115 -14 44 1
-118 -15 47 1
-118 -15 46 1
-118 -16 47 1
-118 -16 46 2
-118 -17 47 1
-118 -17 46 1
-117 -11 45 1
-117 -12 45 1
-117 -13 45 1
-118 -11 45 1
-118 -12 45 2
-118 -13 45 1
-119 -11 45 1
-119 -12 45 1
-119 -13 45 1
-114 -11 49 1
-115 -11 49 1
-116 -11 49 1
-116 -12 45 2
-116 -13 47 1
-116 -13 45 1
-116 -14 46 1
-114 -15 44 1
-116 -15 45 1
-116 -16 47 2
-116 -16 46 2
-116 -16 45 2
-116 -17 47 1
-116 -17 46 1
-116 -15 47 1
-116 -15 46 1
-115 -12 49 1
-115 -12 48 2
-115 -13 49 1
-115 -13 48 2
-115 -14 49 1
-115 -14 48 1
-115 -12 47 2
-115 -12 46 1
-115 -12 45 1
-115 -13 47 2
-115 -13 46 2
-147 -20 4 0
-115 -14 45 1
-113 -15 44 1
-146 -19 1 1
-146 -19 2 1
-121 -17 32 1
-124 -15 31 0
-124 -16 31 0
-121 -18 32 1
-114 -12 45 1
-114 -13 45 1
-114 -14 45 1
-114 -12 49 1
-114 -13 49 1
-114 -14 49 1
-114 -12 48 1
-114 -12 47 1
-114 -12 46 1
-150 -46 4 1
-114 -13 47 2
-114 -13 46 2
-114 -14 48 1
-114 -14 46 1
-114 -14 47 1
-113 -12 45 1
-113 -13 45 1
-113 -14 45 1
-113 -12 46 1
-113 -13 46 2
-111 -15 45 1
-112 -15 45 1
-113 -14 46 1
-110 -12 45 1
-125 -9 2 0
-112 -13 45 1
-125 -8 1 1
-125 -8 -1 1
-125 -8 0 1
-124 -8 -1 1
-124 -8 0 1
-112 -14 45 1
-110 -16 46 0
-111 -17 45 1
-111 -18 45 1
-112 -16 45 1
-112 -17 45 1
-112 -18 45 1
-113 -18 45 1
-110 -17 46 0
-109 -16 46 0
-112 -13 46 2
-112 -14 46 1
-110 -12 49 1
-110 -12 48 1
-110 -12 47 1
-110 -13 49 1
-123 -17 33 1
-123 -16 33 1
-123 -15 33 1
-122 -17 33 2
-122 -16 33 2
-122 -15 33 2
-121 -17 33 1
-121 -16 33 1
-121 -15 33 1
-123 -14 33 1
-122 -14 33 1
-121 -14 33 1
-125 -15 32 0
-125 -16 32 0
-125 -17 32 0
-113 -42 5 0
-114 -42 6 0
-113 -42 6 0
-114 -41 5 0
-119 -43 4 1
-122 -19 33 1
-119 -43 5 1
-119 -43 6 1
-119 -42 4 1
-119 -42 5 1
-119 -42 6 1
-118 -43 4 1
-118 -43 5 1
-118 -43 6 1
-117 -43 4 1
-117 -43 5 1
-117 -43 6 1
-119 -43 7 1
-119 -42 7 1
-118 -43 7 1
-117 -43 7 1
-119 -43 3 1
-119 -42 3 1
-118 -43 3 1
-118 -42 3 1
-117 -43 3 1
-117 -42 3 1
-116 -43 6 0
-115 -43 5 0
-115 -44 5 0
-110 -13 48 1
-115 -43 6 0
-114 -43 5 0
-114 -43 6 0
-115 -42 7 0
-115 -42 3 2
-116 -43 2 1
-116 -43 3 1
-116 -43 4 1
-116 -42 2 1
-116 -42 3 1
-115 -43 2 1
-115 -43 3 2
-115 -43 4 1
-115 -42 2 1
-115 -42 4 1
-114 -43 2 1
-114 -43 3 1
-114 -43 4 1
-114 -42 2 1
-114 -42 3 1
-114 -42 4 1
-121 -17 34 1
-110 -13 47 1
-110 -14 49 1
-149 -47 5 0
-149 -47 3 1
-149 -46 4 1
-149 -46 3 1
-112 -16 51 0
-149 -48 4 0
-149 -48 3 0
-111 -13 47 2
-111 -14 47 1
-112 -12 47 1
-112 -13 47 2
-112 -14 47 1
-113 -12 47 1
-113 -13 47 2
-113 -14 47 1
-111 -12 50 1
-111 -12 49 1
-126 -9 2 0
-111 -12 48 1
-126 -9 3 0
-111 -13 50 1
-111 -13 49 1
-111 -13 48 2
-111 -14 50 1
-111 -14 49 1
-149 -20 4 0
-112 -12 50 1
-150 -19 0 1
-112 -12 48 1
-150 -19 1 2
-150 -19 2 1
-150 -18 0 1
-150 -17 0 1
-149 -19 0 1
-149 -18 0 1
-149 -17 0 1
-148 -19 0 1
-113 -13 50 1
-148 -18 0 1
-148 -17 0 1
-113 -14 50 1
-113 -14 49 1
-113 -14 48 1
-112 -13 49 2
-110 -15 48 0
-110 -16 48 0
-110 -16 50 0
-110 -16 49 0
-117 -17 52 0
-116 -18 51 0
-117 -15 51 0
-116 -16 51 0
-116 -17 51 0
-116 -17 49 2
-117 -18 50 1
-117 -19 50 1
-120 -20 48 1
-121 -20 48 1
-117 -16 50 1
-117 -17 51 0
-118 -16 49 2
-118 -16 48 1
-118 -17 49 2
-118 -17 48 1
-118 -18 49 2
-118 -18 48 1
-119 -17 52 0
-118 -18 51 0
-118 -18 50 1
-118 -16 51 0
-118 -16 50 1
-117 -17 50 1
-118 -17 50 1
-119 -18 49 2
-119 -18 48 1
-120 -17 53 0
-120 -17 52 0
-119 -18 52 1
-119 -18 51 1
-119 -18 50 1
-119 -19 52 1
-119 -19 51 1
-119 -19 50 1
-119 -20 52 1
-119 -20 51 1
-119 -20 50 1
-119 -15 51 0
-118 -17 51 0
-121 -17 53 0
-119 -17 51 0
-120 -17 51 0
-121 -16 53 0
-121 -16 52 0
-120 -20 49 1
-121 -20 49 1
-120 -18 53 1
-120 -19 53 1
-120 -20 53 1
-121 -18 53 1
-121 -19 53 1
-121 -20 53 1
-122 -18 53 1
-122 -19 53 1
-122 -20 53 1
-120 -18 52 1
-120 -19 52 1
-120 -19 51 2
-120 -20 52 1
-120 -20 51 1
-120 -20 50 1
-121 -14 51 0
-119 -16 51 0
-120 -18 51 1
-121 -20 52 1
-121 -20 51 1
-121 -20 50 1
-120 -15 51 0
-122 -16 53 0
-122 -16 52 0
-121 -17 52 1
-121 -18 52 1
-121 -19 52 2
-121 -19 51 2
-122 -17 52 1
-123 -17 52 1
-122 -14 50 0
-122 -14 51 0
-120 -16 51 0
-121 -18 51 1
-122 -18 52 1
-122 -19 52 1
-122 -20 52 1
-123 -18 52 1
-123 -19 52 1
-123 -20 52 1
-124 -18 52 1
-124 -19 52 1
-124 -20 52 1
-123 -16 52 0
-121 -19 50 2
-121 -19 49 2
-121 -19 48 1
-122 -17 51 1
-123 -18 51 1
-125 -17 51 0
-125 -16 51 0
-125 -15 51 0
-123 -14 51 0
-122 -15 51 0
-120 -15 50 1
-120 -15 49 2
-120 -15 48 1
-120 -16 50 1
-120 -16 49 2
-120 -16 48 1
-120 -17 50 1
-120 -17 49 2
-120 -17 48 1
-122 -16 51 0
-125 -17 50 0
-141 -6 6 0
-141 -9 5 0
-141 -9 6 0
-141 -10 5 0
-130 -19 4 0
-117 -41 3 1
-118 -39 3 1
-118 -40 3 1
-118 -41 3 1
-129 -17 2 1
-129 -17 0 1
-125 -19 5 1
-125 -19 4 1
-130 -10 6 0
-148 -16 1 1
-148 -15 1 1
-113 -25 2 1
-113 -26 3 1
-113 -26 5 0
-113 -26 4 0
-111 -24 4 1
-111 -21 2 1
-111 -21 1 1
-111 -22 3 1
-111 -22 2 1
-111 -22 1 1
-112 -20 1 1
-112 -21 3 1
-112 -21 1 1
-112 -22 3 1
-112 -22 2 1
-112 -22 1 1
-113 -20 1 1
-113 -21 3 1
-113 -21 2 2
-113 -21 1 1
-123 -15 49 1
-123 -16 49 1
-113 -20 3 1
-113 -20 2 2
-114 -20 4 2
-114 -20 3 2
-115 -19 5 1
-115 -19 4 1
-115 -19 3 1
-109 -17 1 1
-122 -8 -1 1
-102 -12 9 0
-101 -14 10 0
-110 -17 2 2
-110 -17 1 1
-110 -17 0 1
-111 -15 0 1
-111 -16 2 2
-123 -18 48 2
-125 -17 47 0
-125 -16 47 0
-124 -16 47 1
-125 -15 47 0
-124 -15 47 0
-123 -14 47 0
-104 -11 9 0
-104 -11 10 0
-102 -11 11 0
-121 -15 48 2
-121 -16 48 1
-121 -4 9 1
-121 -4 10 1
-121 -4 11 1
-122 -17 48 2
-123 -15 48 1
-123 -16 48 1
-123 -17 48 1
-121 -18 47 1
-122 -18 47 1
-122 -19 47 1
-123 -18 47 2
-123 -19 47 1
-124 -17 47 1
-124 -18 47 1
-124 -19 47 2
-125 -17 46 0
-125 -16 46 0
-124 -16 46 1
-125 -15 46 0
-124 -15 46 0
-123 -14 46 0
-121 -15 47 1
-121 -16 47 1
-121 -17 47 1
-122 -15 47 1
-122 -16 47 2
-122 -17 47 2
-123 -15 47 1
-139 -16 5 0
-140 -16 5 0
-123 -16 47 1
-140 -16 6 0
-142 -16 5 0
-142 -15 5 0
-139 -17 5 0
-139 -17 6 0
-143 -17 5 0
-138 -17 6 0
-138 -17 4 1
-138 -18 4 0
-142 -18 5 0
-142 -18 6 0
-142 -18 4 1
-139 -17 1 1
-141 -19 4 0
-139 -17 3 1
-141 -17 7 0
-142 -18 2 1
-142 -18 3 1
-142 -17 2 1
-142 -17 3 2
-142 -16 2 1
-142 -16 3 1
-142 -16 4 1
-138 -17 3 1
-137 -17 1 1
-137 -17 2 1
-137 -17 3 1
-123 -17 47 2
-121 -18 46 1
-122 -18 46 1
-122 -19 46 1
-123 -18 46 2
-123 -19 46 1
-124 -17 46 1
-124 -18 46 1
-124 -19 46 2
-125 -17 45 0
-125 -16 45 0
-124 -16 45 1
-125 -15 45 0
-124 -15 45 0
-123 -14 45 0
-121 -15 46 2
-121 -16 46 1
-121 -17 46 1
-122 -15 46 1
-122 -16 46 2
-122 -17 46 2
-123 -15 46 1
-123 -16 46 1
-123 -17 46 2
-121 -18 45 1
-122 -18 45 1
-122 -19 45 1
-123 -18 45 2
-123 -19 45 1
-124 -17 45 1
-124 -18 45 1
-124 -19 45 2
-125 -17 44 0
-125 -16 44 0
-124 -16 44 1
-125 -15 44 0
-150 -14 2 1
-123 -14 44 1
-121 -15 45 2
-121 -16 45 1
-121 -17 45 1
-122 -15 45 1
-122 -16 45 2
-122 -17 45 2
-123 -15 45 1
-123 -16 45 1
-123 -17 45 2
-121 -18 44 1
-122 -18 44 1
-122 -19 44 1
-123 -18 44 2
-123 -19 44 1
-124 -17 44 1
-124 -18 44 1
-124 -19 44 1
-125 -17 43 0
-125 -16 43 0
-124 -16 43 0
-125 -15 43 0
-124 -15 43 0
-123 -14 43 1
-121 -15 44 1
-121 -16 44 1
-121 -17 44 1
-122 -15 44 1
-122 -16 44 2
-122 -17 44 2
-123 -15 44 1
-123 -16 44 1
-123 -17 44 1
-121 -18 43 1
-122 -18 43 1
-122 -19 43 1
-123 -18 43 2
-123 -19 43 1
-124 -17 43 1
-124 -18 43 1
-124 -19 43 1
-125 -17 42 0
-125 -16 42 0
-124 -16 42 0
-125 -15 42 0
-124 -15 42 0
-143 -16 5 0
-144 -15 5 0
-123 -14 42 1
-143 -15 6 0
-144 -15 4 1
-144 -17 5 0
-144 -17 6 0
-144 -17 4 1
-144 -18 5 0
-143 -18 6 0
-144 -18 4 1
-142 -19 5 0
-142 -19 4 0
-142 -17 7 0
-143 -18 2 1
-143 -18 3 1
-143 -18 4 1
-143 -17 2 1
-143 -17 3 2
-143 -16 2 1
-143 -16 3 2
-143 -16 4 1
-140 -15 5 0
-140 -15 6 0
-140 -15 4 1
-140 -18 5 0
-140 -17 6 0
-140 -17 4 1
-121 -15 43 1
-121 -16 43 1
-121 -17 43 1
-122 -15 43 2
-122 -16 43 2
-122 -17 43 2
-123 -15 43 1
-123 -16 43 1
-123 -17 43 1
-121 -18 42 1
-122 -18 42 1
-122 -19 42 1
-123 -18 42 2
-123 -19 42 1
-124 -17 42 1
-124 -18 42 1
-124 -19 42 1
-125 -17 41 0
-125 -16 41 0
-124 -16 41 0
-125 -15 41 0
-124 -15 41 0
-123 -14 41 1
-121 -16 42 1
-121 -17 42 1
-122 -16 42 2
-122 -17 42 2
-123 -15 42 1
-123 -16 42 1
-123 -17 42 1
-121 -18 41 1
-125 -17 40 0
-125 -16 40 0
-124 -16 40 0
-125 -15 40 0
-124 -15 40 0
-123 -14 40 1
-120 -13 37 1
-120 -14 37 1
-120 -15 37 1
-121 -13 37 1
-122 -13 37 1
-120 -13 42 1
-120 -14 42 1
-120 -15 42 2
-121 -13 42 1
-121 -14 42 1
-121 -15 42 2
-122 -13 42 1
-122 -14 42 1
-122 -15 42 1
-121 -16 41 1
-121 -17 41 1
-122 -16 41 2
-123 -15 41 1
-123 -16 41 1
-121 -18 40 1
-122 -17 41 2
-122 -18 41 1
-122 -19 41 1
-123 -17 41 1
-123 -18 41 2
-127 -9 47 0
-125 -9 48 0
-125 -9 45 0
-125 -9 44 0
-124 -16 39 0
-124 -15 39 0
-120 -13 41 2
-120 -14 41 1
-120 -15 41 2
-121 -13 41 2
-121 -14 41 2
-121 -15 41 2
-122 -13 41 1
-122 -14 41 1
-122 -15 41 2
-122 -18 40 1
-122 -19 40 1
-123 -18 40 2
-123 -19 40 1
-124 -17 40 1
-124 -18 40 1
-124 -19 40 1
-125 -17 39 0
-125 -16 39 0
-124 -16 38 0
-124 -7 46 0
-123 -7 47 0
-124 -6 46 0
-124 -6 47 0
-125 -6 46 0
-125 -5 46 0
-125 -6 47 0
-127 -6 46 0
-126 -6 47 0
-139 -3 6 0
-141 -3 5 0
-140 -3 7 0
-124 -25 4 2
-141 -3 6 0
-140 -3 6 0
-140 -2 5 0
-140 -2 7 0
-140 -1 6 0
-124 -5 1 1
-124 -5 0 2
-120 -9 3 1
-120 -9 2 1
-121 -9 4 1
-121 -9 3 1
-125 -5 2 0
-124 -5 2 1
-125 -5 3 0
-124 -5 3 1
-124 -4 2 1
-123 -6 2 1
-124 -6 2 0
-123 -6 3 1
-124 -6 3 0
-124 -7 2 0
-123 -7 3 1
-123 -7 -1 1
-123 -7 0 1
-123 -7 1 1
-114 -34 7 0
-115 -33 7 0
-123 -6 1 1
-123 -5 -1 1
-123 -5 0 2
-122 -7 -1 1
-121 -7 -1 1
-116 -31 2 1
-131 -6 3 1
-131 -5 4 0
-132 -6 3 1
-132 -5 3 1
-112 -29 6 0
-112 -29 4 1
-113 -27 5 0
-113 -27 6 0
-113 -27 4 0
-114 -27 5 0
-114 -27 6 0
-116 -29 5 0
-116 -29 6 0
-115 -30 6 0
-114 -30 5 0
-114 -31 5 1
-114 -30 6 0
-114 -30 4 1
-113 -30 5 0
-135 -6 3 2
-135 -6 4 1
-134 -8 2 1
-134 -8 3 1
-134 -8 4 1
-134 -7 2 1
-134 -7 4 1
-134 -6 2 1
-134 -6 3 1
-134 -6 4 1
-133 -8 2 1
-133 -8 3 1
-133 -8 4 1
-133 -7 2 1
-133 -6 2 2
-110 -20 8 0
-109 -19 8 0
-131 -18 2 1
-110 -18 10 0
-110 -18 11 0
-110 -18 7 0
-126 -6 -1 1
-126 -6 0 2
-126 -6 1 1
-126 -5 -1 1
-126 -5 0 1
-126 -5 1 1
-125 -7 -1 1
-125 -7 0 2
-135 -17 1 1
-135 -17 2 1
-135 -16 0 1
-135 -15 0 1
-134 -17 0 1
-134 -17 1 2
-134 -17 2 1
-134 -16 0 1
-113 -33 7 0
-114 -33 7 0
-114 -34 8 0
-106 -29 5 1
-106 -29 6 1
-106 -28 4 1
-106 -28 5 1
-106 -28 6 1
-109 -30 7 1
-108 -30 7 1
-107 -30 7 2
-107 -29 7 1
-107 -28 7 1
-111 -30 4 1
-113 -34 3 1
-113 -34 4 1
-113 -34 5 1
-111 -35 4 1
-111 -35 5 2
-111 -35 6 2
-110 -35 4 1
-110 -35 5 2
-110 -35 6 2
-109 -35 4 1
-109 -35 5 1
-109 -35 6 2
-109 -34 4 1
-109 -34 5 1
-109 -34 6 1
-109 -33 4 1
-109 -33 5 1
-109 -33 6 1
-111 -35 3 1
-110 -35 3 1
-109 -35 3 1
-109 -34 3 1
-109 -33 3 2
-109 -32 5 0
-108 -33 5 0
-108 -33 6 0
-108 -33 4 1
-110 -31 6 0
-110 -31 7 0
-143 -4 4 1
-143 -4 5 0
-143 -5 2 1
-143 -5 3 2
-143 -4 2 1
-143 -4 3 1
-134 -8 1 1
-131 -7 0 1
-131 -7 1 1
-131 -6 -1 1
-131 -6 0 1
-131 -6 1 1
-130 -8 -1 1
-130 -8 0 2
-130 -8 1 1
-130 -7 -1 1
-130 -7 1 1
-130 -6 -1 1
-130 -6 0 1
-130 -6 1 1
-135 -21 7 0
-135 -21 5 0
-135 -19 8 0
-135 -19 4 0
-112 -9 3 2
-112 -9 2 2
-135 -5 2 1
-120 -15 39 1
-120 -15 38 1
-121 -13 40 2
-110 -17 9 0
-121 -13 38 1
-118 -48 2 1
-118 -48 3 1
-117 -48 1 1
-117 -47 1 1
-117 -46 1 1
-116 -48 1 1
-116 -47 1 1
-116 -46 1 1
-118 -46 4 0
-122 -44 5 1
-111 -17 10 1
-123 -15 40 1
-123 -16 40 1
-123 -17 40 1
-115 -32 7 0
-121 -18 39 1
-114 -33 8 0
-107 -14 7 1
-122 -19 39 1
-144 -16 7 0
-145 -17 2 2
-145 -17 3 1
-145 -17 4 1
-145 -16 2 2
-145 -16 3 1
-145 -15 2 1
-145 -15 3 1
-123 -18 39 2
-108 -14 7 1
-124 -17 39 1
-124 -18 39 1
-124 -19 39 1
-125 -17 38 0
-125 -16 38 0
-124 -16 37 0
-125 -15 38 0
-124 -15 37 0
-121 -14 39 2
-122 -14 39 1
-123 -14 39 1
-121 -15 39 1
-121 -16 39 1
-121 -17 39 1
-117 -7 5 1
-122 -15 39 1
-117 -5 4 1
-117 -7 1 1
-117 -7 2 1
-141 -15 6 0
-141 -17 5 0
-142 -17 5 0
-117 -7 3 1
-142 -17 6 0
-142 -17 4 1
-142 -2 3 2
-143 -3 2 1
-143 -3 3 1
-143 -3 4 1
-143 -2 2 1
-143 -2 3 2
-143 -2 4 1
-143 -1 2 1
-143 -1 3 1
-143 -1 4 1
-142 -3 2 1
-142 -3 3 1
-142 -2 2 1
-142 -2 4 1
-142 -1 2 1
-142 -1 3 1
-142 -1 4 1
-141 -3 2 1
-141 -3 3 2
-141 -2 2 1
-141 -2 3 1
-141 -2 4 1
-141 -1 2 1
-141 -1 3 1
-141 -1 4 1
-144 -4 4 1
-111 -31 2 1
-119 -21 4 1
-119 -21 5 1
-120 -20 4 1
-120 -20 5 1
-103 -35 3 0
-107 -1 8 1
-119 -20 4 1
-141 -4 6 0
-124 -19 38 1
-125 -17 37 0
-125 -16 37 0
-124 -16 36 0
-125 -15 37 0
-124 -15 36 0
-121 -14 38 2
-122 -14 38 1
-123 -14 38 1
-121 -15 38 1
-121 -16 38 1
-121 -17 38 1
-122 -15 38 2
-122 -16 38 2
-122 -17 38 2
-123 -15 38 1
-123 -16 38 1
-123 -17 38 1
-121 -18 36 1
-122 -18 37 1
-122 -19 37 1
-123 -18 37 2
-123 -19 37 1
-124 -17 37 1
-124 -18 37 1
-124 -19 37 1
-125 -17 36 0
-125 -16 36 0
-124 -16 35 0
-125 -15 36 0
-124 -15 35 0
-121 -14 37 1
-122 -14 37 1
-123 -14 37 1
-121 -15 37 1
-121 -16 37 1
-121 -17 37 1
-122 -15 37 2
-122 -16 37 2
-145 -14 5 0
-145 -14 6 0
-145 -14 4 1
-147 -15 5 0
-122 -17 37 2
-147 -15 6 0
-147 -15 4 1
-147 -16 5 0
-147 -16 6 0
-147 -16 4 1
-146 -17 5 0
-147 -18 5 0
-147 -17 6 0
-147 -18 4 0
-145 -16 7 0
-146 -17 1 1
-146 -17 2 2
-146 -17 3 1
-146 -16 1 1
-146 -16 2 2
-146 -16 3 2
-146 -15 1 1
-146 -15 2 1
-146 -15 3 2
-145 -17 1 1
-145 -16 1 1
-145 -15 1 1
-144 -17 1 1
-144 -16 1 1
-144 -15 1 1
-123 -15 37 1
-123 -16 37 1
-123 -17 37 1
-121 -18 35 1
-122 -18 36 1
-122 -19 36 1
-123 -18 36 2
-123 -19 36 1
-124 -17 36 1
-124 -18 36 1
-124 -19 36 1
-125 -17 35 0
-125 -16 35 0
-124 -16 34 0
-125 -15 35 0
-124 -15 34 0
-121 -14 36 1
-122 -14 36 1
-123 -14 36 1
-121 -15 36 1
-121 -16 36 1
-121 -17 36 1
-122 -15 36 2
-122 -16 36 2
-122 -17 36 2
-123 -15 36 1
-123 -16 36 1
-123 -17 36 1
-122 -18 35 1
-122 -19 35 1
-123 -18 35 2
-123 -19 35 1
-124 -17 35 1
-124 -18 35 1
-124 -19 35 1
-125 -17 34 0
-125 -16 34 0
-124 -16 33 0
-125 -15 34 0
-124 -15 33 0
-121 -14 35 1
-122 -14 35 1
-123 -14 35 1
-121 -15 35 1
-121 -16 35 1
-121 -17 35 1
-122 -15 35 2
-122 -16 35 2
-122 -17 35 2
-123 -15 35 1
-123 -16 35 1
-123 -17 35 1
-121 -18 34 1
-122 -18 34 1
-122 -19 34 1
-123 -18 34 2
-113 -14 5 1
-114 -17 2 1
-113 -16 0 1
-123 -19 34 1
-124 -17 34 1
-124 -18 34 1
-124 -19 34 1
-125 -17 33 0
-125 -16 33 0
-124 -16 32 0
-125 -15 33 0
-124 -15 32 0
-128 -16 6 0
-121 -14 34 1
-122 -14 34 1
-123 -14 34 1
-121 -15 34 1
-121 -16 34 1
-122 -15 34 2
-122 -16 34 2
-122 -17 34 2
-123 -15 34 1
-123 -16 34 1
-123 -17 34 1
-121 -18 33 1
-122 -18 33 1
-123 -18 33 2
-123 -19 33 1
-124 -17 33 1
-124 -18 33 1
-124 -19 33 1
-126 -16 5 0
-126 -16 6 0
-127 -16 6 0
-127 -18 7 0
-120 -21 1 1
-114 -1 -1 1
-119 -23 3 1
-128 -7 2 0
-129 -5 0 1
-114 -7 2 1
-113 -1 -1 1
-121 -20 5 1
-121 -20 4 1
-121 -20 3 1
-125 -17 5 1
-126 -17 6 0
-125 -17 6 1
-125 -16 5 0
-114 -14 5 1
-114 -13 3 1
-114 -13 4 1
-114 -13 5 1
-120 -22 6 1
-117 -7 -1 1
-116 -7 -1 1
-133 -2 1 1
-133 -3 3 1
-133 -3 2 1
-133 -3 1 1
-133 -4 1 1
-134 -2 3 1
-134 -2 2 1
-134 -2 1 1
-134 -3 3 1
-134 -3 1 1
-143 -19 4 0
-121 -18 30 1
-122 -18 31 1
-143 -19 5 0
-144 -18 2 1
-123 -17 31 1
-124 -17 5 1
-125 -16 6 0
-126 -15 5 0
-126 -15 6 0
-126 -17 7 0
-126 -17 3 0
-121 -18 28 1
-122 -19 29 1
-122 -18 28 1
-122 -19 28 1
-123 -18 28 2
-123 -19 28 1
-124 -17 28 1
-124 -18 28 1
-124 -19 28 1
-125 -17 27 0
-125 -16 27 0
-124 -16 26 0
-125 -15 27 0
-124 -15 26 0
-121 -14 28 1
-122 -14 28 1
-123 -14 28 1
-121 -15 28 1
-121 -16 28 1
-121 -17 28 1
-122 -15 28 2
-122 -16 28 2
-122 -17 28 2
-123 -15 28 1
-123 -16 28 1
-123 -17 28 1
-121 -18 27 1
-122 -18 27 1
-122 -19 27 1
-123 -18 27 2
-123 -19 27 1
-124 -17 27 1
-124 -18 27 1
-124 -19 27 1
-125 -17 26 0
-121 -16 27 1
-121 -17 27 1
-122 -15 27 2
-122 -16 27 2
-122 -17 27 2
-123 -15 27 1
-123 -16 27 1
-123 -17 27 1
-121 -17 26 1
-122 -15 26 2
-122 -16 26 2
-121 -18 24 1
-122 -18 24 1
-122 -19 24 1
-102 -13 12 0
-114 -18 2 1
-114 -18 3 1
-114 -18 4 2
-113 -18 2 1
-113 -18 3 2
-113 -18 4 2
-112 -18 4 1
-114 -18 5 1
-113 -18 5 1
-112 -18 5 1
-111 -18 4 1
-110 -18 4 2
-111 -18 5 1
-111 -17 5 1
-110 -18 5 1
-110 -17 5 1
-113 -17 0 1
-113 -17 1 1
-124 -15 23 0
-121 -14 24 1
-122 -14 24 1
-123 -14 24 1
-144 -19 4 0
-144 -19 5 0
-145 -18 2 1
-102 -5 3 1
-145 -18 3 1
-105 -4 2 1
-101 -16 12 0
-139 -3 8 0
-139 -3 7 0
-123 -4 -1 1
-111 -24 9 1
-111 -24 10 1
-125 -16 22 0
-124 -16 22 0
-125 -15 22 0
-122 -20 1 1
-122 -20 2 2
-122 -19 1 1
-122 -19 2 1
-121 -19 1 1
-121 -19 2 1
-121 -19 3 1
-120 -19 1 1
-120 -19 2 1
-120 -19 3 1
-124 -15 22 0
-121 -14 23 1
-101 -17 11 0
-101 -17 12 0
-101 -17 10 0
-121 -16 23 1
-121 -17 23 1
-122 -15 23 2
-122 -16 23 2
-105 -5 9 0
-127 -8 2 0
-127 -7 2 0
-130 -21 7 0
-118 -24 2 1
-104 -10 5 1
-113 -15 6 1
-113 -14 6 1
-123 -6 -1 1
-123 -6 0 2
-133 -17 0 1
-133 -17 1 2
-133 -17 2 1
-110 -31 4 1
-130 -7 5 0
-130 -7 0 2
-131 -8 -1 1
-101 -18 11 0
-101 -18 10 0
-141 -7 6 0
-141 -7 5 0
-141 -16 2 1
-141 -16 3 1
-133 -4 4 1
-133 -4 3 1
-109 -31 6 1
-109 -32 6 0
-107 -34 5 1
-114 -20 10 1
-111 -10 8 2
-112 -10 9 1
-112 -10 8 1
-110 -10 7 1
-110 -10 6 1
-111 -10 7 2
-111 -10 6 2
-122 -16 19 2
-122 -17 19 2
-123 -15 19 1
-123 -16 19 1
-123 -17 19 1
-121 -18 18 1
-124 -15 17 0
-121 -17 18 1
-122 -17 18 2
-122 -18 18 1
-145 -3 2 1
-145 -3 3 1
-145 -3 4 1
-145 -2 2 1
-145 -2 3 1
-145 -2 4 1
-145 -1 2 1
-145 -1 3 1
-145 -1 4 1
-146 -3 3 2
-147 -4 2 1
-122 -19 18 1
-147 -4 3 1
-147 -4 4 1
-147 -3 2 1
-147 -3 3 1
-147 -3 4 1
-147 -2 2 1
-147 -2 3 1
-147 -2 4 1
-146 -4 2 1
-146 -4 3 2
-146 -4 4 1
-146 -3 2 1
-146 -3 4 1
-146 -2 2 1
-146 -2 3 1
-146 -2 4 1
-145 -4 2 1
-145 -5 2 1
-123 -17 18 1
-123 -18 18 2
-123 -19 18 1
-124 -17 18 1
-124 -18 18 1
-124 -19 18 1
-125 -17 17 0
-125 -16 17 0
-124 -16 16 0
-125 -15 17 0
-121 -14 18 1
-121 -15 18 1
-121 -16 18 1
-122 -14 18 1
-122 -15 18 2
-122 -16 18 2
-123 -14 18 1
-123 -15 18 1
-123 -16 18 1
-123 -19 17 1
-124 -17 17 1
-124 -18 17 1
-124 -19 17 1
-125 -17 16 0
-125 -16 16 0
-124 -16 15 0
-125 -15 16 0
-124 -15 15 0
-121 -14 17 1
-122 -14 17 1
-123 -14 17 1
-121 -15 17 1
-121 -16 17 1
-121 -17 17 1
-122 -15 17 2
-122 -16 17 2
-122 -17 17 2
-123 -15 17 1
-123 -16 17 1
-123 -17 17 1
-121 -18 15 1
-122 -18 16 1
-122 -19 16 1
-123 -18 16 2
-123 -19 16 1
-124 -17 16 1
-124 -18 16 1
-124 -19 16 1
-125 -17 15 0
-125 -16 15 0
-124 -16 14 0
-125 -15 15 0
-124 -15 14 0
-121 -14 16 1
-122 -14 16 1
-123 -14 16 1
-121 -15 16 1
-121 -16 16 1
-121 -17 16 1
-122 -15 16 2
-122 -16 16 2
-122 -17 16 2
-123 -15 16 1
-123 -16 16 1
-123 -17 16 1
-122 -18 11 1
-122 -19 11 1
-123 -18 11 2
-123 -19 11 1
-124 -17 11 1
-124 -18 11 1
-125 -17 10 0
-125 -16 10 0
-125 -15 10 0
-121 -18 10 1
-125 -17 9 0
-124 -16 9 0
-122 -15 10 2
-123 -13 10 1
-123 -14 10 1
-123 -15 10 1
-121 -16 9 1
-121 -17 9 1
-122 -16 9 2
-123 -16 9 1
-122 -17 9 2
-122 -18 9 1
-122 -19 9 1
-123 -17 9 1
-123 -18 9 2
-123 -19 9 1
-124 -17 9 1
-124 -18 9 1
-124 -19 9 1
-124 -16 7 0
-125 -15 7 0
-124 -15 7 0
-121 -13 9 1
-121 -14 9 2
-121 -15 9 1
-122 -13 9 1
-122 -14 9 2
-122 -15 9 2
-123 -13 9 1
-147 -5 2 1
-147 -5 3 1
-146 -5 2 1
-146 -5 3 1
-123 -13 8 1
-120 -15 6 1
-122 -13 -1 1
-122 -14 -1 1
-122 -15 -1 1
-123 -13 -1 1
-124 -13 -1 1
-123 -14 5 0
-120 -10 4 1
-120 -11 4 1
-121 -10 4 1
-121 -11 4 1
-122 -10 4 1
-122 -11 4 1
-122 -12 4 1
-120 -10 0 1
-120 -11 0 1
-120 -12 0 1
-121 -10 0 1
-121 -11 0 1
-121 -12 0 1
-122 -10 0 1
-122 -11 0 1
-122 -12 0 1
-123 -12 1 1
-123 -12 0 1
-124 -12 1 1
-124 -12 0 1
-123 -13 4 0
-124 -12 2 1
-123 -11 3 0
-123 -11 2 0
-120 -10 3 1
-120 -10 2 1
-120 -10 1 1
-120 -11 3 1
-120 -11 2 1
-120 -11 1 1
-121 -10 3 1
-121 -10 2 1
-121 -10 1 1
-121 -11 3 2
-121 -11 1 2
-122 -10 3 1
-122 -10 2 1
-122 -10 1 1
-122 -11 3 1
-122 -11 2 1
-122 -11 1 1
-122 -12 1 1
-121 -11 2 2
-119 -12 5 1
-104 -38 8 1
-103 -37 8 1
-110 -21 7 1
-102 -35 8 1
-101 -33 9 1
-101 -33 8 1
-101 -33 7 1
-101 -34 9 1
-116 -30 4 1
-101 -35 10 1
-101 -35 9 1
-101 -36 10 1
-101 -36 9 1
-101 -37 10 1
-104 -7 11 0
-105 -9 8 1
-105 -9 10 0
-105 -9 9 0
-106 -7 8 1
-106 -7 10 0
-106 -7 9 0
-105 -7 9 0
-104 -6 10 0
-119 -13 2 1
-119 -13 1 1
-119 -13 0 1
-119 -14 2 1
-119 -14 1 1
-111 -20 6 2
-111 -21 6 1
-111 -19 6 1
-110 -21 6 1
-110 -20 6 1
-110 -20 7 1
-110 -19 6 1
-121 -13 0 1
-121 -14 0 1
-121 -15 0 1
-120 -13 5 1
-120 -13 4 2
-121 -13 5 2
-121 -13 4 1
-122 -13 5 1
-122 -13 4 1
-120 -13 3 1
-120 -13 2 2
-120 -13 1 1
-121 -13 3 2
-121 -13 2 1
-127 -17 7 0
-127 -15 5 0
-126 -18 6 0
-129 -16 6 0
-128 -17 6 0
-122 -29 2 1
-122 -27 0 1
-118 -7 2 1
-120 -28 0 1
-111 -5 -1 1
-114 -32 8 0
-103 -3 4 1
-102 -3 4 2
-105 -2 7 0
-105 -2 8 0
-141 -10 6 0
-104 -3 3 2
-129 -18 2 1
-104 -2 3 1
-104 -2 4 1
-104 -1 2 1
-104 -1 3 1
-104 -1 4 1
-125 -4 2 0
-126 -6 3 0
-101 -33 5 2
-102 -34 4 1
-102 -34 5 1
-102 -34 6 1
-102 -33 4 1
-102 -33 5 1
-102 -33 6 1
-102 -32 4 1
-133 -10 1 1
-133 -9 1 1
-133 -8 1 1
-132 -10 1 1
-131 -10 1 1
-101 -33 6 2
-101 -32 4 1
-101 -32 5 1
-101 -32 6 1
-124 -8 2 0
-125 -6 4 0
-125 -6 5 0
-125 -6 0 2
-126 -7 -1 1
-126 -7 0 2
-126 -7 1 1
-102 -35 6 1
-102 -34 3 1
-125 -21 3 1
-125 -21 4 1
-125 -21 5 1
-124 -21 3 1
-124 -21 4 2
-124 -21 5 2
-123 -21 3 1
-123 -21 4 2
-123 -21 5 2
-125 -21 6 1
-125 -20 6 1
-125 -19 6 1
-124 -21 6 2
-113 -22 3 1
-113 -22 2 2
-113 -22 1 1
-112 -21 2 2
-112 -20 5 1
-112 -20 3 1
-126 -21 4 0
-126 -22 4 0
-126 -21 5 0
-126 -20 6 0
-127 -21 0 1
-127 -21 1 2
-127 -21 2 1
-126 -21 0 1
-126 -21 1 2
-126 -21 2 1
-125 -21 0 1
-125 -21 1 2
-125 -21 2 1
-125 -20 0 1
-125 -20 1 2
-125 -20 2 1
-125 -19 0 1
-125 -19 1 1
-125 -19 2 1
-109 -20 8 0
-109 -20 9 0
-110 -21 8 0
-110 -21 9 0
-111 -20 7 1
-112 -20 7 1
-113 -20 7 2
-111 -20 11 1
-112 -20 11 1
-113 -20 11 1
-111 -20 10 1
-111 -20 9 1
-111 -20 8 1
-112 -20 10 1
-112 -20 9 1
-112 -20 8 1
-113 -20 10 1
-113 -20 9 2
-113 -20 8 2
-108 -19 8 0
-108 -19 9 0
-110 -20 9 0
-111 -19 7 1
-112 -19 7 1
-113 -19 7 2
-111 -19 11 1
-112 -19 11 1
-113 -19 11 1
-111 -19 10 1
-111 -19 8 1
-112 -19 10 2
-112 -19 9 2
-112 -19 8 2
-135 -4 7 0
-127 -8 5 0
-129 -9 3 0
-110 -9 0 1
-112 -9 -1 1
-110 -12 3 2
-111 -12 3 2
-112 -12 3 2
-110 -7 -1 1
-110 -10 3 1
-150 -14 3 1
-113 -7 4 2
-150 -14 4 1
-150 -14 6 0
-112 -4 10 1
-106 -29 4 1
-107 -28 5 1
-136 -9 7 0
-111 -13 6 1
-136 -11 8 0
-137 -12 1 1
-111 -14 6 1
-127 -25 1 1
-111 -15 6 1
-127 -23 1 1
-126 -25 1 1
-126 -23 1 1
-125 -25 1 1
-125 -24 1 1
-109 -33 7 0
-132 -8 6 0
-132 -10 7 0
-124 -23 6 1
-104 -30 8 1
-104 -31 9 1
-104 -31 8 1
-104 -32 9 1
-104 -32 8 1
-107 -37 7 1
-108 -35 6 2
-108 -36 7 1
-108 -37 7 1
-108 -13 5 1
-146 -13 4 1
-146 -13 5 0
-145 -13 4 1
-145 -13 5 0
-108 -37 6 1
-128 -21 5 0
-127 -23 7 0
-126 -21 8 0
-127 -19 7 0
-128 -20 6 0
-128 -19 6 0
-128 -20 7 0
-101 -37 4 0
-129 -21 7 0
-102 -37 3 0
-133 -21 5 0
-129 -8 3 0
-119 -20 3 1
-119 -20 2 1
-112 -33 3 1
-103 -35 7 0
-120 -20 3 1
-120 -20 2 1
-121 -20 2 2
-120 -21 2 2
-120 -22 2 1
-119 -3 5 1
-144 -10 2 1
-145 -9 6 0
-144 -11 4 1
-145 -11 3 2
-145 -11 5 0
-145 -11 4 1
-116 -4 0 2
-112 -6 0 2
-112 -5 0 2
-114 -4 -1 1
-114 -3 0 1
-114 -2 -1 1
-114 -2 0 2
-150 -30 7 1
-150 -30 8 1
-150 -30 9 1
-109 -13 5 1
-150 -29 8 1
-150 -29 9 1
-150 -28 7 1
-150 -28 8 1
-150 -28 9 1
-150 -30 10 1
-150 -29 10 1
-150 -28 10 1
-150 -30 6 1
-150 -29 6 1
-150 -28 6 1
-112 -24 7 0
-112 -23 6 1
-114 -26 8 1
-113 -25 7 1
-113 -24 5 1
-108 -7 2 1
-140 -9 5 0
-140 -9 6 0
-139 -12 7 0
-140 -11 7 0
-135 -20 5 0
-137 -10 7 0
-139 -11 7 0
-134 -12 6 0
-131 -20 0 1
-130 -21 2 1
-102 -4 5 1
-127 -5 1 1
-130 -22 3 0
-135 -11 2 2
-135 -11 3 2
-111 -11 6 2
-112 -12 6 1
-112 -12 7 1
-112 -11 6 1
-112 -11 7 1
-111 -12 6 1
-111 -12 7 1
-111 -11 7 2
-110 -12 6 1
-110 -12 7 1
-110 -11 6 1
-110 -11 7 1
-112 -12 8 1
-112 -11 8 1
-111 -12 8 2
-111 -11 8 2
-110 -12 8 1
-110 -11 8 1
-130 -22 4 0
-129 -22 2 1
-129 -22 3 0
-130 -21 4 0
-129 -22 4 0
-128 -23 5 1
-127 -23 0 1
-111 -25 7 1
-111 -24 7 1
-111 -23 7 1
-128 -23 4 1
-128 -23 3 1
-128 -23 2 1
-128 -24 2 1
-128 -25 2 1
-125 -24 0 1
-126 -26 2 1
-103 -35 4 0
-139 -10 2 1
-139 -11 4 1
-124 -12 45 0
-124 -12 44 0
-146 -12 3 1
-146 -12 2 1
-147 -12 4 1
-101 -9 7 2
-101 -9 11 0
-101 -9 10 0
-110 -25 5 2
-102 -10 8 1
-147 -12 3 2
-147 -12 2 1
-148 -12 4 1
-148 -12 3 1
-148 -12 2 1
-149 -10 4 1
-149 -10 3 1
-149 -10 2 1
-145 -9 3 2
-145 -9 4 1
-147 -10 5 0
-146 -11 5 0
-145 -12 4 1
-122 -11 46 0
-122 -11 47 0
-123 -10 46 0
-123 -10 47 0
-124 -9 46 0
-124 -10 47 0
-124 -9 47 0
-125 -10 46 0
-115 -49 8 0
-117 -48 10 0
-126 -11 46 0
-126 -11 47 0
-124 -11 48 0
-124 -11 45 0
-124 -11 44 0
-124 -20 0 1
-124 -20 1 1
-124 -20 2 1
-124 -19 0 1
-124 -19 2 1
-110 -17 8 0
-111 -18 7 1
-112 -18 7 1
-122 -10 46 0
-123 -8 46 0
-123 -9 47 0
-123 -9 46 0
-124 -8 46 0
-124 -8 47 0
-125 -9 46 0
-126 -8 46 0
-125 -9 47 0
-126 -9 47 0
-126 -9 46 0
-126 -10 47 0
-124 -10 48 0
-124 -10 45 0
-124 -10 44 0
-106 -14 7 1
-114 -30 3 1
-107 -14 8 1
-117 -30 3 1
-108 -14 9 1
-124 -6 34 0
-118 -22 2 2
-106 -13 9 1
-122 -25 5 1
-107 -28 4 1
-123 -7 33 1
-123 -6 33 1
-123 -5 33 1
-122 -7 33 1
-122 -6 33 2
-122 -5 33 1
-121 -7 33 1
-121 -6 33 1
-121 -5 33 1
-124 -5 35 1
-123 -4 33 2
-123 -3 33 1
-122 -4 33 1
-122 -3 33 1
-121 -4 33 1
-121 -3 33 1
-125 -5 35 0
-125 -4 35 0
-125 -4 36 0
-125 -4 34 0
-126 -5 34 0
-127 -6 35 0
-102 -11 8 1
-125 -6 35 0
-126 -6 34 0
-125 -7 35 0
-126 -7 34 0
-125 -8 35 0
-125 -8 36 0
-125 -8 34 0
-125 -6 34 0
-125 -6 33 0
-116 -29 2 1
-115 -28 3 2
-114 -2 1 1
-114 -29 4 1
-114 -29 6 0
-114 -29 5 0
-115 -30 4 1
-115 -29 5 0
-110 -22 2 1
-110 -22 3 1
-110 -22 4 1
-110 -21 2 1
-110 -20 2 1
-109 -22 2 1
-109 -22 3 1
-109 -22 4 1
-109 -21 2 1
-109 -20 2 1
-111 -22 5 1
-110 -22 5 1
-109 -22 5 1
-116 -21 2 1
-116 -21 3 1
-116 -21 4 1
-116 -20 2 1
-116 -20 3 1
-116 -20 4 1
-115 -22 2 1
-115 -23 3 1
-115 -23 4 1
-115 -24 2 1
-115 -23 2 1
-111 -23 3 0
-124 -3 35 1
-124 -3 36 1
-124 -5 32 1
-124 -4 32 1
-124 -3 32 1
-123 -4 32 2
-123 -3 32 1
-122 -4 32 2
-122 -3 32 1
-125 -5 34 0
-125 -4 33 0
-126 -5 33 0
-127 -6 34 0
-126 -6 33 0
-125 -7 34 0
-126 -7 35 0
-126 -7 33 0
-125 -8 33 0
-124 -7 34 0
-125 -6 32 0
-125 -20 5 1
-124 -19 4 2
-116 -6 5 1
-118 -6 4 1
-113 -13 5 1
-113 -12 5 1
-113 -11 5 1
-114 -17 3 1
-114 -17 4 2
-114 -17 5 1
-113 -25 3 1
-114 -15 5 1
-113 -25 4 1
-114 -25 2 2
-113 -17 5 1
-113 -16 5 1
-113 -15 5 1
-112 -17 5 1
-113 -17 2 1
-113 -15 0 1
-113 -14 0 1
-113 -13 0 1
-122 -5 31 1
-121 -7 31 1
-121 -6 31 1
-121 -5 31 1
-124 -6 32 0
-124 -5 31 1
-124 -4 31 1
-121 -27 0 1
-123 -4 31 2
-123 -3 31 1
-122 -4 31 2
-122 -3 31 1
-125 -5 33 0
-125 -5 32 0
-125 -4 32 0
-126 -4 33 0
-126 -4 32 0
-127 -6 33 0
-126 -6 32 0
-127 -6 32 0
-125 -7 33 0
-126 -7 32 0
-125 -7 32 0
-125 -8 32 0
-124 -7 33 0
-125 -6 31 0
-121 -28 6 1
-121 -28 5 2
-121 -28 4 2
-111 -23 4 0
-111 -23 5 0
-116 -22 5 1
-116 -21 5 1
-116 -20 5 1
-114 -26 2 1
-122 -26 6 2
-112 -25 4 1
-113 -43 5 0
-113 -43 6 0
-116 -43 5 0
-116 -44 5 0
-117 -45 5 0
-122 -27 6 2
-116 -44 6 0
-115 -45 5 0
-115 -44 6 0
-115 -45 6 0
-114 -44 5 0
-114 -45 5 1
-114 -44 6 0
-115 -43 7 0
-116 -44 2 1
-116 -44 3 1
-116 -44 4 1
-115 -44 2 1
-115 -44 3 2
-115 -44 4 1
-114 -44 2 1
-114 -44 3 1
-114 -44 4 1
-124 -5 30 1
-124 -4 30 1
-124 -3 30 1
-123 -4 30 1
-123 -3 30 1
-122 -4 30 2
-122 -3 30 1
-125 -5 31 0
-125 -4 31 0
-126 -5 32 0
-126 -5 31 0
-126 -6 31 0
-125 -7 31 0
-126 -7 31 0
-125 -8 31 0
-124 -7 32 0
-124 -7 31 0
-125 -6 30 0
-112 -33 4 2
-113 -31 6 1
-113 -31 5 1
-113 -31 4 1
-113 -32 6 1
-113 -32 4 2
-113 -33 6 1
-113 -33 5 2
-113 -33 4 2
-114 -32 6 1
-114 -32 5 1
-114 -32 4 1
-114 -33 6 1
-116 -26 3 2
-116 -25 3 1
-116 -24 3 2
-121 -25 6 1
-122 -28 4 1
-122 -28 5 2
-122 -28 6 2
-111 -31 5 0
-106 -5 9 0
-105 -6 8 1
-123 -7 29 1
-129 -16 3 0
-123 -5 29 1
-122 -7 29 2
-122 -6 29 2
-124 -27 2 1
-121 -7 29 1
-121 -6 29 1
-121 -5 29 1
-123 -4 29 1
-123 -3 29 1
-122 -4 29 2
-122 -3 29 1
-121 -4 29 1
-121 -4 30 1
-121 -4 31 1
-121 -3 29 1
-121 -3 30 1
-121 -3 31 1
-124 -6 30 0
-121 -4 32 1
-121 -3 32 1
-126 -5 30 0
-126 -6 30 0
-125 -7 30 0
-126 -8 30 0
-126 -8 31 0
-124 -7 30 0
-124 -8 30 0
-113 -45 5 1
-114 -45 6 1
-113 -45 6 1
-116 -45 5 0
-116 -45 6 0
-117 -45 6 0
-116 -46 5 0
-132 -10 5 0
-116 -46 6 0
-115 -46 5 0
-115 -47 5 0
-121 -4 2 2
-109 -1 3 1
-121 -4 3 2
-122 -4 0 1
-108 -1 3 1
-122 -3 0 1
-122 -2 0 1
-107 -5 3 1
-121 -4 0 2
-120 -4 0 2
-122 -8 2 1
-104 -2 8 1
-122 -8 3 1
-122 -7 1 1
-122 -7 2 1
-122 -7 3 1
-122 -6 1 1
-124 -4 3 1
-124 -3 2 1
-124 -3 3 1
-109 -6 5 2
-109 -6 6 1
-109 -3 -1 1
-107 -6 4 1
-137 -11 4 1
-137 -11 3 1
-106 -5 4 1
-138 -9 3 2
-106 -3 4 2
-138 -10 2 1
-138 -11 4 1
-138 -11 3 2
-138 -11 2 1
-139 -9 4 1
-139 -9 3 1
-135 -12 3 2
-135 -11 1 1
-134 -12 1 1
-134 -11 1 1
-108 -4 1 1
-107 -2 6 1
-106 -10 5 2
-106 -9 4 1
-106 -9 5 2
-105 -5 7 1
-105 -10 5 1
-105 -4 6 2
-109 -2 4 1
-108 -12 6 2
-108 -12 7 2
-108 -11 6 2
-108 -11 7 2
-110 -34 2 1
-109 -34 2 1
-108 -34 2 1
-108 -34 3 1
-108 -34 4 1
-134 -12 3 1
-114 -2 5 1
-114 -2 4 2
-114 -3 6 1
-114 -3 5 1
-116 -3 3 2
-112 -4 2 1
-112 -4 3 1
-112 -3 2 1
-112 -2 2 1
-112 -2 3 1
-111 -3 3 1
-113 -5 3 2
-112 -5 3 1
-133 -1 5 0
-132 -1 6 0
-133 -1 6 0
-132 -1 5 0
-133 -1 4 0
-132 -2 5 0
-132 -2 6 0
-132 -2 4 0
-131 -1 5 0
-130 -1 5 0
-131 -1 6 0
-130 -1 4 0
-110 -4 3 1
-123 -5 3 1
-123 -5 4 1
-105 -13 6 1
-105 -13 7 1
-123 -4 4 1
-123 -3 4 2
-122 -5 4 2
-122 -4 4 2
-122 -3 4 1
-123 -5 1 1
-122 -6 5 1
-122 -5 5 2
-122 -4 5 1
-122 -6 -1 1
-122 -5 -1 1
-122 -5 0 2
-122 -4 -1 1
-101 -34 4 1
-101 -34 5 1
-133 -14 6 0
-134 -13 0 1
-113 -1 7 2
-114 -1 7 1
-143 -1 8 0
-143 -1 7 0
-140 -1 5 0
-140 -1 9 0
-140 -1 8 0
-142 -3 6 0
-133 -4 2 1
-126 -4 3 0
-128 -5 3 0
-114 -1 8 1
-123 -25 6 2
-124 -25 7 2
-124 -25 6 2
-121 -25 7 1
-109 -4 0 2
-109 -4 -1 1
-110 -4 1 1
-110 -4 0 2
-110 -4 -1 1
-111 -2 1 1
-111 -2 0 2
-111 -2 -1 1
-111 -3 1 1
-111 -3 0 2
-111 -3 -1 1
-111 -4 1 1
-111 -4 0 2
-111 -4 -1 1
-107 -3 1 1
-107 -4 1 1
-107 -5 1 1
-108 -4 0 1
-108 -4 -1 1
-108 -5 0 1
-108 -5 -1 1
-111 -8 3 1
-111 -8 2 1
-112 -7 2 2
-112 -8 3 2
-112 -8 2 2
-140 -20 4 0
-140 -20 5 0
-140 -20 8 0
-139 -21 6 0
-140 -22 7 0
-140 -22 6 0
-141 -21 6 0
-106 -10 7 2
-106 -10 6 2
-113 -7 3 2
-113 -7 2 2
-108 -2 4 1
-113 -8 2 1
-114 -7 3 1
-131 -9 5 0
-131 -9 4 0
-131 -10 5 0
-109 -7 2 1
-109 -8 3 2
-109 -8 2 2
-110 -7 2 2
-110 -8 3 1
-110 -8 2 2
-111 -7 2 1
-123 -24 7 1
-124 -23 8 1
-124 -23 7 1
-127 -18 4 0
-126 -18 4 0
-127 -18 5 0
-126 -18 5 0
-126 -17 4 0
-126 -17 5 0
-128 -16 4 0
-128 -16 5 0
-128 -19 4 0
-129 -20 4 0
-128 -19 5 0
-128 -20 4 0
-128 -20 5 0
-126 -20 4 0
-126 -19 5 0
-126 -19 4 0
-128 -18 6 0
-105 -4 7 1
-127 -25 7 1
-114 -22 5 1
-114 -23 5 2
-113 -23 6 1
-109 -24 6 1
-109 -25 6 1
-109 -26 6 1
-137 -5 9 0
-138 -4 9 0
-141 -5 8 0
-141 -5 9 0
-141 -5 7 0
-140 -7 9 0
-139 -7 9 0
-139 -5 9 0
-139 -5 10 0
-123 -28 6 1
-123 -27 6 2
-123 -26 6 2
-119 -29 2 1
-115 -3 5 1
-129 -7 6 0
-139 -11 5 0
-139 -11 6 0
-138 -11 5 0
-138 -12 5 0
-140 -12 6 0
-103 -36 9 0
-102 -36 9 1
-102 -36 10 1
-103 -36 8 1
-102 -36 8 1
-102 -34 9 0
-102 -34 10 0
-102 -34 8 0
-104 -35 8 0
-104 -34 8 0
-144 -15 2 1
-141 -18 6 0
-140 -17 2 1
-140 -17 1 1
-139 -16 7 0
-139 -16 6 0
-139 -18 4 1
-139 -18 6 0
-139 -18 5 0
-141 -18 5 0
-140 -17 5 0
-141 -16 4 1
-141 -16 6 0
-141 -16 5 0
-127 -48 3 0
-127 -48 4 0
-127 -48 2 0
-128 -46 2 1
-128 -46 3 1
-128 -46 4 1
-128 -45 2 2
-128 -45 3 2
-128 -45 4 2
-128 -44 2 1
-128 -44 3 1
-128 -44 4 1
-129 -46 5 1
-129 -45 5 1
-129 -44 5 1
-128 -46 5 1
-128 -45 5 1
-128 -44 5 1
-128 -46 1 1
-128 -45 1 1
-128 -44 1 1
-129 -47 2 0
-129 -9 0 2
-129 -9 -1 1
-127 -10 4 0
-132 -50 1 1
-132 -50 2 1
-128 -10 3 0
-130 -10 2 1
-130 -10 3 0
-131 -50 1 1
-113 -8 0 1
-114 -8 0 1
-122 -29 1 1
-130 -50 1 1
-104 -9 2 1
-119 -13 42 1
-119 -12 42 2
-119 -11 42 2
-118 -13 42 1
-118 -12 42 2
-118 -11 42 1
-118 -14 43 1
-119 -17 42 1
-119 -16 42 1
-119 -15 42 2
-118 -17 42 1
-118 -16 42 2
-118 -15 42 2
-117 -17 42 1
-117 -16 42 2
-117 -15 42 1
-116 -17 42 1
-116 -16 42 2
-116 -15 42 1
-115 -17 42 1
-115 -16 42 1
-115 -15 42 1
-114 -17 42 1
-114 -16 42 2
-114 -15 42 1
-113 -17 42 1
-113 -16 42 1
-113 -15 42 1
-128 -49 0 1
-128 -49 1 1
-128 -48 -1 1
-128 -48 0 2
-128 -48 1 1
-128 -47 -1 1
-128 -47 0 1
-128 -47 1 1
-119 -13 41 2
-119 -12 41 2
-119 -11 41 2
-118 -13 41 2
-118 -12 41 2
-118 -11 41 1
-117 -13 41 2
-117 -12 41 2
-117 -11 41 1
-117 -14 43 1
-119 -17 41 1
-119 -16 41 1
-119 -15 41 2
-118 -17 41 1
-118 -16 41 2
-118 -15 41 2
-117 -17 41 1
-117 -16 41 2
-117 -15 41 2
-115 -17 41 1
-115 -16 41 2
-115 -15 41 2
-114 -17 41 1
-114 -16 41 2
-114 -15 41 1
-113 -17 41 1
-113 -16 41 1
-113 -15 41 1
-116 -14 41 2
-117 -15 40 1
-117 -14 40 1
-117 -14 41 2
-117 -14 42 1
-117 -13 40 1
-116 -15 40 1
-116 -15 41 1
-116 -14 40 1
-116 -13 40 1
-116 -13 41 2
-115 -15 40 1
-115 -14 40 1
-115 -14 41 1
-115 -13 40 1
-115 -13 41 2
-127 -46 2 1
-127 -46 3 1
-127 -46 4 1
-127 -45 2 2
-127 -45 3 1
-127 -45 4 2
-127 -44 2 1
-127 -44 3 1
-127 -44 4 1
-127 -46 5 1
-127 -45 5 1
-127 -44 5 1
-127 -46 1 1
-127 -45 1 1
-127 -44 1 1
-127 -50 3 1
-127 -50 2 1
-128 -48 5 0
-127 -49 -1 1
-127 -49 0 1
-127 -49 1 1
-127 -48 -1 1
-127 -48 0 2
-127 -48 1 1
-127 -47 -1 1
-127 -47 0 1
-127 -47 1 1
-112 -11 10 1
-112 -11 4 1
-112 -12 4 2
-110 -11 5 1
-135 -6 6 0
-136 -5 6 0
-116 -28 0 1
-117 -30 5 0
-116 -27 0 1
-116 -27 1 1
-116 -26 0 1
-112 -9 10 1
-118 -27 4 1
-110 -8 6 1
-110 -9 6 2
-111 -9 6 2
-116 -28 7 0
-135 -4 1 1
-135 -3 1 1
-135 -3 2 1
-132 -14 3 1
-135 -2 1 1
-135 -2 2 2
-135 -2 3 1
-134 -4 1 1
-123 -16 32 1
-123 -15 32 1
-123 -14 32 1
-122 -16 32 2
-122 -15 32 2
-122 -14 32 1
-121 -16 32 1
-121 -15 32 1
-121 -14 32 1
-124 -15 30 0
-128 -24 3 1
-128 -25 4 1
-128 -26 5 1
-110 -32 2 1
-110 -33 2 1
-110 -36 4 1
-111 -36 4 1
-139 -10 3 1
-112 -36 4 2
-112 -34 7 1
-112 -35 6 2
-112 -35 5 2
-112 -36 7 1
-112 -36 6 2
-112 -36 5 2
-111 -36 5 1
-109 -29 7 2
-109 -28 5 1
-109 -28 7 1
-109 -27 5 1
-109 -27 6 1
-109 -27 7 1
-108 -29 5 1
-108 -29 6 2
-101 -9 2 1
-101 -9 3 1
-101 -9 4 2
-101 -8 2 1
-101 -8 3 1
-101 -8 4 1
-108 -29 7 2
-143 -27 46 0
-142 -27 46 0
-108 -28 7 1
-143 -27 47 0
-142 -27 47 0
-143 -25 46 0
-143 -25 47 0
-143 -30 45 1
-143 -30 46 1
-143 -30 47 1
-143 -29 45 2
-143 -29 46 2
-143 -29 47 2
-143 -28 45 1
-143 -28 46 1
-143 -28 47 1
-143 -30 48 1
-143 -30 49 1
-143 -29 48 1
-143 -29 49 1
-143 -28 48 1
-143 -28 49 1
-143 -30 44 1
-143 -29 44 1
-143 -28 44 1
-144 -27 48 0
-144 -27 45 0
-144 -27 44 0
-138 -22 7 0
-103 -35 5 0
-102 -35 5 1
-142 -6 2 1
-142 -6 3 1
-142 -5 2 1
-142 -5 3 2
-142 -4 2 1
-142 -4 3 1
-103 -35 6 0
-103 -33 5 0
-134 -13 7 0
-103 -33 6 0
-141 -27 47 0
-142 -26 46 0
-142 -25 46 0
-142 -25 47 0
-101 -12 4 1
-101 -11 4 2
-142 -30 47 1
-142 -29 45 2
-142 -29 46 2
-142 -29 47 2
-142 -28 45 1
-142 -28 46 1
-142 -28 47 1
-142 -30 48 1
-142 -29 48 1
-142 -28 48 1
-142 -30 44 1
-142 -29 44 1
-142 -28 44 1
-143 -27 48 0
-143 -27 45 0
-143 -27 44 0
-126 -20 5 0
-127 -21 5 0
-127 -20 5 0
-127 -21 4 0
-127 -20 4 0
-123 -18 5 2
-140 -27 46 0
-123 -18 3 1
-140 -27 47 0
-141 -26 46 0
-141 -25 46 0
-141 -26 47 0
-141 -25 47 0
-142 -26 47 0
-141 -30 45 1
-141 -30 46 1
-141 -30 47 1
-141 -29 45 2
-141 -29 46 2
-141 -29 47 1
-103 -7 4 1
-102 -7 4 1
-101 -7 4 1
-104 -10 4 1
-104 -9 4 2
-104 -8 4 1
-103 -11 4 1
-102 -11 4 2
-141 -28 44 1
-142 -27 48 0
-142 -27 45 0
-142 -27 44 0
-134 -16 5 0
-149 -6 4 1
-133 -15 5 0
-149 -5 5 0
-149 -7 4 1
-149 -7 6 0
-131 -14 5 0
-119 -28 5 1
-139 -27 46 0
-110 -33 8 0
-139 -27 47 0
-140 -26 46 0
-139 -25 46 0
-140 -26 47 0
-139 -25 47 0
-140 -30 45 1
-140 -30 46 1
-140 -30 47 1
-140 -29 45 2
-140 -29 46 2
-140 -29 47 1
-140 -28 45 1
-140 -28 46 1
-101 -12 3 1
-101 -11 3 2
-142 -29 49 1
-142 -28 49 1
-141 -30 49 1
-141 -29 49 1
-104 -12 9 1
-102 -12 11 0
-140 -30 49 1
-140 -29 48 2
-140 -29 49 1
-128 -48 3 0
-128 -48 4 0
-129 -46 2 1
-129 -46 3 1
-129 -46 4 1
-129 -45 2 2
-129 -45 3 2
-129 -45 4 2
-129 -44 2 1
-129 -44 3 1
-129 -44 4 1
-131 -46 1 1
-131 -45 1 1
-131 -44 1 1
-130 -46 1 1
-130 -45 1 1
-119 -15 5 1
-119 -14 4 1
-119 -14 5 1
-119 -13 4 1
-119 -13 5 1
-122 -12 2 1
-122 -12 3 1
-125 -12 2 0
-124 -12 3 0
-104 -12 10 1
-102 -13 6 1
-146 -48 1 1
-146 -47 -1 1
-146 -47 0 2
-146 -46 -1 1
-136 -10 6 0
-137 -9 7 0
-104 -5 10 0
-106 -9 9 0
-106 -8 10 0
-106 -9 8 1
-113 -32 7 0
-116 -31 6 0
-115 -32 6 0
-117 -30 6 0
-101 -37 8 1
-101 -37 9 2
-121 -12 1 1
-121 -12 2 1
-121 -12 3 2
-120 -12 1 1
-120 -12 2 1
-120 -12 3 1
-119 -12 1 1
-119 -12 2 1
-119 -12 3 1
-121 -12 4 1
-121 -12 5 1
-120 -12 4 1
-120 -12 5 1
-119 -12 4 1
-103 -37 9 1
-102 -38 8 1
-102 -38 10 1
-101 -38 9 1
-109 -31 10 1
-108 -31 9 1
-108 -31 10 1
-108 -30 10 2
-108 -29 10 1
-107 -31 9 1
-107 -31 10 1
-107 -30 9 2
-107 -30 10 1
-107 -29 9 1
-107 -29 10 1
-109 -31 11 1
-109 -30 11 1
-109 -29 11 1
-108 -31 11 1
-108 -30 11 1
-108 -29 11 1
-107 -31 11 2
-107 -30 11 1
-107 -29 11 1
-106 -31 9 2
-106 -30 9 1
-106 -29 9 1
-110 -31 9 0
-111 -30 9 0
-111 -32 9 0
-110 -33 9 0
-112 -49 7 1
-112 -48 7 1
-149 -7 5 0
-111 -49 7 1
-111 -48 7 1
-110 -49 7 1
-110 -48 7 1
-149 -6 6 0
-113 -48 7 1
-111 -47 7 1
-111 -46 5 1
-133 -16 4 0
-111 -46 6 1
-111 -46 7 1
-114 -49 7 0
-114 -49 8 0
-113 -48 2 1
-149 -8 6 0
-149 -8 4 1
-102 -6 6 1
-133 -14 2 2
-150 -8 2 1
-150 -8 3 1
-150 -7 2 1
-150 -7 3 2
-150 -6 2 1
-150 -6 3 1
-111 -12 4 2
-120 -23 6 2
-116 -6 -1 1
-125 -15 31 0
-124 -16 30 0
-125 -16 31 0
-125 -17 31 0
-124 -19 32 1
-124 -18 32 1
-124 -17 32 1
-123 -19 32 1
-123 -18 32 2
-123 -17 32 1
-122 -19 32 1
-122 -18 32 1
-122 -17 32 2
-120 -22 1 1
-125 -25 3 2
-115 -1 -1 1
-126 -23 5 1
-126 -23 3 1
-126 -24 5 2
-126 -24 3 2
-118 -25 4 2
-118 -25 5 2
-124 -20 4 2
-124 -20 5 2
-124 -19 3 1
-124 -19 5 2
-124 -18 3 1
-124 -18 4 1
-124 -18 5 2
-123 -20 3 1
-123 -20 4 2
-123 -20 5 1
-147 -10 3 2
-148 -11 2 1
-123 -19 5 1
-148 -11 3 1
-148 -11 4 1
-148 -10 2 1
-148 -10 3 1
-148 -10 4 1
-148 -9 2 1
-148 -9 3 2
-147 -11 2 1
-147 -11 3 2
-147 -11 4 1
-147 -10 2 1
-147 -10 4 1
-147 -9 2 1
-147 -9 3 2
-101 -40 9 2
-101 -40 8 1
-102 -39 10 1
-102 -39 9 1
-102 -40 10 1
-102 -40 9 1
-114 -48 7 1
-114 -48 8 0
-113 -47 2 1
-102 -39 8 1
-127 -20 0 1
-127 -20 1 2
-127 -20 2 1
-126 -20 2 1
-126 -19 0 1
-126 -19 1 1
-126 -19 2 1
-117 -21 1 1
-118 -21 1 1
-119 -21 1 1
-110 -4 10 1
-132 -19 5 0
-133 -19 0 1
-104 -4 4 1
-129 -18 3 0
-122 -1 4 1
-113 -2 9 1
-123 -2 4 1
-124 -1 4 1
-124 -2 4 1
-107 -4 10 0
-110 -3 9 1
-109 -3 9 0
-134 -3 7 0
-134 -3 2 2
-123 -5 2 1
-121 -3 4 1
-139 -3 5 0
-119 -30 5 0
-111 -5 0 2
-111 -5 1 1
-113 -8 3 1
-127 -19 5 0
-132 -7 3 1
-134 -9 6 0
-114 -8 4 1
-114 -8 5 1
-131 -8 4 0
-124 -4 4 1
-130 -9 4 0
-124 -3 4 1
-141 -5 5 0
-136 -11 4 1
-136 -11 5 0
-135 -12 4 1
-135 -12 5 0
-135 -11 4 1
-135 -11 5 0
-137 -13 3 2
-105 -1 5 1
-105 -1 7 1
-116 -7 5 1
-106 -2 6 1
-105 -1 3 2
-115 -7 5 1
-110 -30 3 1
-135 -3 7 0
-110 -30 1 1
-112 -8 4 2
-106 -2 4 1
-112 -10 4 1
-115 -2 -1 1
-119 -6 3 2
-119 -6 2 2
-119 -6 1 2
-119 -7 3 2
-119 -7 2 1
-119 -7 1 2
-118 -6 2 2
-119 -3 4 1
-133 -15 3 1
-133 -15 2 1
-138 -7 2 1
-138 -8 4 1
-120 -21 5 1
-112 -6 8 1
-137 -3 7 0
-109 -5 1 2
-121 -21 1 1
-121 -20 1 1
-120 -20 1 1
-119 -20 1 1
-140 -5 5 0
-139 -10 4 1
-139 -9 2 1
-130 -16 0 1
-130 -17 2 1
-130 -17 1 2
-130 -17 0 1
-131 -17 2 1
-138 -9 2 1
-132 -17 2 1
-128 -26 4 1
-135 -8 7 0
-136 -8 7 0
-138 -8 7 0
-125 -4 4 0
-125 -4 3 0
-124 -5 4 1
-134 -11 2 2
-107 -11 7 2
-107 -11 6 2
-107 -12 7 1
-107 -12 6 1
-131 -10 4 0
-132 -9 5 0
-132 -9 4 0
-132 -10 4 0
-146 -19 5 0
-131 -6 5 0
-130 -19 1 2
-130 -19 2 1
-106 -6 8 1
-106 -6 9 0
-116 -30 2 1
-116 -30 3 2
-115 -30 2 1
-115 -30 3 2
-117 -31 5 0
-112 -8 6 1
-139 -15 5 0
-111 -8 6 2
-139 -15 6 0
-139 -15 4 1
-138 -16 5 0
-118 -27 5 1
-119 -27 4 1
-138 -17 5 0
-116 -26 1 1
-138 -16 6 0
-138 -16 4 1
-136 -17 5 0
-116 -28 1 1
-137 -15 7 0
-137 -6 2 1
-138 -16 1 1
-138 -16 2 2
-138 -16 3 2
-138 -15 1 1
-138 -14 1 1
-137 -16 1 1
-137 -16 2 2
-137 -16 3 1
-111 -11 11 1
-129 -19 1 2
-111 -25 5 1
-112 -25 5 1
-116 -27 8 1
-117 -27 8 1
-113 -25 5 1
-113 -27 7 0
-114 -26 9 1
-115 -26 9 1
-116 -26 9 1
-115 -26 8 1
-116 -26 8 1
-113 -25 6 1
-112 -21 5 1
-112 -22 5 1
-112 -23 5 1
-113 -21 5 1
-113 -22 5 2
-113 -23 5 1
-114 -21 5 1
-106 -9 6 2
-106 -9 7 2
-105 -10 6 1
-105 -10 7 2
-105 -9 6 2
-122 -1 2 2
-122 -1 3 1
-108 -12 9 1
-108 -11 8 2
-108 -11 9 1
-121 -2 -1 1
-121 -1 -1 1
-107 -11 8 2
-107 -11 9 1
-113 -16 7 1
-113 -16 8 1
-113 -16 9 1
-112 -16 7 1
-112 -16 8 2
-112 -16 9 2
-111 -16 7 1
-111 -16 8 1
-111 -16 9 1
-113 -16 10 1
-112 -16 10 2
-111 -16 10 1
-109 -15 8 0
-109 -15 9 0
-113 -3 1 1
-116 -4 4 2
-116 -4 5 1
-116 -3 4 1
-116 -3 5 1
-116 -2 4 1
-116 -2 5 1
-114 -7 4 1
-115 -6 2 1
-115 -5 1 2
-115 -5 2 2
-115 -6 0 1
-115 -5 0 2
-115 -4 0 2
-114 -6 0 1
-114 -5 0 2
-114 -4 0 2
-113 -6 0 1
-113 -5 0 1
-113 -4 0 2
-113 -4 -1 1
-113 -3 -1 1
-113 -3 0 2
-113 -2 -1 1
-113 -2 0 2
-112 -1 1 1
-116 -1 2 2
-117 -2 1 1
-117 -2 2 2
-117 -2 3 1
-117 -1 1 2
-117 -1 2 2
-117 -1 3 1
-116 -1 1 2
-116 -1 3 1
-117 -4 2 1
-117 -4 3 2
-117 -4 4 2
-117 -3 2 2
-117 -3 3 2
-105 -34 5 0
-104 -34 5 0
-105 -34 6 0
-104 -34 6 0
-104 -33 6 0
-107 -32 7 1
-107 -32 8 1
-106 -32 8 2
-105 -32 8 2
-105 -31 8 2
-105 -30 8 1
-106 -35 5 0
-108 -36 4 2
-109 -37 3 1
-109 -37 4 1
-109 -37 5 1
-109 -36 3 1
-109 -36 4 1
-109 -36 5 1
-108 -37 3 1
-108 -37 4 1
-108 -37 5 2
-108 -36 3 1
-108 -36 5 2
-108 -35 3 1
-108 -35 4 1
-108 -35 5 1
-107 -37 3 1
-107 -37 4 1
-107 -37 5 1
-107 -36 3 1
-107 -36 4 1
-107 -36 5 1
-133 -12 3 1
-133 -11 3 1
-113 -1 6 1
-113 -2 2 2
-108 -12 8 2
-113 -3 2 1
-110 -5 4 1
-102 -32 5 1
-150 -27 9 0
-125 -24 3 2
-124 -25 3 2
-125 -24 5 1
-105 -9 7 2
-108 -2 8 0
-108 -28 4 1
-134 -11 3 1
-133 -12 2 2
-107 -9 9 0
-107 -9 5 2
-107 -8 7 1
-107 -7 7 1
-105 -7 6 2
-112 -31 5 1
-105 -8 7 2
-104 -10 7 2
-127 -7 4 0
-126 -7 4 0
-127 -5 3 0
-129 -5 3 0
-104 -10 6 1
-129 -5 4 0
-108 -4 8 0
-120 -12 42 1
-120 -11 40 1
-120 -11 41 2
-120 -11 42 2
-120 -13 43 1
-120 -13 44 1
-120 -12 43 1
-120 -12 44 1
-120 -11 43 2
-120 -11 44 1
-120 -16 40 1
-120 -16 41 1
-120 -16 42 1
-120 -16 43 1
-120 -15 43 1
-143 -17 6 0
-143 -17 4 1
-141 -19 5 0
-141 -17 6 0
-143 -15 5 0
-143 -14 5 0
-143 -15 4 1
-144 -16 5 0
-145 -15 5 0
-145 -15 6 0
-145 -16 4 1
-145 -18 5 0
-145 -18 6 0
-145 -18 4 1
-143 -18 5 0
-143 -16 6 0
-143 -16 7 0
-144 -17 2 1
-144 -17 3 2
-144 -16 2 1
-144 -16 3 2
-144 -16 4 1
-102 -11 2 1
-144 -15 3 1
-143 -15 2 1
-143 -15 3 1
-142 -15 2 1
-142 -15 3 1
-146 -18 6 0
-146 -18 4 0
-144 -18 6 0
-101 -13 9 1
-101 -13 8 1
-101 -13 7 1
-102 -13 9 1
-102 -13 8 1
-102 -13 7 1
-102 -14 9 1
-146 -15 5 0
-144 -14 4 1
-150 -16 4 1
-149 -18 5 0
-149 -14 5 0
-109 -3 2 1
-109 -4 2 1
-109 -5 2 2
-128 -22 0 1
-127 -20 3 0
-113 -12 9 1
-113 -12 8 1
-109 -14 7 1
-108 -15 8 0
-108 -15 9 0
-145 -22 7 0
-146 -20 8 0
-146 -20 7 0
-114 -21 6 1
-114 -22 6 2
-150 -48 7 0
-107 -33 7 1
-146 -6 5 0
-146 -5 5 0
-146 -5 6 0
-146 -5 4 1
-147 -6 5 0
-147 -9 5 0
-147 -9 4 1
-146 -8 5 0
-146 -8 6 0
-146 -8 4 1
-147 -7 7 0
-146 -8 2 1
-146 -8 3 1
-146 -7 2 1
-146 -7 3 2
-146 -6 2 1
-146 -6 3 1
-146 -6 4 1
-104 -2 2 1
-104 -3 2 1
-119 -8 -1 1
-120 -8 -1 1
-121 -8 -1 1
-133 -15 1 1
-134 -15 3 1
-134 -15 2 2
-134 -15 1 1
-150 -23 7 0
-150 -23 9 0
-149 -25 9 0
-109 -7 6 1
-112 -10 5 1
-112 -10 6 1
-112 -10 7 1
-111 -10 5 1
-121 -14 21 1
-124 -15 20 0
-125 -15 20 0
-124 -16 20 0
-125 -16 20 0
-125 -17 20 0
-121 -18 21 1
-111 -10 9 1
-110 -10 8 1
-110 -10 9 1
-109 -9 6 2
-109 -10 6 2
-113 -21 10 2
-113 -21 8 2
-114 -19 10 1
-114 -19 9 1
-114 -19 8 1
-123 -17 22 1
-123 -16 22 1
-123 -15 22 1
-122 -17 22 2
-122 -16 22 2
-122 -15 22 2
-121 -17 22 1
-121 -16 22 1
-121 -15 22 1
-123 -14 22 1
-122 -14 22 1
-121 -14 22 1
-124 -15 21 0
-125 -15 21 0
-124 -16 21 0
-125 -16 21 0
-125 -17 21 0
-124 -19 22 1
-124 -18 22 1
-124 -17 22 1
-123 -19 22 1
-123 -18 22 2
-122 -19 22 1
-122 -18 22 1
-121 -18 22 1
-118 -24 1 1
-118 -24 0 1
-118 -25 2 1
-118 -25 1 1
-118 -25 0 1
-118 -26 2 1
-118 -26 1 2
-118 -26 0 1
-119 -26 2 1
-119 -26 1 2
-119 -26 0 1
-119 -25 7 1
-102 -4 9 1
-115 -2 2 2
-115 -3 4 2
-131 -20 7 0
-107 -11 5 1
-107 -11 4 1
-107 -12 5 1
-107 -12 4 1
-108 -11 5 2
-108 -11 4 1
-108 -12 5 1
-108 -12 4 2
-105 -37 6 0
-131 -21 3 0
-105 -34 7 0
-103 -37 7 1
-109 -6 0 1
-108 -6 0 1
-104 -38 6 1
-103 -34 7 0
-104 -33 7 1
-104 -34 7 0
-105 -36 7 0
-105 -36 6 0
-106 -35 7 0
-106 -36 7 0
-133 -9 5 0
-133 -10 5 0
-134 -9 5 0
-134 -10 5 0
-129 -20 8 0
-101 -1 10 0
-130 -21 5 0
-123 -17 23 1
-123 -16 23 1
-123 -15 23 1
-122 -17 23 2
-113 -11 1 1
-113 -11 2 1
-113 -11 3 1
-112 -11 1 1
-112 -11 2 2
-113 -11 4 1
-112 -10 -1 1
-112 -10 0 1
-111 -10 -1 1
-111 -10 0 1
-110 -10 -1 1
-110 -10 0 1
-125 -17 22 0
-124 -19 23 1
-124 -18 23 1
-124 -17 23 1
-123 -19 23 1
-123 -18 23 2
-122 -19 23 1
-122 -18 23 1
-121 -18 23 1
-104 -5 2 1
-103 -5 2 1
-103 -4 2 1
-103 -3 2 1
-102 -5 2 1
-102 -4 2 1
-102 -3 2 1
-113 -2 3 2
-116 -26 2 1
-117 -28 3 2
-126 -25 5 2
-138 -1 7 0
-141 -2 6 0
-142 -2 6 0
-116 -7 3 1
-115 -7 1 1
-115 -7 2 1
-137 -3 5 0
-137 -4 4 1
-112 -1 6 1
-112 -1 5 1
-112 -1 4 1
-112 -2 6 1
-112 -2 5 1
-137 -3 4 1
-131 -8 5 0
-111 -1 6 0
-107 -8 9 0
-107 -7 9 0
-126 -7 2 0
-104 -5 4 2
-104 -6 4 1
-124 -6 4 0
-125 -5 4 0
-117 -6 -1 1
-118 -6 -1 1
-119 -4 0 2
-119 -4 -1 1
-112 -13 3 2
-117 -6 5 1
-112 -13 4 2
-112 -13 5 1
-111 -13 3 2
-111 -13 4 1
-111 -13 5 1
-110 -13 3 2
-110 -13 4 1
-121 -8 3 2
-121 -8 2 2
-121 -22 6 2
-121 -8 1 2
-119 -3 0 1
-120 -1 0 1
-120 -2 0 2
-120 -3 0 1
-121 -1 0 1
-121 -2 0 1
-120 -4 1 1
-121 -1 3 1
-121 -1 2 1
-121 -1 1 1
-121 -2 3 1
-121 -2 2 1
-121 -3 3 1
-121 -3 2 2
-126 -24 4 2
-121 -3 1 2
-119 -25 4 1
-119 -25 5 1
-112 -6 3 2
-112 -5 2 1
-114 -6 1 1
-114 -4 1 1
-113 -5 1 2
-112 -3 1 2
-112 -2 -1 1
-112 -2 0 2
-112 -2 1 1
-109 -12 7 1
-109 -11 6 1
-109 -11 7 1
-109 -12 8 1
-109 -12 9 1
-109 -11 8 1
-109 -11 9 1
-109 -10 8 1
-109 -10 9 1
-103 -4 9 1
-111 -34 7 1
-138 -13 7 0
-109 -13 6 1
-109 -13 7 1
-111 -3 2 1
-115 -2 1 1
-115 -1 1 2
-115 -1 2 1
-115 -1 3 1
-102 -3 10 0
-114 -1 1 2
-118 -28 7 0
-129 -19 2 1
-128 -19 0 1
-116 -23 5 1
-115 -21 5 1
-115 -22 5 1
-115 -23 5 1
-115 -21 9 1
-137 -12 5 0
-110 -14 10 1
-140 -7 5 0
-123 -1 4 1
-122 -2 4 1
-101 -3 10 0
-126 -20 0 1
-132 -12 7 0
-130 -12 6 0
-130 -11 5 0
-130 -11 6 0
-132 -11 7 0
-130 -13 5 0
-131 -9 -1 1
-121 -29 2 1
-114 -25 3 1
-101 -38 3 0
-105 -35 4 0
-109 -38 4 1
-109 -38 5 1
-109 -38 6 1
-108 -38 4 1
-108 -38 5 1
-108 -38 6 1
-107 -38 4 1
-107 -38 5 1
-107 -38 6 1
-126 -18 3 0
-128 -17 3 0
-127 -17 3 0
-130 -17 3 0
-125 -25 4 2
-134 -10 7 0
-135 -10 7 0
-137 -11 7 0
-135 -13 7 0
-135 -11 8 0
-125 -19 3 1
-135 -9 7 0
-136 -12 7 0
-136 -10 8 0
-137 -7 7 0
-137 -9 8 0
-136 -7 8 0
-137 -6 8 0
-138 -5 8 0
-140 -6 7 0
-140 -6 8 0
-140 -7 8 0
-140 -8 7 0
-140 -8 8 0
-138 -9 8 0
-137 -8 8 0
-138 -7 9 0
-140 -4 8 0
-124 -18 38 1
-124 -17 38 1
-123 -19 38 1
-123 -18 38 2
-122 -19 38 1
-122 -18 38 1
-121 -18 37 1
-121 -18 38 1
-108 -32 8 1
-109 -32 8 0
-102 -32 6 1
-112 -34 3 1
-111 -34 3 1
-111 -33 3 1
-112 -31 1 1
-123 -17 39 1
-123 -16 39 1
-123 -15 39 1
-122 -17 39 2
-122 -16 39 2
-147 -13 5 0
-148 -13 5 0
-146 -13 6 0
-146 -13 7 0
-147 -14 2 1
-147 -14 3 2
-119 -28 2 1
-119 -28 3 1
-119 -28 4 1
-119 -27 3 1
-118 -29 2 1
-118 -29 3 1
-118 -29 4 1
-117 -29 2 1
-117 -29 3 2
-123 -19 39 1
-131 -17 6 0
-131 -17 7 0
-122 -18 39 1
-132 -18 7 0
-107 -14 9 1
-133 -19 6 0
-133 -19 7 0
-132 -20 6 0
-132 -20 7 0
-131 -21 7 0
-131 -19 7 0
-131 -19 8 0
-122 -17 40 2
-102 -12 6 1
-102 -12 7 2
-101 -9 9 0
-101 -8 9 0
-101 -8 10 0
-101 -8 8 1
-102 -9 9 0
-102 -9 10 0
-102 -9 8 1
-122 -13 40 1
-101 -11 9 0
-130 -18 3 0
-121 -13 39 1
-130 -16 3 0
-132 -16 3 0
-133 -16 3 1
-134 -18 3 0
-133 -19 3 0
-132 -19 4 0
-108 -8 8 0
-108 -8 9 0
-132 -20 3 0
-131 -19 5 0
-130 -19 3 0
-132 -18 6 0
-107 -7 8 0
-133 -19 1 1
-133 -19 2 1
-132 -19 0 1
-132 -19 1 1
-132 -19 2 1
-131 -19 0 1
-131 -19 1 1
-131 -19 2 1
-126 -6 2 0
-101 -7 9 0
-101 -7 10 0
-101 -7 8 1
-102 -8 9 0
-102 -7 9 0
-102 -8 10 0
-102 -7 8 1
-103 -9 9 0
-103 -9 10 0
-103 -9 8 1
-102 -10 9 0
-102 -10 10 0
-144 -14 6 0
-146 -12 6 0
-148 -12 5 0
-147 -12 6 0
-146 -14 7 0
-102 -10 6 2
-102 -10 7 2
-102 -9 6 1
-102 -9 7 1
-102 -8 6 2
-102 -8 7 2
-102 -8 8 1
-101 -10 6 1
-101 -10 7 1
-101 -9 6 2
-101 -9 8 1
-101 -8 6 1
-101 -8 7 2
-128 -19 3 0
-127 -19 3 0
-128 -18 3 0
-131 -19 3 0
-130 -20 4 0
-131 -21 4 0
-130 -20 5 0
-130 -20 3 0
-130 -21 3 0
-129 -21 4 0
-129 -21 5 0
-127 -25 8 1
-139 -19 7 0
-139 -19 6 0
-138 -19 6 0
-113 -12 11 1
-138 -18 5 0
-138 -18 7 0
-138 -18 6 0
-137 -17 6 0
-111 -10 2 2
-111 -10 3 1
-111 -9 2 1
-111 -9 3 1
-135 -21 6 0
-137 -21 5 0
-137 -20 7 0
-137 -21 6 0
-137 -19 5 0
-137 -19 7 0
-137 -19 6 0
-137 -18 5 0
-137 -18 7 0
-137 -18 6 0
-135 -17 7 0
-134 -19 4 0
-134 -19 8 0
-134 -21 5 0
-134 -21 7 0
-134 -21 6 0
-101 -11 11 0
-135 -20 7 0
-136 -20 6 0
-135 -20 6 0
-136 -19 5 0
-136 -19 7 0
-136 -19 6 0
-135 -18 5 0
-135 -18 7 0
-123 -23 7 1
-135 -18 6 0
-123 -23 8 1
-128 -22 6 0
-128 -22 7 0
-128 -22 5 0
-126 -22 7 0
-127 -21 7 0
-127 -21 8 0
-130 -19 7 0
-131 -20 6 0
-129 -20 7 0
-131 -19 6 0
-131 -18 7 0
-132 -19 7 0
-130 -19 8 0
-132 -17 6 0
-132 -19 8 0
-132 -21 5 0
-132 -21 7 0
-132 -21 6 0
-133 -20 5 0
-133 -20 6 0
-134 -19 5 0
-134 -19 7 0
-134 -19 6 0
-133 -18 7 0
-132 -17 7 0
-133 -18 6 0
-133 -17 7 0
-134 -18 6 0
-134 -18 7 0
-135 -19 6 0
-130 -17 7 0
-135 -19 7 0
-135 -19 5 0
-134 -20 6 0
-134 -20 7 0
-134 -20 5 0
-133 -21 6 0
-133 -21 7 0
-105 -14 8 1
-133 -19 8 0
-105 -14 9 1
-105 -14 10 1
-105 -13 9 2
-105 -13 10 1
-105 -12 9 1
-105 -12 10 1
-104 -14 10 1
-104 -13 10 1
-103 -14 10 1
-128 -21 7 0
-128 -21 6 0
-127 -20 7 0
-106 -36 8 0
-105 -36 9 0
-105 -37 9 0
-105 -37 10 0
-105 -37 8 0
-104 -36 9 0
-104 -36 10 0
-104 -36 8 0
-105 -35 11 0
-105 -35 8 0
-105 -35 7 0
-127 -20 6 0
-110 -2 3 0
-126 -24 1 1
-112 -13 6 1
-103 -7 3 1
-102 -7 3 1
-101 -7 3 1
-105 -8 4 2
-105 -7 4 2
-104 -7 4 2
-104 -11 4 1
-104 -11 5 1
-104 -7 7 2
-113 -8 4 1
-102 -10 11 0
-124 -15 44 0
-104 -5 5 2
-111 -1 5 0
-119 -22 3 2
-119 -23 5 1
-104 -6 8 1
-140 -10 5 0
-139 -10 6 0
-150 -34 12 1
-111 -9 -1 1
-111 -9 0 2
-110 -9 -1 1
-104 -11 3 1
-150 -34 13 1
-150 -34 14 1
-110 -11 1 1
-110 -11 2 1
-109 -11 1 1
-109 -11 2 1
-109 -11 3 1
-114 -33 5 1
-150 -36 9 1
-150 -35 9 1
-150 -34 9 1
-110 -13 5 1
-133 -10 3 1
-133 -10 2 1
-134 -9 2 2
-128 -4 2 0
-127 -4 4 0
-127 -6 5 0
-128 -4 3 0
-130 -8 6 0
-114 -8 3 1
-114 -8 2 1
-129 -5 1 1
-127 -5 5 0
-104 -10 10 0
-101 -12 2 1
-101 -11 2 1
-134 -17 4 0
-135 -15 7 0
-124 -6 12 0
-123 -7 10 1
-123 -6 10 1
-123 -5 10 1
-122 -7 10 1
-122 -6 10 2
-122 -5 10 2
-121 -7 10 1
-121 -6 10 1
-121 -5 10 1
-124 -2 11 1
-119 -28 6 1
-124 -2 12 1
-124 -2 13 1
-123 -2 11 1
-123 -2 12 1
-123 -2 13 1
-122 -2 11 1
-122 -2 12 1
-122 -2 13 1
-124 -2 14 1
-123 -2 14 1
-122 -2 14 1
-124 -4 10 1
-124 -3 10 1
-124 -2 10 1
-123 -4 10 1
-123 -3 10 2
-123 -2 10 1
-122 -4 10 1
-122 -3 10 1
-122 -2 10 1
-125 -5 12 0
-125 -4 11 0
-126 -4 11 0
-126 -6 12 0
-127 -6 11 0
-126 -7 11 0
-125 -7 12 0
-125 -7 11 0
-124 -19 48 2
-124 -19 49 1
-124 -18 48 1
-124 -18 49 1
-124 -17 48 1
-124 -17 49 1
-123 -19 48 1
-123 -19 49 2
-123 -18 49 2
-123 -17 49 1
-122 -19 48 1
-122 -19 49 1
-122 -18 48 1
-122 -18 49 2
-122 -17 49 2
-121 -18 48 1
-113 -20 4 2
-112 -20 2 1
-103 -12 3 1
-103 -12 4 1
-103 -12 5 1
-102 -12 3 1
-102 -12 4 1
-102 -12 5 1
-122 -16 49 2
-122 -15 49 1
-121 -17 49 2
-121 -16 49 2
-121 -15 49 1
-123 -14 48 0
-124 -15 48 0
-125 -15 48 0
-124 -16 48 1
-125 -16 48 0
-125 -17 48 0
-124 -19 50 1
-124 -18 50 1
-124 -17 50 1
-123 -19 50 2
-123 -18 50 1
-123 -17 50 1
-122 -19 50 1
-122 -18 50 1
-122 -17 50 1
-121 -18 49 2
-123 -16 50 1
-148 -17 1 1
-149 -15 3 2
-131 -11 1 2
-131 -11 0 1
-123 -14 49 0
-124 -15 49 0
-125 -15 49 0
-124 -16 49 0
-125 -16 49 0
-125 -17 49 0
-122 -16 50 1
-121 -18 50 1
-121 -17 50 1
-121 -16 50 1
-130 -18 5 0
-128 -18 4 0
-128 -18 5 0
-130 -17 6 0
-131 -18 0 1
-124 -25 1 1
-124 -24 1 1
-126 -23 0 1
-130 -18 2 1
-129 -18 0 1
-144 -7 5 0
-124 -5 7 0
-144 -7 6 0
-123 -15 50 1
-122 -15 50 1
-121 -15 50 1
-123 -14 50 0