DAV_OBMAP v3 cell_size=10
-87 -67 4 1
-88 -69 0 33
-88 -69 1 8
-88 -67 1 1
-89 -69 -1 1
-89 -69 1 1
-92 -70 2 1
-90 -70 2 12
-80 -63 5 0
-86 -51 10 0
-81 -53 9 0
-81 -53 7 0
-81 -53 8 0
-81 -53 11 0
-82 -54 10 0
-83 -53 10 0
-82 -53 10 0
-83 -53 9 0
-82 -53 9 0
-82 -52 10 0
-82 -52 9 0
-81 -51 10 0
-81 -52 10 0
-81 -51 9 0
-80 -54 9 0
-80 -54 8 0
-80 -54 11 0
-81 -55 10 0
-80 -54 10 0
-81 -55 9 0
-81 -54 10 0
-82 -54 9 0
-81 -54 9 0
-81 -53 10 0
-81 -52 9 0
-80 -52 10 0
-80 -52 9 0
-79 -53 10 0
-78 -52 9 0
-79 -53 9 0
-78 -54 10 0
-78 -55 11 0
-77 -56 8 0
-78 -57 8 0
-78 -57 9 0
-80 -56 8 0
-80 -56 10 0
-80 -56 9 0
-80 -55 8 0
-80 -55 10 0
-80 -55 9 0
-80 -53 8 0
-80 -53 10 0
-80 -53 9 0
-78 -53 8 0
-78 -53 10 0
-78 -53 9 0
-77 -53 8 0
-77 -53 10 0
-78 -54 9 0
-76 -78 -1 1
-77 -77 -1 1
-77 -78 1 1
-77 -78 0 1
-77 -78 -1 1
-78 -78 -1 1
-77 -77 0 1
-78 -76 2 0
-78 -76 1 0
-78 -75 1 0
-79 -76 0 0
-79 -76 2 0
-81 -76 0 0
-81 -73 0 0
-78 -73 0 0
-77 -74 0 0
-78 -72 -3 1
-78 -73 -3 1
-78 -74 -3 1
-79 -72 -3 1
-79 -73 -3 1
-79 -74 -3 1
-80 -72 -3 1
-80 -73 -3 1
-79 -73 -2 1
-77 -74 2 0
-77 -75 1 0
-78 -72 -1 0
-78 -72 0 0
-77 -74 1 0
-77 -70 0 0
-75 -72 1 0
-76 -72 3 0
-75 -72 2 0
-75 -70 1 0
-100 -65 3 1
-84 -72 4 0
-73 -68 1 0
-75 -69 1 0
-77 -67 1 0
-73 -65 1 0
-73 -67 1 0
-86 -76 6 0
-85 -76 5 0
-85 -75 6 0
-85 -76 6 0
-84 -76 5 0
-99 -67 3 2
-56 -81 1 2
-56 -81 2 1
-55 -82 0 1
-55 -82 1 4
-55 -81 0 1
-55 -81 1 2
-55 -81 2 3
-57 -84 2 1
-57 -84 3 0
-57 -84 1 1
-58 -85 0 1
-58 -84 0 1
-58 -84 1 1
-58 -84 2 1
-58 -83 0 1
-58 -83 1 1
-58 -83 2 1
-57 -84 0 1
-57 -83 0 1
-57 -83 1 1
-57 -83 2 1
-56 -83 0 1
-53 -87 0 1
-53 -87 1 1
-53 -87 2 1
-53 -86 0 1
-60 -65 13 0
-60 -66 13 0
-60 -65 12 0
-61 -66 13 0
-60 -66 12 0
-61 -66 12 0
-60 -68 13 0
-60 -67 12 0
-60 -68 12 0
-58 -68 12 0
-51 -100 2 1
-66 -75 1 1
-65 -74 0 1
-67 -74 4 0
-67 -74 1 1
-68 -73 0 1
-67 -73 0 1
-66 -73 0 2
-54 -85 2 0
-54 -85 3 0
-54 -85 1 0
-54 -83 2 1
-54 -83 3 1
-54 -83 1 0
-56 -83 2 1
-57 -81 3 1
-57 -81 4 1
-56 -81 3 1
-56 -81 4 1
-55 -81 3 1
-55 -81 4 1
-56 -83 1 3
-57 -83 3 2
-58 -84 4 1
-58 -83 3 1
-58 -83 4 1
-58 -82 2 1
-58 -82 3 1
-58 -82 4 1
-57 -85 0 1
-56 -84 0 1
-55 -83 0 2
-58 -86 0 1
-57 -86 0 1
-55 -88 4 1
-54 -88 4 1
-54 -87 4 1
-53 -88 3 1
-53 -88 4 1
-53 -87 3 1
-53 -87 4 1
-53 -86 4 1
-56 -85 4 0
-56 -85 0 1
-57 -84 -1 1
-56 -84 -1 1
-55 -84 -1 1
-89 -77 3 1
-83 -77 4 0
-84 -75 7 0
-81 -97 0 2
-81 -97 -1 1
-81 -98 1 1000
-81 -98 0 6
-81 -98 -1 1
-83 -97 2 0
-83 -99 1 1
-83 -99 0 4
-83 -99 -1 1
-84 -98 0 4
-84 -97 2 1
-83 -92 1 1
-83 -92 0 1
-83 -92 -1 1
-80 -94 1 1
-80 -94 0 2
-80 -94 -1 1
-80 -95 1 1
-94 -74 2 1
-95 -74 3 1
-95 -74 2 1
-96 -74 2 1
-72 -57 0 2
-72 -57 4 0
-72 -57 3 0
-85 -72 0 1
-100 -98 3 0
-97 -63 6 3
-97 -63 5 7
-100 -61 1 2
-81 -71 1 0
-89 -61 7 2
-75 -53 2 1
-75 -51 2 1
-76 -52 2 1
-72 -56 1 1
-74 -57 2 1
-74 -58 2 1
-80 -54 -1 1
-80 -53 -1 1
-80 -52 -1 1
-77 -69 1 0
-77 -69 4 0
-77 -69 3 0
-75 -71 2 0
-77 -68 3 0
-100 -93 0 1
-100 -94 -1 1
-99 -94 -1 1
-88 -69 3 1
-83 -62 1 2
-64 -58 2 0
-80 -61 8 0
-80 -61 7 0
-78 -62 5 0
-84 -72 1 1
-84 -61 1 1
-80 -78 2 0
-79 -78 0 0
-80 -77 0 0
-83 -77 0 0
-83 -78 0 0
-83 -80 0 0
-81 -80 0 0
-80 -80 1 1
-80 -79 2 0
-80 -80 0 1
-81 -78 -2 1
-81 -79 -3 1
-80 -79 -3 1
-96 -83 4 0
-96 -83 3 0
-97 -85 6 0
-90 -53 10 1
-90 -53 9 2
-90 -54 10 1
-91 -53 10 1
-98 -86 4 8
-98 -86 5 1
-98 -85 5 1
-100 -86 0 1
-99 -89 2 0
-99 -89 1 0
-75 -53 -1 1
-77 -52 0 2
-86 -68 4 0
-89 -71 0 7
-83 -64 6 0
-84 -63 6 0
-83 -63 6 0
-83 -62 5 1
-82 -61 6 1
-84 -55 4 3
-84 -55 3 13
-67 -61 7 0
-67 -61 4 0
-67 -61 3 0
-64 -59 5 0
-64 -59 6 0
-64 -59 4 0
-64 -58 5 0
-94 -58 9 1
-63 -61 4 0
-66 -58 5 0
-66 -57 5 0
-66 -59 5 0
-66 -58 6 0
-66 -58 4 0
-67 -58 5 0
-67 -58 6 0
-55 -64 4 0
-55 -64 5 0
-55 -62 6 0
-56 -63 0 1
-56 -62 0 1
-56 -61 0 1
-55 -63 0 1
-55 -62 0 1
-55 -61 0 1
-54 -62 3 0
-54 -60 3 0
-56 -60 3 0
-95 -78 6 0
-64 -52 3 0
-87 -95 8 0
-86 -95 3 1
-92 -65 -1 1
-97 -69 -1 1
-57 -63 5 0
-57 -63 3 0
-56 -64 4 0
-56 -64 3 0
-54 -63 3 0
-56 -62 6 0
-97 -60 1 1
-56 -62 2 0
-55 -60 3 0
-57 -61 4 0
-58 -60 4 0
-100 -84 4 1
-100 -84 5 1
-97 -72 8 0
-85 -97 5 1
-84 -98 5 1
-81 -96 3 1
-76 -100 2 1
-76 -100 1 1
-98 -80 11 0
-98 -80 12 0
-98 -80 10 0
-99 -79 11 0
-99 -80 12 0
-99 -79 10 0
-100 -81 10 0
-77 -100 -1 1
-98 -83 12 0
-99 -81 12 0
-99 -81 13 0
-65 -59 4 0
-65 -59 6 0
-98 -79 11 0
-98 -79 12 0
-98 -79 10 0
-100 -80 11 0
-100 -79 11 0
-100 -79 12 0
-100 -79 10 0
-100 -82 12 0
-98 -82 12 0
-100 -81 12 0
-100 -81 13 0
-99 -78 11 0
-99 -78 12 0
-99 -78 10 0
-100 -78 11 0
-100 -77 11 0
-100 -78 12 0
-100 -78 10 0
-100 -79 13 0
-100 -79 9 0
-68 -54 4 0
-69 -55 5 0
-69 -55 4 0
-69 -54 4 0
-70 -54 3 0
-100 -77 12 0
-100 -77 10 0
-82 -95 2 1
-100 -80 12 0
-100 -80 10 0
-100 -78 13 0
-100 -78 9 0
-92 -65 6 2
-92 -64 5 1
-90 -78 5 0
-89 -78 4 0
-90 -78 4 1
-99 -94 3 0
-68 -60 1 0
-94 -61 3 1
-86 -75 5 0
-99 -90 0 1
-100 -94 5 0
-89 -69 9 1
-88 -70 7 1
-85 -72 5 0
-88 -69 7 1
-100 -93 2 0
-79 -59 5 0
-85 -60 -1 1
-51 -71 2 0
-51 -71 3 0
-51 -71 1 0
-51 -74 1 0
-51 -72 -1 1
-51 -71 -1 1
-75 -51 3 1
-83 -60 5 4
-79 -55 0 1
-80 -55 1 2
-80 -56 4 1004
-80 -55 4 1
-89 -56 8 0
-73 -52 -1 1
-62 -57 5 0
-63 -57 5 0
-62 -57 4 0
-83 -70 6 0
-83 -70 2 0
-80 -70 3 0
-81 -68 4 0
-82 -70 2 0
-80 -70 4 0
-80 -70 2 0
-93 -64 9 1
-93 -65 9 1
-94 -65 5 7
-78 -61 7 0
-87 -65 4 1
-86 -66 4 1
-86 -65 4 1
-66 -51 2 0
-65 -51 3 0
-84 -54 3 1
-82 -54 0 4
-81 -54 0 1
-84 -60 -1 1
-85 -83 1 1
-93 -66 -1 1
-92 -64 1 1
-93 -67 2 4
-83 -65 6 0
-94 -65 1 3
-60 -54 3 0
-61 -53 2 0
-61 -53 3 0
-61 -55 1 0
-61 -55 0 0
-61 -55 2 0
-82 -57 6 1
-82 -57 5 1
-82 -57 4 1
-96 -65 4 1
-73 -51 -1 1
-73 -51 0 8
-73 -51 1 1
-61 -55 4 0
-60 -56 3 0
-86 -69 3 0
-85 -70 2 0
-77 -69 0 0
-85 -66 3 1
-98 -72 3 11
-96 -72 2 1
-61 -59 5 0
-61 -63 4 0
-61 -63 3 0
-61 -61 6 0
-61 -61 2 0
-90 -95 4 1
-51 -71 12 0
-51 -71 16 0
-51 -69 3 1
-51 -73 13 0
-51 -72 13 0
-52 -73 13 0
-52 -73 15 0
-52 -73 14 0
-53 -71 13 0
-53 -71 15 0
-53 -71 14 0
-52 -70 13 0
-52 -71 13 0
-52 -70 15 0
-52 -70 14 0
-52 -71 14 0
-51 -70 13 0
-51 -70 15 0
-51 -69 14 0
-77 -58 6 0
-83 -95 3 2
-82 -94 2 1
-78 -58 6 0
-51 -70 1 1
-51 -70 2 1
-51 -70 3 1
-52 -70 0 1
-52 -70 1 1
-52 -70 2 1
-52 -69 0 1
-52 -69 1 1
-52 -69 2 1
-52 -68 0 1
-52 -68 1 1
-52 -68 2 1
-51 -70 0 1
-85 -77 7 0
-86 -77 5 0
-85 -77 5 0
-87 -76 6 0
-87 -76 7 0
-53 -69 14 0
-85 -80 6 0
-53 -69 13 0
-52 -71 11 0
-52 -71 12 0
-62 -53 4 0
-62 -52 4 0
-64 -56 5 0
-80 -63 3 5
-80 -64 3 1
-80 -65 3 1
-98 -58 1 1
-98 -58 0 1
-73 -55 6 0
-73 -54 5 0
-73 -54 6 0
-74 -53 5 0
-74 -53 6 0
-87 -72 0 3
-75 -56 2 1
-75 -55 2 1000
-73 -52 7 0
-61 -58 5 0
-61 -58 3 0
-62 -57 3 0
-62 -60 4 0
-62 -60 5 0
-84 -95 -1 1
-83 -95 -1 1
-83 -95 0 5
-83 -95 1 5
-83 -94 -1 1
-70 -58 10 0
-70 -60 11 0
-95 -91 1 0
-95 -91 2 0
-95 -91 5 1
-94 -92 2 0
-93 -92 3 1
-95 -92 2 0
-97 -91 2 0
-96 -91 2 0
-96 -89 2 0
-96 -90 2 0
-90 -72 3 14
-98 -70 3 4
-97 -70 2 4
-79 -58 -1 1
-95 -76 7 0
-99 -77 7 0
-98 -76 7 0
-59 -52 4 0
-56 -53 3 0
-56 -53 2 0
-97 -74 3 1
-97 -75 2 1
-87 -65 3 1
-86 -55 5 1
-86 -55 6 4
-87 -77 7 0
-80 -57 2 1
-87 -77 5 0
-88 -77 6 0
-92 -74 2 1
-91 -64 -1 1
-91 -65 1 2
-91 -65 0 1
-91 -65 -1 1
-91 -66 1 20
-56 -88 0 1
-91 -66 -1 1
-84 -79 3 1
-84 -79 2 4
-84 -79 1 1000
-85 -79 3 1
-71 -61 5 0
-97 -77 5 1
-82 -65 6 0
-93 -57 8 2
-92 -57 8 7
-90 -59 8 1
-90 -58 8 1
-93 -55 6 1
-93 -55 7 1
-93 -55 8 1
-92 -55 6 2
-92 -55 7 3
-92 -55 8 1
-91 -56 6 1
-91 -56 7 2
-91 -56 8 2
-91 -55 6 2
-91 -55 7 8
-91 -55 8 7
-93 -57 9 1
-93 -56 8 1
-93 -56 9 1
-92 -57 9 1
-92 -56 8 6
-92 -56 9 1
-91 -57 8 1
-91 -57 9 1
-91 -56 9 1
-51 -92 0 1
-92 -55 5 1
-91 -56 5 1
-91 -55 5 1
-53 -92 3 1
-53 -90 0 1
-52 -90 0 1
-52 -90 1 1
-52 -90 2 1
-51 -91 0 1
-51 -91 1 1
-51 -91 2 1
-51 -90 0 1
-51 -90 1 1
-51 -90 2 1
-55 -92 3 2
-93 -78 2 1
-93 -71 4 1
-92 -71 2 1
-92 -71 3 1
-92 -71 4 1
-93 -71 5 1
-55 -90 2 1
-94 -71 1 1
-93 -71 1 1
-92 -71 1 1
-74 -56 2 1
-92 -66 -1 1
-91 -62 2 1
-99 -63 0 5
-84 -59 6 1
-56 -93 3 2
-56 -92 1 1
-82 -60 7 0
-82 -61 7 0
-83 -59 3 1
-82 -59 3 11
-58 -94 1 1
-58 -94 2 1
-76 -71 7 0
-76 -71 6 0
-75 -73 4 0
-89 -71 1 4
-88 -71 0 3
-88 -71 1 1
-56 -90 2 1
-56 -90 3 0
-57 -89 0 1
-57 -88 0 3
-57 -88 1 1
-57 -88 2 1
-57 -90 2 1
-94 -65 2 5
-95 -65 1 2
-95 -65 0 19
-95 -65 -1 1
-79 -82 1 1
-95 -66 2 7
-79 -81 0 1
-57 -92 -1 1
-57 -91 -1 1
-55 -51 3 0
-54 -51 3 0
-55 -51 4 0
-54 -51 2 0
-55 -51 -1 1
-99 -87 6 1
-84 -66 3 0
-80 -71 1 0
-81 -72 3 0
-82 -73 3 0
-80 -75 3 0
-80 -73 3 0
-80 -73 0 0
-97 -90 3 1
-99 -90 4 0
-99 -91 3 0
-100 -90 4 0
-100 -90 3 0
-96 -90 5 1
-96 -90 4 2
-82 -96 3 1
-83 -97 4 2
-83 -97 9 0
-83 -95 8 0
-62 -61 5 0
-85 -84 2 3
-85 -84 1 1
-86 -83 0 0
-85 -61 5 1
-83 -86 0 1
-92 -65 4 1
-93 -63 -1 1
-95 -87 5 1
-82 -86 1 1
-82 -86 2 1
-84 -84 0 0
-85 -83 -2 1
-86 -84 -3 1
-85 -84 -3 1
-91 -72 4 8
-83 -99 7 0
-96 -67 8 0
-95 -66 8 0
-87 -93 7 0
-86 -94 7 0
-89 -94 8 0
-87 -95 6 0
-88 -70 0 21
-88 -70 -1 1
-84 -78 2 4
-85 -79 2 3
-86 -63 4 1
-100 -76 3 1
-82 -76 5 0
-91 -72 3 1
-93 -91 5 1000
-94 -89 5 1
-94 -89 4 6
-94 -89 3 1
-94 -90 5 1000
-94 -90 4 3
-94 -90 3 1000
-94 -92 4 0
-95 -92 4 0
-94 -92 3 0
-95 -92 3 0
-83 -56 1 1
-83 -55 1 2
-74 -70 4 0
-78 -68 5 0
-78 -68 4 0
-76 -70 6 0
-76 -70 7 0
-72 -54 7 0
-57 -51 5 0
-90 -68 6 1
-100 -96 5 0
-79 -73 0 0
-80 -81 1 2
-79 -61 3 0
-77 -62 3 0
-91 -80 4 0
-98 -65 -1 1
-89 -84 -3 1
-98 -58 -1 1
-93 -68 7 0
-94 -68 8 0
-99 -61 -1 1
-83 -60 1 1
-52 -96 3 0
-52 -95 3 0
-53 -97 2 1
-54 -97 2 1
-53 -97 3 0
-89 -78 3 2
-52 -97 4 0
-52 -97 1 1
-97 -62 1 23
-97 -62 2 3
-97 -62 3 2
-97 -61 1 2
-97 -61 2 5
-97 -61 3 1
-71 -66 6 0
-79 -100 6 1
-78 -100 6 1
-93 -68 8 0
-95 -67 7 0
-95 -68 8 0
-95 -67 8 0
-96 -68 8 0
-95 -69 9 0
-96 -61 -1 1
-96 -61 0 2
-96 -61 1 1
-96 -60 -1 1
-73 -55 1 1
-90 -76 6 0
-73 -55 -1 1
-81 -56 0 2
-73 -52 0 5
-93 -90 0 11
-93 -90 1 1
-93 -89 0 8
-92 -90 -1 1
-92 -90 0 10
-82 -58 1 1
-82 -58 0 1
-94 -74 3 1
-71 -51 3 0
-73 -51 3 0
-97 -75 6 1
-84 -59 4 1
-84 -59 3 1
-98 -84 -1 1
-67 -60 6 0
-67 -60 7 0
-100 -84 6 0
-93 -66 4 1
-81 -96 2 1
-78 -95 2 1
-78 -95 1 1
-90 -65 8 2
-90 -66 9 1
-90 -66 8 1
-97 -89 7 0
-95 -90 6 0
-97 -91 6 0
-97 -90 6 0
-97 -91 5 1
-94 -86 4 1
-95 -88 6 0
-89 -93 8 0
-96 -89 6 0
-59 -60 4 0
-59 -60 5 0
-98 -60 2 1
-93 -66 1 1
-85 -63 4 1
-66 -59 7 0
-80 -62 4 1
-71 -52 4 0
-71 -52 6 0
-78 -56 -1 1
-81 -56 -1 1
-76 -83 0 1
-76 -83 1 1
-76 -83 2 1
-75 -83 0 1
-75 -83 1 2
-75 -83 2 1
-74 -83 0 1
-74 -83 1 1
-74 -83 2 1
-76 -85 2 1
-76 -85 3 0
-69 -54 3 0
-69 -54 2 0
-69 -57 4 0
-69 -57 5 0
-75 -89 1 0
-73 -88 1 0
-75 -87 0 1
-76 -86 -1 1
-75 -86 -1 1
-74 -86 -1 1
-81 -81 0 1
-85 -81 0 0
-85 -82 0 0
-84 -84 1 1
-84 -84 2 2
-84 -84 3 1
-83 -84 1 2
-83 -84 2 2
-83 -84 3 1
-82 -84 1 1
-82 -84 2 1
-82 -84 3 1
-83 -83 0 0
-82 -83 0 2
-82 -84 -1 1
-81 -84 -1 1
-81 -84 0 1
-81 -84 1 1
-80 -84 -1 1
-99 -94 6 0
-94 -60 4 1
-94 -60 3 1
-84 -82 -3 1
-83 -82 -3 1
-72 -62 1 0
-85 -71 2 2
-98 -60 0 6
-81 -81 -1 1
-81 -80 -1 1
-80 -80 -1 1
-87 -78 1 1
-86 -81 0 0
-91 -64 9 1
-83 -98 5 1
-90 -80 3 1
-82 -58 3 3
-82 -57 2 1
-82 -57 3 1
-92 -61 7 3
-92 -61 6 3
-87 -77 4 1
-93 -61 7 5
-93 -61 6 1
-93 -61 5 1
-72 -85 2 2
-73 -84 4 1
-72 -86 2 1
-92 -62 6 1000
-78 -59 6 0
-78 -59 7 0
-72 -85 4 1
-72 -84 2 2
-72 -84 3 1
-72 -84 4 1
-72 -85 1 1
-72 -86 0 1
-81 -51 4 0
-77 -55 0 9
-76 -57 0 1
-93 -77 7 0
-96 -75 7 0
-96 -77 6 0
-97 -77 7 0
-96 -78 7 0
-95 -79 6 0
-95 -79 5 0
-82 -85 0 1
-82 -85 1 1
-82 -85 2 1
-83 -85 3 1
-82 -85 3 1
-85 -82 -2 1
-92 -56 5 1
-93 -56 7 1
-86 -81 -3 1
-99 -64 1 3
-77 -62 6 0
-89 -83 -3 1
-88 -85 -3 1
-88 -84 -3 1
-70 -60 1 0
-86 -65 1 4
-85 -66 0 5
-70 -62 -1 1
-86 -66 1 7
-80 -53 1 1
-73 -84 -1 1
-94 -87 5 1
-84 -70 6 0
-81 -70 4 0
-81 -70 5 0
-81 -70 3 0
-97 -64 1 10
-99 -65 3 1
-93 -64 -1 1
-89 -75 2 1
-81 -65 1 1
-85 -64 0 5
-84 -62 2 4
-83 -63 2 1000
-83 -63 3 1000
-80 -57 3 3
-84 -62 3 10
-79 -64 -1 1
-79 -64 0 1
-79 -64 1 1
-87 -72 1 1
-86 -72 -1 1
-92 -60 5 1
-65 -51 2 0
-71 -58 2 0
-72 -58 3 0
-71 -58 1 0
-67 -53 3 0
-65 -53 4 0
-65 -53 1 0
-86 -70 -1 1
-86 -70 0 3
-86 -70 1 1
-86 -69 -1 1
-86 -68 -1 1
-86 -68 0 14
-86 -68 1 3
-89 -64 7 1
-89 -67 3 1
-88 -67 3 10
-91 -69 7 1
-60 -63 5 0
-60 -61 6 0
-78 -96 9 1
-78 -96 10 1
-77 -98 10 1
-77 -97 8 1
-77 -97 9 1
-79 -97 7 0
-100 -97 4 0
-84 -62 5 0
-93 -67 1 7
-88 -64 5 1
-89 -63 6 1
-94 -60 7 2
-94 -61 8 1
-92 -75 6 0
-92 -76 5 0
-92 -76 6 0
-89 -76 5 0
-90 -75 6 0
-89 -76 6 0
-90 -75 7 0
-91 -76 2 1
-90 -76 2 1
-89 -76 2 1
-97 -64 8 1
-98 -64 8 1
-99 -64 8 1
-83 -80 -3 1
-83 -58 7 1
-82 -58 5 6
-82 -58 6 2
-82 -58 7 1
-95 -60 1 1
-68 -58 -1 1
-68 -59 -1 1
-86 -51 2 1
-86 -52 4 1
-86 -52 3 1
-84 -63 4 1
-84 -80 -3 1
-84 -66 5 0
-82 -51 7 1
-82 -51 6 1
-82 -51 5 1
-82 -52 7 1
-82 -52 6 1
-82 -52 5 1
-96 -77 9 0
-82 -57 7 1
-94 -70 0 1
-90 -66 0 1
-88 -76 4 0
-97 -74 4 1
-92 -68 3 1005
-92 -67 1 11
-92 -67 2 1
-92 -67 3 1
-82 -67 3 0
-84 -52 6 1001
-89 -96 5 1
-88 -96 4 1
-88 -96 5 1
-87 -96 5 1
-83 -56 5 1
-91 -70 0 1
-80 -58 2 1
-80 -59 -1 1
-80 -59 0 8
-97 -82 5 0
-97 -82 4 0
-65 -58 6 0
-64 -60 5 0
-84 -81 2 3
-84 -81 3 1
-84 -80 1 1
-88 -79 1 1
-86 -79 1 1
-74 -62 3 1
-94 -91 2 0
-93 -91 2 0
-94 -88 5 1
-58 -53 5 0
-58 -53 4 0
-67 -58 1 0
-67 -60 2 0
-76 -54 2 1
-86 -51 5 1
-87 -66 1 2
-87 -66 0 2
-85 -51 3 1
-85 -52 2 1
-83 -82 1 1
-85 -51 2 1
-85 -51 1 1
-84 -52 1 1
-71 -51 -1 1
-93 -68 0 6
-78 -56 4 1
-99 -90 6 0
-98 -89 6 0
-99 -88 7 0
-99 -63 4 1
-94 -91 0 1
-94 -91 1 1
-91 -89 4 6
-91 -89 5 1
-91 -88 5 1
-90 -90 5 1
-90 -89 5 1
-90 -88 5 1
-94 -92 -1 1
-94 -92 0 1
-94 -92 1 1
-93 -92 -1 1
-93 -92 0 1
-93 -92 1 1
-90 -91 2 0
-89 -92 -1 1
-89 -92 0 7
-65 -61 4 0
-65 -59 5 0
-77 -66 4 0
-77 -66 5 0
-60 -61 2 0
-85 -82 3 1
-75 -53 3 1
-76 -52 4 0
-76 -51 4 1
-81 -66 3 0
-62 -56 0 0
-84 -64 4 1
-84 -64 5 0
-84 -76 -3 1
-83 -77 -2 1
-83 -79 2 3
-84 -78 3 1
-85 -78 2 2
-62 -51 4 0
-62 -51 5 0
-60 -52 7 0
-60 -51 6 0
-60 -51 7 0
-82 -62 4 1
-95 -61 3 1
-81 -53 1 1
-81 -61 3 1000
-79 -59 3 0
-77 -60 2 1
-74 -61 4 1
-76 -62 4 0
-76 -62 6 0
-77 -61 4 0
-78 -60 4 0
-74 -58 4 0
-58 -94 3 1
-58 -93 1 1
-58 -93 2 1
-58 -93 3 1
-58 -92 1 1
-76 -60 7 0
-63 -55 7 0
-74 -61 5 0
-76 -62 5 0
-74 -58 5 0
-74 -60 6 0
-74 -60 5 0
-81 -65 6 0
-58 -92 0 1
-98 -79 5 0
-57 -93 0 1
-57 -92 0 1
-56 -95 2 0
-56 -95 3 0
-56 -95 1 0
-55 -98 0 1
-55 -98 1 1
-55 -98 2 1
-55 -97 0 1
-55 -97 1 1
-75 -69 6 0
-75 -69 4 0
-76 -72 1 0
-76 -72 2 0
-78 -72 1 0
-78 -72 3 0
-79 -71 3 0
-79 -69 1 0
-100 -90 2 0
-99 -76 7 0
-98 -78 7 0
-99 -78 7 0
-61 -51 2 0
-62 -51 3 0
-89 -66 1 1
-89 -66 0 1
-94 -75 5 0
-92 -78 5 0
-93 -77 6 0
-73 -56 2 1
-73 -56 3 1000
-93 -64 2 2
-75 -57 2 1
-75 -57 3 1
-75 -57 1 0
-74 -56 3 1
-90 -70 4 13
-86 -74 5 0
-85 -74 5 0
-84 -79 -3 1
-87 -87 2 0
-87 -87 1 0
-96 -86 5 1
-96 -85 3 1
-84 -53 5 2
-88 -87 1 0
-88 -82 4 1
-88 -83 4 1
-68 -51 4 0
-68 -52 4 0
-68 -51 5 0
-56 -89 2 1
-55 -89 0 1
-55 -89 1 5
-55 -89 2 1
-85 -69 5 0
-100 -89 2 0
-85 -71 3 1
-88 -71 -1 1
-56 -97 1 1
-56 -97 2 1
-56 -96 0 1
-56 -96 1 1
-55 -97 2 1
-55 -96 0 1
-54 -96 0 1
-55 -93 4 1
-55 -93 0 2
-56 -94 -1 1
-56 -93 -1 1
-56 -92 -1 1
-86 -91 4 0
-86 -91 3 0
-79 -51 2 2
-98 -63 7 1
-98 -76 4 1000
-99 -92 5 0
-99 -92 6 0
-91 -62 1 1
-92 -66 4 1
-92 -63 5 1
-92 -63 6 1000
-92 -63 7 2
-91 -64 5 1
-91 -64 6 2
-91 -64 7 1
-91 -63 5 1
-84 -61 -1 1
-99 -72 5 13
-87 -56 7 1
-87 -56 6 9
-73 -57 1 1
-100 -68 4 1
-80 -51 -1 1
-79 -52 0 3
-79 -52 5 0
-85 -69 0 5
-86 -67 -1 1
-57 -91 2 0
-56 -91 3 0
-56 -91 1 0
-57 -93 3 1
-57 -94 2 1
-70 -80 3 0
-70 -80 1 0
-73 -79 1 1
-73 -79 2 1
-73 -79 3 1
-72 -79 1 1
-72 -79 2 1
-72 -79 3 1
-71 -79 1 2
-71 -79 2 5
-71 -79 3 2
-73 -79 4 1
-72 -79 4 1
-71 -79 4 1
-73 -79 0 1
-72 -79 0 1
-71 -79 0 1
-73 -82 3 1
-73 -82 1 1
-74 -82 2 0
-73 -83 3 0
-73 -83 1 0
-72 -84 1 1
-69 -84 1 1
-69 -84 2 1
-69 -84 3 1
-53 -93 0 1
-55 -90 3 0
-69 -83 3 1
-69 -84 0 1
-72 -82 3 0
-72 -82 4 0
-72 -82 1 1
-92 -88 3 1
-92 -88 4 1
-92 -88 5 1
-94 -90 2 0
-94 -89 2 1000
-88 -85 1 0
-88 -85 2 0
-89 -84 1 0
-100 -94 6 0
-95 -76 4 1
-76 -99 7 1
-76 -99 6 1
-76 -99 5 1
-76 -100 5 1
-77 -99 7 1
-77 -99 6 1
-77 -99 5 1
-77 -100 5 1
-78 -99 6 1
-77 -100 6 2
-69 -80 2 2
-68 -80 1 1
-68 -80 2 1
-68 -80 3 1
-68 -79 1 4
-68 -79 2 1
-68 -79 3 1
-69 -80 3 0
-69 -80 1 2
-69 -80 0 1
-98 -63 2 1
-100 -61 3 4
-82 -68 2 0
-76 -74 5 0
-76 -74 4 0
-78 -73 8 1
-79 -74 9 1
-79 -73 9 1
-79 -72 9 1
-88 -65 -1 1
-89 -65 3 1
-89 -65 4 1
-88 -69 4 0
-82 -54 -1 1
-81 -54 -1 1
-91 -66 3 9
-91 -66 2 8
-76 -61 4 1
-94 -66 -1 1
-71 -58 -1 1
-97 -66 0 1
-95 -67 -1 1
-94 -62 3 1
-79 -73 6 0
-93 -62 8 1
-86 -79 5 0
-80 -74 5 0
-79 -75 6 0
-78 -51 4 1
-65 -57 5 0
-65 -56 4 0
-74 -63 0 0
-95 -58 8 1
-95 -57 4 1
-91 -88 -3 1
-93 -57 4 1
-96 -59 7 1
-88 -68 1 44
-76 -53 -1 1
-77 -53 -1 1
-75 -53 1 1
-75 -53 0 8
-75 -54 1 1
-93 -73 5 0
-92 -75 7 0
-94 -74 5 0
-83 -66 4 0
-98 -89 4 0
-98 -89 3 1
-74 -62 2 1
-72 -64 4 1
-73 -61 4 1
-98 -62 -1 1
-100 -69 7 0
-70 -61 -1 1
-78 -70 3 0
-71 -57 1 0
-78 -68 3 0
-99 -84 2 2
-98 -84 5 1
-90 -69 7 1
-87 -69 7 0
-93 -80 3 0
-90 -80 5 0
-93 -81 4 0
-92 -82 6 0
-92 -82 4 0
-92 -80 3 1
-93 -81 2 1
-93 -80 2 1
-61 -51 4 0
-61 -52 5 0
-89 -96 7 0
-92 -80 4 0
-90 -94 7 0
-87 -92 6 0
-87 -94 7 0
-88 -94 7 0
-63 -62 11 0
-88 -94 6 0
-76 -56 4 1
-89 -93 7 0
-90 -93 7 0
-61 -65 10 0
-61 -65 14 0
-61 -65 13 0
-91 -94 7 0
-61 -67 11 0
-61 -66 11 0
-61 -67 12 0
-63 -66 13 0
-63 -66 12 0
-63 -65 11 0
-63 -65 13 0
-63 -65 12 0
-63 -63 11 0
-63 -63 13 0
-90 -93 4 4
-90 -94 5 1
-90 -94 4 1
-90 -94 3 1
-91 -94 5 1
-91 -94 4 1
-94 -69 8 0
-92 -94 3 1
-93 -93 6 0
-93 -92 5 1
-93 -92 6 0
-89 -86 0 0
-89 -86 -1 0
-91 -91 6 0
-97 -83 2 1
-97 -82 1 1
-97 -82 2 1
-98 -86 0 1
-97 -85 -1 1
-62 -64 11 0
-62 -64 13 0
-62 -64 12 0
-61 -65 12 0
-90 -88 2 0
-60 -64 13 0
-60 -63 12 0
-60 -64 12 0
-89 -86 -2 1
-90 -87 -3 1
-90 -86 -3 1
-89 -87 -3 1
-89 -86 -3 1
-88 -87 -3 1
-88 -86 -3 1
-91 -91 8 0
-92 -91 8 0
-90 -91 9 0
-91 -89 7 0
-90 -88 7 0
-90 -88 8 0
-91 -88 7 0
-96 -86 7 0
-99 -75 4 4
-92 -89 0 7
-98 -86 8 0
-99 -86 8 0
-99 -85 8 0
-100 -86 8 0
-99 -87 8 0
-92 -90 1 1
-91 -90 -1 1
-89 -89 1 0
-89 -89 2 0
-89 -87 3 0
-89 -87 -2 1
-90 -88 -3 1
-89 -88 -3 1
-88 -88 -3 1
-88 -100 1 1
-88 -100 2 2
-88 -100 3 1
-97 -96 3 0
-98 -94 6 0
-98 -94 2 0
-86 -100 1 6
-86 -100 2 1
-99 -88 1 0
-99 -62 0 11
-77 -59 0 1
-76 -68 3 0
-77 -68 2 0
-100 -61 -1 1
-92 -68 4 1
-93 -77 4 0
-93 -76 4 1
-91 -76 4 0
-51 -78 2 0
-51 -78 3 0
-51 -78 1 0
-51 -76 2 0
-87 -71 7 0
-51 -77 1 0
-84 -55 6 2
-53 -76 3 0
-85 -56 6 4
-68 -56 1 0
-85 -62 2 1
-97 -73 6 1
-84 -69 5 0
-83 -68 3 0
-88 -65 3 2
-88 -65 4 1
-98 -84 3 1
-80 -79 1 0
-80 -79 0 0
-81 -78 0 0
-83 -76 3 1
-83 -79 0 0
-84 -79 0 0
-83 -82 2 2
-83 -82 3 1
-82 -82 3 1
-83 -81 0 0
-82 -82 1 2
-82 -82 2 3
-81 -82 1 3
-81 -82 2 2
-81 -82 3 1
-82 -80 0 0
-82 -81 0 0
-80 -82 0 1
-80 -82 1 1
-80 -82 2 1
-51 -78 -1 1
-51 -77 -1 1
-51 -76 -1 1
-76 -67 2 0
-51 -75 2 0
-51 -75 3 0
-52 -74 2 0
-52 -74 3 0
-52 -74 1 0
-53 -75 2 0
-53 -74 2 0
-53 -75 3 0
-58 -66 12 0
-57 -66 12 0
-52 -76 4 0
-52 -76 0 1
-53 -75 -1 1
-52 -75 -1 1
-51 -75 -1 1
-84 -93 -1 1
-85 -62 0 1
-76 -55 1 4
-96 -61 3 1
-89 -55 9 0
-85 -80 3 1
-82 -59 -1 1
-82 -59 1 3
-81 -59 2 1
-85 -60 0 1
-85 -60 1 1
-71 -66 3 0
-94 -71 2 2
-94 -71 3 6
-97 -78 6 0
-97 -78 7 0
-91 -58 7 1
-100 -64 1 1
-93 -69 3 9
-93 -68 3 1000
-100 -57 1 1
-62 -51 2 0
-87 -71 6 0
-83 -74 3 0
-98 -65 0 6
-98 -65 1 1
-90 -85 -1 0
-79 -64 4 1
-58 -52 3 0
-77 -67 2 0
-91 -64 2 2
-91 -91 5 1
-93 -91 3 1
-83 -55 6 1
-58 -52 -1 1
-58 -51 -1 1
-57 -53 -1 1
-57 -52 -1 1
-83 -69 1 1
-83 -69 0 1
-79 -61 6 0
-100 -64 -1 1
-93 -61 3 1
-93 -61 2 1
-94 -86 -1 1
-95 -86 -1 1
-96 -86 -1 1
-95 -87 0 1
-94 -86 5 1
-95 -86 5 1
-97 -89 1 0
-97 -87 2 0
-97 -87 1 1000
-94 -85 0 1
-94 -86 0 1
-95 -85 0 1
-95 -86 0 1
-96 -85 0 1
-96 -86 0 1
-94 -85 3 1
-94 -85 2 1
-94 -85 1 1
-94 -86 3 1
-95 -85 3 1
-83 -82 0 0
-81 -83 0 2
-96 -85 2 1
-96 -85 1 1
-80 -83 1 1
-81 -83 -1 1
-78 -52 1 1
-83 -80 -2 1
-84 -81 -3 1
-78 -51 2 11
-74 -51 2 0
-82 -83 3 1
-92 -63 4 1
-96 -60 4 1
-96 -60 5 1
-95 -60 3 1
-95 -60 4 1
-95 -60 5 4
-94 -60 5 1
-95 -64 8 1
-96 -65 9 1
-96 -64 9 1
-90 -70 0 7
-95 -69 3 1
-60 -51 5 0
-83 -76 -3 1
-82 -78 -3 1
-82 -77 -3 1
-82 -76 -3 1
-81 -76 1 0
-80 -76 1 0
-81 -76 2 0
-75 -51 1 5
-77 -52 1 1
-72 -55 5 0
-88 -75 4 1
-79 -76 1 0
-57 -52 0 1
-60 -56 2 0
-61 -56 3 0
-60 -56 1 0
-61 -54 2 0
-61 -54 1 0
-62 -54 2 0
-80 -95 4 1
-58 -53 2 0
-58 -53 3 0
-80 -62 1 1
-81 -61 -1 1
-81 -61 0 11
-81 -61 1 1
-81 -60 -1 1
-77 -98 0 1
-82 -95 4 1
-85 -98 2 1
-83 -92 2 1
-68 -59 1 0
-67 -59 2 0
-85 -93 1 3
-85 -93 0 2
-85 -93 -1 1
-86 -91 -1 1
-86 -92 -1 1
-86 -93 -1 1
-86 -92 0 3
-87 -92 2 1
-88 -90 5 1
-87 -92 1 1
-87 -92 0 1
-87 -92 -1 1
-87 -93 1 1000
-87 -93 0 7
-87 -93 -1 1
-88 -93 2 1
-88 -94 1 1
-88 -94 0 3
-89 -94 0 4
-89 -94 -1 1
-90 -94 1 1
-90 -94 0 1
-90 -94 -1 1
-91 -94 1 1
-91 -94 0 1
-91 -94 -1 1
-90 -93 2 0
-90 -89 -1 1
-84 -91 2 1
-79 -64 6 0
-95 -64 4 1
-90 -68 -1 1
-91 -54 9 1
-90 -55 9 1
-90 -54 9 2
-90 -55 5 1
-90 -54 5 1
-62 -56 2 0
-61 -57 3 0
-61 -57 1 0
-87 -54 8 0
-87 -53 8 0
-83 -69 2 0
-89 -51 5 1
-88 -51 5 1
-90 -92 3 1
-87 -52 8 0
-87 -53 9 0
-87 -52 9 1
-90 -51 5 1
-89 -52 5 1
-86 -81 3 1
-86 -82 3 2
-87 -83 2 1000
-83 -65 3 0
-65 -62 5 0
-67 -62 4 0
-67 -62 6 0
-68 -61 6 0
-68 -59 6 0
-68 -59 5 0
-67 -59 6 0
-67 -59 5 0
-67 -60 5 0
-83 -61 -1 1
-77 -59 4 2
-77 -59 5 1
-76 -59 4 5
-75 -91 0 1
-75 -91 1 1
-75 -91 2 1
-90 -91 7 0
-89 -92 7 0
-88 -93 7 0
-80 -90 3 1
-79 -90 1 1
-79 -90 2 1
-79 -90 3 1
-78 -90 1 1
-78 -90 2 1
-78 -90 3 1
-97 -64 3 1
-97 -65 3 1
-98 -65 3 1
-96 -59 3 1
-96 -59 1 1
-87 -71 1 1
-87 -71 0 3
-87 -71 -1 1
-95 -88 1 0
-96 -88 2 0
-96 -88 1 0
-95 -87 -1 1
-72 -65 5 0
-73 -65 6 0
-73 -65 4 0
-72 -66 5 0
-71 -68 5 0
-99 -81 0 1
-80 -60 4 0
-76 -54 4 0
-62 -55 1 0
-84 -59 2 1
-88 -72 -1 1
-65 -61 5 0
-65 -61 6 0
-80 -97 3 1
-80 -98 3 1
-76 -99 4 1
-76 -98 2 1
-76 -98 3 1
-85 -52 9 0
-85 -52 10 0
-84 -95 5 1
-84 -96 5 1
-85 -96 5 1
-86 -96 5 1
-85 -51 10 0
-76 -90 1 1
-75 -66 2 0
-75 -65 2 0
-84 -52 9 0
-77 -66 2 0
-85 -97 -1 1
-77 -90 3 1
-78 -89 2 0
-78 -89 3 0
-78 -91 0 1
-79 -90 -1 1
-78 -90 -1 1
-77 -92 -1 1
-77 -91 -1 1
-77 -90 -1 1
-91 -74 2 1
-73 -54 3 2
-94 -91 4 1
-99 -94 2 0
-99 -97 2 0
-85 -79 6 0
-86 -76 5 0
-88 -52 9 1
-76 -90 2 1
-76 -89 2 1
-95 -86 1 2
-95 -86 2 1
-90 -52 5 1
-94 -71 9 0
-79 -89 2 0
-86 -51 9 0
-100 -89 3 1
-99 -94 4 0
-100 -93 5 0
-93 -67 3 1
-82 -60 -1 1
-78 -89 -1 1
-77 -89 -1 1
-76 -91 -1 1
-76 -90 -1 1
-76 -89 -1 1
-89 -85 3 0
-90 -86 3 0
-91 -85 3 0
-91 -87 3 0
-79 -75 5 0
-80 -75 6 0
-97 -77 1 1
-98 -77 1 1
-89 -85 -3 1
-100 -94 2 0
-71 -83 2 2
-70 -82 1 1
-70 -82 2 1
-70 -82 3 1
-71 -83 3 0
-72 -82 2 0
-71 -81 2 1
-91 -90 7 0
-92 -89 7 0
-91 -90 8 0
-71 -81 3 1
-71 -80 1 2
-71 -80 2 4
-71 -80 3 1
-84 -74 6 0
-71 -80 4 1
-71 -81 0 1
-71 -80 0 1
-73 -82 2 0
-74 -81 2 0
-74 -82 3 0
-74 -82 1 0
-80 -72 7 0
-76 -82 0 1
-76 -82 1 1
-79 -71 7 0
-75 -82 0 1
-75 -82 1 1
-71 -86 4 1
-71 -85 4 1
-71 -84 4 1
-70 -85 4 1
-81 -73 7 0
-70 -83 4 1
-72 -83 4 0
-73 -82 0 1
-72 -82 0 1
-71 -82 0 1
-84 -78 4 0
-83 -75 7 0
-97 -92 5 0
-99 -92 7 0
-86 -76 7 0
-99 -60 4 1
-97 -65 5 1
-98 -64 7 1
-81 -63 0 1
-92 -75 5 0
-64 -65 12 0
-64 -65 11 0
-64 -64 12 0
-98 -91 6 0
-98 -92 6 0
-84 -66 4 0
-85 -67 4 0
-76 -60 1 1
-75 -58 6 0
-83 -100 0 4
-94 -75 7 0
-95 -75 7 0
-82 -100 0 3
-90 -74 2 1
-63 -66 11 0
-80 -98 0 6
-69 -59 3 0
-68 -60 2 0
-69 -61 1 0
-69 -61 2 0
-68 -57 1 0
-68 -57 2 0
-78 -100 -1 1
-78 -100 0 2
-78 -100 1 3
-78 -99 -1 1
-80 -96 5 1
-71 -61 2 1
-70 -61 3 0
-99 -66 9 1
-91 -63 1 1
-91 -63 2 1
-87 -55 8 0
-86 -52 7 1
-80 -59 2 1
-79 -56 2 1
-79 -57 2 1
-80 -56 2 1
-81 -56 2 1
-79 -56 1 4
-98 -61 2 2
-98 -61 0 7
-100 -74 4 3
-100 -74 5 7
-100 -74 6 1
-86 -52 10 0
-94 -72 1 1
-93 -72 1 1
-100 -67 3 1
-100 -67 4 1
-100 -67 5 2
-100 -66 4 1
-100 -66 5 1
-99 -70 2 1
-98 -71 2 1
-99 -70 3 1
-100 -74 3 11
-99 -74 3 1
-97 -71 2 1
-51 -70 14 0
-97 -76 7 0
-94 -77 7 0
-79 -63 5 0
-82 -63 -1 1
-87 -57 6 3
-97 -64 4 1
-96 -75 6 1
-79 -60 3 0
-88 -92 3 1
-87 -91 3 1
-79 -62 2 1
-79 -63 4 1
-80 -63 4 1
-85 -61 4 1
-85 -61 3 1
-85 -62 4 1
-89 -67 -1 1
-84 -81 -2 1
-82 -93 -1 1
-82 -93 0 1
-82 -93 1 1
-87 -90 -1 1
-87 -90 0 1
-86 -90 -1 1
-86 -90 0 1
-86 -90 1 1
-85 -90 -1 1
-85 -90 0 1
-85 -90 1 1
-87 -94 2 0
-86 -95 2 1
-89 -97 -1 1
-80 -52 5 0
-80 -52 4 1
-89 -96 -1 1
-86 -96 2 1
-87 -98 -1 1
-87 -98 0 1
-64 -53 5 0
-86 -98 -1 1
-86 -98 0 2
-86 -98 1 1
-85 -98 -1 1
-85 -98 0 4
-74 -53 0 5
-83 -75 4 0
-85 -77 4 0
-85 -77 8 0
-84 -79 5 0
-84 -78 5 0
-84 -79 6 0
-84 -78 6 0
-83 -96 -1 1
-98 -78 3 0
-88 -66 4 1
-98 -69 7 0
-70 -61 5 0
-71 -62 5 0
-76 -51 3 1
-76 -52 3 1
-73 -52 1 1
-96 -81 7 0
-96 -81 8 0
-73 -53 8 0
-97 -80 7 0
-73 -51 7 0
-74 -68 6 0
-71 -53 7 0
-95 -84 6 0
-95 -83 4 0
-95 -82 3 0
-87 -100 4 1
-86 -100 4 1
-85 -100 2 1
-85 -100 3 1
-85 -100 4 1
-87 -100 0 1
-87 -99 0 1
-87 -99 1 1
-87 -99 2 1
-86 -100 0 1
-86 -99 2 1
-85 -100 0 3
-85 -100 1 1
-89 -92 1 1000
-90 -89 0 1
-92 -91 2 0
-91 -88 0 1
-90 -91 5 1
-91 -88 -1 1
-91 -92 2 0
-92 -93 -1 1
-92 -93 0 1
-92 -93 1 1
-91 -93 -1 1
-89 -100 1 1
-89 -100 2 1
-88 -100 0 1
-96 -81 4 1
-96 -80 4 1
-97 -81 6 0
-96 -67 6 1
-86 -58 5 1
-78 -59 3 1
-84 -56 6 1
-84 -56 7 1
-86 -54 6 14
-85 -55 5 1
-96 -66 1 3
-96 -66 0 3
-96 -66 -1 1
-86 -79 3 1
-82 -69 1 0
-80 -71 4 0
-81 -70 2 0
-79 -69 3 0
-79 -69 2 0
-73 -60 -1 1
-54 -86 1 0
-81 -69 1 0
-97 -67 2 2
-96 -71 3 1
-87 -75 4 1
-92 -81 5 0
-92 -81 4 0
-92 -80 5 0
-95 -80 4 0
-81 -63 5 0
-91 -92 4 2
-76 -69 4 0
-81 -63 4 1
-82 -53 3 17
-80 -56 -1 1
-80 -56 0 2
-80 -56 1 3
-79 -57 -1 1
-72 -55 4 1
-73 -53 7 0
-73 -53 4 1
-78 -61 4 0
-75 -57 4 1
-89 -99 3 1
-88 -99 1 1
-88 -99 2 1
-88 -99 3 1
-89 -100 4 1
-88 -100 4 1
-67 -65 4 1
-67 -65 3 2
-67 -66 5 1
-67 -66 4 1
-68 -64 3 1
-68 -66 3 1
-85 -58 5 1
-92 -89 4 8
-65 -62 4 0
-93 -88 5 1
-93 -88 4 6
-73 -56 1 1
-100 -88 1 1
-98 -90 1 0
-98 -88 0 1
-97 -69 5 10
-85 -79 -1 0
-85 -79 0 0
-85 -77 1 1
-100 -89 1 0
-84 -78 1 1000
-85 -63 1 1
-76 -78 0 1
-76 -78 1 1
-76 -77 -1 1
-76 -77 0 1
-78 -55 5 0
-79 -52 1 1
-99 -80 2 1
-98 -82 2 1
-98 -81 2 1
-98 -80 2 1
-97 -81 2 1
-98 -83 4 0
-82 -98 7 1
-81 -98 7 1
-82 -98 8 0
-81 -98 8 1
-81 -97 7 0
-83 -100 8 0
-81 -99 7 1
-82 -99 8 1
-83 -98 9 0
-83 -98 4 2
-84 -99 3 1
-83 -99 3 1
-82 -98 3 1
-82 -97 3 1
-87 -79 2 1
-68 -65 5 1
-68 -65 6 0
-68 -65 4 2
-69 -64 5 0
-81 -77 1 0
-69 -63 6 0
-96 -63 8 1
-96 -68 7 0
-97 -67 8 0
-100 -91 7 0
-73 -56 -1 1
-90 -81 7 0
-90 -81 6 0
-100 -95 6 0
-100 -95 5 0
-91 -78 7 0
-81 -54 8 0
-82 -55 2 1000
-79 -54 5 0
-93 -79 6 0
-92 -80 7 0
-93 -80 7 0
-92 -80 6 0
-88 -55 6 4
-96 -81 9 0
-94 -82 6 0
-94 -82 7 0
-96 -83 6 0
-97 -90 5 1
-96 -90 3 1
-57 -51 -1 1
-83 -65 2 0
-85 -75 4 0
-97 -83 8 0
-88 -69 5 0
-87 -70 5 0
-87 -69 5 0
-66 -61 5 0
-68 -62 3 0
-68 -62 7 0
-66 -63 4 0
-66 -63 6 0
-66 -63 5 0
-68 -64 4 1
-96 -82 5 0
-87 -53 6 4
-87 -53 5 1
-88 -53 7 1
-88 -53 6 1
-68 -60 5 0
-76 -68 2 0
-70 -63 4 2
-70 -63 6 0
-81 -63 7 0
-81 -77 6 0
-81 -77 5 0
-83 -74 6 0
-83 -75 6 0
-83 -74 5 0
-83 -75 5 0
-88 -72 6 0
-82 -74 5 0
-98 -66 0 1
-81 -75 5 0
-80 -76 6 0
-81 -76 6 0
-80 -76 5 0
-81 -76 5 0
-89 -68 5 1
-62 -57 2 0
-95 -66 5 8
-95 -61 4 2
-96 -61 6 3
-96 -61 5 3
-64 -55 2 0
-64 -56 1 0
-66 -56 2 0
-66 -56 1 0
-63 -59 2 0
-86 -70 3 0
-57 -51 2 0
-92 -62 0 1
-78 -52 4 0
-77 -51 4 1
-69 -63 2 0
-67 -63 2 0
-69 -61 0 1
-60 -54 2 0
-59 -55 3 0
-66 -60 4 0
-59 -55 2 0
-66 -60 5 0
-67 -61 5 0
-66 -62 4 0
-66 -62 6 0
-94 -90 0 7
-69 -63 3 1
-69 -63 7 0
-68 -64 6 0
-67 -65 5 1
-68 -64 5 1
-80 -62 -1 1
-94 -77 4 1
-97 -71 0 1
-96 -71 0 1
-93 -59 8 1
-93 -58 6 5
-76 -71 3 0
-95 -68 6 1
-62 -58 1 0
-63 -55 1 0
-63 -55 2 0
-62 -55 2 0
-62 -57 1 0
-61 -57 2 0
-66 -58 2 0
-82 -60 4 19
-82 -62 6 0
-81 -59 6 1
-81 -59 5 1
-81 -59 4 2
-81 -60 6 1
-72 -53 4 1
-86 -72 4 0
-87 -70 7 0
-87 -72 6 0
-86 -72 6 0
-72 -54 5 0
-98 -63 4 1
-71 -64 5 1
-71 -64 6 0
-71 -64 4 1
-64 -55 3 0
-64 -54 1 0
-64 -56 3 0
-62 -58 3 0
-100 -65 7 1
-100 -66 9 1
-100 -65 8 1
-75 -54 7 0
-88 -66 2 1
-88 -66 3 6
-85 -65 5 0
-87 -64 4 1
-83 -67 5 0
-82 -67 5 0
-83 -65 5 0
-72 -54 1 1
-81 -56 1 1
-94 -77 2 1
-94 -76 2 1
-94 -75 2 1
-84 -68 3 0
-67 -62 2 0
-67 -62 3 0
-66 -64 5 0
-66 -64 4 0
-66 -65 2 1
-66 -66 4 1
-68 -65 2 1
-68 -66 2 1
-69 -64 3 2
-69 -65 3 1
-69 -62 4 0
-67 -60 4 0
-76 -64 2 0
-71 -54 1 1
-85 -56 2 1
-85 -56 3 1
-83 -78 1 1
-88 -84 3 1
-72 -53 6 0
-82 -65 4 0
-83 -70 0 1
-83 -70 -1 1
-77 -55 1 3
-97 -59 0 1
-97 -60 -1 1
-98 -68 2 2
-98 -68 3 5
-73 -52 3 1
-100 -72 7 1
-86 -72 5 0
-89 -72 6 1
-87 -52 3 1
-87 -52 4 1
-87 -51 2 1
-87 -51 3 1
-86 -52 2 1
-99 -77 5 6
-99 -77 6 1
-100 -76 4 1
-100 -76 5 7
-88 -93 0 2
-88 -93 1 1000
-88 -92 -1 1
-88 -92 0 6
-88 -92 1 1000
-90 -91 4 8
-90 -92 5 1
-89 -92 5 1
-89 -91 5 1
-89 -90 5 1
-75 -65 0 0
-87 -92 3 1
-86 -92 3 1
-87 -98 2 1
-87 -98 3 1
-87 -98 4 1
-87 -97 3 1
-87 -97 4 1
-87 -96 4 1
-88 -94 -1 1
-94 -89 6 0
-72 -54 3 9
-85 -81 1 1
-94 -88 6 0
-93 -87 4 1
-93 -86 4 1
-93 -86 5 1
-96 -91 5 1
-96 -91 6 0
-94 -91 6 0
-96 -89 7 0
-87 -52 10 1
-88 -52 10 1
-89 -52 10 1
-95 -66 -1 1
-76 -58 1 1
-81 -78 -3 1
-82 -77 -2 1
-81 -78 2 0
-80 -78 1 0
-93 -69 5 1
-93 -70 4 5
-93 -70 5 2
-88 -64 6 1
-87 -77 6 0
-85 -76 1 1
-87 -69 0 33
-87 -69 -1 1
-94 -57 9 1
-88 -61 5 1
-83 -72 4 0
-88 -61 7 1
-83 -71 5 0
-83 -71 4 0
-84 -72 5 0
-72 -58 -1 1
-83 -76 6 0
-97 -67 5 1
-97 -67 4 1
-100 -97 6 0
-99 -98 5 0
-99 -96 5 0
-86 -79 4 1
-99 -97 5 0
-98 -97 4 0
-99 -97 4 0
-72 -55 6 0
-85 -59 5 1
-89 -59 9 1
-89 -60 9 1
-89 -61 9 1
-71 -55 3 1
-97 -63 2 3
-100 -72 4 2
-100 -96 6 0
-100 -97 3 0
-91 -65 9 1
-97 -65 9 1
-77 -71 1 0
-97 -63 9 1
-94 -66 8 0
-78 -74 4 0
-78 -74 6 0
-80 -73 4 0
-80 -73 6 0
-79 -71 4 0
-79 -71 6 0
-79 -71 5 0
-89 -52 7 9
-90 -52 9 1
-90 -52 8 1
-90 -52 7 1
-70 -51 3 0
-82 -56 2 7
-66 -59 2 0
-80 -65 5 0
-87 -66 4 1
-84 -69 2 0
-99 -59 -1 1
-94 -76 6 0
-100 -67 6 12
-100 -66 6 1
-79 -59 7 0
-78 -60 7 0
-86 -69 1 1
-79 -64 5 0
-100 -88 5 7
-99 -88 3 1
-96 -62 1 6
-83 -57 1 1
-77 -72 4 0
-100 -92 6 0
-80 -68 4 0
-81 -69 2 0
-88 -71 6 1
-86 -71 6 0
-79 -65 2 1
-64 -57 6 0
-64 -55 5 0
-79 -98 4 1
-64 -55 4 0
-81 -63 1 1
-100 -69 5 3
-100 -68 5 4
-92 -88 8 0
-86 -97 0 3
-87 -97 2 1
-87 -97 1 1
-87 -97 0 1
-88 -97 2 1
-85 -96 7 0
-84 -96 7 0
-85 -96 6 0
-84 -96 6 0
-85 -94 7 0
-85 -94 6 0
-86 -97 7 0
-86 -98 7 0
-86 -98 6 0
-85 -97 7 0
-85 -97 6 0
-86 -96 8 0
-86 -96 9 0
-54 -72 14 0
-54 -72 13 0
-54 -71 14 0
-54 -71 13 0
-54 -69 14 0
-53 -70 14 0
-54 -69 13 0
-53 -70 13 0
-52 -69 14 0
-52 -69 13 0
-51 -69 13 0
-82 -51 9 0
-82 -51 10 0
-83 -51 10 0
-84 -51 10 0
-83 -52 10 0
-91 -93 0 1
-91 -93 1 1
-90 -93 -1 1
-90 -93 0 3
-90 -93 1 1
-91 -94 3 1
-82 -61 4 7
-80 -62 7 0
-78 -62 6 0
-78 -62 7 0
-76 -69 0 0
-75 -71 1 0
-75 -68 1 0
-89 -51 13 1
-89 -51 12 1
-89 -51 11 1
-74 -69 1 0
-76 -66 1 0
-77 -99 2 1
-77 -99 1 2
-77 -99 0 1
-79 -97 5 1
-79 -98 5 1
-79 -99 5 1
-80 -98 4 5
-80 -100 2 5
-84 -100 2 1
-79 -94 4 1
-79 -94 3 4
-79 -94 2 1
-81 -94 3 1
-81 -94 2 1
-81 -95 4 1
-78 -95 4 1
-79 -95 4 1
-79 -96 4 1
-76 -53 1 1
-97 -69 4 1013
-98 -69 6 1
-98 -69 5 1
-98 -69 4 2
-95 -69 6 1
-96 -69 4 1000
-88 -51 13 1
-89 -85 2 0
-85 -96 3 2
-85 -97 4 2
-85 -98 4 1
-86 -96 4 2
-58 -51 5 0
-87 -67 -1 1
-87 -68 1 15
-94 -66 4 1
-93 -66 6 1
-83 -68 5 0
-84 -65 6 0
-82 -68 4 0
-99 -61 3 2
-98 -63 0 6
-98 -66 1 1
-98 -66 -1 1
-99 -66 1 1
-99 -66 0 1
-87 -85 3 1
-87 -84 3 2
-87 -83 3 1
-86 -85 1 1
-86 -83 1 1000
-86 -84 3 2
-86 -84 2 2
-84 -75 3 0
-56 -53 -1 1
-55 -51 2 1
-57 -51 0 1
-74 -54 -1 1
-95 -79 8 0
-93 -86 1 0
-68 -61 0 1
-68 -62 -1 1
-67 -62 -1 1
-74 -100 3 1
-76 -100 0 1
-71 -58 5 0
-72 -59 4 0
-73 -58 4 0
-90 -51 6 1
-96 -64 1 1
-99 -69 4 1
-83 -60 3 6
-99 -61 2 1
-78 -70 2 0
-77 -70 2 0
-77 -70 3 0
-77 -70 1 0
-75 -54 2 1
-78 -69 3 0
-78 -69 1 0
-80 -70 1 0
-80 -72 3 0
-77 -73 2 0
-77 -73 1 0
-78 -71 0 0
-90 -52 11 1
-90 -52 10 1
-89 -52 9 2
-89 -52 8 4
-91 -70 2 1
-93 -72 2 1
-94 -72 3 2
-92 -67 -1 1
-93 -90 -1 1
-93 -89 -1 1
-81 -51 5 0
-91 -67 -1 1
-92 -68 2 8
-95 -88 5 1
-95 -87 3 1
-80 -59 6 0
-68 -61 2 0
-88 -77 3 1
-99 -67 8 4
-87 -73 3 0
-64 -62 4 0
-82 -65 3 0
-83 -60 2 6
-82 -60 2 1
-72 -52 2 1
-88 -52 5 1
-79 -55 -1 1
-70 -67 6 0
-70 -67 4 0
-71 -66 7 0
-69 -65 5 1
-92 -64 7 1
-95 -65 7 1
-67 -55 5 0
-67 -55 4 0
-68 -55 5 0
-68 -55 4 0
-68 -56 5 0
-97 -80 4 1
-98 -80 4 1
-99 -81 3 2
-99 -81 5 0
-99 -81 4 1
-100 -80 3 1
-99 -77 3 0
-70 -51 6 0
-100 -78 4 1
-80 -58 3 7
-69 -53 4 0
-97 -61 8 1
-51 -52 27 0
-96 -61 8 1
-96 -65 7 0
-93 -63 4 1
-92 -62 4 1
-96 -59 4 1
-96 -59 5 1
-96 -59 6 1
-96 -64 5 1
-96 -64 6 1
-81 -95 2 1
-93 -79 4 0
-92 -78 4 0
-82 -64 5 0
-82 -64 4 1
-93 -67 4 1
-93 -67 5 1
-93 -67 6 1
-79 -63 -1 1
-79 -63 0 1
-79 -63 1 1
-96 -60 3 1
-64 -52 0 0
-64 -52 1 0
-64 -52 4 0
-72 -62 5 0
-94 -68 4 1
-73 -64 2 0
-95 -68 2 4
-89 -59 6 14
-70 -51 7 0
-75 -100 8 0
-88 -60 6 4
-88 -60 7 1
-87 -81 4 1
-84 -62 4 1
-92 -62 3 1
-92 -62 2 1
-92 -62 1 1
-85 -82 4 1
-85 -81 4 1
-86 -82 0 0
-76 -61 6 0
-77 -61 5 0
-74 -59 6 0
-78 -63 6 0
-97 -65 6 1
-64 -61 11 0
-64 -62 11 0
-62 -62 11 0
-63 -64 11 0
-63 -64 9 0
-63 -64 10 0
-63 -64 13 0
-63 -64 12 0
-96 -67 7 0
-99 -58 0 1
-100 -60 2 3
-100 -59 2 1
-100 -58 2 1
-92 -62 9 1
-88 -68 2 31
-88 -67 -1 1
-78 -61 3 0
-78 -61 -1 1
-91 -90 5 1
-91 -90 4 10
-70 -60 0 2
-73 -60 3 1
-73 -60 2 1
-63 -59 3 0
-73 -61 2 1
-63 -58 3 0
-100 -95 3 0
-92 -66 0 25
-87 -51 7 1
-92 -60 9 1
-91 -60 9 1
-88 -59 7 1
-91 -59 6 3
-92 -58 5 1
-92 -58 6 1
-92 -58 7 1002
-68 -61 5 0
-91 -58 6 1
-95 -91 4 0
-91 -61 5 1
-100 -59 3 1
-100 -60 3 1
-78 -55 0 3
-78 -55 1 3
-77 -59 1 1
-99 -75 3 1
-95 -87 7 0
-97 -75 3 9
-98 -76 2 2
-100 -94 3 0
-84 -67 5 0
-84 -67 4 0
-83 -68 4 0
-87 -69 4 0
-100 -67 8 7
-79 -81 1 1
-79 -81 2 1
-96 -71 4 4
-96 -72 6 1
-100 -87 6 1
-99 -88 6 1
-80 -81 0 1
-81 -82 -1 1
-80 -82 -1 1
-80 -81 -1 1
-79 -82 -1 1
-79 -81 -1 1
-82 -79 -2 1
-65 -67 0 1
-65 -67 1 1
-65 -67 2 1
-64 -68 0 1
-64 -68 1 2
-64 -67 0 3
-95 -83 6 0
-96 -83 5 0
-95 -83 5 0
-98 -88 6 1
-100 -88 6 1
-66 -57 4 0
-85 -98 3 1
-67 -58 -1 1
-83 -51 4 1
-86 -71 1 1
-67 -61 2 0
-67 -61 1 0
-68 -59 3 0
-72 -55 3 1
-68 -59 4 0
-68 -59 0 2
-67 -60 -1 1
-92 -65 0 8
-100 -78 1 1
-100 -77 1 1
-99 -79 1 1
-98 -79 1 1
-87 -60 7 1
-89 -62 5 1
-89 -62 7 1
-89 -59 5 1
-84 -60 3 2
-81 -62 0 3
-81 -62 -1 1
-81 -63 -1 1
-76 -69 3 0
-88 -68 6 0
-75 -71 5 0
-74 -71 5 0
-73 -64 5 0
-72 -64 6 0
-72 -64 7 0
-86 -56 6 1
-100 -61 2 1
-71 -64 7 0
-71 -63 7 0
-89 -55 8 0
-89 -54 8 1
-89 -53 6 2
-89 -54 10 1
-82 -68 5 0
-84 -68 6 0
-74 -51 0 12
-84 -51 3 0
-77 -55 4 1
-87 -92 4 1
-85 -64 5 0
-91 -62 0 1
-82 -74 3 0
-81 -61 4 1
-89 -73 4 1
-90 -72 7 1
-91 -71 7 1
-91 -71 6 1
-91 -72 7 1
-89 -70 9 1
-75 -66 4 0
-75 -66 1 0
-77 -67 4 0
-77 -67 5 0
-76 -68 6 0
-90 -90 0 7
-81 -67 3 0
-85 -92 3 1
-75 -67 7 0
-78 -70 7 0
-77 -69 6 0
-77 -69 7 0
-80 -76 2 0
-81 -75 1 0
-79 -68 4 0
-79 -68 5 0
-96 -68 4 1
-77 -62 5 0
-82 -75 2 0
-82 -74 2 0
-84 -74 1 0
-95 -90 -1 1
-94 -65 -1 1
-93 -65 0 8
-96 -62 5 9
-96 -62 6 5
-98 -62 7 1
-78 -69 4 0
-76 -60 5 1
-78 -62 2 1
-78 -63 4 1
-78 -63 3 1
-80 -62 3 1
-92 -91 4 7
-94 -91 3 1
-63 -55 3 0
-62 -55 3 0
-63 -54 3 0
-63 -54 2 0
-85 -74 6 0
-93 -69 1 1
-94 -68 3 1
-94 -69 3 1
-98 -62 8 1
-94 -69 1 2
-60 -54 1 0
-60 -54 4 0
-60 -52 3 0
-60 -53 3 0
-60 -52 2 0
-60 -53 2 0
-59 -53 3 0
-87 -55 9 0
-87 -57 8 0
-85 -55 8 0
-59 -54 2 0
-97 -58 0 1
-97 -58 1 1
-56 -69 13 0
-88 -56 9 0
-87 -58 8 0
-55 -67 14 0
-86 -56 8 0
-53 -68 14 0
-53 -68 13 0
-54 -70 11 0
-54 -70 12 0
-54 -70 15 0
-55 -71 14 0
-55 -71 13 0
-54 -70 13 0
-89 -73 2 1
-54 -70 14 0
-56 -70 13 0
-55 -70 13 0
-55 -68 14 0
-55 -68 13 0
-54 -68 14 0
-58 -56 3 0
-52 -68 14 0
-95 -81 8 0
-95 -81 6 0
-96 -80 7 0
-88 -57 5 1
-88 -57 7 1
-93 -60 8 1
-93 -59 6 1
-92 -60 8 1
-92 -59 8 2
-95 -68 4 1
-95 -71 4 1
-61 -61 3 0
-60 -62 4 0
-61 -62 4 0
-60 -62 3 0
-76 -56 11 0
-76 -56 10 0
-76 -58 10 0
-78 -57 10 0
-78 -58 9 0
-78 -56 8 0
-78 -56 10 0
-78 -56 9 0
-78 -55 8 0
-78 -55 10 0
-77 -56 9 0
-78 -55 9 0
-76 -54 10 0
-76 -54 9 0
-76 -55 9 0
-99 -67 9 1
-88 -73 3 0
-73 -52 8 0
-100 -77 5 3
-74 -57 6 0
-75 -51 0 6
-84 -80 2 2
-84 -80 3 1
-85 -80 1 1000
-100 -79 6 1
-80 -64 4 1
-99 -58 -1 1
-95 -62 3 1
-81 -64 5 0
-86 -65 -1 1
-87 -65 1 1
-87 -65 0 1
-85 -59 6 1
-85 -59 7 1
-81 -62 3 0
-97 -78 3 0
-88 -78 4 0
-90 -80 4 1
-81 -58 5 10
-90 -65 2 1
-83 -64 0 13
-60 -55 1 0
-70 -55 1 0
-70 -55 5 0
-70 -57 4 0
-70 -56 4 0
-59 -56 4 0
-62 -57 6 0
-89 -89 -3 1
-83 -51 8 0
-83 -55 5 1
-51 -61 4 0
-91 -65 8 2
-51 -64 5 0
-79 -53 3 1
-51 -62 4 0
-51 -62 6 0
-77 -54 3 0
-77 -54 4 0
-77 -53 5 0
-78 -52 -1 1
-74 -51 3 0
-78 -99 8 0
-99 -94 5 0
-88 -80 5 0
-87 -53 7 1
-99 -68 1 1
-79 -100 3 1
-80 -100 9 0
-88 -91 5 1
-82 -93 4 1
-82 -93 3 2
-82 -94 4 1
-79 -99 8 0
-78 -99 7 1
-84 -93 4 1
-84 -93 3 1
-79 -97 4 1
-80 -97 4 1
-85 -92 -1 1
-85 -92 0 1
-85 -92 1 3
-85 -91 -1 1
-85 -91 0 1
-85 -91 1 1
-87 -90 1 1
-87 -94 -1 1
-87 -94 0 2
-87 -94 1 1000
-89 -92 4 5
-90 -93 5 1
-89 -93 5 1
-88 -93 5 1
-90 -51 9 1
-97 -81 7 0
-74 -69 3 0
-99 -90 2 0
-99 -90 1 0
-90 -68 5 1
-83 -63 0 22
-93 -79 3 0
-96 -79 4 0
-96 -84 2 0
-96 -94 3 0
-97 -93 4 0
-97 -93 3 0
-89 -95 1 1
-88 -95 -1 1
-93 -77 3 7
-89 -67 2 4
-91 -69 -1 1
-76 -54 -1 1
-96 -65 2 3
-96 -92 2 0
-96 -92 5 0
-94 -93 3 0
-96 -91 3 1
-73 -68 4 0
-73 -52 2 1
-61 -54 3 0
-91 -65 3 1
-91 -65 2 3
-89 -83 3 1
-82 -78 1 1
-83 -78 2 7
-83 -79 3 1
-83 -78 3 1
-83 -77 3 1
-82 -79 1 1
-82 -79 2 4
-82 -79 3 2
-82 -78 2 2
-82 -78 3 1
-82 -77 1 1
-82 -77 2 1
-82 -77 3 1
-83 -77 1 1
-83 -77 2 1
-84 -77 1 1
-82 -73 4 0
-84 -77 2 3
-84 -76 2 1
-90 -64 1 1
-73 -62 0 0
-85 -80 2 6
-87 -79 1 1
-95 -69 1 1
-83 -65 0 6
-87 -58 6 1
-87 -58 7 1
-84 -54 6 5
-65 -51 5 0
-65 -51 4 0
-65 -52 5 0
-65 -52 4 0
-100 -63 4 1
-99 -78 6 1
-78 -60 5 0
-96 -81 5 1
-96 -80 5 1
-99 -85 4 6
-99 -86 3 1000
-93 -64 0 6
-90 -82 4 1
-90 -81 2 1
-89 -82 2 3
-93 -63 3 1
-82 -63 5 0
-81 -62 6 0
-81 -62 4 0
-82 -60 5 16
-82 -97 8 0
-83 -59 5 1
-83 -59 6 1
-82 -59 4 7
-82 -59 5 10
-74 -66 4 0
-98 -59 0 2
-93 -61 1 1
-81 -64 4 1
-81 -64 3 12
-74 -64 1 0
-74 -64 4 0
-76 -64 3 0
-74 -63 1 0
-74 -63 5 0
-74 -63 4 0
-73 -63 1 0
-73 -63 5 0
-75 -63 2 0
-73 -62 5 0
-75 -62 3 0
-72 -61 5 0
-72 -61 4 1
-93 -60 7 3
-96 -76 4 1
-95 -78 7 0
-78 -59 5 0
-80 -60 6 0
-96 -76 5 1
-70 -58 4 0
-80 -52 6 0
-80 -54 5 0
-98 -71 6 1
-98 -71 5 21
-80 -54 6 0
-82 -53 8 0
-81 -54 5 0
-81 -54 7 0
-81 -54 6 0
-82 -55 4 38
-99 -68 5 10
-96 -76 8 0
-95 -75 8 0
-94 -75 8 0
-61 -53 4 0
-60 -52 4 0
-59 -51 2 0
-59 -52 2 0
-59 -51 4 0
-82 -56 -1 1
-59 -52 3 0
-79 -58 0 15
-83 -69 5 0
-90 -72 -1 1
-91 -65 7 1
-88 -73 -1 1
-88 -73 0 1
-89 -70 1 14
-89 -70 0 5
-89 -70 -1 1
-89 -69 0 18
-86 -68 5 0
-86 -69 4 0
-90 -90 4 3
-90 -89 4 1
-92 -89 6 0
-91 -88 4 1
-95 -92 5 0
-70 -63 7 0
-92 -92 6 0
-100 -98 2 0
-100 -98 1 0
-100 -66 -1 1
-83 -56 6 1
-82 -64 7 0
-82 -64 6 0
-67 -54 5 0
-67 -54 4 0
-79 -61 -1 1
-83 -68 2 0
-99 -95 3 0
-100 -95 4 0
-91 -51 8 1
-87 -80 2 3
-88 -78 2 1
-97 -83 4 0
-87 -80 3 1
-87 -80 4 1
-87 -79 3 2
-87 -79 4 1
-74 -55 4 1
-100 -73 7 1
-83 -66 3 0
-77 -56 0 7
-89 -78 2 1
-89 -79 2 1
-76 -51 5 0
-87 -81 0 0
-87 -81 -1 0
-100 -78 3 0
-84 -58 6 1
-84 -58 5 1
-88 -58 8 0
-83 -61 5 3
-84 -61 4 1
-84 -61 5 1
-77 -70 4 0
-77 -70 6 0
-77 -70 5 0
-77 -69 5 0
-83 -52 1 1
-83 -53 3 3
-83 -53 2 1
-74 -69 5 0
-73 -70 4 0
-73 -70 6 0
-73 -70 5 0
-74 -70 5 0
-91 -80 8 0
-57 -53 2 0
-92 -65 7 1
-90 -67 5 1
-90 -67 6 1
-90 -67 7 1
-93 -64 8 2
-94 -63 9 1
-97 -60 4 1
-96 -60 8 1
-97 -60 8 1
-96 -60 7 1
-96 -60 6 1
-73 -65 3 0
-73 -65 2 0
-73 -66 3 0
-72 -66 2 0
-73 -66 2 0
-77 -57 4 14
-76 -55 3 0
-80 -53 3 1
-80 -53 4 1
-77 -51 3 3
-77 -52 3 1
-78 -51 3 5
-79 -69 4 0
-87 -71 3 1
-88 -71 3 3
-91 -68 4 1
-86 -68 2 1
-86 -51 4 1
-84 -70 3 1
-98 -75 6 1
-84 -60 7 1
-75 -59 2 1
-100 -98 4 0
-99 -98 4 0
-100 -98 5 0
-100 -97 5 0
-86 -63 -1 1
-84 -66 1 1
-84 -62 -1 1
-84 -66 -1 1
-83 -67 1 1
-83 -67 0 1
-76 -56 3 1
-83 -94 7 0
-89 -54 9 1
-85 -97 2 1
-86 -99 -1 1
-86 -99 0 2
-86 -99 1 1
-85 -99 -1 1
-85 -99 0 1
-85 -99 1 1
-84 -99 -1 1
-84 -99 0 1
-84 -99 1 1000
-84 -98 -1 1
-84 -96 2 1
-83 -98 -1 1
-83 -98 0 3
-83 -98 1 1
-82 -98 -1 1
-82 -98 0 3
-82 -98 1 1
-82 -97 -1 1
-82 -97 0 7
-82 -97 1 1000
-85 -95 4 5
-100 -64 3 1
-85 -62 3 1
-97 -96 4 0
-99 -97 3 0
-98 -94 3 0
-98 -94 5 0
-99 -66 6 11
-99 -67 7 9
-90 -70 7 1
-79 -99 2 1000
-78 -96 3 1
-95 -67 1 2
-95 -67 3 1
-83 -75 3 0
-88 -57 8 0
-75 -56 5 0
-66 -66 3 1
-66 -66 2 1
-67 -65 2 1
-67 -66 2 1
-74 -66 6 0
-100 -57 0 1
-80 -58 -1 1
-78 -70 5 0
-77 -71 5 0
-89 -79 3 2
-89 -80 3 1
-89 -80 4 1
-53 -80 2 0
-52 -79 3 0
-54 -79 3 0
-55 -79 3 0
-56 -80 3 1
-51 -83 4 1
-86 -73 0 1
-94 -64 0 14
-94 -64 -1 1
-79 -55 1 2
-90 -84 1 0
-90 -83 1 1
-90 -84 2 0
-90 -83 2 1
-91 -83 1 0
-91 -83 2 0
-79 -62 1 1
-87 -57 7 1
-87 -56 5 1
-53 -78 3 0
-56 -77 0 1
-56 -77 1 1
-56 -77 2 1
-55 -77 0 1
-55 -77 1 1
-55 -77 2 1
-54 -77 0 1
-54 -83 0 1
-53 -82 1 0
-91 -70 7 1
-91 -70 6 1
-94 -82 5 0
-53 -80 3 0
-53 -80 4 0
-54 -79 -1 1
-53 -79 -1 1
-52 -81 -1 1
-52 -80 -1 1
-52 -79 -1 1
-52 -78 2 0
-52 -78 3 0
-52 -78 1 0
-54 -78 3 0
-52 -82 1 1
-53 -82 0 1
-57 -68 14 0
-58 -68 13 0
-57 -68 13 0
-95 -85 1 1
-57 -67 13 0
-56 -66 14 0
-81 -71 5 0
-81 -53 -1 1
-85 -51 4 1
-97 -89 2 0
-97 -86 2 0
-88 -70 3 1000
-78 -51 -1 1
-79 -56 4 1
-84 -53 2 1
-84 -53 3 1
-84 -53 4 1
-84 -52 2 1
-84 -52 3 1
-84 -52 4 1
-92 -64 8 2
-51 -79 2 0
-51 -79 3 0
-51 -79 1 0
-52 -77 2 0
-52 -77 1 0
-53 -77 2 0
-53 -77 3 0
-53 -77 1 0
-54 -77 2 0
-54 -77 1 0
-53 -79 3 0
-53 -79 4 0
-54 -78 -1 1
-53 -78 -1 1
-52 -78 -1 1
-75 -88 2 1
-75 -88 3 2
-76 -87 4 1
-75 -88 4 1
-75 -87 2 1
-75 -87 3 2
-75 -87 4 1
-74 -89 4 1
-74 -88 2 1
-74 -88 3 2
-74 -88 4 1
-74 -87 2 1
-74 -87 3 2
-74 -87 4 1
-77 -88 3 0
-78 -88 2 0
-78 -88 3 0
-76 -91 3 1
-74 -93 0 1
-83 -75 2 0
-83 -76 2 0
-83 -75 1 0
-83 -76 1 0
-74 -92 2 1
-74 -91 0 1
-77 -61 7 0
-80 -60 7 0
-78 -60 8 0
-90 -66 4 1
-90 -65 4 1
-90 -71 4 4
-62 -60 3 0
-63 -58 6 0
-60 -57 4 0
-60 -57 3 0
-84 -67 0 10
-61 -59 3 0
-89 -65 7 1
-89 -65 6 1
-83 -61 0 5
-90 -61 9 1
-84 -54 2 1
-84 -55 2 10
-84 -56 2 1
-95 -62 6 1
-95 -62 7 1
-95 -62 8 1
-95 -57 5 1
-62 -65 11 0
-60 -61 5 0
-69 -58 4 0
-69 -58 5 0
-69 -59 5 0
-81 -97 4 1
-80 -98 5 1
-80 -97 5 1
-90 -67 4 1
-90 -64 0 1
-78 -70 0 0
-88 -64 3 1
-88 -64 2 1
-88 -64 4 1
-92 -68 -1 1
-100 -58 -1 1
-85 -65 1 3
-84 -53 1 1
-74 -60 3 1
-74 -59 3 1
-79 -59 4 0
-74 -59 4 1
-98 -85 4 2
-80 -73 1 0
-74 -61 3 2
-94 -65 3 1
-93 -66 3 1
-93 -65 1 7
-93 -65 2 3
-93 -65 3 1
-93 -64 3 1
-90 -65 1 1
-65 -52 1 0
-65 -51 1 0
-99 -80 4 1
-99 -80 5 1
-80 -58 7 1
-79 -57 4 1
-79 -62 7 0
-77 -61 6 0
-79 -60 8 0
-79 -54 -1 1
-77 -53 0 6
-78 -54 -1 1
-76 -54 1 1
-76 -54 0 8
-87 -68 6 0
-76 -54 8 0
-81 -93 0 1
-81 -93 1 2
-83 -94 3 4
-82 -95 3 1
-82 -94 3 1
-83 -98 2 0
-82 -99 -1 1
-82 -99 0 2
-82 -99 1 1
-82 -97 2 0
-81 -99 -1 1
-81 -99 0 1
-81 -99 1 1
-84 -97 5 1
-83 -97 5 1
-83 -96 5 1
-83 -95 5 1
-82 -97 5 1
-82 -96 5 1
-82 -95 -1 1
-82 -95 0 3
-82 -95 1 1
-84 -97 0 6
-84 -97 1 1
-83 -96 0 3
-83 -96 1 1000
-87 -95 5 1
-86 -95 5 1
-85 -95 5 1
-85 -94 5 1
-85 -93 5 1
-99 -76 6 1
-78 -66 3 0
-73 -69 4 0
-73 -69 6 0
-99 -82 7 0
-98 -83 7 0
-98 -83 8 0
-98 -83 6 0
-100 -81 9 0
-70 -60 -1 1
-69 -59 0 5
-69 -59 4 0
-100 -88 7 0
-99 -89 6 0
-99 -86 6 0
-79 -57 3 1
-77 -55 3 1
-63 -57 0 0
-63 -57 4 0
-81 -60 7 0
-79 -60 5 0
-99 -62 -1 1
-71 -59 -1 1
-73 -55 3 11
-83 -95 2 2
-82 -96 -1 1
-81 -96 -1 1
-81 -96 0 5
-81 -96 1 1
-81 -95 -1 1
-81 -95 0 4
-81 -95 1 1
-81 -94 -1 1
-81 -94 0 3
-81 -94 1 1
-83 -94 2 1
-83 -93 2 1
-84 -92 -1 1
-85 -97 1 2
-85 -96 2 1
-98 -62 3 1
-89 -61 10 1
-100 -63 1 2
-68 -60 -1 1
-69 -60 -1 1
-98 -62 4 1
-95 -77 6 0
-96 -76 7 0
-70 -52 6 0
-62 -52 3 0
-63 -52 3 0
-82 -58 -1 1
-81 -77 3 0
-77 -80 1 1
-77 -80 0 1
-77 -80 -1 1
-78 -80 1 1
-78 -80 0 1
-78 -80 -1 1
-79 -80 -1 1
-79 -78 2 0
-79 -78 1 0
-81 -79 0 0
-80 -80 3 1
-80 -81 3 1
-80 -81 2 2
-81 -81 3 1
-81 -81 2 2
-81 -81 1 2
-82 -78 0 0
-90 -72 4 35
-82 -77 0 0
-82 -75 0 0
-79 -75 0 0
-79 -77 0 0
-79 -77 1 0
-89 -70 7 1
-85 -67 1 1
-78 -63 2 1
-67 -56 0 0
-67 -56 1 0
-67 -56 4 0
-66 -58 3 0
-69 -56 3 0
-69 -55 3 0
-69 -55 2 0
-85 -69 6 0
-78 -72 2 0
-77 -72 2 0
-99 -62 1 1
-92 -75 2 1
-92 -76 2 1
-70 -60 5 0
-90 -66 1 1
-90 -65 -1 1
-90 -65 0 1
-79 -70 1 0
-79 -70 3 0
-79 -70 2 0
-78 -71 1 0
-78 -71 3 0
-79 -71 2 0
-78 -71 2 0
-77 -72 1 0
-94 -70 1 1
-94 -70 2 2
-94 -70 3 2
-97 -84 4 0
-99 -85 2 1
-61 -56 2 0
-71 -66 4 0
-86 -66 -1 1
-93 -81 6 0
-93 -82 6 0
-93 -70 1 1
-93 -70 2 4
-93 -70 3 6
-92 -68 0 15
-91 -80 6 0
-91 -80 7 0
-92 -79 6 0
-84 -73 6 0
-84 -75 4 0
-63 -51 3 0
-97 -83 7 0
-97 -68 7 0
-98 -66 6 2
-98 -66 7 2
-98 -66 8 1
-98 -67 9 1
-75 -61 5 1
-77 -60 1 1
-57 -52 5 0
-73 -63 2 1
-73 -62 2 1
-73 -63 3 1
-81 -63 6 0
-99 -65 0 1
-98 -63 -1 1
-86 -68 9 1
-92 -70 -1 1
-87 -70 2 1
-87 -61 7 1
-87 -61 6 1
-87 -61 5 1
-87 -62 7 1
-87 -62 6 1
-87 -62 5 1
-90 -69 0 9
-94 -67 3 1
-51 -81 1 2
-51 -81 2 2
-51 -81 3 1
-51 -80 1 1
-51 -80 2 1
-51 -80 3 1
-52 -80 4 1
-51 -82 4 1
-51 -81 4 1
-51 -80 4 1
-52 -81 1 2
-51 -80 0 1
-52 -80 3 0
-55 -80 3 1
-57 -78 0 1
-57 -78 1 1
-57 -78 2 1
-56 -78 0 1
-56 -78 1 1
-56 -78 2 1
-52 -84 3 1
-53 -82 2 0
-53 -84 0 1
-55 -80 -1 1
-54 -80 -1 1
-53 -80 -1 1
-99 -93 -1 1
-100 -72 6 1
-100 -72 5 2
-85 -56 0 1
-85 -55 0 1
-85 -54 0 1
-84 -56 0 1
-78 -54 3 1
-78 -54 2 1
-78 -54 1 1
-83 -77 5 0
-84 -77 5 0
-83 -77 6 0
-75 -57 7 0
-82 -52 4 1
-81 -52 3 1
-81 -52 4 1
-98 -75 5 5
-80 -54 0 1
-90 -70 1 12
-82 -66 5 0
-100 -86 6 1
-98 -90 4 0
-99 -89 8 0
-97 -87 7 0
-99 -87 7 0
-90 -95 0 1
-90 -95 -1 1
-89 -94 2 0
-89 -91 2 0
-86 -91 0 2
-86 -91 2 1
-86 -91 1 1
-86 -93 2 1000
-84 -92 2 1
-84 -92 1 1
-84 -92 0 1
-84 -93 2 1
-84 -93 1 2
-56 -62 5 0
-84 -94 2 1
-56 -63 5 0
-84 -94 0 2
-54 -62 6 0
-54 -62 2 1
-55 -63 1 1
-55 -62 1 2
-55 -61 1 1
-54 -63 1 1
-85 -95 6 0
-86 -95 6 0
-88 -94 8 0
-87 -96 7 0
-87 -95 7 0
-87 -96 6 0
-88 -96 7 0
-88 -96 6 0
-83 -73 6 0
-79 -98 1 12
-97 -79 6 0
-80 -53 2 1
-93 -89 4 6
-94 -73 4 1
-94 -73 5 1
-94 -73 6 1
-96 -70 7 0
-67 -66 3 1
-84 -66 6 0
-81 -66 6 0
-75 -59 6 0
-77 -59 2 1
-99 -92 -1 1
-100 -92 -1 1
-100 -91 0 1
-100 -91 5 0
-98 -92 4 0
-98 -89 -1 1
-99 -89 -1 1
-100 -89 -1 1
-99 -88 0 3
-88 -91 -1 1
-88 -91 0 1
-88 -91 1 1
-88 -90 -1 1
-88 -90 0 1
-88 -90 1 1
-88 -89 -1 1
-94 -69 7 0
-94 -70 8 0
-94 -70 7 0
-93 -71 8 0
-96 -70 8 0
-95 -70 8 0
-93 -70 8 0
-97 -72 7 0
-96 -71 8 0
-74 -100 8 0
-74 -100 6 0
-96 -87 7 0
-75 -99 5 1
-84 -52 5 8
-83 -57 0 1
-70 -55 2 0
-89 -61 6 3
-81 -58 1 4
-53 -60 4 0
-53 -60 5 0
-55 -61 4 0
-55 -61 5 0
-55 -62 4 0
-55 -62 5 0
-54 -63 4 0
-55 -63 4 0
-99 -65 8 1
-53 -62 6 0
-54 -63 0 1
-54 -62 0 1
-54 -61 0 1
-53 -63 0 1
-53 -62 0 1
-53 -61 0 1
-86 -81 1 1
-85 -81 3 1
-83 -79 1 1
-98 -64 5 5
-98 -64 6 3
-100 -91 3 0
-100 -91 4 0
-83 -60 0 1
-90 -68 3 1000
-90 -68 1 6
-90 -69 3 15
-96 -78 4 1
-96 -78 3 1
-75 -70 3 0
-75 -70 7 0
-74 -71 4 0
-74 -71 6 0
-75 -72 4 0
-75 -72 6 0
-75 -72 5 0
-75 -58 3 1
-91 -68 0 18
-90 -65 9 1
-91 -68 2 8
-90 -64 9 1
-81 -96 8 0
-94 -62 9 1
-96 -62 9 1
-95 -62 9 1
-90 -68 8 1
-90 -68 9 1
-90 -67 8 1
-90 -67 9 1
-78 -59 -1 1
-78 -58 -1 1
-78 -57 2 2
-79 -56 3 4
-98 -64 4 1
-100 -88 3 1
-99 -87 4 9
-89 -58 6 3
-89 -58 7 1000
-100 -70 4 1
-88 -68 5 0
-95 -79 3 1
-95 -79 4 1
-94 -79 2 1
-91 -78 3 4
-92 -79 2 1
-89 -76 4 1
-89 -79 4 1
-92 -75 3 8
-83 -94 8 0
-90 -78 3 2
-84 -94 8 0
-85 -94 8 0
-82 -98 6 1
-81 -99 6 1
-84 -96 9 0
-87 -77 2 1
-86 -79 2 2
-97 -69 7 0
-83 -81 -3 1
-98 -82 5 0
-99 -84 6 0
-99 -84 7 0
-98 -84 6 0
-98 -84 7 0
-99 -83 8 0
-96 -63 0 13
-96 -63 1 20
-81 -80 4 1
-81 -80 3 1
-81 -80 2 3
-58 -51 4 0
-55 -52 4 0
-88 -72 7 0
-87 -74 4 0
-87 -74 6 0
-87 -74 5 0
-88 -74 4 0
-88 -74 6 0
-88 -74 5 0
-90 -74 4 0
-90 -74 6 0
-90 -74 5 0
-90 -73 7 1
-91 -73 7 1
-91 -73 6 1
-88 -67 2 13
-71 -53 5 0
-93 -56 4 1
-92 -56 4 1
-90 -63 8 2
-72 -52 4 0
-73 -52 5 0
-92 -65 2 4
-92 -64 0 1
-83 -93 -1 1
-83 -93 0 1
-83 -93 1 1
-88 -97 -1 1
-87 -97 -1 1
-86 -97 -1 1
-85 -95 2 1000
-99 -70 1 1
-84 -96 0 4
-98 -67 2 1
-98 -67 3 1
-95 -72 1 1
-60 -51 4 0
-77 -58 8 0
-78 -72 6 0
-78 -72 4 0
-79 -72 5 0
-83 -53 0 1
-84 -69 4 0
-79 -60 4 0
-89 -92 3 1
-90 -89 3 1
-99 -64 5 1
-80 -59 1 1
-75 -62 4 1
-83 -59 0 1
-83 -59 1 1
-67 -58 4 0
-95 -61 5 1
-97 -61 7 1
-86 -73 6 0
-92 -51 9 1
-79 -56 0 2
-79 -56 -1 1
-79 -57 1 3
-79 -57 0 12
-85 -94 0 3
-85 -94 1 1
-85 -94 2 1
-85 -93 2 1
-95 -84 4 0
-94 -84 4 0
-95 -84 5 0
-96 -84 3 0
-73 -63 4 1
-92 -78 3 1
-98 -64 3 1
-85 -68 7 0
-82 -67 6 0
-85 -66 6 0
-86 -67 6 0
-84 -69 6 0
-83 -68 6 0
-84 -67 7 0
-83 -67 6 0
-83 -66 7 0
-95 -86 8 0
-95 -86 7 0
-95 -85 8 0
-85 -52 8 0
-95 -85 7 0
-95 -84 8 0
-60 -53 5 0
-94 -83 8 0
-63 -53 5 0
-63 -53 3 0
-94 -84 7 0
-92 -84 8 0
-93 -84 8 0
-92 -84 7 0
-93 -84 7 0
-98 -65 9 1
-75 -68 5 0
-75 -68 6 0
-59 -59 3 0
-60 -60 5 0
-60 -60 3 0
-92 -74 3 1
-60 -62 5 0
-60 -63 3 0
-59 -61 6 0
-92 -73 4 1
-91 -74 3 5
-94 -75 3 1
-97 -70 1 3
-98 -70 1 1
-92 -69 4 2
-92 -69 5 1
-92 -69 6 1
-95 -68 7 0
-66 -71 3 0
-67 -71 2 0
-67 -71 3 0
-92 -90 4 12
-67 -73 3 0
-71 -62 -1 1
-64 -74 3 0
-64 -74 1 0
-67 -74 -1 1
-67 -73 -1 1
-92 -66 2 6
-66 -74 -1 1
-66 -73 -1 1
-66 -72 -1 1
-65 -74 -1 1
-65 -73 -1 1
-65 -72 -1 1
-64 -72 2 0
-63 -72 2 0
-63 -72 3 0
-63 -72 1 0
-64 -70 2 0
-64 -70 1 0
-65 -71 2 0
-65 -70 2 0
-65 -70 3 0
-65 -70 1 0
-67 -70 2 0
-66 -70 1 0
-65 -72 4 0
-66 -71 -1 1
-65 -71 -1 1
-64 -73 -1 1
-64 -72 -1 1
-64 -71 -1 1
-75 -59 7 0
-70 -64 3 2
-70 -64 2 1
-56 -51 5 0
-78 -54 6 0
-72 -52 7 0
-80 -60 0 10
-80 -60 -1 1
-96 -74 3 8
-97 -74 2 1
-99 -75 2 1
-100 -65 6 1
-100 -65 5 1
-100 -68 7 1000
-92 -55 9 1
-91 -55 9 1
-94 -56 8 1
-94 -59 9 1
-76 -60 3 2
-80 -55 0 1
-77 -58 -1 1
-77 -57 0 1
-98 -92 3 0
-100 -93 4 0
-100 -92 4 0
-100 -93 3 0
-100 -88 -1 1
-73 -53 -1 1
-81 -55 5 1
-91 -72 0 1
-91 -72 -1 1
-85 -73 7 0
-85 -73 6 0
-97 -75 4 1
-97 -76 6 1
-97 -76 5 1
-96 -67 -1 1
-96 -67 0 1
-83 -67 4 0
-83 -66 5 0
-82 -67 -1 1
-76 -58 7 0
-75 -58 7 0
-75 -56 6 0
-76 -57 7 0
-76 -56 7 0
-76 -56 6 0
-77 -57 6 0
-77 -56 6 0
-77 -56 7 0
-78 -56 6 0
-85 -61 1 1
-85 -71 1 2
-85 -71 -1 1
-99 -77 1 1
-81 -65 3 1
-84 -51 2 1
-85 -72 3 1
-91 -70 1 1
-98 -65 2 1
-89 -71 3 4
-64 -54 2 0
-82 -76 6 0
-78 -60 -1 1
-78 -60 0 1
-78 -60 1 1
-79 -58 2 1
-77 -58 1 1
-72 -51 6 0
-70 -53 5 0
-98 -63 1 1
-80 -99 7 0
-81 -99 8 1
-84 -51 6 1001
-81 -56 6 27
-81 -56 5 151
-82 -56 7 1
-82 -56 6 1
-82 -56 5 3
-82 -55 6 11
-84 -54 4 1
-85 -52 4 1
-80 -53 5 0
-87 -51 8 1
-81 -64 -1 1
-86 -72 0 2
-77 -52 4 1
-77 -53 3 0
-77 -53 4 0
-75 -54 3 1
-91 -68 3 1000
-91 -65 4 1
-91 -66 6 2
-91 -66 5 1
-91 -66 4 1
-83 -65 4 0
-92 -86 3 0
-93 -91 4 5
-79 -51 4 1
-80 -51 3 1
-80 -51 4 0
-80 -51 2 1
-79 -57 8 0
-79 -57 10 0
-79 -57 9 0
-79 -55 8 0
-79 -55 10 0
-79 -55 9 0
-79 -54 8 0
-79 -54 10 0
-79 -54 9 0
-77 -54 8 0
-77 -54 10 0
-77 -53 9 0
-77 -54 9 0
-81 -53 4 1
-83 -54 1 4
-83 -54 2 13
-83 -52 3 3
-71 -61 4 1
-75 -69 5 0
-66 -59 1 0
-76 -61 5 1
-89 -66 4 1
-88 -86 1 0
-88 -86 2 0
-90 -85 0 0
-92 -63 9 1
-93 -63 9 1
-79 -55 5 1
-96 -67 5 6
-91 -85 1 0
-75 -55 3 1
-90 -77 4 1000
-54 -51 4 0
-54 -51 -1 1
-100 -79 4 1
-81 -58 7 1
-97 -75 7 0
-75 -57 9 0
-93 -81 8 0
-95 -82 9 0
-94 -81 8 0
-73 -58 7 0
-73 -58 8 0
-73 -58 11 0
-81 -57 7 1
-97 -87 0 2
-98 -89 2 0
-98 -88 1 0
-99 -87 1 0
-98 -88 2 0
-94 -87 0 1
-93 -87 0 1
-90 -90 2 0
-93 -88 3 1
-77 -58 7 0
-92 -58 9 2
-93 -59 9 1
-93 -58 9 1
-100 -92 1 0
-100 -88 0 1
-74 -69 7 0
-67 -54 1 0
-67 -59 -1 1
-95 -69 2 2
-95 -68 3 1
-96 -61 2 1
-75 -71 4 0
-75 -70 5 0
-75 -70 4 0
-76 -70 5 0
-74 -55 3 1000
-78 -55 -1 1
-79 -100 1 1
-79 -99 -1 1
-99 -84 5 1
-96 -84 5 1
-96 -85 5 1
-96 -85 4 1
-97 -84 3 0
-78 -96 4 1
-77 -98 2 1
-77 -98 3 5
-77 -98 4 1
-77 -97 2 2
-77 -97 3 5
-77 -97 4 1
-77 -96 2 1
-77 -96 3 1
-77 -96 4 1
-80 -95 2 1
-86 -93 4 1
-86 -94 4 5
-86 -95 4 1
-87 -94 4 3
-87 -95 4 3
-88 -94 4 2
-88 -95 4 2
-87 -94 3 3
-84 -95 1 1000
-91 -89 1 1000
-91 -89 2 0
-90 -91 1 1000
-90 -90 -1 1
-89 -91 -1 1
-89 -91 0 2
-89 -91 1 1000
-89 -90 -1 1
-88 -89 1 0
-90 -87 -2 1
-94 -90 7 0
-93 -91 6 0
-94 -92 6 0
-94 -92 5 1
-95 -91 6 0
-93 -89 6 0
-93 -90 6 0
-84 -68 -1 1
-88 -88 0 0
-90 -86 0 0
-92 -88 1 1
-92 -88 0 1
-91 -89 0 2
-91 -90 1 1000
-86 -96 3 1
-98 -61 1 2
-89 -89 0 0
-90 -88 3 1
-90 -88 -2 3
-91 -89 -3 1
-90 -89 -3 1
-98 -85 -1 1
-82 -52 2 3
-82 -53 4 1
-100 -68 2 1
-100 -67 2 1
-98 -71 3 4
-95 -73 2 1
-94 -73 2 1
-94 -73 3 1
-88 -63 7 1
-88 -62 5 1
-88 -62 6 1
-86 -66 0 5
-94 -74 8 0
-95 -74 7 0
-95 -69 5 8
-95 -69 4 1
-95 -70 6 1
-95 -70 5 4
-95 -70 4 1
-96 -69 6 1
-80 -61 4 0
-86 -80 -1 0
-86 -80 0 0
-86 -78 1 1
-98 -60 4 1
-98 -61 4 1
-74 -54 4 1
-74 -54 7 0
-76 -53 2 1
-76 -53 4 0
-73 -61 3 5
-66 -53 1 0
-64 -54 3 0
-100 -75 6 1
-100 -75 4 1
-98 -76 6 1
-98 -77 6 1
-81 -54 2 12
-81 -54 3 21
-81 -54 4 1
-79 -53 5 0
-92 -77 4 0
-86 -77 7 0
-63 -57 2 0
-98 -63 3 1
-78 -73 6 0
-78 -70 4 0
-77 -71 4 0
-64 -60 3 0
-71 -54 0 1
-88 -72 0 6
-79 -72 6 0
-79 -72 4 0
-80 -73 5 0
-81 -72 5 0
-80 -72 6 0
-80 -72 4 0
-80 -95 0 2
-80 -95 -1 1
-80 -96 1 7
-80 -96 0 1
-80 -96 -1 1
-95 -80 9 0
-96 -79 8 0
-82 -81 2 3
-82 -81 1 1
-83 -81 3 1
-83 -81 2 3
-83 -81 1 1
-98 -90 3 0
-71 -60 -1 1
-71 -61 -1 1
-89 -95 4 1
-62 -67 12 0
-62 -67 13 0
-62 -67 11 0
-60 -67 11 0
-59 -67 11 0
-60 -65 14 0
-60 -65 11 0
-60 -65 10 0
-61 -64 12 0
-60 -63 13 0
-61 -64 11 0
-61 -63 12 0
-61 -63 13 0
-61 -63 11 0
-63 -63 12 0
-87 -94 5 1
-88 -94 5 1
-89 -94 5 1
-88 -93 4 2
-86 -95 1 1
-86 -95 0 2
-86 -95 -1 1
-86 -94 2 1
-87 -95 3 1
-87 -96 3 1
-88 -95 3 1
-88 -96 3 1
-89 -95 3 1
-83 -95 4 1
-83 -94 4 1
-77 -98 8 0
-78 -98 7 0
-78 -97 7 0
-80 -97 8 0
-80 -96 8 0
-81 -97 8 0
-95 -65 5 3
-95 -65 6 1
-79 -97 8 0
-78 -97 9 1
-79 -96 10 1
-78 -97 10 1
-71 -61 3 1
-71 -62 1 0
-71 -62 0 0
-69 -61 3 0
-68 -61 3 0
-71 -59 3 0
-70 -61 4 0
-90 -69 6 5
-84 -54 0 1
-81 -92 1 1
-75 -57 11 0
-77 -58 10 0
-77 -58 9 0
-77 -57 10 0
-77 -57 9 0
-77 -55 8 0
-77 -56 10 0
-77 -55 9 0
-75 -55 10 0
-75 -55 9 0
-74 -55 8 0
-75 -56 9 0
-75 -57 10 0
-75 -57 8 0
-76 -58 9 0
-76 -58 8 0
-75 -59 10 0
-75 -59 8 0
-74 -58 10 0
-74 -58 11 0
-74 -58 7 0
-74 -57 11 0
-76 -59 8 0
-76 -59 9 0
-76 -57 9 0
-76 -56 9 0
-74 -55 9 0
-96 -72 3 1
-95 -73 3 5
-98 -70 0 1
-97 -70 0 1
-89 -88 0 0
-93 -91 0 4
-93 -91 1 1
-92 -91 -1 1
-92 -91 0 5
-92 -91 1 1
-89 -90 1 1
-89 -90 0 1
-83 -97 6 0
-84 -95 7 0
-84 -95 8 0
-84 -95 6 0
-85 -95 8 0
-86 -95 8 0
-87 -97 8 0
-86 -98 8 0
-85 -98 7 0
-90 -69 1 9
-98 -88 4 4
-98 -88 3 1
-84 -98 7 0
-84 -98 8 0
-83 -99 6 1
-84 -100 5 1
-83 -100 5 1
-83 -100 6 1
-90 -75 2 1
-74 -66 0 0
-74 -66 1 0
-73 -68 3 0
-83 -100 7 1
-83 -99 5 1
-82 -100 5 1
-82 -100 6 1
-82 -100 7 1
-82 -99 6 1
-82 -99 7 1
-85 -97 8 0
-85 -97 9 0
-84 -98 3 1
-84 -97 3 1
-77 -100 0 1
-77 -100 1 1
-77 -100 2 1
-78 -100 2 1
-80 -99 3 3
-81 -100 4 2
-66 -61 0 1
-88 -51 6 2
-88 -51 8 1
-88 -51 9 2
-62 -56 3 0
-91 -62 5 1
-91 -62 6 11
-91 -62 7 2
-90 -63 5 1
-90 -63 6 3
-90 -63 7 2
-85 -64 4 1
-84 -71 0 1
-84 -71 2 1
-83 -54 5 1
-90 -60 9 2
-96 -78 5 0
-84 -81 1 1
-55 -52 3 1
-58 -51 2 0
-78 -74 2 0
-79 -72 0 0
-85 -57 6 2
-87 -52 12 1
-87 -52 13 1
-87 -51 13 1
-78 -58 4 1
-87 -51 6 1
-83 -52 6 4
-83 -52 7 1
-83 -52 5 4
-83 -51 5 1
-83 -51 6 7
-83 -51 7 1
-60 -54 5 0
-60 -53 4 0
-63 -53 4 0
-64 -54 5 0
-93 -58 8 4
-93 -58 7 7
-94 -58 8 1
-94 -58 6 3
-94 -59 8 1
-94 -59 7 8
-94 -59 6 9
-94 -60 8 1
-93 -59 7 4
-91 -59 5 1
-92 -59 7 1001
-92 -59 6 1
-92 -59 5 1
-100 -75 7 0
-89 -56 7 1
-89 -56 6 1
-89 -56 5 1
-90 -56 7 1
-90 -64 3 1
-90 -65 3 1
-90 -66 3 2
-100 -71 5 2
-100 -59 4 1
-77 -71 0 0
-61 -56 5 0
-62 -56 5 0
-61 -56 4 0
-87 -51 5 1
-98 -90 5 0
-95 -93 3 0
-97 -67 0 1
-87 -67 5 0
-80 -57 7 1
-82 -54 5 1
-81 -53 5 0
-80 -52 7 0
-82 -53 -1 1
-86 -55 4 1
-86 -54 4 1
-97 -93 1 0
-60 -55 2 0
-94 -66 6 1
-90 -77 3 3
-89 -81 2 2
-89 -82 4 1
-89 -82 3 1
-72 -68 4 0
-100 -65 2 1
-85 -77 -3 1
-84 -78 -3 1
-100 -68 3 1
-91 -69 6 2
-97 -63 4 1
-85 -65 0 2
-85 -68 2 1
-82 -62 2 1
-90 -69 4 10
-83 -61 2 11
-84 -61 3 1
-90 -66 2 1
-98 -69 2 1
-98 -69 3 2
-77 -54 1 1
-77 -54 0 4
-83 -55 2 8
-70 -51 2 0
-71 -53 0 1
-92 -63 2 1
-92 -63 1 2
-92 -63 0 1
-92 -59 10 1
-93 -57 10 1
-93 -58 10 1
-93 -59 10 1
-89 -53 5 1
-89 -53 10 1
-89 -53 9 2
-85 -51 5 1
-96 -74 6 1
-79 -60 1 1
-79 -60 0 3
-90 -57 8 0
-93 -54 6 1
-93 -54 7 1
-93 -54 8 1
-92 -54 6 1
-92 -54 7 1
-92 -54 8 1
-91 -54 6 3
-91 -54 7 6
-91 -54 8 1
-93 -54 5 1
-92 -54 5 1
-91 -54 5 1
-89 -58 8 0
-90 -56 8 0
-90 -55 6 1
-90 -55 7 1
-90 -55 8 1
-78 -79 0 2
-74 -52 -1 1
-74 -52 1 1
-69 -53 6 0
-100 -76 10 0
-100 -76 12 0
-100 -76 11 0
-99 -77 10 0
-99 -77 12 0
-99 -77 11 0
-98 -78 11 0
-98 -81 12 0
-97 -81 11 0
-81 -59 7 0
-56 -83 3 1
-55 -84 1 0
-54 -86 3 0
-85 -68 4 0
-88 -65 2 1
-93 -74 6 0
-95 -76 5 0
-95 -76 6 0
-93 -78 5 0
-93 -76 7 0
-64 -53 4 0
-95 -82 5 0
-80 -53 6 0
-94 -86 7 0
-80 -96 6 1
-58 -89 1 1
-90 -53 5 1
-94 -56 9 1
-94 -68 -1 1
-98 -82 9 0
-79 -65 3 1
-79 -64 2 1
-96 -68 6 1
-98 -68 4 2
-98 -68 5 3
-98 -68 6 1
-97 -68 4 1
-97 -68 5 1
-79 -64 3 1
-99 -84 8 0
-99 -84 11 0
-99 -84 10 0
-78 -64 2 1
-72 -59 -1 1
-56 -93 4 1
-57 -93 4 1
-70 -81 2 1
-69 -82 3 1
-70 -81 0 1
-83 -62 -1 1
-83 -57 4 1
-83 -57 3 1
-83 -57 2 1
-84 -54 1 1
-84 -55 1 3
-84 -56 1 1
-78 -55 7 0
-70 -65 6 0
-83 -51 2 1
-83 -51 3 1
-82 -51 2 1
-82 -84 0 1
-81 -84 2 1
-81 -84 3 1
-83 -84 -1 1
-57 -94 4 1
-80 -61 3 0
-78 -62 4 0
-89 -94 4 4
-57 -89 1 2
-57 -90 0 3
-97 -65 8 1
-57 -93 -1 1
-56 -92 0 1
-56 -92 4 0
-99 -82 4 1000
-57 -90 3 0
-100 -83 10 0
-100 -83 9 0
-99 -83 10 0
-99 -83 9 0
-99 -84 9 0
-97 -83 10 0
-97 -83 9 0
-97 -85 10 0
-53 -89 2 1
-85 -93 7 0
-85 -93 8 0
-86 -94 8 0
-87 -94 8 0
-87 -96 8 0
-85 -95 9 0
-86 -93 7 0
-86 -93 8 0
-87 -92 7 0
-98 -70 4 1048
-99 -70 6 1
-99 -70 5 1
-99 -86 0 2
-100 -87 -1 1
-99 -87 -1 1
-98 -87 -1 1
-86 -64 -1 1
-83 -62 6 1
-70 -52 4 0
-70 -52 5 0
-69 -51 4 0
-69 -51 5 0
-71 -51 4 0
-93 -57 5 2
-94 -57 7 1
-94 -57 6 1
-94 -57 5 1
-95 -57 7 1
-95 -57 6 1
-91 -61 4 1
-91 -62 4 1
-91 -63 4 1
-92 -61 4 1
-76 -59 1 1
-95 -60 0 1
-91 -76 7 0
-85 -73 1 1
-90 -63 3 1
-63 -59 1 0
-91 -63 3 1
-87 -64 1 1
-87 -64 0 1
-98 -74 2 1
-84 -67 1 1
-84 -67 -1 1
-84 -72 -1 1
-84 -72 0 1
-92 -88 2 0
-92 -87 5 1
-93 -88 0 5
-94 -88 -1 1
-94 -87 -1 1
-93 -88 -1 1
-93 -87 -1 1
-92 -89 -1 1
-92 -88 -1 1
-92 -87 -1 1
-96 -74 4 1
-96 -74 5 1
-76 -56 8 0
-92 -77 2 1
-68 -58 3 0
-68 -58 2 0
-70 -57 -1 1
-78 -61 5 0
-98 -74 4 1001
-94 -64 2 3
-90 -77 2 1
-100 -80 6 1
-100 -73 3 6
-96 -63 3 1
-98 -58 2 1
-100 -62 3 1
-67 -79 1 1
-98 -60 1 6
-72 -58 1 0
-73 -59 2 0
-67 -78 2 1
-70 -56 3 0
-68 -78 2 0
-84 -69 -1 1
-68 -78 1 0
-70 -77 2 1
-71 -76 1 1
-71 -76 2 1
-71 -76 3 1
-70 -76 1 2
-70 -76 2 2
-94 -66 3 1
-94 -66 2 6
-94 -66 1 12
-69 -77 3 1
-69 -76 1 1
-88 -62 9 1
-88 -61 8 1
-71 -77 2 1
-93 -61 9 1
-71 -77 4 1
-95 -66 1 18
-84 -54 8 0
-74 -56 1 1
-86 -54 9 0
-83 -56 7 1
-98 -80 5 0
-85 -53 9 0
-100 -82 3 1
-100 -83 4 1
-100 -83 5 1
-99 -84 4 1
-99 -84 3 1
-99 -86 9 0
-70 -81 3 1
-70 -81 1 1
-82 -51 8 0
-69 -81 2 2
-95 -72 9 0
-56 -85 3 0
-94 -71 7 0
-58 -85 2 1
-58 -85 3 0
-58 -85 1 1
-56 -88 3 0
-54 -86 0 1
-56 -86 3 0
-56 -86 4 0
-56 -86 0 2
-57 -85 -1 1
-56 -85 -1 1
-55 -87 -1 1
-55 -86 -1 1
-55 -85 -1 1
-96 -67 2 3
-94 -67 0 5
-94 -67 -1 1
-56 -52 4 0
-95 -64 2 1
-99 -79 5 1
-99 -79 6 1
-99 -78 4 1
-99 -78 5 1
-96 -71 6 1
-96 -71 5 7
-81 -60 5 1
-80 -100 5 1
-79 -100 5 1
-82 -68 3 0
-94 -67 4 1
-93 -68 6 1
-91 -67 6 1
-71 -67 5 0
-71 -67 6 0
-71 -67 4 0
-71 -66 5 0
-72 -68 5 0
-71 -69 5 0
-71 -69 6 0
-71 -69 4 0
-73 -67 7 0
-73 -67 4 0
-73 -67 3 0
-70 -66 5 0
-69 -66 5 1
-70 -66 6 0
-69 -66 4 1
-71 -65 5 0
-82 -61 -1 1
-82 -61 0 8
-82 -61 1 3
-81 -100 7 0
-80 -100 7 0
-80 -100 8 0
-82 -99 9 0
-82 -99 4 1
-84 -70 2 0
-81 -98 3 1
-82 -53 5 1
-82 -53 6 1
-82 -53 7 1
-87 -65 2 1
-86 -65 2 4
-76 -66 2 0
-76 -67 3 0
-76 -66 3 0
-77 -67 3 0
-75 -70 2 0
-76 -68 4 0
-76 -68 1 0
-76 -68 0 0
-91 -76 5 0
-93 -75 6 0
-93 -75 5 0
-100 -84 9 0
-99 -85 9 0
-53 -89 1 1
-87 -70 1 1
-97 -84 9 0
-98 -85 9 0
-96 -85 8 0
-78 -63 7 0
-70 -65 4 1
-100 -91 6 0
-98 -91 5 0
-89 -75 5 0
-93 -73 4 1
-57 -83 4 1
-57 -82 2 1
-57 -82 3 1
-57 -82 4 1
-56 -83 4 1
-56 -82 2 1
-56 -82 3 3
-56 -82 4 1
-55 -83 3 1
-93 -73 7 0
-93 -73 8 0
-55 -82 3 5
-55 -82 4 1
-56 -82 1 1
-57 -82 0 1
-57 -81 0 1
-57 -81 1 1
-57 -81 2 1
-56 -82 0 1
-56 -81 0 1
-87 -63 2 1
-95 -88 4 12
-79 -75 1 0
-76 -55 6 0
-75 -55 5 0
-79 -54 6 0
-80 -54 7 0
-75 -55 7 0
-75 -55 6 0
-88 -59 5 1
-95 -65 2 1
-95 -66 0 13
-75 -100 3 1
-89 -67 1 5
-98 -86 9 0
-96 -86 8 0
-97 -86 8 0
-98 -87 9 0
-97 -88 8 0
-98 -72 5 7
-98 -72 6 1
-98 -88 8 0
-100 -88 8 0
-100 -87 8 0
-100 -85 8 0
-98 -85 8 0
-69 -58 3 0
-97 -85 8 0
-85 -68 5 0
-86 -71 4 0
-84 -73 3 1
-91 -73 2 1
-91 -73 3 5
-61 -60 5 0
-91 -72 2 1
-60 -59 5 0
-60 -59 4 0
-94 -78 5 0
-94 -77 6 0
-81 -74 5 0
-81 -75 6 0
-87 -69 3 1
-87 -67 6 0
-66 -51 4 0
-78 -53 2 1
-79 -51 5 0
-79 -51 0 2
-80 -51 1 1
-71 -52 2 0
-71 -52 1 0
-97 -85 7 0
-89 -96 3 1
-88 -95 2 1
-87 -96 2 1
-87 -96 1 3
-87 -96 0 2
-88 -96 2 1
-88 -96 1 1
-88 -96 0 2
-89 -95 2 1
-89 -96 2 1
-89 -96 1 1
-89 -96 0 1
-90 -95 1 1
-81 -57 3 4
-96 -87 8 0
-98 -85 7 0
-98 -87 8 0
-98 -89 7 0
-100 -86 7 0
-98 -86 7 0
-98 -86 6 0
-97 -86 7 0
-98 -87 7 0
-99 -88 8 0
-100 -89 7 0
-99 -86 7 0
-97 -88 7 0
-97 -90 7 0
-100 -87 7 0
-99 -89 7 0
-97 -94 4 0
-97 -95 3 0
-97 -95 5 0
-99 -90 7 0
-99 -91 7 0
-99 -91 6 0
-83 -95 7 0
-81 -95 8 0
-100 -95 1 0
-100 -95 2 0
-99 -96 2 0
-99 -96 3 0
-100 -99 3 0
-100 -99 2 0
-72 -57 5 0
-74 -57 4 0
-70 -56 -1 1
-71 -57 0 1
-71 -57 5 0
-73 -57 4 0
-99 -76 1 1
-87 -64 -1 1
-99 -74 1 1
-54 -61 1 1
-68 -57 4 0
-88 -75 5 0
-96 -82 2 1
-92 -62 7 2
-95 -63 5 1
-95 -63 6 1
-68 -77 1 1
-65 -75 3 0
-66 -73 3 0
-66 -73 4 0
-51 -74 2 0
-66 -73 1 1
-67 -72 0 1
-66 -72 0 1
-51 -73 2 0
-51 -73 3 0
-51 -73 1 0
-53 -73 2 0
-53 -73 3 0
-53 -73 1 0
-54 -75 1 1
-55 -76 0 1
-55 -76 1 1
-55 -76 2 1
-55 -75 0 1
-55 -75 1 1
-55 -75 2 1
-55 -74 0 1
-55 -74 1 1
-55 -74 2 1
-54 -76 0 1
-54 -75 0 1
-54 -74 0 1
-54 -74 1 1
-51 -75 4 0
-51 -75 0 1
-52 -74 -1 1
-51 -74 -1 1
-63 -69 3 1
-63 -69 1 1
-63 -69 0 1
-63 -68 0 1
-63 -68 1 1
-63 -68 2 1
-62 -70 0 1
-62 -69 0 1
-62 -69 1 1
-62 -69 2 1
-62 -68 0 1
-62 -68 1 1
-62 -68 2 1
-64 -69 2 0
-64 -69 3 1
-63 -64 -1 1
-64 -64 -1 1
-65 -64 -1 1
-64 -65 0 1
-64 -65 4 0
-66 -67 5 1
-66 -68 5 1
-66 -68 3 1
-67 -67 5 1
-67 -68 5 1
-66 -65 3 0
-65 -64 3 0
-65 -64 2 0
-64 -63 3 0
-64 -63 2 0
-63 -64 3 0
-63 -64 2 0
-100 -94 4 0
-84 -60 4 2
-62 -70 1 1
-93 -72 7 0
-93 -72 8 0
-93 -71 7 0
-88 -79 2 1
-88 -80 2 1
-88 -79 3 2
-88 -79 8 0
-87 -80 5 0
-87 -80 7 0
-87 -80 6 0
-97 -73 0 1
-97 -74 0 1
-97 -75 0 1
-98 -73 0 1
-98 -74 0 1
-98 -75 0 1
-99 -73 0 1
-99 -74 0 1
-99 -75 0 1
-51 -72 2 0
-51 -72 3 0
-51 -72 1 0
-52 -72 2 0
-52 -72 3 0
-52 -72 1 0
-51 -75 1 0
-51 -74 3 0
-51 -74 4 0
-51 -74 0 1
-52 -73 -1 1
-51 -73 -1 1
-72 -65 7 0
-89 -96 4 1
-60 -54 0 0
-61 -71 1 1
-61 -71 2 1
-62 -52 2 0
-63 -52 2 0
-65 -53 0 0
-67 -53 2 0
-66 -51 3 0
-74 -67 7 0
-92 -70 7 0
-93 -69 7 0
-93 -69 8 0
-94 -68 7 0
-96 -69 8 0
-94 -70 9 0
-65 -52 3 0
-71 -68 6 0
-87 -73 0 1
-87 -73 -1 1
-60 -56 4 0
-97 -88 5 1
-97 -88 4 5
-97 -88 3 1
-98 -84 2 1
-60 -68 2 1
-66 -68 4 1
-67 -67 4 1
-67 -67 3 1
-67 -67 2 1
-67 -68 4 1
-67 -68 3 1
-67 -68 2 1
-66 -67 3 1
-60 -68 3 1
-62 -69 3 0
-63 -68 3 0
-93 -74 3 1
-90 -84 3 0
-85 -67 2 1
-88 -87 3 0
-87 -87 3 0
-88 -85 4 0
-98 -59 1 1
-86 -56 7 1
-84 -59 7 1
-63 -67 -1 1
-92 -71 5 1
-94 -77 3 6
-95 -67 4 1
-94 -79 5 0
-51 -68 1 1
-51 -68 2 1
-51 -68 3 1
-95 -72 5 1
-80 -70 5 0
-81 -69 6 0
-100 -87 3 1
-100 -87 4 6
-100 -87 5 1
-90 -66 7 1
-100 -87 2 1
-99 -87 2 1
-99 -87 3 1000
-79 -60 6 0
-74 -65 2 0
-51 -69 0 1
-51 -68 0 1
-92 -76 3 10
-92 -76 7 0
-92 -78 6 0
-97 -61 0 5
-96 -62 0 5
-97 -74 5 6
-97 -73 4 1
-88 -66 1 1
-85 -81 2 4
-72 -54 0 1
-72 -54 -1 1
-72 -55 1 1
-72 -55 0 1
-85 -66 4 1
-100 -63 2 2
-81 -69 3 0
-81 -68 2 0
-83 -71 2 0
-82 -71 2 0
-81 -71 2 0
-80 -69 3 0
-80 -69 4 0
-80 -64 0 1
-82 -66 6 0
-80 -63 1 1
-91 -69 4 1
-91 -70 4 1
-96 -67 1 2
-75 -56 4 0
-89 -74 6 0
-91 -74 4 0
-88 -74 7 0
-87 -56 8 0
-77 -68 5 0
-77 -68 1 0
-79 -73 3 0
-81 -73 4 0
-83 -73 3 0
-80 -74 4 0
-84 -74 3 0
-85 -74 3 0
-92 -76 8 0
-81 -52 2 1
-91 -77 7 0
-93 -77 8 0
-93 -78 8 0
-94 -78 8 0
-74 -57 7 0
-72 -53 1 2
-94 -61 7 2
-97 -87 6 1
-96 -60 1 1
-85 -73 0 1
-100 -63 3 2
-99 -63 1 1
-99 -63 2 1
-99 -63 3 1
-95 -68 9 0
-94 -67 8 0
-89 -69 7 1
-79 -61 8 0
-99 -93 6 0
-99 -93 5 0
-94 -74 6 0
-93 -75 7 0
-85 -62 -1 1
-82 -64 1 1
-99 -69 6 1
-99 -69 5 1
-73 -64 3 0
-72 -64 2 1
-63 -68 5 1
-89 -63 5 1
-63 -67 3 0
-62 -66 2 0
-62 -66 3 0
-64 -65 2 0
-65 -66 2 0
-65 -66 3 0
-64 -67 4 0
-65 -67 -1 1
-65 -66 -1 1
-64 -67 -1 1
-64 -66 -1 1
-79 -62 4 0
-63 -66 -1 1
-98 -97 5 0
-83 -59 7 1
-81 -60 3 1
-89 -69 2 1
-81 -59 3 4
-83 -100 3 1
-79 -82 2 1
-92 -64 -1 1
-64 -68 -1 1
-96 -66 2 3
-97 -66 2 2
-98 -66 2 1
-76 -72 5 0
-90 -81 3 1
-91 -82 2 1
-91 -82 3 1
-65 -68 -1 1
-82 -75 4 0
-90 -62 7 2
-62 -70 2 0
-63 -66 2 0
-62 -65 2 0
-63 -66 3 0
-64 -65 3 0
-65 -65 2 0
-80 -80 2 1
-80 -79 3 1
-79 -80 1 1
-79 -80 2 1
-98 -69 0 1
-62 -58 2 0
-79 -79 3 1
-65 -55 2 0
-66 -67 4 2
-84 -80 0 0
-84 -83 3 1
-83 -83 3 1
-84 -81 0 0
-83 -83 1 1
-83 -83 2 3
-82 -83 1 2
-74 -53 7 0
-74 -52 8 0
-74 -52 7 0
-60 -68 1 1
-91 -77 3 2
-86 -75 4 0
-80 -64 1 1
-80 -65 1 1
-73 -59 3 0
-73 -60 4 1
-70 -67 5 0
-71 -68 4 0
-86 -62 3 1
-63 -65 2 0
-63 -65 3 0
-62 -65 3 0
-64 -64 2 0
-64 -64 3 0
-65 -65 3 0
-65 -69 4 1
-65 -68 4 1
-63 -69 4 1
-64 -66 4 0
-64 -66 0 1
-65 -65 -1 1
-64 -65 -1 1
-63 -65 -1 1
-87 -68 -1 1
-85 -57 5 1
-75 -65 5 0
-91 -87 -3 1
-85 -85 1 1
-84 -85 2 1
-84 -85 3 1
-83 -85 1 2
-61 -70 2 1
-63 -70 -1 1
-63 -71 -1 1
-63 -72 -1 1
-64 -71 0 1
-69 -61 9 0
-69 -61 13 0
-67 -62 12 0
-69 -62 10 0
-70 -62 10 0
-70 -62 12 0
-70 -62 11 0
-69 -62 11 0
-71 -61 10 0
-70 -61 12 0
-71 -61 11 0
-70 -59 10 0
-70 -60 12 0
-70 -59 11 0
-69 -59 10 0
-69 -59 12 0
-69 -59 11 0
-67 -59 10 0
-67 -60 12 0
-67 -59 11 0
-67 -61 12 0
-68 -61 9 0
-68 -61 13 0
-66 -63 10 0
-67 -62 10 0
-69 -63 10 0
-69 -63 12 0
-69 -63 11 0
-70 -61 10 0
-69 -61 10 0
-64 -71 4 0
-64 -72 1 0
-57 -62 6 0
-57 -64 4 0
-59 -62 3 0
-59 -62 4 0
-58 -60 5 0
-63 -67 2 1
-63 -67 1 1
-63 -67 0 1
-62 -64 3 0
-62 -64 2 0
-63 -63 3 0
-63 -63 2 0
-64 -62 2 0
-65 -63 2 0
-66 -63 2 0
-66 -64 3 0
-66 -64 2 0
-64 -64 4 0
-64 -64 5 0
-64 -64 0 1
-65 -63 -1 1
-64 -63 -1 1
-63 -63 -1 1
-63 -69 2 0
-62 -71 1 0
-62 -71 2 0
-64 -70 -1 1
-65 -70 -1 1
-66 -70 -1 1
-65 -71 0 1
-65 -71 4 0
-65 -71 3 0
-63 -73 1 0
-63 -73 2 0
-66 -70 3 0
-66 -70 2 0
-64 -67 2 1
-64 -67 1 1
-65 -68 0 1
-66 -67 2 1
-66 -67 1 1
-66 -67 0 1
-66 -68 0 1
-65 -68 1 1
-65 -69 3 1
-65 -69 2 0
-63 -70 1 0
-63 -70 3 0
-63 -70 2 0
-63 -71 1 0
-63 -71 3 0
-96 -64 8 2
-97 -63 8 1
-63 -71 2 0
-67 -72 -1 1
-64 -74 2 0
-67 -71 1 0
-64 -71 1 0
-64 -71 3 0
-64 -71 2 0
-66 -73 2 0
-65 -72 0 2
-65 -73 0 1
-65 -62 2 0
-65 -63 0 1
-66 -64 -1 1
-66 -63 -1 1
-66 -62 -1 1
-65 -62 -1 1
-64 -62 -1 1
-68 -72 2 0
-66 -71 1 0
-66 -72 3 0
-66 -71 2 0
-66 -72 2 0
-65 -72 1 0
-65 -72 3 0
-65 -72 2 0
-64 -73 1 0
-64 -73 3 0
-64 -73 2 0
-90 -72 5 13
-90 -70 6 1
-86 -71 5 0
-90 -71 7 1
-71 -55 4 1
-91 -95 5 0
-93 -76 2 1
-74 -64 2 0
-97 -62 5 1
-89 -84 2 0
-81 -64 0 1
-81 -64 1 1
-96 -77 3 3
-96 -77 4 1
-98 -74 1 1
-93 -65 7 1
-94 -65 7 1
-95 -63 7 3
-87 -86 2 0
-87 -86 1 0
-87 -84 4 1
-87 -84 0 0
-64 -61 2 0
-67 -64 2 0
-66 -62 0 1
-67 -63 -1 1
-65 -74 1 0
-96 -81 3 1
-96 -80 2 1
-98 -65 7 2
-55 -63 5 0
-52 -63 0 1
-52 -62 0 1
-86 -85 4 1
-86 -84 4 1
-85 -85 3 1
-85 -85 4 1
-85 -84 3 1
-85 -84 4 1
-86 -86 2 0
-86 -86 1 0
-88 -84 4 0
-88 -84 0 0
-52 -61 0 1
-69 -64 2 0
-68 -64 2 1
-86 -53 4 1
-91 -72 5 7
-54 -77 -1 1
-53 -77 -1 1
-52 -77 -1 1
-62 -58 4 0
-90 -59 5 1
-90 -59 6 1000
-67 -77 3 0
-69 -75 2 0
-69 -74 1 0
-69 -74 3 0
-69 -74 2 0
-67 -73 1 0
-67 -74 3 0
-89 -83 4 1
-67 -73 2 0
-67 -74 2 0
-66 -74 1 0
-51 -63 4 0
-52 -64 5 0
-51 -63 5 0
-52 -62 4 0
-52 -62 5 0
-66 -74 3 0
-52 -61 5 0
-66 -74 2 0
-66 -75 3 0
-66 -75 2 0
-67 -75 0 1
-65 -58 4 0
-67 -77 0 1
-65 -58 3 0
-79 -61 7 0
-82 -60 0 3
-69 -76 0 1
-68 -76 4 0
-66 -79 2 1
-66 -79 1 1
-67 -77 2 0
-68 -78 3 0
-70 -75 0 1
-70 -76 0 1
-71 -75 0 1
-71 -76 0 1
-70 -75 4 1
-86 -94 6 0
-70 -76 4 1
-71 -75 4 1
-71 -76 4 1
-70 -75 3 1
-70 -75 1 1
-71 -75 3 1
-71 -75 2 1
-71 -75 1 1
-69 -75 1 0
-69 -75 3 0
-70 -75 2 1
-68 -75 1 0
-68 -75 3 0
-68 -74 2 0
-68 -75 2 0
-67 -75 1 1
-67 -75 3 0
-67 -75 2 0
-65 -75 2 1
-65 -75 1 1
-65 -75 0 1
-90 -95 3 1
-97 -89 6 0
-93 -90 5 1
-66 -75 0 1
-79 -63 2 1
-78 -64 4 1
-78 -64 3 1
-76 -77 1 1
-76 -76 -1 1
-79 -74 -2 1
-79 -75 -3 1
-78 -75 -3 1
-78 -76 0 0
-79 -74 0 0
-82 -76 0 0
-87 -55 7 1
-84 -71 1 1
-70 -65 5 1
-63 -56 6 0
-78 -78 0 1
-79 -79 -1 1
-78 -79 -1 1
-100 -73 2 1
-100 -72 2 1
-100 -71 2 1
-91 -87 2 0
-90 -87 2 0
-90 -87 3 0
-90 -87 1 0
-91 -86 2 0
-99 -82 3 2
-99 -82 5 1
-66 -76 2 1
-67 -76 2 0
-100 -65 4 1
-87 -65 -1 1
-68 -76 1 2
-68 -76 3 0
-85 -73 5 0
-85 -73 4 0
-99 -70 7 0
-96 -77 2 1
-97 -77 3 1
-97 -77 2 1
-98 -77 2 2
-99 -76 3 1
-90 -73 5 1
-90 -73 4 1
-87 -83 1 1
-96 -69 2 1
-83 -62 4 1
-98 -62 5 1
-98 -62 6 1
-96 -69 3 1
-97 -62 6 1
-93 -91 -1 1
-94 -89 -1 1
-84 -53 0 1
-95 -81 5 0
-97 -62 7 1
-94 -90 -1 1
-94 -91 -1 1
-95 -89 -1 1
-65 -79 0 1
-66 -77 0 1
-66 -78 0 1
-66 -79 0 1
-66 -78 1 2
-67 -78 3 0
-69 -81 3 1
-69 -81 1 2
-69 -77 0 1
-93 -62 6 2
-98 -75 3 1
-69 -78 1 2
-69 -78 0 1
-70 -77 1 1
-57 -86 2 0
-57 -86 1 0
-58 -87 2 0
-58 -87 3 0
-58 -87 1 0
-59 -88 2 0
-59 -88 3 0
-59 -88 1 0
-57 -88 4 0
-58 -88 -1 1
-58 -87 -1 1
-57 -88 -1 1
-57 -87 -1 1
-56 -88 -1 1
-56 -87 -1 1
-70 -77 0 1
-71 -77 1 1
-71 -56 3 0
-71 -56 1 0
-71 -55 2 1
-71 -55 1 0
-71 -77 0 1
-69 -77 4 1
-98 -86 1 0
-98 -89 1 0
-69 -78 4 1
-70 -77 4 1
-70 -77 3 1
-71 -77 3 1
-69 -76 3 1
-69 -76 2 1
-99 -60 0 4
-86 -73 2 1
-93 -66 5 1
-89 -73 -1 1
-75 -51 6 0
-84 -78 -2 1
-85 -79 -3 1
-85 -78 -3 1
-69 -77 2 1
-69 -77 1 1
-70 -76 3 2
-69 -78 3 1
-69 -78 2 1000
-67 -78 1 1
-67 -78 0 1
-67 -79 2 1
-67 -79 0 1
-67 -80 2 1
-67 -80 1 1
-67 -80 0 1
-68 -78 0 1
-70 -80 0 1
-71 -83 1 1
-99 -73 3 3
-100 -72 3 2
-97 -73 2 1
-98 -72 2 1
-98 -73 3 1
-66 -59 6 0
-64 -61 4 0
-65 -60 4 0
-91 -71 0 1
-64 -61 5 0
-65 -60 5 0
-93 -72 5 1
-58 -86 1 1
-70 -78 0 1
-70 -79 0 1
-71 -78 0 1
-72 -78 0 1
-70 -78 4 1
-70 -79 4 1
-71 -78 4 1
-72 -78 4 1
-70 -78 3 2
-70 -78 2 5
-70 -78 1 2
-70 -79 3 1
-70 -79 2 1000
-70 -79 1 2
-71 -78 3 1
-71 -78 2 1
-71 -78 1 1
-72 -78 3 1
-72 -78 2 1
-72 -78 1 1
-69 -79 1 1
-69 -79 3 0
-69 -79 2 0
-68 -79 0 1
-68 -80 0 1
-69 -79 0 1
-69 -83 2 1
-69 -83 1 1
-70 -80 2 0
-68 -81 0 1
-68 -82 0 1
-68 -83 0 1
-69 -81 0 1
-69 -82 0 1
-69 -83 0 1
-69 -82 1 1
-71 -82 2 0
-68 -81 3 1
-68 -81 2 1
-68 -81 1 1
-68 -82 3 1
-68 -82 2 1
-68 -82 1 1
-68 -83 3 1
-68 -83 2 1
-68 -83 1 1
-69 -82 2 1
-70 -84 4 1
-76 -82 2 1
-73 -83 2 0
-71 -81 4 1
-71 -81 1 1
-72 -58 4 0
-70 -57 5 0
-71 -82 1 0
-71 -82 3 0
-89 -60 6 5
-89 -60 7 1
-52 -72 13 0
-52 -72 15 0
-51 -71 15 0
-97 -60 2 2
-97 -60 3 1
-100 -85 5 1
-66 -60 3 0
-67 -57 2 0
-66 -58 1 0
-65 -59 2 0
-58 -53 -1 1
-59 -51 -1 1
-59 -52 -1 1
-59 -53 -1 1
-88 -95 0 2
-88 -95 1 2
-87 -95 -1 1
-87 -95 0 3
-87 -95 1 1
-87 -93 2 1000
-86 -94 -1 1
-86 -94 0 5
-86 -94 1 1000
-86 -93 0 3
-86 -93 1 5
-88 -92 4 4
-87 -93 5 1
-87 -92 5 1
-87 -91 5 1
-58 -52 5 0
-77 -59 -1 1
-83 -58 2 1
-82 -58 2 1
-56 -86 2 0
-55 -86 3 0
-57 -85 2 1
-57 -85 3 0
-57 -85 1 1
-58 -86 3 0
-59 -87 2 0
-59 -87 1 0
-58 -90 0 1
-58 -89 0 1
-57 -87 4 0
-58 -86 -1 1
-57 -86 -1 1
-56 -86 -1 1
-84 -70 5 0
-86 -67 5 0
-70 -51 5 0
-78 -56 0 9
-71 -54 6 0
-71 -54 5 0
-73 -54 4 1
-74 -51 4 0
-73 -52 4 1
-74 -51 6 0
-96 -68 2 3
-84 -56 4 1
-84 -56 3 1
-94 -58 4 1
-83 -58 3 1
-81 -63 3 9
-85 -82 1 1
-79 -61 4 0
-90 -67 1 27
-90 -67 0 31
-95 -58 5 1
-84 -52 10 0
-84 -53 9 0
-84 -53 10 0
-73 -56 9 0
-79 -55 4 1000
-91 -68 1 13
-81 -99 3 1
-67 -59 1 0
-72 -83 1 1
-72 -83 3 1
-85 -52 7 1
-84 -52 7 1
-82 -67 4 0
-82 -67 2 0
-85 -52 6 15
-86 -51 6 10
-89 -74 5 0
-97 -73 3 2
-97 -72 2 1
-96 -73 2 1
-96 -73 3 2
-95 -64 0 11
-87 -72 3 1
-87 -72 2 1
-78 -56 1 3
-78 -56 3 6
-77 -57 1 1
-77 -57 2 3
-77 -56 1 2
-85 -63 -1 1
-86 -63 1 1
-80 -65 6 0
-85 -84 0 0
-84 -73 4 0
-71 -57 2 0
-70 -57 2 0
-89 -74 7 0
-92 -63 -1 1
-73 -85 -1 1
-73 -86 -1 1
-74 -84 -1 1
-74 -85 -1 1
-75 -84 -1 1
-75 -85 -1 1
-73 -86 1 2
-72 -87 4 1
-72 -86 1 1
-72 -87 3 1
-72 -87 2 1
-72 -87 1 1
-74 -87 1 1
-75 -87 1 0
-75 -84 3 0
-74 -84 3 0
-73 -84 1 1
-73 -84 3 1
-71 -84 2 3
-71 -84 1 3
-92 -65 8 2
-92 -66 8 2
-92 -66 7 1
-92 -67 9 1
-93 -66 8 2
-94 -67 7 0
-93 -67 7 0
-71 -84 0 1
-71 -85 2 1
-71 -85 1 1
-71 -85 0 1
-71 -86 2 2
-71 -86 1 1
-71 -86 0 1
-72 -84 0 1
-72 -85 0 1
-51 -67 1 1
-51 -67 2 1
-51 -67 3 1
-72 -85 3 3
-72 -86 4 1
-72 -86 3 1
-76 -88 4 1
-76 -88 1 0
-77 -87 1 0
-76 -85 1 1
-96 -63 9 1
-95 -65 9 1
-95 -64 9 1
-95 -63 9 1
-82 -54 3 1001
-82 -54 4 1000
-84 -62 0 2
-75 -85 2 0
-73 -85 1 1
-73 -87 1 1
-98 -84 1 1
-100 -79 3 0
-97 -78 1 1
-99 -84 1 2
-100 -82 1 1
-100 -83 1 1
-64 -54 4 0
-77 -86 2 0
-61 -57 4 0
-88 -81 7 0
-88 -81 5 0
-95 -63 3 1
-91 -51 7 1
-83 -54 -1 1
-83 -55 -1 1
-83 -56 -1 1
-79 -57 5 1
-83 -54 0 1
-83 -55 0 1
-83 -56 0 1
-85 -54 3 1
-95 -62 0 1
-95 -62 -1 1
-95 -63 1 10
-95 -63 0 6
-95 -63 -1 1
-85 -71 0 4
-75 -52 2 0
-51 -67 0 1
-51 -66 0 1
-51 -66 1 1
-51 -66 2 1
-75 -71 6 0
-76 -69 5 0
-84 -63 5 0
-96 -89 1 0
-84 -68 5 0
-86 -66 5 0
-70 -59 1 0
-88 -73 1 1
-99 -64 -1 1
-99 -64 0 4
-80 -62 8 0
-79 -59 8 0
-89 -65 5 1
-91 -60 7 5
-58 -63 5 0
-68 -54 2 0
-68 -54 3 0
-66 -53 3 0
-84 -98 1 1
-73 -85 4 1
-73 -85 3 3
-84 -98 2 0
-84 -100 -1 1
-98 -76 5 6
-96 -87 1 0
-72 -65 1 0
-72 -66 1 0
-73 -66 1 0
-75 -64 1 0
-71 -64 1 0
-91 -67 5 1
-80 -71 3 0
-68 -61 -1 1
-67 -60 0 2
-66 -62 2 0
-68 -62 2 0
-66 -54 2 0
-65 -60 -1 1
-65 -61 -1 1
-65 -54 3 0
-65 -54 2 0
-66 -53 2 0
-64 -60 6 0
-68 -53 2 0
-67 -54 3 0
-62 -60 2 0
-62 -60 6 0
-68 -55 2 0
-68 -55 3 0
-66 -57 3 0
-65 -56 3 0
-66 -55 4 0
-66 -55 1 0
-66 -55 0 0
-66 -52 3 0
-67 -52 2 0
-64 -53 2 0
-63 -53 2 0
-64 -53 3 0
-63 -51 2 0
-64 -51 3 0
-64 -51 2 0
-65 -52 2 0
-98 -69 8 0
-89 -65 1 1
-91 -71 4 1
-91 -71 5 1
-89 -70 2 18
-82 -64 3 1
-77 -59 7 0
-71 -51 0 1
-72 -51 -1 1
-91 -69 5 1
-94 -56 7 1
-94 -56 6 1
-94 -56 5 1
-91 -58 8 1
-99 -74 5 13
-79 -54 4 1000
-79 -52 4 0
-76 -56 1 1
-60 -61 4 0
-57 -59 3 0
-77 -55 6 0
-77 -55 7 0
-77 -55 5 0
-77 -58 5 1
-76 -57 8 0
-76 -57 5 1
-55 -62 3 0
-57 -51 3 0
-56 -52 2 1
-72 -56 2 1
-72 -56 3 1
-96 -62 2 2
-86 -69 0 26
-89 -71 4 18
-87 -70 4 0
-83 -56 3 1
-83 -55 3 17
-87 -79 7 0
-82 -62 3 1
-95 -64 3 1
-82 -61 3 1002
-98 -95 3 0
-98 -95 5 0
-56 -94 4 1
-98 -96 3 0
-98 -96 5 0
-98 -96 4 0
-100 -97 2 0
-89 -68 0 25
-94 -65 6 3
-96 -63 6 1
-79 -73 4 0
-93 -71 2 1
-93 -71 3 2
-97 -75 5 5
-82 -81 3 1
-86 -83 -3 1
-97 -76 2 1
-89 -81 4 1
-89 -81 3 1
-88 -87 2 0
-100 -92 5 0
-100 -92 0 1
-100 -93 -1 1
-89 -57 8 0
-73 -89 4 1
-73 -89 3 1
-73 -89 2 1
-73 -88 2 1
-75 -88 -1 1
-75 -89 -1 1
-75 -90 -1 1
-76 -88 -1 1
-77 -88 -1 1
-76 -89 0 1
-77 -87 2 0
-77 -87 3 0
-78 -87 2 0
-76 -87 3 0
-76 -88 3 1
-76 -87 2 0
-76 -88 2 0
-74 -86 4 1
-63 -58 4 0
-63 -58 5 0
-64 -57 5 0
-65 -57 4 0
-56 -89 3 0
-89 -80 1 1
-87 -80 1 1
-90 -80 1 1
-90 -83 3 1
-92 -61 9 1
-94 -88 3 1
-94 -88 2 0
-74 -86 3 2
-94 -88 0 3
-75 -86 4 1
-75 -86 3 1
-100 -63 -1 1
-79 -62 3 0
-99 -64 2 3
-82 -60 6 1
-76 -61 2 1
-88 -67 0 1
-75 -86 2 1
-88 -69 2 1
-76 -86 4 1
-92 -70 0 1
-92 -70 1 1
-86 -66 3 17
-85 -65 4 1
-89 -72 0 1
-83 -62 2 2
-96 -79 5 0
-78 -57 3 9
-78 -61 6 0
-70 -59 2 0
-72 -59 1 0
-72 -59 3 0
-72 -59 2 0
-74 -89 3 1
-85 -76 4 0
-88 -78 3 4
-96 -75 4 1
-84 -51 8 0
-70 -61 0 1
-72 -51 1 1
-72 -51 0 1
-89 -70 3 18
-89 -69 3 1
-88 -59 6 2
-83 -55 7 1
-98 -70 8 0
-74 -90 4 1
-74 -90 3 1
-74 -90 2 1
-74 -89 2 1
-74 -92 1 1
-74 -92 0 1
-74 -93 2 1
-74 -93 1 1
-75 -89 4 1
-75 -89 3 4
-75 -89 2 1
-75 -90 4 1
-75 -91 4 1
-76 -89 4 1
-76 -90 4 1
-76 -91 4 1
-76 -90 3 2
-77 -90 0 2
-77 -90 4 1
-55 -89 3 1
-57 -89 3 0
-58 -89 3 0
-59 -90 2 0
-57 -90 4 0
-58 -91 -1 1
-58 -90 -1 1
-58 -89 -1 1
-82 -56 3 2
-82 -55 3 1001
-75 -100 0 1
-79 -55 6 0
-79 -55 7 0
-77 -53 6 0
-77 -54 5 0
-78 -54 7 0
-73 -67 5 0
-73 -65 5 0
-64 -59 2 0
-74 -100 2 1
-76 -99 2 0
-76 -99 1 1
-76 -97 1 1
-76 -96 1 1
-75 -61 2 1
-92 -77 3 4
-76 -98 1 1
-92 -75 4 1
-91 -79 4 0
-91 -79 5 0
-94 -79 4 0
-93 -78 4 0
-96 -66 7 0
-98 -63 5 1
-96 -66 5 1
-96 -66 4 1
-86 -60 5 1
-86 -60 6 1
-89 -72 5 1
-94 -65 4 1
-94 -67 6 1
-82 -78 6 0
-88 -72 3 1
-75 -60 3 2
-75 -59 3 1
-75 -93 3 1
-81 -94 4 1
-80 -94 2 1
-80 -94 3 1
-80 -94 4 1
-77 -97 0 1
-76 -92 4 1
-77 -97 1 1
-79 -100 2 1
-76 -93 4 1
-79 -89 3 0
-77 -89 3 0
-77 -88 2 0
-82 -94 1 2
-82 -94 0 5
-82 -94 -1 1
-77 -89 2 0
-76 -89 3 1
-76 -52 6 0
-75 -90 3 1
-75 -90 2 1
-75 -90 1 1
-75 -91 3 1
-75 -92 3 1
-76 -91 1 1
-76 -91 2 1
-78 -91 -1 1
-79 -91 -1 1
-80 -91 -1 1
-79 -92 0 1
-80 -90 2 1
-80 -90 1 1
-77 -90 2 1000
-97 -64 -1 1
-98 -64 -1 1
-97 -66 1 1
-89 -68 4 0
-89 -70 4 11
-90 -71 5 4
-90 -70 5 1
-90 -69 5 7
-89 -71 5 8
-89 -70 5 28
-88 -71 5 1
-86 -51 7 1
-84 -51 7 1
-84 -51 5 1
-80 -56 6 3
-80 -56 5 5
-83 -57 6 1
-83 -57 5 1
-75 -92 2 1
-86 -68 6 0
-76 -53 6 0
-75 -93 2 1
-75 -93 1 1
-75 -93 0 1
-76 -91 0 1
-77 -69 2 0
-93 -82 5 0
-92 -82 5 0
-86 -63 2 1
-78 -92 -1 1
-78 -93 -1 1
-78 -94 -1 1
-79 -93 0 1
-77 -95 4 1
-81 -93 3 0
-88 -97 1 1
-88 -97 0 1
-86 -92 2 1
-85 -92 2 1
-80 -91 3 0
-79 -91 1 0
-79 -91 3 0
-79 -91 2 1
-78 -91 1 1
-78 -91 3 1
-78 -91 2 1000
-76 -92 0 1
-76 -93 0 1
-76 -94 0 1
-76 -92 3 1
-57 -90 1 1
-88 -95 5 1
-70 -58 11 0
-75 -70 6 0
-87 -84 2 1000
-97 -64 7 2
-77 -72 3 0
-97 -66 8 1
-55 -85 1 0
-56 -85 2 0
-71 -63 2 1
-84 -96 3 2
-56 -84 1 2
-83 -96 3 1
-55 -84 2 0
-65 -57 2 0
-86 -71 3 0
-94 -68 5 5
-94 -69 6 1
-82 -57 -1 1
-89 -83 1 0
-87 -82 3 1
-87 -82 2 4
-86 -93 3 1000
-95 -74 6 1
-85 -93 4 1
-85 -92 4 1
-78 -92 1 0
-83 -97 -1 1
-83 -97 0 3
-83 -97 1 1
-77 -92 0 1
-78 -99 4 2
-78 -100 4 2
-78 -92 0 1
-78 -93 1 1
-77 -92 4 1
-77 -93 4 1
-77 -94 4 1
-85 -85 2 1
-95 -58 4 1
-93 -80 6 0
-94 -80 7 0
-90 -78 7 0
-91 -78 6 0
-92 -78 7 0
-91 -82 6 0
-91 -81 7 0
-73 -57 -1 1
-73 -53 5 0
-77 -92 2 1
-77 -92 1 1
-79 -93 -1 1
-83 -91 2 1
-93 -61 4 0
-98 -90 2 0
-91 -79 6 0
-85 -59 4 1
-85 -59 3 1
-85 -59 2 1
-85 -60 4 1
-85 -60 3 1
-85 -60 2 1
-91 -86 0 0
-91 -86 1 0
-91 -86 4 0
-89 -87 1 0
-89 -87 2 0
-91 -88 1 1
-91 -87 1 0
-92 -86 1 0
-91 -84 1 0
-66 -54 1 0
-92 -69 -1 1
-92 -69 0 1
-92 -69 1 1
-81 -92 4 1
-78 -57 4 1000
-85 -63 0 1
-85 -62 1 1
-85 -78 1 1
-84 -77 4 0
-98 -75 4 1000
-97 -64 6 4
-56 -52 3 1
-83 -74 2 0
-83 -74 1 0
-84 -77 3 1
-96 -94 4 0
-97 -94 3 0
-87 -69 2 1
-83 -79 4 1
-82 -80 2 2
-90 -78 2 1
-90 -79 2 1
-90 -80 2 1
-91 -78 2 1
-91 -79 2 1
-91 -80 2 1
-90 -79 3 2
-90 -79 8 0
-90 -79 7 0
-89 -58 5 1
-79 -74 3 0
-79 -74 4 0
-79 -74 7 0
-91 -81 5 0
-78 -75 4 0
-87 -93 8 0
-90 -79 6 0
-90 -77 5 0
-90 -77 7 0
-90 -77 6 0
-81 -74 4 0
-88 -78 7 0
-88 -78 6 0
-81 -99 4 1
-80 -100 4 2
-80 -99 4 2
-79 -100 4 1
-79 -99 4 16
-79 -95 -1 1
-74 -55 2 1
-63 -60 4 0
-65 -58 5 0
-86 -71 -1 1
-82 -57 0 1
-82 -57 1 1
-81 -57 -1 1
-81 -57 1 1
-64 -58 3 0
-65 -59 3 0
-65 -61 3 0
-98 -93 3 0
-56 -67 12 0
-57 -66 13 0
-56 -66 12 0
-58 -66 13 0
-58 -65 13 0
-67 -51 2 0
-67 -51 3 0
-76 -59 3 2
-81 -57 4 27
-84 -70 -1 1
-84 -70 0 1
-85 -70 0 1
-85 -70 1 1
-86 -77 2 1
-86 -78 2 1
-98 -74 3 1
-100 -93 6 0
-92 -72 7 1
-78 -94 1 2
-95 -65 8 1
-86 -96 6 0
-67 -58 2 0
-95 -73 6 1
-96 -89 5 1000
-88 -92 5 1
-90 -63 1 1
-96 -89 4 2
-90 -83 -3 1
-77 -93 1 3
-77 -94 3 1
-77 -94 2 1
-77 -94 1 1
-77 -95 3 1
-77 -95 2 1
-77 -95 1 1
-78 -94 2 4
-80 -92 2 1
-80 -92 1 1
-80 -92 0 1
-87 -64 3 1
-77 -96 0 1
-65 -55 1 0
-99 -61 0 24
-86 -100 -1 1
-89 -60 10 1
-90 -57 9 0
-82 -63 1 1
-82 -63 0 7
-66 -53 4 0
-66 -54 5 0
-68 -53 3 0
-85 -83 2 5
-95 -67 5 7
-88 -99 0 1
-87 -99 -1 1
-84 -99 2 0
-84 -100 4 1
-86 -99 4 1
-87 -99 4 1
-92 -77 5 0
-80 -76 3 0
-80 -76 -2 1
-80 -77 -3 1
-79 -77 -3 1
-79 -76 -3 1
-97 -61 -1 1
-68 -62 5 0
-66 -59 -1 1
-66 -58 -1 1
-85 -67 3 1
-82 -59 2 2
-83 -59 2 1
-84 -68 1 1
-84 -68 0 5
-87 -99 3 2
-88 -99 4 1
-89 -99 2 1
-89 -99 1 1
-89 -100 3 1
-89 -100 0 1
-90 -100 2 1
-90 -100 1 1
-90 -100 0 1
-85 -99 2 1
-86 -100 3 1
-87 -100 3 3
-87 -100 2 1
-87 -100 1 2
-61 -58 4 0
-86 -64 0 1
-94 -87 2 0
-92 -89 2 0
-93 -87 5 1
-93 -69 4 3
-97 -72 4 4
-83 -69 4 0
-98 -76 3 0
-95 -80 8 0
-84 -82 0 0
-78 -58 0 2
-89 -72 4 1
-85 -83 0 0
-84 -83 0 0
-79 -94 -1 1
-80 -59 4 1
-78 -56 7 0
-87 -66 -1 1
-94 -76 4 1
-94 -69 5 3
-89 -62 9 1
-89 -66 7 1
-80 -98 6 1
-80 -98 7 1
-80 -97 6 1
-69 -53 2 0
-93 -76 8 0
-93 -61 8 1
-59 -53 2 0
-59 -54 3 0
-58 -54 2 0
-56 -68 14 0
-89 -63 7 1
-87 -71 4 0
-79 -100 0 2
-79 -100 -1 1
-80 -100 1 4
-80 -100 0 1
-80 -100 -1 1
-80 -98 2 1000
-95 -75 6 0
-72 -57 -1 1
-73 -56 0 2
-95 -75 5 0
-94 -74 4 1
-80 -96 2 5
-73 -58 1 1
-73 -58 3 0
-73 -58 2 0
-74 -58 3 0
-81 -95 7 0
-82 -96 7 0
-56 -62 3 0
-75 -51 4 0
-74 -53 2 6
-74 -53 3 8
-75 -52 6 0
-75 -52 5 0
-73 -51 4 0
-96 -70 5 21
-94 -72 5 1
-81 -97 3 1
-81 -55 3 3
-88 -80 1 1
-86 -81 2 2
-87 -81 3 1
-87 -81 2 3
-87 -81 1 1000
-76 -97 0 1
-86 -85 2 1
-92 -93 5 1
-91 -93 3 1
-91 -93 4 3
-91 -93 5 1
-95 -90 5 1
-78 -99 2 2
-93 -57 6 5
-98 -65 6 5
-95 -76 3 1
-95 -76 2 1
-95 -77 4 1
-95 -77 3 8
-95 -77 2 1
-95 -78 4 1
-95 -78 3 1
-95 -78 2 1
-96 -78 2 1
-90 -73 3 1
-90 -73 2 1
-85 -73 3 1
-76 -100 8 0
-76 -100 7 0
-68 -61 7 0
-100 -85 6 1
-97 -66 6 1
-86 -73 3 1
-79 -51 1 1
-83 -64 4 0
-75 -62 2 0
-75 -63 3 0
-76 -63 3 0
-74 -62 4 1
-93 -62 0 1
-93 -62 -1 1
-87 -70 3 0
-85 -68 3 0
-85 -64 1 3
-85 -51 7 1
-72 -51 5 0
-83 -71 6 0
-83 -73 5 0
-98 -85 3 1
-82 -70 6 0
-80 -71 5 0
-97 -86 3 1
-97 -86 4 6
-78 -54 5 0
-73 -62 1 0
-79 -53 6 0
-93 -77 2 1
-95 -64 6 1
-95 -64 5 1
-91 -65 6 2
-91 -65 5 1
-81 -78 1 0
-88 -70 6 1
-76 -57 1 1
-95 -70 0 1
-62 -56 4 0
-72 -61 1 0
-95 -62 2 1
-91 -51 9 1
-92 -51 11 1
-92 -51 10 1
-93 -87 3 1
-93 -86 2 0
-93 -87 2 0
-98 -80 0 1
-98 -79 0 1
-99 -79 3 0
-100 -84 2 1
-99 -83 4 2
-99 -83 5 0
-63 -60 5 0
-98 -82 4 1
-88 -83 1 1
-100 -80 4 1
-100 -81 6 1
-81 -63 2 6
-100 -81 4 1
-100 -82 6 1
-82 -64 2 1
-82 -63 2 1
-78 -52 0 3
-78 -52 5 0
-92 -58 10 1
-91 -59 10 1
-91 -61 10 1
-91 -60 10 1
-90 -61 10 1
-87 -71 2 0
-77 -57 8 0
-76 -52 5 0
-76 -54 3 0
-68 -55 1 0
-77 -54 7 0
-81 -55 2 1
-88 -72 2 1
-86 -63 0 1
-82 -65 1 1
-82 -65 0 1
-84 -57 3 1
-82 -56 0 1
-91 -67 7 1
-93 -65 8 3
-84 -60 0 1
-75 -66 5 0
-100 -70 2 1
-100 -75 2 1
-85 -56 1 1
-85 -55 1 1
-81 -64 6 0
-82 -63 6 0
-95 -61 1 1
-74 -51 5 0
-99 -89 3 1
-99 -90 3 0
-99 -89 4 1
-100 -89 5 1
-99 -89 5 1
-86 -52 1 1
-87 -51 1 1
-87 -52 1 1
-88 -51 7 2
-99 -67 6 4
-98 -67 5 1
-98 -67 6 1
-99 -69 1 1
-96 -61 4 1
-97 -71 4 1000
-97 -71 5 19
-97 -71 6 1
-96 -72 4 1
-96 -72 5 12
-99 -70 4 1
-98 -70 5 6
-98 -70 6 1
-97 -70 4 1000
-97 -70 5 8
-97 -70 6 1
-98 -73 7 0
-95 -71 5 4
-94 -72 6 1
-94 -71 4 1
-94 -71 5 1
-94 -71 6 1
-94 -70 4 6
-94 -70 5 3
-94 -70 6 1
-95 -71 6 1
-96 -70 6 1
-71 -54 2 1
-71 -54 3 1
-71 -53 2 1
-71 -52 3 0
-85 -55 4 1
-91 -60 5 1
-92 -60 7 8
-92 -60 6 1
-97 -75 8 0
-95 -77 9 0
-85 -72 4 0
-90 -72 6 19
-91 -72 6 5
-79 -60 -1 1
-79 -59 0 4
-79 -59 1 1
-90 -76 4 1
-90 -74 7 0
-93 -63 7 3
-94 -63 7 3
-94 -63 6 1
-94 -63 5 1
-91 -63 7 1
-86 -60 7 1
-73 -57 3 0
-76 -53 5 0
-77 -52 5 0
-84 -82 1 1
-100 -58 0 1
-86 -70 6 0
-86 -69 6 0
-81 -55 -1 1
-91 -58 9 1
-67 -57 1 0
-66 -61 1 0
-67 -59 3 0
-67 -59 4 0
-67 -59 0 1
-66 -60 -1 1
-95 -68 -1 1
-95 -68 0 3
-95 -68 1 1
-94 -69 -1 1
-94 -69 0 1
-93 -69 -1 1
-91 -72 1 1
-90 -60 10 1
-90 -62 6 3
-98 -68 1 1
-83 -56 2 1
-79 -79 2 1
-80 -84 0 1
-80 -84 1 1
-83 -81 -2 1
-99 -92 4 0
-82 -51 3 1
-51 -73 14 0
-83 -51 1 1
-51 -73 15 0
-96 -68 1 1
-70 -59 0 3
-68 -57 -1 1
-89 -95 -1 1
-89 -95 0 1
-85 -67 -1 1
-98 -66 9 1
-100 -69 8 0
-99 -68 9 0
-97 -68 8 0
-80 -62 6 0
-79 -62 6 0
-79 -62 5 0
-91 -57 7 1
-70 -51 4 0
-87 -94 9 0
-51 -72 14 0
-51 -71 14 0
-92 -93 4 1
-92 -93 3 1
-93 -93 5 1
-93 -88 2 0
-93 -89 2 0
-92 -90 2 0
-93 -90 2 0
-92 -90 3 1
-85 -68 -1 1
-85 -68 0 14
-98 -84 0 1
-83 -64 -1 1
-82 -66 -1 1
-82 -66 0 1
-82 -66 1 1
-82 -65 -1 1
-82 -64 -1 1
-82 -64 0 1
-86 -64 1 1
-81 -79 4 1
-97 -84 7 0
-83 -65 -1 1
-94 -57 8 1
-94 -77 8 0
-79 -82 0 1
-97 -83 5 0
-94 -88 7 0
-94 -88 8 0
-94 -89 7 0
-99 -89 0 1
-55 -52 -1 1
-89 -78 7 0
-88 -78 8 0
-81 -53 2 13
-82 -54 1 1
-82 -53 1 1
-78 -56 2 3
-87 -77 8 0
-82 -80 4 1
-82 -79 4 1
-96 -63 -1 1
-87 -68 5 0
-89 -76 7 0
-76 -53 3 1
-91 -51 11 1
-91 -51 12 1
-91 -51 13 1
-89 -77 2 1
-90 -68 2 7
-90 -69 2 20
-75 -52 1 2
-99 -59 2 1
-78 -91 4 1
-77 -91 2 1
-77 -91 3 2
-77 -91 4 1
-80 -78 -3 1
-81 -77 -2 1
-77 -51 5 0
-94 -87 7 0
-93 -87 8 0
-75 -92 0 1
-75 -92 1 2
-65 -76 0 1
-65 -76 1 1
-65 -76 2 1
-86 -97 1 3
-86 -97 2 1
-87 -95 2 1
-92 -79 8 0
-87 -96 -1 1
-86 -96 -1 1
-91 -79 8 0
-86 -96 1 3
-85 -96 -1 1
-85 -96 0 2
-85 -96 1 1
-85 -95 -1 1
-93 -79 8 0
-85 -95 1 1000
-85 -94 -1 1
-95 -72 4 1
-95 -72 3 15
-95 -72 2 1
-97 -65 4 1
-95 -71 1 1
-95 -71 3 1
-95 -71 2 1
-96 -70 3 1
-96 -70 2 1
-96 -70 1 1
-97 -67 3 3
-97 -68 3 1
-97 -69 3 8
-97 -69 2 2
-90 -67 3 6
-91 -68 -1 1
-89 -68 -1 1
-69 -75 0 1
-68 -76 0 1
-68 -75 0 1
-91 -75 2 1
-67 -76 0 1
-73 -53 3 8
-89 -87 0 0
-94 -89 0 3
-80 -58 1 3
-94 -89 1 1
-99 -87 5 1
-74 -65 3 0
-76 -65 2 0
-92 -87 3 1
-76 -65 3 0
-76 -58 2 2
-76 -58 3 2
-76 -57 2 1
-76 -57 3 2
-99 -66 2 1
-99 -66 3 1
-98 -66 3 1
-97 -69 1 1
-97 -68 -1 1
-97 -68 0 1
-97 -68 1 1
-96 -69 -1 1
-97 -60 6 1
-96 -69 1 1
-94 -68 0 5
-95 -69 -1 1
-95 -69 0 1
-74 -86 2 1
-90 -89 8 0
-90 -89 7 0
-90 -90 7 0
-89 -89 8 0
-90 -90 8 0
-89 -89 7 0
-89 -92 9 0
-91 -92 8 0
-90 -92 8 0
-90 -92 7 0
-90 -91 8 0
-89 -90 8 0
-91 -75 6 0
-89 -90 7 0
-92 -74 4 1
-93 -90 3 1000
-89 -92 8 0
-91 -74 5 0
-88 -92 8 0
-88 -73 2 1
-86 -92 7 0
-94 -88 1 1
-83 -85 2 1
-98 -78 4 1
-85 -83 -3 1
-84 -83 -3 1
-94 -90 6 0
-90 -66 6 1
-90 -65 5 1
-51 -62 2 0
-51 -62 3 0
-78 -98 8 0
-52 -63 5 0
-53 -64 4 0
-52 -63 4 0
-99 -83 6 0
-100 -84 1 1
-75 -88 0 1
-76 -87 -1 1
-75 -87 -1 1
-74 -89 -1 1
-74 -88 -1 1
-74 -87 -1 1
-98 -83 1 1
-98 -82 1 1
-93 -63 2 3
-92 -65 1 7
-82 -98 5 1
-96 -64 4 1
-95 -63 2 2
-77 -51 2 18
-74 -51 1 1
-74 -51 -1 1
-71 -51 2 0
-74 -56 -1 1
-71 -51 1 1
-99 -71 4 9
-94 -63 -1 1
-94 -63 0 2
-94 -63 1 3
-94 -62 -1 1
-84 -67 3 0
-60 -52 6 0
-88 -76 2 1
-85 -72 2 2
-76 -55 7 0
-80 -62 5 0
-90 -76 7 0
-86 -53 8 0
-97 -60 7 1
-91 -89 8 0
-91 -91 7 0
-92 -91 7 0
-96 -87 5 1
-96 -87 4 6
-82 -61 2 1
-90 -67 -1 1
-79 -77 2 0
-84 -65 5 0
-89 -79 6 0
-91 -87 7 0
-91 -88 8 0
-93 -88 7 0
-92 -89 8 0
-93 -88 8 0
-93 -89 7 0
-93 -89 8 0
-92 -90 7 0
-92 -90 8 0
-97 -74 6 1
-97 -73 5 8
-83 -58 0 1
-88 -79 7 0
-88 -79 5 0
-76 -58 6 0
-57 -52 4 0
-100 -57 -1 1
-99 -93 4 0
-88 -80 7 0
-72 -60 0 1
-82 -96 1 1
-82 -96 2 1
-80 -97 -1 1
-80 -97 0 2
-80 -97 1 12
-100 -73 4 7
-75 -60 5 1
-75 -60 6 0
-91 -71 1 1
-92 -72 5 2
-87 -74 3 0
-99 -81 2 1
-78 -57 6 0
-99 -95 4 0
-100 -62 0 7
-83 -64 5 0
-86 -52 6 11
-86 -52 5 1
-87 -52 7 1
-87 -52 6 1
-87 -52 5 1
-88 -52 7 2
-73 -88 3 1
-73 -88 4 1
-73 -87 2 1
-73 -87 3 1
-73 -87 4 1
-75 -85 4 1
-74 -85 2 1
-74 -85 3 1
-74 -85 4 1
-73 -86 2 4
-73 -86 3 2
-73 -86 4 1
-73 -85 2 1
-74 -69 4 0
-74 -69 6 0
-75 -85 1 1
-76 -85 0 1
-76 -84 0 1
-76 -84 1 1
-76 -84 2 1
-75 -85 0 1
-75 -84 0 1
-75 -84 1 4
-75 -84 2 1
-74 -85 0 2
-74 -85 1 1
-74 -84 0 1
-74 -84 1 1
-74 -84 2 1
-80 -83 2 1
-77 -86 3 0
-63 -54 5 0
-63 -55 5 0
-90 -90 1 1
-91 -89 -1 1
-80 -83 0 1
-93 -59 4 1
-81 -83 2 1
-77 -60 5 1
-99 -65 7 1
-78 -57 5 1
-93 -66 0 22
-92 -79 4 0
-87 -59 6 3
-97 -59 2 1
-98 -88 -1 1
-96 -69 7 0
-65 -58 2 0
-65 -58 1 0
-77 -57 3 4
-90 -62 5 1
-100 -84 3 5
-86 -69 7 0
-84 -94 -1 1
-73 -57 2 0
-75 -56 3 0
-94 -72 4 1
-83 -64 7 0
-91 -53 7 1
-74 -60 2 1
-74 -61 2 1
-81 -83 1 1
-92 -68 6 1
-91 -68 7 1
-83 -60 -1 1
-84 -60 1 1
-90 -74 3 5
-86 -67 3 1
-87 -51 10 1
-85 -95 0 4
-79 -99 1 1000
-91 -67 9 1
-99 -63 5 1
-76 -61 3 1
-99 -63 7 1
-77 -56 -1 1
-55 -86 2 0
-55 -86 1 0
-57 -86 3 0
-58 -86 2 1
-91 -85 2 0
-54 -62 4 0
-88 -70 8 3
-86 -80 1 1000
-82 -78 5 0
-93 -62 2 1
-86 -54 8 0
-84 -54 7 1
-83 -53 6 1
-83 -53 5 1
-83 -54 7 1
-91 -59 9 1
-90 -60 8 3
-89 -57 7 1
-89 -57 6 5
-89 -57 5 1
-90 -57 7 1
-90 -57 6 1
-90 -57 5 1
-100 -61 0 25
-84 -61 2 1
-84 -53 6 5
-82 -83 2 2
-89 -77 5 0
-74 -65 0 0
-72 -67 1 0
-91 -92 6 0
-90 -92 6 0
-88 -91 4 1
-91 -90 6 0
-89 -89 3 1
-89 -89 4 1
-93 -91 8 0
-91 -89 9 0
-92 -93 6 0
-91 -93 6 0
-89 -94 3 1
-83 -94 1 4
-89 -93 4 4
-92 -92 7 0
-74 -67 1 0
-76 -65 1 0
-72 -64 1 0
-82 -80 3 1
-65 -60 2 0
-65 -60 1 0
-66 -59 3 0
-66 -59 4 0
-66 -59 0 0
-97 -63 0 22
-97 -63 -1 1
-62 -53 6 0
-70 -64 6 0
-71 -63 5 1
-70 -62 4 1
-70 -62 6 0
-70 -62 5 0
-69 -61 4 0
-69 -61 6 0
-69 -61 5 0
-68 -63 5 1
-100 -78 7 0
-61 -53 7 0
-70 -85 1 1
-61 -52 3 0
-70 -85 2 1
-70 -85 3 1
-70 -84 1 1
-70 -84 2 1
-70 -84 3 1
-70 -83 1 2
-70 -83 2 2
-70 -83 3 1
-71 -84 3 1
-71 -83 0 1
-70 -85 0 1
-70 -84 0 1
-70 -83 0 1
-72 -83 2 1
-73 -84 2 1
-94 -63 8 1
-91 -59 8 4
-73 -81 2 1
-74 -80 1 1
-74 -80 2 1
-74 -80 3 1
-73 -80 1 1
-73 -80 2 1
-73 -80 3 1
-72 -81 1 2
-72 -81 2 5
-72 -81 3 2
-72 -80 1 2
-72 -80 2 5
-72 -80 3 2
-73 -81 3 1
-74 -81 4 1
-74 -80 4 1
-73 -81 4 1
-73 -80 4 1
-72 -81 4 1
-72 -80 4 1
-73 -81 1 1
-74 -81 0 1
-74 -80 0 1
-73 -81 0 1
-73 -80 0 1
-72 -81 0 1
-72 -80 0 1
-74 -83 3 0
-74 -86 1 1
-74 -87 0 1
-74 -86 0 1
-73 -87 0 1
-73 -86 0 1
-72 -87 0 1
-71 -87 1 1
-71 -87 2 1
-71 -87 3 1
-70 -87 1 1
-70 -87 2 1
-70 -87 3 1
-70 -86 1 1
-70 -86 2 1
-70 -86 3 1
-71 -86 3 1
-71 -85 3 1
-73 -85 0 1
-73 -84 0 1
-73 -83 0 1
-72 -83 0 1
-95 -61 0 1
-80 -55 2 11
-89 -73 1 1
-98 -80 1 1
-92 -64 2 1
-99 -86 4 4
-99 -86 5 175
-99 -85 5 1
-98 -86 3 1000
-96 -73 4 1
-80 -62 0 1
-98 -77 4 1
-98 -77 5 1
-72 -60 5 0
-86 -70 9 1
-71 -65 6 0
-60 -61 3 0
-58 -61 5 0
-58 -61 6 0
-58 -61 3 0
-58 -61 2 0
-63 -60 2 0
-93 -64 6 9
-93 -64 5 3
-93 -64 4 1
-86 -62 4 1
-92 -66 6 1
-89 -51 8 6
-74 -58 1 1
-74 -57 3 0
-83 -67 3 0
-96 -81 6 0
-87 -91 0 0
-87 -91 1 0
-98 -82 3 1
-95 -81 3 0
-95 -81 4 0
-93 -83 6 0
-93 -83 5 0
-93 -81 5 0
-94 -81 5 0
-81 -68 3 0
-81 -69 4 0
-81 -71 3 0
-81 -71 4 0
-74 -56 6 0
-73 -56 6 0
-74 -56 5 0
-73 -56 5 0
-77 -57 5 1
-77 -57 7 0
-76 -57 6 0
-76 -59 5 1
-76 -59 7 0
-76 -59 6 0
-77 -59 6 0
-81 -58 6 1
-76 -54 5 0
-76 -56 5 0
-79 -58 6 1
-79 -59 6 0
-78 -58 5 1
-78 -58 7 0
-87 -57 5 1
-91 -75 5 0
-91 -75 4 0
-92 -63 8 4
-100 -63 0 3
-94 -83 4 0
-95 -82 4 0
-100 -89 4 0
-84 -67 6 0
-75 -52 -1 1
-99 -85 1 2
-100 -85 1 3
-100 -86 1 7
-87 -83 -3 1
-95 -87 4 4
-89 -94 1 1
-92 -65 5 1
-53 -78 4 0
-100 -64 4 1
-94 -61 2 1
-99 -75 6 1
-54 -77 3 0
-80 -98 9 0
-54 -76 2 0
-92 -88 9 0
-92 -88 6 0
-86 -59 7 1
-97 -58 -1 1
-86 -59 6 1
-80 -52 0 1
-93 -89 1 1
-92 -89 1 1000
-90 -89 2 0
-90 -89 1 1
-92 -87 4 1
-92 -87 1 0
-92 -87 0 1
-89 -86 2 0
-89 -86 3 0
-89 -86 1 0
-90 -85 2 0
-72 -52 3 0
-77 -60 4 1
-84 -74 5 0
-91 -84 3 0
-81 -60 1 1
-81 -61 2 1
-81 -60 2 1
-85 -61 -1 1
-85 -61 0 1
-82 -72 6 0
-74 -65 1 0
-75 -65 1 0
-81 -55 6 1
-70 -62 3 1
-91 -52 8 1
-91 -52 10 1
-90 -56 9 0
-76 -55 8 0
-89 -93 6 0
-81 -60 4 1
-83 -63 4 0
-99 -65 1 1
-99 -65 -1 1
-78 -70 6 0
-85 -58 7 1
-80 -60 5 0
-74 -56 4 1
-75 -53 4 1
-98 -71 0 1
-92 -88 7 0
-63 -57 1 0
-63 -56 1 0
-99 -59 1 2
-52 -51 29 0
-84 -64 0 7
-52 -94 1 0
-53 -92 2 1
-51 -51 30 0
-51 -51 29 0
-54 -91 1 4
-99 -79 8 0
-92 -81 6 0
-58 -65 12 0
-59 -66 13 0
-59 -66 14 0
-59 -66 12 0
-59 -67 13 0
-60 -67 13 0
-58 -67 13 0
-59 -67 14 0
-59 -67 12 0
-59 -68 13 0
-59 -68 14 0
-59 -68 12 0
-58 -69 13 0
-58 -69 14 0
-58 -69 12 0
-58 -67 14 0
-58 -67 15 0
-58 -67 12 0
-58 -67 11 0
-97 -86 1 0
-92 -91 5 1
-71 -54 4 1
-72 -53 -1 1
-91 -69 3 12
-100 -71 6 2
-97 -79 8 0
-97 -79 7 0
-96 -80 6 0
-96 -80 8 0
-95 -79 7 0
-94 -62 8 1
-95 -60 8 1
-95 -60 7 4
-95 -60 6 8
-95 -59 4 1
-95 -59 5 1
-95 -59 6 1
-96 -84 6 0
-99 -61 1 5
-81 -74 6 0
-82 -74 6 0
-84 -94 5 1
-79 -58 4 1
-80 -58 6 1
-97 -77 9 0
-94 -86 2 1
-94 -86 1 1
-86 -83 4 1
-87 -83 4 1
-57 -60 5 0
-74 -56 0 2
-100 -59 1 2
-80 -71 2 0
-63 -60 6 0
-86 -69 2 0
-86 -74 4 0
-71 -59 2 0
-69 -59 1 0
-71 -58 3 0
-71 -58 4 0
-69 -58 0 2
-81 -65 4 1
-85 -64 2 5
-90 -64 8 2
-89 -89 5 1
-96 -62 -1 1
-98 -80 6 0
-91 -87 8 0
-92 -87 7 0
-98 -81 3 1
-68 -59 2 0
-96 -75 5 1
-97 -61 5 1
-77 -55 11 0
-77 -55 10 0
-76 -57 10 0
-51 -71 13 0
-98 -59 2 1
-98 -77 7 0
-80 -57 -1 1
-51 -93 0 1
-52 -71 15 0
-95 -66 3 1
-52 -94 2 0
-52 -94 3 0
-53 -95 2 0
-54 -95 2 0
-54 -95 3 0
-54 -96 2 0
-54 -96 3 0
-54 -98 2 1
-53 -100 3 1
-52 -100 1 1
-51 -100 1 1
-52 -96 4 0
-53 -97 -1 1
-53 -96 -1 1
-53 -95 -1 1
-52 -97 -1 1
-52 -96 -1 1
-52 -95 -1 1
-51 -97 -1 1
-51 -96 -1 1
-51 -95 -1 1
-52 -68 13 0
-87 -73 6 0
-82 -96 8 0
-85 -66 1 1
-85 -65 -1 1
-67 -64 5 1
-99 -69 8 0
-98 -70 7 0
-99 -69 7 0
-100 -64 0 1
-89 -97 0 1
-89 -97 1 1
-59 -65 13 0
-59 -64 13 0
-59 -65 12 0
-59 -64 12 0
-57 -60 4 0
-76 -71 1 0
-77 -71 3 0
-80 -57 1 5
-80 -57 0 3
-85 -64 -1 1
-58 -55 4 0
-84 -55 5 1
-63 -61 3 0
-59 -66 15 0
-59 -66 11 0
-58 -65 11 0
-59 -64 11 0
-60 -63 11 0
-74 -66 5 0
-73 -66 4 0
-61 -65 11 0
-65 -59 -1 1
-81 -98 4 4
-66 -61 -1 1
-67 -61 -1 1
-66 -60 0 1
-80 -58 0 5
-83 -53 -1 1
-89 -71 7 1
-76 -96 4 1
-76 -96 3 1
-76 -96 2 1
-76 -97 4 1
-51 -93 1 2
-51 -93 2 1
-53 -94 2 0
-53 -95 3 0
-53 -94 3 0
-53 -94 1 0
-54 -94 2 0
-54 -94 3 0
-54 -94 1 0
-55 -96 2 0
-55 -96 3 0
-55 -96 1 1
-54 -97 1 2
-54 -98 1 1
-54 -98 3 1
-53 -98 1 1
-53 -97 1 1
-52 -98 1 1
-51 -97 1 0
-53 -96 4 0
-54 -97 -1 1
-54 -96 -1 1
-54 -95 -1 1
-80 -59 7 0
-84 -82 2 2
-84 -82 3 1
-55 -52 2 1
-72 -66 4 0
-62 -63 11 0
-62 -63 12 0
-63 -62 12 0
-64 -63 11 0
-64 -63 12 0
-64 -64 11 0
-65 -64 11 0
-73 -100 0 1
-73 -100 1 1
-73 -100 2 1
-75 -100 2 1
-99 -65 6 1
-75 -100 1 1
-81 -76 4 0
-82 -62 1 1
-84 -51 11 0
-82 -62 0 12
-82 -62 -1 1
-97 -81 4 1
-82 -93 2 1
-51 -95 2 0
-51 -95 1 0
-94 -62 0 1
-88 -70 2 1
-88 -71 2 3
-89 -71 2 5
-90 -71 2 1
-99 -60 2 1
-100 -62 4 1
-89 -68 2 9
-89 -66 2 3
-98 -90 -1 1
-99 -90 -1 1
-100 -90 -1 1
-89 -66 9 1
-97 -90 4 1
-89 -65 9 1
-88 -63 8 1
-88 -63 9 1
-88 -62 8 1
-53 -92 0 1
-53 -91 0 1
-52 -92 0 1
-52 -91 0 1
-55 -94 2 1
-85 -54 8 0
-55 -94 1 0
-86 -55 8 0
-55 -95 3 0
-85 -53 8 0
-84 -53 8 0
-53 -95 4 0
-53 -95 0 1
-54 -94 -1 1
-53 -94 -1 1
-52 -94 -1 1
-98 -59 3 1
-78 -75 2 0
-78 -74 1 0
-78 -74 3 0
-77 -73 3 0
-72 -56 0 1
-99 -75 5 6
-76 -52 0 6
-76 -52 -1 1
-77 -51 1 2
-70 -56 1 0
-99 -79 7 0
-98 -74 6 1
-100 -76 7 0
-100 -74 7 1
-99 -73 6 1
-99 -73 5 6
-99 -73 4 4
-100 -73 6 2
-100 -73 5 7
-84 -68 2 0
-98 -82 6 0
-57 -53 3 0
-69 -51 6 0
-84 -100 3 1
-83 -100 2 1
-80 -51 5 0
-80 -51 0 4
-79 -96 1 7
-78 -97 0 1
-76 -68 5 0
-78 -97 2 5
-76 -67 5 0
-61 -60 3 0
-58 -62 3 0
-80 -98 10 0
-59 -56 3 0
-95 -73 5 1
-100 -90 5 0
-98 -92 5 0
-84 -71 -1 1
-100 -79 5 5
-79 -54 0 3
-78 -54 0 1
-76 -55 2 1
-80 -75 5 0
-82 -96 0 1
-95 -67 6 1
-85 -82 2 3
-85 -83 3 1
-77 -58 0 1
-77 -58 2 1
-53 -93 2 1
-52 -93 2 0
-53 -93 1 1
-89 -51 9 4
-88 -57 6 10
-87 -59 7 1
-86 -58 7 1
-55 -93 2 1000
-55 -93 3 1
-55 -93 1 0
-56 -94 2 1
-56 -94 3 1
-56 -94 1 0
-54 -96 1 0
-53 -96 1 0
-100 -83 8 0
-74 -55 1 6
-55 -95 -1 1
-55 -94 -1 1
-55 -93 -1 1
-54 -93 -1 1
-53 -93 -1 1
-88 -98 2 1
-88 -98 3 1
-88 -98 4 1
-87 -100 -1 1
-51 -97 2 0
-51 -96 2 0
-55 -87 1 3
-55 -87 2 1
-55 -87 3 1
-54 -88 3 1
-54 -87 1 2
-54 -87 2 1
-54 -87 3 2
-51 -98 1 2
-56 -87 0 1
-52 -98 0 1
-52 -97 0 1
-51 -97 0 1
-58 -88 2 0
-58 -88 3 0
-58 -88 1 0
-59 -90 1 0
-78 -55 6 0
-79 -56 7 1
-100 -71 4 2
-97 -72 6 1
-97 -72 5 15
-73 -69 5 0
-72 -69 5 0
-72 -69 6 0
-72 -69 4 0
-73 -68 5 0
-72 -67 5 0
-73 -67 6 0
-72 -67 4 0
-74 -68 5 0
-74 -67 5 0
-74 -67 6 0
-74 -67 4 0
-75 -67 5 0
-75 -67 6 0
-75 -67 4 0
-74 -70 6 0
-99 -76 5 4
-99 -76 4 4
-100 -76 6 1
-68 -66 4 1
-85 -53 4 1
-68 -61 4 0
-68 -63 6 0
-68 -63 3 1
-68 -63 2 0
-84 -75 2 1
-85 -75 2 1
-86 -75 2 1
-85 -76 7 0
-83 -76 4 0
-84 -76 4 0
-85 -78 4 0
-87 -75 6 0
-66 -53 5 0
-87 -51 12 1
-81 -79 3 1
-80 -77 2 0
-86 -76 1 1
-86 -77 1 1
-85 -77 2 1
-85 -75 1 0
-76 -67 1 0
-100 -87 0 1
-88 -61 6 2
-83 -71 3 0
-90 -60 5 1
-82 -75 5 0
-95 -61 8 1
-69 -62 6 0
-69 -60 4 0
-69 -60 5 0
-68 -60 4 0
-68 -60 6 0
-85 -100 -1 1
-88 -93 9 0
-96 -66 6 1
-96 -88 6 0
-84 -99 5 1
-79 -74 1 0
-96 -87 6 1
-95 -86 4 1
-95 -85 4 1
-95 -85 5 1
-98 -90 6 0
-96 -90 6 0
-98 -88 7 0
-95 -90 2 0
-94 -87 4 3
-94 -87 3 1
-95 -77 8 0
-95 -77 7 0
-79 -72 2 0
-79 -73 2 0
-79 -73 1 0
-81 -72 2 0
-81 -72 1 0
-84 -64 3 3
-85 -63 2 1
-77 -97 10 1
-67 -61 6 0
-94 -62 6 1
-61 -51 5 0
-62 -55 4 0
-89 -79 7 0
-100 -58 1 1
-81 -60 0 11
-92 -80 2 1
-92 -81 2 1
-93 -79 2 1
-99 -68 7 0
-100 -70 7 0
-70 -60 3 0
-88 -88 1 0
-99 -91 1 0
-99 -91 2 0
-71 -62 4 1
-70 -64 4 1
-70 -63 2 1
-88 -93 3 1
-70 -62 2 1
-85 -52 5 1
-69 -60 3 0
-70 -59 -1 1
-91 -82 5 0
-94 -82 4 0
-61 -52 7 0
-87 -82 1 1
-52 -99 0 1
-51 -98 4 0
-53 -98 3 1
-53 -98 2 1
-52 -97 3 0
-52 -97 2 0
-78 -95 0 1
-78 -96 2 1
-78 -96 1 1
-51 -97 3 0
-51 -98 3 0
-57 -63 4 0
-81 -51 3 0
-87 -78 7 0
-65 -58 7 0
-67 -63 5 0
-87 -66 2 4
-87 -66 3 13
-77 -99 3 1
-79 -63 6 0
-90 -51 7 1
-88 -56 5 1
-77 -58 3 12
-77 -79 1 1
-96 -86 2 0
-96 -86 1 4
-97 -88 2 0
-97 -88 1 0
-95 -88 0 2
-96 -89 -1 1
-96 -88 -1 1
-96 -87 -1 1
-95 -63 8 2
-95 -62 5 1
-69 -62 7 0
-73 -65 7 0
-75 -64 5 0
-95 -62 4 1
-95 -63 4 1
-96 -62 8 1
-96 -62 7 5
-100 -59 0 7
-88 -72 1 1
-91 -71 3 1
-76 -66 4 0
-74 -66 7 0
-76 -65 5 0
-76 -65 4 0
-76 -68 7 0
-78 -67 5 0
-62 -54 3 0
-95 -89 1 0
-78 -67 4 0
-99 -90 5 0
-89 -88 1 0
-89 -88 2 0
-98 -91 4 0
-98 -91 3 0
-99 -91 4 0
-78 -53 4 1
-78 -55 4 1
-71 -59 11 0
-80 -77 1 0
-70 -60 10 0
-71 -59 10 0
-71 -60 11 0
-72 -60 11 0
-71 -60 10 0
-71 -62 11 0
-71 -62 10 0
-70 -60 13 0
-70 -60 9 0
-79 -58 3 1
-96 -86 4 3
-96 -86 3 1
-82 -77 6 0
-85 -71 4 0
-90 -64 2 1
-92 -67 4 1
-99 -95 6 0
-99 -95 5 0
-95 -87 1 0
-95 -90 1 0
-96 -82 7 0
-97 -83 6 0
-95 -62 1 1
-85 -79 7 0
-90 -85 1 0
-90 -85 3 0
-85 -79 5 0
-95 -59 8 1
-94 -57 4 1
-84 -65 3 0
-84 -65 4 0
-82 -92 2 1
-86 -67 4 1
-73 -54 2 8
-100 -60 1 16
-81 -52 -1 1
-99 -78 3 0
-95 -75 4 1
-85 -51 6 9
-98 -83 0 1
-96 -75 3 1
-96 -75 2 1
-56 -51 3 1
-56 -51 4 0
-56 -51 2 1
-58 -51 3 0
-56 -53 4 0
-80 -96 3 8
-81 -95 3 1
-79 -95 2 6
-86 -83 2 1000
-76 -98 4 1
-76 -97 2 1
-76 -97 3 1
-64 -56 7 0
-64 -56 6 0
-87 -69 1 1
-82 -62 5 1
-63 -54 6 0
-51 -96 3 0
-85 -75 5 0
-84 -75 5 0
-84 -75 6 0
-52 -96 2 0
-52 -95 2 0
-54 -97 3 0
-53 -98 0 1
-53 -97 0 1
-53 -96 0 2
-52 -96 0 2
-51 -96 0 1
-51 -93 5 1
-51 -96 1 0
-51 -94 2 0
-87 -69 8 1
-87 -69 9 1
-69 -61 12 0
-70 -61 11 0
-69 -61 11 0
-76 -70 3 0
-76 -70 1 0
-57 -62 3 0
-57 -62 2 0
-76 -69 2 0
-75 -69 2 0
-89 -59 8 1
-93 -63 8 2
-93 -64 7 1
-76 -53 7 0
-67 -61 10 0
-66 -62 9 0
-66 -62 10 0
-66 -62 13 0
-66 -62 12 0
-66 -64 11 0
-52 -92 3 1
-52 -91 1 2
-52 -91 2 1
-52 -91 3 1
-74 -66 3 0
-53 -93 3 0
-53 -92 1 1
-54 -92 0 1
-54 -91 0 1
-88 -76 7 0
-86 -78 7 0
-55 -94 3 1
-89 -93 3 1
-88 -94 3 1
-75 -54 0 5
-86 -75 6 0
-82 -51 4 1
-88 -74 3 6
-76 -67 4 0
-63 -54 4 0
-63 -55 4 0
-62 -55 5 0
-61 -54 4 0
-100 -78 5 5
-55 -95 2 0
-86 -74 6 0
-100 -78 6 1
-100 -77 4 2
-100 -77 6 1
-55 -95 1 0
-52 -96 1 0
-65 -63 10 0
-85 -75 7 0
-81 -55 4 1000
-85 -65 2 2
-96 -92 1 0
-55 -61 3 0
-57 -59 4 0
-58 -61 4 0
-59 -61 4 0
-59 -61 5 0
-59 -61 3 0
-57 -61 5 0
-57 -61 6 0
-57 -61 3 0
-57 -61 2 0
-84 -73 2 1
-54 -92 2 1
-54 -92 3 1
-54 -92 1 2
-84 -92 3 0
-69 -66 3 1
-78 -69 2 0
-91 -67 2 2
-91 -67 1 7
-91 -67 0 38
-70 -61 2 0
-88 -76 3 1
-97 -89 4 3
-97 -89 5 1000
-96 -89 3 1
-97 -86 -1 1
-95 -89 3 1000
-95 -89 4 4
-83 -62 3 1000
-84 -65 2 1
-87 -67 0 6
-89 -65 2 1
-86 -70 4 0
-85 -69 3 0
-81 -65 2 1
-100 -85 2 2
-90 -82 3 1
-91 -81 3 1
-93 -74 4 1
-87 -69 6 0
-99 -66 7 7
-99 -68 8 1
-94 -81 3 0
-100 -69 6 1
-94 -81 4 0
-93 -82 4 0
-100 -74 2 1
-83 -61 1 6
-100 -93 1 0
-79 -56 5 1
-72 -56 -1 1
-74 -57 1 1
-72 -58 2 0
-72 -51 3 0
-92 -68 5 3
-93 -74 8 0
-93 -74 7 0
-95 -75 9 0
-97 -74 8 0
-96 -75 8 0
-97 -74 7 0
-95 -74 8 0
-95 -73 7 0
-94 -74 7 0
-86 -78 6 0
-74 -68 1 0
-94 -61 4 1
-78 -59 2 1
-84 -68 4 0
-85 -68 1 1
-100 -77 7 0
-87 -78 2 1
-89 -82 1 1
-90 -81 1 1
-73 -66 5 0
-90 -59 9 1
-91 -57 5 1
-88 -58 7 1
-88 -58 6 7
-88 -69 -1 1
-88 -68 0 15
-92 -68 1 11
-93 -68 1 12
-93 -67 0 14
-93 -67 -1 1
-97 -63 3 5
-97 -64 2 7
-97 -65 2 3
-98 -64 2 6
-94 -59 4 1
-94 -59 5 2
-94 -64 8 3
-88 -82 -1 0
-91 -60 8 2
-76 -56 -1 1
-91 -64 0 1
-96 -77 5 0
-96 -77 8 0
-96 -77 7 0
-96 -91 4 1
-58 -54 4 0
-68 -61 1 0
-95 -82 7 0
-91 -92 3 1
-92 -90 5 1
-92 -92 5 1000
-76 -55 0 4
-74 -59 5 0
-75 -59 5 1
-72 -53 0 1
-72 -55 2 1
-89 -67 4 1
-80 -52 1 1
-82 -53 0 1
-91 -70 3 1
-96 -76 6 1
-97 -77 8 0
-82 -81 -3 1
-86 -71 0 6
-100 -84 7 0
-81 -80 1 1
-82 -80 1 1
-83 -80 1 1
-84 -76 3 1
-100 -89 0 2
-79 -52 3 0
-100 -91 1 0
-100 -90 1 0
-95 -82 6 0
-69 -60 1 0
-57 -54 2 0
-94 -91 5 1
-99 -71 5 4
-75 -55 0 1
-87 -52 2 1
-86 -51 3 1
-100 -91 2 0
-79 -74 6 0
-80 -99 -1 1
-82 -100 -1 1
-83 -100 1 4
-83 -100 -1 1
-78 -97 1 2
-89 -52 6 1
-96 -62 3 1
-79 -70 5 0
-79 -70 4 0
-80 -72 5 0
-99 -85 0 3
-71 -56 2 0
-100 -83 0 1
-100 -84 0 1
-82 -52 3 3
-90 -68 4 1
-84 -69 3 0
-92 -86 2 0
-93 -55 9 1
-76 -57 -1 1
-66 -54 3 0
-75 -73 6 0
-75 -73 5 0
-76 -72 4 0
-65 -53 2 0
-65 -55 3 0
-68 -57 3 0
-67 -56 2 0
-55 -90 0 1
-55 -90 1 8
-65 -56 5 0
-80 -72 1 0
-97 -67 -1 1
-87 -60 5 1
-87 -60 6 1
-86 -56 5 1
-94 -76 5 0
-91 -77 2 1
-91 -76 3 2
-92 -77 6 0
-93 -77 5 0
-93 -76 6 0
-93 -76 5 0
-67 -58 3 0
-92 -63 3 1
-94 -63 3 1
-90 -67 2 7
-88 -66 0 1
-86 -73 5 0
-88 -73 4 0
-88 -84 1 1
-82 -61 5 6
-89 -73 5 1
-89 -74 4 1
-79 -52 2 0
-80 -69 2 0
-90 -91 0 10
-90 -91 -1 1
-91 -90 0 5
-87 -84 1 1
-91 -91 0 9
-86 -73 1 1
-86 -94 3 2
-85 -58 6 1
-54 -90 0 1
-75 -54 6 0
-81 -74 1 0
-81 -75 2 0
-81 -74 2 0
-82 -74 1 0
-85 -70 3 0
-72 -51 7 0
-93 -65 -1 1
-99 -60 1 7
-99 -59 0 1
-78 -67 3 0
-83 -73 4 0
-69 -59 -1 1
-69 -58 -1 1
-89 -75 4 1000
-74 -53 1 1
-75 -52 0 10
-97 -93 2 0
-97 -93 5 0
-96 -95 4 0
-97 -92 4 0
-97 -91 3 1
-97 -92 3 0
-96 -92 4 0
-96 -92 3 0
-96 -93 4 0
-96 -93 3 0
-95 -70 7 0
-94 -71 8 0
-94 -88 4 11
-83 -64 1 1
-95 -90 3 1
-94 -78 2 1
-68 -52 2 0
-76 -52 1 3
-80 -75 4 0
-79 -74 5 0
-79 -76 4 0
-78 -75 5 0
-82 -74 4 0
-51 -51 28 0
-84 -91 1 1
-84 -91 0 1
-85 -91 2 1
-81 -91 2 1
-81 -91 1 1
-81 -91 0 1
-81 -92 2 1
-83 -70 1 1
-65 -79 1 1
-65 -79 2 1
-65 -78 0 1
-65 -78 1 1
-65 -78 2 1
-65 -77 0 1
-65 -77 1 1
-65 -77 2 2
-68 -77 2 1
-68 -76 2 0
-90 -51 11 1
-99 -80 6 1
-87 -76 3 1
-99 -66 8 5
-70 -82 0 1
-68 -77 0 1
-83 -73 2 0
-83 -73 1 0
-80 -100 3 2
-81 -100 3 1
-82 -100 3 1
-88 -54 9 0
-83 -57 7 1
-70 -56 2 0
-82 -83 -1 1
-95 -64 -1 1
-80 -83 3 1
-84 -63 -1 1
-69 -53 5 0
-74 -52 3 1
-75 -52 3 0
-89 -72 1 1
-89 -72 2 1
-89 -72 3 1
-94 -75 4 1
-93 -75 3 1
-94 -78 3 6
-67 -63 6 0
-95 -79 2 1
-92 -57 6 1
-97 -63 7 2
-67 -63 4 0
-96 -64 7 1
-76 -100 3 1
-89 -66 -1 1
-96 -86 9 0
-97 -84 8 0
-97 -85 9 0
-98 -84 8 0
-98 -84 9 0
-100 -84 8 0
-100 -85 9 0
-100 -86 9 0
-100 -87 9 0
-98 -88 9 0
-97 -87 8 0
-97 -87 9 0
-98 -86 10 0
-78 -100 7 1
-57 -91 1 0
-54 -93 1 0
-55 -92 4 1
-55 -92 0 1
-56 -91 -1 1
-55 -91 -1 1
-70 -54 5 0
-54 -90 3 0
-97 -65 7 1
-84 -77 7 0
-82 -66 4 0
-87 -78 6 0
-98 -83 9 0
-87 -79 5 0
-86 -79 7 0
-86 -79 6 0
-98 -85 10 0
-91 -63 8 1
-91 -62 8 4
-86 -84 1 1
-77 -55 -1 1
-92 -66 5 1
-83 -58 4 1
-85 -78 6 0
-85 -78 7 0
-86 -78 5 0
-85 -78 5 0
-86 -77 6 0
-85 -77 6 0
-100 -85 10 0
-100 -86 10 0
-99 -87 9 0
-99 -86 10 0
-97 -86 9 0
-97 -86 10 0
-99 -85 10 0
-99 -85 11 0
-57 -89 2 1000
-58 -91 2 0
-58 -91 3 0
-58 -91 1 0
-57 -94 3 1
-98 -84 10 0
-97 -84 10 0
-97 -82 9 0
-98 -83 10 0
-99 -82 9 0
-99 -82 10 0
-100 -82 9 0
-71 -58 0 2
-100 -84 10 0
-82 -76 2 0
-78 -73 2 0
-78 -73 1 0
-79 -72 3 0
-79 -72 1 0
-80 -72 2 0
-66 -76 3 0
-66 -76 1 1
-66 -76 0 1
-97 -83 11 0
-98 -82 10 0
-98 -82 11 0
-79 -53 0 1
-99 -81 10 0
-99 -81 11 0
-99 -81 9 0
-100 -82 10 0
-100 -82 11 0
-80 -97 7 1
-94 -85 8 0
-94 -85 7 0
-100 -84 11 0
-98 -84 11 0
-99 -83 11 0
-99 -83 12 0
-73 -57 0 1
-73 -58 0 1
-74 -57 0 1
-74 -58 0 1
-74 -59 2 1
-92 -94 5 0
-94 -60 6 1
-100 -89 6 0
-86 -71 9 1
-93 -76 3 8
-97 -82 10 0
-97 -82 11 0
-98 -81 10 0
-99 -82 11 0
-98 -81 11 0
-99 -80 10 0
-99 -80 11 0
-86 -72 2 5
-100 -81 11 0
-89 -74 2 1
-89 -74 3 7
-100 -83 11 0
-98 -83 11 0
-99 -82 12 0
-55 -82 2 1
-86 -58 6 4
-96 -66 3 6
-91 -69 0 18
-92 -66 3 6
-71 -60 2 0
-72 -63 0 0
-72 -63 1 0
-72 -63 4 1
-72 -63 3 1
-71 -65 2 1
-93 -89 5 1
-72 -62 3 1002
-72 -61 2 1
-72 -62 2 0
-73 -64 0 0
-75 -58 1 1
-72 -60 4 1
-71 -60 4 0
-71 -60 5 0
-99 -86 1 1
-97 -89 -1 1
-78 -96 0 1
-82 -95 5 1
-73 -55 5 0
-53 -81 4 1
-93 -60 6 1000
-52 -81 2 3
-83 -80 2 5
-83 -80 3 1
-83 -80 4 1
-91 -66 8 2
-91 -66 9 1
-94 -67 9 0
-54 -85 -1 1
-54 -84 -1 1
-54 -83 -1 1
-91 -81 4 1
-91 -80 3 1
-90 -81 4 1
-55 -69 14 0
-56 -70 14 0
-57 -69 14 0
-56 -69 14 0
-57 -69 13 0
-86 -97 6 0
-86 -96 7 0
-86 -76 3 3
-86 -76 2 1
-87 -93 3 1000
-56 -68 13 0
-55 -67 13 0
-87 -91 -1 1
-89 -91 4 3
-89 -73 7 0
-72 -54 6 0
-88 -91 8 0
-90 -76 5 0
-53 -83 4 1
-96 -69 0 5
-52 -83 3 1
-51 -81 0 1
-93 -91 7 0
-82 -97 7 0
-81 -97 6 1
-86 -92 5 1
-86 -97 4 1
-99 -88 -1 1
-85 -100 6 1
-97 -88 -1 1
-97 -87 -1 1
-80 -63 6 0
-97 -85 2 1
-97 -86 0 1
-98 -87 1 0
-79 -96 0 1
-79 -96 2 6
-80 -97 2 1
-79 -98 -1 1
-79 -97 -1 1
-79 -96 -1 1
-83 -98 7 0
-85 -97 0 1
-82 -99 2 1
-81 -100 0 3
-82 -97 4 6
-78 -51 0 1
-99 -79 4 1
-88 -53 5 1
-78 -51 1 1
-76 -56 0 1
-90 -88 0 0
-89 -89 -1 1
-57 -54 -1 1
-88 -96 -1 1
-54 -80 3 0
-55 -78 0 1
-55 -78 1 3
-90 -75 3 5
-94 -64 6 3
-94 -64 5 3
-94 -64 4 1
-74 -65 4 0
-76 -63 2 0
-59 -54 -1 1
-81 -83 3 1
-100 -80 1 1
-89 -62 6 2
-93 -74 5 0
-88 -68 9 1
-59 -51 3 0
-57 -52 2 0
-68 -62 4 0
-68 -62 6 0
-99 -64 4 1
-94 -82 8 0
-51 -74 14 0
-52 -72 14 0
-51 -77 3 0
-90 -63 9 1
-53 -76 2 0
-53 -76 1 0
-89 -52 13 1
-96 -65 3 1
-100 -92 2 0
-91 -63 6 4
-95 -72 6 1
-80 -63 2 2
-95 -70 3 1
-83 -66 1 1
-83 -66 0 5
-85 -66 2 1
-78 -53 3 1
-79 -53 4 1
-79 -53 2 1
-83 -93 4 1
-83 -93 3 1
-97 -72 3 4
-98 -71 1 1
-89 -95 5 1
-96 -71 1 1
-92 -68 7 1
-94 -78 4 1
-89 -78 8 0
-89 -91 6 0
-92 -94 6 0
-98 -83 5 0
-89 -94 6 0
-97 -59 1 1
-89 -78 6 0
-87 -79 6 0
-85 -66 -1 1
-63 -62 3 0
-63 -62 5 0
-63 -62 4 0
-63 -59 5 0
-80 -55 3 16
-80 -54 1 1
-80 -54 2 9
-80 -54 3 13
-81 -62 1 1
-90 -93 8 0
-87 -93 6 0
-51 -61 5 0
-88 -92 6 0
-89 -69 4 1
-84 -76 6 0
-100 -75 5 7
-85 -78 3 1
-85 -77 3 1
-85 -76 2 1
-83 -58 -1 1
-88 -76 6 0
-87 -78 4 0
-77 -52 2 5
-81 -61 7 0
-94 -84 5 0
-94 -84 6 0
-96 -87 3 1
-98 -67 7 1
-98 -68 8 0
-100 -68 9 0
-83 -97 8 0
-83 -97 7 0
-75 -56 1 1
-95 -83 8 0
-78 -53 5 0
-79 -53 -1 1
-80 -52 2 1
-81 -53 3 15
-100 -79 7 0
-100 -79 8 0
-84 -61 6 1
-71 -53 6 0
-85 -54 2 1
-85 -55 3 1
-85 -55 2 1
-85 -56 4 1
-82 -70 7 0
-52 -76 2 0
-51 -76 3 0
-89 -72 -1 1
-72 -66 3 0
-52 -75 3 0
-52 -75 1 0
-54 -76 3 0
-54 -76 1 0
-52 -77 3 0
-52 -77 4 0
-52 -77 0 1
-96 -95 3 0
-98 -95 4 0
-93 -90 4 8
-88 -91 7 0
-97 -61 6 1
-91 -92 7 0
-83 -59 4 1
-79 -95 1 5
-88 -79 6 0
-79 -94 0 1
-79 -94 1 1
-83 -96 2 1
-87 -92 8 0
-91 -78 5 0
-92 -79 5 0
-83 -66 -1 1
-98 -80 8 0
-98 -80 7 0
-98 -81 6 0
-98 -81 8 0
-81 -66 5 0
-82 -59 6 6
-82 -56 4 1
-89 -69 6 1
-86 -69 9 1
-87 -68 9 1
-88 -69 9 1
-88 -70 9 1
-82 -71 5 0
-82 -71 4 0
-85 -71 6 0
-90 -71 6 7
-85 -54 1 1
-93 -66 9 1
-94 -64 9 1
-94 -65 9 1
-94 -66 9 1
-74 -100 0 1
-87 -93 4 4
-57 -54 3 0
-86 -92 1 1
-87 -91 2 0
-59 -55 4 0
-78 -100 5 1
-78 -98 5 1
-71 -52 5 0
-65 -59 1 0
-97 -85 1 1
-97 -85 0 1
-87 -73 4 0
-86 -98 4 1
-86 -97 3 3
-82 -76 7 0
-81 -98 5 1
-86 -80 2 2
-78 -70 1 0
-86 -80 3 1
-84 -57 4 1
-79 -52 6 0
-96 -68 3 1
-94 -68 1 2
-93 -68 -1 1
-92 -64 3 1
-86 -80 4 1
-79 -57 7 1
-82 -59 0 3
-80 -60 1 1
-79 -57 6 1
-91 -70 -1 1
-61 -55 3 0
-88 -65 1 1
-76 -51 0 3
-92 -90 6 0
-90 -91 3 1
-97 -84 5 0
-71 -53 3 1
-88 -73 6 0
-93 -62 9 1
-81 -75 -2 1
-98 -87 2 0
-82 -65 2 1
-85 -72 7 0
-88 -55 8 0
-88 -54 8 0
-88 -81 1 1
-64 -59 3 0
-66 -62 3 0
-61 -60 4 0
-75 -100 7 0
-75 -52 7 0
-75 -53 7 0
-73 -54 7 0
-72 -53 7 0
-94 -62 2 3
-94 -63 2 2
-89 -67 0 3
-71 -56 4 0
-94 -72 2 1
-89 -91 3 1
-65 -57 3 0
-82 -99 5 1
-81 -99 5 1
-80 -99 5 1
-81 -73 2 0
-52 -83 4 1
-52 -82 2 1
-93 -88 1 1
-93 -87 1 1
-91 -90 2 0
-89 -90 2 0
-91 -88 -2 1
-92 -89 -3 1
-92 -88 -3 1
-92 -87 -3 1
-81 -100 2 2
-82 -100 2 1
-78 -98 3 1
-78 -99 3 1
-79 -98 3 2
-56 -80 2 1
-55 -80 0 1
-55 -80 1 3
-55 -80 2 1
-54 -81 0 3
-54 -81 1 1
-54 -80 0 1
-54 -80 1 1
-54 -80 2 1
-91 -87 0 0
-94 -90 1 1
-92 -92 -1 1
-92 -92 0 1
-92 -92 1 1
-91 -92 -1 1
-91 -92 0 6
-91 -92 1 1
-90 -92 -1 1
-90 -92 0 4
-90 -92 1 1
-91 -89 3 1
-91 -89 -2 4
-92 -90 -3 1
-91 -90 -3 1
-90 -90 -3 1
-80 -65 2 1
-89 -90 3 1
-80 -65 4 1
-86 -65 0 4
-78 -96 8 1
-96 -81 2 1
-69 -57 2 0
-69 -57 1 0
-75 -58 2 1
-89 -97 6 0
-85 -95 7 0
-86 -95 7 0
-82 -51 1 1
-78 -59 0 1
-88 -52 6 2
-67 -51 5 0
-94 -75 6 0
-69 -57 3 0
-83 -52 2 1
-83 -53 1 1
-93 -58 4 1
-92 -74 6 0
-95 -88 -1 1
-91 -67 3 2
-100 -83 7 0
-64 -56 2 0
-63 -56 2 0
-79 -71 1 0
-90 -72 0 1
-66 -54 0 0
-85 -60 5 1
-80 -99 8 0
-85 -59 1 1
-90 -64 6 3
-81 -67 5 0
-75 -60 2 1
-86 -70 2 0
-74 -52 2 1
-70 -58 1 0
-73 -66 6 0
-84 -70 4 0
-52 -83 2 3
-51 -82 1 2
-51 -82 2 2
-51 -82 3 1
-69 -58 2 0
-70 -58 2 0
-71 -56 -1 1
-71 -57 -1 1
-89 -51 7 4
-56 -79 0 1
-64 -58 1 0
-63 -58 2 0
-90 -60 6 1000
-89 -60 5 1
-55 -79 2 1
-54 -79 0 1
-81 -100 5 1
-54 -79 2 1
-58 -84 3 1
-57 -84 4 1
-56 -84 3 0
-53 -84 2 0
-53 -84 1 0
-56 -82 -1 1
-55 -82 -1 1
-54 -82 -1 1
-97 -65 -1 1
-97 -62 0 15
-94 -67 1 3
-95 -67 0 4
-97 -95 4 0
-97 -86 6 1
-96 -86 6 1
-98 -85 6 1
-85 -69 1 1
-86 -67 2 2
-99 -72 7 1
-83 -61 4 4
-84 -60 5 1
-72 -53 5 0
-73 -53 6 0
-96 -65 1 19
-71 -51 5 0
-71 -51 6 0
-88 -83 -3 1
-86 -82 1 1
-86 -82 2 1000
-83 -63 5 0
-82 -55 5 18
-82 -55 7 1
-81 -56 7 1
-85 -51 9 0
-84 -52 8 0
-86 -52 8 0
-86 -51 8 0
-87 -51 9 1
-73 -67 2 0
-86 -73 -1 1
-97 -69 0 1
-57 -67 14 0
-89 -77 6 0
-85 -56 5 1
-84 -55 7 1
-92 -62 5 2
-93 -62 7 2
-93 -62 5 1
-95 -64 1 1
-81 -69 7 0
-75 -65 4 0
-97 -68 2 4
-91 -53 8 1
-58 -54 3 0
-90 -53 7 7
-90 -53 8 3
-92 -53 5 1
-91 -53 5 1
-80 -57 4 12
-80 -57 5 8
-80 -57 6 2
-84 -59 5 1
-83 -63 -1 1
-100 -80 5 1
-55 -78 2 1
-54 -78 0 1
-54 -78 1 1
-54 -78 2 1
-53 -78 0 2
-53 -78 1 1
-53 -78 2 1
-94 -76 7 0
-94 -78 7 0
-63 -63 10 0
-64 -61 12 0
-64 -61 10 0
-65 -61 11 0
-65 -61 12 0
-65 -61 10 0
-66 -62 11 0
-67 -61 11 0
-66 -61 12 0
-66 -61 10 0
-67 -63 11 0
-67 -63 12 0
-67 -63 10 0
-67 -64 11 0
-66 -64 12 0
-91 -53 6 1
-92 -53 8 1
-92 -53 7 1
-92 -53 6 1
-90 -93 3 1
-90 -90 3 1
-90 -94 2 0
-90 -88 1 0
-53 -100 1 1
-95 -89 2 0
-72 -52 8 0
-83 -96 7 0
-77 -96 8 1
-71 -51 7 0
-70 -52 7 0
-77 -96 9 1
-71 -52 7 0
-84 -55 0 1
-64 -56 4 0
-63 -56 5 0
-93 -79 7 0
-94 -80 6 0
-93 -65 4 1
-93 -65 5 9
-93 -65 6 1
-96 -65 6 1
-95 -65 4 1
-98 -81 0 1
-92 -77 8 0
-89 -80 2 1
-63 -56 4 0
-97 -73 7 0
-56 -61 5 0
-90 -68 0 24
-65 -60 6 0
-64 -62 3 0
-56 -61 4 0
-56 -62 4 0
-84 -93 0 2
-56 -63 4 0
-84 -94 1 2
-54 -64 5 0
-54 -62 1 1
-71 -57 4 0
-70 -58 5 0
-87 -72 5 0
-64 -57 4 0
-98 -82 8 0
-55 -60 4 0
-98 -83 3 1
-56 -60 5 0
-72 -63 5 0
-71 -63 6 0
-71 -63 4 1
-72 -65 6 0
-95 -74 9 0
-96 -73 8 0
-70 -65 7 0
-96 -71 7 0
-73 -51 6 0
-93 -64 1 6
-78 -57 7 0
-76 -59 2 3
-79 -51 -1 1
-82 -82 -3 1
-57 -62 4 0
-57 -62 5 0
-90 -87 0 0
-91 -91 2 0
-95 -88 3 1
-95 -89 5 1
-74 -100 7 0
-95 -68 5 14
-78 -77 1 0
-85 -100 5 1
-57 -53 4 0
-96 -69 5 30
-99 -95 2 0
-97 -62 8 1
-97 -65 0 5
-79 -69 5 0
-80 -68 5 0
-85 -52 3 1
-97 -81 5 0
-85 -96 4 1
-85 -94 4 2
-84 -96 4 3
-84 -95 4 1
-84 -94 4 1
-83 -96 4 4
-64 -61 6 0
-66 -61 4 0
-97 -60 5 1
-90 -63 2 1
-83 -68 -1 1
-90 -59 7 1
-64 -60 2 0
-65 -56 1 0
-65 -56 2 0
-64 -57 1 0
-64 -57 2 0
-63 -58 1 0
-84 -66 2 1
-95 -61 7 1
-71 -64 3 1
-72 -64 3 1
-71 -64 2 1
-84 -69 0 3
-78 -60 3 0
-78 -62 3 0
-90 -80 6 0
-89 -80 6 0
-90 -80 7 0
-89 -80 7 0
-90 -78 6 0
-91 -79 7 0
-91 -80 5 0
-87 -71 9 1
-88 -71 9 1
-71 -60 0 1
-72 -61 -1 1
-72 -60 -1 1
-77 -73 5 0
-76 -73 5 0
-100 -71 3 2
-100 -70 3 1
-99 -71 3 2
-94 -68 2 1
-81 -56 4 156
-96 -82 8 0
-96 -82 6 0
-97 -81 8 0
-87 -55 6 12
-88 -63 5 1
-88 -63 6 1
-81 -75 -3 1
-81 -76 -3 1
-81 -77 -3 1
-82 -75 -3 1
-83 -75 -3 1
-82 -76 -2 1
-66 -61 3 0
-65 -63 3 0
-65 -63 5 0
-65 -63 4 0
-90 -58 5 1
-90 -58 6 5
-90 -58 7 1
-91 -59 7 2
-99 -67 1 1
-98 -66 4 2
-97 -70 3 1
-81 -96 7 0
-93 -71 6 1
-81 -75 3 0
-100 -62 -1 1
-95 -73 4 1
-81 -98 9 0
-81 -98 6 1
-83 -62 0 8
-95 -91 -1 1
-97 -64 9 1
-83 -53 7 1
-91 -67 8 2
-87 -83 0 0
-88 -85 3 0
-92 -68 9 1
-85 -67 5 0
-92 -67 7 0
-95 -67 9 0
-96 -66 8 0
-94 -65 8 2
-87 -68 2 5
-93 -66 7 1
-93 -67 8 0
-95 -93 4 0
-95 -91 3 0
-97 -91 4 1
-95 -94 3 0
-95 -94 4 0
-95 -60 -1 1
-96 -78 6 0
-75 -66 0 0
-88 -70 4 1
-91 -70 5 1
-67 -56 3 0
-89 -71 6 5
-99 -67 5 2
-99 -67 2 1
-99 -68 4 2
-99 -68 3 1
-99 -68 2 1
-100 -92 3 0
-100 -86 4 9
-100 -86 5 1
-100 -85 3 12
-100 -85 4 6
-100 -77 3 1
-82 -58 4 1
-100 -70 8 0
-99 -69 3 1
-99 -69 2 1
-86 -67 0 3
-86 -67 1 1
-87 -63 3 1
-87 -63 4 1
-87 -68 4 0
-71 -53 4 1
-72 -52 5 0
-88 -91 2 0
-90 -88 -1 1
-92 -92 2 0
-90 -92 2 0
-89 -93 -1 1
-89 -93 0 6
-89 -93 1 1
-89 -92 2 0
-88 -93 -1 1
-72 -52 6 0
-70 -59 4 0
-64 -52 2 0
-65 -53 3 0
-64 -60 4 0
-84 -61 0 2
-99 -74 6 1
-89 -72 7 1
-92 -74 5 0
-88 -77 5 0
-89 -77 7 0
-89 -78 5 0
-54 -62 5 0
-54 -86 2 0
-90 -53 6 1
-99 -62 2 3
-89 -68 6 0
-90 -68 7 1
-92 -56 6 4
-92 -56 7 10
-94 -56 4 1
-90 -62 8 2
-78 -97 4 1
-78 -98 4 1
-78 -97 3 3
-79 -99 0 18
-64 -58 6 0
-64 -58 4 0
-92 -57 4 1
-87 -73 2 1
-84 -67 2 0
-100 -60 0 15
-100 -60 -1 1
-76 -55 4 0
-95 -90 4 2
-90 -92 4 2
-73 -53 2 3
-84 -96 -1 1
-76 -58 5 1
-77 -58 4 5
-90 -60 7 2
-89 -61 5 1
-97 -80 5 1
-97 -80 3 1
-99 -79 2 1
-95 -65 3 1
-97 -70 7 0
-67 -57 3 0
-99 -72 3 7
-99 -67 4 3
-91 -68 5 1
-100 -65 9 1
-76 -55 5 0
-92 -61 5 1
-96 -65 -1 1
-83 -63 1 1
-84 -60 2 2
-63 -56 3 0
-98 -67 1 1
-57 -60 3 0
-96 -88 4 10
-98 -68 7 0
-99 -70 8 0
-96 -88 5 1
-58 -62 4 0
-83 -59 -1 1
-93 -68 4 1
-93 -68 5 4
-94 -66 7 0
-90 -66 5 1
-94 -62 5 1
-90 -65 6 1
-94 -62 7 6
-99 -88 2 0
-100 -88 2 0
-90 -65 7 1
-93 -69 6 1
-95 -84 7 0
-90 -64 5 1
-87 -73 1 1
-79 -51 3 1
-84 -79 -2 1
-85 -80 -3 1
-59 -59 5 0
-75 -68 4 0
-91 -78 4 1
-90 -79 4 0
-76 -54 6 0
-77 -54 6 0
-75 -54 5 0
-85 -98 1 5
-81 -73 6 0
-89 -81 1 1
-82 -73 6 0
-79 -76 5 0
-79 -68 2 0
-78 -69 5 0
-91 -71 -1 1
-85 -57 7 1
-77 -74 5 0
-77 -74 6 0
-77 -74 4 0
-78 -73 5 0
-78 -72 5 0
-91 -73 4 1
-92 -73 2 1
-92 -73 3 1
-76 -73 4 0
-59 -61 2 0
-93 -70 6 1
-92 -70 4 1
-92 -70 5 1
-92 -70 6 3
-59 -54 4 0
-59 -54 5 0
-61 -53 5 0
-61 -53 6 0
-96 -88 3 1
-97 -85 3 1
-59 -51 5 0
-90 -84 -3 1
-90 -85 -3 1
-97 -85 4 1000
-93 -72 6 1
-78 -74 5 0
-95 -92 6 0
-79 -68 3 0
-70 -65 2 1
-69 -65 2 1
-70 -62 0 1
-71 -63 -1 1
-99 -88 5 4
-83 -58 1 1
-98 -88 5 1000
-98 -87 5 1
-98 -87 3 1
-98 -87 4 7
-97 -87 3 1
-97 -87 4 10
-97 -87 5 175
-100 -86 -1 1
-69 -56 2 0
-69 -58 1 0
-81 -58 4 12
-81 -57 5 8
-80 -74 3 0
-85 -79 1 1000
-71 -55 0 1
-80 -83 -1 1
-93 -82 8 0
-88 -77 7 0
-87 -78 5 0
-69 -62 5 0
-90 -73 1 1
-69 -63 4 0
-70 -64 5 1
-65 -62 6 0
-70 -63 5 1000
-72 -70 4 0
-72 -70 5 0
-100 -96 2 0
-86 -96 0 3
-65 -61 1 0
-96 -61 7 3
-62 -56 1 0
-66 -52 2 0
-67 -52 3 0
-66 -54 4 0
-99 -66 -1 1
-88 -81 3 1
-88 -81 2 2
-80 -60 3 0
-97 -88 6 1
-98 -87 6 1
-83 -66 2 1
-89 -60 8 1
-81 -80 -3 1
-82 -80 -3 1
-94 -87 1 1
-87 -76 5 0
-81 -100 -1 1
-81 -100 1 5
-77 -98 1 2
-92 -79 7 0
-93 -78 7 0
-93 -81 7 0
-91 -81 6 0
-92 -81 7 0
-93 -80 8 0
-93 -80 5 0
-83 -70 4 0
-83 -72 5 0
-84 -71 6 0
-82 -70 4 0
-82 -70 5 0
-82 -70 3 0
-100 -96 3 0
-100 -96 4 0
-96 -63 7 2
-98 -63 8 1
-100 -85 0 1
-86 -93 5 1
-79 -74 2 0
-80 -74 2 0
-93 -62 1 1
-79 -97 1 6
-62 -61 4 0
-60 -59 3 0
-93 -70 7 0
-80 -98 1 1000
-80 -98 -1 1
-80 -99 1 1000
-93 -78 6 0
-94 -78 6 0
-96 -83 7 0
-94 -79 7 0
-94 -81 7 0
-94 -84 9 0
-96 -84 8 0
-96 -84 7 0
-69 -62 3 0
-69 -62 2 0
-72 -63 2 1
-61 -61 5 0
-72 -54 2 1
-88 -73 7 0
-95 -80 5 0
-74 -54 2 3
-93 -72 3 1
-93 -72 4 1
-98 -72 4 1004
-96 -73 6 1
-96 -73 5 3
-99 -72 4 11
-99 -72 6 1
-88 -68 -1 1
-97 -81 9 0
-95 -80 7 0
-94 -81 6 0
-98 -87 0 1
-97 -82 8 0
-100 -82 7 0
-100 -80 8 0
-100 -80 7 0
-99 -81 8 0
-100 -81 8 0
-99 -81 7 0
-100 -81 7 0
-100 -79 1 1
-99 -78 2 1
-80 -61 6 0
-93 -60 9 1
-92 -59 9 1
-78 -53 6 0
-77 -65 3 0
-77 -65 2 0
-78 -66 2 0
-82 -74 -3 1
-81 -74 -3 1
-80 -76 -3 1
-80 -75 -3 1
-80 -74 -3 1
-100 -66 0 1
-100 -59 -1 1
-96 -65 5 1
-78 -55 2 6
-78 -55 3 13
-83 -65 1 1
-84 -65 0 8
-84 -65 1 2
-87 -64 2 1
-86 -64 2 1
-96 -82 3 0
-96 -82 4 0
-94 -83 6 0
-94 -83 5 0
-71 -65 4 1
-70 -66 4 0
-72 -64 5 0
-72 -66 6 0
-98 -86 -1 1
-99 -84 -1 1
-99 -85 -1 1
-99 -86 -1 1
-100 -84 -1 1
-100 -85 -1 1
-100 -69 3 1
-79 -60 7 0
-81 -61 8 0
-95 -73 9 0
-97 -73 8 0
-96 -73 7 0
-96 -72 8 0
-96 -72 7 0
-95 -71 8 0
-95 -71 7 0
-94 -72 8 0
-94 -72 7 0
-96 -90 -1 1
-95 -89 0 1
-79 -52 -1 1
-94 -85 5 0
-94 -85 6 0
-94 -85 9 0
-72 -51 4 0
-81 -65 0 0
-89 -68 1 38
-84 -71 4 0
-84 -71 5 0
-99 -62 4 1
-96 -59 -1 1
-96 -59 0 1
-100 -60 4 1
-100 -66 2 1
-74 -53 -1 1
-74 -54 1 1
-74 -54 0 1
-91 -64 1 1
-80 -62 2 1
-81 -62 2 1
-95 -81 7 0
-59 -54 1 0
-77 -53 2 1
-69 -57 -1 1
-81 -53 6 0
-90 -82 2 1
-91 -81 2 1
-91 -82 4 1
-99 -64 3 1
-99 -63 -1 1
-92 -92 4 3
-92 -91 3 1
-95 -88 2 1000
-77 -93 2 9
-77 -93 3 1
-79 -93 4 1
-78 -94 3 2
-78 -94 4 1
-78 -93 2 2
-78 -93 3 5
-78 -93 4 1
-80 -66 5 0
-78 -94 0 1
-78 -93 0 1
-77 -95 0 1
-77 -94 0 1
-77 -93 0 1
-79 -93 2 1000
-79 -93 3 2
-80 -92 4 1
-79 -92 2 1
-79 -92 3 1
-79 -92 4 1
-78 -92 2 1
-78 -92 3 2
-78 -92 4 1
-79 -93 1 0
-80 -93 2 1
-80 -93 3 1
-83 -92 3 1
-83 -92 4 1
-82 -92 3 1
-82 -92 4 1
-75 -59 4 1
-83 -91 1 1
-95 -70 2 1
-95 -70 1 1
-93 -69 0 1
-79 -56 6 1
-97 -66 3 1
-93 -89 3 1
-70 -59 3 0
-69 -59 2 0
-81 -57 2 1
-81 -58 3 20
-97 -80 8 0
-97 -80 6 0
-98 -79 7 0
-98 -79 8 0
-98 -79 6 0
-99 -80 7 0
-99 -80 8 0
-99 -82 8 0
-79 -65 -1 1
-79 -65 0 1
-79 -65 1 1
-81 -52 1 1
-80 -54 4 1
-67 -55 3 0
-67 -54 2 0
-67 -55 2 0
-66 -55 3 0
-66 -55 2 0
-66 -56 3 0
-68 -58 0 0
-68 -58 4 0
-68 -60 3 0
-68 -56 3 0
-68 -56 2 0
-93 -70 0 1
-71 -59 1 0
-97 -82 3 1
-99 -81 6 0
-100 -82 2 1
-100 -81 2 1
-100 -80 2 1
-99 -82 2 1
-98 -77 3 0
-98 -75 2 2
-71 -60 3 0
-85 -93 3 1
-93 -59 5 1
-93 -58 5 2
-94 -61 6 1
-97 -76 1 1
-97 -75 1 1
-97 -74 1 1
-83 -60 6 2
-77 -92 3 2
-94 -61 1 1
-72 -65 3 0
-71 -66 2 0
-72 -65 2 0
-74 -63 3 0
-74 -63 2 0
-73 -62 3 2
-80 -91 2 0
-80 -92 3 0
-81 -92 3 1
-82 -91 3 1
-82 -91 4 1
-81 -91 3 1
-81 -91 4 1
-80 -91 4 1
-80 -93 4 1
-81 -92 -1 1
-80 -92 -1 1
-79 -92 -1 1
-55 -85 3 0
-55 -85 2 0
-63 -57 3 0
-75 -57 6 0
-61 -62 5 0
-88 -71 4 1
-85 -99 7 0
-85 -98 8 0
-74 -60 4 1
-75 -61 3 1
-92 -93 7 0
-90 -94 6 0
-90 -95 6 0
-90 -95 7 0
-90 -95 5 1
-89 -94 7 0
-56 -87 1 2
-77 -61 3 1
-62 -53 7 0
-85 -98 6 0
-68 -58 1 0
-81 -82 0 1
-73 -61 -1 1
-54 -92 4 1
-55 -94 4 1
-94 -67 5 7
-96 -70 4 11
-95 -66 6 1
-79 -54 3 9
-90 -88 4 1
-100 -81 0 1
-100 -80 0 1
-81 -93 -1 1
-90 -75 5 0
-87 -94 6 0
-88 -74 2 1
-95 -78 5 0
-95 -74 5 1
-95 -74 4 1
-100 -70 6 1
-100 -70 5 1
-77 -68 4 0
-60 -55 5 0
-70 -59 5 0
-72 -60 2 1
-80 -52 3 1
-100 -61 4 1
-97 -68 6 1
-88 -58 5 1
-80 -75 1 0
-95 -61 2 1
-94 -67 2 1
-80 -96 7 1
-77 -55 2 1
-95 -66 7 1
-92 -67 6 1
-79 -63 3 3
-91 -71 2 1
-94 -80 5 0
-83 -53 4 1
-81 -51 2 0
-76 -94 1 1
-97 -66 7 1
-76 -94 2 1
-76 -94 3 1
-76 -93 1 1
-76 -93 2 1
-76 -93 3 1
-76 -92 1 2
-76 -92 2 2
-97 -64 5 6
-92 -58 8 4
-54 -91 -1 1
-78 -63 5 0
-80 -63 7 0
-89 -73 6 0
-68 -60 0 1
-89 -75 6 0
-80 -55 -1 1
-77 -60 3 1
-76 -60 2 1
-74 -57 5 0
-61 -59 4 0
-96 -79 6 0
-96 -79 7 0
-93 -85 8 0
-93 -86 8 0
-93 -85 7 0
-93 -86 7 0
-92 -85 8 0
-92 -85 7 0
-94 -79 6 0
-95 -80 6 0
-92 -87 8 0
-88 -95 8 0
-88 -93 8 0
-95 -83 7 0
-92 -64 6 7
-91 -57 6 1
-81 -73 3 0
-88 -62 7 1
-62 -62 4 0
-83 -69 -1 1
-84 -73 5 0
-84 -72 6 0
-84 -72 7 0
-84 -74 4 0
-85 -72 6 0
-86 -68 3 1
-84 -51 4 1
-76 -99 8 0
-61 -62 3 0
-89 -93 2 0
-99 -83 3 1
-81 -77 0 0
-60 -63 4 0
-60 -60 4 0
-84 -66 0 10
-78 -58 1 1
-91 -75 7 0
-91 -75 3 7
-84 -63 1 5
-70 -57 1 0
-84 -94 7 0
-89 -87 4 0
-91 -73 1 1
-92 -62 8 2
-87 -70 0 17
-80 -61 -1 1
-80 -61 0 1
-80 -61 1 1
-89 -70 6 15
-60 -55 3 0
-90 -54 6 2
-90 -54 7 3
-93 -87 7 0
-92 -86 8 0
-92 -86 7 0
-86 -57 6 2
-91 -91 -1 1
-75 -61 4 1
-88 -56 8 0
-91 -52 6 1
-93 -82 7 0
-94 -80 8 0
-91 -69 2 12
-94 -80 4 0
-55 -60 5 0
-89 -88 3 0
-99 -74 7 0
-99 -85 6 1
-99 -85 7 0
-81 -96 5 1
-81 -97 5 1
-54 -52 3 1
-54 -52 2 1
-54 -52 1 1
-55 -52 1 1
-56 -51 1 1
-56 -52 1 1
-90 -86 1 0
-91 -86 3 0
-85 -72 1 2
-79 -54 7 0
-98 -85 0 1
-99 -83 0 1
-99 -84 0 1
-70 -58 -1 1
-98 -62 0 20
-78 -73 4 0
-78 -73 3 0
-75 -64 3 0
-75 -65 3 0
-75 -64 2 0
-74 -64 3 0
-89 -90 4 2
-88 -93 6 0
-91 -93 7 0
-76 -100 -1 1
-86 -83 3 1
-98 -73 4 1000
-98 -73 5 14
-98 -73 6 1
-94 -62 4 0
-97 -67 7 0
-98 -66 5 4
-95 -66 4 1
-89 -81 5 0
-57 -94 0 1
-68 -54 5 0
-84 -58 7 1
-77 -74 9 1
-84 -63 2 15
-68 -63 4 1
-68 -66 5 1
-88 -88 3 0
-82 -76 1 0
-81 -77 2 0
-96 -71 2 1
-82 -79 0 0
-79 -79 1 1
-87 -68 0 5
-59 -62 5 0
-66 -61 2 0
-64 -59 1 0
-93 -60 4 0
-65 -57 1 0
-66 -57 2 0
-66 -57 1 0
-64 -57 3 0
-97 -89 3 1
-98 -89 5 1
-88 -83 2 2
-78 -68 1 0
-78 -68 2 0
-76 -69 1 0
-62 -52 5 0
-51 -100 3 1
-78 -57 0 11
-54 -93 2 1
-92 -57 5 1
-96 -59 8 1
-95 -59 7 1
-75 -60 4 1
-79 -73 5 0
-80 -74 6 0
-81 -73 5 0
-83 -69 3 0
-72 -57 2 0
-92 -64 4 1
-83 -51 9 0
-86 -52 9 0
-83 -52 9 0
-86 -65 3 12
-93 -92 4 1
-93 -92 2 0
-83 -67 -1 1
-78 -52 2 1
-78 -52 3 1
-52 -92 2 1
-52 -92 1 1
-87 -51 4 1
-83 -68 0 1
-98 -80 3 1
-54 -91 3 1
-100 -86 2 2
-99 -86 2 1
-98 -86 2 1
-52 -98 2 1
-52 -98 3 1
-52 -99 2 1
-52 -99 3 0
-51 -98 0 1
-81 -62 7 0
-93 -80 4 0
-99 -85 3 1001
-93 -83 7 0
-67 -60 1 0
-74 -56 7 0
-95 -82 8 0
-67 -62 5 0
-89 -71 9 1
-87 -97 6 0
-84 -100 0 1
-84 -100 1 1000
-82 -100 1 2
-81 -98 2 0
-80 -99 0 6
-78 -59 1 1
-79 -58 1 1
-98 -84 4 1
-79 -98 0 1
-79 -98 2 24
-79 -97 0 1
-88 -70 5 1000
-79 -97 2 3
-88 -82 1 1000
-88 -82 3 1
-82 -52 8 0
-88 -68 4 1
-77 -62 4 0
-93 -63 5 3
-93 -63 6 9
-90 -82 1 1
-89 -83 2 0
-87 -85 1 0
-88 -84 2 1
-87 -85 2 0
-89 -84 3 0
-89 -84 -2 1
-78 -57 -1 1
-51 -51 27 0
-74 -56 8 0
-74 -56 10 0
-74 -56 9 0
-100 -81 5 1
-80 -78 0 0
-81 -65 5 0
-73 -54 0 2
-72 -55 -1 1
-99 -77 4 1
-97 -69 6 1
-89 -61 8 1
-97 -76 3 5
-81 -97 2 1
-78 -95 3 1
-70 -60 2 0
-69 -60 2 0
-70 -58 0 2
-98 -78 8 0
-98 -67 4 1
-95 -76 8 0
-82 -55 0 13
-82 -55 1 2
-81 -55 0 1
-99 -61 4 1
-96 -64 3 1
-88 -80 6 0
-89 -80 5 0
-90 -79 5 0
-78 -71 4 0
-78 -71 6 0
-78 -71 5 0
-76 -71 4 0
-77 -71 6 0
-76 -71 5 0
-77 -72 5 0
-61 -55 5 0
-76 -73 6 0
-93 -57 7 8
-93 -74 2 1
-61 -61 4 0
-61 -54 5 0
-62 -54 6 0
-62 -54 5 0
-60 -56 5 0
-75 -60 1 1
-80 -68 2 0
-80 -68 3 0
-59 -59 4 0
-94 -83 7 0
-94 -84 8 0
-97 -78 4 0
-96 -85 7 0
-97 -81 3 2
-97 -78 5 0
-73 -62 4 1
-93 -62 3 1
-96 -84 4 0
-99 -87 0 1
-98 -81 4 1
-87 -78 8 0
-83 -66 6 0
-99 -64 6 1
-99 -64 7 1
-76 -60 4 3
-75 -61 6 0
-70 -60 4 0
-98 -79 4 0
-98 -79 3 0
-99 -78 1 1
-98 -78 1 1
-99 -80 3 1
-97 -79 4 0
-97 -79 5 0
-97 -79 3 0
-74 -68 4 0
-87 -75 5 0
-89 -64 9 1
-87 -51 11 1
-94 -64 1 22
-84 -95 0 5
-84 -96 1 1
-96 -68 0 1
-83 -64 3 1000
-91 -63 0 1
-100 -69 4 1
-98 -65 5 6
-98 -65 4 1
-99 -65 5 1
-99 -65 4 1
-99 -66 5 5
-99 -66 4 1
-95 -70 -1 1
-96 -70 -1 1
-97 -70 -1 1
-92 -72 4 4
-92 -72 3 2
-92 -72 2 1
-98 -70 2 3
-78 -74 9 1
-78 -73 9 1
-78 -72 9 1
-74 -68 2 0
-75 -68 3 0
-74 -68 3 0
-75 -67 2 0
-75 -67 3 0
-81 -66 4 0
-83 -65 7 0
-94 -58 5 2
-95 -58 7 1
-95 -58 6 1
-88 -77 2 1
-87 -78 3 2
-76 -57 4 1
-87 -67 3 21
-100 -85 7 0
-90 -72 1 1
-67 -55 1 0
-97 -67 1 1
-72 -56 4 1
-100 -66 3 1
-95 -77 5 0
-92 -77 7 0
-82 -69 4 0
-82 -69 5 0
-83 -70 5 0
-82 -70 1 0
-80 -69 5 0
-81 -68 5 0
-98 -61 3 1
-83 -71 7 0
-83 -74 4 0
-86 -73 7 0
-87 -73 7 0
-75 -85 3 0
-84 -62 1 3
-95 -78 8 0
-96 -78 8 0
-97 -78 8 0
-93 -86 3 1
-92 -85 1 0
-92 -85 3 0
-92 -85 2 0
-64 -61 3 0
-65 -60 3 0
-67 -60 3 0
-67 -63 3 0
-66 -63 3 0
-86 -77 4 1
-86 -77 3 1
-86 -78 4 1
-86 -78 3 1
-87 -76 2 1
-87 -77 3 5
-88 -77 4 1
-89 -77 4 0
-100 -82 4 1
-98 -81 7 0
-75 -69 3 0
-75 -68 2 0
-100 -83 6 0
-87 -55 5 1
-87 -58 5 1
-87 -59 5 1
-69 -67 4 0
-81 -56 3 13
-84 -59 1 1
-84 -72 3 1
-84 -72 2 1
-99 -58 1 1
-80 -63 -1 1
-85 -69 2 0
-79 -54 2 6
-73 -56 7 0
-73 -55 7 0
-74 -54 8 0
-75 -55 8 0
-78 -58 8 0
-98 -83 2 2
-99 -83 2 3
-100 -83 2 1
-99 -82 6 0
-97 -83 3 0
-99 -59 3 1
-67 -77 1 0
-65 -78 3 1
-64 -78 1 1
-51 -77 2 0
-64 -78 2 1
-64 -78 3 1
-64 -77 1 1
-64 -77 2 1
-64 -77 3 1
-66 -77 3 0
-66 -77 1 1
-66 -78 2 1
-67 -75 4 0
-68 -74 0 1
-67 -74 0 1
-66 -74 0 1
-98 -65 8 1
-99 -65 9 1
-94 -66 5 11
-85 -67 0 15
-83 -61 3 13
-75 -58 5 1
-98 -69 1 1
-87 -73 5 0
-94 -73 7 0
-94 -73 8 0
-95 -72 7 0
-95 -73 8 0
-95 -72 8 0
-96 -74 7 0
-70 -65 3 1
-96 -74 8 0
-69 -66 6 0
-72 -65 4 0
-82 -72 2 0
-82 -73 2 0
-82 -73 1 0
-79 -75 2 0
-81 -74 3 0
-81 -74 0 0
-69 -61 -1 1
-69 -62 -1 1
-82 -60 3 21
-88 -64 7 1
-91 -61 8 3
-80 -63 0 1
-90 -71 -1 1
-90 -71 0 3
-90 -71 1 1
-89 -71 -1 1
-90 -71 3 1
-92 -67 0 32
-76 -58 4 4
-84 -69 1 1
-56 -60 4 0
-54 -60 5 0
-54 -60 4 0
-84 -57 5 1
-84 -57 6 1
-85 -70 -1 1
-85 -69 -1 1
-75 -55 1 3
-77 -54 -1 1
-94 -69 4 1
-81 -55 7 1
-85 -72 -1 1
-89 -66 3 8
-99 -60 -1 1
-100 -64 2 5
-97 -80 2 1
-94 -68 6 1
-79 -59 -1 1
-77 -59 3 3
-92 -72 6 1
-75 -56 8 0
-75 -56 7 0
-69 -65 6 0
-69 -65 4 1
-94 -66 0 16
-95 -67 2 3
-82 -99 3 1
-51 -94 1 1
-52 -93 0 1
-77 -57 -1 1
-64 -57 7 0
-75 -59 1 1
-70 -57 3 0
-54 -91 2 1
-84 -83 1 1
-53 -91 1 1
-53 -91 2 1
-53 -91 3 1
-80 -98 8 0
-82 -100 8 0
-93 -73 3 1
-93 -73 2 1
-85 -75 3 0
-83 -56 4 2
-83 -55 4 17
-93 -75 2 1
-90 -70 -1 1
-80 -59 3 0
-81 -64 2 4
-80 -61 5 0
-81 -61 6 0
-81 -61 5 1
-83 -61 6 1
-75 -54 -1 1
-75 -55 -1 1
-65 -74 2 0
-65 -74 3 0
-85 -76 3 4
-65 -73 2 0
-65 -73 3 0
-65 -73 1 0
-67 -72 2 0
-67 -72 3 0
-67 -72 1 0
-68 -73 2 0
-68 -73 3 0
-68 -73 1 0
-68 -74 3 0
-67 -76 3 0
-67 -76 1 0
-64 -76 2 1
-63 -77 1 1
-73 -68 2 0
-63 -77 2 1
-63 -77 3 1
-63 -76 1 1
-63 -76 2 1
-63 -76 3 1
-65 -76 3 0
-91 -73 5 1
-87 -75 3 1
-91 -64 8 3
-70 -58 3 0
-56 -84 2 0
-84 -76 1 1
-55 -84 3 0
-55 -83 4 1
-86 -85 3 1
-89 -91 7 0
-87 -75 2 1
-89 -91 8 0
-73 -54 1 6
-73 -54 -1 1
-73 -55 2 1
-98 -64 0 6
-96 -87 2 0
-88 -54 6 1
-88 -54 7 1
-87 -54 5 1
-87 -54 6 8
-87 -54 7 1
-86 -57 5 1
-93 -75 4 1
-88 -94 2 1
-83 -64 2 0
-88 -70 1 1
-86 -94 5 1
-82 -76 3 0
-82 -76 4 0
-74 -100 1 1
-76 -99 0 1
-76 -98 0 1
-98 -74 5 3
-92 -66 1 21
-97 -71 1 1
-98 -63 6 1
-99 -83 7 0
-90 -75 4 1
-86 -76 4 1
-76 -54 7 0
-59 -53 1 0
-83 -54 3 7
-83 -67 2 0
-100 -82 5 1
-77 -72 9 1
-54 -64 4 0
-53 -63 4 0
-73 -52 6 0
-78 -98 -1 1
-78 -99 1 17
-78 -99 0 1
-77 -99 -1 1
-83 -52 8 0
-82 -54 7 1
-82 -54 6 1
-81 -52 7 0
-81 -52 6 0
-97 -71 3 1
-88 -51 10 3
-79 -95 0 1
-51 -69 2 1
-51 -69 1 2
-52 -76 3 0
-53 -74 1 0
-52 -76 -1 1
-53 -76 -1 1
-83 -97 3 1
-83 -98 3 1
-84 -97 4 1
-84 -97 9 0
-84 -97 8 0
-83 -99 8 0
-83 -98 8 0
-52 -75 2 0
-51 -76 1 0
-77 -98 7 0
-77 -99 8 0
-77 -100 9 0
-97 -65 1 8
-58 -68 14 0
-56 -68 15 0
-56 -68 12 0
-56 -68 11 0
-78 -60 2 0
-89 -51 10 2
-90 -51 10 1
-62 -65 13 0
-62 -65 12 0
-57 -65 13 0
-98 -78 6 1
-98 -78 5 1
-84 -97 7 0
-75 -56 0 1
-75 -56 -1 1
-85 -51 8 0
-82 -56 1 3
-82 -72 4 0
-90 -64 7 1
-81 -57 0 1
-83 -68 1 1
-99 -74 4 2
-88 -95 7 0
-88 -95 6 0
-89 -95 7 0
-89 -95 6 0
-91 -95 7 0
-91 -95 6 0
-88 -92 7 0
-90 -86 2 0
-87 -67 1 7
-87 -67 2 22
-52 -61 4 0
-52 -60 4 0
-52 -60 5 0
-54 -61 4 0
-54 -61 5 0
-79 -55 2 6
-77 -56 3 5
-77 -56 2 5
-100 -68 6 1
-53 -63 5 0
-54 -63 5 0
-52 -64 4 0
-52 -62 6 0
-52 -62 2 1
-53 -63 1 1
-53 -62 1 2
-53 -61 1 1
-52 -63 1 1
-52 -62 1 1
-52 -61 1 1
-51 -63 1 1
-51 -62 1 1
-51 -61 1 1
-98 -73 2 1
-99 -72 2 1
-99 -73 2 1
-74 -55 7 0
-85 -52 1 1
-86 -51 1 1
-97 -66 -1 1
-84 -77 6 0
-89 -53 7 8
-89 -53 8 3
-79 -61 5 0
-77 -56 4 1000
-90 -62 9 1
-92 -91 6 0
-91 -61 9 1
-91 -62 9 1
-91 -63 9 1
-51 -74 15 0
-51 -74 13 0
-94 -77 5 0
-58 -52 2 0
-96 -87 0 3
-57 -55 3 0
-57 -55 4 0
-59 -53 0 1
-60 -54 -1 1
-60 -53 -1 1
-60 -52 -1 1
-77 -100 3 1
-58 -54 -1 1
-60 -51 3 0
-57 -54 4 0
-58 -53 0 1
-77 -51 0 1
-77 -51 -1 1
-66 -60 1 0
-65 -61 2 0
-66 -60 2 0
-81 -93 2 1
-85 -95 3 1
-85 -94 3 1
-85 -97 3 4
-86 -98 2 1
-86 -98 3 2
-74 -54 5 0
-74 -55 5 0
-90 -54 8 3
-92 -54 9 1
-81 -54 1 1
-84 -100 6 1
-84 -99 8 0
-84 -99 7 0
-85 -99 8 0
-86 -97 8 0
-85 -96 8 0
-84 -96 8 0
-83 -96 8 0
-97 -84 6 0
-86 -82 -3 1
-78 -57 1 1
-54 -79 1 3
-96 -76 3 1
-88 -85 0 0
-55 -79 1 1
-55 -79 0 1
-56 -79 2 1
-56 -79 1 4
-88 -85 -1 0
-53 -81 1 0
-51 -82 0 1
-52 -82 0 1
-52 -83 1 3
-53 -83 3 1
-62 -54 4 0
-62 -53 5 0
-62 -53 3 0
-97 -76 4 1
-97 -77 4 1
-59 -60 3 0
-59 -63 4 0
-59 -63 5 0
-59 -63 3 0
-91 -66 7 1
-99 -63 6 1
-95 -78 9 0
-82 -72 3 0
-82 -72 5 0
-82 -69 3 0
-53 -81 3 1
-53 -81 2 1
-53 -82 4 1
-73 -58 -1 1
-72 -51 2 0
-100 -68 8 1
-100 -67 7 25
-73 -64 4 0
-73 -64 1 0
-77 -53 1 1
-76 -51 1 4
-84 -53 7 1
-76 -51 -1 1
-72 -61 3 1
-86 -72 3 1
-91 -61 6 1000
-91 -61 7 1
-90 -61 5 1
-90 -61 6 7
-90 -61 7 1
-56 -61 3 0
-58 -59 4 0
-58 -59 3 0
-96 -68 -1 1
-73 -51 5 0
-73 -53 0 2
-72 -52 0 1
-74 -52 0 7
-75 -54 4 1
-78 -54 4 1
-79 -55 3 28
-98 -60 3 1
-86 -71 2 0
-86 -53 7 1
-85 -53 5 1
-85 -53 6 10
-82 -63 7 0
-82 -63 3 1
-81 -55 1 3
-72 -54 4 1
-88 -67 4 1
-69 -56 1 0
-74 -59 0 1
-74 -59 1 1
-97 -85 5 1
-97 -86 5 1
-83 -77 -3 1
-83 -78 -3 1
-83 -79 -3 1
-84 -77 -3 1
-62 -54 7 0
-57 -88 3 0
-54 -87 0 1
-55 -87 0 1
-55 -88 3 1
-56 -89 -1 1
-57 -89 -1 1
-82 -69 2 0
-58 -90 3 0
-58 -89 2 0
-58 -90 1 1
-58 -90 2 1
-55 -90 -1 1
-56 -90 -1 1
-57 -90 -1 1
-56 -91 0 3
-56 -91 4 0
-54 -91 4 1
-84 -57 7 1
-84 -56 5 1
-86 -57 7 1
-86 -54 5 1
-86 -54 7 1
-85 -55 6 1
-85 -55 7 1
-85 -54 5 6
-85 -54 6 1
-85 -54 7 1
-89 -54 5 1
-89 -54 6 1
-89 -54 7 1
-88 -54 5 1
-51 -62 5 0
-56 -90 1 1
-59 -53 4 0
-59 -53 5 0
-92 -70 3 1
-87 -70 -1 1
-100 -81 3 1
-99 -71 1 1
-80 -75 2 0
-53 -89 0 1
-80 -73 2 0
-81 -73 1 0
-70 -55 4 0
-70 -54 4 0
-70 -52 3 0
-69 -51 3 0
-69 -52 3 0
-68 -52 5 0
-68 -51 2 0
-78 -100 8 0
-79 -99 7 0
-57 -91 3 0
-56 -91 2 0
-54 -88 2 1
-54 -88 1 1
-54 -88 0 1
-55 -88 2 2
-55 -88 1 3
-55 -88 0 1
-56 -88 2 4
-56 -88 1 3
-96 -62 4 3
-56 -97 0 1
-54 -89 2 1
-54 -89 1 2
-54 -89 0 1
-56 -89 1 5
-56 -89 0 1
-56 -90 0 1
-53 -92 -1 1
-54 -92 -1 1
-55 -92 -1 1
-54 -93 0 1
-54 -93 4 1
-54 -93 3 1
-53 -95 1 0
-54 -97 0 1
-54 -98 0 1
-81 -75 4 0
-81 -75 7 0
-79 -76 6 0
-82 -73 5 0
-58 -93 0 1
-58 -94 0 1
-57 -93 1 1
-60 -55 4 0
-60 -58 3 0
-61 -56 1 0
-91 -90 3 1
-94 -64 7 2
-95 -64 7 1
-80 -64 5 0
-80 -64 6 0
-81 -62 5 0
-57 -92 3 1
-57 -92 2 1
-57 -92 1 1
-58 -92 3 1
-58 -92 2 1
-57 -93 2 1
-55 -92 2 1000
-55 -92 1 1
-56 -92 3 1
-56 -93 2 1
-56 -93 1 1
-56 -92 2 1000
-53 -90 2 1
-53 -90 1 1
-54 -90 2 1
-54 -90 1 4
-80 -74 1 0
-54 -68 13 0
-55 -70 14 0
-55 -69 15 0
-55 -69 12 0
-91 -64 3 1
-80 -56 7 1
-55 -69 11 0
-55 -69 13 0
-56 -67 13 0
-56 -66 13 0
-56 -67 14 0
-93 -69 2 7
-72 -62 -1 1
-71 -61 0 3
-92 -71 7 1
-77 -52 -1 1
-100 -93 7 0
-99 -91 5 0
-87 -70 6 0
-88 -69 6 1
-72 -67 2 0
-89 -73 3 3
-80 -55 6 0
-80 -55 7 0
-82 -52 -1 1
-82 -51 -1 1
-87 -68 3 1000
-88 -68 3 1000
-84 -63 3 16
-84 -64 2 1
-85 -63 3 6
-85 -64 3 19
-84 -63 0 4
-84 -64 1 1
-74 -64 5 0
-87 -90 3 0
-87 -90 2 0
-94 -64 3 1
-91 -91 1 1
-99 -75 1 1
-98 -76 1 1
-98 -75 1 1
-92 -66 9 1
-92 -65 9 1
-92 -64 9 1
-97 -77 6 1
-100 -66 8 1
-88 -73 5 0
-100 -66 7 1
-76 -55 -1 1
-86 -73 4 0
-88 -71 7 1
-92 -73 5 1
-91 -74 6 0
-92 -73 6 0
-75 -57 5 1
-77 -56 5 0
-97 -64 0 6
-74 -52 5 0
-74 -52 6 0
-74 -52 4 1
-75 -53 5 0
-75 -53 6 0
-95 -61 -1 1
-88 -56 6 7
-88 -56 7 1000
-74 -55 0 1
-74 -55 -1 1
-72 -53 3 2
-72 -53 2 1
-79 -80 3 1
-79 -81 3 1
-79 -82 3 1
-80 -82 3 1
-80 -53 7 0
-96 -76 2 1
-85 -74 4 0
-94 -86 8 0
-99 -93 3 0
-94 -87 8 0
-95 -87 8 0
-93 -87 9 0
-93 -87 6 0
-55 -91 0 1
-55 -91 3 1
-55 -91 2 1
-91 -58 5 1
-55 -91 1 2
-53 -81 -1 1
-53 -82 -1 1
-53 -83 -1 1
-54 -81 -1 1
-55 -81 -1 1
-54 -82 0 1
-54 -83 4 1
-53 -83 1 0
-53 -83 2 1
-54 -84 1 0
-54 -84 3 0
-55 -83 1 1
-57 -79 2 1
-57 -79 1 1
-57 -79 0 1
-57 -80 2 1
-57 -80 1 1
-57 -80 0 1
-62 -59 3 0
-84 -95 3 11
-81 -97 1 1000
-52 -79 2 1
-52 -79 1 1
-52 -79 0 1
-52 -80 2 1
-52 -80 1 1
-52 -80 0 1
-52 -81 0 1
-53 -79 2 1
-53 -79 1 1
-53 -79 0 2
-53 -80 0 3
-53 -80 1 1
-65 -54 5 0
-65 -54 4 0
-85 -83 4 1
-86 -81 4 1
-86 -82 4 1
-95 -81 9 0
-87 -82 4 1
-88 -60 5 1
-89 -59 7 1
-54 -94 0 1
-54 -94 4 0
-66 -60 6 0
-66 -60 7 0
-78 -59 4 1
-78 -59 8 0
-76 -60 6 0
-83 -70 3 0
-86 -70 5 0
-86 -69 5 0
-85 -70 4 0
-85 -70 5 0
-96 -63 5 2
-92 -58 4 1
-92 -57 7 5
-86 -72 1 2
-69 -53 3 0
-100 -75 11 0
-100 -75 12 0
-100 -75 10 0
-73 -53 1 2
-72 -52 1 1
-72 -52 -1 1
-70 -55 3 0
-68 -56 4 0
-55 -83 -1 1
-56 -83 -1 1
-55 -84 0 1
-55 -84 4 0
-56 -85 1 0
-57 -82 1 1
-56 -80 1 3
-56 -80 0 1
-54 -81 3 1
-54 -81 2 1
-54 -82 4 1
-54 -82 3 2
-55 -83 2 1
-54 -82 1 0
-52 -81 4 1
-52 -81 3 3
-52 -82 4 1
-52 -82 3 3
-89 -92 6 0
-87 -91 4 1
-90 -91 6 0
-88 -90 4 1
-88 -89 3 1
-88 -89 4 1
-88 -89 5 1
-93 -94 5 0
-91 -94 6 0
-90 -93 6 0
-66 -64 10 0
-65 -65 10 0
-64 -64 10 0
-65 -63 13 0
-96 -59 2 1
-65 -63 9 0
-65 -62 10 0
-66 -61 11 0
-66 -60 11 0
-66 -60 12 0
-66 -60 10 0
-68 -61 11 0
-68 -61 12 0
-68 -61 10 0
-67 -62 11 0
-68 -62 11 0
-68 -62 12 0
-68 -62 10 0
-68 -63 11 0
-68 -63 12 0
-68 -63 10 0
-75 -51 5 0
-84 -64 6 0
-88 -75 3 3
-88 -75 2 1
-81 -67 4 0
-100 -83 3 1
-68 -60 11 0
-68 -59 11 0
-68 -60 12 0
-68 -60 10 0
-68 -59 10 0
-69 -60 11 0
-69 -60 12 0
-69 -60 10 0
-76 -70 2 0
-100 -69 2 1
-78 -60 6 0
-77 -60 6 0
-77 -60 7 0
-82 -52 1 1
-92 -78 2 1
-90 -69 -1 1
-93 -79 5 0
-92 -61 8 1
-75 -67 0 0
-75 -67 1 0
-51 -99 2 0
-51 -99 3 0
-52 -100 2 1
-52 -100 3 1
-51 -94 0 1
-53 -96 3 0
-53 -96 2 0
-51 -100 -1 1
-51 -99 -1 1
-63 -54 7 0
-63 -55 6 0
-94 -76 8 0
-94 -76 3 3
-57 -52 3 0
-58 -52 4 0
-92 -65 3 1
-84 -70 1 1
-74 -57 -1 1
-75 -57 -1 1
-99 -92 3 0
-80 -95 3 5
-79 -97 3 1
-79 -96 3 5
-79 -95 3 2
-80 -93 -1 1
-80 -93 0 2
-80 -93 1 1
-82 -98 2 0
-83 -99 2 0
-81 -99 2 1
-83 -72 3 0
-82 -75 6 0
-97 -67 6 1
-80 -99 2 1000
-71 -60 1 0
-94 -62 1 1
-89 -64 8 1
-89 -63 8 1
-89 -63 9 1
-89 -62 8 2
-89 -66 8 1
-89 -65 8 1
-88 -61 9 1
-84 -51 9 0
-97 -59 3 1
-84 -73 1 1
-84 -73 0 1
-85 -73 2 1
-58 -60 3 0
-58 -62 5 0
-58 -63 4 0
-58 -63 3 0
-56 -63 3 0
-55 -63 3 0
-100 -91 -1 1
-99 -91 -1 1
-98 -91 -1 1
-84 -64 -1 1
-97 -59 -1 1
-97 -60 0 2
-93 -68 2 7
-76 -66 5 0
-73 -66 7 0
-75 -64 4 0
-78 -79 1 1
-77 -79 -1 1
-77 -79 0 1
-75 -52 4 0
-75 -55 4 1
-73 -55 4 1
-98 -62 1 3
-98 -62 2 12
-63 -59 4 0
-62 -59 4 0
-62 -59 5 0
-51 -98 2 0
-53 -100 2 2
-93 -60 5 1
-65 -57 7 0
-65 -57 6 0
-54 -100 1 1
-54 -100 2 1
-54 -100 3 1
-54 -99 1 1
-54 -99 2 1
-54 -99 3 1
-53 -99 1 1
-53 -99 2 1
-53 -99 3 1
-53 -100 4 1
-61 -52 6 0
-84 -93 5 1
-54 -100 4 1
-54 -100 5 1
-54 -99 4 1
-54 -99 5 1
-70 -63 3 1
-53 -100 5 1
-53 -99 4 1
-53 -99 5 1
-71 -62 3 2
-71 -62 2 1
-72 -62 4 1
-71 -63 3 4
-51 -100 0 1
-51 -99 0 1
-88 -88 2 0
-84 -94 3 1
-76 -53 0 11
-86 -53 6 14
-86 -53 5 1
-84 -97 -1 1
-84 -95 2 1000
-87 -72 4 0
-88 -72 5 0
-88 -72 4 1
-86 -63 3 1
-85 -56 7 1
-89 -69 5 1
-87 -70 8 1
-87 -70 9 1
-77 -73 9 1
-99 -58 2 1
-100 -62 2 3
-100 -62 1 2
-64 -57 0 0
-94 -58 7 2
-94 -69 2 3
-76 -73 2 0
-71 -57 3 0
-51 -64 4 0
-99 -96 4 0
-96 -68 5 10
-82 -77 5 0
-83 -76 5 0
-52 -84 2 1
-51 -85 1 1
-51 -85 2 1
-51 -85 3 1
-51 -84 1 1
-51 -84 2 1
-51 -84 3 1
-51 -83 1 2
-51 -83 2 1
-51 -83 3 1
-54 -84 2 0
-53 -84 3 0
-52 -84 1 1
-52 -85 0 1
-52 -84 0 1
-52 -83 0 1
-51 -85 0 1
-51 -84 0 1
-51 -83 0 1
-54 -82 2 0
-53 -82 3 5
-54 -81 4 1
-100 -92 7 0
-92 -87 2 0
-91 -88 3 1
-91 -88 2 0
-98 -93 4 0
-98 -93 5 0
-91 -84 2 0
-89 -85 1 0
-89 -76 3 2
-87 -76 4 0
-100 -88 4 2
-98 -61 -1 1
-98 -60 -1 1
-100 -65 1 1
-100 -65 0 1
-100 -65 -1 1
-84 -60 6 1
-88 -80 4 1
-77 -96 10 1
-95 -89 6 0
-69 -63 5 0
-58 -55 3 0
-86 -55 7 1
-89 -55 5 1
-89 -55 6 1
-89 -55 7 1
-88 -55 5 1
-73 -51 2 0
-98 -71 4 1001
-99 -71 6 1
-88 -55 7 1
-82 -54 2 2
-80 -58 4 7
-80 -58 5 9
-80 -55 5 1
-87 -97 7 0
-62 -62 3 0
-62 -62 5 0
-88 -91 3 1
-83 -94 0 2
-99 -88 4 5
-89 -51 6 2
-75 -51 -1 1
-75 -51 7 0
-92 -76 4 0
-91 -77 4 1
-100 -99 5 0
-100 -99 4 0
-90 -52 6 1
-63 -61 5 0
-89 -64 5 1
-74 -67 2 0
-74 -67 3 0
-74 -66 2 0
-89 -73 0 1
-74 -65 5 0
-95 -87 2 0
-86 -62 2 1
-86 -92 4 1
-88 -90 3 1
-85 -68 6 0
-88 -76 5 0
-88 -79 4 1
-88 -80 3 2
-83 -60 4 6
-87 -72 -1 1
-90 -56 6 1
-95 -75 2 1
-95 -75 3 1
-81 -51 -1 1
-90 -56 5 1
-83 -51 -1 1
-96 -67 3 2
-100 -66 1 1
-99 -62 3 1
-95 -85 2 1
-95 -86 3 1
-81 -75 0 0
-81 -75 -1 0
-63 -60 3 0
-95 -69 8 0
-99 -71 2 1
-96 -70 0 1
-96 -65 0 9
-96 -64 -1 1
-96 -64 0 14
-85 -53 7 1
-95 -69 7 0
-77 -54 2 1
-66 -62 5 0
-66 -61 6 0
-57 -51 4 0
-78 -56 5 0
-88 -83 3 2
-81 -52 5 0
-85 -54 4 1
-100 -75 3 1
-74 -54 3 6
-72 -56 5 0
-76 -70 4 0
-89 -52 12 1
-89 -52 11 1
-90 -51 8 1
-92 -51 8 1
-91 -51 10 1
-76 -56 2 1
-82 -55 -1 1
-98 -64 1 12
-99 -65 2 2
-84 -71 3 1
-97 -62 4 1
-97 -61 4 1
-96 -63 4 2
-82 -66 3 0
-79 -61 0 1
-79 -61 1 1
-84 -54 5 4
-96 -64 2 1
-91 -60 6 4
-89 -75 3 2
-100 -86 3 11
-98 -82 7 0
-97 -82 7 0
-97 -82 6 0
-98 -81 9 0
-98 -81 5 0
-90 -72 2 5
-90 -76 3 2
-77 -66 3 0
-74 -69 2 0
-92 -89 3 1
-92 -89 5 1
-92 -69 2 2
-92 -69 3 5
-91 -69 1 18
-97 -71 7 0
-65 -62 3 0
-64 -62 5 0
-90 -70 3 11
-65 -58 0 0
-99 -79 0 1
-99 -80 0 1
-100 -79 0 1
-73 -59 -1 1
-81 -67 2 0
-73 -59 4 0
-71 -59 4 0
-83 -74 7 0
-82 -74 7 0
-80 -73 7 0
-79 -72 7 0
-78 -71 7 0
-82 -60 1 3
-86 -59 5 1
-81 -92 0 1
-82 -91 2 1
-82 -91 1 1
-82 -91 0 1
-82 -92 0 1
-83 -91 0 1
-82 -92 1 2
-87 -82 -3 1
-88 -92 2 0
-87 -84 -3 1
-86 -83 -2 1
-91 -93 2 0
-81 -51 0 2
-81 -57 6 8
-74 -54 6 0
-74 -55 6 0
-92 -71 6 2
-88 -82 0 0
-87 -52 11 1
-88 -52 13 1
-88 -52 12 1
-88 -52 11 1
-91 -92 5 1000
-91 -91 3 1
-91 -91 4 4
-70 -61 1 0
-71 -65 3 1
-72 -60 3 1
-75 -66 3 0
-69 -63 -1 1
-76 -71 2 0
-77 -71 2 0
-62 -54 1 0
-91 -68 8 1
-79 -54 1 1
-76 -69 6 0
-96 -67 4 1
-78 -99 5 1
-87 -98 1 1
-69 -64 4 2
-58 -52 0 2
-96 -60 0 1
-98 -59 -1 1
-84 -65 -1 1
-78 -67 2 0
-73 -59 0 1
-88 -51 11 2
-88 -51 12 2
-79 -58 7 0
-79 -58 5 1
-85 -82 -3 1
-85 -81 -3 1
-84 -85 1 1
-88 -65 0 1
-82 -71 3 0
-91 -54 10 1
-91 -53 9 1
-88 -90 2 0
-74 -53 4 1
-84 -83 2 2
-85 -80 -1 0
-85 -80 0 0
-100 -87 1 1
-95 -61 6 1
-81 -59 -1 1
-81 -59 0 2
-81 -59 1 1
-81 -58 -1 1
-81 -58 0 5
-73 -55 0 1
-72 -60 8 0
-73 -60 8 0
-75 -58 8 0
-75 -58 10 0
-75 -58 9 0
-74 -58 8 0
-74 -58 9 0
-73 -56 8 0
-82 -52 11 0
-72 -57 8 0
-71 -58 8 0
-72 -58 8 0
-73 -59 7 0
-73 -59 8 0
-73 -59 11 0
-73 -61 8 0
-74 -60 8 0
-74 -60 10 0
-74 -60 9 0
-74 -59 8 0
-75 -59 9 0
-74 -57 8 0
-74 -57 10 0
-74 -57 9 0
-73 -57 8 0
-73 -57 10 0
-73 -57 9 0
-71 -57 8 0
-71 -57 10 0
-71 -57 9 0
-71 -59 8 0
-74 -59 10 0
-72 -59 7 0
-72 -59 8 0
-72 -59 11 0
-73 -61 9 0
-73 -59 10 0
-74 -59 9 0
-73 -59 9 0
-73 -58 10 0
-73 -58 9 0
-72 -57 10 0
-72 -57 9 0
-71 -60 8 0
-71 -60 9 0
-71 -60 12 0
-70 -61 9 0
-71 -62 9 0
-71 -61 9 0
-72 -61 9 0
-72 -61 11 0
-73 -60 9 0
-72 -60 9 0
-73 -60 11 0
-73 -60 10 0
-72 -58 9 0
-72 -59 9 0
-72 -58 11 0
-72 -58 10 0
-71 -58 9 0
-71 -59 9 0
-71 -58 11 0
-71 -58 10 0
-70 -58 9 0
-70 -59 9 0
-69 -58 10 0
-69 -60 9 0
-70 -60 8 0
-72 -61 10 0
-72 -60 10 0
-72 -59 10 0
-64 -63 9 0
-64 -63 10 0
-64 -63 13 0
-65 -65 12 0
-65 -64 12 0
-65 -65 11 0
-66 -63 12 0
-66 -63 11 0
-65 -62 12 0
-65 -63 12 0
-65 -62 11 0
-65 -63 11 0
-64 -62 12 0
-97 -62 -1 1
-97 -63 1 3
-91 -77 6 0
-91 -77 5 0
-91 -76 6 0
-88 -60 8 1
-85 -69 4 0
-58 -65 14 0
-68 -52 3 0
-88 -78 5 0
-90 -81 5 0
-88 -81 6 0
-77 -100 8 0
-77 -100 7 1
-81 -69 5 0
-78 -100 3 1
-98 -97 3 0
-91 -86 -3 1
-76 -58 0 0
-80 -59 5 1
-83 -58 5 1
-83 -58 6 1
-92 -92 3 1
-78 -58 3 1
-78 -58 2 1
-80 -56 3 2
-78 -53 1 1
-78 -53 0 3
-78 -53 -1 1
-82 -65 5 0
-97 -83 1 1
-81 -100 9 0
-60 -66 11 0
-89 -96 6 0
-61 -52 4 0
-59 -52 5 0
-60 -52 5 0
-81 -100 8 0
-79 -98 8 0
-79 -98 7 0
-79 -100 8 0
-79 -100 7 1
-85 -73 -1 1
-86 -66 2 15
-83 -52 4 1
-93 -63 1 2
-93 -63 0 1
-81 -72 4 0
-82 -53 2 14
-84 -84 -3 1
-82 -86 0 1
-83 -86 2 1
-83 -86 1 1
-85 -85 0 0
-86 -64 3 2
-89 -64 6 1
-68 -65 3 1
-85 -61 2 1
-79 -63 7 0
-98 -94 4 0
-88 -66 -1 1
-94 -65 0 21
-67 -64 3 1
-67 -64 4 1
-85 -66 5 0
-66 -69 2 0
-66 -69 3 0
-66 -69 1 0
-66 -72 1 0
-64 -72 3 0
-88 -53 10 1
-88 -53 9 1
-88 -52 8 1
-88 -53 8 1
-91 -52 9 1
-91 -52 7 1
-82 -63 4 0
-96 -60 2 1
-81 -62 8 0
-68 -51 3 0
-68 -51 6 0
-67 -53 5 0
-67 -53 4 0
-68 -53 5 0
-68 -53 4 0
-70 -53 3 0
-70 -53 4 0
-69 -52 4 0
-73 -56 4 1
-67 -51 4 0
-76 -51 2 10
-100 -67 9 1
-98 -67 8 1
-83 -54 6 1
-99 -82 1 1
-99 -83 1 1
-51 -60 4 0
-53 -61 4 0
-53 -61 5 0
-53 -62 4 0
-53 -62 5 0
-53 -88 0 1
-53 -88 1 1
-53 -88 2 1
-53 -64 5 0
-56 -87 2 1
-56 -87 3 1
-57 -87 0 2
-57 -87 2 0
-57 -87 3 0
-57 -87 1 1
-59 -89 2 0
-59 -89 1 0
-57 -89 4 0
-60 -71 1 1
-83 -85 0 1
-60 -71 2 1
-60 -71 3 1
-60 -70 1 1
-60 -70 2 1
-60 -70 3 1
-60 -69 1 1
-60 -69 2 1
-60 -69 3 1
-62 -70 3 0
-68 -58 5 0
-62 -71 0 1
-61 -71 0 1
-67 -57 4 0
-67 -57 5 0
-61 -70 0 1
-61 -70 1 1
-61 -69 0 1
-61 -69 1 1
-61 -69 2 2
-64 -68 2 1000
-64 -68 3 0
-65 -68 2 0
-65 -71 1 0
-64 -70 3 0
-64 -70 4 0
-64 -70 0 1
-65 -69 -1 1
-64 -69 -1 1
-63 -69 -1 1
-88 -75 6 0
-87 -74 2 1
-91 -67 4 1
-91 -68 6 1
-86 -64 4 1
-85 -71 5 0
-83 -54 4 1
-100 -90 7 0
-100 -90 6 0
-75 -54 8 0
-56 -51 -1 1
-56 -52 -1 1
-56 -51 0 1
-93 -56 5 1
-89 -68 3 1000
-62 -61 3 0
-75 -58 4 1
-87 -71 5 0
-79 -99 3 2
-78 -98 2 17
-78 -98 1 4
-78 -98 0 1
-99 -80 1 2
-93 -56 6 1
-93 -66 2 10
-90 -66 -1 1
-81 -58 2 1
-66 -56 4 0
-66 -56 5 0
-66 -55 5 0
-65 -55 4 0
-65 -55 5 0
-64 -67 3 0
-65 -68 3 0
-80 -64 2 1
-64 -69 4 1
-64 -69 0 1
-63 -52 4 0
-63 -52 5 0
-63 -68 -1 1
-63 -51 5 0
-89 -58 9 0
-97 -66 4 1
-97 -66 5 1
-81 -79 1 1
-81 -79 2 1
-81 -78 3 1
-83 -78 -2 1
-82 -79 -3 1
-76 -100 6 2
-96 -80 3 1
-62 -68 3 0
-62 -67 2 0
-62 -67 3 0
-64 -66 2 0
-64 -66 3 0
-65 -67 3 0
-66 -68 2 0
-64 -68 4 3
-65 -69 5 1
-65 -68 5 1
-65 -67 5 1
-64 -69 5 1
-64 -68 5 1
-64 -67 5 1
-63 -69 5 1
-80 -74 0 0
-63 -67 5 1
-90 -61 8 1
-95 -57 8 1
-93 -55 5 1
-82 -75 1 0
-91 -66 0 15
-89 -79 5 0
-91 -68 9 1
-85 -65 3 3
-92 -67 8 1
-96 -63 2 3
-99 -68 6 1
-78 -75 6 0
-77 -96 1 1
-78 -99 9 0
-84 -77 8 0
-81 -96 4 1
-80 -96 4 1
-90 -51 13 1
-90 -51 12 1
-88 -82 2 2
-70 -63 -1 1