DAV_OBMAP v3 cell_size=10
-180 -288 20 0
-179 -288 20 0
-174 -289 22 0
-174 -288 21 0
-175 -288 21 0
-180 -283 22 0
-179 -284 21 0
-179 -285 21 0
-179 -291 22 0
-178 -289 20 0
-174 -285 23 0
-181 -286 23 0
-180 -287 22 0
-176 -290 23 0
-176 -289 22 0
-177 -288 20 0
-178 -285 22 0
-179 -289 24 0
-179 -288 23 0
-179 -288 22 0
-178 -288 21 0
-176 -287 24 0
-177 -287 23 0
-177 -287 22 0
-178 -289 17 0
-181 -285 16 0
-181 -289 17 0
-180 -288 18 0
-179 -287 19 0
-180 -283 18 0
-177 -291 18 0
-177 -290 19 0
-177 -289 19 0
-182 -286 19 0
-173 -290 19 0
-178 -281 20 0
-178 -282 20 0
-180 -290 20 0
-181 -284 20 0
-180 -285 20 0
-176 -291 21 0
-176 -290 21 0
-176 -289 20 0
-197 -276 13 0
-192 -279 13 0
-155 -265 9 1
-156 -256 8 2
-154 -251 10 1
-154 -251 11 1
-197 -257 14 0
-192 -259 14 0
-198 -260 15 0
-198 -260 14 0
-200 -269 14 0
-195 -258 15 0
-197 -262 16 0
-196 -262 15 0
-194 -261 16 0
-194 -261 15 0
-200 -282 15 0
-192 -294 16 0
-193 -294 17 0
-193 -294 18 0
-195 -295 16 1
-195 -295 17 0
-194 -295 19 0
-191 -296 16 0
-191 -296 17 0
-192 -295 18 0
-194 -293 19 0
-197 -293 18 0
-196 -294 18 0
-191 -298 18 0
-192 -297 19 0
-192 -290 18 0
-190 -271 3 1
-189 -271 3 1
-188 -271 3 1
-187 -270 3 1
-186 -270 3 1
-187 -270 12 0
-185 -271 9 0
-191 -268 8 0
-190 -272 7 1
-191 -269 6 1
-189 -271 7 1
-192 -267 5 1
-185 -271 4 1
-192 -272 5 1
-193 -267 5 1
-192 -269 3 1
-190 -269 6 1
-190 -270 6 1
-191 -271 3 1
-191 -271 4 2
-166 -286 18 0
-165 -286 18 0
-165 -286 19 0
-167 -281 18 0
-168 -286 17 0
-168 -287 17 0
-168 -288 17 0
-168 -288 18 0
-167 -289 18 0
-165 -284 17 0
-164 -284 17 0
-170 -287 17 0
-187 -267 7 0
-185 -273 5 1
-185 -273 6 2
-185 -273 7 1
-185 -272 5 1
-185 -272 6 1
-185 -272 7 1
-185 -271 5 1
-185 -271 6 2
-184 -273 5 1
-184 -273 6 1
-193 -252 22 0
-194 -264 6 0
-195 -264 2 1
-199 -254 20 1
-192 -252 19 0
-195 -265 2 1
-195 -266 4 1
-195 -266 3 2
-195 -266 2 1
-198 -256 39 0
-197 -255 39 0
-191 -261 3 2
-191 -261 4 1
-191 -260 2 1
-191 -260 3 2
-187 -251 5 0
-187 -251 10 0
-188 -251 11 0
-176 -252 11 0
-190 -266 5 1
-190 -265 5 1
-175 -256 10 0
-189 -266 5 2
-189 -265 5 1
-189 -264 5 1
-185 -255 9 0
-187 -255 7 1
-184 -253 2 1
-184 -252 2 1
-183 -253 2 1
-191 -271 17 0
-191 -272 17 0
-197 -269 17 0
-198 -269 16 0
-199 -269 16 0
-192 -267 16 0
-192 -266 16 0
-191 -265 16 0
-194 -271 16 0
-195 -272 16 0
-195 -273 16 0
-195 -274 16 0
-196 -267 16 0
-158 -257 11 1
-158 -256 11 0
-200 -259 5 0
-159 -263 10 1
-153 -264 9 2
-154 -265 8 1
-154 -265 9 1
-154 -265 10 2
-200 -257 5 0
-154 -264 9 1
-154 -264 10 2
-153 -265 8 1
-153 -265 9 1
-153 -265 10 1
-153 -264 8 1
-153 -264 10 2
-153 -263 8 2
-152 -265 8 1
-152 -265 9 2
-195 -270 15 0
-152 -264 10 1
-179 -275 13 0
-176 -280 12 0
-185 -285 8 1
-185 -285 9 2
-185 -285 10 2
-185 -284 8 1
-185 -284 9 2
-185 -284 10 1
-184 -286 8 1
-184 -286 9 1
-184 -286 10 1
-183 -286 8 1
-183 -286 9 2
-183 -286 10 1
-182 -284 11 1
-179 -285 9 1
-181 -282 11 0
-182 -281 10 1
-183 -281 9 2
-181 -285 9 1
-180 -282 7 1
-174 -281 7 1
-174 -282 7 1
-174 -283 7 1
-194 -274 5 1
-164 -258 13 0
-165 -258 14 0
-166 -257 15 0
-194 -254 14 0
-194 -253 14 0
-194 -253 15 0
-193 -258 15 0
-196 -252 13 0
-199 -257 13 0
-198 -253 12 0
-187 -256 9 1
-188 -257 10 0
-151 -252 18 0
-152 -251 16 0
-199 -253 34 2
-198 -253 35 0
-182 -263 6 0
-183 -256 6 1
-186 -258 3 1
-183 -257 7 0
-197 -251 35 2
-178 -263 4 2
-178 -263 5 1
-178 -262 3 1
-178 -262 4 2
-195 -276 8 1
-192 -270 20 0
-163 -261 9 2
-199 -269 22 0
-198 -268 22 0
-195 -253 5 0
-190 -256 3 2
-190 -257 4 1
-190 -257 3 1
-190 -258 5 1
-190 -258 4 1
-190 -258 3 1
-191 -258 5 2
-195 -265 17 0
-199 -264 31 0
-194 -264 23 0
-191 -258 4 1
-198 -261 31 0
-196 -260 31 0
-195 -260 31 0
-196 -261 29 0
-196 -262 29 0
-200 -259 29 0
-196 -258 28 0
-200 -265 28 0
-185 -266 7 0
-200 -256 11 0
-155 -261 10 1
-156 -257 7 1
-156 -257 8 2
-156 -257 9 1
-191 -257 10 0
-200 -271 11 2
-175 -274 16 0
-175 -274 15 0
-174 -274 15 0
-176 -300 14 0
-200 -257 35 0
-197 -259 36 0
-200 -258 37 0
-175 -299 8 1
-175 -299 7 1
-175 -299 6 1
-175 -300 8 1
-175 -300 7 1
-172 -276 9 2
-177 -270 13 0
-176 -270 12 0
-175 -275 7 1
-186 -281 16 0
-190 -259 12 0
-168 -271 23 0
-162 -273 23 0
-159 -272 23 0
-164 -271 22 0
-164 -270 22 0
-164 -269 22 0
-197 -274 19 0
-198 -269 18 0
-200 -272 18 0
-199 -272 18 0
-199 -267 15 0
-199 -270 16 0
-199 -276 18 0
-196 -275 19 0
-197 -272 20 0
-197 -272 19 0
-200 -269 17 0
-199 -277 18 0
-198 -276 17 0
-196 -275 18 0
-186 -292 20 0
-186 -291 21 0
-187 -291 21 0
-180 -293 20 0
-184 -294 20 0
-186 -297 20 0
-185 -293 20 0
-188 -293 19 1
-199 -274 19 0
-183 -295 19 0
-183 -296 19 0
-183 -297 19 0
-183 -298 19 0
-185 -291 19 0
-186 -290 19 0
-178 -294 18 0
-185 -294 19 1
-185 -295 19 1
-186 -295 18 1
-187 -296 18 0
-181 -297 17 0
-186 -292 17 2
-187 -293 16 1
-187 -293 17 1
-187 -293 18 1
-187 -292 16 1
-187 -292 17 2
-187 -292 18 2
-187 -291 16 1
-187 -291 17 1
-187 -291 18 1
-186 -293 16 1
-186 -293 17 2
-199 -295 9 1
-199 -295 10 1
-199 -294 8 1
-192 -253 9 0
-192 -253 10 0
-192 -253 11 0
-190 -273 17 0
-194 -261 14 0
-196 -254 6 0
-169 -300 10 0
-172 -299 12 0
-159 -269 10 1
-159 -268 10 1
-195 -278 11 0
-194 -278 10 0
-196 -252 37 2
-197 -253 36 1
-197 -253 37 1
-198 -277 9 1
-187 -268 15 0
-191 -274 14 0
-196 -276 13 0
-165 -300 12 0
-200 -270 12 1
-199 -272 12 1
-199 -272 13 1
-191 -269 18 0
-195 -274 17 0
-194 -273 16 0
-193 -274 16 0
-169 -299 13 0
-169 -300 13 0
-191 -270 16 0
-199 -290 11 0
-196 -277 12 0
-179 -278 12 0
-180 -278 13 0
-181 -277 13 0
-174 -282 12 0
-186 -267 4 2
-185 -268 6 1
-186 -268 7 0
-189 -270 7 1
-185 -271 7 1
-170 -276 12 2
-199 -269 10 1
-199 -269 9 2
-199 -270 10 1
-176 -271 12 0
-199 -270 8 2
-199 -271 10 1
-199 -271 9 2
-199 -271 8 2
-160 -287 18 0
-160 -286 17 0
-161 -286 17 0
-162 -286 16 0
-165 -282 18 0
-165 -283 17 0
-165 -289 19 0
-165 -288 18 0
-164 -288 17 0
-164 -287 17 0
-161 -283 19 0
-161 -284 18 0
-162 -284 18 0
-167 -285 19 0
-166 -285 18 0
-162 -288 19 0
-162 -287 19 0
-163 -286 16 0
-164 -283 20 0
-165 -287 20 0
-164 -286 16 0
-163 -285 20 0
-163 -285 19 0
-163 -285 18 0
-163 -285 17 0
-164 -285 17 0
-165 -285 13 0
-180 -264 11 0
-182 -267 10 0
-179 -266 8 0
-169 -273 18 1
-175 -273 18 0
-169 -279 19 1
-169 -279 18 2
-170 -279 19 1
-170 -279 18 1
-171 -277 19 1
-171 -278 19 1
-171 -279 19 1
-171 -279 18 1
-169 -271 19 0
-175 -277 19 0
-173 -276 18 0
-172 -272 19 0
-172 -274 18 0
-172 -279 20 0
-172 -277 19 1
-168 -273 20 1
-174 -275 20 0
-173 -275 19 0
-169 -278 21 1
-171 -272 21 0
-170 -275 22 1
-183 -270 6 1
-184 -278 7 1
-184 -278 8 1
-184 -278 9 1
-163 -276 18 1
-157 -272 18 0
-159 -278 19 0
-160 -277 19 0
-160 -276 19 0
-157 -275 20 0
-199 -273 10 1
-200 -273 11 1
-197 -272 11 2
-187 -255 2 1
-185 -254 2 1
-185 -254 3 1
-157 -252 12 0
-193 -271 8 2
-195 -273 6 1
-194 -271 8 2
-169 -273 24 0
-170 -272 25 0
-166 -276 23 0
-165 -276 24 0
-164 -277 24 0
-164 -277 25 0
-166 -272 24 0
-175 -277 9 1
-175 -277 8 2
-152 -263 11 1
-196 -278 14 0
-200 -260 38 0
-200 -262 36 0
-200 -258 34 0
-197 -258 33 0
-200 -261 32 0
-185 -251 12 0
-184 -252 13 0
-199 -256 32 0
-200 -259 33 0
-200 -259 32 0
-195 -263 8 0
-184 -253 10 0
-173 -275 18 0
-174 -274 20 0
-171 -277 18 1
-172 -278 19 1
-172 -273 18 0
-173 -271 19 0
-167 -277 19 1
-167 -276 19 1
-167 -275 19 1
-174 -276 18 0
-169 -272 18 0
-169 -271 18 0
-171 -278 18 2
-171 -276 18 1
-168 -274 18 1
-196 -275 14 0
-190 -272 15 0
-191 -272 15 0
-192 -272 14 0
-193 -277 15 0
-194 -277 15 0
-194 -276 15 0
-199 -275 16 0
-198 -274 16 0
-191 -274 16 0
-181 -256 5 1
-181 -256 4 2
-181 -256 3 2
-181 -257 5 1
-182 -255 5 2
-182 -256 5 1
-182 -257 5 1
-183 -255 5 2
-191 -252 2 1
-200 -272 16 0
-200 -271 15 0
-200 -259 27 0
-197 -270 14 0
-199 -272 16 0
-200 -273 17 0
-199 -261 28 0
-190 -285 10 1
-191 -254 6 1
-190 -256 5 2
-195 -276 16 0
-180 -261 7 0
-180 -262 7 0
-182 -256 7 0
-183 -255 7 0
-183 -254 7 1
-178 -258 7 0
-179 -254 6 1
-178 -262 5 1
-183 -257 6 1
-171 -263 7 1
-171 -263 8 1
-171 -262 6 1
-171 -262 7 1
-153 -274 10 1
-153 -273 8 1
-153 -273 9 2
-153 -273 10 1
-157 -278 8 1
-157 -277 8 1
-156 -278 8 1
-156 -278 9 1
-156 -278 10 1
-156 -277 8 2
-155 -278 8 1
-155 -278 9 1
-155 -278 10 1
-155 -277 8 1
-155 -277 9 1
-155 -277 10 1
-192 -253 40 0
-195 -253 41 0
-161 -254 15 0
-162 -254 13 0
-163 -253 13 0
-165 -255 12 0
-161 -252 11 0
-164 -253 9 0
-164 -274 20 2
-164 -274 21 1
-164 -274 22 1
-164 -273 20 2
-164 -273 21 1
-196 -299 19 0
-197 -300 19 0
-198 -295 19 0
-199 -294 19 0
-199 -293 18 0
-199 -299 18 0
-196 -298 19 0
-195 -299 18 0
-195 -300 18 0
-194 -300 17 0
-198 -296 19 0
-199 -296 18 0
-199 -296 17 1
-195 -296 18 0
-197 -299 18 0
-198 -300 16 1
-197 -295 18 0
-197 -295 17 0
-195 -297 17 0
-194 -298 16 0
-198 -297 17 1
-198 -297 15 2
-196 -296 17 1
-165 -275 24 0
-165 -275 25 0
-164 -275 27 0
-165 -273 26 0
-165 -272 26 0
-165 -276 25 0
-169 -274 26 0
-165 -274 23 0
-163 -273 25 0
-162 -273 26 0
-162 -276 24 0
-162 -276 25 0
-165 -273 23 0
-164 -272 23 0
-165 -277 23 0
-164 -279 24 0
-170 -272 23 0
-164 -274 23 0
-166 -272 22 1
-166 -271 22 0
-166 -270 22 0
-189 -285 17 0
-169 -275 20 1
-172 -276 20 0
-171 -274 17 0
-171 -273 18 0
-171 -272 19 0
-174 -274 19 0
-167 -277 18 1
-200 -253 4 2
-183 -293 15 0
-198 -283 8 2
-198 -283 9 1
-198 -283 10 1
-198 -282 8 2
-198 -282 9 1
-198 -282 10 1
-198 -281 11 0
-198 -282 11 0
-198 -278 10 0
-199 -277 9 1
-195 -281 8 2
-196 -282 7 1
-196 -282 8 1
-196 -282 9 1
-196 -281 7 1
-196 -281 8 1
-200 -269 5 1
-173 -268 14 0
-196 -280 8 1
-196 -280 9 1
-195 -282 7 1
-196 -295 15 1
-185 -269 4 1
-187 -269 5 2
-185 -267 6 1
-182 -272 7 1
-182 -272 6 1
-182 -272 5 1
-183 -272 7 1
-183 -272 6 1
-179 -269 7 1
-184 -267 7 0
-182 -269 8 1
-182 -268 8 0
-179 -268 10 0
-181 -267 8 0
-184 -269 10 0
-181 -269 11 0
-199 -261 17 0
-184 -267 9 0
-182 -266 11 0
-185 -266 4 1
-185 -266 3 1
-185 -267 4 2
-185 -267 3 1
-153 -274 9 1
-153 -274 8 1
-153 -275 10 1
-153 -275 9 1
-153 -275 8 1
-161 -269 13 0
-158 -266 14 0
-164 -260 14 0
-159 -262 15 0
-160 -267 15 0
-162 -262 16 0
-162 -262 15 0
-164 -266 16 0
-161 -264 15 0
-171 -299 14 0
-171 -300 13 0
-175 -300 15 0
-170 -300 11 0
-174 -299 12 0
-174 -300 12 0
-198 -258 36 0
-158 -275 13 0
-159 -275 14 0
-162 -271 13 1
-161 -271 14 1
-162 -277 14 0
-161 -275 15 1
-157 -272 14 0
-158 -273 15 0
-159 -273 16 0
-158 -277 15 0
-196 -267 18 0
-197 -268 16 0
-195 -267 19 0
-195 -267 18 0
-195 -266 17 0
-188 -271 11 0
-187 -272 11 0
-187 -272 12 0
-190 -269 10 0
-187 -269 10 0
-186 -270 10 0
-185 -271 10 0
-189 -271 10 0
-200 -257 40 0
-200 -257 41 0
-192 -272 7 2
-194 -270 15 0
-194 -271 15 0
-196 -265 29 0
-197 -264 29 0
-198 -263 29 0
-193 -272 14 0
-193 -273 14 0
-192 -273 13 0
-196 -269 15 0
-195 -260 30 0
-169 -268 11 0
-171 -267 10 0
-172 -267 10 0
-173 -266 9 0
-171 -270 9 2
-172 -271 8 1
-172 -271 9 2
-172 -271 10 1
-172 -270 8 1
-172 -270 9 2
-159 -260 12 0
-158 -260 12 0
-196 -252 33 0
-199 -253 32 2
-198 -253 33 0
-199 -266 25 0
-183 -282 13 0
-198 -252 6 1
-158 -258 17 0
-158 -258 16 0
-196 -266 25 0
-197 -265 25 0
-185 -264 3 2
-185 -264 2 1
-186 -262 4 1
-186 -262 3 2
-186 -262 2 1
-186 -263 2 1
-193 -253 35 0
-193 -252 36 1
-194 -252 39 0
-191 -252 38 0
-197 -279 14 0
-196 -278 18 0
-196 -278 16 0
-195 -251 38 1
-195 -251 36 1
-195 -252 38 1
-171 -299 10 0
-168 -300 11 0
-170 -299 14 0
-170 -300 14 0
-174 -300 15 0
-188 -251 13 0
-200 -264 11 0
-198 -264 11 0
-176 -274 14 0
-172 -276 16 0
-187 -266 12 0
-187 -264 12 0
-167 -270 13 1
-188 -264 12 0
-166 -262 13 0
-167 -264 13 0
-187 -267 10 0
-200 -269 4 1
-187 -266 10 0
-156 -286 16 0
-157 -286 16 0
-161 -281 18 0
-160 -282 17 0
-160 -283 17 0
-160 -289 18 0
-159 -288 17 0
-159 -287 17 0
-155 -283 18 0
-187 -255 12 0
-188 -259 13 0
-189 -258 11 0
-189 -257 14 0
-189 -261 10 0
-189 -259 13 0
-189 -256 2 1
-177 -261 5 1
-179 -257 7 0
-177 -257 6 0
-162 -273 27 0
-165 -274 26 0
-163 -272 24 0
-163 -272 25 0
-163 -271 26 0
-163 -270 27 0
-162 -275 25 0
-161 -276 26 0
-161 -272 24 0
-160 -271 26 0
-165 -270 24 0
-165 -269 25 0
-160 -274 24 0
-159 -275 25 0
-162 -271 23 0
-176 -259 4 1
-176 -259 5 2
-176 -258 3 1
-176 -258 4 1
-176 -258 5 1
-178 -258 6 0
-180 -300 11 0
-177 -284 11 2
-178 -278 11 0
-180 -276 10 0
-179 -281 11 0
-180 -283 10 1
-176 -277 10 0
-176 -276 10 0
-176 -284 10 1
-176 -283 10 1
-176 -282 10 1
-175 -284 8 2
-175 -284 9 1
-175 -284 10 1
-175 -283 8 1
-186 -288 15 1
-187 -290 16 0
-186 -284 15 0
-187 -284 15 0
-187 -283 16 0
-188 -282 16 0
-181 -288 16 0
-187 -287 14 1
-190 -288 16 1
-185 -288 14 0
-185 -289 14 1
-184 -290 15 0
-151 -258 8 1
-151 -257 8 1
-151 -257 7 1
-153 -255 8 2
-153 -255 7 1
-157 -255 10 1
-155 -256 11 0
-183 -251 14 0
-186 -251 16 0
-190 -251 16 0
-200 -259 41 0
-189 -257 2 1
-200 -257 42 0
-199 -259 41 0
-197 -260 37 0
-199 -262 38 0
-199 -261 38 0
-196 -259 39 0
-199 -257 17 0
-198 -260 17 0
-190 -287 14 1
-190 -287 15 1
-191 -287 16 0
-192 -287 17 0
-193 -286 17 0
-187 -286 16 0
-186 -285 17 0
-190 -290 16 0
-190 -291 17 0
-190 -286 15 0
-190 -285 15 0
-191 -284 16 0
-191 -283 16 0
-191 -288 14 0
-192 -288 15 0
-193 -289 16 0
-187 -283 15 0
-188 -291 15 1
-188 -292 15 1
-191 -286 14 0
-190 -251 10 0
-191 -251 12 0
-190 -288 14 1
-192 -291 14 1
-190 -283 14 0
-188 -252 10 0
-187 -252 11 0
-194 -287 13 1
-190 -293 11 1
-190 -293 13 1
-190 -251 9 0
-190 -252 9 0
-199 -255 9 0
-200 -255 10 0
-156 -261 16 0
-155 -261 17 0
-157 -261 14 0
-158 -262 15 0
-158 -262 16 0
-157 -259 14 0
-156 -258 16 0
-155 -263 16 0
-158 -260 13 0
-172 -280 10 2
-170 -278 9 1
-193 -266 10 0
-194 -262 12 0
-194 -263 11 0
-194 -263 10 0
-194 -264 10 0
-197 -258 35 0
-199 -254 36 2
-200 -255 35 0
-187 -265 9 0
-186 -251 9 0
-185 -252 9 0
-200 -252 34 2
-184 -258 7 0
-198 -254 35 0
-198 -256 33 0
-198 -251 34 2
-189 -251 8 0
-190 -252 8 0
-195 -254 33 0
-195 -254 32 0
-193 -268 23 0
-198 -270 12 1
-198 -271 13 1
-198 -272 13 1
-198 -272 11 2
-199 -270 13 1
-199 -270 12 2
-194 -291 17 0
-198 -289 17 0
-199 -289 17 0
-193 -288 16 0
-196 -290 14 0
-196 -291 15 0
-196 -292 15 0
-196 -293 17 0
-196 -288 15 0
-196 -287 15 0
-197 -286 16 0
-194 -292 15 0
-194 -293 15 1
-194 -294 15 1
-198 -288 14 0
-199 -287 15 0
-196 -287 14 0
-194 -284 13 0
-191 -293 14 0
-190 -257 2 1
-191 -257 2 1
-190 -261 10 0
-187 -258 11 0
-189 -259 12 0
-190 -259 11 0
-188 -259 10 0
-190 -260 11 0
-168 -273 13 1
-200 -277 6 1
-174 -281 12 0
-200 -276 8 1
-199 -276 7 1
-198 -276 7 2
-197 -276 7 2
-200 -277 16 0
-194 -280 13 0
-176 -252 9 1
-191 -256 12 0
-200 -264 22 0
-190 -254 9 1
-198 -269 8 2
-180 -257 13 0
-180 -257 12 0
-183 -265 9 0
-184 -264 9 0
-184 -263 9 0
-183 -256 10 0
-192 -254 12 0
-198 -295 9 1
-200 -287 17 0
-197 -284 7 1
-196 -283 8 2
-199 -279 10 1
-191 -253 11 0
-198 -281 12 0
-199 -289 16 0
-199 -260 33 0
-200 -260 34 0
-200 -259 34 0
-199 -283 11 1
-152 -252 15 0
-167 -273 11 2
-200 -287 14 0
-153 -253 15 0
-151 -258 15 0
-152 -260 15 0
-152 -256 14 0
-153 -256 14 0
-154 -256 14 0
-196 -294 14 1
-195 -295 14 1
-152 -258 13 1
-153 -258 12 0
-152 -260 9 2
-195 -279 7 1
-194 -278 8 1
-152 -259 9 2
-192 -276 10 0
-152 -259 11 1
-152 -258 9 2
-152 -258 10 2
-152 -258 11 1
-151 -260 9 1
-191 -275 11 0
-151 -260 11 1
-191 -271 13 0
-190 -274 12 0
-189 -274 13 0
-192 -276 11 0
-192 -277 12 0
-193 -276 10 0
-192 -278 6 1
-198 -276 16 0
-192 -278 7 1
-192 -278 8 1
-192 -277 6 1
-192 -277 7 2
-192 -277 8 1
-191 -278 6 1
-191 -278 7 1
-191 -278 8 1
-190 -278 6 1
-190 -278 7 1
-190 -278 8 1
-200 -261 12 0
-199 -266 12 0
-198 -270 10 1
-192 -258 12 0
-189 -257 13 0
-190 -256 12 0
-191 -252 12 0
-193 -300 19 0
-195 -292 20 0
-196 -292 19 0
-196 -291 19 0
-195 -296 20 0
-196 -297 19 0
-197 -297 18 0
-193 -292 19 0
-185 -258 5 2
-185 -258 6 1
-155 -256 12 0
-156 -256 11 0
-177 -258 2 1
-182 -262 3 2
-195 -290 15 0
-195 -287 18 0
-197 -291 17 0
-194 -289 19 0
-194 -289 18 0
-195 -289 17 0
-158 -278 18 0
-165 -276 17 2
-165 -277 16 1
-159 -280 15 0
-162 -278 14 0
-163 -278 14 0
-163 -279 14 0
-161 -270 14 0
-157 -278 14 0
-165 -276 12 2
-165 -275 12 1
-164 -276 12 2
-164 -275 12 2
-158 -273 13 0
-194 -251 22 0
-193 -252 23 0
-196 -254 22 0
-185 -288 11 1
-185 -288 12 1
-194 -265 12 0
-191 -264 13 0
-191 -264 12 0
-183 -258 10 0
-184 -260 12 0
-181 -259 13 0
-182 -259 12 0
-199 -292 8 1
-200 -290 10 1
-200 -290 9 1
-200 -290 8 1
-200 -291 10 1
-200 -291 9 2
-174 -272 10 1
-164 -282 10 2
-164 -282 11 2
-164 -281 9 1
-164 -281 10 1
-164 -281 11 2
-163 -283 9 1
-163 -283 10 1
-162 -283 10 1
-164 -285 9 1
-164 -285 10 1
-164 -285 11 1
-169 -279 9 1
-167 -280 9 1
-166 -280 9 1
-165 -281 9 1
-165 -280 9 1
-164 -282 14 0
-166 -282 15 0
-166 -281 15 0
-166 -281 14 0
-162 -277 15 0
-167 -279 15 1
-163 -281 16 0
-165 -277 18 1
-165 -277 17 1
-166 -276 18 1
-166 -277 18 1
-166 -277 17 1
-167 -280 17 1
-166 -279 16 0
-163 -282 9 1
-166 -281 12 1
-166 -281 11 2
-166 -281 10 2
-167 -281 12 1
-167 -281 11 1
-167 -281 10 2
-169 -282 13 0
-169 -282 14 0
-170 -282 16 0
-170 -283 17 0
-167 -284 16 0
-171 -281 14 1
-171 -281 15 1
-172 -281 16 0
-169 -284 14 0
-153 -257 18 0
-153 -257 19 0
-156 -259 18 0
-158 -257 17 0
-156 -254 16 0
-194 -260 13 0
-191 -262 8 0
-192 -259 13 0
-193 -259 13 0
-193 -258 12 0
-198 -263 5 2
-196 -276 8 1
-196 -267 5 1
-171 -270 16 0
-171 -270 17 0
-173 -271 14 0
-174 -271 15 0
-174 -272 16 0
-172 -268 15 0
-178 -269 11 0
-178 -269 10 0
-178 -268 10 0
-174 -263 11 0
-175 -264 11 0
-176 -265 9 0
-175 -268 12 0
-176 -267 11 0
-197 -253 34 0
-200 -254 32 2
-199 -287 12 0
-155 -251 13 0
-152 -253 13 1
-152 -252 13 1
-197 -255 40 0
-196 -286 12 0
-197 -286 12 0
-200 -280 12 0
-173 -268 6 1
-159 -261 11 0
-170 -276 11 2
-170 -276 9 1
-200 -285 12 0
-195 -283 13 0
-176 -268 10 0
-178 -272 11 0
-189 -253 14 0
-198 -287 13 0
-199 -286 13 0
-194 -256 14 0
-194 -256 15 0
-194 -256 16 0
-163 -266 13 0
-163 -266 14 0
-152 -254 10 1
-155 -260 11 1
-193 -263 13 0
-193 -251 37 0
-200 -270 6 1
-197 -266 7 0
-197 -265 7 1
-190 -252 36 0
-199 -268 6 1
-198 -268 6 1
-197 -270 8 2
-197 -268 6 2
-194 -254 35 0
-191 -285 10 1
-191 -284 8 1
-191 -284 9 2
-191 -284 10 1
-190 -285 9 2
-168 -276 16 2
-169 -277 16 1
-169 -277 17 1
-169 -276 16 2
-169 -276 17 2
-169 -275 16 1
-169 -275 17 1
-168 -277 16 1
-168 -277 17 1
-168 -276 17 2
-168 -275 16 2
-168 -275 17 2
-167 -277 15 1
-193 -256 15 0
-198 -258 16 0
-161 -259 12 0
-194 -252 16 0
-195 -252 15 0
-196 -256 15 0
-197 -251 17 0
-197 -252 16 0
-199 -255 17 0
-196 -254 18 0
-196 -254 17 0
-196 -292 8 1
-196 -293 10 2
-196 -293 9 2
-186 -291 16 1
-183 -294 18 0
-183 -294 17 0
-183 -295 17 0
-184 -296 16 0
-183 -291 17 0
-183 -290 16 0
-181 -293 17 0
-173 -267 5 1
-174 -266 7 1
-174 -267 5 1
-175 -265 7 1
-175 -265 6 1
-175 -266 7 1
-175 -266 6 1
-175 -267 5 2
-174 -266 6 2
-180 -265 7 0
-189 -276 8 1
-189 -276 7 2
-189 -276 6 1
-189 -275 10 0
-189 -267 4 2
-187 -270 4 1
-187 -270 5 2
-194 -255 10 0
-194 -255 11 0
-196 -255 8 0
-196 -255 9 0
-196 -256 10 0
-197 -256 11 0
-195 -252 11 0
-199 -263 9 0
-199 -264 9 0
-193 -261 10 0
-194 -262 9 0
-194 -263 9 0
-194 -264 9 0
-195 -265 8 0
-191 -267 10 0
-192 -267 10 0
-194 -266 9 0
-197 -262 11 0
-197 -263 10 0
-195 -269 11 1
-195 -270 11 1
-195 -270 10 1
-196 -270 11 1
-188 -266 13 0
-199 -298 18 0
-195 -293 19 0
-194 -298 19 0
-193 -299 18 0
-197 -295 19 0
-196 -299 17 1
-194 -296 18 0
-188 -268 10 0
-172 -274 10 2
-186 -265 9 0
-188 -256 4 1
-156 -262 8 2
-156 -262 9 2
-156 -261 7 1
-156 -261 8 1
-164 -251 6 2
-162 -259 6 1
-170 -255 5 2
-170 -255 6 1
-170 -255 7 1
-170 -254 5 1
-170 -254 6 1
-170 -254 7 1
-170 -253 5 1
-170 -253 6 1
-168 -284 14 0
-173 -280 14 0
-173 -286 15 0
-172 -285 14 0
-172 -284 13 0
-184 -277 14 0
-185 -279 13 0
-186 -278 13 0
-187 -281 11 0
-173 -286 10 1
-195 -278 6 1
-194 -278 6 1
-194 -278 7 1
-200 -296 18 0
-199 -291 17 0
-198 -295 16 1
-200 -297 15 2
-200 -297 16 2
-200 -297 11 1
-199 -297 11 1
-199 -297 12 1
-199 -297 13 1
-199 -292 11 1
-194 -294 22 0
-193 -294 21 0
-191 -296 24 0
-192 -292 25 0
-192 -292 24 0
-192 -293 23 0
-194 -296 25 0
-194 -296 24 0
-193 -295 23 0
-191 -294 25 0
-191 -293 16 0
-191 -293 17 0
-193 -295 17 0
-193 -295 18 0
-192 -295 19 0
-189 -296 16 0
-192 -292 17 0
-193 -298 17 0
-192 -296 18 0
-164 -267 14 0
-165 -266 13 0
-165 -262 15 0
-167 -266 16 0
-167 -266 15 0
-167 -266 14 0
-166 -266 13 0
-164 -265 16 0
-165 -265 15 0
-181 -264 5 1
-190 -272 11 0
-197 -271 14 0
-193 -268 11 0
-197 -257 3 2
-185 -261 12 0
-185 -261 13 0
-190 -261 12 0
-185 -260 9 0
-184 -260 10 0
-184 -260 11 0
-183 -259 11 0
-187 -264 10 0
-187 -265 11 0
-187 -259 10 0
-188 -258 10 0
-188 -257 11 0
-193 -254 14 0
-184 -262 9 0
-183 -262 10 0
-182 -263 10 0
-186 -260 9 0
-185 -259 9 0
-185 -258 9 0
-184 -257 10 0
-185 -264 9 0
-197 -252 12 0
-185 -266 9 0
-190 -259 9 1
-191 -259 9 1
-184 -261 8 0
-183 -261 8 0
-182 -260 9 0
-181 -260 9 0
-200 -253 37 2
-187 -259 8 1
-187 -258 8 1
-187 -257 8 1
-187 -256 8 1
-184 -263 8 0
-196 -286 14 0
-198 -260 8 0
-197 -260 8 0
-197 -289 14 0
-195 -292 13 1
-200 -262 7 1
-198 -292 15 0
-198 -293 16 0
-169 -282 16 0
-166 -283 15 0
-166 -283 16 0
-168 -283 13 0
-169 -283 14 0
-169 -284 15 0
-174 -282 10 2
-174 -282 11 1
-180 -251 4 2
-181 -251 6 1
-181 -251 5 1
-181 -251 4 2
-176 -253 5 2
-184 -259 7 0
-184 -259 6 1
-184 -258 6 1
-184 -258 5 1
-182 -260 2 1
-182 -260 3 2
-182 -260 4 2
-181 -260 2 1
-181 -260 3 2
-181 -260 4 1
-192 -270 11 0
-199 -264 24 0
-193 -265 24 0
-192 -264 24 0
-191 -264 24 0
-193 -267 15 0
-198 -268 24 0
-199 -269 24 0
-197 -262 24 0
-195 -267 24 0
-194 -267 24 0
-193 -268 24 0
-192 -268 24 0
-199 -265 23 0
-200 -265 23 0
-170 -299 12 0
-194 -263 23 0
-193 -262 23 0
-196 -266 23 0
-196 -268 23 0
-196 -269 23 0
-196 -270 23 0
-197 -265 23 0
-198 -263 23 0
-199 -262 23 0
-199 -262 22 0
-194 -265 23 0
-193 -266 23 0
-193 -266 22 0
-193 -261 4 1
-174 -267 8 1
-174 -267 7 1
-174 -267 6 2
-153 -251 15 0
-170 -288 13 0
-194 -259 14 0
-191 -258 13 0
-195 -257 12 0
-165 -252 8 0
-164 -252 8 0
-162 -251 8 0
-187 -290 15 1
-192 -288 16 0
-191 -288 15 0
-189 -287 14 1
-190 -283 16 0
-189 -284 16 0
-189 -284 15 0
-183 -270 5 2
-183 -271 7 2
-183 -271 6 2
-183 -271 5 1
-178 -268 7 1
-178 -267 7 1
-152 -285 16 0
-155 -281 17 0
-155 -282 16 0
-154 -288 18 0
-183 -267 8 0
-183 -268 8 0
-181 -266 7 0
-194 -256 6 1
-193 -260 6 2
-193 -260 5 2
-193 -260 4 1
-184 -263 13 0
-180 -264 12 0
-183 -265 11 0
-199 -293 13 0
-200 -293 13 0
-200 -295 12 2
-200 -296 12 2
-200 -297 14 1
-186 -260 3 2
-199 -294 15 1
-188 -262 6 0
-175 -273 8 2
-200 -294 13 1
-186 -253 4 1
-185 -253 2 1
-185 -252 2 1
-183 -251 2 1
-182 -251 2 1
-200 -296 13 2
-200 -295 14 2
-199 -288 15 0
-199 -290 15 0
-199 -293 15 0
-200 -294 17 1
-179 -260 2 1
-179 -260 3 1
-179 -260 4 2
-194 -267 11 0
-169 -260 11 1
-173 -273 15 0
-151 -252 17 0
-151 -252 16 0
-151 -251 16 0
-152 -251 15 0
-175 -269 15 0
-170 -272 16 0
-181 -284 16 0
-173 -251 8 1
-179 -261 4 1
-179 -261 3 1
-179 -261 2 1
-179 -262 4 2
-179 -262 3 1
-179 -262 2 1
-183 -257 5 1
-183 -258 6 0
-177 -283 14 1
-177 -281 13 0
-180 -279 15 0
-193 -264 7 0
-196 -264 2 1
-186 -290 10 1
-186 -290 9 1
-186 -290 8 1
-187 -288 9 2
-187 -288 8 1
-187 -289 9 1
-197 -262 6 1
-155 -261 15 0
-198 -262 5 2
-196 -257 8 0
-198 -286 9 2
-177 -260 12 0
-178 -259 10 0
-179 -255 11 0
-178 -258 12 0
-178 -258 11 0
-173 -274 14 0
-173 -274 16 0
-172 -274 17 0
-175 -275 15 0
-175 -275 16 0
-173 -275 13 0
-173 -275 14 0
-172 -276 15 0
-164 -258 11 1
-163 -258 11 1
-160 -253 12 0
-160 -259 12 0
-163 -255 13 0
-162 -256 13 0
-161 -256 12 0
-161 -257 12 0
-163 -259 14 0
-161 -254 14 0
-160 -255 13 0
-160 -261 15 0
-160 -260 14 0
-162 -257 15 0
-161 -257 14 0
-157 -260 16 0
-159 -255 16 0
-159 -255 15 0
-159 -256 14 0
-160 -259 16 0
-198 -251 6 2
-199 -256 34 0
-198 -255 35 0
-194 -253 5 0
-197 -258 6 0
-197 -259 6 0
-197 -260 5 1
-197 -261 5 2
-186 -288 13 1
-200 -253 35 2
-195 -257 34 0
-196 -256 34 0
-197 -255 35 0
-194 -261 11 0
-187 -282 14 0
-193 -254 35 0
-186 -282 14 0
-198 -258 35 0
-198 -257 36 0
-198 -256 36 0
-198 -255 36 0
-185 -283 13 0
-197 -271 17 0
-189 -273 5 1
-189 -273 4 1
-194 -267 14 0
-191 -291 12 1
-180 -283 11 1
-167 -262 11 1
-195 -277 8 1
-190 -271 12 0
-193 -263 6 0
-200 -275 7 1
-188 -265 13 0
-189 -270 13 0
-199 -269 8 2
-172 -275 10 2
-171 -274 11 1
-191 -271 6 1
-194 -275 8 1
-195 -276 9 0
-185 -253 11 0
-187 -256 10 0
-167 -260 10 1
-199 -279 8 2
-169 -267 14 0
-200 -278 8 2
-199 -280 7 1
-199 -280 9 1
-199 -279 7 1
-199 -279 9 1
-200 -269 16 0
-195 -271 10 1
-183 -294 21 0
-186 -292 23 0
-177 -271 11 0
-197 -259 11 0
-169 -274 13 1
-180 -265 8 0
-180 -264 8 0
-186 -266 9 0
-191 -263 10 0
-190 -262 11 0
-189 -262 11 0
-182 -262 7 0
-178 -255 7 0
-179 -258 3 1
-179 -258 4 1
-183 -293 20 0
-181 -292 24 0
-181 -292 23 0
-184 -292 14 0
-183 -292 15 0
-183 -292 16 0
-182 -292 17 0
-179 -293 15 0
-180 -293 16 0
-183 -289 15 1
-183 -295 15 0
-183 -294 16 0
-182 -294 17 0
-182 -293 18 0
-185 -291 16 1
-185 -291 17 1
-184 -291 17 0
-180 -294 17 0
-184 -294 17 1
-167 -289 15 0
-167 -288 15 0
-178 -289 24 0
-151 -285 13 0
-151 -279 12 0
-151 -280 13 0
-158 -267 9 1
-157 -257 9 1
-156 -258 10 1
-156 -258 11 0
-155 -258 11 0
-152 -262 11 1
-153 -262 11 1
-198 -279 8 1
-198 -279 7 1
-184 -265 10 0
-184 -264 10 0
-185 -268 9 0
-186 -268 8 0
-195 -279 10 0
-187 -263 13 0
-188 -268 13 0
-188 -268 12 0
-198 -268 4 1
-199 -268 5 1
-153 -283 12 0
-169 -251 13 0
-158 -287 12 0
-158 -288 11 0
-158 -283 13 0
-158 -282 12 0
-158 -282 11 0
-156 -285 13 0
-155 -285 12 0
-183 -251 4 2
-183 -251 5 2
-199 -256 33 0
-193 -267 17 0
-192 -266 17 0
-191 -266 16 0
-195 -268 18 0
-195 -269 18 0
-196 -270 16 0
-196 -271 16 0
-196 -265 16 0
-196 -265 15 0
-199 -251 4 1
-199 -251 5 2
-199 -251 6 2
-198 -251 4 1
-197 -251 4 2
-178 -258 10 0
-177 -259 11 0
-176 -255 11 0
-180 -254 10 0
-181 -253 11 0
-176 -258 9 0
-176 -258 10 0
-177 -254 9 0
-177 -262 9 0
-182 -255 9 0
-171 -272 16 0
-171 -271 16 0
-170 -275 21 1
-171 -275 18 0
-172 -276 21 0
-178 -253 4 2
-187 -257 10 0
-189 -259 11 0
-186 -255 12 0
-187 -259 13 0
-187 -258 12 0
-190 -258 14 0
-188 -256 12 0
-191 -290 22 0
-195 -295 21 0
-195 -291 23 0
-195 -292 23 0
-194 -293 22 0
-191 -262 4 1
-192 -263 5 1
-178 -287 10 1
-195 -275 10 0
-179 -254 12 0
-198 -259 38 0
-179 -256 10 0
-180 -258 12 0
-178 -257 13 0
-178 -257 12 0
-199 -258 36 0
-173 -283 12 0
-181 -267 12 0
-185 -253 12 0
-186 -252 10 0
-188 -252 13 0
-188 -251 12 0
-196 -266 4 1
-168 -281 9 1
-168 -282 11 1
-168 -282 10 2
-168 -282 9 1
-169 -280 11 1
-177 -284 7 1
-177 -284 8 1
-177 -284 9 2
-176 -284 7 1
-165 -278 12 2
-165 -278 11 2
-165 -279 13 1
-165 -279 12 1
-165 -279 11 2
-156 -276 12 0
-161 -280 13 0
-161 -279 13 0
-161 -278 13 0
-158 -272 13 0
-197 -252 15 0
-179 -281 7 1
-179 -281 8 2
-190 -285 8 1
-199 -263 32 0
-198 -264 33 0
-200 -264 31 0
-190 -254 6 1
-198 -262 31 0
-197 -262 31 0
-197 -263 31 0
-196 -263 32 0
-189 -252 12 0
-164 -264 15 0
-165 -264 14 0
-170 -265 15 0
-170 -265 14 0
-169 -265 14 0
-151 -282 16 0
-166 -268 15 0
-166 -267 14 0
-167 -263 16 0
-194 -288 12 1
-193 -289 13 1
-193 -288 11 1
-193 -288 12 2
-192 -290 11 1
-193 -287 11 1
-193 -287 12 1
-192 -284 9 2
-193 -285 8 1
-192 -284 10 1
-189 -258 9 1
-184 -260 8 0
-183 -260 8 0
-182 -260 8 0
-180 -259 9 0
-187 -264 8 0
-188 -265 8 0
-185 -259 8 0
-185 -258 8 0
-185 -257 8 0
-152 -284 9 0
-152 -284 10 0
-151 -284 11 0
-151 -284 12 0
-195 -251 41 0
-192 -287 18 0
-197 -289 17 0
-193 -291 18 0
-182 -259 11 0
-183 -259 10 0
-172 -274 15 0
-171 -274 16 0
-176 -271 15 0
-177 -271 15 0
-153 -259 16 0
-156 -259 7 1
-156 -260 9 1
-180 -281 9 1
-180 -281 8 1
-180 -281 7 1
-180 -282 9 1
-180 -282 8 2
-196 -289 9 2
-198 -259 33 0
-184 -259 5 1
-183 -258 5 1
-182 -260 5 1
-199 -261 35 0
-179 -258 2 1
-154 -254 13 0
-187 -257 4 2
-187 -257 5 1
-187 -257 6 1
-186 -257 4 2
-186 -257 5 1
-186 -257 6 1
-199 -271 14 0
-198 -271 14 0
-177 -284 16 1
-181 -281 14 0
-181 -281 15 0
-182 -281 15 0
-179 -284 14 2
-180 -285 15 1
-180 -279 13 0
-180 -278 14 0
-180 -277 14 0
-176 -282 13 0
-197 -270 2 1
-200 -254 25 2
-200 -254 26 2
-200 -254 27 2
-200 -254 28 2
-200 -254 29 2
-200 -254 30 2
-200 -254 31 2
-200 -253 11 2
-200 -253 12 2
-200 -253 13 2
-200 -253 14 2
-200 -253 15 2
-200 -253 16 2
-200 -253 17 2
-200 -253 18 2
-200 -253 19 2
-200 -253 20 2
-200 -253 21 2
-200 -253 22 2
-200 -253 23 2
-200 -253 24 2
-200 -253 25 2
-200 -291 14 0
-194 -294 14 2
-195 -293 14 1
-198 -266 4 1
-198 -266 3 2
-198 -266 2 1
-198 -267 4 1
-198 -267 2 1
-198 -288 10 2
-197 -289 12 0
-195 -291 10 1
-192 -267 14 0
-199 -269 14 0
-189 -268 15 0
-189 -256 10 0
-191 -257 11 0
-194 -291 10 1
-200 -252 9 2
-200 -292 8 1
-200 -292 9 2
-200 -292 10 1
-182 -259 9 0
-179 -277 8 1
-179 -277 7 1
-179 -278 8 2
-179 -278 7 1
-177 -281 11 0
-177 -282 10 1
-177 -283 10 2
-178 -282 10 1
-178 -283 10 2
-179 -282 10 1
-183 -251 11 0
-184 -251 10 0
-195 -287 11 1
-195 -270 14 0
-186 -255 9 0
-192 -271 13 0
-195 -267 12 0
-199 -277 15 0
-198 -277 15 0
-197 -263 25 0
-198 -271 18 0
-184 -293 18 1
-183 -293 18 0
-185 -288 18 0
-182 -297 18 0
-182 -296 18 0
-182 -295 18 0
-182 -294 19 0
-186 -292 19 1
-185 -292 19 1
-184 -292 19 1
-178 -295 19 0
-179 -294 19 0
-182 -290 19 0
-184 -296 19 0
-183 -293 19 0
-186 -289 20 0
-185 -290 20 0
-184 -290 20 0
-183 -291 19 0
-180 -296 20 0
-181 -295 20 0
-181 -294 20 0
-181 -293 19 0
-179 -288 21 0
-186 -294 21 0
-183 -290 19 0
-179 -296 20 0
-180 -295 20 0
-180 -294 19 0
-180 -293 19 0
-185 -293 21 0
-183 -292 20 0
-174 -257 6 1
-178 -254 7 0
-178 -252 6 1
-177 -259 6 1
-179 -254 2 1
-178 -254 2 1
-178 -254 3 2
-189 -253 1 1
-189 -252 1 1
-189 -251 1 1
-162 -262 10 1
-195 -254 40 0
-161 -279 15 0
-160 -282 16 0
-161 -281 16 0
-162 -278 17 0
-163 -282 18 0
-163 -282 17 0
-164 -279 16 0
-166 -281 18 0
-163 -280 19 0
-163 -280 18 0
-166 -256 12 0
-167 -256 12 0
-163 -255 11 0
-163 -254 11 0
-163 -253 11 0
-164 -256 10 1
-165 -255 10 0
-162 -255 9 0
-164 -258 10 1
-172 -284 18 0
-172 -282 17 0
-177 -279 16 0
-164 -282 9 1
-195 -270 9 1
-195 -270 8 1
-199 -289 8 1
-177 -271 13 0
-178 -270 13 0
-171 -277 12 2
-169 -288 12 0
-166 -286 13 0
-168 -283 16 0
-167 -286 11 1
-167 -287 11 0
-170 -288 12 0
-166 -287 13 0
-168 -288 15 0
-169 -286 14 0
-166 -281 17 0
-167 -282 16 0
-168 -287 11 0
-168 -286 13 0
-169 -288 15 0
-170 -286 14 0
-167 -282 17 0
-168 -284 8 1
-169 -284 8 1
-169 -288 11 0
-171 -289 12 0
-171 -288 13 0
-167 -287 13 0
-168 -287 13 0
-170 -289 15 0
-170 -288 15 0
-173 -288 10 0
-170 -288 11 0
-171 -286 12 0
-172 -289 12 0
-169 -287 13 0
-175 -289 14 0
-174 -288 14 0
-171 -288 15 0
-171 -287 12 0
-177 -288 12 1
-173 -289 12 0
-173 -289 13 0
-169 -288 13 0
-171 -288 11 0
-172 -287 12 0
-172 -286 12 0
-174 -289 10 1
-174 -289 9 1
-174 -286 19 0
-177 -289 17 0
-152 -286 12 0
-153 -286 12 0
-153 -287 11 0
-152 -282 12 0
-153 -281 11 0
-175 -289 8 1
-176 -289 10 1
-176 -289 9 1
-176 -289 8 1
-177 -287 8 1
-177 -288 8 1
-177 -289 10 1
-177 -289 9 1
-177 -289 8 1
-172 -287 13 0
-175 -288 12 1
-176 -288 12 1
-154 -283 12 0
-169 -263 5 1
-170 -261 5 2
-170 -253 8 0
-170 -254 8 0
-173 -261 8 0
-171 -254 10 0
-171 -255 9 0
-174 -280 7 1
-182 -276 10 0
-183 -278 12 0
-182 -275 14 0
-180 -274 15 0
-189 -264 7 0
-189 -261 8 1
-186 -267 9 0
-200 -282 12 0
-199 -282 12 0
-158 -286 15 0
-157 -281 17 0
-157 -282 16 0
-158 -283 16 0
-158 -284 15 0
-162 -286 17 0
-180 -284 12 1
-199 -266 23 0
-196 -281 9 1
-196 -280 7 1
-168 -268 12 0
-169 -269 12 1
-163 -267 11 0
-163 -268 11 1
-162 -268 11 1
-167 -265 10 0
-168 -269 7 1
-197 -253 33 0
-196 -255 32 0
-200 -254 33 2
-197 -253 32 0
-199 -285 11 1
-198 -286 11 0
-198 -252 40 0
-173 -270 9 1
-172 -272 8 1
-172 -272 9 2
-172 -272 10 1
-171 -272 8 1
-165 -260 7 1
-172 -274 12 0
-169 -276 13 2
-169 -276 12 2
-169 -276 11 2
-169 -277 13 1
-197 -268 8 2
-169 -277 11 1
-170 -276 13 2
-170 -277 13 1
-170 -277 12 2
-200 -257 12 0
-200 -255 11 0
-200 -274 9 1
-198 -254 13 0
-197 -253 11 0
-198 -253 11 0
-181 -257 12 0
-172 -277 15 1
-184 -254 11 0
-177 -252 6 2
-177 -252 7 1
-177 -252 8 1
-177 -251 6 1
-177 -251 7 1
-170 -268 13 0
-170 -268 14 0
-189 -252 3 1
-189 -251 2 1
-169 -266 14 0
-169 -265 15 0
-184 -253 11 0
-184 -253 12 0
-184 -253 13 0
-200 -268 12 0
-199 -287 10 1
-199 -286 8 1
-199 -286 9 2
-199 -286 10 1
-198 -288 8 1
-198 -288 9 1
-193 -260 10 0
-152 -259 8 1
-198 -259 10 0
-191 -258 9 1
-192 -256 7 1
-195 -261 6 1
-192 -288 11 1
-195 -256 11 0
-152 -259 7 1
-171 -277 13 2
-171 -276 12 1
-170 -277 11 1
-181 -261 13 0
-169 -277 12 1
-167 -274 11 2
-174 -273 11 0
-191 -270 14 0
-198 -251 32 2
-171 -278 20 1
-171 -279 20 1
-169 -271 20 0
-174 -277 20 0
-173 -271 21 0
-173 -272 20 0
-172 -273 20 0
-172 -279 21 0
-171 -269 13 0
-159 -264 14 0
-193 -297 13 1
-194 -251 19 0
-195 -251 18 0
-197 -252 18 0
-164 -260 13 0
-194 -255 20 0
-196 -251 19 0
-198 -254 21 0
-197 -253 20 0
-197 -253 19 0
-195 -252 21 0
-196 -252 18 0
-186 -269 5 2
-193 -296 14 1
-193 -295 12 1
-193 -295 13 1
-193 -295 14 1
-173 -273 14 0
-173 -272 14 0
-169 -267 15 0
-164 -277 23 0
-164 -278 23 0
-169 -272 23 0
-160 -274 23 0
-162 -277 22 0
-161 -278 22 0
-163 -273 22 0
-162 -272 22 0
-162 -271 22 0
-165 -279 21 0
-160 -272 24 0
-161 -270 24 0
-160 -274 22 0
-160 -275 23 0
-158 -270 23 0
-158 -274 21 0
-160 -272 20 0
-159 -273 19 0
-157 -273 19 0
-162 -270 19 0
-161 -270 19 0
-161 -269 18 0
-169 -276 24 0
-170 -274 22 0
-170 -274 23 0
-170 -273 24 0
-170 -277 22 1
-173 -276 21 0
-173 -259 11 0
-173 -259 10 0
-172 -259 9 0
-172 -259 8 0
-173 -257 6 1
-173 -258 6 1
-151 -262 16 0
-151 -261 15 0
-171 -283 16 0
-152 -282 10 0
-151 -282 11 0
-187 -255 4 2
-165 -268 15 0
-186 -256 8 0
-183 -262 8 0
-182 -263 8 0
-181 -264 8 0
-185 -264 7 0
-185 -265 7 0
-188 -257 7 2
-191 -289 14 1
-191 -290 15 1
-191 -290 14 2
-190 -285 14 0
-189 -286 14 0
-192 -268 7 1
-166 -265 14 0
-192 -253 3 2
-192 -253 2 1
-177 -284 14 2
-177 -284 12 2
-181 -290 17 0
-181 -288 22 0
-182 -287 23 0
-179 -290 21 0
-179 -291 21 0
-178 -291 20 0
-179 -291 18 0
-179 -292 18 0
-179 -293 18 0
-180 -287 18 0
-175 -289 18 0
-181 -290 18 0
-176 -292 16 0
-199 -274 9 1
-193 -268 5 1
-199 -251 8 2
-198 -251 9 2
-200 -254 9 1
-199 -254 8 1
-198 -251 1 1
-199 -251 3 1
-198 -252 25 2
-198 -252 24 2
-198 -252 23 2
-153 -259 7 1
-153 -259 8 1
-153 -258 7 1
-153 -258 8 2
-197 -266 2 1
-197 -266 3 2
-197 -266 4 1
-196 -276 9 0
-198 -277 10 0
-185 -254 7 1
-152 -251 11 2
-199 -280 15 0
-192 -289 8 1
-194 -288 8 1
-192 -289 10 1
-192 -288 8 1
-192 -288 9 1
-192 -288 10 1
-192 -287 8 1
-179 -251 12 0
-175 -254 10 0
-159 -282 17 0
-158 -281 17 0
-160 -286 15 0
-160 -287 16 0
-159 -288 16 0
-159 -289 16 0
-159 -290 17 0
-159 -285 15 0
-158 -285 16 0
-156 -284 16 0
-163 -289 16 0
-160 -284 15 0
-161 -283 15 0
-161 -281 15 0
-159 -286 15 0
-158 -287 15 0
-157 -288 15 0
-159 -284 15 0
-158 -283 15 0
-158 -282 15 0
-157 -282 14 0
-161 -289 14 0
-161 -290 14 0
-158 -285 15 0
-156 -286 13 0
-164 -288 13 0
-160 -283 14 0
-171 -267 7 2
-171 -267 8 1
-171 -267 9 1
-192 -255 4 1
-171 -266 8 1
-170 -268 7 1
-173 -275 22 0
-167 -274 23 0
-171 -279 22 0
-172 -280 22 0
-172 -274 21 0
-170 -278 21 1
-170 -278 22 1
-164 -262 7 1
-164 -261 7 1
-164 -260 7 1
-163 -262 7 1
-163 -261 7 1
-163 -260 7 1
-163 -267 7 1
-163 -267 8 2
-163 -267 9 1
-163 -266 7 1
-163 -266 8 2
-163 -266 9 1
-163 -265 7 1
-163 -265 8 1
-162 -267 7 1
-162 -267 8 2
-162 -267 9 1
-174 -278 18 0
-165 -283 20 0
-164 -287 18 0
-164 -287 19 0
-164 -288 20 0
-164 -284 18 0
-169 -276 23 0
-171 -277 21 1
-171 -277 22 0
-172 -278 24 0
-170 -274 24 0
-169 -279 23 0
-173 -276 22 0
-174 -276 23 0
-168 -275 22 1
-171 -279 21 1
-171 -280 22 0
-172 -273 22 0
-172 -272 22 0
-167 -278 20 1
-167 -278 21 1
-167 -278 22 1
-167 -277 22 1
-167 -276 22 1
-187 -291 20 0
-190 -296 20 0
-190 -297 20 0
-190 -298 20 0
-190 -299 19 0
-197 -271 12 2
-193 -290 19 0
-193 -296 19 0
-189 -292 19 0
-189 -290 18 0
-192 -293 19 0
-187 -294 16 1
-190 -295 19 0
-191 -297 18 0
-191 -297 17 0
-190 -293 19 0
-191 -294 18 0
-190 -263 8 0
-189 -263 9 0
-188 -263 9 0
-154 -257 9 1
-154 -257 8 2
-154 -257 7 1
-154 -258 9 2
-154 -258 7 1
-154 -259 9 2
-154 -259 8 2
-154 -259 7 1
-198 -251 22 2
-198 -251 21 2
-198 -251 20 2
-198 -251 19 2
-198 -251 18 2
-198 -251 17 2
-194 -259 9 0
-195 -258 10 0
-197 -264 31 0
-198 -261 5 1
-195 -260 9 0
-192 -269 13 0
-193 -269 13 0
-196 -264 21 0
-196 -264 22 0
-197 -264 23 0
-199 -265 20 0
-198 -265 21 0
-153 -282 15 0
-152 -282 16 0
-152 -281 16 0
-151 -280 16 0
-153 -285 15 0
-158 -286 11 0
-158 -286 12 0
-159 -286 13 0
-160 -285 14 0
-161 -283 12 0
-161 -283 13 0
-161 -284 14 0
-162 -288 12 0
-176 -254 9 0
-176 -254 10 0
-175 -255 7 0
-174 -252 6 2
-174 -253 5 1
-174 -253 6 1
-174 -252 5 2
-173 -253 5 1
-173 -253 6 1
-173 -253 7 1
-173 -252 5 2
-182 -251 11 0
-191 -294 12 1
-180 -254 11 0
-180 -255 12 0
-184 -252 10 0
-173 -252 6 1
-173 -252 7 1
-173 -251 5 2
-173 -251 6 2
-191 -282 9 1
-191 -282 8 1
-172 -266 7 2
-165 -261 7 1
-165 -262 9 1
-190 -251 4 1
-190 -251 3 2
-190 -251 2 1
-191 -251 4 1
-191 -251 3 2
-191 -251 2 1
-161 -268 10 1
-161 -267 10 1
-192 -251 4 1
-155 -259 12 1
-156 -259 12 0
-189 -290 13 1
-189 -290 15 1
-189 -289 14 1
-189 -289 15 1
-189 -288 14 1
-188 -282 14 0
-198 -276 6 1
-197 -274 6 1
-197 -276 6 1
-199 -276 6 1
-200 -273 9 1
-168 -265 13 0
-167 -265 13 0
-164 -268 15 0
-196 -295 10 2
-196 -295 12 1
-200 -269 12 1
-196 -294 11 1
-200 -254 24 2
-172 -254 9 0
-168 -255 8 0
-171 -284 16 0
-172 -284 16 0
-175 -290 17 0
-175 -289 16 0
-173 -257 8 0
-169 -260 6 1
-174 -286 16 0
-178 -281 18 0
-177 -289 18 0
-177 -287 17 0
-173 -283 19 0
-173 -283 18 0
-175 -284 17 0
-179 -284 19 0
-178 -285 17 0
-167 -252 6 1
-167 -260 5 1
-175 -286 17 0
-176 -282 20 0
-176 -283 19 0
-176 -283 18 0
-176 -284 17 0
-170 -260 6 1
-170 -259 4 1
-170 -259 5 2
-170 -258 4 1
-168 -258 13 0
-195 -260 10 0
-168 -264 14 0
-154 -271 10 1
-154 -271 9 2
-154 -273 11 1
-155 -276 7 1
-155 -277 7 1
-155 -278 7 1
-170 -271 13 1
-170 -272 13 1
-170 -273 13 1
-173 -267 12 0
-174 -266 13 0
-175 -266 13 0
-174 -273 12 0
-164 -271 19 1
-164 -270 18 0
-162 -274 21 1
-169 -271 13 1
-169 -270 13 1
-168 -272 12 2
-179 -272 11 0
-179 -273 12 0
-180 -275 14 0
-181 -267 14 0
-177 -272 12 0
-180 -272 12 0
-181 -272 12 0
-182 -272 12 0
-183 -273 13 0
-190 -257 11 0
-176 -288 13 1
-177 -288 13 1
-185 -294 16 2
-186 -295 15 1
-186 -295 16 1
-186 -294 15 1
-186 -294 16 1
-197 -254 6 1
-198 -254 6 1
-178 -287 11 1
-195 -260 4 1
-195 -260 5 1
-195 -272 15 0
-175 -267 4 1
-175 -267 3 1
-176 -267 5 2
-176 -267 4 1
-176 -267 3 1
-177 -266 4 2
-177 -266 3 1
-177 -267 3 1
-185 -281 12 0
-182 -265 4 2
-178 -266 5 1
-178 -265 6 0
-178 -264 6 0
-177 -267 6 2
-169 -270 7 1
-169 -270 8 1
-169 -270 9 2
-169 -269 7 1
-169 -269 9 2
-169 -268 8 2
-168 -270 7 1
-168 -270 9 2
-182 -251 5 1
-182 -251 4 2
-182 -251 3 1
-182 -252 5 1
-198 -264 27 0
-198 -265 27 0
-197 -272 14 0
-198 -261 28 0
-197 -260 27 0
-196 -260 26 0
-200 -263 28 0
-190 -270 14 0
-191 -270 15 0
-189 -271 6 2
-197 -262 8 0
-197 -263 8 0
-197 -264 8 0
-198 -271 9 1
-192 -265 9 0
-193 -265 8 0
-199 -270 9 1
-200 -264 9 0
-195 -262 10 0
-195 -263 9 0
-195 -264 9 0
-196 -265 8 0
-200 -269 8 1
-192 -268 10 0
-193 -268 10 0
-194 -267 9 1
-160 -255 10 1
-164 -254 10 0
-163 -255 10 0
-163 -256 11 0
-162 -256 11 0
-166 -258 11 1
-161 -253 12 0
-161 -254 12 0
-161 -255 12 0
-162 -259 12 0
-165 -255 13 0
-164 -256 12 0
-162 -257 12 0
-195 -295 12 1
-195 -295 11 1
-163 -288 16 0
-166 -284 16 0
-192 -260 14 0
-196 -263 15 0
-196 -263 14 0
-194 -262 16 0
-194 -262 15 0
-194 -262 14 0
-178 -261 12 0
-179 -260 10 0
-184 -254 8 0
-176 -257 8 0
-179 -258 12 0
-180 -251 8 0
-180 -252 8 0
-175 -253 9 1
-176 -253 9 1
-184 -252 9 0
-183 -252 9 0
-181 -287 11 1
-178 -251 9 0
-179 -253 9 0
-190 -264 5 1
-176 -255 10 0
-195 -277 9 0
-198 -275 11 0
-200 -275 11 0
-181 -251 10 0
-181 -252 10 0
-191 -262 6 0
-200 -274 12 0
-191 -259 4 1
-191 -259 3 2
-183 -254 12 0
-181 -254 10 0
-179 -252 11 0
-197 -259 14 0
-192 -261 14 0
-198 -262 15 0
-195 -260 15 0
-195 -261 14 0
-195 -254 39 0
-190 -252 39 0
-198 -252 37 2
-198 -252 38 2
-198 -252 39 1
-198 -251 37 2
-198 -251 39 1
-194 -263 15 0
-194 -263 14 0
-198 -278 12 0
-197 -252 39 1
-197 -251 39 1
-196 -252 39 1
-196 -251 39 1
-193 -254 37 2
-172 -278 18 1
-173 -271 18 0
-174 -276 17 0
-194 -268 17 0
-193 -269 16 0
-176 -268 11 0
-176 -270 10 0
-174 -261 9 0
-187 -265 13 0
-172 -271 7 1
-172 -262 7 0
-174 -263 12 0
-172 -264 4 1
-170 -267 14 0
-171 -264 13 0
-173 -263 12 0
-187 -265 14 0
-192 -285 10 1
-186 -261 12 0
-192 -284 8 1
-184 -256 5 1
-184 -255 5 2
-183 -255 6 1
-182 -251 6 1
-191 -285 11 0
-186 -269 12 0
-196 -282 16 0
-182 -252 6 1
-186 -269 13 0
-200 -279 15 0
-200 -279 16 0
-172 -264 11 0
-171 -262 10 0
-198 -282 15 0
-198 -283 15 0
-199 -284 16 0
-186 -270 14 0
-197 -280 13 0
-196 -280 14 0
-184 -265 13 0
-194 -281 15 0
-193 -281 15 0
-200 -281 14 0
-197 -281 13 0
-197 -282 14 0
-196 -283 14 0
-199 -279 13 0
-195 -279 13 0
-193 -279 14 0
-191 -288 17 0
-190 -288 19 0
-193 -289 17 0
-193 -289 18 0
-188 -268 11 0
-192 -286 16 0
-191 -285 18 0
-191 -289 16 0
-182 -252 10 0
-188 -269 11 0
-200 -257 34 0
-188 -270 11 0
-198 -257 35 0
-196 -279 11 0
-168 -265 9 1
-187 -271 10 0
-186 -272 10 0
-190 -270 10 0
-194 -255 12 0
-190 -272 9 0
-177 -251 13 0
-185 -269 9 0
-189 -270 9 0
-187 -261 3 2
-188 -260 2 1
-188 -260 3 2
-187 -262 2 1
-187 -262 3 2
-187 -262 4 1
-187 -261 2 1
-187 -261 4 1
-170 -275 10 2
-187 -260 3 1
-193 -255 15 0
-200 -272 6 1
-186 -261 3 2
-192 -257 15 0
-198 -254 15 0
-195 -253 13 0
-175 -274 8 1
-175 -274 9 1
-197 -253 12 0
-196 -278 6 1
-194 -263 18 0
-194 -264 19 0
-195 -264 19 0
-199 -270 18 0
-198 -269 19 0
-190 -268 19 0
-191 -267 19 0
-192 -267 19 0
-198 -263 19 0
-198 -264 19 0
-172 -283 15 0
-170 -282 17 0
-171 -284 8 1
-171 -285 8 1
-171 -286 10 1
-171 -286 9 2
-171 -286 8 1
-172 -284 8 1
-172 -285 10 2
-172 -285 8 1
-172 -286 10 1
-172 -286 9 2
-172 -286 8 1
-173 -284 9 2
-173 -284 8 1
-173 -285 10 1
-173 -285 9 2
-173 -285 8 1
-189 -256 9 1
-190 -256 9 1
-194 -287 11 1
-196 -253 11 0
-192 -255 11 0
-197 -256 12 0
-181 -277 8 1
-194 -254 12 0
-190 -259 10 0
-196 -254 11 0
-192 -263 9 0
-193 -257 9 0
-156 -258 8 2
-190 -257 9 1
-186 -290 14 2
-195 -256 4 1
-197 -254 11 0
-154 -254 7 1
-173 -281 15 0
-172 -282 14 0
-169 -284 16 0
-170 -283 14 0
-169 -281 17 1
-170 -281 17 1
-171 -281 17 1
-172 -283 17 0
-172 -283 16 0
-171 -283 14 0
-168 -286 10 1
-199 -261 33 0
-200 -260 33 0
-156 -260 16 0
-155 -260 14 0
-191 -257 6 2
-191 -257 5 2
-196 -255 33 0
-156 -260 8 2
-177 -253 2 1
-177 -253 3 1
-177 -253 4 2
-198 -288 13 0
-161 -280 9 1
-161 -280 10 2
-161 -280 11 1
-160 -281 9 1
-160 -281 10 1
-160 -281 11 1
-160 -280 9 1
-160 -280 11 1
-160 -279 9 1
-159 -281 9 1
-159 -281 10 1
-159 -281 11 1
-159 -280 9 1
-159 -280 10 1
-159 -280 11 1
-159 -279 9 1
-159 -279 10 1
-165 -276 10 1
-198 -300 18 0
-190 -297 24 0
-190 -296 24 0
-199 -300 17 1
-191 -292 24 0
-198 -295 17 0
-199 -293 17 0
-193 -295 24 0
-195 -296 16 0
-190 -294 25 0
-190 -293 16 0
-190 -293 17 0
-193 -295 16 0
-192 -295 17 0
-192 -294 18 0
-192 -291 17 0
-191 -292 17 0
-191 -292 18 0
-192 -297 17 0
-191 -296 18 0
-191 -295 19 0
-194 -293 18 0
-193 -293 19 0
-192 -294 19 0
-188 -298 18 0
-190 -292 19 0
-194 -297 18 0
-194 -290 19 0
-193 -291 19 0
-192 -292 20 0
-192 -293 20 0
-195 -299 16 1
-193 -299 15 0
-197 -295 15 1
-188 -269 10 0
-186 -269 9 0
-195 -255 9 0
-195 -255 10 0
-196 -255 11 0
-183 -269 7 1
-194 -251 11 0
-193 -255 9 0
-197 -253 9 0
-198 -253 10 0
-195 -256 8 0
-195 -257 9 0
-195 -258 9 0
-195 -253 7 0
-197 -256 38 0
-199 -257 37 0
-195 -255 37 1
-192 -255 7 1
-190 -255 9 1
-178 -266 7 1
-190 -294 20 0
-182 -297 20 0
-183 -296 20 0
-186 -289 21 0
-186 -290 20 0
-188 -298 21 0
-186 -296 21 0
-186 -295 20 0
-188 -293 21 0
-172 -260 10 0
-167 -257 11 0
-194 -289 17 0
-191 -251 10 0
-155 -251 14 0
-156 -252 14 0
-157 -252 14 0
-151 -251 13 1
-188 -254 7 1
-153 -259 15 0
-154 -259 16 0
-154 -259 17 0
-154 -251 13 0
-154 -253 12 0
-156 -257 16 0
-153 -261 15 0
-153 -262 16 0
-157 -251 11 0
-153 -252 12 1
-153 -251 12 1
-156 -259 14 0
-152 -252 12 1
-152 -251 12 1
-174 -287 22 0
-174 -286 22 0
-195 -288 13 1
-194 -288 13 1
-193 -288 13 1
-171 -268 10 1
-170 -268 11 0
-152 -265 10 2
-171 -264 10 0
-174 -287 16 0
-174 -280 16 0
-179 -287 16 0
-178 -286 17 0
-191 -251 15 0
-195 -257 16 0
-182 -284 8 1
-192 -254 17 0
-194 -253 16 0
-172 -285 17 0
-178 -280 17 0
-178 -281 17 0
-176 -289 17 0
-173 -282 18 0
-180 -284 18 0
-173 -286 18 0
-176 -279 18 0
-176 -280 18 0
-176 -281 18 0
-176 -262 9 0
-151 -256 14 0
-190 -255 6 2
-186 -251 5 1
-185 -292 22 0
-184 -292 22 0
-180 -295 23 0
-181 -294 23 0
-181 -294 22 0
-182 -290 24 0
-182 -290 23 0
-182 -291 22 0
-182 -291 21 0
-184 -294 24 0
-183 -294 23 0
-183 -293 22 0
-183 -293 21 0
-195 -292 9 2
-195 -293 11 1
-196 -293 11 1
-197 -292 11 1
-198 -290 16 0
-197 -296 9 1
-197 -297 9 1
-198 -290 17 0
-197 -292 17 0
-157 -256 15 0
-200 -285 13 0
-193 -252 13 0
-164 -268 11 0
-163 -269 11 1
-168 -266 11 0
-169 -266 11 0
-167 -269 11 1
-192 -268 12 0
-193 -267 12 0
-161 -289 16 0
-161 -288 16 0
-199 -274 14 0
-194 -269 12 0
-194 -269 11 0
-197 -278 14 0
-198 -279 14 0
-194 -288 16 0
-197 -257 8 0
-190 -290 18 0
-190 -290 17 0
-197 -255 9 0
-171 -270 7 1
-170 -270 7 1
-198 -261 36 0
-199 -258 30 0
-171 -300 15 0
-199 -261 29 0
-198 -261 34 0
-197 -262 35 0
-158 -259 10 1
-154 -264 8 1
-158 -261 11 0
-197 -263 32 0
-198 -257 31 0
-198 -260 31 0
-197 -261 31 0
-196 -261 31 0
-195 -276 10 0
-163 -264 15 0
-192 -265 2 1
-198 -259 11 0
-160 -264 12 1
-183 -283 12 0
-183 -262 6 0
-195 -277 10 0
-194 -279 7 1
-195 -253 35 0
-194 -279 8 1
-193 -279 7 1
-193 -279 8 1
-193 -279 9 1
-193 -278 9 1
-192 -279 7 1
-192 -279 8 1
-192 -279 9 1
-192 -278 9 1
-194 -254 40 0
-197 -253 41 0
-197 -253 40 0
-191 -270 6 1
-173 -275 12 0
-173 -276 13 0
-172 -277 13 1
-194 -279 13 0
-197 -252 32 0
-197 -251 33 2
-193 -252 32 0
-184 -270 11 0
-193 -254 9 0
-196 -274 17 0
-196 -273 16 0
-194 -273 19 0
-194 -273 18 0
-194 -273 17 0
-178 -256 6 0
-197 -273 13 1
-196 -272 14 0
-190 -271 13 0
-191 -271 14 0
-152 -264 14 0
-152 -264 13 0
-189 -263 3 2
-189 -263 2 1
-190 -261 4 1
-179 -251 8 0
-193 -253 40 0
-193 -252 40 0
-193 -252 39 0
-194 -251 37 0
-196 -251 41 0
-196 -251 40 0
-200 -268 6 0
-199 -267 4 1
-199 -267 3 2
-199 -267 2 1
-197 -257 39 0
-198 -254 12 0
-198 -255 40 0
-198 -255 39 0
-189 -253 12 0
-154 -256 8 2
-155 -255 9 1
-155 -255 7 1
-196 -257 36 0
-158 -254 13 0
-163 -259 13 0
-162 -254 14 0
-161 -255 13 0
-161 -262 15 0
-163 -257 15 0
-163 -257 14 0
-162 -257 14 0
-161 -257 13 0
-158 -260 16 0
-190 -277 6 1
-187 -275 10 0
-187 -271 11 0
-190 -276 12 0
-187 -273 13 0
-188 -270 14 0
-190 -274 13 0
-190 -273 13 0
-190 -272 14 0
-191 -276 5 1
-192 -276 5 1
-193 -276 5 1
-187 -272 9 0
-191 -276 9 0
-187 -274 10 0
-188 -274 10 0
-198 -285 10 1
-197 -287 8 1
-195 -283 8 1
-197 -287 10 1
-197 -286 8 1
-173 -264 6 2
-173 -264 5 1
-173 -265 7 1
-173 -265 6 2
-173 -265 5 1
-160 -280 16 0
-160 -280 17 0
-158 -279 15 0
-159 -277 14 0
-157 -279 12 0
-167 -286 8 1
-169 -286 11 0
-153 -252 8 1
-169 -276 27 0
-170 -276 25 0
-162 -258 14 0
-186 -259 5 1
-167 -269 12 1
-154 -264 13 0
-178 -276 15 0
-189 -255 11 0
-179 -274 13 0
-199 -263 34 0
-199 -263 35 0
-197 -259 35 0
-196 -261 7 0
-199 -261 32 0
-198 -262 33 0
-197 -262 33 0
-168 -265 14 0
-169 -264 15 0
-163 -263 14 0
-163 -263 15 0
-166 -266 12 0
-166 -267 12 0
-166 -267 13 0
-167 -268 14 0
-167 -269 14 0
-166 -264 12 0
-167 -263 13 0
-167 -262 13 0
-168 -261 14 0
-162 -267 14 0
-172 -279 7 1
-172 -278 7 1
-199 -265 10 0
-172 -277 7 1
-171 -279 7 1
-171 -278 7 1
-191 -274 6 2
-188 -251 10 0
-179 -283 12 1
-166 -251 2 1
-178 -285 11 2
-178 -285 12 1
-178 -285 13 1
-168 -251 10 0
-168 -251 9 0
-162 -266 9 1
-162 -265 7 1
-162 -265 8 2
-162 -265 9 1
-162 -264 7 1
-162 -253 14 0
-166 -255 13 0
-165 -252 12 0
-193 -253 17 0
-177 -284 19 0
-178 -283 19 0
-179 -283 20 0
-172 -282 20 0
-176 -287 19 0
-176 -288 20 0
-176 -282 18 0
-177 -281 19 0
-173 -285 18 0
-171 -285 19 0
-178 -285 18 0
-179 -286 19 0
-174 -280 18 0
-174 -287 17 0
-174 -288 18 0
-193 -253 16 0
-168 -285 19 0
-168 -285 20 0
-168 -285 21 0
-170 -286 19 0
-199 -266 10 0
-160 -255 15 0
-160 -253 11 0
-155 -255 10 0
-160 -256 7 2
-159 -263 14 0
-179 -253 3 1
-179 -253 4 2
-179 -253 5 2
-179 -256 6 1
-179 -255 6 1
-177 -257 3 2
-177 -257 4 2
-183 -251 12 0
-188 -253 4 2
-187 -263 12 0
-188 -264 13 0
-188 -262 13 0
-188 -255 4 2
-200 -284 11 0
-187 -251 12 0
-196 -288 8 1
-200 -261 7 1
-200 -254 7 1
-197 -259 8 0
-200 -251 9 2
-162 -275 15 1
-157 -271 16 0
-160 -276 16 0
-160 -277 16 0
-160 -278 16 0
-160 -279 15 0
-163 -271 15 1
-163 -270 15 0
-155 -274 15 0
-160 -271 15 0
-159 -270 15 0
-159 -270 14 0
-159 -275 16 0
-158 -277 14 0
-158 -278 14 0
-163 -273 14 2
-163 -274 14 2
-163 -273 13 1
-163 -272 13 1
-163 -272 14 1
-162 -273 13 1
-162 -272 13 1
-162 -272 14 1
-159 -273 15 0
-157 -273 14 0
-157 -272 13 0
-161 -276 14 0
-161 -277 13 0
-158 -275 12 0
-161 -274 14 1
-162 -274 12 1
-159 -273 12 1
-151 -257 18 0
-154 -258 17 0
-172 -256 5 1
-165 -275 17 1
-165 -275 16 2
-166 -275 17 1
-166 -275 16 1
-169 -271 17 0
-187 -287 13 1
-187 -288 13 1
-172 -276 19 0
-192 -262 11 0
-192 -261 12 0
-198 -266 10 0
-191 -267 12 0
-195 -264 11 0
-196 -263 12 0
-191 -263 9 0
-197 -261 7 0
-189 -285 11 1
-188 -285 12 1
-187 -286 12 0
-181 -259 5 1
-156 -262 13 0
-158 -256 13 0
-157 -257 13 0
-186 -260 7 0
-183 -264 5 1
-184 -263 6 0
-184 -256 6 1
-157 -260 14 0
-164 -284 9 1
-164 -284 10 1
-164 -284 11 1
-167 -282 10 2
-167 -283 9 1
-167 -283 10 1
-167 -283 11 1
-167 -282 9 1
-167 -282 11 1
-183 -266 5 2
-183 -266 3 1
-200 -261 18 0
-200 -258 16 0
-152 -255 17 0
-197 -272 7 1
-181 -252 4 2
-181 -252 5 1
-187 -287 9 2
-192 -254 19 0
-193 -253 18 0
-194 -253 18 0
-197 -256 19 0
-197 -255 19 0
-180 -265 10 0
-181 -266 12 0
-179 -262 11 0
-179 -262 12 0
-178 -266 11 0
-181 -264 11 0
-183 -265 12 0
-180 -266 10 0
-180 -266 11 0
-180 -267 8 0
-180 -268 8 0
-179 -271 6 1
-179 -271 7 1
-173 -266 4 1
-181 -266 2 1
-180 -266 2 1
-177 -265 12 0
-178 -262 12 0
-177 -267 12 0
-179 -264 12 0
-179 -266 11 0
-180 -271 5 1
-180 -271 6 1
-180 -271 7 1
-177 -269 9 0
-177 -266 8 0
-176 -267 8 0
-178 -271 5 1
-178 -271 6 1
-178 -271 7 2
-178 -270 5 1
-178 -270 6 2
-178 -270 7 2
-177 -269 7 1
-177 -268 7 1
-176 -269 5 1
-176 -269 6 2
-183 -264 6 0
-177 -267 7 1
-183 -268 7 0
-179 -269 8 1
-179 -268 8 0
-179 -267 7 0
-176 -266 9 0
-178 -265 8 0
-161 -259 7 1
-161 -258 7 1
-161 -258 8 1
-200 -293 10 1
-200 -293 9 2
-192 -286 9 1
-185 -294 21 0
-182 -294 20 0
-181 -296 21 0
-181 -297 21 0
-185 -291 20 0
-186 -291 20 0
-186 -290 21 0
-183 -294 20 0
-184 -295 20 0
-185 -296 20 0
-167 -268 11 0
-186 -252 5 1
-187 -251 6 0
-194 -273 13 0
-192 -251 5 0
-191 -251 6 0
-197 -271 13 1
-187 -254 10 0
-188 -253 11 0
-191 -270 11 0
-194 -271 12 0
-176 -277 8 2
-176 -277 7 1
-177 -272 9 1
-171 -277 10 2
-171 -277 9 1
-172 -277 11 1
-172 -277 10 2
-192 -289 17 0
-192 -289 18 0
-190 -285 17 0
-190 -285 18 0
-189 -289 17 0
-188 -290 18 0
-191 -287 14 0
-173 -278 10 2
-173 -277 8 1
-173 -276 8 1
-172 -278 8 2
-172 -278 9 2
-172 -278 10 2
-198 -270 13 1
-192 -276 12 0
-191 -276 12 0
-197 -277 13 0
-158 -275 15 0
-157 -275 15 0
-156 -275 14 0
-163 -276 14 1
-163 -277 14 0
-159 -272 14 0
-159 -270 13 0
-159 -275 15 0
-157 -273 13 0
-156 -273 12 0
-183 -253 5 1
-183 -253 4 2
-183 -253 3 1
-184 -251 5 2
-184 -251 4 2
-184 -251 3 1
-184 -252 5 2
-184 -252 3 2
-184 -253 5 2
-184 -253 4 2
-184 -253 3 1
-193 -262 4 1
-182 -267 8 0
-183 -267 9 0
-190 -260 5 2
-190 -261 6 1
-190 -261 5 1
-191 -259 7 1
-191 -259 6 2
-191 -259 5 2
-191 -260 7 1
-191 -260 5 1
-176 -274 8 2
-176 -274 7 1
-176 -276 8 2
-176 -275 8 2
-176 -275 7 1
-199 -271 3 2
-200 -272 2 1
-200 -272 3 1
-200 -272 4 1
-200 -271 2 1
-176 -300 13 0
-198 -271 5 1
-199 -269 7 1
-199 -269 6 1
-199 -269 5 1
-199 -270 7 2
-174 -299 10 0
-173 -300 10 0
-199 -271 5 2
-198 -270 6 2
-169 -265 13 0
-198 -266 7 1
-199 -267 7 1
-169 -268 13 0
-167 -269 15 0
-198 -271 8 2
-198 -271 7 2
-198 -271 6 1
-198 -272 8 1
-198 -272 7 2
-188 -267 10 0
-200 -256 37 0
-185 -252 6 2
-184 -254 5 1
-200 -255 38 0
-192 -261 4 1
-192 -261 5 1
-192 -261 6 1
-192 -260 4 1
-192 -260 5 2
-185 -287 11 1
-160 -264 14 0
-160 -264 15 0
-159 -266 15 0
-159 -266 16 0
-163 -264 14 0
-162 -268 15 0
-157 -265 14 0
-157 -267 11 0
-160 -269 11 1
-156 -264 12 0
-164 -256 8 1
-155 -264 12 0
-155 -259 16 0
-196 -265 26 0
-185 -256 7 0
-184 -257 7 0
-183 -264 7 0
-183 -263 7 0
-181 -261 8 0
-183 -254 8 0
-193 -266 2 1
-194 -266 4 1
-194 -266 3 2
-194 -266 2 1
-195 -262 5 1
-191 -265 7 1
-198 -273 10 1
-174 -271 9 1
-174 -271 8 2
-200 -257 7 0
-168 -266 10 0
-169 -265 9 1
-191 -271 5 1
-191 -270 3 1
-191 -270 4 1
-191 -270 5 1
-191 -269 3 1
-191 -269 4 1
-186 -275 6 1
-186 -275 7 1
-186 -275 8 1
-181 -258 6 0
-179 -258 5 1
-183 -261 6 0
-183 -257 2 1
-183 -257 3 2
-183 -257 4 1
-183 -256 2 1
-183 -256 3 2
-183 -256 4 1
-199 -288 12 0
-192 -267 2 1
-186 -259 10 0
-182 -262 12 0
-183 -260 12 0
-199 -285 8 1
-183 -260 10 0
-193 -264 15 0
-195 -259 14 0
-195 -275 9 1
-195 -275 11 0
-197 -269 16 0
-182 -265 7 0
-197 -276 12 0
-194 -277 10 0
-178 -262 10 0
-159 -261 7 1
-159 -262 7 1
-160 -260 7 1
-160 -261 7 1
-160 -262 9 1
-165 -266 11 0
-199 -252 13 2
-199 -252 12 2
-199 -252 11 2
-199 -252 10 2
-199 -253 31 2
-199 -253 30 2
-199 -253 29 2
-199 -253 28 2
-199 -253 27 2
-164 -275 17 2
-164 -275 16 2
-157 -273 17 0
-159 -273 18 0
-164 -269 17 0
-161 -278 18 0
-161 -277 18 0
-161 -276 18 0
-158 -269 18 0
-158 -270 18 0
-157 -276 19 0
-158 -275 19 0
-164 -277 19 0
-156 -272 19 0
-172 -287 18 0
-173 -287 17 0
-178 -282 18 0
-177 -284 17 0
-178 -289 18 0
-177 -288 17 0
-180 -285 19 0
-179 -285 18 0
-175 -288 19 0
-175 -287 19 0
-175 -287 18 0
-176 -286 17 0
-176 -283 20 0
-176 -284 18 0
-178 -287 20 0
-164 -274 17 1
-160 -273 16 0
-153 -260 9 2
-153 -260 10 1
-153 -260 11 1
-153 -259 9 2
-153 -259 10 1
-153 -259 11 1
-152 -255 10 0
-152 -254 9 1
-153 -258 9 2
-153 -258 10 2
-153 -258 11 1
-153 -257 9 1
-153 -257 10 1
-153 -257 11 1
-188 -266 10 0
-192 -263 8 0
-192 -262 9 0
-191 -261 9 0
-190 -260 10 0
-192 -267 9 0
-191 -268 9 0
-191 -269 9 1
-196 -262 9 0
-197 -262 9 0
-168 -271 10 2
-168 -271 9 1
-168 -271 8 1
-172 -270 11 0
-175 -271 10 0
-151 -256 15 0
-164 -258 8 2
-164 -259 8 1
-163 -256 8 1
-164 -258 9 2
-188 -256 13 0
-189 -255 12 0
-151 -257 19 0
-151 -255 16 0
-153 -255 18 0
-185 -280 13 0
-189 -283 11 0
-152 -257 15 0
-152 -257 16 0
-153 -257 16 0
-200 -288 14 0
-176 -279 16 0
-173 -277 17 0
-197 -260 7 0
-197 -259 7 0
-196 -295 11 2
-197 -296 10 1
-197 -296 11 1
-194 -264 8 0
-191 -269 8 1
-192 -268 8 1
-193 -267 8 1
-196 -262 8 0
-196 -263 8 0
-196 -264 8 0
-190 -264 9 0
-191 -265 8 1
-192 -265 8 1
-186 -255 4 1
-187 -265 4 1
-179 -263 6 0
-176 -266 3 1
-176 -266 4 2
-176 -265 3 1
-176 -265 4 2
-176 -265 5 1
-175 -266 3 1
-175 -266 4 1
-175 -266 5 2
-174 -266 3 1
-174 -266 4 1
-164 -260 15 0
-162 -258 16 0
-164 -257 8 1
-196 -252 8 0
-196 -259 9 0
-196 -258 9 0
-181 -257 11 0
-198 -269 23 0
-198 -268 23 0
-169 -276 22 1
-168 -278 21 2
-168 -278 22 1
-168 -277 22 1
-168 -276 22 1
-172 -277 20 0
-173 -277 21 0
-175 -278 21 0
-169 -273 20 0
-169 -273 21 0
-169 -272 21 0
-169 -280 21 0
-167 -274 21 2
-173 -279 20 0
-167 -272 19 0
-171 -281 18 0
-166 -286 17 0
-198 -265 13 0
-192 -267 12 0
-199 -251 37 2
-199 -251 36 2
-154 -258 8 2
-198 -278 15 0
-195 -292 10 1
-196 -292 10 1
-198 -289 11 1
-198 -290 12 0
-199 -289 10 1
-162 -262 9 1
-199 -277 16 0
-198 -268 14 0
-192 -268 15 0
-195 -264 3 2
-190 -271 6 2
-190 -271 4 1
-190 -272 6 2
-196 -253 39 1
-196 -253 40 0
-196 -253 41 0
-198 -254 39 0
-198 -254 40 0
-199 -254 41 0
-196 -255 40 0
-199 -252 39 1
-200 -252 39 1
-189 -275 6 1
-198 -255 38 0
-198 -257 39 0
-199 -253 36 2
-199 -253 37 1
-193 -254 39 0
-190 -275 6 1
-197 -255 37 0
-196 -256 37 0
-196 -256 38 0
-195 -285 11 1
-194 -287 9 1
-194 -287 10 1
-194 -285 11 1
-194 -254 32 0
-154 -255 9 1
-185 -262 4 1
-184 -264 2 1
-200 -259 9 0
-187 -288 10 1
-187 -288 11 1
-187 -288 12 1
-187 -287 10 1
-180 -251 14 0
-200 -251 5 2
-200 -251 6 2
-199 -254 5 1
-199 -258 5 0
-200 -258 5 0
-197 -256 37 0
-197 -253 5 1
-196 -258 5 1
-199 -256 5 0
-200 -255 4 1
-195 -258 3 2
-195 -258 2 1
-196 -256 4 1
-196 -256 3 2
-196 -256 2 1
-196 -257 4 1
-196 -257 3 2
-151 -259 17 0
-155 -256 15 0
-155 -256 16 0
-156 -256 16 0
-154 -260 15 0
-154 -261 16 0
-190 -288 12 2
-156 -258 14 0
-157 -258 15 0
-157 -254 14 0
-156 -253 11 0
-200 -267 9 1
-200 -267 10 1
-200 -266 11 0
-200 -266 12 0
-194 -255 36 1
-184 -288 12 1
-187 -285 12 0
-188 -285 11 1
-189 -284 10 1
-186 -288 11 1
-188 -287 8 1
-188 -287 9 1
-188 -286 8 1
-188 -286 9 2
-188 -286 10 2
-188 -285 8 1
-188 -285 9 1
-188 -285 10 2
-187 -287 8 1
-187 -286 8 1
-187 -285 8 1
-176 -286 11 1
-171 -273 17 0
-173 -274 18 0
-168 -273 18 1
-164 -282 15 0
-170 -282 13 0
-172 -283 14 0
-167 -283 13 0
-167 -284 13 0
-167 -285 13 0
-166 -286 14 0
-166 -279 15 1
-168 -282 12 0
-169 -283 12 0
-170 -283 13 0
-171 -285 13 0
-165 -284 12 0
-164 -284 12 0
-168 -283 12 0
-168 -284 12 0
-168 -285 11 1
-168 -286 11 1
-168 -284 9 1
-168 -284 10 1
-183 -267 7 0
-179 -265 8 0
-181 -267 10 0
-182 -266 10 0
-179 -264 11 0
-184 -266 11 0
-181 -265 12 0
-181 -264 12 0
-184 -267 8 0
-180 -267 9 0
-182 -268 10 0
-183 -267 10 0
-183 -266 10 0
-180 -265 11 0
-181 -265 11 0
-181 -265 10 0
-157 -267 7 1
-153 -262 17 0
-156 -263 16 0
-153 -264 15 0
-153 -264 16 0
-154 -265 13 0
-153 -266 13 0
-153 -261 17 0
-155 -263 17 0
-152 -264 16 0
-155 -265 15 0
-200 -261 14 0
-199 -262 14 0
-200 -256 14 0
-183 -265 5 1
-160 -251 15 0
-159 -251 12 0
-183 -267 4 2
-183 -267 3 1
-184 -266 4 2
-163 -256 14 0
-164 -254 12 0
-158 -252 9 0
-156 -251 10 0
-200 -257 17 0
-162 -251 11 0
-166 -255 9 0
-168 -253 10 0
-197 -258 15 0
-169 -256 8 0
-184 -266 3 1
-199 -256 14 0
-159 -257 6 1
-162 -300 10 0
-164 -300 10 0
-194 -260 4 1
-194 -260 5 1
-194 -260 6 2
-195 -263 26 0
-196 -263 26 0
-196 -260 28 0
-194 -265 29 0
-195 -252 6 1
-195 -251 6 1
-195 -254 6 0
-197 -256 4 1
-191 -257 4 2
-192 -258 3 1
-192 -257 3 1
-198 -266 14 0
-192 -256 5 2
-185 -264 13 0
-182 -263 13 0
-194 -268 19 0
-193 -270 18 0
-193 -271 18 0
-199 -266 17 0
-193 -266 18 0
-192 -266 18 0
-192 -265 17 0
-196 -269 18 0
-162 -277 19 0
-164 -269 19 0
-165 -269 19 0
-189 -264 2 1
-198 -263 22 0
-198 -264 22 0
-199 -272 10 1
-174 -278 17 0
-151 -284 13 0
-177 -291 17 0
-177 -290 17 0
-182 -291 17 0
-152 -284 13 0
-153 -284 12 0
-153 -284 11 0
-191 -295 18 0
-194 -298 17 0
-193 -296 18 0
-195 -294 18 0
-195 -294 19 0
-190 -298 18 0
-191 -290 18 0
-192 -292 19 0
-196 -297 18 0
-195 -297 19 0
-195 -296 19 0
-194 -296 20 0
-175 -263 12 0
-174 -256 6 0
-175 -256 7 0
-192 -261 8 0
-176 -256 7 0
-195 -262 6 0
-159 -277 15 0
-159 -272 16 0
-158 -272 15 0
-157 -272 15 0
-184 -279 8 1
-184 -279 7 1
-185 -279 9 1
-185 -279 8 2
-185 -279 7 1
-186 -279 9 1
-186 -279 8 1
-186 -279 7 1
-183 -279 10 0
-187 -279 10 0
-181 -279 11 0
-185 -278 12 0
-185 -264 5 1
-197 -262 27 0
-151 -253 19 0
-193 -268 6 1
-170 -270 9 2
-170 -270 10 1
-170 -269 8 2
-170 -269 9 2
-170 -269 10 1
-170 -268 8 2
-170 -268 9 1
-169 -270 10 1
-169 -269 10 1
-169 -268 10 1
-168 -270 10 2
-168 -269 10 1
-171 -264 6 2
-171 -264 7 2
-200 -261 31 0
-194 -258 14 0
-195 -257 13 0
-193 -258 14 0
-195 -258 14 0
-196 -257 13 0
-197 -257 13 0
-192 -276 6 1
-185 -260 7 0
-185 -257 5 2
-185 -257 4 2
-186 -262 6 0
-182 -259 5 1
-184 -260 7 0
-184 -257 6 1
-180 -261 6 0
-193 -269 12 0
-194 -265 22 0
-164 -265 14 0
-164 -265 15 0
-163 -262 13 0
-162 -265 13 0
-161 -266 14 0
-161 -266 15 0
-165 -263 13 0
-166 -263 14 0
-166 -263 15 0
-163 -265 12 0
-164 -266 13 0
-183 -261 7 0
-151 -287 10 0
-197 -266 14 0
-182 -251 14 0
-186 -282 11 0
-176 -260 7 0
-174 -262 9 0
-189 -267 9 0
-189 -268 9 0
-200 -277 7 2
-155 -266 9 1
-157 -262 11 0
-161 -258 10 2
-159 -260 11 0
-158 -266 10 1
-158 -265 11 0
-158 -264 11 0
-173 -299 12 0
-169 -300 11 0
-172 -300 10 0
-172 -299 10 0
-174 -252 10 0
-191 -269 22 0
-191 -269 21 0
-193 -268 20 0
-195 -270 21 0
-193 -266 21 0
-193 -270 23 0
-193 -270 22 0
-194 -269 22 0
-188 -262 7 0
-189 -262 7 0
-187 -266 5 2
-188 -266 6 1
-189 -263 7 0
-188 -258 7 2
-188 -258 6 2
-163 -279 10 1
-163 -279 9 1
-155 -272 11 1
-155 -272 10 2
-155 -272 9 1
-155 -273 11 1
-155 -273 10 1
-155 -273 9 1
-155 -274 11 1
-155 -274 10 1
-155 -274 9 2
-156 -272 11 1
-156 -272 10 2
-156 -272 9 1
-156 -273 9 1
-156 -274 11 1
-156 -274 10 1
-156 -274 9 2
-157 -272 11 1
-157 -272 10 1
-157 -272 9 1
-157 -273 11 1
-157 -273 10 2
-157 -273 9 1
-157 -274 11 1
-157 -274 10 2
-157 -274 9 1
-156 -273 10 2
-164 -275 11 2
-164 -275 10 1
-165 -275 11 1
-165 -275 10 1
-168 -255 10 0
-169 -262 10 1
-169 -262 11 1
-180 -258 4 1
-180 -258 3 2
-180 -258 2 1
-180 -259 2 1
-180 -260 6 0
-178 -259 5 1
-178 -259 4 2
-175 -256 5 1
-175 -256 4 1
-175 -256 3 1
-176 -254 5 1
-176 -254 4 2
-176 -254 3 2
-176 -255 5 1
-177 -281 12 0
-181 -256 6 1
-178 -258 3 2
-178 -258 4 1
-176 -273 12 0
-177 -273 11 0
-178 -273 11 0
-174 -275 11 0
-174 -276 11 0
-174 -277 11 1
-174 -278 11 1
-177 -269 10 0
-191 -275 10 0
-191 -273 10 1
-191 -274 10 0
-189 -252 10 0
-189 -261 4 1
-199 -254 4 1
-198 -255 5 0
-153 -253 13 0
-189 -262 3 2
-189 -262 4 2
-189 -261 2 1
-181 -257 7 0
-193 -260 2 1
-193 -260 3 2
-198 -265 12 0
-193 -259 3 1
-199 -256 35 0
-200 -258 4 1
-196 -254 5 0
-194 -259 3 2
-195 -260 2 1
-195 -260 3 2
-199 -253 39 1
-200 -256 40 0
-183 -251 3 1
-183 -252 5 2
-196 -254 34 0
-196 -252 35 0
-192 -267 13 0
-193 -252 10 0
-171 -274 13 0
-171 -275 13 1
-183 -288 20 0
-181 -294 19 0
-179 -295 19 0
-178 -296 19 0
-184 -293 19 1
-185 -293 19 1
-186 -293 19 1
-187 -293 19 1
-162 -283 20 0
-182 -295 19 0
-182 -296 19 0
-184 -290 19 0
-185 -289 18 0
-178 -293 18 0
-184 -294 19 1
-184 -294 18 1
-185 -295 18 1
-186 -295 17 1
-190 -259 2 1
-190 -260 4 2
-190 -260 3 1
-190 -260 2 1
-200 -251 31 2
-200 -251 30 2
-200 -251 29 2
-200 -251 28 2
-170 -271 9 2
-193 -273 10 1
-190 -286 12 1
-190 -286 11 1
-189 -286 12 2
-200 -273 16 0
-167 -276 17 1
-167 -275 15 1
-167 -275 16 1
-167 -275 17 1
-168 -271 15 0
-173 -283 17 0
-174 -283 17 0
-179 -284 18 0
-174 -287 19 0
-174 -287 18 0
-175 -286 16 1
-175 -282 19 0
-177 -286 18 0
-174 -285 20 0
-170 -273 15 0
-172 -275 17 0
-170 -272 15 0
-170 -271 17 0
-168 -272 15 0
-167 -271 16 0
-171 -277 16 1
-167 -274 15 1
-166 -275 15 1
-166 -274 15 1
-166 -273 15 2
-166 -271 14 1
-165 -271 14 1
-164 -271 13 1
-164 -271 14 1
-174 -285 19 0
-175 -285 18 0
-171 -287 9 1
-171 -287 8 1
-172 -287 9 1
-172 -287 8 1
-173 -287 10 1
-173 -288 12 0
-173 -287 12 0
-176 -286 15 1
-177 -284 15 1
-177 -286 15 1
-175 -289 13 0
-178 -288 15 1
-170 -274 15 0
-170 -274 16 0
-169 -274 17 1
-169 -274 18 1
-177 -288 15 1
-177 -287 15 1
-170 -283 15 0
-172 -284 15 0
-178 -282 15 0
-178 -283 15 1
-174 -289 16 0
-174 -288 15 0
-178 -286 16 0
-176 -285 15 2
-171 -286 17 0
-176 -288 17 0
-176 -287 17 0
-176 -287 16 0
-172 -282 18 0
-173 -283 16 0
-174 -283 16 0
-178 -284 18 0
-178 -284 17 0
-176 -284 16 1
-173 -287 18 0
-174 -286 17 0
-174 -285 16 0
-175 -282 18 0
-175 -283 17 0
-175 -283 16 0
-177 -286 19 0
-176 -285 16 1
-174 -284 19 0
-174 -284 18 0
-173 -282 8 1
-173 -283 8 1
-173 -285 11 1
-177 -288 11 1
-177 -288 10 1
-177 -288 9 1
-198 -287 9 2
-198 -287 10 1
-198 -286 8 1
-152 -258 8 1
-177 -275 15 0
-178 -275 15 0
-175 -277 13 0
-175 -279 14 0
-171 -278 14 2
-171 -278 15 2
-171 -277 14 1
-171 -277 15 1
-171 -276 15 1
-170 -278 14 1
-170 -278 15 1
-169 -278 14 2
-198 -266 22 0
-199 -266 22 0
-200 -266 22 0
-186 -267 8 0
-192 -262 22 0
-196 -267 22 0
-194 -265 5 1
-193 -265 5 1
-181 -263 5 1
-189 -292 15 1
-188 -283 15 0
-190 -286 14 0
-195 -289 16 0
-157 -261 9 2
-157 -260 7 1
-200 -284 13 0
-198 -254 33 0
-200 -255 33 0
-200 -251 32 2
-198 -256 35 0
-174 -266 5 1
-179 -265 5 1
-178 -265 3 1
-178 -265 4 2
-178 -265 5 1
-177 -265 3 1
-177 -265 4 2
-177 -265 5 1
-176 -272 9 1
-176 -271 7 2
-176 -271 8 1
-176 -271 9 1
-176 -270 7 2
-176 -270 8 1
-173 -270 16 0
-171 -267 14 0
-186 -261 9 0
-181 -261 9 0
-151 -253 11 2
-151 -253 10 2
-152 -253 12 1
-152 -253 11 1
-152 -253 10 1
-153 -253 12 1
-153 -253 11 1
-192 -264 15 0
-156 -251 12 0
-196 -265 6 0
-189 -252 13 0
-200 -272 7 1
-200 -272 8 1
-198 -256 4 1
-198 -256 3 2
-198 -256 2 1
-192 -257 2 1
-195 -253 1 1
-196 -253 1 1
-197 -251 3 2
-197 -251 2 1
-197 -251 1 1
-197 -252 3 2
-197 -252 2 2
-197 -252 1 1
-197 -253 1 1
-196 -256 5 1
-195 -259 3 2
-195 -259 2 1
-196 -259 4 1
-196 -259 3 2
-194 -263 5 1
-193 -258 11 0
-200 -259 12 0
-195 -262 12 0
-196 -257 12 0
-177 -262 11 0
-179 -264 10 0
-176 -265 10 0
-175 -260 10 0
-179 -265 9 0
-179 -266 9 0
-175 -264 8 0
-174 -264 9 0
-177 -265 7 0
-177 -266 7 1
-177 -267 8 0
-179 -264 6 0
-173 -274 11 1
-162 -252 5 1
-162 -252 6 1
-162 -252 7 1
-165 -258 5 1
-165 -258 6 2
-165 -258 7 1
-164 -258 5 1
-164 -257 5 1
-164 -256 5 1
-163 -258 5 1
-163 -257 5 1
-163 -256 5 1
-161 -266 8 2
-161 -266 9 1
-161 -265 7 1
-161 -265 9 1
-161 -264 7 1
-161 -264 8 2
-161 -264 9 1
-161 -260 7 1
-171 -281 11 1
-178 -281 11 0
-180 -282 10 1
-175 -283 9 2
-175 -283 10 1
-174 -283 9 2
-174 -283 10 2
-174 -283 11 1
-173 -283 9 1
-173 -283 10 2
-173 -283 11 1
-180 -278 9 1
-161 -264 6 1
-178 -284 8 1
-178 -284 9 1
-172 -284 19 0
-172 -284 21 0
-173 -281 20 0
-173 -281 21 0
-172 -286 19 0
-171 -282 18 0
-171 -282 19 0
-170 -282 20 0
-172 -284 17 0
-171 -285 18 0
-170 -285 18 0
-169 -285 19 0
-172 -280 18 0
-169 -283 17 0
-168 -283 17 0
-170 -286 16 0
-169 -287 16 0
-173 -287 16 0
-180 -256 5 1
-180 -255 3 1
-180 -255 4 2
-180 -255 5 2
-195 -281 17 0
-195 -280 16 0
-196 -280 15 0
-197 -276 17 0
-155 -255 12 0
-196 -268 21 0
-192 -263 21 0
-193 -264 21 0
-200 -267 21 0
-199 -266 21 0
-198 -266 21 0
-196 -266 21 0
-170 -278 19 2
-170 -278 18 2
-171 -272 20 0
-186 -259 4 1
-186 -260 6 1
-186 -260 5 1
-187 -258 5 2
-179 -286 17 0
-172 -286 18 0
-175 -260 7 0
-177 -285 17 0
-199 -258 17 0
-200 -256 16 0
-194 -268 8 1
-194 -268 7 2
-157 -283 12 0
-198 -251 10 2
-200 -268 24 0
-199 -268 23 0
-191 -268 24 0
-192 -268 23 0
-156 -267 9 2
-155 -267 12 0
-156 -265 12 0
-157 -265 12 0
-157 -268 13 0
-157 -267 13 0
-158 -266 13 0
-154 -265 14 0
-161 -260 15 0
-157 -266 16 0
-158 -261 16 0
-160 -265 16 0
-157 -263 17 0
-158 -263 16 0
-158 -263 15 0
-161 -269 11 1
-161 -269 10 2
-162 -268 12 0
-165 -266 15 0
-156 -265 7 1
-156 -266 7 1
-157 -267 9 1
-187 -267 11 0
-190 -266 14 0
-185 -269 14 0
-200 -286 8 1
-200 -286 10 1
-199 -283 12 0
-199 -284 11 1
-185 -268 13 0
-192 -273 16 0
-186 -263 14 0
-167 -299 10 0
-194 -261 12 0
-192 -257 11 0
-186 -264 13 0
-188 -268 14 0
-188 -267 14 0
-197 -283 10 1
-196 -283 10 1
-170 -269 7 1
-152 -258 14 0
-152 -261 16 0
-184 -255 7 0
-183 -256 7 0
-189 -252 8 0
-188 -254 8 1
-188 -254 9 0
-194 -257 36 0
-195 -256 36 0
-184 -262 4 1
-184 -262 3 2
-184 -262 2 1
-184 -263 4 1
-184 -263 3 2
-184 -263 2 1
-184 -264 4 1
-184 -264 3 2
-175 -271 12 0
-171 -272 12 0
-188 -266 8 0
-197 -276 10 0
-194 -256 38 0
-188 -261 7 1
-187 -260 7 1
-191 -266 7 2
-163 -252 3 1
-163 -252 4 1
-163 -251 3 1
-163 -251 4 1
-178 -263 3 1
-178 -264 5 1
-178 -264 4 2
-178 -264 3 1
-197 -276 8 1
-163 -261 8 2
-165 -252 2 1
-151 -258 16 0
-153 -259 17 0
-198 -263 32 0
-189 -271 14 0
-155 -259 15 0
-154 -258 15 0
-181 -257 9 0
-181 -256 9 0
-181 -255 10 0
-182 -262 9 0
-181 -263 9 0
-197 -300 22 0
-197 -299 22 0
-200 -296 23 0
-198 -296 21 0
-195 -298 22 0
-198 -298 24 0
-198 -298 23 0
-197 -297 22 0
-197 -297 21 0
-195 -297 25 0
-195 -297 24 0
-196 -297 23 0
-200 -268 13 0
-197 -266 15 0
-200 -268 15 0
-198 -297 16 2
-197 -297 17 1
-197 -296 18 0
-194 -297 17 0
-198 -260 3 2
-184 -269 13 0
-185 -269 12 0
-189 -270 12 0
-189 -269 11 0
-187 -270 14 0
-188 -265 15 0
-188 -266 14 0
-198 -298 19 0
-198 -293 19 0
-197 -293 20 0
-200 -296 20 0
-199 -296 20 0
-198 -296 20 0
-197 -296 20 0
-191 -299 20 0
-196 -290 21 0
-196 -291 21 0
-196 -292 21 0
-198 -300 21 0
-199 -293 21 0
-198 -294 21 0
-194 -300 22 0
-194 -299 22 0
-199 -297 22 0
-197 -296 21 0
-197 -292 23 0
-196 -294 22 0
-196 -298 22 0
-196 -297 22 0
-192 -293 24 0
-199 -295 24 0
-198 -295 23 0
-197 -295 22 0
-194 -297 24 0
-194 -297 23 0
-195 -295 19 0
-192 -296 17 0
-188 -292 20 0
-199 -273 19 0
-200 -273 19 0
-200 -271 17 0
-199 -269 17 0
-182 -265 10 0
-180 -262 10 0
-179 -266 10 0
-178 -267 11 0
-181 -265 7 0
-181 -267 9 0
-181 -268 10 0
-163 -268 9 1
-172 -278 15 1
-172 -278 14 1
-175 -300 10 0
-172 -279 14 1
-172 -279 13 1
-156 -251 16 0
-156 -252 15 0
-157 -255 17 0
-180 -253 5 2
-180 -253 4 1
-180 -253 3 1
-181 -253 5 2
-181 -253 4 2
-181 -253 3 1
-177 -256 6 0
-177 -256 7 0
-174 -254 5 1
-174 -254 4 1
-174 -254 3 2
-174 -255 5 1
-174 -255 4 2
-174 -255 3 2
-174 -256 5 1
-174 -256 4 2
-174 -256 3 1
-200 -269 10 1
-178 -275 14 0
-200 -270 10 1
-200 -271 10 1
-200 -271 9 1
-200 -271 8 1
-170 -274 14 0
-200 -270 9 2
-174 -276 14 0
-174 -274 13 0
-153 -264 13 0
-153 -265 13 0
-152 -266 13 0
-153 -266 8 1
-187 -281 10 1
-196 -261 3 2
-197 -262 2 1
-197 -262 3 1
-197 -262 4 2
-197 -261 2 1
-197 -261 3 2
-153 -254 13 0
-193 -258 3 1
-193 -258 2 1
-198 -253 39 1
-191 -260 6 2
-183 -264 10 0
-200 -271 7 1
-179 -260 7 0
-200 -259 18 0
-190 -264 2 1
-191 -264 4 1
-191 -264 3 2
-191 -264 2 1
-193 -262 5 0
-180 -257 7 0
-194 -266 20 0
-195 -266 22 0
-197 -262 20 0
-197 -264 22 0
-198 -268 20 0
-195 -273 10 1
-195 -274 11 0
-194 -272 8 2
-190 -271 18 0
-195 -274 19 0
-194 -273 8 2
-194 -273 7 1
-192 -272 20 0
-194 -274 8 1
-194 -274 7 2
-152 -256 15 0
-195 -272 8 2
-195 -272 7 1
-195 -273 9 1
-195 -273 7 1
-154 -254 16 0
-195 -274 8 2
-195 -274 7 2
-196 -272 9 1
-196 -272 8 2
-196 -272 7 1
-196 -273 9 1
-196 -273 8 2
-196 -273 7 1
-196 -274 9 1
-196 -274 8 1
-196 -274 7 2
-195 -273 8 2
-197 -275 10 0
-197 -275 11 0
-186 -256 7 0
-178 -260 6 0
-182 -257 7 0
-163 -260 9 2
-200 -285 11 1
-200 -280 10 1
-199 -266 24 0
-199 -265 25 0
-189 -265 10 0
-190 -265 9 0
-191 -265 9 0
-194 -260 11 0
-194 -261 10 0
-194 -262 10 0
-192 -269 6 1
-192 -269 5 1
-192 -269 4 2
-192 -270 6 2
-192 -270 5 1
-192 -270 4 1
-184 -252 4 2
-183 -286 13 1
-185 -253 3 2
-185 -253 4 1
-185 -253 5 2
-185 -252 3 2
-185 -252 4 1
-161 -263 10 1
-198 -251 30 2
-163 -265 9 1
-164 -262 8 2
-164 -262 9 1
-164 -262 10 1
-157 -263 9 1
-198 -257 3 2
-177 -280 11 0
-179 -281 10 1
-194 -262 13 0
-197 -263 13 0
-179 -285 14 2
-179 -283 14 1
-178 -285 14 2
-181 -280 12 0
-197 -261 4 2
-197 -272 8 2
-193 -275 11 0
-197 -256 14 0
-193 -274 8 2
-175 -275 9 1
-172 -272 16 0
-172 -272 17 0
-170 -263 10 0
-170 -262 10 0
-169 -266 7 2
-167 -261 11 1
-190 -253 13 0
-187 -254 12 0
-187 -254 13 0
-197 -258 39 0
-195 -265 19 0
-195 -265 18 0
-195 -261 21 0
-160 -276 10 2
-160 -276 9 1
-193 -277 9 1
-195 -276 14 0
-190 -260 9 1
-190 -258 9 1
-191 -259 10 0
-198 -254 16 0
-198 -254 17 0
-199 -253 16 0
-195 -264 6 0
-152 -262 16 0
-196 -287 8 1
-197 -285 10 1
-197 -285 9 1
-197 -285 8 1
-197 -286 10 1
-196 -274 15 0
-197 -275 15 0
-173 -275 20 0
-174 -275 21 0
-168 -274 20 1
-168 -273 21 1
-172 -278 20 0
-172 -274 19 0
-172 -273 19 0
-172 -272 20 0
-173 -271 20 0
-169 -276 20 2
-168 -277 20 2
-168 -276 20 2
-168 -275 20 2
-167 -277 20 1
-167 -276 20 1
-167 -275 20 1
-173 -276 19 0
-174 -277 19 0
-175 -277 20 0
-170 -273 18 0
-170 -273 19 0
-169 -272 19 0
-169 -280 19 1
-175 -273 19 0
-168 -274 19 1
-167 -274 19 1
-172 -277 18 1
-173 -278 18 0
-174 -279 18 0
-196 -254 9 0
-195 -253 8 0
-194 -253 8 0
-193 -253 8 0
-194 -285 8 1
-195 -284 9 1
-195 -284 8 1
-195 -285 10 1
-195 -285 9 1
-195 -285 8 1
-195 -286 10 2
-195 -286 9 1
-195 -286 8 1
-194 -285 9 2
-197 -287 11 1
-196 -287 11 1
-193 -291 12 2
-192 -255 3 2
-191 -260 11 0
-163 -300 14 0
-193 -256 3 2
-193 -254 2 1
-193 -254 3 2
-193 -254 4 1
-192 -256 2 1
-197 -256 39 0
-200 -252 30 2
-200 -255 41 0
-199 -255 39 0
-197 -257 38 0
-198 -257 32 0
-196 -259 36 0
-199 -258 34 0
-200 -253 41 0
-162 -282 11 1
-162 -281 9 1
-162 -281 10 2
-162 -281 11 1
-162 -280 9 1
-162 -280 10 2
-162 -280 11 1
-161 -282 9 1
-161 -282 10 1
-161 -282 11 1
-160 -282 9 1
-160 -282 10 1
-160 -282 11 1
-164 -280 10 1
-164 -280 11 2
-163 -280 10 1
-163 -280 11 2
-169 -252 5 1
-168 -254 3 1
-168 -254 4 2
-168 -253 3 1
-168 -252 3 2
-168 -252 4 1
-167 -254 3 1
-167 -254 4 1
-167 -253 3 1
-167 -253 4 2
-167 -252 3 1
-167 -252 4 1
-161 -263 6 1
-162 -262 7 1
-162 -262 6 1
-162 -263 8 2
-162 -263 7 1
-189 -272 14 0
-162 -264 6 1
-195 -267 7 1
-196 -269 9 1
-191 -272 12 0
-197 -295 16 1
-180 -294 15 0
-184 -293 15 1
-152 -263 16 0
-154 -253 15 0
-155 -259 18 0
-156 -257 17 0
-157 -257 18 0
-153 -258 19 0
-155 -254 16 0
-157 -260 11 0
-160 -263 10 1
-159 -262 11 0
-164 -269 10 1
-164 -269 12 1
-163 -271 10 1
-163 -271 11 1
-163 -271 12 1
-163 -270 10 2
-163 -270 11 1
-163 -270 12 1
-163 -269 12 1
-173 -263 6 1
-173 -263 5 2
-173 -264 7 1
-153 -264 12 0
-154 -263 12 0
-155 -262 12 0
-157 -256 12 0
-157 -257 12 0
-160 -265 12 1
-159 -264 12 1
-158 -262 12 0
-161 -258 13 0
-160 -259 13 0
-159 -259 13 0
-155 -265 13 0
-196 -259 6 1
-199 -257 6 0
-200 -257 6 0
-169 -285 9 2
-170 -285 11 1
-181 -282 16 0
-181 -282 17 0
-183 -283 18 0
-183 -283 19 0
-183 -283 20 0
-181 -280 18 0
-181 -279 19 0
-184 -281 18 0
-185 -281 19 0
-180 -281 16 0
-178 -280 18 0
-182 -280 16 0
-184 -278 18 0
-180 -279 16 0
-180 -278 16 0
-180 -277 17 0
-180 -285 16 0
-185 -280 16 0
-186 -279 16 0
-182 -278 15 0
-182 -277 15 0
-184 -279 14 0
-185 -278 14 0
-159 -258 11 1
-158 -259 11 1
-155 -252 11 0
-154 -258 14 0
-153 -259 14 0
-155 -258 7 1
-155 -259 8 2
-152 -259 12 1
-153 -255 9 1
-157 -251 13 0
-152 -260 8 1
-152 -261 8 2
-152 -262 10 2
-152 -262 9 1
-152 -262 8 1
-153 -260 8 1
-193 -291 16 0
-186 -251 13 0
-200 -281 17 0
-192 -259 10 0
-198 -284 15 0
-194 -269 14 0
-182 -257 10 0
-177 -260 9 0
-182 -254 9 0
-183 -253 9 0
-176 -255 8 0
-175 -255 9 0
-197 -261 30 0
-179 -284 9 1
-196 -283 7 1
-183 -263 2 1
-156 -259 9 1
-156 -258 7 1
-188 -263 3 2
-188 -263 4 1
-188 -263 5 1
-175 -269 5 1
-191 -293 12 2
-192 -294 11 1
-164 -254 9 0
-158 -253 10 0
-162 -252 11 0
-162 -253 11 0
-166 -254 12 0
-195 -254 31 0
-194 -251 32 0
-196 -256 33 0
-194 -256 35 0
-163 -258 15 0
-185 -266 5 1
-195 -253 31 0
-196 -253 32 0
-195 -256 33 0
-194 -253 34 0
-183 -267 6 1
-196 -257 37 0
-183 -269 4 1
-199 -256 39 0
-198 -274 6 1
-198 -274 7 2
-198 -274 8 1
-198 -273 6 1
-198 -273 7 2
-198 -273 8 1
-185 -251 2 1
-188 -265 11 0
-188 -264 10 0
-189 -264 10 0
-168 -269 8 2
-175 -288 8 1
-175 -288 9 2
-175 -288 10 1
-175 -287 10 2
-174 -288 8 1
-174 -288 9 1
-174 -288 10 1
-174 -287 10 1
-174 -285 11 0
-172 -283 8 1
-171 -283 8 1
-170 -284 8 1
-170 -283 8 1
-176 -285 7 1
-175 -284 7 1
-174 -284 7 1
-187 -289 13 1
-165 -251 10 0
-188 -288 13 2
-188 -289 13 1
-189 -287 13 1
-189 -288 13 2
-189 -289 13 1
-188 -282 12 0
-187 -283 12 0
-187 -283 13 0
-186 -284 13 0
-173 -284 15 0
-173 -284 18 0
-175 -284 15 1
-176 -285 17 0
-174 -283 15 0
-174 -281 17 0
-156 -267 13 0
-155 -264 13 0
-159 -267 15 0
-161 -262 16 0
-156 -265 16 0
-156 -265 15 0
-156 -263 17 0
-157 -263 16 0
-157 -263 15 0
-199 -253 18 1
-165 -272 24 0
-166 -273 23 0
-166 -274 23 0
-163 -277 25 0
-164 -276 24 0
-165 -276 23 0
-169 -272 25 0
-169 -272 24 0
-168 -273 24 0
-195 -264 30 0
-194 -269 4 2
-198 -264 28 0
-198 -265 29 0
-198 -266 29 0
-197 -267 29 0
-195 -261 29 0
-194 -261 29 0
-195 -268 2 1
-200 -264 28 0
-195 -269 3 1
-195 -269 2 1
-196 -267 4 1
-197 -264 28 0
-196 -265 28 0
-195 -266 28 0
-196 -269 2 1
-193 -260 11 0
-198 -257 4 1
-187 -271 9 0
-187 -270 9 0
-187 -269 9 0
-200 -260 24 0
-196 -264 25 0
-195 -264 25 0
-194 -264 25 0
-193 -264 24 0
-198 -264 25 0
-200 -266 24 0
-196 -260 11 0
-197 -262 25 0
-197 -261 24 0
-197 -260 24 0
-196 -260 24 0
-196 -266 24 0
-195 -268 23 0
-196 -263 25 0
-179 -283 18 0
-177 -290 18 0
-177 -288 19 0
-181 -286 19 0
-180 -286 19 0
-173 -289 19 0
-173 -288 19 0
-177 -282 19 0
-159 -261 15 0
-160 -254 14 0
-160 -254 15 0
-160 -258 13 0
-182 -284 17 0
-181 -284 18 0
-184 -285 15 0
-184 -285 16 0
-195 -291 16 0
-197 -293 17 0
-194 -296 11 1
-194 -296 10 1
-194 -296 9 1
-194 -297 11 1
-194 -297 10 1
-194 -297 9 1
-194 -298 11 1
-194 -298 10 1
-194 -298 9 1
-195 -296 9 1
-195 -297 11 1
-195 -297 9 1
-195 -298 11 1
-196 -252 17 0
-195 -252 18 0
-195 -252 19 0
-195 -252 20 0
-197 -253 18 0
-197 -254 19 0
-198 -254 20 0
-196 -251 18 0
-195 -298 10 1
-195 -253 17 0
-195 -254 18 0
-195 -254 19 0
-198 -252 18 0
-195 -252 17 0
-194 -251 18 0
-179 -285 8 1
-189 -281 8 1
-189 -281 9 1
-184 -282 7 1
-184 -281 7 1
-184 -280 7 1
-162 -273 11 1
-162 -273 10 2
-160 -278 10 2
-160 -279 12 1
-160 -279 11 1
-160 -279 10 2
-161 -277 12 1
-161 -277 11 2
-161 -277 10 2
-161 -278 10 2
-161 -279 12 1
-161 -279 11 2
-161 -279 10 1
-162 -277 12 1
-163 -278 17 0
-162 -277 17 0
-155 -273 17 0
-156 -273 17 0
-178 -252 5 1
-178 -251 4 2
-171 -269 16 0
-189 -251 3 2
-189 -251 4 1
-188 -253 2 1
-188 -253 3 1
-168 -270 15 0
-171 -267 13 0
-160 -288 13 0
-160 -289 13 0
-165 -284 13 0
-161 -285 14 0
-160 -284 13 0
-159 -284 13 0
-159 -284 12 0
-173 -252 9 0
-175 -278 16 0
-174 -272 17 0
-173 -272 17 0
-176 -275 18 0
-175 -275 18 0
-174 -275 18 0
-174 -279 19 0
-174 -273 19 0
-173 -274 19 0
-169 -278 20 1
-169 -279 20 1
-170 -278 20 2
-170 -279 20 1
-171 -277 20 1
-159 -289 14 0
-159 -288 14 0
-159 -287 15 0
-196 -268 22 0
-196 -269 22 0
-196 -270 22 0
-196 -271 22 0
-193 -268 7 1
-193 -268 8 1
-193 -267 7 1
-157 -286 15 0
-159 -281 15 0
-167 -251 14 0
-168 -251 15 0
-155 -284 16 0
-198 -277 13 0
-173 -276 11 1
-197 -259 34 0
-168 -262 7 1
-183 -280 17 0
-185 -279 15 0
-180 -268 3 1
-185 -268 4 2
-185 -269 6 1
-185 -269 5 2
-195 -275 8 1
-183 -252 10 0
-182 -252 13 0
-182 -252 12 0
-178 -251 13 0
-193 -272 11 0
-177 -251 8 1
-192 -266 22 0
-200 -268 22 0
-179 -258 10 0
-199 -291 14 0
-196 -293 18 0
-197 -291 15 0
-198 -288 18 0
-200 -278 12 0
-198 -289 16 0
-163 -261 11 1
-166 -268 11 0
-182 -261 12 0
-181 -269 3 1
-180 -269 3 1
-179 -269 3 1
-191 -293 20 0
-170 -251 6 0
-195 -294 20 0
-190 -290 21 0
-190 -291 21 0
-192 -297 21 0
-191 -296 21 0
-194 -292 22 0
-193 -292 21 0
-192 -293 21 0
-188 -290 22 0
-188 -291 22 0
-194 -296 23 0
-193 -295 22 0
-192 -295 22 0
-192 -290 23 0
-191 -298 23 0
-187 -292 23 0
-193 -293 24 0
-191 -294 22 0
-188 -297 24 0
-189 -292 23 0
-191 -295 24 0
-191 -295 23 0
-189 -294 18 0
-191 -295 16 0
-191 -295 17 0
-190 -294 18 0
-190 -292 17 0
-190 -292 18 0
-190 -296 18 0
-193 -293 18 0
-191 -293 19 0
-187 -298 18 0
-193 -297 18 0
-195 -281 7 1
-195 -282 9 1
-195 -282 8 1
-197 -288 18 0
-194 -288 17 0
-199 -287 16 0
-193 -292 16 0
-194 -295 11 1
-194 -284 14 0
-189 -283 17 0
-187 -288 18 0
-188 -288 17 0
-193 -283 18 0
-192 -285 17 0
-189 -286 18 0
-189 -289 19 0
-190 -288 18 0
-190 -287 19 0
-156 -288 15 0
-155 -288 15 0
-157 -284 15 0
-157 -283 15 0
-156 -282 14 0
-155 -281 14 0
-175 -285 15 1
-175 -285 16 1
-176 -285 18 0
-174 -282 17 0
-174 -281 18 0
-174 -285 15 0
-173 -285 16 0
-173 -286 17 0
-176 -284 15 1
-178 -283 17 0
-172 -282 16 0
-175 -287 16 0
-176 -288 16 0
-176 -281 16 0
-174 -287 14 0
-173 -288 15 0
-173 -289 15 0
-178 -282 14 0
-177 -288 14 1
-175 -288 13 1
-175 -289 12 0
-172 -288 11 0
-190 -294 22 0
-192 -294 24 0
-189 -297 23 0
-192 -296 22 0
-193 -296 23 0
-192 -292 21 0
-193 -292 22 0
-190 -296 21 0
-189 -291 21 0
-189 -290 21 0
-191 -294 20 0
-192 -294 20 0
-193 -294 20 0
-163 -278 12 1
-163 -278 13 1
-163 -277 11 2
-163 -277 12 1
-159 -271 11 1
-159 -277 12 0
-159 -278 12 0
-158 -279 11 1
-166 -281 13 0
-200 -263 3 2
-162 -282 14 0
-162 -281 14 0
-163 -280 14 0
-167 -278 14 2
-165 -281 16 0
-164 -280 15 0
-164 -278 14 1
-165 -278 15 1
-165 -278 14 1
-166 -278 16 1
-162 -279 17 0
-161 -287 14 0
-161 -281 13 0
-171 -273 23 0
-170 -277 21 1
-169 -277 22 1
-172 -275 20 0
-173 -275 21 0
-168 -273 22 1
-172 -278 21 0
-194 -254 13 0
-161 -272 20 0
-160 -272 19 0
-165 -271 19 1
-162 -274 20 1
-161 -275 18 1
-166 -275 19 1
-163 -273 18 2
-163 -273 17 2
-174 -280 13 0
-173 -282 13 0
-159 -267 13 1
-189 -292 12 2
-189 -292 11 1
-189 -293 13 1
-178 -261 6 0
-179 -255 7 0
-175 -258 6 1
-176 -258 7 0
-177 -258 7 0
-182 -255 7 0
-180 -263 7 0
-176 -254 7 1
-196 -265 21 0
-199 -275 13 0
-156 -263 7 1
-178 -280 10 0
-163 -260 11 1
-164 -259 11 1
-165 -264 11 0
-166 -264 11 0
-167 -264 11 0
-168 -264 10 1
-163 -267 10 1
-163 -268 10 1
-163 -269 10 1
-165 -262 10 1
-165 -261 10 1
-166 -260 10 2
-181 -255 7 0
-182 -254 7 0
-175 -258 7 0
-178 -254 6 1
-178 -253 6 1
-186 -256 13 0
-185 -254 12 0
-186 -259 13 0
-188 -253 13 0
-190 -258 13 0
-189 -257 12 0
-187 -256 14 0
-187 -256 13 0
-187 -256 12 0
-187 -258 3 1
-188 -260 10 0
-186 -254 12 0
-187 -251 16 0
-188 -258 12 0
-188 -258 11 0
-159 -281 14 0
-159 -280 14 0
-170 -272 10 2
-157 -276 12 0
-198 -294 15 1
-198 -289 15 0
-195 -262 9 0
-198 -264 10 0
-198 -261 8 0
-200 -292 14 0
-197 -293 15 0
-195 -269 4 1
-192 -256 12 0
-200 -289 15 0
-169 -279 26 0
-160 -285 16 0
-172 -255 7 1
-172 -254 7 0
-172 -253 7 0
-198 -286 10 1
-184 -258 12 0
-179 -257 10 0
-178 -257 11 0
-178 -256 11 0
-183 -255 11 0
-156 -284 12 0
-157 -284 13 0
-157 -284 14 0
-158 -285 14 0
-162 -284 12 0
-175 -277 18 0
-171 -279 17 1
-170 -279 17 1
-169 -279 16 2
-169 -279 17 1
-175 -272 17 0
-174 -278 16 0
-174 -278 15 0
-174 -278 14 0
-197 -251 41 0
-197 -251 40 0
-199 -255 41 0
-186 -252 11 0
-198 -254 38 0
-176 -286 12 2
-176 -285 10 2
-169 -274 20 1
-193 -270 3 1
-193 -271 4 1
-193 -271 3 1
-193 -272 3 1
-193 -271 5 1
-189 -275 9 0
-189 -274 9 0
-189 -273 11 0
-173 -262 10 0
-172 -262 10 0
-171 -262 11 0
-166 -262 16 0
-189 -285 9 2
-189 -285 10 1
-188 -289 8 1
-191 -289 8 1
-191 -289 9 1
-190 -289 8 1
-192 -284 16 0
-192 -288 14 0
-198 -251 12 2
-198 -251 13 2
-198 -251 14 2
-198 -251 15 2
-198 -251 16 2
-193 -265 12 0
-193 -265 11 0
-200 -269 13 1
-157 -259 7 1
-192 -267 7 1
-190 -271 7 1
-189 -266 8 0
-192 -272 9 2
-187 -269 8 0
-189 -268 8 0
-191 -268 6 2
-189 -269 12 0
-196 -259 12 0
-194 -267 12 0
-198 -277 11 0
-188 -269 15 0
-193 -263 14 0
-172 -277 8 1
-172 -276 8 1
-171 -278 8 1
-199 -258 6 0
-200 -260 7 0
-199 -259 5 0
-198 -260 5 1
-192 -268 19 0
-195 -270 17 0
-195 -273 20 0
-191 -270 19 0
-190 -270 19 0
-199 -271 19 0
-193 -265 18 0
-194 -271 17 0
-194 -272 18 0
-193 -273 18 0
-198 -267 18 0
-199 -266 18 0
-193 -269 17 0
-169 -258 10 1
-170 -257 10 0
-171 -263 9 1
-175 -251 2 1
-171 -259 8 0
-169 -263 10 1
-167 -261 14 0
-166 -261 15 0
-168 -262 13 0
-168 -262 14 0
-167 -259 14 0
-166 -264 15 0
-170 -261 14 0
-171 -260 14 0
-169 -259 12 0
-169 -258 13 0
-172 -263 13 0
-170 -260 12 0
-171 -259 12 0
-172 -259 12 0
-168 -258 11 0
-168 -257 11 0
-170 -261 11 0
-168 -265 10 0
-169 -259 10 1
-170 -258 10 0
-171 -257 9 0
-171 -264 9 1
-170 -260 9 1
-171 -260 9 0
-171 -260 8 1
-169 -265 6 1
-168 -265 6 1
-168 -264 6 1
-168 -263 6 1
-169 -261 8 2
-198 -292 16 0
-194 -298 18 0
-194 -296 17 0
-194 -300 16 0
-195 -296 14 1
-195 -300 20 0
-185 -294 23 0
-185 -295 25 0
-184 -293 22 0
-184 -292 23 0
-184 -291 23 0
-184 -291 24 0
-183 -295 22 0
-182 -296 23 0
-182 -296 24 0
-186 -293 22 0
-196 -267 19 0
-193 -268 16 0
-194 -268 18 0
-195 -267 20 0
-196 -264 17 0
-196 -265 17 0
-196 -265 18 0
-196 -266 19 0
-196 -270 17 0
-192 -273 11 0
-192 -272 12 0
-194 -272 12 0
-182 -289 22 0
-183 -295 20 0
-183 -296 21 0
-183 -297 21 0
-186 -292 21 0
-187 -292 21 0
-188 -291 21 0
-179 -293 21 0
-185 -295 20 0
-187 -298 20 0
-184 -291 20 0
-181 -296 20 0
-180 -297 20 0
-186 -294 20 0
-187 -294 20 0
-188 -294 20 0
-189 -294 20 0
-184 -296 20 0
-184 -297 19 0
-184 -298 19 0
-175 -257 10 0
-181 -252 11 0
-179 -254 9 0
-153 -254 11 0
-188 -286 17 0
-195 -287 17 0
-198 -252 35 2
-199 -252 37 2
-186 -256 5 2
-185 -256 5 1
-185 -255 6 1
-199 -252 36 2
-199 -252 35 2
-191 -254 36 0
-193 -252 38 1
-159 -263 15 0
-183 -280 16 0
-183 -282 16 0
-197 -271 3 1
-197 -271 2 1
-198 -269 4 1
-194 -290 17 0
-194 -290 16 0
-195 -286 19 0
-196 -290 19 0
-188 -294 18 0
-190 -295 17 0
-189 -295 19 0
-186 -296 16 0
-156 -260 14 0
-181 -261 7 0
-182 -261 7 0
-154 -262 15 0
-199 -291 11 0
-198 -291 14 0
-155 -259 14 0
-157 -260 15 0
-152 -260 13 0
-182 -260 7 0
-187 -256 7 1
-186 -257 7 0
-185 -258 7 0
-184 -265 7 0
-184 -264 7 0
-184 -263 7 0
-184 -262 8 0
-180 -256 7 0
-159 -264 6 1
-199 -295 16 1
-197 -267 26 0
-195 -266 23 0
-195 -267 25 0
-194 -268 26 0
-194 -268 27 0
-194 -265 25 0
-193 -264 26 0
-192 -271 9 1
-197 -269 25 0
-197 -270 26 0
-194 -266 24 0
-194 -259 15 0
-183 -251 13 0
-185 -252 10 0
-186 -253 13 0
-182 -253 11 0
-185 -251 9 0
-186 -251 10 0
-187 -251 11 0
-200 -252 35 2
-195 -275 17 0
-191 -270 18 0
-197 -259 38 0
-193 -274 18 0
-196 -273 19 0
-192 -269 22 0
-197 -272 15 0
-198 -272 16 0
-193 -276 15 0
-192 -277 15 0
-192 -277 16 0
-183 -265 10 0
-199 -257 38 0
-197 -257 40 0
-198 -252 41 0
-198 -257 13 0
-200 -256 41 0
-200 -262 12 0
-200 -262 13 0
-200 -255 40 0
-198 -265 6 1
-196 -267 6 1
-196 -268 6 2
-196 -269 6 1
-197 -267 6 1
-198 -267 6 1
-197 -252 10 0
-195 -264 7 0
-196 -265 7 0
-198 -267 7 1
-166 -299 13 0
-196 -270 9 2
-196 -270 8 2
-196 -270 7 1
-199 -264 8 0
-199 -265 8 0
-199 -266 8 0
-196 -251 11 0
-194 -267 8 1
-197 -252 41 0
-173 -269 12 0
-194 -253 40 0
-167 -270 14 0
-156 -279 11 0
-157 -272 12 0
-154 -275 12 0
-152 -275 11 0
-151 -275 11 0
-155 -271 11 1
-155 -270 10 1
-155 -276 11 0
-153 -278 10 0
-151 -274 8 1
-151 -274 9 1
-151 -274 10 1
-151 -273 8 1
-175 -280 18 0
-151 -273 10 1
-151 -272 8 1
-151 -272 9 2
-151 -272 10 2
-154 -274 11 0
-158 -278 8 1
-158 -277 8 1
-158 -276 8 1
-157 -271 9 1
-157 -271 11 1
-189 -251 13 0
-188 -252 12 0
-191 -268 13 0
-195 -272 14 0
-195 -272 13 0
-196 -273 12 1
-195 -268 14 0
-195 -267 13 0
-197 -262 12 0
-193 -270 20 0
-193 -270 21 0
-193 -271 22 0
-192 -267 21 0
-196 -272 21 0
-192 -269 19 0
-162 -255 8 1
-162 -254 6 2
-162 -254 7 1
-160 -259 10 1
-160 -258 8 2
-160 -258 9 2
-160 -258 10 2
-159 -260 8 2
-159 -260 9 1
-159 -260 10 1
-159 -259 8 2
-189 -267 10 0
-159 -258 8 2
-188 -266 11 0
-188 -267 11 0
-158 -260 8 2
-158 -260 9 1
-158 -260 10 1
-173 -263 3 1
-173 -264 3 1
-173 -265 4 1
-186 -288 8 1
-186 -288 9 2
-186 -288 10 1
-186 -287 8 1
-165 -277 15 2
-160 -280 15 0
-156 -274 14 0
-164 -279 14 0
-157 -279 13 0
-189 -267 6 1
-186 -267 7 0
-190 -271 10 0
-197 -259 27 0
-186 -268 10 0
-187 -266 8 0
-183 -267 12 0
-184 -267 11 0
-187 -270 13 0
-187 -269 12 0
-196 -251 9 0
-195 -252 8 0
-194 -252 10 0
-189 -270 11 0
-186 -270 13 0
-161 -261 15 0
-159 -264 13 0
-200 -264 7 1
-199 -254 1 1
-197 -263 5 1
-199 -293 9 1
-186 -285 9 2
-186 -286 9 1
-180 -287 9 1
-181 -287 9 1
-186 -283 12 0
-185 -283 12 0
-188 -281 9 1
-188 -281 8 1
-189 -281 10 1
-189 -283 13 0
-184 -280 14 0
-188 -281 15 0
-187 -282 13 0
-189 -289 9 1
-189 -289 8 1
-186 -283 11 0
-189 -282 11 0
-182 -290 11 1
-187 -280 12 0
-189 -281 15 0
-186 -283 17 0
-190 -282 11 0
-189 -282 15 0
-188 -290 16 0
-187 -284 16 0
-187 -283 11 0
-194 -275 9 1
-167 -252 5 2
-177 -262 7 0
-179 -265 7 0
-176 -262 6 0
-176 -263 6 0
-176 -264 6 0
-176 -265 6 1
-176 -266 5 1
-177 -262 6 0
-175 -265 3 1
-175 -265 4 2
-174 -265 3 1
-174 -265 4 1
-174 -264 3 1
-173 -265 3 1
-174 -282 20 0
-174 -281 20 0
-174 -288 20 0
-195 -288 16 0
-194 -288 15 0
-191 -291 18 0
-188 -251 8 0
-186 -251 8 0
-187 -255 8 1
-186 -254 8 0
-193 -287 15 0
-194 -290 18 0
-152 -263 10 2
-157 -266 8 1
-156 -259 11 0
-157 -258 10 1
-158 -258 9 2
-182 -285 16 0
-182 -285 17 0
-182 -285 18 0
-176 -287 11 1
-176 -287 10 2
-194 -252 11 0
-177 -285 12 1
-177 -285 11 1
-177 -285 10 2
-177 -286 12 1
-177 -286 10 2
-177 -287 12 1
-177 -281 17 0
-179 -282 13 0
-179 -282 14 0
-180 -282 15 0
-180 -283 16 0
-178 -280 14 0
-178 -279 15 0
-196 -269 24 0
-192 -264 25 0
-194 -266 23 0
-194 -269 25 0
-180 -286 12 2
-180 -286 13 1
-179 -286 13 1
-186 -264 2 1
-185 -263 3 2
-188 -261 6 1
-188 -258 4 1
-188 -259 4 1
-188 -260 4 1
-189 -258 4 1
-189 -259 4 1
-189 -260 4 1
-189 -264 6 1
-184 -260 5 1
-185 -261 5 1
-186 -261 6 1
-187 -261 7 0
-187 -262 7 0
-186 -266 5 2
-186 -265 6 1
-187 -264 6 1
-187 -258 6 1
-194 -263 8 0
-194 -262 8 0
-194 -261 8 0
-192 -266 8 1
-192 -267 8 1
-191 -267 8 1
-190 -268 8 0
-152 -269 14 0
-153 -273 16 0
-151 -268 16 0
-182 -272 9 0
-181 -272 9 0
-179 -275 9 1
-179 -274 10 0
-153 -255 13 0
-153 -256 13 0
-198 -283 13 0
-194 -283 15 0
-195 -282 15 0
-199 -285 16 0
-199 -284 15 0
-196 -278 9 1
-196 -278 8 1
-196 -278 7 1
-196 -279 9 1
-196 -279 8 2
-181 -278 9 1
-181 -277 7 1
-193 -258 10 0
-194 -257 11 0
-197 -255 38 0
-197 -254 38 1
-195 -255 40 0
-196 -251 23 0
-196 -252 22 0
-194 -253 24 0
-170 -271 8 1
-171 -269 9 2
-197 -252 21 0
-197 -254 23 0
-152 -276 16 0
-156 -273 14 0
-153 -273 14 0
-199 -262 10 0
-200 -263 7 1
-157 -263 13 0
-157 -262 13 0
-156 -262 12 0
-155 -261 12 1
-159 -257 13 0
-156 -256 14 0
-155 -257 14 0
-155 -263 15 0
-155 -262 15 0
-200 -264 23 0
-175 -269 12 0
-191 -267 20 0
-192 -267 20 0
-193 -267 20 0
-194 -267 21 0
-199 -263 20 0
-198 -263 20 0
-198 -261 10 0
-187 -263 2 1
-184 -262 5 1
-185 -262 5 1
-185 -262 6 0
-183 -262 4 2
-185 -259 4 1
-187 -259 3 1
-187 -259 2 1
-187 -261 6 1
-192 -287 11 1
-192 -264 9 0
-184 -300 12 0
-194 -264 5 1
-199 -264 4 2
-199 -264 3 1
-199 -264 2 1
-200 -264 4 1
-200 -264 3 1
-200 -264 2 1
-195 -269 6 1
-196 -262 5 1
-198 -268 28 0
-198 -268 27 0
-194 -263 28 0
-195 -267 29 0
-195 -267 28 0
-192 -279 11 0
-198 -279 12 0
-199 -280 12 0
-169 -265 11 0
-196 -264 26 0
-196 -268 27 0
-197 -267 27 0
-197 -266 26 0
-195 -260 28 0
-196 -260 27 0
-196 -261 27 0
-193 -265 28 0
-194 -265 28 0
-195 -265 27 0
-196 -264 27 0
-197 -264 26 0
-198 -268 29 0
-198 -267 28 0
-198 -266 28 0
-194 -262 29 0
-195 -262 29 0
-195 -263 28 0
-195 -266 30 0
-196 -266 29 0
-196 -264 31 0
-198 -266 11 0
-167 -275 23 0
-165 -274 25 0
-169 -279 24 0
-167 -276 23 0
-165 -277 24 0
-167 -273 23 0
-167 -272 23 0
-168 -278 23 0
-167 -280 24 0
-173 -273 23 0
-169 -272 22 0
-169 -271 22 0
-165 -272 21 1
-169 -279 22 1
-168 -279 21 1
-168 -279 22 1
-166 -274 20 1
-166 -274 21 2
-166 -274 22 1
-159 -283 15 0
-161 -285 11 0
-156 -285 17 0
-156 -285 18 0
-158 -286 18 0
-158 -286 19 0
-157 -282 19 0
-156 -286 14 0
-155 -284 13 0
-158 -287 13 0
-159 -251 3 1
-159 -251 2 1
-161 -253 4 1
-161 -253 3 1
-162 -253 3 1
-187 -272 10 0
-163 -251 9 0
-162 -253 4 1
-192 -270 10 1
-157 -251 6 1
-189 -272 8 1
-189 -273 8 1
-192 -273 7 1
-192 -273 8 1
-191 -273 7 2
-191 -273 8 1
-192 -253 12 0
-191 -254 11 0
-191 -271 9 1
-189 -270 6 1
-189 -268 13 0
-189 -271 12 0
-192 -293 12 2
-182 -252 9 0
-181 -252 12 0
-181 -252 13 0
-183 -254 13 0
-151 -276 15 0
-194 -253 32 0
-155 -273 13 0
-195 -251 32 0
-154 -271 14 0
-185 -252 11 0
-185 -252 12 0
-167 -268 9 1
-195 -269 24 0
-195 -269 23 0
-200 -268 25 0
-195 -268 9 1
-195 -268 8 2
-195 -268 7 2
-195 -269 9 1
-195 -269 8 2
-195 -269 7 1
-177 -259 2 1
-177 -260 2 1
-196 -277 6 1
-177 -261 2 1
-195 -278 8 1
-195 -279 8 1
-174 -272 11 0
-160 -267 12 2
-186 -264 6 1
-194 -270 2 1
-193 -270 2 1
-192 -270 2 1
-197 -261 26 0
-198 -282 17 0
-198 -259 2 1
-168 -274 25 0
-168 -273 26 0
-162 -283 11 1
-165 -281 10 2
-165 -281 11 2
-165 -279 17 0
-166 -280 14 0
-167 -280 15 1
-193 -261 6 1
-197 -257 37 0
-162 -263 14 0
-194 -266 7 0
-192 -264 6 0
-191 -264 5 0
-159 -265 10 1
-156 -272 13 0
-158 -273 14 0
-163 -273 12 1
-163 -274 12 2
-158 -278 13 0
-159 -271 14 0
-162 -264 15 0
-162 -264 16 0
-162 -262 13 0
-190 -251 6 0
-190 -252 5 0
-198 -287 15 0
-185 -259 5 1
-185 -259 6 1
-185 -258 4 1
-170 -285 15 0
-170 -281 13 1
-167 -286 14 0
-169 -282 12 1
-170 -283 12 0
-165 -285 12 0
-169 -284 12 0
-169 -285 11 1
-175 -282 23 0
-175 -282 22 0
-175 -283 21 0
-177 -286 23 0
-175 -284 22 0
-174 -276 12 0
-191 -267 14 0
-177 -274 15 0
-179 -275 15 0
-179 -276 15 0
-180 -276 16 0
-178 -272 16 0
-180 -274 13 0
-181 -274 15 0
-182 -274 15 0
-175 -273 15 0
-179 -275 12 0
-180 -275 13 0
-181 -276 13 0
-182 -276 13 0
-158 -272 16 0
-182 -272 13 0
-163 -276 15 1
-162 -270 15 0
-180 -276 11 0
-159 -274 14 0
-177 -275 10 0
-196 -260 15 0
-187 -251 2 1
-172 -268 13 0
-170 -267 12 0
-170 -264 14 0
-195 -259 8 0
-165 -260 9 2
-165 -260 8 1
-177 -276 16 0
-177 -276 17 0
-179 -277 15 0
-178 -274 15 0
-161 -272 14 1
-178 -273 16 0
-181 -275 15 0
-181 -275 16 0
-179 -273 14 0
-176 -277 14 0
-181 -277 14 0
-182 -277 14 0
-200 -266 26 0
-198 -265 25 0
-193 -266 27 0
-195 -265 26 0
-196 -265 25 0
-176 -262 11 0
-176 -261 10 0
-176 -261 9 0
-174 -260 9 0
-152 -255 8 2
-152 -255 7 1
-152 -256 8 2
-152 -256 7 1
-153 -256 8 2
-153 -256 7 1
-153 -253 9 1
-156 -255 10 0
-157 -256 13 0
-156 -254 14 0
-154 -257 14 0
-153 -260 16 0
-152 -259 15 0
-155 -256 17 0
-154 -256 16 0
-154 -256 15 0
-153 -258 18 0
-153 -257 17 0
-160 -253 5 1
-160 -254 5 1
-160 -255 5 1
-162 -252 9 0
-162 -253 9 0
-161 -254 10 0
-162 -251 10 0
-187 -293 13 1
-187 -293 12 1
-187 -293 11 1
-188 -293 13 1
-188 -293 12 1
-188 -293 11 1
-189 -291 12 2
-189 -291 11 1
-189 -292 13 1
-190 -273 8 1
-197 -277 6 1
-196 -260 10 0
-196 -259 11 0
-192 -289 12 2
-192 -289 11 1
-192 -283 12 0
-190 -291 11 1
-190 -292 13 1
-190 -292 12 2
-190 -257 8 2
-191 -257 9 1
-190 -282 14 0
-193 -285 15 0
-188 -261 5 1
-192 -286 14 0
-172 -252 10 0
-173 -253 8 1
-171 -253 3 2
-171 -253 4 1
-171 -253 5 1
-170 -253 3 2
-170 -253 4 1
-169 -255 3 1
-169 -254 3 1
-169 -254 4 2
-169 -253 3 2
-169 -253 4 1
-173 -251 2 1
-173 -251 3 1
-172 -251 2 1
-172 -251 3 2
-171 -253 2 1
-171 -252 2 1
-171 -252 3 2
-171 -252 4 1
-171 -251 2 1
-170 -274 17 0
-170 -274 18 0
-172 -274 20 0
-173 -272 21 0
-170 -276 21 1
-169 -276 21 2
-169 -275 21 1
-168 -277 21 2
-168 -276 21 2
-168 -275 21 2
-182 -285 10 2
-182 -285 9 1
-196 -295 9 1
-196 -295 8 1
-198 -298 12 1
-167 -288 12 0
-163 -283 15 0
-164 -284 15 0
-162 -288 16 0
-163 -287 16 0
-164 -287 16 0
-166 -281 16 0
-168 -289 16 0
-168 -288 16 0
-161 -284 17 0
-200 -263 9 0
-200 -262 10 0
-180 -280 12 0
-200 -291 13 0
-198 -266 12 0
-199 -262 8 0
-199 -255 12 0
-178 -287 19 0
-177 -286 16 1
-197 -263 28 0
-188 -272 12 0
-199 -266 29 0
-198 -261 26 0
-182 -282 19 0
-184 -282 16 0
-183 -281 16 0
-183 -279 18 0
-182 -283 16 0
-186 -281 17 0
-186 -281 18 0
-185 -279 16 0
-185 -278 17 0
-182 -280 15 0
-179 -283 15 1
-174 -289 13 0
-174 -288 13 0
-178 -288 14 1
-178 -288 13 1
-179 -288 15 1
-179 -288 14 2
-179 -288 13 1
-180 -287 15 1
-180 -288 15 1
-167 -255 14 0
-200 -252 41 0
-185 -253 13 0
-156 -256 9 1
-186 -255 10 0
-186 -253 12 0
-189 -252 14 0
-172 -275 9 2
-193 -284 13 0
-198 -256 32 0
-187 -255 10 0
-186 -254 13 0
-187 -253 12 0
-187 -253 11 0
-190 -252 13 0
-187 -251 14 0
-187 -251 13 0
-153 -259 13 0
-192 -251 13 0
-151 -259 7 1
-191 -253 13 0
-198 -263 9 0
-192 -257 10 0
-193 -253 12 0
-180 -286 11 1
-200 -260 10 0
-196 -257 11 0
-192 -252 10 0
-189 -258 10 0
-195 -261 10 0
-192 -256 9 0
-199 -259 11 0
-198 -256 11 0
-199 -262 9 0
-193 -255 11 0
-190 -272 10 0
-194 -258 8 0
-197 -253 7 0
-199 -260 14 0
-197 -257 15 0
-199 -258 14 0
-200 -262 15 0
-199 -254 16 0
-200 -256 15 0
-198 -256 17 0
-199 -257 16 0
-200 -260 17 0
-200 -258 19 0
-200 -259 13 0
-200 -258 14 0
-200 -263 15 0
-200 -254 16 1
-200 -255 15 0
-198 -260 16 0
-199 -260 15 0
-200 -257 16 0
-200 -259 19 0
-199 -295 8 1
-183 -257 12 0
-183 -261 10 0
-182 -261 10 0
-153 -253 10 1
-173 -274 12 0
-160 -261 13 0
-162 -255 13 0
-161 -256 13 0
-161 -257 16 0
-160 -257 15 0
-159 -257 14 0
-159 -259 17 0
-156 -258 17 0
-158 -258 11 1
-160 -257 9 2
-160 -257 8 2
-160 -257 7 1
-161 -256 9 1
-159 -257 11 1
-156 -253 10 0
-156 -254 11 0
-160 -260 11 1
-159 -259 11 1
-193 -298 14 0
-194 -296 13 2
-171 -255 6 1
-171 -255 5 2
-169 -259 5 2
-170 -260 4 1
-170 -260 5 2
-169 -272 15 0
-169 -272 16 0
-192 -268 17 0
-191 -268 17 0
-190 -268 18 0
-196 -271 17 0
-197 -272 17 0
-197 -273 17 0
-195 -264 17 0
-193 -270 17 0
-192 -271 17 0
-185 -285 12 0
-167 -265 12 0
-186 -252 6 1
-198 -263 31 0
-196 -268 24 0
-170 -275 9 1
-198 -267 11 1
-199 -268 10 2
-200 -268 9 1
-200 -269 9 1
-172 -275 16 0
-172 -275 15 0
-197 -288 15 0
-197 -294 15 0
-196 -292 13 1
-200 -290 14 0
-200 -289 14 0
-199 -292 14 0
-192 -258 10 0
-193 -257 11 0
-200 -293 14 0
-200 -294 14 1
-191 -266 12 0
-192 -266 12 0
-198 -287 14 0
-188 -294 24 0
-188 -294 25 0
-190 -295 23 0
-191 -296 25 0
-189 -293 23 0
-189 -292 24 0
-189 -291 25 0
-188 -296 23 0
-190 -294 21 0
-192 -294 23 0
-190 -297 23 0
-190 -298 23 0
-190 -293 22 0
-191 -291 23 0
-191 -290 23 0
-191 -295 21 0
-187 -289 10 2
-188 -287 12 1
-188 -287 11 1
-188 -287 10 1
-188 -288 12 2
-188 -288 10 1
-188 -289 12 1
-188 -289 11 1
-188 -289 10 1
-187 -270 11 0
-187 -269 11 0
-183 -269 12 0
-184 -268 12 0
-188 -270 13 0
-188 -269 12 0
-179 -281 12 0
-187 -284 9 1
-174 -283 12 0
-175 -282 12 0
-188 -282 9 2
-179 -282 12 0
-182 -278 13 0
-181 -279 13 0
-180 -279 12 0
-175 -283 14 1
-175 -283 12 1
-172 -274 8 1
-173 -274 10 1
-173 -274 9 2
-173 -274 8 1
-174 -274 10 1
-174 -274 9 2
-174 -274 8 2
-176 -269 9 1
-175 -269 10 0
-174 -270 11 0
-170 -274 11 1
-151 -255 10 1
-170 -274 9 1
-151 -256 11 1
-171 -274 10 2
-195 -286 16 0
-190 -295 16 0
-189 -295 18 0
-189 -292 17 0
-197 -259 3 2
-172 -264 6 2
-199 -281 14 0
-199 -280 13 0
-198 -279 13 0
-197 -279 13 0
-197 -278 13 0
-192 -276 14 0
-184 -268 8 0
-182 -267 7 0
-182 -267 6 1
-182 -265 6 1
-199 -268 16 0
-192 -269 18 0
-157 -259 8 2
-200 -262 38 0
-166 -274 10 1
-166 -274 11 1
-166 -274 12 1
-166 -272 9 1
-165 -272 9 1
-171 -287 16 0
-176 -279 17 0
-176 -280 17 0
-178 -288 17 0
-178 -287 17 0
-179 -281 18 0
-173 -286 21 0
-174 -286 20 0
-173 -288 13 0
-178 -280 15 0
-169 -262 4 1
-175 -258 5 2
-174 -258 3 1
-170 -276 22 1
-170 -276 23 0
-170 -276 24 0
-171 -276 21 1
-172 -277 23 0
-172 -277 24 0
-171 -275 21 1
-171 -274 22 0
-172 -275 21 0
-174 -275 23 0
-168 -274 22 1
-171 -278 21 1
-172 -273 21 0
-173 -272 22 0
-163 -262 12 0
-164 -266 12 0
-163 -268 12 0
-196 -264 19 0
-198 -266 20 0
-181 -256 13 0
-200 -255 9 0
-181 -255 12 0
-200 -261 11 0
-180 -255 11 0
-196 -291 8 1
-196 -290 17 0
-195 -290 19 0
-197 -291 16 0
-198 -291 17 0
-198 -292 18 0
-196 -287 18 0
-195 -292 17 0
-195 -293 18 0
-197 -290 14 0
-181 -257 4 1
-181 -257 3 2
-181 -257 2 1
-181 -258 4 2
-181 -258 3 2
-198 -268 15 0
-199 -268 14 0
-181 -259 3 2
-181 -259 2 1
-198 -251 11 2
-198 -252 31 2
-198 -252 30 2
-198 -252 29 2
-198 -252 28 2
-198 -252 27 2
-167 -281 9 1
-166 -281 9 1
-166 -280 17 0
-177 -257 8 0
-198 -289 12 0
-193 -270 15 0
-192 -270 16 0
-196 -272 15 0
-176 -255 7 0
-179 -261 7 0
-166 -259 8 2
-165 -256 7 1
-165 -256 8 0
-168 -258 8 1
-167 -258 9 1
-196 -267 24 0
-176 -288 8 1
-176 -288 9 2
-176 -288 10 1
-176 -287 8 1
-161 -256 14 0
-191 -292 14 0
-196 -284 15 0
-177 -257 5 1
-185 -268 8 0
-178 -257 6 0
-179 -258 7 0
-184 -257 5 1
-185 -287 12 0
-185 -290 10 1
-185 -290 9 1
-185 -290 8 1
-193 -253 14 0
-165 -278 13 1
-165 -277 11 2
-165 -277 12 2
-165 -277 13 2
-164 -279 11 2
-192 -265 12 0
-190 -270 12 0
-190 -268 12 0
-196 -258 13 0
-191 -270 8 1
-188 -256 9 1
-194 -261 2 1
-173 -268 5 1
-174 -266 8 0
-170 -268 6 1
-168 -284 11 1
-176 -262 5 1
-176 -261 3 1
-195 -255 19 0
-195 -256 19 0
-194 -257 19 0
-192 -251 19 0
-191 -251 19 0
-194 -254 18 0
-193 -255 18 0
-192 -255 18 0
-189 -268 3 1
-189 -268 4 2
-196 -256 17 0
-192 -253 17 0
-191 -253 16 0
-194 -255 16 0
-193 -297 17 0
-200 -300 20 0
-196 -252 20 0
-195 -253 21 0
-194 -254 23 0
-197 -252 20 0
-199 -296 16 1
-199 -300 14 1
-200 -300 14 1
-195 -297 13 2
-200 -298 14 1
-200 -299 14 1
-194 -299 15 0
-180 -284 16 0
-194 -296 22 0
-195 -296 23 0
-189 -291 22 0
-189 -298 22 0
-189 -299 22 0
-193 -293 21 0
-194 -292 21 0
-195 -292 22 0
-192 -296 21 0
-186 -269 10 0
-188 -273 11 0
-184 -270 9 0
-183 -270 10 0
-189 -269 8 0
-186 -271 8 0
-186 -272 9 0
-172 -256 2 1
-175 -251 3 1
-161 -273 21 0
-165 -270 21 0
-163 -278 21 0
-159 -269 21 0
-160 -270 21 0
-159 -276 22 0
-160 -275 22 0
-172 -255 9 0
-171 -255 8 0
-167 -252 9 0
-167 -253 9 0
-173 -258 10 0
-172 -258 9 0
-171 -253 10 0
-173 -254 9 0
-169 -254 8 0
-169 -253 8 0
-189 -251 7 0
-187 -252 7 0
-186 -252 7 1
-185 -253 7 1
-191 -283 8 1
-191 -283 9 1
-191 -283 10 1
-193 -257 14 0
-194 -256 13 0
-194 -257 14 0
-189 -285 8 1
-177 -264 8 0
-180 -266 9 0
-180 -266 8 0
-177 -266 10 0
-178 -265 10 0
-180 -264 10 0
-178 -263 11 0
-196 -273 17 0
-195 -259 5 1
-197 -257 31 0
-197 -262 7 0
-199 -261 31 0
-198 -261 30 0
-158 -257 13 0
-185 -282 12 0
-186 -281 11 0
-183 -285 12 1
-185 -286 12 0
-186 -286 11 1
-186 -287 11 1
-185 -284 11 1
-185 -288 8 1
-185 -288 9 2
-186 -253 7 1
-196 -288 17 0
-163 -273 9 1
-183 -268 3 1
-185 -281 9 1
-185 -281 10 1
-183 -286 11 1
-171 -272 14 0
-170 -273 16 0
-174 -270 14 0
-175 -270 15 0
-176 -269 15 0
-170 -269 14 0
-173 -272 13 0
-173 -274 15 0
-174 -267 14 0
-171 -271 13 0
-168 -272 14 0
-176 -271 13 0
-177 -272 14 0
-172 -272 12 0
-198 -283 14 0
-183 -261 3 1
-198 -283 17 0
-200 -283 15 0
-188 -284 12 0
-195 -283 7 1
-195 -284 7 1
-199 -265 3 2
-163 -262 10 1
-163 -262 9 1
-179 -284 11 2
-164 -260 10 2
-197 -285 16 0
-200 -285 9 2
-196 -256 13 0
-188 -273 12 0
-188 -270 10 0
-154 -262 9 1
-154 -262 8 1
-186 -297 19 0
-185 -298 18 0
-191 -293 18 0
-185 -296 16 0
-188 -295 19 0
-189 -295 17 0
-189 -295 16 0
-189 -296 24 0
-186 -297 24 0
-189 -294 22 0
-191 -294 24 0
-188 -296 22 0
-189 -298 24 0
-189 -292 22 0
-193 -294 15 1
-162 -264 8 2
-162 -264 9 1
-161 -266 7 1
-164 -257 13 0
-188 -273 9 0
-187 -273 9 0
-188 -275 6 1
-188 -275 7 2
-187 -275 6 1
-187 -275 7 1
-187 -275 8 1
-192 -275 5 1
-191 -275 5 1
-190 -275 5 1
-154 -256 17 0
-152 -260 16 0
-167 -267 9 1
-167 -266 7 1
-168 -279 26 0
-171 -277 25 0
-164 -259 12 0
-164 -254 14 0
-173 -278 21 0
-173 -273 21 0
-171 -281 21 0
-167 -279 22 1
-166 -275 23 0
-174 -274 23 0
-170 -279 23 0
-167 -277 24 0
-169 -277 23 0
-173 -276 25 0
-200 -274 17 0
-194 -277 17 0
-177 -254 4 2
-198 -276 18 0
-195 -274 18 0
-178 -254 4 1
-175 -257 7 0
-180 -255 7 0
-192 -276 15 0
-177 -254 8 1
-176 -259 8 0
-176 -258 8 0
-199 -259 39 0
-200 -254 41 0
-195 -259 9 0
-199 -257 42 0
-199 -257 41 0
-197 -262 22 0
-198 -262 23 0
-193 -255 10 0
-198 -263 25 0
-198 -258 33 0
-196 -258 35 0
-200 -261 36 0
-199 -296 15 1
-195 -259 39 0
-155 -253 12 0
-193 -289 12 2
-154 -258 10 1
-153 -260 7 1
-185 -258 12 0
-155 -260 9 2
-155 -260 8 2
-155 -260 7 1
-156 -257 10 0
-155 -257 10 1
-190 -252 11 0
-154 -258 11 1
-153 -253 14 0
-193 -284 12 0
-192 -261 9 0
-193 -262 9 0
-168 -267 14 0
-166 -266 14 0
-191 -261 7 1
-193 -271 9 1
-195 -275 7 2
-196 -274 6 1
-196 -275 7 2
-194 -271 9 1
-197 -271 9 1
-195 -271 9 1
-196 -271 9 2
-199 -259 36 0
-175 -252 5 2
-186 -251 7 1
-190 -265 6 1
-187 -262 6 0
-200 -280 17 0
-192 -251 37 0
-192 -253 38 1
-200 -276 12 0
-199 -278 17 0
-200 -261 33 0
-199 -275 18 0
-200 -273 10 1
-198 -277 16 0
-195 -276 11 0
-198 -271 10 1
-199 -259 31 0
-167 -272 12 1
-167 -272 13 1
-167 -271 11 1
-172 -273 14 0
-172 -273 13 0
-173 -269 16 0
-175 -273 16 0
-174 -273 15 0
-189 -259 6 2
-189 -259 5 2
-196 -277 8 1
-165 -259 11 1
-197 -259 5 0
-195 -262 4 1
-169 -273 9 1
-169 -273 10 2
-174 -268 10 0
-175 -268 9 1
-197 -288 12 0
-187 -268 9 0
-188 -256 5 2
-200 -292 13 0
-199 -291 13 0
-199 -277 14 0
-200 -288 13 0
-183 -287 8 1
-183 -288 10 1
-183 -288 9 1
-167 -266 8 2
-185 -268 12 0
-185 -267 11 0
-182 -266 13 0
-192 -265 7 1
-196 -262 7 0
-195 -263 7 0
-158 -261 7 1
-155 -260 10 1
-156 -259 10 1
-157 -256 9 1
-157 -256 8 2
-157 -256 7 1
-157 -257 7 1
-157 -258 9 1
-157 -258 8 2
-157 -258 7 1
-158 -256 9 2
-158 -256 8 2
-158 -256 7 1
-158 -257 9 2
-158 -257 8 2
-158 -257 7 1
-158 -258 7 1
-157 -257 8 2
-155 -262 10 1
-155 -263 10 2
-156 -261 10 1
-156 -262 10 1
-156 -263 10 1
-157 -262 10 1
-157 -263 10 1
-157 -259 11 0
-194 -251 12 0
-160 -262 10 1
-160 -262 6 1
-160 -263 6 1
-168 -280 12 2
-168 -280 11 1
-168 -280 10 2
-168 -281 12 1
-168 -281 11 1
-168 -281 10 2
-164 -283 11 1
-164 -280 16 0
-167 -279 13 1
-168 -278 12 2
-168 -278 11 1
-168 -279 12 2
-168 -279 11 2
-160 -281 12 0
-167 -282 13 0
-167 -281 13 1
-163 -282 14 0
-163 -281 14 0
-163 -280 13 0
-167 -279 14 1
-165 -282 16 0
-165 -281 15 0
-165 -280 14 0
-165 -279 14 0
-162 -280 16 0
-166 -279 17 0
-165 -279 16 0
-165 -279 15 0
-163 -278 16 0
-195 -269 15 0
-157 -273 16 0
-157 -272 17 0
-156 -276 15 0
-155 -277 16 0
-155 -274 14 0
-154 -273 15 0
-154 -273 16 0
-155 -276 13 0
-154 -276 14 0
-153 -277 15 0
-156 -273 13 0
-156 -272 14 0
-155 -272 14 0
-155 -271 14 0
-156 -277 13 0
-156 -278 13 0
-156 -279 14 0
-155 -280 14 0
-154 -274 13 0
-153 -274 13 0
-152 -274 13 0
-161 -251 9 0
-157 -271 13 0
-155 -277 12 0
-154 -278 12 0
-153 -278 12 0
-156 -274 12 0
-154 -272 12 0
-153 -272 12 0
-157 -280 11 0
-161 -270 12 1
-160 -270 12 1
-156 -275 12 0
-155 -275 12 0
-154 -275 11 0
-153 -275 11 0
-152 -276 11 0
-156 -271 10 1
-155 -279 10 0
-154 -272 8 1
-154 -272 9 1
-154 -272 10 1
-153 -272 8 1
-153 -272 9 1
-153 -272 10 1
-152 -274 8 1
-152 -274 9 1
-152 -274 10 1
-152 -273 8 1
-152 -273 9 2
-152 -273 10 1
-152 -272 8 1
-152 -272 9 2
-152 -272 10 1
-154 -277 8 2
-154 -277 9 1
-154 -277 10 1
-154 -276 8 1
-154 -276 9 1
-154 -276 10 1
-196 -267 8 1
-164 -277 11 2
-164 -278 13 1
-164 -278 11 2
-164 -279 13 1
-164 -279 12 1
-161 -267 7 1
-161 -267 8 1
-161 -267 9 1
-188 -266 7 1
-198 -259 16 0
-193 -251 13 0
-199 -253 12 1
-193 -255 14 0
-197 -281 8 2
-198 -257 2 1
-196 -252 32 0
-155 -265 10 2
-177 -300 10 0
-155 -265 11 1
-155 -263 11 1
-174 -300 11 0
-158 -282 16 0
-155 -274 13 0
-154 -274 17 0
-155 -273 14 0
-155 -273 15 0
-155 -272 16 0
-155 -272 17 0
-154 -276 15 0
-154 -276 16 0
-154 -277 16 0
-156 -274 13 0
-154 -274 14 0
-154 -273 14 0
-153 -273 15 0
-152 -272 16 0
-156 -277 14 0
-157 -271 15 0
-153 -275 14 0
-152 -276 14 0
-189 -253 9 0
-189 -271 4 1
-189 -272 6 2
-189 -272 4 1
-164 -263 9 1
-164 -263 8 1
-153 -251 7 1
-199 -264 26 0
-199 -263 27 0
-195 -261 25 0
-154 -251 9 1
-154 -251 8 2
-154 -251 7 1
-184 -264 6 0
-197 -266 25 0
-198 -264 26 0
-154 -254 12 0
-154 -253 13 0
-153 -252 13 0
-179 -251 4 2
-179 -251 5 1
-179 -251 6 1
-179 -254 7 0
-176 -255 2 1
-175 -255 2 1
-177 -256 5 1
-179 -253 2 1
-163 -279 18 0
-162 -279 19 0
-163 -280 15 0
-162 -281 16 0
-162 -282 18 0
-162 -280 15 0
-160 -281 16 0
-159 -281 16 0
-173 -277 16 0
-160 -282 14 0
-160 -280 12 1
-159 -280 12 0
-161 -283 11 0
-159 -278 9 1
-159 -278 10 2
-172 -272 18 0
-172 -279 19 1
-168 -273 19 0
-168 -278 19 1
-168 -278 18 1
-168 -278 17 2
-169 -278 19 1
-169 -278 18 2
-156 -268 8 1
-157 -267 10 1
-157 -267 8 1
-157 -268 10 1
-157 -268 9 1
-157 -268 8 1
-158 -268 11 0
-154 -266 12 0
-155 -266 12 0
-155 -265 12 0
-156 -268 13 0
-183 -268 11 0
-182 -268 11 0
-180 -270 12 0
-179 -269 12 0
-175 -264 13 0
-177 -268 12 0
-178 -264 14 0
-180 -268 14 0
-180 -268 13 0
-177 -266 14 0
-178 -266 13 0
-176 -261 11 0
-179 -260 12 0
-178 -263 13 0
-176 -262 8 0
-179 -268 9 0
-180 -263 13 0
-180 -268 9 0
-182 -267 11 0
-178 -261 11 0
-180 -263 11 0
-181 -263 12 0
-192 -253 15 0
-192 -253 16 0
-195 -254 16 0
-178 -276 7 1
-191 -255 15 0
-196 -252 14 0
-186 -282 13 0
-181 -278 15 0
-182 -279 15 0
-185 -278 16 0
-185 -280 15 0
-180 -280 17 0
-181 -280 16 0
-187 -281 17 0
-181 -285 17 0
-183 -279 17 0
-185 -283 17 0
-159 -253 9 1
-159 -253 8 1
-159 -253 7 1
-159 -254 9 1
-159 -254 7 1
-159 -255 9 1
-159 -255 8 2
-159 -255 7 1
-160 -253 9 1
-198 -263 14 0
-197 -264 13 0
-200 -291 12 0
-176 -275 12 0
-176 -269 13 0
-172 -275 13 0
-172 -274 13 0
-172 -273 12 0
-177 -273 14 0
-176 -272 13 0
-175 -272 13 0
-195 -277 6 1
-194 -276 7 2
-191 -272 6 2
-165 -278 17 1
-165 -278 16 1
-164 -278 15 1
-174 -251 3 1
-158 -259 17 0
-156 -256 15 0
-156 -255 16 0
-156 -255 17 0
-158 -255 15 0
-158 -254 15 0
-160 -259 15 0
-159 -256 13 0
-160 -255 14 0
-156 -255 13 0
-157 -254 13 0
-157 -253 13 0
-161 -258 12 0
-158 -255 12 0
-159 -254 11 0
-155 -253 10 0
-159 -257 10 1
-160 -256 10 1
-157 -254 8 2
-158 -255 7 1
-158 -255 8 2
-158 -255 9 1
-158 -254 7 1
-158 -254 8 2
-158 -254 9 1
-158 -253 7 1
-163 -285 16 0
-162 -284 16 0
-198 -291 13 0
-199 -292 13 0
-200 -292 12 0
-200 -293 12 0
-196 -287 12 0
-192 -258 7 1
-195 -293 12 1
-183 -290 20 0
-183 -289 20 0
-162 -282 15 0
-166 -288 15 0
-166 -289 15 0
-166 -290 15 0
-161 -286 14 0
-166 -286 15 0
-169 -288 14 0
-165 -284 15 0
-165 -286 15 0
-165 -287 15 0
-164 -287 14 0
-164 -288 14 0
-163 -289 13 0
-164 -285 14 0
-163 -284 14 0
-163 -284 13 0
-162 -284 13 0
-166 -287 14 0
-167 -288 13 0
-200 -268 16 0
-200 -267 17 0
-164 -283 14 0
-167 -281 16 0
-167 -281 17 0
-169 -282 15 0
-182 -292 16 0
-157 -284 16 0
-164 -289 16 0
-165 -289 16 0
-163 -281 15 0
-161 -287 15 0
-160 -287 15 0
-159 -288 15 0
-158 -288 15 0
-161 -285 15 0
-197 -268 14 0
-192 -273 14 0
-193 -272 15 0
-193 -271 15 0
-194 -270 16 0
-193 -265 15 0
-152 -287 13 0
-152 -286 13 0
-152 -280 12 0
-153 -281 13 0
-153 -283 14 0
-151 -284 14 0
-152 -284 14 0
-156 -281 14 0
-154 -283 14 0
-154 -289 14 0
-162 -283 12 0
-199 -289 9 2
-167 -287 8 1
-167 -287 9 1
-167 -287 10 1
-191 -252 3 2
-196 -266 7 0
-178 -282 7 1
-178 -282 8 2
-178 -282 9 2
-178 -281 7 1
-178 -281 8 1
-175 -281 12 0
-175 -282 13 0
-178 -277 7 1
-178 -278 9 1
-178 -278 8 1
-187 -264 4 2
-190 -262 6 0
-190 -258 2 1
-190 -259 4 1
-190 -259 3 1
-190 -263 13 0
-175 -281 7 1
-177 -274 11 0
-190 -263 10 0
-178 -276 9 1
-192 -288 12 2
-185 -266 8 0
-181 -265 8 0
-178 -256 3 2
-168 -251 8 0
-176 -251 4 1
-177 -251 5 2
-177 -251 4 2
-178 -251 5 1
-185 -281 13 0
-184 -282 13 0
-180 -286 14 1
-182 -285 14 1
-182 -286 13 1
-186 -285 14 0
-185 -285 14 0
-160 -284 14 0
-164 -280 18 0
-161 -280 16 0
-161 -281 17 0
-161 -278 15 0
-158 -280 16 0
-178 -259 9 0
-160 -281 13 0
-159 -282 13 0
-159 -279 12 0
-158 -278 9 1
-158 -278 10 1
-158 -278 11 1
-181 -284 9 1
-180 -285 9 1
-182 -280 7 1
-182 -280 8 2
-182 -279 7 1
-182 -279 8 1
-182 -279 9 1
-182 -278 7 1
-178 -300 8 0
-179 -300 11 0
-177 -300 12 0
-196 -290 9 1
-199 -263 8 0
-199 -262 7 1
-185 -261 7 0
-186 -261 7 0
-184 -265 5 1
-185 -264 6 1
-185 -263 7 0
-164 -277 12 1
-164 -277 13 1
-163 -279 11 2
-163 -279 12 1
-163 -279 13 1
-178 -284 12 2
-178 -284 13 2
-178 -283 13 1
-173 -282 12 0
-172 -283 12 0
-179 -279 12 0
-180 -280 11 0
-181 -280 11 0
-176 -281 11 0
-179 -276 10 0
-172 -281 9 1
-172 -281 10 2
-172 -281 11 1
-171 -281 9 1
-171 -281 10 2
-200 -290 11 0
-197 -293 9 2
-198 -294 8 1
-198 -294 9 2
-198 -294 10 1
-192 -266 7 1
-192 -266 6 1
-191 -266 6 1
-186 -285 10 2
-186 -285 11 1
-186 -284 9 2
-196 -288 9 1
-196 -288 10 1
-195 -290 8 1
-195 -290 9 1
-197 -261 6 1
-195 -289 8 1
-195 -289 9 1
-195 -289 10 1
-195 -288 8 1
-195 -288 9 2
-195 -288 10 1
-200 -260 6 0
-199 -263 2 1
-199 -263 3 1
-199 -262 2 1
-199 -262 3 2
-198 -263 2 1
-198 -263 3 1
-198 -263 4 2
-197 -263 2 1
-197 -263 3 1
-197 -263 4 2
-199 -260 5 0
-180 -253 11 0
-180 -253 12 0
-180 -253 13 0
-181 -253 10 0
-182 -254 13 0
-183 -253 10 0
-184 -252 11 0
-196 -251 12 0
-200 -284 18 0
-183 -265 2 1
-194 -255 35 0
-196 -273 14 0
-166 -261 14 0
-177 -261 3 1
-194 -264 14 0
-182 -281 13 0
-186 -278 12 0
-183 -280 12 0
-183 -279 12 0
-182 -278 11 0
-197 -260 25 0
-197 -259 25 0
-199 -261 10 0
-199 -261 36 0
-168 -261 11 1
-181 -264 3 2
-168 -261 10 2
-168 -262 10 2
-182 -264 2 1
-183 -255 2 1
-188 -263 13 0
-173 -277 20 0
-174 -277 21 0
-169 -280 20 0
-173 -274 20 0
-174 -280 20 0
-168 -278 20 1
-175 -276 19 0
-176 -276 19 0
-174 -272 18 0
-176 -251 7 2
-176 -251 8 2
-197 -265 24 0
-197 -266 23 0
-198 -267 23 0
-178 -252 7 1
-178 -251 6 1
-182 -254 6 1
-183 -254 5 1
-172 -253 11 0
-171 -255 10 0
-171 -251 8 0
-170 -251 10 0
-171 -253 8 0
-191 -287 15 0
-198 -254 8 0
-198 -255 7 0
-198 -258 4 1
-190 -266 9 0
-200 -270 15 0
-188 -286 18 0
-189 -284 17 0
-187 -289 18 0
-186 -284 17 0
-191 -283 17 0
-188 -285 15 0
-185 -290 14 1
-186 -283 13 0
-191 -284 13 0
-193 -285 11 0
-190 -284 11 0
-185 -287 16 0
-187 -282 15 0
-189 -283 14 0
-189 -282 14 0
-189 -281 14 0
-188 -282 11 0
-186 -289 12 1
-189 -284 11 1
-188 -284 11 1
-187 -286 17 0
-187 -286 18 0
-188 -284 17 0
-187 -289 17 0
-190 -282 16 0
-164 -270 12 1
-199 -253 10 1
-200 -254 5 1
-195 -254 1 1
-197 -252 9 0
-191 -286 16 0
-191 -286 17 0
-186 -285 16 0
-185 -285 17 0
-188 -288 15 2
-185 -264 10 0
-158 -253 13 0
-162 -256 12 0
-163 -256 12 0
-200 -264 21 0
-197 -266 27 0
-195 -265 29 0
-195 -265 28 0
-196 -264 20 0
-177 -254 6 1
-160 -278 9 1
-164 -273 9 1
-200 -280 13 0
-194 -283 13 0
-177 -253 11 0
-191 -259 2 1
-191 -260 4 1
-191 -261 2 1
-192 -259 3 1
-192 -259 2 1
-192 -260 2 1
-192 -261 3 2
-192 -261 2 1
-193 -261 3 2
-193 -261 2 1
-192 -260 3 2
-186 -255 7 0
-173 -270 10 1
-169 -264 10 0
-169 -271 8 1
-169 -271 9 2
-188 -257 5 2
-188 -257 4 1
-189 -257 4 1
-182 -264 5 1
-154 -251 18 0
-154 -251 17 0
-155 -251 11 0
-179 -260 6 0
-180 -260 7 0
-181 -260 7 0
-197 -254 16 0
-197 -254 17 0
-197 -254 18 0
-199 -256 17 0
-198 -252 16 0
-196 -254 14 0
-199 -258 16 0
-196 -255 14 0
-198 -252 13 0
-182 -258 8 0
-180 -263 8 0
-181 -262 8 0
-153 -251 13 0
-181 -258 12 0
-184 -255 8 0
-184 -256 8 0
-184 -257 8 0
-184 -258 8 0
-179 -259 9 0
-181 -259 8 0
-193 -263 9 0
-197 -266 10 0
-190 -266 10 0
-191 -266 10 0
-191 -266 9 0
-196 -261 11 0
-196 -262 10 0
-195 -267 10 0
-191 -263 11 0
-192 -264 10 0
-193 -264 9 0
-197 -264 11 0
-196 -264 10 0
-198 -263 34 0
-200 -260 26 0
-200 -260 27 0
-200 -260 28 0
-188 -286 11 1
-185 -282 9 2
-174 -263 3 1
-174 -263 4 2
-183 -289 19 0
-190 -251 37 0
-179 -295 20 0
-179 -294 20 0
-180 -292 19 0
-184 -292 20 0
-182 -291 19 0
-182 -287 21 0
-189 -251 37 0
-181 -292 20 0
-184 -290 22 0
-192 -252 39 0
-178 -293 22 0
-153 -284 16 0
-152 -284 16 0
-160 -289 15 0
-157 -282 15 0
-157 -281 15 0
-158 -280 15 0
-155 -286 15 0
-155 -287 15 0
-152 -255 12 0
-182 -286 11 2
-194 -273 12 0
-154 -282 14 0
-153 -281 14 0
-157 -287 15 0
-157 -288 14 0
-157 -289 14 0
-157 -290 14 0
-159 -282 14 0
-159 -258 15 0
-160 -259 17 0
-158 -256 14 0
-193 -252 33 0
-192 -269 11 0
-200 -259 10 0
-196 -253 34 0
-196 -252 34 0
-195 -252 35 0
-190 -255 7 2
-198 -254 3 2
-198 -254 2 1
-198 -255 4 1
-198 -255 3 2
-198 -255 2 1
-161 -274 21 0
-164 -271 21 0
-163 -271 20 0
-163 -270 20 0
-162 -278 20 0
-161 -273 20 0
-161 -272 19 1
-165 -271 18 1
-162 -275 19 1
-162 -275 18 1
-163 -272 19 1
-163 -272 20 1
-179 -281 17 0
-171 -285 17 0
-179 -287 17 0
-175 -280 16 0
-173 -288 16 0
-192 -262 6 0
-180 -253 9 0
-175 -285 21 0
-175 -285 22 0
-175 -285 23 0
-175 -285 24 0
-177 -286 22 0
-176 -282 23 0
-175 -286 21 0
-174 -287 23 0
-179 -284 23 0
-173 -283 22 0
-177 -287 21 0
-177 -288 21 0
-177 -289 22 0
-177 -283 20 0
-177 -283 21 0
-178 -282 21 0
-178 -281 22 0
-173 -286 20 0
-172 -286 21 0
-179 -286 21 0
-180 -287 21 0
-174 -281 21 0
-175 -287 20 0
-175 -288 20 0
-175 -289 20 0
-191 -275 8 1
-191 -251 40 0
-196 -257 38 0
-191 -274 7 1
-187 -265 6 1
-191 -273 6 2
-199 -283 15 0
-190 -275 7 2
-190 -275 8 1
-190 -274 6 1
-190 -274 8 1
-195 -277 7 2
-153 -256 9 1
-194 -273 11 0
-192 -274 11 0
-191 -255 2 1
-191 -255 3 2
-191 -255 4 1
-191 -254 2 1
-174 -284 12 0
-187 -284 8 1
-188 -282 10 1
-178 -276 12 0
-188 -282 8 1
-188 -283 10 1
-188 -283 9 2
-188 -283 8 1
-188 -284 9 1
-168 -271 25 0
-167 -273 24 0
-167 -279 25 0
-163 -273 26 0
-164 -274 24 0
-169 -275 25 0
-164 -277 26 0
-166 -272 26 0
-166 -273 26 0
-166 -273 25 0
-165 -275 27 0
-165 -275 26 0
-197 -296 17 1
-197 -297 23 0
-197 -297 24 0
-158 -256 15 0
-158 -255 16 0
-160 -257 14 0
-161 -257 15 0
-189 -269 6 1
-191 -272 5 1
-191 -266 5 1
-191 -268 5 1
-190 -267 6 2
-188 -271 7 1
-187 -274 8 1
-188 -273 8 1
-188 -274 8 1
-189 -272 7 2
-172 -277 17 1
-171 -272 17 0
-168 -279 16 2
-168 -279 17 1
-168 -279 18 1
-168 -278 16 2
-167 -279 16 1
-167 -279 17 1
-167 -279 18 1
-167 -278 16 1
-167 -278 17 1
-167 -278 18 1
-174 -275 17 0
-172 -279 17 1
-173 -272 16 0
-172 -277 22 0
-171 -274 19 0
-171 -274 20 0
-171 -273 21 0
-171 -272 22 0
-170 -277 20 2
-169 -277 21 2
-172 -275 19 0
-151 -262 11 1
-191 -282 10 1
-171 -256 3 1
-171 -255 3 1
-171 -254 3 2
-171 -254 4 1
-171 -254 5 1
-174 -253 3 2
-174 -254 2 1
-174 -253 2 1
-174 -253 4 2
-174 -252 2 1
-174 -252 3 2
-174 -252 4 1
-173 -254 2 1
-173 -253 2 1
-173 -253 3 2
-173 -253 4 1
-173 -252 2 1
-173 -252 3 2
-173 -252 4 1
-179 -252 2 1
-178 -252 2 1
-178 -251 2 1
-177 -251 2 1
-159 -283 16 0
-163 -263 9 1
-162 -263 9 1
-161 -263 14 0
-161 -263 15 0
-162 -264 13 0
-162 -264 14 0
-178 -256 12 0
-177 -256 13 0
-180 -258 13 0
-179 -255 10 0
-178 -254 11 0
-178 -254 12 0
-177 -258 11 0
-177 -259 12 0
-177 -256 9 0
-177 -255 10 0
-175 -254 11 0
-180 -260 11 0
-180 -253 10 0
-175 -258 10 0
-177 -253 9 0
-177 -252 10 0
-177 -261 9 0
-181 -255 9 0
-183 -254 9 0
-174 -255 9 0
-196 -267 2 1
-196 -268 2 1
-185 -279 12 0
-185 -280 12 0
-188 -280 13 0
-186 -279 14 0
-164 -278 12 2
-159 -271 12 1
-159 -276 13 0
-159 -277 13 0
-158 -278 12 0
-158 -279 12 0
-165 -274 10 1
-165 -274 11 1
-164 -274 10 1
-199 -266 13 0
-197 -266 11 0
-193 -272 10 1
-194 -271 6 1
-193 -271 6 1
-193 -266 14 0
-188 -269 6 1
-194 -265 13 0
-184 -265 11 0
-188 -256 10 0
-185 -254 11 0
-169 -272 10 2
-173 -268 8 2
-173 -268 9 1
-170 -268 15 0
-192 -254 3 2
-192 -254 2 1
-171 -266 7 2
-192 -255 2 1
-192 -256 4 1
-196 -259 10 0
-200 -256 8 0
-199 -258 7 0
-199 -259 8 0
-199 -260 9 0
-199 -261 9 0
-182 -259 2 1
-182 -261 5 1
-180 -260 4 1
-156 -251 15 0
-180 -261 4 2
-192 -291 19 0
-191 -294 19 0
-190 -297 17 0
-189 -293 19 0
-190 -295 18 0
-172 -300 8 0
-151 -258 13 1
-153 -259 12 1
-154 -259 12 1
-198 -295 8 1
-152 -256 13 0
-153 -256 11 1
-172 -263 6 1
-172 -264 8 1
-172 -264 7 1
-191 -253 4 1
-200 -252 11 2
-200 -253 32 2
-200 -253 31 2
-200 -253 30 2
-200 -253 29 2
-200 -253 28 2
-200 -253 27 2
-200 -253 26 2
-192 -286 8 1
-193 -285 13 0
-193 -294 14 1
-193 -295 15 1
-198 -286 16 0
-193 -293 16 0
-192 -284 17 0
-192 -289 16 0
-196 -285 18 0
-195 -287 16 0
-191 -287 18 0
-193 -290 17 0
-194 -286 19 0
-195 -290 18 0
-193 -289 20 0
-193 -287 10 1
-193 -287 9 2
-193 -287 8 1
-193 -288 10 1
-161 -258 15 0
-161 -258 16 0
-164 -259 15 0
-164 -259 16 0
-162 -256 14 0
-162 -256 15 0
-162 -255 15 0
-161 -260 14 0
-194 -273 4 1
-194 -273 5 1
-194 -272 4 1
-181 -256 12 0
-181 -256 11 0
-199 -276 10 0
-179 -252 4 2
-175 -258 8 0
-152 -254 15 0
-177 -253 6 1
-189 -257 11 0
-199 -292 17 0
-199 -292 16 0
-198 -290 8 1
-198 -290 9 2
-198 -290 10 1
-198 -289 8 1
-198 -289 9 2
-198 -289 10 1
-197 -291 8 1
-197 -291 9 1
-197 -291 10 1
-197 -252 13 0
-191 -253 15 0
-197 -266 13 0
-195 -252 16 0
-200 -267 5 1
-200 -267 4 1
-184 -262 11 0
-185 -265 12 0
-186 -265 12 0
-190 -261 9 0
-190 -262 9 0
-185 -264 12 0
-198 -253 3 2
-197 -253 4 1
-192 -255 5 1
-182 -290 12 1
-183 -290 14 1
-183 -290 13 1
-184 -289 14 1
-184 -289 13 1
-184 -290 14 1
-158 -275 11 1
-158 -275 10 2
-158 -275 9 1
-159 -275 11 1
-159 -275 10 1
-159 -275 9 1
-160 -275 11 1
-160 -275 10 2
-160 -275 9 1
-160 -275 13 1
-160 -277 12 1
-157 -273 12 0
-157 -274 13 0
-157 -278 12 0
-159 -271 13 0
-159 -273 14 0
-162 -277 13 0
-155 -275 13 0
-160 -280 14 0
-159 -278 14 0
-156 -271 14 0
-157 -273 15 0
-157 -277 15 0
-160 -272 15 0
-162 -278 15 0
-161 -277 15 0
-155 -274 16 0
-158 -278 16 0
-158 -277 16 0
-164 -276 17 1
-162 -276 16 0
-155 -276 17 0
-160 -279 18 0
-160 -278 17 0
-156 -273 18 0
-157 -277 19 0
-158 -277 18 0
-158 -276 17 0
-159 -274 12 1
-158 -272 11 1
-158 -272 10 1
-176 -252 10 0
-176 -251 10 0
-173 -252 10 0
-174 -255 8 0
-172 -256 9 0
-175 -254 8 1
-173 -251 4 2
-172 -252 4 1
-172 -252 5 1
-172 -252 6 1
-172 -251 4 2
-161 -289 18 0
-161 -288 18 0
-157 -283 18 0
-158 -284 18 0
-158 -284 17 0
-170 -254 4 2
-163 -265 13 0
-163 -265 14 0
-162 -265 16 0
-162 -269 12 0
-160 -265 10 1
-162 -265 14 0
-162 -265 15 0
-165 -266 16 0
-196 -256 39 0
-198 -251 41 0
-172 -278 17 1
-172 -270 17 0
-174 -275 16 0
-169 -270 16 0
-170 -278 16 2
-169 -278 16 2
-175 -272 15 0
-179 -282 15 0
-166 -274 16 2
-166 -273 16 2
-174 -288 17 0
-173 -280 18 0
-179 -286 18 0
-171 -286 18 0
-172 -285 18 0
-174 -285 17 0
-166 -260 6 1
-165 -260 5 1
-165 -260 6 1
-164 -260 5 1
-164 -260 6 1
-169 -257 5 2
-169 -257 6 2
-167 -254 12 0
-178 -286 19 0
-175 -290 16 0
-172 -287 17 0
-175 -287 17 0
-166 -278 10 1
-166 -277 10 1
-165 -279 10 1
-177 -289 14 0
-177 -282 15 0
-179 -290 16 0
-171 -254 9 0
-170 -258 5 2
-199 -262 27 0
-198 -260 4 1
-193 -251 39 0
-192 -252 40 0
-195 -253 39 1
-191 -251 38 0
-198 -266 5 1
-199 -264 6 2
-191 -251 14 0
-195 -254 11 0
-198 -254 11 0
-190 -251 14 0
-199 -254 11 1
-194 -264 3 2
-192 -253 34 0
-195 -252 34 0
-151 -251 12 1
-196 -276 7 2
-155 -251 10 1
-196 -275 8 1
-197 -275 8 1
-197 -252 17 0
-190 -264 8 0
-187 -269 7 0
-188 -265 10 0
-185 -267 7 0
-197 -258 2 1
-197 -258 3 2
-197 -258 4 1
-197 -257 2 1
-161 -254 11 0
-157 -253 10 0
-192 -253 39 0
-199 -253 38 1
-200 -253 38 2
-195 -255 38 1
-195 -256 38 0
-191 -251 37 0
-199 -256 37 0
-196 -256 36 0
-196 -257 35 0
-199 -254 35 0
-200 -254 34 2
-195 -254 35 0
-194 -255 34 0
-199 -251 34 2
-200 -251 33 2
-196 -259 33 0
-200 -262 33 0
-173 -265 9 0
-174 -265 9 0
-177 -267 9 0
-175 -266 9 0
-166 -265 9 1
-166 -265 7 1
-167 -265 9 1
-167 -265 8 2
-167 -265 7 1
-166 -265 8 2
-165 -263 10 1
-165 -264 10 0
-165 -266 10 0
-166 -266 8 2
-166 -266 7 1
-166 -267 9 1
-166 -267 7 1
-166 -268 9 1
-166 -268 8 2
-166 -268 7 1
-193 -291 10 1
-193 -292 10 1
-193 -293 10 1
-194 -292 10 1
-194 -293 10 1
-200 -258 40 0
-182 -286 21 0
-181 -288 20 0
-181 -294 21 0
-181 -293 21 0
-180 -292 20 0
-183 -289 22 0
-178 -292 22 0
-179 -291 20 0
-180 -287 23 0
-180 -288 22 0
-181 -291 23 0
-197 -257 41 0
-200 -259 40 0
-181 -291 22 0
-181 -291 21 0
-179 -290 23 0
-179 -290 22 0
-180 -289 16 0
-180 -289 17 0
-177 -290 15 0
-178 -290 16 0
-180 -292 15 0
-167 -261 10 2
-178 -262 6 0
-195 -251 12 0
-164 -268 10 1
-168 -265 11 0
-165 -260 11 1
-179 -276 9 1
-189 -288 9 1
-189 -287 8 1
-189 -286 8 1
-189 -286 9 1
-189 -286 10 1
-188 -288 8 1
-179 -258 13 0
-180 -256 12 0
-198 -274 13 0
-192 -252 35 0
-197 -277 11 0
-173 -284 17 0
-170 -284 15 0
-169 -285 16 0
-172 -282 13 0
-174 -282 15 0
-172 -284 14 0
-172 -285 15 0
-172 -286 15 0
-167 -284 15 0
-170 -286 13 0
-170 -287 14 0
-173 -285 12 0
-174 -286 13 0
-168 -285 12 0
-174 -284 11 1
-169 -278 9 1
-169 -286 9 2
-170 -287 8 1
-170 -287 9 1
-170 -287 10 1
-170 -286 8 1
-170 -286 9 2
-170 -286 10 1
-170 -285 8 1
-169 -287 8 1
-155 -259 7 1
-198 -263 33 0
-197 -277 16 0
-200 -277 14 0
-198 -275 14 0
-155 -258 15 0
-182 -255 13 0
-199 -291 12 0
-180 -278 7 1
-181 -284 11 2
-181 -283 12 1
-181 -281 11 0
-182 -279 11 0
-183 -278 10 0
-185 -286 8 1
-185 -286 9 2
-185 -286 10 1
-167 -285 8 1
-160 -252 4 1
-158 -251 5 2
-159 -252 4 1
-159 -252 5 1
-159 -252 6 1
-179 -289 18 0
-179 -289 17 0
-155 -257 9 1
-155 -257 8 2
-155 -257 7 1
-155 -258 9 1
-155 -258 8 2
-155 -251 9 1
-155 -259 9 2
-151 -251 11 2
-151 -251 10 1
-151 -251 9 1
-151 -252 11 2
-151 -252 10 2
-151 -252 9 1
-152 -252 11 2
-152 -252 10 2
-152 -252 9 1
-153 -252 11 1
-153 -252 10 1
-153 -252 9 1
-153 -261 8 2
-183 -287 12 1
-183 -286 12 1
-182 -284 12 1
-190 -251 12 0
-184 -281 13 0
-183 -281 12 0
-194 -266 16 0
-189 -253 4 1
-156 -286 19 0
-200 -296 14 1
-184 -268 5 2
-184 -268 4 1
-184 -269 6 1
-184 -269 5 1
-199 -255 32 0
-196 -255 34 0
-193 -252 34 0
-185 -268 5 1
-186 -266 7 0
-178 -269 7 1
-179 -268 7 1
-182 -280 10 1
-183 -280 10 1
-200 -256 5 0
-181 -286 9 1
-198 -258 5 0
-183 -285 11 1
-156 -287 18 0
-157 -286 17 0
-158 -286 17 0
-159 -286 16 0
-162 -281 18 0
-162 -283 17 0
-160 -273 20 0
-158 -273 19 0
-162 -269 19 0
-161 -268 19 0
-196 -276 15 0
-192 -272 17 0
-158 -261 10 1
-198 -292 8 1
-176 -268 3 1
-177 -268 3 1
-178 -268 3 1
-172 -268 5 1
-177 -268 8 0
-175 -262 9 0
-173 -262 11 0
-179 -268 11 0
-176 -263 11 0
-175 -268 10 0
-172 -265 11 0
-173 -265 11 0
-160 -271 16 0
-165 -276 16 2
-185 -280 14 0
-186 -279 15 0
-182 -289 15 1
-184 -280 12 0
-184 -279 12 0
-179 -287 11 1
-179 -287 12 1
-187 -279 11 0
-186 -278 7 1
-186 -278 8 1
-186 -278 9 1
-161 -257 10 1
-162 -256 9 1
-159 -254 8 2
-160 -255 7 2
-160 -255 8 2
-160 -255 9 1
-160 -254 7 1
-160 -254 8 2
-160 -254 9 1
-189 -267 2 1
-189 -271 9 0
-185 -272 10 0
-192 -283 10 1
-170 -267 9 1
-170 -267 8 2
-170 -267 7 2
-169 -266 8 2
-167 -266 11 0
-167 -270 9 2
-167 -270 8 2
-167 -270 7 1
-171 -284 17 0
-170 -287 20 0
-170 -286 20 0
-171 -286 19 0
-172 -281 21 0
-190 -251 36 0
-161 -261 14 0
-198 -266 6 1
-200 -254 1 1
-193 -265 10 0
-182 -261 2 1
-199 -264 13 0
-200 -251 1 1
-200 -252 1 1
-200 -253 1 1
-175 -273 7 1
-199 -252 8 2
-199 -251 9 2
-200 -273 7 1
-200 -273 6 1
-200 -274 8 1
-200 -295 9 2
-158 -258 10 1
-158 -258 8 2
-200 -252 14 2
-200 -252 15 2
-200 -252 16 2
-200 -252 17 2
-200 -252 18 2
-200 -252 19 2
-200 -252 20 2
-164 -265 12 0
-164 -265 13 0
-199 -279 14 0
-200 -280 15 0
-162 -267 15 0
-197 -281 12 0
-166 -267 11 0
-167 -268 12 0
-198 -280 14 0
-196 -280 17 0
-197 -280 16 0
-196 -277 9 1
-163 -274 24 0
-168 -274 26 0
-194 -262 7 0
-195 -261 7 1
-191 -264 7 0
-190 -264 7 0
-189 -265 7 1
-200 -268 8 1
-186 -291 15 1
-153 -282 12 0
-154 -282 11 0
-191 -285 14 0
-189 -283 8 1
-189 -284 9 2
-190 -285 12 1
-186 -288 12 0
-185 -275 8 1
-185 -275 7 1
-185 -275 6 1
-186 -273 8 1
-186 -274 8 1
-199 -273 16 0
-184 -287 11 1
-184 -286 12 0
-184 -289 10 1
-184 -289 9 1
-184 -289 8 1
-185 -289 10 1
-167 -263 10 1
-182 -281 17 0
-160 -258 15 0
-162 -259 15 0
-162 -259 16 0
-173 -300 12 0
-156 -256 12 0
-160 -257 13 0
-198 -279 18 0
-196 -264 13 0
-197 -263 12 0
-186 -292 12 1
-186 -292 11 1
-187 -290 13 1
-187 -290 12 1
-187 -291 13 1
-187 -291 11 2
-192 -296 14 1
-192 -295 12 1
-192 -295 13 1
-192 -295 14 1
-196 -300 12 1
-195 -300 12 1
-194 -300 12 1
-194 -300 13 1
-158 -253 8 1
-158 -253 9 1
-157 -255 7 1
-157 -255 8 1
-157 -255 9 1
-157 -254 7 1
-157 -254 9 1
-157 -253 7 1
-157 -253 8 1
-157 -253 9 1
-158 -254 12 0
-158 -253 12 0
-160 -255 11 0
-157 -255 11 0
-157 -254 10 0
-158 -257 10 1
-157 -257 10 1
-162 -254 15 0
-164 -255 14 0
-163 -252 13 0
-163 -252 14 0
-163 -251 15 0
-166 -254 14 0
-160 -252 14 0
-162 -251 12 0
-159 -253 11 0
-158 -253 11 0
-161 -252 10 0
-196 -296 8 1
-156 -274 16 0
-188 -255 13 0
-196 -258 7 1
-165 -263 8 2
-165 -263 7 1
-166 -261 9 2
-166 -261 8 1
-166 -261 7 1
-166 -262 9 2
-166 -262 7 1
-166 -263 9 1
-166 -263 8 2
-179 -283 7 1
-180 -283 7 1
-192 -259 7 1
-192 -283 8 1
-192 -283 9 1
-164 -267 8 2
-164 -267 7 1
-163 -263 10 0
-162 -263 10 0
-165 -263 9 1
-189 -295 23 0
-190 -296 25 0
-188 -293 23 0
-188 -292 24 0
-188 -292 25 0
-187 -296 23 0
-189 -294 21 0
-191 -294 23 0
-192 -254 38 1
-196 -264 11 0
-196 -264 12 0
-195 -268 10 1
-195 -268 11 1
-195 -251 40 0
-195 -252 33 0
-195 -251 34 0
-192 -252 34 0
-192 -251 35 0
-196 -251 35 0
-194 -253 36 1
-198 -263 10 0
-191 -251 36 0
-193 -252 37 1
-152 -260 10 2
-152 -260 11 1
-152 -259 10 2
-151 -260 10 2
-194 -253 39 0
-194 -251 34 0
-160 -251 13 0
-159 -252 13 0
-158 -252 13 0
-157 -251 14 0
-159 -253 16 0
-159 -253 15 0
-158 -253 14 0
-181 -286 10 2
-182 -285 11 1
-200 -257 2 1
-196 -257 5 1
-198 -252 4 2
-198 -253 4 1
-199 -252 4 1
-199 -252 3 2
-199 -252 2 2
-199 -253 4 1
-199 -253 2 2
-196 -270 12 2
-194 -251 14 0
-185 -258 10 0
-180 -258 11 0
-181 -258 11 0
-192 -268 3 1
-197 -293 13 0
-197 -294 13 1
-197 -295 13 1
-199 -287 13 0
-200 -286 12 0
-197 -291 13 0
-199 -258 28 0
-199 -257 27 0
-190 -282 9 1
-190 -282 10 1
-191 -288 8 1
-191 -288 9 2
-191 -287 8 1
-191 -287 9 2
-191 -287 10 1
-191 -286 8 1
-191 -286 9 1
-191 -286 10 1
-172 -276 10 2
-171 -276 10 2
-161 -260 12 0
-191 -292 13 1
-155 -255 11 0
-198 -262 6 1
-198 -261 6 1
-199 -260 6 0
-192 -260 10 0
-198 -289 14 0
-195 -295 15 1
-195 -294 15 2
-196 -293 15 1
-200 -291 15 0
-198 -291 15 0
-192 -292 16 0
-199 -264 25 0
-195 -261 24 0
-195 -262 24 0
-194 -256 10 0
-197 -262 26 0
-197 -263 26 0
-188 -272 4 1
-200 -262 25 0
-200 -289 16 0
-193 -292 14 1
-194 -293 12 1
-197 -298 10 1
-197 -298 11 1
-197 -297 10 1
-196 -292 12 1
-198 -296 10 1
-195 -293 8 1
-195 -293 9 1
-195 -293 10 1
-177 -253 8 1
-177 -253 7 1
-177 -278 15 0
-196 -267 7 1
-195 -277 18 0
-197 -277 15 0
-197 -278 16 0
-198 -278 17 0
-198 -278 18 0
-158 -267 10 0
-156 -266 12 0
-158 -268 13 0
-155 -265 14 0
-160 -267 14 0
-197 -270 9 1
-197 -264 9 0
-198 -265 9 0
-198 -266 8 0
-195 -269 10 1
-196 -269 10 2
-191 -253 39 0
-198 -274 9 1
-195 -294 23 0
-196 -294 24 0
-193 -296 22 0
-193 -297 22 0
-193 -298 23 0
-193 -293 22 0
-189 -287 10 1
-197 -259 4 1
-196 -259 2 1
-200 -260 37 0
-200 -261 38 0
-187 -294 24 0
-187 -294 25 0
-196 -270 10 1
-197 -270 10 1
-192 -264 11 0
-193 -264 10 0
-194 -265 9 0
-199 -265 11 0
-197 -265 10 0
-193 -268 12 0
-151 -253 17 0
-175 -280 9 2
-176 -270 9 1
-175 -275 8 2
-151 -254 12 1
-151 -255 9 1
-183 -261 2 1
-157 -261 10 1
-183 -261 4 2
-182 -263 2 1
-182 -263 3 1
-182 -263 4 2
-182 -262 2 1
-182 -262 4 2
-151 -256 13 0
-182 -261 3 2
-182 -261 4 2
-181 -263 2 1
-181 -263 3 2
-181 -263 4 2
-181 -262 2 1
-181 -262 3 2
-181 -262 4 2
-181 -261 2 1
-181 -261 3 2
-181 -261 4 1
-184 -261 6 0
-183 -261 5 1
-183 -262 5 1
-184 -259 3 2
-185 -258 2 1
-185 -258 3 2
-184 -260 2 1
-184 -260 3 1
-184 -260 4 2
-184 -259 2 1
-184 -259 4 2
-184 -258 2 1
-184 -258 3 2
-184 -258 4 1
-183 -260 2 1
-183 -260 3 2
-183 -260 4 1
-193 -252 20 0
-192 -252 20 0
-169 -287 17 0
-169 -288 18 0
-169 -289 18 0
-169 -284 17 0
-176 -285 20 0
-177 -285 21 0
-175 -281 21 0
-174 -285 18 0
-199 -255 18 0
-180 -282 18 0
-179 -287 18 0
-179 -288 18 0
-180 -288 17 0
-175 -288 18 0
-180 -285 17 0
-177 -287 18 0
-178 -289 16 0
-189 -290 12 2
-189 -290 11 1
-189 -290 10 1
-190 -288 11 2
-190 -288 10 2
-196 -258 2 1
-196 -258 3 2
-196 -258 4 1
-194 -273 14 0
-183 -256 8 0
-183 -257 8 0
-185 -263 8 0
-176 -286 22 0
-176 -286 23 0
-176 -286 24 0
-178 -287 21 0
-178 -287 22 0
-179 -288 24 0
-177 -284 23 0
-177 -284 24 0
-176 -288 22 0
-176 -288 23 0
-175 -289 23 0
-178 -286 21 0
-179 -286 22 0
-189 -266 4 2
-189 -266 3 1
-189 -266 2 1
-174 -268 8 1
-174 -268 9 1
-173 -270 7 1
-172 -270 7 1
-199 -266 16 0
-198 -267 17 0
-193 -271 17 0
-194 -270 18 0
-165 -262 11 0
-165 -261 11 1
-193 -262 7 0
-184 -264 5 1
-162 -266 11 0
-191 -264 11 0
-185 -265 2 1
-164 -267 10 1
-193 -263 11 0
-165 -269 10 1
-195 -263 25 0
-194 -262 24 0
-193 -261 24 0
-197 -267 24 0
-197 -268 24 0
-197 -269 24 0
-199 -262 24 0
-200 -261 23 0
-196 -265 24 0
-195 -265 24 0
-194 -265 24 0
-193 -265 23 0
-192 -265 23 0
-200 -267 23 0
-181 -253 8 0
-196 -263 24 0
-196 -262 23 0
-196 -261 23 0
-196 -260 22 0
-176 -261 8 0
-179 -257 8 0
-178 -256 8 0
-193 -253 38 1
-190 -251 39 0
-197 -265 26 0
-196 -265 10 0
-196 -253 5 1
-196 -257 2 1
-170 -266 12 0
-193 -275 12 0
-196 -271 13 1
-196 -263 7 0
-198 -271 12 2
-182 -300 12 0
-192 -262 14 0
-193 -273 19 0
-193 -272 19 0
-194 -271 19 0
-193 -257 12 0
-193 -257 13 0
-195 -258 12 0
-193 -259 11 0
-192 -260 12 0
-195 -261 11 0
-191 -258 10 0
-194 -270 19 0
-199 -270 20 0
-167 -254 11 0
-166 -254 10 0
-196 -252 1 1
-193 -269 14 0
-190 -281 14 0
-187 -284 18 0
-188 -286 19 0
-189 -286 17 0
-197 -266 5 1
-196 -265 4 1
-196 -265 3 2
-183 -266 11 0
-196 -254 39 0
-191 -252 39 0
-198 -252 36 2
-195 -254 37 1
-197 -256 8 0
-177 -300 14 0
-155 -257 16 0
-155 -259 10 1
-154 -259 11 1
-197 -259 33 0
-200 -252 21 2
-200 -252 22 2
-200 -252 23 2
-200 -252 24 2
-192 -259 8 0
-200 -252 26 2
-200 -252 27 2
-200 -252 28 2
-200 -252 29 2
-191 -254 10 0
-200 -252 31 2
-200 -251 10 2
-200 -251 11 2
-200 -251 12 2
-200 -251 13 2
-182 -279 13 0
-183 -279 13 0
-181 -284 12 1
-158 -258 13 0
-159 -258 13 0
-174 -299 9 0
-179 -257 9 0
-197 -298 18 0
-197 -294 20 0
-197 -292 20 0
-193 -300 20 0
-198 -297 20 0
-199 -297 19 0
-200 -297 19 0
-197 -298 22 0
-196 -298 23 0
-199 -299 21 0
-199 -299 22 0
-196 -300 21 0
-154 -257 13 0
-155 -257 13 0
-194 -253 10 0
-199 -293 8 1
-160 -263 16 0
-172 -261 10 0
-171 -261 11 0
-168 -255 11 0
-168 -256 11 0
-171 -258 12 0
-170 -259 12 0
-170 -262 13 0
-170 -261 12 0
-169 -257 14 0
-169 -257 13 0
-168 -259 12 0
-152 -261 7 1
-152 -260 7 1
-195 -266 15 0
-195 -266 16 0
-197 -260 10 0
-198 -259 8 0
-199 -258 8 0
-199 -255 10 0
-199 -256 9 0
-191 -267 15 0
-192 -267 15 0
-194 -262 6 0
-195 -263 6 0
-196 -270 13 1
-181 -252 6 1
-197 -286 14 0
-199 -294 14 1
-199 -293 14 0
-198 -292 14 0
-200 -288 15 0
-199 -289 14 0
-156 -259 13 0
-188 -290 9 1
-188 -290 10 1
-188 -290 11 1
-188 -289 9 1
-188 -288 9 2
-187 -290 11 2
-197 -264 4 2
-198 -264 3 2
-197 -265 5 1
-197 -264 3 2
-197 -264 5 1
-196 -265 5 1
-196 -264 3 2
-196 -264 4 1
-196 -264 5 1
-196 -263 3 2
-196 -263 4 2
-196 -263 5 1
-197 -265 6 1
-193 -269 2 1
-193 -269 3 2
-193 -269 4 1
-193 -268 2 1
-193 -268 3 1
-193 -268 4 2
-193 -267 2 1
-193 -267 3 2
-198 -263 6 1
-198 -263 30 0
-199 -262 30 0
-176 -260 8 0
-175 -261 8 0
-177 -255 8 0
-191 -253 14 0
-193 -251 12 0
-192 -253 14 0
-200 -269 15 0
-169 -279 12 2
-165 -281 12 1
-157 -260 8 2
-171 -284 19 0
-171 -284 21 0
-173 -285 21 0
-165 -282 12 1
-165 -283 11 1
-169 -281 10 2
-170 -282 9 1
-170 -282 10 2
-170 -282 11 1
-170 -281 9 1
-197 -252 8 0
-197 -251 9 0
-193 -256 8 0
-192 -256 8 1
-191 -256 9 1
-197 -255 7 0
-199 -256 8 0
-194 -251 8 0
-194 -257 7 1
-198 -281 14 0
-194 -278 16 0
-194 -258 7 1
-194 -259 8 0
-196 -254 7 0
-197 -254 7 0
-198 -253 7 0
-199 -252 7 2
-197 -257 7 0
-198 -259 7 0
-196 -251 6 1
-181 -261 6 0
-191 -258 6 2
-200 -265 11 0
-197 -278 11 0
-198 -279 10 0
-194 -266 13 0
-194 -268 12 0
-194 -268 13 0
-194 -268 14 0
-196 -269 12 1
-182 -286 9 1
-164 -286 11 0
-162 -285 13 0
-162 -285 12 0
-161 -284 11 0
-159 -285 19 0
-159 -285 20 0
-161 -286 18 0
-162 -286 19 0
-162 -287 20 0
-160 -283 19 0
-160 -282 19 0
-159 -287 18 0
-158 -288 19 0
-164 -285 19 0
-159 -284 17 0
-169 -255 4 1
-170 -255 4 2
-171 -255 4 2
-172 -258 6 1
-172 -258 5 2
-161 -267 14 0
-161 -266 13 1
-176 -283 8 1
-176 -283 7 1
-177 -283 9 1
-177 -283 8 2
-177 -283 7 1
-178 -281 9 1
-166 -279 10 1
-167 -277 12 2
-167 -277 11 1
-167 -277 10 1
-167 -278 12 2
-167 -278 11 2
-167 -278 10 1
-167 -279 12 1
-167 -279 11 2
-167 -279 10 1
-162 -281 12 1
-185 -262 7 0
-186 -262 7 0
-189 -259 8 1
-189 -260 8 1
-188 -267 7 1
-199 -282 11 0
-199 -285 10 1
-193 -263 8 0
-191 -262 7 0
-190 -261 7 1
-193 -269 7 2
-193 -269 8 2
-179 -251 7 0
-184 -251 6 1
-183 -251 6 1
-178 -252 4 1
-167 -274 18 1
-167 -273 18 1
-166 -275 18 1
-197 -294 10 1
-197 -294 11 1
-196 -296 10 2
-151 -261 11 1
-151 -261 10 2
-151 -261 9 1
-152 -261 11 1
-152 -261 10 2
-152 -261 9 1
-154 -255 11 0
-175 -280 15 0
-175 -278 13 0
-171 -274 15 0
-172 -275 14 0
-172 -300 12 0
-177 -276 15 0
-176 -276 14 0
-175 -276 13 0
-173 -279 16 0
-173 -278 15 0
-173 -278 14 0
-174 -277 13 0
-195 -261 5 1
-199 -258 12 0
-196 -264 14 0
-191 -263 12 0
-185 -283 14 0
-188 -290 14 1
-187 -288 14 1
-186 -287 14 0
-189 -283 15 0
-188 -284 14 0
-184 -289 15 0
-184 -288 14 1
-189 -287 15 1
-181 -287 16 0
-187 -282 16 0
-186 -283 15 0
-186 -290 16 0
-186 -289 16 0
-185 -287 15 0
-188 -285 16 0
-183 -288 17 0
-184 -287 16 0
-185 -283 18 0
-185 -284 17 0
-186 -287 17 0
-186 -287 16 0
-184 -286 18 0
-198 -281 16 0
-193 -252 7 0
-194 -252 7 0
-181 -266 10 0
-178 -263 8 0
-179 -266 7 0
-179 -268 3 1
-178 -266 10 0
-177 -263 10 0
-177 -265 8 0
-179 -267 8 0
-178 -265 7 0
-180 -268 7 1
-179 -270 5 1
-179 -270 6 2
-179 -270 7 1
-177 -266 6 1
-179 -265 10 0
-178 -265 11 0
-178 -265 12 0
-199 -298 19 0
-197 -297 20 0
-198 -294 19 0
-196 -300 19 0
-196 -299 20 0
-196 -298 20 0
-192 -299 20 0
-196 -291 20 0
-196 -292 20 0
-199 -300 21 0
-198 -299 21 0
-198 -299 20 0
-197 -298 20 0
-200 -294 21 0
-199 -294 21 0
-198 -295 21 0
-167 -276 26 0
-169 -277 26 0
-169 -277 27 0
-168 -274 24 0
-167 -277 25 0
-171 -270 14 0
-176 -270 15 0
-175 -271 14 0
-171 -273 16 0
-171 -273 15 0
-172 -272 13 0
-172 -268 16 0
-173 -269 15 0
-174 -272 15 0
-174 -272 14 0
-173 -271 13 0
-171 -271 17 0
-172 -271 16 0
-172 -271 15 0
-172 -271 14 0
-167 -264 14 0
-168 -264 15 0
-183 -252 4 2
-183 -252 3 1
-174 -276 20 0
-175 -277 21 0
-170 -273 20 0
-169 -272 20 0
-170 -280 20 0
-175 -273 20 0
-167 -274 20 1
-173 -278 19 0
-173 -279 19 0
-171 -271 19 0
-178 -258 13 0
-179 -258 11 0
-162 -260 14 0
-156 -266 10 1
-156 -266 9 1
-156 -266 8 1
-157 -265 10 1
-196 -274 11 0
-195 -273 12 1
-200 -257 36 0
-199 -258 37 0
-179 -251 10 0
-198 -258 40 0
-174 -253 7 1
-174 -253 8 1
-174 -253 9 1
-174 -252 7 2
-192 -264 12 0
-195 -264 12 0
-193 -264 12 0
-194 -264 12 0
-174 -252 8 1
-174 -252 9 1
-178 -251 7 1
-178 -251 12 0
-178 -253 10 0
-190 -289 9 1
-199 -253 8 1
-195 -284 13 0
-197 -273 12 1
-195 -251 5 1
-195 -251 9 0
-199 -255 34 0
-198 -252 10 0
-198 -251 7 2
-200 -260 35 0
-200 -259 35 0
-196 -258 36 0
-151 -258 12 2
-199 -253 5 2
-198 -253 9 0
-200 -253 8 2
-200 -252 8 2
-194 -253 1 1
-198 -251 2 1
-198 -251 3 1
-195 -273 13 0
-191 -269 12 0
-192 -269 12 0
-194 -270 14 0
-198 -269 12 2
-197 -270 13 1
-196 -270 14 0
-192 -274 12 0
-193 -274 13 0
-193 -273 13 0
-192 -278 13 0
-155 -261 7 1
-155 -262 9 1
-155 -262 7 1
-155 -263 9 2
-155 -263 8 2
-155 -263 7 1
-156 -261 9 1
-199 -272 4 1
-199 -272 3 1
-173 -273 12 0
-170 -270 15 0
-193 -293 13 1
-193 -292 11 2
-193 -292 12 1
-193 -292 13 2
-192 -291 13 1
-194 -286 13 0
-194 -285 13 0
-165 -251 3 1
-166 -251 4 1
-166 -251 3 2
-170 -252 5 1
-167 -251 4 1
-167 -251 3 2
-167 -251 2 1
-170 -253 9 0
-170 -252 11 0
-170 -252 10 0
-169 -253 2 1
-169 -254 2 1
-170 -251 5 1
-169 -256 3 1
-165 -252 4 2
-181 -262 7 0
-181 -263 7 0
-197 -267 16 0
-198 -267 16 0
-198 -267 15 0
-193 -267 16 0
-198 -253 22 0
-193 -251 21 0
-195 -269 17 0
-195 -270 16 0
-196 -271 15 0
-196 -271 14 0
-195 -267 16 0
-196 -265 14 0
-194 -269 16 0
-193 -269 15 0
-196 -269 14 0
-197 -269 13 1
-194 -268 16 0
-193 -269 21 0
-193 -269 22 0
-196 -270 20 0
-196 -296 11 1
-196 -296 12 2
-194 -270 8 1
-193 -270 7 2
-193 -270 8 2
-192 -270 7 2
-192 -270 8 2
-192 -269 7 1
-200 -273 8 1
-199 -275 6 1
-199 -275 7 2
-199 -275 8 1
-199 -274 6 2
-199 -274 8 1
-199 -273 6 2
-199 -273 7 2
-199 -273 8 2
-198 -275 6 1
-198 -275 7 2
-198 -275 8 1
-198 -253 14 0
-175 -271 7 1
-176 -268 9 0
-199 -256 10 0
-192 -257 9 0
-152 -253 16 0
-152 -254 16 0
-197 -293 10 1
-196 -292 11 1
-199 -288 11 1
-160 -254 11 0
-159 -255 11 0
-159 -255 12 0
-158 -256 12 0
-162 -258 12 0
-157 -255 13 0
-161 -255 14 0
-160 -256 13 0
-161 -259 14 0
-160 -259 14 0
-172 -284 20 0
-171 -284 20 0
-179 -289 19 0
-173 -287 19 0
-172 -288 19 0
-176 -289 18 0
-176 -290 18 0
-178 -283 18 0
-178 -286 18 0
-167 -264 15 0
-169 -267 16 0
-168 -267 15 0
-194 -289 13 1
-166 -272 16 1
-165 -274 15 1
-165 -274 16 1
-165 -273 16 1
-165 -272 16 1
-164 -274 15 1
-164 -274 16 1
-164 -273 16 1
-164 -272 16 1
-175 -274 14 0
-179 -252 7 0
-179 -262 9 0
-185 -254 4 1
-185 -254 5 1
-185 -254 6 1
-185 -253 6 1
-176 -299 7 1
-174 -253 10 0
-173 -253 11 0
-174 -251 10 0
-174 -254 8 0
-172 -252 9 0
-171 -251 10 0
-172 -254 8 0
-171 -254 8 0
-162 -266 13 0
-181 -280 10 1
-182 -280 9 1
-180 -284 8 1
-180 -284 9 2
-180 -283 8 1
-200 -257 38 0
-192 -254 14 0
-198 -255 15 0
-199 -274 15 0
-196 -291 16 0
-182 -284 9 1
-182 -284 10 2
-182 -283 8 1
-182 -283 9 2
-198 -259 26 0
-198 -258 26 0
-183 -265 7 0
-184 -265 6 1
-183 -266 7 0
-197 -269 2 1
-197 -269 3 1
-197 -269 4 2
-185 -252 13 0
-198 -252 34 2
-200 -267 2 1
-199 -268 2 1
-199 -268 3 1
-199 -268 4 1
-191 -253 9 0
-200 -290 18 0
-197 -258 37 0
-195 -257 36 0
-189 -253 11 0
-189 -252 9 0
-198 -259 35 0
-200 -255 36 2
-199 -261 5 1
-198 -260 6 1
-180 -252 9 0
-184 -252 12 0
-196 -269 21 0
-196 -270 21 0
-196 -271 20 0
-197 -264 21 0
-162 -255 12 0
-166 -258 12 0
-167 -257 12 0
-168 -256 12 0
-164 -256 11 0
-165 -255 11 0
-165 -254 11 0
-170 -262 4 1
-171 -262 4 1
-195 -267 8 1
-195 -267 9 1
-198 -251 38 2
-195 -265 6 0
-194 -264 4 1
-197 -265 16 0
-192 -251 14 0
-187 -258 9 1
-188 -257 9 1
-182 -259 8 0
-188 -269 8 0
-200 -268 17 0
-198 -271 19 0
-167 -256 9 0
-168 -256 9 0
-165 -254 9 0
-165 -253 8 0
-166 -252 8 0
-168 -259 7 2
-168 -258 7 1
-167 -260 7 2
-167 -259 7 1
-167 -258 7 1
-166 -260 7 1
-166 -259 7 1
-179 -263 8 0
-181 -251 12 0
-181 -251 2 1
-180 -251 2 1
-195 -285 16 0
-186 -253 3 2
-186 -253 2 1
-194 -287 15 0
-197 -254 14 0
-181 -266 8 0
-182 -266 8 0
-161 -269 9 1
-161 -269 8 1
-167 -266 9 1
-200 -265 7 1
-199 -267 5 1
-199 -267 6 1
-199 -266 5 2
-199 -266 6 2
-199 -266 7 1
-199 -265 5 2
-186 -281 10 1
-185 -283 8 1
-185 -283 9 2
-185 -283 10 1
-196 -261 4 2
-196 -260 2 1
-196 -260 3 2
-196 -260 4 1
-195 -262 2 1
-195 -262 3 2
-183 -283 11 1
-184 -282 10 1
-195 -261 3 2
-196 -281 10 0
-155 -283 15 0
-153 -288 15 0
-154 -287 15 0
-198 -285 11 1
-198 -284 11 1
-177 -268 13 0
-175 -273 12 0
-170 -272 12 1
-173 -275 11 1
-175 -267 11 0
-167 -272 9 1
-167 -272 10 2
-175 -272 11 0
-161 -282 16 0
-155 -289 16 0
-156 -288 16 0
-156 -287 16 0
-155 -280 17 0
-155 -281 16 0
-156 -282 16 0
-156 -283 16 0
-156 -284 15 0
-153 -286 17 0
-154 -286 16 0
-155 -285 16 0
-156 -285 15 0
-159 -281 18 0
-158 -282 17 0
-158 -289 18 0
-158 -288 17 0
-158 -287 17 0
-154 -283 18 0
-155 -283 17 0
-160 -284 19 0
-155 -287 19 0
-155 -287 18 0
-156 -286 17 0
-165 -251 14 0
-158 -286 20 0
-168 -251 13 0
-168 -252 14 0
-156 -285 20 0
-156 -285 19 0
-166 -251 11 0
-165 -253 12 0
-157 -285 16 0
-158 -284 10 0
-158 -284 11 0
-158 -284 12 0
-167 -252 10 0
-160 -285 11 0
-160 -285 12 0
-159 -285 13 0
-156 -286 11 0
-157 -286 12 0
-157 -286 13 0
-158 -285 13 0
-159 -283 12 0
-159 -283 13 0
-160 -288 11 0
-160 -288 12 0
-159 -287 13 0
-155 -283 12 0
-159 -285 14 0
-156 -289 12 0
-157 -288 13 0
-157 -287 13 0
-158 -281 13 0
-158 -282 14 0
-158 -283 14 0
-162 -287 13 0
-154 -286 13 0
-155 -285 14 0
-156 -285 14 0
-157 -285 14 0
-161 -282 14 0
-159 -290 14 0
-189 -288 12 1
-200 -251 8 2
-198 -256 9 0
-161 -260 9 2
-161 -260 10 1
-197 -258 17 0
-196 -254 15 0
-185 -263 10 0
-184 -263 10 0
-200 -254 12 1
-187 -259 9 0
-186 -259 9 0
-194 -282 11 0
-176 -278 17 0
-179 -279 17 0
-180 -277 15 0
-181 -277 16 0
-176 -276 15 0
-175 -265 13 0
-172 -270 12 0
-173 -271 12 0
-173 -272 12 0
-171 -264 12 0
-168 -270 12 1
-172 -268 11 0
-173 -268 11 0
-175 -268 11 0
-170 -272 11 1
-171 -273 11 1
-170 -274 10 2
-173 -265 10 0
-167 -268 10 1
-172 -269 11 0
-173 -269 10 1
-174 -271 10 1
-170 -265 10 0
-170 -264 10 0
-170 -272 9 1
-180 -257 4 1
-199 -292 15 0
-194 -258 11 0
-196 -261 13 0
-199 -262 12 0
-197 -259 12 0
-196 -263 11 0
-198 -274 17 0
-199 -259 10 0
-193 -260 9 0
-200 -260 11 0
-198 -258 10 0
-194 -256 11 0
-195 -260 11 0
-198 -260 12 0
-200 -263 12 0
-197 -262 13 0
-198 -262 12 0
-196 -257 9 0
-194 -260 8 0
-194 -261 7 1
-197 -260 6 1
-197 -258 11 0
-197 -257 12 0
-155 -256 9 1
-195 -262 7 0
-195 -257 11 0
-196 -256 12 0
-199 -256 11 0
-192 -259 9 0
-196 -262 6 1
-194 -259 7 1
-196 -290 12 1
-192 -289 13 1
-161 -265 12 1
-195 -268 6 2
-195 -267 6 1
-199 -264 7 1
-195 -266 6 0
-194 -265 6 0
-193 -267 4 2
-194 -260 10 0
-198 -258 11 0
-197 -256 10 0
-197 -255 11 0
-196 -289 11 1
-193 -258 7 1
-195 -255 12 0
-197 -293 21 0
-196 -294 21 0
-193 -298 22 0
-192 -291 22 0
-198 -297 23 0
-197 -296 22 0
-196 -295 21 0
-196 -291 23 0
-195 -293 22 0
-195 -299 23 0
-195 -298 23 0
-196 -251 24 0
-196 -252 25 0
-199 -260 4 1
-199 -260 3 2
-199 -260 2 1
-155 -252 14 0
-155 -253 14 0
-193 -251 2 1
-171 -271 15 0
-193 -251 4 1
-182 -251 12 0
-192 -252 2 1
-161 -300 14 0
-192 -252 3 2
-171 -268 12 0
-161 -281 11 1
-161 -281 10 2
-161 -281 9 1
-165 -280 12 1
-165 -280 11 2
-180 -284 15 1
-175 -288 14 1
-179 -289 15 1
-179 -289 14 2
-179 -289 13 1
-180 -289 15 1
-180 -289 14 2
-180 -289 13 1
-196 -266 31 0
-181 -289 15 1
-172 -286 14 0
-177 -290 14 0
-177 -289 15 0
-179 -284 16 0
-175 -289 17 0
-175 -282 17 0
-173 -260 11 0
-173 -258 8 0
-174 -258 9 0
-174 -258 10 0
-175 -258 11 0
-172 -261 9 0
-173 -256 9 0
-173 -255 9 0
-174 -254 10 0
-174 -259 8 0
-175 -260 9 0
-176 -260 9 0
-162 -283 14 0
-166 -288 13 0
-165 -287 14 0
-200 -261 17 0
-200 -261 16 0
-200 -258 18 0
-157 -286 14 0
-158 -286 14 0
-158 -284 16 0
-159 -285 16 0
-164 -270 10 1
-164 -271 12 1
-164 -271 11 2
-164 -271 10 1
-165 -270 12 1
-165 -271 12 1
-165 -271 11 1
-164 -270 11 2
-163 -266 12 0
-164 -268 13 0
-172 -266 14 0
-167 -267 14 0
-173 -263 7 1
-183 -252 7 1
-192 -286 12 1
-193 -286 13 1
-193 -286 12 1
-186 -255 6 1
-184 -254 7 1
-183 -253 7 1
-192 -290 13 1
-192 -290 12 2
-178 -266 8 0
-180 -269 11 0
-175 -263 11 0
-176 -263 10 0
-177 -264 10 0
-179 -271 5 1
-178 -269 9 0
-178 -268 9 0
-177 -263 9 0
-178 -264 9 0
-177 -267 11 0
-168 -276 18 2
-168 -277 18 1
-169 -275 18 1
-169 -276 18 2
-169 -277 18 2
-170 -275 18 1
-170 -275 17 1
-170 -275 16 1
-170 -276 18 1
-170 -276 17 1
-170 -276 16 1
-170 -277 18 2
-170 -277 17 2
-170 -277 16 2
-172 -275 18 0
-187 -289 16 1
-188 -288 16 1
-189 -288 15 2
-189 -289 16 1
-189 -284 18 0
-189 -285 16 0
-191 -288 18 0
-190 -288 17 0
-188 -287 18 0
-189 -287 16 1
-170 -286 21 0
-169 -283 19 0
-169 -283 20 0
-169 -282 21 0
-168 -285 17 0
-168 -286 18 0
-167 -287 20 0
-167 -284 18 0
-166 -283 19 0
-166 -283 20 0
-169 -286 17 0
-169 -286 18 0
-169 -287 18 0
-170 -288 19 0
-170 -289 19 0
-170 -282 19 0
-167 -285 17 0
-191 -293 24 0
-197 -294 23 0
-198 -263 11 0
-199 -263 10 0
-192 -258 2 1
-191 -258 2 1
-198 -261 35 0
-195 -267 5 1
-197 -282 10 0
-179 -280 12 0
-199 -260 8 0
-182 -280 11 0
-177 -286 11 2
-175 -276 11 0
-193 -253 1 1
-168 -277 14 1
-169 -277 15 1
-170 -277 14 2
-200 -257 9 0
-175 -276 15 0
-200 -260 39 0
-200 -289 8 1
-199 -294 10 1
-199 -293 11 1
-199 -293 12 0
-198 -292 12 0
-200 -290 12 0
-197 -293 12 0
-195 -294 12 1
-195 -294 11 2
-195 -294 10 1
-195 -286 12 0
-195 -293 13 1
-156 -259 8 2
-195 -282 12 0
-191 -273 5 1
-192 -269 2 1
-191 -269 2 1
-190 -269 2 1
-192 -272 3 1
-192 -271 3 1
-191 -258 14 0
-188 -256 14 0
-189 -256 11 0
-184 -251 15 0
-186 -258 11 0
-195 -266 14 0
-197 -266 21 0
-197 -265 22 0
-194 -266 19 0
-189 -260 12 0
-182 -287 10 1
-154 -270 14 0
-155 -277 13 0
-154 -278 14 0
-182 -265 11 0
-168 -254 8 0
-163 -252 8 1
-164 -253 8 0
-167 -251 9 0
-167 -255 8 0
-165 -261 14 0
-171 -262 14 0
-177 -270 12 0
-182 -270 14 0
-181 -271 14 0
-181 -271 13 0
-180 -271 12 0
-178 -272 12 0
-178 -268 15 0
-179 -269 13 0
-179 -270 13 0
-179 -270 12 0
-180 -272 15 0
-180 -272 14 0
-177 -271 16 0
-178 -271 15 0
-178 -271 14 0
-176 -271 5 1
-177 -271 5 1
-179 -273 8 1
-179 -273 7 1
-179 -273 6 1
-180 -271 8 1
-180 -272 8 1
-180 -272 6 1
-180 -273 8 1
-180 -273 7 2
-180 -273 6 1
-181 -272 8 1
-181 -272 7 2
-181 -272 6 1
-181 -273 8 1
-181 -273 7 2
-181 -273 6 1
-180 -272 7 2
-178 -271 9 1
-178 -272 9 1
-178 -273 8 1
-178 -273 7 2
-181 -270 9 0
-179 -274 9 1
-179 -273 9 1
-179 -272 10 0
-179 -271 10 0
-179 -270 10 0
-176 -271 10 0
-182 -273 11 0
-167 -273 14 1
-167 -272 14 1
-166 -275 10 1
-166 -275 11 1
-166 -275 12 1
-169 -258 5 2
-168 -260 4 1
-168 -260 5 1
-168 -259 4 1
-168 -258 4 1
-170 -257 5 2
-170 -257 6 2
-160 -254 10 0
-163 -257 10 1
-164 -257 9 1
-165 -257 8 1
-163 -258 8 2
-163 -258 9 2
-163 -258 10 2
-198 -288 11 1
-196 -288 12 0
-176 -283 9 1
-186 -253 6 1
-186 -253 5 1
-186 -254 5 1
-186 -254 4 1
-186 -254 7 0
-194 -264 13 0
-188 -255 8 1
-199 -270 11 1
-183 -259 2 1
-165 -251 5 2
-165 -251 7 1
-162 -256 5 1
-168 -259 5 1
-166 -259 9 2
-195 -291 21 0
-197 -298 21 0
-199 -293 22 0
-198 -293 21 0
-197 -294 21 0
-193 -300 22 0
-193 -299 22 0
-193 -291 22 0
-199 -297 23 0
-198 -296 22 0
-196 -296 21 0
-196 -292 23 0
-171 -270 12 0
-168 -262 12 0
-169 -262 9 1
-166 -264 10 1
-167 -268 8 2
-166 -267 8 2
-159 -263 6 1
-195 -253 12 0
-183 -265 3 2
-181 -262 5 1
-179 -264 7 0
-180 -263 6 0
-179 -263 7 0
-157 -265 13 0
-198 -252 11 0
-196 -253 12 0
-157 -264 12 0
-198 -253 34 0
-188 -255 9 1
-190 -292 11 1
-198 -295 10 1
-152 -257 9 1
-197 -267 7 1
-197 -268 9 1
-197 -268 7 2
-197 -269 9 1
-184 -254 3 1
-184 -254 2 1
-178 -257 5 1
-180 -258 6 0
-180 -258 7 0
-180 -263 5 1
-180 -262 6 0
-181 -255 6 1
-181 -256 7 0
-185 -261 6 0
-177 -260 6 1
-178 -259 7 0
-179 -259 7 0
-180 -259 7 0
-185 -255 7 0
-184 -256 7 0
-182 -264 7 0
-182 -263 7 0
-199 -266 27 0
-199 -265 27 0
-199 -264 27 0
-195 -259 27 0
-196 -259 27 0
-197 -261 28 0
-170 -280 13 1
-170 -280 14 1
-170 -280 15 2
-169 -280 13 2
-169 -280 14 2
-169 -280 15 2
-152 -263 14 0
-152 -262 13 0
-152 -261 13 0
-158 -260 14 0
-157 -274 20 0
-158 -274 19 0
-162 -277 21 0
-163 -269 16 0
-163 -270 17 0
-162 -271 19 0
-163 -268 20 0
-162 -271 20 0
-157 -271 21 0
-158 -271 21 0
-161 -276 21 0
-160 -268 22 0
-160 -269 22 0
-159 -273 22 0
-164 -268 23 0
-159 -271 23 0
-160 -271 22 0
-176 -253 7 2
-175 -259 8 0
-155 -259 13 0
-155 -255 15 0
-172 -264 10 0
-173 -264 10 0
-165 -268 10 1
-171 -268 11 0
-172 -269 10 1
-189 -293 12 1
-189 -293 11 1
-172 -276 12 1
-175 -270 12 0
-177 -279 12 0
-176 -278 12 0
-178 -272 13 0
-177 -273 12 0
-173 -279 13 0
-173 -277 12 0
-177 -276 13 0
-171 -276 14 1
-168 -275 15 2
-168 -275 14 2
-168 -276 15 1
-168 -276 14 1
-179 -262 10 0
-168 -277 15 2
-180 -264 9 0
-168 -277 13 1
-169 -275 15 1
-169 -275 14 1
-169 -276 15 2
-181 -263 8 0
-169 -277 14 1
-170 -275 15 1
-170 -276 15 1
-170 -276 14 1
-170 -277 15 2
-185 -265 4 1
-169 -276 14 2
-176 -272 14 0
-175 -279 15 0
-175 -278 14 0
-183 -255 12 0
-197 -254 36 1
-200 -254 38 0
-170 -280 11 2
-170 -280 10 2
-170 -280 9 1
-170 -281 11 2
-170 -281 10 2
-198 -281 10 0
-195 -282 10 0
-195 -281 11 0
-196 -280 11 0
-190 -287 8 1
-190 -266 21 0
-163 -300 12 0
-197 -269 21 0
-197 -270 21 0
-198 -271 21 0
-195 -264 21 0
-196 -263 21 0
-196 -262 21 0
-194 -268 20 0
-193 -269 20 0
-166 -300 10 0
-197 -276 15 0
-192 -274 14 0
-191 -275 14 0
-191 -257 3 1
-200 -272 14 0
-191 -268 14 0
-195 -273 14 0
-165 -268 11 0
-168 -261 12 0
-167 -263 11 1
-170 -270 12 0
-186 -256 11 0
-155 -252 10 0
-151 -253 12 2
-171 -263 12 0
-170 -264 12 0
-169 -265 12 0
-168 -265 12 0
-166 -270 13 0
-174 -276 7 1
-166 -269 12 0
-166 -268 12 0
-175 -269 6 2
-197 -260 3 2
-161 -259 8 1
-197 -257 16 0
-198 -253 17 0
-198 -253 16 0
-199 -256 16 0
-197 -255 18 0
-198 -255 17 0
-198 -255 16 0
-190 -262 10 0
-187 -252 3 1
-187 -252 2 1
-164 -261 12 0
-176 -251 9 1
-184 -266 5 1
-196 -259 14 0
-197 -258 13 0
-199 -257 12 0
-199 -258 13 0
-194 -265 18 0
-194 -266 18 0
-199 -270 17 0
-197 -299 17 1
-169 -277 20 1
-171 -273 20 0
-171 -274 18 0
-187 -261 8 0
-186 -259 7 0
-190 -265 8 1
-190 -266 7 1
-190 -267 7 1
-190 -268 7 1
-192 -260 7 1
-186 -289 11 1
-188 -284 8 1
-185 -259 10 0
-186 -262 13 0
-186 -262 12 0
-184 -261 13 0
-184 -261 12 0
-184 -261 11 0
-184 -261 10 0
-185 -261 9 0
-151 -262 9 1
-152 -255 11 0
-156 -261 11 0
-155 -254 11 0
-151 -252 15 0
-154 -256 12 0
-154 -257 12 0
-153 -263 12 0
-157 -258 12 0
-155 -258 12 0
-154 -258 12 0
-195 -281 13 0
-197 -284 14 0
-184 -266 7 0
-199 -255 11 0
-197 -257 9 0
-167 -283 15 0
-167 -282 15 0
-167 -280 14 1
-168 -280 16 1
-168 -280 15 1
-169 -280 16 2
-164 -282 16 0
-164 -281 16 0
-166 -278 17 1
-167 -280 16 1
-198 -254 9 0
-199 -254 10 1
-196 -256 8 0
-177 -259 7 0
-176 -259 6 1
-183 -256 5 2
-198 -254 32 0
-199 -290 17 0
-199 -273 18 0
-200 -260 36 0
-199 -290 16 0
-193 -268 15 0
-188 -252 11 0
-191 -255 13 0
-190 -288 9 1
-195 -251 2 2
-178 -263 12 0
-168 -260 7 2
-169 -260 7 2
-170 -260 8 1
-170 -260 7 1
-172 -262 8 0
-170 -261 10 1
-171 -264 11 0
-172 -261 12 0
-171 -262 12 0
-172 -265 13 0
-170 -260 13 0
-171 -263 14 0
-170 -263 13 0
-167 -264 16 0
-194 -259 16 0
-197 -261 16 0
-195 -257 14 0
-193 -261 14 0
-193 -262 15 0
-198 -259 14 0
-198 -259 15 0
-194 -270 24 0
-198 -264 23 0
-191 -265 23 0
-197 -267 23 0
-188 -264 2 1
-188 -265 2 1
-192 -265 5 1
-181 -257 10 0
-181 -258 9 0
-182 -260 12 0
-180 -259 13 0
-174 -267 4 1
-166 -262 11 1
-166 -262 10 1
-167 -260 11 1
-168 -273 16 1
-167 -274 16 2
-167 -273 16 1
-168 -279 13 2
-190 -293 12 1
-168 -279 14 2
-168 -279 15 2
-168 -278 13 2
-168 -278 14 2
-168 -278 15 2
-166 -272 15 1
-167 -269 8 2
-167 -269 7 1
-165 -272 15 1
-165 -271 15 1
-164 -273 15 1
-164 -272 15 1
-164 -271 15 1
-167 -276 14 1
-159 -260 14 0
-159 -260 15 0
-160 -260 15 0
-157 -261 12 0
-157 -263 14 0
-158 -264 14 0
-158 -265 15 0
-157 -259 13 0
-158 -258 14 0
-159 -257 15 0
-153 -262 14 0
-158 -261 12 0
-173 -268 10 1
-175 -267 9 0
-173 -272 8 1
-173 -272 9 2
-173 -272 10 1
-194 -294 9 1
-194 -294 10 1
-197 -293 11 1
-198 -254 23 0
-198 -253 23 0
-195 -253 24 0
-196 -252 23 0
-199 -253 19 1
-199 -255 21 0
-199 -254 21 1
-195 -255 22 0
-192 -252 23 0
-194 -252 22 0
-178 -255 11 0
-190 -286 9 2
-178 -255 12 0
-195 -294 8 1
-195 -295 8 1
-192 -290 15 1
-198 -267 12 1
-178 -253 7 1
-193 -269 10 1
-194 -270 9 1
-193 -272 7 2
-190 -270 4 2
-190 -270 5 1
-190 -269 3 1
-190 -269 4 1
-190 -269 5 1
-190 -268 3 1
-190 -268 4 2
-189 -270 3 1
-188 -270 3 1
-185 -269 3 1
-197 -297 13 1
-197 -297 14 2
-198 -299 15 2
-199 -297 16 2
-199 -297 15 2
-199 -298 17 1
-199 -299 16 1
-199 -299 15 2
-200 -298 17 1
-200 -298 16 1
-200 -298 15 1
-199 -298 16 2
-196 -299 14 2
-196 -299 15 2
-197 -298 16 1
-199 -300 15 2
-195 -297 15 1
-196 -297 16 1
-197 -298 17 1
-194 -283 11 0
-156 -262 7 1
-198 -260 29 0
-197 -259 29 0
-196 -258 29 0
-200 -262 29 0
-200 -263 29 0
-200 -264 29 0
-200 -265 29 0
-200 -266 28 0
-193 -265 14 0
-194 -266 14 0
-194 -269 15 0
-198 -262 29 0
-197 -262 29 0
-196 -262 28 0
-195 -262 28 0
-198 -272 14 0
-199 -259 28 0
-198 -263 7 1
-197 -263 7 1
-196 -264 7 0
-194 -267 6 1
-194 -269 6 2
-192 -262 7 0
-192 -263 7 0
-197 -255 17 0
-200 -256 17 0
-198 -252 17 0
-197 -256 15 0
-196 -257 17 0
-196 -253 15 0
-199 -259 16 0
-199 -253 14 0
-196 -251 15 0
-195 -254 13 0
-194 -265 8 0
-198 -253 13 0
-186 -255 3 1
-186 -255 2 1
-186 -256 4 2
-186 -256 3 1
-186 -256 2 1
-186 -257 3 1
-186 -257 2 1
-185 -256 3 2
-184 -262 6 0
-180 -258 5 1
-182 -259 6 0
-182 -259 7 0
-183 -260 7 0
-200 -262 31 0
-191 -274 15 0
-195 -253 18 0
-195 -291 19 0
-195 -292 19 0
-194 -292 20 0
-194 -293 20 0
-193 -299 19 0
-189 -291 20 0
-197 -295 20 0
-195 -295 20 0
-194 -295 20 0
-193 -290 21 0
-193 -291 21 0
-195 -299 21 0
-195 -298 21 0
-194 -297 21 0
-197 -292 22 0
-196 -293 21 0
-195 -293 21 0
-194 -294 21 0
-191 -299 22 0
-191 -298 22 0
-190 -290 22 0
-191 -291 22 0
-197 -296 23 0
-196 -296 22 0
-194 -295 21 0
-194 -291 23 0
-195 -267 27 0
-195 -267 26 0
-196 -263 28 0
-179 -256 4 1
-179 -256 3 2
-179 -256 2 1
-180 -256 2 1
-181 -256 2 1
-179 -259 6 0
-177 -258 5 1
-177 -258 4 2
-177 -258 3 1
-177 -259 5 1
-196 -257 6 1
-198 -255 41 0
-153 -251 18 0
-153 -251 17 0
-153 -251 16 0
-196 -259 5 1
-196 -260 5 1
-193 -253 21 0
-197 -255 22 0
-196 -253 21 0
-196 -277 16 0
-196 -277 15 0
-195 -251 21 0
-195 -253 22 0
-159 -260 7 1
-158 -262 7 1
-194 -255 17 0
-199 -290 10 1
-191 -252 17 0
-198 -292 9 2
-198 -292 10 1
-192 -255 19 0
-198 -290 11 0
-194 -275 7 2
-195 -274 6 1
-157 -260 9 1
-194 -256 20 0
-195 -255 20 0
-198 -280 17 0
-194 -252 20 0
-196 -254 21 0
-196 -251 21 0
-197 -253 24 0
-196 -252 21 0
-197 -280 14 0
-197 -281 15 0
-198 -281 15 0
-198 -282 16 0
-198 -276 15 0
-194 -279 14 0
-193 -280 15 0
-186 -264 9 0
-194 -292 17 0
-185 -252 7 1
-187 -253 6 1
-175 -270 10 0
-196 -273 15 0
-197 -274 15 0
-197 -275 16 0
-192 -273 15 0
-197 -267 14 0
-193 -279 13 0
-192 -280 13 0
-198 -265 19 0
-193 -270 19 0
-194 -269 19 0
-195 -268 20 0
-194 -262 19 0
-195 -263 20 0
-195 -264 20 0
-195 -265 21 0
-199 -269 19 0
-197 -267 21 0
-180 -259 12 0
-180 -259 11 0
-180 -259 10 0
-173 -268 7 2
-173 -269 9 1
-173 -269 8 2
-173 -269 7 1
-171 -269 11 0
-174 -267 9 1
-173 -267 9 1
-173 -267 10 0
-169 -269 11 1
-168 -270 11 2
-168 -271 11 2
-168 -272 11 1
-168 -272 10 2
-168 -272 9 1
-169 -271 11 1
-169 -272 11 1
-181 -258 5 1
-198 -254 18 0
-196 -252 15 0
-196 -251 16 0
-196 -251 17 0
-191 -273 15 0
-195 -255 17 0
-193 -251 17 0
-199 -251 2 1
-188 -291 17 1
-188 -292 19 1
-188 -292 18 1
-188 -292 17 1
-187 -298 17 0
-187 -297 18 0
-190 -293 18 0
-189 -293 18 0
-188 -294 19 0
-184 -298 18 0
-185 -297 19 0
-185 -296 19 0
-190 -297 18 0
-189 -296 19 0
-189 -292 14 1
-188 -292 14 1
-188 -290 15 1
-187 -292 15 1
-193 -294 11 2
-192 -288 19 0
-193 -287 16 0
-193 -286 18 0
-192 -290 16 0
-191 -290 17 0
-156 -268 10 1
-192 -297 12 1
-192 -297 13 1
-192 -296 12 1
-192 -296 13 1
-200 -282 14 0
-200 -285 8 1
-195 -280 10 0
-200 -281 11 0
-198 -282 14 0
-196 -281 16 0
-199 -285 14 0
-200 -286 15 0
-200 -281 13 0
-182 -285 8 1
-197 -292 18 0
-200 -291 17 0
-195 -258 13 0
-192 -259 11 0
-192 -259 12 0
-190 -258 10 0
-188 -256 7 2
-197 -294 14 1
-197 -294 12 1
-193 -252 12 0
-192 -252 13 0
-197 -295 14 1
-180 -269 10 0
-171 -268 15 0
-189 -252 2 1
-189 -253 3 2
-170 -268 12 0
-180 -284 11 2
-168 -269 11 1
-168 -268 11 0
-173 -267 11 0
-197 -275 14 0
-197 -276 14 0
-198 -277 14 0
-194 -274 14 0
-193 -274 14 0
-193 -275 14 0
-192 -275 14 0
-191 -276 14 0
-197 -273 14 0
-180 -284 19 0
-182 -293 19 0
-195 -258 39 0
-153 -281 17 0
-197 -261 38 0
-188 -290 13 1
-168 -260 15 0
-169 -264 14 0
-167 -263 15 0
-199 -255 19 0
-173 -254 5 1
-177 -252 2 1
-176 -252 2 1
-175 -254 2 1
-175 -253 2 1
-175 -253 3 2
-175 -252 2 1
-175 -252 3 1
-180 -254 2 1
-180 -253 2 1
-177 -255 11 0
-182 -254 10 0
-176 -257 10 0
-176 -256 6 0
-172 -255 3 1
-172 -254 3 2
-172 -254 4 1
-172 -254 5 1
-176 -255 6 0
-192 -251 34 0
-192 -286 10 1
-170 -252 9 0
-172 -251 9 0
-168 -251 5 1
-164 -253 3 1
-164 -253 4 1
-164 -252 3 1
-164 -252 4 1
-164 -251 3 2
-180 -291 18 0
-180 -292 18 0
-180 -293 18 0
-180 -294 18 0
-180 -295 17 0
-182 -288 18 0
-183 -286 17 0
-181 -291 18 0
-184 -292 16 0
-179 -291 17 0
-178 -292 17 0
-178 -293 16 0
-182 -289 17 0
-183 -289 16 0
-177 -288 16 0
-180 -290 18 0
-181 -292 16 0
-181 -293 15 0
-178 -291 16 0
-178 -291 15 0
-177 -291 14 0
-181 -290 16 0
-181 -290 15 1
-180 -290 13 1
-180 -290 14 2
-180 -290 15 1
-179 -290 13 1
-179 -290 14 1
-179 -290 15 1
-178 -290 13 1
-178 -290 14 1
-178 -290 15 1
-182 -292 22 0
-182 -292 23 0
-180 -288 23 0
-179 -292 21 0
-176 -273 15 0
-177 -273 15 0
-174 -275 12 0
-174 -275 13 0
-175 -277 14 0
-175 -253 8 1
-175 -252 6 2
-175 -252 8 2
-175 -251 6 1
-175 -251 7 1
-158 -264 16 0
-158 -264 17 0
-161 -265 16 0
-159 -261 16 0
-158 -265 14 0
-158 -266 15 0
-199 -265 2 1
-162 -263 15 0
-157 -262 14 0
-156 -262 15 0
-180 -286 10 1
-183 -280 11 0
-184 -279 10 0
-183 -284 11 1
-180 -279 10 0
-182 -282 11 0
-183 -282 10 1
-184 -282 9 2
-184 -281 9 2
-182 -283 11 1
-183 -281 7 1
-183 -281 8 1
-191 -262 5 0
-190 -261 11 0
-188 -264 9 0
-185 -264 4 1
-185 -263 2 1
-185 -263 4 2
-185 -262 2 1
-185 -262 3 2
-187 -264 2 1
-163 -254 8 1
-163 -254 7 1
-163 -254 6 1
-163 -255 8 1
-163 -255 6 2
-163 -256 7 2
-163 -256 6 1
-199 -259 4 1
-199 -259 3 2
-157 -251 16 0
-152 -251 14 0
-175 -253 6 1
-190 -263 9 0
-183 -269 10 0
-181 -282 19 0
-181 -282 18 0
-172 -281 13 0
-172 -284 12 0
-173 -285 13 0
-167 -285 12 0
-171 -285 12 0
-171 -286 11 1
-171 -287 11 0
-172 -285 9 2
-173 -286 8 1
-173 -286 9 1
-177 -271 9 1
-199 -270 6 2
-175 -274 11 0
-176 -274 11 0
-196 -255 15 0
-195 -256 17 0
-199 -253 15 0
-198 -252 14 0
-198 -270 7 2
-198 -269 5 1
-198 -269 6 2
-158 -272 12 0
-165 -277 14 1
-166 -277 14 2
-166 -277 13 2
-166 -277 12 2
-158 -279 13 0
-164 -280 14 0
-161 -278 14 0
-166 -277 15 1
-163 -279 16 0
-164 -256 13 0
-160 -276 12 1
-196 -253 16 0
-196 -253 17 0
-196 -253 18 0
-197 -251 16 0
-194 -251 16 0
-198 -257 16 0
-160 -276 11 1
-200 -272 19 0
-197 -273 19 0
-169 -279 11 2
-164 -251 4 2
-168 -254 2 1
-194 -273 6 1
-186 -260 4 1
-198 -255 32 0
-182 -256 6 1
-197 -253 17 0
-198 -254 19 0
-184 -283 9 2
-195 -254 17 0
-194 -255 19 0
-193 -251 18 0
-197 -256 17 0
-197 -256 18 0
-199 -298 12 1
-194 -293 11 1
-195 -294 13 1
-164 -267 11 0
-164 -266 11 0
-163 -265 11 0
-166 -261 12 0
-165 -261 12 0
-164 -262 12 0
-161 -265 11 1
-161 -264 11 1
-159 -266 13 1
-159 -266 11 1
-159 -267 12 1
-159 -267 11 1
-159 -268 13 1
-159 -268 12 1
-159 -268 11 1
-160 -266 13 1
-160 -266 11 1
-160 -267 13 1
-160 -267 11 1
-160 -268 13 1
-160 -268 12 1
-160 -268 11 1
-161 -266 12 1
-161 -266 11 1
-161 -267 13 1
-161 -267 12 1
-161 -267 11 1
-161 -268 13 1
-161 -268 12 1
-161 -268 11 1
-184 -298 21 0
-184 -299 22 0
-187 -293 21 0
-193 -272 8 2
-193 -274 7 1
-194 -274 6 1
-193 -273 7 2
-193 -275 7 2
-193 -269 11 0
-193 -270 10 1
-190 -260 7 2
-190 -259 5 2
-190 -259 6 2
-190 -259 7 2
-189 -261 5 1
-189 -261 6 1
-189 -260 5 2
-189 -260 6 2
-189 -260 7 1
-191 -269 11 0
-191 -270 10 1
-190 -269 11 0
-197 -251 32 2
-196 -251 34 0
-192 -252 32 0
-161 -282 12 0
-168 -282 13 0
-200 -266 15 0
-200 -271 18 0
-199 -268 17 0
-199 -267 18 0
-199 -267 14 0
-200 -266 14 0
-200 -265 14 0
-200 -264 14 0
-194 -262 5 0
-192 -263 6 0
-193 -263 5 1
-192 -262 5 0
-172 -299 14 0
-172 -300 13 0
-173 -299 9 0
-175 -299 12 0
-175 -300 12 0
-172 -299 13 0
-200 -255 32 0
-193 -270 9 1
-196 -261 2 1
-195 -261 4 1
-194 -272 10 1
-152 -256 12 1
-198 -254 5 1
-196 -262 2 1
-196 -276 11 0
-196 -276 12 0
-163 -262 15 0
-167 -259 13 0
-168 -259 14 0
-168 -259 15 0
-165 -258 12 0
-166 -257 13 0
-161 -261 13 0
-166 -260 12 0
-169 -261 13 0
-164 -263 12 0
-167 -258 12 0
-168 -257 12 0
-169 -257 12 0
-168 -263 12 0
-165 -256 11 0
-170 -259 11 0
-197 -275 9 1
-167 -257 10 1
-167 -256 10 0
-199 -251 35 2
-165 -265 13 0
-197 -284 8 1
-197 -277 12 0
-162 -276 15 0
-162 -276 14 0
-162 -271 15 1
-162 -270 14 0
-158 -274 14 0
-162 -274 14 1
-163 -274 13 2
-160 -273 15 0
-160 -272 14 1
-160 -272 13 1
-159 -274 22 0
-160 -271 21 0
-166 -276 10 1
-166 -279 14 1
-177 -282 21 0
-180 -283 19 0
-178 -279 20 0
-178 -282 16 0
-180 -277 11 0
-175 -282 11 1
-193 -253 9 0
-194 -254 8 0
-195 -254 10 0
-195 -255 11 0
-193 -252 9 0
-193 -251 10 0
-193 -251 11 0
-192 -256 10 0
-196 -253 9 0
-197 -253 10 0
-194 -255 8 0
-194 -256 8 0
-194 -256 9 0
-194 -257 9 0
-195 -251 8 0
-151 -273 11 1
-151 -272 11 1
-151 -271 11 1
-151 -256 16 0
-173 -278 12 1
-172 -278 12 1
-171 -279 12 1
-171 -280 12 1
-178 -277 11 0
-179 -277 11 0
-175 -278 11 1
-175 -279 11 1
-175 -280 11 1
-175 -281 11 1
-177 -273 10 0
-154 -278 7 1
-154 -278 8 1
-154 -278 9 1
-153 -278 7 1
-153 -278 8 1
-153 -278 9 1
-155 -271 8 1
-155 -270 8 1
-155 -270 9 1
-154 -271 8 1
-154 -270 8 1
-154 -270 9 1
-154 -270 10 1
-153 -271 8 1
-153 -271 9 1
-153 -271 10 1
-153 -270 8 1
-190 -259 8 2
-188 -255 10 0
-199 -259 13 0
-200 -285 15 0
-200 -284 14 0
-198 -284 17 0
-198 -284 16 0
-158 -260 11 0
-155 -256 8 2
-156 -254 9 1
-200 -281 16 0
-190 -258 8 2
-188 -264 8 0
-187 -265 8 0
-186 -265 8 0
-186 -266 8 0
-188 -261 8 0
-191 -271 19 0
-197 -268 19 0
-198 -268 19 0
-199 -268 19 0
-166 -271 24 0
-167 -279 23 0
-166 -280 24 0
-163 -274 23 0
-168 -271 22 0
-162 -278 11 2
-162 -278 10 2
-162 -279 12 1
-162 -279 11 1
-162 -279 10 2
-161 -278 11 2
-156 -273 11 1
-158 -274 13 0
-159 -270 12 1
-159 -272 13 0
-162 -276 13 1
-156 -275 13 0
-163 -271 13 0
-160 -278 14 0
-165 -282 9 1
-196 -277 14 0
-195 -277 17 0
-171 -254 2 1
-171 -255 2 1
-179 -253 7 0
-198 -265 23 0
-194 -266 21 0
-195 -266 21 0
-198 -262 21 0
-198 -262 22 0
-198 -268 21 0
-198 -267 22 0
-171 -251 9 0
-172 -255 10 0
-173 -254 8 0
-173 -253 10 0
-173 -253 9 0
-176 -251 6 2
-176 -252 8 1
-176 -252 6 2
-176 -253 8 1
-176 -253 6 2
-162 -273 21 1
-168 -272 19 0
-162 -277 20 0
-163 -269 20 0
-163 -271 21 0
-159 -274 21 0
-160 -274 21 0
-166 -271 21 0
-158 -274 16 0
-159 -274 16 0
-161 -278 16 0
-161 -277 16 0
-157 -270 16 0
-158 -271 17 0
-157 -277 17 0
-157 -276 17 0
-158 -275 17 0
-159 -275 17 0
-161 -269 17 0
-161 -271 17 0
-163 -278 18 0
-163 -277 18 0
-162 -276 17 0
-156 -272 18 0
-159 -277 18 0
-164 -276 18 1
-184 -281 14 0
-184 -280 16 0
-182 -285 15 0
-188 -282 15 0
-186 -280 14 0
-176 -277 15 0
-175 -281 14 0
-196 -276 6 1
-178 -279 14 0
-179 -279 15 0
-176 -281 13 0
-177 -282 14 0
-177 -283 15 1
-173 -281 14 0
-195 -278 9 1
-193 -276 11 0
-175 -283 13 1
-174 -284 13 0
-180 -277 13 0
-179 -284 12 2
-197 -261 12 0
-195 -265 22 0
-198 -264 24 0
-199 -264 23 0
-199 -264 22 0
-178 -255 8 0
-177 -252 9 1
-151 -261 16 0
-181 -254 9 0
-156 -258 15 0
-157 -258 16 0
-154 -260 14 0
-198 -262 27 0
-199 -262 28 0
-197 -259 28 0
-199 -260 29 0
-199 -260 30 0
-198 -264 29 0
-199 -264 29 0
-200 -262 30 0
-200 -256 29 0
-200 -257 29 0
-200 -258 30 0
-200 -259 30 0
-196 -261 30 0
-186 -292 10 1
-187 -291 10 1
-187 -292 10 1
-188 -291 10 1
-178 -288 16 0
-179 -289 16 0
-188 -253 8 0
-176 -290 14 0
-171 -286 14 0
-180 -288 13 1
-180 -288 14 2
-191 -261 11 0
-191 -262 10 0
-191 -264 9 0
-183 -261 9 0
-200 -261 30 0
-198 -258 30 0
-199 -263 30 0
-154 -255 14 0
-155 -255 14 0
-153 -260 14 0
-154 -261 14 0
-152 -257 13 1
-153 -257 13 0
-156 -257 13 0
-151 -259 13 1
-151 -260 13 0
-151 -261 12 0
-151 -262 12 0
-153 -255 12 0
-154 -260 11 2
-199 -264 21 0
-197 -263 24 0
-197 -263 23 0
-197 -263 22 0
-197 -263 21 0
-179 -285 11 1
-179 -285 12 1
-179 -285 13 1
-176 -267 10 0
-196 -274 10 0
-199 -270 14 0
-197 -258 10 0
-168 -261 9 2
-196 -265 30 0
-196 -266 26 0
-196 -266 27 0
-199 -253 26 2
-199 -253 25 2
-199 -253 24 2
-199 -253 23 2
-199 -253 22 2
-199 -253 21 2
-195 -283 11 0
-163 -283 16 0
-176 -277 12 0
-164 -282 13 0
-176 -269 10 0
-179 -271 9 0
-179 -272 9 0
-180 -269 9 0
-178 -269 12 0
-178 -269 13 0
-178 -269 14 0
-177 -269 15 0
-180 -270 14 0
-180 -270 15 0
-178 -266 14 0
-178 -270 12 0
-177 -271 14 0
-181 -268 12 0
-181 -268 13 0
-182 -268 14 0
-179 -272 13 0
-180 -273 13 0
-181 -270 11 0
-182 -270 12 0
-183 -270 12 0
-177 -264 12 0
-178 -270 10 0
-179 -269 10 0
-180 -271 10 0
-181 -272 11 0
-182 -271 11 0
-183 -271 10 0
-179 -275 10 0
-180 -272 10 0
-181 -273 10 0
-182 -274 9 0
-178 -272 10 0
-181 -275 6 1
-181 -275 7 1
-181 -275 8 1
-180 -275 6 1
-180 -275 7 1
-180 -275 8 2
-179 -275 6 1
-186 -254 9 0
-185 -282 10 1
-185 -281 8 2
-173 -273 11 1
-196 -275 10 0
-192 -275 11 0
-190 -272 12 0
-189 -271 5 2
-189 -273 7 2
-189 -273 6 1
-189 -274 8 1
-200 -270 16 0
-181 -264 4 2
-196 -265 13 0
-193 -262 8 0
-181 -264 6 0
-168 -263 9 1
-168 -263 8 2
-168 -263 7 1
-168 -264 9 1
-168 -264 8 2
-168 -264 7 1
-159 -269 9 1
-159 -269 8 1
-159 -269 7 1
-187 -289 8 1
-187 -290 10 1
-187 -290 9 1
-187 -290 8 1
-188 -284 10 1
-186 -285 12 0
-186 -286 12 0
-187 -282 12 0
-186 -289 14 1
-185 -286 13 0
-187 -284 14 0
-186 -284 14 0
-183 -290 15 0
-187 -287 15 1
-180 -287 16 0
-186 -282 16 0
-186 -282 15 0
-185 -288 16 0
-185 -288 15 0
-185 -287 14 0
-167 -270 11 1
-167 -271 10 2
-176 -273 13 0
-175 -273 13 0
-181 -259 7 0
-183 -259 7 0
-166 -269 9 1
-166 -266 10 0
-168 -266 7 1
-168 -266 8 2
-168 -266 9 1
-168 -265 7 1
-168 -265 8 2
-166 -265 12 0
-193 -277 14 0
-166 -261 13 0
-165 -262 13 0
-165 -263 12 0
-165 -268 14 0
-165 -267 14 0
-165 -267 13 0
-195 -283 14 0
-196 -282 14 0
-196 -281 14 0
-166 -264 13 0
-159 -262 13 0
-160 -262 13 0
-161 -262 14 0
-156 -263 12 0
-156 -264 13 0
-166 -266 16 0
-166 -266 15 0
-165 -265 14 0
-163 -264 16 0
-164 -264 14 0
-195 -277 15 0
-196 -264 29 0
-184 -283 8 1
-184 -284 10 1
-184 -284 9 2
-184 -284 8 1
-184 -285 10 1
-184 -285 9 2
-184 -285 8 1
-183 -284 9 2
-182 -278 10 0
-181 -278 11 0
-180 -284 10 2
-180 -285 10 1
-184 -281 11 0
-152 -261 15 0
-155 -257 17 0
-179 -277 12 0
-181 -285 12 2
-196 -260 14 0
-165 -266 12 0
-189 -266 10 0
-198 -273 12 1
-197 -274 12 0
-196 -262 3 2
-196 -262 4 2
-181 -287 10 1
-182 -287 12 2
-193 -277 12 0
-200 -274 15 0
-200 -287 13 0
-199 -287 14 0
-174 -282 16 0
-199 -292 18 0
-199 -280 18 0
-191 -256 13 0
-194 -257 13 0
-192 -253 13 0
-191 -258 11 0
-191 -258 12 0
-189 -254 12 0
-164 -273 22 1
-166 -279 21 0
-164 -275 22 1
-196 -296 18 0
-193 -297 16 0
-151 -261 13 0
-151 -262 14 0
-151 -263 14 0
-156 -256 13 0
-157 -256 14 0
-154 -260 13 0
-155 -261 13 0
-155 -262 13 0
-198 -294 17 0
-198 -288 15 0
-198 -287 16 0
-199 -286 16 0
-195 -262 8 0
-200 -254 21 2
-200 -254 22 2
-200 -254 23 2
-173 -265 14 0
-197 -253 35 0
-191 -252 35 0
-195 -256 35 0
-195 -255 36 1
-198 -254 37 0
-196 -254 38 1
-196 -254 37 1
-175 -272 12 0
-176 -272 12 0
-177 -272 11 0
-158 -263 13 0
-173 -277 11 1
-159 -265 14 0
-159 -265 15 0
-159 -260 13 0
-185 -290 12 1
-185 -289 11 1
-185 -289 12 1
-193 -296 20 0
-193 -297 20 0
-193 -298 20 0
-199 -256 3 2
-159 -262 8 2
-159 -262 9 2
-170 -253 7 1
-184 -286 16 0
-185 -286 18 0
-183 -284 15 0
-174 -277 16 0
-174 -277 15 0
-174 -277 14 0
-192 -254 6 1
-192 -255 6 1
-192 -256 6 1
-190 -253 2 1
-190 -253 3 2
-190 -252 2 1
-190 -252 3 2
-189 -254 2 1
-189 -254 3 2
-188 -254 2 1
-188 -254 3 1
-167 -271 13 1
-187 -254 11 0
-153 -256 16 0
-188 -257 8 2
-188 -256 8 1
-187 -257 7 1
-187 -256 6 1
-166 -276 12 1
-166 -276 13 2
-166 -276 14 1
-161 -280 12 1
-159 -278 11 1
-159 -279 11 1
-164 -276 11 2
-158 -257 12 0
-177 -285 19 0
-171 -286 20 0
-172 -285 20 0
-177 -280 21 0
-177 -281 20 0
-177 -282 20 0
-176 -288 21 0
-176 -286 20 0
-173 -282 21 0
-173 -283 20 0
-179 -283 22 0
-178 -284 21 0
-177 -284 20 0
-173 -286 22 0
-174 -286 21 0
-175 -283 20 0
-177 -285 23 0
-174 -284 23 0
-175 -284 21 0
-191 -256 6 2
-191 -256 7 1
-191 -255 5 2
-191 -255 6 2
-191 -255 7 2
-191 -254 5 1
-197 -255 12 0
-191 -254 7 1
-198 -255 12 0
-190 -256 6 2
-190 -256 7 2
-190 -255 5 2
-184 -262 13 0
-190 -254 5 1
-183 -261 12 0
-190 -254 7 1
-189 -256 5 2
-189 -256 6 2
-189 -256 7 2
-189 -255 5 2
-189 -255 6 2
-197 -267 9 1
-197 -267 8 1
-152 -257 10 2
-151 -257 12 1
-199 -261 11 0
-151 -254 10 1
-198 -263 13 0
-199 -263 12 0
-194 -251 40 0
-181 -260 12 0
-182 -258 12 0
-194 -251 41 0
-182 -261 8 0
-196 -252 40 0
-194 -252 38 1
-160 -261 14 0
-166 -286 10 1
-166 -285 8 1
-166 -284 8 1
-165 -286 8 1
-165 -286 9 1
-165 -286 10 1
-165 -285 8 1
-165 -284 8 1
-168 -282 15 0
-168 -282 17 0
-170 -282 14 0
-170 -282 15 0
-178 -257 2 1
-178 -258 2 1
-178 -259 6 0
-180 -256 6 1
-177 -260 8 0
-178 -259 8 0
-180 -253 8 0
-178 -260 11 0
-179 -259 10 0
-179 -255 12 0
-179 -256 11 0
-185 -284 13 0
-197 -281 11 0
-196 -284 9 1
-193 -252 11 0
-198 -261 9 0
-199 -260 10 0
-177 -261 8 0
-178 -260 8 0
-185 -282 8 1
-186 -281 9 1
-186 -281 8 2
-186 -282 10 1
-181 -287 14 1
-181 -287 13 1
-182 -287 14 2
-182 -287 13 2
-200 -255 3 2
-194 -274 17 0
-151 -258 11 2
-151 -258 10 2
-151 -258 9 1
-151 -259 11 1
-151 -259 10 2
-151 -259 9 1
-152 -257 12 1
-151 -257 13 1
-194 -272 9 1
-153 -255 14 0
-152 -255 14 0
-151 -259 15 0
-197 -273 10 1
-152 -252 16 0
-152 -256 17 0
-191 -274 5 1
-190 -274 5 1
-196 -296 16 1
-196 -296 15 1
-198 -298 22 0
-198 -299 24 0
-195 -299 22 0
-195 -300 23 0
-199 -297 21 0
-200 -297 22 0
-180 -291 16 0
-180 -291 17 0
-180 -290 17 0
-182 -288 16 0
-181 -288 17 0
-181 -288 18 0
-177 -293 16 0
-177 -292 17 0
-198 -251 31 2
-198 -251 29 2
-198 -251 28 2
-198 -251 27 2
-198 -251 26 2
-198 -251 25 2
-198 -251 24 2
-198 -251 23 2
-165 -285 14 0
-167 -286 12 0
-163 -286 12 0
-164 -286 12 0
-164 -286 13 0
-165 -286 14 0
-199 -288 14 0
-198 -280 10 0
-197 -279 11 0
-191 -270 20 0
-197 -267 20 0
-198 -267 20 0
-199 -267 20 0
-200 -267 20 0
-192 -264 20 0
-192 -263 20 0
-151 -274 7 1
-151 -275 9 1
-151 -275 8 1
-151 -275 7 1
-151 -276 9 1
-151 -276 8 1
-151 -276 7 1
-153 -272 11 0
-190 -260 8 1
-190 -261 8 1
-185 -262 9 0
-187 -262 8 0
-188 -262 8 0
-194 -260 9 0
-193 -261 9 0
-188 -267 9 0
-188 -266 9 0
-189 -265 9 0
-185 -262 11 0
-174 -280 9 2
-178 -279 10 0
-177 -278 11 0
-175 -277 11 0
-170 -278 10 1
-196 -297 10 1
-191 -251 16 0
-193 -252 16 0
-195 -257 17 0
-196 -297 11 2
-196 -296 9 1
-200 -254 17 1
-192 -254 18 0
-193 -254 17 0
-194 -253 17 0
-195 -298 9 1
-190 -264 11 0
-185 -283 11 0
-184 -283 11 0
-195 -271 13 1
-192 -272 11 0
-197 -251 11 0
-181 -283 8 1
-188 -265 12 0
-191 -262 9 0
-184 -290 12 1
-181 -279 8 2
-187 -289 14 2
-177 -272 10 0
-179 -276 11 0
-178 -276 11 0
-154 -280 13 0
-154 -281 13 0
-155 -282 14 0
-155 -283 14 0
-155 -284 14 0
-158 -286 13 0
-195 -268 16 0
-192 -270 21 0
-192 -269 21 0
-193 -268 21 0
-194 -268 21 0
-195 -267 21 0
-196 -261 22 0
-196 -262 22 0
-198 -270 22 0
-197 -269 22 0
-200 -292 17 0
-180 -281 10 1
-182 -282 8 1
-182 -282 9 2
-182 -282 10 1
-182 -281 8 1
-182 -281 9 2
-181 -282 10 1
-194 -256 34 0
-200 -251 34 2
-169 -300 15 0
-195 -266 18 0
-195 -266 19 0
-195 -266 20 0
-197 -267 17 0
-197 -267 18 0
-197 -267 19 0
-196 -267 20 0
-193 -268 17 0
-194 -267 18 0
-176 -268 13 0
-179 -264 8 0
-193 -261 8 0
-199 -281 18 0
-178 -258 5 1
-177 -260 5 1
-173 -276 15 0
-173 -276 16 0
-184 -265 14 0
-194 -286 10 1
-194 -286 9 1
-194 -286 8 1
-195 -284 10 1
-163 -284 18 0
-167 -286 19 0
-164 -285 21 0
-165 -285 20 0
-165 -285 19 0
-165 -285 18 0
-165 -285 17 0
-182 -276 12 0
-183 -276 12 0
-180 -275 10 0
-166 -265 11 0
-164 -269 9 1
-165 -267 10 1
-166 -260 8 1
-169 -268 9 1
-169 -267 10 0
-168 -267 10 0
-161 -266 10 1
-169 -261 10 1
-168 -263 10 1
-166 -270 10 1
-166 -269 10 1
-171 -265 11 0
-170 -265 11 0
-177 -277 16 0
-177 -277 17 0
-178 -274 17 0
-180 -276 15 0
-181 -276 15 0
-181 -276 16 0
-179 -274 15 0
-181 -278 14 0
-181 -275 13 0
-182 -274 13 0
-182 -277 12 0
-183 -277 12 0
-182 -279 10 0
-181 -276 10 0
-178 -276 10 0
-158 -287 16 0
-158 -288 16 0
-178 -274 9 1
-157 -290 16 0
-167 -251 12 0
-164 -252 14 0
-165 -251 13 0
-161 -261 8 2
-161 -261 9 1
-161 -261 10 1
-198 -258 2 1
-197 -286 9 2
-198 -287 8 1
-197 -272 16 0
-190 -272 17 0
-174 -258 6 1
-176 -257 7 0
-177 -257 7 0
-182 -253 7 0
-181 -254 7 0
-175 -254 7 1
-199 -262 34 0
-194 -268 15 0
-194 -267 13 0
-199 -260 7 0
-198 -261 7 1
-198 -262 8 0
-187 -292 11 1
-199 -272 15 0
-200 -271 14 0
-189 -282 8 1
-189 -282 9 1
-189 -282 10 1
-180 -280 7 1
-180 -280 8 1
-180 -280 9 1
-179 -282 7 1
-196 -263 9 0
-196 -264 9 0
-197 -265 9 0
-197 -265 8 0
-197 -266 8 0
-180 -285 13 2
-180 -285 12 2
-194 -269 10 0
-194 -268 10 0
-200 -263 10 0
-199 -264 10 0
-199 -267 10 1
-183 -285 16 0
-183 -285 15 0
-183 -284 14 0
-181 -284 17 0
-174 -265 10 0
-173 -266 11 0
-171 -272 11 1
-171 -271 11 1
-200 -257 39 0
-200 -260 12 0
-198 -262 13 0
-198 -261 12 0
-181 -280 14 0
-186 -286 14 0
-184 -285 13 0
-195 -263 2 1
-196 -263 2 1
-194 -259 11 0
-197 -258 12 0
-199 -262 13 0
-196 -261 12 0
-151 -257 16 0
-200 -275 18 0
-191 -272 10 1
-192 -273 9 1
-191 -273 11 0
-192 -272 10 1
-191 -272 11 0
-191 -270 12 0
-192 -271 11 0
-191 -271 12 0
-192 -270 12 0
-193 -270 12 0
-200 -272 10 2
-198 -272 10 1
-193 -271 11 0
-195 -272 10 1
-197 -271 11 1
-193 -273 9 2
-198 -273 9 1
-199 -276 8 1
-197 -274 8 2
-174 -274 16 0
-198 -291 11 0
-199 -264 12 0
-152 -256 16 0
-153 -256 17 0
-151 -259 16 0
-151 -260 16 0
-151 -260 17 0
-151 -257 14 0
-153 -258 15 0
-154 -258 16 0
-199 -294 9 2
-154 -254 15 0
-156 -263 13 0
-158 -271 22 0
-159 -271 22 0
-161 -277 23 0
-161 -268 23 0
-161 -270 23 0
-159 -274 23 0
-153 -275 7 1
-153 -276 9 1
-153 -276 7 1
-153 -277 9 1
-153 -277 8 1
-180 -255 6 1
-180 -254 6 1
-179 -261 6 0
-179 -262 5 1
-179 -258 6 0
-153 -277 7 1
-154 -275 7 1
-160 -252 9 0
-157 -254 12 0
-157 -253 12 0
-155 -254 10 0
-155 -263 14 0
-153 -263 14 0
-152 -263 15 0
-168 -267 6 1
-169 -267 6 1
-170 -267 6 1
-171 -259 9 0
-173 -263 10 0
-172 -263 10 0
-171 -263 11 0
-170 -263 11 0
-172 -260 12 0
-171 -261 12 0
-170 -259 13 0
-155 -285 10 0
-153 -284 13 0
-153 -283 11 0
-153 -283 10 0
-151 -284 17 0
-151 -284 18 0
-153 -285 17 0
-153 -285 18 0
-153 -285 19 0
-152 -283 15 0
-152 -282 17 0
-151 -282 18 0
-151 -281 19 0
-151 -285 17 0
-181 -285 19 0
-177 -293 18 0
-176 -294 18 0
-183 -291 18 0
-184 -291 18 0
-193 -251 40 0
-192 -251 41 0
-193 -251 3 2
-170 -270 14 0
-170 -270 13 0
-170 -269 13 0
-166 -265 15 0
-189 -252 5 1
-190 -251 5 0
-187 -253 4 1
-187 -253 3 2
-187 -253 2 1
-168 -269 15 0
-193 -252 41 0
-178 -292 14 0
-191 -252 37 0
-181 -291 16 0
-182 -291 15 0
-182 -291 14 0
-156 -284 11 0
-156 -284 10 0
-155 -284 17 0
-154 -284 18 0
-154 -284 19 0
-188 -254 5 2
-188 -254 4 1
-188 -255 6 1
-189 -253 6 1
-189 -253 5 1
-189 -254 4 2
-189 -255 4 1
-190 -253 6 1
-190 -253 5 1
-190 -253 4 1
-153 -266 10 1
-153 -266 11 1
-153 -265 11 1
-152 -266 9 1
-152 -266 10 1
-152 -266 11 1
-154 -261 15 0
-151 -262 13 0
-151 -264 12 0
-151 -265 12 0
-175 -252 7 2
-180 -254 7 0
-199 -264 11 0
-181 -253 7 0
-182 -252 7 0
-197 -263 6 1
-168 -267 8 2
-168 -267 7 1
-168 -268 9 1
-168 -268 8 2
-193 -255 13 0
-176 -285 22 0
-177 -286 21 0
-178 -287 23 0
-178 -287 24 0
-176 -284 22 0
-176 -283 23 0
-176 -283 24 0
-176 -286 21 0
-175 -287 22 0
-175 -288 23 0
-178 -285 21 0
-179 -285 22 0
-180 -285 23 0
-173 -283 23 0
-177 -287 20 0
-178 -283 21 0
-178 -282 22 0
-175 -286 20 0
-173 -287 21 0
-172 -287 22 0
-179 -287 21 0
-181 -287 21 0
-175 -290 21 0
-180 -284 20 0
-177 -267 5 2
-177 -266 5 1
-177 -265 6 0
-177 -264 6 0
-177 -263 6 0
-179 -262 6 0
-186 -265 3 1
-180 -266 7 0
-178 -263 6 0
-176 -266 8 0
-176 -265 7 0
-176 -264 7 0
-173 -263 9 0
-174 -263 8 0
-175 -263 8 0
-178 -266 9 0
-178 -265 9 0
-178 -264 8 0
-175 -264 10 0
-179 -263 11 0
-178 -263 9 0
-176 -262 10 0
-151 -256 9 1
-151 -257 11 2
-172 -274 9 2
-176 -273 10 0
-154 -284 16 0
-168 -277 24 0
-167 -278 25 0
-167 -278 26 0
-171 -275 24 0
-171 -275 25 0
-172 -275 26 0
-172 -259 3 1
-172 -260 3 1
-172 -261 3 1
-173 -259 3 1
-173 -260 3 1
-173 -261 3 1
-174 -259 5 1
-174 -259 4 2
-170 -267 15 0
-168 -263 15 0
-166 -268 14 0
-174 -259 3 1
-171 -265 14 0
-172 -263 12 0
-164 -269 11 1
-172 -266 10 0
-173 -266 10 0
-171 -262 9 1
-167 -271 7 1
-193 -262 13 0
-193 -261 13 0
-193 -261 11 0
-198 -262 14 0
-199 -261 13 0
-191 -268 11 0
-191 -272 8 1
-195 -265 13 0
-190 -286 8 1
-192 -263 11 0
-196 -262 12 0
-195 -265 12 0
-190 -266 13 0
-197 -263 15 0
-178 -255 2 1
-179 -255 2 1
-177 -258 6 1
-176 -257 5 1
-176 -257 4 2
-176 -257 3 2
-194 -274 13 0
-194 -275 12 0
-193 -276 12 0
-193 -277 11 0
-167 -273 12 1
-181 -290 20 0
-181 -285 21 0
-181 -286 21 0
-152 -281 15 0
-152 -280 15 0
-200 -258 41 0
-198 -258 39 0
-197 -259 41 0
-195 -257 35 0
-151 -283 14 0
-180 -291 20 0
-179 -290 19 0
-176 -287 22 0
-152 -286 14 0
-152 -287 14 0
-198 -261 38 0
-152 -289 13 0
-155 -280 13 0
-177 -291 23 0
-178 -291 22 0
-178 -290 21 0
-178 -290 20 0
-155 -286 13 0
-151 -282 13 0
-151 -281 13 0
-165 -267 11 0
-177 -252 4 1
-190 -256 2 1
-189 -288 16 1
-189 -286 15 0
-186 -289 18 0
-186 -289 17 0
-187 -288 16 1
-188 -271 6 1
-178 -282 19 0
-175 -289 19 0
-175 -290 19 0
-174 -290 19 0
-180 -287 19 0
-181 -287 19 0
-182 -287 19 0
-183 -287 19 0
-178 -289 19 0
-178 -290 19 0
-178 -291 18 0
-178 -292 18 0
-181 -283 18 0
-187 -252 10 0
-188 -254 11 0
-188 -251 9 0
-186 -253 9 0
-189 -268 2 1
-190 -268 2 1
-191 -268 4 2
-191 -268 3 2
-191 -268 2 1
-193 -273 5 2
-184 -273 8 1
-184 -274 8 1
-184 -275 8 1
-184 -275 7 1
-184 -275 6 1
-184 -269 3 1
-183 -285 13 0
-186 -281 14 0
-199 -257 7 0
-198 -260 26 0
-199 -267 9 1
-196 -254 36 1
-172 -264 12 0
-168 -271 12 2
-169 -272 12 2
-157 -251 4 1
-157 -252 6 1
-157 -252 5 1
-157 -252 4 1
-158 -251 6 1
-158 -251 4 1
-158 -252 6 1
-158 -252 5 1
-158 -252 4 1
-159 -251 6 1
-167 -276 24 0
-167 -276 25 0
-199 -272 5 1
-197 -273 4 1
-197 -273 5 1
-197 -273 6 1
-197 -272 4 1
-197 -272 5 1
-197 -272 6 1
-197 -271 4 1
-197 -267 5 1
-197 -267 4 1
-200 -271 5 2
-200 -267 3 2
-200 -266 3 1
-200 -265 3 1
-199 -269 2 1
-199 -269 3 2
-199 -269 4 1
-198 -269 2 1
-198 -269 3 2
-185 -278 9 1
-185 -278 8 1
-185 -278 7 1
-194 -253 7 0
-195 -254 8 0
-196 -254 8 0
-197 -254 9 0
-152 -251 8 1
-192 -254 7 1
-192 -255 8 1
-191 -256 8 1
-191 -257 8 1
-196 -251 8 0
-183 -260 9 0
-194 -254 7 0
-195 -256 7 0
-195 -257 7 1
-195 -287 19 0
-189 -285 19 0
-193 -285 17 0
-196 -289 18 0
-191 -285 17 0
-190 -284 17 0
-196 -285 17 0
-193 -282 16 0
-194 -271 7 1
-199 -295 13 2
-193 -271 7 1
-195 -267 11 0
-193 -259 10 0
-193 -267 11 0
-156 -264 9 2
-188 -267 4 1
-186 -263 6 0
-156 -264 8 1
-156 -264 7 1
-171 -256 11 0
-171 -256 10 0
-169 -257 8 0
-168 -254 12 0
-169 -256 9 0
-170 -258 11 0
-176 -289 14 0
-178 -286 14 2
-179 -287 13 1
-179 -287 14 2
-179 -287 15 1
-179 -286 14 1
-178 -287 13 1
-152 -251 9 1
-183 -260 11 0
-152 -251 7 1
-200 -259 24 0
-200 -260 25 0
-153 -251 9 1
-153 -251 8 1
-197 -290 17 0
-199 -295 18 0
-199 -294 17 0
-200 -290 17 0
-199 -292 19 0
-200 -292 18 0
-185 -251 11 0
-184 -251 12 0
-184 -251 13 0
-187 -252 12 0
-187 -252 13 0
-196 -267 13 0
-196 -266 13 0
-198 -266 13 0
-200 -288 10 1
-186 -255 11 0
-200 -288 9 2
-188 -252 9 0
-190 -252 10 0
-200 -288 8 1
-200 -289 10 1
-197 -283 7 1
-160 -275 19 0
-199 -258 32 0
-199 -258 33 0
-189 -251 11 0
-163 -283 18 0
-164 -281 15 0
-162 -282 16 0
-162 -281 13 0
-161 -281 12 0
-163 -272 9 1
-165 -257 12 0
-164 -257 12 0
-167 -260 13 0
-166 -259 13 0
-165 -259 12 0
-163 -261 14 0
-154 -265 12 0
-159 -256 15 0
-160 -276 18 0
-166 -271 18 0
-160 -271 18 0
-164 -275 18 1
-163 -275 18 1
-162 -274 18 1
-162 -273 18 2
-163 -270 19 0
-163 -270 18 0
-178 -286 23 0
-163 -269 17 0
-160 -273 18 0
-181 -281 16 0
-181 -284 14 1
-192 -260 6 2
-194 -263 7 0
-193 -262 6 0
-189 -285 13 1
-183 -289 14 1
-188 -287 15 1
-191 -263 5 0
-194 -262 2 1
-194 -262 3 2
-194 -262 4 1
-175 -253 4 1
-184 -267 6 1
-188 -267 5 1
-194 -261 3 2
-177 -255 5 1
-178 -254 5 1
-178 -253 5 1
-187 -265 10 0
-195 -267 2 1
-193 -263 10 0
-155 -261 14 0
-157 -257 14 0
-190 -265 10 0
-169 -285 13 0
-171 -283 12 0
-172 -285 13 0
-173 -286 13 0
-166 -285 12 0
-170 -284 12 0
-170 -285 12 0
-170 -286 11 0
-170 -287 11 0
-173 -284 11 1
-168 -285 10 1
-174 -281 16 0
-171 -284 13 0
-171 -284 14 0
-173 -283 13 0
-170 -285 13 0
-169 -286 13 0
-169 -287 14 0
-173 -283 15 0
-173 -284 16 0
-171 -284 15 0
-170 -285 16 0
-184 -278 14 0
-183 -279 14 0
-179 -281 15 0
-187 -279 15 0
-186 -280 15 0
-181 -278 16 0
-157 -285 15 0
-163 -282 16 0
-162 -283 16 0
-167 -252 12 0
-167 -253 13 0
-167 -253 14 0
-163 -251 12 0
-162 -251 13 0
-169 -251 12 0
-170 -251 13 0
-165 -252 11 0
-167 -251 11 0
-168 -253 11 0
-169 -254 11 0
-165 -251 11 0
-188 -287 13 1
-166 -251 13 0
-167 -252 14 0
-167 -252 15 0
-165 -251 12 0
-164 -252 13 0
-164 -253 14 0
-166 -253 12 0
-166 -254 13 0
-167 -254 14 0
-164 -251 12 0
-162 -252 12 0
-161 -252 13 0
-168 -251 12 0
-169 -252 12 0
-172 -261 5 1
-172 -261 4 1
-163 -285 14 0
-151 -264 10 2
-151 -264 9 1
-151 -265 11 1
-151 -265 10 1
-151 -265 9 1
-151 -266 11 1
-151 -266 10 1
-151 -266 9 1
-153 -260 15 0
-167 -273 19 0
-171 -266 6 1
-171 -266 5 1
-171 -267 6 1
-171 -267 5 1
-187 -286 11 1
-177 -272 6 1
-178 -272 8 1
-178 -272 7 1
-178 -272 6 1
-179 -272 8 1
-179 -272 7 1
-179 -272 6 1
-180 -270 9 0
-172 -264 9 0
-185 -255 3 2
-185 -255 4 1
-184 -257 2 1
-184 -257 3 2
-184 -257 4 1
-184 -256 2 1
-184 -256 3 2
-184 -256 4 1
-197 -251 6 1
-199 -259 7 0
-198 -258 7 0
-195 -260 8 0
-195 -259 7 1
-198 -256 7 0
-197 -256 7 0
-197 -253 8 0
-197 -259 9 0
-197 -258 9 0
-198 -255 11 0
-197 -255 10 0
-191 -272 9 1
-171 -274 9 1
-197 -256 13 0
-161 -274 18 1
-163 -272 18 1
-163 -272 17 2
-165 -252 3 1
-165 -253 4 1
-165 -253 3 1
-165 -254 4 1
-160 -271 13 1
-160 -271 14 1
-158 -275 14 0
-157 -275 12 0
-160 -274 15 0
-153 -260 13 0
-189 -288 8 1
-197 -285 15 0
-200 -286 16 0
-160 -269 7 1
-161 -268 9 2
-161 -268 8 1
-192 -270 13 0
-193 -270 13 0
-193 -270 14 0
-187 -253 13 0
-184 -254 12 0
-178 -287 14 1
-178 -287 15 1
-178 -286 13 1
-178 -286 15 1
-174 -287 13 0
-176 -287 15 1
-175 -285 19 0
-175 -285 20 0
-177 -286 17 0
-179 -282 17 0
-173 -286 16 0
-172 -287 16 0
-176 -289 15 0
-171 -253 9 0
-170 -254 9 0
-168 -255 9 0
-165 -253 10 0
-171 -258 10 0
-168 -257 9 0
-170 -255 12 0
-169 -255 11 0
-166 -253 13 0
-192 -254 4 1
-191 -256 2 1
-191 -256 3 1
-191 -256 4 1
-181 -267 11 0
-177 -261 11 0
-179 -263 13 0
-179 -263 12 0
-189 -257 10 0
-171 -279 11 1
-178 -273 10 0
-192 -267 11 0
-197 -291 19 0
-199 -290 9 2
-199 -290 8 1
-199 -291 10 1
-199 -291 8 1
-156 -262 14 0
-156 -261 13 0
-165 -287 16 0
-166 -286 16 0
-170 -289 17 0
-169 -288 17 0
-162 -284 17 0
-163 -284 17 0
-165 -285 16 0
-166 -285 16 0
-166 -290 18 0
-166 -289 17 0
-166 -288 17 0
-167 -287 17 0
-165 -281 18 0
-166 -282 18 0
-163 -287 18 0
-164 -286 18 0
-165 -286 17 0
-166 -285 17 0
-169 -281 19 0
-168 -289 19 0
-168 -288 19 0
-168 -287 18 0
-164 -283 19 0
-165 -283 19 0
-165 -284 18 0
-165 -288 20 0
-166 -287 19 0
-166 -287 18 0
-167 -286 17 0
-167 -283 20 0
-167 -283 19 0
-169 -287 21 0
-168 -286 20 0
-166 -285 21 0
-166 -285 20 0
-166 -285 19 0
-164 -268 9 2
-163 -268 7 1
-163 -268 8 2
-188 -277 8 1
-190 -274 9 0
-194 -276 5 1
-194 -275 5 1
-169 -270 12 1
-168 -271 13 1
-168 -272 13 1
-171 -266 12 0
-172 -266 12 0
-173 -265 12 0
-174 -265 13 0
-163 -256 15 0
-170 -260 10 1
-194 -255 15 0
-194 -255 14 0
-197 -258 16 0
-181 -287 12 1
-166 -268 13 0
-169 -263 13 0
-162 -269 10 2
-162 -269 11 1
-164 -270 7 1
-164 -269 7 1
-199 -257 4 1
-198 -257 5 0
-197 -256 6 0
-198 -251 5 2
-198 -252 5 2
-198 -261 11 0
-196 -260 13 0
-196 -260 12 0
-184 -265 3 1
-183 -295 21 0
-184 -289 22 0
-179 -294 21 0
-178 -294 22 0
-171 -269 12 0
-172 -271 12 0
-170 -265 12 0
-170 -262 12 0
-157 -265 7 1
-156 -267 8 1
-156 -267 10 1
-155 -268 8 1
-155 -268 9 1
-155 -268 10 1
-155 -267 8 1
-155 -267 9 1
-155 -267 10 1
-156 -262 16 0
-155 -262 17 0
-155 -264 15 0
-155 -265 16 0
-160 -262 16 0
-156 -265 13 0
-155 -266 13 0
-155 -267 13 0
-153 -266 12 0
-154 -266 9 1
-154 -266 10 1
-154 -266 11 1
-154 -276 7 1
-154 -277 7 1
-153 -276 8 2
-155 -271 10 2
-155 -271 9 1
-156 -271 11 1
-156 -271 9 1
-174 -284 8 1
-174 -284 9 2
-164 -275 21 2
-164 -277 21 1
-164 -278 20 0
-163 -274 20 2
-162 -273 19 1
-164 -276 20 1
-164 -275 25 0
-164 -275 26 0
-166 -276 26 0
-165 -273 25 0
-165 -272 27 0
-164 -276 25 0
-163 -277 26 0
-162 -259 9 2
-162 -259 8 1
-162 -260 10 1
-162 -260 8 1
-162 -261 10 1
-162 -261 9 2
-162 -261 8 2
-163 -259 10 2
-165 -260 16 0
-163 -257 13 0
-192 -287 15 0
-192 -287 16 0
-193 -287 17 0
-194 -287 17 0
-187 -285 17 0
-191 -291 16 0
-191 -291 17 0
-191 -286 15 0
-160 -263 12 1
-159 -263 16 0
-161 -264 14 0
-192 -295 16 0
-189 -293 16 0
-189 -294 25 0
-191 -294 21 0
-192 -295 24 0
-192 -296 25 0
-190 -293 23 0
-190 -292 24 0
-190 -291 25 0
-189 -296 23 0
-189 -297 24 0
-170 -251 11 0
-166 -257 9 1
-167 -257 8 1
-165 -259 8 2
-158 -263 14 0
-164 -255 7 1
-164 -285 16 0
-164 -290 17 0
-164 -289 17 0
-157 -272 19 0
-158 -272 19 0
-159 -272 19 0
-160 -277 20 0
-160 -276 20 0
-157 -274 21 0
-159 -274 20 0
-159 -271 21 0
-159 -275 23 0
-160 -273 24 0
-161 -271 15 0
-161 -271 16 0
-162 -273 17 1
-190 -291 15 1
-190 -291 14 1
-190 -291 13 1
-191 -289 15 1
-181 -258 2 1
-182 -262 11 0
-182 -257 4 1
-195 -264 15 0
-182 -257 2 1
-198 -261 23 0
-198 -261 24 0
-198 -262 25 0
-184 -259 10 0
-185 -261 11 0
-182 -260 13 0
-197 -251 8 0
-194 -274 10 1
-199 -290 12 0
-200 -275 6 1
-199 -274 7 2
-173 -274 13 0
-172 -274 14 0
-169 -273 26 0
-168 -278 24 0
-167 -279 26 0
-171 -276 24 0
-172 -276 25 0
-173 -275 26 0
-167 -275 24 0
-166 -274 25 0
-170 -278 24 0
-170 -279 24 0
-170 -280 25 0
-171 -272 25 0
-168 -276 23 0
-166 -277 24 0
-165 -278 24 0
-173 -277 24 0
-168 -274 23 0
-167 -272 24 0
-168 -279 23 0
-168 -280 23 0
-164 -275 23 0
-172 -280 23 0
-170 -271 22 0
-165 -279 22 0
-167 -274 22 1
-172 -272 21 0
-166 -275 20 1
-166 -275 21 2
-165 -277 20 1
-165 -277 21 1
-165 -277 22 1
-165 -276 20 1
-165 -276 21 2
-165 -276 22 1
-165 -275 20 1
-165 -275 21 2
-165 -275 22 1
-168 -272 20 0
-195 -263 4 1
-192 -269 10 1
-178 -283 11 1
-167 -268 7 1
-192 -253 4 1
-191 -253 5 0
-191 -252 6 0
-191 -254 4 1
-191 -254 3 2
-196 -258 38 0
-181 -288 15 1
-181 -287 15 1
-194 -256 36 0
-180 -264 5 1
-179 -264 3 1
-179 -264 4 2
-179 -264 5 1
-167 -300 11 0
-171 -299 12 0
-169 -299 14 0
-169 -300 14 0
-173 -300 15 0
-156 -261 14 0
-196 -271 4 1
-196 -271 5 1
-196 -271 6 1
-196 -270 6 1
-170 -273 8 1
-171 -273 8 1
-173 -272 11 0
-173 -273 7 1
-173 -274 7 1
-173 -275 9 2
-173 -275 8 1
-173 -275 7 1
-174 -273 7 1
-200 -257 15 0
-174 -274 7 1
-174 -275 9 2
-199 -254 15 0
-174 -275 8 2
-174 -275 7 1
-160 -252 3 1
-160 -252 2 1
-160 -252 7 1
-160 -252 6 1
-161 -252 2 1
-160 -252 5 0
-161 -251 5 1
-162 -251 6 1
-162 -251 9 0
-160 -251 4 1
-160 -251 3 1
-160 -251 2 1
-161 -252 5 1
-162 -251 5 1
-160 -251 7 0
-163 -252 9 0
-163 -251 8 0
-163 -252 2 1
-164 -252 2 1
-186 -263 4 2
-186 -263 5 1
-188 -263 6 0
-188 -263 2 1
-173 -276 17 0
-175 -276 14 0
-176 -277 16 0
-174 -273 16 0
-173 -277 14 0
-173 -277 15 0
-158 -259 8 2
-158 -259 9 2
-199 -258 10 0
-171 -277 11 1
-200 -267 8 0
-200 -259 16 0
-199 -260 17 0
-200 -266 9 0
-199 -257 15 0
-198 -256 16 0
-200 -265 9 0
-199 -259 14 0
-200 -255 14 0
-199 -255 15 0
-171 -276 13 1
-171 -275 12 1
-188 -281 13 0
-188 -282 13 0
-188 -283 13 0
-185 -289 15 1
-185 -290 15 1
-185 -291 14 1
-185 -291 13 1
-186 -291 14 1
-187 -283 17 0
-188 -284 16 0
-186 -286 18 0
-200 -272 9 1
-155 -260 13 0
-172 -279 15 1
-189 -288 17 0
-189 -288 18 0
-189 -266 12 0
-166 -300 12 0
-186 -256 6 1
-182 -253 3 1
-195 -254 7 0
-197 -255 8 0
-198 -255 9 0
-193 -255 7 0
-193 -256 7 0
-196 -257 7 1
-186 -258 7 0
-192 -267 3 2
-192 -267 4 1
-192 -266 2 1
-183 -263 10 0
-194 -264 2 1
-195 -265 5 0
-185 -264 8 0
-200 -268 11 1
-197 -281 9 1
-190 -271 11 0
-180 -262 8 0
-199 -280 11 0
-193 -264 5 1
-193 -265 6 0
-177 -299 6 1
-177 -300 8 1
-177 -300 7 1
-177 -300 6 1
-158 -278 17 0
-158 -279 17 0
-156 -273 16 0
-162 -278 16 0
-156 -278 16 0
-164 -275 14 2
-163 -275 14 1
-190 -251 35 0
-191 -251 35 0
-198 -271 4 1
-198 -271 3 1
-198 -271 2 1
-198 -272 4 1
-198 -272 3 1
-195 -253 33 0
-199 -270 4 1
-199 -270 3 2
-199 -270 2 1
-199 -271 4 2
-199 -271 2 1
-196 -266 12 0
-189 -288 11 2
-189 -288 10 1
-181 -283 7 1
-181 -277 9 1
-189 -289 10 1
-188 -288 11 2
-161 -256 7 2
-160 -256 6 1
-165 -256 14 0
-163 -254 12 0
-163 -254 13 0
-160 -252 12 0
-161 -252 8 1
-163 -257 7 2
-160 -257 6 1
-183 -255 4 2
-183 -255 3 2
-160 -269 9 1
-160 -269 8 1
-185 -270 11 0
-198 -259 37 0
-194 -258 15 0
-194 -258 16 0
-196 -259 15 0
-176 -279 15 0
-172 -277 9 2
-173 -275 10 1
-173 -276 10 1
-173 -276 9 2
-173 -277 10 1
-156 -261 17 0
-197 -281 7 1
-199 -281 11 0
-165 -278 18 0
-165 -280 16 0
-165 -280 15 0
-164 -281 19 0
-166 -257 8 1
-200 -258 36 0
-177 -251 12 0
-199 -257 35 0
-176 -253 10 0
-185 -254 9 0
-178 -252 11 0
-172 -251 8 1
-177 -251 11 0
-174 -251 6 2
-174 -251 5 2
-197 -258 36 0
-174 -251 4 1
-175 -251 5 1
-198 -259 34 0
-175 -251 4 1
-173 -251 10 0
-200 -253 40 0
-173 -251 9 1
-196 -257 39 0
-199 -259 37 0
-173 -251 7 2
-174 -251 9 1
-174 -251 8 1
-197 -270 4 1
-197 -270 3 1
-196 -294 12 1
-175 -280 19 0
-180 -279 18 0
-181 -278 18 0
-183 -284 18 0
-177 -280 17 0
-177 -279 17 0
-177 -278 18 0
-179 -278 16 0
-179 -277 16 0
-161 -280 15 0
-168 -280 14 1
-164 -280 13 0
-164 -281 13 0
-176 -282 21 0
-181 -282 20 0
-175 -281 18 0
-175 -281 19 0
-179 -279 18 0
-179 -279 19 0
-182 -284 18 0
-175 -278 18 0
-178 -278 16 0
-178 -277 16 0
-162 -283 9 1
-163 -283 11 1
-176 -281 20 0
-176 -280 20 0
-173 -281 19 0
-178 -279 19 0
-163 -282 13 0
-163 -279 17 0
-166 -279 18 0
-165 -281 19 0
-164 -283 10 1
-164 -283 9 1
-168 -280 9 1
-174 -283 20 0
-177 -279 19 0
-171 -284 18 0
-170 -285 19 0
-173 -279 18 0
-169 -280 10 2
-169 -280 9 1
-169 -281 11 1
-169 -281 9 1
-169 -282 11 1
-169 -282 10 2
-169 -282 9 1
-195 -254 36 1
-198 -251 36 2
-185 -257 10 0
-189 -254 13 0
-185 -264 11 0
-179 -259 11 0
-185 -256 6 1
-180 -251 7 0
-197 -288 14 0
-187 -262 9 0
-187 -261 9 0
-186 -261 10 0
-185 -260 11 0
-189 -266 11 0
-189 -260 10 0
-190 -258 11 0
-186 -263 9 0
-185 -263 9 0
-153 -252 14 0
-178 -251 3 1
-200 -287 15 0
-197 -292 14 0
-198 -293 14 0
-156 -251 13 0
-157 -252 13 0
-196 -285 14 0
-196 -284 14 0
-192 -292 14 1
-176 -252 3 1
-192 -271 7 2
-197 -251 12 0
-200 -279 13 0
-195 -298 17 0
-198 -294 18 0
-196 -294 19 0
-192 -298 18 0
-193 -297 19 0
-193 -290 18 0
-198 -297 18 0
-197 -297 19 0
-196 -296 19 0
-196 -293 20 0
-195 -293 20 0
-194 -300 19 0
-194 -299 20 0
-194 -298 20 0
-194 -297 20 0
-199 -295 20 0
-197 -299 21 0
-196 -298 21 0
-196 -297 21 0
-195 -296 21 0
-196 -252 24 0
-194 -266 6 0
-191 -254 8 1
-189 -256 8 2
-189 -254 8 1
-195 -253 6 0
-196 -253 6 1
-197 -253 6 1
-198 -253 6 1
-194 -266 5 1
-193 -258 5 2
-194 -265 2 1
-194 -265 3 2
-194 -259 4 2
-194 -259 5 2
-194 -259 6 2
-194 -258 4 2
-194 -258 5 2
-194 -258 6 1
-194 -257 4 2
-194 -257 5 2
-194 -257 6 1
-193 -259 4 1
-193 -259 5 2
-193 -259 6 1
-193 -258 4 1
-193 -258 6 1
-193 -257 4 1
-193 -257 5 2
-193 -257 6 1
-192 -259 4 1
-192 -259 5 2
-192 -259 6 1
-192 -258 4 1
-192 -258 5 2
-192 -258 6 1
-192 -257 4 1
-192 -257 5 2
-193 -254 6 0
-193 -255 6 1
-171 -268 6 1
-175 -270 6 1
-175 -271 6 1
-175 -272 6 1
-173 -264 8 0
-178 -270 9 0
-174 -266 9 0
-174 -262 10 0
-175 -264 9 0
-178 -267 10 0
-173 -264 11 0
-167 -273 25 0
-166 -273 24 0
-166 -258 7 1
-159 -256 6 1
-159 -255 6 1
-159 -254 6 1
-164 -259 7 1
-163 -259 7 1
-165 -252 6 1
-165 -252 7 1
-161 -258 6 1
-160 -258 6 1
-164 -255 5 1
-164 -255 6 2
-163 -255 5 1
-160 -252 8 1
-165 -254 8 0
-163 -253 8 1
-163 -259 6 1
-167 -255 12 0
-166 -252 12 0
-162 -252 10 0
-165 -251 9 0
-167 -252 8 0
-168 -254 6 2
-166 -252 6 1
-166 -252 7 1
-165 -254 12 0
-165 -253 13 0
-169 -255 12 0
-162 -254 12 0
-167 -253 11 0
-168 -252 11 0
-170 -257 11 0
-164 -253 10 0
-164 -252 10 0
-164 -251 10 0
-166 -251 6 2
-166 -251 7 1
-153 -251 6 1
-154 -264 11 1
-186 -268 6 1
-154 -251 6 1
-182 -268 7 0
-185 -269 8 0
-155 -251 6 1
-156 -264 10 2
-156 -265 10 2
-156 -265 9 2
-155 -264 10 2
-156 -256 10 0
-199 -269 12 1
-199 -269 11 1
-183 -251 9 0
-191 -293 13 1
-191 -293 11 1
-191 -294 13 1
-191 -294 11 1
-192 -292 13 1
-192 -292 12 2
-192 -292 11 1
-192 -293 13 1
-192 -293 11 1
-192 -294 13 1
-192 -294 12 1
-200 -282 10 1
-199 -284 8 1
-199 -284 9 2
-199 -284 10 1
-199 -283 8 1
-199 -283 10 1
-199 -282 8 1
-199 -282 9 1
-199 -282 10 1
-198 -284 8 1
-192 -272 4 1
-192 -273 6 1
-198 -295 18 0
-197 -296 19 0
-194 -300 18 0
-194 -299 18 0
-195 -298 19 0
-195 -292 18 0
-200 -299 18 0
-161 -269 24 0
-162 -277 23 0
-167 -271 23 0
-162 -273 22 0
-160 -272 23 0
-164 -268 22 0
-160 -276 22 0
-161 -270 22 0
-165 -271 21 0
-166 -270 21 0
-166 -269 21 0
-162 -269 20 0
-161 -277 20 0
-162 -272 21 0
-165 -276 19 1
-164 -276 19 1
-151 -268 12 0
-152 -268 12 0
-176 -282 8 2
-176 -282 9 1
-175 -282 7 1
-185 -288 10 2
-185 -287 8 1
-185 -287 9 2
-185 -287 10 1
-185 -280 8 2
-185 -280 9 1
-185 -280 10 1
-180 -286 9 1
-184 -284 11 1
-180 -269 13 0
-180 -269 14 0
-178 -265 14 0
-177 -269 12 0
-177 -270 14 0
-183 -266 12 0
-184 -262 14 0
-200 -253 34 2
-200 -252 32 2
-197 -256 33 0
-158 -277 12 0
-160 -282 12 0
-155 -276 14 0
-156 -276 13 0
-157 -276 13 0
-158 -276 13 0
-187 -260 9 0
-188 -264 7 0
-187 -264 7 0
-185 -261 8 0
-184 -261 9 0
-191 -261 5 1
-191 -261 6 1
-191 -266 8 1
-175 -280 12 0
-182 -255 6 1
-197 -261 13 0
-197 -253 39 1
-198 -253 40 0
-198 -254 41 0
-182 -252 8 0
-158 -252 16 0
-151 -254 16 0
-180 -254 9 0
-160 -252 13 0
-161 -252 14 0
-200 -276 6 1
-158 -251 9 0
-158 -251 8 0
-199 -261 7 1
-176 -300 11 0
-198 -260 7 0
-159 -266 8 1
-167 -273 26 0
-166 -276 24 0
-166 -277 25 0
-165 -277 25 0
-165 -278 26 0
-170 -275 26 0
-165 -274 24 0
-164 -274 25 0
-164 -273 25 0
-168 -279 25 0
-173 -256 8 0
-172 -257 8 0
-169 -253 9 0
-175 -259 9 0
-173 -259 8 0
-172 -258 8 0
-173 -254 10 0
-174 -257 11 0
-173 -257 10 0
-158 -285 12 0
-159 -285 11 0
-159 -285 10 0
-154 -284 20 0
-157 -286 19 0
-155 -282 18 0
-155 -282 19 0
-154 -285 16 0
-154 -286 18 0
-153 -287 19 0
-178 -292 20 0
-179 -291 19 0
-182 -290 20 0
-180 -287 20 0
-180 -293 22 0
-152 -279 15 0
-180 -292 21 0
-183 -288 22 0
-182 -288 22 0
-152 -288 14 0
-181 -289 21 0
-180 -289 19 0
-179 -286 23 0
-179 -287 22 0
-181 -290 23 0
-180 -290 22 0
-169 -267 8 2
-169 -267 7 1
-181 -252 9 0
-177 -252 11 0
-178 -252 10 0
-183 -253 12 0
-183 -253 11 0
-182 -253 10 0
-181 -253 9 0
-180 -251 12 0
-180 -251 11 0
-175 -254 3 1
-175 -254 4 2
-175 -254 5 1
-193 -277 6 1
-193 -277 7 1
-193 -276 6 1
-193 -276 7 1
-193 -276 8 1
-193 -275 6 2
-155 -286 11 0
-155 -286 12 0
-196 -262 25 0
-200 -258 8 0
-199 -260 23 0
-197 -264 25 0
-198 -262 24 0
-199 -252 9 2
-195 -257 8 0
-194 -257 8 0
-193 -258 9 0
-182 -288 8 1
-163 -286 13 0
-175 -273 10 1
-175 -275 10 1
-177 -276 9 1
-177 -276 8 2
-177 -276 7 1
-153 -262 10 2
-177 -277 14 0
-177 -277 15 0
-171 -275 15 0
-175 -278 12 0
-175 -279 13 0
-175 -280 14 0
-176 -281 15 0
-171 -280 13 1
-171 -280 14 1
-171 -280 15 1
-169 -285 15 0
-165 -282 14 0
-159 -276 16 0
-160 -275 16 0
-160 -269 15 0
-160 -270 16 0
-152 -277 7 1
-152 -277 8 1
-152 -277 9 1
-152 -276 7 1
-167 -278 15 1
-165 -272 17 1
-165 -273 17 1
-165 -274 17 1
-166 -272 17 1
-155 -275 11 0
-156 -273 8 1
-153 -274 15 0
-153 -274 16 0
-153 -274 17 0
-157 -266 7 1
-156 -267 12 0
-157 -266 12 0
-156 -265 14 0
-161 -268 15 0
-157 -262 15 0
-159 -266 9 1
-178 -300 10 0
-159 -265 9 1
-159 -264 7 1
-197 -254 12 0
-196 -255 13 0
-172 -266 11 0
-181 -275 9 1
-181 -276 9 1
-181 -276 8 1
-181 -276 7 1
-181 -271 9 0
-182 -275 9 0
-181 -274 10 0
-180 -273 10 0
-179 -277 10 0
-184 -272 11 0
-183 -272 11 0
-182 -272 11 0
-181 -276 12 0
-181 -275 11 0
-180 -275 11 0
-180 -274 11 0
-179 -273 11 0
-178 -275 12 0
-183 -274 13 0
-182 -273 13 0
-181 -273 12 0
-180 -273 12 0
-181 -268 14 0
-180 -270 13 0
-180 -276 14 0
-179 -274 12 0
-182 -271 15 0
-181 -272 14 0
-181 -272 13 0
-180 -272 13 0
-178 -273 12 0
-178 -269 15 0
-180 -274 16 0
-180 -273 15 0
-180 -273 14 0
-177 -272 16 0
-178 -272 15 0
-178 -272 14 0
-182 -273 8 1
-182 -273 7 1
-182 -273 6 1
-176 -273 6 1
-177 -273 6 1
-178 -273 6 1
-179 -275 8 1
-179 -275 7 1
-188 -255 2 1
-186 -265 10 0
-191 -266 21 0
-197 -266 22 0
-191 -252 8 0
-190 -251 7 0
-186 -291 10 1
-187 -285 11 1
-187 -285 10 2
-190 -287 13 1
-200 -276 18 0
-190 -287 11 1
-190 -288 13 1
-190 -289 13 1
-191 -287 13 1
-191 -287 12 2
-191 -287 11 1
-191 -288 13 1
-189 -265 2 1
-189 -265 3 1
-189 -265 4 2
-177 -274 8 1
-177 -274 9 1
-177 -273 7 1
-196 -252 11 0
-197 -252 11 0
-185 -257 7 0
-181 -264 7 0
-182 -264 6 0
-183 -263 5 1
-185 -265 3 1
-184 -265 4 2
-182 -261 6 0
-173 -275 15 0
-173 -275 16 0
-163 -261 13 0
-164 -259 14 0
-180 -254 8 0
-198 -266 19 0
-196 -265 22 0
-168 -271 7 1
-172 -267 6 2
-172 -268 6 1
-172 -269 6 1
-164 -270 9 2
-164 -273 12 1
-164 -273 11 2
-164 -273 10 1
-165 -273 12 1
-165 -273 11 1
-165 -273 10 1
-166 -271 12 1
-166 -272 12 1
-166 -272 11 2
-166 -272 10 1
-166 -273 12 1
-166 -273 11 1
-180 -254 5 2
-166 -273 10 1
-164 -268 12 0
-165 -271 13 1
-166 -270 12 0
-167 -272 15 1
-167 -271 14 0
-168 -269 16 0
-199 -267 30 0
-189 -273 10 0
-178 -256 4 1
-179 -257 6 0
-179 -257 5 1
-196 -259 29 0
-197 -265 27 0
-197 -266 28 0
-187 -268 7 0
-188 -271 5 2
-188 -272 6 2
-188 -272 5 1
-188 -273 5 1
-194 -266 11 0
-188 -265 7 1
-195 -256 34 0
-196 -255 35 0
-157 -266 11 1
-197 -283 11 1
-187 -263 8 0
-186 -263 8 0
-186 -264 8 0
-198 -268 10 2
-198 -268 11 2
-198 -268 12 1
-200 -269 11 1
-197 -287 12 0
-159 -258 10 2
-159 -258 9 2
-159 -259 10 1
-160 -259 9 2
-168 -299 10 0
-186 -288 14 1
-188 -283 14 0
-182 -290 15 0
-185 -289 16 0
-184 -287 14 1
-183 -283 8 1
-182 -281 12 0
-179 -276 12 0
-198 -265 26 0
-196 -269 13 1
-198 -290 13 0
-199 -290 13 0
-200 -290 13 0
-154 -251 12 0
-154 -252 12 0
-196 -294 13 1
-197 -287 13 0
-198 -286 13 0
-198 -286 12 0
-157 -265 9 2
-157 -265 8 2
-157 -266 10 1
-157 -266 9 1
-162 -264 10 0
-161 -264 10 1
-165 -283 9 1
-165 -284 11 1
-165 -284 10 2
-165 -284 9 1
-170 -280 16 2
-171 -280 16 1
-172 -280 16 1
-172 -280 15 1
-176 -275 16 0
-173 -278 17 0
-166 -273 18 1
-166 -274 18 1
-161 -276 13 0
-155 -276 12 0
-157 -275 13 0
-160 -280 13 0
-160 -279 13 0
-156 -271 13 0
-157 -277 14 0
-158 -276 14 0
-160 -270 14 0
-163 -279 15 0
-161 -277 14 0
-159 -279 15 0
-164 -277 16 1
-161 -279 17 0
-158 -277 17 0
-158 -276 12 0
-159 -275 13 1
-156 -275 11 1
-156 -275 10 1
-156 -275 9 2
-156 -276 11 1
-156 -276 10 1
-156 -276 9 1
-156 -277 11 1
-156 -277 10 1
-156 -277 9 2
-157 -275 11 1
-157 -275 10 2
-157 -275 9 1
-157 -276 9 1
-157 -277 11 1
-157 -277 10 1
-157 -277 9 2
-158 -276 11 1
-158 -276 10 2
-158 -276 9 1
-158 -277 11 1
-158 -277 10 2
-158 -277 9 1
-157 -276 10 2
-160 -274 13 1
-160 -271 11 2
-160 -271 10 2
-160 -271 9 1
-161 -271 11 1
-161 -271 10 2
-161 -271 9 1
-161 -272 11 1
-161 -272 9 1
-161 -273 11 1
-161 -273 10 2
-161 -273 9 1
-162 -269 13 0
-160 -269 10 1
-160 -268 10 1
-160 -267 10 1
-159 -264 16 0
-159 -264 17 0
-161 -265 14 0
-161 -265 15 0
-160 -262 15 0
-160 -261 16 0
-158 -266 16 0
-159 -263 13 0
-192 -288 20 0
-193 -288 19 0
-193 -288 18 0
-190 -254 14 0
-192 -255 12 0
-184 -264 11 0
-169 -272 9 1
-189 -270 10 0
-184 -268 10 0
-181 -272 10 0
-181 -271 10 0
-180 -270 10 0
-178 -270 11 0
-180 -271 13 0
-179 -271 12 0
-179 -270 11 0
-182 -267 13 0
-181 -267 13 0
-199 -265 30 0
-197 -258 31 0
-152 -263 9 1
-153 -263 11 1
-153 -263 10 1
-197 -260 34 0
-184 -289 18 0
-179 -290 18 0
-197 -257 33 0
-197 -258 40 0
-173 -257 4 2
-173 -257 3 1
-174 -257 5 1
-174 -257 4 1
-174 -257 3 1
-175 -257 5 1
-167 -261 5 1
-168 -261 5 1
-173 -260 5 1
-161 -273 22 0
-165 -269 24 0
-164 -269 24 0
-164 -270 23 0
-159 -270 25 0
-160 -271 24 0
-161 -272 23 0
-161 -274 25 0
-162 -270 26 0
-162 -270 25 0
-163 -277 17 0
-164 -262 14 0
-164 -260 12 0
-167 -258 15 0
-166 -258 14 0
-165 -258 13 0
-164 -258 12 0
-177 -256 8 0
-175 -260 8 0
-177 -259 8 0
-177 -258 8 0
-179 -252 8 0
-179 -253 8 0
-179 -254 8 0
-179 -255 8 0
-195 -287 14 0
-196 -286 15 0
-197 -286 15 0
-195 -261 8 0
-196 -261 9 0
-180 -253 6 1
-155 -253 16 0
-198 -264 14 0
-195 -262 15 0
-183 -263 4 2
-183 -263 3 2
-152 -259 13 1
-183 -264 4 2
-162 -272 17 1
-162 -272 18 1
-170 -252 7 0
-168 -257 8 0
-169 -257 7 1
-170 -259 6 1
-166 -260 5 1
-169 -271 15 0
-168 -271 16 0
-168 -273 14 1
-168 -273 15 1
-171 -275 14 1
-165 -273 13 2
-166 -274 13 1
-166 -274 14 1
-166 -273 13 2
-166 -273 14 1
-166 -272 13 1
-166 -272 14 1
-165 -274 12 1
-165 -274 13 1
-165 -274 14 1
-165 -273 14 1
-165 -272 13 2
-165 -272 14 2
-164 -274 12 1
-164 -274 13 1
-164 -274 14 1
-164 -273 13 2
-164 -273 14 1
-164 -272 13 1
-164 -272 14 1
-168 -276 12 1
-177 -280 19 0
-167 -276 12 1
-167 -276 13 1
-165 -269 12 1
-164 -270 13 0
-167 -265 11 0
-186 -266 12 0
-187 -267 14 0
-184 -267 13 0
-159 -264 8 2
-159 -264 9 1
-198 -277 7 2
-200 -271 16 0
-197 -278 6 1
-196 -277 7 2
-198 -276 8 1
-199 -275 9 0
-197 -274 10 0
-200 -255 8 0
-198 -274 10 0
-196 -275 9 1
-195 -274 10 0
-189 -254 11 0
-199 -267 16 0
-191 -254 13 0
-199 -268 15 0
-187 -256 5 2
-187 -256 4 1
-187 -256 3 1
-188 -256 3 1
-187 -255 6 1
-172 -253 2 1
-172 -254 2 1
-187 -285 9 2
-187 -286 10 2
-187 -286 9 2
-168 -266 13 0
-169 -266 13 0
-181 -281 10 1
-178 -281 21 0
-173 -285 20 0
-172 -286 20 0
-171 -286 21 0
-178 -285 20 0
-179 -286 20 0
-180 -286 21 0
-197 -254 35 0
-198 -255 34 0
-198 -255 33 0
-154 -255 8 2
-174 -264 7 1
-174 -264 6 2
-174 -264 5 2
-174 -265 7 1
-174 -265 6 2
-174 -265 5 2
-163 -258 7 2
-163 -258 6 1
-164 -256 7 1
-164 -256 6 2
-164 -257 7 1
-164 -257 6 2
-164 -258 7 2
-164 -258 6 1
-196 -254 32 0
-198 -257 34 0
-165 -253 9 0
-177 -280 12 0
-170 -279 12 1
-177 -276 12 0
-179 -275 14 0
-177 -275 17 0
-177 -275 16 0
-177 -274 6 1
-178 -274 6 1
-182 -276 9 0
-181 -275 10 0
-179 -278 10 0
-183 -274 11 0
-180 -276 12 0
-180 -275 12 0
-183 -271 12 0
-183 -275 13 0
-189 -296 20 0
-189 -297 20 0
-189 -298 20 0
-189 -299 19 0
-190 -293 20 0
-171 -262 8 1
-170 -264 6 1
-170 -263 6 2
-170 -262 6 2
-169 -264 6 1
-169 -263 6 1
-169 -262 6 1
-165 -269 7 1
-167 -267 10 0
-171 -268 7 1
-171 -268 8 2
-178 -274 7 1
-180 -274 9 1
-180 -275 9 1
-180 -276 9 1
-180 -276 8 2
-180 -276 7 1
-181 -274 9 1
-198 -259 6 0
-182 -287 11 2
-178 -270 14 0
-177 -270 15 0
-180 -271 14 0
-180 -271 15 0
-179 -268 13 0
-178 -267 15 0
-178 -271 12 0
-181 -270 13 0
-181 -269 13 0
-182 -269 14 0
-179 -271 11 0
-179 -272 12 0
-179 -273 13 0
-173 -259 6 1
-173 -254 6 0
-172 -254 6 1
-171 -255 7 1
-171 -256 7 1
-180 -287 13 1
-180 -287 14 2
-184 -283 13 0
-185 -282 13 0
-156 -254 7 1
-156 -254 8 1
-184 -286 13 0
-185 -288 13 1
-183 -281 13 0
-183 -284 12 0
-184 -284 12 0
-185 -284 12 0
-186 -284 12 0
-187 -284 12 0
-182 -288 12 2
-154 -256 7 1
-183 -289 11 1
-153 -262 9 1
-153 -262 8 1
-154 -260 10 2
-154 -260 9 2
-154 -260 8 2
-154 -261 10 2
-154 -261 9 2
-154 -261 8 2
-154 -262 10 1
-195 -287 12 0
-199 -292 12 0
-197 -290 13 0
-184 -260 6 0
-183 -260 5 1
-198 -264 6 2
-180 -265 2 1
-174 -274 11 0
-174 -275 10 1
-176 -269 7 1
-176 -269 8 1
-172 -275 8 1
-171 -275 8 1
-200 -260 9 0
-197 -255 2 1
-197 -255 3 2
-158 -264 13 0
-162 -259 14 0
-162 -260 13 0
-161 -262 12 0
-165 -286 11 0
-164 -285 13 0
-164 -280 17 0
-167 -280 18 0
-166 -282 17 0
-168 -287 12 0
-164 -280 9 1
-166 -287 11 0
-166 -285 13 0
-167 -287 15 0
-165 -281 17 0
-167 -283 18 0
-160 -273 17 0
-166 -264 7 1
-167 -264 9 1
-167 -264 8 2
-172 -252 7 1
-168 -262 9 2
-168 -262 8 1
-181 -285 13 2
-181 -286 13 2
-181 -286 12 2
-181 -286 11 2
-179 -279 13 0
-185 -284 14 0
-184 -284 13 0
-183 -284 13 0
-182 -279 14 0
-182 -280 14 0
-182 -280 13 0
-181 -281 13 0
-182 -287 15 1
-181 -286 14 1
-181 -285 14 1
-181 -284 13 1
-184 -282 15 0
-183 -282 15 0
-183 -282 14 0
-182 -282 13 0
-179 -285 16 0
-179 -285 15 1
-180 -280 16 0
-180 -281 15 0
-180 -282 14 0
-182 -284 16 0
-182 -284 15 0
-181 -284 15 0
-181 -283 14 0
-179 -283 17 0
-180 -283 15 1
-171 -275 9 1
-171 -275 10 2
-171 -275 11 1
-171 -259 6 1
-171 -258 6 1
-170 -258 7 1
-171 -253 7 0
-190 -260 6 2
-191 -274 11 0
-162 -254 8 1
-162 -253 6 2
-162 -253 7 2
-162 -253 8 1
-161 -255 6 1
-161 -254 6 2
-161 -253 6 1
-160 -255 6 1
-160 -254 6 1
-160 -253 6 1
-162 -258 8 1
-162 -258 9 2
-162 -257 8 2
-193 -266 17 0
-172 -279 8 1
-179 -255 3 1
-179 -255 4 2
-179 -255 5 1
-179 -254 3 2
-197 -284 12 0
-200 -283 12 0
-196 -278 10 0
-160 -262 8 2
-179 -254 4 2
-179 -254 5 2
-176 -260 3 1
-176 -260 4 1
-176 -260 5 1
-176 -259 3 1
-196 -268 14 0
-197 -276 11 0
-193 -271 14 0
-192 -271 14 0
-187 -253 8 0
-195 -273 11 1
-195 -278 12 0
-180 -287 10 1
-199 -262 5 2
-189 -263 5 1
-187 -263 6 0
-187 -259 5 2
-187 -260 5 2
-187 -259 4 2
-187 -258 4 1
-186 -259 6 1
-186 -258 4 2
-186 -258 5 2
-183 -264 2 1
-183 -264 3 2
-165 -255 14 0
-166 -259 12 0
-161 -254 13 0
-166 -257 12 0
-164 -255 11 0
-164 -254 11 0
-164 -253 11 0
-166 -259 11 1
-167 -259 11 1
-168 -259 11 0
-165 -256 10 0
-166 -255 10 0
-168 -261 8 1
-168 -260 8 1
-163 -256 10 1
-162 -254 9 0
-165 -258 10 1
-165 -258 9 2
-179 -280 7 1
-179 -280 8 2
-179 -280 9 1
-179 -279 7 1
-179 -279 8 1
-184 -290 13 1
-188 -289 14 2
-190 -284 15 0
-189 -284 14 0
-188 -285 14 0
-187 -292 12 1
-182 -264 4 2
-177 -255 7 0
-178 -256 7 0
-179 -256 8 0
-177 -262 8 0
-178 -261 8 0
-179 -260 8 0
-181 -255 8 0
-181 -256 8 0
-200 -286 9 2
-176 -257 9 0
-179 -258 8 0
-185 -256 9 0
-180 -262 9 0
-180 -261 9 0
-179 -254 10 0
-179 -255 9 0
-180 -257 9 0
-177 -260 10 0
-199 -296 12 1
-199 -296 13 1
-200 -267 13 0
-197 -266 12 0
-164 -258 14 0
-192 -287 12 2
-188 -283 11 0
-188 -292 10 1
-192 -260 8 0
-191 -286 12 1
-192 -286 11 1
-193 -286 11 1
-191 -285 8 1
-192 -258 9 0
-185 -259 3 1
-185 -259 2 1
-185 -260 4 1
-185 -260 3 2
-192 -285 8 1
-193 -283 10 1
-193 -283 9 1
-193 -283 8 1
-193 -284 10 1
-195 -277 14 0
-200 -277 15 0
-158 -260 15 0
-160 -255 16 0
-160 -256 15 0
-160 -256 14 0
-161 -259 16 0
-161 -259 15 0
-159 -258 16 0
-196 -251 33 0
-193 -251 33 0
-193 -251 34 0
-196 -253 33 0
-195 -253 34 0
-187 -252 8 0
-186 -252 8 0
-198 -253 8 0
-199 -253 9 1
-195 -277 11 0
-161 -258 9 2
-195 -256 39 0
-199 -252 41 0
-199 -252 40 0
-200 -279 14 0
-200 -282 17 0
-200 -255 39 0
-199 -259 35 0
-196 -255 39 0
-156 -255 9 1
-199 -256 36 0
-156 -255 7 1
-156 -262 11 1
-200 -258 39 0
-154 -286 17 0
-155 -286 17 0
-189 -272 9 0
-187 -268 6 1
-184 -266 6 1
-183 -267 5 1
-185 -266 14 0
-198 -282 7 1
-198 -283 7 1
-199 -282 7 1
-199 -283 7 1
-185 -266 15 0
-181 -282 9 2
-181 -282 8 1
-181 -282 7 1
-181 -283 9 2
-167 -263 7 1
-166 -262 8 2
-161 -265 10 1
-167 -262 12 0
-170 -260 15 0
-170 -260 14 0
-166 -262 14 0
-169 -262 15 0
-168 -262 15 0
-165 -252 5 2
-165 -253 7 1
-165 -253 6 2
-165 -253 5 2
-165 -254 7 1
-165 -254 6 2
-165 -254 5 1
-195 -286 11 1
-195 -266 12 0
-193 -265 13 0
-198 -252 21 2
-198 -252 22 2
-192 -287 10 1
-192 -287 9 2
-173 -273 13 0
-172 -273 16 0
-172 -273 17 0
-174 -273 14 0
-187 -281 14 0
-173 -286 7 1
-173 -287 9 1
-173 -287 8 1
-173 -287 7 1
-174 -285 7 1
-174 -286 7 1
-174 -287 9 1
-174 -287 8 1
-174 -287 7 1
-198 -284 9 1
-198 -284 10 2
-199 -296 14 2
-199 -295 12 2
-192 -268 11 0
-199 -267 11 1
-199 -263 5 2
-199 -263 4 2
-200 -261 6 1
-200 -261 5 1
-200 -262 6 2
-200 -262 4 2
-200 -263 6 2
-200 -263 5 1
-200 -263 4 2
-195 -254 9 0
-200 -280 14 0
-197 -283 13 0
-195 -284 15 0
-198 -279 11 0
-200 -283 11 0
-197 -279 7 1
-197 -280 9 1
-199 -284 13 0
-198 -284 13 0
-198 -285 13 0
-199 -280 10 1
-198 -281 8 1
-161 -270 18 0
-161 -268 17 0
-160 -275 17 0
-160 -276 17 0
-160 -272 18 0
-158 -271 16 0
-163 -275 17 1
-163 -276 16 1
-162 -270 16 0
-163 -270 16 0
-159 -274 15 0
-163 -274 16 2
-163 -273 16 2
-163 -272 16 2
-162 -274 16 1
-162 -273 16 2
-162 -272 16 1
-161 -272 18 1
-161 -272 17 1
-199 -273 9 1
-194 -251 38 0
-196 -268 8 2
-197 -269 8 2
-178 -284 19 0
-179 -284 20 0
-174 -283 18 0
-173 -282 19 0
-176 -286 18 0
-176 -287 18 0
-196 -297 14 1
-195 -299 15 1
-168 -272 8 1
-189 -286 19 0
-194 -285 17 0
-194 -285 18 0
-194 -284 18 0
-188 -289 18 0
-191 -285 16 0
-190 -283 17 0
-193 -284 16 0
-193 -283 16 0
-191 -287 19 0
-191 -287 20 0
-197 -256 16 0
-175 -286 18 0
-199 -255 14 0
-199 -254 14 0
-198 -253 15 0
-175 -263 9 0
-199 -253 11 1
-174 -262 8 0
-174 -261 8 0
-188 -251 17 0
-199 -293 19 0
-172 -262 11 0
-174 -257 10 0
-185 -259 11 0
-185 -258 11 0
-154 -260 7 1
-184 -262 10 0
-183 -262 11 0
-183 -263 12 0
-187 -260 10 0
-183 -283 16 0
-183 -282 17 0
-182 -287 16 0
-187 -284 17 0
-184 -286 14 0
-184 -288 15 0
-184 -289 16 0
-184 -283 14 0
-185 -282 15 0
-185 -281 16 0
-180 -286 15 1
-182 -281 14 0
-182 -289 14 1
-186 -283 14 0
-189 -254 6 1
-189 -254 7 1
-189 -252 7 0
-189 -253 7 1
-161 -262 6 1
-160 -264 6 1
-185 -251 6 1
-191 -251 7 0
-192 -251 6 0
-192 -252 6 0
-193 -252 5 0
-196 -251 5 2
-188 -251 6 0
-188 -252 6 1
-188 -253 5 2
-187 -254 5 2
-196 -252 5 1
-190 -287 16 1
-190 -287 17 0
-189 -287 18 0
-189 -287 19 0
-169 -252 8 0
-170 -257 8 0
-171 -257 8 0
-160 -273 12 1
-161 -271 12 1
-161 -272 12 1
-161 -273 14 1
-161 -273 13 1
-161 -273 12 1
-162 -271 14 1
-162 -271 12 1
-162 -272 12 1
-162 -273 12 1
-161 -272 13 2
-192 -270 19 0
-196 -265 11 0
-197 -265 11 0
-194 -265 11 0
-194 -266 10 0
-193 -267 9 0
-193 -269 19 0
-192 -269 9 1
-192 -268 9 1
-164 -277 14 1
-155 -275 14 0
-156 -275 15 0
-157 -274 15 0
-158 -274 15 0
-160 -278 15 0
-160 -277 15 0
-156 -271 15 0
-158 -273 16 0
-157 -277 16 0
-161 -272 16 1
-194 -294 11 1
-199 -289 12 0
-151 -259 14 0
-154 -257 15 0
-154 -257 16 0
-153 -258 14 0
-154 -259 14 0
-156 -259 15 0
-153 -252 19 0
-153 -252 18 0
-199 -258 40 0
-188 -260 7 1
-151 -251 15 0
-186 -262 8 0
-192 -260 9 0
-191 -260 9 1
-196 -253 4 1
-198 -255 37 0
-191 -252 7 0
-192 -253 7 0
-187 -254 7 1
-197 -258 8 0
-195 -258 36 0
-198 -264 15 0
-198 -265 15 0
-179 -263 5 1
-196 -275 17 0
-173 -271 7 1
-174 -271 7 1
-175 -269 8 1
-175 -269 7 2
-175 -270 9 1
-175 -270 8 2
-175 -270 7 1
-175 -271 9 1
-155 -252 12 0
-154 -252 13 0
-152 -255 13 0
-152 -254 13 1
-174 -269 10 0
-171 -265 9 0
-176 -272 10 0
-174 -271 11 0
-155 -254 14 0
-152 -255 9 1
-153 -254 10 0
-177 -270 11 0
-176 -270 11 0
-154 -255 13 0
-153 -256 15 0
-151 -256 18 0
-151 -256 17 0
-168 -269 12 1
-175 -268 13 0
-156 -252 16 0
-174 -269 12 0
-171 -273 13 0
-170 -265 13 0
-153 -254 17 0
-153 -253 16 0
-153 -252 15 0
-168 -271 14 0
-169 -271 14 0
-174 -266 14 0
-173 -268 13 0
-154 -287 17 0
-151 -282 17 0
-151 -283 17 0
-152 -283 16 0
-156 -284 18 0
-152 -287 19 0
-152 -286 18 0
-153 -281 19 0
-153 -282 18 0
-153 -282 17 0
-153 -283 16 0
-155 -286 19 0
-172 -270 13 0
-200 -295 11 2
-199 -296 11 1
-199 -254 12 1
-198 -258 13 0
-197 -253 14 0
-196 -254 13 0
-198 -256 15 0
-198 -256 14 0
-193 -259 15 0
-189 -283 10 1
-199 -251 7 2
-200 -251 7 2
-193 -267 18 0
-197 -266 20 0
-197 -266 19 0
-198 -266 18 0
-195 -265 20 0
-188 -253 1 1
-188 -252 1 1
-188 -251 1 1
-187 -253 1 1
-187 -252 1 1
-187 -251 1 1
-186 -266 10 0
-187 -263 11 0
-186 -263 11 0
-185 -265 11 0
-200 -294 15 1
-177 -273 13 0
-195 -264 26 0
-194 -268 24 0
-194 -268 25 0
-200 -296 11 2
-184 -283 12 0
-182 -278 12 0
-182 -279 12 0
-182 -280 12 0
-184 -287 12 1
-184 -287 13 1
-163 -270 8 1
-163 -270 7 1
-162 -269 8 2
-168 -267 9 1
-167 -266 10 0
-166 -265 10 0
-166 -260 11 1
-166 -260 9 2
-166 -261 11 1
-166 -261 10 1
-193 -252 4 1
-193 -252 3 2
-193 -252 2 1
-168 -266 14 0
-173 -267 15 0
-172 -267 14 0
-170 -259 10 1
-171 -258 9 0
-170 -261 9 1
-171 -261 8 1
-172 -261 8 0
-170 -266 6 1
-170 -274 19 0
-199 -262 32 0
-200 -265 34 0
-200 -264 33 0
-200 -263 33 0
-199 -257 34 0
-200 -251 25 2
-152 -258 16 0
-199 -282 16 0
-199 -282 15 0
-199 -282 14 0
-197 -281 18 0
-197 -281 17 0
-188 -261 4 1
-188 -261 3 2
-188 -261 2 1
-188 -262 4 1
-179 -276 8 1
-179 -276 7 1
-186 -266 11 0
-171 -265 12 0
-171 -269 17 0
-196 -256 32 0
-200 -256 34 0
-187 -252 4 1
-178 -300 9 0
-187 -251 4 1
-163 -254 10 0
-162 -255 10 0
-162 -255 11 0
-161 -256 11 0
-186 -264 10 0
-165 -258 11 1
-160 -254 12 0
-160 -255 12 0
-160 -256 12 0
-162 -260 12 0
-164 -255 13 0
-158 -267 11 0
-200 -278 14 0
-198 -279 15 0
-198 -280 16 0
-198 -281 17 0
-196 -279 15 0
-165 -262 7 1
-165 -262 8 2
-162 -261 7 1
-195 -285 13 0
-162 -259 7 1
-158 -263 7 1
-163 -264 7 1
-163 -264 8 2
-163 -265 15 0
-160 -266 15 0
-163 -263 12 0
-164 -263 13 0
-164 -263 14 0
-165 -263 15 0
-162 -264 12 0
-190 -288 8 1
-189 -287 9 2
-183 -289 9 1
-183 -289 8 1
-197 -257 4 1
-197 -256 2 1
-164 -266 9 1
-164 -266 8 2
-164 -266 7 1
-191 -254 9 1
-192 -255 10 0
-152 -262 12 0
-200 -255 37 0
-196 -255 38 0
-199 -291 16 0
-188 -252 8 0
-187 -251 18 0
-189 -251 15 0
-197 -278 12 0
-194 -276 10 0
-200 -276 10 0
-199 -276 11 0
-194 -281 10 0
-194 -251 33 0
-195 -279 12 0
-191 -258 8 1
-200 -251 24 2
-200 -251 23 2
-200 -251 22 2
-200 -251 21 2
-200 -251 20 2
-200 -251 19 2
-200 -251 18 2
-200 -251 17 2
-200 -251 16 2
-200 -251 15 2
-200 -251 14 2
-199 -277 10 0
-195 -252 14 0
-200 -277 10 0
-193 -251 36 0
-191 -251 34 0
-192 -252 38 0
-194 -251 39 0
-194 -252 35 0
-194 -251 36 0
-196 -251 37 1
-195 -251 39 1
-197 -251 37 2
-165 -288 17 0
-164 -281 18 0
-164 -282 17 0
-164 -283 17 0
-165 -284 16 0
-170 -287 18 0
-161 -287 18 0
-162 -286 18 0
-163 -286 17 0
-164 -286 17 0
-165 -286 16 0
-167 -282 18 0
-167 -289 19 0
-166 -288 18 0
-166 -287 17 0
-200 -256 2 1
-200 -257 4 1
-200 -257 3 2
-187 -255 11 0
-191 -254 12 0
-169 -262 12 0
-163 -259 9 2
-174 -251 11 0
-159 -262 6 1
-200 -268 26 0
-200 -267 26 0
-199 -266 26 0
-199 -265 26 0
-193 -263 27 0
-180 -283 13 1
-199 -281 9 1
-199 -281 8 2
-199 -281 7 1
-200 -281 9 2
-200 -281 8 1
-200 -281 7 1
-196 -280 10 0
-197 -280 11 0
-194 -280 9 1
-194 -280 8 1
-194 -280 7 1
-194 -281 9 1
-194 -281 8 1
-194 -281 7 1
-194 -282 9 1
-194 -282 8 1
-194 -282 7 1
-195 -280 9 1
-195 -280 8 1
-195 -280 7 1
-195 -281 9 1
-195 -264 10 0
-156 -258 9 1
-164 -272 27 0
-165 -273 24 0
-166 -276 27 0
-163 -274 27 0
-164 -274 26 0
-163 -274 22 1
-163 -274 21 1
-163 -275 20 1
-163 -276 22 1
-165 -272 22 1
-165 -272 20 1
-162 -273 20 1
-163 -278 20 0
-164 -270 20 0
-164 -271 20 0
-163 -275 22 1
-168 -271 21 0
-167 -272 21 1
-190 -292 15 0
-191 -292 15 0
-196 -290 16 0
-184 -256 11 0
-183 -254 10 0
-193 -288 14 0
-194 -284 16 0
-186 -251 12 0
-181 -254 12 0
-192 -286 15 0
-192 -287 14 0
-196 -255 2 1
-194 -271 13 0
-197 -272 10 2
-196 -272 11 2
-196 -272 12 1
-192 -273 10 1
-193 -273 11 0
-193 -273 12 0
-194 -272 13 0
-195 -270 12 1
-196 -275 11 0
-196 -274 12 0
-195 -274 12 0
-198 -264 5 2
-195 -268 3 2
-200 -262 28 0
-195 -262 27 0
-196 -262 27 0
-200 -261 8 0
-197 -262 28 0
-198 -262 28 0
-200 -267 28 0
-169 -259 11 0
-165 -257 11 0
-166 -257 10 1
-166 -256 10 0
-167 -255 10 0
-163 -255 9 0
-151 -254 9 1
-151 -254 8 1
-151 -254 7 1
-151 -255 8 2
-151 -255 7 1
-152 -253 9 1
-154 -254 10 0
-153 -255 11 0
-151 -260 12 0
-155 -256 13 0
-154 -256 13 0
-153 -254 14 0
-155 -257 15 0
-154 -255 17 0
-199 -256 13 0
-200 -261 35 0
-197 -261 35 0
-200 -263 34 0
-164 -254 8 1
-164 -255 8 1
-199 -258 15 0
-164 -259 6 1
-165 -259 7 1
-165 -259 6 2
-200 -260 16 0
-166 -253 8 0
-200 -257 18 0
-200 -258 17 0
-164 -251 9 0
-168 -274 21 1
-174 -275 22 0
-169 -278 22 1
-170 -276 20 2
-171 -273 22 0
-171 -274 21 0
-173 -277 23 0
-172 -276 22 0
-171 -276 19 1
-170 -275 23 0
-171 -275 19 1
-172 -255 4 2
-172 -256 4 2
-188 -275 9 0
-194 -274 4 1
-162 -255 7 2
-162 -255 6 1
-164 -256 9 1
-163 -257 9 2
-162 -257 10 1
-159 -254 10 0
-159 -255 10 1
-163 -259 11 1
-164 -259 10 1
-164 -259 9 2
-164 -260 11 1
-164 -261 11 1
-165 -259 10 1
-165 -259 9 2
-157 -261 16 0
-156 -261 15 0
-189 -284 8 1
-188 -286 12 1
-189 -285 12 1
-189 -286 11 1
-190 -285 13 1
-198 -272 15 0
-190 -285 11 1
-195 -295 9 2
-188 -257 3 1
-176 -253 2 1
-161 -288 12 0
-161 -287 13 0
-157 -284 12 0
-158 -284 13 0
-159 -284 14 0
-158 -289 13 0
-159 -288 13 0
-198 -268 2 1
-199 -266 3 1
-199 -266 2 1
-198 -267 3 2
-196 -268 5 1
-196 -268 4 1
-196 -268 3 2
-196 -269 5 2
-196 -269 4 1
-196 -269 3 1
-196 -270 5 1
-196 -270 4 1
-196 -270 3 1
-197 -268 5 1
-197 -268 4 1
-197 -268 3 2
-198 -268 5 1
-198 -268 3 2
-199 -265 4 2
-199 -266 4 1
-198 -278 8 2
-198 -278 9 1
-198 -278 11 0
-176 -251 11 0
-192 -257 12 0
-192 -258 13 0
-199 -271 16 0
-197 -271 19 0
-199 -275 19 0
-155 -288 13 0
-156 -287 13 0
-165 -251 8 0
-156 -280 13 0
-156 -281 13 0
-157 -283 14 0
-160 -287 13 0
-152 -285 13 0
-153 -285 14 0
-154 -285 14 0
-160 -281 14 0
-187 -268 11 0
-187 -268 12 0
-169 -268 15 0
-169 -268 16 0
-171 -269 14 0
-172 -269 15 0
-151 -272 16 0
-155 -277 15 0
-155 -272 13 0
-156 -270 15 0
-153 -276 15 0
-153 -275 15 0
-154 -271 17 0
-154 -272 16 0
-154 -272 15 0
-154 -273 13 0
-155 -275 16 0
-155 -275 15 0
-153 -277 13 0
-154 -276 13 0
-152 -270 14 0
-153 -270 14 0
-153 -271 13 0
-153 -272 13 0
-151 -275 14 0
-152 -275 14 0
-174 -289 20 0
-180 -282 20 0
-173 -284 19 0
-172 -283 19 0
-177 -287 19 0
-178 -288 19 0
-176 -281 19 0
-176 -280 19 0
-176 -279 19 0
-172 -288 18 0
-172 -269 16 0
-170 -266 15 0
-170 -265 16 0
-169 -269 14 0
-169 -270 15 0
-168 -270 16 0
-193 -268 14 0
-173 -267 14 0
-174 -267 15 0
-199 -260 13 0
-198 -261 14 0
-190 -255 4 1
-196 -261 14 0
-195 -261 13 0
-193 -260 13 0
-197 -294 16 0
-191 -272 14 0
-190 -274 14 0
-193 -276 13 0
-191 -276 11 0
-191 -277 12 0
-165 -271 17 1
-164 -273 17 1
-164 -272 17 2
-164 -271 17 1
-164 -271 18 1
-163 -271 17 1
-163 -271 18 1
-162 -271 16 1
-172 -251 5 2
-172 -251 6 1
-161 -287 17 0
-161 -287 16 0
-170 -256 3 1
-170 -255 3 1
-170 -254 3 1
-172 -256 7 1
-172 -255 6 1
-173 -255 6 0
-174 -254 6 0
-174 -260 6 1
-174 -260 5 1
-170 -261 4 1
-169 -261 4 1
-168 -261 4 1
-159 -265 8 2
-162 -259 10 1
-193 -266 12 0
-192 -256 13 0
-194 -257 12 0
-192 -258 11 0
-191 -259 12 0
-190 -257 10 0
-198 -295 13 2
-194 -268 23 0
-194 -267 23 0
-196 -263 23 0
-199 -270 23 0
-158 -260 7 1
-158 -259 7 1
-156 -260 10 1
-177 -256 2 1
-177 -257 2 1
-200 -290 16 0
-180 -252 6 1
-179 -253 6 1
-194 -291 12 2
-192 -291 16 0
-176 -252 7 2
-152 -255 15 0
-153 -255 15 0
-193 -292 17 0
-193 -286 15 0
-181 -265 4 2
-181 -264 2 1
-186 -252 12 0
-193 -269 6 1
-193 -270 6 1
-193 -270 5 1
-193 -270 4 1
-194 -268 5 2
-194 -269 5 1
-194 -270 6 1
-194 -270 5 1
-194 -270 4 1
-193 -269 5 2
-194 -261 6 1
-181 -253 6 1
-181 -254 6 1
-177 -255 6 0
-152 -284 20 0
-154 -285 17 0
-155 -285 18 0
-151 -285 16 0
-156 -285 16 0
-153 -283 15 0
-185 -286 16 0
-184 -286 15 0
-196 -282 15 0
-189 -255 3 1
-200 -286 14 0
-196 -257 14 0
-179 -263 10 0
-180 -263 10 0
-193 -265 9 0
-188 -252 14 0
-187 -255 13 0
-185 -251 16 0
-199 -257 5 0
-200 -288 17 0
-186 -266 14 0
-194 -251 1 1
-195 -269 26 0
-192 -264 26 0
-166 -271 9 1
-166 -271 8 1
-167 -269 10 1
-167 -270 10 1
-167 -271 9 1
-167 -271 8 1
-166 -270 9 2
-172 -269 9 2
-171 -269 10 1
-187 -262 11 0
-187 -262 10 0
-186 -266 6 1
-185 -266 6 1
-187 -266 4 1
-186 -267 5 1
-187 -267 4 1
-197 -283 15 0
-194 -256 5 2
-193 -256 5 2
-186 -262 11 0
-185 -262 10 0
-185 -265 10 0
-173 -300 8 0
-200 -270 7 1
-197 -269 7 1
-197 -269 6 2
-197 -269 5 2
-197 -270 7 1
-197 -270 6 1
-197 -270 5 2
-197 -271 7 1
-197 -271 6 1
-197 -271 5 1
-198 -269 7 2
-198 -270 5 1
-173 -277 9 2
-177 -276 10 0
-176 -275 10 0
-159 -263 12 1
-162 -259 13 0
-180 -252 5 2
-197 -277 9 1
-187 -254 8 0
-200 -277 9 1
-180 -252 4 2
-197 -295 8 1
-198 -292 11 1
-196 -292 9 2
-197 -274 13 0
-198 -275 12 0
-199 -275 12 0
-200 -253 33 2
-195 -257 39 0
-198 -260 38 0
-200 -265 12 0
-168 -273 9 1
-171 -276 11 1
-192 -266 3 2
-200 -263 14 0
-198 -259 4 1
-197 -260 2 1
-198 -263 27 0
-173 -267 6 2
-171 -274 8 1
-176 -273 8 2
-177 -261 4 2
-177 -280 14 0
-193 -254 34 0
-194 -253 35 0
-195 -277 13 0
-196 -252 41 0
-156 -263 9 2
-156 -263 8 2
-199 -287 11 1
-199 -286 12 0
-199 -285 12 0
-199 -284 12 0
-166 -300 14 0
-170 -300 15 0
-187 -264 14 0
-198 -296 11 1
-198 -295 11 1
-198 -294 11 1
-192 -256 11 0
-158 -262 9 2
-157 -264 10 1
-159 -259 7 1
-159 -258 7 1
-159 -257 7 1
-159 -257 8 1
-159 -257 9 2
-157 -260 10 1
-157 -259 10 1
-160 -262 7 1
-166 -286 12 0
-167 -286 13 0
-171 -263 5 1
-171 -262 5 1
-171 -261 5 2
-171 -261 6 1
-171 -261 7 1
-170 -263 5 1
-170 -262 5 1
-180 -279 17 0
-181 -279 10 0
-169 -262 5 1
-169 -261 5 1
-190 -289 14 1
-190 -290 15 1
-190 -290 13 1
-187 -265 12 0
-187 -265 2 1
-188 -259 2 1
-189 -259 3 1
-189 -259 2 1
-177 -263 12 0
-177 -263 11 0
-179 -277 13 0
-199 -256 6 0
-200 -256 6 0
-196 -258 6 1
-198 -253 5 2
-199 -252 5 2
-198 -256 5 0
-192 -262 13 0
-175 -276 7 1
-183 -265 8 0
-183 -266 8 0
-183 -263 8 0
-186 -262 5 1
-182 -263 9 0
-182 -265 9 0
-183 -266 9 0
-172 -278 13 1
-197 -268 12 1
-197 -269 12 2
-192 -270 14 0
-193 -251 35 0
-190 -253 36 0
-197 -271 10 1
-197 -275 7 2
-185 -289 9 1
-185 -289 8 1
-186 -287 10 1
-186 -287 9 2
-190 -283 12 0
-189 -283 12 0
-189 -284 13 0
-186 -290 12 1
-186 -291 13 1
-186 -291 11 1
-186 -292 13 1
-164 -274 11 2
-163 -273 10 1
-163 -273 11 2
-158 -274 12 0
-157 -274 12 0
-159 -275 12 1
-160 -274 12 2
-195 -290 10 1
-196 -290 8 1
-197 -288 10 1
-198 -267 5 1
-197 -264 2 1
-193 -263 2 1
-178 -284 7 1
-199 -252 1 1
-199 -251 1 1
-178 -289 14 1
-178 -289 13 1
-177 -287 16 0
-179 -285 17 0
-165 -277 10 1
-162 -270 10 1
-162 -270 11 1
-160 -280 10 2
-165 -276 11 2
-168 -273 10 1
-167 -273 9 1
-167 -273 10 2
-175 -273 11 0
-176 -274 10 0
-177 -274 10 0
-194 -264 7 0
-157 -263 12 0
-172 -276 11 1
-171 -276 9 1
-157 -266 13 0
-200 -264 5 1
-200 -264 6 2
-170 -276 10 2
-194 -268 6 1
-175 -271 11 0
-197 -264 6 1
-169 -272 8 1
-196 -293 8 1
-196 -294 9 2
-196 -294 8 1
-197 -292 10 1
-197 -292 9 2
-197 -292 8 1
-197 -293 8 1
-197 -294 9 2
-197 -294 8 1
-198 -293 9 2
-198 -293 8 1
-200 -258 9 0
-176 -278 14 0
-177 -281 16 0
-200 -275 13 0
-175 -279 17 0
-175 -279 16 0
-177 -259 3 1
-198 -280 18 0
-177 -260 4 1
-177 -260 3 1
-199 -279 17 0
-199 -276 14 0
-199 -278 16 0
-200 -279 17 0
-178 -259 2 1
-178 -260 2 1
-187 -293 24 0
-184 -295 21 0
-185 -297 22 0
-185 -297 23 0
-185 -292 21 0
-185 -291 22 0
-186 -290 23 0
-181 -295 21 0
-180 -295 22 0
-185 -294 20 0
-188 -295 22 0
-164 -251 2 1
-193 -261 5 1
-180 -285 11 2
-163 -273 23 0
-162 -272 24 0
-161 -272 25 0
-161 -274 24 0
-160 -275 24 0
-160 -275 25 0
-163 -271 23 0
-162 -269 24 0
-163 -276 23 0
-162 -278 24 0
-166 -272 23 0
-200 -267 11 1
-168 -279 9 1
-167 -279 9 1
-168 -279 10 1
-196 -267 11 1
-196 -267 10 1
-196 -269 11 2
-197 -268 10 2
-198 -264 12 0
-198 -265 11 0
-166 -252 2 1
-165 -251 2 1
-167 -255 3 1
-164 -261 10 1
-164 -260 8 1
-179 -283 13 1
-162 -266 7 1
-162 -266 8 2
-169 -251 6 0
-200 -260 31 0
-159 -259 16 0
-158 -259 15 0
-154 -262 16 0
-173 -300 13 0
-197 -278 7 1
-199 -259 33 0
-187 -265 5 2
-186 -251 17 0
-187 -265 3 1
-198 -256 37 0
-200 -254 11 1
-200 -255 12 0
-198 -252 12 0
-175 -273 9 1
-184 -284 16 0
-184 -283 17 0
-184 -283 18 0
-183 -287 16 0
-182 -288 17 0
-187 -285 16 0
-188 -285 17 0
-181 -283 17 0
-180 -278 8 2
-195 -263 11 0
-195 -263 12 0
-194 -267 10 0
-200 -259 38 0
-200 -260 40 0
-167 -261 9 2
-167 -261 8 1
-167 -261 7 1
-167 -262 9 2
-167 -262 8 1
-194 -267 19 0
-172 -283 13 0
-168 -285 13 0
-163 -264 13 0
-163 -263 13 0
-162 -263 13 0
-161 -263 12 1
-155 -264 14 0
-161 -258 14 0
-161 -259 13 0
-160 -260 13 0
-160 -266 14 0
-160 -265 14 0
-160 -264 13 0
-156 -260 15 0
-163 -261 15 0
-162 -262 14 0
-157 -265 15 0
-161 -264 16 0
-160 -263 15 0
-160 -263 14 0
-160 -263 13 0
-158 -262 14 0
-175 -300 11 0
-159 -263 7 1
-160 -263 9 1
-160 -263 8 2
-160 -263 7 2
-161 -261 7 1
-161 -262 9 1
-161 -262 8 1
-161 -262 7 1
-161 -263 9 1
-161 -263 8 2
-161 -263 7 2
-158 -264 7 1
-158 -265 9 1
-190 -254 3 2
-190 -254 2 1
-156 -255 14 0
-154 -261 13 0
-154 -262 13 0
-192 -254 5 1
-192 -253 5 0
-194 -254 4 1
-200 -297 13 1
-194 -254 2 1
-194 -255 4 1
-194 -255 3 2
-194 -255 2 1
-194 -256 4 1
-194 -256 3 2
-194 -256 2 1
-195 -251 4 1
-194 -251 5 1
-193 -251 6 0
-191 -253 6 0
-189 -256 4 1
-190 -256 4 2
-197 -274 17 0
-200 -273 18 0
-198 -275 19 0
-198 -275 18 0
-195 -279 15 0
-192 -276 16 0
-198 -275 17 0
-194 -272 14 0
-193 -266 13 0
-198 -273 13 1
-177 -254 3 2
-177 -254 2 1
-175 -253 7 1
-185 -267 10 0
-199 -251 40 0
-198 -257 40 0
-198 -257 41 0
-178 -253 3 1
-178 -253 2 1
-162 -280 13 0
-161 -283 14 0
-174 -289 8 1
-176 -286 7 1
-177 -286 8 1
-177 -286 7 1
-178 -285 8 1
-175 -289 10 1
-175 -289 9 1
-160 -282 13 0
-159 -281 13 0
-185 -251 15 0
-160 -287 14 0
-189 -251 14 0
-159 -287 14 0
-174 -289 12 0
-157 -289 16 0
-173 -286 11 1
-172 -287 10 1
-176 -288 11 1
-175 -288 11 1
-175 -287 11 1
-174 -287 11 1
-174 -286 11 1
-177 -285 7 1
-181 -261 11 0
-181 -262 12 0
-179 -258 9 0
-178 -258 9 0
-197 -283 8 1
-197 -283 9 1
-197 -282 7 1
-197 -282 8 2
-197 -282 9 1
-196 -284 7 1
-180 -277 7 1
-180 -277 8 2
-180 -277 9 1
-175 -283 7 1
-194 -270 11 0
-194 -270 10 0
-192 -288 13 1
-194 -252 9 0
-193 -251 9 0
-192 -251 9 0
-198 -259 36 0
-190 -262 7 0
-189 -261 7 1
-186 -282 8 1
-186 -283 10 1
-186 -283 9 1
-186 -283 8 1
-187 -282 8 1
-172 -275 11 1
-195 -254 15 0
-196 -258 15 0
-199 -295 11 2
-199 -294 11 1
-193 -299 20 0
-167 -251 8 0
-169 -272 17 0
-168 -279 19 1
-174 -262 5 1
-173 -262 3 1
-173 -262 4 1
-173 -262 5 2
-172 -257 3 1
-172 -256 3 1
-175 -259 3 1
-163 -289 18 0
-163 -288 18 0
-196 -252 9 0
-174 -276 10 1
-175 -277 10 1
-174 -279 9 2
-191 -283 13 0
-190 -287 20 0
-193 -288 20 0
-192 -285 18 0
-191 -285 19 0
-191 -284 20 0
-188 -255 12 0
-171 -268 9 1
-166 -263 10 1
-167 -264 10 1
-166 -267 10 0
-166 -268 10 1
-165 -269 9 1
-169 -265 10 0
-170 -265 9 1
-171 -265 8 1
-198 -253 18 0
-199 -254 19 1
-200 -254 19 1
-186 -269 3 1
-169 -269 8 2
-195 -298 14 1
-169 -268 7 1
-195 -300 14 1
-195 -256 18 0
-168 -270 8 1
-195 -257 19 0
-194 -252 18 0
-192 -251 18 0
-191 -251 18 0
-198 -255 18 0
-182 -252 4 2
-182 -252 3 1
-176 -251 5 2
-189 -298 17 0
-184 -292 17 1
-190 -294 19 0
-186 -297 18 0
-187 -290 18 0
-190 -296 19 0
-191 -291 19 0
-160 -276 25 0
-174 -261 3 1
-174 -261 4 2
-174 -261 5 1
-174 -260 3 1
-165 -271 7 1
-166 -271 7 1
-174 -260 4 2
-194 -264 22 0
-194 -264 21 0
-193 -264 20 0
-197 -267 22 0
-197 -268 21 0
-200 -251 2 1
-200 -262 3 2
-200 -262 2 1
-200 -263 2 1
-183 -259 9 0
-199 -292 10 1
-200 -287 11 1
-199 -292 9 1
-161 -275 24 0
-166 -270 25 0
-165 -278 25 0
-161 -272 26 0
-162 -272 25 0
-162 -273 24 0
-162 -277 26 0
-163 -275 24 0
-164 -271 27 0
-164 -272 26 0
-164 -272 25 0
-164 -273 24 0
-163 -274 26 0
-163 -274 25 0
-163 -276 25 0
-164 -275 24 0
-172 -276 13 1
-177 -251 3 1
-177 -252 3 1
-191 -271 8 1
-160 -259 8 2
-160 -260 10 1
-160 -260 9 2
-160 -260 8 2
-159 -259 9 2
-155 -261 11 1
-152 -263 8 1
-176 -275 14 0
-172 -278 16 1
-186 -293 20 0
-187 -292 20 0
-188 -291 19 1
-181 -295 19 0
-187 -295 20 0
-188 -296 19 0
-189 -297 18 0
-184 -297 18 0
-183 -298 18 0
-189 -293 17 0
-182 -293 17 0
-186 -296 19 0
-186 -296 18 0
-187 -297 17 0
-183 -295 16 0
-187 -295 17 0
-187 -295 16 0
-180 -268 6 1
-180 -267 4 2
-180 -267 5 2
-180 -267 6 1
-179 -265 6 0
-185 -294 24 0
-185 -294 25 0
-187 -295 23 0
-187 -296 24 0
-186 -292 24 0
-186 -292 25 0
-185 -296 23 0
-184 -296 24 0
-184 -297 24 0
-187 -294 21 0
-189 -294 23 0
-183 -292 24 0
-187 -297 23 0
-187 -298 23 0
-187 -293 22 0
-187 -292 22 0
-187 -291 23 0
-188 -291 23 0
-188 -295 21 0
-190 -296 23 0
-185 -297 21 0
-185 -298 22 0
-190 -292 22 0
-187 -296 21 0
-188 -297 21 0
-189 -298 21 0
-187 -289 21 0
-183 -297 20 0
-182 -298 20 0
-189 -295 20 0
-190 -295 20 0
-191 -295 20 0
-179 -266 4 2
-186 -298 20 0
-186 -299 19 0
-187 -293 20 0
-196 -269 7 1
-196 -269 8 2
-197 -251 34 2
-196 -268 7 2
-196 -268 9 1
-155 -258 16 0
-155 -258 17 0
-152 -260 17 0
-156 -257 15 0
-157 -256 16 0
-155 -261 16 0
-155 -254 15 0
-156 -253 15 0
-152 -262 14 0
-192 -251 40 0
-157 -255 14 0
-158 -255 14 0
-159 -257 12 0
-156 -254 12 0
-157 -253 11 0
-157 -256 10 1
-154 -255 10 0
-156 -255 8 1
-153 -251 10 2
-153 -251 11 1
-160 -261 10 1
-200 -283 18 0
-152 -251 10 2
-186 -284 10 1
-185 -285 11 1
-184 -286 11 1
-154 -260 16 0
-154 -260 17 0
-156 -261 12 0
-157 -262 12 0
-158 -263 12 0
-156 -259 17 0
-154 -255 16 0
-153 -260 17 0
-156 -257 14 0
-157 -257 15 0
-158 -257 16 0
-156 -254 15 0
-158 -259 14 0
-159 -259 15 0
-158 -255 13 0
-159 -255 14 0
-155 -255 13 0
-155 -254 13 0
-155 -253 13 0
-155 -252 13 0
-159 -258 12 0
-157 -254 11 0
-158 -254 11 0
-154 -254 11 0
-157 -257 11 0
-158 -256 10 1
-175 -255 6 0
-178 -253 8 0
-197 -258 14 0
-197 -264 14 0
-194 -252 15 0
-192 -265 15 0
-195 -265 15 0
-193 -252 1 1
-194 -267 17 0
-179 -284 22 0
-174 -283 21 0
-173 -283 21 0
-172 -282 22 0
-176 -287 21 0
-177 -288 22 0
-177 -281 21 0
-173 -255 2 1
-179 -285 20 0
-180 -286 20 0
-174 -281 19 0
-175 -286 19 0
-174 -289 19 0
-179 -282 19 0
-180 -282 19 0
-171 -283 19 0
-175 -281 22 0
-175 -282 21 0
-175 -283 19 0
-177 -285 22 0
-176 -285 21 0
-181 -257 8 0
-193 -266 6 0
-189 -262 5 1
-190 -263 5 1
-190 -263 6 0
-191 -263 7 0
-192 -264 7 0
-190 -268 5 1
-185 -251 5 1
-185 -251 4 1
-185 -251 3 1
-185 -252 5 1
-188 -265 5 2
-200 -251 38 2
-200 -252 38 2
-200 -252 37 2
-195 -262 11 0
-198 -256 38 0
-198 -262 2 1
-176 -259 10 0
-177 -259 9 0
-176 -256 11 0
-178 -257 9 0
-178 -260 12 0
-199 -265 22 0
-194 -269 21 0
-195 -267 22 0
-198 -259 9 0
-198 -258 8 0
-196 -256 11 0
-171 -300 10 0
-174 -300 9 0
-196 -253 38 1
-200 -272 17 0
-198 -270 17 0
-200 -261 34 0
-199 -255 33 0
-200 -291 8 1
-200 -252 2 2
-197 -279 9 1
-190 -256 10 0
-190 -251 15 0
-175 -263 4 2
-200 -256 12 0
-199 -257 14 0
-199 -262 15 0
-197 -259 15 0
-175 -263 5 1
-187 -280 14 0
-188 -281 10 1
-189 -255 7 2
-189 -254 5 2
-171 -266 14 0
-172 -266 15 0
-188 -260 12 0
-184 -260 9 0
-191 -257 7 1
-190 -257 5 1
-190 -257 6 1
-190 -257 7 2
-189 -257 5 1
-189 -257 6 2
-189 -257 7 2
-188 -257 12 0
-188 -258 3 1
-193 -267 23 0
-194 -267 22 0
-196 -270 24 0
-188 -291 11 1
-188 -291 13 1
-188 -290 12 2
-197 -274 9 1
-191 -268 10 0
-195 -268 22 0
-190 -266 11 0
-191 -265 11 0
-195 -263 19 0
-192 -265 11 0
-198 -272 20 0
-169 -269 13 0
-197 -270 19 0
-197 -255 14 0
-195 -268 19 0
-198 -258 14 0
-193 -267 19 0
-195 -256 15 0
-194 -271 20 0
-194 -270 20 0
-199 -262 21 0
-171 -252 7 0
-156 -257 12 0
-170 -253 2 1
-170 -252 2 1
-170 -252 3 2
-170 -252 4 1
-170 -251 2 1
-170 -251 3 2
-170 -251 4 1
-172 -255 2 1
-179 -290 20 0
-179 -289 20 0
-178 -288 20 0
-181 -283 20 0
-194 -288 11 1
-170 -273 12 1
-196 -267 9 1
-162 -253 5 1
-162 -254 5 1
-163 -252 7 1
-163 -252 6 2
-163 -252 5 2
-163 -253 7 1
-163 -253 5 1
-195 -268 5 1
-195 -269 5 1
-195 -270 6 1
-195 -270 5 1
-163 -254 5 1
-164 -252 7 1
-164 -252 6 1
-164 -252 5 1
-164 -253 7 1
-164 -253 6 2
-164 -253 5 1
-166 -258 5 1
-166 -259 6 2
-166 -259 5 1
-166 -274 24 0
-171 -275 26 0
-170 -275 25 0
-166 -278 26 0
-166 -278 25 0
-197 -295 11 1
-197 -295 10 1
-198 -278 13 0
-157 -261 15 0
-159 -262 14 0
-177 -269 13 0
-175 -275 12 0
-176 -276 12 0
-171 -274 12 0
-175 -276 8 2
-175 -276 9 1
-160 -259 11 1
-174 -276 8 2
-174 -276 9 2
-155 -262 11 1
-167 -280 19 0
-168 -276 24 0
-168 -276 25 0
-167 -276 27 0
-170 -277 26 0
-170 -277 27 0
-188 -271 8 1
-166 -258 9 2
-166 -258 10 1
-163 -254 9 0
-187 -251 7 0
-199 -271 6 1
-200 -271 6 1
-169 -267 13 0
-192 -277 9 1
-192 -276 9 0
-192 -275 10 0
-188 -275 10 0
-200 -267 12 0
-200 -264 10 0
-200 -265 8 0
-200 -262 9 0
-194 -264 26 0
-163 -269 13 0
-181 -259 10 0
-194 -292 14 1
-193 -293 14 1
-198 -290 14 0
-199 -290 14 0
-197 -292 13 0
-197 -287 9 1
-200 -266 7 1
-189 -291 15 1
-189 -291 14 1
-175 -284 20 0
-175 -281 16 0
-178 -280 16 0
-176 -282 17 0
-172 -281 17 0
-173 -282 17 0
-180 -284 17 0
-179 -284 17 0
-171 -287 17 0
-178 -288 18 0
-178 -287 18 0
-170 -283 18 0
-171 -283 18 0
-179 -282 18 0
-177 -283 18 0
-173 -280 19 0
-174 -280 19 0
-174 -282 18 0
-179 -285 19 0
-178 -285 19 0
-171 -285 20 0
-172 -285 19 0
-173 -285 19 0
-177 -280 20 0
-176 -287 20 0
-176 -286 19 0
-172 -282 21 0
-173 -282 20 0
-174 -283 19 0
-179 -283 21 0
-193 -264 6 0
-193 -262 2 1
-200 -258 33 0
-200 -252 33 2
-192 -262 2 1
-192 -262 3 2
-192 -262 4 1
-191 -263 2 1
-190 -287 9 2
-198 -286 14 0
-196 -293 14 1
-167 -271 12 1
-167 -270 12 1
-173 -269 11 0
-174 -269 11 0
-175 -269 11 0
-153 -254 16 0
-171 -270 11 1
-163 -276 19 1
-169 -261 9 1
-169 -261 11 1
-169 -260 9 2
-169 -260 10 1
-194 -251 4 1
-193 -253 2 1
-193 -253 3 2
-193 -253 4 1
-182 -263 12 0
-187 -297 24 0
-190 -295 24 0
-172 -280 17 0
-167 -278 19 1
-171 -281 19 0
-171 -280 19 0
-167 -280 20 0
-167 -279 20 1
-173 -280 21 0
-169 -281 22 0
-169 -273 22 0
-166 -278 23 0
-171 -279 23 0
-167 -274 24 0
-169 -275 22 1
-172 -278 25 0
-168 -272 22 0
-174 -278 22 0
-166 -278 22 1
-172 -273 23 0
-172 -274 22 0
-168 -275 23 0
-174 -276 24 0
-171 -277 23 0
-170 -279 21 1
-172 -277 21 0
-168 -280 19 1
-168 -280 18 1
-168 -280 17 1
-169 -280 18 1
-169 -280 17 1
-170 -280 19 1
-170 -280 18 1
-170 -280 17 1
-173 -273 19 0
-174 -274 21 0
-169 -279 21 1
-173 -276 23 0
-169 -276 25 0
-171 -280 23 0
-168 -279 24 0
-200 -265 15 0
-200 -265 16 0
-200 -266 16 0
-200 -267 15 0
-198 -267 14 0
-199 -300 20 0
-200 -295 21 0
-200 -298 21 0
-199 -298 21 0
-198 -293 22 0
-198 -294 22 0
-197 -299 20 0
-193 -299 21 0
-199 -298 20 0
-197 -298 19 0
-196 -300 20 0
-200 -295 20 0
-198 -299 19 0
-199 -300 19 0
-197 -293 19 0
-195 -299 19 0
-194 -275 10 0
-186 -270 11 0
-190 -275 11 0
-190 -274 11 0
-187 -273 12 0
-192 -275 13 0
-188 -269 13 0
-189 -274 14 0
-189 -271 15 0
-190 -271 14 0
-193 -275 5 1
-187 -276 8 1
-187 -276 7 1
-187 -276 6 1
-188 -276 8 1
-188 -276 7 1
-188 -276 6 1
-186 -272 8 0
-191 -275 9 0
-187 -274 9 0
-188 -271 10 0
-189 -276 11 0
-189 -275 11 0
-186 -273 12 0
-188 -272 11 0
-191 -274 12 0
-188 -274 13 0
-189 -273 13 0
-171 -260 7 1
-171 -259 7 1
-174 -258 7 0
-173 -258 7 0
-172 -258 7 0
-173 -262 8 0
-172 -260 7 0
-172 -259 7 0
-175 -255 8 0
-174 -256 8 0
-161 -300 12 0
-191 -253 8 0
-190 -251 8 0
-195 -259 15 0
-176 -252 5 1
-176 -252 4 1
-176 -253 4 2
-187 -253 9 0
-187 -252 9 0
-187 -251 8 0
-161 -259 9 2
-199 -283 16 0
-193 -274 15 0
-191 -275 13 0
-191 -277 10 0
-192 -285 15 0
-176 -279 10 1
-199 -253 35 2
-184 -251 9 0
-197 -278 10 0
-196 -256 35 0
-196 -255 36 0
-194 -276 11 0
-200 -252 36 2
-198 -276 9 0
-197 -290 8 1
-197 -290 9 2
-197 -290 10 1
-197 -289 8 1
-197 -289 9 2
-197 -289 10 1
-197 -288 8 1
-197 -288 9 1
-200 -287 10 1
-200 -287 9 2
-200 -287 8 1
-177 -274 13 0
-176 -274 13 0
-175 -274 13 0
-169 -274 14 1
-175 -277 15 0
-174 -274 12 0
-177 -272 15 0
-176 -272 15 0
-176 -273 14 0
-195 -256 10 0
-195 -257 10 0
-163 -270 24 0
-164 -273 23 0
-161 -276 25 0
-161 -285 13 0
-162 -286 11 0
-160 -285 13 0
-160 -284 11 0
-160 -284 10 0
-158 -285 17 0
-158 -285 18 0
-196 -273 18 0
-197 -273 9 1
-189 -263 10 0
-189 -263 11 0
-186 -251 2 1
-186 -251 3 2
-186 -251 4 1
-189 -262 9 0
-189 -261 11 0
-197 -255 6 0
-198 -255 6 0
-199 -255 6 0
-200 -255 6 0
-197 -255 41 0
-176 -291 20 0
-181 -290 19 0
-182 -291 20 0
-183 -291 20 0
-184 -292 21 0
-185 -293 16 1
-186 -291 17 1
-186 -292 18 1
-186 -292 16 1
-186 -293 18 2
-185 -297 20 0
-154 -284 15 0
-155 -284 15 0
-151 -275 12 0
-169 -263 8 2
-170 -264 7 1
-170 -264 8 1
-158 -273 12 0
-152 -273 12 0
-151 -272 12 0
-170 -263 9 1
-170 -262 7 1
-153 -277 12 0
-153 -278 11 0
-153 -273 12 0
-155 -270 11 1
-156 -270 11 1
-151 -274 12 0
-192 -251 7 0
-189 -255 2 1
-152 -269 10 2
-153 -270 9 1
-153 -270 11 1
-153 -269 9 1
-153 -269 10 1
-153 -269 11 1
-153 -268 9 1
-153 -268 10 1
-153 -268 11 1
-152 -270 9 2
-152 -270 10 1
-152 -270 11 1
-152 -269 9 1
-152 -269 11 1
-152 -268 9 1
-152 -268 10 1
-152 -268 11 1
-151 -270 9 1
-151 -270 10 2
-151 -270 11 1
-151 -269 9 1
-151 -269 10 1
-151 -269 11 1
-151 -268 9 1
-151 -268 10 1
-151 -268 11 1
-152 -271 11 1
-151 -276 10 0
-151 -277 10 0
-168 -252 2 1
-170 -252 6 0
-167 -251 7 1
-171 -252 6 1
-170 -251 8 0
-174 -253 11 0
-171 -252 10 0
-171 -252 9 0
-170 -254 2 1
-171 -252 5 1
-171 -251 5 1
-171 -251 6 1
-169 -251 7 0
-170 -251 9 0
-172 -253 8 0
-171 -252 11 0
-172 -253 5 1
-173 -256 2 1
-174 -256 2 1
-169 -251 4 2
-169 -251 3 2
-169 -251 2 1
-188 -268 5 1
-188 -267 3 1
-187 -269 3 1
-187 -268 3 1
-187 -267 3 1
-196 -298 13 2
-184 -271 11 0
-182 -270 10 0
-185 -271 8 0
-185 -272 9 0
-185 -273 9 0
-184 -272 8 1
-184 -271 8 1
-183 -272 8 1
-182 -272 8 1
-188 -268 7 0
-187 -274 5 1
-187 -274 6 1
-187 -274 7 1
-187 -273 5 1
-187 -273 6 2
-187 -273 7 1
-187 -272 5 1
-187 -272 6 2
-187 -272 7 1
-186 -269 7 0
-186 -270 7 1
-186 -271 7 1
-188 -270 6 1
-190 -267 5 1
-188 -270 4 1
-188 -270 5 1
-187 -271 4 1
-187 -271 5 1
-187 -271 6 2
-186 -271 4 1
-186 -271 5 1
-186 -271 6 2
-189 -269 3 1
-189 -269 4 2
-189 -269 5 1
-176 -288 19 0
-177 -282 18 0
-200 -292 11 0
-191 -256 10 0
-184 -259 11 0
-157 -262 7 1
-165 -265 10 0
-166 -266 9 1
-192 -251 15 0
-192 -251 16 0
-193 -288 15 0
-194 -289 15 0
-170 -266 9 1
-170 -266 8 1
-164 -279 10 1
-164 -278 10 1
-164 -275 9 1
-164 -274 9 1
-166 -253 5 1
-166 -253 6 1
-166 -253 7 1
-166 -252 5 2
-184 -267 5 1
-197 -299 19 0
-197 -300 18 0
-199 -294 18 0
-200 -293 18 0
-173 -254 4 1
-173 -254 3 2
-174 -254 7 0
-177 -257 10 0
-151 -282 15 0
-154 -280 17 0
-153 -281 16 0
-152 -282 15 0
-153 -288 17 0
-153 -287 17 0
-152 -286 16 0
-154 -283 17 0
-176 -253 3 2
-196 -281 15 0
-196 -282 17 0
-196 -276 17 0
-195 -275 14 0
-195 -274 14 0
-195 -273 15 0
-199 -271 15 0
-194 -272 16 0
-199 -272 17 0
-198 -272 17 0
-193 -271 19 0
-194 -271 18 0
-192 -271 12 0
-198 -268 13 1
-193 -259 7 1
-188 -263 7 0
-187 -263 7 0
-186 -263 7 0
-185 -263 6 0
-190 -258 6 2
-190 -258 7 2
-189 -258 5 2
-189 -258 6 2
-189 -258 7 2
-188 -260 5 1
-188 -260 6 1
-191 -251 13 0
-188 -259 5 2
-188 -259 6 2
-188 -259 7 2
-188 -258 5 2
-189 -266 9 0
-190 -267 8 1
-192 -271 6 1
-190 -270 8 0
-190 -269 8 0
-191 -271 7 1
-191 -269 7 1
-191 -270 7 1
-200 -262 11 0
-193 -262 11 0
-194 -262 11 0
-196 -263 10 0
-170 -266 14 0
-170 -266 13 0
-166 -269 15 0
-167 -299 14 0
-196 -253 19 0
-197 -253 23 0
-197 -253 22 0
-195 -252 23 0
-196 -252 19 0
-175 -261 7 0
-173 -263 8 0
-173 -262 7 0
-172 -255 8 0
-196 -255 17 0
-175 -257 8 0
-175 -263 10 0
-192 -255 17 0
-193 -255 17 0
-194 -254 17 0
-176 -259 9 0
-199 -256 18 0
-169 -263 11 1
-171 -257 12 0
-170 -258 12 0
-165 -256 13 0
-171 -262 13 0
-159 -273 10 2
-161 -274 9 1
-161 -275 9 1
-161 -276 9 1
-162 -274 9 1
-162 -275 9 1
-162 -276 9 1
-180 -290 21 0
-180 -289 21 0
-180 -288 16 0
-180 -291 15 1
-179 -291 16 0
-179 -290 17 0
-167 -285 9 1
-167 -285 10 2
-167 -284 8 1
-167 -284 9 1
-167 -284 10 2
-172 -281 15 0
-170 -284 14 0
-170 -286 15 0
-167 -283 14 0
-166 -283 14 0
-165 -283 15 0
-198 -276 13 0
-199 -276 13 0
-200 -276 13 0
-195 -255 8 0
-196 -277 13 0
-196 -278 13 0
-196 -279 12 0
-196 -280 12 0
-199 -271 12 2
-200 -272 12 1
-200 -272 13 1
-200 -271 12 1
-200 -271 13 1
-163 -264 9 1
-163 -263 7 1
-163 -263 8 1
-175 -255 4 2
-176 -256 3 2
-176 -256 4 1
-176 -255 3 2
-176 -255 4 2
-168 -268 14 0
-167 -268 15 0
-167 -268 16 0
-168 -265 15 0
-166 -270 15 0
-165 -266 14 0
-165 -269 13 0
-164 -269 13 0
-200 -272 5 1
-198 -273 5 1
-198 -273 4 1
-198 -273 3 1
-198 -274 5 1
-198 -274 4 1
-198 -274 3 1
-198 -275 5 1
-198 -275 4 1
-198 -275 3 1
-186 -264 12 0
-186 -264 11 0
-197 -283 16 0
-196 -284 17 0
-200 -281 15 0
-199 -283 14 0
-199 -284 14 0
-199 -260 32 0
-200 -260 32 0
-153 -256 12 0
-154 -256 11 0
-155 -256 10 0
-153 -261 9 2
-153 -261 10 2
-153 -261 11 1
-195 -267 23 0
-183 -255 8 0
-169 -260 8 2
-169 -259 8 1
-167 -262 14 0
-167 -262 15 0
-182 -267 3 1
-200 -255 16 0
-182 -267 4 2
-182 -267 5 2
-198 -261 17 0
-199 -260 16 0
-182 -266 3 1
-199 -257 18 0
-182 -266 4 2
-182 -265 3 1
-182 -265 5 1
-178 -267 3 1
-178 -266 3 1
-178 -266 4 2
-181 -266 3 1
-181 -266 4 2
-181 -266 5 1
-180 -266 3 1
-180 -266 4 2
-180 -266 5 1
-179 -266 3 1
-179 -266 5 1
-198 -253 2 2
-200 -260 29 0
-153 -252 7 1
-192 -262 10 0
-192 -263 10 0
-160 -251 9 0
-157 -252 11 0
-158 -251 12 0
-186 -287 13 0
-167 -276 18 1
-167 -275 18 1
-160 -251 16 0
-159 -251 15 0
-158 -252 14 0
-165 -275 15 1
-158 -253 16 0
-155 -252 15 0
-173 -278 16 0
-176 -275 15 0
-172 -279 16 1
-171 -279 16 1
-170 -279 16 1
-174 -271 14 0
-168 -277 10 1
-170 -275 20 1
-177 -265 9 0
-177 -260 7 0
-172 -263 9 0
-179 -262 8 0
-197 -260 16 0
-175 -264 7 1
-175 -265 8 0
-175 -266 8 0
-178 -260 7 0
-160 -271 20 0
-172 -257 7 1
-173 -257 7 0
-174 -257 7 0
-170 -261 6 1
-170 -259 7 1
-169 -261 6 1
-168 -261 6 1
-171 -254 7 0
-172 -253 6 1
-171 -258 7 1
-172 -259 6 1
-168 -252 5 1
-171 -256 6 2
-156 -252 10 0
-155 -251 8 1
-155 -251 7 1
-156 -251 9 1
-156 -251 8 1
-153 -253 8 1
-153 -253 7 1
-161 -271 13 1
-157 -251 10 0
-154 -252 10 1
-159 -252 10 0
-156 -251 11 0
-157 -251 12 0
-155 -251 12 0
-159 -251 13 0
-162 -273 14 1
-159 -252 16 0
-159 -252 15 0
-172 -279 18 1
-176 -275 17 0
-175 -275 17 0
-183 -264 8 0
-182 -264 8 0
-185 -260 8 0
-184 -259 8 0
-183 -258 7 0
-186 -264 7 0
-186 -265 7 0
-187 -266 7 0
-189 -258 8 2
-187 -260 6 1
-187 -260 8 1
-187 -258 7 1
-184 -261 7 0
-195 -264 13 0
-195 -263 14 0
-154 -253 11 0
-156 -254 10 0
-155 -253 17 0
-158 -255 17 0
-157 -253 15 0
-157 -252 16 0
-158 -252 12 0
-157 -255 15 0
-157 -252 15 0
-160 -253 14 0
-158 -252 11 0
-155 -253 11 0
-184 -279 9 1
-187 -282 7 1
-165 -258 8 1
-178 -255 9 0
-188 -266 3 1
-188 -266 4 2
-188 -266 5 2
-167 -286 9 1
-167 -286 10 1
-181 -262 6 0
-183 -254 11 0
-158 -254 17 0
-157 -254 16 0
-183 -253 6 1
-183 -252 6 1
-182 -253 6 1
-177 -254 5 1
-177 -253 5 1
-194 -265 20 0
-199 -269 21 0
-198 -281 13 0
-198 -282 12 0
-198 -283 12 0
-169 -271 12 1
-169 -272 13 1
-172 -267 12 0
-173 -266 12 0
-174 -266 12 0
-175 -274 10 1
-170 -299 10 0
-172 -259 10 0
-172 -259 11 0
-170 -255 11 0
-172 -257 9 0
-173 -257 9 0
-194 -294 19 0
-193 -294 19 0
-189 -298 18 0
-195 -287 10 1
-195 -287 9 1
-196 -285 11 1
-175 -277 7 1
-176 -277 9 1
-196 -267 14 0
-195 -267 14 0
-152 -258 7 1
-200 -262 32 0
-152 -257 7 1
-152 -257 8 1
-155 -260 15 0
-177 -277 10 0
-152 -255 16 0
-200 -259 31 0
-195 -283 9 1
-197 -282 11 0
-200 -281 10 1
-199 -281 10 1
-178 -266 12 0
-177 -266 11 0
-175 -265 11 0
-176 -267 12 0
-197 -290 12 0
-180 -256 4 2
-180 -256 3 1
-193 -271 12 0
-180 -257 5 1
-181 -261 5 1
-186 -267 6 1
-181 -260 6 0
-189 -257 8 2
-188 -258 8 1
-188 -259 8 1
-188 -260 8 1
-180 -281 14 0
-179 -280 13 0
-177 -280 13 0
-177 -276 14 0
-176 -283 15 1
-176 -282 14 0
-176 -280 13 0
-179 -278 15 0
-195 -269 14 0
-195 -269 13 1
-193 -254 11 0
-178 -258 8 0
-175 -257 9 0
-192 -272 8 2
-189 -273 9 0
-183 -292 19 0
-177 -293 21 0
-178 -292 21 0
-179 -292 20 0
-183 -287 21 0
-182 -288 21 0
-182 -289 20 0
-182 -295 22 0
-182 -294 21 0
-200 -293 8 1
-190 -255 13 0
-193 -256 13 0
-191 -252 13 0
-190 -257 12 0
-190 -257 13 0
-195 -254 12 0
-193 -259 12 0
-197 -257 5 0
-190 -255 10 0
-188 -256 11 0
-194 -253 9 0
-189 -257 9 1
-190 -254 13 0
-192 -294 10 1
-192 -295 11 1
-192 -295 10 1
-193 -294 10 1
-193 -295 11 1
-193 -295 10 1
-195 -285 12 0
-192 -293 14 1
-194 -286 16 0
-198 -286 17 0
-197 -287 16 0
-193 -287 18 0
-194 -292 18 0
-195 -289 18 0
-198 -288 17 0
-195 -291 9 1
-195 -291 8 1
-195 -292 8 1
-192 -291 10 1
-192 -292 10 1
-192 -293 10 1
-181 -289 12 1
-181 -289 11 1
-182 -288 13 2
-182 -288 11 2
-182 -289 13 1
-182 -289 12 1
-182 -289 11 1
-154 -254 9 1
-183 -287 11 1
-183 -288 13 2
-183 -288 12 1
-183 -288 11 1
-183 -289 13 2
-183 -289 12 2
-199 -274 13 0
-191 -277 13 0
-192 -277 13 0
-193 -276 14 0
-194 -276 14 0
-198 -278 14 0
-197 -277 14 0
-196 -276 14 0
-190 -273 14 0
-191 -273 14 0
-200 -272 15 0
-194 -279 15 0
-193 -273 16 0
-199 -274 17 0
-196 -274 14 0
-193 -277 18 0
-194 -276 17 0
-192 -287 13 1
-197 -276 18 0
-197 -275 17 0
-196 -275 15 0
-188 -292 12 2
-197 -261 8 0
-200 -256 7 0
-188 -291 12 1
-197 -252 38 2
-197 -253 38 1
-192 -270 9 2
-196 -267 23 0
-191 -269 10 1
-195 -264 24 0
-195 -264 23 0
-194 -263 22 0
-193 -263 22 0
-168 -264 16 0
-197 -271 20 0
-191 -260 13 0
-196 -269 19 0
-198 -258 15 0
-190 -267 20 0
-193 -261 15 0
-193 -272 21 0
-170 -258 6 2
-169 -260 4 1
-169 -260 5 2
-169 -259 4 1
-169 -258 4 1
-178 -286 20 0
-192 -254 34 0
-200 -270 5 1
-164 -265 8 2
-164 -264 7 1
-164 -264 8 2
-164 -264 9 1
-164 -263 7 1
-188 -273 4 1
-200 -256 10 0
-188 -273 6 1
-199 -253 13 0
-199 -254 13 0
-188 -271 4 1
-199 -255 13 0
-200 -254 15 1
-200 -254 14 1
-196 -254 16 0
-197 -255 15 0
-198 -255 14 0
-190 -286 16 0
-197 -259 17 0
-199 -253 17 1
-192 -251 1 1
-198 -256 18 0
-200 -275 14 0
-199 -275 14 0
-198 -276 14 0
-195 -281 15 0
-195 -281 14 0
-195 -280 14 0
-196 -279 14 0
-189 -271 8 1
-190 -271 8 1
-189 -274 10 0
-174 -287 15 0
-173 -285 14 0
-173 -284 13 0
-176 -282 16 0
-171 -285 16 0
-174 -284 17 0
-174 -284 16 0
-174 -284 15 0
-175 -284 11 1
-175 -285 11 1
-175 -286 11 1
-177 -286 9 1
-172 -287 11 0
-172 -286 11 1
-172 -285 12 0
-168 -286 12 0
-175 -286 13 1
-174 -285 12 0
-173 -284 12 0
-171 -286 13 0
-155 -259 11 1
-157 -259 9 1
-188 -262 11 0
-188 -261 11 0
-192 -266 10 0
-194 -270 7 1
-184 -269 7 0
-184 -268 7 0
-180 -269 8 1
-181 -268 8 0
-181 -267 7 0
-177 -266 9 0
-182 -269 10 0
-182 -268 9 0
-182 -266 7 0
-179 -264 9 0
-180 -267 11 0
-180 -267 10 0
-180 -265 12 0
-182 -263 5 1
-180 -267 3 1
-181 -267 5 2
-181 -267 4 2
-181 -267 3 1
-178 -266 6 1
-180 -266 6 1
-180 -265 6 0
-180 -270 6 2
-180 -270 5 1
-180 -270 4 1
-181 -268 6 1
-181 -268 5 2
-181 -268 4 1
-181 -269 6 1
-181 -269 4 1
-181 -270 6 2
-181 -270 5 1
-181 -270 4 1
-182 -268 6 1
-182 -268 5 1
-182 -268 4 1
-182 -269 6 1
-182 -269 5 1
-182 -269 4 1
-182 -270 6 2
-182 -270 5 2
-182 -270 4 1
-181 -269 5 2
-163 -264 11 0
-165 -264 9 1
-165 -264 8 2
-165 -264 7 1
-165 -265 8 2
-165 -265 7 1
-163 -265 10 0
-189 -266 14 0
-189 -266 15 0
-188 -271 14 0
-186 -270 12 0
-199 -274 11 0
-198 -274 11 0
-172 -253 3 2
-172 -253 4 1
-174 -279 8 1
-174 -279 7 1
-175 -279 9 1
-175 -279 8 2
-175 -279 7 1
-176 -279 9 1
-176 -279 8 2
-176 -279 7 1
-171 -279 10 1
-171 -279 9 1
-171 -279 8 1
-172 -279 10 2
-172 -279 9 1
-177 -275 12 0
-172 -277 12 1
-192 -254 37 1
-192 -254 36 1
-196 -251 13 0
-197 -275 12 0
-194 -279 11 0
-194 -278 11 0
-194 -278 12 0
-195 -277 12 0
-194 -263 12 0
-197 -251 5 2
-172 -300 11 0
-198 -258 34 0
-189 -265 11 0
-186 -269 11 0
-190 -264 10 0
-182 -259 3 2
-184 -291 22 0
-179 -294 23 0
-179 -293 22 0
-180 -293 21 0
-181 -288 23 0
-173 -270 12 0
-174 -271 13 0
-200 -254 8 1
-200 -253 9 2
-196 -258 8 0
-195 -258 8 0
-194 -258 9 0
-174 -268 7 2
-174 -269 9 1
-174 -269 8 2
-174 -269 7 1
-174 -270 9 1
-174 -270 8 2
-174 -270 7 1
-200 -294 19 0
-170 -255 9 0
-169 -255 9 0
-166 -252 10 0
-165 -278 10 1
-172 -258 10 0
-170 -257 9 0
-169 -257 9 0
-200 -254 3 2
-192 -275 15 0
-198 -275 15 0
-196 -281 13 0
-195 -282 13 0
-194 -282 13 0
-168 -258 10 1
-170 -256 10 0
-166 -256 9 0
-170 -259 9 1
-170 -259 8 1
-168 -257 7 1
-181 -278 12 0
-181 -279 12 0
-187 -293 23 0
-193 -267 10 0
-190 -270 11 0
-173 -269 6 1
-184 -270 7 1
-195 -260 6 1
-160 -269 13 0
-157 -266 14 0
-158 -265 13 0
-161 -261 16 0
-160 -264 16 0
-161 -264 13 0
-195 -252 37 1
-195 -252 36 1
-195 -253 38 1
-195 -253 37 2
-195 -253 36 1
-196 -251 38 1
-196 -251 36 2
-196 -252 38 2
-196 -252 36 1
-195 -251 14 0
-196 -253 37 2
-196 -253 36 1
-197 -251 38 2
-197 -251 36 2
-200 -291 11 0
-197 -252 37 2
-197 -252 36 2
-171 -271 20 0
-173 -280 20 0
-175 -274 21 0
-169 -281 21 0
-168 -272 21 0
-175 -278 22 0
-174 -278 21 0
-162 -283 19 0
-163 -274 17 2
-162 -274 17 2
-177 -283 11 1
-188 -257 6 2
-162 -267 11 0
-163 -268 15 0
-163 -267 13 0
-164 -263 15 0
-190 -262 8 0
-193 -261 7 1
-194 -260 7 1
-184 -256 9 0
-179 -263 9 0
-187 -271 8 0
-194 -287 16 0
-194 -286 18 0
-193 -290 16 0
-193 -291 17 0
-192 -291 18 0
-195 -289 14 0
-196 -288 16 0
-197 -288 17 0
-191 -287 17 0
-194 -290 15 0
-195 -291 15 0
-195 -292 16 0
-195 -293 17 0
-195 -287 15 0
-196 -286 16 0
-196 -285 16 0
-191 -290 16 0
-196 -289 15 0
-197 -290 15 0
-198 -291 16 0
-193 -292 15 0
-193 -293 15 1
-196 -288 14 0
-197 -287 14 0
-197 -287 15 0
-198 -286 15 0
-195 -290 14 0
-196 -291 14 0
-197 -293 14 0
-195 -285 14 0
-195 -284 14 0
-190 -292 14 0
-173 -280 16 0
-173 -279 15 0
-173 -279 14 0
-174 -278 13 0
-188 -255 7 1
-190 -253 7 0
-200 -295 13 1
-194 -256 7 0
-194 -255 7 0
-193 -253 7 0
-192 -260 13 0
-191 -260 12 0
-192 -261 13 0
-190 -256 8 2
-190 -255 8 2
-191 -255 8 1
-194 -254 5 0
-200 -259 8 0
-199 -258 11 0
-178 -252 3 2
-179 -252 3 1
-182 -253 5 2
-182 -253 4 2
-176 -254 2 1
-180 -253 7 0
-180 -251 3 1
-180 -252 3 1
-181 -251 3 1
-181 -252 3 1
-189 -297 22 0
-189 -298 23 0
-189 -293 22 0
-190 -291 23 0
-190 -295 21 0
-191 -295 22 0
-186 -290 22 0
-187 -298 22 0
-187 -299 22 0
-191 -293 21 0
-190 -297 21 0
-191 -298 21 0
-189 -289 21 0
-193 -295 20 0
-190 -292 20 0
-191 -296 19 0
-192 -297 18 0
-187 -297 19 0
-186 -298 18 0
-192 -293 18 0
-189 -296 18 0
-174 -268 11 0
-166 -271 11 1
-166 -270 11 1
-191 -263 3 2
-191 -263 4 1
-191 -262 2 1
-191 -262 3 2
-160 -283 16 0
-159 -271 17 0
-166 -271 17 0
-160 -275 18 0
-161 -268 18 0
-189 -264 3 2
-189 -264 4 1
-191 -265 6 1
-191 -265 5 1
-192 -277 11 0
-185 -268 11 0
-198 -272 6 1
-199 -271 7 1
-199 -272 8 2
-186 -281 13 0
-177 -256 3 2
-177 -256 4 1
-177 -255 2 1
-177 -255 3 2
-177 -255 4 1
-178 -256 5 1
-187 -261 10 0
-183 -259 8 0
-183 -258 9 0
-182 -257 9 0
-182 -256 9 0
-179 -253 11 0
-179 -252 12 0
-177 -257 11 0
-177 -257 12 0
-180 -255 9 0
-182 -255 11 0
-182 -254 12 0
-177 -254 10 0
-176 -253 11 0
-151 -255 17 0
-180 -252 10 0
-181 -251 11 0
-176 -256 10 0
-178 -253 9 0
-178 -252 9 0
-177 -251 10 0
-182 -253 9 0
-176 -254 8 1
-175 -254 9 0
-174 -254 9 0
-158 -258 12 0
-155 -265 8 1
-176 -273 9 1
-174 -270 10 1
-163 -261 10 1
-175 -254 6 1
-169 -274 25 0
-171 -277 27 0
-170 -277 25 0
-170 -277 24 0
-168 -276 27 0
-168 -276 26 0
-162 -258 15 0
-168 -279 20 1
-170 -274 21 0
-166 -276 22 1
-166 -276 21 2
-166 -276 20 1
-166 -277 22 1
-166 -277 21 2
-166 -277 20 1
-166 -278 21 1
-166 -278 20 1
-170 -281 21 0
-166 -273 21 2
-174 -276 22 0
-170 -272 22 0
-170 -273 22 0
-173 -274 23 0
-172 -275 23 0
-168 -281 23 0
-168 -273 23 0
-174 -278 24 0
-173 -278 24 0
-172 -272 25 0
-171 -273 24 0
-171 -274 24 0
-170 -278 23 0
-167 -275 25 0
-173 -276 26 0
-167 -274 14 2
-168 -274 15 2
-168 -274 14 1
-164 -269 23 0
-160 -271 23 0
-194 -276 16 0
-187 -291 12 2
-200 -274 11 0
-188 -292 11 1
-194 -274 18 0
-188 -292 13 1
-161 -274 13 1
-162 -275 13 1
-162 -275 12 1
-160 -274 14 0
-159 -273 13 1
-159 -273 11 1
-160 -278 11 1
-172 -256 11 0
-170 -254 10 0
-197 -256 3 2
-195 -255 5 1
-188 -269 9 0
-196 -252 2 2
-187 -263 9 0
-186 -262 9 0
-193 -266 8 0
-191 -261 8 1
-187 -267 8 0
-191 -258 7 1
-191 -256 11 0
-190 -255 11 0
-192 -273 12 0
-199 -271 18 0
-194 -272 7 1
-194 -273 9 1
-195 -273 18 0
-192 -274 9 1
-193 -275 8 1
-192 -275 9 1
-195 -274 9 1
-162 -263 6 1
-163 -262 14 0
-195 -252 39 1
-196 -251 10 0
-195 -252 40 0
-198 -260 10 0
-195 -252 41 0
-186 -251 6 1
-164 -264 13 0
-165 -264 13 0
-189 -254 9 1
-192 -266 4 1
-183 -258 11 0
-193 -251 8 0
-194 -257 10 0
-193 -256 9 0
-193 -254 8 0
-189 -251 10 0
-196 -252 10 0
-195 -252 10 0
-195 -252 9 0
-194 -252 8 0
-191 -255 11 0
-191 -255 10 0
-197 -295 9 1
-192 -251 10 0
-168 -273 12 1
-168 -273 11 1
-193 -276 9 0
-189 -276 10 0
-190 -275 10 0
-174 -272 12 0
-191 -274 13 0
-192 -274 13 0
-174 -267 12 0
-173 -268 12 0
-199 -258 3 2
-170 -274 13 1
-171 -272 13 0
-176 -271 14 0
-175 -270 13 0
-173 -266 14 0
-173 -267 13 0
-172 -273 15 0
-191 -277 8 1
-191 -277 7 2
-191 -277 6 1
-183 -256 9 0
-178 -262 9 0
-161 -271 19 0
-157 -273 18 0
-158 -273 18 0
-160 -273 19 0
-165 -269 18 0
-162 -277 18 0
-158 -269 19 0
-159 -270 19 0
-160 -270 19 0
-158 -276 19 0
-159 -275 19 0
-159 -274 19 0
-160 -274 19 0
-157 -271 20 0
-158 -272 20 0
-159 -272 20 0
-160 -277 21 0
-160 -276 21 0
-161 -274 20 0
-160 -268 21 0
-160 -269 21 0
-157 -274 22 0
-195 -257 5 2
-195 -256 5 1
-176 -269 11 0
-172 -268 10 1
-156 -263 11 1
-196 -282 13 0
-197 -269 14 0
-198 -281 7 1
-164 -268 24 0
-194 -253 41 0
-159 -270 24 0
-197 -252 42 0
-162 -269 25 0
-162 -271 24 0
-181 -289 22 0
-182 -293 23 0
-182 -292 21 0
-180 -291 23 0
-180 -291 22 0
-191 -253 37 0
-194 -254 39 0
-192 -251 39 0
-196 -254 40 0
-194 -252 40 0
-197 -251 42 0
-180 -290 16 0
-181 -290 14 1
-181 -290 13 1
-164 -262 11 0
-160 -257 11 1
-160 -258 11 1
-194 -251 13 0
-193 -252 14 0
-194 -252 13 0
-155 -285 11 0
-175 -270 14 0
-196 -264 6 0
-166 -275 27 0
-166 -275 26 0
-166 -275 25 0
-166 -275 24 0
-194 -299 24 0
-199 -296 23 0
-197 -299 23 0
-197 -300 23 0
-197 -295 21 0
-197 -294 22 0
-197 -293 22 0
-198 -292 23 0
-198 -297 21 0
-200 -298 22 0
-196 -297 20 0
-195 -300 21 0
-169 -273 19 0
-167 -271 20 0
-167 -272 20 1
-163 -276 20 1
-164 -276 21 1
-170 -273 21 0
-168 -280 21 0
-164 -272 21 1
-165 -273 22 1
-166 -273 22 1
-164 -279 22 0
-165 -278 22 1
-199 -281 16 0
-196 -265 12 0
-163 -267 14 0
-195 -263 5 1
-200 -266 13 0
-190 -276 8 1
-190 -276 7 2
-190 -276 6 1
-191 -276 8 1
-191 -276 7 1
-191 -276 6 1
-192 -274 8 1
-192 -274 7 1
-192 -274 6 2
-193 -266 3 2
-193 -266 4 1
-193 -260 8 0
-190 -266 8 1
-189 -267 8 0
-197 -264 7 1
-191 -263 8 0
-161 -279 18 0
-164 -277 17 1
-159 -278 15 0
-158 -279 16 0
-162 -279 15 0
-156 -278 14 0
-165 -276 13 2
-165 -275 13 2
-164 -276 13 1
-164 -275 13 2
-163 -276 13 1
-163 -275 13 1
-188 -273 13 0
-189 -273 12 0
-200 -254 36 2
-177 -287 11 1
-177 -287 10 1
-178 -285 10 1
-199 -255 36 0
-178 -286 12 1
-178 -286 11 1
-159 -258 14 0
-157 -257 17 0
-157 -257 16 0
-167 -251 5 1
-190 -255 12 0
-190 -256 13 0
-193 -255 12 0
-168 -251 4 1
-168 -251 3 2
-168 -251 2 1
-154 -259 15 0
-155 -260 16 0
-176 -288 15 1
-198 -275 10 0
-189 -269 13 0
-199 -275 10 0
-200 -275 10 0
-197 -277 8 1
-197 -276 9 0
-198 -277 8 1
-200 -276 9 0
-199 -276 9 0
-191 -255 12 0
-192 -272 16 0
-200 -279 6 1
-199 -277 8 1
-171 -265 7 2
-170 -265 6 1
-172 -269 7 1
-200 -277 8 1
-172 -268 7 1
-172 -268 14 0
-171 -270 13 0
-171 -271 14 0
-186 -252 9 0
-192 -252 8 0
-193 -252 8 0
-195 -253 9 0
-189 -269 7 1
-190 -252 7 0
-190 -253 8 0
-190 -254 8 1
-189 -255 8 1
-156 -258 12 0
-154 -258 13 0
-153 -258 13 0
-190 -253 9 0
-190 -254 11 0
-194 -251 9 0
-194 -251 10 0
-195 -251 10 0
-193 -255 8 0
-192 -254 9 0
-192 -255 9 0
-193 -256 10 0
-200 -269 6 1
-200 -268 5 0
-185 -297 16 0
-182 -295 17 0
-181 -295 16 0
-183 -293 16 0
-174 -277 7 1
-174 -277 8 2
-174 -277 9 1
-152 -253 15 0
-190 -251 13 0
-151 -255 15 0
-174 -270 12 0
-175 -270 11 0
-197 -284 13 0
-199 -286 15 0
-154 -252 14 0
-154 -253 14 0
-197 -285 13 0
-155 -252 16 0
-154 -251 15 0
-152 -251 17 0
-194 -287 8 1
-194 -288 10 1
-194 -288 9 2
-194 -289 10 1
-194 -289 9 1
-194 -289 8 1
-156 -265 8 1
-155 -266 8 1
-174 -300 10 0
-155 -266 10 1
-176 -273 7 1
-162 -260 9 2
-200 -278 6 1
-199 -277 7 2
-199 -278 6 1
-163 -260 8 1
-198 -278 6 1
-163 -260 10 1
-163 -259 8 1
-200 -261 39 0
-162 -260 7 1
-196 -283 13 0
-197 -282 13 0
-199 -283 13 0
-160 -264 10 1
-164 -265 9 1
-163 -264 10 0
-160 -266 10 1
-151 -252 12 2
-163 -272 12 1
-163 -272 11 1
-163 -272 10 1
-164 -272 12 1
-164 -272 11 1
-164 -272 10 1
-165 -272 12 1
-165 -272 11 2
-181 -259 6 0
-165 -272 10 1
-160 -265 11 2
-165 -263 11 0
-164 -263 11 0
-162 -263 11 0
-161 -258 11 1
-161 -259 11 1
-163 -266 11 0
-162 -265 11 0
-162 -264 11 0
-196 -290 18 0
-195 -290 16 0
-193 -289 19 0
-194 -286 11 1
-193 -286 10 1
-193 -286 9 1
-193 -286 8 1
-194 -284 9 1
-194 -284 8 1
-194 -285 10 1
-177 -280 10 0
-179 -279 9 1
-172 -265 8 1
-184 -251 11 0
-199 -254 34 0
-160 -275 15 0
-159 -271 15 0
-159 -272 15 0
-167 -264 7 1
-158 -251 14 0
-158 -251 13 0
-158 -252 15 0
-155 -251 17 0
-158 -252 7 0
-158 -252 8 0
-152 -269 12 0
-152 -270 12 0
-151 -270 13 0
-151 -267 13 0
-152 -268 16 0
-152 -269 15 0
-151 -270 15 0
-151 -274 15 0
-151 -272 15 0
-151 -273 18 0
-151 -273 17 0
-152 -272 11 1
-151 -269 8 1
-151 -270 8 1
-152 -269 8 1
-152 -270 8 1
-153 -269 8 1
-152 -275 10 0
-154 -270 11 1
-183 -268 6 1
-200 -262 14 0
-199 -263 14 0
-200 -257 14 0
-184 -268 6 1
-184 -269 4 1
-185 -265 5 1
-186 -268 5 2
-183 -268 9 0
-180 -268 11 0
-183 -266 6 1
-181 -267 6 1
-181 -269 7 1
-181 -270 7 1
-181 -271 7 1
-153 -256 10 1
-152 -257 11 1
-152 -256 9 1
-152 -256 10 1
-152 -256 11 1
-167 -255 13 0
-165 -253 11 0
-162 -253 10 0
-167 -254 10 0
-167 -253 10 0
-164 -252 9 0
-152 -273 14 0
-185 -256 12 0
-186 -256 12 0
-189 -260 11 0
-188 -259 11 0
-161 -274 19 1
-192 -254 20 0
-193 -253 19 0
-197 -251 18 0
-197 -256 20 0
-179 -270 4 1
-181 -270 10 0
-180 -262 12 0
-182 -265 13 0
-180 -267 14 0
-180 -267 13 0
-177 -270 5 1
-181 -269 9 0
-177 -260 11 0
-180 -269 12 0
-182 -264 13 0
-178 -262 13 0
-180 -266 13 0
-177 -265 14 0
-178 -265 13 0
-177 -261 10 0
-180 -268 12 0
-179 -267 11 0
-175 -262 12 0
-178 -261 13 0
-177 -264 14 0
-176 -261 12 0
-179 -261 13 0
-180 -265 13 0
-178 -264 13 0
-178 -264 12 0
-178 -264 11 0
-190 -267 13 0
-191 -268 12 0
-191 -267 13 0
-193 -267 13 0
-199 -267 13 0
-198 -267 13 0
-187 -267 6 1
-191 -274 8 1
-162 -252 3 1
-174 -269 14 0
-173 -269 13 0
-192 -252 4 1
-165 -269 14 0
-167 -268 13 0
-171 -264 14 0
-171 -265 13 0
-154 -253 9 1
-154 -253 8 2
-154 -253 7 1
-155 -253 9 1
-155 -253 8 2
-155 -253 7 1
-157 -252 9 0
-159 -251 11 0
-157 -251 15 0
-157 -253 14 0
-155 -252 17 0
-169 -265 16 0
-189 -253 2 1
-168 -267 16 0
-179 -251 2 1
-180 -284 13 1
-182 -251 10 0
-195 -264 22 0
-200 -268 21 0
-199 -268 21 0
-198 -267 21 0
-198 -264 4 2
-198 -265 5 2
-198 -265 4 1
-199 -264 5 1
-194 -265 4 1
-195 -266 5 0
-196 -266 6 0
-196 -270 18 0
-178 -263 10 0
-181 -266 9 0
-180 -265 5 1
-190 -254 4 1
-193 -253 5 0
-193 -252 6 0
-189 -251 6 0
-174 -268 12 0
-183 -264 13 0
-183 -264 14 0
-185 -265 13 0
-182 -266 12 0
-177 -291 19 0
-181 -282 12 0
-180 -277 12 0
-180 -278 12 0
-182 -286 12 1
-182 -285 12 1
-184 -280 13 0
-183 -280 13 0
-178 -278 14 0
-184 -284 14 0
-183 -283 13 0
-181 -283 13 0
-180 -282 12 0
-182 -278 14 0
-181 -279 14 0
-181 -280 13 0
-180 -280 13 0
-181 -286 15 1
-180 -285 14 1
-180 -284 14 1
-183 -281 15 0
-182 -282 15 0
-178 -284 16 0
-179 -279 16 0
-179 -280 15 0
-179 -281 14 0
-181 -283 16 0
-167 -258 10 1
-167 -258 8 1
-167 -259 10 1
-167 -259 9 2
-167 -259 8 2
-165 -255 7 1
-165 -255 6 2
-165 -255 5 1
-165 -256 6 2
-165 -256 5 1
-167 -273 13 1
-172 -271 11 1
-172 -272 11 1
-172 -273 11 1
-172 -274 11 1
-174 -266 11 0
-175 -265 10 0
-173 -270 11 0
-175 -272 10 0
-171 -273 9 1
-171 -273 10 2
-155 -264 8 1
-155 -264 9 1
-184 -266 8 0
-184 -264 8 0
-187 -267 5 1
-187 -292 13 1
-190 -287 12 1
-180 -274 14 0
-181 -266 13 0
-177 -271 12 0
-180 -271 11 0
-181 -271 12 0
-182 -271 12 0
-183 -272 13 0
-181 -268 11 0
-183 -268 12 0
-180 -272 11 0
-181 -273 11 0
-182 -274 11 0
-179 -273 10 0
-180 -291 21 0
-183 -251 10 0
-199 -263 11 0
-199 -256 41 0
-200 -265 13 0
-200 -264 12 0
-200 -264 13 0
-199 -267 12 1
-198 -262 11 0
-197 -271 8 2
-199 -285 15 0
-199 -285 17 0
-200 -285 14 0
-200 -283 14 0
-200 -282 16 0
-199 -285 13 0
-199 -286 14 0
-162 -252 4 2
-161 -252 3 1
-161 -252 4 1
-164 -251 8 0
-161 -252 6 1
-161 -252 7 1
-160 -251 5 0
-158 -272 9 1
-158 -273 11 1
-158 -273 10 2
-158 -273 9 1
-158 -274 11 1
-158 -274 10 2
-158 -274 9 1
-159 -272 11 1
-159 -272 10 2
-159 -272 9 1
-159 -273 9 1
-159 -274 11 1
-159 -274 10 2
-159 -274 9 1
-160 -272 11 1
-160 -272 10 1
-160 -272 9 1
-197 -297 15 2
-197 -297 16 2
-195 -254 41 0
-195 -253 40 0
-198 -252 42 0
-197 -252 40 0
-195 -251 42 0
-162 -252 2 1
-159 -251 5 1
-184 -288 19 0
-184 -288 20 0
-199 -258 18 0
-200 -255 17 0
-160 -274 9 1
-160 -274 10 2
-160 -274 11 2
-160 -273 9 1
-160 -273 10 1
-160 -273 11 1
-198 -298 20 0
-198 -298 21 0
-198 -299 22 0
-199 -299 23 0
-196 -299 22 0
-195 -300 22 0
-199 -297 20 0
-200 -297 21 0
-198 -300 20 0
-200 -299 20 0
-199 -296 19 0
-200 -296 19 0
-200 -298 18 0
-198 -296 18 0
-195 -298 18 0
-199 -299 17 1
-200 -300 17 1
-196 -300 17 1
-196 -300 16 1
-200 -297 17 1
-199 -297 17 1
-196 -297 17 1
-156 -278 12 0
-157 -277 13 0
-153 -275 13 0
-157 -280 14 0
-157 -279 14 0
-154 -277 15 0
-155 -277 14 0
-157 -278 16 0
-157 -278 11 1
-157 -278 10 1
-157 -278 9 1
-155 -274 8 1
-155 -275 10 1
-155 -275 9 1
-155 -275 8 1
-155 -276 10 1
-155 -276 9 2
-155 -276 8 1
-156 -274 8 1
-156 -275 8 1
-156 -276 8 1
-157 -274 8 1
-175 -261 4 2
-175 -261 3 1
-175 -262 5 1
-175 -262 4 2
-175 -262 3 1
-174 -259 6 1
-159 -281 12 0
-175 -259 6 1
-156 -279 13 0
-175 -259 4 1
-158 -280 14 0
-176 -258 6 1
-172 -262 5 2
-172 -262 4 1
-176 -261 5 1
-158 -280 10 0
-175 -256 6 0
-173 -262 6 1
-174 -263 7 1
-174 -263 6 1
-174 -263 5 2
-187 -261 12 0
-198 -292 13 0
-197 -251 30 2
-197 -251 29 2
-197 -251 28 2
-198 -288 12 0
-197 -251 26 2
-197 -251 25 2
-197 -251 24 2
-197 -251 23 2
-193 -254 5 0
-193 -255 5 1
-195 -251 1 1
-154 -284 14 0
-200 -296 16 1
-200 -296 17 1
-200 -295 15 1
-194 -268 11 0
-166 -263 7 1
-156 -282 12 0
-181 -259 4 1
-154 -285 13 0
-182 -257 3 2
-153 -285 12 0
-184 -261 4 1
-162 -260 11 1
-162 -259 11 1
-162 -258 11 1
-158 -266 11 0
-166 -263 11 1
-181 -258 7 0
-181 -255 5 2
-181 -255 4 2
-181 -255 3 1
-196 -251 14 0
-196 -256 16 0
-187 -260 2 1
-177 -273 8 2
-175 -275 14 0
-173 -276 14 0
-172 -277 16 1
-188 -254 10 0
-199 -260 38 0
-171 -273 14 0
-174 -276 13 0
-184 -263 5 1
-168 -276 13 1
-200 -270 8 1
-186 -253 11 0
-200 -282 8 1
-200 -282 9 2
-191 -267 6 2
-182 -261 11 0
-183 -265 4 2
-200 -256 35 0
-199 -273 17 0
-178 -274 10 0
-176 -279 11 0
-179 -280 10 0
-175 -281 10 1
-175 -280 10 1
-174 -281 9 1
-174 -281 10 2
-174 -281 11 1
-173 -281 9 1
-164 -281 12 1
-164 -282 12 1
-162 -282 9 1
-162 -282 10 1
-189 -268 10 0
-189 -259 10 0
-197 -256 5 0
-196 -255 6 0
-188 -256 6 1
-188 -268 9 0
-189 -269 10 0
-199 -251 31 2
-199 -251 30 2
-199 -251 29 2
-199 -251 28 2
-199 -251 27 2
-199 -251 26 2
-199 -251 25 2
-199 -251 24 2
-199 -251 23 2
-199 -251 22 2
-199 -251 21 2
-199 -251 20 2
-199 -251 19 2
-199 -251 18 2
-199 -251 17 2
-199 -251 16 2
-199 -251 15 2
-199 -251 14 2
-199 -251 13 2
-199 -251 12 2
-199 -251 11 2
-199 -251 10 2
-199 -252 32 2
-162 -275 14 1
-160 -276 15 0
-163 -271 14 0
-195 -255 13 0
-196 -254 12 0
-176 -299 8 1
-175 -300 6 1
-168 -269 9 1
-168 -268 7 1
-151 -262 8 1
-151 -262 7 1
-152 -262 7 1
-153 -262 7 1
-160 -276 14 0
-161 -278 12 1
-167 -269 9 2
-166 -269 7 1
-166 -269 8 2
-182 -282 16 0
-182 -283 14 0
-184 -285 17 0
-163 -275 11 2
-163 -275 12 2
-163 -274 10 2
-163 -274 11 1
-162 -276 10 1
-162 -276 11 2
-162 -276 12 1
-162 -275 10 2
-162 -274 10 1
-162 -274 11 2
-161 -276 10 2
-161 -276 11 1
-161 -276 12 1
-161 -275 10 2
-161 -275 11 1
-161 -275 12 1
-161 -274 10 2
-161 -274 11 1
-161 -274 12 1
-160 -275 14 0
-161 -275 13 1
-159 -274 13 1
-158 -274 20 0
-158 -277 19 0
-160 -277 17 0
-160 -278 18 0
-156 -276 17 0
-155 -273 16 0
-162 -279 16 0
-158 -276 15 0
-157 -276 15 0
-156 -277 15 0
-156 -278 15 0
-165 -276 14 2
-165 -276 15 2
-165 -275 14 2
-164 -276 14 1
-164 -276 16 1
-160 -279 14 0
-157 -275 14 0
-161 -276 15 0
-163 -277 13 1
-158 -270 13 0
-159 -276 14 0
-158 -277 13 0
-157 -278 13 0
-157 -274 14 0
-160 -276 13 0
-160 -277 13 0
-157 -276 11 1
-163 -276 9 1
-163 -275 9 1
-163 -274 9 1
-164 -267 13 0
-164 -268 14 0
-164 -262 13 0
-164 -261 13 0
-165 -260 14 0
-159 -265 13 0
-164 -264 11 0
-165 -264 12 0
-165 -265 12 0
-167 -266 13 0
-161 -260 13 0
-162 -267 12 0
-165 -262 12 0
-166 -262 12 0
-193 -285 9 1
-193 -285 10 1
-193 -284 8 1
-193 -284 9 1
-192 -285 9 1
-195 -292 14 0
-194 -291 14 1
-193 -290 14 0
-195 -286 15 0
-178 -255 5 1
-152 -254 11 1
-194 -286 14 0
-193 -287 14 0
-151 -255 13 1
-151 -254 14 0
-151 -253 14 0
-195 -289 15 0
-193 -289 14 0
-153 -255 10 0
-193 -285 16 0
-156 -260 11 0
-155 -260 12 1
-158 -262 8 2
-158 -263 10 1
-158 -263 8 2
-158 -264 10 1
-158 -264 9 1
-158 -264 8 1
-159 -262 10 1
-169 -285 10 1
-171 -283 15 0
-181 -277 12 0
-185 -278 13 0
-180 -279 14 0
-183 -277 15 0
-183 -278 15 0
-183 -279 15 0
-187 -279 16 0
-182 -283 15 0
-180 -277 16 0
-181 -279 16 0
-184 -278 17 0
-184 -279 17 0
-184 -279 16 0
-183 -286 18 0
-179 -280 18 0
-181 -281 17 0
-185 -281 17 0
-184 -281 17 0
-184 -281 16 0
-182 -279 19 0
-182 -280 18 0
-182 -280 17 0
-182 -281 16 0
-184 -283 19 0
-189 -287 17 0
-188 -283 18 0
-186 -289 15 1
-191 -282 12 0
-199 -263 26 0
-196 -264 28 0
-195 -264 29 0
-169 -267 9 1
-169 -265 7 2
-169 -265 8 1
-173 -278 9 1
-173 -278 8 1
-176 -275 11 0
-200 -265 10 0
-199 -297 10 1
-200 -297 10 1
-191 -262 11 0
-191 -262 12 0
-189 -264 12 0
-190 -262 12 0
-192 -263 13 0
-191 -265 13 0
-191 -263 13 0
-200 -293 11 1
-156 -268 9 1
-196 -251 3 1
-196 -251 2 1
-196 -251 1 1
-194 -255 5 1
-194 -258 3 2
-194 -258 2 1
-199 -255 40 0
-183 -287 13 1
-180 -261 8 0
-195 -263 3 2
-154 -257 10 1
-151 -260 8 2
-200 -268 4 1
-200 -268 3 2
-200 -268 2 1
-200 -269 3 1
-200 -269 2 1
-192 -264 5 1
-197 -273 8 2
-151 -261 7 1
-151 -261 8 1
-151 -260 7 1
-192 -268 5 1
-181 -265 5 1
-156 -256 7 1
-155 -255 8 2
-154 -261 7 1
-154 -262 7 1
-154 -263 9 1
-154 -263 8 2
-154 -263 7 1
-155 -261 9 1
-155 -261 8 2
-185 -273 8 1
-185 -274 8 1
-159 -263 11 1
-159 -264 11 1
-159 -265 11 1
-159 -266 10 1
-159 -267 10 1
-160 -261 11 0
-162 -258 10 1
-153 -264 11 1
-190 -284 13 0
-190 -284 12 0
-191 -283 12 0
-187 -282 11 0
-191 -286 11 1
-192 -285 11 0
-190 -284 8 1
-190 -284 9 2
-190 -284 10 1
-190 -283 8 1
-190 -283 9 2
-190 -283 10 1
-190 -282 8 1
-178 -285 15 1
-184 -280 15 0
-184 -281 15 0
-183 -288 15 1
-183 -287 15 1
-183 -286 14 1
-183 -285 14 0
-186 -283 16 0
-185 -283 15 0
-180 -286 16 0
-181 -286 16 0
-181 -285 15 0
-196 -285 10 2
-196 -285 9 1
-196 -286 11 1
-196 -286 10 1
-196 -286 9 1
-196 -287 10 1
-169 -263 12 0
-168 -264 12 0
-197 -288 11 1
-167 -264 12 0
-193 -284 11 0
-193 -285 12 0
-198 -291 12 0
-197 -291 12 0
-197 -285 12 0
-196 -286 13 0
-196 -287 13 0
-195 -287 13 0
-194 -294 13 1
-194 -293 13 1
-194 -292 13 1
-199 -289 13 0
-198 -289 13 0
-197 -289 13 0
-196 -289 14 0
-185 -255 2 1
-185 -256 4 1
-185 -256 2 1
-185 -257 3 1
-185 -257 2 1
-197 -260 36 0
-168 -270 13 1
-167 -272 11 1
-200 -283 10 1
-200 -283 9 2
-200 -283 8 1
-200 -284 10 1
-200 -284 9 1
-200 -284 8 1
-199 -283 9 2
-195 -278 10 0
-195 -279 11 0
-180 -283 12 1
-200 -279 11 0
-175 -282 16 0
-175 -282 15 0
-177 -279 14 0
-178 -281 16 0
-178 -281 15 0
-175 -280 17 0
-176 -280 16 0
-176 -280 14 0
-155 -262 16 0
-154 -262 17 0
-154 -264 15 0
-154 -264 16 0
-157 -266 15 0
-154 -266 13 0
-154 -267 13 0
-156 -267 11 0
-167 -267 13 0
-168 -268 13 0
-168 -269 14 0
-168 -270 14 0
-168 -264 13 0
-189 -259 7 2
-190 -266 6 2
-189 -266 6 2
-189 -267 5 2
-190 -263 7 0
-189 -262 6 0
-188 -262 5 1
-192 -265 6 1
-187 -254 4 2
-188 -255 3 1
-187 -255 3 1
-151 -287 14 0
-187 -255 5 2
-187 -254 3 1
-187 -253 5 1
-186 -255 5 2
-186 -254 3 2
-166 -254 7 1
-166 -254 6 2
-166 -254 5 1
-164 -259 5 1
-165 -259 5 1
-166 -258 6 2
-151 -288 12 0
-156 -283 12 0
-170 -279 9 1
-170 -279 10 2
-170 -279 11 2
-176 -278 11 0
-177 -279 11 0
-199 -259 15 0
-200 -261 13 0
-200 -258 15 0
-200 -260 14 0
-199 -261 14 0
-198 -257 17 0
-198 -257 18 0
-199 -256 15 0
-199 -255 16 0
-199 -254 17 1
-198 -259 17 0
-196 -255 16 0
-200 -260 15 0
-186 -261 5 1
-187 -261 5 1
-190 -253 11 0
-200 -264 34 0
-199 -263 25 0
-198 -251 8 2
-195 -255 7 0
-191 -266 11 0
-173 -278 7 1
-176 -282 7 1
-177 -282 7 1
-157 -264 9 2
-157 -263 8 1
-195 -251 20 0
-194 -251 21 0
-196 -253 20 0
-178 -284 11 1
-179 -283 11 1
-179 -284 13 2
-196 -264 23 0
-198 -256 12 0
-196 -260 9 0
-197 -259 10 0
-195 -260 7 1
-168 -286 14 0
-171 -281 13 0
-172 -280 13 1
-170 -282 12 1
-171 -284 12 0
-172 -286 13 0
-167 -284 12 0
-166 -284 12 0
-169 -285 12 0
-169 -287 11 0
-173 -284 10 1
-171 -285 9 1
-171 -285 10 1
-171 -285 11 1
-170 -285 9 1
-170 -285 10 1
-151 -260 15 0
-171 -281 16 1
-169 -283 15 0
-168 -284 16 0
-171 -285 15 0
-171 -286 15 0
-171 -283 13 0
-174 -284 14 0
-164 -268 8 2
-164 -268 7 1
-165 -266 8 2
-165 -266 7 1
-165 -267 9 1
-165 -267 8 2
-165 -267 7 1
-165 -268 9 1
-165 -268 8 2
-165 -268 7 1
-164 -263 10 0
-164 -264 10 0
-166 -264 9 1
-166 -264 8 2
-199 -284 17 0
-167 -277 14 2
-171 -270 15 0
-167 -272 16 1
-175 -272 16 0
-174 -276 16 0
-167 -274 17 2
-168 -274 17 2
-173 -270 17 0
-172 -271 17 0
-171 -277 17 1
-167 -272 18 0
-168 -273 17 1
-174 -274 18 0
-173 -274 17 0
-168 -275 19 2
-168 -276 19 2
-168 -277 19 2
-169 -275 19 1
-169 -276 19 2
-169 -277 19 2
-170 -275 19 1
-170 -276 19 1
-193 -290 15 0
-193 -291 15 0
-194 -291 16 0
-194 -286 15 0
-194 -285 16 0
-199 -284 7 1
-194 -290 14 0
-195 -291 14 0
-195 -280 15 0
-196 -292 14 0
-193 -285 14 0
-193 -284 14 0
-193 -283 14 0
-195 -288 14 0
-200 -280 16 0
-185 -260 5 1
-199 -279 15 0
-183 -268 4 1
-183 -268 5 2
-182 -268 3 1
-181 -268 3 1
-182 -266 6 1
-179 -267 3 1
-184 -266 2 1
-183 -266 2 1
-182 -266 2 1
-182 -265 2 1
-195 -254 34 0
-194 -252 32 0
-183 -267 11 0
-182 -263 11 0
-195 -255 33 0
-186 -265 11 0
-195 -253 32 0
-183 -269 9 0
-179 -267 9 0
-178 -267 9 0
-181 -269 8 1
-181 -270 8 1
-185 -269 7 0
-185 -270 8 0
-180 -267 7 0
-199 -254 2 1
-199 -254 3 2
-177 -279 10 0
-195 -251 13 0
-195 -263 15 0
-189 -252 4 1
-189 -251 5 0
-194 -274 15 0
-190 -271 15 0
-199 -272 14 0
-197 -275 6 1
-197 -273 7 1
-198 -269 15 0
-199 -269 15 0
-200 -276 7 2
-200 -275 9 0
-200 -276 14 0
-194 -278 13 0
-192 -277 14 0
-200 -278 13 0
-180 -262 2 1
-180 -262 3 1
-180 -262 4 2
-180 -261 2 1
-180 -261 3 2
-179 -282 16 0
-180 -260 2 1
-177 -278 16 0
-177 -282 13 0
-176 -283 16 0
-180 -280 14 0
-180 -280 15 0
-181 -280 15 0
-174 -279 15 0
-178 -281 12 0
-178 -282 13 0
-178 -283 14 1
-178 -284 14 2
-179 -284 15 1
-197 -251 10 0
-197 -263 19 0
-186 -268 3 1
-186 -268 4 2
-186 -267 3 1
-186 -266 3 1
-200 -260 13 0
-153 -255 16 0
-152 -257 18 0
-152 -257 17 0
-190 -262 3 2
-190 -263 2 1
-190 -263 3 2
-190 -263 4 1
-190 -262 2 1
-190 -262 4 1
-190 -261 2 1
-190 -261 3 2
-170 -271 10 2
-172 -265 6 2
-184 -265 2 1
-172 -264 14 0
-190 -269 12 0
-167 -269 13 0
-166 -269 14 0
-172 -269 12 0
-174 -269 13 0
-154 -254 17 0
-157 -256 17 0
-159 -254 16 0
-158 -251 15 0
-156 -252 7 1
-156 -252 8 1
-156 -252 9 1
-155 -252 7 1
-155 -252 8 2
-155 -252 9 1
-154 -252 7 1
-154 -252 8 2
-154 -252 9 1
-194 -269 9 1
-194 -269 8 2
-194 -269 7 2
-199 -265 31 0
-198 -266 31 0
-198 -255 42 0
-199 -253 41 0
-197 -258 41 0
-178 -291 17 0
-199 -258 38 0
-197 -260 38 0
-183 -292 17 0
-196 -258 37 0
-195 -258 37 0
-174 -290 17 0
-182 -286 18 0
-195 -259 37 0
-196 -257 32 0
-181 -287 18 0
-179 -294 18 0
-198 -256 40 0
-198 -256 41 0
-198 -256 42 0
-178 -268 12 0
-178 -268 13 0
-178 -268 14 0
-177 -268 15 0
-179 -268 12 0
-174 -278 12 0
-179 -278 14 0
-178 -278 13 0
-176 -277 13 0
-170 -279 15 2
-170 -279 14 2
-170 -279 13 2
-171 -279 15 2
-171 -279 14 2
-171 -279 13 1
-172 -277 14 1
-156 -253 7 1
-156 -253 8 1
-156 -253 9 1
-155 -258 10 1
-158 -258 15 0
-157 -255 16 0
-158 -257 14 0
-160 -257 16 0
-158 -261 15 0
-159 -254 15 0
-196 -261 25 0
-186 -266 4 2
-185 -267 5 1
-192 -251 32 0
-200 -265 25 0
-200 -265 24 0
-185 -263 5 1
-182 -265 8 0
-197 -298 25 0
-196 -293 24 0
-151 -282 12 0
-151 -281 11 0
-151 -280 10 0
-155 -258 14 0
-182 -258 7 0
-183 -258 8 0
-186 -257 11 0
-194 -284 10 1
-193 -287 13 1
-174 -256 9 0
-175 -256 9 0
-176 -256 9 0
-167 -290 15 0
-163 -286 15 0
-162 -286 14 0
-170 -287 15 0
-171 -288 14 0
-166 -287 15 0
-193 -293 23 0
-195 -296 25 0
-192 -295 25 0
-192 -293 16 0
-192 -294 17 0
-194 -295 16 1
-194 -295 17 0
-194 -295 18 0
-193 -295 19 0
-190 -296 16 0
-196 -293 13 0
-194 -295 13 1
-194 -298 14 1
-194 -297 15 0
-193 -300 16 0
-167 -258 6 2
-167 -258 5 1
-167 -259 6 2
-167 -259 5 1
-161 -253 5 1
-161 -254 5 1
-161 -255 5 1
-162 -255 5 1
-166 -255 8 0
-156 -251 7 1
-156 -251 6 1
-170 -265 7 2
-196 -251 20 0
-198 -254 22 0
-197 -253 21 0
-195 -252 22 0
-185 -270 7 1
-184 -274 7 1
-184 -274 6 1
-184 -274 5 1
-185 -274 7 2
-185 -274 6 1
-171 -257 3 1
-171 -258 3 1
-184 -273 7 1
-183 -273 5 1
-183 -273 6 1
-183 -273 7 1
-185 -268 7 0
-187 -269 6 1
-188 -269 5 1
-183 -271 4 1
-183 -270 4 1
-182 -271 4 1
-181 -271 4 1
-186 -270 4 1
-186 -270 5 1
-186 -270 6 1
-186 -269 4 1
-189 -291 19 0
-183 -288 8 1
-184 -287 10 1
-184 -287 9 2
-184 -287 8 1
-184 -288 10 2
-184 -288 9 2
-184 -288 8 1
-183 -287 9 2
-186 -286 10 2
-185 -286 11 1
-184 -285 12 0
-185 -280 11 0
-185 -281 11 0
-184 -282 12 0
-181 -288 13 1
-197 -265 30 0
-193 -251 1 1
-190 -267 9 0
-190 -268 9 0
-193 -251 5 0
-191 -253 2 1
-191 -253 3 2
-190 -255 2 1
-190 -255 3 1
-193 -251 7 0
-199 -256 38 0
-160 -260 12 0
-169 -264 7 2
-170 -262 9 1
-170 -262 8 1
-170 -263 8 2
-181 -288 12 1
-181 -288 11 1
-181 -289 13 1
-187 -287 12 1
-186 -287 12 0
-179 -267 4 1
-179 -267 5 2
-179 -267 6 1
-178 -269 4 1
-178 -269 5 1
-178 -269 6 2
-178 -268 4 1
-178 -268 6 1
-178 -267 4 1
-178 -267 5 2
-178 -267 6 1
-177 -269 4 1
-177 -269 5 1
-177 -269 6 1
-177 -268 4 1
-177 -268 5 1
-177 -268 6 2
-177 -267 4 2
-183 -289 10 1
-182 -289 10 1
-181 -289 10 1
-187 -284 11 1
-187 -284 10 1
-186 -286 8 1
-186 -285 8 1
-186 -284 8 1
-192 -254 16 0
-195 -255 16 0
-173 -281 10 2
-164 -280 12 1
-166 -276 11 1
-167 -278 13 2
-171 -259 3 1
-186 -272 5 1
-186 -273 7 1
-186 -273 6 2
-186 -273 5 1
-186 -274 7 1
-186 -274 6 1
-196 -295 13 1
-186 -274 5 1
-181 -271 8 1
-182 -271 8 1
-183 -271 8 1
-187 -270 8 0
-183 -272 9 0
-184 -271 9 0
-184 -270 8 1
-184 -269 8 0
-181 -269 10 0
-182 -269 9 0
-186 -271 10 0
-183 -270 11 0
-193 -253 15 0
-198 -293 17 0
-196 -292 16 0
-192 -255 16 0
-194 -254 16 0
-191 -251 17 0
-192 -251 17 0
-193 -252 17 0
-194 -252 17 0
-195 -257 18 0
-195 -291 17 0
-193 -296 13 2
-193 -297 12 1
-195 -251 17 0
-200 -254 18 1
-199 -254 18 1
-177 -283 19 0
-178 -283 20 0
-191 -256 5 2
-157 -258 13 0
-156 -258 13 0
-153 -264 14 0
-153 -263 13 0
-153 -262 13 0
-154 -260 12 1
-159 -261 14 0
-158 -261 14 0
-157 -260 13 0
-156 -260 13 0
-182 -288 14 2
-183 -286 15 1
-156 -255 15 0
-194 -263 27 0
-191 -252 9 0
-191 -252 11 0
-190 -252 12 0
-192 -252 9 0
-193 -253 10 0
-193 -253 11 0
-192 -251 8 0
-195 -266 26 0
-194 -266 26 0
-197 -289 15 0
-193 -292 18 0
-180 -251 9 0
-185 -255 10 0
-184 -254 10 0
-195 -288 15 0
-197 -291 18 0
-182 -251 9 0
-178 -251 11 0
-179 -252 10 0
-180 -285 18 0
-181 -285 18 0
-172 -281 18 0
-176 -288 18 0
-193 -255 34 0
-179 -281 9 1
-163 -258 12 0
-159 -256 11 0
-161 -255 11 0
-172 -280 9 1
-173 -280 11 1
-168 -275 18 2
-173 -273 16 0
-174 -273 17 0
-168 -272 16 0
-167 -272 17 1
-171 -278 16 2
-191 -251 11 0
-172 -270 16 0
-169 -274 15 1
-169 -274 16 1
-168 -274 16 1
-164 -258 15 0
-166 -256 14 0
-164 -253 12 0
-164 -253 13 0
-163 -253 10 0
-163 -252 10 0
-163 -251 10 0
-165 -255 8 0
-163 -253 6 2
-164 -254 5 1
-164 -254 6 1
-164 -254 7 1
-162 -252 8 1
-167 -254 8 0
-169 -252 7 1
-166 -256 8 0
-169 -258 7 1
-169 -258 6 1
-165 -251 6 2
-166 -251 5 1
-194 -299 12 1
-194 -299 13 1
-194 -299 14 1
-194 -298 12 1
-194 -298 13 1
-194 -297 12 1
-194 -297 13 1
-164 -251 5 2
-164 -251 7 1
-170 -256 5 2
-170 -256 6 1
-170 -256 7 1
-169 -256 5 1
-169 -256 6 1
-169 -256 7 1
-198 -283 11 1
-197 -260 14 0
-198 -259 13 0
-189 -268 14 0
-169 -254 13 0
-163 -253 12 0
-163 -251 13 0
-167 -252 13 0
-163 -255 15 0
-166 -254 15 0
-163 -252 15 0
-180 -252 7 0
-177 -254 7 1
-178 -251 8 0
-185 -254 8 0
-196 -277 11 0
-175 -252 9 1
-182 -253 8 0
-194 -274 12 0
-199 -273 11 1
-179 -251 9 0
-179 -252 9 0
-184 -255 10 0
-193 -278 11 0
-194 -277 11 0
-194 -276 12 0
-194 -276 13 0
-195 -271 12 1
-199 -277 12 0
-198 -276 12 0
-197 -275 13 0
-196 -275 13 0
-200 -275 5 1
-200 -274 4 1
-200 -274 5 1
-193 -271 10 1
-200 -273 5 1
-170 -263 14 0
-188 -265 9 0
-164 -267 9 1
-189 -293 21 0
-185 -299 22 0
-186 -297 21 0
-191 -296 23 0
-190 -296 22 0
-194 -275 6 1
-194 -276 8 1
-194 -276 6 1
-194 -277 8 1
-195 -276 7 2
-195 -276 6 1
-163 -270 9 1
-163 -269 7 1
-163 -269 8 1
-163 -269 9 1
-162 -270 7 1
-162 -270 8 1
-162 -270 9 1
-162 -269 7 1
-173 -273 9 2
-173 -273 10 1
-172 -273 8 1
-172 -273 9 2
-172 -273 10 1
-193 -259 2 1
-154 -252 11 1
-154 -253 10 0
-194 -256 39 0
-198 -257 37 0
-194 -259 2 1
-199 -257 36 0
-199 -258 35 0
-194 -260 3 2
-194 -260 2 1
-194 -265 7 0
-192 -268 4 1
-200 -257 11 0
-178 -255 6 1
-180 -255 2 1
-181 -255 2 1
-175 -256 2 1
-175 -257 4 2
-175 -257 3 1
-175 -257 2 1
-175 -258 4 1
-175 -258 3 1
-175 -258 2 1
-176 -256 2 1
-176 -257 2 1
-153 -254 15 0
-152 -253 14 0
-179 -252 6 1
-179 -252 5 1
-155 -257 12 0
-154 -263 11 1
-153 -262 12 0
-153 -261 12 1
-153 -260 12 1
-158 -259 12 0
-157 -259 12 0
-199 -281 15 0
-199 -280 16 0
-199 -280 17 0
-188 -251 4 1
-181 -281 7 1
-181 -281 8 1
-181 -281 9 1
-175 -274 22 0
-171 -271 21 0
-167 -279 21 1
-167 -280 21 0
-175 -276 20 0
-167 -273 20 1
-171 -280 20 0
-171 -281 20 0
-173 -273 20 0
-188 -262 12 0
-186 -260 10 0
-186 -260 11 0
-186 -259 11 0
-186 -259 12 0
-186 -262 10 0
-185 -263 11 0
-184 -264 12 0
-171 -277 24 0
-172 -277 25 0
-172 -278 26 0
-170 -277 23 0
-171 -276 22 0
-174 -276 25 0
-168 -275 24 0
-172 -274 23 0
-172 -273 24 0
-167 -277 23 0
-174 -278 23 0
-168 -272 23 0
-167 -275 22 1
-166 -275 22 1
-173 -280 22 0
-174 -276 21 0
-175 -276 21 0
-173 -278 20 0
-169 -263 15 0
-168 -260 13 0
-168 -260 14 0
-167 -259 15 0
-166 -264 14 0
-171 -261 14 0
-169 -260 12 0
-169 -259 13 0
-170 -258 14 0
-172 -264 13 0
-171 -260 12 0
-170 -262 11 0
-170 -274 26 0
-169 -275 23 0
-167 -274 25 0
-171 -278 23 0
-171 -279 24 0
-168 -277 23 0
-166 -278 24 0
-169 -273 23 0
-169 -281 23 0
-172 -275 22 0
-172 -278 22 0
-167 -273 21 1
-169 -266 6 1
-168 -266 6 1
-195 -253 20 0
-194 -254 21 0
-194 -254 22 0
-198 -252 20 0
-194 -251 20 0
-174 -262 6 1
-196 -254 19 0
-197 -254 20 0
-197 -256 21 0
-197 -251 19 0
-194 -253 19 0
-193 -253 20 0
-198 -253 19 0
-199 -253 20 1
-200 -254 20 1
-176 -262 4 2
-174 -266 10 0
-173 -266 13 0
-175 -267 12 0
-174 -265 11 0
-174 -265 12 0
-174 -264 12 0
-174 -264 13 0
-177 -266 12 0
-177 -266 13 0
-177 -268 11 0
-178 -268 11 0
-174 -263 9 0
-170 -266 5 1
-176 -270 5 1
-175 -270 5 1
-174 -270 5 1
-174 -270 6 1
-171 -268 5 1
-174 -268 13 0
-173 -264 14 0
-176 -266 12 0
-176 -266 13 0
-168 -256 5 1
-168 -256 6 2
-168 -256 7 1
-174 -278 9 1
-175 -276 10 1
-177 -275 7 1
-177 -275 8 2
-177 -275 9 1
-177 -274 7 1
-160 -271 12 1
-162 -277 11 2
-162 -277 10 1
-162 -278 12 1
-181 -265 6 0
-181 -266 6 1
-184 -267 4 2
-184 -267 3 1
-183 -266 4 2
-179 -266 6 1
-180 -268 5 2
-180 -268 4 2
-180 -269 6 2
-180 -269 5 2
-180 -269 4 1
-174 -268 5 1
-175 -268 5 1
-176 -266 7 1
-176 -266 6 1
-176 -267 7 1
-176 -267 6 1
-176 -268 7 1
-176 -268 6 2
-176 -268 5 1
-180 -264 6 0
-178 -268 8 0
-178 -267 8 0
-180 -264 7 0
-172 -266 8 1
-172 -266 9 0
-171 -272 10 2
-171 -272 9 2
-161 -257 6 1
-200 -254 40 0
-196 -254 31 0
-197 -252 31 0
-182 -270 8 1
-182 -271 9 0
-196 -257 33 0
-181 -268 7 1
-180 -269 7 1
-200 -256 32 0
-184 -272 5 1
-159 -251 4 1
-184 -272 6 2
-184 -272 7 1
-184 -271 5 1
-184 -271 6 2
-184 -271 7 1
-184 -270 5 2
-184 -270 6 1
-183 -272 5 1
-178 -278 15 0
-175 -280 13 0
-177 -275 14 0
-172 -280 14 1
-178 -280 13 0
-174 -282 13 0
-174 -283 13 0
-179 -276 13 0
-177 -282 12 0
-172 -281 12 1
-171 -282 12 1
-180 -279 11 0
-178 -275 10 0
-171 -280 10 1
-171 -280 11 2
-197 -256 34 0
-195 -252 32 0
-178 -283 7 1
-178 -283 8 1
-178 -283 9 2
-189 -269 9 0
-191 -270 9 1
-190 -270 9 0
-188 -263 10 0
-198 -257 42 0
-196 -258 39 0
-195 -256 37 0
-190 -264 4 1
-195 -260 37 0
-190 -264 3 2
-196 -253 2 2
-198 -259 40 0
-196 -254 4 1
-200 -261 40 0
-197 -259 37 0
-199 -262 36 0
-196 -254 3 2
-197 -260 35 0
-174 -273 10 1
-174 -272 8 2
-174 -272 9 1
-196 -255 12 0
-181 -283 15 0
-180 -283 14 1
-178 -282 17 0
-196 -254 2 1
-196 -255 4 1
-198 -262 38 0
-196 -260 37 0
-195 -258 35 0
-197 -261 34 0
-196 -255 3 2
-200 -297 12 1
-199 -257 40 0
-199 -263 24 0
-198 -259 39 0
-198 -260 41 0
-199 -295 15 1
-169 -267 12 0
-192 -273 5 1
-192 -273 4 1
-192 -274 5 1
-192 -274 4 1
-193 -272 5 1
-193 -272 4 1
-193 -273 6 2
-193 -273 4 1
-194 -255 37 1
-194 -255 38 1
-194 -254 36 1
-194 -254 37 2
-194 -254 38 1
-194 -253 37 2
-194 -253 38 1
-193 -255 36 1
-193 -255 37 1
-193 -255 38 1
-193 -254 36 1
-193 -254 38 1
-193 -253 36 1
-193 -253 37 1
-192 -255 36 1
-192 -255 37 1
-192 -255 38 1
-192 -292 15 0
-191 -293 15 0
-194 -288 14 0
-194 -287 14 0
-173 -273 8 1
-151 -252 13 1
-151 -253 13 1
-152 -251 13 1
-167 -262 10 2
-168 -260 11 1
-168 -260 9 2
-165 -268 12 0
-193 -261 12 0
-200 -273 12 1
-187 -270 10 0
-194 -258 12 0
-194 -274 11 0
-189 -272 11 0
-189 -271 11 0
-192 -269 14 0
-200 -261 9 0
-200 -260 8 0
-200 -259 7 0
-156 -265 11 1
-180 -264 4 2
-157 -258 11 0
-178 -262 7 0
-179 -263 3 1
-180 -262 5 1
-180 -263 4 2
-180 -263 3 2
-199 -254 32 0
-178 -261 7 0
-176 -300 12 0
-184 -261 5 1
-187 -257 3 1
-176 -279 14 0
-177 -280 16 0
-175 -276 16 0
-174 -280 14 0
-174 -280 15 0
-173 -281 16 0
-177 -278 14 0
-195 -262 16 0
-192 -263 15 0
-197 -261 14 0
-198 -271 17 0
-199 -271 17 0
-196 -272 18 0
-152 -260 18 0
-153 -261 19 0
-179 -277 14 0
-152 -262 17 0
-152 -263 18 0
-153 -255 17 0
-181 -282 13 0
-182 -282 14 0
-193 -256 6 1
-154 -263 15 0
-197 -260 4 1
-198 -252 1 1
-198 -252 2 2
-192 -253 6 0
-194 -254 6 0
-196 -255 5 0
-194 -252 5 0
-195 -252 5 1
-196 -252 4 1
-196 -251 4 1
-195 -257 2 1
-195 -257 3 2
-195 -257 4 1
-195 -256 2 1
-195 -256 3 2
-195 -254 14 0
-195 -255 2 1
-195 -255 3 2
-195 -255 4 1
-194 -257 2 1
-194 -257 3 1
-193 -257 2 1
-193 -257 3 1
-176 -286 8 1
-175 -285 9 2
-181 -283 10 1
-180 -282 11 1
-179 -282 11 1
-181 -277 10 0
-178 -282 11 1
-177 -284 10 2
-178 -284 10 2
-179 -284 10 2
-179 -285 10 1
-179 -286 12 1
-179 -286 11 1
-179 -286 10 1
-183 -281 11 0
-182 -281 11 0
-181 -281 12 0
-180 -281 12 0
-195 -276 12 0
-197 -279 10 0
-198 -270 19 0
-167 -261 12 0
-164 -265 11 0
-197 -295 12 2
-197 -296 14 1
-197 -296 13 2
-197 -296 12 1
-198 -294 14 1
-198 -294 13 1
-199 -291 9 2
-182 -258 10 0
-198 -294 12 1
-194 -259 10 0
-195 -259 11 0
-198 -295 14 1
-198 -295 12 2
-198 -296 14 2
-198 -296 13 2
-198 -296 12 1
-199 -294 13 1
-199 -294 12 1
-196 -271 7 1
-195 -271 7 1
-199 -295 14 2
-186 -291 19 1
-187 -290 19 0
-186 -295 19 1
-188 -296 18 0
-183 -296 18 0
-182 -297 17 0
-181 -265 2 1
-181 -265 3 2
-184 -255 2 1
-184 -255 3 2
-184 -255 4 2
-190 -264 12 0
-199 -258 4 1
-191 -269 5 1
-189 -268 7 1
-190 -268 6 2
-189 -267 7 1
-188 -267 8 0
-188 -268 8 0
-199 -258 39 0
-199 -255 38 0
-196 -251 7 0
-200 -254 39 0
-187 -267 9 0
-178 -274 12 0
-180 -270 11 0
-181 -270 12 0
-182 -269 12 0
-180 -273 11 0
-181 -274 11 0
-182 -275 11 0
-181 -271 11 0
-158 -267 8 1
-158 -267 7 1
-158 -268 9 1
-158 -268 8 1
-158 -268 7 1
-159 -267 9 1
-153 -278 13 0
-153 -278 14 0
-158 -271 13 0
-153 -274 12 0
-152 -273 13 0
-155 -271 12 0
-155 -270 12 0
-155 -269 12 0
-153 -275 12 0
-152 -276 12 0
-151 -276 12 0
-152 -272 12 0
-151 -271 12 0
-151 -270 12 0
-154 -277 12 0
-154 -278 11 0
-154 -279 11 0
-157 -270 11 0
-152 -274 12 0
-151 -274 11 0
-154 -272 11 1
-154 -271 11 1
-153 -270 10 1
-153 -277 10 0
-152 -278 10 0
-152 -271 8 1
-152 -271 9 1
-152 -271 10 1
-151 -271 8 1
-151 -271 9 1
-151 -271 10 1
-154 -274 12 0
-153 -273 11 0
-157 -278 7 1
-157 -277 7 1
-157 -276 7 1
-156 -278 7 1
-156 -277 7 1
-156 -276 7 1
-194 -260 25 0
-198 -267 25 0
-198 -268 25 0
-198 -269 25 0
-194 -256 12 0
-159 -266 7 1
-160 -264 9 1
-160 -264 8 2
-159 -267 7 1
-159 -268 9 1
-159 -268 8 1
-159 -268 7 1
-160 -267 9 1
-196 -291 12 1
-196 -291 11 1
-196 -285 12 0
-196 -279 10 0
-195 -286 13 0
-193 -291 13 1
-196 -298 12 1
-196 -299 12 1
-163 -251 6 2
-163 -251 5 2
-169 -252 9 0
-167 -251 10 0
-176 -276 11 0
-189 -262 10 0
-198 -261 4 1
-198 -261 3 2
-198 -261 2 1
-199 -257 39 0
-198 -262 4 2
-159 -261 9 1
-200 -261 2 1
-200 -261 3 2
-200 -261 4 1
-199 -261 2 1
-199 -261 3 2
-199 -261 4 1
-200 -254 2 1
-200 -254 4 1
-200 -253 2 1
-200 -253 3 2
-199 -255 5 0
-196 -256 40 0
-195 -263 16 0
-197 -258 5 0
-194 -263 16 0
-200 -260 5 0
-199 -254 40 0
-168 -263 13 0
-195 -299 17 0
-198 -294 16 0
-195 -296 13 1
-169 -259 6 1
-169 -259 7 1
-168 -260 6 2
-167 -260 6 1
-169 -255 8 0
-200 -259 39 0
-199 -260 35 0
-179 -268 6 1
-179 -268 5 2
-179 -268 4 1
-179 -269 6 1
-179 -269 5 1
-191 -268 18 0
-179 -269 4 1
-190 -273 9 0
-178 -268 5 2
-173 -266 7 1
-173 -266 6 2
-167 -276 16 1
-167 -276 15 1
-167 -277 17 2
-167 -277 16 2
-182 -290 17 0
-183 -290 17 0
-181 -292 17 0
-181 -293 16 0
-196 -251 42 0
-198 -264 13 0
-199 -279 16 0
-176 -300 10 0
-191 -265 12 0
-154 -255 7 1
-154 -256 9 1
-196 -275 6 1
-170 -273 9 1
-170 -273 10 2
-170 -273 11 1
-195 -278 14 0
-195 -279 14 0
-200 -288 16 0
-198 -274 14 0
-185 -282 14 0
-185 -281 14 0
-181 -289 14 1
-186 -286 13 0
-187 -286 13 0
-188 -286 13 1
-189 -286 13 1
-190 -286 13 1
-185 -289 13 1
-185 -290 13 1
-185 -291 12 0
-175 -284 13 1
-152 -264 9 1
-192 -268 14 0
-183 -261 11 0
-184 -262 12 0
-197 -268 18 0
-160 -278 12 1
-160 -277 10 2
-160 -277 11 1
-161 -272 10 2
-162 -273 9 1
-160 -277 18 0
-157 -275 17 0
-155 -276 18 0
-163 -276 17 1
-158 -272 17 0
-191 -257 13 0
-198 -256 34 0
-158 -259 13 0
-192 -254 10 0
-192 -254 11 0
-195 -290 17 0
-191 -289 18 0
-192 -285 20 0
-192 -285 19 0
-192 -286 18 0
-192 -286 17 0
-194 -289 20 0
-191 -288 20 0
-191 -288 19 0
-192 -283 13 0
-193 -284 15 0
-174 -279 17 0
-176 -279 13 0
-170 -266 7 2
-184 -255 6 1
-200 -291 16 0
-199 -291 15 0
-200 -251 3 1
-162 -276 19 0
-160 -270 20 0
-158 -275 20 0
-159 -275 20 0
-160 -274 20 0
-198 -281 9 1
-198 -276 10 0
-198 -275 9 1
-187 -265 7 0
-167 -260 9 2
-194 -279 9 1
-187 -268 8 0
-200 -280 7 1
-200 -280 8 2
-200 -280 9 2
-200 -279 7 1
-200 -279 8 2
-200 -279 9 1
-200 -278 7 1
-188 -267 6 1
-200 -278 9 1
-188 -264 6 1
-199 -280 8 2
-185 -267 9 0
-184 -290 11 1
-184 -289 11 1
-177 -283 12 1
-177 -283 13 1
-176 -285 13 2
-176 -285 14 2
-157 -281 13 0
-156 -278 11 0
-158 -279 9 1
-158 -279 10 1
-198 -295 15 1
-198 -296 15 2
-200 -266 2 1
-196 -261 5 1
-194 -257 15 0
-194 -257 16 0
-196 -258 14 0
-197 -259 16 0
-195 -255 14 0
-193 -259 14 0
-193 -260 15 0
-198 -257 14 0
-197 -254 13 0
-169 -256 14 0
-163 -275 10 1
-163 -276 12 1
-163 -276 11 2
-163 -276 10 1
-162 -275 11 2
-157 -275 16 0
-157 -278 15 0
-170 -271 11 1
-170 -270 11 1
-170 -269 11 0
-167 -285 18 0
-181 -282 15 0
-168 -260 10 1
-198 -280 11 0
-197 -279 12 0
-193 -277 10 0
-196 -278 12 0
-168 -262 11 1
-200 -277 11 0
-199 -277 11 0
-192 -269 15 0
-196 -268 17 0
-196 -268 16 0
-197 -268 15 0
-195 -267 17 0
-194 -267 16 0
-176 -278 16 0
-176 -278 15 0
-177 -277 9 1
-177 -277 8 2
-177 -277 7 1
-200 -274 18 0
-175 -280 8 2
-175 -280 7 1
-176 -280 9 1
-176 -280 8 2
-176 -280 7 1
-177 -278 9 1
-177 -278 8 2
-177 -278 7 1
-177 -279 9 1
-177 -279 8 2
-177 -279 7 1
-177 -280 9 1
-177 -280 8 2
-177 -280 7 1
-172 -278 11 1
-172 -279 11 2
-173 -278 11 1
-173 -279 11 1
-174 -277 10 1
-174 -278 10 1
-174 -279 10 2
-178 -278 10 0
-177 -278 10 0
-176 -277 11 0
-169 -277 10 1
-169 -277 9 1
-170 -277 10 1
-170 -277 9 1
-195 -251 11 0
-197 -280 12 0
-194 -267 15 0
-199 -260 25 0
-199 -261 26 0
-199 -261 27 0
-195 -252 13 0
-172 -281 14 0
-179 -281 13 0
-198 -273 11 1
-197 -267 12 1
-197 -267 13 0
-199 -268 11 1
-199 -268 12 1
-198 -266 9 0
-198 -265 10 0
-166 -251 8 0
-166 -251 10 0
-168 -252 9 0
-198 -269 11 1
-197 -269 10 1
-197 -269 11 1
-197 -268 11 1
-164 -254 4 1
-196 -268 10 1
-196 -268 11 1
-163 -270 21 0
-163 -269 21 0
-163 -268 21 0
-163 -267 21 0
-159 -275 21 0
-160 -269 20 0
-159 -269 20 0
-165 -268 20 0
-184 -289 20 0
-168 -278 25 0
-169 -277 24 0
-171 -278 26 0
-171 -277 26 0
-164 -257 11 1
-163 -257 11 1
-167 -258 11 1
-170 -280 21 0
-166 -279 22 0
-165 -275 23 0
-173 -275 23 0
-168 -272 24 0
-172 -273 25 0
-171 -274 23 0
-171 -276 23 0
-186 -282 12 0
-186 -281 12 0
-187 -287 11 1
-181 -288 10 1
-186 -284 11 1
-186 -289 8 1
-186 -289 9 2
-186 -289 10 1
-195 -287 8 1
-197 -290 11 0
-196 -291 10 1
-196 -291 9 1
-153 -257 8 2
-153 -257 7 1
-193 -252 21 0
-192 -264 19 0
-196 -266 22 0
-151 -253 15 0
-200 -259 17 0
-197 -269 19 0
-197 -268 20 0
-196 -267 21 0
-194 -265 21 0
-200 -265 20 0
-163 -267 20 0
-198 -270 11 1
-194 -263 6 0
-197 -254 8 0
-193 -257 10 0
-183 -259 3 2
-183 -259 4 2
-157 -259 16 0
-159 -256 10 1
-158 -255 11 0
-157 -255 12 0
-160 -258 12 0
-156 -252 13 0
-156 -253 13 0
-156 -254 13 0
-158 -262 13 0
-159 -255 13 0
-154 -262 14 0
-159 -259 14 0
-157 -254 15 0
-159 -257 16 0
-158 -257 15 0
-155 -255 17 0
-155 -255 16 0
-157 -259 17 0
-156 -259 16 0
-154 -257 17 0
-184 -293 20 0
-182 -292 19 0
-178 -293 21 0
-183 -289 21 0
-183 -296 22 0
-182 -295 21 0
-182 -293 20 0
-185 -291 23 0
-184 -291 21 0
-180 -294 23 0
-180 -294 22 0
-181 -289 23 0
-181 -290 22 0
-183 -293 24 0
-183 -293 23 0
-182 -293 22 0
-182 -292 20 0
-180 -292 24 0
-180 -292 23 0
-181 -292 22 0
-181 -292 21 0
-179 -291 15 1
-179 -291 14 1
-179 -291 13 1
-180 -291 14 1
-180 -291 13 1
-181 -291 15 1
-174 -279 13 0
-159 -280 13 0
-167 -277 13 2
-163 -280 12 1
-163 -281 12 1
-167 -280 10 1
-167 -280 11 2
-167 -280 12 1
-166 -280 10 1
-166 -280 11 2
-154 -288 14 0
-154 -287 14 0
-153 -286 14 0
-151 -281 14 0
-151 -282 14 0
-152 -283 14 0
-151 -286 15 0
-152 -285 15 0
-154 -279 15 0
-154 -280 15 0
-192 -257 14 0
-199 -274 18 0
-176 -278 10 0
-178 -277 8 2
-183 -280 15 0
-183 -280 14 0
-183 -281 14 0
-182 -286 14 1
-182 -285 13 1
-185 -283 16 0
-184 -283 15 0
-199 -260 11 0
-191 -261 10 0
-170 -263 12 0
-166 -266 11 0
-167 -267 11 0
-167 -267 12 0
-175 -262 8 0
-176 -263 8 0
-176 -263 9 0
-176 -264 9 0
-176 -261 7 0
-177 -261 7 0
-174 -264 8 0
-174 -265 8 0
-177 -263 7 0
-170 -265 5 1
-175 -262 6 1
-175 -263 6 1
-175 -264 6 1
-175 -265 5 1
-176 -261 6 0
-175 -264 4 1
-175 -264 5 1
-174 -264 4 2
-173 -264 4 1
-184 -280 11 0
-183 -282 11 0
-180 -287 12 1
-180 -287 11 1
-195 -275 6 1
-194 -277 6 1
-194 -277 7 1
-196 -277 10 0
-198 -275 13 0
-199 -274 12 0
-199 -273 12 1
-194 -277 12 0
-195 -251 37 1
-192 -278 11 0
-189 -251 36 0
-199 -279 11 0
-200 -280 11 0
-172 -268 12 0
-169 -271 16 0
-171 -266 16 0
-171 -266 15 0
-197 -261 9 0
-153 -254 12 0
-176 -286 10 1
-176 -287 12 2
-189 -271 13 0
-176 -300 6 1
-176 -300 8 1
-176 -299 6 1
-153 -254 7 1
-153 -254 8 1
-153 -254 9 1
-171 -251 3 2
-178 -281 14 0
-176 -281 17 0
-177 -281 15 0
-177 -281 14 0
-186 -259 8 0
-177 -265 10 0
-176 -265 12 0
-176 -265 13 0
-179 -267 12 0
-179 -267 13 0
-177 -264 11 0
-171 -257 7 1
-166 -261 6 1
-167 -261 6 1
-170 -252 8 0
-181 -278 10 0
-179 -276 16 0
-181 -279 17 0
-172 -260 8 0
-173 -255 8 0
-168 -253 9 0
-174 -259 9 0
-173 -259 9 0
-171 -258 8 0
-172 -253 10 0
-180 -278 10 0
-179 -280 17 0
-171 -261 10 0
-173 -257 11 0
-172 -257 10 0
-170 -256 9 0
-171 -258 11 0
-170 -258 9 0
-169 -256 4 1
-169 -257 4 1
-200 -258 35 0
-199 -260 34 0
-199 -257 32 0
-200 -255 31 0
-195 -259 12 0
-195 -259 13 0
-197 -260 12 0
-199 -259 12 0
-151 -255 14 0
-199 -259 34 0
-151 -255 12 1
-197 -265 21 0
-194 -269 20 0
-195 -268 21 0
-195 -261 20 0
-195 -262 21 0
-195 -263 21 0
-188 -262 3 2
-188 -262 2 1
-153 -257 14 0
-152 -257 14 0
-153 -261 14 0
-152 -260 14 0
-152 -259 14 0
-151 -258 14 0
-198 -262 9 0
-192 -264 8 0
-191 -264 8 0
-189 -264 9 0
-194 -261 25 0
-200 -267 25 0
-187 -252 6 1
-200 -253 39 0
-200 -251 39 1
-188 -264 3 2
-188 -264 4 2
-188 -264 5 1
-190 -264 6 0
-151 -253 9 1
-151 -253 8 1
-151 -253 7 1
-185 -292 16 1
-180 -292 16 0
-184 -295 18 1
-184 -296 17 0
-183 -292 18 0
-182 -294 18 0
-181 -294 16 0
-198 -252 26 2
-183 -284 16 0
-182 -284 14 1
-182 -284 13 1
-163 -282 15 0
-165 -281 14 0
-168 -283 14 0
-168 -282 14 0
-169 -281 16 1
-169 -281 15 1
-170 -281 16 1
-170 -281 15 1
-165 -283 16 0
-166 -278 18 1
-169 -282 17 0
-168 -282 16 0
-168 -281 15 1
-168 -281 14 1
-178 -252 8 0
-155 -251 15 0
-155 -251 16 0
-181 -251 8 0
-196 -293 16 1
-183 -253 8 0
-184 -253 8 0
-185 -253 8 0
-186 -253 8 0
-198 -290 15 0
-196 -267 3 2
-153 -261 13 0
-152 -261 14 0
-151 -261 14 0
-156 -260 12 0
-157 -261 13 0
-158 -261 13 0
-160 -262 14 0
-155 -263 13 0
-171 -300 11 0
-170 -266 11 0
-171 -266 11 0
-192 -272 13 0
-191 -272 13 0
-190 -272 13 0
-197 -252 4 1
-193 -293 11 1
-193 -294 13 1
-193 -294 12 1
-181 -251 7 0
-188 -284 13 0
-197 -288 13 0
-196 -288 13 0
-187 -291 15 1
-189 -283 9 2
-166 -271 15 1
-165 -273 15 2
-176 -266 10 0
-176 -266 11 0
-175 -266 12 0
-178 -267 12 0
-178 -267 13 0
-176 -264 12 0
-176 -263 12 0
-179 -265 11 0
-174 -264 11 0
-173 -264 12 0
-177 -268 10 0
-177 -269 11 0
-175 -262 10 0
-174 -261 10 0
-176 -267 9 0
-179 -269 9 0
-179 -270 9 0
-176 -272 6 1
-176 -271 6 1
-176 -270 6 1
-176 -268 8 1
-173 -266 8 1
-173 -265 8 1
-174 -269 5 1
-176 -268 4 1
-175 -268 4 1
-174 -268 4 1
-200 -285 10 1
-198 -284 14 0
-185 -265 9 0
-185 -262 8 0
-200 -256 9 0
-195 -259 10 0
-197 -254 10 0
-199 -257 11 0
-198 -257 10 0
-198 -257 9 0
-198 -257 8 0
-200 -262 5 2
-196 -256 9 0
-196 -261 6 1
-196 -260 6 1
-200 -254 6 1
-200 -263 31 0
-200 -258 6 0
-197 -260 32 0
-198 -260 32 0
-180 -291 19 0
-196 -259 37 0
-194 -257 35 0
-182 -287 20 0
-178 -294 20 0
-178 -293 20 0
-151 -285 15 0
-151 -287 16 0
-183 -291 21 0
-156 -281 16 0
-197 -269 18 0
-198 -270 18 0
-188 -275 8 1
-186 -271 9 0
-190 -274 10 0
-187 -273 11 0
-168 -286 8 1
-168 -287 10 1
-168 -287 9 1
-168 -287 8 1
-169 -285 8 1
-169 -286 10 1
-169 -286 8 1
-169 -287 10 1
-169 -287 9 1
-185 -268 3 1
-200 -256 13 0
-184 -268 3 1
-185 -268 10 0
-182 -269 11 0
-185 -270 10 0
-180 -268 10 0
-183 -269 8 1
-183 -270 8 1
-186 -269 8 0
-180 -270 7 2
-193 -296 12 1
-185 -270 4 1
-185 -270 5 1
-185 -270 6 1
-184 -270 4 1
-186 -265 2 1
-195 -294 17 0
-195 -295 13 1
-195 -300 13 1
-196 -300 13 1
-197 -300 13 1
-195 -296 15 0
-198 -298 13 2
-199 -298 13 1
-194 -296 14 1
-194 -296 12 1
-193 -300 15 0
-193 -296 16 0
-196 -295 14 1
-196 -296 13 1
-198 -297 13 2
-196 -283 9 1
-183 -262 7 0
-182 -262 6 0
-194 -252 36 1
-199 -269 13 1
-195 -268 4 1
-171 -300 12 0
-195 -267 3 2
-195 -267 4 1
-194 -269 2 1
-194 -269 3 1
-196 -254 33 0
-194 -268 2 1
-194 -268 3 2
-194 -268 4 1
-194 -267 2 1
-194 -267 3 2
-200 -266 31 0
-173 -277 7 1
-199 -261 12 0
-173 -279 7 1
-175 -279 10 1
-175 -282 9 2
-175 -282 8 2
-197 -268 28 0
-197 -267 28 0
-200 -258 3 2
-200 -258 2 1
-200 -259 4 1
-200 -259 3 2
-200 -259 2 1
-200 -260 4 1
-200 -260 3 2
-200 -260 2 1
-181 -288 14 1
-196 -266 9 0
-195 -265 10 0
-156 -264 11 1
-177 -299 8 1
-177 -299 7 1
-193 -280 11 0
-198 -280 12 0
-199 -281 12 0
-200 -281 12 0
-200 -282 11 0
-197 -269 20 0
-196 -282 11 0
-196 -283 11 0
-195 -283 10 0
-176 -279 12 0
-175 -277 12 0
-178 -273 13 0
-178 -274 13 0
-173 -280 13 0
-174 -277 12 0
-178 -277 14 0
-178 -277 13 0
-177 -277 13 0
-176 -276 13 0
-169 -278 15 1
-197 -273 15 0
-197 -274 14 0
-182 -262 8 0
-196 -264 24 0
-200 -263 26 0
-200 -263 25 0
-200 -263 24 0
-151 -255 11 1
-151 -254 11 1
-198 -251 35 2
-199 -262 26 0
-181 -265 9 0
-194 -264 15 0
-195 -251 15 0
-196 -278 11 0
-199 -278 11 0
-195 -251 16 0
-196 -264 15 0
-200 -282 7 1
-200 -279 10 1
-197 -264 15 0
-197 -251 13 0
-187 -259 12 0
-181 -262 13 0
-180 -263 12 0
-182 -259 10 0
-180 -260 12 0
-185 -289 20 0
-184 -295 19 1
-178 -294 19 0
-177 -294 18 0
-186 -291 18 1
-181 -292 18 0
-181 -293 18 0
-181 -294 18 0
-181 -295 18 0
-181 -296 18 0
-184 -287 17 0
-176 -292 17 0
-182 -292 18 0
-183 -293 17 0
-184 -293 17 1
-185 -294 17 1
-180 -293 17 0
-179 -294 17 0
-179 -295 16 0
-184 -290 16 0
-185 -290 16 0
-182 -293 16 0
-182 -294 16 0
-182 -289 16 0
-180 -292 17 0
-179 -292 16 0
-179 -292 15 0
-182 -291 16 0
-182 -292 15 0
-183 -292 14 0
-181 -291 13 1
-181 -291 14 1
-199 -278 9 1
-198 -280 7 1
-198 -280 8 2
-198 -280 9 1
-184 -263 12 0
-183 -264 11 0
-198 -279 9 1
-198 -278 7 1
-173 -282 9 1
-173 -282 10 2
-173 -282 11 1
-179 -278 9 1
-176 -281 10 1
-174 -281 8 1
-173 -281 8 1
-178 -271 11 0
-197 -277 7 2
-166 -265 13 0
-184 -269 11 0
-195 -279 9 1
-193 -272 9 1
-179 -259 2 1
-160 -286 19 0
-160 -286 18 0
-157 -285 20 0
-158 -285 19 0
-173 -281 11 1
-178 -277 9 1
-179 -277 9 1
-176 -280 10 1
-174 -280 8 1
-173 -280 8 1
-172 -280 8 1
-178 -279 7 1
-178 -279 8 1
-178 -279 9 1
-178 -278 7 1
-193 -264 8 0
-196 -273 10 1
-174 -273 9 1
-153 -287 16 0
-152 -288 16 0
-152 -289 16 0
-156 -283 15 0
-151 -284 15 0
-151 -283 15 0
-154 -282 15 0
-154 -281 15 0
-188 -263 11 0
-187 -262 5 1
-189 -260 2 1
-189 -260 3 2
-190 -262 5 1
-185 -261 10 0
-188 -259 3 2
-189 -264 11 0
-185 -263 12 0
-188 -264 11 0
-184 -254 9 0
-195 -265 14 0
-194 -265 14 0
-198 -265 14 0
-197 -265 14 0
-192 -266 15 0
-199 -266 15 0
-199 -263 6 2
-183 -283 10 1
-183 -283 9 2
-186 -258 2 1
-183 -284 10 1
-183 -284 8 1
-183 -285 10 2
-183 -285 9 1
-196 -251 32 0
-160 -258 14 0
-154 -263 14 0
-183 -259 13 0
-188 -258 9 1
-159 -262 12 0
-160 -262 12 0
-161 -262 13 0
-161 -263 13 0
-193 -253 34 0
-186 -258 9 0
-182 -264 9 0
-183 -263 9 0
-183 -262 9 0
-172 -272 14 0
-172 -271 13 0
-168 -266 15 0
-174 -268 15 0
-176 -271 11 0
-196 -258 12 0
-200 -270 17 0
-199 -256 12 0
-182 -262 5 1
-193 -266 15 0
-198 -266 15 0
-196 -266 15 0
-197 -253 13 0
-197 -251 15 0
-191 -254 15 0
-195 -253 16 0
-192 -252 16 0
-192 -252 15 0
-176 -283 13 1
-176 -282 12 0
-176 -281 12 0
-181 -282 14 0
-180 -281 13 0
-178 -281 13 0
-178 -280 12 0
-175 -281 13 0
-179 -276 14 0
-178 -284 15 1
-196 -264 30 0
-174 -257 9 0
-192 -251 12 0
-183 -255 9 0
-178 -261 9 0
-197 -258 30 0
-200 -263 30 0
-200 -264 30 0
-200 -265 30 0
-200 -266 29 0
-178 -260 9 0
-177 -253 10 0
-199 -261 30 0
-197 -261 29 0
-193 -258 13 0
-195 -258 11 0
-196 -259 13 0
-193 -260 12 0
-200 -258 29 0
-199 -258 29 0
-199 -257 28 0
-199 -262 29 0
-199 -263 29 0
-199 -264 28 0
-198 -265 28 0
-178 -256 9 0
-175 -259 10 0
-200 -283 16 0
-198 -260 28 0
-197 -260 28 0
-198 -288 16 0
-181 -254 11 0
-177 -256 10 0
-196 -268 18 0
-198 -285 14 0
-197 -284 15 0
-191 -271 18 0
-192 -271 18 0
-198 -262 26 0
-192 -270 18 0
-193 -269 18 0
-200 -288 12 0
-195 -263 18 0
-200 -261 29 0
-200 -261 28 0
-195 -264 18 0
-197 -272 18 0
-197 -271 18 0
-196 -271 18 0
-190 -267 19 0
-199 -266 19 0
-199 -279 12 0
-159 -266 14 0
-161 -267 15 0
-162 -266 14 0
-171 -254 6 1
-168 -251 7 1
-163 -251 7 1
-200 -259 14 0
-169 -255 5 1
-169 -255 6 2
-169 -255 7 1
-169 -254 5 2
-169 -254 6 2
-169 -254 7 1
-169 -253 5 1
-169 -253 6 1
-169 -253 7 1
-168 -255 5 1
-168 -255 6 1
-168 -255 7 1
-168 -254 5 1
-168 -254 7 1
-168 -253 5 2
-168 -253 6 2
-168 -253 7 1
-167 -254 5 1
-167 -254 6 2
-167 -254 7 1
-167 -253 5 2
-167 -253 6 2
-167 -253 7 1
-196 -273 6 1
-195 -271 8 2
-196 -271 8 2
-151 -253 16 0
-151 -254 17 0
-195 -297 16 1
-194 -296 15 0
-198 -299 16 2
-198 -296 17 1
-198 -296 16 1
-196 -298 16 1
-195 -298 15 1
-195 -299 14 1
-198 -298 17 1
-198 -298 16 2
-199 -298 14 1
-156 -275 16 0
-156 -275 17 0
-171 -256 8 0
-167 -256 8 0
-166 -251 9 0
-166 -252 9 0
-166 -253 9 0
-166 -254 9 0
-167 -257 9 1
-170 -253 10 0
-169 -254 9 0
-168 -254 9 0
-167 -255 9 0
-192 -297 14 1
-194 -293 16 1
-194 -293 14 1
-194 -295 15 1
-194 -295 14 1
-195 -293 15 1
-195 -294 16 1
-195 -294 14 1
-196 -294 16 1
-196 -294 15 1
-194 -295 12 1
-193 -297 14 1
-154 -284 10 0
-151 -283 11 0
-151 -283 10 0
-178 -290 18 0
-183 -288 18 0
-182 -288 19 0
-181 -288 19 0
-180 -288 19 0
-175 -291 19 0
-176 -290 19 0
-179 -283 19 0
-181 -292 19 0
-181 -291 19 0
-180 -290 19 0
-183 -286 20 0
-182 -286 20 0
-195 -262 25 0
-196 -262 26 0
-198 -260 13 0
-190 -269 9 0
-194 -267 26 0
-197 -289 16 0
-155 -278 12 0
-154 -279 12 0
-155 -273 12 0
-155 -272 12 0
-154 -276 11 0
-153 -276 11 0
-157 -271 10 1
-156 -279 10 0
-154 -274 9 2
-155 -273 8 1
-154 -275 8 1
-154 -275 9 1
-154 -275 10 1
-154 -274 8 1
-154 -274 10 1
-154 -273 8 1
-154 -273 9 2
-165 -251 4 2
-169 -252 6 1
-155 -262 8 2
-200 -271 3 1
-200 -271 4 1
-200 -270 2 1
-200 -270 3 2
-200 -270 4 1
-199 -272 2 1
-162 -273 25 0
-162 -272 26 0
-163 -275 23 0
-162 -275 24 0
-161 -276 24 0
-163 -271 24 0
-164 -276 23 0
-163 -279 24 0
-160 -273 23 0
-165 -271 22 0
-165 -270 22 0
-165 -269 22 0
-162 -276 22 0
-161 -271 22 0
-167 -271 21 0
-160 -275 21 0
-163 -277 21 0
-163 -277 20 0
-163 -273 20 1
-161 -273 19 1
-164 -277 20 1
-166 -274 19 1
-166 -273 19 1
-166 -272 19 1
-165 -274 19 1
-165 -273 19 1
-165 -272 19 1
-164 -274 19 1
-164 -273 19 2
-164 -272 19 1
-164 -272 20 1
-163 -275 19 1
-162 -276 18 0
-165 -275 19 1
-164 -275 19 2
-163 -274 19 2
-163 -273 19 2
-163 -273 21 1
-187 -295 22 0
-186 -295 21 0
-179 -295 22 0
-185 -289 22 0
-185 -290 22 0
-184 -297 23 0
-184 -296 22 0
-184 -295 22 0
-186 -293 23 0
-185 -293 22 0
-184 -293 21 0
-181 -296 24 0
-182 -295 23 0
-183 -290 24 0
-183 -291 23 0
-183 -292 22 0
-183 -292 21 0
-185 -295 24 0
-184 -294 23 0
-184 -294 22 0
-182 -293 25 0
-182 -293 24 0
-160 -285 15 0
-162 -290 14 0
-162 -289 14 0
-162 -288 15 0
-159 -282 15 0
-160 -283 15 0
-161 -284 15 0
-196 -256 18 0
-196 -257 18 0
-193 -252 18 0
-192 -252 17 0
-191 -253 17 0
-193 -251 16 0
-195 -252 24 0
-192 -251 20 0
-191 -251 20 0
-199 -256 20 0
-175 -264 3 1
-176 -264 5 1
-176 -264 4 1
-176 -264 3 1
-177 -262 4 2
-177 -262 3 1
-177 -263 5 1
-177 -263 4 2
-177 -263 3 1
-177 -264 5 1
-177 -264 4 2
-177 -264 3 1
-194 -285 12 0
-193 -289 8 1
-193 -289 9 1
-193 -289 10 1
-193 -288 8 1
-193 -288 9 1
-170 -273 17 0
-170 -272 18 0
-170 -272 19 0
-170 -277 19 2
-195 -270 19 0
-195 -271 19 0
-195 -271 18 0
-195 -272 18 0
-197 -265 18 0
-198 -264 18 0
-193 -268 18 0
-192 -268 18 0
-179 -251 14 0
-190 -268 17 0
-162 -272 9 1
-165 -275 18 1
-165 -276 18 1
-156 -275 20 0
-157 -275 19 0
-159 -274 18 0
-157 -272 20 0
-159 -276 20 0
-161 -276 20 0
-162 -275 20 1
-162 -268 20 0
-162 -270 21 0
-158 -273 20 0
-159 -273 21 0
-160 -273 21 0
-160 -277 9 1
-153 -266 9 1
-165 -288 12 0
-165 -288 13 0
-165 -287 13 0
-160 -284 12 0
-198 -282 13 0
-192 -268 22 0
-191 -268 23 0
-167 -300 13 0
-167 -299 13 0
-195 -269 21 0
-194 -270 21 0
-194 -271 22 0
-194 -272 22 0
-192 -260 11 0
-193 -267 21 0
-195 -253 11 0
-194 -253 11 0
-177 -270 8 1
-177 -270 7 1
-177 -270 6 2
-177 -271 8 1
-177 -271 7 2
-177 -271 6 1
-178 -269 8 1
-178 -270 8 1
-178 -271 8 1
-190 -270 3 1
-187 -266 3 1
-187 -272 4 1
-189 -270 4 2
-194 -294 23 0
-191 -267 5 1
-188 -268 6 1
-189 -266 7 1
-187 -271 7 1
-187 -270 7 1
-188 -272 7 1
-188 -273 7 2
-188 -274 7 2
-188 -274 6 1
-188 -274 5 1
-190 -269 7 1
-188 -269 7 0
-188 -270 8 0
-194 -267 20 0
-197 -263 20 0
-161 -262 10 1
-161 -265 8 2
-151 -262 10 2
-192 -286 13 1
-190 -294 12 1
-190 -294 11 1
-193 -259 9 0
-191 -292 11 1
-197 -262 10 0
-179 -253 10 0
-175 -299 10 0
-177 -300 9 0
-175 -299 11 0
-196 -286 8 1
-200 -252 3 2
-196 -285 8 1
-196 -288 11 0
-198 -291 8 1
-198 -291 9 2
-198 -291 10 1
-193 -266 7 0
-192 -251 3 2
-192 -251 2 1
-188 -251 5 0
-163 -263 11 0
-175 -284 14 1
-175 -284 12 1
-175 -285 14 1
-175 -285 13 1
-175 -285 12 1
-176 -283 14 1
-176 -283 12 1
-176 -284 14 2
-176 -284 12 2
-156 -255 12 0
-176 -300 7 2
-158 -264 12 0
-199 -280 14 0
-194 -277 13 0
-193 -277 13 0
-193 -278 13 0
-195 -265 11 0
-175 -266 11 0
-177 -267 13 0
-175 -264 12 0
-175 -263 13 0
-175 -267 10 0
-179 -265 12 0
-169 -275 11 2
-169 -275 12 1
-169 -275 13 1
-169 -274 11 1
-151 -257 15 0
-168 -275 11 1
-168 -275 12 2
-168 -275 13 2
-168 -274 11 2
-168 -274 12 2
-168 -274 13 2
-192 -284 15 0
-191 -291 13 1
-191 -291 14 1
-191 -291 15 1
-191 -290 13 1
-151 -285 12 0
-151 -286 11 0
-164 -260 9 2
-167 -253 2 1
-167 -252 2 1
-164 -261 9 2
-164 -261 8 2
-197 -255 13 0
-198 -257 15 0
-193 -260 14 0
-195 -255 15 0
-195 -256 14 0
-196 -284 13 0
-198 -287 12 0
-196 -281 11 0
-200 -287 12 0
-199 -289 11 1
-197 -289 11 1
-199 -286 11 0
-200 -286 11 1
-178 -279 16 0
-189 -287 12 1
-189 -287 11 1
-170 -257 7 1
-168 -257 4 1
-168 -256 4 1
-168 -255 4 1
-167 -257 4 1
-167 -256 4 1
-167 -255 4 1
-166 -257 4 1
-166 -256 4 1
-166 -255 4 1
-168 -277 11 1
-176 -288 14 1
-168 -277 12 1
-166 -273 9 1
-172 -288 15 0
-172 -287 15 0
-178 -289 15 1
-168 -286 9 2
-168 -285 8 1
-168 -285 9 2
-179 -283 16 0
-178 -283 16 0
-174 -288 16 0
-173 -280 17 0
-180 -286 17 0
-169 -273 15 1
-169 -273 16 1
-172 -274 16 0
-170 -270 16 0
-173 -272 15 0
-167 -275 14 1
-166 -275 13 1
-166 -275 14 1
-166 -274 9 1
-177 -285 16 1
-177 -281 18 0
-177 -282 17 0
-177 -282 16 0
-177 -288 18 0
-176 -286 16 1
-172 -283 18 0
-171 -282 15 0
-171 -282 16 0
-171 -282 17 0
-169 -273 17 1
-171 -274 14 0
-190 -252 37 0
-179 -293 16 0
-193 -253 39 0
-179 -292 17 0
-184 -293 16 1
-182 -291 18 0
-162 -265 10 0
-162 -266 10 0
-175 -276 17 0
-169 -270 17 0
-171 -278 17 2
-171 -276 17 1
-170 -278 17 1
-169 -278 17 1
-167 -273 17 1
-171 -269 7 1
-172 -267 9 1
-172 -267 8 1
-172 -267 7 2
-172 -268 9 1
-172 -268 8 2
-197 -282 12 0
-196 -281 12 0
-193 -274 12 0
-194 -275 13 0
-171 -265 6 2
-200 -277 13 0
-199 -277 13 0
-167 -285 14 0
-168 -285 14 0
-165 -286 12 0
-165 -286 13 0
-168 -288 13 0
-168 -287 14 0
-167 -286 15 0
-164 -283 13 0
-166 -284 15 0
-165 -289 13 0
-165 -288 14 0
-169 -285 14 0
-172 -288 13 0
-168 -288 14 0
-169 -287 15 0
-169 -286 15 0
-166 -285 15 0
-168 -285 16 0
-171 -289 15 0
-171 -288 16 0
-170 -287 16 0
-169 -283 16 0
-167 -288 16 0
-167 -287 16 0
-168 -286 16 0
-169 -286 16 0
-173 -289 17 0
-173 -288 17 0
-166 -283 17 0
-166 -284 17 0
-167 -284 17 0
-168 -284 17 0
-169 -284 20 0
-170 -284 19 0
-170 -284 18 0
-170 -285 14 0
-173 -287 13 0
-170 -288 14 0
-192 -264 4 1
-168 -285 15 0
-170 -284 16 0
-172 -289 15 0
-172 -288 16 0
-168 -287 16 0
-173 -279 17 0
-167 -283 17 0
-170 -284 17 0
-192 -263 2 1
-187 -264 3 1
-187 -264 5 1
-197 -278 8 2
-197 -278 9 1
-196 -279 7 1
-186 -265 4 1
-186 -265 5 2
-186 -264 3 2
-186 -264 4 2
-186 -264 5 1
-186 -263 3 2
-175 -263 3 1
-176 -261 4 2
-178 -285 16 0
-174 -288 19 0
-175 -281 17 0
-176 -262 3 1
-176 -263 5 1
-176 -263 4 2
-176 -263 3 1
-171 -263 4 1
-173 -278 13 0
-173 -277 13 0
-173 -276 12 0
-178 -276 14 0
-177 -275 13 0
-176 -275 13 0
-175 -275 13 0
-170 -275 14 1
-176 -270 14 0
-175 -278 15 0
-172 -285 11 1
-175 -286 12 1
-174 -288 11 1
-174 -287 12 0
-170 -286 12 0
-199 -252 14 2
-199 -252 15 2
-199 -252 16 2
-199 -252 17 2
-199 -252 18 2
-199 -252 19 2
-199 -252 20 2
-199 -252 21 2
-199 -252 22 2
-199 -252 23 2
-199 -252 24 2
-199 -252 25 2
-199 -252 26 2
-199 -252 27 2
-199 -252 28 2
-199 -252 29 2
-199 -252 30 2
-199 -252 31 2
-192 -266 21 0
-194 -266 22 0
-195 -269 19 0
-193 -263 21 0
-199 -282 13 0
-200 -283 13 0
-199 -265 13 0
-194 -255 6 1
-185 -271 11 0
-199 -254 6 1
-197 -277 10 0
-196 -272 10 2
-196 -271 10 2
-194 -275 11 0
-193 -275 10 0
-193 -275 9 1
-194 -253 22 0
-197 -254 21 0
-175 -285 7 1
-175 -286 7 1
-175 -287 9 2
-175 -287 8 1
-175 -287 7 1
-192 -251 21 0
-171 -287 10 1
-185 -294 15 1
-185 -293 15 1
-184 -295 15 1
-184 -295 16 1
-184 -295 17 1
-184 -294 15 1
-184 -294 16 1
-184 -294 21 0
-183 -294 22 0
-183 -294 24 0
-183 -294 25 0
-190 -292 21 0
-191 -292 22 0
-188 -296 21 0
-189 -299 21 0
-187 -290 21 0
-183 -298 20 0
-188 -295 20 0
-187 -296 20 0
-187 -297 20 0
-187 -299 19 0
-188 -293 20 0
-189 -297 19 0
-190 -297 19 0
-185 -297 18 0
-189 -294 19 0
-188 -298 17 0
-188 -293 16 1
-188 -292 16 1
-188 -291 16 1
-188 -295 18 0
-188 -295 17 0
-186 -294 24 0
-186 -294 25 0
-188 -295 23 0
-189 -296 25 0
-187 -292 24 0
-187 -292 25 0
-186 -296 23 0
-186 -296 24 0
-192 -294 22 0
-193 -294 23 0
-194 -294 24 0
-191 -297 23 0
-192 -298 23 0
-191 -293 22 0
-192 -291 23 0
-156 -281 11 0
-156 -283 13 0
-156 -288 11 0
-156 -287 12 0
-152 -283 12 0
-153 -283 13 0
-153 -288 12 0
-153 -287 13 0
-154 -287 13 0
-154 -286 14 0
-200 -264 8 0
-198 -262 10 0
-198 -287 11 1
-200 -268 10 1
-180 -265 9 0
-172 -270 15 0
-157 -277 12 0
-155 -277 11 0
-158 -271 9 1
-158 -271 10 1
-158 -271 11 1
-158 -280 11 0
-158 -278 15 0
-157 -279 17 0
-155 -278 15 0
-158 -279 14 0
-154 -275 13 0
-155 -279 13 0
-156 -277 12 0
-154 -277 11 0
-157 -279 11 0
-157 -280 10 0
-157 -276 8 1
-157 -275 8 1
-198 -270 4 2
-180 -286 22 0
-180 -286 23 0
-174 -285 22 0
-178 -289 21 0
-178 -289 22 0
-178 -290 22 0
-175 -287 21 0
-174 -287 21 0
-173 -288 22 0
-179 -287 20 0
-180 -288 21 0
-181 -288 21 0
-162 -272 10 2
-162 -272 11 1
-162 -271 9 1
-162 -271 10 1
-162 -271 11 1
-180 -285 8 1
-181 -285 8 1
-187 -280 10 0
-190 -283 11 0
-185 -278 11 0
-185 -279 11 0
-188 -281 12 0
-187 -279 14 0
-186 -280 13 0
-185 -280 7 1
-153 -284 14 0
-152 -283 13 0
-151 -283 13 0
-151 -283 12 0
-154 -287 12 0
-164 -284 16 0
-164 -283 16 0
-162 -287 15 0
-161 -288 15 0
-160 -288 15 0
-163 -285 15 0
-162 -284 15 0
-162 -283 15 0
-161 -282 15 0
-160 -282 15 0
-164 -286 15 0
-167 -261 13 0
-168 -261 15 0
-169 -260 13 0
-170 -259 15 0
-195 -295 18 0
-196 -295 16 1
-193 -294 16 0
-194 -295 23 0
-194 -295 24 0
-196 -296 24 0
-196 -296 25 0
-193 -297 23 0
-193 -297 24 0
-193 -298 24 0
-196 -295 22 0
-197 -295 23 0
-198 -294 24 0
-195 -297 22 0
-196 -299 23 0
-195 -294 22 0
-196 -293 22 0
-171 -271 12 0
-169 -264 12 0
-166 -269 11 0
-165 -269 11 1
-165 -270 11 1
-170 -267 11 0
-171 -267 11 0
-172 -267 11 0
-168 -257 6 1
-168 -257 5 1
-168 -258 6 1
-168 -258 5 1
-168 -259 6 2
-162 -281 15 0
-167 -280 13 1
-170 -281 14 1
-165 -281 13 0
-165 -282 13 0
-195 -290 21 0
-193 -274 11 0
-151 -254 18 0
-195 -272 12 1
-198 -265 30 0
-200 -278 17 0
-200 -278 16 0
-199 -278 15 0
-195 -261 30 0
-198 -266 30 0
-170 -283 9 1
-170 -283 10 2
-170 -283 11 1
-169 -283 9 1
-169 -283 10 2
-169 -283 11 1
-168 -283 9 1
-168 -283 10 2
-168 -283 11 1
-165 -283 10 2
-165 -283 12 1
-165 -282 10 2
-165 -282 11 1
-164 -283 12 1
-163 -283 12 1
-169 -279 10 1
-169 -278 10 1
-168 -278 10 1
-166 -280 15 0
-166 -280 16 0
-165 -280 17 0
-167 -281 15 0
-168 -281 16 1
-168 -281 17 1
-165 -282 15 0
-167 -281 14 0
-167 -282 14 0
-168 -284 15 0
-164 -281 14 0
-168 -281 13 1
-169 -281 14 1
-171 -282 14 0
-166 -282 13 0
-166 -283 13 0
-165 -283 13 0
-165 -284 14 0
-162 -279 13 0
-181 -258 10 0
-181 -259 9 0
-185 -290 11 1
-167 -262 7 1
-200 -262 37 0
-167 -263 8 2
-183 -300 12 0
-198 -260 35 0
-155 -254 7 1
-155 -254 8 2
-155 -254 9 1
-156 -260 7 1
-200 -256 3 2
-200 -256 4 1
-200 -255 2 1
-200 -252 12 2
-200 -296 9 1
-200 -296 10 1
-200 -295 8 1
-200 -295 10 1
-200 -294 8 1
-200 -294 9 2
-200 -294 10 1
-199 -296 8 1
-199 -296 9 1
-199 -296 10 1
-192 -251 38 0
-198 -297 19 0
-196 -296 20 0
-198 -291 19 0
-197 -292 19 0
-196 -294 20 0
-195 -300 19 0
-195 -299 20 0
-195 -298 20 0
-195 -297 20 0
-170 -271 12 1
-162 -286 13 0
-162 -286 12 0
-161 -287 11 0
-166 -286 11 1
-163 -285 13 0
-163 -284 11 0
-162 -285 17 0
-161 -285 18 0
-161 -284 13 0
-162 -284 14 0
-162 -285 14 0
-162 -289 13 0
-162 -288 13 0
-163 -287 14 0
-163 -281 13 0
-163 -283 14 0
-163 -284 15 0
-167 -287 14 0
-159 -286 14 0
-160 -286 14 0
-192 -255 20 0
-191 -265 3 2
-193 -252 19 0
-191 -266 4 1
-191 -266 2 1
-191 -267 4 1
-191 -267 3 2
-191 -267 2 1
-197 -252 24 0
-192 -265 3 2
-196 -266 5 0
-190 -284 18 0
-193 -263 15 0
-193 -275 16 0
-194 -255 9 0
-185 -286 17 0
-184 -284 15 0
-184 -283 16 0
-183 -283 17 0
-183 -286 16 0
-182 -287 17 0
-185 -285 15 0
-157 -258 14 0
-162 -300 12 0
-190 -263 12 0
-163 -289 17 0
-162 -281 17 0
-162 -282 17 0
-163 -283 17 0
-163 -284 16 0
-192 -298 17 0
-200 -299 17 1
-196 -294 17 0
-196 -299 18 0
-195 -300 17 1
-195 -296 17 0
-194 -296 16 0
-198 -299 17 1
-195 -298 16 1
-194 -298 15 0
-198 -298 15 2
-199 -298 15 2
-196 -296 14 1
-159 -284 19 0
-153 -283 17 0
-153 -283 18 0
-152 -282 18 0
-156 -287 17 0
-156 -288 17 0
-156 -288 18 0
-156 -282 17 0
-157 -281 18 0
-154 -285 15 0
-153 -285 16 0
-152 -286 17 0
-151 -286 17 0
-154 -283 16 0
-154 -282 16 0
-154 -281 16 0
-153 -280 17 0
-155 -285 15 0
-197 -260 11 0
-196 -261 10 0
-198 -259 5 0
-167 -276 10 1
-198 -293 13 0
-192 -257 13 0
-154 -255 12 0
-184 -251 2 1
-193 -262 12 0
-188 -262 9 0
-188 -261 10 0
-187 -261 11 0
-186 -261 11 0
-190 -267 11 0
-191 -260 10 0
-191 -259 11 0
-187 -264 9 0
-160 -256 8 2
-161 -257 8 2
-181 -260 5 1
-184 -261 2 1
-167 -263 9 2
-163 -281 10 2
-163 -281 9 1
-163 -282 11 1
-163 -282 10 2
-183 -278 14 0
-177 -279 15 0
-178 -278 17 0
-178 -279 17 0
-179 -280 16 0
-184 -284 18 0
-182 -283 17 0
-182 -278 18 0
-181 -279 18 0
-181 -280 17 0
-177 -280 18 0
-183 -281 19 0
-182 -281 18 0
-178 -284 20 0
-179 -279 20 0
-179 -280 19 0
-180 -281 17 0
-181 -283 19 0
-166 -282 14 0
-164 -283 15 0
-171 -282 13 0
-173 -283 14 0
-168 -284 13 0
-181 -277 15 0
-181 -279 15 0
-179 -281 16 0
-179 -278 17 0
-183 -278 18 0
-182 -279 17 0
-178 -280 19 0
-184 -281 19 0
-183 -281 18 0
-183 -281 17 0
-180 -279 20 0
-181 -280 19 0
-182 -283 20 0
-182 -283 19 0
-182 -283 18 0
-179 -282 20 0
-166 -286 8 1
-166 -286 9 1
-191 -252 5 0
-194 -253 2 1
-194 -253 3 2
-194 -253 4 1
-194 -252 2 2
-194 -252 3 2
-194 -252 4 1
-194 -251 2 2
-194 -251 3 2
-166 -259 10 2
-166 -258 8 2
-165 -257 10 1
-192 -264 3 2
-195 -266 9 0
-193 -264 2 1
-193 -265 4 1
-193 -265 3 2
-193 -265 2 1
-194 -263 4 1
-194 -263 3 2
-194 -263 2 1
-193 -264 3 2
-193 -265 7 0
-190 -265 4 1
-190 -265 3 2
-191 -265 2 1
-195 -264 4 1
-195 -265 3 2
-171 -269 8 2
-171 -270 10 1
-171 -270 8 1
-171 -271 10 1
-192 -252 18 0
-193 -254 19 0
-172 -267 16 0
-172 -267 15 0
-173 -271 16 0
-173 -271 15 0
-173 -270 14 0
-164 -255 9 0
-168 -258 9 1
-169 -258 8 1
-166 -256 6 2
-167 -257 5 1
-167 -257 6 2
-167 -257 7 1
-167 -256 5 2
-167 -256 6 2
-191 -263 6 0
-184 -253 6 2
-184 -252 6 2
-183 -254 6 1
-167 -289 16 0
-166 -289 16 0
-166 -288 16 0
-159 -284 16 0
-160 -284 16 0
-161 -285 16 0
-162 -285 16 0
-162 -290 17 0
-154 -287 16 0
-154 -288 16 0
-154 -289 16 0
-169 -266 9 1
-194 -260 14 0
-194 -260 15 0
-194 -260 16 0
-196 -261 15 0
-195 -257 15 0
-193 -262 14 0
-192 -258 14 0
-197 -251 21 2
-198 -258 38 0
-197 -258 38 0
-167 -267 16 0
-167 -267 15 0
-199 -294 16 0
-199 -295 17 0
-199 -289 15 0
-199 -288 16 0
-200 -287 16 0
-195 -292 15 0
-194 -292 16 0
-200 -292 15 0
-186 -269 6 1
-200 -261 37 0
-168 -269 13 0
-194 -280 15 0
-172 -265 14 0
-171 -266 13 0
-171 -267 12 0
-171 -272 15 0
-193 -256 12 0
-182 -260 6 0
-191 -257 12 0
-190 -258 12 0
-184 -261 3 2
-189 -257 3 1
-189 -256 3 1
-164 -288 16 0
-174 -258 5 1
-174 -258 4 2
-161 -282 17 0
-160 -281 17 0
-162 -287 16 0
-197 -264 30 0
-198 -269 14 0
-197 -268 13 1
-199 -268 13 1
-193 -254 10 0
-200 -256 36 0
-193 -268 13 0
-190 -269 13 0
-181 -254 8 0
-195 -264 5 1
-197 -262 5 1
-193 -262 3 1
-197 -258 34 0
-196 -253 3 1
-194 -271 10 0
-197 -266 6 1
-195 -266 7 0
-192 -268 6 2
-166 -282 11 1
-166 -282 10 2
-166 -282 9 1
-166 -283 11 1
-166 -283 10 2
-166 -283 9 1
-166 -284 10 2
-166 -284 9 1
-169 -284 11 1
-169 -284 10 1
-175 -282 14 0
-174 -283 14 0
-182 -283 13 0
-183 -283 14 0
-189 -264 8 0
-187 -258 10 0
-188 -259 9 1
-188 -260 9 0
-189 -261 9 0
-189 -262 8 0
-169 -252 4 1
-159 -277 9 1
-159 -277 10 2
-159 -277 11 1
-159 -276 9 1
-159 -276 10 2
-159 -276 11 1
-159 -276 12 0
-160 -275 12 1
-177 -259 4 2
-168 -259 8 1
-170 -258 8 0
-169 -259 9 1
-168 -259 10 1
-169 -257 10 0
-168 -257 10 0
-171 -260 11 0
-198 -253 36 2
-196 -266 11 0
-196 -266 10 0
-197 -267 10 1
-198 -267 8 1
-198 -253 37 1
-198 -253 38 1
-197 -270 12 2
-197 -270 11 1
-160 -258 7 1
-191 -258 3 1
-197 -264 12 0
-191 -266 14 0
-192 -266 13 0
-196 -266 14 0
-193 -266 11 0
-196 -263 13 0
-193 -264 14 0
-193 -264 13 0
-174 -273 8 1
-195 -264 14 0
-198 -274 12 0
-188 -265 4 1
-188 -265 3 1
-170 -268 10 1
-169 -267 11 0
-164 -266 10 0
-195 -268 25 0
-195 -269 25 0
-195 -270 25 0
-173 -270 13 0
-174 -270 13 0
-151 -257 9 1
-151 -257 10 2
-151 -256 10 1
-160 -285 18 0
-160 -285 17 0
-185 -292 20 0
-162 -284 11 0
-182 -298 21 0
-182 -297 21 0
-182 -296 21 0
-182 -295 20 0
-181 -290 21 0
-181 -265 13 0
-182 -265 12 0
-177 -261 6 0
-178 -264 7 0
-196 -280 18 0
-190 -265 12 0
-174 -279 14 0
-173 -280 15 0
-178 -277 15 0
-172 -276 14 1
-175 -279 12 0
-176 -281 14 0
-176 -282 15 0
-177 -279 13 0
-178 -279 13 0
-179 -280 14 0
-174 -280 12 0
-174 -281 13 0
-178 -276 13 0
-178 -282 12 0
-173 -279 12 1
-173 -280 12 1
-171 -281 12 1
-178 -278 12 0
-179 -278 11 0
-180 -278 11 0
-175 -283 11 1
-195 -272 9 1
-177 -276 11 0
-177 -275 11 0
-194 -274 9 1
-191 -283 14 0
-191 -282 14 0
-187 -290 14 1
-187 -291 14 1
-190 -265 7 1
-189 -265 6 1
-194 -261 4 1
-165 -300 14 0
-194 -261 5 1
-194 -268 22 0
-194 -269 24 0
-193 -269 24 0
-192 -265 24 0
-196 -271 23 0
-193 -268 22 0
-185 -260 2 1
-189 -295 22 0
-188 -292 22 0
-187 -298 24 0
-187 -297 22 0
-187 -296 22 0
-184 -293 23 0
-190 -294 24 0
-188 -294 22 0
-185 -297 24 0
-185 -296 24 0
-188 -296 25 0
-188 -296 24 0
-186 -294 23 0
-188 -295 16 0
-187 -295 18 0
-187 -295 19 0
-183 -296 16 0
-188 -291 18 1
-198 -251 33 2
-198 -283 16 0
-195 -255 32 0
-199 -254 33 0
-200 -284 16 0
-200 -284 17 0
-196 -255 37 0
-195 -257 38 0
-199 -252 38 2
-199 -251 38 2
-191 -262 13 0
-193 -256 36 0
-192 -261 11 0
-197 -255 36 0
-197 -256 36 0
-197 -257 35 0
-192 -253 35 0
-200 -254 35 2
-200 -255 34 0
-175 -255 3 1
-175 -255 5 1
-200 -270 11 1
-190 -254 12 0
-200 -270 13 1
-196 -272 19 0
-196 -272 20 0
-199 -271 13 1
-197 -294 17 0
-155 -264 7 1
-192 -271 4 2
-192 -271 5 1
-192 -270 3 1
-191 -272 3 1
-191 -272 4 1
-190 -272 3 1
-159 -253 12 0
-159 -254 12 0
-160 -257 12 0
-192 -252 7 0
-188 -253 9 0
-189 -253 8 0
-194 -251 7 0
-163 -265 16 0
-163 -268 14 0
-164 -266 15 0
-164 -266 14 0
-199 -259 9 0
-198 -256 10 0
-200 -262 8 0
-199 -261 8 0
-196 -254 10 0
-195 -253 10 0
-198 -277 12 0
-187 -266 6 1
-191 -275 6 1
-190 -274 7 2
-188 -273 10 0
-200 -263 23 0
-191 -253 10 0
-187 -263 3 2
-187 -263 4 2
-187 -263 5 1
-186 -258 10 0
-200 -254 13 1
-200 -255 13 0
-198 -254 14 0
-187 -266 9 0
-158 -262 11 0
-197 -255 16 0
-154 -265 11 1
-198 -260 9 0
-179 -286 16 0
-195 -254 38 1
-197 -265 2 1
-198 -265 3 1
-198 -265 2 1
-194 -267 4 1
-199 -279 18 0
-198 -258 37 0
-200 -251 27 2
-200 -251 26 2
-151 -251 14 0
-200 -257 33 0
-198 -259 3 2
-193 -275 15 0
-194 -275 14 0
-197 -271 16 0
-196 -278 17 0
-176 -274 9 1
-158 -263 11 0
-162 -262 11 0
-161 -262 11 0
-160 -262 11 0
-176 -276 9 1
-159 -256 12 0
-176 -276 7 1
-152 -272 15 0
-181 -278 7 1
-195 -266 11 0
-194 -266 12 0
-192 -268 13 0
-196 -272 16 0
-182 -273 9 0
-178 -271 10 0
-181 -274 6 1
-181 -274 7 1
-181 -274 8 1
-180 -274 6 1
-180 -274 7 2
-180 -274 8 1
-179 -274 6 1
-179 -274 7 1
-179 -274 8 1
-180 -270 8 1
-151 -273 12 0
-156 -270 9 1
-156 -270 10 1
-163 -262 11 0
-165 -274 22 1
-165 -274 21 2
-165 -274 20 2
-165 -278 21 1
-165 -278 20 1
-166 -271 20 0
-166 -272 20 1
-162 -276 20 0
-163 -276 21 1
-170 -272 21 0
-163 -272 21 1
-164 -272 22 0
-163 -278 22 0
-164 -278 22 0
-168 -270 22 0
-167 -272 22 1
-167 -273 22 1
-162 -274 23 0
-170 -273 23 0
-166 -279 23 0
-166 -277 23 0
-165 -271 24 0
-174 -275 19 0
-174 -279 20 0
-171 -280 21 0
-171 -271 22 0
-175 -274 23 0
-169 -280 23 0
-169 -274 23 0
-175 -278 24 0
-171 -275 23 0
-171 -280 25 0
-169 -275 24 0
-172 -276 24 0
-169 -278 25 0
-185 -257 6 1
-186 -258 6 1
-189 -263 6 0
-168 -261 7 1
-169 -261 7 1
-170 -261 8 1
-170 -261 7 2
-173 -270 15 0
-172 -270 14 0
-170 -269 17 0
-170 -269 16 0
-171 -269 15 0
-195 -251 7 0
-191 -253 7 0
-190 -268 14 0
-153 -257 15 0
-200 -262 35 0
-199 -263 36 0
-200 -252 25 2
-152 -259 18 0
-152 -258 17 0
-200 -283 17 0
-182 -256 10 0
-170 -269 15 0
-174 -274 14 0
-174 -275 15 0
-174 -268 14 0
-175 -267 14 0
-169 -272 14 0
-174 -271 12 0
-174 -272 13 0
-187 -281 7 1
-187 -280 7 1
-187 -280 8 1
-187 -280 9 1
-186 -282 7 1
-186 -281 7 1
-186 -280 7 1
-186 -280 8 1
-186 -280 9 1
-185 -282 7 1
-185 -281 7 1
-155 -253 15 0
-195 -295 10 1
-181 -261 10 0
-182 -260 10 0
-195 -296 12 1
-195 -296 11 1
-195 -296 10 1
-196 -294 10 1
-199 -258 31 0
-200 -258 32 0
-178 -273 9 1
-187 -260 4 1
-186 -261 2 1
-186 -261 4 1
-186 -260 2 1
-174 -278 8 1
-174 -278 7 1
-175 -278 9 1
-175 -278 8 2
-175 -278 7 1
-176 -278 9 1
-176 -278 8 2
-176 -278 7 1
-186 -255 8 0
-177 -273 9 1
-171 -276 8 1
-171 -277 8 1
-171 -278 10 2
-171 -278 9 1
-195 -270 13 1
-190 -287 10 1
-191 -270 13 0
-199 -260 37 0
-190 -286 10 1
-197 -263 11 0
-198 -256 13 0
-197 -263 14 0
-189 -265 12 0
-188 -266 12 0
-189 -267 12 0
-189 -266 13 0
-188 -267 12 0
-187 -264 11 0
-187 -266 11 0
-195 -261 12 0
-195 -262 13 0
-193 -263 12 0
-194 -263 13 0
-197 -256 40 0
-200 -256 33 0
-193 -278 8 2
-193 -278 7 1
-193 -278 6 1
-194 -277 9 1
-190 -276 10 0
-191 -276 10 0
-192 -278 12 0
-190 -275 12 0
-194 -276 9 0
-195 -278 7 1
-198 -252 3 1
-188 -255 11 0
-187 -256 11 0
-200 -273 13 0
-151 -264 14 0
-199 -273 13 1
-192 -255 13 0
-189 -256 12 0
-192 -252 37 0
-198 -254 36 0
-199 -255 37 0
-200 -257 37 0
-200 -253 36 2
-169 -276 9 1
-172 -263 8 1
-176 -272 11 0
-197 -292 15 0
-170 -273 14 0
-179 -274 11 0
-178 -274 11 0
-177 -274 12 0
-176 -274 12 0
-172 -275 12 0
-169 -278 13 1
-169 -278 12 1
-169 -278 11 1
-170 -278 13 1
-170 -278 12 2
-170 -278 11 1
-171 -278 13 1
-171 -278 12 1
-171 -278 11 1
-177 -278 12 0
-175 -276 12 0
-171 -273 12 0
-178 -271 13 0
-177 -272 13 0
-194 -269 13 0
-157 -261 17 0
-172 -265 12 0
-186 -263 12 0
-191 -268 19 0
-195 -276 13 0
-191 -269 13 0
-200 -273 14 0
-199 -273 14 0
-198 -273 14 0
-165 -257 7 1
-165 -257 6 2
-165 -257 5 1
-166 -255 7 1
-166 -255 6 2
-166 -255 5 1
-166 -256 7 1
-166 -256 5 1
-166 -257 7 1
-166 -257 6 2
-166 -257 5 1
-167 -255 7 1
-167 -255 6 1
-167 -255 5 1
-167 -256 7 1
-195 -254 5 0
-192 -256 3 1
-193 -253 6 0
-187 -252 5 1
-188 -252 5 1
-189 -252 6 1
-193 -255 4 1
-193 -255 3 2
-193 -255 2 1
-193 -256 4 2
-192 -257 6 1
-194 -299 23 0
-194 -298 23 0
-194 -297 22 0
-190 -252 6 0
-197 -252 6 1
-196 -252 6 1
-195 -252 7 0
-154 -254 14 0
-154 -255 15 0
-156 -251 14 0
-194 -289 11 1
-151 -252 14 0
-151 -254 13 1
-194 -289 12 2
-192 -253 36 1
-192 -253 37 1
-194 -252 37 1
-197 -254 37 1
-192 -252 36 0
-191 -253 36 0
-200 -251 35 2
-200 -251 36 2
-200 -251 37 2
-188 -262 10 0
-181 -262 10 0
-182 -262 10 0
-182 -261 9 0
-187 -257 11 0
-186 -257 10 0
-186 -263 10 0
-182 -258 11 0
-169 -282 19 0
-169 -282 20 0
-170 -285 17 0
-169 -285 18 0
-168 -286 19 0
-170 -281 18 0
-171 -288 18 0
-170 -289 18 0
-165 -260 15 0
-166 -260 16 0
-164 -256 15 0
-162 -261 15 0
-166 -258 13 0
-167 -258 14 0
-165 -261 13 0
-165 -263 14 0
-167 -285 15 0
-165 -257 13 0
-166 -256 13 0
-166 -255 14 0
-167 -260 12 0
-168 -261 13 0
-197 -256 9 0
-197 -257 10 0
-198 -257 11 0
-196 -253 10 0
-194 -258 10 0
-181 -263 6 0
-195 -263 13 0
-167 -263 12 0
-166 -263 12 0
-199 -278 13 0
-193 -281 13 0
-194 -281 13 0
-195 -280 13 0
-200 -282 13 0
-199 -281 13 0
-198 -280 13 0
-188 -263 8 0
-189 -263 8 0
-195 -261 9 0
-194 -261 9 0
-181 -278 13 0
-168 -283 15 0
-171 -283 17 0
-170 -283 16 0
-178 -257 3 2
-178 -257 4 1
-178 -256 2 1
-199 -266 32 0
-199 -265 32 0
-196 -262 33 0
-197 -262 32 0
-198 -262 32 0
-198 -258 31 0
-198 -259 31 0
-186 -266 13 0
-199 -262 31 0
-198 -259 29 0
-198 -259 30 0
-199 -259 30 0
-199 -264 30 0
-200 -256 30 0
-200 -257 30 0
-200 -258 31 0
-179 -263 2 1
-179 -264 2 1
-179 -265 4 2
-179 -265 3 1
-179 -265 2 1
-180 -263 2 1
-180 -264 2 1
-180 -265 4 2
-180 -265 3 1
-170 -272 8 1
-175 -272 7 1
-175 -272 8 2
-175 -272 9 1
-174 -272 7 1
-173 -272 7 1
-182 -286 10 2
-189 -289 12 2
-189 -289 11 2
-200 -284 12 0
-161 -276 17 0
-161 -277 17 0
-161 -278 17 0
-164 -270 16 0
-159 -273 17 0
-158 -274 17 0
-157 -274 16 0
-160 -266 12 1
-161 -275 16 1
-189 -253 10 0
-189 -261 3 2
-197 -282 15 0
-197 -283 14 0
-196 -253 13 0
-197 -252 14 0
-198 -285 15 0
-188 -287 17 0
-188 -287 16 1
-186 -286 17 0
-186 -286 16 0
-186 -286 15 0
-154 -259 13 0
-174 -286 10 1
-174 -286 9 1
-174 -286 8 2
-175 -285 10 1
-175 -285 8 1
-175 -286 10 1
-175 -286 9 1
-175 -286 8 1
-176 -285 9 2
-176 -285 8 2
-176 -286 9 1
-192 -288 18 0
-192 -288 17 0
-185 -255 11 0
-185 -253 10 0
-194 -287 12 1
-191 -291 11 1
-192 -291 12 1
-192 -291 11 1
-191 -284 11 0
-191 -284 12 0
-191 -285 12 0
-195 -288 12 1
-195 -288 11 1
-195 -289 13 1
-195 -289 12 1
-195 -289 11 1
-195 -290 13 1
-195 -290 12 2
-195 -290 11 1
-195 -284 12 0
-174 -273 13 0
-174 -275 14 0
-174 -276 15 0
-175 -269 14 0
-175 -268 14 0
-169 -273 14 1
-197 -257 36 0
-172 -263 7 1
-195 -262 22 0
-196 -263 22 0
-166 -300 13 0
-198 -265 22 0
-195 -270 7 1
-198 -263 8 0
-198 -264 8 0
-175 -265 9 0
-176 -264 8 0
-186 -257 8 0
-182 -256 11 0
-152 -258 15 0
-164 -262 15 0
-161 -264 12 1
-161 -265 13 0
-163 -264 12 0
-185 -255 5 2
-153 -261 16 0
-159 -265 12 1
-159 -266 12 1
-183 -255 10 0
-171 -277 7 1
-168 -267 11 0
-176 -275 9 1
-198 -285 9 2
-198 -285 8 1
-190 -253 10 0
-196 -268 20 0
-193 -265 19 0
-195 -284 11 1
-155 -257 11 0
-154 -257 11 1
-151 -259 12 1
-196 -284 10 1
-197 -284 11 1
-197 -284 9 2
-197 -285 11 1
-186 -285 15 0
-185 -286 14 0
-197 -280 8 1
-174 -280 11 1
-179 -275 11 0
-199 -288 13 0
-200 -286 13 0
-180 -256 13 0
-185 -260 6 0
-183 -258 4 1
-183 -258 3 1
-183 -258 2 1
-199 -265 19 0
-193 -265 20 0
-161 -274 17 1
-161 -273 15 1
-161 -273 16 1
-161 -273 17 1
-161 -272 15 1
-179 -262 7 0
-200 -263 8 0
-196 -287 9 1
-163 -257 8 1
-161 -256 8 1
-161 -256 10 1
-189 -275 7 1
-189 -274 7 1
-184 -265 9 0
-185 -266 10 0
-189 -272 5 2
-190 -273 4 1
-194 -264 11 0
-192 -265 10 0
-192 -266 9 0
-191 -265 10 0
-192 -271 8 2
-191 -267 9 0
-190 -267 10 0
-190 -268 10 0
-189 -267 11 0
-190 -268 11 0
-189 -268 11 0
-190 -273 5 1
-190 -272 4 1
-190 -272 5 1
-200 -276 11 0
-200 -253 10 2
-200 -276 15 0
-199 -278 10 0
-200 -278 10 1
-157 -260 12 0
-152 -263 12 0
-180 -259 8 0
-187 -257 9 1
-186 -257 9 0
-181 -264 9 0
-198 -277 17 0
-200 -274 14 0
-200 -275 15 0
-199 -275 15 0
-189 -256 13 0
-199 -277 17 0
-194 -253 12 0
-200 -277 17 0
-192 -251 11 0
-169 -273 13 1
-169 -273 12 2
-169 -273 11 1
-153 -252 16 0
-175 -267 13 0
-175 -268 15 0
-173 -269 14 0
-170 -271 16 0
-170 -271 15 0
-171 -267 15 0
-182 -264 12 0
-187 -258 2 1
-188 -258 2 1
-189 -258 3 1
-189 -258 2 1
-190 -265 11 0
-197 -280 10 0
-198 -253 1 1
-190 -263 11 0
-200 -259 36 0
-195 -270 3 1
-195 -270 4 1
-189 -265 8 0
-191 -259 8 1
-191 -260 8 1
-152 -280 17 0
-151 -281 15 0
-175 -286 22 0
-151 -287 17 0
-151 -286 16 0
-179 -292 22 0
-180 -285 21 0
-180 -284 22 0
-175 -289 21 0
-174 -290 21 0
-179 -288 19 0
-180 -289 20 0
-181 -289 20 0
-183 -290 21 0
-151 -285 18 0
-177 -292 20 0
-177 -293 20 0
-181 -287 20 0
-195 -253 14 0
-156 -263 15 0
-159 -261 13 0
-185 -295 22 0
-185 -295 23 0
-186 -295 24 0
-186 -295 25 0
-184 -292 24 0
-183 -295 23 0
-183 -296 23 0
-183 -296 24 0
-186 -294 22 0
-187 -294 22 0
-188 -293 24 0
-185 -295 21 0
-185 -296 21 0
-185 -296 22 0
-186 -298 23 0
-186 -292 22 0
-186 -291 22 0
-181 -295 22 0
-187 -295 21 0
-189 -296 22 0
-183 -291 22 0
-183 -290 22 0
-184 -296 21 0
-184 -297 21 0
-183 -298 21 0
-183 -299 22 0
-186 -293 21 0
-188 -292 21 0
-189 -292 21 0
-182 -293 21 0
-186 -296 20 0
-187 -297 21 0
-187 -298 21 0
-182 -296 20 0
-181 -297 20 0
-185 -298 19 0
-185 -299 19 0
-187 -291 19 1
-188 -290 19 0
-180 -295 18 0
-187 -296 19 0
-188 -297 18 0
-184 -291 19 0
-183 -297 18 0
-182 -298 18 0
-188 -293 18 1
-188 -293 17 1
-186 -297 17 0
-183 -295 18 0
-182 -295 16 0
-185 -294 22 0
-184 -294 25 0
-186 -295 22 0
-186 -295 23 0
-187 -296 25 0
-185 -293 23 0
-185 -292 24 0
-185 -292 25 0
-184 -296 23 0
-183 -297 24 0
-187 -294 23 0
-188 -294 23 0
-189 -294 24 0
-182 -292 24 0
-186 -296 22 0
-186 -297 22 0
-186 -297 23 0
-187 -291 22 0
-187 -290 23 0
-181 -296 23 0
-187 -283 14 0
-185 -287 13 0
-186 -289 13 1
-185 -285 13 0
-186 -285 13 0
-187 -285 13 0
-188 -285 13 1
-183 -290 12 1
-178 -254 13 0
-160 -275 20 0
-180 -257 10 0
-196 -268 26 0
-196 -267 26 0
-195 -260 27 0
-195 -261 26 0
-163 -260 13 0
-163 -253 3 1
-163 -253 4 1
-157 -251 5 1
-194 -270 3 1
-179 -257 4 1
-179 -257 3 2
-197 -272 9 2
-198 -272 9 2
-193 -255 16 0
-163 -257 6 1
-162 -258 7 1
-162 -257 6 1
-200 -257 10 0
-190 -284 19 0
-188 -289 19 0
-187 -285 18 0
-192 -283 17 0
-187 -288 17 0
-186 -288 17 0
-189 -291 16 0
-191 -282 15 0
-193 -283 13 0
-173 -267 7 1
-173 -267 8 1
-163 -288 17 0
-163 -287 17 0
-159 -283 19 0
-160 -284 18 0
-160 -284 17 0
-164 -285 18 0
-160 -288 19 0
-164 -287 20 0
-163 -286 19 0
-163 -286 18 0
-161 -285 20 0
-161 -285 19 0
-182 -258 5 1
-194 -292 12 1
-194 -292 11 1
-195 -292 12 1
-195 -292 11 1
-185 -295 17 1
-185 -295 16 1
-185 -295 15 1
-186 -293 15 1
-186 -294 17 1
-176 -276 16 0
-200 -294 12 1
-200 -294 11 1
-198 -262 7 1
-200 -289 9 2
-179 -257 11 0
-184 -263 11 0
-184 -256 10 0
-185 -256 11 0
-152 -254 14 0
-196 -260 8 0
-173 -281 13 0
-166 -271 10 2
-166 -270 8 2
-165 -271 8 1
-165 -271 9 1
-165 -271 10 1
-165 -270 8 1
-165 -270 9 1
-165 -270 10 1
-165 -269 8 2
-168 -268 10 1
-170 -266 10 0
-171 -266 10 0
-171 -266 9 1
-172 -265 9 0
-170 -270 8 1
-195 -251 3 1
-193 -264 4 2
-200 -269 25 0
-194 -272 17 0
-196 -283 15 0
-199 -265 29 0
-174 -258 8 0
-186 -251 15 0
-175 -261 11 0
-175 -261 10 0
-173 -260 10 0
-173 -260 9 0
-196 -297 13 2
-195 -299 12 1
-195 -299 13 2
-161 -286 16 0
-160 -286 16 0
-159 -286 17 0
-158 -287 18 0
-199 -300 18 0
-199 -297 18 0
-200 -299 19 0
-199 -299 19 0
-198 -299 18 0
-200 -297 20 0
-196 -300 22 0
-169 -264 13 0
-192 -274 16 0
-192 -274 15 0
-193 -273 15 0
-196 -277 17 0
-196 -276 16 0
-196 -275 16 0
-193 -272 16 0
-198 -272 18 0
-193 -275 18 0
-193 -275 17 0
-194 -274 16 0
-196 -274 19 0
-196 -274 18 0
-173 -257 5 1
-173 -256 3 1
-173 -256 4 2
-173 -256 5 1
-173 -255 3 2
-173 -255 4 2
-173 -255 5 1
-172 -256 6 1
-172 -260 4 1
-172 -260 5 2
-172 -260 6 1
-172 -259 4 1
-172 -259 5 2
-172 -258 4 2
-195 -289 19 0
-195 -290 20 0
-193 -285 19 0
-192 -290 17 0
-195 -288 17 0
-196 -288 18 0
-197 -288 19 0
-190 -286 18 0
-195 -286 17 0
-195 -285 17 0
-195 -284 18 0
-191 -289 17 0
-190 -289 17 0
-189 -290 17 0
-192 -285 16 0
-192 -293 17 0
-194 -284 15 0
-195 -286 14 0
-194 -286 12 0
-191 -255 9 1
-151 -257 17 0
-151 -258 17 0
-152 -258 18 0
-193 -278 12 0
-190 -277 10 0
-198 -258 3 2
-161 -260 8 2
-195 -289 20 0
-193 -286 19 0
-193 -285 20 0
-191 -290 19 0
-196 -287 19 0
-190 -286 19 0
-194 -286 17 0
-189 -289 18 0
-196 -289 17 0
-191 -284 17 0
-174 -279 16 0
-193 -270 11 0
-197 -265 13 0
-195 -261 2 1
-191 -266 3 2
-164 -264 12 0
-196 -268 12 1
-180 -260 9 0
-178 -261 10 0
-182 -258 9 0
-176 -272 7 1
-176 -272 8 1
-198 -261 13 0
-195 -260 13 0
-200 -257 13 0
-195 -260 12 0
-199 -259 40 0
-200 -259 37 0
-198 -257 38 0
-164 -265 7 1
-188 -284 18 0
-191 -251 8 0
-185 -251 10 0
-187 -251 9 0
-192 -284 13 0
-191 -285 13 0
-190 -291 12 1
-190 -254 10 0
-178 -275 13 0
-195 -255 6 1
-197 -254 5 1
-198 -254 4 1
-199 -253 3 2
-197 -259 2 1
-197 -268 2 1
-197 -267 2 1
-197 -267 3 1
-187 -251 17 0
-192 -289 9 1
-182 -252 11 0
-154 -279 14 0
-151 -273 13 0
-156 -272 12 0
-156 -271 12 0
-156 -270 13 0
-156 -269 13 0
-182 -290 13 1
-182 -290 14 1
-191 -286 13 1
-186 -290 13 1
-186 -291 12 1
-187 -284 13 0
-188 -283 12 0
-189 -282 12 0
-190 -289 11 2
-191 -290 10 1
-191 -290 11 1
-191 -290 12 2
-191 -289 10 1
-191 -289 11 1
-191 -289 12 2
-191 -288 10 1
-191 -288 11 1
-191 -288 12 2
-190 -290 10 1
-163 -278 9 1
-163 -278 10 1
-163 -277 9 1
-163 -277 10 1
-162 -279 9 1
-162 -278 9 1
-162 -277 9 1
-161 -279 9 1
-161 -278 9 1
-161 -277 9 1
-190 -290 11 1
-190 -290 12 1
-190 -289 10 1
-190 -289 12 2
-193 -251 14 0
-193 -251 15 0
-192 -256 15 0
-196 -253 14 0
-197 -253 15 0
-198 -255 13 0
-193 -274 6 1
-193 -274 5 1
-183 -257 9 0
-184 -258 9 0
-184 -259 9 0
-163 -274 18 2
-164 -272 18 2
-164 -273 18 1
-164 -274 18 1
-165 -272 18 1
-165 -273 18 1
-165 -274 18 1
-164 -270 19 0
-160 -271 19 0
-167 -271 19 0
-161 -276 19 0
-164 -277 15 1
-195 -271 11 1
-190 -289 15 1
-189 -291 13 1
-196 -274 13 0
-190 -273 12 0
-191 -273 13 0
-198 -269 13 1
-195 -278 13 0
-186 -268 9 0
-186 -267 10 0
-199 -278 7 1
-199 -278 8 2
-165 -283 14 0
-164 -284 14 0
-169 -283 13 0
-163 -282 12 1
-170 -284 10 2
-170 -284 11 1
-169 -284 9 1
-192 -253 22 0
-198 -253 21 0
-191 -276 16 0
-195 -255 21 0
-195 -251 25 0
-198 -253 24 0
-194 -254 24 0
-193 -266 5 1
-193 -274 4 1
-194 -272 6 1
-194 -272 5 1
-154 -276 12 0
-153 -276 12 0
-152 -277 12 0
-152 -278 12 0
-155 -274 12 0
-154 -273 12 0
-152 -271 12 0
-194 -254 34 0
-160 -263 11 1
-192 -252 14 0
-193 -271 13 0
-200 -273 4 1
-165 -268 13 0
-162 -261 12 0
-161 -261 12 0
-158 -267 13 0
-191 -252 14 0
-158 -265 12 0
-190 -252 14 0
-195 -280 11 0
-194 -278 9 1
-165 -256 15 0
-165 -257 14 0
-166 -261 16 0
-166 -260 15 0
-166 -260 14 0
-165 -260 13 0
-199 -256 19 0
-194 -254 19 0
-193 -254 18 0
-196 -255 18 0
-199 -278 12 0
-200 -278 11 0
-195 -272 11 1
-182 -266 9 0
-181 -263 10 0
-182 -264 10 0
-181 -264 10 0
-182 -260 11 0
-186 -290 11 1
-178 -254 9 0
-185 -296 17 0
-185 -296 18 0
-185 -294 18 2
-186 -294 19 1
-186 -294 18 1
-187 -292 19 1
-200 -299 15 2
-200 -300 16 1
-200 -300 15 1
-193 -298 16 0
-198 -300 17 1
-198 -293 18 0
-173 -258 3 1
-172 -258 3 1
-174 -260 10 0
-174 -260 11 0
-200 -259 15 0
-175 -258 9 0
-173 -260 8 0
-173 -261 9 0
-173 -262 9 0
-174 -263 10 0
-173 -259 7 0
-174 -260 8 0
-172 -261 7 0
-174 -260 7 0
-175 -262 7 0
-175 -263 7 1
-173 -256 7 0
-165 -270 7 1
-173 -255 7 0
-166 -270 7 1
-173 -254 7 0
-169 -266 10 0
-171 -261 9 0
-172 -265 10 0
-171 -265 10 0
-172 -262 12 0
-169 -262 13 0
-166 -267 15 0
-168 -263 14 0
-169 -266 15 0
-167 -265 16 0
-167 -265 15 0
-167 -265 14 0
-174 -259 7 0
-175 -259 7 0
-176 -259 7 0
-192 -284 12 0
-190 -283 13 0
-194 -283 14 0
-170 -274 25 0
-183 -264 12 0
-192 -252 5 0
-155 -256 14 0
-181 -263 11 0
-151 -260 14 0
-187 -253 7 1
-187 -254 9 0
-180 -260 3 2
-193 -254 7 0
-181 -252 8 0
-196 -263 6 0
-200 -289 12 0
-196 -293 12 1
-152 -271 17 0
-175 -268 6 2
-175 -268 7 1
-175 -268 8 1
-175 -267 6 2
-175 -267 7 1
-175 -267 8 1
-174 -269 6 1
-174 -268 6 1
-195 -259 4 1
-198 -269 10 1
-199 -265 12 0
-199 -266 11 0
-200 -299 16 1
-159 -276 15 0
-159 -269 15 0
-160 -270 15 0
-160 -272 16 0
-164 -276 15 1
-156 -274 15 0
-197 -254 1 1
-185 -263 14 0
-159 -261 10 1
-187 -266 13 0
-159 -261 8 2
-184 -265 15 0
-160 -261 9 1
-160 -261 8 2
-161 -259 10 2
-195 -254 20 0
-194 -254 20 0
-194 -255 21 0
-197 -252 19 0
-198 -252 19 0
-195 -251 19 0
-193 -251 20 0
-197 -255 20 0
-156 -251 5 1
-157 -251 7 1
-158 -251 7 1
-160 -253 8 1
-160 -253 7 1
-163 -261 12 0
-162 -262 12 0
-188 -251 3 2
-188 -251 2 1
-188 -252 4 1
-188 -252 3 2
-188 -252 2 2
-187 -251 3 2
-162 -263 12 0
-157 -264 13 0
-198 -298 18 0
-194 -292 19 0
-194 -291 18 0
-194 -297 19 0
-193 -298 18 0
-192 -299 18 0
-196 -295 19 0
-197 -294 19 0
-196 -298 18 0
-196 -298 17 1
-196 -292 17 0
-193 -296 17 0
-192 -296 16 0
-196 -295 18 0
-196 -295 17 0
-197 -296 16 1
-194 -294 18 0
-194 -294 17 0
-194 -294 16 1
-194 -295 25 0
-196 -297 24 0
-197 -297 25 0
-195 -293 24 0
-195 -293 25 0
-197 -283 12 0
-199 -276 12 0
-200 -275 12 0
-194 -279 12 0
-193 -279 12 0
-195 -263 24 0
-195 -263 23 0
-194 -262 23 0
-198 -265 24 0
-198 -266 24 0
-198 -266 23 0
-199 -267 22 0
-198 -263 24 0
-198 -261 22 0
-196 -265 23 0
-195 -265 23 0
-176 -251 3 1
-183 -281 10 1
-189 -254 10 0
-158 -263 9 2
-155 -256 7 1
-194 -267 5 1
-156 -255 11 0
-198 -263 15 0
-195 -261 15 0
-195 -262 14 0
-172 -266 13 0
-172 -267 13 0
-172 -272 15 0
-174 -285 8 1
-174 -285 9 2
-174 -285 10 1
-179 -280 11 0
-180 -280 10 0
-181 -280 9 1
-181 -279 9 1
-179 -284 8 1
-196 -284 8 1
-180 -279 7 1
-180 -279 8 2
-181 -284 10 2
-181 -285 11 2
-181 -285 10 2
-185 -282 11 0
-184 -282 11 0
-183 -282 12 0
-182 -282 12 0
-154 -286 12 0
-192 -269 8 1
-200 -275 4 1
-153 -280 12 0
-152 -280 13 0
-152 -281 13 0
-194 -254 3 2
-194 -253 6 0
-193 -256 2 1
-188 -253 6 1
-168 -300 14 0
-170 -268 16 0
-199 -263 13 0
-183 -290 11 1
-184 -288 11 1
-151 -278 14 0
-177 -284 13 2
-153 -287 14 0
-177 -285 14 2
-177 -285 13 1
-173 -288 18 0
-180 -289 18 0
-181 -289 18 0
-153 -281 15 0
-176 -290 17 0
-176 -291 17 0
-181 -286 17 0
-178 -288 22 0
-177 -288 23 0
-177 -288 24 0
-179 -289 21 0
-179 -289 22 0
-180 -289 23 0
-178 -286 22 0
-178 -285 23 0
-177 -290 21 0
-177 -290 22 0
-192 -252 12 0
-192 -252 11 0
-191 -252 10 0
-191 -251 9 0
-189 -251 12 0
-190 -251 11 0
-197 -257 34 0
-199 -257 10 0
-196 -258 34 0
-199 -255 35 0
-152 -258 12 1
-199 -252 33 2
-197 -255 34 0
-198 -254 34 0
-198 -253 32 0
-182 -283 10 1
-181 -283 11 1
-178 -285 9 1
-177 -285 9 1
-180 -281 11 0
-183 -285 8 1
-184 -283 10 1
-198 -291 18 0
-200 -293 16 0
-196 -289 16 0
-199 -299 12 1
-199 -299 13 1
-198 -299 12 1
-198 -299 13 1
-197 -297 11 1
-193 -286 16 0
-197 -285 17 0
-196 -286 17 0
-196 -287 16 0
-164 -276 22 1
-163 -277 22 0
-163 -272 22 0
-162 -271 21 0
-166 -280 21 0
-163 -275 21 1
-162 -275 21 1
-161 -275 21 0
-165 -270 20 0
-162 -276 21 0
-166 -272 21 1
-165 -271 20 0
-166 -273 20 1
-165 -273 20 2
-165 -273 21 1
-164 -275 20 2
-151 -273 9 1
-166 -251 12 0
-156 -284 14 0
-158 -284 14 0
-155 -288 12 0
-163 -273 24 0
-166 -279 25 0
-167 -271 25 0
-196 -280 13 0
-163 -277 15 0
-196 -297 15 1
-196 -299 16 1
-197 -299 16 1
-197 -299 15 2
-198 -300 15 1
-192 -293 22 0
-193 -291 23 0
-193 -299 16 0
-194 -299 16 0
-195 -296 22 0
-196 -296 23 0
-197 -268 17 0
-196 -269 16 0
-193 -274 17 0
-193 -273 17 0
-193 -272 17 0
-173 -285 15 0
-172 -286 16 0
-172 -286 17 0
-177 -283 17 0
-172 -282 15 0
-175 -286 15 1
-175 -287 15 1
-175 -288 16 0
-175 -281 15 0
-171 -285 14 0
-177 -285 15 1
-173 -286 14 0
-173 -287 14 0
-173 -288 14 0
-176 -286 13 2
-177 -287 13 1
-177 -287 14 2
-177 -286 13 1
-177 -286 14 2
-176 -287 14 2
-176 -286 14 2
-175 -287 12 1
-175 -287 14 1
-175 -286 14 1
-170 -287 13 0
-174 -286 12 0
-174 -288 12 0
-180 -259 6 0
-154 -273 10 1
-187 -289 11 1
-187 -289 12 1
-197 -254 39 0
-197 -254 40 0
-197 -254 41 0
-199 -254 38 0
-199 -254 39 0
-178 -263 7 0
-198 -251 40 0
-195 -268 12 1
-194 -271 14 0
-182 -264 3 1
-193 -272 12 0
-194 -255 39 0
-200 -254 37 0
-196 -271 12 1
-196 -271 11 2
-194 -270 13 0
-194 -270 12 0
-186 -271 11 0
-186 -272 12 0
-185 -269 10 0
-184 -270 10 0
-188 -270 9 0
-188 -271 9 0
-188 -272 9 0
-184 -268 9 0
-186 -270 8 0
-200 -272 11 2
-191 -264 18 0
-192 -265 19 0
-193 -266 19 0
-200 -268 19 0
-194 -256 21 0
-197 -251 20 0
-198 -255 20 0
-194 -278 15 0
-192 -263 4 1
-196 -255 19 0
-196 -256 19 0
-194 -252 19 0
-191 -252 18 0
-192 -264 2 1
-193 -263 4 1
-193 -263 3 2
-195 -266 10 0
-196 -251 22 0
-195 -251 23 0
-195 -251 24 0
-197 -252 22 0
-197 -252 23 0
-195 -253 23 0
-192 -266 5 1
-197 -254 22 0
-193 -253 22 0
-190 -266 2 1
-193 -254 20 0
-174 -279 11 1
-177 -270 10 0
-193 -290 13 1
-185 -256 8 0
-162 -267 10 1
-162 -268 10 1
-165 -260 10 1
-158 -265 10 1
-164 -265 10 0
-165 -265 9 1
-165 -266 9 1
-159 -267 8 2
-193 -274 9 1
-185 -293 17 1
-185 -293 18 2
-186 -280 12 0
-186 -279 12 0
-189 -280 10 0
-187 -281 13 0
-184 -281 12 0
-189 -281 12 0
-186 -280 11 0
-186 -279 11 0
-188 -280 10 0
-154 -284 13 0
-151 -285 11 0
-152 -285 11 0
-152 -285 12 0
-193 -267 25 0
-172 -252 8 1
-172 -251 7 1
-154 -272 13 0
-159 -264 15 0
-190 -271 9 0
-190 -266 12 0
-190 -267 12 0
-188 -272 10 0
-192 -271 10 1
-189 -274 12 0
-190 -273 11 0
-187 -271 13 0
-188 -270 12 0
-188 -267 13 0
-200 -284 15 0
-193 -254 12 0
-199 -286 17 0
-189 -268 6 1
-187 -270 6 1
-188 -270 7 1
-191 -272 7 1
-188 -272 8 1
-191 -261 13 0
-197 -279 8 2
-197 -280 7 1
-151 -254 15 0
-199 -259 2 1
-197 -270 18 0
-196 -264 18 0
-162 -275 16 1
-161 -270 17 0
-160 -274 18 0
-163 -274 15 2
-163 -273 15 1
-163 -272 15 1
-162 -274 15 2
-162 -273 15 2
-162 -272 15 1
-161 -274 15 1
-161 -274 16 1
-200 -279 12 0
-198 -260 37 0
-179 -257 2 1
-196 -256 14 0
-178 -274 16 0
-182 -277 10 0
-162 -258 6 1
-183 -275 11 0
-181 -275 12 0
-162 -257 7 2
-182 -276 14 0
-160 -274 16 0
-158 -271 15 0
-159 -272 17 0
-160 -272 17 0
-163 -271 16 1
-164 -271 16 1
-159 -277 16 0
-159 -276 17 0
-160 -269 16 0
-160 -269 17 0
-161 -271 18 0
-162 -275 17 1
-163 -275 16 1
-196 -263 18 0
-196 -265 19 0
-196 -265 20 0
-196 -268 19 0
-192 -265 18 0
-190 -265 2 1
-190 -266 4 2
-190 -266 3 1
-190 -267 3 2
-190 -267 2 1
-191 -265 4 1
-180 -256 10 0
-192 -265 4 1
-190 -252 4 1
-195 -265 4 1
-197 -286 13 0
-194 -252 34 0
-197 -260 31 0
-197 -254 33 0
-176 -273 11 0
-177 -271 10 0
-194 -252 12 0
-194 -253 13 0
-195 -252 12 0
-178 -277 10 0
-173 -279 8 1
-173 -279 9 2
-173 -279 10 2
-200 -275 16 0
-199 -276 17 0
-195 -253 15 0
-196 -257 16 0
-193 -277 8 1
-196 -257 15 0
-197 -256 32 0
-200 -256 39 0
-199 -253 40 0
-200 -256 38 0
-195 -256 13 0
-189 -253 13 0
-180 -251 5 1
-180 -251 6 1
-185 -252 8 0
-167 -267 7 1
-167 -267 8 2
-194 -261 13 0
-198 -252 33 2
-194 -253 33 0
-169 -276 10 1
-168 -276 9 1
-168 -276 10 1
-168 -276 11 1
-167 -276 9 1
-200 -266 10 0
-167 -276 11 1
-175 -275 11 0
-156 -263 14 0
-156 -264 15 0
-173 -264 13 0
-170 -269 12 0
-165 -265 11 0
-169 -264 8 2
-169 -264 9 1
-169 -263 7 1
-169 -263 9 1
-169 -262 7 1
-169 -262 8 2
-193 -267 24 0
-200 -266 32 0
-198 -262 30 0
-197 -263 30 0
-196 -263 31 0
-195 -263 31 0
-194 -264 17 0
-198 -279 16 0
-198 -279 17 0
-197 -254 15 0
-194 -252 14 0
-195 -256 16 0
-193 -254 16 0
-196 -255 10 0
-195 -256 9 0
-193 -254 15 0
-199 -265 15 0
-188 -289 15 1
-189 -290 16 0
-189 -291 17 0
-189 -285 15 0
-200 -262 17 0
-172 -265 5 1
-172 -264 5 1
-172 -263 5 1
-171 -265 5 1
-171 -264 5 1
-172 -262 6 1
-173 -256 6 1
-174 -255 6 0
-175 -260 5 1
-161 -290 17 0
-194 -273 10 1
-162 -274 22 0
-167 -270 21 0
-164 -279 21 0
-164 -278 21 0
-160 -277 22 0
-161 -277 22 0
-159 -273 23 0
-161 -273 23 0
-163 -278 23 0
-163 -277 23 0
-162 -270 24 0
-163 -272 23 0
-191 -253 12 0
-194 -254 9 0
-194 -254 10 0
-194 -254 11 0
-197 -256 35 0
-196 -257 34 0
-178 -286 10 1
-178 -287 12 1
-199 -257 33 0
-199 -252 34 2
-199 -251 33 2
-199 -251 32 2
-179 -254 11 0
-178 -253 12 0
-177 -258 12 0
-181 -255 11 0
-182 -255 12 0
-177 -255 9 0
-176 -254 11 0
-152 -259 16 0
-152 -259 17 0
-187 -269 4 2
-187 -268 4 2
-187 -268 5 1
-185 -265 6 1
-188 -269 3 1
-188 -269 4 2
-188 -268 3 1
-188 -268 4 2
-176 -280 15 0
-177 -280 15 0
-174 -281 15 0
-182 -267 9 0
-181 -268 9 0
-198 -260 2 1
-182 -266 5 1
-176 -284 19 0
-174 -284 22 0
-175 -288 15 1
-173 -282 16 0
-200 -300 21 0
-167 -273 15 1
-197 -294 18 0
-198 -293 15 0
-199 -289 18 0
-199 -262 33 0
-200 -293 17 0
-200 -292 16 0
-198 -292 19 0
-198 -292 17 0
-157 -261 8 2
-157 -261 7 1
-154 -259 10 1
-198 -258 9 0
-193 -286 14 0
-194 -285 15 0
-195 -285 15 0
-192 -289 14 1
-192 -290 14 1
-193 -291 14 1
-191 -284 14 0
-177 -269 8 1
-171 -263 10 0
-172 -267 5 1
-172 -266 5 1
-172 -266 6 2
-165 -261 8 1
-165 -261 9 2
-199 -268 25 0
-179 -260 11 0
-197 -261 25 0
-195 -266 25 0
-194 -267 25 0
-193 -268 25 0
-181 -262 11 0
-181 -256 10 0
-196 -298 10 1
-196 -298 11 1
-196 -297 9 1
-187 -294 17 1
-187 -294 18 1
-187 -294 19 1
-198 -297 12 1
-195 -297 12 1
-195 -298 13 2
-195 -298 12 1
-186 -272 6 1
-186 -272 7 1
-185 -274 5 1
-196 -297 12 1
-197 -297 12 1
-197 -298 13 1
-197 -298 12 1
-197 -299 13 1
-197 -299 12 1
-189 -270 5 1
-184 -271 4 1
-196 -260 32 0
-200 -270 14 0
-199 -265 33 0
-199 -264 32 0
-200 -263 32 0
-198 -270 14 0
-196 -262 34 0
-185 -266 11 0
-186 -268 12 0
-160 -257 10 1
-181 -266 11 0
-198 -272 5 2
-162 -251 3 2
-162 -251 2 1
-163 -251 2 1
-161 -251 7 0
-162 -251 7 1
-199 -265 7 1
-199 -265 6 2
-191 -292 12 2
-184 -267 12 0
-183 -267 13 0
-157 -265 11 1
-157 -264 11 1
-157 -263 11 1
-162 -261 11 0
-161 -261 11 0
-160 -261 12 0
-159 -261 12 0
-200 -289 13 0
-199 -262 25 0
-200 -261 25 0
-154 -253 17 0
-176 -267 13 0
-180 -261 10 0
-179 -261 10 0
-193 -254 13 0
-192 -282 16 0
-192 -283 16 0
-194 -283 18 0
-193 -284 18 0
-188 -285 19 0
-189 -285 18 0
-194 -287 19 0
-190 -290 20 0
-190 -289 19 0
-156 -283 18 0
-157 -284 17 0
-162 -284 19 0
-161 -285 17 0
-157 -287 19 0
-157 -287 18 0
-158 -282 19 0
-158 -283 18 0
-160 -286 20 0
-180 -257 8 0
-171 -263 6 1
-171 -264 8 1
-195 -275 12 0
-198 -276 11 0
-200 -259 6 0
-199 -253 6 1
-193 -252 35 0
-199 -252 6 2
-194 -289 14 0
-196 -290 15 0
-197 -290 16 0
-191 -285 15 0
-192 -291 15 1
-193 -256 14 0
-193 -252 15 0
-199 -275 11 0
-197 -257 17 0
-194 -251 17 0
-198 -252 15 0
-195 -255 18 0
-196 -252 16 0
-197 -253 16 0
-195 -253 19 0
-200 -274 10 0
-192 -274 10 1
-194 -254 15 0
-197 -251 14 0
-161 -274 22 0
-163 -270 22 0
-163 -271 22 0
-158 -272 23 0
-160 -272 22 0
-161 -272 22 0
-167 -270 23 0
-166 -271 23 0
-162 -276 23 0
-162 -275 23 0
-161 -268 24 0
-161 -269 23 0
-162 -270 23 0
-159 -274 24 0
-164 -270 24 0
-164 -271 23 0
-160 -271 25 0
-161 -271 24 0
-162 -272 23 0
-166 -272 25 0
-161 -275 26 0
-161 -275 25 0
-162 -274 24 0
-163 -270 26 0
-163 -271 25 0
-165 -274 27 0
-171 -252 8 0
-171 -251 7 0
-170 -251 7 0
-166 -253 4 2
-166 -254 3 1
-166 -254 4 1
-166 -253 3 1
-166 -252 3 1
-166 -252 4 2
-165 -254 3 1
-164 -278 16 1
-164 -278 17 0
-166 -277 16 2
-164 -279 15 0
-198 -264 2 1
-166 -278 14 1
-162 -279 14 0
-162 -280 14 0
-161 -281 14 0
-166 -280 13 0
-183 -289 18 0
-182 -289 18 0
-181 -289 19 0
-175 -292 19 0
-176 -292 19 0
-185 -251 7 1
-184 -252 7 1
-196 -268 13 1
-195 -268 13 0
-196 -262 11 0
-195 -263 10 0
-190 -268 13 0
-179 -259 8 0
-194 -272 11 0
-188 -251 7 0
-188 -252 7 0
-188 -253 7 1
-188 -254 6 2
-195 -253 4 1
-195 -253 3 2
-195 -253 2 1
-195 -254 4 1
-195 -254 3 2
-195 -254 2 1
-195 -252 4 1
-195 -252 3 2
-195 -252 2 2
-183 -265 6 1
-187 -268 10 0
-191 -264 10 0
-191 -267 11 0
-192 -266 11 0
-192 -263 12 0
-192 -265 13 0
-173 -276 7 1
-177 -272 8 2
-177 -272 7 2
-175 -278 10 1
-175 -281 9 2
-175 -281 8 2
-152 -254 12 1
-176 -281 9 1
-176 -281 8 2
-176 -281 7 1
-177 -281 9 1
-177 -281 8 1
-177 -281 7 1
-178 -275 9 1
-172 -280 11 1
-151 -256 12 1
-194 -291 15 0
-198 -262 34 0
-199 -261 34 0
-151 -251 17 0
-197 -293 16 0
-197 -292 16 0
-157 -263 7 1
-199 -260 36 0
-197 -291 14 0
-154 -252 16 0
-154 -253 16 0
-193 -288 17 0
-200 -289 17 0
-153 -263 9 1
-154 -261 11 1
-154 -262 11 1
-154 -263 10 2
-154 -256 10 0
-158 -251 16 0
-158 -262 10 1
-152 -252 14 0
-157 -261 11 0
-200 -261 10 0
-194 -252 1 1
-186 -251 11 0
-154 -251 14 0
-156 -253 14 0
-195 -252 1 1
-196 -252 3 1
-157 -256 11 0
-189 -251 9 0
-156 -257 11 0
-155 -264 11 1
-154 -262 12 0
-154 -261 12 1
-200 -260 30 0
-199 -257 31 0
-159 -259 12 0
-171 -272 18 0
-171 -271 18 0
-172 -270 18 0
-157 -264 8 1
-157 -264 7 1
-197 -253 3 2
-197 -253 2 2
-197 -254 4 1
-197 -254 3 2
-197 -254 2 1
-197 -255 4 1
-156 -252 12 0
-158 -251 11 0
-188 -255 5 2
-156 -252 11 0
-157 -252 10 0
-157 -251 9 0
-157 -251 8 0
-196 -289 10 1
-196 -289 8 1
-196 -290 10 1
-172 -256 8 0
-197 -264 27 0
-190 -273 6 1
-200 -266 27 0
-200 -265 27 0
-185 -267 8 0
-193 -262 28 0
-194 -262 28 0
-159 -254 14 0
-157 -253 16 0
-158 -256 16 0
-154 -256 18 0
-156 -253 16 0
-158 -256 17 0
-154 -254 18 0
-156 -254 17 0
-155 -254 17 0
-154 -261 17 0
-156 -257 18 0
-156 -258 18 0
-151 -260 19 0
-153 -255 19 0
-153 -256 18 0
-155 -259 19 0
-152 -258 20 0
-153 -258 17 0
-157 -260 17 0
-155 -255 18 0
-154 -262 18 0
-151 -261 19 0
-151 -260 18 0
-154 -260 19 0
-154 -259 19 0
-151 -258 20 0
-152 -258 19 0
-156 -260 17 0
-154 -255 18 0
-153 -262 18 0
-156 -258 19 0
-151 -261 18 0
-152 -256 19 0
-152 -256 18 0
-154 -260 20 0
-153 -259 18 0
-151 -259 20 0
-153 -263 18 0
-155 -258 18 0
-154 -258 18 0
-151 -256 19 0
-153 -260 19 0
-153 -260 18 0
-151 -259 19 0
-151 -259 18 0
-152 -263 17 0
-154 -259 18 0
-197 -269 15 0
-179 -278 13 0
-174 -282 14 0
-173 -282 14 0
-180 -282 13 0
-194 -251 6 1
-152 -261 19 0
-151 -263 17 0
-152 -261 18 0
-151 -261 17 0
-151 -252 8 1
-153 -263 15 0
-151 -265 14 0
-152 -265 13 0
-154 -265 15 0
-151 -263 16 0
-153 -258 16 0
-152 -261 17 0
-151 -264 8 1
-151 -265 8 1
-151 -266 8 1
-152 -266 8 1
-187 -281 9 1
-187 -281 8 1
-187 -282 10 1
-187 -282 9 2
-200 -255 5 0
-197 -252 5 2
-195 -257 6 1
-195 -256 6 1
-187 -283 10 1
-187 -283 9 2
-187 -283 8 1
-186 -282 9 2
-184 -285 11 1
-162 -257 13 0
-164 -257 15 0
-162 -261 14 0
-162 -255 14 0
-163 -254 14 0
-164 -259 13 0
-165 -259 13 0
-159 -254 13 0
-159 -253 13 0
-170 -274 12 1
-170 -275 13 1
-170 -275 12 1
-170 -275 11 1
-169 -274 12 2
-191 -271 10 1
-191 -273 9 1
-191 -274 9 0
-193 -273 8 1
-159 -263 9 2
-159 -263 8 2
-159 -264 10 1
-192 -253 8 0
-192 -254 8 1
-191 -285 9 1
-194 -289 16 0
-193 -289 15 0
-188 -253 10 0
-172 -270 10 1
-172 -269 8 2
-171 -271 8 1
-171 -271 9 2
-190 -291 22 0
-189 -290 22 0
-190 -298 22 0
-190 -299 22 0
-194 -293 21 0
-195 -292 21 0
-196 -292 22 0
-193 -296 21 0
-194 -298 21 0
-192 -291 21 0
-192 -290 21 0
-192 -289 21 0
-196 -295 20 0
-192 -296 20 0
-192 -297 20 0
-196 -251 25 0
-192 -298 20 0
-192 -299 19 0
-193 -293 20 0
-192 -298 22 0
-192 -299 22 0
-195 -294 21 0
-194 -296 21 0
-195 -297 21 0
-196 -299 21 0
-194 -291 21 0
-194 -290 21 0
-198 -295 20 0
-190 -291 20 0
-193 -295 25 0
-195 -296 24 0
-194 -293 23 0
-194 -293 24 0
-194 -292 25 0
-194 -253 21 0
-195 -295 22 0
-178 -256 10 0
-191 -275 7 2
-190 -273 7 2
-200 -268 14 0
-198 -255 19 0
-193 -251 19 0
-194 -257 20 0
-195 -256 20 0
-198 -253 20 0
-192 -253 21 0
-194 -253 20 0
-197 -256 22 0
-197 -255 21 0
-196 -254 20 0
-163 -278 11 2
-198 -292 22 0
-196 -253 22 0
-193 -251 23 0
-194 -251 23 0
-195 -251 22 0
-198 -254 24 0
-195 -252 25 0
-194 -287 18 0
-190 -290 19 0
-191 -289 19 0
-193 -299 14 0
-197 -296 15 1
-168 -253 8 0
-168 -252 8 0
-169 -252 2 1
-171 -253 6 0
-173 -266 5 1
-181 -295 17 0
-180 -296 17 0
-184 -292 18 1
-185 -292 18 1
-185 -292 17 1
-178 -261 2 1
-162 -278 13 0
-162 -280 12 1
-166 -279 11 2
-166 -279 12 1
-166 -279 13 1
-166 -278 11 2
-166 -278 12 1
-166 -278 13 1
-166 -277 11 2
-161 -270 10 1
-161 -270 11 1
-160 -270 9 1
-160 -270 10 1
-160 -270 11 1
-159 -271 9 1
-159 -271 10 1
-159 -270 9 1
-159 -270 10 1
-159 -270 11 1
-164 -277 10 1
-164 -276 10 1
-163 -277 16 0
-166 -276 15 1
-166 -276 16 1
-166 -276 17 1
-163 -278 15 0
-163 -280 16 0
-166 -278 15 1
-161 -279 14 0
-161 -280 14 0
-165 -280 13 0
-160 -278 13 0
-159 -278 13 0
-159 -272 12 1
-184 -262 7 0
-183 -263 6 0
-191 -264 6 0
-187 -259 7 1
-187 -259 6 1
-197 -263 9 0
-195 -264 8 0
-193 -269 9 1
-193 -268 9 1
-192 -261 10 0
-179 -261 12 0
-179 -261 11 0
-180 -260 10 0
-187 -290 22 0
-188 -298 22 0
-188 -299 22 0
-191 -297 21 0
-192 -298 21 0
-190 -289 21 0
-194 -294 20 0
-191 -292 20 0
-192 -290 19 0
-192 -296 19 0
-190 -287 18 0
-191 -284 19 0
-188 -285 18 0
-190 -285 16 0
-190 -284 16 0
-189 -282 17 0
-190 -289 16 1
-195 -284 16 0
-191 -283 15 0
-192 -282 15 0
-194 -291 9 1
-194 -291 8 1
-194 -292 9 1
-194 -292 8 1
-194 -293 9 1
-194 -293 8 1
-190 -282 13 0
-189 -287 20 0
-180 -266 12 0
-184 -266 10 0
-184 -267 10 0
-183 -268 10 0
-183 -269 11 0
-185 -251 13 0
-181 -251 14 0
-196 -276 10 0
-196 -275 12 0
-195 -274 13 0
-191 -271 11 0
-199 -272 11 2
-198 -272 12 2
-197 -272 12 2
-196 -273 13 1
-187 -267 13 0
-200 -278 15 0
-199 -278 14 0
-192 -278 15 0
-193 -278 15 0
-198 -274 15 0
-187 -267 12 0
-197 -281 16 0
-197 -280 15 0
-197 -279 15 0
-160 -259 7 1
-163 -262 8 2
-200 -258 12 0
-200 -258 13 0
-200 -265 2 1
-198 -259 12 0
-200 -263 13 0
-197 -260 9 0
-200 -259 11 0
-200 -293 15 0
-200 -294 16 1
-200 -295 16 1
-196 -259 8 0
-189 -251 18 0
-196 -268 15 0
-198 -284 12 0
-198 -285 12 0
-198 -269 21 0
-200 -277 12 0
-188 -254 12 0
-195 -280 12 0
-194 -280 11 0
-194 -255 13 0
-156 -264 14 0
-192 -256 14 0
-189 -255 13 0
-181 -260 11 0
-180 -262 11 0
-184 -264 13 0
-184 -265 12 0
-181 -261 12 0
-182 -262 13 0
-184 -257 11 0
-185 -257 11 0
-190 -277 7 1
-190 -277 8 1
-189 -277 6 1
-189 -277 7 1
-189 -277 8 1
-188 -277 6 1
-188 -277 7 1
-160 -270 22 0
-161 -276 22 0
-161 -275 22 0
-162 -275 22 0
-185 -256 10 0
-186 -256 10 0
-200 -253 5 2
-200 -253 6 2
-200 -252 4 2
-200 -252 5 2
-200 -252 6 2
-200 -251 4 1
-185 -253 9 0
-186 -253 10 0
-187 -253 10 0
-196 -285 15 0
-185 -251 8 0
-185 -255 8 0
-183 -251 8 0
-192 -285 14 0
-192 -284 14 0
-192 -283 14 0
-188 -291 14 2
-184 -253 7 1
-186 -254 6 1
-187 -254 6 1
-187 -292 14 1
-184 -251 7 1
-192 -261 7 1
-188 -265 6 1
-163 -276 24 0
-162 -277 25 0
-165 -272 23 0
-164 -271 24 0
-165 -278 23 0
-165 -279 23 0
-165 -280 24 0
-161 -274 23 0
-167 -271 22 0
-167 -270 22 0
-164 -277 22 1
-162 -278 22 0
-195 -278 15 0
-195 -279 16 0
-194 -279 17 0
-199 -276 16 0
-200 -276 17 0
-194 -275 16 0
-161 -272 21 0
-160 -272 21 0
-159 -272 21 0
-172 -276 18 0
-171 -273 19 0
-192 -272 6 1
-193 -272 6 1
-190 -272 8 1
-169 -268 12 0
-191 -269 20 0
-190 -270 20 0
-198 -270 20 0
-152 -276 8 1
-152 -276 9 1
-152 -275 7 1
-152 -275 8 1
-152 -275 9 1
-166 -273 17 1
-166 -274 17 1
-183 -264 9 0
-157 -262 8 2
-157 -262 9 2
-158 -266 7 1
-158 -266 8 2
-158 -266 9 1
-158 -265 7 1
-158 -265 8 2
-160 -277 14 0
-161 -275 14 1
-172 -257 6 1
-173 -261 4 1
-173 -261 5 1
-173 -261 6 1
-173 -260 4 2
-173 -260 6 1
-173 -259 4 2
-173 -259 5 2
-174 -271 16 0
-172 -276 17 0
-172 -261 6 1
-171 -261 4 1
-172 -257 4 1
-172 -257 5 2
-200 -265 31 0
-197 -264 33 0
-198 -264 32 0
-199 -260 31 0
-194 -263 17 0
-194 -269 18 0
-197 -279 16 0
-196 -278 15 0
-199 -275 17 0
-198 -275 16 0
-194 -278 17 0
-194 -277 16 0
-195 -277 16 0
-196 -274 16 0
-197 -277 18 0
-197 -277 17 0
-197 -276 16 0
-195 -276 18 0
-195 -276 17 0
-192 -270 15 0
-195 -276 15 0
-197 -267 15 0
-196 -267 15 0
-170 -300 12 0
-195 -275 15 0
-195 -274 15 0
-194 -273 15 0
-194 -272 15 0
-191 -266 15 0
-199 -270 15 0
-191 -273 16 0
-191 -272 16 0
-200 -282 18 0
-195 -265 16 0
-197 -274 16 0
-197 -273 16 0
-190 -256 11 0
-195 -271 16 0
-190 -269 17 0
-191 -269 16 0
-199 -267 17 0
-198 -268 17 0
-160 -264 7 1
-160 -265 9 1
-160 -265 8 2
-160 -265 7 1
-160 -266 9 1
-160 -266 8 1
-160 -266 7 1
-172 -270 19 0
-176 -276 18 0
-171 -280 17 1
-173 -273 18 0
-174 -277 17 0
-161 -282 13 0
-170 -255 8 0
-174 -257 8 0
-175 -256 8 0
-176 -256 8 0
-173 -260 7 0
-173 -261 7 0
-174 -261 7 0
-174 -262 7 0
-171 -275 20 1
-170 -275 24 0
-171 -276 20 1
-169 -278 23 0
-169 -274 21 1
-172 -279 22 0
-167 -277 21 2
-167 -276 21 2
-167 -275 21 2
-173 -276 20 0
-170 -274 20 0
-169 -271 21 0
-174 -273 20 0
-172 -271 19 0
-167 -279 19 0
-174 -276 19 0
-175 -276 18 0
-171 -280 18 0
-173 -272 18 0
-173 -277 18 0
-175 -278 17 0
-175 -261 5 1
-192 -263 3 2
-194 -277 14 0
-200 -276 16 0
-199 -276 15 0
-197 -271 15 0
-197 -270 16 0
-195 -269 16 0
-190 -269 15 0
-191 -269 15 0
-192 -269 16 0
-197 -265 15 0
-197 -266 16 0
-193 -271 21 0
-193 -271 20 0
-179 -279 10 0
-180 -279 9 1
-179 -283 8 1
-179 -283 9 2
-179 -283 10 2
-179 -282 8 2
-179 -282 9 1
-178 -255 3 2
-178 -255 4 1
-168 -275 10 2
-168 -274 9 1
-167 -275 9 1
-167 -275 10 1
-167 -275 11 1
-167 -274 9 1
-167 -274 10 1
-199 -270 5 1
-158 -261 9 2
-158 -261 8 2
-186 -252 4 1
-186 -252 3 2
-186 -252 2 1
-161 -260 11 1
-163 -267 12 0
-180 -257 11 0
-180 -256 11 0
-198 -266 25 0
-183 -252 2 1
-191 -265 17 0
-195 -270 18 0
-195 -271 17 0
-195 -272 17 0
-195 -273 17 0
-196 -267 17 0
-196 -266 17 0
-197 -265 17 0
-198 -264 17 0
-192 -269 17 0
-191 -269 17 0
-190 -269 16 0
-196 -269 17 0
-197 -270 17 0
-198 -270 16 0
-198 -271 16 0
-194 -266 17 0
-194 -265 16 0
-194 -264 16 0
-194 -269 17 0
-194 -270 17 0
-199 -256 4 1
-199 -255 2 1
-199 -255 3 2
-199 -255 4 1
-199 -257 9 0
-200 -258 7 0
-197 -255 5 0
-168 -253 4 2
-169 -252 3 2
-170 -253 11 0
-169 -254 10 0
-171 -256 12 0
-170 -256 11 0
-199 -293 16 0
-200 -295 18 0
-176 -282 19 0
-173 -287 15 0
-175 -284 18 0
-175 -284 19 0
-174 -284 20 0
-177 -285 18 0
-177 -286 20 0
-176 -283 17 0
-175 -282 20 0
-195 -269 22 0
-194 -270 23 0
-194 -271 23 0
-200 -252 7 2
-192 -265 22 0
-191 -265 22 0
-197 -268 22 0
-181 -280 7 1
-182 -278 9 1
-182 -278 8 1
-195 -255 34 0
-196 -254 35 0
-154 -254 8 2
-192 -254 13 0
-192 -255 14 0
-195 -255 35 0
-172 -284 9 2
-170 -281 12 1
-163 -284 12 0
-170 -284 13 0
-166 -285 14 0
-166 -284 13 0
-169 -281 13 1
-180 -283 17 0
-198 -254 10 0
-198 -255 10 0
-200 -258 11 0
-200 -258 10 0
-199 -258 9 0
-199 -257 8 0
-197 -257 11 0
-198 -257 7 0
-193 -253 13 0
-199 -251 39 1
-182 -288 15 1
-193 -255 39 0
-199 -254 37 0
-181 -284 8 1
-183 -282 9 2
-183 -282 8 1
-182 -281 7 1
-183 -279 9 1
-183 -279 8 1
-183 -279 7 1
-183 -280 9 1
-183 -280 8 1
-183 -280 7 1
-174 -282 9 1
-175 -282 10 1
-178 -281 10 1
-178 -280 11 0
-171 -280 9 1
-177 -277 11 0
-199 -262 11 0
-176 -284 11 1
-176 -283 11 1
-176 -282 11 1
-179 -279 11 0
-178 -279 12 0
-172 -282 12 0
-173 -281 12 0
-178 -283 12 1
-180 -276 13 0
-196 -252 12 0
-183 -285 18 0
-185 -286 15 0
-186 -287 18 0
-197 -265 20 0
-196 -266 20 0
-195 -272 19 0
-195 -271 20 0
-195 -270 20 0
-195 -269 20 0
-152 -274 11 0
-152 -273 11 1
-151 -273 14 0
-151 -273 15 0
-151 -273 16 0
-152 -274 16 0
-151 -271 15 0
-151 -271 16 0
-151 -270 17 0
-151 -274 14 0
-151 -272 13 0
-152 -276 15 0
-152 -277 16 0
-153 -270 15 0
-153 -269 15 0
-151 -271 13 0
-154 -271 13 0
-156 -270 14 0
-154 -277 13 0
-152 -271 13 0
-152 -270 13 0
-152 -269 13 0
-152 -268 13 0
-153 -271 12 0
-153 -270 12 0
-154 -270 12 0
-154 -269 11 0
-151 -267 9 1
-151 -267 10 1
-151 -267 11 1
-153 -268 12 0
-153 -271 11 0
-151 -275 10 0
-177 -282 8 2
-177 -282 9 1
-151 -270 18 0
-151 -269 15 0
-152 -268 15 0
-151 -271 14 0
-151 -267 15 0
-199 -256 2 1
-199 -257 3 2
-199 -257 2 1
-196 -254 1 1
-170 -286 17 0
-169 -281 18 0
-169 -282 18 0
-166 -286 19 0
-167 -286 18 0
-168 -285 18 0
-169 -285 17 0
-172 -281 19 0
-171 -288 19 0
-171 -287 18 0
-167 -282 20 0
-164 -287 15 0
-164 -288 15 0
-164 -289 15 0
-164 -290 14 0
-162 -286 15 0
-161 -286 15 0
-177 -270 9 0
-193 -290 11 1
-189 -269 14 0
-197 -286 11 1
-197 -284 10 1
-153 -257 12 0
-196 -284 11 1
-199 -255 20 0
-190 -267 4 2
-195 -256 21 0
-195 -254 21 0
-194 -252 21 0
-197 -255 23 0
-184 -252 8 0
-193 -289 11 1
-193 -290 12 2
-182 -251 8 0
-177 -251 9 1
-184 -251 8 0
-183 -252 8 0
-194 -290 13 1
-194 -290 12 2
-194 -290 11 1
-186 -254 10 0
-185 -254 10 0
-184 -253 9 0
-192 -285 13 0
-183 -256 11 0
-190 -294 13 1
-179 -251 11 0
-180 -251 10 0
-181 -251 9 0
-198 -268 18 0
-199 -268 18 0
-200 -268 18 0
-193 -270 16 0
-193 -271 16 0
-192 -272 15 0
-195 -268 17 0
-196 -256 6 1
-169 -268 14 0
-163 -280 9 1
-163 -281 11 1
-200 -286 17 0
-193 -256 11 0
-158 -275 16 0
-161 -269 16 0
-162 -277 16 0
-161 -276 16 0
-165 -271 16 1
-158 -279 18 0
-159 -278 17 0
-158 -271 18 0
-156 -276 18 0
-161 -278 19 0
-158 -277 20 0
-159 -276 18 0
-163 -275 15 1
-164 -275 15 2
-156 -277 16 0
-157 -276 16 0
-158 -276 16 0
-151 -256 8 1
-151 -256 7 1
-152 -254 8 1
-152 -254 7 1
-158 -273 17 0
-159 -278 18 0
-159 -277 17 0
-159 -270 18 0
-156 -275 19 0
-157 -275 18 0
-158 -274 18 0
-159 -274 17 0
-161 -278 20 0
-161 -277 19 0
-158 -276 20 0
-171 -260 4 1
-171 -260 5 1
-171 -260 6 1
-171 -259 4 1
-171 -259 5 2
-171 -258 4 1
-171 -258 5 2
-171 -257 4 1
-171 -257 5 1
-171 -257 6 1
-171 -256 4 1
-171 -256 5 2
-170 -257 4 1
-170 -256 4 1
-160 -272 12 1
-160 -273 13 1
-169 -270 11 1
-169 -271 10 2
-170 -264 11 0
-200 -267 14 0
-195 -300 16 1
-195 -300 15 1
-196 -300 15 1
-197 -300 17 1
-197 -300 16 2
-197 -300 15 2
-197 -281 14 0
-197 -278 15 0
-199 -281 17 0
-182 -257 11 0
-182 -257 12 0
-170 -282 21 0
-169 -286 19 0
-169 -286 20 0
-168 -287 20 0
-169 -284 18 0
-168 -283 18 0
-168 -283 19 0
-176 -287 9 1
-177 -287 9 1
-178 -286 9 1
-178 -287 9 1
-173 -288 11 0
-152 -284 19 0
-153 -284 18 0
-153 -284 17 0
-154 -283 10 0
-155 -284 11 0
-168 -252 6 1
-154 -264 12 0
-152 -263 13 0
-153 -262 15 0
-152 -264 11 1
-152 -265 11 1
-189 -262 2 1
-189 -263 4 1
-153 -265 12 0
-152 -262 15 0
-151 -262 15 0
-151 -264 11 1
-176 -283 22 0
-176 -283 21 0
-176 -284 21 0
-176 -284 20 0
-183 -285 17 0
-173 -287 11 0
-173 -286 12 0
-194 -253 23 0
-192 -252 21 0
-169 -286 12 0
-175 -287 13 1
-192 -253 19 0
-171 -287 14 0
-171 -287 13 0
-174 -281 14 0
-181 -257 6 0
-155 -284 12 0
-157 -285 10 0
-157 -285 11 0
-156 -285 12 0
-153 -286 11 0
-154 -285 12 0
-198 -274 18 0
-169 -270 14 0
-170 -264 13 0
-174 -280 10 2
-173 -280 9 1
-173 -280 10 2
-192 -264 13 0
-198 -280 15 0
-200 -263 11 0
-161 -263 11 1
-165 -260 12 0
-194 -271 11 0
-153 -268 13 0
-153 -269 13 0
-153 -270 13 0
-162 -268 9 1
-160 -256 11 0
-162 -254 10 0
-157 -271 14 0
-152 -277 14 0
-152 -276 13 0
-152 -275 13 0
-151 -269 14 0
-161 -255 8 1
-161 -255 9 1
-161 -254 7 2
-161 -254 8 1
-161 -254 9 1
-161 -253 7 2
-161 -253 8 1
-161 -253 9 1
-160 -256 9 1
-161 -257 9 2
-161 -257 11 1
-159 -256 7 1
-159 -256 8 2
-159 -256 9 2
-177 -252 5 2
-176 -254 6 1
-190 -269 14 0
-196 -262 14 0
-197 -263 16 0
-191 -269 14 0
-198 -261 15 0
-175 -253 5 1
-175 -252 4 1
-182 -268 12 0
-193 -262 10 0
-198 -257 12 0
-196 -258 11 0
-197 -261 11 0
-199 -293 10 1
-197 -265 12 0
-199 -260 12 0
-198 -263 12 0
-152 -252 17 0
-152 -252 18 0
-152 -252 19 0
-151 -263 15 0
-154 -263 13 0
-154 -264 14 0
-152 -265 12 0
-153 -261 7 1
-178 -255 10 0
-193 -293 12 1
-182 -251 7 0
-181 -252 7 0
-178 -254 8 0
-175 -251 8 1
-161 -256 6 1
-162 -256 7 2
-162 -256 6 1
-161 -253 11 0
-164 -255 12 0
-200 -263 27 0
-200 -264 27 0
-200 -264 26 0
-198 -272 2 1
-200 -261 27 0
-200 -259 26 0
-200 -259 25 0
-198 -263 26 0
-200 -262 27 0
-198 -270 2 1
-198 -270 3 2
-199 -261 25 0
-199 -261 24 0
-199 -254 9 1
-200 -254 10 1
-172 -269 14 0
-172 -269 13 0
-170 -268 17 0
-170 -267 10 0
-184 -268 14 0
-189 -265 13 0
-186 -267 11 0
-186 -268 11 0
-187 -269 13 0
-193 -251 38 0
-196 -265 2 1
-196 -266 3 2
-196 -266 2 1
-197 -265 4 1
-197 -265 3 2
-200 -264 32 0
-198 -264 30 0
-197 -265 32 0
-198 -261 29 0
-194 -251 35 0
-198 -263 28 0
-197 -263 29 0
-196 -263 29 0
-195 -263 30 0
-178 -275 11 0
-162 -256 10 1
-162 -256 8 1
-163 -255 7 2
-165 -257 9 1
-164 -257 10 1
-161 -255 10 0
-167 -260 8 1
-165 -254 10 0
-164 -255 10 0
-162 -253 12 0
-162 -254 11 0
-162 -257 11 1
-166 -255 12 0
-165 -256 12 0
-163 -257 12 0
-160 -254 13 0
-166 -260 13 0
-163 -259 12 0
-163 -256 13 0
-165 -257 15 0
-164 -257 14 0
-163 -258 13 0
-161 -255 16 0
-161 -256 15 0
-163 -259 16 0
-163 -259 15 0
-162 -258 13 0
-160 -258 16 0
-176 -285 11 2
-176 -285 12 2
-177 -282 11 1
-162 -276 26 0
-200 -296 15 2
-163 -275 25 0
-164 -271 26 0
-164 -272 24 0
-184 -254 6 1
-197 -273 18 0
-196 -272 17 0
-196 -270 15 0
-197 -251 27 2
-197 -274 18 0
-187 -281 12 0
-181 -278 8 1
-197 -251 31 2
-184 -289 12 2
-184 -288 13 1
-181 -279 7 1
-180 -283 9 1
-191 -273 12 0
-160 -273 14 1
-175 -260 6 1
-162 -274 13 1
-159 -252 11 0
-160 -252 11 0
-194 -265 15 0
-176 -257 6 1
-194 -266 15 0
-175 -259 5 2
-198 -271 15 0
-175 -257 6 1
-172 -284 10 1
-172 -284 11 1
-172 -283 9 1
-172 -283 10 2
-172 -283 11 1
-172 -282 9 1
-172 -282 10 2
-172 -282 11 1
-169 -281 12 1
-166 -285 9 2
-166 -285 10 1
-166 -285 11 1
-165 -285 9 1
-165 -285 10 1
-165 -285 11 1
-169 -284 21 0
-170 -283 19 0
-151 -259 8 1
-186 -254 11 0
-155 -260 17 0
-187 -255 9 0
-189 -259 9 1
-189 -252 11 0
-190 -253 12 0
-191 -275 12 0
-192 -275 12 0
-193 -275 13 0
-197 -272 13 1
-196 -279 13 0
-195 -275 13 0
-193 -272 13 0
-200 -274 13 0
-183 -287 14 1
-183 -288 14 1
-187 -286 15 0
-184 -285 14 0
-179 -286 15 1
-185 -281 15 0
-184 -282 14 0
-184 -288 16 0
-184 -287 15 0
-180 -282 16 0
-186 -284 16 0
-185 -284 16 0
-185 -284 15 0
-181 -287 17 0
-182 -286 15 1
-182 -282 17 0
-183 -283 15 0
-184 -286 17 0
-160 -267 8 2
-160 -267 7 1
-160 -268 9 2
-160 -268 8 2
-160 -268 7 1
-188 -294 21 0
-190 -294 23 0
-188 -297 22 0
-188 -298 23 0
-188 -298 24 0
-188 -293 22 0
-189 -291 23 0
-189 -295 21 0
-190 -295 22 0
-186 -298 22 0
-186 -299 22 0
-190 -293 21 0
-189 -297 21 0
-190 -299 21 0
-188 -290 21 0
-188 -289 21 0
-184 -297 20 0
-192 -295 20 0
-189 -292 20 0
-190 -291 19 0
-191 -297 19 0
-186 -290 18 0
-176 -287 13 1
-174 -285 13 0
-172 -288 14 0
-172 -287 14 0
-174 -286 15 0
-174 -286 14 0
-174 -285 14 0
-177 -283 16 0
-175 -283 15 1
-171 -286 16 0
-172 -285 16 0
-173 -284 14 0
-173 -281 17 0
-173 -282 15 0
-175 -285 17 0
-175 -284 16 1
-177 -274 14 0
-171 -268 14 0
-159 -265 7 1
-162 -262 8 1
-194 -258 13 0
-197 -274 11 0
-190 -284 14 0
-191 -284 15 0
-188 -288 14 2
-189 -290 14 1
-190 -290 14 2
-173 -285 7 1
-162 -271 17 1
-162 -271 18 1
-162 -272 19 1
-162 -272 20 1
-160 -274 17 0
-161 -273 18 1
-164 -269 18 0
-163 -271 19 1
-162 -274 19 1
-159 -271 18 0
-161 -271 20 0
-166 -271 19 0
-161 -275 19 0
-161 -275 20 0
-162 -268 19 0
-162 -270 20 0
-159 -273 20 0
-166 -269 20 0
-165 -269 20 0
-161 -270 21 0
-161 -271 21 0
-159 -276 21 0
-163 -267 22 0
-163 -268 22 0
-163 -269 22 0
-182 -275 13 0
-181 -274 13 0
-180 -274 12 0
-175 -271 15 0
-182 -273 15 0
-181 -273 14 0
-178 -271 16 0
-180 -275 16 0
-180 -275 15 0
-179 -274 14 0
-177 -273 16 0
-178 -273 14 0
-182 -274 8 1
-182 -274 7 1
-182 -274 6 1
-178 -274 8 2
-154 -281 11 0
-154 -282 12 0
-154 -283 13 0
-155 -287 11 0
-170 -252 13 0
-168 -254 11 0
-164 -252 11 0
-165 -252 10 0
-164 -251 13 0
-164 -251 14 0
-164 -251 15 0
-166 -252 13 0
-161 -257 7 2
-166 -253 14 0
-155 -266 11 1
-156 -266 11 1
-155 -263 12 0
-166 -253 15 0
-164 -252 12 0
-163 -253 14 0
-163 -254 15 0
-167 -251 13 0
-168 -251 14 0
-164 -251 11 0
-163 -252 12 0
-161 -253 13 0
-166 -252 11 0
-167 -253 12 0
-168 -253 12 0
-169 -253 13 0
-163 -251 11 0
-161 -251 11 0
-152 -263 7 1
-152 -264 7 1
-153 -263 7 1
-153 -264 7 1
-154 -264 7 1
-168 -252 10 0
-169 -252 10 0
-161 -252 9 0
-169 -278 24 0
-169 -279 25 0
-172 -276 23 0
-173 -276 24 0
-171 -278 22 0
-171 -280 24 0
-171 -275 22 0
-167 -278 23 0
-173 -277 22 0
-175 -278 23 0
-169 -274 22 1
-170 -279 22 0
-169 -280 22 0
-174 -274 22 0
-195 -297 14 1
-199 -300 16 1
-191 -289 21 0
-198 -300 14 1
-198 -299 14 1
-198 -298 14 1
-197 -300 14 1
-197 -299 14 1
-197 -298 14 1
-197 -298 15 2
-196 -300 14 1
-196 -298 14 2
-196 -298 15 2
-199 -299 14 1
-199 -297 14 1
-198 -297 14 2
-192 -295 21 0
-196 -255 7 0
-198 -255 8 0
-198 -256 8 0
-193 -257 7 0
-193 -258 8 0
-193 -259 8 0
-196 -253 7 0
-197 -252 7 0
-198 -252 7 0
-196 -256 7 0
-197 -258 7 0
-194 -252 6 0
-191 -261 12 0
-169 -276 26 0
-179 -256 7 0
-195 -271 15 0
-168 -268 15 0
-167 -271 15 0
-170 -272 14 0
-165 -270 13 0
-164 -267 12 0
-182 -264 11 0
-200 -265 26 0
-193 -264 25 0
-190 -271 5 1
-196 -258 10 0
-196 -257 10 0
-184 -258 10 0
-186 -260 12 0
-200 -261 26 0
-198 -268 26 0
-198 -267 26 0
-198 -266 26 0
-184 -266 9 0
-195 -260 26 0
-196 -261 26 0
-189 -274 6 1
-189 -275 8 1
-194 -266 27 0
-195 -266 27 0
-196 -265 27 0
-178 -257 10 0
-177 -256 11 0
-182 -255 10 0
-182 -254 11 0
-177 -259 10 0
-176 -260 10 0
-179 -256 9 0
-178 -254 10 0
-179 -261 9 0
-195 -258 5 2
-198 -258 12 0
-195 -260 14 0
-197 -259 13 0
-168 -255 12 0
-166 -253 10 0
-166 -253 11 0
-167 -252 11 0
-169 -257 11 0
-167 -254 9 0
-168 -254 10 0
-169 -253 10 0
-165 -252 9 0
-168 -256 8 0
-170 -256 8 0
-166 -254 8 0
-167 -253 8 0
-168 -252 7 1
-174 -255 2 1
-171 -251 4 1
-181 -258 8 0
-155 -254 12 0
-183 -262 3 2
-183 -262 2 1
-155 -258 13 0
-197 -273 11 1
-184 -255 9 0
-178 -257 8 0
-177 -257 9 0
-180 -256 8 0
-180 -255 8 0
-189 -272 12 0
-190 -273 10 0
-182 -283 12 1
-186 -258 8 0
-181 -300 12 0
-163 -287 13 0
-173 -252 8 1
-173 -256 10 0
-175 -251 10 0
-176 -255 9 0
-174 -254 11 0
-172 -252 3 2
-172 -252 2 1
-197 -251 22 2
-190 -270 7 1
-189 -270 8 0
-187 -272 8 1
-195 -256 12 0
-197 -260 13 0
-194 -259 13 0
-194 -259 12 0
-200 -258 38 0
-172 -265 7 1
-199 -272 6 2
-180 -264 3 2
-155 -262 14 0
-158 -259 16 0
-157 -259 15 0
-200 -289 11 0
-197 -292 12 0
-198 -293 11 1
-198 -293 10 2
-199 -288 8 1
-199 -288 9 2
-199 -288 10 1
-199 -287 8 1
-199 -287 9 2
-181 -291 17 0
-181 -289 16 0
-182 -294 15 0
-178 -294 16 0
-179 -293 17 0
-183 -287 17 0
-185 -291 18 1
-182 -289 19 0
-181 -293 20 0
-198 -253 31 0
-182 -290 21 0
-185 -290 18 0
-184 -290 18 0
-183 -290 18 0
-182 -290 18 0
-176 -293 18 0
-177 -292 18 0
-183 -294 19 0
-176 -289 19 0
-184 -287 20 0
-183 -288 19 0
-179 -293 20 0
-179 -293 19 0
-179 -292 19 0
-194 -268 28 0
-197 -267 25 0
-197 -268 25 0
-197 -268 26 0
-197 -269 27 0
-195 -266 24 0
-194 -266 25 0
-193 -266 26 0
-192 -267 26 0
-197 -266 24 0
-178 -280 7 1
-168 -274 10 2
-169 -275 9 1
-169 -275 10 2
-169 -274 9 1
-169 -274 10 2
-168 -275 9 1
-194 -260 12 0
-179 -251 3 1
-186 -270 9 0
-196 -262 13 0
-197 -262 14 0
-192 -262 12 0
-191 -252 34 0
-160 -265 13 0
-200 -275 17 0
-170 -265 8 1
-196 -267 12 0
-194 -296 8 1
-183 -260 6 0
-194 -295 9 1
-194 -295 10 1
-194 -294 8 1
-173 -271 8 1
-173 -271 9 2
-173 -271 10 1
-173 -270 8 2
-199 -267 24 0
-198 -267 24 0
-192 -267 25 0
-162 -251 4 2
-161 -251 2 1
-161 -251 3 2
-161 -251 4 1
-179 -254 13 0
-189 -255 9 1
-180 -252 11 0
-200 -252 13 2
-200 -296 8 1
-153 -251 14 0
-152 -261 12 0
-152 -260 12 0
-183 -259 5 1
-183 -259 6 0
-182 -258 4 1
-182 -258 3 2
-182 -258 2 1
-182 -259 4 1
-195 -259 6 2
-195 -258 4 1
-192 -270 17 0
-195 -258 6 2
-169 -263 14 0
-169 -262 14 0
-169 -266 12 0
-171 -268 13 0
-198 -273 16 0
-199 -274 16 0
-166 -269 13 0
-194 -275 15 0
-193 -276 16 0
-197 -270 15 0
-198 -270 15 0
-192 -271 15 0
-191 -271 15 0
-168 -267 12 0
-188 -288 18 0
-187 -286 14 0
-187 -285 15 0
-186 -284 18 0
-186 -288 16 0
-185 -288 17 0
-185 -289 17 0
-188 -286 15 0
-189 -286 16 0
-190 -286 17 0
-185 -285 16 0
-184 -284 17 0
-187 -288 15 1
-187 -289 15 1
-188 -289 16 1
-188 -290 17 0
-188 -284 15 0
-188 -283 16 0
-189 -283 16 0
-183 -288 16 0
-188 -287 14 1
-190 -288 15 1
-191 -288 16 0
-186 -290 15 1
-185 -291 15 1
-188 -286 14 0
-189 -285 14 0
-161 -268 7 1
-200 -285 16 0
-161 -269 7 1
-199 -277 6 1
-198 -277 6 1
-151 -263 12 0
-151 -264 13 0
-152 -264 12 0
-151 -263 13 0
-151 -263 9 1
-151 -263 10 2
-151 -263 11 1
-199 -258 2 1
-183 -252 11 0
-188 -251 14 0
-172 -251 10 0
-175 -251 9 1
-174 -251 7 2
-199 -255 8 0
-199 -253 7 1
-199 -272 7 2
-175 -274 7 1
-199 -253 1 1
-181 -259 11 0
-181 -259 12 0
-183 -260 13 0
-194 -251 15 0
-182 -256 12 0
-181 -260 10 0
-180 -261 11 0
-180 -261 12 0
-184 -258 11 0
-180 -258 9 0
-180 -258 10 0
-183 -263 11 0
-183 -257 10 0
-184 -255 11 0
-179 -260 9 0
-178 -260 10 0
-185 -260 10 0
-180 -256 9 0
-180 -255 10 0
-181 -260 8 0
-181 -262 9 0
-180 -263 9 0
-184 -257 9 0
-185 -257 9 0
-186 -256 9 0
-180 -258 8 0
-177 -258 9 0
-197 -285 14 0
-182 -257 8 0
-182 -256 8 0
-182 -255 8 0
-182 -254 8 0
-180 -260 8 0
-179 -261 8 0
-178 -262 8 0
-168 -266 12 0
-170 -267 13 0
-165 -267 12 0
-200 -275 8 1
-200 -274 6 2
-200 -274 7 1
-193 -292 25 0
-192 -297 24 0
-191 -297 24 0
-196 -294 23 0
-197 -294 24 0
-190 -293 24 0
-168 -255 13 0
-161 -251 14 0
-162 -252 13 0
-165 -255 15 0
-165 -254 14 0
-165 -254 13 0
-163 -253 15 0
-160 -251 11 0
-163 -252 11 0
-184 -254 4 2
-183 -254 2 1
-183 -254 3 1
-183 -254 4 2
-182 -256 2 1
-182 -256 3 2
-182 -256 4 2
-182 -255 2 1
-182 -255 3 1
-182 -255 4 2
-182 -254 2 1
-182 -254 3 1
-182 -254 4 1
-182 -258 6 0
-182 -257 6 1
-180 -261 5 1
-180 -260 5 1
-180 -259 3 2
-180 -259 4 1
-180 -259 5 1
-179 -261 5 1
-179 -260 5 1
-179 -259 3 2
-179 -259 4 1
-179 -259 5 1
-178 -261 3 1
-178 -261 4 1
-178 -261 5 1
-178 -260 3 2
-178 -260 4 2
-178 -260 5 1
-178 -259 3 1
-185 -265 8 0
-184 -265 8 0
-192 -262 8 0
-186 -261 8 0
-186 -260 8 0
-185 -259 7 0
-199 -285 9 2
-198 -260 11 0
-197 -261 10 0
-186 -259 2 1
-186 -259 3 1
-185 -261 2 1
-185 -261 3 2
-185 -261 4 1
-199 -271 11 1
-198 -271 11 1
-179 -300 10 0
-199 -268 9 1
-198 -267 9 1
-198 -267 10 1
-197 -267 11 1
-200 -269 7 1
-199 -268 7 1
-199 -268 8 1
-198 -270 8 1
-198 -270 9 1
-198 -269 9 1
-198 -268 7 1
-198 -268 8 2
-198 -268 9 2
-199 -267 8 1
-199 -266 9 0
-199 -265 9 0
-198 -264 9 0
-199 -272 9 1
-158 -266 12 0
-163 -260 12 0
-160 -264 11 2
-162 -265 12 0
-162 -266 12 0
-176 -284 8 2
-176 -284 9 2
-176 -280 11 0
-177 -281 10 1
-178 -276 8 1
-178 -275 7 1
-178 -275 8 1
-176 -284 13 2
-181 -280 8 1
-152 -264 8 1
-193 -292 20 0
-194 -291 19 0
-194 -296 19 0
-195 -297 18 0
-191 -292 19 0
-162 -268 8 1
-162 -268 7 1
-162 -269 9 1
-173 -275 17 0
-200 -288 11 1
-193 -264 11 0
-194 -265 10 0
-195 -265 9 0
-196 -266 8 0
-197 -266 9 0
-195 -269 12 1
-199 -260 28 0
-199 -259 27 0
-199 -258 27 0
-198 -257 26 0
-199 -263 28 0
-195 -251 35 0
-196 -265 9 0
-195 -266 13 0
-198 -261 27 0
-197 -261 27 0
-197 -260 26 0
-199 -253 33 2
-183 -251 7 1
-198 -284 7 1
-192 -257 7 1
-168 -267 13 0
-200 -268 7 1
-200 -267 7 1
-194 -268 9 1
-194 -267 7 1
-195 -265 7 0
-193 -263 7 0
-198 -265 7 1
-198 -264 7 1
-199 -263 7 1
-193 -267 6 1
-192 -267 6 1
-178 -289 23 0
-156 -282 11 0
-179 -288 17 0
-176 -289 16 0
-177 -289 16 0
-199 -273 15 0
-198 -273 15 0
-198 -252 8 0
-200 -274 16 0
-198 -252 9 0
-193 -257 8 0
-175 -252 10 0
-156 -253 12 0
-175 -271 8 2
-175 -269 9 1
-152 -254 17 0
-192 -268 2 1
-154 -252 15 0
-176 -258 2 1
-199 -256 7 0
-173 -271 11 0
-175 -266 10 0
-174 -267 11 0
-200 -257 8 0
-195 -258 7 1
-166 -284 14 0
-167 -284 14 0
-167 -288 14 0
-168 -287 15 0
-168 -286 15 0
-164 -285 15 0
-165 -285 15 0
-167 -285 16 0
-169 -290 15 0
-169 -289 16 0
-169 -288 16 0
-166 -282 16 0
-167 -283 16 0
-165 -288 16 0
-166 -287 16 0
-167 -286 16 0
-172 -289 17 0
-171 -288 17 0
-163 -253 9 0
-159 -252 12 0
-159 -256 16 0
-158 -252 10 0
-159 -253 10 0
-163 -260 14 0
-158 -254 14 0
-161 -253 15 0
-161 -253 14 0
-160 -256 16 0
-199 -262 4 2
-199 -262 6 2
-199 -261 6 1
-199 -259 6 0
-196 -253 8 0
-196 -259 7 1
-196 -260 7 1
-196 -261 8 0
-198 -256 6 0
-199 -255 7 0
-200 -255 7 0
-198 -262 3 2
-198 -257 6 0
-198 -258 6 0
-200 -267 6 1
-200 -266 4 2
-200 -266 5 2
-200 -266 6 2
-200 -265 4 2
-200 -265 5 1
-200 -265 6 2
-186 -267 15 0
-199 -274 4 2
-200 -275 3 1
-200 -274 3 1
-200 -273 3 1
-199 -275 3 1
-199 -275 4 1
-199 -275 5 1
-199 -274 3 1
-199 -274 5 1
-199 -273 3 1
-199 -273 4 1
-199 -273 5 1
-197 -265 29 0
-180 -257 6 0
-180 -254 4 2
-180 -254 3 1
-181 -254 5 2
-181 -254 4 2
-181 -254 3 1
-182 -254 5 2
-176 -256 5 1
-178 -257 7 0
-182 -282 18 0
-183 -279 11 0
-184 -277 13 0
-184 -278 13 0
-184 -279 13 0
-188 -280 14 0
-187 -280 13 0
-172 -279 12 1
-172 -280 12 1
-177 -277 12 0
-178 -277 12 0
-164 -277 18 1
-159 -275 18 0
-158 -275 18 0
-158 -276 18 0
-157 -276 18 0
-159 -272 18 0
-158 -270 17 0
-157 -270 17 0
-161 -275 17 1
-170 -300 10 0
-169 -264 11 0
-168 -264 11 0
-158 -280 13 0
-159 -279 13 0
-195 -293 16 1
-156 -276 14 0
-157 -279 15 0
-159 -280 17 0
-159 -279 16 0
-200 -290 15 0
-200 -295 17 1
-177 -265 11 0
-177 -265 13 0
-179 -266 12 0
-180 -267 12 0
-178 -264 10 0
-177 -267 10 0
-176 -268 12 0
-176 -264 10 0
-176 -264 11 0
-179 -267 10 0
-179 -269 11 0
-174 -267 10 0
-177 -268 9 0
-176 -265 8 0
-173 -264 9 0
-179 -271 8 1
-179 -270 8 1
-196 -291 13 1
-196 -290 11 1
-172 -282 19 0
-173 -285 17 0
-180 -286 18 0
-174 -280 17 0
-175 -288 17 0
-174 -289 17 0
-180 -282 17 0
-179 -288 16 0
-174 -284 21 0
-177 -285 20 0
-175 -283 18 0
-175 -281 20 0
-174 -286 18 0
-174 -287 20 0
-177 -284 18 0
-169 -251 5 1
-168 -253 2 1
-169 -251 10 0
-168 -251 6 1
-170 -255 2 1
-169 -251 8 0
-169 -251 9 0
-167 -252 7 1
-167 -251 6 1
-164 -284 13 0
-189 -293 20 0
-188 -299 19 0
-188 -298 20 0
-188 -297 20 0
-188 -296 20 0
-184 -298 20 0
-190 -298 21 0
-189 -296 21 0
-192 -292 22 0
-191 -292 21 0
-192 -296 23 0
-191 -296 22 0
-189 -268 12 0
-173 -258 5 1
-173 -258 4 1
-172 -255 5 1
-163 -288 12 0
-162 -285 15 0
-163 -283 13 0
-161 -286 13 0
-160 -286 12 0
-160 -286 11 0
-163 -286 14 0
-175 -274 12 0
-198 -254 7 0
-197 -264 16 0
-187 -254 2 1
-186 -254 2 1
-195 -264 16 0
-199 -254 7 1
-200 -253 7 2
-197 -257 6 0
-175 -271 13 0
-167 -266 12 0
-188 -263 12 0
-193 -274 10 1
-196 -273 11 1
-189 -260 9 1
-187 -262 12 0
-187 -262 13 0
-189 -263 12 0
-189 -263 13 0
-188 -261 9 0
-188 -260 11 0
-188 -259 12 0
-187 -263 10 0
-170 -284 9 1
-171 -282 11 1
-171 -282 10 2
-171 -282 9 1
-171 -283 11 1
-171 -283 10 2
-171 -283 9 1
-171 -284 11 1
-171 -284 10 2
-171 -284 9 2
-167 -285 11 1
-167 -284 11 1
-167 -283 12 0
-167 -282 12 1
-170 -280 12 1
-169 -284 13 0
-166 -284 11 1
-166 -283 12 0
-166 -282 12 1
-168 -280 13 1
-169 -280 12 1
-162 -282 12 0
-153 -274 11 0
-157 -273 8 1
-155 -272 8 1
-152 -273 15 0
-152 -273 16 0
-152 -273 17 0
-153 -274 14 0
-154 -274 15 0
-154 -274 16 0
-154 -275 17 0
-153 -273 13 0
-153 -272 14 0
-153 -272 15 0
-153 -271 16 0
-153 -271 17 0
-152 -274 14 0
-152 -275 15 0
-151 -275 16 0
-151 -276 16 0
-151 -272 14 0
-153 -276 14 0
-154 -272 14 0
-154 -270 15 0
-155 -269 15 0
-151 -274 13 0
-152 -272 13 0
-152 -271 14 0
-151 -270 14 0
-161 -255 7 2
-163 -256 9 1
-162 -257 9 2
-158 -254 10 0
-158 -255 10 1
-161 -270 7 1
-161 -270 8 1
-161 -270 9 1
-163 -266 10 0
-170 -264 9 1
-170 -263 7 2
-183 -287 10 1
-200 -252 10 2
-182 -288 9 1
-182 -288 10 1
-182 -287 8 1
-182 -287 9 1
-182 -286 8 1
-184 -282 8 1
-184 -281 8 1
-184 -281 10 1
-184 -280 8 1
-184 -280 9 1
-184 -280 10 1
-191 -289 13 1
-192 -275 8 1
-192 -275 7 1
-192 -275 6 2
-192 -276 8 1
-192 -276 7 1
-185 -263 13 0
-200 -266 8 0
-189 -255 10 0
-191 -251 5 0
-195 -266 8 0
-194 -266 8 0
-193 -266 9 0
-191 -252 4 1
-198 -265 8 0
-160 -273 22 0
-158 -274 23 0
-162 -270 22 0
-161 -269 22 0
-160 -268 23 0
-156 -287 15 0
-177 -285 8 1
-174 -251 2 1
-195 -267 15 0
-195 -268 15 0
-196 -272 13 1
-195 -271 14 0
-178 -280 9 1
-178 -280 8 2
-195 -251 33 0
-198 -252 32 2
-197 -252 33 0
-197 -252 34 0
-193 -253 32 0
-194 -252 33 0
-197 -274 7 2
-197 -255 33 0
-197 -254 34 0
-196 -253 35 0
-190 -270 16 0
-191 -259 13 0
-193 -260 7 1
-190 -260 12 0
-191 -268 7 1
-191 -267 7 1
-167 -255 11 0
-167 -256 11 0
-169 -258 12 0
-169 -261 12 0
-168 -256 14 0
-168 -257 13 0
-169 -259 14 0
-165 -262 14 0
-168 -261 16 0
-167 -260 14 0
-161 -251 8 0
-159 -251 10 0
-160 -252 10 0
-160 -253 10 0
-161 -253 10 0
-160 -251 12 0
-161 -251 12 0
-161 -252 12 0
-159 -253 14 0
-160 -253 13 0
-164 -254 13 0
-162 -252 15 0
-162 -253 13 0
-164 -256 14 0
-163 -255 12 0
-161 -255 15 0
-169 -258 9 1
-168 -259 9 2
-165 -255 9 0
-165 -256 9 0
-169 -256 10 0
-168 -256 10 0
-170 -260 11 0
-199 -267 27 0
-192 -251 36 0
-191 -252 36 0
-197 -263 27 0
-196 -263 27 0
-195 -263 27 0
-194 -263 26 0
-197 -252 35 1
-164 -300 12 0
-198 -260 27 0
-174 -264 10 0
-177 -263 8 0
-177 -264 9 0
-159 -282 16 0
-153 -284 15 0
-152 -284 15 0
-151 -284 16 0
-156 -286 15 0
-155 -282 15 0
-155 -281 15 0
-156 -280 15 0
-156 -279 15 0
-154 -286 15 0
-153 -286 15 0
-152 -287 15 0
-151 -288 15 0
-154 -283 15 0
-153 -282 14 0
-152 -282 14 0
-152 -281 14 0
-155 -286 14 0
-155 -287 14 0
-155 -288 14 0
-155 -289 14 0
-156 -283 14 0
-158 -281 14 0
-152 -285 14 0
-151 -285 14 0
-174 -284 10 1
-174 -283 8 1
-174 -282 8 1
-178 -279 11 0
-186 -287 15 0
-187 -287 16 1
-187 -287 17 0
-187 -287 18 0
-184 -288 17 0
-188 -286 16 0
-169 -251 11 0
-175 -261 9 0
-177 -262 10 0
-178 -262 11 0
-176 -258 11 0
-168 -255 3 1
-166 -254 11 0
-166 -255 11 0
-166 -256 11 0
-166 -257 11 0
-168 -263 11 1
-170 -257 12 0
-168 -258 12 0
-170 -261 13 0
-168 -260 12 0
-162 -261 13 0
-167 -256 14 0
-167 -256 13 0
-167 -257 13 0
-167 -263 14 0
-166 -263 13 0
-163 -258 14 0
-169 -259 15 0
-168 -259 13 0
-167 -259 12 0
-164 -261 14 0
-167 -261 16 0
-167 -261 15 0
-165 -259 14 0
-160 -251 10 0
-195 -296 8 1
-170 -271 14 0
-166 -271 13 1
-195 -294 9 1
-167 -275 12 1
-194 -295 8 1
-167 -275 13 1
-167 -274 12 2
-167 -274 13 2
-164 -271 8 1
-164 -271 9 1
-164 -270 8 1
-164 -269 8 2
-163 -271 8 1
-163 -271 9 1
-192 -289 15 1
-197 -264 10 0
-152 -253 19 0
-151 -253 18 0
-178 -255 13 0
-200 -294 18 0
-198 -290 18 0
-199 -274 10 0
-196 -298 9 1
-195 -297 10 2
-198 -293 12 0
-194 -294 12 1
-194 -300 14 1
-172 -263 4 1
-173 -263 4 1
-177 -262 5 1
-175 -261 6 0
-176 -285 19 0
-174 -261 6 1
-176 -260 6 1
-169 -264 5 1
-170 -264 5 1
-174 -255 7 0
-174 -256 7 0
-177 -264 7 0
-176 -263 7 0
-176 -262 7 0
-178 -287 16 0
-180 -287 17 0
-186 -274 9 0
-187 -273 8 1
-184 -271 10 0
-185 -270 9 0
-189 -272 10 0
-186 -272 11 0
-199 -299 20 0
-199 -300 22 0
-198 -295 22 0
-197 -300 20 0
-171 -263 13 0
-200 -298 20 0
-198 -300 19 0
-169 -268 6 1
-200 -294 20 0
-194 -300 20 0
-200 -297 18 0
-194 -295 22 0
-193 -295 21 0
-192 -297 23 0
-192 -297 22 0
-195 -294 24 0
-193 -294 22 0
-194 -297 14 1
-196 -299 13 1
-200 -300 22 0
-200 -298 19 0
-200 -295 19 0
-192 -294 21 0
-191 -292 25 0
-191 -293 23 0
-193 -296 25 0
-192 -295 23 0
-191 -299 19 0
-191 -298 20 0
-191 -297 20 0
-191 -296 20 0
-188 -291 20 0
-191 -290 21 0
-191 -291 21 0
-193 -298 21 0
-193 -297 21 0
-189 -267 3 1
-189 -268 5 1
-165 -287 17 0
-161 -284 16 0
-161 -283 16 0
-174 -262 4 1
-174 -262 3 1
-175 -260 4 2
-175 -260 3 1
-166 -280 12 1
-165 -280 10 1
-179 -256 5 1
-174 -279 12 0
-179 -279 14 0
-177 -278 13 0
-176 -278 13 0
-169 -279 15 2
-169 -279 14 2
-169 -279 13 2
-187 -285 14 0
-184 -291 15 0
-195 -275 18 0
-180 -257 3 2
-180 -257 2 1
-197 -251 7 0
-196 -252 7 0
-192 -258 8 0
-192 -257 8 0
-197 -264 24 0
-193 -291 11 1
-192 -284 11 0
-192 -285 12 0
-194 -291 13 1
-193 -280 13 0
-194 -291 11 1
-195 -291 13 1
-195 -291 12 2
-195 -291 11 1
-196 -289 13 1
-196 -289 12 1
-196 -290 13 1
-179 -263 4 2
-200 -273 15 0
-198 -254 1 1
-183 -270 7 1
-183 -269 5 1
-183 -269 6 1
-182 -271 5 1
-182 -271 6 1
-182 -271 7 1
-182 -270 7 2
-182 -269 7 1
-181 -271 5 1
-181 -271 6 1
-169 -274 19 1
-171 -275 16 0
-171 -275 17 0
-170 -272 17 0
-170 -271 18 0
-173 -273 17 0
-174 -273 18 0
-168 -272 17 0
-171 -276 16 1
-181 -291 20 0
-182 -285 20 0
-181 -285 20 0
-176 -292 21 0
-177 -291 20 0
-177 -290 20 0
-177 -289 20 0
-182 -289 21 0