DAV_OBMAP v3 cell_size=10
-228 -257 27 0
-228 -261 28 0
-226 -260 26 0
-230 -263 28 0
-230 -264 26 0
-228 -262 28 0
-227 -263 25 0
-203 -254 26 2
-203 -254 27 2
-202 -258 41 0
-203 -254 29 2
-203 -254 30 2
-203 -257 40 0
-227 -277 9 2
-227 -276 7 1
-227 -276 8 1
-227 -276 9 1
-227 -275 7 1
-227 -275 8 1
-227 -275 9 1
-230 -270 14 0
-225 -261 7 0
-226 -262 6 0
-224 -260 4 1
-225 -271 12 0
-226 -272 9 1
-225 -265 12 0
-225 -265 13 0
-222 -266 12 0
-224 -263 9 0
-226 -263 10 0
-238 -254 11 2
-238 -254 12 2
-204 -262 6 0
-206 -258 42 0
-206 -260 42 0
-210 -258 44 0
-204 -257 43 0
-225 -257 14 2
-226 -255 14 1
-226 -260 16 0
-229 -262 16 0
-228 -261 17 0
-227 -261 19 0
-226 -261 19 0
-228 -258 17 1
-228 -264 17 0
-227 -263 19 0
-238 -254 2 2
-219 -260 3 1
-219 -261 3 1
-219 -262 2 2
-219 -262 1 1
-220 -260 3 1
-220 -261 3 1
-220 -262 2 2
-237 -275 5 1
-237 -275 4 1
-237 -275 3 1
-241 -252 20 0
-242 -264 28 0
-243 -260 28 0
-241 -258 29 0
-233 -279 10 0
-233 -276 10 0
-202 -295 12 1
-202 -296 13 2
-202 -296 12 1
-202 -297 14 2
-202 -297 12 2
-206 -293 13 0
-205 -293 13 0
-204 -293 13 0
-210 -259 10 1
-210 -259 9 1
-212 -263 11 0
-209 -261 11 0
-209 -261 10 0
-226 -294 14 1
-234 -276 9 1
-217 -257 45 0
-216 -256 44 0
-215 -256 43 0
-215 -251 45 0
-215 -252 45 0
-214 -254 44 0
-213 -254 43 0
-214 -259 45 0
-214 -258 45 0
-229 -290 12 1
-229 -289 10 1
-229 -289 12 1
-229 -288 10 1
-229 -288 11 2
-229 -288 12 1
-228 -290 10 1
-228 -289 12 1
-228 -288 10 1
-228 -288 11 1
-228 -288 12 1
-230 -289 13 0
-234 -288 12 0
-231 -287 11 1
-241 -253 10 1
-241 -253 11 2
-225 -267 4 2
-246 -288 5 2
-246 -288 6 1
-245 -288 4 1
-245 -288 5 2
-245 -288 6 2
-244 -288 4 1
-244 -288 5 1
-244 -288 6 2
-244 -287 4 1
-244 -287 5 1
-244 -287 6 2
-244 -286 4 1
-244 -286 5 2
-244 -286 6 2
-217 -273 15 0
-216 -277 14 0
-215 -278 14 0
-219 -275 13 0
-214 -273 14 0
-213 -277 13 0
-216 -279 12 0
-216 -275 14 0
-216 -275 15 0
-218 -277 14 0
-220 -275 14 0
-235 -252 20 0
-242 -255 20 0
-241 -254 20 0
-233 -258 20 0
-239 -255 15 2
-238 -300 17 0
-239 -253 20 0
-248 -268 5 1
-248 -268 6 2
-248 -268 7 1
-248 -267 5 1
-215 -254 35 2
-215 -254 34 2
-215 -254 33 2
-215 -254 32 2
-215 -254 31 2
-215 -254 30 2
-215 -254 29 2
-215 -254 28 2
-215 -254 27 2
-215 -254 26 2
-215 -254 25 2
-230 -255 19 1
-230 -254 18 1
-230 -254 19 1
-230 -253 18 1
-230 -253 19 1
-229 -255 19 1
-229 -254 19 1
-229 -253 17 2
-229 -253 18 2
-229 -253 19 1
-228 -255 19 1
-228 -254 18 1
-228 -254 19 1
-228 -253 19 1
-230 -256 17 1
-230 -256 18 1
-231 -257 19 0
-230 -252 17 1
-230 -252 19 1
-229 -252 19 1
-228 -252 19 1
-231 -255 16 0
-230 -253 16 1
-231 -253 17 0
-230 -253 14 1
-230 -252 15 1
-211 -294 17 0
-215 -292 15 0
-233 -276 11 0
-212 -261 7 0
-201 -289 14 0
-212 -291 15 0
-212 -292 16 0
-211 -291 15 0
-211 -263 7 0
-211 -264 8 0
-211 -265 8 1
-211 -265 9 0
-211 -260 7 1
-202 -297 13 2
-213 -262 7 0
-215 -263 8 0
-209 -265 7 1
-209 -266 7 1
-213 -260 7 1
-215 -259 7 0
-201 -297 13 1
-201 -297 14 1
-212 -257 5 1
-207 -264 6 1
-212 -262 6 0
-213 -262 6 0
-214 -262 6 1
-215 -262 6 1
-243 -279 14 0
-242 -283 12 1
-241 -284 14 0
-245 -281 12 0
-246 -281 13 0
-216 -264 3 1
-240 -279 13 0
-243 -283 11 0
-244 -285 13 0
-233 -271 6 2
-241 -282 12 1
-231 -253 16 0
-234 -257 16 0
-202 -271 10 0
-230 -253 15 1
-234 -269 28 0
-233 -269 29 0
-239 -269 28 0
-240 -269 28 0
-241 -270 28 0
-235 -264 28 2
-236 -270 27 0
-236 -271 27 0
-236 -272 27 0
-235 -273 28 0
-239 -266 27 0
-240 -266 27 0
-241 -265 27 0
-234 -267 27 0
-233 -267 27 0
-237 -272 31 0
-237 -274 30 0
-232 -269 30 0
-234 -272 29 0
-201 -270 11 1
-203 -268 10 0
-204 -268 11 0
-201 -272 10 1
-201 -267 9 0
-202 -266 10 0
-202 -265 10 0
-204 -270 10 0
-203 -267 8 0
-204 -267 8 0
-204 -266 9 0
-236 -267 35 0
-237 -270 33 0
-237 -273 34 0
-235 -265 34 1
-235 -264 33 1
-235 -264 34 1
-235 -263 32 1
-235 -263 33 1
-217 -255 12 0
-217 -255 13 0
-218 -254 14 0
-220 -257 12 1
-220 -256 12 1
-219 -256 13 1
-215 -281 3 1
-215 -281 4 1
-204 -251 33 2
-204 -251 34 2
-204 -251 35 2
-236 -273 7 1
-236 -274 7 1
-238 -268 7 1
-238 -272 7 2
-238 -276 6 1
-240 -273 3 2
-241 -274 2 2
-241 -274 3 2
-241 -274 4 2
-241 -273 2 2
-241 -273 3 1
-241 -273 4 2
-241 -272 2 1
-214 -254 16 2
-212 -251 11 2
-212 -251 10 2
-212 -251 9 2
-212 -252 38 2
-212 -252 37 2
-212 -252 36 2
-212 -252 35 2
-214 -255 32 2
-214 -255 31 2
-208 -253 39 2
-208 -252 15 2
-240 -285 13 1
-240 -284 14 1
-238 -281 15 0
-243 -284 14 0
-245 -283 14 0
-216 -256 19 0
-209 -265 4 2
-209 -265 5 2
-209 -265 6 1
-208 -264 5 1
-211 -259 4 2
-211 -259 5 2
-211 -258 4 1
-211 -258 5 1
-211 -257 4 1
-211 -257 5 1
-210 -257 4 1
-210 -277 6 1
-210 -276 5 2
-210 -276 6 1
-210 -276 7 1
-209 -278 5 1
-209 -278 6 2
-209 -278 7 1
-209 -277 5 1
-209 -277 7 2
-209 -276 5 2
-203 -264 13 0
-204 -266 11 0
-205 -265 12 0
-206 -265 13 0
-202 -262 13 0
-206 -264 13 0
-203 -263 10 0
-203 -262 11 0
-204 -261 11 0
-224 -260 2 1
-229 -297 20 0
-232 -298 21 0
-230 -278 14 0
-224 -265 13 0
-223 -260 4 1
-221 -259 6 0
-224 -261 7 0
-227 -263 8 0
-223 -263 9 0
-221 -266 9 0
-202 -277 14 0
-201 -278 14 0
-202 -263 27 0
-240 -264 25 0
-240 -256 29 0
-227 -299 12 1
-202 -281 15 0
-201 -281 14 0
-228 -297 11 1
-228 -297 10 1
-228 -298 12 1
-228 -298 10 1
-228 -299 12 1
-230 -257 8 2
-230 -257 9 2
-230 -256 7 1
-230 -256 8 1
-230 -256 9 1
-230 -255 7 2
-232 -252 10 1
-231 -257 10 1
-228 -262 1 1
-227 -262 1 1
-232 -263 0 1
-232 -262 0 1
-219 -268 5 1
-236 -298 20 0
-219 -267 4 2
-219 -267 5 1
-210 -289 15 0
-211 -289 15 0
-239 -256 28 0
-235 -256 27 0
-242 -256 27 0
-237 -253 28 0
-238 -256 29 0
-242 -260 28 0
-218 -297 11 2
-218 -297 10 1
-215 -298 13 1
-204 -296 16 1
-236 -268 3 1
-235 -271 13 0
-238 -273 12 1
-236 -268 12 1
-234 -274 12 0
-236 -273 9 0
-237 -274 10 1
-237 -275 11 0
-237 -269 9 0
-238 -268 10 0
-238 -267 10 1
-232 -273 10 1
-240 -273 10 1
-234 -267 10 0
-235 -274 9 1
-235 -275 9 1
-235 -276 9 2
-240 -269 9 1
-239 -275 8 1
-238 -267 8 1
-238 -266 8 2
-238 -266 9 1
-238 -265 8 2
-238 -265 9 2
-239 -268 7 1
-210 -259 30 2
-210 -259 29 2
-210 -259 28 2
-210 -259 27 2
-210 -259 26 2
-237 -299 16 0
-233 -294 16 0
-222 -260 11 0
-235 -266 35 0
-238 -267 33 0
-238 -267 34 0
-238 -267 35 0
-237 -265 32 0
-237 -264 33 0
-236 -264 34 0
-234 -262 8 1
-230 -264 9 0
-227 -257 7 1
-226 -259 7 1
-226 -259 8 1
-226 -259 9 1
-226 -258 7 1
-226 -258 8 1
-226 -258 9 1
-226 -257 7 1
-226 -257 8 1
-226 -257 9 1
-229 -263 8 0
-220 -260 1 2
-220 -260 2 2
-220 -259 0 1
-220 -259 1 2
-220 -259 2 1
-208 -255 7 1
-208 -254 5 1
-208 -254 6 1
-226 -297 23 0
-232 -300 23 0
-233 -297 20 0
-219 -259 1 2
-219 -259 2 1
-218 -261 0 1
-218 -260 0 1
-218 -259 0 1
-216 -265 1 1
-214 -266 1 1
-219 -264 2 2
-220 -265 1 1
-220 -265 2 1
-220 -265 3 1
-220 -264 1 1
-220 -264 2 2
-222 -286 14 2
-222 -286 15 1
-221 -288 13 1
-221 -288 14 1
-221 -288 15 1
-221 -287 13 1
-221 -287 15 1
-221 -286 13 2
-250 -278 15 0
-249 -278 11 1
-250 -274 11 1
-230 -265 12 0
-230 -265 10 0
-233 -255 21 0
-240 -251 21 0
-239 -252 21 0
-237 -259 21 2
-233 -283 11 1
-233 -283 12 1
-232 -285 10 1
-232 -285 11 1
-245 -285 13 0
-216 -256 12 0
-245 -284 15 0
-243 -289 14 0
-247 -286 13 0
-248 -286 14 0
-244 -286 11 0
-244 -286 12 0
-243 -286 12 0
-242 -285 13 0
-244 -282 11 0
-250 -288 12 0
-245 -276 10 0
-245 -270 9 1
-242 -272 9 0
-244 -272 8 1
-244 -271 8 1
-248 -274 7 2
-249 -274 6 1
-221 -266 8 0
-221 -267 9 0
-237 -271 3 2
-236 -267 4 1
-208 -252 19 2
-208 -252 20 2
-208 -252 21 2
-208 -252 22 2
-208 -252 23 2
-208 -252 24 2
-208 -252 25 2
-208 -252 26 2
-208 -252 27 2
-208 -252 28 2
-208 -252 29 2
-208 -252 30 2
-208 -252 31 2
-208 -252 32 2
-208 -252 33 2
-208 -252 34 2
-208 -252 35 2
-208 -252 36 2
-208 -252 37 2
-208 -252 38 2
-208 -252 39 2
-208 -251 13 2
-208 -251 14 2
-208 -251 15 2
-201 -258 32 0
-203 -262 31 0
-203 -262 30 0
-208 -251 16 2
-208 -251 17 2
-208 -251 18 2
-208 -251 19 2
-208 -251 20 2
-241 -286 9 0
-213 -298 15 0
-211 -297 14 0
-238 -284 9 1
-248 -268 8 2
-248 -268 9 2
-248 -268 10 2
-248 -267 9 2
-248 -267 10 1
-248 -266 10 1
-247 -268 8 2
-247 -268 9 2
-247 -267 8 2
-247 -267 10 1
-247 -266 8 2
-247 -266 9 2
-233 -261 4 1
-233 -261 3 1
-233 -261 2 1
-226 -261 3 1
-231 -259 4 1
-206 -256 40 0
-204 -256 38 2
-201 -259 40 0
-204 -258 40 0
-206 -255 34 2
-206 -259 35 0
-205 -261 37 0
-204 -259 37 0
-204 -256 37 2
-201 -261 38 0
-204 -254 39 2
-203 -260 39 0
-229 -260 2 1
-234 -266 1 1
-234 -267 1 1
-215 -262 2 2
-214 -264 1 1
-213 -264 1 1
-213 -262 4 0
-224 -252 9 1
-224 -252 8 2
-224 -252 7 1
-225 -252 9 2
-225 -252 8 1
-222 -254 14 1
-240 -251 12 0
-239 -252 12 0
-238 -259 29 2
-234 -257 29 0
-235 -251 12 0
-231 -256 15 1
-231 -256 14 2
-213 -281 7 1
-213 -280 7 2
-215 -279 7 1
-218 -276 7 0
-220 -276 6 0
-214 -276 7 0
-217 -279 7 0
-211 -253 43 0
-211 -254 43 0
-216 -258 44 0
-215 -257 44 0
-241 -271 8 1
-239 -252 23 0
-240 -251 23 0
-235 -255 24 2
-234 -255 23 1
-233 -255 23 0
-233 -262 19 2
-233 -262 20 2
-233 -262 21 2
-233 -262 22 2
-233 -262 23 2
-233 -262 24 2
-233 -262 25 2
-233 -261 16 2
-233 -261 17 2
-210 -255 18 2
-210 -255 17 2
-210 -256 36 2
-210 -256 35 2
-211 -274 4 1
-213 -275 6 1
-227 -286 12 2
-231 -289 14 0
-232 -288 13 1
-231 -288 13 1
-230 -288 13 1
-227 -290 10 1
-227 -290 11 1
-227 -290 12 1
-207 -251 17 2
-231 -256 16 0
-231 -256 18 0
-232 -257 19 0
-227 -254 18 1
-220 -274 4 1
-220 -273 4 1
-220 -272 4 1
-219 -274 4 1
-219 -273 4 1
-207 -261 33 0
-206 -261 34 0
-208 -257 35 2
-207 -258 36 2
-205 -255 35 2
-209 -261 35 0
-231 -280 20 0
-219 -252 11 0
-219 -252 12 0
-219 -252 14 0
-221 -253 11 2
-221 -253 12 2
-217 -254 12 1
-218 -254 12 0
-218 -254 13 0
-218 -253 14 1
-211 -283 14 0
-219 -253 13 1
-219 -254 14 1
-219 -254 13 1
-219 -255 15 1
-244 -273 15 0
-245 -273 15 0
-245 -278 16 0
-245 -276 15 0
-244 -269 16 0
-242 -275 17 0
-243 -274 16 0
-247 -277 17 0
-247 -276 17 0
-243 -271 18 0
-244 -272 17 0
-244 -272 16 0
-245 -272 16 0
-244 -276 18 0
-245 -275 17 0
-246 -271 19 0
-246 -271 18 0
-248 -275 19 0
-245 -273 19 0
-245 -273 18 0
-244 -274 11 1
-244 -272 12 1
-245 -276 13 0
-245 -271 14 1
-231 -275 23 0
-231 -275 22 0
-228 -279 24 0
-229 -279 23 0
-230 -279 23 0
-205 -252 32 2
-205 -252 33 2
-205 -252 34 2
-205 -252 35 2
-205 -252 36 2
-205 -252 38 2
-205 -252 39 2
-235 -259 30 1
-234 -260 30 2
-241 -258 31 0
-212 -290 16 0
-214 -292 17 0
-213 -292 17 0
-201 -252 40 0
-209 -293 19 0
-230 -277 13 0
-229 -278 15 0
-230 -286 14 1
-245 -272 15 1
-246 -276 16 0
-204 -254 25 2
-204 -254 24 2
-204 -254 23 2
-204 -254 22 2
-204 -254 21 2
-205 -255 15 0
-209 -254 13 2
-210 -253 14 2
-210 -258 12 1
-211 -255 12 2
-212 -254 12 2
-209 -258 11 0
-240 -252 27 0
-242 -259 8 1
-242 -259 9 1
-241 -259 7 1
-217 -276 3 2
-206 -256 9 1
-206 -256 8 1
-205 -257 8 0
-205 -258 7 1
-205 -263 9 0
-205 -263 8 0
-205 -262 8 0
-204 -261 7 0
-222 -282 7 1
-201 -266 4 2
-201 -266 6 2
-201 -265 4 2
-202 -262 10 0
-202 -261 9 0
-201 -268 6 0
-222 -280 6 0
-234 -258 2 1
-235 -258 2 1
-203 -259 11 0
-203 -259 10 0
-237 -261 12 2
-237 -261 11 2
-238 -259 13 2
-239 -297 19 0
-239 -298 19 0
-233 -297 18 0
-237 -298 17 0
-237 -299 17 0
-234 -292 16 0
-238 -297 15 0
-227 -290 17 0
-226 -292 17 0
-224 -287 16 0
-227 -265 7 0
-226 -265 7 0
-223 -271 8 0
-223 -270 7 0
-224 -268 7 1
-229 -268 8 0
-228 -267 8 0
-226 -262 9 0
-226 -263 8 0
-226 -264 8 0
-225 -270 9 1
-205 -256 5 2
-205 -256 6 2
-205 -255 6 2
-215 -297 13 0
-216 -297 13 1
-236 -274 10 0
-236 -272 9 0
-234 -273 12 0
-234 -300 19 0
-234 -299 20 0
-230 -295 19 0
-204 -253 5 2
-204 -253 6 2
-202 -289 17 0
-202 -299 9 1
-218 -300 10 1
-218 -300 11 2
-201 -287 16 0
-203 -287 16 0
-202 -286 15 0
-218 -299 12 1
-216 -271 13 0
-217 -271 14 0
-215 -268 12 0
-215 -267 14 0
-217 -300 12 1
-217 -299 10 1
-217 -299 11 1
-217 -299 12 1
-213 -293 9 1
-213 -293 10 2
-213 -292 9 1
-213 -292 10 2
-213 -292 11 2
-213 -291 9 1
-213 -291 10 2
-213 -291 11 2
-241 -252 10 2
-241 -252 11 2
-241 -251 10 2
-241 -251 11 1
-201 -262 11 0
-204 -264 11 0
-212 -282 7 1
-213 -298 18 0
-234 -269 4 1
-234 -268 2 1
-234 -268 3 2
-234 -268 4 1
-237 -265 33 0
-207 -289 9 2
-237 -257 15 2
-237 -264 34 0
-241 -268 31 0
-232 -265 30 0
-241 -269 27 0
-241 -265 26 0
-228 -252 18 1
-228 -251 16 1
-241 -266 33 0
-242 -266 29 0
-240 -265 27 0
-238 -263 25 2
-234 -251 15 0
-234 -252 15 0
-222 -251 17 0
-241 -254 15 2
-218 -261 11 0
-219 -261 11 0
-218 -263 10 0
-214 -264 9 0
-218 -260 9 0
-220 -297 18 0
-221 -298 17 0
-222 -298 19 0
-216 -258 7 0
-219 -299 18 0
-224 -296 19 0
-221 -299 16 0
-222 -295 17 0
-222 -294 17 0
-223 -298 16 0
-224 -298 17 0
-225 -299 17 0
-220 -295 16 0
-219 -294 16 0
-220 -300 16 0
-235 -252 9 0
-213 -287 13 1
-213 -287 12 2
-248 -285 9 0
-202 -251 35 2
-204 -274 9 1
-201 -254 35 2
-203 -253 33 2
-205 -274 9 1
-209 -269 10 0
-209 -270 10 0
-228 -275 15 0
-238 -253 18 0
-237 -258 18 2
-204 -253 8 2
-237 -257 18 2
-233 -251 18 0
-234 -251 18 0
-204 -255 1 1
-203 -255 1 1
-202 -255 1 1
-202 -254 1 1
-201 -252 38 2
-244 -282 14 0
-245 -283 15 0
-231 -273 6 2
-231 -273 7 1
-231 -272 5 2
-231 -272 6 2
-231 -272 7 1
-231 -271 6 1
-231 -266 7 1
-244 -275 15 0
-247 -276 14 1
-247 -275 14 1
-247 -275 15 1
-246 -292 4 1
-246 -292 5 1
-246 -292 6 1
-246 -291 4 1
-246 -291 5 1
-246 -291 6 1
-247 -273 14 1
-246 -275 13 0
-246 -274 11 1
-246 -274 12 1
-246 -274 13 1
-246 -273 13 2
-246 -272 13 1
-242 -287 4 1
-245 -273 13 1
-245 -272 13 1
-249 -287 11 0
-248 -270 18 0
-246 -274 18 0
-246 -271 17 0
-249 -276 18 0
-244 -287 3 1
-244 -274 17 0
-246 -268 17 0
-246 -277 16 0
-246 -272 15 1
-245 -275 15 0
-243 -273 13 0
-246 -273 14 1
-246 -274 14 1
-245 -274 14 1
-219 -254 16 0
-219 -255 16 1
-218 -257 17 0
-218 -253 16 0
-215 -272 4 1
-215 -272 3 1
-215 -273 5 1
-228 -257 16 1
-228 -256 16 2
-228 -256 17 2
-228 -256 18 1
-227 -257 16 2
-227 -256 16 2
-222 -254 6 1
-222 -254 5 1
-201 -256 37 0
-201 -255 39 0
-231 -292 14 1
-231 -292 13 2
-231 -292 12 1
-232 -290 14 1
-232 -290 13 1
-232 -290 12 1
-233 -290 14 1
-217 -251 14 2
-215 -255 15 0
-210 -255 36 2
-210 -255 35 2
-210 -255 34 2
-210 -255 33 2
-210 -255 32 2
-210 -255 31 2
-225 -258 14 1
-225 -258 13 1
-226 -256 13 1
-227 -256 14 2
-227 -256 13 1
-222 -261 14 0
-230 -256 15 1
-229 -257 15 1
-248 -262 6 0
-247 -261 5 0
-249 -261 7 0
-248 -261 6 0
-247 -262 3 1
-248 -262 2 1
-249 -262 1 1
-249 -261 1 1
-239 -282 30 0
-234 -286 30 0
-235 -280 30 0
-248 -261 2 2
-219 -253 44 0
-231 -288 16 1
-231 -288 15 1
-217 -251 43 0
-218 -256 46 0
-218 -255 45 0
-234 -283 17 1
-240 -289 18 0
-220 -251 46 0
-219 -252 45 0
-215 -254 47 0
-215 -254 46 0
-223 -266 8 0
-221 -265 7 0
-218 -253 47 0
-218 -253 45 0
-217 -252 45 0
-216 -252 48 0
-216 -252 47 0
-216 -252 46 0
-216 -252 45 0
-219 -265 7 0
-250 -261 2 2
-250 -261 1 1
-250 -262 2 2
-250 -262 1 1
-243 -285 10 0
-208 -275 15 0
-223 -290 14 0
-225 -291 14 0
-221 -292 14 0
-224 -290 17 0
-220 -289 15 0
-222 -290 17 0
-223 -288 17 0
-223 -289 17 0
-228 -293 16 0
-227 -293 16 0
-219 -291 16 0
-220 -291 17 0
-220 -287 17 0
-203 -290 17 0
-206 -291 18 0
-204 -291 18 0
-205 -291 18 0
-210 -279 16 0
-213 -253 22 2
-213 -253 21 2
-213 -253 20 2
-213 -253 19 2
-213 -257 6 2
-213 -258 8 1
-236 -299 16 0
-236 -297 16 0
-222 -256 1 1
-222 -256 2 2
-221 -256 0 1
-221 -256 1 1
-221 -256 2 1
-220 -258 0 1
-214 -270 11 0
-214 -269 11 0
-214 -268 10 1
-219 -267 11 0
-219 -266 11 0
-211 -267 12 0
-212 -266 11 0
-213 -266 11 0
-216 -269 12 0
-216 -268 12 0
-216 -267 11 0
-219 -264 13 0
-217 -265 12 0
-213 -268 13 0
-214 -267 13 0
-214 -266 11 0
-217 -266 14 0
-216 -266 11 0
-208 -258 4 1
-211 -286 15 0
-211 -286 16 0
-211 -287 15 0
-208 -286 17 0
-238 -260 33 0
-214 -263 2 2
-225 -289 22 0
-225 -289 21 0
-234 -264 20 2
-236 -271 20 0
-235 -272 20 0
-235 -273 20 0
-238 -267 19 0
-225 -288 19 0
-221 -287 21 0
-221 -288 21 0
-227 -289 21 0
-201 -263 12 0
-222 -292 22 0
-222 -291 21 0
-201 -260 13 0
-246 -287 7 1
-243 -283 4 1
-206 -265 11 0
-204 -260 8 0
-236 -265 26 2
-236 -269 23 0
-215 -266 7 2
-217 -262 6 0
-230 -264 1 1
-244 -279 12 0
-245 -279 14 0
-243 -276 12 0
-243 -276 13 0
-235 -263 30 1
-233 -262 29 2
-238 -264 30 0
-239 -262 29 2
-242 -280 12 0
-244 -278 10 0
-207 -271 15 0
-212 -273 7 2
-240 -254 10 1
-212 -273 5 2
-212 -274 7 1
-233 -257 9 2
-233 -257 8 1
-234 -293 16 1
-237 -295 22 0
-236 -296 19 0
-231 -295 19 0
-234 -291 18 0
-233 -289 19 0
-238 -265 28 2
-236 -264 32 0
-236 -264 33 0
-241 -263 8 1
-239 -268 33 0
-238 -268 31 0
-212 -274 3 2
-213 -276 2 1
-227 -287 21 0
-222 -290 22 0
-223 -290 21 0
-250 -270 1 1
-203 -273 12 0
-224 -281 3 1
-224 -273 6 1
-224 -274 8 1
-224 -274 7 1
-224 -274 6 1
-224 -275 8 1
-224 -275 7 2
-224 -275 6 1
-225 -278 9 2
-225 -278 8 2
-225 -279 9 1
-225 -279 8 1
-225 -280 9 1
-224 -276 12 0
-224 -276 13 0
-224 -276 14 0
-224 -276 15 0
-226 -277 14 0
-225 -273 15 0
-226 -276 12 0
-223 -275 12 0
-222 -275 13 0
-222 -274 14 0
-226 -279 13 0
-226 -274 12 0
-224 -274 11 0
-223 -273 12 0
-223 -272 12 0
-224 -278 11 1
-224 -279 11 1
-224 -280 12 0
-220 -275 11 0
-223 -278 13 0
-225 -273 11 0
-225 -272 11 0
-223 -274 10 0
-221 -273 10 0
-228 -280 13 0
-224 -280 10 1
-224 -280 11 1
-223 -276 10 1
-230 -279 9 1
-228 -280 9 1
-224 -274 9 0
-224 -273 9 0
-224 -276 9 1
-225 -280 6 1
-224 -265 3 2
-202 -274 15 0
-207 -256 22 2
-207 -256 21 2
-207 -257 34 2
-207 -257 33 2
-207 -257 32 2
-207 -257 31 2
-207 -257 30 2
-241 -254 12 2
-245 -255 13 0
-225 -262 12 0
-248 -279 10 0
-248 -284 11 0
-246 -278 11 0
-247 -274 13 1
-247 -274 12 1
-210 -266 2 1
-240 -268 6 1
-237 -274 7 1
-237 -273 7 1
-239 -279 5 2
-239 -279 6 2
-239 -278 4 1
-239 -278 5 1
-239 -278 6 1
-239 -277 4 1
-239 -277 5 2
-232 -279 20 0
-226 -278 19 0
-227 -275 18 0
-208 -295 8 1
-231 -278 17 0
-232 -277 17 0
-233 -277 17 0
-227 -279 17 0
-225 -279 17 0
-224 -278 17 0
-231 -283 17 0
-232 -283 17 0
-217 -260 15 0
-217 -260 16 0
-215 -260 14 0
-215 -261 15 0
-214 -261 16 0
-219 -258 16 0
-213 -257 15 0
-217 -261 14 0
-217 -262 14 0
-217 -263 15 0
-214 -259 13 0
-214 -260 14 0
-213 -260 14 0
-212 -260 14 0
-219 -260 13 0
-215 -261 13 0
-215 -262 13 0
-215 -263 13 0
-215 -259 12 0
-213 -258 13 1
-212 -258 13 1
-211 -258 13 2
-229 -278 16 0
-217 -260 12 0
-218 -261 12 0
-218 -262 12 0
-219 -263 13 0
-212 -266 3 2
-212 -265 1 1
-212 -265 2 1
-212 -265 3 1
-225 -262 8 0
-224 -259 6 2
-224 -258 6 1
-224 -257 6 1
-224 -257 7 1
-224 -257 8 1
-223 -259 6 1
-221 -263 8 0
-224 -260 6 1
-221 -259 5 1
-205 -258 21 0
-206 -263 20 0
-203 -256 19 0
-203 -264 19 0
-207 -263 18 0
-221 -263 11 0
-222 -264 13 0
-220 -259 13 0
-219 -264 11 0
-222 -262 11 0
-224 -260 10 1
-223 -261 7 0
-239 -271 29 0
-239 -270 30 0
-240 -265 30 0
-240 -269 31 0
-233 -268 34 1
-233 -268 33 1
-233 -268 32 1
-245 -259 8 0
-246 -260 9 0
-212 -256 35 2
-212 -256 36 2
-212 -256 37 2
-212 -256 38 2
-212 -256 39 2
-212 -255 14 2
-212 -255 15 2
-215 -291 11 2
-215 -291 12 1
-207 -293 16 0
-207 -294 15 0
-224 -260 7 1
-221 -262 9 0
-245 -280 8 1
-245 -279 7 1
-245 -279 8 2
-245 -279 9 1
-244 -281 8 1
-244 -281 9 1
-244 -280 7 1
-244 -280 9 1
-237 -293 18 1
-239 -294 15 1
-239 -294 16 0
-239 -254 3 2
-239 -254 2 2
-239 -254 1 1
-240 -252 3 2
-240 -252 2 2
-240 -252 1 2
-240 -253 3 2
-240 -253 1 1
-240 -254 3 1
-240 -254 2 1
-240 -254 1 1
-241 -252 3 2
-241 -252 2 2
-241 -252 1 2
-203 -288 16 0
-204 -289 17 0
-204 -288 16 0
-210 -288 17 0
-209 -289 18 0
-208 -289 18 0
-210 -285 14 0
-209 -286 15 0
-208 -287 16 0
-210 -284 9 1
-209 -285 8 1
-208 -286 15 0
-206 -288 17 0
-247 -261 3 1
-246 -264 4 1
-247 -261 4 0
-236 -280 23 1
-236 -280 22 1
-236 -281 23 1
-233 -286 26 0
-237 -278 26 0
-231 -282 27 0
-239 -281 27 0
-235 -287 27 0
-234 -279 27 0
-235 -281 27 0
-240 -285 28 0
-238 -280 28 0
-237 -281 27 0
-233 -281 29 0
-218 -256 5 1
-218 -256 6 1
-217 -256 4 2
-217 -256 5 2
-217 -256 6 1
-216 -256 4 2
-216 -256 5 2
-218 -256 8 0
-217 -256 7 1
-231 -262 19 0
-229 -259 17 0
-231 -258 18 0
-223 -260 17 0
-222 -259 17 0
-240 -287 23 0
-244 -284 22 0
-245 -284 23 0
-240 -283 22 2
-240 -282 22 1
-239 -284 22 1
-245 -260 6 0
-245 -261 6 0
-205 -261 19 0
-206 -259 17 0
-206 -259 18 0
-206 -258 18 0
-205 -262 17 0
-204 -263 18 0
-204 -260 16 0
-203 -259 17 0
-239 -261 7 1
-233 -255 20 0
-232 -255 20 0
-239 -256 20 2
-240 -257 20 2
-236 -260 31 1
-236 -260 30 1
-236 -261 32 2
-236 -261 30 2
-211 -299 12 1
-211 -300 12 1
-212 -296 12 1
-212 -297 12 1
-213 -295 12 1
-213 -296 12 1
-214 -295 12 1
-209 -291 11 1
-209 -291 10 2
-209 -291 9 1
-210 -291 11 1
-224 -300 13 0
-225 -297 11 2
-205 -253 35 2
-207 -252 2 2
-239 -252 8 1
-237 -252 16 0
-219 -252 13 0
-223 -251 12 2
-234 -268 1 1
-204 -256 35 2
-245 -271 3 2
-245 -271 4 2
-244 -272 2 1
-244 -272 3 1
-244 -271 2 1
-244 -271 3 2
-242 -278 1 1
-242 -278 2 1
-242 -278 3 2
-242 -277 1 1
-240 -271 26 0
-236 -264 26 2
-235 -275 12 0
-228 -288 19 0
-201 -262 7 1
-206 -257 6 1
-225 -281 15 0
-227 -299 17 1
-204 -284 16 0
-205 -299 14 2
-205 -299 13 2
-205 -299 12 1
-235 -257 2 1
-210 -285 12 1
-233 -253 2 1
-238 -257 1 1
-210 -286 13 0
-207 -285 13 0
-207 -287 13 0
-201 -264 32 0
-203 -263 31 0
-244 -265 17 0
-245 -278 6 1
-241 -273 6 1
-240 -280 4 1
-240 -280 5 2
-208 -264 1 1
-207 -263 2 2
-207 -260 5 1
-207 -260 4 1
-208 -260 5 1
-209 -262 2 1
-209 -262 1 1
-230 -255 18 1
-229 -254 18 2
-230 -299 12 1
-234 -255 8 0
-237 -254 9 1
-238 -254 8 2
-233 -260 11 2
-208 -252 9 2
-202 -262 34 0
-202 -261 34 0
-220 -263 1 1
-244 -281 12 0
-244 -280 11 0
-208 -281 10 1
-222 -252 18 0
-222 -253 18 1
-225 -253 18 1
-225 -251 17 1
-234 -254 33 0
-239 -257 28 0
-236 -286 17 1
-242 -286 19 0
-238 -284 19 2
-240 -288 20 0
-239 -288 19 0
-235 -285 12 0
-236 -286 12 0
-236 -286 13 0
-238 -282 13 0
-238 -283 16 1
-211 -263 42 0
-210 -262 41 0
-204 -259 42 0
-213 -258 42 0
-207 -256 43 0
-207 -257 42 0
-213 -262 43 0
-212 -261 43 0
-211 -256 44 0
-210 -264 44 0
-209 -263 44 0
-209 -262 43 0
-206 -258 44 0
-212 -259 45 0
-211 -260 43 0
-207 -262 45 0
-208 -257 45 0
-210 -261 46 0
-241 -268 24 0
-233 -271 24 0
-234 -271 24 0
-219 -280 7 0
-219 -279 6 1
-216 -282 8 2
-233 -271 30 0
-233 -272 30 0
-206 -261 43 0
-209 -262 42 0
-212 -260 45 0
-207 -262 44 0
-210 -262 45 0
-240 -259 32 0
-209 -258 17 0
-201 -279 6 1
-211 -272 5 2
-211 -272 6 1
-211 -272 7 2
-211 -271 5 2
-211 -271 6 2
-211 -271 7 2
-245 -261 9 0
-249 -258 9 0
-247 -258 9 0
-241 -261 9 1
-242 -260 9 1
-247 -262 10 0
-247 -261 10 0
-241 -257 11 2
-246 -257 10 0
-243 -263 11 1
-244 -261 10 0
-244 -260 10 0
-243 -255 11 2
-244 -255 11 2
-245 -257 11 1
-249 -260 11 0
-248 -259 11 0
-246 -259 10 0
-240 -260 12 2
-242 -259 11 2
-246 -254 12 0
-246 -255 11 0
-246 -256 11 0
-245 -262 12 0
-212 -255 25 2
-212 -255 26 2
-212 -255 27 2
-214 -253 38 2
-216 -255 38 0
-215 -254 40 2
-215 -251 39 2
-216 -257 39 0
-215 -257 40 0
-215 -256 40 0
-211 -253 39 2
-212 -253 41 0
-213 -253 41 0
-218 -255 14 0
-225 -252 12 2
-225 -251 12 1
-201 -299 21 0
-234 -284 16 1
-225 -252 7 2
-226 -252 9 1
-226 -252 8 1
-226 -252 7 1
-221 -251 9 1
-221 -251 10 1
-222 -252 11 2
-222 -252 10 2
-219 -251 12 1
-226 -253 13 1
-235 -273 5 1
-235 -273 4 2
-201 -255 3 2
-224 -253 17 2
-224 -253 16 1
-224 -254 17 1
-224 -254 16 1
-224 -254 15 2
-225 -252 17 2
-225 -252 16 1
-225 -253 17 1
-225 -253 15 2
-225 -254 17 1
-225 -254 16 1
-225 -254 15 1
-226 -254 17 1
-225 -253 16 2
-232 -286 19 0
-233 -286 18 1
-221 -252 17 0
-221 -251 17 1
-234 -287 17 1
-205 -263 5 1
-210 -260 6 1
-203 -262 6 1
-205 -254 7 2
-205 -255 7 1
-206 -254 7 2
-206 -255 7 2
-207 -254 7 2
-207 -255 7 2
-208 -264 7 1
-202 -253 31 2
-202 -253 30 2
-202 -253 29 2
-211 -261 6 0
-210 -261 6 0
-209 -261 6 0
-204 -264 6 2
-204 -263 6 1
-205 -263 6 1
-208 -254 7 1
-206 -263 1 1
-214 -257 42 0
-212 -252 42 0
-212 -253 42 0
-214 -261 43 0
-213 -259 42 0
-202 -251 38 2
-203 -253 17 2
-203 -253 16 2
-236 -287 16 1
-235 -288 17 0
-243 -288 17 0
-237 -283 16 1
-243 -284 16 0
-236 -286 15 1
-235 -286 15 2
-234 -285 15 2
-240 -282 15 1
-236 -284 14 0
-215 -251 42 0
-217 -252 42 0
-219 -255 41 0
-220 -255 41 0
-216 -251 42 0
-218 -252 42 0
-218 -252 41 0
-220 -251 40 0
-213 -251 40 0
-213 -251 39 2
-217 -254 41 0
-217 -255 40 0
-217 -251 40 0
-214 -254 39 2
-218 -253 39 0
-218 -253 38 0
-216 -252 40 0
-219 -266 7 0
-219 -266 8 0
-219 -267 8 1
-209 -277 13 0
-208 -277 13 0
-209 -279 15 0
-220 -260 9 0
-218 -268 7 2
-208 -281 17 0
-218 -266 7 1
-217 -266 7 1
-232 -288 15 1
-232 -288 16 1
-232 -288 17 1
-231 -288 17 1
-230 -288 15 1
-221 -254 45 0
-218 -251 43 0
-236 -254 23 1
-241 -253 21 0
-240 -254 22 0
-239 -254 23 0
-238 -254 23 2
-246 -276 5 2
-201 -251 2 1
-201 -251 3 1
-211 -291 19 0
-208 -292 18 0
-237 -263 20 2
-226 -284 15 0
-227 -285 15 0
-249 -255 2 2
-249 -255 1 2
-249 -255 0 1
-250 -255 2 2
-250 -255 0 1
-241 -272 11 0
-238 -276 10 1
-234 -265 13 1
-234 -264 13 1
-240 -268 12 0
-233 -271 5 2
-233 -271 7 1
-232 -269 18 0
-236 -266 18 0
-236 -265 18 2
-213 -291 17 0
-212 -289 15 0
-235 -264 17 2
-240 -267 17 0
-241 -291 12 0
-207 -288 13 0
-231 -273 8 1
-206 -290 11 1
-233 -257 16 1
-213 -280 9 1
-212 -280 9 0
-201 -272 3 1
-201 -271 3 1
-237 -251 16 0
-237 -266 33 0
-239 -257 16 2
-237 -272 9 1
-237 -272 10 1
-240 -286 14 1
-208 -296 17 0
-250 -263 2 2
-215 -267 1 1
-215 -268 3 1
-225 -279 16 0
-225 -280 16 0
-202 -294 8 1
-202 -294 9 1
-202 -294 10 1
-202 -293 11 1
-218 -259 6 0
-218 -260 6 0
-218 -261 6 0
-220 -268 7 1
-220 -267 6 1
-219 -266 6 1
-218 -265 6 1
-222 -261 7 0
-221 -262 7 0
-220 -262 7 0
-217 -265 7 0
-215 -268 8 1
-215 -268 7 2
-215 -269 8 1
-215 -269 7 2
-215 -269 6 1
-216 -268 8 1
-235 -286 12 0
-212 -292 9 1
-212 -293 10 2
-212 -293 9 1
-215 -294 11 1
-234 -284 19 1
-201 -271 13 0
-201 -272 13 0
-201 -271 11 1
-216 -298 12 1
-236 -266 5 1
-237 -269 7 0
-227 -272 8 1
-232 -294 15 0
-250 -262 10 0
-236 -254 9 1
-227 -273 8 1
-233 -253 10 1
-213 -297 10 2
-211 -256 12 2
-211 -256 11 2
-217 -278 10 0
-216 -257 10 0
-216 -257 9 0
-240 -254 30 0
-236 -252 31 0
-236 -253 30 0
-237 -254 30 0
-242 -258 31 0
-232 -297 27 0
-238 -270 20 0
-234 -264 21 2
-205 -263 11 0
-242 -278 13 0
-222 -295 20 0
-215 -273 8 2
-215 -272 6 2
-215 -272 7 1
-236 -269 20 0
-236 -269 21 0
-239 -298 23 0
-240 -295 21 0
-237 -298 21 0
-242 -292 21 0
-219 -293 14 0
-207 -253 11 2
-209 -252 13 2
-206 -253 11 2
-207 -252 11 2
-206 -251 13 2
-219 -254 19 0
-226 -276 16 0
-207 -253 4 1
-220 -299 19 0
-223 -297 16 0
-217 -266 4 1
-217 -267 6 1
-217 -267 5 1
-243 -285 6 2
-243 -285 4 1
-243 -286 6 2
-243 -286 5 2
-236 -258 13 2
-236 -259 13 2
-238 -252 13 0
-239 -251 13 0
-233 -255 12 1
-233 -254 12 1
-233 -253 12 1
-222 -274 3 2
-221 -274 3 1
-220 -274 3 1
-214 -280 2 1
-219 -280 2 1
-205 -269 10 0
-223 -278 2 1
-242 -253 9 1
-242 -252 9 2
-242 -251 9 1
-238 -251 17 0
-248 -265 7 1
-233 -286 13 0
-232 -286 12 1
-232 -300 24 0
-231 -296 23 0
-250 -271 11 1
-229 -296 23 0
-228 -296 23 0
-233 -293 23 0
-231 -298 23 0
-231 -299 23 0
-229 -300 22 0
-238 -297 22 0
-232 -295 22 0
-231 -295 22 0
-230 -294 22 0
-229 -293 22 0
-245 -266 5 1
-233 -300 22 0
-232 -297 22 0
-212 -284 14 0
-212 -282 12 0
-201 -262 10 0
-202 -262 11 0
-201 -263 10 0
-201 -261 11 0
-205 -285 14 0
-203 -286 15 0
-202 -284 13 0
-203 -284 13 0
-205 -285 13 0
-207 -288 8 1
-205 -300 8 1
-201 -267 27 0
-216 -263 13 0
-203 -253 3 1
-203 -252 1 1
-203 -252 3 1
-203 -251 1 1
-203 -251 2 1
-203 -251 3 2
-202 -253 1 1
-202 -252 1 1
-202 -252 2 2
-202 -251 1 1
-210 -269 10 0
-202 -251 3 1
-205 -254 1 1
-205 -254 2 2
-205 -253 1 1
-205 -253 2 2
-232 -281 18 0
-233 -281 18 1
-236 -278 16 1
-213 -282 4 1
-216 -263 16 0
-213 -264 16 0
-218 -261 15 0
-234 -254 13 0
-221 -282 4 1
-231 -254 12 2
-231 -255 12 2
-230 -282 20 0
-229 -282 20 0
-228 -282 19 0
-225 -285 22 0
-203 -251 14 2
-205 -285 11 0
-224 -295 19 0
-224 -295 18 0
-203 -251 10 2
-225 -298 18 0
-203 -252 34 2
-203 -252 33 2
-226 -296 15 1
-202 -287 12 0
-203 -252 31 2
-204 -282 13 0
-203 -283 13 0
-202 -283 13 0
-203 -252 27 2
-204 -286 14 0
-203 -286 14 0
-209 -276 13 0
-227 -281 19 0
-226 -262 7 0
-228 -283 21 0
-209 -272 13 0
-208 -272 13 0
-226 -282 22 0
-210 -274 13 0
-204 -272 13 0
-246 -288 15 0
-249 -284 11 0
-204 -259 8 0
-203 -259 8 0
-225 -254 12 1
-201 -252 39 1
-202 -253 39 0
-203 -255 38 2
-203 -251 37 2
-203 -251 38 2
-204 -254 36 2
-203 -256 39 2
-203 -252 38 2
-227 -256 1 1
-219 -258 3 1
-222 -256 3 1
-222 -257 3 1
-223 -256 5 1
-236 -254 32 0
-233 -257 31 0
-233 -298 14 0
-209 -288 14 0
-231 -297 16 0
-210 -289 17 0
-206 -287 17 0
-206 -288 16 0
-231 -300 21 0
-205 -290 18 0
-205 -290 17 0
-202 -273 16 0
-201 -274 17 0
-201 -273 16 0
-203 -274 16 0
-202 -275 17 0
-202 -274 16 0
-202 -275 12 0
-205 -253 39 2
-206 -261 37 0
-206 -257 37 2
-208 -257 36 2
-206 -253 35 2
-207 -259 35 2
-206 -256 34 2
-207 -255 34 2
-204 -257 39 2
-205 -258 41 0
-202 -259 40 0
-207 -256 40 0
-205 -254 39 2
-207 -258 38 2
-230 -283 13 0
-226 -278 14 0
-211 -269 6 1
-211 -269 5 1
-204 -269 7 1
-238 -285 8 1
-206 -255 33 2
-207 -258 32 2
-207 -276 11 0
-212 -273 11 0
-208 -273 8 1
-208 -273 9 1
-207 -272 10 0
-206 -272 10 0
-241 -279 10 0
-248 -277 11 1
-238 -265 31 0
-210 -257 10 2
-210 -256 8 1
-210 -256 9 2
-210 -256 10 2
-209 -258 9 1
-209 -258 10 1
-209 -257 10 1
-209 -256 9 2
-209 -256 10 2
-208 -258 9 1
-208 -258 10 1
-208 -257 9 1
-208 -257 10 1
-208 -256 10 1
-208 -259 7 1
-204 -262 8 0
-208 -261 6 0
-210 -262 7 0
-212 -262 8 0
-243 -267 12 2
-243 -266 12 1
-243 -265 12 2
-242 -267 12 2
-242 -265 12 2
-240 -265 10 0
-240 -267 9 0
-243 -269 10 1
-236 -263 8 1
-244 -292 16 0
-241 -294 21 0
-239 -291 19 0
-239 -289 21 0
-237 -295 20 0
-211 -285 12 1
-238 -282 24 2
-238 -283 24 1
-238 -284 24 1
-245 -281 23 0
-243 -282 23 0
-242 -283 23 0
-239 -288 24 0
-239 -280 24 0
-244 -285 24 0
-237 -285 25 1
-243 -280 25 0
-242 -281 24 0
-242 -282 24 0
-241 -287 25 0
-241 -286 24 0
-241 -285 23 0
-244 -283 26 0
-243 -283 25 0
-243 -283 24 0
-242 -284 24 0
-240 -285 25 0
-228 -263 2 2
-228 -263 3 1
-228 -263 4 1
-226 -264 6 0
-232 -297 18 0
-233 -296 18 0
-209 -259 5 1
-209 -258 3 1
-209 -258 4 1
-209 -258 5 2
-211 -252 35 2
-211 -252 34 2
-211 -252 33 2
-211 -252 32 2
-211 -252 31 2
-211 -252 30 2
-211 -252 29 2
-211 -252 28 2
-211 -252 27 2
-211 -252 26 2
-211 -252 25 2
-211 -252 24 2
-211 -252 23 2
-211 -252 22 2
-219 -272 4 1
-220 -280 5 2
-217 -272 4 1
-215 -282 3 1
-215 -282 4 1
-214 -282 3 1
-214 -282 4 1
-213 -282 3 1
-241 -262 8 1
-240 -263 8 2
-240 -262 8 2
-239 -262 8 2
-237 -267 31 0
-238 -265 32 0
-235 -269 31 0
-234 -269 31 0
-225 -297 16 0
-222 -299 19 0
-223 -299 19 0
-206 -296 12 0
-201 -290 12 0
-239 -266 14 1
-201 -265 30 0
-244 -289 16 0
-212 -273 9 1
-205 -270 2 1
-239 -264 32 0
-237 -261 34 1
-237 -262 33 1
-237 -263 32 1
-238 -265 35 0
-237 -264 24 2
-218 -276 2 1
-236 -294 13 1
-236 -294 12 1
-247 -273 6 2
-238 -299 12 0
-246 -269 10 1
-246 -269 12 1
-248 -264 11 0
-248 -263 11 0
-249 -263 11 0
-246 -263 10 1
-246 -262 10 0
-248 -265 11 0
-247 -270 7 1
-247 -270 8 2
-247 -270 9 2
-247 -263 8 0
-246 -266 17 0
-248 -266 14 0
-231 -257 3 2
-234 -258 3 1
-235 -258 3 1
-236 -258 3 1
-231 -256 4 1
-232 -256 4 1
-233 -253 0 1
-232 -257 3 1
-238 -252 4 1
-236 -256 0 1
-236 -257 0 1
-237 -256 0 1
-237 -257 0 1
-220 -258 14 1
-220 -258 13 1
-220 -258 12 1
-214 -257 4 1
-215 -256 16 0
-219 -259 18 0
-219 -258 17 0
-218 -256 15 0
-215 -253 18 2
-215 -253 17 2
-215 -257 5 2
-237 -266 25 2
-238 -269 31 0
-236 -269 29 0
-235 -270 30 0
-239 -268 28 0
-239 -267 29 0
-234 -266 29 0
-234 -270 27 0
-234 -271 27 0
-233 -271 27 0
-215 -257 4 2
-237 -256 1 2
-237 -257 1 1
-211 -286 13 1
-238 -256 1 1
-210 -269 11 0
-207 -267 11 0
-235 -251 1 2
-213 -256 10 2
-213 -255 10 2
-206 -266 9 0
-213 -254 10 2
-207 -268 10 0
-225 -292 20 0
-240 -286 9 1
-208 -267 2 1
-208 -268 2 1
-243 -275 3 1
-243 -275 2 2
-243 -275 1 1
-244 -273 3 1
-244 -273 2 2
-244 -273 1 1
-244 -274 2 2
-244 -274 1 1
-244 -275 3 1
-244 -275 2 1
-244 -275 1 1
-243 -274 2 2
-245 -276 5 1
-242 -277 3 2
-244 -278 3 2
-244 -279 3 1
-245 -277 3 1
-247 -274 5 1
-240 -296 13 0
-239 -295 13 1
-234 -292 14 1
-235 -292 14 0
-236 -293 13 1
-213 -256 5 2
-237 -298 15 0
-237 -297 14 0
-225 -291 23 0
-229 -267 1 1
-244 -261 33 0
-242 -260 31 0
-243 -263 31 0
-244 -263 31 0
-245 -264 31 0
-245 -260 30 0
-243 -265 30 0
-243 -266 30 0
-241 -260 29 0
-242 -262 29 0
-243 -262 29 0
-244 -262 29 0
-245 -262 29 0
-243 -258 28 0
-243 -264 28 0
-243 -261 28 0
-243 -261 27 0
-242 -265 26 0
-241 -259 25 2
-240 -261 24 2
-229 -267 2 2
-228 -269 1 1
-228 -269 2 1
-228 -268 1 1
-228 -267 1 1
-239 -298 18 0
-242 -263 34 0
-239 -264 33 0
-242 -261 31 0
-243 -261 31 0
-205 -267 12 0
-219 -264 3 1
-204 -257 34 0
-205 -256 32 2
-203 -261 32 0
-203 -255 32 2
-203 -255 31 2
-218 -263 1 1
-203 -258 33 0
-212 -283 9 1
-204 -258 31 0
-232 -267 1 1
-231 -269 1 1
-231 -268 1 1
-231 -267 1 1
-211 -280 13 0
-210 -282 15 0
-214 -285 12 1
-210 -289 16 0
-213 -285 12 1
-202 -276 13 0
-205 -275 14 0
-204 -275 14 0
-203 -275 14 0
-203 -278 18 0
-250 -284 8 0
-205 -274 12 0
-204 -275 12 0
-203 -273 13 0
-207 -275 14 0
-232 -297 15 0
-231 -297 15 0
-231 -300 16 0
-221 -251 19 1
-221 -251 20 1
-220 -251 21 0
-220 -251 22 0
-222 -252 20 0
-223 -252 20 0
-223 -252 21 0
-233 -300 19 0
-230 -296 19 0
-221 -252 18 0
-231 -264 11 1
-232 -262 10 2
-237 -266 28 2
-237 -266 27 2
-231 -268 16 0
-237 -265 15 2
-204 -262 33 0
-205 -262 33 0
-234 -294 20 0
-218 -298 17 0
-217 -294 19 0
-204 -259 32 0
-216 -297 18 0
-216 -297 19 0
-203 -264 32 0
-203 -265 32 0
-218 -298 19 0
-217 -296 15 0
-217 -296 16 0
-217 -295 17 0
-217 -295 18 0
-223 -297 11 2
-222 -296 12 2
-219 -297 17 0
-217 -294 13 0
-221 -300 13 1
-221 -299 13 1
-220 -298 13 0
-219 -298 14 0
-237 -271 2 1
-237 -271 4 1
-237 -270 2 1
-237 -270 3 1
-245 -276 7 1
-246 -276 7 1
-242 -280 7 2
-243 -281 6 1
-236 -271 4 1
-236 -270 2 1
-250 -261 10 0
-236 -271 5 2
-238 -256 16 2
-232 -253 17 0
-250 -265 9 0
-249 -265 9 0
-239 -252 17 0
-245 -266 6 1
-245 -267 6 1
-232 -264 4 2
-248 -269 11 2
-245 -264 8 1
-246 -264 8 1
-247 -264 9 1
-249 -266 11 0
-245 -266 7 1
-237 -252 0 1
-216 -263 6 0
-248 -264 5 1
-250 -263 4 0
-248 -270 3 1
-250 -266 2 2
-250 -265 1 1
-249 -271 4 1
-236 -268 19 0
-248 -251 8 0
-250 -272 4 1
-247 -267 6 2
-247 -268 6 1
-247 -269 6 1
-247 -269 5 1
-231 -280 12 0
-239 -297 23 0
-238 -296 22 0
-220 -285 19 0
-221 -285 19 0
-222 -300 12 1
-222 -300 11 2
-222 -300 10 1
-227 -282 21 0
-226 -283 20 0
-225 -285 19 0
-221 -284 21 0
-207 -277 10 0
-205 -277 10 0
-218 -300 13 0
-232 -300 22 0
-205 -286 10 1
-205 -285 8 1
-230 -298 22 0
-229 -298 21 0
-228 -298 21 0
-202 -274 13 0
-202 -273 13 0
-203 -272 13 0
-207 -277 13 0
-204 -274 12 0
-205 -273 12 0
-201 -260 12 0
-209 -293 10 2
-204 -274 16 0
-204 -290 11 1
-204 -288 13 0
-218 -297 15 0
-213 -298 17 0
-219 -293 17 0
-218 -294 17 0
-218 -295 16 0
-217 -257 8 0
-206 -287 11 1
-201 -265 31 0
-204 -257 31 0
-204 -256 31 2
-221 -297 12 1
-221 -296 10 1
-221 -296 11 2
-221 -296 12 1
-201 -258 31 0
-221 -295 12 1
-220 -297 10 1
-220 -297 11 2
-220 -297 12 1
-220 -296 10 1
-220 -296 12 1
-220 -295 10 1
-220 -295 11 1
-220 -295 12 1
-202 -261 31 0
-218 -295 9 1
-218 -294 9 1
-204 -280 9 2
-205 -280 9 2
-204 -296 14 1
-213 -270 8 1
-214 -270 8 1
-218 -270 8 1
-219 -270 8 1
-220 -268 8 1
-220 -269 8 1
-220 -270 8 1
-241 -252 0 1
-211 -266 9 1
-211 -267 9 1
-228 -288 20 0
-227 -288 21 0
-230 -289 20 0
-228 -289 15 1
-227 -290 19 0
-227 -290 20 0
-231 -287 19 0
-227 -287 17 1
-227 -287 18 1
-226 -286 18 0
-235 -282 19 1
-234 -282 20 2
-230 -278 20 0
-231 -278 22 0
-232 -279 22 0
-235 -277 22 1
-235 -278 21 1
-235 -279 21 1
-236 -277 22 1
-236 -277 21 1
-236 -278 23 1
-236 -278 21 1
-236 -279 21 2
-237 -277 22 1
-237 -277 21 1
-237 -278 23 1
-237 -278 22 1
-237 -278 21 1
-236 -278 22 2
-231 -283 21 0
-231 -282 22 0
-232 -275 21 0
-232 -277 22 0
-235 -280 22 1
-236 -280 21 1
-237 -280 21 1
-228 -280 22 0
-229 -280 22 0
-235 -276 23 0
-235 -277 23 1
-236 -285 22 1
-236 -284 20 1
-236 -283 20 1
-205 -256 34 2
-205 -259 35 0
-229 -263 1 1
-233 -262 2 1
-233 -263 2 2
-227 -261 3 1
-205 -254 38 2
-205 -259 39 0
-202 -261 40 0
-204 -256 40 0
-201 -260 39 0
-226 -270 6 2
-235 -274 7 1
-235 -274 6 1
-235 -275 8 1
-235 -275 7 1
-228 -256 27 0
-225 -263 26 0
-225 -264 26 0
-224 -264 26 0
-224 -258 26 0
-228 -264 26 0
-228 -266 25 0
-224 -262 25 0
-223 -262 25 0
-227 -259 25 0
-227 -257 24 0
-235 -275 6 1
-239 -269 7 1
-236 -269 8 0
-236 -272 8 1
-238 -267 9 1
-237 -267 9 1
-236 -268 8 0
-232 -274 9 1
-238 -271 10 1
-237 -270 9 1
-205 -279 7 1
-205 -280 7 1
-206 -279 7 1
-206 -277 12 0
-235 -265 12 2
-235 -265 11 2
-235 -266 12 1
-235 -266 11 1
-205 -277 15 0
-236 -264 11 2
-236 -264 10 1
-236 -265 12 2
-236 -265 10 2
-236 -266 12 2
-237 -271 8 1
-214 -252 45 0
-214 -253 44 0
-213 -255 43 0
-213 -260 45 0
-213 -259 45 0
-213 -258 44 0
-209 -254 46 0
-210 -254 45 0
-210 -255 44 0
-211 -255 44 0
-211 -278 3 1
-211 -278 4 1
-211 -278 5 1
-207 -276 16 0
-206 -277 15 0
-206 -270 15 0
-206 -271 14 0
-208 -273 16 0
-206 -278 10 0
-207 -280 11 0
-204 -276 11 0
-207 -278 12 0
-209 -278 14 0
-208 -279 14 0
-209 -282 15 0
-206 -278 15 0
-208 -280 17 0
-205 -278 17 0
-236 -275 12 0
-235 -292 12 0
-216 -268 4 1
-217 -266 5 1
-201 -261 29 0
-205 -287 14 0
-202 -261 27 0
-204 -284 13 0
-205 -283 13 0
-202 -286 12 0
-203 -286 12 0
-204 -286 11 0
-203 -277 17 0
-236 -293 11 1
-224 -276 4 1
-221 -263 5 0
-220 -269 5 1
-224 -264 6 0
-209 -273 12 0
-204 -279 18 0
-203 -275 17 0
-206 -277 16 0
-206 -277 17 0
-240 -272 10 1
-205 -274 16 0
-206 -276 14 0
-207 -276 14 0
-203 -274 13 0
-204 -273 13 0
-208 -278 13 0
-205 -275 12 0
-239 -272 9 2
-239 -272 10 2
-239 -272 11 2
-239 -271 9 2
-239 -271 11 2
-239 -270 9 1
-220 -265 6 1
-221 -261 9 0
-221 -261 8 0
-220 -263 7 0
-220 -268 9 0
-220 -267 8 0
-220 -266 7 0
-238 -270 9 1
-238 -270 10 1
-238 -270 11 1
-235 -270 8 1
-237 -271 9 1
-233 -273 9 1
-233 -274 9 1
-237 -268 8 0
-238 -268 9 0
-237 -273 8 1
-237 -274 8 1
-217 -297 20 0
-221 -280 13 0
-222 -281 13 0
-218 -284 15 1
-218 -284 14 2
-218 -284 13 1
-218 -285 15 1
-201 -277 13 0
-218 -285 13 1
-218 -286 15 1
-218 -286 14 1
-218 -286 13 1
-224 -281 14 0
-220 -282 15 0
-223 -281 15 0
-201 -274 14 0
-201 -279 15 0
-234 -294 14 1
-234 -295 14 1
-250 -284 12 0
-248 -274 12 2
-248 -274 13 2
-247 -275 12 1
-214 -255 37 2
-214 -255 36 2
-214 -255 35 2
-214 -255 34 2
-214 -255 33 2
-206 -279 8 2
-206 -279 9 1
-206 -282 8 1
-206 -281 9 1
-205 -280 10 1
-205 -281 11 0
-239 -264 27 2
-230 -252 13 2
-238 -294 18 1
-203 -286 8 1
-203 -261 9 0
-202 -261 10 0
-240 -276 6 2
-240 -272 4 2
-239 -274 2 1
-201 -256 39 0
-202 -251 39 0
-205 -285 10 1
-205 -285 9 2
-201 -282 8 1
-201 -282 9 2
-205 -286 9 2
-205 -286 8 1
-237 -273 13 1
-241 -263 11 1
-211 -259 44 0
-206 -262 43 0
-207 -259 42 0
-208 -261 43 0
-210 -264 41 0
-210 -258 41 0
-209 -259 41 0
-206 -264 42 0
-235 -276 12 0
-235 -276 5 1
-232 -270 31 0
-221 -257 13 1
-222 -257 15 1
-222 -257 14 1
-222 -257 13 1
-230 -259 31 1
-229 -256 33 0
-230 -257 31 0
-230 -260 33 0
-233 -263 27 2
-205 -274 13 0
-205 -274 11 0
-207 -273 12 0
-206 -274 11 0
-218 -255 7 1
-218 -255 8 1
-216 -253 5 1
-216 -253 4 1
-243 -280 21 0
-239 -279 20 0
-244 -282 20 0
-241 -281 20 0
-210 -259 38 2
-228 -261 1 1
-234 -263 4 1
-224 -260 3 1
-227 -260 2 1
-240 -283 25 2
-240 -283 26 2
-239 -283 27 2
-239 -283 28 2
-241 -284 26 1
-241 -285 27 0
-221 -297 13 1
-221 -296 13 1
-221 -295 13 1
-220 -296 13 1
-203 -259 6 0
-238 -254 28 0
-217 -262 9 0
-217 -261 10 0
-203 -260 32 0
-203 -253 8 1
-224 -251 39 0
-216 -269 7 2
-223 -252 37 0
-204 -252 7 2
-204 -251 5 2
-204 -251 6 2
-237 -278 4 1
-237 -278 6 1
-220 -283 6 1
-219 -282 7 2
-221 -254 39 0
-222 -279 8 1
-232 -265 2 1
-222 -252 37 0
-239 -296 17 0
-237 -285 9 0
-204 -293 14 0
-225 -258 15 1
-238 -298 12 0
-238 -297 13 0
-238 -296 13 0
-234 -290 13 0
-235 -291 13 0
-242 -294 13 0
-234 -297 13 0
-236 -296 13 0
-241 -298 14 0
-240 -297 14 0
-240 -296 14 0
-233 -293 14 1
-234 -293 14 1
-235 -293 14 1
-236 -298 15 0
-236 -290 15 0
-242 -295 15 0
-241 -295 15 0
-234 -295 16 1
-248 -284 6 0
-224 -283 16 0
-250 -286 8 0
-250 -285 7 0
-246 -281 8 1
-247 -281 8 1
-248 -282 6 1
-226 -290 18 0
-248 -285 8 0
-248 -284 7 0
-249 -280 9 0
-249 -281 9 0
-249 -281 8 0
-224 -287 18 0
-225 -283 20 0
-225 -284 19 0
-235 -295 15 0
-236 -294 14 1
-239 -298 16 0
-238 -296 15 0
-238 -295 15 1
-235 -292 17 1
-235 -292 16 0
-224 -278 10 1
-223 -284 8 1
-220 -280 10 0
-203 -280 13 0
-204 -281 16 0
-204 -282 15 0
-223 -288 11 1
-224 -287 12 0
-224 -287 13 0
-249 -255 4 0
-226 -285 13 1
-236 -251 5 1
-224 -285 14 0
-224 -289 14 0
-250 -253 6 0
-250 -252 5 0
-248 -252 4 0
-222 -283 15 0
-224 -288 16 0
-205 -262 41 0
-203 -259 42 0
-211 -258 42 0
-209 -261 42 0
-206 -263 45 0
-208 -258 45 0
-207 -260 46 0
-207 -260 45 0
-209 -264 37 0
-210 -258 40 2
-213 -261 40 0
-209 -261 40 0
-211 -257 39 2
-208 -264 40 0
-221 -279 7 0
-222 -275 7 2
-212 -282 5 1
-212 -282 6 1
-224 -279 4 1
-209 -258 39 2
-208 -265 39 0
-210 -263 40 0
-212 -257 41 0
-205 -256 42 0
-209 -261 41 0
-208 -258 42 0
-209 -261 44 0
-205 -263 38 0
-210 -257 39 2
-207 -265 39 0
-211 -258 41 0
-209 -257 42 0
-208 -264 43 0
-208 -261 41 2
-205 -258 43 0
-218 -266 11 0
-213 -264 11 0
-212 -265 11 0
-217 -262 11 0
-224 -296 16 0
-222 -298 15 0
-202 -287 18 0
-206 -252 11 2
-210 -251 10 2
-207 -286 17 0
-205 -283 16 0
-206 -285 14 0
-208 -284 14 0
-207 -283 12 0
-209 -284 9 2
-209 -284 10 1
-209 -284 11 1
-208 -284 9 2
-208 -284 10 2
-208 -284 11 1
-207 -284 11 1
-240 -253 12 2
-239 -253 13 2
-238 -253 14 1
-236 -251 14 0
-236 -252 14 0
-240 -256 13 2
-231 -253 15 1
-233 -253 13 1
-233 -255 14 1
-233 -255 13 1
-232 -254 14 2
-239 -251 14 0
-238 -252 14 0
-229 -254 6 1
-229 -254 7 1
-229 -254 8 1
-236 -256 15 2
-235 -252 15 0
-240 -254 15 2
-204 -285 10 1
-221 -296 20 0
-213 -262 2 2
-213 -262 1 1
-213 -263 1 1
-213 -288 10 1
-234 -296 22 0
-235 -295 20 0
-236 -291 22 0
-236 -293 20 0
-237 -294 21 0
-245 -259 4 1
-244 -261 2 1
-244 -261 3 1
-235 -266 29 0
-235 -264 30 0
-204 -251 22 2
-204 -251 21 2
-242 -289 12 0
-238 -288 16 0
-241 -292 14 0
-230 -279 18 0
-230 -280 17 0
-206 -295 13 0
-226 -276 19 0
-226 -277 18 0
-227 -280 17 0
-204 -251 11 2
-204 -252 36 2
-204 -252 34 2
-204 -252 33 2
-204 -252 32 2
-201 -277 12 0
-202 -277 12 0
-225 -263 2 2
-218 -269 4 1
-218 -269 3 1
-219 -269 4 1
-220 -268 4 1
-240 -294 22 0
-226 -282 14 0
-224 -280 16 0
-225 -281 16 0
-225 -282 17 0
-222 -285 17 0
-228 -281 17 0
-228 -282 17 0
-222 -281 17 0
-222 -282 17 0
-232 -271 3 1
-231 -270 4 2
-241 -290 18 0
-242 -294 19 0
-234 -293 20 0
-237 -299 20 0
-207 -273 9 1
-210 -251 9 2
-240 -292 12 0
-210 -272 10 0
-206 -272 9 0
-237 -256 12 2
-237 -256 13 2
-237 -255 14 2
-233 -252 12 0
-235 -253 14 0
-219 -276 14 0
-232 -279 8 1
-231 -281 6 1
-232 -278 8 1
-231 -278 6 1
-231 -278 7 1
-231 -278 8 1
-231 -277 6 1
-231 -277 7 2
-231 -276 6 1
-229 -277 12 0
-231 -280 11 0
-230 -281 11 0
-235 -280 10 0
-228 -279 10 1
-232 -279 9 0
-232 -280 9 0
-232 -281 9 0
-234 -280 8 1
-230 -281 6 1
-230 -281 7 1
-230 -281 8 1
-229 -281 6 1
-229 -281 7 1
-229 -281 8 1
-229 -280 6 2
-229 -280 7 2
-229 -280 8 1
-229 -279 6 1
-229 -279 7 1
-229 -279 8 2
-231 -277 9 0
-228 -276 10 1
-227 -278 8 1
-227 -278 9 1
-227 -278 10 2
-227 -277 10 1
-227 -276 10 1
-226 -278 8 1
-228 -279 7 1
-228 -279 8 2
-230 -278 9 1
-229 -279 9 1
-230 -277 9 1
-228 -278 6 1
-230 -275 6 2
-231 -276 5 1
-231 -275 5 1
-230 -276 5 1
-230 -276 6 1
-230 -276 7 1
-230 -275 5 1
-229 -276 5 1
-229 -276 6 1
-229 -275 5 2
-229 -275 6 1
-227 -276 14 0
-226 -275 12 0
-226 -275 13 0
-225 -274 14 0
-229 -279 12 0
-229 -279 13 0
-227 -277 11 1
-226 -277 12 0
-225 -278 12 0
-224 -278 13 0
-227 -273 12 0
-228 -278 11 1
-227 -280 11 0
-226 -276 11 0
-225 -276 11 0
-224 -275 11 0
-225 -280 10 1
-227 -275 10 0
-225 -273 10 0
-226 -278 6 1
-231 -277 5 2
-232 -278 4 1
-232 -277 4 1
-232 -276 4 1
-231 -278 4 1
-245 -283 6 2
-244 -283 5 1
-244 -283 6 2
-244 -281 6 1
-244 -281 7 1
-222 -282 6 1
-222 -280 13 0
-250 -285 5 1
-247 -284 5 1
-245 -284 5 2
-212 -261 8 0
-218 -281 3 1
-217 -279 4 1
-216 -274 5 2
-229 -251 5 1
-206 -276 10 0
-207 -275 10 0
-212 -271 10 1
-211 -273 9 1
-207 -272 11 0
-208 -273 10 0
-237 -283 7 1
-232 -272 15 0
-242 -252 0 1
-242 -252 1 2
-242 -252 2 2
-242 -251 0 1
-242 -251 1 2
-242 -251 2 1
-242 -291 8 1
-222 -251 15 1
-245 -292 10 0
-241 -286 10 0
-240 -285 10 0
-241 -294 9 1
-236 -295 15 0
-231 -299 13 1
-246 -270 1 1
-246 -269 1 1
-246 -269 2 1
-246 -269 3 1
-245 -270 1 1
-245 -269 1 1
-245 -269 2 1
-245 -269 3 1
-240 -271 2 1
-241 -275 13 0
-240 -277 12 0
-241 -257 18 2
-239 -256 19 2
-229 -265 17 0
-229 -264 17 0
-228 -263 17 0
-241 -287 23 0
-244 -280 22 0
-248 -255 2 2
-250 -277 4 2
-219 -272 11 0
-215 -272 10 0
-219 -268 10 0
-205 -285 12 0
-205 -281 14 0
-204 -284 14 0
-201 -283 16 0
-205 -283 11 0
-234 -266 2 1
-233 -265 3 2
-235 -268 5 1
-234 -268 6 2
-231 -264 5 1
-235 -264 7 1
-235 -264 6 1
-206 -253 9 2
-206 -253 8 2
-212 -258 6 2
-212 -258 8 2
-208 -283 7 1
-208 -282 7 1
-217 -262 13 0
-218 -262 13 0
-207 -282 7 1
-207 -281 7 1
-207 -281 8 2
-207 -281 9 1
-206 -282 7 1
-206 -281 7 1
-243 -277 13 0
-243 -277 14 0
-242 -281 12 0
-242 -281 13 0
-241 -282 14 0
-201 -288 14 0
-210 -290 13 0
-208 -290 13 0
-209 -290 13 0
-211 -291 14 0
-214 -292 15 0
-235 -274 16 0
-222 -261 4 0
-219 -270 4 1
-221 -267 5 0
-226 -264 3 2
-227 -265 2 2
-227 -265 3 2
-227 -265 4 1
-238 -251 20 0
-240 -256 20 2
-241 -256 20 2
-236 -258 19 2
-239 -253 19 2
-240 -252 19 0
-241 -252 19 0
-232 -253 19 0
-237 -251 18 0
-234 -257 18 0
-245 -275 4 1
-246 -275 4 1
-245 -274 4 1
-245 -274 3 2
-245 -274 2 1
-246 -274 4 1
-246 -274 3 2
-246 -274 2 2
-247 -274 4 1
-243 -278 3 1
-243 -279 3 1
-243 -280 3 1
-247 -276 5 2
-247 -271 4 2
-247 -272 4 2
-247 -273 4 2
-248 -271 4 1
-248 -272 4 1
-207 -286 8 1
-207 -286 10 2
-213 -296 17 0
-235 -275 15 0
-241 -257 10 1
-241 -258 10 2
-241 -259 10 2
-242 -257 10 2
-249 -286 2 1
-249 -286 3 2
-249 -286 4 2
-248 -286 2 1
-248 -286 3 2
-248 -286 4 2
-248 -285 2 1
-248 -285 3 2
-248 -285 4 1
-248 -284 2 1
-248 -284 3 2
-248 -284 4 1
-201 -253 26 2
-201 -253 27 2
-201 -253 28 2
-201 -253 29 2
-201 -253 30 2
-208 -287 10 2
-201 -253 32 2
-201 -252 11 2
-201 -252 12 2
-201 -252 13 2
-201 -252 14 2
-201 -252 15 2
-201 -252 16 2
-201 -252 17 2
-201 -252 18 2
-201 -252 19 2
-201 -252 20 2
-201 -252 21 2
-207 -287 10 1
-222 -254 18 1
-207 -290 8 1
-223 -295 15 0
-231 -273 15 0
-231 -274 15 0
-234 -281 16 1
-233 -280 15 0
-233 -279 15 0
-202 -286 16 0
-206 -286 15 0
-228 -276 16 0
-234 -275 16 0
-233 -275 16 0
-229 -272 17 0
-210 -251 20 2
-207 -251 18 2
-202 -281 14 0
-212 -251 17 2
-211 -275 10 0
-226 -271 4 1
-209 -251 16 2
-209 -252 16 2
-224 -272 5 1
-203 -279 15 0
-242 -265 30 0
-204 -281 17 0
-246 -271 6 1
-246 -271 5 2
-246 -272 7 2
-246 -272 5 2
-246 -273 7 2
-246 -273 6 2
-233 -256 31 0
-239 -252 30 0
-241 -257 30 0
-202 -258 5 0
-202 -260 5 0
-202 -263 3 2
-202 -263 2 1
-203 -263 4 1
-203 -263 3 1
-203 -263 2 1
-204 -261 3 2
-210 -281 9 1
-210 -280 15 0
-211 -298 15 0
-217 -255 16 0
-217 -254 16 0
-218 -254 16 0
-220 -265 4 1
-222 -264 5 1
-223 -264 4 1
-203 -251 5 1
-202 -258 33 0
-236 -275 8 1
-235 -277 6 1
-235 -277 7 1
-203 -263 26 0
-230 -296 17 0
-230 -297 17 0
-234 -265 30 0
-237 -259 27 2
-227 -265 1 1
-244 -290 16 0
-243 -290 15 0
-241 -289 17 0
-241 -289 16 0
-241 -289 15 0
-230 -264 8 0
-228 -265 7 0
-240 -264 31 0
-241 -264 31 0
-234 -265 31 0
-214 -259 3 1
-214 -259 4 2
-212 -266 1 1
-212 -266 2 1
-230 -254 12 1
-230 -253 12 2
-228 -260 21 0
-227 -266 20 0
-227 -263 21 0
-228 -291 19 0
-208 -290 10 2
-229 -258 10 2
-229 -257 10 2
-235 -259 4 1
-233 -266 5 2
-235 -257 4 2
-215 -255 41 0
-212 -251 40 0
-212 -252 41 0
-213 -253 42 0
-242 -281 7 2
-242 -281 6 2
-243 -280 6 1
-226 -265 2 2
-202 -271 13 0
-211 -280 7 1
-211 -279 6 2
-238 -258 19 2
-238 -257 19 2
-238 -256 20 2
-237 -256 21 2
-233 -253 19 0
-202 -253 32 2
-204 -258 35 0
-239 -282 13 1
-236 -286 11 0
-237 -286 12 1
-242 -285 19 0
-240 -284 22 1
-241 -284 21 1
-244 -282 16 0
-238 -281 16 0
-242 -280 17 0
-242 -281 17 0
-245 -289 17 0
-244 -288 17 0
-246 -282 18 0
-240 -281 18 0
-231 -271 17 0
-236 -269 17 0
-232 -270 15 0
-232 -269 16 0
-236 -290 10 1
-236 -289 8 1
-249 -274 5 2
-249 -274 4 1
-249 -274 3 1
-246 -277 2 1
-246 -278 2 1
-246 -279 2 1
-247 -277 2 1
-247 -278 2 1
-249 -290 7 1
-249 -291 7 1
-249 -292 7 1
-250 -290 7 0
-223 -256 8 1
-222 -258 9 2
-245 -280 3 1
-245 -280 2 1
-250 -290 6 0
-250 -289 6 0
-250 -260 8 0
-249 -271 2 1
-249 -272 2 1
-202 -278 9 1
-209 -284 14 0
-202 -279 8 2
-208 -285 13 0
-209 -287 15 0
-247 -277 5 2
-247 -277 4 1
-247 -278 6 1
-247 -278 4 2
-248 -277 6 1
-248 -277 5 1
-248 -276 4 2
-248 -276 3 1
-248 -276 2 1
-248 -277 3 1
-248 -277 2 1
-248 -278 2 1
-249 -276 2 1
-249 -277 2 1
-250 -276 2 2
-247 -278 5 2
-244 -282 3 1
-241 -284 4 1
-241 -285 4 1
-241 -286 4 1
-249 -288 10 0
-250 -289 9 0
-249 -285 11 0
-243 -282 5 1
-228 -263 8 0
-242 -282 19 0
-245 -284 18 0
-240 -282 18 1
-248 -290 7 1
-248 -291 7 1
-248 -292 7 1
-215 -254 24 2
-247 -292 6 1
-247 -292 5 1
-202 -298 20 0
-237 -265 18 2
-241 -269 17 0
-234 -267 17 0
-222 -298 16 0
-232 -279 14 0
-238 -265 16 1
-228 -263 13 0
-236 -268 24 0
-238 -270 25 0
-232 -254 9 2
-204 -252 27 2
-230 -264 15 0
-233 -265 14 2
-229 -264 11 0
-201 -264 11 0
-234 -265 2 1
-233 -263 14 1
-205 -256 31 2
-205 -256 30 2
-205 -256 29 2
-205 -256 28 2
-205 -256 27 2
-205 -256 26 2
-205 -256 25 2
-205 -257 31 2
-206 -251 38 2
-206 -251 37 2
-206 -251 36 2
-206 -251 35 2
-206 -251 34 2
-206 -251 33 2
-206 -251 32 2
-206 -251 31 2
-206 -251 30 2
-206 -251 29 2
-216 -253 47 0
-209 -281 17 0
-207 -279 15 0
-208 -278 16 0
-209 -283 15 0
-230 -263 21 0
-229 -263 22 0
-222 -262 21 0
-224 -261 22 0
-225 -261 22 0
-230 -257 22 0
-229 -259 22 0
-227 -266 22 0
-227 -265 22 0
-227 -264 22 0
-227 -263 23 0
-224 -258 22 0
-225 -259 23 0
-230 -261 23 0
-223 -264 23 0
-224 -264 23 0
-225 -263 23 0
-225 -262 23 0
-228 -256 23 0
-228 -257 23 0
-230 -291 12 1
-230 -292 14 1
-230 -292 13 1
-238 -296 9 1
-230 -293 14 1
-239 -297 11 1
-244 -256 4 1
-245 -254 5 1
-245 -255 6 1
-231 -293 12 1
-232 -284 13 0
-242 -288 10 0
-240 -288 10 0
-239 -288 9 1
-246 -289 10 0
-243 -293 8 1
-243 -292 8 1
-243 -292 9 1
-243 -291 9 1
-242 -293 7 1
-222 -263 10 0
-234 -288 20 0
-220 -264 8 0
-205 -273 2 1
-209 -251 28 2
-232 -266 12 1
-239 -266 6 2
-214 -279 9 1
-227 -251 17 1
-227 -252 18 1
-227 -252 17 2
-228 -252 17 1
-229 -252 18 1
-229 -252 17 2
-229 -252 16 1
-228 -251 17 2
-208 -290 8 1
-221 -299 11 1
-220 -300 13 1
-204 -267 14 0
-219 -300 13 1
-238 -275 9 1
-217 -274 14 0
-216 -270 14 0
-215 -273 11 0
-215 -274 12 0
-214 -275 14 0
-217 -272 11 0
-218 -272 12 0
-219 -272 12 0
-219 -272 13 0
-213 -271 12 0
-216 -273 10 0
-212 -274 12 0
-219 -274 11 0
-239 -268 15 0
-237 -270 14 1
-234 -268 15 0
-234 -269 15 0
-238 -272 16 0
-238 -272 15 0
-237 -267 17 0
-237 -268 16 0
-236 -269 15 0
-232 -269 17 0
-238 -270 18 0
-238 -270 17 0
-235 -268 18 0
-235 -269 17 0
-237 -272 19 0
-236 -272 18 0
-236 -271 16 0
-234 -271 19 0
-228 -256 19 1
-230 -259 17 0
-231 -259 18 0
-229 -255 17 1
-227 -261 14 0
-226 -261 13 0
-225 -260 10 1
-237 -277 12 0
-209 -251 19 2
-212 -251 20 2
-244 -271 6 1
-243 -273 4 1
-243 -273 5 1
-243 -273 6 1
-243 -272 4 1
-243 -272 6 1
-243 -271 4 2
-243 -271 5 2
-243 -271 6 2
-242 -273 4 1
-242 -273 5 1
-230 -252 6 2
-202 -271 7 0
-247 -252 8 0
-247 -252 7 0
-246 -252 6 0
-213 -260 4 1
-213 -260 3 1
-213 -260 2 2
-213 -261 4 1
-213 -261 3 1
-213 -261 2 2
-212 -260 3 2
-205 -265 2 1
-205 -266 4 1
-205 -266 3 1
-205 -266 2 1
-206 -265 2 1
-206 -266 3 1
-230 -255 17 1
-232 -256 16 0
-218 -253 42 0
-243 -271 1 1
-242 -271 1 1
-234 -291 10 1
-204 -271 11 0
-205 -271 10 0
-214 -260 2 1
-214 -260 4 1
-214 -259 2 1
-230 -263 15 0
-230 -263 16 0
-201 -281 17 0
-226 -296 10 1
-226 -298 12 1
-221 -281 6 1
-221 -277 5 1
-221 -279 6 1
-224 -295 10 1
-207 -271 12 0
-225 -293 11 1
-225 -293 10 1
-225 -294 12 1
-225 -294 11 2
-225 -294 10 1
-225 -295 10 1
-230 -262 15 0
-230 -262 16 0
-229 -261 13 1
-230 -267 12 0
-226 -261 12 0
-238 -281 29 0
-233 -281 27 0
-232 -281 28 0
-232 -280 28 0
-235 -286 28 1
-236 -278 29 0
-231 -283 28 0
-230 -283 28 0
-233 -278 27 0
-217 -253 31 2
-217 -253 30 2
-217 -253 29 2
-217 -253 28 2
-247 -259 14 0
-240 -262 14 2
-244 -254 15 0
-244 -255 15 0
-215 -251 30 2
-215 -251 29 2
-215 -252 37 2
-215 -252 36 2
-215 -252 15 2
-220 -260 0 1
-220 -261 2 2
-220 -261 1 1
-220 -261 0 1
-219 -260 1 2
-219 -265 3 1
-221 -262 3 1
-220 -263 4 0
-219 -263 5 0
-212 -284 11 1
-214 -267 2 1
-214 -268 4 1
-211 -283 12 0
-214 -268 2 1
-217 -260 4 1
-221 -266 4 1
-212 -284 12 0
-211 -284 12 0
-220 -260 5 0
-213 -286 13 1
-230 -259 14 2
-230 -259 13 2
-230 -259 12 1
-202 -251 37 2
-235 -295 27 0
-210 -268 11 0
-249 -278 1 1
-203 -264 2 1
-225 -264 32 0
-226 -260 32 0
-227 -265 33 0
-211 -259 3 1
-204 -294 16 0
-204 -294 17 0
-204 -294 18 0
-206 -296 17 0
-206 -296 18 0
-205 -293 15 0
-205 -293 16 0
-205 -292 17 0
-247 -284 11 0
-249 -285 8 0
-214 -274 9 1
-214 -275 9 0
-211 -278 11 0
-212 -278 10 0
-217 -273 11 0
-217 -274 11 0
-215 -268 1 1
-216 -266 1 1
-216 -267 3 1
-216 -267 1 1
-216 -268 3 1
-216 -268 2 1
-216 -268 1 1
-217 -266 3 1
-217 -266 2 1
-217 -266 1 1
-217 -267 3 1
-204 -257 36 0
-209 -288 12 1
-208 -286 13 0
-208 -287 13 0
-205 -286 15 0
-241 -267 23 0
-240 -267 24 0
-236 -264 24 2
-236 -265 25 2
-240 -271 24 0
-240 -270 25 0
-239 -270 25 0
-204 -295 9 2
-206 -251 11 2
-205 -293 10 1
-205 -293 9 2
-205 -293 8 1
-205 -294 10 1
-227 -283 14 0
-221 -282 14 0
-250 -287 3 1
-250 -287 2 1
-238 -285 5 1
-246 -285 6 1
-245 -287 4 1
-245 -286 4 2
-245 -291 14 0
-245 -286 6 1
-245 -285 4 2
-245 -285 5 2
-245 -285 6 1
-235 -267 35 0
-238 -268 34 0
-238 -268 35 0
-236 -265 34 0
-237 -282 16 0
-242 -285 15 0
-207 -276 3 1
-207 -276 4 1
-207 -276 5 1
-207 -275 3 1
-207 -275 4 1
-207 -275 5 2
-250 -262 8 0
-233 -277 26 0
-233 -276 27 0
-231 -281 27 0
-235 -278 25 0
-236 -278 27 0
-230 -277 26 0
-230 -280 24 0
-230 -280 25 0
-229 -280 25 0
-232 -277 24 0
-232 -276 24 0
-231 -275 24 0
-231 -274 25 0
-232 -282 24 0
-229 -276 11 0
-227 -275 13 0
-228 -277 11 1
-226 -278 12 0
-221 -253 14 2
-221 -253 13 2
-230 -287 15 1
-231 -289 18 0
-232 -289 17 0
-207 -285 9 2
-232 -266 30 0
-207 -285 8 1
-231 -258 28 0
-230 -259 26 1
-234 -258 25 2
-232 -257 27 0
-232 -257 24 0
-220 -257 15 1
-220 -256 15 1
-222 -299 12 1
-207 -278 7 1
-216 -256 16 0
-216 -255 16 0
-211 -281 9 0
-221 -255 16 1
-231 -258 32 0
-233 -260 34 0
-223 -296 19 0
-209 -256 31 2
-209 -256 30 2
-209 -256 29 2
-209 -256 28 2
-233 -260 12 2
-232 -260 10 2
-232 -260 11 2
-232 -260 12 2
-230 -256 6 1
-230 -255 6 1
-230 -254 6 1
-230 -254 7 1
-229 -256 6 1
-229 -256 7 1
-229 -256 8 1
-229 -255 6 1
-229 -255 7 1
-229 -255 8 1
-216 -251 13 2
-216 -257 13 0
-210 -283 8 1
-211 -282 9 0
-221 -256 11 2
-221 -255 11 1
-220 -256 11 2
-220 -254 11 2
-219 -256 11 1
-219 -255 11 1
-219 -254 11 1
-219 -254 12 1
-215 -256 10 1
-215 -256 11 1
-215 -256 12 1
-215 -255 10 1
-235 -267 18 0
-234 -273 18 0
-238 -270 16 0
-214 -254 10 2
-234 -269 16 0
-233 -268 17 0
-237 -274 17 0
-237 -266 17 2
-239 -271 16 0
-222 -253 13 2
-223 -253 15 1
-223 -253 14 2
-223 -253 13 1
-224 -253 15 1
-224 -253 14 1
-224 -253 13 1
-219 -263 3 1
-219 -263 2 2
-219 -263 1 1
-219 -264 1 1
-219 -265 2 1
-201 -257 33 0
-203 -258 32 0
-205 -254 34 2
-235 -268 7 1
-234 -279 16 1
-231 -296 13 1
-240 -288 13 0
-245 -292 14 0
-231 -296 12 1
-230 -300 15 1
-239 -291 13 0
-242 -294 15 0
-203 -252 29 2
-223 -276 7 1
-209 -252 4 1
-202 -260 36 0
-209 -261 9 0
-208 -261 11 0
-208 -263 9 0
-205 -259 36 0
-206 -260 37 0
-201 -262 36 0
-201 -263 36 0
-204 -289 9 2
-204 -289 8 1
-204 -290 10 1
-204 -290 9 2
-204 -259 16 0
-208 -260 16 0
-204 -263 17 0
-204 -262 17 0
-242 -284 26 0
-239 -287 27 0
-236 -285 24 1
-237 -283 26 1
-237 -284 26 1
-238 -284 26 1
-238 -285 26 1
-244 -286 26 0
-243 -281 27 0
-242 -288 26 0
-238 -283 27 1
-245 -283 21 0
-239 -280 26 0
-244 -286 25 0
-205 -254 22 2
-205 -254 21 2
-205 -254 20 2
-205 -254 19 2
-205 -254 18 2
-205 -254 17 2
-205 -254 16 2
-205 -255 39 2
-205 -255 31 2
-205 -255 30 2
-205 -255 29 2
-205 -255 28 2
-205 -255 27 2
-205 -255 26 2
-205 -255 25 2
-205 -255 24 2
-205 -255 23 2
-205 -255 22 2
-205 -255 21 2
-205 -255 20 2
-205 -255 19 2
-214 -253 39 2
-214 -253 40 0
-214 -258 39 0
-214 -258 40 0
-214 -257 40 0
-210 -253 39 2
-217 -254 40 0
-216 -254 40 2
-215 -254 41 0
-224 -254 18 1
-223 -254 16 1
-223 -254 17 2
-223 -254 18 2
-223 -253 17 1
-223 -252 17 1
-218 -253 17 0
-236 -292 17 1
-242 -291 18 0
-222 -252 17 0
-222 -253 16 1
-222 -254 16 1
-223 -255 16 1
-218 -251 15 2
-221 -269 5 0
-221 -270 5 1
-222 -263 5 0
-221 -252 16 0
-223 -263 5 0
-223 -262 5 0
-224 -254 13 1
-224 -254 14 1
-223 -254 13 1
-223 -254 14 1
-233 -263 9 2
-232 -265 9 1
-232 -264 9 2
-232 -263 7 2
-232 -263 9 2
-234 -280 14 0
-228 -272 13 0
-235 -278 12 0
-230 -279 11 0
-230 -275 12 0
-229 -274 11 1
-235 -288 16 0
-241 -283 17 1
-236 -284 17 1
-208 -286 16 0
-208 -291 18 0
-239 -280 8 2
-239 -280 7 1
-229 -283 22 0
-247 -272 1 1
-248 -272 1 1
-249 -272 1 1
-242 -269 4 1
-203 -265 31 0
-203 -278 11 0
-228 -280 20 0
-228 -280 21 0
-237 -264 7 1
-235 -267 7 1
-232 -273 4 1
-209 -258 30 2
-209 -258 31 2
-209 -258 32 2
-209 -258 33 2
-209 -258 34 2
-209 -257 19 2
-209 -257 20 2
-209 -257 21 2
-209 -257 22 2
-209 -257 23 2
-209 -257 24 2
-209 -257 25 2
-209 -257 26 2
-209 -257 27 2
-209 -257 28 2
-209 -257 29 2
-209 -257 30 2
-209 -257 31 2
-209 -257 32 2
-212 -292 14 0
-214 -295 13 0
-216 -292 9 1
-249 -258 2 2
-249 -257 3 1
-210 -288 11 2
-210 -288 10 2
-210 -288 9 1
-211 -288 11 2
-248 -257 5 0
-248 -256 5 0
-212 -288 11 2
-212 -288 10 1
-246 -254 5 0
-250 -251 5 0
-250 -252 4 0
-250 -257 6 0
-250 -255 5 0
-250 -254 5 0
-248 -255 7 0
-211 -291 17 0
-250 -254 7 0
-248 -253 6 0
-204 -259 28 0
-201 -260 30 0
-203 -261 29 0
-212 -287 11 2
-239 -252 1 2
-239 -252 3 1
-201 -280 7 1
-201 -280 8 1
-240 -251 3 1
-201 -279 7 1
-201 -279 8 2
-205 -264 5 2
-205 -265 5 2
-209 -257 4 1
-209 -257 5 1
-209 -256 4 1
-209 -256 5 1
-209 -255 4 1
-209 -255 5 1
-209 -255 6 1
-206 -258 6 1
-207 -261 5 0
-209 -262 4 0
-205 -254 3 1
-201 -276 11 0
-201 -282 11 0
-232 -269 12 0
-232 -269 13 0
-234 -269 10 0
-234 -270 10 0
-205 -294 17 0
-202 -279 9 2
-203 -279 9 2
-203 -279 8 2
-204 -279 10 1
-204 -279 8 2
-204 -282 11 0
-239 -256 32 0
-202 -278 13 0
-206 -285 12 0
-208 -262 41 0
-210 -255 7 1
-206 -264 41 0
-206 -265 42 0
-212 -258 41 0
-209 -253 12 2
-204 -263 40 0
-208 -263 39 0
-208 -264 39 0
-210 -262 39 0
-211 -263 38 0
-207 -260 44 0
-206 -262 42 0
-206 -263 44 0
-210 -260 43 0
-209 -264 43 0
-203 -262 42 0
-210 -259 41 0
-211 -262 42 0
-205 -264 38 0
-208 -259 43 0
-232 -267 4 1
-232 -267 3 1
-232 -267 2 1
-232 -268 3 1
-224 -278 4 1
-236 -277 14 0
-238 -275 13 0
-236 -279 12 0
-236 -280 13 0
-234 -279 11 0
-234 -280 11 0
-233 -281 11 0
-237 -279 10 0
-238 -280 10 0
-231 -279 10 0
-241 -261 5 1
-241 -262 5 1
-242 -263 9 2
-244 -271 9 1
-243 -270 9 1
-243 -269 9 1
-238 -261 10 1
-238 -261 9 1
-219 -275 11 0
-240 -284 8 2
-239 -284 7 1
-234 -295 18 1
-235 -252 10 0
-237 -253 9 1
-239 -255 10 1
-239 -255 9 1
-242 -290 15 0
-243 -288 13 0
-234 -272 14 0
-235 -272 13 0
-227 -276 13 0
-234 -277 13 0
-224 -251 20 0
-218 -251 18 2
-210 -283 12 0
-225 -298 24 0
-225 -297 24 0
-221 -256 19 1
-214 -296 9 1
-219 -252 17 0
-218 -253 18 0
-217 -253 18 0
-216 -253 19 2
-214 -295 11 2
-225 -254 19 1
-225 -253 19 1
-224 -254 19 1
-224 -253 19 1
-223 -254 19 1
-231 -283 24 0
-235 -277 24 0
-237 -276 24 0
-231 -278 23 0
-230 -278 23 0
-233 -275 23 0
-233 -274 23 0
-230 -281 23 0
-229 -282 23 0
-230 -276 22 0
-229 -275 22 0
-234 -277 22 0
-235 -276 22 0
-229 -279 22 0
-237 -280 20 1
-236 -280 20 1
-232 -274 21 0
-232 -281 21 0
-231 -282 20 0
-237 -278 20 1
-232 -278 22 0
-231 -278 21 0
-235 -282 18 1
-235 -281 18 2
-234 -282 18 1
-234 -281 18 1
-233 -283 18 1
-233 -282 18 1
-233 -278 21 0
-233 -277 21 0
-232 -279 21 0
-231 -279 20 0
-234 -279 21 1
-234 -279 20 1
-234 -279 19 1
-233 -277 25 0
-233 -276 26 0
-231 -277 24 0
-230 -277 25 0
-230 -276 25 0
-235 -275 25 0
-229 -280 24 0
-232 -277 23 0
-231 -276 23 0
-231 -274 24 0
-234 -277 23 0
-229 -277 23 0
-228 -277 23 0
-233 -277 22 0
-233 -276 22 0
-233 -275 22 0
-233 -274 22 0
-233 -273 22 0
-231 -280 22 0
-230 -281 22 0
-231 -277 22 0
-231 -276 22 0
-229 -275 21 0
-233 -281 22 0
-235 -276 21 0
-235 -275 21 0
-231 -279 21 0
-230 -279 21 0
-229 -279 21 0
-203 -266 8 0
-204 -267 9 0
-245 -262 10 0
-242 -262 11 0
-248 -262 11 0
-240 -259 12 2
-247 -255 12 0
-210 -277 13 0
-209 -276 12 0
-224 -294 22 0
-224 -294 21 0
-224 -295 21 0
-210 -285 13 0
-224 -295 20 0
-225 -297 20 0
-223 -297 23 0
-223 -297 22 0
-223 -297 21 0
-245 -283 11 0
-245 -284 11 0
-248 -291 11 0
-247 -290 11 0
-240 -286 11 0
-221 -261 4 0
-221 -270 2 1
-221 -270 3 2
-221 -270 4 1
-220 -270 2 1
-220 -270 3 1
-220 -270 4 1
-219 -270 2 1
-219 -270 3 1
-230 -284 17 0
-224 -282 18 0
-224 -283 17 0
-225 -285 17 0
-226 -284 19 0
-227 -287 19 0
-225 -287 19 0
-208 -287 9 2
-208 -288 9 2
-211 -287 12 1
-208 -288 13 0
-207 -288 14 0
-210 -287 16 0
-211 -290 16 0
-208 -288 17 0
-208 -289 16 0
-210 -292 18 0
-209 -286 13 0
-209 -287 13 0
-234 -253 25 0
-212 -258 15 0
-219 -260 15 0
-214 -263 15 0
-214 -262 14 0
-215 -258 15 0
-214 -260 16 0
-236 -254 19 0
-237 -254 20 0
-237 -254 21 0
-239 -255 19 2
-238 -255 21 2
-237 -255 22 2
-235 -256 19 0
-235 -255 21 1
-238 -252 19 0
-238 -252 20 0
-238 -253 21 0
-238 -258 20 2
-238 -257 21 2
-237 -256 22 2
-233 -253 20 0
-235 -254 21 0
-241 -253 20 0
-240 -254 21 0
-239 -254 22 0
-238 -254 22 2
-235 -258 21 2
-236 -251 22 0
-236 -273 26 0
-239 -264 25 2
-233 -268 26 0
-232 -268 25 0
-231 -269 25 0
-235 -264 24 2
-234 -272 24 0
-211 -293 15 0
-210 -295 14 0
-239 -266 28 0
-234 -268 28 0
-231 -267 28 0
-239 -272 28 0
-222 -268 7 0
-220 -262 6 0
-220 -261 6 0
-239 -262 30 0
-235 -259 32 1
-239 -259 33 0
-238 -260 32 0
-239 -261 33 0
-236 -263 31 1
-238 -264 31 0
-240 -263 31 0
-241 -263 31 0
-234 -264 31 0
-233 -264 31 0
-247 -284 2 1
-246 -284 4 2
-209 -252 33 2
-248 -283 2 1
-232 -264 31 0
-248 -283 3 2
-248 -283 10 0
-240 -264 28 0
-245 -286 22 0
-244 -285 21 0
-237 -286 22 0
-238 -286 22 0
-240 -285 21 0
-243 -281 23 0
-243 -281 22 0
-243 -282 22 0
-218 -251 35 2
-218 -251 37 2
-218 -251 38 2
-218 -251 39 2
-239 -283 23 1
-239 -284 23 1
-240 -282 23 1
-240 -283 23 2
-240 -284 23 1
-245 -284 24 0
-244 -284 23 0
-243 -284 22 0
-243 -284 21 0
-243 -270 5 1
-243 -270 7 1
-243 -269 5 1
-248 -286 13 0
-244 -289 14 0
-244 -288 12 0
-245 -284 14 0
-245 -284 13 0
-245 -285 12 0
-245 -285 11 0
-247 -288 14 0
-231 -270 7 1
-232 -269 7 1
-232 -270 7 1
-228 -266 7 0
-225 -271 8 2
-225 -270 8 1
-225 -264 8 0
-231 -268 9 0
-230 -268 8 0
-228 -267 7 0
-246 -260 12 0
-241 -263 14 0
-243 -255 14 2
-218 -259 8 0
-224 -282 3 1
-218 -258 10 0
-217 -258 11 0
-215 -259 10 0
-217 -256 9 0
-217 -256 10 0
-218 -261 9 0
-217 -260 10 0
-217 -259 11 0
-212 -255 8 1
-213 -255 8 2
-213 -256 8 2
-213 -257 10 1
-214 -255 8 2
-237 -253 6 1
-224 -288 9 1
-237 -254 7 1
-206 -259 3 1
-237 -255 7 2
-238 -257 9 1
-238 -256 9 1
-238 -256 10 1
-238 -255 9 1
-228 -265 10 0
-250 -280 1 1
-231 -291 12 1
-231 -291 13 2
-231 -291 14 1
-231 -290 12 1
-231 -290 13 1
-231 -290 14 1
-233 -289 15 0
-231 -286 13 2
-232 -287 12 1
-232 -287 13 1
-232 -287 14 1
-232 -286 13 1
-232 -286 14 1
-232 -285 12 1
-232 -285 13 1
-232 -285 14 1
-231 -287 12 1
-231 -287 13 2
-231 -287 14 2
-231 -286 12 1
-231 -286 14 1
-231 -285 12 1
-231 -285 13 1
-231 -285 14 1
-230 -287 12 1
-230 -287 13 1
-230 -287 14 1
-230 -286 12 1
-210 -291 14 0
-238 -270 24 0
-236 -267 22 0
-236 -266 24 0
-235 -270 23 0
-222 -282 13 0
-220 -281 12 0
-224 -289 12 1
-226 -282 12 0
-232 -257 14 2
-233 -251 13 0
-220 -289 9 1
-244 -278 5 2
-207 -299 9 1
-203 -294 11 1
-207 -294 12 1
-240 -271 30 0
-206 -294 12 1
-208 -292 11 1
-208 -292 10 2
-208 -292 9 1
-230 -262 1 2
-242 -267 29 0
-240 -266 33 0
-231 -262 1 2
-241 -267 29 0
-232 -262 2 1
-232 -262 1 1
-227 -264 1 1
-233 -263 4 2
-209 -292 9 1
-209 -293 11 1
-226 -298 18 0
-232 -277 16 0
-201 -284 9 2
-201 -284 10 1
-202 -261 3 2
-221 -287 17 0
-226 -283 17 0
-202 -261 2 1
-202 -256 4 1
-209 -254 26 2
-209 -254 27 2
-209 -254 28 2
-209 -254 29 2
-209 -254 30 2
-230 -257 18 1
-230 -255 16 1
-231 -255 17 0
-231 -252 17 0
-222 -271 2 1
-222 -271 3 1
-230 -299 11 1
-212 -264 11 0
-213 -258 10 1
-213 -258 11 1
-212 -258 11 2
-211 -258 11 2
-241 -260 24 2
-210 -270 10 0
-244 -291 8 1
-243 -260 31 0
-243 -259 31 0
-246 -263 31 0
-246 -258 30 0
-244 -262 28 0
-245 -263 27 0
-242 -258 26 0
-243 -261 25 0
-213 -277 9 0
-219 -276 9 0
-241 -261 33 0
-244 -260 31 0
-243 -265 32 0
-246 -262 31 0
-240 -256 31 0
-245 -257 28 0
-238 -269 26 1
-237 -269 25 1
-237 -268 24 0
-208 -251 8 2
-208 -252 8 2
-203 -253 35 2
-221 -253 19 0
-204 -258 42 0
-205 -255 41 0
-206 -260 39 0
-206 -261 39 0
-206 -256 38 2
-242 -255 24 0
-241 -255 24 0
-240 -255 24 0
-239 -255 24 2
-233 -258 24 0
-215 -290 10 1
-216 -290 10 1
-214 -265 6 1
-214 -265 7 1
-217 -261 7 0
-218 -261 7 0
-219 -260 7 0
-216 -264 6 0
-217 -265 6 1
-217 -266 6 1
-218 -267 7 1
-215 -260 6 1
-220 -263 6 0
-215 -266 5 1
-235 -277 18 1
-232 -300 16 0
-231 -296 16 0
-226 -295 17 0
-234 -279 18 1
-227 -294 19 0
-227 -295 19 0
-202 -266 13 0
-201 -266 14 0
-204 -267 13 0
-203 -265 11 0
-203 -264 12 0
-225 -251 5 1
-226 -251 5 1
-250 -260 5 0
-249 -262 3 1
-249 -261 3 1
-248 -262 4 0
-248 -261 4 0
-248 -260 4 0
-218 -251 33 2
-218 -251 34 2
-201 -297 19 0
-218 -255 41 0
-219 -256 41 0
-215 -252 42 0
-215 -251 41 0
-217 -253 41 0
-218 -252 40 2
-219 -252 40 0
-213 -252 41 0
-212 -252 40 0
-212 -252 39 2
-216 -255 41 0
-216 -256 40 0
-217 -256 39 0
-216 -251 40 0
-214 -254 40 2
-213 -255 38 2
-217 -254 39 0
-217 -254 38 0
-215 -253 40 2
-215 -252 38 2
-216 -253 44 0
-216 -253 45 0
-215 -253 46 0
-215 -253 47 0
-215 -253 48 0
-217 -254 46 0
-243 -258 14 0
-245 -259 11 0
-245 -259 12 0
-246 -260 14 0
-244 -256 13 2
-244 -259 11 0
-243 -261 13 0
-246 -258 11 0
-247 -258 12 0
-248 -257 13 0
-242 -256 12 2
-241 -256 12 2
-245 -259 10 0
-245 -260 11 0
-245 -261 12 0
-239 -286 21 0
-238 -287 21 0
-214 -276 9 0
-235 -267 8 1
-201 -263 22 0
-202 -273 8 0
-201 -276 13 0
-235 -273 6 1
-235 -274 8 1
-205 -264 4 2
-239 -269 31 0
-232 -270 32 0
-237 -290 20 0
-213 -284 12 1
-227 -259 18 1
-203 -261 1 1
-203 -262 1 1
-219 -274 8 1
-216 -273 9 1
-221 -272 9 0
-240 -264 5 1
-240 -263 5 1
-240 -262 5 1
-239 -264 5 1
-239 -263 5 1
-239 -262 5 1
-213 -255 44 0
-211 -255 37 2
-212 -255 38 2
-214 -257 38 0
-214 -256 39 0
-213 -256 41 0
-213 -253 38 2
-213 -254 39 2
-213 -254 40 2
-212 -255 41 0
-213 -259 39 0
-213 -258 40 0
-210 -255 40 2
-216 -255 39 0
-215 -255 40 2
-214 -255 41 0
-214 -256 41 0
-211 -252 40 0
-211 -253 40 0
-211 -253 41 0
-212 -254 41 0
-216 -259 40 0
-214 -258 41 0
-215 -252 41 0
-215 -253 41 0
-212 -259 42 0
-214 -255 43 0
-209 -253 44 0
-209 -254 44 0
-244 -268 12 1
-242 -269 14 0
-243 -269 8 1
-241 -269 11 0
-240 -269 11 0
-242 -269 13 0
-243 -268 4 1
-245 -270 7 1
-245 -266 9 2
-245 -267 9 1
-245 -268 9 1
-245 -268 8 1
-245 -268 7 1
-245 -269 7 1
-245 -269 11 1
-242 -269 11 1
-243 -269 11 1
-244 -267 11 1
-244 -267 10 2
-244 -268 11 1
-244 -269 11 1
-244 -269 9 1
-242 -264 11 2
-248 -271 11 1
-248 -271 12 2
-225 -270 6 1
-224 -272 4 1
-217 -273 9 1
-225 -286 16 0
-223 -284 15 0
-229 -284 15 0
-239 -263 27 2
-243 -265 29 0
-242 -265 29 0
-241 -265 29 0
-240 -261 32 0
-242 -264 26 0
-242 -267 31 0
-237 -265 34 0
-243 -266 29 0
-242 -268 31 0
-241 -267 31 0
-241 -265 33 0
-239 -267 34 0
-237 -292 15 0
-224 -290 11 1
-226 -259 33 0
-226 -262 31 0
-229 -265 30 0
-207 -293 17 0
-248 -252 12 0
-236 -267 6 1
-236 -267 5 2
-248 -256 4 0
-246 -256 4 1
-249 -257 4 0
-249 -257 6 0
-249 -260 7 0
-249 -258 4 0
-249 -256 8 0
-249 -256 9 0
-249 -256 10 0
-248 -258 8 0
-247 -254 8 0
-248 -258 5 0
-247 -258 1 1
-247 -258 2 2
-247 -258 3 1
-250 -257 7 0
-247 -256 6 0
-248 -259 6 0
-247 -259 2 2
-248 -254 9 0
-249 -252 9 0
-231 -290 20 0
-231 -287 18 1
-240 -287 19 0
-209 -284 7 1
-234 -286 18 1
-233 -285 19 0
-240 -285 18 1
-240 -285 19 1
-240 -284 18 1
-208 -284 7 1
-240 -283 19 2
-239 -285 19 1
-239 -283 17 2
-239 -283 18 2
-204 -279 12 0
-203 -254 9 1
-205 -280 14 0
-204 -272 11 0
-203 -279 16 0
-229 -273 16 0
-205 -282 17 0
-203 -282 14 0
-201 -280 17 0
-203 -284 18 0
-223 -278 7 2
-218 -281 9 1
-207 -289 8 1
-218 -281 11 0
-217 -280 12 0
-216 -280 12 0
-221 -280 11 0
-244 -258 13 0
-243 -258 15 2
-245 -259 13 0
-246 -259 14 0
-244 -256 14 0
-243 -260 13 0
-242 -261 14 0
-236 -279 26 0
-236 -280 26 1
-232 -282 27 0
-233 -282 26 1
-234 -288 27 0
-234 -287 27 0
-234 -279 28 0
-234 -280 27 0
-231 -285 28 0
-238 -279 29 0
-237 -280 28 0
-237 -281 28 0
-236 -286 28 1
-232 -281 29 0
-234 -282 27 0
-213 -266 4 1
-237 -267 7 1
-201 -253 40 0
-233 -275 8 1
-213 -293 12 1
-234 -268 9 0
-235 -264 12 2
-235 -264 11 2
-235 -264 10 1
-237 -264 17 2
-232 -272 17 0
-249 -251 11 0
-249 -252 11 0
-248 -253 10 0
-216 -274 6 2
-214 -268 5 1
-214 -268 6 1
-214 -268 7 2
-241 -291 18 0
-242 -290 18 0
-233 -292 18 0
-240 -296 17 0
-235 -295 17 1
-234 -296 17 0
-235 -290 16 0
-238 -298 16 0
-235 -293 16 1
-233 -294 15 0
-237 -289 15 0
-236 -296 15 0
-236 -297 14 0
-239 -296 13 0
-236 -294 21 0
-236 -294 22 0
-238 -294 20 0
-244 -261 30 0
-244 -265 31 0
-243 -265 31 0
-243 -263 33 0
-242 -263 32 0
-241 -265 34 0
-207 -297 11 1
-207 -297 10 2
-207 -297 9 2
-207 -298 11 1
-207 -298 10 2
-207 -298 9 1
-201 -285 16 0
-201 -285 17 0
-225 -254 11 1
-201 -283 14 0
-212 -257 16 2
-212 -257 17 2
-212 -257 18 2
-212 -257 19 2
-212 -257 20 2
-212 -257 21 2
-212 -257 22 2
-222 -251 37 0
-212 -257 23 2
-212 -257 24 2
-212 -257 25 2
-212 -257 26 2
-212 -257 27 2
-212 -257 28 2
-212 -257 29 2
-212 -257 30 2
-212 -257 31 2
-212 -257 32 2
-212 -257 33 2
-212 -257 34 2
-212 -257 35 2
-212 -257 36 2
-212 -257 37 2
-212 -257 38 2
-212 -256 16 2
-212 -256 17 2
-212 -256 18 2
-250 -267 15 0
-250 -268 16 1
-249 -265 13 0
-250 -265 11 0
-248 -262 9 0
-247 -271 8 1
-247 -271 9 2
-246 -271 8 2
-246 -271 9 2
-246 -270 8 1
-250 -263 8 0
-248 -266 16 0
-249 -264 15 0
-249 -264 16 0
-246 -264 15 0
-250 -265 13 0
-250 -261 12 0
-231 -251 11 1
-230 -251 11 1
-229 -253 11 2
-229 -251 11 2
-232 -251 11 0
-230 -252 10 2
-232 -252 7 1
-233 -276 20 0
-233 -275 20 0
-233 -274 20 0
-233 -273 20 0
-230 -280 20 0
-229 -280 20 0
-229 -281 20 0
-229 -254 10 1
-229 -254 11 1
-229 -253 10 1
-231 -276 20 0
-234 -275 19 0
-231 -278 20 0
-228 -252 7 1
-228 -251 7 1
-236 -280 18 1
-227 -252 7 1
-227 -251 7 1
-241 -259 20 2
-242 -257 19 2
-242 -256 20 0
-248 -288 10 0
-248 -289 11 0
-214 -290 17 0
-230 -264 4 1
-233 -269 3 2
-233 -269 4 1
-233 -268 2 1
-224 -261 9 0
-237 -293 17 1
-238 -293 15 1
-202 -267 6 1
-240 -274 9 0
-234 -275 10 1
-233 -259 7 1
-233 -258 5 1
-233 -258 6 1
-235 -274 10 1
-240 -269 10 1
-211 -292 17 0
-248 -257 3 1
-227 -276 6 1
-227 -275 4 1
-227 -275 5 1
-227 -275 6 1
-227 -274 4 1
-227 -274 5 1
-227 -274 6 1
-230 -292 18 0
-239 -258 13 2
-240 -251 13 0
-239 -252 13 0
-234 -258 15 2
-234 -259 15 2
-234 -260 15 2
-206 -278 12 0
-211 -279 13 0
-210 -279 13 0
-235 -260 15 2
-235 -260 14 2
-236 -258 15 2
-236 -259 15 2
-236 -260 15 2
-236 -260 14 2
-239 -270 13 1
-235 -251 13 0
-213 -260 13 0
-214 -260 13 0
-210 -298 16 0
-210 -297 16 0
-209 -297 14 0
-211 -297 11 1
-211 -297 10 2
-242 -279 14 0
-218 -254 20 0
-211 -298 9 1
-210 -298 12 1
-210 -299 12 1
-210 -296 12 1
-213 -294 11 2
-213 -294 10 2
-206 -251 14 2
-208 -253 9 2
-210 -251 13 2
-210 -251 14 2
-207 -251 12 2
-210 -251 15 2
-207 -251 13 2
-212 -251 12 2
-222 -266 7 0
-227 -263 2 2
-244 -274 8 0
-245 -278 8 2
-243 -276 5 1
-215 -259 13 0
-238 -271 13 2
-232 -270 13 0
-237 -268 14 0
-232 -266 13 1
-233 -267 14 0
-241 -270 14 0
-239 -274 15 0
-238 -273 15 0
-240 -267 15 0
-238 -268 15 0
-237 -269 15 0
-234 -265 16 0
-234 -266 16 0
-213 -259 16 0
-213 -258 15 0
-233 -271 16 0
-217 -273 4 2
-236 -268 15 0
-237 -273 17 0
-230 -272 15 0
-249 -267 7 1
-250 -260 6 0
-203 -251 8 2
-223 -288 18 0
-218 -251 20 2
-218 -255 17 0
-215 -255 17 0
-214 -255 18 2
-233 -300 18 0
-234 -299 18 0
-239 -265 19 0
-225 -257 17 2
-225 -257 19 1
-225 -256 17 1
-223 -256 19 1
-217 -251 16 2
-218 -255 16 0
-218 -256 16 0
-217 -258 16 0
-220 -257 16 1
-219 -257 15 1
-218 -255 15 0
-229 -276 17 0
-235 -270 17 0
-234 -271 16 0
-234 -273 15 0
-230 -272 18 0
-236 -274 17 0
-233 -264 6 2
-232 -265 6 1
-231 -266 6 1
-232 -291 16 0
-233 -291 17 0
-231 -297 17 0
-233 -295 17 0
-238 -298 18 0
-242 -252 6 2
-243 -253 5 2
-243 -253 6 2
-243 -253 7 2
-243 -252 5 2
-243 -252 6 2
-243 -252 7 2
-243 -251 5 1
-243 -251 6 1
-243 -251 7 1
-242 -253 5 1
-242 -253 6 1
-246 -270 3 1
-246 -270 2 1
-247 -270 3 1
-247 -270 2 1
-246 -269 6 1
-246 -269 5 1
-246 -269 4 1
-213 -263 6 0
-214 -264 6 0
-215 -265 6 1
-228 -278 21 0
-226 -283 21 0
-229 -280 18 0
-230 -280 19 0
-211 -292 18 0
-210 -291 17 0
-212 -291 17 0
-231 -259 10 1
-231 -260 10 2
-237 -258 8 1
-237 -259 8 1
-237 -260 8 1
-211 -290 9 1
-216 -264 2 1
-239 -282 26 1
-242 -288 27 0
-242 -282 25 0
-237 -285 26 1
-245 -286 26 0
-240 -287 25 0
-244 -282 25 0
-244 -270 3 1
-244 -270 2 1
-246 -284 23 0
-242 -259 10 1
-242 -293 23 0
-235 -292 23 0
-239 -297 22 0
-242 -295 21 0
-237 -299 21 0
-239 -296 20 0
-215 -267 13 0
-215 -266 13 0
-212 -270 11 0
-219 -266 10 0
-212 -268 10 1
-216 -270 9 0
-218 -273 10 0
-218 -300 16 0
-221 -296 15 0
-221 -296 16 0
-223 -295 16 0
-221 -299 15 0
-220 -292 15 0
-222 -297 15 0
-223 -297 15 0
-224 -297 14 0
-219 -299 14 0
-219 -300 14 0
-221 -295 14 0
-222 -293 14 0
-220 -253 17 0
-227 -263 30 0
-230 -264 30 0
-246 -285 14 0
-244 -288 15 0
-228 -261 24 0
-230 -265 26 0
-226 -261 27 0
-227 -266 27 0
-224 -262 28 0
-228 -266 30 0
-242 -292 10 1
-239 -265 5 1
-239 -265 6 1
-239 -265 7 1
-237 -268 7 1
-237 -272 7 1
-239 -273 6 1
-238 -269 5 1
-239 -269 5 1
-236 -273 4 2
-237 -274 3 1
-237 -274 4 2
-238 -251 18 0
-237 -253 19 0
-238 -258 18 2
-222 -295 12 1
-220 -298 20 0
-236 -264 19 2
-250 -251 2 1
-250 -251 1 2
-250 -251 0 1
-234 -266 21 0
-226 -296 24 0
-226 -297 24 0
-227 -298 26 0
-223 -265 5 1
-223 -265 4 2
-219 -285 7 1
-238 -255 1 1
-238 -255 0 1
-239 -254 0 1
-236 -259 34 1
-236 -259 35 0
-201 -251 6 2
-201 -292 14 0
-202 -292 13 0
-235 -255 25 1
-222 -253 8 2
-222 -253 9 2
-222 -252 7 2
-222 -252 8 2
-222 -252 9 2
-220 -251 9 1
-219 -251 8 1
-204 -270 8 0
-204 -269 8 0
-203 -269 8 0
-203 -268 9 0
-203 -267 9 0
-204 -274 8 1
-203 -276 9 1
-201 -270 8 1
-205 -269 7 1
-205 -268 7 1
-205 -267 7 1
-205 -266 8 0
-203 -272 7 0
-202 -273 7 1
-203 -270 7 0
-202 -268 7 0
-201 -268 7 0
-248 -272 7 1
-248 -272 5 1
-248 -272 6 1
-248 -271 5 1
-248 -271 6 1
-243 -274 6 0
-242 -281 3 1
-242 -280 3 1
-242 -279 3 1
-241 -281 3 1
-241 -280 3 1
-240 -281 3 1
-240 -280 3 1
-245 -279 2 1
-245 -278 2 1
-244 -280 2 1
-244 -280 3 1
-244 -279 2 1
-244 -278 2 2
-245 -272 3 2
-216 -259 5 1
-216 -259 6 1
-225 -299 25 0
-226 -299 24 0
-235 -268 22 0
-234 -285 18 1
-202 -297 19 0
-234 -285 17 1
-201 -300 17 1
-217 -253 44 0
-211 -255 43 0
-215 -258 43 0
-216 -259 43 0
-213 -253 43 0
-213 -252 43 0
-226 -282 18 0
-225 -296 12 1
-228 -298 18 1
-228 -295 21 0
-226 -300 20 0
-225 -296 20 0
-222 -300 15 0
-231 -296 17 0
-219 -287 13 1
-222 -291 15 0
-220 -288 16 0
-206 -275 6 2
-222 -288 17 0
-221 -284 17 0
-221 -285 17 0
-225 -285 20 0
-234 -299 15 0
-249 -257 0 1
-249 -257 1 1
-249 -256 0 1
-249 -256 1 2
-249 -256 2 2
-248 -257 0 1
-248 -257 1 1
-233 -257 32 0
-240 -252 32 0
-238 -254 31 0
-215 -285 11 1
-235 -254 32 0
-241 -255 33 0
-237 -253 34 0
-237 -254 33 0
-237 -254 32 0
-239 -257 34 0
-236 -256 34 0
-205 -271 4 1
-205 -271 2 1
-205 -272 3 2
-205 -272 2 1
-241 -270 32 0
-235 -266 31 0
-235 -265 31 0
-236 -271 31 0
-235 -272 31 0
-235 -273 31 0
-238 -267 30 0
-250 -287 11 0
-249 -287 10 0
-242 -287 11 0
-243 -287 11 0
-244 -287 10 0
-244 -286 10 0
-248 -282 11 0
-228 -274 11 1
-229 -274 12 0
-237 -294 15 1
-237 -294 16 1
-223 -286 11 1
-223 -286 10 1
-223 -286 9 1
-223 -287 11 1
-223 -287 9 1
-223 -288 10 1
-223 -288 9 1
-224 -287 11 1
-237 -262 31 1
-210 -252 19 2
-208 -253 10 2
-209 -255 10 2
-209 -254 10 2
-206 -257 8 1
-205 -256 16 0
-207 -256 12 0
-208 -256 13 2
-209 -256 14 2
-209 -256 15 2
-207 -254 13 2
-207 -253 13 2
-208 -253 14 2
-208 -257 12 0
-208 -255 12 2
-210 -254 12 2
-208 -257 11 0
-247 -292 4 1
-248 -292 6 1
-248 -292 5 1
-248 -292 4 1
-249 -292 6 1
-249 -292 5 1
-249 -292 4 1
-213 -255 15 2
-234 -270 12 0
-233 -270 10 0
-231 -269 13 0
-232 -271 10 1
-245 -277 7 1
-215 -280 11 0
-220 -275 12 0
-205 -259 4 1
-202 -261 5 1
-202 -262 6 1
-248 -288 2 1
-249 -288 2 1
-250 -288 2 1
-244 -284 2 1
-244 -285 2 1
-244 -286 2 1
-250 -288 5 1
-250 -288 3 2
-250 -289 5 1
-250 -289 4 2
-250 -289 3 1
-250 -290 5 1
-250 -290 4 2
-250 -290 3 1
-249 -289 6 1
-250 -288 6 1
-248 -282 8 0
-250 -283 1 1
-248 -262 14 0
-249 -267 13 1
-250 -267 13 1
-239 -272 20 0
-245 -263 13 0
-241 -286 6 1
-241 -286 5 1
-241 -287 7 1
-241 -287 6 1
-241 -287 5 1
-242 -285 7 1
-242 -286 7 2
-233 -251 24 0
-237 -256 24 2
-214 -275 15 0
-215 -273 15 0
-214 -275 12 0
-213 -277 11 0
-221 -277 7 1
-233 -276 17 0
-205 -269 4 2
-206 -268 6 1
-204 -276 6 1
-204 -277 8 2
-204 -257 40 0
-206 -259 40 2
-206 -259 41 0
-206 -257 38 2
-208 -257 40 2
-205 -259 38 0
-205 -261 39 0
-206 -254 39 2
-208 -259 38 2
-209 -259 39 2
-207 -256 37 2
-208 -256 38 2
-209 -255 38 2
-207 -262 37 0
-206 -258 37 2
-207 -258 37 2
-208 -258 36 2
-209 -258 36 2
-205 -261 36 0
-207 -255 36 2
-207 -259 36 2
-204 -255 35 2
-207 -257 35 2
-204 -256 32 2
-203 -258 42 0
-205 -251 34 2
-205 -251 35 2
-205 -251 36 2
-212 -261 4 1
-212 -260 2 2
-212 -260 4 2
-212 -259 2 1
-212 -259 3 1
-212 -259 4 2
-211 -261 2 2
-211 -260 2 2
-211 -259 2 1
-211 -266 1 1
-211 -266 2 1
-211 -266 3 2
-211 -265 1 1
-226 -264 26 0
-226 -265 26 0
-226 -266 26 0
-224 -260 25 0
-223 -260 26 0
-230 -265 25 0
-232 -271 23 0
-234 -266 23 0
-236 -272 22 0
-236 -273 22 0
-239 -264 22 0
-233 -268 22 0
-232 -268 22 0
-231 -269 22 0
-235 -264 21 2
-234 -272 21 0
-246 -259 2 2
-246 -259 1 1
-246 -260 3 1
-234 -264 26 2
-235 -273 26 0
-231 -267 25 0
-239 -272 25 0
-232 -271 24 0
-234 -266 24 0
-233 -265 24 0
-236 -272 23 0
-236 -273 23 0
-239 -264 23 0
-233 -268 23 0
-232 -268 23 0
-231 -269 23 0
-234 -272 22 0
-246 -260 2 1
-246 -260 1 1
-234 -264 27 2
-235 -272 27 0
-231 -267 26 0
-239 -272 26 0
-237 -264 26 2
-232 -271 25 0
-234 -266 25 0
-233 -265 25 0
-233 -264 25 0
-236 -272 25 0
-236 -273 24 0
-232 -268 24 0
-231 -269 24 0
-234 -272 23 0
-247 -259 3 1
-247 -259 1 1
-244 -263 10 1
-216 -269 5 1
-206 -298 15 1
-235 -272 28 0
-234 -268 27 0
-247 -281 15 0
-241 -280 14 0
-242 -279 13 0
-244 -277 12 0
-213 -255 20 2
-248 -267 6 2
-247 -285 19 0
-246 -285 19 0
-245 -285 19 0
-244 -285 19 0
-238 -288 19 0
-242 -280 19 0
-225 -272 10 1
-225 -272 8 1
-226 -271 10 1
-226 -272 10 1
-225 -269 11 0
-226 -269 11 0
-229 -269 10 0
-225 -272 12 0
-226 -268 13 0
-245 -281 15 0
-244 -281 16 0
-247 -283 16 0
-245 -279 15 0
-245 -279 16 0
-245 -282 13 0
-244 -283 15 0
-247 -285 14 0
-250 -283 13 0
-244 -277 13 0
-249 -283 10 0
-249 -280 8 1
-228 -270 15 0
-225 -271 9 1
-226 -271 9 2
-227 -269 13 0
-228 -269 12 0
-228 -270 12 0
-230 -268 15 0
-227 -270 13 0
-230 -269 14 0
-229 -271 13 0
-226 -271 11 0
-227 -271 11 0
-228 -270 13 0
-229 -272 16 0
-232 -276 8 1
-227 -271 9 1
-229 -275 10 1
-226 -273 10 1
-231 -278 10 0
-227 -276 11 0
-226 -272 12 0
-227 -272 12 0
-227 -274 13 0
-227 -271 15 0
-228 -271 14 0
-230 -270 16 0
-244 -282 15 0
-243 -282 16 0
-246 -283 16 0
-244 -280 14 0
-244 -280 15 0
-244 -279 16 0
-243 -283 14 0
-247 -281 14 0
-241 -280 15 0
-246 -286 14 0
-213 -256 23 2
-246 -279 14 0
-247 -286 12 0
-213 -256 26 2
-213 -256 27 2
-213 -256 28 2
-213 -256 29 2
-213 -256 30 2
-213 -256 31 2
-235 -281 9 0
-231 -276 9 1
-230 -277 8 1
-209 -262 44 0
-234 -278 8 1
-233 -279 8 1
-233 -280 7 1
-234 -278 7 1
-234 -278 9 1
-233 -277 6 2
-234 -278 5 1
-234 -278 6 1
-234 -277 5 1
-233 -278 5 1
-233 -278 6 1
-233 -278 7 1
-233 -277 5 1
-233 -277 7 1
-232 -278 5 1
-232 -278 6 1
-210 -257 44 0
-205 -262 43 0
-210 -262 42 0
-211 -262 43 0
-210 -259 42 0
-211 -259 42 0
-212 -261 41 0
-211 -257 40 2
-207 -261 43 0
-207 -261 44 0
-207 -261 45 0
-207 -261 46 0
-209 -262 46 0
-208 -259 44 0
-209 -256 41 0
-213 -261 41 0
-211 -260 39 0
-207 -265 42 0
-211 -265 42 0
-208 -263 41 0
-206 -264 39 0
-210 -262 46 0
-209 -260 43 0
-207 -265 43 0
-207 -263 40 0
-209 -264 38 0
-209 -265 44 0
-229 -274 7 1
-210 -264 42 0
-209 -257 41 0
-211 -263 40 0
-208 -266 40 0
-208 -259 45 0
-207 -263 44 0
-211 -258 40 2
-238 -298 13 0
-234 -297 14 0
-235 -296 14 0
-236 -296 14 0
-236 -295 14 1
-237 -297 15 0
-237 -296 15 0
-242 -295 16 0
-239 -298 17 0
-236 -292 16 0
-236 -296 18 0
-237 -294 19 1
-223 -283 11 1
-223 -283 10 1
-223 -283 9 1
-224 -283 10 1
-224 -283 9 1
-224 -281 9 0
-224 -282 10 0
-220 -283 9 1
-221 -283 10 1
-222 -283 11 1
-225 -282 11 1
-225 -283 10 1
-225 -283 9 1
-213 -266 9 1
-213 -260 8 0
-214 -259 8 0
-208 -256 29 2
-208 -256 30 2
-208 -256 31 2
-208 -256 32 2
-208 -256 33 2
-208 -256 35 2
-208 -255 17 2
-208 -255 18 2
-247 -255 10 0
-247 -256 10 0
-233 -269 9 0
-217 -297 19 0
-241 -271 6 1
-241 -270 6 1
-241 -269 5 1
-241 -269 6 1
-241 -269 7 1
-240 -269 5 1
-240 -269 6 2
-238 -273 7 1
-240 -274 6 1
-236 -266 4 1
-236 -265 4 1
-237 -271 7 1
-238 -271 7 2
-240 -270 5 1
-238 -275 4 2
-239 -276 3 2
-239 -276 4 1
-239 -276 5 2
-239 -275 3 2
-239 -275 4 2
-231 -267 23 0
-203 -260 40 0
-203 -260 41 0
-207 -257 39 2
-206 -262 40 0
-234 -297 20 0
-235 -297 20 0
-239 -291 20 0
-240 -297 20 0
-233 -293 21 0
-238 -256 23 2
-238 -257 22 2
-238 -258 21 2
-238 -252 21 0
-236 -255 23 1
-236 -255 22 1
-235 -256 20 0
-238 -255 22 2
-239 -255 20 2
-237 -255 23 2
-237 -254 22 0
-236 -254 20 0
-234 -253 26 0
-238 -252 25 0
-239 -251 26 0
-234 -256 25 1
-241 -256 25 0
-235 -251 25 0
-213 -259 12 1
-241 -296 10 1
-241 -296 11 1
-240 -296 9 1
-243 -256 28 0
-244 -259 29 0
-244 -257 30 0
-240 -257 33 0
-246 -282 4 2
-246 -282 3 2
-246 -282 2 1
-211 -256 18 2
-211 -256 17 2
-211 -256 16 2
-211 -257 38 2
-211 -257 37 2
-211 -257 36 2
-211 -257 35 2
-211 -257 34 2
-211 -257 33 2
-211 -257 32 2
-211 -257 31 2
-211 -257 30 2
-211 -257 29 2
-211 -257 28 2
-211 -257 27 2
-211 -257 26 2
-211 -257 25 2
-208 -294 15 0
-207 -292 14 0
-210 -299 14 0
-250 -256 7 0
-209 -296 16 0
-209 -296 17 0
-210 -294 16 0
-249 -252 7 0
-210 -293 16 0
-212 -292 15 0
-208 -292 14 0
-211 -291 12 1
-214 -293 10 2
-211 -258 35 2
-211 -258 34 2
-211 -258 33 2
-211 -258 32 2
-211 -258 31 2
-211 -258 30 2
-206 -290 18 0
-209 -265 18 0
-210 -264 16 0
-211 -260 18 0
-211 -261 17 0
-213 -264 18 0
-212 -264 17 0
-210 -263 19 0
-210 -263 18 0
-210 -263 17 0
-210 -262 12 0
-210 -266 11 0
-211 -264 12 0
-207 -263 12 0
-210 -263 13 0
-212 -268 12 0
-212 -266 13 0
-212 -265 13 0
-208 -259 13 0
-209 -260 13 0
-208 -266 13 0
-204 -254 27 2
-204 -254 26 2
-202 -290 14 0
-226 -266 11 0
-208 -274 2 1
-222 -287 16 0
-219 -287 15 1
-231 -264 2 2
-231 -265 4 1
-231 -265 2 2
-205 -257 7 1
-206 -256 7 1
-202 -259 6 0
-202 -255 6 0
-210 -274 12 0
-233 -269 2 1
-233 -270 3 1
-205 -288 14 0
-207 -291 15 0
-230 -264 3 1
-230 -264 2 2
-230 -265 4 1
-230 -265 2 2
-230 -266 3 2
-240 -266 17 0
-204 -262 3 2
-204 -262 4 1
-204 -261 2 2
-235 -256 30 0
-236 -256 30 0
-242 -254 31 0
-204 -266 4 1
-204 -267 6 1
-204 -267 5 2
-204 -267 4 1
-204 -268 6 2
-204 -268 5 2
-207 -293 12 1
-212 -298 11 2
-210 -297 12 1
-211 -292 12 1
-250 -286 6 1
-229 -296 16 1
-229 -296 15 2
-229 -298 16 1
-229 -298 15 1
-229 -298 14 2
-232 -270 19 0
-239 -267 7 1
-208 -275 7 2
-208 -275 6 2
-208 -275 5 2
-209 -275 7 2
-209 -275 6 1
-236 -290 11 1
-235 -292 9 1
-235 -292 10 2
-235 -291 11 1
-229 -259 8 2
-229 -258 6 1
-229 -257 6 1
-229 -257 7 1
-228 -259 6 1
-228 -259 7 2
-228 -259 8 2
-228 -258 6 1
-228 -258 7 1
-228 -258 8 2
-228 -257 6 1
-228 -257 7 1
-228 -257 8 2
-234 -261 8 1
-234 -260 8 1
-231 -260 7 2
-230 -260 7 1
-206 -275 7 2
-206 -275 8 2
-225 -271 6 1
-225 -270 4 1
-225 -270 5 1
-238 -269 9 0
-238 -276 11 1
-209 -275 13 0
-223 -285 15 1
-240 -270 11 1
-205 -269 5 1
-205 -269 6 1
-223 -290 16 0
-240 -270 20 0
-241 -270 21 0
-235 -266 20 0
-225 -287 15 0
-223 -263 6 0
-227 -270 6 2
-228 -265 6 0
-222 -288 14 1
-226 -285 14 0
-225 -290 14 0
-229 -286 14 0
-225 -286 14 0
-229 -292 11 1
-233 -274 17 0
-234 -274 17 0
-230 -272 17 0
-235 -274 15 0
-237 -275 16 0
-238 -275 16 0
-232 -270 16 0
-231 -269 16 0
-238 -271 15 0
-234 -271 14 0
-231 -271 14 0
-235 -272 14 0
-236 -275 13 0
-231 -272 12 0
-235 -277 11 0
-209 -276 6 2
-209 -276 7 2
-221 -300 19 0
-220 -300 19 0
-208 -278 5 1
-204 -281 14 0
-234 -264 7 1
-233 -266 6 1
-233 -266 7 1
-210 -281 12 0
-209 -279 11 0
-227 -251 5 1
-219 -259 0 1
-219 -260 2 2
-219 -260 0 1
-219 -261 2 2
-231 -286 16 1
-231 -286 15 1
-212 -264 4 1
-212 -263 4 1
-211 -262 5 0
-209 -264 5 1
-214 -261 6 1
-213 -261 6 0
-205 -264 6 1
-211 -265 7 1
-211 -264 6 0
-210 -263 6 0
-207 -265 7 1
-208 -263 7 0
-213 -263 8 0
-211 -262 7 0
-211 -256 10 2
-211 -256 9 2
-211 -256 8 1
-239 -267 28 0
-235 -270 29 0
-250 -258 2 1
-250 -257 3 1
-236 -269 27 1
-237 -268 28 1
-204 -295 10 1
-201 -261 5 1
-246 -256 3 1
-238 -267 28 1
-238 -267 27 1
-238 -267 26 1
-238 -268 28 1
-238 -268 27 1
-238 -268 26 1
-238 -269 30 0
-237 -269 27 1
-249 -258 5 0
-249 -257 5 0
-249 -256 4 0
-226 -285 19 0
-226 -285 18 0
-225 -287 20 0
-240 -283 6 1
-240 -283 5 1
-240 -284 7 1
-240 -284 6 1
-225 -285 11 1
-240 -285 5 1
-235 -266 22 0
-227 -271 7 1
-223 -279 17 0
-212 -262 9 0
-211 -262 11 0
-213 -263 9 0
-214 -263 10 0
-214 -263 11 0
-212 -260 9 1
-212 -259 10 1
-212 -263 8 0
-211 -263 8 0
-211 -264 9 0
-210 -264 10 0
-214 -262 7 0
-214 -262 8 0
-215 -262 9 0
-216 -261 10 0
-213 -264 7 0
-213 -264 8 0
-213 -265 8 1
-209 -256 8 2
-208 -258 6 2
-208 -258 7 1
-204 -289 10 2
-208 -257 6 2
-219 -266 13 0
-218 -267 12 0
-208 -257 8 1
-208 -256 6 1
-208 -256 7 2
-201 -296 8 1
-235 -275 19 0
-208 -253 2 1
-208 -253 3 1
-238 -251 28 0
-238 -252 28 0
-202 -265 8 0
-202 -266 7 1
-207 -251 10 2
-227 -276 16 0
-233 -268 10 0
-232 -268 10 0
-228 -271 11 1
-229 -270 11 1
-238 -295 23 0
-236 -292 21 0
-236 -292 22 0
-236 -295 20 0
-235 -295 21 0
-235 -296 22 0
-240 -293 22 0
-239 -283 12 1
-224 -267 9 0
-225 -260 6 1
-225 -260 7 1
-225 -260 8 1
-225 -259 6 1
-204 -286 13 0
-204 -283 13 0
-205 -282 13 0
-204 -254 37 2
-238 -256 26 2
-206 -283 9 2
-206 -283 10 1
-221 -255 19 1
-206 -252 7 2
-206 -251 5 2
-202 -286 17 0
-220 -252 18 0
-219 -252 20 0
-242 -277 7 1
-246 -275 5 1
-243 -276 7 0
-212 -251 33 2
-239 -281 6 1
-222 -253 20 0
-222 -253 21 0
-220 -253 18 0
-214 -256 10 1
-219 -253 19 0
-241 -280 5 2
-241 -280 4 2
-222 -283 5 2
-217 -284 6 1
-218 -284 6 1
-207 -273 13 0
-206 -271 15 0
-208 -274 16 0
-236 -270 29 0
-235 -271 31 0
-242 -287 15 0
-242 -287 14 0
-242 -288 13 0
-232 -263 15 0
-233 -264 15 1
-229 -265 15 0
-228 -292 18 0
-229 -292 18 0
-222 -290 18 0
-209 -251 24 2
-209 -252 24 2
-226 -288 18 1
-225 -291 18 0
-222 -292 17 0
-235 -293 20 0
-234 -293 21 0
-239 -268 6 1
-239 -269 10 1
-240 -264 9 1
-242 -268 10 1
-236 -263 12 2
-236 -263 11 2
-236 -263 10 1
-237 -263 12 2
-237 -263 11 2
-237 -263 10 1
-238 -263 10 2
-238 -264 12 2
-238 -264 11 2
-238 -264 10 2
-241 -265 12 1
-239 -264 14 1
-201 -291 15 0
-218 -251 8 2
-217 -251 8 2
-216 -251 8 1
-217 -258 8 0
-217 -255 7 1
-219 -295 18 0
-219 -295 17 0
-219 -296 16 0
-220 -298 18 0
-218 -297 20 0
-218 -297 19 0
-236 -251 2 1
-203 -299 10 1
-203 -299 9 1
-203 -299 8 1
-208 -291 14 0
-204 -295 16 0
-213 -284 10 1
-203 -275 11 0
-247 -267 1 1
-201 -251 12 2
-201 -251 11 2
-201 -251 10 2
-201 -251 8 2
-201 -252 31 2
-201 -252 30 2
-236 -285 12 0
-209 -286 16 0
-236 -295 16 1
-236 -291 15 0
-234 -265 20 0
-202 -273 14 0
-201 -274 13 0
-212 -260 1 1
-212 -262 4 0
-207 -298 15 0
-246 -262 7 0
-214 -279 4 2
-214 -279 3 1
-214 -280 5 1
-214 -280 4 1
-214 -280 3 1
-214 -281 5 1
-214 -281 4 2
-214 -281 3 1
-215 -279 5 2
-226 -295 18 0
-229 -295 18 0
-221 -292 17 0
-220 -292 17 0
-226 -293 17 0
-224 -293 17 0
-223 -292 17 0
-247 -273 19 0
-248 -273 18 1
-248 -272 17 1
-248 -272 16 1
-249 -268 19 0
-249 -269 18 0
-248 -271 20 0
-248 -271 19 0
-248 -271 18 0
-245 -271 13 1
-249 -274 15 1
-248 -269 16 1
-248 -270 16 1
-246 -274 15 0
-245 -269 16 0
-246 -270 15 1
-248 -275 16 1
-249 -274 16 1
-248 -266 17 0
-246 -272 17 0
-247 -271 16 1
-247 -269 17 0
-248 -269 17 0
-249 -270 16 1
-248 -273 19 0
-248 -272 18 1
-249 -272 17 1
-250 -268 19 0
-245 -277 13 0
-242 -281 11 0
-243 -293 9 1
-236 -251 9 0
-202 -263 31 0
-240 -251 10 1
-242 -292 8 2
-248 -290 9 0
-249 -251 8 0
-247 -290 9 0
-235 -251 10 0
-231 -256 11 2
-232 -256 11 2
-241 -288 10 0
-238 -251 11 0
-237 -257 12 2
-242 -281 4 1
-247 -277 7 1
-241 -282 9 1
-229 -260 9 1
-232 -275 19 0
-232 -251 10 0
-236 -276 17 0
-231 -277 19 0
-233 -280 18 0
-234 -281 17 1
-233 -275 17 0
-231 -278 19 0
-233 -278 18 0
-232 -277 19 0
-232 -251 9 0
-232 -275 23 0
-232 -275 24 0
-229 -275 23 0
-234 -274 22 0
-228 -279 22 0
-237 -279 20 1
-250 -263 12 0
-250 -262 12 0
-244 -268 4 1
-244 -268 5 1
-244 -268 6 1
-203 -273 9 0
-202 -273 10 0
-205 -270 8 0
-205 -269 8 0
-230 -252 7 2
-230 -252 9 2
-240 -290 9 2
-242 -288 9 1
-244 -291 9 0
-244 -290 9 0
-203 -271 8 0
-202 -271 8 0
-201 -271 8 1
-231 -261 31 1
-232 -261 32 1
-232 -261 30 1
-233 -259 32 1
-233 -259 30 1
-208 -275 12 0
-228 -280 11 0
-228 -281 12 0
-225 -275 11 0
-226 -279 10 1
-226 -280 10 1
-228 -275 10 1
-230 -280 9 1
-230 -281 9 0
-225 -277 9 1
-228 -274 8 2
-229 -278 9 1
-228 -279 9 1
-227 -280 8 1
-226 -275 7 0
-229 -278 8 1
-230 -276 4 1
-230 -275 4 1
-229 -276 4 1
-229 -275 4 1
-228 -276 4 1
-228 -276 5 1
-228 -276 6 1
-228 -275 4 1
-228 -275 5 2
-228 -275 6 1
-228 -274 4 1
-228 -274 5 1
-228 -274 6 1
-225 -256 3 1
-225 -256 5 1
-225 -255 3 1
-225 -255 4 1
-225 -255 5 1
-224 -257 4 1
-224 -256 3 1
-221 -257 5 2
-222 -257 4 1
-222 -256 4 2
-222 -256 5 1
-221 -257 4 1
-221 -256 4 1
-221 -256 5 2
-220 -258 4 1
-235 -256 1 2
-235 -256 2 2
-235 -256 3 2
-218 -262 4 1
-215 -299 10 1
-228 -267 9 0
-232 -268 9 0
-229 -265 12 0
-230 -269 10 0
-243 -275 13 0
-204 -255 16 0
-207 -255 17 2
-209 -258 18 0
-205 -256 18 0
-209 -258 19 2
-205 -256 19 0
-207 -260 20 0
-210 -257 17 2
-207 -255 18 2
-202 -257 19 0
-205 -256 20 0
-207 -260 19 0
-206 -254 16 2
-208 -263 17 0
-204 -256 18 0
-202 -257 20 0
-209 -259 20 0
-204 -259 21 0
-204 -259 20 0
-204 -259 19 0
-230 -295 20 0
-234 -264 6 1
-234 -264 5 1
-236 -252 7 0
-236 -254 6 1
-202 -298 8 1
-202 -298 9 1
-202 -298 10 1
-201 -298 8 1
-201 -298 9 1
-223 -253 6 2
-223 -252 5 2
-223 -252 6 2
-225 -255 8 1
-225 -255 9 1
-225 -255 10 1
-225 -254 8 1
-225 -254 9 1
-225 -254 10 1
-225 -253 8 1
-225 -253 9 2
-223 -251 5 2
-223 -251 6 1
-231 -258 12 1
-250 -260 2 1
-250 -260 3 1
-250 -259 1 1
-250 -259 2 1
-250 -259 3 1
-249 -260 1 1
-249 -260 2 2
-249 -260 3 1
-249 -259 1 1
-249 -259 3 1
-249 -258 3 1
-248 -260 1 1
-248 -260 2 1
-248 -260 3 1
-248 -259 1 1
-230 -262 13 1
-230 -263 14 1
-230 -261 11 1
-229 -261 11 0
-229 -261 12 0
-228 -262 12 0
-230 -262 10 1
-229 -263 10 0
-228 -263 10 0
-230 -257 13 2
-206 -260 34 0
-206 -259 39 0
-232 -286 27 1
-233 -284 29 1
-233 -284 28 1
-233 -284 27 1
-233 -285 29 1
-233 -285 27 1
-233 -286 29 1
-233 -286 28 1
-233 -286 27 1
-234 -284 29 1
-234 -284 28 1
-234 -284 27 1
-234 -285 29 1
-225 -286 11 1
-228 -284 14 0
-234 -271 31 0
-226 -287 20 0
-239 -273 32 0
-239 -272 32 0
-232 -268 32 0
-235 -273 33 0
-235 -265 33 1
-234 -270 33 0
-237 -272 34 0
-237 -272 29 0
-237 -271 29 0
-233 -265 29 0
-211 -263 5 0
-211 -264 4 1
-213 -263 4 1
-206 -269 2 1
-232 -254 1 1
-216 -264 9 0
-216 -264 10 0
-216 -264 11 0
-250 -261 11 0
-235 -260 33 1
-234 -259 33 0
-238 -259 32 0
-250 -264 9 0
-239 -257 33 0
-234 -262 32 1
-241 -263 32 0
-235 -257 32 1
-239 -260 30 0
-240 -259 31 0
-232 -260 31 2
-233 -261 30 1
-233 -261 31 1
-233 -261 32 1
-233 -260 30 2
-230 -267 10 0
-231 -266 10 1
-224 -265 10 0
-228 -269 8 1
-228 -269 9 0
-228 -270 9 1
-228 -271 10 1
-228 -266 8 0
-228 -265 8 0
-229 -264 9 0
-229 -263 9 0
-231 -269 9 0
-226 -270 8 2
-226 -271 8 1
-241 -257 33 0
-235 -256 33 0
-240 -254 33 0
-241 -259 32 0
-237 -257 30 0
-237 -256 31 0
-237 -255 31 0
-240 -257 30 0
-241 -256 31 0
-235 -257 30 0
-234 -257 31 0
-238 -253 30 0
-240 -258 30 0
-241 -258 30 0
-242 -258 30 0
-243 -258 29 0
-235 -255 29 0
-224 -297 17 0
-225 -296 18 0
-223 -300 18 0
-223 -295 17 0
-224 -294 17 0
-224 -293 18 0
-225 -298 16 0
-225 -298 17 0
-226 -299 17 0
-217 -281 7 1
-225 -298 26 0
-233 -269 23 0
-250 -273 4 1
-221 -265 8 0
-222 -265 8 0
-216 -268 7 2
-217 -269 6 2
-217 -269 7 1
-217 -269 8 1
-217 -268 7 1
-217 -268 8 1
-217 -267 7 2
-215 -255 12 1
-215 -255 13 1
-215 -254 11 2
-215 -253 11 2
-214 -255 11 2
-214 -255 12 2
-247 -272 8 1
-246 -274 6 1
-214 -254 13 2
-214 -253 11 2
-214 -253 12 2
-214 -253 13 2
-218 -297 13 1
-219 -297 13 0
-215 -296 13 0
-216 -295 13 0
-217 -294 12 1
-217 -300 13 1
-217 -299 13 1
-217 -298 11 2
-245 -252 4 1
-244 -252 4 1
-216 -291 12 1
-216 -291 10 1
-216 -292 12 1
-216 -292 10 1
-213 -299 15 0
-236 -274 21 1
-236 -275 23 1
-236 -275 22 1
-236 -275 21 1
-236 -276 22 1
-236 -276 21 1
-237 -274 23 1
-237 -274 22 1
-249 -277 14 1
-249 -279 15 0
-250 -279 14 0
-250 -278 13 0
-250 -274 15 1
-250 -275 15 1
-250 -276 15 1
-250 -277 16 0
-250 -277 15 1
-250 -277 14 1
-232 -284 30 0
-233 -283 28 0
-234 -279 30 0
-234 -280 28 0
-236 -283 30 0
-233 -282 30 0
-233 -282 29 0
-234 -281 21 1
-234 -282 22 1
-232 -284 22 0
-233 -283 23 1
-235 -280 23 1
-231 -281 23 0
-232 -286 23 0
-233 -285 24 0
-236 -280 25 1
-231 -279 25 0
-232 -280 26 0
-232 -284 26 0
-235 -278 26 0
-235 -279 26 0
-237 -287 27 0
-230 -281 27 0
-233 -287 27 0
-233 -278 28 0
-233 -280 27 0
-230 -284 28 0
-232 -283 27 0
-236 -279 28 0
-236 -280 28 0
-231 -280 29 0
-233 -281 28 0
-233 -282 27 0
-234 -280 30 0
-234 -280 29 0
-234 -281 29 0
-234 -281 28 0
-236 -284 31 0
-233 -282 31 0
-234 -282 30 0
-235 -282 22 1
-234 -281 24 1
-232 -281 23 0
-232 -282 23 0
-233 -286 23 0
-233 -286 24 0
-234 -278 24 0
-234 -279 24 0
-230 -283 24 0
-231 -283 25 0
-232 -283 25 0
-237 -280 25 1
-232 -279 25 0
-233 -281 26 0
-234 -281 26 1
-231 -286 26 0
-232 -285 26 0
-235 -280 26 1
-230 -282 27 0
-239 -280 27 0
-233 -279 28 0
-233 -279 27 0
-234 -281 27 0
-231 -284 28 0
-233 -283 27 0
-237 -279 29 0
-236 -281 28 0
-236 -287 29 0
-233 -282 28 0
-238 -282 30 0
-233 -285 30 0
-237 -284 31 0
-234 -283 30 0
-234 -282 23 1
-234 -283 23 1
-234 -284 23 1
-212 -275 9 0
-238 -259 25 2
-238 -258 14 2
-238 -258 15 2
-237 -262 11 2
-237 -262 12 2
-237 -262 13 2
-237 -262 14 2
-237 -262 15 2
-223 -262 19 0
-224 -262 19 0
-228 -257 20 0
-223 -259 21 0
-242 -284 13 0
-243 -285 12 0
-244 -285 12 0
-245 -286 10 0
-249 -286 13 0
-206 -255 29 2
-206 -255 30 2
-206 -255 31 2
-206 -255 32 2
-206 -255 35 2
-206 -254 17 2
-227 -296 18 0
-205 -266 11 0
-209 -268 11 0
-207 -266 9 0
-204 -264 9 0
-221 -281 13 0
-227 -298 17 1
-228 -298 17 2
-202 -288 16 0
-201 -285 14 0
-201 -285 15 0
-201 -284 16 0
-204 -286 15 0
-201 -288 12 0
-206 -254 32 2
-206 -254 33 2
-240 -261 20 2
-243 -256 18 0
-244 -255 19 0
-239 -260 18 2
-246 -257 17 0
-246 -256 18 0
-239 -261 16 2
-238 -262 16 2
-242 -262 16 0
-242 -263 15 0
-245 -255 15 0
-239 -259 15 2
-241 -255 15 2
-239 -257 13 2
-242 -256 19 0
-241 -261 19 0
-243 -262 18 0
-240 -259 17 2
-238 -260 18 2
-241 -255 17 2
-241 -262 17 0
-241 -263 17 0
-246 -256 17 0
-243 -255 16 0
-243 -254 16 0
-240 -259 15 2
-241 -255 14 2
-240 -261 14 2
-241 -258 20 2
-241 -258 21 2
-201 -299 13 1
-228 -284 22 0
-213 -268 4 1
-213 -268 5 1
-213 -268 6 1
-213 -267 4 1
-207 -270 5 1
-207 -269 3 2
-205 -274 4 1
-205 -274 5 2
-205 -273 4 1
-205 -273 5 2
-207 -271 6 1
-206 -271 4 1
-206 -271 5 1
-206 -271 6 1
-240 -292 9 1
-235 -254 28 0
-235 -253 28 0
-222 -283 17 0
-221 -283 17 0
-225 -283 16 0
-226 -281 17 0
-221 -286 16 0
-220 -287 16 0
-223 -282 15 0
-222 -281 16 0
-223 -289 15 0
-223 -290 15 0
-229 -283 15 0
-221 -284 15 1
-220 -284 15 1
-219 -284 15 1
-220 -277 9 0
-225 -281 14 0
-225 -280 14 0
-223 -284 14 0
-221 -282 13 0
-225 -290 13 0
-226 -283 13 1
-227 -282 13 0
-227 -281 13 0
-208 -269 11 0
-208 -270 10 0
-212 -259 12 1
-211 -259 12 1
-218 -263 12 0
-203 -256 9 0
-202 -258 11 0
-223 -273 5 1
-219 -264 12 0
-213 -262 12 0
-212 -263 12 0
-207 -271 9 0
-209 -269 11 0
-220 -284 13 1
-201 -260 5 0
-203 -258 5 0
-204 -263 2 1
-204 -263 3 2
-204 -263 4 1
-204 -262 2 1
-233 -255 16 0
-238 -280 5 1
-238 -280 4 1
-239 -280 6 1
-220 -300 17 0
-217 -296 17 0
-222 -296 19 0
-222 -297 18 0
-221 -297 17 0
-217 -299 19 0
-219 -294 19 0
-216 -255 7 2
-215 -255 7 2
-220 -258 7 1
-216 -256 6 2
-220 -255 6 2
-218 -254 7 1
-218 -254 6 1
-230 -280 26 0
-245 -281 25 0
-239 -281 25 1
-245 -285 26 0
-238 -285 25 1
-241 -288 27 0
-236 -285 28 1
-236 -285 27 1
-237 -283 29 1
-237 -284 27 1
-237 -285 29 1
-237 -285 28 1
-237 -285 27 1
-238 -283 29 1
-238 -285 29 1
-238 -285 28 1
-237 -284 28 2
-239 -281 21 0
-236 -288 22 0
-234 -285 23 0
-236 -282 26 1
-249 -254 5 0
-250 -274 4 1
-250 -274 3 1
-250 -275 4 2
-250 -275 3 1
-250 -276 4 2
-210 -259 37 2
-209 -259 37 2
-220 -256 4 1
-220 -256 5 2
-229 -259 5 1
-220 -259 3 1
-223 -258 0 1
-223 -257 0 1
-223 -257 1 1
-222 -259 0 1
-222 -258 0 1
-222 -257 0 1
-222 -257 1 1
-222 -257 2 1
-221 -259 0 1
-221 -259 1 2
-221 -258 0 1
-222 -257 12 1
-223 -255 12 1
-223 -256 12 1
-223 -257 14 1
-223 -257 13 2
-223 -257 12 1
-224 -255 12 1
-224 -256 12 1
-224 -257 12 1
-250 -276 11 2
-250 -276 10 2
-217 -262 3 1
-217 -262 2 2
-217 -263 4 1
-245 -282 11 0
-227 -255 13 1
-228 -255 13 1
-203 -288 18 0
-203 -288 17 0
-207 -284 10 1
-207 -284 9 2
-207 -284 8 1
-249 -275 8 1
-249 -275 7 1
-249 -276 8 2
-249 -276 7 2
-222 -294 12 2
-222 -293 10 1
-222 -293 11 1
-222 -293 12 1
-216 -262 14 0
-223 -299 11 1
-223 -299 12 1
-223 -298 10 1
-223 -298 11 2
-223 -298 12 1
-223 -297 10 1
-216 -264 14 0
-216 -265 14 0
-214 -262 12 0
-213 -262 13 0
-211 -262 13 0
-220 -263 13 0
-215 -262 11 0
-215 -264 12 0
-214 -265 12 0
-212 -260 12 0
-211 -260 12 0
-217 -263 11 0
-216 -254 42 0
-215 -254 42 0
-215 -251 43 0
-203 -254 13 1
-205 -254 12 1
-205 -254 13 2
-205 -253 13 2
-205 -252 13 2
-204 -252 13 2
-206 -255 12 0
-214 -252 43 0
-224 -263 3 1
-217 -265 1 1
-223 -266 1 1
-223 -266 2 2
-223 -266 3 1
-223 -265 1 1
-223 -265 2 2
-236 -285 29 1
-236 -284 27 1
-236 -284 28 1
-236 -284 29 1
-246 -284 22 0
-241 -279 22 0
-244 -288 23 0
-243 -287 23 0
-236 -282 24 1
-236 -283 24 1
-236 -284 24 1
-237 -282 24 2
-237 -283 24 2
-237 -284 24 1
-227 -294 18 0
-227 -295 17 0
-226 -296 17 0
-226 -300 18 0
-226 -299 18 0
-223 -296 18 0
-229 -296 19 0
-228 -297 19 0
-227 -297 18 1
-227 -297 17 1
-224 -299 18 0
-225 -294 20 0
-225 -295 19 0
-225 -295 18 0
-236 -252 2 1
-207 -263 6 1
-207 -262 6 0
-206 -261 6 0
-207 -259 7 1
-204 -264 7 1
-205 -262 7 0
-209 -262 8 0
-209 -261 8 0
-243 -285 15 0
-202 -255 10 0
-217 -292 15 0
-221 -294 16 0
-203 -290 16 0
-203 -298 10 1
-217 -296 13 1
-221 -295 10 1
-229 -295 14 1
-226 -294 13 1
-225 -294 13 1
-240 -278 11 0
-220 -291 18 0
-214 -271 13 0
-215 -271 12 0
-227 -292 19 0
-219 -287 19 0
-220 -287 19 0
-221 -287 19 0
-223 -287 18 0
-228 -285 19 0
-227 -286 19 0
-202 -278 6 1
-222 -251 9 2
-223 -252 11 2
-239 -263 35 0
-212 -292 11 1
-203 -279 18 0
-237 -259 34 1
-219 -281 3 1
-219 -281 4 1
-219 -281 5 2
-219 -280 3 1
-238 -257 6 1
-233 -252 6 0
-223 -282 2 1
-220 -282 4 1
-220 -282 5 1
-220 -261 7 0
-220 -283 4 1
-220 -283 5 1
-221 -278 6 1
-217 -298 12 2
-237 -266 5 1
-237 -266 6 2
-237 -265 7 2
-237 -264 6 1
-201 -254 25 2
-201 -254 24 2
-201 -254 23 2
-201 -254 22 2
-201 -254 21 2
-212 -268 5 1
-212 -268 4 1
-213 -266 6 1
-213 -266 5 1
-221 -267 4 1
-241 -259 31 0
-238 -261 30 0
-235 -258 31 1
-236 -259 31 1
-240 -263 32 0
-239 -258 33 0
-238 -260 31 0
-204 -272 16 0
-214 -259 7 1
-212 -260 7 1
-245 -268 13 1
-245 -268 14 1
-244 -270 12 1
-244 -270 13 1
-217 -267 4 1
-217 -268 6 1
-235 -276 11 0
-231 -277 11 0
-232 -276 12 0
-237 -270 13 1
-211 -268 7 1
-212 -268 7 1
-213 -268 7 2
-226 -294 11 1
-226 -294 12 1
-226 -293 10 1
-226 -293 11 1
-207 -278 9 1
-209 -279 16 0
-226 -259 20 0
-226 -260 20 0
-230 -263 19 0
-228 -262 20 0
-222 -262 19 0
-223 -261 20 0
-225 -261 20 0
-228 -260 20 0
-227 -265 20 0
-227 -264 20 0
-227 -263 20 0
-223 -258 20 0
-224 -258 20 0
-225 -259 20 0
-227 -256 21 0
-227 -257 21 0
-227 -258 21 0
-227 -259 21 0
-229 -265 21 0
-231 -259 22 0
-225 -266 22 0
-225 -258 22 0
-222 -263 23 0
-224 -262 22 0
-228 -258 23 0
-239 -268 5 1
-240 -268 5 1
-241 -268 6 1
-241 -268 5 1
-239 -253 9 2
-239 -253 8 2
-239 -253 7 2
-203 -257 29 0
-242 -263 8 1
-221 -278 10 1
-223 -278 9 2
-239 -297 10 1
-246 -253 3 1
-213 -278 5 1
-246 -255 10 0
-245 -255 11 1
-247 -255 8 0
-248 -256 9 0
-246 -252 10 0
-245 -257 9 1
-245 -254 9 1
-245 -254 10 1
-245 -253 9 1
-245 -253 10 1
-245 -252 9 1
-245 -252 10 1
-244 -254 10 2
-244 -253 10 2
-244 -252 10 1
-243 -254 10 1
-243 -253 10 2
-239 -253 28 0
-241 -258 8 2
-241 -258 9 2
-244 -261 7 0
-247 -259 6 0
-244 -261 5 1
-223 -285 20 0
-226 -287 22 0
-209 -257 6 1
-209 -257 7 2
-241 -269 15 0
-233 -266 15 1
-239 -265 14 1
-231 -270 14 0
-239 -268 13 0
-233 -268 13 0
-237 -267 13 1
-238 -272 12 1
-219 -256 10 1
-218 -256 12 0
-215 -257 10 0
-215 -257 11 0
-216 -257 12 0
-217 -256 13 0
-218 -255 13 0
-219 -259 11 0
-218 -258 11 0
-218 -258 12 0
-218 -257 13 0
-239 -269 18 0
-237 -271 19 0
-237 -271 18 0
-216 -259 12 0
-217 -251 12 2
-223 -295 14 0
-224 -294 14 0
-224 -293 14 0
-215 -273 2 1
-215 -272 2 1
-237 -253 20 0
-238 -252 18 0
-235 -255 20 0
-234 -256 18 0
-237 -255 21 2
-238 -255 20 2
-242 -265 9 2
-242 -264 7 2
-242 -264 8 2
-242 -264 9 2
-241 -266 7 1
-241 -265 7 2
-241 -265 9 1
-241 -264 7 1
-241 -264 8 1
-241 -264 9 1
-237 -256 5 2
-236 -257 5 1
-216 -279 9 0
-215 -279 9 1
-214 -279 8 2
-219 -299 11 1
-219 -299 12 1
-219 -294 10 1
-219 -294 11 2
-219 -294 12 1
-219 -293 10 1
-219 -293 11 1
-229 -258 19 0
-230 -257 19 0
-223 -261 19 0
-229 -263 19 0
-226 -257 18 2
-227 -258 17 1
-202 -253 7 2
-202 -254 8 1
-233 -278 15 0
-233 -299 14 1
-233 -299 13 1
-233 -299 12 1
-233 -300 14 1
-223 -253 3 1
-222 -254 1 1
-222 -253 1 1
-221 -254 1 1
-221 -254 2 1
-221 -254 3 1
-221 -253 1 1
-221 -253 2 1
-221 -253 3 1
-219 -252 2 1
-214 -252 7 1
-214 -252 8 1
-220 -254 3 1
-220 -253 3 1
-218 -253 2 0
-211 -253 34 2
-211 -253 33 2
-211 -253 32 2
-211 -253 31 2
-211 -253 30 2
-211 -253 29 2
-211 -253 28 2
-211 -253 27 2
-211 -253 26 2
-211 -253 25 2
-211 -253 24 2
-211 -253 23 2
-211 -253 22 2
-211 -253 21 2
-211 -253 20 2
-211 -253 19 2
-211 -253 18 2
-211 -253 17 2
-211 -253 16 2
-211 -253 15 2
-211 -253 13 2
-211 -253 12 2
-211 -254 39 2
-211 -254 38 2
-211 -254 37 2
-211 -254 36 2
-211 -254 35 2
-211 -254 34 2
-210 -264 1 1
-210 -265 3 1
-210 -265 2 2
-210 -265 1 1
-209 -261 5 1
-209 -261 4 1
-210 -261 5 1
-210 -261 4 1
-210 -261 3 1
-214 -263 1 1
-246 -277 12 0
-245 -277 11 0
-241 -280 13 0
-210 -263 5 0
-237 -254 12 2
-240 -251 0 1
-240 -267 29 0
-234 -266 28 0
-233 -266 28 0
-237 -270 27 0
-238 -271 28 0
-238 -272 28 0
-238 -265 27 2
-239 -264 28 2
-235 -269 26 0
-234 -269 27 0
-233 -269 27 0
-233 -269 28 0
-239 -269 26 0
-240 -269 27 0
-241 -270 27 0
-235 -264 27 2
-236 -271 26 0
-236 -272 26 0
-235 -273 27 0
-238 -267 25 1
-239 -267 26 0
-240 -266 26 0
-241 -266 26 0
-235 -268 25 0
-234 -267 26 0
-233 -267 26 0
-232 -267 26 0
-250 -257 0 1
-250 -257 1 2
-250 -257 2 2
-237 -265 25 2
-237 -264 25 2
-237 -263 25 2
-234 -270 25 0
-231 -255 14 2
-231 -255 13 1
-232 -253 15 1
-232 -254 15 1
-232 -254 13 2
-232 -255 13 2
-233 -253 14 1
-209 -252 28 2
-233 -254 14 1
-233 -254 13 1
-217 -254 10 1
-222 -278 11 0
-223 -277 11 0
-218 -279 10 0
-217 -279 10 0
-216 -279 10 0
-214 -279 11 0
-219 -278 10 0
-219 -277 10 0
-219 -276 10 0
-220 -275 10 0
-217 -281 10 1
-217 -281 11 1
-213 -289 11 2
-202 -254 34 2
-203 -257 34 0
-217 -291 11 1
-229 -279 25 0
-230 -279 25 0
-237 -277 25 0
-201 -257 31 0
-201 -257 32 0
-214 -273 10 1
-215 -272 11 0
-232 -277 25 0
-232 -278 25 0
-235 -276 27 0
-231 -278 27 0
-231 -279 26 0
-232 -279 26 0
-237 -279 28 0
-236 -279 27 0
-231 -282 28 0
-232 -281 27 0
-233 -277 29 0
-229 -255 11 2
-229 -255 10 1
-226 -256 9 1
-226 -256 8 1
-226 -256 7 1
-227 -256 7 1
-228 -256 7 1
-228 -264 8 0
-249 -290 4 1
-249 -290 5 1
-249 -289 3 1
-249 -289 4 2
-236 -267 24 0
-238 -270 26 0
-238 -269 25 1
-231 -270 5 2
-231 -271 3 1
-235 -268 27 0
-229 -259 34 0
-230 -257 34 0
-228 -258 32 0
-232 -262 32 0
-232 -263 32 0
-227 -261 31 1
-227 -263 29 0
-229 -258 29 0
-238 -267 21 0
-235 -273 22 0
-229 -262 28 0
-227 -258 26 0
-232 -262 26 2
-232 -263 26 0
-228 -261 25 0
-232 -260 26 2
-238 -264 23 2
-238 -265 23 2
-229 -260 34 0
-230 -257 33 0
-229 -262 32 0
-227 -258 33 0
-231 -263 32 0
-226 -261 32 0
-229 -263 30 0
-234 -278 15 1
-235 -278 15 1
-235 -297 24 0
-235 -296 24 0
-231 -282 14 0
-233 -274 14 0
-234 -280 13 0
-205 -284 10 1
-250 -277 12 1
-250 -277 11 2
-250 -277 10 1
-247 -289 5 1
-247 -289 4 1
-223 -270 3 1
-242 -284 6 1
-242 -284 5 1
-242 -284 4 1
-242 -285 6 2
-242 -285 5 2
-242 -285 4 1
-242 -286 6 2
-242 -286 5 1
-224 -272 3 1
-225 -271 3 1
-225 -272 3 1
-225 -262 4 1
-235 -267 27 1
-235 -267 28 1
-235 -266 26 1
-235 -266 27 1
-235 -266 28 1
-235 -265 26 2
-235 -265 27 2
-235 -265 28 2
-236 -269 25 1
-236 -269 26 1
-236 -270 26 0
-225 -267 5 1
-222 -262 4 0
-242 -276 3 1
-242 -276 2 2
-239 -271 5 2
-204 -264 5 1
-204 -263 5 1
-204 -262 5 1
-238 -268 18 0
-239 -267 18 0
-240 -267 19 0
-241 -266 19 0
-239 -272 18 0
-239 -273 18 0
-240 -271 5 1
-240 -271 3 1
-240 -272 5 2
-241 -270 5 1
-238 -288 13 0
-241 -270 3 1
-243 -292 15 0
-250 -281 10 0
-210 -295 17 0
-208 -298 15 0
-208 -299 15 0
-208 -299 16 0
-208 -293 15 0
-209 -292 15 0
-250 -283 7 0
-250 -284 9 0
-210 -297 14 0
-249 -280 7 1
-248 -279 8 1
-206 -298 14 1
-250 -282 6 0
-247 -283 7 1
-209 -295 14 0
-210 -294 14 0
-209 -259 4 2
-209 -259 3 1
-209 -260 5 1
-209 -260 4 2
-209 -260 3 1
-204 -261 5 0
-202 -265 4 2
-202 -265 3 2
-202 -265 2 1
-203 -265 4 2
-203 -265 3 1
-203 -265 2 1
-204 -264 4 1
-203 -297 17 1
-203 -296 16 1
-203 -295 16 1
-203 -295 15 1
-224 -273 3 1
-224 -273 2 1
-224 -274 4 1
-224 -274 3 1
-224 -274 2 1
-232 -269 33 0
-233 -269 32 0
-238 -264 33 0
-237 -266 32 0
-240 -267 34 0
-239 -267 33 0
-235 -269 33 0
-239 -277 3 1
-239 -277 2 1
-239 -278 3 1
-248 -289 10 0
-203 -272 10 0
-226 -285 21 0
-236 -300 17 0
-221 -290 20 0
-220 -291 20 0
-231 -295 18 0
-220 -288 17 0
-221 -292 18 0
-249 -286 11 0
-228 -266 2 2
-223 -280 8 1
-221 -285 7 1
-226 -291 21 0
-230 -273 8 1
-236 -260 34 1
-202 -276 9 1
-219 -278 11 0
-216 -282 13 0
-222 -277 13 0
-221 -287 10 1
-221 -286 8 1
-221 -286 10 2
-221 -285 8 1
-221 -285 9 1
-221 -285 10 1
-220 -287 8 1
-220 -287 9 1
-220 -287 10 1
-232 -254 28 0
-231 -289 19 0
-231 -289 20 0
-229 -285 20 0
-228 -290 19 0
-241 -295 19 0
-235 -289 19 0
-236 -297 18 0
-236 -298 18 0
-235 -293 17 1
-234 -293 18 1
-240 -297 17 0
-240 -298 17 0
-234 -297 17 0
-234 -290 16 0
-234 -294 16 1
-222 -289 15 0
-215 -293 12 1
-215 -294 13 0
-220 -300 12 2
-206 -260 32 0
-204 -260 32 0
-218 -295 13 1
-237 -297 27 0
-235 -294 25 0
-203 -263 33 0
-202 -262 32 0
-217 -292 14 0
-216 -294 14 0
-205 -268 4 2
-218 -300 15 0
-218 -299 15 0
-217 -299 14 0
-220 -295 15 0
-206 -268 4 1
-209 -273 11 0
-206 -294 15 0
-206 -294 14 0
-203 -296 17 1
-205 -292 18 0
-247 -284 10 0
-247 -284 9 0
-211 -261 3 1
-211 -261 4 1
-211 -261 5 1
-211 -260 3 1
-211 -260 4 2
-211 -260 5 1
-242 -274 13 0
-227 -251 14 1
-203 -268 3 2
-203 -269 5 1
-204 -267 3 1
-204 -268 3 1
-204 -269 5 1
-205 -267 3 1
-201 -269 5 1
-202 -270 6 1
-201 -273 5 1
-201 -273 4 1
-201 -274 4 1
-201 -275 5 1
-201 -275 4 1
-201 -274 5 2
-202 -266 5 1
-202 -267 5 1
-203 -269 6 1
-201 -271 7 0
-203 -273 7 1
-240 -273 5 2
-240 -275 3 2
-231 -300 15 0
-213 -264 6 0
-212 -263 6 0
-215 -260 7 0
-214 -260 7 0
-223 -283 7 1
-223 -282 5 1
-223 -281 5 1
-223 -281 6 1
-223 -281 7 1
-222 -282 5 1
-236 -255 19 0
-242 -254 20 0
-240 -256 21 2
-218 -279 12 0
-210 -266 7 1
-210 -264 7 0
-216 -259 1 1
-216 -259 2 2
-216 -259 3 1
-215 -261 1 1
-215 -260 1 1
-203 -256 30 0
-232 -252 2 1
-222 -293 17 0
-224 -299 16 0
-203 -251 31 2
-226 -296 16 0
-227 -295 16 1
-228 -295 16 1
-228 -294 16 1
-225 -298 15 0
-237 -264 21 2
-237 -263 21 2
-234 -270 21 0
-233 -271 21 0
-241 -268 20 0
-235 -267 20 0
-208 -290 16 0
-226 -300 21 0
-224 -300 21 0
-239 -265 20 0
-240 -265 19 0
-233 -269 19 0
-228 -296 20 0
-240 -271 19 0
-236 -265 19 2
-232 -298 19 0
-226 -299 20 0
-226 -298 20 0
-225 -298 19 0
-229 -297 19 0
-228 -300 21 0
-227 -300 20 0
-237 -268 23 0
-237 -269 24 0
-229 -300 20 0
-230 -300 19 0
-231 -300 18 0
-228 -299 21 0
-228 -299 20 0
-235 -270 25 0
-235 -271 26 0
-237 -268 22 0
-238 -268 23 0
-239 -268 25 0
-240 -268 25 0
-235 -267 24 0
-234 -267 24 0
-233 -266 25 0
-237 -270 23 0
-237 -270 24 0
-229 -280 14 0
-229 -280 13 0
-246 -289 12 0
-232 -277 14 0
-208 -253 4 1
-246 -286 10 0
-208 -251 4 1
-202 -262 35 0
-205 -253 34 2
-205 -260 34 0
-201 -258 35 0
-201 -257 8 0
-201 -258 8 0
-201 -255 40 0
-201 -255 5 0
-202 -254 5 1
-203 -297 16 1
-226 -289 21 0
-203 -298 16 2
-210 -259 20 2
-211 -251 11 2
-211 -251 10 2
-211 -251 9 2
-211 -252 39 2
-235 -269 22 0
-210 -252 43 0
-211 -252 43 0
-219 -251 44 0
-217 -252 43 0
-214 -251 44 0
-215 -252 43 0
-225 -261 13 0
-225 -261 14 0
-226 -261 15 0
-201 -255 24 2
-248 -283 7 0
-201 -255 26 2
-246 -271 7 1
-245 -273 5 1
-245 -273 7 1
-245 -272 5 1
-230 -253 6 1
-222 -281 5 1
-204 -278 13 0
-203 -278 13 0
-238 -252 7 1
-248 -288 3 1
-234 -269 19 0
-233 -269 18 0
-217 -251 45 0
-217 -251 46 0
-216 -251 47 0
-216 -251 48 0
-218 -252 46 0
-219 -253 47 0
-239 -268 18 0
-216 -253 46 0
-216 -254 47 0
-218 -251 44 0
-219 -251 45 0
-214 -277 10 0
-213 -277 10 0
-218 -276 9 0
-248 -253 9 0
-246 -259 8 0
-236 -257 25 2
-212 -251 22 2
-201 -293 15 0
-233 -290 17 0
-228 -287 11 1
-228 -287 12 2
-207 -251 14 2
-212 -251 13 2
-236 -260 9 1
-236 -259 9 1
-236 -258 9 1
-202 -275 10 0
-219 -251 34 2
-219 -251 35 2
-219 -251 36 2
-218 -252 20 2
-218 -252 21 2
-218 -252 22 2
-218 -252 23 2
-218 -252 24 2
-218 -252 25 2
-218 -252 26 2
-218 -252 27 2
-218 -252 28 2
-218 -252 29 2
-218 -252 30 2
-218 -252 31 2
-218 -252 32 2
-218 -252 33 2
-218 -252 34 2
-218 -252 35 2
-218 -252 36 2
-218 -252 37 2
-218 -252 38 2
-218 -251 16 2
-218 -251 19 2
-218 -251 21 2
-218 -251 22 2
-218 -251 23 2
-218 -251 24 2
-218 -251 25 2
-218 -251 26 2
-218 -251 27 2
-217 -281 5 2
-217 -280 3 1
-217 -279 3 2
-231 -259 9 1
-227 -257 11 2
-228 -258 10 2
-228 -258 11 1
-228 -258 12 1
-228 -257 10 1
-228 -257 11 1
-228 -257 12 1
-228 -256 10 1
-228 -256 11 1
-228 -256 12 1
-227 -258 10 2
-227 -258 11 1
-227 -258 12 1
-227 -257 10 2
-227 -257 12 1
-227 -256 10 1
-227 -256 11 1
-227 -256 12 1
-226 -258 10 1
-226 -258 11 1
-226 -258 12 1
-226 -257 10 1
-226 -257 11 1
-226 -257 12 1
-226 -256 10 1
-226 -256 11 1
-226 -256 12 1
-229 -261 10 0
-213 -276 5 1
-213 -275 3 2
-213 -275 4 1
-213 -275 5 1
-215 -276 7 0
-215 -276 6 0
-232 -251 13 0
-211 -289 13 0
-209 -285 12 0
-240 -255 1 1
-234 -257 0 1
-235 -257 0 1
-235 -254 0 1
-236 -254 2 1
-236 -254 1 2
-233 -253 6 1
-232 -255 6 2
-232 -254 6 2
-233 -265 6 2
-234 -266 5 2
-231 -254 6 1
-231 -253 6 1
-234 -254 8 0
-246 -269 16 0
-247 -273 15 1
-248 -273 12 1
-248 -273 13 1
-248 -272 13 1
-249 -270 17 0
-249 -270 18 0
-249 -270 19 0
-230 -294 20 0
-228 -295 22 0
-228 -296 22 0
-250 -265 15 0
-248 -265 13 0
-205 -289 16 0
-207 -289 16 0
-239 -253 32 0
-205 -263 4 2
-211 -299 16 0
-211 -300 17 0
-214 -297 14 0
-215 -297 15 0
-216 -297 16 0
-216 -297 17 0
-210 -296 16 0
-213 -299 14 0
-214 -300 15 0
-214 -296 14 0
-214 -295 15 0
-215 -294 16 0
-214 -298 13 0
-215 -298 14 0
-217 -299 15 0
-206 -256 5 2
-215 -296 14 0
-218 -298 13 1
-215 -295 12 1
-244 -292 10 0
-244 -291 10 0
-244 -290 10 0
-240 -284 10 1
-219 -279 3 2
-207 -251 29 2
-219 -280 4 2
-233 -256 33 0
-233 -256 34 0
-234 -255 32 0
-234 -253 34 0
-238 -290 12 0
-245 -292 12 0
-236 -295 12 1
-201 -254 32 2
-201 -254 31 2
-201 -254 30 2
-201 -254 29 2
-201 -254 28 2
-201 -254 27 2
-201 -254 26 2
-245 -255 3 1
-250 -255 4 0
-248 -253 4 0
-248 -251 4 0
-246 -255 5 0
-250 -253 5 0
-248 -255 6 0
-248 -254 6 0
-247 -254 5 0
-250 -251 7 0
-250 -251 6 0
-246 -253 6 0
-248 -253 7 0
-246 -251 8 0
-242 -264 33 0
-242 -266 31 0
-243 -266 31 0
-243 -262 30 0
-242 -267 27 0
-242 -263 26 0
-240 -265 26 0
-240 -265 25 0
-215 -254 12 2
-216 -252 14 2
-250 -267 11 1
-216 -252 12 2
-249 -266 10 1
-231 -251 17 0
-236 -264 35 0
-237 -263 34 1
-236 -262 31 2
-235 -261 32 1
-214 -277 11 0
-221 -277 13 0
-221 -278 12 0
-221 -279 12 0
-232 -292 16 0
-238 -255 14 2
-239 -255 13 2
-236 -253 13 1
-245 -264 7 2
-250 -274 17 2
-250 -274 16 1
-250 -275 17 1
-250 -265 16 0
-248 -271 17 0
-249 -268 18 0
-207 -261 3 1
-234 -254 24 1
-236 -251 25 0
-221 -299 10 1
-224 -284 17 0
-222 -299 11 1
-222 -299 10 1
-221 -289 18 0
-247 -260 10 0
-248 -261 11 0
-246 -262 9 0
-244 -262 7 0
-205 -271 12 0
-208 -279 9 1
-209 -281 8 2
-210 -282 7 1
-209 -252 14 2
-209 -251 14 2
-236 -257 13 2
-201 -265 2 1
-233 -270 19 0
-233 -256 14 1
-234 -256 14 1
-237 -251 14 0
-239 -258 14 2
-238 -256 14 2
-240 -251 15 0
-240 -252 15 0
-235 -251 15 0
-233 -252 17 0
-203 -267 7 1
-202 -265 9 0
-201 -265 9 0
-202 -269 10 0
-201 -268 9 0
-201 -266 11 0
-206 -271 10 0
-210 -260 40 0
-223 -282 12 0
-223 -283 12 0
-220 -284 11 2
-220 -285 11 1
-220 -286 11 1
-221 -285 11 2
-221 -286 11 1
-222 -285 11 1
-227 -281 12 0
-216 -284 15 1
-216 -284 14 1
-235 -266 33 1
-235 -266 32 1
-235 -267 34 1
-235 -267 33 1
-239 -268 34 0
-235 -271 35 0
-235 -270 34 0
-236 -266 35 0
-236 -268 35 0
-234 -272 28 0
-235 -271 29 0
-236 -264 28 2
-240 -271 29 0
-232 -269 29 0
-240 -265 29 0
-242 -269 30 0
-210 -278 9 1
-210 -277 8 1
-216 -284 12 1
-216 -283 12 1
-216 -282 12 1
-220 -278 10 0
-221 -277 10 1
-222 -276 11 0
-216 -278 10 0
-215 -278 10 0
-214 -278 10 0
-213 -278 10 0
-241 -254 5 1
-241 -254 6 1
-240 -254 4 1
-240 -254 5 1
-239 -254 4 1
-234 -253 6 0
-237 -273 25 0
-237 -272 25 0
-233 -264 26 0
-234 -265 26 0
-242 -268 26 0
-241 -268 26 0
-240 -268 26 0
-203 -295 9 1
-213 -287 11 1
-214 -287 12 1
-214 -287 11 1
-202 -259 5 0
-203 -260 4 1
-204 -295 8 1
-202 -259 3 1
-202 -258 4 1
-202 -257 2 1
-202 -257 3 2
-213 -289 9 1
-206 -269 6 1
-206 -268 5 2
-210 -290 18 0
-205 -295 8 1
-201 -294 11 1
-207 -295 17 0
-215 -293 18 0
-210 -288 12 1
-211 -288 12 1
-212 -288 12 1
-211 -288 10 1
-201 -260 37 0
-223 -283 8 1
-235 -276 18 0
-217 -294 11 1
-217 -293 9 1
-239 -263 33 0
-240 -266 34 0
-238 -254 5 2
-246 -284 9 1
-246 -285 9 0
-250 -285 11 0
-245 -288 12 0
-241 -259 29 0
-244 -264 31 0
-242 -259 31 0
-244 -262 33 0
-243 -262 32 0
-242 -262 31 0
-240 -287 22 0
-206 -264 14 0
-205 -264 14 0
-204 -265 14 0
-207 -261 14 0
-206 -260 14 0
-205 -259 13 0
-205 -258 13 0
-208 -265 13 0
-208 -267 13 0
-211 -259 13 1
-206 -262 13 0
-213 -255 41 0
-213 -254 41 0
-214 -260 40 0
-210 -256 41 0
-210 -254 40 0
-209 -254 40 0
-213 -257 40 0
-214 -257 39 0
-206 -256 36 2
-203 -260 37 0
-241 -254 26 0
-240 -255 26 0
-240 -255 27 0
-230 -277 22 0
-229 -277 22 0
-228 -277 22 0
-233 -276 21 0
-233 -275 21 0
-233 -274 21 0
-233 -273 21 0
-230 -280 21 0
-229 -281 21 0
-238 -278 21 0
-231 -277 21 0
-230 -276 21 0
-230 -275 21 0
-229 -274 20 0
-234 -276 21 0
-235 -275 20 0
-236 -274 20 0
-236 -281 19 1
-249 -284 12 0
-247 -285 11 0
-243 -291 12 0
-244 -290 12 0
-244 -289 11 0
-243 -283 12 0
-244 -284 12 0
-218 -276 13 0
-220 -277 14 0
-221 -275 13 0
-216 -274 14 0
-221 -272 13 0
-222 -272 9 0
-217 -276 15 0
-220 -277 15 0
-218 -273 14 0
-218 -273 15 0
-222 -275 14 0
-216 -274 13 0
-220 -279 14 0
-220 -273 13 0
-220 -275 13 0
-219 -279 14 0
-220 -272 13 0
-216 -276 12 0
-219 -277 15 0
-221 -275 14 0
-216 -276 14 0
-209 -259 16 0
-208 -265 17 0
-208 -265 16 0
-204 -260 17 0
-206 -260 16 0
-206 -261 15 0
-211 -261 18 0
-206 -264 17 0
-207 -259 18 0
-207 -259 17 0
-206 -262 19 0
-206 -262 18 0
-207 -262 16 0
-233 -255 30 0
-241 -256 29 0
-243 -256 29 0
-235 -253 29 0
-234 -252 29 0
-239 -254 29 0
-240 -253 28 0
-241 -252 28 0
-235 -256 28 0
-234 -256 28 0
-237 -254 29 0
-246 -285 5 1
-242 -283 3 1
-243 -283 3 1
-212 -277 7 1
-211 -277 7 1
-210 -277 7 1
-213 -274 7 1
-236 -256 23 2
-235 -256 21 1
-238 -255 23 2
-239 -255 22 2
-239 -255 21 2
-236 -254 21 0
-210 -251 34 2
-203 -264 11 0
-245 -274 11 1
-201 -259 4 1
-209 -251 30 2
-209 -252 30 2
-239 -267 6 1
-237 -259 28 2
-239 -260 25 2
-239 -267 5 1
-231 -260 11 2
-231 -260 9 2
-232 -256 0 1
-232 -255 0 1
-201 -300 15 2
-224 -262 18 0
-228 -258 18 1
-228 -259 19 1
-227 -259 20 0
-228 -263 20 0
-227 -262 21 0
-223 -259 19 0
-224 -260 19 0
-225 -260 20 0
-226 -261 21 0
-231 -260 19 0
-230 -260 20 0
-229 -260 20 0
-207 -289 12 0
-203 -292 11 1
-202 -294 11 1
-242 -258 10 2
-236 -296 11 1
-236 -296 10 1
-236 -297 12 1
-236 -297 11 2
-236 -297 10 1
-237 -297 12 1
-237 -297 11 1
-237 -297 10 1
-238 -297 12 1
-238 -297 11 1
-238 -297 10 1
-237 -289 11 0
-242 -296 11 0
-232 -261 2 1
-227 -268 1 1
-227 -269 1 1
-233 -263 3 1
-233 -262 3 1
-230 -270 1 1
-231 -270 1 1
-232 -270 1 1
-228 -264 1 1
-229 -264 2 2
-229 -264 1 1
-231 -266 1 1
-232 -266 1 1
-233 -265 1 1
-233 -266 1 1
-227 -263 1 1
-237 -257 23 2
-237 -256 23 2
-233 -251 23 0
-234 -252 23 0
-235 -253 23 0
-236 -253 23 0
-242 -255 23 0
-241 -255 23 0
-240 -255 23 0
-234 -255 22 1
-209 -280 5 1
-214 -273 2 1
-202 -285 11 1
-203 -285 10 1
-202 -282 10 1
-203 -281 9 2
-201 -286 8 1
-201 -286 9 2
-201 -286 10 2
-201 -285 8 1
-238 -296 18 0
-243 -290 18 0
-239 -289 17 0
-239 -288 17 0
-240 -287 17 0
-235 -289 16 0
-241 -290 16 0
-240 -295 14 0
-237 -292 22 0
-239 -293 18 0
-239 -293 19 0
-243 -293 6 1
-237 -292 11 1
-237 -292 10 2
-237 -292 9 2
-238 -292 11 1
-242 -295 11 1
-235 -289 10 1
-234 -271 12 0
-231 -272 11 1
-232 -277 11 0
-237 -275 12 0
-237 -269 13 0
-231 -270 13 0
-232 -271 14 0
-239 -273 14 1
-230 -284 13 0
-231 -292 15 0
-231 -291 15 0
-240 -272 26 0
-217 -255 17 0
-217 -255 19 0
-238 -264 34 0
-202 -276 12 0
-204 -279 13 0
-203 -279 13 0
-203 -276 17 0
-203 -278 17 0
-235 -282 23 2
-233 -282 25 1
-233 -282 24 1
-233 -283 24 1
-233 -284 26 1
-223 -263 1 1
-223 -263 2 2
-223 -262 1 1
-223 -262 2 2
-242 -273 6 1
-224 -277 16 0
-242 -272 5 1
-205 -288 12 0
-232 -294 13 1
-232 -294 14 1
-232 -293 12 1
-208 -291 17 0
-239 -287 8 2
-206 -288 13 0
-234 -298 11 1
-239 -296 15 0
-239 -297 15 0
-241 -290 15 0
-242 -289 15 0
-241 -293 15 0
-243 -295 14 0
-236 -290 12 0
-205 -259 5 1
-206 -264 1 1
-206 -264 2 1
-206 -264 3 2
-206 -263 3 2
-206 -262 1 1
-206 -262 2 2
-206 -262 3 1
-205 -264 1 1
-230 -260 10 1
-233 -259 11 2
-230 -256 11 1
-230 -256 10 1
-230 -257 11 2
-230 -257 10 2
-232 -258 11 2
-232 -258 15 2
-232 -259 15 2
-232 -260 15 2
-232 -260 14 2
-232 -260 13 2
-233 -260 15 2
-233 -260 14 2
-233 -260 13 2
-212 -254 8 1
-211 -252 11 2
-211 -253 11 2
-211 -254 11 2
-212 -254 13 2
-211 -257 14 2
-212 -257 14 2
-212 -258 16 0
-211 -254 7 0
-209 -253 9 2
-213 -253 10 2
-213 -253 13 2
-213 -253 12 2
-213 -253 11 2
-231 -267 10 0
-230 -267 9 0
-229 -267 8 0
-226 -270 11 0
-227 -269 9 1
-228 -265 11 0
-228 -266 10 0
-229 -269 12 0
-232 -256 8 2
-235 -261 29 2
-234 -263 29 2
-234 -262 29 2
-208 -257 7 2
-203 -264 7 1
-203 -263 7 1
-239 -293 17 0
-238 -292 20 0
-238 -292 19 0
-227 -296 20 0
-247 -261 13 0
-247 -262 12 0
-242 -263 12 1
-248 -258 12 0
-216 -300 15 0
-226 -278 16 0
-222 -297 14 0
-202 -283 12 0
-204 -263 12 0
-203 -263 11 0
-202 -279 11 0
-201 -284 11 0
-224 -298 14 0
-233 -275 14 0
-226 -279 14 0
-232 -280 15 0
-233 -280 14 0
-203 -283 17 0
-204 -282 16 0
-201 -281 15 0
-244 -259 16 0
-238 -254 1 2
-239 -255 0 1
-239 -255 1 1
-238 -263 26 2
-233 -264 27 0
-239 -256 16 2
-240 -256 16 2
-240 -296 24 0
-235 -256 16 0
-236 -297 23 0
-237 -296 22 0
-238 -291 24 0
-238 -292 23 0
-240 -295 24 0
-205 -263 17 0
-206 -262 16 0
-207 -260 16 0
-208 -263 19 0
-206 -261 19 0
-206 -261 18 0
-206 -261 17 0
-242 -252 10 2
-242 -253 10 1
-242 -254 11 2
-242 -254 10 1
-243 -253 11 1
-247 -277 1 1
-240 -276 1 1
-240 -277 1 1
-240 -278 1 1
-241 -276 1 1
-241 -277 1 1
-241 -278 1 1
-242 -276 1 1
-242 -277 2 2
-227 -297 13 2
-227 -297 12 1
-227 -297 11 1
-226 -296 12 2
-226 -299 13 0
-242 -268 8 1
-242 -268 7 1
-243 -267 8 2
-243 -267 7 2
-243 -268 8 2
-243 -268 7 1
-242 -267 8 2
-241 -269 10 1
-204 -266 12 0
-236 -253 24 0
-219 -299 13 1
-237 -267 19 0
-228 -279 12 0
-220 -296 11 2
-232 -253 6 1
-231 -255 6 1
-229 -300 19 0
-229 -300 18 0
-241 -295 9 1
-241 -295 8 1
-241 -251 13 0
-242 -294 9 2
-242 -294 7 1
-241 -254 9 1
-240 -254 12 2
-248 -286 5 2
-248 -287 5 2
-244 -283 4 1
-244 -283 3 1
-244 -284 4 1
-244 -284 3 1
-244 -285 5 2
-244 -285 4 1
-244 -285 3 1
-245 -285 3 2
-246 -285 3 2
-249 -288 4 1
-249 -287 5 2
-249 -286 5 1
-249 -285 5 1
-231 -295 23 0
-204 -255 23 2
-204 -255 24 2
-204 -255 25 2
-204 -255 26 2
-204 -255 27 2
-204 -255 28 2
-206 -297 12 0
-247 -283 2 1
-247 -283 3 2
-247 -283 4 1
-246 -283 2 1
-246 -283 3 2
-246 -283 4 2
-245 -283 2 1
-245 -283 3 1
-248 -264 6 0
-247 -263 5 0
-245 -282 3 1
-245 -282 4 1
-247 -264 6 1
-247 -265 7 1
-246 -264 6 1
-209 -297 9 1
-245 -265 5 2
-207 -295 12 1
-228 -269 5 2
-228 -269 4 1
-228 -269 3 1
-227 -268 4 2
-220 -284 19 0
-244 -251 0 1
-244 -251 1 2
-244 -251 2 1
-211 -269 2 1
-211 -270 2 1
-211 -271 2 1
-243 -252 0 1
-243 -252 1 2
-229 -256 12 1
-230 -261 10 1
-234 -260 9 1
-233 -260 9 2
-209 -273 9 0
-211 -276 10 0
-216 -275 9 0
-211 -292 14 0
-234 -265 19 0
-210 -291 13 0
-242 -268 28 0
-233 -265 27 0
-237 -271 27 0
-237 -272 27 0
-237 -273 27 0
-239 -265 27 0
-240 -264 27 0
-232 -269 26 0
-239 -270 27 0
-233 -295 22 0
-234 -295 22 0
-228 -289 20 0
-209 -254 25 2
-209 -254 24 2
-209 -254 23 2
-209 -254 22 2
-209 -254 21 2
-209 -254 20 2
-209 -254 19 2
-209 -254 18 2
-209 -254 17 2
-209 -254 16 2
-209 -254 14 2
-209 -255 39 2
-209 -255 34 2
-209 -255 33 2
-209 -255 32 2
-209 -255 31 2
-209 -255 30 2
-209 -255 29 2
-209 -255 28 2
-209 -255 27 2
-209 -255 26 2
-209 -255 25 2
-209 -255 24 2
-209 -255 23 2
-209 -255 22 2
-209 -255 21 2
-209 -255 20 2
-209 -255 19 2
-209 -255 18 2
-209 -255 17 2
-209 -256 37 2
-209 -256 36 2
-209 -256 35 2
-209 -256 34 2
-209 -256 33 2
-209 -256 32 2
-228 -258 9 2
-228 -257 9 2
-229 -262 10 0
-229 -252 5 1
-210 -252 18 2
-210 -252 17 2
-210 -252 16 2
-210 -255 30 2
-210 -255 29 2
-210 -255 28 2
-210 -255 27 2
-210 -255 26 2
-210 -255 25 2
-210 -255 24 2
-210 -255 23 2
-210 -255 22 2
-210 -255 21 2
-210 -255 20 2
-210 -255 19 2
-210 -259 25 2
-210 -259 24 2
-210 -259 23 2
-210 -259 22 2
-210 -259 21 2
-246 -279 15 0
-248 -282 16 0
-248 -282 15 0
-248 -282 14 0
-245 -281 16 0
-233 -259 16 2
-201 -253 34 2
-202 -252 33 2
-202 -253 40 0
-214 -262 16 0
-215 -260 15 0
-214 -257 9 1
-214 -253 9 1
-218 -259 12 0
-217 -259 12 0
-206 -286 10 1
-202 -251 9 2
-203 -257 8 0
-203 -259 36 0
-205 -275 16 0
-205 -275 15 0
-206 -278 16 0
-205 -278 15 0
-207 -278 11 0
-206 -278 11 0
-206 -276 12 0
-209 -279 13 0
-208 -279 13 0
-204 -274 13 0
-204 -275 13 0
-207 -277 14 0
-206 -277 14 0
-206 -275 16 0
-205 -276 15 0
-237 -267 5 1
-233 -274 8 1
-205 -280 18 0
-234 -274 8 2
-239 -283 26 2
-214 -258 4 2
-214 -259 6 1
-214 -259 5 1
-214 -260 6 1
-214 -260 5 1
-213 -259 5 2
-202 -293 13 0
-212 -265 5 1
-212 -265 4 1
-212 -266 6 1
-212 -266 5 1
-212 -266 4 1
-212 -267 6 2
-212 -267 5 2
-238 -257 30 0
-237 -258 30 0
-232 -261 31 1
-241 -260 31 0
-240 -260 31 0
-239 -261 30 0
-235 -258 32 1
-235 -259 31 1
-237 -297 20 0
-237 -296 20 0
-236 -267 32 0
-236 -266 33 0
-236 -269 31 0
-235 -270 32 0
-235 -271 33 0
-239 -268 32 0
-205 -256 1 1
-208 -261 2 2
-208 -261 3 1
-212 -255 21 2
-212 -255 20 2
-212 -255 19 2
-212 -255 18 2
-212 -255 17 2
-219 -262 12 0
-211 -255 9 2
-212 -255 16 2
-211 -255 10 2
-211 -255 11 2
-223 -259 8 2
-223 -259 9 1
-223 -259 10 1
-222 -259 9 1
-222 -259 10 1
-221 -259 9 1
-221 -259 10 1
-213 -254 7 1
-213 -253 7 1
-213 -253 8 1
-213 -253 9 2
-215 -258 8 0
-221 -260 8 0
-222 -258 6 1
-222 -258 7 1
-221 -258 6 1
-221 -258 7 1
-220 -258 6 1
-215 -256 5 1
-215 -255 5 1
-214 -256 5 1
-214 -255 5 1
-218 -256 7 0
-219 -255 5 1
-217 -258 7 0
-219 -258 6 1
-217 -257 6 1
-217 -257 5 1
-217 -257 4 1
-202 -288 8 1
-202 -289 10 1
-202 -289 8 1
-202 -290 10 1
-202 -290 9 2
-202 -290 8 1
-203 -288 10 1
-203 -288 9 2
-203 -288 8 1
-203 -289 10 1
-203 -289 9 2
-203 -289 8 1
-203 -290 10 1
-203 -290 9 2
-213 -264 3 1
-213 -264 2 2
-213 -265 4 1
-213 -265 3 1
-213 -265 2 1
-212 -261 5 1
-209 -264 4 1
-214 -264 4 1
-213 -263 5 0
-212 -262 5 0
-213 -258 5 2
-213 -258 4 1
-213 -260 6 1
-213 -260 5 1
-214 -258 6 1
-214 -258 5 2
-223 -278 4 1
-223 -277 4 1
-222 -279 4 1
-222 -278 4 1
-220 -278 5 1
-221 -278 5 1
-219 -283 4 1
-219 -283 5 1
-219 -282 4 1
-219 -282 5 2
-217 -272 2 1
-216 -272 2 1
-233 -263 1 1
-233 -262 1 1
-229 -262 1 1
-232 -259 11 2
-234 -260 10 1
-234 -260 11 2
-234 -260 12 2
-233 -260 10 2
-202 -291 10 1
-202 -298 14 1
-202 -298 13 2
-202 -298 12 1
-203 -296 13 1
-203 -296 12 1
-235 -268 36 0
-238 -269 34 0
-239 -269 32 0
-201 -267 3 1
-201 -266 3 2
-201 -265 3 1
-234 -266 17 0
-244 -251 10 1
-243 -251 11 1
-242 -251 10 1
-242 -251 11 1
-225 -287 21 0
-201 -295 13 1
-201 -294 13 1
-210 -261 8 0
-204 -298 17 1
-204 -299 17 1
-245 -268 6 1
-244 -266 5 1
-244 -265 5 1
-244 -264 5 1
-234 -282 28 0
-238 -287 29 0
-238 -281 27 0
-238 -281 28 0
-234 -286 28 1
-234 -286 29 1
-234 -285 28 1
-214 -259 14 0
-214 -258 14 0
-215 -258 14 0
-216 -257 14 0
-220 -260 15 0
-234 -296 11 1
-234 -296 10 1
-234 -297 12 1
-234 -297 11 1
-234 -297 10 1
-234 -298 12 1
-220 -282 7 1
-220 -282 6 1
-234 -251 14 0
-232 -251 19 0
-232 -252 18 0
-231 -254 19 0
-221 -280 9 0
-221 -281 10 0
-232 -295 14 1
-232 -295 13 1
-232 -295 12 1
-241 -297 15 0
-240 -297 15 0
-234 -292 15 0
-236 -298 16 0
-240 -294 15 0
-234 -295 17 1
-235 -295 16 1
-235 -294 16 1
-232 -252 11 1
-232 -252 12 1
-238 -285 10 0
-242 -287 10 0
-227 -262 20 0
-228 -263 19 0
-228 -264 18 0
-227 -259 19 1
-228 -259 18 1
-225 -262 18 0
-224 -262 17 0
-229 -262 17 0
-223 -259 24 0
-238 -258 12 2
-238 -258 11 2
-233 -271 28 0
-240 -270 30 0
-239 -269 29 0
-232 -270 30 0
-238 -265 30 0
-238 -266 30 0
-240 -295 22 0
-232 -298 22 0
-237 -290 22 0
-239 -299 22 0
-226 -258 19 1
-225 -263 19 0
-225 -265 18 0
-229 -260 19 0
-230 -260 18 0
-224 -260 18 0
-205 -295 18 0
-204 -292 16 0
-231 -263 5 1
-232 -263 5 2
-233 -263 5 1
-225 -277 17 0
-231 -281 16 0
-232 -282 16 0
-236 -264 12 2
-228 -260 5 1
-208 -284 16 0
-207 -285 17 0
-205 -285 17 0
-207 -284 16 0
-205 -279 11 0
-204 -279 11 0
-207 -282 8 2
-225 -260 9 0
-222 -262 9 0
-220 -266 10 0
-223 -259 11 1
-222 -260 10 0
-238 -279 6 1
-222 -267 11 0
-224 -262 11 0
-230 -257 17 1
-232 -257 18 0
-231 -258 16 1
-230 -254 13 1
-230 -254 14 2
-230 -254 15 1
-226 -255 13 1
-212 -265 14 0
-212 -264 14 0
-211 -258 15 2
-211 -259 15 0
-216 -264 15 0
-215 -264 15 0
-209 -264 16 0
-214 -267 16 0
-214 -266 16 0
-213 -265 15 0
-210 -261 17 0
-211 -262 15 0
-212 -262 15 0
-216 -262 17 0
-211 -265 17 0
-211 -265 16 0
-221 -295 15 0
-220 -296 15 0
-216 -293 17 0
-202 -298 21 0
-220 -293 17 0
-220 -294 17 0
-201 -299 18 0
-201 -300 19 0
-240 -269 17 0
-237 -264 18 2
-201 -297 18 0
-232 -283 10 1
-232 -284 12 1
-225 -287 17 0
-226 -287 16 1
-228 -292 17 0
-229 -291 17 0
-212 -254 19 2
-212 -254 20 2
-212 -254 21 2
-213 -282 7 1
-213 -282 6 1
-213 -282 5 1
-214 -280 7 1
-237 -272 21 0
-237 -272 20 0
-233 -267 21 0
-214 -282 5 2
-235 -268 19 0
-240 -268 21 0
-239 -268 21 0
-238 -268 20 0
-237 -268 18 0
-234 -271 22 0
-235 -271 21 0
-235 -270 20 0
-236 -270 19 0
-236 -266 22 0
-238 -270 22 0
-237 -269 20 0
-235 -269 23 0
-218 -293 17 0
-219 -297 10 1
-216 -296 15 0
-210 -298 15 0
-215 -290 13 0
-215 -290 15 0
-215 -291 15 0
-212 -290 15 0
-213 -291 16 0
-213 -290 15 0
-213 -289 12 1
-214 -290 13 0
-213 -290 11 2
-213 -288 13 1
-211 -288 13 1
-212 -289 12 1
-248 -282 9 0
-250 -281 11 0
-204 -274 4 1
-204 -274 5 2
-203 -276 4 1
-203 -276 5 1
-203 -275 4 1
-203 -275 5 2
-203 -273 4 1
-203 -273 5 1
-203 -272 4 1
-203 -272 5 2
-206 -272 7 0
-205 -271 3 2
-247 -273 3 2
-248 -271 3 1
-226 -285 17 0
-225 -283 18 0
-226 -290 17 0
-226 -291 17 0
-223 -287 16 0
-222 -286 17 0
-230 -292 16 0
-227 -285 16 0
-225 -289 16 0
-224 -290 16 0
-223 -291 16 0
-224 -285 15 0
-227 -290 15 0
-227 -291 15 0
-227 -292 15 0
-230 -284 14 0
-224 -288 15 0
-226 -284 14 0
-226 -283 14 0
-226 -290 14 0
-225 -291 13 0
-225 -287 14 0
-227 -291 12 1
-227 -291 13 1
-227 -290 13 1
-242 -283 14 0
-230 -259 3 2
-230 -259 2 1
-248 -283 12 0
-248 -284 13 0
-206 -256 43 0
-248 -279 12 0
-205 -261 42 0
-204 -261 43 0
-248 -278 11 0
-246 -276 11 0
-250 -282 11 0
-248 -276 10 1
-250 -281 9 0
-207 -262 41 0
-207 -263 42 0
-208 -256 41 0
-210 -261 41 0
-205 -255 40 0
-205 -262 40 0
-205 -263 40 0
-210 -257 40 2
-210 -256 40 2
-207 -260 39 0
-208 -261 39 0
-208 -262 39 0
-209 -263 39 0
-204 -261 39 0
-202 -262 39 0
-213 -292 15 0
-211 -293 17 0
-211 -293 16 0
-210 -296 17 0
-204 -265 9 0
-215 -271 4 1
-240 -277 4 1
-242 -274 5 1
-206 -299 14 1
-211 -297 15 0
-208 -296 13 0
-209 -292 16 0
-223 -291 19 0
-222 -290 19 0
-228 -275 8 2
-228 -275 9 1
-227 -277 7 1
-227 -277 8 1
-242 -284 21 0
-239 -287 24 0
-240 -286 23 0
-241 -282 24 1
-241 -283 23 1
-243 -286 25 0
-243 -285 24 0
-242 -285 23 0
-242 -285 22 0
-240 -284 25 1
-241 -280 17 0
-241 -281 17 0
-245 -281 18 0
-244 -282 18 0
-242 -289 18 0
-242 -288 18 0
-202 -274 12 0
-250 -270 7 2
-250 -270 5 2
-201 -255 9 0
-203 -253 9 1
-250 -267 2 2
-250 -267 3 2
-249 -267 1 1
-249 -267 2 1
-240 -252 17 0
-241 -251 17 0
-249 -263 9 0
-250 -268 2 1
-248 -265 6 1
-236 -270 5 1
-246 -268 9 1
-246 -268 8 1
-247 -268 10 1
-246 -267 3 1
-247 -265 5 1
-247 -265 3 1
-247 -266 5 2
-219 -253 45 0
-213 -297 9 1
-214 -295 10 2
-214 -295 9 1
-204 -260 33 0
-204 -258 33 0
-249 -266 15 0
-207 -284 15 0
-216 -299 13 1
-211 -287 13 1
-216 -298 13 1
-215 -299 13 1
-210 -284 11 1
-208 -283 9 2
-207 -283 8 1
-218 -297 12 1
-218 -296 10 1
-209 -285 16 0
-248 -276 5 1
-248 -276 6 1
-248 -275 4 2
-248 -275 5 2
-248 -275 6 2
-223 -298 22 0
-202 -277 10 0
-225 -299 21 0
-224 -296 21 0
-224 -296 22 0
-223 -299 20 0
-221 -297 21 0
-221 -296 21 0
-224 -297 19 0
-226 -294 21 0
-201 -279 18 0
-220 -300 20 0
-222 -294 20 0
-224 -294 18 0
-223 -300 17 0
-218 -295 12 1
-216 -298 10 1
-201 -258 33 0
-202 -254 35 2
-204 -280 8 1
-229 -297 18 1
-209 -274 9 1
-211 -269 8 2
-211 -270 8 1
-211 -271 8 2
-210 -272 8 1
-205 -273 8 0
-202 -251 36 2
-219 -280 13 0
-209 -262 9 0
-210 -262 10 0
-210 -262 11 0
-208 -262 8 0
-207 -263 9 0
-234 -266 6 2
-234 -266 7 1
-234 -265 5 1
-234 -265 6 2
-234 -265 7 2
-250 -272 14 2
-250 -272 12 1
-250 -272 13 2
-227 -278 14 0
-223 -288 22 0
-223 -288 21 0
-236 -275 10 1
-224 -295 12 1
-224 -295 11 1
-224 -296 13 1
-224 -296 12 2
-237 -266 15 2
-235 -264 15 2
-236 -265 16 2
-236 -266 16 0
-239 -265 16 1
-239 -266 17 0
-238 -267 17 0
-233 -265 17 0
-224 -289 17 0
-222 -288 16 0
-201 -256 3 2
-201 -256 2 1
-201 -257 4 1
-201 -257 3 2
-201 -257 2 1
-201 -258 4 1
-235 -276 26 0
-230 -277 27 0
-230 -278 26 0
-231 -278 26 0
-232 -279 24 0
-233 -277 28 0
-233 -277 27 0
-233 -278 26 0
-233 -278 25 0
-232 -279 29 0
-223 -251 4 1
-223 -252 4 1
-224 -251 4 1
-224 -252 4 1
-226 -253 9 1
-222 -295 18 0
-222 -295 19 0
-235 -271 34 0
-235 -270 33 0
-236 -266 34 0
-237 -268 31 0
-237 -269 32 0
-235 -268 35 0
-236 -268 34 0
-211 -298 10 2
-213 -294 9 1
-238 -271 26 0
-230 -265 32 0
-230 -264 31 0
-233 -261 33 0
-231 -263 34 0
-228 -261 33 0
-230 -258 30 0
-230 -260 31 2
-230 -260 30 1
-230 -261 31 1
-230 -261 30 2
-230 -255 31 0
-228 -260 32 1
-230 -259 30 1
-229 -257 32 0
-230 -261 33 0
-230 -260 32 1
-217 -266 12 0
-215 -271 11 0
-213 -268 12 0
-213 -268 11 0
-218 -269 13 0
-218 -269 12 0
-217 -269 12 0
-223 -299 13 0
-221 -298 15 0
-223 -293 14 0
-222 -295 14 0
-232 -255 11 2
-233 -254 11 1
-233 -255 11 1
-239 -251 12 0
-238 -252 12 0
-235 -259 11 2
-235 -260 13 2
-221 -300 17 0
-218 -296 17 0
-223 -297 18 0
-222 -297 17 0
-218 -300 19 0
-220 -294 19 0
-220 -295 18 0
-220 -296 17 0
-221 -299 20 0
-221 -298 18 0
-225 -282 22 0
-225 -283 21 0
-225 -284 20 0
-227 -286 23 0
-227 -286 22 0
-226 -286 21 0
-224 -285 23 0
-226 -271 5 1
-238 -293 13 1
-242 -295 13 0
-241 -294 13 0
-238 -291 13 0
-203 -260 1 1
-207 -258 18 0
-203 -264 18 0
-203 -255 19 0
-208 -261 19 0
-207 -256 20 2
-206 -257 19 0
-205 -259 19 0
-205 -265 16 0
-201 -263 17 0
-208 -258 18 0
-207 -260 18 0
-236 -273 10 0
-236 -274 11 0
-236 -268 9 0
-239 -272 8 2
-239 -271 8 1
-210 -290 12 1
-202 -285 8 1
-202 -285 9 2
-202 -285 10 1
-202 -284 8 1
-202 -284 9 2
-202 -284 10 1
-202 -283 8 1
-202 -283 9 2
-209 -290 14 0
-211 -290 14 0
-208 -290 14 0
-209 -293 16 0
-207 -291 14 0
-207 -289 13 0
-206 -289 13 0
-208 -289 13 0
-217 -292 12 1
-214 -294 17 0
-216 -292 15 0
-217 -291 12 1
-228 -279 25 0
-234 -277 24 0
-234 -276 24 0
-234 -275 24 0
-232 -278 24 0
-230 -276 24 0
-233 -285 23 0
-235 -278 23 1
-236 -277 23 1
-236 -276 23 1
-231 -280 24 0
-230 -280 23 0
-229 -280 23 0
-232 -276 22 0
-232 -275 22 0
-231 -283 22 0
-235 -279 23 1
-236 -279 23 1
-236 -279 22 2
-237 -279 21 1
-232 -279 23 0
-230 -278 21 0
-234 -277 21 0
-213 -299 10 1
-239 -262 11 2
-239 -262 10 2
-239 -262 9 2
-239 -263 11 2
-239 -263 10 2
-207 -252 3 1
-207 -251 1 1
-207 -251 2 2
-207 -251 3 1
-223 -277 9 2
-209 -270 9 1
-209 -269 9 1
-220 -252 17 0
-219 -253 17 0
-223 -251 17 0
-223 -252 16 1
-223 -253 16 1
-203 -263 9 0
-221 -251 16 1
-220 -251 15 1
-220 -252 19 0
-220 -253 20 0
-219 -253 21 0
-205 -281 7 1
-220 -251 20 1
-206 -280 8 2
-229 -299 17 1
-203 -280 8 1
-230 -298 13 1
-219 -251 18 2
-219 -251 20 2
-229 -295 16 1
-229 -295 15 1
-241 -257 19 2
-236 -253 20 0
-236 -251 19 0
-238 -260 13 2
-238 -260 11 2
-238 -261 13 2
-238 -261 12 2
-238 -261 11 2
-239 -259 13 2
-220 -255 20 0
-204 -279 7 1
-203 -279 7 1
-217 -255 18 0
-217 -256 18 0
-217 -256 19 0
-244 -262 13 0
-244 -261 13 0
-215 -252 19 2
-220 -258 18 0
-216 -255 17 0
-215 -265 13 0
-215 -266 12 0
-247 -263 14 0
-246 -262 14 0
-246 -261 14 0
-241 -258 14 2
-242 -259 14 2
-248 -257 15 0
-247 -257 15 0
-245 -258 14 0
-242 -264 15 1
-243 -263 15 0
-242 -256 15 2
-243 -256 15 2
-248 -261 16 0
-240 -261 16 2
-240 -260 16 2
-242 -260 15 0
-245 -256 16 0
-245 -258 15 0
-245 -263 17 0
-245 -262 16 0
-229 -286 13 1
-229 -289 14 1
-229 -290 13 1
-225 -286 13 0
-226 -287 13 1
-226 -291 13 0
-227 -291 14 1
-227 -290 14 1
-214 -267 10 1
-213 -265 12 0
-216 -269 10 0
-216 -270 11 0
-216 -271 12 0
-213 -268 10 1
-212 -268 11 0
-211 -269 11 0
-218 -268 11 0
-219 -269 11 0
-214 -272 10 1
-218 -266 10 0
-244 -259 2 1
-244 -259 3 1
-244 -259 4 2
-243 -261 2 1
-243 -261 3 1
-243 -261 4 1
-243 -260 2 1
-243 -260 3 2
-243 -260 4 2
-243 -259 2 1
-243 -259 3 2
-243 -259 4 2
-245 -258 1 1
-244 -258 1 1
-243 -258 1 1
-243 -258 2 2
-239 -259 22 2
-239 -259 23 2
-239 -259 24 2
-239 -258 19 2
-239 -258 20 2
-238 -263 15 2
-238 -263 16 2
-238 -263 17 2
-238 -263 18 2
-238 -263 19 2
-238 -263 20 2
-216 -254 26 2
-216 -254 27 2
-216 -254 28 2
-216 -254 29 2
-216 -254 30 2
-216 -254 31 2
-216 -254 32 2
-212 -294 17 0
-211 -296 17 0
-211 -291 16 0
-210 -291 16 0
-212 -291 16 0
-211 -293 18 0
-210 -292 17 0
-212 -292 17 0
-209 -291 16 0
-201 -272 12 1
-201 -271 12 1
-201 -273 12 1
-238 -284 6 1
-237 -286 6 1
-237 -285 6 1
-237 -285 7 1
-237 -285 8 1
-237 -284 6 1
-240 -284 15 1
-241 -282 15 0
-236 -283 12 0
-225 -251 7 2
-225 -251 8 2
-225 -251 9 1
-224 -251 7 2
-224 -251 8 2
-224 -251 9 2
-214 -294 9 1
-214 -294 10 2
-201 -253 5 2
-235 -257 26 2
-234 -258 26 2
-233 -258 26 0
-242 -255 26 0
-242 -290 6 1
-242 -290 8 1
-242 -289 8 1
-201 -260 36 0
-206 -259 38 0
-205 -258 37 0
-201 -256 31 0
-203 -257 31 0
-231 -261 6 1
-232 -261 6 2
-232 -262 6 2
-233 -261 6 1
-233 -262 6 1
-228 -262 6 1
-226 -260 9 1
-226 -260 8 1
-238 -274 2 1
-215 -263 7 0
-214 -258 9 1
-234 -296 20 0
-208 -291 9 1
-229 -251 10 2
-208 -291 10 2
-238 -274 9 1
-237 -274 9 1
-246 -287 2 1
-229 -295 17 0
-230 -295 17 0
-241 -265 28 0
-228 -300 16 0
-225 -288 16 0
-226 -293 16 0
-226 -292 16 0
-223 -299 16 0
-227 -297 16 1
-228 -297 16 1
-230 -297 15 1
-226 -300 15 0
-224 -289 16 0
-249 -254 7 0
-249 -256 5 0
-250 -252 8 0
-250 -254 6 0
-246 -254 4 0
-241 -290 9 1
-203 -260 27 0
-241 -288 9 1
-240 -290 7 1
-240 -290 8 2
-245 -254 2 2
-245 -254 3 1
-245 -254 4 1
-245 -253 3 1
-201 -259 26 0
-201 -258 26 0
-244 -254 3 2
-201 -262 28 0
-201 -262 27 0
-243 -254 3 1
-243 -254 4 1
-249 -254 0 1
-249 -254 1 2
-249 -254 2 2
-249 -253 0 1
-249 -253 1 2
-249 -253 2 2
-249 -252 0 1
-249 -252 1 2
-249 -252 2 1
-248 -254 0 1
-248 -254 1 2
-248 -254 2 2
-247 -254 0 1
-247 -254 1 1
-247 -254 2 2
-245 -251 3 1
-204 -264 31 0
-243 -254 0 1
-243 -254 1 1
-243 -253 0 1
-243 -253 1 2
-242 -254 0 1
-242 -254 1 1
-242 -254 2 2
-241 -254 0 1
-202 -262 29 0
-203 -262 28 0
-204 -262 28 0
-201 -260 28 0
-202 -259 28 0
-201 -280 15 0
-201 -276 14 0
-235 -298 10 1
-235 -298 11 1
-235 -298 12 1
-235 -297 10 1
-235 -297 11 2
-235 -297 12 1
-237 -273 15 0
-238 -273 16 0
-233 -269 15 0
-236 -295 13 1
-235 -295 13 1
-204 -271 2 1
-204 -270 2 1
-204 -270 3 2
-204 -270 4 1
-204 -271 8 0
-204 -271 10 0
-203 -271 12 0
-205 -271 8 0
-205 -272 9 0
-205 -270 9 0
-205 -270 10 0
-212 -254 22 2
-212 -254 23 2
-212 -254 24 2
-212 -254 25 2
-212 -254 26 2
-212 -254 27 2
-212 -254 28 2
-225 -283 19 0
-241 -287 10 0
-244 -252 3 2
-244 -253 3 2
-232 -267 12 0
-232 -266 11 1
-229 -265 13 0
-203 -292 12 0
-204 -291 11 1
-205 -291 11 1
-201 -294 12 1
-202 -295 11 1
-202 -296 10 2
-202 -289 9 2
-207 -254 22 2
-207 -254 21 2
-207 -254 20 2
-207 -254 19 2
-207 -254 18 2
-207 -254 17 2
-207 -254 16 2
-207 -255 37 2
-207 -255 35 2
-207 -255 32 2
-207 -255 31 2
-207 -255 30 2
-207 -255 29 2
-207 -255 28 2
-207 -255 27 2
-207 -255 26 2
-207 -255 25 2
-207 -255 24 2
-207 -255 23 2
-207 -255 22 2
-207 -255 21 2
-207 -255 20 2
-207 -255 19 2
-207 -255 16 2
-207 -256 33 2
-207 -256 32 2
-207 -256 31 2
-207 -256 30 2
-207 -256 29 2
-225 -294 19 0
-227 -295 20 0
-249 -284 14 0
-249 -283 14 0
-248 -283 13 0
-248 -282 13 0
-245 -278 15 0
-246 -283 15 0
-246 -282 15 0
-247 -281 13 0
-244 -257 10 1
-246 -259 4 2
-247 -259 4 1
-243 -261 5 1
-239 -271 27 0
-211 -254 19 2
-218 -297 16 0
-216 -295 17 0
-216 -296 16 0
-217 -298 19 0
-229 -260 3 1
-229 -259 2 1
-229 -259 3 1
-229 -259 4 1
-229 -258 2 1
-229 -258 3 1
-229 -258 4 1
-228 -260 1 1
-235 -287 14 1
-234 -294 21 0
-234 -294 22 0
-236 -297 19 0
-237 -287 17 0
-236 -287 20 0
-238 -288 18 0
-235 -290 19 0
-223 -258 8 1
-223 -258 9 1
-223 -258 10 1
-223 -257 8 1
-223 -257 9 1
-223 -257 10 2
-247 -291 3 1
-248 -291 3 1
-222 -258 10 1
-222 -257 8 2
-221 -258 9 1
-221 -258 10 1
-220 -253 7 1
-215 -257 8 1
-220 -259 8 0
-221 -259 8 1
-212 -261 6 0
-224 -268 5 2
-224 -267 3 1
-223 -268 5 1
-225 -263 1 1
-225 -262 1 1
-225 -262 2 2
-225 -262 3 1
-225 -261 1 1
-221 -264 2 2
-221 -264 3 1
-221 -263 1 1
-221 -263 2 2
-221 -263 3 1
-219 -264 4 0
-218 -262 1 1
-226 -261 7 0
-222 -269 6 0
-222 -270 6 0
-229 -267 6 1
-230 -267 6 1
-225 -270 7 1
-224 -270 7 1
-224 -269 6 1
-223 -298 20 0
-222 -298 18 0
-220 -297 20 0
-220 -297 19 0
-233 -257 5 1
-233 -258 7 1
-242 -255 3 1
-242 -255 2 1
-242 -255 1 1
-233 -259 6 1
-233 -259 5 1
-234 -257 7 1
-202 -291 12 0
-202 -291 11 0
-203 -290 11 1
-228 -285 15 0
-227 -284 15 0
-201 -295 10 1
-201 -289 8 1
-201 -289 9 2
-201 -289 10 1
-201 -288 8 1
-201 -288 9 2
-201 -288 10 1
-201 -287 8 1
-201 -287 9 2
-201 -287 10 2
-203 -271 6 1
-205 -282 9 2
-205 -282 10 1
-205 -281 8 1
-205 -281 9 2
-205 -281 10 1
-204 -283 8 1
-204 -283 9 2
-204 -283 10 1
-204 -282 8 1
-204 -282 10 1
-204 -281 8 1
-204 -281 9 2
-204 -281 10 1
-203 -283 8 1
-203 -283 9 2
-203 -283 10 1
-203 -282 8 1
-203 -282 9 2
-203 -282 10 1
-203 -281 8 1
-203 -281 10 1
-202 -283 10 1
-211 -290 12 1
-213 -290 12 1
-220 -261 9 0
-222 -258 11 1
-219 -278 14 0
-224 -275 13 0
-218 -274 14 0
-222 -274 12 0
-223 -273 13 0
-223 -272 13 0
-220 -274 11 0
-221 -273 11 0
-222 -272 11 0
-222 -271 11 0
-220 -272 8 0
-224 -275 5 1
-232 -260 17 2
-232 -260 18 2
-232 -260 19 2
-232 -260 20 2
-232 -260 21 2
-232 -260 22 2
-232 -260 23 2
-232 -260 24 2
-232 -260 25 2
-231 -261 16 2
-231 -261 17 2
-231 -261 18 2
-231 -261 19 2
-231 -261 20 2
-231 -261 21 2
-231 -261 22 2
-231 -261 23 2
-231 -261 24 2
-231 -261 25 2
-209 -280 14 0
-210 -279 14 0
-206 -277 13 0
-243 -281 12 0
-210 -282 13 0
-211 -282 13 0
-207 -280 12 0
-208 -279 12 0
-243 -280 13 0
-246 -281 14 0
-241 -280 12 0
-233 -270 6 2
-233 -270 7 1
-233 -269 5 2
-229 -272 4 1
-228 -272 4 1
-210 -283 15 0
-230 -251 4 1
-210 -290 11 1
-212 -290 13 0
-235 -256 4 1
-213 -290 9 1
-228 -280 16 0
-225 -293 16 0
-202 -286 8 1
-227 -289 11 1
-207 -260 6 0
-207 -300 11 1
-209 -260 6 1
-203 -261 28 0
-205 -252 4 2
-201 -265 24 0
-215 -256 14 1
-214 -255 14 2
-230 -298 20 0
-230 -298 19 0
-229 -299 18 1
-242 -278 10 0
-241 -277 9 0
-244 -275 11 0
-243 -275 11 0
-239 -278 12 0
-240 -273 12 1
-242 -277 12 0
-242 -276 11 0
-241 -276 10 0
-241 -276 9 0
-203 -261 6 0
-202 -260 6 0
-205 -256 7 1
-204 -256 7 1
-203 -256 7 0
-202 -257 7 0
-205 -260 8 0
-203 -259 7 0
-202 -259 7 0
-236 -265 35 0
-238 -269 35 0
-241 -288 12 0
-242 -287 12 0
-244 -287 11 0
-239 -265 30 0
-229 -265 18 0
-229 -264 18 0
-228 -263 18 0
-222 -260 18 0
-223 -260 18 0
-231 -258 19 0
-230 -259 18 0
-229 -259 18 0
-231 -263 19 0
-230 -262 19 0
-228 -294 17 0
-228 -295 17 0
-248 -283 6 1
-230 -300 17 0
-229 -300 17 0
-232 -295 18 0
-233 -264 30 0
-240 -264 29 0
-233 -268 29 0
-232 -268 29 0
-240 -270 29 0
-236 -263 28 2
-234 -269 26 0
-227 -298 14 1
-239 -260 16 2
-240 -259 16 2
-243 -264 16 1
-239 -262 17 2
-246 -258 18 0
-241 -255 19 2
-247 -261 19 0
-247 -260 19 0
-245 -255 20 0
-244 -261 19 0
-247 -258 20 0
-241 -262 21 0
-245 -260 21 0
-244 -260 21 0
-244 -260 20 0
-242 -259 22 2
-242 -262 15 0
-247 -262 15 0
-246 -256 16 0
-244 -264 16 0
-244 -263 16 0
-240 -262 17 2
-229 -262 4 2
-229 -263 13 0
-244 -255 17 0
-245 -261 17 0
-241 -258 17 2
-248 -257 18 0
-247 -257 18 0
-242 -263 18 0
-241 -255 18 2
-242 -257 18 2
-248 -261 19 0
-246 -260 18 0
-240 -260 19 2
-242 -260 18 0
-245 -255 19 0
-245 -256 19 0
-244 -263 20 0
-244 -261 18 0
-246 -259 20 0
-243 -288 16 0
-208 -276 4 1
-208 -275 3 2
-239 -255 16 2
-243 -269 6 1
-234 -254 19 0
-239 -257 19 2
-240 -258 19 2
-234 -270 13 0
-203 -284 15 0
-203 -252 19 2
-203 -252 18 2
-203 -252 17 2
-203 -252 16 2
-203 -252 15 2
-203 -252 14 2
-203 -252 13 2
-203 -252 12 2
-203 -252 11 2
-203 -252 10 2
-203 -253 34 2
-203 -253 32 2
-235 -276 20 0
-236 -275 20 0
-228 -277 20 0
-227 -276 20 0
-236 -282 19 1
-233 -272 20 0
-229 -280 19 0
-236 -278 19 1
-237 -278 19 1
-229 -274 19 0
-232 -280 19 0
-228 -278 18 0
-228 -252 12 2
-228 -253 11 1
-228 -253 12 1
-228 -252 11 1
-228 -251 11 2
-228 -251 12 2
-227 -253 11 2
-227 -253 12 1
-227 -252 11 1
-227 -252 12 2
-227 -251 11 1
-227 -251 12 1
-231 -251 10 1
-232 -251 8 0
-228 -254 10 1
-228 -254 11 2
-228 -254 12 1
-228 -253 10 1
-232 -267 16 0
-234 -266 15 1
-234 -265 15 1
-223 -273 7 1
-223 -273 8 1
-225 -275 8 1
-230 -281 5 1
-230 -280 5 1
-230 -279 5 1
-229 -281 5 1
-229 -280 5 1
-229 -279 5 1
-228 -281 5 1
-228 -280 5 1
-228 -279 5 1
-228 -274 7 1
-227 -274 7 1
-227 -278 7 1
-226 -278 7 1
-226 -276 7 1
-225 -278 7 1
-225 -277 7 1
-225 -277 8 1
-225 -276 7 1
-225 -276 8 1
-225 -276 9 1
-229 -277 6 1
-226 -275 5 2
-226 -276 4 1
-226 -276 5 1
-226 -276 6 1
-226 -275 4 1
-226 -275 6 1
-226 -274 4 1
-226 -274 5 1
-226 -274 6 1
-225 -276 4 1
-225 -276 5 1
-225 -276 6 1
-225 -275 4 1
-225 -275 5 1
-225 -275 6 1
-225 -274 4 1
-225 -274 5 1
-225 -274 6 1
-225 -276 12 0
-225 -276 13 0
-225 -276 14 0
-225 -276 15 0
-227 -278 15 0
-226 -274 15 0
-224 -275 12 0
-223 -275 13 0
-223 -274 14 0
-226 -279 12 0
-227 -279 13 0
-247 -261 8 0
-242 -260 8 1
-245 -261 7 0
-245 -262 7 0
-245 -263 7 1
-243 -260 6 1
-246 -261 4 0
-234 -273 7 1
-218 -265 8 0
-221 -263 9 0
-219 -268 9 0
-220 -277 12 0
-221 -277 12 0
-221 -276 13 0
-218 -280 10 0
-207 -251 30 2
-234 -270 6 2
-233 -272 4 1
-233 -272 6 2
-233 -271 4 1
-233 -270 4 1
-230 -272 4 1
-233 -267 6 1
-230 -296 23 0
-238 -270 12 1
-245 -266 3 1
-211 -274 11 0
-212 -275 10 0
-205 -291 9 2
-206 -292 8 1
-206 -292 9 1
-206 -292 10 2
-206 -291 8 1
-206 -273 9 1
-210 -267 8 1
-203 -264 10 0
-237 -258 21 2
-230 -251 0 1
-243 -295 8 1
-243 -295 9 1
-243 -294 7 1
-242 -295 8 1
-242 -295 9 1
-241 -295 7 1
-238 -284 7 1
-237 -293 16 1
-214 -266 6 1
-214 -267 8 1
-228 -252 10 1
-228 -251 8 2
-228 -251 10 2
-206 -255 14 2
-206 -255 15 2
-206 -256 12 0
-228 -291 15 0
-228 -290 15 0
-224 -284 15 0
-225 -285 15 0
-226 -286 16 0
-229 -290 18 0
-239 -251 7 1
-235 -297 16 0
-215 -294 14 0
-239 -298 24 0
-236 -285 15 1
-202 -272 14 0
-203 -272 14 0
-204 -273 6 1
-205 -273 6 1
-206 -273 7 1
-209 -269 7 1
-209 -269 6 1
-209 -269 5 1
-209 -270 7 1
-209 -270 6 1
-209 -271 7 1
-209 -271 5 2
-210 -269 7 2
-215 -267 11 0
-207 -258 8 1
-207 -257 6 2
-207 -257 7 1
-220 -261 4 0
-220 -269 4 1
-209 -252 38 2
-209 -252 37 2
-209 -252 36 2
-209 -253 39 2
-209 -253 38 2
-209 -253 37 2
-209 -253 36 2
-209 -253 35 2
-209 -253 34 2
-209 -253 33 2
-209 -253 32 2
-209 -253 31 2
-209 -253 30 2
-209 -253 29 2
-209 -253 28 2
-209 -253 27 2
-209 -253 26 2
-209 -253 25 2
-209 -253 24 2
-209 -253 23 2
-209 -253 22 2
-209 -253 21 2
-209 -253 20 2
-209 -253 19 2
-209 -253 18 2
-209 -253 17 2
-209 -253 16 2
-209 -253 15 2
-209 -254 38 2
-209 -254 37 2
-209 -254 36 2
-209 -254 35 2
-209 -254 34 2
-209 -254 33 2
-209 -254 32 2
-209 -254 31 2
-235 -255 10 1
-238 -253 8 1
-234 -253 9 0
-233 -252 8 0
-238 -257 8 1
-238 -255 8 1
-237 -257 8 1
-237 -255 8 2
-236 -256 8 2
-235 -254 9 0
-234 -255 7 0
-238 -254 7 2
-239 -255 6 1
-239 -255 7 1
-239 -255 8 1
-239 -254 6 1
-239 -254 7 1
-238 -255 6 1
-238 -255 7 1
-238 -254 6 2
-237 -253 7 1
-237 -253 8 1
-236 -253 7 0
-202 -254 6 1
-233 -254 10 1
-232 -255 10 2
-234 -296 16 0
-238 -266 34 0
-235 -252 5 1
-231 -254 3 1
-238 -256 4 1
-235 -253 3 2
-227 -287 15 1
-233 -259 8 1
-214 -272 5 1
-203 -257 5 1
-203 -255 34 2
-202 -264 2 1
-205 -258 32 0
-201 -252 36 2
-208 -259 4 2
-208 -259 5 1
-208 -258 3 1
-202 -260 31 0
-204 -261 33 0
-205 -262 34 0
-250 -281 1 1
-202 -264 31 0
-202 -261 30 0
-216 -290 12 1
-202 -281 10 1
-215 -290 11 2
-203 -260 28 0
-204 -260 27 0
-214 -290 11 1
-210 -280 12 0
-211 -282 12 0
-211 -282 10 0
-210 -284 8 1
-225 -282 10 1
-221 -277 8 1
-229 -279 14 0
-238 -287 12 0
-245 -291 12 0
-207 -280 17 0
-245 -269 13 1
-245 -270 14 1
-245 -270 13 1
-245 -270 12 1
-241 -265 13 1
-244 -267 15 0
-242 -269 16 0
-244 -270 9 1
-244 -269 13 2
-243 -269 12 1
-242 -265 13 2
-241 -271 14 0
-241 -269 12 0
-243 -267 14 1
-242 -267 13 1
-240 -265 15 2
-241 -269 14 0
-202 -295 13 1
-201 -297 12 1
-201 -296 12 1
-201 -295 12 1
-201 -292 13 0
-203 -290 13 0
-203 -289 13 0
-204 -289 12 0
-202 -269 14 0
-201 -271 17 0
-204 -295 12 1
-213 -256 7 2
-212 -256 5 1
-212 -256 6 1
-212 -256 7 2
-211 -256 5 1
-211 -256 6 1
-238 -273 3 1
-238 -273 2 1
-239 -273 4 1
-228 -295 14 1
-225 -299 13 0
-215 -253 9 1
-216 -254 9 1
-212 -259 11 1
-213 -259 11 1
-214 -258 12 0
-241 -291 14 0
-240 -290 17 0
-237 -290 10 1
-238 -290 11 0
-239 -290 11 0
-240 -290 11 0
-238 -286 11 0
-244 -293 12 0
-238 -289 13 0
-239 -289 13 0
-240 -289 12 0
-245 -287 13 0
-240 -294 13 0
-240 -293 13 0
-241 -291 13 0
-239 -285 14 2
-240 -286 13 1
-240 -287 13 0
-237 -291 14 0
-238 -291 14 0
-239 -290 13 0
-243 -286 14 0
-242 -293 15 0
-242 -293 14 0
-242 -292 14 0
-242 -291 13 0
-238 -287 15 0
-239 -288 15 0
-245 -289 16 0
-240 -292 16 0
-240 -291 15 0
-240 -291 14 0
-241 -287 16 0
-241 -287 15 0
-241 -288 15 0
-202 -259 4 1
-201 -259 5 0
-201 -258 5 0
-201 -254 5 2
-201 -257 35 0
-203 -254 35 2
-236 -276 6 1
-236 -277 8 2
-203 -252 6 2
-236 -277 6 1
-237 -275 8 1
-237 -275 7 1
-237 -276 6 1
-237 -277 8 2
-237 -277 7 1
-237 -277 6 1
-203 -257 6 0
-236 -268 33 0
-234 -265 17 0
-238 -271 25 0
-240 -267 26 0
-239 -286 14 1
-239 -287 14 0
-243 -291 13 0
-237 -291 15 0
-207 -288 12 0
-208 -288 12 0
-224 -280 18 0
-223 -280 18 0
-210 -256 32 2
-219 -276 11 0
-214 -276 13 0
-215 -277 12 0
-216 -277 11 0
-240 -257 34 0
-234 -289 17 0
-241 -288 17 0
-238 -261 25 2
-244 -256 28 0
-217 -277 11 0
-219 -279 13 0
-248 -283 9 0
-248 -282 10 0
-248 -281 10 0
-247 -285 8 0
-246 -287 10 0
-247 -283 8 1
-246 -283 8 1
-246 -283 9 1
-242 -257 25 0
-244 -259 27 0
-249 -286 8 0
-214 -264 15 0
-217 -265 15 0
-214 -266 13 0
-213 -266 14 0
-218 -263 13 0
-237 -267 16 1
-239 -272 16 0
-234 -267 15 0
-233 -266 16 0
-237 -269 14 0
-230 -269 15 0
-236 -267 14 0
-236 -265 14 2
-228 -287 22 0
-233 -268 14 0
-232 -267 13 0
-215 -259 44 0
-214 -258 44 0
-214 -258 43 0
-213 -258 43 0
-213 -253 45 0
-213 -254 44 0
-238 -254 18 2
-236 -253 15 0
-244 -290 13 0
-244 -291 14 0
-244 -292 14 0
-226 -264 30 0
-227 -265 32 0
-226 -264 24 0
-237 -286 18 1
-234 -300 18 0
-204 -265 5 2
-207 -265 9 0
-206 -265 9 0
-210 -273 12 0
-205 -271 5 1
-204 -270 5 1
-235 -300 18 0
-236 -299 17 0
-208 -297 16 0
-206 -293 15 0
-210 -294 15 0
-201 -298 15 2
-203 -299 11 1
-202 -299 10 1
-202 -299 11 1
-210 -295 8 1
-210 -294 8 1
-205 -258 5 1
-204 -265 2 1
-204 -265 3 1
-204 -265 4 2
-237 -287 21 0
-242 -266 7 2
-242 -266 8 2
-235 -264 9 1
-235 -264 8 1
-249 -253 7 0
-249 -253 8 0
-249 -287 2 1
-249 -287 3 2
-249 -287 4 2
-248 -287 2 1
-248 -287 3 1
-248 -287 4 2
-247 -287 2 1
-247 -287 3 1
-247 -286 2 1
-247 -286 3 2
-247 -285 2 1
-247 -285 3 2
-247 -256 3 1
-249 -253 3 1
-249 -282 1 1
-247 -256 1 1
-247 -255 0 1
-247 -255 1 2
-247 -255 2 2
-246 -256 0 1
-246 -256 1 1
-245 -256 0 1
-245 -256 1 1
-245 -256 2 2
-247 -251 5 0
-215 -257 6 1
-249 -281 6 1
-248 -281 7 1
-203 -269 17 0
-201 -266 16 0
-215 -264 11 0
-213 -260 9 0
-213 -260 10 0
-213 -263 7 0
-212 -264 9 0
-212 -265 10 0
-215 -262 7 0
-216 -262 8 0
-216 -262 9 0
-217 -262 10 0
-211 -261 9 0
-214 -264 7 0
-214 -265 8 1
-214 -266 8 1
-215 -266 9 1
-214 -261 7 0
-215 -260 8 0
-215 -259 8 0
-215 -259 9 0
-214 -263 6 0
-216 -263 7 0
-214 -297 19 0
-214 -297 18 0
-214 -297 17 0
-216 -294 11 1
-216 -294 10 2
-216 -294 9 1
-201 -260 27 0
-202 -259 27 0
-218 -295 11 1
-218 -295 10 1
-218 -296 12 1
-218 -296 11 2
-202 -264 26 0
-216 -278 6 1
-212 -271 6 2
-213 -271 5 1
-209 -282 14 0
-210 -281 14 0
-207 -279 13 0
-234 -268 11 0
-228 -267 10 0
-227 -266 11 0
-234 -268 23 0
-202 -251 4 1
-202 -252 6 2
-202 -252 5 2
-235 -268 30 0
-237 -268 26 2
-206 -298 13 1
-206 -299 12 1
-206 -300 12 1
-208 -293 12 1
-208 -292 12 0
-209 -291 12 0
-208 -296 12 1
-209 -297 12 1
-226 -300 14 0
-229 -294 15 1
-230 -294 15 0
-228 -298 16 1
-217 -259 1 1
-217 -259 2 2
-217 -259 3 1
-216 -261 1 1
-216 -261 2 2
-216 -260 1 1
-227 -263 11 0
-208 -256 42 0
-202 -260 42 0
-209 -260 41 0
-211 -261 42 0
-206 -260 40 0
-205 -264 41 0
-211 -257 41 0
-204 -259 40 0
-208 -261 40 0
-207 -255 40 0
-207 -254 40 0
-203 -262 39 0
-219 -272 9 0
-220 -272 9 0
-223 -297 13 1
-223 -297 12 1
-217 -293 13 0
-203 -292 10 1
-203 -292 9 2
-203 -292 8 1
-203 -293 10 1
-203 -293 8 1
-203 -294 10 1
-203 -294 9 2
-203 -294 8 1
-204 -292 10 1
-204 -292 9 2
-204 -292 8 1
-204 -293 10 1
-204 -293 9 2
-225 -299 18 0
-237 -260 27 2
-239 -261 25 2
-239 -261 26 2
-233 -251 11 0
-234 -252 11 0
-235 -252 11 0
-241 -254 11 2
-232 -257 11 1
-236 -293 22 0
-237 -267 14 1
-240 -268 13 0
-212 -297 13 0
-237 -264 16 2
-235 -253 13 0
-234 -253 12 0
-233 -252 11 0
-237 -255 13 2
-238 -257 11 2
-237 -253 13 1
-235 -254 13 1
-235 -255 12 1
-236 -256 25 2
-235 -256 24 1
-238 -255 11 2
-238 -255 12 2
-238 -255 13 2
-238 -253 11 1
-238 -253 12 1
-238 -253 13 1
-237 -255 11 2
-237 -255 12 2
-226 -294 15 1
-230 -300 14 1
-230 -299 15 1
-211 -295 12 1
-226 -298 13 1
-250 -281 5 1
-227 -298 13 1
-229 -298 13 2
-229 -299 14 2
-229 -299 13 1
-212 -296 13 0
-211 -296 13 0
-230 -274 17 0
-229 -273 18 0
-221 -278 8 1
-201 -265 23 0
-222 -274 4 1
-220 -277 5 1
-205 -265 10 0
-203 -267 10 0
-204 -265 10 0
-218 -280 2 1
-242 -255 0 1
-242 -256 2 1
-242 -256 1 1
-242 -256 0 1
-243 -256 0 1
-205 -268 10 0
-244 -256 0 1
-204 -267 10 0
-201 -291 14 0
-236 -260 27 2
-238 -257 27 2
-235 -258 27 2
-204 -263 13 0
-205 -256 12 0
-202 -261 13 0
-208 -258 13 0
-207 -258 13 0
-202 -257 13 0
-203 -259 14 0
-202 -263 14 0
-203 -263 14 0
-204 -262 14 0
-206 -256 14 0
-206 -257 14 0
-204 -260 15 0
-204 -265 16 0
-204 -264 15 0
-205 -263 15 0
-203 -256 16 0
-204 -258 15 0
-201 -262 17 0
-202 -262 16 0
-207 -257 17 0
-202 -259 17 0
-244 -276 5 1
-215 -276 13 0
-215 -276 14 0
-214 -278 12 0
-218 -275 12 0
-221 -273 6 1
-237 -268 5 1
-235 -267 2 1
-220 -273 6 2
-220 -273 7 1
-219 -273 5 2
-219 -273 6 2
-227 -267 8 0
-226 -267 7 1
-225 -262 9 0
-225 -263 8 0
-201 -293 10 1
-201 -293 9 2
-201 -293 8 1
-218 -252 43 0
-218 -252 44 0
-212 -254 43 0
-205 -252 14 2
-210 -253 43 0
-209 -253 43 0
-216 -257 43 0
-217 -258 43 0
-223 -255 6 1
-223 -255 7 1
-223 -255 8 1
-220 -260 7 0
-221 -259 7 0
-222 -259 6 1
-217 -261 6 0
-218 -259 4 0
-223 -294 13 1
-223 -293 11 1
-223 -293 12 1
-223 -293 13 1
-222 -294 13 1
-222 -293 13 1
-221 -294 13 1
-222 -296 14 0
-224 -298 10 1
-224 -298 11 1
-224 -298 12 1
-224 -297 10 1
-224 -296 10 1
-223 -296 10 1
-246 -281 7 2
-246 -280 7 1
-245 -282 5 2
-245 -282 6 2
-245 -282 7 2
-245 -281 5 2
-245 -281 6 2
-201 -297 22 0
-201 -296 20 0
-220 -251 36 0
-220 -251 37 0
-226 -251 37 0
-222 -253 38 0
-225 -252 40 0
-233 -262 14 2
-223 -252 36 0
-220 -252 38 0
-224 -251 38 0
-224 -253 40 0
-224 -252 40 0
-219 -253 37 0
-224 -254 41 0
-223 -253 40 0
-222 -253 42 0
-223 -253 38 0
-221 -251 37 0
-221 -254 37 0
-219 -253 39 0
-220 -255 39 0
-222 -254 41 0
-222 -253 40 0
-222 -251 36 0
-221 -253 37 0
-220 -252 39 0
-203 -254 31 2
-203 -254 28 2
-204 -251 38 2
-204 -251 37 2
-204 -252 38 2
-204 -253 38 2
-204 -253 36 2
-204 -253 33 2
-204 -253 32 2
-204 -253 31 2
-204 -253 30 2
-204 -253 29 2
-204 -253 28 2
-204 -253 27 2
-204 -253 26 2
-240 -283 7 1
-239 -279 10 0
-239 -281 10 1
-240 -281 10 1
-245 -284 12 0
-239 -284 13 1
-239 -284 12 1
-240 -284 12 1
-245 -279 13 0
-240 -281 14 0
-240 -281 13 0
-246 -282 14 0
-246 -282 13 0
-227 -286 9 1
-227 -287 10 1
-238 -269 4 0
-234 -274 3 1
-234 -273 3 1
-234 -272 3 1
-231 -256 9 1
-236 -258 7 1
-234 -256 7 1
-233 -256 7 1
-232 -257 7 2
-235 -252 7 0
-234 -252 7 0
-233 -251 7 0
-235 -256 6 1
-235 -255 6 1
-233 -255 5 1
-233 -254 5 1
-233 -253 5 1
-232 -255 5 2
-232 -254 5 2
-232 -253 5 1
-231 -255 5 1
-242 -259 4 1
-210 -263 7 0
-207 -260 9 0
-213 -261 10 0
-212 -261 9 0
-211 -261 7 0
-208 -264 10 0
-206 -251 25 2
-209 -259 9 1
-209 -260 8 0
-211 -263 11 0
-235 -251 5 1
-237 -257 3 1
-233 -255 2 2
-234 -256 1 1
-234 -255 1 2
-234 -255 2 2
-248 -270 15 1
-202 -253 33 2
-201 -253 35 2
-234 -254 1 2
-234 -254 2 2
-202 -257 34 0
-234 -254 3 2
-248 -267 12 1
-248 -261 12 0
-250 -263 11 0
-248 -266 11 0
-247 -263 10 1
-248 -263 8 0
-247 -266 16 0
-249 -267 15 0
-248 -264 14 0
-248 -264 15 0
-246 -268 16 0
-250 -265 14 0
-245 -264 15 0
-250 -270 14 1
-215 -274 9 1
-215 -273 9 1
-216 -272 9 1
-212 -279 8 1
-211 -280 8 1
-219 -277 8 0
-215 -260 13 0
-213 -275 8 0
-211 -273 8 1
-217 -261 16 0
-215 -261 14 0
-214 -262 15 0
-218 -273 7 1
-221 -254 19 0
-201 -257 30 0
-218 -253 20 0
-219 -253 18 0
-203 -261 31 0
-236 -257 8 1
-206 -257 32 2
-205 -257 33 2
-204 -257 33 0
-212 -281 13 0
-224 -269 5 2
-206 -289 15 0
-202 -270 9 0
-203 -271 11 0
-202 -268 9 0
-202 -268 10 0
-201 -267 11 0
-201 -267 12 0
-201 -259 6 0
-201 -260 6 0
-204 -269 10 0
-205 -269 11 0
-203 -266 10 0
-204 -266 10 0
-201 -270 10 1
-204 -270 9 0
-234 -292 9 1
-234 -292 10 2
-234 -292 11 1
-245 -251 7 0
-245 -251 8 0
-234 -291 11 1
-240 -297 9 1
-243 -251 8 1
-240 -297 11 1
-239 -297 9 1
-246 -275 16 0
-245 -268 17 0
-246 -270 16 0
-246 -271 16 0
-243 -274 17 0
-248 -276 18 0
-248 -276 17 0
-244 -270 18 0
-245 -271 18 0
-245 -271 17 0
-245 -275 19 0
-246 -274 17 0
-247 -270 19 0
-247 -270 18 0
-247 -274 17 1
-246 -272 20 0
-246 -272 19 0
-245 -273 14 1
-245 -273 16 0
-245 -274 13 1
-243 -272 13 1
-244 -272 14 1
-245 -272 14 1
-246 -272 14 1
-247 -274 15 1
-247 -274 14 1
-207 -257 14 0
-207 -258 14 0
-202 -260 15 0
-205 -266 16 0
-206 -264 15 0
-204 -262 16 0
-205 -262 15 0
-246 -270 14 1
-246 -271 14 1
-246 -271 13 1
-229 -269 11 0
-242 -258 34 0
-245 -260 32 0
-243 -263 32 0
-250 -272 18 1
-250 -272 17 1
-250 -273 19 1
-250 -273 18 1
-250 -273 17 1
-247 -271 14 2
-205 -272 13 0
-227 -281 15 0
-206 -262 37 0
-227 -273 11 1
-227 -272 10 1
-227 -272 11 1
-230 -274 11 1
-232 -276 10 1
-232 -277 9 0
-229 -275 9 2
-229 -275 8 1
-232 -275 8 2
-232 -275 9 1
-232 -275 10 1
-231 -275 8 2
-231 -275 9 2
-231 -273 10 2
-230 -275 8 2
-230 -275 9 2
-230 -274 8 1
-230 -274 9 1
-230 -274 10 1
-230 -273 10 2
-224 -263 19 0
-223 -264 19 0
-230 -261 19 0
-226 -263 19 0
-226 -264 19 0
-227 -266 18 0
-229 -258 18 1
-229 -257 18 1
-223 -261 18 0
-226 -258 16 1
-226 -257 16 2
-226 -256 16 1
-225 -258 16 1
-225 -257 16 1
-225 -256 16 2
-224 -258 16 1
-215 -254 4 1
-221 -283 11 1
-222 -284 11 1
-220 -270 5 1
-224 -261 6 0
-224 -262 6 0
-224 -263 6 0
-226 -270 7 2
-225 -268 6 2
-224 -267 6 1
-224 -266 6 0
-227 -263 7 0
-227 -264 7 0
-226 -264 7 0
-225 -265 7 0
-222 -270 8 0
-222 -269 7 0
-223 -267 7 0
-206 -264 10 0
-209 -265 8 0
-202 -263 9 0
-203 -252 32 2
-203 -251 13 2
-205 -268 11 0
-203 -251 19 2
-204 -287 10 1
-203 -251 21 2
-203 -251 22 2
-203 -251 24 2
-203 -251 25 2
-204 -267 11 0
-204 -268 12 0
-240 -298 14 0
-234 -293 15 0
-240 -292 15 0
-236 -297 15 0
-207 -296 16 0
-207 -296 17 0
-208 -296 18 0
-206 -293 16 0
-206 -292 17 0
-205 -296 16 0
-210 -258 10 1
-210 -258 9 2
-209 -257 9 2
-209 -264 9 0
-240 -287 14 0
-241 -287 13 0
-242 -287 13 0
-241 -254 19 0
-240 -251 18 0
-233 -255 18 0
-239 -256 18 2
-236 -252 18 0
-240 -253 17 2
-235 -254 18 0
-233 -253 16 0
-237 -255 18 2
-237 -252 17 0
-235 -255 16 0
-234 -255 15 0
-247 -253 2 2
-247 -252 0 1
-247 -252 2 1
-247 -251 0 1
-247 -251 1 2
-247 -251 2 2
-222 -292 20 0
-222 -293 19 0
-237 -252 7 0
-209 -278 10 0
-207 -278 10 0
-236 -257 6 1
-237 -256 6 2
-237 -257 6 1
-206 -258 2 1
-217 -278 11 0
-216 -281 13 0
-217 -281 13 0
-218 -276 14 0
-218 -277 13 0
-220 -280 14 0
-244 -280 8 2
-245 -273 9 1
-244 -273 9 1
-243 -274 8 0
-239 -280 9 1
-240 -279 9 1
-240 -278 9 1
-245 -277 10 0
-242 -292 12 0
-225 -286 17 0
-229 -287 19 0
-225 -289 19 0
-226 -285 20 0
-237 -264 15 2
-238 -287 5 1
-206 -286 13 0
-205 -286 12 0
-204 -287 12 0
-203 -287 12 0
-222 -283 12 0
-221 -282 12 0
-225 -282 12 0
-226 -281 12 0
-226 -280 11 1
-222 -277 12 0
-222 -278 12 0
-222 -279 12 0
-203 -251 29 2
-202 -254 26 2
-202 -254 28 2
-202 -254 30 2
-202 -254 31 2
-202 -254 32 2
-202 -253 23 2
-239 -292 16 0
-204 -277 5 1
-232 -262 3 2
-208 -293 10 2
-208 -259 36 2
-208 -262 36 0
-209 -258 37 2
-204 -263 36 0
-205 -262 37 0
-209 -261 38 0
-208 -257 39 2
-207 -264 38 0
-211 -259 39 0
-210 -259 39 2
-209 -263 40 0
-209 -262 40 0
-211 -256 40 2
-205 -263 41 0
-206 -261 40 0
-211 -261 41 0
-210 -260 41 0
-208 -260 40 2
-204 -260 41 0
-208 -255 42 0
-207 -257 41 0
-207 -258 40 2
-207 -262 42 0
-207 -261 41 0
-204 -257 42 0
-210 -258 43 0
-208 -259 41 0
-230 -278 4 1
-226 -276 13 0
-226 -276 14 0
-226 -276 15 0
-226 -278 13 0
-225 -275 12 0
-225 -275 13 0
-224 -274 14 0
-226 -277 11 1
-225 -277 11 1
-245 -286 21 0
-238 -256 5 1
-203 -254 1 1
-247 -264 7 1
-248 -265 4 1
-249 -267 8 1
-246 -266 10 1
-249 -261 5 0
-246 -266 8 2
-246 -267 10 1
-246 -267 9 2
-246 -267 8 2
-246 -268 10 1
-247 -266 10 1
-244 -259 15 0
-245 -260 18 0
-244 -257 17 0
-244 -256 18 0
-243 -261 16 0
-242 -262 18 0
-245 -259 15 0
-246 -259 16 0
-247 -259 17 0
-225 -277 12 0
-224 -277 12 0
-226 -274 11 0
-225 -273 12 0
-227 -278 11 1
-226 -279 11 1
-224 -276 11 0
-223 -275 11 0
-222 -275 11 0
-229 -280 11 0
-226 -275 10 0
-225 -274 10 0
-224 -273 10 0
-227 -279 10 1
-227 -279 11 1
-226 -279 9 2
-226 -278 11 1
-225 -276 10 1
-227 -280 9 1
-226 -280 9 1
-226 -279 8 1
-241 -286 12 0
-244 -294 13 0
-206 -253 27 2
-206 -253 26 2
-206 -253 25 2
-206 -253 24 2
-206 -253 23 2
-206 -253 22 2
-206 -253 21 2
-206 -253 20 2
-206 -253 19 2
-206 -253 18 2
-206 -253 17 2
-206 -253 16 2
-206 -253 15 2
-206 -253 14 2
-206 -254 35 2
-206 -254 34 2
-226 -253 14 1
-229 -253 14 2
-229 -253 15 2
-239 -287 17 0
-239 -288 18 0
-206 -280 7 1
-206 -283 11 0
-207 -283 11 1
-208 -285 18 0
-206 -281 17 0
-228 -283 12 1
-228 -283 13 1
-227 -284 11 1
-242 -255 27 0
-250 -258 0 1
-250 -258 1 1
-207 -280 16 0
-208 -279 17 0
-216 -295 14 0
-231 -274 21 0
-231 -273 18 0
-232 -276 19 0
-235 -280 18 2
-236 -281 18 1
-228 -278 19 0
-232 -277 20 0
-236 -278 20 2
-234 -278 20 1
-235 -280 19 2
-234 -280 21 1
-234 -279 22 1
-232 -280 21 0
-232 -280 22 0
-234 -276 20 0
-233 -278 22 0
-233 -279 23 0
-233 -281 20 1
-233 -281 19 1
-233 -282 20 1
-233 -282 19 1
-233 -283 20 1
-233 -283 19 1
-234 -281 20 1
-234 -281 19 1
-234 -282 19 2
-234 -283 20 1
-235 -281 20 2
-235 -281 19 2
-235 -282 20 1
-208 -269 4 2
-208 -269 3 1
-208 -270 5 2
-208 -270 3 2
-208 -271 5 1
-208 -271 4 2
-208 -271 3 1
-208 -270 4 2
-204 -271 4 1
-205 -272 5 1
-210 -273 5 1
-205 -275 5 2
-239 -292 19 0
-226 -267 3 1
-226 -268 5 1
-226 -268 3 2
-226 -269 5 1
-226 -269 4 2
-226 -269 3 1
-227 -267 5 1
-232 -278 15 0
-248 -279 9 1
-243 -282 9 1
-246 -276 8 1
-242 -282 9 1
-240 -288 15 0
-210 -268 6 2
-209 -268 5 2
-239 -289 19 0
-202 -253 35 2
-222 -260 7 1
-217 -259 8 0
-222 -257 6 2
-222 -257 7 2
-222 -256 6 2
-202 -252 16 2
-202 -252 17 2
-202 -252 18 2
-202 -252 19 2
-202 -252 20 2
-220 -257 6 1
-220 -257 7 2
-215 -257 7 1
-218 -258 8 0
-219 -255 6 1
-202 -252 26 2
-202 -252 27 2
-216 -255 14 1
-215 -255 14 1
-214 -255 13 2
-213 -255 13 2
-221 -258 12 1
-221 -258 13 1
-221 -258 14 1
-221 -257 12 1
-221 -256 12 2
-243 -278 10 0
-244 -278 11 0
-244 -278 12 0
-243 -276 10 0
-242 -275 12 0
-219 -257 12 1
-219 -257 13 1
-219 -257 14 1
-233 -266 34 1
-237 -272 33 0
-238 -266 32 0
-238 -265 33 0
-234 -269 32 0
-232 -270 33 0
-240 -270 32 0
-235 -265 32 1
-235 -264 32 1
-236 -270 31 0
-235 -273 32 0
-238 -267 31 0
-239 -267 31 0
-234 -268 31 0
-233 -268 31 0
-238 -271 31 0
-239 -272 31 0
-239 -273 31 0
-240 -269 30 0
-241 -269 30 0
-250 -253 2 1
-250 -253 1 2
-221 -264 10 0
-250 -282 4 1
-250 -282 3 2
-250 -282 2 1
-250 -283 4 1
-250 -283 3 2
-250 -283 2 1
-250 -284 4 1
-250 -284 3 2
-250 -284 2 1
-213 -261 12 0
-219 -262 13 0
-219 -261 13 0
-214 -258 13 0
-215 -263 14 0
-215 -262 14 0
-216 -261 13 0
-216 -260 13 0
-230 -285 15 0
-238 -289 19 0
-228 -292 15 0
-209 -256 19 2
-209 -256 20 2
-209 -256 21 2
-209 -256 22 2
-209 -256 23 2
-209 -256 24 2
-207 -266 10 0
-209 -256 25 2
-209 -256 26 2
-209 -256 27 2
-244 -290 6 2
-244 -290 5 1
-244 -290 4 1
-238 -269 6 1
-239 -264 9 1
-241 -268 10 1
-239 -268 11 0
-240 -266 12 1
-250 -255 17 0
-250 -254 17 0
-248 -252 17 0
-250 -252 19 0
-248 -251 19 0
-248 -251 18 0
-248 -251 11 0
-250 -255 11 0
-250 -251 14 0
-238 -264 9 2
-239 -266 12 1
-224 -291 16 0
-225 -290 16 0
-226 -289 16 1
-228 -283 16 0
-228 -284 16 0
-228 -285 16 0
-230 -291 16 0
-235 -271 20 0
-235 -270 19 0
-236 -266 21 0
-247 -253 1 2
-247 -253 0 1
-248 -251 2 1
-248 -251 1 2
-248 -251 0 1
-248 -252 2 1
-248 -252 1 2
-248 -252 0 1
-248 -253 2 2
-209 -252 29 2
-248 -253 0 1
-240 -255 11 2
-244 -264 11 1
-248 -261 10 0
-242 -262 10 1
-245 -261 10 0
-245 -260 16 0
-245 -260 17 0
-244 -258 14 0
-244 -257 16 0
-243 -260 15 0
-247 -258 16 0
-241 -257 16 2
-245 -262 15 0
-245 -257 14 0
-245 -256 14 0
-246 -255 15 0
-243 -259 13 0
-240 -260 15 2
-247 -260 14 0
-242 -269 9 2
-244 -268 7 2
-244 -268 8 2
-228 -277 16 0
-228 -276 15 0
-226 -275 15 0
-230 -283 15 0
-240 -296 10 1
-240 -296 11 1
-239 -296 9 1
-236 -294 9 1
-236 -266 17 0
-239 -265 17 0
-239 -266 18 0
-241 -269 18 0
-240 -269 18 0
-237 -264 19 2
-247 -257 2 2
-235 -264 31 0
-236 -270 30 0
-236 -271 30 0
-235 -272 30 0
-239 -267 30 0
-240 -266 30 0
-241 -266 30 0
-234 -268 30 0
-233 -267 30 0
-232 -267 30 0
-238 -270 29 0
-239 -272 30 0
-237 -265 29 2
-237 -264 29 2
-237 -263 29 2
-234 -270 29 0
-234 -271 29 0
-212 -272 10 1
-212 -273 10 1
-213 -274 9 1
-210 -278 11 0
-211 -277 10 0
-212 -277 9 0
-216 -272 11 0
-223 -258 18 0
-224 -259 18 1
-230 -261 18 0
-229 -261 18 0
-222 -264 18 0
-209 -251 7 1
-207 -258 35 2
-201 -254 7 2
-222 -259 11 0
-223 -256 9 1
-223 -256 10 1
-224 -286 11 1
-224 -285 9 1
-231 -293 19 0
-229 -261 34 0
-246 -286 7 0
-243 -287 8 1
-243 -288 8 1
-243 -289 8 1
-244 -287 8 1
-244 -288 8 1
-244 -289 8 1
-245 -287 8 1
-245 -288 8 1
-245 -289 8 1
-250 -289 7 0
-227 -299 11 1
-207 -251 25 2
-212 -251 24 2
-209 -251 23 2
-210 -251 27 2
-234 -267 30 0
-201 -266 7 1
-216 -284 6 1
-208 -265 3 1
-208 -265 2 1
-208 -265 1 1
-214 -272 7 2
-233 -277 24 0
-228 -278 24 0
-229 -278 24 0
-230 -279 24 0
-231 -279 24 0
-236 -277 25 0
-231 -275 25 0
-231 -276 25 0
-229 -281 26 0
-235 -275 26 0
-234 -262 14 2
-229 -261 14 1
-224 -269 4 1
-224 -269 3 1
-207 -292 17 0
-208 -293 18 0
-246 -257 4 1
-208 -276 7 1
-208 -276 6 1
-208 -276 5 1
-228 -272 8 2
-229 -271 8 2
-208 -277 7 1
-208 -277 6 1
-208 -277 5 1
-235 -295 9 1
-243 -274 7 0
-237 -278 5 1
-240 -277 5 1
-241 -272 5 1
-241 -271 4 1
-241 -272 3 2
-241 -272 4 2
-240 -274 2 1
-234 -262 27 2
-235 -262 28 2
-241 -262 27 0
-240 -262 28 2
-239 -262 28 2
-217 -277 13 0
-218 -273 12 0
-240 -268 27 0
-241 -268 27 0
-233 -265 26 0
-231 -270 10 1
-229 -267 11 0
-233 -272 10 0
-233 -267 9 0
-234 -266 10 1
-234 -265 10 2
-234 -269 8 1
-236 -271 10 0
-231 -272 9 2
-231 -273 9 2
-234 -268 8 0
-235 -267 9 1
-235 -273 8 1
-233 -264 8 2
-234 -265 9 2
-234 -264 8 2
-234 -263 7 1
-234 -263 8 1
-233 -265 9 2
-233 -264 9 2
-233 -263 7 2
-233 -263 8 1
-234 -267 7 1
-236 -271 6 1
-221 -256 9 2
-220 -257 9 1
-218 -251 9 2
-223 -282 7 1
-222 -255 8 1
-217 -254 7 2
-217 -253 7 2
-217 -252 7 2
-216 -254 7 2
-216 -253 7 2
-216 -252 7 1
-215 -254 7 2
-215 -253 7 1
-215 -252 7 1
-219 -256 9 1
-220 -251 7 1
-218 -255 9 0
-216 -256 7 1
-221 -256 7 2
-221 -256 8 2
-221 -255 7 1
-221 -254 7 1
-220 -256 7 1
-220 -256 8 2
-220 -255 7 2
-220 -254 7 2
-219 -256 7 1
-219 -256 8 1
-219 -255 7 1
-247 -290 7 1
-247 -289 7 0
-243 -282 7 1
-228 -271 6 1
-250 -285 8 0
-250 -289 8 0
-249 -288 8 0
-248 -287 8 0
-218 -282 11 1
-218 -282 10 1
-218 -282 9 1
-218 -283 11 2
-218 -283 10 1
-218 -283 9 2
-218 -284 11 1
-218 -284 10 1
-218 -284 9 1
-219 -282 11 1
-219 -282 10 1
-219 -283 9 1
-203 -262 7 1
-210 -282 12 0
-211 -284 15 0
-222 -281 6 1
-211 -284 14 0
-210 -281 15 0
-212 -282 13 0
-250 -258 10 0
-249 -258 10 0
-250 -257 9 0
-235 -282 28 0
-203 -254 16 0
-232 -256 24 0
-230 -259 25 0
-231 -258 27 0
-232 -258 28 0
-234 -261 26 2
-234 -260 26 2
-229 -256 26 0
-230 -256 27 0
-230 -259 28 1
-230 -259 27 1
-230 -260 28 1
-230 -260 27 1
-230 -261 29 1
-241 -280 22 0
-242 -279 22 0
-249 -257 12 0
-238 -287 22 0
-237 -287 22 0
-246 -284 21 0
-241 -288 21 0
-241 -289 21 0
-245 -287 20 0
-239 -287 20 0
-205 -259 44 0
-207 -256 35 2
-225 -268 1 1
-210 -261 36 0
-239 -284 27 1
-242 -285 26 0
-242 -285 27 0
-240 -282 26 1
-240 -281 27 0
-227 -260 6 1
-227 -259 4 1
-227 -259 6 2
-227 -258 4 1
-227 -258 5 1
-227 -258 6 1
-226 -260 4 1
-226 -260 5 1
-226 -260 6 1
-226 -259 4 2
-226 -259 5 1
-226 -259 6 2
-226 -258 4 1
-226 -258 5 1
-226 -258 6 1
-232 -258 5 0
-229 -263 12 0
-230 -260 5 1
-229 -265 7 0
-230 -265 7 0
-231 -264 8 1
-248 -288 6 1
-248 -289 6 1
-229 -271 7 2
-227 -262 7 0
-231 -267 6 1
-243 -286 4 1
-240 -287 12 0
-241 -287 12 0
-247 -280 12 0
-246 -280 11 0
-241 -287 22 0
-242 -282 22 0
-242 -282 21 0
-244 -280 21 0
-237 -285 22 1
-236 -285 21 1
-224 -256 1 1
-223 -256 1 1
-221 -255 0 1
-221 -255 1 1
-221 -255 2 1
-220 -255 0 1
-220 -255 1 1
-220 -255 2 1
-219 -257 0 1
-219 -257 1 1
-219 -257 2 2
-219 -256 0 1
-219 -256 1 2
-219 -256 2 2
-219 -255 0 1
-219 -255 1 1
-219 -255 2 1
-229 -293 14 1
-229 -293 13 1
-208 -273 7 1
-233 -294 25 0
-235 -275 17 0
-233 -276 16 0
-232 -276 16 0
-231 -276 16 0
-228 -276 18 0
-205 -284 9 2
-205 -284 8 1
-206 -274 8 1
-215 -251 21 2
-215 -251 22 2
-215 -251 23 2
-215 -251 24 2
-215 -251 25 2
-215 -251 26 2
-215 -251 27 2
-215 -251 28 2
-230 -262 9 1
-229 -263 6 0
-215 -251 31 2
-215 -251 32 2
-215 -251 33 2
-215 -251 34 2
-215 -251 35 2
-215 -251 36 2
-215 -251 37 2
-215 -251 38 2
-232 -262 13 2
-231 -262 13 2
-231 -260 13 2
-230 -262 12 1
-230 -261 12 1
-230 -261 13 1
-230 -260 13 1
-213 -281 3 1
-213 -281 4 1
-219 -275 2 1
-219 -275 3 2
-219 -275 4 1
-219 -274 2 1
-219 -274 3 1
-219 -273 2 1
-219 -273 3 1
-216 -279 2 1
-215 -279 2 1
-214 -279 2 1
-250 -251 13 0
-245 -251 12 0
-249 -255 12 0
-249 -255 11 0
-213 -253 14 2
-209 -253 13 2
-246 -253 11 0
-248 -252 13 0
-247 -252 19 0
-250 -253 19 0
-212 -253 11 2
-230 -259 11 1
-229 -260 12 1
-228 -260 12 1
-237 -263 33 1
-237 -262 34 1
-239 -265 33 0
-243 -289 10 0
-238 -263 31 0
-238 -262 32 0
-231 -297 13 0
-238 -277 5 1
-237 -279 4 1
-237 -279 5 1
-237 -279 6 1
-241 -291 19 0
-240 -292 19 0
-236 -266 30 0
-238 -270 36 0
-236 -267 34 0
-238 -268 33 0
-237 -270 28 0
-238 -271 29 0
-238 -272 29 0
-235 -269 27 0
-221 -271 7 1
-223 -283 6 1
-207 -297 14 0
-218 -253 10 1
-218 -253 11 1
-221 -254 11 2
-220 -254 12 2
-216 -255 11 1
-245 -258 13 0
-245 -258 12 0
-242 -261 15 0
-243 -261 14 0
-244 -257 14 0
-246 -260 16 0
-245 -260 15 0
-206 -274 3 1
-207 -276 2 1
-202 -271 2 1
-209 -270 12 0
-212 -269 3 1
-212 -269 2 1
-212 -270 2 1
-211 -277 11 0
-210 -271 12 0
-213 -278 12 0
-211 -277 12 0
-212 -272 13 0
-212 -273 13 0
-212 -273 12 0
-211 -275 14 0
-224 -294 13 1
-224 -294 12 1
-250 -266 13 0
-247 -268 15 0
-248 -263 16 0
-250 -267 16 0
-248 -266 15 0
-250 -265 10 0
-202 -251 19 2
-202 -251 20 2
-238 -279 25 0
-239 -286 24 0
-210 -253 28 2
-210 -253 29 2
-210 -253 30 2
-210 -253 31 2
-243 -293 10 1
-243 -292 11 0
-243 -291 11 0
-243 -290 11 0
-243 -289 11 0
-240 -285 11 0
-209 -252 32 2
-238 -286 5 1
-203 -260 9 0
-241 -282 10 1
-240 -281 8 1
-238 -285 7 2
-241 -285 15 0
-240 -285 16 0
-243 -286 16 0
-241 -282 16 1
-243 -287 19 0
-237 -283 21 2
-237 -284 21 1
-237 -285 21 1
-228 -258 1 1
-228 -258 3 1
-228 -257 1 1
-228 -257 2 1
-228 -257 3 1
-227 -259 1 1
-227 -258 1 1
-227 -258 2 2
-227 -257 1 1
-227 -257 2 1
-227 -257 3 1
-225 -256 4 2
-226 -257 4 1
-226 -257 5 1
-226 -256 3 1
-226 -256 4 1
-226 -256 5 1
-226 -255 3 1
-226 -255 4 1
-226 -255 5 1
-225 -257 4 1
-225 -257 5 1
-239 -273 2 1
-239 -273 3 1
-235 -260 34 1
-210 -266 8 1
-237 -256 34 0
-237 -257 32 1
-227 -291 11 1
-231 -297 26 0
-231 -297 23 0
-225 -288 13 0
-207 -259 3 1
-208 -257 3 1
-239 -257 31 0
-234 -257 33 0
-233 -258 11 2
-234 -256 10 1
-234 -257 10 2
-234 -258 10 2
-238 -280 24 1
-237 -280 22 1
-237 -280 23 1
-237 -280 24 1
-217 -258 10 0
-221 -260 10 0
-220 -258 8 1
-221 -258 8 1
-222 -259 8 1
-218 -252 6 2
-218 -251 6 1
-217 -255 6 1
-217 -255 5 2
-217 -255 4 1
-218 -253 5 1
-218 -253 4 1
-218 -254 5 2
-218 -254 4 2
-218 -255 6 1
-218 -255 5 1
-218 -255 4 1
-217 -254 5 2
-220 -256 6 2
-219 -252 6 1
-219 -253 7 1
-219 -258 7 1
-218 -257 9 0
-218 -256 9 0
-201 -253 31 2
-201 -253 25 2
-201 -253 24 2
-201 -253 23 2
-201 -253 22 2
-201 -253 21 2
-201 -253 20 2
-201 -253 19 2
-201 -253 18 2
-221 -289 11 1
-204 -271 12 0
-241 -259 27 0
-221 -289 10 1
-221 -289 9 1
-234 -278 23 0
-218 -270 9 0
-217 -269 9 0
-210 -265 10 0
-211 -265 10 0
-212 -265 9 0
-218 -265 10 0
-214 -271 10 1
-214 -270 10 0
-214 -269 10 1
-215 -268 10 1
-219 -268 11 0
-211 -268 11 0
-238 -285 9 1
-239 -280 13 0
-238 -281 14 0
-242 -284 16 0
-212 -267 11 0
-213 -267 10 1
-216 -270 12 0
-201 -258 34 0
-233 -287 15 1
-214 -268 3 1
-210 -257 9 2
-231 -255 8 1
-232 -253 8 1
-237 -252 24 0
-238 -251 23 0
-233 -256 23 0
-241 -256 23 0
-235 -294 20 0
-235 -294 21 0
-250 -268 6 1
-234 -296 21 0
-239 -293 21 0
-234 -292 19 0
-237 -298 20 0
-234 -294 18 1
-233 -295 18 0
-235 -292 18 1
-234 -290 18 0
-234 -289 19 0
-235 -296 18 0
-235 -298 18 0
-234 -293 17 1
-231 -293 18 0
-236 -290 17 0
-233 -296 17 0
-232 -297 17 0
-233 -291 16 0
-204 -261 6 0
-206 -263 7 0
-203 -256 6 0
-203 -255 6 1
-203 -254 6 1
-207 -259 6 1
-208 -259 6 1
-203 -262 5 1
-203 -263 5 1
-203 -264 5 1
-207 -256 4 1
-207 -256 5 2
-207 -256 6 2
-207 -255 4 1
-207 -255 5 1
-207 -255 6 2
-207 -254 4 1
-207 -254 5 1
-224 -258 0 1
-220 -255 5 2
-223 -255 1 1
-242 -288 20 0
-237 -281 23 2
-246 -285 23 0
-245 -285 24 0
-237 -288 24 0
-244 -289 24 0
-236 -283 26 1
-236 -284 26 1
-223 -255 2 1
-218 -260 14 0
-218 -259 14 0
-218 -258 14 0
-218 -257 14 0
-214 -251 14 2
-214 -258 15 0
-216 -257 15 0
-221 -259 15 0
-239 -271 26 0
-213 -254 16 2
-214 -254 15 2
-215 -254 15 2
-216 -254 15 0
-208 -263 4 1
-208 -262 5 0
-232 -279 28 0
-233 -279 19 0
-233 -279 21 0
-233 -279 22 0
-235 -280 20 2
-235 -280 21 2
-234 -280 22 1
-234 -280 23 1
-231 -281 20 0
-231 -281 21 0
-232 -280 23 0
-234 -277 20 1
-206 -287 15 0
-209 -283 8 2
-207 -283 7 1
-208 -281 9 1
-214 -257 10 1
-214 -262 10 0
-214 -253 10 2
-202 -274 5 1
-202 -274 4 1
-230 -281 21 0
-226 -281 19 0
-202 -287 13 0
-201 -283 12 0
-236 -251 3 1
-203 -283 12 0
-204 -283 12 0
-240 -253 2 2
-241 -254 1 1
-201 -280 11 0
-241 -254 3 1
-241 -253 1 1
-241 -253 2 1
-241 -253 3 1
-201 -279 9 2
-201 -278 7 2
-201 -278 8 2
-201 -278 9 1
-245 -252 0 1
-245 -252 1 2
-245 -252 2 1
-245 -251 0 1
-245 -251 1 2
-245 -251 2 1
-238 -253 0 1
-238 -253 1 2
-238 -253 2 1
-238 -252 0 1
-233 -288 19 0
-233 -288 20 0
-236 -289 20 0
-212 -300 10 1
-213 -298 12 1
-234 -286 19 0
-238 -284 14 1
-238 -285 16 2
-238 -285 14 2
-238 -286 16 1
-238 -286 15 1
-239 -284 16 1
-239 -285 16 1
-239 -286 15 1
-207 -299 15 0
-242 -263 6 1
-213 -293 15 0
-213 -294 15 0
-212 -295 14 0
-212 -296 14 0
-243 -263 8 1
-207 -253 1 1
-232 -251 14 0
-231 -251 14 1
-234 -251 12 0
-210 -251 18 2
-232 -251 15 0
-231 -251 15 1
-207 -251 16 2
-212 -251 15 2
-207 -262 2 2
-207 -262 1 1
-207 -263 1 1
-207 -264 3 1
-232 -294 23 0
-231 -294 23 0
-233 -299 20 0
-232 -294 20 0
-232 -294 19 0
-229 -299 22 0
-236 -298 19 0
-230 -296 22 0
-233 -297 19 0
-211 -284 16 0
-216 -264 13 0
-226 -271 6 1
-234 -254 9 0
-233 -253 9 1
-233 -255 8 1
-233 -255 9 1
-233 -254 7 1
-233 -254 8 1
-233 -253 7 1
-233 -253 8 1
-220 -294 13 1
-232 -255 7 2
-232 -254 7 2
-232 -253 7 1
-231 -255 7 1
-231 -254 7 1
-231 -253 7 1
-223 -300 10 1
-236 -254 7 1
-236 -252 8 0
-235 -251 8 0
-227 -264 6 0
-234 -258 6 2
-214 -263 13 0
-214 -264 14 0
-213 -264 15 0
-218 -261 14 0
-230 -286 19 0
-231 -286 18 1
-209 -251 9 2
-208 -251 9 2
-214 -273 8 2
-214 -273 7 2
-214 -273 6 2
-214 -274 8 1
-214 -274 7 1
-202 -252 38 2
-202 -257 41 0
-222 -287 11 1
-222 -287 10 2
-222 -287 9 1
-222 -288 11 1
-222 -288 10 1
-222 -288 9 1
-225 -279 14 0
-226 -280 15 0
-230 -280 15 0
-230 -277 17 0
-227 -277 18 0
-233 -278 19 0
-238 -251 12 0
-231 -256 12 1
-240 -255 12 2
-235 -251 11 0
-235 -259 22 2
-217 -253 43 0
-213 -259 44 0
-213 -251 44 0
-213 -252 44 0
-214 -253 43 0
-218 -256 45 0
-218 -256 44 0
-217 -255 44 0
-216 -255 43 0
-216 -251 45 0
-215 -252 44 0
-215 -253 44 0
-215 -253 43 0
-215 -258 46 0
-215 -257 45 0
-215 -256 44 0
-211 -252 46 0
-212 -252 45 0
-212 -253 45 0
-213 -253 44 0
-218 -254 46 0
-217 -254 45 0
-216 -254 45 0
-249 -276 6 2
-249 -277 7 1
-207 -272 9 0
-238 -286 13 1
-243 -285 11 0
-245 -283 12 0
-246 -282 12 0
-239 -297 14 0
-239 -298 13 0
-238 -293 18 1
-221 -284 11 1
-226 -288 11 2
-226 -289 10 1
-226 -289 11 1
-226 -288 10 2
-226 -288 12 1
-225 -289 10 1
-223 -286 18 0
-222 -286 18 0
-219 -297 18 0
-220 -298 17 0
-221 -298 19 0
-221 -298 20 0
-218 -299 17 0
-223 -283 16 0
-247 -256 9 0
-245 -255 10 2
-245 -255 9 1
-243 -257 3 1
-243 -257 2 1
-243 -257 1 1
-244 -257 1 1
-247 -260 5 1
-243 -258 6 1
-248 -257 6 0
-245 -259 7 0
-245 -258 7 0
-246 -257 6 0
-243 -257 8 2
-243 -257 7 2
-244 -257 8 1
-244 -257 7 1
-205 -255 36 2
-240 -252 21 0
-215 -263 6 0
-232 -255 3 1
-232 -255 2 1
-232 -255 1 1
-222 -273 7 1
-205 -253 8 2
-244 -279 10 0
-205 -254 33 2
-201 -261 35 0
-202 -260 38 0
-213 -259 9 1
-218 -264 8 0
-217 -264 8 0
-231 -263 14 1
-238 -271 11 2
-238 -271 9 2
-238 -272 11 2
-244 -263 8 1
-244 -263 7 1
-244 -263 6 1
-244 -264 8 1
-244 -264 7 2
-244 -264 6 1
-243 -280 22 0
-239 -280 21 0
-237 -295 12 1
-237 -296 12 1
-237 -296 11 2
-207 -262 15 0
-210 -258 17 2
-210 -259 16 0
-209 -260 16 0
-245 -266 15 0
-243 -265 17 0
-242 -261 10 0
-243 -270 11 0
-246 -270 13 1
-242 -270 14 0
-237 -296 17 0
-250 -260 9 0
-239 -256 24 2
-239 -256 25 2
-209 -290 8 1
-202 -274 14 0
-238 -294 22 0
-237 -294 25 0
-239 -294 21 0
-239 -295 24 0
-225 -283 22 0
-204 -259 39 0
-210 -284 14 0
-201 -262 3 1
-202 -256 2 1
-202 -255 2 1
-219 -272 10 0
-220 -272 11 0
-207 -261 21 0
-205 -258 19 0
-208 -259 20 0
-206 -264 19 0
-206 -257 18 0
-207 -256 19 2
-208 -261 18 0
-203 -255 18 0
-205 -257 21 0
-202 -258 20 0
-224 -285 12 1
-227 -284 10 1
-227 -284 9 1
-223 -285 12 2
-220 -285 10 1
-220 -285 9 1
-220 -285 8 1
-220 -286 10 1
-213 -254 26 2
-213 -254 27 2
-213 -254 28 2
-213 -254 29 2
-213 -254 30 2
-213 -254 31 2
-213 -254 32 2
-213 -254 33 2
-213 -254 34 2
-213 -254 35 2
-213 -254 36 2
-213 -254 37 2
-213 -254 38 2
-213 -253 15 2
-213 -253 16 2
-213 -253 17 2
-213 -253 18 2
-234 -267 28 0
-241 -266 28 0
-240 -266 28 0
-235 -273 29 0
-236 -272 28 0
-236 -271 28 0
-236 -270 28 0
-235 -264 29 2
-235 -265 29 2
-241 -270 29 0
-240 -269 29 0
-228 -266 6 1
-223 -269 5 1
-202 -272 3 1
-208 -267 11 0
-204 -265 11 0
-238 -266 19 0
-237 -266 18 2
-237 -273 20 0
-233 -267 20 0
-234 -268 19 0
-239 -268 20 0
-238 -268 19 0
-234 -271 21 0
-204 -253 13 2
-216 -252 42 0
-217 -251 41 0
-207 -254 11 2
-205 -252 12 2
-216 -256 41 0
-217 -256 41 0
-218 -257 41 0
-214 -253 42 0
-205 -256 9 0
-203 -255 11 0
-206 -252 12 2
-205 -252 11 2
-204 -254 13 1
-204 -253 12 2
-214 -252 42 0
-204 -253 11 2
-214 -252 41 0
-213 -251 41 0
-216 -254 41 0
-216 -253 41 0
-217 -253 40 2
-218 -253 40 0
-242 -286 11 0
-212 -274 6 1
-212 -274 5 1
-213 -272 5 1
-230 -259 8 1
-230 -258 6 1
-230 -258 7 1
-230 -257 6 2
-229 -259 6 1
-229 -259 7 1
-250 -272 8 1
-250 -271 6 2
-201 -258 3 2
-201 -258 2 1
-220 -288 19 0
-221 -289 19 0
-228 -287 19 0
-226 -288 19 0
-222 -285 20 0
-222 -286 19 0
-223 -287 19 0
-228 -291 20 0
-227 -291 20 0
-226 -290 19 0
-201 -259 3 2
-201 -259 2 1
-201 -260 4 1
-201 -260 3 2
-201 -260 2 1
-201 -261 4 1
-247 -253 3 1
-250 -252 3 1
-243 -255 3 1
-244 -255 3 2
-213 -280 3 1
-214 -278 3 2
-209 -274 5 1
-240 -276 3 2
-236 -290 19 0
-235 -293 18 1
-214 -289 13 1
-213 -288 12 2
-247 -279 13 0
-245 -281 14 0
-244 -280 12 0
-248 -273 15 1
-239 -258 28 2
-239 -258 27 2
-239 -258 26 2
-237 -257 27 2
-237 -257 26 2
-240 -259 34 0
-238 -255 33 0
-240 -257 32 0
-239 -273 15 0
-236 -267 15 0
-222 -253 39 0
-236 -265 15 2
-217 -283 13 1
-217 -283 14 1
-217 -283 15 1
-222 -282 12 0
-221 -281 12 0
-220 -279 13 0
-225 -281 12 0
-231 -298 12 1
-231 -298 13 1
-230 -300 11 1
-243 -253 2 1
-238 -252 3 1
-225 -252 14 1
-225 -252 13 1
-234 -268 22 0
-233 -267 22 0
-234 -270 22 0
-235 -267 21 0
-246 -251 5 0
-242 -252 8 2
-242 -253 8 1
-243 -252 8 2
-242 -251 8 1
-238 -259 27 2
-235 -263 26 2
-238 -262 28 2
-239 -262 26 2
-214 -254 18 2
-232 -288 18 0
-228 -290 20 0
-213 -252 32 2
-213 -252 31 2
-213 -252 30 2
-213 -252 29 2
-213 -252 28 2
-213 -252 27 2
-234 -255 28 0
-240 -254 28 0
-235 -251 29 0
-239 -282 14 0
-226 -264 11 0
-226 -265 10 0
-228 -268 11 0
-228 -268 10 0
-227 -268 9 0
-225 -267 10 0
-248 -288 9 0
-233 -287 19 0
-239 -275 10 1
-237 -261 28 2
-202 -300 18 0
-205 -264 10 0
-209 -251 25 2
-212 -251 26 2
-207 -251 27 2
-233 -271 14 0
-233 -270 14 0
-233 -269 14 0
-232 -269 2 1
-234 -274 14 0
-235 -274 14 0
-236 -269 12 0
-235 -270 13 0
-234 -268 13 0
-235 -269 13 0
-239 -274 12 0
-237 -272 13 1
-231 -271 13 0
-238 -267 13 1
-227 -292 17 0
-225 -287 16 0
-224 -287 17 0
-231 -291 16 0
-231 -292 16 0
-229 -285 16 0
-229 -284 16 0
-229 -283 16 0
-210 -251 31 2
-225 -291 16 0
-227 -286 16 0
-226 -286 15 0
-226 -285 15 0
-225 -284 15 0
-225 -288 14 0
-224 -288 14 0
-228 -286 15 0
-230 -297 19 0
-230 -297 20 0
-230 -298 21 0
-233 -299 18 0
-232 -299 19 0
-232 -298 20 0
-228 -299 18 1
-229 -299 19 0
-229 -299 20 0
-230 -299 21 0
-203 -253 11 1
-203 -254 11 1
-203 -254 10 1
-204 -254 11 1
-208 -255 8 2
-209 -255 8 1
-209 -255 9 2
-209 -254 8 1
-209 -254 9 2
-208 -255 9 2
-247 -283 5 1
-246 -284 5 2
-231 -264 29 0
-213 -261 9 0
-225 -260 29 0
-217 -280 4 2
-226 -261 29 0
-218 -281 4 1
-222 -254 3 1
-225 -251 4 1
-224 -251 3 1
-225 -252 4 1
-221 -254 4 1
-221 -251 4 1
-244 -265 27 0
-244 -261 26 0
-237 -261 33 1
-240 -262 25 2
-239 -261 24 2
-206 -272 6 1
-206 -272 5 1
-206 -272 4 1
-206 -273 6 1
-206 -273 5 1
-206 -273 4 2
-206 -274 6 1
-206 -274 5 2
-206 -274 4 1
-207 -272 6 1
-245 -290 4 1
-245 -290 5 1
-241 -284 17 1
-247 -277 6 1
-246 -277 7 1
-248 -278 9 1
-218 -276 5 1
-219 -275 7 1
-219 -275 6 1
-220 -275 6 1
-221 -275 6 1
-220 -275 9 0
-219 -275 9 0
-220 -273 10 0
-216 -259 14 0
-215 -253 15 2
-205 -286 14 0
-206 -286 14 0
-204 -287 15 0
-203 -285 13 0
-202 -286 14 0
-207 -288 9 2
-240 -271 16 0
-232 -271 17 0
-218 -277 3 2
-236 -252 22 0
-237 -253 22 0
-241 -257 21 2
-240 -257 22 2
-232 -255 22 0
-233 -255 22 0
-240 -251 22 0
-239 -252 22 0
-210 -253 21 2
-210 -253 22 2
-210 -253 23 2
-210 -253 24 2
-210 -253 25 2
-210 -253 26 2
-210 -253 27 2
-238 -265 4 1
-237 -267 3 1
-237 -266 3 1
-237 -265 3 1
-237 -265 4 1
-236 -265 3 1
-208 -275 10 0
-242 -285 28 0
-239 -284 25 1
-239 -285 26 0
-244 -283 27 0
-241 -283 25 1
-239 -283 25 2
-239 -282 25 1
-242 -280 26 0
-244 -285 25 0
-243 -261 32 0
-242 -265 32 0
-242 -266 32 0
-243 -258 32 0
-222 -294 21 0
-222 -295 22 0
-245 -287 6 1
-226 -292 21 0
-227 -292 22 0
-222 -291 19 0
-221 -290 21 0
-224 -291 19 0
-225 -291 19 0
-225 -289 20 0
-226 -288 21 0
-247 -284 3 2
-247 -284 4 1
-246 -284 2 1
-226 -293 19 0
-227 -294 20 0
-228 -294 20 0
-210 -251 28 2
-223 -290 19 0
-215 -260 12 0
-214 -261 12 0
-212 -262 12 0
-221 -259 12 0
-216 -261 12 0
-216 -262 11 0
-216 -263 11 0
-214 -259 11 0
-218 -260 11 0
-219 -261 10 0
-220 -261 10 0
-216 -255 8 1
-216 -254 8 2
-216 -253 8 2
-215 -255 8 1
-215 -254 8 2
-215 -253 8 2
-214 -254 8 2
-214 -253 8 1
-216 -257 11 0
-219 -258 10 0
-220 -258 9 1
-214 -258 10 0
-216 -260 11 0
-217 -260 11 0
-217 -261 9 0
-217 -257 10 0
-217 -257 9 0
-217 -256 8 1
-216 -259 11 0
-214 -260 9 0
-214 -260 8 0
-217 -259 10 0
-216 -258 10 0
-216 -258 9 0
-216 -258 8 0
-215 -258 7 0
-229 -277 16 0
-229 -276 16 0
-229 -274 17 0
-224 -268 3 1
-250 -279 5 2
-250 -279 6 2
-250 -278 6 1
-249 -280 5 1
-249 -280 6 1
-249 -279 6 2
-212 -275 3 2
-212 -275 4 1
-248 -280 6 1
-248 -279 5 2
-248 -279 6 1
-248 -278 4 1
-225 -297 12 1
-225 -297 13 1
-224 -252 10 1
-224 -252 11 2
-224 -251 10 2
-224 -251 11 2
-236 -298 21 0
-236 -299 21 0
-236 -300 21 0
-232 -296 21 0
-231 -296 20 0
-240 -298 20 0
-235 -297 21 0
-234 -299 19 0
-239 -291 15 0
-241 -292 15 0
-241 -292 16 0
-241 -293 17 0
-217 -293 10 1
-213 -253 37 2
-213 -253 36 2
-213 -253 35 2
-206 -256 44 0
-205 -260 42 0
-205 -261 43 0
-208 -259 42 0
-203 -257 43 0
-208 -257 41 0
-236 -258 22 2
-202 -261 7 1
-227 -265 11 0
-228 -261 5 2
-244 -290 11 0
-204 -255 7 1
-203 -255 7 1
-202 -256 7 0
-201 -256 7 0
-221 -300 21 0
-244 -291 11 0
-210 -264 3 1
-210 -264 2 1
-214 -273 5 2
-214 -274 5 1
-211 -276 7 0
-234 -265 8 2
-233 -266 8 1
-231 -267 8 0
-228 -272 9 2
-231 -265 5 1
-229 -264 4 0
-229 -270 8 1
-228 -265 9 0
-234 -270 9 1
-231 -265 9 1
-231 -272 10 1
-230 -270 9 1
-230 -269 9 0
-215 -251 16 2
-215 -251 15 2
-215 -251 12 2
-215 -251 11 2
-228 -260 7 1
-229 -262 9 0
-215 -252 35 2
-215 -252 34 2
-215 -252 33 2
-215 -252 32 2
-215 -252 31 2
-215 -252 30 2
-215 -252 29 2
-215 -252 28 2
-215 -252 27 2
-215 -252 26 2
-215 -252 25 2
-215 -252 24 2
-215 -252 23 2
-215 -252 22 2
-215 -252 21 2
-215 -252 20 2
-215 -252 18 2
-206 -272 3 2
-206 -272 2 1
-202 -274 7 1
-202 -274 6 2
-202 -275 8 1
-202 -275 6 2
-202 -276 8 1
-221 -281 8 0
-221 -282 9 0
-223 -282 9 0
-222 -282 10 0
-223 -279 8 1
-222 -280 8 0
-222 -280 9 0
-222 -281 10 0
-223 -285 8 1
-218 -281 8 1
-219 -281 9 0
-220 -281 9 0
-225 -281 8 0
-225 -281 9 0
-224 -281 10 0
-221 -278 9 1
-221 -280 10 0
-216 -282 11 2
-216 -282 10 2
-226 -295 19 0
-229 -283 19 0
-246 -279 7 1
-245 -272 8 2
-234 -256 6 1
-231 -252 6 1
-231 -251 6 1
-208 -289 10 2
-207 -275 2 1
-227 -280 13 0
-230 -251 6 1
-214 -288 11 1
-229 -252 6 1
-229 -251 6 1
-209 -289 10 2
-234 -252 5 1
-209 -288 11 1
-212 -255 28 2
-212 -255 29 2
-212 -255 30 2
-212 -255 31 2
-212 -255 32 2
-212 -255 33 2
-212 -255 34 2
-212 -255 35 2
-212 -255 36 2
-212 -255 37 2
-212 -254 15 2
-212 -254 16 2
-212 -254 17 2
-212 -254 18 2
-217 -252 6 1
-217 -251 6 1
-216 -252 6 1
-216 -251 6 1
-217 -258 9 0
-222 -256 7 2
-222 -256 8 1
-222 -255 7 1
-215 -256 6 2
-215 -256 7 2
-214 -256 6 2
-218 -257 8 0
-219 -258 8 1
-219 -259 7 0
-219 -253 6 1
-216 -257 7 1
-219 -257 6 1
-220 -257 5 1
-218 -256 4 1
-226 -264 23 0
-225 -265 22 0
-230 -260 23 0
-231 -260 22 0
-225 -260 22 0
-224 -259 22 0
-228 -262 23 0
-228 -263 23 0
-228 -264 22 0
-229 -264 21 0
-228 -259 22 0
-228 -258 21 0
-225 -262 21 0
-228 -261 23 0
-229 -261 22 0
-229 -261 21 0
-229 -262 20 0
-227 -261 23 0
-227 -260 20 0
-234 -279 14 0
-213 -256 35 2
-213 -256 36 2
-223 -295 22 0
-223 -295 23 0
-225 -296 21 0
-225 -296 23 0
-224 -294 19 0
-224 -293 21 0
-224 -292 22 0
-238 -252 5 1
-239 -251 4 1
-226 -298 19 0
-227 -298 19 0
-236 -251 1 2
-236 -251 0 1
-214 -254 9 1
-213 -256 9 2
-213 -255 9 2
-213 -254 9 2
-212 -255 9 2
-212 -255 10 2
-212 -254 9 2
-212 -254 10 2
-212 -254 11 2
-217 -258 12 0
-218 -259 11 0
-218 -260 10 0
-217 -256 12 0
-218 -255 10 0
-218 -254 9 0
-215 -258 11 0
-231 -262 26 0
-231 -262 25 0
-203 -256 11 0
-202 -257 12 0
-231 -263 33 0
-231 -267 13 0
-232 -268 13 0
-240 -271 14 1
-239 -271 14 1
-238 -271 14 1
-221 -277 3 2
-221 -277 2 1
-222 -275 4 1
-222 -275 3 1
-222 -275 2 1
-222 -276 4 1
-210 -251 35 2
-222 -276 2 1
-222 -277 4 2
-222 -277 3 2
-222 -277 2 1
-221 -276 3 2
-218 -279 3 2
-225 -263 31 0
-217 -279 5 1
-216 -275 6 1
-226 -259 32 0
-212 -278 4 2
-213 -279 3 1
-213 -278 3 2
-213 -277 3 2
-213 -277 4 1
-205 -275 4 1
-241 -267 12 1
-243 -266 6 1
-243 -266 7 1
-243 -266 8 1
-243 -265 6 1
-243 -265 7 1
-243 -265 8 1
-243 -264 6 1
-243 -264 7 2
-243 -264 8 2
-242 -266 6 2
-224 -284 9 2
-239 -283 19 2
-238 -285 19 1
-238 -283 18 1
-238 -283 19 1
-233 -289 17 0
-232 -289 18 0
-236 -286 16 1
-236 -284 18 2
-235 -284 18 2
-234 -286 17 1
-233 -269 10 0
-234 -270 11 0
-231 -271 11 1
-250 -275 18 1
-247 -272 16 1
-245 -272 17 0
-247 -267 17 0
-248 -274 16 1
-245 -270 15 1
-246 -273 15 1
-245 -274 15 0
-248 -275 14 2
-248 -274 14 2
-248 -274 15 1
-248 -273 14 1
-247 -273 12 1
-247 -273 13 1
-247 -272 13 1
-247 -271 20 0
-248 -270 17 0
-248 -269 18 0
-248 -269 19 0
-247 -273 17 1
-247 -273 18 1
-247 -274 19 0
-247 -270 16 1
-246 -270 18 0
-245 -269 18 0
-249 -274 17 2
-204 -252 22 2
-204 -252 23 2
-204 -252 24 2
-204 -252 25 2
-204 -252 26 2
-234 -254 31 0
-232 -257 32 0
-235 -253 30 0
-231 -254 30 0
-232 -258 29 0
-231 -256 28 0
-235 -252 27 0
-240 -297 24 0
-236 -297 27 0
-234 -255 34 0
-235 -253 33 0
-235 -253 34 0
-234 -257 32 0
-234 -255 31 0
-233 -254 32 0
-232 -253 33 0
-238 -252 32 0
-232 -257 31 0
-231 -257 32 0
-234 -252 31 0
-210 -253 44 0
-210 -252 44 0
-215 -254 43 0
-216 -254 43 0
-225 -284 12 0
-225 -283 12 0
-225 -283 11 1
-207 -256 28 2
-224 -259 12 1
-224 -260 12 1
-224 -260 11 1
-231 -269 2 2
-231 -268 2 2
-231 -267 2 1
-231 -267 3 2
-205 -251 4 2
-204 -251 4 2
-235 -273 13 0
-236 -273 12 0
-231 -273 12 0
-234 -277 11 0
-233 -272 12 0
-234 -272 11 0
-230 -275 10 1
-203 -252 8 2
-203 -251 9 2
-206 -253 7 2
-207 -255 8 2
-206 -255 8 1
-205 -255 8 1
-226 -264 17 0
-227 -265 17 0
-227 -266 16 0
-203 -254 4 2
-224 -284 12 1
-224 -286 12 1
-241 -279 2 1
-243 -280 4 1
-210 -285 10 2
-208 -284 8 1
-225 -263 21 0
-224 -263 22 0
-228 -257 21 0
-230 -262 20 0
-225 -259 19 1
-224 -257 20 0
-229 -259 19 0
-230 -259 19 0
-222 -260 19 0
-221 -260 19 0
-224 -263 18 0
-223 -264 18 0
-229 -300 15 1
-203 -259 40 0
-219 -261 0 1
-219 -261 1 1
-231 -286 17 1
-204 -257 37 0
-205 -257 39 2
-202 -259 36 0
-202 -260 37 0
-250 -253 3 1
-202 -261 38 0
-203 -261 38 0
-248 -256 0 1
-248 -256 1 2
-248 -256 2 2
-204 -254 38 2
-240 -286 21 0
-241 -286 21 0
-242 -283 21 0
-242 -284 19 0
-243 -286 23 0
-243 -285 21 0
-242 -285 20 0
-240 -285 23 0
-241 -285 22 0
-241 -285 21 0
-241 -285 20 0
-238 -283 14 0
-245 -287 16 0
-242 -289 16 0
-219 -262 8 0
-218 -262 8 0
-212 -267 9 2
-212 -268 9 1
-212 -268 8 1
-213 -267 9 1
-213 -268 9 2
-213 -268 8 1
-209 -284 16 0
-214 -267 9 1
-214 -268 9 2
-214 -268 8 1
-214 -258 8 1
-218 -265 9 0
-211 -263 9 0
-213 -263 10 0
-216 -268 9 1
-215 -267 10 1
-220 -263 10 0
-216 -263 10 0
-211 -266 10 1
-214 -264 10 0
-238 -295 24 0
-239 -296 25 0
-237 -292 25 0
-236 -297 25 0
-239 -294 23 0
-227 -254 10 1
-227 -254 11 1
-227 -254 12 1
-229 -254 9 1
-231 -265 14 0
-236 -264 14 2
-237 -268 12 1
-238 -265 12 1
-236 -268 7 1
-239 -269 13 0
-238 -267 11 1
-238 -267 12 1
-238 -266 10 1
-238 -266 11 1
-238 -266 12 1
-238 -265 10 1
-238 -265 11 1
-237 -269 10 0
-237 -253 18 0
-238 -256 18 2
-243 -277 11 0
-243 -277 12 0
-241 -274 11 0
-232 -293 22 0
-224 -264 5 1
-224 -264 3 1
-215 -295 15 0
-233 -291 24 0
-234 -293 23 0
-234 -294 23 0
-237 -268 15 0
-235 -268 23 0
-234 -280 18 1
-240 -296 20 0
-226 -266 3 2
-226 -266 2 2
-206 -268 2 1
-207 -267 2 1
-207 -268 2 1
-242 -292 19 0
-236 -291 18 0
-241 -288 18 0
-225 -266 2 2
-225 -261 2 2
-224 -276 6 1
-204 -277 12 0
-206 -281 13 0
-240 -279 3 1
-240 -279 2 1
-241 -277 3 1
-241 -277 2 2
-241 -278 3 2
-241 -278 2 1
-241 -279 3 1
-204 -278 10 1
-240 -278 3 2
-243 -274 4 1
-232 -282 18 0
-232 -279 18 0
-229 -274 18 0
-230 -275 18 0
-237 -277 18 1
-233 -274 19 0
-236 -282 18 1
-228 -276 19 0
-235 -276 19 0
-231 -274 20 0
-238 -283 10 0
-235 -278 19 2
-237 -279 19 1
-241 -281 16 0
-238 -282 14 0
-237 -280 19 1
-229 -278 21 0
-234 -273 21 0
-234 -274 21 0
-232 -274 23 0
-234 -282 29 0
-241 -283 29 0
-240 -283 28 1
-236 -286 29 1
-237 -281 30 0
-237 -282 29 0
-231 -273 17 0
-234 -278 19 1
-234 -280 17 1
-235 -280 17 1
-235 -281 17 2
-236 -280 17 1
-236 -281 17 1
-230 -273 21 0
-207 -273 2 1
-228 -283 17 0
-223 -286 17 0
-224 -282 16 0
-233 -270 21 0
-234 -269 20 0
-238 -265 21 2
-237 -267 20 0
-237 -272 22 0
-218 -263 3 1
-218 -263 4 1
-217 -265 2 1
-217 -265 3 2
-227 -252 15 1
-227 -252 14 1
-227 -252 13 1
-249 -290 3 1
-248 -289 4 2
-243 -283 6 1
-228 -251 15 1
-228 -251 13 2
-235 -255 1 2
-235 -255 2 1
-235 -255 3 1
-235 -254 1 2
-235 -254 2 1
-235 -254 3 1
-237 -254 3 1
-235 -253 0 1
-238 -251 0 1
-238 -251 1 2
-238 -251 2 1
-237 -251 11 0
-237 -252 12 0
-218 -258 16 0
-218 -257 15 0
-215 -254 17 2
-215 -255 16 0
-216 -255 15 0
-215 -258 18 0
-216 -258 17 0
-216 -257 16 0
-217 -257 16 0
-222 -281 12 0
-223 -278 12 0
-221 -282 11 0
-219 -279 11 0
-207 -253 2 1
-207 -253 3 1
-207 -252 1 1
-209 -274 7 1
-209 -274 6 1
-209 -275 8 2
-210 -274 8 1
-210 -274 6 1
-204 -276 9 1
-221 -285 15 1
-240 -285 6 1
-225 -283 15 0
-225 -282 15 0
-221 -289 15 0
-224 -284 14 0
-223 -283 14 0
-222 -283 14 0
-241 -262 26 0
-242 -260 25 0
-224 -300 20 0
-243 -257 26 0
-241 -259 26 0
-249 -282 6 1
-222 -300 23 0
-209 -251 12 2
-207 -251 11 2
-204 -251 10 2
-238 -258 34 0
-239 -255 34 0
-241 -254 32 0
-243 -256 30 0
-240 -253 30 0
-244 -258 29 0
-242 -255 28 0
-242 -254 28 0
-242 -257 28 0
-210 -274 2 1
-210 -274 3 2
-210 -274 4 1
-210 -273 2 1
-210 -273 3 2
-210 -273 4 1
-211 -274 5 1
-245 -278 10 0
-241 -257 32 0
-242 -257 32 0
-242 -256 30 0
-243 -255 30 0
-243 -256 26 0
-235 -256 26 0
-240 -260 26 2
-217 -263 3 2
-217 -263 2 2
-238 -257 33 0
-240 -254 31 0
-242 -255 30 0
-234 -256 30 0
-239 -253 29 0
-242 -256 26 0
-203 -258 37 0
-201 -258 38 0
-203 -252 5 2
-210 -270 11 0
-216 -278 12 0
-203 -278 7 1
-204 -276 17 0
-238 -270 27 0
-238 -269 27 1
-225 -269 9 1
-241 -256 22 0
-236 -258 21 2
-241 -252 21 0
-238 -257 20 2
-208 -257 30 2
-208 -257 29 2
-208 -257 28 2
-208 -257 27 2
-208 -257 26 2
-208 -257 25 2
-208 -257 24 2
-208 -257 23 2
-208 -257 22 2
-202 -253 38 2
-201 -299 12 1
-205 -294 18 0
-204 -300 8 1
-203 -278 9 1
-203 -278 10 1
-202 -278 10 1
-203 -283 18 0
-234 -264 12 2
-217 -258 5 1
-218 -258 7 0
-220 -259 4 0
-219 -259 5 0
-217 -259 7 0
-219 -256 6 1
-221 -260 7 0
-220 -260 8 0
-222 -259 7 1
-222 -260 9 1
-229 -290 11 1
-231 -297 22 0
-230 -297 22 0
-228 -297 21 0
-235 -298 21 0
-232 -294 21 0
-232 -293 21 0
-232 -299 21 0
-231 -300 20 0
-207 -253 12 2
-208 -255 11 2
-208 -253 8 2
-203 -253 15 1
-207 -255 15 2
-208 -253 12 2
-206 -260 12 0
-206 -256 11 0
-205 -295 17 0
-205 -295 16 0
-203 -294 18 0
-203 -294 15 1
-229 -298 17 1
-229 -298 18 1
-229 -298 19 0
-229 -298 20 0
-232 -299 18 0
-230 -261 14 1
-233 -266 11 1
-232 -266 10 1
-226 -260 10 1
-229 -260 6 1
-229 -262 5 1
-231 -260 4 1
-234 -256 2 1
-226 -297 19 0
-227 -298 20 0
-237 -252 4 0
-236 -252 5 1
-228 -295 20 0
-229 -295 20 0
-229 -296 21 0
-234 -254 6 0
-231 -253 4 1
-232 -300 21 0
-228 -262 11 0
-228 -299 22 0
-232 -254 4 2
-232 -255 4 1
-233 -253 4 1
-227 -262 11 0
-228 -261 7 0
-239 -266 15 1
-239 -265 15 2
-207 -298 13 0
-211 -297 13 0
-241 -269 13 0
-241 -266 8 1
-239 -263 6 2
-239 -263 7 2
-239 -263 8 2
-238 -263 6 1
-238 -263 7 1
-238 -263 8 1
-237 -263 6 1
-237 -263 7 1
-237 -263 8 1
-213 -294 14 0
-236 -254 10 1
-237 -258 29 2
-236 -256 28 2
-237 -265 14 2
-239 -266 11 1
-239 -267 10 0
-240 -266 8 1
-240 -270 6 2
-237 -260 9 1
-237 -259 9 1
-237 -258 9 1
-240 -267 11 0
-241 -267 10 1
-242 -267 10 2
-240 -264 10 1
-239 -266 9 1
-239 -265 9 1
-238 -282 11 0
-237 -286 11 0
-237 -286 10 0
-238 -284 10 0
-236 -287 13 0
-238 -282 12 0
-235 -269 6 1
-217 -276 6 0
-214 -280 9 1
-249 -282 4 1
-222 -278 9 2
-213 -274 8 1
-219 -275 8 1
-245 -278 5 2
-246 -278 4 2
-246 -278 5 2
-211 -263 10 0
-207 -263 11 0
-210 -260 11 0
-210 -265 11 0
-207 -261 12 0
-208 -262 13 0
-207 -265 12 0
-208 -264 12 0
-208 -264 13 0
-208 -258 12 0
-208 -259 12 0
-205 -263 13 0
-212 -259 13 1
-211 -260 13 0
-209 -267 13 0
-207 -260 14 0
-205 -266 14 0
-206 -265 14 0
-207 -264 14 0
-210 -257 14 2
-210 -258 14 2
-209 -260 14 0
-211 -266 14 0
-204 -261 15 0
-208 -266 15 0
-208 -265 15 0
-207 -258 16 0
-208 -260 15 0
-205 -264 16 0
-206 -263 16 0
-208 -263 14 0
-211 -259 17 0
-211 -259 16 0
-210 -260 16 0
-210 -266 17 0
-210 -265 16 0
-206 -260 17 0
-207 -261 16 0
-229 -287 12 1
-229 -286 10 1
-229 -286 11 1
-229 -286 12 1
-225 -268 8 0
-229 -296 27 0
-206 -257 35 2
-247 -290 13 0
-239 -272 17 0
-239 -273 17 0
-236 -267 17 0
-237 -265 17 2
-242 -291 7 1
-201 -259 11 0
-201 -259 10 0
-216 -263 14 0
-217 -264 14 0
-212 -262 13 0
-211 -262 14 0
-220 -262 13 0
-215 -263 12 0
-214 -264 12 0
-214 -265 13 0
-214 -260 12 0
-213 -260 12 0
-218 -264 12 0
-214 -262 11 0
-213 -262 11 0
-204 -283 16 0
-205 -283 17 0
-204 -282 14 0
-205 -282 14 0
-206 -281 14 0
-221 -275 2 1
-221 -276 4 2
-221 -276 2 1
-221 -277 4 1
-239 -268 4 0
-216 -253 16 2
-215 -253 16 2
-214 -253 16 2
-241 -281 7 1
-241 -281 8 2
-241 -280 6 2
-241 -280 8 1
-241 -279 8 1
-244 -273 7 1
-244 -277 7 1
-246 -262 8 0
-248 -264 10 0
-247 -265 10 1
-247 -268 11 1
-247 -269 11 2
-247 -269 10 1
-245 -270 11 1
-250 -266 12 0
-249 -265 12 0
-247 -268 14 1
-247 -268 13 1
-247 -268 12 1
-247 -269 14 1
-247 -269 12 1
-247 -270 14 1
-247 -270 13 2
-247 -270 12 1
-248 -268 14 1
-248 -268 13 1
-248 -268 12 2
-248 -269 14 1
-248 -269 12 2
-248 -270 14 1
-248 -270 13 2
-241 -290 6 1
-245 -290 8 1
-245 -289 9 0
-242 -286 9 0
-242 -290 9 1
-204 -264 28 0
-241 -291 9 1
-241 -291 8 1
-241 -291 7 1
-241 -292 9 2
-241 -292 8 1
-202 -259 30 0
-241 -293 9 1
-232 -256 10 1
-232 -256 9 2
-242 -291 9 1
-242 -292 9 1
-205 -261 30 0
-204 -261 30 0
-250 -251 8 0
-203 -261 30 0
-232 -258 8 1
-233 -256 9 1
-233 -256 8 1
-234 -256 8 1
-243 -292 7 1
-208 -270 9 0
-214 -272 9 1
-207 -274 8 2
-206 -273 8 1
-241 -255 31 0
-236 -252 32 0
-236 -253 31 0
-242 -258 32 0
-241 -258 32 0
-234 -258 32 0
-239 -254 31 0
-241 -256 33 0
-240 -256 32 0
-235 -258 34 1
-235 -259 34 1
-236 -258 34 1
-236 -258 33 1
-207 -297 12 0
-206 -300 10 2
-212 -296 9 1
-212 -296 10 2
-212 -296 11 2
-212 -295 9 1
-212 -295 10 2
-212 -295 11 2
-212 -294 9 1
-212 -294 10 2
-212 -294 11 1
-236 -271 7 1
-235 -267 6 1
-232 -261 13 2
-229 -259 12 1
-229 -259 13 1
-229 -259 14 1
-228 -261 12 0
-230 -258 8 1
-229 -258 8 2
-229 -257 8 1
-229 -256 9 1
-233 -264 10 2
-233 -263 10 2
-232 -263 10 2
-231 -265 10 1
-231 -264 9 1
-231 -263 9 1
-231 -263 10 1
-232 -262 9 2
-241 -281 21 0
-240 -285 26 0
-243 -284 26 0
-243 -284 27 0
-238 -282 26 1
-237 -282 27 0
-241 -286 26 0
-243 -280 26 0
-237 -286 26 0
-240 -288 25 0
-239 -289 25 0
-245 -282 25 0
-244 -288 24 0
-244 -287 22 0
-239 -288 21 0
-242 -286 28 0
-241 -282 27 1
-246 -258 8 0
-236 -276 9 2
-236 -277 9 1
-238 -268 8 0
-234 -276 8 1
-240 -272 8 1
-249 -286 12 0
-202 -259 29 0
-231 -298 11 1
-219 -265 8 0
-217 -264 7 0
-250 -266 8 0
-250 -263 6 0
-212 -299 9 1
-209 -292 18 0
-239 -270 20 0
-238 -269 20 0
-232 -270 21 0
-235 -268 20 0
-236 -268 22 0
-241 -281 6 1
-242 -279 8 1
-236 -289 15 0
-243 -295 15 0
-241 -294 14 0
-234 -295 15 0
-213 -271 11 0
-217 -267 12 0
-219 -296 17 0
-219 -296 18 0
-213 -295 18 0
-216 -298 15 0
-217 -299 16 0
-206 -276 11 0
-211 -278 13 0
-211 -279 12 0
-232 -266 3 1
-208 -276 13 0
-234 -267 4 1
-220 -288 9 1
-220 -288 10 1
-209 -286 12 0
-206 -287 12 0
-203 -273 8 0
-233 -263 34 1
-233 -263 33 1
-233 -263 32 1
-233 -264 34 1
-233 -264 33 1
-233 -264 32 1
-233 -265 34 1
-233 -265 33 1
-233 -265 32 1
-234 -263 34 1
-234 -263 33 1
-237 -278 9 1
-237 -277 9 1
-238 -276 9 1
-243 -275 10 0
-242 -275 9 0
-201 -288 13 0
-208 -300 9 1
-212 -298 12 1
-212 -298 10 1
-210 -298 14 0
-213 -296 16 0
-211 -297 9 1
-205 -285 15 0
-205 -288 18 0
-212 -278 8 1
-236 -257 30 0
-243 -259 29 0
-212 -298 9 1
-205 -272 4 2
-234 -260 32 1
-201 -290 17 0
-239 -255 33 0
-235 -257 33 1
-226 -269 2 1
-228 -299 11 1
-224 -260 1 2
-224 -257 3 2
-224 -257 2 2
-213 -279 12 0
-214 -278 11 0
-249 -282 3 2
-242 -284 17 0
-243 -286 21 0
-243 -285 19 0
-242 -285 18 0
-240 -284 21 1
-247 -285 15 0
-246 -285 15 0
-245 -285 15 0
-244 -283 16 0
-228 -263 11 0
-227 -261 10 0
-229 -260 8 1
-228 -260 10 1
-227 -260 9 1
-227 -260 10 1
-228 -260 6 1
-240 -280 17 0
-240 -281 17 0
-245 -286 17 0
-244 -286 17 0
-244 -281 18 0
-243 -282 17 0
-240 -286 16 0
-239 -286 17 1
-239 -286 18 1
-241 -286 15 0
-242 -287 17 0
-242 -287 18 0
-240 -284 16 1
-240 -283 17 2
-244 -285 17 0
-239 -285 15 1
-238 -284 16 2
-237 -284 16 2
-241 -287 14 0
-242 -282 16 0
-236 -287 15 1
-245 -287 15 0
-242 -283 17 0
-243 -286 19 0
-238 -281 13 0
-245 -289 14 0
-240 -281 15 0
-246 -286 16 0
-243 -281 16 0
-243 -283 15 0
-238 -282 17 1
-238 -282 16 1
-239 -282 17 1
-240 -282 17 1
-240 -282 16 1
-240 -286 17 0
-231 -262 14 1
-230 -264 12 0
-232 -261 7 2
-242 -282 18 0
-242 -283 16 0
-241 -284 19 1
-237 -283 14 0
-242 -282 17 0
-241 -284 18 1
-244 -281 15 0
-239 -282 16 1
-241 -282 17 1
-250 -279 11 0
-247 -277 12 0
-249 -282 13 0
-250 -282 12 0
-247 -276 15 1
-249 -280 14 0
-230 -262 14 1
-234 -262 12 2
-234 -262 13 2
-227 -260 7 1
-227 -259 7 1
-227 -258 7 1
-230 -262 8 1
-229 -261 6 1
-231 -262 7 1
-250 -279 13 0
-250 -275 16 1
-249 -278 16 0
-247 -275 7 1
-247 -276 9 1
-247 -276 8 2
-247 -277 9 1
-248 -275 8 2
-248 -275 7 2
-248 -276 9 1
-248 -276 7 1
-248 -277 9 1
-248 -277 7 1
-248 -276 8 2
-250 -280 10 0
-247 -278 10 0
-248 -278 10 0
-247 -276 12 1
-248 -277 12 1
-250 -282 13 0
-248 -282 2 1
-215 -281 6 1
-216 -277 8 0
-214 -276 6 0
-233 -293 17 0
-234 -298 18 0
-235 -296 23 0
-201 -263 33 0
-201 -264 34 0
-202 -264 34 0
-234 -276 17 0
-226 -259 24 0
-226 -258 24 0
-225 -257 25 0
-226 -266 24 0
-229 -260 23 0
-231 -259 24 0
-216 -252 25 2
-216 -252 26 2
-216 -252 27 2
-216 -252 28 2
-216 -252 29 2
-216 -252 30 2
-216 -252 31 2
-216 -252 32 2
-216 -252 33 2
-216 -252 34 2
-216 -252 35 2
-216 -252 36 2
-216 -252 37 2
-216 -252 38 2
-216 -251 18 2
-249 -272 13 1
-249 -272 12 1
-249 -273 13 2
-249 -273 12 1
-249 -274 14 2
-215 -264 16 0
-213 -263 14 0
-212 -265 17 0
-216 -262 15 0
-201 -295 19 0
-206 -262 7 0
-217 -300 19 0
-221 -297 16 0
-220 -299 17 0
-221 -295 17 0
-219 -269 10 0
-220 -268 11 0
-235 -251 0 1
-219 -300 16 0
-220 -271 9 0
-222 -296 16 0
-224 -295 16 0
-234 -251 0 1
-224 -284 10 2
-224 -284 11 1
-225 -286 20 0
-247 -252 5 0
-247 -252 6 0
-248 -253 8 0
-223 -284 19 0
-248 -251 5 0
-248 -251 6 0
-249 -251 6 0
-224 -291 17 0
-238 -251 6 0
-247 -284 7 0
-204 -264 40 0
-212 -262 43 0
-204 -262 42 0
-210 -257 43 0
-209 -264 44 0
-209 -263 43 0
-205 -258 44 0
-208 -258 44 0
-209 -257 37 2
-211 -273 10 0
-211 -274 9 0
-210 -275 13 0
-211 -275 12 0
-211 -275 11 0
-226 -272 6 1
-226 -272 5 1
-209 -262 16 0
-204 -256 9 0
-208 -264 11 0
-208 -263 11 0
-210 -261 12 0
-210 -264 12 0
-208 -262 12 0
-209 -262 13 0
-208 -265 12 0
-209 -264 13 0
-209 -258 12 0
-209 -259 12 0
-205 -263 12 0
-206 -263 13 0
-207 -263 13 0
-210 -267 13 0
-206 -259 13 0
-207 -260 13 0
-208 -261 14 0
-206 -266 14 0
-207 -265 14 0
-208 -264 14 0
-210 -259 14 0
-210 -260 14 0
-205 -261 15 0
-235 -266 10 1
-237 -287 13 0
-238 -287 13 0
-237 -284 13 1
-237 -288 14 0
-235 -285 15 1
-238 -285 12 1
-235 -287 12 0
-236 -287 12 0
-237 -286 13 1
-236 -283 13 0
-237 -283 13 0
-236 -289 14 0
-241 -281 14 0
-235 -285 14 1
-243 -284 15 0
-239 -288 14 0
-238 -282 15 1
-244 -288 16 0
-246 -255 7 0
-236 -288 16 0
-237 -284 15 1
-237 -284 14 1
-202 -289 14 0
-201 -289 12 0
-204 -288 14 0
-205 -287 15 0
-203 -286 13 0
-204 -289 13 0
-205 -289 13 0
-209 -266 1 1
-209 -266 2 1
-209 -266 3 1
-209 -263 4 0
-211 -262 1 1
-211 -262 2 2
-211 -262 3 1
-211 -261 1 1
-211 -260 1 1
-209 -259 1 1
-209 -259 2 1
-208 -274 14 0
-206 -275 14 0
-209 -277 16 0
-207 -275 15 0
-236 -300 19 0
-206 -273 14 0
-210 -260 17 0
-212 -264 18 0
-209 -263 19 0
-210 -263 16 0
-242 -269 5 1
-242 -269 6 1
-242 -269 7 1
-240 -264 4 1
-237 -269 3 1
-237 -268 3 1
-241 -268 4 1
-239 -267 2 1
-239 -267 3 1
-239 -266 2 1
-239 -266 3 1
-239 -266 4 1
-239 -265 2 1
-239 -265 3 1
-239 -265 4 1
-238 -267 2 1
-238 -266 2 1
-238 -265 2 1
-237 -267 2 1
-237 -266 2 1
-235 -266 14 1
-238 -276 15 0
-208 -255 19 2
-208 -255 20 2
-208 -255 21 2
-208 -255 22 2
-208 -255 23 2
-208 -255 24 2
-208 -255 25 2
-208 -255 26 2
-208 -255 27 2
-208 -255 28 2
-208 -255 29 2
-208 -255 30 2
-208 -255 31 2
-208 -255 32 2
-208 -255 33 2
-208 -255 34 2
-208 -255 35 2
-208 -255 37 2
-208 -254 14 2
-244 -259 17 0
-242 -259 21 2
-243 -259 20 0
-211 -296 9 1
-211 -296 10 2
-211 -296 11 2
-210 -296 9 1
-210 -296 10 2
-210 -296 11 2
-209 -296 12 1
-210 -299 9 1
-210 -299 10 2
-210 -299 11 1
-210 -298 9 1
-210 -298 10 2
-210 -297 9 1
-210 -297 10 2
-210 -297 11 2
-207 -298 8 1
-207 -297 8 1
-206 -294 11 2
-210 -279 11 0
-209 -277 12 0
-217 -272 7 2
-213 -278 7 1
-210 -273 7 1
-210 -279 8 1
-211 -279 8 1
-226 -282 11 1
-226 -282 10 1
-226 -282 9 1
-226 -283 9 1
-227 -282 11 1
-227 -282 10 1
-227 -282 9 1
-227 -283 10 1
-227 -283 9 1
-226 -283 10 2
-223 -284 12 1
-222 -280 10 0
-223 -282 11 0
-219 -283 12 1
-207 -281 10 1
-226 -252 11 2
-226 -252 10 1
-226 -253 12 1
-201 -294 18 0
-226 -253 10 1
-226 -254 12 1
-226 -254 11 1
-226 -254 10 1
-226 -251 9 2
-248 -269 7 1
-248 -269 6 1
-248 -269 5 1
-249 -267 5 1
-249 -268 7 2
-249 -268 5 2
-249 -269 7 2
-249 -269 5 2
-250 -267 6 1
-250 -267 5 1
-250 -268 7 1
-250 -269 7 2
-250 -269 6 2
-250 -269 5 2
-249 -268 6 2
-250 -264 7 0
-249 -266 9 1
-249 -265 8 0
-248 -267 1 1
-250 -263 9 0
-221 -260 0 1
-222 -262 0 1
-222 -261 0 1
-221 -262 0 1
-221 -261 0 1
-220 -262 0 1
-224 -256 6 1
-224 -256 7 1
-220 -259 5 0
-219 -257 5 1
-218 -257 3 1
-226 -251 8 1
-226 -251 7 2
-227 -253 10 1
-231 -252 14 1
-231 -252 13 1
-232 -252 15 1
-232 -252 14 1
-227 -252 9 1
-230 -251 13 1
-232 -257 17 0
-233 -254 16 0
-233 -256 19 0
-242 -255 18 0
-243 -262 17 0
-243 -263 17 0
-247 -257 17 0
-248 -257 17 0
-245 -261 16 0
-227 -262 14 0
-227 -262 15 0
-224 -264 14 0
-230 -262 18 0
-210 -285 15 0
-204 -279 15 0
-239 -293 8 1
-209 -281 14 0
-207 -278 13 0
-209 -283 13 0
-210 -283 13 0
-211 -283 13 0
-217 -281 9 1
-218 -281 10 0
-235 -300 21 0
-233 -296 22 0
-231 -296 21 0
-232 -258 17 0
-232 -254 16 0
-231 -252 19 0
-232 -293 23 0
-232 -292 23 0
-231 -298 22 0
-236 -297 21 0
-233 -278 13 0
-236 -299 19 0
-230 -295 22 0
-202 -256 37 0
-233 -300 13 1
-233 -300 12 1
-229 -300 16 0
-233 -298 15 0
-221 -271 4 1
-232 -298 18 0
-221 -271 3 1
-221 -271 2 1
-222 -270 4 1
-246 -251 16 0
-245 -251 17 0
-248 -255 17 0
-248 -251 15 0
-250 -253 16 0
-249 -251 15 0
-243 -251 15 0
-249 -254 15 0
-250 -255 15 0
-250 -256 15 0
-249 -252 14 0
-250 -252 14 0
-249 -251 14 0
-250 -254 13 0
-210 -257 15 2
-210 -251 22 2
-229 -268 12 0
-240 -267 21 0
-236 -264 21 2
-236 -265 21 2
-240 -271 21 0
-239 -270 22 0
-232 -269 21 0
-233 -269 22 0
-240 -264 22 0
-239 -265 22 0
-237 -273 22 0
-233 -265 22 0
-234 -265 22 0
-242 -268 22 0
-241 -268 23 0
-233 -271 23 0
-234 -270 23 0
-237 -263 23 2
-237 -264 23 2
-237 -265 23 2
-234 -264 11 2
-234 -264 10 2
-238 -270 13 1
-238 -271 12 1
-239 -270 12 1
-239 -272 13 1
-238 -266 17 0
-221 -294 21 0
-226 -293 21 0
-209 -252 18 2
-231 -264 34 0
-227 -264 32 0
-232 -262 33 0
-226 -263 28 0
-226 -261 26 0
-229 -262 26 0
-242 -285 17 0
-202 -257 15 0
-228 -262 31 0
-230 -265 31 0
-223 -266 4 2
-221 -283 7 1
-220 -285 7 1
-220 -284 7 1
-220 -283 7 1
-250 -270 13 2
-250 -269 12 2
-250 -269 13 1
-250 -268 12 1
-250 -268 13 1
-250 -266 11 0
-212 -288 9 1
-220 -289 10 1
-220 -289 11 1
-246 -265 8 1
-204 -292 13 0
-201 -253 6 2
-247 -265 9 1
-249 -267 11 1
-221 -282 15 0
-221 -283 15 0
-247 -264 8 1
-246 -264 7 1
-217 -252 12 2
-216 -254 12 1
-215 -254 13 2
-248 -264 8 0
-215 -253 13 2
-250 -266 10 0
-215 -252 12 2
-215 -252 13 2
-215 -252 14 2
-246 -251 6 0
-201 -252 26 2
-201 -252 27 2
-203 -281 15 0
-201 -282 16 0
-202 -280 14 0
-201 -279 13 0
-204 -270 11 0
-202 -279 13 0
-203 -270 15 0
-234 -300 17 0
-232 -300 17 0
-204 -268 13 0
-224 -285 22 0
-233 -298 18 0
-231 -300 19 0
-207 -270 13 0
-234 -280 15 1
-240 -272 14 1
-231 -268 13 0
-236 -269 13 0
-238 -268 13 0
-230 -272 12 0
-234 -268 12 0
-233 -275 11 0
-249 -266 6 1
-233 -271 12 0
-235 -269 11 0
-230 -298 18 0
-231 -294 20 0
-213 -283 5 1
-213 -283 4 1
-223 -284 7 1
-234 -291 12 1
-234 -285 14 1
-234 -286 14 1
-217 -269 5 1
-221 -260 6 0
-221 -261 6 0
-214 -283 4 1
-214 -283 5 1
-214 -283 6 1
-201 -276 15 0
-240 -253 11 2
-233 -253 11 1
-234 -252 28 0
-239 -254 28 0
-201 -277 7 1
-201 -278 6 1
-202 -277 7 2
-208 -269 7 1
-207 -268 7 1
-207 -269 8 0
-206 -268 7 1
-235 -272 9 1
-232 -268 11 0
-237 -270 10 1
-233 -273 12 0
-233 -272 11 0
-235 -267 12 1
-236 -271 11 0
-239 -267 22 0
-238 -267 22 0
-235 -273 23 0
-235 -272 23 0
-236 -271 23 0
-236 -270 22 0
-235 -264 23 2
-235 -265 23 2
-235 -266 23 0
-241 -270 24 0
-240 -270 23 0
-239 -269 23 0
-232 -270 24 0
-233 -269 24 0
-234 -269 23 0
-239 -264 24 0
-238 -265 24 2
-238 -266 23 0
-237 -267 23 0
-238 -272 25 0
-237 -271 24 0
-230 -277 19 0
-209 -261 17 0
-213 -266 16 0
-201 -293 11 1
-205 -298 9 2
-206 -299 8 1
-206 -299 9 1
-206 -299 10 2
-206 -298 8 1
-209 -255 45 0
-208 -255 45 0
-212 -261 45 0
-212 -255 43 0
-219 -253 16 0
-213 -257 16 0
-222 -258 16 0
-216 -253 15 2
-215 -252 16 2
-217 -257 14 0
-217 -258 15 0
-216 -259 15 0
-216 -260 16 0
-216 -256 14 0
-214 -255 15 2
-250 -286 7 0
-220 -259 14 0
-205 -256 15 0
-236 -282 12 0
-239 -284 6 1
-239 -254 20 2
-233 -266 13 1
-233 -266 14 1
-233 -264 14 1
-232 -265 14 1
-232 -264 14 1
-234 -265 3 1
-202 -299 17 1
-202 -299 16 1
-202 -300 17 1
-201 -297 17 1
-202 -297 17 1
-201 -300 16 2
-202 -298 18 0
-201 -298 18 0
-201 -296 19 0
-201 -299 20 0
-223 -293 17 0
-223 -294 16 0
-243 -287 7 2
-243 -287 6 1
-243 -287 5 1
-243 -288 7 2
-235 -300 17 0
-243 -288 5 1
-243 -289 7 1
-243 -289 6 1
-243 -289 5 1
-244 -287 7 2
-244 -288 7 2
-244 -289 7 2
-244 -289 6 2
-244 -289 5 1
-245 -287 7 1
-245 -288 7 1
-245 -289 7 1
-245 -289 6 2
-245 -289 5 2
-226 -284 21 0
-250 -287 7 0
-250 -287 6 1
-243 -283 7 1
-247 -284 6 1
-228 -300 13 1
-229 -300 13 1
-247 -287 7 0
-204 -251 16 2
-204 -251 17 2
-248 -263 5 0
-249 -267 4 2
-250 -267 4 2
-250 -266 6 0
-231 -280 21 0
-226 -279 19 0
-225 -279 20 0
-229 -278 19 0
-230 -277 20 0
-231 -279 18 0
-232 -278 18 0
-225 -280 18 0
-230 -283 17 0
-231 -285 18 0
-228 -280 17 0
-228 -279 17 0
-228 -278 17 0
-228 -277 17 0
-234 -267 33 2
-240 -268 34 0
-238 -268 32 0
-236 -269 32 0
-236 -267 33 0
-238 -270 35 0
-237 -269 33 0
-238 -271 27 0
-234 -272 27 0
-205 -286 11 0
-203 -283 11 0
-211 -294 10 2
-211 -294 11 2
-211 -293 9 1
-211 -293 10 2
-211 -293 11 2
-210 -295 9 1
-210 -295 10 2
-210 -295 11 2
-209 -295 9 2
-209 -295 10 2
-209 -295 11 2
-233 -270 8 1
-212 -270 7 1
-212 -270 6 1
-212 -270 5 1
-212 -271 7 2
-212 -271 5 1
-213 -270 7 2
-213 -270 6 1
-213 -270 5 1
-213 -271 7 2
-213 -271 6 1
-241 -294 10 2
-241 -294 11 1
-240 -294 9 1
-240 -294 10 2
-240 -294 11 1
-239 -294 9 1
-239 -294 10 2
-239 -294 11 1
-238 -289 7 1
-238 -289 8 1
-238 -289 9 1
-237 -289 7 1
-237 -289 8 1
-237 -289 9 1
-239 -288 10 0
-240 -290 10 1
-239 -290 10 1
-245 -291 8 1
-240 -289 6 1
-240 -288 6 1
-218 -265 1 1
-218 -264 1 1
-233 -268 5 2
-232 -269 1 1
-232 -268 1 1
-236 -287 17 0
-236 -287 18 0
-235 -287 20 0
-223 -251 21 0
-238 -289 20 0
-235 -288 13 0
-233 -284 15 1
-209 -280 10 0
-246 -276 6 1
-210 -274 5 1
-206 -280 9 1
-203 -280 9 2
-202 -280 9 2
-202 -279 10 1
-203 -279 10 1
-239 -252 0 1
-239 -253 0 1
-240 -252 0 1
-240 -253 0 1
-241 -263 27 0
-235 -263 29 2
-202 -278 11 0
-233 -271 20 0
-244 -253 1 2
-241 -269 19 0
-205 -260 6 0
-206 -260 7 0
-207 -260 7 0
-208 -261 8 0
-217 -276 4 1
-216 -278 2 1
-216 -278 3 2
-216 -278 4 1
-216 -277 2 1
-216 -276 2 1
-215 -278 2 1
-213 -274 4 1
-212 -276 2 1
-212 -276 3 1
-215 -280 10 0
-214 -273 11 0
-214 -274 10 0
-215 -275 10 0
-212 -279 11 0
-213 -278 11 0
-215 -278 9 1
-223 -270 6 1
-223 -270 4 1
-237 -293 15 1
-250 -287 5 1
-246 -288 3 1
-228 -270 5 1
-228 -270 4 1
-229 -268 6 1
-229 -268 5 2
-229 -268 4 2
-229 -269 6 1
-229 -300 12 1
-229 -300 11 1
-244 -285 6 1
-210 -287 8 1
-205 -273 3 1
-207 -269 2 1
-231 -272 8 2
-240 -255 19 2
-235 -251 19 0
-237 -296 23 0
-236 -257 18 2
-205 -280 15 0
-206 -279 14 0
-205 -278 13 0
-206 -278 13 0
-205 -277 12 0
-232 -253 4 1
-231 -255 4 1
-231 -254 4 1
-236 -254 5 1
-223 -265 3 2
-223 -264 1 1
-223 -264 2 2
-223 -264 3 1
-221 -265 4 1
-227 -251 20 0
-214 -284 11 2
-215 -284 11 1
-225 -251 18 1
-225 -252 18 1
-229 -251 17 1
-227 -253 15 2
-228 -254 14 2
-228 -254 15 2
-228 -254 16 2
-228 -253 14 2
-228 -253 15 2
-228 -253 16 1
-228 -252 16 1
-227 -254 14 1
-217 -275 5 1
-233 -266 3 1
-217 -275 3 1
-233 -266 2 1
-234 -264 4 1
-234 -264 3 1
-234 -264 2 1
-234 -265 4 1
-224 -259 25 0
-228 -264 24 0
-229 -257 25 0
-223 -263 24 0
-226 -259 23 0
-226 -258 23 0
-225 -258 23 0
-225 -257 24 0
-226 -265 23 0
-225 -266 24 0
-230 -259 23 0
-231 -259 23 0
-223 -260 23 0
-222 -260 23 0
-227 -258 22 0
-227 -257 22 0
-227 -256 22 0
-225 -263 22 0
-224 -264 22 0
-223 -264 22 0
-230 -261 22 0
-225 -259 22 0
-224 -258 21 0
-223 -258 21 0
-227 -263 22 0
-227 -264 21 0
-227 -265 21 0
-227 -266 21 0
-229 -259 21 0
-229 -258 21 0
-230 -257 21 0
-225 -261 21 0
-224 -261 21 0
-223 -262 21 0
-222 -262 20 0
-228 -262 21 0
-229 -263 21 0
-230 -263 20 0
-231 -264 20 0
-226 -259 21 0
-226 -258 20 0
-226 -257 20 0
-225 -264 20 0
-211 -275 8 0
-210 -275 8 1
-208 -275 9 1
-213 -271 8 1
-210 -278 8 2
-211 -279 9 1
-211 -278 8 1
-210 -259 6 2
-211 -257 8 2
-211 -257 7 2
-211 -257 6 2
-211 -258 8 2
-211 -258 7 2
-211 -258 6 2
-226 -260 7 1
-201 -299 15 1
-201 -299 16 1
-201 -299 17 1
-204 -252 28 2
-204 -252 29 2
-204 -252 30 2
-204 -252 31 2
-241 -295 10 1
-239 -297 24 0
-231 -297 21 0
-210 -276 12 0
-209 -278 12 0
-215 -294 9 1
-215 -294 10 1
-215 -299 9 1
-215 -298 9 1
-241 -284 15 0
-243 -284 13 0
-215 -297 9 1
-215 -297 10 1
-215 -297 11 2
-215 -296 9 1
-215 -296 10 2
-215 -296 11 1
-215 -295 9 1
-215 -295 10 2
-215 -295 11 1
-243 -268 11 2
-243 -267 9 2
-243 -267 10 2
-243 -267 11 2
-218 -272 8 1
-249 -275 5 2
-249 -275 4 2
-249 -275 3 1
-249 -276 5 2
-249 -276 4 2
-249 -276 3 1
-249 -277 5 1
-249 -277 4 1
-249 -277 3 2
-250 -277 5 2
-212 -277 8 0
-250 -282 5 0
-249 -278 6 1
-250 -278 5 1
-249 -281 7 0
-250 -277 8 1
-208 -276 15 0
-206 -274 13 0
-207 -279 17 0
-208 -277 15 0
-208 -278 15 0
-230 -286 15 1
-209 -278 15 0
-209 -277 14 0
-207 -276 13 0
-248 -272 11 1
-248 -272 14 2
-249 -272 11 1
-248 -271 14 1
-248 -272 10 1
-248 -272 9 1
-248 -272 8 1
-248 -273 8 1
-248 -274 8 2
-249 -272 10 1
-249 -273 8 1
-249 -274 8 1
-250 -273 10 2
-250 -273 9 2
-223 -261 6 0
-222 -262 6 0
-222 -263 6 0
-225 -269 7 1
-224 -268 6 1
-226 -263 7 0
-225 -263 7 0
-225 -264 7 0
-221 -270 7 1
-221 -269 7 0
-221 -267 7 0
-226 -267 8 0
-225 -266 7 0
-223 -266 6 0
-207 -279 8 2
-230 -259 5 1
-225 -259 3 1
-225 -259 2 1
-225 -260 2 1
-226 -259 3 1
-226 -259 2 1
-226 -260 2 1
-227 -259 3 1
-227 -260 3 1
-238 -293 21 0
-203 -261 26 0
-202 -261 26 0
-202 -252 8 2
-202 -252 7 2
-202 -253 8 2
-250 -264 6 0
-249 -264 5 0
-202 -254 7 1
-203 -264 27 0
-230 -276 12 0
-240 -275 11 1
-240 -275 10 1
-238 -274 13 0
-202 -268 3 1
-217 -282 12 1
-217 -283 12 1
-217 -284 12 1
-221 -276 11 0
-221 -277 11 0
-221 -278 11 0
-221 -279 11 0
-216 -266 3 1
-216 -266 4 1
-216 -265 2 1
-204 -261 34 0
-214 -287 13 1
-203 -263 36 0
-202 -263 35 0
-214 -288 13 1
-210 -287 14 0
-210 -288 14 0
-210 -289 13 0
-213 -290 14 0
-208 -289 15 0
-212 -288 16 0
-211 -289 16 0
-219 -251 17 2
-219 -251 16 2
-219 -251 15 1
-220 -251 17 1
-220 -251 16 1
-226 -252 16 1
-233 -259 13 2
-226 -251 16 1
-233 -259 12 2
-209 -251 29 2
-216 -265 3 1
-216 -264 4 1
-214 -264 5 1
-216 -264 1 1
-201 -275 9 0
-201 -274 9 0
-201 -276 9 1
-201 -273 7 1
-202 -271 12 0
-202 -270 13 0
-240 -275 9 1
-230 -257 12 2
-230 -258 14 1
-230 -258 13 2
-230 -258 12 2
-237 -257 14 2
-222 -252 4 1
-212 -295 13 0
-236 -253 3 1
-208 -300 14 0
-213 -298 14 0
-212 -298 14 0
-203 -298 8 1
-231 -251 2 1
-231 -251 1 1
-231 -251 0 1
-233 -258 32 0
-236 -254 30 0
-231 -294 26 0
-232 -294 25 0
-235 -255 31 0
-235 -252 31 0
-232 -255 30 0
-240 -252 28 0
-235 -259 27 2
-201 -278 16 0
-238 -253 31 0
-235 -256 31 0
-241 -253 30 0
-232 -254 30 0
-232 -256 28 0
-238 -253 4 1
-230 -264 18 0
-228 -262 19 0
-224 -261 19 0
-227 -265 19 0
-227 -256 20 0
-227 -257 20 0
-227 -258 20 0
-231 -259 21 0
-224 -257 22 0
-225 -258 21 0
-231 -263 22 0
-229 -262 21 0
-222 -262 23 0
-228 -258 22 0
-228 -265 23 0
-244 -261 11 0
-249 -259 11 0
-242 -261 11 0
-239 -261 12 2
-239 -262 12 2
-239 -263 12 2
-240 -261 12 2
-240 -262 12 2
-233 -271 17 0
-235 -274 18 0
-202 -251 21 2
-221 -254 42 0
-225 -251 45 0
-219 -251 47 0
-204 -264 17 0
-203 -255 17 0
-204 -256 17 0
-201 -261 18 0
-236 -278 17 1
-236 -278 18 1
-233 -253 18 0
-234 -253 19 0
-235 -253 20 0
-240 -253 19 0
-238 -254 20 2
-231 -267 11 0
-226 -266 9 0
-238 -285 6 1
-246 -286 3 2
-246 -287 3 1
-248 -285 5 1
-248 -251 17 0
-218 -253 8 1
-218 -253 9 1
-219 -252 10 1
-220 -252 10 1
-220 -253 9 2
-220 -254 10 2
-220 -254 9 2
-204 -281 18 0
-203 -252 37 2
-206 -276 8 2
-229 -251 8 1
-206 -276 7 1
-231 -251 9 1
-231 -251 8 1
-202 -256 35 0
-235 -253 16 0
-236 -260 12 2
-221 -295 16 0
-222 -294 16 0
-219 -299 15 0
-220 -300 15 0
-218 -294 15 0
-218 -293 15 0
-218 -292 15 0
-219 -297 15 0
-218 -299 14 0
-218 -300 14 0
-235 -258 33 1
-230 -268 3 2
-240 -267 8 0
-238 -265 13 1
-238 -266 13 1
-230 -269 1 1
-229 -268 2 2
-250 -251 11 0
-250 -251 12 0
-212 -260 11 0
-211 -260 11 0
-214 -261 14 0
-216 -263 15 0
-217 -263 16 0
-214 -261 13 0
-212 -259 15 0
-211 -263 14 0
-212 -261 12 0
-210 -260 12 0
-211 -265 11 0
-214 -262 17 0
-231 -261 3 1
-235 -268 1 1
-235 -267 1 1
-235 -266 1 1
-234 -264 1 1
-234 -263 1 1
-234 -263 2 1
-234 -263 3 1
-228 -257 19 1
-224 -263 17 0
-223 -263 17 0
-223 -264 17 0
-229 -261 17 0
-230 -261 17 0
-225 -259 17 1
-224 -259 17 1
-226 -262 17 0
-226 -263 17 0
-229 -284 13 1
-229 -284 14 0
-229 -285 14 0
-225 -289 14 0
-202 -278 16 0
-201 -277 15 0
-237 -254 24 0
-230 -270 5 2
-230 -270 6 1
-230 -269 4 2
-230 -269 5 1
-202 -265 30 0
-202 -264 30 0
-242 -288 11 0
-216 -251 14 2
-220 -258 11 1
-218 -255 11 0
-216 -252 9 2
-218 -254 10 0
-217 -254 9 1
-220 -254 8 2
-220 -253 8 2
-220 -252 8 1
-219 -253 10 1
-219 -252 7 1
-205 -276 8 2
-242 -284 23 0
-243 -284 24 0
-244 -283 25 0
-241 -284 24 1
-241 -283 24 1
-240 -283 24 2
-240 -282 24 1
-239 -284 24 1
-239 -283 24 1
-239 -282 24 1
-241 -286 23 0
-242 -286 24 0
-242 -287 24 0
-242 -288 25 0
-243 -281 24 0
-239 -285 23 0
-238 -285 24 1
-237 -285 24 1
-243 -285 23 0
-244 -285 23 0
-245 -286 24 0
-240 -281 23 0
-239 -281 23 1
-240 -288 23 0
-240 -289 23 0
-216 -276 15 0
-214 -279 13 0
-210 -276 11 0
-212 -291 10 2
-212 -291 11 2
-211 -291 9 1
-211 -291 10 2
-211 -291 11 1
-217 -273 10 0
-208 -289 9 2
-208 -259 1 1
-215 -269 12 0
-201 -268 14 0
-237 -292 18 1
-237 -291 19 0
-208 -277 4 1
-209 -275 2 1
-206 -254 31 2
-206 -254 30 2
-206 -254 29 2
-206 -254 28 2
-206 -254 27 2
-206 -254 26 2
-206 -254 25 2
-206 -254 24 2
-206 -254 23 2
-206 -254 22 2
-206 -254 21 2
-206 -254 20 2
-206 -254 19 2
-206 -254 18 2
-219 -255 45 0
-219 -255 44 0
-218 -254 44 0
-217 -254 43 0
-216 -251 44 0
-216 -252 44 0
-216 -257 46 0
-216 -256 45 0
-250 -273 13 2
-212 -251 46 0
-213 -252 45 0
-214 -252 44 0
-219 -253 46 0
-218 -253 46 0
-217 -253 45 0
-213 -256 47 0
-236 -268 2 1
-221 -294 12 1
-221 -294 11 2
-221 -294 10 1
-225 -297 15 0
-217 -300 15 0
-229 -286 20 0
-221 -286 20 0
-216 -299 17 0
-222 -293 18 0
-226 -283 19 0
-209 -259 8 1
-239 -265 26 0
-237 -273 26 0
-244 -284 6 2
-244 -284 7 1
-203 -265 7 1
-204 -265 8 0
-204 -265 6 1
-204 -264 8 0
-205 -263 7 1
-204 -262 7 0
-204 -263 8 0
-223 -260 0 1
-223 -259 0 1
-207 -262 33 0
-211 -256 19 2
-211 -256 20 2
-211 -256 21 2
-211 -256 22 2
-211 -256 23 2
-211 -256 24 2
-211 -256 25 2
-211 -256 26 2
-211 -256 27 2
-211 -256 28 2
-211 -256 29 2
-211 -256 30 2
-211 -256 31 2
-211 -256 32 2
-211 -256 33 2
-211 -256 34 2
-211 -256 35 2
-211 -256 36 2
-211 -256 37 2
-211 -255 14 2
-245 -286 20 0
-246 -286 20 0
-240 -281 20 0
-240 -280 20 0
-244 -283 19 0
-245 -283 19 0
-246 -282 19 0
-238 -285 20 1
-238 -284 20 2
-238 -283 20 1
-237 -285 20 1
-237 -284 20 1
-237 -283 20 1
-244 -288 19 0
-245 -289 19 0
-242 -281 18 0
-242 -280 18 0
-244 -285 18 0
-245 -285 18 0
-246 -285 18 0
-247 -285 18 0
-242 -288 17 0
-243 -283 18 0
-244 -282 17 0
-245 -281 17 0
-245 -287 17 0
-241 -284 22 1
-241 -284 23 1
-237 -252 20 0
-237 -251 20 0
-233 -257 20 0
-237 -300 17 0
-234 -251 20 0
-233 -251 19 0
-237 -258 19 2
-239 -252 19 0
-232 -255 18 0
-240 -257 18 2
-236 -253 19 0
-236 -251 18 0
-239 -254 18 2
-224 -297 18 0
-229 -294 17 0
-232 -298 17 0
-231 -295 16 0
-235 -256 7 1
-233 -251 8 0
-234 -252 8 0
-235 -252 8 0
-236 -251 8 0
-236 -258 8 1
-244 -286 7 1
-241 -285 7 1
-241 -285 6 1
-241 -285 5 1
-241 -286 7 2
-202 -289 16 0
-203 -289 16 0
-202 -293 14 0
-210 -261 9 0
-202 -291 14 0
-203 -291 14 0
-211 -262 9 0
-212 -263 10 0
-248 -254 13 0
-248 -255 12 0
-247 -251 13 0
-248 -251 12 0
-248 -253 12 0
-244 -255 16 0
-244 -254 16 0
-241 -261 16 0
-241 -262 16 0
-240 -262 16 2
-247 -259 16 0
-244 -263 15 0
-244 -264 15 1
-246 -257 15 0
-246 -256 15 0
-247 -256 14 0
-246 -261 15 0
-247 -262 14 0
-242 -262 14 0
-248 -258 13 0
-245 -260 20 0
-245 -261 21 0
-243 -258 18 2
-243 -258 19 2
-243 -260 18 0
-245 -259 18 0
-247 -259 20 0
-241 -258 19 2
-244 -262 19 0
-245 -257 18 0
-246 -255 19 0
-241 -260 18 2
-239 -261 19 2
-247 -261 18 0
-243 -258 17 2
-243 -257 17 2
-242 -256 18 2
-242 -263 17 0
-242 -264 18 0
-245 -258 17 0
-246 -258 17 0
-242 -259 17 2
-233 -298 19 0
-234 -295 23 0
-244 -254 17 0
-241 -261 17 0
-208 -295 10 2
-208 -294 8 1
-207 -296 8 1
-207 -296 9 2
-245 -253 7 1
-245 -253 8 1
-245 -252 6 1
-245 -252 7 1
-236 -261 26 2
-237 -261 27 2
-239 -262 25 2
-214 -254 19 2
-214 -254 20 2
-214 -254 21 2
-249 -251 10 0
-250 -253 10 0
-207 -281 13 0
-206 -280 12 0
-206 -283 15 0
-207 -282 14 0
-207 -283 15 0
-208 -282 14 0
-206 -283 7 1
-214 -293 17 0
-204 -262 10 0
-203 -261 10 0
-210 -289 14 0
-207 -251 21 2
-210 -251 23 2
-211 -289 14 0
-202 -263 10 0
-208 -289 12 0
-209 -289 12 1
-239 -285 8 1
-237 -297 16 0
-237 -282 8 1
-242 -294 16 0
-241 -294 16 0
-234 -294 17 1
-236 -294 16 1
-235 -291 18 0
-236 -291 17 0
-231 -258 15 1
-230 -258 15 1
-225 -260 15 1
-224 -259 14 2
-223 -251 7 2
-222 -251 7 1
-222 -251 8 1
-221 -253 7 2
-221 -253 8 2
-221 -252 7 1
-221 -252 8 1
-221 -251 7 1
-221 -251 8 1
-220 -251 8 1
-210 -258 28 2
-210 -258 29 2
-210 -258 30 2
-210 -258 31 2
-210 -258 32 2
-210 -258 33 2
-210 -258 34 2
-210 -258 35 2
-210 -257 18 2
-210 -257 19 2
-210 -257 20 2
-210 -257 21 2
-210 -257 22 2
-210 -257 23 2
-210 -257 24 2
-210 -257 25 2
-210 -257 26 2
-210 -257 27 2
-210 -257 28 2
-210 -257 29 2
-210 -257 30 2
-210 -257 31 2
-210 -257 32 2
-210 -257 33 2
-210 -257 36 2
-210 -256 16 2
-215 -251 13 2
-210 -256 18 2
-224 -258 12 1
-223 -258 12 1
-222 -258 12 1
-214 -269 9 1
-218 -272 10 0
-210 -256 24 2
-210 -256 25 2
-210 -256 26 2
-219 -253 11 1
-223 -255 11 1
-223 -262 18 0
-231 -262 18 0
-218 -256 10 0
-216 -251 9 1
-217 -254 8 1
-221 -254 8 2
-224 -259 16 0
-228 -256 15 2
-227 -256 15 2
-224 -263 16 0
-223 -263 16 0
-231 -260 16 1
-223 -257 15 0
-240 -269 7 1
-238 -267 4 1
-234 -300 25 0
-234 -299 24 0
-233 -298 24 0
-230 -295 26 0
-230 -295 25 0
-231 -295 25 0
-232 -296 24 0
-236 -296 26 0
-248 -267 4 2
-248 -266 3 2
-248 -265 3 1
-211 -274 8 1
-207 -275 13 0
-207 -275 11 0
-206 -275 13 0
-248 -266 2 2
-248 -266 1 1
-204 -260 36 0
-250 -270 9 2
-248 -263 4 0
-249 -263 4 0
-236 -268 4 2
-249 -272 5 1
-250 -271 5 2
-250 -272 5 1
-237 -267 4 1
-237 -268 6 1
-249 -268 10 2
-249 -271 5 1
-249 -268 11 2
-216 -266 8 1
-249 -269 11 2
-249 -269 10 2
-249 -269 9 2
-249 -270 11 1
-249 -270 10 2
-213 -265 10 0
-213 -265 9 0
-250 -269 11 2
-250 -270 11 2
-250 -270 10 2
-215 -262 8 0
-249 -270 9 2
-250 -268 11 1
-204 -261 36 0
-203 -257 36 0
-249 -263 1 1
-249 -263 2 2
-248 -265 1 1
-245 -292 9 0
-250 -269 10 2
-250 -264 2 2
-250 -264 1 1
-242 -284 10 1
-241 -283 10 1
-228 -290 16 0
-238 -272 5 1
-237 -274 6 2
-237 -273 6 1
-236 -274 6 2
-203 -251 35 2
-228 -298 11 2
-204 -266 2 1
-232 -254 2 1
-232 -254 3 1
-235 -254 4 1
-208 -270 2 1
-219 -284 13 1
-207 -267 3 1
-208 -267 3 2
-230 -279 16 0
-209 -268 3 2
-238 -281 20 1
-244 -282 21 0
-239 -287 21 0
-240 -280 22 0
-244 -286 22 0
-241 -289 23 0
-241 -288 23 0
-238 -286 24 0
-239 -285 24 0
-206 -252 35 2
-206 -252 34 2
-206 -252 33 2
-206 -252 32 2
-206 -252 31 2
-206 -252 30 2
-206 -252 29 2
-206 -252 28 2
-206 -252 27 2
-206 -252 26 2
-206 -252 25 2
-206 -252 24 2
-206 -252 23 2
-206 -252 22 2
-206 -252 21 2
-206 -252 20 2
-206 -252 19 2
-206 -252 18 2
-206 -252 17 2
-206 -252 16 2
-206 -252 15 2
-206 -256 25 2
-206 -256 24 2
-244 -289 4 1
-230 -271 5 2
-250 -254 12 0
-250 -254 11 0
-227 -264 5 0
-231 -265 30 0
-226 -260 27 0
-243 -283 16 0
-243 -281 17 0
-227 -262 30 0
-242 -291 10 1
-241 -293 10 2
-241 -292 10 1
-241 -291 10 1
-242 -257 8 2
-225 -297 21 0
-226 -297 18 0
-212 -251 14 2
-228 -267 3 2
-231 -251 13 1
-228 -267 4 2
-247 -258 6 0
-244 -260 7 0
-245 -258 6 0
-248 -257 7 0
-242 -256 9 1
-242 -257 9 2
-242 -258 9 2
-204 -297 14 1
-204 -297 15 1
-243 -282 14 0
-239 -286 13 1
-240 -294 19 0
-238 -290 19 0
-237 -295 18 1
-236 -295 18 1
-224 -289 18 0
-225 -289 17 0
-226 -288 17 1
-230 -284 18 0
-229 -285 18 0
-229 -285 17 0
-229 -292 19 0
-228 -290 18 0
-201 -266 22 0
-228 -285 20 0
-227 -288 20 0
-227 -288 19 0
-207 -251 23 2
-234 -292 21 0
-224 -283 11 1
-225 -282 9 1
-247 -257 9 0
-240 -282 20 1
-205 -252 31 2
-205 -252 30 2
-205 -252 29 2
-205 -252 28 2
-205 -252 27 2
-205 -252 26 2
-205 -252 25 2
-205 -252 24 2
-205 -252 23 2
-205 -252 22 2
-205 -252 21 2
-205 -252 20 2
-205 -252 19 2
-205 -252 18 2
-205 -252 17 2
-205 -252 16 2
-205 -253 38 2
-205 -253 36 2
-212 -272 6 2
-205 -253 33 2
-205 -253 32 2
-205 -253 31 2
-205 -253 30 2
-205 -253 29 2
-232 -254 10 2
-201 -274 16 0
-201 -275 15 0
-209 -252 26 2
-209 -251 26 2
-239 -251 11 1
-238 -252 11 1
-235 -259 10 1
-235 -260 10 1
-236 -258 10 2
-236 -259 10 2
-236 -260 10 1
-237 -258 10 1
-237 -259 10 1
-237 -260 10 1
-241 -283 8 2
-234 -252 12 0
-235 -252 12 0
-239 -254 12 2
-239 -254 11 2
-239 -255 11 2
-206 -263 6 1
-210 -261 7 0
-207 -263 10 0
-212 -287 10 1
-212 -285 10 1
-213 -287 10 1
-211 -285 15 0
-214 -285 13 1
-201 -255 11 0
-202 -256 11 0
-201 -257 10 0
-203 -259 12 0
-201 -261 13 0
-243 -276 11 0
-242 -277 14 0
-245 -277 4 2
-244 -277 5 1
-204 -270 7 0
-203 -269 7 1
-205 -274 7 1
-208 -270 7 0
-208 -269 6 1
-209 -268 6 1
-205 -272 7 0
-204 -272 7 0
-203 -272 6 1
-202 -272 6 1
-201 -273 6 1
-205 -266 5 2
-205 -266 6 1
-204 -268 4 2
-218 -273 6 2
-211 -263 15 0
-211 -263 16 0
-211 -263 17 0
-211 -263 18 0
-213 -264 17 0
-212 -261 16 0
-212 -261 17 0
-212 -260 18 0
-211 -264 16 0
-210 -265 17 0
-215 -262 16 0
-215 -262 17 0
-210 -261 15 0
-209 -261 16 0
-208 -264 8 0
-208 -263 8 0
-208 -262 7 0
-205 -259 9 0
-219 -298 15 0
-221 -298 16 0
-222 -299 17 0
-217 -300 16 0
-219 -296 15 0
-250 -284 10 0
-246 -287 11 0
-246 -286 9 0
-208 -261 7 0
-208 -295 15 0
-204 -297 17 1
-209 -262 10 0
-236 -272 4 1
-242 -285 11 0
-248 -288 11 0
-240 -291 11 1
-241 -290 11 0
-242 -289 11 0
-243 -288 11 0
-247 -292 12 0
-246 -291 11 0
-246 -290 11 0
-239 -286 12 1
-242 -283 11 1
-248 -285 12 0
-247 -285 12 0
-246 -286 12 0
-243 -292 12 0
-243 -290 12 0
-243 -289 12 0
-244 -288 11 0
-242 -283 13 0
-242 -284 12 1
-248 -289 13 0
-247 -289 13 0
-246 -288 12 0
-240 -289 13 0
-241 -289 13 0
-243 -288 12 0
-243 -276 14 0
-245 -291 13 0
-236 -255 28 0
-206 -267 5 2
-206 -267 4 1
-245 -290 13 0
-249 -267 6 1
-249 -270 5 1
-249 -270 6 1
-250 -268 5 1
-248 -267 8 2
-250 -264 8 0
-250 -268 10 1
-248 -268 2 1
-249 -263 3 1
-248 -265 5 1
-249 -265 5 1
-250 -265 5 1
-249 -261 6 0
-248 -267 7 1
-229 -257 11 2
-229 -256 10 1
-229 -256 11 2
-237 -274 16 0
-238 -274 16 0
-232 -269 15 0
-232 -268 16 0
-236 -271 15 0
-238 -270 15 0
-237 -277 15 0
-235 -268 14 0
-230 -269 13 0
-235 -271 14 0
-229 -273 12 0
-236 -274 13 0
-238 -275 12 0
-233 -268 12 0
-232 -276 11 0
-235 -275 11 0
-235 -276 10 1
-239 -293 14 1
-240 -293 15 0
-240 -293 16 0
-240 -293 17 0
-241 -294 17 0
-239 -290 16 0
-239 -290 17 0
-238 -293 14 1
-238 -294 15 1
-238 -294 16 1
-206 -276 4 1
-209 -272 6 1
-235 -271 24 0
-237 -268 20 0
-237 -251 5 0
-237 -252 5 0
-235 -268 21 0
-235 -267 22 0
-234 -267 22 0
-233 -266 23 0
-237 -270 21 0
-241 -251 4 1
-237 -271 22 0
-238 -272 23 0
-237 -267 21 0
-238 -266 21 0
-233 -270 22 0
-232 -270 22 0
-239 -269 21 0
-240 -270 21 0
-235 -266 21 0
-235 -252 3 2
-235 -252 4 2
-235 -251 3 1
-235 -251 4 1
-243 -286 7 2
-234 -252 3 1
-234 -252 4 1
-233 -252 2 1
-233 -252 3 1
-233 -252 4 1
-231 -271 5 1
-231 -270 3 2
-230 -271 3 1
-230 -271 4 1
-224 -289 19 0
-239 -251 3 1
-239 -252 2 1
-209 -270 4 2
-209 -270 3 1
-209 -270 2 1
-209 -271 4 1
-209 -271 3 2
-209 -271 2 1
-222 -274 7 1
-222 -274 6 1
-237 -260 23 2
-237 -259 24 2
-237 -258 24 2
-237 -257 24 2
-217 -277 15 0
-213 -274 13 0
-219 -275 14 0
-214 -277 14 0
-212 -279 10 0
-217 -277 14 0
-214 -278 15 0
-215 -279 12 0
-212 -277 13 0
-213 -273 14 0
-216 -273 15 0
-216 -273 14 0
-215 -275 15 0
-213 -277 12 0
-218 -272 13 0
-218 -277 15 0
-222 -271 7 1
-222 -271 6 1
-222 -271 5 1
-220 -273 11 0
-221 -273 13 0
-223 -275 14 0
-219 -273 15 0
-221 -277 15 0
-221 -277 14 0
-218 -276 15 0
-219 -276 13 0
-224 -280 7 1
-223 -272 9 0
-221 -271 11 0
-221 -272 11 0
-219 -273 12 0
-216 -277 13 0
-222 -272 13 0
-222 -273 13 0
-221 -274 12 0
-221 -279 13 0
-218 -274 13 0
-218 -275 13 0
-224 -275 14 0
-218 -278 14 0
-220 -273 15 0
-222 -277 15 0
-219 -276 15 0
-218 -266 12 0
-219 -265 13 0
-216 -268 10 0
-216 -268 11 0
-216 -269 11 0
-210 -254 43 0
-210 -255 43 0
-239 -264 18 0
-236 -271 18 0
-232 -265 18 0
-241 -268 19 0
-246 -292 12 0
-244 -283 12 0
-239 -291 11 1
-217 -294 14 0
-224 -297 15 0
-234 -251 2 2
-235 -251 24 0
-236 -258 23 2
-239 -253 23 0
-240 -253 23 0
-241 -252 23 0
-233 -254 23 0
-232 -253 23 0
-239 -257 23 2
-239 -258 23 2
-224 -281 15 0
-220 -282 13 0
-202 -251 32 2
-222 -283 16 0
-202 -251 30 2
-202 -251 29 2
-213 -275 13 0
-215 -276 15 0
-214 -272 14 0
-212 -278 14 0
-211 -273 13 0
-211 -276 11 0
-212 -280 11 0
-210 -278 10 0
-230 -254 31 0
-228 -257 30 0
-227 -257 30 0
-229 -260 29 0
-226 -296 18 0
-225 -296 17 0
-219 -279 2 1
-218 -279 2 1
-217 -279 2 1
-206 -285 8 1
-206 -285 9 2
-205 -287 16 0
-250 -256 3 1
-250 -255 3 1
-234 -276 25 0
-234 -277 25 0
-234 -278 25 0
-234 -279 25 0
-229 -279 26 0
-216 -276 11 0
-216 -275 12 0
-250 -279 1 1
-250 -278 1 1
-211 -299 13 0
-240 -286 12 0
-210 -269 6 2
-210 -269 5 2
-214 -267 14 0
-240 -260 29 2
-239 -261 29 2
-238 -262 30 0
-233 -260 29 2
-234 -261 29 2
-242 -264 30 0
-241 -264 30 0
-223 -259 13 1
-227 -259 10 2
-227 -259 9 1
-227 -259 8 2
-249 -262 6 0
-250 -261 5 0
-249 -261 8 0
-247 -261 6 0
-247 -264 5 1
-246 -264 5 1
-245 -264 4 1
-245 -264 5 1
-248 -262 7 0
-248 -262 1 1
-250 -260 7 0
-246 -268 6 1
-246 -262 4 0
-248 -261 1 1
-247 -260 6 0
-247 -263 6 0
-249 -262 4 0
-249 -259 7 0
-247 -262 2 1
-247 -261 2 1
-249 -260 8 0
-247 -262 6 0
-246 -263 3 0
-248 -259 7 0
-246 -264 3 1
-246 -263 5 0
-242 -261 9 0
-244 -263 4 0
-250 -257 11 0
-250 -256 11 0
-225 -252 5 1
-247 -261 29 0
-224 -254 5 1
-245 -261 29 0
-226 -254 6 1
-225 -254 6 1
-224 -253 4 1
-223 -253 4 1
-222 -253 4 1
-225 -255 6 1
-225 -255 7 1
-224 -255 6 1
-223 -254 4 1
-222 -254 4 1
-223 -254 3 1
-214 -255 4 1
-213 -255 4 1
-212 -256 4 1
-212 -255 4 1
-212 -259 1 1
-211 -259 1 1
-210 -256 5 1
-234 -294 19 0
-240 -289 19 0
-208 -265 11 0
-206 -265 1 1
-208 -264 9 0
-208 -263 5 0
-209 -265 9 0
-208 -265 9 0
-208 -266 10 0
-209 -293 13 0
-221 -258 1 2
-221 -257 0 1
-201 -296 9 1
-201 -296 10 1
-201 -295 8 1
-201 -295 9 2
-239 -290 12 0
-237 -290 11 1
-236 -291 11 1
-244 -292 11 0
-245 -293 10 0
-240 -288 11 0
-240 -287 10 0
-245 -251 11 0
-246 -251 11 0
-240 -295 10 2
-240 -295 11 1
-239 -295 9 1
-239 -295 10 1
-239 -295 11 1
-238 -295 9 1
-238 -295 10 1
-238 -295 11 2
-238 -294 9 1
-238 -252 1 2
-237 -253 0 1
-237 -253 1 2
-237 -253 2 1
-236 -253 0 1
-236 -253 1 2
-236 -253 2 1
-241 -251 0 1
-241 -251 1 2
-241 -251 2 1
-204 -254 9 1
-205 -253 7 2
-205 -252 5 2
-205 -252 6 2
-205 -252 7 1
-205 -251 5 2
-205 -251 6 2
-205 -251 7 2
-202 -255 9 0
-202 -251 8 2
-202 -257 8 0
-225 -295 21 0
-225 -288 20 0
-221 -292 19 0
-220 -292 20 0
-227 -292 20 0
-228 -292 20 0
-223 -290 18 0
-240 -260 28 2
-229 -253 12 2
-229 -254 12 1
-230 -252 12 2
-231 -252 12 1
-231 -255 18 0
-232 -251 18 0
-231 -253 19 0
-231 -253 18 0
-213 -256 12 2
-218 -261 13 0
-218 -260 13 0
-217 -259 13 0
-217 -258 14 0
-214 -252 13 2
-207 -253 27 2
-207 -253 28 2
-207 -253 29 2
-207 -253 30 2
-207 -253 31 2
-207 -253 32 2
-207 -253 33 2
-207 -253 34 2
-207 -253 36 2
-207 -253 37 2
-207 -253 38 2
-207 -253 39 2
-207 -252 15 2
-207 -252 16 2
-214 -260 3 2
-209 -263 5 0
-210 -292 13 0
-232 -284 10 1
-226 -273 7 1
-226 -273 6 1
-226 -273 5 1
-202 -254 11 1
-203 -253 14 1
-202 -255 11 0
-201 -255 14 0
-202 -255 16 0
-201 -257 17 0
-203 -253 12 1
-229 -260 17 0
-225 -260 18 0
-223 -259 16 0
-227 -262 18 0
-227 -263 17 0
-227 -259 16 0
-224 -262 15 0
-223 -259 22 0
-224 -262 20 0
-231 -263 21 0
-225 -258 20 0
-225 -266 20 0
-231 -259 20 0
-223 -260 19 0
-221 -260 20 0
-229 -264 19 0
-229 -265 19 0
-222 -264 19 0
-226 -264 18 0
-226 -265 18 0
-224 -261 18 0
-222 -262 17 0
-228 -262 18 0
-229 -263 17 0
-230 -264 17 0
-226 -259 18 1
-225 -263 17 0
-224 -265 16 0
-230 -260 16 1
-224 -260 16 0
-227 -264 16 0
-228 -264 15 0
-227 -260 17 0
-225 -261 17 0
-225 -262 16 0
-227 -261 17 0
-228 -261 15 0
-226 -261 17 0
-226 -260 14 1
-207 -266 14 0
-208 -265 14 0
-209 -265 14 0
-210 -264 14 0
-206 -262 14 0
-210 -267 15 0
-210 -266 15 0
-210 -265 15 0
-209 -258 15 0
-210 -260 15 0
-210 -261 14 0
-239 -263 9 2
-238 -262 25 2
-238 -262 24 2
-238 -262 23 2
-238 -262 22 2
-238 -262 21 2
-238 -262 20 2
-238 -262 19 2
-238 -262 18 2
-238 -262 17 2
-238 -262 14 2
-238 -263 23 2
-238 -263 22 2
-238 -263 21 2
-210 -251 19 2
-211 -274 2 1
-226 -299 16 0
-226 -300 16 0
-247 -271 7 1
-246 -273 5 1
-225 -292 16 0
-229 -297 15 2
-224 -300 15 0
-204 -263 11 0
-230 -253 13 2
-230 -252 16 1
-230 -252 14 2
-231 -259 17 0
-230 -256 19 1
-234 -287 13 0
-203 -260 6 0
-210 -280 10 0
-209 -281 9 1
-210 -279 10 0
-205 -269 3 1
-205 -268 3 1
-204 -271 6 1
-203 -271 4 2
-238 -283 8 2
-221 -282 5 1
-232 -253 12 1
-232 -254 12 2
-232 -255 12 2
-230 -289 16 1
-228 -291 16 0
-229 -285 15 0
-228 -284 15 0
-232 -292 15 0
-232 -293 15 0
-233 -284 14 1
-233 -284 16 1
-228 -288 14 0
-227 -289 14 1
-229 -292 13 2
-229 -293 12 1
-202 -272 16 0
-202 -272 15 0
-205 -273 14 0
-208 -278 9 1
-208 -278 8 2
-209 -276 8 2
-210 -276 8 1
-212 -270 8 1
-212 -271 8 1
-212 -272 8 2
-212 -273 8 1
-207 -274 9 1
-208 -274 8 1
-209 -274 8 1
-210 -280 9 1
-238 -278 11 0
-240 -278 10 0
-245 -273 11 1
-244 -275 10 0
-244 -277 10 0
-241 -279 12 0
-241 -278 11 0
-207 -281 15 0
-206 -253 4 2
-201 -257 38 0
-242 -273 11 0
-202 -256 33 0
-239 -276 10 2
-239 -277 11 1
-214 -290 15 0
-210 -284 7 1
-238 -296 19 0
-234 -292 20 0
-225 -251 38 0
-227 -289 17 1
-231 -292 19 0
-230 -291 18 0
-230 -290 18 0
-228 -286 17 1
-225 -255 11 1
-224 -255 11 1
-228 -286 16 1
-228 -287 18 1
-228 -287 17 1
-228 -288 18 1
-228 -288 17 2
-228 -288 16 2
-230 -286 18 1
-232 -287 19 0
-212 -297 17 0
-202 -251 34 2
-202 -251 33 2
-221 -279 15 0
-202 -251 31 2
-222 -282 15 0
-220 -281 16 0
-220 -281 15 0
-201 -260 35 0
-244 -253 7 2
-244 -253 8 2
-244 -252 6 1
-244 -252 7 1
-201 -298 10 1
-201 -297 8 1
-201 -297 9 1
-221 -276 9 0
-217 -258 2 1
-218 -257 5 1
-225 -257 6 1
-204 -271 13 0
-206 -274 15 0
-202 -268 11 0
-250 -276 3 1
-250 -253 7 0
-249 -253 5 0
-249 -253 4 0
-233 -285 16 1
-233 -285 15 1
-212 -256 34 2
-225 -253 7 2
-212 -256 33 2
-212 -256 32 2
-212 -256 31 2
-212 -256 30 2
-212 -256 29 2
-212 -256 28 2
-212 -256 27 2
-212 -256 26 2
-212 -256 25 2
-212 -256 24 2
-243 -260 10 0
-239 -297 13 0
-235 -297 14 0
-240 -295 16 0
-213 -251 32 2
-213 -251 31 2
-223 -251 37 0
-213 -251 30 2
-213 -251 29 2
-238 -287 24 0
-213 -251 27 2
-213 -251 26 2
-213 -251 25 2
-213 -251 24 2
-213 -251 23 2
-224 -269 9 0
-224 -268 8 0
-224 -267 7 1
-221 -264 9 0
-201 -254 2 1
-201 -255 4 1
-201 -255 2 1
-209 -252 6 1
-209 -252 5 1
-232 -289 16 0
-231 -290 16 0
-230 -290 16 0
-229 -291 16 0
-233 -286 14 1
-233 -285 14 1
-245 -256 4 1
-228 -289 14 1
-232 -284 14 0
-236 -267 7 1
-232 -252 1 1
-226 -297 22 0
-209 -287 17 0
-223 -300 21 0
-223 -300 23 0
-224 -298 21 0
-224 -297 22 0
-208 -285 15 0
-222 -299 20 0
-222 -298 21 0
-221 -298 21 0
-222 -300 19 0
-207 -283 13 0
-209 -284 12 0
-222 -296 20 0
-236 -268 21 0
-228 -281 20 0
-201 -252 33 2
-229 -276 19 0
-229 -278 17 0
-239 -270 19 0
-201 -255 34 2
-232 -270 20 0
-221 -297 11 2
-221 -297 10 1
-211 -285 11 1
-210 -285 9 1
-245 -272 11 1
-245 -272 12 1
-245 -271 10 2
-245 -271 11 2
-245 -271 12 1
-247 -264 11 1
-247 -263 11 1
-249 -262 10 0
-247 -266 11 1
-245 -263 10 1
-247 -265 11 1
-248 -265 10 1
-246 -263 9 1
-247 -262 8 0
-246 -263 6 1
-246 -263 7 1
-246 -263 8 1
-245 -263 6 1
-244 -265 6 1
-244 -265 7 1
-244 -265 8 1
-224 -251 40 0
-223 -251 43 0
-221 -252 41 0
-225 -251 40 0
-222 -251 39 0
-223 -252 42 0
-224 -252 42 0
-222 -252 38 0
-208 -259 29 2
-208 -259 30 2
-217 -252 41 0
-221 -253 40 0
-225 -251 39 0
-219 -251 39 2
-222 -251 38 0
-238 -290 20 0
-238 -290 21 0
-237 -295 21 0
-241 -292 20 0
-239 -272 27 0
-237 -264 27 2
-232 -271 26 0
-223 -291 23 0
-225 -292 21 0
-225 -292 22 0
-225 -292 23 0
-224 -290 19 0
-224 -290 20 0
-224 -289 21 0
-224 -288 22 0
-222 -293 21 0
-222 -293 22 0
-226 -290 20 0
-217 -281 4 1
-217 -281 3 1
-218 -279 4 2
-240 -257 12 2
-218 -280 5 2
-218 -280 4 2
-218 -280 3 1
-232 -260 9 2
-232 -261 12 2
-232 -261 11 2
-232 -261 10 2
-233 -261 12 2
-233 -261 11 2
-233 -261 10 1
-234 -261 12 2
-234 -261 11 2
-234 -261 10 1
-229 -255 14 2
-213 -256 32 2
-213 -256 33 2
-227 -264 33 0
-226 -263 31 0
-228 -264 30 0
-226 -261 30 0
-225 -261 30 0
-224 -260 30 0
-225 -265 29 0
-232 -262 29 2
-229 -264 29 0
-242 -253 7 1
-241 -288 14 0
-243 -291 17 0
-243 -291 16 0
-242 -290 13 0
-243 -278 4 1
-243 -278 5 2
-243 -278 6 1
-212 -268 6 1
-211 -268 4 1
-211 -268 5 2
-233 -300 25 0
-248 -274 9 2
-248 -275 11 2
-248 -275 10 2
-248 -275 9 2
-249 -273 11 1
-235 -260 28 2
-237 -259 29 2
-239 -260 28 2
-203 -295 10 1
-239 -267 17 0
-235 -272 17 0
-234 -265 18 0
-235 -266 17 0
-235 -267 17 0
-240 -271 18 0
-239 -270 17 0
-232 -270 18 0
-238 -265 19 2
-238 -266 18 0
-237 -267 18 0
-237 -273 19 0
-236 -270 17 0
-234 -267 19 0
-234 -268 18 0
-240 -268 20 0
-239 -268 19 0
-238 -269 18 0
-234 -271 20 0
-235 -271 19 0
-236 -266 20 0
-238 -270 21 0
-237 -270 20 0
-235 -269 21 0
-236 -269 18 0
-242 -294 23 0
-241 -294 23 0
-233 -252 21 0
-236 -297 24 0
-222 -283 13 0
-221 -287 12 1
-212 -273 2 1
-209 -275 4 2
-209 -276 4 1
-209 -277 4 1
-211 -271 4 2
-211 -271 3 1
-211 -272 4 2
-211 -272 3 2
-211 -273 5 1
-211 -273 4 1
-211 -273 3 2
-212 -271 4 1
-212 -271 3 1
-212 -272 3 1
-212 -273 4 2
-210 -254 24 2
-210 -254 25 2
-210 -254 26 2
-210 -254 27 2
-210 -254 28 2
-210 -254 29 2
-210 -254 30 2
-250 -274 1 1
-233 -257 29 0
-239 -251 29 0
-238 -253 27 0
-234 -253 30 0
-237 -252 31 0
-237 -253 30 0
-236 -254 13 1
-236 -254 12 1
-236 -254 11 1
-236 -255 13 1
-236 -255 12 2
-236 -255 11 2
-237 -253 12 1
-237 -253 11 1
-237 -254 11 2
-223 -258 13 1
-223 -258 14 1
-223 -258 15 1
-226 -261 14 0
-224 -261 12 0
-242 -269 10 1
-239 -269 8 1
-240 -268 7 1
-242 -266 5 2
-243 -267 4 1
-243 -267 5 2
-243 -267 6 1
-243 -266 4 1
-243 -266 5 1
-243 -265 4 1
-243 -265 5 1
-242 -267 4 1
-242 -267 5 2
-242 -267 6 2
-242 -266 4 1
-242 -265 4 1
-242 -265 5 1
-241 -267 4 1
-243 -260 19 0
-244 -255 18 0
-238 -258 16 2
-245 -255 14 0
-238 -259 14 2
-239 -257 12 2
-240 -261 19 2
-243 -255 18 0
-239 -259 17 2
-239 -260 17 2
-240 -263 17 0
-242 -254 16 0
-243 -253 16 0
-239 -261 15 2
-238 -262 15 2
-239 -259 14 2
-240 -259 13 2
-220 -257 13 2
-220 -257 14 1
-203 -276 16 0
-220 -256 14 1
-237 -267 22 0
-217 -256 14 0
-217 -258 13 0
-223 -254 12 1
-202 -278 18 0
-222 -254 12 2
-222 -253 12 2
-238 -269 22 0
-221 -252 12 1
-216 -253 13 2
-217 -254 13 1
-217 -254 14 1
-217 -253 12 1
-217 -253 13 1
-217 -253 14 1
-236 -271 22 0
-227 -299 23 0
-226 -299 23 0
-225 -299 23 0
-239 -267 21 0
-240 -266 22 0
-241 -266 22 0
-234 -268 21 0
-232 -267 21 0
-238 -271 21 0
-239 -272 21 0
-237 -266 21 2
-237 -265 21 2
-203 -257 10 0
-204 -294 12 1
-248 -290 10 0
-247 -289 10 0
-201 -255 8 0
-201 -254 8 2
-201 -254 9 2
-241 -285 11 0
-242 -285 10 0
-202 -258 7 0
-233 -265 31 0
-232 -270 34 0
-238 -273 34 0
-233 -267 35 0
-236 -266 36 0
-205 -290 14 0
-201 -290 16 0
-241 -295 11 1
-241 -293 12 0
-241 -292 12 0
-237 -287 11 0
-239 -292 12 0
-241 -285 12 0
-232 -271 28 0
-231 -267 29 0
-232 -269 31 0
-236 -293 8 1
-236 -292 8 1
-234 -272 25 0
-231 -269 26 0
-232 -268 26 0
-233 -268 27 0
-232 -271 27 0
-231 -254 31 0
-231 -262 31 0
-231 -257 30 0
-230 -257 30 0
-229 -257 30 0
-228 -256 30 0
-229 -261 29 0
-231 -256 29 0
-230 -255 29 0
-229 -254 29 0
-206 -260 1 1
-206 -260 3 1
-206 -259 2 2
-205 -295 15 0
-206 -290 13 0
-250 -254 1 2
-202 -299 12 1
-202 -299 13 1
-202 -299 14 1
-206 -292 12 0
-207 -290 10 2
-236 -255 15 0
-238 -251 13 0
-237 -253 15 0
-238 -257 13 2
-237 -255 15 2
-233 -252 13 0
-234 -253 14 0
-235 -253 15 0
-240 -253 14 2
-239 -253 15 2
-234 -258 14 2
-235 -256 15 0
-212 -261 3 1
-236 -251 15 0
-236 -252 16 0
-240 -257 15 2
-240 -256 15 2
-232 -255 15 1
-233 -255 15 1
-234 -254 16 0
-235 -254 16 0
-221 -287 20 0
-238 -253 16 0
-237 -258 16 2
-237 -257 16 2
-233 -251 16 0
-234 -251 16 0
-234 -252 16 0
-241 -254 16 2
-237 -261 25 2
-237 -261 24 2
-237 -261 23 2
-237 -261 22 2
-237 -261 21 2
-237 -261 20 2
-237 -261 19 2
-237 -261 18 2
-237 -261 17 2
-237 -261 16 2
-237 -261 15 2
-221 -272 5 1
-218 -272 9 0
-220 -270 11 0
-219 -270 10 0
-218 -271 10 0
-221 -260 5 1
-221 -266 5 1
-222 -267 4 1
-218 -262 5 0
-218 -261 4 0
-219 -264 5 0
-221 -263 4 0
-222 -263 3 1
-220 -268 2 2
-221 -269 1 1
-243 -281 20 0
-243 -282 20 0
-243 -288 21 0
-242 -288 21 0
-242 -287 20 0
-239 -282 21 1
-239 -283 21 1
-239 -284 21 1
-240 -282 21 1
-240 -283 21 2
-241 -283 21 1
-245 -284 22 0
-244 -284 21 0
-243 -284 20 0
-235 -296 17 0
-236 -294 17 2
-241 -297 17 0
-234 -292 12 1
-233 -292 13 2
-241 -296 17 0
-234 -256 9 1
-236 -254 8 1
-227 -272 2 1
-227 -271 2 1
-226 -273 2 1
-226 -273 3 1
-226 -273 4 1
-226 -272 2 1
-226 -271 2 1
-229 -265 2 2
-229 -265 3 1
-228 -283 18 0
-212 -269 8 1
-212 -269 7 1
-212 -269 6 1
-213 -269 8 1
-213 -269 7 2
-213 -269 6 1
-214 -269 8 1
-214 -269 7 2
-214 -269 6 1
-218 -261 8 0
-215 -270 8 1
-211 -268 9 1
-218 -269 10 0
-217 -268 10 0
-211 -264 10 0
-212 -264 10 0
-219 -263 11 0
-208 -280 10 0
-210 -284 12 0
-213 -272 13 0
-218 -299 11 1
-218 -299 10 1
-218 -300 12 1
-201 -252 3 2
-209 -267 9 1
-217 -298 13 1
-210 -300 13 0
-241 -286 11 0
-249 -264 4 0
-248 -269 3 1
-250 -258 8 0
-219 -268 4 2
-232 -292 20 0
-238 -293 20 0
-235 -291 21 0
-220 -264 6 0
-219 -264 6 0
-204 -295 14 0
-204 -295 15 0
-204 -296 15 1
-204 -297 16 1
-205 -298 17 0
-204 -292 15 0
-205 -292 15 0
-205 -291 16 0
-206 -290 16 0
-230 -260 8 1
-221 -275 3 2
-221 -275 4 2
-220 -277 2 1
-220 -277 3 2
-220 -277 4 2
-213 -280 8 1
-235 -254 6 0
-234 -255 4 1
-238 -254 4 2
-236 -253 5 1
-226 -266 7 0
-223 -269 10 0
-224 -268 10 0
-224 -268 9 0
-225 -264 11 0
-233 -293 15 0
-236 -289 16 0
-237 -268 11 1
-212 -261 2 2
-213 -259 4 2
-234 -252 1 1
-234 -252 0 1
-235 -252 2 2
-235 -252 1 2
-241 -252 6 2
-202 -282 16 0
-202 -282 15 0
-201 -282 15 0
-249 -255 8 0
-248 -254 8 0
-244 -256 1 1
-248 -254 7 0
-249 -251 7 0
-205 -260 32 0
-221 -295 11 1
-208 -252 4 1
-205 -257 35 2
-219 -266 4 2
-202 -259 35 0
-202 -260 35 0
-208 -252 11 2
-250 -271 1 1
-237 -287 20 0
-237 -288 11 0
-235 -283 14 0
-213 -256 16 2
-214 -256 15 0
-249 -283 5 0
-219 -258 15 0
-218 -258 15 0
-215 -260 17 0
-215 -260 16 0
-215 -259 15 0
-248 -278 6 1
-248 -278 5 1
-214 -255 9 2
-241 -288 7 2
-241 -288 6 1
-241 -289 8 2
-202 -260 29 0
-241 -289 6 1
-241 -290 8 1
-241 -290 7 1
-240 -268 29 0
-241 -268 29 0
-242 -268 29 0
-234 -265 28 0
-223 -252 19 1
-220 -253 21 0
-221 -252 20 0
-203 -253 26 2
-203 -253 27 2
-203 -253 28 2
-203 -253 29 2
-203 -253 30 2
-203 -253 31 2
-206 -270 7 0
-206 -269 7 1
-245 -287 5 2
-204 -266 7 1
-201 -275 10 0
-203 -275 16 0
-224 -282 4 1
-202 -273 12 0
-201 -276 17 0
-207 -289 10 1
-201 -270 13 0
-250 -252 2 1
-208 -290 12 0
-249 -283 9 0
-201 -272 14 0
-201 -271 14 0
-216 -257 8 1
-233 -264 2 1
-206 -256 41 0
-205 -259 42 0
-205 -259 40 0
-224 -256 4 1
-224 -256 5 1
-224 -255 3 1
-229 -263 16 0
-228 -262 17 0
-222 -261 16 0
-239 -261 6 1
-239 -261 5 1
-240 -261 7 1
-240 -261 6 1
-240 -261 5 1
-241 -261 6 1
-210 -266 3 2
-227 -293 22 0
-221 -292 21 0
-221 -291 21 0
-224 -296 20 0
-225 -292 19 0
-225 -291 20 0
-226 -290 21 0
-216 -263 3 2
-244 -278 13 0
-243 -277 10 0
-241 -277 13 0
-247 -276 2 1
-247 -276 3 2
-247 -276 4 2
-246 -276 2 2
-246 -276 3 2
-246 -276 4 1
-233 -270 18 0
-224 -298 19 0
-224 -298 18 0
-222 -297 19 0
-220 -300 10 1
-223 -261 0 1
-213 -262 18 0
-213 -262 16 0
-216 -251 22 2
-216 -251 21 2
-216 -251 20 2
-226 -263 3 2
-201 -276 16 0
-204 -275 11 0
-202 -274 10 0
-202 -273 9 0
-202 -277 17 0
-213 -258 12 1
-215 -257 13 0
-222 -282 8 0
-222 -282 9 0
-242 -265 8 2
-219 -254 5 1
-219 -257 7 1
-220 -258 5 1
-218 -257 7 0
-206 -298 11 1
-206 -297 11 1
-205 -299 11 1
-205 -298 11 1
-205 -297 11 1
-205 -296 12 1
-206 -296 11 1
-207 -292 9 1
-207 -292 10 2
-207 -292 11 1
-207 -291 9 1
-202 -262 12 0
-228 -251 19 0
-208 -271 12 0
-206 -269 11 0
-222 -266 11 0
-220 -263 8 0
-215 -269 5 1
-222 -265 6 0
-223 -265 6 0
-224 -265 6 0
-225 -265 6 0
-220 -267 5 1
-220 -268 5 1
-222 -262 5 0
-223 -261 5 0
-224 -267 4 2
-219 -260 4 0
-220 -267 4 1
-221 -255 14 2
-221 -255 13 1
-222 -255 15 1
-222 -255 14 1
-222 -255 13 1
-225 -264 3 1
-218 -251 14 2
-224 -264 4 1
-223 -252 12 2
-223 -264 5 1
-224 -252 12 1
-222 -265 5 1
-234 -254 34 0
-233 -256 32 0
-217 -263 14 0
-213 -279 10 0
-210 -280 5 1
-216 -281 9 1
-232 -257 25 0
-233 -257 27 0
-231 -255 26 0
-232 -260 27 2
-233 -252 27 0
-234 -254 28 0
-230 -257 28 0
-231 -257 28 0
-231 -253 29 0
-222 -260 25 0
-223 -260 25 0
-224 -260 24 0
-231 -259 25 0
-226 -266 25 0
-225 -257 26 0
-226 -258 25 0
-226 -259 25 0
-223 -263 26 0
-225 -262 25 0
-226 -261 24 0
-229 -258 26 0
-224 -259 27 0
-225 -259 27 0
-226 -263 26 0
-227 -258 28 0
-233 -257 26 0
-232 -255 27 0
-233 -255 27 0
-230 -256 28 0
-233 -256 29 0
-231 -252 29 0
-232 -253 29 0
-233 -254 29 0
-231 -259 29 1
-235 -252 29 0
-230 -255 30 0
-231 -255 30 0
-234 -258 30 0
-233 -252 31 0
-237 -252 32 0
-232 -254 33 0
-232 -254 32 0
-233 -258 33 0
-234 -256 34 0
-234 -256 32 0
-239 -269 24 0
-240 -269 25 0
-233 -257 25 0
-209 -282 11 0
-208 -282 11 0
-201 -253 8 2
-201 -252 7 2
-208 -280 12 0
-206 -300 14 1
-209 -251 27 2
-212 -251 28 2
-219 -280 5 2
-220 -276 4 1
-215 -283 5 1
-233 -255 10 1
-210 -251 30 2
-244 -289 9 0
-207 -251 32 2
-212 -251 31 2
-202 -251 7 2
-231 -251 3 1
-207 -282 11 0
-208 -283 11 1
-209 -280 12 0
-208 -281 12 0
-210 -284 13 0
-209 -284 13 0
-250 -273 3 1
-234 -279 17 1
-233 -279 17 0
-226 -279 18 0
-232 -274 18 0
-231 -275 17 0
-208 -294 10 2
-231 -281 18 0
-227 -275 19 0
-209 -292 10 2
-205 -297 12 1
-204 -298 11 2
-204 -299 11 1
-211 -295 9 1
-215 -294 12 1
-223 -273 15 0
-221 -278 14 0
-226 -275 14 0
-221 -275 12 0
-220 -274 13 0
-220 -274 14 0
-224 -274 12 0
-225 -273 13 0
-225 -272 13 0
-219 -278 13 0
-230 -278 10 1
-222 -274 11 0
-221 -273 12 0
-221 -272 12 0
-223 -273 11 0
-223 -272 11 0
-224 -271 11 0
-222 -275 10 0
-222 -273 9 0
-222 -272 8 0
-221 -280 8 0
-222 -275 9 0
-233 -277 8 1
-234 -279 7 1
-234 -279 6 2
-235 -278 6 1
-235 -279 6 1
-236 -278 6 1
-236 -279 6 1
-231 -275 7 1
-231 -276 8 1
-231 -276 7 1
-233 -278 8 1
-231 -279 8 1
-231 -279 7 2
-231 -279 6 1
-231 -280 8 1
-231 -280 7 1
-231 -280 6 1
-231 -281 8 1
-231 -281 7 1
-221 -276 14 0
-221 -276 15 0
-232 -279 7 2
-232 -279 6 1
-232 -280 8 1
-232 -280 6 1
-232 -281 8 1
-232 -281 7 1
-232 -281 6 1
-233 -279 7 1
-233 -279 6 1
-233 -280 8 1
-233 -280 6 1
-233 -281 8 1
-233 -281 7 1
-233 -281 6 1
-232 -280 7 2
-234 -281 9 0
-234 -280 9 1
-234 -279 9 1
-230 -279 10 0
-232 -278 10 0
-237 -280 10 0
-229 -275 11 0
-232 -281 11 0
-233 -280 11 0
-235 -280 13 0
-235 -279 12 0
-237 -275 13 0
-236 -276 12 0
-235 -277 14 0
-232 -277 7 2
-232 -277 6 1
-232 -277 5 1
-232 -278 7 1
-209 -258 43 0
-211 -260 45 0
-211 -265 41 0
-209 -262 39 0
-212 -263 39 0
-210 -262 40 0
-208 -265 40 0
-212 -261 40 0
-211 -261 40 0
-204 -264 41 0
-222 -296 17 0
-236 -252 19 0
-240 -274 7 1
-241 -275 6 1
-236 -275 5 2
-240 -276 4 2
-240 -276 5 2
-203 -258 34 0
-201 -256 32 0
-240 -275 5 1
-240 -275 6 2
-240 -274 4 2
-240 -274 5 2
-239 -276 6 2
-220 -272 7 1
-220 -272 6 2
-220 -272 5 1
-221 -270 6 1
-213 -283 12 1
-221 -271 6 1
-221 -271 5 1
-221 -272 7 1
-221 -272 6 2
-225 -257 18 2
-205 -279 16 0
-204 -279 16 0
-203 -276 13 0
-233 -257 14 1
-244 -251 8 1
-247 -251 9 0
-205 -259 31 0
-203 -277 8 2
-203 -276 6 1
-203 -276 7 2
-203 -276 8 1
-202 -262 31 0
-203 -263 29 0
-240 -280 11 0
-239 -280 12 0
-245 -279 10 0
-216 -278 9 0
-222 -276 10 1
-221 -276 10 0
-220 -277 10 0
-213 -295 10 2
-213 -295 9 1
-212 -256 23 2
-213 -296 11 2
-213 -296 10 2
-213 -296 9 1
-208 -298 12 1
-205 -300 11 1
-205 -300 10 1
-205 -300 9 1
-205 -272 10 0
-205 -272 11 0
-205 -272 12 0
-207 -273 11 0
-208 -273 12 0
-206 -271 8 0
-206 -271 9 0
-206 -270 10 0
-206 -270 11 0
-206 -269 12 0
-205 -273 9 0
-205 -273 10 0
-204 -274 11 0
-208 -272 10 0
-209 -271 10 0
-205 -271 9 0
-204 -271 9 0
-203 -270 10 0
-203 -270 11 0
-207 -270 8 0
-207 -298 12 0
-242 -284 11 1
-247 -277 11 0
-205 -282 12 0
-205 -284 11 0
-203 -282 15 0
-238 -254 15 2
-237 -254 16 0
-209 -289 14 0
-210 -290 15 0
-223 -287 15 1
-225 -282 14 0
-224 -290 14 0
-224 -290 13 0
-227 -284 13 1
-225 -287 13 0
-224 -288 13 0
-248 -270 2 1
-250 -269 17 0
-226 -280 19 0
-225 -279 19 0
-225 -278 19 0
-213 -283 10 1
-229 -281 18 0
-230 -280 18 0
-231 -280 19 0
-224 -281 18 0
-223 -281 18 0
-222 -281 18 0
-227 -280 18 0
-228 -277 18 0
-229 -282 17 0
-230 -282 17 0
-231 -282 17 0
-232 -282 17 0
-225 -280 17 0
-224 -279 17 0
-201 -286 15 0
-201 -286 16 0
-239 -269 17 0
-210 -299 16 0
-211 -273 6 1
-231 -254 8 2
-231 -253 8 2
-248 -287 13 0
-247 -287 12 0
-247 -286 11 0
-245 -286 14 0
-245 -286 13 0
-245 -286 12 0
-234 -276 12 0
-233 -276 13 0
-213 -285 10 1
-214 -283 12 1
-211 -298 16 0
-210 -295 15 0
-210 -294 17 0
-209 -298 15 0
-208 -299 17 0
-212 -296 15 0
-207 -295 16 0
-211 -300 15 0
-210 -283 7 1
-211 -294 15 0
-223 -282 3 1
-222 -282 2 1
-209 -300 14 0
-214 -294 14 0
-233 -258 28 0
-236 -284 15 1
-236 -284 16 2
-236 -283 15 1
-236 -283 16 1
-236 -283 17 1
-241 -285 16 0
-242 -285 16 0
-234 -286 16 1
-211 -293 14 0
-208 -297 13 0
-248 -281 6 1
-247 -281 5 2
-247 -281 6 1
-247 -279 4 1
-247 -279 5 1
-247 -279 6 1
-246 -281 5 2
-246 -281 6 2
-246 -280 5 1
-246 -280 6 1
-246 -279 4 2
-246 -279 5 1
-246 -279 6 1
-210 -292 12 1
-249 -281 5 1
-201 -297 10 1
-211 -298 11 1
-204 -258 39 0
-203 -257 41 0
-207 -256 34 2
-206 -254 36 2
-204 -252 37 2
-207 -255 38 2
-205 -256 37 2
-207 -259 39 2
-235 -284 16 1
-233 -297 14 0
-233 -289 18 0
-234 -285 19 1
-234 -296 18 0
-216 -257 17 0
-235 -270 18 0
-236 -270 16 0
-234 -272 18 0
-237 -269 16 0
-238 -269 16 0
-238 -269 17 0
-235 -269 15 0
-209 -255 11 2
-211 -253 10 2
-210 -258 16 2
-229 -266 3 2
-219 -253 4 1
-215 -252 5 1
-223 -252 2 0
-223 -252 3 0
-219 -252 3 1
-219 -252 4 1
-225 -251 3 1
-219 -252 5 1
-224 -251 2 0
-223 -251 3 1
-220 -252 4 1
-221 -253 4 1
-224 -255 7 1
-225 -280 15 0
-205 -296 13 0
-210 -295 13 0
-209 -295 13 0
-208 -295 13 0
-207 -295 13 0
-206 -290 14 0
-239 -289 10 1
-238 -289 10 1
-246 -290 10 0
-240 -254 19 2
-224 -286 10 2
-224 -286 9 1
-225 -284 11 1
-225 -284 10 2
-225 -284 9 1
-226 -284 11 1
-226 -284 10 1
-226 -284 9 1
-236 -254 29 0
-240 -253 29 0
-234 -257 28 0
-237 -255 29 2
-237 -252 27 0
-241 -255 27 0
-249 -258 1 1
-249 -258 0 1
-213 -256 34 2
-201 -254 16 2
-230 -299 16 0
-229 -299 16 1
-230 -295 16 1
-247 -285 5 1
-224 -294 16 0
-233 -298 16 0
-231 -298 17 0
-230 -298 17 0
-205 -290 15 0
-204 -290 15 0
-202 -292 14 0
-235 -285 16 2
-223 -279 14 0
-203 -288 12 0
-227 -263 3 2
-208 -295 18 0
-209 -295 18 0
-206 -289 16 0
-214 -257 16 0
-215 -257 16 0
-240 -262 23 2
-240 -262 24 2
-240 -261 15 2
-240 -261 22 2
-240 -261 23 2
-240 -260 20 2
-240 -260 21 2
-240 -260 22 2
-240 -260 23 2
-240 -260 25 2
-240 -259 18 2
-227 -260 23 0
-240 -259 20 2
-240 -259 21 2
-240 -258 22 2
-240 -258 23 2
-240 -258 24 2
-240 -255 20 2
-239 -263 15 2
-239 -263 16 2
-239 -263 17 2
-239 -263 18 2
-239 -263 19 2
-239 -263 20 2
-239 -263 21 2
-239 -263 22 2
-239 -263 23 2
-239 -263 24 2
-239 -262 15 2
-239 -262 16 2
-231 -258 8 1
-231 -257 6 1
-231 -257 7 2
-225 -294 16 0
-233 -298 17 0
-205 -254 9 1
-233 -251 6 0
-202 -263 28 0
-202 -264 28 0
-201 -258 28 0
-202 -258 27 0
-230 -251 17 1
-208 -260 9 0
-212 -263 7 0
-218 -255 12 0
-217 -256 11 0
-219 -259 10 0
-223 -280 14 0
-222 -257 9 2
-222 -256 9 2
-222 -255 9 1
-221 -257 9 1
-206 -259 14 0
-206 -258 14 0
-205 -262 14 0
-203 -264 14 0
-202 -264 14 0
-204 -259 14 0
-203 -258 14 0
-209 -257 13 2
-204 -261 13 0
-203 -261 13 0
-206 -258 13 0
-205 -258 12 0
-205 -257 12 0
-204 -264 12 0
-211 -259 8 1
-220 -283 13 1
-209 -283 17 0
-204 -280 13 0
-202 -276 16 0
-203 -280 17 0
-201 -282 18 0
-238 -254 30 0
-239 -258 30 0
-204 -278 14 0
-202 -277 16 0
-204 -280 17 0
-202 -282 18 0
-242 -257 31 0
-203 -278 12 0
-237 -258 31 1
-214 -266 9 1
-212 -265 8 1
-220 -295 20 0
-229 -294 18 0
-244 -278 4 1
-244 -279 6 1
-244 -279 5 1
-244 -279 4 2
-244 -280 6 2
-244 -280 5 2
-244 -280 4 2
-245 -276 6 1
-244 -276 7 0
-240 -281 7 1
-242 -280 5 1
-248 -262 3 1
-250 -259 5 0
-249 -258 8 0
-241 -257 9 1
-208 -259 34 2
-207 -262 34 0
-207 -261 35 0
-210 -257 35 2
-209 -258 35 2
-210 -261 35 0
-209 -261 36 0
-208 -256 37 2
-250 -271 17 1
-209 -263 38 0
-208 -262 38 0
-208 -261 38 0
-207 -260 38 0
-210 -256 39 2
-209 -257 38 2
-208 -258 38 2
-204 -263 39 0
-205 -262 39 0
-204 -255 39 2
-245 -286 16 0
-246 -286 17 0
-240 -281 16 0
-240 -280 16 0
-246 -282 16 0
-238 -283 11 0
-241 -284 20 1
-243 -285 18 0
-243 -286 20 0
-242 -283 18 0
-233 -266 29 0
-234 -265 29 0
-240 -261 29 2
-206 -275 5 1
-235 -293 23 0
-229 -282 16 0
-230 -282 15 0
-250 -268 18 0
-227 -281 14 0
-226 -282 21 0
-249 -271 17 0
-207 -272 13 0
-237 -268 19 0
-238 -268 21 0
-239 -268 22 0
-240 -268 22 0
-244 -263 14 0
-247 -255 13 0
-239 -256 12 2
-240 -256 12 2
-236 -252 13 0
-236 -258 11 2
-236 -258 12 2
-236 -257 11 2
-236 -257 12 2
-224 -279 8 2
-224 -279 9 1
-224 -278 8 1
-228 -259 5 2
-230 -262 5 1
-227 -297 22 0
-228 -297 22 0
-234 -252 6 0
-235 -252 6 0
-231 -256 7 1
-231 -256 6 1
-231 -257 8 1
-230 -300 22 0
-225 -298 23 0
-226 -298 23 0
-227 -298 23 0
-228 -298 23 0
-241 -253 13 2
-209 -255 15 2
-209 -255 14 2
-240 -255 8 0
-211 -258 16 2
-210 -257 12 2
-208 -257 16 0
-212 -253 10 2
-211 -254 10 2
-205 -257 9 0
-207 -255 11 2
-206 -255 11 0
-207 -252 12 2
-206 -253 12 2
-204 -252 14 2
-205 -251 14 2
-205 -251 13 2
-206 -254 15 2
-204 -256 15 0
-202 -255 13 0
-206 -257 9 0
-205 -254 15 2
-205 -254 14 2
-203 -255 13 0
-204 -253 14 2
-205 -253 14 2
-204 -256 11 0
-205 -256 11 0
-204 -255 8 1
-205 -255 11 0
-203 -258 1 1
-206 -255 9 1
-204 -255 11 0
-207 -255 9 2
-214 -257 44 0
-210 -253 46 0
-211 -253 45 0
-211 -254 44 0
-212 -254 44 0
-216 -254 46 0
-216 -255 45 0
-215 -255 45 0
-214 -255 44 0
-203 -252 4 2
-203 -253 6 2
-203 -252 35 2
-204 -295 18 0
-203 -294 17 1
-203 -294 16 1
-201 -293 19 0
-201 -293 17 0
-229 -252 9 1
-237 -254 28 0
-241 -261 28 2
-233 -259 28 2
-201 -296 17 1
-213 -255 31 2
-201 -296 15 2
-202 -294 16 1
-202 -294 15 1
-202 -295 17 1
-202 -295 16 2
-202 -295 15 1
-202 -296 17 1
-202 -296 16 1
-202 -296 15 2
-201 -295 16 2
-204 -292 17 0
-203 -292 17 0
-203 -292 16 0
-211 -263 3 1
-211 -263 2 2
-211 -263 1 1
-212 -261 1 1
-212 -262 3 1
-212 -262 2 2
-212 -262 1 1
-221 -274 7 2
-220 -274 7 2
-215 -279 11 0
-215 -268 13 0
-223 -281 10 0
-225 -281 10 0
-230 -294 14 1
-230 -294 13 1
-230 -294 12 1
-222 -284 14 1
-222 -284 13 1
-222 -286 12 1
-246 -253 5 0
-246 -254 6 0
-213 -289 13 1
-213 -292 16 0
-209 -290 12 1
-210 -291 15 0
-206 -279 17 0
-208 -280 14 0
-219 -254 45 0
-219 -255 46 0
-221 -252 44 0
-220 -253 43 0
-220 -254 43 0
-221 -255 43 0
-222 -253 41 0
-222 -253 46 0
-236 -266 15 1
-216 -252 13 2
-206 -256 26 2
-206 -256 27 2
-206 -256 28 2
-206 -256 29 2
-206 -256 30 2
-206 -256 31 2
-206 -256 32 2
-206 -256 33 2
-206 -255 18 2
-206 -255 19 2
-224 -251 42 0
-224 -252 38 0
-222 -253 37 0
-218 -251 36 2
-203 -289 12 0
-202 -285 12 0
-203 -285 12 0
-204 -285 12 0
-226 -284 13 1
-222 -284 12 1
-203 -281 11 0
-201 -286 11 1
-203 -287 10 1
-229 -282 14 0
-203 -284 10 1
-202 -286 9 2
-210 -283 14 0
-209 -282 12 0
-208 -282 8 2
-240 -275 4 1
-202 -281 8 1
-201 -286 14 0
-201 -287 15 0
-202 -287 15 0
-202 -287 16 0
-202 -285 14 0
-236 -293 24 0
-236 -299 25 0
-201 -287 13 0
-204 -287 13 0
-236 -261 29 2
-236 -260 28 2
-239 -263 28 2
-240 -263 28 0
-235 -263 28 2
-234 -263 27 2
-233 -294 24 0
-234 -295 24 0
-240 -275 12 0
-237 -271 11 1
-241 -273 11 0
-239 -275 9 1
-228 -275 14 0
-228 -281 15 0
-211 -298 13 0
-212 -300 13 0
-210 -282 8 1
-207 -299 13 0
-213 -297 13 0
-215 -297 12 1
-210 -300 12 1
-226 -299 26 0
-210 -282 9 1
-215 -285 10 1
-212 -295 12 1
-223 -259 18 0
-225 -260 19 0
-231 -260 18 0
-230 -260 19 0
-225 -264 19 0
-249 -280 15 0
-249 -279 14 0
-249 -276 9 1
-249 -277 9 1
-250 -275 9 1
-250 -276 9 2
-250 -279 10 0
-249 -278 12 1
-249 -278 10 1
-250 -278 12 1
-250 -278 10 1
-248 -280 11 0
-249 -276 10 2
-249 -277 10 1
-250 -281 13 0
-250 -280 12 0
-230 -264 11 0
-230 -265 13 0
-228 -264 11 0
-233 -254 28 0
-224 -271 9 1
-224 -272 9 1
-203 -261 18 0
-201 -261 19 0
-218 -296 13 1
-241 -270 20 0
-235 -266 19 0
-234 -271 25 0
-233 -271 25 0
-241 -268 25 0
-242 -268 25 0
-236 -267 25 1
-224 -253 18 2
-224 -251 16 1
-224 -251 17 1
-237 -272 24 0
-237 -273 24 0
-239 -266 24 0
-239 -265 24 0
-240 -264 24 0
-234 -268 24 0
-233 -268 24 0
-232 -269 23 0
-239 -270 24 0
-240 -270 24 0
-240 -271 23 0
-240 -251 1 2
-240 -251 2 1
-236 -265 22 2
-236 -268 29 1
-214 -257 6 1
-240 -289 17 0
-240 -289 16 0
-241 -289 14 0
-239 -287 11 0
-240 -254 6 1
-235 -255 8 1
-235 -256 8 1
-233 -251 9 0
-234 -252 9 0
-216 -259 8 0
-216 -263 9 0
-219 -260 8 0
-216 -262 12 0
-212 -259 14 0
-217 -261 13 0
-214 -263 14 0
-214 -262 13 0
-217 -262 15 0
-214 -261 15 0
-225 -295 13 1
-227 -285 18 0
-201 -251 23 2
-201 -251 22 2
-201 -251 21 2
-201 -251 20 2
-201 -251 19 2
-240 -255 29 0
-241 -254 28 0
-241 -260 28 0
-242 -261 28 0
-238 -257 29 2
-237 -256 29 2
-240 -257 28 0
-241 -257 28 0
-242 -257 27 0
-236 -257 29 2
-234 -256 27 0
-238 -256 28 2
-239 -255 26 0
-235 -259 26 2
-202 -255 7 0
-203 -254 7 1
-201 -260 7 0
-201 -261 7 1
-215 -284 12 1
-205 -270 3 2
-229 -284 19 0
-229 -284 18 0
-226 -288 16 1
-227 -263 10 0
-227 -264 13 0
-228 -264 13 0
-249 -284 9 0
-249 -284 8 0
-234 -261 21 2
-234 -261 22 2
-234 -261 23 2
-246 -259 7 0
-245 -257 10 1
-246 -256 8 0
-248 -255 9 0
-248 -255 8 0
-246 -254 11 0
-238 -289 16 0
-211 -292 16 0
-214 -291 15 0
-247 -282 3 2
-225 -299 20 0
-215 -278 6 1
-228 -298 19 0
-222 -282 3 1
-221 -282 2 1
-235 -261 13 2
-235 -261 12 2
-235 -261 11 2
-235 -262 25 2
-235 -262 24 2
-231 -277 17 0
-232 -273 19 0
-236 -266 8 2
-235 -262 20 2
-235 -262 19 2
-235 -262 18 2
-235 -262 17 2
-235 -262 16 2
-235 -262 15 2
-235 -262 14 2
-235 -262 13 2
-235 -262 12 2
-235 -262 11 2
-235 -263 25 2
-235 -263 24 2
-235 -263 23 2
-235 -263 22 2
-235 -263 21 2
-235 -263 20 2
-235 -263 19 2
-235 -263 18 2
-235 -263 17 2
-235 -263 16 2
-235 -263 15 2
-233 -257 30 0
-212 -253 14 2
-211 -255 13 2
-210 -254 15 2
-210 -255 15 2
-210 -255 14 2
-209 -257 16 2
-209 -257 15 2
-246 -282 9 1
-246 -282 8 1
-247 -282 8 1
-240 -264 34 0
-202 -290 18 0
-249 -255 5 0
-230 -275 11 0
-233 -278 9 0
-232 -277 10 0
-229 -273 10 2
-234 -274 11 0
-226 -266 5 1
-223 -262 4 0
-224 -263 4 0
-226 -267 6 1
-226 -268 6 1
-226 -269 6 2
-227 -267 6 1
-249 -269 15 2
-201 -265 28 0
-216 -299 16 0
-216 -300 16 0
-216 -295 16 0
-241 -259 8 2
-249 -257 8 0
-239 -289 8 2
-250 -255 10 0
-250 -255 9 0
-250 -255 8 0
-239 -290 7 1
-239 -291 8 1
-239 -291 7 1
-240 -291 7 1
-244 -292 8 1
-243 -291 10 0
-243 -290 10 0
-237 -286 9 1
-237 -286 8 1
-237 -286 7 1
-237 -287 9 1
-237 -287 8 1
-237 -287 7 1
-237 -288 9 1
-237 -288 8 1
-237 -288 7 1
-238 -286 9 1
-238 -286 8 1
-207 -266 2 1
-233 -275 13 0
-236 -274 12 0
-231 -275 13 0
-236 -253 29 0
-235 -251 30 0
-241 -253 29 0
-242 -253 29 0
-235 -255 28 0
-233 -255 29 0
-232 -254 29 0
-238 -253 28 0
-240 -271 10 1
-240 -271 9 1
-240 -272 11 1
-202 -278 14 0
-201 -276 12 0
-202 -277 11 0
-206 -252 4 2
-224 -276 3 1
-210 -294 19 0
-211 -294 18 0
-221 -262 5 0
-222 -261 5 0
-221 -265 5 1
-222 -266 5 1
-222 -266 4 1
-201 -266 12 0
-203 -281 14 0
-206 -286 17 0
-238 -298 21 0
-232 -295 21 0
-241 -295 20 0
-204 -295 17 0
-237 -251 4 0
-225 -282 13 0
-215 -260 9 0
-216 -260 10 0
-217 -257 7 1
-234 -252 24 0
-235 -253 24 0
-242 -257 3 1
-242 -257 2 1
-242 -257 1 1
-242 -258 3 1
-242 -258 2 1
-242 -258 1 1
-242 -259 1 1
-243 -259 1 1
-244 -259 1 1
-246 -260 4 1
-247 -260 4 1
-223 -278 3 1
-223 -277 2 1
-223 -277 3 2
-223 -276 2 1
-223 -276 3 1
-223 -276 4 1
-204 -255 29 2
-204 -255 30 2
-204 -255 31 2
-204 -255 32 2
-204 -255 33 2
-204 -254 17 2
-233 -262 18 2
-233 -262 17 2
-233 -262 16 2
-233 -263 26 2
-233 -263 25 2
-233 -263 24 2
-233 -263 23 2
-233 -263 22 2
-233 -263 21 2
-233 -263 20 2
-233 -263 19 2
-233 -263 18 2
-233 -263 17 2
-210 -252 26 2
-210 -252 27 2
-210 -252 28 2
-210 -252 29 2
-210 -252 30 2
-210 -252 31 2
-238 -285 15 2
-243 -285 17 0
-243 -286 17 0
-238 -288 17 0
-240 -283 18 2
-208 -267 7 1
-207 -256 15 0
-210 -263 10 0
-209 -255 16 2
-214 -273 4 2
-214 -272 3 2
-214 -272 4 1
-214 -275 7 1
-215 -252 11 2
-215 -260 11 0
-215 -261 11 0
-218 -257 12 0
-221 -256 10 2
-214 -256 9 1
-233 -265 28 0
-237 -271 28 0
-237 -272 28 0
-237 -273 28 0
-239 -265 28 0
-240 -265 28 0
-232 -269 27 0
-225 -300 21 0
-236 -267 19 0
-234 -272 19 0
-234 -268 17 0
-233 -267 18 0
-234 -270 16 0
-232 -276 26 0
-231 -276 26 0
-236 -278 25 0
-237 -278 25 0
-213 -290 10 1
-235 -262 21 2
-235 -262 22 2
-235 -262 23 2
-205 -291 12 0
-206 -290 12 0
-204 -293 11 1
-233 -268 3 2
-250 -252 0 1
-246 -267 17 0
-246 -266 16 0
-246 -266 15 0
-244 -265 16 0
-247 -264 10 1
-247 -267 11 1
-246 -267 11 1
-246 -263 11 1
-244 -270 11 1
-249 -266 12 0
-248 -265 12 0
-247 -265 12 0
-247 -269 13 1
-246 -269 13 1
-246 -268 12 1
-248 -263 13 0
-248 -267 14 0
-246 -266 13 1
-245 -268 15 0
-247 -265 15 0
-246 -265 14 0
-245 -266 14 1
-245 -267 11 1
-245 -267 10 1
-245 -268 11 1
-245 -269 10 1
-245 -269 9 1
-243 -272 11 1
-243 -271 11 1
-244 -269 12 1
-242 -264 13 1
-244 -267 14 1
-243 -267 13 2
-242 -269 15 0
-238 -262 8 1
-244 -270 8 1
-226 -283 18 0
-226 -284 17 0
-227 -286 17 0
-221 -260 15 0
-212 -260 15 0
-213 -259 14 0
-215 -259 14 0
-217 -262 16 0
-217 -261 15 0
-217 -260 14 0
-202 -257 33 0
-202 -255 34 0
-226 -286 14 0
-225 -285 12 1
-225 -286 12 1
-224 -289 13 0
-224 -282 13 0
-225 -283 13 0
-230 -279 20 0
-232 -267 25 0
-233 -267 25 0
-241 -266 25 0
-240 -266 25 0
-239 -267 25 0
-238 -267 24 0
-235 -273 25 0
-235 -272 25 0
-236 -271 25 0
-236 -270 25 0
-235 -264 26 2
-235 -265 25 2
-241 -270 26 0
-240 -269 26 0
-237 -279 18 1
-237 -278 17 1
-227 -276 17 0
-236 -282 16 1
-236 -281 16 1
-235 -282 16 1
-235 -281 16 1
-234 -282 16 1
-217 -272 3 1
-218 -258 13 0
-219 -259 12 0
-220 -259 12 0
-221 -260 11 0
-217 -253 10 1
-217 -252 10 2
-216 -254 10 1
-216 -253 10 2
-216 -252 10 2
-215 -253 10 2
-215 -252 10 2
-217 -257 12 0
-206 -297 16 0
-208 -295 14 0
-210 -295 16 0
-241 -259 16 2
-227 -262 3 1
-227 -262 4 1
-226 -262 4 1
-229 -266 13 0
-227 -261 6 1
-230 -263 3 1
-230 -263 4 1
-230 -262 3 1
-230 -261 3 1
-229 -263 3 1
-229 -262 3 2
-229 -261 3 1
-229 -261 4 1
-229 -261 5 1
-228 -262 3 2
-228 -262 4 2
-228 -261 3 1
-229 -265 5 0
-249 -289 5 1
-249 -288 3 1
-248 -290 3 1
-248 -290 4 2
-248 -290 5 2
-248 -289 3 1
-247 -290 3 1
-229 -285 12 1
-226 -288 13 0
-225 -289 12 1
-229 -288 13 1
-227 -287 12 1
-227 -287 11 1
-242 -282 14 0
-242 -282 15 0
-244 -283 14 0
-243 -280 14 0
-224 -271 8 1
-224 -270 8 1
-210 -293 14 0
-207 -296 13 0
-242 -293 8 1
-242 -293 9 1
-242 -292 7 2
-210 -281 8 1
-209 -280 9 1
-208 -279 10 0
-209 -280 15 0
-210 -278 13 0
-209 -252 20 2
-209 -251 20 2
-212 -251 21 2
-207 -251 22 2
-210 -251 24 2
-203 -271 14 0
-202 -270 14 0
-201 -270 14 0
-235 -285 19 1
-235 -284 19 1
-235 -283 18 1
-212 -279 3 1
-213 -277 5 1
-213 -255 30 2
-213 -255 29 2
-213 -255 28 2
-213 -255 27 2
-234 -298 21 0
-234 -291 20 0
-238 -299 20 0
-241 -297 19 0
-227 -281 17 0
-229 -279 16 0
-230 -278 16 0
-226 -280 17 0
-226 -279 16 0
-226 -278 15 0
-228 -282 16 0
-229 -281 16 0
-230 -281 15 0
-231 -281 15 0
-223 -281 14 0
-227 -281 16 0
-227 -280 15 0
-228 -280 14 0
-228 -279 14 0
-227 -252 10 1
-227 -251 8 1
-227 -251 9 1
-227 -251 10 1
-233 -257 28 0
-240 -257 26 0
-235 -268 9 0
-239 -271 10 2
-240 -272 9 1
-234 -260 33 0
-216 -296 10 2
-216 -296 9 1
-240 -261 34 0
-240 -261 33 0
-216 -297 9 1
-220 -276 12 0
-201 -277 16 0
-239 -261 32 0
-206 -279 15 0
-221 -279 8 1
-201 -263 3 1
-201 -263 2 1
-201 -264 4 1
-201 -264 3 2
-201 -264 2 1
-206 -262 4 1
-206 -261 4 1
-230 -262 23 0
-230 -262 24 0
-230 -261 25 0
-229 -258 24 0
-230 -264 24 0
-229 -264 25 0
-229 -263 26 0
-226 -260 25 0
-231 -260 25 0
-226 -265 25 0
-227 -257 25 0
-228 -259 26 0
-232 -264 26 0
-224 -262 26 0
-225 -262 26 0
-225 -258 27 0
-226 -258 27 0
-226 -259 27 0
-225 -260 28 0
-227 -266 29 0
-227 -265 29 0
-205 -262 6 0
-226 -257 30 0
-224 -263 30 0
-225 -259 31 0
-226 -264 32 0
-227 -261 33 0
-201 -264 7 1
-202 -263 7 1
-202 -262 7 1
-207 -261 8 0
-205 -260 7 0
-223 -294 17 0
-205 -255 9 1
-204 -256 8 0
-204 -257 8 0
-204 -263 9 0
-203 -262 8 0
-203 -261 8 0
-203 -260 7 0
-222 -292 15 0
-206 -258 10 0
-205 -258 9 0
-205 -259 8 0
-201 -261 10 0
-201 -261 9 0
-202 -260 8 0
-203 -258 7 0
-204 -260 11 0
-204 -260 10 0
-204 -260 9 0
-203 -260 8 0
-233 -286 17 2
-231 -287 15 1
-231 -287 16 2
-231 -285 16 1
-231 -285 17 1
-235 -287 16 1
-234 -287 16 1
-234 -291 15 0
-222 -294 19 0
-210 -291 9 1
-239 -278 2 1
-229 -270 4 2
-230 -268 6 1
-230 -268 5 2
-230 -268 4 2
-201 -251 37 2
-205 -273 11 0
-206 -260 9 0
-202 -255 38 2
-203 -272 9 0
-240 -291 20 0
-229 -287 17 2
-229 -286 15 1
-237 -299 22 0
-237 -298 22 0
-237 -296 21 0
-242 -296 23 0
-239 -262 19 2
-239 -262 20 2
-239 -262 21 2
-239 -262 22 2
-239 -262 23 2
-239 -261 14 2
-248 -253 11 0
-249 -251 13 0
-250 -253 17 0
-250 -252 16 0
-248 -252 18 0
-248 -253 18 0
-249 -251 16 0
-216 -265 12 0
-216 -266 13 0
-216 -267 14 0
-213 -264 12 0
-234 -287 18 1
-233 -287 18 1
-233 -285 18 1
-235 -274 5 1
-235 -274 4 1
-235 -274 3 1
-236 -272 5 2
-227 -257 13 1
-228 -257 15 1
-227 -263 15 0
-227 -262 16 0
-223 -259 14 1
-224 -260 15 1
-225 -260 16 0
-228 -260 16 0
-229 -261 15 1
-224 -264 15 0
-225 -264 15 0
-225 -263 16 0
-224 -257 14 1
-225 -256 14 1
-225 -295 22 0
-225 -295 23 0
-224 -292 20 0
-224 -292 21 0
-224 -291 21 0
-224 -291 22 0
-223 -294 20 0
-222 -295 21 0
-222 -296 22 0
-226 -293 20 0
-227 -293 21 0
-211 -267 8 2
-211 -266 8 1
-215 -261 6 1
-216 -261 7 0
-217 -260 7 0
-218 -260 7 0
-215 -264 6 0
-216 -266 6 1
-237 -253 21 0
-246 -288 11 0
-232 -264 6 2
-231 -265 6 1
-230 -271 6 1
-230 -272 7 2
-230 -272 6 2
-230 -272 5 2
-230 -273 7 1
-230 -273 6 2
-230 -273 5 2
-234 -268 7 1
-233 -268 7 1
-232 -268 7 1
-231 -268 7 1
-230 -268 7 1
-225 -271 7 1
-229 -263 7 0
-232 -272 8 1
-231 -271 8 1
-228 -270 8 1
-227 -264 9 0
-205 -253 9 2
-204 -254 7 2
-206 -252 6 2
-206 -255 2 1
-203 -256 10 0
-231 -296 24 0
-228 -299 23 0
-229 -251 7 1
-226 -300 24 0
-229 -251 9 2
-236 -251 7 0
-228 -295 24 0
-233 -256 6 1
-229 -300 23 0
-232 -258 7 2
-232 -257 6 1
-232 -256 6 1
-213 -292 14 0
-223 -272 3 1
-223 -272 4 1
-223 -272 5 1
-223 -271 3 1
-223 -271 4 1
-223 -271 5 1
-227 -289 22 0
-229 -266 5 1
-229 -266 4 1
-230 -266 4 1
-229 -268 3 2
-229 -267 3 2
-229 -267 4 1
-229 -267 5 2
-225 -261 8 0
-223 -268 10 0
-223 -267 9 0
-225 -268 11 0
-221 -262 12 0
-223 -265 11 0
-226 -265 13 0
-225 -265 11 0
-225 -272 9 1
-230 -276 9 1
-226 -268 10 0
-227 -269 14 0
-225 -261 4 1
-227 -263 6 0
-226 -263 6 0
-226 -268 9 0
-225 -263 9 0
-222 -268 10 0
-225 -261 10 0
-226 -263 11 0
-239 -268 12 0
-231 -251 7 1
-229 -270 10 1
-230 -266 12 0
-230 -266 11 0
-232 -270 12 0
-206 -251 4 2
-207 -251 4 2
-207 -252 4 1
-239 -292 18 0
-239 -292 17 0
-226 -286 19 0
-224 -284 16 0
-222 -287 18 0
-222 -284 16 0
-229 -300 24 0
-228 -300 25 0
-224 -300 17 0
-212 -270 9 1
-228 -298 24 0
-227 -297 25 0
-226 -297 26 0
-230 -300 24 0
-209 -251 13 2
-236 -270 4 1
-236 -270 3 1
-241 -256 21 2
-240 -252 20 0
-234 -256 19 0
-234 -257 19 0
-233 -257 19 0
-237 -259 18 2
-239 -251 18 0
-215 -292 12 1
-234 -255 18 0
-240 -257 17 2
-236 -256 18 2
-235 -257 17 2
-238 -286 25 0
-237 -286 25 0
-206 -298 9 2
-206 -298 10 2
-206 -297 8 1
-206 -297 9 2
-206 -297 10 1
-205 -299 8 1
-205 -299 9 1
-205 -299 10 1
-203 -275 10 0
-231 -253 9 1
-203 -273 11 0
-204 -272 12 0
-230 -255 11 1
-202 -272 12 0
-203 -271 13 0
-239 -258 29 2
-207 -259 32 0
-207 -259 40 2
-207 -260 41 0
-205 -256 41 0
-204 -261 41 0
-208 -258 39 2
-209 -258 40 2
-207 -262 40 0
-207 -256 38 2
-209 -260 38 2
-210 -260 39 0
-205 -261 38 0
-210 -256 38 2
-206 -262 36 0
-206 -263 36 0
-209 -255 35 2
-208 -260 36 2
-208 -258 35 2
-207 -261 34 0
-207 -255 33 2
-208 -259 32 2
-207 -260 42 0
-209 -258 41 0
-207 -262 39 0
-207 -256 39 2
-208 -255 40 0
-207 -259 37 2
-205 -260 38 0
-205 -262 38 0
-208 -257 38 2
-209 -263 37 0
-202 -262 37 0
-208 -259 37 2
-225 -259 28 0
-224 -263 27 0
-230 -263 26 0
-228 -264 31 0
-230 -266 31 0
-226 -263 30 0
-225 -264 31 0
-227 -267 30 0
-231 -266 29 0
-229 -265 28 0
-227 -263 28 0
-232 -264 27 0
-227 -266 26 0
-230 -266 25 0
-226 -262 29 0
-232 -266 29 0
-232 -265 27 0
-231 -263 24 0
-228 -264 29 0
-229 -264 27 0
-222 -294 14 0
-221 -296 14 0
-225 -285 21 0
-226 -288 23 0
-220 -300 14 0
-223 -287 17 0
-241 -256 19 2
-235 -251 18 0
-234 -291 16 0
-235 -259 18 2
-241 -252 18 0
-227 -262 19 0
-218 -252 12 1
-218 -252 13 1
-218 -251 11 2
-218 -251 12 2
-218 -251 13 2
-217 -253 11 1
-219 -251 14 1
-233 -253 15 1
-205 -269 9 0
-222 -252 16 0
-248 -257 4 0
-246 -254 9 0
-247 -252 10 0
-247 -252 9 0
-230 -275 16 0
-230 -273 16 0
-231 -278 16 0
-232 -278 16 0
-233 -278 16 0
-234 -279 15 1
-235 -279 15 1
-244 -281 20 0
-243 -282 19 0
-242 -287 19 0
-245 -284 21 0
-244 -284 20 0
-243 -284 19 0
-239 -286 19 0
-239 -286 16 1
-240 -285 9 1
-237 -284 10 0
-238 -285 11 0
-234 -258 16 2
-234 -259 24 2
-234 -259 23 2
-234 -259 22 2
-234 -259 21 2
-234 -259 20 2
-234 -259 19 2
-234 -259 18 2
-234 -259 17 2
-234 -259 16 2
-234 -260 25 2
-234 -260 24 2
-234 -260 23 2
-234 -260 22 2
-234 -260 21 2
-234 -260 20 2
-234 -260 19 2
-234 -260 18 2
-234 -260 17 2
-234 -260 16 2
-234 -261 27 2
-234 -261 25 2
-234 -261 24 2
-242 -281 14 0
-237 -285 18 1
-237 -284 17 1
-237 -284 18 1
-237 -289 19 0
-241 -286 18 0
-235 -285 18 1
-236 -272 10 0
-204 -289 16 0
-203 -294 14 0
-205 -294 15 0
-206 -295 15 0
-206 -295 16 0
-201 -290 15 0
-202 -297 15 2
-202 -297 16 1
-201 -297 15 1
-201 -297 16 1
-204 -292 14 0
-205 -292 14 0
-206 -291 15 0
-203 -295 14 1
-205 -297 14 1
-203 -290 14 0
-203 -289 14 0
-203 -288 14 0
-210 -283 9 1
-229 -298 10 1
-218 -296 18 0
-218 -297 17 0
-216 -297 15 0
-223 -292 16 0
-223 -293 16 0
-226 -294 17 0
-222 -294 18 0
-220 -300 18 0
-225 -292 18 0
-211 -285 13 0
-219 -295 19 0
-220 -296 19 0
-221 -296 19 0
-207 -281 17 0
-235 -253 4 2
-219 -276 5 1
-216 -278 5 1
-217 -282 5 2
-217 -283 5 1
-218 -278 12 0
-219 -276 2 1
-219 -277 4 1
-219 -277 3 2
-219 -277 2 1
-219 -278 3 2
-219 -278 2 1
-243 -254 2 2
-244 -254 4 2
-244 -254 2 1
-245 -252 3 1
-241 -289 9 1
-244 -253 5 2
-202 -262 26 0
-201 -258 27 0
-243 -293 7 1
-204 -258 37 0
-203 -253 39 2
-203 -254 38 2
-237 -285 16 1
-214 -293 9 1
-213 -291 15 0
-237 -285 15 1
-224 -262 3 1
-236 -261 28 2
-246 -273 9 2
-245 -274 9 1
-224 -263 1 1
-240 -280 9 1
-241 -278 8 1
-224 -265 5 1
-225 -263 4 1
-238 -277 10 1
-243 -273 10 1
-225 -264 4 1
-225 -264 2 2
-225 -265 4 1
-211 -300 14 0
-216 -299 15 0
-215 -299 14 0
-213 -298 13 0
-214 -294 15 0
-213 -296 14 0
-208 -290 11 1
-204 -255 10 0
-206 -254 8 2
-206 -254 9 2
-220 -282 16 0
-224 -283 14 0
-224 -282 14 0
-228 -276 14 0
-224 -270 9 1
-224 -264 7 0
-224 -263 8 0
-243 -274 5 0
-241 -276 6 1
-241 -277 6 1
-241 -277 5 1
-241 -278 4 2
-247 -289 6 1
-247 -288 6 1
-246 -289 4 1
-246 -289 5 2
-246 -289 6 1
-245 -289 4 1
-249 -288 5 1
-249 -288 6 1
-245 -287 3 1
-234 -300 20 0
-201 -270 7 0
-202 -264 8 0
-209 -263 1 1
-209 -264 3 1
-202 -267 7 1
-208 -254 28 2
-208 -254 29 2
-208 -254 30 2
-237 -253 31 0
-210 -251 39 2
-220 -300 11 1
-220 -299 10 1
-220 -299 11 1
-220 -299 12 1
-203 -258 6 0
-203 -295 8 1
-237 -268 27 2
-238 -266 28 1
-240 -267 22 0
-235 -271 22 0
-236 -264 22 2
-247 -251 7 0
-236 -265 23 2
-240 -271 22 0
-239 -270 23 0
-248 -256 7 0
-249 -255 7 0
-240 -264 23 0
-239 -265 23 0
-237 -273 23 0
-237 -272 23 0
-233 -265 23 0
-234 -265 23 0
-242 -268 24 0
-210 -261 45 0
-210 -261 44 0
-208 -260 45 0
-234 -270 24 0
-237 -263 24 2
-210 -264 38 0
-211 -262 40 0
-210 -261 40 0
-209 -255 41 0
-211 -264 42 0
-241 -269 29 0
-242 -269 29 0
-236 -285 18 1
-236 -285 17 1
-242 -286 18 0
-241 -286 17 0
-239 -284 19 1
-240 -288 18 0
-238 -287 19 0
-216 -279 3 1
-216 -279 4 2
-216 -279 5 1
-247 -253 7 0
-249 -254 6 0
-247 -255 5 0
-226 -293 12 1
-223 -298 13 0
-227 -298 10 1
-201 -280 9 2
-201 -285 10 1
-201 -285 9 2
-204 -299 13 2
-204 -261 40 0
-202 -258 39 0
-203 -254 41 0
-203 -255 40 0
-202 -257 42 0
-205 -256 35 2
-205 -258 36 0
-205 -254 36 2
-205 -260 37 0
-207 -254 38 2
-229 -273 8 1
-229 -272 8 2
-241 -268 21 0
-242 -268 21 0
-248 -252 3 1
-234 -252 17 0
-233 -252 18 0
-202 -251 6 2
-240 -255 16 2
-201 -253 4 2
-239 -252 29 0
-212 -292 13 0
-208 -300 13 0
-216 -297 12 1
-204 -252 9 2
-204 -252 8 2
-214 -294 11 1
-204 -253 10 2
-204 -254 10 1
-205 -252 10 2
-238 -292 18 0
-240 -296 16 0
-237 -293 14 1
-235 -294 15 0
-243 -294 15 0
-237 -289 14 0
-237 -288 15 0
-238 -294 13 2
-238 -295 14 1
-238 -297 14 0
-236 -256 26 2
-236 -256 27 2
-238 -253 25 0
-238 -253 26 0
-239 -259 25 2
-235 -254 26 0
-236 -286 18 1
-240 -284 19 1
-234 -285 16 1
-242 -281 15 0
-215 -283 10 1
-215 -283 9 1
-216 -281 10 1
-231 -263 4 1
-232 -262 5 2
-232 -262 4 1
-233 -262 5 1
-233 -262 4 1
-208 -293 11 1
-231 -262 3 1
-231 -262 2 2
-208 -293 9 1
-208 -294 11 1
-208 -294 9 2
-209 -292 11 1
-228 -265 1 1
-207 -290 18 0
-205 -286 17 0
-208 -288 16 0
-242 -278 14 0
-208 -269 8 0
-243 -278 11 0
-204 -276 7 2
-245 -278 4 2
-246 -277 6 1
-241 -260 30 0
-246 -277 4 1
-246 -278 6 1
-249 -282 2 1
-217 -274 9 1
-249 -284 5 0
-217 -276 9 0
-212 -277 10 0
-214 -277 9 0
-215 -277 9 0
-221 -275 10 0
-241 -281 5 1
-238 -251 3 0
-237 -252 3 0
-240 -281 4 1
-240 -281 5 1
-242 -252 3 2
-243 -276 6 1
-244 -277 3 2
-229 -280 16 0
-227 -283 15 0
-227 -278 16 0
-227 -273 7 1
-227 -273 6 1
-227 -273 5 1
-228 -273 7 1
-228 -273 6 1
-228 -273 5 1
-229 -271 6 1
-229 -271 5 2
-229 -272 7 2
-229 -272 6 2
-229 -272 5 2
-229 -273 7 1
-229 -273 6 1
-229 -273 5 1
-214 -298 15 0
-233 -267 7 1
-239 -264 19 0
-236 -272 19 0
-234 -268 25 0
-222 -273 8 1
-239 -265 25 0
-239 -266 25 0
-237 -293 13 1
-238 -297 24 0
-231 -297 25 0
-233 -296 23 0
-235 -290 13 0
-237 -291 13 0
-236 -298 24 0
-232 -293 26 0
-238 -296 14 0
-239 -294 13 1
-238 -295 25 0
-233 -298 26 0
-244 -293 15 0
-234 -297 25 0
-206 -275 9 1
-205 -275 10 0
-208 -272 8 0
-208 -271 9 0
-207 -270 9 0
-207 -269 9 0
-213 -295 13 0
-215 -300 13 1
-214 -299 13 0
-217 -295 14 0
-217 -270 5 1
-217 -272 5 1
-219 -271 7 1
-210 -268 8 1
-235 -291 14 0
-236 -292 13 0
-237 -292 13 0
-238 -292 13 0
-242 -291 14 0
-202 -251 23 2
-218 -274 3 2
-201 -260 9 0
-235 -290 9 1
-235 -290 8 1
-231 -296 18 0
-231 -297 19 0
-231 -297 20 0
-211 -256 43 0
-205 -261 44 0
-211 -260 42 0
-212 -260 43 0
-213 -261 43 0
-207 -255 43 0
-212 -257 42 0
-213 -257 42 0
-212 -263 42 0
-210 -255 41 0
-210 -254 41 0
-213 -262 39 0
-208 -255 39 2
-212 -258 39 0
-213 -258 38 0
-210 -258 39 2
-210 -257 38 2
-210 -256 37 2
-211 -260 38 0
-211 -260 37 0
-209 -259 44 0
-209 -259 45 0
-209 -259 46 0
-211 -260 46 0
-209 -257 44 0
-209 -256 46 0
-208 -261 46 0
-202 -267 9 0
-247 -257 3 1
-243 -267 16 0
-243 -266 16 1
-250 -279 7 1
-249 -278 8 1
-249 -282 7 0
-220 -274 2 1
-225 -296 22 0
-227 -300 22 0
-228 -299 19 0
-228 -299 17 1
-227 -300 25 0
-227 -300 26 0
-226 -300 27 0
-227 -299 25 0
-208 -294 18 0
-205 -293 18 0
-222 -276 3 2
-210 -260 1 1
-210 -261 2 2
-210 -261 1 1
-210 -262 3 1
-210 -262 2 1
-210 -262 1 1
-246 -291 9 0
-214 -255 46 0
-214 -255 45 0
-215 -251 47 0
-215 -251 46 0
-248 -252 16 0
-246 -254 17 0
-247 -251 18 0
-249 -254 19 0
-246 -253 19 0
-246 -253 18 0
-247 -253 16 0
-228 -271 9 2
-229 -271 9 2
-233 -286 12 0
-248 -254 11 0
-234 -291 13 1
-247 -251 12 0
-243 -252 11 1
-244 -252 12 0
-250 -252 12 0
-249 -252 12 0
-249 -253 13 0
-234 -284 18 1
-234 -284 17 1
-246 -251 13 0
-246 -252 14 0
-250 -256 12 0
-249 -255 13 0
-248 -251 14 0
-235 -287 17 0
-236 -285 19 1
-244 -251 14 0
-201 -256 30 0
-250 -253 14 0
-249 -253 14 0
-248 -253 14 0
-247 -253 14 0
-209 -277 10 0
-212 -275 8 0
-203 -284 17 0
-247 -251 15 0
-247 -252 15 0
-249 -257 15 0
-248 -256 15 0
-248 -255 15 0
-242 -252 15 0
-230 -272 11 1
-250 -251 15 0
-233 -271 13 0
-237 -254 19 0
-236 -254 17 0
-208 -276 3 1
-209 -275 3 2
-209 -276 3 1
-208 -275 4 2
-248 -251 16 0
-247 -256 17 0
-229 -255 13 1
-229 -255 12 1
-229 -256 14 2
-229 -256 13 1
-229 -257 14 2
-229 -257 13 2
-230 -255 14 2
-230 -255 13 1
-244 -282 7 2
-244 -282 6 1
-244 -282 5 1
-244 -283 7 2
-223 -251 8 2
-223 -251 9 2
-219 -252 8 1
-219 -252 9 1
-221 -252 10 1
-221 -252 9 1
-221 -253 10 2
-221 -253 9 2
-221 -254 10 2
-221 -254 9 2
-219 -254 10 1
-220 -252 11 1
-238 -298 20 0
-235 -295 18 1
-236 -292 18 1
-235 -290 18 0
-233 -293 18 0
-232 -293 18 0
-240 -298 18 0
-235 -294 13 2
-235 -293 13 1
-234 -295 13 1
-234 -294 13 2
-234 -293 13 1
-241 -296 12 0
-237 -291 12 0
-237 -298 10 1
-237 -298 11 1
-237 -298 12 1
-236 -298 10 1
-236 -298 11 1
-205 -256 40 0
-206 -266 11 0
-208 -266 9 0
-202 -261 39 0
-235 -294 22 0
-238 -295 20 0
-238 -295 22 0
-236 -293 19 1
-236 -292 20 0
-236 -291 21 0
-202 -261 35 0
-218 -268 6 2
-218 -267 4 1
-218 -267 6 1
-218 -266 4 2
-218 -266 5 2
-234 -296 15 0
-205 -256 33 2
-250 -280 7 1
-203 -254 8 1
-203 -260 33 0
-202 -255 33 0
-202 -255 32 0
-203 -254 32 2
-209 -294 16 0
-244 -279 8 2
-249 -288 11 0
-204 -258 6 1
-224 -299 20 0
-202 -258 6 0
-243 -253 12 0
-242 -252 11 1
-246 -252 12 0
-247 -252 11 0
-217 -251 21 2
-217 -251 20 2
-217 -251 19 2
-217 -252 39 2
-217 -252 38 2
-217 -252 37 2
-217 -252 36 2
-217 -252 35 2
-217 -252 34 2
-217 -252 33 2
-217 -252 32 2
-217 -252 31 2
-217 -252 30 2
-217 -252 29 2
-217 -252 28 2
-217 -252 27 2
-217 -252 26 2
-217 -252 25 2
-217 -252 24 2
-217 -252 23 2
-217 -252 22 2
-217 -252 21 2
-217 -252 20 2
-217 -252 18 2
-217 -252 17 2
-217 -253 39 2
-217 -253 38 2
-217 -253 37 2
-217 -253 36 2
-217 -253 35 2
-217 -253 34 2
-217 -253 33 2
-217 -253 32 2
-229 -294 12 1
-229 -294 13 1
-229 -294 14 1
-224 -293 11 1
-224 -293 12 1
-224 -293 13 1
-221 -298 13 0
-225 -298 10 1
-225 -298 11 1
-226 -296 21 0
-232 -295 16 0
-230 -299 17 0
-229 -294 16 1
-230 -299 19 0
-230 -294 17 0
-231 -299 17 0
-208 -257 42 0
-209 -255 43 0
-210 -260 42 0
-205 -257 41 0
-205 -255 42 0
-206 -261 41 0
-208 -262 40 0
-209 -259 40 2
-210 -259 40 2
-211 -259 40 0
-212 -259 40 0
-210 -255 39 2
-210 -261 38 0
-206 -256 39 2
-210 -258 38 2
-207 -258 42 0
-206 -258 43 0
-210 -259 44 0
-204 -258 43 0
-210 -261 42 0
-209 -263 41 0
-204 -262 40 0
-205 -257 40 0
-205 -263 37 0
-209 -260 36 2
-207 -258 43 0
-206 -261 42 0
-208 -262 42 0
-204 -260 42 0
-203 -261 42 0
-206 -263 41 0
-205 -264 42 0
-204 -259 41 0
-210 -263 41 0
-207 -257 43 0
-206 -257 44 0
-211 -258 37 2
-207 -257 44 0
-206 -259 45 0
-210 -259 43 0
-211 -262 38 0
-209 -256 43 0
-203 -259 41 0
-208 -254 40 0
-203 -263 40 0
-211 -260 40 0
-212 -260 40 0
-206 -262 39 0
-208 -263 37 0
-206 -260 43 0
-206 -260 44 0
-206 -260 45 0
-208 -260 42 0
-208 -261 44 0
-209 -261 45 0
-208 -263 42 0
-209 -256 42 0
-237 -277 13 0
-237 -277 14 0
-238 -277 15 0
-239 -275 14 0
-236 -277 11 0
-236 -278 11 0
-237 -278 12 0
-237 -279 12 0
-237 -280 13 0
-239 -273 13 1
-235 -278 11 0
-235 -279 11 0
-235 -280 11 0
-235 -281 11 0
-238 -279 10 0
-234 -278 10 0
-232 -279 10 0
-209 -260 42 0
-236 -281 9 0
-231 -277 8 1
-212 -262 42 0
-234 -279 8 1
-234 -280 7 1
-233 -276 8 1
-234 -277 7 1
-234 -277 6 1
-210 -261 39 0
-210 -253 12 2
-208 -255 13 2
-205 -264 37 0
-209 -260 37 2
-208 -261 42 0
-230 -280 16 0
-207 -291 17 0
-229 -275 16 0
-225 -267 3 1
-225 -268 5 1
-225 -268 4 2
-238 -291 15 0
-239 -290 15 0
-236 -290 14 0
-221 -255 18 1
-204 -276 16 0
-203 -273 15 0
-203 -273 16 0
-205 -274 14 0
-202 -272 13 0
-234 -254 17 0
-242 -293 10 1
-232 -255 16 0
-220 -257 4 2
-207 -258 33 2
-206 -260 35 0
-209 -257 34 2
-203 -262 34 0
-209 -260 35 2
-206 -258 36 2
-207 -256 36 2
-206 -253 37 2
-208 -262 37 0
-207 -260 37 0
-204 -262 38 0
-209 -260 39 2
-237 -296 26 0
-237 -296 25 0
-203 -253 36 2
-216 -296 14 0
-204 -290 17 0
-207 -285 15 0
-208 -284 15 0
-207 -282 13 0
-208 -284 12 0
-211 -286 9 1
-211 -286 10 2
-211 -285 9 1
-211 -285 10 2
-209 -294 17 0
-203 -293 17 0
-207 -297 15 0
-207 -298 16 0
-207 -299 16 0
-207 -293 15 0
-203 -264 4 1
-209 -257 8 2
-209 -297 11 1
-205 -294 13 0
-207 -278 8 2
-204 -297 12 1
-207 -277 9 1
-210 -294 9 1
-209 -278 16 0
-205 -275 11 0
-250 -266 4 1
-209 -276 14 0
-211 -280 12 0
-201 -252 1 1
-201 -251 1 1
-249 -269 3 2
-249 -269 2 1
-249 -270 3 1
-249 -270 2 1
-250 -269 2 1
-250 -270 2 1
-201 -262 35 0
-204 -254 35 2
-204 -253 35 2
-210 -275 5 1
-212 -280 8 1
-209 -272 7 0
-249 -266 4 2
-209 -277 9 1
-209 -277 8 2
-209 -278 9 1
-209 -278 8 1
-209 -279 9 1
-209 -279 8 1
-204 -251 12 2
-204 -251 13 2
-204 -251 14 2
-204 -251 15 2
-204 -275 4 1
-204 -276 5 1
-204 -276 4 1
-204 -275 5 2
-206 -270 6 1
-204 -266 6 2
-204 -266 5 2
-213 -296 13 0
-208 -293 13 0
-211 -300 13 0
-213 -300 12 1
-213 -300 11 1
-213 -300 10 2
-214 -298 12 1
-214 -298 11 2
-214 -298 10 2
-214 -299 12 1
-214 -299 11 2
-214 -299 10 1
-214 -300 12 1
-214 -300 11 2
-214 -300 10 1
-213 -299 11 2
-234 -268 29 0
-241 -266 29 0
-240 -266 29 0
-238 -267 29 1
-235 -273 30 0
-235 -272 29 0
-236 -271 29 0
-233 -252 0 1
-201 -251 38 2
-238 -275 7 1
-238 -276 7 2
-238 -277 7 1
-239 -255 29 0
-240 -254 29 0
-241 -254 31 0
-234 -255 30 0
-233 -255 31 0
-238 -252 30 0
-238 -251 30 0
-241 -256 30 0
-242 -256 29 0
-233 -258 9 1
-233 -259 10 2
-233 -259 9 2
-212 -274 4 1
-245 -284 7 1
-201 -270 4 2
-248 -279 7 1
-248 -287 6 1
-208 -287 18 0
-205 -251 8 2
-206 -251 8 2
-232 -294 12 1
-232 -293 13 1
-232 -293 14 1
-208 -260 11 0
-208 -253 11 2
-208 -254 11 2
-208 -259 8 1
-211 -255 8 1
-219 -265 4 1
-218 -265 4 1
-213 -263 3 1
-213 -263 2 1
-201 -253 3 2
-201 -253 2 2
-212 -298 17 0
-212 -297 14 0
-212 -297 15 0
-213 -297 16 0
-214 -296 16 0
-211 -299 14 0
-211 -299 15 0
-212 -294 15 0
-206 -299 15 1
-214 -298 14 0
-235 -256 14 0
-238 -253 15 0
-214 -295 14 0
-212 -299 13 0
-213 -300 13 0
-211 -293 13 0
-219 -299 19 0
-204 -258 7 1
-206 -257 7 1
-205 -291 15 0
-219 -287 14 1
-221 -290 18 0
-225 -285 18 0
-225 -287 18 0
-222 -283 20 0
-221 -286 21 0
-222 -286 21 0
-237 -251 25 0
-234 -257 24 1
-218 -256 11 0
-229 -274 13 0
-221 -258 11 1
-221 -259 11 0
-215 -256 8 1
-213 -254 8 1
-221 -257 8 1
-243 -284 25 0
-235 -287 25 0
-236 -286 25 0
-239 -279 25 0
-234 -283 26 1
-237 -289 26 0
-237 -288 26 0
-238 -286 26 0
-236 -280 27 0
-237 -281 26 1
-237 -282 26 1
-242 -286 27 0
-234 -286 27 1
-235 -285 27 1
-240 -280 28 0
-215 -289 11 1
-215 -289 12 1
-214 -289 10 1
-214 -289 11 1
-214 -289 12 1
-204 -291 10 2
-214 -292 9 1
-246 -260 5 1
-243 -257 4 1
-244 -260 3 2
-245 -261 2 1
-245 -261 3 1
-245 -261 4 1
-245 -260 2 1
-245 -260 3 1
-245 -260 4 1
-245 -259 2 1
-245 -259 3 1
-243 -283 22 0
-244 -282 23 0
-245 -282 23 0
-243 -287 22 0
-244 -288 22 0
-241 -281 22 0
-228 -285 14 0
-212 -251 29 2
-211 -287 11 2
-228 -284 13 1
-248 -281 12 0
-247 -281 11 0
-209 -252 27 2
-245 -280 11 0
-239 -281 12 1
-240 -281 12 1
-241 -280 11 0
-201 -268 13 0
-233 -261 18 2
-233 -261 19 2
-233 -261 20 2
-233 -261 21 2
-233 -261 22 2
-233 -261 23 2
-233 -261 24 2
-233 -260 16 2
-233 -260 17 2
-233 -260 18 2
-233 -260 19 2
-233 -260 20 2
-233 -260 21 2
-233 -260 22 2
-233 -260 23 2
-233 -260 24 2
-247 -252 1 2
-236 -267 20 0
-234 -257 12 2
-243 -251 3 2
-243 -252 3 2
-243 -253 4 2
-243 -253 3 2
-223 -252 15 1
-223 -252 14 2
-223 -252 13 2
-224 -252 15 1
-224 -252 14 2
-224 -252 13 1
-225 -252 15 2
-233 -272 29 0
-205 -265 11 0
-234 -257 13 1
-234 -257 14 1
-245 -253 4 1
-219 -264 10 0
-211 -267 10 1
-212 -266 10 1
-213 -266 10 1
-214 -265 10 0
-218 -268 10 0
-217 -266 10 0
-208 -256 3 1
-210 -263 11 0
-214 -268 11 0
-214 -267 11 0
-215 -266 11 0
-219 -266 12 0
-219 -265 12 0
-207 -294 14 0
-203 -299 16 1
-203 -299 15 1
-204 -299 16 1
-204 -299 15 1
-205 -297 16 1
-205 -297 15 1
-205 -298 16 1
-205 -298 15 1
-205 -299 16 1
-205 -299 15 1
-209 -296 15 0
-229 -253 13 1
-228 -253 13 1
-227 -253 13 1
-232 -271 7 1
-239 -275 13 0
-241 -275 10 0
-227 -272 4 1
-233 -267 5 1
-233 -267 4 1
-231 -265 3 2
-231 -268 3 2
-238 -277 12 0
-243 -274 11 0
-241 -276 12 0
-236 -263 25 2
-236 -263 26 2
-236 -263 27 2
-238 -264 26 2
-238 -264 28 2
-221 -269 2 1
-221 -269 3 1
-221 -268 1 1
-221 -268 2 2
-221 -268 3 1
-221 -267 1 1
-221 -267 2 2
-221 -267 3 1
-220 -269 1 1
-220 -269 2 1
-220 -269 3 2
-220 -268 1 1
-220 -268 3 1
-220 -267 1 1
-220 -267 2 2
-220 -267 3 1
-219 -269 1 1
-238 -285 23 0
-239 -285 22 0
-240 -285 22 0
-243 -280 24 0
-242 -282 23 0
-242 -283 22 0
-242 -288 24 0
-205 -261 17 0
-205 -261 18 0
-220 -286 9 1
-220 -286 8 1
-235 -279 17 2
-228 -273 17 0
-238 -265 22 2
-234 -269 21 0
-234 -276 16 0
-226 -251 18 1
-231 -279 16 0
-233 -281 16 0
-241 -270 22 0
-231 -275 15 0
-231 -274 16 0
-231 -273 16 0
-247 -257 1 1
-247 -257 0 1
-204 -294 11 1
-208 -295 12 1
-239 -283 13 1
-246 -283 11 0
-247 -284 12 0
-204 -251 23 2
-204 -251 24 2
-204 -251 25 2
-239 -290 9 2
-204 -251 27 2
-204 -251 28 2
-204 -251 29 2
-204 -251 30 2
-233 -260 31 2
-206 -265 6 1
-206 -265 5 2
-241 -257 31 0
-219 -268 2 1
-219 -268 1 1
-218 -267 2 2
-220 -262 3 1
-219 -262 4 0
-218 -263 5 0
-217 -263 5 1
-213 -265 5 1
-214 -267 4 1
-214 -267 3 1
-215 -265 5 1
-216 -258 3 1
-220 -266 4 1
-218 -265 5 1
-218 -264 5 0
-212 -264 5 0
-219 -260 5 0
-218 -261 5 0
-217 -262 5 1
-215 -267 4 1
-215 -268 6 1
-215 -268 4 1
-216 -266 5 1
-216 -267 4 1
-216 -268 6 2
-216 -268 5 1
-232 -298 12 1
-232 -298 13 1
-231 -300 11 1
-231 -300 12 1
-231 -300 13 1
-231 -299 11 1
-233 -288 18 0
-232 -288 19 0
-232 -288 20 0
-232 -288 21 0
-233 -286 19 0
-230 -300 13 1
-232 -290 19 0
-239 -292 15 0
-241 -288 16 0
-242 -291 17 0
-242 -291 16 0
-242 -291 15 0
-220 -264 3 1
-206 -258 35 2
-205 -258 35 0
-236 -288 14 0
-205 -262 36 0
-203 -259 35 0
-206 -255 36 2
-201 -261 36 0
-206 -259 37 0
-205 -259 37 0
-223 -258 2 1
-223 -259 3 1
-223 -259 2 2
-223 -260 3 1
-223 -260 2 2
-222 -259 3 2
-224 -262 5 0
-216 -261 8 0
-215 -267 6 1
-233 -260 25 2
-230 -258 25 0
-238 -259 9 2
-211 -263 39 0
-206 -263 39 0
-212 -259 38 0
-209 -262 38 0
-222 -266 8 0
-204 -268 8 0
-250 -287 10 0
-232 -251 20 0
-248 -286 9 0
-205 -266 9 0
-206 -268 10 0
-204 -254 3 2
-205 -268 9 0
-203 -254 2 2
-205 -265 9 0
-211 -294 16 0
-219 -251 10 1
-219 -251 11 1
-237 -290 12 0
-236 -289 12 0
-205 -270 4 1
-204 -272 2 1
-204 -272 3 2
-220 -253 10 1
-204 -271 3 2
-223 -253 8 2
-224 -254 7 2
-244 -262 34 0
-244 -257 31 0
-233 -269 13 0
-218 -275 10 0
-220 -273 12 0
-218 -272 11 0
-212 -272 11 0
-213 -272 11 0
-229 -266 31 0
-232 -297 16 0
-233 -296 16 0
-231 -300 17 0
-217 -271 11 0
-249 -288 9 0
-232 -299 16 0
-234 -298 14 0
-244 -286 9 0
-246 -280 8 1
-215 -253 30 2
-215 -253 29 2
-215 -253 28 2
-215 -253 27 2
-215 -253 26 2
-215 -253 25 2
-215 -253 24 2
-215 -253 23 2
-215 -253 22 2
-215 -253 21 2
-215 -253 20 2
-215 -253 19 2
-215 -254 39 2
-215 -254 38 2
-215 -254 37 2
-215 -254 36 2
-216 -251 37 2
-216 -251 36 2
-216 -251 35 2
-216 -251 34 2
-216 -251 33 2
-216 -251 32 2
-216 -251 31 2
-216 -251 30 2
-216 -251 29 2
-216 -251 28 2
-216 -251 27 2
-216 -251 26 2
-216 -251 25 2
-216 -251 24 2
-205 -292 12 0
-234 -259 9 1
-225 -267 7 1
-241 -277 11 0
-204 -288 15 0
-218 -277 12 0
-218 -276 12 0
-222 -279 11 0
-223 -278 11 0
-224 -278 12 0
-218 -280 11 0
-217 -280 11 0
-216 -280 11 0
-212 -293 14 0
-244 -272 15 1
-229 -268 13 0
-245 -265 30 0
-227 -266 12 0
-219 -281 6 1
-219 -282 8 1
-219 -282 6 2
-219 -283 6 1
-220 -281 8 1
-204 -265 7 1
-203 -288 13 0
-203 -274 12 0
-205 -289 14 0
-204 -285 13 0
-205 -284 13 0
-202 -289 12 0
-204 -287 11 0
-205 -287 11 0
-217 -262 12 0
-217 -261 12 0
-217 -260 13 0
-238 -255 10 1
-244 -285 10 0
-247 -288 9 0
-246 -288 10 0
-240 -287 9 1
-241 -287 9 1
-242 -287 9 0
-250 -261 3 1
-240 -282 13 1
-246 -283 14 0
-245 -283 13 0
-212 -293 12 1
-209 -290 9 1
-209 -290 10 2
-208 -290 9 1
-227 -251 13 1
-214 -264 11 0
-216 -268 13 0
-216 -267 12 0
-216 -266 12 0
-219 -263 14 0
-236 -273 20 0
-236 -272 20 0
-232 -265 20 0
-232 -271 21 0
-231 -261 7 2
-230 -261 7 1
-230 -262 6 1
-243 -279 12 0
-243 -279 13 0
-214 -290 14 0
-214 -290 16 0
-231 -261 13 2
-231 -261 14 2
-231 -261 15 2
-230 -263 13 1
-233 -263 11 2
-233 -263 12 2
-232 -263 11 2
-232 -263 12 1
-231 -263 12 1
-229 -262 12 0
-230 -265 11 0
-229 -260 10 1
-228 -260 11 1
-227 -259 11 1
-228 -264 10 0
-230 -261 9 1
-229 -261 9 0
-228 -261 9 0
-227 -261 8 0
-230 -262 7 1
-236 -254 26 0
-239 -256 33 0
-238 -258 31 0
-240 -268 23 0
-235 -288 18 0
-225 -251 19 0
-250 -271 9 2
-250 -271 10 1
-249 -271 9 1
-249 -271 10 2
-248 -271 8 1
-248 -271 9 1
-248 -271 10 1
-205 -259 33 0
-206 -259 33 0
-207 -259 33 0
-202 -260 33 0
-202 -261 33 0
-202 -262 33 0
-228 -253 18 1
-206 -258 39 2
-205 -255 38 2
-206 -254 38 2
-205 -257 37 2
-207 -257 36 2
-242 -284 15 0
-245 -283 16 0
-213 -256 37 2
-244 -292 12 0
-244 -291 12 0
-237 -288 13 0
-238 -288 12 0
-239 -288 12 0
-229 -269 4 2
-229 -270 6 1
-229 -270 5 1
-207 -258 3 1
-223 -290 13 0
-230 -299 13 1
-217 -251 22 2
-217 -251 23 2
-217 -251 24 2
-217 -251 25 2
-223 -295 20 0
-227 -299 18 1
-228 -268 5 2
-227 -296 17 0
-228 -295 18 0
-228 -294 19 0
-233 -273 13 0
-231 -276 11 0
-232 -274 19 0
-234 -275 18 0
-233 -272 19 0
-233 -251 4 2
-232 -251 3 1
-232 -251 4 1
-237 -251 3 0
-238 -252 2 1
-232 -262 23 2
-232 -262 22 2
-232 -262 21 2
-232 -262 20 2
-232 -262 19 2
-232 -262 18 2
-232 -262 17 2
-232 -262 16 2
-233 -259 24 2
-233 -259 23 2
-233 -259 22 2
-233 -259 21 2
-233 -259 20 2
-233 -259 19 2
-233 -259 18 2
-233 -259 17 2
-242 -259 6 1
-247 -257 6 0
-245 -260 7 0
-250 -257 8 0
-242 -255 8 1
-242 -255 7 1
-242 -255 6 1
-242 -256 8 1
-242 -256 7 1
-242 -256 6 1
-235 -269 5 2
-233 -267 2 2
-235 -265 2 1
-235 -266 2 1
-237 -275 10 1
-201 -256 33 0
-204 -258 34 0
-246 -266 7 2
-247 -265 8 1
-249 -267 10 1
-233 -268 4 1
-238 -273 14 1
-237 -273 14 1
-250 -281 12 0
-250 -279 12 0
-247 -279 14 0
-248 -279 13 0
-248 -275 15 2
-248 -276 14 1
-219 -284 14 1
-204 -291 12 0
-219 -285 15 1
-219 -285 14 2
-219 -285 13 1
-206 -296 13 0
-208 -291 12 0
-207 -292 12 0
-220 -285 15 1
-204 -253 4 1
-205 -253 6 2
-205 -253 5 2
-205 -253 4 2
-202 -290 17 0
-209 -268 9 1
-242 -289 25 0
-243 -284 28 0
-237 -283 28 1
-236 -286 27 1
-242 -286 26 0
-217 -258 3 1
-219 -256 4 1
-219 -257 4 1
-219 -258 4 1
-232 -286 28 1
-232 -286 29 1
-232 -285 27 1
-232 -285 28 1
-216 -251 43 0
-219 -257 43 0
-218 -256 43 0
-218 -255 43 0
-212 -252 43 0
-219 -251 43 0
-220 -254 45 0
-219 -254 44 0
-218 -253 44 0
-217 -251 44 0
-216 -252 43 0
-217 -256 46 0
-217 -256 45 0
-217 -255 45 0
-213 -251 46 0
-213 -251 45 0
-214 -251 45 0
-219 -252 46 0
-218 -252 45 0
-217 -252 44 0
-209 -266 8 1
-214 -255 47 0
-215 -254 45 0
-218 -254 47 0
-217 -255 41 0
-216 -255 44 0
-216 -264 17 0
-215 -263 15 0
-213 -262 17 0
-210 -261 13 0
-211 -261 13 0
-213 -266 13 0
-213 -257 14 1
-218 -263 14 0
-217 -263 13 0
-212 -263 14 0
-216 -266 15 0
-225 -265 19 0
-212 -258 38 0
-212 -258 37 0
-233 -266 20 0
-238 -264 20 2
-209 -275 5 1
-210 -275 7 1
-210 -272 7 1
-229 -292 12 1
-230 -261 28 1
-230 -261 27 1
-231 -259 28 1
-231 -259 27 1
-231 -260 29 2
-231 -260 27 2
-231 -261 29 2
-231 -261 28 2
-232 -260 28 2
-232 -261 27 2
-231 -260 28 2
-228 -258 28 0
-230 -258 28 0
-231 -258 29 0
-233 -262 28 2
-232 -269 25 0
-233 -268 25 0
-250 -264 5 0
-234 -285 26 1
-234 -285 25 1
-234 -285 24 1
-240 -280 24 0
-237 -287 25 0
-233 -280 25 0
-234 -281 25 1
-233 -287 25 0
-215 -281 9 1
-208 -256 8 2
-244 -279 9 1
-215 -257 12 0
-223 -288 23 0
-221 -300 11 1
-235 -292 24 0
-221 -299 12 1
-204 -269 13 0
-225 -281 17 0
-226 -282 17 0
-225 -266 6 0
-226 -266 6 0
-227 -266 6 1
-204 -252 21 2
-204 -252 20 2
-204 -252 19 2
-204 -252 18 2
-204 -252 17 2
-204 -252 16 2
-201 -290 10 1
-201 -290 9 2
-201 -290 8 1
-201 -291 10 1
-201 -291 9 2
-201 -291 8 1
-201 -292 10 1
-250 -262 6 0
-202 -294 17 1
-234 -297 16 0
-236 -298 17 0
-212 -265 15 0
-224 -262 12 0
-227 -261 15 0
-235 -263 7 1
-235 -263 8 1
-235 -263 9 1
-240 -254 8 1
-239 -254 8 1
-233 -275 6 2
-238 -252 8 1
-235 -253 10 0
-234 -276 5 1
-234 -276 6 1
-234 -276 7 2
-238 -256 8 1
-234 -275 6 1
-234 -275 7 2
-237 -256 8 2
-211 -266 13 0
-211 -267 13 0
-210 -260 18 0
-209 -265 17 0
-209 -262 15 0
-208 -261 16 0
-207 -261 17 0
-211 -266 16 0
-211 -261 15 0
-212 -260 16 0
-209 -263 15 0
-208 -264 15 0
-206 -264 16 0
-209 -260 15 0
-209 -259 15 0
-209 -258 16 0
-209 -266 15 0
-209 -267 15 0
-206 -262 15 0
-211 -260 14 0
-211 -259 14 0
-211 -258 14 2
-209 -264 14 0
-208 -261 13 0
-207 -259 13 0
-212 -260 13 0
-206 -263 12 0
-209 -265 12 0
-209 -266 12 0
-211 -261 11 0
-207 -257 9 1
-209 -263 16 0
-209 -263 17 0
-209 -263 18 0
-211 -264 18 0
-208 -264 17 0
-208 -265 18 0
-212 -262 16 0
-207 -260 17 0
-211 -266 17 0
-212 -259 17 0
-209 -263 14 0
-208 -263 15 0
-207 -263 15 0
-209 -261 15 0
-208 -259 15 0
-208 -258 16 0
-209 -265 15 0
-208 -267 15 0
-237 -272 12 1
-237 -272 11 1
-236 -271 9 0
-234 -271 13 0
-235 -271 10 0
-207 -264 5 1
-207 -263 5 1
-219 -274 7 2
-218 -274 8 1
-216 -280 8 0
-215 -281 8 1
-215 -282 8 1
-215 -283 8 1
-215 -283 7 1
-212 -274 8 1
-234 -254 26 0
-236 -255 27 0
-241 -255 26 0
-240 -255 28 0
-216 -278 14 0
-234 -269 1 1
-249 -278 4 1
-249 -254 3 1
-249 -278 2 1
-249 -279 4 2
-249 -279 3 2
-249 -279 2 1
-249 -280 4 2
-249 -280 3 2
-247 -257 5 1
-250 -280 4 2
-250 -280 3 2
-250 -280 2 2
-233 -285 17 1
-250 -256 6 0
-225 -262 24 0
-229 -257 26 0
-229 -258 25 0
-224 -259 26 0
-226 -263 25 0
-227 -258 27 0
-226 -260 19 0
-227 -261 22 0
-229 -262 19 0
-229 -261 20 0
-228 -261 21 0
-228 -261 22 0
-225 -262 20 0
-226 -262 21 0
-228 -258 20 0
-228 -259 21 0
-228 -260 22 0
-229 -264 20 0
-228 -264 21 0
-228 -263 22 0
-224 -259 21 0
-224 -260 21 0
-226 -260 23 0
-226 -261 23 0
-231 -260 21 0
-230 -260 22 0
-229 -260 22 0
-225 -265 21 0
-225 -264 22 0
-226 -263 22 0
-227 -262 23 0
-226 -257 22 0
-226 -258 22 0
-227 -259 23 0
-231 -264 22 0
-230 -263 22 0
-229 -263 23 0
-223 -262 22 0
-221 -278 13 0
-220 -278 12 0
-217 -279 11 0
-217 -276 13 0
-217 -277 12 0
-227 -265 23 0
-227 -264 23 0
-228 -299 10 1
-229 -297 11 1
-229 -297 10 1
-241 -258 34 0
-243 -262 34 0
-243 -291 8 1
-243 -290 8 1
-242 -259 27 0
-244 -263 28 0
-246 -261 29 0
-244 -261 29 0
-243 -261 29 0
-242 -257 29 0
-244 -265 30 0
-244 -262 31 0
-243 -257 32 0
-243 -258 31 0
-245 -261 33 0
-243 -263 34 0
-242 -262 33 0
-210 -267 9 2
-209 -266 10 1
-240 -260 24 2
-242 -258 25 0
-242 -260 27 0
-245 -260 26 0
-244 -260 27 0
-245 -264 27 0
-243 -264 30 0
-244 -259 30 0
-243 -262 31 0
-242 -260 30 0
-238 -259 33 0
-244 -261 32 0
-241 -259 34 0
-236 -265 33 0
-210 -266 9 1
-242 -290 7 1
-208 -265 10 0
-242 -289 6 1
-243 -262 25 0
-242 -262 26 0
-242 -289 7 2
-238 -271 33 0
-245 -288 9 0
-243 -285 8 1
-248 -251 3 1
-249 -251 3 0
-250 -251 3 1
-246 -255 3 1
-215 -294 15 0
-202 -253 2 2
-202 -252 3 2
-201 -262 24 0
-201 -262 25 0
-203 -251 7 2
-203 -252 7 2
-203 -253 7 1
-205 -254 10 1
-222 -258 14 1
-208 -252 16 2
-208 -252 17 2
-208 -252 18 2
-233 -252 19 0
-241 -256 18 2
-235 -251 17 0
-238 -269 14 0
-234 -267 14 0
-207 -285 10 2
-224 -255 18 1
-223 -255 17 1
-223 -255 18 1
-222 -255 16 1
-222 -255 17 1
-222 -255 18 1
-222 -254 17 1
-222 -253 17 1
-218 -254 17 0
-207 -271 8 0
-206 -270 8 0
-221 -253 16 0
-221 -254 16 0
-222 -256 16 1
-250 -271 13 1
-250 -271 12 1
-243 -285 20 0
-243 -286 22 0
-242 -284 18 0
-242 -283 20 0
-241 -282 22 1
-241 -285 19 0
-241 -286 20 0
-240 -287 21 0
-238 -286 20 0
-201 -252 29 2
-201 -252 28 2
-203 -291 16 0
-205 -289 15 0
-201 -252 25 2
-201 -252 24 2
-201 -252 23 2
-201 -252 22 2
-233 -266 30 0
-236 -300 16 0
-235 -299 18 0
-211 -272 9 1
-211 -271 10 0
-212 -278 9 0
-212 -279 9 0
-211 -280 9 0
-219 -251 19 2
-234 -294 10 1
-234 -295 12 1
-234 -295 11 1
-234 -295 10 1
-235 -293 11 1
-235 -293 10 1
-235 -294 12 2
-235 -294 11 1
-235 -294 10 1
-235 -295 12 1
-242 -278 8 0
-241 -272 7 2
-241 -272 9 1
-223 -269 7 0
-222 -267 6 0
-221 -266 6 0
-224 -283 8 1
-235 -266 18 0
-240 -270 19 0
-240 -270 18 0
-207 -258 7 1
-207 -258 6 1
-233 -290 15 0
-235 -256 10 1
-235 -257 10 2
-235 -258 10 2
-236 -251 12 0
-236 -252 12 0
-238 -290 16 0
-235 -294 17 2
-236 -291 12 0
-233 -292 12 1
-234 -292 13 1
-206 -296 8 1
-207 -296 10 2
-249 -264 6 0
-207 -256 25 2
-239 -257 25 2
-241 -258 24 2
-237 -253 25 0
-237 -252 25 0
-236 -251 24 0
-235 -258 24 2
-235 -259 24 2
-239 -255 25 0
-239 -254 25 0
-240 -254 24 0
-241 -254 23 0
-236 -254 25 1
-235 -254 24 1
-234 -253 23 0
-230 -260 12 1
-233 -264 12 2
-233 -265 13 2
-229 -262 11 0
-229 -280 26 0
-234 -278 26 0
-234 -277 26 0
-234 -276 26 0
-231 -284 25 0
-230 -284 25 0
-230 -278 25 0
-236 -279 25 0
-236 -278 24 0
-232 -281 25 0
-231 -282 24 0
-229 -282 24 0
-233 -279 25 0
-233 -279 24 0
-233 -277 23 0
-232 -284 23 0
-232 -285 23 0
-232 -280 24 0
-230 -280 22 0
-235 -281 23 1
-243 -256 5 2
-243 -256 6 2
-243 -255 4 1
-243 -255 5 1
-243 -255 6 1
-247 -252 4 0
-247 -253 4 0
-248 -254 4 0
-248 -255 4 0
-203 -275 9 0
-247 -251 3 1
-211 -274 6 1
-211 -272 2 1
-210 -272 2 1
-209 -274 2 1
-209 -273 2 1
-209 -272 2 1
-228 -274 14 0
-235 -277 15 0
-234 -277 15 0
-233 -277 15 0
-232 -277 15 0
-202 -264 5 1
-202 -264 7 1
-201 -264 5 1
-201 -264 6 2
-239 -255 32 0
-239 -256 31 0
-234 -256 33 0
-208 -271 6 1
-225 -266 10 0
-246 -251 10 0
-226 -261 5 0
-234 -262 4 1
-234 -262 5 1
-231 -262 9 1
-231 -262 10 1
-240 -267 12 0
-240 -266 11 1
-232 -262 11 2
-239 -262 14 2
-243 -265 9 1
-243 -265 10 1
-243 -265 11 2
-242 -265 10 2
-242 -265 11 2
-241 -265 10 1
-241 -265 11 1
-241 -264 10 1
-241 -264 11 1
-240 -264 11 1
-239 -264 11 1
-232 -260 7 2
-231 -260 6 2
-230 -263 8 0
-231 -259 5 1
-237 -263 15 2
-238 -263 9 2
-237 -263 9 1
-233 -262 12 2
-232 -262 12 2
-231 -262 12 2
-231 -265 11 1
-228 -298 20 0
-205 -280 8 1
-226 -296 20 0
-213 -252 15 2
-213 -252 16 2
-213 -252 17 2
-213 -252 18 2
-213 -252 19 2
-213 -252 20 2
-213 -252 21 2
-213 -252 22 2
-213 -252 23 2
-213 -252 24 2
-213 -252 25 2
-213 -252 26 2
-232 -272 3 1
-231 -272 3 1
-230 -272 3 1
-233 -269 1 1
-233 -268 1 1
-233 -267 1 1
-213 -252 33 2
-213 -252 34 2
-213 -252 35 2
-213 -252 36 2
-213 -252 37 2
-213 -252 38 2
-213 -252 39 2
-213 -251 9 2
-213 -251 10 2
-213 -251 11 2
-213 -251 12 2
-213 -251 13 2
-213 -251 14 2
-213 -251 15 2
-213 -251 16 2
-213 -251 17 2
-213 -251 18 2
-213 -251 19 2
-213 -251 20 2
-213 -251 21 2
-229 -274 5 1
-229 -274 6 1
-228 -272 3 1
-227 -272 3 2
-227 -271 3 1
-226 -272 3 1
-226 -271 3 1
-232 -271 2 1
-231 -271 2 1
-230 -271 2 1
-230 -270 2 1
-213 -251 33 2
-213 -273 13 0
-248 -255 0 1
-250 -277 2 1
-250 -277 3 1
-213 -278 8 1
-235 -257 29 2
-201 -253 7 2
-209 -252 31 2
-209 -251 31 2
-207 -251 33 2
-208 -283 14 0
-204 -278 15 0
-207 -281 12 0
-232 -267 23 0
-212 -251 25 2
-209 -252 23 2
-250 -274 18 1
-249 -275 17 1
-249 -275 18 1
-249 -274 18 1
-249 -273 17 1
-249 -273 18 1
-248 -275 17 1
-248 -275 18 1
-248 -274 17 1
-248 -274 18 1
-248 -273 16 1
-248 -273 17 2
-246 -272 16 0
-244 -273 17 0
-247 -268 16 0
-247 -275 16 1
-247 -276 16 1
-247 -271 15 1
-246 -271 15 1
-245 -270 16 0
-244 -282 8 1
-228 -269 7 1
-229 -270 7 1
-248 -290 6 1
-203 -272 11 0
-243 -285 5 2
-234 -300 12 1
-234 -300 13 1
-234 -300 14 1
-229 -264 5 0
-229 -263 5 1
-243 -284 4 1
-243 -284 5 1
-243 -284 6 1
-242 -286 4 1
-224 -271 3 1
-224 -270 3 1
-210 -290 14 0
-224 -260 8 1
-224 -260 9 1
-224 -259 7 2
-224 -259 8 1
-206 -294 8 1
-206 -294 10 2
-206 -293 8 1
-206 -293 9 2
-206 -293 10 2
-205 -294 11 1
-232 -274 11 1
-229 -277 13 0
-229 -278 11 0
-232 -277 13 0
-232 -277 12 0
-233 -277 11 0
-231 -276 12 0
-230 -276 10 1
-201 -251 24 2
-201 -251 26 2
-201 -251 27 2
-201 -251 28 2
-232 -300 27 0
-201 -251 29 2
-201 -251 30 2
-230 -297 25 0
-201 -251 31 2
-201 -251 32 2
-230 -296 26 0
-201 -251 33 2
-201 -251 34 2
-231 -276 18 0
-236 -259 20 2
-236 -259 21 2
-236 -259 22 2
-236 -259 23 2
-236 -259 24 2
-236 -258 16 2
-236 -258 17 2
-236 -258 18 2
-236 -258 24 2
-236 -257 16 2
-239 -297 21 0
-240 -290 21 0
-236 -290 21 0
-236 -299 20 0
-222 -255 11 1
-241 -298 19 0
-241 -294 19 0
-242 -297 17 0
-228 -264 5 0
-231 -269 7 1
-213 -295 15 0
-218 -299 16 0
-217 -298 15 0
-216 -298 14 0
-216 -293 16 0
-216 -294 16 0
-205 -260 9 0
-205 -261 10 0
-238 -268 22 0
-215 -296 15 0
-215 -300 16 0
-215 -300 15 0
-217 -297 17 0
-217 -297 16 0
-215 -297 14 0
-212 -300 17 0
-212 -299 17 0
-213 -299 16 0
-214 -295 18 0
-214 -295 17 0
-214 -296 15 0
-216 -299 18 0
-215 -298 17 0
-215 -298 16 0
-238 -294 21 0
-240 -295 23 0
-231 -258 25 0
-233 -256 24 0
-234 -297 24 0
-236 -293 14 1
-211 -270 10 0
-234 -259 34 0
-233 -255 34 0
-227 -296 15 1
-223 -298 23 0
-234 -278 16 1
-204 -295 13 0
-205 -295 12 1
-239 -290 8 1
-204 -251 7 2
-239 -289 7 1
-243 -290 14 0
-239 -289 9 1
-240 -289 14 0
-239 -289 14 0
-203 -258 36 0
-221 -264 6 0
-222 -264 6 0
-218 -267 5 2
-206 -251 12 2
-206 -255 37 2
-203 -260 36 0
-240 -269 14 0
-240 -266 13 1
-207 -256 41 0
-232 -297 13 0
-234 -262 33 1
-238 -262 31 0
-238 -261 32 0
-239 -260 33 0
-240 -265 32 0
-236 -261 31 2
-237 -262 32 1
-237 -261 31 1
-201 -268 10 0
-237 -261 32 1
-237 -260 31 1
-237 -260 32 1
-236 -262 30 1
-236 -262 32 1
-201 -264 9 0
-224 -288 10 1
-227 -260 5 1
-233 -279 20 0
-233 -280 23 0
-235 -281 21 1
-235 -281 22 2
-232 -281 22 0
-235 -277 21 1
-234 -278 22 0
-233 -282 22 1
-233 -282 21 1
-233 -283 22 1
-233 -283 21 1
-233 -284 23 1
-233 -284 22 1
-233 -284 21 1
-234 -282 21 1
-234 -283 21 1
-234 -284 22 1
-234 -284 21 1
-223 -253 10 2
-224 -253 11 1
-224 -253 10 2
-224 -253 12 1
-223 -251 11 2
-223 -251 10 2
-225 -251 11 2
-225 -251 10 1
-225 -252 11 1
-225 -252 10 1
-225 -253 12 1
-225 -253 11 1
-225 -253 10 1
-226 -251 10 1
-226 -251 12 1
-238 -264 18 2
-234 -264 17 0
-234 -273 17 0
-237 -263 16 2
-241 -268 15 0
-207 -254 41 0
-211 -263 41 0
-238 -264 19 2
-234 -264 18 0
-232 -267 17 0
-231 -267 17 0
-236 -264 16 2
-240 -268 16 0
-241 -268 16 0
-239 -264 15 1
-239 -264 16 1
-238 -266 16 1
-240 -267 13 0
-245 -270 18 0
-246 -273 16 0
-245 -273 17 0
-247 -274 16 1
-245 -271 15 1
-244 -271 16 0
-243 -271 16 0
-208 -259 33 2
-228 -259 2 1
-228 -259 1 1
-229 -257 3 1
-229 -257 2 1
-229 -257 1 1
-229 -258 1 1
-229 -259 1 1
-228 -258 2 2
-238 -283 21 1
-205 -259 43 0
-208 -260 43 0
-206 -258 40 2
-206 -257 41 0
-205 -261 41 0
-204 -261 42 0
-209 -258 42 0
-240 -276 11 1
-234 -257 25 0
-233 -258 25 0
-242 -295 10 1
-243 -294 10 1
-243 -295 10 1
-237 -293 11 1
-237 -293 10 2
-237 -293 9 1
-237 -294 11 1
-237 -294 10 2
-237 -294 9 1
-237 -295 11 1
-237 -295 10 1
-237 -295 9 1
-236 -292 26 0
-248 -281 14 0
-207 -261 36 0
-247 -277 14 0
-246 -277 15 0
-250 -282 14 0
-226 -268 1 1
-248 -280 12 0
-250 -289 2 1
-249 -289 2 1
-225 -261 9 0
-224 -262 9 0
-223 -262 9 0
-223 -260 10 1
-222 -265 10 0
-241 -289 12 0
-239 -290 14 0
-246 -289 13 0
-247 -290 14 0
-242 -286 12 0
-241 -285 13 0
-241 -284 13 1
-242 -290 12 0
-242 -291 12 0
-242 -292 13 0
-242 -293 13 0
-201 -263 34 0
-239 -287 12 0
-232 -299 24 0
-223 -286 13 1
-208 -258 5 2
-213 -288 14 0
-207 -273 15 0
-207 -292 18 0
-208 -292 19 0
-215 -298 15 0
-221 -295 21 0
-202 -258 16 0
-201 -259 19 0
-201 -259 18 0
-202 -258 10 0
-204 -256 10 0
-203 -258 12 0
-202 -258 13 0
-205 -256 13 0
-201 -258 14 0
-203 -254 14 0
-203 -255 14 0
-227 -251 6 1
-226 -253 7 1
-227 -252 6 1
-215 -255 3 1
-218 -251 2 1
-218 -252 3 1
-218 -252 2 1
-219 -251 2 1
-220 -252 3 1
-220 -252 2 1
-216 -251 5 1
-216 -251 4 1
-248 -259 8 0
-250 -259 10 0
-250 -258 9 0
-247 -259 0 1
-246 -261 1 1
-247 -260 0 1
-244 -270 14 1
-244 -269 14 1
-244 -268 13 2
-244 -268 14 1
-243 -270 12 1
-243 -270 13 1
-243 -270 14 1
-243 -269 13 1
-243 -269 14 1
-243 -268 14 1
-244 -265 12 1
-243 -272 12 0
-240 -265 16 1
-242 -267 14 1
-241 -271 15 0
-241 -266 13 1
-245 -265 13 1
-242 -270 12 0
-243 -271 12 0
-243 -270 10 1
-244 -270 10 1
-226 -280 16 0
-213 -288 11 1
-241 -269 9 2
-239 -274 8 1
-240 -276 8 1
-239 -273 7 1
-239 -272 7 2
-239 -271 7 2
-235 -265 14 1
-238 -268 14 0
-239 -268 14 0
-236 -253 12 1
-236 -254 15 0
-239 -255 12 2
-238 -254 13 2
-238 -254 14 2
-237 -254 15 0
-235 -255 13 1
-232 -280 12 0
-232 -279 12 0
-203 -298 9 2
-207 -291 12 0
-206 -291 12 0
-250 -256 5 0
-231 -277 14 0
-227 -275 12 0
-228 -275 12 0
-229 -276 13 0
-201 -259 32 0
-201 -259 33 0
-203 -256 33 0
-216 -270 8 1
-205 -257 32 2
-217 -270 7 1
-217 -270 6 2
-213 -269 10 1
-215 -270 9 1
-217 -268 9 1
-211 -271 9 1
-203 -258 4 1
-203 -258 3 1
-203 -258 2 1
-203 -259 4 1
-210 -287 17 0
-203 -259 2 1
-202 -254 4 1
-202 -254 3 2
-217 -261 3 1
-217 -261 4 1
-213 -264 5 0
-212 -267 3 2
-212 -267 2 1
-217 -265 4 1
-227 -260 21 0
-227 -261 24 0
-230 -262 21 0
-229 -262 22 0
-229 -261 23 0
-226 -262 22 0
-227 -262 24 0
-229 -258 22 0
-228 -259 23 0
-229 -264 22 0
-228 -263 24 0
-228 -262 24 0
-224 -259 23 0
-225 -260 23 0
-226 -260 24 0
-231 -260 23 0
-225 -265 23 0
-226 -263 24 0
-227 -257 23 0
-227 -258 24 0
-227 -260 25 0
-231 -264 24 0
-229 -262 25 0
-223 -262 24 0
-224 -262 24 0
-226 -261 25 0
-227 -261 25 0
-228 -265 25 0
-248 -265 9 1
-240 -265 33 0
-216 -276 3 2
-216 -277 3 2
-215 -276 4 2
-218 -278 4 1
-217 -274 5 1
-217 -275 6 1
-216 -276 7 0
-217 -280 5 1
-217 -280 6 1
-212 -252 11 2
-211 -255 16 2
-210 -255 16 2
-212 -254 14 2
-209 -260 10 0
-223 -284 13 1
-246 -272 10 2
-247 -270 10 1
-227 -289 9 1
-227 -288 9 1
-226 -289 9 1
-226 -288 9 1
-225 -289 9 1
-225 -288 9 1
-224 -284 13 1
-233 -261 13 2
-234 -261 13 2
-231 -259 15 1
-222 -251 14 1
-222 -251 13 1
-222 -252 15 1
-222 -252 14 2
-222 -252 13 2
-222 -253 15 1
-208 -262 11 0
-208 -261 10 0
-207 -261 9 0
-237 -254 26 0
-212 -268 2 1
-213 -267 3 1
-213 -267 2 1
-213 -268 3 1
-213 -268 2 1
-213 -257 4 1
-213 -257 3 1
-214 -257 3 1
-215 -257 3 1
-215 -258 3 1
-242 -293 18 0
-235 -294 19 1
-241 -289 19 0
-240 -291 18 0
-236 -290 20 0
-232 -273 7 1
-215 -283 4 1
-224 -277 10 1
-224 -277 9 2
-224 -277 8 1
-204 -277 10 0
-203 -276 11 0
-205 -278 14 0
-205 -279 15 0
-206 -278 14 0
-206 -251 9 2
-204 -277 13 0
-203 -277 13 0
-205 -277 13 0
-204 -276 12 0
-226 -265 4 1
-226 -265 3 1
-226 -251 17 1
-226 -252 18 1
-226 -252 17 1
-226 -253 18 1
-226 -253 17 1
-227 -253 18 1
-227 -253 17 1
-213 -260 17 0
-213 -260 16 0
-213 -261 16 0
-213 -262 15 0
-215 -264 18 0
-215 -264 17 0
-215 -263 16 0
-212 -263 18 0
-213 -263 17 0
-213 -263 16 0
-213 -263 15 0
-211 -263 12 0
-210 -266 13 0
-211 -265 13 0
-212 -264 13 0
-213 -264 13 0
-217 -267 13 0
-209 -261 14 0
-210 -262 13 0
-212 -258 14 1
-218 -264 15 0
-218 -264 14 0
-211 -264 15 0
-215 -266 16 0
-215 -266 15 0
-212 -261 15 0
-213 -262 14 0
-218 -262 16 0
-217 -265 13 0
-213 -259 13 1
-220 -260 13 0
-214 -254 5 1
-214 -263 12 0
-212 -257 4 1
-214 -258 7 1
-203 -259 18 0
-201 -255 18 0
-237 -280 26 1
-243 -286 27 0
-204 -257 17 0
-240 -288 28 0
-234 -270 8 1
-234 -270 7 2
-234 -271 9 1
-234 -271 8 1
-234 -271 7 1
-234 -272 9 1
-234 -272 8 1
-234 -272 7 1
-235 -266 9 1
-230 -272 9 2
-230 -266 9 0
-235 -270 10 0
-233 -269 8 1
-233 -265 10 1
-232 -266 9 1
-232 -267 9 0
-232 -272 11 1
-232 -272 10 1
-232 -271 9 1
-228 -266 11 0
-229 -267 10 0
-234 -268 10 0
-232 -268 8 0
-229 -271 11 1
-202 -281 17 0
-207 -278 16 0
-207 -278 17 0
-205 -277 14 0
-220 -279 9 0
-221 -282 8 0
-220 -284 6 1
-220 -285 6 1
-221 -283 6 1
-221 -284 6 1
-221 -285 6 1
-222 -284 6 1
-201 -255 38 0
-214 -293 16 0
-206 -269 4 2
-207 -268 4 1
-207 -269 6 1
-237 -285 14 1
-236 -285 14 1
-241 -283 13 1
-241 -282 13 1
-239 -287 13 0
-201 -272 17 0
-202 -271 14 0
-201 -275 18 0
-202 -273 17 0
-201 -270 16 0
-228 -274 18 0
-228 -275 17 0
-237 -298 19 0
-237 -295 19 1
-239 -290 19 0
-239 -290 18 0
-236 -284 13 0
-237 -285 13 1
-239 -281 14 0
-240 -282 14 0
-245 -287 14 0
-243 -286 13 0
-237 -287 15 0
-243 -282 15 0
-238 -283 15 1
-239 -284 15 1
-239 -284 14 1
-245 -285 16 0
-239 -288 16 0
-241 -283 16 1
-243 -287 17 0
-242 -287 16 0
-218 -298 12 1
-218 -298 11 2
-220 -294 14 0
-218 -296 14 0
-203 -300 10 1
-204 -300 11 1
-204 -300 10 1
-203 -300 11 2
-202 -299 15 1
-209 -300 15 0
-209 -282 9 1
-209 -282 10 1
-237 -269 18 0
-237 -251 12 0
-237 -252 13 0
-211 -252 20 2
-211 -252 19 2
-211 -252 18 2
-211 -252 17 2
-211 -252 16 2
-211 -252 15 2
-211 -252 14 2
-211 -252 13 2
-211 -252 12 2
-211 -252 9 2
-211 -253 38 2
-211 -253 37 2
-211 -253 36 2
-211 -253 35 2
-212 -276 8 0
-211 -275 9 0
-217 -253 42 0
-218 -257 43 0
-250 -263 1 1
-250 -265 3 1
-249 -272 4 1
-250 -271 4 2
-250 -264 3 1
-249 -266 1 1
-249 -266 2 2
-248 -268 4 1
-248 -262 5 0
-250 -266 3 1
-248 -268 3 1
-247 -268 3 1
-247 -268 4 1
-247 -268 5 1
-246 -268 3 1
-246 -268 4 1
-246 -268 5 1
-249 -266 3 2
-250 -270 3 2
-249 -265 2 2
-249 -265 1 1
-248 -264 1 1
-248 -269 10 2
-248 -270 10 1
-248 -270 9 1
-248 -270 8 1
-223 -264 16 0
-233 -283 25 1
-239 -282 22 1
-239 -283 22 1
-222 -256 0 1
-218 -258 3 1
-221 -255 5 1
-221 -255 4 2
-221 -255 3 1
-221 -256 3 1
-221 -257 3 2
-222 -255 5 1
-222 -255 4 1
-222 -255 3 1
-223 -255 5 1
-223 -255 4 1
-223 -255 3 1
-219 -259 3 1
-225 -256 1 1
-226 -256 2 1
-226 -256 1 1
-227 -256 3 1
-227 -256 2 1
-220 -251 19 1
-224 -253 20 0
-224 -252 19 1
-221 -252 21 0
-222 -251 20 0
-212 -293 11 1
-209 -292 13 0
-203 -277 6 1
-204 -275 8 1
-202 -278 15 0
-201 -278 15 0
-204 -276 8 1
-208 -260 1 1
-204 -257 32 0
-202 -264 32 0
-202 -263 32 0
-212 -277 2 1
-212 -272 2 1
-212 -271 2 1
-211 -271 11 0
-240 -256 30 0
-234 -256 31 0
-234 -254 21 0
-231 -266 13 1
-232 -269 14 0
-228 -266 12 0
-226 -264 12 0
-208 -280 11 0
-208 -278 12 0
-207 -279 12 0
-210 -281 13 0
-209 -281 13 0
-206 -276 13 0
-207 -274 11 0
-207 -277 16 0
-208 -275 11 0
-232 -267 15 0
-231 -263 15 0
-230 -267 13 0
-229 -268 15 0
-228 -264 14 0
-231 -267 12 0
-229 -266 12 0
-227 -267 13 0
-234 -267 13 0
-229 -270 12 0
-237 -264 9 2
-228 -267 13 0
-227 -265 12 0
-211 -262 16 0
-207 -265 18 0
-208 -263 16 0
-209 -260 18 0
-209 -260 17 0
-211 -264 19 0
-208 -262 19 0
-208 -262 18 0
-208 -262 17 0
-210 -261 11 0
-211 -262 12 0
-229 -255 18 2
-228 -255 18 1
-227 -255 18 1
-231 -257 18 0
-230 -254 17 1
-211 -266 11 0
-229 -254 13 1
-229 -254 14 1
-229 -254 15 1
-228 -254 13 1
-227 -254 13 1
-224 -261 14 0
-205 -267 8 0
-227 -267 9 0
-226 -267 12 0
-228 -268 9 0
-229 -268 11 0
-227 -265 9 0
-227 -264 11 0
-226 -269 9 1
-226 -269 10 0
-225 -270 11 0
-229 -267 9 0
-232 -283 11 1
-222 -296 18 0
-215 -295 18 0
-219 -299 17 0
-219 -300 17 0
-237 -276 14 0
-230 -273 14 0
-210 -251 29 2
-210 -296 13 0
-209 -296 13 0
-208 -291 13 0
-208 -292 13 0
-209 -299 13 0
-207 -260 33 0
-209 -261 2 2
-209 -261 1 1
-209 -262 3 1
-201 -254 34 2
-206 -291 16 0
-204 -291 17 0
-203 -290 18 0
-207 -291 8 1
-210 -289 8 1
-249 -273 10 2
-249 -273 9 2
-249 -274 11 1
-249 -274 10 2
-249 -274 9 1
-249 -275 11 1
-249 -275 10 1
-249 -275 9 2
-248 -274 10 2
-205 -275 6 2
-205 -275 7 2
-205 -275 8 2
-204 -277 6 1
-204 -277 7 1
-240 -256 28 0
-234 -258 27 2
-231 -258 17 0
-230 -258 17 0
-229 -259 16 0
-225 -265 17 0
-229 -256 19 1
-220 -273 9 0
-237 -264 5 1
-247 -251 6 0
-245 -254 8 1
-236 -261 33 2
-236 -261 34 1
-236 -261 35 0
-238 -262 33 0
-238 -262 34 0
-232 -274 6 1
-232 -274 5 1
-223 -292 19 0
-223 -293 19 0
-223 -294 18 0
-226 -259 12 1
-232 -276 6 1
-232 -276 5 1
-233 -274 7 2
-233 -274 6 1
-233 -274 5 1
-233 -275 7 2
-237 -251 7 0
-237 -252 9 0
-237 -253 10 1
-236 -255 8 1
-234 -274 7 2
-234 -274 6 2
-234 -274 5 2
-239 -263 30 0
-240 -263 30 0
-241 -263 30 0
-242 -263 30 0
-235 -262 29 2
-226 -255 17 1
-225 -257 15 2
-225 -256 15 2
-224 -257 15 1
-226 -259 17 1
-225 -264 16 0
-228 -260 17 0
-229 -260 16 0
-225 -260 17 0
-223 -259 15 1
-227 -262 17 0
-227 -263 16 0
-227 -264 15 0
-224 -262 14 0
-227 -261 16 0
-226 -261 16 0
-226 -260 13 1
-212 -266 7 2
-213 -267 7 2
-213 -267 8 2
-213 -266 8 1
-227 -283 18 0
-228 -256 14 2
-227 -263 13 0
-229 -265 8 0
-230 -261 15 1
-230 -261 16 1
-231 -260 14 2
-232 -261 15 2
-231 -260 15 2
-230 -260 14 2
-230 -260 15 1
-230 -259 15 1
-229 -264 15 0
-226 -259 10 1
-226 -259 11 1
-233 -262 15 2
-226 -260 12 1
-232 -262 15 2
-227 -262 10 0
-234 -261 14 2
-235 -261 14 2
-228 -262 13 0
-209 -252 10 2
-231 -260 5 1
-229 -264 13 0
-228 -261 19 0
-228 -261 18 0
-227 -261 20 0
-203 -289 18 0
-202 -289 15 0
-202 -288 17 0
-202 -287 17 0
-209 -251 1 1
-209 -251 2 1
-207 -251 9 2
-206 -286 16 0
-241 -295 12 0
-233 -293 12 1
-233 -293 11 1
-233 -293 10 1
-233 -294 12 1
-233 -294 11 1
-206 -255 38 2
-207 -258 39 2
-248 -280 13 0
-248 -280 15 0
-247 -280 16 0
-250 -281 15 0
-250 -281 16 0
-248 -277 16 0
-248 -281 13 0
-241 -257 27 0
-235 -257 27 2
-239 -256 27 0
-236 -259 27 2
-237 -257 25 2
-237 -255 30 0
-223 -285 16 0
-222 -285 16 0
-226 -283 15 0
-235 -299 24 0
-231 -295 24 0
-230 -294 24 0
-230 -293 24 0
-201 -260 32 0
-201 -260 31 0
-203 -259 31 0
-204 -260 30 0
-204 -260 29 0
-202 -259 32 0
-201 -258 30 0
-201 -258 29 0
-210 -289 18 0
-203 -259 34 0
-223 -267 2 1
-223 -268 4 1
-205 -274 15 0
-208 -275 16 0
-202 -251 25 2
-238 -255 34 0
-238 -256 33 0
-238 -256 32 0
-239 -259 34 0
-237 -258 35 0
-238 -290 13 0
-239 -294 14 1
-239 -293 13 1
-238 -286 14 1
-239 -288 13 0
-236 -292 15 0
-237 -292 14 0
-241 -294 15 0
-241 -293 14 0
-237 -289 16 0
-238 -289 15 0
-238 -289 14 0
-238 -293 16 1
-239 -293 16 0
-240 -292 14 0
-240 -288 17 0
-240 -288 16 0
-240 -289 15 0
-242 -292 17 0
-242 -292 16 0
-239 -291 17 0
-239 -291 16 0
-240 -291 13 0
-205 -255 34 2
-205 -258 34 0
-204 -262 35 0
-205 -260 36 0
-203 -261 36 0
-206 -258 38 2
-201 -260 38 0
-206 -281 12 0
-204 -266 13 0
-203 -266 13 0
-203 -265 12 0
-201 -264 14 0
-201 -264 13 0
-202 -257 32 0
-204 -259 30 0
-213 -255 14 2
-241 -254 2 1
-236 -290 8 1
-210 -278 5 1
-209 -277 6 2
-216 -271 8 1
-216 -271 7 1
-216 -271 6 2
-217 -271 8 1
-207 -252 10 2
-207 -252 9 2
-207 -252 8 2
-207 -253 10 2
-207 -253 9 2
-207 -253 8 2
-207 -254 10 2
-207 -254 9 2
-207 -254 8 2
-236 -289 9 1
-236 -289 10 1
-230 -267 11 0
-234 -271 10 0
-234 -272 10 0
-230 -254 9 1
-235 -265 10 2
-232 -273 9 1
-235 -268 8 0
-236 -267 8 1
-235 -271 8 1
-236 -273 8 0
-235 -265 8 2
-235 -265 9 2
-238 -267 15 1
-237 -267 15 1
-233 -265 15 1
-234 -267 16 0
-235 -268 16 0
-241 -269 16 0
-240 -269 16 0
-239 -269 16 0
-239 -267 13 1
-237 -265 16 2
-237 -266 16 2
-236 -267 16 0
-238 -271 16 0
-231 -268 17 0
-244 -284 9 1
-245 -283 9 1
-249 -289 8 0
-248 -288 8 0
-243 -287 9 0
-203 -253 37 2
-238 -266 35 0
-247 -279 3 1
-208 -283 12 0
-208 -282 9 2
-207 -282 9 2
-207 -282 10 1
-237 -256 28 2
-206 -282 10 1
-207 -286 16 0
-216 -298 17 0
-202 -290 12 0
-232 -260 6 2
-233 -260 7 1
-233 -260 6 1
-230 -260 9 1
-228 -257 14 2
-228 -257 13 1
-228 -258 14 2
-228 -258 13 1
-228 -259 14 2
-228 -259 13 1
-238 -269 28 1
-238 -269 29 0
-236 -266 27 2
-233 -262 11 2
-228 -259 12 2
-237 -266 26 2
-209 -252 19 2
-229 -276 15 0
-230 -277 15 0
-226 -297 16 0
-221 -299 18 0
-230 -276 15 0
-245 -252 19 0
-246 -254 16 0
-247 -254 17 0
-248 -254 17 0
-248 -254 18 0
-243 -253 17 0
-242 -253 17 0
-242 -253 18 0
-246 -253 16 0
-246 -252 16 0
-247 -252 17 0
-247 -251 17 0
-248 -256 16 0
-249 -256 17 0
-244 -252 16 0
-243 -251 16 0
-229 -275 20 0
-247 -253 15 0
-249 -252 16 0
-245 -253 15 0
-230 -273 18 0
-248 -255 14 0
-249 -255 14 0
-250 -255 14 0
-244 -253 14 0
-243 -253 14 0
-242 -252 14 0
-241 -251 14 0
-246 -254 14 0
-247 -252 14 0
-248 -251 13 0
-240 -255 13 2
-247 -256 13 0
-249 -257 13 0
-245 -253 14 0
-244 -252 13 0
-244 -251 13 0
-232 -268 2 2
-247 -254 13 0
-249 -253 12 0
-225 -258 19 1
-226 -262 19 0
-225 -264 18 0
-224 -265 18 0
-228 -260 19 0
-223 -259 17 0
-227 -263 18 0
-227 -259 17 1
-225 -262 17 0
-224 -262 16 0
-211 -275 7 0
-212 -275 7 0
-215 -275 6 1
-210 -279 6 2
-210 -279 5 1
-211 -270 7 1
-211 -270 6 2
-211 -270 5 2
-205 -260 17 0
-209 -265 16 0
-209 -266 17 0
-226 -297 15 0
-205 -264 18 0
-210 -261 18 0
-205 -260 15 0
-205 -260 16 0
-204 -259 17 0
-208 -259 16 0
-250 -270 19 0
-250 -270 20 0
-203 -262 16 0
-206 -260 15 0
-205 -258 16 0
-249 -268 17 0
-248 -268 18 0
-205 -261 14 0
-203 -260 15 0
-247 -271 17 0
-207 -259 14 0
-247 -269 16 0
-248 -272 15 2
-207 -256 14 0
-205 -263 14 0
-204 -263 14 0
-205 -260 14 0
-203 -258 13 0
-243 -251 9 1
-207 -265 13 0
-207 -266 13 0
-247 -253 12 0
-243 -254 12 2
-243 -251 10 1
-238 -271 20 0
-236 -268 18 0
-236 -266 19 0
-235 -271 18 0
-237 -269 17 0
-239 -269 19 0
-233 -268 18 0
-233 -267 19 0
-238 -265 18 2
-245 -251 10 0
-232 -271 18 0
-239 -270 16 0
-239 -271 17 0
-215 -269 11 0
-204 -260 39 0
-203 -259 33 0
-201 -260 34 0
-206 -261 33 0
-204 -260 34 0
-214 -270 12 0
-219 -295 16 0
-219 -294 17 0
-214 -298 17 0
-222 -280 3 2
-220 -280 4 2
-213 -278 15 0
-211 -279 10 0
-218 -275 14 0
-212 -274 13 0
-213 -277 14 0
-212 -253 21 2
-247 -255 14 0
-244 -264 14 1
-244 -262 15 0
-241 -256 15 2
-242 -257 15 2
-226 -274 13 0
-228 -273 13 0
-227 -270 14 0
-228 -271 13 0
-229 -271 12 0
-214 -251 13 2
-202 -251 28 2
-202 -251 27 2
-202 -251 26 2
-202 -251 24 2
-202 -251 22 2
-229 -254 31 0
-230 -262 30 0
-230 -263 31 0
-228 -258 30 0
-228 -262 29 0
-229 -256 29 0
-230 -254 27 0
-229 -262 27 0
-229 -258 27 0
-232 -261 26 2
-233 -262 26 2
-232 -256 26 0
-230 -260 26 1
-229 -260 25 0
-233 -259 25 2
-211 -256 39 2
-209 -261 43 0
-209 -262 45 0
-207 -259 43 0
-207 -258 44 0
-211 -260 44 0
-210 -256 43 0
-205 -291 14 0
-237 -273 29 0
-239 -265 29 0
-232 -269 28 0
-239 -270 29 0
-240 -270 28 0
-240 -271 28 0
-204 -256 3 2
-205 -257 2 1
-205 -257 3 2
-205 -257 4 2
-205 -256 2 1
-205 -256 3 2
-205 -256 4 2
-205 -255 2 1
-205 -255 3 1
-205 -255 4 2
-204 -257 2 2
-204 -257 3 2
-204 -257 4 1
-204 -256 2 2
-204 -256 4 2
-204 -255 2 2
-204 -255 3 2
-204 -255 4 2
-203 -257 2 1
-203 -257 3 2
-203 -257 4 1
-203 -256 2 2
-203 -256 3 2
-217 -281 8 1
-217 -278 8 0
-236 -272 11 0
-236 -272 12 0
-236 -272 13 0
-240 -292 18 0
-241 -292 19 0
-242 -292 20 0
-236 -291 19 0
-216 -276 4 1
-216 -276 5 1
-216 -275 3 1
-216 -275 4 1
-216 -275 5 1
-215 -277 3 2
-215 -277 4 1
-215 -277 5 1
-215 -276 3 2
-215 -276 5 1
-215 -275 3 2
-215 -275 4 1
-215 -275 5 1
-214 -277 3 2
-214 -277 4 2
-214 -277 5 1
-214 -276 3 2
-246 -254 18 0
-247 -251 16 0
-246 -252 19 0
-247 -252 18 0
-247 -252 12 0
-249 -253 10 0
-228 -263 32 0
-230 -298 11 1
-230 -298 12 1
-222 -271 4 1
-222 -270 2 1
-222 -270 3 1
-244 -251 11 1
-244 -251 12 0
-245 -252 13 0
-249 -252 13 0
-247 -251 14 0
-250 -255 13 0
-249 -254 13 0
-245 -251 14 0
-246 -251 14 0
-250 -257 15 0
-249 -256 15 0
-249 -255 15 0
-250 -254 16 0
-249 -253 15 0
-248 -256 17 0
-244 -251 18 0
-244 -251 17 0
-250 -252 18 0
-250 -252 17 0
-249 -252 17 0
-213 -251 22 2
-233 -295 19 0
-234 -295 19 0
-238 -297 19 0
-213 -259 1 1
-214 -257 2 1
-214 -257 1 1
-222 -252 44 0
-223 -252 45 0
-220 -252 43 0
-221 -254 43 0
-219 -255 42 0
-248 -255 3 1
-216 -269 6 1
-216 -269 8 1
-222 -278 7 1
-232 -266 2 2
-225 -251 42 0
-225 -252 38 0
-219 -253 38 0
-222 -252 40 0
-223 -251 39 0
-211 -258 28 2
-211 -258 29 2
-242 -268 13 1
-240 -266 10 0
-241 -270 11 0
-241 -271 11 0
-244 -268 10 2
-238 -262 9 1
-238 -262 10 1
-237 -262 9 1
-237 -262 10 1
-227 -260 19 0
-234 -296 25 0
-234 -296 26 0
-202 -262 36 0
-235 -270 7 1
-230 -264 5 0
-211 -254 46 0
-210 -259 45 0
-212 -257 43 0
-212 -257 44 0
-215 -256 46 0
-209 -256 44 0
-244 -262 5 0
-244 -263 5 0
-246 -261 7 0
-249 -263 10 0
-246 -260 7 0
-244 -266 3 1
-244 -265 3 1
-250 -262 11 0
-249 -261 10 0
-248 -260 9 0
-224 -264 8 0
-218 -293 11 1
-218 -293 10 1
-218 -293 9 1
-218 -294 11 2
-224 -299 13 0
-219 -295 13 1
-226 -295 14 1
-227 -297 14 1
-227 -299 13 1
-226 -299 14 0
-220 -280 2 1
-220 -281 2 1
-221 -279 2 1
-222 -279 2 1
-222 -280 2 1
-222 -281 2 1
-225 -268 7 1
-230 -266 10 0
-224 -265 9 0
-223 -265 10 0
-227 -268 8 0
-227 -269 8 1
-227 -270 9 1
-227 -271 10 1
-227 -266 7 0
-246 -286 22 0
-240 -281 21 0
-239 -280 22 0
-241 -287 21 0
-240 -288 21 0
-240 -289 21 0
-243 -283 20 0
-204 -278 11 0
-207 -284 17 0
-204 -284 17 0
-205 -285 18 0
-214 -253 47 0
-214 -253 48 0
-215 -254 44 0
-217 -255 47 0
-233 -255 6 1
-233 -254 6 1
-234 -277 10 1
-229 -277 10 1
-230 -280 12 0
-232 -281 13 0
-227 -275 15 0
-230 -278 11 0
-213 -253 24 2
-202 -254 40 0
-202 -254 39 2
-201 -254 37 2
-211 -285 16 0
-217 -292 11 1
-215 -293 17 0
-216 -292 16 0
-243 -258 3 1
-232 -267 27 0
-249 -281 1 1
-249 -283 4 1
-249 -283 3 2
-249 -283 2 1
-249 -284 4 1
-234 -277 12 0
-230 -273 12 0
-231 -274 12 0
-236 -273 11 0
-230 -278 12 0
-231 -277 12 0
-246 -284 10 0
-218 -271 6 1
-218 -271 7 1
-218 -271 8 1
-250 -281 2 2
-217 -273 7 2
-217 -273 8 1
-217 -272 6 2
-217 -272 8 1
-217 -271 6 2
-217 -271 7 1
-211 -278 12 0
-213 -273 12 0
-213 -273 11 0
-213 -274 11 0
-213 -274 10 0
-212 -276 13 0
-212 -276 12 0
-212 -276 11 0
-249 -264 9 0
-250 -265 6 0
-249 -268 8 2
-249 -268 9 2
-249 -267 9 1
-249 -266 7 1
-208 -300 12 1
-208 -299 12 1
-208 -298 13 0
-236 -259 32 1
-236 -259 33 2
-238 -254 34 0
-238 -255 32 0
-238 -256 31 0
-240 -258 34 0
-236 -266 3 1
-236 -266 2 1
-236 -267 3 1
-217 -275 4 2
-236 -267 2 1
-218 -273 4 2
-218 -273 3 2
-218 -274 4 1
-238 -255 29 0
-218 -275 4 1
-245 -290 6 1
-230 -270 3 1
-230 -269 3 1
-220 -261 11 0
-216 -255 9 1
-216 -255 10 1
-248 -255 5 0
-216 -253 9 2
-215 -255 9 1
-215 -254 9 2
-250 -257 5 0
-250 -258 5 0
-240 -260 32 0
-226 -300 22 0
-226 -298 22 0
-219 -257 11 1
-219 -257 10 1
-220 -257 10 1
-214 -257 8 1
-223 -300 22 0
-222 -299 21 0
-214 -256 8 2
-248 -254 16 0
-244 -253 15 0
-244 -252 15 0
-244 -251 15 0
-248 -256 14 0
-241 -253 14 2
-206 -273 13 0
-206 -272 12 0
-243 -254 14 0
-243 -254 13 0
-243 -253 13 0
-241 -255 12 2
-244 -254 12 0
-244 -253 11 1
-201 -255 23 2
-201 -255 22 2
-201 -255 21 2
-248 -280 8 1
-248 -280 7 1
-209 -282 17 0
-207 -280 15 0
-208 -279 15 0
-209 -284 15 0
-210 -284 15 0
-208 -281 13 0
-208 -281 14 0
-210 -280 14 0
-205 -278 11 0
-209 -281 11 0
-210 -281 10 0
-206 -281 11 0
-207 -280 10 0
-209 -282 8 2
-214 -284 10 1
-215 -284 10 1
-213 -283 11 1
-242 -268 15 0
-242 -268 16 0
-242 -269 17 0
-241 -267 13 1
-243 -267 15 0
-244 -267 16 0
-242 -271 15 0
-242 -265 14 2
-243 -264 15 1
-243 -266 13 2
-244 -267 13 1
-244 -266 13 2
-244 -266 14 1
-244 -265 13 1
-244 -265 14 1
-243 -266 14 1
-243 -265 13 2
-243 -265 14 2
-242 -266 13 1
-242 -266 14 1
-242 -269 12 1
-243 -271 13 1
-245 -267 12 1
-246 -267 12 0
-242 -270 8 1
-243 -263 9 1
-241 -265 15 1
-241 -265 16 1
-241 -264 17 0
-244 -266 16 0
-242 -270 15 0
-245 -269 15 0
-244 -271 13 1
-241 -271 12 0
-244 -265 11 2
-243 -264 13 1
-245 -270 10 1
-241 -267 14 0
-241 -267 15 0
-243 -268 17 0
-245 -266 16 0
-242 -271 16 0
-241 -272 12 0
-244 -265 10 2
-241 -267 16 0
-242 -267 15 0
-243 -268 16 0
-241 -264 16 1
-244 -266 15 1
-240 -264 15 1
-240 -264 16 1
-242 -268 14 1
-243 -270 16 0
-243 -266 15 1
-243 -265 15 1
-243 -264 14 1
-242 -266 15 1
-242 -265 15 2
-241 -266 15 1
-241 -264 14 1
-241 -264 15 1
-246 -268 15 0
-245 -263 11 1
-242 -279 11 0
-242 -273 9 0
-243 -272 10 1
-237 -277 10 1
-242 -276 8 0
-242 -276 9 0
-244 -277 9 1
-229 -258 11 2
-229 -258 12 2
-248 -266 7 1
-247 -268 7 1
-247 -267 7 1
-247 -266 7 1
-250 -261 7 0
-248 -266 5 1
-247 -265 6 1
-216 -283 13 1
-237 -292 26 0
-235 -297 25 0
-235 -297 26 0
-239 -294 24 0
-240 -294 25 0
-235 -294 24 0
-234 -293 24 0
-234 -293 25 0
-237 -297 23 0
-238 -299 25 0
-234 -296 24 0
-239 -296 23 0
-240 -296 23 0
-241 -297 24 0
-236 -292 23 0
-235 -291 23 0
-236 -297 22 0
-236 -298 23 0
-235 -299 23 0
-240 -293 23 0
-241 -292 23 0
-233 -294 22 0
-232 -294 22 0
-237 -291 22 0
-238 -290 22 0
-235 -297 22 0
-234 -297 22 0
-233 -298 22 0
-233 -291 21 0
-237 -300 21 0
-237 -290 13 0
-247 -267 3 1
-250 -270 6 2
-247 -267 5 1
-247 -266 3 1
-249 -266 8 1
-248 -266 9 1
-247 -265 4 2
-249 -264 7 0
-248 -264 7 0
-246 -267 4 2
-246 -267 5 1
-246 -266 3 1
-250 -274 2 1
-250 -275 2 1
-238 -263 33 0
-238 -263 34 0
-239 -264 35 0
-237 -260 33 1
-239 -262 32 0
-240 -262 33 0
-240 -262 34 0
-238 -261 31 0
-239 -259 32 0
-240 -264 32 0
-241 -264 32 0
-228 -299 25 0
-228 -299 24 0
-229 -298 24 0
-232 -295 23 0
-233 -295 23 0
-234 -300 24 0
-234 -299 23 0
-234 -298 23 0
-229 -296 25 0
-230 -296 24 0
-230 -297 24 0
-230 -300 26 0
-230 -299 26 0
-231 -299 25 0
-231 -298 24 0
-231 -295 27 0
-232 -295 26 0
-232 -296 25 0
-233 -299 27 0
-230 -297 27 0
-238 -287 14 0
-238 -288 14 0
-209 -289 17 0
-204 -264 33 0
-204 -263 33 0
-203 -262 33 0
-215 -258 4 2
-215 -258 6 1
-236 -257 1 1
-236 -256 1 2
-212 -285 12 1
-236 -252 3 1
-235 -256 0 1
-235 -255 0 1
-234 -284 24 1
-234 -284 25 1
-234 -284 26 1
-216 -275 11 0
-217 -275 11 0
-217 -277 10 0
-206 -256 3 1
-227 -265 14 0
-231 -258 11 1
-230 -258 10 2
-230 -258 11 1
-220 -252 12 1
-231 -257 15 1
-230 -255 15 1
-229 -256 15 1
-229 -255 15 2
-222 -260 14 0
-225 -263 13 0
-225 -261 12 0
-225 -261 11 0
-238 -281 23 1
-238 -281 24 1
-237 -281 24 1
-216 -258 1 1
-218 -255 0 1
-218 -256 0 1
-218 -257 0 1
-216 -257 3 2
-239 -285 27 1
-241 -286 28 0
-241 -286 29 0
-241 -284 27 1
-241 -283 27 1
-239 -282 27 1
-238 -287 27 0
-238 -287 28 0
-221 -262 4 0
-226 -268 4 2
-224 -267 5 1
-224 -266 5 1
-225 -262 5 0
-224 -263 5 0
-222 -270 5 0
-224 -278 9 2
-203 -280 12 0
-247 -273 7 2
-247 -272 5 2
-247 -272 6 2
-247 -272 7 2
-247 -271 5 2
-247 -271 6 1
-238 -271 5 1
-206 -256 2 1
-206 -257 4 2
-206 -257 3 1
-206 -257 2 2
-206 -258 4 2
-206 -258 3 1
-206 -260 41 0
-206 -257 43 0
-206 -258 41 0
-208 -260 44 0
-206 -259 42 0
-231 -261 1 1
-230 -263 0 1
-230 -262 0 1
-230 -261 0 1
-208 -259 35 2
-231 -288 21 0
-233 -289 20 0
-249 -251 2 1
-206 -259 5 1
-236 -288 15 0
-240 -287 16 0
-240 -294 16 0
-245 -256 10 1
-245 -256 11 1
-247 -257 10 0
-244 -258 9 1
-244 -256 9 2
-243 -256 9 2
-247 -259 8 0
-247 -260 9 0
-244 -258 7 1
-244 -258 8 1
-209 -270 5 1
-208 -273 6 1
-208 -272 6 1
-207 -273 6 1
-239 -258 31 0
-236 -256 32 0
-239 -255 31 0
-240 -255 32 0
-234 -259 32 1
-242 -259 32 0
-236 -254 31 0
-236 -253 32 0
-239 -257 30 0
-242 -255 31 0
-239 -254 30 0
-239 -253 30 0
-237 -256 30 0
-236 -255 29 0
-235 -254 29 0
-239 -256 29 0
-221 -290 19 0
-220 -290 19 0
-219 -290 19 0
-220 -294 18 0
-226 -291 18 0
-227 -291 18 0
-228 -291 18 0
-222 -289 18 0
-203 -255 10 0
-204 -254 8 1
-204 -253 9 2
-202 -255 5 1
-206 -254 1 1
-206 -254 2 1
-206 -254 3 1
-206 -253 1 1
-206 -253 2 2
-206 -253 3 1
-212 -275 13 0
-212 -275 14 0
-213 -272 14 0
-211 -277 14 0
-211 -274 12 0
-210 -273 13 0
-201 -257 40 0
-203 -261 40 0
-204 -253 39 2
-232 -264 12 2
-232 -264 11 2
-232 -265 13 1
-232 -265 12 2
-232 -265 11 2
-233 -263 13 1
-233 -264 13 1
-233 -264 11 2
-233 -265 12 2
-233 -265 11 1
-234 -263 13 2
-234 -263 12 2
-234 -263 11 2
-236 -252 0 1
-236 -252 1 2
-238 -284 13 1
-237 -282 12 0
-238 -286 12 1
-230 -269 2 1
-228 -264 3 1
-213 -267 16 0
-213 -261 15 0
-213 -260 15 0
-214 -259 16 0
-210 -263 14 0
-208 -264 16 0
-216 -264 16 0
-211 -261 14 0
-211 -260 15 0
-210 -259 15 0
-210 -258 15 2
-211 -265 14 0
-211 -266 15 0
-216 -260 15 0
-235 -273 14 0
-218 -259 1 2
-206 -256 23 2
-206 -256 22 2
-206 -256 21 2
-206 -256 20 2
-206 -257 33 2
-206 -257 30 2
-206 -257 29 2
-206 -257 28 2
-206 -257 27 2
-206 -257 26 2
-207 -251 38 2
-207 -252 39 2
-207 -252 38 2
-207 -252 37 2
-207 -252 36 2
-207 -252 35 2
-207 -252 34 2
-207 -252 33 2
-207 -252 32 2
-207 -252 31 2
-207 -252 30 2
-207 -252 29 2
-207 -252 28 2
-207 -252 27 2
-207 -252 26 2
-207 -252 25 2
-207 -252 24 2
-207 -252 23 2
-207 -252 22 2
-207 -252 21 2
-207 -252 20 2
-207 -252 19 2
-207 -252 18 2
-207 -252 17 2
-215 -261 2 2
-215 -260 2 1
-215 -260 3 1
-215 -260 4 1
-229 -252 13 2
-228 -251 14 2
-232 -269 4 2
-232 -269 3 2
-232 -270 5 1
-232 -270 4 1
-232 -270 3 1
-227 -258 15 1
-227 -258 14 2
-227 -258 13 1
-227 -259 15 1
-224 -298 13 0
-224 -299 11 1
-224 -299 10 1
-233 -254 9 1
-205 -270 12 0
-250 -257 10 0
-242 -261 7 0
-241 -258 11 2
-240 -260 9 2
-240 -260 10 1
-240 -260 11 2
-240 -259 11 2
-240 -258 11 2
-239 -260 9 1
-239 -260 10 2
-239 -260 11 2
-239 -259 9 1
-239 -259 10 1
-239 -259 11 2
-239 -258 9 2
-239 -258 10 1
-249 -259 9 0
-244 -260 8 0
-243 -262 8 1
-247 -261 7 0
-242 -260 7 1
-241 -261 7 1
-249 -258 7 0
-245 -262 6 0
-241 -259 5 1
-241 -259 6 1
-249 -260 5 0
-244 -259 6 1
-246 -261 3 0
-244 -258 11 1
-243 -258 12 0
-245 -258 9 0
-246 -259 12 0
-244 -255 12 2
-243 -260 12 0
-246 -257 9 0
-202 -254 41 0
-204 -258 41 0
-201 -257 42 0
-204 -261 37 0
-203 -254 39 2
-201 -254 41 0
-203 -256 40 0
-227 -298 11 1
-227 -298 12 1
-227 -297 10 1
-227 -296 10 1
-208 -253 7 1
-208 -253 6 1
-208 -253 5 1
-209 -286 17 0
-246 -286 21 0
-240 -280 21 0
-241 -287 20 0
-243 -283 19 0
-244 -283 20 0
-245 -283 20 0
-246 -282 20 0
-239 -285 21 1
-238 -285 21 1
-238 -284 21 1
-223 -258 1 1
-223 -259 1 2
-228 -259 3 1
-222 -257 5 1
-223 -257 5 2
-224 -257 5 1
-242 -281 19 0
-215 -251 17 2
-215 -251 18 2
-231 -262 33 0
-231 -262 34 0
-229 -262 31 0
-226 -296 19 0
-224 -300 18 0
-224 -295 17 0
-225 -294 17 0
-225 -293 18 0
-233 -268 9 0
-235 -268 11 1
-243 -281 15 0
-245 -286 15 0
-246 -286 15 0
-228 -261 34 0
-231 -262 32 0
-221 -251 46 0
-230 -272 8 2
-230 -271 8 1
-218 -254 45 0
-218 -255 46 0
-233 -271 22 0
-219 -252 44 0
-220 -252 44 0
-221 -253 44 0
-222 -253 45 0
-234 -265 21 0
-233 -265 21 0
-217 -254 44 0
-239 -265 21 0
-240 -264 20 0
-233 -269 20 0
-219 -253 43 0
-202 -251 14 2
-202 -251 15 2
-202 -251 16 2
-202 -251 17 2
-202 -251 18 2
-225 -293 20 0
-223 -280 5 1
-205 -300 13 2
-205 -300 14 2
-232 -253 9 1
-201 -298 20 0
-232 -255 9 2
-205 -262 29 0
-239 -251 10 1
-235 -260 9 1
-202 -300 19 0
-237 -269 23 0
-235 -268 26 0
-236 -268 25 1
-201 -296 18 0
-202 -296 19 0
-234 -267 18 0
-227 -280 16 0
-201 -298 17 1
-231 -280 15 0
-217 -291 10 1
-217 -292 10 1
-227 -276 15 0
-227 -277 15 0
-216 -291 15 0
-227 -279 16 0
-232 -283 15 0
-231 -283 15 0
-230 -282 16 0
-224 -281 16 0
-208 -263 12 0
-209 -263 12 0
-213 -267 12 0
-213 -265 13 0
-209 -259 13 0
-210 -260 13 0
-209 -266 13 0
-210 -265 13 0
-215 -266 14 0
-208 -262 14 0
-211 -267 15 0
-230 -258 18 0
-230 -257 16 1
-204 -262 34 0
-218 -294 13 1
-217 -295 13 0
-216 -296 13 1
-211 -272 11 0
-220 -297 13 0
-219 -297 14 0
-218 -297 14 0
-217 -297 14 0
-216 -292 14 0
-207 -271 10 0
-216 -272 10 0
-212 -270 10 0
-214 -261 8 0
-217 -260 9 0
-219 -262 14 0
-216 -264 12 0
-234 -264 24 2
-238 -264 25 2
-202 -257 37 0
-207 -292 8 1
-212 -264 12 0
-211 -264 13 0
-215 -265 11 0
-214 -265 11 0
-214 -267 12 0
-220 -260 12 0
-243 -271 2 1
-243 -270 2 2
-243 -270 3 2
-243 -270 4 1
-242 -272 2 1
-242 -271 2 1
-242 -270 2 1
-242 -270 3 1
-242 -270 4 1
-241 -271 2 1
-241 -270 2 1
-244 -277 1 1
-213 -277 8 0
-214 -276 8 0
-213 -278 4 1
-243 -262 28 0
-214 -297 11 2
-214 -296 10 2
-242 -261 33 0
-242 -261 34 0
-241 -257 34 0
-244 -259 33 0
-243 -256 32 0
-244 -258 30 0
-241 -255 29 0
-243 -257 28 0
-243 -259 32 0
-242 -256 32 0
-210 -256 34 2
-210 -256 33 2
-241 -262 31 0
-231 -266 4 1
-231 -256 13 1
-232 -256 15 1
-248 -255 19 0
-205 -263 36 0
-210 -258 36 2
-208 -258 37 2
-204 -260 38 0
-207 -254 39 2
-206 -255 39 2
-227 -290 22 0
-221 -289 21 0
-227 -286 20 0
-206 -277 10 0
-228 -286 22 0
-215 -271 13 0
-217 -272 12 0
-231 -289 12 0
-232 -289 13 0
-217 -273 13 0
-215 -269 14 0
-214 -274 13 0
-216 -279 6 1
-218 -279 7 0
-243 -258 10 1
-238 -269 10 0
-239 -268 10 0
-233 -273 10 1
-240 -273 9 1
-241 -273 10 0
-236 -274 8 0
-236 -274 9 0
-220 -271 5 1
-219 -272 5 1
-219 -272 6 2
-219 -271 5 1
-218 -274 5 1
-212 -275 2 1
-249 -278 5 1
-229 -263 11 0
-248 -280 5 2
-212 -274 2 1
-216 -259 13 0
-214 -257 15 0
-204 -294 14 0
-202 -296 18 0
-203 -291 18 0
-231 -299 19 0
-231 -299 20 0
-227 -300 18 0
-228 -300 19 0
-228 -300 20 0
-229 -299 21 0
-234 -263 10 1
-234 -262 9 1
-234 -262 10 1
-234 -262 11 2
-234 -256 3 1
-236 -275 9 1
-234 -284 15 1
-233 -289 16 0
-231 -290 15 0
-226 -284 18 0
-223 -281 20 0
-224 -281 19 0
-224 -282 19 0
-224 -283 19 0
-205 -295 13 0
-233 -254 4 1
-233 -255 4 1
-227 -272 9 2
-230 -267 8 0
-231 -266 8 0
-232 -266 8 1
-233 -265 8 2
-230 -269 7 1
-230 -270 7 1
-226 -298 14 1
-227 -299 14 1
-214 -288 10 1
-213 -261 14 0
-215 -264 14 0
-224 -279 7 1
-217 -282 8 2
-217 -283 8 2
-217 -284 8 1
-212 -278 2 1
-213 -273 2 1
-220 -276 9 0
-220 -276 11 0
-220 -277 11 0
-220 -280 6 1
-220 -280 7 0
-222 -281 9 0
-221 -296 17 0
-221 -295 18 0
-221 -295 19 0
-221 -294 19 0
-220 -299 18 0
-204 -275 15 0
-222 -297 16 0
-223 -297 17 0
-224 -296 18 0
-225 -296 19 0
-222 -300 18 0
-203 -275 13 0
-223 -293 18 0
-220 -294 16 0
-214 -278 8 1
-215 -278 8 1
-220 -274 8 1
-228 -288 21 0
-230 -289 19 0
-226 -289 18 1
-225 -289 18 0
-209 -282 16 0
-206 -280 16 0
-208 -284 18 0
-213 -291 14 0
-204 -270 12 0
-244 -282 4 1
-204 -272 10 0
-241 -283 7 1
-208 -271 13 0
-241 -284 7 2
-242 -283 7 2
-206 -271 11 0
-242 -284 7 1
-243 -284 7 1
-242 -283 8 2
-238 -282 9 1
-238 -282 8 1
-238 -282 7 1
-239 -282 8 1
-239 -282 7 1
-240 -282 8 2
-240 -282 7 1
-243 -282 10 1
-247 -280 10 0
-246 -280 10 0
-230 -285 16 0
-230 -284 16 0
-230 -283 16 0
-228 -289 16 1
-227 -290 16 0
-226 -290 16 0
-226 -291 16 0
-228 -287 15 1
-227 -286 15 0
-241 -265 6 2
-241 -266 6 1
-242 -264 6 1
-242 -265 6 1
-214 -299 16 0
-216 -298 18 0
-231 -263 8 1
-235 -266 15 1
-221 -299 21 0
-222 -300 21 0
-224 -299 21 0
-240 -290 12 0
-201 -286 13 0
-203 -280 14 0
-242 -252 4 2
-242 -251 4 1
-201 -282 13 0
-203 -284 14 0
-202 -284 14 0
-201 -284 14 0
-201 -283 13 0
-234 -252 2 1
-235 -257 5 2
-235 -257 6 2
-235 -257 7 2
-234 -259 5 1
-234 -259 6 1
-234 -259 7 1
-234 -258 5 2
-248 -276 13 1
-248 -276 12 1
-223 -260 15 1
-223 -260 14 1
-223 -260 13 1
-224 -258 15 1
-224 -258 14 1
-224 -258 13 1
-224 -259 15 1
-224 -259 13 1
-224 -260 14 1
-224 -260 13 1
-225 -259 15 1
-242 -278 5 2
-236 -275 4 1
-236 -275 3 1
-245 -274 5 1
-244 -274 5 0
-243 -275 6 1
-242 -275 7 0
-244 -278 6 1
-243 -277 7 0
-241 -276 7 1
-241 -280 7 2
-241 -279 7 1
-241 -278 7 1
-241 -277 7 1
-246 -275 7 1
-244 -275 8 0
-240 -276 7 2
-240 -277 9 1
-243 -279 9 1
-243 -279 7 1
-243 -280 9 1
-243 -280 8 2
-243 -280 7 1
-243 -281 9 1
-243 -281 8 2
-240 -294 17 0
-216 -260 14 0
-216 -261 14 0
-219 -276 3 2
-219 -276 4 1
-202 -287 14 0
-203 -288 15 0
-203 -300 15 1
-218 -278 2 1
-218 -278 3 2
-218 -277 2 1
-218 -277 4 1
-205 -291 17 0
-206 -292 18 0
-206 -291 17 0
-204 -291 16 0
-202 -284 17 0
-206 -293 18 0
-222 -267 5 1
-220 -271 4 1
-220 -271 3 1
-227 -276 18 0
-238 -284 18 2
-239 -253 24 0
-236 -253 21 0
-236 -252 21 0
-209 -251 35 2
-201 -256 6 0
-236 -251 20 0
-235 -257 20 2
-235 -258 20 2
-238 -254 21 2
-239 -254 21 2
-240 -254 20 0
-241 -253 19 0
-233 -253 21 0
-232 -253 21 0
-234 -256 20 0
-234 -257 20 0
-240 -256 18 2
-235 -256 18 0
-235 -258 17 2
-239 -253 18 2
-228 -276 7 1
-228 -276 9 1
-228 -275 7 1
-215 -251 14 2
-225 -251 6 2
-226 -251 6 1
-223 -253 5 1
-223 -254 6 1
-223 -254 5 1
-222 -251 5 1
-222 -252 6 2
-222 -252 5 2
-220 -251 3 1
-222 -251 4 1
-221 -251 5 2
-224 -255 10 1
-224 -255 9 1
-224 -255 8 1
-224 -256 8 1
-217 -251 5 2
-217 -251 4 1
-217 -251 3 1
-218 -251 3 1
-213 -290 16 0
-210 -293 19 0
-202 -265 24 0
-237 -255 27 2
-237 -255 25 2
-223 -278 8 1
-202 -266 11 0
-202 -252 36 2
-204 -261 10 0
-205 -264 11 0
-201 -262 12 0
-201 -263 11 0
-203 -266 12 0
-237 -255 26 2
-237 -256 27 2
-239 -257 26 2
-235 -258 26 2
-236 -257 26 2
-236 -257 27 2
-223 -284 4 1
-223 -284 5 1
-223 -284 6 1
-223 -283 4 1
-212 -265 6 1
-202 -266 29 0
-202 -265 29 0
-202 -267 8 0
-238 -257 5 1
-205 -264 9 0
-246 -278 9 1
-246 -278 8 2
-246 -278 7 1
-246 -279 9 1
-246 -279 8 2
-246 -280 9 1
-242 -281 9 2
-246 -277 9 1
-246 -281 9 1
-245 -276 9 1
-247 -273 11 2
-247 -274 11 1
-247 -275 11 1
-248 -273 11 1
-248 -273 10 1
-248 -273 9 1
-248 -274 11 1
-235 -259 17 2
-236 -257 17 2
-220 -277 8 0
-234 -270 1 1
-234 -271 3 1
-234 -271 2 1
-234 -271 1 1
-235 -269 1 1
-235 -270 1 1
-235 -271 3 1
-235 -271 2 1
-235 -271 1 1
-236 -269 1 1
-236 -270 1 1
-236 -271 1 1
-237 -273 2 1
-220 -255 12 2
-220 -253 12 1
-216 -254 11 1
-216 -253 11 2
-215 -255 11 1
-238 -275 2 1
-238 -276 2 1
-238 -277 3 1
-238 -277 2 1
-239 -276 2 1
-243 -269 4 1
-244 -269 4 1
-244 -270 4 1
-245 -269 6 1
-245 -269 5 1
-245 -269 4 1
-245 -270 6 2
-245 -270 5 2
-245 -270 4 1
-232 -267 7 1
-231 -267 7 1
-230 -267 7 0
-224 -271 7 1
-231 -271 7 1
-232 -265 8 1
-230 -266 8 0
-227 -271 8 2
-227 -270 8 1
-226 -263 9 0
-232 -269 9 0
-229 -268 7 0
-230 -264 10 0
-229 -265 9 0
-247 -251 19 0
-247 -253 18 0
-247 -254 18 0
-249 -253 16 0
-249 -254 17 0
-250 -253 15 0
-239 -267 14 1
-233 -264 1 1
-234 -262 3 1
-234 -262 2 1
-234 -262 1 1
-223 -284 20 0
-223 -283 21 0
-222 -275 5 1
-225 -300 16 0
-223 -274 5 1
-223 -275 5 1
-223 -276 5 2
-226 -295 16 0
-225 -296 16 0
-224 -296 15 0
-222 -300 16 0
-222 -299 16 0
-221 -293 17 0
-226 -298 17 0
-226 -298 16 0
-241 -279 5 1
-203 -255 5 1
-246 -259 26 0
-243 -258 26 0
-243 -257 25 0
-231 -277 23 0
-226 -253 8 1
-226 -254 9 1
-226 -254 8 1
-232 -259 10 2
-234 -259 11 2
-224 -251 6 2
-224 -251 5 2
-224 -252 6 1
-224 -252 5 1
-224 -253 6 1
-224 -253 5 1
-231 -258 14 2
-231 -258 13 2
-227 -272 7 1
-227 -271 5 2
-236 -262 29 2
-206 -275 4 1
-206 -276 6 1
-206 -290 17 0
-238 -272 10 2
-238 -272 9 2
-239 -270 11 1
-239 -270 10 1
-214 -262 3 1
-214 -261 1 1
-212 -254 32 2
-212 -254 31 2
-212 -254 30 2
-212 -254 29 2
-233 -299 15 0
-203 -282 16 0
-216 -259 16 0
-250 -264 11 0
-249 -264 11 0
-248 -263 12 0
-248 -264 12 0
-213 -299 13 0
-248 -257 9 0
-246 -255 4 0
-223 -295 18 0
-223 -295 19 0
-223 -294 19 0
-222 -299 18 0
-221 -299 19 0
-224 -297 16 0
-219 -280 12 0
-231 -267 27 0
-209 -291 15 0
-246 -269 18 0
-247 -270 17 0
-225 -290 22 0
-225 -290 21 0
-230 -268 2 1
-230 -268 1 1
-209 -264 8 0
-210 -265 9 0
-211 -257 9 2
-212 -258 9 2
-212 -258 10 2
-212 -257 9 2
-212 -257 10 2
-247 -279 9 1
-201 -275 14 0
-238 -257 10 1
-237 -251 10 0
-235 -254 12 1
-235 -255 11 1
-202 -275 14 0
-223 -275 2 1
-223 -275 3 1
-223 -275 4 1
-223 -274 2 1
-223 -274 3 2
-223 -274 4 1
-223 -273 2 1
-223 -273 3 1
-221 -266 1 1
-222 -264 3 1
-222 -264 2 2
-222 -264 1 1
-222 -265 3 2
-222 -265 2 2
-222 -265 1 1
-222 -266 3 1
-222 -266 2 1
-222 -266 1 1
-222 -260 3 1
-224 -293 10 1
-212 -287 13 1
-201 -270 17 0
-201 -269 14 0
-205 -258 4 1
-204 -258 4 1
-203 -262 3 2
-203 -262 4 1
-202 -292 15 0
-211 -263 6 0
-203 -261 4 1
-217 -297 18 0
-212 -269 11 0
-217 -269 10 0
-218 -269 11 0
-219 -270 11 0
-213 -264 10 0
-214 -272 11 0
-209 -255 40 0
-215 -259 41 0
-214 -259 41 0
-213 -259 41 0
-210 -256 42 0
-210 -263 44 0
-210 -262 43 0
-206 -257 45 0
-212 -259 44 0
-211 -259 43 0
-209 -257 46 0
-209 -257 45 0
-209 -258 44 0
-211 -261 46 0
-228 -299 26 0
-228 -299 27 0
-221 -293 18 0
-230 -300 25 0
-231 -300 26 0
-231 -300 27 0
-220 -295 17 0
-229 -297 25 0
-229 -297 26 0
-220 -296 16 0
-240 -251 24 0
-239 -252 24 0
-239 -253 25 0
-237 -260 24 2
-218 -269 7 2
-218 -269 6 1
-219 -268 8 1
-219 -268 7 1
-219 -269 8 1
-219 -269 7 2
-219 -269 6 2
-217 -260 8 0
-224 -266 8 0
-222 -265 7 0
-217 -263 9 0
-223 -264 10 0
-221 -264 8 0
-221 -264 7 0
-217 -267 10 0
-218 -266 9 0
-219 -262 10 0
-219 -262 9 0
-221 -266 11 0
-221 -265 10 0
-220 -265 9 0
-218 -264 11 0
-218 -264 10 0
-219 -264 9 0
-219 -264 8 0
-234 -266 12 1
-235 -268 13 1
-239 -273 12 1
-237 -271 13 1
-207 -266 11 0
-202 -296 14 2
-204 -254 28 2
-204 -254 29 2
-204 -254 30 2
-204 -254 31 2
-204 -254 32 2
-204 -253 16 2
-204 -253 17 2
-204 -253 18 2
-204 -253 19 2
-204 -253 20 2
-204 -253 21 2
-204 -253 22 2
-204 -253 23 2
-204 -253 24 2
-204 -253 25 2
-205 -253 3 1
-205 -252 1 1
-205 -252 2 2
-205 -252 3 1
-204 -254 1 1
-205 -273 13 0
-204 -273 11 0
-203 -272 12 0
-228 -283 14 0
-236 -258 31 1
-234 -260 31 2
-234 -259 30 1
-234 -259 31 1
-233 -261 29 2
-247 -275 5 1
-246 -275 6 1
-248 -273 7 2
-248 -273 6 2
-248 -274 6 2
-249 -273 7 1
-249 -273 6 1
-249 -274 7 1
-211 -260 10 1
-212 -289 14 0
-212 -288 13 1
-244 -286 16 0
-244 -281 17 0
-243 -288 18 0
-238 -282 18 1
-239 -282 18 1
-230 -263 9 0
-229 -262 8 0
-207 -283 18 0
-206 -267 3 1
-201 -272 2 1
-201 -271 2 1
-201 -268 5 0
-202 -272 2 1
-202 -273 2 1
-202 -273 3 1
-202 -274 3 1
-202 -275 3 1
-203 -274 3 1
-203 -275 3 1
-204 -274 3 1
-204 -275 3 1
-203 -273 3 1
-203 -273 2 1
-205 -274 3 1
-223 -289 16 0
-222 -286 16 0
-224 -286 16 0
-231 -284 17 0
-246 -285 4 2
-249 -277 11 1
-249 -277 12 1
-249 -277 13 1
-234 -270 5 1
-224 -270 5 1
-230 -260 6 1
-232 -259 6 1
-207 -256 7 2
-250 -269 4 2
-247 -251 11 0
-248 -254 10 0
-245 -253 12 0
-246 -251 18 0
-246 -251 19 0
-245 -255 18 0
-249 -253 17 0
-250 -253 18 0
-245 -252 16 0
-244 -252 17 0
-243 -251 18 0
-247 -255 16 0
-248 -254 15 0
-249 -254 16 0
-250 -255 16 0
-245 -251 16 0
-239 -294 18 0
-237 -293 19 1
-238 -283 7 1
-238 -284 8 1
-233 -261 7 1
-232 -262 7 2
-231 -262 5 1
-231 -262 4 1
-250 -277 13 1
-250 -278 11 1
-250 -275 14 1
-250 -275 13 1
-250 -276 14 2
-250 -276 13 2
-234 -289 16 0
-231 -286 19 0
-240 -267 6 1
-240 -267 5 1
-235 -264 4 1
-236 -264 4 1
-240 -269 8 1
-239 -268 8 0
-242 -264 10 2
-243 -264 10 2
-243 -264 9 2
-242 -266 12 1
-246 -259 19 0
-242 -262 20 0
-242 -261 19 0
-243 -257 20 0
-243 -257 19 0
-244 -260 18 0
-227 -262 2 1
-228 -265 5 0
-228 -261 4 1
-227 -262 6 1
-226 -261 6 0
-225 -267 12 0
-225 -266 11 0
-226 -264 10 0
-226 -261 4 1
-228 -263 6 0
-223 -258 5 2
-223 -258 4 1
-223 -259 5 1
-223 -259 4 1
-223 -260 5 1
-224 -258 5 2
-224 -258 4 1
-224 -259 4 1
-224 -260 5 1
-225 -258 5 1
-225 -258 4 1
-225 -259 5 2
-225 -259 4 2
-225 -260 5 1
-225 -260 4 1
-224 -259 5 2
-226 -261 8 0
-226 -268 11 0
-224 -266 12 0
-224 -265 11 0
-225 -262 11 0
-226 -265 11 0
-224 -264 13 0
-224 -264 12 0
-228 -267 12 0
-229 -268 14 0
-231 -264 14 0
-230 -266 16 0
-230 -266 15 0
-230 -266 14 0
-227 -269 11 0
-245 -282 12 0
-241 -281 12 1
-240 -280 13 0
-240 -280 14 0
-243 -284 11 0
-245 -278 13 0
-241 -283 12 1
-240 -283 12 2
-235 -267 19 0
-234 -266 19 0
-245 -253 0 1
-246 -251 2 1
-246 -251 1 2
-246 -251 0 1
-246 -252 2 1
-246 -252 1 2
-246 -252 0 1
-246 -253 2 1
-246 -253 1 2
-246 -253 0 1
-242 -272 6 1
-231 -275 10 1
-231 -275 11 0
-233 -277 10 0
-240 -255 18 2
-232 -256 19 0
-217 -254 11 1
-220 -255 10 2
-220 -255 11 2
-219 -255 12 1
-216 -256 11 0
-219 -253 12 1
-219 -258 11 0
-218 -256 13 0
-236 -265 24 2
-236 -264 23 2
-231 -270 9 1
-231 -271 9 1
-231 -271 10 1
-232 -265 10 2
-232 -264 10 2
-226 -270 10 1
-232 -269 8 0
-230 -270 8 1
-229 -272 9 2
-229 -273 9 1
-232 -267 8 0
-233 -267 8 0
-234 -266 8 1
-234 -266 9 1
-233 -271 8 2
-233 -272 8 1
-234 -300 15 0
-235 -299 15 0
-202 -254 22 2
-235 -271 23 0
-239 -267 23 0
-240 -267 23 0
-241 -267 22 0
-219 -279 10 0
-219 -280 10 0
-231 -260 20 0
-226 -261 22 0
-226 -260 22 0
-225 -260 21 0
-224 -260 20 0
-224 -259 20 0
-228 -262 22 0
-228 -263 21 0
-228 -264 20 0
-250 -275 12 1
-250 -275 11 1
-250 -275 10 1
-250 -276 12 2
-250 -273 8 1
-250 -274 10 1
-250 -274 9 1
-250 -274 8 1
-248 -263 14 0
-247 -267 13 1
-246 -263 16 0
-241 -298 21 0
-234 -298 20 0
-243 -294 20 0
-238 -297 20 0
-240 -292 20 0
-241 -296 19 0
-242 -297 19 0
-236 -258 2 1
-224 -273 4 1
-203 -273 6 1
-202 -261 36 0
-207 -269 4 2
-207 -269 5 2
-201 -262 33 0
-202 -264 35 0
-207 -268 5 2
-207 -268 6 2
-214 -294 16 0
-244 -283 9 1
-244 -282 9 1
-208 -272 11 0
-208 -254 20 2
-208 -254 19 2
-208 -254 18 2
-208 -254 17 2
-233 -267 23 0
-239 -266 23 0
-242 -276 4 1
-242 -275 2 2
-242 -275 3 2
-242 -275 4 1
-242 -274 2 1
-242 -274 3 2
-242 -274 4 1
-241 -276 2 1
-241 -276 3 1
-241 -276 4 1
-241 -275 2 1
-240 -276 2 1
-204 -254 2 2
-240 -275 2 1
-237 -294 20 0
-241 -292 18 0
-242 -291 19 0
-243 -291 19 0
-208 -265 8 0
-203 -264 3 2
-240 -296 19 0
-241 -289 18 0
-236 -293 18 2
-202 -264 4 2
-203 -261 5 0
-207 -258 4 2
-208 -259 3 1
-238 -289 17 0
-238 -295 17 1
-240 -259 23 2
-237 -252 22 0
-237 -251 22 0
-236 -257 21 2
-236 -256 21 2
-236 -255 21 1
-235 -257 21 2
-234 -257 21 1
-234 -256 21 1
-234 -255 21 1
-240 -255 22 0
-248 -257 14 0
-240 -258 14 2
-220 -276 2 1
-220 -276 3 2
-220 -275 2 1
-220 -275 3 2
-220 -275 4 1
-218 -277 5 0
-213 -277 2 1
-232 -268 17 0
-233 -269 17 0
-233 -269 16 0
-239 -270 18 0
-237 -270 16 0
-236 -270 15 0
-235 -268 17 0
-235 -269 16 0
-236 -271 17 0
-234 -270 19 0
-235 -292 13 0
-203 -277 12 0
-229 -290 15 0
-229 -291 15 0
-229 -292 15 0
-229 -293 15 0
-226 -288 15 1
-235 -294 23 0
-219 -274 9 0
-220 -274 9 0
-221 -274 9 0
-221 -274 5 2
-235 -259 6 1
-235 -259 5 1
-225 -261 3 1
-223 -300 12 1
-223 -300 11 1
-220 -271 7 1
-211 -251 36 2
-220 -271 6 2
-223 -299 14 0
-222 -298 14 0
-223 -294 14 0
-222 -296 15 0
-221 -300 14 0
-212 -274 9 1
-231 -284 14 0
-225 -288 15 0
-223 -288 14 0
-227 -283 13 1
-226 -291 14 0
-247 -255 7 0
-222 -251 47 0
-221 -251 45 0
-221 -252 39 0
-218 -251 47 0
-222 -251 43 0
-223 -252 43 0
-222 -252 39 0
-202 -258 19 0
-206 -257 17 0
-207 -256 18 2
-216 -263 4 1
-204 -252 11 2
-206 -252 13 2
-205 -253 11 2
-206 -254 11 2
-205 -256 10 0
-211 -251 42 0
-219 -254 42 0
-205 -253 12 2
-245 -255 7 1
-245 -255 8 1
-244 -255 7 2
-244 -255 8 2
-243 -255 7 1
-243 -255 8 1
-246 -258 7 0
-235 -259 9 1
-235 -258 8 1
-235 -258 9 1
-216 -273 2 1
-241 -284 8 1
-242 -284 8 1
-212 -297 9 1
-250 -285 6 0
-247 -280 6 1
-225 -299 22 0
-250 -283 5 0
-248 -284 5 1
-235 -270 9 0
-246 -254 10 0
-245 -256 9 1
-245 -256 8 1
-244 -256 7 2
-244 -256 8 2
-243 -256 7 2
-243 -256 8 2
-243 -257 5 2
-233 -266 10 1
-218 -253 13 1
-218 -253 12 1
-222 -252 12 2
-232 -266 28 0
-213 -297 11 2
-221 -282 3 1
-208 -257 34 2
-206 -258 33 2
-208 -256 34 2
-208 -260 35 2
-207 -254 35 2
-205 -252 37 2
-207 -261 37 0
-207 -259 38 2
-232 -290 20 0
-233 -290 19 0
-234 -285 20 0
-216 -285 14 1
-216 -285 15 1
-216 -284 13 1
-215 -257 15 0
-238 -269 24 0
-220 -256 13 1
-234 -269 22 0
-230 -285 17 0
-223 -286 16 0
-227 -284 16 0
-233 -300 16 0
-225 -280 12 0
-220 -282 12 0
-205 -257 11 0
-202 -261 12 0
-202 -260 17 0
-202 -260 18 0
-203 -258 16 0
-203 -258 17 0
-202 -261 17 0
-201 -262 18 0
-201 -258 16 0
-205 -256 17 0
-201 -260 16 0
-202 -258 15 0
-201 -255 16 0
-202 -262 15 0
-202 -263 15 0
-207 -257 15 0
-202 -259 14 0
-201 -261 14 0
-203 -263 13 0
-205 -257 13 0
-206 -256 13 0
-201 -260 14 0
-202 -256 12 0
-202 -255 12 0
-207 -258 11 0
-204 -257 11 0
-202 -260 13 0
-202 -260 12 0
-202 -259 18 0
-202 -259 19 0
-202 -260 16 0
-201 -261 17 0
-204 -256 16 0
-201 -256 16 0
-201 -264 16 0
-206 -257 15 0
-203 -257 14 0
-203 -256 14 0
-202 -261 6 1
-210 -255 11 2
-201 -259 16 0
-201 -260 17 0
-205 -258 17 0
-201 -258 15 0
-201 -261 15 0
-201 -263 16 0
-204 -257 15 0
-205 -257 15 0
-206 -256 15 0
-250 -262 9 0
-202 -256 14 0
-249 -263 7 0
-248 -263 7 0
-249 -271 3 1
-250 -261 9 0
-249 -261 9 0
-250 -265 8 0
-250 -262 7 0
-250 -264 10 0
-250 -259 7 0
-250 -263 7 0
-249 -263 6 0
-219 -292 19 0
-224 -290 18 0
-228 -294 18 0
-249 -282 10 0
-216 -257 6 1
-222 -291 18 0
-221 -291 17 0
-220 -290 17 0
-250 -280 9 0
-225 -293 17 0
-227 -292 16 0
-222 -292 16 0
-224 -292 17 0
-224 -292 16 0
-225 -291 15 0
-224 -293 16 0
-223 -292 13 0
-223 -294 11 1
-223 -294 12 2
-240 -253 32 0
-235 -257 31 1
-239 -255 30 0
-209 -272 12 0
-207 -258 5 2
-230 -271 12 0
-230 -271 11 1
-233 -270 12 0
-205 -288 15 0
-245 -266 17 0
-247 -266 14 0
-247 -266 15 0
-248 -267 15 0
-248 -267 16 0
-246 -263 15 0
-240 -269 15 0
-240 -263 12 1
-241 -261 12 1
-241 -262 12 1
-241 -263 12 1
-227 -261 30 1
-227 -260 31 1
-227 -259 31 1
-227 -259 32 1
-231 -265 32 0
-228 -265 31 0
-226 -260 30 0
-225 -260 30 0
-228 -263 29 0
-228 -259 29 0
-226 -257 29 0
-230 -264 29 0
-233 -263 28 2
-228 -260 27 0
-226 -259 26 0
-230 -262 28 0
-231 -263 27 0
-242 -257 14 2
-248 -258 15 0
-247 -258 14 0
-218 -273 11 0
-218 -274 11 0
-217 -275 10 0
-217 -276 10 0
-216 -276 9 0
-213 -275 12 0
-213 -276 11 0
-214 -276 11 0
-215 -276 10 0
-219 -277 12 0
-243 -292 16 0
-242 -296 17 0
-241 -295 17 0
-242 -290 17 0
-241 -291 17 0
-238 -297 18 0
-237 -288 18 0
-238 -289 18 0
-243 -293 18 0
-235 -293 19 1
-241 -288 19 0
-240 -290 18 0
-240 -291 17 0
-238 -263 11 2
-238 -263 12 2
-238 -263 13 2
-238 -262 11 2
-238 -262 12 2
-238 -262 13 2
-238 -259 17 2
-237 -260 17 2
-238 -261 15 2
-245 -254 13 0
-241 -257 12 2
-242 -255 19 0
-241 -255 16 2
-238 -261 14 2
-238 -258 13 2
-241 -253 12 2
-243 -254 15 0
-243 -253 15 0
-243 -252 15 0
-240 -255 14 2
-241 -257 13 2
-243 -254 11 2
-243 -254 19 0
-245 -253 17 0
-247 -254 16 0
-243 -255 15 0
-246 -253 13 0
-242 -253 13 0
-242 -275 16 0
-244 -270 15 1
-245 -277 15 0
-243 -273 14 0
-242 -273 15 0
-241 -273 15 0
-250 -255 12 0
-242 -270 13 0
-246 -278 13 0
-241 -274 12 0
-244 -273 12 0
-244 -274 18 0
-201 -285 13 0
-245 -274 8 1
-245 -274 10 1
-245 -273 8 1
-245 -273 10 2
-202 -279 14 0
-201 -280 13 0
-240 -280 8 2
-240 -279 8 1
-202 -283 15 0
-248 -276 11 1
-249 -252 18 0
-246 -280 14 0
-247 -280 13 0
-249 -279 12 0
-249 -251 12 0
-248 -277 13 1
-248 -281 15 0
-249 -279 13 0
-249 -278 15 0
-249 -278 14 0
-246 -251 17 0
-249 -251 17 0
-222 -278 6 1
-222 -278 5 1
-222 -279 7 1
-222 -279 6 1
-222 -279 5 1
-223 -277 7 1
-223 -277 6 1
-223 -277 5 2
-223 -278 5 2
-223 -279 7 1
-223 -279 6 1
-223 -279 5 1
-236 -255 17 0
-238 -251 15 0
-237 -272 8 1
-238 -270 8 1
-238 -271 8 2
-238 -272 8 2
-239 -270 8 1
-209 -259 29 2
-209 -259 30 2
-209 -259 31 2
-209 -259 32 2
-209 -259 33 2
-209 -259 34 2
-209 -259 35 2
-209 -259 36 2
-209 -258 20 2
-209 -258 21 2
-209 -258 22 2
-209 -258 23 2
-209 -258 24 2
-209 -258 25 2
-209 -258 26 2
-209 -258 27 2
-209 -258 28 2
-209 -258 29 2
-235 -259 20 2
-236 -258 20 2
-235 -251 20 0
-233 -256 21 0
-238 -251 21 0
-233 -252 22 0
-237 -254 18 0
-238 -254 17 2
-238 -252 16 0
-237 -256 17 2
-235 -253 17 0
-241 -253 16 0
-244 -274 6 0
-247 -275 6 1
-244 -273 10 1
-244 -271 11 1
-244 -272 11 1
-240 -274 12 0
-242 -273 13 0
-243 -277 15 0
-244 -276 13 0
-245 -271 8 2
-244 -271 10 1
-242 -272 11 0
-241 -276 14 0
-242 -276 14 0
-207 -269 7 1
-208 -268 6 2
-204 -271 7 0
-203 -271 7 0
-201 -272 6 1
-208 -251 25 2
-208 -251 26 2
-208 -251 27 2
-208 -251 28 2
-208 -251 29 2
-208 -251 30 2
-208 -251 31 2
-208 -251 32 2
-208 -251 33 2
-208 -251 35 2
-208 -251 36 2
-208 -251 37 2
-208 -251 38 2
-208 -251 39 2
-207 -258 28 2
-207 -258 29 2
-207 -258 30 2
-207 -258 31 2
-207 -257 22 2
-207 -257 23 2
-207 -257 24 2
-207 -257 25 2
-207 -257 26 2
-207 -257 27 2
-207 -257 28 2
-207 -257 29 2
-227 -258 18 2
-227 -258 19 1
-227 -257 17 2
-227 -257 18 2
-227 -257 19 1
-227 -256 17 1
-227 -256 18 1
-227 -256 19 1
-226 -258 17 1
-226 -258 18 1
-226 -257 17 2
-226 -256 17 1
-226 -256 18 1
-226 -256 19 1
-225 -258 17 1
-225 -258 18 2
-205 -256 38 2
-205 -260 39 0
-207 -257 40 2
-202 -260 41 0
-204 -255 41 0
-205 -259 41 0
-205 -258 39 2
-203 -257 42 0
-206 -258 32 2
-205 -257 34 2
-207 -260 35 0
-206 -259 36 0
-207 -253 35 2
-204 -262 36 0
-209 -257 36 2
-207 -257 37 2
-208 -255 38 2
-206 -256 37 2
-206 -255 24 2
-206 -255 23 2
-206 -255 22 2
-206 -255 21 2
-206 -255 20 2
-237 -284 9 1
-243 -251 2 2
-243 -251 0 1
-243 -252 2 1
-211 -269 3 1
-211 -269 4 1
-239 -268 23 0
-241 -259 33 0
-237 -257 34 0
-237 -258 32 1
-201 -287 12 0
-239 -261 34 0
-238 -261 34 0
-201 -293 12 0
-202 -293 12 0
-201 -252 8 2
-249 -270 7 1
-248 -270 5 1
-248 -270 6 1
-243 -273 15 0
-242 -272 15 0
-245 -275 14 0
-244 -275 14 0
-244 -271 14 2
-246 -275 14 0
-246 -276 14 0
-244 -274 13 0
-243 -274 13 0
-245 -275 13 0
-245 -274 16 0
-245 -274 17 0
-245 -274 18 0
-245 -274 19 0
-247 -275 18 0
-245 -275 16 0
-244 -276 17 0
-243 -272 17 0
-247 -277 16 0
-244 -274 15 0
-243 -274 15 0
-243 -275 16 0
-227 -273 2 1
-227 -273 3 1
-227 -273 4 1
-238 -260 16 2
-238 -260 21 2
-238 -260 22 2
-238 -260 23 2
-238 -260 24 2
-238 -259 18 2
-238 -259 19 2
-238 -259 20 2
-238 -259 21 2
-238 -259 22 2
-238 -259 23 2
-238 -259 24 2
-236 -291 16 0
-237 -295 17 1
-201 -255 37 0
-201 -256 38 0
-201 -255 1 1
-201 -254 1 1
-202 -253 37 2
-202 -259 37 0
-201 -254 38 2
-201 -265 12 0
-202 -262 24 0
-201 -266 27 0
-205 -275 9 1
-215 -279 4 2
-215 -279 3 2
-215 -280 5 2
-215 -280 3 1
-215 -281 5 2
-220 -264 5 0
-221 -264 5 1
-222 -264 4 1
-222 -263 4 0
-223 -263 3 1
-222 -269 1 1
-222 -269 2 1
-222 -269 3 1
-222 -268 1 1
-222 -268 2 1
-222 -268 3 2
-222 -267 1 1
-222 -267 2 1
-222 -267 3 2
-220 -266 5 1
-222 -262 1 1
-222 -262 2 2
-222 -262 3 1
-222 -261 1 1
-222 -261 2 2
-233 -294 17 0
-236 -297 17 0
-236 -289 18 0
-240 -291 19 0
-234 -297 19 0
-234 -291 19 0
-240 -295 20 0
-237 -297 21 0
-234 -295 21 0
-235 -293 21 0
-201 -281 7 1
-222 -273 2 1
-222 -274 2 1
-223 -273 4 1
-238 -252 6 1
-226 -270 4 1
-226 -270 5 2
-249 -287 9 0
-217 -258 17 0
-205 -279 17 0
-237 -296 14 0
-216 -282 5 2
-216 -283 5 1
-236 -251 11 0
-236 -252 11 0
-231 -253 10 2
-231 -254 10 2
-231 -255 10 1
-232 -253 10 1
-246 -285 7 0
-214 -273 13 0
-222 -298 20 0
-212 -269 13 0
-216 -273 11 0
-217 -269 11 0
-217 -268 12 0
-221 -293 15 0
-246 -252 3 1
-240 -251 4 1
-246 -254 3 1
-234 -251 3 2
-234 -251 4 2
-232 -252 13 1
-233 -251 3 1
-210 -252 10 2
-211 -252 10 2
-224 -286 19 0
-224 -286 20 0
-227 -287 20 0
-225 -284 18 0
-235 -259 7 1
-235 -258 5 1
-235 -258 6 1
-235 -258 7 1
-236 -269 11 0
-245 -287 2 1
-247 -290 6 1
-247 -291 6 2
-247 -291 5 2
-247 -291 4 1
-248 -291 6 2
-248 -291 5 2
-248 -291 4 1
-249 -290 6 1
-249 -291 6 1
-246 -277 5 2
-202 -262 4 1
-210 -257 13 2
-211 -256 13 2
-212 -256 15 2
-210 -255 13 2
-210 -254 13 2
-211 -253 14 2
-210 -256 12 2
-209 -254 11 2
-209 -253 11 2
-202 -263 6 2
-227 -284 19 0
-230 -282 19 0
-221 -284 19 0
-234 -287 11 0
-234 -287 12 0
-232 -289 11 0
-232 -289 12 0
-233 -289 13 0
-230 -285 14 1
-230 -285 13 1
-230 -285 12 1
-223 -251 15 1
-232 -292 19 0
-232 -291 18 0
-231 -290 18 0
-231 -290 17 0
-228 -286 19 0
-228 -286 18 1
-229 -287 18 1
-234 -287 19 0
-236 -264 25 2
-240 -267 25 0
-234 -267 25 0
-238 -271 24 0
-236 -268 32 0
-235 -268 33 1
-237 -268 29 1
-237 -269 30 0
-238 -270 33 0
-237 -267 30 0
-236 -267 31 0
-236 -266 32 0
-236 -269 30 0
-235 -270 31 0
-235 -271 32 0
-238 -268 30 0
-203 -262 9 0
-202 -262 8 0
-202 -261 8 0
-202 -260 7 0
-205 -258 10 0
-204 -258 9 0
-204 -258 8 0
-213 -269 11 0
-202 -252 9 2
-231 -270 8 0
-232 -271 8 1
-230 -264 7 0
-230 -263 7 0
-242 -252 12 0
-247 -256 12 0
-244 -254 11 1
-242 -256 13 2
-202 -262 38 0
-208 -259 39 2
-206 -253 39 2
-205 -261 40 0
-204 -259 38 0
-206 -257 40 2
-206 -257 39 2
-202 -259 41 0
-205 -258 40 2
-243 -279 4 1
-243 -279 5 2
-243 -279 6 1
-238 -265 34 0
-238 -266 33 0
-237 -271 33 0
-240 -268 35 0
-237 -268 32 0
-236 -270 33 0
-237 -269 34 0
-235 -269 36 0
-235 -269 35 0
-236 -269 34 0
-236 -269 33 0
-236 -265 29 2
-239 -266 30 0
-237 -273 30 0
-237 -272 30 0
-233 -265 30 0
-233 -271 31 0
-234 -270 31 0
-237 -264 31 0
-237 -265 31 0
-237 -266 31 0
-238 -270 31 0
-241 -266 32 0
-240 -267 32 0
-235 -272 32 0
-241 -270 33 0
-239 -270 32 0
-233 -270 33 0
-235 -269 32 0
-237 -267 32 0
-238 -272 34 0
-237 -270 32 0
-233 -267 34 1
-233 -267 33 1
-233 -267 32 1
-238 -266 14 2
-240 -272 13 1
-240 -271 12 1
-240 -271 13 1
-240 -270 12 1
-246 -283 13 0
-245 -287 10 0
-244 -288 13 0
-248 -285 10 0
-248 -285 11 0
-216 -277 4 1
-212 -254 33 2
-212 -254 34 2
-212 -254 35 2
-212 -254 36 2
-212 -254 37 2
-212 -254 39 2
-212 -253 9 2
-212 -253 12 2
-212 -253 13 2
-212 -253 15 2
-238 -269 33 0
-238 -270 34 0
-205 -272 14 0
-239 -252 15 0
-240 -251 16 0
-238 -256 15 2
-239 -257 15 2
-239 -258 15 2
-232 -257 15 1
-239 -254 14 2
-240 -254 14 2
-241 -254 14 2
-235 -252 14 0
-224 -300 25 0
-223 -299 25 0
-219 -255 13 1
-216 -251 12 2
-217 -252 13 2
-217 -252 14 2
-218 -252 14 1
-217 -257 13 0
-218 -256 14 0
-211 -281 16 0
-228 -261 29 0
-230 -256 29 0
-229 -255 29 0
-230 -258 29 0
-234 -259 28 2
-231 -254 27 0
-231 -253 27 0
-230 -257 27 0
-233 -260 27 2
-233 -260 26 2
-233 -255 26 0
-233 -267 24 0
-241 -266 24 0
-240 -266 24 0
-239 -267 24 0
-238 -267 23 0
-206 -254 14 2
-209 -255 13 2
-208 -255 16 2
-207 -254 14 2
-243 -283 8 2
-224 -286 17 0
-225 -255 12 1
-242 -271 8 1
-238 -278 8 2
-239 -279 7 2
-239 -279 8 2
-239 -278 8 2
-238 -279 7 1
-238 -263 5 1
-238 -262 5 1
-238 -262 6 1
-238 -262 7 1
-241 -264 5 2
-242 -264 4 1
-232 -292 22 0
-235 -298 22 0
-235 -299 21 0
-230 -297 23 0
-229 -297 23 0
-227 -296 23 0
-233 -300 23 0
-202 -261 37 0
-201 -258 41 0
-202 -255 40 0
-203 -257 39 0
-241 -257 20 2
-240 -257 21 2
-239 -256 21 2
-238 -256 22 2
-232 -255 21 0
-232 -258 32 0
-232 -259 33 0
-232 -255 31 0
-231 -255 32 0
-232 -257 30 0
-231 -258 31 0
-232 -253 31 0
-233 -258 30 0
-232 -256 30 0
-231 -256 30 0
-230 -256 30 0
-229 -255 30 0
-230 -260 29 1
-231 -254 29 0
-230 -253 29 0
-234 -260 28 2
-232 -257 29 0
-229 -257 28 0
-233 -253 27 0
-232 -259 27 1
-231 -255 27 0
-232 -257 26 0
-232 -258 25 0
-233 -256 25 0
-229 -280 15 0
-230 -280 14 0
-232 -257 33 0
-232 -257 34 0
-233 -255 32 0
-233 -255 33 0
-233 -254 34 0
-231 -259 33 0
-232 -256 31 0
-231 -256 31 0
-230 -255 33 0
-235 -253 32 0
-230 -278 5 1
-230 -277 4 1
-230 -277 5 1
-227 -276 4 1
-227 -276 5 1
-203 -262 32 0
-205 -259 29 0
-202 -262 30 0
-202 -263 29 0
-201 -265 33 0
-201 -264 33 0
-211 -293 12 1
-210 -295 12 1
-210 -294 12 1
-210 -293 12 1
-209 -295 12 1
-209 -294 12 1
-205 -295 11 1
-209 -299 9 1
-209 -299 10 1
-209 -298 10 2
-209 -298 11 2
-206 -272 8 0
-205 -272 8 0
-204 -272 8 0
-203 -272 8 0
-226 -262 5 0
-226 -263 5 0
-225 -263 5 0
-225 -299 19 0
-232 -300 19 0
-227 -295 18 0
-226 -294 19 0
-223 -270 5 1
-229 -297 17 1
-230 -251 18 1
-230 -252 18 1
-229 -264 10 0
-228 -263 12 0
-230 -264 14 0
-220 -253 44 0
-210 -283 10 1
-209 -283 10 1
-208 -284 13 0
-208 -283 10 1
-202 -279 15 0
-206 -282 11 0
-207 -283 10 1
-203 -280 16 0
-201 -280 16 0
-226 -297 10 1
-202 -280 16 0
-226 -298 11 1
-226 -298 10 1
-222 -298 13 0
-223 -293 10 1
-223 -294 10 1
-248 -288 5 2
-248 -289 5 1
-237 -295 13 1
-237 -295 14 1
-201 -289 17 0
-242 -275 5 1
-208 -290 15 0
-207 -290 15 0
-209 -290 15 0
-207 -289 14 0
-206 -289 14 0
-218 -265 12 0
-207 -265 6 2
-218 -298 16 0
-219 -299 16 0
-213 -293 16 0
-206 -266 4 1
-206 -266 5 2
-218 -296 15 0
-219 -295 15 0
-216 -299 14 0
-206 -273 12 0
-207 -272 8 0
-218 -293 14 0
-235 -284 17 1
-235 -283 15 1
-235 -283 16 1
-235 -283 17 1
-233 -287 16 1
-233 -287 17 1
-236 -253 9 0
-237 -256 11 2
-234 -256 13 1
-228 -292 16 0
-225 -270 3 1
-208 -279 8 2
-208 -280 8 2
-209 -281 7 1
-201 -276 5 1
-201 -264 29 0
-203 -263 30 0
-208 -290 17 0
-202 -263 30 0
-223 -269 6 1
-241 -256 7 1
-243 -261 8 0
-243 -260 9 0
-239 -258 8 1
-239 -258 7 1
-239 -259 8 1
-239 -259 7 1
-239 -260 8 1
-239 -260 7 1
-247 -255 9 0
-245 -263 9 1
-244 -262 9 0
-248 -258 10 0
-240 -261 10 1
-241 -261 10 1
-242 -260 10 1
-235 -263 31 1
-235 -262 32 1
-239 -265 31 0
-210 -289 12 1
-201 -276 10 0
-202 -276 10 0
-211 -289 12 1
-213 -289 10 1
-209 -254 7 1
-236 -266 29 2
-241 -270 30 0
-222 -251 12 1
-222 -251 11 1
-222 -251 10 1
-233 -269 30 0
-234 -269 30 0
-235 -269 29 0
-237 -263 17 2
-240 -268 17 0
-241 -268 17 0
-232 -265 16 0
-211 -257 43 0
-238 -264 21 2
-239 -269 20 0
-239 -266 19 0
-240 -266 19 0
-231 -267 19 0
-237 -263 18 2
-240 -268 18 0
-241 -268 18 0
-232 -265 17 0
-239 -264 17 0
-246 -251 9 0
-235 -265 16 0
-213 -257 44 0
-214 -257 45 0
-238 -264 22 2
-247 -252 3 1
-239 -274 9 1
-217 -275 7 1
-244 -254 1 2
-221 -254 41 0
-220 -254 41 0
-230 -290 15 0
-240 -269 19 0
-234 -270 20 0
-217 -257 42 0
-237 -264 20 2
-207 -278 15 0
-225 -271 10 1
-225 -270 10 1
-228 -270 14 0
-227 -272 13 0
-225 -269 8 1
-231 -274 5 1
-231 -274 6 1
-230 -274 5 1
-230 -274 6 1
-230 -274 7 1
-228 -269 13 0
-248 -281 8 1
-248 -281 9 1
-248 -278 8 1
-228 -269 14 0
-229 -267 13 0
-243 -282 13 0
-248 -278 14 0
-225 -271 11 0
-248 -285 14 0
-248 -284 14 0
-247 -282 13 0
-243 -279 15 0
-236 -256 19 2
-235 -257 18 2
-235 -295 23 0
-239 -291 24 0
-239 -292 23 0
-238 -298 24 0
-201 -263 31 0
-218 -300 17 0
-220 -296 18 0
-215 -299 18 0
-206 -261 31 0
-222 -256 15 1
-222 -256 14 1
-222 -256 13 1
-223 -255 13 1
-223 -256 15 1
-223 -256 14 1
-223 -256 13 2
-224 -255 13 1
-224 -256 15 1
-224 -256 14 1
-224 -256 13 1
-215 -254 14 2
-216 -253 14 2
-238 -291 10 1
-238 -290 8 1
-238 -290 9 1
-238 -290 10 1
-244 -292 6 1
-244 -292 7 1
-243 -292 6 1
-242 -292 6 1
-240 -257 31 0
-235 -251 6 0
-234 -253 5 1
-238 -257 4 1
-238 -274 10 1
-238 -255 4 1
-237 -257 4 1
-237 -273 11 1
-237 -270 12 1
-236 -257 4 1
-236 -256 4 2
-236 -255 4 1
-235 -254 5 1
-234 -255 3 2
-233 -274 10 1
-241 -274 9 0
-242 -274 10 0
-236 -268 10 0
-237 -275 9 1
-240 -270 13 1
-236 -266 13 1
-236 -265 13 2
-236 -264 13 2
-235 -266 13 1
-235 -265 13 1
-235 -264 13 2
-234 -266 13 1
-230 -252 8 2
-231 -252 7 1
-238 -269 13 0
-201 -256 40 0
-202 -255 39 2
-207 -268 11 0
-204 -273 2 1
-204 -273 3 1
-228 -296 18 0
-202 -254 37 2
-213 -297 15 0
-209 -300 17 0
-238 -263 29 2
-213 -299 17 0
-210 -297 18 0
-241 -267 28 0
-232 -265 28 0
-233 -264 29 0
-234 -264 29 2
-240 -264 30 0
-211 -268 8 2
-237 -259 30 0
-240 -268 31 0
-232 -263 31 0
-240 -284 17 1
-241 -287 18 0
-241 -287 17 0
-240 -262 31 0
-239 -262 31 0
-239 -263 31 0
-238 -263 30 0
-236 -263 30 1
-235 -260 32 1
-235 -260 31 1
-235 -260 30 1
-235 -261 31 1
-235 -261 30 2
-235 -262 31 1
-235 -262 30 2
-236 -260 32 1
-215 -291 10 1
-215 -292 11 1
-215 -292 10 1
-234 -286 15 1
-240 -288 14 0
-232 -291 15 0
-244 -288 14 0
-240 -291 16 0
-230 -286 16 1
-237 -254 4 1
-231 -298 20 0
-239 -289 20 0
-241 -293 20 0
-238 -292 21 0
-214 -281 7 1
-214 -282 7 1
-214 -282 6 1
-215 -280 7 1
-215 -282 6 1
-250 -259 8 0
-214 -281 6 2
-215 -275 7 1
-214 -272 8 2
-237 -259 19 2
-239 -251 19 0
-240 -251 19 0
-234 -255 19 0
-233 -255 19 0
-219 -273 10 0
-215 -279 10 0
-216 -273 13 0
-215 -275 14 0
-219 -274 13 0
-215 -274 14 0
-235 -271 12 0
-207 -273 14 0
-212 -258 12 2
-207 -290 9 1
-210 -293 8 1
-209 -295 8 1
-209 -294 8 1
-209 -293 8 1
-208 -293 8 1
-208 -298 8 1
-203 -271 9 0
-208 -297 8 1
-206 -296 16 0
-208 -253 38 2
-208 -253 37 2
-208 -253 36 2
-208 -253 35 2
-205 -262 12 0
-239 -256 6 1
-239 -256 5 1
-239 -256 4 1
-202 -263 13 0
-203 -287 15 0
-203 -289 17 0
-205 -288 16 0
-206 -293 17 0
-205 -293 17 0
-204 -293 16 0
-236 -256 29 2
-214 -273 3 1
-234 -267 12 0
-220 -278 15 0
-220 -278 14 0
-219 -280 15 0
-225 -297 18 0
-225 -297 19 0
-224 -297 20 0
-202 -254 29 2
-221 -274 8 1
-224 -281 11 0
-225 -280 11 1
-225 -279 10 2
-239 -253 21 0
-250 -256 9 0
-233 -256 22 0
-239 -251 23 0
-239 -272 3 1
-239 -272 2 1
-236 -273 6 1
-221 -280 4 2
-216 -282 4 2
-216 -283 4 1
-217 -282 4 1
-217 -283 4 1
-218 -282 4 1
-218 -283 4 1
-218 -277 6 0
-219 -276 7 0
-220 -279 8 0
-211 -287 10 1
-201 -277 8 1
-201 -277 6 1
-202 -277 6 1
-250 -254 10 0
-201 -277 11 0
-236 -298 12 1
-235 -296 11 1
-250 -256 8 0
-238 -286 6 1
-250 -258 6 0
-203 -277 9 1
-204 -277 9 1
-208 -251 11 2
-236 -265 32 0
-241 -269 32 0
-213 -253 39 2
-213 -252 9 2
-213 -252 10 2
-213 -252 11 2
-242 -289 9 1
-243 -288 9 0
-244 -288 9 0
-245 -287 9 0
-247 -281 9 1
-247 -282 9 0
-247 -283 9 0
-249 -290 9 0
-248 -289 9 0
-241 -285 10 0
-232 -292 13 1
-203 -257 7 0
-217 -271 10 0
-217 -272 10 0
-206 -286 8 1
-212 -271 9 1
-218 -269 9 0
-219 -269 9 0
-204 -263 7 1
-215 -271 9 1
-202 -283 11 0
-210 -270 9 1
-210 -269 8 2
-210 -269 9 1
-210 -268 7 2
-202 -282 12 0
-210 -268 9 1
-206 -259 6 1
-205 -255 5 2
-217 -271 5 1
-206 -256 6 2
-212 -291 9 1
-204 -284 15 0
-204 -285 16 0
-205 -284 15 0
-203 -285 16 0
-202 -284 15 0
-216 -271 10 0
-201 -284 15 0
-218 -274 10 0
-205 -283 14 0
-222 -251 45 0
-221 -253 43 0
-222 -254 43 0
-222 -252 41 0
-223 -253 41 0
-226 -261 10 0
-229 -256 5 1
-229 -257 5 1
-229 -258 5 1
-230 -256 5 1
-230 -257 5 1
-230 -258 5 1
-231 -257 5 1
-231 -258 5 1
-229 -260 11 1
-226 -261 9 0
-229 -263 4 1
-227 -261 9 0
-239 -253 12 2
-235 -256 13 1
-236 -258 25 2
-236 -251 13 0
-239 -256 13 2
-237 -253 26 0
-236 -259 14 2
-236 -258 14 2
-236 -257 14 2
-215 -277 14 0
-238 -280 25 0
-232 -280 25 0
-233 -281 25 1
-233 -285 26 0
-236 -278 26 0
-202 -288 15 0
-224 -288 20 0
-223 -289 20 0
-235 -261 34 1
-201 -295 14 2
-235 -261 33 1
-235 -262 33 2
-237 -257 33 1
-239 -260 34 0
-231 -271 4 2
-238 -265 17 0
-201 -291 13 0
-202 -291 13 0
-242 -285 9 0
-243 -285 9 0
-244 -285 9 0
-250 -283 10 0
-245 -290 10 0
-245 -289 10 0
-245 -288 10 0
-247 -257 12 0
-243 -261 12 0
-244 -260 12 0
-242 -254 13 2
-243 -257 12 2
-247 -260 13 0
-247 -260 12 0
-241 -260 13 2
-246 -255 14 0
-246 -256 13 0
-245 -256 13 0
-245 -261 13 0
-241 -257 14 2
-207 -256 24 2
-207 -256 23 2
-208 -251 24 2
-208 -251 23 2
-208 -251 22 2
-208 -251 21 2
-236 -252 6 0
-234 -254 7 0
-231 -253 5 1
-231 -254 5 1
-209 -257 33 2
-209 -256 16 2
-209 -256 17 2
-209 -256 18 2
-207 -263 8 0
-207 -264 9 0
-208 -256 9 2
-236 -280 19 1
-236 -279 19 1
-235 -279 19 1
-239 -261 9 2
-239 -261 10 2
-239 -261 11 2
-241 -255 10 0
-244 -262 10 0
-244 -263 9 1
-248 -261 9 0
-243 -261 9 0
-242 -262 8 1
-203 -282 12 0
-234 -262 30 1
-247 -281 3 2
-247 -281 4 2
-221 -284 7 2
-209 -269 8 1
-209 -270 8 1
-209 -271 8 1
-209 -272 8 0
-235 -293 26 0
-204 -273 8 0
-237 -287 18 0
-238 -286 10 0
-236 -288 11 0
-237 -288 12 0
-239 -285 9 1
-238 -287 10 0
-236 -284 10 0
-237 -285 11 0
-236 -287 14 1
-239 -282 15 1
-230 -270 4 2
-229 -269 5 2
-228 -263 5 1
-239 -279 21 0
-239 -284 26 1
-240 -281 28 0
-236 -285 26 1
-243 -285 25 0
-240 -295 19 0
-237 -290 19 0
-243 -291 20 0
-238 -293 19 1
-239 -290 20 0
-241 -293 21 0
-240 -293 20 0
-202 -269 6 0
-238 -265 3 1
-238 -266 4 1
-238 -266 3 2
-238 -267 3 1
-240 -268 4 0
-240 -265 6 1
-240 -265 5 1
-240 -267 7 1
-247 -255 11 0
-247 -261 11 0
-242 -263 10 1
-245 -262 9 0
-244 -259 14 0
-243 -259 18 0
-244 -260 15 0
-244 -258 15 0
-244 -256 17 0
-242 -261 17 0
-246 -259 15 0
-247 -258 17 0
-242 -258 15 2
-244 -260 14 0
-244 -261 14 0
-244 -261 15 0
-245 -263 16 0
-214 -255 19 2
-214 -255 20 2
-214 -255 21 2
-214 -255 22 2
-214 -255 23 2
-214 -255 24 2
-214 -255 25 2
-214 -255 26 2
-229 -252 8 1
-229 -252 7 1
-227 -262 27 0
-224 -261 29 0
-231 -264 27 0
-208 -299 11 1
-217 -270 8 1
-205 -298 12 1
-205 -298 13 1
-244 -263 13 0
-204 -300 14 1
-204 -299 12 1
-239 -260 12 2
-239 -260 13 2
-239 -259 12 2
-207 -272 15 0
-207 -274 13 0
-206 -261 11 0
-204 -257 9 0
-205 -259 7 0
-206 -259 8 0
-207 -259 9 0
-207 -259 10 0
-227 -283 11 1
-238 -278 6 1
-228 -284 11 1
-222 -289 11 1
-223 -288 12 1
-223 -287 12 1
-223 -281 12 0
-224 -282 12 0
-227 -288 13 1
-220 -284 14 1
-201 -263 30 0
-238 -293 8 1
-203 -266 9 0
-203 -265 10 0
-214 -280 12 0
-216 -278 8 0
-232 -279 13 0
-215 -277 6 0
-219 -280 8 0
-219 -277 7 0
-219 -277 6 0
-219 -276 6 0
-211 -270 11 0
-216 -280 6 1
-216 -280 5 2
-220 -279 6 1
-220 -279 5 1
-218 -278 8 0
-218 -278 7 0
-218 -278 6 1
-217 -278 5 1
-221 -280 7 0
-207 -269 10 0
-218 -266 6 1
-219 -267 7 1
-216 -261 6 1
-216 -260 6 1
-217 -259 6 0
-227 -295 24 0
-225 -300 25 0
-209 -299 12 1
-209 -300 12 1
-241 -284 16 1
-243 -285 13 0
-243 -285 14 0
-239 -294 12 1
-239 -295 12 1
-239 -296 12 1
-239 -297 12 1
-236 -293 12 1
-235 -293 12 1
-234 -293 11 1
-243 -295 11 0
-238 -289 11 0
-238 -288 11 0
-239 -296 10 2
-239 -296 11 2
-238 -296 10 1
-238 -296 11 1
-238 -296 12 1
-238 -295 12 1
-238 -294 12 1
-237 -296 10 1
-229 -295 13 1
-229 -295 12 1
-229 -296 14 1
-229 -296 12 1
-229 -297 14 1
-229 -297 13 1
-202 -255 3 2
-228 -261 10 0
-228 -262 8 0
-230 -263 6 0
-202 -255 4 1
-202 -254 2 2
-233 -277 13 0
-231 -278 15 0
-247 -260 29 0
-244 -256 32 0
-201 -253 1 1
-206 -287 14 0
-246 -263 27 0
-246 -260 29 0
-245 -260 29 0
-207 -273 8 1
-213 -271 9 1
-211 -272 8 1
-207 -275 9 1
-207 -276 9 1
-249 -275 16 1
-249 -266 17 0
-249 -268 16 1
-247 -272 17 1
-248 -271 16 1
-247 -268 18 0
-248 -268 17 0
-249 -269 17 0
-205 -264 8 0
-205 -265 3 1
-206 -265 3 2
-207 -263 4 1
-207 -264 4 1
-203 -258 29 0
-211 -263 4 1
-210 -262 5 0
-210 -257 5 1
-213 -257 8 2
-246 -252 7 0
-239 -285 7 2
-239 -285 6 1
-239 -285 5 1
-239 -286 5 1
-239 -287 6 1
-239 -287 5 1
-240 -286 5 1
-206 -282 12 0
-207 -283 14 0
-206 -285 17 0
-213 -260 1 1
-235 -257 15 2
-235 -258 15 2
-229 -253 16 1
-222 -254 13 1
-238 -255 17 2
-232 -296 14 1
-232 -296 13 1
-232 -296 12 1
-233 -296 14 1
-233 -296 13 1
-233 -296 12 1
-234 -296 13 1
-237 -297 13 0
-234 -297 15 0
-235 -289 15 0
-235 -290 15 0
-231 -294 15 0
-232 -294 16 0
-213 -258 7 1
-213 -258 6 2
-213 -259 8 1
-213 -259 7 1
-213 -259 6 1
-212 -258 7 2
-206 -265 7 1
-206 -264 7 1
-207 -263 7 0
-205 -256 8 1
-209 -271 12 0
-209 -271 11 0
-209 -272 10 0
-210 -275 12 0
-210 -275 11 0
-208 -274 12 0
-208 -274 11 0
-208 -274 10 0
-240 -256 25 0
-235 -257 25 2
-201 -267 23 0
-222 -277 9 1
-221 -275 11 0
-207 -290 14 0
-202 -300 12 1
-202 -300 13 1
-201 -263 8 0
-209 -292 12 0
-226 -295 20 0
-229 -251 13 2
-229 -251 15 1
-231 -269 3 2
-231 -269 4 2
-231 -269 5 2
-228 -252 13 1
-228 -252 14 1
-228 -252 15 2
-229 -258 20 0
-230 -257 20 0
-224 -261 20 0
-223 -262 20 0
-229 -263 20 0
-230 -264 19 0
-226 -257 19 1
-225 -263 20 0
-222 -285 15 1
-240 -286 6 1
-231 -255 15 1
-231 -254 13 2
-231 -254 14 2
-207 -252 5 2
-208 -251 7 1
-208 -251 6 1
-208 -251 5 2
-208 -252 7 1
-208 -252 6 1
-208 -252 5 1
-207 -251 6 2
-204 -255 9 1
-217 -257 15 0
-216 -251 16 2
-214 -256 17 0
-215 -256 17 0
-243 -275 5 1
-240 -277 10 1
-240 -276 10 1
-240 -276 9 1
-243 -273 11 1
-241 -274 10 0
-239 -271 12 2
-241 -275 12 0
-241 -275 11 0
-250 -262 4 0
-229 -279 15 0
-237 -270 5 1
-238 -275 6 2
-239 -273 5 2
-239 -274 6 1
-233 -297 17 0
-241 -273 5 2
-241 -274 5 1
-241 -275 5 2
-241 -275 4 1
-241 -275 3 2
-237 -251 1 2
-237 -251 0 1
-237 -252 2 1
-237 -252 1 2
-214 -254 24 2
-214 -254 23 2
-214 -254 22 2
-248 -251 10 0
-249 -251 9 0
-249 -252 10 0
-250 -252 10 0
-241 -260 11 2
-241 -259 11 2
-239 -275 11 1
-239 -275 12 0
-241 -276 11 0
-242 -276 12 0
-240 -274 10 0
-240 -273 11 1
-240 -272 12 1
-241 -277 10 0
-241 -278 10 0
-241 -279 11 0
-241 -273 9 0
-242 -272 10 0
-242 -271 10 0
-237 -276 10 1
-243 -276 9 0
-240 -277 8 1
-239 -277 9 1
-239 -278 9 1
-239 -279 9 1
-243 -273 9 1
-243 -279 8 1
-239 -277 8 1
-238 -277 8 2
-242 -275 8 0
-243 -275 8 0
-244 -275 7 0
-245 -275 7 0
-240 -277 7 1
-240 -278 7 1
-240 -280 7 1
-242 -272 7 2
-243 -272 7 1
-244 -277 6 1
-248 -269 2 1
-248 -264 4 1
-246 -265 6 1
-246 -266 6 1
-248 -266 6 1
-248 -267 2 2
-249 -265 4 1
-250 -267 9 1
-250 -267 8 1
-250 -263 3 1
-205 -278 16 0
-207 -282 18 0
-203 -279 11 0
-201 -279 11 0
-203 -280 10 1
-206 -280 10 1
-228 -263 1 1
-241 -283 6 1
-241 -283 5 1
-241 -284 5 1
-225 -286 9 1
-225 -287 11 1
-241 -284 6 2
-225 -287 9 1
-226 -285 11 1
-226 -285 10 2
-226 -285 9 1
-226 -286 11 2
-226 -286 9 1
-226 -287 11 1
-226 -287 10 1
-226 -287 9 1
-227 -285 11 1
-227 -285 10 1
-227 -285 9 1
-227 -286 11 2
-227 -286 10 1
-243 -280 15 0
-243 -281 14 0
-243 -281 13 0
-243 -282 12 0
-217 -258 40 0
-216 -257 41 0
-235 -266 5 2
-232 -273 8 2
-223 -263 15 0
-227 -255 17 1
-227 -255 16 1
-227 -255 15 1
-228 -255 17 1
-228 -255 16 2
-228 -255 15 2
-222 -259 16 0
-231 -257 17 0
-230 -258 16 0
-205 -261 35 0
-206 -261 35 0
-201 -262 34 0
-206 -257 34 2
-203 -261 33 0
-242 -257 7 1
-242 -257 6 2
-247 -259 9 0
-243 -255 9 1
-244 -255 9 2
-244 -258 10 1
-246 -254 8 0
-248 -257 10 0
-232 -253 18 0
-240 -252 18 0
-235 -259 19 2
-219 -270 9 0
-227 -268 12 0
-229 -268 9 0
-245 -279 11 0
-245 -279 12 0
-246 -279 13 0
-236 -295 26 0
-237 -295 25 0
-237 -295 24 0
-237 -295 23 0
-225 -284 21 0
-227 -279 22 0
-227 -280 21 0
-227 -280 20 0
-239 -297 18 0
-224 -296 17 0
-202 -259 38 0
-227 -297 20 0
-239 -252 10 1
-218 -285 9 1
-218 -285 8 1
-220 -278 9 0
-239 -268 31 0
-222 -255 19 1
-223 -255 19 1
-224 -255 19 1
-210 -280 11 0
-215 -254 18 2
-216 -254 18 0
-217 -254 17 0
-219 -255 19 1
-219 -255 18 1
-219 -256 19 1
-219 -256 17 1
-219 -257 19 1
-219 -257 18 1
-219 -257 17 1
-220 -255 19 1
-202 -253 6 2
-250 -283 6 0
-226 -280 18 0
-227 -300 17 0
-250 -282 10 0
-250 -282 9 0
-222 -255 6 1
-221 -257 6 2
-221 -257 7 2
-221 -256 6 2
-221 -255 6 1
-230 -278 19 0
-234 -275 17 0
-231 -275 16 0
-231 -296 19 0
-228 -282 14 0
-224 -290 12 1
-239 -296 14 0
-224 -289 11 1
-223 -290 10 1
-223 -290 11 1
-223 -290 12 1
-223 -289 10 1
-233 -293 13 2
-240 -295 13 0
-222 -290 12 1
-222 -289 12 1
-222 -288 12 1
-225 -281 11 0
-221 -284 10 2
-239 -286 6 2
-201 -286 18 0
-204 -287 18 0
-202 -283 17 0
-216 -257 5 1
-229 -267 14 0
-228 -266 13 0
-227 -264 12 0
-233 -268 11 0
-234 -269 11 0
-229 -265 10 0
-242 -296 12 0
-218 -285 14 1
-219 -280 11 0
-218 -259 3 1
-218 -265 2 1
-218 -265 3 1
-240 -271 25 0
-211 -285 14 0
-240 -270 26 0
-223 -288 15 0
-240 -286 7 1
-228 -279 13 0
-238 -277 9 1
-238 -278 9 1
-238 -279 9 1
-210 -286 17 0
-213 -270 13 0
-218 -267 13 0
-213 -267 11 0
-213 -266 12 0
-212 -266 12 0
-215 -269 10 1
-216 -271 11 0
-216 -272 12 0
-217 -264 12 0
-227 -299 16 1
-223 -260 6 1
-227 -265 6 0
-222 -268 5 0
-222 -269 5 0
-216 -260 8 0
-250 -276 5 2
-250 -276 6 2
-216 -264 7 0
-250 -275 5 1
-250 -275 6 1
-250 -275 7 1
-250 -274 5 1
-250 -274 6 1
-250 -274 7 1
-215 -266 8 1
-215 -265 7 1
-214 -267 6 2
-214 -267 7 2
-235 -291 17 0
-236 -295 17 1
-204 -253 37 2
-201 -251 36 2
-228 -300 18 0
-231 -297 18 0
-241 -253 17 0
-235 -253 18 0
-237 -255 19 2
-238 -257 17 2
-238 -251 16 0
-236 -255 18 0
-246 -290 6 1
-246 -290 5 1
-246 -290 4 1
-232 -269 5 2
-223 -261 16 0
-224 -261 16 0
-224 -261 17 0
-229 -257 16 1
-229 -258 16 1
-215 -282 12 1
-215 -283 12 1
-215 -274 11 0
-216 -276 10 0
-213 -280 12 0
-214 -280 11 0
-219 -275 12 0
-227 -266 23 0
-230 -258 23 0
-230 -257 23 0
-209 -264 2 2
-206 -262 5 1
-206 -263 5 1
-206 -263 4 1
-206 -264 5 2
-206 -264 4 2
-206 -255 3 1
-207 -255 3 1
-210 -263 4 0
-209 -262 5 0
-208 -261 5 1
-235 -276 8 1
-235 -276 7 1
-235 -276 6 1
-235 -277 8 2
-237 -266 8 2
-237 -267 8 1
-238 -275 8 2
-240 -268 9 1
-239 -269 9 1
-238 -269 8 0
-234 -275 9 1
-235 -273 9 1
-237 -273 10 1
-237 -273 9 1
-238 -273 10 2
-238 -273 9 1
-238 -273 8 1
-239 -273 10 1
-239 -273 9 1
-239 -273 8 1
-237 -268 10 0
-237 -268 9 0
-237 -274 11 1
-237 -270 8 1
-234 -273 9 1
-234 -274 9 2
-233 -275 9 1
-237 -269 8 0
-202 -256 6 0
-238 -274 8 1
-232 -274 8 1
-231 -274 7 1
-231 -274 8 1
-231 -274 9 2
-240 -270 7 1
-201 -252 5 2
-202 -253 4 2
-202 -253 5 2
-239 -266 5 1
-207 -262 14 0
-234 -262 6 1
-234 -262 7 1
-232 -263 4 2
-219 -258 5 1
-219 -259 4 0
-217 -257 3 1
-220 -257 3 1
-220 -256 3 1
-220 -255 3 1
-219 -257 3 1
-219 -256 3 1
-247 -282 11 0
-226 -268 2 1
-227 -268 2 1
-228 -266 4 1
-228 -266 3 2
-248 -286 10 0
-246 -285 12 0
-246 -285 11 0
-247 -285 10 0
-231 -298 14 0
-223 -269 1 1
-234 -299 14 0
-233 -299 16 0
-224 -269 2 1
-224 -269 1 1
-226 -265 5 0
-233 -297 16 0
-226 -270 3 1
-213 -254 46 0
-213 -254 45 0
-214 -254 45 0
-215 -256 38 0
-214 -255 40 2
-214 -252 39 2
-222 -295 16 0
-210 -285 8 1
-228 -290 11 1
-228 -290 12 1
-228 -289 10 1
-228 -289 11 2
-210 -297 13 0
-211 -294 12 1
-231 -275 19 0
-231 -275 20 0
-232 -274 16 0
-232 -273 18 0
-234 -253 29 0
-239 -279 11 0
-246 -279 10 0
-247 -279 11 0
-242 -280 10 1
-232 -252 9 1
-229 -252 11 2
-230 -252 11 2
-242 -281 10 1
-242 -282 10 1
-229 -299 12 2
-229 -299 11 1
-229 -299 10 1
-205 -285 16 0
-243 -254 18 0
-243 -253 19 0
-245 -254 16 0
-245 -252 17 0
-246 -257 16 0
-248 -258 17 0
-242 -253 16 0
-241 -252 16 0
-247 -254 15 0
-222 -252 45 0
-224 -253 43 0
-221 -280 15 0
-221 -279 16 0
-223 -282 13 0
-220 -281 13 0
-219 -281 14 0
-218 -280 15 0
-223 -280 13 0
-203 -266 3 2
-204 -267 2 1
-203 -263 12 0
-201 -264 12 0
-232 -277 18 0
-223 -264 9 0
-221 -267 8 0
-221 -268 8 0
-221 -268 9 0
-221 -262 8 0
-222 -262 8 0
-230 -300 12 1
-233 -285 20 0
-236 -260 25 2
-237 -260 26 2
-235 -262 26 2
-235 -262 27 2
-209 -271 6 1
-210 -272 6 1
-207 -274 7 2
-207 -274 6 1
-207 -275 8 2
-207 -275 7 2
-207 -275 6 2
-207 -276 8 2
-207 -276 7 1
-207 -276 6 1
-209 -280 8 1
-209 -280 7 1
-209 -280 6 1
-210 -280 8 1
-210 -280 7 1
-227 -286 18 0
-227 -285 19 0
-227 -285 20 0
-226 -289 19 0
-225 -290 20 0
-230 -287 19 0
-224 -285 19 0
-226 -289 15 1
-226 -289 17 1
-211 -278 9 1
-211 -277 8 1
-211 -277 9 1
-210 -279 7 2
-210 -279 9 1
-235 -258 16 2
-235 -256 17 0
-236 -251 17 0
-240 -256 17 2
-232 -255 17 0
-245 -274 6 1
-246 -272 8 2
-217 -280 7 0
-248 -282 7 0
-250 -276 8 2
-250 -275 8 1
-249 -277 6 1
-203 -254 3 2
-205 -265 6 1
-221 -251 12 1
-221 -251 11 1
-221 -252 11 1
-236 -269 16 0
-235 -276 17 0
-231 -270 17 0
-232 -270 17 0
-238 -271 18 0
-234 -273 16 0
-234 -269 18 0
-234 -270 17 0
-226 -295 15 1
-225 -295 15 0
-225 -296 15 0
-202 -281 9 2
-216 -290 11 1
-202 -282 9 2
-202 -282 8 1
-216 -291 11 1
-202 -286 10 1
-225 -294 15 0
-216 -292 11 2
-202 -287 10 2
-202 -287 9 2
-202 -287 8 1
-203 -251 36 2
-203 -251 34 2
-203 -251 33 2
-203 -251 32 2
-204 -284 10 1
-203 -251 30 2
-203 -269 11 0
-203 -267 11 0
-204 -285 9 2
-204 -285 8 1
-203 -284 9 2
-226 -293 18 0
-226 -294 18 0
-225 -295 17 0
-203 -251 20 2
-225 -300 18 0
-203 -251 18 2
-205 -269 12 0
-202 -282 11 0
-203 -251 15 2
-237 -259 11 2
-237 -259 12 2
-237 -259 13 2
-237 -258 11 2
-237 -258 12 2
-237 -258 13 2
-236 -260 11 2
-201 -252 4 2
-201 -252 6 2
-201 -251 4 2
-201 -251 5 2
-237 -252 30 0
-235 -254 27 0
-239 -252 28 0
-213 -273 10 1
-213 -272 10 1
-214 -278 9 1
-214 -280 10 0
-213 -276 9 0
-211 -276 9 0
-210 -276 9 1
-230 -251 15 1
-215 -276 8 0
-211 -294 14 0
-207 -300 14 0
-247 -265 14 0
-248 -265 16 0
-241 -263 15 0
-246 -269 15 0
-246 -263 14 0
-247 -266 13 0
-249 -267 14 0
-247 -264 13 0
-249 -263 13 0
-248 -269 13 2
-249 -270 12 2
-249 -270 13 2
-249 -270 14 1
-249 -269 12 2
-249 -269 13 2
-249 -269 14 2
-249 -268 12 2
-249 -268 13 1
-249 -268 14 1
-248 -270 12 2
-229 -260 27 0
-227 -257 26 0
-229 -263 27 0
-226 -260 28 0
-227 -260 28 0
-231 -264 28 0
-231 -263 28 0
-231 -262 29 0
-226 -263 18 0
-226 -265 17 0
-226 -266 17 0
-228 -259 17 1
-229 -258 17 1
-229 -257 17 1
-224 -254 6 1
-223 -261 17 0
-226 -257 15 1
-226 -256 15 1
-226 -255 15 1
-233 -261 14 2
-226 -255 16 1
-209 -274 11 0
-209 -274 12 0
-210 -273 9 0
-210 -273 10 0
-210 -272 11 0
-210 -272 12 0
-209 -276 10 0
-209 -276 11 0
-208 -277 12 0
-212 -274 10 0
-203 -274 4 2
-203 -274 5 2
-205 -271 6 1
-204 -271 5 1
-203 -271 5 1
-203 -270 4 1
-208 -268 3 1
-208 -268 4 1
-208 -268 5 1
-207 -268 3 1
-206 -270 3 1
-206 -270 4 1
-206 -270 5 1
-206 -269 3 1
-206 -268 3 1
-204 -273 5 2
-205 -272 6 1
-204 -273 4 1
-204 -272 4 1
-204 -272 5 2
-226 -251 4 1
-204 -272 6 1
-208 -274 9 1
-208 -272 7 0
-207 -271 7 0
-205 -261 6 0
-239 -284 8 2
-239 -283 7 1
-239 -283 8 2
-209 -291 13 0
-206 -300 13 1
-206 -299 13 1
-206 -298 12 1
-214 -296 12 1
-209 -298 12 1
-241 -261 23 2
-241 -261 24 2
-241 -261 25 2
-241 -260 21 2
-241 -260 22 2
-241 -260 23 2
-241 -259 23 2
-241 -258 22 2
-241 -258 23 2
-245 -264 13 1
-245 -265 16 0
-244 -264 9 1
-244 -265 9 2
-245 -264 11 1
-245 -264 10 1
-245 -264 9 2
-245 -265 9 1
-246 -264 11 1
-246 -264 10 2
-246 -264 9 1
-246 -265 11 1
-246 -265 10 2
-246 -266 11 1
-245 -263 12 0
-245 -267 14 1
-245 -267 13 1
-243 -268 15 0
-246 -265 16 0
-244 -267 17 0
-245 -265 12 2
-245 -265 11 2
-245 -265 10 2
-245 -266 11 1
-245 -266 10 2
-246 -269 11 1
-247 -266 12 0
-246 -266 12 1
-245 -266 12 1
-246 -264 14 0
-245 -264 14 0
-244 -265 15 1
-243 -269 15 0
-242 -265 16 1
-242 -266 16 1
-243 -265 16 1
-245 -259 17 0
-243 -261 18 0
-243 -260 17 0
-245 -260 19 0
-242 -259 20 2
-244 -262 14 0
-240 -256 14 2
-249 -259 14 0
-248 -259 14 0
-250 -279 2 2
-206 -265 8 0
-250 -279 4 2
-207 -264 10 0
-250 -278 3 1
-250 -278 4 2
-248 -255 1 2
-246 -286 6 1
-246 -286 4 2
-246 -287 6 1
-246 -287 5 2
-246 -287 4 2
-247 -285 6 1
-247 -285 4 2
-247 -286 6 1
-247 -286 5 1
-235 -276 14 0
-222 -268 9 0
-223 -263 10 0
-246 -282 7 2
-246 -282 6 2
-246 -282 5 2
-247 -280 7 1
-247 -281 7 1
-247 -282 7 1
-247 -282 6 1
-247 -282 5 2
-249 -287 6 1
-249 -286 6 1
-209 -252 12 2
-209 -251 11 2
-210 -262 4 0
-213 -261 5 1
-215 -264 4 1
-247 -280 8 2
-223 -267 3 1
-222 -269 4 1
-222 -268 4 1
-221 -269 4 1
-221 -268 4 1
-250 -277 1 1
-250 -276 1 1
-250 -275 1 1
-249 -277 1 1
-249 -276 1 1
-249 -275 1 1
-249 -275 2 1
-235 -300 12 1
-235 -300 13 1
-235 -300 14 1
-235 -298 17 0
-235 -300 16 0
-236 -300 15 0
-235 -300 19 0
-237 -270 29 0
-237 -271 30 0
-238 -272 30 0
-238 -266 29 1
-238 -265 29 2
-239 -264 30 0
-235 -269 28 0
-234 -269 29 0
-233 -270 29 0
-236 -267 23 0
-236 -266 25 1
-236 -269 22 0
-235 -270 24 0
-228 -300 23 0
-215 -266 3 1
-216 -260 5 1
-216 -260 4 2
-216 -260 3 1
-216 -261 5 1
-216 -261 4 1
-216 -261 3 1
-216 -262 5 1
-216 -262 4 2
-216 -262 3 2
-201 -255 33 2
-236 -268 17 0
-248 -261 0 1
-247 -261 0 1
-246 -261 0 1
-244 -264 3 1
-245 -263 4 0
-201 -265 25 0
-250 -267 19 0
-249 -272 18 1
-249 -273 19 0
-236 -255 3 1
-236 -256 3 2
-237 -255 3 2
-238 -255 3 1
-238 -256 3 1
-238 -251 4 0
-237 -253 4 1
-239 -255 4 1
-232 -257 5 0
-233 -256 5 1
-236 -291 14 0
-243 -294 14 0
-240 -298 15 0
-233 -292 15 0
-235 -293 15 0
-213 -297 18 0
-237 -292 17 1
-239 -295 19 0
-243 -288 14 0
-240 -283 14 0
-240 -283 13 1
-213 -251 35 2
-213 -251 34 2
-207 -254 6 1
-204 -257 6 1
-205 -257 5 2
-205 -260 5 0
-239 -263 34 0
-237 -259 33 1
-239 -258 32 0
-201 -254 39 2
-204 -252 4 1
-231 -258 7 1
-231 -258 6 1
-232 -258 6 1
-203 -256 38 2
-206 -276 9 1
-201 -253 37 2
-244 -260 11 0
-243 -255 12 2
-243 -256 12 2
-248 -260 13 0
-247 -259 12 0
-240 -260 13 2
-241 -260 12 2
-242 -259 12 2
-246 -255 13 0
-245 -257 12 0
-245 -262 14 0
-245 -260 12 0
-241 -256 14 2
-246 -258 13 0
-243 -260 14 0
-243 -259 12 0
-244 -256 15 0
-244 -257 13 0
-246 -260 15 0
-245 -260 14 0
-240 -290 16 0
-240 -290 15 0
-240 -290 14 0
-239 -287 19 0
-235 -278 13 0
-236 -278 13 0
-231 -272 13 0
-231 -278 13 0
-230 -279 12 0
-230 -298 16 1
-241 -256 24 0
-240 -256 24 0
-235 -254 23 1
-239 -251 25 0
-215 -251 8 1
-242 -295 7 1
-243 -294 9 1
-228 -297 18 1
-226 -299 19 0
-226 -295 21 0
-220 -251 18 1
-218 -252 19 2
-227 -252 19 0
-242 -279 7 1
-242 -280 8 2
-242 -280 6 2
-242 -281 8 2
-236 -264 17 2
-238 -286 28 0
-240 -282 27 1
-241 -285 26 0
-242 -281 23 0
-241 -279 24 0
-241 -280 24 0
-241 -281 24 0
-244 -281 25 0
-242 -281 26 0
-241 -285 25 0
-242 -283 26 0
-239 -286 27 0
-235 -283 23 1
-235 -284 23 1
-235 -285 23 1
-236 -285 23 1
-237 -285 23 1
-243 -287 24 0
-239 -288 25 0
-239 -280 25 0
-229 -284 12 1
-224 -285 13 1
-240 -296 18 0
-240 -295 17 0
-236 -290 18 0
-245 -275 12 0
-244 -277 11 0
-244 -282 13 0
-238 -294 23 0
-240 -296 25 0
-238 -293 23 0
-238 -292 24 0
-201 -279 10 1
-201 -278 10 1
-238 -292 25 0
-236 -296 24 0
-239 -294 22 0
-240 -294 23 0
-241 -294 24 0
-241 -294 18 0
-223 -266 5 1
-224 -261 5 0
-246 -270 17 0
-246 -274 19 0
-247 -274 18 1
-247 -273 16 1
-247 -272 20 0
-236 -251 10 0
-236 -252 10 0
-240 -256 9 0
-239 -256 10 0
-234 -254 11 0
-230 -253 11 2
-230 -253 10 2
-230 -253 9 1
-230 -254 11 2
-230 -254 10 1
-249 -279 10 0
-234 -264 14 1
-234 -265 14 2
-234 -266 14 1
-233 -263 15 0
-224 -254 8 1
-224 -254 9 2
-224 -253 7 1
-241 -255 7 0
-211 -268 2 1
-212 -268 3 1
-202 -268 5 1
-202 -268 6 1
-202 -266 3 2
-202 -266 2 1
-202 -267 3 1
-202 -267 2 1
-203 -266 2 1
-203 -267 2 1
-204 -266 3 1
-239 -296 26 0
-237 -293 23 0
-237 -293 24 0
-243 -252 14 0
-248 -255 13 0
-242 -251 12 0
-240 -294 24 0
-241 -254 10 1
-229 -251 3 1
-235 -297 19 0
-213 -261 8 0
-213 -261 7 0
-237 -276 7 1
-237 -276 8 2
-237 -275 6 1
-210 -268 10 1
-211 -268 10 1
-206 -260 8 0
-204 -260 7 0
-218 -270 11 0
-218 -270 10 0
-211 -270 12 0
-203 -255 8 1
-213 -270 11 0
-216 -273 12 0
-215 -270 10 0
-212 -267 13 0
-212 -267 12 0
-218 -268 13 0
-218 -268 12 0
-217 -268 11 0
-213 -271 13 0
-214 -271 12 0
-201 -256 10 0
-228 -282 13 0
-234 -268 16 0
-232 -268 18 0
-241 -261 11 1
-240 -263 9 2
-240 -263 10 2
-240 -263 11 2
-240 -262 9 1
-206 -263 15 0
-205 -263 16 0
-204 -263 16 0
-207 -260 15 0
-207 -259 15 0
-206 -258 16 0
-207 -265 15 0
-207 -266 15 0
-206 -261 14 0
-203 -261 15 0
-208 -260 14 0
-209 -259 14 0
-209 -258 14 0
-209 -257 14 2
-207 -263 14 0
-205 -265 4 1
-211 -265 12 0
-241 -297 20 0
-241 -298 20 0
-241 -296 18 0
-237 -297 17 0
-240 -297 16 0
-201 -274 15 0
-201 -273 14 0
-244 -287 14 0
-244 -287 15 0
-245 -287 12 0
-246 -288 13 0
-246 -288 14 0
-214 -296 11 1
-214 -297 10 1
-202 -252 34 2
-214 -297 9 1
-215 -299 11 2
-220 -264 10 0
-215 -267 9 1
-215 -268 9 1
-215 -269 9 1
-217 -265 9 0
-231 -279 23 0
-231 -279 22 0
-230 -279 22 0
-234 -283 22 2
-235 -282 21 2
-214 -275 6 1
-217 -277 6 0
-219 -274 6 1
-219 -274 5 1
-234 -263 9 1
-220 -274 6 2
-220 -274 5 2
-234 -264 9 2
-221 -274 6 1
-236 -285 20 1
-236 -288 17 0
-235 -289 18 0
-239 -287 18 0
-217 -266 9 1
-207 -281 16 0
-218 -261 10 0
-235 -265 4 1
-235 -265 3 1
-235 -266 4 1
-235 -266 3 1
-235 -267 4 1
-235 -267 3 2
-235 -268 6 1
-232 -273 5 1
-208 -278 11 0
-234 -273 6 1
-209 -278 13 0
-228 -273 9 2
-234 -289 11 0
-230 -271 9 1
-235 -272 8 1
-237 -266 9 2
-221 -254 18 0
-221 -253 18 0
-233 -251 10 0
-234 -252 10 0
-215 -295 17 0
-202 -262 28 0
-204 -262 27 0
-216 -298 16 0
-211 -251 12 2
-211 -251 13 2
-229 -280 17 0
-221 -284 16 0
-234 -257 30 0
-239 -252 31 0
-234 -253 31 0
-235 -254 30 0
-240 -255 31 0
-243 -272 2 1
-213 -273 6 2
-213 -273 7 2
-202 -258 34 0
-201 -259 36 0
-204 -260 37 0
-202 -260 39 0
-218 -267 11 0
-217 -265 11 0
-211 -286 12 1
-229 -253 4 1
-229 -252 4 1
-235 -257 3 2
-234 -254 4 2
-236 -257 2 1
-221 -253 42 0
-218 -253 43 0
-212 -265 12 0
-213 -265 11 0
-241 -265 30 0
-204 -279 14 0
-223 -291 17 0
-250 -258 7 0
-248 -260 7 0
-250 -261 4 0
-248 -256 10 0
-249 -253 9 0
-248 -258 4 0
-249 -254 8 0
-246 -258 5 1
-248 -257 8 0
-242 -283 24 0
-242 -283 25 0
-243 -283 26 0
-241 -285 24 0
-241 -286 25 0
-241 -287 26 0
-242 -281 25 0
-242 -280 25 0
-236 -285 25 1
-245 -285 25 0
-239 -281 24 1
-238 -279 24 0
-244 -282 24 0
-245 -281 24 0
-243 -288 23 0
-241 -281 23 0
-241 -280 23 0
-241 -279 23 0
-237 -287 23 0
-241 -288 22 0
-242 -281 22 0
-216 -254 5 1
-216 -254 4 1
-216 -255 5 2
-216 -255 4 1
-217 -253 6 2
-217 -253 5 2
-217 -253 4 1
-217 -254 6 2
-217 -254 4 1
-214 -253 7 1
-214 -253 6 1
-214 -254 7 2
-214 -254 6 1
-214 -255 6 1
-215 -253 6 1
-215 -254 6 1
-215 -255 6 2
-216 -253 6 2
-216 -254 6 2
-216 -255 6 2
-216 -251 7 1
-217 -251 7 2
-218 -251 7 2
-218 -252 7 2
-222 -258 8 1
-235 -257 9 2
-212 -255 7 1
-213 -255 7 2
-214 -255 7 2
-214 -256 7 2
-214 -257 7 1
-220 -259 10 0
-220 -258 10 1
-219 -259 13 0
-218 -264 7 0
-217 -264 6 0
-218 -259 9 0
-218 -260 8 0
-217 -261 8 0
-217 -262 7 0
-216 -262 7 0
-217 -267 9 1
-217 -266 8 1
-216 -265 7 1
-214 -262 9 0
-219 -263 10 0
-219 -263 9 0
-218 -263 8 0
-217 -263 7 0
-214 -266 10 0
-215 -265 9 0
-215 -264 8 0
-216 -261 9 0
-218 -265 11 0
-217 -264 10 0
-217 -264 9 0
-215 -263 11 0
-215 -263 10 0
-215 -263 9 0
-250 -285 12 0
-245 -285 9 0
-245 -285 10 0
-244 -285 11 0
-243 -284 12 0
-246 -287 9 0
-247 -287 10 0
-228 -276 13 0
-227 -276 12 0
-231 -279 14 0
-231 -280 13 0
-245 -259 1 1
-246 -259 0 1
-218 -257 16 0
-232 -264 13 1
-232 -263 13 1
-230 -262 11 1
-228 -256 8 1
-228 -256 9 1
-227 -258 8 2
-227 -258 9 1
-227 -257 8 2
-227 -257 9 1
-227 -256 8 1
-227 -256 9 1
-227 -262 8 0
-229 -260 7 1
-229 -262 6 1
-209 -260 7 1
-214 -251 15 2
-214 -251 16 2
-214 -251 17 2
-214 -251 18 2
-214 -251 19 2
-214 -251 20 2
-214 -251 21 2
-214 -251 22 2
-214 -251 23 2
-214 -251 24 2
-214 -251 25 2
-214 -251 26 2
-214 -251 27 2
-214 -251 28 2
-214 -251 29 2
-214 -251 30 2
-214 -251 31 2
-214 -251 32 2
-214 -251 33 2
-214 -251 34 2
-214 -251 35 2
-214 -251 36 2
-214 -251 37 2
-214 -251 38 2
-214 -251 39 2
-213 -256 17 2
-213 -256 18 2
-213 -256 19 2
-213 -256 20 2
-213 -256 21 2
-213 -256 22 2
-232 -277 8 1
-213 -256 24 2
-213 -256 25 2
-232 -276 9 1
-230 -272 10 2
-230 -273 11 1
-229 -277 9 2
-231 -273 11 1
-226 -274 10 0
-231 -278 11 0
-234 -278 12 0
-226 -272 13 0
-228 -273 12 0
-229 -269 14 0
-229 -270 13 0
-213 -256 38 2
-213 -256 39 2
-213 -255 16 2
-213 -255 17 2
-213 -255 18 2
-213 -255 19 2
-230 -271 13 0
-227 -275 14 0
-228 -272 15 0
-232 -275 11 0
-229 -276 10 1
-213 -255 25 2
-213 -255 26 2
-241 -279 4 1
-242 -277 6 1
-242 -277 5 2
-242 -277 4 1
-242 -278 6 1
-242 -278 4 2
-242 -279 6 1
-242 -279 5 1
-242 -279 4 2
-243 -277 5 2
-243 -277 4 1
-207 -270 4 2
-207 -270 3 1
-207 -271 5 1
-207 -271 4 1
-236 -255 6 1
-236 -256 6 2
-238 -256 6 1
-203 -253 18 2
-203 -253 19 2
-203 -253 20 2
-203 -253 21 2
-203 -253 22 2
-203 -253 23 2
-203 -253 24 2
-203 -253 25 2
-224 -295 13 1
-232 -275 18 0
-231 -279 17 0
-236 -268 20 0
-202 -265 12 0
-235 -268 24 0
-237 -269 21 0
-238 -270 23 0
-236 -267 21 0
-236 -266 23 0
-235 -270 21 0
-235 -270 22 0
-234 -271 23 0
-230 -270 15 0
-239 -269 15 0
-238 -269 15 0
-246 -277 10 0
-214 -274 11 0
-210 -274 9 1
-210 -274 10 0
-209 -273 10 0
-208 -273 11 0
-213 -273 9 1
-213 -271 10 1
-224 -271 4 2
-224 -271 5 1
-224 -271 6 1
-224 -270 4 1
-235 -272 5 2
-235 -272 4 1
-234 -271 5 2
-232 -264 7 2
-232 -264 5 2
-232 -265 7 1
-232 -265 5 2
-232 -266 7 1
-232 -266 6 2
-232 -266 5 2
-233 -264 7 1
-233 -264 5 1
-233 -265 7 2
-233 -265 5 2
-234 -259 4 1
-224 -262 8 0
-223 -263 8 0
-223 -264 7 0
-222 -264 7 0
-223 -269 9 0
-223 -268 8 0
-222 -267 7 0
-232 -259 30 1
-232 -259 31 1
-232 -259 32 1
-231 -261 30 1
-207 -263 3 2
-231 -261 32 1
-231 -260 30 2
-207 -262 3 1
-207 -258 1 1
-207 -258 2 1
-207 -257 1 1
-247 -253 11 0
-207 -256 1 1
-250 -264 4 0
-250 -269 3 2
-248 -266 4 1
-250 -262 5 0
-250 -261 8 0
-248 -266 8 1
-202 -294 18 0
-237 -255 24 2
-249 -268 3 2
-249 -268 2 1
-249 -268 1 1
-250 -268 3 2
-235 -297 15 0
-250 -268 1 1
-250 -261 6 0
-250 -273 7 1
-250 -273 6 1
-250 -273 5 1
-239 -257 21 2
-238 -256 21 2
-213 -265 7 1
-212 -267 7 1
-212 -267 8 2
-212 -266 8 1
-203 -300 9 1
-207 -282 12 0
-206 -256 4 2
-208 -282 12 0
-205 -258 3 1
-207 -283 9 2
-204 -258 2 1
-204 -258 3 2
-216 -266 7 1
-210 -267 7 1
-209 -267 7 1
-217 -263 6 0
-218 -263 6 0
-219 -263 6 0
-235 -265 18 0
-216 -253 43 0
-235 -272 18 0
-235 -273 18 0
-238 -268 17 0
-240 -267 18 0
-240 -266 18 0
-231 -268 18 0
-238 -271 17 0
-240 -295 9 1
-240 -286 10 0
-243 -293 13 0
-243 -292 13 0
-226 -287 18 1
-239 -268 16 0
-232 -278 21 0
-231 -283 23 0
-231 -274 23 0
-248 -276 16 1
-242 -272 16 0
-243 -272 15 1
-245 -277 16 0
-246 -275 15 0
-244 -274 16 0
-248 -277 18 0
-247 -275 17 0
-244 -271 18 0
-244 -271 17 0
-245 -275 18 0
-246 -274 16 0
-247 -271 18 0
-248 -274 19 0
-246 -273 20 0
-246 -273 19 0
-246 -273 18 0
-246 -273 17 0
-244 -271 12 1
-244 -273 14 0
-243 -276 15 0
-243 -272 16 0
-219 -271 9 0
-227 -297 21 0
-233 -299 21 0
-220 -271 8 1
-219 -271 6 1
-219 -271 8 1
-217 -274 6 1
-223 -286 23 0
-204 -273 12 0
-224 -284 21 0
-224 -284 22 0
-243 -294 8 1
-241 -255 6 0
-240 -256 10 0
-241 -252 13 0
-243 -295 7 1
-242 -294 8 2
-246 -255 0 1
-247 -256 2 2
-247 -255 3 1
-247 -254 3 1
-202 -259 10 0
-202 -259 11 0
-216 -278 7 0
-219 -278 8 0
-203 -257 9 0
-204 -257 10 0
-220 -277 6 0
-201 -259 7 0
-201 -260 8 0
-233 -290 13 1
-233 -290 12 1
-233 -283 13 0
-230 -288 14 1
-233 -288 15 0
-231 -284 15 0
-230 -291 15 0
-216 -259 7 0
-216 -260 9 0
-212 -260 8 1
-214 -265 9 0
-215 -258 9 0
-217 -263 10 0
-212 -262 10 0
-216 -267 10 0
-206 -266 8 0
-206 -268 8 0
-208 -266 8 0
-207 -268 9 0
-206 -267 9 0
-241 -254 4 1
-235 -258 18 2
-239 -254 19 2
-241 -253 18 0
-235 -253 19 0
-234 -253 18 0
-203 -254 40 0
-237 -255 20 2
-201 -256 41 0
-233 -252 5 1
-238 -267 14 1
-232 -266 14 1
-212 -276 5 2
-212 -276 6 1
-211 -277 6 1
-236 -253 11 1
-234 -252 18 0
-240 -255 17 2
-241 -256 17 2
-235 -251 16 0
-226 -295 10 1
-226 -294 10 1
-248 -263 3 1
-213 -299 12 1
-213 -298 10 2
-213 -298 11 1
-209 -279 14 0
-204 -252 5 2
-212 -300 11 1
-250 -283 9 0
-216 -278 11 0
-218 -279 13 0
-217 -276 12 0
-217 -275 13 0
-216 -279 11 0
-215 -280 12 0
-215 -280 13 0
-220 -277 13 0
-215 -277 11 0
-214 -276 12 0
-218 -276 10 0
-218 -276 11 0
-218 -275 11 0
-235 -292 19 1
-240 -293 21 0
-235 -296 21 0
-238 -295 21 0
-236 -294 20 0
-236 -252 9 0
-235 -251 9 0
-240 -254 7 1
-236 -256 16 2
-239 -252 16 0
-240 -252 16 0
-230 -265 6 0
-231 -264 6 1
-232 -270 6 2
-232 -269 6 2
-232 -268 4 1
-232 -268 5 1
-232 -268 6 2
-231 -270 6 1
-231 -269 6 2
-231 -268 4 1
-231 -268 5 1
-231 -268 6 1
-227 -271 4 2
-230 -267 5 1
-231 -266 5 1
-232 -266 4 1
-229 -271 3 1
-229 -271 4 1
-229 -270 3 1
-228 -271 3 1
-228 -271 4 1
-228 -270 3 1
-229 -264 3 1
-230 -267 4 1
-230 -266 5 1
-230 -266 6 1
-228 -265 2 2
-214 -298 16 0
-214 -299 18 0
-213 -296 15 0
-213 -295 16 0
-213 -295 17 0
-212 -299 15 0
-241 -296 22 0
-241 -295 22 0
-234 -296 23 0
-236 -295 22 0
-240 -291 23 0
-239 -292 22 0
-239 -293 22 0
-226 -300 19 0
-219 -272 2 1
-220 -255 17 1
-220 -256 19 1
-220 -256 17 2
-220 -257 19 1
-220 -257 18 1
-220 -257 17 1
-221 -255 17 1
-221 -256 18 1
-221 -256 17 1
-221 -257 19 1
-221 -257 18 1
-205 -277 16 0
-201 -277 18 0
-226 -263 4 1
-225 -265 2 2
-240 -257 29 0
-236 -259 30 0
-219 -293 13 0
-220 -279 12 0
-219 -278 12 0
-219 -277 13 0
-224 -279 12 0
-225 -279 12 0
-219 -281 11 0
-224 -255 17 1
-224 -255 16 1
-237 -251 19 0
-201 -260 15 0
-204 -261 14 0
-235 -296 10 1
-206 -274 12 0
-235 -296 12 1
-233 -293 9 1
-233 -292 9 1
-233 -292 10 1
-233 -292 11 1
-233 -291 9 1
-245 -255 0 1
-245 -255 1 1
-245 -254 0 1
-245 -254 1 2
-244 -255 0 1
-244 -255 1 1
-244 -255 2 2
-244 -254 0 1
-243 -255 0 1
-243 -255 1 2
-243 -255 2 1
-249 -251 0 1
-249 -251 1 2
-232 -285 20 0
-230 -290 19 0
-230 -290 20 0
-235 -287 19 0
-230 -287 18 1
-229 -286 18 1
-229 -286 19 0
-233 -291 18 0
-230 -289 17 1
-246 -254 2 2
-228 -289 18 1
-231 -291 17 0
-231 -292 17 0
-230 -293 17 0
-228 -287 16 1
-227 -287 16 1
-232 -284 16 0
-233 -283 16 0
-236 -271 21 0
-236 -272 21 0
-236 -273 21 0
-239 -264 21 0
-233 -268 21 0
-231 -269 20 0
-235 -264 20 2
-202 -299 8 1
-204 -300 15 1
-204 -293 17 0
-246 -258 3 1
-246 -258 2 2
-246 -258 1 1
-246 -259 3 1
-239 -267 27 0
-236 -270 24 0
-234 -264 25 2
-231 -267 24 0
-239 -272 24 0
-215 -266 2 1
-219 -251 13 1
-215 -266 4 1
-215 -265 2 2
-215 -265 3 2
-215 -265 4 2
-215 -264 2 1
-215 -264 3 2
-214 -266 2 1
-214 -266 3 1
-214 -266 4 2
-214 -265 2 1
-214 -265 4 1
-214 -264 2 2
-214 -264 3 1
-213 -266 2 1
-213 -266 3 2
-214 -258 2 2
-214 -258 3 1
-213 -258 2 1
-213 -267 5 1
-213 -267 6 1
-250 -260 4 0
-250 -259 4 0
-250 -258 4 0
-246 -259 5 1
-249 -258 6 0
-247 -257 7 0
-250 -253 9 0
-250 -257 4 0
-247 -256 4 0
-249 -260 6 0
-246 -257 7 0
-248 -258 9 0
-249 -257 7 0
-229 -270 9 1
-229 -271 10 2
-229 -266 8 0
-244 -259 18 0
-244 -260 19 0
-243 -256 21 0
-242 -261 20 0
-212 -253 44 0
-245 -259 19 0
-233 -270 17 0
-211 -252 44 0
-238 -268 16 0
-211 -251 14 2
-211 -251 15 2
-211 -251 16 2
-211 -251 17 2
-211 -251 18 2
-211 -251 19 2
-211 -251 20 2
-211 -251 21 2
-211 -251 22 2
-211 -251 23 2
-211 -251 24 2
-211 -251 25 2
-211 -251 26 2
-211 -251 27 2
-211 -251 28 2
-211 -251 29 2
-211 -251 30 2
-211 -251 31 2
-211 -251 32 2
-211 -251 33 2
-211 -251 34 2
-211 -251 35 2
-211 -251 37 2
-211 -251 38 2
-211 -251 39 2
-240 -269 13 0
-202 -264 33 0
-217 -297 12 2
-204 -256 33 2
-220 -270 9 0
-219 -272 7 1
-201 -262 32 0
-217 -295 11 1
-206 -257 31 2
-216 -296 12 1
-216 -295 12 1
-215 -296 12 1
-202 -258 29 0
-207 -288 16 0
-207 -288 17 0
-209 -288 15 0
-209 -287 16 0
-214 -270 13 0
-214 -270 14 0
-217 -272 14 0
-209 -289 8 1
-209 -288 8 1
-214 -271 11 0
-214 -272 12 0
-208 -288 8 1
-208 -287 8 1
-217 -270 11 0
-203 -253 1 1
-225 -282 19 0
-225 -281 19 0
-224 -280 19 0
-224 -279 20 0
-228 -282 18 0
-229 -282 19 0
-229 -281 19 0
-230 -281 19 0
-222 -283 19 0
-221 -282 19 0
-227 -279 18 0
-227 -278 18 0
-223 -289 12 1
-223 -288 13 0
-224 -281 12 0
-224 -283 13 0
-235 -286 16 1
-242 -289 17 0
-242 -286 17 0
-241 -286 16 0
-239 -287 16 0
-239 -284 18 2
-239 -284 17 1
-239 -285 17 1
-238 -286 19 0
-238 -286 18 1
-237 -287 19 0
-249 -255 9 0
-210 -300 17 0
-238 -285 30 0
-237 -281 29 0
-235 -286 29 1
-232 -284 29 1
-235 -284 27 1
-241 -285 28 0
-236 -281 27 0
-235 -280 27 0
-235 -279 27 0
-236 -287 27 0
-235 -288 27 0
-241 -281 27 0
-232 -282 26 0
-201 -266 10 0
-202 -265 11 0
-232 -296 18 0
-232 -296 19 0
-233 -296 20 0
-231 -298 18 0
-231 -298 19 0
-232 -297 20 0
-232 -297 21 0
-242 -296 16 0
-241 -291 16 0
-238 -297 17 0
-244 -292 15 0
-237 -289 17 0
-242 -294 17 0
-242 -293 16 0
-235 -294 18 1
-236 -293 17 1
-224 -251 12 2
-220 -251 13 1
-220 -251 14 1
-235 -290 20 0
-239 -296 19 0
-223 -251 16 0
-223 -254 15 1
-222 -283 8 1
-222 -284 10 1
-222 -290 11 1
-222 -290 10 1
-236 -291 23 0
-241 -296 23 0
-240 -296 22 0
-233 -296 24 0
-234 -259 10 2
-234 -258 8 1
-234 -257 8 1
-234 -257 9 2
-220 -256 16 2
-221 -257 16 1
-221 -256 16 1
-204 -276 15 0
-204 -276 13 0
-219 -257 16 1
-219 -256 15 1
-219 -256 16 1
-202 -276 15 0
-217 -255 15 0
-216 -256 15 0
-202 -278 17 0
-216 -251 15 2
-203 -277 16 0
-219 -258 14 1
-246 -290 12 0
-245 -290 12 0
-208 -275 2 1
-208 -276 2 1
-209 -276 2 1
-210 -276 2 1
-238 -293 12 1
-242 -285 12 0
-244 -293 13 0
-243 -293 17 0
-242 -293 17 0
-210 -258 5 2
-210 -258 4 1
-210 -258 3 1
-210 -259 5 2
-210 -259 4 2
-210 -259 3 1
-210 -260 5 1
-210 -260 4 2
-215 -295 13 0
-205 -262 5 1
-208 -277 10 0
-241 -259 28 0
-241 -253 28 0
-241 -254 29 0
-243 -257 29 0
-242 -257 30 0
-204 -260 2 1
-204 -260 3 1
-204 -260 4 1
-204 -259 2 1
-204 -259 3 2
-204 -259 4 1
-210 -271 10 0
-210 -272 9 1
-207 -276 10 0
-208 -276 10 0
-209 -276 9 1
-224 -272 6 1
-204 -276 14 0
-203 -278 16 0
-204 -280 14 0
-236 -270 12 0
-239 -266 13 1
-215 -259 11 0
-205 -279 14 0
-229 -275 15 0
-230 -275 15 0
-236 -277 15 0
-242 -261 32 0
-204 -278 12 0
-233 -258 31 0
-202 -283 18 0
-222 -293 16 0
-225 -290 15 0
-222 -289 19 0
-220 -294 20 0
-220 -293 20 0
-226 -292 20 0
-236 -270 21 0
-235 -264 22 2
-235 -265 22 0
-227 -296 24 0
-241 -270 23 0
-240 -270 22 0
-227 -300 23 0
-220 -278 8 0
-220 -277 7 0
-227 -262 12 0
-226 -262 12 0
-229 -265 11 0
-226 -260 11 1
-229 -264 8 0
-233 -258 27 0
-235 -253 27 0
-240 -252 26 0
-240 -251 26 0
-234 -256 26 0
-241 -258 25 0
-229 -262 13 0
-226 -264 9 0
-240 -254 25 0
-241 -254 24 0
-236 -255 26 0
-235 -254 25 1
-229 -266 15 0
-234 -263 14 2
-228 -262 14 0
-227 -265 13 0
-227 -264 10 0
-238 -253 24 0
-238 -252 23 0
-249 -285 6 1
-248 -278 7 1
-235 -256 23 2
-238 -255 26 2
-238 -256 25 2
-239 -256 23 2
-237 -253 29 0
-235 -256 22 2
-238 -255 25 2
-230 -264 16 0
-232 -265 15 1
-229 -266 14 0
-232 -268 14 0
-234 -261 15 2
-233 -261 15 2
-228 -265 13 0
-227 -263 12 0
-226 -263 12 0
-238 -251 14 0
-238 -252 15 0
-247 -256 0 1
-237 -256 16 2
-237 -255 17 2
-249 -252 3 1
-219 -265 6 1
-220 -266 6 1
-221 -267 6 0
-210 -251 38 2
-231 -262 15 0
-230 -266 13 0
-229 -267 15 0
-228 -263 14 0
-228 -265 12 0
-227 -266 13 0
-209 -252 34 2
-220 -263 5 0
-220 -262 5 0
-221 -261 5 0
-230 -265 15 0
-230 -265 16 0
-232 -266 15 1
-212 -264 16 0
-213 -260 18 0
-213 -261 17 0
-214 -264 18 0
-214 -264 17 0
-214 -264 16 0
-212 -263 17 0
-212 -263 16 0
-212 -263 15 0
-210 -261 10 0
-209 -263 11 0
-210 -263 12 0
-210 -259 12 1
-209 -262 14 0
-210 -262 14 0
-212 -267 14 0
-212 -266 14 0
-213 -264 14 0
-209 -264 15 0
-211 -264 14 0
-215 -267 16 0
-214 -266 15 0
-214 -265 15 0
-210 -261 16 0
-211 -261 16 0
-212 -262 14 0
-217 -262 17 0
-216 -262 16 0
-212 -265 16 0
-212 -264 15 0
-202 -286 13 0
-203 -252 23 2
-203 -252 22 2
-203 -284 16 0
-234 -288 17 0
-243 -289 17 0
-237 -287 16 0
-238 -283 17 1
-237 -283 15 1
-237 -283 17 1
-236 -285 16 1
-234 -294 12 1
-234 -293 10 1
-234 -293 12 1
-233 -295 10 1
-233 -295 11 1
-233 -295 12 1
-219 -283 11 1
-219 -284 12 1
-219 -284 11 2
-219 -285 12 1
-219 -285 11 1
-240 -271 6 1
-240 -272 6 1
-240 -273 6 1
-241 -272 6 1
-242 -271 6 1
-242 -271 5 1
-242 -271 4 1
-235 -259 13 2
-235 -259 14 2
-235 -258 12 2
-235 -258 13 2
-235 -258 14 2
-235 -257 12 2
-235 -257 13 2
-235 -257 14 2
-234 -259 12 2
-234 -259 13 2
-234 -259 14 2
-234 -258 12 2
-212 -298 16 0
-229 -256 28 0
-209 -299 16 0
-226 -264 28 0
-225 -264 28 0
-225 -258 28 0
-229 -265 27 0
-229 -266 27 0
-226 -262 27 0
-224 -262 27 0
-227 -264 26 0
-225 -260 25 0
-230 -264 25 0
-229 -259 26 0
-226 -262 24 0
-230 -262 25 0
-228 -260 24 0
-211 -294 13 0
-228 -260 23 0
-211 -292 13 0
-208 -299 13 0
-207 -300 13 0
-213 -294 12 1
-235 -254 14 0
-234 -255 12 1
-205 -288 13 0
-208 -292 17 0
-207 -297 16 0
-207 -292 16 0
-208 -295 17 0
-201 -277 9 1
-229 -278 13 0
-202 -277 9 1
-204 -298 14 1
-204 -298 15 2
-204 -298 16 1
-229 -266 1 1
-228 -266 1 1
-242 -290 16 0
-211 -273 2 1
-210 -275 2 1
-202 -253 34 2
-231 -252 9 1
-231 -252 8 1
-201 -255 32 2
-235 -257 16 2
-236 -256 17 2
-231 -256 8 2
-238 -254 3 2
-240 -257 16 2
-239 -256 17 2
-233 -255 17 0
-237 -253 17 0
-201 -251 39 1
-206 -269 9 0
-237 -255 4 2
-202 -258 37 0
-237 -256 4 2
-203 -274 10 0
-250 -253 8 0
-237 -266 29 2
-237 -266 30 0
-236 -265 31 0
-250 -255 6 0
-250 -255 7 0
-224 -299 24 0
-224 -298 24 0
-240 -267 30 0
-248 -251 7 0
-234 -266 30 0
-219 -260 11 0
-230 -295 21 0
-234 -279 13 0
-234 -300 21 0
-233 -300 21 0
-226 -299 21 0
-227 -299 21 0
-229 -298 22 0
-222 -287 17 0
-227 -282 18 0
-227 -283 17 0
-231 -300 22 0
-227 -295 22 0
-229 -297 22 0
-227 -283 12 1
-228 -300 22 0
-231 -293 23 0
-228 -283 15 0
-226 -282 16 0
-238 -288 21 0
-239 -287 22 0
-233 -262 7 1
-249 -276 14 2
-249 -275 14 2
-249 -278 13 0
-248 -277 10 1
-250 -278 9 0
-250 -252 13 0
-236 -265 8 2
-236 -264 8 1
-236 -264 9 1
-235 -266 8 2
-236 -270 8 1
-237 -270 7 1
-238 -270 7 1
-239 -270 7 1
-238 -267 5 1
-238 -267 6 1
-238 -267 7 1
-238 -266 5 1
-238 -266 6 2
-238 -266 7 2
-238 -265 5 1
-238 -265 6 2
-238 -265 7 2
-238 -272 6 1
-234 -267 6 1
-234 -273 5 1
-233 -273 5 1
-237 -269 6 1
-237 -269 5 1
-238 -268 5 1
-236 -272 6 1
-236 -272 7 1
-236 -271 8 1
-236 -270 6 1
-236 -270 7 1
-228 -259 31 1
-213 -300 9 1
-213 -299 9 1
-213 -298 9 1
-206 -254 10 2
-217 -264 2 1
-213 -265 1 1
-248 -252 6 0
-240 -293 10 2
-240 -293 9 1
-227 -282 14 0
-211 -253 9 2
-208 -262 9 0
-211 -255 6 1
-211 -255 7 1
-214 -257 14 0
-211 -295 15 0
-204 -258 1 1
-218 -259 15 0
-219 -259 15 0
-213 -258 14 1
-216 -262 13 0
-213 -274 6 1
-217 -264 15 0
-213 -261 13 0
-212 -261 14 0
-213 -273 8 2
-213 -272 6 2
-211 -298 12 1
-212 -299 11 1
-208 -294 12 1
-220 -284 8 2
-224 -289 10 1
-220 -283 12 1
-227 -266 8 0
-240 -288 9 1
-240 -288 8 2
-240 -288 7 1
-240 -289 9 1
-240 -289 8 2
-225 -264 10 0
-227 -268 11 0
-227 -268 10 0
-226 -267 9 0
-224 -266 11 0
-224 -266 10 0
-214 -257 43 0
-205 -251 11 2
-204 -252 12 2
-207 -254 12 2
-218 -254 42 0
-217 -254 42 0
-203 -253 13 1
-216 -293 14 0
-237 -279 22 1
-237 -279 23 1
-231 -284 22 0
-232 -283 23 0
-233 -276 23 0
-233 -278 23 0
-233 -280 24 0
-229 -281 23 0
-230 -281 24 0
-231 -281 24 0
-237 -277 23 1
-236 -277 24 0
-235 -278 24 0
-230 -277 24 0
-231 -278 24 0
-230 -283 25 0
-234 -275 25 0
-212 -273 3 2
-213 -271 4 1
-213 -271 3 1
-212 -272 4 2
-207 -272 5 2
-226 -260 17 0
-237 -271 14 1
-236 -266 14 1
-238 -275 15 0
-231 -270 15 0
-221 -279 14 0
-226 -282 13 0
-223 -280 12 0
-223 -279 12 0
-229 -285 11 1
-229 -284 11 1
-229 -283 11 1
-229 -283 12 1
-229 -283 13 1
-220 -281 11 0
-237 -291 18 0
-207 -272 4 2
-238 -296 16 0
-224 -259 24 0
-229 -257 24 0
-224 -262 23 0
-231 -263 23 0
-226 -259 22 0
-225 -257 23 0
-226 -264 22 0
-225 -266 23 0
-230 -259 22 0
-224 -260 22 0
-223 -260 22 0
-222 -260 22 0
-230 -265 22 0
-224 -263 21 0
-224 -264 21 0
-247 -265 1 1
-247 -265 2 1
-247 -264 1 1
-234 -296 12 1
-237 -296 13 0
-219 -281 7 1
-218 -283 6 1
-218 -283 7 1
-235 -294 9 1
-239 -283 15 1
-243 -283 13 0
-238 -279 8 1
-238 -278 7 2
-237 -279 7 1
-237 -279 8 2
-237 -279 9 1
-237 -278 7 1
-242 -286 16 0
-241 -290 13 0
-241 -290 14 0
-230 -286 17 1
-232 -290 15 0
-245 -288 15 0
-235 -287 15 1
-239 -287 15 0
-243 -291 14 0
-243 -292 14 0
-243 -293 15 0
-240 -290 13 0
-238 -290 14 0
-246 -291 14 0
-241 -286 13 0
-240 -285 14 1
-241 -292 13 0
-241 -293 13 0
-246 -286 13 0
-233 -291 12 1
-233 -291 13 1
-233 -291 14 1
-232 -291 12 1
-250 -254 9 0
-232 -291 14 1
-249 -257 9 0
-233 -287 14 1
-239 -283 14 0
-238 -284 12 1
-237 -284 12 1
-237 -285 10 0
-238 -290 7 1
-237 -284 7 1
-237 -284 8 1
-234 -251 1 2
-234 -290 19 0
-238 -295 19 1
-231 -295 20 0
-207 -251 35 2
-232 -291 21 0
-245 -285 14 0
-230 -294 23 0
-204 -274 15 0
-237 -298 23 0
-223 -267 5 1
-212 -251 34 2
-202 -265 7 1
-203 -264 6 1
-203 -264 8 0
-224 -265 4 1
-209 -251 33 2
-250 -284 7 0
-246 -251 3 1
-203 -285 9 2
-203 -285 8 1
-250 -271 8 2
-227 -299 22 0
-204 -284 8 1
-234 -298 17 0
-224 -296 14 0
-226 -295 13 2
-246 -284 13 0
-247 -283 13 0
-204 -261 16 0
-203 -262 17 0
-203 -263 18 0
-208 -260 18 0
-203 -260 16 0
-239 -294 20 0
-238 -291 20 0
-236 -295 21 0
-236 -292 19 1
-235 -291 20 0
-208 -253 29 2
-208 -253 30 2
-208 -253 31 2
-208 -253 32 2
-208 -253 33 2
-208 -253 34 2
-244 -253 18 0
-246 -257 19 0
-202 -282 17 0
-203 -281 16 0
-202 -280 15 0
-220 -253 15 1
-220 -252 13 1
-220 -252 14 1
-220 -252 15 1
-222 -251 16 0
-225 -253 13 1
-225 -253 14 1
-210 -251 25 2
-209 -251 21 2
-209 -252 21 2
-202 -274 17 0
-205 -276 16 0
-205 -276 17 0
-203 -275 15 0
-203 -274 15 0
-204 -273 16 0
-206 -274 14 0
-223 -251 19 0
-223 -251 20 0
-224 -251 21 0
-224 -251 22 0
-222 -251 18 0
-221 -252 19 0
-242 -283 15 0
-244 -284 14 0
-244 -284 15 0
-223 -253 19 1
-223 -254 20 0
-221 -251 18 1
-242 -259 3 1
-242 -259 2 1
-242 -260 4 1
-242 -260 3 1
-242 -260 2 1
-242 -261 4 1
-242 -261 3 1
-242 -261 2 1
-248 -259 4 0
-246 -262 5 0
-245 -259 6 0
-248 -261 7 0
-246 -258 6 0
-242 -255 5 1
-244 -259 7 0
-248 -258 7 0
-246 -261 9 0
-246 -260 8 0
-243 -259 10 1
-250 -270 8 2
-249 -272 6 1
-249 -272 7 1
-249 -272 8 1
-249 -271 6 1
-249 -271 7 1
-249 -271 8 1
-249 -270 8 2
-250 -265 2 2
-250 -270 4 2
-250 -268 4 1
-249 -270 4 1
-249 -269 4 2
-249 -268 4 2
-248 -270 4 1
-248 -269 4 1
-250 -266 1 1
-232 -253 16 0
-241 -251 16 0
-238 -296 25 0
-238 -296 26 0
-237 -293 25 0
-235 -258 19 2
-235 -257 19 2
-204 -254 15 0
-205 -254 11 1
-206 -254 12 2
-242 -287 23 0
-242 -286 23 0
-242 -286 22 0
-239 -295 21 0
-239 -295 22 0
-237 -292 19 1
-237 -292 20 0
-237 -291 20 0
-237 -291 21 0
-236 -295 19 1
-236 -296 20 0
-250 -283 8 0
-249 -279 7 2
-249 -279 8 1
-208 -257 4 1
-208 -257 5 1
-208 -256 4 1
-208 -256 5 2
-208 -255 4 1
-202 -253 10 2
-202 -254 10 1
-223 -282 4 1
-247 -259 5 1
-243 -257 6 2
-244 -257 6 1
-247 -288 5 2
-238 -291 18 0
-236 -296 16 0
-246 -286 2 1
-245 -286 2 1
-245 -286 3 1
-245 -285 2 1
-234 -263 5 1
-228 -266 5 1
-228 -265 4 1
-229 -265 4 1
-227 -270 3 1
-214 -272 2 1
-210 -262 9 0
-211 -262 10 0
-238 -275 10 1
-235 -274 12 0
-201 -261 12 0
-206 -289 12 0
-205 -290 12 0
-202 -291 16 0
-207 -290 11 1
-239 -274 16 0
-234 -270 15 0
-220 -251 10 1
-239 -270 15 0
-231 -271 15 0
-237 -294 13 1
-224 -253 8 1
-224 -253 9 2
-223 -254 7 1
-223 -254 8 1
-223 -254 9 1
-223 -253 7 2
-223 -253 9 1
-223 -252 7 2
-223 -252 8 2
-223 -252 9 2
-222 -254 7 2
-222 -254 8 1
-222 -254 9 1
-222 -253 7 2
-206 -263 8 0
-206 -262 8 0
-206 -261 7 0
-205 -261 7 0
-202 -258 9 0
-203 -258 9 0
-209 -259 10 1
-208 -259 9 0
-207 -259 8 0
-207 -260 8 0
-203 -262 10 0
-204 -262 9 0
-204 -261 8 0
-205 -257 10 0
-207 -261 11 0
-206 -261 10 0
-206 -261 9 0
-250 -252 1 2
-223 -289 11 2
-224 -290 10 1
-227 -300 24 0
-214 -255 30 2
-214 -255 29 2
-214 -255 28 2
-214 -255 27 2
-225 -272 4 1
-225 -272 5 1
-225 -272 6 1
-227 -261 13 0
-226 -262 11 0
-206 -284 16 0
-207 -286 14 0
-206 -288 11 0
-205 -288 11 1
-219 -251 21 2
-219 -251 22 2
-219 -251 23 2
-219 -251 24 2
-219 -251 25 2
-219 -251 26 2
-219 -251 27 2
-219 -251 28 2
-219 -251 29 2
-219 -251 30 2
-219 -251 31 2
-219 -251 32 2
-219 -251 33 2
-237 -284 19 1
-225 -251 16 1
-237 -283 18 1
-237 -283 19 1
-239 -251 28 0
-229 -298 27 0
-237 -255 32 0
-242 -279 21 0
-242 -280 21 0
-242 -281 21 0
-244 -288 21 0
-243 -287 21 0
-240 -254 16 2
-239 -254 16 2
-213 -251 28 2
-223 -298 17 0
-218 -273 8 1
-218 -272 6 2
-218 -272 7 1
-217 -273 6 2
-213 -295 11 1
-231 -279 15 0
-237 -266 19 2
-232 -278 19 0
-232 -279 17 0
-233 -280 17 0
-235 -273 3 1
-241 -271 7 2
-236 -276 7 2
-236 -277 7 1
-208 -271 8 0
-207 -293 14 0
-208 -293 14 0
-209 -292 14 0
-206 -296 14 0
-202 -293 8 1
-202 -293 9 2
-202 -293 10 1
-202 -292 8 1
-202 -292 9 2
-202 -292 10 1
-202 -291 8 1
-202 -291 9 2
-242 -290 10 0
-240 -291 10 1
-244 -251 3 2
-207 -252 13 2
-203 -258 28 0
-205 -253 15 2
-205 -252 15 2
-204 -252 15 2
-208 -252 14 2
-240 -293 8 1
-240 -256 22 2
-242 -286 10 0
-247 -291 9 0
-213 -253 31 2
-213 -253 30 2
-239 -279 13 0
-240 -280 12 0
-241 -280 16 0
-241 -281 15 0
-240 -283 16 1
-240 -283 15 1
-213 -253 23 2
-214 -263 3 1
-214 -262 2 2
-220 -265 11 0
-233 -271 3 1
-230 -263 2 1
-230 -262 2 1
-230 -261 2 1
-229 -263 2 2
-229 -262 2 2
-229 -261 2 1
-228 -262 2 2
-228 -261 2 1
-232 -265 1 1
-232 -264 1 1
-232 -263 1 1
-232 -263 2 2
-232 -263 3 2
-231 -265 1 1
-231 -264 1 1
-231 -263 1 1
-231 -263 2 2
-231 -263 3 1
-230 -265 1 1
-243 -256 16 2
-240 -259 14 2
-240 -263 16 0
-238 -260 17 2
-240 -257 13 2
-241 -255 13 2
-242 -253 15 0
-242 -253 0 1
-242 -253 1 2
-241 -253 0 1
-207 -251 34 2
-209 -251 32 2
-237 -256 7 2
-236 -257 7 1
-236 -256 7 2
-236 -255 7 1
-237 -252 8 0
-237 -251 6 0
-235 -254 8 0
-234 -255 6 0
-239 -255 5 1
-239 -254 5 1
-238 -255 5 2
-209 -284 8 1
-207 -281 11 0
-210 -282 10 1
-216 -294 12 1
-217 -300 11 2
-217 -300 10 1
-213 -293 13 0
-214 -292 13 0
-238 -260 14 2
-238 -261 24 2
-238 -261 23 2
-238 -261 22 2
-218 -263 2 2
-218 -264 4 1
-218 -264 3 1
-218 -264 2 1
-238 -251 5 0
-235 -255 4 1
-215 -265 1 1
-233 -251 5 1
-218 -259 2 2
-236 -251 6 0
-218 -260 3 1
-218 -260 2 1
-229 -253 6 1
-218 -261 3 1
-227 -298 21 0
-234 -299 21 0
-235 -300 20 0
-231 -296 22 0
-231 -295 21 0
-231 -294 21 0
-231 -293 20 0
-231 -299 21 0
-230 -300 21 0
-230 -300 20 0
-208 -260 6 0
-229 -296 20 0
-228 -296 19 0
-233 -300 20 0
-206 -251 6 2
-232 -296 20 0
-231 -298 21 0
-233 -296 25 0
-233 -296 26 0
-233 -296 27 0
-227 -251 15 1
-230 -267 1 1
-230 -267 2 1
-230 -267 3 1
-229 -269 1 1
-229 -269 2 1
-229 -269 3 1
-229 -268 1 1
-227 -251 18 1
-242 -260 29 0
-233 -295 24 0
-233 -261 28 2
-237 -257 28 2
-239 -259 28 2
-239 -252 27 0
-241 -255 1 1
-241 -255 2 1
-241 -255 3 1
-241 -262 28 0
-233 -260 28 2
-206 -267 6 1
-206 -266 6 1
-206 -265 4 1
-236 -258 30 0
-215 -261 8 0
-232 -286 16 2
-223 -298 14 0
-224 -299 14 0
-225 -300 13 0
-223 -296 14 0
-221 -297 18 0
-221 -297 19 0
-221 -297 20 0
-223 -298 18 0
-231 -287 17 1
-231 -285 15 1
-223 -298 19 0
-224 -298 20 0
-235 -269 10 0
-232 -271 11 0
-233 -266 12 1
-233 -267 10 0
-235 -270 12 0
-205 -254 23 2
-205 -254 24 2
-205 -254 25 2
-205 -254 26 2
-205 -254 27 2
-205 -254 28 2
-205 -254 29 2
-205 -253 18 2
-205 -253 19 2
-205 -253 20 2
-205 -253 21 2
-205 -253 22 2
-205 -253 23 2
-205 -253 24 2
-205 -253 25 2
-205 -253 26 2
-205 -253 27 2
-205 -253 28 2
-240 -265 31 0
-232 -266 31 0
-239 -270 31 0
-235 -253 25 0
-232 -300 15 0
-209 -289 16 0
-212 -288 14 0
-201 -278 13 0
-202 -278 12 0
-201 -280 12 0
-202 -280 12 0
-201 -281 16 0
-202 -281 16 0
-201 -283 8 1
-201 -283 9 2
-201 -283 10 1
-205 -270 5 1
-202 -270 5 1
-201 -282 10 1
-201 -281 8 1
-201 -281 9 2
-201 -281 10 1
-240 -272 7 1
-232 -278 14 0
-227 -279 15 0
-238 -261 28 2
-238 -261 27 2
-238 -260 26 2
-238 -263 28 2
-237 -263 27 2
-236 -262 26 2
-236 -262 25 2
-206 -280 15 0
-227 -289 10 1
-229 -289 13 1
-230 -286 10 1
-230 -286 11 1
-239 -284 28 1
-211 -259 38 0
-201 -273 18 0
-206 -263 37 0
-206 -264 37 0
-209 -255 37 2
-208 -260 37 2
-241 -281 19 0
-240 -279 20 0
-244 -286 21 0
-235 -283 22 1
-235 -283 21 1
-235 -283 20 1
-235 -284 22 1
-235 -284 21 1
-235 -284 20 1
-235 -285 22 1
-235 -285 21 1
-208 -285 16 0
-203 -260 11 0
-203 -260 10 0
-205 -287 18 0
-202 -259 8 0
-209 -283 14 0
-201 -258 9 0
-208 -283 8 1
-214 -272 6 2
-245 -284 8 1
-245 -283 8 2
-245 -282 8 1
-244 -283 8 1
-234 -270 32 0
-203 -265 6 1
-201 -267 7 1
-201 -264 8 0
-241 -262 9 1
-241 -262 10 1
-241 -262 11 1
-239 -266 22 0
-234 -264 23 2
-238 -264 24 2
-203 -300 8 1
-246 -256 6 0
-235 -264 18 2
-231 -269 18 0
-209 -264 6 1
-216 -262 6 1
-222 -289 20 0
-224 -298 16 0
-226 -292 19 0
-221 -293 19 0
-220 -293 19 0
-219 -295 14 0
-219 -294 13 1
-220 -293 13 0
-218 -298 14 0
-219 -298 13 0
-220 -299 13 1
-221 -300 12 1
-216 -294 13 0
-216 -293 13 0
-216 -293 12 1
-202 -253 3 2
-206 -270 12 0
-206 -253 5 2
-211 -269 10 0
-212 -269 10 1
-215 -271 10 0
-219 -296 13 1
-218 -271 11 0
-217 -270 10 0
-208 -252 10 2
-219 -300 10 1
-219 -300 11 2
-219 -299 10 1
-226 -265 24 0
-231 -260 24 0
-224 -260 23 0
-229 -263 24 0
-229 -264 23 0
-228 -260 25 0
-228 -259 24 0
-229 -259 23 0
-225 -262 22 0
-229 -262 23 0
-220 -275 7 1
-207 -274 12 0
-202 -258 28 0
-221 -275 7 1
-224 -259 9 1
-224 -258 7 1
-224 -258 8 1
-224 -258 9 1
-223 -260 7 1
-223 -260 8 1
-223 -260 9 1
-223 -259 7 1
-223 -258 7 2
-222 -260 8 1
-215 -293 13 0
-214 -295 16 0
-209 -298 16 0
-210 -293 17 0
-212 -291 12 1
-231 -252 18 0
-234 -251 13 0
-232 -251 16 0
-239 -277 7 2
-239 -276 7 2
-239 -275 7 1
-235 -277 9 1
-237 -276 9 1
-240 -271 8 2
-212 -281 12 0
-240 -273 8 1
-240 -273 7 1
-241 -277 8 1
-241 -276 8 1
-240 -275 8 1
-243 -271 9 1
-242 -271 9 0
-241 -272 8 1
-227 -251 16 1
-201 -261 30 0
-202 -261 29 0
-202 -261 28 0
-203 -261 27 0
-225 -251 14 1
-225 -251 15 1
-224 -251 13 2
-224 -251 14 2
-224 -251 15 1
-202 -257 28 0
-209 -273 13 0
-237 -264 8 1
-218 -282 6 2
-218 -282 7 2
-218 -282 8 1
-218 -281 6 1
-218 -281 7 1
-223 -282 6 2
-224 -283 5 1
-224 -282 5 1
-224 -282 6 1
-224 -282 7 1
-224 -281 5 1
-224 -281 6 1
-224 -281 7 1
-223 -283 5 1
-204 -257 38 2
-201 -253 38 2
-213 -265 14 0
-224 -264 2 1
-224 -265 2 2
-224 -265 1 1
-224 -266 2 2
-229 -281 14 0
-222 -255 2 1
-217 -257 0 1
-217 -257 1 1
-217 -257 2 1
-237 -286 16 1
-237 -286 15 1
-237 -286 14 1
-214 -271 6 1
-214 -271 5 1
-215 -270 7 2
-215 -270 6 1
-215 -270 5 1
-215 -271 7 2
-215 -271 5 1
-216 -270 7 2
-216 -270 6 1
-216 -270 5 1
-216 -271 5 1
-215 -271 6 2
-211 -281 8 1
-211 -281 7 1
-214 -270 6 1
-242 -270 7 1
-242 -270 5 1
-243 -269 7 1
-225 -259 21 0
-226 -260 21 0
-237 -289 13 0
-245 -283 4 2
-236 -289 13 0
-208 -258 25 2
-225 -261 23 0
-224 -261 23 0
-206 -262 41 0
-210 -257 41 0
-203 -262 40 0
-207 -264 39 0
-209 -256 39 2
-210 -255 38 2
-236 -271 19 0
-232 -265 19 0
-245 -256 7 1
-235 -253 21 0
-235 -252 21 0
-234 -252 21 0
-233 -251 21 0
-233 -298 21 0
-229 -298 23 0
-232 -300 20 0
-231 -294 19 0
-235 -289 8 1
-235 -290 10 1
-235 -257 28 2
-234 -258 28 2
-236 -254 28 0
-234 -253 28 0
-234 -252 27 0
-239 -253 27 0
-201 -288 15 0
-233 -256 26 0
-240 -257 27 0
-241 -258 26 0
-237 -254 27 0
-201 -263 9 0
-237 -252 26 0
-236 -251 26 0
-201 -292 16 0
-235 -259 25 2
-240 -254 26 0
-241 -254 25 0
-234 -254 25 1
-238 -258 25 2
-209 -252 35 2
-238 -252 24 0
-235 -256 25 1
-235 -257 24 2
-237 -254 23 0
-237 -286 17 1
-225 -291 17 0
-218 -277 10 0
-219 -275 10 0
-219 -274 10 0
-230 -277 18 0
-230 -278 17 0
-231 -258 9 1
-231 -258 10 2
-239 -257 8 1
-239 -257 10 1
-238 -259 8 1
-238 -258 8 1
-231 -257 11 1
-238 -260 8 1
-238 -260 9 1
-238 -260 10 1
-204 -275 17 0
-204 -275 16 0
-201 -273 17 0
-202 -277 18 0
-210 -251 26 2
-208 -261 45 0
-207 -260 43 0
-206 -259 44 0
-207 -261 38 0
-210 -262 38 0
-209 -261 39 0
-238 -258 10 1
-240 -298 21 0
-240 -297 21 0
-242 -292 22 0
-241 -292 21 0
-221 -268 5 0
-232 -258 9 2
-232 -258 10 2
-232 -257 8 1
-222 -273 5 1
-232 -257 9 2
-219 -286 13 1
-219 -286 14 1
-219 -286 15 1
-207 -290 16 0
-209 -290 16 0
-249 -255 10 0
-236 -292 12 0
-250 -252 9 0
-238 -259 11 2
-238 -259 12 2
-207 -257 10 1
-207 -257 11 0
-209 -253 10 2
-206 -259 11 0
-210 -257 11 2
-209 -257 11 0
-242 -282 20 0
-241 -285 17 0
-224 -255 4 1
-224 -255 5 1
-226 -261 0 1
-226 -260 0 1
-226 -259 0 1
-225 -261 0 1
-225 -260 0 1
-225 -259 0 1
-224 -261 0 1
-224 -260 0 1
-224 -259 0 1
-225 -256 2 1
-224 -256 2 1
-223 -257 2 2
-223 -257 3 2
-223 -257 4 2
-223 -256 2 1
-223 -256 3 1
-223 -256 4 1
-220 -258 3 1
-222 -259 1 2
-222 -258 1 2
-226 -300 17 0
-234 -251 9 0
-234 -251 10 0
-218 -253 21 0
-220 -251 11 1
-242 -283 19 0
-241 -282 20 1
-241 -285 18 0
-240 -286 19 0
-240 -287 20 0
-244 -284 19 0
-245 -284 20 0
-241 -283 19 1
-241 -282 19 1
-240 -282 19 1
-239 -282 19 1
-243 -288 19 0
-243 -283 17 0
-243 -282 18 0
-243 -281 18 0
-238 -287 20 0
-238 -288 20 0
-246 -285 20 0
-242 -288 19 0
-242 -289 19 0
-245 -287 18 0
-241 -281 18 0
-238 -282 19 1
-240 -284 26 1
-242 -285 24 0
-242 -285 25 0
-241 -281 25 0
-240 -286 24 0
-239 -287 25 0
-242 -284 22 0
-243 -284 23 0
-244 -284 24 0
-245 -284 25 0
-213 -281 6 2
-213 -281 5 2
-246 -253 4 0
-245 -251 4 1
-244 -289 10 0
-208 -252 13 2
-242 -279 15 0
-208 -289 11 1
-214 -291 9 1
-228 -281 18 0
-227 -281 22 0
-229 -282 21 0
-229 -282 22 0
-228 -280 18 0
-248 -258 3 1
-248 -258 2 2
-248 -258 1 1
-248 -259 3 1
-248 -259 2 2
-222 -296 10 1
-232 -267 24 0
-238 -271 23 0
-239 -271 23 0
-239 -272 23 0
-229 -261 24 0
-240 -286 18 0
-244 -284 17 0
-228 -262 32 0
-230 -263 32 0
-227 -258 31 0
-225 -263 28 0
-201 -256 13 0
-204 -256 13 0
-202 -255 14 0
-204 -259 11 0
-202 -261 11 0
-205 -258 11 0
-208 -261 15 0
-212 -262 17 0
-213 -252 12 2
-213 -252 13 2
-213 -252 14 2
-220 -263 3 1
-201 -283 11 0
-202 -284 11 0
-220 -263 2 2
-235 -288 12 0
-236 -288 13 0
-238 -284 11 0
-234 -286 12 0
-235 -286 13 0
-233 -288 14 0
-235 -288 14 0
-234 -284 14 1
-246 -274 9 2
-240 -281 9 1
-241 -280 9 1
-241 -279 9 1
-201 -280 10 1
-202 -280 10 1
-243 -277 9 0
-243 -277 8 0
-238 -278 10 0
-244 -272 10 2
-243 -274 9 0
-243 -280 11 0
-243 -279 10 0
-242 -278 9 0
-245 -276 11 0
-240 -279 12 0
-242 -274 12 0
-242 -274 11 0
-242 -275 10 0
-243 -278 12 0
-218 -259 16 0
-211 -255 26 2
-223 -261 10 0
-223 -259 12 1
-223 -260 12 1
-223 -260 11 1
-227 -262 9 0
-226 -262 10 0
-229 -261 8 0
-240 -267 33 0
-229 -265 1 1
-227 -269 2 1
-230 -263 1 1
-209 -288 17 0
-207 -285 16 0
-208 -287 14 0
-236 -273 29 0
-232 -271 30 0
-234 -270 34 0
-209 -286 14 0
-208 -285 12 0
-209 -251 3 1
-208 -252 1 1
-208 -252 2 1
-208 -251 1 1
-211 -281 11 0
-216 -265 13 0
-216 -266 14 0
-213 -263 12 0
-212 -263 13 0
-211 -263 13 0
-220 -264 13 0
-207 -287 11 1
-208 -288 10 2
-207 -288 10 1
-205 -291 13 0
-204 -290 13 0
-204 -290 12 0
-235 -263 34 1
-234 -265 32 1
-234 -265 33 1
-234 -265 34 1
-236 -290 22 0
-239 -267 15 1
-244 -287 13 0
-244 -287 12 0
-247 -274 7 1
-247 -274 6 1
-248 -277 8 1
-238 -281 9 1
-238 -281 8 1
-238 -281 7 1
-239 -281 9 1
-239 -281 8 2
-239 -281 7 1
-216 -255 13 1
-216 -255 12 1
-242 -280 9 1
-242 -279 9 1
-221 -255 12 2
-222 -255 12 1
-216 -258 12 0
-216 -258 13 0
-241 -278 9 0
-217 -251 13 2
-219 -256 14 1
-219 -256 12 1
-220 -251 2 1
-222 -253 2 1
-222 -253 3 1
-218 -253 3 1
-217 -256 0 1
-217 -256 1 1
-217 -256 2 1
-217 -255 0 1
-217 -255 1 1
-217 -255 2 1
-218 -258 4 0
-219 -255 4 1
-218 -258 6 0
-215 -254 5 1
-215 -258 1 1
-215 -258 2 1
-217 -261 0 1
-217 -256 3 2
-216 -257 2 1
-216 -256 2 1
-216 -256 3 1
-215 -257 2 1
-215 -256 2 1
-215 -256 3 1
-217 -259 4 1
-214 -256 3 1
-214 -259 1 1
-214 -258 1 1
-218 -257 4 1
-217 -255 3 1
-216 -255 2 1
-216 -255 3 1
-215 -257 1 1
-240 -261 26 2
-240 -262 27 2
-241 -267 26 0
-243 -262 26 0
-242 -262 27 0
-242 -263 28 0
-243 -266 27 0
-242 -265 28 0
-241 -262 29 0
-220 -256 43 0
-219 -255 43 0
-219 -254 43 0
-218 -254 43 0
-212 -251 44 0
-213 -251 43 0
-232 -293 19 0
-233 -293 19 0
-230 -296 13 1
-230 -296 14 1
-230 -295 12 1
-230 -295 13 2
-230 -295 14 1
-229 -297 12 1
-208 -283 13 0
-209 -285 15 0
-208 -280 16 0
-208 -281 15 0
-209 -283 16 0
-248 -283 11 0
-247 -290 12 0
-248 -283 4 1
-222 -288 20 0
-226 -291 19 0
-223 -292 18 0
-221 -291 19 0
-220 -291 19 0
-219 -291 19 0
-221 -294 18 0
-226 -292 18 0
-227 -292 18 0
-217 -252 16 2
-203 -253 2 2
-207 -271 3 2
-242 -256 28 0
-238 -251 29 0
-238 -252 29 0
-238 -253 29 0
-238 -254 29 0
-242 -253 30 0
-235 -251 31 0
-236 -252 30 0
-239 -252 32 0
-239 -253 31 0
-234 -254 32 0
-235 -254 31 0
-236 -255 30 0
-241 -255 32 0
-237 -253 33 0
-237 -253 32 0
-210 -271 9 1
-210 -277 10 0
-206 -272 11 0
-225 -293 19 0
-221 -293 21 0
-227 -294 22 0
-227 -295 21 0
-201 -279 16 0
-229 -298 11 1
-229 -298 12 1
-249 -281 15 0
-249 -281 14 0
-246 -280 16 0
-247 -280 15 0
-247 -254 9 0
-247 -251 10 0
-217 -253 47 0
-217 -252 46 0
-220 -252 46 0
-219 -251 46 0
-220 -251 38 0
-220 -251 39 0
-219 -251 40 2
-217 -252 40 2
-221 -276 5 1
-222 -274 5 2
-222 -276 5 1
-222 -280 7 0
-223 -296 17 0
-225 -299 15 0
-224 -298 15 0
-227 -294 16 1
-221 -282 7 1
-203 -293 11 0
-233 -268 16 0
-245 -258 19 0
-245 -258 20 0
-243 -261 19 0
-244 -262 20 0
-243 -257 18 0
-221 -252 15 1
-221 -251 13 1
-221 -251 14 1
-221 -251 15 1
-230 -287 16 2
-230 -287 17 2
-220 -278 11 0
-226 -252 13 1
-206 -252 5 2
-223 -251 18 0
-227 -251 19 0
-224 -300 11 1
-224 -300 12 1
-224 -294 11 2
-231 -296 14 1
-231 -295 12 1
-231 -295 13 1
-231 -295 14 1
-231 -294 12 1
-231 -294 13 1
-231 -294 14 1
-228 -262 9 0
-234 -253 21 0
-235 -254 22 1
-204 -257 7 1
-203 -255 9 0
-202 -272 7 0
-201 -272 7 0
-207 -270 7 0
-202 -269 7 0
-224 -300 23 0
-225 -300 23 0
-248 -282 3 2
-218 -262 2 1
-218 -262 3 1
-202 -265 6 2
-214 -266 14 0
-216 -267 13 0
-201 -267 6 1
-225 -259 18 1
-225 -257 13 1
-225 -256 13 1
-226 -262 15 0
-225 -263 14 0
-225 -264 13 0
-212 -294 16 0
-234 -266 31 0
-239 -271 30 0
-235 -271 30 0
-234 -267 29 0
-239 -269 27 0
-237 -270 34 0
-238 -270 32 0
-234 -256 12 2
-234 -256 11 1
-234 -257 11 2
-234 -258 11 2
-235 -256 12 2
-235 -256 11 1
-237 -290 9 1
-237 -289 10 1
-236 -291 8 1
-236 -291 9 1
-236 -291 10 2
-216 -258 4 1
-216 -258 5 1
-206 -297 13 0
-209 -293 14 0
-209 -294 14 0
-208 -294 14 0
-205 -300 15 1
-204 -291 15 0
-210 -297 15 0
-209 -296 14 0
-208 -296 14 0
-208 -291 16 0
-208 -292 15 0
-221 -293 13 1
-242 -285 14 0
-245 -288 11 0
-245 -289 12 0
-246 -290 13 0
-246 -291 13 0
-232 -253 13 1
-232 -253 14 1
-242 -288 12 0
-241 -288 13 0
-247 -288 12 0
-248 -288 12 0
-218 -262 6 0
-212 -256 21 2
-212 -256 20 2
-212 -256 19 2
-206 -260 36 0
-205 -263 35 0
-206 -259 34 0
-201 -251 25 2
-207 -259 34 2
-202 -263 33 0
-205 -261 33 0
-201 -261 33 0
-232 -274 22 0
-233 -275 19 0
-234 -274 20 0
-228 -278 20 0
-237 -277 20 1
-235 -277 20 1
-230 -273 20 0
-236 -254 3 1
-238 -253 3 1
-234 -253 3 2
-237 -256 2 2
-234 -256 0 1
-234 -255 0 1
-234 -254 0 1
-233 -256 0 1
-233 -255 0 1
-233 -254 0 1
-213 -276 4 2
-213 -276 3 1
-214 -277 7 0
-211 -277 5 2
-211 -277 4 1
-211 -277 3 1
-241 -260 27 2
-238 -259 28 2
-238 -258 26 2
-236 -262 27 2
-238 -291 23 0
-238 -292 22 0
-237 -294 24 0
-231 -267 5 1
-232 -267 5 1
-241 -290 17 0
-238 -299 18 0
-234 -296 19 0
-242 -291 20 0
-242 -296 21 0
-239 -292 20 0
-239 -298 22 0
-236 -293 21 0
-236 -296 23 0
-236 -294 24 0
-237 -294 23 0
-237 -294 22 0
-230 -265 3 1
-236 -275 6 1
-246 -265 5 2
-250 -266 5 1
-249 -266 5 1
-248 -264 3 1
-206 -263 14 0
-204 -264 14 0
-205 -259 14 0
-204 -258 13 0
-210 -259 13 0
-204 -262 13 0
-203 -262 12 0
-206 -257 12 0
-206 -261 13 0
-205 -261 12 0
-209 -265 11 0
-208 -260 12 0
-208 -259 11 0
-228 -296 16 1
-227 -296 16 1
-227 -282 16 0
-227 -283 16 0
-225 -300 17 0
-225 -299 16 0
-230 -299 18 0
-202 -253 25 2
-202 -253 24 2
-227 -293 18 0
-202 -253 22 2
-202 -253 21 2
-202 -253 20 2
-202 -253 19 2
-202 -253 18 2
-202 -253 17 2
-202 -253 16 2
-202 -253 15 2
-202 -253 14 2
-202 -253 13 2
-202 -253 12 2
-202 -253 11 2
-202 -254 33 2
-222 -277 6 1
-214 -281 8 1
-207 -262 13 0
-206 -262 12 0
-207 -261 10 0
-244 -252 11 1
-201 -268 4 1
-201 -268 3 2
-201 -268 2 1
-201 -269 4 1
-201 -269 2 1
-201 -270 3 2
-201 -270 2 1
-201 -269 3 2
-203 -263 8 0
-237 -261 30 1
-239 -255 2 1
-242 -266 30 0
-236 -265 30 0
-234 -263 30 1
-233 -263 30 0
-239 -263 29 2
-240 -262 29 2
-213 -277 7 0
-213 -273 3 1
-213 -273 4 1
-213 -272 3 2
-213 -272 4 1
-211 -275 4 2
-227 -299 10 1
-226 -252 15 1
-226 -252 14 1
-226 -253 16 1
-226 -253 15 1
-206 -288 15 0
-212 -251 23 2
-221 -265 6 0
-207 -251 24 2
-209 -297 13 0
-230 -268 11 0
-230 -268 12 0
-232 -269 10 0
-232 -270 11 0
-231 -266 11 1
-231 -266 12 1
-230 -270 10 1
-220 -261 5 0
-219 -265 5 1
-201 -288 17 0
-220 -265 5 1
-204 -283 15 0
-201 -285 18 0
-203 -286 16 0
-203 -286 17 0
-202 -283 16 0
-203 -283 15 0
-247 -253 5 0
-247 -254 6 0
-247 -255 6 0
-226 -281 16 0
-222 -295 13 1
-214 -257 11 1
-214 -257 12 1
-214 -257 13 1
-214 -256 11 1
-214 -256 12 1
-214 -256 13 1
-213 -257 11 1
-213 -257 12 1
-223 -251 40 0
-215 -253 14 2
-250 -267 10 1
-245 -281 3 1
-235 -253 12 0
-201 -255 6 0
-249 -272 9 1
-239 -266 7 1
-245 -267 3 1
-216 -253 12 2
-249 -262 7 0
-248 -264 9 0
-245 -265 7 2
-250 -272 2 1
-248 -271 7 1
-247 -262 5 0
-248 -268 1 1
-247 -268 1 1
-227 -286 21 0
-247 -266 1 1
-249 -261 4 0
-232 -294 24 0
-210 -270 8 1
-230 -251 9 1
-230 -251 8 1
-230 -251 7 1
-226 -280 13 0
-226 -281 13 0
-246 -261 11 0
-247 -262 11 0
-245 -253 11 1
-240 -262 10 2
-241 -263 9 1
-241 -263 10 1
-245 -292 7 1
-244 -292 5 1
-243 -292 5 1
-248 -289 8 0
-248 -290 8 0
-250 -286 10 0
-250 -288 9 0
-249 -287 8 0
-249 -289 9 0
-246 -289 7 1
-217 -284 7 1
-218 -284 7 1
-218 -275 8 1
-218 -276 8 0
-218 -277 9 0
-219 -279 9 0
-223 -282 8 0
-214 -280 8 1
-215 -280 9 1
-216 -280 9 0
-217 -280 9 0
-222 -276 9 1
-221 -277 9 1
-215 -276 9 0
-216 -277 9 0
-217 -278 9 0
-223 -280 10 0
-215 -281 11 1
-215 -281 10 1
-230 -271 10 2
-230 -265 9 0
-231 -264 10 1
-224 -269 10 0
-231 -269 8 0
-226 -260 15 1
-226 -261 18 0
-227 -261 18 0
-228 -258 16 1
-230 -260 17 0
-229 -260 18 0
-226 -259 19 1
-225 -280 7 1
-225 -279 6 1
-225 -279 7 1
-225 -275 9 0
-226 -274 8 0
-226 -274 7 1
-224 -276 8 1
-223 -276 9 1
-226 -277 7 1
-229 -278 7 1
-229 -278 6 1
-225 -275 7 1
-226 -275 8 0
-226 -280 8 1
-227 -279 8 1
-227 -279 9 1
-227 -274 8 1
-229 -281 9 0
-229 -280 9 1
-223 -276 12 0
-223 -276 13 0
-223 -276 14 0
-223 -276 15 0
-225 -277 13 0
-225 -277 14 0
-224 -274 13 0
-224 -273 15 0
-222 -278 14 0
-222 -275 12 0
-221 -274 13 0
-221 -274 14 0
-225 -279 13 0
-225 -280 13 0
-225 -274 12 0
-222 -277 11 0
-223 -274 11 0
-222 -273 12 0
-222 -272 12 0
-223 -279 11 0
-224 -273 11 0
-224 -272 11 0
-223 -275 10 0
-222 -274 10 0
-223 -274 9 0
-223 -273 9 0
-223 -272 8 0
-223 -275 9 0
-225 -273 6 2
-225 -274 7 1
-225 -273 5 1
-225 -273 7 1
-224 -274 5 1
-224 -273 5 1
-224 -275 9 0
-225 -274 8 1
-226 -277 5 2
-226 -278 4 1
-226 -278 5 1
-226 -277 4 1
-226 -277 6 1
-225 -278 4 1
-225 -277 4 1
-228 -277 10 1
-228 -278 9 2
-228 -278 8 1
-231 -281 9 0
-231 -280 9 0
-231 -279 9 0
-227 -280 10 1
-228 -278 10 1
-228 -276 11 0
-229 -281 12 0
-230 -280 11 0
-227 -278 12 0
-231 -275 6 1
-230 -277 6 1
-230 -277 7 1
-231 -278 9 0
-222 -276 12 0
-222 -276 13 0
-222 -276 14 0
-222 -276 15 0
-224 -277 13 0
-224 -277 14 0
-225 -277 15 0
-223 -274 13 0
-215 -282 11 1
-215 -282 10 2
-215 -282 9 1
-215 -283 11 1
-207 -252 6 2
-207 -252 7 1
-207 -251 5 2
-207 -251 7 2
-229 -251 2 1
-229 -251 1 1
-230 -251 2 1
-230 -251 1 1
-216 -252 8 2
-215 -252 8 1
-215 -252 9 1
-220 -256 9 2
-220 -257 8 1
-217 -255 8 1
-221 -255 8 2
-235 -298 16 0
-240 -297 19 0
-241 -291 20 0
-236 -291 20 0
-241 -296 21 0
-239 -291 21 0
-235 -287 13 0
-237 -287 14 0
-206 -284 13 0
-206 -285 13 0
-225 -298 20 0
-212 -251 32 2
-218 -258 9 0
-216 -265 10 0
-223 -278 10 1
-223 -279 10 1
-202 -271 11 0
-218 -278 10 0
-226 -281 11 0
-201 -268 12 0
-241 -277 12 0
-221 -255 9 2
-220 -255 8 2
-222 -295 15 0
-207 -251 28 2
-212 -251 27 2
-209 -252 25 2
-218 -258 17 0
-218 -258 18 0
-216 -258 14 0
-216 -258 15 0
-215 -259 16 0
-215 -259 17 0
-215 -256 15 0
-214 -255 16 2
-214 -255 17 2
-217 -259 14 0
-217 -259 15 0
-218 -260 16 0
-208 -296 15 0
-213 -276 6 1
-218 -280 6 1
-218 -281 5 2
-217 -277 7 0
-217 -276 7 0
-243 -263 4 1
-243 -263 5 1
-241 -270 12 0
-241 -271 13 0
-245 -269 12 1
-242 -270 10 1
-244 -269 8 1
-242 -269 8 1
-206 -251 1 1
-206 -251 2 2
-206 -251 3 1
-205 -251 1 1
-205 -251 2 2
-205 -251 3 1
-236 -255 5 1
-236 -256 5 2
-207 -270 12 0
-207 -271 11 0
-220 -252 9 1
-211 -268 6 1
-214 -261 5 1
-214 -263 5 0
-215 -264 5 1
-216 -265 4 1
-211 -267 2 1
-211 -267 3 1
-210 -267 2 1
-210 -267 3 1
-209 -267 2 1
-209 -267 3 1
-222 -253 11 2
-222 -253 10 2
-222 -254 11 2
-222 -254 10 1
-223 -254 11 1
-223 -254 10 1
-224 -254 12 1
-224 -254 11 2
-224 -254 10 2
-215 -262 3 1
-215 -262 4 1
-215 -262 5 1
-215 -261 5 2
-215 -260 5 2
-246 -265 13 1
-225 -252 19 1
-225 -252 20 0
-235 -288 19 0
-236 -286 14 1
-237 -289 20 0
-235 -286 19 0
-238 -261 26 2
-238 -262 27 2
-237 -262 28 2
-233 -262 27 2
-212 -300 15 0
-212 -300 14 0
-208 -295 16 0
-214 -297 16 0
-201 -290 11 0
-241 -266 20 0
-233 -268 19 0
-232 -267 19 0
-207 -277 8 2
-204 -275 10 0
-238 -270 19 0
-238 -271 19 0
-239 -272 19 0
-212 -279 4 1
-212 -278 3 1
-212 -278 5 2
-212 -277 3 1
-212 -277 4 2
-212 -277 5 2
-211 -279 3 1
-211 -279 4 1
-211 -279 5 1
-229 -262 7 0
-232 -284 15 0
-234 -288 15 0
-230 -262 4 1
-211 -258 43 0
-212 -258 44 0
-212 -258 45 0
-213 -258 45 0
-208 -258 43 0
-208 -257 44 0
-210 -261 43 0
-210 -262 44 0
-211 -263 45 0
-212 -255 44 0
-205 -260 44 0
-213 -260 43 0
-214 -260 44 0
-208 -256 43 0
-208 -255 43 0
-208 -254 43 0
-208 -262 43 0
-213 -257 43 0
-214 -256 43 0
-210 -257 42 0
-235 -267 15 0
-210 -255 42 0
-210 -254 42 0
-212 -259 41 0
-238 -264 15 2
-206 -262 32 0
-205 -261 32 0
-204 -261 32 0
-205 -255 32 2
-208 -269 9 0
-209 -268 8 1
-208 -267 8 0
-208 -268 9 0
-209 -267 8 1
-207 -266 8 0
-207 -267 9 0
-207 -267 7 1
-216 -283 14 1
-216 -283 15 1
-206 -258 5 1
-220 -280 12 0
-220 -278 13 0
-224 -285 11 1
-224 -285 10 2
-237 -258 15 2
-237 -259 15 2
-224 -252 18 1
-224 -251 18 1
-239 -251 15 0
-203 -280 15 0
-235 -254 15 0
-234 -254 15 0
-233 -254 15 1
-232 -255 14 2
-239 -256 15 2
-239 -256 14 2
-226 -252 20 0
-226 -251 19 0
-240 -257 14 2
-236 -252 15 0
-234 -267 20 0
-216 -274 9 1
-209 -279 10 0
-208 -280 9 1
-246 -256 7 0
-238 -274 11 1
-247 -253 8 0
-234 -283 25 2
-243 -282 26 0
-220 -262 1 1
-221 -260 3 1
-221 -260 2 2
-221 -260 1 1
-221 -261 3 1
-221 -261 1 2
-219 -269 5 1
-221 -268 7 0
-237 -255 0 1
-221 -265 11 0
-204 -279 9 2
-247 -263 9 1
-248 -265 8 1
-248 -263 6 0
-249 -265 10 0
-201 -289 13 0
-209 -297 10 2
-215 -253 12 2
-232 -298 23 0
-248 -263 9 0
-249 -265 11 0
-246 -265 9 1
-250 -272 1 1
-245 -267 8 2
-245 -267 7 1
-203 -292 13 0
-248 -268 11 2
-248 -270 11 1
-202 -289 13 0
-223 -281 17 0
-223 -284 16 0
-241 -252 22 0
-249 -263 5 0
-226 -299 15 0
-225 -300 15 0
-225 -300 14 0
-230 -296 15 1
-228 -298 14 1
-228 -298 15 1
-243 -268 10 2
-243 -268 9 2
-241 -268 13 1
-232 -276 7 2
-226 -286 20 0
-232 -287 11 0
-233 -287 12 0
-233 -287 13 0
-235 -288 11 0
-231 -289 11 0
-231 -299 15 0
-231 -300 14 1
-234 -285 12 1
-234 -289 14 0
-232 -289 15 0
-230 -291 14 1
-230 -291 13 2
-220 -264 7 0
-216 -266 10 0
-229 -262 33 0
-232 -261 34 0
-230 -258 24 0
-229 -260 26 0
-228 -258 27 0
-230 -255 27 0
-226 -259 28 0
-229 -259 29 0
-228 -256 29 0
-229 -257 29 0
-227 -262 29 0
-233 -262 30 0
-226 -258 30 0
-227 -258 30 0
-229 -255 31 0
-227 -260 32 1
-228 -257 33 0
-229 -258 31 0
-231 -257 33 0
-232 -260 33 0
-211 -262 39 0
-208 -263 40 0
-213 -260 40 0
-239 -257 9 1
-203 -262 43 0
-245 -276 4 2
-245 -275 3 2
-245 -275 2 2
-245 -275 1 1
-245 -276 3 2
-245 -276 2 2
-245 -276 1 1
-245 -277 2 1
-245 -277 1 1
-246 -275 3 1
-246 -275 2 2
-246 -275 1 1
-235 -267 10 1
-234 -267 11 0
-236 -271 12 0
-235 -271 11 0
-233 -270 13 0
-208 -276 14 0
-237 -270 22 0
-220 -265 10 0
-233 -265 20 0
-232 -269 19 0
-236 -264 18 2
-203 -291 13 0
-212 -283 12 0
-212 -280 13 0
-211 -282 16 0
-232 -292 12 1
-233 -292 14 1
-237 -265 5 1
-237 -265 6 2
-232 -272 12 0
-235 -269 9 0
-236 -269 10 0
-247 -280 2 1
-235 -273 11 0
-236 -265 11 2
-236 -276 8 2
-237 -266 11 2
-237 -266 12 2
-237 -265 10 2
-214 -276 14 0
-214 -275 13 0
-216 -271 14 0
-217 -275 14 0
-217 -274 13 0
-217 -274 12 0
-215 -273 14 0
-215 -273 13 0
-208 -297 12 1
-202 -251 2 2
-204 -251 3 1
-204 -251 2 2
-204 -251 1 1
-204 -252 3 1
-204 -252 2 2
-204 -252 1 1
-204 -253 3 1
-204 -253 2 2
-213 -293 14 0
-217 -298 14 0
-215 -270 11 0
-218 -295 14 0
-202 -262 25 0
-206 -285 11 1
-245 -279 5 2
-205 -284 12 0
-215 -254 10 2
-230 -274 13 0
-232 -275 5 1
-232 -275 6 1
-232 -275 7 1
-241 -264 12 1
-240 -266 14 1
-201 -278 12 0
-246 -273 8 2
-204 -254 18 2
-204 -254 19 2
-204 -254 20 2
-237 -254 8 1
-211 -272 10 0
-241 -268 12 1
-241 -266 14 1
-221 -273 9 0
-235 -253 6 0
-237 -272 6 1
-245 -281 7 1
-245 -280 5 1
-245 -280 6 1
-245 -280 7 1
-249 -282 5 1
-248 -282 5 1
-246 -286 5 2
-247 -287 4 2
-247 -287 5 2
-247 -287 6 1
-247 -286 4 2
-223 -292 20 0
-223 -292 21 0
-223 -292 22 0
-222 -292 23 0
-237 -281 22 1
-237 -281 21 1
-237 -281 20 1
-237 -282 20 1
-238 -281 22 1
-238 -281 21 1
-238 -266 31 0
-238 -272 32 0
-237 -271 31 0
-237 -270 30 0
-234 -268 32 1
-234 -268 33 1
-234 -268 34 1
-234 -267 34 1
-234 -266 32 1
-234 -266 33 2
-234 -266 34 1
-208 -277 8 2
-208 -277 9 1
-208 -276 8 1
-208 -276 9 1
-216 -275 7 1
-210 -274 7 1
-209 -273 7 0
-208 -271 7 0
-213 -281 8 1
-212 -281 8 1
-211 -281 6 1
-236 -283 19 1
-236 -283 18 1
-236 -284 19 1
-235 -290 17 0
-224 -292 19 0
-224 -293 20 0
-225 -293 21 0
-225 -293 22 0
-225 -294 23 0
-224 -291 20 0
-224 -290 21 0
-207 -251 26 2
-231 -288 20 0
-231 -288 19 0
-231 -288 18 1
-217 -280 10 0
-214 -282 9 1
-222 -279 9 1
-221 -276 8 1
-221 -275 8 1
-217 -279 9 0
-222 -281 8 0
-218 -278 9 0
-217 -275 8 1
-215 -262 15 0
-214 -256 14 1
-239 -274 10 1
-239 -274 11 1
-225 -266 8 0
-225 -266 9 0
-236 -294 10 2
-236 -294 11 2
-236 -293 9 1
-236 -293 10 1
-208 -274 13 0
-207 -275 12 0
-208 -273 13 0
-206 -283 14 0
-205 -281 12 0
-242 -251 3 2
-241 -251 3 1
-203 -286 18 0
-205 -284 16 0
-205 -284 17 0
-206 -282 14 0
-245 -281 8 1
-245 -281 9 1
-212 -292 12 1
-213 -291 12 1
-213 -292 12 1
-202 -288 12 0
-202 -251 5 2
-201 -293 13 0
-202 -294 12 0
-203 -294 12 1
-202 -252 4 2
-239 -287 26 0
-237 -279 26 0
-208 -287 11 1
-207 -291 18 0
-208 -289 17 0
-210 -288 15 0
-211 -287 16 0
-207 -288 15 0
-209 -289 13 0
-209 -288 13 0
-214 -253 14 2
-209 -289 11 1
-214 -288 12 1
-220 -298 16 0
-221 -299 17 0
-216 -295 15 0
-204 -263 30 0
-204 -263 29 0
-202 -288 18 0
-228 -273 8 1
-209 -266 6 2
-209 -266 5 1
-209 -266 4 1
-209 -267 6 1
-210 -284 10 2
-228 -297 15 2
-220 -293 14 0
-221 -281 2 1
-221 -280 2 1
-224 -295 15 0
-210 -286 14 0
-210 -286 8 1
-226 -293 14 0
-225 -298 14 1
-209 -288 16 0
-210 -287 15 0
-211 -286 14 0
-227 -296 14 1
-227 -295 14 2
-226 -297 14 1
-226 -296 14 1
-208 -290 18 0
-225 -297 14 1
-225 -296 14 1
-212 -286 14 0
-202 -267 13 0
-224 -299 12 1
-205 -269 14 0
-203 -265 13 0
-203 -265 14 0
-202 -269 13 0
-206 -267 12 0
-207 -267 13 0
-205 -264 12 0
-206 -268 11 0
-207 -265 10 0
-207 -265 11 0
-223 -295 10 1
-250 -251 10 0
-250 -251 9 0
-248 -252 9 0
-229 -295 22 0
-228 -294 22 0
-232 -299 22 0
-203 -268 4 1
-203 -268 5 1
-203 -268 6 1
-203 -267 4 2
-203 -267 5 2
-203 -267 6 1
-203 -266 4 1
-203 -266 5 2
-203 -266 6 2
-204 -269 6 1
-202 -276 4 1
-202 -276 5 1
-202 -275 4 1
-203 -297 10 1
-203 -297 9 1
-203 -297 8 1
-204 -296 9 2
-204 -296 8 1
-209 -281 10 1
-229 -258 28 0
-232 -253 27 0
-232 -259 28 1
-231 -261 27 2
-231 -256 27 0
-230 -255 26 0
-234 -259 26 2
-232 -257 28 0
-232 -258 27 0
-231 -258 26 0
-210 -260 3 1
-225 -300 19 0
-235 -300 22 0
-235 -271 7 2
-235 -272 7 1
-236 -269 7 1
-235 -269 7 1
-234 -269 7 1
-232 -263 8 2
-232 -270 9 1
-232 -270 8 1
-232 -272 9 1
-201 -289 11 0
-216 -297 20 0
-219 -298 18 0
-219 -298 19 0
-221 -252 4 1
-220 -252 5 1
-220 -252 6 1
-211 -275 13 0
-212 -272 12 0
-211 -272 13 0
-238 -276 21 1
-238 -276 22 1
-238 -276 23 1
-238 -275 21 1
-238 -275 22 1
-238 -275 23 1
-238 -274 21 1
-238 -274 22 1
-238 -274 23 1
-237 -276 21 1
-237 -276 22 1
-237 -276 23 1
-237 -275 21 1
-237 -275 23 1
-237 -274 21 1
-207 -256 11 0
-208 -256 11 2
-204 -258 10 0
-205 -258 8 0
-204 -253 15 2
-207 -255 14 2
-208 -255 15 2
-206 -253 13 2
-206 -252 14 2
-207 -257 12 0
-209 -256 11 2
-204 -258 11 0
-218 -263 9 0
-221 -266 7 0
-222 -267 8 0
-222 -268 8 0
-222 -269 9 0
-222 -263 8 0
-223 -262 8 0
-223 -261 9 0
-224 -266 7 0
-225 -267 8 0
-220 -267 7 0
-220 -269 7 1
-224 -263 7 0
-225 -262 7 0
-219 -252 15 0
-223 -269 4 1
-223 -269 2 1
-220 -255 15 1
-220 -255 14 1
-220 -255 13 1
-221 -255 15 1
-226 -288 20 0
-222 -283 21 0
-202 -273 15 0
-203 -272 16 0
-203 -274 14 0
-204 -274 14 0
-206 -300 11 1
-206 -300 9 1
-201 -256 35 0
-207 -300 10 2
-207 -300 9 1
-201 -258 37 0
-210 -300 16 0
-209 -298 14 0
-209 -282 13 0
-212 -296 16 0
-211 -296 16 0
-239 -294 19 0
-239 -295 20 0
-224 -277 4 1
-223 -279 4 1
-222 -261 9 0
-225 -251 13 1
-223 -266 7 0
-223 -263 7 0
-237 -258 34 1
-237 -259 32 1
-239 -262 34 0
-208 -298 9 1
-208 -298 10 2
-208 -298 11 1
-208 -297 9 1
-208 -297 10 2
-208 -297 11 1
-234 -275 8 1
-235 -273 7 1
-214 -291 12 1
-214 -291 11 2
-233 -294 27 0
-233 -294 26 0
-233 -295 25 0
-235 -298 27 0
-228 -272 16 0
-229 -270 14 0
-227 -273 13 0
-226 -273 13 0
-229 -276 12 0
-228 -277 12 0
-227 -277 12 0
-229 -272 12 0
-231 -279 11 0
-232 -273 12 0
-228 -275 11 0
-226 -275 11 0
-235 -277 10 1
-234 -273 10 1
-229 -274 9 1
-229 -274 10 1
-229 -272 10 2
-229 -272 11 1
-235 -271 15 0
-232 -271 16 0
-237 -272 18 0
-237 -272 17 0
-236 -272 16 0
-235 -272 16 0
-234 -270 18 0
-235 -274 19 0
-233 -273 19 0
-241 -291 6 1
-241 -292 6 1
-241 -293 6 1
-242 -293 6 1
-212 -267 10 1
-210 -267 10 1
-217 -271 9 0
-213 -270 9 1
-237 -276 12 0
-219 -268 3 1
-219 -267 1 1
-219 -267 2 1
-219 -267 3 1
-219 -266 1 1
-219 -266 2 2
-219 -266 3 1
-218 -268 1 1
-218 -268 2 1
-218 -268 3 1
-218 -267 1 1
-218 -267 3 1
-218 -266 1 1
-218 -266 2 2
-232 -284 25 0
-240 -286 22 0
-241 -282 23 1
-241 -283 22 1
-242 -284 20 0
-243 -286 24 0
-243 -285 22 0
-242 -285 21 0
-240 -284 24 1
-238 -286 21 0
-239 -285 20 1
-244 -281 21 0
-208 -257 14 0
-208 -258 14 0
-208 -259 14 0
-210 -265 14 0
-206 -266 16 0
-206 -265 15 0
-238 -276 3 1
-239 -274 5 1
-239 -274 4 1
-239 -274 3 1
-239 -275 5 2
-250 -269 16 1
-250 -270 16 1
-225 -287 12 1
-226 -285 12 1
-226 -287 12 1
-227 -285 12 1
-227 -284 12 2
-227 -285 13 1
-223 -285 13 1
-224 -286 14 0
-225 -286 15 0
-224 -291 13 0
-209 -289 9 1
-209 -288 9 2
-250 -280 6 1
-217 -251 26 2
-217 -251 27 2
-217 -251 28 2
-217 -251 29 2
-217 -251 30 2
-217 -251 31 2
-217 -251 32 2
-217 -251 33 2
-217 -251 34 2
-217 -251 35 2
-217 -251 36 2
-217 -251 37 2
-217 -251 38 2
-216 -254 25 2
-225 -258 2 2
-225 -269 2 1
-229 -260 5 1
-226 -260 1 1
-227 -260 1 1
-228 -260 3 1
-228 -260 2 1
-216 -254 33 2
-216 -254 34 2
-216 -254 35 2
-216 -254 36 2
-216 -254 37 2
-216 -254 38 2
-216 -254 39 2
-216 -253 17 2
-216 -253 18 2
-216 -253 20 2
-216 -253 21 2
-216 -253 22 2
-216 -253 23 2
-216 -253 24 2
-216 -253 25 2
-216 -253 26 2
-216 -253 27 2
-216 -253 28 2
-216 -253 29 2
-216 -253 30 2
-216 -253 31 2
-216 -253 32 2
-216 -253 33 2
-216 -253 34 2
-216 -253 35 2
-216 -253 36 2
-216 -253 37 2
-216 -251 23 2
-236 -274 23 1
-236 -274 22 1
-201 -255 25 2
-201 -255 28 2
-201 -255 29 2
-201 -254 14 2
-201 -253 14 2
-201 -253 15 2
-201 -253 16 2
-201 -253 17 2
-226 -259 13 2
-227 -257 15 2
-227 -257 14 2
-217 -258 4 1
-218 -258 5 0
-218 -259 7 0
-220 -260 4 0
-217 -260 6 0
-219 -256 5 1
-213 -256 4 1
-214 -256 4 1
-215 -256 4 1
-221 -261 7 0
-220 -259 9 0
-214 -251 12 2
-214 -251 11 2
-214 -251 9 2
-214 -252 38 2
-214 -252 37 2
-214 -252 36 2
-214 -252 35 2
-214 -252 34 2
-214 -252 33 2
-214 -252 32 2
-214 -252 31 2
-214 -252 30 2
-214 -252 29 2
-214 -252 28 2
-214 -252 27 2
-214 -252 26 2
-214 -252 25 2
-214 -252 24 2
-214 -252 23 2
-214 -252 22 2
-214 -252 21 2
-214 -252 20 2
-214 -252 19 2
-214 -252 18 2
-214 -252 17 2
-214 -252 16 2
-214 -252 15 2
-214 -252 14 2
-214 -252 12 2
-214 -252 11 2
-214 -252 10 2
-242 -256 21 0
-241 -260 20 2
-244 -258 19 0
-243 -262 20 0
-244 -255 20 0
-215 -253 31 2
-215 -253 32 2
-215 -253 33 2
-215 -253 34 2
-215 -253 35 2
-215 -253 36 2
-215 -253 37 2
-215 -253 38 2
-237 -257 11 2
-237 -256 9 2
-237 -255 9 2
-237 -255 10 2
-234 -259 29 2
-242 -262 30 0
-241 -262 30 0
-235 -260 29 2
-237 -260 29 2
-232 -275 13 0
-232 -274 12 0
-227 -277 14 0
-250 -258 3 1
-231 -280 14 0
-235 -266 25 0
-246 -255 1 2
-246 -255 2 2
-208 -261 9 0
-234 -278 14 0
-234 -278 13 0
-230 -292 12 1
-230 -293 13 1
-211 -297 12 1
-212 -297 11 2
-224 -283 7 1
-224 -283 6 1
-224 -284 7 1
-224 -285 8 1
-224 -285 7 1
-205 -277 11 0
-207 -261 2 2
-241 -269 31 0
-207 -259 2 1
-206 -261 1 1
-239 -278 14 0
-240 -273 14 0
-240 -274 13 0
-239 -276 14 0
-240 -276 14 0
-238 -273 13 1
-239 -278 13 0
-240 -275 13 0
-237 -277 11 0
-240 -275 14 0
-238 -277 11 1
-240 -278 12 0
-208 -254 16 2
-239 -272 12 1
-216 -276 6 0
-221 -285 14 1
-241 -261 22 2
-242 -254 14 2
-242 -258 21 2
-242 -258 20 2
-242 -259 23 2
-227 -260 26 0
-227 -262 32 0
-228 -263 25 0
-227 -263 32 0
-227 -259 33 0
-229 -261 35 0
-231 -265 33 0
-227 -260 33 0
-229 -263 32 0
-226 -265 30 0
-228 -262 35 0
-201 -267 13 0
-231 -266 33 0
-229 -262 34 0
-203 -268 15 0
-228 -263 26 0
-230 -266 29 0
-220 -299 16 0
-219 -298 16 0
-217 -295 15 0
-217 -300 17 0
-236 -296 12 1
-204 -288 11 1
-212 -277 11 0
-219 -278 7 0
-218 -275 7 1
-217 -276 5 1
-222 -259 12 0
-220 -264 12 0
-222 -261 10 0
-223 -262 11 0
-217 -265 10 0
-224 -258 10 1
-224 -258 11 1
-224 -257 9 1
-224 -257 10 1
-224 -257 11 1
-224 -256 9 1
-224 -256 10 1
-224 -256 11 1
-214 -259 9 0
-223 -257 6 2
-223 -257 7 1
-223 -256 6 1
-223 -256 7 1
-210 -281 7 1
-227 -299 19 0
-222 -256 18 1
-222 -256 17 1
-222 -257 18 1
-222 -257 17 1
-222 -257 16 1
-223 -256 18 1
-223 -256 16 1
-223 -257 18 1
-223 -257 17 1
-223 -257 16 1
-224 -256 18 2
-224 -256 17 1
-224 -256 16 1
-224 -257 18 1
-224 -257 17 1
-224 -257 16 1
-223 -256 17 2
-216 -251 17 2
-217 -251 17 2
-218 -251 17 2
-219 -252 16 0
-219 -256 18 1
-219 -255 17 1
-220 -254 17 0
-218 -271 9 0
-217 -270 9 0
-216 -269 9 0
-210 -266 10 1
-236 -272 17 0
-233 -271 19 0
-227 -270 4 1
-227 -270 5 1
-213 -254 47 0
-214 -254 43 0
-215 -255 44 0
-216 -256 47 0
-214 -253 45 0
-214 -252 46 0
-214 -251 47 0
-236 -255 24 1
-213 -256 45 0
-213 -256 46 0
-216 -254 44 0
-245 -258 11 0
-246 -258 12 0
-247 -258 13 0
-248 -258 14 0
-242 -257 12 2
-242 -257 13 2
-241 -256 13 2
-245 -262 13 0
-245 -256 12 0
-246 -255 12 0
-246 -254 13 0
-241 -259 12 2
-248 -260 12 0
-249 -260 12 0
-242 -254 12 2
-243 -261 11 0
-243 -262 11 0
-248 -256 11 0
-249 -256 11 0
-240 -257 11 2
-239 -257 11 2
-206 -261 3 1
-206 -261 2 2
-234 -251 25 0
-234 -252 25 0
-244 -253 12 0
-245 -252 12 0
-246 -290 9 0
-242 -283 9 1
-243 -283 9 1
-250 -286 9 0
-242 -289 10 0
-243 -288 10 0
-244 -288 10 0
-246 -281 10 0
-246 -282 10 0
-246 -283 10 0
-241 -268 30 0
-233 -270 30 0
-239 -271 31 0
-241 -265 32 0
-239 -266 31 0
-250 -284 11 0
-223 -254 41 0
-224 -252 39 0
-219 -251 37 2
-217 -255 20 0
-217 -256 16 0
-217 -256 17 0
-216 -257 18 0
-216 -257 19 0
-216 -254 17 0
-226 -272 8 1
-233 -270 9 1
-201 -251 7 2
-229 -288 18 1
-235 -292 22 0
-238 -296 21 0
-225 -283 23 0
-227 -284 21 0
-227 -285 22 0
-228 -285 22 0
-226 -282 20 0
-226 -281 21 0
-226 -281 22 0
-224 -285 21 0
-227 -283 19 0
-228 -283 20 0
-229 -283 21 0
-239 -257 18 2
-239 -258 18 2
-207 -274 15 0
-234 -257 17 0
-233 -257 17 0
-239 -254 17 2
-240 -254 17 2
-241 -254 17 2
-242 -254 17 0
-235 -252 17 0
-234 -251 17 0
-233 -251 17 0
-237 -257 17 2
-237 -259 16 2
-238 -253 17 0
-239 -251 16 0
-238 -293 22 0
-235 -254 17 0
-230 -295 15 1
-241 -281 10 1
-244 -281 10 0
-240 -279 10 0
-239 -265 32 0
-235 -269 30 0
-233 -269 31 0
-218 -261 2 2
-218 -261 1 1
-218 -266 3 1
-219 -290 16 0
-207 -279 9 1
-224 -268 1 1
-224 -268 2 1
-221 -290 17 0
-247 -285 9 0
-223 -267 1 1
-228 -268 2 2
-228 -267 2 1
-205 -286 18 0
-206 -280 13 0
-207 -280 13 0
-206 -282 15 0
-207 -281 14 0
-205 -279 12 0
-206 -279 12 0
-205 -282 15 0
-206 -284 17 0
-207 -283 16 0
-205 -279 10 1
-243 -283 5 1
-248 -253 1 2
-235 -270 14 0
-237 -276 15 0
-229 -271 15 0
-230 -271 15 0
-201 -254 10 2
-202 -252 10 2
-201 -253 9 2
-205 -255 37 2
-223 -281 4 2
-223 -281 3 1
-223 -281 2 1
-222 -299 22 0
-227 -296 21 0
-233 -267 17 0
-228 -282 15 0
-227 -265 28 0
-224 -260 28 0
-223 -260 28 0
-227 -252 8 1
-225 -264 27 0
-224 -264 27 0
-225 -258 26 0
-228 -265 26 0
-228 -266 26 0
-223 -262 26 0
-232 -264 25 0
-227 -258 25 0
-225 -260 24 0
-229 -263 25 0
-229 -264 24 0
-228 -260 26 0
-229 -258 23 0
-226 -262 23 0
-227 -260 22 0
-225 -258 12 1
-225 -259 12 1
-225 -260 12 1
-236 -294 15 0
-237 -294 14 1
-239 -297 16 0
-239 -296 16 0
-239 -295 15 1
-235 -291 16 0
-241 -293 16 0
-209 -299 14 0
-206 -292 13 0
-207 -291 13 0
-230 -296 21 0
-230 -282 13 0
-230 -281 14 0
-207 -290 13 0
-211 -295 13 0
-211 -295 10 2
-211 -295 11 2
-211 -294 9 1
-232 -272 7 2
-207 -276 12 0
-224 -263 29 0
-248 -272 12 2
-250 -270 17 0
-250 -270 18 0
-249 -270 20 0
-241 -264 6 1
-235 -265 17 0
-234 -264 22 2
-239 -266 21 0
-231 -267 21 0
-232 -271 20 0
-237 -256 10 2
-216 -275 13 0
-214 -279 12 0
-214 -280 13 0
-219 -281 8 1
-221 -282 10 0
-246 -282 11 0
-246 -283 12 0
-240 -281 11 1
-235 -289 20 0
-238 -280 11 0
-220 -263 11 0
-220 -263 12 0
-222 -264 11 0
-222 -264 12 0
-221 -261 11 0
-221 -261 12 0
-221 -260 13 0
-237 -256 19 2
-233 -253 17 0
-235 -254 19 0
-240 -253 18 0
-238 -254 19 2
-213 -284 11 1
-205 -253 10 2
-205 -252 8 2
-205 -252 9 2
-211 -292 11 1
-211 -292 10 2
-211 -292 9 1
-216 -299 12 2
-216 -299 11 1
-216 -299 10 1
-216 -300 12 1
-216 -300 11 1
-212 -293 13 0
-205 -266 10 0
-223 -280 2 1
-223 -280 3 1
-223 -280 4 1
-223 -279 2 1
-223 -279 3 1
-244 -271 5 1
-244 -271 4 2
-244 -272 6 1
-244 -272 5 1
-244 -272 4 1
-244 -273 6 1
-244 -273 5 1
-244 -273 4 1
-243 -272 5 2
-236 -277 5 0
-242 -276 6 1
-241 -275 7 1
-239 -274 7 1
-242 -270 6 1
-241 -270 7 1
-239 -278 7 2
-219 -281 12 0
-219 -282 13 0
-218 -282 14 0
-241 -271 9 1
-241 -270 8 1
-241 -270 9 1
-240 -270 8 1
-239 -276 9 2
-238 -276 8 2
-241 -274 8 0
-242 -274 8 0
-240 -292 17 0
-244 -274 7 0
-240 -279 7 2
-241 -273 7 1
-242 -271 7 1
-240 -275 7 1
-242 -276 7 0
-243 -277 6 1
-238 -277 6 2
-207 -257 8 1
-207 -256 8 1
-241 -277 4 1
-240 -271 4 2
-206 -262 6 0
-241 -271 3 1
-242 -292 15 0
-226 -254 16 1
-226 -254 15 1
-226 -254 14 1
-227 -252 16 1
-227 -253 16 1
-227 -253 14 1
-242 -254 8 1
-242 -254 7 1
-242 -254 6 1
-212 -251 30 2
-243 -253 8 2
-243 -254 8 1
-243 -254 7 1
-243 -254 6 1
-244 -252 8 1
-243 -266 9 2
-243 -266 10 2
-243 -266 11 2
-242 -268 9 1
-242 -268 11 1
-242 -267 9 2
-242 -267 11 2
-242 -266 9 2
-242 -266 10 2
-242 -266 11 2
-241 -268 9 1
-241 -268 11 1
-241 -267 9 1
-241 -267 11 1
-241 -266 9 1
-241 -266 10 1
-241 -266 11 1
-239 -264 10 1
-241 -265 8 2
-212 -252 16 2
-212 -252 17 2
-212 -252 18 2
-212 -252 19 2
-212 -252 20 2
-212 -252 21 2
-212 -252 22 2
-212 -252 23 2
-212 -252 24 2
-212 -252 25 2
-212 -252 26 2
-212 -252 27 2
-212 -252 28 2
-212 -252 29 2
-212 -252 30 2
-212 -252 31 2
-212 -252 32 2
-212 -252 33 2
-212 -252 34 2
-201 -269 6 0
-201 -267 2 1
-203 -266 11 0
-202 -267 10 0
-202 -264 10 0
-234 -300 16 0
-235 -300 15 0
-212 -251 37 2
-212 -251 38 2
-212 -251 39 2
-219 -255 10 1
-233 -267 13 0
-240 -270 14 1
-239 -270 14 1
-238 -270 14 1
-236 -268 14 0
-236 -269 14 0
-231 -269 15 0
-240 -268 15 0
-235 -268 15 0
-240 -272 16 0
-206 -260 33 0
-201 -260 33 0
-231 -279 19 0
-229 -277 20 0
-229 -278 18 0
-230 -281 20 0
-227 -280 12 0
-230 -281 13 0
-229 -281 13 0
-248 -256 8 0
-248 -287 10 0
-241 -252 4 2
-240 -253 4 1
-240 -253 5 2
-240 -253 6 1
-240 -252 4 2
-240 -252 6 2
-240 -251 5 1
-239 -253 4 2
-239 -253 5 2
-239 -253 6 2
-239 -252 4 1
-239 -252 5 1
-239 -252 6 1
-239 -251 5 1
-238 -280 7 1
-238 -280 8 1
-238 -280 9 1
-245 -276 8 1
-247 -276 7 1
-243 -251 4 1
-243 -252 4 2
-244 -253 4 2
-247 -289 11 0
-247 -288 11 0
-227 -286 13 1
-224 -287 14 0
-222 -286 11 1
-222 -286 10 1
-222 -286 9 1
-216 -258 11 0
-224 -281 4 1
-224 -280 3 1
-224 -280 4 1
-224 -280 5 1
-238 -291 19 0
-240 -294 21 0
-240 -294 20 0
-232 -261 3 2
-232 -261 4 1
-231 -261 2 1
-232 -261 0 1
-232 -261 1 1
-231 -263 0 1
-231 -262 0 1
-212 -261 10 0
-214 -261 11 0
-210 -275 10 0
-209 -274 10 0
-209 -272 11 0
-211 -257 12 2
-211 -257 11 2
-211 -258 12 2
-207 -293 11 1
-206 -293 12 1
-205 -293 12 1
-203 -295 13 1
-201 -298 11 1
-202 -296 11 2
-202 -297 11 2
-202 -298 11 1
-203 -297 11 2
-203 -298 11 2
-203 -290 12 0
-203 -291 12 0
-207 -296 12 0
-206 -295 12 1
-232 -299 26 0
-232 -299 25 0
-236 -292 25 0
-246 -281 15 0
-226 -273 8 1
-232 -274 4 1
-231 -274 4 1
-230 -274 4 1
-225 -272 7 1
-224 -272 7 1
-224 -272 8 1
-242 -273 3 1
-242 -272 3 1
-242 -271 3 2
-222 -286 8 1
-222 -285 8 1
-222 -285 9 1
-222 -285 10 1
-221 -287 8 1
-221 -287 9 1
-235 -296 19 0
-234 -289 20 0
-235 -291 19 0
-232 -295 20 0
-233 -295 20 0
-236 -292 9 1
-236 -292 10 1
-247 -264 15 0
-246 -267 14 0
-245 -268 16 0
-249 -265 14 0
-248 -267 13 1
-249 -263 14 0
-249 -262 14 0
-249 -266 13 0
-246 -263 13 0
-246 -268 13 0
-250 -264 12 0
-233 -254 1 1
-233 -254 2 1
-202 -256 38 0
-233 -254 3 1
-232 -256 1 1
-232 -256 2 1
-232 -256 3 1
-231 -277 10 0
-231 -276 10 1
-235 -272 11 0
-226 -271 12 0
-227 -271 12 0
-213 -275 14 0
-213 -275 15 0
-214 -272 15 0
-211 -273 14 0
-215 -279 13 0
-212 -271 12 0
-227 -297 15 1
-223 -292 15 0
-223 -293 15 0
-213 -274 5 1
-233 -258 8 1
-202 -271 3 2
-201 -266 2 1
-227 -259 14 2
-227 -259 13 2
-227 -260 15 1
-227 -260 14 1
-227 -260 13 1
-228 -258 15 1
-228 -259 15 1
-228 -260 15 1
-228 -260 14 1
-228 -260 13 1
-229 -258 15 1
-229 -259 15 1
-229 -260 15 1
-203 -254 5 1
-203 -260 5 0
-243 -271 3 2
-232 -258 2 1
-232 -258 3 1
-232 -258 4 1
-235 -272 22 0
-228 -281 14 0
-221 -285 13 2
-222 -285 14 1
-222 -285 13 1
-223 -285 14 1
-223 -286 15 1
-223 -287 13 1
-205 -271 11 0
-205 -270 11 0
-201 -269 12 0
-201 -267 10 0
-202 -267 11 0
-201 -265 10 0
-201 -264 10 0
-201 -267 8 0
-202 -266 8 0
-202 -266 9 0
-203 -265 9 0
-202 -272 8 0
-204 -268 7 1
-206 -275 15 0
-208 -273 14 0
-202 -264 6 2
-206 -271 13 0
-206 -270 13 0
-203 -270 12 0
-225 -271 4 1
-236 -294 19 1
-237 -264 11 2
-211 -283 16 0
-212 -285 14 0
-237 -264 10 2
-237 -265 12 2
-237 -265 11 2
-215 -273 12 0
-229 -253 7 1
-229 -253 8 1
-229 -253 9 1
-225 -261 25 0
-226 -264 25 0
-230 -261 26 1
-228 -258 26 0
-225 -263 27 0
-225 -262 29 0
-226 -261 31 0
-229 -263 31 0
-221 -298 14 0
-222 -299 14 0
-219 -294 14 0
-240 -266 4 1
-242 -268 6 1
-242 -268 5 1
-238 -268 4 0
-240 -263 4 1
-240 -265 4 1
-241 -263 5 1
-241 -263 4 1
-241 -264 4 1
-242 -263 5 1
-242 -263 4 1
-242 -264 5 2
-227 -281 20 0
-227 -282 19 0
-223 -281 21 0
-223 -282 21 0
-224 -282 20 0
-224 -259 2 2
-224 -259 3 1
-224 -258 1 1
-224 -258 2 1
-224 -258 3 1
-224 -257 1 1
-205 -262 13 0
-207 -258 12 0
-207 -264 12 0
-207 -261 13 0
-206 -261 12 0
-203 -262 2 1
-205 -284 14 0
-228 -264 7 0
-229 -264 7 0
-225 -267 6 1
-226 -268 7 1
-237 -258 23 2
-237 -259 23 2
-235 -296 15 0
-244 -293 14 0
-237 -290 14 0
-241 -294 20 0
-239 -291 18 0
-211 -297 18 0
-211 -297 17 0
-211 -297 16 0
-204 -278 16 0
-203 -280 18 0
-203 -276 15 0
-206 -252 3 2
-206 -252 2 2
-206 -252 1 1
-221 -288 17 0
-203 -252 20 2
-203 -252 21 2
-203 -252 24 2
-203 -252 25 2
-203 -252 26 2
-203 -252 28 2
-204 -261 12 0
-206 -262 10 0
-223 -297 19 0
-240 -277 6 2
-241 -276 5 2
-201 -262 31 0
-241 -278 5 1
-202 -259 31 0
-203 -258 30 0
-224 -294 20 0
-238 -287 9 1
-244 -279 7 1
-235 -287 11 0
-206 -257 5 2
-207 -257 5 2
-207 -257 4 2
-208 -255 6 2
-208 -255 5 1
-220 -281 7 1
-220 -281 6 1
-220 -282 8 1
-222 -284 7 1
-217 -280 8 0
-218 -280 8 0
-219 -280 9 0
-219 -281 10 0
-220 -281 10 0
-225 -280 8 1
-224 -280 9 1
-206 -260 6 0
-218 -284 8 1
-212 -283 13 0
-220 -274 12 0
-215 -276 11 0
-239 -266 26 0
-205 -254 4 1
-205 -254 5 2
-205 -254 6 2
-204 -256 5 1
-204 -256 6 1
-204 -255 5 1
-204 -255 6 1
-204 -254 4 2
-204 -254 5 2
-204 -254 6 2
-203 -256 5 1
-237 -272 26 0
-204 -260 5 0
-203 -257 32 0
-203 -257 33 0
-205 -261 4 1
-205 -255 33 2
-201 -256 5 0
-234 -265 27 0
-205 -259 34 0
-203 -258 35 0
-242 -268 27 0
-205 -254 37 2
-240 -293 19 0
-203 -255 37 2
-240 -293 18 0
-214 -263 4 1
-205 -258 38 0
-204 -258 38 0
-203 -257 37 0
-216 -262 2 2
-216 -262 1 1
-203 -253 38 2
-202 -254 38 2
-202 -258 38 0
-216 -263 2 2
-204 -256 39 2
-216 -263 1 1
-235 -298 20 0
-225 -296 10 1
-201 -253 41 0
-225 -297 10 1
-203 -258 41 0
-202 -257 38 0
-242 -251 6 1
-242 -251 7 1
-241 -253 5 1
-241 -253 6 1
-241 -253 7 1
-241 -252 5 2
-225 -264 29 0
-226 -258 28 0
-217 -256 43 0
-217 -257 43 0
-243 -294 18 0
-237 -290 18 0
-246 -254 0 1
-246 -254 1 2
-229 -289 17 1
-243 -294 17 0
-235 -292 15 0
-237 -298 16 0
-237 -290 16 0
-239 -297 17 0
-246 -274 7 1
-243 -281 5 1
-212 -284 13 0
-219 -262 5 0
-219 -261 5 0
-238 -274 12 0
-227 -275 16 0
-236 -274 16 0
-233 -275 15 0
-233 -272 18 0
-208 -271 2 1
-234 -260 14 2
-234 -260 13 2
-235 -259 15 2
-237 -251 9 0
-237 -252 11 0
-238 -256 12 2
-238 -256 11 2
-214 -270 7 2
-209 -252 17 2
-209 -251 17 2
-225 -266 5 1
-225 -266 4 1
-226 -266 4 1
-227 -266 4 1
-227 -266 3 2
-227 -266 2 1
-227 -267 2 1
-236 -267 18 0
-237 -270 17 0
-235 -269 19 0
-235 -269 18 0
-202 -284 16 0
-205 -281 13 0
-203 -281 13 0
-238 -274 7 1
-243 -273 7 1
-242 -273 7 1
-230 -285 20 0
-229 -290 19 0
-229 -290 20 0
-247 -290 4 1
-247 -290 5 2
-247 -289 3 1
-228 -278 12 0
-230 -276 14 0
-230 -275 14 0
-230 -274 14 0
-229 -273 13 0
-232 -258 30 0
-230 -258 31 0
-229 -258 32 0
-231 -253 31 0
-229 -256 30 0
-230 -259 29 1
-232 -256 29 0
-231 -255 29 0
-208 -282 17 0
-249 -278 9 0
-221 -286 9 2
-222 -287 8 1
-242 -283 4 1
-245 -279 1 1
-245 -278 1 1
-244 -279 1 1
-244 -278 1 1
-243 -279 1 1
-243 -278 1 1
-243 -277 1 1
-248 -272 2 1
-248 -271 2 1
-247 -272 2 1
-247 -271 2 1
-242 -279 2 1
-243 -271 8 1
-241 -275 1 1
-246 -274 5 1
-241 -282 5 1
-237 -287 24 0
-237 -286 24 0
-216 -260 7 0
-246 -277 3 2
-226 -284 20 0
-225 -288 18 0
-224 -289 20 0
-227 -291 19 0
-228 -283 19 0
-222 -288 18 0
-225 -283 17 0
-224 -283 18 0
-225 -290 17 0
-228 -268 7 1
-229 -269 7 1
-230 -271 7 1
-228 -251 18 1
-203 -268 8 0
-244 -285 8 1
-232 -267 6 1
-227 -271 6 2
-228 -272 5 1
-228 -272 6 2
-228 -272 7 2
-229 -251 18 1
-208 -299 9 1
-205 -259 6 0
-204 -259 6 0
-235 -265 19 0
-227 -274 12 0
-224 -277 11 0
-223 -277 12 0
-225 -274 11 0
-224 -273 12 0
-224 -272 12 0
-225 -278 11 1
-225 -279 11 1
-223 -276 11 0
-226 -272 11 0
-225 -277 10 1
-225 -275 10 0
-224 -275 10 0
-224 -274 10 0
-223 -273 10 0
-222 -273 10 0
-224 -276 10 1
-225 -274 9 0
-225 -273 9 0
-224 -280 8 1
-227 -279 7 2
-228 -278 7 1
-227 -280 6 1
-227 -280 7 1
-227 -279 6 1
-203 -297 12 2
-203 -297 13 2
-203 -297 14 2
-220 -262 8 0
-220 -261 8 0
-218 -268 8 1
-247 -256 7 0
-250 -259 6 0
-234 -288 13 0
-234 -289 12 0
-233 -289 11 0
-213 -283 6 1
-239 -285 11 0
-242 -291 11 0
-242 -292 11 1
-242 -293 11 1
-242 -294 11 1
-239 -273 11 1
-241 -289 11 0
-240 -289 11 0
-239 -289 11 0
-246 -291 10 0
-241 -285 9 1
-241 -293 11 1
-241 -292 11 1
-241 -291 11 1
-240 -293 11 1
-240 -292 11 1
-239 -293 9 1
-201 -261 32 0
-204 -262 31 0
-203 -256 31 0
-202 -258 31 0
-213 -262 3 1
-234 -276 13 0
-232 -276 14 0
-229 -280 12 0
-206 -256 35 2
-203 -260 34 0
-230 -273 13 0
-231 -275 14 0
-238 -260 20 2
-232 -256 7 1
-227 -296 22 0
-226 -295 22 0
-230 -288 17 1
-230 -288 16 1
-241 -273 8 1
-208 -268 7 1
-205 -268 8 0
-206 -267 7 1
-205 -266 7 1
-203 -266 7 1
-204 -266 8 0
-240 -271 17 0
-235 -267 16 0
-239 -267 16 1
-240 -267 16 0
-231 -268 15 0
-237 -254 14 1
-230 -269 6 1
-201 -269 8 1
-202 -270 8 0
-214 -274 6 1
-241 -271 5 1
-241 -270 4 1
-240 -270 3 1
-240 -270 4 1
-239 -272 5 2
-206 -292 16 0
-225 -268 3 1
-225 -269 5 1
-207 -294 17 0
-225 -269 3 1
-224 -268 4 2
-225 -265 5 0
-208 -295 9 1
-207 -287 12 0
-208 -296 10 2
-208 -296 9 1
-208 -296 8 1
-204 -295 11 2
-202 -297 10 1
-202 -297 9 2
-202 -297 8 1
-203 -296 10 1
-203 -296 8 1
-222 -264 8 0
-218 -267 10 0
-219 -267 9 0
-220 -262 10 0
-224 -286 8 0
-223 -281 9 0
-205 -258 6 1
-202 -263 4 2
-202 -263 5 2
-208 -258 8 1
-242 -296 15 0
-202 -262 5 1
-201 -289 15 0
-240 -259 30 0
-240 -258 28 0
-235 -258 28 2
-235 -260 27 2
-220 -260 6 0
-220 -259 6 0
-245 -253 1 2
-245 -253 2 1
-244 -253 0 1
-244 -253 2 2
-207 -272 12 0
-206 -279 11 0
-206 -279 10 1
-232 -271 12 0
-205 -280 13 0
-244 -278 7 1
-245 -278 9 1
-245 -278 7 1
-246 -278 10 0
-245 -277 9 1
-242 -274 9 0
-242 -280 11 0
-242 -279 10 0
-223 -264 6 0
-216 -265 5 1
-219 -259 6 0
-219 -260 6 0
-219 -261 6 0
-219 -262 6 0
-209 -251 34 2
-235 -255 15 0
-234 -255 14 0
-240 -253 21 0
-240 -256 27 0
-233 -256 28 0
-239 -256 22 2
-239 -255 23 2
-238 -255 24 2
-239 -258 24 2
-238 -258 24 2
-207 -251 36 2
-238 -257 25 2
-223 -291 22 0
-223 -291 21 0
-223 -291 20 0
-230 -299 20 0
-227 -295 13 1
-227 -295 12 1
-227 -295 11 1
-227 -296 13 2
-227 -296 12 1
-201 -274 10 0
-201 -270 12 1
-236 -252 25 0
-238 -251 27 0
-238 -252 27 0
-239 -279 4 1
-238 -278 5 2
-209 -263 9 0
-203 -296 14 1
-202 -295 14 1
-230 -261 6 1
-230 -261 4 1
-229 -264 12 0
-230 -261 5 1
-241 -257 8 1
-241 -257 7 1
-203 -256 34 0
-223 -268 3 1
-202 -263 34 0
-204 -261 35 0
-237 -266 20 2
-235 -265 21 0
-249 -286 9 0
-206 -276 16 0
-202 -275 15 0
-207 -278 14 0
-208 -277 14 0
-237 -283 9 1
-239 -274 1 1
-239 -273 1 1
-239 -272 1 1
-209 -269 4 2
-237 -271 21 0
-240 -260 30 0
-241 -261 32 0
-234 -261 32 1
-234 -283 12 1
-234 -283 11 1
-234 -283 10 1
-211 -255 17 2
-211 -255 18 2
-211 -255 19 2
-211 -255 20 2
-211 -255 21 2
-247 -278 16 0
-248 -278 15 0
-248 -279 14 0
-249 -282 16 0
-207 -253 26 2
-207 -253 25 2
-207 -253 24 2
-207 -253 23 2
-207 -253 22 2
-207 -253 21 2
-207 -253 20 2
-207 -253 19 2
-207 -253 18 2
-207 -253 17 2
-207 -253 16 2
-207 -253 15 2
-207 -253 14 2
-207 -254 37 2
-207 -254 36 2
-207 -254 34 2
-207 -254 33 2
-207 -254 32 2
-207 -254 31 2
-207 -254 30 2
-207 -254 29 2
-207 -254 28 2
-207 -254 27 2
-207 -254 26 2
-207 -254 25 2
-207 -254 24 2
-207 -254 23 2
-222 -299 15 0
-223 -300 15 0
-244 -260 13 0
-241 -257 15 2
-247 -258 15 0
-246 -258 14 0
-243 -261 15 0
-244 -256 16 0
-244 -257 15 0
-242 -262 9 1
-246 -260 10 0
-230 -279 15 0
-232 -268 27 0
-231 -269 27 0
-237 -292 8 1
-237 -293 8 1
-239 -291 14 0
-235 -291 10 1
-237 -272 32 0
-231 -267 30 0
-233 -271 29 0
-232 -271 29 0
-236 -273 28 0
-233 -268 28 0
-232 -268 28 0
-235 -291 9 1
-237 -277 16 0
-232 -279 16 0
-232 -281 15 0
-236 -279 14 0
-233 -280 13 0
-209 -265 2 1
-204 -279 17 0
-203 -277 15 0
-205 -276 14 0
-247 -277 10 0
-205 -294 12 1
-206 -295 11 1
-206 -296 10 2
-206 -296 9 2
-236 -267 9 1
-237 -271 10 1
-239 -286 26 0
-239 -286 25 0
-240 -285 24 0
-241 -281 26 0
-241 -282 25 1
-243 -285 26 0
-240 -284 27 1
-206 -257 42 0
-230 -260 3 1
-250 -263 14 0
-250 -267 12 1
-247 -271 13 2
-250 -265 12 0
-249 -263 12 0
-249 -262 12 0
-249 -261 12 0
-248 -263 10 0
-246 -270 9 2
-235 -279 13 0
-206 -261 32 0
-233 -278 14 0
-234 -273 14 0
-223 -282 17 0
-225 -284 16 0
-221 -288 18 0
-205 -258 30 0
-202 -260 32 0
-202 -261 32 0
-222 -284 19 0
-223 -284 18 0
-224 -285 17 0
-229 -285 19 0
-224 -288 18 0
-201 -261 31 0
-222 -285 12 1
-225 -284 14 0
-204 -261 31 0
-205 -261 31 0
-226 -283 16 0
-235 -299 19 0
-235 -299 20 0
-227 -297 23 0
-228 -297 23 0
-232 -299 20 0
-233 -295 16 0
-238 -297 16 0
-234 -292 17 0
-241 -293 18 0
-230 -300 23 0
-237 -291 17 0
-229 -295 24 0
-234 -299 22 0
-234 -298 22 0
-226 -300 25 0
-227 -299 24 0
-229 -299 23 0
-204 -272 14 0
-201 -272 16 0
-206 -263 2 1
-222 -280 11 0
-250 -282 1 1
-215 -277 8 0
-249 -279 1 1
-249 -280 1 1
-215 -281 7 1
-216 -280 7 0
-216 -279 8 0
-216 -273 7 2
-216 -275 8 1
-216 -276 8 0
-228 -298 22 0
-212 -278 7 1
-247 -281 2 1
-223 -299 15 0
-223 -300 16 0
-205 -273 16 0
-203 -270 13 0
-203 -251 23 2
-206 -275 17 0
-225 -299 14 0
-218 -298 18 0
-202 -281 13 0
-201 -281 13 0
-229 -277 17 0
-228 -278 16 0
-202 -262 9 0
-201 -262 8 0
-205 -258 33 0
-201 -259 28 0
-201 -259 29 0
-201 -259 30 0
-201 -259 31 0
-204 -260 28 0
-203 -260 29 0
-203 -260 30 0
-201 -274 11 0
-202 -273 11 0
-201 -277 14 0
-203 -275 6 2
-205 -262 31 0
-204 -275 6 1
-209 -260 1 1
-209 -261 3 1
-205 -276 7 2
-205 -276 6 2
-218 -293 13 0
-217 -300 14 0
-205 -260 10 0
-206 -281 18 0
-210 -291 12 1
-202 -260 9 0
-237 -267 6 2
-233 -282 16 0
-230 -277 16 0
-235 -265 20 0
-229 -276 20 0
-238 -269 19 0
-234 -258 4 1
-234 -257 4 1
-233 -259 4 1
-228 -259 30 1
-228 -260 31 2
-228 -260 30 1
-228 -261 32 1
-228 -261 31 1
-228 -261 30 1
-229 -259 30 1
-229 -260 32 1
-229 -260 30 1
-229 -261 32 1
-229 -261 31 1
-229 -261 30 1
-229 -260 31 2
-228 -256 33 0
-230 -259 32 1
-230 -261 32 1
-231 -256 34 0
-231 -256 33 0
-233 -260 33 0
-230 -259 34 0
-230 -259 33 0
-231 -257 24 0
-231 -257 25 0
-234 -259 25 2
-233 -259 26 2
-229 -259 25 0
-232 -256 27 0
-233 -261 26 2
-228 -257 26 0
-229 -257 27 0
-230 -262 27 0
-227 -259 28 0
-228 -259 28 0
-229 -259 28 0
-228 -255 29 0
-230 -257 29 0
-231 -257 29 0
-232 -255 29 0
-229 -258 30 0
-208 -262 15 0
-208 -262 16 0
-207 -262 17 0
-207 -262 18 0
-207 -262 19 0
-208 -260 17 0
-208 -259 18 0
-207 -263 16 0
-207 -264 13 0
-205 -255 14 0
-203 -262 14 0
-202 -262 14 0
-202 -258 14 0
-201 -257 13 0
-205 -264 13 0
-205 -265 13 0
-207 -257 13 0
-208 -257 13 0
-203 -261 14 0
-204 -259 13 0
-204 -257 12 0
-204 -256 12 0
-203 -260 13 0
-202 -259 12 0
-206 -264 11 0
-205 -259 12 0
-206 -257 10 0
-203 -261 12 0
-203 -260 17 0
-203 -260 18 0
-203 -260 19 0
-204 -258 17 0
-204 -258 18 0
-204 -257 18 0
-203 -261 16 0
-202 -262 18 0
-202 -259 16 0
-201 -258 18 0
-205 -264 17 0
-206 -256 17 0
-202 -261 15 0
-201 -261 16 0
-203 -258 15 0
-203 -257 15 0
-226 -264 31 0
-230 -264 34 0
-202 -256 16 0
-203 -263 15 0
-203 -264 15 0
-203 -260 14 0
-201 -263 14 0
-201 -257 14 0
-204 -264 13 0
-204 -265 13 0
-207 -256 13 0
-227 -264 25 0
-229 -264 28 0
-231 -266 30 0
-202 -260 14 0
-204 -257 13 0
-203 -257 12 0
-203 -256 12 0
-202 -264 12 0
-203 -259 13 0
-201 -259 12 0
-201 -258 11 0
-230 -300 18 0
-237 -255 6 2
-203 -276 12 0
-204 -277 14 0
-204 -281 15 0
-203 -279 17 0
-201 -281 18 0
-231 -299 14 1
-227 -300 13 0
-230 -300 16 0
-231 -298 15 0
-242 -251 5 1
-204 -251 36 2
-215 -295 14 0
-214 -296 13 0
-204 -252 10 2
-202 -300 14 1
-215 -299 15 0
-214 -299 14 0
-212 -298 13 0
-239 -255 18 2
-238 -255 19 2
-224 -283 12 0
-250 -252 7 0
-220 -283 10 1
-228 -283 10 0
-220 -287 11 1
-220 -288 11 1
-240 -267 4 1
-240 -267 3 1
-240 -267 2 1
-241 -265 3 1
-241 -265 2 1
-241 -266 3 1
-241 -266 2 1
-241 -267 3 1
-241 -267 2 1
-240 -266 3 2
-243 -268 6 1
-234 -256 24 1
-237 -285 17 1
-243 -286 18 0
-234 -255 13 1
-235 -255 14 0
-236 -255 16 0
-237 -252 14 0
-237 -252 15 0
-237 -253 16 0
-238 -257 14 2
-237 -256 15 2
-237 -255 16 2
-233 -252 14 0
-234 -253 15 0
-240 -253 15 2
-239 -253 16 2
-250 -271 2 1
-250 -271 3 2
-250 -272 3 1
-249 -272 3 1
-232 -260 29 2
-232 -261 29 2
-232 -252 31 0
-233 -253 31 0
-230 -258 32 0
-231 -257 31 0
-219 -279 4 2
-219 -279 5 1
-218 -275 2 1
-218 -274 2 1
-218 -273 2 1
-217 -275 2 1
-210 -251 33 2
-250 -260 10 0
-231 -261 0 1
-230 -261 1 1
-230 -259 4 1
-227 -261 4 1
-229 -263 0 1
-229 -262 0 1
-229 -261 0 1
-229 -261 1 1
-226 -260 3 2
-233 -260 2 1
-233 -260 3 1
-233 -260 4 1
-232 -260 2 1
-232 -260 3 2
-232 -260 4 1
-231 -260 2 1
-231 -260 3 2
-229 -260 4 1
-225 -260 3 1
-233 -259 2 1
-233 -259 3 1
-232 -259 2 1
-232 -259 3 1
-232 -259 4 1
-242 -274 6 1
-233 -259 29 2
-238 -261 29 2
-239 -259 29 2
-233 -263 29 2
-232 -263 28 0
-231 -259 2 1
-231 -259 3 1
-207 -260 40 0
-204 -257 41 0
-210 -258 42 0
-225 -265 3 2
-236 -270 20 0
-235 -272 21 0
-235 -273 21 0
-238 -267 20 0
-239 -267 20 0
-240 -266 21 0
-241 -266 21 0
-234 -268 20 0
-233 -268 20 0
-232 -267 20 0
-228 -278 14 0
-232 -279 15 0
-233 -279 14 0
-237 -265 20 2
-207 -291 10 2
-207 -291 11 1
-206 -293 11 1
-206 -291 11 1
-205 -293 11 1
-203 -296 9 2
-220 -262 9 0
-236 -263 9 1
-242 -263 7 1
-243 -270 6 2
-244 -271 7 1
-244 -270 5 2
-244 -270 6 1
-244 -270 7 1
-244 -269 5 2
-244 -269 6 2
-244 -269 7 1
-243 -271 7 1
-228 -297 14 1
-247 -264 2 1
-247 -264 3 1
-247 -263 1 1
-247 -263 2 1
-235 -270 28 0
-236 -269 28 1
-238 -266 27 1
-240 -256 33 0
-238 -254 33 0
-238 -255 31 0
-245 -252 11 1
-248 -254 12 0
-247 -254 12 0
-243 -251 12 0
-243 -252 13 0
-244 -253 13 0
-247 -252 13 0
-246 -253 14 0
-241 -252 14 0
-242 -253 14 0
-249 -256 14 0
-237 -256 35 0
-245 -251 15 0
-245 -252 15 0
-248 -253 16 0
-248 -253 15 0
-246 -254 15 0
-242 -251 16 0
-243 -252 16 0
-247 -256 16 0
-246 -252 17 0
-245 -253 16 0
-248 -255 18 0
-247 -255 17 0
-244 -253 19 0
-244 -268 9 1
-244 -267 7 1
-244 -267 8 2
-244 -267 9 2
-244 -266 7 1
-244 -266 8 1
-244 -266 9 1
-217 -270 12 0
-204 -253 1 1
-203 -252 2 2
-214 -272 13 0
-207 -292 13 0
-205 -297 13 0
-202 -258 30 0
-209 -252 11 2
-201 -265 11 0
-213 -272 9 2
-238 -264 27 2
-239 -266 29 0
-240 -263 29 0
-239 -264 29 2
-234 -264 30 0
-242 -267 30 0
-241 -267 30 0
-214 -273 9 1
-229 -257 23 0
-225 -257 22 0
-226 -264 21 0
-230 -259 21 0
-210 -253 32 2
-210 -253 33 2
-210 -253 34 2
-210 -253 35 2
-210 -253 36 2
-210 -253 37 2
-210 -253 38 2
-236 -257 19 2
-222 -253 19 1
-222 -254 19 1
-222 -255 20 0
-219 -252 18 0
-217 -252 19 2
-226 -253 19 0
-238 -257 18 2
-238 -258 17 2
-221 -253 17 0
-220 -254 18 0
-220 -255 18 1
-206 -274 10 0
-237 -252 19 0
-247 -285 7 0
-245 -286 8 1
-243 -286 9 0
-204 -280 12 0
-203 -279 12 0
-202 -279 12 0
-201 -279 12 0
-229 -266 10 0
-228 -266 9 0
-233 -258 4 1
-203 -254 33 2
-201 -256 36 2
-202 -252 35 2
-233 -257 4 1
-238 -262 29 2
-239 -260 29 2
-240 -259 29 0
-232 -264 28 0
-238 -264 29 2
-237 -261 29 2
-236 -259 28 2
-223 -286 19 0
-210 -270 5 2
-215 -289 10 1
-207 -264 17 0
-206 -264 18 0
-210 -262 16 0
-212 -261 18 0
-207 -261 15 0
-211 -276 4 2
-211 -276 5 2
-211 -276 6 1
-213 -276 7 0
-217 -278 2 1
-219 -283 7 1
-219 -283 8 1
-225 -284 7 2
-226 -285 6 1
-226 -285 7 1
-226 -285 8 1
-226 -284 6 1
-226 -284 7 1
-226 -284 8 1
-226 -283 6 1
-226 -283 7 1
-226 -283 8 1
-225 -285 6 1
-225 -285 7 1
-225 -285 8 1
-225 -284 6 1
-225 -283 6 1
-225 -283 7 1
-225 -283 8 1
-224 -285 6 1
-201 -266 5 2
-202 -267 4 1
-204 -259 33 0
-204 -258 32 0
-205 -258 31 0
-206 -258 31 0
-228 -253 17 2
-207 -299 11 1
-229 -281 15 0
-229 -278 14 0
-228 -279 15 0
-228 -280 15 0
-228 -281 16 0
-234 -251 11 0
-237 -260 12 2
-237 -260 11 2
-236 -259 12 2
-233 -251 12 0
-234 -252 13 0
-235 -252 13 0
-241 -254 13 2
-217 -279 13 0
-217 -278 14 0
-237 -299 23 0
-238 -300 23 0
-233 -297 22 0
-231 -299 22 0
-231 -300 23 0
-207 -263 39 0
-210 -262 37 0
-204 -263 37 0
-209 -258 38 2
-210 -258 37 2
-213 -286 10 1
-206 -276 15 0
-238 -284 15 1
-217 -264 11 0
-210 -263 9 0
-210 -265 8 0
-219 -265 9 0
-217 -273 3 2
-224 -282 17 0
-229 -284 17 0
-229 -295 26 0
-231 -283 16 0
-231 -284 16 0
-226 -287 17 1
-229 -293 17 0
-230 -292 17 0
-230 -291 17 0
-227 -289 18 1
-228 -289 17 1
-233 -284 18 0
-231 -299 16 0
-234 -299 17 0
-233 -299 17 0
-232 -299 17 0
-211 -298 17 0
-207 -256 27 2
-207 -256 26 2
-201 -288 11 1
-201 -292 11 0
-203 -285 11 0
-203 -284 11 0
-206 -289 8 1
-206 -289 9 2
-206 -289 10 1
-205 -289 8 1
-205 -289 9 2
-205 -289 10 1
-202 -288 11 1
-205 -287 8 1
-205 -287 9 2
-205 -287 10 1
-204 -287 8 1
-204 -287 9 2
-203 -287 8 1
-203 -287 9 2
-249 -276 15 1
-249 -275 15 1
-222 -293 15 0
-204 -275 9 1
-230 -280 13 0
-239 -293 12 1
-239 -287 10 0
-239 -288 11 0
-244 -294 11 0
-235 -292 11 1
-236 -292 11 1
-237 -292 12 0
-240 -296 12 1
-240 -295 12 1
-236 -288 12 0
-237 -289 12 0
-238 -289 12 0
-225 -259 7 2
-225 -259 8 1
-225 -258 6 1
-225 -258 7 1
-225 -258 8 1
-220 -259 7 0
-225 -261 5 0
-222 -260 5 1
-222 -260 4 1
-220 -262 4 0
-229 -252 14 2
-229 -252 15 2
-214 -261 4 1
-214 -261 3 1
-214 -261 2 2
-215 -259 4 2
-215 -259 3 1
-215 -259 2 2
-225 -266 29 0
-226 -260 29 0
-230 -266 26 0
-215 -261 4 2
-215 -261 3 1
-227 -267 31 0
-228 -265 28 0
-225 -261 26 0
-223 -264 12 0
-223 -264 13 0
-213 -264 4 1
-225 -262 30 0
-212 -258 5 1
-212 -258 4 1
-212 -259 5 2
-212 -260 6 1
-239 -296 18 0
-242 -297 18 0
-238 -299 19 0
-223 -285 18 0
-242 -259 30 0
-207 -284 14 0
-206 -283 12 0
-239 -254 15 2
-250 -280 11 0
-249 -280 11 0
-247 -278 12 0
-248 -278 12 0
-249 -283 13 0
-249 -282 12 0
-249 -281 12 0
-248 -275 13 1
-248 -275 12 2
-225 -259 14 2
-225 -259 13 1
-225 -260 14 1
-225 -260 13 1
-239 -267 4 1
-238 -264 5 1
-226 -262 14 0
-238 -270 5 1
-240 -266 5 1
-240 -266 6 1
-239 -262 7 1
-239 -262 6 1
-240 -262 7 1
-240 -262 6 2
-240 -263 6 2
-240 -264 6 1
-241 -262 7 1
-241 -262 6 1
-241 -263 7 1
-241 -263 6 1
-240 -263 7 2
-241 -267 7 1
-241 -268 8 1
-241 -268 7 1
-242 -267 7 2
-208 -258 32 2
-208 -258 31 2
-208 -258 30 2
-208 -258 29 2
-208 -258 28 2
-208 -258 27 2
-208 -258 26 2
-231 -262 8 1
-242 -294 20 0
-238 -298 19 0
-208 -287 17 0
-207 -287 16 0
-204 -285 17 0
-206 -289 18 0
-247 -287 13 0
-207 -266 3 1
-206 -266 2 1
-245 -265 8 2
-236 -270 13 0
-230 -271 14 0
-231 -272 14 0
-245 -266 8 1
-237 -274 14 0
-236 -274 14 0
-218 -280 7 0
-218 -280 9 0
-238 -287 18 0
-238 -287 17 0
-238 -287 16 0
-237 -288 10 0
-236 -285 11 0
-237 -285 12 1
-226 -260 18 0
-227 -261 21 0
-229 -262 18 0
-229 -261 19 0
-228 -261 20 0
-225 -262 19 0
-226 -262 20 0
-228 -258 19 1
-228 -259 20 0
-228 -264 19 0
-201 -267 4 1
-201 -267 5 1
-246 -274 1 1
-245 -274 1 1
-209 -255 7 1
-210 -265 7 1
-248 -274 2 2
-249 -274 1 1
-249 -274 2 1
-249 -273 1 1
-239 -255 27 0
-236 -259 26 2
-240 -258 26 2
-240 -258 25 2
-237 -257 35 0
-239 -258 34 0
-242 -257 33 0
-236 -256 33 0
-235 -255 33 0
-239 -256 30 0
-240 -254 32 0
-240 -253 33 0
-207 -271 13 0
-232 -297 19 0
-204 -270 16 0
-232 -297 25 0
-232 -297 26 0
-208 -262 35 0
-204 -262 37 0
-210 -261 37 0
-209 -261 37 0
-208 -260 38 2
-207 -257 38 2
-206 -264 38 0
-206 -263 38 0
-206 -262 38 0
-212 -255 22 2
-212 -255 23 2
-212 -255 24 2
-209 -259 7 1
-209 -259 6 1
-210 -257 8 2
-210 -257 7 1
-210 -257 6 1
-210 -258 8 2
-210 -258 6 2
-210 -259 8 1
-208 -264 2 2
-208 -263 1 1
-208 -262 2 1
-208 -262 3 1
-207 -264 1 1
-207 -264 2 2
-241 -282 26 1
-241 -283 26 1
-243 -283 27 0
-242 -284 25 0
-239 -286 28 0
-239 -284 29 1
-240 -284 28 1
-236 -281 22 2
-236 -281 21 2
-236 -281 20 1
-236 -282 20 1
-234 -263 6 1
-208 -254 8 1
-208 -254 9 2
-236 -288 25 0
-232 -286 26 0
-239 -273 19 0
-208 -275 14 0
-237 -265 19 2
-238 -262 26 2
-238 -263 27 2
-211 -280 11 0
-201 -255 36 2
-237 -252 6 0
-201 -252 35 2
-234 -261 33 1
-239 -263 32 0
-237 -260 34 1
-219 -274 12 0
-214 -279 10 0
-213 -279 11 0
-216 -275 10 0
-215 -274 10 0
-249 -277 8 1
-214 -283 10 1
-214 -283 11 1
-214 -282 10 1
-249 -275 6 2
-214 -281 10 1
-214 -281 11 1
-216 -280 10 0
-220 -276 10 0
-240 -261 11 2
-240 -261 9 2
-240 -262 11 2
-207 -264 15 0
-205 -257 16 0
-206 -258 15 0
-206 -259 15 0
-203 -263 16 0
-205 -262 16 0
-238 -261 21 2
-238 -261 20 2
-238 -261 19 2
-238 -261 18 2
-238 -261 17 2
-238 -261 16 2
-210 -254 31 2
-210 -254 32 2
-210 -254 33 2
-210 -254 34 2
-210 -254 35 2
-210 -254 36 2
-210 -254 37 2
-210 -254 38 2
-210 -254 39 2
-210 -253 13 2
-210 -253 15 2
-210 -253 16 2
-210 -253 17 2
-210 -253 18 2
-210 -253 19 2
-210 -253 20 2
-223 -268 6 1
-223 -267 6 1
-222 -266 6 0
-225 -286 19 0
-235 -291 22 0
-234 -293 19 0
-230 -292 19 0
-230 -285 18 0
-231 -284 18 0
-227 -289 15 1
-231 -292 18 0
-232 -290 17 0
-231 -294 16 0
-233 -297 15 0
-227 -285 17 0
-227 -284 17 0
-233 -270 32 0
-205 -267 4 1
-240 -292 10 2
-240 -291 8 1
-240 -291 9 1
-240 -289 7 1
-208 -300 10 2
-246 -284 3 2
-246 -284 11 0
-230 -298 15 1
-236 -266 9 2
-234 -273 8 2
-232 -264 8 2
-233 -273 6 2
-233 -273 7 1
-233 -273 8 1
-232 -273 6 1
-241 -267 32 0
-227 -264 4 1
-227 -264 3 2
-227 -264 2 2
-226 -264 2 2
-226 -264 4 1
-226 -263 2 2
-241 -273 12 0
-219 -272 3 1
-220 -283 11 1
-221 -283 13 1
-221 -283 12 1
-224 -297 12 1
-224 -297 13 1
-224 -296 11 1
-241 -264 13 1
-243 -268 13 1
-204 -254 33 2
-201 -257 34 0
-201 -253 33 2
-201 -257 41 0
-237 -273 12 1
-203 -255 39 2
-240 -274 11 0
-234 -292 22 0
-237 -291 23 0
-237 -292 21 0
-236 -294 23 0
-225 -295 20 0
-222 -297 22 0
-222 -297 21 0
-223 -296 20 0
-221 -294 17 0
-237 -251 17 0
-239 -258 17 2
-239 -257 17 2
-238 -256 17 2
-237 -265 8 2
-240 -271 7 1
-201 -257 6 0
-202 -257 6 0
-231 -267 22 0
-232 -267 22 0
-205 -280 17 0
-225 -256 18 1
-225 -256 19 1
-225 -255 17 1
-225 -255 18 1
-225 -255 19 1
-224 -257 19 1
-224 -256 19 1
-223 -257 19 1
-204 -277 15 0
-220 -253 14 1
-220 -253 13 1
-220 -254 15 1
-220 -254 14 2
-220 -254 13 1
-221 -254 15 1
-221 -254 14 2
-221 -254 13 2
-222 -254 15 1
-222 -263 9 0
-243 -273 3 1
-241 -278 6 2
-223 -266 9 0
-233 -292 19 0
-202 -252 28 2
-202 -252 29 2
-202 -252 30 2
-202 -252 31 2
-208 -278 6 1
-202 -251 10 2
-202 -251 11 2
-202 -251 12 2
-202 -251 13 2
-213 -270 12 0
-219 -271 13 0
-221 -300 10 1
-202 -257 4 1
-201 -257 5 0
-203 -255 4 1
-203 -255 3 2
-203 -255 2 2
-203 -256 4 1
-201 -263 27 0
-213 -278 2 1
-201 -264 27 0
-201 -265 26 0
-235 -299 17 0
-219 -255 14 1
-220 -252 16 0
-236 -251 16 0
-236 -252 17 0
-225 -254 14 1
-217 -251 15 2
-210 -260 2 1
-218 -280 14 0
-218 -279 14 0
-222 -280 12 0
-222 -279 13 0
-222 -278 13 0
-223 -278 14 0
-220 -280 11 0
-227 -296 11 1
-215 -262 1 1
-215 -263 3 1
-215 -263 2 2
-215 -263 1 1
-215 -264 1 1
-212 -258 3 1
-212 -258 2 1
-213 -258 3 1
-232 -300 18 0
-228 -295 19 0
-207 -286 13 0
-232 -296 16 0
-232 -298 15 0
-210 -286 12 1
-227 -300 14 0
-209 -286 9 1
-209 -286 10 2
-208 -286 8 1
-208 -286 9 1
-208 -286 10 2
-201 -280 18 0
-236 -263 34 1
-236 -263 33 1
-236 -263 32 1
-217 -267 11 0
-214 -269 12 0
-215 -264 13 0
-217 -268 13 0
-207 -272 3 2
-249 -265 16 0
-248 -268 16 1
-239 -292 11 1
-239 -292 10 1
-239 -292 9 2
-239 -293 11 1
-239 -293 10 1
-234 -286 13 0
-208 -252 12 2
-232 -288 14 1
-235 -288 15 0
-206 -251 10 2
-233 -291 15 0
-246 -285 8 0
-215 -268 14 0
-215 -269 13 0
-217 -272 13 0
-247 -289 8 0
-214 -271 14 0
-205 -251 37 2
-205 -251 38 2
-204 -256 29 2
-204 -256 30 2
-206 -260 20 0
-205 -260 19 0
-209 -259 19 0
-207 -261 20 0
-206 -260 18 0
-204 -264 16 0
-206 -263 18 0
-202 -258 18 0
-203 -262 19 0
-204 -262 18 0
-204 -261 17 0
-205 -257 19 0
-204 -260 20 0
-207 -256 17 2
-209 -259 18 0
-208 -259 17 0
-203 -262 18 0
-205 -257 18 0
-207 -261 19 0
-206 -264 12 0
-201 -263 13 0
-209 -259 17 0
-207 -261 18 0
-204 -259 18 0
-207 -262 10 0
-205 -257 17 0
-206 -262 11 0
-207 -262 11 0
-206 -256 16 0
-207 -256 16 2
-241 -254 7 0
-206 -262 9 0
-208 -263 10 0
-240 -255 10 1
-241 -254 8 1
-208 -256 16 2
-207 -262 9 0
-208 -260 10 0
-209 -263 10 0
-207 -255 13 2
-241 -251 12 0
-211 -254 14 2
-212 -257 15 2
-241 -252 15 0
-212 -254 7 1
-241 -255 8 0
-240 -256 8 0
-210 -253 9 2
-211 -254 15 2
-211 -255 15 2
-212 -259 16 0
-210 -257 16 2
-211 -254 9 2
-211 -254 8 1
-210 -254 7 0
-209 -287 12 1
-209 -286 8 1
-246 -276 1 1
-246 -277 1 1
-247 -275 3 1
-247 -275 2 2
-247 -275 1 1
-247 -276 1 1
-237 -269 31 0
-242 -262 21 0
-235 -268 34 1
-221 -252 14 1
-221 -252 13 1
-241 -258 27 0
-203 -293 16 0
-203 -293 15 0
-202 -293 15 0
-239 -257 29 0
-238 -258 29 2
-234 -256 29 0
-201 -288 16 0
-201 -289 16 0
-240 -258 31 0
-235 -255 32 0
-236 -256 31 0
-238 -257 31 0
-240 -259 33 0
-239 -259 31 0
-203 -291 17 0
-202 -291 17 0
-201 -291 16 0
-201 -293 18 0
-214 -284 12 1
-204 -255 40 0
-208 -259 21 0
-206 -259 19 0
-208 -264 18 0
-221 -262 11 0
-234 -258 7 1
-234 -257 5 1
-234 -257 6 1
-212 -260 5 1
-210 -264 5 1
-210 -265 6 1
-210 -265 5 1
-210 -265 4 1
-210 -266 6 2
-210 -266 4 2
-210 -267 6 2
-210 -267 5 1
-210 -267 4 1
-211 -265 6 1
-211 -265 5 1
-211 -265 4 1
-211 -266 6 2
-211 -266 5 2
-211 -266 4 1
-211 -267 6 2
-211 -267 5 1
-211 -267 4 1
-210 -266 5 2
-206 -264 6 1
-212 -265 7 1
-212 -264 6 0
-208 -287 15 0
-215 -266 10 0
-219 -263 7 0
-219 -263 8 0
-220 -263 9 0
-221 -263 10 0
-218 -265 7 0
-218 -266 8 1
-218 -267 8 1
-218 -268 9 0
-218 -263 7 0
-218 -262 7 0
-219 -261 8 0
-235 -285 20 1
-235 -289 17 0
-234 -289 18 0
-223 -252 18 1
-223 -253 18 1
-218 -297 18 0
-220 -298 12 1
-220 -298 11 2
-220 -298 10 1
-216 -298 9 1
-216 -299 9 1
-220 -293 12 1
-219 -253 42 0
-220 -253 42 0
-247 -285 13 0
-238 -285 13 2
-236 -253 10 1
-237 -254 13 2
-234 -255 11 1
-234 -255 27 0
-238 -255 27 0
-239 -253 26 0
-221 -283 5 1
-221 -283 4 1
-221 -284 5 1
-221 -284 4 1
-222 -282 4 1
-213 -275 2 1
-250 -280 5 1
-214 -274 2 1
-214 -275 2 1
-214 -276 2 1
-240 -292 13 0
-239 -295 14 1
-226 -298 21 0
-226 -257 2 2
-226 -257 3 1
-225 -259 1 1
-225 -258 1 1
-225 -257 1 1
-225 -257 2 1
-225 -257 3 1
-224 -259 1 1
-236 -263 20 2
-236 -263 19 2
-236 -263 18 2
-236 -263 17 2
-236 -263 16 2
-236 -263 15 2
-236 -263 14 2
-236 -264 20 2
-237 -258 22 2
-237 -260 22 2
-237 -260 21 2
-222 -294 15 0
-213 -294 16 0
-214 -293 15 0
-212 -291 14 0
-211 -290 13 0
-213 -290 13 0
-212 -293 16 0
-211 -292 15 0
-243 -280 12 0
-242 -280 14 0
-242 -280 15 0
-244 -281 13 0
-244 -281 14 0
-245 -282 15 0
-243 -278 13 0
-243 -278 14 0
-242 -282 12 1
-242 -282 13 0
-241 -283 14 0
-245 -280 12 0
-246 -280 13 0
-211 -284 13 0
-241 -279 13 0
-208 -259 19 0
-206 -263 19 0
-206 -258 17 0
-207 -257 18 0
-202 -261 18 0
-209 -261 18 0
-208 -258 17 0
-209 -257 17 2
-206 -255 16 2
-206 -260 19 0
-206 -261 20 0
-239 -281 11 1
-238 -281 11 0
-244 -284 10 0
-242 -283 10 1
-239 -285 10 0
-247 -282 10 0
-243 -284 10 0
-238 -283 9 1
-221 -253 15 1
-204 -290 8 1
-208 -251 12 2
-204 -291 9 2
-204 -291 8 1
-204 -296 10 1
-203 -296 11 1
-203 -295 12 1
-206 -292 11 1
-205 -292 11 1
-204 -292 12 0
-203 -293 13 0
-202 -294 13 1
-201 -295 11 1
-201 -296 11 2
-201 -297 11 1
-206 -260 5 0
-206 -261 5 0
-207 -262 4 1
-208 -262 4 1
-202 -257 30 0
-201 -261 37 0
-203 -263 37 0
-205 -260 35 0
-230 -276 19 0
-230 -276 20 0
-233 -277 19 0
-231 -274 17 0
-231 -274 18 0
-231 -273 19 0
-230 -278 18 0
-230 -279 19 0
-235 -275 18 0
-230 -275 17 0
-232 -278 17 0
-232 -280 18 0
-233 -274 16 0
-233 -273 17 0
-250 -278 7 1
-250 -278 8 1
-250 -281 6 0
-250 -281 7 0
-250 -277 7 1
-249 -279 5 2
-236 -300 20 0
-237 -300 20 0
-233 -299 19 0
-244 -266 6 1
-244 -262 6 0
-244 -261 6 0
-246 -261 8 0
-243 -262 5 0
-248 -262 10 0
-249 -262 11 0
-248 -260 10 0
-245 -260 1 1
-246 -260 0 1
-232 -281 12 0
-231 -276 14 0
-231 -276 13 0
-228 -279 11 1
-231 -278 14 0
-232 -278 13 0
-232 -278 12 0
-232 -278 11 0
-230 -277 12 0
-230 -276 11 0
-220 -287 12 1
-224 -279 13 0
-218 -283 13 1
-219 -283 13 1
-248 -258 6 0
-247 -257 4 1
-246 -258 4 2
-203 -282 11 0
-219 -252 21 0
-206 -251 7 2
-222 -285 7 1
-222 -285 6 1
-217 -279 8 0
-218 -279 8 0
-234 -263 21 2
-202 -258 36 0
-204 -255 37 2
-202 -257 35 0
-220 -261 14 0
-213 -256 14 2
-215 -257 14 0
-218 -261 16 0
-217 -255 9 1
-217 -255 11 0
-213 -254 12 2
-213 -254 11 2
-231 -251 12 1
-230 -251 12 1
-229 -251 12 2
-231 -252 11 1
-230 -251 10 1
-232 -252 8 1
-228 -251 9 2
-229 -252 10 2
-228 -252 8 1
-228 -252 9 1
-234 -261 20 2
-234 -261 19 2
-234 -261 18 2
-234 -261 17 2
-234 -261 16 2
-234 -262 26 2
-234 -262 25 2
-234 -262 24 2
-234 -262 23 2
-234 -262 22 2
-234 -262 21 2
-234 -262 20 2
-234 -262 19 2
-234 -262 18 2
-234 -262 17 2
-234 -262 16 2
-234 -262 15 2
-234 -263 26 2
-234 -263 25 2
-234 -263 24 2
-234 -263 23 2
-234 -263 22 2
-240 -263 33 0
-240 -263 34 0
-227 -274 15 0
-234 -297 18 0
-238 -298 17 0
-236 -289 17 0
-240 -284 5 1
-239 -285 13 1
-238 -283 12 0
-237 -283 12 0
-238 -287 11 0
-216 -265 9 0
-215 -264 9 0
-218 -279 6 1
-202 -254 9 1
-202 -255 8 0
-202 -256 8 0
-201 -257 7 0
-201 -262 9 0
-201 -261 8 0
-235 -263 10 1
-235 -263 11 2
-232 -265 31 0
-239 -269 6 1
-205 -271 14 0
-204 -272 15 0
-234 -266 22 0
-241 -268 22 0
-232 -271 22 0
-235 -264 19 2
-231 -269 19 0
-239 -264 20 0
-201 -272 9 1
-201 -273 10 1
-221 -256 13 2
-221 -257 14 1
-229 -268 10 0
-228 -268 8 0
-227 -267 12 0
-227 -267 11 0
-227 -267 10 0
-212 -297 18 0
-234 -264 32 1
-234 -264 34 1
-204 -283 14 0
-207 -268 8 0
-227 -289 13 1
-229 -285 13 1
-244 -279 13 0
-237 -254 6 1
-242 -277 13 0
-219 -273 13 0
-238 -253 7 1
-240 -268 33 0
-235 -267 31 0
-234 -267 32 1
-233 -266 32 1
-235 -266 34 1
-216 -280 4 2
-216 -280 3 1
-216 -281 5 2
-216 -281 4 1
-216 -281 3 2
-215 -280 4 2
-219 -275 5 1
-218 -276 6 0
-218 -277 7 0
-218 -277 8 0
-214 -277 6 0
-215 -277 7 0
-221 -277 6 1
-208 -251 34 2
-220 -278 7 0
-215 -282 7 1
-216 -281 7 1
-216 -281 8 1
-216 -274 7 2
-207 -262 7 0
-204 -259 9 0
-210 -260 10 1
-209 -260 9 0
-208 -260 8 0
-208 -260 7 0
-204 -263 10 0
-205 -262 9 0
-206 -261 8 0
-206 -258 9 0
-206 -259 9 0
-204 -262 32 0
-204 -263 32 0
-203 -259 30 0
-235 -255 5 1
-203 -260 31 0
-205 -263 30 0
-201 -264 31 0
-201 -263 32 0
-205 -268 6 1
-205 -268 5 2
-238 -296 23 0
-232 -297 24 0
-238 -291 25 0
-237 -299 25 0
-204 -258 14 0
-237 -297 24 0
-233 -293 25 0
-201 -252 34 2
-234 -294 24 0
-239 -295 26 0
-239 -295 25 0
-234 -298 26 0
-201 -256 34 0
-201 -255 35 2
-239 -286 10 0
-236 -293 25 0
-236 -294 25 0
-238 -297 27 0
-242 -294 18 0
-243 -294 19 0
-238 -290 18 0
-237 -289 18 0
-213 -291 13 0
-211 -291 13 0
-212 -287 12 2
-210 -264 4 1
-249 -283 6 0
-246 -284 7 1
-224 -292 15 0
-225 -295 14 1
-203 -290 8 1
-201 -287 14 0
-203 -292 14 0
-212 -267 4 1
-236 -262 28 2
-230 -265 29 0
-233 -297 21 0
-229 -297 21 0
-230 -297 21 0
-232 -296 22 0
-229 -294 24 0
-234 -300 22 0
-235 -300 24 0
-233 -299 24 0
-231 -293 22 0
-230 -299 22 0
-237 -300 23 0
-229 -295 23 0
-230 -295 23 0
-232 -296 23 0
-238 -294 24 0
-227 -296 26 0
-228 -296 25 0
-229 -297 24 0
-233 -300 24 0
-224 -284 19 0
-228 -300 15 1
-234 -290 17 0
-245 -252 8 1
-234 -283 18 1
-234 -283 19 1
-229 -289 18 1
-232 -291 17 0
-232 -292 17 0
-229 -288 15 1
-229 -288 16 2
-229 -288 17 1
-229 -287 15 1
-246 -284 12 0
-222 -281 14 0
-222 -282 14 0
-204 -296 12 1
-201 -278 11 0
-246 -274 10 1
-246 -274 8 1
-218 -279 5 2
-217 -279 12 0
-202 -290 13 0
-238 -292 16 0
-238 -292 17 0
-226 -289 23 0
-221 -266 10 0
-221 -265 9 0
-224 -286 21 0
-201 -255 27 2
-250 -284 5 1
-250 -284 6 0
-201 -255 30 2
-233 -255 7 1
-227 -272 6 2
-226 -251 13 1
-226 -251 14 2
-226 -251 15 1
-226 -272 7 1
-226 -271 7 2
-229 -265 6 0
-230 -264 6 0
-230 -263 5 1
-231 -251 16 0
-231 -252 16 0
-232 -271 4 1
-232 -271 5 2
-247 -278 7 1
-247 -279 8 1
-247 -280 9 1
-246 -276 9 1
-248 -280 9 1
-236 -265 9 2
-236 -267 11 1
-236 -267 10 1
-220 -284 12 2
-235 -267 11 1
-238 -266 20 0
-236 -295 24 0
-236 -295 25 0
-238 -269 21 0
-232 -269 20 0
-237 -273 21 0
-207 -265 8 0
-231 -255 11 2
-231 -254 11 2
-231 -253 11 2
-234 -254 12 0
-204 -251 20 2
-204 -251 19 2
-204 -251 18 2
-247 -266 6 1
-246 -267 6 1
-236 -258 6 1
-235 -253 2 2
-236 -253 4 1
-237 -254 2 1
-237 -254 1 2
-237 -254 0 1
-237 -255 2 2
-237 -255 1 2
-237 -260 28 2
-238 -260 30 0
-235 -259 29 2
-242 -261 29 0
-201 -297 21 0
-201 -299 19 0
-202 -300 20 0
-202 -295 19 0
-202 -298 17 1
-203 -298 17 1
-202 -300 15 1
-202 -300 16 1
-220 -262 11 0
-220 -262 12 0
-221 -262 13 0
-222 -260 12 0
-220 -264 11 0
-220 -265 12 0
-222 -262 10 0
-223 -263 11 0
-221 -260 9 0
-222 -265 9 0
-222 -261 8 0
-223 -261 8 0
-224 -261 8 0
-223 -258 6 2
-218 -257 6 1
-206 -261 22 0
-221 -263 12 0
-221 -263 13 0
-223 -261 12 0
-224 -259 10 1
-212 -264 1 1
-212 -264 2 1
-212 -264 3 2
-212 -263 1 1
-212 -263 2 2
-212 -263 3 1
-241 -266 16 1
-241 -266 17 0
-241 -266 18 0
-219 -254 39 0
-219 -253 40 0
-219 -253 41 0
-219 -252 41 0
-216 -255 40 0
-248 -280 10 0
-206 -296 15 0
-209 -299 11 1
-209 -298 9 1
-209 -297 18 0
-208 -297 17 0
-207 -296 14 0
-206 -295 18 0
-206 -295 17 0
-242 -287 7 2
-242 -287 6 1
-242 -287 5 1
-243 -285 7 1
-208 -274 15 0
-222 -297 10 1
-222 -298 12 1
-222 -298 11 2
-222 -298 10 1
-220 -295 13 1
-221 -293 12 1
-221 -293 11 1
-221 -293 10 1
-241 -271 10 1
-241 -270 10 1
-234 -298 25 0
-243 -293 14 0
-236 -293 15 0
-235 -293 27 0
-238 -292 14 0
-235 -264 5 1
-235 -265 7 1
-235 -265 6 2
-235 -265 5 2
-235 -266 7 2
-235 -266 6 1
-223 -253 11 2
-223 -252 10 2
-231 -254 17 0
-231 -254 18 0
-231 -251 19 0
-233 -258 17 0
-213 -293 11 1
-215 -300 10 1
-215 -300 11 2
-225 -300 24 0
-215 -298 10 2
-215 -298 11 2
-215 -298 12 1
-233 -271 18 0
-236 -273 17 0
-237 -273 18 0
-231 -262 11 1
-231 -263 11 1
-230 -259 9 1
-230 -259 10 1
-230 -258 9 1
-229 -259 9 1
-229 -259 10 1
-229 -259 11 1
-229 -258 9 2
-229 -257 9 1
-228 -259 9 2
-228 -259 10 2
-228 -259 11 1
-232 -254 0 1
-236 -254 0 1
-233 -264 28 0
-234 -273 13 0
-234 -272 12 0
-234 -271 11 0
-232 -275 12 0
-208 -253 1 1
-210 -251 3 1
-202 -252 24 2
-202 -252 23 2
-202 -252 22 2
-202 -252 21 2
-214 -255 39 2
-214 -255 38 2
-201 -287 11 1
-203 -288 11 1
-203 -286 11 1
-209 -283 7 1
-209 -282 7 1
-202 -252 15 2
-202 -252 14 2
-202 -252 13 2
-202 -252 12 2
-202 -252 11 2
-214 -265 3 2
-213 -262 5 0
-214 -262 5 1
-214 -262 4 1
-207 -257 3 1
-208 -272 12 0
-206 -259 4 1
-227 -261 29 0
-230 -264 33 0
-227 -263 27 0
-233 -270 5 1
-233 -269 6 2
-233 -269 7 1
-232 -271 6 2
-238 -283 13 0
-241 -295 16 0
-240 -294 14 0
-240 -293 14 0
-237 -290 15 0
-238 -290 15 0
-238 -294 17 1
-239 -293 15 1
-239 -292 14 0
-239 -292 13 0
-231 -257 13 2
-231 -257 14 2
-230 -255 12 1
-244 -277 2 1
-244 -276 2 2
-244 -276 3 2
-244 -275 4 1
-247 -270 4 1
-247 -270 5 1
-247 -270 6 2
-246 -270 4 1
-246 -270 5 1
-246 -270 6 2
-247 -275 4 1
-212 -298 15 0
-202 -280 13 0
-223 -264 21 0
-230 -261 21 0
-207 -267 8 0
-202 -275 7 2
-203 -274 6 1
-203 -274 7 1
-203 -274 8 1
-202 -276 6 1
-202 -276 7 2
-207 -296 15 0
-207 -295 14 0
-206 -295 14 0
-207 -291 16 0
-206 -292 15 0
-206 -293 14 0
-206 -298 16 0
-206 -297 15 0
-205 -296 15 0
-202 -292 17 0
-208 -294 17 0
-208 -294 16 0
-207 -294 16 0
-249 -285 10 0
-249 -285 9 0
-237 -294 17 2
-237 -294 18 2
-239 -295 16 0
-247 -288 4 1
-249 -259 5 0
-247 -262 4 0
-247 -263 4 0
-247 -264 4 1
-224 -299 17 0
-223 -268 1 1
-248 -261 3 1
-247 -268 2 1
-249 -261 2 1
-249 -262 2 2
-245 -261 5 1
-249 -259 4 0
-242 -256 5 1
-242 -256 4 1
-242 -257 5 2
-242 -257 4 1
-242 -258 6 2
-242 -258 5 1
-242 -258 4 1
-242 -260 6 1
-243 -259 6 1
-248 -260 6 0
-241 -295 13 0
-234 -291 14 1
-203 -271 2 1
-203 -271 3 1
-203 -270 2 1
-203 -270 3 2
-203 -269 2 1
-203 -269 3 2
-203 -269 4 1
-219 -267 10 0
-223 -265 8 0
-224 -264 9 0
-224 -264 10 0
-247 -278 3 2
-247 -277 3 2
-246 -279 3 1
-246 -278 3 2
-248 -275 3 1
-248 -274 1 1
-248 -274 3 1
-248 -273 1 1
-248 -273 2 2
-247 -274 1 1
-247 -274 2 2
-247 -273 1 1
-247 -273 2 1
-243 -279 2 1
-243 -278 2 1
-243 -277 2 1
-243 -277 3 2
-239 -271 4 2
-239 -271 3 1
-239 -271 2 1
-239 -272 4 2
-234 -290 15 0
-233 -286 16 1
-211 -262 8 0
-210 -262 8 0
-209 -261 7 0
-207 -261 6 0
-210 -277 4 1
-210 -276 4 1
-210 -275 4 2
-211 -276 2 1
-211 -276 3 1
-211 -275 2 1
-211 -275 3 1
-202 -259 34 0
-202 -258 35 0
-204 -256 34 2
-203 -256 35 0
-204 -259 34 0
-239 -280 5 1
-236 -255 2 1
-244 -281 3 1
-243 -282 3 1
-243 -281 3 1
-248 -276 1 1
-236 -257 3 1
-232 -251 5 1
-232 -252 5 1
-209 -291 17 0
-232 -252 3 1
-214 -285 11 1
-237 -253 3 1
-239 -255 3 1
-232 -257 4 1
-213 -285 11 1
-212 -285 11 1
-212 -286 10 1
-211 -276 8 0
-210 -251 21 2
-206 -277 8 2
-240 -296 15 0
-239 -289 15 0
-230 -286 13 1
-220 -265 7 0
-218 -264 6 0
-214 -293 13 0
-212 -290 9 1
-212 -290 10 2
-212 -290 11 2
-212 -289 9 1
-212 -289 10 1
-212 -289 11 2
-211 -289 9 1
-211 -289 10 2
-211 -289 11 2
-210 -289 9 1
-210 -289 10 2
-210 -289 11 2
-238 -269 23 0
-237 -269 22 0
-201 -269 7 0
-204 -269 14 0
-208 -271 14 0
-206 -268 13 0
-234 -261 31 1
-243 -286 11 0
-246 -278 16 0
-250 -280 15 0
-244 -279 14 0
-228 -285 10 1
-204 -280 11 0
-229 -261 7 0
-204 -286 12 0
-210 -296 8 1
-227 -263 4 1
-231 -269 28 0
-236 -272 29 0
-232 -269 32 0
-224 -283 15 0
-222 -285 18 0
-223 -285 17 0
-235 -291 8 1
-235 -256 5 1
-226 -263 29 0
-224 -259 29 0
-223 -263 28 0
-226 -265 27 0
-226 -266 27 0
-225 -260 26 0
-224 -260 26 0
-229 -264 26 0
-228 -256 26 0
-226 -262 26 0
-225 -259 25 0
-225 -258 25 0
-224 -258 25 0
-228 -264 25 0
-249 -289 13 0
-213 -273 5 2
-239 -280 10 0
-241 -284 12 1
-247 -281 12 0
-234 -292 24 0
-238 -297 23 0
-247 -284 8 0
-247 -283 10 0
-222 -289 17 0
-220 -286 17 0
-220 -292 18 0
-201 -259 25 0
-201 -260 26 0
-201 -256 9 0
-202 -256 10 0
-235 -262 34 1
-237 -259 31 1
-201 -258 7 0
-202 -258 8 0
-229 -274 14 0
-229 -273 14 0
-228 -273 14 0
-201 -255 7 0
-244 -251 6 1
-236 -292 14 0
-233 -295 13 2
-233 -295 14 1
-249 -255 3 1
-249 -278 3 1
-229 -291 11 1
-225 -292 17 0
-225 -284 17 0
-239 -260 26 2
-238 -258 28 2
-234 -298 24 0
-202 -269 2 1
-202 -270 3 1
-202 -270 2 1
-203 -268 2 1
-204 -268 2 1
-204 -270 6 0
-201 -270 6 1
-201 -270 5 1
-201 -271 6 1
-201 -271 5 2
-201 -271 4 2
-201 -272 5 1
-201 -272 4 1
-202 -270 4 1
-203 -270 6 1
-203 -267 3 2
-218 -253 6 1
-218 -254 8 1
-219 -254 7 1
-222 -255 41 0
-223 -254 38 0
-217 -255 38 0
-220 -253 38 0
-221 -253 45 0
-223 -251 44 0
-223 -253 42 0
-221 -254 40 0
-220 -254 37 0
-221 -252 37 0
-221 -252 36 0
-219 -256 39 0
-220 -252 37 0
-220 -254 46 0
-220 -251 44 0
-221 -251 44 0
-210 -278 6 2
-210 -278 7 2
-210 -277 5 2
-244 -293 16 0
-237 -291 16 0
-237 -293 20 0
-237 -293 21 0
-237 -293 22 0
-218 -251 41 0
-217 -251 39 2
-221 -251 38 0
-220 -251 45 0
-220 -251 47 0
-220 -252 45 0
-220 -253 45 0
-207 -254 1 1
-207 -254 2 1
-239 -262 18 2
-249 -287 12 0
-242 -255 17 2
-242 -258 18 2
-240 -257 19 2
-244 -262 18 0
-245 -263 19 0
-245 -256 18 0
-242 -260 17 0
-240 -260 18 2
-246 -260 17 0
-248 -261 18 0
-242 -257 17 2
-231 -268 12 0
-231 -267 16 0
-242 -260 26 0
-243 -260 27 0
-243 -258 27 0
-244 -259 28 0
-242 -258 28 0
-245 -256 28 0
-243 -255 29 0
-242 -257 34 0
-208 -288 18 0
-220 -297 17 0
-219 -297 16 0
-216 -299 19 0
-245 -252 18 0
-245 -254 15 0
-247 -256 19 0
-228 -297 13 2
-210 -252 9 2
-210 -252 12 2
-210 -252 13 2
-210 -252 14 2
-210 -252 15 2
-215 -296 16 0
-208 -267 4 2
-208 -267 5 2
-208 -267 6 1
-208 -266 4 1
-208 -266 5 2
-208 -266 6 2
-208 -265 4 2
-208 -265 5 2
-225 -289 11 1
-225 -288 10 1
-225 -288 11 1
-225 -284 13 0
-226 -283 12 1
-223 -286 12 1
-228 -286 10 1
-228 -286 11 1
-228 -285 11 1
-223 -285 9 1
-223 -285 10 1
-235 -270 15 0
-236 -268 16 0
-237 -268 17 0
-239 -273 16 0
-233 -268 15 0
-233 -267 16 0
-236 -270 14 0
-237 -270 15 0
-201 -279 17 0
-230 -290 14 1
-230 -290 13 1
-226 -286 13 1
-227 -287 13 1
-227 -287 14 0
-228 -287 14 0
-227 -292 13 1
-228 -290 14 1
-229 -289 15 1
-207 -270 14 0
-216 -271 9 1
-219 -273 7 1
-218 -272 5 1
-218 -271 5 1
-202 -266 12 0
-223 -299 10 1
-221 -289 20 0
-220 -289 20 0
-201 -254 13 2
-233 -267 31 0
-240 -266 32 0
-231 -253 12 2
-236 -256 11 2
-236 -256 12 2
-236 -256 13 2
-235 -258 11 2
-235 -257 11 2
-205 -260 33 0
-201 -259 34 0
-225 -286 18 0
-203 -254 36 2
-202 -254 36 2
-201 -254 36 2
-227 -288 18 1
-201 -252 37 2
-201 -253 39 0
-210 -251 32 2
-201 -293 16 0
-214 -265 14 0
-218 -299 18 0
-241 -278 12 0
-240 -277 13 0
-244 -283 13 0
-245 -276 12 0
-206 -266 13 0
-225 -267 2 1
-225 -266 1 1
-225 -266 3 2
-225 -265 1 1
-224 -267 1 1
-224 -267 2 1
-224 -266 1 1
-215 -270 12 0
-217 -273 14 0
-242 -258 27 0
-201 -252 2 2
-209 -287 11 1
-232 -256 20 0
-205 -257 36 2
-236 -268 31 0
-235 -268 32 1
-237 -269 29 0
-238 -269 32 0
-237 -267 29 2
-236 -266 31 0
-206 -299 16 0
-210 -292 15 0
-238 -268 29 1
-239 -268 29 0
-239 -268 30 0
-240 -267 31 0
-235 -267 29 0
-206 -257 36 2
-249 -253 6 0
-209 -287 8 1
-247 -253 6 0
-208 -289 8 1
-218 -264 9 0
-249 -255 6 0
-249 -256 6 0
-203 -267 12 0
-219 -265 10 0
-250 -253 4 0
-204 -267 12 0
-247 -255 4 0
-247 -256 5 0
-250 -251 4 0
-250 -254 4 0
-219 -265 11 0
-245 -256 3 1
-244 -256 2 2
-244 -256 3 1
-234 -266 4 2
-234 -266 3 2
-216 -274 12 0
-212 -268 13 0
-213 -269 12 0
-219 -270 13 0
-218 -270 12 0
-230 -299 14 1
-235 -258 4 1
-240 -256 19 2
-224 -287 10 1
-224 -287 9 1
-246 -286 11 0
-232 -291 13 2
-221 -275 5 1
-221 -275 9 0
-209 -285 17 0
-244 -282 12 0
-210 -276 13 0
-247 -277 13 0
-245 -278 11 0
-212 -277 12 0
-214 -278 13 0
-232 -254 8 2
-232 -255 8 2
-215 -275 13 0
-210 -275 6 1
-236 -264 6 1
-238 -265 26 2
-238 -266 26 1
-238 -272 27 0
-224 -260 29 0
-237 -271 26 0
-237 -270 26 0
-206 -285 16 0
-209 -259 11 0
-245 -259 9 0
-245 -260 9 0
-246 -262 11 0
-249 -259 10 0
-244 -259 8 0
-244 -261 9 0
-243 -262 9 1
-227 -268 6 1
-227 -269 6 2
-228 -267 6 1
-228 -268 6 1
-228 -269 6 1
-227 -262 5 1
-227 -263 5 1
-226 -264 5 0
-225 -269 6 2
-224 -270 6 1
-207 -290 12 0
-206 -291 13 0
-205 -292 13 0
-204 -297 13 1
-204 -296 13 1
-203 -299 14 1
-233 -256 2 1
-201 -251 35 2
-233 -256 1 1
-247 -264 14 0
-249 -267 16 0
-214 -254 14 2
-216 -254 14 1
-217 -254 15 0
-219 -259 14 0
-240 -286 15 1
-243 -290 13 0
-239 -258 16 2
-227 -260 24 0
-230 -262 22 0
-244 -276 8 0
-243 -276 8 0
-237 -278 8 2
-207 -272 7 0
-206 -271 7 0
-205 -270 7 0
-216 -289 12 1
-216 -289 11 1
-216 -289 10 1
-212 -289 13 1
-215 -292 13 0
-208 -292 16 0
-212 -295 15 0
-226 -262 8 0
-228 -262 5 1
-228 -264 2 2
-228 -264 4 1
-237 -268 4 1
-250 -265 7 0
-250 -266 7 0
-236 -269 4 1
-236 -269 5 1
-236 -269 6 1
-242 -257 21 0
-242 -257 20 2
-242 -258 19 2
-243 -260 20 0
-238 -272 3 2
-238 -272 4 1
-238 -271 2 1
-238 -271 3 2
-216 -251 11 2
-216 -252 11 2
-210 -279 12 0
-217 -251 11 2
-240 -259 19 2
-227 -266 5 1
-232 -263 29 0
-231 -265 29 0
-239 -257 14 2
-241 -258 16 2
-242 -257 16 2
-246 -261 16 0
-238 -259 16 2
-243 -254 17 0
-241 -263 19 0
-239 -260 20 2
-241 -259 18 2
-237 -293 12 1
-203 -291 11 1
-203 -291 10 1
-203 -291 9 2
-203 -291 8 1
-242 -260 20 0
-242 -256 22 0
-243 -257 21 0
-244 -260 22 0
-241 -259 22 2
-236 -268 26 1
-228 -260 28 0
-228 -257 29 0
-227 -261 12 0
-232 -263 14 1
-232 -262 14 2
-232 -261 14 2
-238 -260 15 2
-239 -259 16 2
-248 -259 17 0
-243 -255 17 0
-243 -256 17 0
-246 -263 18 0
-240 -258 18 2
-247 -256 18 0
-246 -257 18 0
-245 -258 18 0
-242 -264 19 0
-246 -260 19 0
-239 -260 19 2
-242 -259 18 2
-246 -258 21 0
-201 -265 8 0
-201 -266 8 0
-202 -294 14 1
-236 -260 29 2
-207 -283 17 0
-201 -298 19 0
-242 -259 19 2
-231 -254 33 0
-233 -259 33 0
-236 -293 16 1
-204 -260 6 0
-201 -296 14 2
-201 -296 13 2
-205 -294 16 0
-204 -294 15 0
-234 -266 20 0
-247 -282 12 0
-228 -298 13 2
-225 -298 13 1
-227 -294 15 1
-228 -295 15 2
-227 -299 15 0
-228 -296 15 2
-226 -273 9 1
-228 -276 8 2
-229 -277 7 1
-229 -277 8 1
-229 -276 7 1
-229 -276 8 1
-229 -275 7 1
-228 -277 7 1
-228 -277 8 1
-228 -277 9 1
-240 -258 16 2
-246 -262 16 0
-247 -263 16 0
-241 -261 15 0
-241 -262 15 0
-240 -262 15 2
-247 -259 15 0
-248 -259 15 0
-249 -259 15 0
-211 -276 12 0
-217 -271 13 0
-215 -278 12 0
-213 -278 14 0
-216 -277 15 0
-239 -260 14 2
-247 -261 14 0
-247 -262 13 0
-243 -255 13 2
-242 -262 13 0
-233 -259 27 2
-232 -252 29 0
-233 -253 29 0
-234 -254 29 0
-232 -259 29 1
-223 -289 18 0
-236 -251 29 0
-219 -293 12 1
-218 -294 12 1
-218 -293 12 1
-217 -293 12 1
-219 -298 10 1
-219 -298 11 2
-219 -298 12 1
-218 -298 10 1
-240 -266 7 1
-240 -266 9 1
-240 -265 7 1
-240 -265 8 1
-240 -265 9 1
-240 -264 7 1
-240 -264 8 1
-233 -262 8 1
-233 -262 9 1
-233 -262 10 1
-232 -262 8 2
-239 -265 11 1
-245 -256 5 1
-245 -256 6 1
-245 -255 4 1
-245 -255 5 1
-231 -293 13 1
-231 -293 14 1
-230 -293 12 1
-244 -256 5 2
-244 -256 6 2
-244 -255 4 2
-236 -295 9 1
-216 -274 11 0
-218 -271 12 0
-232 -300 14 1
-232 -299 14 1
-240 -288 19 0
-238 -285 17 2
-239 -285 18 1
-238 -286 17 1
-238 -285 18 1
-238 -284 17 2
-248 -271 15 2
-249 -266 16 0
-250 -266 15 0
-249 -271 16 1
-249 -271 15 1
-249 -271 14 1
-249 -272 16 1
-249 -272 15 1
-249 -272 14 1
-249 -273 16 1
-249 -273 15 1
-249 -273 14 2
-250 -271 16 1
-250 -271 15 1
-250 -272 16 1
-250 -273 16 1
-250 -273 15 1
-250 -273 14 2
-233 -285 11 1
-233 -285 10 1
-220 -293 11 1
-220 -293 10 1
-220 -294 12 1
-220 -294 11 2
-220 -294 10 1
-207 -295 18 0
-214 -285 10 1
-231 -273 5 2
-233 -284 11 2
-232 -289 14 0
-228 -286 12 1
-229 -287 13 1
-231 -289 15 0
-228 -291 14 1
-228 -291 13 1
-228 -291 12 2
-228 -292 14 1
-228 -292 13 1
-228 -292 12 1
-228 -293 14 1
-228 -293 13 1
-228 -293 12 1
-231 -266 9 1
-229 -291 14 1
-229 -291 13 2
-229 -291 12 1
-230 -269 8 0
-229 -292 14 1
-232 -271 13 0
-232 -273 13 0
-236 -277 12 0
-236 -277 13 0
-235 -276 13 0
-228 -275 13 0
-230 -275 13 0
-236 -271 13 0
-233 -279 13 0
-230 -272 14 0
-231 -273 14 0
-238 -275 14 0
-233 -272 14 0
-228 -273 15 0
-230 -274 15 0
-237 -272 15 0
-231 -270 16 0
-231 -271 16 0
-231 -272 15 0
-237 -276 16 0
-234 -275 15 0
-235 -271 17 0
-234 -272 16 0
-233 -273 15 0
-229 -272 18 0
-234 -274 16 0
-232 -272 18 0
-232 -273 16 0
-232 -275 17 0
-232 -274 10 1
-234 -275 11 0
-233 -275 12 0
-233 -274 13 0
-234 -278 11 0
-233 -277 12 0
-229 -273 11 1
-230 -274 12 0
-231 -274 13 0
-235 -274 13 0
-234 -274 13 0
-231 -278 12 0
-231 -277 13 0
-232 -272 13 0
-232 -273 14 0
-236 -278 12 0
-235 -277 13 0
-233 -273 14 0
-232 -280 13 0
-229 -271 14 0
-229 -272 14 0
-232 -274 14 0
-237 -275 14 0
-236 -275 14 0
-235 -275 14 0
-234 -275 14 0
-233 -271 15 0
-233 -272 15 0
-228 -274 15 0
-229 -274 15 0
-236 -273 15 0
-235 -273 15 0
-231 -272 16 0
-236 -276 16 0
-235 -276 16 0
-234 -271 17 0
-233 -274 15 0
-233 -278 17 0
-230 -273 17 0
-236 -274 18 0
-235 -274 17 0
-231 -277 18 0
-232 -272 19 0
-232 -273 17 0
-233 -276 18 0
-231 -274 10 1
-234 -276 10 1
-234 -276 11 0
-230 -277 10 1
-233 -274 12 0
-233 -278 12 0
-223 -294 15 0
-224 -293 15 0
-242 -263 13 0
-212 -253 18 2
-212 -253 19 2
-212 -253 20 2
-211 -278 10 0
-212 -253 22 2
-212 -253 23 2
-212 -253 24 2
-212 -253 25 2
-212 -253 26 2
-212 -253 27 2
-212 -253 28 2
-212 -253 29 2
-212 -253 30 2
-212 -253 31 2
-212 -253 32 2
-212 -253 33 2
-212 -253 34 2
-212 -253 35 2
-212 -253 36 2
-212 -253 37 2
-212 -253 38 2
-212 -253 39 2
-212 -252 9 2
-212 -252 10 2
-212 -252 12 2
-212 -252 13 2
-212 -252 14 2
-212 -252 15 2
-207 -299 10 2
-238 -263 24 2
-241 -265 25 0
-240 -261 25 2
-240 -262 26 2
-239 -262 27 2
-243 -263 26 0
-242 -263 27 0
-243 -267 27 0
-242 -266 28 0
-244 -264 29 0
-243 -264 29 0
-242 -264 29 0
-241 -264 29 0
-244 -284 27 0
-238 -283 26 1
-238 -282 27 1
-242 -287 26 0
-247 -263 12 0
-239 -258 12 2
-240 -258 12 2
-241 -258 12 2
-217 -255 10 0
-238 -272 13 2
-233 -252 10 0
-202 -252 25 2
-212 -276 4 2
-212 -277 6 1
-213 -277 6 1
-236 -275 17 0
-231 -269 17 0
-233 -270 16 0
-237 -271 17 0
-237 -271 16 0
-233 -274 18 0
-234 -269 17 0
-227 -265 8 0
-228 -264 9 0
-228 -263 9 0
-212 -276 10 0
-224 -267 8 0
-223 -268 9 0
-222 -269 10 0
-226 -266 8 0
-228 -251 6 1
-227 -266 9 0
-237 -269 19 0
-239 -253 14 2
-240 -253 13 2
-234 -253 13 0
-237 -256 14 2
-237 -257 13 2
-238 -257 12 2
-237 -253 14 1
-219 -261 15 0
-216 -263 12 0
-215 -278 7 1
-247 -282 4 2
-239 -286 11 0
-240 -287 11 0
-241 -287 11 0
-246 -289 11 0
-238 -292 12 0
-239 -291 12 0
-240 -291 12 0
-241 -290 12 0
-245 -293 12 0
-219 -280 6 1
-220 -276 7 0
-222 -289 10 1
-222 -289 9 1
-221 -288 10 2
-223 -280 11 0
-223 -281 11 0
-213 -255 21 2
-213 -255 22 2
-213 -255 23 2
-213 -255 24 2
-245 -284 16 0
-243 -280 16 0
-242 -284 14 0
-245 -282 14 0
-240 -280 15 0
-241 -278 13 0
-238 -281 12 0
-213 -255 32 2
-213 -255 33 2
-213 -255 34 2
-213 -255 35 2
-213 -255 36 2
-213 -255 37 2
-213 -255 39 2
-213 -254 15 2
-213 -254 17 2
-213 -254 18 2
-213 -254 19 2
-232 -267 31 0
-238 -270 30 0
-238 -271 30 0
-234 -284 12 1
-234 -284 11 1
-234 -284 10 1
-234 -285 11 1
-234 -285 10 1
-203 -256 8 0
-212 -297 16 0
-212 -266 16 0
-212 -267 17 0
-210 -263 15 0
-207 -264 16 0
-240 -261 21 2
-241 -260 19 2
-241 -259 21 2
-241 -259 15 2
-242 -254 15 0
-239 -261 17 2
-241 -262 18 0
-209 -295 16 0
-222 -253 14 2
-231 -272 18 0
-227 -274 14 0
-228 -278 13 0
-229 -272 13 0
-228 -276 12 0
-229 -279 11 0
-228 -273 10 2
-233 -278 10 0
-229 -276 9 1
-233 -275 10 1
-233 -276 9 1
-231 -274 11 1
-213 -254 25 2
-213 -254 24 2
-213 -254 23 2
-213 -254 22 2
-228 -273 16 0
-244 -268 1 1
-244 -268 2 1
-244 -268 3 1
-243 -270 1 1
-243 -269 1 1
-243 -269 3 1
-243 -268 1 1
-243 -268 2 1
-243 -268 3 1
-242 -270 1 1
-211 -257 24 2
-211 -257 23 2
-211 -257 22 2
-211 -257 21 2
-211 -257 20 2
-211 -257 19 2
-211 -257 18 2
-211 -257 17 2
-211 -257 16 2
-211 -257 15 2
-211 -258 39 2
-211 -258 38 2
-211 -258 36 2
-232 -258 31 0
-231 -260 33 0
-230 -256 32 0
-231 -258 30 0
-229 -259 31 1
-229 -259 32 1
-219 -270 6 1
-219 -270 7 2
-217 -277 8 0
-217 -276 8 0
-218 -280 12 0
-218 -280 13 0
-220 -280 13 0
-219 -279 12 0
-219 -277 14 0
-217 -282 14 0
-220 -279 11 0
-222 -279 14 0
-217 -278 12 0
-216 -278 13 0
-202 -290 11 0
-240 -267 20 0
-207 -261 40 0
-207 -263 41 0
-208 -256 40 2
-208 -255 41 0
-209 -260 40 2
-204 -254 40 0
-205 -263 39 0
-209 -257 39 2
-248 -279 16 0
-250 -280 14 0
-206 -261 38 0
-249 -277 15 1
-249 -276 16 1
-249 -280 12 0
-249 -280 13 0
-248 -280 14 0
-213 -254 20 2
-213 -254 21 2
-241 -283 15 0
-244 -284 16 0
-242 -280 16 0
-239 -281 15 0
-247 -267 9 2
-240 -283 11 2
-208 -282 13 0
-209 -262 11 0
-207 -258 9 0
-207 -258 10 0
-207 -262 8 0
-206 -263 9 0
-206 -263 10 0
-201 -275 16 0
-210 -260 8 1
-210 -260 9 1
-203 -264 9 0
-203 -265 8 0
-209 -291 14 0
-239 -293 23 0
-235 -300 23 0
-235 -298 23 0
-235 -297 23 0
-234 -291 24 0
-234 -292 23 0
-227 -291 17 0
-234 -253 17 0
-237 -256 18 2
-228 -291 17 0
-227 -284 18 0
-242 -294 10 1
-203 -258 8 0
-211 -252 38 2
-211 -252 37 2
-211 -252 36 2
-211 -252 21 2
-240 -256 11 2
-239 -256 11 2
-232 -254 11 2
-235 -295 19 1
-235 -296 20 0
-239 -293 20 0
-233 -292 20 0
-237 -296 19 0
-237 -297 19 0
-232 -295 19 0
-239 -264 13 2
-240 -265 12 1
-240 -265 13 1
-240 -265 14 1
-240 -264 12 1
-240 -264 13 1
-240 -264 14 1
-240 -263 14 1
-239 -265 13 2
-239 -264 12 2
-239 -263 14 2
-238 -265 14 1
-238 -264 13 2
-238 -263 14 2
-239 -267 11 0
-239 -266 10 1
-241 -267 8 1
-210 -268 4 2
-210 -268 3 1
-236 -264 15 2
-232 -253 11 1
-204 -251 26 2
-235 -260 12 2
-235 -260 11 2
-250 -266 9 0
-250 -269 8 2
-249 -269 8 2
-249 -265 7 0
-245 -291 10 0
-234 -272 17 0
-233 -272 17 0
-233 -273 16 0
-233 -279 18 0
-215 -254 20 2
-215 -254 21 2
-215 -254 22 2
-215 -254 23 2
-247 -288 8 0
-234 -298 19 0
-233 -258 10 2
-234 -292 18 0
-233 -294 19 0
-242 -294 14 0
-222 -283 7 1
-225 -284 8 1
-224 -284 8 1
-210 -273 11 0
-220 -284 9 1
-202 -260 11 0
-221 -283 9 1
-221 -283 8 1
-221 -284 8 1
-222 -283 10 1
-222 -283 9 1
-237 -292 16 0
-239 -294 17 0
-222 -284 9 1
-222 -284 8 1
-221 -284 9 2
-224 -281 8 0
-223 -282 10 0
-219 -282 9 1
-220 -282 9 1
-222 -279 10 1
-222 -281 11 0
-222 -282 11 0
-219 -283 10 2
-219 -284 10 1
-219 -285 10 1
-220 -284 10 2
-204 -273 15 0
-215 -299 12 1
-246 -253 17 0
-245 -253 18 0
-245 -253 19 0
-237 -259 22 2
-202 -254 25 2
-228 -268 12 0
-242 -251 14 0
-231 -269 11 0
-231 -269 12 0
-241 -252 12 2
-240 -252 12 2
-229 -269 9 0
-228 -270 10 1
-228 -270 11 1
-241 -251 15 0
-232 -267 10 0
-233 -267 11 0
-242 -255 12 2
-227 -266 10 0
-248 -255 10 0
-215 -300 12 1
-211 -258 27 2
-211 -258 26 2
-211 -258 25 2
-211 -258 24 2
-211 -258 23 2
-211 -258 22 2
-211 -258 21 2
-211 -258 20 2
-211 -258 19 2
-211 -258 18 2
-211 -258 17 2
-223 -268 7 0
-222 -267 9 0
-224 -261 10 0
-210 -288 8 1
-209 -287 9 1
-246 -290 7 1
-242 -288 6 1
-242 -288 7 2
-242 -288 8 1
-244 -287 9 0
-243 -287 4 1
-243 -287 13 0
-243 -287 14 0
-243 -287 15 0
-243 -287 16 0
-245 -288 13 0
-245 -288 14 0
-245 -289 15 0
-246 -289 16 0
-244 -286 13 0
-201 -253 10 2
-201 -252 10 2
-237 -288 16 0
-237 -296 16 0
-243 -290 16 0
-241 -296 15 0
-240 -285 15 1
-240 -285 17 1
-242 -286 14 0
-242 -286 15 0
-243 -287 12 0
-242 -286 13 0
-241 -286 14 0
-241 -285 14 0
-244 -289 12 0
-244 -279 11 0
-245 -280 13 0
-245 -280 14 0
-246 -284 14 0
-243 -279 11 0
-242 -280 13 0
-241 -281 13 0
-245 -278 12 0
-240 -252 8 2
-241 -253 8 1
-241 -253 9 1
-241 -252 8 2
-241 -252 9 2
-205 -261 8 0
-243 -272 3 2
-241 -279 6 1
-243 -281 7 1
-238 -286 7 1
-215 -267 5 1
-215 -268 5 1
-217 -261 5 1
-217 -260 5 1
-218 -259 5 0
-217 -264 5 0
-238 -257 24 2
-238 -258 23 2
-203 -297 15 2
-202 -291 15 0
-208 -296 16 0
-237 -261 13 2
-241 -259 13 2
-245 -260 13 0
-247 -261 12 0
-248 -262 12 0
-242 -262 12 0
-240 -253 16 2
-241 -253 15 0
-245 -262 11 0
-237 -266 10 2
-229 -287 16 1
-232 -285 18 1
-225 -263 10 0
-221 -266 12 0
-222 -265 11 0
-223 -262 10 0
-224 -265 12 0
-224 -264 11 0
-222 -263 12 0
-222 -263 11 0
-223 -262 6 0
-225 -264 9 0
-250 -280 13 0
-248 -277 14 1
-250 -278 14 0
-250 -279 8 1
-249 -279 11 0
-249 -275 13 1
-249 -275 12 1
-249 -276 13 1
-249 -276 12 2
-249 -276 11 2
-234 -270 4 2
-234 -271 6 2
-234 -271 4 1
-234 -272 6 1
-234 -272 5 1
-234 -272 4 1
-235 -270 6 2
-235 -270 5 1
-235 -270 4 1
-235 -271 6 1
-235 -271 5 2
-235 -271 4 1
-235 -272 6 1
-211 -280 6 1
-211 -280 5 1
-212 -278 6 1
-212 -272 7 2
-244 -281 19 0
-245 -286 18 0
-246 -286 18 0
-240 -280 18 0
-244 -283 17 0
-245 -283 17 0
-246 -282 17 0
-242 -281 16 0
-244 -285 16 0
-246 -285 16 0
-247 -285 16 0
-241 -282 21 1
-241 -286 19 0
-240 -286 20 0
-243 -284 18 0
-241 -283 20 1
-240 -284 20 1
-240 -283 20 2
-239 -284 20 1
-239 -283 20 2
-239 -282 20 1
-243 -288 20 0
-243 -281 19 0
-244 -286 18 0
-246 -286 19 0
-239 -289 12 0
-246 -258 20 0
-244 -259 19 0
-241 -261 21 2
-241 -261 20 2
-242 -260 19 0
-245 -260 22 0
-203 -261 7 0
-238 -295 16 1
-219 -280 14 0
-203 -261 39 0
-205 -256 39 2
-223 -277 15 0
-222 -277 14 0
-220 -276 15 0
-220 -276 14 0
-220 -276 13 0
-221 -276 12 0
-222 -272 7 1
-222 -272 6 1
-222 -272 5 1
-223 -272 7 1
-223 -272 6 1
-221 -272 8 0
-220 -274 10 0
-223 -271 11 0
-222 -273 11 0
-226 -273 12 0
-220 -272 12 0
-221 -274 11 0
-224 -272 13 0
-224 -273 13 0
-223 -274 12 0
-223 -279 13 0
-219 -274 14 0
-225 -275 14 0
-222 -273 15 0
-222 -274 13 0
-224 -277 15 0
-223 -277 14 0
-223 -277 13 0
-201 -266 24 0
-202 -290 16 0
-204 -292 18 0
-203 -295 17 1
-205 -283 12 0
-206 -284 11 1
-202 -264 25 0
-201 -264 26 0
-207 -287 8 1
-206 -285 10 1
-207 -286 9 2
-206 -286 9 2
-211 -281 12 0
-209 -277 15 0
-210 -280 16 0
-216 -259 9 0
-216 -262 10 0
-214 -260 10 0
-219 -259 8 0
-213 -264 9 0
-215 -262 10 0
-215 -256 9 1
-215 -257 9 1
-211 -261 10 0
-239 -264 31 0
-239 -270 33 0
-238 -271 32 0
-238 -272 31 0
-233 -266 31 0
-234 -267 31 0
-235 -267 30 0
-239 -276 8 2
-244 -276 10 0
-243 -275 9 0
-241 -275 9 0
-240 -274 8 0
-235 -275 10 1
-220 -278 6 0
-218 -272 2 1
-218 -272 3 1
-218 -272 4 1
-222 -278 2 1
-222 -278 3 1
-221 -278 2 1
-221 -278 3 1
-221 -278 4 1
-203 -269 13 0
-203 -269 14 0
-202 -269 15 0
-205 -270 13 0
-205 -270 14 0
-203 -267 13 0
-203 -266 14 0
-206 -268 12 0
-207 -268 13 0
-202 -268 12 0
-205 -267 11 0
-205 -266 12 0
-206 -265 12 0
-222 -297 20 0
-202 -269 11 0
-208 -266 11 0
-204 -264 10 0
-222 -261 3 1
-222 -260 1 1
-222 -260 2 1
-224 -294 10 1
-225 -293 12 1
-233 -276 12 0
-232 -276 13 0
-230 -277 11 0
-232 -273 11 1
-232 -274 13 0
-232 -275 14 0
-233 -279 11 0
-228 -274 12 0
-229 -275 12 0
-229 -275 13 0
-234 -275 12 0
-234 -275 13 0
-233 -276 14 0
-230 -279 13 0
-230 -278 13 0
-231 -273 13 0
-231 -274 14 0
-204 -267 7 1
-203 -268 7 1
-234 -272 13 0
-232 -281 14 0
-232 -280 14 0
-202 -270 7 0
-206 -269 8 0
-202 -275 9 0
-236 -276 14 0
-201 -266 9 0
-234 -276 15 0
-202 -268 8 0
-202 -269 8 0
-232 -271 15 0
-232 -273 15 0
-232 -274 15 0
-201 -271 9 1
-205 -267 10 0
-205 -267 9 0
-204 -274 10 0
-230 -281 16 0
-201 -269 10 1
-201 -269 9 1
-202 -269 9 0
-207 -270 11 0
-201 -273 11 1
-202 -272 10 0
-202 -271 9 0
-203 -268 12 0
-203 -268 11 0
-203 -269 10 0
-203 -269 9 0
-202 -270 12 0
-202 -270 11 0
-203 -270 8 0
-218 -269 5 1
-222 -260 6 0
-222 -261 6 0
-221 -262 6 0
-224 -269 7 1
-219 -261 12 0
-225 -263 15 0
-226 -262 16 0
-226 -259 16 0
-229 -262 15 0
-228 -262 16 0
-222 -261 15 0
-223 -261 15 0
-230 -257 15 1
-228 -259 16 0
-227 -265 16 0
-225 -259 16 0
-229 -261 16 0
-238 -273 6 1
-238 -273 5 1
-238 -273 4 1
-238 -274 6 1
-238 -274 5 2
-238 -274 4 1
-239 -270 5 1
-215 -263 4 1
-238 -287 6 1
-247 -279 10 0
-234 -258 9 2
-235 -259 8 1
-246 -253 10 0
-246 -256 9 0
-244 -251 9 1
-235 -257 8 2
-234 -259 8 1
-210 -275 3 2
-216 -272 7 2
-236 -254 22 1
-230 -293 15 0
-227 -288 15 1
-226 -288 14 0
-214 -260 17 0
-212 -293 15 0
-214 -299 15 0
-217 -274 2 1
-217 -273 2 1
-233 -270 11 0
-232 -270 10 0
-246 -280 4 1
-246 -280 3 1
-246 -280 2 1
-226 -297 20 0
-246 -281 3 2
-246 -281 2 1
-250 -256 0 1
-240 -251 14 0
-238 -256 13 2
-237 -251 13 0
-233 -256 12 1
-233 -256 13 1
-232 -258 12 1
-232 -258 13 2
-232 -258 14 1
-232 -257 12 1
-232 -257 13 2
-232 -256 12 1
-232 -256 13 2
-232 -256 14 2
-239 -254 13 2
-240 -254 13 2
-222 -292 18 0
-223 -289 22 0
-223 -291 18 0
-221 -289 17 0
-220 -289 17 0
-239 -283 10 1
-240 -282 10 2
-237 -260 13 2
-232 -255 19 0
-234 -255 20 0
-239 -252 20 0
-244 -251 4 1
-244 -251 5 1
-235 -251 22 0
-234 -253 20 0
-235 -254 20 0
-211 -290 15 0
-212 -289 16 0
-208 -288 15 0
-211 -287 14 0
-236 -268 6 1
-237 -271 6 1
-210 -291 10 2
-243 -276 4 1
-221 -268 10 0
-224 -265 7 0
-225 -265 8 0
-226 -265 9 0
-231 -288 14 1
-235 -286 14 1
-234 -287 14 1
-234 -287 15 1
-205 -264 7 1
-205 -265 7 1
-210 -258 7 2
-211 -259 6 2
-211 -259 7 1
-242 -254 4 1
-210 -251 37 2
-226 -296 11 1
-226 -297 13 2
-226 -297 12 1
-226 -297 11 2
-234 -280 25 0
-235 -281 25 1
-235 -282 25 2
-234 -287 25 0
-234 -286 25 0
-235 -286 25 0
-238 -279 26 0
-240 -288 26 0
-233 -283 26 1
-236 -288 27 0
-237 -287 26 0
-236 -281 26 1
-233 -285 28 2
-234 -285 27 1
-239 -280 28 0
-219 -258 1 2
-219 -258 2 2
-218 -258 0 1
-218 -258 1 1
-218 -258 2 2
-217 -260 0 1
-217 -259 0 1
-212 -273 14 0
-211 -277 13 0
-222 -274 8 1
-221 -276 6 1
-221 -276 7 1
-221 -282 6 1
-212 -282 4 1
-212 -281 4 1
-225 -263 11 0
-232 -295 25 0
-229 -251 4 1
-234 -256 4 1
-232 -252 4 1
-234 -257 2 1
-238 -257 2 1
-238 -257 3 1
-229 -300 26 0
-229 -300 25 0
-230 -299 24 0
-230 -299 23 0
-230 -295 27 0
-233 -294 23 0
-238 -298 25 0
-230 -298 25 0
-231 -297 24 0
-232 -297 23 0
-231 -299 24 0
-235 -295 24 0
-235 -300 25 0
-233 -293 20 0
-211 -254 29 2
-211 -254 28 2
-211 -254 27 2
-211 -254 26 2
-211 -254 25 2
-211 -254 24 2
-211 -254 23 2
-211 -254 22 2
-211 -254 21 2
-211 -254 20 2
-211 -254 18 2
-211 -254 17 2
-211 -254 16 2
-211 -255 40 2
-211 -255 39 2
-211 -255 36 2
-211 -255 35 2
-211 -255 34 2
-211 -255 33 2
-211 -255 32 2
-211 -255 31 2
-211 -255 30 2
-211 -255 29 2
-211 -255 28 2
-211 -255 27 2
-223 -256 11 1
-223 -255 9 2
-223 -255 10 1
-220 -260 10 0
-221 -261 10 0
-240 -287 18 0
-241 -287 19 0
-225 -285 10 2
-240 -287 15 0
-237 -288 17 0
-220 -271 2 1
-234 -253 7 0
-235 -254 7 0
-234 -255 5 1
-238 -251 10 0
-231 -256 10 1
-240 -283 8 2
-242 -283 5 1
-242 -283 6 1
-225 -286 10 1
-201 -267 14 0
-225 -285 9 1
-249 -285 7 0
-249 -286 7 0
-250 -287 8 0
-250 -287 9 0
-250 -281 8 0
-245 -285 7 1
-245 -285 8 0
-247 -279 7 1
-248 -285 6 1
-248 -286 6 1
-213 -298 16 0
-214 -299 17 0
-212 -295 16 0
-212 -295 17 0
-211 -298 14 0
-221 -256 14 2
-221 -253 41 0
-214 -251 41 0
-230 -274 16 0
-227 -298 18 1
-230 -276 16 0
-227 -296 19 0
-244 -258 6 1
-246 -261 5 0
-245 -260 5 1
-245 -259 5 1
-244 -260 5 1
-244 -259 5 1
-243 -260 5 1
-243 -259 5 2
-243 -258 4 1
-243 -258 5 1
-247 -258 4 1
-244 -256 11 2
-246 -257 8 0
-247 -258 10 0
-244 -259 10 0
-236 -283 27 1
-236 -283 29 1
-239 -285 30 0
-237 -282 28 0
-224 -273 7 1
-224 -273 8 1
-227 -277 6 1
-227 -277 5 1
-227 -277 4 1
-227 -278 5 1
-227 -278 4 1
-228 -277 6 1
-228 -277 4 1
-228 -278 5 1
-228 -278 4 1
-234 -277 18 1
-234 -277 17 1
-212 -256 14 2
-225 -285 13 0
-223 -284 11 1
-223 -284 10 1
-223 -284 9 1
-223 -285 11 1
-218 -259 13 0
-219 -260 14 0
-215 -258 13 0
-235 -277 17 1
-235 -277 16 1
-235 -278 18 1
-235 -278 16 1
-235 -279 18 1
-235 -279 16 2
-225 -269 4 1
-236 -277 18 1
-236 -277 17 1
-236 -277 16 1
-235 -269 25 0
-234 -269 25 0
-233 -269 26 0
-232 -270 26 0
-239 -269 25 0
-239 -271 24 0
-240 -272 24 0
-237 -266 24 2
-237 -265 24 2
-204 -269 4 1
-204 -269 3 2
-204 -269 2 1
-205 -269 2 1
-206 -273 3 1
-206 -273 2 1
-207 -271 2 1
-226 -284 12 1
-202 -271 6 1
-202 -271 5 2
-202 -271 4 2
-229 -288 14 0
-236 -257 28 2
-239 -261 28 2
-234 -260 27 2
-238 -260 28 2
-247 -270 15 1
-249 -266 14 0
-248 -271 13 2
-249 -271 13 2
-249 -271 12 2
-249 -271 11 2
-220 -254 39 0
-237 -284 22 1
-238 -282 23 2
-227 -261 2 2
-240 -255 9 1
-208 -259 40 2
-208 -258 41 0
-226 -252 12 1
-228 -253 9 1
-232 -251 7 0
-226 -251 11 1
-242 -281 5 1
-205 -259 1 1
-246 -252 4 0
-247 -254 4 0
-220 -299 15 0
-221 -300 15 0
-219 -294 15 0
-219 -293 15 0
-219 -292 15 0
-220 -297 15 0
-221 -297 15 0
-223 -297 14 0
-215 -293 14 0
-220 -295 14 0
-221 -294 14 0
-220 -298 14 0
-220 -299 14 0
-222 -300 13 0
-220 -296 14 0
-221 -298 10 1
-221 -298 11 2
-221 -298 12 1
-250 -254 2 1
-250 -253 0 1
-237 -251 2 1
-214 -262 1 1
-237 -271 20 0
-233 -266 22 0
-234 -267 21 0
-207 -272 2 1
-209 -273 6 1
-206 -258 7 1
-207 -273 10 0
-206 -273 11 0
-235 -295 26 0
-204 -286 9 2
-237 -296 24 0
-245 -268 12 1
-245 -269 14 1
-240 -287 5 1
-203 -293 12 0
-223 -281 16 0
-240 -287 7 1
-218 -283 8 2
-227 -282 17 0
-202 -277 8 2
-222 -284 18 0
-222 -284 17 0
-223 -284 17 0
-224 -285 16 0
-228 -285 18 0
-223 -288 19 0
-209 -252 9 2
-209 -252 8 1
-209 -252 7 1
-207 -253 7 1
-207 -253 6 1
-207 -253 5 1
-233 -272 5 1
-202 -256 9 0
-205 -255 10 1
-221 -266 2 1
-221 -266 3 1
-220 -266 1 1
-220 -266 2 1
-220 -266 3 1
-220 -264 4 0
-213 -274 3 2
-213 -274 2 1
-216 -256 8 1
-216 -256 9 0
-216 -256 10 0
-217 -257 11 0
-219 -258 9 0
-218 -257 10 0
-218 -257 11 0
-218 -251 32 2
-218 -251 31 2
-218 -251 30 2
-218 -251 29 2
-218 -251 28 2
-234 -283 16 0
-229 -286 17 1
-229 -286 16 1
-229 -276 14 0
-229 -277 15 0
-233 -281 14 0
-233 -260 32 1
-237 -257 9 1
-237 -257 10 1
-237 -298 25 0
-229 -298 25 0
-230 -298 24 0
-235 -293 25 0
-234 -300 26 0
-214 -271 3 1
-214 -271 4 1
-213 -272 2 1
-213 -271 2 1
-210 -277 3 1
-210 -276 3 1
-203 -253 10 1
-207 -251 8 2
-213 -279 2 1
-233 -267 29 0
-232 -267 29 0
-238 -270 28 0
-239 -272 29 0
-237 -264 28 2
-237 -263 28 2
-234 -270 28 0
-234 -271 28 0
-236 -264 29 2
-240 -268 28 0
-241 -268 28 0
-210 -298 13 0
-210 -299 13 0
-215 -272 8 2
-215 -274 6 2
-202 -255 35 0
-223 -282 20 0
-223 -283 19 0
-221 -288 20 0
-232 -292 14 1
-222 -285 21 0
-228 -270 6 1
-225 -264 5 0
-224 -262 4 0
-244 -252 5 1
-245 -254 6 1
-238 -253 20 0
-237 -258 20 2
-237 -257 20 2
-233 -251 20 0
-234 -252 20 0
-237 -251 21 0
-237 -252 21 0
-240 -258 21 2
-239 -258 21 2
-249 -264 3 1
-249 -264 2 2
-249 -264 1 1
-249 -265 3 1
-250 -272 9 1
-201 -254 6 2
-201 -258 6 0
-248 -260 5 0
-248 -261 5 0
-241 -258 7 2
-241 -259 9 1
-201 -295 20 0
-231 -284 20 0
-230 -283 19 0
-229 -283 18 0
-229 -278 20 0
-228 -279 20 0
-228 -280 19 0
-229 -277 5 1
-229 -277 4 1
-229 -278 5 1
-229 -278 4 1
-228 -277 5 2
-224 -276 7 2
-225 -277 6 1
-225 -277 5 1
-225 -278 6 1
-225 -278 5 1
-226 -275 9 0
-226 -279 7 2
-226 -279 6 1
-226 -280 7 1
-226 -280 6 1
-227 -278 6 1
-205 -295 14 0
-206 -294 16 0
-214 -277 8 0
-211 -278 7 1
-215 -273 7 2
-216 -274 8 1
-216 -273 6 1
-216 -273 8 2
-216 -272 6 2
-240 -268 14 0
-216 -272 8 1
-237 -266 13 2
-215 -274 7 1
-215 -274 8 1
-215 -273 6 2
-210 -259 46 0
-213 -256 44 0
-243 -275 12 0
-224 -263 2 2
-224 -262 1 1
-224 -262 2 2
-215 -292 9 1
-224 -261 1 1
-228 -271 8 2
-249 -284 3 2
-236 -259 25 2
-238 -257 26 2
-235 -259 28 2
-249 -285 2 1
-250 -285 4 1
-250 -285 3 2
-250 -285 2 1
-204 -262 29 0
-238 -255 30 0
-239 -259 30 0
-235 -256 32 0
-241 -262 32 0
-233 -262 32 0
-239 -257 32 0
-238 -258 32 0
-234 -258 33 0
-239 -260 31 0
-237 -258 33 1
-238 -261 33 0
-236 -260 35 0
-208 -264 6 1
-211 -256 7 1
-238 -267 16 1
-239 -266 16 1
-239 -271 15 0
-240 -271 15 0
-235 -265 15 1
-236 -269 19 0
-231 -280 18 0
-231 -280 17 0
-244 -286 3 1
-245 -286 7 1
-244 -285 7 1
-243 -290 7 2
-243 -290 6 1
-243 -290 5 1
-243 -291 7 2
-243 -291 6 1
-243 -291 5 1
-244 -290 7 2
-244 -291 7 1
-244 -291 6 2
-244 -291 5 1
-245 -290 7 1
-245 -291 7 1
-245 -291 6 1
-245 -291 5 1
-249 -288 7 0
-243 -286 8 1
-244 -286 8 1
-240 -285 8 1
-240 -285 7 1
-220 -284 16 0
-240 -286 8 1
-207 -280 7 1
-207 -279 7 1
-202 -256 39 0
-240 -287 8 1
-223 -282 16 0
-202 -255 37 2
-204 -255 34 2
-240 -287 6 1
-241 -285 8 1
-241 -286 8 1
-241 -287 8 1
-242 -285 8 1
-242 -286 8 1
-242 -287 8 1
-231 -276 19 0
-246 -291 8 0
-246 -290 8 0
-243 -282 8 1
-230 -276 18 0
-236 -279 18 1
-236 -279 17 1
-236 -279 16 1
-235 -278 17 2
-227 -278 17 0
-233 -273 18 0
-232 -274 17 0
-232 -275 16 0
-232 -280 17 0
-228 -275 18 0
-229 -275 17 0
-234 -276 19 0
-234 -276 18 0
-232 -276 17 0
-231 -274 19 0
-232 -278 20 0
-217 -281 12 1
-218 -281 12 0
-221 -280 12 0
-229 -294 19 0
-223 -299 18 0
-231 -299 18 0
-225 -294 18 0
-228 -296 17 0
-229 -296 17 0
-231 -295 17 0
-227 -298 16 1
-228 -300 17 0
-228 -268 4 2
-228 -268 3 2
-227 -293 17 0
-229 -297 16 1
-230 -297 16 1
-231 -298 16 0
-232 -298 16 0
-227 -300 16 0
-226 -267 11 0
-226 -267 10 0
-225 -267 9 0
-211 -300 9 1
-211 -296 12 1
-208 -300 11 1
-205 -251 10 2
-208 -252 3 1
-208 -251 3 1
-209 -251 4 1
-212 -299 12 1
-203 -262 15 0
-202 -264 16 0
-238 -254 24 2
-220 -279 7 0
-223 -276 6 2
-204 -271 15 0
-206 -270 14 0
-206 -269 15 0
-223 -275 7 2
-223 -275 8 1
-223 -274 6 1
-223 -274 7 2
-223 -274 8 1
-222 -276 6 2
-222 -276 7 2
-222 -276 8 1
-222 -275 6 2
-222 -275 8 1
-236 -255 20 0
-237 -259 26 2
-237 -259 25 2
-226 -286 12 1
-238 -256 19 2
-237 -256 20 2
-233 -272 16 0
-219 -262 7 0
-238 -273 11 1
-237 -270 11 1
-237 -269 12 0
-235 -274 11 0
-202 -261 4 1
-202 -260 2 1
-202 -260 3 2
-202 -260 4 1
-202 -259 2 1
-205 -251 12 2
-245 -266 13 1
-213 -278 9 1
-213 -279 9 1
-212 -281 10 0
-213 -276 8 0
-205 -294 14 0
-227 -282 20 0
-204 -289 14 0
-204 -290 14 0
-217 -282 2 1
-217 -282 3 1
-217 -281 2 1
-217 -280 2 1
-216 -282 2 1
-216 -282 3 1
-216 -281 2 1
-216 -280 2 1
-215 -282 2 1
-215 -281 2 1
-215 -280 2 1
-207 -274 10 0
-206 -273 10 0
-207 -259 41 0
-204 -260 40 0
-203 -261 41 0
-208 -258 40 2
-209 -257 40 2
-206 -260 38 0
-206 -288 12 0
-235 -255 7 1
-238 -251 7 0
-205 -290 11 1
-240 -262 21 2
-240 -262 20 2
-240 -262 19 2
-240 -262 18 2
-235 -284 14 1
-216 -266 9 1
-217 -265 8 0
-212 -272 5 2
-206 -286 11 1
-214 -283 9 1
-214 -282 11 1
-217 -275 9 0
-209 -287 10 2
-210 -287 11 1
-213 -281 9 0
-228 -267 31 0
-224 -263 28 0
-231 -263 25 0
-201 -256 18 0
-202 -258 12 0
-233 -257 10 2
-226 -256 14 1
-226 -257 14 2
-214 -279 5 2
-231 -280 28 0
-231 -279 29 0
-235 -278 28 0
-236 -277 28 0
-240 -284 29 1
-240 -282 29 1
-233 -280 26 0
-233 -279 26 0
-232 -278 27 0
-232 -277 27 0
-209 -258 13 0
-210 -258 13 1
-203 -262 13 0
-206 -260 13 0
-206 -258 12 0
-205 -261 13 0
-205 -260 12 0
-207 -260 12 0
-205 -262 11 0
-206 -260 10 0
-232 -261 17 2
-232 -261 16 2
-232 -262 27 2
-232 -262 24 2
-203 -298 14 2
-203 -298 13 2
-203 -298 12 2
-207 -293 13 0
-203 -270 14 0
-210 -283 11 1
-209 -283 9 2
-209 -283 11 1
-208 -281 7 1
-208 -281 8 2
-208 -286 18 0
-219 -300 12 1
-209 -284 17 0
-207 -282 15 0
-208 -281 16 0
-210 -286 15 0
-210 -282 14 0
-209 -281 12 0
-205 -280 11 0
-208 -280 7 1
-207 -280 8 2
-207 -280 9 1
-204 -281 11 0
-209 -271 13 0
-239 -282 10 1
-240 -282 9 1
-221 -286 14 1
-221 -286 15 1
-237 -297 18 0
-237 -296 18 0
-238 -295 18 1
-226 -265 6 0
-206 -251 28 2
-206 -251 27 2
-206 -251 26 2
-206 -251 24 2
-206 -251 23 2
-206 -251 22 2
-206 -251 21 2
-206 -251 20 2
-206 -251 19 2
-206 -251 18 2
-206 -251 17 2
-206 -251 16 2
-244 -258 12 0
-243 -258 13 0
-245 -258 10 0
-246 -259 13 0
-244 -256 12 2
-244 -255 13 0
-243 -259 11 1
-247 -257 11 0
-248 -257 12 0
-243 -258 11 1
-243 -257 11 2
-243 -256 11 2
-242 -258 11 2
-242 -257 11 2
-242 -256 11 2
-245 -260 10 0
-245 -261 11 0
-246 -256 10 0
-247 -254 11 0
-246 -259 9 0
-247 -259 10 0
-248 -259 10 0
-249 -260 10 0
-244 -260 9 0
-243 -262 10 1
-241 -256 8 1
-241 -256 9 1
-241 -256 10 1
-247 -261 9 0
-247 -262 9 0
-241 -261 8 1
-245 -260 8 0
-245 -261 8 0
-240 -259 6 1
-240 -259 7 2
-240 -258 6 1
-240 -258 7 1
-240 -257 6 1
-240 -257 7 1
-247 -259 7 0
-243 -260 7 0
-243 -261 6 0
-242 -262 6 0
-244 -260 6 1
-206 -251 15 2
-206 -252 39 2
-206 -252 38 2
-206 -252 37 2
-206 -252 36 2
-211 -274 10 0
-210 -274 11 0
-224 -263 11 0
-210 -299 15 0
-210 -251 1 1
-210 -251 2 1
-211 -296 14 0
-208 -298 16 0
-227 -265 15 0
-222 -258 13 1
-214 -265 1 1
-215 -259 1 1
-239 -275 6 2
-237 -270 6 1
-238 -271 6 1
-239 -270 6 2
-239 -271 6 1
-239 -272 6 2
-237 -266 4 2
-241 -274 6 1
-213 -297 14 0
-214 -297 15 0
-215 -297 16 0
-212 -299 14 0
-213 -300 15 0
-204 -277 17 0
-202 -274 9 0
-225 -263 3 1
-203 -276 10 0
-202 -257 39 0
-232 -276 18 0
-232 -272 16 0
-230 -271 17 0
-234 -294 15 0
-235 -284 15 1
-235 -285 17 2
-234 -289 15 0
-233 -292 17 0
-232 -296 17 0
-235 -286 18 1
-235 -286 17 1
-218 -268 5 1
-218 -268 4 1
-219 -266 5 2
-237 -285 19 1
-219 -267 6 1
-235 -270 16 0
-236 -274 15 0
-235 -272 15 0
-217 -258 6 0
-216 -296 17 0
-221 -296 18 0
-236 -299 23 0
-233 -293 22 0
-240 -298 22 0
-240 -299 22 0
-234 -297 21 0
-220 -288 13 1
-220 -288 14 1
-220 -288 15 1
-220 -287 13 1
-220 -287 14 1
-220 -287 15 1
-220 -286 13 1
-220 -286 14 2
-220 -286 15 1
-241 -291 15 0
-242 -290 14 0
-242 -289 13 0
-243 -285 16 0
-228 -300 24 0
-228 -300 26 0
-227 -300 27 0
-240 -268 24 0
-213 -290 17 0
-235 -267 23 0
-228 -298 25 0
-228 -297 26 0
-228 -297 27 0
-237 -271 23 0
-238 -272 24 0
-238 -266 22 0
-227 -298 24 0
-226 -298 25 0
-244 -257 12 0
-246 -259 11 0
-243 -260 11 0
-248 -257 11 0
-244 -256 10 2
-244 -255 10 2
-243 -257 10 2
-243 -256 10 2
-243 -255 10 1
-242 -256 10 1
-242 -255 9 1
-242 -255 10 1
-246 -261 10 0
-247 -254 10 0
-241 -260 9 1
-241 -260 10 1
-239 -277 6 1
-238 -279 4 1
-238 -279 5 1
-238 -278 4 1
-228 -283 11 1
-238 -277 4 1
-205 -281 17 0
-205 -282 18 0
-218 -254 19 0
-239 -253 10 2
-240 -254 9 1
-212 -273 6 1
-240 -254 11 2
-240 -252 10 2
-221 -284 13 1
-221 -284 14 1
-221 -281 7 0
-202 -256 40 0
-202 -252 39 0
-205 -257 38 2
-205 -253 37 2
-236 -257 31 1
-210 -251 16 2
-240 -262 32 0
-239 -261 31 0
-238 -259 31 0
-235 -259 33 1
-241 -260 34 0
-240 -260 33 0
-239 -260 32 0
-234 -260 29 2
-240 -262 30 0
-246 -255 6 0
-213 -275 9 0
-212 -279 12 0
-212 -278 11 0
-214 -273 12 0
-214 -274 12 0
-214 -275 11 0
-214 -275 10 0
-215 -278 13 0
-215 -277 10 0
-213 -276 13 0
-213 -276 12 0
-213 -276 10 0
-233 -291 10 1
-233 -291 11 1
-240 -297 12 1
-201 -281 11 0
-206 -275 12 0
-205 -276 11 0
-201 -277 10 0
-245 -251 5 0
-245 -251 6 0
-246 -251 7 0
-246 -252 8 0
-204 -264 2 1
-244 -251 7 1
-204 -263 1 1
-204 -262 1 1
-205 -261 5 0
-204 -259 5 0
-208 -269 2 1
-209 -268 2 1
-210 -268 2 1
-205 -268 2 1
-212 -269 5 1
-212 -269 4 1
-206 -270 9 0
-201 -263 7 1
-209 -270 11 0
-237 -282 9 1
-208 -272 9 0
-231 -281 14 0
-209 -275 10 0
-210 -271 11 0
-237 -282 7 1
-236 -258 26 2
-236 -258 27 2
-239 -254 26 0
-239 -255 28 0
-241 -256 28 0
-238 -255 28 0
-235 -294 14 1
-235 -295 14 1
-238 -299 13 0
-229 -299 25 0
-229 -299 24 0
-215 -299 17 0
-222 -298 17 0
-230 -298 14 1
-210 -273 8 1
-209 -273 8 0
-209 -272 9 0
-209 -271 9 0
-208 -251 2 2
-204 -288 17 0
-204 -288 18 0
-206 -289 17 0
-205 -286 16 0
-206 -285 15 0
-207 -287 14 0
-208 -286 14 0
-207 -286 12 0
-207 -285 12 0
-210 -286 9 1
-210 -286 10 2
-210 -286 11 1
-209 -286 11 1
-208 -286 11 1
-230 -251 3 1
-208 -280 15 0
-208 -279 16 0
-243 -268 5 1
-244 -260 17 0
-201 -280 14 0
-245 -261 20 0
-244 -258 17 0
-244 -258 18 0
-244 -257 19 0
-243 -256 19 0
-205 -271 13 0
-233 -252 15 0
-233 -252 16 0
-240 -255 15 2
-235 -251 14 0
-239 -252 14 0
-240 -252 14 2
-237 -262 26 2
-237 -263 26 2
-207 -277 7 1
-238 -258 27 2
-234 -259 27 2
-207 -277 17 0
-207 -274 14 0
-241 -263 28 0
-232 -261 28 2
-218 -254 18 0
-219 -254 17 0
-221 -254 20 0
-235 -269 34 0
-238 -267 32 0
-248 -284 8 0
-248 -284 9 0
-248 -284 10 0
-249 -284 6 0
-250 -285 9 0
-250 -285 10 0
-249 -282 8 0
-249 -281 10 0
-248 -285 7 0
-247 -286 9 0
-236 -259 29 2
-241 -264 28 0
-232 -262 28 2
-240 -258 29 0
-238 -260 29 2
-234 -258 29 2
-227 -270 11 0
-227 -270 10 1
-228 -269 10 0
-230 -269 12 0
-230 -269 11 0
-230 -268 10 0
-247 -272 3 2
-247 -271 3 2
-243 -272 1 1
-212 -272 9 1
-214 -271 9 1
-214 -270 9 1
-227 -288 16 2
-227 -289 16 1
-229 -291 18 0
-221 -286 17 0
-226 -285 16 0
-226 -284 16 0
-222 -290 16 0
-225 -285 16 0
-226 -291 15 0
-221 -287 14 2
-222 -288 13 1
-222 -288 15 1
-222 -287 13 1
-222 -287 14 1
-209 -296 18 0
-225 -278 16 0
-223 -283 13 0
-225 -297 17 0
-223 -297 20 0
-238 -288 15 0
-203 -252 30 2
-233 -276 15 0
-223 -269 3 1
-202 -267 14 0
-221 -254 12 2
-223 -253 12 1
-249 -273 2 1
-249 -273 3 1
-248 -275 1 1
-248 -275 2 1
-229 -290 16 0
-228 -284 18 0
-228 -284 17 0
-228 -285 17 0
-232 -253 20 0
-219 -285 8 1
-219 -285 9 1
-219 -284 7 1
-219 -284 8 1
-244 -280 13 0
-240 -285 12 0
-239 -285 12 1
-235 -254 33 0
-224 -288 11 1
-242 -259 28 0
-237 -252 28 0
-235 -255 27 0
-239 -254 27 0
-239 -257 27 2
-235 -267 32 1
-233 -266 33 1
-237 -270 31 0
-237 -271 32 0
-238 -272 33 0
-244 -277 8 1
-245 -277 8 1
-246 -277 8 2
-247 -277 8 2
-246 -272 6 2
-247 -273 5 2
-220 -298 15 0
-224 -261 30 0
-227 -264 29 0
-227 -260 29 0
-226 -259 29 0
-229 -265 29 0
-229 -266 28 0
-229 -267 28 0
-230 -264 27 0
-227 -263 26 0
-205 -251 33 2
-213 -253 34 2
-213 -253 33 2
-213 -253 32 2
-240 -261 31 0
-234 -262 31 1
-234 -288 18 0
-234 -288 19 0
-221 -299 14 0
-222 -299 13 0
-223 -300 13 0
-219 -296 14 0
-218 -294 14 0
-239 -270 26 0
-234 -268 26 0
-240 -264 26 0
-239 -281 28 0
-221 -273 15 0
-221 -257 1 2
-221 -257 2 2
-219 -255 3 1
-218 -257 1 1
-218 -257 2 1
-218 -256 1 2
-218 -256 2 1
-218 -256 3 1
-218 -255 1 1
-218 -255 2 1
-218 -255 3 1
-219 -258 0 1
-217 -258 0 1
-217 -258 1 1
-229 -275 19 0
-234 -274 18 0
-234 -273 19 0
-237 -278 18 2
-238 -279 17 1
-238 -279 18 1
-238 -279 19 1
-238 -278 17 1
-238 -278 18 1
-238 -278 19 1
-238 -277 17 1
-238 -277 18 1
-238 -277 19 1
-237 -279 17 1
-249 -285 3 2
-249 -285 4 1
-249 -284 2 1
-229 -251 16 1
-230 -296 16 1
-233 -271 26 0
-234 -271 26 0
-234 -270 26 0
-240 -272 27 0
-241 -296 20 0
-240 -298 19 0
-228 -293 15 0
-233 -290 18 0
-237 -298 18 0
-232 -294 17 0
-241 -296 16 0
-227 -285 14 0
-227 -284 14 0
-239 -295 23 0
-236 -296 22 0
-226 -287 15 1
-226 -287 14 0
-224 -286 13 1
-228 -290 13 2
-228 -286 14 0
-228 -286 13 1
-230 -278 7 1
-230 -278 8 1
-232 -278 9 0
-230 -275 7 1
-235 -280 5 1
-235 -280 6 1
-235 -279 5 1
-235 -278 5 1
-234 -280 5 1
-234 -280 6 1
-234 -279 5 1
-233 -280 5 1
-233 -279 5 1
-235 -277 5 0
-239 -252 7 1
-209 -272 4 1
-209 -272 5 1
-208 -274 3 2
-208 -274 4 1
-208 -274 5 2
-208 -273 3 2
-208 -273 5 2
-208 -272 3 1
-208 -272 4 2
-208 -272 5 2
-207 -274 3 1
-207 -274 4 1
-250 -287 4 1
-250 -288 4 1
-232 -265 29 0
-241 -260 26 2
-203 -261 34 0
-201 -264 35 0
-201 -263 35 0
-201 -261 34 0
-206 -261 36 0
-203 -262 36 0
-203 -261 35 0
-204 -261 38 0
-242 -270 11 0
-242 -271 11 0
-245 -268 10 1
-248 -281 1 1
-248 -280 1 1
-248 -279 1 1
-235 -283 19 1
-233 -288 16 0
-233 -288 17 0
-231 -289 17 0
-230 -289 18 0
-237 -268 30 0
-247 -261 15 0
-239 -260 15 2
-247 -255 15 0
-244 -262 16 0
-241 -256 16 2
-249 -259 16 0
-248 -259 16 0
-246 -263 17 0
-246 -262 17 0
-240 -258 17 2
-241 -259 17 2
-235 -267 26 1
-236 -265 28 2
-236 -266 28 2
-236 -267 28 1
-236 -267 27 1
-236 -267 26 1
-237 -265 28 2
-237 -265 27 2
-237 -265 26 2
-237 -267 28 2
-237 -267 27 2
-237 -267 26 2
-231 -265 12 1
-231 -265 13 1
-231 -264 12 1
-231 -264 13 1
-231 -263 13 1
-228 -261 11 0
-230 -263 11 1
-230 -263 12 1
-233 -262 13 2
-228 -256 13 1
-230 -261 8 1
-230 -264 13 0
-227 -261 11 0
-228 -274 9 1
-228 -274 10 1
-203 -265 26 0
-226 -253 6 1
-226 -252 5 1
-225 -253 6 1
-225 -254 7 1
-226 -254 7 1
-202 -268 4 1
-228 -271 7 2
-227 -272 5 1
-203 -256 32 0
-202 -259 39 0
-224 -281 17 0
-223 -280 17 0
-234 -254 10 0
-202 -258 40 0
-230 -253 8 1
-203 -256 37 2
-209 -254 6 1
-243 -255 19 0
-232 -269 22 0
-208 -266 2 1
-234 -255 10 0
-240 -257 25 2
-224 -280 15 0
-232 -276 15 0
-231 -276 15 0
-225 -276 16 0
-226 -277 16 0
-227 -277 16 0
-228 -279 16 0
-234 -280 16 1
-205 -287 13 0
-206 -288 14 0
-241 -256 27 0
-245 -263 28 0
-228 -261 14 0
-230 -265 14 0
-232 -264 15 1
-236 -262 15 2
-236 -262 14 2
-236 -262 13 2
-236 -262 12 2
-236 -262 11 2
-236 -263 24 2
-236 -263 23 2
-236 -263 22 2
-236 -263 21 2
-234 -271 18 0
-234 -271 15 0
-215 -273 3 2
-215 -274 5 1
-215 -274 4 2
-208 -275 13 0
-209 -276 16 0
-215 -274 3 1
-216 -272 5 1
-216 -272 4 1
-216 -272 3 1
-216 -273 5 2
-216 -273 4 2
-216 -273 3 2
-216 -274 4 2
-216 -274 3 1
-215 -273 4 2
-211 -275 5 1
-224 -287 20 0
-224 -287 19 0
-211 -278 6 2
-211 -279 7 2
-235 -272 12 0
-231 -270 11 1
-237 -271 12 1
-234 -269 12 0
-245 -270 2 2
-245 -270 3 1
-237 -274 13 0
-236 -273 13 0
-237 -268 13 1
-236 -271 14 0
-226 -289 20 0
-239 -272 14 1
-238 -272 14 1
-223 -290 20 0
-236 -272 14 0
-215 -276 2 1
-215 -277 2 1
-215 -278 3 2
-215 -258 10 0
-223 -295 21 0
-232 -288 11 0
-228 -289 13 1
-230 -289 14 0
-228 -297 17 1
-229 -296 18 0
-229 -295 19 0
-230 -294 19 0
-247 -278 8 1
-217 -281 6 1
-221 -300 16 0
-223 -296 15 0
-226 -294 16 0
-223 -298 15 0
-224 -299 15 0
-224 -300 16 0
-214 -291 13 0
-232 -267 14 0
-205 -258 18 0
-205 -259 18 0
-205 -259 17 0
-206 -262 17 0
-204 -261 19 0
-204 -261 18 0
-205 -261 16 0
-206 -260 11 0
-208 -262 10 0
-204 -262 11 0
-207 -259 11 0
-207 -259 12 0
-207 -264 11 0
-241 -282 18 1
-241 -283 18 1
-245 -284 19 0
-244 -284 18 0
-243 -284 17 0
-238 -251 9 0
-235 -255 9 1
-235 -256 9 1
-213 -270 10 0
-212 -271 11 0
-211 -271 12 0
-216 -270 10 0
-217 -297 10 1
-217 -297 11 1
-219 -271 11 0
-217 -296 10 1
-217 -296 11 2
-217 -296 12 1
-217 -295 10 1
-206 -253 6 2
-217 -295 12 1
-236 -262 17 2
-236 -262 16 2
-218 -275 9 0
-218 -274 9 0
-218 -273 9 0
-214 -281 9 1
-214 -275 8 0
-220 -275 8 1
-214 -256 45 0
-214 -256 46 0
-215 -257 47 0
-213 -253 46 0
-213 -252 47 0
-212 -257 45 0
-212 -257 46 0
-211 -258 46 0
-236 -282 23 2
-236 -282 22 1
-236 -282 21 1
-236 -283 23 2
-236 -283 22 1
-236 -283 21 1
-215 -279 8 1
-213 -279 8 1
-249 -268 15 1
-248 -269 15 1
-248 -268 15 1
-249 -264 13 0
-250 -262 14 0
-249 -267 12 1
-220 -255 43 0
-239 -270 21 0
-240 -271 20 0
-236 -265 20 2
-238 -296 24 0
-236 -295 27 0
-220 -251 43 0
-221 -251 42 0
-233 -270 20 0
-238 -265 20 2
-218 -256 42 0
-202 -253 36 2
-201 -253 36 2
-219 -252 42 0
-220 -253 41 0
-220 -285 14 2
-220 -285 13 1
-220 -285 12 1
-220 -286 12 1
-219 -251 42 0
-220 -251 41 0
-221 -284 12 1
-221 -285 12 2
-221 -286 12 1
-218 -253 41 0
-219 -254 40 0
-219 -255 39 0
-208 -282 16 0
-246 -252 5 0
-216 -252 39 2
-219 -252 39 0
-236 -261 25 2
-237 -262 27 2
-239 -263 25 2
-239 -263 26 2
-235 -263 27 2
-238 -259 26 2
-238 -260 27 2
-203 -300 16 1
-237 -262 29 2
-234 -261 28 2
-234 -262 28 2
-234 -263 28 2
-235 -261 28 2
-241 -261 27 2
-240 -261 28 2
-236 -258 28 2
-201 -300 14 1
-212 -290 14 0
-212 -290 12 1
-218 -251 45 0
-231 -300 24 0
-217 -251 47 0
-217 -251 48 0
-220 -252 47 0
-201 -298 16 1
-213 -253 25 2
-213 -253 26 2
-213 -253 27 2
-213 -253 28 2
-213 -253 29 2
-233 -280 12 0
-233 -279 12 0
-236 -279 13 0
-235 -278 14 0
-229 -275 18 0
-207 -273 7 1
-215 -297 17 0
-215 -297 18 0
-202 -272 11 0
-202 -274 11 0
-211 -269 7 1
-218 -273 5 2
-217 -273 5 1
-213 -261 11 0
-212 -261 11 0
-211 -261 12 0
-233 -257 6 1
-233 -257 7 1
-214 -259 43 0
-215 -260 43 0
-212 -255 42 0
-212 -254 42 0
-213 -252 42 0
-213 -251 42 0
-211 -256 15 2
-211 -256 14 2
-210 -256 13 2
-208 -254 15 2
-208 -255 14 2
-207 -257 16 0
-210 -256 6 1
-246 -253 9 0
-246 -253 8 0
-206 -259 10 0
-210 -253 10 2
-207 -260 10 0
-207 -260 11 0
-208 -258 11 0
-211 -254 12 2
-210 -255 12 2
-209 -255 12 2
-209 -256 12 2
-209 -257 12 0
-209 -253 14 2
-208 -254 13 2
-204 -255 15 0
-210 -256 15 2
-210 -256 14 2
-209 -256 13 2
-208 -256 12 2
-207 -254 15 2
-210 -254 10 2
-210 -254 9 2
-210 -254 8 1
-210 -255 10 2
-210 -255 9 2
-210 -255 8 1
-206 -290 15 0
-204 -287 14 0
-202 -292 12 0
-202 -275 5 1
-223 -287 10 2
-204 -259 35 0
-203 -262 37 0
-203 -260 38 0
-202 -257 31 0
-202 -258 32 0
-204 -259 31 0
-203 -259 32 0
-202 -260 34 0
-207 -258 34 2
-206 -258 34 2
-205 -262 35 0
-203 -260 35 0
-213 -258 9 1
-214 -263 7 0
-211 -264 7 0
-207 -266 7 1
-235 -292 20 0
-236 -296 21 0
-202 -286 18 0
-204 -287 16 0
-204 -287 17 0
-205 -283 15 0
-205 -282 16 0
-206 -284 14 0
-205 -289 18 0
-219 -300 15 0
-232 -259 9 2
-231 -259 11 2
-201 -265 7 1
-223 -258 3 1
-222 -259 2 2
-222 -259 4 2
-222 -258 2 1
-222 -258 3 1
-222 -258 4 1
-221 -260 4 1
-221 -259 2 1
-221 -259 3 1
-221 -259 4 1
-221 -258 2 1
-221 -258 3 1
-221 -258 4 1
-224 -261 4 0
-206 -294 13 0
-207 -294 13 0
-208 -294 13 0
-209 -294 13 0
-227 -281 21 0
-208 -278 7 1
-201 -259 41 0
-201 -261 40 0
-204 -255 38 2
-203 -255 29 2
-203 -255 30 2
-203 -255 33 2
-203 -254 22 2
-203 -254 23 2
-203 -254 24 2
-203 -254 25 2
-219 -293 16 0
-223 -290 17 0
-206 -283 17 0
-206 -282 16 0
-205 -278 12 0
-205 -281 15 0
-206 -279 13 0
-207 -280 14 0
-206 -281 15 0
-206 -280 14 0
-203 -252 9 2
-204 -251 9 2
-205 -251 9 2
-204 -251 8 2
-219 -257 8 1
-219 -257 9 1
-217 -251 9 2
-218 -252 8 1
-218 -252 9 1
-237 -298 24 0
-249 -282 9 0
-216 -258 6 1
-229 -288 20 0
-229 -288 19 0
-202 -267 12 0
-224 -276 2 1
-224 -277 3 1
-224 -277 2 1
-224 -278 3 1
-224 -278 2 1
-215 -283 3 1
-216 -283 3 1
-240 -284 13 1
-204 -255 36 2
-203 -255 36 2
-202 -255 36 2
-228 -270 7 2
-227 -268 7 1
-212 -280 6 1
-212 -280 5 1
-212 -281 7 1
-212 -281 6 1
-212 -281 5 1
-213 -279 7 2
-214 -279 7 1
-215 -275 8 1
-213 -272 8 2
-213 -272 7 1
-242 -253 12 2
-242 -253 11 2
-245 -253 13 0
-246 -253 12 0
-246 -252 11 0
-230 -292 15 0
-217 -274 7 1
-217 -274 8 1
-215 -280 8 1
-208 -283 15 0
-236 -266 6 2
-236 -266 7 2
-236 -265 5 1
-236 -265 6 2
-236 -265 7 1
-236 -264 5 1
-247 -255 19 0
-236 -264 7 1
-245 -251 19 0
-245 -255 17 0
-248 -253 17 0
-249 -253 18 0
-244 -253 16 0
-244 -253 17 0
-243 -252 17 0
-242 -252 18 0
-247 -252 16 0
-209 -274 13 0
-248 -255 16 0
-249 -255 16 0
-250 -256 17 0
-244 -251 16 0
-220 -275 5 1
-248 -252 15 0
-249 -252 15 0
-250 -251 16 0
-247 -256 15 0
-249 -258 15 0
-246 -252 15 0
-246 -251 15 0
-214 -294 12 1
-247 -254 14 0
-248 -254 14 0
-249 -254 14 0
-250 -254 14 0
-212 -292 10 2
-244 -252 14 0
-243 -251 14 0
-204 -277 16 0
-248 -252 14 0
-207 -279 16 0
-249 -256 13 0
-245 -252 14 0
-245 -251 13 0
-216 -297 10 1
-216 -297 11 2
-247 -253 13 0
-248 -253 13 0
-216 -296 11 2
-216 -295 9 1
-216 -295 10 1
-216 -295 11 1
-205 -259 3 1
-214 -300 9 1
-214 -299 9 1
-205 -259 2 2
-205 -260 4 1
-205 -260 3 1
-205 -260 2 1
-202 -261 19 0
-203 -262 21 0
-206 -261 21 0
-204 -260 22 0
-206 -255 17 2
-209 -257 18 2
-207 -258 17 0
-209 -261 19 0
-207 -257 19 0
-206 -264 20 0
-203 -258 19 0
-207 -259 19 0
-205 -258 20 0
-202 -257 16 0
-207 -263 17 0
-204 -264 18 0
-203 -256 18 0
-203 -280 11 0
-208 -270 11 0
-206 -281 10 1
-205 -282 11 0
-206 -282 9 2
-201 -277 17 0
-245 -280 9 1
-206 -271 2 1
-206 -271 3 2
-206 -270 2 1
-221 -273 3 1
-224 -275 2 1
-224 -275 3 1
-224 -275 4 1
-239 -298 20 0
-233 -298 20 0
-208 -260 3 2
-208 -260 4 1
-233 -293 24 0
-232 -293 24 0
-232 -292 24 0
-233 -298 23 0
-233 -299 23 0
-203 -292 15 0
-203 -291 15 0
-204 -290 16 0
-226 -278 9 1
-226 -278 10 2
-226 -277 8 2
-226 -277 9 1
-226 -277 10 1
-226 -276 8 1
-226 -276 9 1
-226 -276 10 1
-230 -276 8 1
-229 -274 8 1
-228 -281 6 1
-228 -281 7 1
-228 -281 8 1
-228 -280 6 1
-228 -280 7 1
-228 -280 8 1
-228 -279 6 1
-226 -263 32 0
-228 -264 34 0
-201 -272 19 0
-230 -267 29 0
-227 -264 30 0
-227 -264 34 0
-201 -270 15 0
-202 -270 17 0
-230 -266 33 0
-233 -261 27 2
-230 -265 27 0
-229 -266 29 0
-231 -264 31 0
-203 -268 16 0
-230 -263 25 0
-230 -260 24 0
-202 -270 18 0
-201 -270 18 0
-227 -261 26 0
-233 -261 25 2
-231 -260 26 1
-232 -259 26 1
-227 -265 26 0
-229 -267 27 0
-225 -266 28 0
-226 -265 28 0
-227 -264 28 0
-228 -265 29 0
-204 -297 11 2
-216 -279 14 0
-220 -280 3 1
-220 -281 5 1
-220 -281 4 1
-220 -281 3 1
-221 -279 5 1
-221 -279 4 1
-221 -279 3 2
-221 -280 3 2
-221 -281 5 1
-221 -281 4 1
-221 -281 3 1
-222 -279 3 1
-222 -280 5 1
-222 -280 4 1
-216 -276 13 0
-222 -281 4 2
-222 -281 3 2
-212 -280 4 1
-239 -287 28 0
-240 -286 26 0
-240 -282 28 1
-239 -286 22 0
-241 -289 20 0
-241 -288 20 0
-238 -282 22 1
-238 -282 21 1
-238 -283 23 1
-238 -283 22 1
-238 -284 23 1
-238 -284 22 1
-237 -283 22 2
-202 -254 16 1
-244 -283 22 0
-243 -283 21 0
-240 -289 22 0
-203 -254 12 1
-241 -286 22 0
-239 -280 23 0
-240 -281 22 0
-245 -286 23 0
-244 -285 22 0
-237 -286 23 0
-201 -273 15 0
-201 -271 15 0
-236 -296 25 0
-236 -297 26 0
-208 -299 10 2
-230 -272 13 0
-229 -300 21 0
-243 -286 15 0
-245 -290 16 0
-244 -289 15 0
-244 -289 13 0
-242 -288 16 0
-242 -288 15 0
-242 -288 14 0
-204 -300 9 1
-207 -297 13 0
-208 -297 14 0
-208 -298 14 0
-242 -255 4 1
-242 -259 5 2
-242 -260 5 1
-242 -261 5 1
-249 -260 4 0
-248 -259 5 0
-241 -256 6 1
-241 -256 5 1
-241 -256 4 1
-241 -257 6 1
-241 -257 5 1
-241 -257 4 1
-241 -258 6 1
-241 -258 5 1
-241 -258 4 1
-245 -262 5 0
-241 -260 6 1
-247 -260 7 0
-244 -262 8 0
-244 -261 8 0
-249 -259 8 0
-247 -258 7 0
-240 -257 10 1
-240 -257 9 1
-240 -257 8 1
-212 -258 40 0
-209 -254 39 2
-225 -282 18 0
-228 -300 11 1
-228 -300 12 1
-248 -288 4 1
-247 -288 3 1
-239 -295 17 0
-239 -295 18 0
-224 -286 22 0
-220 -293 15 0
-220 -294 15 0
-221 -288 9 1
-221 -288 11 1
-221 -287 11 1
-202 -275 16 0
-205 -279 13 0
-203 -275 12 0
-243 -280 5 1
-242 -280 4 1
-236 -256 2 2
-239 -270 2 1
-239 -270 3 1
-239 -270 4 1
-250 -283 11 0
-237 -271 5 1
-236 -269 2 1
-236 -269 3 1
-247 -283 6 1
-226 -295 11 1
-226 -295 12 1
-213 -257 7 2
-248 -257 2 2
-212 -259 6 2
-212 -259 7 1
-212 -259 8 1
-213 -257 5 1
-240 -295 18 0
-238 -292 15 0
-238 -291 16 0
-238 -291 17 0
-238 -290 17 0
-238 -294 14 2
-237 -295 15 1
-237 -295 16 1
-241 -259 24 2
-240 -260 27 2
-240 -263 27 0
-244 -257 32 0
-243 -264 32 0
-238 -258 33 0
-223 -285 19 0
-224 -285 18 0
-244 -261 25 0
-243 -258 25 0
-245 -259 26 0
-245 -260 27 0
-215 -254 19 2
-215 -254 16 2
-215 -255 39 2
-215 -255 38 2
-215 -255 37 2
-215 -255 36 2
-245 -277 12 0
-241 -282 11 1
-235 -253 7 0
-240 -266 23 0
-241 -266 23 0
-205 -276 5 1
-205 -276 4 1
-205 -277 5 1
-205 -277 4 1
-206 -277 6 1
-206 -277 5 1
-206 -277 4 1
-207 -277 6 1
-207 -277 5 1
-207 -277 4 1
-207 -270 6 1
-205 -267 6 1
-205 -267 5 2
-234 -255 24 1
-233 -255 24 0
-232 -255 24 0
-240 -257 24 2
-241 -257 23 0
-237 -254 25 0
-236 -252 24 0
-209 -265 40 0
-209 -264 40 0
-214 -260 41 0
-213 -260 41 0
-212 -260 41 0
-211 -260 41 0
-228 -260 9 1
-227 -260 8 1
-229 -258 7 2
-230 -259 6 1
-230 -259 7 1
-238 -291 21 0
-226 -269 7 1
-227 -269 7 1
-227 -270 7 1
-225 -264 6 0
-225 -263 6 0
-225 -262 6 0
-225 -261 6 0
-221 -269 6 0
-229 -266 6 1
-225 -271 5 2
-226 -272 4 1
-203 -257 17 0
-201 -255 15 0
-202 -254 15 1
-202 -254 12 1
-201 -257 11 0
-203 -256 17 0
-204 -254 14 0
-210 -282 11 0
-247 -288 10 0
-247 -287 9 0
-247 -286 8 0
-244 -283 11 0
-244 -284 11 0
-245 -284 10 0
-216 -251 10 2
-217 -251 10 2
-218 -251 10 2
-218 -252 10 1
-220 -256 10 1
-220 -257 11 1
-221 -255 10 2
-221 -257 11 1
-221 -257 10 2
-222 -255 10 2
-222 -256 11 1
-222 -256 10 1
-222 -257 11 1
-222 -257 10 2
-222 -256 12 1
-210 -290 16 0
-201 -265 6 2
-201 -265 5 1
-218 -276 3 2
-225 -285 14 0
-217 -253 17 0
-216 -252 18 2
-203 -278 15 0
-217 -254 20 0
-226 -257 28 0
-226 -266 28 0
-225 -260 27 0
-224 -260 27 0
-223 -260 27 0
-231 -265 27 0
-247 -287 15 0
-247 -287 14 0
-232 -257 10 2
-239 -258 11 2
-240 -251 11 1
-205 -276 12 0
-234 -296 27 0
-215 -273 10 0
-204 -258 5 1
-203 -259 5 0
-217 -279 14 0
-220 -280 8 0
-220 -280 9 0
-221 -281 9 0
-221 -278 7 0
-218 -274 6 1
-218 -274 7 1
-216 -256 13 0
-213 -254 14 2
-213 -254 13 2
-235 -253 11 0
-238 -252 10 1
-238 -253 9 1
-238 -254 10 2
-239 -252 11 1
-239 -254 10 2
-239 -254 9 1
-240 -252 11 2
-231 -278 5 1
-231 -277 4 1
-231 -276 4 1
-234 -264 19 0
-236 -270 18 0
-235 -272 19 0
-235 -273 19 0
-219 -298 17 0
-220 -298 19 0
-220 -257 2 1
-220 -257 1 1
-220 -257 0 1
-220 -258 2 1
-220 -258 1 2
-244 -260 4 2
-244 -260 2 1
-244 -261 4 1
-207 -260 36 0
-208 -255 36 2
-206 -254 37 2
-208 -261 37 0
-209 -256 38 2
-208 -257 37 2
-204 -263 38 0
-209 -259 38 2
-207 -255 39 2
-239 -259 21 2
-239 -259 20 2
-211 -257 10 2
-211 -258 10 2
-211 -258 9 2
-212 -256 10 2
-212 -256 9 2
-212 -256 8 1
-236 -268 13 1
-237 -267 12 1
-230 -253 7 1
-204 -254 34 2
-204 -252 35 2
-201 -257 36 0
-232 -259 14 2
-231 -259 12 2
-231 -259 13 1
-231 -259 14 1
-205 -257 14 0
-205 -258 14 0
-201 -259 15 0
-204 -260 14 0
-208 -258 15 0
-203 -265 16 0
-204 -263 15 0
-203 -257 16 0
-204 -259 15 0
-201 -262 16 0
-202 -261 16 0
-206 -257 16 0
-206 -263 17 0
-202 -258 17 0
-203 -259 16 0
-222 -273 4 1
-222 -273 3 1
-236 -253 14 1
-236 -254 16 0
-239 -255 14 2
-238 -255 15 2
-238 -254 16 2
-237 -254 17 0
-202 -262 2 1
-203 -260 3 2
-203 -260 2 1
-206 -283 13 0
-203 -261 3 2
-203 -261 2 1
-202 -285 15 0
-210 -277 12 0
-210 -277 11 0
-210 -276 10 0
-211 -272 12 0
-211 -273 11 0
-249 -263 8 0
-248 -262 8 0
-201 -251 9 2
-202 -264 3 2
-209 -258 8 1
-247 -267 4 2
-250 -263 10 0
-248 -251 9 0
-246 -266 9 2
-248 -264 2 2
-249 -267 3 2
-250 -267 7 1
-250 -262 3 1
-250 -267 1 1
-250 -259 9 0
-217 -259 9 0
-239 -267 12 0
-240 -269 12 0
-238 -264 14 2
-240 -267 14 0
-238 -268 12 0
-223 -289 23 0
-223 -289 21 0
-238 -259 30 0
-218 -283 5 1
-218 -282 5 2
-217 -279 6 1
-221 -274 4 1
-221 -273 4 1
-221 -272 4 1
-236 -270 11 0
-236 -267 12 2
-229 -269 13 0
-231 -270 12 0
-229 -265 14 0
-231 -269 14 0
-231 -267 15 0
-231 -267 14 0
-234 -263 15 2
-228 -255 12 1
-228 -255 11 2
-228 -255 10 1
-227 -260 4 1
-228 -258 5 1
-228 -258 4 1
-228 -259 4 1
-228 -260 4 1
-227 -259 5 2
-230 -260 4 1
-228 -261 8 0
-229 -264 6 0
-227 -261 7 0
-227 -259 12 1
-227 -260 12 1
-212 -299 10 2
-212 -300 12 1
-210 -300 15 0
-234 -298 10 1
-235 -255 30 0
-241 -254 30 0
-210 -273 6 1
-208 -269 5 1
-208 -270 6 1
-225 -254 18 1
-220 -266 8 0
-250 -286 5 1
-202 -269 5 1
-240 -297 10 1
-234 -291 9 1
-224 -297 21 0
-225 -298 22 0
-247 -280 4 1
-209 -257 35 2
-205 -254 35 2
-209 -255 36 2
-208 -256 36 2
-211 -259 37 0
-203 -257 38 0
-235 -251 7 0
-222 -253 5 2
-222 -253 6 2
-221 -253 5 2
-221 -253 6 2
-220 -253 5 1
-220 -253 6 1
-213 -253 6 1
-215 -251 7 1
-242 -295 19 0
-236 -294 18 2
-240 -289 20 0
-240 -290 19 0
-239 -297 20 0
-224 -257 13 1
-227 -263 14 0
-226 -262 13 0
-225 -263 12 0
-209 -258 7 2
-233 -262 31 0
-232 -262 31 0
-238 -258 30 0
-209 -258 6 2
-249 -286 10 0
-216 -255 42 0
-217 -255 42 0
-218 -255 42 0
-210 -252 42 0
-214 -254 42 0
-215 -253 42 0
-216 -252 41 0
-216 -251 41 0
-215 -257 41 0
-216 -281 11 1
-216 -281 12 1
-215 -281 12 1
-218 -278 11 0
-218 -277 11 0
-217 -276 11 0
-217 -275 12 0
-216 -277 5 1
-216 -277 6 0
-219 -278 4 1
-218 -278 5 1
-213 -278 6 1
-227 -300 19 0
-227 -300 21 0
-213 -279 6 2
-208 -264 4 1
-208 -266 3 1
-212 -263 5 0
-245 -263 14 0
-245 -257 13 0
-246 -256 14 0
-242 -260 13 0
-239 -267 32 0
-236 -271 32 0
-236 -270 32 0
-234 -264 33 2
-240 -270 33 0
-247 -263 3 1
-250 -265 4 1
-250 -268 9 1
-249 -264 8 0
-218 -260 17 0
-208 -259 31 2
-208 -258 23 2
-208 -258 24 2
-218 -259 17 0
-215 -258 17 0
-221 -260 12 0
-220 -261 12 0
-219 -260 10 0
-205 -253 17 2
-205 -253 16 2
-205 -254 32 2
-205 -254 31 2
-205 -254 30 2
-228 -261 13 0
-224 -262 13 0
-225 -262 15 0
-225 -261 16 0
-227 -260 16 0
-226 -257 13 1
-226 -258 15 1
-226 -258 14 1
-226 -258 13 1
-226 -259 15 1
-226 -259 14 2
-211 -284 9 1
-232 -251 17 0
-232 -252 17 0
-209 -283 12 0
-210 -251 17 2
-208 -283 16 0
-219 -297 20 0
-223 -287 22 0
-227 -284 20 0
-228 -284 21 0
-229 -284 22 0
-230 -251 16 1
-227 -267 4 2
-227 -267 3 2
-227 -268 5 2
-233 -251 15 0
-227 -268 3 2
-227 -269 5 2
-227 -269 4 1
-207 -251 15 2
-227 -269 3 1
-228 -267 5 2
-228 -269 11 0
-230 -270 12 0
-231 -268 11 0
-227 -268 13 0
-229 -267 12 0
-232 -268 12 0
-229 -264 14 0
-230 -268 14 0
-222 -265 4 2
-221 -264 4 1
-222 -263 2 2
-222 -263 1 1
-223 -261 3 1
-223 -261 2 2
-223 -261 1 1
-223 -262 3 1
-232 -252 0 1
-227 -298 22 0
-229 -296 22 0
-224 -299 23 0
-213 -300 14 0
-201 -263 23 0
-217 -296 14 0
-218 -295 15 0
-216 -300 14 0
-214 -293 14 0
-215 -292 14 0
-217 -297 13 1
-215 -294 18 0
-213 -300 18 0
-202 -266 28 0
-201 -266 28 0
-226 -265 12 0
-235 -263 13 2
-235 -263 12 2
-233 -267 12 0
-217 -294 16 0
-217 -293 17 0
-216 -297 14 0
-218 -298 15 0
-204 -252 6 2
-203 -264 30 0
-204 -253 7 2
-214 -294 13 0
-214 -293 12 1
-219 -297 12 1
-219 -296 10 1
-219 -296 11 2
-219 -295 10 1
-219 -295 12 2
-217 -295 9 1
-215 -297 19 0
-217 -298 16 0
-217 -298 17 0
-217 -298 18 0
-237 -276 5 1
-237 -276 4 1
-237 -276 3 1
-238 -274 3 1
-238 -275 5 2
-238 -275 3 1
-238 -276 5 1
-238 -276 4 1
-206 -271 12 0
-226 -300 13 0
-227 -300 12 0
-227 -294 12 1
-227 -294 13 1
-205 -268 12 0
-237 -290 8 1
-237 -291 10 1
-237 -291 9 1
-237 -291 8 1
-236 -290 9 2
-221 -264 1 1
-221 -265 3 1
-221 -265 2 2
-221 -265 1 1
-220 -270 6 1
-220 -270 7 1
-220 -269 6 1
-220 -268 6 1
-219 -270 5 1
-219 -269 2 1
-219 -269 3 1
-221 -262 1 1
-221 -262 2 2
-207 -251 37 2
-221 -261 2 2
-202 -276 11 0
-201 -275 11 0
-202 -275 11 0
-212 -251 36 2
-201 -275 12 0
-201 -274 12 0
-203 -277 14 0
-202 -276 14 0
-202 -277 15 0
-203 -276 14 0
-203 -278 14 0
-203 -279 14 0
-219 -263 4 0
-230 -297 18 0
-233 -270 15 0
-228 -294 13 1
-234 -276 14 0
-229 -299 15 1
-209 -295 15 0
-228 -272 14 0
-208 -273 2 1
-220 -251 42 0
-220 -253 40 0
-238 -264 6 1
-239 -265 10 1
-202 -266 25 0
-215 -257 42 0
-216 -257 42 0
-209 -255 42 0
-208 -254 42 0
-208 -254 41 0
-211 -262 41 0
-212 -256 42 0
-214 -254 41 0
-214 -253 41 0
-213 -258 41 0
-215 -260 40 0
-211 -255 41 0
-211 -254 41 0
-210 -253 40 0
-213 -257 41 0
-213 -256 40 2
-214 -256 40 0
-215 -256 39 0
-212 -260 39 0
-212 -255 40 2
-212 -255 39 2
-212 -254 38 2
-212 -257 40 2
-212 -257 39 2
-212 -256 43 0
-212 -256 44 0
-211 -256 45 0
-211 -256 46 0
-211 -256 47 0
-213 -257 46 0
-214 -257 47 0
-212 -254 46 0
-212 -253 47 0
-211 -258 45 0
-241 -289 10 1
-243 -289 9 0
-249 -259 6 0
-213 -285 13 1
-211 -282 11 0
-212 -285 9 1
-212 -284 10 1
-237 -251 15 0
-234 -256 15 0
-233 -256 15 1
-233 -257 15 1
-221 -257 17 1
-220 -256 18 2
-216 -251 19 2
-217 -251 18 2
-218 -252 18 0
-233 -275 4 1
-234 -273 4 1
-234 -274 4 1
-234 -275 4 1
-235 -275 5 1
-235 -275 4 1
-216 -260 2 2
-215 -266 1 1
-215 -267 3 2
-215 -267 2 1
-250 -268 8 1
-250 -269 9 2
-215 -268 2 1
-204 -251 32 2
-248 -269 8 2
-248 -269 9 1
-247 -269 7 1
-247 -269 8 1
-228 -273 11 1
-228 -272 10 1
-228 -272 11 1
-227 -274 9 1
-227 -274 10 1
-227 -274 11 1
-227 -273 9 1
-227 -273 10 1
-205 -294 9 2
-205 -294 8 1
-205 -295 10 1
-205 -295 9 2
-206 -264 8 0
-207 -264 8 0
-201 -294 10 2
-223 -275 6 1
-223 -276 8 1
-219 -278 9 0
-216 -279 7 0
-233 -266 21 0
-222 -264 9 0
-218 -269 8 1
-222 -263 7 0
-224 -262 7 0
-222 -268 6 0
-249 -253 11 0
-202 -290 15 0
-201 -293 14 0
-201 -294 17 1
-201 -294 16 1
-201 -294 15 1
-201 -295 17 1
-201 -295 15 2
-201 -296 16 2
-248 -270 7 1
-248 -256 3 1
-224 -253 41 0
-248 -254 3 1
-248 -253 3 1
-217 -263 8 0
-245 -271 2 2
-245 -272 2 2
-245 -273 4 1
-245 -273 3 2
-245 -273 2 2
-246 -271 4 1
-246 -271 3 1
-246 -271 2 1
-246 -272 4 1
-246 -272 3 1
-246 -272 2 1
-246 -273 4 1
-246 -273 3 2
-246 -273 2 1
-243 -256 3 1
-243 -256 2 1
-244 -275 16 0
-244 -276 16 0
-246 -276 15 0
-243 -275 15 0
-242 -275 15 0
-241 -275 16 0
-244 -272 13 1
-244 -271 15 1
-243 -272 14 1
-243 -271 14 1
-243 -271 15 1
-243 -270 15 1
-245 -276 14 0
-245 -277 14 0
-244 -278 14 0
-244 -278 15 0
-242 -273 14 0
-241 -273 14 0
-244 -275 13 0
-244 -273 13 0
-243 -274 12 0
-244 -276 12 0
-244 -276 15 0
-243 -277 16 0
-243 -275 14 0
-242 -275 14 0
-217 -282 13 0
-218 -282 12 1
-219 -282 12 1
-213 -279 5 1
-213 -279 4 2
-213 -280 6 2
-213 -280 5 1
-213 -280 4 1
-214 -278 6 1
-214 -278 5 1
-214 -278 4 2
-214 -279 6 2
-221 -281 14 0
-224 -276 5 1
-202 -265 5 2
-202 -266 6 1
-202 -266 4 1
-224 -284 6 1
-206 -260 2 2
-245 -252 5 1
-245 -253 5 1
-245 -253 6 1
-207 -260 1 1
-207 -260 2 1
-207 -260 3 2
-207 -259 1 1
-246 -251 4 0
-248 -252 5 0
-249 -252 6 0
-244 -254 5 2
-243 -254 5 1
-242 -254 3 1
-206 -259 1 1
-242 -254 5 1
-205 -261 1 1
-205 -260 1 1
-209 -300 13 0
-204 -278 8 2
-247 -258 5 1
-239 -287 9 1
-239 -286 7 2
-239 -286 8 1
-239 -286 9 1
-238 -288 7 1
-238 -288 8 2
-238 -288 9 1
-238 -287 7 1
-209 -278 4 1
-212 -279 2 1
-201 -253 13 2
-201 -253 12 2
-201 -253 11 2
-201 -254 33 2
-250 -271 7 2
-250 -272 6 1
-250 -272 7 1
-237 -270 19 0
-237 -270 18 0
-235 -269 20 0
-204 -294 13 0
-205 -289 12 0
-205 -290 13 0
-204 -291 13 0
-201 -298 14 1
-201 -298 13 1
-201 -298 12 1
-206 -283 8 1
-247 -286 7 0
-247 -287 8 0
-246 -288 8 0
-208 -291 11 1
-205 -296 8 1
-205 -296 9 2
-205 -296 10 1
-209 -296 9 1
-209 -296 10 2
-209 -296 11 2
-208 -296 11 1
-208 -295 11 1
-207 -296 11 1
-207 -295 11 1
-207 -294 11 2
-205 -257 6 2
-204 -257 1 1
-204 -256 1 1
-203 -257 1 1
-203 -256 1 1
-202 -257 1 1
-202 -256 1 1
-205 -255 1 1
-201 -284 8 1
-225 -278 13 0
-231 -271 12 0
-234 -269 9 0
-235 -268 10 0
-236 -268 11 1
-231 -268 10 0
-234 -273 11 0
-234 -267 9 1
-236 -270 9 0
-235 -252 0 1
-208 -268 8 0
-208 -278 10 0
-208 -270 8 0
-210 -259 7 1
-234 -261 30 1
-208 -264 3 1
-233 -259 31 1
-208 -263 2 2
-208 -263 3 1
-208 -262 1 1
-232 -260 30 2
-232 -260 32 1
-239 -252 9 1
-239 -251 8 1
-239 -251 9 1
-233 -257 13 2
-233 -257 12 1
-233 -258 14 1
-233 -258 13 2
-233 -258 12 1
-233 -259 14 2
-244 -254 6 2
-244 -254 7 2
-244 -254 8 2
-244 -253 6 2
-226 -300 23 0
-207 -289 17 0
-225 -281 18 0
-205 -279 9 1
-205 -278 10 1
-203 -277 11 0
-204 -277 11 0
-205 -284 18 0
-233 -294 14 1
-213 -254 42 0
-217 -283 7 2
-217 -282 7 2
-216 -284 7 1
-216 -284 8 1
-216 -283 7 1
-216 -283 8 1
-216 -282 7 2
-201 -259 8 0
-201 -259 9 0
-231 -293 15 0
-228 -288 15 1
-227 -288 14 0
-226 -289 14 0
-241 -265 5 1
-241 -265 4 1
-241 -266 5 1
-241 -266 4 1
-241 -267 6 2
-241 -267 5 1
-202 -274 8 1
-201 -276 6 1
-201 -276 7 2
-201 -276 8 1
-201 -275 6 1
-201 -275 7 2
-201 -275 8 1
-201 -274 6 1
-201 -274 7 1
-201 -274 8 1
-205 -273 7 0
-204 -273 7 0
-204 -274 7 1
-237 -265 2 1
-226 -261 20 0
-222 -280 16 0
-220 -285 16 0
-220 -282 14 0
-220 -281 14 0
-219 -281 15 0
-223 -281 13 0
-224 -280 14 0
-224 -279 14 0
-219 -283 15 1
-218 -283 14 1
-218 -283 15 1
-217 -285 13 1
-217 -285 14 1
-217 -285 15 1
-217 -284 13 1
-217 -284 14 2
-217 -284 15 1
-232 -291 20 0
-236 -297 20 0
-243 -268 12 1
-242 -268 12 1
-244 -269 10 1
-240 -268 8 1
-241 -269 8 1
-242 -270 9 1
-243 -263 6 1
-205 -287 17 0
-243 -263 7 1
-207 -286 15 0
-208 -288 14 0
-209 -287 14 0
-208 -287 12 0
-208 -286 12 0
-208 -285 8 1
-238 -257 16 2
-237 -252 18 0
-234 -255 16 0
-238 -255 16 2
-214 -271 7 2
-214 -270 5 1
-201 -279 14 0
-230 -289 15 1
-229 -290 14 1
-229 -287 14 0
-228 -287 13 1
-217 -272 9 1
-234 -258 13 2
-235 -259 12 2
-244 -289 19 0
-225 -260 1 2
-223 -260 1 1
-227 -261 1 1
-226 -261 2 2
-226 -261 1 1
-227 -259 2 1
-236 -287 23 0
-243 -288 24 0
-236 -282 25 2
-236 -283 25 2
-236 -284 25 2
-237 -282 25 1
-237 -283 25 2
-237 -284 25 2
-238 -282 25 1
-238 -283 25 1
-238 -284 25 1
-244 -281 24 0
-243 -282 24 0
-209 -264 10 0
-210 -264 9 0
-210 -263 8 0
-211 -259 10 1
-213 -263 11 0
-212 -263 9 0
-209 -252 22 2
-209 -251 22 2
-225 -292 14 0
-225 -293 15 0
-240 -253 24 0
-241 -252 24 0
-233 -254 24 0
-232 -254 24 0
-239 -257 24 2
-240 -259 24 2
-237 -253 23 0
-237 -252 23 0
-236 -255 31 0
-242 -260 32 0
-240 -255 33 0
-224 -288 19 0
-225 -286 21 0
-228 -292 11 1
-236 -257 32 1
-240 -258 32 0
-236 -255 32 0
-237 -257 31 1
-241 -260 32 0
-228 -291 11 1
-227 -292 11 1
-227 -292 12 1
-236 -258 32 2
-241 -258 33 0
-240 -258 33 0
-208 -254 21 2
-208 -254 22 2
-208 -254 23 2
-208 -254 24 2
-208 -254 25 2
-208 -254 26 2
-208 -254 27 2
-204 -251 31 2
-236 -260 13 2
-236 -259 11 2
-231 -289 16 0
-235 -271 25 0
-228 -271 2 1
-228 -272 2 1
-228 -273 3 1
-228 -273 2 1
-229 -274 4 1
-207 -287 15 0
-213 -289 14 0
-210 -288 13 0
-210 -287 13 0
-214 -286 11 1
-214 -286 12 1
-214 -286 13 1
-213 -286 11 1
-213 -286 12 2
-238 -253 10 1
-238 -252 9 1
-213 -275 7 0
-211 -275 6 1
-234 -253 10 0
-233 -252 9 0
-218 -294 10 1
-205 -282 8 1
-205 -283 10 1
-205 -283 9 2
-205 -283 8 1
-204 -282 9 2
-214 -292 14 0
-203 -286 10 1
-202 -286 11 1
-201 -285 11 1
-202 -280 11 0
-202 -281 11 0
-201 -282 12 0
-204 -284 12 0
-203 -284 12 0
-202 -284 12 0
-201 -284 12 0
-202 -288 13 0
-201 -286 12 0
-201 -285 12 0
-204 -281 13 0
-203 -282 13 0
-202 -282 13 0
-204 -285 14 0
-203 -285 14 0
-202 -285 13 0
-201 -284 13 0
-203 -283 16 0
-213 -251 38 2
-213 -251 37 2
-213 -251 36 2
-234 -258 24 2
-234 -258 23 2
-234 -258 22 2
-234 -258 21 2
-234 -258 20 2
-234 -258 19 2
-234 -258 18 2
-234 -258 17 2
-246 -258 10 0
-222 -273 6 2
-201 -294 8 1
-201 -294 9 1
-206 -257 1 1
-206 -258 1 1
-207 -256 3 1
-207 -256 2 1
-207 -265 17 0
-207 -259 16 0
-208 -257 17 2
-204 -262 15 0
-202 -263 17 0
-205 -259 15 0
-205 -258 15 0
-220 -268 10 0
-223 -265 7 0
-242 -276 5 2
-225 -265 9 0
-225 -265 10 0
-220 -264 9 0
-245 -257 16 0
-245 -256 17 0
-246 -255 17 0
-241 -260 16 2
-240 -261 17 2
-247 -260 16 0
-248 -261 17 0
-243 -257 15 2
-243 -257 16 2
-242 -256 16 2
-242 -255 16 2
-243 -262 15 0
-243 -263 16 0
-242 -264 16 1
-246 -258 15 0
-248 -257 16 0
-242 -259 15 2
-241 -258 15 2
-240 -258 15 2
-245 -261 15 0
-246 -262 15 0
-247 -263 15 0
-249 -278 7 2
-246 -288 4 1
-214 -274 4 1
-214 -274 3 1
-215 -272 5 1
-214 -277 12 0
-214 -277 13 0
-217 -278 13 0
-215 -275 11 0
-215 -275 12 0
-215 -274 13 0
-226 -281 15 0
-226 -282 15 0
-224 -286 15 0
-225 -300 20 0
-223 -299 23 0
-247 -282 2 1
-248 -282 4 1
-211 -299 9 1
-211 -300 11 1
-211 -300 10 1
-218 -260 1 2
-217 -268 5 1
-217 -268 4 1
-216 -267 5 2
-221 -263 6 0
-219 -261 7 0
-233 -292 21 0
-247 -267 16 0
-234 -253 4 2
-236 -255 34 0
-238 -257 34 0
-234 -253 33 0
-238 -252 31 0
-233 -254 30 0
-237 -251 29 0
-211 -268 3 1
-233 -252 29 0
-236 -266 26 2
-211 -299 10 2
-235 -255 34 0
-237 -252 34 0
-239 -251 32 0
-234 -254 30 0
-229 -266 11 0
-233 -258 29 0
-240 -251 28 0
-239 -283 9 1
-204 -260 1 1
-238 -256 34 0
-236 -253 33 0
-236 -252 34 0
-239 -254 32 0
-234 -253 32 0
-233 -253 33 0
-232 -256 32 0
-235 -252 30 0
-233 -251 29 0
-233 -255 28 0
-233 -253 26 0
-231 -276 17 0
-231 -275 18 0
-238 -251 32 0
-234 -251 31 0
-241 -252 30 0
-232 -255 28 0
-233 -290 16 0
-237 -290 17 0
-238 -254 32 0
-235 -298 19 0
-235 -297 18 0
-234 -293 22 0
-234 -295 20 0
-233 -296 21 0
-210 -277 9 1
-209 -279 7 1
-214 -260 15 0
-214 -259 17 0
-213 -265 16 0
-211 -260 16 0
-215 -265 15 0
-213 -263 13 0
-210 -264 15 0
-219 -264 14 0
-213 -267 14 0
-212 -261 13 0
-217 -266 13 0
-242 -255 13 2
-240 -260 14 2
-228 -262 15 0
-228 -261 16 0
-225 -261 18 0
-227 -258 16 1
-227 -260 18 0
-228 -264 16 0
-227 -264 17 0
-224 -260 17 0
-224 -265 17 0
-225 -263 18 0
-224 -258 18 1
-224 -258 17 1
-229 -263 18 0
-222 -262 18 0
-225 -261 19 0
-229 -257 19 0
-227 -264 19 0
-226 -263 20 0
-224 -258 19 1
-224 -259 19 1
-229 -265 20 0
-225 -266 21 0
-222 -262 22 0
-224 -262 21 0
-223 -259 23 0
-232 -267 32 0
-233 -272 31 0
-236 -256 10 2
-236 -256 9 2
-236 -257 10 2
-236 -257 9 1
-231 -267 9 0
-232 -267 11 0
-226 -266 10 0
-229 -269 8 1
-205 -256 14 0
-203 -255 35 2
-204 -256 36 2
-205 -256 36 2
-201 -258 36 0
-201 -259 35 0
-202 -259 33 0
-202 -257 40 0
-203 -256 36 0
-203 -252 39 0
-202 -257 36 0
-204 -268 10 0
-203 -252 36 2
-203 -251 11 2
-203 -251 12 2
-203 -251 16 2
-203 -251 17 2
-203 -251 26 2
-203 -251 27 2
-203 -251 28 2
-236 -252 4 1
-237 -257 2 1
-237 -256 3 2
-238 -254 25 0
-238 -253 23 0
-236 -255 25 1
-230 -263 10 0
-203 -290 15 0
-203 -289 15 0
-201 -294 14 1
-232 -287 18 1
-232 -286 18 1
-232 -290 16 0
-203 -299 17 1
-201 -297 20 0
-202 -299 18 0
-226 -253 11 1
-204 -293 15 0
-203 -293 14 0
-218 -255 19 0
-218 -255 20 0
-222 -252 19 0
-218 -252 17 0
-238 -264 7 2
-238 -264 8 2
-227 -267 1 1
-227 -266 1 1
-247 -254 7 0
-250 -254 8 0
-226 -287 19 0
-226 -287 21 0
-228 -289 19 0
-229 -289 20 0
-241 -270 13 0
-241 -266 12 1
-239 -267 9 1
-239 -266 8 1
-239 -265 8 1
-239 -264 6 1
-239 -264 7 2
-239 -264 8 2
-238 -268 6 1
-238 -251 22 0
-234 -256 16 0
-235 -255 17 0
-238 -252 17 0
-227 -289 12 1
-227 -288 10 1
-227 -288 11 1
-227 -288 12 1
-212 -251 16 2
-232 -288 12 1
-230 -287 11 2
-231 -288 10 1
-231 -288 11 1
-231 -288 12 1
-231 -287 10 1
-231 -286 10 1
-231 -286 11 1
-230 -287 10 1
-209 -251 15 2
-209 -252 15 2
-229 -287 10 1
-229 -287 11 1
-207 -258 45 0
-207 -262 43 0
-206 -262 44 0
-204 -258 44 0
-209 -257 43 0
-204 -262 43 0
-207 -264 42 0
-212 -258 42 0
-209 -262 41 0
-211 -264 41 0
-212 -256 40 2
-212 -262 40 0
-208 -256 39 2
-212 -259 39 0
-210 -263 38 0
-210 -257 37 2
-210 -260 38 0
-211 -261 37 0
-208 -259 46 0
-210 -260 44 0
-242 -272 8 1
-243 -278 9 1
-243 -278 8 1
-243 -278 7 1
-244 -278 9 1
-244 -278 8 1
-234 -264 28 2
-241 -264 27 0
-204 -278 7 1
-224 -288 21 0
-224 -287 21 0
-210 -292 16 0
-209 -293 15 0
-209 -294 15 0
-209 -300 16 0
-209 -299 15 0
-211 -295 17 0
-211 -295 16 0
-210 -296 15 0
-206 -298 17 0
-208 -293 17 0
-209 -297 17 0
-209 -297 16 0
-207 -296 18 0
-250 -286 4 2
-250 -286 3 2
-250 -286 2 1
-229 -251 14 1
-201 -254 18 2
-201 -254 17 2
-223 -264 8 0
-223 -264 11 0
-223 -265 13 0
-222 -261 12 0
-221 -261 13 0
-220 -266 12 0
-224 -263 10 0
-223 -267 11 0
-224 -259 11 2
-225 -260 11 1
-225 -259 10 1
-225 -259 11 1
-225 -258 10 1
-225 -258 11 1
-238 -300 20 0
-219 -297 11 2
-219 -296 12 1
-216 -295 18 0
-216 -294 18 0
-217 -297 15 0
-217 -295 16 0
-232 -299 15 0
-209 -295 17 0
-232 -298 14 0
-250 -274 12 1
-206 -286 12 0
-205 -292 16 0
-207 -293 18 0
-205 -290 16 0
-204 -289 15 0
-236 -264 31 0
-241 -268 32 0
-239 -262 33 0
-238 -263 32 0
-238 -264 32 0
-240 -265 34 0
-239 -266 33 0
-239 -266 32 0
-236 -263 35 0
-250 -266 14 0
-229 -289 16 1
-209 -251 10 2
-227 -291 16 0
-208 -251 10 2
-245 -261 31 0
-243 -258 30 0
-245 -257 30 0
-241 -255 30 0
-244 -262 27 0
-244 -258 26 0
-241 -257 26 0
-243 -260 25 0
-212 -297 10 2
-212 -300 9 1
-240 -283 9 1
-240 -284 11 1
-240 -284 9 1
-206 -280 17 0
-241 -283 11 2
-241 -283 9 1
-241 -284 11 1
-241 -284 10 1
-241 -284 9 1
-240 -283 10 2
-244 -282 10 0
-238 -279 11 0
-240 -280 10 0
-205 -265 15 0
-205 -264 15 0
-204 -257 16 0
-204 -258 16 0
-206 -287 16 0
-204 -289 18 0
-205 -289 17 0
-203 -277 10 0
-214 -254 17 2
-217 -264 3 2
-203 -283 14 0
-227 -260 11 1
-250 -286 11 0
-248 -283 8 0
-201 -271 16 0
-204 -273 14 0
-203 -273 14 0
-202 -271 16 0
-203 -274 17 0
-201 -276 18 0
-212 -286 11 1
-212 -286 12 1
-212 -286 13 1
-222 -286 13 2
-222 -287 15 1
-231 -277 16 0
-239 -283 11 1
-208 -259 2 1
-205 -257 1 1
-205 -258 1 1
-206 -256 1 1
-207 -257 2 1
-210 -294 18 0
-210 -268 5 1
-226 -281 14 0
-210 -293 18 0
-209 -292 17 0
-208 -268 11 0
-245 -251 9 0
-246 -255 9 0
-246 -255 8 0
-249 -254 10 0
-249 -254 9 0
-247 -253 10 0
-247 -253 9 0
-230 -255 8 1
-230 -254 8 1
-202 -278 7 1
-235 -296 16 0
-242 -259 25 0
-242 -259 26 0
-245 -261 26 0
-244 -261 27 0
-244 -264 27 0
-244 -264 28 0
-243 -263 28 0
-244 -258 28 0
-246 -262 29 0
-244 -266 30 0
-245 -259 30 0
-243 -260 30 0
-245 -263 31 0
-225 -300 22 0
-230 -253 4 1
-230 -252 4 1
-242 -282 5 1
-242 -282 4 1
-242 -282 3 1
-212 -294 12 1
-214 -297 12 1
-213 -297 12 1
-221 -285 16 0
-230 -298 23 0
-207 -259 5 1
-246 -252 9 0
-210 -293 13 0
-210 -294 13 0
-249 -285 12 0
-213 -295 14 0
-212 -253 16 2
-212 -253 17 2
-211 -254 31 2
-211 -254 32 2
-211 -254 33 2
-203 -271 10 0
-202 -269 12 0
-203 -269 12 0
-206 -269 13 0
-208 -272 14 0
-204 -270 14 0
-204 -271 14 0
-227 -261 5 1
-233 -261 5 1
-233 -260 5 1
-232 -261 5 2
-232 -260 5 1
-232 -259 5 1
-205 -264 2 1
-205 -264 3 1
-242 -272 4 2
-236 -255 1 2
-238 -256 2 1
-214 -290 12 1
-233 -256 4 1
-214 -290 10 1
-215 -290 12 1
-236 -276 10 1
-241 -275 8 1
-210 -290 10 2
-210 -290 9 1
-211 -290 11 2
-211 -290 10 2
-243 -273 8 1
-212 -291 13 0
-210 -292 14 0
-208 -293 16 0
-233 -294 13 2
-217 -253 3 1
-222 -254 2 2
-223 -254 1 1
-223 -254 2 1
-223 -253 1 1
-223 -253 2 1
-239 -269 30 0
-240 -270 31 0
-241 -270 31 0
-246 -289 8 0
-244 -284 8 1
-243 -284 8 1
-249 -287 7 0
-250 -288 7 0
-240 -268 32 0
-220 -279 10 0
-209 -272 3 2
-209 -273 5 1
-209 -273 4 1
-209 -273 3 2
-209 -274 4 1
-209 -274 3 2
-208 -273 4 2
-209 -279 6 1
-209 -279 5 1
-211 -273 7 1
-211 -274 7 1
-208 -274 7 1
-208 -274 6 1
-208 -275 8 2
-220 -276 5 1
-223 -280 7 1
-235 -268 28 0
-236 -268 27 1
-203 -265 5 1
-235 -272 3 1
-237 -269 4 1
-233 -268 6 2
-234 -267 5 1
-235 -267 5 1
-232 -272 4 1
-232 -272 5 1
-232 -272 6 2
-231 -272 4 1
-234 -270 2 1
-234 -270 3 1
-234 -269 2 1
-234 -269 3 2
-203 -286 9 2
-204 -286 10 1
-204 -286 8 1
-223 -273 6 2
-237 -263 22 2
-237 -264 22 2
-237 -265 22 2
-237 -266 22 2
-239 -272 22 0
-239 -271 22 0
-238 -271 22 0
-224 -298 26 0
-215 -272 9 1
-220 -269 9 0
-217 -267 8 1
-234 -288 14 0
-233 -288 13 0
-216 -253 38 2
-216 -253 39 2
-216 -253 40 2
-216 -252 17 2
-216 -252 19 2
-216 -252 20 2
-216 -252 21 2
-216 -252 22 2
-216 -252 23 2
-216 -252 24 2
-220 -256 0 1
-220 -256 1 2
-220 -256 2 1
-239 -271 13 2
-234 -266 11 1
-234 -265 11 2
-234 -265 12 1
-240 -268 11 0
-235 -269 12 0
-236 -267 29 1
-236 -267 30 0
-235 -266 30 0
-235 -265 30 0
-231 -266 3 2
-232 -264 3 2
-232 -264 2 1
-232 -265 4 2
-232 -265 3 2
-235 -290 11 1
-241 -296 9 1
-225 -295 16 0
-223 -296 16 0
-246 -284 20 0
-249 -256 12 0
-241 -255 9 0
-244 -280 20 0
-245 -287 19 0
-238 -282 20 1
-230 -260 2 1
-205 -260 41 0
-243 -288 6 1
-242 -262 19 0
-233 -300 17 0
-246 -259 18 0
-247 -259 19 0
-242 -258 17 2
-241 -258 18 2
-244 -261 17 0
-245 -262 18 0
-245 -263 18 0
-245 -257 17 0
-246 -255 18 0
-242 -260 16 0
-241 -260 17 2
-240 -260 17 2
-240 -261 18 2
-247 -261 17 0
-243 -258 16 2
-242 -256 17 2
-203 -278 6 1
-243 -262 16 0
-242 -264 17 0
-246 -258 16 0
-247 -257 16 0
-242 -259 16 2
-226 -283 11 1
-236 -296 17 0
-250 -271 14 1
-250 -252 11 0
-249 -254 12 0
-250 -253 13 0
-250 -254 15 0
-250 -252 15 0
-249 -255 17 0
-250 -251 17 0
-247 -253 17 0
-234 -277 14 0
-233 -279 16 0
-236 -276 15 0
-229 -273 17 0
-237 -277 17 1
-234 -282 17 1
-235 -282 17 1
-236 -282 17 1
-227 -276 19 0
-236 -274 19 0
-236 -275 19 0
-211 -259 41 0
-212 -261 38 0
-211 -255 38 2
-211 -257 44 0
-210 -257 45 0
-210 -257 46 0
-210 -257 47 0
-212 -258 46 0
-213 -258 47 0
-211 -255 45 0
-211 -255 46 0
-219 -264 7 0
-220 -265 8 0
-216 -267 6 2
-216 -267 7 2
-216 -267 8 2
-216 -265 6 1
-216 -265 8 1
-212 -256 22 2
-245 -259 27 0
-245 -262 28 0
-244 -260 29 0
-243 -260 29 0
-242 -255 29 0
-245 -264 30 0
-245 -258 30 0
-243 -259 30 0
-244 -261 31 0
-243 -257 31 0
-242 -258 33 0
-241 -260 33 0
-230 -276 23 0
-237 -275 22 2
-236 -254 14 1
-245 -275 11 0
-217 -283 3 1
-206 -275 11 0
-237 -287 12 0
-239 -251 30 0
-241 -257 29 0
-236 -253 28 0
-212 -251 35 2
-236 -252 29 0
-205 -280 16 0
-210 -280 6 1
-238 -269 11 0
-235 -271 9 0
-235 -272 10 0
-235 -273 10 1
-237 -267 10 1
-237 -267 11 1
-237 -265 9 2
-206 -278 8 2
-205 -278 7 1
-207 -251 19 2
-212 -251 18 2
-233 -277 16 0
-234 -277 16 1
-234 -278 18 1
-234 -278 17 1
-225 -300 10 1
-225 -300 11 1
-204 -271 16 0
-225 -300 12 1
-225 -298 12 1
-222 -260 0 1
-236 -252 20 0
-236 -256 20 2
-236 -257 20 2
-206 -264 9 0
-206 -259 7 0
-206 -258 8 0
-207 -256 9 1
-207 -261 7 0
-215 -253 45 0
-214 -253 46 0
-238 -296 20 0
-238 -297 21 0
-227 -266 19 0
-230 -261 20 0
-223 -264 20 0
-224 -263 20 0
-222 -260 21 0
-223 -260 21 0
-205 -263 34 0
-217 -264 4 1
-216 -264 5 1
-215 -263 5 1
-217 -259 5 1
-214 -267 5 1
-214 -266 5 1
-214 -265 5 1
-239 -251 0 1
-214 -257 5 2
-214 -254 25 2
-214 -254 26 2
-214 -254 27 2
-214 -254 28 2
-214 -254 29 2
-214 -254 30 2
-214 -254 31 2
-214 -254 32 2
-214 -254 33 2
-214 -254 34 2
-214 -254 35 2
-214 -254 36 2
-214 -254 37 2
-214 -254 38 2
-214 -253 15 2
-214 -253 17 2
-214 -253 18 2
-214 -253 19 2
-214 -253 20 2
-214 -253 21 2
-214 -253 22 2
-214 -253 23 2
-214 -253 24 2
-214 -253 25 2
-214 -253 26 2
-214 -253 27 2
-214 -253 28 2
-214 -253 29 2
-214 -253 30 2
-214 -253 31 2
-214 -253 32 2
-214 -253 33 2
-214 -253 34 2
-214 -253 35 2
-214 -253 36 2
-214 -253 37 2
-214 -252 9 2
-239 -283 16 2
-245 -284 17 0
-229 -260 24 0
-204 -258 12 0
-204 -262 12 0
-201 -258 12 0
-202 -259 13 0
-203 -255 12 0
-206 -254 6 2
-206 -254 5 1
-206 -254 4 1
-206 -255 6 2
-206 -255 5 2
-206 -255 4 1
-241 -281 4 1
-245 -273 6 1
-242 -278 7 1
-241 -282 8 2
-241 -282 7 1
-241 -282 6 1
-242 -282 8 2
-242 -282 7 2
-223 -293 23 0
-223 -293 22 0
-223 -293 21 0
-223 -293 20 0
-224 -293 19 0
-215 -261 10 0
-214 -261 9 0
-228 -257 18 1
-228 -257 17 2
-213 -258 39 0
-213 -257 39 0
-211 -261 39 0
-210 -256 45 0
-210 -255 46 0
-209 -260 45 0
-208 -260 46 0
-212 -258 43 0
-213 -257 45 0
-215 -260 44 0
-209 -254 43 0
-208 -254 44 0
-213 -256 43 0
-215 -255 43 0
-205 -257 43 0
-211 -256 42 0
-211 -255 42 0
-211 -254 42 0
-211 -253 42 0
-214 -258 42 0
-215 -258 41 0
-203 -281 12 0
-202 -281 12 0
-201 -281 12 0
-246 -273 10 2
-245 -275 8 1
-245 -275 9 1
-245 -275 10 1
-229 -278 10 1
-227 -275 11 0
-228 -271 12 0
-219 -251 38 2
-228 -272 12 0
-227 -278 13 0
-217 -265 5 1
-250 -277 6 1
-233 -286 15 1
-203 -258 31 0
-235 -255 19 0
-235 -255 18 0
-234 -256 17 0
-238 -255 18 2
-239 -255 17 2
-236 -253 17 0
-203 -257 13 0
-206 -257 13 0
-201 -262 14 0
-202 -261 14 0
-204 -255 14 0
-204 -256 14 0
-204 -257 14 0
-202 -259 15 0
-208 -257 15 0
-207 -258 15 0
-201 -259 38 0
-209 -251 5 1
-209 -251 6 1
-235 -252 16 0
-232 -259 17 0
-233 -254 17 0
-232 -256 17 0
-227 -266 30 0
-226 -260 31 0
-233 -266 27 0
-234 -266 27 0
-240 -267 28 0
-239 -268 27 0
-238 -268 25 1
-235 -271 28 0
-235 -270 27 0
-237 -259 14 2
-237 -258 14 2
-236 -257 15 2
-215 -293 16 0
-217 -294 15 0
-217 -293 15 0
-231 -252 15 1
-233 -256 16 0
-231 -254 16 0
-234 -254 18 0
-202 -260 30 0
-201 -262 30 0
-201 -263 29 0
-219 -288 19 0
-246 -284 8 1
-245 -283 10 0
-244 -283 10 0
-248 -286 8 0
-248 -287 9 0
-213 -256 6 2
-246 -283 7 1
-245 -283 5 2
-231 -262 24 0
-245 -283 7 2
-230 -262 26 0
-231 -264 25 0
-244 -281 5 2
-227 -264 27 0
-232 -263 27 0
-248 -283 5 1
-225 -262 27 0
-222 -281 7 1
-224 -251 41 0
-222 -251 40 0
-205 -260 18 0
-204 -260 21 0
-205 -257 20 0
-204 -262 19 0
-203 -262 20 0
-217 -253 16 0
-218 -254 15 0
-237 -257 5 1
-215 -275 9 0
-217 -277 9 0
-223 -279 9 1
-205 -296 11 1
-204 -296 11 1
-204 -297 10 2
-204 -297 9 2
-204 -297 8 1
-204 -298 10 1
-204 -298 9 2
-204 -298 8 1
-204 -299 10 1
-204 -299 9 2
-204 -299 8 1
-205 -297 10 1
-205 -297 9 2
-205 -297 8 1
-205 -298 10 1
-205 -298 8 1
-203 -274 9 0
-203 -296 15 1
-202 -298 15 1
-202 -298 16 1
-205 -293 14 0
-206 -292 14 0
-207 -292 15 0
-208 -291 15 0
-205 -296 14 0
-206 -297 14 0
-207 -298 14 0
-204 -291 14 0
-206 -256 42 0
-205 -260 40 0
-207 -261 39 0
-202 -260 40 0
-208 -260 39 2
-214 -260 1 1
-220 -267 9 0
-233 -252 7 0
-234 -253 8 0
-240 -265 18 0
-233 -265 19 0
-216 -251 38 2
-216 -251 39 2
-219 -252 38 0
-218 -252 39 2
-215 -253 39 2
-234 -274 10 1
-239 -276 11 1
-218 -255 39 0
-218 -254 40 0
-218 -254 41 0
-250 -255 1 2
-214 -251 40 0
-221 -251 40 0
-219 -251 41 0
-218 -251 42 0
-202 -292 11 0
-202 -289 11 0
-203 -289 11 1
-205 -288 8 1
-205 -288 9 2
-205 -288 10 1
-204 -288 8 1
-231 -266 2 2
-248 -267 11 1
-214 -266 12 0
-218 -260 12 0
-219 -260 12 0
-215 -272 12 0
-215 -272 13 0
-215 -272 14 0
-217 -273 12 0
-208 -299 14 0
-249 -259 2 2
-250 -260 1 1
-222 -255 1 1
-209 -262 12 0
-209 -266 11 0
-210 -266 12 0
-210 -265 12 0
-210 -258 11 1
-208 -263 13 0
-209 -263 13 0
-211 -268 13 0
-208 -297 15 0
-207 -299 8 1
-214 -293 11 1
-214 -292 10 1
-214 -292 11 2
-214 -292 12 1
-214 -291 10 1
-208 -261 17 0
-210 -262 15 0
-209 -265 13 0
-210 -264 13 0
-202 -283 14 0
-201 -282 14 0
-240 -278 8 1
-220 -278 4 1
-220 -278 3 2
-220 -278 2 1
-220 -279 3 2
-220 -279 2 1
-219 -277 5 1
-220 -279 4 1
-219 -278 5 1
-222 -277 7 1
-222 -277 5 2
-249 -279 9 0
-249 -280 10 0
-221 -273 2 1
-221 -274 2 1
-224 -277 7 1
-224 -277 6 2
-224 -277 5 1
-224 -278 7 1
-224 -278 6 1
-224 -278 5 1
-224 -279 6 1
-224 -279 5 1
-223 -278 6 2
-230 -272 16 0
-230 -271 16 0
-234 -274 15 0
-235 -273 16 0
-236 -273 16 0
-235 -280 15 1
-228 -294 14 1
-237 -264 32 0
-230 -251 14 1
-210 -300 14 0
-228 -300 14 1
-248 -281 5 2
-247 -280 5 2
-216 -277 10 0
-222 -278 10 1
-238 -272 2 1
-205 -263 3 2
-205 -263 2 2
-213 -294 13 0
-217 -296 9 1
-217 -297 9 1
-233 -294 10 1
-233 -273 11 0
-228 -267 11 0
-245 -282 9 1
-248 -286 7 0
-241 -261 31 0
-234 -263 31 1
-233 -263 31 0
-226 -265 29 0
-227 -257 31 0
-223 -287 14 1
-224 -287 15 0
-229 -283 14 0
-226 -290 15 0
-223 -283 15 0
-243 -251 1 2
-244 -252 0 1
-244 -252 1 2
-244 -252 2 2
-229 -253 5 1
-230 -251 5 1
-230 -252 5 2
-230 -253 5 1
-231 -251 5 1
-231 -252 5 1
-234 -256 5 1
-236 -258 5 1
-234 -253 2 2
-237 -251 24 0
-216 -265 11 0
-236 -257 22 2
-236 -256 22 2
-235 -257 22 2
-235 -257 23 2
-235 -255 22 1
-235 -255 23 2
-234 -257 22 1
-234 -257 23 1
-234 -256 22 1
-234 -256 23 1
-226 -267 1 1
-226 -267 2 2
-226 -266 1 1
-228 -278 15 0
-228 -277 15 0
-226 -265 1 1
-225 -267 1 1
-222 -284 4 1
-222 -284 5 1
-222 -283 4 1
-231 -261 10 1
-231 -261 11 2
-231 -261 12 2
-231 -260 12 2
-229 -258 13 2
-229 -258 14 2
-230 -260 11 1
-234 -261 9 1
-233 -261 9 1
-232 -261 9 2
-228 -262 10 0
-231 -261 9 2
-228 -260 8 1
-233 -261 8 1
-233 -260 8 1
-232 -261 8 2
-232 -260 8 2
-232 -259 8 1
-231 -261 8 2
-231 -260 8 2
-231 -259 8 1
-232 -298 11 1
-232 -299 13 1
-232 -299 12 1
-232 -299 11 1
-232 -300 13 2
-232 -300 12 1
-232 -300 11 1
-231 -299 12 2
-238 -298 22 0
-235 -292 21 0
-241 -293 22 0
-236 -275 7 1
-204 -261 4 1
-233 -265 18 0
-234 -266 18 0
-239 -267 19 0
-202 -256 5 0
-242 -279 12 0
-229 -270 15 0
-226 -274 14 0
-213 -258 1 1
-213 -257 1 1
-213 -257 2 1
-213 -255 5 1
-213 -255 6 1
-212 -255 5 1
-212 -255 6 1
-215 -255 4 1
-208 -279 6 1
-208 -279 7 1
-215 -271 2 1
-215 -271 3 1
-214 -271 2 1
-231 -280 16 0
-232 -280 16 0
-233 -280 16 0
-240 -269 32 0
-236 -268 30 0
-235 -268 31 0
-237 -269 28 1
-250 -254 0 1
-208 -281 11 0
-238 -253 19 0
-237 -257 19 2
-234 -251 19 0
-235 -252 19 0
-242 -254 19 0
-240 -258 20 2
-239 -257 20 2
-234 -254 20 0
-235 -259 21 2
-235 -251 21 0
-239 -280 4 1
-240 -278 6 1
-240 -278 5 1
-240 -278 4 2
-240 -279 6 1
-240 -279 5 1
-240 -279 4 1
-240 -280 6 1
-235 -258 22 2
-236 -257 23 2
-236 -252 23 0
-237 -253 24 0
-241 -257 22 2
-240 -257 23 2
-232 -255 23 0
-241 -288 8 1
-246 -288 7 1
-201 -262 29 0
-203 -285 15 0
-204 -285 15 0
-202 -264 27 0
-201 -260 29 0
-201 -259 27 0
-202 -282 14 0
-203 -287 13 0
-207 -295 15 0
-206 -287 10 1
-206 -287 9 2
-206 -287 8 1
-206 -288 10 1
-206 -288 9 2
-206 -288 8 1
-209 -285 13 0
-207 -289 11 1
-206 -289 11 1
-205 -289 11 1
-204 -289 11 1
-215 -295 16 0
-206 -287 13 0
-205 -287 12 0
-204 -288 12 0
-201 -292 12 0
-206 -291 14 0
-202 -288 14 0
-223 -300 20 0
-224 -300 22 0
-221 -262 10 0
-223 -266 11 0
-222 -266 10 0
-222 -266 9 0
-227 -254 16 1
-227 -254 15 1
-235 -273 24 0
-235 -272 24 0
-236 -271 24 0
-212 -276 7 0
-204 -296 17 0
-201 -299 14 1
-235 -275 16 0
-236 -272 15 0
-229 -273 15 0
-236 -278 15 1
-207 -282 17 0
-213 -255 42 0
-209 -253 42 0
-217 -256 42 0
-216 -256 42 0
-215 -256 42 0
-214 -256 42 0
-213 -256 42 0
-206 -261 16 0
-250 -270 15 1
-250 -269 14 1
-250 -269 15 1
-250 -268 14 1
-250 -268 15 1
-249 -270 15 1
-232 -261 18 2
-232 -261 19 2
-232 -261 20 2
-232 -261 21 2
-232 -261 22 2
-232 -261 23 2
-232 -261 24 2
-232 -260 16 2
-227 -265 5 0
-228 -265 3 1
-226 -264 1 1
-226 -263 1 1
-226 -262 1 1
-226 -262 2 2
-226 -262 3 1
-225 -264 1 1
-224 -264 1 1
-216 -258 16 0
-215 -258 16 0
-238 -270 6 1
-233 -273 4 1
-233 -274 4 1
-202 -256 34 0
-206 -267 10 0
-208 -289 14 0
-239 -253 1 2
-239 -253 2 1
-239 -253 3 2
-245 -282 2 1
-245 -281 2 1
-250 -272 10 2
-245 -281 4 1
-245 -268 5 1
-245 -267 5 1
-245 -268 4 1
-245 -267 4 1
-233 -299 22 0
-245 -266 4 1
-238 -274 14 0
-247 -267 2 1
-245 -268 3 1
-236 -276 13 0
-246 -265 7 2
-245 -265 6 1
-245 -264 6 1
-248 -261 8 0
-216 -254 13 1
-223 -299 17 0
-218 -294 16 0
-217 -260 3 1
-217 -260 2 2
-217 -260 1 1
-217 -261 2 2
-217 -261 1 1
-240 -274 3 2
-240 -273 2 2
-240 -273 4 2
-240 -272 2 1
-240 -272 3 1
-205 -276 10 0
-204 -276 10 0
-201 -259 39 0
-212 -280 7 2
-212 -279 5 1
-212 -279 6 2
-212 -279 7 1
-214 -278 7 1
-212 -275 6 1
-212 -275 5 1
-203 -257 35 0
-201 -258 39 0
-203 -259 37 0
-230 -268 9 0
-227 -267 7 0
-223 -267 8 0
-227 -263 9 0
-227 -264 8 0
-226 -265 8 0
-226 -270 9 1
-226 -269 8 1
-226 -268 8 0
-217 -278 3 2
-217 -278 4 1
-217 -277 2 1
-217 -277 3 2
-217 -276 2 1
-204 -259 7 0
-203 -259 9 0
-201 -261 3 1
-201 -261 2 1
-202 -256 3 2
-201 -256 4 1
-204 -270 13 0
-206 -273 15 0
-203 -272 15 0
-237 -284 23 1
-237 -283 23 2
-237 -282 21 2
-237 -282 22 1
-237 -282 23 1
-236 -284 21 2
-236 -284 22 2
-236 -284 23 1
-238 -294 10 2
-238 -294 11 1
-238 -293 9 1
-238 -293 10 1
-238 -293 11 1
-243 -256 1 1
-212 -276 9 0
-243 -275 4 1
-244 -277 4 1
-223 -251 14 1
-223 -251 13 2
-237 -266 14 2
-235 -264 14 2
-203 -270 5 1
-212 -255 47 0
-212 -255 46 0
-212 -255 45 0
-212 -269 9 1
-211 -269 9 1
-219 -266 9 0
-220 -266 9 0
-201 -290 14 0
-207 -259 4 1
-238 -256 27 2
-237 -256 26 2
-237 -256 32 0
-223 -286 14 1
-236 -279 15 1
-236 -280 15 1
-232 -281 16 0
-229 -274 16 0
-230 -272 19 0
-228 -299 13 1
-234 -273 20 0
-234 -274 19 0
-233 -275 18 0
-224 -288 17 0
-235 -280 16 1
-236 -280 16 1
-240 -254 27 0
-235 -251 28 0
-236 -252 28 0
-236 -252 27 0
-236 -253 27 0
-201 -272 15 0
-244 -286 14 0
-244 -285 14 0
-244 -285 15 0
-243 -289 13 0
-242 -289 14 0
-246 -287 13 0
-235 -281 29 0
-235 -281 28 0
-234 -283 31 0
-236 -280 24 1
-234 -283 29 1
-234 -283 28 1
-234 -283 27 1
-235 -283 28 1
-235 -283 27 1
-235 -284 29 1
-235 -285 29 1
-235 -285 28 2
-235 -284 28 2
-236 -281 30 0
-236 -281 29 0
-236 -282 27 0
-235 -283 31 0
-235 -283 30 0
-235 -283 29 1
-235 -287 23 0
-235 -286 23 0
-235 -281 26 1
-235 -281 24 1
-235 -282 26 1
-235 -282 24 2
-236 -281 25 2
-236 -281 24 1
-234 -283 24 1
-201 -292 9 2
-201 -292 8 1
-201 -256 8 0
-202 -257 11 0
-202 -257 10 0
-204 -260 12 0
-240 -272 28 0
-239 -271 28 0
-232 -267 28 0
-233 -267 28 0
-237 -266 23 2
-220 -261 13 0
-220 -259 11 0
-219 -263 12 0
-222 -261 11 0
-223 -258 11 1
-223 -257 11 1
-219 -261 9 0
-224 -252 17 1
-224 -252 16 1
-210 -298 11 2
-242 -277 11 0
-242 -276 10 0
-240 -276 13 0
-240 -276 12 0
-239 -275 2 1
-243 -276 3 1
-242 -275 6 1
-231 -267 4 1
-229 -266 2 2
-236 -251 21 0
-240 -253 20 0
-234 -252 19 0
-233 -252 20 0
-238 -251 19 0
-208 -269 10 0
-243 -270 8 1
-242 -273 10 0
-242 -272 13 0
-242 -272 12 0
-245 -269 8 1
-243 -273 12 0
-237 -274 12 0
-234 -269 13 0
-241 -272 10 0
-230 -258 19 0
-229 -254 16 1
-229 -254 17 1
-228 -254 17 2
-227 -254 17 1
-230 -256 16 1
-235 -273 12 0
-233 -272 13 0
-235 -275 13 0
-228 -274 13 0
-230 -270 13 0
-232 -272 14 0
-234 -269 14 0
-234 -270 14 0
-235 -276 15 0
-230 -273 15 0
-237 -271 15 0
-236 -275 16 0
-236 -275 15 0
-235 -271 16 0
-234 -272 15 0
-231 -272 17 0
-206 -281 8 1
-201 -262 26 0
-217 -274 10 0
-247 -251 4 0
-249 -252 5 0
-250 -252 6 0
-220 -269 11 0
-219 -273 11 0
-244 -255 5 2
-211 -273 12 0
-217 -277 4 1
-217 -277 5 0
-217 -278 6 1
-217 -278 7 0
-228 -262 26 0
-227 -262 25 0
-231 -261 26 2
-238 -253 5 1
-237 -255 5 2
-237 -254 5 1
-237 -253 5 1
-236 -253 6 0
-235 -253 5 1
-210 -251 36 2
-212 -287 9 1
-211 -287 9 1
-210 -287 9 1
-233 -266 9 1
-245 -284 2 1
-245 -284 3 2
-245 -284 4 2
-204 -264 1 1
-204 -264 3 1
-207 -261 1 1
-245 -255 2 2
-242 -273 2 2
-242 -273 1 1
-242 -274 1 1
-242 -275 1 1
-243 -273 2 2
-243 -273 1 1
-243 -274 3 1
-243 -274 1 1
-209 -251 18 2
-212 -251 19 2
-236 -264 30 0
-202 -277 13 0
-206 -282 13 0
-231 -268 8 0
-231 -269 10 0
-232 -269 11 0
-220 -283 8 1
-219 -279 7 0
-219 -279 8 0
-221 -280 5 1
-221 -280 6 1
-208 -282 15 0
-211 -283 9 1
-211 -283 10 1
-211 -283 11 1
-233 -257 18 0
-240 -254 18 2
-241 -254 18 0
-242 -254 18 0
-235 -252 18 0
-237 -258 17 2
-237 -259 17 2
-239 -251 17 0
-244 -284 13 0
-240 -278 13 0
-237 -260 14 2
-237 -260 15 2
-237 -260 16 2
-237 -260 18 2
-237 -260 19 2
-237 -260 20 2
-226 -257 1 1
-226 -258 2 2
-226 -258 1 1
-226 -259 1 1
-223 -261 4 0
-221 -258 5 1
-222 -258 5 1
-222 -259 5 1
-225 -258 3 1
-226 -258 3 1
-227 -258 3 1
-211 -255 25 2
-242 -265 7 2
-225 -252 6 1
-226 -252 6 1
-247 -267 15 0
-250 -266 16 0
-249 -269 16 1
-217 -251 42 0
-216 -253 42 0
-215 -258 42 0
-205 -271 7 0
-203 -275 8 1
-203 -275 7 2
-203 -277 7 1
-204 -275 7 1
-208 -261 1 1
-209 -260 2 2
-216 -282 9 1
-216 -283 11 1
-216 -283 10 1
-216 -283 9 1
-216 -284 11 1
-216 -284 10 1
-216 -284 9 1
-217 -282 11 1
-217 -282 10 1
-217 -282 9 1
-217 -283 11 2
-217 -283 9 1
-217 -284 11 1
-217 -284 10 1
-217 -284 9 1
-217 -283 10 2
-225 -278 10 1
-224 -279 10 1
-218 -279 11 0
-221 -281 11 0
-218 -283 12 1
-218 -284 12 1
-218 -285 12 1
-218 -285 11 1
-218 -285 10 1
-221 -292 15 0
-238 -251 8 0
-221 -294 15 0
-248 -267 3 1
-247 -266 4 2
-249 -262 5 0
-250 -263 5 0
-249 -265 6 0
-248 -265 2 2
-249 -269 6 2
-238 -259 10 1
-233 -258 15 1
-233 -259 15 2
-234 -257 15 1
-202 -265 14 0
-201 -266 13 0
-202 -265 15 0
-201 -265 14 0
-203 -267 14 0
-201 -265 15 0
-201 -266 15 0
-201 -267 15 0
-201 -294 21 0
-201 -298 22 0
-203 -267 15 0
-203 -268 14 0
-202 -268 14 0
-203 -271 15 0
-237 -261 26 2
-236 -261 27 2
-235 -261 26 2
-235 -261 27 2
-206 -274 9 1
-224 -300 19 0
-222 -300 17 0
-210 -271 8 1
-236 -260 33 1
-207 -290 17 0
-250 -253 12 0
-238 -287 25 0
-238 -288 25 0
-238 -289 24 0
-236 -286 24 0
-235 -288 23 0
-238 -286 23 0
-236 -284 30 0
-242 -264 34 0
-210 -278 4 1
-212 -270 3 1
-212 -270 4 1
-207 -273 5 2
-207 -273 4 1
-207 -273 3 1
-207 -274 5 2
-209 -267 4 1
-209 -267 5 1
-202 -253 26 2
-202 -253 27 2
-202 -253 28 2
-228 -263 30 0
-226 -262 30 0
-225 -259 29 0
-201 -258 17 0
-203 -259 15 0
-206 -259 16 0
-202 -262 17 0
-203 -261 17 0
-203 -257 18 0
-203 -258 18 0
-202 -260 19 0
-204 -259 10 0
-247 -276 6 1
-244 -276 6 1
-206 -269 5 2
-211 -258 3 1
-233 -285 12 1
-233 -284 10 1
-233 -284 12 1
-233 -283 10 1
-237 -264 14 2
-239 -265 12 2
-238 -268 11 0
-240 -268 10 1
-239 -267 8 1
-232 -284 11 1
-218 -295 18 0
-218 -294 19 0
-220 -297 16 0
-232 -283 12 1
-229 -289 11 2
-230 -290 10 1
-230 -290 11 1
-230 -290 12 1
-230 -289 10 1
-230 -289 11 1
-230 -289 12 1
-230 -288 10 1
-230 -288 11 1
-230 -288 12 1
-229 -290 10 1
-212 -283 10 1
-212 -284 9 1
-235 -251 2 1
-204 -261 9 0
-233 -251 0 1
-233 -251 1 2
-233 -251 2 1
-232 -251 0 1
-232 -251 1 1
-232 -251 2 1
-246 -253 15 0
-247 -255 18 0
-244 -254 19 0
-245 -254 18 0
-245 -254 17 0
-215 -252 40 0
-215 -252 39 2
-223 -289 19 0
-222 -287 19 0
-222 -286 20 0
-225 -290 19 0
-227 -289 19 0
-205 -251 15 2
-205 -251 16 2
-235 -267 13 1
-239 -269 12 0
-235 -254 11 1
-234 -255 9 0
-237 -254 10 1
-238 -254 9 2
-235 -253 8 0
-241 -276 13 0
-243 -257 13 2
-242 -263 14 0
-246 -257 13 0
-242 -258 13 2
-241 -258 13 2
-240 -258 13 2
-246 -261 13 0
-246 -262 13 0
-247 -263 13 0
-248 -259 12 0
-249 -259 12 0
-243 -264 11 2
-242 -271 12 0
-240 -265 3 1
-240 -265 2 1
-240 -266 2 1
-245 -262 8 0
-245 -263 8 1
-241 -260 7 1
-241 -260 8 1
-240 -260 7 2
-240 -260 8 2
-247 -260 8 0
-243 -260 8 0
-243 -261 7 0
-242 -262 7 0
-246 -261 6 0
-241 -260 4 1
-241 -260 5 1
-241 -259 4 1
-246 -259 6 0
-219 -254 15 1
-219 -253 15 1
-223 -255 15 1
-223 -255 14 2
-224 -255 15 1
-224 -255 14 1
-225 -255 16 1
-225 -255 15 1
-225 -255 14 1
-216 -252 15 2
-217 -252 15 2
-218 -252 15 0
-218 -252 16 0
-221 -257 15 1
-221 -256 15 1
-220 -255 16 1
-220 -254 16 0
-220 -253 16 0
-223 -300 19 0
-242 -260 34 0
-240 -256 34 0
-243 -258 33 0
-242 -255 32 0
-243 -257 30 0
-245 -259 29 0
-243 -255 28 0
-238 -260 25 2
-246 -281 4 2
-248 -277 4 1
-238 -259 34 0
-239 -256 34 0
-236 -257 33 1
-244 -256 30 0
-219 -260 9 0
-247 -260 1 2
-247 -260 2 1
-247 -260 3 1
-205 -262 10 0
-205 -261 9 0
-209 -253 8 1
-247 -282 14 0
-247 -282 15 0
-246 -278 14 0
-246 -278 15 0
-249 -281 13 0
-250 -283 14 0
-245 -281 13 0
-247 -276 13 1
-247 -275 13 1
-248 -282 12 0
-247 -284 13 0
-247 -279 12 0
-246 -279 12 0
-221 -251 43 0
-222 -251 42 0
-223 -251 42 0
-246 -277 11 0
-249 -282 11 0
-249 -283 11 0
-249 -284 10 0
-227 -288 17 2
-214 -271 8 2
-218 -267 9 0
-211 -270 9 1
-213 -269 9 1
-242 -253 4 1
-242 -253 3 1
-242 -253 2 2
-239 -281 5 1
-239 -281 4 1
-240 -281 6 1
-203 -278 8 2
-235 -289 11 0
-210 -281 11 0
-211 -281 13 0
-211 -282 14 0
-219 -265 1 1
-235 -268 12 1
-224 -297 11 2
-241 -261 30 0
-240 -261 30 0
-245 -254 7 1
-238 -256 30 0
-236 -253 8 0
-231 -259 31 1
-231 -259 30 1
-231 -260 32 1
-235 -254 10 1
-237 -251 8 0
-237 -252 10 0
-236 -255 10 1
-236 -255 9 1
-210 -271 2 1
-210 -270 2 1
-210 -269 2 1
-210 -269 3 1
-210 -269 4 1
-237 -258 25 2
-201 -292 15 0
-202 -293 16 0
-239 -260 27 2
-228 -264 28 0
-227 -261 27 0
-231 -265 26 0
-227 -262 26 0
-229 -261 25 0
-206 -257 11 0
-202 -254 14 1
-234 -253 1 2
-234 -253 0 1
-235 -253 1 2
-234 -257 3 1
-236 -254 4 1
-234 -254 5 1
-231 -253 3 1
-231 -255 3 1
-232 -253 3 1
-233 -253 3 1
-228 -262 34 0
-230 -263 33 0
-228 -263 31 0
-228 -264 32 0
-226 -260 33 0
-230 -266 32 0
-227 -263 31 0
-241 -252 7 2
-241 -251 5 1
-241 -251 6 1
-241 -251 7 1
-247 -275 8 1
-247 -275 9 1
-247 -275 10 1
-247 -274 8 1
-247 -274 9 1
-247 -274 10 1
-247 -273 8 2
-247 -273 9 1
-247 -273 10 2
-246 -275 8 1
-246 -275 9 1
-246 -275 10 1
-240 -252 5 2
-241 -253 4 1
-223 -263 25 0
-250 -253 11 0
-230 -278 15 0
-229 -275 14 0
-238 -258 9 1
-239 -256 9 0
-231 -257 12 1
-210 -259 31 2
-210 -259 32 2
-210 -259 33 2
-210 -259 34 2
-210 -259 35 2
-210 -259 36 2
-210 -258 18 2
-210 -258 19 2
-210 -258 20 2
-210 -258 21 2
-210 -258 22 2
-210 -258 23 2
-210 -258 24 2
-210 -258 25 2
-210 -258 26 2
-210 -258 27 2
-210 -256 17 2
-210 -256 19 2
-210 -256 20 2
-210 -256 21 2
-210 -256 22 2
-210 -256 23 2
-210 -256 27 2
-210 -256 28 2
-210 -256 29 2
-210 -256 30 2
-210 -256 31 2
-204 -280 10 1
-230 -265 24 0
-228 -258 24 0
-228 -257 24 0
-228 -256 24 0
-225 -263 24 0
-224 -264 24 0
-223 -264 24 0
-230 -261 24 0
-224 -258 23 0
-208 -268 10 0
-204 -273 9 0
-242 -271 13 0
-244 -267 4 1
-244 -267 5 1
-244 -267 6 1
-242 -268 4 1
-241 -269 4 0
-243 -263 10 1
-240 -261 8 2
-239 -261 8 1
-238 -261 7 1
-238 -261 8 1
-237 -262 8 1
-240 -260 6 1
-239 -260 6 1
-239 -259 6 1
-239 -258 6 1
-242 -261 6 0
-240 -263 15 0
-242 -261 8 0
-247 -260 11 0
-249 -257 14 0
-250 -259 12 0
-249 -258 12 0
-250 -258 12 0
-248 -255 11 0
-250 -256 10 0
-250 -257 12 0
-244 -276 14 0
-212 -280 3 1
-225 -251 22 0
-222 -251 19 0
-206 -280 11 0
-207 -279 10 0
-219 -268 6 1
-207 -264 7 1
-226 -299 22 0
-223 -298 21 0
-219 -273 8 1
-220 -273 8 1
-221 -273 8 1
-214 -297 13 0
-244 -275 9 0
-245 -280 10 0
-239 -277 10 1
-247 -276 10 1
-246 -276 10 0
-242 -282 11 1
-247 -280 11 0
-239 -279 12 0
-240 -279 11 0
-245 -274 12 1
-244 -276 11 0
-234 -268 5 1
-234 -269 6 2
-234 -269 5 2
-233 -267 3 2
-234 -267 3 2
-236 -268 5 2
-231 -273 4 1
-238 -252 22 0
-238 -253 22 0
-238 -258 22 2
-238 -257 23 2
-238 -256 24 2
-234 -253 22 0
-234 -254 23 1
-236 -254 24 1
-240 -254 23 0
-239 -254 24 0
-235 -259 23 2
-235 -258 23 2
-236 -257 24 2
-236 -251 23 0
-236 -273 27 0
-239 -280 14 0
-239 -282 28 1
-243 -288 15 0
-238 -284 30 0
-238 -288 22 0
-239 -287 23 0
-235 -285 25 1
-242 -282 26 0
-245 -282 22 0
-240 -288 22 0
-249 -274 13 2
-249 -274 12 2
-250 -273 12 1
-250 -274 14 2
-250 -274 13 2
-242 -258 7 2
-243 -257 9 2
-243 -258 9 1
-243 -258 8 1
-243 -258 7 1
-244 -257 9 1
-240 -251 20 0
-239 -251 20 0
-237 -259 20 2
-237 -257 21 2
-242 -255 21 0
-241 -255 21 0
-240 -255 21 2
-233 -258 21 0
-240 -259 22 2
-239 -258 22 2
-239 -257 22 2
-232 -253 22 0
-233 -254 22 0
-240 -252 22 0
-239 -253 22 0
-235 -251 23 0
-236 -253 22 0
-240 -256 23 2
-234 -254 22 1
-239 -251 24 0
-238 -251 24 0
-234 -253 24 0
-236 -253 18 0
-236 -254 18 0
-214 -276 10 0
-213 -275 10 0
-212 -275 11 0
-212 -275 12 0
-216 -274 10 0
-238 -254 27 0
-238 -254 26 0
-225 -281 20 0
-224 -280 20 0
-224 -280 21 0
-228 -286 21 0
-206 -276 17 0
-227 -281 18 0
-228 -281 19 0
-226 -279 17 0
-233 -281 17 0
-232 -281 17 0
-231 -281 17 0
-230 -281 17 0
-228 -276 17 0
-212 -253 43 0
-241 -251 8 1
-241 -251 9 1
-240 -253 7 1
-240 -253 8 1
-240 -253 9 2
-240 -252 7 2
-240 -252 9 2
-240 -251 7 1
-240 -251 8 1
-240 -251 9 1
-247 -276 11 1
-244 -280 10 0
-239 -282 9 1
-214 -290 9 1
-202 -279 7 1
-227 -280 14 0
-202 -280 7 1
-202 -278 8 2
-229 -279 17 0
-228 -279 18 0
-228 -279 19 0
-228 -279 21 0
-211 -290 17 0
-211 -291 18 0
-210 -290 17 0
-229 -277 21 0
-230 -279 17 0
-206 -300 15 1
-232 -279 19 0
-207 -288 11 1
-208 -288 11 1
-226 -277 20 0
-229 -282 18 0
-242 -277 9 0
-249 -281 4 1
-249 -281 3 2
-249 -281 2 1
-236 -287 25 0
-235 -288 25 0
-239 -289 24 0
-238 -280 22 1
-238 -287 23 0
-237 -288 22 0
-237 -286 20 0
-238 -284 27 1
-238 -284 28 2
-237 -284 29 1
-228 -264 6 0
-230 -265 5 0
-237 -284 30 0
-227 -269 10 0
-240 -285 29 0
-240 -286 30 0
-238 -283 28 1
-238 -282 28 1
-238 -282 29 1
-238 -285 27 1
-237 -286 27 0
-237 -286 28 0
-241 -284 28 0
-232 -255 34 0
-232 -256 33 0
-231 -258 34 0
-231 -258 33 0
-201 -262 13 0
-201 -256 14 0
-233 -272 7 2
-233 -272 9 1
-233 -271 9 1
-235 -289 9 1
-201 -290 13 0
-236 -253 25 0
-242 -255 25 0
-241 -255 25 0
-240 -255 25 0
-241 -290 10 1
-238 -251 26 0
-240 -259 26 2
-232 -254 26 0
-233 -254 26 0
-235 -251 27 0
-236 -253 26 0
-230 -298 26 0
-235 -299 25 0
-235 -298 24 0
-232 -295 24 0
-237 -295 26 0
-232 -298 26 0
-233 -298 25 0
-233 -297 24 0
-202 -279 16 0
-236 -256 24 2
-203 -259 39 0
-203 -258 38 0
-232 -285 17 1
-232 -285 16 1
-232 -285 15 1
-232 -286 17 1
-232 -286 15 2
-232 -287 17 1
-232 -287 16 1
-232 -287 15 1
-249 -257 2 2
-249 -256 3 1
-247 -287 11 0
-201 -261 6 1
-201 -255 10 0
-201 -262 6 2
-201 -262 5 2
-201 -262 4 1
-201 -263 6 2
-201 -263 5 1
-201 -263 4 1
-248 -287 11 0
-244 -281 22 0
-240 -285 20 0
-237 -286 21 0
-244 -286 20 0
-244 -284 5 2
-245 -284 6 1
-246 -284 6 1
-247 -288 7 0
-248 -287 7 0
-221 -254 17 0
-211 -279 11 0
-209 -280 11 0
-210 -264 11 0
-209 -268 10 1
-209 -267 10 1
-209 -266 9 1
-240 -288 27 0
-203 -255 15 0
-236 -282 28 0
-242 -284 28 0
-237 -287 29 0
-201 -255 13 0
-202 -254 13 1
-240 -286 28 0
-205 -261 11 0
-238 -284 29 1
-238 -285 22 0
-201 -257 12 0
-203 -258 10 0
-239 -286 23 0
-240 -287 24 0
-237 -281 25 1
-238 -281 25 1
-236 -288 24 0
-240 -281 24 0
-243 -289 25 0
-242 -287 25 0
-238 -289 26 0
-238 -280 26 0
-238 -281 26 0
-243 -286 26 0
-239 -281 22 1
-243 -289 24 0
-235 -283 26 1
-235 -283 25 2
-235 -283 24 2
-235 -284 26 1
-235 -284 25 2
-235 -284 24 1
-235 -285 26 1
-202 -255 15 0
-235 -285 24 1
-240 -286 25 0
-236 -286 26 0
-242 -281 27 0
-201 -256 11 0
-241 -288 26 0
-237 -283 27 1
-244 -284 28 0
-245 -257 15 0
-245 -256 15 0
-246 -255 16 0
-242 -260 14 0
-241 -260 15 2
-247 -260 15 0
-248 -261 15 0
-243 -257 14 2
-243 -256 14 2
-242 -256 14 2
-242 -255 15 2
-243 -262 14 0
-243 -263 14 0
-242 -264 14 1
-246 -257 14 0
-247 -257 14 0
-244 -255 14 0
-244 -254 14 0
-241 -261 14 0
-241 -262 14 0
-249 -259 13 0
-244 -264 13 1
-238 -260 12 2
-242 -263 11 1
-248 -258 11 0
-243 -259 19 0
-244 -260 16 0
-245 -261 19 0
-244 -258 16 0
-244 -257 18 0
-244 -256 19 0
-243 -260 16 0
-243 -261 17 0
-242 -261 18 0
-245 -259 16 0
-246 -259 17 0
-247 -258 18 0
-244 -261 16 0
-245 -262 17 0
-245 -258 16 0
-214 -254 12 2
-214 -254 11 2
-215 -278 11 0
-213 -275 11 0
-217 -271 12 0
-245 -277 5 2
-218 -274 12 0
-215 -276 12 0
-216 -272 14 0
-216 -272 13 0
-217 -276 14 0
-236 -289 19 0
-219 -251 3 2
-221 -252 5 1
-221 -251 6 1
-219 -253 5 1
-202 -257 18 0
-202 -256 18 0
-204 -255 17 0
-201 -257 15 0
-201 -263 15 0
-206 -255 13 0
-201 -259 14 0
-203 -257 11 0
-204 -259 12 0
-201 -259 17 0
-202 -257 17 0
-203 -263 17 0
-201 -256 15 0
-201 -262 15 0
-202 -257 14 0
-202 -264 13 0
-205 -255 13 0
-202 -256 13 0
-201 -256 12 0
-201 -255 12 0
-201 -258 13 0
-202 -263 8 0
-202 -263 11 0
-202 -264 9 0
-201 -268 11 0
-202 -263 12 0
-202 -264 11 0
-205 -265 8 0
-206 -266 10 0
-241 -296 13 0
-242 -296 13 0
-223 -266 10 0
-224 -267 11 0
-224 -265 8 0
-214 -268 14 0
-201 -252 9 2
-214 -268 13 0
-215 -268 11 0
-205 -258 2 1
-250 -278 2 1
-250 -279 3 2
-233 -264 3 1
-235 -270 2 2
-235 -270 3 1
-235 -269 2 1
-235 -269 3 2
-235 -269 4 1
-235 -268 2 1
-244 -290 8 1
-202 -262 3 2
-208 -272 2 1
-207 -274 2 1
-209 -298 13 0
-222 -284 15 0
-221 -283 16 0
-221 -282 17 0
-220 -286 16 0
-223 -282 14 0
-222 -281 15 0
-222 -280 15 0
-228 -261 27 0
-219 -283 14 1
-224 -281 13 0
-224 -280 13 0
-222 -287 12 1
-202 -254 19 2
-202 -254 20 2
-202 -254 21 2
-202 -254 27 2
-209 -265 1 1
-219 -295 11 1
-209 -265 3 2
-209 -264 1 1
-217 -294 9 1
-217 -294 10 2
-209 -268 7 1
-209 -263 2 2
-209 -263 3 1
-217 -293 11 1
-216 -293 9 1
-216 -293 10 1
-216 -293 11 2
-202 -253 9 2
-238 -293 17 1
-240 -294 18 0
-240 -297 18 0
-215 -293 9 1
-215 -293 10 2
-215 -293 11 2
-217 -298 10 1
-205 -277 6 1
-205 -277 7 1
-205 -277 8 2
-236 -251 27 0
-237 -253 27 0
-240 -258 27 0
-233 -256 27 0
-217 -265 14 0
-210 -298 17 0
-210 -297 17 0
-209 -297 15 0
-203 -295 11 1
-209 -293 12 1
-207 -300 12 1
-207 -299 12 0
-247 -251 8 0
-243 -281 10 1
-244 -254 9 2
-244 -253 9 2
-244 -252 9 1
-243 -254 9 1
-243 -253 9 2
-243 -252 9 2
-242 -254 9 1
-204 -282 12 0
-213 -297 17 0
-202 -280 8 1
-201 -284 17 0
-202 -285 16 0
-203 -285 17 0
-203 -285 18 0
-201 -283 15 0
-237 -260 30 1
-218 -275 3 2
-217 -274 4 2
-219 -278 6 1
-215 -283 6 1
-216 -281 6 1
-216 -282 6 2
-216 -283 6 1
-217 -282 6 2
-217 -283 6 1
-219 -276 12 0
-237 -254 31 0
-234 -294 25 0
-234 -294 26 0
-234 -293 27 0
-234 -297 23 0
-227 -287 9 1
-226 -286 10 2
-228 -288 13 1
-225 -288 12 1
-228 -285 12 1
-228 -285 13 1
-226 -286 17 0
-225 -288 17 0
-236 -270 23 0
-235 -264 25 2
-235 -265 24 2
-235 -266 24 0
-241 -270 25 0
-232 -270 25 0
-233 -269 25 0
-234 -269 24 0
-235 -269 24 0
-239 -264 26 2
-238 -265 25 2
-219 -253 14 1
-201 -258 40 0
-203 -259 38 0
-201 -259 37 0
-220 -251 12 1
-203 -261 37 0
-203 -262 38 0
-204 -258 36 0
-204 -259 36 0
-223 -268 2 2
-204 -260 35 0
-207 -256 10 1
-208 -254 10 2
-208 -255 10 2
-238 -266 25 1
-237 -267 24 0
-238 -272 26 0
-237 -271 25 0
-214 -298 9 1
-205 -261 3 1
-205 -261 2 2
-205 -262 4 1
-205 -262 3 1
-205 -262 2 2
-219 -277 11 0
-215 -277 13 0
-216 -277 12 0
-233 -266 19 0
-213 -262 42 0
-213 -261 42 0
-212 -260 42 0
-236 -263 13 2
-239 -272 15 0
-240 -266 16 1
-235 -266 16 0
-240 -270 17 0
-233 -266 18 0
-214 -259 44 0
-213 -259 43 0
-212 -259 43 0
-207 -259 44 0
-212 -254 45 0
-211 -257 42 0
-211 -262 45 0
-211 -261 44 0
-207 -256 45 0
-208 -256 45 0
-214 -257 46 0
-241 -268 14 0
-237 -263 14 2
-240 -266 15 1
-234 -264 16 0
-240 -270 16 0
-238 -264 17 2
-210 -256 44 0
-212 -259 46 0
-211 -259 45 0
-211 -258 44 0
-209 -258 47 0
-226 -263 27 0
-209 -258 46 0
-210 -258 45 0
-238 -264 16 2
-237 -272 16 0
-233 -266 17 0
-212 -259 37 0
-211 -256 38 2
-240 -267 10 0
-237 -263 13 2
-240 -270 15 0
-239 -269 14 0
-238 -265 15 2
-238 -266 15 2
-209 -256 40 2
-213 -255 40 2
-212 -256 41 0
-211 -256 41 0
-206 -255 41 0
-227 -295 15 1
-228 -294 15 1
-227 -298 15 1
-228 -299 15 1
-228 -299 14 1
-229 -300 14 1
-225 -294 14 1
-224 -300 14 0
-228 -287 10 1
-229 -296 13 2
-230 -297 12 1
-230 -297 13 1
-230 -297 14 1
-230 -296 12 1
-249 -284 7 0
-250 -280 8 1
-215 -259 6 1
-215 -259 5 1
-202 -257 5 0
-204 -286 16 0
-221 -263 7 0
-222 -262 7 0
-223 -262 7 0
-234 -270 30 0
-237 -263 30 1
-237 -264 30 0
-237 -265 30 0
-242 -274 7 0
-241 -274 7 1
-237 -277 5 1
-237 -277 4 1
-241 -266 31 0
-240 -266 31 0
-228 -281 13 0
-234 -290 14 0
-233 -277 14 0
-229 -257 12 2
-220 -253 11 1
-246 -252 13 0
-245 -254 14 0
-209 -252 39 2
-209 -251 36 2
-209 -251 37 2
-209 -251 38 2
-209 -251 39 2
-208 -254 37 2
-208 -254 38 2
-208 -254 39 2
-208 -253 15 2
-208 -253 16 2
-208 -253 17 2
-208 -253 18 2
-208 -253 19 2
-208 -253 20 2
-208 -253 21 2
-208 -253 22 2
-208 -253 23 2
-208 -253 24 2
-208 -253 25 2
-210 -296 18 0
-229 -279 18 0
-213 -295 19 0
-212 -294 18 0
-229 -281 17 0
-230 -281 18 0
-230 -282 18 0
-231 -282 19 0
-232 -282 19 0
-204 -257 35 0
-236 -287 19 0
-244 -262 12 0
-244 -261 12 0
-209 -268 4 2
-215 -261 9 0
-215 -260 10 0
-214 -264 8 0
-249 -264 10 0
-217 -262 8 0
-218 -262 9 0
-218 -262 10 0
-241 -255 22 0
-242 -255 22 0
-235 -253 22 0
-235 -252 22 0
-234 -252 22 0
-233 -251 22 0
-237 -257 22 2
-250 -272 15 2
-224 -287 22 0
-203 -258 11 0
-202 -260 10 0
-203 -261 11 0
-238 -267 18 0
-201 -259 13 0
-201 -260 11 0
-203 -251 6 2
-235 -267 14 0
-203 -253 4 2
-215 -251 19 2
-215 -251 20 2
-237 -262 16 2
-237 -262 17 2
-237 -262 18 2
-237 -262 19 2
-237 -262 20 2
-237 -262 21 2
-237 -262 22 2
-237 -262 23 2
-237 -262 24 2
-237 -262 25 2
-237 -261 14 2
-213 -255 11 2
-225 -268 2 1
-201 -272 18 0
-201 -269 13 0
-202 -270 16 0
-201 -271 18 0
-202 -271 19 0
-202 -269 16 0
-202 -271 18 0
-203 -269 16 0
-202 -268 13 0
-201 -267 17 0
-201 -269 15 0
-201 -267 16 0
-201 -266 17 0
-202 -271 15 0
-202 -268 15 0
-231 -259 7 1
-231 -259 6 1
-232 -259 7 2
-207 -254 3 1
-206 -255 1 1
-205 -259 16 0
-204 -260 19 0
-204 -260 18 0
-206 -258 11 0
-206 -259 12 0
-204 -260 13 0
-208 -253 28 2
-208 -253 27 2
-208 -253 26 2
-210 -255 37 2
-210 -254 14 2
-210 -254 16 2
-210 -254 17 2
-210 -254 18 2
-210 -254 19 2
-210 -254 20 2
-210 -254 21 2
-210 -254 22 2
-210 -254 23 2
-241 -294 22 0
-241 -293 23 0
-239 -296 21 0
-239 -292 21 0
-240 -291 21 0
-240 -290 22 0
-241 -295 21 0
-243 -259 7 1
-243 -259 8 1
-243 -259 9 1
-242 -259 7 1
-245 -279 6 1
-245 -274 7 1
-245 -271 7 2
-245 -271 6 1
-245 -271 5 1
-245 -272 7 2
-245 -272 6 2
-233 -274 11 0
-238 -269 12 0
-239 -269 11 0
-210 -293 15 0
-211 -295 14 0
-212 -294 14 0
-204 -280 15 0
-210 -300 9 1
-210 -300 10 1
-210 -300 11 1
-209 -300 9 1
-209 -300 10 1
-209 -300 11 1
-212 -285 13 1
-215 -285 12 1
-232 -251 12 0
-202 -300 11 1
-202 -300 10 1
-239 -282 11 1
-209 -279 12 0
-243 -251 13 0
-243 -252 12 0
-239 -284 11 1
-239 -284 10 1
-239 -284 9 1
-240 -282 11 2
-204 -259 1 1
-247 -256 11 0
-206 -260 4 1
-207 -261 4 1
-242 -251 13 0
-208 -260 2 2
-208 -261 4 1
-226 -263 23 0
-226 -257 23 0
-227 -258 23 0
-227 -259 24 0
-231 -264 23 0
-230 -263 23 0
-230 -263 24 0
-229 -262 24 0
-223 -262 23 0
-225 -261 24 0
-230 -257 24 0
-228 -266 24 0
-228 -265 24 0
-227 -264 24 0
-227 -263 24 0
-224 -258 24 0
-225 -258 24 0
-225 -259 24 0
-224 -264 25 0
-225 -263 25 0
-226 -262 25 0
-228 -256 25 0
-228 -257 25 0
-228 -258 25 0
-228 -259 25 0
-210 -266 1 1
-211 -264 3 1
-211 -264 2 2
-211 -264 1 1
-211 -265 3 1
-211 -265 2 2
-225 -257 27 0
-226 -258 26 0
-223 -263 27 0
-224 -259 28 0
-204 -253 34 2
-208 -254 35 2
-239 -282 29 1
-208 -279 5 1
-228 -295 13 1
-228 -295 12 1
-228 -296 14 1
-228 -296 13 1
-228 -296 12 1
-233 -258 16 1
-232 -258 16 1
-228 -297 12 1
-230 -253 17 1
-230 -254 16 1
-232 -256 18 0
-231 -256 17 0
-203 -263 28 0
-208 -282 10 1
-236 -262 33 2
-236 -262 34 1
-236 -262 35 0
-211 -284 10 2
-211 -284 11 1
-219 -297 19 0
-203 -265 30 0
-231 -266 14 0
-231 -266 15 0
-231 -264 15 0
-230 -268 13 0
-228 -268 13 0
-250 -268 17 0
-243 -261 33 0
-250 -271 19 1
-250 -271 18 1
-250 -272 19 1
-239 -253 17 2
-234 -253 16 0
-238 -257 15 2
-246 -254 7 0
-249 -251 5 0
-225 -300 26 0
-248 -253 5 0
-248 -254 5 0
-248 -256 6 0
-249 -252 4 0
-246 -256 5 1
-249 -251 4 0
-249 -254 4 0
-250 -256 4 0
-217 -262 1 1
-217 -263 1 1
-217 -264 1 1
-218 -253 7 1
-219 -253 9 1
-219 -253 8 1
-219 -254 9 1
-219 -254 8 1
-219 -255 9 1
-219 -255 8 1
-220 -255 9 2
-217 -252 11 2
-236 -271 3 1
-236 -271 2 1
-236 -272 2 1
-237 -270 4 1
-202 -288 9 2
-202 -288 10 1
-201 -291 12 0
-201 -291 11 0
-203 -293 9 2
-204 -294 8 1
-204 -294 9 2
-204 -294 10 1
-204 -293 8 1
-220 -255 4 1
-206 -295 10 2
-206 -295 9 2
-206 -295 8 1
-207 -293 10 2
-207 -293 9 1
-207 -293 8 1
-207 -294 10 2
-207 -294 9 2
-207 -294 8 1
-207 -295 10 2
-207 -295 9 2
-207 -295 8 1
-206 -294 9 2
-202 -295 10 2
-202 -295 9 2
-202 -295 8 1
-202 -296 9 2
-202 -296 8 1
-204 -292 11 1
-204 -293 12 0
-205 -290 10 1
-205 -290 9 2
-205 -290 8 1
-205 -291 10 2
-205 -291 8 1
-205 -292 10 2
-205 -292 9 2
-205 -292 8 1
-206 -290 10 2
-206 -290 9 2
-206 -290 8 1
-206 -291 10 2
-206 -291 9 1
-237 -263 31 1
-240 -268 30 0
-244 -257 11 1
-246 -258 9 0
-247 -258 11 0
-245 -258 8 0
-244 -259 9 0
-211 -254 30 2
-243 -294 13 0
-243 -295 13 0
-237 -294 12 1
-236 -295 23 0
-235 -295 25 0
-240 -293 12 0
-240 -294 12 0
-241 -294 12 0
-238 -291 12 0
-238 -291 11 1
-237 -291 11 1
-243 -293 11 0
-244 -293 10 0
-217 -252 9 2
-217 -252 8 2
-217 -253 9 1
-217 -253 8 1
-218 -299 13 1
-218 -254 11 0
-219 -276 8 0
-219 -277 9 0
-221 -297 14 0
-220 -297 14 0
-240 -271 11 1
-240 -270 9 2
-240 -270 10 1
-211 -288 14 0
-209 -289 15 0
-213 -289 16 0
-240 -259 28 2
-204 -284 9 2
-235 -258 29 2
-226 -267 4 1
-203 -284 8 1
-230 -255 10 1
-230 -255 9 1
-231 -259 32 1
-231 -254 9 2
-231 -255 9 1
-226 -267 5 1
-231 -260 31 2
-244 -263 30 0
-250 -270 12 2
-203 -253 5 2
-250 -264 13 0
-249 -264 12 0
-206 -254 13 2
-208 -256 15 2
-208 -256 14 2
-206 -255 10 1
-206 -256 10 1
-207 -255 10 2
-234 -263 20 2
-234 -263 19 2
-234 -263 18 2
-234 -263 17 2
-234 -263 16 2
-235 -259 16 2
-235 -260 25 2
-235 -260 24 2
-235 -260 23 2
-235 -260 22 2
-235 -260 21 2
-235 -260 20 2
-235 -260 19 2
-235 -260 18 2
-235 -260 17 2
-235 -260 16 2
-235 -261 25 2
-235 -261 24 2
-235 -261 23 2
-235 -261 22 2
-235 -261 21 2
-235 -261 20 2
-235 -261 19 2
-235 -261 18 2
-235 -261 17 2
-235 -261 16 2
-235 -261 15 2
-210 -252 32 2
-210 -252 33 2
-210 -252 34 2
-210 -252 35 2
-210 -252 36 2
-210 -252 37 2
-210 -252 38 2
-210 -252 39 2
-210 -251 11 2
-209 -260 31 2
-209 -260 32 2
-209 -260 33 2
-209 -260 34 2
-209 -259 25 2
-209 -259 26 2
-209 -259 27 2
-209 -259 28 2
-217 -254 3 1
-218 -254 3 1
-219 -253 3 1
-219 -254 4 1
-219 -254 3 1
-246 -266 4 2
-246 -266 5 2
-246 -265 3 1
-246 -265 4 2
-243 -262 12 0
-243 -263 12 1
-246 -257 11 0
-248 -256 12 0
-248 -263 1 1
-248 -263 2 1
-215 -282 5 2
-206 -277 7 1
-201 -251 18 2
-201 -251 17 2
-201 -251 16 2
-201 -251 15 2
-201 -251 14 2
-201 -251 13 2
-248 -273 5 1
-248 -273 4 2
-248 -274 5 1
-248 -274 4 1
-249 -273 5 1
-249 -273 4 1
-240 -277 11 1
-244 -272 7 1
-244 -273 8 1
-245 -270 8 1
-242 -273 12 0
-245 -271 9 2
-245 -272 9 2
-246 -272 9 2
-247 -272 9 2
-246 -275 11 0
-244 -274 12 0
-244 -275 12 0
-240 -273 13 0
-241 -273 13 0
-248 -277 15 1
-241 -276 15 0
-210 -263 1 1
-210 -263 2 2
-210 -263 3 1
-245 -272 10 1
-246 -270 12 2
-246 -270 11 1
-246 -270 10 1
-246 -271 12 1
-246 -271 10 1
-246 -272 12 1
-246 -272 11 2
-226 -289 12 1
-234 -263 32 1
-242 -275 11 0
-244 -276 9 0
-215 -267 12 0
-231 -264 3 1
-231 -264 4 1
-230 -266 2 2
-234 -296 14 1
-235 -290 14 0
-235 -289 14 0
-234 -279 12 0
-232 -280 11 0
-236 -280 10 0
-229 -279 10 1
-233 -279 9 0
-233 -280 9 0
-233 -281 9 0
-230 -280 6 1
-230 -280 7 2
-230 -280 8 1
-230 -279 6 1
-230 -279 7 2
-230 -279 8 1
-230 -278 6 1
-202 -292 16 0
-203 -258 40 0
-203 -258 39 0
-201 -257 39 0
-238 -254 0 1
-238 -255 2 1
-246 -285 2 1
-240 -259 8 2
-240 -259 9 2
-240 -259 10 2
-240 -258 8 1
-240 -258 9 1
-240 -258 10 1
-218 -275 6 1
-218 -275 5 1
-215 -280 6 1
-215 -279 6 1
-215 -278 4 2
-215 -278 5 1
-224 -299 19 0
-214 -280 6 2
-242 -284 9 1
-243 -284 9 1
-229 -267 7 0
-228 -262 7 0
-245 -290 9 0
-246 -289 9 0
-246 -288 9 0
-246 -287 8 0
-245 -281 10 0
-231 -265 8 1
-230 -265 8 0
-230 -266 7 0
-229 -266 7 0
-243 -287 10 0
-243 -286 10 0
-245 -286 9 0
-246 -286 8 0
-249 -281 11 0
-230 -259 16 1
-231 -259 16 1
-232 -259 16 1
-225 -261 15 0
-227 -255 14 1
-228 -255 14 2
-229 -255 16 2
-229 -256 16 1
-232 -257 16 1
-231 -257 16 1
-226 -264 16 0
-226 -263 16 0
-229 -256 17 2
-231 -259 19 0
-232 -284 28 1
-232 -284 27 1
-232 -285 29 1
-221 -280 14 0
-222 -289 14 0
-210 -251 12 2
-210 -293 9 1
-210 -293 10 2
-210 -293 11 1
-210 -292 9 1
-210 -292 10 2
-210 -292 11 1
-209 -294 9 2
-209 -294 10 2
-209 -294 11 1
-209 -293 9 1
-233 -277 18 0
-234 -277 19 1
-202 -252 32 2
-229 -256 18 1
-240 -283 27 1
-242 -286 29 0
-239 -285 29 1
-239 -285 28 1
-240 -285 27 0
-216 -258 2 1
-218 -260 5 0
-234 -264 15 1
-235 -263 14 2
-237 -265 13 2
-237 -264 13 2
-230 -270 11 1
-236 -267 13 1
-227 -255 10 1
-227 -255 11 1
-227 -255 12 1
-204 -288 9 2
-243 -283 10 0
-247 -281 10 0
-239 -280 11 0
-240 -289 10 1
-241 -288 11 0
-240 -288 12 0
-201 -261 28 0
-201 -264 28 0
-201 -263 28 0
-241 -289 7 1
-214 -269 13 0
-214 -269 14 0
-216 -270 13 0
-217 -270 14 0
-246 -276 12 0
-243 -280 10 1
-243 -281 11 0
-243 -274 10 0
-244 -274 10 1
-244 -273 11 1
-239 -278 10 0
-241 -281 9 1
-243 -272 8 1
-214 -277 2 1
-214 -278 2 1
-207 -251 20 2
-236 -268 28 1
-235 -268 29 0
-237 -268 25 1
-237 -269 26 1
-232 -275 15 0
-231 -277 15 0
-242 -261 12 0
-242 -260 12 0
-239 -261 13 2
-239 -262 13 2
-239 -263 13 2
-240 -261 13 2
-240 -262 13 2
-240 -263 13 1
-241 -261 13 1
-241 -262 13 1
-241 -263 13 1
-247 -257 13 0
-246 -257 12 0
-242 -255 14 2
-243 -256 13 2
-248 -261 14 0
-246 -260 13 0
-241 -260 14 2
-242 -259 13 2
-245 -263 15 0
-245 -261 14 0
-242 -258 14 2
-242 -261 16 0
-243 -259 17 0
-243 -261 10 0
-242 -255 11 2
-246 -260 11 0
-222 -260 20 0
-223 -260 20 0
-230 -259 20 0
-224 -257 21 0
-228 -257 22 0
-224 -263 23 0
-244 -264 10 2
-244 -263 11 1
-244 -262 11 0
-241 -255 11 2
-241 -256 11 2
-242 -260 11 1
-245 -254 12 0
-245 -255 12 0
-242 -278 11 0
-247 -278 13 0
-246 -278 12 0
-239 -258 25 2
-232 -254 25 0
-233 -254 25 0
-241 -252 26 0
-240 -253 25 0
-235 -251 26 0
-241 -256 26 0
-240 -256 26 0
-239 -251 27 0
-204 -286 17 0
-204 -286 18 0
-207 -284 13 0
-204 -280 16 0
-204 -282 17 0
-224 -300 10 1
-201 -257 9 0
-202 -259 9 0
-201 -258 10 0
-209 -288 10 2
-226 -296 13 2
-203 -259 3 2
-201 -262 2 1
-245 -286 5 2
-245 -257 8 1
-245 -257 7 1
-245 -257 6 1
-248 -259 9 0
-247 -258 8 0
-247 -257 8 0
-243 -252 10 2
-237 -256 33 0
-238 -257 32 0
-236 -258 35 0
-237 -258 26 2
-237 -258 27 2
-237 -258 28 2
-240 -259 25 2
-239 -259 26 2
-239 -259 27 2
-235 -260 26 2
-239 -256 26 0
-238 -257 28 2
-239 -261 27 2
-234 -257 27 0
-236 -258 29 2
-241 -258 28 0
-237 -255 28 2
-237 -257 29 2
-241 -255 28 0
-234 -255 29 0
-235 -256 29 0
-242 -259 29 0
-241 -259 30 0
-234 -258 31 0
-235 -258 30 0
-242 -256 31 0
-228 -260 18 0
-225 -264 17 0
-226 -262 18 0
-243 -290 9 0
-241 -292 7 1
-241 -293 8 1
-241 -293 7 1
-215 -261 7 0
-211 -267 7 1
-211 -266 7 1
-212 -264 7 0
-210 -256 7 1
-216 -264 8 0
-216 -263 8 0
-241 -274 1 1
-241 -273 1 1
-240 -275 1 1
-240 -274 1 1
-240 -273 1 1
-242 -272 1 1
-241 -272 1 1
-240 -272 1 1
-243 -269 2 2
-244 -270 1 1
-244 -269 1 1
-244 -269 2 1
-244 -269 3 1
-248 -272 3 1
-248 -273 3 2
-243 -282 4 2
-239 -251 2 1
-239 -251 1 2
-230 -273 4 1
-229 -273 4 1
-228 -273 4 1
-211 -274 3 2
-202 -279 6 1
-201 -254 40 0
-216 -300 10 1
-234 -252 14 0
-233 -251 14 0
-236 -254 27 0
-236 -255 14 1
-236 -256 14 2
-209 -275 12 0
-232 -270 23 0
-230 -296 25 0
-218 -279 9 0
-214 -255 10 2
-207 -287 9 2
-229 -261 33 0
-229 -259 24 0
-230 -260 25 0
-228 -262 25 0
-231 -264 26 0
-231 -262 28 0
-227 -259 26 0
-227 -259 27 0
-229 -263 28 0
-225 -261 28 0
-227 -261 28 0
-230 -265 28 0
-230 -264 28 0
-227 -258 29 0
-226 -264 29 0
-229 -262 29 0
-232 -264 30 0
-232 -263 30 0
-225 -259 30 0
-227 -260 30 1
-229 -262 30 0
-228 -257 31 0
-227 -262 31 0
-231 -263 31 0
-228 -263 33 0
-230 -258 34 0
-232 -262 34 0
-231 -261 33 0
-209 -256 7 1
-209 -256 6 1
-232 -261 25 2
-228 -261 26 0
-229 -260 28 0
-231 -263 26 0
-228 -264 27 0
-229 -261 28 0
-229 -256 27 0
-226 -261 28 0
-228 -260 29 0
-230 -263 29 0
-230 -262 29 0
-227 -257 29 0
-229 -265 31 0
-229 -264 30 0
-229 -257 31 0
-226 -262 32 0
-231 -264 32 0
-231 -262 30 0
-228 -262 33 0
-229 -260 33 0
-205 -259 10 0
-242 -278 12 0
-229 -261 27 0
-231 -262 27 0
-228 -259 27 0
-231 -265 28 0
-231 -263 29 0
-228 -258 29 0
-228 -256 31 0
-232 -264 32 0
-230 -258 33 0
-232 -261 33 0
-203 -251 4 2
-235 -269 14 0
-230 -259 24 0
-229 -261 26 0
-231 -257 26 0
-229 -259 27 0
-228 -263 27 0
-232 -262 30 0
-226 -259 30 0
-227 -259 30 1
-243 -262 13 0
-243 -263 13 0
-248 -256 13 0
-242 -258 12 2
-246 -261 12 0
-246 -262 12 0
-218 -262 11 0
-219 -262 11 0
-213 -259 10 1
-211 -259 11 1
-215 -265 10 0
-236 -290 13 0
-223 -255 41 0
-220 -254 40 0
-220 -256 39 0
-223 -253 39 0
-221 -253 38 0
-224 -253 42 0
-246 -281 12 0
-246 -277 13 0
-246 -276 13 0
-246 -280 12 0
-248 -281 11 0
-249 -283 12 0
-203 -298 15 1
-216 -298 11 2
-203 -261 25 0
-216 -300 13 1
-228 -297 20 0
-227 -297 19 0
-213 -261 1 1
-211 -262 4 0
-233 -297 23 0
-232 -298 24 0
-232 -298 25 0
-231 -299 26 0
-231 -299 27 0
-235 -296 25 0
-238 -280 23 1
-234 -282 26 1
-234 -282 25 1
-234 -282 24 2
-234 -287 23 0
-234 -286 24 0
-231 -284 24 0
-232 -284 24 0
-233 -284 25 1
-238 -294 19 1
-205 -263 1 1
-205 -262 1 1
-245 -286 11 0
-244 -286 15 0
-246 -287 12 0
-225 -262 14 0
-236 -298 22 0
-237 -297 22 0
-236 -290 23 0
-235 -276 4 1
-236 -276 5 1
-236 -276 4 1
-235 -278 9 1
-235 -278 8 1
-235 -278 7 2
-235 -279 9 1
-235 -279 8 2
-235 -279 7 1
-235 -280 9 1
-235 -280 8 1
-235 -280 7 1
-233 -277 9 0
-237 -281 9 0
-235 -278 10 0
-236 -277 10 1
-236 -281 12 0
-236 -280 11 0
-236 -279 11 0
-237 -278 11 0
-238 -280 13 0
-238 -279 13 0
-238 -278 12 0
-236 -275 11 0
-236 -276 11 0
-241 -275 14 0
-235 -279 14 0
-239 -277 15 0
-238 -277 14 0
-238 -277 13 0
-236 -278 9 1
-236 -278 8 2
-236 -278 7 1
-236 -279 9 1
-236 -279 8 2
-236 -279 7 1
-236 -280 9 1
-236 -280 8 1
-236 -280 7 1
-237 -280 9 1
-237 -280 8 1
-237 -280 7 1
-234 -277 9 1
-234 -279 10 0
-236 -278 10 0
-237 -281 12 0
-237 -280 11 0
-237 -279 11 0
-237 -276 11 0
-236 -278 14 0
-237 -278 13 0
-240 -277 15 0
-239 -277 14 0
-239 -277 13 0
-237 -276 13 0
-238 -276 12 0
-234 -277 8 1
-235 -279 10 0
-236 -279 10 0
-237 -278 10 0
-235 -277 12 0
-241 -272 13 0
-239 -278 11 0
-242 -275 13 0
-237 -278 14 0
-238 -278 13 0
-239 -274 13 0
-241 -277 15 0
-240 -277 14 0
-238 -276 14 0
-238 -276 13 0
-239 -276 12 0
-238 -275 11 1
-238 -278 14 0
-239 -277 12 0
-239 -276 15 0
-239 -276 13 0
-216 -257 4 2
-247 -272 15 1
-248 -276 15 1
-247 -272 14 2
-246 -275 12 0
-246 -273 11 2
-246 -273 12 2
-245 -273 12 1
-247 -272 18 1
-247 -272 19 0
-236 -255 0 1
-212 -286 9 1
-209 -290 17 0
-211 -288 15 0
-212 -287 14 0
-232 -256 5 1
-231 -256 5 1
-236 -258 4 1
-236 -251 4 1
-235 -257 1 1
-234 -257 1 1
-240 -254 0 1
-233 -253 1 1
-233 -252 1 1
-238 -257 0 1
-238 -256 0 1
-219 -258 12 1
-219 -258 13 1
-212 -266 9 1
-211 -288 9 1
-212 -264 8 0
-225 -267 11 0
-224 -267 10 0
-224 -266 9 0
-233 -264 24 0
-234 -265 25 0
-227 -273 14 0
-224 -266 4 1
-224 -266 3 1
-223 -263 4 0
-224 -261 3 1
-224 -261 2 1
-232 -257 2 1
-231 -258 2 1
-231 -258 3 1
-231 -258 4 1
-231 -257 2 1
-231 -257 4 1
-231 -256 2 1
-231 -256 3 1
-230 -258 2 1
-230 -258 3 1
-230 -258 4 1
-230 -257 2 1
-230 -257 3 1
-230 -257 4 1
-230 -256 2 1
-230 -256 3 1
-230 -256 4 1
-240 -255 2 1
-240 -255 3 1
-240 -255 4 1
-208 -266 7 1
-208 -265 7 1
-209 -263 7 0
-214 -263 8 0
-212 -262 7 0
-210 -262 6 0
-210 -260 7 1
-210 -264 8 0
-209 -264 12 0
-209 -264 11 0
-209 -261 12 0
-209 -260 12 0
-209 -260 11 0
-207 -262 12 0
-206 -263 11 0
-208 -261 12 0
-232 -299 23 0
-245 -265 4 2
-231 -292 24 0
-231 -293 24 0
-247 -266 2 1
-218 -260 4 0
-219 -261 4 0
-223 -267 4 1
-223 -280 9 1
-236 -273 14 0
-245 -292 6 1
-245 -292 5 1
-245 -288 3 1
-244 -283 2 1
-215 -264 10 0
-214 -263 9 0
-212 -262 11 0
-213 -262 10 0
-213 -262 9 0
-213 -262 8 0
-234 -255 17 0
-236 -266 11 2
-236 -266 10 2
-237 -264 12 2
-208 -279 11 0
-207 -279 11 0
-208 -276 12 0
-207 -277 12 0
-210 -280 13 0
-209 -280 13 0
-208 -280 13 0
-205 -275 13 0
-205 -276 13 0
-208 -278 14 0
-207 -279 14 0
-233 -276 24 0
-234 -274 24 0
-238 -279 23 0
-232 -278 23 0
-216 -252 5 1
-216 -252 4 1
-218 -252 5 2
-218 -252 4 1
-214 -251 10 2
-220 -253 4 1
-218 -251 4 1
-219 -251 5 2
-219 -251 4 1
-220 -251 6 1
-220 -251 5 1
-220 -251 4 1
-222 -251 6 1
-220 -252 7 1
-219 -251 9 1
-217 -252 4 1
-217 -252 5 1
-220 -254 4 2
-219 -251 7 1
-219 -251 6 2
-215 -252 6 1
-221 -252 6 1
-215 -251 10 2
-218 -251 5 2
-215 -251 9 1
-215 -253 5 1
-212 -254 6 1
-213 -254 6 1
-219 -254 6 1
-220 -254 6 2
-220 -254 5 1
-221 -254 6 2
-221 -254 5 2
-218 -296 16 0
-218 -295 17 0
-214 -256 44 0
-215 -256 45 0
-215 -255 46 0
-245 -280 4 1
-245 -279 4 1
-219 -252 43 0
-220 -252 42 0
-221 -252 42 0
-222 -252 42 0
-233 -256 3 1
-233 -255 1 2
-201 -257 37 0
-202 -252 37 2
-233 -255 3 1
-209 -277 11 0
-209 -278 11 0
-202 -256 32 0
-201 -252 32 2
-209 -269 3 1
-209 -269 2 1
-237 -283 8 1
-246 -270 7 2
-238 -297 9 1
-237 -262 30 1
-242 -268 3 1
-242 -268 2 1
-242 -268 1 1
-242 -269 3 1
-242 -269 2 1
-242 -269 1 1
-204 -269 11 0
-204 -269 12 0
-204 -272 9 0
-204 -273 10 0
-203 -273 10 0
-203 -274 11 0
-208 -271 11 0
-203 -270 9 0
-202 -270 10 0
-201 -269 11 0
-206 -275 10 0
-206 -268 9 0
-207 -267 10 0
-202 -272 9 0
-250 -282 8 0
-250 -282 7 0
-208 -262 6 0
-208 -263 6 0
-209 -263 6 0
-209 -264 7 0
-203 -263 6 1
-211 -260 6 1
-204 -257 5 1
-207 -266 5 2
-217 -299 18 0
-217 -255 14 0
-207 -289 15 0
-215 -261 12 0
-215 -262 12 0
-214 -264 13 0
-214 -259 12 0
-220 -260 11 0
-214 -258 11 0
-216 -261 11 0
-214 -260 11 0
-213 -260 11 0
-217 -261 11 0
-218 -259 10 0
-219 -259 9 0
-214 -259 10 0
-216 -259 10 0
-206 -253 38 2
-206 -253 36 2
-206 -253 34 2
-206 -253 33 2
-206 -253 32 2
-206 -253 31 2
-206 -253 30 2
-206 -253 29 2
-206 -253 28 2
-233 -268 30 0
-216 -252 16 2
-215 -252 17 2
-220 -258 15 0
-218 -253 15 0
-217 -253 15 0
-240 -262 22 2
-231 -267 18 0
-232 -267 18 0
-239 -283 29 1
-240 -283 29 1
-235 -282 27 0
-221 -279 10 1
-221 -279 9 1
-224 -282 11 0
-218 -252 11 1
-215 -256 13 1
-212 -255 13 2
-212 -255 12 2
-212 -255 11 2
-212 -256 13 2
-212 -256 12 2
-212 -256 11 2
-212 -257 13 2
-212 -257 12 2
-212 -257 11 2
-242 -277 10 0
-213 -255 12 2
-201 -292 17 0
-213 -256 13 2
-213 -256 11 2
-231 -252 10 1
-213 -257 13 1
-229 -252 12 2
-233 -265 16 0
-239 -279 3 1
-239 -279 2 1
-240 -277 3 1
-240 -277 2 1
-240 -278 2 1
-204 -257 30 0
-247 -280 3 1
-217 -268 14 0
-215 -265 12 0
-214 -268 12 0
-213 -269 13 0
-217 -266 11 0
-244 -260 32 0
-245 -260 33 0
-245 -262 31 0
-243 -263 30 0
-244 -264 30 0
-242 -258 29 0
-244 -257 28 0
-244 -260 28 0
-243 -264 26 0
-242 -261 27 0
-243 -261 26 0
-240 -268 19 0
-232 -271 19 0
-237 -263 19 2
-231 -267 20 0
-240 -266 20 0
-239 -266 20 0
-233 -269 21 0
-207 -265 5 2
-207 -265 4 2
-207 -266 6 2
-207 -266 4 1
-207 -267 6 1
-207 -267 5 2
-207 -267 4 1
-208 -265 6 1
-223 -300 24 0
-223 -299 24 0
-242 -291 6 1
-203 -294 13 0
-202 -257 9 0
-201 -272 11 1
-240 -255 30 0
-238 -253 6 1
-213 -292 13 0
-212 -294 13 0
-205 -278 8 2
-214 -300 13 1
-233 -270 2 1
-234 -275 23 0
-234 -276 23 0
-229 -276 24 0
-232 -275 25 0
-232 -276 25 0
-233 -277 20 0
-233 -280 20 0
-231 -277 20 0
-237 -277 19 1
-236 -277 20 1
-235 -278 20 1
-234 -278 21 0
-232 -274 20 0
-232 -275 20 0
-232 -276 21 0
-232 -277 21 0
-234 -280 20 1
-235 -279 20 1
-236 -279 20 2
-236 -273 19 0
-236 -273 18 0
-235 -273 17 0
-240 -295 15 0
-236 -290 16 0
-244 -267 12 2
-244 -266 10 2
-244 -266 11 2
-244 -266 12 1
-243 -264 12 1
-242 -264 12 1
-243 -271 10 1
-243 -264 4 1
-243 -264 5 1
-228 -277 21 0
-230 -277 21 0
-230 -273 22 0
-231 -274 22 0
-231 -275 21 0
-228 -279 23 0
-234 -274 23 0
-234 -275 22 0
-232 -276 23 0
-233 -278 20 0
-233 -276 19 0
-233 -280 19 0
-229 -276 18 0
-236 -277 19 1
-235 -277 19 1
-231 -281 19 0
-232 -276 20 0
-234 -280 19 1
-241 -257 17 2
-242 -258 16 2
-248 -288 7 0
-205 -270 6 1
-246 -283 5 1
-246 -283 6 1
-202 -273 4 1
-202 -273 5 2
-202 -273 6 1
-202 -272 4 1
-202 -272 5 2
-204 -261 1 1
-207 -262 5 0
-207 -265 3 1
-207 -265 2 1
-207 -265 1 1
-224 -289 15 0
-222 -290 14 0
-222 -290 15 0
-207 -270 2 1
-208 -271 10 0
-207 -270 10 0
-206 -269 10 0
-239 -291 9 2
-239 -291 10 1
-242 -290 11 0
-238 -287 8 2
-239 -288 7 1
-239 -288 8 1
-239 -287 7 1
-245 -284 9 1
-245 -282 10 0
-244 -281 11 0
-237 -267 33 0
-242 -264 32 0
-242 -263 33 0
-234 -262 34 1
-234 -261 34 1
-241 -265 31 0
-242 -265 31 0
-242 -268 30 0
-228 -284 19 0
-213 -259 2 1
-213 -259 3 2
-229 -266 9 0
-224 -269 11 0
-225 -269 10 0
-225 -268 9 0
-234 -293 9 1
-235 -293 9 1
-236 -295 11 2
-236 -295 10 1
-236 -263 29 2
-219 -284 9 2
-220 -282 11 1
-220 -282 10 1
-201 -273 9 1
-201 -272 8 0
-201 -268 8 0
-232 -289 20 0
-232 -289 19 0
-229 -288 21 0
-230 -288 20 0
-230 -288 19 0
-230 -288 18 1
-201 -271 10 1
-201 -270 9 1
-203 -254 37 2
-202 -256 36 0
-232 -278 28 0
-237 -280 27 0
-238 -279 27 0
-232 -281 26 0
-231 -281 26 0
-230 -281 26 0
-229 -281 27 0
-234 -280 26 0
-234 -279 26 0
-235 -277 26 0
-231 -284 26 0
-230 -285 26 0
-231 -278 25 0
-237 -279 25 0
-237 -278 24 0
-232 -282 25 0
-231 -282 25 0
-230 -282 24 0
-229 -283 24 0
-233 -278 24 0
-232 -285 24 0
-232 -281 24 0
-231 -280 23 0
-235 -279 22 1
-232 -283 22 0
-234 -281 23 1
-234 -281 22 1
-233 -281 21 1
-233 -281 30 0
-235 -282 29 0
-234 -279 29 0
-232 -283 29 0
-232 -280 27 0
-243 -262 19 0
-243 -263 20 0
-238 -260 19 2
-241 -263 18 0
-245 -255 16 0
-238 -259 15 2
-241 -259 14 2
-241 -259 19 2
-248 -260 11 0
-250 -259 11 0
-242 -256 3 1
-250 -258 11 0
-249 -257 10 0
-243 -262 7 0
-244 -262 4 0
-244 -266 4 1
-244 -264 4 1
-244 -265 4 1
-245 -262 3 0
-246 -261 2 1
-248 -259 0 1
-247 -261 1 1
-248 -260 0 1
-247 -262 1 1
-245 -264 3 1
-245 -265 3 1
-249 -260 9 0
-246 -260 6 0
-248 -260 8 0
-249 -262 9 0
-245 -263 5 0
-246 -262 6 0
-247 -262 7 0
-247 -263 7 0
-235 -270 11 0
-233 -269 12 0
-233 -269 11 0
-247 -256 8 0
-234 -267 2 2
-220 -276 8 0
-235 -268 4 1
-235 -268 3 1
-245 -257 4 2
-246 -257 5 1
-245 -258 3 1
-245 -258 4 1
-245 -258 5 1
-245 -257 5 1
-244 -258 3 1
-244 -258 4 2
-244 -258 5 1
-244 -257 3 1
-244 -257 4 2
-244 -257 5 1
-237 -266 7 2
-213 -272 12 0
-232 -274 7 1
-233 -264 4 2
-233 -275 5 1
-233 -276 7 2
-245 -258 2 1
-244 -258 2 1
-244 -257 2 2
-233 -276 6 1
-233 -276 5 1
-234 -275 5 1
-238 -269 7 1
-235 -269 8 1
-208 -260 13 0
-209 -261 13 0
-211 -299 11 2
-242 -251 15 0
-237 -267 25 1
-240 -252 13 2
-236 -265 27 2
-236 -269 24 0
-235 -270 26 0
-235 -271 27 0
-238 -268 24 0
-239 -268 26 0
-240 -267 27 0
-235 -267 25 0
-234 -266 26 0
-233 -266 26 0
-237 -270 25 0
-217 -267 2 1
-217 -267 1 1
-217 -268 3 1
-217 -268 2 1
-217 -268 1 1
-216 -267 2 2
-219 -262 3 1
-242 -252 13 0
-217 -262 4 1
-216 -263 5 1
-205 -251 17 2
-205 -251 18 2
-205 -251 19 2
-205 -251 20 2
-205 -251 21 2
-205 -251 22 2
-205 -251 23 2
-205 -251 24 2
-205 -251 25 2
-205 -251 26 2
-205 -251 27 2
-205 -251 28 2
-205 -251 29 2
-205 -251 30 2
-205 -251 31 2
-205 -251 32 2
-229 -277 14 0
-228 -277 13 0
-230 -287 20 0
-205 -300 12 1
-216 -269 13 0
-217 -269 14 0
-205 -298 14 1
-204 -300 12 1
-204 -300 13 2
-204 -299 14 2
-204 -298 12 1
-204 -298 13 1
-203 -300 12 1
-203 -300 13 1
-203 -300 14 1
-203 -299 12 1
-203 -299 13 2
-245 -277 6 1
-249 -280 2 2
-207 -277 11 0
-204 -278 17 0
-210 -278 12 0
-246 -253 7 0
-249 -252 8 0
-248 -252 8 0
-248 -252 7 0
-245 -257 3 2
-245 -257 2 1
-245 -257 1 1
-246 -257 3 1
-246 -257 2 2
-246 -257 1 1
-204 -283 11 0
-205 -280 12 0
-204 -281 12 0
-234 -268 14 0
-229 -272 15 0
-250 -276 7 2
-215 -267 7 2
-215 -267 8 2
-215 -266 6 2
-203 -273 17 0
-224 -299 22 0
-207 -269 11 0
-244 -281 4 2
-243 -281 4 2
-244 -274 4 1
-211 -261 8 0
-211 -260 9 1
-212 -260 10 1
-209 -262 7 0
-209 -263 8 0
-207 -299 17 0
-210 -296 14 0
-211 -296 15 0
-233 -295 21 0
-239 -290 21 0
-203 -272 3 2
-203 -272 2 1
-208 -267 9 0
-206 -267 11 0
-231 -251 4 1
-231 -252 4 1
-210 -285 11 1
-211 -286 11 2
-210 -287 12 1
-215 -271 8 1
-209 -275 9 1
-210 -275 9 1
-210 -294 11 2
-210 -294 10 2
-210 -287 10 2
-206 -267 8 0
-246 -285 10 0
-246 -285 13 0
-247 -286 10 0
-248 -286 11 0
-248 -286 12 0
-248 -287 12 0
-247 -283 11 0
-247 -283 12 0
-245 -287 11 0
-233 -278 11 0
-247 -267 14 0
-246 -266 14 0
-247 -265 16 0
-246 -265 15 0
-245 -265 14 1
-245 -267 17 0
-242 -265 17 0
-245 -264 12 1
-246 -264 12 1
-246 -265 12 1
-246 -268 11 1
-248 -266 12 0
-246 -264 13 1
-244 -270 16 0
-244 -269 15 0
-245 -265 15 0
-209 -285 14 0
-207 -284 12 0
-203 -287 17 0
-203 -287 18 0
-205 -288 17 0
-207 -287 17 0
-206 -284 15 0
-206 -283 16 0
-207 -285 14 0
-208 -285 14 0
-206 -284 12 0
-209 -285 9 2
-209 -285 10 2
-209 -285 11 1
-208 -285 11 1
-207 -285 11 1
-209 -276 15 0
-205 -272 15 0
-206 -272 13 0
-234 -288 16 0
-246 -256 2 2
-221 -274 10 0
-234 -251 5 1
-205 -274 10 0
-232 -270 2 1
-231 -270 2 1
-230 -266 1 1
-242 -258 8 2
-230 -257 14 2
-230 -256 12 1
-230 -256 13 2
-230 -256 14 2
-231 -257 9 1
-230 -257 7 2
-211 -260 8 1
-208 -259 10 0
-210 -252 11 2
-210 -253 11 2
-210 -254 11 2
-210 -259 11 1
-208 -253 13 2
-211 -254 13 2
-213 -256 15 2
-211 -257 13 2
-209 -254 15 2
-203 -254 34 2
-241 -256 32 0
-242 -256 33 0
-242 -254 30 0
-233 -256 30 0
-241 -252 27 0
-240 -253 26 0
-234 -255 26 0
-235 -258 25 2
-202 -275 13 0
-201 -275 13 0
-221 -268 6 0
-218 -270 7 1
-218 -270 6 1
-218 -270 5 1
-215 -258 12 0
-217 -263 12 0
-216 -260 12 0
-211 -251 44 0
-212 -260 44 0
-233 -284 24 1
-233 -287 23 0
-235 -279 24 0
-235 -280 24 1
-235 -280 25 1
-210 -252 25 2
-210 -252 24 2
-210 -252 23 2
-210 -252 22 2
-210 -252 21 2
-210 -252 20 2
-244 -268 16 0
-247 -265 13 0
-248 -265 14 0
-248 -265 15 0
-249 -265 15 0
-246 -267 13 0
-246 -268 14 0
-246 -269 14 1
-247 -269 15 0
-248 -262 15 0
-248 -266 13 0
-250 -267 14 0
-247 -264 12 0
-248 -264 13 0
-250 -263 13 0
-247 -270 11 2
-247 -267 12 1
-246 -263 12 0
-246 -271 11 2
-247 -272 10 1
-247 -272 11 2
-247 -272 12 1
-247 -271 10 1
-247 -271 11 1
-247 -271 12 2
-208 -254 31 2
-208 -254 32 2
-208 -254 33 2
-208 -254 34 2
-208 -254 36 2
-228 -277 14 0
-227 -277 13 0
-226 -277 13 0
-231 -281 13 0
-231 -282 12 0
-230 -277 14 0
-230 -276 13 0
-231 -275 12 0
-230 -279 14 0
-231 -279 13 0
-231 -279 12 0
-232 -279 11 0
-229 -278 12 0
-229 -277 11 0
-239 -268 17 0
-233 -267 15 0
-236 -268 23 0
-229 -277 19 0
-231 -278 18 0
-230 -276 17 0
-230 -275 19 0
-230 -275 20 0
-229 -279 19 0
-222 -292 19 0
-222 -291 20 0
-227 -293 19 0
-228 -293 19 0
-224 -292 18 0
-224 -291 18 0
-225 -290 18 0
-239 -261 18 2
-239 -261 20 2
-239 -261 21 2
-239 -261 22 2
-239 -261 23 2
-239 -260 21 2
-239 -260 22 2
-239 -260 23 2
-239 -260 24 2
-239 -259 18 2
-239 -259 19 2
-241 -264 26 0
-241 -264 25 0
-239 -262 24 2
-206 -299 11 1
-215 -264 7 0
-215 -265 8 1
-249 -262 8 0
-216 -267 9 1
-238 -271 4 2
-238 -270 2 1
-238 -270 3 1
-238 -270 4 1
-237 -272 2 1
-222 -295 11 1
-222 -296 13 1
-222 -296 11 1
-222 -297 13 1
-222 -297 12 1
-222 -297 11 1
-223 -295 13 1
-223 -295 12 1
-223 -295 11 1
-223 -296 13 1
-223 -296 12 2
-223 -296 11 1
-243 -256 4 2
-244 -255 6 2
-209 -290 11 1
-210 -270 4 2
-210 -270 3 2
-210 -271 5 2
-210 -271 4 2
-210 -271 3 2
-210 -272 5 1
-210 -272 4 1
-210 -272 3 2
-211 -270 4 1
-241 -264 33 0
-241 -264 34 0
-240 -260 34 0
-242 -263 31 0
-242 -262 32 0
-243 -262 33 0
-242 -264 31 0
-243 -264 31 0
-242 -261 30 0
-243 -261 30 0
-244 -260 30 0
-243 -267 30 0
-241 -263 29 0
-242 -263 29 0
-243 -263 29 0
-244 -263 29 0
-245 -263 29 0
-241 -261 29 2
-243 -259 28 0
-243 -265 28 0
-242 -262 28 0
-243 -262 27 0
-244 -262 26 0
-240 -261 27 2
-241 -261 26 2
-241 -260 25 2
-241 -263 26 0
-242 -263 25 0
-211 -270 3 2
-249 -261 11 0
-247 -280 14 0
-234 -267 8 1
-233 -268 8 0
-230 -273 9 2
-236 -270 10 0
-236 -259 19 2
-236 -259 18 2
-236 -259 17 2
-236 -259 16 2
-236 -260 26 2
-236 -260 24 2
-236 -260 23 2
-236 -260 22 2
-236 -260 21 2
-236 -260 20 2
-236 -260 19 2
-236 -260 18 2
-236 -260 17 2
-236 -260 16 2
-236 -261 24 2
-236 -261 23 2
-236 -261 22 2
-236 -261 21 2
-236 -261 20 2
-236 -261 19 2
-236 -261 18 2
-236 -261 17 2
-236 -261 16 2
-236 -261 15 2
-236 -261 14 2
-236 -261 13 2
-236 -261 12 2
-236 -261 11 2
-236 -262 24 2
-236 -262 23 2
-236 -262 22 2
-236 -262 21 2
-236 -262 20 2
-236 -262 19 2
-236 -262 18 2
-235 -293 24 0
-241 -294 25 0
-225 -283 14 0
-234 -272 26 0
-236 -264 27 2
-240 -271 27 0
-240 -270 27 0
-239 -270 28 0
-241 -294 7 1
-241 -294 8 1
-239 -292 8 1
-238 -292 8 1
-238 -292 9 1
-238 -292 10 2
-238 -291 8 1
-238 -291 9 1
-237 -272 14 1
-232 -270 14 0
-228 -263 7 0
-237 -268 21 0
-201 -273 13 0
-239 -268 24 0
-234 -267 23 0
-233 -266 24 0
-228 -271 5 2
-239 -269 22 0
-226 -297 17 0
-240 -292 8 1
-211 -255 24 2
-211 -255 23 2
-211 -255 22 2
-223 -260 24 0
-222 -260 24 0
-230 -265 23 0
-242 -252 5 2
-242 -252 7 2
-248 -279 11 0
-250 -279 9 0
-250 -277 9 1
-250 -276 16 0
-250 -279 15 0
-248 -278 13 0
-247 -278 14 0
-250 -273 11 1
-231 -261 4 1
-231 -261 5 1
-231 -262 6 1
-231 -263 7 1
-231 -263 6 1
-231 -264 7 1
-231 -265 7 1
-232 -263 6 1
-233 -263 6 1
-228 -261 6 1
-246 -291 7 1
-246 -292 7 1
-247 -291 7 1
-247 -292 7 1
-247 -259 11 0
-245 -254 11 1
-238 -296 17 0
-243 -290 17 0
-234 -291 17 0
-224 -278 14 0
-216 -285 13 1
-202 -287 11 1
-203 -287 11 1
-204 -288 10 1
-245 -275 5 1
-244 -275 5 1
-244 -275 6 0
-243 -275 7 0
-238 -280 6 1
-237 -274 5 2
-237 -273 3 1
-237 -273 4 1
-237 -273 5 2
-237 -272 3 1
-237 -272 4 1
-237 -272 5 1
-236 -274 3 1
-236 -274 4 1
-236 -274 5 1
-236 -273 3 1
-236 -273 5 1
-236 -272 3 1
-204 -269 9 0
-204 -268 9 0
-205 -274 8 1
-205 -276 9 1
-205 -277 9 1
-226 -297 21 0
-225 -294 21 0
-241 -284 25 1
-240 -282 25 1
-240 -281 26 0
-239 -285 25 0
-238 -286 27 0
-213 -257 9 1
-212 -259 9 1
-211 -259 9 2
-237 -269 11 0
-236 -269 9 0
-233 -271 11 0
-233 -271 10 0
-228 -259 32 1
-227 -265 10 0
-245 -289 11 0
-223 -288 16 0
-222 -291 17 0
-222 -291 16 0
-221 -291 15 0
-220 -291 15 0
-249 -283 7 0
-249 -283 8 0
-221 -293 14 0
-225 -292 15 0
-223 -291 15 0
-223 -291 14 0
-223 -291 13 0
-224 -295 14 0
-225 -293 14 0
-205 -273 15 0
-206 -272 14 0
-208 -258 33 2
-208 -258 34 2
-208 -257 18 2
-208 -257 19 2
-208 -257 20 2
-208 -257 21 2
-239 -286 20 0
-242 -279 20 0
-242 -280 20 0
-242 -281 20 0
-244 -288 20 0
-243 -287 20 0
-246 -282 21 0
-245 -282 21 0
-244 -283 21 0
-208 -257 31 2
-208 -257 32 2
-208 -257 33 2
-208 -256 17 2
-208 -256 18 2
-208 -256 19 2
-208 -256 20 2
-208 -256 21 2
-208 -256 22 2
-208 -256 23 2
-208 -256 24 2
-208 -256 25 2
-208 -256 26 2
-208 -256 27 2
-208 -256 28 2
-228 -299 16 1
-232 -297 14 0
-231 -297 14 0
-214 -266 7 2
-227 -300 15 0
-244 -276 4 1
-237 -257 7 1
-238 -256 7 1
-238 -257 7 1
-247 -278 9 1
-244 -274 9 1
-235 -253 9 0
-206 -277 11 0
-203 -280 7 1
-205 -279 8 2
-204 -280 7 1
-206 -282 17 0
-205 -283 18 0
-206 -281 16 0
-205 -281 16 0
-202 -268 2 1
-202 -269 4 1
-202 -269 3 2
-238 -252 26 0
-234 -253 27 0
-237 -252 29 0
-239 -268 9 0
-206 -255 28 2
-206 -255 27 2
-206 -255 26 2
-206 -255 25 2
-223 -265 9 0
-222 -264 10 0
-245 -259 14 0
-243 -259 16 0
-243 -259 15 0
-243 -259 14 0
-244 -259 13 0
-244 -259 12 0
-244 -286 19 0
-245 -286 19 0
-240 -281 19 0
-240 -280 19 0
-244 -283 18 0
-245 -283 18 0
-243 -287 18 0
-244 -288 18 0
-245 -289 18 0
-245 -285 17 0
-246 -285 17 0
-247 -285 17 0
-238 -281 17 0
-242 -286 20 0
-242 -287 21 0
-243 -288 22 0
-243 -282 21 0
-243 -281 21 0
-217 -274 3 2
-237 -256 25 2
-233 -266 4 2
-233 -265 2 1
-233 -265 4 2
-242 -273 8 1
-243 -272 9 1
-244 -272 9 1
-242 -277 8 0
-248 -252 10 0
-249 -254 11 0
-246 -251 12 0
-248 -252 11 0
-231 -280 25 0
-238 -278 26 0
-235 -279 25 0
-232 -276 27 0
-232 -277 26 0
-232 -278 26 0
-229 -282 27 0
-235 -277 28 0
-235 -277 27 0
-230 -278 28 0
-231 -279 28 0
-232 -279 27 0
-232 -282 28 0
-233 -278 29 0
-232 -280 30 0
-232 -280 29 0
-233 -280 28 0
-233 -280 21 0
-233 -280 22 0
-231 -282 21 0
-232 -282 22 0
-235 -278 22 1
-234 -279 23 0
-234 -280 24 0
-233 -281 24 1
-233 -281 23 1
-233 -282 23 1
-232 -256 25 0
-233 -255 25 0
-234 -255 25 1
-235 -255 26 0
-240 -251 25 0
-240 -252 25 0
-237 -260 25 2
-234 -252 26 0
-235 -253 26 0
-232 -259 13 1
-232 -259 12 1
-211 -288 16 0
-245 -279 3 2
-245 -278 3 2
-245 -272 4 1
-245 -275 6 1
-244 -274 3 1
-241 -296 14 0
-241 -297 14 0
-235 -296 13 0
-236 -291 13 0
-235 -290 12 0
-238 -295 13 1
-239 -298 12 0
-234 -294 11 2
-235 -295 10 1
-235 -295 11 1
-205 -259 11 0
-210 -256 11 2
-209 -254 12 2
-208 -254 12 2
-207 -255 12 2
-207 -252 14 2
-232 -282 15 0
-233 -282 14 0
-250 -281 3 2
-250 -281 4 1
-248 -281 2 1
-248 -281 3 2
-248 -281 4 2
-248 -280 2 1
-248 -280 3 2
-248 -280 4 2
-248 -279 2 1
-248 -279 3 1
-248 -279 4 1
-243 -293 16 0
-227 -286 14 0
-228 -284 12 2
-224 -288 12 1
-250 -254 3 1
-204 -285 11 0
-243 -282 6 1
-242 -282 6 1
-205 -286 13 0
-204 -284 11 0
-206 -284 8 1
-206 -284 9 2
-206 -284 10 1
-203 -287 14 0
-207 -286 11 1
-222 -283 6 2
-208 -285 10 2
-208 -285 9 1
-220 -273 5 2
-221 -273 7 1
-221 -273 5 1
-219 -273 9 0
-220 -271 11 0
-213 -274 12 0
-201 -260 10 0
-205 -263 10 0
-212 -274 11 0
-209 -252 3 1
-209 -252 2 1
-209 -252 1 1
-209 -251 8 2
-215 -274 2 1
-215 -275 2 1
-216 -274 2 1
-216 -275 2 1
-218 -276 4 1
-247 -279 2 1
-248 -289 7 0
-250 -288 8 0
-249 -291 5 1
-249 -291 4 1
-249 -291 3 1
-250 -291 5 1
-250 -291 4 1
-250 -291 3 1
-215 -255 42 0
-214 -255 42 0
-214 -251 43 0
-239 -252 18 0
-214 -261 10 0
-211 -264 11 0
-211 -264 5 0
-227 -290 18 0
-224 -286 18 0
-225 -287 10 2
-210 -259 1 1
-210 -259 2 1
-211 -262 6 0
-213 -265 6 1
-213 -266 7 1
-223 -277 8 2
-223 -277 10 1
-222 -278 8 1
-222 -277 8 1
-222 -277 10 1
-227 -293 14 0
-226 -298 15 0
-227 -294 14 1
-207 -299 14 0
-242 -296 22 0
-241 -265 14 1
-235 -295 22 0
-240 -290 23 0
-240 -291 22 0
-240 -265 11 1
-239 -296 22 0
-236 -293 23 0
-216 -277 7 0
-214 -275 5 1
-214 -275 4 1
-214 -275 3 2
-214 -276 5 1
-214 -276 4 2
-230 -260 21 0
-229 -260 21 0
-225 -265 20 0
-225 -264 21 0
-226 -263 21 0
-227 -262 22 0
-226 -257 21 0
-226 -258 21 0
-227 -259 22 0
-231 -264 21 0
-217 -253 27 2
-217 -253 26 2
-217 -253 25 2
-217 -253 24 2
-217 -253 23 2
-217 -253 22 2
-239 -282 23 1
-242 -286 21 0
-242 -287 22 0
-242 -288 23 0
-223 -251 36 0
-224 -253 38 0
-223 -252 39 0
-218 -254 38 0
-219 -254 41 0
-222 -251 41 0
-225 -252 42 0
-221 -252 38 0
-221 -255 39 0
-240 -253 27 0
-234 -254 27 0
-233 -254 27 0
-232 -254 27 0
-240 -259 27 2
-205 -254 8 2
-206 -252 10 2
-206 -252 9 2
-206 -252 8 2
-206 -253 10 2
-212 -257 6 2
-212 -257 7 2
-212 -257 8 2
-209 -262 6 0
-210 -264 6 1
-236 -255 33 0
-210 -257 34 2
-216 -256 18 0
-217 -256 15 0
-229 -260 13 1
-229 -260 14 1
-249 -256 7 0
-212 -283 11 1
-244 -254 13 0
-242 -261 13 0
-247 -259 13 0
-248 -259 13 0
-244 -263 12 1
-244 -264 12 1
-246 -256 12 0
-234 -254 14 0
-207 -251 31 2
-231 -253 14 2
-231 -253 13 2
-231 -254 15 1
-209 -254 5 1
-236 -253 16 0
-243 -276 2 1
-243 -276 1 1
-244 -276 1 1
-244 -271 1 1
-244 -272 1 1
-245 -271 1 1
-245 -272 1 1
-245 -273 1 1
-246 -271 1 1
-246 -272 1 1
-246 -273 1 1
-247 -274 3 2
-242 -292 18 0
-241 -292 17 0
-206 -266 7 1
-209 -296 8 1
-215 -258 5 2
-206 -278 7 1
-206 -278 9 1
-204 -278 9 1
-205 -278 9 1
-206 -277 9 1
-202 -258 3 2
-202 -258 2 1
-216 -259 4 1
-201 -254 4 1
-201 -254 3 2
-216 -266 2 1
-202 -254 24 2
-202 -254 23 2
-227 -256 29 0
-229 -264 31 0
-230 -263 30 0
-229 -256 31 0
-227 -261 32 1
-228 -257 32 0
-204 -265 12 0
-205 -260 13 0
-203 -260 12 0
-236 -265 17 2
-235 -264 16 2
-239 -251 6 1
-240 -251 6 1
-250 -256 1 1
-250 -256 2 2
-206 -276 5 2
-210 -271 6 1
-210 -271 7 1
-210 -270 6 2
-210 -270 7 2
-206 -274 7 1
-205 -274 6 1
-204 -274 6 1
-205 -260 11 0
-241 -281 11 1
-240 -282 12 1
-239 -282 12 1
-245 -281 11 0
-246 -281 11 0
-243 -282 11 0
-246 -279 11 0
-247 -278 11 0
-241 -280 10 1
-222 -294 11 1
-222 -294 10 1
-222 -295 10 1
-223 -283 18 0
-225 -295 12 1
-225 -295 11 1
-225 -296 13 1
-226 -281 18 0
-225 -296 11 2
-201 -255 31 2
-201 -254 11 2
-201 -254 12 2
-232 -252 16 0
-248 -278 3 1
-201 -254 15 2
-208 -276 11 0
-209 -275 11 0
-208 -277 11 0
-201 -254 19 2
-201 -254 20 2
-246 -267 7 2
-246 -268 7 1
-246 -269 9 1
-246 -269 8 1
-246 -269 7 1
-247 -269 9 1
-208 -260 41 0
-202 -261 42 0
-203 -260 42 0
-207 -258 41 0
-208 -263 43 0
-207 -261 42 0
-205 -258 42 0
-209 -259 43 0
-209 -259 42 0
-205 -262 44 0
-205 -259 45 0
-206 -259 43 0
-221 -251 41 0
-224 -252 41 0
-223 -251 41 0
-223 -253 43 0
-222 -252 43 0
-221 -252 45 0
-218 -251 46 0
-221 -252 40 0
-220 -254 42 0
-224 -251 45 0
-221 -253 46 0
-218 -252 47 0
-218 -251 40 0
-221 -253 39 0
-220 -252 40 0
-223 -252 41 0
-222 -253 43 0
-221 -252 43 0
-223 -251 45 0
-222 -251 44 0
-217 -252 47 0
-221 -251 47 0
-221 -251 39 0
-220 -253 39 0
-220 -252 41 0
-231 -263 30 0
-230 -266 28 0
-228 -263 28 0
-228 -265 27 0
-227 -260 27 0
-230 -263 27 0
-231 -259 26 1
-228 -262 27 0
-240 -287 26 0
-235 -286 27 1
-238 -287 26 0
-238 -288 26 0
-204 -254 12 1
-204 -255 12 0
-242 -284 29 0
-236 -283 28 1
-230 -262 31 0
-230 -262 32 0
-229 -259 33 0
-229 -258 34 0
-228 -264 33 0
-230 -264 32 0
-228 -262 30 0
-225 -263 32 0
-228 -258 31 0
-228 -265 30 0
-228 -266 31 0
-231 -264 30 0
-227 -259 29 0
-226 -258 29 0
-226 -262 28 0
-225 -262 28 0
-227 -265 27 0
-232 -262 25 2
-239 -288 28 0
-202 -256 15 0
-205 -255 12 0
-204 -255 13 0
-203 -256 13 0
-203 -255 16 0
-203 -256 15 0
-201 -256 17 0
-201 -257 16 0
-245 -289 13 0
-233 -257 11 2
-233 -256 10 1
-233 -256 11 1
-239 -253 11 2
-240 -253 10 1
-250 -272 11 2
-234 -253 11 0
-229 -263 29 0
-227 -262 28 0