DAV_OBMAP v3 cell_size=10
-166 -13 47 0
-166 -13 48 0
-166 -13 46 0
-168 -15 47 0
-168 -15 48 0
-168 -15 46 0
-166 -15 49 0
-166 -15 45 1
-167 -14 44 1
-166 -14 44 1
-165 -14 44 1
-165 -13 47 0
-165 -13 48 0
-165 -13 46 0
-166 -12 47 0
-168 -13 47 0
-167 -13 48 0
-167 -13 46 0
-168 -14 47 0
-168 -14 48 0
-168 -14 46 0
-166 -14 49 0
-166 -14 45 2
-167 -13 44 1
-166 -13 44 1
-165 -13 44 1
-166 -12 48 0
-166 -12 46 1
-167 -13 47 0
-168 -13 48 0
-168 -13 46 0
-165 -12 47 0
-165 -12 48 0
-165 -12 46 0
-167 -12 47 0
-167 -11 47 0
-153 -49 8 0
-167 -12 48 0
-167 -12 46 1
-167 -11 46 1
-168 -12 47 0
-168 -12 48 0
-168 -12 46 1
-169 -13 47 0
-169 -13 46 0
-167 -13 49 0
-167 -13 45 2
-167 -14 46 0
-168 -16 47 0
-168 -16 46 0
-166 -16 49 0
-166 -16 45 1
-165 -11 47 0
-165 -11 46 0
-167 -11 48 0
-168 -11 47 0
-168 -11 46 1
-169 -13 48 0
-166 -11 47 0
-166 -11 48 0
-166 -11 46 1
-167 -10 47 0
-167 -10 46 1
-168 -11 48 0
-169 -12 47 0
-169 -12 48 0
-169 -12 46 1
-167 -12 49 0
-167 -12 45 2
-168 -11 44 1
-167 -11 44 1
-166 -11 44 1
-166 -10 47 0
-166 -10 48 0
-166 -10 46 1
-167 -10 48 0
-169 -10 47 0
-169 -10 48 0
-169 -10 46 1
-168 -10 47 0
-168 -9 47 0
-168 -9 48 0
-168 -10 46 1
-168 -9 46 0
-169 -11 47 0
-170 -11 47 0
-169 -11 48 0
-169 -11 46 1
-168 -11 49 0
-168 -11 45 3
-169 -12 44 1
-169 -11 44 1
-169 -10 44 6
-168 -10 44 7
-167 -10 44 1
-166 -9 47 0
-166 -9 48 0
-166 -9 46 1
-169 -9 47 0
-169 -9 48 0
-169 -9 46 0
-170 -11 48 0
-170 -11 46 1
-174 -1 4 2
-174 -2 4 1
-174 -1 3 1
-174 -1 2 1
-177 -3 1 1
-162 -5 0 1
-176 -2 -1 1
-177 -2 -1 1
-178 -2 -1 1
-181 -3 0 1
-181 -4 0 1
-177 -1 1 1
-177 -1 3 1
-177 -1 2 1
-176 -2 2 0
-173 -2 0 1
-173 -3 0 1
-174 -2 0 1
-173 -2 1 1
-171 -38 2 0
-170 -35 3 0
-168 -37 1 1
-168 -37 2 0
-165 -35 7 0
-164 -36 8 0
-157 -50 4 5
-156 -50 4 5
-152 -41 4 0
-164 -41 4 0
-157 -34 0 0
-157 -34 1 0
-155 -36 1 0
-163 -36 9 0
-191 -37 7 1
-191 -37 6 1
-192 -36 6 1
-193 -35 5 0
-192 -35 6 0
-193 -36 5 1
-193 -34 6 1
-193 -34 5 0
-194 -33 4 2
-193 -33 7 1
-194 -32 7 2
-194 -33 7 1
-200 -38 5 0
-200 -38 6 0
-153 -7 10 0
-152 -6 10 0
-152 -7 10 0
-152 -5 9 0
-151 -6 10 0
-155 -13 1 1
-155 -13 6 0
-199 -40 1 0
-152 -26 1 1
-152 -26 0 1
-186 -11 6 0
-184 -10 7 0
-184 -11 7 0
-184 -11 6 0
-166 -47 3 0
-168 -47 3 0
-168 -46 2 0
-167 -46 2 0
-158 -8 5 0
-156 -5 5 0
-158 -30 1 10
-158 -29 1 5
-158 -29 2 1000
-158 -28 3 1
-187 -39 -1 1
-186 -40 -1 1
-187 -36 2 0
-177 -7 3 17
-177 -7 4 13
-160 -24 9 0
-187 -31 7 1
-190 -34 5 1000
-190 -34 6 1
-191 -33 5 3
-191 -32 3 1
-197 -41 0 1
-183 -50 8 1
-200 -43 7 0
-157 -10 0 1
-152 -14 1 1
-151 -13 2 1
-151 -13 6 0
-190 -39 2 2
-190 -39 3 1
-151 -15 5 0
-151 -14 5 0
-151 -14 4 0
-151 -11 1 1
-151 -12 1 1
-152 -12 2 1
-152 -11 2 1
-151 -11 3 1
-154 -13 6 0
-153 -14 6 0
-153 -14 7 0
-153 -13 6 0
-153 -13 7 0
-153 -14 2 1
-155 -18 5 0
-155 -16 6 0
-155 -15 6 0
-157 -18 5 1
-154 -16 6 0
-154 -16 7 0
-153 -15 6 0
-153 -15 7 0
-154 -18 7 0
-154 -17 6 0
-157 -19 4 1
-157 -19 5 1
-156 -20 6 0
-156 -19 6 0
-155 -20 7 0
-155 -19 6 0
-155 -19 7 0
-158 -21 4 0
-158 -21 5 0
-157 -21 5 0
-162 -43 1 1
-160 -45 1 0
-178 -47 -1 2
-178 -47 0 5
-178 -47 1 1
-178 -46 -1 4
-178 -46 0 3
-178 -46 1 1
-178 -45 -1 1
-171 -29 0 1
-172 -28 1 1
-172 -28 0 1
-172 -29 0 1
-189 -20 3 1
-160 -34 6 0
-178 -17 3 0
-165 -40 4 0
-177 -17 -1 1
-176 -17 -1 1
-170 -34 5 0
-170 -33 4 0
-170 -34 4 0
-168 -33 5 0
-151 -37 4 4
-164 -1 3 1
-154 -49 2 0
-152 -17 10 0
-197 -27 -1 1
-152 -15 9 0
-152 -15 10 0
-151 -16 10 0
-152 -15 11 0
-152 -15 8 0
-152 -15 7 0
-162 -37 2 7
-154 -36 5 0
-154 -36 4 0
-153 -34 5 1
-152 -34 5 0
-200 -30 4 0
-151 -34 6 1
-152 -34 6 1
-200 -44 4 0
-171 -31 1 1
-171 -31 2 0
-151 -34 5 7
-170 -32 2 1
-170 -32 4 0
-170 -32 3 0
-171 -33 2 0
-159 -13 0 1
-159 -13 2 1
-199 -23 3 0
-190 -15 6 1
-199 -27 2 0
-199 -27 1 1
-188 -37 2 0
-159 -20 10 3
-161 -38 3 1
-194 -11 4 0
-193 -10 5 0
-156 -36 4 0
-200 -22 3 0
-171 -38 1 0
-168 -38 1 0
-168 -38 3 0
-168 -38 2 0
-158 -12 0 1
-158 -12 1 2
-158 -11 -1 1
-158 -11 0 2
-173 -46 1 1000
-157 -31 1 3
-200 -38 11 0
-200 -39 12 0
-175 -46 1 1
-172 -46 1 0
-167 -39 3 0
-167 -39 4 0
-198 -32 3 1
-182 -9 2 1
-160 -40 3 0
-160 -38 4 0
-157 -37 2 1
-157 -38 2 1
-152 -21 5 0
-172 -30 6 0
-169 -26 1 1
-170 -26 1 1
-199 -34 5 0
-199 -34 3 0
-159 -42 1 1
-159 -41 -1 1
-159 -41 0 3
-159 -41 1 1000
-163 -42 -2 1
-169 -19 7 1
-151 -2 10 0
-153 -2 11 0
-154 -50 1 3
-154 -2 12 0
-169 -48 6 0
-169 -21 3 1
-186 -21 4 0
-156 -30 5 1
-157 -29 7 0
-157 -29 8 0
-163 -42 2 0
-164 -41 1 0
-160 -33 2 1
-161 -33 1 1000
-166 -46 6 0
-171 -35 6 0
-166 -48 5 0
-166 -47 5 0
-167 -47 5 0
-164 -8 4 1
-164 -8 0 1
-164 -12 3 1
-200 -42 8 1
-199 -41 14 1
-199 -41 10 1
-200 -47 12 0
-165 -10 1 2
-158 -32 0 1
-165 -9 0 5
-164 -11 0 1
-164 -11 1 18
-164 -11 2 7
-164 -10 0 1
-163 -11 0 3
-163 -12 1 2
-163 -12 2 1
-200 -21 -1 1
-170 -32 6 0
-151 -20 7 0
-159 -23 3 0
-161 -22 5 0
-152 -46 0 1
-200 -37 14 1
-199 -38 11 0
-151 -39 4 3
-160 -33 1 1000
-170 -48 -2 1
-160 -14 5 1
-164 -40 4 0
-165 -36 5 0
-164 -35 5 0
-161 -35 7 0
-159 -46 7 0
-159 -33 7 0
-159 -32 7 0
-158 -31 7 0
-157 -31 7 0
-157 -30 7 0
-154 -30 3 1
-156 -30 7 0
-156 -29 7 0
-155 -28 7 0
-155 -28 6 0
-154 -27 7 0
-154 -27 6 0
-154 -26 7 0
-151 -4 6 0
-180 -45 5 0
-190 -15 1 1
-191 -15 1 1
-179 -41 6 0
-156 -42 4 0
-173 -49 7 0
-186 -41 2 0
-186 -40 2 0
-186 -40 3 0
-186 -40 1 0
-187 -40 2 1000
-184 -1 0 1
-175 -23 4 0
-175 -26 6 0
-175 -26 4 0
-163 -26 4 4
-163 -26 3 1
-163 -26 2 1
-166 -27 3 0
-186 -27 0 1
-186 -27 4 0
-185 -29 2 0
-188 -30 1 1
-189 -30 1 1
-187 -30 4 1
-188 -30 4 1
-168 -48 6 0
-155 -41 -1 1
-154 -43 -1 1
-199 -7 1 1
-151 -4 3 1
-163 -43 1 1
-189 -38 3 1
-189 -38 2 1
-189 -38 1 1
-200 -4 4 0
-199 -4 3 0
-200 -2 2 0
-164 -45 5 0
-198 -7 1 1
-198 -7 2 3
-170 -35 6 0
-177 -49 6 0
-155 -35 1 0
-165 -25 6 0
-158 -32 -1 1
-158 -31 -1 1
-170 -39 -3 1
-170 -40 -3 1
-168 -35 4 0
-169 -36 6 0
-171 -36 5 0
-171 -35 5 0
-189 -6 6 1
-192 -8 5 0
-192 -6 6 1
-189 -32 5 2
-190 -31 4 1
-190 -31 5 1
-190 -31 6 1
-189 -32 6 1
-190 -32 7 2
-190 -31 7 1
-190 -31 3 1
-192 -32 5 8
-193 -32 4 1
-161 -40 2 0
-193 -32 5 7
-193 -32 6 3
-193 -31 4 1
-168 -12 3 1
-155 -43 0 1
-155 -42 0 2
-184 -47 10 1
-200 -34 8 1
-156 -44 4 1
-156 -42 7 0
-156 -42 3 1
-199 -44 10 1
-198 -44 10 1
-197 -44 10 2
-159 -44 4 0
-157 -44 4 0
-157 -43 3 0
-157 -43 2 0
-157 -42 3 0
-158 -41 3 1
-166 -28 4 0
-168 -27 5 0
-160 -44 4 0
-160 -44 3 0
-158 -43 3 0
-158 -43 2 0
-173 -45 1 0
-172 -46 -1 1
-173 -46 -1 1
-174 -46 -1 1
-173 -47 0 178
-173 -47 4 0
-173 -45 2 0
-175 -46 3 0
-155 -27 3 0
-173 -46 3 0
-199 -36 0 1
-199 -36 1 1
-199 -35 -1 1
-199 -35 0 1
-199 -34 -1 1
-199 -34 0 1
-159 -47 1 0
-159 -46 3 0
-159 -47 2 0
-160 -47 1 0
-160 -46 1 0
-189 -29 1 1
-200 -21 4 0
-200 -21 5 0
-199 -20 4 0
-156 -47 5 0
-158 -46 8 0
-158 -46 4 0
-164 -40 2 0
-199 -37 12 0
-199 -34 8 1
-199 -35 8 1
-199 -36 8 1
-180 -43 4 0
-162 -11 -1 1
-197 -5 1 1
-197 -5 2 1
-197 -5 3 1
-197 -4 1 1
-157 -33 4 1
-151 -7 6 0
-151 -6 6 0
-198 -50 6 0
-155 -7 9 0
-180 -11 1 0
-180 -13 1 3
-180 -13 2 9
-180 -13 3 3
-193 -6 5 1
-185 -27 2 0
-158 -11 1 4
-183 -27 3 1
-183 -26 1 1
-183 -26 2 1
-189 -7 1 1
-154 -17 0 1
-196 -14 3 3
-188 -14 2 3
-188 -14 1 1
-152 -40 0 1
-153 -40 0 1
-200 -40 6 0
-199 -40 6 0
-200 -38 7 0
-152 -2 2 2
-151 -2 6 0
-174 -14 3 0
-199 -42 14 1
-157 -33 0 1
-172 -23 1 2
-156 -39 1 1
-156 -40 2 1
-156 -40 1 1
-183 -21 0 1
-184 -21 0 1
-154 -27 1 6
-152 -2 1 1
-153 -2 1 1
-157 -22 3 0
-152 -3 5 0
-153 -3 3 0
-186 -37 2 0
-156 -22 -1 1
-155 -22 -1 1
-154 -22 -1 1
-152 -9 11 0
-152 -8 11 0
-162 -13 2 1
-162 -13 1 1
-162 -13 0 1
-155 -1 1 2
-156 -2 0 1
-155 -2 0 1
-154 -2 0 1
-169 -22 5 1
-168 -23 3 0
-168 -24 4 0
-199 -44 8 1
-197 -45 11 1
-197 -45 12 1
-165 -21 2 1
-165 -22 2 1
-165 -23 2 1
-166 -21 2 1
-166 -21 4 1
-166 -22 5 4
-200 -16 4 0
-200 -16 0 2
-200 -17 -1 1
-199 -17 -1 1
-200 -39 -2 1
-198 -39 1 1
-161 -9 1 1000
-165 -21 4 1
-165 -21 3 1
-165 -22 5 1
-165 -22 4 1
-165 -22 3 1
-165 -23 5 1
-165 -23 4 1
-165 -23 3 2
-156 -20 10 0
-169 -21 6 1
-169 -23 3 0
-186 -6 2 0
-196 -38 3 1
-196 -39 5 1
-196 -39 4 1
-196 -39 3 1
-200 -25 13 0
-197 -38 3 1
-184 -3 4 1
-184 -4 4 1
-184 -5 4 1
-160 -36 0 1
-198 -38 7 1
-198 -39 7 2
-154 -13 3 0
-178 -16 0 5
-176 -16 -1 1
-177 -17 0 2
-175 -20 1 1
-178 -19 0 1
-178 -20 1 1
-179 -20 2 1
-179 -20 1 1
-160 -48 2 0
-160 -38 2 4
-170 -22 7 0
-181 -46 9 0
-181 -46 8 0
-157 -50 7 1
-156 -18 10 0
-156 -18 9 0
-155 -39 4 0
-155 -32 3 1
-156 -39 4 0
-160 -11 1 1
-158 -9 2 0
-175 -15 0 1
-189 -28 4 1
-188 -28 2 7
-188 -28 3 4
-188 -28 4 1
-187 -28 4 1
-176 -35 6 0
-177 -35 5 0
-167 -20 4 1
-169 -19 4 9
-177 -19 0 1
-177 -20 1 1
-177 -20 0 1
-178 -20 0 1
-179 -19 1 1
-169 -22 3 0
-181 -50 0 1
-181 -50 1 2
-197 -33 1 2
-200 -21 6 0
-198 -30 1 1
-189 -7 2 2
-190 -7 2 2
-157 -9 5 0
-157 -12 4 0
-169 -23 5 0
-164 -6 0 2
-164 -5 0 1
-164 -8 2 8
-164 -9 1 1000
-164 -9 2 1000
-164 -9 3 1
-164 -8 1 1
-164 -8 3 1
-164 -7 1 13
-164 -7 2 12
-199 -33 4 0
-199 -33 5 0
-200 -34 3 0
-199 -33 3 0
-156 -40 4 0
-159 -17 11 1
-159 -17 12 1
-198 -41 4 5
-160 -17 2 1
-161 -14 1 1
-161 -15 1 1
-161 -16 1 1
-160 -14 2 1
-155 -15 2 0
-187 -47 6 1
-156 -15 2 0
-157 -14 2 0
-157 -14 3 0
-157 -16 2 0
-157 -15 2 0
-157 -16 3 0
-195 -32 2 1
-196 -31 2 1
-196 -32 2 1
-197 -31 2 1
-191 -15 4 1
-190 -14 5 3
-191 -10 6 0
-176 -17 7 0
-163 -10 0 1
-165 -10 4 1
-165 -9 4 1
-179 -41 4 0
-200 -41 2 0
-200 -41 0 0
-200 -41 -2 1
-170 -30 5 0
-159 -40 1 1000
-159 -39 1 1
-159 -38 1 3
-177 -17 7 0
-165 -31 4 0
-171 -17 1 7
-171 -17 0 1
-188 -1 4 1
-187 -2 4 1
-192 -47 10 1
-156 -39 50 1
-156 -38 50 1
-154 -39 53 0
-153 -37 52 1
-153 -37 53 3
-153 -37 54 2
-153 -36 52 1
-153 -36 53 1
-153 -36 54 1
-155 -38 54 0
-155 -36 51 1
-154 -37 51 1
-154 -36 51 1
-153 -38 51 1
-153 -37 51 1
-153 -36 51 1
-155 -35 52 1
-155 -35 53 1
-155 -35 54 1
-156 -41 53 0
-156 -41 54 0
-155 -40 53 0
-155 -40 54 0
-156 -39 55 0
-156 -39 51 3
-155 -40 50 1
-155 -39 50 1
-153 -19 11 0
-153 -19 10 0
-154 -19 11 0
-154 -20 11 0
-155 -20 11 0
-154 -39 54 0
-154 -20 10 0
-154 -21 11 0
-154 -21 10 0
-153 -21 11 0
-153 -22 11 0
-153 -21 10 0
-153 -22 10 0
-151 -21 11 0
-152 -39 53 2
-152 -21 10 0
-153 -20 9 0
-152 -38 53 3
-155 -38 53 0
-158 -41 53 0
-155 -41 53 0
-153 -39 53 1
-153 -40 52 1
-153 -38 52 1
-152 -40 54 1000
-152 -39 54 1
-152 -38 54 1
-154 -38 53 0
-154 -38 54 0
-157 -41 54 0
-154 -41 53 0
-154 -41 54 0
-153 -39 54 1
-151 -40 52 1
-151 -40 53 4
-151 -40 54 1000
-151 -39 52 1
-151 -39 53 1
-151 -39 54 1
-160 -12 4 1
-161 -9 0 1
-162 -25 8 0
-172 -44 2 0
-172 -44 5 0
-172 -44 4 0
-174 -44 2 0
-174 -44 4 0
-174 -44 3 0
-173 -43 4 0
-172 -42 2 0
-172 -42 4 0
-172 -42 3 0
-170 -43 4 0
-171 -43 3 0
-172 -45 5 0
-162 -39 7 0
-173 -43 2 0
-161 -39 7 0
-173 -43 3 0
-172 -43 2 0
-172 -43 4 0
-172 -43 3 0
-172 -44 3 0
-170 -43 3 0
-171 -45 -1 1
-172 -45 -1 1
-171 -46 0 6
-174 -48 2 0
-174 -48 3 0
-174 -47 2 0
-174 -47 3 0
-173 -48 3 0
-173 -47 2 0
-173 -47 3 0
-162 -38 7 0
-162 -37 7 0
-161 -38 7 0
-161 -37 7 0
-173 -44 2 0
-173 -44 4 0
-173 -44 3 0
-171 -44 2 0
-171 -44 4 0
-171 -44 3 0
-170 -44 2 0
-170 -44 3 0
-171 -47 0 1
-171 -45 2 0
-183 -49 6 0
-179 -45 2 0
-179 -46 2 0
-180 -46 -1 2
-181 -46 -1 1
-182 -46 -1 1
-181 -47 0 17
-181 -45 2 0
-176 -47 2 0
-176 -47 3 0
-175 -47 2 0
-175 -47 3 0
-179 -47 2 0
-182 -46 2 0
-180 -47 -1 1
-180 -48 -1 1
-181 -46 2 0
-181 -47 2 0
-170 -29 2 1
-171 -29 2 1
-173 -31 2 0
-172 -32 3 0
-172 -32 4 0
-182 -47 2 0
-173 -47 5 0
-173 -45 4 0
-174 -46 4 0
-183 -48 1 1
-182 -49 6 0
-164 -40 1 1
-188 -7 2 5
-188 -7 3 3
-185 -44 2 0
-154 -19 5 0
-168 -15 2 1
-177 -15 1 6
-168 -15 1 1
-155 -46 1 1
-177 -15 2 16
-178 -16 1 2
-178 -15 1 22
-178 -15 2 35
-200 -37 -2 1
-176 -14 1 1
-177 -17 3 0
-170 -31 5 0
-200 -22 6 0
-200 -22 5 0
-169 -38 -1 1
-169 -37 -1 1
-169 -37 0 1
-168 -38 -1 1
-168 -38 0 1
-168 -37 -1 1
-163 -20 4 1
-199 -15 6 0
-168 -37 0 1
-197 -15 7 1
-171 -41 0 0
-170 -42 2 0
-171 -42 0 0
-196 -15 7 1
-167 -50 2 1
-200 -25 3 0
-199 -24 4 0
-199 -25 4 0
-199 -24 5 0
-199 -24 3 0
-179 -49 9 0
-185 -37 1 0
-183 -23 0 1
-184 -22 0 1
-184 -23 0 1
-185 -47 6 0
-184 -44 7 0
-186 -45 6 1
-184 -46 9 0
-185 -44 7 0
-185 -44 8 0
-185 -44 6 0
-187 -44 8 7
-188 -44 7 4
-188 -44 8 1
-188 -44 9 1
-188 -43 7 1
-188 -43 8 1
-188 -43 9 1
-187 -44 9 1
-187 -43 7 1
-164 -23 5 1
-161 -22 4 1
-166 -24 5 1
-168 -22 6 2
-168 -22 7 2
-168 -21 6 3
-168 -21 7 2
-167 -21 7 1
-168 -23 8 1
-168 -22 8 1
-168 -21 8 1
-167 -21 8 1
-168 -23 5 1
-167 -24 6 0
-167 -24 7 1
-167 -25 6 0
-165 -24 8 1
-164 -24 8 1
-169 -22 7 1
-169 -21 7 1
-169 -23 8 1
-169 -22 8 1
-169 -21 8 1
-168 -23 6 0
-168 -23 7 0
-169 -23 6 0
-168 -25 6 0
-168 -25 7 0
-196 -38 4 1
-196 -38 5 1
-196 -37 3 1
-196 -37 4 1
-196 -37 5 1
-188 -12 -1 1
-188 -13 -1 1
-189 -12 0 1
-170 -23 6 0
-170 -23 7 0
-170 -24 6 0
-170 -24 7 0
-193 -16 2 1
-177 -46 5 0
-177 -47 6 0
-177 -46 6 0
-178 -47 5 0
-178 -47 6 0
-161 -5 3 1
-188 -38 1 1
-154 -41 -1 1
-200 -15 5 0
-199 -15 4 0
-199 -15 5 0
-200 -14 6 0
-185 -49 10 1
-185 -49 8 1
-171 -15 6 1
-171 -16 6 1
-154 -32 4 12
-154 -32 5 1
-197 -38 1 1
-191 -7 2 1
-200 -38 1 1
-156 -44 1 1
-151 -47 2 1
-188 -46 2 9
-187 -45 1 1
-199 -36 4 0
-199 -36 5 0
-152 -18 3 0
-153 -16 6 0
-153 -16 1 1
-185 -50 -1 1
-181 -10 -1 1
-187 -50 4 0
-177 -31 2 0
-177 -31 3 0
-189 -50 3 1000
-175 -31 4 0
-162 -42 -3 1
-174 -21 3 1
-184 -40 3 0
-184 -40 4 0
-182 -38 3 0
-182 -38 5 0
-182 -38 4 0
-181 -39 3 0
-165 -31 3 1
-167 -31 4 0
-167 -31 3 1
-166 -33 4 0
-167 -33 4 0
-166 -33 3 1
-175 -31 1 0
-162 -38 3 1
-157 -41 5 0
-161 -39 6 0
-161 -39 5 0
-156 -33 3 14
-153 -50 4 4
-153 -49 4 1
-187 -46 -1 1
-187 -46 0 6
-187 -46 1 1
-186 -46 -1 1
-186 -46 0 1
-186 -46 1 1
-189 -49 2 1
-190 -47 -1 1
-189 -47 -1 1
-189 -47 0 1
-168 -26 7 0
-191 -50 -1 1
-179 -49 5 0
-179 -49 6 0
-178 -48 7 0
-178 -48 4 0
-178 -48 3 1
-154 -23 7 0
-180 -40 0 1
-186 -15 6 1
-168 -6 3 1
-169 -6 3 1
-184 -50 8 1
-184 -50 9 3
-199 -21 7 1
-198 -20 6 2
-198 -20 5 0
-199 -20 6 0
-196 -18 7 1
-197 -17 3 1
-183 -5 4 1
-183 -4 4 1
-183 -3 4 1
-184 -5 1 1
-184 -4 1 1
-184 -1 1 2
-183 -1 1 1
-183 -1 2 1
-183 -1 3 1
-200 -14 1 0
-167 -27 4 0
-167 -29 1 1
-168 -29 1 2
-169 -29 1 2
-198 -32 1 1
-198 -32 0 2
-154 -24 0 1
-200 -24 2 0
-200 -23 -1 1
-158 -21 11 1
-159 -21 11 1
-158 -20 10 1
-184 -47 -1 1
-174 -11 1 0
-174 -11 3 0
-155 -31 0 1
-155 -14 0 1
-155 -47 6 0
-151 -1 9 0
-152 -14 4 0
-152 -14 5 0
-153 -42 4 0
-154 -42 3 1
-155 -31 1 1
-155 -31 2 1
-157 -31 3 8
-173 -33 5 0
-174 -32 5 0
-173 -31 5 0
-160 -28 1 5
-200 -19 12 0
-200 -19 13 0
-200 -19 11 0
-200 -20 11 0
-166 -6 1 1
-160 -38 6 0
-161 -37 5 0
-151 -48 2 0
-161 -37 6 0
-157 -37 5 0
-157 -37 6 0
-158 -36 5 0
-152 -2 11 0
-153 -4 9 0
-153 -4 13 0
-153 -4 12 0
-155 -21 5 0
-169 -13 1 4
-177 -15 4 1
-175 -14 4 0
-175 -14 5 0
-176 -15 -1 1
-174 -15 -1 1
-174 -14 -1 1
-174 -13 -1 1
-176 -13 2 1
-153 -7 8 0
-156 -48 -1 1
-161 -34 7 0
-176 -43 5 0
-157 -29 4 1
-157 -33 3 2
-178 -43 6 0
-177 -44 7 0
-174 -33 7 0
-177 -44 6 0
-176 -45 7 0
-165 -21 9 1
-165 -21 10 1
-164 -21 8 1
-164 -21 9 1
-172 -34 2 0
-172 -34 3 0
-169 -38 6 0
-170 -40 5 0
-170 -40 4 0
-170 -38 5 0
-171 -38 4 0
-196 -47 7 0
-165 -35 9 0
-165 -35 10 0
-165 -35 8 0
-164 -34 9 0
-163 -34 9 0
-164 -34 10 0
-164 -34 8 0
-165 -33 11 0
-165 -33 8 0
-165 -33 7 0
-167 -43 6 0
-166 -42 7 0
-200 -31 6 0
-199 -31 6 0
-165 -26 10 0
-198 -33 6 1
-174 -14 2 0
-170 -49 5 1000
-153 -39 0 1
-151 -36 3 1
-154 -44 0 1
-151 -36 4 5
-151 -36 5 4
-166 -50 1 1
-197 -16 4 1
-198 -15 4 1
-198 -16 6 1
-195 -15 7 1
-194 -14 3 2
-166 -33 8 0
-167 -34 9 0
-167 -34 8 0
-166 -35 9 0
-166 -35 8 0
-194 -15 3 1
-194 -14 4 2
-194 -12 7 1
-157 -27 1 2
-200 -35 5 0
-200 -35 6 0
-185 -33 1 1
-197 -46 1 1
-200 -39 0 0
-200 -39 1 0
-187 -30 2 0
-192 -7 4 2
-192 -7 3 1
-151 -32 6 5
-170 -39 1 0
-152 -32 3 1
-171 -38 -3 1
-171 -39 -3 1
-171 -40 -3 1
-170 -39 -2 1
-158 -45 8 0
-158 -45 4 0
-196 -27 10 1
-196 -30 8 1
-200 -30 7 0
-197 -13 5 1
-168 -41 2 0
-165 -7 0 3
-156 -32 1 2
-190 -33 8 1
-190 -34 8 1
-190 -35 8 1
-191 -33 8 1
-191 -34 8 1
-191 -35 8 1
-190 -34 7 1
-189 -38 6 1
-189 -38 5 1
-190 -38 6 1
-191 -38 6 1
-190 -37 5 1
-191 -37 8 1
-177 -35 2 0
-177 -35 1 0
-175 -35 3 0
-190 -10 7 0
-190 -9 5 0
-190 -9 6 0
-188 -8 5 0
-188 -8 7 0
-188 -8 6 0
-187 -33 3 1
-189 -12 6 0
-189 -10 7 0
-189 -9 5 0
-189 -9 7 0
-189 -9 6 0
-187 -8 5 0
-187 -8 7 0
-161 -33 3 0
-181 -18 2 1
-180 -18 3 0
-173 -34 3 0
-174 -33 2 0
-174 -32 3 0
-179 -15 1 9
-173 -32 1 0
-175 -32 2 0
-160 -23 6 0
-160 -23 5 0
-159 -24 4 0
-159 -24 6 0
-176 -32 1 0
-188 -11 7 0
-187 -9 5 0
-188 -9 6 0
-186 -9 5 0
-185 -9 5 0
-185 -9 6 0
-186 -11 8 0
-177 -18 2 1
-154 -27 5 0
-185 -47 5 0
-179 -19 2 1
-179 -19 3 1
-160 -13 2 1
-185 -12 8 0
-186 -15 9 1
-187 -14 9 1
-187 -15 9 1
-187 -15 8 1
-188 -13 9 1
-188 -14 9 1
-163 -41 2 0
-158 -14 3 0
-174 -40 6 0
-174 -39 5 0
-176 -39 5 0
-198 -38 14 1
-199 -34 4 0
-181 -39 4 0
-197 -38 14 1
-167 -37 3 0
-166 -36 4 0
-166 -36 5 0
-166 -35 5 0
-165 -35 5 0
-159 -40 8 0
-159 -40 4 0
-159 -22 11 0
-159 -24 10 0
-159 -24 9 0
-159 -23 9 0
-161 -10 4 3
-162 -10 4 1
-162 -22 47 0
-162 -22 48 0
-164 -24 47 0
-161 -24 47 0
-161 -21 47 0
-161 -21 46 0
-164 -21 47 0
-161 -21 48 0
-164 -21 48 0
-163 -20 47 0
-165 -22 47 0
-165 -22 48 0
-163 -22 45 1
-197 -50 3 0
-197 -49 4 0
-197 -49 5 0
-197 -49 3 0
-199 -49 4 0
-194 -49 3 1
-194 -49 4 1
-195 -50 3 3
-195 -49 2 1
-194 -49 2 2
-196 -49 5 1
-196 -49 3 0
-197 -48 4 0
-197 -48 3 0
-199 -49 3 0
-197 -48 5 0
-195 -48 4 0
-195 -48 5 0
-195 -48 3 0
-198 -48 4 0
-198 -48 5 0
-198 -48 3 0
-195 -49 4 0
-196 -48 4 0
-196 -47 4 0
-197 -4 4 1
-199 -3 5 0
-200 -23 1 1
-200 -24 1 1
-158 -5 -1 1
-153 -46 1 1
-153 -47 1 1
-151 -47 3 1
-176 -11 2 0
-176 -10 1 0
-174 -29 2 0
-176 -29 2 0
-176 -28 2 0
-176 -29 3 0
-156 -50 -1 1
-152 -38 5 1
-152 -38 4 1000
-155 -20 9 0
-161 -2 4 0
-175 -48 3 0
-178 -49 4 0
-179 -50 3 1
-177 -50 4 0
-170 -49 7 0
-178 -50 0 1
-178 -49 0 1
-172 -49 6 1
-172 -48 5 0
-170 -47 5 0
-177 -47 3 0
-178 -49 3 1
-179 -48 3 1
-179 -48 4 0
-179 -49 3 1
-179 -49 4 0
-178 -50 1 23
-178 -49 1 1
-178 -48 1 1
-177 -49 1 2
-177 -48 1 1
-189 -48 6 1000
-164 -26 2 2
-164 -26 3 5
-164 -26 4 5
-164 -25 2 1
-164 -25 3 1
-164 -25 4 2
-164 -24 2 1
-164 -24 3 1
-164 -24 4 1
-166 -25 4 0
-165 -26 1 3
-165 -25 1 3
-165 -24 1 1
-164 -26 1 1
-164 -25 1 1
-164 -24 1 1
-166 -47 2 0
-173 -18 0 1
-180 -49 4 0
-180 -49 3 1
-179 -50 4 0
-179 -50 5 0
-178 -49 2 7
-179 -50 1 7
-179 -49 1 5
-179 -48 1 1
-194 -13 4 0
-195 -11 0 1
-194 -12 -1 1
-178 -2 1 1
-176 -3 1 0
-176 -1 4 1
-176 -1 0 1
-175 -2 -1 1
-175 -1 -1 1
-174 -49 4 0
-151 -9 7 0
-159 -39 5 0
-159 -38 5 0
-159 -39 6 0
-154 -22 0 1
-178 -17 5 0
-193 -15 2 1
-162 -44 1 1
-193 -14 1 1
-194 -11 0 1
-160 -45 4 0
-160 -45 0 0
-157 -30 3 9
-156 -30 3 4
-156 -30 1 3
-197 -12 2 1
-151 -7 5 0
-197 -6 4 1
-196 -6 2 1
-196 -6 3 1
-160 -7 4 0
-164 -45 2 0
-154 -39 3 0
-156 -10 4 0
-156 -9 5 0
-176 -35 5 0
-177 -36 5 0
-178 -34 6 0
-153 -7 11 0
-155 -7 11 0
-155 -7 10 0
-154 -7 11 0
-153 -5 9 0
-164 -33 4 0
-165 -33 3 1
-176 -19 5 0
-176 -19 6 0
-186 -46 8 1
-176 -17 5 0
-178 -20 5 0
-178 -21 5 0
-178 -21 6 0
-166 -31 1 1
-157 -49 3 1
-157 -48 6 0
-151 -49 2 1
-160 -33 3 0
-157 -32 1 6
-165 -31 1 1
-154 -40 3 0
-155 -40 5 0
-200 -18 6 0
-191 -46 8 31
-170 -21 5 1
-178 -18 5 0
-152 -38 2 1
-155 -4 10 0
-159 -37 7 0
-156 -49 2 0
-198 -42 10 1
-198 -41 10 1
-196 -26 4 1
-190 -48 0 1
-192 -49 6 1
-158 -46 5 0
-191 -13 -1 1
-190 -12 0 1
-189 -12 -1 1
-190 -11 0 1
-190 -14 2 4
-189 -12 4 0
-174 -16 -1 1
-173 -16 -1 1
-173 -15 -1 1
-192 -14 6 1
-192 -15 3 2
-192 -15 2 1
-193 -12 -1 1
-193 -15 1 1
-195 -12 -1 1
-196 -12 -1 1
-197 -12 -1 1
-194 -13 3 0
-197 -14 1 1
-197 -15 1 1
-197 -14 2 1
-196 -12 0 1
-168 -43 -2 1
-195 -14 2 3
-168 -44 -2 1
-151 -18 3 1
-161 -26 4 1
-161 -26 3 1
-151 -1 5 0
-185 -25 2 0
-183 -25 0 1
-183 -26 0 1
-167 -7 4 1
-183 -27 0 1
-184 -25 0 1
-183 -25 2 1
-186 -15 5 1
-186 -12 7 1
-186 -13 7 1
-156 -34 -1 1
-157 -33 -1 1
-191 -38 2 1
-191 -38 1 1
-191 -39 3 1
-191 -39 2 1
-191 -39 1 1
-190 -38 2 1
-188 -37 3 0
-157 -28 5 0
-157 -29 6 0
-157 -28 6 0
-164 -36 2 2
-165 -34 3 1
-162 -30 2 1
-162 -30 1 1
-175 -12 2 0
-166 -12 -1 1
-166 -11 -1 1
-165 -12 -1 1
-165 -11 -1 1
-179 -14 3 4
-151 -3 3 1
-152 -4 4 1
-161 -5 5 0
-177 -17 6 0
-175 -17 6 0
-157 -39 2 2
-159 -50 8 1
-178 -21 4 0
-181 -50 3 1000
-168 -12 0 1
-186 -1 2 0
-196 -26 12 1
-156 -36 -3 1
-199 -38 0 0
-161 -46 3 0
-164 -10 4 1
-164 -9 4 1
-153 -21 2 1
-172 -31 6 0
-170 -31 7 0
-159 -36 7 0
-156 -33 5 1
-160 -32 1 1000
-160 -41 5 0
-160 -41 6 0
-164 -40 0 1
-159 -44 3 0
-159 -44 1 1
-159 -43 2 1
-157 -42 0 1
-157 -43 0 1
-157 -45 3 1
-157 -45 2 1
-157 -40 4 0
-157 -40 3 1
-156 -40 3 1
-188 -42 2 7
-188 -42 3 4
-187 -42 3 1
-189 -42 0 1
-188 -42 0 1
-187 -42 0 3
-186 -46 3 0
-187 -44 4 1000
-187 -35 5 0
-177 -13 3 3
-177 -13 4 1
-177 -15 3 1
-177 -13 1 10
-176 -13 1 1
-177 -16 3 1
-158 -37 5 0
-158 -37 6 0
-159 -37 5 0
-159 -38 6 0
-178 -16 6 0
-178 -16 7 0
-178 -18 8 0
-180 -18 7 0
-180 -19 7 0
-180 -14 6 0
-180 -14 7 0
-155 -34 -1 1
-156 -33 -1 1
-158 -42 5 0
-155 -15 5 0
-151 -40 5 3
-151 -38 3 1
-165 -25 2 13
-159 -38 3 1
-163 -40 3 0
-172 -45 2 0
-174 -45 2 0
-172 -45 1 0
-174 -45 1 0
-173 -45 3 0
-153 -7 7 0
-152 -8 8 0
-155 -44 0 1
-162 -42 4 0
-152 -48 3 0
-156 -16 -1 1
-157 -16 -1 1
-158 -16 -1 1
-157 -15 0 1
-157 -15 5 0
-157 -15 4 0
-156 -16 2 0
-156 -16 3 0
-157 -17 2 0
-157 -17 3 1
-156 -28 5 0
-191 -13 6 1
-152 -40 5 1
-156 -26 7 0
-190 -10 6 0
-169 -48 4 0
-167 -48 0 1
-185 -49 9 2
-167 -49 1 1
-167 -49 0 1
-177 -25 2 0
-178 -27 3 0
-184 -50 10 1
-184 -49 10 1
-183 -50 10 1
-175 -28 4 0
-176 -27 4 0
-189 -35 8 1
-189 -34 8 1
-162 -22 11 1
-163 -21 11 1
-163 -22 11 5
-163 -23 11 1
-162 -22 10 2
-167 -10 0 1
-164 -13 -1 1
-163 -13 -1 1
-159 -9 4 0
-159 -9 5 0
-164 -35 0 1
-198 -1 2 1
-198 -2 2 1
-161 -44 4 0
-168 -7 2 6
-168 -7 1 9
-168 -7 0 2
-159 -10 3 0
-162 -7 0 1
-184 -50 6 0
-190 -44 1 1
-190 -44 0 1
-187 -45 3 1
-188 -46 3 1000
-188 -45 3 5
-185 -13 6 0
-165 -45 -1 1
-165 -46 -1 1
-188 -20 0 1
-186 -18 4 0
-186 -18 0 2
-187 -18 -1 1
-186 -18 -1 1
-197 -1 6 1
-197 -2 6 1
-172 -48 6 0
-174 -15 2 1000
-175 -15 4 0
-154 -33 4 2
-168 -41 1 0
-176 -27 5 0
-176 -27 1 0
-191 -36 7 1
-190 -37 6 1
-190 -37 7 1
-190 -36 7 1
-192 -35 7 1
-182 -17 7 0
-199 -35 6 0
-172 -36 2 0
-155 -29 1 1
-196 -27 12 1
-196 -27 11 1
-182 -49 8 1
-184 -49 8 1
-196 -28 13 1
-199 -27 11 0
-159 -17 7 1
-158 -18 7 1
-158 -17 7 1
-156 -19 9 0
-155 -19 10 0
-156 -19 10 0
-163 -29 3 1
-152 -48 2 0
-182 -50 3 1000
-186 -50 4 0
-186 -50 3 0
-198 -30 0 2
-186 -16 5 1
-188 -45 2 9
-188 -45 1 1
-157 -5 -1 1
-157 -6 -1 1
-157 -7 -1 1
-156 -8 -1 1
-156 -9 -1 1
-177 -8 8 0
-177 -8 9 0
-176 -10 6 0
-176 -10 7 0
-176 -10 10 0
-178 -10 9 0
-178 -10 8 0
-178 -9 9 0
-178 -9 8 0
-176 -8 9 0
-176 -8 8 0
-176 -11 7 0
-176 -11 11 0
-178 -11 8 0
-200 -49 8 0
-200 -46 8 0
-200 -47 8 0
-166 -30 8 0
-166 -29 8 0
-165 -30 8 0
-197 -44 2 2
-193 -7 4 2
-167 -44 -1 2
-166 -43 0 1
-174 -39 6 0
-166 -43 3 0
-173 -40 6 0
-198 -15 2 0
-166 -45 1 0
-167 -44 1 0
-168 -43 1 0
-199 -41 3 1
-168 -40 1 1
-170 -41 1 0
-171 -40 2 0
-171 -40 1 0
-179 -15 0 2
-156 -45 4 1
-156 -45 2 1
-169 -30 4 0
-169 -28 3 1
-187 -49 9 1
-168 -28 3 1
-168 -29 3 1
-168 -28 4 0
-183 -48 9 0
-183 -48 6 0
-178 -5 3 1000
-178 -5 1 1
-158 -1 9 0
-158 -1 10 0
-158 -1 8 0
-156 -1 9 0
-156 -2 9 0
-156 -2 10 0
-156 -2 8 0
-155 -1 9 0
-155 -1 10 0
-155 -1 8 0
-200 -21 7 0
-199 -7 5 0
-152 -13 9 0
-200 -8 5 0
-159 -11 -1 1
-168 -45 -2 1
-195 -15 2 1
-177 -28 2 0
-196 -17 7 1
-197 -17 7 1
-153 -5 10 0
-180 -43 2 0
-178 -44 3 0
-195 -43 5 1
-195 -43 6 1
-195 -43 7 1
-194 -43 5 1
-194 -43 6 1
-194 -43 7 1
-193 -44 5 1
-193 -44 6 1
-193 -44 7 1
-193 -43 5 1
-193 -43 6 1
-193 -43 7 1
-194 -44 5 1
-195 -44 4 3
-195 -43 4 1
-194 -44 4 3
-194 -43 4 1
-193 -44 4 1
-193 -43 4 1
-196 -46 6 0
-194 -46 5 1
-195 -45 5 1
-194 -45 5 1
-191 -46 1 6
-193 -45 1 1
-193 -48 4 0
-193 -45 3 1
-192 -45 2 1
-192 -45 3 1
-191 -45 -1 1
-190 -45 -1 1
-189 -45 -1 1
-190 -45 5 1
-198 -49 2 0
-198 -47 4 0
-198 -50 2 0
-199 -49 -2 1
-199 -48 -2 1
-199 -47 -2 1
-198 -49 -2 1
-198 -48 -2 1
-198 -47 -2 1
-197 -49 -2 1
-197 -48 -2 1
-197 -47 -2 1
-199 -50 2 0
-199 -48 -1 1
-163 -38 0 3
-190 -14 4 6
-171 -47 7 0
-171 -47 6 0
-172 -47 5 0
-172 -46 6 0
-171 -45 6 0
-181 -13 3 3
-182 -12 4 1000
-199 -50 8 0
-183 -14 2 1
-183 -14 1 1
-183 -12 1 1
-183 -7 3 1
-183 -7 2 1
-197 -11 3 0
-194 -9 -1 1
-193 -11 -1 1
-200 -27 10 0
-162 -19 9 1
-169 -31 7 0
-169 -29 6 0
-152 -50 4 1
-177 -9 4 2
-163 -2 3 1
-152 -36 5 1
-152 -36 4 1000
-151 -37 3 1
-152 -36 3 1
-156 -15 3 0
-200 -27 12 0
-199 -37 8 1
-155 -15 3 0
-153 -15 4 0
-153 -15 5 0
-153 -15 3 1
-153 -15 9 0
-153 -14 10 0
-171 -9 -1 1
-182 -9 3 1
-165 -45 0 2
-197 -28 0 1
-197 -28 1 1
-157 -47 8 0
-197 -27 1 1
-198 -47 5 0
-153 -49 3 1
-158 -47 3 0
-161 -43 1 1
-159 -2 1 1
-159 -2 2 1
-159 -8 3 0
-198 -32 11 1
-198 -33 10 1
-198 -32 10 1
-198 -31 10 1
-200 -28 11 0
-196 -29 2 1
-199 -28 12 0
-199 -28 13 0
-199 -28 11 0
-200 -27 13 0
-200 -27 14 0
-200 -27 11 0
-168 -11 1 1
-170 -8 2 9
-170 -9 4 3
-176 -25 5 0
-185 -44 1 0
-186 -43 2 0
-186 -43 3 0
-186 -43 1 0
-187 -43 2 1000
-187 -42 2 1000
-187 -43 3 1
-187 -43 1 1
-189 -43 3 1
-188 -43 3 4
-162 -23 4 1
-162 -25 7 0
-164 -23 6 1
-156 -34 0 3
-182 -10 2 1
-161 -46 1 0
-158 -20 6 2
-173 -14 2 1000
-163 -45 1 0
-180 -41 6 0
-191 -11 5 0
-154 -41 0 1
-190 -11 5 0
-168 -8 -1 1
-190 -11 6 0
-159 -24 5 0
-157 -32 3 7
-156 -2 5 0
-156 -1 5 0
-198 -10 1 3
-153 -2 5 0
-200 -11 1 5
-154 -2 4 0
-199 -6 1 0
-156 -4 4 0
-156 -4 3 0
-162 -42 2 0
-156 -46 1 1
-151 -49 3 1
-156 -2 -1 1
-153 -7 9 0
-157 -40 6 0
-156 -45 5 0
-170 -49 2 0
-171 -50 1 0
-171 -50 3 1
-171 -50 2 0
-172 -48 1 1
-172 -48 3 0
-154 -3 4 0
-154 -3 5 0
-154 -1 6 0
-154 -1 7 0
-153 -1 7 0
-158 -21 7 0
-158 -23 10 0
-184 -15 2 4
-186 -2 2 0
-186 -2 3 0
-187 -2 2 3
-163 -28 2 1
-157 -29 5 0
-165 -40 1 1
-152 -1 6 0
-199 -30 1 1
-151 -1 6 0
-151 -1 7 0
-173 -49 -2 1
-158 -21 10 0
-157 -39 0 0
-156 -39 2 1
-162 -11 5 1
-161 -9 4 1
-156 -10 2 0
-155 -21 -1 1
-169 -28 7 0
-170 -27 7 0
-181 -41 5 0
-154 -45 4 1
-155 -26 0 1
-156 -24 2 1
-198 -37 7 1
-197 -37 3 1
-156 -24 1 3
-165 -24 2 1
-165 -24 3 2
-165 -24 4 1
-166 -21 3 1
-168 -25 3 0
-199 -8 5 0
-198 -8 6 0
-200 -10 7 0
-193 -14 7 1
-193 -13 7 1
-194 -11 7 0
-193 -13 5 0
-193 -13 6 0
-193 -11 7 0
-154 -45 5 0
-164 -22 13 4
-163 -22 13 4
-165 -22 13 1
-165 -21 13 1
-165 -23 13 1
-164 -24 12 0
-164 -25 12 0
-163 -25 12 0
-163 -26 12 0
-161 -25 12 0
-163 -24 14 0
-162 -24 13 0
-161 -24 13 0
-162 -23 13 0
-161 -22 13 0
-164 -22 14 4
-164 -21 14 1
-163 -22 14 4
-163 -21 14 1
-162 -22 14 1
-162 -21 14 1
-165 -23 14 1
-165 -22 14 1
-165 -21 14 1
-164 -24 13 0
-164 -25 13 0
-163 -25 13 0
-161 -25 13 0
-161 -23 13 0
-162 -23 14 0
-161 -23 14 0
-161 -22 14 0
-164 -22 15 4
-164 -21 15 1
-163 -22 15 4
-163 -21 15 1
-162 -22 15 1
-162 -21 15 1
-165 -23 15 1
-165 -22 15 1
-165 -21 15 1
-164 -23 13 0
-164 -23 14 0
-164 -25 14 0
-163 -25 14 0
-162 -24 14 0
-161 -25 14 0
-163 -23 14 0
-163 -23 15 0
-163 -23 12 0
-163 -23 13 0
-162 -23 15 0
-161 -23 15 0
-161 -22 15 0
-164 -22 16 3
-164 -21 16 1
-163 -22 16 3
-163 -21 16 1
-162 -22 16 1
-162 -21 16 1
-165 -23 16 1
-165 -22 16 1
-165 -21 16 1
-164 -23 15 0
-163 -24 15 0
-164 -25 15 0
-163 -25 15 0
-162 -24 15 0
-161 -25 15 0
-163 -23 16 0
-162 -23 16 0
-161 -23 16 0
-161 -22 16 0
-164 -22 17 4
-164 -21 17 1
-163 -22 17 4
-163 -21 17 1
-162 -22 17 1
-162 -21 17 1
-165 -23 17 1
-165 -22 17 1
-165 -21 17 1
-164 -23 16 0
-163 -24 16 0
-164 -25 16 0
-163 -25 16 0
-162 -24 16 0
-161 -25 16 0
-163 -23 17 0
-162 -23 17 0
-161 -23 17 0
-161 -22 17 0
-164 -21 18 1
-163 -21 18 1
-162 -22 18 1
-162 -21 18 1
-164 -22 18 4
-163 -22 18 4
-165 -22 18 1
-165 -21 18 1
-165 -23 18 1
-164 -23 17 0
-163 -24 17 0
-164 -25 17 0
-163 -25 17 0
-162 -24 17 0
-161 -25 17 0
-163 -23 18 0
-163 -23 19 0
-162 -23 18 0
-161 -23 18 0
-161 -23 19 0
-161 -22 18 0
-161 -22 19 0
-164 -21 19 1
-163 -21 19 1
-162 -22 19 1
-162 -21 19 1
-164 -22 19 3
-163 -22 19 3
-165 -22 19 1
-165 -21 19 1
-165 -23 19 1
-157 -34 53 1
-157 -34 54 1
-177 -15 5 0
-156 -35 52 1
-156 -35 53 1
-156 -35 54 1
-156 -34 52 1
-156 -34 53 1
-156 -34 54 1
-160 -39 54 0
-160 -39 55 0
-160 -39 53 0
-158 -38 54 0
-158 -38 55 0
-158 -38 53 0
-160 -37 56 0
-189 -34 4 0
-189 -35 5 0
-190 -35 4 1
-196 -11 6 0
-191 -36 5 1
-170 -42 1 0
-191 -35 5 1
-171 -24 7 0
-189 -37 5 0
-171 -24 8 0
-172 -23 8 0
-172 -25 7 0
-157 -37 55 0
-158 -35 53 1
-158 -35 55 1
-157 -36 55 1
-157 -35 55 1
-177 -16 5 0
-159 -39 54 0
-159 -39 55 0
-159 -39 53 0
-157 -39 54 0
-158 -39 55 0
-157 -39 53 0
-159 -37 56 0
-176 -16 5 0
-157 -38 54 0
-156 -38 54 0
-156 -38 55 0
-157 -38 53 0
-156 -38 53 0
-156 -36 53 5
-156 -36 54 1
-156 -36 55 1
-156 -35 55 1
-156 -37 52 1
-158 -39 54 0
-158 -40 54 0
-158 -40 55 0
-158 -39 53 0
-158 -40 53 0
-157 -39 55 0
-158 -38 56 0
-158 -38 51 2
-159 -39 50 1
-159 -38 50 1
-159 -37 50 1
-158 -39 50 1
-158 -38 50 1
-158 -37 50 1
-157 -39 50 1
-157 -38 50 1
-157 -37 50 1
-156 -37 54 1
-155 -37 53 4
-155 -37 54 2
-158 -7 3 0
-158 -7 1 1
-158 -5 1 3
-198 -44 11 4
-200 -43 11 0
-186 -1 8 0
-186 -1 7 0
-178 -2 6 5
-177 -1 6 3
-177 -1 7 5
-177 -1 8 1
-154 -50 5 1000
-168 -30 6 0
-159 -19 9 1
-152 -24 6 0
-151 -23 6 0
-189 -28 3 1
-189 -28 2 1
-187 -28 2 0
-163 -33 2 1
-155 -17 10 0
-156 -17 9 0
-159 -30 6 0
-158 -30 5 0
-170 -38 0 0
-170 -38 4 0
-169 -39 1 0
-169 -39 3 0
-156 -10 5 0
-164 -26 5 1000
-151 -18 1 2
-151 -17 1 1
-151 -16 2 3
-178 -45 8 0
-179 -44 7 0
-171 -21 6 0
-177 -2 6 1
-160 -6 4 0
-170 -8 0 1
-152 -21 2 1
-171 -21 7 0
-185 -14 6 0
-184 -15 6 0
-185 -16 4 0
-185 -16 6 0
-185 -16 5 0
-186 -17 7 1
-181 -13 0 1
-187 -17 6 1
-187 -17 5 1
-188 -17 7 1
-156 -49 4 1
-165 -36 0 1
-156 -48 1 0
-183 -14 6 0
-159 -3 4 0
-175 -3 8 0
-172 -3 7 1
-172 -3 8 1
-172 -3 9 1
-172 -2 7 1
-172 -2 8 1
-172 -2 9 1
-172 -3 10 1
-172 -2 10 1
-172 -1 10 1
-172 -3 6 1
-172 -2 6 1
-172 -1 6 1
-175 -1 9 0
-175 -1 10 0
-175 -1 6 0
-175 -3 7 0
-173 -4 7 2
-173 -4 8 1
-173 -4 9 1
-172 -4 7 1
-172 -4 8 1
-172 -4 9 1
-174 -4 10 1
-173 -4 10 1
-172 -4 10 1
-174 -4 6 1
-173 -4 6 1
-172 -4 6 1
-179 -4 6 1
-179 -3 6 1
-178 -4 6 2
-178 -3 6 3
-179 -2 5 1
-177 -4 5 1
-176 -2 7 0
-176 -3 7 0
-176 -3 8 0
-176 -1 9 0
-176 -1 5 0
-174 -2 5 2
-174 -1 5 3
-173 -2 5 3
-173 -1 5 1
-178 -1 5 2
-179 -1 5 1
-178 -2 5 9
-177 -3 8 0
-179 -5 6 1
-178 -5 5 1
-178 -5 6 1
-177 -5 5 1
-176 -3 6 0
-173 -5 6 1
-173 -5 7 1
-173 -5 8 1
-172 -5 6 1
-172 -5 7 1
-172 -5 8 1
-182 -18 2 1
-191 -9 7 0
-190 -50 3 1000
-165 -29 2 0
-190 -48 3 23
-170 -33 2 1
-169 -33 3 0
-171 -30 4 0
-154 -29 5 0
-190 -48 1 17
-197 -30 5 8
-197 -30 6 2
-196 -29 7 1
-152 -27 0 1
-196 -17 1 1
-199 -14 1 0
-196 -10 -1 1
-196 -28 14 1
-196 -29 14 1
-196 -30 14 1
-197 -28 14 1
-197 -29 14 1
-174 -50 -1 1
-197 -29 13 1
-196 -29 13 1
-196 -29 12 1
-196 -29 11 1
-196 -30 13 1
-196 -30 12 1
-196 -30 11 1
-197 -29 12 1
-158 -1 4 0
-168 -39 4 0
-169 -41 4 0
-168 -41 5 0
-200 -24 3 0
-200 -25 5 0
-200 -25 4 0
-200 -24 4 0
-184 -43 4 0
-184 -43 3 0
-184 -45 4 0
-184 -45 5 0
-184 -45 3 0
-198 -32 13 1
-160 -2 0 1
-160 -3 0 1
-198 -23 3 0
-198 -23 5 0
-198 -23 4 0
-160 -39 5 0
-180 -49 7 0
-180 -49 9 0
-160 -4 -1 1
-187 -11 7 0
-188 -11 6 0
-187 -10 7 0
-187 -10 6 0
-186 -9 7 0
-186 -9 6 0
-200 -12 6 0
-199 -13 3 0
-199 -13 5 0
-199 -13 4 0
-200 -14 5 0
-198 -12 5 0
-198 -12 4 0
-186 -16 -1 1
-187 -16 -1 1
-186 -17 0 2
-186 -17 4 0
-189 -14 3 13
-169 -41 5 0
-169 -42 4 0
-162 -39 1 1
-162 -39 0 1
-152 -23 4 0
-153 -22 4 0
-162 -37 1 2
-162 -37 0 4
-162 -37 -1 1
-180 -14 1 1
-181 -11 1 1
-168 -19 2 6
-168 -19 3 1
-168 -19 4 1
-168 -18 4 1
-162 -8 0 2
-161 -11 0 3
-152 -39 7 1
-180 -13 7 0
-182 -13 6 0
-182 -13 7 0
-183 -13 7 0
-183 -16 7 0
-182 -15 8 0
-182 -12 6 0
-182 -12 7 0
-184 -14 6 0
-183 -14 7 0
-184 -14 7 0
-182 -14 8 0
-181 -12 6 0
-181 -12 7 0
-184 -12 6 0
-183 -12 7 0
-183 -12 6 0
-170 -10 1 2
-155 -1 4 0
-157 -1 3 0
-157 -1 4 0
-189 -46 5 17
-177 -47 8 0
-177 -46 7 0
-178 -46 8 0
-152 -13 1 1
-152 -12 1 1
-151 -14 1 1
-160 -15 2 2
-191 -36 0 1
-200 -31 -1 1
-183 -23 1 1
-183 -23 2 1
-185 -22 2 0
-186 -22 2 0
-186 -7 3 1
-161 -5 4 1
-161 -6 3 9
-162 -5 3 8
-161 -6 7 1
-162 -6 7 1
-157 -13 4 0
-158 -10 0 1
-158 -12 3 0
-185 -38 4 0
-185 -38 5 0
-184 -50 1 6
-158 -8 0 1
-154 -23 0 1
-178 -40 2 0
-178 -40 1 0
-159 -35 1 1
-154 -25 5 0
-200 -4 3 0
-200 -4 2 0
-197 -44 12 1
-186 -35 -1 1
-160 -9 1 1000
-160 -9 3 0
-160 -43 2 0
-160 -43 3 0
-199 -49 9 0
-200 -49 9 0
-169 -20 0 2
-170 -20 0 1
-171 -20 0 1
-170 -19 1 1
-170 -19 6 0
-170 -19 5 0
-167 -21 5 1
-167 -22 5 3
-167 -22 4 2
-167 -22 3 4
-168 -22 5 2
-168 -22 4 2
-168 -22 3 3
-197 -45 13 1
-198 -45 14 1
-197 -27 4 6
-198 -45 10 1
-197 -45 10 1
-196 -28 3 1
-169 -15 6 1
-196 -18 3 1
-198 -36 12 0
-168 -8 48 0
-181 -10 5 1
-173 -10 0 2
-200 -30 10 0
-200 -30 14 0
-199 -31 11 0
-199 -31 13 0
-199 -32 12 0
-199 -31 12 0
-168 -30 7 0
-169 -35 4 0
-168 -36 5 0
-168 -36 4 0
-168 -37 5 0
-199 -16 1 0
-198 -17 1 0
-198 -17 3 0
-178 -18 2 1000
-180 -17 2 22
-180 -19 1 20
-181 -17 3 1
-181 -18 3 1
-181 -19 3 1
-181 -19 2 1
-180 -18 2 8
-179 -17 3 0
-179 -17 2 1000
-176 -19 2 1
-176 -19 4 0
-176 -19 3 1
-175 -18 2 1
-175 -18 4 0
-176 -18 3 0
-152 -14 2 2
-181 -18 5 0
-180 -15 6 0
-174 -17 3 0
-179 -17 4 0
-179 -17 6 0
-179 -17 5 0
-187 -37 0 2
-187 -37 4 0
-193 -13 4 0
-151 -28 7 1
-190 -47 9 12
-189 -47 8 1000
-189 -47 9 13
-192 -13 3 0
-192 -11 0 2
-191 -12 -1 1
-153 -34 1 1
-153 -34 0 1
-153 -35 -1 1
-153 -36 1 1
-153 -36 0 1
-153 -36 -1 1
-154 -36 -1 1
-154 -35 0 1
-197 -17 2 1
-185 -50 4 0
-186 -49 3 0
-156 -3 0 1
-194 -10 -1 1
-194 -11 -1 1
-157 -12 -1 1
-193 -11 3 0
-166 -37 -2 1
-167 -39 1 0
-166 -37 2 0
-167 -35 -3 1
-167 -36 -3 1
-181 -5 7 1
-181 -5 8 1000
-181 -5 9 1
-180 -6 7 1
-180 -5 7 1
-180 -5 8 1000
-180 -5 9 1
-179 -5 7 1
-164 -37 -3 1
-168 -36 1 0
-166 -37 1 0
-167 -38 1 0
-170 -19 -1 1
-169 -20 -1 1
-199 -26 0 2
-184 -10 6 0
-192 -48 7 1
-194 -15 2 1
-189 -40 1 1
-189 -40 2 1
-154 -10 5 0
-186 -44 6 0
-152 -2 10 0
-200 -40 -2 1
-198 -40 1 1
-200 -39 7 0
-165 -24 0 1
-185 -27 3 0
-187 -27 2 0
-197 -31 5 8
-176 -6 2 1
-159 -49 7 0
-170 -33 7 0
-178 -7 3 14
-169 -33 6 0
-169 -33 7 0
-164 -48 5 0
-194 -15 5 1
-186 -16 0 2
-186 -16 4 0
-183 -17 0 1
-183 -18 2 1
-183 -18 1 1
-183 -18 0 1
-183 -19 2 1
-183 -19 1 1
-183 -19 0 1
-170 -38 6 0
-184 -19 2 1
-184 -19 1 3
-184 -19 0 1
-199 -32 11 0
-172 -40 5 0
-184 -18 1 2
-189 -10 8 0
-192 -8 6 0
-190 -50 6 1000
-196 -49 10 1
-156 -9 0 1
-155 -9 0 1
-154 -26 0 1
-154 -26 1 12
-155 -36 4 0
-154 -35 4 1
-153 -34 3 2
-186 -18 1 0
-159 -1 3 0
-187 -14 1 0
-186 -14 1 0
-185 -12 0 1
-184 -16 2 0
-167 -26 4 0
-173 -33 2 0
-167 -26 3 0
-168 -8 4 1
-167 -10 1 1
-167 -11 1 1
-172 -45 3 0
-174 -45 3 0
-181 -48 0 4
-182 -48 0 2
-183 -48 0 1
-185 -47 7 0
-173 -46 4 0
-174 -47 4 0
-174 -45 4 0
-181 -45 8 0
-173 -45 5 0
-174 -46 5 0
-197 -29 1 1
-185 -48 2 0
-190 -45 0 1
-190 -45 2 1
-189 -45 0 1
-172 -29 5 0
-161 -34 -1 1
-181 -37 3 0
-182 -37 3 0
-182 -37 5 0
-181 -38 3 0
-182 -39 2 0
-184 -39 3 0
-184 -39 5 0
-153 -43 4 0
-152 -42 4 0
-152 -42 5 0
-152 -41 5 1
-170 -47 2 0
-182 -16 7 0
-199 -26 2 0
-199 -26 1 1
-154 -14 4 0
-154 -14 5 0
-154 -14 3 0
-155 -12 5 0
-155 -12 6 0
-155 -12 1 1
-160 -48 1 0
-163 -1 4 1
-169 -45 4 0
-169 -45 5 0
-169 -46 5 0
-171 -19 0 1
-162 -44 -1 1
-173 -21 8 0
-174 -22 7 0
-160 -33 7 0
-162 -32 5 0
-174 -17 0 1
-175 -21 6 0
-167 -27 -2 1
-168 -28 -3 1
-167 -28 -3 1
-166 -28 -3 1
-166 -27 -3 1
-166 -26 -3 1
-177 -28 3 0
-178 -29 2 0
-178 -29 3 0
-176 -29 4 0
-200 -23 5 0
-200 -23 4 0
-200 -22 4 0
-163 -32 4 0
-165 -33 1 1
-200 -24 7 0
-198 -24 6 0
-164 -34 5 0
-198 -48 9 0
-163 -39 3 0
-195 -13 2 1
-200 -22 7 0
-198 -24 5 0
-165 -28 0 0
-165 -28 1 0
-166 -26 1 0
-166 -24 -2 1
-165 -25 -2 1
-165 -24 -2 1
-164 -26 -2 1
-164 -25 -2 1
-164 -24 -2 1
-164 -24 -1 1
-188 -23 3 1
-187 -24 3 0
-188 -23 2 1
-187 -24 2 0
-156 -34 -3 1
-156 -35 -3 1
-194 -49 1 1
-194 -48 1 1
-194 -48 2 2
-194 -48 3 1
-193 -49 1 1
-193 -49 2 1
-192 -49 1 1
-194 -46 4 1
-192 -49 2 1
-193 -50 1 1
-193 -50 2 8
-192 -50 1 1
-170 -9 -1 1
-170 -8 -1 1
-171 -10 5 1
-171 -9 5 1
-170 -11 5 1
-170 -10 5 1
-170 -9 5 1
-169 -11 5 1
-181 -16 4 0
-182 -47 7 0
-182 -47 6 0
-181 -45 7 0
-181 -46 6 0
-180 -45 7 0
-180 -45 6 0
-193 -48 10 1
-170 -18 4 2
-153 -33 1 1
-169 -43 2 0
-169 -43 1 0
-156 -39 3 1
-184 -13 4 5
-199 -43 8 1
-194 -7 5 2
-195 -6 5 1
-195 -7 5 2
-169 -40 0 1
-169 -40 3 0
-181 -8 -1 1
-181 -7 -1 1
-169 -42 1 0
-169 -41 1 0
-158 -8 4 0
-176 -9 1 1
-176 -10 2 1
-176 -10 3 1
-168 -45 2 0
-186 -31 3 0
-163 -2 2 1
-163 -3 2 1
-160 -2 3 0
-159 -2 3 0
-155 -33 2 1
-198 -27 1 1
-198 -27 0 1
-199 -27 -1 1
-197 -30 1 1
-197 -30 0 1
-182 -5 6 1
-183 -6 2 1
-182 -4 4 1
-191 -47 8 1
-192 -49 7 1
-189 -23 0 1
-189 -22 0 1
-185 -48 8 1
-182 -7 -1 1
-179 -9 6 1
-178 -9 6 1
-182 -4 5 1
-181 -4 5 1
-180 -46 5 0
-179 -47 5 0
-183 -4 5 1
-184 -9 4 1
-183 -8 2 1
-182 -8 5 0
-182 -8 6 0
-183 -10 4 1
-182 -8 0 2
-176 -46 2 0
-175 -44 1 0
-183 -8 -1 1
-183 -7 -1 1
-180 -8 6 1
-183 -4 6 1
-182 -4 6 1
-181 -4 6 1
-185 -9 4 0
-183 -9 5 0
-183 -9 6 0
-183 -9 0 4
-178 -45 1 1
-178 -45 0 5
-184 -8 -1 1
-185 -11 4 1
-183 -10 5 1
-154 -18 4 0
-154 -18 3 0
-153 -17 4 0
-180 -19 5 0
-155 -16 4 0
-154 -4 10 0
-155 -3 10 0
-153 -5 12 0
-153 -5 13 0
-151 -6 5 0
-167 -46 6 0
-197 -21 5 2
-159 -49 0 1
-158 -3 4 0
-158 -3 5 0
-179 -11 1 0
-162 -26 6 0
-179 -14 2 1
-160 -31 5 0
-160 -31 6 0
-156 -32 6 0
-196 -27 13 1
-164 -7 0 2
-161 -2 0 1
-152 -5 12 0
-176 -9 8 0
-176 -10 8 0
-176 -9 9 0
-176 -10 9 0
-179 -34 5 0
-180 -33 5 0
-180 -33 6 0
-180 -33 4 0
-181 -34 5 0
-181 -34 6 0
-181 -34 4 0
-182 -35 5 0
-181 -35 6 0
-171 -30 8 0
-151 -14 11 0
-169 -8 5 1
-171 -50 4 16
-173 -50 1 1
-168 -12 4 1
-169 -14 3 1
-170 -14 3 1
-170 -50 -1 1
-158 -3 1 1
-196 -20 4 1
-196 -20 5 1
-196 -20 6 1
-199 -19 7 1
-198 -19 6 4
-170 -13 1 10
-170 -13 2 11
-170 -12 0 1
-167 -9 1 1
-169 -10 2 1
-160 -42 1 1
-179 -9 -1 1
-161 -9 3 1
-161 -9 2 1
-161 -5 1 2
-162 -6 0 2
-154 -45 2 4
-200 -22 11 0
-200 -22 13 0
-200 -22 12 0
-200 -21 13 0
-167 -10 4 1
-167 -10 3 2
-167 -10 2 8
-199 -34 1 1
-155 -8 0 1
-156 -8 0 1
-157 -8 0 1
-156 -7 1 1
-156 -7 6 0
-156 -7 5 0
-199 -16 6 0
-169 -18 2 3
-169 -43 4 0
-176 -9 5 1
-180 -9 4 1
-195 -6 4 1
-163 -8 1 1000
-178 -39 4 0
-159 -8 2 0
-160 -6 2 1
-200 -34 -2 1
-159 -25 3 0
-159 -26 4 0
-159 -27 4 1
-172 -35 -3 1
-172 -34 -3 1
-172 -33 -3 1
-171 -35 -3 1
-171 -34 -3 1
-185 -26 2 0
-155 -18 8 0
-155 -18 11 0
-155 -19 9 0
-152 -4 8 0
-153 -28 7 0
-154 -28 3 0
-154 -29 3 0
-155 -30 6 0
-155 -30 7 0
-155 -29 7 0
-161 -29 50 0
-162 -30 50 0
-162 -30 51 0
-161 -34 49 1
-161 -34 50 1
-161 -34 51 1
-161 -33 49 4
-161 -33 50 4
-161 -33 51 4
-160 -32 51 0
-188 -31 -1 1
-188 -32 -1 1
-187 -32 0 2
-187 -32 5 1
-187 -32 4 1
-185 -33 2 1
-188 -33 1 1
-188 -33 4 1
-189 -33 3 1
-189 -33 2 1
-187 -30 1 1
-200 -43 8 1
-163 -4 1 1
-199 -26 12 0
-168 -49 5 1000
-164 -27 0 2
-166 -26 2 0
-175 -1 8 1000
-175 -2 8 0
-175 -1 7 0
-175 -2 7 0
-164 -26 -1 1
-164 -25 -1 1
-168 -24 0 0
-169 -24 0 0
-171 -27 2 1
-169 -27 2 2
-177 -2 8 0
-177 -2 7 0
-174 -3 7 1
-174 -3 8 1
-174 -3 9 1
-173 -3 7 3
-173 -3 8 2
-173 -3 9 2
-175 -3 10 1
-174 -3 10 1
-173 -3 10 1
-175 -3 6 1
-174 -3 6 2
-173 -3 6 2
-158 -21 6 0
-156 -21 7 0
-155 -25 7 0
-157 -23 7 0
-156 -23 7 0
-156 -22 7 0
-156 -21 6 0
-178 -9 2 1
-178 -10 3 10
-177 -9 2 5
-175 -8 1 0
-166 -25 1 1
-168 -25 0 0
-168 -26 0 0
-169 -25 0 0
-169 -26 0 0
-169 -28 0 0
-167 -27 1 0
-166 -28 1 0
-166 -28 2 0
-167 -27 0 0
-166 -28 0 0
-175 -16 5 0
-194 -9 4 0
-176 -2 8 0
-160 -3 4 0
-159 -3 5 0
-166 -24 11 1
-166 -23 11 1
-169 -23 1 0
-169 -23 2 0
-166 -23 7 7
-166 -22 7 1
-168 -24 3 0
-165 -22 7 6
-165 -27 1 0
-165 -27 0 1
-166 -26 0 0
-167 -25 0 0
-169 -29 0 1
-166 -31 2 1
-167 -28 0 0
-167 -29 0 0
-174 -24 8 0
-174 -24 7 0
-173 -25 8 0
-173 -25 7 0
-174 -25 7 0
-175 -27 8 0
-178 -24 7 0
-176 -24 7 0
-175 -24 7 0
-174 -26 7 0
-177 -26 5 0
-177 -26 6 0
-178 -25 7 0
-177 -24 7 0
-175 -25 7 0
-175 -26 7 0
-177 -27 5 0
-177 -27 6 0
-177 -25 7 0
-175 -27 7 0
-179 -26 8 0
-179 -26 7 0
-177 -27 7 0
-178 -28 5 0
-180 -28 6 0
-180 -28 8 0
-180 -28 7 0
-179 -27 6 0
-179 -27 8 0
-179 -27 7 0
-176 -27 6 0
-176 -27 7 0
-180 -3 3 1
-174 -10 0 1
-174 -12 1 0
-167 -38 0 0
-167 -38 2 0
-156 -40 5 0
-188 -14 -1 1
-189 -6 4 1
-188 -47 4 1000
-168 -8 3 1
-169 -10 3 8
-169 -9 2 1001
-196 -48 9 0
-196 -50 12 1
-196 -48 12 1
-175 -17 -1 1
-175 -9 1 1
-181 -40 4 0
-177 -37 3 0
-177 -37 7 0
-176 -39 6 0
-175 -37 6 0
-177 -39 6 0
-175 -38 5 0
-176 -38 5 0
-175 -37 4 0
-176 -38 4 0
-177 -40 6 0
-189 -50 9 0
-188 -50 8 0
-194 -44 6 1
-191 -45 4 1
-191 -45 5 1
-193 -49 5 1
-192 -47 4 1
-193 -46 4 1
-194 -45 4 2
-195 -48 6 0
-192 -50 3 1000
-195 -47 6 0
-195 -46 5 1
-195 -47 5 0
-192 -45 5 1
-192 -45 4 1
-192 -46 5 4
-192 -46 4 1
-193 -45 5 1
-193 -45 4 1
-193 -46 5 2
-193 -48 6 0
-193 -48 5 0
-195 -47 1 1
-195 -48 1 1
-195 -49 1 1
-196 -47 1 1
-196 -48 1 1
-196 -49 1 1
-196 -48 2 1
-196 -48 6 0
-193 -49 3 1
-193 -50 3 1
-193 -50 5 1000
-193 -50 4 1
-197 -47 6 0
-197 -47 5 0
-196 -47 6 0
-196 -46 5 0
-194 -47 4 0
-194 -47 5 0
-151 -38 52 1
-151 -38 53 4
-151 -38 54 1
-153 -38 54 1
-152 -37 52 1
-152 -37 53 2
-152 -37 54 1
-152 -36 52 1
-152 -36 53 1
-152 -36 54 1
-154 -37 55 1
-154 -36 55 1
-155 -41 54 0
-154 -40 54 0
-153 -41 54 1
-153 -41 53 1
-154 -42 52 1
-153 -42 52 1
-153 -42 53 1
-153 -42 54 1
-153 -41 52 1
-152 -42 52 1
-152 -42 53 1
-152 -42 54 1
-152 -41 52 1
-152 -41 53 2
-152 -41 54 1
-155 -39 55 0
-155 -39 56 0
-155 -39 51 1
-154 -40 50 1
-154 -39 50 1
-154 -38 50 1
-153 -40 54 1
-151 -41 52 1
-151 -37 52 1
-151 -37 53 2
-151 -37 54 1
-153 -37 55 1
-153 -36 55 1
-154 -42 54 0
-151 -42 52 1
-155 -21 11 0
-156 -20 11 0
-151 -41 53 1
-155 -21 10 0
-156 -21 11 0
-155 -22 11 0
-156 -23 11 0
-155 -23 11 0
-155 -22 10 0
-156 -23 10 0
-154 -22 11 0
-154 -23 11 0
-154 -22 10 0
-154 -23 10 0
-153 -23 11 0
-153 -23 10 0
-154 -21 12 0
-154 -21 9 0
-175 -38 4 0
-173 -37 5 0
-158 -19 9 6
-172 -37 5 0
-172 -38 5 0
-172 -35 5 0
-172 -36 4 0
-170 -36 7 0
-171 -41 3 0
-171 -40 3 0
-172 -39 4 0
-170 -36 6 0
-172 -41 5 0
-172 -41 1 0
-171 -36 6 0
-172 -36 5 0
-168 -36 6 0
-154 -11 0 1
-171 -34 6 0
-168 -35 6 0
-168 -37 6 0
-170 -37 6 0
-164 -47 5 0
-170 -34 6 0
-169 -34 6 0
-186 -28 2 0
-169 -35 7 0
-156 -22 11 0
-157 -21 11 0
-167 -35 5 0
-156 -22 10 0
-157 -23 11 0
-157 -23 10 0
-157 -24 11 0
-157 -24 10 0
-155 -24 11 0
-155 -25 11 0
-155 -24 10 0
-155 -25 10 0
-154 -24 11 0
-155 -23 10 0
-154 -24 10 0
-171 -42 2 0
-171 -40 4 0
-171 -40 5 0
-170 -36 -1 1
-169 -35 0 26
-200 -20 12 0
-167 -35 4 0
-200 -48 -2 1
-168 -34 2 0
-168 -34 3 0
-167 -36 2 0
-167 -36 3 0
-168 -35 2 0
-168 -35 3 0
-185 -49 5 0
-160 -13 -1 1
-172 -37 4 0
-157 -41 -1 1
-157 -40 -1 1
-159 -40 -2 3
-160 -39 -3 1
-178 -9 1 1
-153 -49 2 1
-187 -26 -1 1
-157 -22 11 0
-158 -23 11 0
-168 -46 4 0
-158 -24 10 0
-173 -22 9 0
-157 -25 10 0
-158 -25 10 0
-157 -25 11 0
-158 -25 11 0
-157 -26 10 0
-177 -35 7 0
-175 -36 4 0
-184 -37 2 0
-184 -37 6 0
-186 -38 4 0
-157 -24 8 0
-186 -37 4 0
-186 -35 4 0
-184 -35 3 0
-184 -35 5 0
-184 -35 4 0
-184 -36 3 0
-173 -49 4 1
-173 -49 5 1
-183 -37 2 0
-183 -37 6 0
-186 -15 3 1
-188 -15 2 13
-189 -15 1 1
-189 -15 2 1
-189 -15 3 1
-189 -14 1 1
-163 -46 -1 1
-163 -45 -1 1
-166 -32 1 1
-165 -33 2 2
-165 -33 6 0
-165 -33 5 0
-167 -34 3 0
-167 -33 3 1
-183 -37 5 0
-185 -39 5 0
-185 -39 4 0
-185 -37 5 0
-185 -37 4 0
-184 -7 3 1
-200 -32 10 0
-199 -34 12 0
-198 -34 12 0
-163 -22 7 3
-165 -23 9 8
-166 -23 8 6
-187 -7 4 1
-187 -7 3 1
-187 -7 2 1
-187 -8 4 1
-159 -24 11 0
-180 -43 5 0
-159 -25 10 0
-160 -25 10 0
-200 -8 4 0
-159 -25 11 0
-158 -26 10 0
-159 -27 10 0
-158 -26 11 0
-159 -26 11 0
-159 -26 10 0
-158 -27 10 0
-158 -27 11 0
-156 -27 10 0
-156 -26 11 0
-156 -26 10 0
-158 -25 12 0
-158 -25 9 0
-158 -25 8 0
-171 -39 0 0
-183 -36 3 0
-183 -37 3 0
-183 -36 5 0
-162 -8 4 5
-183 -37 4 0
-163 -8 5 1
-182 -38 2 0
-182 -38 6 0
-184 -40 5 0
-184 -38 3 0
-184 -38 5 0
-184 -38 4 0
-184 -37 3 0
-184 -37 5 0
-156 -44 3 1
-155 -41 3 1
-157 -26 9 0
-157 -25 9 0
-160 -25 11 0
-160 -25 9 0
-160 -26 10 0
-161 -26 10 0
-160 -26 11 0
-160 -26 9 0
-160 -28 10 0
-160 -27 11 0
-160 -27 9 0
-159 -28 10 0
-159 -28 11 0
-159 -28 9 0
-157 -28 10 0
-157 -27 11 0
-157 -27 9 0
-159 -26 12 0
-159 -26 9 0
-159 -26 8 0
-185 -50 3 0
-185 -50 5 0
-197 -14 8 1
-197 -13 8 1
-196 -14 8 1
-196 -13 8 1
-164 -12 2 1
-181 -13 1 2
-182 -14 0 1
-187 -18 4 1
-189 -20 0 1
-192 -31 3 1
-192 -32 3 1
-193 -31 3 1
-193 -32 3 1
-189 -19 0 1
-184 -17 2 0
-187 -27 3 0
-192 -31 7 1
-192 -32 8 1
-182 -50 8 1
-183 -49 9 1
-189 -27 3 1
-188 -27 4 1
-183 -32 0 1
-183 -30 0 1
-191 -31 7 1
-191 -32 7 1
-190 -32 6 1
-177 -50 0 1
-151 -37 7 1
-191 -31 6 1
-151 -37 6 2
-160 -38 0 1
-160 -38 -1 1
-165 -36 -1 1
-165 -37 -1 1
-165 -38 0 3
-165 -38 -1 1
-159 -16 5 1
-160 -16 5 1
-159 -15 4 1
-199 -42 10 1
-168 -42 6 0
-167 -40 6 0
-165 -41 8 0
-164 -42 7 0
-176 -50 1 3
-189 -43 4 1
-188 -44 4 1000
-188 -43 4 15
-187 -42 4 1
-200 -29 11 0
-182 -14 5 1
-182 -14 4 7
-187 -41 -1 1
-167 -45 5 0
-179 -16 3 0
-179 -16 2 1
-154 -7 10 0
-163 -37 -1 1
-163 -37 0 3
-200 -32 14 0
-165 -23 10 4
-160 -30 3 3
-198 -40 14 1
-200 -37 9 1
-199 -38 13 0
-159 -8 0 1
-159 -8 4 0
-199 -15 3 0
-199 -17 2 0
-163 -21 32 1
-162 -22 32 1
-162 -21 32 1
-165 -23 32 1
-165 -22 32 1
-165 -21 32 1
-164 -23 31 0
-163 -24 31 0
-164 -25 31 0
-163 -25 31 0
-162 -24 31 0
-161 -25 31 0
-163 -23 32 0
-168 -41 3 0
-154 -48 5 0
-162 -23 32 0
-161 -23 32 0
-161 -22 32 0
-164 -21 33 1
-163 -21 33 1
-162 -22 33 1
-162 -21 33 1
-164 -22 33 4
-163 -22 33 4
-165 -22 33 1
-165 -21 33 1
-165 -23 33 1
-164 -23 32 0
-163 -24 32 0
-164 -25 32 0
-163 -25 32 0
-162 -24 32 0
-161 -25 32 0
-169 -37 4 0
-169 -36 4 0
-198 -19 1 0
-198 -19 2 0
-162 -23 33 0
-161 -23 33 0
-161 -23 34 0
-161 -22 33 0
-161 -22 34 0
-164 -21 34 1
-163 -21 34 1
-162 -22 34 1
-162 -21 34 1
-164 -22 34 2
-163 -22 34 2
-165 -22 34 1
-165 -21 34 1
-153 -11 4 0
-154 -11 5 0
-154 -11 3 0
-200 -28 2 0
-200 -28 -1 1
-169 -34 5 0
-169 -34 4 0
-168 -35 5 0
-168 -34 4 0
-167 -36 4 0
-171 -13 4 3
-163 -23 35 0
-178 -3 1 1
-178 -3 2 2
-178 -4 3 1000
-179 -5 4 25
-177 -3 4 1
-178 -4 1 1
-177 -13 -1 1
-179 -5 0 1
-179 -4 0 1
-179 -3 0 1
-188 -1 1 1
-188 -1 2 1
-188 -1 3 1
-180 -5 2 1
-181 -6 1 1
-163 -33 1 4
-181 -37 5 0
-179 -38 7 0
-157 -50 -1 1
-158 -48 1 0
-157 -48 1 0
-156 -34 4 1
-159 -33 1 10
-194 -8 4 1
-194 -7 2 1
-162 -46 1 0
-152 -22 2 1
-155 -14 4 0
-156 -14 3 0
-156 -13 3 0
-161 -33 0 1
-159 -33 5 0
-160 -34 5 0
-164 -2 4 1
-164 -2 5 1
-164 -38 1 1
-151 -19 0 1
-157 -33 1 1
-152 -7 12 0
-152 -5 11 0
-155 -6 10 0
-153 -5 11 0
-162 -21 11 1
-160 -23 10 0
-160 -23 9 0
-159 -22 7 0
-175 -41 2 0
-175 -41 3 0
-177 -40 4 0
-175 -40 5 0
-169 -9 5 1
-169 -10 5 1
-169 -14 1 4
-169 -14 0 1
-170 -14 2 11
-170 -14 1 7
-171 -10 1 1
-171 -10 3 0
-172 -10 2 0
-181 -8 4 1
-182 -7 4 1
-182 -7 3 1
-200 -18 3 0
-189 -21 0 1
-187 -9 7 0
-159 -41 2 1
-160 -40 2 0
-160 -40 0 0
-163 -42 0 0
-164 -44 0 1
-155 -41 1 1
-165 -45 1 1
-165 -44 0 1
-151 -25 5 1
-200 -30 0 1
-199 -29 1 1
-199 -16 3 0
-198 -16 2 0
-171 -32 5 0
-171 -32 6 0
-172 -31 4 0
-152 -21 0 1
-163 -41 0 0
-159 -2 5 0
-161 -3 3 1
-162 -3 5 6
-162 -3 4 3
-162 -3 3 5
-163 -3 3 1
-163 -3 6 1
-163 -3 5 3
-163 -3 4 4
-164 -3 6 1
-164 -3 5 1
-164 -3 4 1
-192 -48 0 1
-158 -28 5 0
-156 -9 6 0
-155 -10 3 0
-155 -10 5 0
-155 -10 4 0
-156 -11 3 0
-189 -15 5 1
-189 -15 6 1
-198 -29 0 1
-197 -13 7 1
-196 -15 6 1
-199 -22 12 0
-199 -22 13 0
-176 -15 2 1
-155 -26 5 0
-168 -48 -1 1
-169 -46 -1 1
-174 -49 -2 1
-175 -49 -2 1
-176 -49 -2 1
-176 -50 -2 1
-173 -11 0 5
-175 -50 -1 2
-200 -35 -2 1
-199 -13 0 1
-177 -50 3 1
-176 -50 3 1
-175 -48 2 0
-184 -32 2 1
-187 -32 1 1
-187 -28 1 1
-186 -30 -1 1
-187 -30 -1 1
-188 -30 -1 1
-187 -31 0 1
-187 -31 5 1
-187 -29 1 1
-187 -34 3 0
-186 -34 2 0
-169 -27 0 0
-168 -28 0 0
-166 -27 1 0
-172 -47 0 1
-178 -48 -1 1
-179 -46 -1 1
-179 -47 1 1
-179 -47 0 1
-179 -47 -1 1
-179 -48 0 3
-179 -48 -1 1
-177 -47 2 0
-152 -9 5 0
-153 -8 5 0
-153 -7 5 0
-153 -8 6 0
-153 -7 6 0
-154 -8 6 0
-155 -8 6 0
-154 -9 6 0
-153 -10 5 0
-153 -10 6 0
-154 -9 7 0
-154 -9 2 1
-155 -10 1 1
-155 -9 1 1
-155 -8 1 1
-154 -10 1 1
-154 -9 1 1
-154 -8 1 1
-153 -10 1 1
-153 -9 1 1
-153 -8 1 1
-157 -44 5 0
-158 -1 0 2
-157 -1 0 2
-156 -1 0 1
-152 -45 3 1000
-152 -45 2 2
-200 -22 -1 1
-200 -23 2 0
-200 -22 2 0
-158 -38 -3 1
-200 -22 1 0
-168 -28 1 1
-162 -6 4 5
-162 -6 5 2
-164 -1 4 1
-163 -1 5 3
-165 -1 3 1
-200 -3 0 1
-198 -45 8 1
-152 -12 9 0
-164 -33 9 0
-164 -33 10 0
-163 -33 9 0
-165 -34 10 0
-165 -34 9 0
-175 -4 6 0
-175 -4 5 0
-176 -3 5 0
-177 -4 6 1
-172 -1 8 1
-169 -35 1 1
-197 -17 8 1
-157 -26 3 0
-155 -27 4 0
-158 -48 7 0
-155 -10 0 1
-174 -6 -1 1
-164 -5 6 1
-155 -17 9 0
-155 -6 11 0
-152 -4 12 0
-187 -49 3 0
-164 -35 3 1
-157 -29 3 2
-175 -6 -1 1
-176 -6 -1 1
-175 -7 0 1
-177 -6 4 1
-178 -6 4 1
-177 -6 3 1000
-177 -6 1 1
-178 -6 3 1000
-178 -6 2 1
-161 -48 6 0
-161 -48 7 0
-159 -49 6 0
-159 -47 8 0
-176 -6 3 1
-174 -7 4 1
-174 -7 2 1
-175 -7 2 1
-172 -33 5 0
-197 -41 1 1
-199 -45 8 1
-199 -44 7 1
-199 -43 7 1
-172 -4 2 1
-172 -4 1 1
-174 -16 4 0
-176 -8 -1 1
-175 -8 0 2
-178 -7 4 8
-174 -18 3 0
-174 -19 3 1
-172 -19 2 1
-172 -19 4 0
-200 -40 2 0
-200 -40 1 0
-179 -37 5 0
-199 -7 4 0
-200 -3 5 0
-175 -46 4 0
-182 -47 9 0
-181 -50 10 1
-181 -49 5 0
-182 -48 1 1
-155 -14 3 0
-155 -14 5 0
-200 -40 12 0
-200 -41 10 1
-198 -47 13 0
-198 -47 12 0
-199 -46 12 0
-200 -47 11 0
-154 -12 0 1
-155 -12 0 1
-179 -2 9 1
-183 -2 7 1
-183 -2 8 1
-183 -2 9 1
-184 -5 7 1
-184 -5 8 1
-184 -5 9 1
-184 -4 7 1
-184 -4 8 1
-184 -4 9 1
-184 -3 7 1
-184 -3 8 1
-184 -3 9 1
-181 -4 10 0
-198 -44 3 1
-156 -42 0 1
-185 -46 6 0
-151 -20 2 1
-183 -44 6 0
-151 -1 4 0
-181 -16 6 0
-153 -17 3 0
-166 -12 3 1
-183 -31 2 1
-183 -31 0 1
-184 -31 0 1
-184 -32 0 1
-180 -19 6 0
-180 -19 4 0
-178 -19 5 0
-182 -1 7 6
-182 -1 8 1000
-182 -1 9 1
-181 -1 7 3
-181 -1 8 17
-181 -1 9 1
-180 -1 7 6
-180 -1 8 6
-180 -1 9 1
-152 -1 4 0
-152 -1 3 0
-199 -12 -1 1
-199 -13 -1 1
-199 -14 -1 1
-200 -12 -1 1
-200 -13 -1 1
-200 -14 -1 1
-181 -45 5 0
-181 -45 3 0
-183 -1 7 3
-183 -1 8 1
-183 -1 9 1
-184 -2 7 3
-184 -2 8 1
-184 -2 9 1
-182 -3 10 0
-197 -6 1 1
-197 -6 2 1
-197 -6 3 1
-200 -34 7 0
-200 -36 6 0
-200 -36 5 0
-198 -34 5 0
-157 -46 6 0
-198 -26 1 1
-183 -13 4 8
-183 -12 4 10
-179 -1 7 4
-179 -1 8 1
-179 -1 9 1
-162 -11 4 1
-161 -11 2 3
-161 -11 4 1
-159 -50 2 1
-159 -50 1 1
-159 -50 0 1
-154 -46 0 1
-185 -14 -1 1
-189 -10 0 1
-197 -14 5 7
-197 -15 5 4
-197 -14 4 3
-153 -26 1 2
-187 -21 4 1
-154 -2 1 1
-152 -47 4 0
-187 -38 4 1
-188 -39 1 1
-187 -39 1 1
-188 -42 4 28
-200 -20 2 0
-154 -23 6 0
-171 -10 -1 1
-158 -32 2 5
-182 -10 1 1
-185 -8 4 1
-185 -7 2 1
-182 -39 6 0
-154 -26 4 0
-196 -29 5 1
-199 -29 5 0
-197 -29 3 1
-164 -46 5 0
-164 -44 5 0
-167 -44 5 0
-200 -6 1 0
-199 -11 1 2
-193 -46 10 1
-193 -45 10 1
-191 -47 7 1
-192 -48 8 1
-190 -47 5 4
-185 -16 -1 1
-160 -42 6 0
-160 -42 5 0
-189 -49 5 2
-199 -11 6 0
-198 -11 6 0
-177 -31 4 0
-176 -31 4 0
-194 -46 10 1
-177 -31 5 0
-177 -30 4 0
-177 -30 5 0
-178 -30 4 0
-178 -29 4 0
-169 -6 2 1
-180 -30 4 0
-180 -30 5 0
-180 -30 3 0
-178 -31 2 0
-198 -24 -1 1
-154 -13 1 1
-167 -28 6 0
-169 -26 5 0
-166 -30 5 0
-169 -27 5 0
-167 -28 1 1
-168 -29 6 0
-169 -28 5 0
-166 -29 5 0
-167 -29 5 0
-174 -5 1 1
-187 -1 2 4
-187 -1 1 2
-181 -6 3 2
-181 -6 2 1
-200 -3 2 0
-152 -19 3 0
-152 -19 4 0
-154 -18 5 0
-151 -15 4 0
-154 -14 1 1
-154 -14 6 0
-165 -31 8 0
-165 -31 12 0
-164 -32 9 0
-189 -25 4 1
-162 -4 2 4
-200 -32 6 0
-200 -32 5 0
-165 -25 9 0
-154 -44 1 1
-154 -44 2 3
-154 -44 3 1000
-188 -6 3 1
-188 -6 2 1
-156 -46 4 1
-188 -7 1 2
-156 -45 3 3
-189 -6 2 1
-155 -47 4 1
-155 -46 2 2
-155 -28 1 9
-163 -43 3 0
-183 -45 3 0
-165 -32 11 0
-165 -33 10 0
-196 -29 3 1
-196 -30 5 1
-196 -30 4 1
-196 -30 3 1
-197 -29 4 8
-160 -18 3 1
-159 -19 1 1
-157 -19 2 0
-156 -18 0 1
-157 -19 -1 1
-174 -8 2 1
-173 -9 2 0
-172 -9 1 0
-171 -9 3 0
-173 -10 -1 1
-156 -24 3 0
-153 -46 0 1
-179 -12 2 1
-160 -33 6 0
-199 -22 1 0
-180 -8 4 1
-179 -9 4 3
-179 -8 4 10
-189 -15 -1 1
-188 -15 -1 1
-181 -8 2 1
-181 -8 1 0
-157 -19 11 1
-182 -9 1 0
-157 -20 7 0
-153 -3 10 0
-199 -44 0 0
-152 -6 8 0
-172 -9 3 0
-158 -27 5 0
-153 -3 4 0
-153 -3 5 0
-199 -22 6 0
-157 -5 5 0
-157 -6 4 0
-200 -31 4 0
-200 -31 5 0
-200 -30 3 0
-200 -31 3 0
-199 -30 5 0
-199 -30 3 0
-200 -29 6 0
-166 -23 9 2
-166 -23 10 2
-166 -22 9 1
-166 -22 10 2
-151 -50 0 1
-187 -15 2 1
-199 -49 5 0
-199 -42 5 0
-165 -25 10 0
-165 -25 8 0
-198 -38 8 1
-188 -13 6 3
-200 -45 0 0
-177 -18 5 0
-162 -31 0 1
-177 -18 6 0
-177 -18 4 0
-177 -17 5 0
-179 -16 5 0
-179 -16 4 0
-181 -18 4 0
-179 -19 5 0
-158 -25 4 0
-177 -32 5 0
-155 -29 6 0
-154 -49 3 1
-197 -41 12 1
-197 -41 11 1
-197 -42 13 1
-197 -42 12 1
-197 -42 11 1
-198 -42 13 4
-169 -7 4 1
-172 -8 3 6
-173 -8 3 4
-173 -8 4 1
-168 -10 -1 1
-168 -19 5 1
-177 -35 6 0
-177 -36 6 0
-173 -50 4 1
-176 -36 5 0
-176 -36 6 0
-175 -36 6 0
-176 -34 4 0
-176 -34 3 0
-161 -11 1 1
-163 -12 -1 1
-162 -12 -1 1
-151 -44 4 0
-185 -15 2 0
-182 -36 4 0
-182 -36 3 0
-151 -47 1 1
-160 -31 2 2
-166 -49 5 1
-166 -50 3 1
-171 -6 2 1
-171 -7 1 8
-153 -9 10 0
-153 -8 9 0
-183 -9 -1 1
-183 -10 -1 1
-182 -10 0 2
-181 -12 1 1
-181 -11 3 1
-182 -11 2 1
-183 -13 0 1
-183 -14 0 1
-181 -12 4 1
-179 -34 3 0
-179 -33 3 0
-181 -33 4 0
-181 -32 4 0
-181 -33 3 0
-182 -33 4 0
-182 -33 5 0
-182 -33 3 0
-164 -33 5 0
-163 -33 5 0
-174 -38 6 0
-174 -37 6 0
-174 -37 7 0
-173 -38 6 0
-173 -37 6 0
-166 -31 6 0
-166 -31 7 0
-165 -32 6 0
-165 -31 6 0
-165 -31 7 0
-190 -37 4 1
-164 -32 0 1
-164 -32 2 1
-174 -6 0 1
-175 -5 1 3
-175 -6 0 1
-176 -5 2 3
-176 -5 1 1
-176 -5 0 1
-176 -6 0 2
-175 -6 1 1
-175 -6 3 1
-174 -5 3 1
-176 -4 3 1
-176 -4 2 1
-177 -4 2 1
-154 -31 6 0
-155 -11 1 1
-181 -43 4 0
-179 -43 5 0
-152 -5 10 0
-196 -10 2 0
-152 -13 4 0
-152 -23 7 0
-174 -38 0 0
-174 -38 1 0
-196 -8 6 0
-194 -12 5 0
-194 -12 6 0
-196 -10 6 0
-196 -10 7 0
-155 -36 2 0
-196 -6 4 1
-196 -6 5 1
-196 -6 6 1
-189 -47 10 1
-189 -46 10 1
-189 -45 10 1
-174 -29 7 0
-175 -27 6 0
-173 -39 7 0
-176 -37 7 0
-175 -40 7 0
-174 -40 7 0
-175 -39 8 0
-181 -46 1 1
-182 -47 0 1
-182 -46 0 1
-181 -45 0 1
-170 -44 1 0
-168 -47 1 0
-169 -46 -2 1
-169 -45 -2 1
-166 -46 1 0
-166 -42 -2 1
-166 -41 0 1
-184 -46 2 0
-184 -47 2 0
-167 -30 6 0
-172 -34 4 0
-172 -34 5 0
-174 -36 4 0
-174 -36 5 0
-174 -35 4 0
-173 -35 4 0
-173 -35 5 0
-174 -34 4 0
-173 -34 4 0
-173 -33 4 0
-174 -37 5 0
-168 -38 4 0
-168 -37 4 0
-168 -38 5 0
-163 -28 1 1
-165 -30 2 0
-164 -29 3 0
-164 -30 2 0
-152 -34 3 2
-168 -16 1 2
-157 -37 0 0
-158 -36 1 0
-158 -36 2 0
-158 -36 0 0
-169 -16 3 1
-167 -29 10 0
-158 -38 -2 1
-159 -37 -3 1
-158 -37 -3 1
-157 -37 -3 1
-165 -31 10 0
-194 -9 6 0
-153 -25 4 0
-152 -26 3 1
-180 -17 5 0
-151 -14 9 0
-157 -50 2 2
-156 -5 1 1
-181 -15 5 1
-186 -27 2 0
-185 -27 0 1
-184 -27 3 1
-180 -16 8 0
-184 -27 1 1
-199 -38 8 1
-187 -21 1 1
-198 -43 4 3
-197 -44 7 1
-187 -16 2 1
-195 -6 2 1
-195 -6 3 1
-198 -42 7 1
-158 -30 7 0
-157 -29 1 12
-198 -43 3 1
-179 -49 7 0
-181 -48 5 0
-181 -48 7 0
-194 -6 2 1
-156 -40 0 1
-181 -47 7 0
-181 -47 6 0
-195 -35 6 0
-169 -19 6 2
-168 -20 6 2
-165 -24 9 1
-153 -23 6 0
-151 -45 4 1
-194 -33 3 1
-194 -34 3 1
-194 -35 3 1
-193 -34 4 1
-193 -34 7 1
-193 -35 7 1
-194 -35 7 1
-190 -36 8 1
-191 -36 8 1
-194 -36 8 1
-194 -36 7 1
-194 -37 8 1
-193 -34 3 1
-193 -35 3 1
-153 -43 6 0
-153 -41 5 0
-183 -12 3 3
-184 -13 2 4
-184 -13 3 4
-185 -14 2 0
-184 -12 2 1
-153 -41 7 0
-153 -41 6 0
-184 -11 4 1
-152 -39 5 1
-151 -21 3 0
-160 -30 6 0
-152 -25 4 0
-170 -32 7 0
-171 -11 4 1
-155 -43 6 0
-176 -7 3 1
-188 -48 2 1
-187 -47 2 0
-189 -49 -1 1
-189 -49 0 2
-185 -49 2 0
-187 -50 3 0
-197 -50 8 0
-197 -50 7 0
-196 -49 9 1
-190 -48 9 1
-161 -13 -1 1
-176 -20 0 1
-172 -13 0 1
-172 -14 0 1
-198 -48 8 0
-190 -32 5 3
-190 -35 5 0
-190 -35 6 1
-192 -36 3 1
-192 -36 4 1
-156 -27 2 1
-174 -16 3 0
-173 -17 2 1
-189 -36 5 0
-156 -1 3 0
-198 -14 2 0
-200 -14 3 0
-198 -10 0 1
-198 -11 0 1
-198 -44 12 4
-198 -44 13 4
-197 -44 11 2
-188 -36 -1 1
-156 -42 -1 1
-155 -43 -1 1
-155 -42 -1 1
-190 -36 5 0
-190 -36 6 1
-177 -16 -1 1
-178 -16 -1 1
-155 -46 3 2
-191 -38 4 1
-191 -38 5 1
-191 -37 4 2
-191 -37 5 1
-180 -20 2 1
-190 -38 3 1
-190 -38 4 1
-190 -38 5 1
-188 -37 5 0
-188 -37 6 0
-188 -14 5 3
-156 -38 3 1
-155 -50 7 0
-185 -37 3 0
-186 -36 2 0
-186 -35 2 0
-188 -33 5 0
-180 -19 2 6
-180 -16 2 6
-172 -39 2 0
-172 -39 1 0
-168 -39 2 0
-200 -43 4 0
-199 -44 4 0
-200 -43 5 0
-200 -43 3 0
-199 -43 3 1
-170 -11 4 4
-161 -42 1 1
-191 -40 1 1
-189 -37 2 0
-185 -39 1 0
-189 -39 0 1
-190 -40 0 1
-190 -39 4 1
-190 -40 4 1
-190 -39 1 1
-151 -50 4 5
-188 -25 4 1
-182 -14 2 1
-165 -34 2 3
-185 -46 1 0
-185 -46 2 0
-187 -47 4 1
-187 -47 3 1
-151 -19 6 0
-163 -10 2 5
-163 -10 3 1
-172 -5 1 1
-164 -39 3 0
-174 -22 0 1
-196 -49 7 1
-171 -5 1 1
-171 -5 2 1
-171 -5 3 1
-166 -38 1 0
-166 -41 1 0
-186 -27 3 0
-174 -6 2 1
-153 -7 12 0
-155 -47 2 1
-175 -7 -1 1
-174 -7 -1 1
-173 -7 -1 1
-165 -22 12 1
-165 -23 12 1
-166 -22 12 1
-166 -23 12 1
-174 -12 10 0
-174 -12 8 0
-175 -12 9 0
-175 -11 9 0
-175 -12 10 0
-175 -12 8 0
-176 -12 9 0
-176 -12 10 0
-176 -12 8 0
-152 -30 3 1
-152 -30 6 1
-154 -6 9 0
-186 -4 2 0
-183 -2 0 1
-183 -3 0 1
-183 -4 0 1
-197 -45 -1 1
-198 -45 -1 1
-151 -31 3 1
-152 -31 3 1
-152 -31 6 1
-153 -13 1 1
-153 -14 1 1
-151 -31 6 1
-151 -31 5 133
-154 -46 2 1
-151 -31 4 128
-154 -3 10 0
-164 -46 -1 1
-164 -45 -1 1
-192 -6 3 1
-192 -7 5 2
-192 -9 2 0
-176 -35 1 0
-175 -36 1 0
-176 -35 3 0
-176 -35 2 0
-175 -36 2 0
-181 -14 1 1
-155 -4 12 0
-166 -21 7 1
-200 -17 6 0
-199 -19 5 0
-199 -19 4 0
-173 -14 0 1
-173 -15 0 1
-173 -14 4 0
-173 -14 1 8
-173 -16 1 4
-173 -15 1 2
-175 -14 1 0
-174 -14 1 1
-172 -14 1 2
-170 -15 4 1
-154 -32 1 1
-154 -32 0 1
-172 -11 2 0
-153 -29 5 0
-153 -29 4 0
-178 -36 6 0
-154 -4 12 0
-178 -5 2 1
-177 -3 5 1
-178 -3 5 4
-178 -3 4 5
-178 -3 3 5
-178 -4 5 7
-179 -3 5 1
-179 -3 4 1
-179 -4 5 2
-155 -42 4 0
-179 -4 3 12
-179 -5 5 4
-178 -4 4 1000
-179 -3 3 3
-179 -3 2 5
-179 -3 1 1
-152 -41 3 0
-153 -41 3 0
-189 -47 6 1
-189 -46 6 14
-188 -20 3 7
-189 -20 4 1
-189 -19 4 1
-188 -20 4 1
-188 -19 4 1
-187 -19 4 1
-188 -20 1 3
-187 -19 1 1
-190 -12 5 0
-158 -17 1 1
-159 -17 1 1
-160 -17 1 1
-157 -17 4 1
-158 -16 4 1
-158 -17 4 2
-158 -17 3 6
-158 -17 2 3
-158 -16 3 4
-159 -17 4 1
-159 -17 3 1
-159 -17 2 1
-160 -17 4 1
-160 -17 3 1
-198 -42 3 1
-200 -43 6 0
-199 -43 5 0
-200 -41 7 0
-200 -29 12 0
-200 -28 12 0
-188 -4 2 4
-188 -4 3 2
-163 -39 -1 1
-152 -42 6 1
-152 -43 5 0
-196 -8 2 2
-183 -47 8 0
-154 -10 4 0
-200 -41 1 0
-158 -46 -1 1
-158 -47 -1 1
-163 -36 0 7
-157 -23 3 0
-165 -8 -1 1
-161 -8 3 1
-158 -29 6 0
-158 -28 6 0
-174 -50 0 1
-175 -50 2 1
-170 -29 7 0
-200 -2 0 1
-200 -1 0 1
-160 -25 3 0
-160 -25 4 0
-160 -25 7 0
-158 -36 4 0
-159 -26 6 0
-163 -24 3 1
-160 -23 4 0
-191 -48 3 2
-191 -49 3 17
-191 -50 3 1000
-190 -49 2 40
-189 -46 2 1000
-175 -4 1 2
-175 -4 2 4
-175 -4 3 1
-169 -50 6 1
-153 -4 1 1
-153 -4 2 1
-153 -4 3 1
-153 -3 1 1
-159 -43 3 0
-182 -39 5 0
-157 -20 8 0
-189 -44 4 1
-187 -40 0 3
-188 -40 0 1
-189 -40 0 1
-187 -40 4 1
-153 -49 -1 1
-197 -41 2 1
-190 -32 4 1
-163 -11 3 1
-172 -29 7 0
-172 -29 8 0
-158 -41 5 0
-161 -50 9 1
-161 -50 5 1
-158 -49 8 0
-172 -40 2 0
-172 -40 3 0
-159 -35 5 0
-182 -13 0 1
-198 -5 3 4
-200 -7 1 0
-198 -11 1 5
-157 -43 6 0
-161 -39 1 1
-153 -23 3 0
-166 -10 3 1
-165 -11 3 1
-166 -11 0 1
-166 -10 0 1
-166 -9 0 6
-165 -12 0 1
-165 -12 1 1
-165 -12 2 1
-162 -34 3 1
-200 -43 0 0
-200 -44 2 0
-199 -44 1 0
-200 -43 1 0
-199 -41 1 0
-197 -41 -1 1
-197 -42 -1 1
-160 -20 8 2
-198 -41 -1 1
-167 -14 0 1
-167 -14 1 1
-167 -14 2 1
-181 -43 1 0
-190 -15 7 1
-189 -12 8 1
-186 -15 8 1
-186 -14 8 1
-186 -12 8 0
-188 -16 8 1
-187 -16 8 1
-186 -16 8 1
-185 -15 7 0
-185 -13 8 0
-153 -21 14 0
-153 -22 14 0
-152 -22 13 0
-152 -23 13 0
-152 -22 14 0
-152 -21 15 0
-184 -13 8 0
-156 -18 6 0
-156 -17 6 0
-155 -18 6 0
-155 -17 6 0
-199 -2 6 1
-191 -39 0 1
-190 -38 1 1
-190 -37 2 4
-168 -24 8 0
-170 -27 8 0
-160 -41 4 0
-160 -43 4 0
-175 -31 6 0
-175 -31 7 0
-175 -31 5 0
-151 -25 7 1
-168 -39 1 0
-156 -20 -1 1
-160 -47 2 0
-161 -47 1 0
-162 -47 2 0
-172 -15 3 0
-171 -15 4 4
-170 -15 2 6
-170 -15 3 7
-195 -14 5 2
-160 -34 7 0
-200 -47 1 0
-155 -17 4 0
-152 -18 5 0
-194 -13 6 2
-194 -13 5 1
-193 -14 6 1
-165 -34 11 0
-165 -26 3 1
-172 -31 5 0
-169 -38 5 0
-169 -39 5 0
-169 -38 4 0
-200 -41 4 0
-199 -42 4 0
-200 -41 5 0
-200 -41 3 0
-199 -42 3 1
-178 -14 0 1
-178 -13 0 1
-197 -8 2 2
-160 -39 7 0
-161 -41 4 0
-162 -41 5 0
-162 -39 4 0
-162 -39 6 0
-162 -39 5 0
-173 -7 2 1
-188 -12 2 0
-188 -11 2 0
-154 -34 5 1
-159 -41 6 0
-161 -41 5 0
-161 -41 6 0
-160 -40 5 0
-157 -40 5 0
-185 -4 -1 1
-185 -5 -1 1
-160 -4 3 1
-165 -28 12 0
-169 -26 9 0
-169 -26 6 0
-198 -16 3 0
-186 -4 -1 1
-186 -5 -1 1
-187 -4 -1 1
-187 -5 -1 1
-186 -5 0 1
-186 -5 4 0
-188 -8 1 1
-187 -2 0 1
-188 -2 2 1
-188 -2 1 1
-188 -2 0 1
-188 -3 0 1
-189 -2 2 1
-189 -2 1 1
-189 -2 0 1
-189 -3 0 1
-187 -2 5 1
-188 -2 5 1
-188 -2 4 1
-188 -2 3 1
-168 -27 9 0
-189 -2 5 1
-192 -50 7 12
-197 -41 4 1
-197 -41 3 1
-198 -40 4 4
-191 -50 8 27
-191 -48 7 1
-190 -48 7 1
-191 -48 8 1
-190 -48 8 1
-159 -46 2 0
-160 -46 3 0
-182 -13 3 1
-182 -13 2 5
-173 -42 2 0
-175 -42 2 0
-176 -42 2 0
-176 -40 2 0
-177 -40 3 0
-176 -39 2 0
-175 -39 2 0
-175 -38 3 0
-173 -39 2 0
-158 -47 4 0
-173 -40 4 0
-173 -40 3 0
-189 -29 4 1
-178 -17 6 0
-188 -20 2 10
-189 -7 0 1
-189 -6 0 1
-189 -5 0 1
-189 -5 1 1
-155 -33 -1 1
-200 -8 6 0
-154 -34 -1 1
-154 -34 0 1
-154 -34 1 4
-154 -33 -1 1
-169 -37 6 0
-171 -37 5 0
-171 -37 4 0
-170 -36 5 0
-171 -36 4 0
-169 -35 5 0
-169 -36 5 0
-178 -42 2 0
-174 -13 0 6
-164 -11 3 1
-185 -50 9 1
-178 -43 4 0
-178 -40 3 0
-155 -19 5 0
-200 -29 4 0
-156 -28 2 1
-156 -28 1 12
-157 -26 2 1000
-157 -26 1 3
-153 -19 2 1
-200 -31 0 1
-200 -31 1 0
-200 -33 -1 1
-199 -33 -1 1
-199 -33 0 1
-151 -10 10 0
-151 -12 9 0
-175 -13 1 0
-173 -13 1 0
-174 -13 1 0
-174 -11 4 0
-174 -11 0 3
-173 -12 -1 1
-174 -9 3 1
-174 -9 -1 1
-181 -12 5 1
-195 -22 3 1
-186 -43 -1 1
-195 -21 3 1
-197 -37 13 1
-187 -44 -1 1
-188 -43 -1 1
-162 -10 2 11
-198 -16 5 1
-160 -41 3 0
-161 -26 0 1
-161 -27 0 1
-162 -26 0 1
-162 -27 0 1
-162 -28 0 1
-161 -27 1 1
-167 -28 2 0
-167 -49 6 1
-166 -49 6 0
-174 -9 4 1
-178 -36 5 0
-177 -34 4 0
-170 -26 7 0
-167 -27 6 0
-161 -43 6 0
-161 -43 5 0
-162 -34 -1 1
-154 -23 2 1
-154 -23 1 5
-185 -8 2 1
-185 -12 4 1
-185 -12 3 1
-164 -34 6 0
-164 -34 7 0
-164 -33 6 0
-186 -10 2 0
-163 -34 6 0
-163 -33 6 0
-200 -44 1 0
-199 -45 1 0
-182 -11 4 4
-151 -8 6 0
-199 -15 1 0
-160 -42 3 0
-176 -7 4 1
-156 -19 7 0
-156 -19 8 0
-156 -19 11 0
-167 -27 2 0
-196 -30 2 1
-170 -20 2 0
-151 -2 2 1
-170 -20 5 0
-170 -22 5 0
-151 -4 5 0
-188 -41 4 1
-169 -12 4 1
-176 -13 -1 1
-185 -15 4 1
-158 -23 7 0
-189 -16 6 1
-185 -12 6 0
-200 -6 6 0
-200 -6 5 0
-177 -50 1 9
-199 -8 6 0
-199 -10 7 0
-160 -22 4 0
-160 -22 5 0
-159 -22 4 0
-159 -22 5 0
-160 -26 7 0
-198 -10 7 0
-197 -8 6 0
-170 -36 0 0
-170 -36 4 0
-170 -36 3 0
-169 -37 1 1
-172 -29 3 0
-169 -37 2 0
-170 -38 1 0
-170 -38 3 0
-170 -38 2 0
-170 -37 2 0
-173 -17 4 0
-173 -17 3 0
-172 -18 3 0
-177 -36 3 0
-177 -36 4 0
-157 -3 3 0
-170 -46 0 4
-170 -45 0 1
-170 -45 1 1
-173 -44 1 0
-175 -45 1 1
-175 -45 2 0
-176 -46 0 6
-177 -47 -1 1
-177 -47 0 3
-177 -47 1 1
-177 -46 -1 1
-177 -46 0 8
-177 -46 1 1
-177 -45 -1 1
-177 -45 0 3
-177 -45 1 1
-176 -47 -1 1
-176 -46 -1 1
-176 -45 -1 1
-176 -45 0 2
-173 -50 0 1
-172 -50 0 1
-200 -18 11 0
-158 -1 3 0
-158 -1 5 0
-155 -1 3 0
-155 -1 5 0
-176 -11 5 1
-177 -9 5 1
-200 -44 12 0
-176 -10 4 1
-157 -29 2 2
-171 -23 4 0
-171 -22 4 0
-179 -5 3 34
-172 -22 4 0
-172 -21 2 1
-174 -22 3 0
-179 -2 3 1
-179 -2 2 1
-174 -22 4 0
-174 -22 2 1
-174 -23 3 0
-174 -23 4 0
-174 -23 2 0
-174 -25 3 0
-174 -25 4 0
-174 -25 2 0
-172 -25 2 1
-170 -49 3 1
-171 -49 1 1
-169 -49 2 0
-200 -3 4 0
-171 -13 3 14
-152 -46 2 5
-153 -13 3 0
-156 -13 5 0
-156 -15 4 0
-172 -19 3 0
-166 -50 2 1
-151 -23 2 1
-151 -23 1 1
-153 -22 1 5
-152 -16 5 0
-199 -36 3 0
-170 -41 2 0
-157 -34 6 0
-173 -50 -2 1
-172 -50 3 1
-167 -10 -1 1
-167 -9 -1 1
-171 -22 2 1
-199 -40 5 0
-200 -40 4 0
-197 -39 3 1
-197 -40 5 1
-165 -38 4 0
-165 -38 3 0
-166 -37 4 0
-166 -37 3 0
-165 -37 3 0
-151 -24 2 1
-151 -24 1 2
-154 -20 9 0
-158 -40 3 1
-154 -33 3 3
-152 -44 1 1
-155 -44 1 1
-159 -3 0 1
-198 -40 13 2
-168 -45 5 0
-156 -15 5 0
-155 -26 2 1
-185 -36 2 0
-185 -36 6 0
-186 -38 5 0
-187 -36 5 0
-198 -15 5 1
-187 -36 4 0
-186 -35 5 0
-186 -36 4 0
-185 -35 5 0
-185 -34 4 0
-185 -35 4 0
-175 -37 5 0
-168 -47 6 0
-172 -16 1 2
-179 -18 3 1
-179 -18 4 0
-179 -18 7 0
-179 -18 6 0
-168 -43 0 1
-169 -44 -1 1
-168 -44 -1 2
-169 -17 4 1
-179 -20 5 0
-170 -17 4 5
-170 -16 3 10
-168 -17 3 1
-168 -17 2 3
-168 -17 1 2
-159 -34 1 4
-178 -24 4 0
-177 -23 4 0
-178 -21 3 0
-177 -43 4 0
-176 -23 1 0
-178 -22 2 0
-180 -50 8 1000
-180 -50 9 1
-180 -50 10 1
-178 -22 4 0
-178 -22 3 0
-177 -23 3 0
-176 -21 2 0
-176 -22 4 0
-176 -22 3 0
-176 -25 1 0
-178 -25 2 0
-178 -25 4 0
-155 -33 4 9
-199 -47 0 1
-199 -47 2 0
-197 -48 2 1
-197 -48 1 1
-178 -15 0 1
-169 -2 40 1
-169 -2 41 1
-171 -5 42 0
-173 -5 39 1
-173 -4 39 1
-173 -4 40 1
-173 -4 41 1
-173 -3 39 1
-173 -3 40 2
-173 -3 41 1
-172 -3 39 1
-172 -3 40 2
-172 -3 41 1
-173 -24 3 0
-184 -12 5 1
-183 -13 5 1
-183 -12 5 1
-183 -11 5 1
-186 -10 5 0
-171 -25 5 0
-171 -25 2 1
-172 -24 1 1
-171 -24 1 1
-170 -24 1 1
-158 -50 3 2
-153 -45 0 1
-163 -9 5 1
-162 -9 5 1
-198 -13 7 1
-198 -10 6 0
-197 -8 5 0
-195 -9 6 0
-195 -9 5 0
-195 -10 6 0
-197 -11 7 0
-196 -12 6 0
-174 -34 5 0
-174 -35 5 0
-178 -27 4 0
-153 -21 0 1
-159 -37 -1 1
-158 -37 0 1
-158 -38 0 1
-165 -10 3 1
-166 -8 4 1
-166 -9 4 1
-177 -26 2 0
-177 -26 4 0
-177 -25 3 0
-170 -39 3 0
-164 -6 1 6
-169 -38 2 0
-169 -38 3 0
-169 -38 1 0
-170 -37 3 0
-170 -37 4 0
-170 -37 1 1
-170 -37 0 1
-166 -26 9 0
-197 -32 10 1
-198 -30 5 2
-186 -9 2 0
-185 -8 1 0
-162 -22 8 1
-184 -8 4 1
-160 -26 4 0
-167 -46 5 0
-172 -21 7 0
-173 -20 6 0
-171 -20 7 0
-171 -20 6 0
-168 -18 7 1
-168 -18 6 1
-169 -18 7 1
-169 -18 6 1
-170 -22 8 0
-151 -21 0 1
-194 -37 6 1
-194 -37 7 1
-197 -30 8 1
-197 -29 8 1
-197 -28 8 1
-199 -14 4 0
-185 -15 6 0
-199 -12 5 0
-160 -35 4 0
-196 -31 12 1
-166 -45 4 0
-166 -45 2 0
-165 -46 4 0
-165 -46 2 0
-164 -46 3 0
-164 -47 3 0
-164 -46 4 0
-161 -33 4 0
-159 -25 0 1
-159 -25 1 1
-153 -6 11 0
-154 -6 11 0
-155 -26 6 0
-200 -2 4 1
-200 -2 5 1
-157 -20 9 0
-156 -20 9 0
-181 -48 8 0
-176 -13 4 1
-183 -47 7 0
-177 -15 -1 1
-188 -15 6 3
-188 -15 5 3
-183 -45 7 0
-181 -44 8 0
-180 -45 8 0
-179 -46 8 0
-191 -16 4 1
-192 -15 6 1
-155 -41 5 0
-155 -41 6 0
-158 -20 11 1
-156 -19 0 1
-156 -20 0 1
-157 -18 0 1
-157 -19 0 1
-157 -20 0 1
-156 -19 1 1
-198 -37 13 1
-198 -37 12 1
-199 -34 6 0
-200 -39 14 1
-200 -35 9 1
-200 -35 14 0
-197 -37 10 1
-200 -24 0 1
-199 -25 0 1
-199 -25 2 0
-163 -42 -3 1
-161 -8 4 1
-161 -8 0 1
-162 -9 -1 1
-161 -9 -1 1
-182 -50 -1 1
-169 -45 6 0
-169 -46 6 0
-163 -35 7 0
-151 -42 5 0
-153 -38 4 0
-152 -15 1 1
-172 -19 7 0
-172 -19 6 0
-171 -22 8 0
-172 -23 7 0
-199 -40 4 0
-200 -39 4 0
-172 -20 7 0
-162 -34 2 1
-159 -18 12 1
-159 -18 11 1
-159 -19 12 1
-159 -19 11 1
-172 -49 4 1
-183 -12 -1 1
-184 -12 -1 1
-152 -28 4 0
-152 -28 6 0
-151 -27 3 1
-152 -27 3 1
-187 -45 -1 1
-172 -38 6 0
-173 -38 4 0
-173 -39 5 0
-173 -36 5 0
-172 -39 5 0
-173 -36 4 0
-179 -6 4 4
-179 -7 4 1000
-179 -7 3 1000
-199 -45 7 1
-160 -37 5 0
-155 -25 0 1
-158 -35 5 0
-157 -36 5 0
-161 -35 1 5
-159 -48 1 0
-158 -47 2 0
-159 -40 0 1
-159 -40 2 0
-151 -39 7 3
-151 -11 4 0
-151 -11 5 0
-162 -7 5 1
-162 -7 4 3
-161 -41 0 0
-164 -42 4 0
-171 -13 2 7
-151 -29 5 242
-151 -29 6 6
-171 -13 1 1
-198 -34 0 1
-198 -30 2 1
-198 -31 2 1
-198 -30 3 1
-195 -31 2 1
-155 -22 0 1
-155 -22 1 3
-155 -22 2 1
-163 -8 4 1
-200 -24 6 0
-199 -27 6 0
-163 -2 4 2
-183 -26 3 1
-184 -22 2 4
-184 -22 1 2
-173 -8 1 0
-187 -45 0 2
-153 -14 9 0
-187 -3 3 0
-187 -3 1 1
-187 -3 4 1
-179 -9 2 4
-187 -1 4 1
-175 -29 2 0
-164 -44 1 0
-165 -42 4 0
-165 -42 0 1
-200 -12 0 1
-167 -17 2 1
-167 -16 0 1
-152 -4 2 1
-160 -35 -1 1
-152 -3 1 1
-165 -38 2 0
-160 -8 0 1
-158 -10 1 0
-158 -10 2 0
-159 -9 -1 1
-196 -14 2 2
-174 -33 3 0
-175 -34 0 0
-196 -16 4 1
-186 -44 0 1
-186 -43 0 1
-185 -45 0 1
-185 -44 0 1
-185 -43 0 1
-163 -27 4 14
-160 -27 4 1
-163 -25 7 0
-163 -25 8 0
-163 -25 11 0
-162 -26 8 0
-163 -27 8 0
-163 -26 10 0
-163 -27 9 0
-163 -26 9 0
-165 -26 8 0
-199 -25 1 1
-200 -1 3 0
-166 -24 2 6
-166 -24 3 3
-166 -24 4 1
-165 -43 -1 1
-166 -43 -1 1
-167 -41 -1 1
-167 -42 -1 1
-167 -43 -1 2
-166 -42 0 3
-166 -42 4 0
-161 -29 3 1
-166 -44 1 0
-167 -43 3 0
-171 -10 4 1
-199 -15 -1 1
-158 -32 4 1
-197 -44 14 1
-198 -44 14 1
-199 -44 14 1
-197 -44 13 1
-159 -35 3 0
-175 -34 3 0
-175 -34 5 0
-162 -11 0 3
-161 -28 1 1
-151 -47 -1 1
-152 -48 4 0
-200 -29 2 0
-200 -29 1 1
-162 -27 2 1
-161 -7 4 1
-197 -50 9 0
-197 -50 10 0
-197 -50 6 0
-161 -27 2 2
-159 -26 0 1
-160 -19 10 1
-160 -21 11 2
-160 -20 11 1
-198 -30 6 1
-171 -32 3 0
-171 -31 3 0
-173 -30 3 0
-172 -30 3 0
-173 -29 3 0
-190 -13 7 1
-189 -14 5 6
-188 -6 4 1
-188 -38 -1 1
-174 -9 1 0
-198 -31 14 1
-164 -9 0 9
-176 -36 4 0
-189 -14 7 1
-197 -13 0 1
-189 -13 7 2
-167 -42 2 0
-168 -42 2 0
-167 -41 4 0
-167 -42 3 0
-168 -42 1 0
-154 -39 0 1
-154 -39 -1 1
-154 -40 0 1
-154 -40 -1 1
-173 -24 7 0
-155 -39 -1 1
-155 -40 -1 1
-172 -26 6 0
-195 -47 7 1
-196 -48 8 0
-196 -48 7 0
-191 -13 5 1
-197 -49 8 0
-197 -49 7 0
-152 -46 -1 1
-152 -47 -1 1
-180 -48 2 1
-181 -49 3 1
-160 -36 1 1
-153 -16 7 0
-166 -30 4 0
-167 -32 4 0
-187 -37 -1 1
-156 -26 8 0
-151 -17 4 0
-157 -47 1 0
-151 -8 11 0
-196 -14 4 5
-152 -28 5 0
-154 -29 6 0
-154 -30 6 0
-154 -32 6 0
-159 -27 2 1
-197 -33 14 1
-162 -21 9 3
-197 -9 -1 1
-199 -21 5 0
-199 -21 4 0
-156 -31 2 2
-156 -31 1 2
-171 -27 8 0
-171 -27 7 0
-159 -34 8 0
-159 -34 4 0
-184 -8 3 10
-184 -8 2 1
-153 -2 3 0
-164 -21 40 1
-163 -21 40 3
-162 -22 40 1
-162 -21 40 1
-164 -20 38 1
-164 -20 39 1
-164 -20 40 1
-163 -20 38 1
-163 -20 39 1
-163 -20 40 1
-162 -20 38 1
-162 -20 39 1
-162 -20 40 1
-165 -22 40 1
-165 -21 40 1
-165 -23 40 1
-164 -22 40 3
-164 -23 39 0
-163 -24 39 0
-164 -25 39 0
-163 -25 39 0
-162 -24 39 0
-161 -25 39 0
-163 -23 40 0
-163 -23 41 0
-162 -23 40 0
-161 -23 40 0
-161 -23 41 0
-161 -22 40 0
-161 -22 41 0
-164 -20 41 1
-163 -20 41 1
-162 -21 41 1
-162 -20 41 1
-163 -21 41 2
-164 -21 42 1
-164 -20 42 1
-163 -21 42 4
-163 -20 42 1
-162 -21 42 1
-162 -20 42 1
-165 -22 41 1
-165 -21 41 1
-164 -21 41 1
-164 -22 41 2
-165 -23 42 1
-165 -22 42 1
-165 -21 42 1
-164 -22 42 4
-164 -23 40 0
-164 -23 41 0
-163 -24 40 0
-164 -25 40 0
-164 -25 41 0
-163 -25 40 0
-163 -25 41 0
-162 -24 40 0
-161 -25 40 0
-161 -25 41 0
-163 -23 42 0
-162 -23 41 0
-161 -23 42 0
-161 -22 42 0
-164 -21 43 1
-164 -20 43 1
-163 -21 43 4
-163 -20 43 1
-162 -21 43 1
-162 -20 43 1
-165 -23 43 1
-165 -22 43 1
-165 -21 43 1
-164 -22 43 4
-165 -23 41 1
-164 -23 42 0
-163 -24 41 0
-164 -25 42 0
-163 -25 42 0
-162 -24 41 0
-161 -25 42 0
-163 -23 43 0
-162 -23 42 0
-162 -23 43 0
-161 -23 43 0
-161 -22 43 0
-164 -21 44 1
-164 -20 44 1
-163 -21 44 4
-163 -20 44 1
-162 -21 44 1
-162 -20 44 1
-165 -23 44 1
-165 -22 44 1
-165 -21 44 1
-164 -22 44 4
-164 -23 43 0
-163 -24 42 0
-163 -24 43 0
-164 -25 43 0
-163 -25 43 0
-162 -24 42 0
-162 -24 43 0
-161 -25 43 0
-163 -23 44 1
-162 -23 44 1
-161 -23 44 0
-161 -22 44 0
-164 -21 45 1
-164 -20 45 3
-163 -21 45 6
-163 -20 45 1
-162 -21 45 1
-162 -20 45 1
-165 -23 45 1
-165 -22 45 1
-151 -29 50 0
-151 -29 51 0
-179 -42 3 0
-173 -26 5 0
-173 -26 6 0
-172 -26 5 0
-179 -44 5 0
-180 -48 3 1
-181 -44 3 0
-180 -44 3 0
-179 -44 3 0
-179 -44 4 0
-179 -45 4 0
-178 -45 3 0
-178 -45 4 0
-179 -48 2 1
-180 -50 3 1
-181 -48 4 0
-180 -48 4 0
-180 -47 3 0
-179 -46 3 0
-179 -46 4 0
-177 -47 4 0
-178 -50 4 0
-177 -49 3 1
-176 -48 2 1
-176 -48 4 0
-176 -48 3 0
-169 -47 -1 1
-169 -48 -1 1
-169 -47 3 0
-169 -47 2 0
-159 -5 0 1
-167 -23 9 1
-167 -22 9 1
-167 -21 9 1
-175 -50 -2 3
-174 -50 -2 1
-174 -49 3 0
-174 -49 2 1
-171 -46 3 0
-175 -47 6 0
-168 -46 5 0
-171 -19 1 4
-171 -19 2 1
-169 -18 0 1
-169 -18 1 1
-167 -44 6 0
-169 -44 5 0
-151 -48 5 0
-157 -34 2 0
-170 -27 4 0
-170 -28 4 0
-170 -27 3 1
-170 -29 4 0
-171 -29 4 0
-170 -29 3 1
-171 -29 3 0
-169 -29 2 3
-170 -30 1 1
-170 -29 1 1
-170 -28 1 1
-168 -26 4 0
-168 -27 4 0
-168 -26 3 0
-170 -26 4 0
-170 -26 3 1
-171 -26 4 0
-171 -27 4 0
-171 -26 3 1
-171 -28 4 0
-172 -28 4 0
-170 -28 3 1
-171 -28 3 0
-182 -6 3 2
-182 -6 2 1
-182 -6 1 1
-179 -12 1 1
-182 -11 0 1
-182 -12 -1 1
-181 -12 -1 1
-198 -10 5 0
-200 -12 5 0
-199 -11 5 0
-200 -10 6 0
-153 -50 6 0
-167 -20 9 1
-167 -20 8 1
-156 -50 9 0
-157 -49 8 0
-154 -50 8 0
-163 -26 8 0
-164 -26 8 0
-159 -50 5 1
-159 -50 9 1
-157 -50 9 0
-159 -50 6 1
-159 -50 7 0
-160 -50 6 0
-159 -48 8 0
-160 -49 7 0
-160 -49 6 0
-176 -6 1 1
-199 -40 2 0
-154 -29 2 1
-177 -6 2 1
-178 -6 1 1
-185 -11 2 0
-173 -10 4 0
-160 -48 7 0
-160 -48 6 0
-161 -47 7 0
-161 -47 6 0
-162 -46 6 0
-160 -45 8 0
-160 -45 7 0
-160 -47 7 0
-160 -47 6 0
-161 -46 7 0
-167 -45 -2 1
-162 -45 7 0
-161 -44 7 0
-159 -44 7 0
-160 -44 8 0
-160 -44 7 0
-160 -46 7 0
-161 -45 7 0
-162 -44 7 0
-161 -43 7 0
-200 -30 12 0
-166 -38 3 0
-171 -50 5 1000
-199 -23 4 0
-157 -41 0 1
-155 -24 3 0
-165 -25 4 1
-198 -14 5 1
-151 -10 4 0
-162 -41 6 0
-162 -40 4 0
-156 -26 5 0
-174 -48 5 0
-166 -23 4 1
-166 -23 5 2
-166 -23 6 1000
-169 -22 6 1
-169 -45 -1 1
-168 -46 0 2
-154 -28 0 1
-154 -28 2 1
-160 -38 7 0
-161 -40 4 0
-162 -38 6 0
-162 -38 5 0
-174 -21 5 0
-174 -18 5 0
-199 -48 4 0
-200 -48 4 0
-179 -12 -1 1
-160 -33 5 0
-158 -19 11 1
-154 -22 6 0
-153 -22 5 0
-159 -20 12 1
-155 -32 1 1
-158 -20 12 1
-157 -24 2 0
-174 -18 7 0
-174 -18 6 0
-152 -48 5 0
-151 -44 2 3
-196 -44 10 1
-199 -12 2 1
-197 -11 2 1
-199 -10 1 7
-196 -44 11 1
-196 -44 12 1
-196 -43 10 1
-196 -18 1 1
-171 -17 3 0
-172 -17 1 3
-171 -12 0 1
-169 -27 3 1
-169 -27 4 0
-200 -10 0 1
-170 -23 3 0
-191 -37 2 1
-157 -36 0 0
-158 -35 -2 1
-190 -37 3 1
-158 -34 -3 1
-157 -34 -3 1
-181 -50 -1 1
-157 -39 1 2
-158 -39 2 6
-158 -41 2 0
-160 -40 -3 1
-161 -40 -3 1
-171 -28 5 0
-174 -28 5 0
-151 -12 4 0
-173 -30 4 0
-173 -29 5 0
-156 -9 1 2
-161 -39 3 1
-163 -40 5 0
-164 -37 6 0
-163 -38 6 0
-176 -34 5 0
-176 -10 5 1
-155 -34 5 1
-155 -30 5 1
-161 -13 1 1
-171 -34 3 0
-155 -28 3 0
-155 -28 5 0
-155 -28 4 0
-165 -43 3 0
-151 -7 7 0
-155 -19 2 0
-153 -15 2 1
-152 -16 2 1
-152 -21 3 0
-154 -19 2 0
-164 -31 3 1
-163 -33 4 0
-153 -17 2 0
-199 -37 1 1
-199 -37 0 1
-152 -15 2 1
-160 -11 3 1
-175 -1 1 1
-175 -1 0 1
-175 -3 0 1
-166 -31 9 0
-156 -18 3 0
-174 -1 1 1
-173 -1 4 1
-173 -2 4 1
-168 -47 0 3
-185 -12 -1 1
-185 -13 -1 1
-186 -12 -1 1
-187 -12 -1 1
-187 -13 -1 1
-169 -19 8 1
-169 -19 9 1
-168 -20 9 1
-168 -19 8 1
-183 -28 3 1
-183 -28 2 1
-183 -28 1 1
-200 -10 2 1000
-152 -40 1 2
-160 -45 2 0
-162 -45 3 0
-156 -31 0 1
-177 -13 2 13
-186 -50 1 1
-188 -38 2 1
-188 -38 3 1
-188 -39 3 3
-199 -20 2 0
-189 -39 4 1
-189 -38 4 1
-188 -39 4 1
-188 -38 4 1
-169 -19 -1 1
-168 -20 -1 1
-168 -19 -1 1
-172 -26 0 1
-172 -25 0 1
-171 -26 0 1
-169 -25 1 0
-169 -25 2 1
-171 -21 5 0
-175 -46 -3 1
-175 -45 -3 1
-175 -44 -3 1
-174 -46 -3 1
-174 -45 -3 1
-171 -46 4 0
-171 -46 5 0
-171 -45 4 0
-166 -44 6 0
-158 -4 2 1
-161 -34 2 1
-158 -21 8 1
-158 -21 9 0
-161 -5 0 2
-168 -42 5 0
-167 -43 4 0
-189 -5 4 1
-159 -29 4 1
-174 -35 1 0
-174 -35 3 0
-174 -35 2 0
-173 -35 1 0
-173 -35 3 0
-166 -48 7 0
-166 -48 6 0
-164 -49 3 1
-174 -13 8 0
-174 -12 9 0
-174 -11 9 0
-174 -11 10 0
-174 -11 8 0
-175 -11 10 0
-175 -11 8 0
-177 -11 9 0
-176 -11 10 0
-177 -11 8 0
-177 -14 9 0
-176 -14 10 0
-177 -14 8 0
-175 -14 10 0
-175 -14 8 0
-174 -14 8 0
-157 -4 4 0
-158 -4 5 0
-156 -3 3 0
-156 -3 4 0
-168 -13 0 1
-169 -12 0 1
-180 -38 4 0
-179 -38 6 0
-180 -38 5 0
-180 -37 4 0
-180 -37 6 0
-185 -33 3 0
-180 -37 5 0
-180 -35 4 0
-180 -35 5 0
-178 -35 4 0
-199 -46 6 0
-200 -45 7 0
-198 -46 5 0
-191 -7 5 2
-199 -47 5 0
-199 -47 6 0
-200 -46 7 0
-191 -6 3 1
-191 -6 4 1
-191 -6 5 1
-174 -10 9 0
-174 -10 10 0
-174 -10 8 0
-175 -10 9 0
-175 -10 10 0
-178 -47 -2 1
-178 -48 -2 1
-179 -47 -2 1
-179 -48 -2 1
-180 -45 1 1
-180 -45 0 1
-180 -45 -1 1
-180 -46 1 1
-180 -46 0 2
-180 -44 1 0
-179 -42 1 0
-176 -42 1 0
-154 -40 6 0
-153 -42 6 0
-154 -42 6 0
-154 -43 6 0
-172 -20 0 1
-173 -20 0 1
-174 -20 0 1
-173 -21 1 2
-173 -21 5 0
-173 -21 4 0
-162 -42 3 0
-183 -46 2 1
-183 -46 3 0
-183 -46 6 0
-186 -7 4 1
-179 -43 -2 1
-179 -44 -2 1
-179 -45 -2 1
-178 -44 -1 2
-180 -44 0 1
-179 -42 0 0
-178 -42 1 0
-178 -42 0 0
-176 -42 0 0
-152 -32 4 0
-186 -10 -1 1
-186 -11 -1 1
-153 -40 5 0
-185 -10 0 2
-161 -15 5 1
-161 -14 5 1
-161 -13 5 1
-160 -15 5 1
-169 -45 1 0
-179 -43 0 0
-179 -43 1 0
-159 -16 2 3
-159 -16 3 3
-159 -16 4 1
-196 -28 10 1
-197 -14 7 1
-169 -19 0 1
-193 -11 6 0
-190 -14 1 1
-173 -50 8 0
-191 -13 1 1
-176 -17 4 0
-200 -39 9 1
-197 -41 10 1
-197 -42 10 1
-170 -48 3 0
-170 -48 1 0
-168 -49 3 1
-168 -49 1 1
-151 -16 0 1
-151 -17 2 1
-199 -46 11 0
-158 -26 3 0
-159 -26 3 0
-158 -26 0 1
-157 -50 6 1
-158 -49 5 1
-159 -34 6 0
-196 -20 7 1
-200 -18 12 0
-188 -48 10 1
-156 -48 2 0
-193 -8 1 1
-193 -7 1 1
-195 -8 3 6
-196 -29 4 1
-160 -41 -1 1
-159 -43 -1 1
-159 -43 0 1
-173 -49 8 0
-163 -41 6 0
-164 -39 5 0
-167 -42 6 0
-163 -33 10 0
-163 -33 8 0
-164 -32 8 0
-166 -32 8 0
-167 -33 9 0
-167 -33 10 0
-167 -33 8 0
-187 -14 -1 1
-166 -41 5 0
-195 -9 3 0
-186 -15 1 0
-187 -20 4 1
-169 -11 -1 1
-183 -2 1 1
-183 -2 2 1
-185 -20 0 1
-184 -20 0 1
-184 -20 1 2
-183 -20 0 1
-154 -43 5 0
-169 -12 1 6
-193 -50 6 1000
-169 -11 3 5
-169 -11 2 6
-169 -11 1 1
-168 -9 2 2
-169 -9 1 1
-193 -10 7 0
-192 -12 4 0
-192 -12 6 0
-192 -12 5 0
-193 -11 5 0
-193 -8 5 0
-192 -9 6 0
-192 -9 5 0
-192 -10 6 0
-200 -19 4 0
-192 -10 5 0
-154 -25 4 0
-159 -44 6 0
-197 -29 0 1
-152 -3 2 1
-156 -26 6 0
-151 -1 0 1
-152 -42 1 2
-153 -43 0 1
-153 -42 0 1
-153 -41 0 1
-152 -43 0 1
-152 -42 0 1
-152 -41 0 1
-151 -43 0 1
-151 -42 0 1
-151 -41 0 1
-153 -41 4 0
-154 -42 4 0
-154 -42 5 0
-155 -45 2 2
-176 -35 4 0
-178 -9 0 1
-171 -22 6 0
-171 -22 7 0
-171 -24 6 0
-181 -44 7 0
-159 -40 5 0
-166 -10 2 7
-158 -40 6 0
-199 -42 0 0
-178 -43 3 0
-185 -50 8 1
-184 -49 9 6
-184 -48 7 0
-184 -45 7 0
-158 -25 0 1
-161 -26 5 1
-152 -40 3 1
-181 -47 8 0
-182 -47 8 0
-183 -48 7 0
-184 -46 8 0
-182 -45 8 0
-194 -14 6 1
-194 -14 7 1
-159 -30 3 3
-153 -6 10 0
-159 -33 4 0
-183 -47 2 1
-183 -47 3 0
-183 -47 6 0
-157 -50 5 2
-154 -35 3 1
-155 -35 4 0
-153 -33 2 1
-156 -37 3 0
-172 -6 0 1
-186 -28 3 0
-168 -21 -3 1
-168 -22 -3 1
-168 -23 -3 1
-169 -21 -3 1
-169 -22 -3 1
-169 -23 -3 1
-170 -21 -3 1
-170 -22 -3 1
-170 -23 -3 1
-169 -22 -2 1
-169 -24 2 0
-169 -24 1 0
-173 -22 2 1
-169 -19 1 1
-167 -23 0 1
-168 -23 0 1
-168 -22 1 2
-168 -23 1 0
-168 -23 2 0
-172 -21 1 1
-171 -21 1 0
-167 -19 0 1
-168 -19 0 1
-166 -20 0 1
-166 -21 0 1
-166 -22 1 1
-166 -22 0 1
-170 -21 0 0
-170 -21 1 0
-169 -22 1 0
-170 -23 0 1
-174 -22 1 1
-169 -20 1 1
-167 -20 0 1
-167 -21 0 1
-167 -22 0 1
-162 -11 3 1
-157 -41 6 0
-159 -34 5 0
-196 -22 6 1
-196 -21 4 2
-196 -21 5 2
-196 -21 6 1
-197 -21 4 3
-197 -22 3 1
-152 -22 0 1
-161 -22 9 1
-160 -21 10 1
-162 -20 10 1
-197 -48 0 1
-198 -47 1 4
-177 -50 2 9
-198 -22 6 0
-177 -44 2 0
-177 -44 1 0
-165 -34 -2 1
-167 -36 0 0
-167 -36 1 0
-165 -31 2 1
-199 -32 7 1
-199 -31 7 1
-163 -34 4 0
-171 -22 1 2
-171 -23 1 3
-172 -22 3 1
-172 -22 2 1
-175 -12 1 0
-177 -9 1 1
-177 -8 1 1
-177 -9 3 4
-178 -8 3 1
-178 -8 2 1
-178 -8 1 1
-178 -9 3 1
-200 -42 11 0
-198 -43 11 3
-198 -43 12 3
-198 -43 13 3
-197 -43 11 1
-197 -43 12 1
-197 -43 13 1
-199 -43 14 1
-198 -43 14 1
-197 -43 14 1
-199 -43 10 1
-153 -18 -1 1
-153 -19 -1 1
-153 -20 -1 1
-154 -18 -1 1
-154 -19 -1 1
-154 -20 -1 1
-155 -18 -1 1
-155 -19 -1 1
-155 -20 -1 1
-154 -19 0 1
-154 -21 3 0
-154 -21 4 0
-156 -21 3 0
-156 -20 5 0
-158 -18 11 1
-158 -17 10 1
-162 -3 0 1
-158 -17 8 1
-159 -17 10 1
-159 -17 9 1
-159 -17 8 1
-179 -15 4 1000
-179 -15 3 12
-159 -18 8 1
-180 -15 4 1
-180 -15 3 1
-180 -15 2 16
-184 -11 0 1
-184 -11 5 1
-180 -12 1 1
-170 -12 3 1
-170 -12 4 1
-182 -44 4 0
-183 -45 4 0
-182 -44 5 0
-183 -45 5 0
-169 -13 3 1
-168 -13 3 1
-169 -12 3 1
-173 -50 7 0
-175 -50 4 1
-178 -11 2 0
-178 -10 1 1
-179 -10 2 1
-178 -10 2 1000
-176 -8 1 1
-176 -9 3 1
-190 -12 7 0
-188 -13 4 1
-187 -12 7 1
-187 -13 7 1
-187 -13 6 2
-187 -14 7 3
-200 -4 0 1
-197 -30 11 1
-179 -42 6 0
-179 -42 5 0
-180 -42 4 0
-180 -42 6 0
-186 -8 4 1
-186 -7 2 1
-200 -32 7 0
-200 -30 6 0
-162 -23 5 0
-159 -18 10 1
-159 -36 0 1
-199 -26 11 0
-186 -6 -1 1
-200 -26 12 0
-159 -19 10 1
-185 -1 0 1
-151 -48 6 0
-176 -1 6 1
-176 -1 7 1
-176 -1 8 1
-185 -48 7 0
-170 -18 5 1
-170 -19 0 1
-168 -30 5 0
-168 -30 2 4
-183 -50 0 1
-183 -49 0 2
-158 -44 8 0
-163 -35 8 0
-164 -35 8 0
-163 -35 9 0
-164 -35 9 0
-165 -36 8 0
-165 -36 9 0
-172 -49 3 1
-185 -47 1 1
-184 -47 0 3
-184 -47 1 1
-187 -48 2 0
-164 -33 8 0
-163 -34 8 0
-178 -39 5 0
-178 -38 5 0
-178 -35 6 0
-157 -32 5 1
-158 -31 5 0
-190 -46 0 7
-190 -46 1 1000
-190 -46 2 1000
-175 -19 2 1
-152 -18 2 1
-153 -4 10 0
-182 -50 4 1
-183 -50 4 0
-156 -28 0 1
-200 -42 2 0
-199 -42 1 0
-155 -27 1 11
-163 -5 1 1
-155 -49 3 1
-155 -50 1 2
-200 -17 2 0
-200 -17 3 0
-153 -24 0 1
-153 -24 1 9
-154 -37 5 0
-160 -45 5 0
-160 -44 5 0
-160 -45 6 0
-157 -43 5 0
-152 -7 11 0
-158 -30 8 0
-157 -32 4 1
-186 -7 0 1
-187 -6 -1 1
-169 -33 2 1
-171 -32 2 0
-172 -33 3 0
-159 -28 6 0
-159 -28 5 0
-159 -29 5 0
-158 -30 6 0
-172 -33 2 0
-172 -30 2 1
-170 -31 2 0
-164 -39 -1 1
-161 -38 -1 1
-184 -5 3 1
-182 -4 3 1
-200 -36 -2 1
-182 -5 1 1
-153 -2 9 0
-156 -3 9 0
-154 -3 9 0
-154 -4 9 0
-153 -3 9 0
-154 -2 8 0
-154 -2 7 0
-176 -41 7 0
-175 -41 7 0
-174 -41 7 0
-176 -40 8 0
-163 -21 36 1
-162 -22 36 1
-162 -21 36 1
-165 -22 35 1
-165 -21 35 1
-164 -22 35 3
-165 -23 36 1
-165 -22 36 1
-165 -21 36 1
-164 -23 35 0
-182 -43 6 0
-164 -25 35 0
-163 -25 35 0
-162 -24 34 0
-161 -25 35 0
-163 -23 36 0
-162 -23 35 0
-161 -23 36 0
-161 -22 36 0
-164 -22 37 4
-164 -21 37 1
-163 -22 37 4
-163 -21 37 1
-162 -22 37 1
-162 -21 37 1
-165 -23 37 1
-165 -22 37 1
-165 -21 37 1
-165 -23 35 1
-164 -23 36 0
-163 -24 35 0
-164 -25 36 0
-163 -25 36 0
-162 -24 35 0
-161 -25 36 0
-163 -23 37 0
-162 -23 36 0
-162 -23 37 0
-161 -23 37 0
-161 -22 37 0
-164 -22 38 3
-164 -21 38 1
-163 -22 38 3
-163 -21 38 1
-162 -22 38 1
-162 -21 38 1
-165 -23 38 1
-165 -22 38 1
-165 -21 38 1
-164 -23 37 0
-163 -24 36 0
-163 -24 37 0
-164 -25 37 0
-163 -25 37 0
-162 -24 36 0
-162 -24 37 0
-161 -25 37 0
-163 -23 38 0
-162 -23 38 0
-161 -23 38 0
-161 -22 38 0
-164 -22 39 4
-164 -21 39 1
-163 -22 39 2
-163 -21 39 3
-162 -22 39 1
-162 -21 39 1
-165 -23 39 1
-165 -22 39 1
-165 -21 39 1
-164 -23 38 0
-163 -24 38 0
-164 -25 38 0
-163 -25 38 0
-162 -24 38 0
-161 -25 38 0
-163 -23 39 0
-162 -23 39 0
-161 -23 39 0
-161 -22 39 0
-174 -35 7 0
-161 -24 8 0
-164 -27 7 0
-163 -28 7 0
-163 -27 7 0
-162 -27 7 0
-164 -29 6 0
-168 -32 8 0
-151 -42 7 1
-182 -48 5 0
-170 -6 1 1
-156 -45 0 1
-199 -38 3 1
-200 -37 3 0
-167 -50 1 1
-167 -50 0 1
-168 -49 0 1
-168 -50 2 1
-168 -50 1 5
-168 -50 0 1
-169 -50 0 1
-169 -50 1 0
-169 -49 3 1
-169 -50 2 0
-152 -19 5 0
-156 -33 4 8
-198 -41 11 2
-158 -33 3 1
-158 -30 3 9
-157 -36 6 0
-177 -11 0 3
-178 -11 0 3
-151 -20 6 0
-169 -32 2 1
-200 -9 2 1000
-200 -8 0 2
-199 -9 2 1
-199 -8 0 1
-200 -6 2 0
-179 -13 4 1
-158 -9 0 5
-178 -17 1 0
-177 -43 -1 2
-178 -41 1 0
-178 -40 -1 4
-179 -40 -2 1
-179 -39 -2 1
-179 -39 -1 4
-179 -39 0 1
-178 -40 -2 1
-178 -39 -2 1
-178 -39 -1 1
-178 -39 0 1
-177 -40 -2 2
-177 -40 -1 3
-177 -39 -2 1
-177 -39 -1 1
-177 -39 0 1
-179 -43 -1 4
-180 -44 -1 1
-199 -24 2 0
-200 -26 1 1
-189 -16 0 1
-189 -17 0 1
-188 -17 1 5
-177 -10 0 1
-162 -35 0 2
-162 -35 1 1000
-162 -35 2 6
-162 -34 0 1
-187 -27 -1 1
-155 -16 3 0
-155 -16 5 0
-199 -26 -1 1
-166 -9 -1 1
-152 -14 3 0
-153 -14 3 0
-200 -45 1 0
-199 -46 1 0
-200 -46 2 0
-189 -12 5 0
-188 -12 5 0
-161 -23 9 0
-176 -42 -1 0
-178 -41 -1 2
-179 -40 -1 1
-179 -40 0 1
-178 -40 0 1
-177 -41 -2 1
-177 -41 -1 1
-177 -40 0 1
-181 -47 -2 1
-181 -46 -2 1
-181 -46 0 1
-180 -47 -2 1
-180 -47 0 1
-177 -46 -2 1
-176 -44 -1 0
-187 -50 1 1000
-186 -50 -1 1
-198 -33 5 1
-171 -11 -1 1
-176 -17 6 0
-198 -33 4 0
-177 -18 7 0
-177 -19 7 0
-177 -21 7 0
-190 -11 -1 1
-176 -41 0 0
-180 -40 -2 1
-180 -40 -1 1
-152 -37 7 1
-152 -38 7 0
-153 -39 6 0
-153 -39 7 0
-166 -11 4 1
-174 -2 41 1
-169 -3 42 0
-171 -3 41 1000
-171 -3 42 0
-171 -2 42 0
-172 -3 42 0
-174 -1 39 1
-174 -1 40 1
-174 -1 41 1
-173 -1 39 1
-173 -1 40 4
-173 -1 41 1
-172 -1 39 1
-172 -8 40 1
-172 -8 41 1
-171 -4 43 0
-172 -40 8 0
-171 -39 7 0
-171 -39 8 0
-172 -38 8 0
-172 -38 9 0
-169 -38 7 0
-170 -38 8 0
-170 -36 8 0
-171 -36 7 0
-171 -36 8 0
-173 -36 8 0
-170 -2 42 0
-172 -2 42 0
-171 -40 7 0
-170 -39 7 0
-170 -39 6 0
-171 -38 9 0
-169 -33 0 1
-182 -35 4 0
-182 -35 3 0
-173 -4 42 0
-182 -37 6 0
-182 -37 2 0
-180 -34 3 0
-181 -34 3 0
-183 -34 4 0
-183 -34 5 0
-184 -1 4 1
-183 -45 1 1
-165 -27 2 0
-165 -30 5 0
-183 -46 0 2
-183 -47 1 1
-159 -18 9 1
-167 -32 5 0
-156 -46 0 1
-200 -32 4 0
-171 -1 42 0
-171 -1 41 0
-173 -3 42 0
-171 -3 43 0
-171 -9 1 0
-184 -49 4 0
-161 -29 1 4
-198 -10 4 0
-199 -10 3 0
-163 -2 6 2
-158 -13 0 1
-171 -45 3 0
-170 -45 -1 1
-169 -46 0 3
-170 -44 4 0
-170 -44 5 0
-169 -44 6 0
-182 -7 2 1
-169 -42 5 0
-168 -41 6 0
-151 -42 2 1
-156 -14 4 0
-188 -8 2 2
-188 -8 4 1
-196 -12 7 1
-195 -15 3 1
-195 -14 3 3
-195 -13 3 1
-154 -43 3 1
-160 -35 0 1
-158 -28 1 2
-200 -9 0 1
-170 -1 41 0
-170 -1 42 0
-154 -45 1 1
-155 -28 0 1
-173 -1 42 1
-175 -1 39 1
-180 -36 4 0
-180 -36 6 0
-180 -36 5 0
-153 -42 3 1
-156 -50 6 1
-155 -30 0 1
-155 -30 1 1
-155 -30 2 1
-151 -19 4 0
-159 -22 8 0
-196 -16 5 1
-199 -14 3 0
-151 -5 7 0
-152 -6 9 0
-199 -28 1 1
-199 -28 2 0
-199 -28 0 2
-199 -25 -1 1
-199 -24 -1 1
-199 -24 0 1
-187 -15 6 4
-171 -15 5 1
-187 -15 4 1
-170 -15 5 1
-172 -17 4 0
-158 -10 5 0
-169 -21 4 1
-198 -45 7 1
-169 -31 1 1
-166 -38 4 0
-162 -44 2 0
-192 -15 5 1
-192 -15 4 1
-179 -45 6 0
-197 -44 8 1
-171 -17 6 1
-167 -40 1 0
-166 -40 1 1
-157 -11 -1 1
-155 -49 0 1
-164 -40 -3 1
-200 -28 5 0
-186 -39 -1 1
-185 -39 2 0
-185 -39 3 0
-186 -38 2 0
-186 -12 3 1
-161 -40 0 0
-152 -26 6 0
-164 -42 0 0
-163 -43 0 1
-162 -44 0 1
-161 -43 0 1
-162 -42 -2 1
-153 -33 5 1
-154 -35 5 1
-161 -43 -3 1
-161 -42 -3 1
-161 -41 -3 1
-182 -17 6 0
-151 -25 1 1
-157 -35 1 0
-152 -49 -1 1
-153 -42 2 1
-151 -3 11 0
-163 -6 -1 1
-158 -50 -1 1
-162 -9 0 3
-174 -20 1 1
-174 -20 5 0
-173 -21 2 1
-176 -20 2 1
-175 -19 4 0
-175 -19 3 1
-164 -43 3 0
-160 -42 2 0
-161 -22 7 1
-153 -44 4 0
-152 -46 5 0
-162 -20 9 1
-200 -49 0 0
-162 -20 7 1
-162 -21 8 3
-175 -14 0 3
-176 -14 0 3
-162 -22 7 1
-154 -44 4 1
-155 -42 2 2
-155 -42 3 1
-154 -42 1 1
-154 -42 2 1
-153 -27 6 0
-152 -45 5 0
-152 -30 7 1
-183 -10 2 0
-182 -10 3 1
-155 -18 4 0
-180 -10 -1 1
-164 -39 4 0
-156 -25 4 0
-156 -25 3 0
-155 -25 3 0
-155 -23 3 0
-158 -29 0 1
-188 -16 4 1
-188 -17 4 1
-189 -16 4 1
-189 -17 4 1
-188 -17 3 7
-188 -16 3 8
-188 -16 2 9
-188 -16 1 4
-189 -16 3 1
-189 -16 2 1
-189 -16 1 1
-189 -17 3 1
-189 -17 2 1
-189 -17 1 1
-188 -17 2 8
-186 -17 3 0
-186 -16 2 0
-186 -17 2 0
-185 -17 3 0
-185 -17 2 0
-184 -18 3 0
-185 -18 3 0
-184 -18 2 0
-185 -18 2 0
-161 -4 2 1
-161 -4 1 1
-158 -5 2 1
-158 -6 0 3
-159 -5 1 2
-152 -22 1 9
-162 -4 5 3
-163 -4 7 1
-163 -5 5 2
-166 -45 3 0
-165 -45 3 0
-165 -43 2 0
-165 -43 4 0
-163 -44 5 0
-163 -46 2 0
-163 -46 4 0
-163 -46 3 0
-169 -29 8 0
-166 -40 4 0
-163 -39 4 0
-181 -15 4 1
-200 -9 1 5
-179 -15 5 0
-190 -9 3 0
-191 -7 4 4
-191 -7 3 1
-182 -44 7 0
-151 -30 7 1
-199 -42 8 1
-177 -16 2 1
-153 -16 0 1
-170 -9 3 4
-198 -49 9 0
-199 -49 10 0
-200 -48 7 0
-162 -22 9 3
-153 -3 11 0
-171 -47 -1 1
-171 -48 -1 1
-152 -7 6 0
-187 -49 10 1
-186 -48 9 4
-162 -21 5 5
-178 -13 1 5
-161 -21 6 3
-158 -19 4 4
-171 -17 4 0
-171 -19 3 0
-170 -13 5 1
-170 -14 5 1
-171 -13 5 1
-171 -14 5 1
-172 -13 5 1
-153 -2 0 1
-170 -15 1 1
-167 -16 3 1
-167 -17 3 1
-167 -18 3 1
-167 -18 2 1
-167 -18 1 1
-169 -18 4 11
-176 -50 6 0
-182 -16 1 1
-175 -21 10 0
-175 -21 9 0
-175 -22 9 0
-174 -22 8 0
-175 -23 8 0
-174 -22 10 0
-174 -22 9 0
-175 -23 9 0
-173 -23 8 0
-174 -23 10 0
-173 -23 9 0
-174 -23 9 0
-176 -25 6 0
-176 -25 7 0
-176 -25 10 0
-171 -29 6 0
-172 -37 6 0
-171 -38 6 0
-173 -42 6 0
-167 -29 2 1
-167 -29 -2 1
-168 -30 -3 1
-167 -30 -3 1
-166 -30 -3 1
-151 -16 1 1
-199 -48 0 1
-157 -11 3 0
-172 -32 8 0
-172 -32 7 0
-178 -11 -1 1
-173 -32 8 0
-173 -32 7 0
-196 -49 6 1
-173 -31 6 0
-174 -30 7 0
-173 -30 7 0
-170 -8 1 1
-170 -32 8 0
-172 -7 0 1
-199 -17 6 0
-196 -25 6 1
-196 -25 5 1
-196 -25 4 1
-196 -26 6 1
-197 -25 6 1
-197 -25 5 1
-197 -25 4 1
-197 -26 5 3
-196 -28 7 1
-197 -28 4 7
-177 -7 2 9
-177 -8 4 2
-196 -29 8 1
-196 -28 8 1
-177 -8 3 6
-198 -15 6 1
-160 -9 4 0
-196 -31 8 1
-199 -29 6 0
-198 -33 8 1
-198 -32 8 1
-198 -31 8 1
-197 -33 8 1
-198 -36 5 0
-188 -49 1 1
-189 -41 3 1
-159 -26 1 1
-158 -25 1 1
-165 -1 7 1
-159 -45 7 0
-159 -29 2 1
-182 -18 3 1
-197 -37 1 1
-197 -37 2 1
-174 -34 6 0
-174 -35 6 0
-175 -36 0 0
-175 -36 3 0
-175 -38 1 0
-177 -36 2 0
-178 -20 3 0
-177 -21 4 0
-178 -20 4 0
-177 -44 3 0
-163 -37 9 0
-164 -37 7 0
-164 -36 7 0
-166 -36 7 0
-167 -37 8 0
-167 -37 9 0
-167 -37 7 0
-175 -17 2 1
-176 -17 2 1
-152 -6 5 0
-153 -10 7 0
-152 -10 7 0
-152 -10 5 0
-180 -35 3 0
-180 -36 3 0
-178 -36 3 0
-178 -39 3 0
-181 -38 2 0
-180 -37 2 0
-179 -36 2 0
-152 -30 4 0
-151 -39 2 1
-159 -45 2 0
-193 -10 6 0
-183 -21 2 1
-183 -21 1 1
-188 -26 4 1
-197 -37 7 1
-197 -38 7 1
-197 -39 7 1
-197 -32 8 1
-193 -6 2 1
-177 -6 -1 1
-177 -7 -1 1
-177 -8 -1 1
-176 -7 0 4
-177 -5 3 1
-177 -5 2 1
-177 -5 1 1
-158 -48 5 0
-179 -36 3 0
-177 -38 3 0
-178 -38 3 0
-179 -40 3 0
-181 -40 1 0
-181 -40 2 0
-181 -37 1 0
-200 -29 14 0
-199 -30 11 0
-199 -29 11 0
-165 -5 3 1
-165 -5 2 1
-165 -5 1 1
-159 -38 7 0
-155 -40 6 0
-156 -29 0 1
-155 -29 2 1
-159 -28 4 1
-152 -38 6 1
-166 -1 4 1
-166 -1 5 1
-197 -11 5 0
-199 -10 6 0
-197 -15 3 1
-197 -14 3 1
-166 -1 6 1
-159 -27 0 1
-157 -47 5 0
-156 -50 2 1
-188 -29 1 1
-187 -29 4 1
-191 -50 9 8
-161 -20 10 1
-192 -50 10 5
-176 -12 5 0
-176 -15 1 2
-183 -12 8 0
-183 -10 7 0
-154 -21 14 0
-152 -23 14 0
-152 -21 16 0
-151 -22 15 0
-151 -21 15 0
-152 -20 15 0
-154 -20 14 0
-154 -21 15 0
-154 -20 13 0
-154 -22 14 0
-154 -22 15 0
-154 -22 13 0
-153 -23 14 0
-154 -23 14 0
-154 -23 15 0
-153 -23 13 0
-154 -23 13 0
-152 -24 14 0
-152 -24 15 0
-152 -24 13 0
-151 -23 14 0
-151 -23 15 0
-151 -23 13 0
-152 -22 15 0
-152 -22 16 0
-152 -22 12 0
-153 -21 15 0
-155 -23 14 0
-155 -23 13 0
-154 -24 14 0
-154 -24 15 0
-154 -24 13 0
-153 -24 14 0
-153 -25 14 0
-153 -25 15 0
-153 -25 13 0
-151 -24 14 0
-151 -24 15 0
-151 -24 13 0
-153 -23 15 0
-153 -23 16 0
-153 -23 12 0
-152 -23 15 0
-153 -22 15 0
-155 -24 14 0
-155 -24 15 0
-155 -24 13 0
-154 -25 14 0
-154 -25 15 0
-154 -25 13 0
-153 -26 14 0
-153 -26 15 0
-153 -26 13 0
-152 -25 14 0
-152 -25 15 0
-152 -25 13 0
-153 -24 15 0
-153 -24 16 0
-153 -24 13 0
-153 -24 12 0
-152 -20 4 0
-152 -20 7 0
-151 -21 5 0
-155 -49 4 1
-181 -10 0 1
-182 -11 -1 1
-182 -10 -1 1
-166 -40 2 0
-166 -42 1 0
-154 -22 5 0
-153 -27 14 0
-153 -27 15 0
-152 -26 14 0
-152 -26 15 0
-153 -25 16 0
-153 -25 12 0
-196 -14 7 1
-196 -14 6 2
-156 -48 7 0
-156 -48 5 0
-162 -4 6 2
-170 -10 2 1
-185 -15 5 1
-152 -49 1 1
-152 -49 3 1
-181 -10 4 2
-167 -7 3 1
-168 -8 0 1
-190 -45 1 1
-188 -11 3 0
-156 -50 0 1
-165 -39 1 1
-160 -39 1 2
-174 -16 0 1
-175 -16 0 1
-154 -26 15 0
-156 -26 14 0
-154 -27 14 0
-155 -28 14 0
-154 -27 15 0
-155 -27 15 0
-155 -27 14 0
-154 -28 14 0
-154 -28 15 0
-152 -28 14 0
-152 -27 15 0
-152 -27 14 0
-154 -26 16 0
-154 -26 13 0
-154 -26 12 0
-200 -42 7 0
-199 -43 6 0
-200 -44 6 0
-200 -44 5 0
-175 -50 6 0
-170 -21 7 0
-170 -21 6 0
-183 -30 3 1
-183 -29 1 1
-183 -29 2 1
-183 -29 3 1
-197 -43 8 1
-177 -22 4 0
-177 -22 6 0
-177 -22 5 0
-177 -21 5 0
-178 -18 4 0
-153 -28 14 0
-152 -28 15 0
-152 -28 13 0
-152 -26 13 0
-155 -26 13 0
-156 -28 14 0
-156 -28 15 0
-156 -28 13 0
-155 -29 14 0
-184 -10 4 1
-182 -12 1 1
-165 -37 10 0
-165 -37 7 0
-178 -16 4 1
-181 -48 3 1
-180 -50 4 1
-180 -50 5 1
-169 -46 4 0
-170 -46 4 0
-170 -47 4 0
-170 -49 4 1
-177 -44 4 0
-167 -23 8 1
-167 -24 8 1
-167 -22 7 7
-167 -23 7 1
-166 -25 7 0
-165 -24 7 0
-165 -24 6 0
-184 -39 4 0
-169 -47 0 4
-170 -46 -1 1
-164 -39 7 0
-164 -39 8 0
-165 -38 6 0
-190 -13 6 3
-191 -14 7 1
-191 -13 7 1
-191 -16 5 1
-191 -16 6 1
-191 -12 7 1
-189 -13 6 2
-189 -13 4 1
-190 -13 3 1
-195 -6 1 1
-196 -12 2 0
-178 -44 5 0
-177 -42 6 0
-177 -42 5 0
-178 -46 4 0
-178 -46 3 0
-180 -46 3 0
-163 -21 6 1
-163 -21 5 1
-161 -19 4 1
-160 -20 5 4
-159 -20 7 2
-161 -19 7 1
-161 -19 6 1
-154 -32 15 2
-160 -20 6 4
-155 -33 14 1
-155 -33 15 1
-155 -33 16 1
-155 -32 15 1
-154 -33 14 1
-195 -46 7 1
-158 -23 9 0
-191 -49 7 1000
-155 -42 6 0
-186 -13 -1 1
-181 -9 -1 1
-173 -46 2 0
-172 -46 3 0
-200 -38 12 0
-175 -46 2 0
-183 -5 2 1
-172 -46 2 0
-174 -46 3 0
-188 -44 -1 1
-173 -47 -1 1
-174 -47 -1 1
-175 -47 -1 1
-174 -48 4 0
-174 -46 1 1000
-174 -46 2 0
-175 -47 1 1
-173 -47 1 1
-173 -50 -1 1
-177 -48 0 1
-178 -48 0 2
-174 -47 1 1
-197 -30 14 1
-173 -48 4 0
-172 -47 -1 1
-171 -48 0 5
-171 -46 -1 1
-188 -19 0 1
-189 -18 0 1
-156 -23 3 0
-164 -38 -1 1
-164 -38 0 1
-161 -36 2 5
-161 -36 1 5
-161 -36 0 4
-182 -15 6 0
-152 -21 6 0
-152 -22 5 0
-183 -13 6 0
-182 -42 5 0
-182 -42 4 0
-180 -42 5 0
-183 -17 4 0
-182 -16 6 0
-183 -15 6 0
-183 -15 7 0
-184 -16 3 1
-166 -29 2 0
-198 -50 5 0
-164 -23 7 1
-159 -47 5 0
-159 -47 7 0
-156 -33 -3 1
-157 -33 -3 1
-158 -33 -3 1
-157 -34 -2 1
-163 -24 8 0
-164 -25 8 0
-164 -26 9 0
-158 -49 3 1
-155 -49 8 0
-161 -23 10 0
-174 -8 3 2
-175 -9 4 1
-200 -26 0 1
-200 -26 2 0
-181 -4 9 1
-181 -4 8 1000
-183 -30 1 1
-177 -47 -2 1
-177 -48 -2 1
-151 -32 52 1
-151 -32 53 1
-151 -33 48 1
-151 -32 48 1
-151 -28 50 0
-152 -27 50 0
-151 -28 51 0
-152 -27 51 0
-152 -29 51 0
-153 -31 50 4
-154 -32 49 1
-154 -32 50 1
-154 -32 51 1
-154 -31 49 4
-154 -31 50 6
-154 -31 51 4
-153 -32 49 1
-153 -32 50 1
-153 -32 51 1
-153 -31 52 2
-154 -32 52 1
-154 -32 53 1
-154 -31 52 2
-154 -31 53 1
-154 -30 53 1
-153 -32 52 1
-153 -32 53 1
-153 -31 53 1
-152 -32 53 1
-153 -31 49 4
-154 -32 48 1
-154 -31 48 1
-154 -30 48 1
-153 -32 48 1
-153 -31 48 1
-152 -32 48 1
-184 -50 7 0
-151 -31 49 2
-151 -31 50 2
-151 -31 51 1
-199 -39 10 1
-151 -31 52 2
-151 -31 53 1
-173 -19 0 1
-174 -19 0 1
-175 -19 0 1
-151 -31 48 1
-175 -20 0 1
-175 -21 0 1
-175 -20 4 0
-176 -20 3 1
-164 -23 18 0
-164 -23 19 0
-163 -24 18 0
-164 -25 18 0
-152 -28 50 0
-153 -27 50 0
-152 -28 51 0
-153 -27 51 0
-153 -29 50 0
-153 -29 51 0
-152 -32 49 1
-152 -32 50 1
-152 -32 51 1
-152 -31 49 2
-152 -31 50 2
-152 -31 51 2
-152 -32 52 1
-152 -31 52 1
-152 -31 53 1
-152 -31 48 1
-151 -29 52 0
-151 -29 49 0
-151 -29 48 0
-152 -42 2 1
-152 -42 3 1
-159 -4 4 0
-162 -23 19 0
-161 -23 20 0
-161 -22 20 0
-164 -21 20 1
-153 -28 50 0
-154 -27 50 0
-153 -28 51 0
-154 -29 50 0
-154 -29 51 0
-155 -32 49 1
-163 -22 21 4
-155 -32 50 1
-155 -32 51 1
-155 -31 49 3
-155 -31 50 7
-155 -31 51 5
-155 -32 52 1
-155 -32 53 1
-155 -31 52 1
-155 -31 53 1
-155 -30 53 1
-155 -32 48 1
-155 -31 48 1
-155 -30 48 1
-153 -31 51 3
-152 -29 52 0
-152 -29 49 0
-152 -29 48 0
-161 -43 4 0
-161 -45 4 0
-159 -45 4 0
-159 -45 3 0
-158 -44 3 0
-161 -41 -2 1
-176 -34 2 0
-154 -28 50 0
-155 -27 50 0
-154 -28 51 0
-154 -27 51 0
-155 -29 50 0
-155 -29 51 0
-156 -32 49 1
-199 -26 5 0
-156 -32 50 1
-156 -32 51 1
-156 -31 49 2
-156 -31 50 4
-156 -31 51 3
-156 -32 52 1
-156 -31 52 1
-156 -30 52 1
-156 -32 48 1
-156 -31 48 1
-156 -30 48 1
-152 -30 50 0
-152 -30 51 0
-153 -29 52 0
-153 -29 49 0
-153 -29 48 0
-157 -22 0 1
-186 -32 3 0
-185 -32 3 0
-185 -34 2 0
-185 -34 3 0
-155 -28 50 0
-155 -28 51 0
-156 -29 50 0
-156 -29 51 0
-157 -32 49 2
-157 -32 50 2
-157 -32 51 2
-157 -31 49 3
-157 -31 50 9
-157 -31 51 6
-157 -32 52 1
-157 -31 52 1
-157 -30 52 1
-157 -32 48 1
-157 -31 48 1
-190 -9 -1 1
-190 -10 -1 1
-189 -2 4 1
-164 -43 6 0
-190 -11 4 0
-170 -29 0 1
-152 -21 4 0
-199 -19 1 0
-166 -39 5 0
-167 -40 4 0
-167 -40 5 0
-167 -39 5 0
-200 -16 3 0
-200 -16 2 0
-196 -13 5 1
-196 -13 4 1
-196 -13 3 1
-196 -14 5 8
-166 -43 5 0
-166 -43 6 0
-196 -15 5 1
-196 -15 4 1
-196 -15 3 1
-154 -2 10 0
-171 -8 2 5
-192 -9 -1 1
-192 -10 -1 1
-192 -11 -1 1
-191 -10 0 2
-176 -9 -1 1
-176 -10 -1 1
-176 -11 -1 1
-178 -42 5 0
-165 -44 5 0
-153 -17 6 0
-153 -17 1 1
-166 -47 4 0
-154 -18 0 1
-166 -45 6 0
-175 -42 5 0
-175 -43 4 0
-189 -35 4 0
-189 -35 7 0
-189 -35 6 0
-188 -36 6 0
-189 -36 6 0
-192 -37 5 1
-192 -37 4 1
-192 -37 3 1
-192 -38 5 1
-192 -38 4 1
-192 -38 3 1
-191 -36 6 1
-178 -18 7 0
-178 -20 7 0
-177 -19 8 0
-182 -49 4 0
-182 -49 5 0
-182 -49 3 1
-184 -48 6 0
-157 -47 7 0
-192 -48 3 1
-192 -47 3 1
-192 -46 3 1000
-188 -42 5 3
-187 -42 5 1
-189 -42 5 1
-151 -21 2 1
-151 -21 1 7
-151 -22 0 1
-151 -22 2 1
-172 -21 6 0
-170 -20 7 0
-177 -35 3 0
-153 -48 1 0
-158 -4 0 1
-181 -38 4 0
-182 -45 7 0
-180 -44 6 0
-179 -46 7 0
-180 -46 7 0
-175 -21 5 0
-180 -47 4 0
-180 -47 8 0
-180 -47 7 0
-179 -48 7 0
-182 -17 1 1
-183 -12 0 1
-184 -12 0 1
-156 -41 -1 1
-185 -35 3 0
-155 -15 9 0
-160 -31 4 1
-156 -27 4 0
-161 -21 11 1
-161 -21 12 1
-160 -43 1 1
-168 -6 0 1
-180 -11 2 0
-184 -47 4 0
-158 -18 8 1
-158 -17 12 1
-158 -17 11 2
-158 -18 12 1
-158 -19 12 1
-187 -10 8 0
-188 -10 7 0
-189 -10 6 0
-188 -9 5 0
-188 -9 7 0
-162 -6 2 10
-163 -6 2 1
-161 -6 6 1
-162 -3 2 1
-200 -35 3 0
-162 -5 2 2
-163 -4 2 1
-163 -5 2 1
-161 -1 2 1
-156 -50 5 3
-153 -19 4 0
-153 -19 3 0
-152 -26 2 1
-162 -1 2 1
-179 -4 4 6
-181 -10 6 0
-182 -10 7 0
-153 -47 4 0
-151 -48 4 0
-153 -45 4 0
-155 -43 1 1
-155 -43 2 2
-155 -43 3 1000
-153 -46 4 0
-151 -46 4 0
-151 -46 5 0
-158 -3 -1 1
-157 -4 -1 1
-158 -41 4 0
-158 -42 4 0
-157 -43 4 0
-156 -44 5 0
-164 -33 0 1
-164 -40 -1 1
-151 -18 6 0
-156 -37 1 0
-158 -26 6 0
-169 -7 1 9
-197 -29 -1 1
-151 -30 6 1
-151 -30 5 22
-151 -30 4 14
-198 -37 11 1
-199 -37 11 0
-197 -33 0 1
-197 -33 -1 1
-200 -32 1 0
-200 -32 0 0
-198 -33 0 1
-198 -33 -1 1
-199 -33 1 1
-152 -50 0 2
-158 -36 6 0
-166 -8 -1 1
-151 -19 1 7
-166 -21 6 1
-199 -48 2 0
-173 -32 6 0
-173 -30 6 0
-200 -37 1 1
-184 -45 8 0
-184 -47 7 0
-184 -47 8 1
-182 -49 7 0
-182 -50 9 10
-168 -18 3 1
-151 -4 4 1
-160 -29 4 1
-164 -24 0 1
-164 -25 0 1
-164 -26 0 1
-177 -48 3 1
-177 -48 4 0
-177 -48 7 0
-178 -50 6 0
-179 -48 5 0
-178 -48 5 0
-158 -17 9 3
-189 -23 1 1
-187 -18 0 1
-188 -18 0 1
-159 -36 1 1
-182 -43 5 0
-160 -36 2 1
-199 -27 13 0
-199 -27 12 0
-194 -9 2 0
-194 -6 1 1
-198 -8 4 1
-195 -12 3 0
-195 -12 2 0
-194 -11 2 0
-195 -10 5 0
-154 -29 0 1
-176 -9 4 1
-175 -9 2 1
-183 -16 5 1
-182 -45 5 0
-182 -46 4 0
-182 -45 4 0
-179 -15 2 9
-199 -42 12 0
-159 -50 3 1
-200 -40 10 1
-179 -10 5 1
-172 -6 2 3
-172 -6 1 2
-162 -20 6 1
-162 -20 5 1
-162 -21 6 7
-159 -50 4 1
-156 -48 3 0
-156 -48 4 0
-162 -24 8 0
-162 -26 10 0
-158 -20 4 1
-159 -19 4 1
-172 -30 8 0
-172 -30 7 0
-172 -28 6 0
-172 -28 8 0
-172 -28 7 0
-185 -18 -1 1
-186 -17 -1 1
-187 -17 -1 1
-180 -12 5 0
-179 -4 7 1
-180 -4 9 1
-180 -4 8 5
-180 -4 7 1
-179 -5 9 1
-200 -40 3 0
-165 -39 4 0
-200 -39 5 0
-199 -39 3 0
-165 -38 5 0
-166 -38 -1 1
-166 -37 -1 1
-198 -2 6 1
-171 -33 6 0
-162 -25 5 1
-164 -25 5 1
-164 -25 6 0
-180 -13 5 0
-180 -14 5 0
-166 -39 4 0
-167 -38 4 0
-165 -28 6 0
-164 -28 5 1
-164 -28 6 0
-164 -28 4 1
-194 -14 2 2
-195 -15 1 1
-195 -14 1 1
-194 -15 1 1
-194 -14 1 1
-194 -13 1 1
-196 -13 0 1
-155 -41 4 0
-165 -47 4 0
-165 -47 3 0
-166 -46 2 0
-166 -41 2 0
-167 -40 2 0
-166 -40 3 0
-167 -41 2 0
-167 -41 3 0
-167 -41 1 0
-167 -43 2 0
-193 -36 4 1
-166 -42 3 0
-167 -43 1 0
-165 -43 1 0
-165 -41 3 0
-165 -41 4 0
-165 -41 0 1
-166 -42 -1 1
-165 -42 -1 1
-171 -34 2 0
-153 -43 9 0
-152 -43 9 0
-153 -43 10 0
-152 -43 10 0
-156 -43 9 0
-156 -43 10 0
-155 -44 9 0
-156 -45 9 0
-155 -44 10 0
-155 -45 10 0
-154 -45 9 0
-154 -45 10 0
-153 -45 9 0
-153 -45 10 0
-154 -43 8 0
-154 -43 7 0
-198 -24 1 1
-160 -36 6 0
-169 -8 -1 1
-169 -6 1 1
-169 -6 0 1
-187 -44 0 1
-200 -11 5 0
-193 -47 7 1
-197 -12 5 0
-198 -11 5 0
-183 -42 2 0
-183 -42 6 0
-184 -43 5 0
-183 -43 2 0
-183 -43 6 0
-184 -44 3 0
-184 -41 3 0
-184 -41 5 0
-184 -42 4 0
-185 -42 5 0
-185 -42 4 0
-183 -44 2 0
-185 -43 5 0
-185 -43 4 0
-184 -45 2 0
-152 -45 9 0
-152 -45 10 0
-155 -45 9 0
-156 -45 10 0
-155 -46 9 0
-198 -46 -1 1
-155 -46 10 0
-154 -46 9 0
-154 -47 9 0
-196 -48 0 1
-154 -46 10 0
-154 -47 10 0
-153 -46 9 0
-153 -46 10 0
-154 -45 11 0
-154 -45 8 0
-154 -45 7 0
-195 -46 -1 1
-195 -47 -1 1
-196 -45 -1 1
-187 -43 -1 1
-172 -15 5 1
-176 -49 3 1
-176 -49 4 0
-176 -49 7 0
-155 -46 5 0
-159 -37 6 0
-177 -50 6 0
-178 -49 6 0
-178 -49 5 0
-177 -48 6 0
-177 -47 5 0
-176 -47 6 0
-176 -47 5 0
-174 -47 5 0
-196 -46 -1 1
-196 -47 -1 1
-197 -46 -1 1
-197 -47 -1 1
-198 -48 2 0
-197 -47 3 0
-198 -45 2 0
-198 -45 4 1
-196 -46 1 1
-194 -50 1 1
-195 -50 1 1
-198 -46 2 0
-198 -46 4 0
-198 -46 3 0
-196 -45 0 1
-196 -46 0 2
-196 -47 0 1
-195 -46 1 1
-196 -47 2 0
-197 -46 4 0
-197 -46 3 0
-195 -45 0 1
-195 -46 0 1
-195 -47 0 1
-195 -48 2 0
-196 -46 2 0
-152 -46 9 0
-152 -46 10 0
-152 -46 8 0
-152 -45 8 0
-154 -44 8 0
-155 -45 8 0
-156 -46 9 0
-156 -46 10 0
-156 -46 8 0
-155 -47 9 0
-155 -47 10 0
-155 -47 8 0
-154 -48 9 0
-193 -44 2 1
-154 -48 10 0
-154 -48 8 0
-153 -47 9 0
-152 -47 9 0
-153 -47 10 0
-152 -47 8 0
-154 -46 11 0
-154 -46 8 0
-154 -46 7 0
-192 -50 2 51
-194 -45 3 3
-194 -45 2 2
-194 -46 3 1000
-194 -46 2 2
-194 -47 3 1
-194 -47 2 1
-192 -45 -1 1
-192 -46 -1 1
-192 -47 -1 1
-193 -47 0 1
-193 -45 0 1
-193 -45 -1 1
-193 -46 -1 1
-193 -47 -1 1
-194 -45 1 1
-194 -45 0 1
-194 -45 -1 1
-194 -46 1 3
-194 -46 0 1
-153 -9 5 0
-194 -47 1 1
-153 -9 6 0
-153 -9 4 0
-154 -8 5 0
-191 -45 1 1
-154 -7 5 0
-154 -7 6 0
-155 -7 6 0
-157 -9 6 0
-155 -10 6 0
-154 -10 6 0
-155 -9 6 0
-155 -9 7 0
-192 -46 2 34
-167 -36 6 0
-168 -35 7 0
-192 -48 1 1
-193 -46 3 1000
-193 -46 2 6
-193 -46 1 1
-193 -47 3 1
-167 -35 7 0
-167 -36 5 0
-193 -48 3 1
-193 -48 2 11
-193 -48 1 1
-192 -47 2 17
-191 -46 2 1
-191 -45 3 1
-179 -45 8 0
-186 -44 4 0
-183 -16 3 1
-164 -30 6 0
-165 -30 6 0
-163 -29 6 0
-164 -30 5 0
-163 -29 5 0
-190 -49 3 40
-165 -28 2 0
-165 -29 3 0
-165 -27 3 1
-164 -30 3 0
-164 -30 4 0
-165 -26 2 1
-200 -34 -1 1
-188 -29 3 7
-161 -21 10 2
-166 -29 6 0
-166 -29 7 0
-167 -29 6 0
-169 -27 6 0
-197 -40 4 1
-196 -17 3 1
-196 -17 2 1
-191 -37 1 1
-191 -37 3 1
-170 -25 7 0
-169 -25 8 0
-170 -25 8 0
-169 -25 7 0
-171 -24 9 0
-170 -26 8 0
-171 -26 8 0
-171 -26 7 0
-170 -23 8 0
-169 -24 8 0
-172 -24 9 0
-152 -49 5 1
-151 -50 5 1
-191 -8 3 7
-187 -6 3 1
-187 -6 2 1
-187 -6 1 1
-160 -40 4 0
-158 -40 2 0
-158 -40 1 1
-157 -31 5 0
-157 -40 2 4
-159 -40 3 0
-159 -39 4 0
-159 -39 3 1
-197 -31 1 1
-157 -40 0 1
-158 -40 0 1
-158 -41 0 2
-158 -42 0 1
-169 -35 3 0
-158 -40 4 0
-173 -35 2 0
-157 -39 4 0
-172 -35 3 0
-162 -20 8 1
-171 -37 2 0
-171 -37 3 0
-171 -37 1 0
-162 -21 7 3
-170 -36 2 0
-168 -46 -1 1
-168 -45 -1 2
-162 -39 -1 1
-163 -38 -1 1
-163 -34 0 1
-170 -23 4 0
-172 -23 3 0
-172 -24 3 0
-172 -23 4 0
-172 -23 2 1
-173 -23 3 0
-173 -23 4 0
-173 -23 2 1
-172 -33 6 0
-174 -24 4 0
-174 -24 2 0
-173 -26 2 0
-172 -26 2 1
-170 -26 2 1
-172 -24 4 0
-172 -24 5 0
-172 -24 2 1
-173 -25 1 1
-173 -24 1 1
-173 -23 1 1
-196 -19 2 1
-196 -20 2 1
-199 -37 10 1
-197 -19 2 1
-197 -20 2 1
-197 -21 2 1
-195 -20 3 1
-186 -44 -1 1
-198 -37 14 1
-195 -20 5 1
-195 -20 4 1
-195 -21 5 1
-195 -21 4 1
-195 -22 5 1
-195 -22 4 1
-200 -23 7 0
-198 -22 4 0
-198 -24 4 0
-165 -32 2 1
-198 -26 3 1
-198 -29 3 1
-161 -34 4 0
-200 -36 7 0
-199 -39 7 1
-170 -43 5 0
-199 -40 7 1
-161 -28 4 1
-199 -41 7 1
-185 -47 2 0
-171 -23 6 0
-199 -42 7 1
-190 -32 3 1
-199 -37 7 1
-198 -40 6 2
-199 -38 7 1
-196 -37 6 1
-196 -38 6 1
-191 -32 5 5
-161 -29 4 1
-196 -42 5 1
-196 -42 4 1
-196 -42 3 1
-196 -45 5 1
-196 -45 3 1
-199 -43 4 0
-193 -47 1 1
-193 -47 2 2
-192 -47 1 1
-192 -46 1 1
-168 -36 8 0
-170 -46 7 0
-170 -37 9 0
-170 -37 8 0
-169 -39 6 0
-169 -45 7 0
-169 -39 8 0
-169 -39 7 0
-174 -45 5 0
-172 -39 8 0
-172 -37 8 0
-170 -35 7 0
-169 -36 8 0
-169 -36 7 0
-169 -37 8 0
-170 -37 7 0
-168 -37 7 0
-169 -37 7 0
-170 -39 8 0
-166 -27 6 0
-178 -39 7 0
-174 -31 8 0
-175 -29 9 0
-175 -31 8 0
-175 -29 7 0
-174 -28 7 0
-173 -28 7 0
-175 -30 7 0
-174 -27 7 0
-173 -27 7 0
-174 -29 8 0
-174 -47 7 0
-176 -46 4 0
-176 -45 4 0
-175 -46 5 0
-175 -45 4 0
-175 -45 5 0
-175 -30 6 0
-173 -33 7 0
-173 -37 7 0
-173 -39 6 0
-172 -38 7 0
-172 -46 7 0
-167 -27 10 0
-173 -45 -1 1
-171 -46 6 0
-171 -46 7 0
-188 -32 1 1
-184 -18 0 1
-171 -39 6 0
-172 -39 6 0
-171 -38 5 0
-165 -44 1 1
-185 -19 0 1
-173 -40 5 0
-187 -42 7 1
-187 -42 6 1
-187 -41 7 1
-188 -41 7 1
-188 -42 7 1
-189 -41 7 1
-189 -42 7 1
-188 -42 6 14
-151 -39 6 1000
-188 -41 6 1
-188 -41 5 1
-189 -41 6 1
-189 -41 5 1
-189 -42 6 1
-190 -33 2 2
-190 -33 3 1
-191 -33 4 2
-191 -33 2 1
-187 -31 4 1
-189 -32 1 1
-178 -40 7 0
-177 -39 7 0
-175 -40 6 0
-176 -38 7 0
-166 -43 4 0
-175 -37 7 0
-176 -38 6 0
-171 -34 7 0
-178 -7 2 2
-169 -32 8 0
-194 -15 4 1
-168 -33 7 0
-173 -8 2 1
-197 -30 3 1
-167 -30 9 0
-189 -31 8 1
-153 -23 5 0
-198 -47 8 1
-162 -10 3 5
-197 -29 5 7
-196 -31 7 1
-156 -34 3 1
-166 -30 7 0
-166 -33 6 0
-164 -31 5 0
-167 -33 6 0
-165 -32 5 0
-163 -31 4 0
-164 -31 6 0
-163 -31 5 0
-165 -10 2 6
-166 -34 6 0
-155 -8 5 0
-164 -32 6 0
-164 -32 5 0
-163 -32 6 0
-163 -32 5 0
-156 -7 3 1
-185 -10 3 0
-185 -9 1 0
-165 -11 2 7
-185 -10 2 0
-198 -49 0 1
-176 -14 5 0
-198 -50 1 1
-197 -49 -1 1
-198 -49 -1 1
-199 -49 -1 1
-198 -50 0 1
-194 -45 10 1
-188 -50 9 0
-193 -50 11 1
-158 -29 5 0
-193 -49 -1 1
-193 -50 -1 1
-175 -11 4 0
-173 -12 4 0
-176 -11 4 0
-174 -12 5 0
-171 -12 5 1
-171 -13 6 1
-171 -12 6 1
-171 -11 6 1
-170 -13 6 1
-170 -12 5 1
-170 -12 6 1
-170 -11 6 1
-182 -10 6 0
-170 -28 5 0
-170 -28 2 1
-171 -29 1 3
-171 -28 1 1
-171 -27 1 1
-170 -27 1 1
-169 -27 1 1
-168 -27 3 1
-169 -26 3 1
-169 -26 4 0
-152 -25 0 1
-152 -3 12 0
-158 -45 1 0
-159 -45 1 0
-195 -45 4 1
-193 -47 4 1
-195 -45 1 1
-195 -43 2 1
-195 -43 3 1
-194 -43 2 1
-194 -43 3 1
-193 -43 2 1
-193 -43 3 1
-195 -44 5 1
-195 -44 1 1
-194 -44 1 1
-194 -43 1 1
-193 -44 1 1
-193 -43 1 1
-198 -44 2 1
-198 -43 2 1
-198 -45 1 1
-196 -46 4 0
-195 -47 3 0
-196 -48 3 0
-195 -47 2 0
-190 -50 -1 1
-189 -50 2 1
-189 -50 1 1
-189 -50 0 31
-190 -50 2 1
-190 -50 1 10
-190 -50 0 12
-186 -49 1 1
-186 -49 0 2
-186 -49 -1 1
-187 -49 1 1
-187 -49 0 6
-156 -43 2 1
-156 -43 1 1
-188 -49 0 1
-188 -49 -1 1
-185 -50 1 9
-160 -37 6 0
-161 -36 5 0
-160 -36 5 0
-161 -36 6 0
-187 -45 2 1000
-186 -45 1 1
-186 -45 2 0
-186 -46 2 0
-197 -31 13 1
-197 -31 12 1
-199 -2 3 0
-199 -2 4 1
-163 -40 2 0
-200 -38 14 1
-199 -34 13 0
-186 -19 2 0
-185 -19 2 0
-186 -18 3 0
-189 -18 1 1
-189 -18 2 1
-189 -18 3 1
-162 -44 5 0
-162 -46 4 0
-164 -44 2 0
-164 -44 4 0
-164 -44 3 0
-163 -45 4 0
-163 -44 4 0
-162 -44 4 0
-163 -42 4 0
-200 -38 -2 1
-169 -7 3 1
-170 -6 0 1
-186 -4 3 0
-186 -3 3 0
-189 -3 1 1
-189 -3 2 1
-189 -3 3 1
-188 -3 1 2
-188 -3 2 2
-188 -3 3 1
-188 -3 4 1
-189 -4 5 1
-189 -3 4 1
-189 -3 5 1
-189 -2 3 1
-157 -14 0 2
-158 -14 0 1
-159 -14 0 1
-158 -13 1 1
-158 -13 5 0
-158 -13 4 0
-156 -14 2 0
-158 -14 2 0
-158 -15 3 1
-159 -14 2 0
-159 -14 3 0
-160 -16 4 1
-160 -16 3 1
-160 -16 2 1
-161 -16 4 1
-161 -16 3 1
-156 -49 0 1
-161 -16 2 1
-161 -12 4 1
-162 -14 4 1
-162 -14 3 1
-162 -14 2 1
-156 -11 2 0
-156 -13 2 0
-184 -48 8 1
-186 -50 9 1
-187 -46 10 1
-187 -46 9 3
-187 -46 8 10
-187 -47 10 1
-187 -47 9 10
-187 -47 8 1000
-187 -48 10 1
-187 -48 9 10
-183 -47 9 0
-177 -8 5 1
-176 -8 5 1
-177 -12 5 0
-183 -49 7 0
-175 -47 4 0
-175 -48 4 0
-176 -47 4 0
-153 -32 4 3
-154 -35 2 1
-158 -37 3 1
-182 -50 10 1
-158 -37 4 1
-184 -50 4 0
-184 -50 5 0
-183 -50 9 13
-184 -50 3 0
-174 -23 0 1
-158 -18 10 1
-159 -46 6 0
-160 -35 1 10
-193 -11 4 0
-164 -3 7 1
-193 -12 4 0
-159 -40 6 0
-161 -40 5 0
-162 -44 6 0
-160 -43 7 0
-200 -31 12 0
-200 -30 13 0
-200 -31 11 0
-197 -48 6 0
-194 -49 5 1
-194 -50 5 5
-195 -49 5 1
-195 -50 5 9
-155 -31 3 2
-156 -30 4 1
-156 -31 4 9
-156 -31 3 2
-157 -31 4 1
-181 -8 3 3
-172 -23 6 0
-199 -32 6 0
-199 -33 6 0
-200 -33 5 0
-162 -10 5 1
-161 -11 5 1
-161 -10 5 1
-159 -11 3 0
-159 -12 3 0
-177 -3 2 1
-177 -4 3 1
-178 -4 2 4
-157 -24 3 0
-156 -23 4 0
-154 -34 3 3
-154 -34 4 1
-152 -9 10 0
-151 -8 10 0
-162 -8 1 1
-157 -32 6 0
-159 -34 0 1
-151 -29 4 124
-166 -31 3 1
-189 -23 2 1
-187 -22 2 0
-159 -50 -1 1
-158 -50 1 2
-151 -14 8 0
-151 -14 7 0
-182 -11 1 1
-165 -8 0 1
-171 -29 7 0
-170 -29 8 0
-171 -29 8 0
-171 -30 7 0
-167 -46 -1 1
-169 -30 7 0
-179 -7 2 1
-179 -7 1 1
-179 -5 2 2
-179 -6 5 1
-180 -4 5 1
-180 -4 4 1
-180 -5 5 1
-180 -5 4 1
-180 -5 3 3
-180 -6 5 2
-180 -6 4 16
-180 -6 3 27
-181 -4 3 1
-181 -4 2 1
-181 -4 1 1
-181 -5 3 1
-181 -5 2 1
-181 -5 1 1
-170 -37 -1 1
-170 -38 -1 1
-169 -38 0 1
-168 -39 0 0
-177 -3 0 2
-178 -3 0 1
-178 -4 0 4
-167 -41 0 2
-168 -39 -1 1
-168 -40 -1 1
-168 -41 -1 1
-169 -39 -1 1
-181 -41 6 0
-177 -19 2 2
-178 -20 2 1
-181 -19 1 1
-194 -12 3 0
-155 -25 6 0
-155 -25 5 0
-191 -11 -1 1
-180 -37 3 0
-181 -37 2 0
-179 -37 3 0
-178 -37 1 0
-178 -37 2 0
-177 -39 3 0
-181 -39 2 0
-185 -3 6 1
-185 -3 7 1
-185 -3 8 1
-185 -2 6 1
-185 -2 7 1
-185 -2 8 1
-185 -1 6 1
-184 -3 6 1
-184 -2 6 1
-183 -3 6 1
-179 -37 1 0
-177 -39 2 0
-180 -41 2 0
-180 -41 1 0
-180 -38 0 0
-180 -38 2 0
-180 -38 1 0
-180 -40 2 0
-179 -39 1 0
-180 -40 1 0
-178 -38 0 0
-178 -38 2 0
-179 -41 2 0
-179 -38 0 0
-179 -38 2 0
-179 -38 1 0
-176 -39 -2 1
-179 -40 2 0
-178 -38 1 0
-178 -39 -3 1
-178 -40 -3 1
-177 -40 2 0
-179 -40 1 0
-177 -38 0 0
-177 -38 2 0
-177 -38 1 0
-177 -39 1 0
-176 -38 0 0
-175 -39 -3 1
-176 -39 -3 1
-177 -39 -3 1
-176 -40 -2 2
-165 -13 3 1
-164 -33 3 1
-169 -45 2 0
-158 -13 3 0
-172 -6 4 1
-172 -5 4 1
-179 -6 6 1
-177 -5 6 0
-162 -13 4 1
-162 -13 3 1
-157 -9 2 0
-183 -50 -1 1
-184 -1 6 1
-184 -1 7 1
-175 -41 -3 1
-175 -42 -3 1
-175 -43 -3 1
-176 -40 0 0
-174 -42 1 0
-176 -41 -3 1
-176 -42 -3 1
-176 -43 -3 1
-177 -41 -3 1
-177 -42 -3 1
-177 -43 -3 1
-178 -41 -3 1
-178 -42 -3 1
-178 -43 -3 1
-178 -41 2 0
-177 -41 2 0
-175 -41 0 0
-176 -41 -2 3
-177 -40 1 0
-175 -42 0 0
-175 -42 1 0
-176 -42 -2 3
-177 -41 1 0
-177 -41 0 0
-179 -41 1 0
-185 -1 7 1
-185 -1 8 1
-187 -16 3 1
-151 -19 2 1
-191 -10 -1 1
-196 -31 13 1
-187 -50 0 6
-187 -50 -1 1
-178 -2 7 3
-178 -2 8 1
-178 -2 9 1
-180 -2 6 1
-180 -1 6 1
-179 -2 6 1
-176 -7 6 1
-159 -32 0 1
-200 -43 12 0
-163 -21 10 1
-188 -10 6 0
-188 -12 4 0
-188 -12 6 0
-177 -38 7 0
-167 -34 5 0
-158 -46 1 0
-164 -35 -1 1
-158 -33 2 1
-166 -43 1 0
-157 -5 1 3
-152 -46 1 1
-151 -2 1 1
-159 -4 0 1
-169 -27 9 0
-169 -27 8 0
-159 -37 0 1
-160 -46 6 0
-168 -42 -1 1
-169 -42 -1 1
-170 -42 -1 1
-169 -41 0 2
-156 -5 2 1
-168 -42 0 1
-169 -43 0 0
-156 -37 2 0
-154 -49 6 0
-154 -49 7 0
-154 -24 1 7
-157 -5 2 1
-161 -3 2 1
-158 -24 3 0
-176 -18 7 0
-158 -24 5 0
-151 -41 3 0
-164 -41 5 0
-162 -46 5 0
-161 -45 5 0
-159 -47 4 0
-160 -47 5 0
-160 -47 4 0
-161 -44 -1 1
-162 -42 -1 1
-162 -43 -1 1
-160 -1 4 0
-161 -2 3 1
-162 -2 3 2
-161 -46 5 0
-161 -46 4 0
-160 -46 4 0
-159 -48 4 0
-164 -6 5 1
-200 -36 -1 1
-200 -36 0 3
-163 -5 4 2
-162 -6 -1 1
-153 -8 11 0
-153 -8 12 0
-164 -4 5 1
-164 -4 4 1
-159 -1 4 0
-159 -1 5 0
-154 -17 7 0
-169 -29 7 0
-151 -41 6 1000
-151 -42 6 1
-158 -32 5 0
-169 -44 2 0
-154 -9 5 0
-199 -16 2 0
-200 -17 1 0
-187 -38 -1 1
-186 -38 -1 1
-185 -38 2 0
-163 -50 4 1
-163 -50 5 1
-163 -50 6 1
-165 -48 5 0
-165 -49 6 0
-165 -48 4 0
-164 -49 4 0
-180 -40 7 0
-180 -40 6 0
-179 -42 4 0
-185 -38 3 0
-186 -37 3 0
-187 -36 3 0
-200 -33 -2 1
-153 -25 1 8
-179 -14 0 1
-157 -28 1 7
-155 -38 6 0
-151 -10 5 0
-154 -48 1 0
-189 -41 4 1
-189 -42 4 1
-188 -40 3 5
-165 -39 -1 1
-165 -40 -1 1
-166 -39 2 0
-180 -14 3 3
-165 -21 8 1
-165 -22 10 1
-165 -22 9 1
-193 -7 2 2
-157 -6 3 0
-157 -5 3 0
-165 -47 5 0
-167 -48 5 0
-185 -2 4 1
-155 -38 5 0
-162 -12 0 1
-167 -50 6 1
-199 -30 -1 1
-156 -12 5 0
-154 -12 4 0
-154 -12 5 0
-166 -49 4 1
-154 -12 3 0
-160 -44 1 1
-164 -48 4 0
-166 -47 6 0
-166 -47 7 0
-166 -25 2 1
-200 -29 13 0
-178 -13 -1 1
-199 -25 11 0
-158 -8 -1 1
-152 -39 2 1
-154 -25 3 0
-159 -48 5 0
-157 -34 4 0
-156 -4 2 1
-157 -1 5 0
-175 -32 1 0
-175 -32 3 0
-175 -35 0 0
-175 -33 2 0
-173 -33 1 0
-173 -33 3 0
-174 -34 2 0
-175 -34 1 0
-175 -35 1 0
-173 -34 1 0
-173 -39 1 0
-167 -19 4 1
-187 -13 4 1
-186 -14 4 2
-176 -39 1 0
-176 -36 1 0
-176 -36 3 0
-176 -36 2 0
-175 -37 2 0
-176 -38 1 0
-176 -37 1 0
-159 -6 2 1
-160 -5 2 1
-159 -5 2 1
-199 -29 12 0
-199 -30 12 0
-199 -30 13 0
-175 -38 2 0
-174 -40 0 0
-176 -38 3 0
-176 -38 2 0
-173 -38 3 0
-173 -38 2 0
-174 -40 1 0
-180 -39 6 0
-179 -38 4 0
-180 -39 4 0
-179 -39 5 0
-185 -37 2 0
-174 -40 2 0
-173 -41 2 0
-174 -42 2 0
-174 -41 2 0
-176 -41 2 0
-169 -50 -1 1
-170 -49 0 3
-188 -36 2 0
-188 -35 2 0
-168 -29 7 0
-200 -36 8 2
-161 -10 1 1
-165 -1 6 1
-165 -7 2 12
-165 -7 1 18
-165 -8 3 1
-165 -8 2 12
-180 -10 4 1
-182 -10 5 1
-196 -46 10 1
-196 -46 9 2
-196 -46 8 1
-196 -47 10 1
-196 -47 9 10
-196 -47 8 1
-196 -48 10 1
-152 -7 9 0
-183 -50 3 1
-183 -50 5 1
-194 -45 6 1
-194 -46 6 3
-192 -47 9 10
-192 -47 8 1
-194 -46 7 3
-194 -45 9 1
-194 -45 8 1
-194 -45 7 1
-190 -47 8 1000
-191 -47 10 1
-165 -13 2 1
-165 -13 1 1
-165 -13 0 1
-166 -13 2 1
-166 -13 1 1
-166 -13 0 1
-161 -20 4 2
-160 -23 7 0
-160 -24 7 0
-191 -50 11 1
-160 -22 6 0
-195 -48 9 1
-195 -45 7 1
-189 -45 8 1
-195 -46 6 1
-191 -49 10 1
-196 -50 10 1
-196 -50 9 1
-194 -48 12 1
-190 -44 2 1
-189 -44 0 1
-189 -44 1 1
-184 -48 5 0
-185 -48 4 0
-184 -48 4 0
-185 -47 3 0
-178 -5 4 1
-197 -31 -1 1
-186 -16 7 1
-197 -31 0 1
-151 -7 8 0
-179 -14 1 1
-157 -46 2 1
-178 -14 3 12
-151 -7 10 0
-154 -50 6 0
-154 -50 7 0
-156 -50 7 1000
-158 -50 6 1
-157 -2 4 0
-163 -27 3 16
-163 -28 4 1
-186 -19 3 0
-185 -19 3 0
-186 -18 2 0
-153 -4 11 0
-165 -41 2 0
-165 -41 1 0
-171 -7 4 1
-158 -18 9 1
-165 -42 6 0
-167 -42 7 0
-156 -35 1 0
-199 -35 5 0
-199 -35 4 0
-165 -39 6 0
-164 -41 6 0
-164 -40 6 0
-164 -41 7 0
-164 -40 7 0
-165 -41 6 0
-165 -40 6 0
-165 -41 7 0
-151 -18 2 1
-156 -46 2 1
-166 -40 6 0
-195 -10 4 0
-196 -10 3 0
-197 -7 3 1
-153 -20 4 0
-153 -20 3 0
-156 -35 2 0
-171 -8 4 1
-167 -11 4 1
-168 -11 4 1
-157 -30 6 0
-157 -31 6 0
-157 -30 5 0
-152 -1 12 0
-183 -11 -1 1
-187 -35 2 0
-186 -35 3 0
-186 -36 3 0
-187 -46 2 1000
-186 -47 2 0
-153 -21 6 0
-159 -2 -1 1
-159 -3 -1 1
-191 -47 0 1
-191 -47 1 1
-191 -47 2 2
-190 -47 0 13
-190 -47 1 1
-190 -47 2 1000
-188 -49 2 0
-190 -48 -1 1
-189 -48 -1 1
-189 -48 0 3
-189 -48 1 7
-191 -50 0 11
-191 -50 1 1
-191 -50 2 3
-188 -34 0 1
-173 -13 -1 1
-180 -44 4 0
-181 -44 5 0
-181 -45 4 0
-183 -22 3 1
-183 -22 2 1
-186 -29 -1 1
-187 -29 -1 1
-200 -36 1 1
-198 -30 10 1
-166 -24 8 1
-166 -24 9 0
-166 -26 8 0
-166 -27 8 0
-166 -27 9 0
-165 -27 8 0
-165 -27 9 0
-175 -34 7 0
-175 -35 6 0
-157 -21 3 0
-157 -21 4 0
-167 -40 3 0
-167 -42 4 0
-167 -42 0 2
-176 -50 2 1
-175 -50 1 2
-184 -20 3 0
-184 -20 2 1
-163 -38 1 1
-198 -6 4 0
-159 -19 8 1
-197 -47 9 6
-173 -12 1 0
-196 -27 6 1
-197 -27 6 2
-162 -22 6 1
-162 -22 5 1
-164 -24 7 1
-164 -25 7 0
-163 -23 5 1
-163 -23 4 0
-197 -27 5 8
-197 -30 4 7
-169 -7 -1 1
-169 -6 -1 1
-168 -7 -1 1
-168 -6 -1 1
-180 -8 3 2
-155 -25 1 8
-159 -29 1 1000
-161 -30 2 3
-161 -30 3 1
-161 -40 3 1
-165 -1 4 1
-199 -16 4 0
-199 -14 5 0
-163 -37 2 1
-162 -36 3 1
-163 -36 3 1
-163 -33 3 1
-153 -19 5 0
-188 -28 1 1
-157 -38 1 1
-160 -39 0 1
-161 -42 0 2
-162 -41 -1 1
-160 -41 2 0
-160 -41 -2 2
-159 -42 -3 1
-159 -41 -3 1
-159 -40 -3 1
-157 -20 11 0
-155 -21 9 0
-157 -22 10 0
-185 -34 1 1
-185 -34 0 1
-185 -33 0 1
-184 -35 0 1
-168 -17 4 1
-169 -19 5 1
-169 -18 5 1
-155 -27 2 1
-154 -27 2 1
-200 -21 12 0
-200 -21 11 0
-171 -16 5 1
-170 -17 5 2
-190 -40 1 1
-152 -7 5 0
-151 -10 7 0
-151 -8 4 0
-161 -34 5 0
-159 -35 6 0
-160 -35 6 0
-190 -8 3 6
-190 -7 1 1
-200 -38 2 0
-199 -39 0 0
-199 -39 2 0
-197 -40 2 1
-197 -40 1 1
-197 -40 0 1
-161 -21 7 3
-161 -20 7 2
-159 -22 9 0
-159 -22 10 0
-151 -47 0 4
-159 -25 4 0
-155 -8 3 0
-155 -40 3 0
-154 -39 4 0
-158 -38 6 0
-154 -26 2 1
-157 -25 0 1
-157 -24 0 1
-166 -9 39 1
-166 -8 39 1
-165 -10 39 1
-165 -9 39 1
-165 -8 39 1
-167 -7 40 1
-169 -6 40 5
-170 -6 39 1
-170 -5 39 1
-170 -5 40 1
-170 -5 41 1000
-169 -6 39 1
-169 -5 39 1
-169 -5 40 6
-169 -5 41 1
-168 -6 39 1
-168 -6 40 1
-168 -5 39 1
-168 -5 40 1
-168 -5 41 1
-171 -7 40 3
-172 -8 39 1
-172 -7 39 1
-172 -7 40 1
-172 -7 41 1
-172 -6 39 1
-172 -6 40 1
-172 -6 41 1
-171 -7 39 1
-171 -6 39 1
-171 -6 40 7
-171 -6 41 1
-171 -9 40 1
-168 -9 41 1
-168 -8 40 7
-169 -7 40 6
-170 -7 39 1
-170 -6 40 1
-170 -6 41 1000
-169 -7 39 1
-169 -6 41 1
-168 -7 39 1
-168 -7 40 4
-168 -6 41 1
-170 -7 40 4
-171 -8 39 1
-171 -7 41 1
-170 -9 40 7
-171 -10 39 1
-171 -10 40 1
-171 -10 41 1
-171 -9 39 1
-171 -8 40 1
-171 -8 41 1
-170 -8 40 12
-171 -11 39 1
-170 -11 39 1
-169 -11 39 1
-168 -11 39 1
-167 -11 39 1
-167 -10 39 1
-167 -9 39 1
-165 -7 40 1
-165 -7 41 1
-165 -7 42 1
-167 -8 42 0
-167 -8 40 2
-154 -28 7 0
-167 -7 39 1
-166 -7 39 1
-166 -7 40 1
-153 -28 3 0
-153 -27 3 0
-171 -8 42 0
-168 -9 40 4
-164 -9 40 1
-164 -9 41 1
-164 -9 42 1
-164 -8 40 1
-164 -8 41 1
-164 -8 42 1
-164 -7 40 1
-164 -7 41 1
-164 -7 42 1
-168 -7 41 1
-167 -8 41 1
-164 -9 39 1
-164 -8 39 1
-164 -7 39 1
-169 -8 40 1000
-168 -7 42 0
-173 -2 42 0
-171 -2 43 0
-172 -1 42 0
-172 -2 43 0
-171 -1 39 1
-170 -2 43 0
-170 -1 43 0
-175 -1 44 1
-175 -1 40 1
-174 -2 42 1
-173 -2 43 0
-173 -3 43 0
-172 -4 43 0
-170 -3 43 0
-172 -2 44 0
-171 -1 43 0
-174 -1 45 1
-172 -3 43 0
-170 -2 44 0
-175 -45 -2 2
-176 -46 -3 1
-176 -45 -3 1
-174 -2 43 1
-174 -2 44 1
-173 -3 44 0
-172 -3 44 0
-170 -3 44 0
-172 -2 45 0
-156 -35 0 0
-157 -35 0 0
-171 -2 44 0
-170 -2 45 0
-171 -1 44 0
-173 -1 44 4
-174 -1 43 1
-174 -1 44 1
-174 -2 45 1
-173 -1 45 5
-173 -1 43 1
-174 -1 42 1
-173 -2 44 0
-173 -3 45 0
-172 -4 44 0
-172 -3 45 0
-171 -3 45 0
-172 -2 46 0
-199 -32 3 0
-171 -50 -1 5
-170 -1 44 0
-171 -1 45 0
-170 -1 45 0
-165 -46 6 0
-164 -47 6 0
-155 -48 5 0
-180 -39 7 0
-178 -17 7 0
-192 -11 2 0
-174 -30 6 0
-173 -31 7 0
-174 -31 6 0
-174 -31 7 0
-161 -35 3 1
-197 -40 13 1
-199 -36 11 0
-198 -27 -1 1
-198 -26 0 1
-187 -44 7 1
-185 -45 8 0
-187 -46 6 1
-185 -46 9 1
-186 -43 9 1
-174 -2 46 1
-174 -1 46 1
-166 -38 6 0
-173 -1 46 2
-171 -2 45 0
-172 -1 45 1000
-172 -1 46 1000
-172 -1 43 0
-172 -1 44 0
-163 -36 6 0
-165 -34 5 0
-164 -36 6 0
-163 -35 6 0
-170 -1 46 0
-163 -37 6 0
-163 -39 5 0
-164 -38 5 0
-162 -37 6 0
-163 -38 5 0
-164 -36 5 0
-162 -36 6 0
-163 -37 5 0
-163 -34 5 0
-162 -35 5 0
-154 -48 -1 1
-155 -49 2 0
-200 -34 5 0
-200 -34 6 0
-162 -12 3 1
-173 -2 45 0
-173 -3 46 0
-172 -3 46 0
-170 -3 45 0
-171 -3 46 0
-171 -3 44 0
-172 -1 47 1000
-154 -42 0 1
-178 -15 4 1
-171 -1 46 1
-191 -9 5 0
-191 -9 6 0
-183 -17 5 0
-186 -20 1 0
-174 -2 47 1
-174 -1 47 1
-168 -8 2 13
-197 -27 10 1
-200 -30 11 0
-151 -13 10 0
-160 -28 5 0
-171 -2 46 0
-170 -3 46 0
-172 -1 48 1
-198 -29 -1 1
-200 -20 4 0
-161 -35 2 1
-157 -42 6 0
-157 -42 5 0
-163 -9 1 1000
-189 -46 3 1000
-190 -47 4 1000
-190 -46 3 1000
-190 -46 4 38
-196 -19 3 1
-197 -18 3 1
-197 -19 3 3
-197 -18 4 2
-197 -18 7 1
-197 -18 6 1
-198 -18 7 2
-200 -35 8 1
-199 -18 7 1
-196 -18 6 1
-196 -18 5 1
-196 -18 4 1
-196 -19 6 1
-188 -5 3 2
-161 -24 9 0
-161 -25 9 0
-161 -24 10 0
-161 -25 10 0
-161 -23 11 0
-154 -1 5 0
-161 -6 5 1
-160 -7 2 1
-160 -7 3 0
-160 -5 5 0
-160 -5 6 0
-160 -5 1 4
-161 -6 0 3
-160 -6 0 6
-172 -3 48 0
-171 -2 48 0
-172 -1 49 0
-171 -1 48 1
-169 -1 46 1
-155 -21 0 1
-154 -1 9 0
-153 -1 9 0
-156 -1 10 0
-157 -1 10 0
-157 -2 9 0
-155 -2 9 0
-155 -3 9 0
-155 -2 10 0
-154 -2 9 0
-155 -1 11 0
-168 -25 4 0
-167 -25 3 0
-167 -25 4 0
-168 -24 5 0
-168 -24 2 0
-168 -24 1 0
-159 -48 -1 1
-158 -48 -1 1
-157 -48 -1 1
-197 -33 13 1
-197 -33 12 1
-156 -25 5 0
-182 -36 5 0
-183 -35 4 0
-183 -35 3 0
-185 -36 4 0
-184 -48 0 2
-185 -49 -1 1
-185 -48 -1 1
-185 -47 -1 1
-155 -23 2 1
-200 -19 5 0
-199 -18 4 0
-198 -11 3 0
-199 -11 3 0
-184 -12 3 2
-184 -12 4 8
-151 -18 7 0
-151 -18 4 0
-155 -50 4 4
-198 -44 5 4
-198 -45 6 1
-182 -50 5 1
-198 -44 6 4
-197 -45 4 1
-197 -45 5 1
-197 -45 6 1
-197 -44 4 6
-197 -44 5 1
-197 -44 6 1
-184 -33 3 1
-199 -44 3 1
-183 -33 1 1
-183 -33 2 1
-183 -33 3 1
-183 -32 1 1
-183 -49 2 1
-183 -32 3 1
-183 -49 1 5
-187 -30 5 0
-187 -30 0 2
-163 -1 2 1
-162 -2 2 1
-162 -30 3 1
-190 -34 1 1
-190 -35 1 1
-191 -34 1 1
-191 -35 1 1
-160 -12 -1 1
-159 -11 0 2
-159 -12 -1 1
-159 -12 0 1
-159 -12 1 1
-191 -34 4 2
-191 -34 3 1
-191 -34 2 1
-191 -35 4 3
-191 -35 3 1
-191 -35 2 1
-191 -36 4 1
-190 -35 3 2
-188 -34 2 0
-188 -34 3 0
-187 -33 2 0
-187 -34 2 0
-183 -50 2 1
-194 -50 3 1
-195 -50 2 2
-194 -50 2 2
-196 -50 5 1
-198 -49 4 0
-198 -49 3 0
-199 -50 -1 1
-198 -50 -1 1
-197 -50 -1 1
-197 -50 4 0
-196 -49 4 0
-170 -36 1 0
-185 -7 3 1
-185 -7 4 1
-171 -35 4 0
-184 -7 2 1
-171 -35 0 0
-176 -43 7 0
-165 -36 7 0
-179 -1 1 3
-179 -1 0 1
-179 -2 0 1
-179 -5 1 1
-173 -8 -1 1
-180 -5 1 1
-180 -6 2 6
-180 -6 1 1
-172 -8 -1 1
-167 -28 11 0
-179 -2 1 5
-180 -2 3 1
-180 -2 2 1
-180 -2 1 1
-177 -3 3 1
-175 -3 2 0
-165 -28 10 0
-173 -5 0 1
-172 -5 0 1
-171 -5 0 1
-167 -26 10 0
-173 -10 1 0
-173 -10 3 0
-173 -10 2 0
-198 -9 4 0
-198 -9 3 0
-197 -8 4 1
-198 -7 4 1
-194 -9 1 1
-186 -21 -1 1
-172 -48 0 9
-176 -49 2 1
-175 -27 3 0
-174 -27 3 0
-175 -27 2 0
-176 -26 3 0
-176 -26 2 0
-177 -27 3 0
-177 -27 2 0
-178 -28 3 0
-187 -49 4 0
-190 -50 4 1000
-191 -50 4 1000
-183 -10 3 1
-178 -28 2 0
-180 -9 3 1
-187 -9 1 0
-187 -10 2 0
-187 -10 3 0
-187 -10 1 0
-159 -49 2 0
-158 -38 1 1000
-158 -39 1 1000
-176 -28 4 0
-176 -28 5 0
-174 -50 2 0
-174 -50 1 1
-173 -49 1 1
-157 -21 9 0
-157 -22 9 0
-159 -39 0 1
-159 -38 0 3
-160 -39 -1 1
-159 -39 -1 1
-159 -38 -1 1
-158 -42 2 1
-169 -49 1 0
-172 -49 2 1
-180 -18 1 6
-181 -16 1 1
-181 -17 1 1
-167 -32 3 1
-168 -32 3 1
-166 -32 5 0
-182 -18 1 1
-161 -45 3 0
-163 -12 3 1
-163 -11 1 14
-163 -11 2 6
-163 -12 0 2
-181 -19 4 0
-181 -18 6 0
-181 -19 5 0
-182 -46 8 0
-159 -44 5 0
-188 -34 5 0
-187 -34 6 0
-188 -32 5 2
-189 -31 5 1
-199 -1 7 1
-188 -31 5 1
-188 -31 6 1
-187 -32 6 1
-187 -31 6 1
-188 -32 6 1
-189 -32 7 1
-189 -31 7 1
-188 -32 7 1
-188 -31 7 1
-187 -32 7 1
-177 -45 7 0
-177 -45 8 0
-167 -23 11 1
-167 -24 9 0
-178 -44 7 0
-178 -44 8 0
-178 -44 6 0
-151 -5 12 0
-167 -23 10 1
-164 -24 11 0
-165 -24 10 0
-161 -24 11 0
-162 -23 11 0
-164 -21 12 1
-163 -22 12 5
-163 -21 12 1
-162 -22 12 1
-162 -21 12 1
-165 -24 12 1
-165 -24 11 0
-164 -25 11 0
-163 -26 11 0
-162 -25 11 0
-163 -24 11 0
-163 -24 12 0
-165 -21 12 1
-161 -25 11 0
-163 -24 13 0
-162 -24 12 0
-161 -24 12 0
-162 -23 12 0
-164 -21 13 1
-163 -21 13 1
-162 -22 13 1
-162 -21 13 1
-164 -22 23 4
-164 -21 23 1
-163 -22 23 4
-163 -21 23 1
-162 -22 23 1
-162 -21 23 1
-165 -23 23 1
-165 -22 23 1
-165 -21 23 1
-164 -23 22 0
-163 -24 21 0
-163 -24 22 0
-164 -25 22 0
-163 -25 22 0
-162 -24 21 0
-162 -24 22 0
-161 -25 22 0
-163 -23 23 0
-200 -9 5 0
-162 -23 23 0
-161 -23 23 0
-161 -22 23 0
-164 -22 24 3
-164 -21 24 1
-163 -22 24 3
-163 -21 24 1
-162 -22 24 1
-162 -21 24 1
-165 -23 24 1
-165 -22 24 1
-165 -21 24 1
-164 -23 23 0
-163 -24 23 0
-164 -25 23 0
-163 -25 23 0
-162 -24 23 0
-161 -25 23 0
-163 -23 24 0
-162 -23 24 0
-161 -23 24 0
-161 -22 24 0
-164 -22 25 4
-164 -21 25 1
-163 -22 25 4
-163 -21 25 1
-162 -22 25 1
-162 -21 25 1
-165 -23 25 1
-165 -22 25 1
-165 -21 25 1
-164 -23 24 0
-163 -24 24 0
-164 -25 24 0
-163 -25 24 0
-162 -24 24 0
-161 -25 24 0
-163 -23 25 0
-162 -23 25 0
-161 -23 25 0
-161 -22 25 0
-164 -21 26 1
-163 -21 26 1
-162 -22 26 1
-175 -10 4 0
-199 -21 2 0
-164 -5 -1 1
-163 -5 -1 1
-160 -10 1 0
-160 -10 2 0
-151 -50 3 7
-151 -50 2 19
-160 -38 5 0
-151 -40 3 1
-174 -34 7 0
-173 -31 8 0
-178 -12 0 1
-170 -14 4 1
-171 -14 4 4
-175 -16 -1 1
-186 -22 0 2
-169 -16 6 1
-170 -15 6 1
-170 -16 6 1
-198 -45 12 0
-199 -45 13 0
-169 -20 2 1
-198 -45 11 1
-200 -44 14 0
-200 -44 9 1
-200 -45 8 1
-197 -26 2 1
-196 -28 2 1
-196 -27 2 1
-196 -26 2 1
-200 -19 6 0
-186 -24 3 0
-186 -24 2 0
-185 -25 3 0
-169 -46 3 0
-169 -48 2 0
-168 -48 3 0
-167 -48 2 0
-167 -48 3 0
-167 -46 4 0
-167 -46 0 1
-168 -47 -1 1
-170 -26 9 0
-171 -27 9 0
-172 -28 9 0
-179 -13 5 0
-170 -2 46 0
-169 -2 46 0
-179 -12 4 1
-179 -12 5 0
-182 -9 5 1
-180 -10 5 1
-157 -37 3 1
-152 -33 4 1
-152 -33 3 3
-152 -33 2 1
-152 -34 4 1
-165 -5 0 1
-175 -20 5 0
-184 -13 6 1000
-179 -14 5 0
-174 -15 3 0
-189 -9 -1 1
-197 -30 2 1
-199 -27 3 0
-159 -35 2 1
-159 -10 2 0
-157 -11 2 1
-157 -11 1 1
-197 -20 6 2
-197 -20 5 1
-197 -20 4 2
-199 -19 6 0
-199 -18 6 0
-175 -9 9 0
-175 -9 8 0
-180 -35 7 0
-180 -35 6 0
-181 -36 6 0
-176 -12 0 2
-161 -44 3 0
-176 -12 4 0
-162 -43 4 0
-179 -11 2 0
-154 -50 4 5
-154 -50 3 2
-153 -50 3 2
-153 -50 2 5
-153 -50 1 2
-160 -29 1 7
-159 -28 2 8
-158 -27 0 1
-161 -39 -1 1
-160 -32 6 0
-154 -9 3 0
-191 -11 7 0
-174 -39 2 0
-169 -49 4 1
-168 -49 4 1
-154 -8 9 0
-174 -38 3 0
-174 -38 4 0
-199 -32 1 1
-187 -35 4 0
-152 -6 11 0
-191 -36 3 1
-191 -36 2 1
-191 -36 1 1
-188 -35 3 0
-188 -36 3 0
-167 -47 4 0
-167 -47 2 0
-164 -47 4 0
-164 -47 2 0
-159 -16 12 1
-158 -16 11 1
-158 -44 7 0
-161 -35 0 1
-162 -6 1 2
-162 -34 1 5
-155 -50 -1 1
-197 -28 -1 1
-174 -33 8 0
-174 -33 4 0
-153 -42 5 0
-200 -1 7 1
-200 -2 7 1
-154 -9 4 0
-197 -31 10 1
-200 -46 -2 1
-163 -30 50 0
-163 -30 51 0
-162 -31 50 0
-162 -32 51 1
-162 -34 49 1
-162 -34 50 1
-162 -34 51 1
-162 -33 49 2
-162 -33 50 10
-162 -33 51 7
-162 -34 52 1
-162 -33 52 1
-162 -34 48 1
-162 -33 48 1
-158 -33 51 1
-161 -30 52 0
-161 -30 49 0
-161 -30 48 0
-192 -50 0 1
-192 -49 -1 1
-192 -50 -1 1
-189 -50 6 1000
-189 -50 5 1
-190 -48 5 4
-191 -48 5 18
-189 -33 1 1
-178 -42 7 0
-178 -41 7 0
-178 -41 6 0
-177 -41 7 0
-177 -40 7 0
-176 -40 7 0
-176 -39 7 0
-175 -39 7 0
-175 -38 7 0
-174 -36 7 0
-174 -38 5 0
-175 -38 6 0
-173 -36 7 0
-173 -38 5 0
-173 -35 7 0
-174 -36 6 0
-173 -36 6 0
-172 -34 7 0
-173 -35 6 0
-171 -33 7 0
-172 -34 6 0
-172 -32 5 0
-169 -32 7 0
-193 -6 4 1
-167 -33 5 0
-168 -33 6 0
-191 -8 1 1
-155 -26 4 0
-186 -47 8 1
-165 -30 7 0
-167 -30 8 0
-186 -47 7 1000
-185 -47 8 1
-167 -30 7 0
-156 -25 2 1
-172 -18 2 1
-197 -33 2 0
-191 -15 5 3
-186 -13 6 1
-184 -34 0 1
-197 -46 2 1
-188 -10 4 0
-187 -27 1 1
-184 -31 1 1
-185 -32 0 1
-180 -6 8 3
-188 -31 4 1
-188 -31 3 9
-188 -31 2 8
-189 -31 4 1
-189 -31 3 1
-151 -15 9 0
-173 -14 3 0
-151 -16 9 0
-184 -1 3 3
-198 -24 0 1
-154 -33 15 1
-154 -33 16 1
-154 -32 16 1
-153 -33 14 1
-153 -33 15 1
-153 -33 16 1
-153 -32 16 1
-154 -30 13 0
-154 -31 13 0
-153 -30 14 0
-153 -30 15 0
-153 -30 13 0
-154 -29 16 0
-154 -29 12 0
-151 -30 13 1
-151 -30 15 1
-151 -31 16 1
-151 -30 16 1
-151 -29 16 1
-151 -30 12 1
-151 -31 11 1
-151 -30 11 1
-151 -29 11 1
-156 -30 13 0
-156 -30 14 0
-155 -31 13 0
-156 -32 13 0
-155 -31 14 0
-155 -32 14 0
-155 -32 13 0
-154 -32 13 0
-154 -32 14 0
-153 -31 13 0
-153 -32 13 0
-153 -31 14 0
-153 -32 14 0
-154 -30 15 0
-154 -30 12 0
-154 -30 11 0
-151 -32 13 1
-152 -32 13 0
-151 -32 12 1
-151 -33 11 2
-151 -32 11 1
-154 -31 12 0
-153 -30 12 0
-155 -31 12 0
-156 -30 12 0
-155 -32 12 0
-156 -32 12 0
-156 -33 13 0
-155 -33 13 0
-156 -33 12 0
-154 -33 13 0
-154 -34 13 0
-154 -33 12 0
-154 -34 12 0
-153 -33 13 0
-154 -32 12 0
-153 -33 12 0
-155 -31 16 1
-154 -31 16 1
-153 -31 16 1
-154 -32 11 0
-151 -33 12 1
-151 -34 10 1
-151 -33 10 1
-151 -32 10 1
-153 -32 12 0
-153 -32 11 0
-154 -31 11 0
-155 -33 12 0
-156 -32 11 0
-156 -33 11 0
-155 -34 12 0
-156 -35 12 0
-156 -35 13 0
-156 -35 11 0
-154 -35 12 0
-154 -35 13 0
-154 -35 11 0
-153 -35 12 0
-153 -35 13 0
-153 -35 11 0
-154 -33 11 0
-154 -33 10 0
-170 -34 3 0
-172 -37 2 0
-172 -37 3 0
-172 -37 1 0
-158 -10 3 0
-170 -49 -2 1
-170 -50 -2 1
-171 -49 -2 1
-171 -50 -2 1
-152 -16 4 0
-176 -16 0 2
-171 -17 5 1
-167 -19 1 1
-200 -50 9 1
-163 -43 -3 1
-164 -42 -3 1
-185 -21 3 0
-185 -21 2 0
-187 -23 0 1
-188 -23 0 1
-153 -21 5 0
-181 -14 6 0
-198 -39 5 6
-197 -40 6 1
-198 -40 8 1
-185 -10 7 0
-186 -10 6 0
-186 -11 7 0
-197 -40 8 1
-197 -39 8 1
-197 -38 8 1
-198 -39 4 6
-198 -40 3 1
-191 -9 1 1
-186 -21 0 1
-170 -48 5 0
-158 -48 3 0
-157 -47 3 1
-161 -32 0 1
-162 -29 3 3
-162 -29 2 11
-162 -29 1 1
-200 -25 -1 1
-191 -45 9 1
-187 -35 0 4
-197 -21 7 1
-197 -20 7 1
-159 -49 1 0
-187 -16 4 1
-177 -15 0 1
-173 -11 4 0
-166 -7 4 1
-165 -7 4 1
-190 -49 0 1
-190 -49 -1 1
-188 -50 2 0
-190 -48 2 19
-200 -50 3 0
-199 -50 3 0
-191 -48 2 1
-191 -48 1 1
-191 -48 0 1
-191 -49 2 2
-191 -49 1 3
-191 -49 0 1
-190 -49 1 13
-186 -48 1 1
-186 -48 0 4
-186 -48 -1 1
-187 -48 1 1
-187 -48 0 5
-187 -48 -1 1
-188 -48 1 1
-188 -48 0 1
-188 -48 -1 1
-187 -50 2 1
-184 -49 1 3
-185 -49 1 5
-186 -50 2 1
-153 -6 9 0
-162 -43 0 2
-198 -33 14 1
-197 -31 11 1
-197 -32 13 1
-197 -32 12 1
-197 -32 11 1
-157 -47 -1 1
-157 -46 -1 1
-200 -32 12 0
-199 -29 13 0
-199 -21 3 0
-159 -41 5 0
-159 -42 5 0
-158 -41 6 0
-165 -9 -1 1
-200 -39 2 0
-199 -39 1 0
-153 -9 8 0
-200 -37 2 0
-199 -38 2 0
-197 -39 2 1
-181 -44 4 0
-198 -35 11 0
-198 -35 13 0
-198 -35 12 0
-152 -24 0 1
-200 -34 10 0
-154 -22 1 3
-163 -35 0 4
-160 -28 2 5
-151 -49 0 1
-173 -39 3 0
-174 -41 3 0
-173 -42 4 0
-162 -28 1 1
-162 -27 1 1
-189 -11 6 0
-176 -39 3 0
-189 -11 5 0
-176 -39 4 0
-174 -39 3 0
-173 -39 4 0
-174 -42 3 0
-175 -43 3 0
-177 -41 3 0
-176 -40 3 0
-175 -39 3 0
-175 -39 5 0
-174 -40 3 0
-173 -41 3 0
-173 -41 5 0
-192 -8 4 1
-159 -4 3 0
-185 -22 -1 1
-185 -23 -1 1
-175 -39 4 0
-175 -40 4 0
-174 -40 4 0
-174 -41 5 0
-173 -41 4 0
-174 -43 4 0
-174 -43 5 0
-177 -40 5 0
-176 -40 4 0
-174 -41 4 0
-174 -40 5 0
-176 -42 3 0
-176 -42 7 0
-176 -44 4 0
-176 -41 6 0
-176 -40 5 0
-176 -41 5 0
-175 -41 4 0
-175 -41 6 0
-175 -41 5 0
-174 -42 4 0
-196 -27 7 1
-196 -26 7 1
-197 -26 3 1
-198 -26 4 0
-200 -26 5 0
-200 -26 6 0
-174 -42 6 0
-198 -29 4 0
-200 -27 7 0
-174 -42 5 0
-167 -35 8 0
-167 -35 9 0
-166 -36 8 0
-166 -36 9 0
-165 -37 8 0
-165 -37 9 0
-163 -36 8 0
-164 -36 9 0
-198 -16 4 0
-165 -35 6 0
-177 -43 3 0
-177 -22 3 0
-187 -22 3 0
-188 -23 4 1
-189 -23 3 1
-166 -42 5 0
-183 -20 2 2
-183 -20 1 2
-155 -43 5 0
-171 -32 0 1
-153 -24 6 0
-154 -21 2 1
-152 -2 9 0
-152 -2 13 0
-153 -3 12 0
-199 -2 2 0
-200 -28 13 0
-167 -45 2 0
-166 -46 3 0
-166 -46 4 0
-164 -23 8 1
-164 -23 9 1
-164 -23 10 3
-159 -36 2 1
-183 -13 3 2
-182 -15 7 0
-200 -5 2 0
-200 -5 3 0
-193 -47 8 4
-194 -47 8 4
-158 -47 1 0
-200 -50 1 0
-161 -10 -1 1
-161 -11 -1 1
-199 -28 -1 1
-193 -48 8 0
-193 -48 7 0
-197 -20 8 1
-198 -19 8 1
-199 -18 8 1
-196 -21 3 1
-179 -19 7 0
-197 -21 3 1
-165 -41 -3 1
-164 -43 -3 1
-177 -21 6 0
-174 -1 49 0
-173 -3 48 0
-173 -2 49 0
-172 -3 49 0
-171 -3 48 0
-171 -2 49 0
-172 -1 50 0
-170 -2 47 0
-170 -2 48 0
-169 -1 47 0
-169 -1 48 0
-171 -1 49 0
-152 -50 6 0
-152 -50 7 0
-162 -21 26 1
-164 -22 26 4
-163 -22 26 4
-165 -22 26 1
-165 -21 26 1
-165 -23 26 1
-164 -23 25 0
-163 -24 25 0
-164 -25 25 0
-163 -25 25 0
-162 -24 25 0
-161 -25 25 0
-163 -23 26 0
-163 -23 27 0
-199 -24 1 1
-171 -48 6 0
-171 -49 6 1
-171 -50 6 1
-162 -11 1 18
-163 -11 4 1
-154 -5 12 0
-162 -32 1 4
-162 -30 0 1
-182 -19 2 1
-182 -19 1 1
-182 -20 3 1
-182 -20 2 1
-162 -31 2 1
-162 -31 1 1
-182 -21 2 1
-187 -23 3 0
-173 -34 2 0
-172 -35 2 0
-193 -6 3 1
-164 -48 6 0
-179 -14 6 0
-169 -35 2 0
-164 -42 -1 1
-197 -27 11 1
-197 -28 10 1
-166 -24 7 1
-166 -22 11 1
-168 -26 5 0
-188 -12 7 0
-160 -2 4 0
-161 -1 3 0
-186 -19 1 0
-187 -20 0 1
-195 -7 4 2
-196 -7 3 1
-158 -9 5 0
-192 -11 7 0
-192 -11 6 0
-191 -12 6 0
-192 -11 5 0
-191 -12 5 0
-192 -13 4 0
-192 -13 6 0
-192 -13 5 0
-194 -11 6 0
-153 -12 9 0
-152 -12 10 0
-187 -15 1 0
-162 -45 5 0
-163 -45 5 0
-185 -13 0 1
-161 -45 6 0
-182 -15 0 1
-182 -16 0 1
-182 -17 0 1
-183 -15 0 1
-183 -16 0 1
-182 -15 2 1
-182 -15 1 1
-182 -16 2 1
-182 -17 3 1
-182 -17 2 1
-194 -15 6 1
-199 -45 12 0
-163 -37 3 1
-154 -13 4 0
-152 -4 11 0
-154 -5 10 0
-153 -27 2 1
-151 -1 11 0
-156 -27 0 1
-156 -27 1 8
-193 -15 3 1
-162 -43 5 0
-162 -47 4 0
-162 -45 6 0
-188 -6 0 1
-188 -5 0 1
-198 -17 7 1
-155 -30 3 1
-161 -37 1 1
-162 -39 -3 1
-164 -41 -3 1
-170 -34 1 1
-171 -35 1 0
-187 -17 1 1
-187 -17 4 1
-183 -11 4 4
-185 -11 5 1
-183 -16 2 2
-183 -16 1 2
-184 -16 1 1
-183 -16 4 1
-188 -5 2 4
-187 -7 -1 1
-189 -13 2 1
-198 -44 8 1
-159 -42 0 1
-197 -21 6 1
-199 -17 8 1
-198 -18 8 1
-198 -17 8 1
-152 -50 3 4
-159 -38 8 0
-178 -8 4 1
-178 -9 4 1
-187 -12 0 1
-184 -49 5 0
-184 -49 6 0
-184 -49 0 1
-165 -26 4 1
-186 -45 9 1
-168 -32 4 0
-152 -17 5 0
-185 -11 7 0
-185 -11 6 0
-182 -11 7 0
-182 -11 6 0
-183 -13 8 0
-184 -15 7 0
-185 -13 7 0
-184 -13 7 0
-184 -12 7 0
-183 -11 7 0
-183 -11 6 0
-179 -20 6 0
-169 -17 3 3
-164 -5 4 1
-181 -46 7 0
-200 -33 7 0
-183 -33 0 1
-162 -41 -3 1
-184 -33 0 1
-156 -30 2 2
-200 -42 5 0
-200 -42 6 0
-168 -25 5 0
-194 -11 3 0
-152 -42 8 1
-152 -42 7 1
-152 -41 6 1
-164 -29 5 0
-180 -13 6 0
-183 -16 6 0
-181 -13 7 0
-181 -15 8 0
-182 -14 7 0
-181 -14 7 0
-181 -13 6 0
-188 -45 0 1
-155 -34 0 1
-180 -14 2 2
-175 -28 7 0
-176 -27 8 0
-176 -26 8 0
-187 -11 2 0
-176 -26 7 0
-177 -27 8 0
-177 -26 8 0
-177 -26 9 0
-177 -26 7 0
-163 -8 -1 1
-168 -31 2 2
-161 -27 5 1
-161 -27 6 0
-169 -17 6 1
-176 -27 3 0
-176 -27 2 0
-174 -28 3 0
-175 -28 3 0
-174 -28 2 0
-155 -30 4 1
-152 -31 7 0
-156 -31 5 1
-152 -29 4 0
-152 -29 5 0
-175 -28 2 0
-176 -30 0 0
-177 -29 2 0
-176 -28 3 0
-175 -31 0 0
-189 -46 1 12
-164 -27 9 0
-165 -26 7 0
-165 -26 6 0
-164 -26 7 0
-165 -25 7 0
-166 -25 8 0
-186 -48 2 0
-184 -48 2 1
-167 -25 9 0
-167 -25 7 0
-168 -26 8 0
-183 -50 7 1
-185 -49 7 0
-187 -49 8 1
-187 -35 3 0
-157 -49 -1 1
-153 -50 0 1
-173 -34 5 0
-173 -34 7 0
-173 -34 6 0
-173 -33 6 0
-175 -33 5 0
-175 -33 7 0
-175 -33 6 0
-175 -32 5 0
-175 -32 7 0
-175 -32 6 0
-187 -32 -1 1
-153 -49 0 2
-198 -41 13 2
-198 -42 14 1
-198 -41 14 1
-197 -42 14 1
-197 -41 14 1
-176 -43 4 0
-178 -41 4 0
-197 -16 2 2
-154 -13 0 1
-196 -9 -1 1
-158 -46 6 0
-185 -9 3 0
-185 -9 2 1
-184 -8 1 0
-183 -8 3 7
-184 -7 4 1
-152 -43 1 1
-169 -16 0 1
-175 -10 2 0
-175 -10 1 0
-177 -33 6 0
-177 -33 5 0
-200 -20 3 0
-200 -20 1 0
-199 -19 2 0
-199 -19 3 0
-168 -40 5 0
-183 -9 1 0
-184 -10 2 0
-184 -10 3 1
-184 -10 1 0
-183 -11 2 0
-183 -11 3 1
-151 -35 3 1
-151 -35 4 6
-151 -35 5 4
-190 -15 5 1
-199 -25 5 0
-162 -13 -1 1
-160 -12 3 1
-160 -12 2 2
-163 -11 -1 1
-164 -12 -1 1
-167 -24 4 0
-191 -9 -1 1
-175 -18 3 1
-157 -22 7 0
-175 -40 1 0
-175 -40 2 0
-158 -43 6 0
-153 -32 5 1
-152 -32 5 0
-177 -12 -1 1
-154 -19 3 0
-155 -20 3 0
-154 -20 4 0
-154 -20 3 0
-154 -18 6 0
-155 -24 4 0
-200 -49 6 0
-158 -33 4 0
-160 -32 4 0
-197 -19 5 4
-197 -19 4 5
-172 -7 2 1
-172 -7 1 1
-172 -8 0 1
-170 -9 1 1
-171 -7 3 1
-171 -7 2 5
-154 -9 9 0
-151 -6 11 0
-157 -38 6 0
-157 -38 5 0
-161 -38 6 0
-161 -38 5 0
-160 -39 6 0
-161 -40 6 0
-166 -30 1 1
-166 -29 4 0
-166 -29 3 1
-169 -29 4 0
-169 -29 3 1
-178 -19 -1 1
-177 -18 0 4
-177 -20 2 1
-178 -19 2 1
-179 -18 2 1
-178 -17 2 0
-199 -33 13 0
-199 -33 12 0
-200 -34 11 0
-200 -34 13 0
-200 -34 12 0
-200 -33 12 0
-160 -29 2 2
-153 -13 4 0
-178 -26 8 0
-178 -26 9 0
-178 -26 7 0
-155 -26 7 0
-156 -28 7 0
-176 -29 9 0
-177 -28 9 0
-177 -28 10 0
-177 -28 6 0
-177 -28 8 0
-174 -45 6 0
-167 -27 7 0
-160 -43 6 0
-195 -35 5 0
-193 -33 5 1
-190 -33 5 1
-174 -31 5 0
-176 -31 6 0
-153 -22 2 1
-153 -23 1 6
-183 -50 1 12
-152 -47 2 1
-184 -36 5 0
-154 -24 4 0
-153 -25 3 0
-169 -24 7 0
-168 -24 7 0
-169 -24 6 0
-168 -24 6 0
-169 -23 7 0
-163 -45 2 0
-163 -45 3 0
-160 -14 4 1
-160 -13 4 1
-161 -13 4 1
-155 -14 2 0
-186 -9 -1 1
-171 -30 6 0
-170 -29 6 0
-154 -49 4 1
-161 -19 9 1
-152 -29 3 1
-182 -50 2 1000
-163 -23 9 1
-163 -23 10 1
-183 -15 5 1
-182 -50 0 1
-181 -50 2 15
-179 -49 0 2
-179 -50 0 4
-180 -49 0 1
-186 -24 0 1
-172 -10 3 0
-164 -50 8 1
-166 -50 6 1
-167 -49 7 0
-193 -14 3 2
-193 -13 3 1
-186 -24 4 0
-161 -32 2 1
-160 -11 2 1
-175 -1 4 1
-160 -11 4 1
-160 -10 4 1
-160 -2 5 0
-159 -2 4 0
-155 -2 3 0
-157 -24 4 0
-177 -42 -1 1
-176 -43 -1 0
-162 -33 2 1
-170 -35 2 0
-171 -36 1 0
-189 -36 3 0
-189 -36 1 0
-188 -37 1 0
-157 -45 4 1
-186 -37 1 0
-186 -49 2 0
-185 -48 0 4
-185 -48 1 1
-184 -48 1 1
-192 -33 7 1
-174 -13 4 0
-181 -47 5 0
-181 -47 4 0
-183 -48 3 0
-183 -48 5 0
-183 -48 4 0
-184 -47 3 0
-153 -27 1 1
-158 -34 3 0
-186 -50 0 1
-184 -49 2 1
-185 -47 0 2
-178 -43 -2 1
-178 -44 -2 1
-178 -45 -2 1
-177 -44 -1 2
-175 -44 -1 1
-179 -44 0 0
-188 -46 1 1
-169 -34 1 7
-169 -34 3 0
-169 -34 2 0
-171 -34 1 0
-172 -34 1 0
-161 -1 6 1
-161 -1 5 0
-182 -13 4 5
-154 -13 9 0
-154 -14 10 0
-154 -15 9 0
-154 -15 10 0
-154 -16 9 0
-154 -16 10 0
-152 -16 9 0
-152 -17 9 0
-152 -16 10 0
-151 -23 3 0
-200 -46 13 0
-200 -46 11 1
-199 -46 13 0
-198 -46 11 0
-200 -45 14 0
-200 -45 10 3
-200 -45 9 2
-171 -40 6 0
-199 -45 9 1
-199 -44 9 1
-200 -47 13 0
-153 -1 2 2
-153 -1 6 0
-153 -1 5 0
-152 -48 -1 1
-158 -4 -1 1
-157 -3 6 0
-155 -4 3 0
-195 -33 7 1
-195 -34 4 1
-195 -34 5 0
-194 -35 5 0
-194 -35 6 0
-191 -46 3 1000
-160 -36 7 0
-160 -35 7 0
-185 -41 4 0
-183 -41 6 0
-183 -41 2 0
-184 -42 5 0
-184 -42 3 0
-198 -25 7 1
-198 -28 4 0
-198 -27 5 1
-153 -26 7 0
-155 -27 7 0
-162 -3 1 1
-188 -46 6 140
-188 -45 6 4
-187 -45 6 1
-188 -48 8 0
-188 -48 7 0
-187 -50 8 0
-187 -49 7 0
-186 -50 7 0
-186 -48 6 0
-159 -31 4 1
-159 -31 3 5
-177 -38 5 0
-177 -38 6 0
-177 -38 4 0
-174 -3 2 3
-176 -37 5 0
-176 -37 6 0
-157 -3 5 0
-163 -25 4 2
-166 -26 4 0
-164 -27 1 1
-186 -42 1 0
-186 -42 3 0
-186 -42 2 0
-175 -49 5 0
-175 -49 6 0
-188 -8 3 3
-189 -7 4 1
-164 -36 3 1
-177 -33 7 0
-179 -34 6 0
-179 -34 4 0
-179 -34 8 0
-179 -34 7 0
-180 -34 6 0
-181 -33 5 0
-181 -33 6 0
-179 -32 5 0
-179 -32 6 0
-178 -33 5 0
-179 -33 5 0
-178 -33 6 0
-179 -33 6 0
-180 -36 2 0
-181 -36 5 0
-181 -35 5 0
-181 -35 4 0
-180 -34 5 0
-180 -34 4 0
-180 -37 1 0
-181 -36 3 0
-157 -30 48 1
-153 -30 50 0
-153 -30 51 0
-154 -29 52 0
-154 -29 49 0
-154 -29 48 0
-155 -27 51 0
-156 -27 50 0
-156 -28 51 0
-157 -29 50 0
-157 -29 51 0
-158 -32 49 1
-158 -32 50 1
-158 -32 51 1
-158 -31 49 1
-158 -31 50 1
-158 -31 51 1
-158 -32 52 1
-158 -31 52 1
-158 -30 52 1
-158 -32 48 1
-158 -31 48 1
-158 -30 48 1
-152 -30 52 1
-152 -30 48 1
-155 -29 52 0
-155 -29 49 0
-155 -29 48 0
-156 -28 50 0
-157 -27 50 0
-157 -28 51 0
-153 -30 52 1
-153 -30 48 1
-156 -27 51 0
-157 -28 50 0
-158 -28 50 0
-158 -29 50 0
-158 -29 51 0
-157 -30 50 0
-158 -30 50 0
-157 -30 51 0
-156 -29 52 0
-156 -29 49 0
-156 -29 48 0
-157 -27 51 0
-158 -28 51 0
-160 -16 1 1
-159 -15 2 1
-158 -16 5 1
-159 -15 5 1
-185 -50 2 1
-159 -8 -1 1
-155 -38 2 0
-155 -38 3 0
-153 -38 3 0
-167 -19 3 1
-179 -38 5 0
-180 -39 5 0
-167 -20 5 1
-156 -49 6 1
-155 -49 -1 1
-172 -21 0 1
-164 -41 -1 1
-165 -32 3 1
-166 -32 4 0
-193 -6 6 1
-193 -8 6 0
-192 -9 7 0
-159 -28 50 0
-159 -28 51 0
-160 -29 50 0
-160 -29 51 0
-159 -31 50 0
-159 -31 51 0
-158 -33 50 1
-159 -34 49 1
-195 -11 6 0
-159 -34 50 1
-159 -34 51 1
-159 -33 49 5
-159 -33 50 5
-159 -33 51 1
-158 -34 49 1
-158 -34 50 1
-158 -34 51 1
-157 -34 49 1
-157 -34 50 1
-157 -34 51 1
-158 -33 49 1
-159 -34 48 1
-159 -33 48 1
-158 -34 48 1
-158 -33 48 1
-157 -34 48 1
-157 -33 48 1
-156 -30 49 1
-158 -29 52 0
-158 -29 49 0
-158 -29 48 0
-170 -24 0 0
-170 -25 0 0
-170 -26 0 0
-168 -27 1 1
-168 -27 2 1
-160 -28 50 0
-160 -28 51 0
-160 -30 50 0
-161 -30 50 0
-159 -30 51 0
-160 -30 51 0
-159 -30 50 0
-160 -31 50 0
-160 -31 51 0
-160 -34 49 1
-160 -34 50 1
-160 -34 51 1
-160 -33 49 5
-160 -33 50 5
-160 -33 51 2
-160 -34 48 1
-160 -33 48 1
-159 -30 52 0
-159 -30 49 0
-159 -30 48 0
-187 -14 3 1000
-185 -16 3 0
-192 -36 8 1
-192 -37 8 1
-161 -28 50 0
-161 -29 51 0
-161 -30 51 0
-161 -31 50 0
-161 -31 51 0
-159 -32 51 0
-157 -33 49 1
-157 -33 50 1
-157 -33 51 1
-156 -33 49 1
-156 -33 50 1
-156 -33 51 1
-158 -33 52 1
-157 -33 52 1
-156 -33 52 1
-156 -33 48 1
-156 -34 5 1
-198 -13 2 1
-198 -13 1 1
-195 -47 8 1
-187 -7 1 1
-167 -48 7 0
-167 -48 6 0
-165 -50 6 0
-172 -22 6 0
-168 -25 -2 1
-169 -26 -3 1
-168 -26 -3 1
-167 -26 -3 1
-167 -25 -3 1
-167 -24 -3 1
-157 -47 4 1
-160 -6 5 0
-165 -26 0 3
-165 -27 -1 1
-165 -26 -1 1
-164 -27 -1 1
-168 -19 9 1
-159 -4 -1 1
-200 -32 -2 1
-159 -19 6 1
-159 -19 5 1
-185 -14 7 0
-187 -39 4 1
-187 -41 4 1
-187 -37 3 0
-187 -38 3 0
-187 -37 2 0
-186 -38 3 0
-198 -50 7 0
-200 -50 7 0
-156 -50 3 2
-200 -47 7 0
-151 -49 4 1
-199 -48 7 0
-197 -47 10 1
-197 -47 7 0
-199 -46 10 1
-198 -49 7 0
-199 -49 7 0
-198 -49 8 0
-195 -13 4 1
-189 -45 3 1
-200 -50 10 0
-188 -45 4 18
-162 -37 3 1
-189 -48 3 212
-152 -41 7 1
-172 -6 3 1
-190 -47 3 1000
-189 -49 4 5
-189 -48 4 214
-189 -47 3 1
-189 -47 4 1000
-187 -48 3 0
-194 -49 6 1
-194 -49 10 1
-194 -49 9 1
-193 -50 7 9
-176 -37 4 0
-162 -40 -3 1
-163 -40 -3 1
-163 -41 -3 1
-184 -37 4 0
-195 -50 13 1
-195 -49 13 1
-195 -48 13 1
-194 -50 13 1
-194 -49 13 1
-194 -48 13 1
-193 -50 13 1
-180 -17 8 0
-180 -15 7 0
-178 -15 6 0
-159 -4 5 0
-170 -34 8 0
-179 -15 7 0
-168 -35 9 0
-179 -15 6 0
-181 -18 7 0
-180 -16 7 0
-177 -16 7 0
-179 -18 8 0
-179 -16 7 0
-165 -6 0 1
-186 -45 -1 1
-161 -35 5 0
-162 -5 4 6
-164 -2 3 1
-164 -3 3 1
-155 -2 5 0
-155 -2 4 0
-156 -1 4 0
-197 -46 0 1
-158 -2 5 0
-158 -2 3 0
-157 -2 5 0
-160 -27 2 1
-160 -28 3 4
-173 -9 4 1
-152 -43 6 0
-152 -44 6 0
-154 -41 6 0
-189 -8 4 1
-189 -8 3 5
-155 -42 5 0
-156 -42 5 0
-199 -38 12 0
-156 -42 6 0
-200 -40 8 1
-157 -32 0 4
-164 -37 0 4
-170 -6 3 1
-167 -8 1 1
-154 -33 5 1
-154 -32 3 1
-174 -25 6 0
-174 -25 5 0
-174 -24 5 0
-175 -25 4 0
-158 -31 1 12
-158 -31 0 1
-157 -23 2 0
-158 -22 2 0
-158 -24 2 0
-158 -25 2 1
-152 -37 6 1
-170 -36 9 0
-177 -19 6 0
-175 -19 6 0
-175 -19 5 0
-191 -33 7 2
-191 -34 7 1
-160 -7 1 1
-159 -7 1 0
-192 -34 7 2
-198 -6 1 1
-154 -21 -1 1
-164 -38 2 0
-165 -37 0 1
-160 -34 0 1
-162 -43 3 0
-156 -29 4 1
-162 -31 3 1
-162 -32 2 1
-163 -33 0 1
-179 -37 6 0
-167 -8 47 0
-167 -8 46 0
-170 -8 47 0
-170 -8 46 0
-167 -9 45 3
-167 -8 44 1
-166 -10 44 1
-166 -10 45 1
-166 -9 44 6
-166 -9 45 2
-166 -8 44 1
-166 -8 45 1
-166 -8 46 1
-167 -8 45 0
-168 -7 46 0
-168 -7 45 0
-170 -8 45 0
-170 -9 46 0
-170 -9 47 0
-170 -9 45 0
-170 -11 45 3
-171 -12 44 1
-171 -12 45 1
-171 -12 46 1
-171 -11 44 3
-171 -11 45 2
-171 -11 46 1
-171 -10 44 1
-170 -12 44 1
-170 -12 45 1
-170 -12 46 1
-170 -11 44 2
-169 -12 45 1
-169 -11 45 1
-168 -12 45 1
-167 -11 45 1
-166 -12 45 1
-166 -11 45 1
-168 -9 45 1000
-168 -8 45 0
-169 -8 45 0
-169 -9 45 0
-169 -10 45 1
-168 -9 43 0
-167 -10 43 1
-167 -9 43 1
-167 -8 43 1
-166 -10 43 1
-166 -9 43 7
-166 -8 43 1
-168 -7 44 0
-170 -8 44 0
-170 -9 44 0
-171 -12 43 1
-171 -11 43 5
-171 -10 43 1
-170 -12 43 1
-170 -11 43 1
-169 -12 43 1
-165 -10 43 1
-165 -10 44 1
-165 -10 45 1
-165 -9 43 1
-165 -9 44 1
-165 -9 45 1
-165 -8 43 1
-165 -8 44 1
-165 -8 45 1
-168 -8 44 0
-169 -8 44 0
-169 -7 44 0
-169 -7 45 0
-171 -9 44 0
-172 -12 43 1
-172 -12 44 1
-172 -12 45 1
-172 -11 43 1
-172 -11 44 1
-172 -11 45 1
-170 -10 45 1
-172 -12 42 1
-172 -11 42 1
-172 -10 42 1
-171 -12 42 1
-171 -11 42 4
-170 -12 42 1
-170 -10 43 1
-170 -10 44 1
-169 -11 43 1
-168 -11 43 1
-169 -10 43 8
-168 -10 43 6
-167 -11 43 1
-167 -10 45 1
-169 -9 43 0
-169 -9 42 0
-158 -43 7 0
-165 -10 46 1
-165 -9 46 1
-165 -8 46 1
-166 -10 42 1
-154 -48 6 0
-170 -17 1 2
-164 -43 2 0
-167 -19 2 1
-198 -31 -1 1
-179 -13 0 1
-162 -29 0 1
-169 -7 0 1
-154 -37 3 0
-154 -37 4 0
-157 -27 6 0
-188 -42 1 2
-189 -42 3 1
-189 -42 2 1
-189 -42 1 1
-160 -25 6 0
-197 -25 3 1
-196 -25 3 1
-198 -25 4 0
-196 -33 2 1
-197 -34 4 0
-197 -34 5 0
-200 -26 4 0
-200 -27 4 0
-176 -49 -3 1
-183 -38 4 0
-182 -37 4 0
-180 -38 3 0
-182 -40 2 0
-182 -41 2 0
-182 -41 6 0
-180 -42 3 0
-184 -41 4 0
-181 -41 2 0
-183 -14 3 1
-183 -13 1 1
-182 -12 3 2
-152 -35 6 1
-151 -35 6 1
-181 -13 4 1
-152 -35 3 2
-152 -35 4 1000
-152 -35 5 0
-153 -35 4 1
-153 -36 5 0
-153 -35 5 1
-182 -10 4 1
-152 -37 3 1
-152 -37 2 0
-151 -34 4 7
-198 -3 1 1
-166 -41 6 0
-198 -3 3 2
-198 -47 9 1
-199 -48 8 0
-172 -25 5 0
-200 -7 0 1
-200 -8 -1 1
-199 -8 -1 1
-171 -26 6 0
-158 -27 1 3
-158 -27 2 1000
-171 -8 3 7
-198 -12 2 1
-198 -12 1 5
-198 -12 0 1
-151 -27 6 119
-151 -27 5 119
-151 -27 4 119
-153 -25 6 0
-153 -25 5 0
-152 -25 6 0
-152 -25 5 0
-172 -27 7 0
-171 -28 6 0
-171 -29 5 0
-172 -29 4 0
-151 -32 7 1
-172 -28 5 0
-174 -28 4 0
-174 -28 6 0
-174 -29 5 0
-174 -26 4 0
-174 -26 6 0
-171 -27 6 0
-173 -26 7 0
-172 -27 6 0
-171 -27 5 0
-172 -27 5 0
-173 -28 4 0
-173 -28 6 0
-173 -28 5 0
-174 -27 4 0
-174 -27 6 0
-173 -27 5 0
-174 -27 5 0
-174 -26 5 0
-172 -25 6 0
-180 -9 -1 1
-185 -46 8 1
-185 -46 7 0
-183 -48 8 0
-151 -33 7 1
-151 -34 7 1
-188 -18 4 1
-152 -25 2 1
-173 -13 2 0
-175 -16 4 0
-175 -15 3 0
-162 -10 0 1
-177 -49 7 0
-178 -49 7 0
-178 -49 8 0
-179 -50 6 0
-192 -6 4 1
-179 -48 9 0
-193 -6 1 1
-192 -6 1 1
-170 -27 0 1
-168 -29 0 1
-169 -30 0 3
-168 -30 0 3
-167 -30 0 0
-166 -29 0 0
-166 -29 1 1
-167 -28 -2 1
-168 -29 -3 1
-167 -29 -3 1
-166 -29 -3 1
-196 -22 5 1
-196 -22 4 1
-164 -27 11 0
-163 -28 11 0
-197 -49 6 0
-197 -49 10 0
-197 -49 9 0
-197 -44 -1 1
-156 -27 5 0
-188 -12 3 0
-190 -12 2 0
-189 -11 2 0
-190 -11 3 0
-165 -29 0 0
-165 -29 1 0
-167 -31 0 0
-165 -30 0 0
-165 -30 1 0
-174 -19 7 0
-174 -20 7 0
-174 -19 6 0
-174 -20 6 0
-173 -19 7 0
-174 -46 6 0
-174 -46 7 0
-151 -41 5 1
-151 -43 7 0
-173 -46 7 0
-151 -43 6 0
-166 -39 1 1
-165 -35 -1 1
-188 -22 1 2
-189 -37 3 0
-190 -36 3 1
-190 -36 2 2
-190 -36 1 1
-187 -40 -1 1
-188 -39 -1 1
-189 -9 3 0
-189 -9 4 0
-190 -7 4 3
-164 -36 -1 1
-190 -37 1 2
-163 -9 3 1
-163 -9 4 1
-162 -9 2 9
-162 -9 3 6
-171 -49 5 1
-190 -8 4 1
-168 -32 6 0
-168 -32 7 0
-168 -31 6 0
-168 -31 7 0
-167 -32 6 0
-167 -32 7 0
-167 -31 7 0
-166 -34 5 0
-166 -33 5 0
-177 -14 3 15
-186 -3 -1 1
-185 -3 -1 1
-175 -40 0 0
-174 -42 0 0
-176 -41 1 0
-176 -41 -1 0
-155 -18 7 0
-161 -40 7 0
-162 -40 7 0
-162 -41 7 0
-160 -40 8 0
-169 -31 8 0
-189 -10 -1 1
-170 -30 8 0
-170 -30 9 0
-170 -30 6 0
-185 -10 4 0
-182 -46 6 0
-182 -46 7 0
-182 -48 6 0
-182 -48 7 0
-180 -46 8 0
-180 -46 4 0
-189 -26 1 1
-189 -26 2 1
-189 -26 3 1
-189 -25 1 1
-189 -25 2 1
-189 -25 3 1
-188 -25 1 1
-188 -25 2 1
-188 -25 3 1
-188 -26 3 6
-189 -26 4 1
-181 -44 6 0
-183 -46 7 0
-153 -33 0 1
-169 -15 3 1
-169 -15 2 7
-169 -15 1 7
-172 -15 1 6
-189 -20 1 1
-174 -15 1 1
-172 -13 1 0
-172 -14 3 1
-172 -15 2 1
-193 -49 7 1
-193 -49 6 1
-199 -28 6 0
-198 -48 1 1
-163 -39 1 1
-197 -33 4 1000
-183 -2 3 1
-185 -4 3 0
-185 -2 0 1
-184 -3 0 1
-184 -2 0 1
-166 -24 10 0
-153 -25 0 1
-167 -25 10 0
-199 -27 0 1
-186 -3 2 0
-165 -6 1 1
-164 -6 2 3
-154 -9 10 0
-165 -25 11 0
-184 -13 5 1
-154 -6 10 0
-198 -4 2 2
-197 -27 0 1
-154 -39 1 1
-153 -41 1 1
-153 -39 1 1
-167 -17 0 1
-197 -43 -1 1
-191 -50 7 19
-191 -50 10 1
-194 -12 2 0
-193 -7 5 3
-194 -6 5 1
-170 -22 4 0
-193 -50 9 1
-168 -47 2 0
-166 -48 4 0
-188 -22 5 1
-188 -23 5 1
-189 -21 5 1
-189 -22 5 1
-189 -44 2 1
-189 -23 5 1
-187 -17 0 1
-182 -19 0 1
-182 -20 0 1
-182 -21 0 1
-182 -19 3 1
-191 -45 10 1
-191 -46 10 1
-192 -45 10 1
-192 -46 10 1
-182 -20 1 1
-182 -21 3 1
-192 -45 8 1
-182 -21 1 1
-192 -46 9 9
-192 -46 8 25
-192 -46 7 22
-185 -47 9 1
-162 -32 0 1
-153 -39 5 0
-183 -44 5 0
-158 -47 0 1
-197 -27 3 1
-199 -27 5 0
-199 -27 4 0
-196 -26 5 1
-174 -21 6 0
-160 -37 7 0
-162 -37 5 0
-164 -37 1 1
-162 -45 1 0
-200 -39 8 1
-190 -46 6 11
-152 -3 11 0
-158 -6 1 2
-195 -14 4 2
-195 -15 6 1
-195 -15 5 1
-195 -15 4 1
-166 -26 5 0
-197 -10 6 0
-163 -28 5 1
-164 -27 3 8
-164 -28 3 1
-186 -45 8 1
-165 -27 5 0
-164 -27 4 7
-165 -27 4 0
-176 -16 3 0
-164 -38 3 0
-164 -38 4 0
-163 -36 5 0
-177 -48 8 0
-181 -49 6 0
-168 -32 0 1
-168 -33 0 1
-169 -31 0 1
-169 -32 0 1
-170 -7 4 1
-185 -17 -1 1
-156 -32 5 1
-155 -31 5 1
-155 -32 5 1
-155 -32 4 121
-184 -14 3 10
-184 -14 4 1
-184 -14 5 1
-171 -33 0 1
-183 -15 3 1
-183 -15 4 3
-170 -34 2 1
-166 -35 3 0
-171 -35 3 0
-171 -35 2 0
-166 -35 1 1
-166 -34 1 1
-170 -30 2 1
-170 -31 1 1
-170 -31 0 1
-172 -30 1 1
-172 -31 0 1
-170 -32 1 2
-169 -33 1 2
-170 -33 1 1
-193 -9 5 0
-193 -9 6 0
-195 -8 5 0
-194 -14 5 4
-162 -28 9 0
-162 -28 10 0
-162 -29 9 0
-161 -29 10 0
-160 -29 9 0
-160 -30 9 0
-160 -29 10 0
-160 -30 10 0
-160 -28 11 0
-160 -28 8 0
-160 -28 7 0
-159 -29 8 0
-161 -27 8 0
-162 -27 9 0
-162 -27 10 0
-162 -27 8 0
-163 -29 8 0
-162 -30 9 0
-162 -30 10 0
-162 -30 8 0
-161 -30 9 0
-161 -31 9 0
-161 -30 10 0
-161 -30 8 0
-159 -30 9 0
-159 -30 8 0
-161 -29 11 0
-161 -29 8 0
-161 -29 7 0
-160 -29 8 0
-161 -28 8 0
-162 -29 8 0
-163 -28 8 0
-163 -31 8 0
-161 -31 10 0
-161 -31 8 0
-160 -31 9 0
-160 -31 8 0
-160 -30 8 0
-162 -28 8 0
-164 -28 8 0
-164 -29 8 0
-163 -30 8 0
-164 -30 8 0
-164 -31 8 0
-162 -31 8 0
-162 -32 8 0
-161 -3 5 1
-165 -29 6 0
-165 -29 7 0
-176 -46 3 0
-178 -47 2 0
-183 -44 7 0
-184 -44 2 0
-186 -42 4 0
-186 -42 5 0
-172 -36 6 0
-172 -35 6 0
-164 -28 7 0
-166 -30 6 0
-165 -29 5 0
-167 -27 9 0
-180 -40 5 0
-180 -41 5 0
-180 -41 4 0
-164 -39 2 0
-155 -34 3 1
-155 -34 4 1
-187 -12 1 0
-187 -11 3 0
-187 -12 2 0
-186 -11 2 0
-187 -9 3 0
-159 -1 0 1
-153 -46 2 1
-153 -46 3 1
-152 -50 5 1
-179 -17 0 7
-179 -18 1 1
-177 -42 -2 2
-178 -42 -2 1
-178 -43 -1 1000
-178 -46 -2 1
-179 -46 -2 1
-180 -45 -2 1
-180 -46 -2 1
-180 -44 -2 1
-181 -42 0 1
-181 -42 -1 1
-181 -42 -2 1
-181 -43 0 1
-181 -43 -1 1
-181 -43 -2 1
-181 -44 0 1
-181 -44 -1 1
-181 -44 -2 1
-180 -43 -1 2
-180 -43 1 0
-180 -43 0 1
-178 -41 -2 1
-179 -41 0 1
-179 -41 -1 3
-179 -41 -2 1
-179 -42 -2 1
-180 -41 0 1
-180 -41 -1 1
-180 -41 -2 1
-180 -42 0 1
-180 -42 -1 1
-180 -42 -2 1
-180 -43 -2 1
-179 -42 -1 4
-178 -42 -1 0
-178 -41 0 0
-200 -15 3 0
-200 -15 1 0
-199 -14 2 0
-198 -15 1 0
-200 -13 4 0
-193 -8 4 1
-189 -14 6 2
-190 -14 7 1
-190 -14 6 1
-151 -4 2 1
-151 -42 1 1
-151 -43 1 1
-186 -23 3 0
-158 -1 -1 1
-156 -1 -1 1
-158 -5 5 0
-163 -20 7 1
-164 -22 9 6
-165 -22 8 1
-193 -7 3 1
-185 -32 2 0
-187 -32 3 1
-187 -9 2 1
-158 -30 4 1
-170 -30 3 0
-153 -30 4 0
-153 -30 5 0
-151 -28 6 12
-162 -9 4 1
-165 -32 10 0
-166 -32 9 0
-166 -32 11 0
-166 -32 10 0
-167 -31 9 0
-167 -31 11 0
-167 -31 10 0
-166 -29 11 0
-164 -29 11 0
-163 -31 9 0
-163 -31 11 0
-163 -31 10 0
-165 -29 8 0
-165 -29 12 0
-165 -29 11 0
-154 -10 3 0
-171 -48 4 0
-177 -36 7 0
-156 -18 4 0
-156 -18 5 0
-155 -18 3 0
-176 -1 1 0
-175 -1 3 0
-157 -12 5 0
-157 -12 3 0
-199 -45 10 1
-189 -7 3 1
-188 -10 3 0
-188 -9 3 0
-188 -10 2 0
-188 -9 2 0
-154 -34 11 0
-153 -33 11 0
-153 -34 12 0
-155 -34 11 0
-156 -34 12 0
-155 -35 11 0
-155 -35 12 0
-156 -36 11 0
-156 -36 12 0
-154 -36 11 0
-154 -37 11 0
-154 -36 12 0
-154 -37 12 0
-153 -36 11 0
-153 -36 12 0
-154 -35 10 0
-154 -35 9 0
-157 -36 2 0
-156 -36 0 0
-158 -37 -2 1
-159 -36 -3 1
-158 -20 8 1
-192 -6 5 1
-179 -43 4 0
-183 -43 4 0
-183 -43 5 0
-152 -39 1 1
-152 -17 4 0
-154 -17 3 0
-151 -44 1 1
-157 -46 5 0
-184 -1 2 4
-165 -32 9 0
-165 -33 9 0
-164 -32 10 0
-164 -32 11 0
-187 -8 -1 1
-186 -8 -1 1
-153 -49 1 1
-156 -21 2 0
-159 -7 -1 1
-154 -5 11 0
-197 -45 14 1
-198 -44 -1 1
-199 -40 10 1
-200 -46 12 0
-200 -45 13 0
-199 -44 12 0
-189 -13 5 1
-160 -20 9 1
-160 -20 10 1
-197 -8 1 1
-173 -27 8 0
-174 -27 8 0
-175 -30 8 0
-174 -30 8 0
-174 -29 9 0
-173 -28 8 0
-174 -28 8 0
-175 -29 8 0
-168 -35 1 0
-169 -34 0 1
-168 -34 0 1
-168 -34 1 1
-170 -35 0 0
-171 -36 0 0
-169 -39 0 9
-170 -40 0 1
-199 -34 11 0
-198 -34 11 0
-198 -31 12 1
-198 -30 11 1
-198 -30 12 1
-198 -30 13 1
-199 -32 13 0
-198 -31 11 1
-200 -37 10 1
-197 -40 10 1
-198 -40 10 1
-155 -1 0 1
-187 -36 6 0
-188 -35 6 0
-184 -24 3 1
-184 -24 2 2
-184 -24 1 1
-187 -21 3 0
-169 -20 3 3
-171 -19 4 0
-170 -48 6 0
-170 -49 6 1
-165 -50 7 1
-168 -49 6 0
-168 -49 7 0
-187 -18 1 1
-183 -20 3 1
-184 -21 3 0
-184 -21 2 1
-185 -23 0 1
-184 -23 3 1
-154 -22 3 0
-190 -8 5 0
-190 -8 6 0
-191 -6 6 1
-190 -6 6 1
-189 -7 5 1
-189 -6 5 1
-161 -47 4 0
-161 -47 5 0
-160 -48 4 0
-187 -23 5 1
-154 -8 3 0
-189 -47 2 1
-188 -47 2 1
-188 -44 0 1
-171 -34 8 0
-198 -45 13 0
-186 -33 3 0
-196 -11 -1 1
-172 -17 3 0
-176 -7 2 1000
-176 -8 4 1
-179 -13 3 5
-179 -13 2 6
-179 -13 1 4
-171 -6 1 1
-173 -15 3 0
-173 -15 2 1
-175 -13 3 0
-175 -13 2 0
-178 -12 4 1
-177 -12 3 1
-177 -12 4 1
-178 -16 2 1
-178 -16 3 1
-176 -13 3 1
-176 -14 2 1
-183 -1 4 1
-183 -1 0 1
-179 -44 2 0
-199 -50 7 0
-200 -47 6 0
-198 -49 6 0
-182 -16 3 1
-186 -5 2 0
-200 -4 -1 1
-200 -42 9 1
-200 -30 -1 1
-154 -38 4 0
-156 -37 5 0
-199 -21 1 0
-188 -13 2 1
-188 -13 3 1000
-185 -14 3 1
-198 -17 4 1
-198 -17 5 0
-199 -16 5 0
-193 -49 8 1
-195 -47 9 9
-193 -45 6 1
-193 -46 6 15
-186 -12 5 1
-185 -13 5 1
-185 -12 5 1
-186 -13 0 1
-164 -43 4 0
-182 -9 -1 1
-181 -11 -1 1
-164 -45 3 0
-164 -45 4 0
-199 -31 1 0
-197 -32 -1 1
-197 -32 0 1
-197 -32 1 1
-199 -29 0 1
-198 -29 1 1
-152 -19 0 1
-196 -31 10 1
-151 -50 1 1
-155 -6 4 0
-157 -7 4 0
-158 -6 5 0
-158 -6 4 0
-161 -37 -1 1
-197 -27 12 1
-196 -28 11 1
-196 -28 12 1
-152 -15 3 1
-155 -17 5 0
-155 -17 3 0
-154 -17 5 0
-156 -5 4 0
-172 -11 3 0
-172 -11 1 0
-197 -11 1 1
-152 -17 0 1
-152 -14 9 0
-152 -15 0 1
-152 -16 0 1
-153 -17 0 1
-152 -17 3 0
-159 -1 2 0
-151 -42 3 1
-164 -27 8 0
-164 -27 10 0
-165 -27 10 0
-166 -27 10 0
-153 -24 2 1
-153 -25 2 1
-166 -26 3 0
-161 -6 2 1
-160 -5 4 0
-170 -16 2 2
-170 -16 1 1
-165 -27 6 0
-168 -27 6 0
-168 -26 6 0
-186 -22 -1 1
-156 -46 6 0
-162 -38 -1 1
-200 -33 11 0
-199 -33 11 0
-200 -50 -2 1
-157 -47 6 0
-165 -27 7 0
-167 -26 7 0
-168 -27 8 0
-174 -4 1 1
-174 -4 2 3
-174 -4 3 1
-173 -5 1 1
-173 -5 2 4
-173 -5 3 2
-173 -4 1 1
-173 -4 2 1
-173 -4 3 1
-174 -6 3 1
-168 -29 5 0
-167 -30 5 0
-169 -32 6 0
-169 -30 5 0
-169 -31 5 0
-168 -31 5 0
-199 -20 5 0
-168 -48 5 0
-161 -1 7 1
-175 -36 7 0
-170 -33 8 0
-169 -33 8 0
-187 -15 0 1
-160 -24 8 0
-162 -19 3 1
-162 -20 3 1
-162 -21 3 1
-162 -19 7 1
-162 -19 6 1
-162 -19 5 1
-162 -19 4 1
-157 -18 6 1
-161 -19 3 1
-161 -20 3 1
-161 -21 3 1
-160 -21 3 1
-172 -3 4 1
-159 -21 7 1
-157 -18 7 1
-157 -21 6 0
-199 -1 3 0
-166 -46 -2 1
-155 -35 3 0
-158 -17 6 1
-159 -17 6 1
-159 -18 6 1
-155 -40 11 0
-166 -43 -2 1
-161 -4 0 1
-161 -3 0 1
-168 -46 -2 1
-169 -44 3 0
-169 -41 3 0
-154 -35 -1 1
-194 -48 7 0
-195 -48 8 0
-195 -48 7 0
-196 -49 8 0
-196 -50 8 1
-167 -19 5 1
-180 -45 2 0
-180 -43 3 0
-179 -43 3 0
-170 -17 6 1
-200 -20 13 0
-158 -37 2 1
-164 -37 5 0
-165 -38 1 1
-191 -15 3 3
-186 -45 7 1
-161 -5 7 1
-162 -5 7 1
-180 -13 4 1
-162 -5 5 3
-164 -34 -1 1
-152 -4 3 1
-160 -36 -1 1
-151 -4 1 1
-184 -47 9 1
-187 -6 4 1
-175 -30 4 0
-151 -15 10 0
-176 -30 5 0
-176 -29 5 0
-177 -29 4 0
-177 -29 5 0
-179 -29 4 0
-179 -29 5 0
-179 -29 3 0
-176 -32 4 0
-189 -33 4 1
-188 -32 4 3
-180 -42 7 0
-188 -32 2 5
-179 -42 7 0
-179 -41 7 0
-189 -31 1 1
-179 -42 2 0
-188 -31 1 1
-187 -31 1 1
-181 -43 7 0
-191 -33 3 1
-186 -44 5 0
-186 -43 4 0
-186 -43 5 0
-171 -12 2 5
-171 -12 3 16
-171 -12 4 1
-171 -11 2 1
-161 -20 5 2
-189 -44 7 1
-189 -44 6 1
-186 -44 9 1
-180 -8 8 0
-179 -8 9 0
-180 -8 9 0
-178 -8 10 0
-178 -8 7 0
-178 -8 6 1
-177 -6 8 0
-179 -6 8 1
-179 -5 8 2
-179 -6 9 1
-177 -7 9 0
-177 -7 8 0
-181 -6 9 1
-181 -6 8 3
-181 -6 7 1
-181 -7 7 1
-174 -30 4 0
-179 -7 9 1
-175 -30 5 0
-175 -29 5 0
-178 -28 4 0
-187 -27 4 1
-178 -30 3 0
-189 -27 4 1
-188 -27 3 5
-188 -27 2 9
-188 -27 1 1
-187 -32 2 1000
-187 -5 0 1
-186 -8 0 1
-165 -44 2 0
-165 -44 4 0
-158 -36 -2 1
-159 -35 -3 1
-158 -35 -3 1
-157 -35 -3 1
-157 -30 1 9
-157 -30 2 4
-199 -24 12 0
-199 -24 13 0
-199 -24 11 0
-200 -17 0 2
-200 -17 4 0
-200 -19 1 0
-159 -41 4 0
-199 -46 0 1
-199 -46 2 0
-200 -46 1 0
-175 -29 4 0
-175 -27 5 0
-170 -35 1 0
-174 -31 4 0
-174 -30 5 0
-175 -29 6 0
-197 -35 3 0
-197 -35 5 0
-198 -34 3 0
-198 -35 4 0
-195 -32 0 1
-195 -33 0 1
-195 -34 0 1
-196 -32 0 1
-196 -33 0 1
-196 -9 2 0
-171 -16 1 8
-171 -16 2 1
-172 -17 0 1
-174 -29 6 0
-172 -18 1 3
-172 -18 0 1
-194 -10 2 0
-195 -9 2 0
-195 -8 4 1
-196 -6 1 1
-175 -23 2 0
-175 -23 3 0
-175 -21 2 0
-175 -21 4 0
-193 -31 5 1
-193 -31 6 1
-199 -21 6 0
-192 -31 5 1
-192 -31 6 1
-191 -33 6 0
-192 -33 4 2
-192 -33 5 1
-192 -33 6 1
-192 -32 4 2
-192 -32 6 4
-172 -24 6 0
-181 -43 5 0
-181 -42 5 0
-182 -43 4 0
-191 -32 8 1
-190 -33 6 1
-156 -26 2 1
-156 -25 0 1
-156 -25 1 4
-173 -29 2 0
-157 -7 2 1
-200 -48 5 0
-198 -49 5 0
-200 -49 4 0
-199 -50 6 0
-200 -49 5 0
-154 -8 10 0
-155 -8 10 0
-154 -8 11 0
-161 -10 0 1
-199 -35 1 1
-199 -36 -1 1
-184 -15 5 1
-185 -14 5 1
-184 -15 4 3
-197 -27 2 1
-197 -45 9 1
-197 -46 11 1
-197 -46 10 1
-197 -46 9 1
-171 -30 2 1
-161 -7 5 1
-198 -48 10 1
-176 -18 5 0
-175 -20 6 0
-158 -33 0 1
-156 -45 7 0
-162 -19 8 1
-179 -11 5 0
-162 -9 1 1000
-179 -11 4 1
-159 -37 1 1
-200 -29 -1 1
-159 -42 6 0
-190 -9 2 0
-190 -10 3 0
-175 -5 0 1
-175 -4 0 1
-174 -5 0 1
-174 -4 0 1
-173 -4 0 1
-196 -47 5 0
-185 -50 6 0
-181 -45 -1 1
-182 -44 -1 1
-182 -45 -1 1
-183 -44 -1 1
-181 -16 2 1
-181 -16 3 1
-181 -20 0 1
-181 -20 1 1
-181 -20 2 1
-181 -19 0 1
-181 -18 0 1
-180 -20 0 1
-180 -20 1 1
-200 -38 4 0
-180 -19 0 1
-179 -20 0 1
-178 -17 0 17
-179 -16 -1 1
-167 -22 2 1
-168 -22 2 2
-163 -25 10 0
-164 -24 10 0
-153 -40 1 1
-174 -6 1 1
-197 -4 3 1
-197 -4 2 1
-180 -15 1 14
-181 -16 0 1
-181 -15 0 1
-181 -15 1 3
-180 -15 0 1
-176 -7 -1 1
-172 -29 2 1
-192 -35 4 1
-192 -35 3 1
-179 -16 1 0
-181 -17 0 1
-180 -18 0 1
-180 -17 0 1
-180 -16 0 1
-178 -19 1 2
-177 -19 1 7
-172 -4 3 1
-175 -6 2 7
-176 -5 3 1
-175 -5 3 1
-180 -16 3 1
-178 -7 1 1
-177 -7 1 1
-152 -45 0 1
-179 -28 9 0
-151 -19 7 0
-152 -9 9 0
-190 -35 7 1
-190 -33 7 1
-163 -25 2 1
-163 -25 3 1
-171 -48 -2 1
-172 -48 -2 1
-173 -48 -2 1
-163 -27 1 1
-163 -26 1 1
-163 -25 1 1
-166 -27 4 0
-200 -33 1 0
-168 -26 2 0
-168 -26 1 0
-164 -27 2 8
-164 -23 2 1
-164 -23 3 1
-164 -23 4 1
-166 -28 3 0
-167 -26 5 0
-167 -26 2 0
-167 -26 1 0
-200 -13 1 1
-200 -13 2 1
-200 -13 0 2
-158 -47 5 0
-157 -44 6 0
-162 -40 0 1
-152 -20 3 0
-186 -26 3 0
-188 -26 2 12
-165 -23 8 11
-158 -35 4 0
-159 -34 3 0
-159 -35 4 0
-160 -33 4 0
-154 -32 2 1
-154 -33 2 1
-155 -34 2 1
-195 -50 4 4
-171 -11 5 1
-152 -2 3 0
-194 -50 4 2
-151 -3 2 3
-185 -3 4 1
-185 -3 0 1
-160 -9 2 0
-160 -8 -1 1
-155 -8 11 0
-155 -5 11 0
-155 -5 10 0
-158 -50 5 2
-160 -32 0 1
-161 -23 7 0
-154 -21 5 0
-154 -21 6 0
-162 -42 1 1
-179 -40 5 0
-179 -39 6 0
-179 -39 4 0
-179 -40 4 0
-196 -9 6 0
-176 -46 5 0
-176 -46 6 0
-178 -46 5 0
-178 -46 6 0
-179 -46 5 0
-179 -46 6 0
-180 -48 5 0
-179 -48 6 0
-151 -15 6 0
-152 -15 6 0
-152 -13 3 0
-152 -13 7 0
-151 -14 6 0
-152 -12 8 0
-152 -14 7 0
-152 -13 6 0
-153 -12 7 0
-154 -12 6 0
-153 -12 6 0
-152 -10 2 1
-153 -11 5 0
-151 -13 7 0
-151 -12 6 0
-153 -11 7 0
-152 -11 7 0
-153 -11 6 0
-152 -11 6 0
-152 -12 7 0
-152 -12 6 0
-152 -10 8 0
-151 -10 8 0
-151 -11 8 0
-151 -11 7 0
-151 -11 6 0
-152 -18 9 0
-152 -20 10 0
-152 -20 11 0
-153 -20 10 0
-152 -19 10 0
-153 -20 11 0
-183 -38 5 0
-181 -15 3 1
-181 -15 2 3
-152 -18 10 0
-152 -17 11 0
-152 -16 11 0
-158 -9 6 0
-156 -36 1 0
-157 -36 1 0
-154 -40 5 0
-200 -7 -1 1
-200 -6 0 1
-200 -6 4 0
-197 -7 0 1
-197 -8 0 1
-171 -26 9 0
-171 -28 9 0
-170 -29 9 0
-168 -29 9 0
-197 -9 2 1
-198 -8 0 1
-198 -9 2 1
-198 -9 1 3
-200 -6 3 0
-195 -11 2 0
-179 -37 4 0
-189 -10 3 0
-189 -10 2 0
-168 -20 2 7
-168 -21 4 6
-168 -21 3 6
-168 -21 2 3
-160 -21 9 2
-161 -22 8 1
-169 -25 9 0
-161 -22 10 1
-169 -27 10 0
-161 -21 8 2
-161 -21 9 3
-165 -29 4 0
-164 -29 4 0
-200 -35 1 1
-200 -35 0 2
-196 -10 4 0
-198 -43 5 5
-198 -43 7 1
-168 -41 4 0
-165 -39 5 0
-175 -28 8 0
-175 -28 9 0
-176 -26 9 0
-197 -18 5 2
-198 -18 6 3
-198 -18 5 1
-169 -32 4 0
-169 -32 3 0
-167 -28 4 0
-167 -28 3 1
-168 -29 4 0
-160 -22 12 1
-167 -23 1 4
-188 -35 5 0
-165 -23 1 1
-186 -36 6 0
-186 -36 5 0
-187 -37 5 0
-188 -37 4 0
-188 -36 5 0
-188 -36 4 0
-188 -35 4 0
-196 -8 4 1
-151 -3 10 0
-153 -23 4 0
-166 -30 11 0
-166 -30 10 0
-174 -7 1 1
-174 -9 0 1
-175 -8 -1 1
-165 -26 9 0
-199 -46 9 1
-189 -9 2 0
-178 -18 0 9
-181 -41 4 0
-191 -14 1 1
-168 -29 2 4
-169 -30 2 1
-185 -49 0 2
-170 -27 9 0
-169 -28 9 0
-154 -40 12 0
-164 -22 8 2
-154 -40 11 0
-154 -39 11 0
-156 -39 10 0
-155 -39 10 0
-156 -39 12 0
-156 -39 11 0
-155 -39 11 0
-155 -38 10 0
-155 -38 11 0
-156 -37 10 0
-155 -37 10 0
-156 -37 12 0
-153 -37 10 0
-154 -37 10 0
-153 -37 12 0
-168 -9 1 1
-167 -6 -1 1
-168 -25 9 0
-168 -24 9 0
-151 -38 9 1
-168 -26 10 0
-151 -39 9 2
-151 -38 10 1
-161 -6 1 5
-199 -37 6 0
-169 -24 9 0
-179 -3 -1 1
-181 -7 6 1
-181 -6 4 1
-181 -6 5 2
-181 -6 6 1
-151 -38 11 1
-180 -7 5 2
-180 -7 6 1
-178 -5 0 2
-170 -8 41 1
-177 -5 8 1
-168 -21 9 1
-167 -22 10 1
-168 -22 11 1
-168 -21 10 1
-168 -21 11 1
-167 -22 11 1
-167 -21 10 1
-167 -21 11 1
-166 -21 10 1
-166 -21 11 1
-176 -4 5 0
-175 -3 5 0
-176 -2 4 0
-171 -30 3 0
-165 -32 8 0
-175 -49 -1 1
-171 -32 4 0
-171 -31 4 0
-190 -49 8 1
-157 -13 3 0
-169 -24 4 0
-169 -24 3 0
-168 -23 4 0
-174 -24 3 0
-189 -22 1 1
-155 -5 4 0
-163 -20 8 1
-189 -45 9 1
-183 -22 1 1
-184 -23 1 2
-172 -22 1 2
-177 -34 3 0
-177 -34 2 0
-176 -32 3 0
-176 -32 2 0
-186 -45 5 0
-186 -45 4 0
-186 -46 4 0
-180 -43 6 0
-175 -39 6 0
-176 -40 6 0
-170 -43 6 0
-169 -41 6 0
-169 -42 6 0
-170 -41 6 0
-170 -42 6 0
-172 -45 6 0
-171 -43 6 0
-171 -44 6 0
-172 -43 6 0
-172 -44 6 0
-173 -45 6 0
-175 -45 7 0
-175 -45 6 0
-171 -41 7 0
-174 -44 6 0
-174 -44 7 0
-174 -43 6 0
-173 -43 7 0
-177 -1 5 3
-173 -3 4 2
-157 -18 8 1
-165 -32 7 0
-153 -32 2 1
-170 -31 8 0
-199 -38 -1 1
-197 -36 2 1
-156 -26 0 1
-156 -26 1 4
-166 -22 4 2
-163 -25 48 0
-163 -25 47 0
-164 -24 48 0
-164 -25 47 0
-163 -24 47 0
-152 -8 7 0
-152 -8 3 1
-153 -9 2 1
-153 -8 2 1
-153 -7 2 1
-152 -9 2 1
-152 -8 2 1
-152 -7 2 1
-151 -9 2 1
-151 -8 2 1
-151 -7 2 1
-164 -23 48 0
-165 -23 47 0
-164 -23 47 0
-164 -22 48 0
-164 -22 47 0
-163 -21 48 0
-172 -13 3 1
-163 -22 47 0
-161 -22 48 0
-161 -22 47 0
-161 -23 48 0
-161 -23 47 0
-162 -23 47 0
-163 -23 48 0
-183 -12 2 1
-161 -24 46 0
-161 -25 46 0
-172 -38 3 0
-172 -38 2 0
-166 -44 3 0
-161 -23 46 0
-166 -44 2 0
-167 -45 3 0
-167 -45 4 0
-200 -1 2 0
-159 -2 0 1
-159 -3 1 1
-160 -2 2 1
-160 -2 1 1
-200 -11 0 1
-190 -48 10 1
-190 -48 6 1000
-156 -14 0 1
-179 -36 5 0
-191 -47 5 1
-190 -49 5 13
-176 -49 0 1
-176 -49 -1 1
-176 -50 -1 1
-175 -49 0 3
-162 -40 3 0
-159 -27 6 0
-169 -49 6 1
-169 -47 6 0
-165 -49 5 0
-199 -38 6 0
-200 -39 6 0
-166 -30 3 1
-157 -31 0 1
-163 -28 10 0
-164 -29 10 0
-163 -29 9 0
-188 -23 1 1
-164 -28 9 0
-165 -29 10 0
-166 -29 10 0
-200 -18 4 0
-187 -36 0 1
-163 -23 51 0
-161 -24 50 0
-161 -25 49 0
-163 -25 50 0
-164 -24 50 0
-164 -25 49 0
-164 -23 50 0
-165 -23 49 0
-164 -22 50 0
-163 -21 50 0
-161 -22 50 0
-161 -23 50 0
-162 -24 49 0
-163 -24 49 0
-162 -21 48 0
-163 -20 48 0
-163 -22 49 0
-162 -23 49 0
-163 -23 50 0
-161 -24 49 0
-162 -21 47 0
-161 -25 48 0
-162 -22 46 0
-162 -20 47 0
-162 -20 48 0
-164 -20 47 0
-164 -20 48 0
-163 -22 44 1
-162 -22 44 1
-162 -24 48 0
-166 -31 11 0
-166 -31 10 0
-155 -11 4 0
-175 -15 1 8
-163 -19 47 0
-173 -49 6 1
-163 -19 46 0
-165 -20 47 0
-165 -21 47 0
-165 -21 48 0
-174 -49 6 0
-163 -19 48 0
-165 -20 48 0
-165 -20 46 0
-174 -14 0 3
-167 -29 7 0
-167 -29 9 0
-167 -29 8 0
-162 -19 47 0
-162 -19 48 0
-162 -19 46 0
-165 -19 47 0
-165 -19 48 0
-165 -19 46 0
-168 -28 7 0
-164 -19 47 0
-164 -18 47 0
-168 -28 9 0
-164 -18 48 0
-164 -19 46 0
-164 -18 46 0
-166 -20 47 0
-166 -20 46 0
-164 -20 49 0
-165 -20 44 1
-165 -19 44 1
-164 -19 44 1
-163 -19 44 1
-168 -28 8 0
-169 -27 7 0
-168 -27 7 0
-158 -33 6 0
-162 -18 47 0
-163 -18 48 0
-163 -18 46 0
-165 -18 47 0
-165 -18 48 0
-165 -18 46 0
-166 -20 48 0
-198 -25 -1 1
-198 -26 -1 1
-167 -29 11 0
-159 -9 2 0
-180 -46 2 0
-163 -18 47 0
-164 -17 47 0
-179 -47 3 0
-164 -17 48 0
-164 -17 46 0
-166 -19 47 0
-166 -19 48 0
-166 -19 46 0
-164 -19 48 0
-164 -19 49 0
-164 -19 45 2
-165 -18 44 1
-164 -18 44 1
-163 -18 44 1
-164 -21 11 1
-164 -22 11 4
-163 -17 47 0
-163 -17 48 0
-163 -17 46 0
-166 -17 47 0
-166 -17 48 0
-166 -17 46 0
-165 -21 11 1
-165 -22 11 1
-165 -23 11 2
-187 -41 2 1000
-165 -17 47 0
-165 -16 47 0
-187 -41 3 1
-165 -16 48 0
-165 -17 46 0
-165 -16 46 0
-166 -18 47 0
-167 -18 47 0
-166 -18 48 0
-166 -18 46 0
-165 -18 49 0
-165 -18 45 2
-166 -19 44 1
-166 -18 44 1
-166 -17 44 1
-165 -17 44 1
-164 -17 44 1
-187 -42 1 1
-187 -41 1 1
-189 -41 1 1
-189 -41 2 1
-163 -16 47 0
-163 -16 48 0
-163 -16 46 0
-166 -16 47 0
-166 -16 48 0
-166 -16 46 0
-167 -18 48 0
-167 -18 46 0
-179 -11 3 0
-200 -45 6 0
-164 -16 47 0
-164 -16 48 0
-164 -16 46 0
-165 -15 47 0
-199 -26 6 0
-165 -15 48 0
-165 -15 46 0
-167 -17 47 0
-167 -17 48 0
-167 -17 46 0
-165 -17 48 0
-165 -17 49 0
-165 -17 45 2
-166 -16 44 1
-165 -16 44 1
-164 -16 44 1
-168 -42 4 0
-185 -48 6 0
-199 -37 3 0
-198 -3 2 1
-169 -42 2 0
-169 -41 2 0
-182 -7 5 1
-181 -9 5 1
-181 -8 6 0
-181 -8 0 2
-196 -16 7 1
-184 -36 4 0
-173 -16 0 1
-172 -16 0 1
-159 -37 3 1
-164 -15 47 0
-164 -15 48 0
-164 -15 46 0
-167 -15 47 0
-166 -15 48 0
-167 -15 46 0
-183 -36 4 0
-165 -14 47 0
-197 -37 6 1
-165 -14 48 0
-165 -14 46 0
-166 -15 47 0
-167 -15 48 0
-166 -15 46 0
-167 -16 47 0
-167 -16 48 0
-167 -16 46 0
-165 -16 49 0
-165 -16 45 1
-166 -15 44 1
-165 -15 44 1
-164 -15 44 1
-181 -36 4 0
-171 -50 7 0
-199 -50 4 0
-161 -8 5 1
-157 -40 1 1
-164 -14 47 0
-164 -14 48 0
-164 -14 46 0
-166 -14 47 0
-166 -14 48 0
-166 -14 46 0
-167 -14 47 0
-167 -14 48 0
-159 -7 4 0
-189 -46 9 16
-165 -42 7 0
-155 -22 6 0
-157 -33 5 1
-164 -42 6 0
-154 -4 11 0
-152 -3 10 0
-174 -49 1 1
-176 -50 0 1
-180 -10 1 0
-176 -19 1 1
-197 -38 0 1
-162 -38 4 0
-170 -33 -3 1
-167 -15 2 1
-168 -40 0 1
-171 -33 -3 1
-162 -40 -1 1
-179 -31 8 0
-176 -31 8 0
-198 -18 4 0
-198 -20 4 0
-178 -27 6 0
-180 -29 8 0
-180 -29 6 0
-197 -40 11 1
-197 -40 12 1
-169 -21 2 1
-185 -24 0 1
-175 -34 4 0
-199 -44 11 1
-191 -32 4 1
-152 -24 4 0
-152 -24 3 0
-151 -22 4 0
-151 -22 3 0
-163 -10 -1 1
-200 -27 -1 1
-158 -9 3 0
-156 -39 0 1
-164 -12 0 1
-192 -36 5 1
-176 -12 -1 1
-175 -13 0 5
-192 -35 5 1
-192 -34 3 1
-192 -34 4 2
-192 -34 5 1
-198 -34 13 0
-184 -48 -1 1
-184 -49 -1 1
-168 -31 0 1
-170 -46 3 0
-170 -46 1 1
-170 -47 1 1
-168 -34 -1 1
-168 -35 -1 1
-168 -36 -1 1
-169 -34 -1 1
-169 -35 -1 1
-169 -36 -1 1
-172 -47 2 0
-172 -47 3 0
-170 -34 -1 1
-171 -38 3 0
-170 -35 -1 1
-186 -27 -1 1
-186 -26 -1 1
-168 -46 3 0
-173 -22 10 0
-173 -22 8 0
-174 -21 9 0
-173 -20 9 0
-174 -20 10 0
-186 -37 5 0
-188 -7 4 1
-152 -25 1 1
-200 -9 3 0
-200 -12 3 0
-200 -12 4 0
-200 -12 2 1000
-199 -11 4 0
-199 -11 2 1
-185 -36 5 0
-182 -42 6 0
-167 -12 2 5
-167 -12 1 5
-167 -12 0 1
-156 -10 1 2
-152 -37 4 1000
-159 -45 -1 1
-198 -14 4 0
-185 -50 10 1
-191 -35 7 2
-176 -18 0 2
-175 -17 1 12
-154 -47 6 0
-197 -16 6 4
-177 -17 2 1
-177 -17 4 0
-160 -4 5 0
-159 -5 5 0
-176 -32 5 0
-197 -7 2 1
-197 -7 1 1
-197 -28 2 1
-179 -10 4 1
-162 -23 48 0
-180 -13 0 1
-180 -14 0 1
-154 -9 11 0
-172 -50 7 0
-182 -48 4 0
-161 -35 6 0
-159 -35 7 0
-162 -1 6 3
-163 -2 5 4
-151 -38 4 3
-164 -5 2 1
-164 -5 1 1
-186 -38 1 0
-151 -3 5 0
-152 -4 5 0
-186 -41 3 0
-186 -41 1 0
-165 -7 -1 1
-165 -6 -1 1
-165 -5 -1 1
-183 -17 6 0
-151 -39 10 1
-199 -38 10 1
-199 -40 13 0
-199 -41 12 0
-151 -38 8 1
-164 -24 46 0
-155 -40 10 0
-156 -41 10 0
-164 -25 46 0
-159 -4 1 1
-169 -8 0 1
-167 -20 6 1
-167 -20 7 1
-167 -19 6 1
-167 -19 7 1
-168 -50 4 13
-170 -45 2 0
-152 -27 5 0
-170 -45 3 0
-200 -37 0 2
-187 -38 1 0
-187 -39 3 0
-179 -18 5 0
-180 -18 6 0
-199 -18 5 0
-198 -19 3 1
-198 -19 5 1
-198 -19 4 0
-180 -18 4 0
-181 -17 7 0
-181 -17 2 1
-176 -16 1 4
-199 -40 14 1
-160 -38 3 1
-160 -37 3 1
-162 -43 2 0
-187 -16 7 1
-152 -2 0 1
-196 -28 4 1
-161 -43 2 0
-161 -43 3 0
-187 -16 5 1
-188 -16 7 1
-188 -16 6 1
-188 -16 5 1
-157 -36 -3 1
-158 -36 -3 1
-186 -11 4 0
-186 -12 6 0
-186 -11 5 0
-186 -2 -1 1
-187 -1 -1 1
-178 -10 4 1
-178 -10 0 1
-157 -18 9 1
-157 -19 9 1
-154 -21 0 1
-154 -21 1 3
-154 -20 0 1
-171 -33 4 0
-169 -28 2 2
-185 -8 3 5
-179 -36 4 0
-179 -36 6 0
-171 -31 6 0
-155 -20 6 0
-168 -47 5 0
-167 -50 5 4
-176 -20 4 0
-175 -42 6 0
-175 -46 -1 1
-175 -45 -1 1
-174 -45 -1 1
-180 -7 -1 1
-177 -6 0 3
-177 -6 5 1
-180 -7 1 1
-181 -7 1 1
-178 -7 -1 1
-179 -7 -1 1
-175 -43 1 0
-176 -45 1 0
-176 -45 2 0
-177 -45 2 0
-175 -45 3 0
-151 -41 13 1
-151 -40 13 1
-163 -24 46 0
-164 -23 46 0
-163 -22 46 0
-197 -43 10 1
-198 -43 10 1
-173 -2 9 2
-173 -1 7 1
-173 -1 8 1
-173 -1 9 1
-200 -23 0 1
-166 -25 3 1
-168 -25 1 0
-168 -25 2 0
-167 -38 -3 1
-163 -1 3 1
-170 -16 0 1
-170 -17 2 1
-151 -46 0 1
-151 -45 0 1
-177 -17 1 1
-178 -18 1 0
-177 -18 1 1
-164 -44 -1 1
-197 -11 6 0
-198 -9 5 0
-195 -13 7 1
-156 -8 2 1
-156 -7 2 1
-160 -10 3 0
-163 -32 9 0
-163 -32 10 0
-163 -30 9 0
-154 -15 0 1
-153 -15 0 1
-175 -12 4 0
-174 -26 3 0
-173 -13 3 0
-190 -10 2 0
-190 -12 3 0
-157 -6 0 1
-151 -25 2 1
-163 -23 34 0
-163 -23 33 0
-159 -31 2 14
-170 -19 3 0
-172 -18 4 0
-184 -47 6 0
-189 -46 8 40
-189 -46 7 26
-154 -28 5 0
-152 -3 9 0
-156 -14 5 0
-157 -14 4 0
-156 -13 4 0
-153 -12 3 0
-154 -10 0 1
-171 -37 6 0
-192 -16 2 1
-193 -16 4 1
-193 -16 3 1
-189 -13 -1 1
-190 -13 -1 1
-162 -5 -1 1
-162 -4 -1 1
-182 -16 4 1
-182 -16 5 1
-182 -15 3 2
-182 -15 4 2
-155 -29 0 1
-158 -29 4 1
-186 -6 3 0
-186 -5 3 0
-189 -5 3 1
-158 -49 -1 1
-181 -2 2 1
-181 -2 1 1
-181 -2 0 1
-181 -3 2 1
-181 -3 1 1
-198 -21 5 1
-198 -21 4 0
-173 -20 2 1
-173 -20 4 0
-173 -20 3 0
-183 -13 2 2
-200 -25 11 0
-200 -24 11 0
-200 -24 13 0
-200 -25 12 0
-174 -3 0 1
-175 -3 3 0
-173 -2 3 1
-173 -2 2 1
-191 -37 0 1
-191 -38 0 1
-173 -49 2 1
-160 -30 4 1
-198 -36 4 0
-161 -28 3 1
-161 -28 2 1
-198 -38 4 1
-198 -37 4 0
-161 -29 2 3
-161 -30 4 1
-172 -22 7 0
-165 -48 6 0
-166 -33 -2 2
-167 -34 -3 1
-166 -34 -3 1
-165 -34 -3 1
-164 -37 4 0
-165 -35 4 0
-190 -45 9 1
-166 -48 2 0
-166 -46 5 0
-189 -13 1 1
-187 -16 1 1
-200 -30 1 1
-153 -1 1 3
-153 -19 1 2
-151 -42 8 1
-173 -7 3 1
-173 -7 4 1
-172 -8 4 1
-172 -7 3 1
-172 -7 4 1
-171 -10 2 1
-167 -21 6 1
-167 -22 6 12
-167 -23 6 1000
-165 -21 5 1
-157 -33 6 0
-157 -34 5 0
-158 -32 7 0
-158 -32 8 0
-152 -18 0 1
-159 -32 3 1
-160 -31 3 1
-151 -41 7 2
-151 -41 8 2
-151 -21 4 0
-151 -43 5 0
-159 -32 5 0
-158 -31 6 0
-158 -32 6 0
-152 -40 7 1
-152 -40 8 1
-152 -39 6 1000
-180 -44 7 0
-180 -43 7 0
-191 -49 5 19
-156 -10 -1 1
-158 -9 1 0
-179 -35 7 0
-180 -34 7 0
-189 -10 5 0
-189 -12 2 0
-189 -12 3 0
-187 -15 -1 1
-186 -15 0 5
-186 -15 4 1
-173 -1 47 1
-173 -2 46 0
-171 -28 7 0
-171 -28 8 0
-171 -31 8 0
-171 -29 9 0
-172 -27 8 0
-165 -21 20 1
-164 -22 20 2
-165 -23 21 1
-165 -22 21 1
-165 -21 21 1
-164 -23 20 0
-163 -24 19 0
-164 -25 20 0
-163 -25 20 0
-162 -24 19 0
-161 -25 20 0
-163 -23 21 0
-162 -23 20 0
-161 -23 21 0
-161 -22 21 0
-164 -22 22 4
-164 -21 22 1
-163 -22 22 4
-163 -21 22 1
-162 -22 22 1
-162 -21 22 1
-165 -23 22 1
-165 -22 22 1
-165 -21 22 1
-165 -23 20 1
-164 -23 21 0
-163 -24 20 0
-164 -25 21 0
-163 -25 21 0
-162 -24 20 0
-161 -25 21 0
-163 -23 22 0
-162 -23 21 0
-162 -23 22 0
-161 -23 22 0
-161 -22 22 0
-188 -35 7 0
-155 -50 5 6
-165 -9 3 3
-165 -8 1 1
-165 -7 3 1
-188 -14 6 8
-188 -14 7 1
-154 -2 3 0
-187 -14 6 6
-174 -14 4 0
-177 -20 6 0
-177 -20 4 0
-178 -19 7 0
-178 -19 3 1
-165 -39 3 0
-186 -41 -1 1
-185 -40 2 0
-152 -19 6 0
-153 -20 5 0
-153 -20 6 0
-170 -24 8 0
-162 -24 9 0
-171 -23 8 0
-172 -22 8 0
-198 -38 10 1
-172 -26 7 0
-172 -26 8 0
-171 -25 7 0
-171 -25 8 0
-166 -31 8 0
-182 -4 1 1
-185 -5 3 0
-184 -5 2 1
-184 -2 1 3
-184 -2 2 5
-194 -32 4 1
-194 -32 5 5
-184 -2 3 4
-194 -32 6 2
-194 -31 4 1
-193 -33 6 1
-194 -34 7 1
-194 -33 5 1000
-194 -33 6 2
-161 -20 9 2
-161 -22 11 1
-167 -30 4 0
-188 -10 0 1
-191 -49 -1 1
-190 -46 5 13
-192 -48 4 1
-191 -46 4 1
-191 -46 5 2
-192 -50 4 1000
-192 -50 5 1000
-192 -49 4 1
-191 -50 5 4
-196 -19 5 1
-196 -19 4 1
-197 -19 6 1
-171 -31 5 0
-189 -47 1 2
-154 -19 4 0
-153 -8 8 0
-161 -13 2 1
-154 -39 5 0
-175 -50 5 1
-159 -21 10 1
-158 -27 4 0
-171 -24 0 1
-171 -23 0 1
-200 -42 14 1
-200 -38 13 0
-198 -37 10 1
-196 -21 2 1
-165 -42 5 0
-161 -7 -1 1
-164 -6 3 1
-188 -33 0 1
-197 -33 5 1
-197 -33 6 1
-197 -33 7 1
-197 -32 6 3
-197 -32 7 1
-155 -21 7 0
-157 -7 1 1
-154 -25 7 0
-155 -22 7 0
-165 -30 3 0
-165 -30 4 0
-153 -25 7 0
-168 -18 0 1
-167 -18 0 1
-153 -24 7 0
-152 -24 7 0
-153 -22 7 0
-191 -11 0 2
-191 -13 3 0
-176 -20 5 0
-173 -13 4 0
-172 -14 -1 1
-160 -46 8 0
-161 -34 6 0
-156 -5 3 0
-168 -16 4 1
-193 -11 2 0
-197 -14 6 8
-161 -37 3 1
-170 -33 3 0
-187 -38 2 0
-200 -16 6 0
-152 -38 3 1
-182 -46 9 0
-171 -11 0 1
-156 -23 0 1
-157 -21 0 1
-168 -44 4 0
-167 -45 6 0
-184 -50 0 1
-159 -46 4 0
-179 -19 -1 1
-151 -43 3 1
-151 -43 2 9
-179 -17 -1 1
-197 -38 2 1
-197 -37 0 1
-190 -45 3 1
-162 -12 1 1
-160 -8 1 0
-198 -28 1 1
-197 -29 2 1
-155 -23 1 3
-155 -24 2 1
-161 -31 1 5
-198 -29 6 1
-199 -28 7 1
-167 -44 -2 1
-200 -25 0 1
-200 -28 1 1
-180 -41 3 0
-183 -42 3 0
-181 -42 6 0
-181 -42 2 0
-181 -40 3 0
-198 -28 7 1
-199 -30 6 0
-198 -30 4 1
-200 -30 5 0
-172 -8 2 1
-169 -11 4 1
-154 -49 0 1
-167 -13 2 1
-167 -13 1 1
-167 -13 0 1
-168 -10 3 3
-168 -10 2 10
-168 -10 1 1
-197 -15 2 1
-154 -29 4 0
-154 -19 6 0
-196 -28 5 1
-165 -37 4 0
-172 -33 7 0
-151 -24 0 1
-186 -9 3 0
-170 -30 4 0
-176 -32 6 0
-177 -34 5 0
-172 -35 1 0
-152 -39 3 1
-198 -1 7 1
-198 -2 7 1
-157 -41 3 1
-172 -32 1 0
-172 -31 1 0
-170 -30 0 1
-152 -45 4 0
-163 -7 -1 1
-171 -6 3 1
-178 -47 8 0
-176 -49 8 0
-200 -18 2 0
-200 -18 1 0
-198 -17 2 0
-199 -17 3 0
-199 -17 1 0
-176 -50 8 0
-160 -1 2 0
-158 -2 0 2
-152 -23 0 1
-200 -20 -1 1
-176 -20 1 1
-178 -18 3 1
-177 -19 3 1
-176 -21 1 0
-177 -44 5 0
-175 -43 5 0
-175 -43 6 0
-177 -21 3 0
-180 -50 6 1
-180 -48 8 0
-179 -49 8 0
-182 -50 7 1
-180 -50 7 1
-180 -49 8 0
-151 -2 4 0
-198 -44 0 1
-199 -44 2 0
-171 -49 -1 2
-170 -48 0 6
-170 -48 4 0
-169 -44 -2 1
-167 -31 2 4
-167 -31 6 0
-167 -31 5 0
-168 -33 3 1
-168 -33 4 0
-169 -31 3 0
-168 -31 3 1
-169 -31 4 0
-168 -31 4 0
-168 -30 3 1
-168 -30 4 0
-178 -23 3 0
-177 -24 3 0
-176 -23 2 0
-158 -5 0 1
-199 -24 6 0
-186 -1 3 0
-153 -30 6 0
-200 -25 7 0
-177 -27 4 0
-178 -26 2 0
-167 -33 1 1
-166 -32 2 3
-166 -32 6 0
-183 -50 6 1
-180 -48 9 0
-164 -32 4 0
-187 -14 8 1
-168 -42 3 0
-163 -35 5 0
-163 -42 5 0
-163 -46 5 0
-163 -44 6 0
-178 -26 3 0
-187 -45 4 1
-178 -24 2 0
-186 -45 3 0
-177 -24 4 0
-162 -46 3 0
-176 -24 2 0
-176 -24 4 0
-176 -24 3 0
-175 -24 2 0
-175 -24 3 0
-174 -26 2 0
-171 -49 3 1
-197 -49 2 1
-197 -49 1 1
-189 -46 4 34
-190 -45 4 1
-177 -28 4 0
-178 -27 2 0
-197 -9 5 0
-198 -9 6 0
-196 -11 5 0
-160 -8 2 0
-159 -7 2 0
-160 -6 1 2
-161 -7 0 3
-200 -45 4 0
-199 -45 4 0
-200 -45 5 0
-200 -45 3 0
-199 -45 3 0
-200 -46 4 0
-199 -46 4 0
-199 -46 5 0
-200 -46 3 0
-199 -46 3 0
-197 -32 4 8
-197 -33 3 1
-197 -32 3 2
-197 -31 3 2
-196 -33 3 1
-189 -9 1 1
-157 -1 6 0
-158 -2 -1 1
-186 -10 0 3
-159 -10 -1 1
-160 -10 -1 1
-160 -9 0 4
-159 -10 1 1
-163 -42 3 0
-188 -33 3 1
-170 -20 3 0
-170 -19 4 0
-170 -20 4 0
-167 -21 4 1
-167 -26 6 0
-197 -32 5 9
-173 -48 2 0
-173 -48 1 1000
-173 -50 2 0
-158 -8 2 0
-156 -9 2 1
-158 -19 8 1
-154 -24 2 1
-157 -1 -1 1
-157 -2 -1 1
-198 -14 3 1
-198 -14 1 0
-181 -42 4 0
-188 -40 4 1
-176 -14 -1 1
-189 -40 4 1
-175 -15 -1 1
-175 -14 -1 1
-175 -13 -1 1
-188 -40 2 8
-188 -40 1 1
-189 -40 3 1
-163 -43 2 0
-153 -40 3 0
-154 -41 3 0
-154 -41 5 0
-157 -8 2 0
-157 -6 2 2
-194 -9 5 0
-161 -25 6 0
-159 -20 9 5
-190 -45 7 1
-151 -24 6 0
-155 -47 3 1
-151 -18 0 1
-155 -29 3 1
-156 -32 3 9
-153 -28 6 0
-151 -24 7 1
-200 -38 8 1
-200 -37 8 1
-160 -12 1 3
-182 -9 4 1
-182 -8 3 4
-197 -48 10 1
-197 -50 2 1
-190 -45 8 1
-196 -26 13 1
-185 -5 4 1
-185 -3 2 0
-186 -2 4 1
-178 -37 3 0
-178 -37 4 0
-178 -37 7 0
-186 -2 0 1
-157 -36 4 0
-163 -42 -1 1
-158 -35 6 0
-164 -42 2 0
-164 -42 3 0
-164 -42 1 0
-162 -38 2 1
-151 -1 13 0
-157 -45 7 0
-155 -47 5 0
-155 -47 7 0
-187 -2 -1 1
-164 -6 -1 1
-180 -50 -1 1
-180 -49 -1 1
-192 -48 10 1
-157 -38 0 0
-188 -5 1 3
-154 -47 4 1
-154 -46 3 6
-189 -11 3 0
-197 -36 1 1
-154 -44 5 0
-154 -44 6 0
-178 -17 4 0
-200 -41 13 0
-200 -40 11 0
-166 -44 -2 1
-184 -2 4 1
-167 -48 -1 1
-192 -49 8 1
-152 -50 2 12
-159 -43 8 0
-182 -44 8 0
-170 -29 5 0
-152 -4 10 0
-156 -29 5 0
-152 -49 2 1
-186 -37 -1 1
-154 -26 3 0
-164 -40 3 0
-194 -6 3 1
-161 -41 3 0
-162 -24 11 0
-164 -22 10 3
-164 -21 10 1
-153 -1 11 0
-153 -1 10 0
-151 -3 12 0
-181 -37 4 0
-181 -40 5 0
-181 -40 6 0
-167 -48 4 0
-179 -40 6 0
-178 -40 5 0
-178 -40 6 0
-178 -40 4 0
-162 -1 4 7
-162 -1 5 7
-162 -1 3 1
-161 -31 0 1
-163 -30 10 0
-167 -24 2 1
-167 -23 2 4
-158 -45 7 0
-166 -46 0 1
-167 -47 -1 1
-167 -45 -1 3
-161 -5 2 1
-163 -9 2 1000
-200 -43 9 1
-200 -43 14 0
-199 -43 11 0
-200 -45 11 0
-200 -44 11 1
-200 -44 13 0
-157 -38 4 0
-157 -38 3 1
-157 -37 4 1
-185 -16 2 0
-151 -44 5 0
-156 -10 3 0
-155 -9 4 0
-155 -9 5 0
-155 -9 3 0
-170 -11 -1 1
-172 -49 -1 2
-172 -50 -1 6
-171 -49 0 7
-171 -49 4 1
-190 -15 4 1
-191 -14 6 1
-191 -14 5 1
-191 -14 4 1
-186 -14 7 1
-186 -14 6 1
-187 -15 3 1
-187 -15 7 2
-188 -15 7 1
-187 -15 5 1
-178 -3 7 3
-179 -3 9 1
-179 -3 8 1
-179 -3 7 1
-180 -3 7 1
-180 -6 6 1
-180 -6 10 0
-181 -8 8 0
-182 -6 8 1
-182 -4 9 1
-182 -4 8 4
-182 -4 7 1
-182 -5 9 1
-182 -5 8 5
-182 -5 7 1
-182 -6 7 1
-159 -38 4 0
-177 -25 9 0
-177 -25 8 0
-177 -24 9 0
-177 -23 8 0
-177 -24 8 0
-176 -23 9 0
-176 -24 9 0
-176 -23 8 0
-175 -24 9 0
-174 -23 8 0
-175 -24 8 0
-174 -25 9 0
-174 -25 8 0
-176 -26 6 0
-176 -26 10 0
-176 -28 9 0
-176 -27 9 0
-178 -28 9 0
-177 -27 9 0
-178 -25 9 0
-178 -25 8 0
-176 -25 9 0
-176 -24 8 0
-176 -25 8 0
-175 -25 9 0
-175 -25 8 0
-175 -26 9 0
-174 -26 8 0
-175 -26 8 0
-155 -40 4 0
-171 -8 5 1
-170 -8 5 1
-157 -25 2 1
-198 -8 1 2
-197 -10 3 0
-198 -10 3 0
-196 -11 3 0
-196 -10 5 0
-170 -7 2 2
-162 -34 4 0
-189 -45 2 1
-162 -33 3 1
-162 -33 4 0
-178 -50 7 0
-181 -50 7 1
-189 -14 2 1
-165 -23 7 3
-184 -33 1 1
-190 -48 4 21
-190 -49 4 15
-178 -29 5 0
-178 -29 9 0
-166 -9 42 4
-166 -8 42 1
-165 -10 42 1
-165 -9 42 1
-165 -8 42 1
-167 -7 44 0
-169 -7 43 0
-170 -7 44 0
-170 -8 43 0
-171 -9 43 0
-172 -12 46 1
-172 -11 46 1
-172 -10 46 1
-170 -11 42 1
-170 -10 42 1
-169 -11 42 1
-169 -10 42 12
-168 -11 42 1
-168 -10 42 8
-177 -32 8 0
-177 -31 7 0
-178 -32 8 0
-180 -30 8 0
-179 -29 6 0
-179 -29 8 0
-180 -29 7 0
-178 -29 6 0
-178 -29 8 0
-178 -30 7 0
-178 -28 7 0
-178 -29 7 0
-177 -29 6 0
-177 -29 8 0
-177 -29 7 0
-176 -30 6 0
-176 -30 8 0
-176 -30 7 0
-179 -32 4 0
-179 -32 8 0
-180 -33 7 0
-179 -32 7 0
-181 -32 6 0
-180 -30 7 0
-180 -30 6 0
-179 -30 7 0
-179 -30 6 0
-177 -30 7 0
-178 -31 7 0
-166 -10 41 1
-166 -9 41 6
-166 -8 41 2
-165 -10 41 1
-165 -9 41 1
-165 -8 41 5
-168 -8 43 0
-167 -7 43 0
-169 -8 43 0
-170 -7 43 0
-170 -9 43 0
-172 -12 41 1
-172 -11 41 1
-172 -10 41 1
-171 -12 41 1
-171 -11 41 4
-170 -12 41 1
-167 -11 42 1
-167 -10 42 1
-167 -9 42 4
-169 -9 41 1000
-177 -4 4 1
-176 -7 5 1
-177 -7 5 5
-178 -7 5 4
-178 -1 0 1
-173 -1 2 1
-173 -1 3 1
-175 -2 3 0
-174 -2 1 4
-180 -1 2 1
-168 -8 42 0
-167 -7 42 0
-169 -8 42 0
-169 -7 42 0
-170 -7 42 0
-170 -9 42 0
-171 -9 42 0
-170 -11 41 1
-170 -10 41 1
-169 -11 41 1
-169 -10 41 24
-168 -11 41 1
-168 -10 41 22
-167 -11 41 1
-167 -10 41 1
-167 -9 41 5
-169 -9 40 4
-177 -9 0 1
-180 -5 0 1
-180 -6 0 1
-200 -35 2 0
-170 -23 1 1
-170 -23 2 1
-170 -22 1 1
-170 -22 2 1
-170 -22 3 1
-172 -25 3 0
-172 -25 4 0
-173 -26 3 0
-172 -26 4 0
-185 -20 2 0
-189 -20 2 1
-166 -10 40 1
-166 -9 40 3
-166 -8 40 1
-165 -10 40 1
-165 -9 40 1
-165 -8 40 4
-167 -7 41 1
-169 -7 41 1000
-170 -7 41 1000
-171 -9 41 1
-172 -12 40 1
-172 -11 40 1
-172 -10 40 1
-171 -12 40 1
-171 -11 40 1
-170 -12 40 1
-179 -8 1 1
-192 -16 5 1
-197 -39 14 1
-197 -40 14 1
-178 -12 3 1
-200 -15 6 0
-167 -6 1 1
-167 -6 0 1
-167 -7 2 8
-167 -7 1 11
-167 -7 0 1
-200 -50 4 0
-200 -50 5 0
-156 -38 4 0
-154 -38 3 0
-198 -8 3 3
-199 -9 4 0
-165 -9 1 1000
-165 -9 2 1000
-177 -47 7 0
-178 -46 7 0
-160 -27 5 0
-197 -10 -1 1
-197 -11 -1 1
-181 -45 6 0
-199 -39 6 0
-199 -39 5 0
-198 -41 3 1
-197 -41 8 1
-197 -41 7 1
-198 -41 8 1
-198 -40 7 1
-198 -40 5 5
-179 -47 7 0
-179 -47 8 0
-159 -36 3 0
-153 -9 9 0
-153 -34 2 1
-153 -35 1 1
-153 -35 0 1
-168 -43 5 0
-168 -43 4 0
-167 -42 5 0
-200 -45 12 0
-159 -18 7 1
-158 -16 8 1
-156 -42 2 1
-156 -42 1 2
-156 -43 3 1
-185 -5 2 0
-166 -48 3 0
-161 -13 0 1
-168 -47 4 0
-200 -10 4 0
-200 -10 5 0
-200 -10 1 7
-157 -10 4 0
-157 -8 5 0
-158 -12 2 1
-155 -41 2 1
-169 -23 4 1
-169 -22 4 1
-171 -22 5 0
-162 -4 7 1
-200 -25 6 0
-176 -49 6 0
-167 -8 -1 1
-200 -18 5 0
-163 -4 3 1
-198 -25 5 0
-199 -25 3 0
-198 -25 3 0
-176 -49 5 0
-161 -4 4 1
-160 -3 5 0
-156 -24 8 0
-154 -26 6 0
-154 -26 5 0
-156 -24 7 0
-153 -6 12 0
-156 -27 3 0
-171 -16 4 1
-157 -26 4 0
-195 -33 2 1
-194 -34 4 0
-196 -34 5 0
-197 -35 4 0
-196 -34 4 0
-195 -33 3 1
-193 -36 3 1
-194 -36 3 1
-196 -35 4 0
-158 -22 7 0
-159 -21 6 0
-164 -31 4 0
-159 -22 6 0
-195 -11 3 0
-195 -11 4 0
-158 -25 7 0
-158 -23 8 0
-194 -10 0 2
-195 -11 -1 1
-195 -10 -1 1
-195 -9 -1 1
-194 -9 3 0
-193 -9 1 1
-196 -9 3 0
-196 -9 4 0
-197 -7 4 1
-197 -9 3 0
-197 -9 4 0
-198 -8 2 1
-200 -45 2 0
-200 -44 0 0
-199 -45 0 0
-200 -44 -2 1
-198 -44 1 1
-197 -45 0 1
-197 -45 1 1
-197 -45 2 1
-196 -35 6 0
-196 -35 5 0
-158 -32 1 6
-161 -11 3 3
-160 -44 6 0
-160 -43 5 0
-159 -5 4 0
-161 -28 0 1
-161 -29 0 1
-157 -28 3 1
-155 -32 2 1
-155 -22 5 0
-156 -22 5 0
-155 -23 6 0
-194 -32 3 1
-193 -35 4 2
-194 -35 4 0
-195 -35 4 0
-194 -31 3 1
-195 -31 3 1
-195 -32 3 1
-196 -33 7 1
-193 -33 4 2
-171 -34 -2 2
-165 -42 -3 1
-184 -19 3 0
-178 -15 7 0
-187 -22 0 1
-165 -47 6 0
-184 -21 1 1
-185 -22 0 1
-186 -19 4 0
-186 -19 0 1
-195 -9 4 0
-200 -50 2 0
-197 -9 1 1
-169 -17 5 1
-168 -18 5 1
-168 -17 5 1
-169 -19 2 1
-151 -38 2 1
-156 -28 4 0
-157 -28 4 0
-173 -48 5 0
-173 -48 6 0
-156 -11 4 0
-157 -10 3 0
-175 -18 -1 1
-175 -19 -1 1
-175 -20 -1 1
-176 -18 -1 1
-176 -19 -1 1
-176 -20 -1 1
-177 -18 -1 1
-177 -19 -1 1
-177 -20 -1 1
-176 -19 0 1
-177 -18 3 1
-152 -26 5 0
-190 -13 5 1
-190 -12 6 0
-191 -11 6 0
-157 -9 4 0
-170 -7 1 8
-170 -7 0 1
-186 -20 2 0
-185 -20 3 0
-166 -9 2 1000
-184 -22 3 0
-183 -21 3 1
-198 -39 8 1
-170 -7 3 1
-171 -8 1 1
-159 -27 5 0
-153 -37 3 0
-153 -36 4 0
-160 -46 5 0
-162 -38 1 1
-168 -36 2 0
-158 -16 9 1
-158 -16 10 1
-159 -16 11 1
-191 -8 5 0
-191 -8 6 0
-189 -8 5 0
-190 -50 9 1
-194 -50 6 13
-152 -49 4 1
-197 -19 8 1
-197 -18 8 1
-178 -50 9 0
-178 -50 8 0
-179 -50 9 1
-179 -50 7 0
-179 -50 8 0
-152 -1 2 4
-151 -1 2 4
-174 -23 7 0
-173 -24 6 0
-173 -25 5 0
-173 -24 5 0
-164 -32 3 1
-185 -42 1 0
-174 -49 7 0
-163 -22 8 3
-196 -8 3 4
-198 -15 7 1
-199 -12 7 0
-160 -39 3 1
-195 -12 6 0
-195 -12 4 0
-175 -46 0 3
-177 -46 2 0
-175 -44 2 0
-177 -45 -2 1
-177 -45 3 0
-179 -44 -1 4
-180 -6 -1 1
-180 -5 -1 1
-179 -7 0 2
-180 -8 -1 1
-179 -8 -1 1
-178 -8 -1 1
-181 -9 4 1
-180 -9 5 1
-180 -7 0 2
-181 -6 -1 1
-182 -6 4 1
-182 -6 5 3
-183 -7 6 1
-183 -6 4 1
-183 -6 5 1
-183 -6 6 1
-176 -47 1 1
-192 -49 11 1
-193 -50 12 1
-193 -49 12 1
-193 -48 12 1
-192 -50 12 1
-192 -49 12 1
-191 -50 12 1
-191 -49 12 1
-170 -21 3 0
-170 -21 4 0
-171 -20 3 0
-171 -20 4 0
-186 -47 10 1
-186 -48 10 1
-187 -48 8 1
-186 -47 9 3
-187 -12 4 0
-158 -10 4 0
-156 -10 0 1
-180 -40 3 0
-182 -41 5 0
-182 -41 4 0
-183 -41 5 0
-183 -41 4 0
-160 -4 0 1
-156 -38 0 1
-164 -12 1 1
-186 -15 7 1
-199 -20 1 0
-186 -46 7 1
-164 -10 -1 1
-189 -48 10 1
-189 -48 9 0
-155 -23 0 1
-189 -49 7 1
-191 -50 6 1000
-159 -20 11 1
-162 -43 6 0
-160 -42 7 0
-172 -50 5 1000
-158 -12 -1 1
-200 -33 4 0
-159 -28 3 3
-160 -27 3 1
-151 -46 2 4
-151 -46 1 1
-199 -23 1 0
-169 -28 1 3
-161 -30 1 1
-197 -47 8 1
-198 -46 8 1
-197 -45 8 1
-197 -46 8 1
-156 -47 1 0
-154 -17 10 0
-160 -7 5 1
-154 -35 1 1
-159 -6 0 4
-154 -50 0 1
-160 -31 0 1
-160 -30 0 1
-160 -29 0 1
-199 -43 0 0
-200 -43 2 0
-199 -43 1 0
-200 -42 1 0
-158 -39 6 0
-188 -21 4 1
-188 -22 4 2
-189 -21 4 1
-189 -22 4 1
-189 -23 4 1
-188 -22 3 4
-188 -21 3 2
-189 -14 4 8
-183 -44 4 0
-171 -23 2 1
-171 -24 4 0
-171 -25 4 0
-171 -24 3 0
-171 -25 3 1
-169 -25 4 0
-169 -25 3 1
-193 -10 -1 1
-193 -9 -1 1
-193 -9 3 0
-170 -27 2 1
-170 -27 5 0
-164 -23 11 2
-166 -22 6 2
-199 -10 2 1
-166 -42 2 0
-165 -42 1 0
-165 -42 2 0
-165 -40 3 0
-165 -40 0 1
-166 -41 -1 1
-166 -40 -1 1
-166 -39 -1 1
-165 -41 -1 1
-199 -48 9 0
-159 -7 3 0
-159 -28 1 6
-160 -8 4 0
-160 -8 3 0
-162 -7 1 1
-163 -6 1 2
-155 -20 2 0
-152 -7 7 0
-151 -4 11 0
-151 -4 12 0
-159 -36 8 0
-159 -36 4 0
-159 -5 -1 1
-159 -6 -1 1
-199 -22 11 0
-200 -23 12 0
-200 -23 13 0
-200 -23 11 0
-199 -23 12 0
-199 -23 13 0
-172 -20 6 0
-173 -22 7 0
-191 -10 5 0
-191 -10 4 0
-165 -43 6 0
-191 -12 4 0
-158 -4 4 0
-158 -34 1 1
-158 -34 2 1
-200 -46 6 0
-198 -28 -1 1
-162 -8 2 4
-163 -8 3 1
-162 -4 1 2
-157 -3 -1 1
-156 -4 -1 1
-156 -3 -1 1
-185 -26 3 0
-165 -50 4 2
-185 -40 3 0
-156 -37 4 0
-155 -37 3 0
-155 -37 4 0
-156 -35 5 0
-152 -32 7 0
-153 -31 4 1
-153 -31 3 1
-154 -31 3 1
-168 -11 3 1
-168 -11 2 2
-152 -30 5 0
-170 -8 4 1
-170 -8 3 8
-185 -44 3 0
-197 -39 13 1
-197 -39 12 1
-197 -39 11 1
-200 -37 13 0
-200 -37 12 0
-200 -38 10 1
-200 -34 14 0
-176 -19 7 0
-151 -9 5 0
-151 -9 4 0
-156 -8 4 0
-156 -9 4 0
-156 -8 5 0
-156 -8 3 0
-156 -9 3 0
-171 -31 7 0
-172 -30 9 0
-172 -30 5 0
-170 -31 6 0
-159 -42 4 0
-179 -9 3 10
-189 -45 1 2
-179 -8 2 1
-179 -8 3 7
-180 -8 1 1
-180 -8 2 1
-180 -9 2 1
-181 -9 2 1
-159 -44 -1 1
-159 -44 0 1
-161 -42 -2 1
-159 -42 8 0
-159 -42 7 0
-158 -1 2 0
-157 -2 2 0
-156 -3 2 0
-200 -50 8 0
-198 -50 9 0
-199 -49 8 0
-151 -16 3 1
-151 -17 3 1
-199 -34 2 0
-195 -30 4 1
-195 -30 3 1
-195 -30 2 1
-178 -14 1 1
-178 -14 2 1
-175 -18 6 0
-175 -18 7 0
-186 -32 2 0
-175 -20 8 0
-185 -31 3 0
-186 -31 2 0
-185 -31 2 0
-187 -31 3 1
-187 -30 3 0
-198 -33 2 0
-200 -40 7 0
-199 -42 6 0
-159 -26 2 1
-182 -17 4 0
-180 -18 5 0
-181 -19 6 0
-156 -49 -1 1
-158 -41 1 4
-173 -30 5 0
-153 -26 5 0
-157 -42 1 1
-157 -42 2 1
-157 -41 2 1
-160 -41 1 1000
-160 -40 -1 1
-159 -40 -1 1
-161 -3 4 1
-151 -35 10 1
-151 -36 9 1
-151 -35 9 1
-151 -34 9 1
-176 -44 2 0
-176 -44 1 0
-171 -45 1 1
-171 -45 0 1
-152 -13 10 0
-154 -2 11 0
-185 -43 2 0
-185 -43 3 0
-185 -43 1 0
-198 -46 9 4
-173 -22 3 0
-174 -21 4 0
-174 -21 2 1
-175 -22 3 0
-175 -22 4 0
-175 -22 2 0
-173 -24 2 0
-171 -24 2 1
-173 -22 4 0
-173 -22 5 0
-173 -22 1 1
-198 -45 9 1
-153 -47 5 0
-153 -40 4 0
-153 -48 4 0
-153 -48 5 0
-153 -49 5 0
-152 -1 5 0
-151 -2 5 0
-175 -35 5 0
-160 -13 1 1
-187 -10 5 0
-160 -13 0 1
-168 -37 3 0
-168 -36 3 0
-185 -49 4 0
-159 -32 2 1
-159 -32 1 6
-154 -2 5 0
-161 -42 -1 1
-156 -47 2 1
-156 -44 6 0
-181 -13 2 8
-182 -14 1 1
-187 -25 4 1
-186 -44 2 0
-166 -9 3 13
-166 -8 0 1
-166 -6 3 1
-166 -7 3 1
-166 -8 3 4
-166 -6 2 1
-166 -28 10 0
-151 -25 3 1
-151 -26 3 1
-151 -26 2 1
-151 -26 1 1
-151 -24 3 1
-153 -28 1 1
-160 -34 3 0
-159 -36 6 0
-155 -28 2 1
-155 -20 10 0
-153 -19 9 0
-199 -48 11 0
-164 -39 1 1
-160 -37 -1 1
-155 -29 5 0
-155 -29 4 0
-171 -32 1 0
-163 -10 4 1
-168 -9 0 3
-174 -8 1 0
-157 -25 6 0
-158 -25 6 0
-156 -27 6 0
-155 -13 0 1
-156 -13 0 1
-185 -21 -1 1
-155 -27 6 0
-200 -17 5 0
-199 -17 4 0
-177 -13 9 0
-177 -13 10 0
-177 -13 8 0
-174 -15 8 0
-175 -13 11 0
-175 -13 7 0
-164 -43 1 0
-155 -48 1 0
-157 -49 2 0
-159 -27 1 1
-154 -23 4 0
-154 -23 3 0
-172 -10 -1 1
-172 -9 -1 1
-172 -9 2 0
-153 -16 9 0
-190 -8 2 3
-190 -8 1 1
-200 -46 9 1
-174 -37 0 0
-174 -37 4 0
-173 -38 1 0
-175 -37 1 0
-172 -46 0 1
-183 -5 5 1
-183 -5 6 1
-182 -6 6 1
-182 -5 4 2
-182 -5 5 2
-175 -12 5 0
-153 -15 10 0
-159 -3 2 1
-163 -6 0 4
-165 -23 34 1
-164 -23 33 0
-164 -23 34 0
-163 -24 33 0
-164 -25 33 0
-164 -25 34 0
-163 -25 33 0
-163 -25 34 0
-162 -24 33 0
-161 -25 33 0
-161 -25 34 0
-162 -23 34 0
-161 -23 35 0
-161 -22 35 0
-164 -21 35 1
-163 -21 35 1
-162 -22 35 1
-162 -21 35 1
-163 -22 35 3
-164 -22 36 4
-164 -21 36 1
-163 -22 36 4
-151 -48 3 0
-189 -11 7 0
-197 -31 4 8
-158 -23 5 0
-158 -23 6 0
-159 -23 5 0
-159 -23 6 0
-190 -10 0 2
-185 -10 6 0
-167 -43 5 0
-165 -11 0 2
-165 -11 1 12
-166 -8 2 8
-151 -48 0 1
-166 -44 -1 1
-165 -45 2 0
-167 -44 3 0
-167 -44 4 0
-167 -44 2 0
-167 -47 3 0
-187 -21 0 1
-188 -21 0 1
-188 -22 0 1
-191 -47 9 23
-198 -30 -1 1
-197 -30 -1 1
-177 -16 1 1
-175 -15 5 0
-166 -8 1 1
-167 -6 2 1
-195 -49 9 1
-193 -50 10 1
-193 -50 8 4
-173 -21 0 1
-174 -21 0 1
-173 -21 3 0
-171 -21 2 0
-172 -21 4 0
-171 -21 3 0
-199 -2 5 1
-200 -39 11 0
-172 -42 5 0
-172 -42 1 0
-172 -38 4 0
-171 -41 4 0
-171 -39 4 0
-184 -4 2 4
-184 -3 1 2
-186 -47 5 0
-186 -47 6 1
-188 -47 8 1000
-188 -47 7 1
-187 -43 5 1
-188 -43 5 8
-188 -44 5 1000
-189 -43 5 1
-189 -44 5 1
-189 -45 5 1
-189 -4 1 1
-189 -4 2 1
-189 -4 3 1
-188 -4 1 3
-156 -13 -1 1
-156 -14 -1 1
-156 -15 -1 1
-174 -13 10 0
-177 -12 8 0
-177 -12 10 0
-177 -12 9 0
-177 -10 8 0
-176 -11 8 0
-177 -10 10 0
-177 -10 9 0
-176 -11 9 0
-175 -10 8 0
-173 -26 4 0
-171 -26 5 0
-171 -26 2 1
-172 -27 1 1
-172 -26 1 1
-172 -25 1 1
-171 -25 1 2
-170 -25 1 1
-157 -10 5 0
-152 -1 10 0
-152 -1 11 0
-172 -21 3 0
-151 -18 5 0
-152 -39 0 1
-151 -39 0 1
-198 -43 0 1
-199 -43 2 0
-197 -44 1 1
-181 -44 2 0
-155 -31 4 9
-156 -28 3 0
-169 -28 4 0
-153 -6 8 0
-152 -8 9 0
-169 -14 2 2
-152 -2 4 0
-179 -47 6 0
-187 -33 1 1
-187 -33 4 0
-186 -35 1 0
-187 -35 1 0
-168 -32 2 1
-188 -35 1 0
-190 -32 2 1
-190 -32 1 1
-191 -32 2 1
-171 -33 3 0
-172 -32 2 0
-195 -32 7 1
-195 -32 8 1
-195 -31 7 1
-195 -31 8 1
-169 -49 7 0
-194 -31 7 1
-157 -27 5 0
-157 -27 8 0
-157 -27 7 0
-187 -23 4 1
-186 -20 4 0
-186 -20 0 2
-187 -20 -1 1
-187 -19 -1 1
-186 -20 -1 1
-198 -42 6 2
-198 -43 6 4
-198 -42 5 5
-197 -42 5 1
-197 -42 4 1
-197 -42 3 1
-197 -43 5 1
-197 -43 4 2
-197 -43 3 1
-198 -42 4 4
-189 -16 5 1
-175 -32 4 0
-158 -7 0 1
-164 -45 0 1
-158 -20 7 1
-158 -19 5 4
-158 -19 6 2
-159 -20 5 5
-160 -20 4 2
-160 -19 4 1
-156 -30 6 0
-176 -43 6 0
-176 -45 5 0
-152 -23 3 0
-175 -19 7 0
-176 -20 6 0
-169 -44 4 0
-199 -14 6 0
-199 -35 9 1
-186 -34 4 0
-186 -34 5 0
-188 -34 4 0
-171 -19 5 0
-152 -3 4 0
-162 -45 2 0
-163 -9 -1 1
-161 -34 1 1000
-156 -47 3 1
-192 -50 8 8
-192 -50 9 3
-179 -12 3 1
-166 -44 4 0
-187 -12 3 0
-186 -12 2 0
-186 -11 3 0
-172 -38 1 0
-170 -39 2 0
-156 -36 2 0
-156 -41 3 1
-156 -41 2 1
-156 -41 1 3
-153 -45 5 0
-170 -35 5 0
-170 -35 4 0
-172 -13 2 1
-152 -39 8 1
-172 -13 4 1
-172 -12 3 1
-172 -12 4 1
-154 -33 0 1
-154 -33 1 1
-158 -39 -1 1
-165 -28 8 0
-182 -14 3 2
-161 -42 6 0
-200 -2 6 1
-192 -45 9 1
-192 -45 7 1
-187 -48 6 0
-187 -50 7 0
-189 -50 7 1
-188 -49 8 0
-196 -34 0 1
-197 -34 0 1
-196 -33 1 1
-195 -34 3 0
-196 -35 3 0
-197 -34 3 0
-198 -34 4 0
-156 -8 6 0
-156 -6 5 0
-189 -29 3 1
-189 -29 2 1
-187 -29 2 0
-187 -29 3 0
-185 -30 2 0
-186 -30 2 0
-185 -30 3 0
-186 -30 3 0
-169 -9 0 4
-186 -31 -1 1
-186 -32 -1 1
-162 -10 1 1
-161 -10 2 1
-190 -10 4 0
-189 -11 4 0
-190 -12 4 0
-191 -12 2 0
-199 -7 0 1
-197 -8 3 7
-179 -5 -1 1
-179 -8 6 1
-179 -7 5 1
-181 -7 5 3
-181 -8 5 1
-177 -2 5 1
-200 -43 13 0
-176 -8 6 1
-177 -7 6 1
-177 -8 6 1
-178 -7 6 1
-180 -7 3 5
-180 -7 2 1
-162 -12 4 1
-159 -12 2 0
-160 -14 3 2
-161 -15 2 1
-175 -6 5 0
-175 -6 4 0
-178 -6 5 1
-180 -3 6 1
-180 -3 5 1
-180 -4 6 1
-180 -5 6 1
-176 -6 5 1
-174 -4 4 0
-175 -5 4 0
-175 -5 5 0
-176 -4 4 0
-175 -2 4 0
-175 -2 5 0
-175 -3 4 0
-173 -4 5 1
-174 -4 7 1
-176 -3 4 0
-163 -40 4 0
-175 -20 7 0
-176 -20 7 0
-174 -20 8 0
-161 -40 1 0
-162 -40 2 0
-199 -48 5 0
-200 -48 3 0
-199 -48 3 0
-163 -32 3 0
-165 -32 4 0
-199 -10 5 0
-159 -42 3 0
-174 -5 2 2
-173 -7 1 0
-164 -23 12 1
-164 -22 12 5
-166 -25 10 0
-174 -8 0 2
-175 -7 1 0
-170 -24 3 0
-190 -50 7 1000
-186 -34 3 0
-189 -39 3 2
-189 -39 2 2
-189 -39 1 2
-188 -39 2 5
-200 -42 13 0
-200 -42 12 0
-200 -42 10 1
-199 -3 2 0
-157 -20 6 0
-157 -19 6 1
-157 -19 7 1
-172 -3 5 1
-172 -2 4 1
-172 -2 5 1
-172 -1 4 1
-172 -1 5 1
-172 -1 7 1
-192 -49 0 1
-173 -32 3 0
-166 -35 7 0
-170 -40 6 0
-170 -40 7 0
-169 -40 6 0
-172 -42 6 0
-172 -42 7 0
-157 -13 5 0
-151 -40 4 2
-159 -4 2 1
-187 -28 3 0
-185 -28 2 0
-186 -29 2 0
-185 -29 3 0
-185 -28 3 0
-186 -29 3 0
-165 -6 3 1
-165 -6 2 1
-171 -1 47 1
-170 -1 47 0
-173 -2 47 0
-173 -3 47 0
-172 -2 47 0
-172 -3 47 0
-171 -2 47 0
-171 -3 47 0
-170 -1 48 0
-169 -1 45 1
-170 -28 9 0
-170 -28 10 0
-174 -1 48 1
-173 -2 48 0
-173 -1 48 1
-172 -2 48 0
-170 -1 49 0
-169 -2 47 0
-169 -2 48 0
-168 -12 2 3
-181 -48 1 1
-175 -1 48 1
-157 -1 8 0
-157 -1 9 0
-151 -3 9 0
-152 -1 9 0
-155 -4 9 0
-152 -4 9 0
-153 -3 8 0
-151 -2 9 0
-154 -5 9 0
-193 -35 6 0
-193 -34 8 1
-192 -35 8 1
-192 -34 8 1
-193 -15 5 1
-164 -39 6 0
-163 -39 7 0
-161 -19 10 1
-163 -23 8 1
-173 -40 7 0
-172 -50 1 1
-198 -31 0 2
-152 -4 1 1
-153 -3 2 1
-163 -44 0 1
-175 -34 2 0
-175 -35 2 0
-188 -10 5 0
-197 -29 11 1
-197 -30 10 1
-197 -29 10 1
-196 -30 10 1
-196 -29 10 1
-184 -4 3 2
-189 -30 3 1
-189 -30 4 1
-188 -30 2 9
-188 -30 3 8
-178 -46 9 0
-155 -23 12 0
-155 -23 9 0
-156 -24 10 0
-156 -24 11 0
-158 -24 11 0
-157 -26 11 0
-156 -25 10 0
-156 -25 11 0
-157 -24 12 0
-157 -24 9 0
-156 -32 14 1
-167 -30 2 5
-166 -38 5 0
-166 -37 5 0
-165 -37 5 0
-200 -21 3 0
-159 -33 0 1
-164 -40 5 0
-155 -14 6 0
-156 -41 11 0
-154 -41 10 0
-154 -41 11 0
-153 -41 10 0
-153 -41 11 0
-154 -39 12 0
-154 -39 9 0
-154 -39 8 0
-176 -37 3 0
-189 -45 6 1
-196 -17 5 1
-196 -17 4 1
-197 -17 6 2
-197 -17 5 3
-197 -17 4 1
-151 -41 10 1
-151 -41 12 1
-151 -42 13 1
-172 -12 -1 1
-157 -27 4 0
-199 -31 4 0
-200 -32 3 0
-153 -47 8 0
-153 -46 8 0
-155 -46 8 0
-156 -47 9 0
-156 -47 8 0
-155 -49 9 0
-155 -48 9 0
-155 -48 8 0
-154 -49 9 0
-175 -4 4 0
-176 -5 4 0
-176 -5 5 0
-172 -2 3 1
-172 -3 3 1
-172 -4 5 1
-172 -4 4 1
-166 -33 10 0
-166 -33 9 0
-167 -32 10 0
-167 -32 9 0
-154 -42 -1 1
-160 -42 -1 1
-160 -43 -1 1
-170 -47 -1 1
-169 -49 -1 1
-168 -49 -1 1
-160 -42 0 5
-167 -46 -2 1
-199 -12 3 0
-200 -11 2 1000
-200 -11 4 0
-200 -49 12 0
-200 -49 10 0
-158 -20 9 2
-174 -3 4 1
-176 -2 5 0
-176 -2 6 0
-176 -2 9 0
-176 -4 6 0
-176 -4 7 0
-177 -3 6 1
-177 -3 7 0
-173 -3 5 3
-174 -3 5 1
-169 -30 1 1
-155 -35 -1 1
-152 -22 3 0
-154 -46 4 1
-154 -17 9 0
-163 -44 3 0
-163 -44 1 1
-161 -20 11 1
-161 -20 12 1
-155 -25 4 0
-197 -3 1 1
-197 -3 2 1
-197 -3 3 1
-199 -4 2 0
-199 -5 2 0
-199 -5 3 0
-200 -5 -1 1
-153 -27 7 0
-200 -3 -1 1
-156 -49 5 1
-185 -35 2 0
-185 -48 10 1
-160 -31 1 1000
-162 -25 3 1
-153 -17 5 0
-200 -10 3 0
-177 -16 6 0
-177 -16 4 0
-179 -20 7 0
-156 -49 8 0
-199 -5 -1 1
-199 -6 -1 1
-173 -21 7 0
-173 -20 7 0
-173 -21 6 0
-174 -21 7 0
-172 -21 8 0
-172 -21 5 0
-168 -18 2 4
-168 -18 1 1
-196 -7 1 1
-180 -10 2 0
-166 -25 6 0
-171 -14 3 20
-165 -28 5 0
-165 -28 4 0
-167 -28 5 0
-167 -25 5 0
-165 -25 5 1
-165 -26 5 1
-163 -25 5 1
-163 -26 5 1000
-163 -27 5 1
-159 -42 -1 1
-191 -13 2 1
-185 -9 7 0
-187 -9 6 0
-187 -8 6 0
-188 -3 5 1
-172 -25 8 0
-173 -24 9 0
-200 -50 0 0
-198 -5 2 1
-164 -35 2 7
-151 -6 9 0
-160 -36 3 1
-160 -37 4 0
-152 -1 7 0
-182 -8 2 1
-173 -23 5 0
-174 -23 6 0
-174 -23 5 0
-174 -22 5 0
-165 -33 4 0
-166 -34 3 1
-165 -34 4 0
-165 -36 4 0
-165 -32 1 1
-180 -16 1 7
-180 -17 1 22
-178 -13 3 3
-178 -14 4 1
-175 -14 2 0
-175 -14 3 0
-176 -15 4 1
-176 -15 3 1
-197 -29 6 2
-197 -29 7 2
-197 -28 7 1
-198 -28 3 1
-197 -28 3 1
-198 -32 5 2
-198 -32 4 1
-200 -31 7 0
-188 -41 1 2
-188 -41 2 9
-187 -2 1 1
-188 -1 0 1
-187 -1 0 1
-186 -1 0 2
-187 -4 3 0
-187 -5 3 0
-159 -46 0 1
-167 -27 3 1
-199 -38 4 0
-200 -37 4 0
-199 -30 7 0
-198 -31 4 1
-199 -33 7 1
-163 -39 0 3
-157 -11 4 0
-198 -27 3 1
-192 -49 10 1
-200 -47 3 0
-200 -47 5 0
-199 -47 4 0
-200 -47 4 0
-177 -11 4 1
-179 -14 4 1
-192 -50 6 11
-162 -8 3 4
-200 -36 3 0
-200 -36 4 0
-173 -50 6 1
-172 -50 6 1
-190 -45 10 1
-169 -17 2 8
-169 -17 1 1
-169 -17 0 1
-172 -24 7 0
-200 -14 7 0
-173 -24 8 0
-172 -24 8 0
-174 -24 9 0
-174 -24 6 0
-188 -9 -1 1
-188 -10 -1 1
-188 -11 -1 1
-187 -10 0 2
-187 -10 4 0
-165 -36 2 1
-188 -29 -1 1
-173 -30 8 0
-173 -29 6 0
-173 -31 3 0
-172 -31 3 0
-170 -31 4 0
-184 -50 -1 1
-154 -50 -1 1
-154 -49 -1 1
-189 -45 4 1
-167 -38 3 0
-184 -14 0 1
-165 -43 5 0
-166 -44 5 0
-151 -23 7 0
-164 -22 4 1
-163 -22 5 3
-164 -21 5 1
-160 -20 7 1
-160 -21 7 1
-160 -21 6 1
-160 -21 5 1
-161 -22 6 0
-156 -24 4 0
-151 -22 1 7
-197 -32 14 1
-156 -7 0 1
-155 -19 4 0
-152 -41 1 2
-198 -7 0 1
-167 -19 8 1
-167 -19 9 1
-192 -33 8 1
-154 -28 1 1
-198 -1 3 4
-197 -2 2 1
-197 -2 3 1
-197 -2 4 1
-197 -1 2 1
-197 -1 3 1
-197 -1 4 1
-172 -11 -1 1
-171 -10 0 4
-170 -13 4 1
-169 -10 0 1
-175 -9 3 1
-173 -9 0 1
-169 -40 2 0
-170 -39 0 1
-170 -39 -1 1
-160 -7 -1 1
-161 -5 -1 1
-159 -35 0 1
-158 -28 0 1
-168 -19 1 1
-171 -20 2 0
-171 -18 5 0
-155 -13 3 0
-157 -50 8 1
-154 -25 0 1
-155 -25 2 1
-168 -29 8 0
-152 -44 5 0
-168 -28 6 0
-163 -35 1 4
-163 -36 2 6
-163 -36 1 1
-162 -5 1 3
-153 -37 4 0
-199 -35 3 0
-200 -34 4 0
-190 -48 11 0
-197 -18 2 1
-162 -41 2 0
-161 -41 2 0
-162 -41 1 0
-161 -41 1 0
-170 -46 6 0
-171 -45 5 0
-171 -44 5 0
-171 -43 4 0
-155 -33 3 18
-170 -50 2 0
-170 -50 3 1000
-170 -49 1 0
-170 -50 1 0
-169 -50 3 1
-169 -16 1 3
-177 -19 5 0
-178 -19 6 0
-167 -40 0 1
-167 -38 -1 1
-167 -39 -1 1
-167 -40 -1 1
-165 -39 -3 1
-166 -39 -3 1
-167 -39 -3 1
-166 -38 -2 1
-167 -39 2 0
-165 -38 -3 1
-166 -38 -3 1
-184 -29 2 4
-181 -4 7 1
-178 -5 9 1
-179 -7 6 1
-179 -7 7 1
-179 -7 10 0
-181 -7 9 1
-180 -7 9 1
-181 -7 8 1
-180 -7 8 1
-180 -6 9 1
-178 -4 9 1
-178 -4 8 1
-178 -4 7 3
-178 -5 8 1
-178 -5 7 1
-179 -4 9 1
-165 -37 -3 1
-166 -37 -3 1
-165 -36 -2 1
-166 -40 0 1
-167 -37 0 0
-167 -37 2 0
-167 -37 1 0
-168 -35 0 1
-169 -36 0 21
-168 -36 0 2
-164 -36 -3 1
-165 -36 -3 1
-166 -36 -3 1
-165 -35 -2 1
-165 -39 0 2
-166 -38 0 1
-166 -39 0 3
-166 -36 1 0
-164 -33 -3 1
-164 -34 -3 1
-164 -35 -3 1
-165 -35 -3 1
-166 -35 -3 1
-166 -27 0 0
-168 -26 -2 2
-169 -27 -3 1
-168 -27 -3 1
-167 -27 -3 1
-164 -34 4 0
-162 -2 0 1
-179 -7 8 1
-178 -6 9 1
-178 -7 9 0
-178 -6 8 1
-178 -7 8 0
-177 -9 6 0
-177 -9 7 0
-177 -9 10 0
-179 -10 8 0
-179 -9 9 0
-179 -9 8 0
-178 -8 9 0
-179 -8 8 0
-178 -8 8 0
-164 -31 2 1
-165 -33 0 0
-165 -33 -3 1
-166 -33 -3 1
-167 -33 -3 1
-166 -32 -2 1
-166 -34 0 0
-167 -33 0 0
-175 -24 10 0
-175 -22 10 0
-175 -22 11 0
-172 -20 9 0
-174 -20 9 0
-173 -20 10 0
-173 -20 8 0
-176 -22 10 0
-176 -22 8 0
-174 -20 11 0
-172 -19 9 0
-172 -19 10 0
-173 -18 9 0
-174 -18 11 0
-172 -17 9 0
-172 -17 10 0
-173 -16 9 0
-173 -16 10 0
-174 -15 9 0
-174 -15 10 0
-175 -16 9 0
-175 -16 10 0
-176 -17 9 0
-176 -17 10 0
-174 -17 11 0
-174 -17 8 0
-174 -17 7 0
-172 -16 9 0
-170 -46 2 0
-163 -3 1 1
-170 -10 -1 1
-182 -41 3 0
-170 -48 2 0
-192 -33 3 1
-156 -46 3 2
-165 -34 6 0
-180 -11 4 0
-180 -11 5 0
-180 -11 0 3
-153 -43 1 1
-170 -11 3 11
-177 -10 5 1
-187 -3 -1 1
-186 -4 0 1
-186 -4 4 0
-184 -3 3 1
-183 -4 1 1
-183 -4 2 1
-183 -4 3 1
-183 -3 1 1
-183 -3 2 1
-183 -3 3 1
-185 -6 3 0
-185 -6 2 0
-186 -46 5 0
-183 -48 10 1
-188 -47 9 8
-187 -44 6 1
-188 -44 6 13
-186 -44 7 0
-188 -43 6 2
-189 -43 8 1
-189 -43 7 1
-189 -43 6 1
-189 -44 8 1
-187 -39 0 2
-159 -8 1 1
-188 -14 3 1000
-153 -20 0 1
-158 -4 3 0
-151 -10 9 0
-162 -44 3 0
-160 -4 4 0
-155 -32 0 1
-153 -18 3 0
-170 -48 -1 1
-170 -49 -1 1
-169 -48 0 4
-167 -49 2 1
-176 -18 6 0
-178 -18 6 0
-174 -16 2 1
-175 -17 3 1
-176 -17 3 0
-154 -49 8 0
-153 -48 9 0
-152 -49 9 0
-152 -48 9 0
-153 -48 8 0
-152 -48 8 0
-154 -47 11 0
-154 -47 8 0
-154 -47 7 0
-154 -50 9 0
-152 -49 8 0
-153 -49 9 0
-154 -48 7 0
-151 -49 8 0
-155 -50 9 0
-153 -50 9 0
-152 -50 8 0
-152 -50 9 0
-153 -49 10 0
-153 -49 7 0
-151 -50 8 0
-151 -50 7 0
-152 -48 7 0
-153 -48 7 0
-153 -50 10 0
-151 -50 9 0
-152 -49 7 0
-200 -9 6 0
-200 -40 13 0
-200 -40 14 1
-200 -40 9 1
-200 -41 8 1
-199 -41 8 1
-179 -10 3 1
-190 -14 8 1
-190 -13 8 1
-190 -12 8 1
-189 -13 8 1
-189 -16 7 1
-188 -12 8 0
-178 -14 5 0
-178 -15 5 0
-178 -13 5 0
-177 -14 5 0
-180 -12 2 1
-180 -15 -1 1
-179 -15 -1 1
-179 -14 -1 1
-178 -15 -1 1
-178 -14 -1 1
-176 -15 5 0
-177 -14 -1 1
-196 -50 6 1
-153 -23 8 0
-167 -35 0 0
-166 -35 2 0
-184 -49 7 0
-186 -50 8 1
-167 -11 0 1
-168 -10 5 1
-168 -9 5 1
-168 -8 5 1
-159 -10 0 1
-159 -9 0 2
-164 -4 -1 1
-164 -4 0 1
-164 -4 1 1
-163 -4 -1 1
-166 -7 -1 1
-166 -6 -1 1
-168 -10 0 1
-160 -11 -1 1
-160 -11 0 1
-160 -11 5 1
-159 -10 4 0
-158 -11 4 0
-157 -28 2 1
-157 -27 2 1
-191 -48 6 1000
-191 -48 10 1
-197 -39 0 1
-172 -50 -2 1
-172 -49 -2 1
-169 -22 2 0
-158 -49 9 0
-165 -40 8 0
-161 -31 7 0
-162 -29 7 0
-163 -29 7 0
-164 -29 7 0
-164 -32 7 0
-163 -32 8 0
-163 -33 7 0
-162 -32 7 0
-163 -31 7 0
-163 -31 6 0
-153 -24 5 0
-155 -23 8 0
-161 -2 7 1
-170 -34 7 0
-171 -35 8 0
-171 -35 7 0
-172 -35 7 0
-172 -35 8 0
-173 -37 8 0
-156 -22 4 0
-174 -36 8 0
-174 -38 9 0
-158 -27 9 0
-159 -27 9 0
-158 -26 9 0
-159 -25 9 0
-161 -26 9 0
-161 -27 9 0
-160 -27 10 0
-161 -27 10 0
-160 -28 9 0
-161 -29 9 0
-161 -28 10 0
-161 -28 9 0
-159 -29 9 0
-159 -29 10 0
-158 -29 9 0
-158 -28 10 0
-158 -28 9 0
-159 -27 11 0
-159 -27 8 0
-159 -27 7 0
-163 -24 34 0
-178 -11 3 0
-178 -12 2 1
-197 -40 3 1
-157 -41 1 2
-175 -12 0 10
-176 -1 2 0
-166 -34 9 0
-188 -33 6 1
-189 -15 7 1
-197 -13 3 0
-155 -46 0 1
-156 -45 1 1
-176 -7 1 0
-163 -25 9 0
-162 -25 9 0
-162 -26 9 0
-160 -32 3 1
-160 -32 2 1
-198 -50 8 0
-164 -50 5 1
-156 -29 1 7
-157 -50 3 2
-188 -40 -1 1
-192 -31 4 1
-197 -50 1 1
-197 -50 0 1
-198 -49 1 1
-167 -12 3 1
-160 -21 8 1
-160 -19 11 1
-182 -49 10 1
-182 -49 9 1
-189 -34 6 0
-189 -33 7 1
-190 -32 8 1
-189 -33 8 1
-189 -32 8 1
-188 -34 8 1
-188 -33 7 1
-191 -31 4 1
-191 -31 5 1
-151 -37 5 3
-179 -4 1 2
-170 -41 -1 1
-170 -40 -1 1
-169 -41 -1 1
-169 -40 -1 1
-155 -45 5 0
-173 -38 7 0
-172 -37 7 0
-174 -38 7 0
-174 -39 7 0
-174 -38 8 0
-171 -38 7 0
-170 -38 7 0
-171 -38 8 0
-171 -37 7 0
-171 -37 8 0
-172 -36 7 0
-172 -36 8 0
-174 -37 8 0
-174 -39 8 0
-172 -39 7 0
-173 -38 8 0
-173 -39 8 0
-183 -35 5 0
-183 -45 0 1
-183 -46 1 1
-183 -47 0 1
-189 -49 1 4
-186 -34 -1 1
-187 -34 -1 1
-187 -35 -1 1
-188 -34 -1 1
-188 -35 -1 1
-166 -45 5 0
-155 -33 5 1
-158 -13 2 0
-157 -13 2 0
-158 -12 4 0
-158 -12 5 0
-157 -13 0 1
-171 -14 1 5
-171 -14 0 1
-161 -30 0 1
-151 -1 12 0
-182 -8 4 1000
-196 -50 7 1
-163 -41 1 0
-163 -29 4 1
-199 -23 11 0
-200 -24 12 0
-181 -38 6 0
-181 -38 5 0
-197 -31 8 1
-176 -18 4 0
-176 -18 2 1
-165 -39 9 0
-157 -49 5 0
-157 -49 4 1
-176 -21 3 0
-179 -17 8 0
-181 -16 7 0
-159 -30 0 1
-159 -30 1 1000
-159 -29 0 1
-159 -28 0 1
-187 -39 2 1000
-175 -1 46 1
-175 -1 47 1
-186 -39 1 0
-186 -39 3 0
-186 -39 2 0
-187 -14 2 1
-186 -13 3 1
-186 -14 3 1
-186 -13 2 0
-186 -14 2 0
-174 -48 6 0
-151 -23 4 0
-153 -22 3 0
-151 -3 1 1
-187 -21 -1 1
-155 -21 6 0
-200 -13 6 0
-200 -13 5 0
-199 -13 6 0
-196 -13 7 2
-196 -13 6 6
-159 -20 6 2
-160 -19 5 1
-160 -19 6 1
-160 -19 7 1
-173 -23 0 1
-173 -22 0 1
-172 -24 0 1
-172 -22 0 1
-179 -41 5 0
-200 -37 6 0
-199 -37 5 0
-199 -36 6 0
-200 -35 7 0
-188 -29 4 1
-183 -30 2 1
-184 -9 1 0
-184 -9 3 1
-184 -9 -1 1
-184 -10 -1 1
-184 -11 -1 1
-185 -9 -1 1
-185 -10 -1 1
-185 -11 -1 1
-184 -10 0 3
-166 -34 4 0
-194 -9 7 0
-195 -6 6 1
-194 -7 6 0
-166 -32 3 1
-193 -9 7 0
-194 -8 6 0
-194 -8 5 0
-194 -6 6 1
-193 -7 6 0
-177 -39 5 0
-200 -37 5 0
-199 -37 4 0
-200 -38 3 0
-181 -17 4 0
-181 -17 6 0
-181 -17 5 0
-182 -18 4 0
-182 -18 6 0
-182 -18 5 0
-182 -17 5 0
-184 -16 6 0
-181 -15 6 0
-181 -14 5 1
-189 -14 8 1
-188 -13 8 1
-187 -13 8 1
-187 -12 8 1
-190 -11 7 0
-180 -16 4 1
-180 -16 6 0
-180 -16 5 0
-181 -16 5 0
-152 -34 7 1
-161 -42 3 0
-159 -32 4 1
-178 -12 -1 1
-173 -41 7 0
-173 -41 6 0
-171 -41 5 0
-173 -43 6 0
-173 -44 6 0
-173 -42 5 0
-173 -43 5 0
-163 -42 1 0
-158 -35 2 1
-158 -35 1 1
-158 -35 0 1
-158 -28 2 1000
-200 -24 -1 1
-200 -25 2 0
-200 -25 1 1
-188 -46 0 17
-188 -46 -1 1
-193 -8 2 4
-189 -8 1 1
-191 -7 1 1
-189 -12 7 0
-152 -49 0 1
-162 -2 7 1
-162 -1 7 1
-161 -2 6 1
-164 -35 1 8
-177 -11 -1 1
-186 -28 -1 1
-187 -28 -1 1
-165 -29 9 0
-163 -28 9 0
-164 -28 10 0
-165 -27 11 0
-166 -29 9 0
-174 -32 6 0
-183 -14 4 3
-182 -50 1 5
-151 -29 3 1
-182 -49 0 1
-154 -30 5 0
-154 -30 4 0
-182 -49 1 9
-182 -49 2 1000
-181 -49 0 1
-177 -12 0 1
-185 -45 4 0
-196 -50 2 0
-195 -49 3 1
-193 -49 4 1
-184 -27 2 1
-157 -20 4 0
-156 -20 4 0
-182 -39 4 0
-200 -23 6 0
-170 -4 42 0
-172 -6 42 0
-170 -6 43 0
-175 -16 3 0
-162 -41 4 0
-160 -40 7 0
-175 -16 2 1
-175 -15 2 0
-184 -11 3 1
-176 -16 4 0
-182 -13 5 1
-182 -12 5 1
-169 -4 42 0
-171 -4 42 0
-154 -17 11 0
-154 -17 8 0
-155 -15 4 0
-157 -40 -3 1
-159 -38 -3 1
-170 -3 42 0
-173 -2 39 1
-173 -2 40 2
-173 -2 41 1
-172 -2 39 1
-172 -2 40 4
-172 -2 41 1
-172 -5 42 0
-167 -6 39 1
-170 -5 43 0
-200 -27 0 1
-155 -18 10 0
-184 -33 2 1
-154 -18 9 0
-154 -18 10 0
-171 -12 1 1
-153 -45 3 1000
-153 -45 2 2
-153 -45 1 1
-152 -39 4 1000
-199 -30 10 1
-159 -39 8 0
-174 -4 39 1
-174 -3 39 1
-174 -3 40 1
-174 -3 41 1
-174 -2 39 1
-174 -2 40 1
-167 -38 7 0
-180 -3 4 1
-180 -2 4 1
-179 -2 4 1
-178 -2 4 4
-180 -3 0 1
-180 -2 0 1
-180 -1 0 1
-198 -44 7 1
-197 -45 7 1
-198 -44 4 1
-198 -45 3 1
-197 -45 3 1
-179 -1 2 1
-200 -46 5 0
-199 -45 5 0
-199 -45 6 0
-200 -44 7 0
-198 -45 5 1
-151 -13 4 0
-152 -13 5 0
-151 -13 5 0
-152 -12 4 0
-152 -12 5 0
-165 -36 10 0
-163 -37 7 0
-164 -37 9 0
-163 -37 8 0
-164 -37 8 0
-167 -36 7 0
-167 -36 9 0
-168 -9 4 1
-168 -10 4 1
-169 -8 4 1
-158 -9 -1 1
-158 -10 -1 1
-156 -32 2 1
-164 -39 0 4
-193 -8 3 5
-191 -9 4 0
-191 -9 2 0
-191 -10 3 0
-192 -10 3 0
-192 -10 4 0
-192 -10 2 0
-191 -12 3 0
-191 -11 4 0
-178 -2 3 6
-179 -1 4 1
-178 -1 4 3
-177 -1 4 1
-156 -11 5 0
-156 -12 4 0
-176 -9 2 1
-152 -36 2 1
-151 -33 3 1
-151 -33 4 8
-151 -33 5 12
-200 -35 4 0
-186 -20 3 0
-190 -46 8 38
-152 -33 6 1
-151 -33 6 2
-200 -39 10 1
-152 -33 5 0
-153 -34 4 2
-153 -28 2 1
-158 -32 3 5
-153 -36 2 1
-153 -35 2 1
-151 -36 2 1
-151 -35 2 1
-151 -34 2 1
-198 -32 14 1
-170 -16 5 2
-172 -23 0 1
-162 -24 4 0
-162 -24 6 0
-161 -24 4 0
-161 -24 6 0
-161 -24 5 0
-161 -25 5 0
-160 -26 6 0
-160 -26 5 0
-163 -26 7 0
-162 -27 6 0
-164 -27 6 0
-163 -24 4 1
-163 -24 6 0
-163 -24 5 0
-162 -25 6 0
-162 -24 5 0
-161 -26 6 0
-164 -26 6 0
-161 -28 5 1
-161 -29 5 1
-162 -29 5 1
-162 -29 4 1
-163 -28 6 0
-164 -24 6 0
-164 -24 5 1
-163 -25 6 0
-169 -49 5 1000
-186 -15 2 0
-151 -40 0 1
-187 -31 -1 1
-200 -26 -1 1
-152 -45 1 1
-163 -35 2 7
-162 -36 0 1
-162 -36 1 1000
-162 -36 2 37
-164 -7 3 1
-197 -47 2 1
-157 -2 3 0
-188 -50 4 0
-188 -50 5 0
-188 -49 4 1
-188 -49 5 1
-187 -50 5 0
-187 -49 5 0
-188 -48 5 1
-188 -47 5 1
-187 -48 5 0
-187 -47 5 0
-169 -26 7 0
-169 -26 8 0
-170 -25 9 0
-170 -25 6 0
-170 -25 5 0
-168 -25 8 0
-188 -48 6 1
-153 -13 5 0
-186 -33 -1 1
-187 -33 -1 1
-188 -33 -1 1
-187 -34 0 1
-187 -34 5 0
-187 -34 4 0
-190 -33 1 1
-191 -33 1 1
-189 -34 3 0
-190 -33 4 2
-163 -36 7 0
-163 -34 7 0
-166 -34 7 0
-167 -36 8 0
-178 -1 3 5
-178 -1 2 7
-178 -1 1 2
-179 -1 3 1
-178 -2 2 6
-177 -2 1 0
-176 -2 1 0
-176 -2 3 0
-175 -2 2 0
-176 -3 2 0
-173 -3 3 1
-173 -3 2 1
-173 -3 1 1
-176 -3 -1 1
-177 -3 -1 1
-178 -3 -1 1
-189 -31 2 1
-189 -32 4 3
-178 -48 2 1
-169 -10 1 1
-177 -48 2 1
-181 -49 2 6
-193 -10 0 2
-164 -39 -3 1
-179 -50 -1 1
-179 -49 -1 1
-178 -50 -1 1
-178 -49 -1 1
-151 -47 5 0
-151 -25 14 0
-155 -25 14 0
-155 -25 15 0
-154 -26 14 0
-155 -26 14 0
-155 -26 15 0
-155 -29 15 0
-155 -29 13 0
-154 -29 14 0
-154 -30 14 0
-165 -37 6 0
-154 -29 15 0
-154 -29 13 0
-152 -29 14 0
-153 -29 15 0
-152 -29 13 0
-154 -28 16 0
-154 -28 13 0
-154 -28 12 0
-177 -45 5 0
-179 -44 6 0
-170 -50 4 14
-170 -50 5 4
-167 -49 3 1
-167 -49 4 1
-169 -47 4 0
-169 -47 5 0
-153 -29 14 0
-152 -29 15 0
-153 -29 13 0
-153 -28 15 0
-153 -28 13 0
-153 -27 13 0
-154 -27 13 0
-155 -28 15 0
-155 -28 13 0
-155 -27 13 0
-156 -29 14 0
-156 -29 15 0
-156 -29 13 0
-155 -30 14 0
-156 -31 15 1
-157 -32 14 1
-157 -32 15 1
-157 -32 16 1
-157 -31 14 1
-157 -31 15 1
-157 -31 16 1
-157 -30 16 1
-181 -49 4 0
-156 -32 15 1
-156 -32 16 1
-156 -31 16 1
-155 -32 16 1
-155 -30 13 0
-154 -31 14 0
-198 -31 3 1
-198 -33 3 1
-198 -31 6 2
-198 -31 5 1
-189 -48 7 1
-189 -48 8 0
-190 -45 6 1
-191 -45 6 1
-184 -48 10 1
-165 -28 9 0
-184 -26 0 1
-184 -27 0 1
-184 -26 1 2
-183 -25 3 1
-180 -12 -1 1
-181 -11 0 1
-181 -11 5 1
-181 -11 4 1
-180 -12 3 1
-180 -14 4 1
-181 -14 4 1
-184 -14 1 2
-190 -15 2 1
-191 -14 2 1
-191 -15 2 1
-190 -13 4 1
-188 -11 4 0
-159 -6 4 0
-159 -6 5 0
-159 -6 3 0
-158 -26 4 0
-200 -40 0 0
-191 -11 3 0
-193 -12 2 0
-192 -11 4 0
-193 -12 3 0
-192 -11 3 0
-193 -10 2 0
-193 -10 4 0
-193 -10 3 0
-193 -9 2 0
-192 -9 4 0
-194 -7 4 2
-194 -7 3 2
-194 -8 3 5
-194 -8 2 3
-192 -7 1 1
-189 -4 4 1
-188 -5 4 1
-188 -4 4 1
-187 -4 4 1
-189 -4 0 1
-188 -4 0 1
-187 -4 0 1
-189 -8 0 1
-188 -8 0 1
-188 -7 0 1
-174 -18 2 1
-174 -19 2 1
-174 -18 4 0
-177 -42 4 0
-178 -41 5 0
-176 -41 4 0
-176 -42 4 0
-160 -5 3 0
-161 -7 2 1
-162 -7 2 18
-163 -7 2 10
-161 -7 6 1
-162 -7 6 1
-163 -7 6 1
-157 -22 5 0
-157 -22 6 0
-157 -24 7 0
-154 -25 6 0
-155 -24 7 0
-188 -32 8 1
-188 -33 8 1
-185 -47 4 0
-175 -7 4 1
-175 -7 3 1
-175 -8 4 1
-175 -8 3 4
-199 -15 2 0
-200 -16 1 0
-169 -39 4 0
-168 -39 5 0
-178 -16 5 0
-180 -15 5 0
-177 -34 6 0
-179 -19 6 0
-172 -30 4 0
-174 -15 4 0
-166 -7 41 1
-167 -8 39 1
-166 -10 39 1
-167 -9 40 6
-167 -10 40 1
-167 -11 40 1
-168 -10 40 8
-169 -10 40 15
-168 -11 40 1
-169 -11 40 1
-170 -10 40 4
-170 -11 40 1
-170 -9 41 1
-169 -8 41 1000
-168 -8 41 1
-168 -8 39 1
-168 -9 39 1
-168 -10 39 1
-169 -8 39 1
-169 -9 39 1
-169 -10 39 1
-170 -8 39 1
-170 -9 39 1
-170 -10 39 1
-178 -45 7 0
-177 -45 6 0
-164 -20 46 1
-163 -22 32 4
-164 -21 32 1
-164 -22 32 4
-161 -22 31 0
-161 -23 31 0
-162 -23 31 0
-163 -23 31 0
-177 -39 4 0
-152 -50 1 1
-200 -44 10 1
-161 -25 30 0
-162 -24 30 0
-162 -24 29 0
-163 -25 30 0
-164 -25 30 0
-163 -24 30 0
-163 -24 29 0
-164 -23 30 0
-165 -21 31 1
-165 -22 31 1
-165 -23 31 1
-162 -21 31 1
-162 -22 31 1
-163 -21 31 1
-163 -22 31 3
-164 -21 31 1
-164 -22 31 3
-161 -22 30 0
-161 -23 30 0
-162 -23 30 0
-162 -23 29 0
-163 -23 30 0
-161 -25 29 0
-162 -24 28 0
-163 -25 29 0
-164 -25 29 0
-163 -24 28 0
-164 -23 29 0
-165 -23 28 1
-165 -21 30 1
-165 -22 30 1
-165 -23 30 1
-178 -18 -1 1
-178 -17 -1 1
-159 -36 5 0
-166 -27 5 0
-160 -40 6 0
-171 -7 0 1
-171 -6 0 1
-183 -9 3 0
-184 -9 2 1
-183 -9 2 1
-182 -8 1 0
-183 -7 4 1
-162 -4 3 7
-162 -4 4 4
-161 -4 3 1
-181 -9 3 1
-200 -3 3 0
-167 -49 5 1000
-167 -50 3 1
-168 -50 3 1
-178 -15 3 1
-153 -43 2 6
-151 -13 1 1
-160 -43 -3 1
-160 -42 -3 1
-160 -41 -3 1
-181 -48 9 0
-198 -1 6 1
-157 -46 3 1
-157 -46 4 1
-156 -47 4 1
-157 -24 6 0
-182 -12 2 1
-181 -11 2 0
-183 -10 1 0
-185 -23 2 0
-185 -23 3 0
-186 -23 2 0
-161 -35 -1 1
-161 -36 -1 1
-165 -34 1 1
-165 -34 0 1
-165 -35 2 1
-165 -35 1 1
-165 -35 0 1
-165 -36 1 1
-182 -45 2 0
-182 -45 3 0
-153 -48 -1 1
-199 -12 0 1
-153 -50 -1 1
-156 -12 3 0
-154 -11 4 0
-155 -11 5 0
-155 -11 3 0
-156 -10 6 0
-153 -38 5 0
-152 -37 5 1
-189 -32 3 1
-189 -32 2 1
-188 -32 3 6
-162 -38 0 3
-163 -38 2 1
-172 -47 6 0
-173 -46 5 0
-173 -46 6 0
-172 -48 7 0
-175 -26 5 0
-174 -47 6 0
-172 -48 8 0
-173 -23 6 0
-199 -26 13 0
-200 -26 11 0
-171 -24 5 0
-165 -25 0 1
-160 -37 0 1
-160 -37 1 1
-160 -37 2 4
-161 -34 3 1
-151 -12 11 0
-151 -12 8 0
-151 -12 7 0
-200 -19 0 1
-178 -39 6 0
-199 -20 -1 1
-151 -19 5 0
-152 -17 6 0
-151 -17 6 0
-180 -47 2 0
-151 -17 5 0
-151 -16 6 0
-192 -8 3 6
-192 -7 2 1
-153 -39 4 0
-155 -39 3 0
-155 -38 4 0
-151 -26 4 1
-162 -42 0 1
-156 -32 0 1
-157 -32 2 8
-186 -49 5 0
-186 -49 4 0
-183 -47 -1 1
-183 -48 -1 1
-183 -49 -1 1
-177 -43 5 0
-177 -43 6 0
-176 -42 5 0
-175 -44 6 0
-176 -44 6 0
-175 -44 5 0
-176 -44 5 0
-179 -43 7 0
-179 -43 6 0
-178 -43 5 0
-178 -43 7 0
-160 -19 9 1
-170 -11 0 1
-169 -13 0 1
-170 -28 7 0
-161 -45 1 0
-163 -28 3 1
-200 -33 0 0
-160 -46 2 0
-153 -26 0 1
-160 -47 3 0
-196 -21 7 1
-195 -22 6 1
-195 -21 6 1
-175 -42 4 0
-168 -50 5 7
-177 -41 5 0
-177 -41 6 0
-177 -41 4 0
-169 -50 5 2
-169 -50 4 19
-178 -42 6 0
-178 -42 4 0
-178 -44 4 0
-177 -45 4 0
-175 -44 4 0
-177 -43 7 0
-200 -24 5 0
-199 -25 6 0
-181 -10 1 1
-181 -10 3 1
-181 -10 2 0
-181 -9 1 0
-196 -25 7 1
-197 -25 7 1
-165 -38 7 0
-165 -38 9 0
-165 -38 8 0
-166 -37 7 0
-166 -37 9 0
-166 -37 8 0
-189 -19 1 1
-189 -19 2 1
-189 -19 3 1
-188 -19 1 3
-188 -19 2 8
-188 -19 3 5
-155 -42 7 0
-160 -5 -1 1
-160 -6 -1 1
-161 -6 -1 1
-162 -10 -1 1
-157 -31 2 6
-157 -30 0 1
-190 -7 3 1
-159 -46 5 0
-159 -47 6 0
-157 -45 5 0
-156 -45 6 0
-161 -32 1 7
-172 -49 0 2
-173 -48 0 3
-173 -48 -1 1
-180 -7 7 1
-182 -7 9 1
-174 -48 0 8
-161 -23 8 0
-151 -12 2 1
-183 -3 8 5
-183 -3 7 1
-180 -2 9 1
-180 -2 8 3
-180 -2 7 1
-181 -2 9 1
-181 -2 8 5
-181 -2 7 1
-182 -2 9 1
-182 -2 8 1000
-182 -2 7 1
-178 -6 7 1
-179 -6 7 1
-180 -5 10 0
-182 -7 8 1
-183 -4 9 1
-183 -4 8 4
-183 -4 7 1
-183 -5 9 1
-183 -5 8 1
-183 -5 7 1
-183 -6 9 1
-183 -6 8 1
-183 -6 7 1
-182 -3 9 1
-182 -3 8 1000
-182 -3 7 1
-180 -3 9 1
-181 -3 9 1
-181 -3 8 5
-181 -3 7 1
-180 -3 8 4
-178 -3 9 1
-178 -3 8 1
-153 -43 3 1
-199 -9 1 3
-179 -4 8 2
-165 -24 5 1
-166 -39 3 0
-186 -16 1 0
-161 -26 7 0
-168 -9 -1 1
-180 -40 4 0
-169 -30 8 0
-184 -16 5 1
-151 -20 3 0
-161 -12 3 2
-161 -12 2 1
-161 -12 1 1
-200 -21 1 0
-157 -29 0 1
-161 -36 7 0
-162 -36 7 0
-163 -40 6 0
-166 -35 4 0
-163 -40 7 0
-187 -43 8 1
-187 -43 9 1
-158 -48 6 0
-152 -43 3 1
-172 -48 -1 1
-199 -32 5 0
-199 -32 4 0
-158 -4 1 3
-158 -3 0 3
-198 -18 3 0
-162 -25 10 0
-200 -7 4 0
-198 -38 3 1
-189 -21 3 1
-189 -21 2 1
-189 -21 1 1
-189 -22 3 1
-189 -22 2 1
-155 -36 3 0
-155 -41 0 1
-154 -43 0 1
-156 -34 1 1
-156 -33 0 1
-156 -33 1 5
-155 -34 1 1
-156 -34 2 0
-176 -44 -3 1
-185 -44 5 0
-185 -44 4 0
-159 -48 6 0
-196 -48 -1 1
-197 -48 -1 1
-198 -47 -1 1
-198 -48 -1 2
-196 -45 4 1
-198 -46 0 1
-198 -47 0 1
-198 -48 0 1
-198 -47 2 0
-199 -47 3 0
-198 -47 3 0
-165 -28 11 0
-167 -34 6 0
-168 -35 8 0
-164 -30 11 0
-178 -24 3 0
-196 -43 1 1
-157 -49 6 0
-157 -49 7 0
-196 -43 5 1
-196 -44 5 1
-196 -44 4 3
-196 -43 4 1
-196 -43 3 1
-196 -43 2 1
-196 -44 3 3
-193 -44 3 1
-194 -44 3 4
-194 -44 2 4
-195 -44 3 5
-195 -44 2 4
-192 -48 2 3
-192 -49 3 1
-195 -46 2 0
-195 -46 4 0
-195 -46 3 0
-162 -45 4 0
-167 -42 -2 1
-168 -42 -2 1
-169 -42 -2 1
-169 -43 -2 1
-151 -2 3 1
-192 -45 1 1
-192 -45 0 1
-192 -46 0 5
-192 -47 0 1
-186 -45 0 1
-193 -45 2 1
-171 -15 2 1
-171 -15 1 7
-178 -38 6 0
-161 -19 8 1
-157 -33 2 2
-162 -7 -1 1
-169 -32 1 2
-200 -27 2 0
-200 -27 1 1
-198 -40 12 3
-198 -40 11 3
-179 -47 4 0
-169 -37 5 0
-153 -50 7 0
-198 -28 6 1
-198 -28 5 3
-167 -28 8 0
-167 -28 9 0
-168 -38 6 0
-177 -34 1 0
-164 -22 27 2
-163 -22 27 2
-165 -22 27 1
-165 -21 27 1
-165 -23 27 1
-164 -23 26 0
-164 -23 27 0
-163 -24 26 0
-164 -25 26 0
-164 -25 27 0
-163 -25 26 0
-163 -25 27 0
-162 -24 26 0
-161 -25 26 0
-161 -25 27 0
-163 -23 28 0
-171 -37 9 0
-174 -32 2 0
-162 -23 27 0
-161 -23 28 0
-161 -22 28 0
-164 -21 28 1
-163 -21 28 1
-162 -22 28 1
-162 -21 28 1
-163 -22 28 3
-164 -22 29 4
-164 -21 29 1
-163 -22 29 4
-163 -21 29 1
-162 -22 29 1
-162 -21 29 1
-165 -22 28 1
-165 -21 28 1
-164 -22 28 3
-165 -23 29 1
-165 -22 29 1
-165 -21 29 1
-164 -23 28 0
-163 -24 27 0
-164 -25 28 0
-163 -25 28 0
-162 -24 27 0
-161 -25 28 0
-163 -23 29 0
-174 -31 2 0
-174 -31 3 0
-175 -31 2 0
-175 -31 3 0
-176 -31 2 0
-176 -31 3 0
-177 -33 2 0
-177 -33 3 0
-174 -34 3 0
-199 -13 1 1
-162 -23 28 0
-161 -23 29 0
-161 -22 29 0
-164 -22 30 4
-164 -21 30 1
-163 -22 30 4
-163 -21 30 1
-162 -22 30 1
-162 -21 30 1
-197 -39 10 1
-162 -23 9 1
-162 -23 10 0
-162 -24 10 0
-191 -46 9 17
-168 -44 1 0
-187 -35 7 0
-187 -35 6 0
-189 -37 4 1
-191 -34 5 1
-178 -45 5 0
-178 -45 6 0
-183 -9 4 0
-183 -6 3 0
-199 -12 6 0
-173 -26 8 0
-176 -23 7 0
-173 -23 7 0
-175 -25 5 0
-175 -25 6 0
-176 -16 2 1
-177 -18 8 0
-179 -17 7 0
-175 -16 1 8
-176 -15 0 4
-176 -8 2 5
-199 -39 4 0
-191 -38 3 1
-169 -45 3 0
-187 -23 2 0
-153 -1 0 1
-152 -1 0 1
-159 -33 6 0
-151 -1 3 0
-167 -9 0 4
-153 -1 12 0
-151 -23 0 1
-152 -23 2 1
-152 -23 1 6
-152 -44 4 0
-152 -43 4 0
-153 -43 5 0
-197 -10 4 0
-158 -26 5 0
-174 -30 2 0
-174 -30 3 0
-175 -30 2 0
-200 -18 -1 1
-196 -11 4 0
-197 -11 4 0
-196 -12 3 0
-169 -19 3 8
-196 -10 0 2
-169 -31 2 1
-161 -19 5 1
-159 -23 8 0
-151 -5 8 0
-160 -7 0 3
-187 -47 7 1
-187 -46 7 2
-184 -11 2 0
-166 -33 7 0
-159 -7 0 2
-166 -32 7 0
-163 -32 7 0
-193 -12 5 0
-194 -11 5 0
-194 -13 7 1
-187 -49 2 0
-184 -50 2 1
-189 -44 3 1
-153 -8 4 0
-153 -8 7 0
-152 -10 6 0
-168 -9 3 7
-151 -10 6 0
-153 -6 6 0
-152 -8 5 0
-156 -37 6 0
-156 -37 7 0
-158 -38 7 0
-158 -39 7 0
-157 -40 7 0
-158 -40 7 0
-156 -39 8 0
-156 -39 5 0
-152 -8 6 0
-200 -42 -2 1
-200 -42 0 0
-194 -50 10 2
-161 -44 1 1
-161 -44 2 0
-167 -35 3 0
-167 -35 2 0
-154 -20 6 0
-185 -24 2 0
-188 -24 2 0
-166 -30 9 0
-165 -30 10 0
-165 -30 11 0
-163 -21 7 1
-160 -24 10 0
-165 -30 9 0
-180 -39 3 0
-164 -31 7 0
-164 -33 7 0
-164 -30 7 0
-163 -30 7 0
-162 -31 7 0
-182 -40 6 0
-182 -40 4 0
-151 -20 1 8
-151 -20 0 1
-199 -36 9 1
-199 -37 9 1
-197 -12 6 0
-155 -1 6 0
-155 -1 7 0
-153 -24 3 0
-153 -26 2 1
-152 -20 0 1
-196 -9 5 0
-195 -11 5 0
-154 -24 3 0
-160 -21 12 1
-160 -20 12 1
-191 -13 4 0
-170 -43 1 0
-170 -43 2 0
-199 -7 -1 1
-154 -41 8 0
-157 -37 7 0
-159 -39 7 0
-157 -39 8 0
-157 -39 5 0
-154 -41 9 0
-154 -41 12 0
-153 -42 9 0
-153 -42 11 0
-153 -42 10 0
-154 -43 9 0
-154 -43 11 0
-154 -43 10 0
-154 -42 10 0
-156 -42 9 0
-156 -42 11 0
-156 -42 10 0
-155 -42 10 0
-156 -41 9 0
-155 -41 10 0
-156 -39 9 0
-156 -40 11 0
-153 -39 9 0
-153 -40 11 0
-151 -41 9 1
-197 -32 2 1
-198 -35 3 0
-187 -31 2 0
-174 -1 7 12
-175 -2 6 1
-174 -2 6 3
-174 -1 6 3
-158 -37 7 0
-158 -41 7 0
-158 -39 8 0
-173 -2 6 1
-173 -1 6 1
-182 -48 2 1
-170 -17 0 1
-171 -16 0 1
-171 -17 2 1
-189 -18 4 1
-188 -18 3 6
-188 -18 2 7
-188 -18 1 6
-192 -37 7 1
-192 -37 6 1
-193 -35 8 1
-193 -36 8 1
-193 -36 7 2
-193 -36 6 1
-193 -37 8 1
-178 -31 9 0
-180 -31 7 0
-162 -30 6 0
-162 -30 7 0
-162 -32 9 0
-162 -31 9 0
-191 -16 3 1
-190 -16 6 1
-192 -14 2 1
-190 -16 2 1
-189 -13 0 1
-190 -14 -1 1
-189 -14 -1 1
-177 -32 4 0
-189 -13 3 1
-190 -13 2 1
-188 -13 1 4
-188 -13 0 5
-188 -12 0 1
-187 -13 0 1
-198 -25 0 1
-170 -13 3 1
-169 -12 2 6
-170 -11 1 1
-170 -20 6 0
-184 -45 0 1
-184 -46 0 1
-184 -46 1 1
-177 -33 8 0
-176 -35 7 0
-165 -50 3 1
-177 -34 7 0
-168 -7 3 1
-177 -31 6 0
-169 -10 4 1
-176 -32 7 0
-169 -9 3 4
-169 -9 4 2
-169 -8 2 15
-169 -8 3 1
-158 -26 1 1
-188 -46 4 1000
-185 -45 1 0
-185 -45 3 0
-185 -45 2 0
-185 -41 1 0
-185 -41 3 0
-185 -41 2 0
-152 -20 5 0
-152 -2 5 0
-200 -2 3 0
-191 -40 3 1
-191 -40 2 1
-177 -35 8 0
-176 -36 7 0
-196 -49 12 1
-178 -36 7 0
-168 -34 6 0
-178 -33 7 0
-176 -8 3 9
-176 -33 7 0
-160 -19 8 1
-175 -35 7 0
-197 -48 9 0
-196 -49 11 1
-197 -50 12 1
-197 -49 12 1
-197 -48 12 1
-200 -26 7 0
-192 -6 2 1
-157 -30 4 1
-151 -48 -1 1
-173 -12 3 0
-156 -29 3 1
-158 -46 7 0
-173 -49 0 2
-174 -49 -1 1
-175 -49 1 135
-174 -49 0 8
-156 -22 6 0
-153 -31 5 0
-151 -40 2 1
-151 -39 3 2
-163 -3 0 1
-160 -33 0 1
-158 -34 4 0
-155 -44 3 3
-155 -48 2 0
-153 -22 6 0
-154 -34 2 10
-196 -31 14 1
-153 -8 10 0
-152 -6 6 0
-156 -29 2 1
-159 -34 7 0
-157 -35 5 0
-157 -35 6 0
-178 -11 1 0
-177 -12 2 1
-177 -10 -1 1
-177 -9 -1 1
-200 -48 -1 2
-159 -48 7 0
-163 -8 0 1
-164 -9 -1 1
-164 -8 -1 1
-164 -7 -1 1
-166 -28 7 0
-167 -9 3 4
-167 -9 4 1
-153 -22 0 1
-154 -22 2 1
-161 -33 2 1
-160 -28 0 1
-160 -27 0 1
-196 -30 6 1
-197 -30 7 2
-196 -32 7 1
-168 -31 8 0
-196 -30 7 1
-167 -32 8 0
-167 -31 8 0
-199 -37 -1 1
-197 -28 5 7
-197 -28 6 1
-196 -29 6 1
-196 -28 6 1
-154 -8 4 0
-199 -44 6 0
-199 -44 5 0
-186 -25 3 0
-166 -26 6 0
-166 -26 7 0
-166 -26 10 0
-165 -28 7 0
-174 -10 2 0
-174 -10 1 0
-173 -11 2 0
-173 -11 3 0
-173 -11 1 0
-172 -12 2 0
-172 -12 1 0
-177 -30 3 0
-172 -10 4 0
-172 -10 0 5
-173 -11 -1 1
-173 -9 -1 1
-152 -24 5 0
-151 -26 5 1
-152 -26 4 0
-152 -20 2 1
-152 -19 1 3
-152 -19 2 1
-162 -6 6 1
-163 -6 7 1
-154 -22 4 0
-154 -22 8 0
-154 -20 1 1
-154 -20 2 1
-155 -49 1 1
-153 -47 2 0
-152 -48 1 0
-155 -16 2 0
-158 -15 4 1
-159 -18 2 2
-159 -18 3 1
-159 -18 4 1
-158 -18 2 1
-158 -18 3 4
-158 -18 4 3
-157 -18 4 1
-159 -18 1 1
-181 -44 1 0
-182 -45 0 1
-183 -46 -1 1
-183 -45 -1 1
-196 -47 3 0
-196 -49 2 0
-195 -47 4 0
-196 -48 5 0
-197 -47 4 0
-194 -48 5 0
-194 -48 6 0
-194 -48 4 0
-160 -30 2 10
-160 -30 1 5
-183 -5 3 2
-183 -5 1 1
-156 -21 10 0
-156 -21 9 0
-157 -20 10 0
-175 -18 1 4
-168 -16 0 1
-175 -10 3 0
-169 -14 4 1
-175 -11 2 0
-175 -11 3 0
-175 -11 1 0
-178 -34 5 0
-189 -30 2 1
-191 -48 9 1
-161 -43 -1 1
-197 -39 1 1
-198 -38 1 1
-163 -39 -3 1
-198 -5 1 1
-156 -24 5 0
-155 -24 5 0
-167 -39 7 0
-163 -38 7 0
-175 -17 0 1
-164 -38 9 0
-163 -38 8 0
-164 -38 8 0
-174 -18 1 5
-160 -3 2 2
-152 -46 3 1000
-152 -46 4 0
-153 -44 1 1
-153 -44 2 2
-153 -44 3 1
-152 -47 3 1
-153 -47 3 0
-181 -49 -1 1
-190 -39 0 1
-190 -38 0 1
-190 -37 0 1
-187 -38 0 1
-188 -37 -1 1
-179 -11 -1 1
-179 -10 -1 1
-170 -30 7 0
-169 -30 6 0
-169 -28 6 0
-168 -13 2 1
-168 -13 1 2
-153 -15 1 1
-197 -43 2 1
-197 -43 1 1
-197 -43 0 1
-198 -42 1 1
-172 -31 7 0
-172 -31 8 0
-176 -34 7 0
-177 -14 1 10
-157 -15 3 0
-158 -16 1 1
-159 -15 1 1
-159 -16 1 1
-160 -14 1 1
-158 -38 5 0
-197 -41 5 1
-198 -47 11 0
-155 -49 6 1
-166 -25 -1 1
-166 -24 -1 1
-166 -23 -1 1
-165 -25 -1 2
-165 -24 -1 1
-165 -23 -1 1
-170 -25 2 1
-169 -26 2 1
-167 -25 1 0
-167 -25 2 0
-169 -24 -2 1
-170 -25 -3 1
-169 -25 -3 1
-168 -25 -3 1
-186 -13 5 1000
-186 -14 5 1
-187 -12 5 1
-187 -13 5 1
-187 -14 5 1
-186 -13 4 3
-185 -15 3 1
-152 -11 5 0
-152 -11 4 0
-151 -12 5 0
-194 -12 4 0
-194 -10 5 0
-186 -48 3 0
-188 -48 3 1
-197 -38 12 1
-197 -38 11 1
-177 -14 2 17
-174 -11 2 0
-174 -10 3 0
-173 -9 1 0
-174 -7 3 1
-174 -8 4 1
-173 -32 4 0
-173 -32 5 0
-177 -14 0 1
-177 -13 0 1
-155 -50 2 2
-158 -49 0 1
-176 -47 7 0
-175 -47 7 0
-177 -46 4 0
-188 -46 5 19
-188 -45 5 11
-187 -46 5 1
-187 -45 5 1
-196 -19 7 1
-195 -20 6 1
-151 -11 2 1
-151 -10 2 1
-160 -25 5 0
-159 -25 5 0
-159 -25 6 0
-160 -24 5 0
-160 -24 6 0
-160 -24 4 0
-161 -23 5 0
-161 -23 6 0
-161 -23 4 0
-160 -27 6 0
-194 -10 6 0
-161 -25 7 0
-161 -25 4 0
-161 -25 3 0
-196 -8 5 0
-153 -2 10 0
-155 -35 0 0
-156 -46 7 0
-184 -12 8 0
-185 -12 7 0
-154 -7 9 0
-182 -45 6 0
-175 -33 4 0
-175 -33 0 0
-166 -31 5 0
-165 -31 5 0
-168 -33 2 1
-173 -9 3 0
-186 -10 1 0
-183 -46 5 0
-156 -49 3 1
-185 -12 2 0
-195 -10 7 0
-151 -14 3 0
-152 -16 6 0
-166 -9 1 1
-186 -44 1 7
-187 -44 2 1000
-187 -44 1 1
-168 -40 6 0
-161 -31 2 1
-168 -6 1 1
-168 -6 2 1
-188 -44 1 4
-200 -15 -1 1
-152 -24 2 1
-178 -48 6 0
-169 -11 0 1
-168 -11 0 1
-152 -50 -1 1
-174 -12 0 5
-174 -12 4 0
-176 -11 0 1
-176 -9 0 1
-179 -12 0 1
-180 -12 4 1
-172 -4 40 4
-172 -4 39 1
-171 -6 42 0
-182 -12 0 1
-179 -31 7 0
-179 -31 5 0
-180 -32 6 0
-180 -32 7 0
-195 -47 10 1
-176 -14 4 1
-180 -12 0 1
-181 -12 0 1
-151 -7 9 0
-184 -9 6 0
-184 -9 5 0
-160 -27 1 1
-161 -8 -1 1
-189 -43 2 1
-188 -43 0 1
-188 -43 1 3
-188 -43 2 7
-187 -43 0 3
-188 -47 3 1
-189 -48 2 214
-189 -49 3 1
-187 -46 3 1
-187 -46 4 1
-153 -39 3 0
-157 -48 7 0
-182 -40 5 0
-164 -34 1 1
-151 -33 2 1
-182 -35 0 1
-182 -34 0 1
-182 -33 0 1
-181 -35 0 1
-178 -50 5 0
-179 -39 2 0
-200 -14 0 1
-200 -14 4 0
-198 -15 3 1
-160 -40 1 1
-159 -39 2 3
-151 -15 0 1
-160 -39 4 0
-152 -16 1 1
-175 -20 2 1
-155 -50 3 2
-178 -1 8 1
-178 -1 7 3
-152 -40 4 1000
-154 -39 2 0
-154 -39 6 0
-181 -2 6 1
-184 -46 3 0
-182 -47 4 0
-182 -47 5 0
-182 -47 3 0
-181 -46 4 0
-181 -46 5 0
-181 -46 3 0
-182 -2 10 0
-164 -37 3 1
-160 -34 4 0
-156 -33 2 12
-184 -47 5 0
-200 -49 -2 1
-183 -47 4 0
-185 -46 3 0
-184 -46 5 0
-185 -46 4 0
-183 -44 3 0
-155 -15 0 1
-191 -45 7 1
-172 -15 4 1
-163 -41 5 0
-199 -20 3 0
-166 -37 6 0
-167 -32 2 2
-159 -23 10 0
-175 -48 1 1
-175 -48 0 4
-175 -48 -1 1
-156 -24 0 1
-160 -35 5 0
-197 -10 7 0
-171 -20 5 0
-177 -37 6 0
-172 -29 6 0
-173 -29 7 0
-173 -29 8 0
-166 -47 -1 1
-165 -47 -1 1
-169 -37 3 0
-171 -33 1 0
-189 -5 2 1
-198 -22 5 0
-158 -1 1 1
-193 -14 5 2
-193 -14 4 1
-193 -15 6 1
-151 -6 7 0
-184 -48 3 0
-155 -12 4 0
-197 -38 10 1
-164 -6 4 1
-170 -6 2 1
-169 -8 1 1
-199 -23 6 0
-199 -23 5 0
-163 -9 0 4
-200 -28 6 0
-171 -11 1 1
-179 -45 0 2
-179 -45 1 1
-177 -43 0 0
-177 -43 2 0
-177 -43 1 0
-175 -43 2 0
-178 -46 2 0
-178 -43 0 1000
-178 -44 2 0
-178 -43 1 0
-175 -43 0 0
-176 -44 0 0
-175 -45 0 1
-174 -46 0 2
-175 -47 0 1
-175 -44 0 0
-176 -47 0 2
-177 -41 8 0
-178 -45 2 0
-177 -44 -3 1
-177 -45 -3 1
-177 -46 -3 1
-176 -45 -2 4
-176 -45 3 0
-174 -47 0 2
-175 -22 8 0
-175 -21 8 0
-177 -22 9 0
-177 -22 10 0
-177 -22 8 0
-177 -23 9 0
-177 -23 10 0
-177 -25 10 0
-175 -25 10 0
-174 -25 10 0
-175 -23 10 0
-175 -23 11 0
-175 -23 7 0
-195 -45 6 1
-194 -49 12 3
-194 -50 12 1
-193 -49 11 1
-192 -47 7 1
-191 -48 12 1
-175 -20 9 0
-175 -20 10 0
-176 -21 9 0
-176 -20 9 0
-176 -20 10 0
-176 -20 8 0
-167 -41 6 0
-167 -38 5 0
-174 -20 2 1
-174 -19 4 0
-174 -19 5 0
-174 -19 1 1
-175 -18 0 1
-174 -18 0 1
-192 -12 -1 1
-193 -11 0 2
-192 -12 3 0
-164 -50 6 1
-164 -50 4 1
-157 -21 10 0
-176 -30 1 0
-176 -30 4 0
-177 -32 2 0
-176 -30 2 0
-178 -30 2 0
-177 -29 3 0
-176 -30 3 0
-189 -47 5 3
-189 -48 5 8
-158 -7 -1 1
-157 -8 1 3
-157 -8 -1 1
-157 -9 1 1
-157 -9 -1 1
-157 -10 1 1
-157 -10 -1 1
-164 -21 6 1
-164 -22 6 12
-165 -21 7 1
-165 -21 6 1
-165 -22 6 7
-166 -21 8 1
-153 -29 6 0
-153 -27 4 0
-153 -26 6 0
-155 -26 3 0
-186 -10 3 0
-151 -43 4 0
-154 -40 4 0
-196 -31 11 1
-197 -30 12 1
-198 -33 1 1
-174 -2 2 4
-173 -1 1 1
-174 -1 0 1
-173 -1 0 1
-175 -1 2 1
-176 -1 3 0
-169 -10 -1 1
-169 -9 -1 1
-197 -10 2 1
-199 -9 3 0
-199 -8 4 0
-200 -8 3 0
-199 -12 4 0
-179 -6 1 1
-179 -6 2 1
-179 -6 3 1000
-177 -4 1 1
-177 -2 4 1
-177 -2 0 2
-178 -1 -1 1
-177 -1 -1 1
-176 -1 -1 1
-153 -28 4 0
-171 -22 3 1
-159 -30 4 1
-159 -30 2 2
-158 -29 3 3
-168 -20 0 1
-168 -21 0 1
-168 -22 0 1
-167 -22 1 1
-170 -21 2 0
-170 -20 1 0
-173 -20 1 1
-174 -21 1 1
-166 -19 3 1
-166 -19 2 1
-166 -19 1 1
-166 -20 3 1
-166 -20 2 1
-166 -20 1 1
-166 -21 1 1
-171 -20 1 0
-155 -12 3 0
-155 -13 5 0
-155 -13 4 0
-167 -39 6 0
-166 -40 7 0
-167 -41 7 0
-151 -39 5 3
-151 -40 6 4
-151 -38 6 5
-154 -25 1 8
-154 -25 2 1
-166 -41 7 0
-158 -34 0 1
-155 -48 -1 1
-155 -21 3 0
-155 -21 4 0
-155 -22 3 0
-159 -47 -1 1
-155 -22 4 0
-155 -20 5 0
-155 -20 0 1
-156 -21 -1 1
-157 -47 2 1
-156 -19 -1 1
-157 -18 11 1
-158 -19 10 2
-157 -18 10 1
-157 -19 10 1
-185 -9 0 4
-187 -9 4 0
-186 -9 4 0
-184 -10 5 1
-176 -22 9 0
-152 -38 8 1
-153 -38 6 0
-153 -38 7 0
-154 -39 7 0
-153 -40 7 0
-176 -23 10 0
-165 -32 -3 1
-166 -32 -3 1
-167 -32 -3 1
-166 -31 -2 1
-166 -33 0 0
-164 -31 1 1
-164 -31 0 0
-173 -19 9 0
-195 -48 10 1
-192 -48 6 1
-191 -47 13 1
-191 -48 13 1
-151 -37 8 1
-152 -36 9 1
-151 -36 7 1
-151 -36 8 1
-191 -49 13 1
-192 -47 13 1
-192 -48 13 1
-153 -37 6 0
-154 -38 7 0
-155 -39 6 0
-155 -39 7 0
-154 -40 7 0
-154 -41 7 0
-151 -42 9 1
-153 -39 8 0
-161 -26 1 1
-192 -16 3 1
-191 -16 2 1
-176 -43 2 0
-176 -43 1 0
-192 -49 13 1
-193 -47 13 1
-193 -48 13 1
-193 -49 13 1
-192 -48 12 1
-152 -27 4 0
-151 -27 50 0
-151 -27 51 0
-152 -29 50 0
-151 -30 50 0
-151 -30 51 0
-151 -33 49 1
-151 -33 50 1
-151 -33 51 1
-151 -32 49 1
-151 -32 50 1
-151 -32 51 1
-151 -33 52 1
-151 -33 53 1
-174 -20 3 1
-173 -19 2 1
-173 -19 4 0
-173 -19 3 0
-172 -20 2 0
-172 -20 4 0
-172 -20 3 0
-171 -21 4 0
-156 -6 4 0
-156 -6 3 1
-158 -7 4 0
-158 -7 5 0
-174 -13 5 0
-153 -28 0 1
-158 -50 4 1
-157 -8 4 0
-157 -7 5 0
-157 -8 3 0
-155 -7 4 0
-155 -7 5 0
-155 -7 3 0
-157 -6 6 0
-152 -6 7 0
-155 -45 0 1
-171 -22 0 1
-153 -18 9 0
-153 -17 9 0
-158 -19 7 1
-168 -20 5 3
-168 -21 5 1
-169 -20 5 1
-169 -21 5 1
-192 -46 6 14
-192 -47 6 1
-171 -34 4 0
-162 -33 1 8
-174 -33 6 0
-174 -32 7 0
-194 -6 4 1
-151 -40 9 1
-154 -38 6 0
-154 -37 6 0
-156 -38 6 0
-156 -38 7 0
-156 -39 6 0
-156 -39 7 0
-155 -40 7 0
-156 -41 7 0
-161 -25 8 0
-162 -24 7 0
-200 -1 6 1
-200 -1 5 3
-163 -10 1 1
-161 -7 1 1
-196 -32 3 2
-196 -32 4 10
-196 -32 5 5
-196 -31 3 2
-196 -31 4 1
-196 -31 5 1
-199 -31 5 0
-199 -31 3 0
-199 -29 4 0
-199 -29 3 0
-153 -27 0 1
-196 -18 2 1
-187 -19 0 1
-187 -14 0 6
-188 -14 0 6
-151 -45 5 0
-188 -15 0 1
-189 -14 0 1
-189 -15 0 1
-188 -15 1 3
-187 -14 4 5
-188 -14 4 9
-155 -37 6 0
-155 -38 7 0
-155 -37 7 0
-157 -38 7 0
-157 -39 6 0
-157 -39 7 0
-156 -40 6 0
-175 -17 5 0
-175 -17 4 0
-155 -41 7 0
-155 -39 8 0
-196 -16 1 1
-151 -46 -1 1
-156 -16 4 0
-183 -32 2 1
-154 -43 1 1
-183 -31 1 1
-154 -43 2 2
-165 -44 3 0
-156 -20 2 0
-155 -44 2 1
-200 -46 0 0
-200 -45 -2 1
-154 -45 3 7
-153 -10 10 0
-151 -40 7 5
-183 -27 2 1
-183 -27 1 1
-184 -26 2 4
-185 -26 -1 1
-185 -27 -1 1
-185 -28 -1 1
-151 -40 8 1
-151 -39 8 2
-152 -41 8 1
-152 -40 6 1
-181 -7 2 1
-181 -7 3 5
-181 -7 4 6
-180 -7 4 1000
-180 -9 1 1
-154 -38 5 0
-197 -33 10 1
-166 -27 7 0
-158 -40 5 0
-151 -9 11 0
-171 -48 2 0
-187 -8 2 1
-187 -8 3 1
-189 -8 2 1
-190 -6 5 1
-190 -11 2 0
-174 -38 2 0
-169 -33 4 0
-166 -23 1 2
-166 -24 1 3
-164 -41 3 0
-182 -43 3 0
-170 -33 6 0
-169 -31 6 0
-162 -26 1 1
-188 -17 0 1
-174 -17 2 1
-174 -17 4 0
-173 -18 2 1
-173 -18 4 0
-173 -18 3 0
-151 -32 3 1
-151 -32 4 8
-151 -32 5 12
-154 -46 1 1
-159 -43 4 0
-158 -27 3 1
-169 -29 5 0
-169 -29 9 0
-169 -32 5 0
-196 -16 3 1
-152 -31 5 0
-152 -31 4 0
-152 -33 7 1
-152 -32 2 1
-151 -32 2 1
-163 -35 -1 1
-175 -12 3 0
-176 -50 5 0
-152 -25 3 0
-174 -50 7 0
-174 -50 3 1
-198 -6 3 6
-166 -10 1 1
-166 -11 1 1
-166 -11 2 6
-166 -11 3 1
-183 -49 10 1
-188 -44 2 9
-188 -44 3 3
-151 -9 10 0
-189 -43 0 1
-155 -4 11 0
-155 -43 4 0
-157 -41 4 0
-158 -43 4 0
-155 -21 2 0
-156 -21 0 1
-164 -43 5 0
-166 -42 6 0
-157 -23 0 1
-198 -42 0 1
-181 -48 6 0
-180 -48 6 0
-167 -27 5 0
-166 -25 5 0
-158 -44 4 0
-179 -45 5 0
-159 -24 7 0
-164 -37 2 0
-159 -23 7 0
-152 -17 2 0
-153 -18 2 0
-184 -49 3 0
-185 -49 3 0
-186 -26 2 0
-174 -50 -3 1
-174 -49 -3 1
-185 -46 10 1
-188 -47 6 1
-188 -49 9 0
-192 -48 9 1
-190 -47 6 19
-188 -48 9 2
-155 -26 1 10
-159 -49 4 1
-184 -3 2 2
-200 -12 1 6
-199 -12 1 5
-159 -37 4 1
-180 -38 6 0
-181 -39 5 0
-170 -24 2 0
-188 -17 5 1
-188 -17 6 1
-187 -17 7 1
-183 -49 3 1
-167 -21 1 2
-154 -3 12 0
-200 -32 11 0
-151 -44 3 1000
-154 -49 1 0
-155 -47 -1 1
-152 -35 2 1
-152 -34 2 1
-198 -46 13 0
-200 -48 12 0
-200 -48 13 0
-200 -48 11 0
-199 -47 12 0
-199 -47 11 0
-200 -46 14 0
-200 -46 10 1
-199 -29 -1 1
-199 -11 0 1
-199 -10 0 1
-199 -9 0 1
-155 -50 6 1
-196 -43 12 1
-198 -43 9 1
-197 -44 9 1
-197 -43 9 1
-196 -45 9 1
-196 -44 9 1
-196 -43 9 1
-200 -49 11 0
-198 -48 11 0
-198 -48 12 0
-200 -47 10 1
-200 -47 9 1
-151 -4 10 0
-153 -2 12 0
-158 -28 4 1
-161 -26 2 1
-158 -33 1 1
-159 -33 3 1
-159 -33 2 1
-161 -37 2 3
-160 -3 1 2
-161 -2 1 1
-197 -47 1 2
-197 -47 0 3
-198 -46 1 1
-153 -20 1 2
-153 -20 2 1
-153 -19 0 1
-181 -12 2 0
-180 -11 3 0
-160 -5 0 1
-187 -9 -1 1
-157 -6 5 0
-157 -7 3 1
-155 -6 5 0
-155 -6 3 0
-157 -5 6 0
-156 -6 0 1
-151 -7 11 0
-151 -8 9 0
-158 -50 2 2
-157 -50 0 1
-151 -5 11 0
-151 -5 10 0
-162 -33 0 1
-170 -14 0 1
-171 -13 0 1
-171 -14 2 1
-165 -35 3 1
-165 -37 1 1
-165 -37 2 0
-194 -50 11 1
-195 -49 11 4
-195 -50 11 1
-156 -5 0 1
-156 -4 0 1
-179 -19 0 1
-180 -19 3 0
-180 -20 3 1
-181 -20 3 1
-157 -22 2 0
-159 -24 2 0
-156 -23 1 1
-194 -48 9 0
-192 -47 5 1
-192 -48 5 1
-192 -49 5 1
-193 -48 9 0
-194 -47 6 1
-192 -49 9 1
-172 -49 5 1
-188 -49 10 1
-188 -48 4 1
-191 -49 9 0
-176 -50 -3 1
-159 -39 -3 1
-158 -39 -3 1
-183 -39 4 0
-183 -39 5 0
-183 -39 3 0
-158 -40 -3 1
-158 -41 -3 1
-158 -42 -3 1
-159 -41 -2 1
-198 -39 6 5
-198 -38 6 5
-161 -41 -1 1
-158 -37 1 1
-158 -39 0 0
-161 -39 2 1
-160 -35 2 1
-153 -9 11 0
-170 -12 1 1
-170 -12 2 4
-152 -22 6 0
-153 -21 7 0
-153 -21 4 0
-181 -49 1 1
-157 -38 -3 1
-175 -26 3 0
-174 -27 2 0
-176 -28 1 0
-198 -38 11 2
-199 -37 13 0
-173 -40 1 0
-176 -40 1 0
-179 -10 0 1
-180 -11 -1 1
-175 -37 3 0
-176 -37 2 0
-174 -37 1 0
-174 -36 2 0
-173 -37 1 0
-173 -37 3 0
-173 -37 2 0
-186 -36 -1 1
-154 -15 6 0
-151 -3 6 0
-182 -44 6 0
-182 -44 3 0
-182 -44 2 0
-195 -14 7 1
-195 -13 5 1
-195 -13 6 3
-174 -39 0 0
-174 -39 1 0
-174 -39 4 0
-177 -33 4 0
-174 -37 3 0
-174 -37 2 0
-172 -39 3 0
-197 -38 5 5
-151 -39 55 0
-151 -41 55 0
-162 -36 5 0
-163 -38 4 0
-164 -36 4 0
-163 -36 4 0
-163 -35 4 0
-162 -35 4 0
-160 -35 3 1
-163 -37 4 0
-162 -37 4 0
-162 -36 4 0
-161 -35 4 0
-161 -36 4 0
-161 -38 4 0
-161 -37 4 0
-160 -36 4 0
-151 -47 6 0
-189 -11 -1 1
-200 -29 10 0
-195 -14 6 1
-197 -13 6 2
-198 -14 7 1
-190 -47 10 1
-190 -46 9 22
-190 -46 10 1
-161 -12 0 3
-190 -46 7 23
-191 -47 6 1
-191 -46 6 18
-161 -21 4 1
-162 -20 4 1
-162 -21 4 1
-162 -22 4 1
-161 -21 5 4
-160 -22 7 0
-161 -20 6 1
-159 -20 4 3
-168 -44 7 0
-167 -44 7 0
-170 -46 5 0
-170 -45 5 0
-168 -46 6 0
-168 -45 6 0
-168 -45 7 0
-172 -48 4 0
-172 -47 4 0
-171 -47 5 0
-172 -46 4 0
-172 -46 5 0
-172 -45 4 0
-198 -20 7 1
-198 -21 7 1
-198 -21 6 1
-189 -35 3 0
-190 -34 4 1
-190 -34 3 2
-190 -34 2 2
-198 -39 13 2
-198 -39 12 4
-198 -39 11 3
-198 -38 12 2
-200 -37 11 0
-158 -24 7 0
-158 -22 4 0
-158 -22 6 0
-158 -22 5 0
-180 -4 3 1
-180 -4 2 1
-180 -4 1 1
-179 -4 2 4
-191 -45 8 1
-196 -22 3 1
-173 -50 5 1000
-181 -15 7 0
-188 -24 3 0
-185 -24 3 0
-187 -23 -1 1
-187 -22 -1 1
-186 -23 -1 1
-178 -47 3 0
-178 -47 4 0
-178 -47 7 0
-180 -49 6 0
-180 -49 5 0
-180 -47 6 0
-180 -47 5 0
-180 -46 6 0
-197 -37 4 1
-197 -37 5 1
-158 -9 4 0
-157 -44 3 0
-156 -43 -1 1
-200 -40 5 0
-200 -39 3 0
-199 -40 3 1
-182 -14 6 0
-170 -9 2 1
-170 -10 4 3
-170 -10 3 1
-161 -4 7 1
-162 -40 1 1
-163 -38 3 1
-169 -15 4 1
-161 -4 5 0
-170 -13 0 1
-156 -37 0 0
-159 -20 8 2
-173 -37 4 0
-157 -16 8 1
-157 -16 12 1
-158 -16 12 1
-167 -47 1 0
-167 -46 1 0
-168 -45 1 0
-164 -31 9 0
-164 -31 11 0
-164 -31 10 0
-164 -30 10 0
-165 -31 9 0
-165 -31 11 0
-172 -16 10 0
-173 -15 9 0
-173 -14 9 0
-173 -15 10 0
-174 -14 9 0
-174 -14 10 0
-175 -15 9 0
-176 -14 9 0
-175 -15 10 0
-176 -16 9 0
-176 -16 10 0
-174 -16 11 0
-174 -16 8 0
-174 -16 7 0
-171 -48 3 0
-171 -48 1 1
-171 -49 2 0
-197 -48 7 0
-197 -48 8 0
-151 -23 5 0
-157 -26 0 1
-155 -23 5 0
-169 -16 4 1
-196 -43 11 1
-188 -13 7 3
-200 -29 7 0
-157 -19 8 1
-165 -46 3 0
-164 -27 5 1
-188 -13 5 1
-190 -14 3 9
-190 -15 3 1
-166 -12 2 3
-166 -12 1 7
-166 -12 0 1
-167 -11 3 1
-167 -11 2 2
-195 -8 6 0
-197 -1 5 1
-197 -2 5 1
-178 -11 9 0
-177 -9 8 0
-177 -9 9 0
-187 -16 0 1
-194 -32 8 1
-194 -31 8 1
-187 -34 1 0
-184 -34 2 1
-184 -34 1 1
-195 -33 4 1000
-195 -10 0 1
-170 -45 4 0
-183 -24 2 1
-183 -24 1 1
-183 -24 0 1
-184 -24 0 1
-184 -25 1 1
-184 -25 2 0
-185 -25 -1 1
-186 -25 -1 1
-187 -25 -1 1
-186 -26 0 2
-186 -26 4 0
-187 -25 3 0
-187 -25 2 0
-172 -17 2 1
-172 -16 2 1
-177 -46 8 0
-176 -46 7 0
-152 -18 4 0
-161 -44 0 1
-164 -34 0 1
-159 -46 1 0
-157 -39 -3 1
-157 -12 1 1
-165 -46 5 0
-175 -49 2 1
-181 -47 3 0
-153 -33 4 7
-153 -32 3 1
-175 -44 3 0
-176 -44 3 0
-188 -27 -1 1
-152 -25 7 0
-180 -47 1 1
-180 -48 0 1
-186 -47 4 0
-185 -49 6 0
-186 -50 6 0
-186 -50 5 0
-186 -48 5 0
-186 -49 6 0
-187 -49 6 0
-188 -49 6 1
-189 -50 4 1
-187 -50 6 0
-190 -50 5 1
-191 -49 6 1000
-188 -50 7 0
-188 -50 6 0
-185 -46 -1 1
-184 -46 -1 1
-189 -49 6 1000
-151 -41 4 0
-173 -19 6 0
-174 -44 5 0
-198 -39 14 1
-173 -44 5 0
-171 -45 7 0
-170 -44 7 0
-170 -44 6 0
-171 -42 5 0
-169 -43 7 0
-171 -43 5 0
-170 -41 5 0
-168 -42 7 0
-170 -42 5 0
-162 -35 7 0
-162 -35 6 0
-175 -21 7 0
-174 -22 6 0
-161 -31 5 0
-177 -30 9 0
-197 -39 6 1
-197 -39 5 1
-197 -39 4 1
-198 -37 6 1
-192 -16 6 1
-198 -38 5 3
-188 -14 8 1
-188 -15 9 1
-186 -10 7 0
-173 -14 -1 1
-177 -42 2 0
-178 -42 3 0
-192 -16 4 1
-187 -11 4 0
-187 -11 6 0
-184 -46 4 0
-151 -8 7 0
-187 -11 5 0
-188 -11 5 0
-187 -12 6 0
-160 -38 1 2
-199 -43 12 0
-173 -47 6 0
-184 -15 0 1
-185 -14 0 1
-184 -17 1 0
-162 -8 -1 1
-164 -35 4 0
-164 -2 6 1
-176 -43 3 0
-155 -20 4 0
-200 -28 4 0
-178 -41 3 0
-200 -29 5 0
-200 -28 3 0
-200 -29 3 0
-199 -28 4 0
-199 -28 5 0
-199 -28 3 0
-200 -27 6 0
-158 -22 10 0
-161 -37 0 2
-158 -31 2 6
-158 -31 3 9
-158 -31 4 1
-158 -30 0 1
-156 -30 0 1
-157 -3 4 0
-158 -3 3 0
-159 -37 8 0
-162 -28 2 2
-161 -27 3 1
-179 -11 0 2
-199 -41 13 0
-199 -35 13 0
-199 -35 12 0
-200 -36 11 0
-200 -35 11 0
-160 -45 3 0
-152 -18 12 0
-152 -18 13 0
-152 -19 13 0
-152 -21 12 0
-152 -21 13 0
-152 -21 11 0
-175 -25 3 0
-175 -26 2 0
-175 -25 2 0
-176 -25 3 0
-176 -25 4 0
-176 -25 2 0
-177 -26 3 0
-155 -40 0 2
-155 -40 1 1
-155 -40 2 1
-151 -19 13 0
-151 -18 13 0
-152 -20 12 0
-153 -20 12 0
-152 -20 13 0
-153 -20 13 0
-151 -21 12 0
-151 -21 13 0
-151 -22 12 0
-151 -22 13 0
-151 -20 13 0
-151 -20 14 0
-182 -39 3 0
-182 -40 3 0
-165 -40 2 0
-154 -14 0 1
-153 -14 4 0
-155 -39 5 0
-177 -37 4 0
-180 -18 -1 1
-180 -17 -1 1
-180 -16 -1 1
-158 -23 0 1
-158 -24 0 1
-157 -24 1 1
-158 -26 2 1
-151 -18 14 0
-153 -19 13 0
-152 -19 14 0
-153 -19 12 0
-153 -20 14 0
-153 -22 13 0
-152 -21 14 0
-153 -22 12 0
-151 -22 14 0
-157 -4 6 0
-155 -5 3 0
-182 -13 1 3
-151 -20 15 0
-151 -26 7 1
-171 -28 2 1
-171 -28 0 1
-174 -45 0 0
-174 -44 0 0
-151 -21 14 0
-152 -20 14 0
-153 -19 14 0
-153 -21 13 0
-154 -21 13 0
-179 -20 4 0
-176 -43 0 0
-177 -44 0 0
-172 -20 5 0
-159 -30 5 0
-159 -29 6 0
-175 -8 2 1
-161 -3 6 0
-156 -31 -1 1
-157 -35 2 0
-157 -35 -2 3
-154 -3 11 0
-155 -3 11 0
-172 -16 4 1
-172 -16 3 0
-170 -17 3 14
-172 -14 4 1
-171 -15 3 9
-168 -17 0 1
-152 -2 12 0
-151 -2 11 0
-154 -31 5 1
-151 -30 3 1
-195 -12 7 1
-189 -31 6 1
-197 -13 4 1
-198 -11 7 0
-172 -10 1 0
-168 -30 1 3
-167 -30 1 1
-173 -18 1 3
-174 -17 1 4
-200 -1 4 1
-173 -17 1 2
-167 -42 1 0
-156 -43 0 1
-176 -17 1 5
-155 -42 1 1
-172 -11 4 1
-169 -15 0 1
-170 -15 0 1
-175 -49 -3 1
-175 -50 -3 1
-190 -49 9 1
-153 -21 3 0
-154 -47 2 1
-154 -47 3 1
-183 -40 4 0
-188 -45 -1 1
-179 -41 3 0
-153 -21 1 3
-160 -15 1 1
-165 -10 0 1
-199 -18 2 0
-199 -18 3 0
-199 -18 1 0
-164 -10 3 1
-164 -10 2 7
-164 -10 1 3
-174 -48 -1 1
-154 -48 3 0
-154 -48 2 0
-156 -47 -1 1
-156 -49 1 0
-187 -10 -1 1
-187 -11 -1 1
-151 -48 1 0
-156 -28 6 0
-158 -27 6 0
-156 -23 6 0
-157 -23 6 0
-156 -23 5 0
-157 -23 5 0
-155 -24 6 0
-156 -24 6 0
-194 -10 4 0
-195 -10 3 0
-194 -10 3 0
-195 -7 1 1
-157 -35 4 0
-174 -13 3 0
-186 -1 -1 1
-185 -2 -1 1
-185 -1 -1 1
-161 -1 4 0
-160 -1 5 0
-199 -3 3 0
-199 -3 4 0
-178 -38 4 0
-172 -33 4 0
-170 -32 5 0
-168 -32 5 0
-169 -33 5 0
-153 -37 5 0
-176 -48 1 1
-176 -48 0 5
-176 -48 -1 1
-176 -49 1 2
-162 -2 4 5
-151 -36 6 1
-152 -36 6 1
-174 -50 5 1000
-174 -50 6 1
-157 -26 6 0
-156 -25 6 0
-182 -48 3 1
-174 -50 4 1
-183 -49 5 0
-183 -49 4 0
-185 -48 3 0
-174 -33 5 0
-184 -32 1 2
-196 -27 3 1
-165 -40 5 0
-168 -40 4 0
-171 -30 5 0
-176 -17 0 2
-158 -24 4 0
-200 -39 13 0
-165 -28 3 0
-153 -18 4 0
-162 -23 8 0
-164 -22 7 6
-164 -21 7 1
-168 -44 3 0
-168 -45 4 0
-168 -44 2 0
-167 -46 3 0
-154 -27 0 1
-157 -48 8 0
-175 -20 3 0
-174 -20 4 0
-169 -6 42 0
-175 -21 3 0
-163 -8 2 8
-154 -1 1 4
-179 -46 0 1
-179 -46 1 1
-179 -45 -1 4
-178 -46 -3 1
-178 -45 -3 1
-178 -44 -3 1
-177 -42 1 0
-177 -42 0 0
-178 -44 1 0
-178 -44 0 0
-179 -44 1 0
-170 -4 39 1
-170 -4 40 1
-170 -4 41 1
-169 -4 39 1
-169 -4 40 2
-169 -4 41 1
-168 -4 39 1
-168 -4 40 1
-168 -4 41 1
-172 -5 39 1
-172 -5 40 1
-172 -5 41 1
-171 -5 39 1
-171 -5 40 3
-171 -5 41 1
-189 -43 1 1
-152 -24 1 7
-168 -6 42 0
-170 -6 42 0
-184 -9 0 2
-174 -10 -1 1
-174 -11 -1 1
-195 -46 8 2
-152 -14 6 0
-170 -34 0 1
-170 -33 0 1
-170 -32 0 1
-167 -34 1 0
-167 -34 2 0
-167 -34 0 0
-166 -34 2 0
-166 -35 0 0
-172 -4 41 1
-171 -4 39 1
-171 -4 40 1
-171 -4 41 1000
-171 -7 42 0
-170 -8 42 0
-154 -24 7 0
-151 -23 8 0
-151 -24 4 0
-158 -45 5 0
-169 -5 42 0
-168 -8 1 1
-170 -3 39 1
-170 -3 40 3
-170 -3 41 1
-169 -3 39 1
-169 -3 40 1
-169 -3 41 1
-168 -3 39 1
-168 -3 40 1
-168 -3 41 1
-167 -8 0 1
-193 -12 6 0
-168 -5 42 0
-170 -5 42 0
-171 -3 39 1
-170 -47 0 5
-171 -2 39 1
-171 -2 40 1
-171 -2 41 1000
-170 -2 39 1
-170 -2 40 1
-170 -2 41 1
-169 -2 39 1
-181 -36 2 0
-183 -34 3 0
-158 -45 2 0
-158 -45 3 0
-191 -15 6 1
-194 -34 5 0
-199 -49 6 0
-198 -48 6 0
-198 -48 7 0
-200 -48 6 0
-200 -50 6 0
-194 -34 6 0
-169 -37 9 0
-190 -36 0 1
-199 -50 0 1
-178 -37 6 0
-193 -15 4 1
-197 -26 10 1
-153 -23 7 0
-200 -44 3 0
-191 -32 1 1
-186 -32 1 0
-163 -40 -2 1
-193 -47 10 1
-158 -22 9 0
-159 -29 3 4
-155 -23 7 0
-162 -19 10 1
-152 -26 7 1
-200 -28 0 1
-151 -26 6 1
-152 -29 7 1
-167 -38 6 0
-166 -39 6 0
-164 -38 6 0
-163 -39 6 0
-191 -46 0 4
-191 -45 0 1
-193 -46 0 2
-194 -47 -1 1
-194 -47 0 1
-194 -46 -1 1
-199 -23 2 0
-158 -50 0 1
-158 -49 2 0
-158 -48 2 0
-158 -18 6 1
-156 -29 6 0
-163 -21 8 1
-163 -21 9 1
-167 -26 8 0
-158 -47 6 0
-160 -29 5 0
-161 -31 4 1
-151 -17 0 1
-163 -2 7 1
-163 -1 6 1
-162 -2 5 3
-162 -2 6 2
-196 -44 2 3
-196 -44 1 1
-161 -2 5 1
-195 -43 1 1
-196 -46 3 0
-164 -29 9 0
-164 -30 9 0
-195 -45 -1 1
-198 -31 1 1
-161 -46 2 0
-197 -26 4 2
-186 -16 6 1
-160 -41 7 0
-162 -42 6 0
-162 -42 5 0
-153 -33 3 1
-172 -32 6 0
-151 -50 -1 1
-151 -49 -1 1
-192 -32 2 1
-192 -33 2 1
-192 -34 2 1
-193 -32 2 1
-193 -33 2 1
-193 -34 2 1
-157 -27 3 0
-158 -25 3 0
-200 -37 -1 1
-197 -38 6 1
-185 -48 9 4
-185 -47 10 1
-161 -12 -1 1
-162 -39 2 0
-162 -34 5 0
-162 -32 4 0
-162 -33 5 0
-161 -33 5 0
-161 -32 5 0
-161 -32 4 0
-168 -20 3 7
-168 -20 4 8
-156 -21 1 1
-156 -21 5 0
-158 -21 3 0
-156 -20 1 1
-158 -20 2 0
-155 -18 0 1
-155 -19 0 1
-157 -20 2 0
-160 -18 4 1
-160 -20 3 1
-160 -20 2 1
-160 -18 2 1
-160 -18 1 1
-160 -19 3 1
-160 -19 2 1
-160 -19 1 1
-158 -17 5 1
-158 -18 5 3
-159 -17 5 1
-156 -18 -1 1
-157 -18 -1 1
-156 -17 0 1
-156 -17 5 0
-156 -17 4 0
-156 -19 2 0
-157 -18 2 0
-157 -20 5 1
-158 -20 3 1
-159 -18 5 1
-159 -20 3 1
-154 -17 2 0
-155 -15 -1 1
-155 -16 -1 1
-155 -17 -1 1
-156 -16 0 1
-156 -16 5 0
-155 -18 2 0
-156 -18 2 0
-156 -17 2 0
-156 -17 3 0
-158 -19 3 1
-158 -19 2 1
-159 -19 3 2
-159 -19 2 1
-158 -15 1 1
-158 -16 2 1
-158 -15 2 1
-156 -17 -1 1
-157 -17 -1 1
-158 -17 -1 1
-157 -16 0 1
-157 -16 5 1
-157 -16 4 0
-155 -17 2 0
-157 -18 3 1
-157 -18 1 1
-158 -18 1 1
-186 -34 1 0
-183 -45 8 0
-200 -11 6 0
-183 -46 8 0
-198 -12 6 0
-198 -13 4 1
-198 -13 6 1
-198 -13 5 0
-188 -34 1 0
-189 -35 1 0
-188 -36 1 0
-187 -37 1 0
-186 -36 1 0
-185 -36 1 0
-153 -27 5 0
-163 -7 4 1
-162 -41 0 0
-179 -10 1 1
-180 -10 3 1
-151 -15 2 1
-151 -15 3 1
-200 -38 -1 1
-195 -50 7 15
-195 -50 8 20
-195 -50 9 11
-194 -50 9 10
-200 -38 0 1
-195 -50 10 1
-195 -49 10 1
-194 -50 7 15
-157 -11 5 0
-195 -50 6 10
-195 -49 6 1
-190 -50 10 1
-190 -49 10 1
-190 -49 6 1000
-193 -49 9 1
-193 -49 10 1
-180 -49 2 3
-180 -49 1 1
-180 -50 2 13
-180 -50 1 1000
-179 -50 2 1000
-188 -50 3 0
-166 -7 1 18
-166 -7 2 13
-166 -6 0 1
-167 -9 2 1000
-190 -35 2 4
-175 -11 -1 1
-175 -10 -1 1
-175 -9 -1 1
-162 -12 2 1
-172 -19 0 1
-172 -19 1 2
-171 -16 3 1
-171 -18 0 1
-171 -18 2 1
-170 -18 0 1
-170 -18 1 2
-170 -18 2 1
-199 -47 10 0
-199 -48 10 0
-159 -25 7 0
-199 -36 12 0
-197 -38 13 1
-183 -45 2 1
-198 -25 1 1
-167 -6 3 1
-151 -25 0 1
-183 -46 4 0
-156 -26 3 0
-157 -25 3 0
-157 -25 4 0
-154 -41 4 0
-164 -42 -2 1
-165 -43 -3 1
-176 -19 8 0
-159 -3 3 0
-160 -3 3 0
-161 -2 2 1
-163 -7 3 1
-170 -10 0 2
-163 -7 5 1
-162 -7 3 8
-156 -44 0 1
-164 -4 6 1
-163 -4 4 2
-163 -4 5 2
-163 -4 6 1
-163 -3 7 1
-162 -3 6 2
-162 -3 7 1
-161 -3 7 1
-151 -28 3 1
-152 -28 3 1
-151 -28 4 15
-189 -28 1 1
-193 -32 7 1
-193 -32 8 1
-193 -31 7 1
-193 -31 8 1
-175 -50 3 1
-175 -50 7 0
-192 -31 8 1
-191 -31 8 1
-193 -33 3 3
-177 -50 5 0
-176 -48 5 0
-175 -48 6 0
-175 -48 5 0
-191 -31 3 1
-191 -34 6 1
-192 -34 6 0
-192 -36 7 1
-193 -37 6 1
-193 -37 7 1
-178 -31 5 0
-166 -38 2 0
-166 -36 2 0
-166 -36 3 0
-166 -36 -2 1
-167 -37 -3 1
-154 -24 6 0
-154 -23 5 0
-154 -24 5 0
-152 -23 6 0
-154 -22 7 0
-165 -12 3 1
-160 -29 3 5
-200 -13 3 0
-176 -11 3 0
-176 -11 1 0
-174 -12 2 0
-174 -12 3 0
-176 -29 6 0
-174 -10 4 0
-176 -32 8 0
-177 -20 5 0
-178 -20 6 0
-188 -6 1 3
-189 -6 3 1
-189 -6 1 1
-161 -39 0 1
-162 -39 3 0
-157 -3 2 1
-163 -5 0 2
-163 -4 0 1
-200 -15 2 0
-183 -38 6 0
-161 -13 3 2
-159 -46 -1 1
-160 -13 3 1
-199 -38 5 0
-157 -12 0 1
-157 -12 2 1
-180 -3 1 2
-180 -3 2 1
-176 -28 6 0
-181 -14 2 1
-181 -14 3 1
-181 -12 3 1
-153 -48 2 0
-153 -48 3 0
-194 -50 8 23
-195 -49 7 1
-194 -49 7 1
-195 -49 8 1
-194 -49 8 1
-194 -47 7 1
-195 -46 10 1
-195 -46 9 1
-196 -39 6 1
-198 -27 4 0
-197 -26 7 1
-197 -26 6 4
-197 -27 7 1
-198 -26 7 1
-198 -26 6 1
-198 -26 5 2
-198 -27 7 1
-199 -26 7 1
-198 -27 6 2
-178 -37 5 0
-179 -35 4 0
-179 -35 6 0
-179 -35 5 0
-178 -35 5 0
-178 -34 4 0
-158 -30 2 1
-181 -43 2 0
-181 -43 3 0
-181 -43 6 0
-180 -44 5 0
-155 -49 5 1
-199 -9 -1 1
-200 -9 -1 1
-172 -48 2 0
-171 -47 1 1
-171 -47 3 0
-171 -47 2 0
-169 -47 1 0
-168 -48 1 0
-169 -48 1 0
-176 -6 4 0
-177 -5 -1 1
-176 -5 -1 1
-175 -5 -1 1
-176 -4 1 1
-175 -5 2 9
-173 -6 1 0
-173 -6 2 1
-154 -47 1 0
-161 -31 3 1
-152 -42 10 0
-152 -42 11 0
-152 -42 9 1
-153 -41 9 0
-154 -40 9 0
-155 -41 9 0
-155 -42 9 0
-155 -43 10 0
-156 -44 10 0
-194 -48 8 0
-156 -43 11 0
-155 -43 9 0
-156 -44 9 0
-154 -44 10 0
-154 -44 11 0
-154 -44 9 0
-153 -44 10 0
-153 -43 11 0
-153 -44 9 0
-154 -42 11 0
-154 -42 12 0
-154 -42 9 0
-154 -42 8 0
-156 -26 4 0
-199 -45 11 0
-198 -7 3 8
-151 -17 10 0
-151 -17 11 0
-199 -13 2 1
-199 -7 3 1
-199 -7 2 1
-199 -8 3 1
-165 -44 -1 1
-161 -8 1 1
-163 -7 0 1
-181 -5 6 1
-198 -29 7 1
-166 -28 9 0
-166 -28 8 0
-167 -28 7 0
-151 -16 11 0
-151 -18 11 0
-151 -18 10 0
-151 -19 11 0
-171 -36 2 0
-151 -19 10 0
-198 -25 6 1
-170 -37 5 0
-171 -30 0 1
-172 -29 1 1
-172 -30 0 1
-168 -33 8 0
-163 -41 3 0
-167 -33 7 0
-181 -37 6 0
-167 -34 7 0
-156 -2 2 0
-157 -1 2 0
-160 -1 3 0
-176 -42 6 0
-176 -22 1 0
-176 -22 2 0
-157 -49 1 0
-153 -16 8 0
-151 -17 12 0
-152 -18 11 0
-151 -18 12 0
-151 -20 11 0
-151 -20 12 0
-151 -20 10 0
-163 -43 4 0
-156 -32 4 26
-169 -44 1 0
-178 -25 3 0
-178 -23 2 0
-178 -23 4 0
-176 -23 3 0
-176 -26 1 0
-176 -26 5 0
-176 -26 4 0
-175 -27 4 0
-178 -26 4 0
-164 -34 3 1
-164 -33 1 1
-164 -33 2 1
-163 -35 3 1
-163 -34 3 1
-168 -34 7 0
-169 -34 7 0
-163 -43 5 0
-168 -34 8 0
-169 -34 8 0
-152 -19 11 0
-151 -19 12 0
-152 -19 12 0
-152 -20 6 0
-163 -29 10 0
-163 -29 11 0
-164 -28 11 0
-166 -28 11 0
-153 -19 6 0
-151 -28 5 18
-151 -29 7 1
-152 -28 7 1
-175 -23 6 0
-185 -10 5 0
-178 -11 5 0
-178 -11 4 1
-166 -27 2 0
-184 -45 -1 1
-166 -28 5 0
-154 -18 2 0
-186 -47 3 0
-153 -50 8 0
-180 -48 1 1
-186 -46 9 1
-186 -46 10 1
-152 -29 6 1
-182 -15 5 1
-186 -50 10 1
-186 -49 8 1
-186 -49 9 1
-186 -49 10 1
-181 -49 7 0
-183 -42 5 0
-179 -38 3 0
-169 -7 2 5
-155 -16 9 0
-155 -16 10 0
-163 -24 7 0
-154 -28 6 0
-154 -28 4 0
-158 -8 3 0
-191 -46 7 20
-163 -39 2 0
-200 -35 -1 1
-189 -50 8 0
-189 -49 8 0
-189 -50 -1 1
-164 -1 5 1
-164 -1 6 1
-164 -1 7 1
-163 -1 7 1
-177 -8 2 2
-188 -50 1 1000
-188 -50 0 217
-188 -50 -1 1
-185 -50 0 7
-154 -17 4 0
-163 -22 10 4
-163 -22 9 3
-159 -23 4 0
-165 -47 2 0
-165 -45 4 0
-165 -45 5 0
-200 -49 1 0
-166 -46 -1 1
-166 -45 -1 1
-172 -44 1 0
-171 -42 3 0
-170 -42 3 0
-171 -42 4 0
-172 -41 3 0
-172 -41 4 0
-172 -41 2 0
-174 -43 3 0
-174 -43 2 0
-172 -43 5 0
-172 -43 1 0
-170 -42 4 0
-170 -41 3 0
-170 -41 4 0
-172 -40 4 0
-171 -39 5 0
-167 -41 5 0
-166 -40 5 0
-165 -41 5 0
-164 -42 5 0
-155 -35 2 0
-166 -41 4 0
-174 -36 1 0
-174 -36 3 0
-173 -36 1 0
-173 -36 3 0
-173 -36 2 0
-196 -11 2 0
-151 -22 7 0
-195 -10 2 0
-190 -6 4 1
-190 -6 3 1
-175 -12 7 0
-175 -12 11 0
-157 -9 3 0
-158 -33 7 0
-177 -37 2 0
-194 -49 11 1
-195 -50 12 1
-195 -49 12 1
-195 -48 12 1
-154 -21 7 0
-182 -49 -1 1
-182 -48 -1 1
-182 -47 -1 1
-181 -48 -1 1
-181 -47 -1 1
-199 -10 4 0
-188 -26 1 1
-187 -25 1 1
-164 -25 10 0
-199 -41 4 0
-200 -42 3 0
-197 -41 6 1
-197 -42 6 1
-197 -43 6 1
-198 -41 6 5
-174 -15 0 2
-168 -19 7 1
-168 -19 6 1
-200 -44 8 1
-174 -44 -3 1
-177 -44 -2 1
-177 -43 -2 1
-176 -44 -2 1
-176 -43 -2 1
-178 -6 0 11
-181 -5 5 1
-181 -4 4 1
-181 -5 4 2
-179 -6 -1 1
-162 -23 26 0
-161 -23 26 0
-161 -23 27 0
-161 -22 26 0
-161 -22 27 0
-164 -21 27 1
-163 -21 27 1
-162 -22 27 1
-162 -21 27 1
-179 -4 -1 1
-189 -10 4 0
-157 -25 1 1
-159 -25 2 1
-190 -9 4 0
-191 -9 3 0
-191 -8 4 1
-191 -8 2 1
-192 -8 1 1
-163 -40 -1 1
-158 -23 2 0
-158 -23 4 0
-158 -23 3 0
-157 -21 2 0
-188 -33 2 0
-185 -36 3 0
-170 -50 6 1
-156 -22 1 1
-157 -23 4 0
-157 -22 4 0
-158 -22 3 0
-160 -4 1 3
-160 -4 6 0
-159 -5 3 0
-160 -6 3 0
-171 -39 1 0
-170 -40 2 0
-154 -19 9 0
-170 -40 3 0
-170 -40 1 1
-169 -39 2 0
-199 -26 3 0
-199 -26 4 0
-200 -27 3 0
-200 -26 3 0
-200 -27 5 0
-152 -27 7 1
-151 -27 7 1
-176 -34 1 0
-161 -42 4 0
-160 -42 4 0
-159 -41 3 0
-158 -42 3 0
-176 -21 7 0
-175 -22 6 0
-175 -22 5 0
-176 -23 4 0
-176 -23 6 0
-176 -23 5 0
-176 -22 5 0
-177 -19 4 0
-180 -48 7 0
-165 -22 20 1
-162 -21 21 1
-162 -22 21 1
-163 -21 21 1
-164 -21 21 1
-164 -22 21 4
-163 -22 20 2
-162 -21 20 1
-162 -22 20 1
-163 -21 20 1
-162 -6 3 5
-163 -5 3 1
-163 -6 3 1
-164 -4 3 1
-164 -5 3 1
-191 -14 3 1
-171 -42 1 0
-168 -40 2 0
-162 -5 6 2
-157 -32 -1 1
-157 -31 -1 1
-156 -32 -1 1
-163 -23 20 0
-161 -25 19 0
-161 -25 18 0
-162 -24 18 0
-163 -25 19 0
-163 -25 18 0
-164 -25 19 0
-188 -16 0 1
-183 -25 1 1
-198 -39 10 1
-186 -48 8 1
-186 -48 7 0
-186 -49 7 0
-183 -49 8 1
-181 -50 8 1000
-181 -50 9 1
-181 -49 10 1
-184 -48 9 1
-198 -42 -1 1
-198 -43 -1 1
-198 -11 2 1
-163 -5 7 1
-163 -6 6 1
-156 -49 7 0
-160 -1 -1 1
-163 -6 5 1
-163 -6 4 1
-164 -6 6 1
-173 -40 2 0
-200 -42 4 0
-188 -29 2 10
-175 -41 1 0
-173 -42 3 0
-175 -42 3 0
-176 -41 3 0
-175 -40 3 0
-181 -33 0 1
-180 -35 0 1
-180 -34 0 1
-180 -33 0 1
-166 -36 6 0
-166 -35 6 0
-164 -35 6 0
-164 -35 7 0
-178 -33 4 0
-178 -33 3 0
-179 -32 3 0
-180 -32 4 0
-180 -31 4 0
-180 -31 5 0
-180 -31 3 0
-182 -32 4 0
-181 -32 5 0
-181 -32 3 0
-181 -35 3 0
-179 -35 3 0
-180 -33 3 0
-180 -33 2 0
-178 -32 4 0
-177 -32 3 0
-178 -31 4 0
-178 -31 3 0
-179 -31 4 0
-179 -30 4 0
-179 -30 5 0
-179 -30 3 0
-181 -31 4 0
-181 -31 5 0
-181 -31 3 0
-178 -34 3 0
-179 -32 2 0
-198 -50 3 0
-196 -50 4 1
-196 -50 3 0
-198 -50 4 0
-198 -29 5 1
-200 -28 7 0
-175 -28 5 0
-175 -28 6 0
-173 -27 6 0
-171 -26 1 1
-162 -43 -3 1
-164 -45 1 1
-160 -44 -1 1
-160 -44 0 1
-156 -44 2 1
-172 -14 5 1
-170 -28 6 0
-177 -11 3 0
-176 -12 2 0
-158 -20 5 1
-162 -8 5 1
-169 -13 2 2
-181 -18 1 1
-169 -18 3 13
-200 -41 14 1
-198 -46 12 0
-170 -18 3 0
-171 -18 3 0
-156 -20 3 0
-157 -20 3 0
-155 -19 3 0
-156 -19 4 0
-156 -19 5 0
-156 -19 3 0
-156 -21 4 0
-172 -47 1 1
-158 -6 -1 1
-198 -47 6 0
-164 -37 -1 1
-164 -36 1 1
-164 -36 0 6
-155 -48 7 0
-155 -48 6 0
-163 -5 6 1
-164 -2 7 1
-164 -5 5 1
-179 -9 1 1
-151 -9 6 0
-154 -45 0 1
-158 -39 5 0
-164 -43 -1 1
-158 -34 6 0
-157 -50 1 2
-167 -26 9 0
-169 -28 8 0
-170 -28 8 0
-177 -49 4 0
-177 -49 2 3
-178 -50 3 1
-169 -40 1 1
-178 -50 2 1000
-176 -50 4 0
-177 -49 0 1
-199 -9 5 0
-198 -8 5 0
-159 -19 7 1
-188 -15 3 15
-186 -47 1 1
-186 -47 0 1
-186 -47 -1 1
-187 -47 1 1
-187 -47 0 4
-187 -47 -1 1
-188 -47 1 1
-188 -47 0 4
-188 -47 -1 1
-199 -5 5 0
-199 -6 4 0
-200 -5 4 0
-200 -5 5 0
-199 -5 4 0
-197 -5 4 1
-198 -4 3 3
-199 -4 5 0
-200 -4 5 0
-197 -3 4 1
-159 -31 1 1000
-161 -42 2 0
-183 -23 3 1
-168 -45 3 0
-169 -46 2 0
-183 -24 3 1
-184 -23 2 3
-199 -6 5 0
-185 -24 -1 1
-186 -24 -1 1
-187 -24 -1 1
-186 -25 0 1
-186 -25 4 0
-167 -34 4 0
-158 -3 2 1
-157 -5 0 1
-157 -4 0 1
-157 -4 1 2
-157 -4 2 1
-163 -43 -1 1
-200 -49 3 0
-156 -35 3 0
-156 -36 3 0
-157 -34 3 1
-167 -43 7 0
-165 -44 6 0
-165 -34 7 0
-165 -34 8 0
-166 -34 8 0
-166 -25 0 0
-168 -23 -1 1
-167 -24 -1 1
-167 -23 -1 1
-168 -27 0 0
-167 -26 0 0
-172 -49 1 1
-172 -50 2 0
-171 -23 7 0
-158 -50 8 1
-157 -45 1 0
-175 -10 0 1
-159 -34 -3 1
-186 -22 4 0
-200 -47 -2 1
-200 -47 0 0
-200 -47 2 0
-163 -44 2 0
-158 -5 3 0
-158 -5 4 0
-157 -48 0 1
-183 -22 0 1
-159 -31 0 1
-166 -13 3 1
-185 -22 3 0
-186 -21 2 0
-186 -22 3 0
-186 -21 3 0
-188 -22 2 5
-188 -28 -1 1
-187 -29 0 2
-155 -5 5 0
-160 -28 4 1
-154 -27 3 0
-156 -23 8 0
-183 -14 5 1
-156 -25 7 0
-183 -2 4 1
-158 -35 3 0
-156 -35 4 0
-169 -43 6 0
-187 -20 2 0
-185 -11 3 1
-185 -12 1 0
-185 -13 2 1
-185 -13 3 1
-185 -13 4 3
-154 -29 7 0
-162 -46 2 0
-161 -45 2 0
-159 -43 1 1
-200 -48 1 0
-200 -48 2 0
-200 -48 0 0
-200 -49 2 0
-155 -50 8 1
-189 -49 9 0
-186 -25 2 0
-161 -42 7 0
-161 -40 8 0
-160 -39 8 0
-161 -41 7 0
-174 -13 2 0
-164 -22 2 1
-166 -24 6 0
-167 -24 5 1
-167 -22 8 3
-157 -41 7 0
-156 -40 7 0
-159 -15 3 1
-160 -13 5 1
-151 -40 56 0
-151 -40 55 0
-152 -40 56 0
-152 -40 55 0
-153 -40 53 1
-153 -38 53 1
-151 -36 54 1
-151 -36 53 1
-151 -36 52 1
-152 -39 50 1
-152 -40 50 1
-152 -41 50 1
-153 -40 56 0
-153 -40 55 0
-151 -43 54 1
-151 -43 53 1
-151 -43 52 1
-152 -43 52 1
-154 -40 53 0
-152 -36 55 1
-152 -37 55 1
-153 -39 50 1
-153 -40 50 1
-153 -41 50 1
-154 -41 50 1
-155 -41 50 1
-154 -40 51 1
-154 -40 56 0
-154 -40 55 0
-151 -41 54 1
-151 -42 54 1
-151 -42 53 2
-152 -38 52 1
-152 -38 51 1
-152 -39 52 1
-152 -39 51 1
-152 -40 53 3
-152 -40 52 1
-152 -40 51 1
-153 -39 51 1
-153 -40 51 2
-153 -39 52 1
-155 -38 50 1
-156 -40 50 1
-157 -40 50 1
-158 -40 50 1
-157 -39 51 1
-157 -40 54 0
-157 -41 53 0
-157 -40 53 0
-154 -38 52 1
-154 -36 54 1
-154 -36 53 1
-154 -36 52 1
-154 -37 54 2
-154 -37 53 3
-154 -37 52 2
-155 -39 54 0
-156 -39 54 0
-155 -39 53 0
-156 -39 53 0
-156 -40 53 0
-156 -40 54 0
-159 -40 53 0
-159 -40 54 0
-159 -36 52 1
-155 -36 52 1
-155 -37 52 1
-155 -38 52 1
-156 -37 53 3
-155 -36 55 1
-155 -36 54 1
-155 -36 53 1
-155 -37 55 1
-159 -37 52 0
-159 -35 52 1
-160 -37 52 0
-156 -36 52 1
-152 -20 1 3
-164 -34 2 5
-200 -8 2 1
-159 -13 1 1
-188 -32 0 1
-187 -33 0 1
-186 -34 0 1
-156 -6 2 1
-156 -6 1 1
-196 -16 6 1
-198 -16 7 1
-197 -15 6 4
-186 -32 0 1
-185 -35 1 0
-200 -16 5 0
-199 -17 5 0
-177 -16 0 4
-176 -13 0 1
-190 -12 -1 1
-172 -13 -1 1
-159 -45 6 0
-159 -45 5 0
-157 -45 6 0
-158 -45 6 0
-170 -19 2 1
-159 -43 7 0
-184 -46 7 0
-184 -46 6 0
-182 -48 8 0
-198 -37 1 1
-196 -16 2 1
-196 -27 4 1
-196 -27 5 1
-196 -26 3 1
-157 -9 0 2
-200 -48 10 0
-152 -43 2 4
-198 -47 7 0
-200 -49 7 0
-155 -24 1 4
-155 -24 0 1
-168 -43 -1 2
-157 -10 2 0
-158 -11 2 0
-158 -11 3 0
-193 -9 4 0
-159 -34 2 1
-186 -33 0 1
-200 -13 7 0
-156 -1 2 0
-192 -8 2 2
-158 -38 2 3
-159 -37 2 4
-159 -38 2 6
-158 -38 4 0
-158 -38 3 1
-158 -39 4 0
-158 -39 3 1
-189 -45 7 1
-173 -17 0 1
-167 -16 2 1
-167 -15 0 1
-167 -15 1 1
-178 -28 6 0
-179 -28 6 0
-187 -21 2 0
-167 -38 8 0
-166 -39 7 0
-166 -39 8 0
-165 -40 7 0
-151 -34 3 1
-152 -32 6 1
-153 -12 10 0
-156 -38 1 1
-173 -32 2 0
-170 -28 0 1
-199 -6 2 0
-199 -6 3 0
-200 -6 -1 1
-198 -6 2 2
-200 -7 2 0
-200 -7 3 0
-200 -8 1 2
-177 -42 3 0
-171 -34 5 0
-168 -34 5 0
-169 -35 6 0
-151 -19 3 0
-151 -20 4 0
-153 -18 0 1
-152 -17 1 1
-168 -40 3 0
-200 -33 3 0
-159 -32 50 0
-159 -33 52 1
-159 -34 52 1
-160 -33 52 1
-160 -34 52 1
-161 -33 52 1
-161 -34 52 1
-162 -31 51 0
-162 -32 50 1
-162 -29 51 0
-162 -29 50 0
-160 -30 48 0
-160 -30 49 0
-160 -30 52 0
-161 -33 48 1
-161 -34 48 1
-158 -27 50 0
-157 -29 48 0
-157 -29 49 0
-157 -29 52 0
-154 -30 52 1
-158 -30 51 0
-159 -29 51 0
-159 -29 50 0
-156 -31 7 0
-156 -31 6 0
-153 -49 6 0
-154 -16 0 1
-155 -16 0 1
-154 -15 1 1
-180 -45 4 0
-154 -15 5 0
-152 -15 5 0
-152 -15 4 0
-153 -13 0 1
-153 -14 0 1
-186 -15 -1 1
-186 -14 -1 1
-185 -15 -1 1
-187 -44 3 1
-183 -45 6 0
-154 -15 4 0
-154 -16 4 0
-154 -16 5 0
-154 -15 3 0
-154 -16 3 0
-153 -16 4 0
-153 -16 5 0
-153 -16 3 0
-172 -49 7 0
-173 -48 7 0
-157 -32 7 0
-183 -3 9 1
-182 -6 9 1
-182 -7 7 1
-174 -48 1 1
-173 -49 -1 1
-181 -5 10 0
-179 -2 7 1
-179 -2 8 4
-156 -12 0 1
-156 -41 5 0
-156 -41 6 0
-156 -41 4 0
-157 -42 4 0
-156 -43 5 0
-156 -43 6 0
-156 -43 4 0
-155 -44 5 0
-155 -44 6 0
-155 -44 4 1
-154 -43 4 0
-196 -17 6 1
-185 -46 5 0
-164 -11 -1 1
-178 -19 4 0
-180 -17 6 0
-180 -17 7 0
-180 -17 4 0
-180 -17 3 0
-184 -1 8 1
-184 -1 9 0
-182 -1 10 0
-183 -2 6 1
-183 -1 6 1
-182 -2 6 1
-182 -1 6 1
-181 -1 6 1
-179 -1 6 1
-178 -1 6 3
-179 -37 2 0
-178 -38 -2 1
-179 -38 -2 1
-180 -38 -2 1
-180 -39 -2 1
-179 -39 3 0
-180 -39 2 0
-181 -39 1 0
-180 -39 1 0
-181 -34 0 1
-181 -34 1 1
-182 -34 4 0
-196 -45 7 1
-196 -46 7 1
-189 -46 -1 1
-190 -46 -1 1
-191 -46 -1 1
-191 -47 -1 1
-191 -48 -1 1
-191 -45 2 1
-157 -46 1 0
-161 -47 2 0
-159 -48 2 0
-165 -39 2 0
-154 -48 4 1
-173 -12 0 1
-171 -8 0 1
-163 -32 0 1
-163 -32 1 1
-163 -32 2 1
-163 -31 0 1
-163 -31 1 1
-163 -31 2 1
-169 -23 -2 1
-170 -24 -3 1
-169 -24 -3 1
-168 -24 -3 1
-159 -40 7 0
-179 -45 7 0
-178 -13 4 1
-176 -33 4 0
-172 -23 5 0
-167 -28 10 0
-166 -27 11 0
-164 -26 10 0
-172 -5 2 1
-172 -5 3 1
-166 -22 2 1
-166 -23 2 1
-166 -22 3 2
-166 -21 5 1
-163 -27 10 0
-165 -26 11 0
-176 -4 -1 1
-177 -4 -1 1
-178 -4 -1 1
-178 -5 -1 1
-178 -6 -1 1
-177 -5 0 3
-177 -5 4 0
-186 -33 2 0
-153 -17 10 0
-153 -18 10 0
-153 -16 10 0
-153 -16 11 0
-151 -49 1 1
-151 -46 3 1000
-151 -45 1 1
-151 -45 2 1
-151 -45 3 1000
-155 -7 0 1
-155 -6 0 1
-159 -16 8 1
-159 -16 9 1
-151 -38 7 1
-187 -7 0 1
-185 -4 2 0
-167 -17 1 1
-151 -8 5 0
-156 -4 1 1
-154 -40 1 1
-154 -41 1 1
-199 -35 11 0
-174 -44 1 0
-176 -46 1 1
-177 -49 -1 1
-177 -48 -1 1
-200 -35 13 0
-200 -36 12 0
-200 -35 12 0
-186 -48 4 0
-153 -14 5 0
-152 -16 3 0
-151 -16 4 0
-163 -13 2 1
-163 -13 1 1
-163 -13 0 1
-164 -13 2 1
-164 -13 1 1
-164 -13 0 1
-199 -1 4 1
-199 -1 5 2
-199 -1 6 2
-198 -1 4 2
-191 -49 8 1
-153 -40 2 1
-153 -40 6 0
-165 -10 -1 1
-160 -45 -1 1
-199 -22 2 0
-198 -1 5 2
-168 -16 2 1
-168 -16 3 1
-170 -16 4 3
-172 -36 3 0
-172 -36 1 0
-169 -16 2 8
-159 -9 1 1
-169 -36 3 0
-169 -36 1 1000
-171 -34 0 0
-158 -42 1 1
-158 -42 -1 1
-158 -41 -1 1
-157 -42 -1 1
-162 -41 3 0
-161 -39 4 0
-188 -49 7 0
-200 -34 1 1
-200 -34 0 2
-163 -20 9 1
-169 -21 1 1
-168 -21 1 4
-168 -20 1 2
-199 -48 6 0
-167 -21 2 1
-167 -21 3 1
-167 -20 1 1
-167 -20 2 3
-167 -20 3 1
-189 -47 7 1
-193 -46 7 15
-193 -46 8 11
-193 -46 9 3
-193 -45 7 1
-193 -45 8 1
-193 -45 9 1
-183 -48 2 0
-166 -21 9 1
-168 -20 7 2
-169 -20 8 1
-169 -20 6 0
-170 -22 6 0
-151 -20 5 0
-183 -47 5 0
-159 -21 8 1
-159 -21 9 1
-166 -10 -1 1
-162 -35 -1 1
-158 -7 2 0
-151 -9 9 0
-151 -9 8 0
-151 -8 8 0
-158 -36 3 0
-159 -9 3 0
-199 -50 5 0
-159 -16 10 1
-197 -33 11 1
-198 -32 12 1
-168 -20 8 1
-169 -20 9 1
-167 -35 6 0
-184 -28 1 1
-184 -29 1 1
-184 -30 1 1
-198 -43 8 1
-197 -43 7 1
-183 -8 4 1
-155 -46 6 0
-156 -8 1 1
-171 -31 0 1
-157 -48 2 0
-154 -13 5 0
-172 -26 3 0
-171 -27 3 1
-172 -27 3 0
-172 -27 4 0
-172 -28 3 0
-152 -9 8 0
-152 -9 6 0
-173 -16 3 0
-172 -50 4 5
-193 -47 6 1
-199 -22 3 0
-199 -22 5 0
-167 -50 4 1
-199 -22 4 0
-200 -23 3 0
-179 -16 0 1
-165 -50 5 2
-166 -50 4 2
-166 -50 5 4
-152 -27 6 0
-169 -48 5 0
-172 -15 0 1
-173 -13 0 6
-184 -13 1 3
-184 -14 2 5
-184 -17 3 0
-155 -18 9 0
-156 -17 10 0
-185 -19 -1 1
-185 -20 -1 1
-186 -19 -1 1
-159 -35 54 1
-160 -34 55 0
-160 -34 53 0
-163 -35 55 0
-163 -37 54 0
-163 -37 55 0
-163 -37 53 0
-161 -37 54 0
-161 -37 55 0
-161 -37 53 0
-160 -37 54 0
-160 -37 55 0
-160 -37 53 0
-161 -35 56 0
-161 -35 52 0
-195 -33 8 1
-171 -48 5 0
-195 -31 5 1
-195 -31 4 1
-195 -32 6 2
-195 -32 5 6
-195 -32 4 6
-158 -24 6 0
-157 -24 5 0
-189 -15 4 1
-196 -45 8 1
-196 -45 10 1
-195 -45 8 1
-195 -45 9 1
-195 -45 10 1
-167 -16 1 1
-151 -25 4 1
-200 -21 2 0
-198 -43 1 1
-197 -44 0 1
-159 -36 54 0
-159 -36 55 0
-159 -36 53 0
-162 -34 55 0
-161 -38 54 0
-151 -1 10 0
-161 -38 53 0
-161 -36 56 0
-161 -36 52 0
-154 -1 11 0
-154 -1 12 0
-154 -1 10 0
-158 -43 5 0
-155 -45 4 1
-155 -45 3 2
-155 -46 4 1
-156 -47 6 0
-156 -47 7 0
-198 -41 1 2
-153 -35 3 1
-154 -31 4 1
-157 -14 5 0
-158 -15 -1 1
-158 -14 -1 1
-158 -13 -1 1
-157 -15 -1 1
-157 -14 -1 1
-157 -13 -1 1
-158 -36 53 4
-158 -37 52 1
-158 -36 52 1
-158 -35 52 1
-157 -37 52 1
-157 -37 53 1
-157 -37 54 1
-157 -36 52 1
-157 -36 53 4
-157 -36 54 2
-157 -35 52 1
-157 -35 53 2
-157 -35 54 1
-159 -35 55 1
-159 -35 53 1
-161 -38 55 0
-159 -37 54 0
-159 -37 55 0
-159 -37 53 0
-185 -7 -1 1
-185 -8 -1 1
-186 -7 -1 1
-157 -27 0 1
-157 -28 0 1
-158 -36 54 2
-158 -36 55 0
-162 -38 54 0
-162 -38 55 0
-162 -38 53 0
-160 -38 54 0
-160 -38 55 0
-160 -38 53 0
-159 -38 54 0
-159 -38 55 0
-159 -38 53 0
-160 -36 55 0
-160 -36 56 0
-160 -36 53 0
-160 -36 52 0
-161 -10 3 3
-162 -11 2 5
-196 -9 0 1
-196 -11 0 2
-197 -9 0 1
-197 -10 0 1
-197 -11 0 1
-198 -9 0 1
-197 -10 1 3
-197 -10 5 0
-197 -12 4 0
-197 -12 3 0
-198 -11 4 0
-158 -37 54 0
-158 -37 55 0
-158 -37 53 0
-158 -35 54 1
-158 -34 52 1
-157 -34 52 1
-190 -10 5 0
-157 -46 7 0
-158 -47 7 0
-158 -49 6 0
-158 -49 7 0
-163 -34 1 4
-195 -12 5 0
-165 -25 3 5
-159 -42 2 1
-160 -41 0 2
-187 -45 7 3
-188 -45 9 1
-188 -45 8 1
-188 -45 7 2
-188 -46 9 23
-188 -46 8 39
-188 -46 7 28
-199 -49 0 1
-199 -49 2 0
-167 -47 6 0
-155 -27 5 0
-161 -34 0 1
-199 -31 0 2
-200 -32 -1 1
-199 -32 -1 1
-199 -32 0 3
-152 -8 10 0
-199 -31 -1 1
-198 -32 -1 1
-161 -44 6 0
-158 -46 2 0
-155 -8 4 0
-200 -36 9 1
-162 -27 4 2
-162 -27 3 1
-162 -28 5 1
-162 -28 4 4
-162 -28 3 4
-161 -27 4 2
-159 -26 5 0
-158 -25 5 0
-154 -1 3 0
-154 -1 4 0
-153 -1 3 0
-166 -31 4 0
-164 -32 1 1
-165 -1 5 1
-198 -37 5 1
-198 -13 3 0
-154 -42 7 0
-171 -11 3 3
-200 -37 7 0
-163 -27 2 1
-197 -31 7 1
-197 -31 6 4
-158 -49 4 1
-200 -41 6 0
-199 -41 5 0
-199 -41 6 0
-165 -23 0 1
-165 -22 0 1
-165 -22 1 1
-167 -24 0 2
-166 -24 0 3
-166 -23 0 1
-169 -21 0 1
-170 -20 -1 1
-187 -40 1 1
-187 -40 3 0
-171 -49 7 0
-171 -48 7 0
-173 -47 7 0
-174 -48 7 0
-191 -35 6 0
-191 -32 6 3
-151 -21 6 0
-151 -14 10 0
-152 -14 10 0
-152 -21 1 6
-163 -34 -1 1
-198 -19 7 2
-197 -19 7 1
-198 -20 3 1
-197 -20 3 2
-196 -20 3 1
-199 -17 7 0
-190 -7 5 2
-157 -5 4 0
-157 -4 5 0
-157 -4 3 0
-155 -4 4 0
-155 -4 5 0
-153 -34 -1 1
-194 -46 9 1
-194 -46 8 1
-194 -47 10 1
-194 -47 9 12
-200 -9 4 0
-194 -48 10 1
-193 -47 9 8
-200 -11 3 0
-190 -47 7 1
-164 -50 3 1
-177 -37 5 0
-178 -36 4 0
-192 -45 6 1
-160 -22 9 0
-160 -22 10 0
-162 -21 10 1
-160 -34 1 10
-160 -34 2 1
-185 -48 5 0
-157 -3 0 2
-157 -3 1 1
-165 -42 3 0
-166 -41 3 0
-168 -43 2 0
-168 -43 3 0
-173 -12 9 0
-174 -13 9 0
-175 -15 7 0
-175 -15 8 0
-175 -15 11 0
-173 -16 8 0
-175 -16 8 0
-176 -16 8 0
-176 -15 8 0
-176 -15 10 0
-177 -15 9 0
-176 -15 9 0
-176 -13 8 0
-176 -13 10 0
-176 -13 9 0
-175 -13 8 0
-175 -13 10 0
-175 -13 9 0
-175 -14 9 0
-173 -13 8 0
-173 -13 10 0
-173 -13 9 0
-173 -15 8 0
-171 -46 1 1
-171 -46 2 0
-169 -46 1 0
-168 -46 1 0
-167 -48 1 0
-164 -30 0 0
-163 -27 -1 1
-163 -27 0 1
-163 -26 -1 1
-163 -26 0 1
-169 -31 -1 1
-169 -30 -1 1
-169 -29 -1 1
-168 -29 -1 1
-168 -31 -1 1
-168 -30 -1 1
-166 -31 0 0
-166 -32 0 0
-167 -33 2 1
-166 -33 2 1
-166 -30 0 0
-165 -31 0 0
-166 -30 2 0
-166 -30 -2 2
-167 -31 -3 1
-166 -31 -3 1
-165 -31 -3 1
-165 -30 -3 1
-165 -29 -3 1
-176 -18 10 0
-175 -18 9 0
-175 -17 10 0
-175 -17 9 0
-174 -16 10 0
-174 -16 9 0
-173 -17 10 0
-173 -17 9 0
-172 -18 10 0
-172 -18 9 0
-174 -19 8 0
-174 -19 11 0
-173 -21 10 0
-173 -21 9 0
-174 -21 10 0
-175 -18 10 0
-175 -19 10 0
-176 -18 9 0
-175 -19 9 0
-174 -17 10 0
-174 -18 10 0
-174 -17 9 0
-173 -18 10 0
-164 -30 1 0
-170 -31 -1 1
-170 -30 -1 1
-170 -29 -1 1
-167 -32 0 0
-165 -32 0 0
-176 -19 10 0
-176 -19 9 0
-174 -18 8 0
-174 -19 10 0
-174 -18 9 0
-174 -19 9 0
-173 -19 8 0
-173 -19 10 0
-156 -48 0 1
-152 -18 1 2
-177 -35 4 0
-196 -12 5 0
-198 -14 6 1
-187 -49 -1 1
-199 -9 6 0
-197 -9 6 0
-159 -27 3 1
-171 -23 3 0
-170 -24 4 0
-169 -15 5 1
-169 -16 5 1
-152 -3 3 1
-196 -33 4 1000
-196 -33 5 1
-196 -33 6 1
-155 -23 4 0
-151 -24 5 0
-180 -45 3 0
-174 -9 2 1
-173 -12 2 0
-166 -33 1 1000
-188 -15 8 1
-153 -42 1 1
-152 -44 3 0
-158 -2 2 0
-166 -10 4 1
-167 -8 4 1
-167 -8 3 1
-167 -8 2 12
-182 -4 2 1
-182 -5 3 3
-182 -5 2 1
-166 -43 2 0
-197 -16 5 5
-197 -15 4 2
-196 -14 1 1
-196 -15 2 1
-196 -15 1 1
-151 -12 10 0
-151 -13 9 0
-152 -11 10 0
-152 -11 9 0
-151 -11 10 0
-151 -11 9 0
-181 -14 0 1
-189 -46 0 12
-187 -16 6 2
-165 -36 3 1
-187 -1 3 3
-187 -2 3 2
-175 -30 3 0
-175 -29 3 0
-177 -30 2 0
-194 -8 1 1
-194 -7 1 1
-157 -25 5 0
-152 -2 6 0
-186 -44 3 0
-187 -43 4 1
-188 -42 -1 1
-187 -42 -1 1
-186 -42 -1 1
-185 -42 2 0
-185 -42 3 0
-173 -27 4 0
-173 -27 3 0
-173 -25 4 0
-173 -25 3 0
-173 -24 4 0
-158 -34 5 0
-158 -33 5 0
-197 -30 13 1
-197 -31 14 1
-200 -32 13 0
-191 -10 2 0
-192 -9 3 0
-155 -45 1 1
-160 -26 3 0
-153 -26 3 0
-153 -26 4 0
-153 -24 4 0
-155 -33 1 2
-155 -33 0 1
-154 -50 2 7
-155 -50 0 1
-156 -50 1 1
-159 -41 8 0
-159 -41 7 0
-195 -31 6 1
-158 -42 6 0
-159 -43 5 0
-159 -43 6 0
-161 -42 5 0
-184 -15 1 2
-184 -15 3 4
-183 -15 1 1
-183 -15 2 1
-185 -14 4 1
-186 -12 4 1
-186 -12 0 1
-186 -8 2 1
-186 -8 3 5
-186 -10 4 0
-167 -23 4 1
-167 -23 3 2
-158 -50 7 0
-181 -50 5 1
-181 -50 4 1
-181 -48 2 1
-160 -50 5 1
-160 -50 9 1
-159 -49 8 0
-158 -48 8 0
-156 -48 8 0
-198 -41 5 5
-198 -41 7 1
-198 -42 8 1
-197 -42 7 1
-197 -42 8 1
-170 -33 5 0
-171 -33 5 0
-172 -35 4 0
-172 -33 1 0
-198 -49 10 0
-198 -49 11 0
-200 -48 9 0
-200 -48 8 0
-155 -49 7 0
-163 -27 6 0
-151 -42 4 0
-156 -22 0 1
-156 -50 8 1
-177 -10 2 2
-177 -10 1 2
-177 -11 2 1
-177 -11 1 1
-168 -14 2 1
-168 -14 1 1
-168 -14 0 1
-172 -9 4 1
-171 -8 -1 1
-170 -9 0 1
-164 -32 53 0
-197 -49 0 1
-153 -1 4 0
-153 -2 4 0
-154 -1 0 1
-163 -34 2 4
-153 -18 5 0
-152 -18 6 0
-153 -18 6 0
-164 -31 52 0
-165 -31 52 0
-166 -33 51 0
-166 -33 52 0
-166 -33 50 0
-165 -34 52 0
-164 -35 51 0
-164 -33 52 0
-164 -33 53 0
-167 -32 1 1
-167 -31 1 1
-166 -31 51 0
-165 -32 52 0
-165 -33 52 0
-166 -34 51 0
-164 -35 52 0
-167 -29 4 0
-167 -30 3 1
-167 -29 3 1
-162 -33 53 0
-163 -32 53 0
-164 -31 53 0
-166 -31 52 0
-166 -32 53 0
-166 -33 53 0
-166 -34 52 0
-166 -34 53 0
-164 -35 53 0
-163 -34 53 0
-164 -33 54 0
-168 -32 1 1
-168 -31 1 1
-191 -11 2 0
-189 -27 1 1
-189 -27 2 1
-197 -36 0 1
-166 -28 6 0
-163 -33 53 0
-166 -32 52 0
-165 -32 53 0
-165 -33 53 0
-165 -34 53 0
-164 -34 53 0
-181 -49 8 0
-181 -49 9 0
-181 -50 6 1
-179 -48 8 0
-178 -48 8 0
-182 -50 6 1
-178 -48 9 0
-177 -50 8 0
-177 -50 7 0
-179 -50 10 0
-177 -49 8 0
-176 -50 7 0
-163 -33 54 0
-163 -32 54 0
-164 -31 54 0
-166 -32 54 0
-166 -33 54 0
-166 -35 53 0
-166 -34 54 0
-164 -35 54 0
-163 -35 53 0
-163 -34 54 0
-164 -33 55 0
-158 -44 5 0
-158 -44 6 0
-161 -44 5 0
-164 -32 54 0
-166 -35 54 0
-166 -35 52 0
-163 -35 54 0
-161 -38 2 2
-161 -38 1 1
-161 -38 0 1
-177 -12 1 1
-177 -10 3 3
-177 -10 4 2
-169 -30 3 1
-168 -39 3 0
-168 -39 6 0
-169 -40 5 0
-169 -40 4 0
-170 -39 5 0
-171 -32 7 0
-170 -39 4 0
-162 -27 5 1
-162 -26 3 1
-162 -26 4 1
-162 -26 5 1
-169 -20 4 3
-154 -31 2 1
-154 -30 2 1
-183 -43 3 0
-183 -41 3 0
-183 -40 3 0
-183 -40 5 0
-162 -34 53 0
-162 -34 54 0
-165 -33 54 0
-165 -32 54 0
-165 -34 54 0
-165 -35 53 0
-165 -35 54 0
-164 -36 53 0
-181 -42 3 0
-164 -34 54 0
-164 -34 55 0
-151 -5 9 0
-176 -34 6 0
-176 -33 5 0
-176 -33 6 0
-176 -31 5 0
-162 -32 53 0
-162 -33 54 0
-164 -36 54 0
-162 -35 53 0
-162 -35 54 0
-179 -18 -1 1
-168 -30 8 0
-161 -34 54 0
-163 -36 54 0
-163 -36 53 0
-163 -34 55 0
-163 -34 56 0
-168 -44 6 0
-168 -44 5 0
-168 -43 6 0
-169 -43 5 0
-200 -33 6 0
-161 -34 55 0
-161 -34 53 0
-162 -33 55 0
-163 -33 55 0
-165 -34 55 0
-164 -36 55 0
-163 -36 55 0
-162 -36 54 0
-162 -36 55 0
-162 -36 53 0
-160 -48 5 0
-151 -49 5 0
-151 -21 7 0
-152 -22 7 0
-151 -35 11 1
-161 -35 54 0
-160 -35 54 0
-161 -35 55 0
-161 -35 53 0
-160 -35 53 0
-161 -33 54 0
-161 -33 55 0
-161 -33 53 0
-164 -35 55 0
-162 -37 54 0
-154 -23 8 0
-162 -37 53 0
-161 -36 54 0
-161 -36 55 0
-161 -36 53 0
-162 -35 55 0
-162 -35 56 0
-198 -31 7 1
-198 -32 7 2
-198 -33 7 1
-185 -40 1 0
-160 -35 55 0
-160 -34 54 0
-162 -37 55 0
-160 -36 54 0
-199 -4 4 0
-178 -13 2 6
-163 -36 -1 1
-163 -37 1 1000
-159 -31 5 0
-159 -32 6 0
-159 -31 6 0
-160 -30 5 0
-156 -46 5 0
-200 -14 2 0
-197 -13 2 1
-197 -13 1 1
-198 -35 5 0
-161 -22 12 1
-169 -12 5 1
-173 -11 5 0
-161 -20 8 1
-193 -33 8 1
-192 -32 7 1
-164 -41 2 0
-199 -30 4 0
-199 -30 0 2
-155 -48 3 0
-159 -44 2 0
-160 -44 2 0
-200 -19 2 0
-200 -19 3 0
-156 -7 4 0
-154 -7 4 0
-157 -7 0 1
-157 -6 1 1
-156 -48 6 0
-178 -9 -1 1
-178 -10 -1 1
-161 -36 3 1
-162 -35 3 1
-161 -6 4 3
-161 -7 3 1
-162 -26 2 1
-169 -38 -3 1
-169 -39 -3 1
-169 -40 -3 1
-170 -38 -3 1
-175 -47 5 0
-177 -48 5 0
-171 -30 1 1
-157 -39 3 1
-176 -48 6 0
-175 -35 4 0
-177 -49 5 0
-200 -29 0 1
-151 -47 4 0
-176 -12 3 0
-171 -41 2 0
-171 -41 1 0
-175 -49 7 0
-175 -49 4 0
-175 -49 3 0
-175 -13 4 0
-175 -13 5 0
-170 -31 3 0
-155 -27 0 1
-175 -12 -1 1
-151 -2 12 0
-151 -6 8 0
-167 -24 3 1
-167 -23 5 1
-166 -23 3 2
-156 -22 2 0
-156 -23 2 0
-190 -40 3 1
-190 -40 2 1
-198 -32 6 4
-196 -31 6 1
-196 -32 6 1
-197 -41 13 1
-151 -38 5 2
-185 -1 4 1
-167 -13 3 1
-151 -1 1 1
-158 -45 -1 1
-180 -4 0 1
-179 -6 0 2
-174 -3 1 3
-174 -8 -1 1
-174 -3 3 1
-175 -3 1 1
-176 -3 3 0
-177 -2 2 1
-177 -2 3 1
-164 -38 7 0
-165 -39 7 0
-165 -39 8 0
-166 -38 7 0
-166 -38 9 0
-166 -38 8 0
-165 -36 6 0
-180 -1 1 1
-177 -4 0 3
-178 -32 6 0
-178 -32 7 0
-178 -32 5 0
-179 -31 6 0
-180 -9 0 1
-180 -10 0 2
-181 -9 0 1
-182 -9 0 1
-180 -32 5 0
-181 -33 7 0
-171 -9 4 1
-172 -8 5 1
-178 -34 7 0
-179 -33 7 0
-179 -33 8 0
-179 -33 4 0
-177 -32 6 0
-177 -32 7 0
-178 -31 6 0
-177 -30 6 0
-178 -30 8 0
-178 -30 9 0
-178 -30 6 0
-178 -30 5 0
-176 -29 7 0
-176 -29 8 0
-177 -28 7 0
-176 -28 7 0
-176 -28 8 0
-178 -27 7 0
-178 -28 8 0
-178 -27 8 0
-179 -28 7 0
-179 -28 8 0
-179 -29 7 0
-179 -30 8 0
-178 -31 8 0
-176 -31 7 0
-177 -30 8 0
-168 -49 2 0
-168 -48 2 0
-169 -48 3 0
-170 -47 3 0
-197 -50 5 0
-179 -45 3 0
-161 -46 6 0
-182 -42 3 0
-184 -44 5 0
-184 -44 4 0
-183 -42 4 0
-181 -41 3 0
-181 -41 7 0
-167 -43 -2 1
-166 -45 -2 1
-161 -3 1 1
-162 -4 0 1
-154 -46 5 0
-198 -42 12 4
-198 -42 11 4
-198 -41 12 2
-200 -41 11 0
-175 -34 6 0
-175 -36 5 0
-200 -41 12 0
-168 -12 1 4
-185 -50 7 0
-187 -48 7 0
-186 -45 10 1
-187 -45 10 1
-188 -45 10 1
-188 -46 10 1
-188 -47 10 1
-187 -45 9 1
-187 -45 8 3
-160 -43 0 2
-160 -12 0 1
-159 -13 -1 1
-165 -23 6 5
-198 -47 10 1
-198 -46 10 1
-166 -25 9 0
-167 -25 8 0
-168 -26 9 0
-167 -27 8 0
-161 -4 -1 1
-195 -14 8 1
-195 -13 8 1
-196 -11 7 0
-177 -14 4 1
-151 -15 1 1
-152 -47 1 1
-198 -17 6 2
-168 -48 4 0
-171 -47 4 0
-199 -40 0 0
-172 -11 0 1
-171 -12 -1 1
-154 -29 1 1
-155 -47 1 0
-171 -9 2 0
-170 -11 2 7
-198 -39 3 1
-172 -8 1 0
-159 -1 -1 1
-157 -48 5 0
-154 -49 5 0
-162 -36 -1 1
-168 -50 6 1
-187 -41 0 2
-188 -41 0 1
-189 -41 0 1
-188 -41 3 5
-186 -1 4 1
-153 -28 5 0
-173 -49 3 1
-184 -44 6 0
-186 -46 6 1
-157 -48 3 0
-157 -48 4 0
-158 -2 4 0
-156 -2 4 0
-155 -3 4 0
-155 -3 5 0
-156 -2 3 0
-155 -3 3 0
-169 -43 3 0
-169 -42 3 0
-166 -22 8 2
-183 -38 2 0
-183 -10 6 0
-183 -10 0 2
-185 -6 -1 1
-179 -49 2 4
-199 -44 13 0
-180 -50 0 6
-188 -21 1 2
-188 -21 2 3
-188 -15 4 4
-195 -33 5 1000
-195 -33 6 1
-195 -34 7 1
-152 -9 7 0
-152 -7 8 0
-160 -9 -1 1
-176 -29 0 0
-176 -29 1 0
-162 -25 4 1
-171 -39 2 0
-171 -39 3 0
-163 -26 6 0
-173 -1 10 1
-173 -2 10 1
-174 -1 10 1
-174 -2 10 1
-175 -2 10 1
-174 -1 9 8
-163 -29 50 0
-163 -29 51 0
-163 -32 50 1000
-163 -32 51 0
-173 -2 8 2
-173 -2 7 3
-174 -2 9 3
-174 -2 8 4
-174 -2 7 5
-174 -1 8 13
-151 -25 6 1
-151 -22 5 0
-151 -22 6 0
-152 -23 5 0
-173 -29 4 0
-163 -31 50 0
-164 -31 50 0
-163 -31 51 0
-163 -34 49 1
-163 -34 50 2
-163 -34 51 2
-163 -33 49 1
-163 -33 50 5
-163 -33 51 7
-163 -34 52 1
-163 -33 52 1
-163 -34 48 1
-163 -33 48 1
-159 -32 48 1
-162 -31 52 0
-162 -31 49 0
-162 -31 48 0
-185 -45 5 0
-185 -45 7 0
-185 -45 6 0
-173 -24 0 1
-162 -26 7 0
-160 -32 5 0
-163 -44 -1 1
-188 -41 -1 1
-161 -9 5 1
-154 -20 5 0
-194 -31 5 1
-194 -31 6 1
-197 -16 7 1
-164 -31 51 0
-161 -32 51 1
-200 -20 5 0
-200 -20 6 0
-166 -34 10 0
-155 -11 0 1
-156 -11 0 1
-157 -11 0 1
-164 -30 50 0
-164 -30 51 0
-164 -32 50 0
-164 -32 51 0
-160 -32 52 1
-160 -32 48 1
-198 -18 1 0
-200 -18 0 3
-200 -19 -1 1
-199 -19 -1 1
-167 -37 5 0
-167 -37 4 0
-163 -41 4 0
-199 -16 -1 1
-200 -16 -1 1
-200 -15 0 1
-200 -15 4 0
-198 -16 1 0
-151 -3 4 0
-157 -2 0 1
-164 -46 2 0
-169 -43 -1 1
-197 -40 7 1
-174 -49 5 0
-157 -19 3 0
-153 -48 6 0
-153 -50 5 0
-156 -22 3 0
-155 -48 4 0
-154 -47 5 0
-153 -46 5 0
-175 -50 0 2
-152 -47 5 0
-154 -27 4 0
-179 -19 4 0
-161 -31 49 0
-163 -30 49 0
-164 -30 49 0
-165 -31 50 0
-165 -31 51 0
-165 -31 49 0
-164 -33 50 0
-164 -33 51 0
-164 -33 49 0
-161 -32 52 1
-161 -32 49 1
-163 -31 52 0
-163 -31 49 0
-163 -31 48 0
-186 -23 4 0
-186 -23 0 2
-157 -35 3 0
-157 -36 3 0
-161 -32 50 1
-162 -30 49 0
-165 -32 50 0
-165 -32 51 0
-165 -32 49 0
-163 -32 52 0
-163 -32 49 1
-163 -32 48 0
-163 -40 0 2
-173 -28 3 0
-174 -29 4 0
-174 -29 3 0
-173 -31 4 0
-168 -28 5 0
-197 -12 1 2
-197 -12 0 1
-160 -46 -1 1
-160 -47 -1 1
-163 -40 1 1
-165 -33 50 0
-165 -33 51 0
-170 -35 -3 1
-170 -34 -3 1
-164 -34 52 1
-162 -32 52 1
-164 -34 49 1
-162 -32 49 1
-176 -18 1 1
-175 -19 1 3
-164 -25 9 0
-195 -7 3 1
-195 -7 2 2
-196 -7 4 1
-172 -28 2 1
-196 -7 2 2
-168 -33 1 1
-167 -35 1 0
-166 -32 50 0
-161 -8 2 1
-165 -34 50 0
-164 -34 50 0
-164 -34 51 0
-164 -32 52 0
-164 -32 49 0
-164 -32 48 0
-171 -15 0 1
-166 -32 51 0
-165 -34 51 0
-163 -35 50 1
-182 -8 -1 1
-163 -35 51 1
-163 -35 52 1
-162 -35 50 1
-162 -35 51 1
-162 -35 52 1
-164 -35 49 1
-163 -35 49 1
-162 -35 49 1
-163 -23 7 0
-163 -23 6 0
-164 -21 4 1
-200 -43 -2 1
-174 -12 -1 1
-188 -26 -1 1
-177 -46 3 0
-187 -27 0 1
-187 -26 3 0
-187 -26 2 0
-182 -46 3 0
-182 -46 5 0
-197 -42 0 1
-197 -42 1 1
-160 -39 2 3
-151 -16 5 0
-158 -37 -1 1
-158 -38 -1 1
-153 -23 2 1
-153 -23 0 1
-178 -43 2 0
-179 -43 2 0
-198 -10 2 1
-180 -44 2 0
-184 -45 6 0
-179 -16 6 0
-156 -41 0 2
-197 -44 3 3
-171 -18 4 0
-186 -16 3 0
-173 -50 3 1
-168 -38 7 0
-169 -35 8 0
-167 -37 6 0
-168 -38 8 0
-168 -39 7 0
-170 -35 8 0
-192 -50 11 1
-168 -36 7 0
-168 -37 8 0
-191 -47 3 3
-191 -49 4 16
-191 -48 4 5
-191 -47 4 4
-188 -49 3 1
-187 -48 4 0
-166 -7 0 1
-197 -38 4 3
-180 -14 -1 1
-184 -16 4 1
-175 -22 7 0
-153 -12 4 0
-153 -12 5 0
-175 -24 4 0
-175 -24 6 0
-175 -24 5 0
-175 -23 5 0
-173 -22 6 0
-172 -40 7 0
-172 -40 6 0
-171 -41 6 0
-172 -41 6 0
-174 -41 6 0
-163 -29 2 1
-157 -26 5 0
-198 -28 0 2
-165 -21 45 1
-164 -22 45 3
-164 -23 44 1
-163 -24 44 0
-164 -25 44 0
-163 -25 44 0
-162 -24 44 0
-161 -25 44 0
-163 -23 45 0
-162 -23 45 0
-161 -23 45 0
-161 -22 45 0
-164 -21 46 1
-163 -21 46 1
-163 -20 46 1
-162 -21 46 1
-162 -20 46 1
-165 -23 46 1
-165 -22 46 1
-165 -21 46 1
-164 -22 46 1
-164 -23 45 0
-163 -24 45 0
-164 -25 45 0
-163 -25 45 0
-162 -24 45 0
-161 -25 45 0
-163 -23 46 0
-162 -23 46 0
-151 -36 11 1
-161 -22 46 0
-163 -25 46 0
-162 -24 46 0
-151 -36 10 1
-151 -37 9 1
-163 -23 47 0
-153 -35 10 0
-154 -34 10 0
-155 -36 11 0
-156 -35 10 0
-156 -36 10 0
-155 -37 11 0
-156 -38 11 0
-163 -21 47 0
-156 -38 12 0
-156 -38 10 0
-154 -38 11 0
-154 -38 12 0
-154 -38 10 0
-153 -38 11 0
-153 -38 12 0
-153 -38 10 0
-154 -36 13 0
-154 -36 10 0
-154 -36 9 0
-162 -24 47 0
-161 -25 47 0
-161 -24 48 0
-163 -23 49 0
-161 -23 49 0
-161 -22 49 0
-163 -22 48 0
-163 -21 49 0
-164 -22 49 0
-165 -23 48 0
-164 -23 49 0
-163 -24 48 0
-164 -25 48 0
-164 -24 49 0
-163 -25 49 0
-159 -6 1 2
-197 -42 2 1
-163 -24 9 0
-164 -24 9 1
-168 -14 44 1
-168 -13 44 1
-168 -12 44 1
-167 -12 44 1
-166 -12 44 1
-167 -9 47 0
-167 -9 48 0
-167 -9 46 1
-168 -8 47 0
-168 -8 46 0
-170 -10 47 0
-170 -10 48 0
-170 -10 46 1
-168 -10 48 0
-168 -10 49 0
-168 -10 45 3
-169 -9 44 1
-168 -9 44 1
-167 -9 44 2
-162 -40 5 0
-162 -40 6 0
-173 -16 2 1
-182 -11 5 1
-154 -19 10 0
-158 -39 -2 1
-169 -36 2 0
-171 -36 3 0
-157 -37 1 0
-156 -38 2 1
-172 -4 42 0
-190 -49 7 1000
-190 -50 8 1
-162 -20 11 1
-152 -3 13 0
-187 -36 -1 1
-155 -11 6 0
-170 -25 4 0
-170 -25 3 1
-187 -13 3 1
-187 -13 2 0
-195 -8 2 2
-196 -9 1 1
-196 -8 1 1
-184 -13 0 1
-195 -8 1 1
-163 -7 1 1
-160 -4 2 1
-158 -6 2 1
-158 -6 3 0
-171 -18 1 3
-199 -42 2 0
-173 -19 1 1
-174 -16 1 1
-172 -14 2 1
-168 -15 0 1
-168 -14 3 1
-168 -15 3 1
-176 -21 5 0
-176 -21 6 0
-176 -21 4 0
-177 -20 7 0
-177 -20 3 1
-199 -40 8 1
-199 -39 8 1
-197 -37 11 1
-197 -37 12 1
-198 -38 13 1
-199 -37 14 1
-197 -37 14 1
-152 -22 4 0
-196 -26 11 1
-152 -1 1 1
-187 -33 5 0
-198 -21 3 0
-189 -34 5 0
-199 -36 13 0
-154 -39 10 0
-154 -40 10 0
-153 -39 11 0
-153 -39 12 0
-153 -39 10 0
-154 -38 13 0
-154 -38 9 0
-191 -6 1 1
-191 -6 2 1
-190 -6 1 1
-190 -6 2 1
-189 -8 6 0
-188 -10 8 0
-175 -33 3 0
-175 -33 1 0
-176 -33 2 0
-176 -33 3 0
-176 -33 1 0
-190 -31 8 1
-163 -20 10 1
-196 -26 10 1
-156 -12 2 0
-159 -11 2 0
-174 -41 1 0
-174 -41 0 0
-176 -39 0 0
-177 -40 -3 1
-176 -40 -3 1
-175 -40 -3 1
-161 -15 3 1
-161 -15 4 1
-161 -14 2 1
-161 -14 3 1
-161 -14 4 1
-160 -15 3 3
-160 -15 4 1
-159 -13 3 0
-175 -39 1 0
-175 -39 0 0
-178 -39 1 0
-178 -39 2 0
-165 -8 4 1
-198 -13 0 1
-199 -8 1 3
-199 -8 2 1
-198 -12 3 0
-199 -18 -1 1
-198 -18 2 0
-196 -12 4 0
-168 -28 2 2
-172 -31 2 0
-153 -17 11 0
-153 -18 11 0
-154 -18 11 0
-163 -24 10 0
-176 -45 6 0
-179 -47 9 0
-187 -44 5 1000
-199 -41 0 0
-199 -41 2 0
-163 -20 5 1
-163 -20 6 1
-163 -22 4 1
-163 -21 4 1
-162 -23 6 0
-162 -23 7 0
-161 -24 7 0
-160 -23 8 0
-160 -21 4 1
-163 -22 6 5
-164 -22 5 1
-180 -8 5 1
-179 -9 5 1
-179 -8 5 5
-178 -10 5 1
-178 -9 5 1
-178 -8 5 1
-181 -13 5 1
-167 -17 44 1
-167 -16 44 1
-167 -15 44 1
-183 -38 3 0
-176 -14 3 1
-178 -12 1 1
-176 -12 1 1
-184 -12 1 1
-182 -11 3 1