DAV_OBMAP v3 cell_size=10
-152 174 3 22
-174 197 7 0
-180 155 3 1
-179 154 3 1
-179 155 3 1
-154 185 8 0
-154 185 9 0
-154 185 7 0
-172 199 8 0
-159 184 5 0
-166 150 4 1
-153 168 4 2
-152 167 4 1
-153 167 2 3
-154 166 1 1
-171 155 5 1
-171 155 4 1
-171 158 4 0
-171 158 6 0
-171 158 5 1000
-172 161 3 1
-172 160 3 1
-172 159 3 1
-170 159 6 0
-167 181 6 1
-165 181 6 1
-165 183 8 0
-165 183 9 0
-185 190 4 1
-164 174 5 0
-164 165 7 0
-189 167 5 1
-189 167 6 1
-168 161 8 1
-180 164 3 1
-178 163 2 1
-183 168 4 2
-199 187 8 0
-199 188 7 0
-200 189 7 0
-164 168 4 1
-166 187 7 0
-171 179 8 0
-196 195 7 0
-186 176 8 0
-187 178 7 0
-187 177 8 0
-188 178 7 0
-188 178 6 0
-188 174 8 0
-188 176 9 0
-188 176 4 1
-187 175 3 1
-187 176 3 1
-187 177 3 1
-187 178 6 0
-184 165 7 1
-187 165 6 1
-187 165 7 1
-186 164 6 0
-187 176 9 0
-162 172 0 1
-162 171 0 1
-162 170 0 1
-163 171 1 1
-200 173 7 0
-153 170 5 1
-152 169 5 1
-163 171 6 0
-163 171 5 0
-162 169 3 0
-162 169 5 0
-162 169 4 1
-163 169 4 0
-163 170 4 0
-163 169 3 1
-164 169 5 1
-164 169 3 1
-165 168 6 9
-165 168 4 2
-200 179 10 0
-200 179 6 0
-166 168 4 2
-163 173 3 1
-161 171 4 0
-159 172 2 1
-159 171 4 1
-159 171 3 1
-159 171 2 1
-160 171 2 1
-164 172 1 1
-162 171 3 0
-162 171 5 0
-162 171 4 0
-164 170 3 1
-164 170 4 4
-166 169 7 1
-167 171 7 1
-166 169 4 1
-166 169 3 1
-167 169 4 1
-167 169 3 1
-165 175 2 1
-162 172 5 0
-165 176 3 1
-169 153 9 0
-169 153 7 1
-170 153 9 0
-171 153 8 0
-199 176 7 0
-180 191 5 0
-181 191 5 0
-181 194 2 1
-181 193 2 1
-181 192 2 1
-182 194 2 1
-182 193 2 1
-182 192 2 1
-183 194 2 1
-183 193 2 1
-183 192 2 1
-182 193 3 1
-182 193 7 0
-182 193 6 0
-181 192 4 0
-181 192 6 0
-181 192 5 0
-182 191 4 0
-182 191 6 0
-182 191 5 0
-182 192 5 0
-183 190 3 1
-184 191 3 1
-184 190 5 1
-184 190 4 1
-184 190 3 1
-185 192 3 1
-196 163 8 7
-195 163 6 1
-195 163 7 6
-195 163 8 3
-169 184 5 1000
-200 164 7 0
-200 164 6 0
-191 151 4 1
-191 151 5 1
-191 151 6 1
-191 152 4 1
-191 152 5 1
-186 151 8 0
-188 159 5 1
-167 179 5 0
-167 178 5 0
-152 184 6 0
-176 155 10 0
-151 184 6 0
-175 156 13 0
-189 160 6 1
-189 160 5 1
-168 168 6 1
-168 168 5 1
-168 167 7 1
-177 154 4 1
-177 154 3 1
-177 154 2 1
-178 157 4 2
-178 159 5 0
-175 162 6 1
-176 162 6 4
-177 162 6 1
-175 162 5 1
-175 162 4 1
-175 162 3 1
-154 153 11 1
-153 153 11 1
-164 182 5 1
-164 182 4 1
-164 182 3 1
-164 181 5 1
-164 181 4 1
-164 181 3 1
-188 158 8 0
-185 157 7 1
-157 160 7 1
-157 160 6 3
-157 159 5 35
-157 155 6 1
-157 158 6 0
-156 159 6 2
-157 158 5 1
-157 155 8 0
-157 155 7 1000
-156 155 8 0
-156 158 6 1
-157 153 5 1
-153 156 9 0
-156 155 9 1
-152 156 9 0
-167 182 4 2
-155 156 6 4
-154 158 6 2
-151 155 9 0
-153 154 8 1
-151 154 9 0
-154 154 9 5
-155 154 9 3
-154 154 8 10
-155 154 8 8
-151 155 6 1
-151 155 8 0
-151 155 7 0
-152 154 8 0
-154 153 9 1
-154 152 9 1
-154 151 9 1
-155 152 9 1
-155 151 9 1
-154 152 8 2
-155 152 8 1
-155 151 8 1
-151 154 8 0
-155 152 7 1
-153 151 8 0
-153 151 7 0
-151 154 7 1
-152 154 7 1
-152 151 7 1
-151 153 7 1
-152 153 7 1
-151 151 7 1000
-152 150 7 0
-151 152 7 1000
-152 152 7 1
-152 150 6 0
-151 150 7 1000
-161 153 2 1
-161 154 2 1
-160 155 6 0
-162 159 7 1
-161 155 2 1
-162 156 3 2
-161 159 3 1
-160 156 5 0
-161 158 2 1
-161 157 2 1
-161 156 2 1
-162 157 3 6
-159 160 3 1
-159 159 3 1
-159 158 3 6
-160 160 3 1
-160 159 3 5
-159 160 4 1
-159 159 4 27
-168 188 9 0
-191 169 11 0
-191 169 10 0
-191 168 10 0
-199 152 2 1
-198 151 -1 1
-200 168 10 0
-162 171 8 0
-189 169 9 0
-183 175 6 0
-180 176 6 0
-168 185 5 1
-179 173 6 1
-178 157 2 1
-184 162 2 1
-184 162 3 1
-183 160 2 1
-183 161 2 1
-183 162 2 1
-188 167 7 0
-181 159 5 0
-179 161 6 0
-181 169 6 1
-173 196 5 0
-169 188 8 0
-171 195 7 0
-166 158 8 0
-165 158 5 1
-166 157 8 0
-171 189 7 0
-174 181 7 0
-174 181 6 0
-172 179 6 1
-173 178 6 1
-174 178 6 1
-175 179 6 1
-175 178 6 1
-174 157 2 1
-173 158 3 2
-173 158 6 0
-191 163 4 1
-174 155 4 7
-174 155 3 3
-174 154 5 1
-174 154 4 1
-174 154 3 1
-175 157 4 0
-175 158 5 0
-175 158 4 0
-174 161 7 1
-174 160 7 2
-165 162 11 1
-154 181 10 0
-154 181 11 0
-166 157 2 1
-166 158 2 1
-186 152 4 1
-180 157 5 1
-179 161 5 0
-180 160 4 0
-180 160 5 0
-180 158 4 17
-180 158 5 1
-177 163 7 1
-176 162 7 1
-176 163 5 1
-176 163 6 2
-176 163 7 2
-175 162 7 1
-185 172 6 0
-175 163 6 1
-175 163 7 1
-180 161 4 0
-180 161 5 1000
-198 186 7 0
-168 159 2 1
-198 187 8 0
-200 187 7 0
-199 187 7 0
-155 187 7 0
-188 150 0 1
-185 167 6 0
-185 168 8 0
-186 156 9 0
-166 161 6 8
-167 160 5 1
-166 160 6 10
-187 151 4 1
-187 158 4 1
-184 156 5 2
-176 181 6 0
-173 197 8 0
-153 175 2 1
-176 177 4 1
-176 177 5 2
-176 177 6 1
-176 178 6 1
-182 167 5 1
-183 171 7 0
-175 199 8 0
-175 198 7 0
-152 170 5 1
-152 171 5 1
-151 167 1 1
-153 174 3 1
-164 153 9 0
-165 152 9 0
-164 151 9 0
-163 150 9 0
-162 151 9 0
-162 152 9 0
-164 152 9 0
-164 150 9 0
-163 151 9 0
-163 151 10 0
-161 150 10 0
-162 152 10 0
-165 152 10 0
-165 150 10 0
-163 150 10 0
-163 150 11 0
-162 150 10 0
-162 151 10 0
-165 151 10 0
-164 150 10 0
-162 153 5 1
-162 153 6 1
-163 154 5 1
-163 154 6 0
-164 153 4 0
-162 153 10 0
-162 153 11 0
-161 152 10 0
-161 152 11 0
-162 153 2 1
-164 159 5 0
-184 161 7 1
-163 154 9 0
-162 154 9 0
-162 154 8 0
-161 153 6 0
-162 153 9 0
-162 155 8 0
-162 155 7 0
-162 154 7 0
-160 154 8 0
-161 154 8 0
-160 154 6 0
-160 154 7 0
-161 152 9 0
-162 153 8 0
-161 154 6 0
-161 154 7 0
-160 153 6 0
-160 153 8 0
-159 152 6 0
-162 153 7 0
-161 153 8 0
-161 152 8 0
-161 153 7 0
-161 152 7 0
-159 153 7 0
-160 151 6 0
-160 151 9 0
-162 151 8 0
-162 152 8 0
-160 153 7 0
-159 152 7 0
-160 150 10 0
-162 150 9 0
-162 150 8 0
-160 152 7 0
-160 151 7 0
-160 152 9 0
-160 152 8 0
-160 151 8 0
-158 150 7 0
-161 150 9 0
-161 150 8 0
-161 151 9 0
-159 151 7 0
-159 152 8 0
-158 151 7 0
-158 151 9 0
-158 151 8 0
-180 165 10 0
-180 167 7 0
-178 167 8 0
-178 168 7 0
-178 167 7 0
-177 167 8 0
-177 167 7 0
-177 166 8 0
-176 166 7 0
-177 166 7 0
-178 166 3 1
-178 165 3 1
-179 166 3 1
-179 165 3 1
-180 166 3 1
-180 165 3 1
-179 165 4 1
-179 165 9 0
-177 164 9 0
-176 164 9 0
-176 164 10 0
-176 164 8 0
-176 166 9 0
-176 166 10 0
-178 166 10 0
-179 166 9 0
-179 166 10 0
-176 163 10 0
-178 164 10 0
-178 164 11 0
-181 165 8 0
-181 165 7 0
-179 165 8 0
-179 166 7 0
-179 165 7 0
-178 165 8 0
-178 165 7 0
-179 164 7 0
-175 165 5 1
-175 164 5 1
-176 165 5 1
-176 164 5 1
-176 164 6 1
-179 164 8 0
-175 165 8 1
-175 165 7 1
-175 165 6 1
-175 164 8 2
-175 164 7 2
-175 164 6 1
-175 163 8 1
-176 164 7 1
-160 155 5 1
-155 150 7 1
-156 150 7 1
-175 166 9 0
-175 166 10 0
-175 167 9 0
-176 167 10 0
-176 167 9 0
-177 167 9 0
-177 167 10 0
-178 167 10 0
-177 164 10 0
-164 185 7 0
-164 183 6 1
-185 153 12 0
-185 153 11 0
-183 152 9 0
-184 152 11 0
-183 152 10 0
-184 152 10 0
-185 151 9 0
-185 151 11 0
-185 151 10 0
-186 152 9 0
-186 152 11 0
-186 152 10 0
-187 153 9 0
-187 153 11 0
-187 153 10 0
-186 154 11 0
-185 155 11 0
-185 154 11 0
-183 153 10 0
-183 153 9 0
-185 152 10 0
-185 152 9 0
-186 153 10 0
-180 158 10 0
-155 183 8 0
-154 183 12 0
-164 154 7 0
-164 154 8 0
-163 154 7 0
-200 179 8 0
-181 189 6 0
-163 157 7 0
-193 164 6 0
-162 168 8 0
-185 168 7 0
-162 157 7 0
-183 189 1 1
-183 190 1 1
-162 152 5 0
-162 152 6 0
-163 153 5 1
-163 153 6 0
-164 154 5 0
-164 152 4 0
-164 152 3 0
-153 179 7 0
-153 179 6 0
-162 164 9 1
-151 180 6 0
-151 180 7 0
-183 196 5 0
-161 157 5 0
-171 170 3 1
-172 172 3 1
-172 171 3 1
-172 170 3 1
-173 172 3 1
-173 171 3 1
-173 170 3 1
-172 171 9 0
-169 171 5 1
-169 170 7 1
-169 170 6 6
-169 170 5 1
-169 169 7 1
-169 169 6 1
-169 169 5 1
-170 170 6 4
-171 170 8 0
-174 173 7 0
-172 173 8 0
-172 173 7 0
-163 171 3 1
-166 155 8 0
-165 167 3 1
-165 166 6 3
-166 167 2 1
-165 167 2 1
-184 166 7 1
-182 166 5 1
-186 165 7 1
-182 165 11 0
-167 185 6 0
-199 168 9 0
-199 168 10 0
-198 167 9 0
-198 167 10 0
-198 169 11 0
-160 166 4 1
-163 169 6 0
-163 169 1 2
-164 168 0 1
-163 168 0 1
-162 168 0 1
-162 185 8 0
-185 164 11 0
-184 160 3 1
-186 150 1 2
-187 151 3 1
-154 188 8 0
-170 178 8 0
-172 176 8 0
-170 177 8 0
-171 177 3 1
-162 158 2 1
-191 177 6 0
-165 161 7 1
-191 177 8 0
-191 177 7 0
-190 176 6 0
-190 176 8 0
-190 176 7 0
-191 176 7 0
-185 176 8 0
-184 175 8 0
-194 176 9 0
-200 191 7 0
-192 163 7 0
-192 163 8 0
-199 189 8 0
-200 188 8 0
-199 188 8 0
-199 189 7 0
-158 185 7 0
-158 185 9 0
-158 185 8 0
-157 185 8 0
-157 186 7 0
-157 186 9 0
-157 186 8 0
-156 187 9 0
-156 186 8 0
-155 186 7 0
-174 151 3 1
-174 151 4 1
-173 151 2 1
-165 163 11 1
-173 151 4 1
-164 163 10 1
-164 168 7 0
-165 167 5 4
-160 166 2 1
-187 168 9 0
-188 169 10 0
-188 169 11 0
-188 169 9 0
-189 168 10 0
-190 169 10 0
-190 168 11 0
-190 168 9 0
-164 184 5 1
-164 183 5 1
-164 184 6 1
-190 167 9 0
-190 166 10 0
-190 166 11 0
-190 166 9 0
-187 167 6 1
-184 172 7 0
-178 179 6 0
-179 181 3 1
-179 180 3 1
-158 187 5 0
-157 187 5 0
-158 189 4 0
-171 196 6 0
-156 184 10 0
-156 184 11 0
-155 184 10 0
-155 184 11 0
-155 185 10 0
-155 185 11 0
-155 181 9 0
-156 182 9 0
-156 182 10 0
-157 183 9 0
-157 183 10 0
-156 180 9 0
-156 180 10 0
-157 181 11 0
-157 181 8 0
-180 162 7 0
-172 194 5 0
-181 164 6 1
-165 161 8 0
-173 180 4 6
-199 175 5 0
-199 175 9 0
-198 174 8 0
-200 155 6 8
-200 155 7 3
-199 154 6 1
-199 154 7 1
-166 187 8 0
-169 184 8 0
-174 150 4 1
-200 171 6 0
-174 150 2 1
-167 185 9 0
-168 188 5 0
-182 176 4 19
-182 176 3 1
-184 165 10 0
-182 166 10 0
-182 165 10 0
-182 169 4 1
-183 169 6 1
-182 174 6 0
-185 173 5 2
-182 171 6 1
-182 171 5 7
-182 171 4 1
-184 175 4 3
-182 173 3 1
-181 173 3 1
-180 173 3 1
-193 169 9 0
-194 170 9 0
-194 171 9 0
-188 160 5 2
-199 151 -1 1
-200 151 2 1
-200 151 1 1
-200 151 0 1
-164 164 7 0
-164 165 8 0
-162 164 7 12
-162 163 6 10
-162 163 7 14
-162 163 8 4
-176 180 4 2
-176 180 3 1
-177 182 6 1
-190 150 5 1
-195 162 9 1
-196 162 7 1
-196 162 6 5
-151 165 6 0
-151 164 6 0
-153 163 5 5
-154 162 4 1
-154 163 6 1
-153 162 4 1
-153 163 4 8
-182 156 4 1
-187 176 6 0
-182 156 3 1
-182 175 7 0
-173 178 5 1
-174 194 8 0
-174 194 7 0
-172 194 7 0
-164 163 5 1
-183 178 5 1
-157 185 4 0
-157 187 7 0
-176 156 4 3
-158 186 3 1
-199 191 7 0
-199 190 8 0
-199 191 8 0
-200 192 7 0
-200 192 8 0
-196 192 7 0
-196 192 8 0
-165 176 2 1
-166 175 1 1
-166 176 1 1
-165 175 1 1
-165 176 1 2
-164 176 1 1
-164 177 1 1
-200 163 5 1
-166 178 0 1
-200 162 5 1
-178 154 7 1
-179 155 7 6
-179 154 7 2
-168 179 0 1
-168 178 0 1
-158 159 5 9
-200 151 5 1
-158 158 2 1
-157 158 2 1
-156 158 2 1
-158 159 4 12
-157 159 4 26
-156 160 4 1
-160 157 4 1
-164 167 5 1
-167 182 6 1
-167 182 5 1
-171 184 3 1
-165 151 8 0
-172 156 8 0
-173 155 8 0
-174 154 8 0
-173 154 7 1
-174 154 7 6
-173 152 8 0
-173 152 7 0
-172 154 10 0
-172 154 6 1
-173 153 5 1
-164 150 4 0
-164 151 4 0
-163 150 4 0
-163 150 5 0
-163 151 4 0
-163 151 5 0
-162 150 4 1
-162 150 5 0
-162 151 5 0
-161 150 4 1
-161 151 5 0
-151 174 3 0
-151 175 4 0
-152 172 0 1
-152 173 0 1
-152 174 0 1
-164 151 2 1
-154 159 8 0
-154 157 9 0
-158 160 4 1
-157 160 4 1
-157 160 5 1
-157 161 5 1
-152 160 3 1
-154 160 3 1
-158 154 7 0
-158 154 8 0
-157 151 7 0
-161 155 4 1
-197 161 7 1
-161 164 9 1
-188 152 6 1
-151 158 11 0
-152 160 2 2
-153 159 1 1
-153 160 1 1
-153 160 2 1
-153 160 3 1
-153 161 1 1
-153 161 2 1
-153 161 3 1
-152 159 1 1
-152 160 1 1
-152 161 1 1
-152 161 2 1
-156 152 6 1
-156 152 7 1
-156 152 8 4
-151 156 5 1
-152 158 2 1
-151 158 2 3
-158 154 9 0
-154 157 4 1000
-154 157 6 7
-153 157 4 1000
-153 156 2 1
-153 156 3 1000
-152 154 6 6
-151 154 2 1
-152 155 1 1
-152 157 1 1
-152 158 1 1
-151 157 1 1
-151 158 1 1
-181 190 5 0
-184 171 6 0
-185 170 3 1
-182 190 5 0
-183 190 6 0
-180 163 3 1
-180 163 4 1
-180 163 5 1
-183 191 5 0
-183 193 6 0
-181 193 6 0
-182 192 6 0
-180 191 6 0
-181 191 6 0
-196 175 7 0
-196 175 8 0
-196 175 6 0
-197 176 7 0
-197 177 7 0
-197 177 8 0
-197 177 6 0
-198 176 7 0
-197 174 8 0
-198 175 8 0
-151 157 7 0
-198 175 5 0
-151 157 8 0
-151 159 2 3
-151 197 31 0
-151 159 3 1
-151 159 4 1
-151 195 31 0
-152 195 31 0
-151 195 32 0
-152 195 30 0
-172 177 8 0
-153 158 4 9
-153 158 6 5
-151 158 6 1
-153 157 2 1
-153 157 3 1000
-153 158 2 1
-153 158 3 12
-166 161 5 1
-151 156 1 1
-166 178 7 0
-166 177 7 0
-164 157 2 1
-163 156 2 1
-197 190 7 0
-196 159 8 1
-196 160 8 1
-194 162 7 1
-174 195 7 0
-174 195 8 0
-151 161 3 0
-151 161 2 1
-151 159 1 1
-153 176 2 1
-173 194 8 0
-173 194 6 0
-152 176 2 1
-152 176 3 1
-152 176 4 1
-173 196 8 0
-169 185 8 0
-173 196 6 0
-158 183 8 0
-158 183 9 0
-158 183 7 0
-184 166 11 0
-184 167 10 0
-153 159 7 1
-153 159 8 0
-154 158 7 1
-154 158 8 0
-155 157 7 1
-183 162 11 0
-183 163 11 0
-155 157 8 0
-154 156 7 1
-154 156 8 0
-153 155 7 0
-183 165 11 0
-153 157 9 0
-181 178 5 1
-198 197 8 0
-198 196 7 0
-199 196 7 0
-198 195 8 0
-155 160 4 1
-165 151 7 0
-166 151 8 0
-158 156 11 0
-153 184 12 0
-163 165 3 1
-163 164 3 1
-164 164 3 1
-161 167 8 1
-161 167 9 1
-172 193 8 0
-171 193 7 0
-171 194 8 0
-158 159 9 0
-160 157 9 0
-172 195 9 0
-161 186 6 0
-161 185 5 0
-159 159 9 0
-160 158 9 0
-160 155 8 0
-160 156 9 0
-159 155 9 0
-183 159 7 1
-161 186 7 0
-175 180 8 0
-178 178 9 0
-160 159 9 0
-160 159 10 0
-161 158 9 0
-185 176 5 1
-176 182 4 4
-178 180 4 32
-170 191 9 0
-151 172 2 0
-174 151 2 1
-198 152 0 1
-151 159 6 0
-151 159 9 0
-151 161 8 0
-151 161 7 0
-153 158 9 0
-153 160 7 1
-158 154 5 0
-158 154 6 0
-157 152 6 1
-156 152 9 5
-157 152 9 1
-157 151 8 0
-159 152 10 0
-159 152 9 0
-159 154 7 0
-159 154 8 0
-159 153 8 0
-158 153 7 0
-158 153 8 0
-157 152 7 1
-158 152 7 0
-157 152 8 0
-158 152 8 0
-160 151 10 0
-167 150 9 0
-164 154 11 0
-164 152 10 0
-164 153 10 0
-166 153 10 0
-166 153 9 0
-166 154 10 0
-166 154 9 0
-166 156 10 0
-166 156 9 0
-164 155 10 0
-163 154 10 0
-154 155 12 0
-154 155 13 0
-153 157 14 0
-153 157 11 0
-153 157 10 0
-180 190 5 0
-180 190 6 0
-183 190 5 0
-184 190 6 0
-183 189 5 0
-184 188 5 0
-183 189 6 0
-183 188 6 0
-182 188 5 0
-182 189 6 0
-182 188 6 0
-181 188 5 0
-181 188 6 0
-182 190 7 0
-151 180 4 0
-151 180 5 0
-151 180 8 0
-199 193 7 0
-200 193 7 0
-199 192 8 0
-199 192 7 0
-198 192 8 0
-198 191 8 0
-198 192 7 0
-197 192 8 0
-164 165 4 1
-198 173 8 0
-178 158 11 0
-184 176 8 0
-184 177 8 0
-184 177 9 0
-183 176 8 0
-183 177 9 0
-182 179 6 0
-182 179 7 0
-181 178 7 0
-186 152 8 0
-170 181 4 4
-171 180 3 1
-170 180 3 1
-170 180 4 3
-175 180 5 1000
-159 185 6 0
-159 185 5 1
-192 163 6 0
-193 162 7 0
-179 159 10 0
-168 151 5 1
-168 151 6 1
-168 151 7 1
-167 151 5 4
-167 151 6 4
-164 153 6 0
-166 154 4 1
-199 158 5 1
-165 158 8 0
-183 194 1 1
-200 151 7 1
-151 150 4 1
-173 157 2 1
-178 178 5 1
-173 179 6 1
-152 175 5 1
-152 175 6 0
-160 157 11 0
-182 199 6 0
-163 186 4 1
-176 153 8 0
-194 176 5 0
-194 176 6 0
-176 160 7 2
-176 161 7 4
-178 158 6 0
-178 156 6 0
-190 162 6 0
-191 161 7 0
-191 161 8 0
-191 161 6 0
-191 160 7 0
-190 160 8 0
-178 154 3 1
-178 154 4 1
-178 154 5 1
-178 155 3 1
-178 155 4 1
-177 157 7 0
-178 156 2 1
-152 187 7 0
-178 179 7 0
-179 176 6 1
-156 153 5 1
-176 176 3 1
-155 154 6 5
-155 155 8 1
-155 153 6 1
-156 154 8 11
-186 155 6 1
-174 183 4 5
-199 199 8 0
-174 183 5 3
-199 199 7 0
-160 185 3 1
-197 199 8 0
-187 151 5 4
-197 199 7 0
-186 150 4 1
-196 199 8 0
-196 199 7 0
-186 151 4 1
-185 150 4 1
-185 150 5 4
-185 150 6 1
-185 152 6 1
-185 151 5 4
-185 151 6 1
-185 151 7 1
-183 151 5 1
-176 162 5 2
-161 166 9 1
-199 164 7 0
-199 164 6 0
-152 159 4 1
-152 154 2 1
-164 159 3 2
-170 157 6 1
-176 159 8 0
-178 156 8 0
-168 171 6 1
-168 170 6 6
-162 168 7 0
-163 169 8 0
-163 168 7 0
-190 152 2 1
-190 152 1 1
-188 152 0 1
-182 168 5 1
-182 168 4 1
-164 166 7 1
-185 154 8 0
-187 153 8 0
-188 154 8 0
-188 154 7 0
-175 157 3 2
-180 158 3 1
-168 186 7 0
-170 186 8 0
-170 186 7 0
-165 161 4 1
-164 162 5 2
-164 162 9 0
-163 160 8 0
-200 167 9 0
-166 182 7 0
-166 181 7 0
-168 181 7 0
-165 183 7 0
-164 182 8 0
-164 182 7 0
-184 172 6 0
-185 171 3 1
-185 171 4 6
-185 171 5 1
-172 155 7 1
-172 156 7 1
-172 157 7 1
-172 155 3 1
-172 156 3 2
-175 160 8 3
-175 161 8 1
-175 162 8 1
-178 162 7 0
-178 162 8 0
-180 162 8 0
-180 161 9 0
-156 153 4 1
-178 164 5 1
-178 164 6 1
-160 150 4 1
-178 163 7 0
-179 162 8 0
-178 163 8 0
-180 163 8 0
-159 150 7 0
-159 150 6 0
-179 163 8 0
-178 164 7 0
-178 164 8 0
-180 164 7 0
-180 165 7 0
-180 164 8 0
-181 164 7 0
-181 164 8 0
-180 163 9 0
-151 156 6 0
-156 154 3 1
-156 155 2 1
-156 155 3 1
-154 156 3 11
-179 156 8 0
-184 156 7 0
-183 157 6 1
-167 165 7 1
-199 190 7 0
-198 190 8 0
-167 176 3 1
-163 176 5 0
-180 157 4 7
-168 175 3 1
-188 178 8 0
-187 178 8 0
-186 153 4 1
-185 152 4 1
-188 174 7 0
-188 174 6 0
-183 150 4 1
-183 150 5 2
-161 184 5 0
-161 185 6 0
-154 167 4 1
-154 168 2 1
-154 168 3 1
-154 168 4 1
-153 168 2 3
-153 168 3 3
-190 150 6 1
-194 150 1 1
-194 150 2 1
-192 151 -1 1
-191 150 -1 1
-165 180 9 0
-190 150 -1 1
-190 151 -1 1
-194 151 3 1
-194 152 1 1
-194 152 2 1
-194 152 3 1
-193 152 1 1
-165 184 7 0
-189 160 4 1
-187 162 7 1
-168 186 9 0
-168 182 4 2
-170 179 5 1
-170 179 6 1
-166 173 7 0
-162 173 8 0
-185 156 4 1
-186 156 4 1
-186 157 5 2
-186 157 7 1
-186 156 6 1001
-187 165 8 0
-187 165 9 0
-187 165 5 2
-182 168 3 1
-170 158 2 1
-192 150 1 10
-152 180 6 0
-199 152 1 1
-185 169 4 3
-185 169 3 1
-166 171 7 1
-153 180 7 0
-152 181 6 0
-176 154 4 1
-176 154 5 1
-176 155 3 2
-167 169 6 1
-176 155 5 4
-176 154 2 1
-167 168 6 2
-167 168 5 1
-175 158 6 0
-176 157 2 1
-166 171 8 0
-165 171 8 0
-159 150 11 0
-175 153 7 1
-175 155 8 0
-175 155 7 0
-174 156 8 0
-175 156 7 0
-174 155 7 0
-173 157 8 0
-154 191 5 0
-182 161 11 0
-153 190 7 0
-170 183 7 0
-165 185 6 0
-190 151 5 1
-166 184 5 1
-166 184 6 0
-181 199 5 0
-167 183 5 1
-167 183 6 1
-167 184 4 4
-167 184 5 1000
-167 184 6 1
-177 180 6 0
-179 179 6 1
-159 187 3 1
-161 188 6 0
-161 187 5 0
-162 162 9 1
-158 188 3 1
-158 187 3 1
-190 154 5 1
-190 154 4 1
-186 161 7 1
-183 162 5 1
-184 163 5 3
-183 161 6 1
-184 162 4 1
-185 162 4 1
-186 162 4 1
-184 153 5 1
-164 181 7 0
-164 181 8 0
-164 183 7 0
-164 183 8 0
-168 181 8 0
-167 180 7 0
-167 185 4 3
-166 183 4 1
-166 183 5 1
-166 183 6 1
-180 162 6 0
-165 183 4 2
-186 167 7 0
-186 167 6 0
-195 164 6 0
-179 157 6 0
-179 155 6 5
-180 154 7 1
-180 155 7 35
-180 156 7 1
-179 159 6 0
-166 152 8 0
-166 152 7 0
-165 152 6 0
-163 152 6 0
-163 152 8 0
-163 152 7 0
-163 150 6 0
-181 154 5 1
-200 167 7 0
-181 155 4 1
-185 162 9 0
-181 155 6 2
-152 151 4 1
-151 152 0 1
-152 152 0 1
-153 152 0 1
-152 151 1 1
-152 151 6 1
-152 151 5 1
-153 150 3 1
-153 150 4 1
-153 154 2 1
-154 154 2 1
-155 154 2 1
-154 154 4 4
-154 154 3 2
-155 154 4 3
-155 154 3 1
-170 151 13 0
-151 154 5 9
-151 154 4 1000
-151 154 3 1
-152 154 5 11
-152 154 4 2
-152 154 3 1
-153 154 5 1
-153 154 4 2
-158 185 10 0
-153 154 3 1
-151 152 3 1
-188 156 7 1
-181 162 7 0
-179 163 10 0
-178 163 11 0
-178 157 7 0
-178 163 10 0
-179 157 2 1
-165 180 3 1
-188 162 4 1
-185 167 8 0
-183 165 7 1
-198 167 5 0
-172 192 8 0
-170 192 7 0
-171 193 8 0
-170 192 8 0
-172 194 9 0
-183 168 7 0
-184 169 7 0
-184 169 8 0
-186 159 5 1
-165 155 2 1
-191 152 6 1
-172 152 10 0
-171 177 8 0
-173 177 3 1
-172 177 3 1
-184 154 10 0
-184 153 10 0
-184 153 8 0
-183 154 9 0
-183 154 10 0
-183 154 8 0
-184 155 10 0
-184 155 11 0
-200 169 10 0
-165 183 5 1
-178 162 2 1
-195 199 8 0
-153 174 2 1
-163 185 8 0
-184 162 9 0
-173 151 3 1
-174 150 1 1
-184 150 2 0
-182 151 1 1
-182 151 2 1
-187 150 2 4
-171 155 7 1
-171 156 5 6
-169 183 4 6
-165 152 8 0
-156 154 10 3
-155 153 9 1
-155 153 10 1
-155 154 10 2
-156 157 9 0
-156 157 6 12
-187 152 6 1
-188 151 5 4
-178 160 6 0
-189 150 5 1
-189 150 6 1
-189 151 4 1
-178 177 3 1
-177 156 4 1
-196 190 8 0
-196 190 7 0
-200 191 8 0
-194 176 8 0
-192 174 6 0
-192 174 8 0
-192 174 7 0
-165 154 6 0
-165 154 5 0
-162 175 7 0
-162 175 8 0
-165 175 7 0
-165 175 8 0
-165 174 7 0
-165 174 8 0
-164 174 7 0
-164 173 7 0
-162 174 7 0
-162 174 8 0
-169 188 7 0
-170 187 8 0
-170 187 7 0
-172 199 7 0
-174 199 6 0
-162 167 0 1
-163 167 0 1
-158 189 6 0
-156 189 3 1
-156 188 3 1
-156 187 3 1
-155 188 7 0
-155 186 6 0
-155 186 5 0
-157 186 4 0
-157 186 6 0
-157 186 5 0
-156 187 5 0
-196 150 -1 1
-195 151 2 2
-195 150 3 1
-172 190 8 0
-172 190 7 0
-168 191 8 0
-169 191 8 0
-168 191 7 0
-186 169 8 0
-172 150 4 1
-171 191 8 0
-186 158 4 1
-152 180 5 0
-153 186 9 0
-153 187 7 0
-154 186 8 0
-155 186 8 0
-156 187 8 0
-155 186 9 0
-156 185 7 0
-156 184 8 0
-155 184 9 0
-155 184 7 0
-154 183 8 0
-154 195 5 0
-154 195 9 0
-154 194 7 0
-156 194 6 0
-155 194 8 0
-156 194 7 0
-155 194 7 0
-166 173 3 4
-167 173 5 1
-167 173 4 1
-167 173 3 1
-163 175 5 0
-162 175 4 0
-163 175 4 0
-182 191 2 1
-192 150 3 4
-182 190 2 2
-176 158 3 4
-167 151 4 1
-164 150 5 0
-193 163 8 0
-164 175 0 1
-165 175 0 1
-166 175 0 1
-163 174 5 0
-163 174 4 0
-164 174 3 1
-166 176 3 1
-163 177 5 0
-165 160 8 0
-181 150 2 1
-186 168 3 1
-181 150 4 1
-186 168 4 1
-180 150 5 1
-182 150 1 1
-181 150 1 1
-180 150 1 1
-185 172 3 1
-185 172 4 4
-183 166 7 1
-183 166 6 1
-163 163 7 1
-165 162 8 0
-166 163 8 1
-165 163 8 0
-185 154 7 0
-169 185 7 0
-169 186 8 0
-169 186 7 0
-167 187 8 0
-167 187 7 0
-166 186 8 0
-166 186 7 0
-161 188 5 0
-153 179 5 0
-170 158 4 1
-151 181 5 0
-171 192 5 0
-171 192 6 0
-160 166 7 1
-160 166 6 1
-161 167 7 1
-161 167 6 10
-192 177 6 0
-160 166 5 1
-161 166 5 7
-163 167 5 0
-164 166 3 1
-194 178 7 0
-165 166 3 1
-166 166 4 1
-200 152 9 1
-200 153 9 1
-189 167 4 1
-189 166 6 1
-163 179 8 0
-189 166 4 1
-188 167 5 1
-187 167 7 0
-166 166 3 1
-195 176 8 0
-160 170 6 1
-160 170 5 1
-196 176 6 0
-160 169 6 1
-200 154 9 1
-200 155 8 4
-200 155 9 1
-199 154 8 1
-199 154 9 1
-199 155 8 1
-199 155 9 1
-200 150 9 1
-200 151 9 1
-160 169 5 1
-160 168 7 1
-160 168 6 1
-160 168 5 1
-161 170 7 1
-161 169 7 1
-161 168 7 1
-161 169 6 3
-189 176 7 0
-162 184 8 0
-163 184 8 0
-162 183 7 0
-162 183 8 0
-161 182 7 0
-161 182 8 0
-160 183 7 0
-160 183 8 0
-161 184 9 0
-161 184 4 1
-162 183 3 1
-162 184 3 1
-161 183 3 1
-161 184 3 1
-160 183 3 1
-160 184 3 1
-189 176 8 0
-189 176 6 0
-190 177 7 0
-190 177 8 0
-172 178 8 0
-172 178 9 0
-190 177 6 0
-160 166 3 1
-162 188 5 0
-173 152 11 0
-174 152 11 0
-173 151 13 0
-172 150 12 0
-191 168 9 0
-191 169 9 0
-169 157 3 1
-170 159 7 1
-196 164 8 1
-155 156 5 2
-155 157 5 3
-153 186 10 0
-158 180 11 0
-177 160 7 1
-177 161 7 1
-162 168 6 0
-161 167 5 2
-159 168 6 1
-196 152 2 1
-196 152 3 1
-196 152 4 1
-195 151 4 1
-195 152 2 1
-185 157 8 0
-186 158 9 0
-188 157 8 0
-188 156 8 0
-185 156 8 0
-186 157 9 0
-187 156 8 0
-189 155 7 0
-166 185 3 1
-166 184 3 1
-165 185 7 0
-174 179 3 1
-171 189 8 0
-171 188 7 0
-179 161 10 0
-180 162 11 0
-179 161 11 0
-178 162 10 0
-192 165 8 0
-192 165 9 0
-191 165 8 0
-191 165 9 0
-192 165 5 0
-200 161 9 1
-200 162 9 1
-200 163 9 1
-194 167 6 0
-194 167 7 0
-166 173 4 4
-166 173 5 1
-192 167 10 0
-193 167 9 0
-193 167 10 0
-164 173 3 1
-164 174 4 0
-164 173 4 1
-165 159 6 1
-175 196 6 0
-165 159 5 1
-174 196 8 0
-165 169 7 1
-187 150 3 1
-186 150 2 2
-166 158 5 1
-166 159 5 7
-172 196 6 0
-174 198 8 0
-182 172 3 1
-167 157 5 1
-187 169 3 1
-187 168 5 3
-187 168 4 1
-187 168 3 1
-164 162 8 0
-184 170 6 0
-187 172 6 1
-187 171 6 1
-187 170 6 1
-183 171 5 1000
-183 172 4 1
-166 160 5 4
-167 161 7 1
-167 161 6 1
-167 161 5 1
-167 160 7 3
-167 160 6 3
-184 160 4 2
-184 161 2 1
-184 161 3 1
-165 162 7 1
-168 163 7 1
-174 198 7 0
-176 198 6 0
-176 198 8 0
-167 184 7 0
-164 183 3 1
-151 164 7 0
-151 163 8 0
-152 163 8 0
-151 162 8 0
-177 176 7 0
-177 176 8 0
-176 177 7 0
-176 177 8 0
-177 178 9 0
-184 174 7 0
-185 175 9 0
-184 183 7 0
-184 183 5 0
-185 183 6 0
-185 173 7 0
-191 150 0 2
-191 151 3 1
-191 151 2 1
-167 163 6 2
-167 163 7 1
-200 151 6 1
-163 172 7 0
-158 155 6 0
-157 156 6 1
-157 157 6 0
-159 160 7 1
-155 160 7 1
-155 160 6 1
-156 160 7 1
-156 160 6 1
-166 173 2 1
-165 173 5 1
-165 173 4 1
-165 173 3 1
-166 178 4 0
-165 179 4 0
-169 178 3 1
-168 179 3 1
-167 177 4 0
-168 176 4 0
-165 176 5 1
-165 176 6 0
-166 177 4 0
-165 176 4 1
-167 178 1 1
-168 177 0 1
-171 182 4 1002
-183 164 8 0
-186 164 8 0
-187 164 8 0
-166 174 2 1
-167 170 3 1
-167 170 4 1
-166 170 3 1
-166 170 4 3
-165 170 6 7
-165 172 4 1
-165 171 3 1
-165 171 4 1
-165 171 5 1
-165 172 3 1
-164 171 3 1
-164 171 4 1000
-162 172 4 0
-162 172 3 0
-164 173 1 1
-165 172 0 1
-164 172 0 1
-163 172 0 1
-152 158 7 1
-152 158 8 0
-152 158 6 1
-152 157 7 0
-152 157 8 0
-152 157 6 6
-151 156 7 0
-152 155 7 0
-152 156 8 0
-152 155 6 1
-167 175 2 1
-152 153 3 1
-151 152 4 1000
-151 153 3 1
-151 158 8 0
-152 159 7 1
-152 159 8 0
-154 150 6 3
-153 158 8 0
-153 157 7 1
-154 157 7 1
-153 157 8 0
-152 156 7 0
-188 175 8 0
-189 176 9 0
-189 176 4 1
-170 170 7 1
-172 172 9 0
-190 177 3 1
-189 175 3 1
-189 176 3 1
-189 177 3 1
-198 163 7 1
-198 163 8 1
-178 161 8 0
-180 163 11 0
-163 166 7 0
-151 167 0 1
-165 176 7 0
-165 176 8 0
-163 176 7 0
-163 176 8 0
-165 178 9 0
-165 178 6 0
-165 178 5 0
-188 165 9 0
-188 167 11 0
-188 167 12 0
-151 169 2 1
-176 180 5 1000
-176 181 4 4
-176 181 5 1
-164 175 1 2
-168 185 6 0
-168 185 4 1
-168 185 3 1
-169 185 4 1
-169 185 3 1
-162 163 9 1
-155 186 4 0
-155 187 6 0
-169 181 5 1
-169 184 3 1
-173 182 3 1
-151 157 4 4
-171 196 7 0
-170 178 7 0
-191 178 8 0
-191 178 6 0
-151 158 3 14
-151 158 4 2
-171 177 7 0
-171 178 8 0
-172 177 6 0
-172 177 7 0
-155 187 4 0
-152 157 2 1
-152 157 3 5
-152 157 4 1
-151 157 2 1
-182 177 9 0
-197 197 7 0
-154 154 6 10
-154 155 6 2
-154 156 4 4
-154 156 6 5
-184 195 4 0
-184 195 5 0
-180 195 4 0
-180 195 5 0
-167 165 4 1
-167 166 4 1
-165 163 6 6
-165 162 6 5
-166 162 4 1
-152 153 1 1
-152 154 1 1
-151 154 1 1
-157 159 12 0
-151 187 10 0
-152 187 10 0
-152 185 11 0
-152 186 10 0
-151 186 10 0
-195 164 7 0
-151 183 9 0
-154 186 9 0
-157 159 13 0
-151 186 9 0
-163 166 3 1
-152 182 9 0
-153 185 10 0
-151 184 10 0
-152 184 10 0
-190 150 1 7
-153 185 11 0
-194 165 7 0
-153 182 10 0
-154 185 11 0
-153 184 11 0
-153 184 10 0
-152 183 9 0
-190 151 1 1
-153 183 11 0
-153 183 10 0
-154 183 10 0
-155 182 13 0
-174 179 4 5
-167 183 4 1
-154 184 10 0
-154 184 11 0
-153 182 11 0
-184 164 8 0
-168 187 8 0
-156 184 12 0
-154 183 11 0
-154 182 12 0
-199 175 7 0
-186 166 8 0
-184 169 4 2
-156 183 12 0
-155 183 12 0
-155 182 12 0
-156 182 13 0
-154 182 11 0
-156 181 11 0
-156 180 11 0
-183 157 4 1
-163 154 8 0
-156 182 12 0
-154 182 10 0
-158 183 10 0
-158 181 7 0
-158 181 8 0
-158 181 11 0
-157 179 10 0
-157 182 10 0
-156 181 10 0
-157 181 10 0
-156 181 9 0
-157 181 9 0
-161 181 10 0
-159 181 11 0
-159 179 9 0
-159 179 11 0
-159 179 10 0
-162 179 9 0
-162 179 12 0
-160 177 9 0
-161 179 10 0
-176 158 11 0
-199 156 5 1
-199 157 5 1
-189 174 8 0
-193 175 7 0
-151 172 3 0
-193 175 6 0
-194 176 7 0
-194 177 7 0
-194 177 8 0
-194 177 6 0
-195 176 7 0
-193 162 5 2
-193 162 9 0
-194 159 5 1
-180 164 11 0
-189 169 10 0
-189 169 11 0
-194 169 10 0
-194 170 10 0
-194 169 9 0
-185 173 4 2
-182 162 4 0
-167 156 5 3
-177 179 5 1000
-178 181 5 2
-186 180 7 0
-193 160 6 0
-193 160 8 0
-193 160 7 0
-193 163 6 0
-193 162 8 0
-168 184 8 0
-168 183 7 0
-168 183 8 0
-167 182 7 0
-167 183 8 0
-166 183 7 0
-167 184 9 0
-165 185 8 0
-164 187 5 1
-164 187 6 0
-166 187 5 1
-166 186 6 0
-166 186 5 1
-183 199 5 0
-182 199 4 0
-157 184 8 0
-157 184 9 0
-157 184 7 0
-156 183 8 0
-169 174 9 0
-169 174 12 0
-168 173 11 0
-169 176 11 0
-169 175 11 0
-169 176 10 0
-169 175 10 0
-168 175 11 0
-168 175 10 0
-169 173 10 0
-172 172 12 0
-170 170 11 0
-171 171 11 0
-170 170 10 0
-171 171 10 0
-173 173 11 0
-173 173 10 0
-172 172 10 0
-172 173 11 0
-172 174 10 0
-172 173 10 0
-170 173 11 0
-170 173 10 0
-170 172 11 0
-171 172 11 0
-170 172 10 0
-173 170 9 0
-173 170 12 0
-171 169 9 0
-171 169 10 0
-173 169 11 0
-174 170 11 0
-174 172 9 0
-174 172 11 0
-174 172 10 0
-173 172 9 0
-173 172 11 0
-173 171 11 0
-173 172 10 0
-172 172 11 0
-172 171 11 0
-171 172 10 0
-172 171 10 0
-185 157 6 2
-188 157 6 1
-188 157 7 0
-188 157 5 1
-163 153 9 0
-163 152 9 0
-163 152 10 0
-176 154 8 0
-176 155 8 0
-175 154 9 0
-173 156 9 0
-171 156 8 0
-171 157 8 1
-176 157 8 0
-163 156 4 1
-164 157 4 0
-164 155 4 0
-164 156 4 0
-165 158 4 0
-165 153 3 0
-162 152 7 0
-162 151 7 0
-159 158 7 1
-151 171 3 0
-185 153 4 1
-171 181 5 1
-171 181 4 4
-182 150 0 1
-181 150 0 1
-161 185 4 0
-167 186 4 1
-168 160 7 1
-168 159 6 3
-166 160 8 0
-164 170 7 0
-186 156 7 0
-195 169 8 0
-197 171 9 0
-200 182 7 0
-199 181 8 0
-199 180 8 0
-154 196 8 0
-155 196 8 0
-175 157 11 0
-163 171 7 0
-184 168 3 1
-184 168 4 2
-184 168 5 2
-183 168 3 1
-186 150 7 0
-199 151 0 1
-154 193 7 0
-154 194 8 0
-154 193 8 0
-154 193 6 0
-153 194 7 0
-153 194 8 0
-153 194 6 0
-198 187 7 0
-197 187 8 0
-153 187 8 0
-161 151 7 0
-160 150 7 0
-160 150 8 0
-160 150 6 0
-161 151 8 0
-166 157 9 0
-170 153 10 0
-169 152 10 0
-169 153 6 1
-172 155 9 0
-171 154 9 0
-174 151 5 1
-174 150 5 1
-156 154 7 12
-156 154 6 6
-156 153 8 2
-156 153 7 3
-156 153 6 1
-177 176 3 1
-156 157 8 0
-178 176 3 1
-152 189 5 1
-153 190 5 0
-153 190 6 0
-153 190 4 1
-153 188 5 0
-153 188 6 0
-153 188 4 1
-153 187 5 0
-153 187 6 0
-153 187 4 0
-151 186 6 0
-151 186 4 0
-162 166 8 2
-167 170 7 1
-168 165 6 1
-168 165 7 1
-168 166 5 1
-168 166 6 1
-168 166 7 1
-165 165 7 1
-174 153 11 0
-176 155 12 0
-175 155 12 0
-176 155 11 0
-175 155 11 0
-175 156 12 0
-189 164 6 1
-190 163 8 0
-182 178 6 0
-182 176 6 0
-183 175 3 1
-183 175 4 12
-183 175 5 1
-165 179 5 0
-192 161 8 0
-192 161 6 0
-162 185 3 1
-175 178 9 0
-176 179 9 0
-153 174 5 1
-170 155 8 1
-172 155 8 0
-198 195 7 0
-197 196 8 0
-196 196 8 0
-197 196 7 0
-196 196 7 0
-170 183 6 0
-179 172 6 1
-152 162 2 20
-179 172 3 1
-184 174 6 0
-185 173 3 1
-180 177 8 0
-182 171 3 1
-152 162 1 1
-152 163 1 1
-152 163 2 2
-178 176 8 0
-178 175 8 0
-176 176 7 0
-178 177 9 0
-180 178 7 0
-180 176 7 0
-180 176 8 0
-181 176 8 0
-180 175 7 0
-154 156 2 1
-185 176 4 1
-154 157 3 4
-154 158 2 1
-154 158 3 11
-154 158 4 6
-188 158 7 1
-188 158 6 3
-184 157 7 1
-152 165 3 0
-151 164 3 0
-186 159 4 1
-154 191 6 0
-151 166 0 1
-189 166 11 0
-188 165 10 0
-188 165 11 0
-172 158 3 3
-186 156 5 6
-167 153 7 1
-166 151 7 0
-159 156 6 0
-159 155 6 0
-154 160 7 1
-154 160 6 1
-171 183 5 1
-171 183 4 3
-169 187 5 1
-169 187 4 1
-163 161 11 1
-164 161 11 1
-163 162 10 1
-167 163 4 1
-167 162 4 1
-160 161 4 1
-161 161 4 1
-162 161 4 1
-162 166 4 1
-162 163 3 1
-163 163 3 1
-164 163 3 1
-162 164 3 1
-185 174 5 1
-185 175 3 1
-185 175 4 1
-185 175 5 1
-163 183 3 1
-162 184 4 1
-162 184 9 0
-161 182 6 0
-162 182 6 0
-162 182 8 0
-162 182 7 0
-164 182 6 0
-163 183 7 0
-164 184 8 0
-164 184 7 0
-186 170 4 2
-167 159 4 4
-184 169 3 1
-197 152 2 1
-197 152 1 1
-197 152 0 1
-197 151 2 1
-197 151 1 4
-166 151 6 0
-163 151 6 0
-165 150 5 0
-165 150 6 0
-170 195 7 0
-189 157 4 1
-188 158 5 2
-153 189 3 1
-176 158 4 2
-163 155 6 0
-175 160 4 11
-175 160 5 7
-175 160 6 5
-175 161 4 1
-175 161 5 1
-175 161 6 1
-173 159 5 0
-174 158 5 0
-173 158 4 0
-171 176 7 0
-171 176 6 0
-169 178 7 0
-169 178 6 0
-168 182 8 0
-170 177 6 0
-152 188 8 0
-170 177 7 0
-173 155 7 1
-173 156 6 1
-173 156 5 1
-173 156 4 1
-198 190 7 0
-165 157 8 0
-169 183 5 1000
-154 176 4 1
-169 187 3 1
-169 186 3 1
-151 179 6 0
-151 178 6 0
-151 179 7 0
-151 178 7 0
-182 190 1 1
-182 189 1 1
-183 191 1 1
-188 155 4 1
-158 182 11 0
-158 183 11 0
-157 183 11 0
-175 155 10 0
-182 190 6 0
-182 189 5 0
-156 195 6 0
-158 156 6 0
-166 164 4 1
-152 158 4 4
-151 153 2 1
-153 152 3 1
-172 195 7 0
-172 195 8 0
-172 195 6 0
-151 169 1 1
-167 173 6 1
-166 171 6 1
-166 172 6 1
-165 171 6 1
-167 171 2 1
-166 171 2 1
-165 171 2 1
-163 172 4 0
-179 156 2 1
-181 155 5 2
-181 154 6 1
-180 172 3 1
-169 155 5 1
-169 155 4 1
-186 167 5 3
-184 166 6 1
-184 166 5 3
-197 175 8 0
-199 176 3 1
-199 175 3 1
-199 174 3 1
-200 176 3 1
-200 175 3 1
-200 175 4 1
-200 175 9 0
-198 170 9 0
-199 174 8 0
-199 174 7 0
-178 169 8 0
-178 168 8 0
-178 169 7 0
-176 168 8 0
-176 168 7 0
-176 167 8 0
-182 159 8 0
-182 157 7 0
-151 174 0 1
-183 160 6 1
-183 160 7 1
-183 161 7 1
-183 162 6 1
-183 162 7 1
-184 162 6 5
-165 179 6 0
-165 179 9 0
-164 177 8 0
-164 178 8 0
-164 177 7 0
-164 178 7 0
-165 177 8 0
-165 177 7 0
-166 177 8 0
-166 178 8 0
-176 150 2 1
-177 150 5 1
-183 160 5 1
-174 177 7 0
-173 176 6 0
-154 168 1 1
-169 189 8 0
-169 150 6 1
-183 197 5 0
-173 156 7 1
-171 154 4 1
-181 191 1 1
-181 190 1 1
-181 189 1 1
-182 191 1 1
-168 182 6 1
-156 155 5 9
-156 155 4 2
-156 154 4 3
-167 181 4 2
-197 161 5 1
-198 187 6 0
-198 187 10 0
-198 193 6 0
-198 193 10 0
-198 193 9 0
-197 192 7 0
-171 196 8 0
-175 176 6 1
-186 166 4 1
-184 192 5 0
-183 192 6 0
-178 174 6 1
-178 174 5 1
-166 170 6 7
-165 170 5 3
-196 197 8 0
-187 151 6 1
-177 160 10 0
-177 161 12 0
-156 157 7 1
-199 162 8 6
-199 162 7 6
-199 162 6 9
-199 161 8 1
-199 161 7 1
-157 159 8 0
-193 167 7 0
-193 167 6 0
-160 174 2 1
-162 173 4 0
-163 158 2 1
-189 160 8 0
-190 160 7 0
-184 158 8 0
-185 158 8 0
-160 157 6 0
-160 159 7 1
-160 159 8 0
-164 179 7 0
-164 179 8 0
-165 180 8 0
-165 180 6 0
-179 174 5 1
-179 174 4 1
-180 175 6 1
-180 175 5 1
-180 175 4 6
-180 174 6 1
-180 174 5 3
-180 174 4 5
-181 176 5 1000
-185 154 5 3
-185 154 6 1
-184 154 5 1
-184 154 6 1
-163 182 3 1
-186 156 8 0
-173 178 3 1
-162 170 3 0
-162 170 5 0
-162 170 4 0
-164 169 4 1
-163 170 3 1
-154 166 5 1
-164 169 6 1
-165 169 6 6
-165 169 5 5
-165 169 4 3
-165 169 3 2
-165 170 4 2
-165 174 2 1
-162 173 3 0
-159 172 4 1
-175 170 7 0
-176 170 8 0
-176 170 7 0
-178 170 8 0
-178 170 7 0
-175 167 8 0
-175 167 7 0
-176 168 9 0
-176 168 10 0
-176 168 6 0
-200 165 6 0
-200 165 8 0
-200 165 7 0
-200 167 6 0
-172 192 7 0
-173 192 8 0
-173 192 7 0
-164 185 3 1
-179 173 4 1
-180 173 6 1
-180 173 5 2
-180 173 4 2
-181 174 6 1
-181 174 5 1
-181 174 4 10
-172 178 5 1
-181 173 5 5
-188 154 4 1
-189 154 6 1
-185 150 1 1
-185 150 0 1
-189 152 1 1
-177 156 2 1
-177 155 4 3
-177 155 3 1
-177 155 2 1
-176 156 3 1
-178 159 4 0
-177 161 6 1
-177 160 6 1
-184 173 4 4
-184 173 3 1
-183 174 6 0
-191 151 -1 1
-186 159 8 0
-179 182 5 1
-176 160 10 0
-152 179 7 0
-200 175 7 0
-159 189 4 0
-159 189 6 0
-158 188 6 0
-159 189 5 0
-158 188 5 0
-155 155 10 0
-158 155 10 0
-151 175 6 0
-169 182 4 2
-159 167 6 1
-168 153 5 1
-168 153 6 1
-168 153 7 1
-167 153 5 10
-174 156 3 1
-159 183 8 0
-158 184 8 0
-160 185 7 0
-159 185 7 0
-159 185 9 0
-160 185 8 0
-159 185 8 0
-159 186 7 0
-159 186 9 0
-159 186 8 0
-166 179 7 0
-167 180 8 0
-175 169 8 0
-174 169 8 0
-175 169 7 0
-174 169 7 0
-174 171 8 0
-174 170 8 0
-174 171 7 0
-176 171 8 0
-176 171 7 0
-177 171 8 0
-177 170 8 0
-177 171 7 0
-176 169 9 0
-176 169 10 0
-176 169 5 1
-177 168 4 1
-177 169 4 1
-177 170 4 1
-176 168 4 1
-176 169 4 1
-176 170 4 1
-175 168 4 1
-175 169 4 1
-175 170 4 1
-178 179 3 1
-178 179 4 4
-178 179 5 1000
-178 180 3 1
-177 179 6 0
-160 169 2 1
-160 168 4 1
-160 168 3 1
-160 168 2 1
-160 167 4 1
-190 150 4 1
-190 150 0 1
-185 165 4 1
-163 156 8 0
-191 151 0 1
-165 168 5 4
-168 187 7 0
-168 188 8 0
-164 170 8 0
-169 189 9 0
-169 189 6 0
-180 193 6 0
-180 193 5 0
-165 156 5 0
-164 155 6 0
-164 155 5 0
-152 166 1 1
-153 166 2 2
-152 168 4 1
-162 156 5 0
-164 157 3 3
-151 170 3 1
-200 187 8 0
-173 183 6 1
-170 183 5 1000
-170 183 4 1001
-170 182 5 1
-170 182 4 2
-170 182 3 1
-172 185 5 1
-172 185 4 1
-172 185 3 1
-198 166 9 0
-198 166 8 0
-200 166 6 0
-199 166 6 0
-200 152 6 1
-200 152 7 1
-200 152 8 1
-200 153 6 1
-200 153 7 1
-200 153 8 1
-200 154 6 1
-200 167 10 0
-200 169 11 0
-200 169 8 0
-200 169 7 0
-175 181 7 0
-174 179 6 0
-188 153 5 2
-187 152 5 2
-164 170 5 1
-164 170 6 0
-164 170 9 0
-163 161 4 1
-152 187 4 1
-152 189 4 1
-151 189 6 1
-152 190 4 1
-152 190 5 1
-187 150 8 0
-188 161 8 0
-187 162 8 0
-172 186 4 1
-172 182 5 1
-171 182 3 1
-200 193 8 0
-167 177 5 0
-179 179 7 0
-166 176 5 1
-160 155 2 1
-160 155 3 1
-165 175 3 1
-166 177 6 0
-159 155 2 1
-159 155 3 1
-181 158 4 3
-198 156 6 1
-198 156 7 1
-198 157 6 1
-198 157 7 1
-171 178 6 1
-172 178 6 1
-175 152 8 0
-183 152 5 1
-175 152 9 0
-168 177 4 0
-186 170 6 0
-170 190 8 0
-172 180 3 1
-173 180 3 1
-166 175 5 1
-166 164 7 1
-199 182 9 0
-177 157 5 1
-198 181 8 0
-199 180 7 0
-199 181 7 0
-177 159 3 3
-177 159 4 1
-155 189 5 0
-186 157 4 1
-192 170 10 0
-192 169 9 0
-192 170 9 0
-197 182 7 0
-193 169 10 0
-173 154 3 1
-173 154 4 2
-173 154 5 2
-172 154 3 1
-172 154 4 1
-170 159 2 1
-171 154 3 1
-198 170 10 0
-171 154 5 1
-197 171 10 0
-197 170 10 0
-167 156 6 1
-195 169 7 0
-168 157 5 1
-195 169 11 0
-195 168 10 0
-195 168 9 0
-196 168 10 0
-197 167 9 0
-196 168 9 0
-197 169 10 0
-196 169 10 0
-197 169 9 0
-196 170 10 0
-197 170 9 0
-196 170 9 0
-195 171 10 0
-195 171 9 0
-164 171 1 1
-165 170 0 1
-164 170 0 1
-163 170 0 1
-195 175 7 0
-194 175 7 0
-186 172 7 0
-186 173 7 0
-187 174 6 0
-187 174 8 0
-187 174 7 0
-186 175 8 0
-169 157 7 1
-156 158 9 0
-155 158 9 0
-157 158 9 0
-157 159 9 0
-155 184 8 0
-156 183 7 0
-156 183 9 0
-167 175 10 0
-166 175 10 0
-167 175 11 0
-166 175 11 0
-167 176 10 0
-166 177 10 0
-167 176 11 0
-166 176 11 0
-166 176 10 0
-168 176 10 0
-168 177 10 0
-168 176 11 0
-168 177 11 0
-169 177 10 0
-166 174 10 0
-166 174 11 0
-168 175 12 0
-168 175 9 0
-168 175 8 0
-165 184 8 0
-162 185 7 0
-161 185 8 0
-161 185 7 0
-182 164 7 0
-152 184 5 0
-151 182 6 0
-151 182 8 0
-151 182 7 0
-152 182 6 0
-152 183 6 0
-152 182 8 0
-152 182 7 0
-154 182 6 0
-154 182 8 0
-165 154 4 0
-154 184 6 0
-167 153 3 1
-152 186 6 0
-167 152 3 1
-199 168 7 0
-176 183 4 1
-177 157 3 5
-188 154 6 1
-192 168 8 0
-192 169 10 0
-190 168 10 0
-190 168 8 0
-190 168 12 0
-189 166 9 0
-189 167 9 0
-176 182 6 1
-163 160 7 1
-173 184 6 1
-174 184 6 1
-175 184 6 1
-173 181 6 0
-152 181 4 0
-167 161 4 1
-152 181 8 0
-200 175 8 0
-179 175 7 0
-180 175 8 0
-152 180 7 0
-152 179 6 0
-200 174 8 0
-200 174 7 0
-153 180 6 0
-154 181 7 0
-154 181 6 0
-188 177 3 1
-188 152 5 3
-188 176 3 1
-175 159 4 1
-185 174 4 3
-169 186 4 2
-185 174 3 1
-184 175 6 0
-181 175 3 1
-182 176 5 1
-180 150 4 1
-177 182 5 2
-177 182 4 2
-169 182 6 1
-182 151 6 1
-178 182 5 1
-178 182 4 1
-161 163 5 4
-161 164 5 7
-161 165 5 8
-178 181 6 1
-193 163 7 0
-165 176 10 0
-164 176 10 0
-165 176 11 0
-164 176 11 0
-165 177 10 0
-165 178 10 0
-165 177 11 0
-166 178 10 0
-166 177 11 0
-166 178 11 0
-167 177 10 0
-168 178 10 0
-167 177 11 0
-165 175 10 0
-165 175 11 0
-166 176 12 0
-166 176 9 0
-180 150 3 1
-180 150 2 1
-181 177 7 0
-181 177 6 0
-154 185 10 0
-154 185 6 0
-177 155 5 1
-176 156 5 1
-177 155 6 1
-177 157 6 0
-177 158 6 0
-175 159 6 0
-174 193 7 0
-183 178 3 1
-183 179 3 1
-183 179 4 1
-151 188 6 1
-151 188 7 0
-151 188 4 1
-152 187 3 1
-152 188 3 1
-152 189 3 1
-178 183 5 1
-178 183 6 1
-178 181 3 1
-178 182 3 1
-178 183 3 1
-179 179 4 13
-179 179 5 1
-183 170 7 0
-197 163 7 6
-195 160 6 2
-196 159 5 1
-154 190 6 0
-154 190 4 0
-196 160 5 1
-196 160 6 1
-196 160 7 1
-195 159 5 1
-195 159 6 1
-195 159 7 1
-195 160 5 1
-164 177 10 0
-163 177 10 0
-164 177 11 0
-163 177 11 0
-164 178 10 0
-163 178 10 0
-164 178 11 0
-163 178 11 0
-165 179 10 0
-165 178 11 0
-165 179 11 0
-163 176 10 0
-163 176 11 0
-165 177 12 0
-165 177 9 0
-176 157 11 0
-175 158 10 0
-175 158 12 0
-194 161 9 1
-193 166 6 0
-192 165 6 0
-192 165 7 0
-181 156 8 1
-181 155 8 2
-181 154 8 2
-180 157 6 1
-179 158 6 0
-171 152 6 1
-172 153 6 0
-173 152 9 0
-174 153 9 0
-174 152 9 0
-174 152 8 0
-173 151 9 0
-173 150 9 0
-174 151 8 0
-177 168 7 0
-177 168 5 0
-177 168 6 0
-177 168 9 0
-177 168 8 0
-176 166 8 0
-177 169 8 0
-177 170 7 0
-177 169 7 0
-176 169 8 0
-176 169 7 0
-175 168 8 0
-175 168 7 0
-178 167 5 0
-178 167 6 0
-178 167 9 0
-176 165 7 0
-176 165 8 0
-174 164 8 1
-174 164 7 1
-174 164 6 1
-174 163 8 1
-174 163 7 1
-174 163 6 1
-179 167 8 0
-179 168 8 0
-179 168 7 0
-186 159 9 0
-159 185 4 1
-174 178 7 0
-183 174 9 0
-176 178 7 0
-175 179 7 0
-164 168 8 0
-163 169 7 0
-176 181 7 0
-174 181 8 0
-173 180 6 0
-178 183 4 1
-187 150 1 3
-157 153 6 1
-198 169 8 0
-164 150 7 0
-151 170 0 1
-165 151 5 0
-166 167 7 1
-166 167 6 2
-189 154 5 1
-189 153 4 1
-175 196 7 0
-164 153 3 1
-163 155 5 0
-162 154 5 1
-163 153 4 1
-163 154 4 2
-163 155 4 1
-162 153 4 1
-162 154 4 1
-162 154 6 1
-162 155 4 1
-162 155 5 1
-162 155 6 1
-164 154 4 0
-164 154 3 0
-170 172 5 0
-167 172 7 0
-167 172 8 0
-168 174 8 0
-169 174 6 1
-168 171 8 0
-169 172 9 0
-169 172 5 0
-185 153 10 0
-186 153 9 0
-185 153 9 0
-186 154 10 0
-167 177 0 1
-167 178 0 1
-174 177 3 1
-186 171 3 1
-187 161 9 0
-189 160 7 1
-165 177 0 1
-170 179 3 1
-171 179 3 1
-165 176 0 1
-173 185 5 1
-166 176 0 1
-173 185 3 1
-183 153 5 1
-171 150 11 0
-171 150 12 0
-173 151 11 0
-172 151 11 0
-172 151 13 0
-173 151 12 0
-167 176 0 1
-172 152 11 0
-166 177 1 2
-162 151 6 0
-164 153 5 0
-165 174 5 1
-165 174 4 3
-165 150 1 1
-165 151 1 1
-187 154 7 0
-164 152 7 0
-165 153 6 0
-188 169 6 0
-183 153 6 1
-188 169 7 0
-187 158 6 0
-187 158 7 0
-184 159 7 1
-184 159 6 1
-184 159 5 3
-185 159 5 1
-185 159 6 1
-187 162 6 1
-170 160 6 6
-171 160 7 1
-171 161 7 1
-183 157 5 1
-173 160 4 10
-173 160 5 6
-173 160 6 6
-173 161 4 1
-185 179 7 0
-173 161 6 1
-185 179 6 0
-186 180 5 0
-173 160 3 1
-186 180 6 0
-172 158 5 0
-172 158 4 0
-188 170 6 0
-193 151 2 4
-193 151 3 1
-193 150 4 1
-156 157 5 41
-172 156 6 15
-155 157 6 7
-154 154 5 1
-155 154 5 1
-159 186 3 1
-164 156 9 0
-188 167 4 2
-175 181 3 1
-172 183 5 1
-177 161 10 0
-178 160 11 0
-178 160 12 0
-178 159 11 0
-198 173 7 0
-198 173 6 0
-151 165 8 0
-151 165 9 0
-151 165 7 0
-152 163 9 0
-151 162 9 0
-154 154 11 1
-154 155 11 1
-153 154 11 1
-153 155 11 1
-180 198 5 0
-184 198 4 0
-184 198 5 0
-183 197 4 0
-183 196 4 0
-186 168 6 0
-186 169 7 0
-182 196 4 0
-187 157 5 1
-181 159 6 0
-153 171 4 1
-153 171 3 1
-153 171 2 1
-153 170 4 1
-180 163 7 0
-180 160 7 0
-152 170 3 12
-151 168 0 1
-153 168 1 1
-188 165 6 0
-187 166 6 1
-184 173 8 0
-154 167 1 1
-184 173 7 0
-168 167 6 1
-171 159 3 1
-181 173 7 0
-177 179 8 0
-171 160 4 9
-185 156 10 0
-186 155 9 0
-185 155 10 0
-186 155 10 0
-185 154 9 0
-186 154 9 0
-185 154 10 0
-184 153 9 0
-171 169 6 1
-172 168 5 1
-171 168 5 1
-171 168 6 1
-171 168 7 1
-171 169 5 1
-170 168 5 1
-170 168 6 1
-170 168 7 1
-170 169 5 1
-170 169 6 1
-170 169 7 1
-170 170 5 1
-173 171 9 0
-173 171 5 1
-174 172 4 1
-173 172 4 1
-172 170 4 1
-155 152 10 1
-156 150 9 0
-156 150 8 0
-158 152 9 0
-160 150 11 0
-184 187 6 0
-169 185 6 0
-169 185 5 1
-167 186 6 0
-181 165 11 0
-179 178 3 1
-167 151 7 1
-166 150 7 0
-166 150 8 0
-165 150 7 0
-165 150 8 0
-163 150 7 0
-163 150 8 0
-165 151 9 0
-165 151 6 0
-163 158 6 0
-163 159 6 1
-163 158 7 0
-165 157 6 0
-163 156 6 0
-151 159 5 1
-163 157 3 3
-164 156 2 1
-170 180 8 0
-170 179 7 0
-171 180 8 0
-171 180 7 0
-167 150 6 3
-165 150 9 0
-164 161 4 1
-198 188 6 0
-179 162 6 0
-196 174 8 0
-178 163 6 1
-195 174 7 0
-195 174 8 0
-195 174 6 0
-196 175 9 0
-195 173 7 0
-162 184 7 0
-193 176 7 0
-192 176 7 0
-162 164 6 16
-162 163 5 1
-162 164 5 1
-168 171 5 1
-168 170 7 1
-165 166 11 1
-164 165 11 1
-192 176 8 0
-192 176 6 0
-192 177 7 0
-192 177 8 0
-187 152 1 1
-187 152 2 1
-187 152 3 1
-186 152 1 1
-186 152 2 1
-186 152 3 1
-185 151 1 1
-185 151 2 1
-185 151 3 1
-185 152 1 1
-185 152 2 1
-185 152 3 1
-186 151 1 1
-187 151 0 1
-187 152 0 1
-186 151 0 1
-186 152 0 1
-185 151 0 1
-185 152 0 1
-188 150 2 4
-188 150 3 2
-164 168 5 1
-164 168 6 1
-163 169 11 1
-163 168 11 1
-163 167 11 1
-164 169 11 1
-164 168 11 1
-164 167 11 1
-197 162 7 5
-165 168 11 1
-165 167 11 1
-164 168 10 1
-197 161 6 1
-199 169 10 0
-164 166 8 0
-193 164 8 0
-193 164 7 0
-160 185 5 0
-160 185 6 0
-160 185 4 0
-160 187 7 0
-161 186 3 1
-161 187 3 1
-161 188 3 1
-160 186 3 1
-160 187 3 1
-162 187 6 0
-162 184 6 0
-162 186 7 0
-162 186 4 1
-163 185 3 1
-163 186 3 1
-163 187 3 1
-175 150 2 1
-175 150 3 1
-175 150 4 1
-175 150 1 1
-184 170 7 0
-184 168 6 0
-164 165 5 0
-164 165 6 0
-163 164 11 1
-164 164 11 1
-165 164 11 1
-163 162 5 3
-163 164 8 1
-161 162 8 1
-167 154 6 7
-167 154 5 8
-168 155 7 1
-168 155 6 5
-168 155 5 3
-168 154 7 1
-168 154 6 3
-168 154 5 1
-167 155 6 4
-151 175 0 1
-153 155 10 1
-164 160 6 1
-164 161 6 1
-162 167 11 1
-163 168 10 1
-161 168 8 0
-162 170 11 1
-162 169 11 1
-162 168 11 1
-163 170 11 1
-164 170 11 1
-156 157 3 6
-156 157 2 1
-156 156 3 7
-156 156 2 1
-156 157 10 0
-163 159 4 3
-164 160 4 3
-164 159 4 1
-169 182 8 0
-169 182 7 0
-166 182 6 1
-200 158 8 1
-200 158 9 1
-200 159 8 1
-200 159 9 1
-199 158 8 1
-169 160 6 5
-151 174 6 0
-168 159 8 1
-168 159 7 1
-157 155 3 1
-157 155 2 1
-157 154 3 1
-158 155 3 1
-158 155 2 1
-151 174 7 0
-151 174 5 1
-186 161 10 0
-186 161 9 0
-184 160 8 0
-156 185 6 0
-197 164 8 0
-197 164 6 0
-197 162 8 5
-197 163 8 5
-197 162 9 1
-197 163 9 1
-197 164 9 1
-197 164 5 1
-195 164 9 1
-195 164 5 1
-160 162 7 1
-163 168 4 0
-164 168 2 1
-165 169 2 1
-165 168 3 2
-165 168 2 1
-166 170 2 1
-166 169 2 1
-166 168 3 1
-166 168 2 1
-164 167 6 1
-165 167 6 11
-165 167 4 4
-166 167 4 1
-161 170 3 0
-161 170 4 0
-187 176 5 0
-185 178 8 0
-186 178 8 0
-186 176 9 0
-186 176 5 0
-185 177 9 0
-182 177 7 0
-156 185 10 0
-194 167 9 0
-195 167 10 0
-195 167 9 0
-195 169 10 0
-196 169 9 0
-195 169 9 0
-183 172 7 0
-182 169 3 1
-183 169 3 1
-184 169 5 1
-161 161 7 1
-184 163 7 1
-184 163 6 6
-184 161 5 9
-162 161 6 7
-184 160 6 6
-184 160 5 3
-185 161 5 4
-185 160 7 1
-185 160 6 1
-185 160 5 1
-184 164 4 1
-200 163 7 1
-200 163 6 1
-187 151 9 0
-163 165 9 1
-168 174 5 1
-168 174 4 1
-168 174 3 1
-167 175 4 4
-170 178 3 1
-166 179 4 0
-168 168 7 1
-165 167 7 1
-166 151 5 1
-199 154 5 1
-174 150 3 1
-193 151 0 3
-198 156 5 1
-198 155 7 1
-198 155 6 1
-183 163 5 1
-198 154 7 1
-198 154 6 1
-177 183 5 1
-177 183 6 1
-169 150 12 0
-169 150 13 0
-169 150 11 0
-168 151 12 0
-168 151 13 0
-168 151 11 0
-186 169 3 1
-187 173 5 1
-187 173 4 1
-187 173 3 1
-187 172 5 1
-187 172 4 1
-187 172 3 1
-187 171 5 1
-187 171 4 1
-187 171 3 1
-183 164 6 1
-155 186 3 1
-164 175 5 0
-164 175 6 0
-164 175 9 0
-163 174 8 0
-163 174 7 0
-164 174 8 0
-183 150 1 1
-198 154 5 1
-182 154 4 1
-182 153 6 1
-200 158 5 1
-200 157 7 15
-200 157 6 4
-176 183 3 1
-177 181 5 3
-163 163 11 1
-200 157 5 1
-200 156 9 1
-200 156 8 1
-166 186 4 1
-190 151 4 1
-180 161 6 0
-180 161 7 0
-181 160 2 1
-181 161 2 6
-181 162 2 1
-200 156 7 1
-200 156 5 1
-200 155 5 1
-200 154 5 1
-200 153 5 1
-181 163 12 0
-181 163 9 0
-181 163 8 0
-180 164 10 0
-152 199 30 0
-152 199 32 0
-152 199 31 0
-171 192 9 0
-171 192 8 0
-170 191 8 0
-170 191 7 0
-171 190 7 0
-171 191 7 0
-172 191 8 0
-172 191 7 0
-170 193 8 0
-170 193 7 0
-169 192 8 0
-169 192 7 0
-179 173 3 1
-151 177 6 0
-183 176 3 1
-178 150 4 1
-178 150 3 1
-175 180 7 0
-175 180 6 0
-164 171 9 0
-164 171 6 0
-164 171 5 1
-168 169 5 1
-166 167 5 1
-197 162 6 7
-169 182 5 1
-177 156 12 0
-177 156 10 0
-188 152 3 1
-188 152 2 1
-188 152 1 1
-194 165 8 0
-164 157 6 0
-164 157 5 0
-160 188 3 1
-182 169 7 0
-186 171 6 0
-185 170 7 0
-188 154 5 2
-184 153 4 1
-182 154 6 1
-182 154 5 1
-188 162 6 1
-183 161 5 1
-185 161 8 0
-193 164 4 1
-164 185 6 1
-165 184 5 1
-159 184 7 0
-159 184 8 0
-173 179 3 1
-193 163 5 0
-193 161 8 0
-179 159 2 1
-160 156 7 0
-160 156 8 0
-179 158 5 0
-177 176 4 1
-169 150 5 3
-169 150 1 1
-173 150 2 1
-173 150 3 2
-173 150 4 2
-173 150 5 1
-173 150 1 1
-183 153 4 1
-183 154 4 1
-182 152 4 1
-182 152 5 1
-151 162 3 1
-151 163 3 0
-151 165 3 0
-151 165 5 0
-151 165 4 0
-156 195 8 0
-165 170 8 0
-184 152 5 3
-192 152 1 1
-186 181 6 0
-155 195 8 0
-173 153 12 0
-153 193 7 0
-191 164 6 0
-192 163 9 0
-192 163 5 0
-175 154 4 1
-175 154 3 1
-175 157 5 0
-176 158 5 1
-177 161 5 12
-177 161 4 19
-175 179 3 1
-175 179 4 6
-175 179 5 1
-175 178 4 4
-175 178 5 3
-174 158 2 1
-179 161 4 1000
-185 173 6 0
-198 166 5 0
-184 151 6 1
-184 151 5 3
-196 152 0 1
-171 154 11 0
-174 168 8 0
-174 168 7 0
-175 170 8 0
-153 158 12 0
-152 157 13 0
-152 157 12 0
-152 155 13 0
-152 155 12 0
-152 156 13 0
-152 158 13 0
-152 158 12 0
-151 157 12 0
-151 155 11 0
-151 155 13 0
-151 155 12 0
-151 156 13 0
-152 156 12 0
-151 157 13 0
-151 158 12 0
-151 156 11 0
-151 156 12 0
-156 153 3 1
-157 153 4 1
-157 153 3 1
-197 197 8 0
-192 166 10 0
-155 159 2 1
-166 175 4 5
-155 158 2 1
-180 159 6 0
-165 174 3 1
-161 156 3 1
-161 155 3 1
-183 162 8 0
-159 160 2 1
-160 160 2 1
-158 159 2 1
-181 157 5 1
-172 150 2 1
-191 150 2 10
-158 156 4 1
-158 156 5 0
-158 157 4 1000
-157 156 4 1
-157 156 5 1
-157 157 4 1000
-157 157 5 1
-159 156 4 1
-159 156 5 0
-159 157 4 1000
-154 153 6 3
-158 158 4 1
-158 158 3 8
-191 151 1 1
-156 158 3 7
-157 158 3 6
-157 158 4 2
-161 157 3 4
-156 160 2 1
-156 159 2 1
-157 160 2 1
-157 159 2 1
-158 160 2 1
-160 156 4 1
-183 163 2 1
-191 150 3 1
-157 159 3 2
-158 160 3 1
-158 159 3 1
-158 158 5 1
-178 150 1 1
-184 161 8 0
-185 163 9 0
-155 160 3 1
-155 159 3 1
-155 158 3 8
-156 160 3 1
-156 159 3 1
-157 160 3 1
-157 150 7 0
-160 150 9 0
-159 151 9 0
-159 151 8 0
-159 150 8 0
-159 150 10 0
-159 150 9 0
-158 150 8 0
-158 150 10 0
-158 150 9 0
-157 150 10 0
-157 150 8 0
-157 150 9 0
-157 150 5 1
-161 152 6 0
-161 150 7 0
-162 150 7 0
-161 150 6 0
-161 151 6 0
-165 153 4 0
-165 157 4 0
-163 159 2 1
-162 161 11 1
-155 158 5 25
-156 159 8 0
-157 158 7 0
-158 159 7 1
-156 196 8 0
-156 196 7 0
-168 171 7 1
-186 163 7 0
-187 163 6 0
-186 163 6 0
-171 181 9 0
-187 164 6 0
-180 188 5 0
-184 189 6 0
-164 156 5 0
-183 162 4 1
-185 151 4 1
-182 178 5 1
-182 179 3 1
-182 179 4 4
-182 179 5 1
-180 175 3 1
-179 175 3 1
-178 175 3 1
-182 180 3 1
-182 180 4 1
-182 180 5 1
-179 162 10 0
-151 157 9 0
-159 158 4 6
-163 158 4 1
-154 159 6 2
-154 159 7 1
-163 156 3 1
-167 159 8 0
-152 150 3 1
-152 150 4 1
-152 150 2 0
-158 156 2 1
-158 156 3 8
-158 157 2 1
-188 155 7 1
-188 156 5 3
-188 156 6 1
-179 163 11 0
-187 155 5 2
-181 163 11 0
-187 155 7 1
-187 156 5 3
-186 155 5 4
-178 160 9 0
-179 160 10 0
-180 160 11 0
-179 160 11 0
-180 162 10 0
-171 151 11 0
-171 151 13 0
-171 151 12 0
-170 151 11 0
-170 150 11 0
-200 168 5 0
-170 151 12 0
-181 178 4 7
-179 182 3 1
-186 172 8 0
-186 166 5 1
-186 169 9 0
-200 170 8 0
-161 166 7 1
-161 166 8 1
-162 165 9 1
-177 177 8 0
-178 177 8 0
-174 168 10 0
-173 168 10 0
-173 168 11 0
-174 168 9 0
-173 168 9 0
-174 169 10 0
-174 169 11 0
-174 169 9 0
-175 169 10 0
-175 170 10 0
-175 170 11 0
-175 169 9 0
-176 169 11 0
-177 168 11 0
-175 166 11 0
-174 167 11 0
-175 168 11 0
-175 168 12 0
-154 152 2 1
-155 152 4 1
-155 152 3 1
-155 152 2 1
-151 151 3 1
-190 162 8 0
-163 156 7 0
-178 179 8 0
-161 165 7 1
-161 165 6 8
-169 183 7 0
-170 188 8 0
-169 189 7 0
-189 158 4 1
-181 190 2 1
-181 191 2 1
-173 159 2 1
-178 181 4 3
-176 175 6 1
-176 175 5 1
-195 166 6 0
-196 165 8 0
-197 164 7 0
-174 153 3 1
-181 195 0 1
-181 196 0 1
-161 161 6 1
-173 153 3 1
-162 161 7 1
-162 161 5 1
-162 166 5 1
-172 153 3 1
-165 161 6 1
-165 161 5 2
-164 167 4 1
-162 167 4 1
-162 165 5 1
-163 165 4 2
-153 164 6 1
-154 164 6 1
-154 164 7 1
-154 165 6 1
-154 165 7 1
-153 164 5 1
-153 165 6 1
-153 165 7 1
-152 164 7 0
-151 164 8 0
-152 164 6 0
-152 162 8 0
-151 172 5 0
-151 176 4 0
-162 166 11 1
-199 173 8 0
-162 165 11 1
-162 164 11 1
-163 165 10 1
-196 167 7 0
-196 167 8 0
-196 166 6 0
-168 163 6 1
-168 163 5 1
-168 162 7 1
-168 162 6 1
-168 162 5 1
-198 165 7 0
-182 178 8 0
-183 179 8 0
-182 176 8 0
-164 158 8 0
-164 159 8 0
-175 184 3 1
-164 159 7 0
-165 159 8 0
-166 159 7 1
-165 159 7 1
-167 159 6 5
-195 152 3 1
-195 152 4 1
-194 152 4 1
-192 150 -1 1
-196 151 0 1
-196 151 1 5
-171 154 12 0
-196 152 1 1
-171 155 12 0
-171 155 11 0
-173 155 12 0
-173 156 12 0
-173 155 11 0
-173 156 11 0
-174 155 12 0
-174 154 12 0
-186 151 7 0
-188 151 6 1
-154 187 5 0
-155 188 4 1
-155 188 6 0
-155 188 5 0
-154 188 5 0
-154 189 4 0
-178 199 6 0
-177 178 4 6
-171 184 4 6
-189 151 3 1
-151 181 6 0
-152 181 7 0
-171 183 3 1
-170 184 4 2
-168 187 3 1
-153 181 6 0
-153 182 6 0
-187 170 5 1
-159 167 5 1
-159 167 4 1
-159 166 6 1
-159 166 5 1
-159 166 4 1
-160 165 3 1
-161 165 3 1
-162 165 3 1
-162 167 6 1
-160 165 6 1
-160 165 5 1
-160 165 4 1
-161 165 4 1
-163 166 6 0
-164 165 3 1
-166 165 3 1
-162 169 6 0
-160 169 4 1
-152 184 3 1
-153 184 3 1
-154 184 3 1
-153 185 4 1
-153 185 9 0
-151 183 6 0
-151 183 8 0
-151 183 7 0
-153 183 6 0
-153 183 8 0
-153 183 7 0
-154 183 6 0
-155 185 7 0
-151 185 6 0
-151 185 7 0
-152 186 3 1
-152 185 3 1
-153 186 3 1
-153 185 3 1
-154 186 3 1
-154 185 3 1
-153 187 9 0
-153 185 7 0
-153 186 7 0
-154 186 7 0
-153 188 10 0
-153 188 9 0
-155 187 8 0
-155 188 8 0
-180 177 3 1
-152 188 7 0
-151 188 8 0
-178 175 4 1
-184 152 7 1
-163 173 8 0
-164 174 9 0
-164 174 6 0
-186 178 6 0
-185 178 7 0
-186 178 7 0
-186 177 6 0
-186 177 7 0
-184 177 6 0
-184 176 6 0
-184 177 7 0
-183 177 6 0
-183 177 7 0
-184 178 8 0
-185 177 3 1
-185 178 3 1
-187 177 6 0
-185 177 7 0
-185 177 6 0
-185 176 6 0
-186 175 6 0
-185 176 7 0
-186 176 7 0
-186 176 6 0
-164 160 7 0
-164 160 8 0
-184 176 7 0
-183 176 7 0
-158 157 8 0
-157 156 7 0
-158 156 7 0
-157 156 8 0
-183 175 8 0
-183 177 8 0
-186 177 8 0
-186 175 7 0
-187 175 7 0
-180 193 4 0
-162 170 7 0
-183 194 6 0
-164 169 7 1
-184 193 6 0
-184 193 4 0
-176 175 4 1
-189 157 6 1
-152 151 2 0
-151 153 6 6
-151 153 5 1
-151 153 4 1000
-151 152 6 5
-151 152 5 2
-152 153 6 2
-152 153 5 1
-152 153 4 4
-152 152 6 1
-153 153 6 3
-153 153 5 2
-153 153 4 3
-153 152 6 2
-152 152 5 6
-152 151 3 1
-183 180 7 0
-182 178 7 0
-183 178 7 0
-181 176 6 0
-185 179 3 1
-184 180 4 1
-178 160 2 1
-178 159 2 1
-178 158 2 1
-177 159 6 0
-178 157 3 3
-178 156 5 1
-178 156 4 1
-178 156 3 1
-179 158 3 2
-175 183 3 1
-196 162 8 1
-196 163 6 8
-196 163 7 8
-170 189 8 0
-152 197 32 0
-172 156 4 10
-172 155 6 4
-172 155 5 1
-152 197 30 0
-197 150 -1 1
-165 183 3 1
-166 183 3 1
-167 185 3 1
-165 153 8 0
-166 153 8 0
-165 152 7 0
-165 154 7 0
-171 181 8 0
-169 180 6 1
-164 153 8 0
-163 153 8 0
-171 179 7 0
-172 180 6 0
-172 180 8 0
-172 180 7 0
-173 181 8 0
-173 181 7 0
-194 152 -1 1
-172 183 7 0
-172 182 7 0
-171 182 7 0
-169 181 8 0
-193 152 2 1
-152 157 5 10
-183 173 4 3
-183 172 5 1000
-183 172 6 1
-182 186 5 0
-182 187 5 0
-198 181 7 0
-179 160 6 0
-179 160 3 2
-197 185 8 0
-180 160 2 2
-198 187 9 0
-165 187 4 1
-178 177 6 1
-178 176 6 1
-178 176 5 2
-178 176 4 2
-179 177 5 1
-179 177 4 3
-151 151 1 1
-151 151 4 1000
-153 151 4 1
-153 155 2 1
-154 155 2 1
-155 155 2 1
-154 155 5 1
-154 155 4 7
-154 155 3 3
-187 175 8 0
-187 175 6 0
-186 174 7 0
-186 174 8 0
-185 174 7 0
-197 195 8 0
-185 174 8 0
-197 195 7 0
-185 175 8 0
-199 195 8 0
-200 195 8 0
-199 195 7 0
-200 195 7 0
-199 194 8 0
-199 194 7 0
-198 194 8 0
-198 193 8 0
-198 194 7 0
-198 193 7 0
-196 194 8 0
-197 194 8 0
-196 194 7 0
-198 195 9 0
-198 195 10 0
-198 195 6 0
-165 156 6 0
-164 166 10 1
-172 152 12 0
-171 152 11 0
-165 157 5 0
-166 157 6 0
-166 161 4 1
-200 171 5 0
-200 171 7 0
-198 168 10 0
-197 168 10 0
-197 167 10 0
-197 169 11 0
-175 177 6 1
-197 169 7 0
-198 171 10 0
-199 170 9 0
-199 171 9 0
-199 170 10 0
-199 171 10 0
-187 166 4 1
-171 180 5 1
-169 184 4 3
-177 178 5 1
-171 180 6 1
-188 166 6 1
-188 166 5 1
-188 165 4 1
-197 193 8 0
-198 169 7 0
-195 173 6 0
-167 179 7 0
-167 179 8 0
-196 173 7 0
-196 173 6 0
-176 161 5 165
-191 163 7 0
-190 162 7 0
-171 187 5 1
-171 187 4 1
-171 187 3 1
-152 173 2 4
-153 173 4 1
-153 173 3 1
-153 173 2 1
-176 178 3 1
-151 190 4 1
-187 170 4 1
-174 177 6 1
-166 154 3 1
-174 177 4 1
-183 165 5 1
-175 177 5 1
-176 157 5 1
-170 183 8 0
-200 170 5 0
-197 150 2 1
-162 157 8 0
-176 178 4 5
-176 178 5 2
-176 199 6 0
-176 199 8 0
-175 177 4 1
-177 179 3 1
-176 199 7 0
-168 190 8 0
-171 153 13 0
-162 166 10 1
-163 158 8 0
-169 174 8 0
-168 174 6 2
-170 174 7 0
-170 174 8 0
-170 174 6 0
-171 171 6 0
-171 169 7 1
-171 170 5 1
-170 172 9 0
-170 172 6 0
-195 163 9 1
-165 183 6 0
-172 177 5 1
-151 177 4 0
-189 164 7 1
-179 163 6 1
-176 160 6 6
-196 165 5 0
-196 165 9 0
-171 157 3 1
-165 162 4 1
-165 163 4 1
-163 160 4 1
-185 161 4 1
-168 190 7 0
-168 188 7 0
-184 167 8 0
-184 166 8 0
-182 166 8 0
-183 166 8 0
-184 168 9 0
-166 173 8 0
-165 171 7 1
-165 172 8 0
-164 171 7 1
-164 171 8 0
-160 189 6 0
-160 188 5 0
-158 188 4 0
-166 185 5 1
-155 157 9 0
-154 153 5 1
-184 164 11 0
-184 162 10 0
-172 178 3 1
-166 174 8 0
-165 173 7 0
-178 178 7 0
-177 180 4 5
-174 198 9 0
-174 198 6 0
-177 177 4 36
-180 181 6 1
-180 180 5 1
-180 180 4 2
-180 179 6 1
-180 179 5 2
-180 179 4 5
-158 158 9 0
-157 156 9 0
-158 155 9 0
-158 156 9 0
-157 155 9 0
-156 156 9 0
-155 156 9 0
-171 156 4 7
-161 172 2 1
-161 173 3 1
-162 173 5 0
-172 181 6 0
-177 150 4 1
-174 179 5 4
-176 182 5 2
-184 153 6 1
-166 166 5 4
-188 168 10 0
-182 164 8 0
-182 164 9 0
-182 164 12 0
-182 161 10 0
-181 162 10 0
-182 163 11 0
-173 151 10 0
-173 150 11 0
-173 150 10 0
-174 160 8 2
-174 159 9 1
-174 150 11 0
-174 150 10 0
-175 156 11 0
-163 178 7 0
-163 178 8 0
-167 178 7 0
-166 176 7 0
-166 176 8 0
-163 165 8 0
-161 164 8 1
-161 164 7 1
-161 164 6 2
-196 165 3 1
-196 166 3 1
-177 183 4 1
-198 151 0 1
-198 151 1 4
-182 161 4 0
-175 150 11 0
-175 150 10 0
-162 162 5 1
-170 150 2 1
-176 150 11 0
-176 150 10 0
-169 190 8 0
-169 190 7 0
-184 165 4 1
-168 150 11 0
-174 151 10 0
-167 164 4 1
-196 166 7 0
-177 199 6 0
-177 199 7 0
-184 152 4 1
-174 152 10 0
-174 153 10 0
-184 169 6 0
-182 170 7 0
-189 152 5 1
-189 152 6 1
-189 153 6 1
-188 152 4 1
-188 153 4 1
-186 152 7 0
-165 186 4 1
-168 186 6 0
-168 186 4 1
-174 154 10 0
-163 162 6 0
-163 164 10 2
-162 163 11 1
-163 166 9 1
-181 198 5 0
-180 198 4 0
-181 198 4 0
-182 197 5 0
-182 198 5 0
-182 197 4 0
-168 153 3 1
-179 178 8 0
-168 152 3 1
-167 176 6 0
-165 178 4 0
-181 174 7 0
-168 179 4 2
-168 178 4 0
-166 177 0 1
-166 179 0 1
-165 177 5 0
-165 177 4 0
-164 177 4 0
-167 178 4 0
-174 150 8 0
-174 150 9 0
-174 151 9 0
-173 150 8 0
-180 161 2 1
-172 150 7 0
-173 181 5 1
-173 181 4 1001
-173 181 3 1
-151 189 5 1
-151 189 4 1
-185 150 3 1
-188 150 1 3
-189 150 0 1
-156 195 7 0
-155 195 7 0
-174 158 11 0
-173 156 10 0
-152 195 6 0
-152 195 8 0
-153 195 8 0
-174 154 9 0
-153 195 7 0
-154 197 5 0
-154 197 6 0
-154 197 9 0
-154 197 8 0
-153 196 6 0
-153 196 8 0
-153 196 7 0
-154 195 6 0
-181 180 4 1
-181 179 6 1
-154 196 7 0
-156 196 6 0
-163 156 5 0
-165 154 3 0
-155 196 7 0
-156 197 6 0
-169 150 9 0
-169 150 10 0
-170 151 4 1
-169 151 4 1
-167 156 3 1
-165 155 3 0
-166 152 3 1
-197 185 7 0
-180 159 2 1
-198 185 7 0
-198 185 8 0
-200 185 7 0
-187 152 4 1
-187 153 4 1
-188 151 0 1
-187 150 0 1
-186 150 0 1
-152 182 10 0
-190 150 2 6
-152 183 10 0
-152 183 11 0
-189 151 1 2
-189 151 2 2
-151 183 10 0
-167 157 3 1
-165 156 3 0
-195 161 7 1
-195 160 8 1
-195 161 8 1
-196 160 9 1
-195 160 9 1
-194 160 9 1
-195 161 6 1
-183 159 5 1
-183 159 6 1
-194 163 9 1
-199 150 1 5
-195 162 4 1
-195 163 4 1
-195 164 4 1
-194 164 4 1
-167 182 8 0
-165 182 7 0
-165 182 8 0
-164 185 5 1000
-165 186 6 0
-163 153 3 1
-163 154 3 3
-162 153 3 1
-162 154 3 2
-162 155 3 4
-165 170 7 1
-161 165 10 1
-182 152 6 1
-182 153 4 1
-182 153 5 1
-200 158 6 1
-200 158 7 1
-200 159 6 1
-200 159 7 1
-199 158 6 1
-191 174 6 0
-191 174 8 0
-191 174 7 0
-191 175 7 0
-166 161 3 1
-166 153 3 1
-193 177 8 0
-192 178 6 0
-192 178 7 0
-151 173 1 4
-152 173 1 1
-153 173 1 1
-151 173 5 1
-152 173 5 1
-152 172 5 1
-153 173 5 1
-153 172 5 1
-153 171 5 1
-152 173 4 6
-152 173 3 13
-154 161 5 1
-167 153 6 4
-166 153 5 1
-165 156 9 0
-174 157 3 1
-166 158 7 1
-166 156 6 0
-167 155 4 13
-168 156 4 4
-169 157 4 1
-168 156 6 2
-175 158 2 1
-175 157 2 1
-198 169 9 0
-200 177 6 0
-184 162 8 0
-182 172 7 0
-199 175 8 0
-199 175 6 0
-199 177 7 0
-200 176 6 0
-199 177 6 0
-200 173 6 0
-180 163 10 0
-172 152 14 0
-170 185 4 3
-170 184 3 1
-170 183 3 1
-197 165 7 0
-174 157 4 1
-176 159 4 1
-195 152 -1 1
-194 151 2 3
-196 151 -1 1
-196 150 0 4
-184 154 4 1
-184 168 10 0
-164 159 9 0
-180 177 5 1000
-180 177 4 5
-170 156 6 8
-168 157 6 1
-170 155 3 1
-170 156 3 1
-186 166 7 0
-195 167 7 0
-197 167 7 0
-197 167 8 0
-197 167 6 0
-198 166 7 0
-198 167 7 0
-198 167 8 0
-198 166 6 0
-198 167 6 0
-199 165 7 0
-169 155 3 1
-199 165 8 0
-199 165 6 0
-198 164 7 0
-198 164 8 0
-198 164 6 0
-198 162 6 6
-198 162 7 5
-198 162 8 4
-198 163 6 1
-164 151 7 0
-166 178 6 0
-166 179 6 0
-181 174 8 0
-180 174 7 0
-180 173 7 0
-180 174 8 0
-165 166 8 0
-166 166 7 1
-165 166 7 1
-176 150 5 1
-176 150 4 1
-176 150 3 1
-172 151 5 1
-172 151 4 1
-172 151 3 1
-180 173 8 0
-180 175 9 0
-183 175 7 0
-181 172 7 0
-165 154 9 0
-174 178 5 1
-192 152 -1 1
-193 152 0 1
-193 152 -1 1
-181 163 10 0
-193 152 3 1
-158 158 7 0
-158 157 7 0
-153 172 2 1
-153 172 3 1
-153 172 4 1
-152 172 2 7
-152 172 3 18
-152 172 4 4
-151 170 4 1
-183 175 9 0
-152 172 1 1
-151 172 1 1
-152 170 4 3
-153 166 3 2
-152 167 2 1
-157 157 8 0
-183 173 3 1
-176 162 8 2
-177 164 8 0
-178 166 9 0
-178 166 6 0
-178 166 5 0
-176 167 7 0
-177 156 7 0
-176 154 6 1
-187 159 4 1
-184 160 7 1
-159 157 12 0
-158 156 12 0
-157 155 13 0
-157 157 14 0
-157 157 11 0
-157 157 10 0
-190 176 3 1
-190 175 3 1
-197 194 7 0
-196 193 7 0
-197 193 7 0
-196 193 8 0
-170 157 7 1
-178 159 10 0
-192 160 7 0
-193 161 6 0
-196 166 8 0
-198 168 7 0
-198 168 8 0
-198 168 6 0
-199 167 7 0
-183 150 3 1
-166 182 9 0
-165 181 8 0
-166 160 7 1
-174 159 2 1
-171 159 7 1
-161 157 6 0
-169 158 7 0
-177 160 3 1
-177 160 4 3
-153 153 9 1
-156 156 6 7
-156 155 7 1
-156 155 6 2
-155 159 6 4
-155 158 6 7
-157 155 5 1
-157 155 4 1
-157 154 5 1
-157 154 4 1
-158 155 5 1
-158 155 4 1
-198 162 9 1
-198 163 9 1
-198 162 5 1
-198 163 5 1
-197 165 8 0
-197 165 9 0
-197 165 5 0
-185 166 7 1
-179 178 6 0
-180 181 3 1
-188 151 1 2
-188 151 2 2
-188 151 3 1
-187 151 1 1
-187 151 2 1
-160 186 6 0
-189 158 5 1
-181 156 7 35
-181 155 7 6
-181 154 7 1
-183 161 8 0
-189 177 8 0
-189 177 6 0
-190 178 7 0
-190 178 6 0
-181 154 4 1
-182 158 5 1
-182 157 5 1
-182 156 5 1
-164 175 3 0
-200 152 5 1
-161 156 5 1
-173 157 4 0
-151 175 5 1
-151 175 7 0
-155 156 10 0
-156 156 10 0
-157 155 10 0
-158 156 10 0
-157 156 10 0
-159 157 10 0
-158 157 10 0
-158 158 10 0
-157 159 10 0
-157 158 10 0
-160 156 10 0
-163 158 9 0
-163 157 10 0
-163 156 10 0
-163 155 10 0
-161 154 10 0
-157 156 11 0
-158 157 11 0
-157 158 11 0
-156 158 11 0
-155 156 11 0
-157 155 11 0
-163 177 7 0
-159 157 11 0
-158 158 11 0
-157 159 11 0
-155 158 11 0
-158 156 13 0
-158 155 12 0
-157 156 12 0
-158 158 13 0
-158 158 12 0
-156 157 11 0
-156 157 14 0
-157 156 13 0
-162 157 10 0
-164 157 10 0
-164 156 10 0
-164 154 9 0
-164 154 10 0
-162 154 10 0
-162 156 11 0
-155 157 14 0
-156 156 13 0
-157 155 12 0
-156 156 12 0
-157 157 13 0
-157 157 12 0
-157 158 12 0
-155 159 13 0
-155 159 12 0
-156 155 13 0
-155 156 13 0
-156 155 12 0
-155 156 12 0
-156 157 13 0
-156 158 13 0
-156 158 12 0
-154 157 10 0
-154 157 11 0
-154 157 14 0
-155 155 13 0
-154 156 13 0
-155 155 12 0
-155 157 13 0
-156 157 12 0
-163 157 9 0
-165 156 10 0
-164 155 9 0
-165 155 9 0
-165 155 10 0
-165 154 10 0
-163 153 10 0
-163 155 11 0
-154 157 13 0
-155 157 12 0
-154 179 5 1
-154 179 4 1
-154 178 4 1
-154 177 4 1
-155 179 6 1
-155 179 5 1
-155 179 4 1
-155 178 6 1
-172 181 3 1
-172 181 4 9
-174 161 6 1
-174 161 5 1
-165 155 5 0
-176 156 12 0
-177 157 11 0
-181 158 3 1
-163 160 6 1
-168 163 8 1
-164 161 9 0
-186 168 8 0
-165 175 4 2
-165 175 5 0
-164 175 4 0
-165 177 6 0
-166 181 3 1
-164 176 0 1
-173 155 9 0
-173 153 6 1
-174 154 6 3
-174 153 6 1
-175 155 6 2
-175 154 8 1
-175 154 6 1
-175 153 8 1
-175 153 6 1
-154 162 3 1
-162 154 11 0
-169 159 5 1
-169 159 6 1
-169 160 4 6
-169 160 5 6
-152 171 3 17
-168 160 4 1
-167 158 6 1
-169 158 4 1
-171 161 6 1
-172 161 6 1
-172 161 5 1
-172 161 4 1
-172 160 6 7
-172 160 5 5
-172 160 4 11
-168 162 8 1
-168 161 3 1
-169 160 3 1
-169 161 7 1
-169 160 7 1
-188 160 4 1
-188 159 4 1
-189 161 6 1
-169 161 6 1
-169 161 5 1
-169 161 4 1
-170 161 6 1
-167 159 3 1
-168 160 3 1
-167 159 7 1
-167 158 4 1
-179 177 3 1
-178 178 6 0
-180 178 4 3
-180 178 3 1
-181 180 6 1
-161 158 5 1
-161 158 6 1
-199 167 8 0
-199 167 6 0
-199 166 7 0
-200 166 7 0
-199 166 8 0
-174 153 12 0
-174 155 13 0
-174 155 10 0
-174 155 9 0
-179 157 5 1
-179 157 4 4
-179 157 3 1
-179 156 5 1
-179 156 4 1
-179 156 3 1
-178 157 5 1
-179 159 4 0
-178 162 5 1
-178 162 4 1
-178 162 3 1
-174 159 6 1
-186 164 7 0
-185 164 6 1
-181 172 3 1
-177 151 3 1
-177 151 4 1
-187 158 8 0
-176 151 3 1
-176 151 4 1
-171 179 4 1
-186 159 10 0
-173 184 5 1
-173 184 4 1
-173 184 3 1
-192 168 9 0
-191 167 10 0
-191 166 10 0
-191 166 11 0
-191 167 9 0
-191 166 9 0
-198 150 1 2
-197 151 -1 1
-197 151 3 1
-198 152 2 1
-198 152 1 1
-186 152 5 1001
-187 154 4 1
-186 155 8 0
-185 153 5 1
-185 153 7 0
-185 153 6 1
-186 153 5 1000
-186 153 7 0
-186 153 6 1000
-187 153 5 1
-187 153 7 0
-187 153 6 1
-184 155 7 0
-159 188 5 0
-160 189 5 0
-159 188 6 0
-164 151 8 0
-199 155 6 1
-199 155 7 1
-199 173 6 0
-199 173 7 0
-198 177 6 0
-199 176 6 0
-168 151 3 1
-167 151 3 1
-156 160 5 1
-156 161 5 1
-166 151 3 1
-155 160 5 1
-177 182 3 1
-177 181 4 5
-177 181 3 1
-177 180 5 1
-184 174 8 0
-184 174 9 0
-199 151 2 1
-186 162 5 4
-185 162 5 3
-176 178 8 0
-176 179 8 0
-178 180 7 0
-161 165 8 1
-161 166 6 7
-188 152 7 0
-188 153 8 0
-187 152 7 0
-174 179 8 0
-185 152 7 0
-187 160 6 1
-187 160 5 1
-188 161 7 1
-188 161 6 3
-188 161 5 2
-188 160 7 1
-188 160 6 2
-187 161 7 0
-186 162 7 1
-187 161 6 2
-186 162 6 1
-175 179 9 0
-187 152 9 0
-167 168 4 1
-167 168 3 1
-182 170 3 1
-183 173 7 0
-186 175 3 1
-186 175 4 1
-186 175 5 1
-197 150 1 1
-157 181 7 0
-155 181 10 0
-156 183 10 0
-155 182 9 0
-155 182 10 0
-155 183 9 0
-155 183 10 0
-155 180 9 0
-155 180 10 0
-157 182 11 0
-157 182 8 0
-157 182 7 0
-156 182 8 0
-154 182 9 0
-153 182 9 0
-153 183 9 0
-156 184 9 0
-155 185 9 0
-156 182 11 0
-156 183 11 0
-155 182 11 0
-155 183 11 0
-156 182 7 0
-154 181 9 0
-162 181 11 0
-161 179 9 0
-162 178 9 0
-161 177 10 0
-161 178 9 0
-161 177 9 0
-159 178 10 0
-159 178 11 0
-159 178 9 0
-161 179 11 0
-161 179 12 0
-161 179 8 0
-159 180 10 0
-158 180 10 0
-159 180 9 0
-158 180 9 0
-158 181 10 0
-158 181 9 0
-160 181 10 0
-160 182 10 0
-160 181 9 0
-160 182 9 0
-162 180 9 0
-160 178 10 0
-160 178 9 0
-158 178 10 0
-158 179 10 0
-158 178 9 0
-160 180 12 0
-160 180 8 0
-155 180 11 0
-155 181 11 0
-158 180 12 0
-157 181 12 0
-157 180 9 0
-157 180 10 0
-157 182 9 0
-158 182 10 0
-158 182 9 0
-159 182 9 0
-159 182 10 0
-157 179 9 0
-158 179 9 0
-159 180 11 0
-159 180 8 0
-159 180 7 0
-167 160 4 1
-164 185 8 0
-186 157 8 0
-187 156 4 1
-200 180 8 0
-200 180 7 0
-200 179 7 0
-172 150 13 0
-187 157 6 1
-166 169 5 1
-161 165 9 1
-151 164 0 1
-185 150 2 1
-181 160 5 0
-185 169 6 0
-164 186 4 1
-164 187 4 1
-167 186 5 1
-158 185 6 0
-159 183 9 0
-172 197 8 0
-174 198 5 0
-166 170 8 0
-166 170 7 1
-162 170 8 0
-163 170 7 0
-191 150 1 13
-189 151 0 1
-158 186 7 0
-158 186 9 0
-200 154 7 1
-169 181 6 1
-199 197 8 0
-192 176 9 0
-192 176 5 0
-187 166 5 2
-182 167 7 1
-186 151 3 1
-163 184 7 0
-191 150 6 1
-174 180 6 0
-160 187 4 1
-168 182 7 0
-163 163 5 3
-184 162 5 4
-174 180 9 0
-174 180 8 0
-173 178 8 0
-174 178 8 0
-164 157 9 0
-174 156 2 1
-152 188 5 1
-152 188 6 0
-152 188 4 1
-151 187 5 1
-151 187 6 1
-160 169 7 1
-162 176 7 0
-182 181 6 0
-182 181 7 0
-182 181 5 0
-183 182 8 0
-183 182 4 0
-183 181 3 1
-194 164 5 0
-184 181 6 0
-174 157 5 0
-193 168 10 0
-194 168 10 0
-161 164 10 1
-188 163 8 0
-183 164 11 0
-165 180 7 0
-161 162 7 1
-161 162 6 4
-162 162 8 1
-162 162 7 1
-162 162 6 4
-164 163 8 0
-166 169 6 2
-192 151 4 1
-189 161 5 1
-168 184 6 0
-165 184 4 1
-165 180 5 0
-164 183 4 2
-165 154 8 0
-168 182 5 1
-166 180 8 0
-159 185 3 1
-200 178 8 0
-200 177 8 0
-200 178 7 0
-200 177 7 0
-199 178 8 0
-199 178 7 0
-200 179 9 0
-166 179 8 0
-164 180 7 0
-175 156 4 3
-183 168 5 2
-182 166 6 1
-182 166 7 1
-197 199 10 0
-184 165 11 0
-185 166 10 0
-185 159 8 0
-183 180 4 1
-185 159 7 1
-184 159 8 0
-165 181 7 0
-179 177 7 0
-154 188 7 0
-164 156 6 0
-198 180 7 0
-161 156 6 0
-161 155 6 0
-179 158 2 1
-183 153 11 0
-184 154 11 0
-155 159 7 1
-155 158 8 0
-155 159 8 0
-156 159 7 1
-156 158 8 0
-178 162 6 1
-180 163 6 1
-181 162 6 0
-182 161 5 0
-181 161 6 0
-156 156 7 1
-155 156 8 0
-156 156 8 0
-155 154 7 7
-174 161 4 1
-174 160 6 6
-174 160 5 7
-174 160 4 13
-172 161 7 1
-172 160 7 2
-171 160 6 6
-155 153 7 1
-155 153 8 1
-167 181 8 0
-167 181 7 0
-154 153 8 3
-166 180 7 0
-166 182 8 0
-166 181 8 0
-156 154 5 1
-155 153 5 1
-183 161 4 2
-184 161 4 1
-152 160 6 2
-152 161 6 1
-152 161 7 0
-151 160 6 0
-151 161 6 0
-154 161 6 1
-154 161 7 1
-153 160 6 1
-153 161 6 2
-153 161 7 1
-152 162 6 0
-152 162 7 0
-152 163 6 0
-152 163 7 0
-151 162 6 0
-151 162 7 0
-151 163 6 0
-151 163 7 0
-165 158 9 0
-167 158 8 0
-182 195 4 0
-182 194 4 0
-182 195 5 0
-182 194 5 0
-181 195 4 0
-181 195 5 0
-182 196 6 0
-182 196 1 1
-183 195 0 1
-183 196 0 1
-182 195 0 1
-160 162 6 1
-160 162 5 1
-160 162 4 1
-161 162 4 1
-162 162 4 1
-164 164 6 0
-163 166 4 0
-160 163 6 1
-160 163 5 1
-160 163 4 1
-161 163 4 1
-163 164 6 0
-166 163 4 1
-163 160 2 1
-169 173 5 1
-164 160 2 1
-164 159 2 1
-165 160 2 1
-162 158 4 1
-163 158 5 1
-167 160 8 1
-166 172 9 0
-165 174 6 0
-163 162 9 0
-167 171 5 1
-188 152 8 0
-189 151 7 0
-194 151 1 2
-194 151 0 3
-194 151 -1 1
-194 150 -1 1
-195 151 1 4
-195 151 0 1
-195 151 -1 1
-195 150 1 1
-195 150 0 3
-195 150 -1 1
-171 180 4 5
-164 184 4 1
-200 170 9 0
-189 151 8 0
-196 197 7 0
-188 150 8 0
-200 197 8 0
-184 164 10 0
-199 197 7 0
-200 197 7 0
-198 196 8 0
-199 196 8 0
-179 177 8 0
-200 150 0 4
-186 170 7 0
-185 155 8 0
-185 171 7 0
-184 157 6 1
-185 157 5 3
-179 164 2 1
-180 164 2 1
-174 155 2 1
-166 184 4 4
-191 150 4 1
-191 150 5 1
-183 199 4 0
-173 154 2 1
-181 184 6 0
-173 155 2 1
-200 171 10 0
-196 151 4 1
-153 184 6 0
-151 167 2 0
-152 167 3 1
-152 169 1 1
-152 168 1 1
-152 167 1 1
-152 168 2 3
-153 167 5 1
-152 169 4 1
-152 169 3 9
-152 169 2 7
-153 167 4 2
-152 168 3 5
-169 181 3 1
-169 180 5 1
-185 160 8 0
-178 158 12 0
-184 152 6 1
-189 158 6 1
-171 186 4 1
-175 160 2 1
-151 165 0 1
-186 181 5 0
-181 182 6 0
-181 182 5 0
-182 184 7 0
-185 182 6 0
-185 182 7 0
-152 158 5 5
-185 181 6 0
-185 181 7 0
-185 191 3 1
-167 171 8 0
-170 171 6 0
-167 174 6 1
-167 174 8 0
-167 174 7 0
-168 173 7 0
-182 177 3 1
-182 177 4 8
-182 177 5 1
-182 178 3 1
-182 178 4 2
-185 181 5 0
-183 181 6 0
-183 180 6 0
-183 181 7 0
-183 181 5 0
-185 181 3 1
-185 182 3 1
-184 180 3 1
-184 181 3 1
-184 182 3 1
-165 160 5 2
-183 182 3 1
-179 162 5 4
-197 166 8 0
-197 166 7 0
-196 167 6 0
-156 158 5 9
-164 158 6 0
-194 160 8 0
-192 162 9 0
-193 151 4 1
-167 156 4 3
-156 188 6 0
-169 158 3 2
-170 157 2 1
-195 152 0 1
-168 159 4 5
-167 158 5 1
-168 158 5 0
-168 158 6 0
-168 156 5 7
-183 192 5 0
-151 171 5 0
-151 170 5 0
-151 168 2 1
-152 164 2 1
-152 165 2 0
-151 163 1 1
-151 162 2 1
-151 162 1 1
-152 164 1 1
-152 163 3 1
-152 162 3 1
-151 163 2 1
-151 166 2 0
-153 165 1 1
-154 165 1 1
-152 164 4 0
-151 160 1 1
-151 161 1 1
-152 161 3 1
-151 165 2 0
-153 164 1 1
-154 164 1 1
-154 163 1 1
-154 162 1 1
-152 163 4 0
-154 162 2 1
-151 162 0 1
-152 163 5 0
-152 165 5 1
-153 162 7 1
-153 162 6 1
-153 162 5 1
-154 162 7 1
-154 162 6 1
-154 162 5 1
-152 161 4 1
-153 161 4 1
-152 162 5 0
-153 161 5 1
-152 161 5 1
-152 159 9 0
-152 161 8 0
-154 158 9 0
-155 154 11 1
-155 153 11 1
-156 154 11 1
-156 153 11 1
-157 153 11 1
-159 154 9 0
-160 154 9 0
-161 151 11 0
-161 151 10 0
-161 153 9 0
-160 151 11 0
-160 153 9 0
-157 151 9 0
-155 150 8 0
-155 150 9 0
-172 172 6 0
-172 172 5 0
-177 159 8 0
-178 160 8 0
-179 159 9 0
-178 161 7 0
-187 154 6 0
-189 155 6 1
-196 195 8 0
-169 181 4 1
-200 181 9 0
-198 182 7 0
-187 155 6 1
-165 169 8 0
-164 169 8 0
-164 183 9 0
-163 182 8 0
-164 181 6 0
-165 182 6 1
-187 160 8 0
-187 159 8 0
-196 150 3 1
-171 190 8 0
-188 168 4 1
-188 168 5 1
-186 165 6 1
-189 161 7 1
-185 165 7 1
-189 161 8 0
-173 176 7 0
-173 177 6 0
-173 177 7 0
-183 171 3 1
-152 175 3 6
-161 166 10 1
-162 165 6 7
-162 166 6 3
-166 165 8 0
-184 171 8 0
-185 171 8 0
-153 166 1 1
-163 162 11 1
-164 163 11 1
-164 162 11 1
-170 181 8 0
-179 180 8 0
-189 178 6 0
-189 178 7 0
-169 181 7 0
-164 167 0 1
-163 168 1 1
-185 166 9 0
-187 155 8 0
-187 155 9 0
-163 168 6 0
-166 185 8 0
-167 185 7 0
-181 172 8 0
-180 172 7 0
-180 172 8 0
-181 174 9 0
-161 167 4 3
-161 168 2 1
-160 167 2 1
-160 167 3 1
-151 181 7 0
-161 156 11 0
-161 156 10 0
-159 155 10 0
-161 154 9 0
-162 155 10 0
-162 155 9 0
-162 156 10 0
-161 156 9 0
-163 156 9 0
-162 156 9 0
-162 158 8 0
-162 158 10 0
-162 158 9 0
-159 158 10 0
-159 156 10 0
-152 178 5 0
-158 187 8 0
-185 182 5 0
-180 179 7 0
-190 152 0 1
-190 152 3 1
-187 166 9 0
-154 159 3 1
-154 159 2 1
-160 155 10 0
-160 155 9 0
-161 155 10 0
-161 155 9 0
-161 157 10 0
-162 157 9 0
-161 158 10 0
-159 156 9 0
-159 158 9 0
-172 193 7 0
-180 159 3 1
-164 187 3 1
-164 186 3 1
-163 186 7 0
-163 184 6 0
-163 184 5 0
-181 176 4 5
-156 161 7 1
-156 161 6 1
-157 161 7 1
-157 161 6 1
-182 195 1 1
-183 195 1 1
-161 158 8 0
-161 159 6 6
-152 175 2 1
-162 158 5 1
-162 159 5 13
-162 159 6 11
-185 150 9 0
-154 150 2 3
-154 150 3 9
-154 150 4 5
-167 179 0 1
-179 174 8 0
-175 150 5 1
-182 167 4 1
-182 167 3 1
-183 167 5 1
-183 167 4 1
-183 167 3 1
-184 167 5 1
-184 167 4 1
-184 167 3 1
-179 176 9 0
-182 176 7 0
-181 175 7 0
-181 175 8 0
-162 160 7 1
-198 150 0 4
-198 150 -1 1
-198 150 3 1
-198 150 2 1
-199 193 8 0
-177 157 12 0
-177 157 10 0
-151 186 7 0
-151 177 8 0
-152 176 5 1
-152 176 7 0
-152 176 6 0
-162 185 6 0
-166 153 7 1
-165 153 7 0
-175 180 3 1
-175 180 4 3
-166 186 3 1
-165 185 4 1
-171 178 5 2
-171 178 4 2
-171 178 3 1
-192 150 2 8
-172 178 4 2
-192 151 1 1
-192 151 2 1
-192 151 3 1
-165 173 8 0
-164 172 7 0
-164 173 8 0
-164 172 8 0
-163 173 7 0
-162 173 7 0
-166 153 6 0
-176 156 10 0
-195 151 3 1
-176 158 9 0
-181 177 4 43
-183 169 9 0
-181 181 5 1
-183 167 8 0
-186 170 3 1
-186 171 5 2
-180 177 7 0
-177 179 4 3
-162 184 5 0
-163 185 6 0
-163 185 5 0
-181 158 6 0
-182 154 7 1
-182 155 5 1
-182 155 6 1
-163 187 5 0
-166 183 8 0
-186 158 8 0
-184 157 4 1
-170 186 3 1
-170 185 3 1
-183 168 8 0
-185 169 8 0
-173 178 9 0
-182 169 8 0
-161 188 4 0
-177 156 5 1
-181 158 7 0
-182 155 8 1
-182 156 6 1
-182 156 7 1
-182 156 8 1
-180 157 7 0
-181 156 6 16
-178 154 6 1
-178 154 8 1
-179 158 9 0
-179 159 3 17
-182 157 9 0
-183 158 9 0
-185 157 9 0
-184 155 9 0
-183 155 9 0
-182 155 9 1
-183 159 8 0
-183 157 8 0
-181 158 10 0
-185 155 9 0
-184 155 8 0
-178 159 8 0
-180 160 8 0
-181 159 7 0
-181 159 8 0
-182 158 7 0
-181 158 8 0
-181 157 8 0
-180 156 8 1
-178 157 8 0
-180 158 8 0
-180 158 9 0
-181 159 3 1
-179 159 8 0
-180 159 8 0
-182 159 7 0
-182 158 8 0
-181 157 7 0
-180 157 8 0
-181 159 9 0
-182 160 8 0
-182 160 9 0
-183 159 9 0
-184 158 9 0
-172 171 4 2
-172 172 4 1
-161 152 5 0
-181 156 9 0
-182 158 9 0
-182 158 10 0
-182 158 6 0
-183 155 10 0
-182 155 10 0
-183 156 10 0
-184 157 10 0
-181 160 8 0
-194 166 6 0
-175 182 6 0
-194 162 9 1
-174 182 6 1
-175 199 7 0
-186 161 4 1
-184 156 6 4
-184 156 4 1
-185 157 4 1
-185 156 6 1
-185 156 5 5
-185 170 4 4
-185 170 5 1
-184 170 3 1
-184 170 4 3
-177 181 6 0
-176 179 6 0
-177 178 3 1
-187 157 8 0
-172 183 4 8
-172 183 3 1
-170 184 6 0
-186 150 5 1002
-186 150 6 1
-178 175 5 1
-182 151 3 1
-177 158 10 0
-179 159 12 0
-179 159 11 0
-184 165 6 2
-164 173 5 1
-177 159 12 0
-177 159 11 0
-168 164 5 1
-168 164 6 1
-176 180 6 0
-160 187 5 0
-160 188 4 0
-160 188 6 0
-183 171 6 1
-183 171 4 3
-183 173 5 1000
-154 189 6 0
-167 189 8 0
-167 189 7 0
-168 189 7 0
-170 190 5 0
-170 190 6 0
-170 190 9 0
-168 189 8 0
-193 162 6 0
-194 161 7 1
-194 161 8 1
-194 161 6 1
-151 156 2 1
-151 156 3 1000
-151 156 4 8
-192 161 5 1
-193 160 4 1
-193 161 4 1
-153 155 3 12
-153 155 4 5
-153 155 5 6
-153 151 6 2
-151 151 6 3
-151 151 5 3
-198 192 10 0
-198 192 6 0
-175 178 3 1
-151 153 1 1
-152 154 0 1
-151 154 0 1
-153 187 3 1
-154 189 3 1
-154 188 3 1
-187 169 10 0
-172 171 7 0
-171 171 7 0
-172 171 8 0
-171 171 8 0
-171 172 7 0
-172 172 8 0
-173 172 7 0
-173 173 7 0
-157 188 3 1
-157 187 3 1
-157 186 3 1
-156 187 4 1
-156 187 7 0
-156 187 6 0
-156 186 4 0
-156 186 6 0
-156 185 5 0
-158 186 4 0
-158 186 6 0
-158 186 5 0
-158 187 4 1
-158 187 6 0
-187 163 4 1
-167 167 7 1
-165 165 11 1
-188 159 7 1
-167 166 5 1
-165 167 8 0
-186 161 6 1000
-166 157 5 0
-195 162 5 1
-195 163 5 1
-152 185 6 0
-152 185 7 0
-152 185 10 0
-152 185 9 0
-151 184 7 0
-151 184 9 0
-151 184 8 0
-152 183 7 0
-152 185 8 0
-152 183 8 0
-154 184 7 0
-154 184 9 0
-154 184 8 0
-172 195 5 0
-186 160 7 1
-187 167 10 0
-186 166 10 0
-185 167 11 0
-199 185 8 0
-200 184 8 0
-199 185 7 0
-200 184 7 0
-199 184 8 0
-199 183 8 0
-199 184 7 0
-199 183 7 0
-197 184 8 0
-197 184 7 0
-199 185 9 0
-199 185 10 0
-199 185 6 0
-198 184 8 0
-198 184 7 0
-165 157 2 1
-165 156 2 1
-200 183 8 0
-200 182 8 0
-174 179 7 0
-173 178 7 0
-173 180 8 0
-173 180 9 0
-175 160 7 2
-160 167 6 1
-183 170 3 1
-184 170 5 1
-199 161 9 1
-199 162 9 1
-198 161 8 1
-198 161 9 1
-179 175 5 18
-179 175 6 1
-186 174 5 1
-186 174 4 1
-186 174 3 1
-186 173 5 1
-186 173 4 1
-186 173 3 1
-186 172 5 1
-186 172 4 2
-186 172 3 1
-184 173 6 0
-194 169 7 0
-194 169 8 0
-194 169 11 0
-194 167 10 0
-158 161 5 1
-158 160 6 1
-158 160 5 1
-159 161 7 1
-188 175 3 1
-159 161 5 1
-159 160 5 1
-160 161 7 1
-160 161 6 1
-160 161 5 1
-160 160 5 1
-159 160 6 1
-159 159 8 0
-185 150 12 0
-187 150 11 0
-187 150 10 0
-183 150 11 0
-183 150 10 0
-185 152 12 0
-185 152 11 0
-184 150 11 0
-184 151 11 0
-184 150 10 0
-184 151 10 0
-182 164 6 0
-162 183 6 0
-162 164 10 1
-165 163 7 1
-197 165 6 0
-175 183 4 1
-175 183 5 1
-175 184 4 1
-175 184 5 1
-189 155 5 1
-174 158 6 0
-174 158 3 3
-176 161 6 165
-187 154 5 1
-165 170 3 1
-190 160 6 0
-189 159 7 1
-189 159 8 0
-189 161 9 0
-197 163 6 6
-197 163 5 1
-152 186 9 0
-193 151 -1 1
-157 154 7 1
-157 154 8 1
-156 154 9 3
-157 153 9 1
-157 153 10 1
-157 154 9 1
-157 154 10 1
-156 153 9 1
-156 153 10 1
-176 182 3 1
-151 168 3 0
-151 168 4 0
-153 167 3 3
-154 166 2 1
-154 166 3 1
-154 166 4 1
-154 167 2 1
-154 167 3 1
-182 162 2 1
-182 161 2 1
-181 162 3 1
-181 162 8 0
-182 162 7 0
-182 162 6 0
-181 159 4 0
-181 162 4 0
-178 164 4 1
-178 164 3 1
-178 164 2 1
-169 150 4 1
-169 150 3 1
-179 164 3 1
-170 150 4 1
-179 163 2 1
-180 164 4 1
-164 165 10 1
-166 187 4 1
-167 187 3 1
-180 163 2 1
-182 150 3 1
-185 168 5 2
-185 168 4 1
-189 163 7 1
-189 164 5 1
-188 163 5 1
-188 164 5 2
-188 164 6 1
-187 160 7 1
-187 161 5 2
-185 161 7 1
-184 161 6 6
-164 153 2 1
-185 163 8 0
-185 163 5 2
-163 153 2 1
-164 159 6 0
-161 154 5 0
-168 186 8 0
-161 155 5 1
-166 188 7 0
-167 188 7 0
-183 164 5 1
-187 163 7 0
-188 163 6 1
-189 162 5 1
-189 162 6 1
-189 162 7 1
-172 186 5 1
-171 183 6 0
-172 182 3 1
-172 182 4 1001
-171 179 5 1
-171 179 6 1
-165 185 3 1
-165 184 3 1
-164 185 4 1
-157 187 4 1
-153 152 4 3
-153 153 3 1
-152 152 4 1
-151 151 0 1
-152 151 0 1
-153 151 0 1
-152 150 1 2
-152 150 5 1
-153 153 2 1
-154 153 4 4
-154 153 3 4
-154 153 2 1
-155 153 4 1
-155 153 3 1
-155 153 2 1
-152 152 3 1
-154 152 6 3
-154 151 6 2
-155 152 6 1
-155 151 6 1
-178 174 4 1
-179 174 6 1
-170 156 7 1
-151 179 8 0
-151 179 5 0
-151 179 4 0
-169 155 7 1
-171 155 3 1
-186 154 5 2
-189 159 6 1
-189 159 5 1
-189 159 4 1
-176 198 7 0
-172 199 6 0
-171 185 4 2
-168 185 8 0
-176 151 2 1
-163 161 7 1
-181 150 5 1
-165 160 7 1
-181 150 3 1
-185 170 6 0
-197 199 6 0
-162 166 7 2
-166 170 5 2
-192 162 7 0
-192 162 8 0
-192 162 6 0
-193 161 7 0
-166 168 6 2
-166 168 5 1
-167 170 5 1
-167 169 7 1
-192 160 8 0
-192 160 6 0
-191 159 7 0
-191 159 8 0
-173 156 2 1
-191 161 9 0
-175 158 3 3
-192 160 4 1
-192 161 4 1
-182 162 8 0
-191 160 4 1
-191 161 4 1
-163 171 8 0
-190 160 4 1
-190 161 4 1
-190 162 4 1
-185 169 5 1
-151 164 5 0
-151 164 4 0
-168 155 4 2
-169 156 6 2
-169 156 5 10
-169 156 4 7
-169 155 6 1
-168 150 8 0
-168 151 8 0
-155 156 2 1
-155 156 3 7
-155 157 2 1
-155 157 3 5
-160 155 7 0
-168 157 7 0
-156 159 13 0
-156 159 12 0
-155 157 10 0
-151 185 11 0
-151 185 10 0
-165 155 8 0
-166 154 7 0
-165 155 7 0
-168 158 4 1
-167 158 7 1
-165 156 8 0
-162 156 7 0
-167 186 7 0
-167 186 8 0
-159 184 6 0
-159 184 9 0
-183 176 4 34
-183 176 5 1
-159 182 8 0
-159 182 7 0
-160 184 8 0
-168 156 3 1
-185 155 7 0
-169 156 7 1
-186 154 7 0
-186 154 6 0
-187 155 4 1
-163 152 1 1
-163 151 1 1
-163 150 1 1
-164 152 1 1
-164 151 1 1
-164 150 1 1
-165 152 1 1
-184 191 6 0
-183 191 6 0
-184 191 5 0
-172 158 2 1
-172 159 2 1
-179 176 7 0
-179 176 8 0
-163 170 8 0
-185 168 3 1
-152 178 6 0
-153 178 6 0
-152 178 7 0
-179 173 5 1
-151 177 7 0
-194 163 5 1
-175 158 11 0
-174 158 10 0
-174 158 12 0
-153 176 5 1
-197 150 0 4
-186 154 4 1
-185 154 4 1
-183 177 4 3
-193 150 -1 1
-198 199 8 0
-188 166 4 1
-189 168 6 1
-168 156 7 1
-171 192 7 0
-158 185 4 0
-160 189 4 0
-153 177 6 0
-152 177 7 0
-152 177 5 0
-151 177 5 0
-195 164 8 0
-194 165 6 0
-171 185 5 1
-173 154 11 0
-181 179 8 0
-181 178 9 0
-181 178 8 0
-197 198 7 0
-182 179 8 0
-166 184 8 0
-161 186 8 0
-167 184 8 0
-167 183 7 0
-167 185 8 0
-166 185 7 0
-194 163 8 1
-194 163 6 0
-195 162 7 6
-196 161 6 1
-196 161 7 1
-196 161 8 1
-198 175 9 0
-196 174 7 0
-189 154 7 0
-166 165 4 1
-165 165 4 1
-165 165 6 4
-163 166 5 0
-163 167 6 0
-162 167 5 1
-162 166 3 1
-195 170 10 0
-195 170 9 0
-191 178 7 0
-162 166 2 1
-161 166 2 1
-161 166 3 1
-161 166 4 2
-184 175 5 1
-179 179 3 1
-179 162 11 0
-162 173 2 1
-161 172 3 1
-161 169 3 0
-168 179 6 0
-169 179 7 0
-185 168 6 0
-170 176 6 0
-170 176 7 0
-170 176 5 0
-168 177 6 0
-169 177 7 0
-170 178 5 0
-167 178 6 0
-168 179 5 1
-169 176 6 0
-168 176 6 0
-168 177 5 0
-169 178 8 0
-169 178 5 0
-169 178 4 0
-167 179 6 0
-189 166 5 1
-182 175 8 0
-166 179 5 0
-167 181 5 1
-153 185 8 0
-154 187 7 0
-154 187 9 0
-154 187 8 0
-153 186 8 0
-151 187 7 0
-151 187 9 0
-151 187 8 0
-151 185 9 0
-167 179 2 1
-167 178 2 1
-167 177 2 1
-168 179 2 1
-168 178 2 1
-168 177 2 1
-169 179 2 1
-169 178 2 1
-169 177 2 1
-168 178 3 2
-167 177 6 0
-167 176 5 0
-168 176 5 0
-166 178 5 0
-167 150 4 1
-178 161 11 0
-177 162 11 0
-178 161 10 0
-177 162 10 0
-178 162 11 0
-189 168 3 1
-173 155 4 3
-172 158 6 0
-173 196 9 0
-173 158 5 0
-174 161 3 1
-174 160 3 1
-174 159 3 1
-172 159 6 0
-200 168 9 0
-197 169 8 0
-165 156 7 0
-166 156 7 0
-166 156 8 0
-164 156 7 0
-164 155 7 0
-164 156 8 0
-164 155 8 0
-198 199 7 0
-172 197 7 0
-158 189 5 0
-183 164 10 0
-156 189 6 0
-199 150 -1 1
-199 150 0 5
-183 166 5 2
-176 179 5 1
-176 179 4 5
-176 179 3 1
-183 164 7 1
-163 180 7 0
-185 167 5 1
-167 157 7 0
-167 157 6 1
-166 158 6 1
-181 179 4 13
-181 179 5 1
-156 198 6 0
-200 161 6 1
-165 185 5 1
-196 164 7 0
-196 165 6 0
-195 165 8 0
-196 165 7 0
-194 166 7 0
-193 165 6 0
-193 165 8 0
-193 165 7 0
-157 157 7 0
-169 180 4 1
-169 180 3 1
-160 187 6 0
-175 159 11 0
-175 159 12 0
-185 163 6 1
-182 157 3 1
-177 179 7 0
-187 177 7 0
-171 159 2 1
-171 158 2 1
-171 157 2 1
-170 158 3 2
-170 158 7 0
-170 158 6 0
-169 157 5 1
-167 155 5 10
-172 157 3 1
-163 161 3 1
-163 160 5 2
-163 160 3 1
-163 159 3 1
-164 161 5 4
-164 161 3 1
-164 160 3 1
-165 161 3 1
-154 168 5 1
-154 168 6 1
-154 169 5 1
-154 169 6 1
-153 167 6 1
-182 172 8 0
-196 187 8 0
-199 186 8 0
-200 185 8 0
-181 173 8 0
-183 172 8 0
-184 172 8 0
-183 171 8 0
-163 167 3 0
-169 158 5 1
-170 158 5 0
-169 158 6 0
-170 155 4 1
-189 153 5 2
-189 151 5 1
-189 151 6 1
-165 159 4 3
-169 151 11 0
-162 156 2 1
-175 156 3 1
-182 165 5 1
-184 166 10 0
-182 166 11 0
-182 162 11 0
-182 162 10 0
-183 162 10 0
-170 180 7 0
-196 174 6 0
-194 174 7 0
-165 153 5 0
-175 181 8 0
-165 153 9 0
-163 151 8 0
-164 152 8 0
-163 151 7 0
-176 154 3 1
-162 166 9 1
-161 161 5 1
-182 196 0 1
-183 195 4 0
-184 196 5 0
-184 196 4 0
-180 196 5 0
-167 164 8 1
-166 164 8 1
-164 162 6 1
-163 161 6 1
-163 163 10 1
-172 156 5 9
-162 162 11 1
-160 163 7 1
-162 161 8 0
-163 164 9 1
-167 161 8 1
-166 153 4 1
-199 184 6 0
-199 184 10 0
-183 152 4 1
-198 183 7 0
-198 182 8 0
-198 183 8 0
-199 182 7 0
-199 182 8 0
-200 183 7 0
-171 150 2 1
-171 182 5 1
-166 156 2 1
-165 179 7 0
-165 178 7 0
-168 186 5 1
-168 183 5 1
-168 183 6 0
-168 183 4 2
-166 182 5 1
-166 182 4 2
-166 184 7 0
-165 157 3 6
-165 155 6 0
-175 196 8 0
-174 196 7 0
-162 187 5 0
-161 187 6 0
-161 187 4 0
-157 187 6 0
-165 169 11 1
-186 167 11 0
-179 164 4 1
-197 187 7 0
-198 188 9 0
-198 188 10 0
-175 155 4 6
-199 150 2 1
-193 163 9 0
-191 165 6 0
-191 165 7 0
-193 164 5 0
-193 164 9 0
-194 161 5 1
-183 176 6 0
-184 175 3 1
-183 187 5 0
-184 188 7 0
-166 181 9 0
-164 180 8 0
-190 154 6 1
-163 155 7 0
-163 155 8 0
-166 155 7 0
-170 179 4 1
-167 154 7 1
-164 153 7 0
-163 153 7 0
-194 152 0 1
-192 152 3 1
-192 152 2 1
-157 153 7 1
-166 160 4 2
-188 150 7 0
-185 166 8 0
-186 167 10 0
-185 168 11 0
-187 168 10 0
-187 167 11 0
-187 168 11 0
-181 178 6 1
-152 171 1 1
-172 152 13 0
-157 158 8 0
-163 171 4 1000
-160 171 3 2
-160 170 2 1
-181 162 11 0
-159 170 2 1
-159 170 3 1
-159 170 4 1
-163 165 7 0
-165 166 5 4
-168 165 5 1
-166 166 8 0
-159 172 3 1
-175 155 3 2
-175 154 5 1
-190 165 7 0
-190 164 7 0
-190 164 6 0
-191 163 9 0
-191 163 5 0
-189 165 7 0
-190 165 6 0
-190 163 9 0
-190 163 5 0
-189 165 6 0
-189 163 9 0
-188 164 7 0
-188 166 7 0
-188 164 8 0
-188 164 9 0
-195 167 6 0
-193 165 5 0
-188 168 7 1
-194 165 5 0
-189 163 4 1
-193 165 9 0
-194 165 9 0
-188 163 4 1
-188 164 4 1
-186 157 6 1000
-169 154 5 1
-169 154 6 1
-168 154 4 1
-167 154 4 7
-169 154 3 1
-168 154 3 1
-167 154 3 1
-167 155 3 1
-168 158 7 0
-168 158 3 2
-169 157 2 1
-169 158 2 1
-169 159 2 1
-168 157 2 1
-168 158 2 1
-185 178 6 0
-178 182 6 1
-185 179 5 0
-184 178 6 0
-184 178 7 0
-183 179 6 0
-183 178 6 0
-183 179 7 0
-184 180 7 0
-182 175 5 1000
-200 169 9 0
-181 195 1 1
-156 180 12 0
-179 174 3 1
-156 181 12 0
-186 167 8 0
-155 180 12 0
-186 165 8 0
-155 181 12 0
-183 165 8 0
-184 166 9 0
-176 159 12 0
-182 173 7 0
-183 174 8 0
-183 174 7 0
-182 174 8 0
-163 157 8 0
-189 157 5 1
-181 196 1 1
-182 157 2 1
-180 159 5 0
-198 171 9 0
-168 174 7 0
-169 173 7 0
-168 172 6 0
-168 172 8 0
-168 172 7 0
-174 197 8 0
-179 162 7 0
-179 160 8 0
-179 160 9 0
-169 172 7 0
-169 172 8 0
-169 172 6 0
-169 174 7 1
-169 173 8 0
-169 173 6 0
-171 174 7 0
-171 174 8 0
-171 174 6 0
-172 173 6 0
-173 172 6 0
-172 171 6 0
-171 170 6 1
-169 171 7 0
-169 171 8 0
-171 172 9 0
-171 172 6 0
-171 172 5 0
-151 172 0 1
-151 174 1 1
-152 174 1 1
-153 174 1 1
-152 174 4 8
-166 161 8 0
-163 159 5 3
-181 160 6 0
-183 160 3 1
-178 161 6 0
-165 159 9 0
-200 162 7 5
-200 162 6 5
-183 171 10 0
-183 171 9 0
-181 169 7 0
-181 170 8 0
-181 169 8 0
-182 170 8 0
-183 169 8 0
-183 170 8 0
-189 155 4 1
-198 188 7 0
-198 189 7 0
-198 188 8 0
-190 170 11 0
-168 151 4 1
-162 174 4 0
-162 174 5 0
-166 172 4 7
-167 171 3 1
-167 171 4 1
-167 172 3 1
-167 172 4 2
-167 172 5 1
-166 171 3 1
-166 171 4 4
-166 171 5 4
-167 172 2 1
-167 173 2 1
-167 174 2 1
-166 172 2 1
-166 172 3 3
-165 172 2 1
-164 172 4 1000
-163 173 4 0
-163 173 5 0
-164 174 1 2
-175 181 6 0
-182 150 6 1
-182 151 5 1
-160 175 2 1
-160 175 3 1
-160 175 4 1
-163 175 3 0
-164 176 3 0
-164 172 5 1
-164 172 3 1
-171 160 5 6
-163 172 5 0
-163 172 3 1
-167 150 5 6
-185 150 8 0
-178 178 8 0
-181 199 4 0
-180 199 5 0
-168 150 6 1
-176 160 8 1
-177 161 9 1
-175 159 9 1
-183 198 5 0
-182 198 4 0
-163 169 10 1
-162 167 8 1
-162 169 8 0
-162 169 7 0
-162 172 6 0
-162 172 8 0
-165 173 6 0
-162 171 6 0
-164 172 9 0
-162 172 7 0
-166 173 6 0
-163 173 6 0
-165 172 9 0
-163 172 6 0
-167 172 9 0
-170 171 5 1
-165 172 6 0
-165 172 7 0
-168 173 3 1
-168 172 3 1
-168 171 3 1
-169 173 3 1
-169 172 3 1
-169 171 3 1
-168 172 4 1
-171 171 5 1
-167 175 7 1
-167 175 6 1
-168 175 7 1
-168 175 6 1
-169 175 7 1
-169 175 6 1
-166 174 6 0
-168 172 5 0
-168 172 9 0
-167 173 7 0
-166 172 8 0
-166 172 7 0
-176 150 1 1
-175 199 6 0
-179 160 2 1
-161 155 8 0
-161 155 7 0
-162 156 6 0
-162 156 8 0
-153 155 8 0
-154 157 8 0
-163 157 6 0
-162 157 6 0
-162 158 6 1
-162 158 7 1
-160 160 7 1
-160 160 6 2
-161 159 8 0
-161 158 7 1
-159 159 6 31
-159 159 5 33
-159 158 6 4
-159 158 5 4
-160 159 6 4
-160 159 5 15
-160 158 5 1
-160 158 6 1
-190 163 7 0
-189 163 8 0
-190 161 7 0
-190 161 8 0
-190 161 6 0
-199 170 7 0
-199 170 6 0
-188 159 6 1
-188 161 9 0
-171 181 6 0
-172 181 8 0
-172 181 7 0
-171 181 7 0
-171 183 8 0
-161 158 4 1
-161 159 4 2
-161 160 4 1
-186 170 5 1
-173 153 8 1
-173 153 9 0
-173 153 7 1
-173 151 8 0
-171 151 9 0
-171 153 10 0
-171 153 6 1
-172 152 5 1
-172 153 5 1
-170 154 5 1
-153 153 8 1
-153 154 9 1
-154 156 9 0
-182 173 4 3
-182 173 5 1
-182 173 6 1
-181 172 4 2
-181 172 5 3
-181 172 6 1
-180 172 4 1
-180 172 5 1
-180 172 6 1
-187 166 12 0
-187 165 11 0
-187 165 10 0
-174 170 7 0
-173 170 7 0
-173 170 8 0
-173 171 7 0
-173 171 8 0
-175 171 7 0
-175 172 7 0
-175 171 8 0
-175 172 8 0
-173 168 7 0
-173 169 8 0
-173 169 7 0
-175 170 9 0
-175 170 5 1
-176 171 4 1
-175 171 4 1
-174 169 4 1
-174 170 4 1
-174 171 4 1
-184 172 5 1
-168 173 10 0
-169 173 11 0
-170 174 10 0
-169 174 10 0
-170 174 11 0
-164 160 5 5
-164 160 9 0
-163 159 7 1
-175 155 5 6
-184 158 7 1
-185 158 7 1
-186 160 8 0
-193 175 8 0
-171 195 8 0
-156 188 5 0
-152 181 5 0
-162 157 2 1
-162 159 4 3
-162 160 4 1
-196 163 5 1
-195 161 5 1
-177 160 2 1
-197 198 8 0
-198 198 7 0
-173 159 7 1
-199 198 8 0
-195 152 1 1
-173 155 5 1
-186 164 11 0
-178 177 4 18
-178 177 5 1
-176 155 2 1
-152 174 5 1
-166 168 7 1
-194 150 0 4
-168 170 5 1
-168 169 7 1
-168 169 6 1
-167 170 6 5
-155 189 6 0
-164 166 11 1
-163 165 11 1
-163 166 11 1
-164 166 6 0
-164 166 5 1
-182 175 3 1
-182 175 4 6
-188 163 7 0
-177 160 11 0
-180 171 3 1
-165 179 8 0
-165 178 8 0
-186 160 6 1
-186 160 5 3
-170 181 9 0
-170 180 6 1
-154 164 2 1
-154 163 2 1
-153 164 3 4
-153 165 5 1
-153 165 4 1
-153 165 3 1
-154 165 5 1
-154 165 4 1
-154 165 3 1
-154 164 5 1
-154 164 4 1
-154 164 3 1
-154 163 5 1
-154 163 4 1
-167 162 6 2
-167 162 5 1
-151 166 3 0
-151 166 4 0
-164 177 0 1
-164 178 0 1
-172 177 4 1
-187 151 8 0
-187 150 7 0
-187 151 7 0
-188 151 8 0
-189 157 7 1
-188 151 7 0
-189 152 8 0
-187 154 9 0
-187 154 8 0
-185 153 8 0
-187 152 8 0
-186 155 4 1
-198 165 8 0
-198 165 6 0
-200 150 2 1
-189 161 4 1
-168 185 7 0
-182 172 5 4
-182 172 4 4
-182 174 5 1000
-182 174 4 1
-182 174 3 1
-183 174 5 1
-183 174 4 6
-183 174 3 1
-182 175 6 0
-184 178 5 1
-184 178 4 2
-184 178 3 1
-184 177 5 1
-169 187 8 0
-169 187 7 0
-152 159 3 1
-152 159 2 1
-153 159 4 2
-153 159 3 1
-153 159 2 1
-151 157 5 1
-167 156 2 1
-166 157 3 2
-166 155 3 1
-167 161 3 1
-162 160 3 1
-162 159 3 1
-162 158 3 1
-176 158 8 0
-163 167 10 2
-190 151 2 1
-170 153 13 0
-171 151 10 0
-159 187 6 0
-199 184 9 0
-183 165 10 0
-185 175 7 0
-181 171 6 1
-181 171 5 1
-181 171 4 1
-171 150 3 1
-180 199 4 0
-182 199 5 0
-179 163 3 2
-178 163 4 1
-180 162 3 1
-180 162 4 1
-180 162 5 1
-181 160 4 0
-173 155 3 1
-175 161 2 1
-168 160 8 1
-168 160 6 3
-173 156 3 2
-173 157 3 1
-170 157 5 0
-168 157 3 1
-171 158 7 0
-176 160 3 2
-174 180 7 0
-174 182 7 0
-183 151 6 1
-194 162 6 1
-165 158 2 1
-163 157 5 0
-164 158 5 0
-165 158 6 0
-163 157 2 1
-164 158 2 1
-170 190 7 0
-166 152 6 0
-167 150 7 1
-167 150 8 0
-183 166 10 0
-183 166 11 0
-184 167 11 0
-185 167 10 0
-185 168 10 0
-194 160 5 1
-173 196 7 0
-165 157 7 0
-165 158 7 0
-175 176 5 1
-175 176 4 1
-176 176 6 1
-176 176 5 1
-176 176 4 1
-173 178 4 2
-157 188 4 0
-166 162 5 1
-166 162 6 4
-166 162 7 3
-165 162 5 1
-164 163 7 0
-166 154 8 0
-168 186 3 1
-168 187 4 1
-168 187 5 1
-167 186 3 1
-167 187 4 1
-167 187 5 1
-171 186 3 1
-158 187 7 0
-171 186 5 1
-200 181 6 0
-151 169 0 1
-158 157 5 0
-158 157 6 0
-158 157 9 0
-158 155 8 0
-158 156 8 0
-158 155 7 0
-159 156 8 0
-159 156 7 0
-160 157 8 0
-159 157 8 0
-156 158 7 1
-160 157 7 1
-159 157 7 0
-159 158 8 0
-181 174 3 1
-159 159 7 1
-158 159 8 0
-158 158 8 0
-153 170 1 1
-153 169 1 1
-152 170 2 6
-179 163 7 0
-181 163 7 0
-178 157 9 0
-177 156 9 0
-178 155 6 0
-176 156 9 0
-176 155 9 0
-177 154 8 0
-177 154 7 0
-178 155 7 0
-176 153 7 0
-168 184 5 1000
-175 152 7 0
-175 155 9 0
-173 151 7 0
-175 153 9 0
-152 195 7 0
-173 180 5 1
-183 167 7 1
-183 166 4 1
-183 165 6 1
-178 175 6 1
-177 175 4 1
-177 175 5 1
-177 175 6 1
-182 188 3 0
-182 188 4 0
-182 188 7 0
-181 187 6 0
-181 187 5 0
-182 186 6 0
-182 187 6 0
-193 166 7 0
-191 164 7 0
-181 176 3 1
-168 178 5 0
-168 178 7 0
-168 178 6 0
-170 178 4 1
-182 161 6 0
-180 160 6 0
-176 180 8 0
-181 163 6 0
-182 160 6 0
-182 160 5 0
-180 161 8 0
-185 151 8 0
-179 161 7 0
-182 163 7 0
-182 161 7 0
-182 160 7 0
-181 160 7 0
-179 160 7 0
-151 163 0 1
-153 164 2 4
-153 163 2 20
-164 151 6 0
-164 151 5 0
-185 163 4 1
-186 163 4 1
-185 164 5 2
-185 164 8 0
-169 177 6 0
-169 159 7 1
-170 159 4 1
-170 159 3 1
-169 159 3 1
-184 170 8 0
-190 170 9 0
-190 169 9 0
-165 156 4 0
-190 170 10 0
-172 184 5 1
-172 184 4 5
-172 184 3 1
-166 150 6 0
-170 150 12 0
-172 196 8 0
-172 196 7 0
-174 196 6 0
-166 152 5 1
-169 183 6 1
-167 152 6 4
-167 152 5 9
-168 152 7 1
-168 152 6 1
-168 152 5 1
-166 154 6 1
-166 155 6 0
-154 190 5 0
-153 189 4 0
-153 189 6 0
-173 157 5 1
-199 177 8 0
-173 157 7 1
-192 175 7 0
-170 178 6 0
-172 176 7 0
-193 174 8 0
-172 176 6 0
-164 173 0 1
-163 173 0 1
-168 150 4 1
-164 161 8 0
-178 177 7 0
-177 177 7 0
-175 182 4 5
-175 182 3 1
-168 184 4 1
-178 150 2 1
-182 150 4 1
-182 150 5 1
-192 168 12 0
-182 151 4 1
-165 164 8 0
-160 174 3 1
-160 174 4 1
-173 161 7 1
-173 160 7 2
-166 179 2 1
-166 178 2 1
-166 177 2 1
-167 178 3 1
-166 176 4 1
-166 176 6 0
-166 177 5 0
-166 175 3 1
-166 174 5 1
-166 174 4 6
-166 174 3 2
-167 175 3 1
-167 174 5 1
-167 174 4 1
-167 174 3 1
-168 175 4 2
-200 165 9 0
-200 165 5 0
-180 157 3 1
-180 156 5 1
-180 156 4 1
-180 156 3 1
-178 158 5 0
-178 158 4 2
-179 159 5 0
-177 157 2 1
-199 186 7 0
-168 175 5 1
-168 176 3 1
-165 177 1 1
-163 176 4 0
-172 181 9 0
-172 179 7 0
-173 179 7 0
-173 180 7 0
-173 182 6 0
-173 182 7 0
-172 183 6 0
-198 161 5 1
-198 161 6 1
-198 161 7 1
-199 165 4 3
-200 164 3 1
-200 165 3 1
-183 157 7 1
-200 166 3 1
-199 164 3 1
-199 165 3 1
-199 166 3 1
-198 164 3 1
-176 159 6 0
-184 158 4 1
-177 166 9 0
-177 166 11 0
-177 166 10 0
-174 165 7 1
-174 164 9 1
-174 163 9 1
-176 165 10 0
-176 165 9 0
-186 161 5 3
-188 159 8 0
-191 162 8 0
-191 162 7 0
-151 175 3 1
-151 175 2 1
-151 175 1 1
-190 163 6 0
-161 157 9 0
-151 173 0 1
-189 162 8 0
-164 161 7 0
-151 170 2 1
-152 175 1 1
-153 175 1 1
-151 173 4 0
-180 162 2 1
-172 194 6 0
-167 163 5 1
-166 164 6 6
-165 165 8 0
-194 160 6 0
-191 163 8 0
-191 163 6 0
-192 166 9 0
-192 167 9 0
-181 180 7 0
-188 167 9 0
-188 167 8 0
-189 168 9 0
-188 168 9 0
-163 166 8 1
-157 185 7 0
-181 181 4 1
-181 181 3 1
-179 175 4 37
-179 176 5 1
-179 176 4 20
-179 176 3 1
-176 160 4 8
-180 176 4 2
-180 176 3 1
-181 180 3 1
-178 178 3 1
-178 178 4 4
-177 158 11 0
-177 176 6 1
-177 176 5 2
-179 178 4 5
-185 159 4 1
-184 157 5 1
-183 179 5 1
-183 180 3 1
-183 180 5 1
-182 177 6 0
-177 159 13 0
-177 159 9 0
-180 160 10 0
-180 159 11 0
-180 159 10 0
-178 160 13 0
-179 164 10 0
-179 164 11 0
-181 164 10 0
-176 158 12 0
-176 158 10 0
-186 155 7 0
-185 156 7 1
-188 160 8 0
-185 155 4 1
-185 155 5 3
-185 155 6 1
-184 155 4 1
-184 155 5 1
-184 155 6 1
-180 178 5 1
-180 179 3 1
-180 180 3 1
-157 153 8 1
-167 171 6 1
-181 156 3 1
-157 154 6 1
-181 156 4 1
-181 156 5 1
-181 158 5 1
-179 155 5 3
-180 154 4 1
-180 154 5 1
-180 154 6 1
-180 155 4 3
-180 155 5 4
-180 155 6 18
-179 154 4 1
-179 154 5 1
-179 154 6 1
-179 155 4 3
-180 154 3 1
-156 150 1 1
-153 150 0 1
-152 150 0 1
-151 150 0 1
-153 151 2 1
-156 150 5 1
-171 154 6 1
-172 157 8 0
-172 157 6 1
-174 157 7 0
-174 157 8 0
-174 157 6 0
-175 157 7 0
-175 157 8 0
-175 157 6 0
-176 155 7 1
-176 155 6 1
-174 155 6 1
-174 155 5 6
-185 185 6 0
-185 185 5 0
-171 157 5 1
-171 157 6 1
-184 184 7 0
-174 158 7 0
-176 157 7 0
-183 183 6 0
-183 183 7 0
-183 183 5 0
-176 156 6 0
-176 154 7 1
-175 153 5 1
-174 153 5 1
-173 154 6 1
-183 185 8 0
-183 185 5 0
-183 185 4 0
-183 185 6 0
-185 184 6 0
-185 184 7 0
-185 184 5 0
-184 183 6 0
-184 182 6 0
-184 182 7 0
-184 182 5 0
-183 182 6 0
-183 182 7 0
-183 182 5 0
-182 183 6 0
-182 182 6 0
-182 182 7 0
-182 182 5 0
-183 184 7 0
-183 184 8 0
-183 184 4 0
-184 180 6 0
-185 180 6 0
-185 180 7 0
-185 180 5 0
-184 179 6 0
-184 179 7 0
-184 179 5 0
-182 180 6 0
-182 180 7 0
-184 181 7 0
-184 181 8 0
-184 181 4 1
-185 180 3 1
-171 153 11 0
-171 153 12 0
-196 175 5 0
-169 152 13 0
-175 158 7 0
-176 158 6 0
-176 157 6 0
-177 156 6 0
-163 159 8 0
-175 156 8 0
-175 156 5 1
-174 156 5 1
-175 154 2 1
-175 155 2 1
-174 154 2 1
-170 155 7 1
-171 157 7 1
-171 156 7 3
-169 152 12 0
-171 156 6 5
-169 151 13 0
-169 151 12 0
-165 187 3 1
-166 187 3 1
-162 164 8 4
-162 160 8 0
-190 178 8 0
-191 175 8 0
-191 175 6 0
-190 174 8 0
-189 175 8 0
-190 176 9 0
-190 176 5 0
-160 157 5 0
-167 188 8 0
-160 158 4 3
-160 160 4 1
-160 159 4 17
-165 186 3 1
-164 156 3 1
-163 155 9 0
-162 155 2 1
-162 154 2 1
-159 168 4 1
-183 187 6 0
-181 188 7 0
-181 186 5 0
-181 186 7 0
-180 186 6 0
-181 186 6 0
-153 174 4 1
-190 153 4 1
-190 152 6 1
-190 152 5 1
-190 152 4 1
-170 188 7 0
-170 154 12 0
-170 152 11 0
-170 152 13 0
-170 152 12 0
-195 159 8 1
-171 151 14 0
-172 150 3 1
-195 160 7 1
-194 164 6 0
-194 164 8 0
-194 164 7 0
-192 164 6 0
-192 164 8 0
-180 180 6 1
-180 181 4 1
-180 181 5 1
-181 177 3 1
-180 178 6 0
-177 177 5 2
-177 177 6 1
-177 178 6 1
-177 177 3 1
-176 177 3 1
-175 177 3 1
-194 162 4 1
-194 161 4 1
-151 198 31 0
-151 198 32 0
-151 198 30 0
-152 196 31 0
-152 196 32 0
-152 196 30 0
-151 195 30 0
-180 178 8 0
-180 178 9 0
-180 179 8 0
-179 178 9 0
-179 179 8 0
-173 177 8 0
-151 199 31 0
-151 199 32 0
-151 199 30 0
-152 197 31 0
-155 189 4 0
-182 168 7 0
-182 168 8 0
-156 188 4 0
-155 187 5 0
-156 186 5 0
-155 188 3 1
-155 187 3 1
-154 188 4 1
-193 168 9 0
-194 168 9 0
-187 162 5 1
-177 183 3 1
-179 180 4 8
-179 180 5 3
-179 180 6 1
-179 181 4 1
-179 181 5 1
-170 155 5 1
-170 155 6 1
-170 156 4 7
-170 156 5 7
-179 161 8 0
-179 161 9 0
-179 161 12 0
-176 156 11 0
-177 156 11 0
-175 156 10 0
-175 156 9 0
-192 163 4 1
-193 163 4 1
-192 162 5 1
-181 179 3 1
-175 159 10 0
-181 178 3 1
-176 159 11 0
-186 168 5 2
-177 158 2 1
-154 189 5 0
-176 160 11 0
-179 181 6 1
-200 174 6 0
-200 175 6 0
-199 174 6 0
-184 174 3 1
-185 166 5 1
-155 150 5 1
-154 150 5 2
-153 150 5 1
-155 150 1 1
-154 150 1 1
-153 150 1 1
-160 151 5 0
-198 177 8 0
-198 177 7 0
-198 165 3 1
-198 166 3 1
-179 182 6 1
-181 194 1 1
-179 182 4 1
-182 194 1 1
-183 196 1 1
-153 189 5 0
-152 190 6 1
-182 195 2 1
-182 195 7 0
-182 195 6 0
-181 193 4 0
-181 194 4 0
-181 193 5 0
-181 194 5 0
-182 193 4 0
-182 193 5 0
-183 193 4 0
-183 194 4 0
-167 167 4 1
-167 167 3 1
-162 170 6 0
-161 168 4 1
-161 168 6 5
-161 168 5 3
-160 167 7 1
-153 159 5 1
-153 159 6 1
-152 159 5 3
-152 159 6 2
-151 160 4 0
-184 153 11 0
-183 152 11 0
-168 161 7 1
-171 156 3 1
-171 183 7 0
-170 181 7 0
-166 161 7 2
-186 168 7 0
-187 169 4 1
-187 169 5 1
-184 167 6 1
-183 167 6 1
-182 167 6 1
-186 150 3 1
-173 197 7 0
-168 160 5 1
-168 159 5 11
-165 168 7 1
-181 151 3 1
-181 151 2 1
-181 151 1 1
-189 152 4 1
-160 167 5 2
-175 198 8 0
-172 198 6 0
-172 198 8 0
-172 198 7 0
-165 166 4 2
-174 199 7 0
-174 199 5 0
-174 199 9 0
-160 170 7 1
-166 174 7 0
-189 163 6 1
-189 163 5 1
-197 150 3 1
-171 150 4 1
-172 150 1 1
-171 150 1 1
-170 150 1 1
-172 150 5 1
-171 150 5 1
-170 150 5 1
-182 169 5 1
-182 169 6 1
-181 169 4 1
-181 169 5 1
-192 162 4 1
-177 158 5 1
-158 185 5 0
-160 186 4 1
-166 156 5 0
-191 159 6 0
-179 162 4 3
-167 168 7 1
-167 169 5 1
-163 161 8 0
-186 167 4 1
-176 157 3 3
-177 159 5 1
-180 161 10 0
-172 154 5 1
-153 167 1 1
-184 191 4 1
-185 191 5 1
-181 173 4 3
-181 173 6 1
-183 177 3 1
-151 185 8 0
-152 184 8 0
-152 184 9 0
-152 184 7 0
-178 160 10 0
-182 163 6 0
-165 165 3 1
-165 159 2 1
-166 159 2 1
-184 163 4 1
-183 163 6 1
-183 163 7 1
-181 161 8 0
-181 161 7 0
-153 176 3 1
-184 163 11 0
-184 165 12 0
-184 165 9 0
-184 165 8 0
-170 160 4 6
-167 159 5 10
-165 160 3 1
-165 159 3 1
-165 158 3 3
-167 160 3 1
-186 166 11 0
-185 162 7 1
-185 161 6 1000
-187 166 11 0
-187 164 10 0
-186 165 11 0
-179 161 3 2
-185 164 10 0
-187 150 6 1
-185 166 12 0
-186 151 6 1
-186 152 6 1
-165 152 5 0
-186 151 5 1002
-168 157 4 1
-167 157 4 1
-180 154 8 1
-180 155 8 1
-179 154 8 1
-181 157 9 0
-184 159 9 0
-184 157 8 0
-184 157 9 0
-184 156 8 0
-184 156 9 0
-183 155 8 0
-183 157 9 0
-183 157 10 0
-171 150 10 0
-177 159 7 0
-178 159 7 0
-180 159 7 0
-180 158 6 0
-180 158 7 0
-178 156 7 0
-178 158 7 0
-178 158 8 0
-177 158 7 0
-179 158 7 0
-179 159 7 0
-170 161 7 1
-170 160 7 1
-165 182 3 1
-165 181 5 1
-158 182 12 0
-158 183 12 0
-157 182 12 0
-157 183 12 0
-160 158 8 0
-198 155 5 1
-163 179 7 0
-190 153 6 1
-185 190 5 1
-185 191 4 1
-173 158 2 1
-172 157 4 0
-172 157 2 1
-156 186 9 0
-156 186 7 0
-188 170 5 1
-199 165 9 0
-199 165 5 0
-182 176 9 0
-181 176 9 0
-182 175 9 0
-151 171 4 0
-151 172 4 0
-151 173 2 0
-153 186 4 1
-152 187 5 0
-153 188 7 0
-159 157 5 1
-159 157 6 0
-159 157 9 0
-159 155 8 0
-159 155 7 0
-163 161 5 1
-165 160 6 1
-166 159 6 5
-166 159 4 3
-153 171 1 1
-169 159 4 1
-158 153 5 0
-158 153 6 0
-158 153 9 0
-169 174 11 0
-170 175 10 0
-170 175 11 0
-171 174 10 0
-171 174 11 0
-172 174 11 0
-171 173 10 0
-171 173 11 0
-170 171 10 0
-200 150 8 1
-164 173 6 0
-164 173 9 0
-163 172 8 0
-162 171 7 0
-157 159 6 16
-157 159 7 1
-158 160 7 1
-172 161 8 1
-171 160 8 1
-171 161 8 1
-173 159 8 0
-171 159 5 1
-173 160 8 2
-173 161 8 1
-173 160 9 1
-173 161 9 1
-175 159 8 0
-174 158 8 0
-174 158 9 0
-153 162 2 1
-153 162 3 1
-153 163 1 1
-153 163 3 24
-154 157 2 1
-167 152 7 1
-170 171 11 0
-169 171 10 0
-169 172 11 0
-169 172 10 0
-170 173 12 0
-170 173 9 0
-168 174 10 0
-167 174 10 0
-168 174 11 0
-167 174 11 0
-161 156 8 0
-161 156 7 0
-161 157 8 0
-161 157 7 0
-161 160 7 1
-168 164 7 1
-166 155 5 1
-200 159 5 1
-168 150 5 1
-181 199 0 1
-181 198 0 1
-182 199 0 1
-182 198 0 1
-183 199 0 1
-183 198 0 1
-182 199 1 1
-162 188 6 0
-162 186 5 0
-179 174 7 0
-179 175 8 0
-151 155 4 1
-151 155 3 14
-152 155 5 1
-151 158 5 1
-152 158 3 14
-197 166 6 0
-162 165 10 1
-164 162 7 0
-179 158 4 5
-158 186 8 0
-180 171 6 1
-180 171 5 1
-180 171 4 1
-166 165 7 1
-166 165 6 5
-166 165 5 3
-167 166 7 1
-167 166 6 2
-182 173 8 0
-153 168 6 1
-153 169 5 1
-153 169 6 1
-154 169 1 1
-160 164 4 1
-160 164 5 1
-171 152 12 0
-169 152 11 0
-182 171 7 0
-153 176 4 1
-156 189 4 0
-151 155 1 1
-151 158 7 0
-182 172 9 0
-186 163 8 0
-185 162 8 0
-183 163 8 0
-184 163 8 0
-185 164 9 0
-187 163 8 0
-186 162 8 0
-187 161 8 0
-173 195 8 0
-158 159 6 3
-158 158 6 1
-151 163 4 0
-151 163 5 0
-182 162 5 0
-190 151 6 1
-191 161 5 2
-168 159 3 1
-167 158 3 3
-170 160 5 6
-198 180 8 0
-176 160 5 5
-156 189 5 0
-176 160 2 1
-192 161 7 0
-196 150 2 3
-196 150 1 1
-177 175 3 1
-181 175 5 1
-181 175 4 46
-151 190 5 1
-151 187 4 1
-183 177 5 1
-183 178 4 1
-200 150 -1 1
-156 156 5 32
-193 170 9 0
-193 170 10 0
-179 162 2 1
-200 168 6 0
-166 168 8 0
-165 168 8 0
-154 195 7 0
-154 195 8 0
-175 182 5 5
-188 168 11 0
-188 166 10 0
-189 166 10 0
-188 166 11 0
-152 155 4 1
-158 184 7 0
-159 183 7 0
-168 181 6 1
-167 180 6 0
-166 181 6 0
-167 182 9 0
-186 154 8 0
-188 155 8 0
-155 189 3 1
-151 169 3 3
-170 181 5 1
-169 179 6 1
-169 179 5 2
-169 179 4 2
-151 160 5 0
-151 160 3 1
-161 160 2 1
-162 150 6 0
-163 152 5 0
-164 150 8 0
-163 157 4 1
-162 157 4 1
-161 156 4 1
-161 157 4 1
-154 151 7 1
-154 152 7 3
-153 152 7 1
-153 153 7 1
-153 150 7 0
-153 150 8 0
-155 151 7 1
-154 154 7 16
-153 154 7 1
-180 174 3 1
-197 182 8 0
-198 179 7 0
-181 184 5 0
-182 184 5 0
-181 184 7 0
-162 157 5 0
-184 184 5 0
-183 184 5 0
-184 184 6 0
-183 184 6 0
-192 151 0 1
-184 176 4 1
-184 177 3 1
-184 177 4 1
-172 186 3 1
-182 150 2 2
-178 150 5 1
-152 177 6 0
-175 163 5 1
-174 167 10 0
-175 167 10 0
-170 172 7 0
-171 172 8 0
-170 172 8 0
-169 154 4 1
-168 155 3 1
-169 156 3 1
-185 166 6 1
-170 157 3 1
-185 167 7 0
-186 166 6 1
-184 168 8 0
-156 157 4 1000
-155 156 4 2
-155 157 4 1000
-168 156 8 0
-168 157 8 0
-168 157 9 0
-167 156 8 0
-173 159 4 1
-154 159 4 4
-154 159 5 1
-156 158 4 11
-156 159 4 11
-156 159 5 6
-155 158 4 4
-155 159 4 10
-155 159 5 3
-173 152 10 0
-173 153 10 0
-174 152 7 0
-175 159 7 0
-168 182 9 0
-168 180 6 1
-168 180 8 0
-168 180 7 0
-170 181 6 0
-171 156 2 1
-171 155 2 1
-172 156 2 1
-172 155 2 1
-170 182 8 0
-189 156 4 1
-189 156 5 1
-189 156 6 1
-188 156 4 1
-187 156 6 1
-187 156 7 0
-188 155 5 2
-188 155 6 1
-171 170 7 1
-170 150 3 1
-187 164 7 0
-187 167 5 1
-187 167 4 1
-184 160 2 1
-188 167 6 2
-164 164 4 1
-163 162 4 1
-163 163 4 1
-163 164 4 2
-162 165 8 3
-166 162 8 1
-168 161 5 1
-161 153 5 0
-160 155 4 1
-159 155 4 1
-159 155 5 1
-152 155 3 14
-179 160 5 0
-180 159 4 0
-175 159 5 1
-160 156 6 0
-178 159 6 0
-177 160 5 1
-177 161 3 1
-172 158 7 0
-164 154 6 0
-158 157 3 8
-157 156 2 1
-157 156 3 5
-157 157 2 1
-157 157 3 27
-151 150 3 1
-151 150 2 0
-155 151 2 1
-155 151 3 1
-155 151 4 1
-154 151 2 1
-154 151 3 7
-154 151 4 4
-155 151 5 1
-154 151 5 4
-153 151 5 1
-155 151 1 1
-154 151 1 1
-153 151 1 1
-175 163 4 1
-184 150 5 1
-184 150 4 1
-162 165 7 10
-199 152 0 1
-200 150 3 1
-177 180 3 1
-168 188 6 0
-174 158 4 0
-194 163 4 1
-181 197 0 1
-182 197 0 1
-183 197 0 1
-182 198 1 1
-182 198 6 0
-181 196 4 0
-181 196 5 0
-181 197 5 0
-180 196 4 0
-181 197 4 0
-182 196 5 0
-177 162 9 1
-172 159 5 1
-169 157 8 0
-169 157 9 0
-168 158 8 0
-151 159 7 0
-151 160 7 0
-151 159 8 0
-151 160 8 0
-152 160 7 0
-152 160 8 0
-153 160 8 0
-152 158 9 0
-156 197 8 0
-156 197 7 0
-156 198 8 0
-154 199 8 0
-153 198 8 0
-153 197 6 0
-153 197 8 0
-154 197 7 0
-152 197 7 0
-153 197 7 0
-155 199 5 0
-155 199 9 0
-155 199 8 0
-153 198 6 0
-154 198 6 0
-153 198 7 0
-154 198 7 0
-155 197 6 0
-155 197 7 0
-176 161 2 1
-155 198 6 0
-156 198 7 0
-155 198 7 0
-157 199 6 0
-157 199 7 0
-186 171 4 2
-164 176 5 0
-153 199 7 0
-164 176 4 0
-174 155 11 0
-169 176 3 1
-154 199 6 0
-154 199 7 0
-169 175 5 1
-153 199 6 0
-173 153 11 0
-155 199 7 0
-169 175 4 1
-155 199 6 0
-169 175 3 1
-156 199 7 0
-169 174 5 1
-156 199 6 0
-169 174 4 1
-169 174 3 1
-167 176 4 0
-164 178 5 0
-164 178 4 0
-173 154 13 0
-173 154 14 0
-173 154 10 0
-172 155 11 0
-172 155 12 0
-172 156 11 0
-174 156 11 0
-187 157 7 1
-183 162 3 8
-183 152 6 1
-188 161 4 1
-172 155 4 2
-169 191 7 0
-200 170 6 0
-200 169 6 0
-154 169 3 1
-154 169 2 1
-151 171 1 1
-199 169 8 0
-184 173 9 0
-186 169 6 0
-199 151 1 1
-175 178 8 0
-153 172 1 1
-181 177 9 0
-185 173 8 0
-184 172 9 0
-190 169 8 1
-190 170 8 1
-189 170 8 1
-190 168 5 1
-190 169 5 1
-190 170 5 1
-189 169 5 1
-189 170 5 1
-154 183 9 0
-177 157 4 1
-187 166 10 0
-179 162 3 1
-170 184 5 1
-198 197 9 0
-198 197 10 0
-198 197 7 0
-198 197 6 0
-151 193 31 0
-151 193 32 0
-151 193 30 0
-151 194 31 0
-151 194 32 0
-151 194 30 0
-151 196 31 0
-151 196 32 0
-151 196 30 0
-197 168 7 0
-169 161 3 1
-170 161 5 1
-170 161 4 1
-185 166 11 0
-185 165 10 0
-186 165 10 0
-185 165 11 0
-185 163 10 0
-185 163 11 0
-184 163 10 0
-183 155 5 1
-183 155 6 1
-183 155 7 1
-183 156 5 1
-183 156 6 1
-183 156 7 1
-174 199 8 0
-173 199 7 0
-175 198 6 0
-166 160 3 1
-166 159 3 1
-177 150 1 1
-195 150 2 3
-173 161 5 1
-164 164 8 0
-171 159 6 0
-173 159 3 1
-199 198 7 0
-173 161 3 1
-193 150 2 2
-193 150 3 1
-193 151 1 1
-196 162 5 1
-196 161 5 1
-195 162 6 2
-187 150 4 1
-163 169 5 0
-186 169 4 6
-187 158 5 1
-186 158 7 0
-186 158 5 4
-176 158 7 0
-164 164 5 1
-164 163 6 1
-163 164 5 4
-159 168 5 1
-189 150 4 1
-176 180 7 0
-153 190 9 0
-153 190 8 0
-152 189 8 0
-152 189 7 0
-153 188 8 0
-153 189 8 0
-153 189 7 0
-155 189 8 0
-154 189 8 0
-155 189 7 0
-151 190 7 0
-185 158 6 2
-185 158 5 1
-154 191 9 0
-152 190 8 0
-152 190 7 0
-154 190 8 0
-154 189 7 0
-154 190 7 0
-155 190 8 0
-155 190 7 0
-155 191 8 0
-156 191 7 0
-155 191 7 0
-152 191 8 0
-153 191 8 0
-174 157 11 0
-174 156 12 0
-165 178 0 1
-168 181 5 1
-199 182 10 0
-199 182 6 0
-175 160 3 1
-175 159 3 1
-174 159 5 0
-176 162 2 1
-175 162 2 1
-176 161 4 10
-176 161 3 2
-181 162 5 0
-181 161 4 0
-181 161 5 0
-182 171 8 0
-180 171 7 0
-181 171 8 0
-181 171 7 0
-200 181 8 0
-199 179 8 0
-198 179 8 0
-199 179 7 0
-153 184 7 0
-153 184 9 0
-153 184 8 0
-154 183 7 0
-152 193 7 0
-197 162 5 1
-186 162 9 0
-195 165 6 0
-195 166 8 0
-195 166 7 0
-195 165 7 0
-167 163 8 1
-167 162 8 1
-187 170 3 1
-185 171 6 0
-183 195 5 0
-181 190 6 0
-182 191 7 0
-182 191 3 1
-183 190 2 1
-183 191 2 1
-178 158 3 5
-180 157 2 1
-181 158 2 1
-181 157 4 10
-181 157 3 1
-181 157 2 1
-182 159 2 1
-182 158 4 1
-182 158 3 1
-182 158 2 1
-182 157 4 1
-183 188 5 0
-184 188 6 0
-184 187 5 0
-200 156 6 2
-200 174 3 1
-153 165 2 1
-200 171 9 0
-200 170 10 0
-154 165 2 1
-181 164 11 0
-181 165 10 0
-195 175 5 0
-195 175 9 0
-194 174 6 0
-194 174 8 0
-173 183 5 1
-173 183 4 6
-173 183 3 1
-173 182 5 1
-173 182 4 5
-170 181 3 1
-162 187 3 1
-161 185 3 1
-171 181 3 1
-172 181 5 1
-176 158 13 0
-182 172 6 1
-161 162 5 2
-184 176 3 1
-160 184 6 0
-198 186 8 0
-200 173 8 0
-170 180 5 1
-198 190 6 0
-198 190 10 0
-198 190 9 0
-197 188 7 0
-197 188 8 0
-197 189 8 0
-200 151 -1 1
-174 178 4 1
-174 178 3 1
-198 189 8 0
-200 188 7 0
-190 166 8 0
-190 166 5 0
-192 167 7 0
-192 167 6 0
-151 176 6 0
-151 176 7 0
-151 176 5 0
-151 178 8 0
-151 178 5 0
-151 178 4 0
-154 177 5 1
-155 176 4 1
-155 176 5 1
-165 184 6 0
-151 187 3 1
-151 188 3 1
-151 189 3 1
-171 184 5 1
-171 185 3 1
-162 185 5 0
-161 186 5 0
-162 186 6 0
-163 186 5 1000
-155 176 6 1
-161 181 9 0
-161 180 9 0
-151 155 5 1
-153 151 3 1
-151 150 5 1
-151 150 6 1
-185 150 7 0
-154 193 5 0
-151 153 0 1
-152 191 7 0
-186 167 9 0
-188 167 10 0
-187 166 8 0
-153 186 6 0
-153 186 5 0
-154 187 4 0
-154 187 6 0
-156 186 3 1
-181 185 6 0
-181 185 7 0
-181 185 5 0
-182 186 7 0
-182 186 8 0
-182 186 4 0
-183 187 7 0
-177 163 4 1
-177 163 5 1
-177 163 6 1
-185 164 4 1
-186 165 4 1
-186 164 4 1
-185 165 8 0
-169 154 7 1
-167 162 7 2
-164 150 6 0
-166 152 4 1
-173 158 7 0
-151 171 2 1
-159 161 6 1
-190 153 5 1
-151 161 4 0
-151 161 5 0
-169 150 2 1
-188 151 4 1
-188 150 6 1
-188 150 5 3
-152 187 8 0
-152 187 9 0
-176 160 12 0
-152 186 8 0
-177 161 11 0
-152 186 7 0
-164 177 9 0
-163 175 8 0
-163 175 7 0
-164 175 8 0
-164 176 8 0
-164 175 7 0
-164 176 7 0
-166 175 8 0
-166 175 7 0
-162 177 8 0
-163 177 8 0
-162 177 7 0
-156 156 4 9
-176 157 9 0
-169 184 7 0
-168 183 3 1
-168 184 3 1
-163 180 10 0
-163 179 10 0
-162 179 11 0
-162 179 10 0
-161 178 11 0
-162 178 11 0
-161 178 10 0
-162 178 10 0
-195 161 9 1
-196 163 9 1
-196 162 9 1
-196 161 9 1
-195 162 8 4
-172 182 8 0
-163 176 0 1
-163 175 0 1
-199 163 5 1
-199 162 5 1
-199 161 5 1
-172 174 8 0
-172 174 7 0
-170 173 8 0
-170 173 7 0
-183 185 7 0
-154 153 7 3
-161 159 2 1
-161 158 3 1
-184 163 2 1
-163 158 3 1
-179 177 6 0
-179 178 7 0
-171 160 3 1
-181 163 5 1
-162 159 8 0
-170 189 7 0
-188 175 6 0
-188 175 7 0
-184 162 7 1000
-186 163 5 1
-189 152 0 1
-192 150 0 3
-170 191 6 0
-182 163 4 0
-182 163 8 0
-177 150 3 2
-166 166 6 5
-167 165 5 1
-167 165 6 2
-186 173 6 1
-186 174 6 1
-185 174 6 1
-168 161 4 1
-159 188 3 1
-154 188 6 0
-154 186 4 0
-154 186 6 0
-154 186 5 0
-162 186 3 1
-186 151 2 1
-163 167 8 0
-163 167 7 1
-164 167 8 0
-194 160 7 0
-169 189 5 0
-165 163 5 2
-166 164 5 1
-166 163 7 3
-166 163 6 2
-166 163 5 2
-167 164 7 1
-167 164 6 1
-167 164 5 1
-159 159 2 1
-159 158 2 1
-160 159 2 1
-160 158 3 4
-160 158 2 1
-182 177 8 0
-183 178 8 0
-184 179 8 0
-181 177 8 0
-164 158 7 0
-175 154 12 0
-174 154 11 0
-175 154 11 0
-174 157 12 0
-167 156 7 0
-169 157 6 1
-167 155 7 1
-164 162 4 1
-189 150 2 4
-190 150 3 3
-190 151 3 1
-184 151 7 1
-153 181 7 0
-153 182 7 0
-196 159 6 1
-196 159 7 1
-151 162 4 0
-151 162 5 0
-175 161 3 1
-153 164 4 3
-154 163 3 1
-176 159 3 3
-167 153 4 6
-167 152 4 2
-168 153 4 1
-168 152 4 1
-164 152 5 0
-182 163 2 1
-181 163 2 1
-183 169 5 1
-183 169 4 3
-184 171 5 1
-184 171 4 2
-184 171 3 1
-185 172 5 1
-166 181 5 2
-166 182 3 1
-165 182 5 1
-168 184 7 0
-166 185 4 1
-169 186 5 1
-170 185 5 1
-170 185 6 0
-170 182 6 0
-161 163 9 1
-163 164 7 0
-185 176 3 1
-194 150 3 1
-178 176 7 0
-200 150 1 7
-175 161 7 1
-173 194 7 0
-173 195 7 0
-174 195 6 0
-171 178 7 0
-172 178 7 0
-161 186 4 1
-184 193 5 0
-181 179 7 0
-183 193 5 0
-183 194 5 0
-174 197 6 0
-173 198 7 0
-173 198 8 0
-173 198 6 0
-189 154 4 1
-188 153 6 1
-152 174 2 5
-187 168 6 1
-185 167 3 1
-183 169 7 0
-182 168 6 0
-184 168 7 0
-185 169 7 0
-171 177 5 0
-171 177 4 1
-193 176 8 0
-171 177 6 0
-163 174 0 1
-164 174 0 1
-165 174 0 1
-171 153 9 0
-169 153 8 0
-168 151 9 0
-151 152 1 1
-152 153 0 1
-198 192 9 0
-183 173 8 0
-197 191 7 0
-197 190 8 0
-197 191 8 0
-193 162 4 1
-192 161 9 0
-192 159 6 0
-192 159 7 0
-152 152 1 1
-153 191 7 0
-174 156 6 0
-176 156 8 0
-153 154 6 2
-152 156 6 1
-153 156 6 8
-153 156 4 6
-153 155 6 3
-151 157 3 9
-163 179 11 0
-163 180 11 0
-164 179 10 0
-164 179 11 0
-162 177 10 0
-162 177 11 0
-163 178 12 0
-163 178 9 0
-178 155 8 0
-180 159 9 0
-182 157 6 1
-180 160 9 0
-180 156 9 0
-180 157 9 0
-179 157 9 0
-178 153 6 1
-178 153 7 1
-160 179 10 0
-160 179 11 0
-160 179 9 0
-160 180 10 0
-160 180 11 0
-160 180 9 0
-162 180 10 0
-162 181 10 0
-162 180 11 0
-162 181 9 0
-163 180 9 0
-164 179 9 0
-163 177 9 0
-162 177 9 0
-160 177 10 0
-160 177 11 0
-182 154 9 1
-181 154 9 1
-178 157 10 0
-162 179 8 0
-178 161 9 0
-181 160 9 0
-181 161 9 0
-180 162 9 0
-179 162 9 0
-179 163 9 0
-178 162 9 0
-178 163 9 0
-159 181 10 0
-177 163 9 0
-159 181 9 0
-161 180 10 0
-181 162 9 0
-161 181 11 0
-184 186 5 0
-183 186 5 0
-184 186 7 0
-184 186 6 0
-183 186 6 0
-184 185 6 0
-184 185 7 0
-184 185 5 0
-182 185 6 0
-182 184 6 0
-182 185 7 0
-182 185 5 0
-164 186 6 0
-163 186 6 0
-164 186 5 1
-163 187 6 0
-182 155 7 1
-179 157 7 0
-182 155 4 1
-179 156 6 0
-179 156 7 0
-179 158 8 0
-180 158 2 1
-182 157 8 0
-182 154 8 1
-181 158 9 0
-182 159 3 1
-171 151 6 2
-183 156 8 0
-183 156 9 0
-182 156 9 0
-161 159 7 1
-160 158 7 1
-158 161 7 1
-158 161 6 1
-162 168 4 1
-163 167 4 0
-164 167 2 1
-193 176 6 0
-192 175 8 0
-190 175 7 0
-190 174 7 0
-190 175 8 0
-190 174 6 0
-191 176 8 0
-191 176 9 0
-191 176 6 0
-191 176 5 0
-198 168 9 0
-197 168 9 0
-198 169 10 0
-199 169 9 0
-153 157 6 3
-154 156 5 2
-154 157 5 1
-154 158 5 1
-153 156 5 6
-153 157 5 1
-153 158 5 1
-152 156 5 2
-188 176 7 0
-188 176 8 0
-162 169 0 1
-163 169 0 1
-164 169 0 1
-163 170 1 1
-163 170 6 0
-163 170 5 0
-174 183 3 1
-188 177 8 0
-189 178 8 0
-190 175 6 0
-189 174 6 0
-173 159 6 0
-171 158 3 1
-177 157 9 0
-171 161 5 1
-170 160 3 1
-170 161 3 1
-167 167 5 1
-167 167 6 1
-185 160 4 1
-151 167 3 0
-151 167 4 0
-152 166 3 0
-152 166 4 0
-177 159 10 0
-157 188 6 0
-157 188 5 0
-157 189 4 0
-157 189 6 0
-165 160 4 7
-190 168 6 0
-190 168 7 0
-190 169 6 1
-190 169 7 1
-189 169 6 1
-189 169 7 1
-187 168 8 0
-188 169 4 1
-190 170 6 1
-190 170 7 1
-189 170 6 1
-189 170 7 1
-190 166 6 0
-190 166 7 0
-190 167 6 0
-190 167 7 0
-189 167 7 0
-199 163 9 1
-196 164 5 1
-196 164 9 1
-198 165 9 0
-199 163 6 0
-199 163 7 0
-195 165 5 0
-195 165 9 0
-174 183 6 1
-189 168 7 1
-198 164 5 1
-189 166 7 0
-189 165 4 1
-188 168 6 1
-189 164 4 1
-191 165 5 0
-186 169 5 1
-154 193 9 0
-153 192 8 0
-152 192 7 0
-154 191 8 0
-154 192 8 0
-154 192 7 0
-155 192 8 0
-189 162 4 1
-187 165 4 1
-187 164 4 1
-186 165 5 1
-196 188 8 0
-196 188 7 0
-197 189 7 0
-200 189 8 0
-188 165 7 0
-169 182 3 1
-169 183 3 1
-168 182 3 1
-177 151 2 1
-183 150 0 1
-185 158 4 1
-185 174 9 0
-184 158 5 2
-184 158 6 2
-184 159 4 1
-183 158 4 1
-183 158 5 1
-183 158 6 1
-183 159 4 1
-171 161 3 1
-171 161 4 1
-167 155 9 0
-166 155 10 0
-167 153 9 0
-167 153 10 0
-167 152 9 0
-166 152 10 0
-165 153 10 0
-165 153 11 0
-167 154 9 0
-167 154 10 0
-168 152 9 0
-167 152 10 0
-168 152 10 0
-167 151 9 0
-167 151 10 0
-166 151 9 0
-166 150 9 0
-166 151 10 0
-166 152 11 0
-166 152 9 0
-168 153 9 0
-168 153 10 0
-168 151 10 0
-168 150 9 0
-168 150 10 0
-177 154 5 1
-177 154 6 1
-167 150 10 0
-167 151 11 0
-166 150 10 0
-169 151 10 0
-167 150 11 0
-178 157 6 0
-156 150 2 1
-156 150 3 1
-156 150 4 1
-155 150 2 1
-155 150 3 1
-155 150 4 1
-155 155 6 5
-155 155 7 1
-154 155 7 1
-154 155 8 1
-155 155 9 1
-154 155 9 1
-182 160 4 0
-182 159 5 0
-182 159 6 0
-182 159 4 0
-181 159 1 1
-181 160 1 1
-181 161 1 1
-180 159 1 1
-180 160 1 1
-152 152 8 0
-179 159 1 1
-152 153 8 0
-179 161 1 1
-151 152 8 0
-151 152 9 0
-151 153 8 0
-151 153 9 0
-185 159 3 1
-185 160 3 1
-185 161 3 1
-167 159 2 1
-167 158 2 1
-167 157 2 1
-166 158 3 1
-170 187 5 1
-170 187 4 1
-170 187 3 1
-170 186 5 1
-170 186 4 2
-170 194 7 0
-170 194 8 0
-170 195 8 0
-161 183 8 0
-161 183 7 0
-161 184 8 0
-161 184 7 0
-160 184 7 0
-155 178 5 1
-155 178 4 1
-183 165 4 1
-155 177 5 1
-155 177 4 1
-154 178 5 1
-153 178 7 0
-152 179 5 0
-186 159 7 0
-186 159 6 0
-187 159 5 1
-187 159 7 0
-187 159 6 0
-162 167 7 1
-160 165 7 1
-160 164 7 1
-163 165 6 0
-161 170 6 1
-161 170 5 1
-162 165 4 1
-160 164 6 1
-161 164 4 1
-162 164 4 1
-162 163 4 1
-163 163 6 1
-167 157 8 0
-166 154 5 1
-165 157 9 0
-163 165 5 1
-165 164 6 5
-165 164 5 1
-165 181 4 1
-165 181 3 1
-165 182 4 1
-151 186 5 0
-166 180 5 1
-166 180 4 1
-166 180 3 1
-167 181 3 1
-167 180 5 1
-167 180 4 2
-167 180 3 1
-168 181 4 2
-168 181 3 1
-168 180 5 2
-168 180 4 1
-168 180 3 1
-172 157 5 1
-151 186 8 0
-151 168 1 1
-182 164 10 0
-182 164 11 0
-182 163 10 0
-164 157 8 0
-164 157 7 0
-184 165 5 1
-190 151 0 1
-181 176 7 0
-164 167 7 0
-165 165 5 2
-151 154 6 9
-155 155 3 1
-155 155 4 3
-155 155 5 3
-192 166 6 0
-192 166 7 0
-191 167 6 0
-191 167 7 0
-189 166 8 0
-191 166 6 0
-191 166 7 0
-188 166 9 0
-188 166 8 0
-187 167 3 1
-187 166 3 1
-188 168 3 1
-188 167 3 1
-188 166 3 1
-189 167 3 1
-189 166 3 1
-187 167 9 0
-187 167 8 0
-171 170 9 0
-171 170 11 0
-172 170 11 0
-171 170 10 0
-172 170 10 0
-174 169 12 0
-175 171 9 0
-175 171 10 0
-174 171 9 0
-174 171 11 0
-174 171 10 0
-174 170 10 0
-173 170 11 0
-173 171 10 0
-173 170 10 0
-172 169 9 0
-172 169 11 0
-172 169 10 0
-173 169 10 0
-154 152 3 6
-154 152 4 2
-155 152 5 1
-154 152 5 1
-153 152 5 1
-153 152 2 1
-160 156 2 1
-160 156 3 5
-160 157 2 1
-160 157 3 1
-159 156 2 1
-159 156 3 5
-159 157 2 1
-159 157 3 4
-170 171 7 0
-170 171 8 0
-171 173 7 0
-171 173 8 0
-198 175 6 0
-198 175 7 0
-197 174 6 0
-197 174 7 0
-197 175 6 0
-197 175 7 0
-161 162 9 1
-176 159 7 0
-178 160 7 0
-173 151 5 1
-174 159 7 0
-154 160 4 1
-154 160 5 1
-177 155 7 0
-153 160 4 1
-153 160 5 1
-177 158 8 0
-152 150 8 0
-152 151 8 0
-151 150 8 1
-151 150 9 0
-151 151 8 0
-151 151 9 0
-161 160 3 1
-152 160 4 1
-152 160 5 2
-156 150 6 1
-179 164 9 0
-179 164 6 1
-179 164 5 1
-177 165 7 0
-177 165 8 0
-178 166 7 0
-178 166 8 0
-179 167 7 0
-179 166 8 0
-180 166 7 0
-180 165 8 0
-180 166 8 0
-180 167 8 0
-180 165 9 0
-178 165 10 0
-178 165 9 0
-177 165 10 0
-166 151 4 1
-166 150 5 1
-193 150 0 2
-188 162 5 1
-184 171 7 0
-197 161 8 1
-197 161 9 1
-198 165 4 2
-197 164 3 1
-197 165 3 1
-187 157 4 1
-193 150 1 2
-192 150 4 1
-189 150 1 3
-189 152 3 1
-189 152 2 1
-200 154 8 1
-177 165 9 0
-175 164 9 1
-176 163 8 2
-177 163 10 0
-176 163 9 0
-180 164 9 0
-178 164 9 0
-175 163 9 1
-179 157 10 0
-178 156 9 0
-178 153 8 1
-179 153 8 1
-179 153 7 1
-179 153 6 1
-180 153 6 1
-179 155 9 0
-179 155 8 0
-178 159 9 0
-184 150 6 1
-184 151 4 1
-168 150 7 1
-164 152 6 0
-155 185 8 0
-156 185 8 0
-156 185 9 0
-176 183 5 1
-176 183 6 1
-175 183 6 1
-176 181 3 1
-171 182 6 0
-172 179 5 2
-172 179 4 2
-172 179 3 1
-172 180 5 2
-172 180 4 3
-175 156 2 1
-176 156 2 1
-177 156 3 1
-174 159 4 1
-176 159 2 1
-176 158 2 1
-183 160 4 4
-186 161 8 0
-187 160 4 1
-187 161 4 1
-187 162 4 1
-186 160 4 1
-197 166 3 1
-176 155 4 6
-178 161 5 1
-178 161 4 13
-178 161 3 1
-178 160 5 1
-178 160 4 1
-178 160 3 3
-178 159 3 4
-176 159 5 1
-197 151 0 1
-178 180 6 1
-178 180 5 2
-172 170 7 0
-172 170 8 0
-172 172 7 0
-173 172 8 0
-174 172 7 0
-174 172 8 0
-172 169 7 0
-174 170 9 0
-174 170 5 1
-173 169 4 1
-173 170 4 1
-173 171 4 1
-161 163 8 1
-161 163 7 1
-161 163 6 3
-155 157 11 0
-155 158 13 0
-180 160 3 4
-181 159 2 1
-180 161 1 1
-200 181 10 0
-183 161 3 1
-174 159 8 0
-153 162 1 1
-171 158 8 0
-172 159 8 0
-170 159 5 1
-172 160 8 1
-172 160 9 1
-172 161 9 1
-159 157 13 0
-173 158 8 0
-173 158 9 0
-200 181 7 0
-185 167 4 1
-169 150 7 1
-169 150 8 0
-169 184 6 0
-188 162 7 1
-200 150 5 1
-200 150 6 1
-200 150 7 1
-172 158 8 0
-183 150 6 1
-177 162 8 1
-177 162 7 1
-174 161 9 1
-174 161 8 1
-174 160 9 1
-184 172 3 1
-184 172 4 4
-183 198 4 0
-184 199 5 0
-184 199 4 0
-175 162 9 1
-175 161 9 1
-175 160 9 1
-176 162 9 1
-176 161 9 1
-176 160 9 1
-170 191 5 0
-177 150 2 1
-173 156 8 0
-174 156 7 0
-174 155 8 0
-175 154 7 1
-182 165 7 0
-174 153 7 1
-174 153 8 1
-173 154 9 0
-174 153 4 1
-173 153 4 1
-172 153 4 1
-182 166 4 1
-182 165 6 0
-182 162 3 1
-180 164 6 1
-180 164 5 1
-181 164 5 1
-181 164 4 1
-181 163 4 1
-182 164 4 1
-198 151 2 1
-182 161 8 0
-180 162 1 1
-181 162 1 1
-182 162 1 1
-182 161 1 1
-182 160 1 1
-170 152 8 0
-171 152 8 0
-179 160 1 1
-170 158 8 0
-171 159 8 0
-172 158 9 0
-183 159 3 1
-184 159 3 1
-176 163 4 1
-177 160 8 0
-176 161 8 163
-178 158 9 0
-177 155 8 0
-177 157 8 0
-177 156 8 0
-175 158 8 0
-170 157 8 1
-170 156 8 1
-171 154 10 0
-172 150 8 0
-183 163 10 0
-172 153 10 0
-171 152 10 0
-171 152 9 0
-172 151 10 0
-172 150 9 0
-170 150 10 0
-172 150 10 0
-183 173 6 0
-192 168 10 0
-192 168 11 0
-185 190 3 1
-184 167 7 0
-185 164 7 1
-185 163 7 1
-184 164 6 2
-184 164 7 1
-173 173 8 0
-196 164 3 1
-197 165 4 4
-174 180 5 1
-174 180 4 5
-174 180 3 1
-174 181 5 1000
-174 181 4 3
-174 181 3 1
-174 182 5 1
-174 182 4 4
-174 182 3 1
-174 184 5 1
-174 184 4 1
-174 184 3 1
-180 176 5 1
-164 177 5 0
-164 177 6 0
-187 150 5 3
-188 150 4 1
-176 159 10 0
-177 158 3 5
-154 187 3 1
-198 191 7 0
-151 173 3 0
-151 188 5 1
-167 184 3 1
-167 183 3 1
-177 158 4 2
-173 179 4 2
-153 175 5 1
-152 175 4 3
-165 164 7 1
-173 179 5 2
-172 182 6 0
-157 185 5 0
-159 186 4 1
-159 186 6 0
-196 150 4 1
-196 151 2 1
-196 151 3 1
-161 160 6 1
-172 151 12 0
-173 185 4 1
-169 179 3 1
-196 177 6 0
-196 177 8 0
-196 177 7 0
-195 177 6 0
-195 177 8 0
-195 177 7 0
-196 176 7 0
-195 175 6 0
-195 175 8 0
-191 160 8 0
-191 160 6 0
-190 159 7 0
-190 159 8 0
-190 159 6 0
-190 161 9 0
-190 161 5 0
-191 162 4 1
-179 160 4 0
-182 174 7 0
-180 161 3 4
-178 163 5 1
-173 155 6 1
-178 163 3 1
-179 163 5 3
-179 163 4 1
-177 161 2 1
-178 161 2 1
-179 161 2 1
-153 158 13 0
-153 156 12 0
-154 156 12 0
-153 156 13 0
-153 155 12 0
-153 155 13 0
-152 154 12 0
-152 156 14 0
-152 156 11 0
-152 156 10 0
-151 158 13 0
-153 159 12 0
-153 157 13 0
-153 157 12 0
-154 158 12 0
-154 158 13 0
-154 157 12 0
-162 156 4 1
-162 174 3 0
-163 155 2 1
-163 154 2 1
-199 176 8 0
-164 155 2 1
-164 154 2 1
-200 176 8 0
-155 177 6 1
-160 172 4 1
-160 172 3 1
-160 172 2 1
-171 155 6 1
-199 161 6 1
-159 187 5 1
-159 187 4 1
-159 186 5 1
-179 178 5 1000
-192 152 0 1
-172 194 8 0
-171 194 7 0
-188 162 8 0
-153 175 3 1
-181 180 5 1
-153 175 4 1
-175 176 7 0
-174 177 8 0
-178 180 8 0
-179 180 7 0
-180 180 8 0
-181 160 11 0
-181 160 10 0
-181 161 11 0
-180 161 11 0
-181 161 10 0
-180 180 7 0
-181 194 6 0
-160 157 10 0
-166 157 7 0
-162 168 5 0
-165 155 4 0
-178 158 10 0
-152 183 4 0
-152 183 5 0
-155 158 10 0
-156 158 10 0
-157 157 9 0
-155 155 11 1
-156 156 11 0
-158 155 11 0
-158 157 13 0
-158 157 12 0
-157 158 13 0
-170 158 9 0
-169 156 8 0
-170 159 8 0
-169 159 8 0
-169 158 8 0
-155 158 12 0
-154 159 12 0
-153 154 10 1
-153 153 10 1
-154 154 10 2
-154 153 10 1
-162 160 5 1
-162 160 6 8
-161 159 5 6
-161 160 5 1
-171 153 7 0
-172 151 9 0
-171 150 9 0
-170 150 9 0
-170 151 6 1
-171 151 5 1
-171 152 5 1
-170 152 5 1
-169 151 5 1
-169 152 5 1
-160 173 4 1
-160 173 3 1
-160 173 2 1
-161 175 2 1
-161 174 2 1
-161 173 2 1
-161 174 3 1
-165 173 0 1
-169 152 9 0
-169 154 8 0
-170 154 8 0
-170 154 9 0
-170 154 7 0
-172 154 8 0
-172 153 9 0
-172 153 7 0
-172 152 8 0
-172 152 9 0
-172 152 7 0
-169 151 9 0
-170 152 9 0
-170 152 10 0
-170 152 6 1
-171 153 5 1
-170 153 5 1
-169 153 5 1
-171 154 8 0
-171 155 8 1
-171 155 9 0
-171 154 7 1
-173 154 8 1
-172 153 8 0
-172 154 9 0
-172 154 7 1
-175 159 2 1
-200 163 8 1
-200 162 8 3
-200 161 8 1
-200 161 7 1
-172 150 11 0
-200 161 5 1
-199 157 8 1
-199 156 8 1
-199 156 9 1
-199 158 7 1
-166 185 6 0
-199 157 7 1
-199 157 6 1
-200 157 8 1
-200 157 9 1
-182 163 5 0
-166 181 4 2
-198 157 5 1
-157 184 10 0
-157 184 11 0
-197 199 9 0
-199 156 7 1
-199 156 6 3
-199 155 5 1
-183 170 4 2
-183 170 5 1
-183 170 6 1
-182 170 4 1
-182 170 5 4
-182 170 6 1
-181 170 4 1
-181 170 5 1
-181 170 6 1
-179 172 4 1
-179 172 5 1
-177 159 2 1
-176 162 4 1
-176 162 3 1
-177 162 5 2
-177 162 4 1
-177 162 3 1
-200 151 8 1
-184 166 4 1
-184 173 5 1
-200 150 4 1
-200 151 4 1
-200 152 4 1
-184 174 5 1
-184 174 4 5
-185 166 4 1
-185 165 6 1
-180 156 6 1
-185 156 9 0
-184 154 9 0
-184 154 8 0
-182 153 7 1
-181 153 7 1
-181 153 8 1
-181 153 9 1
-180 153 7 1
-180 153 8 1
-180 153 9 1
-180 154 9 1
-184 156 10 0
-184 156 11 0
-179 157 8 0
-151 174 4 0
-167 172 6 1
-166 172 5 1
-151 155 2 1
-152 156 4 1
-152 156 3 1000
-152 156 2 1
-152 155 2 1
-151 197 30 0
-151 160 2 1
-151 197 32 0
-151 157 6 0
-166 167 3 1
-161 173 4 1
-161 169 5 1
-161 169 4 1
-188 176 6 0
-189 177 7 0
-189 175 7 0
-189 174 7 0
-189 175 6 0
-184 176 5 1
-154 182 7 0
-189 167 10 0
-190 167 10 0
-190 167 11 0
-177 180 7 0
-177 180 8 0
-176 179 7 0
-185 152 8 0
-189 152 7 0
-177 178 7 0
-177 178 8 0
-175 178 7 0
-175 177 7 0
-175 177 8 0
-175 179 8 0
-185 165 5 2
-186 153 8 0
-183 151 4 1
-175 158 9 0
-188 177 7 0
-187 176 8 0
-153 158 7 1
-165 172 5 1
-200 176 7 0
-166 175 2 1
-187 176 7 0
-200 170 7 0
-186 172 6 0
-185 172 7 0
-154 167 6 1
-154 167 5 1
-153 168 5 1
-153 169 4 1
-168 167 5 1
-197 168 8 0
-197 168 6 0
-200 168 7 0
-200 168 8 0
-163 168 8 0
-185 152 5 1
-200 167 8 0
-153 169 3 1
-153 169 2 1
-154 169 4 1
-188 170 7 0
-186 170 8 0
-186 170 9 0
-189 158 7 1
-155 190 4 0
-155 190 5 0
-166 159 8 0
-186 158 6 0
-198 169 6 0
-155 156 7 1
-160 186 5 0
-152 170 1 1
-184 180 8 0
-184 179 3 1
-185 175 6 0
-151 169 4 0
-152 171 4 6
-152 171 2 6
-185 177 8 0
-185 177 5 0
-199 167 5 0
-199 167 9 0
-200 166 8 0
-185 177 4 0
-184 175 7 0
-153 170 3 1
-199 169 6 0
-199 168 6 0
-185 171 9 0
-199 169 7 0
-153 170 2 1
-186 153 11 0
-187 152 10 0
-187 152 11 0
-186 151 10 0
-186 150 10 0
-186 151 11 0
-186 150 11 0
-185 150 10 0
-185 150 11 0
-168 161 6 1
-172 159 7 1
-176 157 4 1
-181 154 3 1
-181 155 3 1
-178 155 5 1
-184 164 5 3
-185 162 6 1
-183 150 2 1
-164 163 4 1
-165 164 4 1
-189 168 5 1
-189 168 4 1
-151 190 6 1
-198 198 8 0
-196 198 8 0
-196 198 7 0
-180 177 6 0
-181 177 5 1000
-173 152 13 0
-174 152 12 0
-173 152 12 0
-173 153 13 0
-173 154 12 0
-172 154 11 0
-172 153 11 0
-172 154 13 0
-172 154 12 0
-172 153 12 0
-170 154 11 0
-178 175 7 0
-192 164 7 0
-194 163 7 1
-196 164 6 0
-194 162 8 1
-194 164 9 1
-163 171 0 1
-164 171 0 1
-165 171 0 1
-152 157 9 0
-164 172 6 0
-151 156 8 0
-152 155 8 0
-153 156 8 0
-153 156 7 1
-183 168 6 0
-170 177 4 1
-170 177 5 0
-169 176 4 0
-169 176 5 0
-163 177 4 0
-169 177 5 0
-167 175 5 1
-175 181 4 4
-175 181 5 1000
-167 151 8 0
-169 151 8 0
-169 152 8 0
-169 151 7 0
-169 152 7 0
-170 151 8 0
-170 151 7 0
-170 150 8 0
-171 150 8 0
-170 150 7 0
-171 150 7 0
-176 156 7 0
-175 156 6 0
-173 157 6 0
-174 156 9 0
-153 188 3 1
-183 158 8 0
-189 150 3 2
-168 152 8 0
-181 160 3 1
-182 160 2 1
-171 152 7 0
-151 176 2 1
-165 186 5 1
-165 187 6 0
-165 187 5 1
-163 188 5 0
-181 171 3 1
-155 158 7 1
-151 171 0 1
-170 153 8 0
-170 152 7 0
-170 153 7 0
-171 151 8 0
-172 151 8 0
-171 151 7 0
-172 151 7 0
-170 151 9 0
-170 151 10 0
-170 151 5 1
-171 151 4 1
-171 152 4 1
-170 152 4 1
-169 152 4 1
-174 177 5 1
-155 150 6 1
-188 157 4 1
-188 158 4 1
-169 180 7 0
-174 156 4 2
-200 190 7 0
-200 190 8 0
-183 169 10 0
-170 182 7 0
-167 185 5 1
-163 184 3 1
-164 184 3 1
-185 172 8 0
-163 162 8 1
-163 163 8 1
-163 162 7 1
-187 173 7 0
-186 173 8 0
-187 172 7 0
-187 172 8 0
-186 171 7 0
-187 171 7 0
-186 171 8 0
-185 170 8 0
-185 172 9 0
-187 170 7 0
-187 170 8 0
-187 169 7 0
-187 169 8 0
-187 169 6 0
-185 170 9 0
-185 169 9 0
-187 168 7 1
-187 166 7 0
-153 193 8 0
-152 193 8 0
-155 193 7 0
-156 193 7 0
-155 193 8 0
-156 193 8 0
-155 192 7 0
-183 163 4 1
-183 164 4 1
-154 191 7 0
-183 158 7 1
-183 155 4 1
-183 156 4 1
-188 153 7 0
-153 192 7 0
-183 172 3 1
-157 189 5 0
-181 175 6 0
-178 174 3 1
-163 168 5 0
-163 168 3 0
-161 168 3 1
-162 167 2 1
-161 167 2 1
-161 167 3 3
-191 162 6 0
-174 167 9 0
-175 168 10 0
-175 168 9 0
-177 168 10 0
-175 165 10 0
-175 165 9 0
-176 167 11 0
-176 167 12 0
-198 174 7 0
-198 174 6 0
-167 182 3 1
-171 172 3 1
-171 171 3 1