DAV_OBMAP v3 cell_size=10
-119 -280 1 1
-114 -272 1 1
-114 -272 2 1
-140 -262 10 1
-138 -265 12 0
-138 -266 11 0
-137 -266 11 0
-137 -266 10 1
-119 -280 5 0
-148 -254 12 2
-148 -254 11 1
-148 -255 13 1
-150 -255 15 0
-114 -281 6 0
-114 -282 6 0
-118 -282 5 0
-140 -268 7 1
-120 -282 1 1
-120 -282 2 1
-120 -282 3 1
-120 -281 1 1
-120 -281 2 1
-120 -281 3 2
-120 -280 1 1
-119 -282 1 1
-118 -282 1 1
-115 -272 1 1
-115 -272 2 1
-115 -272 3 1
-115 -281 1 1
-141 -266 19 0
-141 -266 20 0
-143 -266 17 0
-143 -267 18 0
-144 -267 19 0
-142 -263 18 0
-131 -267 7 2
-131 -268 7 2
-121 -279 8 0
-121 -278 8 0
-124 -272 9 0
-126 -281 9 0
-121 -281 10 0
-122 -280 10 0
-122 -280 9 0
-122 -279 9 0
-119 -282 5 0
-121 -282 2 1
-121 -282 3 1
-121 -282 4 1
-121 -281 2 1
-121 -281 3 2
-120 -282 4 1
-116 -273 1 1
-116 -273 2 1
-122 -278 5 0
-122 -277 6 0
-125 -273 5 0
-125 -280 5 0
-125 -279 6 0
-125 -278 7 0
-121 -275 6 0
-128 -275 6 0
-122 -280 6 0
-122 -279 7 0
-123 -272 7 0
-118 -281 6 0
-118 -282 8 0
-120 -282 5 0
-120 -283 5 0
-119 -279 5 0
-122 -282 2 1
-122 -282 3 2
-122 -282 4 1
-122 -281 2 1
-122 -281 3 2
-117 -273 1 1
-117 -273 2 1
-117 -273 3 1
-117 -282 1 1
-102 -273 10 0
-102 -272 11 0
-101 -277 9 0
-122 -275 2 1
-122 -277 13 0
-121 -277 14 0
-125 -274 11 0
-125 -253 16 0
-125 -252 17 0
-129 -262 12 1
-101 -277 10 0
-103 -275 10 0
-101 -276 5 0
-103 -275 1 1
-103 -274 1 1
-102 -275 1 1
-102 -274 1 1
-101 -275 1 1
-101 -274 1 1
-101 -274 2 2
-101 -274 3 2
-101 -273 1 1
-101 -273 2 2
-101 -273 3 1
-139 -281 16 0
-137 -279 12 0
-137 -278 14 0
-143 -251 9 1
-144 -251 9 1
-104 -276 6 0
-137 -257 11 2
-136 -257 13 1
-136 -255 12 1
-134 -253 12 0
-136 -260 17 0
-138 -258 16 0
-136 -258 15 0
-136 -253 17 0
-136 -254 17 0
-136 -255 16 0
-147 -276 12 0
-148 -275 12 0
-146 -279 14 0
-147 -278 14 0
-146 -277 12 0
-145 -277 16 0
-144 -277 19 0
-144 -277 20 0
-145 -276 18 0
-145 -275 19 0
-145 -274 19 0
-144 -279 18 0
-143 -280 19 0
-144 -277 16 0
-144 -276 17 0
-143 -276 17 0
-143 -276 18 0
-142 -275 18 0
-146 -280 18 0
-145 -276 16 0
-146 -275 17 0
-147 -273 18 0
-143 -278 16 0
-142 -278 17 0
-141 -279 18 0
-144 -275 16 0
-143 -274 17 0
-143 -273 17 0
-144 -279 16 0
-144 -282 17 0
-148 -275 16 0
-130 -284 4 1
-130 -278 4 1
-129 -279 5 0
-128 -280 5 0
-127 -286 4 1
-127 -285 5 0
-127 -284 5 0
-127 -283 5 0
-132 -282 5 0
-131 -282 5 0
-130 -282 5 0
-123 -285 5 0
-128 -277 6 0
-130 -285 6 0
-129 -284 6 0
-128 -283 6 0
-131 -279 7 0
-130 -280 6 0
-126 -286 7 0
-126 -285 7 0
-126 -284 6 0
-131 -283 8 0
-119 -256 12 0
-111 -253 9 0
-121 -261 11 0
-122 -261 11 0
-141 -259 12 1
-150 -275 17 0
-114 -251 4 0
-144 -273 16 0
-148 -270 14 0
-147 -269 15 0
-147 -268 15 0
-147 -267 15 0
-148 -274 14 0
-149 -280 5 1
-149 -280 6 1
-149 -279 5 1
-149 -279 6 2
-102 -264 5 0
-107 -264 6 0
-105 -264 6 0
-101 -260 1 1
-103 -267 7 0
-103 -265 6 0
-103 -264 5 0
-106 -262 8 0
-105 -262 7 0
-104 -262 6 0
-101 -265 7 0
-102 -260 9 0
-133 -255 15 0
-132 -256 14 0
-119 -279 2 2
-119 -280 4 1
-119 -280 3 1
-119 -280 2 1
-131 -256 14 0
-121 -275 9 0
-122 -275 9 0
-126 -272 9 0
-125 -272 9 0
-124 -273 9 0
-130 -274 8 0
-134 -267 6 1
-135 -261 7 1
-136 -261 7 1
-137 -261 7 1
-135 -267 6 2
-135 -268 6 2
-135 -269 8 2
-135 -269 7 2
-130 -251 13 0
-125 -252 13 1
-124 -252 13 1
-123 -251 13 0
-149 -258 9 1
-146 -253 14 0
-148 -258 13 0
-148 -257 14 1
-148 -256 14 1
-148 -255 14 1
-113 -252 6 0
-117 -251 8 0
-129 -265 9 1
-133 -269 10 1
-134 -270 9 1
-133 -265 9 1
-134 -264 9 1
-131 -268 10 2
-131 -268 9 2
-130 -268 8 1
-142 -254 18 0
-126 -272 8 0
-126 -273 9 0
-126 -274 9 0
-130 -278 9 0
-122 -277 9 0
-126 -271 13 0
-140 -287 8 1
-141 -287 8 1
-101 -257 0 1
-101 -257 1 2
-139 -288 6 2
-139 -289 6 1
-136 -288 5 0
-141 -285 4 1
-139 -284 3 1
-123 -265 3 2
-123 -265 4 1
-125 -263 5 0
-128 -266 9 0
-125 -264 8 0
-123 -265 9 0
-129 -264 8 1
-127 -265 8 0
-126 -267 8 0
-126 -268 8 0
-122 -262 8 0
-128 -265 7 0
-129 -266 7 1
-130 -267 7 2
-126 -265 7 0
-125 -265 7 0
-124 -266 7 0
-123 -267 7 0
-127 -265 7 0
-128 -268 6 0
-124 -264 6 0
-123 -264 5 0
-132 -266 4 1
-132 -265 4 1
-126 -266 5 1
-125 -267 4 1
-129 -267 3 1
-129 -267 4 2
-129 -267 5 1
-128 -267 3 1
-128 -267 4 2
-128 -267 5 1
-127 -267 3 1
-127 -267 4 2
-127 -267 5 1
-128 -264 6 1
-128 -265 6 0
-126 -266 2 1
-126 -266 3 2
-126 -266 4 1
-126 -265 2 1
-126 -265 3 2
-126 -265 4 1
-126 -264 2 1
-125 -266 2 1
-125 -266 3 1
-124 -266 2 1
-124 -266 3 1
-124 -266 4 1
-130 -265 3 1
-130 -264 3 1
-130 -263 3 1
-128 -264 2 1
-128 -263 2 1
-128 -262 2 1
-127 -264 2 1
-127 -263 2 1
-126 -263 2 1
-120 -251 7 0
-128 -251 4 1
-127 -251 4 1
-126 -251 4 1
-126 -251 5 2
-122 -251 5 0
-122 -252 4 1
-126 -251 3 1
-125 -251 3 1
-125 -251 4 1
-125 -251 5 2
-124 -251 3 2
-124 -251 4 2
-123 -253 9 0
-122 -251 7 0
-121 -251 7 0
-120 -252 7 0
-124 -251 7 0
-126 -251 7 1
-123 -251 6 0
-145 -255 18 0
-145 -255 19 0
-140 -261 15 0
-145 -260 15 0
-141 -265 16 0
-147 -270 12 0
-148 -275 9 1
-148 -274 7 1
-148 -274 8 2
-148 -274 9 1
-148 -273 7 1
-137 -266 7 1
-137 -266 9 1
-137 -265 7 1
-137 -265 8 2
-137 -264 7 1
-141 -257 17 0
-141 -257 18 0
-145 -262 17 0
-145 -263 17 0
-142 -260 15 0
-141 -260 16 0
-140 -261 17 0
-146 -260 16 0
-147 -260 16 0
-142 -256 16 0
-142 -255 16 0
-110 -275 5 0
-108 -277 6 0
-110 -281 6 0
-106 -280 6 0
-107 -280 6 0
-108 -279 6 0
-109 -282 8 0
-110 -279 7 0
-107 -278 8 0
-108 -278 8 0
-111 -281 9 0
-111 -280 9 0
-111 -280 8 0
-114 -277 10 0
-112 -277 9 0
-132 -269 17 0
-135 -270 16 0
-135 -270 17 0
-133 -266 17 0
-133 -270 14 0
-138 -261 11 2
-138 -262 12 1
-145 -259 11 2
-145 -259 10 2
-143 -263 12 1
-143 -264 12 0
-123 -251 14 0
-143 -275 11 0
-143 -275 12 0
-145 -276 12 0
-144 -276 13 0
-143 -277 13 0
-126 -256 7 1
-126 -256 8 1
-144 -275 13 0
-141 -275 12 2
-142 -275 13 1
-142 -275 14 0
-147 -275 12 0
-144 -276 14 0
-143 -278 14 0
-143 -273 13 0
-143 -274 13 0
-143 -274 14 0
-143 -275 14 0
-141 -276 14 0
-142 -276 14 0
-143 -276 14 0
-145 -274 14 0
-144 -280 14 0
-140 -273 14 0
-141 -273 14 0
-142 -275 15 0
-121 -259 5 0
-122 -260 6 0
-122 -261 6 0
-122 -272 10 0
-122 -271 10 0
-122 -270 10 0
-122 -269 10 0
-119 -276 9 0
-119 -277 9 0
-118 -277 9 0
-127 -274 9 0
-121 -274 9 0
-134 -277 2 1
-139 -278 3 1
-139 -278 4 2
-117 -281 4 1
-117 -281 3 1
-117 -281 2 1
-117 -282 4 1
-117 -282 3 2
-117 -282 2 1
-117 -283 4 1
-119 -279 9 0
-117 -283 2 1
-118 -281 3 1
-118 -281 2 2
-119 -278 8 0
-120 -277 5 0
-120 -277 6 0
-118 -283 3 1
-110 -280 5 1
-109 -282 3 1
-109 -282 4 1
-109 -282 5 1
-109 -281 3 1
-109 -281 4 2
-109 -281 5 1
-109 -280 3 2
-109 -280 4 2
-101 -267 2 2
-101 -267 3 1
-101 -268 9 0
-114 -278 1 1
-114 -278 2 2
-114 -278 3 1
-116 -279 5 0
-137 -251 16 0
-109 -271 6 0
-103 -275 6 0
-102 -275 5 0
-110 -276 6 0
-111 -277 5 0
-107 -272 6 0
-106 -271 6 0
-106 -271 5 0
-106 -270 5 0
-106 -275 6 0
-129 -255 18 0
-136 -256 18 0
-124 -278 13 0
-133 -278 13 0
-145 -271 11 0
-144 -266 9 1
-144 -266 10 2
-132 -269 9 2
-138 -270 7 2
-139 -271 6 1
-127 -276 6 0
-126 -276 7 0
-126 -276 8 0
-123 -277 6 0
-123 -276 7 0
-132 -253 11 1
-141 -254 13 0
-141 -253 13 0
-130 -269 12 1
-129 -270 12 0
-112 -267 2 2
-112 -267 3 1
-111 -267 1 1
-111 -267 2 2
-119 -263 10 0
-119 -262 10 0
-120 -261 9 0
-119 -256 10 0
-116 -260 11 0
-118 -259 10 0
-110 -267 1 1
-110 -267 2 2
-122 -262 12 0
-117 -256 12 0
-118 -257 11 0
-113 -270 5 0
-119 -261 12 0
-119 -260 12 0
-119 -260 11 0
-120 -256 12 0
-119 -258 13 0
-120 -258 12 0
-111 -269 7 0
-108 -265 7 0
-109 -265 6 0
-114 -266 8 0
-108 -269 8 0
-109 -268 7 0
-110 -264 9 0
-110 -264 8 0
-110 -265 7 0
-112 -268 9 0
-126 -281 10 0
-128 -282 8 0
-128 -283 9 0
-129 -283 10 0
-127 -280 8 0
-126 -283 8 0
-126 -283 9 0
-125 -284 9 0
-128 -281 6 0
-130 -281 8 0
-131 -281 9 0
-128 -283 7 0
-128 -284 7 0
-128 -285 8 0
-128 -285 9 0
-128 -280 7 0
-129 -282 6 0
-130 -282 7 0
-119 -254 3 2
-119 -253 1 1
-119 -253 2 1
-119 -253 3 2
-118 -255 1 1
-118 -255 2 1
-118 -255 3 2
-118 -254 1 1
-118 -254 3 1
-118 -253 1 1
-118 -253 2 1
-118 -253 3 2
-117 -259 3 2
-118 -260 2 1
-118 -260 3 2
-118 -260 4 1
-118 -259 2 1
-118 -259 3 2
-118 -259 4 1
-118 -258 2 1
-117 -260 2 2
-117 -260 3 1
-117 -260 4 1
-117 -259 2 1
-117 -259 4 1
-117 -258 2 2
-114 -261 1 1
-114 -261 2 1
-114 -261 3 1
-117 -258 1 1
-117 -257 1 1
-117 -257 2 2
-117 -257 3 2
-117 -256 1 1
-117 -256 2 1
-117 -256 3 2
-115 -258 7 0
-115 -258 8 0
-115 -258 9 0
-117 -258 6 0
-117 -258 7 0
-117 -259 8 0
-117 -259 9 0
-116 -256 7 0
-116 -255 7 0
-116 -255 8 0
-115 -259 6 0
-114 -260 7 0
-114 -260 8 0
-117 -258 5 0
-117 -257 5 0
-118 -257 6 0
-119 -257 7 0
-119 -257 8 0
-117 -260 6 0
-117 -261 6 0
-117 -262 7 0
-117 -256 5 0
-117 -255 6 0
-118 -255 6 0
-118 -254 7 0
-118 -258 5 0
-120 -259 6 0
-114 -254 5 0
-114 -253 6 0
-115 -260 5 0
-115 -261 5 0
-115 -262 5 0
-117 -257 4 1
-118 -257 4 1
-119 -256 5 0
-120 -255 5 0
-118 -261 4 1
-119 -262 4 1
-116 -255 4 1
-116 -254 4 0
-117 -253 4 1
-113 -260 4 0
-119 -258 4 1
-120 -258 4 1
-103 -258 2 2
-103 -257 0 1
-103 -257 1 1
-103 -257 2 2
-103 -256 0 1
-103 -256 1 1
-103 -256 2 2
-102 -255 0 1
-102 -255 1 2
-102 -255 2 2
-120 -253 4 1
-119 -255 4 1
-119 -254 4 1
-119 -253 4 1
-118 -255 4 1
-118 -254 4 1
-118 -253 4 1
-119 -260 2 1
-119 -260 3 1
-119 -260 4 1
-119 -259 2 1
-137 -264 12 0
-136 -264 11 0
-136 -263 11 1
-137 -253 13 0
-138 -253 13 0
-139 -264 12 1
-139 -255 15 0
-142 -253 16 0
-139 -253 17 0
-142 -251 18 0
-140 -270 11 0
-138 -271 9 1
-146 -256 15 1
-108 -281 6 0
-122 -274 7 0
-123 -274 8 0
-124 -275 9 0
-129 -274 7 0
-128 -274 8 0
-127 -275 8 0
-126 -275 9 0
-123 -279 7 0
-123 -278 8 0
-124 -278 8 0
-125 -276 9 0
-124 -271 8 0
-124 -272 8 0
-125 -273 9 0
-119 -283 2 1
-120 -276 9 0
-120 -273 9 0
-120 -277 7 0
-119 -278 7 0
-120 -274 8 0
-120 -273 8 0
-119 -281 10 0
-119 -280 9 0
-145 -270 16 0
-145 -271 17 0
-146 -265 17 0
-146 -264 17 0
-142 -269 16 0
-141 -269 16 0
-148 -270 17 0
-111 -271 7 0
-110 -271 5 0
-110 -270 5 0
-113 -275 4 0
-144 -265 15 0
-142 -270 14 0
-140 -271 14 0
-143 -266 14 0
-144 -271 14 0
-144 -273 13 0
-145 -266 14 0
-114 -274 6 0
-111 -271 5 0
-142 -268 14 0
-113 -273 4 0
-144 -266 14 0
-113 -280 1 1
-109 -276 1 1
-142 -272 12 0
-148 -267 12 0
-143 -267 13 0
-142 -267 13 0
-141 -267 12 0
-145 -287 3 1
-148 -289 5 2
-148 -290 4 1
-112 -271 5 0
-148 -291 5 2
-148 -291 4 1
-144 -278 7 1
-136 -269 17 0
-139 -279 7 1
-136 -265 8 2
-138 -267 10 1
-138 -266 8 2
-141 -265 9 1
-134 -266 11 1
-133 -266 11 2
-132 -265 10 2
-145 -258 11 2
-135 -257 15 0
-133 -257 19 0
-133 -257 18 0
-137 -259 13 2
-137 -259 12 1
-137 -260 13 1
-116 -275 2 2
-138 -260 15 0
-136 -254 14 0
-141 -257 14 1
-133 -254 14 0
-120 -281 9 0
-120 -282 9 0
-122 -282 7 0
-124 -274 7 0
-117 -278 6 0
-142 -265 13 0
-143 -266 13 0
-144 -266 12 0
-139 -265 13 0
-135 -274 9 2
-130 -278 10 0
-119 -275 8 0
-125 -276 8 0
-127 -277 8 0
-123 -274 9 0
-123 -273 9 0
-123 -272 8 0
-122 -271 8 0
-122 -270 7 0
-122 -277 8 0
-137 -253 17 0
-136 -261 17 0
-137 -254 12 1
-142 -259 15 0
-112 -273 11 0
-112 -273 10 0
-131 -280 11 0
-130 -274 13 0
-130 -275 12 0
-131 -276 12 0
-141 -261 10 1
-129 -279 13 0
-101 -273 5 0
-114 -272 4 0
-114 -273 5 0
-114 -273 6 0
-116 -274 4 1
-116 -274 5 0
-112 -275 4 1
-112 -274 5 0
-105 -276 5 1
-114 -274 7 0
-115 -270 4 0
-115 -271 5 0
-138 -262 17 0
-137 -262 18 0
-140 -265 15 0
-141 -267 17 0
-142 -257 10 1
-141 -274 14 0
-139 -272 14 0
-142 -277 14 0
-141 -275 14 0
-140 -275 14 0
-139 -275 14 0
-142 -272 13 0
-145 -274 12 0
-141 -274 13 1
-140 -274 13 1
-140 -274 12 1
-139 -273 11 1
-143 -273 11 0
-143 -272 11 0
-141 -276 13 1
-143 -275 13 0
-144 -275 12 0
-144 -275 11 0
-142 -274 12 1
-142 -274 11 1
-146 -284 12 0
-141 -267 8 1
-141 -267 9 1
-141 -267 10 2
-141 -266 8 1
-147 -255 12 2
-118 -278 6 0
-117 -277 6 0
-115 -276 4 0
-120 -281 4 1
-119 -274 2 1
-119 -274 3 1
-119 -274 4 1
-115 -280 1 1
-115 -280 2 1
-115 -280 3 1
-115 -279 1 1
-115 -279 2 2
-115 -279 3 1
-115 -278 1 1
-115 -278 2 2
-115 -278 3 1
-118 -278 5 0
-117 -279 5 0
-107 -269 9 0
-108 -276 8 0
-108 -277 8 0
-107 -278 9 0
-108 -273 7 0
-106 -273 8 0
-105 -273 8 0
-104 -273 8 0
-125 -268 13 0
-133 -256 17 0
-127 -255 16 0
-127 -255 17 0
-130 -259 16 0
-131 -260 16 0
-131 -261 17 0
-131 -254 16 0
-132 -253 16 0
-132 -257 15 0
-133 -258 15 0
-134 -258 16 0
-129 -260 15 0
-137 -261 9 2
-138 -259 9 1
-138 -260 9 1
-138 -261 9 1
-135 -262 9 2
-138 -265 8 2
-139 -264 8 1
-137 -265 12 0
-133 -261 15 0
-136 -262 16 0
-136 -260 9 1
-130 -267 14 0
-133 -261 13 1
-140 -260 8 1
-128 -260 11 1
-139 -262 12 1
-145 -262 14 0
-105 -254 6 0
-108 -255 6 0
-110 -257 7 0
-106 -255 8 0
-106 -256 7 0
-105 -258 9 0
-106 -258 8 0
-105 -255 5 0
-109 -255 6 0
-110 -258 7 0
-107 -256 8 0
-108 -260 8 0
-108 -260 7 0
-106 -259 9 0
-106 -259 8 0
-106 -259 7 0
-107 -258 7 0
-108 -261 8 0
-108 -261 7 0
-129 -264 19 0
-129 -263 18 0
-130 -262 16 0
-132 -263 19 0
-132 -262 18 0
-132 -262 17 0
-130 -262 20 0
-106 -261 9 0
-106 -261 8 0
-106 -261 7 0
-113 -262 10 0
-108 -262 8 0
-108 -263 7 0
-107 -265 9 0
-107 -261 6 0
-109 -264 5 0
-108 -263 8 0
-112 -266 8 0
-112 -267 9 0
-110 -263 9 0
-114 -268 8 0
-112 -265 6 0
-111 -265 6 0
-111 -265 7 0
-126 -262 6 0
-128 -266 10 0
-126 -265 8 0
-128 -264 7 0
-125 -264 7 0
-124 -264 7 0
-124 -265 7 0
-123 -266 7 0
-127 -267 6 0
-124 -263 6 0
-123 -263 6 0
-122 -263 5 0
-131 -266 4 1
-131 -266 5 2
-130 -266 4 2
-130 -266 5 2
-130 -266 6 1
-130 -265 4 2
-129 -266 6 1
-126 -264 6 0
-133 -271 3 1
-127 -274 5 1
-127 -274 4 1
-127 -274 3 1
-129 -274 6 0
-127 -272 7 0
-127 -270 11 0
-129 -271 9 0
-130 -267 16 0
-125 -253 11 2
-125 -255 12 1
-133 -273 15 0
-133 -274 15 0
-130 -271 13 0
-129 -272 14 0
-128 -272 15 0
-135 -272 14 0
-136 -272 14 0
-131 -272 13 1
-131 -275 14 0
-134 -252 13 0
-150 -251 12 2
-133 -251 13 0
-131 -251 13 0
-136 -251 15 0
-133 -253 16 0
-143 -251 16 0
-128 -265 8 0
-126 -267 9 0
-145 -252 19 0
-145 -252 18 0
-144 -251 17 0
-105 -261 7 0
-105 -261 8 0
-102 -263 5 0
-103 -264 6 0
-103 -266 7 0
-104 -263 5 0
-105 -263 5 0
-105 -263 6 0
-106 -264 6 0
-105 -260 5 0
-105 -266 5 0
-104 -262 4 0
-105 -262 4 0
-106 -262 4 0
-107 -262 4 0
-102 -264 4 0
-102 -265 4 0
-107 -266 1 1
-107 -266 2 2
-107 -266 3 1
-106 -266 1 1
-106 -266 2 2
-106 -266 3 1
-105 -266 1 1
-105 -266 2 2
-105 -266 3 1
-104 -265 1 1
-104 -265 2 2
-104 -265 3 1
-103 -265 1 1
-103 -265 2 2
-103 -265 3 1
-115 -279 8 0
-113 -280 9 0
-116 -281 8 0
-116 -282 8 0
-125 -274 8 0
-125 -273 8 0
-114 -276 12 0
-101 -263 8 0
-101 -263 9 0
-103 -263 5 0
-103 -263 6 0
-104 -264 8 0
-104 -264 9 0
-107 -268 5 0
-108 -267 6 0
-109 -267 6 0
-101 -268 5 0
-107 -269 4 0
-108 -269 4 0
-109 -269 4 0
-110 -269 4 0
-105 -270 4 0
-106 -270 4 0
-104 -270 8 0
-104 -270 9 0
-126 -265 6 0
-131 -264 4 2
-131 -263 4 2
-122 -251 6 0
-136 -268 10 1
-133 -265 11 1
-135 -264 12 0
-134 -263 16 0
-126 -251 16 0
-143 -254 11 2
-131 -281 10 0
-130 -280 10 0
-126 -276 12 0
-126 -277 11 0
-127 -277 11 0
-135 -275 12 1
-133 -276 11 0
-129 -282 12 0
-122 -279 13 0
-129 -281 12 0
-112 -276 1 1
-141 -265 13 0
-141 -266 12 0
-141 -266 11 1
-141 -267 11 1
-139 -264 13 0
-139 -265 12 0
-138 -265 11 1
-146 -260 8 1
-103 -273 7 0
-102 -272 8 0
-104 -272 7 0
-104 -270 7 0
-102 -276 7 0
-101 -277 6 0
-104 -275 6 0
-103 -274 6 0
-102 -273 6 0
-101 -273 6 0
-101 -272 6 0
-104 -277 6 0
-104 -278 6 0
-104 -279 6 0
-149 -260 16 0
-137 -277 11 1
-138 -278 11 1
-139 -279 11 1
-140 -280 11 0
-140 -280 12 0
-137 -284 12 0
-138 -284 12 0
-139 -283 12 0
-139 -282 12 0
-140 -282 12 0
-142 -276 12 1
-141 -277 12 1
-144 -285 12 0
-143 -284 12 0
-142 -283 12 0
-136 -268 6 2
-134 -251 12 1
-137 -267 6 1
-120 -254 15 0
-138 -266 6 1
-138 -267 6 1
-123 -279 9 0
-130 -271 3 1
-130 -271 4 2
-130 -271 5 1
-130 -270 3 1
-130 -270 4 2
-127 -269 3 2
-127 -269 4 1
-129 -270 9 0
-131 -271 8 1
-131 -272 9 1
-126 -270 9 0
-130 -271 7 0
-126 -268 7 0
-133 -273 7 1
-129 -270 7 0
-127 -271 7 0
-133 -270 5 1
-131 -271 6 1
-131 -272 6 1
-131 -273 6 1
-131 -274 6 0
-126 -269 5 1
-133 -271 5 2
-133 -271 6 2
-102 -254 5 0
-101 -253 5 0
-102 -253 6 0
-132 -268 9 1
-113 -272 7 0
-115 -282 7 0
-111 -282 8 0
-111 -281 8 0
-111 -280 7 0
-111 -279 7 0
-108 -279 9 0
-109 -279 8 0
-110 -278 7 0
-141 -269 11 0
-137 -272 12 1
-113 -280 8 0
-110 -276 9 0
-110 -280 10 0
-111 -279 10 0
-121 -272 6 0
-121 -271 5 0
-119 -274 8 0
-118 -275 7 0
-118 -275 6 0
-117 -275 5 0
-149 -286 4 1
-149 -286 5 1
-148 -286 4 1
-147 -286 4 1
-150 -286 11 0
-150 -287 10 0
-150 -288 10 0
-150 -289 10 0
-149 -286 9 0
-148 -287 9 0
-150 -288 7 1
-150 -287 7 2
-150 -286 7 2
-149 -288 5 2
-124 -252 15 0
-125 -251 14 0
-107 -282 3 1
-107 -282 4 1
-124 -262 12 0
-128 -268 12 0
-131 -262 11 1
-107 -281 5 1
-117 -280 7 0
-118 -279 7 0
-122 -282 8 0
-145 -268 18 0
-146 -266 16 0
-101 -270 5 0
-133 -256 13 0
-116 -282 6 0
-130 -257 13 0
-131 -258 12 0
-132 -259 11 1
-109 -272 4 0
-113 -275 6 0
-114 -276 5 0
-114 -277 4 0
-149 -286 12 0
-149 -279 12 0
-149 -280 12 0
-149 -281 12 0
-150 -282 13 0
-145 -284 12 0
-146 -284 13 0
-133 -271 14 0
-119 -278 4 1
-120 -251 11 0
-119 -278 11 0
-120 -278 10 0
-120 -275 12 0
-120 -253 14 0
-120 -251 15 0
-120 -271 9 0
-120 -272 9 0
-119 -278 10 0
-120 -277 10 0
-143 -259 13 0
-142 -256 9 1
-140 -262 12 1
-144 -259 9 1
-149 -261 17 0
-149 -263 15 0
-130 -254 18 0
-131 -258 17 0
-131 -258 16 0
-129 -257 19 0
-114 -280 10 0
-117 -279 11 0
-109 -269 1 1
-109 -269 2 2
-109 -269 3 1
-109 -268 1 1
-109 -268 2 2
-109 -268 3 1
-109 -267 1 1
-109 -267 2 2
-109 -267 3 1
-108 -269 1 1
-108 -269 2 2
-108 -269 3 1
-107 -269 1 1
-107 -269 2 2
-107 -269 3 1
-104 -266 4 0
-105 -266 4 0
-123 -263 9 0
-108 -264 1 1
-108 -264 2 2
-108 -264 3 1
-108 -263 1 1
-108 -263 2 2
-108 -263 3 1
-123 -260 10 0
-145 -259 18 0
-142 -259 17 0
-147 -256 18 0
-141 -255 17 0
-146 -259 13 0
-134 -277 14 0
-147 -260 12 0
-137 -257 19 0
-139 -258 17 0
-138 -255 17 0
-139 -281 7 0
-142 -279 6 2
-138 -279 6 0
-137 -280 6 0
-134 -265 17 0
-133 -269 15 0
-132 -270 16 0
-131 -266 16 0
-138 -273 10 1
-149 -254 16 0
-147 -259 9 1
-147 -260 11 1
-147 -260 9 1
-148 -260 11 1
-148 -260 10 2
-148 -260 9 1
-142 -254 11 2
-144 -258 13 1
-149 -258 12 0
-149 -258 13 0
-141 -256 13 1
-142 -256 13 1
-143 -256 13 1
-143 -254 17 0
-144 -258 18 0
-144 -256 19 0
-145 -256 16 0
-138 -260 10 1
-139 -259 12 1
-139 -259 10 1
-132 -254 12 0
-132 -253 12 0
-140 -278 8 1
-140 -279 9 1
-143 -280 11 0
-143 -280 10 0
-144 -279 9 0
-147 -290 9 0
-149 -292 11 0
-149 -291 10 0
-148 -290 13 0
-149 -290 12 0
-149 -289 12 0
-150 -289 11 0
-147 -288 5 2
-147 -288 4 1
-149 -292 6 1
-149 -292 5 1
-149 -292 4 1
-150 -292 6 2
-150 -292 5 1
-150 -292 4 1
-147 -290 7 0
-149 -292 8 0
-149 -291 8 0
-145 -290 9 0
-148 -291 10 0
-148 -290 10 0
-145 -289 12 0
-150 -291 12 0
-150 -290 12 0
-147 -290 13 0
-147 -289 12 0
-149 -289 9 0
-144 -288 11 0
-149 -291 12 0
-148 -290 11 0
-148 -289 11 0
-146 -289 13 0
-146 -289 12 0
-132 -273 10 0
-132 -272 11 1
-128 -270 9 0
-129 -270 10 0
-130 -271 11 0
-130 -273 11 0
-130 -267 10 2
-135 -274 10 1
-134 -273 11 1
-142 -263 15 0
-142 -265 16 0
-147 -258 16 0
-141 -260 15 0
-140 -260 15 0
-139 -259 15 0
-146 -255 15 1
-116 -259 10 0
-116 -259 11 0
-116 -263 8 0
-115 -263 9 0
-132 -286 9 0
-132 -285 9 0
-131 -285 8 0
-131 -284 8 0
-128 -281 9 0
-131 -277 5 1
-131 -276 3 1
-131 -276 5 1
-130 -277 3 1
-130 -277 4 1
-130 -277 5 1
-148 -268 13 0
-149 -267 13 0
-149 -266 13 0
-144 -270 13 0
-143 -270 13 0
-130 -278 6 0
-146 -268 13 0
-146 -267 13 0
-145 -266 12 0
-145 -272 13 0
-144 -274 11 0
-130 -275 11 0
-116 -266 8 0
-116 -265 8 0
-117 -264 7 0
-101 -258 8 0
-134 -286 6 0
-133 -285 6 0
-135 -283 7 0
-134 -281 7 0
-136 -287 7 0
-136 -286 7 0
-135 -285 7 0
-132 -288 8 0
-148 -275 11 0
-149 -274 12 0
-149 -269 12 0
-145 -273 12 0
-146 -272 12 0
-147 -272 12 0
-110 -274 9 0
-143 -267 17 0
-143 -268 16 0
-144 -268 16 0
-144 -268 15 0
-149 -268 18 0
-148 -268 17 0
-147 -269 17 0
-143 -271 18 0
-144 -271 17 0
-144 -270 17 0
-144 -270 16 0
-145 -266 19 0
-145 -267 18 0
-146 -262 11 1
-145 -262 9 1
-136 -275 14 0
-135 -277 13 0
-135 -277 12 0
-135 -283 14 0
-135 -282 13 0
-125 -272 12 0
-129 -252 15 0
-126 -280 12 0
-131 -252 16 0
-125 -281 12 0
-130 -274 11 0
-123 -275 11 0
-122 -275 11 0
-127 -273 10 0
-127 -272 11 0
-127 -271 11 0
-107 -276 11 0
-108 -273 9 0
-107 -272 9 0
-106 -272 10 0
-106 -272 11 0
-109 -275 8 0
-109 -276 9 0
-110 -277 10 0
-110 -278 10 0
-111 -270 10 0
-107 -274 8 0
-106 -275 9 0
-104 -256 4 0
-101 -259 7 0
-102 -258 7 0
-102 -258 6 0
-103 -254 7 0
-131 -278 15 0
-131 -278 16 0
-134 -280 15 0
-132 -277 13 0
-132 -276 14 0
-132 -275 15 0
-131 -279 12 0
-116 -280 10 0
-115 -280 11 0
-115 -277 9 0
-114 -276 10 0
-118 -280 9 0
-118 -281 9 0
-118 -282 10 0
-119 -273 11 0
-114 -272 10 0
-114 -272 11 0
-113 -271 12 0
-116 -275 10 0
-117 -277 11 0
-115 -274 9 0
-114 -274 9 0
-114 -274 10 0
-101 -259 3 1
-101 -259 2 1
-101 -259 1 2
-101 -260 3 1
-101 -260 2 2
-101 -262 4 0
-101 -266 7 0
-101 -263 3 1
-134 -270 11 1
-134 -269 10 2
-136 -270 12 1
-135 -265 5 1
-132 -268 8 1
-137 -270 9 1
-138 -270 9 1
-139 -269 9 1
-139 -270 9 1
-139 -268 10 1
-141 -268 10 1
-112 -276 6 0
-113 -276 5 0
-108 -272 6 0
-108 -271 6 0
-108 -270 5 0
-134 -278 13 0
-138 -279 13 0
-135 -278 13 0
-137 -281 16 0
-137 -280 15 0
-136 -280 14 0
-134 -279 16 0
-105 -270 9 0
-105 -271 9 0
-106 -271 8 0
-107 -273 7 0
-110 -275 9 0
-126 -278 7 0
-103 -276 9 0
-120 -271 10 0
-105 -275 8 0
-109 -270 10 0
-120 -276 2 1
-138 -255 9 1
-139 -255 11 2
-139 -255 10 2
-139 -255 9 1
-138 -252 13 0
-128 -256 18 0
-130 -257 16 0
-149 -262 18 0
-130 -257 19 0
-141 -278 9 1
-139 -273 10 1
-136 -276 10 1
-137 -275 10 2
-132 -279 10 0
-131 -279 10 0
-132 -282 9 0
-132 -282 8 0
-133 -268 9 1
-133 -257 16 0
-134 -256 16 0
-148 -285 6 2
-148 -285 5 2
-129 -255 17 0
-113 -281 4 1
-111 -276 3 2
-131 -286 4 1
-130 -286 2 1
-130 -286 3 1
-130 -286 4 1
-132 -283 2 1
-132 -283 3 2
-132 -283 4 1
-130 -282 9 0
-143 -274 15 0
-143 -279 18 0
-139 -273 18 0
-140 -273 17 0
-140 -274 17 0
-141 -274 16 0
-146 -274 18 0
-140 -278 18 0
-141 -277 18 0
-141 -277 17 0
-142 -272 19 0
-119 -278 9 0
-144 -263 13 0
-138 -262 13 0
-134 -276 10 0
-108 -276 4 1
-135 -278 11 0
-108 -275 2 2
-150 -254 19 0
-148 -253 15 0
-148 -253 16 0
-147 -255 18 0
-146 -251 17 0
-144 -255 9 1
-150 -255 13 1
-150 -254 11 1
-146 -253 12 2
-146 -253 11 1
-143 -256 9 1
-149 -255 10 2
-149 -255 9 2
-132 -270 13 1
-149 -256 10 2
-149 -256 9 1
-134 -253 11 1
-149 -257 11 1
-149 -257 10 2
-149 -257 9 1
-146 -259 9 1
-146 -260 11 1
-147 -259 11 1
-124 -262 10 0
-125 -262 11 0
-127 -259 9 2
-126 -259 10 1
-126 -260 10 1
-122 -260 9 0
-125 -254 18 0
-129 -253 18 0
-101 -274 5 0
-137 -270 6 2
-139 -284 4 1
-140 -283 5 2
-140 -283 4 1
-140 -284 6 1
-140 -284 5 2
-140 -284 4 1
-141 -286 14 0
-142 -285 13 0
-142 -283 13 0
-141 -277 14 0
-126 -272 14 0
-125 -272 15 0
-129 -277 14 0
-129 -278 14 0
-125 -275 13 0
-127 -271 12 0
-124 -273 12 0
-127 -274 11 0
-125 -271 11 0
-125 -270 10 0
-120 -260 7 0
-144 -288 12 0
-118 -254 6 0
-146 -292 7 0
-118 -261 6 0
-118 -262 6 0
-122 -256 6 0
-123 -256 6 0
-124 -255 6 1
-123 -258 5 1
-124 -258 4 1
-120 -262 4 1
-123 -260 3 2
-124 -261 2 1
-124 -261 3 2
-124 -261 4 1
-124 -260 2 1
-123 -261 3 2
-123 -261 4 1
-123 -260 2 1
-123 -260 4 1
-123 -259 2 1
-123 -259 3 2
-123 -259 4 1
-127 -251 9 2
-127 -251 8 1
-127 -251 16 0
-127 -251 17 0
-127 -251 18 0
-129 -252 16 0
-130 -253 17 0
-127 -253 16 0
-126 -254 17 0
-104 -265 4 0
-105 -265 4 0
-131 -251 16 0
-105 -268 1 1
-105 -268 2 2
-105 -268 3 1
-104 -268 1 1
-104 -268 2 2
-104 -268 3 1
-141 -257 15 0
-140 -257 15 0
-103 -266 3 1
-146 -260 15 0
-125 -254 15 0
-130 -266 13 1
-102 -265 8 0
-102 -265 9 0
-104 -266 6 0
-104 -266 7 0
-105 -266 8 0
-103 -266 5 0
-102 -267 7 0
-102 -267 8 0
-101 -268 8 0
-105 -265 6 0
-105 -265 7 0
-106 -265 7 0
-107 -264 8 0
-101 -264 6 0
-104 -269 7 0
-108 -267 7 0
-103 -267 5 0
-102 -268 5 0
-117 -268 1 1
-120 -269 4 1
-119 -268 4 1
-119 -268 5 0
-119 -267 6 0
-121 -265 5 0
-120 -265 6 0
-116 -269 5 0
-117 -269 5 0
-122 -268 5 0
-121 -268 6 0
-121 -267 6 0
-120 -267 6 0
-114 -266 5 0
-115 -266 6 0
-116 -266 6 0
-121 -263 6 0
-120 -264 7 0
-119 -270 6 0
-119 -269 7 0
-118 -268 7 0
-120 -266 7 0
-115 -269 7 0
-115 -268 7 0
-116 -268 7 0
-117 -267 7 0
-117 -266 7 0
-120 -265 8 0
-117 -270 9 0
-117 -269 8 0
-118 -269 8 0
-118 -268 8 0
-118 -267 7 0
-121 -267 8 0
-114 -267 10 0
-136 -286 2 1
-136 -286 3 2
-136 -286 4 1
-136 -285 2 1
-136 -285 3 2
-136 -285 4 1
-135 -287 2 1
-135 -287 3 1
-135 -287 4 1
-135 -286 2 1
-135 -286 4 1
-135 -285 2 1
-135 -285 3 2
-135 -285 4 1
-134 -285 5 0
-136 -284 2 1
-136 -284 3 2
-136 -284 4 1
-137 -280 5 0
-141 -278 6 2
-141 -278 7 1
-141 -281 3 1
-141 -281 4 1
-141 -281 5 2
-141 -280 3 1
-141 -280 4 1
-139 -279 6 1
-135 -280 2 1
-135 -280 3 1
-135 -280 4 1
-123 -252 15 0
-135 -285 8 0
-135 -286 9 0
-136 -287 10 0
-135 -282 8 0
-130 -285 9 0
-135 -284 7 0
-134 -282 8 0
-134 -286 8 0
-133 -287 8 0
-133 -288 8 0
-136 -282 7 0
-136 -285 7 0
-137 -286 7 0
-148 -259 18 0
-149 -258 16 0
-132 -266 8 2
-137 -271 12 1
-137 -270 12 1
-149 -256 19 0
-125 -254 8 1
-125 -254 9 1
-128 -255 8 1
-128 -255 9 1
-127 -255 10 1
-127 -255 11 1
-124 -256 9 0
-135 -266 16 0
-136 -266 16 0
-137 -266 15 0
-137 -265 15 0
-140 -269 17 0
-110 -276 5 0
-110 -276 4 1
-110 -277 4 1
-110 -271 4 0
-106 -275 3 2
-106 -276 2 1
-106 -276 3 2
-106 -276 4 1
-106 -275 2 1
-106 -275 4 1
-106 -274 2 2
-106 -274 3 1
-106 -274 4 1
-105 -276 2 1
-105 -276 3 2
-105 -276 4 1
-105 -275 2 1
-105 -275 3 2
-105 -275 4 1
-105 -274 2 2
-129 -265 16 0
-110 -273 8 0
-109 -273 8 0
-108 -272 9 0
-111 -278 8 0
-112 -275 10 0
-114 -279 11 0
-113 -279 10 0
-111 -277 11 0
-111 -277 10 0
-112 -276 2 2
-144 -252 17 0
-112 -277 3 2
-148 -255 19 0
-114 -282 3 1
-125 -281 8 0
-111 -276 4 1
-121 -279 9 0
-149 -274 9 1
-136 -270 18 0
-136 -270 19 0
-139 -271 18 0
-139 -271 19 0
-137 -267 19 0
-135 -272 18 0
-141 -269 18 0
-141 -269 12 0
-133 -271 17 0
-136 -269 19 0
-139 -270 19 0
-137 -266 19 0
-136 -270 17 0
-123 -278 9 0
-121 -273 9 0
-128 -275 9 0
-121 -277 10 0
-122 -276 10 0
-124 -270 10 0
-124 -271 10 0
-124 -272 10 0
-130 -278 5 1
-128 -287 2 1
-122 -274 11 0
-145 -293 5 1
-145 -293 6 1
-145 -292 4 1
-145 -292 5 2
-145 -292 6 1
-147 -297 5 1
-147 -297 6 1
-139 -253 14 0
-138 -252 17 0
-139 -251 15 0
-136 -259 11 2
-141 -251 18 0
-135 -255 13 0
-149 -294 10 0
-148 -294 12 0
-148 -294 13 0
-150 -295 12 0
-136 -264 17 0
-149 -291 13 0
-148 -295 10 0
-147 -296 12 0
-145 -255 13 1
-145 -255 12 1
-148 -293 10 0
-147 -293 10 0
-146 -292 12 0
-150 -292 9 0
-150 -292 10 0
-147 -295 10 0
-146 -295 10 0
-145 -295 11 0
-148 -297 9 0
-123 -255 14 0
-147 -293 9 0
-146 -293 9 0
-145 -293 9 0
-144 -293 9 0
-149 -293 8 0
-147 -296 8 0
-146 -296 8 0
-145 -297 8 0
-147 -294 8 0
-146 -294 7 0
-145 -294 7 0
-148 -297 4 1
-147 -297 4 1
-146 -297 4 1
-146 -297 5 1
-144 -293 4 1
-144 -293 5 1
-144 -293 6 1
-121 -277 12 0
-124 -274 11 0
-124 -273 11 0
-123 -272 11 0
-123 -271 12 0
-124 -278 11 0
-124 -279 11 0
-124 -280 11 0
-128 -274 11 0
-128 -273 11 0
-124 -275 10 0
-123 -275 10 0
-122 -275 10 0
-121 -274 11 0
-128 -279 10 0
-125 -272 10 0
-124 -264 16 0
-124 -264 17 0
-128 -261 16 0
-109 -271 7 0
-138 -257 10 1
-149 -262 9 1
-138 -252 10 2
-138 -252 9 1
-148 -262 7 1
-149 -262 8 1
-149 -262 7 1
-146 -263 13 0
-148 -262 17 0
-149 -259 18 0
-149 -263 9 1
-150 -262 11 1
-150 -262 10 2
-139 -251 11 2
-139 -251 9 1
-136 -284 5 1
-137 -284 5 1
-138 -284 3 1
-135 -284 5 0
-136 -286 5 1
-136 -287 5 1
-134 -286 5 0
-138 -281 6 1
-136 -288 6 0
-136 -287 6 0
-136 -286 6 0
-140 -284 7 1
-139 -284 7 1
-138 -284 7 0
-132 -287 7 0
-130 -277 9 0
-129 -277 8 0
-114 -274 4 0
-136 -284 7 0
-111 -274 4 1
-135 -287 8 0
-135 -286 8 0
-138 -285 8 0
-137 -284 7 0
-137 -287 10 0
-132 -284 7 0
-131 -283 6 0
-132 -282 7 0
-129 -287 8 0
-130 -286 7 0
-130 -285 7 0
-129 -279 8 0
-135 -284 8 0
-128 -283 8 0
-132 -279 8 0
-128 -255 16 0
-125 -253 18 0
-126 -253 17 0
-126 -253 14 0
-129 -261 16 0
-135 -251 12 1
-124 -261 15 0
-142 -261 12 1
-135 -270 14 0
-133 -263 12 1
-141 -252 13 0
-141 -251 13 0
-137 -251 13 0
-137 -252 13 0
-144 -263 10 2
-134 -276 11 0
-136 -282 11 0
-135 -281 11 0
-148 -253 17 0
-134 -266 16 0
-129 -254 8 1
-126 -253 11 2
-126 -253 10 2
-126 -253 9 2
-126 -252 8 1
-137 -279 6 0
-135 -279 14 0
-135 -279 15 0
-140 -265 10 2
-147 -251 14 0
-138 -266 12 0
-118 -283 4 1
-118 -282 2 1
-118 -282 4 1
-117 -283 3 1
-116 -274 3 1
-139 -252 9 1
-148 -261 13 0
-148 -251 14 0
-145 -252 11 1
-136 -251 13 0
-108 -278 10 0
-108 -277 10 0
-108 -276 9 0
-133 -259 16 0
-133 -260 17 0
-134 -261 17 0
-134 -255 16 0
-134 -254 17 0
-135 -253 17 0
-136 -258 16 0
-137 -259 17 0
-132 -259 15 0
-132 -260 15 0
-138 -261 18 0
-142 -266 17 0
-149 -251 11 1
-149 -251 12 2
-149 -251 13 1
-140 -263 15 0
-139 -264 16 0
-138 -264 16 0
-137 -264 17 0
-148 -251 11 1
-148 -251 12 2
-148 -251 13 1
-145 -265 17 0
-140 -259 16 0
-139 -259 16 0
-147 -251 11 1
-147 -251 12 2
-140 -266 16 0
-140 -267 16 0
-139 -262 15 0
-138 -262 15 0
-137 -262 15 0
-136 -262 15 0
-142 -264 15 0
-109 -264 8 0
-108 -264 8 0
-110 -266 6 0
-114 -267 6 0
-116 -267 7 0
-110 -262 6 0
-111 -267 5 0
-109 -265 5 0
-114 -270 5 0
-110 -264 5 0
-109 -263 4 0
-108 -262 4 0
-112 -270 4 0
-110 -266 4 0
-113 -267 4 0
-114 -267 4 0
-111 -265 4 0
-111 -263 4 0
-111 -266 4 0
-109 -270 7 0
-113 -277 7 0
-113 -278 7 0
-142 -278 3 1
-142 -278 4 1
-142 -277 3 1
-142 -277 4 1
-138 -275 4 1
-150 -265 16 0
-150 -266 18 0
-150 -266 17 0
-149 -266 8 1
-149 -267 8 1
-150 -266 12 0
-150 -269 12 0
-150 -263 17 0
-149 -266 18 0
-149 -266 17 0
-150 -266 15 0
-148 -266 12 0
-150 -268 8 1
-150 -269 8 1
-150 -270 8 1
-149 -265 12 0
-150 -267 12 0
-149 -264 13 0
-149 -265 14 0
-147 -264 14 0
-150 -267 14 0
-149 -269 16 0
-149 -269 15 0
-150 -265 15 0
-148 -263 17 0
-148 -264 16 0
-148 -264 15 0
-149 -267 18 0
-149 -266 16 0
-148 -266 15 0
-147 -266 18 0
-144 -267 7 1
-145 -267 7 1
-145 -268 7 1
-147 -266 12 0
-149 -268 8 1
-149 -269 8 1
-149 -270 8 1
-148 -265 12 0
-149 -267 12 0
-147 -269 12 0
-148 -265 14 0
-150 -267 15 0
-150 -265 17 0
-149 -265 16 0
-149 -265 15 0
-147 -263 16 0
-148 -267 17 0
-148 -266 16 0
-145 -266 18 0
-146 -266 8 1
-146 -266 7 1
-146 -267 8 1
-146 -267 7 1
-147 -266 8 1
-147 -266 7 1
-147 -267 7 1
-148 -266 8 1
-148 -266 7 1
-148 -267 8 2
-148 -267 7 1
-147 -267 8 2
-142 -266 7 1
-143 -266 7 1
-143 -267 7 1
-145 -267 12 0
-144 -264 12 0
-146 -265 13 0
-150 -266 13 0
-147 -266 13 0
-146 -266 13 0
-146 -263 15 0
-148 -265 17 0
-148 -264 14 0
-145 -265 14 0
-146 -266 15 0
-143 -266 18 0
-144 -268 12 0
-148 -267 13 0
-147 -267 13 0
-147 -266 17 0
-145 -269 12 0
-143 -267 8 1
-144 -267 8 2
-145 -267 8 1
-145 -268 8 1
-145 -264 12 0
-143 -269 11 1
-140 -268 18 0
-116 -275 4 1
-144 -268 8 1
-144 -268 7 1
-144 -269 7 1
-142 -270 17 0
-139 -268 18 0
-143 -270 12 0
-139 -266 18 0
-141 -269 17 0
-143 -268 7 1
-136 -266 17 0
-138 -268 17 0
-142 -267 7 1
-142 -268 7 1
-140 -269 18 0
-141 -267 18 0
-133 -275 13 0
-116 -283 2 1
-109 -277 9 0
-112 -279 1 1
-109 -277 4 1
-109 -277 3 2
-107 -267 8 0
-101 -265 8 0
-105 -270 6 0
-105 -271 8 0
-107 -269 6 0
-103 -270 5 0
-106 -266 5 0
-107 -266 5 0
-106 -261 3 1
-106 -261 2 2
-106 -261 1 1
-105 -265 3 1
-105 -265 2 2
-105 -265 1 1
-106 -265 3 1
-106 -265 2 2
-106 -265 1 1
-107 -263 3 1
-107 -263 2 2
-107 -263 1 1
-107 -264 3 1
-107 -264 2 2
-107 -264 1 1
-107 -265 3 1
-107 -265 2 2
-107 -265 1 1
-102 -263 4 0
-131 -265 4 1
-107 -261 4 0
-106 -261 4 0
-105 -261 4 0
-104 -261 4 0
-104 -265 5 0
-103 -263 4 0
-102 -262 4 0
-105 -259 5 0
-101 -264 5 0
-101 -263 5 0
-106 -263 6 0
-104 -262 5 0
-126 -266 8 0
-103 -265 7 0
-102 -264 6 0
-102 -262 5 0
-105 -260 8 0
-104 -260 7 0
-103 -261 6 0
-103 -262 9 0
-103 -262 8 0
-103 -262 7 0
-102 -261 6 0
-101 -261 8 0
-126 -262 2 1
-127 -260 2 1
-127 -261 2 1
-127 -262 2 1
-125 -262 5 0
-103 -263 3 1
-103 -263 2 1
-103 -263 1 1
-104 -263 3 1
-104 -263 2 2
-104 -263 1 1
-104 -264 3 1
-104 -264 2 2
-104 -264 1 1
-105 -263 3 1
-105 -263 1 1
-105 -264 3 1
-105 -264 2 2
-105 -264 1 1
-106 -262 3 1
-106 -262 2 2
-106 -262 1 1
-106 -263 3 1
-106 -263 2 2
-106 -263 1 1
-106 -264 3 1
-106 -264 2 2
-106 -264 1 1
-126 -263 6 0
-135 -273 12 2
-132 -276 13 0
-145 -284 15 0
-125 -271 13 0
-138 -279 10 0
-139 -283 8 0
-138 -282 8 0
-138 -282 9 0
-134 -278 8 0
-135 -279 9 0
-136 -279 10 0
-137 -280 11 0
-141 -279 8 1
-139 -279 10 1
-135 -284 9 0
-136 -283 9 0
-136 -276 9 1
-137 -276 9 1
-137 -277 10 1
-137 -278 10 0
-126 -279 7 0
-123 -275 8 0
-122 -273 7 0
-122 -273 6 0
-122 -278 7 0
-121 -280 6 0
-121 -281 6 0
-116 -276 7 0
-117 -277 7 0
-132 -252 10 1
-132 -251 10 1
-132 -251 11 1
-126 -259 17 0
-123 -280 7 0
-125 -282 9 0
-125 -282 10 0
-122 -283 9 0
-125 -280 7 0
-126 -280 7 0
-124 -282 6 0
-124 -283 7 0
-124 -284 7 0
-125 -284 8 0
-125 -281 5 0
-126 -282 6 0
-143 -267 15 0
-147 -268 18 0
-147 -268 17 0
-146 -281 10 0
-145 -278 12 0
-147 -280 11 0
-148 -280 11 0
-124 -268 4 1
-124 -268 3 2
-124 -268 2 1
-125 -268 3 1
-125 -268 2 1
-123 -266 4 1
-122 -268 6 0
-123 -268 6 0
-123 -271 7 0
-124 -270 7 0
-124 -269 7 0
-122 -266 8 0
-124 -267 8 0
-137 -269 12 0
-149 -281 10 0
-149 -283 10 0
-148 -289 12 0
-148 -288 11 0
-150 -289 14 0
-144 -289 6 1
-145 -288 6 1
-146 -290 7 0
-146 -289 7 1
-148 -292 8 0
-136 -271 13 1
-148 -291 8 0
-148 -290 8 0
-144 -290 9 0
-145 -289 9 0
-150 -291 10 0
-150 -290 9 0
-149 -282 7 1
-149 -288 9 0
-146 -291 10 0
-146 -290 10 0
-147 -290 10 0
-147 -289 10 0
-144 -283 4 1
-144 -284 4 1
-145 -283 4 1
-145 -284 4 1
-149 -284 7 2
-150 -282 7 1
-146 -288 11 0
-147 -288 11 0
-149 -288 14 0
-150 -279 8 2
-148 -287 8 1
-148 -285 9 0
-148 -289 4 1
-148 -290 6 1
-145 -284 9 0
-148 -291 6 1
-150 -284 9 0
-146 -277 11 0
-150 -278 12 0
-150 -282 17 0
-149 -282 16 0
-144 -285 17 0
-145 -284 16 0
-145 -283 15 0
-146 -280 17 0
-146 -280 16 0
-124 -285 3 2
-124 -285 2 1
-129 -282 4 1
-129 -282 3 2
-129 -282 2 1
-129 -283 4 1
-129 -283 2 1
-129 -284 4 1
-129 -284 3 2
-129 -284 2 1
-130 -282 4 1
-130 -282 3 2
-130 -282 2 1
-130 -283 4 1
-130 -283 3 1
-130 -283 2 1
-141 -254 11 2
-141 -254 10 1
-142 -254 12 1
-127 -279 13 0
-126 -279 13 0
-149 -291 6 1
-129 -275 12 0
-129 -274 12 0
-128 -273 12 0
-129 -280 12 0
-108 -269 5 0
-108 -275 6 0
-108 -276 6 0
-107 -277 5 1
-113 -272 4 0
-107 -273 6 0
-149 -290 9 0
-148 -289 9 0
-145 -291 10 0
-145 -290 10 0
-145 -289 10 0
-142 -288 11 0
-143 -288 11 0
-147 -290 12 0
-147 -289 11 0
-127 -281 3 2
-127 -281 4 1
-121 -284 2 1
-121 -284 3 1
-109 -262 8 0
-105 -263 8 0
-109 -257 7 0
-111 -262 6 0
-106 -260 8 0
-106 -260 9 0
-108 -260 6 0
-149 -259 13 0
-134 -271 11 2
-137 -268 10 0
-131 -266 6 2
-131 -265 6 2
-131 -264 6 2
-101 -279 8 0
-101 -280 2 1
-124 -256 12 0
-138 -278 13 1
-138 -277 13 1
-137 -276 13 1
-138 -283 12 0
-129 -281 10 0
-150 -273 17 0
-134 -258 18 0
-134 -258 19 0
-132 -255 17 0
-132 -255 18 0
-132 -254 19 0
-132 -258 16 0
-131 -259 18 0
-118 -275 4 1
-135 -256 17 0
-143 -252 16 0
-136 -252 12 1
-139 -252 13 0
-138 -251 13 0
-134 -252 14 0
-148 -289 10 0
-149 -288 10 0
-148 -287 12 0
-149 -287 11 0
-141 -269 8 2
-141 -269 7 1
-150 -288 14 0
-150 -286 15 0
-141 -270 7 1
-142 -266 11 1
-142 -267 11 1
-139 -270 11 0
-138 -269 5 1
-138 -270 5 1
-131 -263 6 2
-140 -269 9 1
-140 -269 8 2
-140 -269 7 1
-140 -270 9 1
-143 -282 16 0
-143 -282 17 0
-146 -283 16 0
-146 -283 17 0
-149 -290 10 0
-130 -256 9 1
-133 -257 17 0
-132 -257 19 0
-149 -288 13 0
-149 -288 12 0
-135 -258 19 0
-133 -255 17 0
-133 -255 18 0
-133 -254 19 0
-132 -259 18 0
-135 -257 16 0
-136 -256 17 0
-130 -255 18 0
-134 -259 16 0
-134 -260 17 0
-135 -255 16 0
-135 -254 17 0
-129 -258 17 0
-135 -272 3 1
-137 -258 16 0
-138 -259 17 0
-133 -260 15 0
-143 -279 14 0
-135 -256 15 0
-137 -255 15 0
-138 -254 16 0
-119 -270 7 0
-119 -271 8 0
-119 -272 8 0
-123 -276 8 0
-115 -274 8 0
-116 -274 8 0
-117 -274 8 0
-118 -274 9 0
-123 -270 8 0
-122 -272 8 0
-121 -272 9 0
-120 -279 8 0
-116 -270 9 0
-117 -271 9 0
-130 -256 12 0
-124 -255 12 1
-123 -254 12 0
-139 -266 14 0
-138 -267 14 0
-138 -268 15 0
-149 -285 13 0
-137 -264 14 0
-136 -264 14 0
-135 -264 15 0
-134 -264 15 0
-141 -268 14 0
-142 -269 14 0
-140 -260 14 0
-137 -267 14 0
-135 -268 14 0
-143 -265 14 0
-138 -263 14 0
-120 -270 9 0
-120 -269 9 0
-126 -251 17 0
-127 -253 13 0
-128 -253 14 0
-129 -253 15 0
-129 -253 16 0
-149 -268 15 0
-150 -269 14 0
-150 -270 14 0
-130 -273 8 0
-147 -274 15 0
-148 -274 15 0
-150 -273 14 0
-130 -263 10 1
-124 -268 10 0
-126 -260 11 1
-148 -271 16 0
-149 -271 15 0
-150 -272 14 0
-125 -264 12 0
-137 -277 15 0
-136 -282 14 0
-135 -282 15 0
-129 -260 13 2
-131 -254 13 0
-133 -259 11 2
-134 -260 10 2
-134 -260 11 2
-134 -260 12 2
-129 -281 11 0
-128 -281 11 0
-128 -275 10 0
-132 -281 10 0
-132 -282 10 0
-132 -283 10 0
-134 -275 10 1
-139 -287 5 1
-139 -286 3 1
-139 -286 4 1
-139 -286 5 2
-139 -285 3 1
-139 -285 4 1
-139 -285 5 1
-138 -287 3 1
-138 -287 4 1
-138 -287 5 1
-138 -286 3 1
-138 -286 5 2
-138 -285 3 1
-138 -285 4 1
-135 -261 11 1
-135 -261 12 1
-119 -281 9 0
-119 -282 9 0
-132 -269 4 1
-132 -269 5 1
-132 -269 6 2
-132 -268 4 1
-131 -278 12 0
-132 -278 12 0
-134 -279 11 0
-130 -275 10 0
-131 -276 10 0
-126 -268 17 0
-128 -274 10 0
-130 -273 9 0
-114 -271 8 0
-113 -271 8 0
-113 -270 8 0
-116 -275 8 0
-116 -276 8 0
-116 -277 8 0
-116 -278 7 0
-118 -271 8 0
-112 -274 7 0
-111 -274 7 0
-119 -275 7 0
-116 -273 8 0
-150 -261 16 0
-150 -261 17 0
-135 -275 3 1
-135 -276 3 1
-131 -276 4 2
-135 -276 6 1
-135 -276 5 1
-135 -276 4 2
-136 -276 6 1
-136 -276 5 1
-136 -276 4 2
-137 -276 6 1
-137 -276 5 1
-137 -276 4 2
-129 -273 6 0
-132 -263 6 2
-133 -261 6 1
-116 -272 7 0
-117 -272 6 0
-117 -271 5 0
-117 -270 5 0
-115 -274 7 0
-115 -274 6 0
-114 -274 5 0
-114 -275 4 0
-117 -274 6 0
-118 -274 5 0
-118 -274 4 1
-149 -282 12 0
-148 -282 11 0
-140 -278 12 1
-136 -284 13 0
-136 -284 12 0
-136 -283 12 0
-137 -282 12 0
-135 -276 13 1
-131 -260 13 2
-131 -260 12 2
-131 -261 13 1
-131 -261 12 1
-130 -260 13 2
-116 -275 1 1
-135 -257 13 0
-132 -257 14 0
-133 -261 14 1
-132 -260 14 1
-132 -259 14 1
-131 -258 14 0
-134 -254 15 0
-101 -267 4 0
-102 -271 5 0
-101 -271 5 0
-102 -268 6 0
-101 -269 6 0
-102 -272 7 0
-101 -272 7 0
-101 -270 9 0
-101 -269 3 1
-101 -269 2 2
-101 -269 1 1
-102 -269 3 1
-102 -269 2 2
-102 -269 1 1
-103 -269 3 1
-103 -269 2 2
-103 -269 1 1
-101 -268 4 0
-102 -272 5 0
-102 -269 6 0
-102 -273 7 0
-101 -271 9 0
-101 -270 3 1
-101 -270 2 2
-101 -270 1 1
-102 -270 3 1
-102 -270 2 2
-102 -270 1 1
-103 -270 3 1
-103 -270 2 2
-103 -270 1 1
-101 -269 4 0
-102 -270 6 0
-141 -268 11 1
-137 -262 12 1
-137 -261 11 1
-137 -267 12 0
-136 -268 12 1
-136 -269 11 1
-141 -265 11 1
-139 -284 11 0
-150 -283 16 0
-145 -253 19 0
-146 -257 10 1
-147 -256 10 2
-142 -258 11 2
-136 -281 10 0
-146 -254 12 2
-146 -254 11 2
-146 -255 13 1
-146 -255 12 2
-146 -256 12 1
-138 -279 11 0
-143 -255 12 1
-143 -255 11 2
-143 -255 10 1
-143 -256 12 1
-147 -276 18 0
-147 -280 20 0
-149 -274 20 0
-149 -275 19 0
-149 -275 18 0
-149 -276 17 0
-149 -277 17 0
-141 -262 8 1
-141 -263 8 1
-142 -262 8 1
-136 -267 16 0
-137 -265 17 0
-142 -263 8 1
-142 -264 8 1
-111 -275 10 0
-110 -275 10 0
-114 -272 8 0
-114 -272 9 0
-113 -271 9 0
-113 -270 9 0
-144 -255 17 0
-146 -254 15 1
-147 -254 17 0
-142 -255 18 0
-148 -256 17 0
-143 -259 18 0
-137 -253 12 1
-136 -252 9 1
-136 -252 10 2
-139 -265 15 0
-138 -265 17 0
-138 -265 18 0
-138 -265 19 0
-127 -273 9 0
-128 -272 9 0
-123 -276 9 0
-122 -276 9 0
-121 -276 9 0
-128 -277 8 0
-125 -274 9 0
-137 -267 17 0
-137 -267 18 0
-137 -264 16 0
-136 -263 17 0
-139 -266 15 0
-140 -268 16 0
-125 -258 15 0
-124 -258 17 0
-124 -258 18 0
-126 -258 15 0
-127 -259 16 0
-119 -280 8 0
-102 -265 3 1
-101 -265 1 1
-101 -265 2 2
-101 -264 2 2
-128 -278 12 0
-116 -280 1 1
-127 -265 14 0
-124 -257 13 0
-124 -256 14 0
-143 -258 15 0
-142 -259 16 0
-141 -259 16 0
-140 -259 17 0
-146 -259 15 0
-111 -275 7 0
-111 -276 7 0
-111 -277 7 0
-111 -278 6 0
-145 -254 11 2
-136 -265 16 0
-136 -264 16 0
-114 -267 1 1
-114 -267 2 2
-114 -267 3 1
-111 -251 5 0
-114 -266 2 2
-114 -266 3 1
-117 -265 5 0
-116 -266 4 1
-121 -266 2 1
-121 -266 3 1
-121 -266 4 1
-120 -266 2 1
-133 -263 5 1
-133 -262 5 1
-131 -264 5 2
-114 -254 7 0
-112 -251 8 0
-114 -252 10 0
-114 -251 9 0
-114 -251 8 0
-117 -251 11 0
-135 -260 12 1
-135 -260 11 1
-129 -260 12 1
-130 -259 13 1
-130 -260 12 2
-130 -261 14 1
-131 -259 13 1
-131 -259 12 1
-134 -256 9 2
-143 -256 18 0
-139 -254 18 0
-139 -254 17 0
-139 -255 16 0
-141 -258 18 0
-140 -257 17 0
-138 -257 19 0
-138 -257 18 0
-147 -262 11 1
-147 -262 10 1
-147 -262 9 2
-140 -266 11 1
-147 -261 14 0
-145 -261 16 0
-127 -273 7 0
-143 -257 19 0
-139 -257 9 1
-140 -256 13 1
-138 -253 12 1
-123 -275 9 0
-140 -255 14 0
-139 -254 14 0
-140 -254 16 0
-142 -256 18 0
-137 -259 18 0
-140 -258 19 0
-138 -257 17 0
-139 -256 14 0
-137 -254 15 0
-139 -260 17 0
-141 -256 17 0
-138 -254 18 0
-126 -271 8 0
-138 -255 18 0
-118 -272 9 0
-119 -273 9 0
-122 -276 12 0
-122 -276 11 0
-123 -272 14 0
-123 -273 13 0
-123 -273 12 0
-123 -274 11 0
-125 -276 14 0
-124 -276 13 0
-142 -280 7 1
-142 -281 8 1
-142 -281 9 0
-134 -253 8 1
-136 -273 9 2
-132 -253 8 2
-136 -256 8 1
-135 -256 8 1
-131 -254 8 2
-131 -254 9 1
-131 -253 8 2
-130 -256 19 0
-128 -261 18 0
-127 -257 18 0
-131 -263 18 0
-131 -256 17 0
-129 -255 5 1
-132 -253 7 1
-131 -253 7 1
-130 -254 7 2
-130 -254 8 2
-130 -253 7 2
-130 -253 8 1
-131 -252 11 0
-149 -285 7 2
-129 -258 18 0
-129 -258 19 0
-128 -258 19 0
-131 -260 19 0
-129 -256 18 0
-129 -256 19 0
-128 -261 19 0
-127 -257 17 0
-146 -281 16 0
-146 -281 15 0
-148 -284 18 0
-147 -284 17 0
-145 -282 18 0
-145 -282 17 0
-136 -258 18 0
-134 -255 17 0
-134 -255 18 0
-134 -254 19 0
-133 -259 18 0
-136 -257 16 0
-137 -256 17 0
-138 -256 18 0
-135 -260 17 0
-135 -261 17 0
-149 -285 12 0
-146 -280 11 0
-149 -290 5 2
-149 -290 4 1
-147 -292 6 1
-147 -292 5 1
-147 -292 4 1
-146 -298 5 1
-146 -298 4 1
-146 -299 6 1
-146 -299 5 1
-146 -299 4 1
-146 -300 6 1
-146 -300 5 1
-146 -300 4 1
-147 -298 6 1
-147 -298 5 2
-147 -298 4 1
-148 -298 4 1
-145 -295 7 0
-146 -295 7 0
-147 -295 7 1
-148 -295 8 0
-146 -291 7 0
-147 -292 8 0
-146 -298 8 0
-147 -297 8 0
-146 -294 9 0
-147 -294 9 0
-148 -294 9 0
-148 -298 9 0
-148 -292 9 0
-145 -296 11 0
-146 -296 10 0
-147 -296 10 0
-150 -293 9 0
-146 -293 12 0
-148 -297 12 0
-148 -297 11 0
-149 -292 12 0
-149 -293 12 0
-149 -293 11 0
-148 -295 13 0
-149 -295 12 0
-146 -293 6 1
-146 -293 5 2
-146 -293 4 1
-146 -294 6 1
-146 -294 5 1
-146 -294 4 1
-146 -295 6 1
-146 -295 5 1
-146 -295 4 1
-147 -293 6 1
-147 -293 5 2
-147 -293 4 1
-148 -293 6 1
-148 -293 5 2
-148 -293 4 1
-145 -296 6 0
-146 -296 7 0
-147 -296 7 1
-147 -292 7 0
-147 -293 8 0
-148 -293 8 0
-149 -294 8 0
-146 -299 8 0
-150 -293 8 0
-150 -294 8 0
-145 -294 9 0
-146 -297 11 0
-148 -296 10 0
-148 -296 9 0
-149 -296 9 0
-147 -293 11 0
-148 -294 11 0
-148 -294 10 0
-148 -298 12 0
-149 -297 10 0
-149 -296 12 0
-149 -296 11 0
-147 -294 6 1
-147 -294 5 2
-147 -294 4 1
-147 -295 6 1
-147 -295 5 1
-147 -295 4 1
-147 -296 6 1
-147 -296 5 1
-147 -296 4 1
-148 -294 6 1
-148 -294 5 1
-148 -294 4 1
-148 -295 4 1
-148 -296 4 1
-149 -294 4 1
-149 -295 4 1
-149 -296 4 1
-147 -299 5 2
-147 -299 4 1
-147 -300 6 1
-147 -300 5 1
-147 -300 4 1
-148 -299 5 1
-148 -299 4 1
-149 -299 4 1
-146 -297 6 1
-147 -293 7 0
-148 -294 8 0
-147 -299 8 0
-146 -295 9 0
-147 -295 9 0
-148 -295 9 0
-149 -296 8 0
-149 -300 9 0
-149 -293 9 0
-150 -295 8 0
-146 -298 10 0
-147 -297 10 0
-148 -297 10 0
-149 -297 9 0
-147 -294 11 0
-149 -295 10 0
-149 -295 9 0
-145 -257 14 1
-150 -285 13 0
-146 -256 16 0
-132 -283 5 0
-133 -283 4 1
-133 -283 3 1
-133 -283 2 1
-132 -279 4 1
-132 -279 3 1
-132 -279 2 1
-133 -279 4 1
-133 -279 3 1
-133 -279 2 1
-131 -284 5 0
-133 -284 3 1
-133 -284 2 1
-133 -285 3 2
-133 -285 2 1
-133 -286 4 1
-133 -286 3 2
-133 -286 2 1
-135 -281 4 1
-135 -281 2 1
-135 -282 4 1
-135 -282 3 1
-135 -282 2 1
-136 -281 4 1
-136 -281 3 1
-136 -281 2 1
-136 -282 4 1
-136 -282 3 1
-136 -282 2 1
-135 -281 3 2
-129 -286 4 0
-114 -270 8 0
-115 -271 8 0
-116 -271 9 0
-116 -272 9 0
-114 -277 9 0
-115 -276 9 0
-125 -276 7 0
-127 -272 6 0
-127 -273 8 0
-128 -278 6 0
-124 -279 7 0
-126 -276 9 0
-150 -275 8 2
-130 -278 8 0
-112 -283 3 1
-126 -280 9 0
-126 -279 9 0
-127 -253 11 1
-132 -273 9 0
-131 -274 10 0
-148 -267 18 0
-147 -267 17 0
-142 -270 18 0
-143 -270 18 0
-143 -269 17 0
-143 -269 16 0
-144 -265 19 0
-144 -270 11 1
-144 -269 9 1
-144 -269 10 1
-144 -269 11 1
-144 -268 9 2
-141 -258 12 1
-141 -258 11 2
-141 -258 10 1
-135 -265 6 1
-136 -263 6 1
-115 -282 3 1
-115 -281 2 1
-146 -260 13 0
-149 -256 17 0
-148 -255 16 0
-104 -277 10 0
-104 -277 9 0
-119 -251 13 0
-119 -252 13 0
-118 -278 1 1
-131 -278 13 0
-131 -278 14 0
-122 -273 2 1
-122 -273 3 1
-126 -277 3 2
-126 -276 2 1
-126 -276 3 2
-128 -258 14 0
-122 -256 13 0
-123 -276 2 1
-147 -275 13 0
-106 -272 6 0
-104 -279 3 1
-104 -279 4 1
-104 -278 2 1
-104 -278 3 1
-104 -276 5 1
-104 -270 2 2
-104 -270 3 1
-104 -273 4 1
-144 -283 12 0
-145 -283 12 0
-146 -283 13 0
-150 -280 12 0
-150 -281 13 0
-146 -257 12 1
-148 -280 14 0
-149 -281 14 0
-150 -282 14 0
-133 -267 13 1
-129 -251 15 0
-124 -253 9 1
-145 -256 14 1
-144 -252 12 2
-150 -256 14 0
-140 -269 13 0
-147 -260 10 2
-120 -276 5 0
-120 -273 4 1
-120 -273 3 1
-120 -273 2 1
-120 -274 3 1
-120 -274 2 1
-139 -262 14 0
-144 -253 13 1
-139 -260 13 0
-147 -261 13 0
-141 -265 14 0
-141 -266 14 0
-137 -278 12 0
-140 -277 12 2
-135 -279 11 0
-106 -265 6 0
-104 -264 5 0
-105 -260 7 0
-104 -267 7 0
-103 -266 6 0
-101 -266 8 0
-102 -265 7 0
-135 -264 11 0
-145 -256 17 0
-105 -276 9 0
-103 -277 10 0
-103 -277 9 0
-101 -276 11 0
-101 -276 10 0
-124 -254 18 0
-124 -253 8 1
-103 -279 6 0
-123 -263 12 0
-124 -263 12 0
-135 -267 13 1
-119 -254 9 0
-120 -254 9 0
-120 -255 8 0
-120 -258 11 0
-120 -258 10 0
-122 -257 15 0
-121 -258 15 0
-128 -257 14 0
-107 -282 5 1
-107 -281 3 1
-107 -281 4 2
-119 -281 6 0
-119 -281 4 1
-119 -281 2 2
-119 -282 4 1
-119 -282 3 1
-119 -282 2 1
-119 -283 4 1
-109 -273 9 0
-108 -272 10 0
-108 -271 11 0
-111 -275 9 0
-111 -276 9 0
-111 -275 11 0
-111 -276 12 0
-116 -273 11 0
-111 -272 10 0
-110 -272 10 0
-109 -271 11 0
-113 -274 8 0
-132 -256 10 1
-136 -268 9 1
-136 -268 8 1
-137 -267 9 1
-132 -255 8 2
-132 -255 7 1
-111 -273 12 0
-148 -284 11 0
-148 -285 10 0
-101 -251 5 0
-150 -270 17 0
-150 -270 16 0
-150 -271 15 0
-149 -272 16 0
-149 -272 15 0
-148 -273 8 1
-150 -256 13 1
-148 -252 14 0
-147 -252 13 1
-144 -261 10 1
-111 -279 3 2
-120 -277 13 0
-111 -280 4 1
-111 -280 3 2
-111 -280 2 1
-104 -278 9 0
-105 -279 10 0
-105 -272 8 0
-105 -272 9 0
-102 -275 8 0
-101 -276 8 0
-147 -260 8 1
-146 -260 7 1
-102 -274 5 0
-101 -273 4 1
-148 -271 13 0
-147 -270 13 0
-146 -269 13 0
-145 -268 13 0
-149 -274 13 0
-149 -276 13 0
-105 -277 3 2
-144 -277 14 0
-145 -278 14 0
-150 -277 13 0
-147 -278 15 0
-146 -280 15 0
-146 -275 14 0
-146 -276 14 0
-146 -276 15 0
-148 -285 11 0
-131 -275 3 1
-135 -271 4 1
-134 -275 6 1
-134 -277 5 1
-134 -277 4 2
-135 -257 9 2
-136 -256 9 1
-136 -257 9 1
-137 -256 9 1
-137 -257 9 1
-137 -257 13 1
-137 -255 12 1
-136 -255 13 0
-108 -273 1 1
-108 -273 3 1
-108 -272 1 1
-108 -272 2 1
-108 -272 3 1
-107 -274 1 1
-107 -273 1 1
-107 -273 2 2
-107 -273 3 1
-107 -272 1 1
-107 -272 2 2
-107 -272 3 1
-109 -273 5 0
-108 -273 4 1
-140 -265 16 0
-140 -266 17 0
-140 -266 18 0
-141 -266 18 0
-139 -263 17 0
-139 -262 18 0
-138 -266 15 0
-138 -266 16 0
-106 -274 9 0
-106 -274 10 0
-106 -274 11 0
-106 -274 12 0
-108 -275 11 0
-109 -275 12 0
-107 -273 9 0
-107 -272 10 0
-107 -272 11 0
-107 -271 11 0
-105 -276 10 0
-105 -276 11 0
-110 -274 10 0
-106 -274 8 0
-105 -273 9 0
-104 -272 10 0
-107 -275 8 0
-107 -276 8 0
-138 -255 19 0
-139 -253 18 0
-142 -255 17 0
-129 -269 14 0
-122 -254 12 0
-132 -261 20 0
-129 -262 18 0
-128 -262 19 0
-134 -259 19 0
-128 -258 18 0
-127 -258 18 0
-131 -264 18 0
-132 -256 18 0
-127 -261 17 0
-125 -259 16 0
-127 -262 15 0
-129 -259 19 0
-129 -259 20 0
-137 -270 13 1
-150 -269 9 1
-150 -269 10 2
-150 -269 11 1
-150 -268 9 1
-150 -268 11 1
-150 -267 9 1
-150 -267 10 2
-150 -267 11 1
-149 -269 9 2
-128 -255 13 0
-127 -255 13 0
-133 -253 14 0
-147 -258 9 2
-149 -253 14 0
-118 -273 11 0
-119 -274 10 0
-121 -274 10 0
-120 -278 11 0
-128 -255 10 1
-120 -253 12 0
-138 -285 10 0
-130 -255 14 0
-129 -256 14 0
-136 -253 11 2
-135 -253 9 1
-131 -259 16 0
-132 -260 16 0
-132 -261 17 0
-132 -255 15 0
-132 -255 16 0
-132 -254 16 0
-133 -253 17 0
-135 -259 16 0
-133 -282 9 0
-133 -282 8 0
-129 -285 10 0
-129 -284 9 0
-130 -284 9 0
-131 -281 8 0
-131 -282 7 0
-132 -284 11 0
-132 -283 9 0
-129 -282 11 0
-130 -282 10 0
-119 -278 3 1
-150 -264 14 0
-148 -260 8 2
-149 -258 8 1
-150 -258 8 1
-148 -264 10 2
-148 -264 9 1
-148 -265 13 0
-148 -264 13 0
-146 -261 8 1
-147 -261 8 1
-142 -260 9 1
-142 -261 9 1
-142 -262 9 1
-149 -265 11 1
-150 -260 12 0
-142 -278 14 0
-144 -283 13 0
-144 -285 13 0
-143 -286 14 0
-147 -280 13 0
-148 -280 13 0
-149 -279 14 0
-143 -282 13 0
-142 -281 13 0
-141 -281 13 0
-140 -281 13 0
-147 -285 13 0
-147 -286 13 0
-145 -279 13 0
-145 -278 13 0
-145 -277 13 0
-143 -283 13 0
-142 -284 13 0
-141 -284 12 0
-141 -285 12 0
-144 -281 12 0
-143 -281 12 0
-142 -280 12 0
-142 -279 12 0
-141 -278 12 1
-145 -285 12 0
-131 -270 10 1
-143 -259 10 1
-146 -261 11 1
-146 -261 10 2
-146 -261 9 1
-147 -261 11 1
-141 -264 10 2
-133 -267 11 2
-137 -251 9 1
-146 -260 10 2
-130 -264 14 0
-130 -263 14 0
-129 -263 14 0
-131 -269 13 1
-150 -251 16 0
-149 -251 16 0
-131 -271 11 1
-131 -270 11 1
-133 -271 15 0
-134 -272 17 0
-132 -269 15 0
-130 -272 16 0
-130 -273 16 0
-130 -269 14 0
-133 -273 14 0
-147 -263 15 0
-145 -261 15 0
-146 -264 12 0
-126 -262 15 0
-126 -263 14 0
-128 -265 17 0
-141 -263 12 1
-140 -261 13 0
-130 -266 8 1
-146 -259 16 0
-124 -283 8 0
-129 -279 7 0
-129 -280 7 0
-129 -281 6 0
-129 -286 9 0
-129 -285 8 0
-129 -284 8 0
-130 -281 7 0
-126 -284 10 0
-127 -284 9 0
-127 -283 8 0
-130 -283 10 0
-137 -258 9 1
-138 -258 9 1
-141 -255 9 1
-132 -267 5 1
-133 -267 5 1
-134 -267 5 1
-134 -268 6 2
-124 -251 8 0
-121 -252 10 0
-121 -251 11 0
-124 -254 9 1
-123 -253 10 0
-123 -252 11 0
-120 -255 10 0
-121 -253 11 0
-124 -252 12 1
-118 -252 11 0
-118 -251 11 0
-118 -254 12 0
-119 -254 12 0
-121 -252 13 0
-121 -256 14 0
-125 -257 8 1
-125 -257 9 1
-127 -258 8 2
-127 -258 9 2
-127 -258 10 2
-123 -259 9 0
-143 -263 14 0
-129 -266 9 1
-143 -263 9 1
-144 -263 11 1
-144 -262 12 0
-142 -261 13 0
-141 -262 10 2
-146 -262 9 1
-139 -270 12 0
-140 -261 9 1
-136 -270 11 1
-137 -270 15 0
-140 -268 14 0
-136 -271 11 2
-140 -269 10 1
-101 -272 9 0
-104 -266 8 0
-104 -269 5 0
-103 -270 7 0
-103 -270 8 0
-103 -271 9 0
-106 -268 6 0
-106 -268 7 0
-107 -268 8 0
-108 -268 8 0
-105 -271 7 0
-103 -269 6 0
-108 -270 6 0
-107 -267 5 0
-108 -266 6 0
-109 -266 6 0
-107 -272 5 0
-107 -268 4 0
-108 -268 4 0
-109 -268 4 0
-105 -271 4 0
-102 -269 4 0
-110 -270 1 1
-145 -261 13 0
-141 -261 13 0
-139 -251 18 0
-139 -251 17 0
-114 -279 2 2
-114 -279 1 1
-114 -280 3 1
-114 -280 2 1
-114 -280 1 1
-118 -277 5 0
-117 -274 4 1
-130 -271 16 0
-130 -271 15 0
-131 -269 8 2
-130 -272 8 0
-130 -271 9 0
-149 -285 10 0
-150 -285 11 0
-150 -284 12 0
-110 -270 2 1
-110 -270 3 1
-105 -269 4 0
-106 -269 4 0
-109 -266 1 1
-109 -266 2 2
-109 -266 3 1
-105 -262 8 0
-104 -269 8 0
-104 -269 9 0
-106 -270 8 0
-104 -270 6 0
-103 -271 8 0
-124 -279 9 0
-116 -279 10 0
-118 -278 9 0
-122 -281 11 0
-117 -276 11 0
-118 -276 10 0
-119 -280 12 0
-133 -273 9 1
-101 -258 0 1
-101 -258 1 2
-101 -258 2 1
-114 -265 1 1
-115 -265 3 1
-115 -265 2 2
-115 -265 1 1
-117 -263 6 0
-118 -265 5 0
-115 -267 4 0
-115 -266 5 0
-116 -265 5 0
-117 -264 6 0
-121 -266 5 0
-120 -265 5 0
-136 -252 15 0
-138 -268 16 0
-137 -272 16 0
-136 -272 12 2
-133 -267 18 0
-133 -270 17 0
-135 -267 17 0
-134 -263 17 0
-131 -264 15 0
-131 -264 16 0
-113 -277 10 0
-116 -276 5 0
-117 -276 5 0
-115 -273 5 0
-115 -284 2 1
-115 -284 3 1
-115 -284 4 1
-115 -283 2 1
-115 -283 3 1
-115 -283 4 1
-114 -284 2 1
-114 -284 3 1
-114 -284 4 1
-114 -283 2 1
-113 -284 2 1
-127 -272 16 0
-124 -273 14 0
-127 -277 13 0
-130 -274 16 0
-127 -275 15 0
-125 -270 15 0
-128 -272 16 0
-130 -276 15 0
-125 -274 14 0
-128 -272 17 0
-127 -275 16 0
-127 -270 15 0
-131 -273 17 0
-128 -274 16 0
-130 -253 16 0
-125 -253 14 0
-120 -277 9 0
-120 -278 8 0
-123 -251 16 0
-127 -252 14 0
-128 -251 14 0
-129 -268 12 1
-122 -255 15 0
-128 -254 14 0
-129 -255 14 0
-131 -255 15 0
-120 -274 9 0
-125 -259 7 1
-124 -258 7 0
-124 -254 8 1
-123 -255 7 0
-122 -260 8 0
-122 -259 7 0
-119 -256 8 0
-123 -257 7 0
-144 -273 18 0
-144 -273 17 0
-139 -276 18 0
-139 -276 17 0
-140 -275 17 0
-140 -275 16 0
-141 -271 19 0
-141 -272 18 0
-141 -272 17 0
-143 -275 19 0
-140 -274 19 0
-141 -274 15 0
-150 -281 11 0
-121 -256 4 1
-141 -267 14 0
-139 -271 7 2
-131 -269 6 2
-131 -269 5 2
-131 -269 4 2
-143 -266 12 0
-147 -265 12 0
-141 -270 12 0
-143 -286 8 1
-139 -284 9 0
-141 -285 10 0
-142 -284 10 0
-141 -283 13 0
-142 -278 13 0
-141 -285 7 1
-141 -285 6 2
-143 -275 5 1
-141 -284 7 1
-139 -269 12 0
-134 -273 12 1
-134 -274 12 1
-108 -280 10 0
-137 -271 11 1
-132 -272 10 1
-131 -272 10 1
-134 -271 10 2
-135 -271 10 2
-135 -272 9 2
-131 -270 8 1
-109 -279 10 0
-112 -279 11 0
-111 -278 10 0
-109 -277 11 0
-109 -277 10 0
-130 -280 11 0
-130 -279 11 0
-131 -279 11 0
-126 -266 15 0
-125 -267 16 0
-125 -267 17 0
-126 -264 13 0
-126 -264 14 0
-124 -263 15 0
-124 -263 16 0
-126 -263 13 0
-122 -264 14 0
-131 -266 12 2
-138 -251 12 1
-144 -264 10 1
-127 -254 11 1
-128 -254 10 1
-128 -254 9 1
-129 -251 13 0
-138 -269 9 1
-130 -262 15 0
-136 -266 7 2
-136 -266 8 2
-136 -266 9 1
-135 -264 7 2
-149 -253 11 1
-143 -258 14 1
-142 -259 14 1
-144 -263 14 0
-144 -264 13 0
-141 -259 13 1
-140 -260 13 0
-150 -264 16 0
-131 -275 4 2
-131 -275 5 1
-134 -274 9 1
-135 -275 8 1
-136 -275 10 1
-136 -274 9 2
-137 -274 10 2
-138 -274 11 2
-135 -277 9 0
-136 -275 8 1
-137 -275 8 2
-139 -276 9 1
-134 -277 8 0
-138 -274 9 2
-129 -283 9 0
-129 -283 8 0
-129 -282 8 0
-127 -282 11 0
-111 -255 7 0
-109 -254 6 0
-112 -251 5 0
-110 -251 5 0
-108 -251 4 0
-112 -252 5 0
-110 -251 1 1
-110 -251 2 1
-111 -251 9 0
-111 -251 10 0
-111 -251 11 0
-131 -279 4 1
-131 -279 3 1
-131 -279 2 1
-131 -280 4 1
-131 -280 3 1
-131 -280 2 1
-131 -281 4 1
-131 -281 3 2
-135 -258 10 1
-138 -257 9 1
-137 -257 17 0
-137 -257 18 0
-139 -258 18 0
-139 -256 19 0
-143 -264 19 0
-142 -264 18 0
-142 -264 17 0
-142 -263 16 0
-140 -263 19 0
-140 -263 18 0
-140 -263 17 0
-141 -263 15 0
-127 -266 10 0
-123 -262 9 0
-124 -263 10 0
-124 -263 11 0
-125 -263 11 0
-131 -264 12 2
-130 -263 12 1
-134 -269 12 2
-134 -270 12 1
-145 -253 18 0
-147 -254 19 0
-131 -253 12 0
-144 -255 18 0
-149 -252 18 0
-143 -251 18 0
-138 -269 10 0
-142 -254 17 0
-133 -263 11 1
-142 -252 15 0
-143 -254 14 0
-134 -252 9 1
-139 -253 11 2
-134 -253 10 2
-111 -280 6 0
-112 -279 7 0
-114 -275 7 0
-116 -282 7 0
-108 -277 7 0
-112 -282 8 0
-112 -281 8 0
-112 -276 7 0
-109 -279 9 0
-110 -279 8 0
-111 -279 8 0
-112 -278 7 0
-114 -281 10 0
-114 -281 9 0
-114 -280 8 0
-110 -276 10 0
-118 -281 5 0
-120 -279 7 0
-149 -257 18 0
-123 -280 6 0
-123 -279 6 0
-116 -278 6 0
-104 -277 5 1
-146 -260 9 1
-150 -256 10 2
-149 -251 19 0
-133 -263 15 0
-133 -264 15 0
-125 -262 15 0
-124 -254 15 0
-125 -254 14 0
-125 -254 13 1
-129 -254 16 0
-128 -254 15 0
-127 -255 14 0
-117 -274 11 0
-119 -273 4 0
-119 -273 5 0
-119 -273 6 0
-122 -274 5 0
-121 -274 6 0
-101 -251 9 0
-103 -251 3 1
-103 -251 2 2
-103 -251 1 1
-101 -253 3 1
-103 -252 4 0
-103 -251 5 0
-102 -251 5 0
-102 -253 7 0
-104 -251 8 0
-103 -251 8 0
-101 -251 11 0
-131 -264 9 2
-131 -264 10 2
-131 -265 10 2
-106 -274 5 0
-101 -278 4 1
-102 -278 4 2
-102 -277 5 1
-103 -276 6 0
-103 -270 4 0
-103 -271 5 0
-103 -272 5 0
-103 -273 6 0
-106 -277 5 1
-148 -262 13 0
-107 -271 5 0
-131 -273 16 0
-129 -278 16 0
-134 -275 15 0
-135 -275 16 0
-129 -274 14 0
-132 -278 14 0
-132 -276 12 0
-131 -277 13 0
-130 -279 13 0
-131 -276 17 0
-134 -277 15 0
-134 -277 16 0
-134 -277 17 0
-132 -275 14 0
-132 -274 16 0
-131 -277 15 0
-135 -276 14 0
-135 -275 15 0
-136 -275 16 0
-133 -277 13 0
-136 -277 14 0
-132 -279 13 0
-133 -277 15 0
-133 -277 17 0
-135 -278 15 0
-135 -278 16 0
-136 -278 17 0
-134 -275 16 0
-134 -274 17 0
-133 -278 15 0
-132 -279 16 0
-136 -276 15 0
-138 -276 16 0
-133 -276 14 0
-131 -275 16 0
-135 -281 15 0
-150 -254 7 1
-150 -253 7 1
-150 -253 8 1
-150 -253 9 2
-149 -255 7 1
-149 -254 7 1
-149 -253 7 1
-149 -253 8 1
-149 -253 9 1
-131 -261 16 0
-134 -256 15 0
-136 -255 15 0
-113 -275 10 0
-112 -275 11 0
-146 -262 10 1
-129 -263 9 1
-128 -272 7 0
-127 -274 15 0
-127 -274 16 0
-129 -275 15 0
-130 -275 16 0
-128 -271 15 0
-127 -275 13 0
-125 -254 11 2
-124 -253 10 1
-135 -268 9 1
-135 -268 7 1
-134 -267 8 2
-129 -268 8 1
-130 -268 9 1
-130 -268 10 1
-133 -264 9 1
-132 -264 9 2
-133 -270 9 1
-148 -257 12 1
-128 -265 9 0
-143 -258 11 2
-143 -258 10 1
-130 -266 11 1
-134 -265 8 1
-140 -259 15 0
-143 -257 9 1
-141 -255 16 0
-141 -254 18 0
-140 -258 17 0
-138 -254 17 0
-141 -257 19 0
-143 -258 17 0
-140 -259 18 0
-145 -263 16 0
-138 -263 17 0
-139 -263 16 0
-140 -262 16 0
-141 -262 15 0
-144 -259 17 0
-143 -265 17 0
-131 -253 9 1
-138 -271 13 0
-132 -269 13 1
-128 -251 10 1
-122 -278 11 0
-122 -279 11 0
-126 -273 10 0
-127 -273 11 0
-103 -278 2 1
-101 -279 2 1
-115 -273 1 1
-141 -259 9 2
-121 -251 9 0
-140 -260 9 1
-114 -281 3 2
-140 -258 9 1
-114 -282 2 1
-143 -258 9 1
-112 -279 6 0
-110 -281 5 1
-138 -261 16 0
-138 -256 19 0
-141 -259 19 0
-137 -260 18 0
-142 -257 8 1
-123 -259 15 0
-122 -258 16 0
-126 -259 14 0
-126 -258 14 0
-127 -257 15 0
-123 -261 14 0
-122 -262 15 0
-121 -262 15 0
-128 -261 14 1
-129 -262 14 1
-124 -259 13 0
-146 -252 12 2
-143 -253 10 1
-143 -252 10 1
-143 -251 10 2
-142 -253 10 1
-130 -265 5 2
-135 -252 14 0
-138 -251 16 0
-143 -251 13 1
-146 -251 16 0
-143 -251 11 2
-143 -252 13 1
-125 -256 14 0
-125 -256 16 0
-124 -256 18 0
-126 -257 15 0
-127 -257 16 0
-127 -258 17 0
-125 -255 14 0
-150 -252 13 1
-130 -270 13 1
-129 -270 13 0
-133 -272 13 1
-134 -273 13 1
-134 -274 13 1
-135 -274 13 1
-136 -271 12 2
-132 -273 12 0
-132 -274 12 0
-129 -271 11 0
-128 -271 11 0
-136 -273 10 2
-130 -273 10 0
-130 -274 10 0
-123 -271 6 0
-150 -283 9 0
-148 -283 12 0
-147 -282 10 0
-147 -282 9 0
-139 -260 12 1
-142 -267 15 0
-142 -266 15 0
-139 -260 16 0
-144 -266 16 0
-135 -253 13 0
-107 -280 2 1
-104 -280 4 2
-104 -280 3 1
-104 -281 5 1
-104 -281 4 1
-104 -281 3 1
-106 -273 4 0
-107 -275 5 0
-147 -262 13 0
-147 -263 14 0
-150 -283 12 0
-122 -256 15 0
-139 -256 13 0
-139 -257 13 1
-148 -262 12 0
-113 -268 8 0
-129 -272 17 0
-147 -279 4 1
-132 -273 16 0
-142 -267 16 0
-123 -268 2 1
-123 -269 4 1
-123 -269 3 2
-123 -269 2 1
-123 -270 4 1
-123 -270 3 1
-123 -270 2 1
-142 -268 17 0
-142 -269 18 0
-141 -269 19 0
-124 -274 6 0
-121 -282 7 0
-123 -282 8 0
-122 -280 8 0
-150 -259 16 0
-150 -258 14 0
-129 -255 10 0
-123 -255 11 0
-123 -255 10 0
-150 -257 16 0
-122 -255 9 0
-127 -259 10 2
-126 -255 11 1
-126 -254 10 2
-127 -253 9 2
-124 -257 10 0
-124 -257 9 0
-123 -258 9 0
-143 -255 16 0
-143 -254 16 0
-142 -254 16 0
-144 -261 15 0
-134 -276 15 0
-133 -280 13 0
-130 -262 19 0
-132 -263 18 0
-144 -261 12 1
-144 -261 13 0
-143 -263 15 0
-122 -263 14 0
-122 -263 13 0
-130 -262 14 1
-125 -268 14 0
-125 -267 14 0
-124 -260 14 0
-110 -261 6 0
-110 -260 6 0
-110 -260 5 0
-110 -259 5 0
-113 -257 7 0
-112 -257 6 0
-111 -257 5 0
-110 -257 4 0
-107 -260 7 0
-108 -259 7 0
-108 -259 6 0
-109 -255 8 0
-109 -255 7 0
-111 -259 8 0
-110 -259 7 0
-110 -258 6 0
-108 -257 8 0
-108 -257 7 0
-108 -257 6 0
-117 -267 2 1
-117 -267 1 1
-117 -268 3 1
-117 -268 2 1
-133 -267 15 0
-132 -268 15 0
-111 -256 3 1
-111 -256 2 2
-111 -256 1 1
-111 -257 2 2
-111 -257 1 1
-134 -262 15 0
-111 -258 2 2
-111 -258 1 1
-111 -259 3 1
-111 -259 2 2
-111 -259 1 1
-111 -260 3 1
-111 -260 2 2
-111 -260 1 1
-111 -253 3 1
-111 -253 2 2
-111 -253 1 1
-111 -254 3 1
-111 -254 1 1
-111 -255 3 1
-111 -255 2 2
-111 -255 1 1
-112 -253 3 1
-112 -253 2 2
-112 -253 1 1
-112 -254 3 1
-112 -254 2 2
-112 -254 1 1
-112 -255 3 1
-112 -255 2 2
-112 -255 1 1
-111 -254 2 2
-106 -252 5 0
-149 -277 6 2
-147 -286 6 2
-148 -287 5 1
-148 -287 6 1
-148 -287 7 2
-148 -286 5 1
-148 -286 6 1
-148 -286 7 1
-148 -285 7 2
-147 -287 5 1
-147 -287 6 2
-147 -287 7 2
-147 -286 5 1
-147 -286 7 2
-146 -287 5 2
-146 -287 6 2
-146 -287 7 1
-150 -282 8 0
-149 -284 8 1
-150 -284 7 1
-145 -285 4 1
-150 -284 4 1
-150 -284 5 2
-150 -284 6 1
-110 -251 10 0
-107 -251 8 0
-107 -252 9 0
-109 -252 7 0
-109 -253 8 0
-109 -253 9 0
-105 -251 7 0
-107 -253 7 0
-107 -254 7 0
-107 -251 6 0
-106 -251 5 0
-105 -252 5 0
-109 -254 4 0
-150 -284 11 0
-110 -274 1 1
-111 -276 5 0
-111 -279 1 1
-111 -278 11 0
-109 -275 9 0
-107 -280 10 0
-129 -256 12 0
-127 -256 13 1
-122 -259 13 0
-149 -283 16 0
-150 -283 15 0
-144 -256 12 1
-144 -256 11 2
-144 -256 10 1
-150 -259 11 1
-150 -259 10 2
-150 -259 9 1
-128 -264 11 0
-129 -269 9 0
-128 -258 16 0
-128 -258 17 0
-130 -256 14 0
-132 -256 16 0
-130 -260 16 0
-130 -255 15 0
-143 -259 16 0
-130 -252 8 1
-130 -252 9 1
-129 -251 10 1
-130 -254 9 1
-129 -252 11 0
-145 -258 13 1
-149 -275 15 0
-149 -274 14 0
-150 -274 14 0
-150 -271 16 0
-150 -272 15 0
-150 -271 10 1
-150 -271 9 1
-150 -271 8 1
-150 -272 10 2
-150 -272 9 2
-150 -272 8 1
-150 -273 10 1
-150 -273 9 1
-150 -273 8 1
-150 -274 11 0
-150 -277 12 0
-149 -273 13 0
-150 -273 13 0
-134 -283 9 0
-136 -260 16 0
-105 -262 5 0
-103 -264 4 0
-104 -266 5 0
-106 -267 5 0
-106 -264 4 0
-107 -264 4 0
-108 -264 4 0
-103 -265 4 0
-105 -267 1 1
-105 -267 2 2
-105 -267 3 1
-104 -267 1 1
-104 -267 2 2
-104 -267 3 1
-137 -278 8 0
-102 -264 8 0
-102 -264 9 0
-103 -265 5 0
-104 -265 6 0
-104 -265 7 0
-105 -266 9 0
-102 -265 6 0
-102 -266 7 0
-101 -267 8 0
-104 -264 6 0
-105 -264 7 0
-106 -264 7 0
-106 -264 8 0
-140 -273 8 1
-104 -267 6 0
-104 -268 7 0
-105 -265 5 0
-106 -266 6 0
-107 -266 6 0
-106 -263 5 0
-106 -262 5 0
-107 -262 6 0
-105 -268 5 0
-106 -268 5 0
-105 -264 4 0
-103 -267 4 0
-103 -268 4 0
-108 -268 1 1
-108 -268 2 2
-108 -268 3 1
-107 -268 1 1
-107 -268 2 2
-107 -268 3 1
-106 -268 1 1
-136 -278 3 2
-137 -279 2 1
-137 -279 3 2
-137 -279 4 1
-137 -278 2 1
-137 -278 3 2
-137 -278 4 1
-137 -277 2 1
-137 -277 3 1
-137 -277 4 2
-136 -279 2 1
-136 -279 3 2
-136 -279 4 1
-136 -278 2 1
-136 -278 4 1
-136 -277 2 1
-136 -280 15 0
-137 -280 14 0
-137 -280 13 0
-141 -281 8 0
-140 -281 9 0
-137 -282 7 0
-137 -281 8 0
-138 -281 9 0
-138 -281 10 0
-140 -277 8 2
-119 -279 10 0
-120 -279 9 0
-122 -279 12 0
-124 -260 16 0
-123 -260 17 0
-133 -266 16 0
-127 -257 14 0
-128 -257 16 0
-129 -257 16 0
-131 -267 17 0
-115 -272 9 0
-115 -271 10 0
-114 -270 10 0
-114 -269 10 0
-126 -253 16 0
-126 -252 17 0
-124 -257 16 0
-127 -263 15 0
-127 -263 16 0
-127 -262 17 0
-148 -269 10 1
-148 -269 9 2
-146 -273 9 2
-148 -272 12 0
-135 -259 11 1
-135 -260 13 1
-102 -273 2 2
-102 -274 4 1
-102 -274 2 2
-103 -273 4 1
-129 -270 14 0
-129 -271 14 0
-149 -253 15 0
-149 -254 15 0
-148 -251 15 0
-147 -251 15 0
-146 -251 15 0
-131 -262 13 1
-124 -253 12 1
-123 -252 12 0
-111 -260 4 0
-110 -259 4 0
-113 -255 5 0
-113 -255 4 0
-112 -256 4 0
-108 -262 5 0
-108 -261 5 0
-108 -260 4 0
-107 -253 5 0
-108 -254 5 0
-113 -259 5 0
-112 -258 5 0
-111 -258 4 0
-105 -259 6 0
-111 -254 6 0
-110 -255 5 0
-110 -256 5 0
-142 -275 5 1
-144 -280 7 1
-144 -281 7 1
-144 -282 7 2
-145 -280 7 1
-145 -281 7 2
-145 -282 7 2
-146 -280 7 1
-146 -281 7 1
-146 -282 7 1
-131 -251 12 0
-132 -251 12 0
-133 -251 12 0
-128 -254 12 0
-125 -251 12 0
-150 -280 15 0
-149 -280 15 0
-131 -253 11 0
-150 -278 13 0
-150 -278 14 0
-150 -279 15 0
-139 -266 16 0
-139 -267 18 0
-137 -263 17 0
-149 -263 10 2
-149 -263 11 1
-140 -269 11 0
-136 -264 12 0
-135 -262 11 1
-146 -256 10 1
-148 -259 11 1
-148 -259 10 2
-148 -259 9 1
-149 -259 10 2
-149 -259 9 2
-149 -256 18 0
-127 -261 13 0
-150 -259 17 0
-130 -262 10 0
-128 -262 11 1
-146 -278 20 0
-147 -279 19 0
-148 -279 18 0
-129 -260 6 2
-148 -283 20 0
-148 -282 19 0
-149 -281 18 0
-149 -278 21 0
-149 -278 20 0
-140 -272 14 0
-140 -270 14 0
-138 -274 14 0
-138 -275 14 0
-137 -278 9 0
-133 -278 10 0
-132 -278 10 0
-132 -278 9 0
-131 -277 8 0
-130 -277 8 0
-135 -281 9 0
-135 -282 7 0
-134 -278 9 0
-134 -277 9 0
-135 -276 8 0
-135 -276 7 0
-133 -279 10 0
-133 -279 9 0
-132 -280 8 0
-131 -280 7 0
-136 -279 6 0
-133 -278 7 0
-133 -278 6 0
-136 -270 9 1
-136 -265 10 1
-134 -267 11 1
-130 -253 9 1
-133 -268 8 1
-147 -281 14 0
-144 -284 16 0
-146 -283 14 0
-149 -287 16 0
-149 -286 16 0
-134 -252 12 0
-132 -259 16 0
-128 -255 18 0
-116 -276 13 0
-125 -254 16 0
-125 -254 17 0
-124 -258 15 0
-124 -258 16 0
-134 -251 16 0
-127 -256 14 0
-128 -256 15 0
-128 -256 16 0
-129 -256 16 0
-129 -273 8 0
-129 -280 9 0
-150 -257 15 0
-144 -256 14 1
-147 -252 14 0
-146 -261 16 0
-146 -262 16 0
-147 -262 17 0
-105 -263 2 2
-104 -260 4 0
-104 -264 4 0
-101 -262 5 0
-105 -262 6 0
-105 -261 6 0
-103 -261 5 0
-102 -264 7 0
-102 -263 6 0
-101 -261 5 0
-105 -259 8 0
-101 -257 8 0
-101 -258 7 0
-103 -261 8 0
-102 -261 8 0
-102 -261 7 0
-102 -260 6 0
-125 -265 8 0
-122 -263 10 0
-127 -263 8 0
-125 -263 10 0
-129 -260 3 1
-147 -285 12 0
-146 -286 11 0
-146 -287 11 0
-150 -286 13 0
-150 -287 12 0
-147 -282 12 0
-145 -282 11 0
-148 -283 13 0
-149 -285 11 0
-149 -281 11 0
-112 -252 3 1
-112 -252 2 1
-112 -252 1 1
-149 -280 10 0
-147 -283 12 0
-147 -284 11 0
-146 -284 10 0
-127 -276 14 0
-123 -261 11 0
-124 -261 11 0
-120 -275 7 0
-120 -275 6 0
-120 -273 10 0
-115 -252 4 0
-120 -272 12 0
-136 -261 14 0
-120 -277 4 1
-120 -277 3 1
-120 -277 2 1
-120 -278 5 0
-120 -253 11 0
-120 -252 11 0
-143 -252 18 0
-126 -281 5 0
-120 -284 5 0
-127 -285 6 0
-126 -284 5 0
-125 -282 5 0
-124 -281 5 0
-122 -285 6 0
-123 -284 6 0
-123 -283 6 0
-115 -275 3 1
-128 -282 7 0
-127 -282 7 0
-149 -278 9 1
-149 -277 7 2
-137 -267 5 1
-139 -266 6 1
-139 -267 6 1
-139 -268 6 1
-149 -273 11 1
-149 -273 10 1
-149 -273 9 1
-150 -271 11 1
-115 -254 5 0
-150 -272 11 1
-150 -273 11 1
-111 -253 6 0
-111 -252 6 0
-112 -252 6 0
-148 -274 11 0
-149 -274 11 0
-149 -270 12 0
-150 -270 12 0
-149 -276 12 0
-150 -276 12 0
-150 -275 12 0
-148 -272 13 0
-113 -254 7 0
-149 -272 13 0
-138 -275 11 1
-136 -281 11 0
-110 -251 8 0
-111 -251 8 0
-134 -282 11 0
-116 -254 9 0
-115 -253 8 0
-150 -268 10 2
-147 -273 11 0
-148 -273 11 0
-149 -273 12 0
-150 -273 12 0
-141 -254 14 0
-113 -252 10 0
-113 -252 9 0
-113 -251 8 0
-148 -269 12 0
-149 -271 12 0
-150 -271 12 0
-116 -251 10 0
-148 -275 13 0
-149 -275 13 0
-150 -274 13 0
-128 -257 12 1
-150 -256 9 1
-149 -252 15 0
-150 -255 10 2
-134 -267 18 0
-147 -272 14 0
-150 -272 13 0
-142 -261 18 0
-142 -262 18 0
-150 -277 14 0
-142 -270 16 0
-141 -270 17 0
-149 -271 16 0
-145 -271 15 0
-144 -272 15 0
-144 -273 15 0
-148 -267 15 0
-149 -267 15 0
-149 -266 15 0
-142 -268 15 0
-148 -273 15 0
-145 -267 14 0
-146 -266 14 0
-146 -265 14 0
-143 -271 14 0
-142 -271 14 0
-141 -272 14 0
-143 -267 14 0
-142 -266 14 0
-145 -272 14 0
-145 -273 13 0
-145 -274 13 0
-146 -268 14 0
-146 -267 14 0
-148 -266 13 0
-143 -269 14 0
-142 -269 13 0
-141 -269 13 0
-145 -267 13 0
-145 -266 13 0
-144 -265 12 0
-143 -272 12 0
-143 -273 12 0
-144 -268 13 0
-143 -268 12 0
-142 -268 12 0
-145 -267 9 1
-145 -267 10 2
-145 -267 11 1
-145 -266 9 1
-145 -266 10 1
-145 -266 11 1
-146 -267 12 0
-145 -269 14 0
-144 -269 13 0
-144 -270 12 0
-143 -270 11 1
-143 -270 10 1
-144 -267 9 1
-144 -267 10 2
-133 -280 16 0
-134 -279 15 0
-138 -276 15 0
-138 -282 16 0
-138 -281 16 0
-138 -281 15 0
-134 -276 17 0
-136 -277 15 0
-141 -278 17 0
-140 -278 16 0
-135 -281 17 0
-137 -279 15 0
-134 -287 3 1
-134 -287 4 1
-134 -286 2 1
-134 -286 3 1
-134 -286 4 1
-134 -285 2 1
-134 -285 3 1
-133 -287 2 1
-133 -287 3 1
-133 -287 4 1
-132 -287 2 1
-132 -287 3 1
-132 -287 4 1
-133 -281 5 0
-134 -283 3 2
-135 -284 2 1
-135 -284 3 1
-135 -284 4 1
-135 -283 2 1
-135 -283 3 2
-135 -283 4 1
-134 -284 2 1
-134 -284 3 1
-134 -284 4 1
-107 -260 6 0
-108 -261 6 0
-107 -255 4 0
-108 -255 5 0
-108 -254 6 0
-108 -253 6 0
-108 -258 4 0
-110 -258 5 0
-111 -259 5 0
-105 -254 5 0
-105 -253 5 0
-106 -259 4 0
-139 -262 8 1
-139 -261 8 1
-138 -261 8 1
-137 -261 8 1
-137 -260 8 1
-136 -261 8 2
-136 -260 8 2
-135 -262 8 2
-135 -261 8 2
-135 -260 8 2
-135 -264 13 0
-133 -262 12 0
-132 -262 12 0
-131 -262 12 1
-134 -260 9 2
-134 -258 9 2
-133 -261 9 1
-133 -261 8 2
-139 -265 7 1
-138 -265 7 1
-135 -263 9 1
-131 -258 11 0
-130 -258 10 0
-137 -266 6 1
-145 -255 16 0
-144 -255 16 0
-143 -255 17 0
-138 -263 7 1
-137 -263 7 1
-111 -278 9 0
-111 -273 8 0
-127 -276 8 0
-128 -268 14 0
-127 -268 15 0
-131 -265 13 1
-147 -257 12 1
-146 -257 11 2
-148 -254 14 1
-149 -251 14 0
-140 -252 13 0
-136 -252 14 0
-108 -273 8 0
-107 -273 8 0
-106 -272 8 0
-119 -263 9 0
-132 -285 7 0
-133 -286 7 0
-134 -286 7 0
-131 -279 6 0
-127 -286 6 0
-136 -283 6 0
-131 -286 5 0
-131 -287 5 0
-132 -281 6 0
-133 -280 5 0
-128 -283 5 0
-132 -283 6 0
-133 -284 5 0
-134 -284 5 0
-134 -285 4 1
-130 -280 5 0
-130 -284 5 0
-129 -285 5 0
-135 -282 5 0
-137 -284 2 1
-137 -284 3 1
-137 -284 4 2
-135 -283 5 0
-132 -264 13 1
-126 -270 10 0
-148 -255 12 2
-134 -257 17 0
-106 -277 11 0
-106 -277 10 0
-133 -256 10 1
-135 -257 11 1
-135 -257 12 1
-131 -258 10 0
-134 -255 12 0
-137 -256 12 1
-136 -256 13 0
-137 -258 14 1
-137 -258 13 2
-137 -258 12 1
-137 -259 14 1
-149 -298 11 0
-149 -298 10 0
-150 -293 12 0
-150 -294 11 0
-150 -295 11 0
-150 -295 10 0
-149 -296 13 0
-150 -296 12 0
-150 -296 11 0
-150 -296 10 0
-148 -295 7 1
-148 -295 6 1
-148 -295 5 2
-149 -295 6 2
-149 -295 5 1
-148 -300 5 2
-148 -300 4 1
-149 -300 4 1
-149 -292 7 1
-149 -293 7 1
-149 -293 6 2
-149 -293 5 1
-149 -294 7 1
-149 -294 6 2
-149 -294 5 1
-150 -293 7 1
-150 -293 5 1
-150 -293 6 2
-146 -298 6 1
-147 -297 7 1
-148 -293 7 1
-149 -295 8 0
-147 -300 8 0
-146 -296 9 0
-147 -296 9 0
-148 -296 8 0
-149 -293 10 0
-149 -294 9 0
-112 -272 9 0
-106 -278 6 0
-105 -275 5 0
-147 -280 12 0
-148 -281 12 0
-143 -283 12 0
-147 -271 16 0
-150 -297 13 0
-150 -297 12 0
-150 -297 11 0
-149 -300 7 1
-149 -300 5 1
-148 -296 7 1
-148 -296 6 2
-148 -296 5 1
-148 -297 7 1
-148 -297 6 1
-148 -297 5 1
-148 -298 7 1
-148 -298 5 1
-149 -296 6 2
-149 -296 5 1
-150 -294 7 1
-150 -294 6 2
-150 -294 5 1
-148 -298 6 1
-148 -294 7 1
-150 -296 8 0
-147 -297 9 0
-148 -297 8 0
-149 -297 8 0
-150 -297 8 0
-150 -294 10 0
-150 -294 9 0
-147 -299 10 0
-148 -299 10 0
-149 -299 9 0
-150 -298 9 0
-148 -296 11 0
-149 -296 10 0
-150 -297 9 0
-150 -300 12 0
-150 -300 11 0
-150 -299 10 0
-150 -298 13 0
-149 -297 7 1
-149 -297 6 2
-149 -297 5 1
-149 -298 7 1
-149 -298 6 1
-149 -298 5 1
-104 -272 1 1
-104 -273 3 1
-104 -273 2 2
-104 -273 1 1
-104 -274 1 1
-134 -265 5 1
-134 -266 6 2
-134 -266 5 1
-133 -265 6 2
-136 -266 6 1
-136 -267 6 1
-136 -262 9 2
-136 -262 10 1
-137 -264 11 0
-135 -267 11 1
-135 -267 10 1
-134 -267 10 2
-147 -257 16 0
-147 -252 15 0
-146 -252 15 0
-144 -251 15 0
-134 -258 17 0
-126 -255 9 2
-124 -258 10 0
-131 -265 12 2
-130 -264 12 1
-129 -263 12 1
-133 -269 12 2
-133 -270 12 2
-133 -271 12 2
-133 -272 11 1
-131 -267 12 2
-117 -278 3 1
-128 -277 10 0
-150 -264 12 0
-124 -266 13 0
-127 -259 13 1
-127 -260 13 0
-110 -272 9 0
-109 -272 9 0
-117 -277 8 0
-117 -277 9 0
-136 -262 13 0
-150 -282 11 0
-107 -274 4 1
-107 -274 3 1
-107 -274 2 2
-107 -275 4 1
-131 -282 10 0
-132 -275 10 0
-133 -275 10 0
-129 -278 10 0
-128 -278 10 0
-127 -278 9 0
-126 -278 9 0
-130 -277 10 0
-130 -275 9 0
-130 -274 9 0
-131 -271 14 0
-133 -252 10 2
-135 -252 16 0
-146 -265 11 1
-146 -265 10 2
-146 -265 9 1
-140 -251 12 1
-106 -263 8 0
-130 -258 15 0
-125 -255 13 1
-124 -253 14 0
-124 -252 14 0
-135 -262 16 0
-132 -263 12 1
-135 -269 12 2
-135 -270 12 2
-135 -271 12 2
-138 -269 11 0
-139 -269 11 0
-135 -265 12 0
-143 -260 10 1
-146 -260 12 1
-145 -260 12 1
-126 -252 11 1
-142 -256 12 1
-143 -252 11 2
-124 -251 9 0
-141 -253 15 0
-128 -253 11 1
-142 -251 15 0
-120 -274 11 0
-129 -255 9 1
-128 -251 11 1
-125 -253 9 2
-128 -252 11 1
-128 -253 10 1
-129 -253 9 1
-129 -253 8 1
-131 -251 15 0
-134 -253 14 0
-120 -276 8 0
-119 -278 12 0
-133 -261 17 0
-133 -255 16 0
-133 -254 16 0
-134 -253 17 0
-133 -257 15 0
-134 -258 15 0
-135 -258 16 0
-136 -259 16 0
-131 -259 15 0
-131 -260 15 0
-130 -261 16 0
-133 -256 15 0
-135 -255 15 0
-136 -254 15 0
-133 -258 14 1
-133 -259 15 0
-134 -260 15 0
-132 -254 14 0
-106 -253 6 0
-104 -253 6 0
-103 -253 7 0
-105 -254 7 0
-105 -254 9 0
-107 -255 6 0
-107 -255 7 0
-106 -252 7 0
-106 -251 8 0
-104 -256 7 0
-103 -253 6 0
-105 -252 4 0
-108 -253 4 0
-104 -253 8 0
-104 -253 9 0
-107 -255 8 0
-148 -289 7 1
-148 -289 6 1
-149 -289 7 1
-149 -289 6 1
-129 -266 8 1
-128 -276 13 0
-127 -275 14 0
-147 -285 9 0
-146 -286 9 0
-130 -268 16 0
-134 -273 15 0
-134 -274 15 0
-138 -283 10 0
-137 -283 9 0
-103 -278 8 0
-150 -286 9 0
-150 -287 8 1
-150 -288 8 1
-101 -274 9 0
-101 -273 10 0
-104 -275 10 0
-101 -278 8 0
-148 -288 6 2
-148 -288 7 1
-148 -288 8 1
-147 -288 6 2
-147 -288 7 2
-147 -288 8 1
-147 -287 8 1
-146 -288 6 1
-146 -288 7 1
-146 -288 8 1
-146 -287 8 1
-146 -286 8 1
-101 -270 6 0
-139 -259 17 0
-140 -260 18 0
-137 -260 16 0
-136 -261 18 0
-135 -260 16 0
-134 -260 16 0
-110 -279 6 0
-109 -280 6 0
-144 -269 15 0
-143 -270 16 0
-125 -279 3 2
-125 -279 4 1
-136 -254 16 0
-134 -257 18 0
-105 -275 9 0
-128 -257 18 0
-148 -276 16 0
-149 -275 16 0
-147 -280 16 0
-128 -258 6 2
-147 -278 16 0
-145 -276 15 0
-149 -278 16 0
-150 -277 15 0
-145 -280 15 0
-143 -280 9 0
-144 -280 11 0
-145 -278 10 0
-139 -277 11 2
-143 -281 9 0
-144 -276 10 0
-144 -275 10 0
-144 -280 8 1
-146 -280 9 0
-141 -282 8 0
-141 -283 9 0
-141 -284 9 0
-144 -278 8 1
-146 -277 8 1
-147 -277 9 1
-145 -283 8 1
-143 -284 6 2
-145 -278 8 1
-145 -277 7 2
-145 -276 6 1
-145 -276 7 1
-145 -276 8 1
-141 -284 4 1
-141 -284 5 2
-141 -284 6 1
-141 -283 4 1
-141 -283 5 2
-146 -279 4 1
-146 -279 5 1
-146 -279 6 2
-146 -278 4 1
-146 -278 5 1
-146 -278 6 2
-146 -277 4 1
-146 -277 5 1
-146 -277 6 2
-149 -278 18 0
-150 -278 19 0
-145 -277 17 0
-145 -277 18 0
-144 -277 18 0
-143 -276 19 0
-148 -276 17 0
-148 -275 18 0
-148 -274 18 0
-143 -279 17 0
-142 -280 18 0
-146 -276 16 0
-145 -276 17 0
-145 -275 17 0
-145 -279 10 0
-146 -279 10 0
-146 -279 11 0
-141 -278 10 1
-140 -277 11 2
-144 -282 10 0
-144 -283 11 0
-144 -278 9 1
-145 -275 10 0
-145 -280 8 1
-146 -281 9 0
-142 -283 9 0
-146 -283 8 1
-148 -279 7 1
-144 -275 15 0
-143 -284 7 2
-148 -276 15 0
-144 -285 6 2
-144 -285 7 2
-144 -285 8 1
-144 -284 6 2
-144 -284 7 2
-144 -284 8 1
-144 -283 6 1
-144 -283 7 2
-143 -285 6 1
-143 -285 7 1
-143 -285 8 1
-143 -284 8 1
-143 -283 6 2
-143 -283 7 2
-143 -283 8 1
-142 -285 6 1
-142 -285 7 1
-142 -285 8 1
-142 -284 7 1
-142 -283 6 1
-143 -282 7 2
-146 -278 7 2
-146 -278 8 1
-146 -277 7 2
-146 -276 6 1
-146 -276 7 2
-146 -276 8 1
-147 -282 6 1
-142 -284 4 1
-142 -284 5 2
-142 -283 4 1
-142 -283 5 2
-147 -279 5 2
-147 -279 6 2
-147 -278 5 1
-147 -278 6 1
-147 -278 7 2
-147 -277 5 1
-147 -277 6 1
-125 -262 13 0
-144 -286 13 0
-145 -262 10 1
-130 -266 15 0
-142 -256 11 2
-142 -255 10 1
-136 -283 11 0
-135 -284 11 0
-138 -280 11 0
-148 -255 10 1
-137 -278 11 0
-136 -278 11 0
-136 -277 11 1
-139 -283 11 0
-139 -285 10 0
-140 -279 11 1
-141 -278 11 1
-137 -281 11 0
-142 -258 10 1
-135 -281 10 0
-142 -258 12 1
-139 -280 11 0
-139 -278 10 1
-140 -255 13 0
-141 -254 16 0
-147 -251 18 0
-141 -255 13 0
-131 -276 14 0
-128 -276 11 0
-127 -276 12 0
-131 -273 10 0
-125 -276 11 0
-124 -276 11 0
-129 -275 11 0
-129 -274 11 0
-129 -273 11 0
-129 -272 11 0
-127 -278 11 0
-126 -279 11 0
-125 -280 11 0
-134 -277 10 0
-127 -275 10 0
-126 -275 10 0
-126 -274 10 0
-125 -273 10 0
-144 -259 16 0
-143 -259 17 0
-143 -260 18 0
-138 -254 10 2
-138 -254 11 1
-138 -253 9 1
-138 -253 10 2
-130 -271 8 0
-131 -271 9 1
-134 -273 9 1
-133 -272 10 1
-129 -268 9 1
-120 -275 9 0
-102 -276 5 1
-103 -272 2 2
-103 -273 1 1
-103 -272 1 1
-103 -272 3 1
-103 -271 1 1
-103 -271 2 2
-103 -271 3 1
-102 -273 1 1
-113 -253 9 0
-113 -253 10 0
-122 -269 3 1
-122 -269 2 1
-121 -268 3 2
-117 -268 4 0
-118 -268 5 0
-121 -270 4 0
-120 -270 4 0
-120 -269 5 0
-120 -268 6 0
-117 -266 5 0
-122 -266 5 0
-118 -270 5 0
-119 -269 6 0
-123 -270 5 0
-122 -269 6 0
-121 -268 7 0
-115 -268 6 0
-116 -268 6 0
-122 -264 6 0
-120 -271 6 0
-120 -270 7 0
-116 -270 7 0
-119 -268 7 0
-122 -270 8 0
-118 -267 8 0
-121 -266 8 0
-119 -270 8 0
-119 -269 8 0
-122 -268 9 0
-121 -268 8 0
-115 -269 10 0
-116 -268 9 0
-121 -263 10 0
-121 -264 9 0
-115 -251 10 0
-114 -251 11 0
-116 -251 7 0
-117 -252 10 0
-120 -270 10 0
-120 -268 8 0
-116 -265 11 0
-115 -252 8 0
-114 -253 9 0
-114 -253 10 0
-117 -266 10 0
-112 -267 1 1
-113 -267 2 1
-101 -271 4 0
-101 -277 5 1
-106 -276 9 0
-106 -276 10 0
-101 -275 8 0
-112 -274 10 0
-113 -274 9 0
-116 -270 11 0
-115 -277 11 0
-115 -276 10 0
-115 -275 9 0
-111 -271 11 0
-112 -272 11 0
-112 -272 10 0
-118 -273 12 0
-117 -273 11 0
-112 -276 12 0
-113 -275 11 0
-114 -271 12 0
-126 -257 12 2
-138 -260 11 2
-137 -251 15 0
-144 -280 13 0
-128 -263 8 0
-125 -262 10 0
-125 -262 9 0
-125 -262 8 0
-124 -257 17 0
-134 -268 10 2
-137 -267 10 0
-137 -271 10 1
-104 -274 5 0
-132 -271 11 2
-133 -268 10 1
-104 -270 1 1
-104 -271 3 1
-104 -271 2 2
-104 -271 1 1
-150 -265 12 0
-104 -278 4 2
-135 -266 6 1
-138 -280 10 0
-137 -279 10 0
-136 -279 9 0
-136 -279 8 0
-140 -282 10 0
-140 -282 9 0
-140 -283 9 0
-140 -284 8 0
-140 -279 10 1
-134 -255 15 0
-130 -260 15 0
-133 -256 8 2
-133 -256 7 1
-133 -257 9 1
-133 -257 7 1
-133 -258 9 1
-133 -258 8 2
-133 -258 7 1
-134 -256 8 1
-134 -256 7 1
-125 -280 6 0
-121 -275 7 0
-121 -279 7 0
-120 -279 6 0
-120 -280 6 0
-120 -281 5 0
-131 -270 17 0
-124 -276 7 0
-124 -276 8 0
-126 -272 6 0
-126 -273 7 0
-126 -274 8 0
-126 -279 6 0
-130 -275 8 0
-136 -265 7 1
-136 -265 9 1
-136 -264 7 1
-135 -266 7 2
-135 -266 8 1
-135 -266 9 1
-135 -265 7 2
-135 -265 8 2
-135 -265 9 1
-135 -264 8 2
-135 -264 9 1
-141 -258 16 0
-140 -257 16 0
-141 -264 15 0
-145 -261 12 1
-144 -260 13 0
-139 -256 12 1
-139 -256 11 2
-139 -256 10 1
-139 -257 12 1
-139 -257 11 2
-139 -257 10 1
-139 -258 12 2
-139 -258 11 2
-139 -258 10 1
-140 -256 12 1
-140 -256 11 2
-140 -256 10 1
-140 -257 12 1
-140 -257 10 1
-140 -258 12 2
-140 -258 11 2
-140 -258 10 1
-141 -256 12 1
-134 -253 9 1
-146 -258 9 2
-146 -258 10 1
-130 -270 16 0
-130 -269 15 0
-126 -264 16 0
-128 -265 14 0
-132 -266 16 0
-131 -266 15 0
-125 -278 9 0
-119 -274 11 0
-119 -274 12 0
-119 -274 13 0
-118 -274 14 0
-121 -275 12 0
-121 -275 13 0
-119 -272 13 0
-119 -271 14 0
-119 -275 12 0
-118 -276 12 0
-138 -283 11 0
-148 -289 8 1
-136 -283 15 0
-139 -277 14 0
-139 -281 14 0
-138 -279 17 0
-138 -279 18 0
-138 -279 19 0
-139 -280 16 0
-140 -280 16 0
-140 -280 17 0
-140 -280 18 0
-139 -277 17 0
-137 -281 17 0
-137 -281 18 0
-136 -277 16 0
-136 -277 17 0
-140 -282 16 0
-140 -283 17 0
-141 -275 16 0
-135 -280 16 0
-143 -281 16 0
-137 -275 15 0
-138 -283 15 0
-137 -284 15 0
-140 -278 14 0
-141 -282 14 0
-137 -281 14 0
-143 -279 13 0
-135 -275 13 1
-139 -283 13 0
-139 -284 13 0
-142 -275 12 1
-139 -280 19 0
-142 -281 18 0
-142 -281 19 0
-140 -278 17 0
-140 -277 18 0
-139 -282 17 0
-139 -282 18 0
-139 -279 16 0
-138 -278 17 0
-137 -278 17 0
-141 -281 15 0
-141 -283 17 0
-142 -284 17 0
-142 -278 16 0
-142 -276 17 0
-139 -280 15 0
-136 -281 16 0
-139 -284 16 0
-142 -279 15 0
-136 -279 15 0
-141 -284 13 0
-141 -280 17 0
-141 -280 18 0
-141 -280 19 0
-143 -281 17 0
-143 -282 18 0
-144 -282 19 0
-142 -279 17 0
-142 -278 19 0
-141 -281 16 0
-141 -282 17 0
-141 -282 18 0
-140 -283 18 0
-144 -280 17 0
-145 -280 17 0
-140 -279 17 0
-139 -278 18 0
-143 -283 16 0
-101 -255 0 1
-101 -255 1 2
-101 -255 2 1
-101 -254 0 1
-101 -254 1 2
-101 -254 2 1
-141 -275 19 0
-141 -275 18 0
-149 -278 8 2
-144 -267 11 1
-145 -268 12 0
-143 -268 18 0
-143 -268 19 0
-138 -254 19 0
-141 -255 18 0
-135 -253 14 0
-138 -253 18 0
-135 -254 16 0
-141 -252 18 0
-148 -288 12 0
-148 -287 13 0
-148 -286 13 0
-148 -285 13 0
-137 -279 5 0
-133 -280 6 0
-134 -276 14 0
-134 -276 13 0
-128 -273 16 0
-128 -273 15 0
-148 -258 9 1
-134 -280 6 0
-136 -282 8 0
-121 -256 10 0
-132 -267 4 1
-118 -253 11 0
-138 -265 14 0
-146 -262 14 0
-147 -262 14 0
-140 -259 14 1
-139 -259 14 1
-139 -258 14 1
-142 -263 14 0
-145 -259 13 0
-143 -252 12 2
-141 -252 15 0
-123 -264 11 0
-124 -264 12 0
-129 -260 11 1
-129 -261 12 2
-144 -259 18 0
-126 -252 13 1
-129 -257 14 0
-123 -259 13 0
-122 -258 13 0
-121 -258 13 0
-144 -252 13 1
-148 -258 16 0
-141 -253 16 0
-132 -277 10 0
-132 -277 11 0
-143 -278 12 0
-146 -286 13 0
-144 -284 12 0
-138 -280 13 0
-139 -281 13 0
-141 -281 12 0
-146 -279 13 0
-142 -264 14 0
-142 -265 14 0
-142 -266 13 0
-139 -262 13 0
-133 -251 9 2
-133 -251 8 1
-133 -251 7 1
-133 -252 9 2
-133 -252 8 1
-133 -252 7 1
-132 -251 8 2
-149 -269 10 1
-149 -269 11 1
-149 -268 9 1
-149 -268 10 1
-149 -268 11 1
-149 -267 9 1
-149 -267 10 1
-149 -267 11 1
-150 -275 11 0
-150 -276 11 0
-149 -276 10 0
-148 -271 10 2
-149 -270 9 1
-149 -270 10 1
-149 -270 11 1
-148 -272 9 1
-148 -272 10 1
-148 -272 11 1
-148 -271 9 1
-148 -271 11 1
-148 -270 9 1
-148 -270 10 2
-108 -274 4 1
-107 -276 2 1
-127 -261 11 1
-122 -261 10 0
-123 -262 8 0
-104 -273 5 0
-104 -272 4 1
-107 -275 6 0
-118 -258 11 0
-118 -256 10 0
-117 -255 10 0
-128 -256 4 1
-128 -255 4 1
-128 -254 4 1
-123 -260 5 0
-120 -257 13 0
-121 -255 13 0
-120 -260 13 0
-119 -256 11 0
-118 -255 12 0
-118 -259 11 0
-119 -253 11 0
-146 -254 19 0
-146 -254 18 0
-146 -254 17 0
-145 -254 13 1
-145 -254 12 1
-139 -251 13 0
-150 -251 10 1
-150 -251 9 1
-147 -251 13 1
-142 -259 19 0
-141 -263 16 0
-141 -263 17 0
-141 -264 18 0
-140 -264 18 0
-146 -261 18 0
-120 -277 8 0
-127 -277 10 0
-126 -277 10 0
-146 -268 9 1
-146 -269 11 1
-146 -269 10 1
-146 -269 9 1
-132 -276 8 0
-127 -276 9 0
-145 -254 15 0
-148 -258 17 0
-148 -257 17 0
-136 -256 16 0
-137 -258 18 0
-135 -265 16 0
-136 -260 7 1
-141 -268 7 1
-141 -269 9 2
-141 -270 9 1
-141 -270 8 2
-144 -281 13 0
-150 -252 10 1
-131 -255 13 0
-130 -254 13 0
-133 -283 8 0
-138 -279 9 0
-139 -278 9 1
-139 -278 8 1
-130 -265 9 1
-141 -256 15 0
-135 -269 10 1
-122 -274 10 0
-105 -277 5 1
-106 -276 6 0
-139 -253 15 0
-141 -259 15 0
-139 -259 18 0
-142 -258 18 0
-142 -258 17 0
-141 -257 16 0
-120 -271 11 0
-121 -273 10 0
-131 -263 15 0
-126 -268 15 0
-121 -259 15 0
-122 -259 15 0
-123 -259 14 0
-134 -268 16 0
-124 -258 13 0
-149 -260 9 1
-130 -257 17 0
-129 -256 9 1
-132 -257 9 1
-131 -257 11 0
-131 -257 12 0
-124 -277 6 0
-120 -271 8 0
-123 -282 5 0
-124 -284 5 0
-117 -283 5 0
-124 -280 4 1
-126 -280 4 1
-121 -284 4 1
-117 -254 7 0
-121 -285 4 1
-125 -275 2 1
-125 -275 3 1
-125 -275 4 1
-125 -282 3 2
-126 -283 2 1
-126 -283 3 2
-126 -283 4 1
-141 -273 11 0
-135 -262 6 1
-124 -276 6 0
-136 -271 6 2
-136 -271 5 1
-137 -270 8 1
-137 -271 8 1
-137 -271 7 1
-137 -271 6 2
-138 -269 7 1
-138 -269 6 1
-129 -267 11 1
-115 -254 9 0
-115 -254 10 0
-116 -251 6 0
-112 -275 1 1
-113 -274 3 1
-113 -274 1 1
-113 -275 3 1
-140 -268 19 0
-141 -268 18 0
-115 -252 7 0
-114 -253 7 0
-113 -253 8 0
-142 -263 19 0
-126 -261 17 0
-115 -251 6 0
-114 -251 6 0
-113 -251 6 0
-112 -251 7 0
-141 -264 9 1
-125 -265 15 0
-148 -259 12 0
-136 -269 12 1
-140 -279 16 0
-142 -273 15 0
-140 -274 14 0
-138 -273 15 0
-137 -273 15 0
-136 -273 15 0
-141 -271 14 0
-138 -277 14 0
-137 -277 14 0
-146 -274 14 0
-138 -271 14 0
-141 -278 13 1
-143 -272 13 0
-143 -271 13 0
-139 -274 14 0
-138 -274 13 1
-137 -274 13 1
-136 -275 13 1
-141 -272 13 0
-140 -271 13 0
-140 -271 12 0
-140 -275 13 1
-140 -276 13 1
-144 -273 12 0
-140 -273 13 1
-128 -276 8 0
-116 -252 5 0
-142 -266 8 1
-129 -254 17 0
-142 -267 9 1
-128 -252 14 0
-140 -284 13 0
-127 -252 16 0
-116 -276 9 0
-116 -275 9 0
-119 -269 9 0
-118 -270 9 0
-118 -273 9 0
-121 -278 9 0
-113 -273 10 0
-114 -273 10 0
-114 -265 8 0
-128 -278 14 0
-123 -276 13 0
-126 -271 12 0
-125 -270 12 0
-126 -279 12 0
-131 -275 10 0
-131 -277 9 0
-127 -272 9 0
-122 -252 13 0
-123 -255 16 0
-119 -252 14 0
-118 -252 15 0
-122 -253 13 0
-130 -256 10 0
-140 -265 17 0
-132 -253 6 1
-131 -255 5 1
-131 -256 5 1
-132 -256 5 1
-132 -255 6 1
-132 -256 6 1
-121 -263 2 1
-121 -264 4 1
-121 -264 3 2
-121 -264 2 1
-121 -265 4 1
-121 -265 3 2
-121 -265 2 1
-122 -263 3 2
-122 -263 2 1
-122 -264 2 1
-122 -264 3 2
-126 -265 5 0
-123 -267 5 0
-123 -266 5 0
-120 -264 6 0
-121 -264 6 0
-122 -263 6 0
-121 -266 7 0
-125 -267 2 1
-125 -267 3 1
-131 -270 4 2
-132 -271 3 1
-132 -271 4 1
-132 -271 5 2
-132 -270 3 1
-132 -270 4 1
-132 -269 3 1
-131 -271 3 1
-131 -271 4 2
-131 -271 5 2
-131 -270 3 1
-122 -261 8 0
-122 -256 7 0
-122 -255 7 0
-123 -254 8 0
-123 -258 7 0
-119 -253 7 0
-120 -260 6 0
-120 -262 7 0
-125 -255 7 1
-116 -256 6 0
-123 -260 6 0
-123 -261 6 0
-124 -261 6 0
-121 -255 6 0
-121 -254 6 0
-121 -253 6 0
-122 -252 6 0
-118 -260 5 0
-117 -261 5 0
-126 -258 5 2
-127 -259 4 2
-127 -259 5 2
-127 -259 6 1
-127 -258 4 2
-127 -258 5 1
-127 -258 6 2
-127 -257 4 1
-127 -257 5 1
-127 -257 6 2
-126 -259 4 2
-126 -259 5 2
-126 -259 6 1
-126 -258 4 2
-122 -252 5 0
-126 -252 4 1
-125 -252 6 1
-123 -251 2 1
-123 -251 3 2
-123 -251 4 1
-122 -251 2 1
-122 -251 3 2
-122 -251 9 0
-123 -254 9 0
-125 -251 8 1
-122 -252 8 0
-120 -253 7 0
-123 -251 7 0
-123 -252 6 0
-123 -252 2 1
-122 -252 2 1
-122 -252 3 2
-127 -251 3 1
-123 -252 10 0
-120 -252 10 0
-121 -253 8 0
-120 -254 8 0
-121 -251 6 0
-120 -251 6 0
-123 -251 5 1
-127 -252 4 1
-124 -251 11 0
-124 -252 9 1
-120 -253 10 0
-123 -253 8 0
-122 -253 8 0
-122 -252 7 0
-121 -252 7 0
-120 -252 6 0
-125 -251 2 1
-124 -251 2 1
-121 -254 10 0
-120 -251 9 0
-122 -253 7 0
-121 -253 7 0
-120 -253 6 0
-121 -251 5 0
-121 -256 11 0
-120 -253 9 0
-121 -251 8 0
-138 -271 7 1
-138 -271 6 2
-139 -269 8 2
-139 -269 7 1
-139 -269 6 1
-139 -270 8 2
-138 -278 15 0
-133 -280 14 0
-135 -272 13 1
-130 -280 12 0
-134 -281 12 0
-135 -277 11 0
-134 -262 11 0
-135 -262 12 0
-134 -264 12 0
-135 -263 12 0
-133 -263 14 0
-138 -265 15 0
-122 -275 4 1
-121 -277 2 1
-132 -261 16 0
-124 -255 15 0
-123 -255 15 0
-121 -276 3 2
-121 -276 4 1
-121 -275 2 1
-121 -275 3 1
-121 -275 4 1
-122 -254 16 0
-128 -257 17 0
-129 -257 15 0
-131 -257 15 0
-131 -253 14 0
-120 -280 12 0
-119 -276 11 0
-123 -281 11 0
-129 -256 13 0
-131 -256 13 0
-127 -252 15 0
-125 -279 10 0
-121 -280 9 0
-128 -262 12 1
-126 -267 12 0
-141 -262 11 2
-142 -262 11 2
-142 -262 10 1
-143 -262 12 1
-143 -262 13 0
-143 -261 9 1
-143 -262 11 1
-143 -262 10 2
-143 -262 9 1
-123 -263 13 0
-124 -263 13 0
-131 -261 14 1
-102 -267 6 0
-138 -286 8 0
-141 -288 8 1
-138 -286 7 0
-139 -289 5 1
-139 -289 7 1
-139 -288 5 1
-139 -288 7 1
-137 -288 5 0
-142 -286 4 1
-142 -285 4 2
-141 -286 4 1
-140 -285 12 0
-142 -286 11 0
-142 -286 12 0
-140 -286 10 0
-139 -287 11 0
-141 -287 9 0
-142 -288 10 0
-142 -289 11 0
-137 -286 9 0
-139 -266 13 0
-138 -267 12 0
-148 -261 16 0
-146 -274 15 0
-145 -266 16 0
-134 -283 2 1
-134 -283 4 1
-133 -283 5 0
-133 -283 9 0
-133 -283 10 0
-134 -283 8 0
-134 -284 9 0
-135 -284 10 0
-132 -284 9 0
-132 -285 10 0
-131 -285 11 0
-135 -283 8 0
-135 -283 9 0
-131 -282 9 0
-130 -281 10 0
-134 -284 7 0
-134 -285 8 0
-134 -285 9 0
-134 -286 9 0
-134 -287 10 0
-134 -281 8 0
-132 -284 8 0
-136 -284 8 0
-137 -284 8 0
-138 -285 9 0
-133 -285 7 0
-133 -286 8 0
-132 -287 8 0
-119 -271 9 0
-118 -271 9 0
-122 -278 9 0
-122 -279 8 0
-122 -274 9 0
-123 -272 9 0
-125 -271 8 0
-118 -275 8 0
-117 -275 8 0
-121 -272 8 0
-121 -271 8 0
-121 -270 7 0
-121 -276 8 0
-125 -273 7 0
-119 -273 7 0
-138 -278 10 1
-137 -275 11 2
-137 -274 12 2
-141 -276 11 2
-135 -275 10 1
-139 -274 10 2
-135 -278 9 0
-139 -277 8 2
-141 -276 9 2
-141 -275 9 2
-141 -274 9 1
-140 -281 8 0
-137 -281 7 0
-137 -282 6 0
-122 -276 8 0
-139 -278 7 1
-141 -279 5 2
-138 -273 5 1
-140 -277 5 1
-140 -277 6 2
-140 -276 5 1
-140 -275 5 1
-140 -281 3 1
-140 -281 4 1
-140 -281 5 1
-140 -280 3 1
-140 -280 4 2
-140 -280 5 2
-140 -279 3 1
-140 -279 4 2
-139 -281 5 1
-139 -280 5 1
-139 -279 5 1
-138 -281 5 1
-114 -264 5 0
-111 -265 3 1
-111 -265 2 2
-116 -261 12 0
-143 -271 10 1
-143 -271 9 2
-144 -269 8 1
-144 -270 8 2
-144 -271 9 1
-145 -273 10 1
-141 -272 11 0
-142 -272 5 1
-142 -273 5 1
-142 -274 5 1
-141 -270 6 1
-144 -271 8 1
-144 -271 7 1
-144 -271 6 1
-144 -272 8 2
-144 -272 7 1
-144 -272 6 1
-144 -273 8 2
-144 -273 7 1
-144 -273 6 1
-142 -271 6 1
-142 -272 6 1
-142 -273 8 1
-142 -273 7 1
-142 -273 6 1
-143 -271 8 2
-143 -271 7 1
-143 -271 6 1
-143 -272 8 2
-143 -272 7 2
-143 -272 6 1
-143 -273 8 2
-143 -273 7 1
-143 -273 6 1
-125 -258 6 1
-125 -257 4 2
-125 -257 5 1
-125 -257 6 1
-122 -257 5 1
-123 -257 5 1
-117 -254 5 0
-121 -262 4 1
-124 -253 4 2
-125 -254 3 1
-125 -254 4 2
-125 -254 5 2
-125 -253 3 1
-125 -253 4 1
-125 -253 5 2
-125 -252 3 1
-125 -252 4 1
-125 -252 5 2
-124 -254 3 2
-124 -254 4 2
-124 -254 5 1
-124 -253 3 1
-124 -253 5 1
-124 -252 3 1
-124 -252 4 2
-124 -252 5 1
-123 -254 5 1
-123 -253 5 1
-117 -253 7 0
-121 -257 15 0
-121 -257 14 0
-123 -258 16 0
-126 -257 17 0
-121 -260 12 0
-122 -258 14 0
-123 -259 16 0
-124 -256 17 0
-121 -258 14 0
-121 -259 14 0
-122 -259 14 0
-124 -268 12 0
-135 -258 15 0
-128 -269 15 0
-131 -261 4 1
-131 -261 3 1
-131 -262 3 1
-130 -259 4 1
-130 -259 3 1
-130 -260 4 1
-130 -260 3 1
-130 -261 4 1
-130 -261 3 1
-127 -256 3 1
-119 -253 9 0
-119 -255 11 0
-125 -252 2 1
-129 -252 4 1
-108 -274 12 0
-123 -261 9 0
-124 -261 10 0
-126 -257 9 2
-126 -258 10 2
-123 -264 10 0
-128 -260 4 2
-128 -259 4 2
-141 -276 5 1
-141 -277 6 2
-141 -277 5 1
-135 -281 5 0
-103 -272 7 0
-103 -271 4 0
-141 -279 6 1
-140 -278 6 1
-138 -282 6 1
-138 -281 7 0
-138 -278 7 1
-150 -251 18 0
-143 -277 7 2
-134 -280 7 0
-142 -274 9 1
-140 -273 10 1
-150 -251 19 0
-124 -256 10 0
-114 -279 9 0
-117 -282 8 0
-122 -272 6 0
-122 -272 7 0
-103 -272 10 0
-101 -269 8 0
-101 -268 10 0
-140 -276 4 1
-140 -276 3 1
-102 -269 7 0
-102 -268 7 0
-102 -266 6 0
-140 -278 4 2
-126 -272 11 0
-120 -279 11 0
-114 -271 11 0
-116 -275 13 0
-116 -274 12 0
-115 -274 11 0
-113 -273 13 0
-113 -273 12 0
-114 -273 11 0
-103 -279 3 1
-103 -279 2 1
-150 -261 15 0
-129 -274 9 0
-129 -271 8 0
-129 -276 8 0
-102 -270 7 0
-102 -270 8 0
-101 -270 10 0
-104 -271 10 0
-102 -268 9 0
-102 -267 10 0
-137 -263 13 0
-105 -269 8 0
-139 -263 14 0
-103 -271 7 0
-104 -267 8 0
-101 -267 7 0
-131 -268 6 2
-132 -268 7 1
-133 -269 9 1
-133 -269 8 1
-103 -280 5 1
-133 -270 8 1
-101 -279 6 0
-134 -269 7 2
-134 -270 8 1
-134 -270 7 1
-135 -270 8 2
-103 -269 9 0
-102 -269 10 0
-105 -270 10 0
-103 -266 10 0
-102 -271 9 0
-107 -268 9 0
-106 -265 8 0
-132 -279 12 0
-133 -279 12 0
-141 -266 9 2
-119 -280 6 0
-120 -273 5 0
-120 -274 6 0
-120 -278 7 0
-104 -268 9 0
-104 -268 10 0
-106 -270 10 0
-105 -266 10 0
-108 -268 9 0
-108 -270 7 0
-112 -272 7 0
-112 -271 6 0
-112 -270 6 0
-130 -264 11 2
-127 -255 12 1
-128 -255 12 0
-105 -268 10 0
-108 -269 10 0
-106 -265 9 0
-109 -267 8 0
-108 -268 6 0
-104 -263 7 0
-131 -265 5 2
-122 -262 6 0
-127 -266 6 0
-127 -265 6 0
-127 -264 7 0
-127 -263 7 0
-123 -265 7 0
-123 -264 7 0
-124 -263 7 0
-107 -267 9 0
-106 -267 10 0
-109 -268 10 0
-108 -265 8 0
-109 -267 7 0
-146 -268 11 1
-146 -268 10 1
-134 -272 3 1
-134 -273 3 1
-134 -274 3 1
-128 -275 5 1
-128 -275 4 1
-128 -275 3 1
-128 -276 4 1
-128 -276 3 1
-129 -275 5 1
-129 -275 3 1
-129 -276 5 1
-129 -276 4 1
-142 -278 8 1
-142 -279 9 0
-142 -284 8 1
-142 -284 9 0
-148 -259 8 1
-148 -258 8 1
-148 -257 8 2
-147 -259 8 2
-147 -258 8 1
-147 -257 8 1
-146 -259 8 1
-143 -273 19 0
-142 -278 18 0
-139 -278 11 1
-143 -285 11 0
-132 -253 10 1
-133 -251 10 1
-133 -252 11 1
-133 -253 10 1
-134 -251 11 1
-125 -266 11 0
-127 -254 15 0
-126 -255 14 0
-126 -256 14 0
-122 -256 16 0
-123 -256 15 0
-129 -269 12 0
-125 -262 12 0
-126 -264 12 0
-127 -265 12 0
-149 -262 16 0
-124 -259 15 0
-125 -255 17 0
-149 -260 18 0
-127 -271 13 0
-129 -275 13 0
-130 -275 13 0
-130 -273 13 0
-135 -274 14 0
-134 -273 14 0
-126 -273 15 0
-127 -273 14 0
-128 -273 14 0
-132 -276 15 0
-131 -275 15 0
-131 -273 14 0
-127 -270 16 0
-128 -270 15 0
-129 -274 15 0
-129 -273 15 0
-130 -273 14 0
-130 -270 15 0
-132 -273 17 0
-101 -273 9 0
-104 -276 8 0
-112 -251 2 2
-112 -251 1 1
-130 -252 10 0
-124 -253 11 1
-124 -252 10 1
-123 -252 9 0
-116 -252 10 0
-116 -252 9 0
-145 -267 16 0
-146 -267 17 0
-141 -270 16 0
-146 -264 16 0
-140 -269 12 0
-145 -265 13 0
-142 -263 9 2
-143 -265 9 1
-143 -265 10 1
-143 -265 11 1
-141 -264 17 0
-117 -251 4 1
-117 -251 3 1
-117 -251 2 2
-140 -264 19 0
-140 -264 20 0
-142 -265 17 0
-142 -265 18 0
-118 -251 3 1
-118 -251 2 1
-143 -266 19 0
-139 -267 19 0
-143 -264 17 0
-144 -264 18 0
-145 -264 18 0
-138 -262 18 0
-116 -252 4 0
-142 -268 18 0
-140 -269 16 0
-145 -262 16 0
-137 -254 9 1
-122 -257 12 0
-123 -258 12 0
-124 -259 12 0
-130 -261 12 2
-124 -251 12 0
-149 -255 11 2
-128 -251 12 0
-129 -251 12 0
-126 -255 10 2
-125 -254 12 2
-144 -264 16 0
-143 -264 15 0
-130 -269 16 0
-124 -260 17 0
-124 -260 18 0
-127 -262 16 0
-125 -259 14 0
-125 -259 15 0
-148 -282 12 0
-149 -283 13 0
-138 -260 12 1
-148 -287 11 0
-129 -251 14 0
-130 -258 9 1
-123 -261 7 0
-120 -259 12 0
-122 -253 11 0
-123 -262 11 0
-121 -254 9 0
-125 -263 8 0
-122 -261 7 0
-126 -260 7 0
-126 -261 6 1
-121 -259 12 0
-122 -260 10 0
-121 -260 10 0
-121 -261 10 0
-125 -263 9 0
-123 -261 8 0
-121 -259 13 0
-145 -274 18 0
-145 -273 19 0
-145 -273 20 0
-144 -278 19 0
-144 -274 17 0
-142 -273 19 0
-146 -279 18 0
-147 -272 17 0
-148 -272 18 0
-148 -277 14 0
-144 -276 12 0
-145 -275 12 0
-145 -275 11 0
-145 -274 10 1
-103 -251 4 0
-130 -266 10 1
-131 -266 11 2
-131 -271 10 1
-148 -254 8 1
-148 -255 9 1
-129 -263 13 0
-129 -264 13 0
-124 -265 14 0
-145 -260 16 0
-102 -256 6 0
-103 -256 7 0
-101 -260 6 0
-133 -251 14 0
-150 -283 10 0
-149 -283 11 0
-102 -260 3 1
-146 -284 9 0
-148 -269 16 0
-144 -272 18 0
-145 -272 17 0
-145 -271 16 0
-146 -271 16 0
-146 -267 18 0
-146 -268 18 0
-146 -268 17 0
-102 -259 8 0
-102 -257 6 0
-101 -260 5 0
-101 -261 7 0
-104 -255 5 0
-102 -260 4 0
-103 -261 4 0
-131 -269 10 2
-105 -261 1 1
-105 -261 2 2
-104 -261 1 1
-104 -261 3 1
-103 -261 1 1
-103 -261 2 2
-103 -261 3 1
-124 -277 12 0
-126 -252 18 0
-123 -278 13 0
-128 -253 15 0
-126 -275 11 0
-127 -251 14 0
-126 -274 11 0
-145 -262 11 1
-126 -273 11 0
-102 -260 7 0
-102 -260 8 0
-126 -278 11 0
-103 -258 6 0
-103 -258 7 0
-104 -258 7 0
-101 -261 6 0
-102 -262 6 0
-124 -275 11 0
-102 -263 7 0
-102 -259 5 0
-103 -260 5 0
-105 -260 6 0
-132 -270 15 0
-102 -261 4 0
-103 -262 4 0
-104 -263 4 0
-105 -262 1 1
-105 -262 3 1
-104 -262 1 1
-104 -262 2 2
-104 -262 3 1
-103 -262 1 1
-103 -262 2 2
-103 -262 3 1
-102 -261 1 1
-144 -281 9 0
-144 -281 8 1
-125 -273 14 0
-134 -262 9 1
-134 -262 8 2
-134 -262 7 2
-134 -263 7 2
-135 -262 7 1
-135 -263 7 1
-136 -262 7 1
-136 -263 7 1
-136 -254 9 1
-136 -254 10 2
-136 -254 11 1
-145 -258 16 0
-127 -268 12 0
-146 -260 17 0
-146 -261 17 0
-124 -267 13 0
-128 -260 13 1
-129 -263 10 1
-132 -266 6 2
-132 -266 5 1
-133 -264 7 2
-133 -264 6 2
-133 -264 5 1
-133 -265 7 1
-133 -265 5 1
-133 -266 6 2
-133 -266 5 1
-134 -264 6 1
-134 -264 5 1
-134 -265 7 2
-134 -265 6 1
-101 -279 4 1
-101 -279 3 1
-101 -270 8 0
-102 -278 8 0
-102 -279 8 0
-101 -274 7 0
-119 -277 7 0
-106 -278 7 0
-106 -279 7 0
-132 -265 11 2
-131 -262 9 1
-135 -269 9 2
-134 -261 7 1
-134 -260 7 1
-133 -262 7 2
-133 -261 7 2
-133 -260 7 2
-114 -262 4 1
-115 -259 4 1
-115 -261 3 1
-118 -254 2 2
-119 -255 1 1
-119 -255 2 1
-119 -255 3 2
-119 -254 1 1
-119 -254 2 1
-110 -278 4 1
-110 -278 3 2
-110 -278 2 1
-110 -279 4 1
-110 -279 3 2
-110 -279 2 1
-123 -277 5 0
-126 -273 5 1
-126 -273 6 0
-127 -279 6 0
-122 -274 6 0
-128 -275 7 0
-124 -271 7 0
-144 -280 16 0
-144 -279 17 0
-143 -283 15 0
-143 -284 16 0
-143 -284 17 0
-147 -281 15 0
-143 -281 14 0
-143 -281 15 0
-142 -280 15 0
-141 -280 16 0
-145 -284 14 0
-145 -285 15 0
-145 -286 16 0
-146 -280 14 0
-146 -278 15 0
-143 -283 14 0
-142 -283 14 0
-141 -283 14 0
-140 -283 15 0
-126 -252 9 2
-139 -252 17 0
-150 -252 14 0
-124 -251 16 0
-122 -255 16 0
-122 -255 17 0
-127 -252 17 0
-122 -252 15 0
-122 -254 14 0
-123 -258 14 0
-121 -256 13 0
-120 -256 13 0
-119 -254 11 0
-122 -256 11 0
-122 -257 10 0
-128 -252 10 1
-121 -251 10 0
-125 -256 9 1
-122 -254 10 0
-137 -287 7 0
-131 -286 7 0
-136 -283 7 0
-138 -283 7 0
-139 -283 7 0
-132 -280 6 0
-135 -285 6 0
-135 -286 6 0
-135 -287 6 0
-135 -288 6 0
-140 -287 4 1
-140 -287 5 1
-140 -287 6 1
-140 -286 4 1
-140 -286 5 1
-140 -286 6 2
-140 -285 4 1
-140 -285 5 1
-140 -285 6 2
-139 -287 6 1
-139 -286 6 1
-139 -285 6 1
-138 -287 6 1
-138 -286 6 1
-138 -285 6 1
-144 -281 15 0
-144 -281 16 0
-143 -280 16 0
-147 -284 14 0
-147 -285 15 0
-147 -286 15 0
-147 -286 16 0
-147 -280 15 0
-148 -279 15 0
-145 -283 14 0
-144 -283 14 0
-143 -284 15 0
-132 -264 14 0
-129 -266 16 0
-129 -266 15 0
-128 -269 14 0
-126 -259 11 1
-127 -264 9 0
-122 -259 9 0
-123 -259 10 0
-142 -251 14 0
-147 -283 11 0
-139 -267 13 0
-133 -270 11 1
-134 -262 10 1
-134 -263 11 0
-134 -269 9 2
-134 -271 9 2
-130 -267 9 2
-101 -276 4 1
-129 -267 8 1
-122 -275 3 1
-129 -270 15 0
-136 -270 14 0
-137 -270 14 0
-138 -270 15 0
-132 -272 14 0
-132 -273 14 0
-136 -272 13 1
-136 -273 13 1
-131 -271 13 1
-130 -272 12 0
-131 -281 2 1
-126 -285 4 1
-126 -285 3 1
-126 -285 2 1
-126 -286 3 2
-126 -286 2 1
-129 -282 5 0
-150 -263 16 0
-147 -261 17 0
-149 -261 18 0
-150 -259 19 0
-132 -262 13 0
-135 -258 17 0
-134 -279 6 0
-131 -277 7 0
-131 -277 6 0
-130 -277 12 0
-130 -277 14 0
-129 -277 15 0
-129 -277 16 0
-132 -279 14 0
-132 -279 15 0
-130 -276 12 0
-130 -276 13 0
-130 -275 14 0
-130 -275 15 0
-129 -279 14 0
-128 -280 15 0
-132 -277 12 0
-115 -268 8 0
-113 -275 8 0
-134 -251 13 0
-111 -276 8 0
-110 -277 8 0
-114 -273 8 0
-113 -272 8 0
-112 -271 8 0
-112 -271 7 0
-111 -270 7 0
-114 -276 7 0
-140 -252 15 0
-144 -262 13 0
-143 -251 15 0
-131 -266 7 2
-140 -264 13 0
-140 -265 13 0
-140 -266 12 0
-145 -264 16 0
-141 -265 15 0
-135 -271 8 1
-131 -270 9 1
-147 -257 11 2
-130 -265 10 1
-144 -292 7 0
-145 -291 3 1
-144 -291 3 1
-143 -291 3 1
-143 -291 4 1
-143 -291 5 1
-143 -290 3 1
-143 -290 4 1
-143 -290 5 1
-122 -262 9 0
-125 -260 8 0
-126 -261 8 0
-142 -279 10 0
-141 -276 12 2
-144 -278 10 0
-139 -277 10 2
-143 -275 10 0
-143 -279 8 0
-145 -276 9 1
-144 -282 8 1
-144 -279 7 1
-145 -279 7 1
-147 -291 11 0
-147 -291 12 0
-147 -291 13 0
-150 -292 13 0
-146 -293 11 0
-145 -289 11 0
-149 -294 11 0
-146 -292 10 0
-145 -292 10 0
-146 -288 10 0
-143 -290 9 0
-146 -293 8 0
-144 -294 8 0
-146 -280 5 2
-143 -292 7 0
-139 -282 5 2
-148 -287 4 1
-144 -279 6 1
-144 -278 5 2
-144 -278 6 2
-144 -277 5 1
-140 -281 2 1
-140 -280 2 1
-140 -279 2 1
-143 -280 7 1
-124 -261 7 0
-124 -262 6 0
-128 -260 5 2
-129 -261 6 2
-129 -260 4 2
-129 -260 5 1
-129 -259 4 1
-109 -258 7 0
-110 -259 8 0
-108 -256 5 0
-108 -255 7 0
-108 -255 8 0
-107 -259 6 0
-107 -259 7 0
-106 -260 7 0
-109 -257 4 0
-109 -257 5 0
-149 -259 11 1
-111 -257 6 0
-111 -257 7 0
-107 -256 5 0
-108 -259 5 0
-109 -260 5 0
-109 -260 6 0
-109 -261 6 0
-109 -256 5 0
-109 -255 5 0
-110 -254 6 0
-110 -253 6 0
-125 -259 11 1
-125 -260 11 0
-125 -261 12 0
-121 -264 11 0
-122 -263 11 0
-149 -276 8 1
-149 -276 7 2
-150 -274 9 1
-150 -274 8 2
-150 -274 7 1
-127 -261 12 0
-109 -259 4 0
-141 -276 16 0
-142 -276 16 0
-144 -277 15 0
-142 -279 14 0
-144 -279 15 0
-141 -287 6 1
-141 -287 7 2
-141 -286 5 1
-141 -286 6 2
-141 -286 7 1
-141 -285 5 2
-109 -279 7 0
-108 -280 7 0
-108 -281 7 0
-108 -282 8 0
-108 -278 6 0
-105 -280 6 0
-109 -275 5 0
-106 -282 3 1
-106 -282 4 1
-106 -282 5 1
-106 -281 3 1
-106 -281 4 1
-106 -281 5 1
-106 -280 3 1
-106 -280 4 2
-106 -280 5 1
-108 -279 5 1
-141 -255 12 1
-107 -277 10 0
-107 -277 11 0
-109 -278 10 0
-110 -278 11 0
-106 -279 10 0
-109 -280 9 0
-109 -281 9 0
-105 -278 8 0
-108 -279 7 0
-142 -269 8 2
-142 -269 9 2
-142 -268 8 1
-141 -269 10 1
-149 -274 8 2
-149 -274 7 1
-149 -275 9 1
-149 -275 8 2
-123 -265 11 0
-140 -261 18 0
-123 -264 13 0
-124 -264 13 0
-125 -264 13 0
-131 -262 14 1
-126 -269 14 0
-126 -268 14 0
-125 -261 14 0
-104 -279 5 1
-123 -266 15 0
-128 -268 8 0
-128 -268 9 0
-129 -267 10 1
-142 -251 10 2
-142 -252 10 2
-141 -251 11 2
-144 -259 12 1
-136 -282 10 0
-145 -290 5 1
-145 -289 3 1
-145 -289 5 1
-145 -288 3 1
-145 -288 4 1
-145 -288 5 2
-144 -290 3 1
-144 -290 4 2
-144 -290 5 1
-146 -287 4 1
-145 -287 4 1
-145 -287 5 2
-145 -287 10 0
-108 -276 10 0
-102 -274 10 0
-105 -279 8 0
-137 -286 10 0
-150 -276 8 1
-136 -287 11 0
-140 -284 9 0
-139 -286 8 0
-139 -286 9 0
-139 -287 10 0
-146 -264 13 0
-139 -288 10 0
-134 -286 10 0
-141 -285 8 0
-101 -251 4 0
-137 -287 8 0
-137 -288 8 0
-146 -265 15 0
-137 -289 9 0
-117 -264 4 1
-116 -265 2 1
-116 -265 3 2
-116 -265 4 1
-119 -262 1 1
-130 -257 5 1
-131 -259 9 1
-131 -259 10 0
-131 -261 6 2
-131 -261 5 1
-132 -261 5 1
-133 -261 5 1
-130 -255 9 1
-131 -255 9 1
-132 -255 9 1
-119 -261 1 1
-119 -260 1 1
-116 -262 10 0
-115 -262 11 0
-115 -262 12 0
-117 -262 8 0
-117 -262 9 0
-117 -262 10 0
-118 -263 10 0
-118 -263 11 0
-121 -262 8 0
-127 -255 7 2
-128 -256 6 2
-128 -256 7 1
-128 -256 8 1
-128 -255 6 2
-128 -255 7 1
-128 -254 6 2
-128 -254 7 1
-128 -254 8 1
-127 -256 6 2
-127 -256 7 2
-127 -256 8 2
-127 -255 6 2
-127 -255 8 2
-127 -254 6 2
-127 -254 7 2
-127 -254 8 2
-126 -256 6 2
-122 -278 8 0
-121 -278 7 0
-126 -274 7 0
-122 -274 8 0
-125 -266 16 0
-150 -282 18 0
-114 -275 12 0
-137 -261 15 0
-138 -261 15 0
-138 -256 17 0
-138 -252 14 0
-137 -251 17 0
-142 -254 9 1
-138 -251 18 0
-136 -253 15 0
-139 -252 18 0
-143 -253 9 1
-141 -254 9 1
-140 -252 17 0
-141 -252 16 0
-135 -270 10 2
-138 -270 11 0
-137 -270 11 1
-135 -273 11 2
-134 -272 12 2
-120 -274 4 1
-120 -274 5 0
-125 -260 15 0
-127 -263 17 0
-124 -262 18 0
-125 -262 17 0
-125 -262 16 0
-105 -281 5 1
-105 -280 3 1
-105 -280 4 2
-105 -280 5 1
-107 -276 5 0
-109 -281 2 1
-108 -281 2 1
-108 -280 2 1
-109 -275 1 1
-108 -277 5 1
-108 -278 9 0
-109 -278 11 0
-107 -274 11 0
-106 -278 9 0
-107 -278 7 0
-108 -280 9 0
-108 -281 9 0
-106 -277 7 0
-106 -280 7 0
-106 -281 8 0
-110 -281 7 0
-103 -280 6 0
-128 -275 8 0
-129 -275 7 0
-129 -275 6 0
-127 -274 7 0
-127 -273 6 0
-101 -265 3 1
-101 -268 7 0
-101 -263 6 0
-101 -266 5 0
-137 -252 18 0
-137 -253 16 0
-138 -264 13 0
-118 -259 5 0
-107 -277 3 2
-107 -277 4 1
-106 -279 2 1
-106 -279 3 1
-106 -279 4 2
-106 -278 2 1
-106 -278 3 2
-106 -278 4 1
-106 -277 2 1
-106 -277 3 2
-106 -277 4 1
-106 -276 5 0
-123 -278 7 0
-123 -277 8 0
-119 -275 5 0
-126 -276 6 0
-146 -272 9 2
-145 -275 5 1
-145 -275 6 1
-145 -275 7 2
-145 -274 5 1
-145 -274 6 1
-145 -273 5 1
-145 -273 6 1
-144 -271 12 0
-147 -275 10 1
-148 -275 10 1
-147 -271 7 1
-147 -271 8 1
-146 -271 7 1
-146 -271 8 1
-146 -271 9 1
-145 -271 7 1
-145 -271 8 1
-145 -271 9 1
-145 -270 7 1
-145 -270 8 1
-145 -269 7 1
-145 -269 8 1
-143 -270 7 1
-143 -269 7 1
-147 -274 7 1
-147 -273 7 1
-147 -272 7 1
-145 -275 9 1
-144 -276 11 0
-146 -273 11 0
-146 -275 10 1
-149 -275 10 0
-146 -273 10 1
-146 -272 10 1
-146 -271 10 1
-145 -271 10 1
-144 -270 7 1
-147 -275 7 1
-147 -275 8 1
-147 -275 9 1
-131 -260 14 1
-149 -254 8 1
-149 -254 9 1
-148 -256 8 1
-148 -255 8 1
-145 -264 9 1
-126 -257 14 0
-128 -264 15 0
-128 -264 16 0
-128 -263 17 0
-127 -267 15 0
-127 -268 16 0
-128 -260 14 1
-102 -273 3 1
-103 -274 5 0
-101 -280 6 1
-148 -254 15 1
-149 -254 11 2
-142 -255 15 0
-145 -254 17 0
-145 -254 16 0
-126 -261 14 0
-149 -257 15 0
-130 -267 8 2
-130 -265 6 1
-134 -270 6 2
-132 -268 6 2
-130 -270 9 1
-131 -268 5 2
-130 -269 4 2
-130 -269 5 1
-130 -269 6 1
-130 -268 4 2
-130 -268 5 2
-117 -278 4 1
-117 -277 2 2
-117 -277 3 1
-132 -271 16 0
-116 -258 5 0
-117 -259 5 0
-140 -275 10 2
-141 -278 8 1
-141 -279 9 1
-141 -277 8 1
-141 -280 8 0
-142 -282 8 1
-140 -279 7 1
-142 -280 6 1
-140 -263 14 0
-139 -264 14 0
-147 -260 14 0
-148 -260 14 0
-144 -285 15 0
-143 -284 14 0
-139 -279 15 0
-140 -280 15 0
-141 -280 14 0
-145 -281 15 0
-121 -254 13 0
-150 -254 10 2
-149 -256 8 1
-149 -255 8 1
-135 -262 10 1
-133 -260 9 2
-135 -265 10 0
-140 -278 15 0
-140 -277 15 0
-140 -276 15 0
-139 -270 16 0
-139 -271 16 0
-140 -271 15 0
-140 -272 15 0
-137 -275 17 0
-112 -264 5 0
-113 -264 6 0
-114 -263 6 0
-117 -268 6 0
-117 -267 6 0
-117 -265 7 0
-142 -273 18 0
-142 -273 17 0
-144 -276 19 0
-144 -276 18 0
-127 -276 11 0
-133 -274 12 0
-127 -281 12 0
-127 -280 12 0
-128 -280 12 0
-131 -267 8 2
-129 -265 8 1
-128 -266 14 0
-128 -266 15 0
-128 -266 16 0
-116 -272 5 0
-115 -273 6 0
-110 -277 5 0
-111 -276 6 0
-112 -275 7 0
-111 -269 5 0
-125 -277 4 1
-125 -276 2 1
-125 -276 3 1
-125 -276 4 1
-105 -255 9 0
-108 -256 8 0
-150 -278 6 1
-132 -256 11 0
-134 -257 12 0
-138 -284 10 0
-137 -284 11 0
-140 -285 11 0
-140 -286 12 0
-135 -257 10 2
-134 -257 11 1
-122 -277 5 0
-134 -269 5 1
-134 -270 5 1
-140 -283 11 0
-141 -282 11 0
-142 -282 12 0
-143 -282 12 0
-147 -278 11 0
-145 -281 12 0
-145 -287 12 0
-145 -286 12 0
-129 -262 13 1
-139 -282 11 0
-148 -260 17 0
-150 -258 17 0
-132 -264 17 0
-115 -275 2 2
-142 -257 18 0
-142 -257 19 0
-141 -259 18 0
-146 -256 17 0
-140 -255 17 0
-146 -261 14 0
-130 -278 15 0
-129 -276 12 0
-128 -275 13 0
-128 -275 14 0
-128 -274 15 0
-127 -278 13 0
-127 -279 14 0
-127 -279 15 0
-131 -276 13 0
-149 -263 14 0
-147 -263 13 0
-146 -255 9 1
-146 -262 8 1
-150 -264 15 0
-148 -263 13 0
-150 -284 13 0
-150 -285 12 0
-150 -282 12 0
-149 -284 12 0
-150 -261 11 1
-131 -264 11 2
-131 -263 11 1
-147 -257 9 1
-132 -269 10 2
-131 -270 16 0
-122 -260 15 0
-123 -260 14 0
-138 -258 10 1
-128 -270 14 0
-123 -257 15 0
-125 -279 9 0
-126 -263 16 0
-125 -265 14 0
-127 -256 15 0
-127 -255 15 0
-128 -273 8 0
-132 -272 9 1
-130 -271 10 0
-146 -261 12 0
-148 -263 12 0
-124 -256 11 0
-138 -252 16 0
-104 -279 7 0
-101 -278 5 1
-101 -279 5 1
-101 -278 3 2
-101 -274 4 1
-113 -272 5 0
-113 -272 6 0
-102 -275 9 0
-115 -273 7 0
-119 -272 6 0
-114 -277 6 0
-115 -275 7 0
-115 -271 7 0
-101 -268 2 2
-101 -268 1 1
-102 -268 3 1
-102 -268 2 2
-102 -268 1 1
-103 -268 3 1
-103 -268 2 2
-103 -268 1 1
-149 -281 13 0
-149 -282 13 0
-118 -275 13 0
-116 -272 10 0
-116 -271 12 0
-116 -271 13 0
-115 -275 12 0
-144 -280 15 0
-144 -281 14 0
-129 -260 16 0
-128 -260 16 0
-127 -260 14 0
-123 -263 17 0
-124 -262 16 0
-125 -258 17 0
-125 -258 16 0
-137 -258 10 1
-138 -257 12 1
-133 -264 14 0
-126 -265 13 0
-130 -264 13 1
-130 -263 13 1
-130 -262 13 1
-112 -275 8 0
-117 -275 7 0
-122 -276 6 0
-138 -263 16 0
-144 -263 18 0
-143 -263 17 0
-138 -266 18 0
-139 -266 17 0
-139 -265 17 0
-139 -265 16 0
-140 -261 19 0
-140 -262 18 0
-140 -262 17 0
-140 -263 16 0
-114 -258 1 1
-114 -258 2 2
-110 -261 1 1
-110 -261 2 2
-110 -261 3 1
-113 -257 1 1
-113 -257 2 2
-113 -256 1 1
-113 -256 2 1
-113 -256 3 1
-130 -265 12 1
-128 -270 12 0
-128 -269 12 0
-129 -269 13 0
-145 -251 13 1
-145 -251 12 2
-145 -251 11 1
-145 -252 12 2
-111 -258 7 0
-111 -258 8 0
-113 -259 6 0
-113 -259 7 0
-113 -259 8 0
-112 -256 6 0
-112 -256 7 0
-112 -255 8 0
-111 -259 6 0
-110 -260 7 0
-113 -258 4 0
-113 -257 5 0
-114 -257 6 0
-115 -257 6 0
-115 -257 7 0
-109 -256 7 0
-112 -260 5 0
-113 -261 6 0
-113 -262 6 0
-113 -256 5 0
-113 -255 6 0
-114 -254 6 0
-102 -272 10 0
-103 -273 10 0
-103 -273 9 0
-104 -274 8 0
-109 -274 11 0
-107 -274 9 0
-103 -277 11 0
-104 -276 10 0
-104 -276 9 0
-104 -275 8 0
-105 -272 11 0
-105 -272 10 0
-106 -275 11 0
-106 -275 10 0
-106 -275 8 0
-104 -274 12 0
-104 -274 11 0
-104 -274 10 0
-105 -274 9 0
-105 -274 8 0
-107 -273 4 0
-105 -272 3 1
-105 -272 2 2
-105 -272 1 1
-105 -273 3 1
-105 -273 2 2
-105 -273 1 1
-105 -274 1 1
-106 -272 3 1
-149 -253 13 1
-148 -255 11 2
-143 -261 11 1
-142 -261 10 1
-142 -261 11 2
-144 -265 11 1
-144 -264 9 1
-141 -261 11 2
-144 -264 11 1
-144 -263 9 2
-124 -254 17 0
-123 -254 18 0
-126 -255 16 0
-126 -255 17 0
-126 -255 18 0
-125 -253 15 0
-125 -252 16 0
-106 -276 1 1
-106 -275 1 1
-143 -260 12 1
-144 -259 13 0
-148 -269 8 1
-148 -268 7 1
-148 -268 8 1
-148 -268 9 1
-147 -270 7 1
-147 -270 8 1
-147 -269 7 1
-147 -268 7 1
-147 -268 8 1
-147 -268 9 1
-146 -270 7 1
-146 -270 8 2
-146 -269 7 1
-146 -269 8 1
-115 -251 4 1
-146 -268 7 1
-146 -268 8 1
-126 -252 12 1
-126 -251 11 1
-125 -256 12 1
-121 -258 11 0
-112 -251 3 1
-126 -257 16 0
-126 -258 17 0
-130 -255 16 0
-131 -255 17 0
-128 -258 15 0
-124 -257 15 0
-123 -257 16 0
-131 -258 15 0
-132 -256 13 0
-140 -253 10 2
-131 -259 11 1
-102 -270 5 0
-103 -267 1 1
-103 -267 2 2
-103 -267 3 1
-102 -267 1 1
-102 -267 2 2
-102 -267 3 1
-101 -267 1 1
-136 -276 16 0
-136 -276 17 0
-137 -274 16 0
-136 -279 16 0
-137 -280 9 0
-138 -282 12 0
-150 -289 12 0
-149 -289 13 0
-129 -262 5 2
-128 -262 5 2
-128 -262 6 1
-124 -262 5 0
-122 -263 8 0
-126 -264 7 0
-121 -260 6 0
-129 -263 5 1
-128 -263 5 2
-128 -263 6 1
-128 -263 7 1
-125 -262 6 0
-124 -263 5 0
-127 -263 4 2
-128 -264 3 1
-128 -264 4 2
-128 -264 5 1
-128 -263 3 1
-128 -263 4 2
-128 -262 3 1
-128 -262 4 2
-127 -264 3 2
-127 -264 4 1
-127 -264 5 1
-127 -263 3 2
-127 -263 5 1
-127 -262 3 2
-127 -262 4 1
-127 -262 5 1
-126 -264 3 2
-126 -264 4 1
-126 -264 5 1
-126 -263 3 1
-126 -263 4 1
-126 -263 5 1
-126 -262 3 2
-126 -262 4 1
-126 -262 5 1
-122 -262 2 1
-122 -262 3 2
-122 -262 4 1
-124 -260 5 1
-128 -261 3 1
-128 -260 3 1
-122 -262 10 0
-125 -265 9 0
-124 -260 8 0
-127 -262 8 0
-123 -263 7 0
-122 -264 7 0
-111 -262 1 1
-111 -262 3 1
-112 -261 3 1
-115 -254 2 2
-116 -255 1 1
-116 -255 2 2
-116 -255 3 1
-116 -254 1 1
-116 -254 2 2
-116 -254 3 1
-116 -253 1 1
-116 -253 2 2
-116 -253 3 1
-115 -255 1 1
-115 -255 2 2
-115 -255 3 1
-115 -254 1 1
-115 -254 3 1
-115 -253 1 1
-115 -253 2 2
-115 -253 3 1
-115 -260 1 1
-115 -260 2 2
-115 -260 3 1
-115 -259 1 1
-115 -259 2 2
-115 -259 3 1
-115 -258 1 1
-115 -258 2 2
-112 -261 1 1
-112 -261 2 1
-111 -261 1 1
-111 -261 2 1
-114 -257 1 1
-114 -257 2 2
-114 -257 3 1
-114 -256 1 1
-114 -256 2 1
-114 -256 3 1
-113 -253 7 0
-132 -263 16 0
-130 -261 15 0
-130 -266 16 0
-132 -262 15 0
-132 -265 17 0
-141 -274 12 1
-113 -258 5 0
-112 -258 6 0
-112 -258 7 0
-112 -258 8 0
-114 -258 5 0
-114 -259 6 0
-114 -259 7 0
-115 -259 8 0
-113 -256 6 0
-113 -256 7 0
-113 -255 8 0
-112 -259 6 0
-112 -260 7 0
-111 -260 7 0
-114 -257 5 0
-116 -257 6 0
-116 -257 7 0
-111 -256 6 0
-114 -260 5 0
-114 -261 6 0
-114 -262 7 0
-114 -256 5 0
-114 -255 5 0
-115 -255 6 0
-115 -254 6 0
-115 -258 4 1
-117 -259 6 0
-111 -253 5 0
-112 -261 5 0
-112 -262 5 0
-115 -257 4 1
-116 -256 4 1
-117 -255 5 0
-114 -259 4 0
-115 -260 4 1
-115 -261 4 1
-116 -262 4 1
-114 -254 4 0
-114 -253 4 0
-118 -258 3 2
-114 -264 1 1
-114 -264 2 2
-114 -264 3 1
-114 -263 1 1
-114 -263 2 2
-114 -263 3 1
-114 -262 1 1
-114 -262 2 2
-114 -262 3 1
-113 -261 3 1
-117 -255 1 1
-117 -255 2 1
-117 -255 3 1
-117 -254 1 1
-117 -254 2 2
-117 -254 3 1
-117 -253 1 1
-117 -253 2 2
-117 -253 3 1
-116 -260 1 1
-116 -260 2 2
-116 -260 3 1
-116 -259 1 1
-116 -259 2 2
-116 -259 3 2
-116 -258 1 1
-116 -258 2 1
-113 -261 1 1
-113 -261 2 2
-115 -257 2 2
-116 -257 1 1
-116 -257 2 2
-116 -257 3 2
-116 -256 1 1
-108 -257 2 2
-108 -257 1 1
-107 -256 2 2
-104 -260 3 1
-104 -260 2 2
-104 -260 1 1
-105 -260 2 2
-105 -260 1 1
-107 -260 3 1
-107 -260 2 2
-107 -260 1 1
-108 -258 3 1
-108 -258 2 2
-108 -258 1 1
-108 -259 3 1
-108 -259 1 1
-108 -260 3 1
-108 -260 2 2
-108 -260 1 1
-109 -258 3 1
-109 -258 2 2
-109 -258 1 1
-109 -259 3 1
-109 -259 2 2
-109 -259 1 1
-109 -260 3 1
-109 -260 2 2
-109 -260 1 1
-108 -259 2 2
-107 -254 3 1
-107 -254 2 2
-107 -254 1 1
-108 -254 3 1
-108 -254 2 2
-108 -254 1 1
-109 -252 3 1
-109 -252 2 2
-109 -252 1 1
-109 -253 3 1
-109 -253 2 2
-132 -262 16 0
-132 -261 15 0
-119 -255 9 0
-118 -259 7 0
-117 -260 9 0
-116 -267 2 2
-121 -257 6 0
-126 -259 8 1
-101 -266 4 0
-125 -261 7 0
-125 -254 6 1
-125 -253 6 2
-124 -254 6 1
-124 -253 6 1
-113 -284 3 1
-113 -284 4 1
-113 -283 2 1
-119 -281 1 1
-132 -266 12 2
-141 -268 16 0
-139 -268 17 0
-146 -268 16 0
-147 -264 16 0
-141 -266 15 0
-149 -275 7 1
-149 -276 9 1
-143 -270 14 0
-144 -265 14 0
-117 -283 9 0
-124 -253 16 0
-150 -275 9 1
-150 -275 7 1
-150 -276 9 1
-150 -276 7 1
-149 -285 8 1
-149 -286 7 2
-149 -286 6 1
-149 -287 7 2
-149 -287 6 2
-149 -288 8 1
-149 -288 7 2
-149 -288 6 1
-140 -278 13 1
-129 -268 14 0
-127 -261 9 1
-127 -262 10 0
-128 -267 9 0
-123 -260 12 0
-123 -267 13 0
-123 -266 13 0
-142 -258 8 1
-110 -282 5 1
-110 -282 4 1
-141 -258 8 1
-139 -255 18 0
-140 -253 18 0
-143 -255 18 0
-115 -270 8 0
-115 -269 8 0
-141 -258 19 0
-129 -268 10 1
-147 -287 9 0
-147 -286 9 0
-132 -264 10 2
-143 -253 13 1
-143 -253 12 1
-143 -253 11 2
-127 -262 11 0
-127 -263 11 0
-123 -266 11 0
-124 -266 11 0
-149 -288 11 0
-149 -287 10 0
-149 -280 11 0
-130 -281 15 0
-147 -285 11 0
-130 -277 13 0
-116 -279 2 2
-116 -279 3 1
-116 -278 1 1
-116 -278 2 2
-116 -278 3 1
-118 -279 5 0
-118 -279 4 1
-121 -279 2 1
-121 -279 3 2
-121 -279 4 1
-121 -254 11 0
-112 -276 10 0
-118 -277 10 0
-116 -277 4 0
-123 -251 12 0
-123 -251 11 0
-116 -278 5 0
-119 -253 10 0
-114 -276 3 1
-148 -284 7 2
-114 -276 1 1
-150 -284 8 1
-150 -286 6 2
-150 -286 5 2
-150 -286 4 1
-150 -287 5 2
-150 -288 6 1
-150 -288 4 1
-147 -287 12 0
-147 -288 12 0
-148 -288 13 0
-145 -288 11 0
-145 -288 12 0
-144 -289 13 0
-138 -280 4 1
-137 -280 2 1
-137 -280 3 1
-137 -280 4 1
-136 -280 2 1
-136 -280 3 2
-136 -280 4 1
-136 -277 6 0
-137 -277 5 1
-128 -257 5 1
-128 -257 6 2
-128 -257 7 2
-127 -259 7 1
-127 -258 7 1
-127 -257 7 2
-126 -259 7 1
-126 -258 7 1
-126 -257 7 1
-120 -255 6 0
-119 -254 6 0
-123 -261 5 0
-123 -262 5 0
-126 -253 6 2
-125 -255 6 1
-137 -277 9 1
-138 -277 12 1
-136 -273 12 2
-140 -275 11 2
-138 -277 8 1
-140 -278 9 1
-136 -278 8 0
-135 -280 8 0
-140 -276 9 1
-140 -275 9 2
-140 -274 9 1
-139 -276 8 1
-139 -279 8 1
-134 -278 7 0
-133 -279 7 0
-136 -279 7 0
-136 -281 6 0
-124 -258 9 0
-121 -259 10 0
-121 -256 9 0
-120 -256 10 0
-124 -260 9 0
-124 -256 8 0
-126 -259 9 1
-122 -255 8 0
-127 -256 9 2
-124 -257 7 0
-125 -256 8 1
-125 -260 7 0
-126 -261 7 0
-123 -254 7 0
-123 -253 7 0
-124 -252 7 1
-125 -257 7 1
-127 -255 5 2
-127 -254 5 1
-127 -253 5 1
-127 -253 6 2
-127 -253 7 2
-126 -253 7 1
-125 -254 7 1
-125 -253 7 1
-122 -253 5 0
-127 -256 4 1
-127 -256 5 2
-127 -255 4 1
-125 -256 6 1
-125 -262 2 1
-125 -262 3 2
-125 -262 4 1
-124 -262 2 1
-124 -262 3 2
-124 -262 4 1
-123 -262 2 1
-123 -262 3 1
-123 -262 4 1
-126 -258 2 1
-126 -258 3 1
-126 -257 2 1
-124 -258 8 0
-109 -253 7 0
-114 -251 10 0
-145 -281 13 0
-142 -286 13 0
-143 -285 13 0
-144 -284 13 0
-145 -284 13 0
-145 -283 13 0
-147 -277 13 0
-147 -278 13 0
-147 -279 13 0
-149 -286 13 0
-141 -281 14 0
-142 -282 14 0
-127 -271 15 0
-131 -276 15 0
-126 -274 15 0
-133 -274 14 0
-129 -274 13 0
-128 -272 13 0
-126 -272 13 0
-150 -252 8 1
-150 -252 9 1
-149 -252 8 1
-149 -252 9 1
-149 -252 10 1
-135 -254 15 0
-132 -258 14 1
-133 -260 14 1
-146 -281 11 0
-147 -281 10 0
-148 -281 10 0
-144 -282 12 0
-143 -281 11 0
-142 -281 11 0
-142 -281 10 0
-141 -280 9 0
-145 -284 10 0
-144 -255 19 0
-149 -257 17 0
-144 -252 11 1
-144 -251 12 2
-149 -257 12 1
-150 -258 10 2
-150 -258 11 1
-137 -266 13 0
-138 -261 14 0
-138 -265 13 0
-139 -269 10 1
-139 -268 11 0
-138 -267 11 0
-134 -264 10 0
-117 -260 8 0
-116 -260 8 0
-120 -257 6 0
-121 -257 7 0
-122 -257 8 0
-115 -255 8 0
-119 -260 6 0
-141 -269 15 0
-147 -268 14 0
-135 -272 10 2
-131 -278 6 0
-131 -277 3 1
-131 -277 4 1
-123 -257 13 0
-128 -256 13 0
-127 -257 13 1
-123 -253 14 0
-102 -271 4 0
-101 -281 2 1
-102 -280 2 1
-102 -281 2 1
-102 -272 4 1
-101 -281 8 0
-102 -280 7 0
-125 -254 10 2
-128 -251 9 2
-150 -256 18 0
-146 -257 17 0
-135 -269 15 0
-132 -278 8 0
-137 -282 8 0
-137 -283 7 0
-136 -278 10 0
-136 -278 9 0
-136 -277 8 0
-137 -276 7 1
-135 -280 9 0
-134 -282 9 0
-135 -275 9 1
-110 -280 3 1
-118 -252 9 0
-119 -251 10 0
-139 -281 9 0
-131 -280 9 0
-132 -280 10 0
-133 -280 10 0
-139 -276 10 1
-138 -276 10 2
-123 -279 3 2
-136 -283 10 0
-132 -276 10 0
-133 -277 10 0
-133 -277 11 0
-134 -278 11 0
-132 -283 11 0
-132 -282 11 0
-133 -281 11 0
-122 -252 12 0
-122 -275 6 0
-123 -280 4 1
-119 -253 13 0
-132 -257 16 0
-150 -262 15 0
-149 -264 16 0
-133 -258 19 0
-132 -256 15 0
-131 -255 18 0
-131 -254 18 0
-130 -259 17 0
-130 -259 18 0
-115 -282 2 1
-116 -280 4 1
-134 -256 17 0
-135 -256 18 0
-113 -281 5 1
-113 -280 5 1
-114 -273 4 0
-114 -275 5 0
-110 -278 5 0
-111 -278 5 0
-112 -278 6 0
-115 -283 6 0
-115 -282 6 0
-115 -281 6 0
-115 -280 6 0
-112 -275 6 0
-111 -281 7 0
-113 -279 7 0
-117 -282 7 0
-110 -277 7 0
-113 -282 8 0
-113 -281 8 0
-114 -281 8 0
-110 -279 9 0
-112 -279 8 0
-113 -278 8 0
-115 -276 8 0
-116 -282 10 0
-127 -257 12 1
-126 -258 12 2
-122 -256 12 0
-123 -257 12 0
-105 -256 5 0
-132 -257 17 0
-110 -278 9 0
-142 -281 12 0
-139 -283 14 0
-140 -282 14 0
-141 -282 13 0
-145 -278 15 0
-144 -278 14 0
-144 -279 14 0
-127 -273 13 0
-121 -278 2 1
-121 -278 3 2
-146 -262 17 0
-145 -261 17 0
-118 -280 1 1
-137 -267 8 2
-137 -268 7 2
-137 -268 8 1
-148 -276 11 0
-127 -264 12 0
-113 -251 3 1
-113 -251 2 2
-113 -251 1 1
-113 -252 3 1
-113 -252 2 2
-113 -252 1 1
-120 -275 11 0
-121 -253 12 0
-121 -252 12 0
-133 -272 16 0
-133 -272 15 0
-128 -275 16 0
-129 -273 14 0
-134 -278 15 0
-135 -278 14 0
-118 -251 5 0
-113 -253 4 0
-115 -253 5 0
-116 -253 5 0
-117 -253 5 0
-136 -281 14 0
-119 -251 5 0
-137 -278 15 0
-150 -274 15 0
-150 -275 16 0
-149 -275 17 0
-118 -251 6 0
-113 -252 7 0
-114 -252 6 0
-115 -252 6 0
-116 -252 6 0
-125 -260 10 0
-117 -251 6 0
-114 -254 8 0
-130 -258 4 1
-132 -264 3 1
-132 -264 4 1
-132 -263 3 1
-132 -263 4 1
-132 -262 3 1
-132 -262 4 1
-132 -265 3 1
-126 -269 12 0
-126 -266 11 0
-123 -270 11 0
-125 -269 14 0
-128 -272 6 0
-136 -266 15 0
-136 -266 10 0
-135 -266 18 0
-138 -267 17 0
-122 -265 15 0
-123 -265 15 0
-128 -260 15 0
-128 -261 15 0
-123 -262 16 0
-124 -262 15 0
-121 -261 14 0
-122 -261 13 0
-123 -261 13 0
-124 -261 13 0
-130 -259 14 1
-129 -260 14 1
-124 -266 14 0
-124 -257 14 0
-124 -258 14 0
-125 -260 13 0
-121 -263 15 0
-122 -263 15 0
-123 -263 14 0
-124 -262 14 0
-127 -258 15 0
-127 -259 15 0
-127 -259 14 0
-126 -260 14 0
-122 -260 16 0
-123 -260 15 0
-150 -258 12 1
-150 -260 11 1
-150 -260 10 2
-144 -266 11 1
-143 -268 13 0
-143 -269 12 0
-142 -269 11 1
-142 -269 10 1
-143 -267 10 2
-143 -268 9 1
-143 -268 10 1
-143 -267 9 1
-143 -267 11 1
-143 -266 9 1
-143 -266 10 2
-142 -268 9 1
-142 -268 10 1
-142 -268 11 1
-144 -267 12 0
-131 -269 14 0
-131 -270 15 0
-124 -254 12 1
-123 -254 11 0
-122 -254 11 0
-127 -254 17 0
-127 -254 16 0
-129 -257 18 0
-128 -257 15 0
-126 -256 18 0
-126 -256 17 0
-132 -258 19 0
-130 -258 16 0
-129 -259 17 0
-129 -259 18 0
-133 -256 16 0
-122 -284 2 1
-122 -285 3 1
-122 -285 2 1
-137 -268 12 0
-137 -268 11 0
-142 -264 12 1
-143 -264 11 1
-139 -290 5 1
-139 -290 6 1
-139 -290 7 1
-122 -259 11 0
-122 -260 11 0
-120 -255 11 0
-139 -276 5 1
-139 -276 6 2
-139 -275 5 1
-139 -281 2 1
-139 -281 3 1
-139 -281 4 2
-127 -271 8 0
-125 -270 9 0
-126 -272 7 0
-125 -272 6 0
-128 -274 6 0
-116 -264 9 0
-117 -264 8 0
-119 -265 11 0
-118 -264 11 0
-118 -264 10 0
-118 -264 9 0
-116 -263 12 0
-127 -269 10 0
-126 -272 10 0
-125 -270 8 0
-124 -269 9 0
-133 -278 3 1
-133 -278 4 1
-139 -277 3 1
-139 -277 4 2
-139 -276 3 1
-139 -276 4 1
-139 -275 3 1
-139 -275 4 1
-124 -259 6 0
-124 -255 2 1
-143 -285 3 1
-143 -285 4 1
-143 -284 3 1
-142 -286 3 1
-122 -260 12 0
-122 -256 10 0
-122 -258 9 0
-121 -258 10 0
-120 -259 10 0
-123 -255 9 0
-119 -256 9 0
-126 -260 8 1
-122 -259 8 0
-121 -260 8 0
-129 -258 6 2
-129 -258 7 1
-129 -258 8 1
-129 -257 6 2
-129 -257 7 1
-129 -257 8 1
-129 -256 6 2
-129 -256 7 1
-129 -256 8 1
-128 -258 8 2
-127 -257 8 2
-126 -257 8 1
-124 -262 7 0
-128 -253 6 2
-128 -253 7 1
-128 -253 8 1
-127 -253 8 2
-129 -261 7 1
-129 -260 7 2
-129 -259 7 2
-128 -261 7 1
-128 -260 7 1
-135 -280 5 0
-137 -278 6 0
-138 -278 5 1
-138 -279 5 1
-134 -279 2 1
-146 -259 12 1
-146 -258 13 0
-140 -252 16 0
-102 -271 3 1
-141 -281 7 0
-139 -280 8 0
-138 -279 7 0
-126 -255 15 0
-124 -255 13 1
-132 -278 13 0
-131 -277 14 0
-105 -275 1 1
-103 -276 11 0
-105 -278 10 0
-105 -278 11 0
-102 -279 10 0
-107 -276 9 0
-101 -274 10 0
-105 -280 9 0
-106 -273 9 0
-101 -277 8 0
-126 -253 18 0
-129 -255 15 0
-119 -266 3 2
-119 -266 4 1
-119 -265 2 1
-119 -265 3 2
-119 -265 4 1
-119 -264 2 1
-119 -264 3 2
-119 -264 4 1
-118 -266 2 1
-118 -266 3 2
-145 -282 16 0
-123 -265 2 1
-124 -265 4 1
-124 -265 3 2
-124 -265 2 1
-125 -265 4 1
-125 -267 8 0
-123 -269 10 0
-123 -269 9 0
-124 -268 9 0
-124 -266 10 0
-125 -266 10 0
-125 -270 11 0
-125 -269 11 0
-139 -276 7 1
-132 -279 7 0
-134 -277 7 0
-139 -273 9 1
-147 -280 8 0
-146 -280 8 1
-146 -284 8 1
-145 -281 8 1
-148 -277 9 1
-147 -278 9 1
-146 -278 9 1
-143 -282 9 0
-147 -281 9 0
-146 -276 11 0
-145 -276 10 0
-145 -277 9 1
-145 -280 11 0
-120 -265 4 1
-120 -265 3 2
-110 -251 3 1
-116 -264 5 0
-113 -265 3 1
-113 -265 2 2
-113 -265 1 1
-114 -265 3 1
-147 -277 7 1
-122 -266 7 0
-120 -262 8 0
-121 -265 10 0
-122 -264 9 0
-122 -265 4 1
-122 -265 3 1
-122 -265 2 1
-122 -263 4 1
-123 -263 5 0
-123 -268 5 0
-121 -265 6 0
-122 -265 6 0
-123 -265 6 0
-123 -262 7 0
-121 -267 7 0
-122 -267 7 0
-120 -263 8 0
-121 -263 8 0
-122 -264 8 0
-123 -264 8 0
-121 -266 10 0
-122 -265 9 0
-126 -267 10 0
-123 -267 11 0
-122 -266 4 1
-122 -266 3 1
-122 -266 2 1
-122 -267 4 1
-122 -267 3 1
-122 -267 2 1
-122 -268 4 1
-122 -268 3 1
-122 -268 2 1
-123 -266 3 2
-123 -266 2 1
-128 -261 2 1
-122 -264 4 1
-131 -263 3 1
-124 -269 5 0
-124 -268 5 0
-124 -268 6 0
-121 -266 6 0
-122 -266 6 0
-123 -266 6 0
-126 -270 6 0
-122 -262 7 0
-122 -269 7 0
-123 -268 7 0
-121 -264 8 0
-122 -265 8 0
-123 -265 8 0
-122 -267 10 0
-122 -267 9 0
-123 -266 9 0
-123 -263 11 0
-124 -268 11 0
-123 -267 4 1
-123 -267 3 2
-123 -267 2 1
-124 -267 3 1
-124 -267 2 1
-128 -270 2 1
-128 -271 2 1
-129 -269 2 1
-129 -270 2 1
-129 -271 2 1
-124 -266 6 0
-125 -266 6 0
-124 -270 5 0
-125 -269 5 0
-125 -269 6 0
-125 -268 6 0
-122 -267 6 0
-123 -267 6 0
-124 -267 7 0
-123 -269 7 0
-121 -265 8 0
-123 -266 8 0
-124 -266 8 0
-125 -266 8 0
-122 -268 10 0
-123 -268 9 0
-124 -265 10 0
-124 -269 11 0
-125 -267 12 0
-123 -268 4 1
-123 -268 3 1
-102 -280 6 0
-116 -277 5 0
-115 -276 5 0
-115 -275 6 0
-111 -272 5 0
-112 -272 5 0
-112 -272 6 0
-113 -273 7 0
-114 -273 7 0
-118 -272 5 0
-112 -277 5 0
-113 -276 6 0
-113 -276 7 0
-113 -275 7 0
-113 -269 6 0
-114 -270 6 0
-114 -271 7 0
-118 -276 6 0
-116 -274 7 0
-110 -274 6 0
-116 -271 7 0
-115 -278 7 0
-114 -277 7 0
-137 -254 17 0
-143 -256 17 0
-138 -259 18 0
-140 -254 18 0
-140 -255 16 0
-139 -257 19 0
-139 -257 18 0
-139 -257 17 0
-149 -260 15 0
-125 -253 13 1
-149 -255 12 2
-120 -253 15 0
-120 -252 12 0
-120 -251 10 0
-149 -255 14 0
-109 -254 3 1
-109 -254 2 1
-109 -254 1 1
-105 -262 2 2
-105 -261 3 1
-105 -260 3 1
-110 -257 3 1
-109 -257 3 1
-108 -257 3 1
-144 -290 7 0
-108 -261 4 0
-123 -258 10 0
-121 -259 11 0
-121 -260 9 0
-130 -261 8 2
-130 -260 8 2
-130 -259 8 1
-129 -261 8 1
-129 -260 8 2
-129 -259 8 2
-128 -261 8 1
-128 -260 8 1
-128 -259 8 2
-123 -260 7 0
-128 -259 3 1
-128 -258 3 1
-128 -258 4 2
-128 -257 3 1
-128 -257 4 1
-127 -256 10 1
-130 -255 10 0
-128 -260 9 2
-129 -261 9 1
-131 -257 8 2
-126 -262 8 0
-129 -253 7 1
-129 -254 14 0
-149 -270 14 0
-101 -256 0 1
-101 -256 1 2
-101 -256 2 1
-131 -276 7 0
-130 -251 14 0
-130 -251 15 0
-121 -254 15 0
-137 -269 13 0
-101 -266 3 1
-143 -262 16 0
-101 -266 1 1
-142 -257 15 0
-122 -264 15 0
-147 -261 15 0
-147 -262 15 0
-103 -280 4 2
-144 -259 14 0
-142 -260 14 0
-141 -261 14 0
-126 -264 9 0
-101 -256 5 0
-149 -269 14 0
-148 -269 15 0
-148 -268 15 0
-149 -275 14 0
-149 -276 14 0
-149 -277 15 0
-148 -272 14 0
-147 -271 14 0
-146 -271 14 0
-145 -271 14 0
-150 -271 13 0
-150 -270 13 0
-136 -253 10 2
-136 -253 9 1
-137 -252 11 2
-111 -273 9 0
-112 -273 8 0
-113 -273 8 0
-117 -272 9 0
-113 -278 10 0
-113 -277 9 0
-113 -276 9 0
-114 -275 9 0
-112 -269 10 0
-116 -280 9 0
-116 -279 8 0
-118 -279 11 0
-137 -263 12 0
-138 -263 12 1
-139 -263 13 0
-110 -271 7 0
-111 -272 7 0
-109 -277 8 0
-109 -276 8 0
-110 -275 8 0
-111 -275 8 0
-143 -254 12 1
-113 -269 8 0
-115 -277 8 0
-114 -276 8 0
-141 -268 17 0
-139 -264 15 0
-138 -264 15 0
-129 -272 16 0
-150 -251 17 0
-132 -251 17 0
-135 -268 17 0
-150 -285 14 0
-149 -286 14 0
-148 -287 14 0
-133 -264 12 1
-147 -269 16 0
-147 -270 15 0
-146 -271 19 0
-146 -271 18 0
-147 -271 17 0
-149 -299 12 0
-136 -279 11 0
-134 -284 12 0
-139 -261 15 0
-150 -296 9 0
-149 -295 11 0
-148 -295 11 0
-103 -281 5 1
-103 -281 4 1
-103 -281 3 1
-149 -298 9 0
-148 -298 10 0
-147 -298 10 0
-113 -274 10 0
-111 -273 13 0
-115 -274 5 0
-133 -268 16 0
-133 -268 17 0
-149 -261 15 0
-146 -252 13 1
-141 -271 11 0
-140 -269 6 1
-141 -274 5 1
-147 -269 10 1
-147 -269 9 1
-148 -269 11 1
-122 -269 5 0
-119 -268 2 1
-120 -268 5 0
-121 -269 11 0
-120 -269 13 0
-122 -270 9 0
-122 -270 11 0
-123 -271 13 0
-121 -268 10 0
-121 -267 12 0
-121 -270 10 0
-122 -269 9 0
-124 -269 10 0
-125 -269 12 0
-119 -268 11 0
-122 -271 9 0
-123 -273 11 0
-123 -267 10 0
-123 -266 10 0
-123 -270 9 0
-121 -268 9 0
-120 -266 10 0
-120 -265 10 0
-149 -295 7 1
-147 -298 8 0
-148 -298 8 0
-149 -298 8 0
-150 -298 8 0
-150 -295 9 0
-148 -300 10 0
-149 -300 10 0
-150 -300 9 0
-150 -299 9 0
-149 -297 11 0
-150 -297 10 0
-150 -298 6 2
-150 -298 5 1
-150 -298 4 1
-109 -274 4 1
-139 -254 16 0
-135 -252 15 0
-139 -257 14 1
-109 -271 12 0
-109 -272 11 0
-127 -269 17 0
-128 -268 16 0
-129 -264 17 0
-129 -264 16 0
-129 -265 14 0
-131 -268 17 0
-128 -266 18 0
-128 -266 17 0
-144 -258 12 1
-144 -258 11 2
-144 -258 10 1
-136 -266 5 1
-135 -267 5 1
-135 -266 5 1
-134 -268 5 1
-143 -267 12 0
-142 -267 12 0
-141 -266 13 0
-140 -266 13 0
-134 -265 12 1
-136 -265 13 0
-137 -265 13 0
-133 -270 10 1
-139 -270 13 0
-139 -269 13 0
-139 -268 13 0
-150 -282 16 0
-150 -281 17 0
-150 -281 18 0
-149 -284 15 0
-148 -286 18 0
-148 -282 16 0
-147 -282 17 0
-150 -285 15 0
-149 -284 14 0
-148 -284 15 0
-147 -284 15 0
-147 -285 16 0
-146 -285 16 0
-149 -282 15 0
-149 -281 15 0
-148 -280 15 0
-148 -279 16 0
-149 -285 14 0
-149 -286 15 0
-149 -287 15 0
-148 -288 15 0
-149 -283 14 0
-148 -283 14 0
-147 -283 14 0
-146 -282 15 0
-110 -252 2 2
-110 -252 1 1
-110 -253 3 1
-110 -253 2 2
-110 -253 1 1
-110 -254 3 1
-110 -254 2 1
-110 -254 1 1
-107 -262 2 2
-107 -261 3 1
-112 -257 3 1
-111 -257 3 1
-103 -280 7 0
-145 -273 14 0
-144 -273 14 0
-144 -274 14 0
-118 -273 6 0
-146 -269 14 0
-145 -269 13 0
-144 -267 13 0
-147 -273 13 0
-149 -269 13 0
-149 -268 13 0
-150 -267 13 0
-146 -271 13 0
-145 -271 13 0
-144 -271 13 0
-143 -271 12 0
-147 -268 13 0
-147 -267 12 0
-146 -266 12 0
-147 -271 13 0
-146 -273 12 0
-146 -274 12 0
-145 -274 11 0
-149 -270 13 0
-146 -270 13 0
-145 -270 12 0
-148 -273 12 0
-148 -268 11 1
-148 -268 10 1
-146 -271 12 0
-116 -251 4 1
-146 -271 11 0
-146 -272 11 0
-145 -272 10 1
-117 -251 1 1
-147 -269 8 2
-148 -270 7 1
-148 -270 8 1
-141 -280 12 0
-141 -279 12 1
-140 -279 12 1
-129 -264 9 1
-123 -267 9 0
-122 -265 7 0
-121 -265 7 0
-121 -262 6 0
-120 -263 6 0
-123 -264 6 0
-121 -262 2 1
-121 -262 3 1
-144 -266 18 0
-144 -266 17 0
-144 -267 16 0
-146 -269 19 0
-145 -269 18 0
-122 -264 11 0
-121 -262 9 0
-120 -263 10 0
-122 -263 7 0
-121 -264 7 0
-120 -262 6 0
-122 -265 5 0
-115 -281 3 2
-115 -281 4 1
-115 -279 5 0
-115 -275 1 1
-121 -277 7 0
-123 -260 11 0
-120 -262 10 0
-121 -263 7 0
-120 -263 7 0
-121 -261 6 0
-120 -261 6 0
-122 -264 5 0
-122 -273 4 1
-121 -274 2 1
-121 -274 4 1
-126 -279 10 0
-126 -278 10 0
-118 -274 10 0
-135 -268 10 1
-131 -265 9 2
-133 -262 8 2
-133 -261 10 1
-133 -260 8 2
-139 -264 7 1
-139 -263 7 1
-139 -262 7 1
-138 -262 7 1
-137 -262 7 1
-133 -263 9 1
-132 -263 8 1
-132 -263 7 1
-137 -269 6 2
-121 -255 15 0
-137 -269 7 2
-137 -269 8 2
-136 -269 6 2
-136 -269 7 1
-136 -269 8 1
-135 -269 6 2
-131 -269 7 2
-132 -269 7 2
-133 -268 6 1
-133 -268 5 1
-133 -269 6 2
-136 -252 13 0
-143 -252 14 0
-138 -253 15 0
-139 -252 15 0
-139 -251 14 0
-141 -252 17 0
-141 -251 16 0
-140 -251 15 0
-138 -251 17 0
-135 -253 11 1
-135 -253 10 1
-103 -277 8 0
-103 -278 9 0
-103 -279 9 0
-104 -271 9 0
-125 -285 3 2
-124 -286 2 1
-124 -286 3 1
-124 -286 4 1
-123 -286 2 1
-123 -286 3 1
-123 -286 4 1
-130 -281 2 1
-130 -281 3 2
-130 -281 4 1
-130 -280 2 1
-130 -280 3 2
-130 -280 4 1
-130 -279 2 1
-130 -279 3 1
-130 -279 4 1
-127 -281 7 0
-126 -281 8 0
-121 -273 2 1
-121 -273 3 1
-138 -261 10 2
-120 -261 10 0
-119 -258 8 0
-121 -262 7 0
-126 -276 4 1
-125 -278 2 1
-125 -278 3 1
-125 -278 4 1
-125 -277 2 1
-120 -260 9 0
-146 -278 16 0
-148 -280 20 0
-148 -279 19 0
-108 -274 11 0
-108 -274 10 0
-127 -263 12 0
-126 -251 9 1
-126 -254 9 2
-127 -254 9 1
-139 -267 9 1
-121 -257 5 0
-119 -262 7 0
-119 -261 6 0
-118 -253 7 0
-123 -258 6 0
-122 -258 6 0
-122 -254 8 0
-122 -254 7 0
-121 -256 6 0
-121 -261 8 0
-121 -260 7 0
-138 -280 3 2
-124 -260 7 0
-125 -256 7 1
-124 -256 7 0
-126 -254 8 2
-126 -254 7 2
-126 -254 6 2
-126 -255 6 2
-138 -281 3 2
-138 -281 2 1
-139 -279 4 1
-139 -279 3 1
-139 -279 2 1
-139 -280 4 2
-139 -280 3 2
-139 -280 2 1
-110 -272 1 1
-110 -272 3 1
-110 -271 1 1
-110 -271 2 1
-110 -271 3 1
-109 -273 1 1
-109 -273 2 2
-109 -273 3 1
-109 -272 1 1
-109 -272 2 2
-109 -272 3 1
-109 -271 1 1
-109 -271 2 2
-109 -271 3 1
-110 -273 6 0
-110 -273 5 0
-110 -273 4 1
-103 -273 3 2
-102 -274 3 2
-134 -266 8 1
-113 -267 1 1
-113 -268 3 1
-119 -268 8 0
-116 -254 8 0
-119 -264 12 0
-114 -251 7 0
-112 -252 8 0
-119 -266 10 0
-121 -269 12 0
-121 -268 11 0
-114 -255 7 0
-120 -268 10 0
-120 -268 9 0
-120 -267 8 0
-118 -267 12 0
-118 -267 11 0
-119 -267 9 0
-119 -266 5 0
-119 -267 3 1
-133 -273 8 1
-135 -273 8 2
-120 -251 5 0
-137 -273 9 2
-119 -267 2 1
-132 -274 8 0
-134 -273 7 1
-115 -251 5 0
-114 -251 5 0
-113 -251 5 0
-112 -251 4 0
-111 -251 4 0
-137 -272 6 2
-137 -272 7 1
-137 -272 8 1
-136 -273 7 2
-136 -273 8 2
-136 -272 8 2
-135 -273 7 2
-120 -272 11 0
-122 -273 11 0
-121 -272 13 0
-121 -253 13 0
-137 -265 16 0
-136 -265 17 0
-142 -265 15 0
-143 -265 16 0
-144 -265 16 0
-118 -251 13 0
-117 -252 13 0
-111 -277 9 0
-112 -276 9 0
-146 -282 8 1
-144 -282 11 0
-144 -281 10 0
-133 -263 10 1
-139 -264 9 2
-109 -272 6 0
-110 -275 4 1
-123 -262 6 0
-121 -254 5 0
-121 -253 5 0
-121 -252 5 0
-124 -258 5 1
-125 -258 5 1
-118 -255 5 0
-136 -275 4 2
-137 -273 5 1
-137 -273 4 1
-137 -274 6 2
-137 -274 5 1
-137 -274 4 1
-137 -275 6 2
-137 -275 5 1
-137 -275 4 2
-129 -272 6 0
-133 -276 6 0
-133 -275 6 0
-133 -274 6 1
-118 -269 10 0
-117 -270 11 0
-116 -280 7 0
-116 -281 7 0
-118 -276 7 0
-120 -280 7 0
-120 -281 7 0
-120 -282 6 0
-120 -283 6 0
-115 -278 6 0
-119 -275 6 0
-119 -274 5 0
-118 -280 6 0
-139 -274 16 0
-138 -275 17 0
-138 -275 18 0
-143 -272 17 0
-129 -270 16 0
-128 -274 13 0
-128 -275 15 0
-127 -276 16 0
-132 -273 15 0
-131 -274 7 0
-131 -273 8 0
-109 -272 8 0
-137 -268 9 1
-137 -267 7 2
-134 -254 7 1
-129 -255 8 1
-133 -260 5 1
-133 -260 6 1
-133 -259 5 1
-133 -259 6 1
-121 -258 4 1
-116 -261 3 1
-120 -255 2 1
-120 -255 3 1
-112 -263 10 0
-110 -268 10 0
-113 -269 9 0
-114 -269 6 0
-115 -270 6 0
-115 -268 4 0
-127 -271 10 0
-125 -273 11 0
-126 -269 11 0
-128 -271 12 0
-129 -284 7 0
-134 -284 8 0
-131 -286 9 0
-130 -285 8 0
-130 -284 8 0
-130 -284 7 0
-131 -282 8 0
-128 -285 10 0
-128 -284 9 0
-128 -284 8 0
-131 -283 11 0
-131 -283 10 0
-130 -283 9 0
-130 -283 8 0
-128 -282 11 0
-129 -282 9 0
-128 -285 4 1
-128 -285 3 1
-128 -285 2 1
-131 -282 4 1
-131 -282 3 2
-131 -282 2 1
-132 -280 4 1
-132 -280 3 2
-132 -280 2 1
-132 -281 4 1
-132 -281 3 1
-132 -281 2 1
-132 -282 4 1
-132 -282 3 2
-132 -282 2 1
-125 -287 4 1
-125 -287 3 1
-125 -287 2 1
-126 -287 4 1
-126 -287 3 1
-126 -287 2 1
-127 -285 4 1
-127 -285 3 1
-127 -285 2 1
-127 -286 3 2
-127 -286 2 1
-127 -287 4 1
-127 -287 3 1
-127 -287 2 1
-127 -279 5 1
-132 -284 4 1
-130 -283 5 0
-102 -263 8 0
-104 -266 3 1
-104 -266 2 2
-104 -266 1 1
-107 -262 3 1
-107 -262 1 1
-106 -267 3 1
-106 -267 2 2
-106 -267 1 1
-107 -267 3 1
-107 -267 2 2
-107 -267 1 1
-108 -265 3 1
-108 -265 2 2
-108 -265 1 1
-108 -266 3 1
-108 -266 2 1
-108 -266 1 1
-108 -267 3 1
-108 -267 2 2
-108 -267 1 1
-134 -271 8 2
-103 -266 4 0
-107 -263 4 0
-106 -263 4 0
-105 -263 4 0
-101 -264 4 0
-105 -267 5 0
-107 -260 5 0
-106 -261 5 0
-101 -267 6 0
-102 -265 5 0
-120 -255 4 1
-120 -254 2 1
-120 -254 3 2
-120 -254 4 1
-120 -253 2 1
-120 -253 3 1
-131 -259 5 1
-131 -260 7 1
-149 -272 10 1
-149 -272 11 1
-149 -271 9 1
-135 -258 8 1
-135 -257 8 1
-133 -259 8 2
-133 -259 9 2
-108 -267 9 0
-108 -267 8 0
-126 -254 4 2
-126 -254 3 1
-126 -263 8 0
-126 -263 9 0
-111 -268 7 0
-108 -269 6 0
-106 -277 9 0
-106 -278 10 0
-106 -272 9 0
-107 -271 9 0
-107 -271 10 0
-104 -275 7 0
-103 -275 8 0
-102 -276 9 0
-101 -276 9 0
-108 -275 8 0
-104 -272 8 0
-104 -271 8 0
-103 -270 9 0
-104 -277 8 0
-111 -256 5 0
-112 -255 6 0
-112 -254 6 0
-106 -259 6 0
-112 -258 4 0
-114 -259 5 0
-115 -259 5 0
-108 -253 5 0
-109 -261 5 0
-121 -269 10 0
-122 -269 11 0
-120 -267 9 0
-120 -267 10 0
-120 -266 11 0
-120 -266 12 0
-120 -269 8 0
-119 -270 11 0
-119 -271 12 0
-123 -268 11 0
-121 -270 9 0
-121 -271 9 0
-121 -271 10 0
-122 -265 10 0
-118 -269 9 0
-117 -270 10 0
-122 -269 8 0
-119 -265 9 0
-120 -270 8 0
-122 -267 8 0
-118 -270 8 0
-122 -268 7 0
-120 -269 7 0
-121 -271 7 0
-121 -272 7 0
-129 -258 10 1
-118 -269 7 0
-117 -269 6 0
-116 -269 6 0
-121 -269 7 0
-119 -268 6 0
-118 -267 5 0
-117 -267 4 1
-145 -251 14 0
-140 -254 14 0
-123 -264 9 0
-127 -263 10 0
-140 -253 14 0
-144 -254 17 0
-146 -252 11 1
-150 -251 11 1
-123 -256 10 0
-122 -256 9 0
-109 -251 3 1
-109 -251 2 2
-109 -251 1 1
-111 -252 5 0
-107 -251 4 0
-109 -251 5 0
-112 -254 5 0
-112 -253 5 0
-109 -253 6 0
-111 -254 7 0
-111 -253 7 0
-108 -252 8 0
-113 -254 9 0
-113 -254 8 0
-112 -252 7 0
-110 -253 10 0
-134 -281 11 0
-131 -257 17 0
-150 -277 10 0
-107 -277 6 0
-107 -278 6 0
-107 -279 6 0
-107 -264 9 0
-108 -262 7 0
-106 -267 8 0
-109 -263 5 0
-106 -264 9 0
-109 -265 8 0
-109 -265 9 0
-115 -275 4 0
-115 -274 3 1
-119 -275 11 0
-115 -274 1 1
-117 -276 12 0
-147 -258 19 0
-130 -267 15 0
-129 -267 17 0
-129 -267 18 0
-132 -268 16 0
-132 -268 17 0
-130 -265 14 0
-130 -264 16 0
-130 -264 17 0
-130 -267 13 1
-129 -268 15 0
-129 -268 16 0
-128 -269 17 0
-132 -266 15 0
-144 -257 15 0
-143 -257 15 0
-129 -266 14 0
-128 -265 15 0
-127 -264 16 0
-126 -278 5 1
-127 -277 5 1
-127 -278 5 1
-127 -278 4 2
-127 -278 3 1
-128 -277 5 1
-128 -277 4 2
-128 -277 3 1
-146 -251 14 0
-128 -262 14 1
-146 -253 17 0
-147 -253 16 0
-148 -252 15 0
-146 -263 9 2
-127 -262 13 0
-141 -253 18 0
-127 -263 13 0
-146 -255 10 1
-146 -254 10 1
-145 -256 10 1
-145 -256 11 2
-145 -256 12 1
-145 -255 10 1
-145 -254 10 1
-136 -262 14 0
-133 -267 12 2
-126 -255 5 1
-126 -255 4 2
-126 -255 3 1
-122 -260 5 0
-122 -259 5 0
-118 -254 5 0
-124 -257 6 0
-122 -253 6 0
-122 -254 6 0
-122 -255 6 0
-125 -261 6 1
-123 -259 6 0
-126 -255 7 1
-124 -256 6 1
-123 -257 6 0
-121 -261 7 0
-120 -253 8 0
-144 -260 15 0
-149 -258 17 0
-143 -256 15 0
-150 -256 15 0
-142 -284 15 0
-146 -282 13 0
-145 -281 14 0
-145 -280 14 0
-148 -276 14 0
-140 -279 15 0
-141 -277 16 0
-140 -277 17 0
-139 -278 17 0
-143 -274 16 0
-142 -274 16 0
-142 -273 16 0
-142 -272 17 0
-143 -278 15 0
-143 -279 16 0
-142 -280 16 0
-142 -276 15 0
-141 -275 15 0
-140 -275 15 0
-139 -275 16 0
-144 -274 15 0
-144 -271 15 0
-142 -277 15 0
-141 -278 15 0
-125 -259 12 1
-134 -252 15 0
-134 -252 16 0
-124 -258 12 0
-111 -251 1 1
-111 -251 2 2
-104 -278 8 0
-104 -279 8 0
-148 -258 10 2
-148 -258 11 1
-148 -257 9 1
-148 -257 10 2
-148 -257 11 1
-148 -256 9 1
-148 -256 10 2
-145 -255 11 2
-134 -261 13 1
-133 -261 11 1
-127 -270 12 0
-133 -261 12 1
-130 -261 11 1
-126 -265 12 0
-125 -265 12 0
-145 -264 11 1
-140 -264 15 0
-139 -264 17 0
-139 -264 18 0
-139 -264 19 0
-141 -264 16 0
-141 -265 17 0
-141 -265 18 0
-142 -265 19 0
-121 -258 9 0
-124 -259 9 0
-149 -280 16 0
-148 -280 17 0
-122 -274 3 1
-122 -274 2 1
-121 -274 3 2
-121 -281 4 1
-121 -280 4 1
-120 -280 5 0
-116 -276 4 1
-117 -281 5 0
-117 -274 12 0
-117 -274 13 0
-117 -274 14 0
-118 -274 11 0
-119 -275 13 0
-119 -275 14 0
-118 -272 12 0
-118 -271 12 0
-112 -273 3 1
-112 -273 2 2
-112 -273 1 1
-113 -271 3 1
-113 -271 2 1
-113 -271 1 1
-113 -272 3 1
-113 -272 2 1
-113 -272 1 1
-113 -273 3 1
-113 -273 2 2
-113 -273 1 1
-112 -272 2 2
-114 -274 3 1
-115 -256 8 0
-115 -257 8 0
-136 -287 4 1
-127 -277 9 0
-128 -279 8 0
-127 -275 9 0
-127 -274 8 0
-146 -284 17 0
-147 -286 18 0
-142 -283 17 0
-148 -283 16 0
-145 -285 16 0
-144 -286 16 0
-146 -283 15 0
-148 -285 15 0
-146 -285 14 0
-146 -286 14 0
-147 -282 18 0
-146 -282 19 0
-148 -283 18 0
-147 -280 19 0
-146 -284 18 0
-145 -285 19 0
-145 -281 18 0
-144 -280 18 0
-149 -279 18 0
-144 -284 17 0
-150 -284 16 0
-147 -281 16 0
-146 -286 16 0
-146 -287 17 0
-150 -286 16 0
-150 -287 16 0
-148 -281 15 0
-148 -278 15 0
-144 -286 15 0
-148 -286 14 0
-148 -283 19 0
-147 -285 18 0
-147 -286 19 0
-150 -283 17 0
-150 -287 18 0
-145 -285 17 0
-148 -286 16 0
-148 -287 16 0
-148 -288 17 0
-146 -286 15 0
-145 -286 15 0
-149 -287 14 0
-150 -284 20 0
-149 -286 18 0
-149 -286 19 0
-147 -285 17 0
-149 -288 16 0
-148 -286 15 0
-150 -280 13 0
-150 -279 13 0
-149 -287 13 0
-150 -285 16 0
-149 -266 10 2
-149 -266 11 1
-149 -265 9 1
-149 -265 10 2
-149 -264 9 1
-149 -264 10 1
-147 -261 7 1
-136 -257 17 0
-135 -257 19 0
-138 -258 18 0
-138 -258 19 0
-136 -254 18 0
-143 -275 17 0
-143 -275 18 0
-139 -256 17 0
-140 -256 18 0
-137 -259 16 0
-138 -257 15 0
-140 -258 16 0
-125 -252 18 0
-121 -265 11 0
-124 -266 12 0
-124 -255 18 0
-121 -262 12 0
-123 -266 12 0
-122 -266 11 0
-123 -264 12 0
-122 -253 16 0
-121 -268 5 0
-121 -266 11 0
-122 -264 12 0
-123 -251 15 0
-123 -265 12 0
-120 -257 15 0
-121 -256 15 0
-119 -267 11 0
-120 -261 12 0
-122 -266 12 0
-120 -264 11 0
-123 -258 17 0
-124 -253 17 0
-123 -255 18 0
-119 -262 11 0
-124 -255 17 0
-118 -264 12 0
-118 -268 4 1
-118 -269 4 1
-120 -266 5 0
-118 -269 5 0
-117 -268 8 0
-121 -264 10 0
-119 -275 3 1
-119 -275 2 1
-119 -276 4 1
-119 -276 3 2
-119 -276 2 1
-119 -277 4 1
-119 -277 3 2
-122 -278 4 1
-122 -278 3 2
-150 -259 20 0
-122 -279 4 1
-122 -279 3 2
-122 -279 2 1
-150 -261 18 0
-150 -261 19 0
-121 -275 5 0
-122 -281 4 1
-122 -280 5 0
-121 -279 5 0
-121 -279 6 0
-117 -276 4 1
-118 -277 6 0
-119 -277 6 0
-124 -277 5 0
-125 -257 11 1
-132 -251 14 0
-150 -256 11 1
-143 -258 12 1
-134 -251 14 0
-121 -272 14 0
-121 -275 10 0
-121 -275 11 0
-120 -274 10 0
-124 -274 12 0
-119 -273 12 0
-118 -272 13 0
-123 -278 12 0
-124 -271 12 0
-120 -276 11 0
-118 -275 11 0
-120 -272 10 0
-137 -263 18 0
-137 -267 15 0
-137 -267 16 0
-136 -268 17 0
-137 -265 14 0
-136 -265 15 0
-136 -264 15 0
-135 -264 16 0
-134 -264 17 0
-117 -279 2 2
-121 -273 4 1
-135 -269 11 2
-135 -268 11 1
-135 -268 12 1
-140 -251 11 2
-139 -281 15 0
-138 -281 14 0
-136 -280 16 0
-122 -274 4 1
-146 -279 17 0
-145 -279 17 0
-150 -278 16 0
-150 -277 16 0
-150 -276 16 0
-147 -282 16 0
-123 -255 6 0
-147 -277 16 0
-146 -277 16 0
-121 -261 5 0
-121 -262 5 0
-148 -281 3 1
-129 -271 10 0
-130 -270 10 1
-127 -260 15 0
-130 -269 11 1
-145 -258 10 2
-147 -258 12 1
-146 -258 12 1
-146 -258 11 2
-129 -255 13 0
-131 -270 13 1
-122 -251 14 0
-122 -261 12 0
-123 -261 12 0
-150 -286 12 0
-149 -280 14 0
-149 -280 13 0
-150 -285 6 2
-147 -285 7 1
-147 -291 7 0
-150 -280 9 1
-149 -287 8 1
-149 -286 8 1
-145 -285 9 0
-150 -284 10 0
-150 -289 9 0
-147 -292 11 0
-147 -286 11 0
-147 -286 10 0
-148 -284 10 0
-150 -279 11 0
-150 -280 11 0
-130 -281 9 0
-131 -280 10 0
-131 -274 9 0
-131 -275 9 0
-131 -276 9 0
-127 -279 9 0
-128 -279 9 0
-129 -279 10 0
-138 -267 16 0
-141 -281 17 0
-144 -283 16 0
-144 -283 17 0
-143 -281 13 0
-143 -280 14 0
-143 -280 15 0
-142 -279 16 0
-142 -282 13 0
-141 -283 15 0
-141 -284 16 0
-115 -276 2 2
-119 -251 8 0
-119 -251 9 0
-115 -276 3 1
-114 -277 1 1
-114 -277 2 2
-114 -277 3 1
-122 -252 9 0
-122 -252 10 0
-125 -256 11 1
-125 -257 12 1
-125 -258 12 1
-129 -262 11 1
-121 -260 11 0
-128 -255 11 0
-128 -256 12 1
-117 -281 6 0
-143 -283 11 0
-118 -263 6 0
-119 -263 6 0
-119 -264 5 0
-120 -264 5 0
-115 -263 6 0
-115 -264 5 0
-114 -265 4 1
-119 -266 2 1
-111 -271 2 1
-111 -271 1 1
-111 -272 3 1
-111 -272 2 2
-111 -272 1 1
-111 -273 3 2
-111 -273 2 1
-111 -273 1 1
-112 -271 3 1
-112 -271 2 1
-112 -271 1 1
-145 -253 14 0
-144 -253 14 0
-148 -253 12 2
-146 -260 14 0
-139 -266 7 1
-148 -254 13 1
-120 -253 13 0
-120 -252 13 0
-119 -281 5 0
-120 -251 14 0
-148 -271 15 0
-147 -270 16 0
-147 -270 17 0
-148 -273 14 0
-147 -273 15 0
-146 -273 16 0
-130 -282 11 0
-131 -281 11 0
-132 -280 11 0
-143 -285 10 0
-142 -286 10 0
-150 -261 10 2
-150 -261 9 1
-148 -252 11 1
-117 -277 4 1
-117 -276 2 2
-135 -269 13 1
-136 -269 13 1
-147 -255 10 1
-147 -254 10 1
-112 -277 10 0
-112 -271 9 0
-136 -259 10 2
-136 -260 10 2
-136 -261 12 1
-143 -264 14 0
-125 -267 9 0
-126 -266 10 0
-127 -266 11 0
-140 -257 14 1
-140 -258 14 1
-141 -258 14 1
-146 -252 19 0
-146 -253 18 0
-148 -256 13 1
-147 -256 11 2
-147 -256 12 2
-140 -256 15 0
-146 -258 15 0
-147 -259 15 0
-147 -260 15 0
-148 -261 15 0
-144 -258 14 1
-143 -259 14 0
-141 -260 14 0
-126 -277 2 1
-126 -278 4 1
-126 -278 3 1
-126 -278 2 1
-125 -277 3 2
-137 -258 11 2
-137 -257 12 1
-137 -256 10 2
-137 -256 11 1
-136 -258 10 2
-136 -258 11 2
-136 -257 18 0
-112 -280 5 1
-143 -258 8 1
-114 -281 2 1
-140 -259 9 1
-121 -252 8 0
-141 -258 9 2
-114 -281 4 1
-139 -256 16 0
-138 -260 17 0
-139 -258 19 0
-136 -259 17 0
-139 -257 16 0
-140 -256 17 0
-138 -258 15 0
-138 -259 16 0
-139 -257 15 0
-150 -255 7 1
-105 -261 5 0
-108 -256 4 0
-109 -255 4 0
-110 -255 4 0
-111 -254 5 0
-108 -259 4 0
-109 -260 4 0
-109 -261 4 0
-107 -253 4 0
-107 -252 4 0
-122 -264 10 0
-117 -267 11 0
-121 -266 12 0
-132 -257 5 1
-132 -257 6 1
-116 -262 8 0
-116 -261 7 0
-114 -262 11 0
-114 -262 10 0
-115 -261 9 0
-115 -261 8 0
-131 -262 10 0
-129 -262 7 1
-116 -257 11 0
-117 -261 11 0
-117 -261 10 0
-117 -261 9 0
-115 -260 11 0
-115 -260 10 0
-115 -260 9 0
-116 -261 4 1
-117 -263 4 1
-117 -263 3 2
-117 -263 2 1
-114 -261 5 0
-118 -261 5 0
-138 -270 8 1
-149 -259 6 0
-150 -264 11 1
-150 -265 11 1
-150 -265 9 2
-150 -266 9 1
-150 -265 10 2
-149 -263 12 0
-149 -262 12 0
-147 -285 10 0
-148 -274 13 0
-148 -286 9 0
-147 -281 12 0
-149 -286 10 0
-147 -283 10 0
-148 -283 9 0
-146 -282 10 0
-146 -281 8 1
-149 -282 10 0
-149 -282 9 0
-118 -262 10 0
-118 -267 1 1
-118 -268 3 1
-118 -268 1 1
-118 -269 3 1
-118 -269 2 1
-118 -269 1 1
-119 -267 1 1
-119 -268 1 1
-119 -269 3 1
-119 -269 2 1
-119 -269 1 1
-118 -268 2 2
-115 -266 9 0
-118 -266 11 0
-115 -265 11 0
-117 -269 3 1
-117 -269 2 1
-117 -269 1 1
-115 -270 5 0
-115 -269 5 0
-114 -269 7 0
-116 -269 9 0
-113 -267 10 0
-116 -266 11 0
-116 -266 10 0
-119 -252 2 1
-119 -252 3 2
-122 -283 5 0
-123 -283 5 0
-120 -275 5 0
-117 -282 5 0
-116 -283 5 0
-122 -279 5 0
-125 -280 4 1
-120 -283 4 1
-120 -284 4 1
-124 -275 2 1
-124 -275 3 1
-124 -275 4 1
-124 -274 2 1
-124 -274 3 1
-124 -274 4 1
-123 -274 2 1
-123 -274 3 1
-124 -283 2 1
-124 -283 3 1
-124 -283 4 1
-124 -282 2 1
-124 -282 3 2
-124 -282 4 1
-124 -281 2 1
-124 -281 3 1
-124 -281 4 1
-123 -280 2 1
-123 -280 3 2
-120 -279 1 1
-120 -278 1 1
-120 -280 10 0
-123 -281 9 0
-119 -282 8 0
-122 -282 6 0
-122 -283 7 0
-122 -284 8 0
-124 -281 6 0
-114 -276 6 0
-115 -276 7 0
-147 -264 13 0
-115 -269 6 0
-115 -270 7 0
-137 -273 14 0
-136 -274 14 0
-135 -275 14 0
-144 -272 13 0
-139 -275 13 1
-140 -270 13 0
-139 -272 13 0
-142 -271 11 0
-142 -270 11 1
-139 -274 12 2
-139 -271 12 0
-132 -260 10 1
-133 -258 12 1
-133 -258 11 1
-133 -258 10 1
-133 -259 12 2
-133 -259 10 2
-133 -260 12 2
-133 -260 11 2
-120 -261 4 1
-118 -262 1 1
-118 -262 2 1
-118 -262 3 2
-118 -261 1 1
-118 -261 2 2
-118 -261 3 2
-118 -260 1 1
-117 -262 1 1
-117 -262 2 1
-116 -262 1 1
-121 -257 3 2
-122 -258 2 1
-122 -258 3 2
-122 -257 2 1
-122 -257 3 2
-122 -257 4 1
-122 -256 2 1
-122 -256 3 2
-122 -256 4 1
-121 -257 2 1
-121 -257 4 1
-121 -256 2 1
-121 -256 3 2
-137 -267 13 0
-140 -268 15 0
-141 -268 15 0
-135 -264 14 0
-135 -263 14 0
-131 -283 7 0
-132 -283 7 0
-132 -283 8 0
-126 -277 7 0
-127 -284 7 0
-127 -285 7 0
-127 -286 7 0
-130 -281 6 0
-131 -280 6 0
-132 -280 7 0
-112 -254 7 0
-109 -252 8 0
-114 -254 9 0
-114 -253 8 0
-111 -253 10 0
-111 -252 9 0
-114 -252 9 0
-113 -251 4 0
-118 -276 9 0
-118 -277 8 0
-118 -278 8 0
-139 -253 16 0
-104 -270 10 0
-112 -281 5 1
-132 -271 15 0
-131 -272 15 0
-115 -277 1 1
-115 -277 3 1
-115 -276 1 1
-140 -288 7 1
-140 -288 6 2
-140 -288 5 1
-140 -289 7 1
-140 -289 5 1
-140 -290 7 1
-140 -290 6 1
-140 -290 5 1
-141 -288 7 1
-141 -288 6 2
-141 -288 5 1
-141 -289 7 1
-141 -289 6 1
-141 -289 5 1
-141 -290 7 1
-141 -290 6 1
-141 -290 5 1
-140 -289 6 2
-136 -288 7 0
-142 -288 8 1
-141 -286 8 1
-138 -289 9 0
-138 -288 8 0
-135 -286 10 0
-137 -285 9 0
-141 -288 10 0
-140 -288 10 0
-140 -287 9 0
-140 -286 9 0
-138 -287 11 0
-138 -286 10 0
-141 -286 12 0
-125 -272 7 0
-123 -270 7 0
-117 -270 6 0
-118 -270 7 0
-124 -270 8 0
-123 -269 8 0
-118 -272 8 0
-122 -268 8 0
-123 -271 8 0
-135 -270 11 2
-134 -263 5 1
-134 -262 5 1
-140 -270 10 1
-136 -275 6 1
-137 -273 8 2
-137 -273 7 2
-137 -273 6 1
-130 -273 7 0
-131 -273 7 0
-110 -266 7 0
-109 -266 8 0
-109 -263 9 0
-109 -264 7 0
-110 -267 8 0
-112 -267 6 0
-112 -268 7 0
-109 -268 5 0
-111 -262 5 0
-110 -261 5 0
-113 -266 5 0
-113 -267 5 0
-113 -268 5 0
-113 -269 4 0
-111 -265 5 0
-110 -265 4 0
-112 -266 4 0
-111 -267 3 1
-111 -268 3 1
-116 -263 5 0
-116 -261 6 0
-116 -260 6 0
-112 -262 6 0
-112 -261 6 0
-113 -260 6 0
-114 -260 6 0
-118 -263 7 0
-118 -262 7 0
-117 -261 7 0
-131 -262 6 2
-130 -262 6 2
-129 -262 6 2
-135 -259 7 1
-114 -263 8 0
-115 -261 7 0
-115 -260 7 0
-118 -260 8 0
-111 -260 9 0
-112 -260 8 0
-116 -262 9 0
-116 -261 8 0
-112 -256 10 0
-113 -257 9 0
-114 -261 10 0
-114 -260 10 0
-114 -260 9 0
-115 -256 11 0
-137 -269 14 0
-136 -252 16 0
-139 -255 14 0
-143 -257 17 0
-143 -257 18 0
-149 -287 12 0
-149 -289 10 0
-149 -290 11 0
-139 -280 9 0
-147 -288 9 0
-141 -280 10 0
-147 -280 9 0
-146 -280 10 0
-141 -285 9 0
-141 -284 10 0
-142 -278 10 1
-147 -287 13 0
-150 -287 11 0
-150 -288 11 0
-145 -286 11 0
-148 -287 10 0
-148 -288 10 0
-146 -287 9 0
-145 -288 9 0
-147 -284 7 1
-143 -272 19 0
-143 -273 18 0
-145 -276 19 0
-147 -257 14 1
-130 -269 13 1
-123 -264 14 0
-147 -286 12 0
-149 -286 11 0
-144 -285 11 0
-147 -287 10 0
-147 -288 10 0
-106 -270 6 0
-108 -270 8 0
-109 -270 8 0
-107 -269 5 0
-109 -268 6 0
-107 -270 4 0
-108 -270 4 0
-109 -270 4 0
-110 -270 4 0
-106 -271 4 0
-107 -271 4 0
-142 -279 19 0
-146 -276 18 0
-147 -275 18 0
-143 -276 15 0
-142 -275 16 0
-142 -275 17 0
-141 -274 17 0
-140 -274 18 0
-145 -273 17 0
-105 -279 9 0
-110 -281 9 0
-110 -280 9 0
-138 -270 12 0
-101 -278 2 1
-110 -273 9 0
-110 -273 10 0
-110 -273 11 0
-109 -273 12 0
-111 -274 8 0
-112 -275 12 0
-110 -271 12 0
-110 -274 8 0
-109 -275 11 0
-109 -276 11 0
-140 -277 9 2
-140 -277 10 2
-140 -278 10 2
-141 -279 11 1
-127 -263 9 0
-134 -261 15 0
-133 -257 14 0
-134 -257 14 0
-130 -264 10 2
-130 -263 9 1
-128 -267 10 0
-127 -267 9 0
-113 -275 9 0
-113 -276 10 0
-113 -277 11 0
-113 -272 9 0
-114 -271 9 0
-112 -274 8 0
-131 -252 13 0
-133 -254 12 0
-129 -252 10 1
-135 -254 8 1
-130 -256 5 1
-134 -255 7 1
-133 -254 7 1
-132 -254 7 1
-131 -254 7 1
-130 -253 13 0
-141 -267 15 0
-140 -267 15 0
-131 -269 16 0
-148 -262 15 0
-129 -254 9 1
-149 -260 14 0
-142 -277 10 1
-141 -284 11 0
-135 -268 16 0
-134 -269 17 0
-134 -265 15 0
-134 -265 16 0
-133 -264 16 0
-137 -269 15 0
-137 -270 16 0
-138 -262 16 0
-135 -267 14 0
-134 -267 14 0
-119 -258 2 1
-119 -259 4 1
-119 -259 3 2
-131 -251 17 0
-134 -251 15 0
-124 -259 14 0
-125 -260 14 0
-125 -261 13 0
-121 -255 14 0
-122 -255 13 0
-123 -256 13 0
-124 -256 13 0
-130 -254 14 0
-134 -263 9 1
-135 -263 10 1
-134 -261 10 1
-134 -266 10 1
-135 -258 9 2
-135 -259 9 2
-137 -267 11 0
-134 -262 12 0
-136 -263 12 0
-134 -264 16 0
-113 -254 4 0
-119 -261 7 0
-119 -261 8 0
-119 -256 6 0
-120 -255 7 0
-120 -254 7 0
-116 -258 6 0
-134 -268 13 1
-133 -269 13 1
-148 -258 12 1
-144 -257 13 2
-142 -257 12 1
-142 -257 11 2
-142 -264 16 0
-146 -252 17 0
-129 -266 11 1
-128 -265 12 0
-129 -266 10 1
-149 -251 15 0
-121 -277 5 0
-120 -275 3 2
-120 -276 3 2
-123 -278 5 0
-126 -266 12 0
-139 -261 17 0
-139 -262 16 0
-145 -262 18 0
-144 -262 17 0
-139 -265 18 0
-140 -265 18 0
-140 -264 17 0
-140 -264 16 0
-141 -260 19 0
-146 -259 17 0
-129 -278 7 0
-128 -271 7 0
-125 -276 6 0
-120 -260 10 0
-121 -259 8 0
-122 -256 8 0
-120 -257 11 0
-121 -257 10 0
-121 -257 9 0
-120 -252 3 2
-117 -256 8 0
-123 -257 9 0
-119 -255 8 0
-119 -256 7 0
-121 -259 9 0
-120 -258 8 0
-120 -258 7 0
-120 -258 6 0
-118 -257 10 0
-118 -257 9 0
-123 -274 4 1
-124 -279 2 1
-124 -279 3 2
-124 -279 4 1
-123 -278 3 2
-133 -278 9 0
-134 -279 10 0
-135 -279 10 0
-123 -252 14 0
-125 -266 12 0
-131 -280 13 0
-130 -280 14 0
-121 -251 17 0
-131 -277 12 0
-141 -274 10 1
-138 -280 8 0
-140 -279 8 1
-136 -280 7 0
-142 -278 7 1
-143 -278 7 1
-125 -264 10 0
-124 -251 10 0
-143 -260 15 0
-145 -260 19 0
-145 -260 18 0
-143 -263 11 1
-120 -261 5 0
-119 -263 5 0
-115 -263 8 0
-117 -256 9 0
-115 -262 10 0
-120 -265 11 0
-119 -264 10 0
-115 -259 11 0
-117 -259 10 0
-121 -263 5 0
-118 -258 8 0
-119 -261 9 0
-118 -255 10 0
-115 -261 11 0
-103 -266 9 0
-105 -267 7 0
-105 -268 8 0
-105 -268 9 0
-103 -268 7 0
-102 -269 8 0
-105 -266 6 0
-106 -266 7 0
-107 -266 7 0
-107 -266 8 0
-101 -264 8 0
-104 -269 6 0
-106 -263 7 0
-107 -268 6 0
-108 -268 7 0
-103 -269 5 0
-106 -265 5 0
-108 -264 6 0
-107 -270 5 0
-102 -268 4 0
-107 -267 4 0
-108 -267 4 0
-109 -267 4 0
-116 -261 10 0
-121 -263 11 0
-116 -258 11 0
-117 -258 11 0
-118 -258 10 0
-118 -262 12 0
-118 -262 11 0
-118 -261 11 0
-119 -257 12 0
-103 -267 8 0
-103 -267 9 0
-105 -268 6 0
-136 -284 6 0
-137 -285 6 1
-134 -281 6 0
-134 -285 6 0
-133 -285 5 0
-133 -286 5 0
-137 -283 5 1
-137 -287 2 1
-130 -260 11 1
-131 -260 11 1
-131 -261 11 1
-132 -259 13 1
-132 -260 13 2
-132 -261 12 1
-132 -261 11 1
-135 -254 13 0
-134 -255 14 0
-133 -256 14 0
-133 -259 14 1
-137 -256 18 0
-131 -267 3 1
-131 -266 3 1
-131 -265 3 1
-128 -267 8 0
-128 -268 10 0
-126 -264 10 0
-129 -267 7 1
-126 -268 9 0
-125 -268 9 0
-129 -268 7 1
-128 -269 8 0
-128 -270 8 0
-128 -271 8 0
-129 -280 10 0
-124 -265 8 0
-129 -282 10 0
-141 -267 16 0
-145 -264 17 0
-144 -271 18 0
-146 -266 18 0
-146 -266 17 0
-126 -267 6 0
-125 -267 5 0
-124 -267 5 0
-130 -269 7 1
-142 -268 16 0
-143 -265 18 0
-143 -266 16 0
-145 -268 19 0
-144 -268 18 0
-142 -267 19 0
-141 -251 14 0
-137 -253 15 0
-137 -252 14 0
-138 -251 14 0
-139 -252 16 0
-139 -251 16 0
-146 -254 14 1
-145 -251 15 0
-148 -256 16 0
-148 -255 15 1
-145 -253 17 0
-146 -253 16 0
-150 -256 17 0
-150 -255 17 0
-150 -254 16 0
-150 -253 16 0
-147 -251 16 0
-148 -251 16 0
-147 -254 18 0
-144 -256 15 0
-147 -260 17 0
-146 -257 16 0
-137 -268 13 0
-137 -262 13 0
-137 -261 13 0
-134 -264 13 0
-134 -263 12 0
-149 -262 10 2
-136 -268 13 1
-136 -267 13 0
-135 -268 13 1
-134 -269 13 1
-136 -263 13 0
-135 -263 13 0
-134 -262 13 0
-138 -267 13 0
-138 -268 13 0
-138 -269 13 0
-125 -252 14 0
-102 -277 6 0
-102 -276 6 0
-127 -253 15 0
-115 -264 10 0
-114 -264 11 0
-117 -261 8 0
-118 -261 9 0
-119 -261 10 0
-117 -263 8 0
-117 -264 9 0
-117 -265 9 0
-117 -265 10 0
-115 -262 8 0
-113 -263 9 0
-112 -263 9 0
-118 -262 8 0
-119 -263 8 0
-116 -263 7 0
-115 -265 8 0
-115 -266 8 0
-113 -261 7 0
-112 -261 7 0
-117 -263 7 0
-118 -264 7 0
-119 -265 7 0
-119 -266 7 0
-114 -263 7 0
-113 -264 7 0
-113 -265 7 0
-113 -258 6 0
-117 -265 6 0
-117 -266 6 0
-115 -262 6 0
-114 -262 6 0
-115 -273 9 0
-116 -273 9 0
-121 -272 10 0
-149 -259 19 0
-150 -259 18 0
-111 -281 2 1
-111 -282 2 1
-110 -279 5 1
-108 -280 5 1
-108 -280 4 1
-108 -280 3 1
-108 -281 5 1
-108 -281 4 2
-108 -281 3 1
-108 -282 5 1
-108 -282 4 1
-108 -282 3 1
-111 -281 6 0
-110 -277 6 0
-107 -281 6 0
-108 -280 6 0
-128 -268 11 0
-136 -270 10 1
-132 -264 11 2
-139 -267 12 0
-133 -265 12 1
-131 -254 15 0
-133 -267 16 0
-148 -262 18 0
-149 -260 19 0
-124 -260 13 0
-136 -263 14 0
-136 -261 15 0
-137 -268 14 0
-136 -269 15 0
-136 -270 15 0
-136 -265 14 0
-135 -265 14 0
-134 -265 14 0
-133 -265 14 0
-139 -267 14 0
-139 -268 14 0
-140 -269 14 0
-141 -270 14 0
-145 -279 14 0
-144 -278 15 0
-146 -284 14 0
-145 -285 14 0
-145 -286 14 0
-145 -287 14 0
-148 -281 14 0
-145 -282 13 0
-144 -282 13 0
-115 -278 10 0
-115 -277 10 0
-147 -281 17 0
-129 -271 13 0
-128 -271 13 0
-127 -270 13 0
-150 -283 14 0
-133 -274 13 0
-131 -272 12 1
-131 -273 12 0
-131 -274 12 0
-131 -276 11 0
-128 -272 11 0
-121 -257 11 0
-149 -292 13 0
-146 -289 10 0
-144 -292 10 0
-145 -293 8 0
-144 -291 7 0
-143 -291 6 0
-149 -290 7 0
-124 -253 15 0
-132 -274 10 0
-130 -272 11 0
-130 -272 10 0
-129 -272 9 0
-129 -272 8 0
-133 -272 9 1
-133 -272 8 1
-130 -270 8 1
-148 -285 14 0
-147 -286 14 0
-146 -287 14 0
-149 -282 14 0
-130 -272 15 0
-123 -256 4 1
-147 -290 11 0
-146 -290 13 0
-146 -292 11 0
-144 -291 10 0
-143 -292 10 0
-145 -292 8 0
-144 -293 8 0
-117 -252 4 1
-117 -252 3 1
-117 -252 2 1
-117 -254 4 1
-148 -291 12 0
-145 -292 11 0
-145 -292 12 0
-145 -291 8 0
-144 -292 8 0
-143 -293 8 0
-145 -290 7 0
-143 -290 7 0
-142 -290 6 0
-146 -292 3 1
-146 -291 3 1
-145 -292 3 1
-144 -292 3 1
-123 -261 2 1
-124 -259 4 1
-124 -259 3 2
-124 -259 2 1
-124 -260 4 1
-112 -278 1 1
-110 -280 4 1
-127 -263 14 0
-128 -264 13 0
-128 -265 13 0
-124 -267 15 0
-150 -276 14 0
-121 -276 10 0
-137 -282 14 0
-128 -259 15 0
-138 -282 13 0
-139 -282 13 0
-143 -277 14 0
-125 -268 12 0
-127 -269 15 0
-124 -267 6 0
-124 -269 12 0
-144 -265 17 0
-119 -283 5 0
-123 -275 5 0
-123 -276 5 0
-125 -284 5 0
-125 -283 5 0
-124 -283 5 0
-123 -281 5 0
-124 -279 5 0
-121 -285 6 0
-121 -284 6 0
-121 -283 6 0
-122 -282 5 0
-126 -282 7 0
-126 -281 6 0
-125 -281 6 0
-123 -278 6 0
-123 -284 8 0
-123 -283 7 0
-123 -282 6 0
-139 -268 8 2
-139 -268 7 1
-116 -278 10 0
-117 -277 10 0
-121 -281 1 1
-121 -280 1 1
-121 -279 1 1
-131 -276 16 0
-128 -276 15 0
-132 -274 14 0
-126 -272 15 0
-131 -278 8 0
-130 -275 17 0
-132 -276 16 0
-133 -277 16 0
-117 -274 9 0
-120 -270 12 0
-119 -271 11 0
-118 -276 11 0
-118 -275 10 0
-115 -272 12 0
-116 -282 3 1
-116 -281 2 1
-116 -281 3 2
-116 -281 4 1
-117 -280 4 1
-118 -275 1 1
-118 -274 1 1
-117 -275 1 1
-117 -274 1 1
-116 -274 1 1
-112 -280 2 1
-112 -280 3 1
-132 -265 15 0
-136 -271 15 0
-131 -269 15 0
-139 -269 14 0
-133 -272 14 0
-131 -270 12 1
-135 -272 11 2
-139 -270 10 0
-125 -258 4 2
-125 -259 6 1
-125 -259 5 1
-126 -257 6 2
-126 -257 5 2
-126 -257 4 2
-126 -258 6 2
-123 -252 17 0
-147 -290 3 1
-141 -289 4 1
-141 -288 4 1
-141 -287 4 1
-147 -271 15 0
-142 -252 17 0
-115 -279 9 0
-117 -279 8 0
-145 -288 13 0
-141 -289 12 0
-144 -290 11 0
-139 -288 11 0
-139 -290 8 0
-144 -254 14 0
-143 -253 14 0
-150 -252 12 1
-150 -252 11 1
-124 -252 16 0
-150 -253 12 2
-150 -253 11 1
-141 -286 13 0
-144 -287 12 0
-144 -287 13 0
-141 -288 11 0
-110 -254 9 0
-148 -286 10 0
-147 -287 11 0
-105 -251 8 0
-108 -254 7 0
-150 -277 9 1
-108 -251 6 0
-107 -252 6 0
-114 -259 1 1
-114 -260 3 1
-114 -260 2 1
-114 -260 1 1
-114 -253 3 1
-114 -253 2 2
-114 -253 1 1
-114 -254 3 1
-114 -254 2 2
-114 -254 1 1
-114 -255 3 1
-114 -255 2 2
-139 -286 7 1
-139 -287 8 0
-140 -288 8 1
-132 -257 18 0
-142 -260 12 1
-141 -260 10 1
-141 -260 11 2
-141 -260 12 1
-141 -259 10 2
-141 -259 11 2
-148 -275 8 2
-148 -275 7 1
-149 -273 8 1
-149 -273 7 1
-150 -273 7 1
-147 -270 11 1
-147 -270 10 1
-147 -270 9 1
-147 -271 11 1
-147 -271 10 1
-147 -271 9 1
-147 -272 11 1
-147 -272 10 1
-147 -272 9 1
-148 -270 11 1
-126 -267 4 1
-126 -267 3 2
-126 -267 2 1
-127 -267 2 1
-128 -266 2 1
-128 -267 2 1
-130 -262 3 1
-128 -269 5 1
-128 -269 4 2
-128 -269 3 1
-129 -269 5 1
-129 -269 4 2
-129 -269 3 1
-130 -269 3 1
-126 -269 4 1
-138 -280 5 1
-140 -278 3 1
-147 -266 14 0
-143 -275 15 0
-144 -272 14 0
-144 -276 15 0
-145 -277 15 0
-146 -277 15 0
-147 -274 16 0
-147 -275 16 0
-147 -276 16 0
-142 -277 16 0
-143 -277 16 0
-144 -278 16 0
-145 -278 16 0
-149 -277 16 0
-145 -283 17 0
-145 -274 17 0
-142 -275 7 1
-142 -275 8 2
-142 -274 6 2
-142 -274 7 2
-142 -274 8 1
-141 -276 6 2
-141 -276 7 2
-141 -276 8 1
-141 -275 6 1
-141 -275 8 2
-141 -274 6 1
-141 -274 7 1
-141 -274 8 1
-140 -276 6 2
-145 -281 20 0
-145 -280 19 0
-146 -276 20 0
-146 -276 19 0
-146 -277 18 0
-146 -277 17 0
-110 -263 3 1
-110 -262 1 1
-110 -262 3 1
-109 -263 1 1
-109 -263 2 1
-109 -263 3 1
-109 -262 1 1
-109 -262 3 1
-113 -263 4 0
-112 -263 4 0
-114 -268 1 1
-114 -268 2 1
-114 -268 3 1
-115 -266 4 1
-113 -266 1 1
-117 -263 1 1
-115 -263 5 0
-114 -266 4 0
-115 -265 5 0
-119 -265 5 0
-112 -263 5 0
-113 -263 5 0
-140 -254 15 0
-134 -253 16 0
-139 -258 16 0
-137 -257 15 0
-138 -253 17 0
-137 -255 16 0
-137 -261 17 0
-137 -260 17 0
-139 -256 18 0
-138 -256 16 0
-137 -257 16 0
-134 -259 18 0
-136 -255 18 0
-136 -255 17 0
-150 -261 14 0
-150 -260 14 0
-150 -259 14 0
-150 -278 20 0
-149 -276 15 0
-150 -274 18 0
-149 -276 19 0
-149 -277 19 0
-150 -277 18 0
-137 -281 12 0
-138 -281 12 0
-140 -279 13 0
-112 -252 4 0
-113 -252 4 0
-114 -252 5 0
-115 -252 5 0
-144 -261 17 0
-144 -261 18 0
-145 -262 19 0
-142 -261 16 0
-145 -251 18 0
-150 -278 21 0
-150 -277 17 0
-148 -276 19 0
-149 -274 17 0
-149 -274 18 0
-141 -271 5 1
-141 -271 6 1
-140 -272 5 1
-140 -271 5 1
-149 -278 6 2
-149 -278 7 1
-147 -283 7 1
-149 -262 15 0
-142 -253 18 0
-142 -262 14 0
-146 -264 15 0
-145 -264 15 0
-145 -263 15 0
-144 -262 15 0
-130 -267 17 0
-111 -271 9 0
-111 -270 9 0
-110 -269 9 0
-141 -280 11 0
-130 -269 17 0
-137 -281 10 0
-138 -281 11 0
-139 -281 11 0
-140 -281 11 0
-144 -277 10 0
-121 -261 12 0
-118 -260 13 0
-119 -257 11 0
-120 -254 12 0
-111 -252 8 0
-125 -264 14 0
-125 -251 17 0
-125 -251 18 0
-126 -251 18 0
-131 -263 9 1
-137 -270 5 1
-136 -270 6 2
-101 -275 9 0
-134 -257 13 0
-126 -252 16 0
-126 -253 19 0
-143 -260 16 0
-137 -277 8 1
-137 -275 9 1
-135 -276 10 1
-111 -263 2 1
-111 -263 1 1
-111 -264 3 1
-111 -264 2 2
-111 -264 1 1
-112 -262 3 1
-112 -262 2 1
-112 -262 1 1
-112 -263 3 1
-112 -263 1 1
-112 -264 3 1
-112 -264 2 2
-112 -264 1 1
-113 -262 3 1
-113 -262 2 1
-113 -262 1 1
-113 -263 3 1
-113 -263 2 2
-113 -263 1 1
-113 -264 3 1
-113 -264 2 2
-113 -264 1 1
-105 -274 10 0
-101 -275 7 0
-121 -277 3 1
-117 -281 8 0
-121 -276 2 1
-102 -277 8 0
-127 -266 15 0
-135 -260 15 0
-150 -288 5 2
-135 -261 15 0
-150 -287 4 1
-133 -253 15 0
-150 -287 6 2
-138 -257 14 1
-141 -260 17 0
-143 -261 13 0
-138 -262 19 0
-150 -285 7 2
-138 -258 20 0
-138 -260 18 0
-137 -261 19 0
-139 -254 19 0
-115 -272 8 0
-115 -273 8 0
-112 -277 8 0
-113 -276 8 0
-114 -275 8 0
-115 -275 8 0
-117 -268 9 0
-117 -269 9 0
-117 -275 9 0
-111 -272 9 0
-129 -273 10 0
-132 -275 9 0
-132 -274 9 0
-127 -270 9 0
-128 -271 10 0
-130 -273 12 0
-134 -274 10 1
-129 -272 12 0
-135 -272 12 2
-133 -276 13 0
-127 -276 5 1
-125 -274 6 0
-139 -267 8 2
-109 -275 6 0
-105 -272 4 0
-121 -280 2 1
-121 -280 3 2
-120 -280 2 2
-120 -280 3 1
-120 -280 4 1
-120 -279 2 1
-150 -285 17 0
-144 -260 11 2
-144 -260 10 2
-144 -260 9 1
-145 -266 15 0
-145 -265 15 0
-144 -264 15 0
-128 -278 8 0
-145 -263 12 0
-148 -262 14 0
-124 -275 8 0
-107 -281 7 0
-107 -281 8 0
-106 -279 6 0
-104 -280 6 0
-111 -273 5 0
-106 -277 6 0
-108 -275 5 0
-107 -279 5 1
-105 -281 3 1
-105 -281 4 1
-147 -284 12 0
-147 -279 11 0
-147 -279 12 0
-106 -278 11 0
-103 -279 10 0
-123 -262 14 0
-125 -261 16 0
-122 -262 14 0
-122 -261 14 0
-122 -260 14 0
-143 -286 3 1
-143 -286 4 1
-142 -285 3 1
-142 -284 3 1
-141 -286 3 1
-141 -285 3 1
-141 -284 3 1
-142 -285 10 0
-141 -285 13 0
-143 -286 12 0
-144 -286 12 0
-141 -287 10 0
-140 -287 11 0
-140 -288 12 0
-143 -285 9 0
-142 -287 9 0
-143 -287 10 0
-123 -264 15 0
-124 -278 3 2
-124 -278 4 1
-124 -277 2 1
-124 -277 3 2
-124 -277 4 1
-124 -276 2 1
-112 -270 10 0
-113 -270 10 0
-109 -274 8 0
-108 -274 9 0
-107 -275 9 0
-102 -280 4 2
-107 -275 10 0
-115 -275 10 0
-110 -272 8 0
-110 -271 9 0
-109 -270 9 0
-137 -259 15 0
-139 -254 15 0
-137 -256 15 0
-134 -261 16 0
-137 -258 15 0
-137 -277 16 0
-109 -274 2 2
-109 -275 4 1
-138 -279 16 0
-136 -278 18 0
-147 -276 13 0
-147 -277 14 0
-144 -277 13 0
-146 -283 11 0
-146 -278 10 0
-147 -277 11 0
-147 -276 11 0
-148 -282 10 0
-143 -277 10 0
-144 -283 9 0
-144 -284 10 0
-144 -285 10 0
-149 -278 10 0
-150 -290 11 0
-106 -279 8 0
-109 -276 10 0
-104 -279 10 0
-104 -279 9 0
-105 -278 9 0
-107 -278 11 0
-107 -278 10 0
-105 -277 11 0
-105 -277 9 0
-150 -287 9 0
-135 -278 10 0
-135 -277 10 0
-135 -276 9 0
-133 -278 8 0
-150 -291 8 0
-103 -279 8 0
-101 -272 8 0
-102 -279 7 0
-137 -269 9 1
-127 -279 11 0
-121 -277 9 0
-124 -281 11 0
-138 -259 15 0
-134 -265 13 1
-141 -266 16 0
-112 -274 9 0
-112 -271 12 0
-112 -271 11 0
-150 -275 10 0
-148 -273 9 2
-149 -272 17 0
-149 -272 18 0
-150 -271 14 0
-150 -269 17 0
-149 -273 15 0
-149 -273 16 0
-148 -274 16 0
-148 -274 17 0
-149 -272 14 0
-147 -263 10 2
-147 -263 11 1
-149 -261 7 1
-149 -261 8 1
-149 -260 7 1
-120 -273 12 0
-119 -279 11 0
-119 -279 8 0
-137 -272 13 1
-139 -270 15 0
-135 -270 9 2
-118 -277 1 1
-125 -269 10 0
-125 -268 11 0
-126 -261 10 0
-126 -261 11 0
-126 -262 11 0
-122 -265 11 0
-125 -282 7 0
-125 -283 8 0
-125 -283 9 0
-124 -284 9 0
-127 -281 6 0
-128 -281 7 0
-129 -281 8 0
-127 -283 7 0
-127 -284 8 0
-127 -285 8 0
-127 -279 7 0
-122 -283 8 0
-128 -282 6 0
-129 -282 7 0
-130 -283 7 0
-126 -280 6 0
-126 -283 6 0
-125 -284 6 0
-125 -285 7 0
-125 -286 7 0
-128 -280 6 0
-129 -280 6 0
-130 -279 6 0
-128 -284 6 0
-129 -285 6 0
-127 -278 6 0
-127 -277 6 0
-123 -284 5 0
-122 -284 5 0
-131 -281 5 0
-126 -283 5 0
-126 -285 5 0
-126 -286 4 1
-127 -280 5 0
-128 -279 5 1
-131 -285 2 1
-131 -285 3 2
-131 -285 4 1
-131 -284 2 1
-131 -284 3 2
-131 -284 4 1
-131 -283 2 1
-131 -283 3 1
-131 -283 4 1
-130 -285 2 1
-130 -285 3 1
-130 -285 4 1
-129 -285 2 1
-129 -285 3 1
-129 -285 4 1
-127 -282 5 0
-128 -282 5 0
-125 -286 2 1
-125 -286 3 1
-125 -285 2 1
-147 -259 14 0
-140 -262 14 0
-141 -262 14 0
-142 -261 14 0
-143 -260 14 0
-142 -277 18 0
-141 -277 19 0
-141 -273 17 0
-141 -273 18 0
-145 -271 18 0
-142 -277 13 1
-147 -273 12 0
-140 -273 12 1
-127 -268 5 1
-130 -266 7 1
-124 -266 5 0
-125 -266 5 0
-126 -266 6 0
-129 -270 6 0
-129 -269 6 1
-129 -268 6 1
-129 -267 6 1
-125 -269 7 0
-125 -268 7 0
-126 -267 7 0
-127 -267 7 0
-124 -264 8 0
-127 -270 8 0
-127 -269 8 0
-128 -267 7 0
-124 -267 9 0
-127 -266 8 0
-128 -266 7 0
-128 -265 2 1
-127 -265 2 1
-127 -266 2 1
-102 -252 3 1
-101 -253 4 0
-102 -256 4 0
-101 -256 4 0
-103 -254 5 0
-129 -257 5 1
-129 -257 4 1
-129 -258 5 1
-129 -258 4 1
-128 -254 5 1
-130 -258 8 1
-130 -258 7 1
-130 -258 6 2
-145 -287 7 1
-144 -289 7 0
-140 -289 8 0
-146 -290 9 0
-146 -289 9 0
-142 -290 10 0
-142 -289 9 0
-148 -278 13 0
-150 -274 12 0
-150 -273 16 0
-150 -274 16 0
-149 -276 16 0
-145 -279 18 0
-150 -276 17 0
-146 -275 19 0
-127 -254 4 1
-127 -254 3 1
-127 -255 3 1
-126 -260 6 1
-124 -254 7 1
-126 -258 8 1
-123 -255 8 0
-130 -257 8 1
-128 -261 9 1
-126 -260 9 1
-120 -259 11 0
-121 -255 12 0
-144 -289 11 0
-141 -286 10 0
-140 -287 10 0
-143 -287 9 0
-142 -288 9 0
-149 -276 11 0
-147 -276 17 0
-147 -276 19 0
-147 -276 20 0
-148 -275 17 0
-148 -274 19 0
-148 -274 20 0
-147 -278 18 0
-146 -279 19 0
-145 -275 18 0
-149 -273 18 0
-144 -278 18 0
-143 -275 16 0
-148 -272 16 0
-147 -274 14 0
-149 -278 13 0
-148 -275 14 0
-124 -280 3 2
-132 -258 18 0
-132 -258 17 0
-131 -257 16 0
-130 -257 18 0
-120 -276 4 1
-120 -275 2 1
-120 -275 4 1
-119 -283 3 2
-146 -266 10 2
-138 -252 12 1
-144 -255 11 2
-113 -278 5 0
-113 -279 1 1
-109 -278 4 1
-132 -256 12 0
-109 -278 2 1
-109 -279 4 1
-127 -268 4 2
-127 -268 3 2
-131 -264 3 1
-131 -268 3 1
-108 -262 2 2
-108 -261 3 1
-113 -257 3 1
-109 -252 4 0
-109 -253 4 0
-111 -261 4 0
-110 -260 4 0
-107 -276 6 0
-101 -275 5 0
-101 -275 6 0
-102 -275 6 0
-105 -279 6 0
-126 -263 10 0
-126 -263 11 0
-105 -276 6 0
-102 -271 6 0
-125 -280 9 0
-125 -267 13 0
-126 -267 13 0
-126 -263 12 0
-103 -279 4 1
-126 -269 13 0
-121 -261 15 0
-127 -262 14 0
-121 -274 8 0
-124 -277 8 0
-124 -277 7 0
-125 -278 6 0
-120 -274 14 0
-124 -273 7 0
-124 -272 7 0
-105 -270 3 1
-122 -275 8 0
-122 -275 7 0
-121 -276 6 0
-121 -276 5 0
-120 -276 13 0
-125 -275 6 0
-125 -275 5 0
-120 -273 11 0
-123 -274 5 0
-128 -263 14 0
-128 -264 14 0
-125 -268 15 0
-120 -275 10 0
-127 -267 14 0
-131 -262 15 0
-121 -274 12 0
-139 -283 15 0
-140 -282 13 0
-141 -278 16 0
-134 -265 11 1
-134 -265 10 1
-133 -265 10 1
-137 -269 10 0
-137 -259 9 1
-137 -263 9 2
-138 -264 8 2
-138 -263 8 2
-138 -262 8 1
-137 -264 8 2
-145 -257 7 1
-145 -258 9 1
-145 -258 8 1
-145 -258 7 1
-127 -268 14 0
-145 -276 20 0
-147 -275 17 0
-147 -274 19 0
-146 -273 20 0
-146 -275 16 0
-144 -274 18 0
-144 -274 19 0
-148 -273 18 0
-143 -277 17 0
-143 -277 18 0
-146 -274 16 0
-145 -275 16 0
-146 -277 14 0
-143 -274 12 0
-147 -274 13 0
-148 -276 12 0
-146 -275 11 0
-144 -275 20 0
-147 -277 19 0
-147 -277 20 0
-128 -262 13 1
-128 -261 13 1
-124 -277 13 0
-122 -254 9 0
-125 -253 10 2
-126 -253 8 2
-123 -252 8 0
-124 -254 16 0
-143 -251 12 2
-145 -265 10 2
-147 -252 16 0
-145 -265 9 1
-107 -274 5 0
-105 -274 4 1
-105 -274 3 1
-117 -280 1 1
-117 -280 2 2
-117 -280 3 1
-117 -279 1 1
-117 -279 3 1
-117 -278 1 1
-117 -278 2 2
-149 -269 17 0
-150 -269 18 0
-145 -269 15 0
-144 -269 16 0
-144 -268 17 0
-143 -268 17 0
-147 -272 16 0
-147 -274 17 0
-147 -268 16 0
-149 -299 6 1
-149 -299 5 1
-114 -251 2 2
-114 -251 1 1
-114 -252 3 1
-114 -252 2 2
-114 -252 1 1
-115 -251 3 1
-115 -251 2 2
-115 -251 1 1
-116 -277 9 0
-117 -276 9 0
-118 -275 9 0
-123 -278 10 0
-122 -277 10 0
-115 -273 10 0
-116 -273 10 0
-119 -274 9 0
-123 -272 10 0
-116 -251 13 0
-101 -281 5 1
-101 -281 4 1
-101 -281 3 1
-126 -270 7 0
-125 -270 6 0
-124 -271 6 0
-127 -269 6 0
-125 -268 4 1
-125 -272 3 1
-125 -272 4 1
-125 -272 5 1
-125 -271 3 2
-125 -271 4 1
-125 -271 5 1
-125 -270 3 2
-125 -270 4 1
-125 -270 5 1
-125 -265 3 2
-131 -276 6 0
-137 -277 6 1
-138 -277 6 1
-139 -278 5 1
-126 -271 11 0
-127 -268 9 0
-125 -268 10 0
-126 -266 9 0
-124 -268 8 0
-103 -254 4 0
-104 -254 4 0
-105 -253 4 0
-101 -256 3 1
-102 -257 4 0
-102 -258 4 0
-103 -259 4 0
-103 -260 4 0
-102 -256 3 1
-103 -256 3 1
-104 -256 3 1
-105 -256 3 1
-101 -257 3 0
-101 -258 3 1
-104 -252 2 2
-105 -253 1 1
-105 -253 2 2
-105 -253 3 1
-105 -252 1 1
-105 -252 2 2
-105 -252 3 1
-105 -251 1 1
-105 -251 2 2
-105 -251 3 1
-104 -253 1 1
-104 -253 2 2
-104 -253 3 1
-104 -252 1 1
-104 -252 3 1
-104 -251 1 1
-104 -251 2 2
-104 -251 3 1
-103 -253 1 1
-103 -253 2 2
-103 -253 3 1
-104 -258 2 2
-105 -259 1 1
-105 -259 2 2
-105 -259 3 1
-105 -258 1 1
-105 -258 2 2
-105 -258 3 1
-105 -257 1 1
-105 -257 2 2
-105 -257 3 1
-104 -259 1 1
-104 -259 2 2
-104 -259 3 1
-104 -258 1 1
-104 -258 3 1
-104 -257 1 1
-104 -257 2 2
-104 -257 3 1
-103 -259 1 1
-103 -259 2 2
-103 -259 3 1
-103 -258 3 1
-103 -257 3 1
-102 -257 3 1
-101 -251 0 1
-130 -251 9 1
-103 -255 2 2
-104 -256 1 1
-104 -256 2 2
-104 -255 1 1
-104 -255 2 2
-104 -254 1 1
-104 -254 2 2
-104 -254 3 1
-103 -255 1 1
-114 -255 4 0
-117 -261 3 1
-117 -262 3 2
-121 -255 2 1
-121 -255 3 2
-121 -255 4 1
-121 -254 2 1
-121 -254 3 1
-121 -254 4 1
-121 -253 2 1
-121 -253 3 1
-121 -253 4 1
-120 -259 3 2
-121 -260 2 1
-121 -260 3 2
-121 -260 4 1
-121 -259 2 1
-121 -259 3 2
-121 -259 4 1
-146 -283 7 2
-145 -283 5 2
-145 -283 6 1
-145 -283 7 2
-148 -282 4 1
-148 -282 5 2
-148 -281 4 1
-148 -281 5 2
-148 -281 6 1
-148 -280 4 1
-147 -282 4 1
-145 -280 12 0
-146 -283 10 0
-147 -278 10 0
-148 -277 11 0
-145 -282 9 0
-145 -283 9 0
-114 -253 5 0
-149 -279 10 0
-150 -278 10 0
-138 -282 14 0
-110 -252 6 0
-110 -251 6 0
-111 -251 6 0
-137 -265 6 1
-139 -267 11 1
-140 -268 12 0
-142 -267 8 2
-142 -267 10 2
-142 -266 9 1
-142 -265 8 1
-142 -265 9 1
-112 -253 7 0
-142 -265 10 2
-136 -269 9 1
-140 -270 7 1
-111 -279 2 1
-115 -274 2 2
-149 -285 9 0
-120 -278 4 1
-119 -278 6 0
-115 -253 9 0
-114 -252 8 0
-143 -280 13 0
-144 -253 17 0
-144 -254 16 0
-150 -254 18 0
-144 -257 18 0
-145 -257 18 0
-112 -251 10 0
-112 -251 9 0
-142 -258 16 0
-141 -258 17 0
-149 -259 17 0
-120 -278 3 2
-120 -278 2 1
-112 -275 9 0
-108 -272 8 0
-108 -271 8 0
-131 -266 14 0
-149 -255 13 1
-140 -282 11 0
-146 -278 11 0
-143 -286 11 0
-137 -253 18 0
-135 -251 16 0
-141 -256 9 1
-148 -260 7 1
-148 -259 7 1
-147 -260 7 1
-150 -263 12 0
-130 -260 10 0
-135 -251 14 0
-145 -263 9 1
-145 -263 10 2
-145 -263 11 1
-144 -265 9 2
-144 -265 10 1
-136 -253 12 1
-123 -260 13 0
-122 -260 13 0
-121 -260 13 0
-116 -275 5 0
-126 -277 8 0
-132 -270 14 0
-132 -270 11 2
-132 -271 13 1
-109 -277 2 1
-141 -278 5 2
-141 -277 3 1
-141 -277 4 1
-126 -270 13 0
-125 -277 7 0
-149 -256 15 0
-142 -253 15 0
-143 -253 15 0
-140 -278 11 2
-138 -275 12 2
-142 -277 11 1
-143 -279 10 0
-143 -275 9 1
-140 -273 9 1
-139 -282 6 1
-140 -278 7 2
-139 -274 5 1
-138 -252 11 2
-103 -275 4 1
-103 -274 2 1
-103 -274 3 2
-103 -274 4 1
-130 -276 14 0
-135 -273 14 0
-134 -272 14 0
-128 -272 14 0
-130 -272 13 0
-132 -274 15 0
-135 -271 16 0
-129 -274 16 0
-132 -277 6 0
-138 -278 6 0
-140 -279 5 1
-135 -279 5 0
-134 -280 5 0
-139 -277 5 1
-139 -277 6 1
-139 -277 7 1
-114 -282 8 0
-122 -251 13 0
-123 -252 13 0
-111 -279 9 0
-119 -251 12 0
-119 -252 12 0
-140 -277 13 1
-142 -276 11 1
-139 -282 10 0
-139 -283 10 0
-140 -282 8 0
-141 -284 8 0
-143 -284 4 1
-143 -283 4 1
-139 -276 13 1
-141 -275 11 1
-135 -282 9 0
-139 -284 8 0
-137 -283 6 1
-137 -278 13 0
-138 -276 13 1
-136 -281 13 0
-140 -274 11 1
-137 -282 10 0
-137 -283 10 0
-142 -276 10 1
-134 -281 9 0
-138 -283 8 0
-136 -282 6 0
-136 -279 5 0
-141 -283 12 0
-143 -276 12 0
-143 -277 12 0
-117 -251 9 0
-131 -265 11 2
-132 -270 9 2
-128 -257 11 1
-131 -268 11 2
-127 -258 12 1
-127 -259 12 1
-142 -264 9 2
-101 -256 7 0
-103 -257 6 0
-103 -257 7 0
-103 -257 8 0
-102 -253 8 0
-101 -257 6 0
-103 -256 5 0
-104 -256 6 0
-105 -255 6 0
-105 -255 7 0
-102 -258 5 0
-103 -259 6 0
-103 -260 6 0
-103 -253 5 0
-104 -252 6 0
-103 -256 4 0
-103 -257 4 0
-106 -258 5 0
-101 -260 4 0
-148 -284 8 1
-103 -255 4 0
-105 -254 4 0
-106 -253 4 0
-103 -258 4 0
-104 -258 4 0
-104 -259 4 0
-105 -260 4 0
-102 -253 3 1
-150 -264 10 2
-116 -251 1 1
-116 -251 2 2
-116 -251 3 1
-114 -261 8 0
-117 -264 10 0
-117 -263 9 0
-131 -258 8 2
-131 -260 9 1
-143 -288 12 0
-145 -287 9 0
-146 -289 11 0
-146 -290 12 0
-142 -287 10 0
-141 -287 11 0
-144 -288 9 0
-144 -289 9 0
-144 -290 10 0
-142 -259 12 1
-143 -291 10 0
-146 -288 9 0
-147 -289 9 0
-148 -290 9 0
-142 -289 8 0
-141 -289 8 0
-145 -287 8 0
-145 -288 8 0
-145 -290 8 0
-145 -291 7 0
-144 -288 7 1
-143 -290 6 0
-147 -291 4 1
-147 -291 5 2
-147 -291 6 1
-147 -290 4 1
-147 -290 5 2
-147 -290 6 1
-147 -289 4 1
-147 -289 5 2
-147 -289 6 1
-146 -291 4 2
-146 -291 5 2
-146 -291 6 1
-146 -290 6 1
-146 -289 6 1
-130 -265 13 1
-121 -273 5 0
-121 -273 6 0
-123 -275 6 0
-123 -275 7 0
-119 -276 5 0
-121 -275 8 0
-140 -263 11 2
-141 -262 12 1
-141 -278 14 0
-141 -279 13 0
-142 -280 13 0
-149 -264 15 0
-150 -264 13 0
-148 -265 9 1
-148 -265 10 2
-148 -265 11 1
-147 -265 9 1
-147 -265 10 2
-147 -265 11 1
-118 -277 3 2
-118 -277 2 1
-118 -278 4 1
-108 -274 5 0
-110 -276 3 2
-110 -276 2 1
-106 -275 5 0
-119 -280 7 0
-120 -274 7 0
-120 -272 7 0
-120 -276 7 0
-149 -256 14 0
-149 -257 13 1
-149 -252 11 1
-146 -253 13 1
-145 -253 13 1
-138 -266 9 1
-130 -271 14 0
-127 -266 13 0
-134 -270 13 1
-137 -266 8 2
-147 -259 10 2
-129 -265 12 1
-129 -264 12 1
-128 -263 12 0
-132 -270 12 2
-101 -257 2 1
-140 -257 8 1
-140 -257 9 1
-140 -259 19 0
-139 -261 16 0
-143 -256 10 2
-143 -257 12 2
-143 -257 11 2
-143 -257 10 1
-144 -257 12 1
-144 -257 11 2
-150 -252 18 0
-127 -267 13 0
-129 -261 13 2
-145 -252 10 1
-143 -254 10 1
-132 -271 10 2
-132 -266 11 2
-132 -266 10 2
-141 -262 13 0
-150 -262 16 0
-108 -277 11 0
-108 -277 9 0
-111 -277 1 1
-111 -278 1 1
-131 -256 9 1
-131 -256 10 0
-131 -256 11 0
-134 -257 10 1
-133 -257 11 1
-133 -257 12 0
-110 -277 9 0
-109 -278 9 0
-115 -271 9 0
-113 -277 4 1
-113 -276 4 1
-118 -282 3 2
-143 -260 11 2
-142 -260 10 1
-142 -260 11 2
-135 -279 7 0
-135 -260 7 1
-138 -280 7 0
-137 -280 7 0
-137 -280 8 0
-136 -280 9 0
-133 -281 7 0
-134 -280 8 0
-134 -280 9 0
-150 -261 13 0
-142 -265 11 1
-150 -259 13 1
-150 -258 13 1
-133 -271 16 0
-138 -268 5 1
-132 -269 14 0
-128 -265 16 0
-129 -265 15 0
-131 -269 11 2
-120 -273 7 0
-120 -273 6 0
-132 -268 11 1
-132 -263 10 1
-126 -251 14 0
-140 -270 8 2
-130 -252 16 0
-136 -271 9 2
-129 -252 14 0
-126 -254 16 0
-126 -254 15 0
-143 -261 10 2
-142 -266 10 2
-130 -254 12 0
-131 -254 12 0
-137 -268 6 1
-125 -252 12 1
-150 -295 7 1
-150 -295 6 2
-150 -295 5 1
-150 -296 7 1
-150 -296 6 2
-150 -296 5 1
-150 -297 6 1
-150 -297 5 1
-147 -299 6 1
-148 -299 6 1
-149 -299 7 1
-150 -299 7 1
-132 -267 7 1
-132 -265 8 2
-134 -265 9 1
-136 -265 6 1
-136 -264 6 1
-105 -268 7 0
-106 -269 9 0
-104 -268 5 0
-103 -268 6 0
-103 -269 7 0
-103 -269 8 0
-102 -270 9 0
-105 -267 6 0
-106 -267 7 0
-107 -267 7 0
-150 -254 13 1
-132 -253 9 2
-131 -252 10 1
-139 -266 12 0
-140 -262 13 0
-150 -283 11 0
-147 -283 16 0
-147 -283 17 0
-147 -282 14 0
-147 -282 15 0
-145 -281 16 0
-145 -281 17 0
-148 -284 14 0
-149 -285 15 0
-149 -277 10 0
-150 -274 10 1
-150 -278 9 1
-150 -276 6 1
-150 -275 6 1
-150 -274 6 1
-132 -254 15 0
-131 -255 14 0
-112 -281 7 0
-127 -261 15 0
-132 -258 15 0
-130 -257 14 0
-129 -259 16 0
-129 -259 15 0
-129 -258 15 0
-132 -256 17 0
-131 -256 16 0
-131 -257 9 1
-131 -257 10 0
-130 -257 12 0
-130 -259 11 1
-133 -255 11 1
-132 -255 11 0
-131 -256 12 0
-127 -260 11 1
-127 -259 11 1
-131 -258 13 0
-132 -258 12 1
-132 -258 11 1
-132 -258 10 1
-132 -259 12 1
-132 -259 10 1
-132 -260 12 2
-132 -260 11 1
-142 -286 8 1
-139 -289 9 0
-140 -288 9 0
-140 -286 8 1
-107 -272 4 0
-108 -272 5 0
-109 -273 6 0
-115 -272 5 0
-113 -273 6 0
-109 -277 5 0
-109 -276 5 0
-109 -276 6 0
-110 -275 6 0
-110 -269 5 0
-110 -270 6 0
-110 -271 6 0
-117 -272 12 0
-116 -272 13 0
-122 -272 9 0
-121 -278 12 0
-121 -272 11 0
-121 -271 11 0
-122 -270 12 0
-117 -275 11 0
-116 -275 11 0
-116 -275 12 0
-119 -272 10 0
-118 -271 10 0
-130 -256 16 0
-112 -279 9 0
-113 -279 9 0
-114 -279 8 0
-117 -276 8 0
-117 -282 10 0
-117 -281 9 0
-117 -280 9 0
-114 -276 9 0
-114 -280 11 0
-115 -280 10 0
-115 -278 12 0
-126 -277 9 0
-125 -279 8 0
-125 -280 8 0
-129 -275 9 0
-147 -259 18 0
-144 -260 17 0
-148 -261 14 0
-146 -270 9 1
-145 -269 10 2
-147 -275 11 0
-147 -274 11 0
-147 -274 12 0
-148 -267 11 1
-148 -268 12 0
-144 -272 12 0
-145 -272 12 0
-146 -272 13 0
-147 -272 13 0
-105 -277 4 1
-150 -277 7 1
-147 -276 5 1
-135 -256 11 1
-134 -256 12 0
-124 -273 8 0
-119 -251 7 0
-115 -251 9 0
-115 -251 8 0
-116 -251 8 0
-117 -252 7 0
-117 -252 6 0
-121 -252 9 0
-116 -255 10 0
-116 -255 9 0
-117 -254 8 0
-118 -251 9 0
-118 -251 8 0
-118 -252 7 0
-119 -253 8 0
-117 -253 11 0
-117 -253 10 0
-117 -253 9 0
-149 -260 10 2
-150 -261 12 0
-150 -262 12 0
-150 -254 14 0
-147 -252 11 1
-150 -254 15 0
-147 -257 18 0
-148 -254 9 1
-141 -253 12 1
-141 -253 11 2
-141 -253 10 2
-142 -253 12 1
-142 -253 11 2
-137 -263 16 0
-144 -266 13 0
-145 -266 8 1
-145 -265 8 2
-144 -266 8 1
-143 -284 11 0
-143 -278 10 0
-144 -278 11 0
-144 -279 11 0
-144 -280 12 0
-144 -265 8 1
-143 -266 8 1
-143 -265 8 1
-143 -265 12 0
-139 -263 20 0
-142 -264 19 0
-140 -260 19 0
-139 -265 19 0
-143 -262 18 0
-144 -262 18 0
-137 -261 18 0
-141 -266 17 0
-140 -262 15 0
-139 -267 16 0
-143 -261 16 0
-139 -261 19 0
-139 -261 20 0
-141 -263 19 0
-139 -263 18 0
-138 -264 19 0
-142 -261 17 0
-143 -261 18 0
-139 -260 19 0
-138 -260 20 0
-141 -261 19 0
-119 -277 8 0
-118 -251 16 0
-118 -280 8 0
-118 -274 7 0
-122 -280 7 0
-122 -281 7 0
-121 -251 14 0
-121 -252 15 0
-128 -287 3 1
-128 -287 4 1
-128 -286 2 1
-128 -286 3 1
-128 -286 4 1
-129 -283 5 0
-133 -281 3 2
-134 -282 2 1
-134 -282 3 2
-134 -282 4 1
-134 -281 2 1
-134 -281 3 1
-134 -281 4 1
-134 -280 2 1
-134 -280 3 2
-134 -280 4 1
-133 -282 2 1
-133 -282 3 2
-133 -282 4 1
-133 -281 2 1
-133 -281 4 1
-133 -280 2 1
-133 -280 3 2
-133 -280 4 1
-132 -286 2 1
-132 -286 3 1
-132 -286 4 1
-132 -285 2 1
-132 -285 3 2
-132 -285 4 1
-132 -284 2 1
-132 -284 3 2
-131 -286 2 1
-131 -286 3 1
-118 -254 10 0
-117 -257 9 0
-120 -251 8 0
-119 -255 7 0
-118 -255 7 0
-117 -255 7 0
-120 -254 6 0
-118 -252 6 0
-121 -253 10 0
-119 -258 10 0
-119 -254 8 0
-118 -253 9 0
-118 -253 10 0
-119 -252 8 0
-120 -259 7 0
-119 -260 8 0
-134 -282 14 0
-136 -282 12 0
-135 -274 11 1
-120 -283 8 0
-123 -281 7 0
-118 -282 6 0
-117 -284 6 0
-123 -276 6 0
-121 -282 5 0
-121 -283 5 0
-115 -282 5 0
-120 -279 5 0
-119 -284 4 1
-123 -283 2 1
-123 -283 3 1
-123 -283 4 1
-123 -282 2 1
-123 -282 3 2
-123 -282 4 1
-123 -281 2 1
-123 -281 3 1
-123 -281 4 1
-122 -283 2 1
-122 -283 3 1
-122 -283 4 1
-121 -283 2 1
-121 -283 3 1
-121 -283 4 1
-121 -281 9 0
-119 -281 7 0
-120 -281 6 0
-121 -283 8 0
-121 -280 5 0
-123 -281 6 0
-124 -281 7 0
-118 -284 6 0
-138 -255 15 0
-136 -256 15 0
-133 -261 16 0
-101 -268 3 1
-101 -266 6 0
-137 -251 14 0
-145 -270 15 0
-144 -271 16 0
-143 -271 16 0
-142 -271 16 0
-147 -267 14 0
-147 -265 14 0
-143 -272 14 0
-142 -273 14 0
-145 -268 14 0
-144 -268 14 0
-144 -267 14 0
-146 -273 13 0
-142 -270 12 0
-148 -269 13 0
-101 -254 7 0
-121 -261 9 0
-129 -257 3 1
-129 -258 3 1
-129 -259 3 1
-124 -253 7 1
-127 -253 14 0
-128 -251 15 0
-149 -257 14 0
-111 -283 3 1
-111 -283 4 1
-111 -283 5 1
-111 -282 3 1
-111 -282 5 1
-110 -282 3 1
-141 -259 8 1
-141 -260 8 1
-110 -281 4 2
-142 -259 8 1
-142 -260 8 1
-140 -276 7 1
-140 -276 8 1
-135 -278 7 0
-135 -280 6 0
-134 -278 5 1
-133 -279 5 0
-138 -276 7 2
-138 -275 5 1
-138 -274 5 1
-138 -279 2 1
-138 -279 3 2
-138 -279 4 1
-138 -278 2 1
-138 -278 3 1
-138 -278 4 1
-138 -277 2 1
-138 -277 3 1
-138 -277 4 2
-133 -277 3 1
-136 -274 3 1
-136 -273 3 1
-135 -276 11 1
-136 -273 11 2
-138 -275 10 1
-139 -275 11 1
-136 -278 7 0
-136 -280 6 0
-132 -276 6 0
-137 -277 7 1
-139 -278 6 1
-134 -279 5 0
-138 -280 2 1
-125 -257 2 1
-125 -258 2 1
-122 -254 5 1
-123 -259 5 0
-101 -280 7 0
-102 -277 9 0
-103 -278 10 0
-102 -280 9 0
-147 -251 17 0
-143 -254 18 0
-101 -264 1 1
-101 -264 3 1
-101 -263 1 1
-102 -266 5 0
-142 -251 17 0
-123 -253 6 0
-123 -254 6 0
-131 -257 5 1
-142 -253 13 1
-138 -253 14 0
-147 -257 10 2
-107 -275 1 1
-107 -276 1 1
-108 -275 1 1
-108 -276 1 1
-104 -275 5 0
-102 -275 4 1
-102 -275 3 2
-102 -275 2 1
-102 -276 4 1
-102 -276 3 2
-102 -276 2 1
-102 -277 4 1
-102 -277 3 2
-133 -266 12 2
-134 -266 12 1
-135 -266 12 0
-136 -266 13 0
-148 -254 17 0
-136 -252 11 1
-143 -254 15 0
-144 -254 15 0
-145 -259 16 0
-145 -258 15 0
-145 -259 12 1
-106 -271 3 1
-106 -271 1 1
-123 -265 13 0
-122 -266 13 0
-122 -259 12 0
-133 -251 16 0
-126 -268 12 0
-125 -259 10 1
-125 -265 11 0
-124 -267 10 0
-116 -280 3 1
-116 -279 1 1
-116 -275 7 0
-119 -282 6 0
-119 -283 6 0
-114 -279 5 0
-122 -281 5 0
-117 -282 6 0
-117 -283 6 0
-114 -278 6 0
-141 -251 12 1
-127 -268 17 0
-140 -252 12 1
-126 -264 15 0
-125 -264 16 0
-129 -269 15 0
-130 -263 15 0
-127 -270 14 0
-127 -271 14 0
-131 -254 14 0
-119 -277 1 1
-119 -278 1 1
-119 -279 1 1
-117 -271 8 0
-117 -270 7 0
-117 -269 7 0
-117 -276 7 0
-116 -277 7 0
-116 -277 6 0
-119 -273 8 0
-121 -273 7 0
-117 -273 8 0
-125 -255 8 1
-125 -255 9 1
-125 -256 10 1
-128 -257 8 2
-127 -257 9 2
-127 -257 10 2
-128 -262 9 0
-125 -266 9 0
-128 -265 11 0
-127 -264 10 0
-144 -255 10 1
-144 -255 12 1
-144 -254 10 1
-144 -262 14 0
-134 -263 8 2
-139 -261 9 1
-135 -261 10 1
-135 -260 9 2
-105 -275 6 0
-128 -254 13 0
-128 -253 13 0
-129 -253 14 0
-150 -256 12 1
-124 -254 13 1
-123 -254 13 0
-122 -254 13 0
-121 -254 14 0
-139 -258 15 0
-140 -258 15 0
-141 -258 15 0
-130 -258 13 0
-134 -253 13 0
-133 -254 13 0
-133 -255 13 0
-132 -255 13 0
-136 -257 14 1
-112 -274 6 0
-112 -274 3 1
-112 -274 2 2
-112 -274 1 1
-112 -275 3 1
-112 -275 2 2
-113 -275 2 2
-113 -275 1 1
-135 -259 18 0
-137 -254 18 0
-137 -255 18 0
-137 -255 17 0
-137 -256 16 0
-138 -258 17 0
-136 -257 19 0
-104 -272 9 0
-134 -259 13 2
-150 -277 11 0
-101 -255 9 0
-101 -257 7 0
-102 -257 8 0
-101 -253 7 0
-101 -255 5 0
-102 -255 5 0
-101 -258 4 0
-101 -254 3 1
-101 -253 9 0
-101 -255 8 0
-102 -255 8 0
-101 -252 7 0
-102 -251 7 0
-101 -258 6 0
-101 -254 6 0
-102 -254 6 0
-129 -251 4 1
-122 -251 10 0
-124 -270 3 2
-124 -270 2 1
-124 -271 4 1
-124 -271 3 1
-124 -271 2 1
-124 -267 4 1
-125 -267 6 0
-126 -271 6 0
-123 -269 6 0
-124 -269 6 0
-123 -267 8 0
-125 -268 8 0
-123 -270 10 0
-124 -270 9 0
-125 -269 9 0
-125 -267 10 0
-128 -269 10 0
-127 -268 10 0
-137 -274 3 1
-137 -275 3 1
-137 -276 3 1
-138 -274 4 1
-138 -274 3 1
-125 -269 4 1
-125 -269 3 1
-125 -269 2 1
-125 -270 2 1
-125 -271 2 1
-126 -269 3 1
-126 -269 2 1
-126 -270 2 1
-126 -271 2 1
-127 -269 2 1
-127 -270 2 1
-135 -281 7 0
-135 -281 8 0
-136 -281 9 0
-136 -280 10 0
-137 -280 10 0
-138 -277 7 1
-147 -256 8 1
-148 -256 7 1
-149 -256 7 1
-149 -257 8 1
-149 -257 7 1
-149 -258 7 1
-140 -254 17 0
-144 -253 18 0
-143 -252 9 1
-144 -252 9 1
-110 -282 8 0
-131 -257 19 0
-128 -253 4 1
-128 -252 4 1
-120 -254 13 0
-133 -257 6 1
-133 -251 6 1
-107 -256 6 0
-106 -256 5 0
-106 -257 4 0
-103 -259 7 0
-104 -259 7 0
-104 -258 6 0
-105 -254 8 0
-105 -256 4 0
-107 -258 8 0
-106 -258 7 0
-106 -258 6 0
-104 -257 8 0
-104 -257 7 0
-142 -259 10 1
-131 -256 15 0
-128 -259 18 0
-128 -259 17 0
-125 -255 16 0
-125 -256 15 0
-125 -257 14 0
-127 -259 17 0
-149 -256 13 1
-149 -256 12 1
-106 -255 3 1
-106 -255 2 2
-106 -255 1 1
-106 -256 2 2
-106 -256 1 1
-102 -260 1 1
-102 -260 0 1
-103 -260 2 2
-103 -260 1 1
-103 -260 0 1
-107 -257 3 1
-107 -257 2 2
-107 -257 1 1
-107 -258 3 1
-107 -258 2 2
-107 -258 1 1
-107 -259 3 1
-107 -259 2 2
-107 -259 1 1
-107 -251 3 1
-107 -251 2 2
-107 -251 1 1
-107 -252 3 1
-107 -252 1 1
-107 -253 3 1
-107 -253 2 1
-107 -253 1 1
-108 -251 3 1
-108 -251 2 2
-108 -251 1 1
-108 -252 3 1
-108 -252 2 2
-108 -252 1 1
-108 -253 3 1
-108 -253 2 2
-108 -253 1 1
-107 -252 2 2
-104 -261 2 2
-103 -260 3 1
-108 -256 3 1
-104 -251 4 0
-104 -252 4 0
-106 -260 4 0
-105 -259 4 0
-108 -254 4 0
-107 -254 4 0
-106 -255 4 0
-105 -255 4 0
-102 -261 5 0
-102 -260 5 0
-108 -258 5 0
-107 -258 5 0
-106 -257 5 0
-105 -257 4 0
-105 -253 6 0
-104 -254 5 0
-104 -255 4 0
-123 -253 16 0
-123 -253 15 0
-124 -261 14 0
-133 -263 13 1
-144 -253 16 0
-144 -261 11 1
-129 -259 12 1
-130 -259 12 1
-131 -282 6 0
-126 -285 6 0
-130 -277 6 0
-132 -286 7 0
-132 -285 6 0
-131 -284 6 0
-130 -283 6 0
-131 -281 7 0
-128 -287 7 0
-128 -286 7 0
-129 -285 7 0
-134 -263 13 0
-135 -262 13 0
-130 -252 15 0
-130 -253 15 0
-130 -254 16 0
-113 -279 2 1
-113 -280 4 1
-113 -280 3 2
-113 -280 2 1
-114 -278 4 1
-114 -279 4 1
-114 -280 4 1
-115 -278 4 1
-115 -280 4 1
-119 -281 8 0
-116 -274 2 2
-145 -268 17 0
-116 -275 3 1
-117 -280 5 0
-109 -280 5 1
-113 -281 3 2
-113 -282 2 1
-113 -282 3 1
-109 -278 3 2
-121 -263 3 2
-121 -263 4 1
-128 -276 10 0
-132 -279 9 0
-129 -277 10 0
-124 -277 9 0
-125 -277 9 0
-122 -263 9 0
-121 -263 9 0
-120 -264 10 0
-119 -260 10 0
-129 -254 13 0
-121 -254 12 0
-123 -256 11 0
-123 -257 10 0
-129 -253 10 0
-134 -287 6 0
-134 -288 6 0
-129 -284 5 0
-138 -286 4 2
-139 -287 3 1
-139 -287 4 1
-136 -283 2 1
-136 -283 3 2
-136 -283 4 1
-134 -283 5 0
-114 -259 3 1
-114 -259 2 2
-114 -255 1 1
-111 -262 2 1
-111 -261 3 1
-115 -258 3 1
-111 -253 4 0
-111 -254 4 0
-113 -262 4 0
-113 -261 4 0
-112 -260 4 0
-112 -259 4 0
-115 -255 5 0
-114 -256 4 0
-113 -256 4 0
-126 -261 4 1
-126 -260 2 1
-126 -260 3 1
-126 -260 4 2
-126 -259 2 1
-126 -259 3 1
-121 -252 2 1
-121 -252 3 2
-121 -252 4 1
-121 -251 2 1
-121 -251 3 2
-121 -251 4 1
-120 -251 2 1
-120 -251 3 2
-120 -251 4 1
-119 -251 2 1
-113 -270 6 0
-116 -266 5 0
-111 -270 5 0
-114 -268 4 0
-114 -269 4 0
-124 -255 11 1
-123 -256 9 0
-127 -255 9 1
-125 -253 8 1
-118 -275 5 0
-146 -285 13 0
-147 -283 13 0
-111 -266 10 0
-111 -266 11 0
-149 -289 5 2
-149 -289 4 1
-149 -290 6 1
-145 -290 4 2
-145 -290 3 1
-146 -288 5 2
-146 -288 4 1
-114 -283 3 2
-114 -283 4 1
-114 -283 5 1
-114 -282 5 1
-113 -283 3 1
-113 -283 4 1
-113 -283 5 1
-116 -273 3 1
-146 -288 3 1
-118 -281 1 1
-117 -281 1 1
-116 -281 1 1
-146 -289 5 2
-146 -289 4 1
-146 -289 3 1
-146 -290 5 2
-146 -290 4 1
-146 -290 3 1
-145 -289 4 2
-142 -289 6 1
-143 -288 7 1
-143 -288 6 1
-143 -289 7 1
-143 -289 6 1
-141 -288 12 0
-142 -287 11 0
-145 -287 13 0
-144 -286 11 0
-142 -285 12 0
-144 -285 4 1
-142 -289 4 1
-142 -289 3 1
-143 -287 4 1
-143 -287 3 1
-143 -288 5 1
-143 -288 3 1
-143 -289 5 1
-143 -289 4 2
-143 -289 3 1
-128 -278 11 0
-127 -273 12 0
-127 -274 12 0
-104 -274 7 0
-103 -274 7 0
-102 -274 7 0
-101 -274 8 0
-108 -278 7 0
-105 -273 7 0
-106 -270 7 0
-126 -252 15 0
-126 -252 14 0
-128 -255 17 0
-124 -261 8 0
-127 -258 11 1
-141 -256 16 0
-121 -257 12 0
-128 -260 10 2
-129 -260 9 1
-130 -261 9 1
-124 -261 9 0
-124 -262 8 0
-131 -268 14 0
-133 -264 13 1
-137 -266 16 0
-108 -257 4 0
-107 -257 6 0
-107 -257 7 0
-139 -267 17 0
-109 -258 6 0
-116 -253 6 0
-122 -259 6 0
-120 -258 5 0
-142 -278 9 1
-141 -281 9 0
-142 -276 9 1
-142 -275 10 1
-139 -283 9 0
-144 -277 8 2
-144 -277 9 1
-144 -276 7 1
-144 -276 8 2
-144 -275 7 2
-144 -275 8 1
-143 -277 9 1
-143 -276 9 1
-142 -277 9 1
-141 -282 7 0
-141 -283 6 1
-148 -292 11 0
-148 -292 12 0
-147 -292 13 0
-150 -294 13 0
-148 -291 11 0
-147 -294 12 0
-147 -291 10 0
-145 -290 12 0
-146 -293 10 0
-145 -294 10 0
-144 -294 11 0
-147 -292 9 0
-145 -291 9 0
-144 -291 9 0
-146 -294 8 0
-145 -295 8 0
-145 -293 7 0
-144 -293 7 0
-147 -289 7 1
-147 -294 7 0
-146 -296 6 0
-147 -292 12 0
-150 -293 13 0
-148 -289 13 0
-146 -294 12 0
-150 -291 11 0
-146 -290 11 0
-145 -293 10 0
-144 -293 11 0
-147 -291 9 0
-143 -291 9 0
-145 -294 8 0
-144 -295 8 0
-147 -290 8 0
-146 -292 8 0
-145 -292 7 0
-142 -279 7 1
-143 -279 5 2
-143 -279 6 2
-143 -279 7 1
-141 -276 3 1
-141 -276 4 1
-119 -259 10 0
-128 -259 9 2
-123 -256 8 0
-146 -279 7 1
-124 -252 8 1
-141 -280 7 1
-144 -277 6 2
-144 -276 6 1
-144 -275 6 1
-146 -282 4 1
-146 -282 5 2
-146 -282 6 2
-146 -281 4 1
-146 -281 5 2
-146 -281 6 1
-146 -280 4 1
-146 -280 6 1
-144 -279 5 2
-125 -264 17 0
-125 -264 18 0
-127 -264 15 0
-140 -252 11 2
-140 -251 9 1
-140 -251 10 2
-145 -259 9 1
-123 -256 3 2
-123 -256 2 1
-123 -257 4 2
-123 -257 3 2
-123 -257 2 1
-123 -258 3 2
-123 -258 2 1
-118 -252 4 1
-118 -252 3 2
-118 -252 2 1
-119 -252 4 1
-142 -287 5 1
-142 -287 6 2
-142 -287 7 1
-142 -286 5 1
-142 -286 7 1
-142 -285 5 2
-141 -287 5 1
-126 -278 13 0
-126 -276 13 0
-126 -276 14 0
-125 -278 14 0
-125 -275 12 0
-124 -274 13 0
-147 -270 19 0
-111 -279 4 1
-123 -278 4 1
-127 -266 18 0
-125 -278 13 0
-136 -263 9 1
-136 -263 8 2
-136 -264 10 1
-136 -264 9 1
-137 -263 10 1
-140 -283 10 0
-139 -284 10 0
-139 -285 9 0
-144 -280 9 0
-139 -280 10 0
-138 -280 9 0
-137 -279 8 0
-142 -283 10 0
-117 -276 3 1
-133 -271 11 2
-138 -268 11 0
-121 -279 12 0
-123 -275 4 1
-124 -276 5 0
-126 -277 4 1
-126 -277 5 1
-125 -277 6 0
-126 -278 8 0
-129 -256 15 0
-121 -277 8 0
-124 -281 8 0
-124 -280 8 0
-124 -279 8 0
-124 -278 9 0
-120 -280 9 0
-125 -271 9 0
-101 -275 10 0
-101 -275 11 0
-103 -276 10 0
-104 -276 11 0
-102 -273 9 0
-141 -268 9 2
-141 -268 8 2
-137 -270 10 1
-129 -265 10 1
-119 -279 4 1
-115 -283 8 0
-115 -282 8 0
-115 -281 8 0
-116 -279 4 0
-114 -279 3 2
-132 -257 10 1
-133 -257 10 1
-147 -255 11 1
-129 -269 11 0
-130 -265 15 0
-129 -262 10 0
-130 -263 11 1
-131 -268 12 2
-110 -252 9 0
-109 -253 10 0
-123 -257 11 0
-112 -254 8 0
-112 -254 9 0
-109 -251 7 0
-107 -252 8 0
-110 -253 7 0
-110 -254 7 0
-113 -254 6 0
-114 -255 6 0
-109 -252 6 0
-111 -255 5 0
-108 -251 5 0
-106 -251 4 0
-120 -259 9 0
-118 -256 6 0
-118 -256 7 0
-118 -255 8 0
-118 -255 9 0
-118 -259 6 0
-117 -259 7 0
-124 -251 5 1
-102 -254 0 1
-102 -254 1 1
-102 -254 2 2
-102 -253 0 1
-102 -253 1 1
-102 -253 2 2
-102 -252 0 1
-102 -252 1 1
-102 -252 2 2
-101 -252 0 1
-101 -252 1 2
-101 -252 2 2
-123 -251 8 0
-124 -251 6 1
-124 -252 6 1
-122 -251 4 1
-104 -253 7 0
-140 -280 14 0
-141 -277 13 1
-145 -279 12 0
-143 -276 11 0
-141 -283 10 0
-140 -284 10 0
-140 -285 10 0
-140 -283 7 0
-143 -284 5 2
-125 -281 7 0
-120 -284 6 0
-123 -279 5 0
-124 -278 5 0
-124 -278 6 0
-115 -265 9 0
-113 -264 11 0
-113 -264 10 0
-113 -264 9 0
-116 -262 5 0
-116 -263 1 1
-116 -264 1 1
-115 -265 4 1
-114 -265 7 0
-132 -281 14 0
-132 -281 15 0
-136 -278 13 0
-136 -278 14 0
-133 -278 12 0
-120 -273 13 0
-120 -276 12 0
-140 -273 15 0
-139 -273 17 0
-139 -273 19 0
-141 -274 18 0
-116 -254 7 0
-121 -252 6 0
-117 -252 5 0
-120 -252 5 0
-118 -252 1 1
-117 -252 1 1
-116 -252 1 1
-116 -252 2 1
-116 -252 3 1
-124 -257 2 1
-124 -257 3 1
-124 -257 4 2
-124 -256 2 1
-124 -256 3 1
-124 -256 4 2
-120 -257 8 0
-120 -257 9 0
-120 -257 10 0
-122 -258 7 0
-122 -258 8 0
-121 -256 7 0
-121 -256 8 0
-121 -255 9 0
-121 -255 10 0
-119 -260 9 0
-122 -257 6 0
-124 -257 8 0
-121 -259 7 0
-122 -260 7 0
-119 -251 3 1
-119 -251 4 1
-120 -262 2 1
-120 -262 3 2
-124 -257 5 1
-124 -256 5 1
-123 -256 5 1
-134 -254 12 0
-128 -253 5 1
-131 -251 5 1
-131 -251 6 2
-132 -274 13 0
-127 -269 13 0
-131 -266 10 2
-138 -277 10 1
-138 -276 9 2
-103 -278 3 1
-103 -278 5 1
-103 -277 5 1
-102 -278 3 2
-102 -278 5 1
-102 -272 1 1
-102 -272 2 2
-102 -272 3 1
-102 -271 1 1
-102 -271 2 2
-131 -253 10 1
-135 -255 8 1
-133 -252 13 0
-130 -253 11 0
-135 -253 8 1
-134 -252 8 1
-129 -251 7 1
-129 -251 8 1
-129 -251 9 1
-128 -252 7 2
-128 -252 9 1
-116 -274 10 0
-115 -274 10 0
-115 -275 11 0
-114 -275 11 0
-117 -273 9 0
-117 -272 10 0
-117 -271 10 0
-116 -270 10 0
-116 -269 11 0
-117 -275 10 0
-117 -276 10 0
-120 -263 11 0
-115 -262 9 0
-117 -265 8 0
-118 -265 9 0
-135 -279 13 0
-136 -279 13 0
-140 -279 14 0
-129 -265 11 1
-130 -269 9 1
-129 -268 11 1
-125 -264 9 0
-126 -265 10 0
-150 -259 12 1
-149 -260 11 1
-149 -261 11 1
-126 -265 11 0
-145 -254 18 0
-127 -269 11 0
-129 -263 11 1
-128 -262 10 0
-120 -258 14 0
-125 -257 13 1
-126 -254 13 1
-121 -262 13 0
-150 -288 13 0
-150 -287 13 0
-146 -280 13 0
-147 -281 13 0
-148 -281 13 0
-150 -279 14 0
-150 -280 14 0
-145 -282 15 0
-129 -261 5 1
-129 -261 4 2
-147 -281 18 0
-146 -281 18 0
-145 -282 19 0
-134 -267 12 1
-139 -263 12 1
-150 -262 9 1
-150 -263 11 1
-150 -263 10 1
-147 -253 15 0
-150 -254 12 2
-145 -257 15 0
-144 -252 16 0
-150 -255 12 1
-149 -257 16 0
-149 -254 12 2
-142 -257 17 0
-142 -257 16 0
-143 -257 16 0
-136 -265 11 0
-136 -265 12 0
-136 -259 9 1
-103 -273 2 1
-149 -279 17 0
-104 -271 6 0
-103 -272 4 1
-124 -256 15 0
-127 -260 16 0
-126 -259 15 0
-137 -261 10 2
-137 -261 12 1
-137 -260 10 2
-150 -256 7 1
-137 -259 10 1
-137 -259 11 2
-136 -261 10 2
-136 -261 11 1
-123 -277 9 0
-124 -276 9 0
-125 -276 10 0
-126 -276 10 0
-130 -272 9 0
-129 -273 9 0
-142 -272 16 0
-143 -270 17 0
-139 -275 15 0
-138 -275 16 0
-135 -273 5 2
-136 -274 4 1
-136 -274 5 2
-136 -274 6 2
-136 -273 4 1
-136 -273 5 1
-136 -273 6 2
-136 -272 4 1
-135 -274 4 2
-135 -274 5 2
-135 -274 6 1
-135 -273 4 1
-135 -273 6 2
-135 -272 4 1
-134 -274 4 2
-134 -274 5 1
-134 -274 6 1
-134 -273 4 2
-134 -273 5 2
-134 -273 6 1
-134 -272 4 1
-129 -275 4 2
-130 -276 3 1
-130 -276 4 1
-130 -276 5 1
-130 -275 3 1
-130 -275 4 2
-130 -275 5 1
-129 -276 3 1
-134 -254 11 1
-133 -254 11 1
-133 -255 12 0
-134 -257 16 0
-132 -257 11 0
-132 -257 12 0
-132 -254 10 1
-111 -273 6 0
-110 -272 6 0
-110 -272 5 0
-130 -266 12 1
-126 -267 11 0
-128 -267 12 0
-138 -251 15 0
-131 -271 12 1
-149 -263 13 0
-130 -268 12 1
-129 -252 17 0
-150 -252 17 0
-134 -256 13 0
-135 -256 13 0
-136 -256 12 1
-129 -255 11 0
-133 -258 18 0
-133 -258 17 0
-131 -257 18 0
-111 -275 1 1
-138 -263 10 1
-138 -263 9 2
-138 -264 11 1
-133 -270 7 1
-133 -269 7 1
-124 -278 2 1
-107 -259 5 0
-107 -258 4 0
-103 -255 7 0
-104 -255 6 0
-110 -256 7 0
-109 -256 6 0
-109 -257 6 0
-108 -257 5 0
-105 -259 7 0
-105 -258 6 0
-106 -254 8 0
-106 -255 7 0
-106 -255 6 0
-108 -258 8 0
-108 -258 7 0
-107 -258 6 0
-107 -257 5 0
-105 -257 8 0
-106 -257 7 0
-106 -257 6 0
-132 -258 7 2
-150 -279 6 2
-150 -279 7 2
-150 -278 5 1
-103 -251 7 0
-150 -278 7 1
-147 -284 5 2
-148 -285 4 1
-106 -254 3 1
-106 -254 2 2
-106 -254 1 1
-107 -255 3 1
-107 -255 2 2
-107 -255 1 1
-107 -256 1 1
-108 -255 3 1
-108 -255 2 2
-108 -255 1 1
-108 -256 2 2
-107 -272 8 0
-105 -271 10 0
-136 -251 10 2
-136 -251 12 1
-127 -251 10 2
-127 -276 7 0
-140 -276 11 1
-136 -274 12 2
-137 -274 11 2
-135 -277 6 0
-139 -275 12 2
-140 -280 9 0
-129 -270 5 1
-126 -273 4 1
-126 -273 3 1
-127 -273 5 1
-127 -273 4 1
-127 -273 3 1
-128 -273 5 1
-128 -273 4 2
-128 -273 3 1
-130 -270 7 1
-130 -270 5 1
-131 -270 6 1
-145 -268 16 0
-145 -268 15 0
-144 -266 15 0
-146 -270 18 0
-144 -269 19 0
-144 -269 18 0
-146 -269 12 0
-144 -271 10 1
-144 -271 11 0
-145 -271 12 0
-147 -268 12 0
-146 -266 11 1
-111 -280 10 0
-112 -280 10 0
-115 -279 11 0
-114 -279 10 0
-112 -278 11 0
-112 -278 10 0
-113 -278 9 0
-113 -276 3 1
-113 -276 2 2
-113 -276 1 1
-113 -277 3 1
-113 -277 2 2
-113 -277 1 1
-113 -278 1 1
-116 -278 4 0
-114 -278 5 0
-111 -278 4 1
-111 -278 3 2
-111 -278 2 1
-137 -262 14 0
-136 -262 18 0
-102 -271 8 0
-126 -272 4 1
-126 -272 3 1
-127 -270 5 1
-127 -270 4 1
-127 -270 3 1
-127 -271 5 1
-142 -283 11 0
-148 -280 12 0
-146 -287 12 0
-146 -286 12 0
-146 -285 12 0
-143 -279 12 0
-143 -280 12 0
-121 -270 8 0
-114 -274 8 0
-132 -271 9 2
-132 -271 8 1
-128 -271 9 0
-127 -271 9 0
-127 -269 7 0
-134 -274 7 1
-129 -272 7 0
-131 -275 6 0
-128 -270 6 0
-133 -272 5 2
-133 -272 6 1
-132 -272 6 1
-132 -272 7 1
-131 -272 7 1
-130 -274 3 1
-130 -274 4 2
-130 -274 5 1
-130 -273 3 1
-130 -273 4 2
-130 -273 5 1
-129 -274 3 1
-129 -274 4 2
-129 -274 5 1
-128 -274 3 1
-128 -274 4 1
-135 -259 10 2
-135 -260 10 2
-133 -262 11 0
-122 -276 7 0
-123 -277 7 0
-122 -273 8 0
-141 -280 5 2
-136 -280 5 0
-101 -281 6 1
-101 -282 6 1
-148 -276 5 1
-148 -277 5 1
-150 -279 12 0
-150 -278 11 0
-149 -276 5 1
-149 -277 5 1
-150 -276 5 1
-150 -277 5 1
-149 -275 11 0
-150 -277 6 2
-143 -263 16 0
-143 -262 15 0
-143 -261 15 0
-130 -253 10 0
-130 -252 11 0
-131 -266 13 1
-132 -266 13 1
-134 -271 14 0
-134 -270 14 0
-127 -265 11 0
-129 -266 12 1
-127 -270 10 0
-148 -252 19 0
-148 -252 18 0
-149 -252 17 0
-149 -253 12 2
-148 -257 15 1
-141 -254 15 0
-130 -252 14 0
-146 -259 11 1
-142 -256 17 0
-143 -256 16 0
-144 -256 16 0
-145 -255 15 0
-147 -259 17 0
-147 -258 17 0
-150 -253 10 1
-149 -252 12 2
-149 -254 13 1
-131 -268 8 2
-133 -266 10 2
-133 -266 9 2
-146 -252 10 1
-143 -255 15 0
-144 -255 15 0
-144 -260 16 0
-145 -259 15 0
-117 -278 8 0
-117 -278 9 0
-116 -278 11 0
-116 -278 12 0
-148 -264 11 1
-147 -264 9 1
-147 -264 10 1
-147 -264 11 1
-144 -258 9 1
-144 -257 9 1
-147 -283 18 0
-149 -284 16 0
-149 -284 17 0
-150 -276 13 0
-147 -277 12 0
-148 -277 12 0
-146 -276 5 1
-149 -271 8 1
-148 -277 10 0
-149 -275 12 0
-149 -275 6 1
-149 -276 6 1
-145 -276 5 1
-150 -276 10 0
-148 -276 10 0
-147 -277 10 0
-149 -277 11 0
-147 -276 10 0
-148 -275 6 1
-148 -276 8 1
-148 -276 7 2
-148 -276 6 1
-148 -278 10 0
-146 -276 10 0
-146 -272 8 1
-146 -272 7 1
-146 -273 8 2
-146 -273 7 1
-146 -274 9 1
-146 -274 8 2
-146 -274 7 1
-145 -272 11 0
-144 -273 11 0
-146 -276 12 0
-144 -273 5 1
-144 -274 6 2
-144 -274 5 1
-144 -275 5 1
-143 -274 9 1
-143 -274 8 1
-144 -274 9 1
-144 -274 8 1
-144 -274 7 2
-145 -272 9 1
-145 -272 8 2
-145 -272 7 1
-145 -273 9 1
-145 -273 8 2
-145 -273 7 1
-145 -274 9 1
-145 -274 8 1
-145 -274 7 1
-144 -272 10 1
-146 -274 10 1
-148 -258 15 0
-132 -260 17 0
-104 -275 2 1
-135 -262 15 0
-138 -274 15 0
-137 -274 15 0
-143 -273 15 0
-143 -272 15 0
-140 -277 14 0
-139 -278 14 0
-138 -278 14 0
-146 -275 7 2
-146 -275 8 1
-146 -275 6 1
-146 -274 6 1
-132 -267 12 1
-136 -258 19 0
-150 -255 9 2
-134 -275 12 0
-101 -271 6 0
-126 -265 18 0
-126 -265 17 0
-126 -265 16 0
-142 -262 13 0
-147 -263 12 0
-146 -262 13 0
-138 -261 13 0
-139 -261 13 0
-105 -277 8 0
-103 -272 9 0
-102 -279 9 0
-135 -273 3 1
-132 -276 4 1
-132 -276 3 1
-135 -277 2 1
-102 -277 11 0
-102 -276 10 0
-141 -261 18 0
-141 -261 17 0
-141 -262 16 0
-122 -268 13 0
-123 -268 12 0
-123 -269 11 0
-124 -272 12 0
-124 -271 11 0
-123 -271 10 0
-121 -270 14 0
-122 -270 13 0
-121 -269 5 0
-122 -270 6 0
-123 -271 4 1
-123 -271 3 1
-123 -271 2 1
-119 -271 4 0
-120 -270 5 0
-120 -270 6 0
-122 -267 5 0
-123 -273 5 0
-123 -272 5 0
-122 -271 6 0
-122 -271 7 0
-124 -262 11 0
-146 -255 11 2
-146 -256 13 1
-128 -251 13 0
-125 -251 15 0
-122 -258 10 0
-124 -258 11 0
-128 -258 11 1
-126 -259 12 1
-123 -263 10 0
-150 -279 5 1
-134 -276 12 0
-135 -282 12 0
-128 -279 11 0
-127 -281 11 0
-136 -251 14 0
-134 -277 11 0
-108 -251 8 0
-108 -252 9 0
-107 -252 10 0
-110 -252 7 0
-110 -253 8 0
-107 -251 7 0
-106 -251 7 0
-109 -253 5 0
-105 -251 4 0
-108 -252 4 0
-109 -251 10 0
-106 -251 9 0
-106 -252 9 0
-108 -252 7 0
-106 -254 7 0
-121 -269 9 0
-138 -272 6 2
-138 -273 8 1
-138 -273 7 1
-138 -273 6 2
-138 -274 8 2
-138 -274 7 2
-138 -274 6 2
-118 -283 2 1
-133 -270 13 1
-138 -259 12 1
-138 -259 11 2
-138 -259 10 1
-135 -251 11 1
-124 -274 8 0
-148 -254 10 1
-149 -255 18 0
-149 -252 14 0
-145 -257 17 0
-145 -257 16 0
-142 -256 15 0
-147 -258 18 0
-143 -259 15 0
-126 -270 8 0
-125 -278 8 0
-115 -254 8 0
-115 -254 7 0
-116 -253 7 0
-126 -262 12 0
-132 -276 9 0
-118 -256 9 0
-118 -253 8 0
-117 -253 8 0
-117 -252 9 0
-116 -256 8 0
-119 -252 7 0
-118 -251 7 0
-115 -253 7 0
-118 -253 6 0
-118 -252 5 0
-117 -251 5 0
-116 -251 5 0
-119 -252 5 0
-146 -282 9 0
-113 -274 2 2
-109 -274 5 0
-137 -252 10 2
-132 -255 10 1
-125 -255 10 1
-126 -258 9 2
-130 -257 10 0
-130 -257 9 1
-114 -281 5 1
-114 -282 4 1
-114 -277 5 0
-106 -275 7 0
-105 -275 7 0
-105 -276 7 0
-104 -277 7 0
-103 -277 7 0
-106 -273 7 0
-105 -272 7 0
-104 -271 7 0
-103 -271 6 0
-127 -271 4 2
-128 -272 3 1
-128 -272 4 2
-128 -272 5 1
-128 -271 3 1
-128 -271 4 2
-128 -271 5 1
-128 -270 3 2
-128 -270 4 1
-128 -270 5 1
-127 -272 3 1
-127 -272 4 2
-127 -272 5 1
-127 -271 3 1
-146 -257 18 0
-148 -253 18 0
-150 -256 19 0
-121 -256 16 0
-147 -255 19 0
-143 -258 16 0
-128 -273 7 0
-128 -276 14 0
-129 -276 15 0
-127 -272 15 0
-125 -277 14 0
-126 -274 12 0
-124 -272 14 0
-127 -279 4 1
-127 -279 3 1
-127 -279 2 1
-127 -280 3 2
-127 -280 2 1
-121 -285 3 1
-121 -285 2 1
-116 -272 11 0
-121 -273 13 0
-133 -269 5 1
-116 -276 12 0
-117 -274 10 0
-118 -271 13 0
-126 -261 13 0
-121 -262 14 0
-122 -262 13 0
-123 -262 13 0
-141 -254 12 1
-145 -260 11 1
-103 -277 2 1
-103 -277 3 2
-103 -277 4 2
-102 -277 2 1
-111 -272 4 1
-112 -272 4 1
-111 -276 1 1
-111 -270 3 1
-110 -272 4 1
-113 -274 4 0
-142 -277 12 1
-136 -280 11 0
-135 -277 16 0
-135 -277 17 0
-134 -277 18 0
-137 -278 16 0
-137 -279 16 0
-137 -279 17 0
-135 -275 17 0
-134 -280 17 0
-138 -277 16 0
-139 -277 16 0
-133 -276 15 0
-133 -275 16 0
-146 -287 13 0
-120 -275 8 0
-136 -272 10 2
-136 -272 11 2
-135 -271 11 2
-128 -270 11 0
-114 -272 7 0
-134 -271 13 1
-150 -288 16 0
-149 -283 15 0
-148 -283 15 0
-147 -283 15 0
-132 -251 16 0
-131 -252 15 0
-131 -253 16 0
-130 -268 15 0
-138 -269 14 0
-133 -265 13 1
-140 -253 17 0
-132 -263 14 0
-141 -251 15 0
-135 -251 15 0
-132 -271 14 0
-141 -255 14 0
-148 -279 20 0
-125 -277 11 0
-139 -260 11 2
-145 -262 12 0
-129 -272 13 0
-149 -282 18 0
-147 -283 19 0
-126 -260 12 0
-150 -280 17 0
-150 -279 17 0
-150 -278 18 0
-149 -277 18 0
-150 -284 17 0
-150 -285 18 0
-146 -269 16 0
-147 -280 17 0
-139 -260 14 0
-148 -261 8 2
-147 -262 7 1
-105 -256 6 0
-148 -284 16 0
-148 -278 16 0
-101 -255 6 0
-104 -258 5 0
-104 -259 5 0
-150 -281 16 0
-149 -281 16 0
-113 -268 2 2
-113 -268 1 1
-108 -266 9 0
-111 -268 9 0
-109 -264 9 0
-110 -268 6 0
-108 -267 5 0
-113 -268 6 0
-108 -264 5 0
-112 -270 5 0
-115 -270 1 1
-115 -270 2 1
-115 -270 3 1
-115 -269 1 1
-115 -269 2 2
-114 -270 1 1
-114 -270 2 1
-114 -270 3 1
-113 -270 1 1
-113 -270 2 1
-113 -270 3 1
-110 -267 5 0
-111 -266 5 0
-133 -271 10 2
-130 -255 11 0
-128 -253 9 1
-126 -255 8 2
-130 -279 5 0
-129 -280 5 0
-128 -287 5 0
-128 -286 5 0
-128 -285 5 0
-128 -284 5 0
-133 -282 5 0
-130 -282 6 0
-124 -285 6 0
-129 -279 6 0
-131 -286 6 0
-131 -285 6 0
-130 -284 6 0
-129 -283 6 0
-102 -261 9 0
-104 -265 9 0
-104 -265 8 0
-104 -264 7 0
-129 -255 7 1
-129 -255 6 2
-130 -255 8 2
-130 -255 7 2
-130 -255 6 2
-130 -256 8 2
-130 -256 6 2
-130 -257 7 1
-130 -257 6 2
-131 -255 8 2
-131 -255 7 1
-131 -255 6 1
-131 -256 8 2
-131 -256 7 2
-131 -256 6 1
-131 -257 7 2
-131 -257 6 2
-130 -256 7 2
-130 -262 9 1
-130 -262 7 2
-130 -263 8 1
-130 -263 7 1
-131 -261 8 1
-131 -261 7 1
-131 -262 7 2
-131 -262 8 2
-132 -256 9 1
-132 -256 8 2
-132 -256 7 1
-132 -257 7 1
-132 -258 9 1
-132 -258 8 2
-133 -256 9 2
-125 -252 15 0
-139 -272 12 0
-140 -272 11 0
-140 -272 10 0
-141 -272 9 1
-138 -271 12 0
-138 -271 11 0
-137 -271 16 0
-136 -271 18 0
-138 -271 15 0
-139 -272 17 0
-139 -272 18 0
-137 -268 18 0
-136 -272 16 0
-136 -273 17 0
-140 -270 16 0
-135 -269 16 0
-138 -274 16 0
-141 -272 15 0
-137 -272 14 0
-136 -274 15 0
-136 -275 15 0
-139 -271 10 0
-135 -269 18 0
-138 -270 16 0
-138 -271 17 0
-138 -271 18 0
-136 -267 17 0
-136 -267 18 0
-135 -272 17 0
-137 -273 16 0
-144 -279 8 0
-142 -282 11 0
-142 -282 10 0
-141 -282 10 0
-141 -282 9 0
-140 -283 8 0
-143 -282 10 0
-144 -282 9 0
-145 -282 8 1
-129 -252 6 2
-128 -257 19 0
-129 -256 17 0
-129 -255 19 0
-127 -260 18 0
-103 -272 6 0
-104 -273 7 0
-101 -278 7 0
-143 -271 15 0
-147 -266 15 0
-150 -286 8 1
-147 -267 10 2
-148 -267 9 2
-148 -267 10 1
-148 -266 9 1
-148 -266 10 2
-133 -274 3 1
-133 -274 4 2
-133 -274 5 1
-133 -273 3 1
-133 -272 3 1
-150 -289 6 1
-132 -274 4 2
-132 -274 5 1
-132 -273 3 1
-134 -271 4 1
-149 -287 4 1
-132 -254 9 2
-132 -254 8 2
-129 -254 19 0
-131 -253 17 0
-134 -254 8 1
-134 -255 8 1
-137 -262 16 0
-133 -275 3 1
-133 -275 4 2
-133 -275 5 1
-132 -275 3 1
-132 -275 4 2
-127 -256 19 0
-128 -253 18 0
-134 -273 8 1
-150 -265 8 1
-131 -271 15 0
-131 -271 16 0
-133 -272 17 0
-131 -268 16 0
-133 -275 15 0
-131 -271 17 0
-134 -272 16 0
-145 -277 8 2
-146 -276 9 1
-143 -280 8 0
-144 -283 8 1
-138 -282 7 0
-147 -279 7 1
-128 -261 5 2
-142 -281 7 1
-142 -282 7 1
-142 -283 7 1
-142 -284 6 1
-128 -261 6 2
-136 -278 5 1
-141 -275 5 1
-134 -271 16 0
-134 -270 15 0
-144 -270 10 1
-144 -270 9 1
-145 -268 11 1
-145 -268 10 2
-145 -268 9 1
-145 -269 11 1
-145 -269 9 1
-145 -270 11 1
-145 -270 10 1
-145 -270 9 1
-129 -255 12 0
-130 -255 12 0
-128 -273 17 0
-111 -251 3 1
-125 -263 18 0
-125 -263 17 0
-125 -263 16 0
-125 -263 15 0
-106 -268 3 1
-106 -268 2 2
-138 -270 14 0
-140 -269 15 0
-140 -267 17 0
-138 -266 17 0
-142 -266 12 0
-142 -270 13 0
-141 -270 13 0
-141 -267 13 0
-139 -269 15 0
-140 -268 17 0
-139 -271 11 0
-140 -270 15 0
-137 -269 16 0
-137 -268 15 0
-139 -271 9 1
-140 -271 9 1
-140 -271 8 1
-140 -271 7 2
-141 -271 9 1
-141 -271 8 2
-141 -271 7 2
-140 -268 11 1
-141 -271 12 0
-134 -262 14 0
-136 -262 11 1
-101 -280 5 1
-104 -272 5 0
-128 -267 15 0
-143 -268 8 1
-143 -269 10 2
-143 -269 9 2
-143 -269 8 2
-143 -270 9 2
-125 -265 10 0
-124 -265 9 0
-128 -264 9 0
-128 -264 8 0
-142 -258 9 1
-115 -273 3 1
-142 -255 9 1
-142 -257 9 1
-143 -255 9 1
-136 -257 15 0
-134 -259 17 0
-135 -254 19 0
-135 -255 18 0
-135 -255 17 0
-135 -256 16 0
-137 -258 19 0
-145 -257 10 1
-145 -257 11 2
-144 -257 10 1
-147 -265 17 0
-147 -266 16 0
-146 -267 16 0
-146 -272 17 0
-142 -267 18 0
-150 -272 17 0
-150 -272 16 0
-147 -271 18 0
-148 -271 17 0
-150 -272 12 0
-149 -272 12 0
-147 -272 8 1
-147 -273 10 1
-147 -273 9 2
-147 -273 8 1
-147 -274 10 1
-147 -274 9 2
-147 -274 8 2
-148 -272 8 1
-148 -273 10 1
-148 -274 10 1
-149 -272 8 1
-149 -274 10 1
-150 -270 11 1
-150 -270 10 1
-150 -270 9 1
-110 -263 2 2
-110 -263 1 1
-110 -262 2 2
-112 -268 3 1
-112 -267 4 0
-114 -262 5 0
-109 -265 4 0
-113 -264 5 0
-114 -269 5 0
-114 -268 5 0
-114 -267 5 0
-118 -264 5 0
-110 -267 6 0
-114 -263 11 0
-115 -261 10 0
-114 -265 9 0
-113 -266 10 0
-107 -273 5 0
-106 -272 5 0
-111 -274 9 0
-130 -258 12 0
-121 -261 13 0
-130 -271 17 0
-132 -272 15 0
-132 -272 16 0
-128 -278 5 1
-128 -278 4 1
-128 -278 3 1
-124 -285 4 1
-124 -284 4 1
-124 -282 5 0
-129 -281 5 0
-128 -281 5 0
-127 -281 5 0
-148 -262 9 1
-148 -262 10 2
-148 -262 11 1
-132 -261 7 2
-132 -262 9 1
-132 -262 7 2
-147 -283 6 1
-147 -283 5 2
-125 -280 3 2
-125 -280 2 1
-126 -279 4 1
-126 -279 3 2
-126 -279 2 1
-126 -280 3 2
-126 -280 2 1
-105 -252 6 0
-104 -256 8 0
-108 -253 7 0
-110 -255 6 0
-104 -253 4 0
-104 -252 8 0
-104 -252 9 0
-107 -254 8 0
-104 -253 5 0
-103 -255 8 0
-103 -251 9 0
-105 -252 8 0
-101 -251 8 0
-105 -251 9 0
-108 -253 9 0
-106 -252 6 0
-106 -253 7 0
-107 -252 5 0
-128 -276 6 0
-138 -261 17 0
-138 -255 16 0
-138 -256 14 0
-134 -254 14 0
-139 -261 10 1
-139 -261 11 2
-139 -261 12 1
-139 -255 17 0
-140 -261 10 1
-140 -261 11 2
-140 -261 12 1
-111 -251 7 0
-111 -252 7 0
-126 -276 15 0
-127 -275 11 0
-127 -275 12 0
-127 -274 13 0
-127 -274 14 0
-127 -273 15 0
-126 -277 12 0
-126 -277 13 0
-109 -251 6 0
-128 -276 12 0
-129 -276 13 0
-126 -275 12 0
-113 -252 5 0
-113 -253 5 0
-124 -274 14 0
-127 -278 12 0
-128 -279 13 0
-128 -274 12 0
-128 -273 13 0
-146 -255 16 0
-149 -261 16 0
-137 -251 12 1
-150 -257 11 1
-140 -266 7 1
-140 -267 7 1
-140 -268 9 2
-150 -252 16 0
-126 -266 13 0
-129 -264 14 0
-129 -265 13 0
-129 -267 14 0
-129 -267 13 0
-132 -263 15 0
-132 -264 15 0
-132 -266 9 2
-135 -268 8 1
-133 -262 13 0
-145 -258 18 0
-133 -279 15 0
-133 -279 14 0
-133 -279 13 0
-121 -281 7 0
-121 -280 7 0
-124 -278 7 0
-117 -281 7 0
-117 -280 8 0
-140 -256 16 0
-135 -278 6 0
-136 -259 18 0
-135 -279 8 0
-127 -279 10 0
-127 -278 10 0
-123 -273 10 0
-124 -273 10 0
-125 -274 10 0
-125 -275 10 0
-123 -279 10 0
-124 -279 10 0
-150 -260 13 0
-125 -278 10 0
-125 -277 10 0
-142 -256 10 1
-115 -280 5 0
-115 -279 6 0
-115 -274 4 0
-111 -279 5 0
-112 -278 5 0
-113 -278 6 0
-116 -283 6 0
-116 -281 6 0
-116 -280 6 0
-115 -277 6 0
-140 -252 9 1
-140 -252 10 2
-150 -251 13 1
-139 -252 10 2
-142 -253 17 0
-142 -252 16 0
-114 -278 7 0
-140 -265 12 0
-141 -257 8 1
-141 -257 9 1
-140 -259 8 1
-140 -258 8 1
-150 -268 14 0
-150 -268 12 0
-149 -268 7 1
-124 -267 12 0
-143 -280 5 1
-138 -280 6 0
-137 -281 5 1
-142 -278 5 1
-142 -278 6 2
-142 -277 5 1
-142 -277 6 2
-142 -276 5 1
-136 -274 10 2
-137 -276 10 1
-136 -276 8 1
-127 -261 7 1
-127 -260 7 1
-127 -258 3 1
-139 -276 11 2
-143 -277 11 0
-141 -275 10 2
-139 -282 7 0
-139 -283 6 1
-127 -257 3 1
-141 -279 7 1
-140 -274 5 1
-142 -279 3 1
-142 -279 4 1
-142 -279 5 2
-109 -270 3 1
-108 -270 1 1
-108 -270 2 2
-108 -270 3 1
-105 -267 4 0
-106 -269 1 1
-106 -269 2 2
-106 -269 3 1
-105 -269 1 1
-105 -269 2 2
-105 -269 3 1
-104 -269 1 1
-104 -269 2 2
-104 -269 3 1
-138 -257 11 2
-146 -285 9 0
-107 -271 1 1
-106 -271 2 2
-133 -273 17 0
-130 -272 14 0
-130 -273 15 0
-136 -277 7 0
-138 -272 9 1
-138 -273 9 1
-123 -278 11 0
-129 -264 15 0
-128 -269 16 0
-129 -262 15 0
-129 -261 15 0
-124 -266 15 0
-139 -286 13 0
-139 -281 12 0
-138 -280 12 0
-137 -280 12 0
-136 -280 13 0
-128 -267 13 0
-126 -276 11 0
-131 -272 11 1
-148 -257 18 0
-141 -256 18 0
-125 -253 17 0
-139 -270 14 0
-144 -263 15 0
-139 -265 10 1
-119 -277 2 1
-139 -266 11 1
-137 -265 11 0
-137 -265 10 1
-130 -251 16 0
-126 -251 8 1
-125 -252 7 1
-127 -251 6 2
-125 -251 7 1
-127 -251 5 2
-119 -257 9 0
-119 -257 10 0
-121 -258 7 0
-121 -258 8 0
-122 -259 10 0
-120 -256 7 0
-120 -256 8 0
-120 -255 9 0
-119 -259 8 0
-118 -260 9 0
-122 -257 7 0
-123 -257 8 0
-118 -256 8 0
-117 -255 9 0
-119 -261 3 2
-119 -261 4 1
-118 -262 4 1
-124 -258 2 1
-124 -258 3 2
-125 -253 12 2
-146 -258 16 0
-148 -254 18 0
-146 -253 15 0
-145 -252 15 0
-144 -252 15 0
-143 -252 15 0
-128 -267 14 0
-115 -272 4 0
-116 -273 5 0
-146 -258 18 0
-130 -256 11 0
-146 -270 17 0
-145 -270 18 0
-145 -270 19 0
-148 -271 18 0
-148 -271 19 0
-147 -256 9 1
-125 -261 8 0
-138 -268 6 1
-132 -262 8 1
-137 -275 12 2
-137 -275 13 1
-134 -259 8 2
-134 -260 8 2
-134 -261 9 2
-134 -261 8 2
-135 -259 8 1
-136 -259 8 1
-133 -264 10 1
-139 -260 9 1
-119 -252 15 0
-119 -252 16 0
-112 -276 3 1
-113 -277 5 0
-113 -282 4 2
-114 -280 5 0
-148 -263 15 0
-122 -253 15 0
-122 -254 15 0
-112 -280 7 0
-113 -280 7 0
-119 -251 14 0
-118 -251 14 0
-117 -251 15 0
-142 -264 10 2
-140 -263 12 1
-139 -263 9 1
-150 -257 10 2
-127 -252 9 2
-127 -253 10 2
-126 -254 11 2
-127 -257 11 2
-126 -255 12 1
-122 -253 9 0
-123 -254 10 0
-124 -254 11 1
-130 -254 10 0
-129 -254 10 0
-124 -259 10 0
-125 -251 10 1
-125 -251 11 1
-125 -252 11 1
-126 -253 12 1
-126 -254 12 1
-130 -257 11 0
-129 -257 11 0
-121 -255 11 0
-122 -255 11 0
-123 -255 12 0
-129 -251 11 1
-128 -252 12 0
-127 -253 12 1
-122 -251 12 0
-132 -267 10 1
-135 -271 15 0
-135 -270 15 0
-131 -265 16 0
-131 -265 15 0
-132 -266 14 0
-135 -261 9 2
-129 -251 16 0
-135 -264 10 0
-136 -262 12 0
-141 -263 11 2
-141 -263 10 2
-142 -263 11 1
-142 -263 10 1
-137 -263 14 0
-132 -270 10 2
-136 -262 17 0
-133 -268 11 1
-139 -261 18 0
-139 -281 10 0
-133 -281 10 0
-134 -280 10 0
-136 -267 11 0
-136 -267 9 1
-136 -267 8 1
-136 -267 7 2
-124 -265 12 0
-128 -261 12 1
-128 -260 12 1
-129 -259 11 1
-113 -267 6 0
-135 -274 3 1
-134 -276 3 1
-134 -276 4 2
-134 -276 5 1
-133 -276 3 1
-133 -276 4 2
-133 -276 5 1
-131 -274 3 1
-131 -274 4 2
-144 -265 13 0
-145 -265 12 0
-141 -260 13 0
-120 -280 8 0
-117 -277 5 0
-117 -276 6 0
-117 -275 6 0
-146 -263 8 1
-121 -267 9 0
-121 -267 10 0
-121 -272 12 0
-126 -270 12 0
-120 -269 11 0
-120 -268 12 0
-123 -271 9 0
-119 -272 11 0
-124 -271 9 0
-119 -270 9 0
-123 -273 8 0
-119 -271 7 0
-118 -271 7 0
-120 -269 6 0
-121 -271 6 0
-120 -272 4 0
-126 -272 2 1
-125 -272 2 1
-124 -272 2 1
-124 -272 3 1
-139 -276 16 0
-138 -277 17 0
-141 -273 15 0
-141 -273 16 0
-141 -272 16 0
-140 -271 16 0
-141 -279 16 0
-139 -274 15 0
-149 -267 7 1
-149 -266 7 1
-150 -264 8 1
-149 -265 8 1
-149 -264 8 1
-129 -265 6 1
-129 -265 7 1
-129 -264 7 1
-125 -264 6 0
-125 -264 5 0
-124 -265 5 0
-129 -266 3 1
-129 -266 4 2
-129 -266 5 1
-128 -266 3 1
-128 -266 4 2
-128 -266 5 1
-127 -266 3 2
-127 -266 4 1
-105 -271 5 0
-105 -272 5 0
-102 -280 5 1
-102 -279 5 1
-102 -278 6 0
-146 -256 11 2
-150 -257 13 1
-150 -255 14 0
-127 -276 13 0
-126 -275 13 0
-125 -275 14 0
-139 -265 14 0
-137 -266 14 0
-145 -263 14 0
-146 -263 14 0
-140 -261 14 0
-139 -261 14 0
-138 -260 14 1
-138 -259 14 1
-141 -264 14 0
-110 -252 3 1
-110 -260 1 1
-110 -260 2 2
-110 -260 3 1
-110 -259 1 1
-148 -276 13 0
-132 -260 6 2
-132 -260 5 1
-130 -262 8 2
-132 -257 8 2
-126 -262 9 0
-131 -261 10 0
-129 -259 9 1
-130 -258 5 1
-131 -258 7 2
-131 -258 6 2
-131 -258 5 1
-150 -280 5 1
-145 -284 7 2
-145 -284 6 2
-149 -283 7 1
-126 -257 10 2
-126 -258 11 2
-126 -262 10 0
-122 -257 9 0
-112 -252 10 0
-123 -258 11 0
-109 -252 9 0
-112 -253 6 0
-114 -252 4 0
-116 -261 1 1
-116 -261 2 2
-115 -261 1 1
-115 -261 2 2
-118 -257 3 2
-119 -257 2 1
-119 -257 3 2
-119 -257 4 1
-119 -256 2 1
-119 -256 3 2
-119 -256 4 1
-118 -257 2 1
-118 -256 2 1
-118 -256 3 2
-118 -256 4 1
-118 -259 1 1
-131 -267 11 2
-130 -267 11 2
-132 -252 7 1
-132 -252 8 2
-132 -252 9 2
-132 -251 7 1
-132 -251 9 1
-135 -267 12 1
-134 -268 12 2
-134 -269 11 2
-131 -252 7 2
-131 -252 8 2
-131 -252 9 1
-131 -251 7 2
-131 -251 8 2
-131 -251 9 1
-132 -265 9 2
-136 -268 11 1
-136 -269 10 1
-121 -252 11 0
-143 -282 14 0
-144 -282 14 0
-145 -282 14 0
-150 -263 9 1
-119 -279 7 0
-119 -279 6 0
-136 -284 10 0
-133 -260 13 2
-133 -259 13 2
-133 -258 13 1
-132 -258 13 1
-101 -271 8 0
-133 -256 11 1
-134 -255 11 1
-131 -260 10 0
-131 -254 11 0
-131 -254 10 1
-103 -280 9 0
-120 -261 3 2
-120 -261 2 1
-121 -261 4 1
-121 -261 3 2
-121 -261 2 1
-122 -259 4 1
-122 -259 3 1
-122 -259 2 1
-122 -260 4 1
-122 -260 3 2
-122 -260 2 1
-122 -261 4 1
-122 -261 3 2
-122 -261 2 1
-122 -253 4 1
-122 -253 3 2
-122 -253 2 1
-122 -254 4 1
-122 -254 2 1
-122 -255 4 1
-122 -255 3 2
-122 -255 2 1
-123 -253 4 1
-143 -270 8 2
-141 -262 9 1
-141 -263 9 1
-140 -270 12 0
-138 -264 14 0
-137 -264 13 0
-136 -264 13 0
-135 -265 13 0
-125 -274 7 0
-123 -282 7 0
-123 -281 8 0
-123 -280 8 0
-123 -279 8 0
-129 -270 11 0
-111 -282 4 2
-124 -259 11 0
-128 -256 11 1
-149 -259 16 0
-124 -267 14 0
-102 -252 6 0
-103 -252 6 0
-101 -254 5 0
-101 -254 4 0
-102 -255 4 0
-101 -252 4 0
-102 -251 4 0
-102 -251 3 1
-104 -278 11 0
-103 -274 10 0
-101 -279 10 0
-112 -273 9 0
-113 -273 9 0
-114 -273 9 0
-119 -272 9 0
-128 -256 17 0
-138 -269 12 0
-134 -272 8 2
-138 -269 8 2
-101 -269 5 0
-102 -269 5 0
-123 -253 17 0
-123 -253 18 0
-130 -270 14 0
-131 -270 14 0
-135 -273 16 0
-134 -272 15 0
-132 -271 17 0
-119 -263 7 0
-113 -266 7 0
-114 -266 7 0
-115 -265 7 0
-115 -264 7 0
-116 -264 7 0
-120 -267 7 0
-118 -265 7 0
-112 -262 8 0
-113 -262 8 0
-119 -262 8 0
-116 -268 8 0
-101 -259 5 0
-116 -267 8 0
-131 -252 17 0
-108 -274 1 1
-109 -274 1 1
-108 -273 2 2
-110 -274 5 0
-110 -274 4 1
-110 -274 3 2
-113 -279 3 2
-113 -279 4 1
-113 -278 2 2
-113 -278 3 1
-113 -278 4 1
-115 -278 5 0
-115 -277 2 2
-143 -252 17 0
-140 -251 18 0
-141 -251 17 0
-137 -255 11 1
-137 -255 10 2
-137 -255 9 1
-138 -255 11 1
-138 -255 10 2
-124 -277 11 0
-121 -273 12 0
-123 -276 14 0
-150 -253 14 0
-146 -255 14 1
-143 -254 13 1
-144 -254 13 1
-148 -286 12 0
-126 -267 15 0
-147 -252 12 2
-147 -253 11 1
-147 -253 12 2
-145 -256 15 0
-137 -261 16 0
-143 -267 16 0
-142 -266 16 0
-150 -281 14 0
-147 -256 7 1
-150 -287 15 0
-148 -257 7 1
-123 -268 8 0
-124 -270 6 0
-123 -270 6 0
-127 -271 6 0
-126 -268 6 0
-127 -271 2 1
-118 -280 2 2
-118 -280 3 1
-118 -279 1 1
-118 -279 2 2
-102 -252 7 0
-102 -252 8 0
-103 -253 8 0
-101 -253 6 0
-102 -255 7 0
-101 -251 6 0
-102 -251 6 0
-103 -251 6 0
-104 -251 6 0
-101 -252 5 0
-102 -253 5 0
-103 -253 4 0
-128 -266 8 0
-129 -267 9 1
-124 -266 9 0
-127 -266 7 0
-127 -267 8 0
-127 -268 8 0
-126 -269 8 0
-124 -263 8 0
-123 -263 8 0
-130 -268 7 1
-126 -266 7 0
-125 -267 7 0
-124 -268 7 0
-128 -266 6 0
-128 -267 6 0
-128 -269 6 0
-125 -265 6 0
-124 -265 6 0
-123 -265 5 0
-126 -267 5 1
-126 -268 4 1
-130 -268 3 1
-130 -267 3 1
-130 -266 3 1
-129 -268 3 1
-129 -268 4 2
-129 -268 5 1
-128 -268 3 1
-128 -268 4 2
-128 -268 5 1
-142 -263 12 1
-140 -257 11 2
-141 -257 10 1
-141 -257 11 2
-141 -257 12 1
-141 -256 10 1
-141 -256 11 2
-131 -272 14 0
-131 -267 13 1
-128 -266 13 0
-135 -270 13 1
-116 -254 5 0
-150 -266 11 1
-150 -266 10 1
-119 -251 6 0
-119 -252 6 0
-114 -252 7 0
-117 -253 6 0
-143 -281 10 0
-146 -283 12 0
-116 -251 9 0
-116 -252 8 0
-117 -252 8 0
-117 -256 10 0
-147 -281 11 0
-147 -280 10 0
-147 -279 9 1
-145 -283 11 0
-144 -283 10 0
-144 -284 9 0
-115 -252 3 1
-115 -252 2 2
-115 -252 1 1
-124 -252 2 1
-141 -278 4 2
-141 -278 3 1
-141 -279 4 1
-141 -279 3 1
-136 -281 5 0
-142 -280 5 2
-135 -280 7 0
-142 -275 9 1
-137 -282 9 0
-140 -274 10 1
-139 -279 9 1
-141 -277 10 2
-138 -274 12 2
-128 -264 12 0
-116 -265 10 0
-114 -262 9 0
-113 -265 8 0
-112 -266 10 0
-113 -263 7 0
-112 -263 8 0
-111 -262 9 0
-115 -268 9 0
-112 -265 7 0
-110 -265 8 0
-113 -267 7 0
-113 -268 7 0
-113 -269 7 0
-115 -267 5 0
-111 -266 6 0
-112 -266 6 0
-109 -263 6 0
-110 -262 7 0
-111 -262 7 0
-112 -263 7 0
-114 -267 7 0
-116 -267 6 0
-111 -265 8 0
-112 -264 8 0
-114 -264 7 0
-116 -265 7 0
-112 -261 9 0
-113 -262 9 0
-126 -276 5 1
-125 -279 5 0
-128 -284 2 1
-128 -284 3 1
-128 -284 4 1
-128 -283 2 1
-128 -283 3 2
-128 -283 4 1
-128 -282 2 1
-128 -282 3 2
-128 -282 4 1
-127 -284 2 1
-115 -268 5 0
-110 -263 6 0
-111 -264 5 0
-110 -264 4 0
-114 -265 5 0
-113 -266 4 0
-113 -267 3 1
-114 -263 5 0
-117 -265 1 1
-112 -265 1 1
-112 -265 2 2
-112 -265 3 1
-111 -263 6 0
-113 -281 9 0
-111 -278 7 0
-142 -268 13 0
-101 -270 4 0
-101 -271 1 1
-101 -271 2 1
-101 -271 3 1
-101 -270 7 0
-103 -266 1 1
-103 -266 2 2
-102 -266 1 1
-102 -266 2 2
-102 -266 3 1
-101 -266 2 2
-101 -269 7 0
-101 -265 6 0
-101 -267 5 0
-102 -267 5 0
-102 -265 1 1
-102 -265 2 2
-126 -253 15 0
-150 -284 19 0
-120 -252 14 0
-150 -284 14 0
-149 -284 13 0
-148 -284 13 0
-147 -284 13 0
-150 -283 13 0
-125 -275 11 0
-124 -275 13 0
-124 -275 14 0
-124 -275 15 0
-102 -261 3 1
-120 -270 11 0
-124 -272 13 0
-126 -262 16 0
-125 -276 12 0
-128 -272 12 0
-126 -270 11 0
-127 -260 12 0
-128 -259 12 1
-129 -258 11 1
-123 -262 12 0
-122 -262 11 0
-121 -262 11 0
-125 -260 12 0
-125 -258 11 1
-125 -257 10 1
-124 -264 11 0
-124 -265 11 0
-123 -265 10 0
-128 -261 11 1
-124 -264 9 0
-129 -277 6 0
-127 -269 14 0
-126 -270 14 0
-124 -265 13 0
-123 -278 14 0
-129 -275 14 0
-123 -274 12 0
-138 -282 10 0
-146 -284 11 0
-120 -278 9 0
-142 -280 11 0
-142 -279 11 0
-120 -276 10 0
-140 -280 10 0
-124 -274 9 0
-123 -280 9 0
-134 -277 13 0
-135 -271 5 1
-136 -271 7 2
-112 -261 4 0
-110 -254 4 0
-110 -253 4 0
-110 -252 4 0
-112 -258 3 1
-113 -258 3 1
-114 -258 3 1
-109 -261 3 1
-109 -262 2 2
-113 -255 1 1
-113 -255 2 1
-113 -255 3 1
-113 -254 1 1
-113 -254 2 2
-113 -254 3 1
-113 -253 1 1
-113 -253 2 1
-113 -253 3 1
-112 -259 2 2
-113 -260 1 1
-113 -260 2 2
-113 -260 3 1
-113 -259 1 1
-113 -259 2 2
-113 -259 3 1
-113 -258 1 1
-113 -258 2 2
-112 -260 1 1
-112 -260 2 2
-112 -260 3 1
-112 -259 1 1
-112 -259 3 1
-112 -258 1 1
-112 -258 2 2
-109 -261 1 1
-109 -261 2 2
-108 -261 1 1
-108 -261 2 2
-107 -261 1 1
-107 -261 2 2
-112 -257 1 1
-112 -257 2 2
-112 -256 1 1
-112 -256 2 1
-112 -256 3 1
-122 -269 4 1
-121 -269 2 1
-121 -269 3 1
-121 -269 4 1
-121 -268 2 1
-121 -268 4 1
-120 -269 2 1
-120 -269 3 1
-120 -268 2 1
-109 -258 8 0
-111 -258 6 0
-112 -259 7 0
-112 -259 8 0
-110 -256 6 0
-110 -255 7 0
-110 -255 8 0
-109 -259 6 0
-109 -260 7 0
-111 -257 4 0
-112 -257 5 0
-113 -257 6 0
-114 -257 7 0
-111 -260 5 0
-111 -261 6 0
-127 -277 15 0
-125 -274 12 0
-125 -274 13 0
-136 -251 16 0
-122 -273 13 0
-126 -273 12 0
-127 -272 12 0
-127 -272 13 0
-124 -276 10 0
-123 -276 11 0
-122 -277 12 0
-111 -274 3 2
-111 -275 2 1
-111 -275 3 2
-111 -275 4 1
-111 -274 2 2
-111 -273 4 1
-110 -275 2 1
-110 -275 3 2
-110 -274 2 1
-114 -258 4 0
-116 -259 5 0
-110 -254 5 0
-110 -253 5 0
-111 -259 4 0
-111 -261 5 0
-110 -262 5 0
-113 -257 4 0
-114 -257 4 0
-115 -256 4 1
-116 -255 5 0
-113 -259 4 0
-114 -260 4 0
-114 -261 4 0
-115 -262 4 1
-112 -255 4 0
-112 -254 4 0
-112 -253 4 0
-116 -258 3 2
-117 -258 3 2
-112 -263 2 2
-126 -261 3 2
-126 -261 2 1
-123 -255 5 1
-123 -252 5 1
-123 -252 4 1
-108 -267 10 0
-126 -272 5 1
-126 -271 3 1
-126 -271 4 2
-126 -271 5 1
-126 -270 3 2
-126 -270 4 1
-126 -270 5 1
-127 -269 5 1
-131 -269 3 1
-126 -282 4 1
-126 -282 3 2
-126 -282 2 1
-123 -275 13 0
-143 -274 10 0
-142 -272 18 0
-142 -271 19 0
-141 -275 17 0
-140 -276 18 0
-140 -276 19 0
-145 -273 18 0
-143 -278 18 0
-139 -275 17 0
-141 -277 15 0
-145 -272 16 0
-145 -270 13 0
-145 -276 13 0
-142 -272 14 0
-142 -273 13 0
-143 -271 11 0
-142 -273 12 0
-142 -274 17 0
-142 -274 18 0
-140 -271 18 0
-137 -275 16 0
-138 -276 14 0
-141 -275 13 1
-141 -272 12 0
-140 -273 11 1
-140 -272 9 1
-138 -273 17 0
-138 -273 18 0
-139 -271 17 0
-139 -270 18 0
-136 -271 17 0
-141 -270 15 0
-135 -274 16 0
-142 -269 12 0
-136 -271 10 2
-140 -271 11 0
-141 -273 9 0
-137 -272 17 0
-137 -272 18 0
-138 -269 17 0
-136 -274 17 0
-136 -273 14 0
-135 -273 15 0
-141 -274 11 1
-142 -275 11 1
-141 -271 10 0
-135 -271 17 0
-137 -274 14 0
-139 -272 8 1
-133 -273 16 0
-137 -272 10 1
-139 -272 5 1
-139 -272 6 2
-139 -272 7 1
-139 -271 5 1
-139 -270 5 1
-138 -272 5 1
-138 -271 5 1
-149 -272 9 1
-147 -282 8 1
-127 -264 14 0
-129 -266 17 0
-115 -272 7 0
-138 -257 13 1
-135 -261 14 1
-135 -256 14 0
-136 -255 14 0
-134 -255 13 0
-138 -256 12 1
-138 -255 12 1
-138 -254 12 1
-137 -256 13 0
-136 -260 11 1
-135 -254 10 2
-136 -255 9 1
-137 -251 18 0
-135 -254 12 1
-136 -254 12 1
-136 -252 17 0
-137 -252 17 0
-140 -251 17 0
-137 -252 15 0
-113 -275 5 0
-109 -278 5 1
-110 -278 6 0
-113 -282 5 1
-113 -282 6 0
-113 -281 6 0
-113 -280 6 0
-113 -279 6 0
-113 -277 6 0
-109 -281 6 0
-110 -280 6 0
-133 -251 11 1
-150 -255 11 1
-132 -252 13 0
-132 -251 13 0
-149 -253 18 0
-150 -253 17 0
-135 -265 11 0
-132 -262 14 0
-125 -277 8 0
-145 -273 15 0
-146 -272 15 0
-147 -272 15 0
-150 -268 16 0
-150 -269 15 0
-131 -273 15 0
-149 -274 16 0
-149 -274 15 0
-145 -269 17 0
-150 -254 17 0
-130 -251 5 1
-130 -251 6 1
-130 -251 7 1
-129 -251 5 1
-129 -251 6 2
-131 -253 15 0
-127 -251 11 1
-128 -252 5 1
-128 -252 6 2
-127 -252 5 2
-127 -252 6 2
-126 -252 5 2
-126 -252 6 2
-126 -252 7 1
-130 -251 8 1
-128 -251 5 2
-128 -251 6 2
-125 -251 9 1
-132 -252 6 1
-132 -251 6 1
-126 -251 6 1
-132 -252 5 1
-132 -251 5 1
-126 -275 8 0
-125 -275 7 0
-130 -279 8 0
-130 -280 7 0
-129 -276 9 0
-129 -275 8 0
-129 -274 8 0
-130 -274 7 0
-127 -278 8 0
-127 -278 7 0
-126 -278 6 0
-128 -276 9 0
-129 -257 10 1
-130 -264 9 2
-134 -262 16 0
-135 -258 7 1
-142 -270 15 0
-137 -276 15 0
-138 -275 15 0
-138 -273 14 0
-139 -271 14 0
-140 -276 17 0
-136 -270 16 0
-137 -271 15 0
-142 -271 17 0
-141 -271 17 0
-137 -274 18 0
-137 -274 17 0
-106 -280 9 0
-101 -278 9 0
-103 -272 8 0
-104 -280 7 0
-103 -281 8 0
-107 -279 7 0
-103 -278 6 0
-103 -277 6 0
-146 -275 15 0
-121 -274 7 0
-124 -275 5 0
-146 -270 14 0
-144 -270 15 0
-143 -270 15 0
-149 -273 14 0
-150 -275 14 0
-148 -269 14 0
-148 -268 14 0
-148 -267 14 0
-148 -266 14 0
-146 -272 14 0
-102 -281 8 0
-130 -255 17 0
-123 -254 17 0
-122 -281 8 0
-121 -280 8 0
-118 -282 9 0
-118 -281 8 0
-119 -276 8 0
-124 -280 9 0
-115 -279 10 0
-116 -279 9 0
-117 -279 9 0
-121 -282 10 0
-120 -281 10 0
-116 -276 11 0
-118 -280 11 0
-118 -280 10 0
-118 -279 10 0
-121 -279 11 0
-120 -279 10 0
-118 -278 12 0
-119 -275 4 1
-144 -287 5 2
-144 -287 4 1
-144 -287 3 1
-144 -288 5 1
-144 -288 4 2
-144 -288 3 1
-144 -289 5 1
-144 -289 4 2
-144 -289 3 1
-142 -288 6 2
-144 -287 7 1
-142 -290 7 0
-142 -289 7 1
-142 -288 7 1
-145 -289 8 0
-144 -288 8 0
-144 -287 8 0
-143 -287 8 0
-141 -290 9 0
-141 -289 9 0
-141 -288 9 0
-139 -286 10 0
-143 -289 11 0
-143 -288 10 0
-142 -287 8 1
-143 -288 8 0
-144 -289 8 0
-137 -288 7 0
-144 -287 6 1
-138 -267 15 0
-138 -269 16 0
-139 -269 16 0
-139 -263 15 0
-136 -266 14 0
-135 -266 15 0
-134 -267 15 0
-136 -268 14 0
-135 -269 14 0
-145 -260 14 0
-135 -271 14 0
-145 -262 13 0
-135 -266 13 0
-134 -266 13 1
-133 -266 13 1
-132 -265 14 0
-107 -280 3 1
-107 -280 4 1
-107 -280 5 1
-109 -279 5 1
-110 -281 2 1
-141 -266 10 2
-141 -265 8 1
-140 -267 8 2
-120 -279 4 1
-112 -279 5 0
-147 -259 16 0
-130 -255 5 1
-136 -268 7 2
-134 -257 9 2
-134 -257 8 1
-134 -257 7 1
-134 -258 8 2
-134 -258 7 1
-133 -257 8 2
-128 -261 10 1
-129 -261 11 1
-124 -255 10 1
-134 -277 12 0
-130 -284 3 2
-130 -284 2 1
-129 -283 3 2
-126 -279 5 1
-129 -277 5 1
-129 -277 4 2
-129 -277 3 1
-129 -278 5 1
-129 -278 4 1
-129 -278 3 1
-125 -286 4 1
-125 -285 4 1
-132 -258 6 1
-130 -281 5 0
-121 -284 5 0
-125 -278 5 0
-128 -285 6 0
-127 -284 6 0
-127 -283 6 0
-126 -282 5 0
-129 -278 6 0
-128 -279 6 0
-127 -280 6 0
-126 -280 5 0
-124 -285 7 0
-124 -284 6 0
-124 -283 6 0
-129 -283 7 0
-127 -282 6 0
-126 -285 8 0
-126 -284 8 0
-126 -283 7 0
-125 -282 6 0
-128 -280 9 0
-128 -280 8 0
-127 -280 7 0
-123 -283 9 0
-123 -283 8 0
-124 -282 8 0
-124 -282 7 0
-127 -282 10 0
-126 -282 9 0
-126 -282 8 0
-126 -281 7 0
-124 -281 10 0
-124 -281 9 0
-131 -259 7 1
-131 -259 6 2
-121 -274 13 0
-139 -288 8 0
-138 -287 7 1
-137 -285 7 0
-124 -272 6 0
-126 -268 3 1
-126 -268 5 1
-129 -269 8 0
-130 -269 8 1
-126 -269 9 0
-129 -269 7 0
-129 -270 8 0
-132 -271 7 2
-133 -272 7 1
-128 -269 7 0
-126 -254 14 0
-127 -256 17 0
-127 -256 16 0
-125 -255 18 0
-131 -263 14 0
-131 -264 14 0
-150 -260 17 0
-137 -260 7 1
-148 -280 16 0
-149 -278 15 0
-149 -277 14 0
-119 -262 3 2
-122 -254 3 2
-123 -255 2 1
-147 -279 14 0
-123 -255 4 2
-123 -254 2 1
-123 -254 3 2
-123 -254 4 1
-123 -253 2 1
-123 -253 3 2
-145 -260 13 0
-141 -264 12 1
-143 -251 17 0
-144 -251 18 0
-144 -251 19 0
-130 -260 14 1
-129 -261 14 1
-114 -273 3 1
-114 -273 2 2
-114 -273 1 1
-114 -274 2 2
-114 -274 1 1
-114 -275 3 1
-114 -275 2 1
-114 -275 1 1
-111 -263 3 1
-144 -288 10 0
-127 -253 4 1
-127 -253 3 1
-114 -278 12 0
-115 -278 9 0
-115 -278 8 0
-129 -256 11 0
-141 -276 17 0
-145 -278 18 0
-141 -273 19 0
-143 -277 19 0
-144 -272 19 0
-144 -273 19 0
-121 -269 6 0
-122 -270 4 1
-122 -270 3 1
-122 -270 2 1
-118 -270 3 0
-119 -269 4 1
-119 -269 5 0
-122 -272 4 0
-121 -270 6 0
-148 -288 9 0
-149 -287 9 0
-148 -286 11 0
-150 -285 5 2
-150 -285 4 1
-150 -285 8 1
-148 -288 5 2
-149 -287 5 1
-139 -280 18 0
-139 -279 17 0
-141 -276 15 0
-144 -272 17 0
-143 -273 16 0
-148 -260 13 0
-146 -252 14 0
-142 -259 18 0
-142 -260 16 0
-144 -263 19 0
-143 -263 18 0
-143 -262 17 0
-141 -262 19 0
-132 -267 14 0
-132 -267 15 0
-132 -267 16 0
-129 -254 15 0
-129 -255 16 0
-131 -252 14 0
-132 -252 14 0
-132 -253 15 0
-129 -253 13 0
-111 -273 7 0
-113 -271 7 0
-113 -271 6 0
-109 -274 7 0
-107 -274 6 0
-106 -274 6 0
-110 -272 7 0
-150 -273 18 0
-149 -251 10 1
-145 -255 17 0
-145 -254 19 0
-144 -258 16 0
-144 -258 17 0
-128 -268 15 0
-127 -265 10 0
-126 -265 9 0
-130 -268 11 1
-130 -269 10 1
-131 -269 9 2
-130 -265 11 1
-107 -276 10 0
-126 -258 13 1
-126 -259 13 1
-126 -260 13 0
-107 -270 6 0
-107 -265 7 0
-106 -272 7 0
-105 -271 6 0
-105 -270 5 0
-108 -275 9 0
-108 -274 8 0
-113 -274 7 0
-121 -276 7 0
-117 -272 8 0
-128 -273 6 0
-123 -254 14 0
-126 -258 16 0
-128 -253 17 0
-123 -256 17 0
-123 -256 16 0
-124 -251 17 0
-128 -277 13 0
-128 -277 12 0
-130 -276 6 0
-130 -277 7 0
-132 -278 6 0
-132 -278 7 0
-131 -278 9 0
-128 -279 7 0
-128 -278 7 0
-129 -278 8 0
-129 -278 9 0
-131 -275 7 0
-131 -275 8 0
-131 -276 8 0
-132 -281 7 0
-144 -264 7 1
-144 -265 7 1
-144 -266 7 1
-145 -264 7 1
-145 -265 7 1
-145 -266 7 1
-146 -264 7 1
-146 -265 8 1
-146 -265 7 1
-146 -265 12 0
-146 -270 12 0
-148 -262 16 0
-147 -264 15 0
-149 -265 17 0
-148 -265 15 0
-147 -267 18 0
-147 -267 16 0
-110 -259 6 0
-117 -254 6 0
-116 -255 6 0
-115 -256 5 0
-116 -262 7 0
-115 -261 6 0
-115 -260 6 0
-111 -256 7 0
-118 -257 7 0
-117 -257 7 0
-117 -257 6 0
-116 -257 5 0
-113 -260 8 0
-113 -260 7 0
-114 -255 8 0
-114 -256 7 0
-114 -256 6 0
-115 -257 5 0
-116 -259 8 0
-116 -259 7 0
-115 -258 6 0
-115 -258 5 0
-113 -258 9 0
-114 -258 8 0
-114 -258 7 0
-114 -258 6 0
-139 -273 12 1
-138 -273 12 1
-138 -272 11 1
-141 -273 13 0
-142 -272 11 0
-142 -271 10 1
-139 -275 10 2
-143 -274 11 0
-115 -256 3 1
-115 -256 2 2
-115 -256 1 1
-115 -257 3 1
-115 -257 1 1
-116 -256 3 1
-116 -256 2 2
-104 -272 2 2
-104 -272 3 1
-105 -274 5 0
-103 -275 9 0
-102 -275 10 0
-102 -275 11 0
-103 -274 8 0
-103 -272 11 0
-103 -275 7 0
-126 -256 13 1
-125 -259 13 1
-120 -259 14 0
-123 -281 10 0
-123 -280 10 0
-121 -278 11 0
-125 -280 12 0
-122 -275 12 0
-137 -282 11 0
-138 -282 11 0
-140 -275 12 2
-140 -276 12 2
-139 -277 12 2
-139 -278 12 1
-139 -279 12 1
-142 -284 12 0
-140 -259 10 1
-140 -259 11 2
-140 -259 12 1
-139 -260 10 1
-137 -274 8 2
-137 -274 7 2
-132 -254 18 0
-126 -257 18 0
-128 -252 18 0
-132 -275 8 0
-133 -274 8 0
-130 -252 17 0
-127 -255 19 0
-127 -255 18 0
-134 -275 9 1
-134 -274 8 1
-137 -272 11 1
-133 -271 9 2
-135 -274 12 1
-134 -273 10 1
-142 -273 11 0
-143 -273 5 1
-143 -274 7 1
-143 -274 6 2
-143 -274 5 1
-142 -270 6 1
-142 -273 9 1
-143 -272 9 1
-111 -256 4 0
-110 -256 4 0
-107 -262 5 0
-107 -261 5 0
-150 -282 15 0
-112 -259 5 0
-111 -258 5 0
-110 -258 4 0
-150 -278 15 0
-110 -257 6 0
-107 -257 8 0
-146 -282 14 0
-147 -287 15 0
-148 -285 18 0
-148 -284 17 0
-148 -276 18 0
-148 -277 18 0
-148 -278 17 0
-149 -278 17 0
-118 -278 2 2
-118 -278 3 1
-143 -262 8 1
-143 -263 8 1
-143 -264 10 2
-143 -264 9 2
-143 -264 8 1
-144 -262 8 1
-144 -263 8 1
-144 -264 8 1
-145 -262 8 1
-145 -263 8 1
-145 -264 8 1
-139 -264 10 2
-139 -264 11 1
-140 -264 12 1
-140 -263 13 0
-143 -266 11 1
-142 -265 12 0
-142 -264 13 0
-149 -264 14 0
-146 -261 15 0
-149 -262 17 0
-148 -261 7 1
-128 -281 8 0
-133 -277 9 0
-134 -276 8 0
-112 -276 4 1
-111 -277 2 1
-111 -277 3 2
-111 -277 4 1
-111 -276 2 1
-110 -277 11 0
-112 -278 9 0
-113 -279 11 0
-110 -279 10 0
-109 -280 10 0
-112 -280 8 0
-112 -280 9 0
-112 -281 9 0
-109 -278 7 0
-109 -278 8 0
-108 -279 8 0
-107 -279 9 0
-110 -276 7 0
-110 -280 7 0
-110 -281 8 0
-127 -280 10 0
-127 -281 9 0
-120 -279 3 2
-102 -278 7 0
-105 -273 4 1
-103 -279 5 1
-101 -261 3 1
-101 -261 2 1
-101 -261 1 1
-101 -263 4 0
-101 -262 3 1
-101 -262 2 1
-101 -262 1 1
-102 -262 3 1
-102 -262 2 2
-102 -262 1 1
-101 -265 5 0
-101 -262 6 0
-126 -255 13 1
-128 -258 13 0
-127 -258 13 1
-132 -269 11 2
-128 -263 11 0
-127 -258 14 0
-128 -259 14 1
-129 -259 14 1
-130 -259 15 0
-125 -256 13 1
-124 -255 14 0
-124 -254 14 0
-133 -260 16 0
-108 -275 4 1
-135 -282 11 0
-108 -274 2 2
-108 -274 3 1
-131 -279 5 0
-131 -278 4 0
-107 -276 3 1
-107 -276 4 1
-107 -275 2 2
-107 -275 3 2
-140 -264 14 0
-141 -263 14 0
-130 -271 12 0
-132 -263 11 1
-128 -266 12 0
-127 -267 12 0
-125 -267 11 0
-129 -264 11 1
-128 -259 10 2
-149 -255 17 0
-150 -253 18 0
-128 -269 11 0
-127 -261 8 1
-125 -260 9 0
-137 -265 9 1
-124 -259 16 0
-146 -256 14 1
-124 -259 18 0
-126 -260 15 0
-126 -260 16 0
-127 -260 17 0
-125 -258 14 0
-125 -257 15 0
-125 -257 16 0
-125 -256 17 0
-124 -261 16 0
-123 -262 17 0
-128 -259 16 0
-129 -258 16 0
-123 -258 15 0
-148 -257 13 1
-147 -257 13 1
-147 -257 15 1
-149 -260 8 1
-149 -259 7 1
-149 -259 8 1
-105 -278 4 2
-106 -273 6 0
-105 -273 5 0
-148 -280 7 1
-149 -280 7 1
-147 -285 4 1
-147 -280 5 2
-147 -280 6 1
-147 -280 7 1
-147 -284 6 1
-147 -283 4 1
-146 -285 4 1
-146 -285 5 2
-117 -265 11 0
-116 -265 12 0
-118 -265 8 0
-119 -265 10 0
-119 -266 11 0
-144 -278 12 0
-144 -277 12 0
-148 -279 12 0
-142 -278 11 1
-145 -281 9 0
-145 -282 10 0
-145 -284 11 0
-145 -278 9 1
-145 -277 10 0
-146 -277 10 0
-143 -284 10 0
-145 -279 8 1
-146 -279 9 1
-148 -278 9 1
-146 -283 9 0
-147 -284 9 0
-145 -275 8 1
-148 -280 8 1
-149 -280 8 1
-147 -278 8 2
-147 -277 8 1
-147 -276 6 1
-147 -276 7 2
-147 -276 8 1
-147 -282 7 1
-148 -282 6 1
-144 -283 5 1
-143 -283 5 2
-148 -280 5 2
-148 -280 6 1
-148 -279 5 1
-148 -279 6 2
-148 -278 5 1
-148 -278 6 1
-148 -278 7 2
-147 -281 4 1
-147 -281 5 2
-147 -281 6 1
-147 -280 4 1
-118 -267 6 0
-118 -268 6 0
-118 -269 6 0
-119 -262 6 0
-115 -265 6 0
-114 -265 6 0
-113 -265 5 0
-119 -266 6 0
-120 -266 6 0
-121 -267 5 0
-116 -267 5 0
-116 -268 4 0
-119 -264 6 0
-121 -264 5 0
-118 -265 6 0
-118 -266 6 0
-118 -266 5 0
-119 -267 4 1
-119 -268 3 2
-115 -266 2 2
-116 -267 1 1
-110 -251 7 0
-116 -267 3 1
-116 -266 1 1
-116 -266 2 2
-116 -266 3 1
-116 -265 1 1
-115 -267 1 1
-115 -267 2 2
-115 -267 3 1
-115 -266 1 1
-115 -266 3 1
-129 -274 10 0
-129 -272 10 0
-140 -252 18 0
-143 -262 14 0
-143 -261 14 0
-104 -274 6 0
-105 -274 6 0
-107 -274 7 0
-111 -271 6 0
-109 -279 6 0
-109 -278 6 0
-109 -277 7 0
-109 -276 7 0
-105 -270 7 0
-147 -285 14 0
-146 -279 15 0
-147 -280 14 0
-129 -261 3 1
-129 -262 3 1
-123 -263 4 1
-123 -263 3 2
-123 -263 2 1
-124 -263 4 1
-124 -263 3 2
-124 -263 2 1
-125 -263 4 1
-125 -263 3 2
-125 -263 2 1
-127 -262 6 1
-127 -265 5 1
-127 -265 4 1
-127 -265 3 2
-128 -265 5 1
-128 -265 4 2
-128 -265 3 1
-129 -263 3 1
-129 -264 3 1
-129 -265 5 1
-129 -265 4 2
-129 -265 3 1
-124 -264 5 0
-125 -263 6 0
-129 -262 4 1
-129 -263 4 2
-107 -277 2 1
-107 -278 4 2
-107 -278 2 1
-107 -279 4 2
-107 -279 3 1
-107 -279 2 1
-108 -277 3 1
-108 -277 2 1
-108 -278 4 1
-108 -278 3 2
-108 -278 2 1
-108 -279 4 2
-108 -279 3 2
-101 -282 5 1
-101 -282 4 1
-101 -282 3 1
-103 -273 5 0
-109 -273 4 1
-108 -273 5 0
-103 -278 4 2
-101 -251 3 1
-101 -251 1 2
-101 -252 3 1
-102 -251 2 2
-102 -251 1 1
-101 -251 2 2
-118 -254 8 0
-107 -265 5 0
-108 -265 6 0
-105 -269 5 0
-106 -267 4 0
-104 -271 4 0
-108 -271 1 1
-108 -271 2 2
-105 -268 4 0
-106 -268 4 0
-128 -274 9 0
-128 -273 9 0
-128 -272 8 0
-127 -280 9 0
-126 -280 8 0
-130 -276 9 0
-104 -268 8 0
-103 -268 9 0
-105 -269 6 0
-105 -269 7 0
-106 -269 8 0
-106 -270 9 0
-126 -265 15 0
-123 -261 16 0
-123 -261 15 0
-122 -257 11 0
-124 -257 12 0
-123 -253 12 0
-150 -257 14 0
-128 -253 12 0
-127 -254 12 1
-126 -256 12 1
-122 -253 12 0
-137 -263 8 2
-134 -267 9 2
-140 -268 8 2
-134 -278 12 0
-135 -280 15 0
-135 -280 14 0
-134 -279 13 0
-133 -279 16 0
-140 -267 13 0
-118 -279 8 0
-144 -282 16 0
-144 -282 15 0
-146 -285 17 0
-147 -284 16 0
-148 -280 18 0
-148 -281 17 0
-148 -281 16 0
-148 -282 15 0
-142 -259 13 1
-141 -263 13 0
-141 -264 13 0
-141 -265 12 0
-143 -263 13 0
-150 -256 16 0
-148 -256 15 1
-145 -260 10 2
-145 -260 9 1
-145 -261 11 1
-130 -251 17 0
-132 -251 15 0
-130 -274 14 0
-130 -274 15 0
-134 -278 4 1
-134 -278 3 1
-135 -278 5 1
-137 -278 5 1
-137 -281 4 1
-137 -281 3 2
-137 -281 2 1
-138 -281 4 1
-111 -271 3 1
-112 -273 6 0
-112 -273 5 0
-112 -273 4 1
-106 -279 5 1
-106 -278 5 1
-105 -279 5 1
-105 -278 5 1
-102 -279 2 1
-102 -279 3 1
-102 -279 4 2
-132 -264 12 2
-130 -258 14 0
-129 -258 14 0
-128 -259 13 1
-124 -263 14 0
-123 -256 14 0
-136 -262 8 2
-136 -263 10 1
-142 -267 14 0
-107 -265 6 0
-135 -262 17 0
-148 -269 7 1
-139 -255 13 0
-140 -254 13 0
-141 -254 17 0
-141 -253 17 0
-134 -279 12 0
-135 -280 12 0
-136 -280 12 0
-143 -278 13 0
-142 -278 12 1
-138 -285 13 0
-138 -284 13 0
-138 -268 7 1
-139 -267 7 1
-139 -268 9 1
-112 -280 4 1
-112 -279 2 1
-112 -279 3 2
-112 -279 4 1
-112 -278 2 2
-112 -278 3 1
-112 -278 4 1
-115 -277 4 0
-114 -278 9 0
-114 -278 10 0
-114 -278 11 0
-113 -278 12 0
-116 -279 11 0
-143 -273 9 1
-135 -271 13 1
-134 -272 9 2
-122 -253 14 0
-121 -254 17 0
-121 -251 15 0
-136 -270 8 1
-124 -256 16 0
-134 -269 6 2
-121 -253 14 0
-119 -253 15 0
-122 -255 14 0
-101 -258 5 0
-101 -256 6 0
-101 -260 7 0
-101 -268 6 0
-102 -271 7 0
-101 -271 7 0
-101 -269 9 0
-136 -259 15 0
-137 -260 15 0
-135 -253 15 0
-137 -254 13 0
-138 -260 13 1
-138 -259 13 1
-138 -258 13 2
-138 -258 14 1
-136 -255 10 2
-136 -255 11 1
-135 -255 9 1
-135 -255 10 2
-135 -255 11 1
-135 -254 9 1
-135 -254 11 1
-134 -255 9 2
-134 -255 10 2
-134 -254 9 2
-134 -254 10 1
-135 -255 12 0
-125 -279 2 1
-147 -267 11 1
-147 -267 9 1
-147 -268 11 1
-147 -268 10 1
-148 -266 11 1
-146 -254 13 1
-145 -253 11 2
-145 -253 12 2
-144 -253 11 2
-128 -265 10 0
-144 -251 11 2
-147 -256 13 2
-144 -251 13 1
-150 -258 9 1
-147 -255 13 1
-147 -254 11 1
-147 -254 12 2
-149 -258 10 2
-149 -258 11 1
-147 -282 13 0
-146 -281 13 0
-145 -280 13 0
-144 -279 13 0
-143 -265 15 0
-144 -267 15 0
-142 -258 15 0
-148 -261 12 0
-147 -258 7 1
-147 -257 7 1
-146 -259 7 1
-146 -257 7 1
-145 -257 8 1
-145 -257 9 1
-140 -281 15 0
-140 -281 16 0
-140 -281 17 0
-142 -282 15 0
-138 -265 16 0
-128 -274 7 0
-134 -275 8 1
-132 -252 15 0
-133 -277 6 0
-133 -274 7 0
-135 -274 8 1
-129 -276 7 0
-137 -272 9 1
-132 -277 8 0
-137 -274 9 2
-136 -274 8 2
-134 -276 9 0
-131 -273 3 1
-132 -275 5 1
-133 -254 8 1
-133 -253 8 1
-102 -272 6 0
-105 -277 6 0
-105 -278 6 0
-125 -251 6 1
-127 -251 7 1
-127 -252 8 2
-127 -252 7 2
-128 -251 8 2
-128 -251 7 2
-115 -264 8 0
-115 -263 7 0
-115 -262 7 0
-120 -262 9 0
-118 -261 8 0
-112 -262 9 0
-133 -255 9 2
-133 -254 9 2
-136 -258 8 1
-136 -257 8 1
-133 -255 7 1
-133 -255 8 2
-134 -260 6 1
-134 -259 6 1
-134 -259 7 1
-113 -261 8 0
-135 -257 7 1
-130 -263 6 1
-129 -263 6 1
-129 -263 7 1
-129 -263 8 1
-104 -280 9 0
-129 -259 13 1
-128 -257 13 0
-144 -261 14 0
-144 -260 14 0
-127 -272 14 0
-126 -271 15 0
-130 -277 15 0
-148 -259 14 0
-126 -274 14 0
-119 -277 11 0
-119 -277 12 0
-131 -274 13 0
-117 -278 7 0
-107 -271 2 2
-107 -271 3 1
-107 -270 1 1
-107 -270 2 2
-107 -270 3 1
-144 -285 9 0
-108 -276 5 0
-108 -277 4 1
-108 -272 4 0
-108 -271 3 1
-104 -275 3 2
-104 -276 2 1
-104 -276 3 2
-104 -276 4 1
-136 -274 11 2
-136 -275 11 2
-136 -276 11 1
-132 -269 16 0
-133 -268 15 0
-133 -267 17 0
-149 -256 16 0
-149 -255 15 0
-134 -269 14 0
-133 -262 14 0
-134 -263 14 0
-134 -264 14 0
-127 -254 10 1
-138 -268 14 0
-131 -268 15 0
-133 -268 14 0
-133 -267 14 0
-134 -267 13 1
-133 -253 11 1
-132 -252 11 1
-136 -269 14 0
-132 -265 16 0
-133 -265 15 0
-134 -266 14 0
-133 -269 17 0
-134 -269 16 0
-134 -268 15 0
-134 -268 14 0
-135 -264 17 0
-135 -265 15 0
-132 -254 13 0
-132 -253 13 0
-131 -253 13 0
-130 -252 13 0
-134 -267 17 0
-134 -267 16 0
-135 -267 15 0
-133 -264 11 1
-137 -269 11 0
-128 -255 14 0
-123 -251 10 0
-123 -278 2 1
-123 -279 4 1
-123 -279 2 1
-134 -256 10 2
-134 -256 11 1
-136 -257 10 2
-136 -257 11 1
-136 -257 12 1
-116 -252 12 0
-117 -251 12 0
-105 -277 10 0
-101 -272 4 0
-144 -272 9 1
-144 -273 9 1
-115 -280 8 0
-115 -281 9 0
-123 -284 4 1
-123 -284 3 2
-123 -284 2 1
-123 -285 4 1
-123 -285 3 1
-123 -285 2 1
-122 -284 3 2
-126 -284 4 1
-126 -284 3 1
-126 -284 2 1
-127 -284 4 1
-127 -284 3 1
-118 -263 8 0
-115 -266 11 0
-115 -265 10 0
-116 -265 9 0
-126 -279 8 0
-124 -280 7 0
-120 -283 9 0
-122 -281 6 0
-124 -282 9 0
-121 -280 10 0
-127 -266 5 1
-127 -263 6 1
-125 -264 2 1
-125 -264 3 2
-125 -264 4 1
-124 -264 2 1
-124 -264 3 2
-124 -264 4 1
-123 -264 2 1
-123 -264 3 1
-123 -264 4 1
-110 -254 8 0
-109 -253 1 1
-103 -269 4 0
-108 -265 4 0
-107 -265 4 0
-106 -265 4 0
-102 -266 4 0
-106 -269 5 0
-104 -267 5 0
-108 -263 6 0
-107 -263 5 0
-106 -264 5 0
-105 -264 5 0
-143 -278 11 0
-143 -279 11 0
-141 -286 11 0
-141 -285 11 0
-141 -283 11 0
-140 -281 14 0
-127 -256 11 1
-129 -257 9 1
-126 -257 11 2
-128 -259 11 1
-124 -254 10 1
-131 -255 10 1
-141 -253 9 1
-150 -260 9 2
-124 -251 14 0
-130 -257 15 0
-128 -256 14 0
-111 -274 6 0
-113 -270 4 0
-113 -271 5 0
-141 -269 14 0
-138 -275 13 1
-133 -270 16 0
-133 -269 16 0
-134 -269 15 0
-136 -268 15 0
-125 -256 18 0
-126 -256 16 0
-126 -256 15 0
-138 -270 13 0
-132 -264 16 0
-137 -268 16 0
-134 -266 17 0
-128 -256 9 1
-129 -254 11 0
-130 -258 11 0
-129 -257 12 0
-121 -256 12 0
-124 -260 15 0
-128 -251 16 0
-127 -258 16 0
-116 -282 4 1
-117 -280 6 0
-118 -279 6 0
-117 -274 5 0
-101 -263 2 2
-129 -269 10 0
-133 -273 10 1
-123 -257 14 0
-104 -263 6 0
-105 -263 7 0
-127 -261 6 1
-127 -260 6 1
-106 -253 5 0
-109 -258 4 0
-104 -260 6 0
-104 -259 6 0
-107 -256 7 0
-106 -256 6 0
-149 -283 12 0
-146 -269 15 0
-128 -271 14 0
-127 -265 15 0
-130 -265 8 1
-130 -266 9 1
-132 -267 8 1
-142 -253 9 1
-124 -264 14 0
-125 -273 12 0
-149 -280 19 0
-149 -280 18 0
-150 -280 18 0
-149 -284 20 0
-150 -283 20 0
-150 -281 21 0
-150 -281 20 0
-149 -279 16 0
-149 -281 17 0
-149 -284 19 0
-150 -283 19 0
-150 -283 18 0
-150 -280 20 0
-150 -281 19 0
-150 -285 19 0
-149 -292 10 0
-150 -292 7 1
-150 -291 7 1
-147 -289 8 1
-148 -291 9 0
-149 -291 9 0
-114 -259 11 0
-114 -259 10 0
-115 -259 9 0
-115 -262 1 1
-111 -260 6 0
-112 -260 6 0
-117 -260 7 0
-114 -262 8 0
-114 -261 7 0
-111 -259 9 0
-113 -258 8 0
-116 -261 9 0
-117 -257 8 0
-116 -257 8 0
-113 -260 10 0
-114 -259 9 0
-115 -255 10 0
-115 -256 9 0
-117 -259 11 0
-116 -258 10 0
-114 -257 11 0
-114 -257 10 0
-114 -257 9 0
-137 -259 7 1
-137 -259 8 1
-112 -257 7 0
-116 -260 9 0
-113 -255 7 0
-113 -258 10 0
-114 -257 8 0
-116 -257 10 0
-116 -257 9 0
-113 -256 11 0
-114 -256 10 0
-114 -256 9 0
-112 -256 5 0
-113 -258 7 0
-110 -256 8 0
-118 -254 9 0
-112 -257 9 0
-113 -256 9 0
-113 -256 8 0
-116 -256 10 0
-116 -256 9 0
-115 -255 7 0
-113 -254 10 0
-150 -279 9 1
-141 -261 12 1
-147 -256 16 0
-125 -269 13 0
-125 -259 8 1
-130 -251 12 0
-134 -251 9 1
-149 -284 10 0
-134 -251 7 1
-112 -282 5 1
-112 -282 4 1
-125 -252 10 1
-126 -264 8 0
-144 -262 11 1
-144 -261 9 1
-122 -280 4 1
-122 -280 3 2
-122 -280 2 1
-117 -279 4 0
-132 -266 7 2
-132 -265 5 1
-132 -265 6 2
-132 -265 7 2
-132 -264 5 1
-132 -264 6 2
-132 -264 7 2
-138 -264 7 1
-134 -282 10 0
-134 -283 10 0
-134 -284 10 0
-136 -277 10 1
-129 -256 5 1
-120 -264 2 1
-120 -264 3 1
-120 -264 4 1
-118 -263 5 0
-146 -285 6 1
-146 -284 4 1
-146 -284 5 2
-146 -284 6 1
-146 -283 4 1
-119 -266 12 0
-118 -264 8 0
-118 -263 9 0
-117 -263 10 0
-117 -262 11 0
-117 -266 9 0
-116 -266 9 0
-116 -267 10 0
-116 -267 11 0
-119 -264 9 0
-120 -264 9 0
-116 -264 8 0
-115 -263 10 0
-114 -263 10 0
-118 -266 8 0
-118 -267 9 0
-118 -268 9 0
-119 -268 10 0
-150 -292 8 0
-101 -262 7 0
-101 -262 8 0
-101 -262 9 0
-103 -262 6 0
-103 -263 7 0
-103 -263 8 0
-104 -263 9 0
-101 -263 7 0
-101 -264 7 0
-103 -262 5 0
-104 -261 6 0
-126 -281 2 1
-126 -281 3 2
-126 -281 4 1
-125 -283 2 1
-125 -283 3 1
-125 -283 4 1
-125 -282 2 1
-125 -282 4 1
-125 -281 2 1
-125 -281 3 2
-125 -281 4 1
-120 -284 2 1
-120 -284 3 1
-120 -283 2 1
-120 -283 3 2
-119 -284 2 1
-119 -284 3 1
-118 -284 2 1
-118 -284 3 1
-118 -284 4 1
-124 -280 2 1
-119 -265 6 0
-118 -264 6 0
-139 -274 9 2
-139 -275 9 2
-135 -278 8 0
-138 -277 9 1
-138 -272 10 1
-126 -268 2 1
-127 -268 2 1
-128 -268 2 1
-128 -269 2 1
-126 -269 6 0
-124 -269 4 1
-150 -280 6 2
-120 -265 2 1
-130 -259 9 1
-133 -275 14 0
-135 -251 10 2
-130 -255 13 0
-130 -256 13 0
-123 -255 13 0
-130 -252 12 0
-131 -252 12 0
-132 -252 12 0
-126 -251 12 0
-123 -253 11 0
-129 -253 12 0
-128 -269 9 0
-128 -272 10 0
-127 -272 10 0
-130 -276 8 0
-134 -281 10 0
-140 -262 9 1
-140 -263 9 1
-140 -264 11 1
-140 -264 10 2
-140 -264 9 1
-139 -263 10 2
-150 -290 10 0
-103 -264 1 1
-103 -264 2 2
-103 -264 3 1
-146 -291 9 0
-150 -291 9 0
-119 -262 9 0
-114 -266 9 0
-113 -266 9 0
-119 -265 8 0
-120 -266 8 0
-121 -266 9 0
-122 -266 9 0
-117 -266 8 0
-117 -267 8 0
-116 -269 8 0
-113 -263 8 0
-119 -267 7 0
-120 -268 7 0
-121 -269 8 0
-116 -266 7 0
-115 -266 7 0
-101 -265 4 0
-115 -267 7 0
-114 -268 7 0
-107 -270 9 0
-102 -281 3 1
-102 -281 4 1
-102 -281 5 1
-118 -258 1 1
-118 -257 1 1
-117 -259 1 1
-116 -258 7 0
-116 -258 8 0
-116 -258 9 0
-118 -258 6 0
-118 -258 7 0
-118 -259 8 0
-119 -259 9 0
-117 -256 6 0
-117 -256 7 0
-117 -255 8 0
-116 -259 6 0
-116 -260 7 0
-115 -260 8 0
-118 -257 5 0
-119 -257 6 0
-120 -257 7 0
-121 -257 8 0
-115 -256 6 0
-115 -256 7 0
-118 -260 6 0
-118 -261 7 0
-119 -255 6 0
-119 -254 7 0
-119 -258 5 0
-120 -259 5 0
-121 -259 6 0
-116 -256 5 0
-116 -254 6 0
-115 -253 6 0
-116 -260 5 0
-116 -261 5 0
-116 -262 6 0
-119 -257 5 0
-120 -256 5 0
-121 -256 5 0
-121 -255 5 0
-119 -261 5 0
-120 -262 5 0
-122 -258 4 1
-120 -265 7 0
-118 -266 7 0
-148 -285 8 1
-148 -286 8 1
-150 -278 8 1
-150 -283 8 1
-148 -277 6 1
-147 -283 8 1
-148 -283 8 1
-150 -283 6 1
-150 -282 6 2
-148 -279 4 1
-148 -281 11 0
-148 -279 13 0
-122 -255 5 1
-124 -258 6 0
-149 -277 9 1
-149 -277 8 1
-111 -255 6 0
-111 -257 8 0
-133 -265 16 0
-131 -263 16 0
-130 -263 17 0
-133 -264 17 0
-131 -261 15 0
-130 -263 18 0
-131 -260 17 0
-130 -264 15 0
-129 -265 17 0
-131 -262 16 0
-130 -262 17 0
-130 -262 18 0
-132 -263 17 0
-133 -264 18 0
-131 -260 18 0
-128 -260 17 0
-132 -266 17 0
-132 -265 18 0
-132 -259 17 0
-128 -262 16 0
-127 -261 16 0
-130 -261 17 0
-130 -261 18 0
-130 -261 19 0
-129 -261 20 0
-132 -262 19 0
-132 -262 20 0
-130 -258 19 0
-133 -261 18 0
-134 -260 19 0
-127 -259 18 0
-131 -263 17 0
-129 -261 19 0
-131 -261 18 0
-129 -262 17 0
-129 -263 19 0
-133 -260 18 0
-132 -264 18 0
-126 -262 17 0
-128 -262 15 0
-130 -260 17 0
-129 -260 18 0
-129 -260 19 0
-129 -260 20 0
-131 -261 19 0
-118 -266 9 0
-118 -267 10 0
-114 -264 8 0
-114 -264 9 0
-113 -265 9 0
-119 -264 8 0
-120 -265 9 0
-121 -265 9 0
-127 -281 2 1
-127 -282 4 1
-127 -282 3 2
-127 -282 2 1
-127 -283 4 1
-127 -283 3 2
-127 -283 2 1
-126 -275 4 1
-126 -275 3 1
-126 -275 2 1
-127 -275 4 1
-127 -275 3 1
-127 -275 2 1
-127 -276 4 1
-127 -276 3 1
-127 -276 2 1
-127 -277 4 2
-127 -277 3 1
-127 -277 2 1
-122 -285 4 1
-122 -284 4 1
-134 -257 15 0
-127 -280 4 1
-118 -283 5 0
-108 -253 10 0
-128 -258 10 1
-111 -253 8 0
-111 -254 9 0
-108 -251 7 0
-106 -252 8 0
-150 -280 7 1
-109 -254 7 0
-134 -275 13 0
-135 -281 12 0
-108 -252 6 0
-134 -283 12 0
-131 -273 11 0
-129 -279 11 0
-107 -251 5 0
-127 -280 11 0
-109 -252 5 0
-129 -276 10 0
-127 -274 10 0
-131 -263 10 1
-137 -251 10 2
-136 -251 9 1
-127 -267 11 0
-128 -267 11 0
-148 -252 12 2
-130 -267 12 1
-129 -267 12 1
-111 -252 4 0
-102 -280 3 1
-103 -280 3 1
-102 -272 9 0
-101 -273 8 0
-101 -280 9 0
-140 -276 10 1
-137 -284 10 0
-137 -283 11 0
-110 -251 9 0
-133 -283 11 0
-137 -255 13 0
-138 -254 14 0
-139 -256 15 0
-136 -261 16 0
-136 -253 16 0
-135 -252 12 1
-135 -253 12 1
-150 -258 18 0
-150 -259 15 0
-150 -260 16 0
-150 -262 14 0
-129 -252 9 1
-129 -252 8 1
-129 -252 7 1
-128 -252 8 2
-130 -279 10 0
-129 -279 9 0
-107 -277 9 0
-150 -293 11 0
-148 -290 12 0
-150 -291 13 0
-150 -290 13 0
-148 -288 4 1
-149 -288 4 1
-148 -291 7 0
-149 -291 7 1
-149 -290 8 0
-107 -280 7 0
-145 -257 13 1
-145 -256 13 1
-150 -257 12 1
-142 -255 13 0
-143 -255 13 1
-144 -255 13 1
-144 -255 14 1
-145 -255 14 1
-147 -260 13 0
-146 -259 14 0
-146 -258 14 0
-146 -257 14 1
-149 -253 16 0
-143 -251 14 0
-121 -264 13 0
-138 -254 9 1
-142 -251 13 1
-142 -251 12 1
-142 -252 13 1
-142 -252 12 1
-142 -252 11 2
-140 -253 12 1
-140 -251 13 0
-140 -284 14 0
-140 -283 13 0
-136 -278 15 0
-137 -279 14 0
-137 -279 13 0
-142 -280 14 0
-137 -283 15 0
-143 -256 11 1
-110 -277 2 1
-111 -274 1 1
-112 -277 2 2
-112 -277 1 1
-142 -281 16 0
-142 -281 15 0
-142 -281 14 0
-123 -274 13 0
-149 -260 12 0
-146 -263 12 0
-146 -262 12 0
-121 -252 14 0
-124 -276 12 0
-149 -262 14 0
-125 -273 13 0
-150 -260 15 0
-147 -271 12 0
-144 -268 11 1
-144 -268 10 1
-125 -276 5 0
-132 -267 17 0
-134 -271 17 0
-132 -281 9 0
-133 -274 9 0
-133 -275 9 0
-133 -276 10 0
-134 -278 10 0
-137 -281 9 0
-137 -265 18 0
-139 -269 19 0
-134 -266 18 0
-137 -266 18 0
-139 -269 18 0
-136 -268 19 0
-135 -269 17 0
-141 -270 18 0
-140 -270 17 0
-135 -273 18 0
-139 -272 19 0
-134 -269 18 0
-137 -268 19 0
-136 -271 19 0
-134 -270 18 0
-141 -271 18 0
-135 -274 18 0
-137 -269 18 0
-137 -270 17 0
-136 -272 19 0
-136 -272 18 0
-136 -272 17 0
-133 -274 17 0
-139 -269 17 0
-140 -272 17 0
-135 -275 18 0
-139 -274 19 0
-138 -274 18 0
-138 -271 16 0
-139 -275 19 0
-138 -274 17 0
-136 -273 19 0
-136 -273 18 0
-139 -270 17 0
-135 -276 18 0
-137 -271 18 0
-139 -275 18 0
-136 -274 19 0
-136 -274 18 0
-133 -276 16 0
-135 -277 18 0
-138 -276 17 0
-136 -275 19 0
-134 -273 17 0
-135 -278 17 0
-137 -273 18 0
-137 -273 17 0
-139 -277 18 0
-136 -275 18 0
-136 -275 17 0
-136 -281 15 0
-142 -278 15 0
-133 -278 16 0
-135 -279 17 0
-136 -278 16 0
-136 -276 18 0
-134 -280 13 0
-140 -277 16 0
-136 -280 17 0
-138 -278 16 0
-136 -277 18 0
-136 -283 14 0
-134 -279 14 0
-134 -276 16 0
-135 -276 15 0
-138 -284 11 0
-134 -282 12 0
-137 -282 13 0
-134 -280 14 0
-137 -284 13 0
-137 -283 13 0
-137 -282 15 0
-135 -283 11 0
-138 -285 12 0
-141 -282 15 0
-142 -285 11 0
-138 -286 12 0
-135 -283 12 0
-138 -283 13 0
-140 -282 3 1
-139 -286 11 0
-139 -284 12 0
-139 -282 14 0
-142 -287 12 0
-142 -285 14 0
-140 -283 14 0
-137 -286 11 0
-140 -287 13 0
-140 -286 11 0
-143 -286 13 0
-139 -289 8 0
-140 -284 11 0
-131 -267 9 2
-130 -261 13 2
-127 -268 13 0
-142 -252 14 0
-118 -279 9 0
-117 -280 10 0
-117 -280 11 0
-116 -276 10 0
-120 -282 10 0
-146 -270 16 0
-110 -275 1 1
-130 -253 14 0
-123 -254 15 0
-147 -291 3 1
-133 -283 12 0
-136 -284 11 0
-136 -285 11 0
-133 -285 9 0
-133 -285 10 0
-133 -286 11 0
-136 -283 8 0
-129 -271 6 0
-125 -270 7 0
-126 -269 7 0
-127 -268 7 0
-128 -268 7 0
-131 -270 7 1
-125 -266 7 0
-148 -281 7 1
-122 -256 14 0
-122 -257 14 0
-116 -259 9 0
-117 -260 10 0
-117 -260 11 0
-115 -257 9 0
-115 -256 10 0
-132 -258 5 1
-132 -259 7 2
-132 -259 6 2
-101 -261 4 0
-132 -259 5 1
-114 -265 2 2
-101 -260 0 1
-101 -259 0 1
-144 -259 10 1
-144 -259 11 2
-110 -252 5 0
-143 -259 11 2
-128 -255 15 0
-107 -269 8 0
-107 -269 7 0
-106 -269 6 0
-133 -262 6 1
-133 -263 6 2
-147 -287 4 1
-144 -288 6 1
-145 -289 6 1
-145 -290 6 1
-145 -291 6 1
-145 -291 5 2
-145 -291 4 2
-134 -261 6 1
-134 -262 6 1
-101 -275 3 2
-138 -276 11 2
-138 -277 11 1
-130 -275 7 0
-132 -274 7 0
-132 -273 7 0
-135 -279 12 0
-140 -274 15 0
-140 -273 16 0
-139 -273 16 0
-138 -272 17 0
-138 -272 18 0
-142 -277 17 0
-142 -272 15 0
-147 -255 16 0
-144 -252 18 0
-145 -252 17 0
-145 -253 16 0
-147 -262 16 0
-147 -261 16 0
-148 -260 18 0
-145 -258 17 0
-142 -283 8 1
-143 -283 9 0
-143 -283 10 0
-143 -282 11 0
-145 -279 9 0
-145 -280 9 0
-145 -280 10 0
-145 -281 11 0
-127 -276 10 0
-126 -275 6 0
-126 -275 7 0
-146 -257 9 1
-146 -257 8 1
-146 -258 8 2
-124 -260 3 2
-145 -289 13 0
-145 -291 11 0
-143 -287 11 0
-143 -290 10 0
-142 -291 10 0
-143 -288 9 0
-144 -291 8 0
-143 -292 8 0
-122 -258 5 1
-121 -258 5 0
-120 -253 5 0
-120 -254 5 0
-122 -262 5 0
-122 -261 5 0
-121 -260 5 0
-144 -291 11 0
-144 -291 12 0
-144 -290 8 0
-143 -291 8 0
-142 -292 8 0
-129 -253 17 0
-145 -288 7 1
-124 -259 7 0
-121 -258 6 0
-115 -259 7 0
-121 -254 8 0
-121 -254 7 0
-121 -255 7 0
-120 -256 6 0
-120 -261 8 0
-121 -255 16 0
-144 -288 13 0
-147 -289 13 0
-144 -289 10 0
-143 -290 11 0
-143 -291 12 0
-142 -289 10 0
-141 -290 10 0
-143 -289 8 0
-143 -290 8 0
-142 -291 8 0
-141 -291 8 0
-143 -292 5 0
-142 -290 3 1
-142 -290 4 1
-142 -290 5 1
-124 -254 19 0
-119 -252 11 0
-119 -255 13 0
-120 -255 13 0
-125 -251 13 0
-124 -251 13 0
-143 -287 12 0
-143 -287 13 0
-143 -289 10 0
-142 -290 12 0
-145 -290 11 0
-141 -289 10 0
-140 -289 10 0
-141 -290 8 0
-140 -291 8 0
-138 -289 5 1
-138 -289 6 1
-138 -289 7 1
-138 -288 5 1
-138 -288 6 1
-138 -288 7 1
-142 -291 5 0
-147 -292 3 1
-111 -276 10 0
-113 -280 11 0
-113 -280 10 0
-118 -270 11 0
-119 -275 10 0
-119 -276 10 0
-119 -277 10 0
-118 -278 11 0
-122 -273 9 0
-124 -274 10 0
-121 -279 10 0
-122 -278 10 0
-123 -277 10 0
-124 -277 10 0
-126 -271 10 0
-118 -252 12 0
-117 -253 12 0
-113 -279 8 0
-116 -281 9 0
-121 -251 12 0
-121 -251 16 0
-136 -276 13 1
-136 -277 12 1
-136 -278 12 0
-133 -281 14 0
-134 -281 13 0
-135 -281 13 0
-139 -276 14 0
-138 -278 12 1
-138 -284 14 0
-138 -283 14 0
-136 -267 5 1
-130 -267 6 1
-130 -267 5 1
-130 -267 4 2
-130 -268 6 1
-122 -251 8 0
-123 -251 9 0
-125 -252 8 1
-125 -252 9 1
-121 -253 9 0
-122 -253 10 0
-122 -252 11 0
-131 -267 4 1
-108 -269 7 0
-107 -271 7 0
-110 -278 8 0
-124 -274 5 0
-102 -273 8 0
-103 -273 8 0
-105 -274 7 0
-106 -274 7 0
-106 -279 9 0
-106 -278 8 0
-106 -277 8 0
-106 -276 8 0
-104 -275 9 0
-109 -271 9 0
-146 -282 11 0
-147 -282 11 0
-147 -258 10 2
-147 -258 11 1
-116 -272 8 0
-150 -275 15 0
-129 -254 12 0
-134 -261 11 1
-134 -261 12 1
-127 -253 18 0
-144 -263 12 0
-146 -261 13 0
-148 -253 13 1
-139 -265 9 2
-136 -258 17 0
-134 -257 19 0
-127 -256 18 0
-112 -276 8 0
-113 -277 8 0
-114 -278 8 0
-111 -272 8 0
-111 -271 8 0
-111 -270 8 0
-111 -269 8 0
-109 -275 7 0
-108 -275 7 0
-108 -276 7 0
-107 -277 7 0
-110 -273 7 0
-131 -267 10 2
-147 -274 18 0
-148 -271 14 0
-139 -285 8 0
-140 -285 8 0
-141 -286 9 0
-136 -286 8 0
-136 -287 8 0
-136 -288 9 0
-138 -285 7 0
-129 -253 11 0
-138 -253 11 2
-137 -254 10 2
-137 -254 11 2
-126 -268 11 0
-127 -261 10 1
-128 -263 16 0
-129 -267 16 0
-127 -266 17 0
-147 -253 13 1
-132 -253 14 0
-135 -251 13 0
-135 -252 13 0
-136 -253 13 0
-133 -252 12 0
-133 -253 12 0
-136 -251 11 1
-137 -251 11 1
-135 -252 9 1
-150 -254 9 2
-150 -254 8 2
-150 -255 8 1
-150 -256 8 1
-131 -265 14 0
-129 -267 15 0
-141 -252 10 2
-141 -252 11 2
-141 -252 12 1
-141 -251 10 2
-122 -277 11 0
-123 -276 10 0
-121 -270 11 0
-122 -271 11 0
-122 -272 11 0
-122 -273 10 0
-119 -276 12 0
-121 -276 11 0
-125 -271 12 0
-124 -272 11 0
-124 -279 13 0
-124 -278 12 0
-131 -262 4 1
-130 -264 4 2
-130 -264 5 1
-130 -263 4 1
-130 -262 4 2
-129 -264 4 2
-129 -264 5 1
-129 -264 6 1
-137 -263 11 1
-141 -261 9 1
-134 -272 11 2
-138 -268 18 0
-133 -252 15 0
-121 -258 12 0
-120 -259 13 0
-119 -258 11 0
-112 -281 4 2
-112 -281 3 2
-148 -259 16 0
-149 -260 17 0
-112 -282 3 1
-112 -283 5 1
-112 -283 4 1
-130 -270 11 1
-128 -264 10 0
-129 -254 18 0
-131 -258 18 0
-130 -258 17 0
-135 -271 9 2
-141 -270 10 1
-142 -270 10 1
-142 -270 9 1
-142 -270 8 2
-138 -271 10 0
-141 -270 11 0
-147 -259 12 1
-139 -259 11 2
-133 -277 14 0
-130 -277 11 0
-129 -277 12 0
-143 -272 18 0
-139 -272 15 0
-138 -272 16 0
-137 -271 17 0
-141 -271 15 0
-141 -271 16 0
-148 -263 16 0
-142 -269 17 0
-136 -274 16 0
-139 -271 15 0
-139 -276 15 0
-139 -277 15 0
-138 -277 15 0
-142 -271 15 0
-139 -273 14 0
-138 -272 14 0
-137 -272 15 0
-111 -255 4 0
-112 -255 5 0
-111 -258 3 1
-143 -268 11 1
-144 -269 12 0
-125 -258 7 1
-149 -280 17 0
-149 -280 20 0
-148 -280 21 0
-128 -260 6 2
-150 -279 18 0
-149 -279 19 0
-139 -283 5 2
-145 -264 13 0
-128 -275 11 0
-114 -279 6 0
-113 -279 5 0
-121 -281 5 0
-118 -281 4 1
-119 -281 3 1
-118 -275 3 2
-118 -275 2 1
-139 -251 12 1
-118 -274 2 1
-118 -274 3 1
-117 -275 2 2
-117 -275 3 2
-117 -275 4 1
-117 -274 2 1
-117 -274 3 1
-120 -251 13 0
-120 -251 12 0
-120 -254 10 0
-120 -252 9 0
-120 -252 8 0
-109 -272 7 0
-149 -262 13 0
-150 -263 14 0
-147 -262 12 0
-147 -264 12 0
-141 -281 11 0
-144 -260 8 2
-145 -261 7 1
-145 -261 8 1
-145 -260 7 1
-145 -260 8 1
-145 -259 7 1
-145 -259 8 1
-144 -261 7 1
-144 -261 8 1
-144 -260 7 1
-144 -259 7 1
-144 -259 8 1
-143 -261 7 1
-143 -261 8 1
-143 -260 7 1
-143 -260 8 1
-143 -260 9 1
-143 -259 7 1
-143 -259 8 1
-143 -259 9 1
-147 -259 7 1
-116 -273 6 0
-133 -270 15 0
-134 -271 15 0
-149 -261 14 0
-131 -268 13 1
-130 -268 14 0
-143 -251 19 0
-145 -252 16 0
-146 -253 19 0
-150 -257 17 0
-150 -257 18 0
-132 -265 13 1
-143 -253 17 0
-127 -264 8 0
-143 -265 13 0
-129 -271 15 0
-136 -271 14 0
-137 -271 14 0
-135 -272 15 0
-136 -272 15 0
-132 -272 13 1
-132 -273 13 0
-131 -274 14 0
-128 -269 13 0
-110 -277 3 2
-134 -272 13 1
-135 -273 13 1
-136 -274 13 1
-129 -273 12 0
-133 -272 12 1
-133 -273 12 1
-133 -274 11 0
-133 -275 11 0
-127 -252 12 1
-131 -251 10 1
-130 -251 10 0
-130 -251 11 0
-129 -252 12 0
-127 -251 12 0
-131 -255 11 0
-130 -254 11 0
-135 -251 9 1
-142 -251 16 0
-145 -264 10 2
-122 -264 13 0
-149 -253 17 0
-122 -265 13 0
-130 -262 12 1
-124 -260 12 0
-146 -259 10 1
-123 -259 12 0
-122 -258 12 0
-126 -261 12 0
-139 -278 13 1
-139 -277 13 1
-140 -285 13 0
-112 -272 8 0
-108 -275 10 0
-109 -275 10 0
-103 -276 8 0
-102 -277 10 0
-107 -274 10 0
-102 -274 8 0
-102 -274 9 0
-118 -276 1 1
-117 -277 1 1
-117 -276 1 1
-116 -277 1 1
-116 -277 2 1
-116 -277 3 1
-116 -276 1 1
-116 -276 2 2
-116 -276 3 1
-117 -278 5 0
-116 -278 8 0
-116 -278 9 0
-115 -278 11 0
-135 -274 15 0
-133 -273 13 1
-137 -273 12 1
-134 -268 18 0
-137 -269 17 0
-137 -270 18 0
-135 -267 16 0
-134 -270 16 0
-138 -251 9 1
-138 -251 10 2
-138 -251 11 2
-140 -263 10 1
-128 -280 13 0
-139 -251 10 2
-132 -262 11 0
-127 -266 12 0
-140 -251 14 0
-140 -253 15 0
-117 -264 2 1
-117 -265 4 1
-117 -265 3 1
-117 -265 2 1
-118 -264 4 1
-118 -264 3 2
-118 -264 2 1
-118 -265 4 1
-101 -252 11 0
-118 -265 3 2
-118 -265 2 1
-117 -264 3 2
-120 -263 5 0
-119 -262 5 0
-118 -262 5 0
-116 -265 6 0
-129 -262 9 1
-132 -259 8 2
-131 -260 8 1
-132 -259 9 1
-148 -283 10 0
-149 -279 11 0
-149 -278 11 0
-149 -278 12 0
-116 -264 6 0
-147 -284 10 0
-146 -286 10 0
-150 -280 10 0
-116 -263 6 0
-149 -283 9 0
-150 -285 10 0
-150 -282 9 0
-112 -263 6 0
-113 -263 6 0
-119 -264 7 0
-111 -259 7 0
-135 -286 7 0
-133 -287 7 0
-137 -288 6 0
-137 -289 6 0
-140 -287 7 1
-140 -286 7 1
-140 -285 7 1
-139 -287 7 1
-139 -285 7 1
-135 -287 5 0
-137 -287 6 1
-137 -286 6 1
-137 -284 6 1
-136 -283 5 1
-138 -284 9 0
-138 -285 11 0
-136 -285 9 0
-136 -285 10 0
-136 -286 10 0
-135 -286 11 0
-138 -260 8 1
-135 -282 10 0
-137 -285 8 0
-138 -286 9 0
-138 -287 10 0
-138 -288 10 0
-148 -257 16 0
-131 -267 14 0
-109 -269 5 0
-109 -270 5 0
-110 -270 7 0
-108 -268 5 0
-109 -272 5 0
-109 -269 7 0
-107 -271 8 0
-106 -273 10 0
-111 -270 6 0
-109 -271 5 0
-108 -271 5 0
-108 -273 6 0
-110 -269 3 1
-110 -269 2 2
-110 -269 1 1
-111 -271 4 0
-109 -271 4 0
-108 -271 4 0
-110 -269 6 0
-109 -269 6 0
-107 -268 7 0
-109 -271 8 0
-107 -271 6 0
-104 -274 9 0
-131 -270 5 2
-132 -270 6 2
-132 -270 5 2
-125 -268 5 0
-127 -268 6 0
-130 -272 6 1
-130 -271 6 1
-130 -270 6 1
-126 -271 7 0
-127 -270 7 0
-128 -270 7 0
-131 -281 14 0
-131 -275 12 0
-129 -278 11 0
-138 -260 16 0
-139 -267 15 0
-139 -268 15 0
-139 -268 16 0
-138 -263 15 0
-137 -263 15 0
-136 -263 15 0
-135 -263 15 0
-119 -251 11 0
-119 -252 10 0
-143 -268 15 0
-141 -259 14 1
-138 -266 14 0
-136 -267 14 0
-146 -263 10 2
-146 -264 11 1
-146 -264 9 1
-101 -272 2 1
-101 -272 3 1
-102 -279 6 0
-101 -280 3 2
-132 -267 11 1
-139 -268 12 0
-137 -252 12 1
-148 -256 11 2
-148 -256 12 2
-146 -254 16 0
-148 -256 19 0
-148 -256 18 0
-147 -256 17 0
-135 -254 14 0
-136 -253 14 0
-127 -260 10 1
-128 -262 7 1
-126 -259 16 0
-130 -261 10 0
-131 -261 9 1
-126 -261 9 0
-131 -258 9 1
-129 -262 8 1
-131 -260 5 1
-131 -260 6 2
-119 -259 6 0
-113 -254 5 0
-113 -253 6 0
-113 -261 5 0
-113 -262 5 0
-116 -257 4 1
-117 -256 4 1
-118 -256 5 0
-119 -255 5 0
-110 -257 5 0
-116 -259 4 1
-116 -260 4 1
-117 -261 4 1
-117 -262 4 1
-115 -255 4 0
-115 -254 4 0
-115 -253 4 0
-116 -258 4 1
-117 -258 4 1
-118 -258 4 1
-119 -258 3 2
-120 -258 3 2
-115 -263 3 2
-116 -264 2 1
-116 -264 3 2
-116 -264 4 1
-116 -263 2 1
-116 -263 3 1
-116 -263 4 1
-116 -262 2 2
-116 -262 3 2
-115 -264 2 1
-115 -264 3 2
-115 -264 4 1
-115 -263 2 2
-115 -263 4 1
-115 -262 2 2
-115 -262 3 1
-114 -264 4 1
-114 -263 4 1
-145 -267 17 0
-132 -263 13 1
-130 -268 13 1
-116 -252 11 0
-117 -251 7 0
-143 -269 18 0
-116 -252 7 0
-116 -253 8 0
-137 -287 9 0
-136 -286 9 0
-136 -285 8 0
-133 -282 10 0
-137 -283 8 0
-134 -286 11 0
-134 -285 10 0
-135 -285 9 0
-136 -282 9 0
-137 -285 12 0
-137 -285 11 0
-134 -287 2 1
-134 -282 5 0
-137 -282 4 1
-137 -282 3 1
-137 -282 2 1
-138 -282 3 2
-138 -282 2 1
-131 -285 5 0
-132 -280 5 0
-136 -285 5 1
-135 -285 5 0
-134 -284 6 0
-133 -281 6 0
-132 -288 5 0
-132 -287 6 0
-132 -286 6 0
-132 -284 6 0
-135 -283 6 0
-134 -283 6 0
-133 -283 6 0
-128 -286 6 0
-131 -284 7 0
-135 -287 7 0
-134 -285 7 0
-133 -284 7 0
-134 -282 7 0
-131 -287 8 0
-131 -286 8 0
-131 -285 7 0
-136 -284 9 0
-134 -283 7 0
-133 -280 8 0
-133 -282 7 0
-133 -287 10 0
-133 -286 9 0
-133 -285 8 0
-133 -284 8 0
-133 -283 7 0
-130 -285 10 0
-131 -285 10 0
-131 -284 9 0
-134 -284 11 0
-133 -284 10 0
-133 -284 9 0
-131 -283 9 0
-104 -252 7 0
-105 -251 6 0
-104 -251 9 0
-104 -251 5 0
-105 -253 7 0
-105 -252 7 0
-106 -251 6 0
-108 -253 8 0
-116 -280 2 2
-144 -256 9 1
-148 -252 17 0
-150 -253 15 0
-150 -251 14 0
-147 -254 14 1
-149 -254 14 0
-140 -251 16 0
-137 -271 13 1
-131 -267 6 2
-131 -267 5 2
-139 -271 8 1
-139 -270 6 1
-106 -252 4 0
-139 -270 7 2
-107 -260 4 0
-107 -259 4 0
-106 -258 4 0
-109 -254 5 0
-108 -255 4 0
-107 -256 4 0
-106 -256 4 0
-104 -261 5 0
-104 -260 5 0
-105 -258 4 0
-103 -252 5 0
-109 -258 5 0
-107 -257 4 0
-103 -258 5 0
-107 -253 6 0
-107 -254 6 0
-106 -254 5 0
-106 -261 6 0
-106 -260 6 0
-106 -259 5 0
-105 -258 5 0
-102 -255 6 0
-104 -256 5 0
-108 -256 7 0
-108 -256 6 0
-150 -289 7 1
-149 -256 11 1
-142 -259 11 2
-144 -264 14 0
-145 -264 14 0
-150 -290 8 0
-138 -262 14 0
-137 -261 14 0
-137 -260 14 1
-140 -265 14 0
-140 -266 14 0
-140 -267 14 0
-140 -268 13 0
-119 -253 6 0
-118 -260 7 0
-119 -259 7 0
-121 -255 8 0
-118 -258 9 0
-119 -254 10 0
-149 -289 11 0
-132 -268 10 1
-103 -275 5 0
-101 -275 4 1
-101 -275 2 1
-101 -276 2 1
-101 -277 4 1
-101 -277 3 2
-101 -277 2 1
-101 -276 3 2
-124 -253 2 1
-124 -254 2 1
-125 -253 2 1
-125 -254 2 1
-125 -255 2 1
-119 -260 7 0
-119 -258 9 0
-120 -258 9 0
-104 -279 2 1
-105 -277 2 1
-105 -278 2 1
-105 -279 4 2
-105 -279 3 1
-105 -279 2 1
-105 -278 3 2
-111 -280 5 1
-111 -275 5 0
-133 -262 15 0
-136 -267 12 0
-134 -259 9 1
-140 -264 8 1
-140 -263 8 1
-134 -270 10 1
-139 -263 8 1
-141 -264 11 1
-138 -265 9 2
-139 -265 11 1
-136 -266 12 0
-134 -259 15 0
-137 -254 16 0
-137 -264 9 2
-137 -264 10 1
-147 -253 17 0
-131 -266 8 2
-131 -266 9 2
-133 -267 10 2
-133 -266 7 2
-133 -267 9 2
-133 -267 8 2
-133 -267 7 2
-133 -268 7 1
-134 -266 9 1
-134 -266 7 2
-134 -267 7 2
-134 -268 9 2
-134 -268 8 2
-134 -268 7 2
-135 -267 8 1
-135 -267 7 2
-147 -251 19 0
-123 -268 13 0
-124 -261 12 0
-131 -264 17 0
-127 -269 12 0
-149 -265 13 0
-134 -266 15 0
-130 -266 14 0
-125 -261 9 0
-125 -261 10 0
-125 -261 11 0
-128 -262 8 0
-127 -262 9 0
-150 -257 9 1
-135 -263 11 0
-134 -264 11 0
-132 -272 12 1
-132 -271 12 2
-146 -283 6 1
-146 -283 5 2
-147 -281 7 1
-147 -282 5 1
-140 -260 12 1
-140 -260 11 2
-110 -265 1 1
-110 -266 3 1
-110 -266 2 2
-110 -266 1 1
-114 -268 6 0
-108 -262 6 0
-109 -270 6 0
-108 -266 5 0
-111 -268 5 0
-112 -269 5 0
-110 -267 3 1
-110 -268 4 0
-108 -262 1 1
-108 -262 3 1
-112 -264 4 0
-109 -264 3 1
-109 -264 2 2
-109 -264 1 1
-110 -264 3 1
-110 -264 2 2
-110 -264 1 1
-106 -257 8 0
-105 -257 9 0
-108 -258 6 0
-108 -259 8 0
-109 -256 4 0
-107 -255 5 0
-105 -256 8 0
-105 -256 9 0
-106 -255 5 0
-105 -258 7 0
-106 -254 4 0
-106 -254 6 0
-106 -253 8 0
-104 -258 8 0
-104 -254 6 0
-107 -254 5 0
-105 -255 8 0
-134 -271 7 2
-134 -271 6 2
-134 -271 5 1
-135 -271 7 2
-135 -271 6 2
-118 -253 5 0
-114 -251 3 1
-101 -252 6 0
-101 -251 7 0
-103 -254 8 0
-102 -254 8 0
-102 -252 10 0
-101 -252 9 0
-101 -252 8 0
-101 -253 2 2
-101 -253 1 2
-101 -253 0 1
-149 -278 5 1
-149 -279 7 2
-130 -264 6 2
-130 -264 7 1
-130 -264 8 1
-133 -262 16 0
-136 -259 7 1
-133 -263 16 0
-134 -263 15 0
-133 -266 15 0
-114 -266 1 1
-132 -263 5 1
-132 -262 5 1
-131 -263 5 1
-131 -262 5 1
-130 -263 5 2
-130 -262 5 2
-138 -268 10 0
-141 -264 8 1
-120 -266 3 2
-120 -266 4 1
-117 -264 5 0
-118 -266 10 0
-117 -266 11 0
-117 -266 12 0
-119 -266 8 0
-119 -266 9 0
-119 -267 10 0
-120 -267 11 0
-120 -267 12 0
-117 -267 10 0
-117 -268 10 0
-116 -268 11 0
-120 -266 9 0
-116 -264 10 0
-119 -267 8 0
-119 -268 9 0
-119 -269 10 0
-119 -270 10 0
-120 -263 9 0
-116 -267 9 0
-115 -267 9 0
-126 -256 9 2
-124 -260 10 0
-123 -260 9 0
-144 -256 13 2
-142 -255 12 1
-142 -255 11 2
-148 -261 9 1
-148 -261 10 2
-148 -261 11 1
-147 -261 9 1
-147 -261 10 2
-127 -267 16 0
-127 -261 14 0
-149 -264 11 1
-146 -256 9 1
-147 -264 8 1
-147 -263 8 1
-147 -262 8 1
-146 -264 8 1
-138 -273 16 0
-138 -269 18 0
-138 -270 17 0
-140 -273 18 0
-139 -272 16 0
-137 -272 19 0
-138 -272 15 0
-139 -272 9 0
-139 -272 10 0
-139 -272 11 0
-142 -273 10 0
-141 -273 10 0
-141 -273 12 0
-140 -272 12 0
-140 -272 13 0
-138 -272 12 1
-138 -272 13 0
-139 -273 13 1
-144 -272 11 0
-139 -274 13 1
-139 -271 13 0
-142 -274 13 1
-137 -273 13 1
-138 -273 13 1
-142 -271 13 0
-141 -271 13 0
-143 -273 14 0
-136 -276 14 0
-137 -275 14 0
-143 -280 18 0
-144 -281 17 0
-149 -281 19 0
-148 -281 18 0
-148 -282 17 0
-144 -284 19 0
-144 -284 18 0
-145 -279 19 0
-147 -283 20 0
-146 -282 17 0
-144 -282 20 0
-144 -286 14 0
-144 -285 14 0
-144 -284 14 0
-140 -284 15 0
-141 -284 15 0
-142 -283 15 0
-146 -284 15 0
-142 -286 16 0
-143 -285 16 0
-148 -283 17 0
-145 -278 17 0
-145 -280 16 0
-145 -285 18 0
-145 -284 17 0
-142 -280 17 0
-146 -281 17 0
-142 -284 19 0
-142 -283 18 0
-143 -283 17 0
-144 -279 19 0
-145 -283 19 0
-143 -281 20 0
-143 -281 19 0
-143 -281 18 0
-144 -284 15 0
-144 -283 15 0
-143 -282 15 0
-141 -285 16 0
-146 -282 16 0
-138 -282 17 0
-139 -282 16 0
-125 -272 14 0
-125 -278 12 0
-131 -275 13 0
-124 -271 13 0
-126 -270 15 0
-126 -271 14 0
-128 -274 14 0
-125 -273 15 0
-123 -273 6 0
-127 -275 6 0
-123 -275 14 0
-125 -270 14 0
-125 -270 13 0
-126 -273 14 0
-124 -272 15 0
-122 -273 5 0
-120 -272 8 0
-122 -267 11 0
-122 -268 11 0
-121 -273 11 0
-121 -269 13 0
-121 -270 12 0
-124 -269 14 0
-124 -270 12 0
-124 -270 11 0
-125 -272 13 0
-123 -271 14 0
-122 -270 5 0
-124 -271 5 0
-150 -288 9 0
-124 -272 4 1
-104 -270 5 0
-104 -271 5 0
-105 -272 6 0
-130 -273 6 0
-134 -270 4 1
-132 -274 3 1
-147 -265 13 0
-102 -257 7 0
-130 -252 6 2
-131 -254 5 1
-101 -255 4 0
-103 -255 5 0
-103 -255 6 0
-104 -255 7 0
-101 -259 6 0
-102 -259 6 0
-102 -252 5 0
-104 -257 5 0
-105 -257 5 0
-133 -253 7 1
-102 -254 4 0
-137 -257 10 2
-138 -254 15 0
-140 -254 12 1
-139 -254 9 1
-139 -254 10 2
-139 -254 11 2
-139 -253 9 1
-139 -253 10 2
-123 -262 10 0
-122 -261 9 0
-127 -266 9 0
-135 -257 18 0
-137 -258 17 0
-141 -259 17 0
-147 -260 18 0
-141 -263 18 0
-142 -262 17 0
-149 -254 10 2
-144 -254 12 1
-144 -254 11 2
-136 -261 13 0
-138 -255 13 0
-139 -259 13 1
-138 -256 13 0
-135 -280 10 0
-135 -266 11 1
-135 -266 10 1
-136 -260 18 0
-104 -275 4 1
-104 -274 2 1
-104 -274 3 2
-104 -274 4 1
-103 -276 2 1
-103 -276 3 2
-103 -276 4 1
-103 -275 2 1
-103 -275 3 2
-109 -274 9 0
-110 -275 11 0
-110 -275 12 0
-109 -272 10 0
-141 -276 10 2
-133 -281 9 0
-135 -281 6 0
-144 -253 12 2
-128 -270 10 0
-128 -266 11 0
-136 -275 12 2
-139 -276 12 2
-133 -275 12 0
-138 -273 11 1
-134 -279 9 0
-132 -280 9 0
-136 -280 8 0
-136 -281 8 0
-147 -257 19 0
-124 -275 7 0
-147 -257 17 0
-150 -255 16 0
-123 -274 6 0
-125 -265 5 0
-125 -266 4 1
-124 -261 5 0
-127 -264 6 1
-117 -262 5 0
-115 -263 1 1
-115 -264 1 1
-117 -263 5 0
-117 -266 4 1
-117 -266 3 2
-117 -266 2 1
-118 -266 4 1
-120 -254 14 0
-121 -251 13 0
-118 -282 7 0
-114 -279 7 0
-142 -264 11 1
-138 -265 10 1
-147 -253 18 0
-144 -257 17 0
-144 -257 19 0
-146 -258 17 0
-139 -262 11 2
-139 -262 10 2
-139 -262 9 1
-139 -263 11 1
-140 -253 11 1
-145 -254 14 0
-147 -259 13 0
-147 -258 14 0
-128 -263 13 0
-147 -256 14 2
-150 -259 8 1
-150 -259 7 1
-150 -260 8 2
-150 -260 7 1
-150 -261 8 1
-150 -261 7 1
-147 -255 14 2
-144 -251 14 0
-145 -252 14 0
-143 -257 14 1
-150 -258 15 0
-126 -262 14 0
-138 -270 6 1
-138 -271 8 1
-132 -267 9 1
-129 -259 10 1
-124 -260 11 0
-123 -259 11 0
-106 -269 7 0
-104 -276 7 0
-103 -276 7 0
-102 -277 7 0
-135 -263 16 0
-146 -251 12 2
-129 -280 13 0
-130 -281 14 0
-129 -276 11 0
-130 -274 12 0
-131 -273 13 0
-126 -278 12 0
-143 -264 16 0
-128 -252 16 0
-127 -253 17 0
-129 -266 13 0
-136 -270 13 1
-105 -273 6 0
-140 -276 16 0
-145 -275 15 0
-145 -274 15 0
-146 -273 15 0
-143 -279 15 0
-141 -280 15 0
-142 -274 15 0
-142 -274 14 0
-145 -279 15 0
-143 -277 15 0
-145 -275 14 0
-144 -275 14 0
-144 -274 13 0
-143 -276 13 0
-142 -276 13 1
-145 -277 14 0
-145 -276 14 0
-146 -275 12 0
-146 -274 11 0
-144 -278 13 0
-146 -277 13 0
-147 -278 12 0
-145 -277 12 0
-145 -276 11 0
-143 -276 16 0
-142 -276 20 0
-144 -276 16 0
-144 -277 17 0
-144 -275 17 0
-143 -274 18 0
-150 -266 8 1
-150 -267 8 1
-149 -266 12 0
-150 -265 13 0
-148 -263 14 0
-150 -266 14 0
-150 -269 16 0
-150 -265 14 0
-149 -263 17 0
-149 -263 16 0
-150 -267 18 0
-150 -267 17 0
-150 -266 16 0
-148 -266 18 0
-123 -252 3 2
-120 -261 7 0
-129 -261 10 1
-134 -283 11 0
-150 -253 13 1
-138 -284 8 0
-140 -272 8 1
-139 -273 5 1
-140 -271 10 0
-141 -273 8 1
-140 -272 6 2
-140 -272 7 1
-140 -271 6 1
-140 -270 6 1
-142 -271 7 1
-142 -271 8 1
-142 -271 9 1
-142 -270 7 1
-142 -269 7 1
-140 -273 5 1
-101 -257 5 0
-124 -269 3 2
-124 -269 2 1
-124 -270 4 1
-145 -252 13 1
-148 -271 12 0
-147 -269 11 1
-143 -273 10 0
-144 -273 10 0
-144 -287 11 0
-113 -266 2 2
-113 -266 6 0
-113 -265 6 0
-114 -264 6 0
-115 -264 6 0
-112 -262 7 0
-113 -262 7 0
-113 -266 3 1
-115 -267 8 0
-120 -264 8 0
-112 -266 1 1
-112 -264 9 0
-112 -266 2 2
-113 -264 8 0
-114 -261 9 0
-114 -265 10 0
-115 -264 9 0
-116 -260 10 0
-112 -266 3 1
-111 -266 1 1
-111 -266 2 2
-111 -266 3 1
-111 -265 1 1
-141 -264 7 1
-141 -265 7 1
-141 -266 7 1
-136 -271 8 2
-141 -267 7 1
-137 -271 9 1
-114 -263 9 0
-116 -264 11 0
-119 -263 12 0
-119 -263 11 0
-113 -264 4 0
-112 -265 8 0
-112 -265 9 0
-112 -265 10 0
-115 -266 10 0
-106 -268 8 0
-149 -283 6 1
-148 -282 7 1
-146 -277 9 1
-146 -279 8 1
-147 -279 8 1
-148 -277 8 1
-148 -277 7 2
-148 -278 8 2
-148 -279 9 1
-148 -279 8 1
-145 -285 7 1
-145 -284 8 1
-112 -266 7 0
-150 -280 8 1
-141 -283 8 0
-146 -275 9 1
-148 -284 9 0
-147 -283 9 0
-117 -263 12 0
-117 -263 11 0
-118 -262 9 0
-118 -258 12 0
-120 -262 12 0
-120 -262 11 0
-117 -261 12 0
-118 -261 12 0
-118 -261 10 0
-110 -267 9 0
-107 -266 9 0
-111 -267 9 0
-112 -264 6 0
-112 -264 7 0
-111 -263 7 0
-111 -263 8 0
-112 -270 3 1
-112 -270 2 1
-112 -270 1 1
-110 -261 4 0
-110 -262 4 0
-110 -263 4 0
-107 -264 7 0
-140 -264 7 1
-140 -265 7 1
-133 -270 6 2
-108 -266 8 0
-108 -266 7 0
-112 -269 7 0
-111 -264 6 0
-110 -264 6 0
-109 -264 6 0
-114 -266 6 0
-115 -267 6 0
-112 -265 5 0
-112 -266 5 0
-129 -272 3 1
-129 -272 4 2
-129 -272 5 1
-129 -271 3 1
-129 -271 4 1
-129 -271 5 1
-132 -272 3 1
-132 -272 4 2
-132 -272 5 2
-131 -272 3 1
-131 -272 4 2
-131 -272 5 1
-130 -272 3 1
-130 -272 4 1
-130 -272 5 1
-129 -270 3 1
-129 -270 4 2
-139 -284 5 2
-139 -284 6 1
-139 -283 4 1
-139 -282 4 1
-138 -284 4 1
-138 -284 5 2
-138 -284 6 1
-138 -283 4 2
-138 -283 5 1
-138 -283 6 1
-138 -282 4 2
-145 -279 4 1
-145 -279 5 2
-145 -279 6 1
-145 -278 4 1
-145 -278 5 2
-145 -278 6 2
-145 -277 4 1
-145 -277 5 1
-145 -277 6 2
-144 -279 4 1
-144 -278 4 1
-144 -277 4 1
-143 -279 4 1
-143 -278 4 1
-143 -277 4 1
-143 -278 17 0
-148 -277 16 0
-146 -267 15 0
-146 -268 15 0
-147 -270 14 0
-124 -259 17 0
-143 -272 16 0
-144 -272 16 0
-145 -272 15 0
-146 -271 15 0
-149 -267 17 0
-149 -268 16 0
-148 -273 16 0
-144 -269 17 0
-145 -269 16 0
-146 -270 15 0
-121 -275 14 0
-149 -270 16 0
-148 -270 15 0
-146 -273 18 0
-146 -273 17 0
-146 -272 16 0
-127 -260 8 1
-126 -263 15 0
-127 -264 17 0
-126 -261 15 0
-126 -261 16 0
-126 -260 17 0
-120 -255 12 0
-124 -265 16 0
-124 -265 17 0
-128 -263 15 0
-129 -262 16 0
-125 -263 13 0
-125 -262 14 0
-149 -252 16 0
-147 -255 15 1
-150 -252 15 0
-121 -277 4 1
-114 -272 3 1
-143 -253 16 0
-144 -259 15 0
-144 -261 16 0
-146 -251 13 1
-140 -259 13 1
-145 -263 13 0
-140 -266 15 0
-142 -258 13 1
-141 -258 13 2
-140 -258 13 2
-138 -258 11 2
-148 -260 12 0
-125 -255 11 1
-123 -261 10 0
-128 -257 10 1
-129 -256 10 0
-124 -257 11 0
-126 -256 11 1
-126 -256 10 2
-131 -263 12 1
-150 -258 16 0
-146 -279 12 0
-146 -278 13 0
-148 -253 11 1
-127 -251 13 0
-127 -252 13 0
-129 -258 13 0
-129 -257 13 0
-122 -252 14 0
-123 -253 13 0
-124 -253 13 1
-131 -251 14 0
-129 -252 13 0
-128 -252 13 0
-146 -257 15 1
-145 -256 18 0
-146 -256 18 0
-137 -252 9 1
-137 -253 11 2
-137 -253 10 2
-137 -253 9 1
-142 -251 11 1
-139 -253 12 1
-139 -252 12 1
-141 -252 14 0
-125 -265 13 0
-133 -282 11 0
-131 -275 11 0
-131 -274 11 0
-129 -275 10 0
-130 -276 10 0
-131 -277 11 0
-150 -281 5 1
-150 -281 6 2
-150 -281 7 1
-149 -281 5 2
-149 -281 6 2
-149 -281 7 1
-149 -285 4 1
-149 -285 5 2
-149 -285 6 1
-149 -284 4 1
-149 -284 5 2
-149 -284 6 1
-149 -283 4 1
-149 -283 5 1
-149 -282 4 2
-149 -282 5 2
-149 -282 6 1
-149 -281 4 1
-103 -276 5 1
-138 -266 10 1
-138 -264 9 2
-138 -264 10 1
-104 -278 5 1
-141 -265 10 2
-140 -265 11 1
-138 -268 8 2
-138 -268 9 1
-138 -267 7 2
-138 -267 8 2
-138 -267 9 1
-138 -266 7 1
-101 -272 5 0
-102 -273 5 0
-102 -276 11 0
-102 -276 8 0
-127 -254 14 0
-146 -281 14 0
-150 -281 12 0
-144 -279 12 0
-148 -283 11 0
-148 -285 12 0
-148 -280 10 0
-148 -279 11 0
-149 -277 12 0
-145 -277 11 0
-146 -285 10 0
-145 -286 10 0
-149 -280 9 1
-148 -261 17 0
-150 -285 9 0
-148 -276 9 1
-143 -284 9 0
-150 -281 9 1
-109 -277 6 0
-113 -273 5 0
-113 -274 5 0
-147 -284 8 1
-147 -285 8 1
-150 -277 8 1
-148 -282 9 0
-149 -283 8 1
-109 -281 8 0
-146 -286 5 2
-146 -286 6 1
-146 -286 7 1
-146 -285 7 1
-146 -284 7 2
-145 -286 5 2
-145 -286 6 1
-145 -286 7 1
-145 -285 5 2
-145 -284 5 2
-144 -286 5 2
-144 -286 6 1
-144 -286 7 1
-144 -285 5 2
-144 -284 5 1
-148 -283 7 1
-150 -283 3 1
-150 -283 4 1
-150 -283 5 2
-150 -282 3 1
-150 -282 4 1
-150 -282 5 2
-150 -281 3 1
-150 -281 4 1
-149 -283 3 1
-149 -282 3 1
-149 -281 3 1
-148 -283 3 1
-148 -282 3 1
-119 -278 2 1
-140 -267 12 0
-140 -267 11 1
-140 -268 10 1
-140 -262 11 2
-124 -255 9 1
-136 -269 16 0
-125 -258 10 1
-125 -258 9 1
-125 -258 8 1
-126 -267 14 0
-125 -267 15 0
-126 -251 10 1
-131 -268 4 1
-135 -257 14 0
-115 -277 7 0
-114 -280 7 0
-115 -279 7 0
-118 -281 7 0
-112 -277 7 0
-133 -256 12 0
-120 -259 8 0
-119 -258 7 0
-119 -258 6 0
-117 -258 9 0
-117 -258 8 0
-118 -256 1 1
-117 -255 4 1
-120 -256 4 1
-120 -256 3 2
-120 -256 2 1
-120 -257 4 1
-120 -257 3 2
-120 -257 2 1
-117 -260 1 1
-117 -261 2 2
-117 -261 1 1
-120 -258 2 1
-120 -259 4 1
-120 -259 2 1
-120 -260 4 1
-120 -260 3 1
-120 -260 2 1
-121 -258 3 2
-121 -258 2 1
-137 -270 7 1
-137 -269 5 1
-137 -268 5 1
-136 -270 5 1
-126 -252 19 0
-136 -270 7 1
-136 -269 5 1
-136 -268 5 1
-135 -270 5 1
-135 -270 6 2
-135 -270 7 2
-135 -269 5 1
-135 -268 5 1
-128 -252 15 0
-124 -276 3 2
-124 -276 4 1
-125 -277 5 0
-122 -276 3 2
-123 -277 2 1
-123 -277 3 1
-123 -277 4 1
-102 -275 7 0
-123 -254 16 0
-125 -251 16 0
-133 -257 13 0
-150 -289 5 1
-150 -289 4 1
-150 -290 6 1
-150 -290 5 1
-150 -290 4 1
-150 -291 6 1
-150 -291 5 2
-150 -291 4 1
-132 -257 13 0
-131 -257 13 0
-132 -261 14 1
-131 -259 14 1
-133 -254 15 0
-132 -255 14 0
-133 -258 16 0
-131 -257 14 0
-130 -254 15 0
-143 -259 19 0
-145 -260 17 0
-143 -261 17 0
-124 -255 16 0
-132 -275 7 0
-126 -254 19 0
-136 -276 7 1
-133 -277 8 0
-133 -275 8 0
-138 -275 9 1
-128 -251 18 0
-127 -254 19 0
-127 -254 18 0
-137 -273 11 2
-137 -273 10 2
-135 -273 9 2
-134 -272 10 2
-135 -275 11 1
-150 -289 8 1
-128 -252 17 0
-128 -253 16 0
-130 -256 18 0
-135 -274 7 1
-136 -274 7 2
-140 -255 10 2
-149 -286 17 0
-144 -260 12 1
-127 -254 13 0
-147 -256 15 1
-142 -252 9 1
-142 -251 9 1
-111 -281 4 1
-111 -281 3 1
-126 -274 5 0
-126 -274 6 0
-128 -276 5 1
-127 -275 7 0
-126 -273 8 0
-149 -271 11 1
-149 -271 10 2
-148 -300 6 1
-149 -300 6 1
-150 -300 7 1
-149 -296 7 1
-148 -299 8 0
-149 -299 8 0
-150 -299 8 0
-150 -298 11 0
-150 -298 10 0
-150 -297 7 1
-150 -298 7 1
-148 -300 8 0
-150 -300 8 0
-150 -299 11 0
-150 -299 6 2
-150 -299 5 1
-150 -299 4 1
-150 -300 6 1
-150 -300 5 1
-150 -300 4 1
-149 -300 8 0
-150 -289 13 0
-136 -273 16 0
-137 -276 16 0
-134 -274 16 0
-134 -273 16 0
-131 -274 15 0
-123 -268 10 0
-118 -265 10 0
-120 -264 12 0
-121 -264 12 0
-114 -265 11 0
-116 -269 3 1
-116 -269 2 1
-116 -269 1 1
-116 -270 3 1
-116 -270 2 1
-116 -270 1 1
-112 -270 7 0
-112 -261 8 0
-115 -269 9 0
-111 -264 9 0
-112 -268 10 0
-113 -263 10 0
-115 -267 10 0
-112 -265 11 0
-126 -271 9 0
-128 -273 10 0
-132 -273 8 0
-129 -271 7 0
-150 -286 14 0
-148 -282 13 0
-148 -279 14 0
-149 -278 14 0
-126 -252 10 2
-130 -256 15 0
-125 -255 4 2
-125 -255 3 1
-126 -253 5 2
-109 -262 7 0
-109 -263 7 0
-112 -270 9 0
-110 -263 10 0
-112 -267 10 0
-146 -276 13 0
-147 -275 6 1
-147 -274 6 1
-109 -266 10 0
-112 -268 6 0
-110 -270 8 0
-112 -266 9 0
-111 -268 10 0
-126 -253 4 1
-126 -253 3 1
-126 -254 5 2
-125 -263 12 0
-124 -269 13 0
-125 -258 13 1
-135 -258 18 0
-127 -262 7 1
-131 -254 6 1
-131 -253 5 1
-131 -253 6 1
-131 -252 5 1
-131 -252 6 1
-130 -254 5 1
-130 -254 6 2
-130 -253 5 1
-130 -252 5 1
-149 -289 8 1
-130 -252 7 1
-129 -253 5 1
-129 -253 6 2
-129 -252 5 1
-133 -267 6 2
-133 -265 8 2
-132 -267 6 2
-135 -259 12 2
-135 -259 13 2
-135 -258 11 1
-135 -258 12 1
-135 -258 13 1
-134 -260 13 2
-118 -251 4 1
-150 -264 9 1
-103 -254 1 1
-103 -254 2 2
-142 -271 12 0
-143 -269 13 0
-148 -270 12 0
-143 -268 14 0
-148 -265 16 0
-143 -266 15 0
-117 -279 10 0
-101 -274 6 0
-118 -278 10 0
-101 -276 6 0
-103 -270 6 0
-102 -274 6 0
-105 -279 7 0
-104 -278 7 0
-121 -278 10 0
-123 -279 13 0
-121 -277 11 0
-104 -275 1 1
-101 -280 8 0
-101 -279 7 0
-101 -277 7 0
-104 -272 6 0
-104 -273 6 0
-101 -273 7 0
-105 -276 8 0
-103 -279 7 0
-103 -278 7 0
-122 -276 5 0
-129 -277 9 0
-128 -277 9 0
-131 -280 8 0
-136 -271 4 1
-144 -275 18 0
-144 -275 19 0
-143 -275 20 0
-144 -274 16 0
-110 -267 7 0
-110 -268 8 0
-110 -265 6 0
-110 -266 10 0
-111 -266 9 0
-111 -266 8 0
-111 -266 7 0
-113 -265 4 0
-112 -268 2 2
-112 -268 1 1
-112 -269 3 1
-112 -269 2 2
-112 -269 1 1
-113 -269 3 1
-113 -269 2 2
-113 -269 1 1
-114 -269 3 1
-114 -269 2 2
-114 -269 1 1
-111 -264 4 0
-109 -265 3 1
-109 -265 2 2
-109 -265 1 1
-111 -267 4 0
-110 -268 3 1
-110 -268 2 2
-110 -268 1 1
-111 -268 2 2
-111 -268 1 1
-111 -269 3 1
-114 -266 10 0
-113 -266 8 0
-111 -265 10 0
-111 -265 9 0
-112 -265 4 0
-110 -265 3 1
-110 -265 2 2
-140 -260 10 1
-137 -262 11 1
-109 -262 5 0
-112 -257 4 0
-128 -263 9 0
-133 -255 10 1
-130 -262 11 1
-133 -280 7 0
-140 -277 7 1
-141 -277 7 1
-142 -277 7 1
-137 -278 7 0
-137 -281 6 0
-140 -279 6 1
-136 -278 6 0
-134 -258 13 1
-132 -268 5 1
-137 -260 11 2
-135 -257 17 0
-138 -264 12 0
-137 -266 12 0
-136 -266 11 0
-136 -267 10 0
-135 -267 9 1
-140 -266 9 2
-131 -259 8 1
-130 -259 10 0
-133 -258 6 1
-133 -258 5 1
-133 -259 7 1
-145 -266 17 0
-148 -252 13 1
-127 -251 15 0
-128 -280 10 0
-123 -271 11 0
-123 -277 11 0
-110 -281 3 1
-122 -274 13 0
-127 -277 14 0
-124 -276 14 0
-110 -283 5 1
-110 -283 4 1
-110 -283 3 1
-111 -281 5 1
-148 -281 8 0
-149 -281 8 0
-150 -281 8 1
-146 -285 8 1
-149 -279 8 1
-149 -279 9 1
-139 -273 15 0
-140 -270 18 0
-148 -258 7 1
-140 -271 17 0
-113 -274 6 0
-140 -272 16 0
-141 -274 19 0
-150 -263 15 0
-149 -253 10 1
-148 -253 9 1
-148 -253 10 1
-148 -263 8 1
-133 -268 12 2
-148 -262 8 1
-109 -259 5 0
-115 -252 10 0
-113 -251 7 0
-113 -252 8 0
-112 -252 9 0
-112 -253 10 0
-110 -252 8 0
-112 -255 7 0
-112 -251 6 0
-110 -251 4 0
-109 -251 4 0
-111 -252 1 1
-111 -252 2 2
-111 -252 3 1
-140 -281 10 0
-139 -282 9 0
-139 -282 8 0
-143 -281 8 1
-143 -281 7 1
-141 -281 10 0
-140 -280 8 0
-140 -280 7 0
-139 -280 12 0
-139 -280 13 0
-138 -280 14 0
-138 -280 15 0
-138 -280 16 0
-140 -282 15 0
-141 -282 16 0
-139 -279 13 0
-139 -279 14 0
-139 -278 15 0
-139 -278 16 0
-138 -281 13 0
-138 -282 15 0
-132 -275 6 0
-132 -274 6 1
-134 -272 7 2
-134 -272 6 2
-134 -272 5 2
-135 -272 7 2
-135 -272 6 2
-135 -272 5 2
-136 -272 7 2
-136 -272 6 2
-136 -272 5 1
-129 -273 7 0
-130 -272 7 0
-135 -275 7 1
-131 -274 8 0
-136 -272 9 2
-135 -272 8 2
-133 -271 8 2
-133 -274 10 0
-131 -272 8 1
-132 -268 3 1
-133 -269 4 1
-133 -270 4 1
-131 -273 5 1
-131 -273 4 2
-132 -273 6 1
-132 -273 5 1
-132 -273 4 2
-133 -271 4 1
-133 -272 4 1
-133 -273 6 1
-133 -273 5 2
-133 -273 4 2
-128 -274 5 1
-127 -252 10 2
-127 -252 11 1
-128 -257 9 1
-128 -256 10 1
-137 -286 2 1
-137 -285 2 1
-146 -266 9 1
-146 -267 11 1
-146 -267 10 1
-146 -267 9 1
-147 -266 11 1
-147 -266 10 2
-147 -266 9 1
-114 -275 6 0
-115 -276 6 0
-122 -278 6 0
-113 -281 7 0
-114 -281 7 0
-115 -280 7 0
-116 -279 7 0
-120 -282 7 0
-118 -280 7 0
-116 -283 8 0
-129 -273 13 0
-131 -274 17 0
-131 -274 16 0
-129 -272 15 0
-148 -282 14 0
-150 -284 18 0
-149 -283 17 0
-149 -283 18 0
-149 -283 19 0
-125 -260 16 0
-125 -259 17 0
-148 -284 12 0
-149 -284 11 0
-146 -281 12 0
-146 -280 12 0
-145 -279 11 0
-145 -278 11 0
-145 -285 11 0
-144 -286 10 0
-149 -282 11 0
-150 -281 10 0
-146 -282 12 0
-145 -282 12 0
-144 -281 11 0
-139 -260 18 0
-140 -260 17 0
-140 -260 16 0
-148 -282 18 0
-149 -282 17 0
-150 -286 18 0
-139 -252 11 2
-138 -269 15 0
-135 -261 13 1
-123 -258 13 0
-126 -251 13 0
-139 -280 7 0
-137 -279 9 0
-137 -279 7 0
-143 -259 12 1
-149 -259 12 0
-148 -259 13 0
-147 -258 13 0
-140 -257 13 1
-141 -257 13 2
-142 -257 13 2
-145 -261 14 0
-145 -259 14 0
-145 -258 14 1
-142 -253 14 0
-142 -254 14 0
-143 -255 14 1
-101 -280 4 2
-142 -254 10 1
-145 -251 10 1
-133 -278 14 0
-132 -277 14 0
-136 -281 12 0
-137 -283 14 0
-137 -277 13 1
-137 -276 14 0
-134 -280 12 0
-133 -280 12 0
-132 -281 13 0
-131 -281 13 0
-135 -278 12 0
-137 -260 12 1
-136 -254 13 0
-135 -255 14 0
-134 -256 14 0
-134 -261 14 1
-134 -253 15 0
-136 -260 15 0
-135 -259 15 0
-132 -282 6 0
-133 -282 6 0
-134 -282 6 0
-135 -282 6 0
-130 -285 5 0
-130 -286 5 0
-130 -287 5 0
-131 -281 6 0
-131 -280 5 0
-132 -279 5 0
-131 -283 5 0
-132 -284 5 0
-133 -284 4 1
-133 -285 4 1
-130 -278 3 1
-149 -279 13 0
-101 -255 3 1
-101 -259 4 0
-148 -277 13 0
-148 -275 15 0
-102 -257 5 0
-126 -262 13 0
-142 -269 15 0
-143 -269 15 0
-144 -269 14 0
-150 -268 15 0
-147 -269 14 0
-145 -274 16 0
-145 -267 15 0
-132 -279 6 0
-130 -276 7 0
-130 -279 9 0
-136 -277 13 1
-148 -266 17 0
-148 -267 16 0
-137 -260 9 1
-136 -261 9 2
-137 -268 17 0
-135 -266 14 0
-136 -271 16 0
-137 -264 15 0
-142 -262 15 0
-142 -262 16 0
-141 -262 17 0
-141 -262 18 0
-133 -266 8 2
-148 -253 14 0
-144 -258 15 0
-143 -258 19 0
-145 -259 17 0
-146 -259 18 0
-146 -259 19 0
-144 -257 16 0
-144 -256 17 0
-144 -256 18 0
-142 -254 15 0
-149 -258 15 0
-149 -259 15 0
-139 -252 14 0
-140 -252 14 0
-125 -255 15 0
-137 -252 16 0
-126 -269 10 0
-127 -268 11 0
-129 -264 10 1
-127 -267 10 0
-149 -255 16 0
-124 -262 13 0
-144 -253 15 0
-126 -266 14 0
-125 -266 14 0
-127 -264 13 0
-141 -251 9 1
-141 -252 9 1
-121 -278 4 1
-121 -278 5 0
-121 -278 6 0
-122 -277 7 0
-124 -275 6 0
-124 -280 5 0
-118 -251 10 0
-124 -279 6 0
-150 -284 15 0
-149 -285 16 0
-148 -285 16 0
-148 -285 17 0
-150 -281 15 0
-150 -280 16 0
-150 -279 16 0
-145 -285 13 0
-139 -267 10 1
-139 -266 8 2
-139 -266 9 2
-139 -266 10 1
-139 -265 8 2
-123 -257 17 0
-120 -256 11 0
-123 -276 3 2
-123 -276 4 1
-123 -275 2 1
-123 -275 3 2
-122 -277 2 1
-122 -277 3 1
-122 -277 4 1
-122 -276 2 1
-122 -276 4 1
-128 -254 16 0
-150 -269 13 0
-150 -268 13 0
-148 -273 13 0
-118 -257 8 0
-146 -275 13 0
-149 -271 13 0
-148 -270 13 0
-147 -269 13 0
-146 -268 12 0
-150 -275 13 0
-106 -256 3 1
-107 -256 3 1
-102 -258 3 1
-102 -259 3 1
-102 -260 2 2
-102 -261 2 2
-106 -253 1 1
-106 -253 2 2
-106 -253 3 1
-106 -252 1 1
-106 -252 2 2
-106 -252 3 1
-106 -251 1 1
-106 -251 2 2
-106 -251 3 1
-106 -259 1 1
-106 -259 2 2
-106 -259 3 1
-106 -258 1 1
-106 -258 2 2
-106 -258 3 1
-106 -257 1 1
-106 -257 2 2
-106 -257 3 1
-102 -251 0 1
-105 -256 1 1
-105 -256 2 2
-105 -255 1 1
-105 -255 2 2
-105 -255 3 1
-105 -254 1 1
-105 -254 2 1
-105 -254 3 1
-103 -259 0 1
-102 -259 0 1
-102 -259 1 2
-102 -259 2 2
-103 -255 0 1
-103 -254 0 1
-149 -280 4 1
-145 -285 8 1
-145 -285 6 2
-150 -283 7 1
-149 -282 8 0
-148 -282 8 0
-125 -255 5 2
-124 -255 3 1
-124 -255 4 2
-124 -255 5 1
-127 -261 3 1
-127 -261 4 2
-127 -261 5 1
-127 -260 3 1
-127 -260 4 2
-127 -260 5 1
-127 -259 3 1
-126 -261 5 1
-126 -260 5 2
-125 -261 5 1
-125 -260 5 1
-124 -259 5 1
-120 -263 2 1
-120 -263 3 2
-120 -263 4 1
-119 -263 2 1
-119 -263 3 2
-119 -263 4 1
-118 -263 2 1
-118 -263 3 2
-118 -263 4 1
-125 -258 3 2
-125 -257 3 1
-125 -256 3 1
-125 -256 4 2
-125 -256 5 1
-123 -258 8 0
-122 -255 10 0
-120 -256 9 0
-119 -255 10 0
-123 -259 8 0
-123 -260 8 0
-123 -256 7 0
-124 -255 8 0
-118 -259 9 0
-127 -259 8 1
-139 -283 16 0
-140 -281 12 0
-140 -280 13 0
-139 -280 14 0
-138 -279 14 0
-138 -279 15 0
-141 -282 12 0
-142 -284 14 0
-135 -262 14 0
-135 -263 17 0
-136 -263 16 0
-104 -277 4 2
-104 -277 3 2
-104 -277 2 1
-106 -272 4 0
-106 -273 5 0
-108 -256 1 1
-105 -270 2 2
-105 -270 1 1
-105 -271 3 1
-105 -271 2 2
-105 -271 1 1
-106 -270 3 1
-106 -270 2 2
-106 -270 1 1
-111 -277 6 0
-112 -280 6 0
-112 -281 6 0
-108 -278 5 1
-107 -278 5 1
-112 -277 6 0
-147 -275 15 0
-147 -276 15 0
-145 -270 14 0
-144 -270 14 0
-149 -268 14 0
-149 -267 14 0
-149 -266 14 0
-147 -273 14 0
-146 -273 14 0
-136 -279 12 0
-134 -282 15 0
-134 -281 14 0
-135 -280 13 0
-135 -277 15 0
-135 -277 14 0
-113 -281 2 1
-112 -282 2 1
-112 -281 2 1
-109 -280 2 1
-109 -279 2 1
-109 -279 3 1
-109 -256 1 1
-109 -256 3 1
-109 -255 1 1
-109 -255 2 2
-109 -255 3 1
-142 -282 5 2
-142 -282 6 1
-141 -282 4 1
-141 -282 5 2
-141 -282 6 1
-140 -282 4 1
-140 -282 5 2
-140 -282 6 1
-139 -278 2 1
-122 -256 5 1
-120 -257 5 0
-117 -262 6 0
-117 -260 5 0
-147 -281 8 0
-147 -286 8 1
-149 -281 9 0
-103 -256 6 0
-102 -256 7 0
-102 -256 8 0
-104 -257 4 0
-104 -257 6 0
-105 -257 7 0
-105 -258 8 0
-148 -281 9 0
-147 -276 9 1
-149 -284 9 0
-150 -279 10 0
-148 -280 9 0
-145 -285 10 0
-144 -277 11 0
-150 -282 10 0
-148 -278 11 0
-147 -279 10 0
-147 -284 4 1
-147 -285 6 2
-147 -285 5 1
-148 -283 6 1
-148 -283 5 1
-148 -283 4 1
-148 -284 6 1
-148 -284 5 2
-148 -284 4 1
-137 -257 14 1
-109 -280 7 0
-132 -261 13 1
-133 -255 14 0
-134 -254 13 0
-136 -260 12 1
-136 -260 13 1
-136 -260 14 1
-136 -259 12 1
-136 -259 13 2
-136 -259 14 1
-136 -258 12 1
-136 -258 13 1
-136 -258 14 1
-135 -260 14 1
-135 -259 14 1
-135 -258 14 1
-134 -260 14 1
-134 -259 14 1
-134 -258 14 1
-135 -256 12 0
-132 -255 12 0
-133 -254 10 1
-141 -268 12 0
-146 -263 16 0
-146 -263 17 0
-132 -268 13 1
-129 -263 15 0
-129 -269 16 0
-125 -264 15 0
-126 -265 14 0
-127 -265 13 0
-130 -265 16 0
-127 -256 12 1
-126 -268 16 0
-127 -266 14 0
-122 -255 12 0
-123 -256 12 0
-127 -266 16 0
-129 -258 12 0
-128 -258 12 1
-132 -268 14 0
-126 -253 13 1
-120 -257 14 0
-121 -257 13 0
-122 -257 13 0
-129 -259 5 2
-129 -259 6 2
-128 -261 4 2
-142 -280 10 0
-141 -277 11 2
-143 -278 9 1
-142 -280 9 0
-143 -276 10 0
-143 -278 8 1
-136 -279 14 0
-137 -281 15 0
-134 -278 14 0
-134 -275 14 0
-135 -281 14 0
-147 -279 18 0
-145 -278 20 0
-146 -278 19 0
-146 -278 17 0
-148 -278 12 0
-149 -277 13 0
-148 -278 14 0
-146 -278 14 0
-147 -279 15 0
-149 -279 15 0
-147 -275 14 0
-147 -276 14 0
-147 -277 15 0
-148 -277 15 0
-126 -256 5 2
-126 -256 4 2
-126 -256 3 1
-126 -257 3 1
-128 -258 7 2
-128 -258 5 2
-128 -259 7 2
-128 -259 6 2
-128 -259 5 1
-123 -252 7 0
-144 -278 17 0
-145 -279 16 0
-146 -279 16 0
-146 -275 18 0
-146 -276 17 0
-147 -277 17 0
-144 -281 18 0
-145 -280 18 0
-147 -279 16 0
-150 -275 19 0
-150 -276 18 0
-145 -277 19 0
-145 -278 19 0
-146 -278 18 0
-147 -278 17 0
-147 -279 17 0
-146 -282 20 0
-147 -281 19 0
-147 -280 18 0
-148 -277 20 0
-148 -277 19 0
-148 -278 19 0
-144 -280 10 0
-139 -281 8 0
-140 -281 7 0
-143 -280 6 1
-137 -282 5 1
-142 -281 4 1
-142 -281 5 2
-142 -281 6 1
-142 -280 4 1
-148 -278 18 0
-147 -279 21 0
-147 -279 20 0
-148 -279 17 0
-124 -252 11 1
-130 -253 12 0
-141 -279 10 1
-137 -276 11 2
-142 -274 10 1
-138 -283 9 0
-143 -282 8 1
-145 -278 7 1
-132 -254 11 0
-143 -277 6 2
-143 -277 8 1
-143 -276 6 1
-143 -276 7 2
-143 -275 6 1
-143 -275 7 1
-143 -275 8 1
-144 -281 5 2
-145 -282 4 1
-145 -282 5 1
-145 -282 6 2
-145 -281 4 1
-145 -281 5 2
-145 -281 6 2
-145 -280 4 1
-145 -280 5 2
-145 -280 6 1
-144 -282 4 1
-144 -282 5 1
-144 -282 6 1
-144 -281 4 1
-144 -281 6 2
-144 -280 4 1
-144 -280 5 2
-144 -280 6 1
-143 -282 4 1
-143 -282 5 1
-143 -282 6 2
-143 -281 4 1
-143 -281 5 2
-143 -281 6 1
-143 -280 4 1
-138 -282 5 1
-137 -266 17 0
-136 -266 18 0
-123 -255 3 2
-123 -258 4 1
-119 -253 5 0
-119 -254 5 0
-120 -260 5 0
-119 -259 5 0
-141 -277 9 2
-142 -279 8 0
-144 -276 9 1
-142 -280 8 0
-143 -278 5 1
-143 -278 6 2
-143 -277 5 1
-143 -276 5 1
-142 -282 4 1
-127 -262 12 0
-108 -263 5 0
-107 -262 7 0
-107 -261 8 0
-106 -266 8 0
-110 -263 7 0
-106 -262 6 0
-104 -262 7 0
-106 -260 5 0
-107 -263 6 0
-107 -263 7 0
-106 -263 9 0
-107 -261 7 0
-107 -260 8 0
-105 -265 8 0
-111 -262 8 0
-104 -261 7 0
-109 -259 7 0
-106 -262 9 0
-107 -259 8 0
-105 -264 8 0
-111 -261 7 0
-108 -260 5 0
-105 -257 6 0
-111 -262 4 0
-133 -271 7 2
-132 -271 6 2
-131 -271 7 1
-129 -273 3 1
-129 -273 4 2
-129 -273 5 1
-145 -265 18 0
-146 -265 18 0
-115 -251 7 0
-135 -261 6 1
-145 -286 9 0
-144 -287 9 0
-150 -280 4 1
-146 -286 4 1
-145 -286 4 1
-138 -279 12 0
-135 -282 14 0
-136 -282 13 0
-137 -281 13 0
-139 -254 12 1
-139 -255 12 1
-140 -255 12 1
-141 -255 11 2
-141 -255 10 1
-139 -254 13 0
-140 -253 13 0
-138 -253 16 0
-124 -251 15 0
-120 -253 17 0
-121 -253 16 0
-124 -252 17 0
-123 -252 16 0
-146 -285 11 0
-145 -286 13 0
-146 -287 10 0
-145 -288 10 0
-144 -286 9 0
-143 -286 9 0
-145 -287 6 1
-149 -279 4 1
-135 -272 16 0
-146 -270 10 1
-146 -270 11 1
-145 -283 10 0
-144 -284 11 0
-142 -284 11 0
-144 -287 10 0
-142 -282 9 0
-142 -285 9 0
-142 -286 9 0
-141 -283 7 0
-143 -286 6 1
-148 -278 4 1
-147 -278 4 1
-143 -286 10 0
-148 -279 10 0
-140 -285 9 0
-144 -286 8 1
-144 -276 5 1
-142 -286 6 2
-143 -287 5 2
-143 -287 6 2
-143 -287 7 1
-143 -286 5 2
-143 -286 7 1
-143 -285 5 2
-143 -279 9 0
-136 -268 16 0
-143 -258 18 0
-114 -256 8 0
-112 -253 8 0
-115 -253 10 0
-104 -251 7 0
-108 -252 5 0
-104 -252 5 0
-105 -251 5 0
-120 -268 3 1
-120 -268 4 1
-118 -267 2 1
-118 -267 3 1
-118 -267 4 1
-119 -267 5 0
-120 -268 11 0
-119 -268 12 0
-119 -268 13 0
-138 -272 7 1
-138 -272 8 1
-134 -275 7 0
-134 -276 6 0
-134 -277 6 0
-134 -278 6 0
-137 -272 5 1
-137 -271 5 1
-130 -274 6 0
-138 -276 5 1
-132 -276 5 1
-132 -277 4 1
-136 -277 3 1
-136 -277 4 1
-136 -277 5 1
-133 -276 7 0
-132 -276 7 0
-132 -277 7 0
-139 -274 7 2
-140 -275 6 1
-140 -275 7 2
-140 -275 8 2
-140 -274 6 1
-140 -274 7 1
-140 -274 8 1
-140 -273 6 2
-140 -273 7 1
-139 -275 6 2
-139 -275 7 2
-139 -275 8 2
-139 -274 6 2
-139 -274 8 2
-139 -273 6 2
-139 -273 7 1
-139 -273 8 1
-138 -275 6 2
-138 -275 7 1
-138 -275 8 1
-135 -277 7 0
-135 -279 6 0
-134 -251 8 1
-138 -276 6 2
-138 -277 5 1
-133 -277 5 1
-133 -278 5 1
-137 -275 7 1
-136 -275 7 1
-145 -261 9 1
-145 -261 10 2
-131 -272 16 0
-135 -279 2 1
-135 -279 3 1
-135 -279 4 1
-135 -278 2 1
-135 -278 3 2
-135 -278 4 1
-101 -276 7 0
-137 -276 12 2
-135 -273 10 2
-138 -274 10 2
-139 -274 11 2
-132 -273 11 0
-136 -277 9 0
-134 -263 6 1
-135 -263 6 1
-135 -264 6 1
-147 -255 9 1
-149 -261 12 0
-136 -264 8 2
-137 -262 10 2
-137 -262 9 2
-137 -262 8 1
-146 -258 7 1
-125 -263 7 0
-128 -276 7 0
-122 -257 16 0
-105 -275 10 0
-124 -267 11 0
-122 -258 11 0
-128 -254 11 1
-116 -276 6 0
-108 -274 6 0
-109 -274 6 0
-110 -274 7 0
-112 -273 7 0
-116 -270 6 0
-137 -279 11 0
-132 -262 6 2
-132 -261 6 2
-132 -270 8 2
-132 -270 7 2
-130 -265 7 1
-134 -269 8 2
-141 -268 13 0
-134 -263 10 1
-133 -262 9 1
-138 -263 13 0
-143 -264 13 0
-119 -280 11 0
-127 -269 9 0
-131 -273 9 0
-132 -272 8 1
-125 -272 8 0
-140 -278 5 1
-140 -277 3 1
-140 -277 4 2
-128 -270 13 0
-128 -275 12 0
-128 -278 13 0
-146 -262 15 0
-126 -272 12 0
-141 -272 10 0
-142 -272 10 1
-143 -272 10 1
-142 -272 7 2
-142 -272 8 1
-142 -272 9 1
-141 -272 7 1
-141 -272 8 1
-141 -273 5 1
-141 -273 6 2
-141 -273 7 1
-141 -272 5 1
-141 -272 6 1
-138 -275 3 1
-138 -276 4 2
-114 -276 2 1
-138 -276 3 1
-122 -251 11 0
-101 -272 1 1
-140 -267 9 2
-140 -267 10 1
-140 -266 8 1
-140 -266 10 2
-144 -279 10 0
-138 -281 8 0
-143 -276 8 2
-144 -275 9 1
-136 -281 7 0
-140 -282 7 0
-140 -283 6 1
-142 -277 8 1
-141 -281 6 1
-141 -280 6 1
-140 -281 6 1
-140 -280 6 1
-139 -281 6 1
-139 -280 6 1
-140 -265 8 2
-140 -265 9 2
-120 -278 6 0
-119 -278 5 0
-147 -253 14 0
-132 -277 5 1
-132 -277 3 1
-133 -277 4 1
-142 -276 8 2
-142 -276 7 2
-142 -276 6 2
-141 -275 7 2
-131 -278 7 0
-133 -277 7 0
-134 -276 7 0
-138 -279 8 0
-136 -275 9 1
-134 -279 8 0
-139 -277 9 2
-138 -276 8 2
-137 -276 8 1
-146 -292 4 1
-146 -292 5 2
-146 -292 6 1
-145 -294 4 1
-145 -294 5 1
-145 -294 6 1
-145 -293 4 1
-123 -274 10 0
-126 -274 13 0
-124 -275 12 0
-122 -275 15 0
-122 -275 14 0
-122 -275 13 0
-123 -275 12 0
-137 -255 14 0
-136 -256 14 0
-135 -268 15 0
-136 -267 15 0
-131 -254 17 0
-131 -262 18 0
-143 -289 9 0
-142 -290 9 0
-146 -289 8 1
-146 -290 8 0
-146 -291 8 0
-145 -289 7 0
-144 -290 6 1
-148 -290 5 2
-149 -291 4 1
-149 -291 5 2
-130 -276 11 0
-124 -284 2 1
-124 -284 3 1
-128 -280 3 2
-129 -281 2 1
-129 -281 3 2
-129 -281 4 1
-129 -280 2 1
-129 -280 3 2
-129 -280 4 1
-129 -279 2 1
-129 -279 3 1
-129 -279 4 1
-128 -281 2 1
-128 -281 3 2
-128 -281 4 1
-128 -280 2 1
-128 -280 4 1
-128 -279 2 1
-128 -279 3 1
-128 -279 4 1
-125 -284 2 1
-125 -284 3 1
-125 -284 4 1
-127 -278 2 1
-125 -281 9 0
-125 -281 10 0
-127 -282 8 0
-127 -282 9 0
-128 -283 10 0
-131 -267 15 0
-131 -267 16 0
-142 -267 17 0
-143 -260 17 0
-114 -277 8 0
-121 -281 8 0
-121 -282 8 0
-117 -279 7 0
-115 -281 7 0
-109 -270 2 2
-109 -270 1 1
-104 -270 4 0
-104 -269 4 0
-104 -268 4 0
-104 -267 4 0
-109 -266 4 0
-108 -266 4 0
-107 -266 4 0
-106 -266 4 0
-102 -267 4 0
-107 -264 5 0
-103 -268 5 0
-107 -267 6 0
-106 -267 6 0
-106 -262 7 0
-105 -270 8 0
-104 -268 6 0
-107 -265 8 0
-102 -268 8 0
-103 -267 6 0
-103 -263 9 0
-103 -264 8 0
-103 -264 7 0
-105 -267 9 0
-105 -267 8 0
-102 -266 9 0
-103 -266 8 0
-131 -263 8 2
-131 -263 7 2
-131 -264 8 2
-131 -264 7 2
-131 -265 8 2
-131 -265 7 2
-132 -263 9 1
-133 -263 8 1
-133 -263 7 2
-133 -264 8 1
-132 -264 8 2
-132 -269 8 1
-132 -260 9 1
-132 -260 8 1
-132 -260 7 2
-132 -261 9 1
-132 -261 8 1
-147 -263 9 1
-148 -264 12 0
-147 -261 12 0
-150 -263 13 0
-150 -262 13 0
-146 -264 14 0
-111 -279 6 0
-104 -280 5 1
-138 -270 10 0
-149 -259 14 0
-141 -256 14 1
-140 -256 14 1
-131 -255 12 0
-145 -258 12 1
-150 -276 15 0
-126 -268 13 0
-149 -260 13 0
-149 -261 13 0
-129 -271 12 0
-147 -253 19 0
-148 -254 16 0
-149 -254 17 0
-149 -254 18 0
-149 -254 19 0
-148 -251 17 0
-148 -251 18 0
-147 -254 15 1
-147 -254 16 0
-147 -255 17 0
-146 -255 18 0
-146 -252 16 0
-145 -251 17 0
-142 -260 17 0
-142 -260 18 0
-134 -268 11 2
-133 -253 13 0
-142 -260 19 0
-136 -276 3 1
-136 -275 3 1
-135 -277 3 1
-135 -277 4 1
-135 -277 5 1
-134 -277 3 1
-111 -275 6 0
-112 -275 5 0
-112 -276 5 0
-112 -277 4 1
-111 -272 6 0
-112 -271 4 0
-108 -275 3 2
-109 -276 2 1
-109 -276 3 2
-109 -276 4 1
-109 -275 2 1
-109 -275 3 2
-109 -274 3 2
-137 -276 17 0
-108 -276 2 1
-108 -276 3 2
-146 -251 10 1
-138 -256 11 2
-138 -256 10 2
-138 -256 9 1
-139 -256 9 1
-140 -254 11 2
-140 -254 10 2
-140 -254 9 1
-140 -255 11 2
-140 -255 9 1
-140 -256 9 1
-138 -254 13 0
-139 -253 13 0
-140 -255 15 0
-141 -253 14 0
-138 -252 15 0
-140 -253 16 0
-102 -263 3 1
-102 -263 2 2
-102 -263 1 1
-102 -264 3 1
-102 -264 2 1
-102 -264 1 1
-134 -275 11 0
-134 -274 11 1
-142 -282 16 0
-141 -280 13 0
-141 -279 14 0
-141 -279 15 0
-142 -285 15 0
-142 -279 13 0
-137 -284 9 0
-138 -268 12 0
-110 -275 7 0
-111 -277 8 0
-112 -278 8 0
-109 -273 7 0
-110 -269 7 0
-108 -274 7 0
-107 -275 7 0
-107 -276 7 0
-106 -276 7 0
-105 -277 7 0
-107 -272 7 0
-106 -271 7 0
-110 -258 1 1
-134 -279 7 0
-130 -279 7 0
-131 -279 8 0
-131 -279 9 0
-133 -275 7 0
-133 -276 8 0
-133 -276 9 0
-132 -277 9 0
-133 -281 8 0
-133 -280 9 0
-131 -277 10 0
-131 -278 10 0
-135 -277 8 0
-130 -282 8 0
-148 -292 4 1
-149 -293 4 1
-148 -290 7 0
-144 -294 7 0
-146 -293 7 0
-147 -291 8 0
-145 -296 8 0
-147 -295 8 0
-144 -292 9 0
-145 -292 9 0
-146 -292 9 0
-144 -277 7 2
-146 -294 10 0
-149 -292 9 0
-146 -291 12 0
-146 -291 11 0
-147 -292 10 0
-148 -292 10 0
-148 -293 9 0
-123 -259 7 0
-150 -293 10 0
-147 -295 12 0
-149 -290 13 0
-149 -291 11 0
-150 -295 13 0
-150 -294 12 0
-148 -293 13 0
-148 -293 12 0
-148 -293 11 0
-132 -267 13 1
-133 -266 14 0
-118 -276 13 0
-122 -273 12 0
-119 -273 10 0
-130 -260 9 1
-129 -260 10 1
-125 -261 15 0
-148 -292 7 1
-148 -292 6 1
-148 -292 5 2
-144 -291 6 1
-144 -291 5 1
-144 -291 4 1
-144 -292 6 1
-144 -292 5 1
-144 -292 4 1
-128 -254 18 0
-128 -254 17 0
-130 -258 18 0
-129 -257 17 0
-128 -263 10 0
-127 -264 11 0
-124 -263 9 0
-124 -264 10 0
-125 -264 11 0
-126 -264 11 0
-148 -260 16 0
-149 -262 11 1
-149 -261 9 1
-149 -261 10 2
-148 -263 9 1
-148 -263 10 2
-148 -263 11 1
-146 -255 17 0
-147 -252 18 0
-147 -252 17 0
-149 -255 19 0
-148 -255 18 0
-148 -255 17 0
-133 -269 14 0
-133 -268 13 1
-132 -261 10 1
-132 -262 10 0
-133 -262 10 1
-149 -252 13 1
-144 -262 9 1
-144 -262 10 2
-148 -259 15 0
-147 -258 15 0
-141 -255 15 0
-144 -251 16 0
-145 -251 16 0
-143 -253 18 0
-146 -264 10 2
-142 -263 13 0
-122 -251 15 0
-116 -282 2 1
-119 -252 9 0
-124 -260 6 0
-126 -262 7 0
-125 -260 6 1
-117 -251 10 0
-118 -252 8 0
-117 -279 6 0
-116 -279 6 0
-116 -280 5 0
-116 -281 5 0
-115 -282 4 1
-115 -277 5 0
-114 -276 4 0
-118 -280 5 0
-117 -275 12 0
-116 -274 9 0
-115 -273 13 0
-115 -273 12 0
-115 -273 11 0
-117 -273 4 0
-117 -273 5 0
-117 -273 6 0
-119 -274 6 0
-119 -274 7 0
-115 -275 5 0
-116 -275 6 0
-116 -274 6 0
-117 -274 7 0
-119 -271 5 0
-119 -271 6 0
-119 -272 7 0
-118 -272 7 0
-119 -277 5 0
-119 -276 6 0
-119 -276 7 0
-118 -274 8 0
-114 -272 6 0
-115 -272 6 0
-116 -273 7 0
-120 -254 11 0
-133 -263 19 0
-129 -264 18 0
-134 -262 17 0
-135 -261 18 0
-129 -260 17 0
-131 -262 17 0
-131 -259 19 0
-130 -264 18 0
-134 -261 18 0
-129 -261 17 0
-128 -260 18 0
-132 -266 18 0
-133 -259 17 0
-133 -252 14 0
-135 -266 17 0
-126 -251 15 0
-134 -271 12 2
-131 -269 12 2
-132 -269 12 2
-149 -264 12 0
-132 -268 12 1
-118 -277 4 1
-118 -276 2 1
-118 -276 3 1
-118 -276 4 1
-117 -278 11 0
-117 -278 12 0
-120 -279 12 0
-106 -273 2 2
-106 -274 1 1
-106 -273 1 1
-106 -273 3 1
-106 -272 1 1
-106 -272 2 2
-126 -257 13 1
-143 -263 10 1
-142 -257 14 1
-143 -258 13 1
-143 -257 13 2
-142 -260 13 0
-142 -262 12 1
-143 -261 12 1
-138 -258 12 1
-143 -260 13 0
-139 -258 13 2
-138 -255 14 0
-137 -253 14 0
-137 -254 14 0
-139 -260 15 0
-138 -256 15 0
-137 -256 14 0
-135 -261 16 0
-135 -253 16 0
-122 -253 17 0
-131 -260 4 1
-131 -259 4 1
-142 -275 20 0
-142 -275 19 0
-138 -257 16 0
-135 -259 17 0
-144 -274 10 0
-146 -278 12 0
-148 -274 12 0
-140 -276 14 0
-140 -274 16 0
-143 -280 17 0
-143 -271 17 0
-150 -278 17 0
-150 -277 19 0
-150 -286 17 0
-150 -287 14 0
-148 -286 17 0
-149 -266 9 1
-135 -256 9 1
-135 -256 10 2
-136 -256 11 1
-136 -256 10 2
-138 -278 8 1
-138 -278 9 1
-122 -278 2 1
-118 -279 3 1
-124 -280 6 0
-138 -262 11 1
-138 -262 10 2
-138 -262 9 2
-138 -263 11 1
-139 -285 12 0
-140 -284 12 0
-140 -283 12 0
-110 -276 8 0
-109 -269 9 0
-147 -273 17 0
-147 -273 16 0
-148 -272 15 0
-148 -269 18 0
-148 -269 17 0
-148 -270 16 0
-149 -270 15 0
-149 -271 14 0
-138 -285 5 2
-137 -287 3 1
-137 -287 4 1
-137 -287 5 1
-137 -286 3 1
-137 -286 4 2
-137 -286 5 1
-137 -285 3 1
-137 -285 4 1
-137 -285 5 1
-135 -284 6 0
-136 -285 6 0
-133 -284 6 0
-132 -285 5 0
-132 -286 5 0
-131 -287 4 0
-139 -283 2 1
-139 -283 3 1
-139 -282 2 1
-139 -282 3 1
-138 -283 2 1
-138 -283 3 1
-137 -283 2 1
-137 -283 3 1
-137 -283 4 1
-136 -282 5 0
-135 -286 3 2
-136 -287 2 1
-136 -287 3 1
-123 -274 7 0
-125 -275 8 0
-125 -275 9 0
-112 -255 9 0
-117 -267 3 1
-117 -266 1 1
-116 -268 1 1
-116 -268 2 2
-116 -268 3 1
-115 -268 1 1
-115 -268 2 1
-115 -268 3 1
-117 -267 5 0
-116 -267 4 1
-121 -267 2 1
-118 -251 1 1
-121 -267 3 1
-121 -267 4 1
-120 -267 2 1
-120 -267 3 2
-120 -267 4 1
-134 -275 5 1
-134 -275 4 2
-134 -275 3 1
-131 -274 5 1
-135 -275 6 1
-135 -275 5 1
-135 -275 4 2
-116 -253 4 0
-136 -275 5 2
-111 -269 2 1
-110 -267 4 0
-115 -269 3 1
-113 -268 4 0
-111 -270 4 0
-111 -269 4 0
-111 -268 4 0
-108 -263 4 0
-109 -264 4 0
-109 -267 5 0
-111 -263 5 0
-113 -269 5 0
-112 -268 5 0
-108 -265 5 0
-109 -266 5 0
-110 -268 5 0
-109 -262 6 0
-112 -270 8 0
-108 -264 7 0
-109 -265 7 0
-145 -275 13 0
-146 -274 13 0
-107 -280 9 0
-102 -278 9 0
-145 -281 10 0
-105 -278 7 0
-105 -280 7 0
-104 -281 8 0
-109 -281 7 0
-127 -260 9 1
-110 -273 3 1
-110 -273 2 2
-110 -273 1 1
-110 -272 2 2
-112 -274 4 1
-134 -259 10 1
-134 -259 11 2
-134 -259 12 2
-133 -279 11 0
-131 -280 12 0
-130 -280 13 0
-133 -278 11 0
-133 -277 12 0
-133 -276 12 0
-132 -275 12 0
-132 -275 13 0
-133 -280 11 0
-133 -281 12 0
-133 -282 12 0
-132 -283 12 0
-137 -277 12 1
-138 -276 12 2
-132 -278 11 0
-131 -278 11 0
-130 -278 12 0
-129 -278 12 0
-134 -280 11 0
-134 -258 10 1
-134 -258 11 1
-134 -258 12 1
-133 -260 10 2
-134 -256 18 0
-138 -261 12 1
-138 -266 13 0
-109 -257 2 2
-109 -257 1 1
-110 -255 3 1
-110 -255 2 2
-110 -255 1 1
-110 -256 3 1
-110 -256 2 2
-110 -256 1 1
-110 -257 2 2
-112 -272 1 1
-112 -272 3 1
-148 -260 15 0
-142 -254 13 0
-145 -257 12 1
-122 -251 16 0
-123 -251 17 0
-116 -283 4 1
-116 -283 3 1
-134 -268 17 0
-140 -253 9 1
-120 -272 6 0
-120 -276 6 0
-102 -278 2 1
-144 -252 14 0
-146 -257 13 1
-144 -257 14 1
-148 -252 16 0
-150 -251 15 0
-142 -258 14 1
-125 -279 11 0
-125 -278 11 0
-125 -272 11 0
-123 -276 12 0
-124 -273 13 0
-124 -278 14 0
-125 -277 13 0
-125 -277 12 0
-126 -273 13 0
-125 -275 15 0
-135 -263 8 2
-134 -264 7 2
-134 -264 8 1
-119 -261 2 1
-119 -262 2 1
-120 -252 4 1
-103 -252 7 0
-120 -252 2 1
-125 -259 4 2
-125 -259 3 1
-125 -259 2 1
-125 -260 4 1
-125 -260 3 2
-125 -260 2 1
-125 -261 4 1
-125 -261 3 1
-125 -261 2 1
-134 -279 3 1
-134 -279 4 1
-134 -278 2 1
-145 -286 8 1
-143 -288 4 2
-125 -259 9 1
-120 -260 8 0
-129 -258 9 1
-128 -258 9 2
-124 -259 8 0
-125 -262 7 0
-130 -261 5 1
-130 -261 6 2
-130 -261 7 2
-130 -260 5 2
-130 -260 6 2
-130 -260 7 2
-130 -259 5 1
-130 -259 6 2
-130 -259 7 1
-124 -255 7 0
-128 -256 5 1
-128 -255 5 1
-142 -289 5 1
-142 -288 3 1
-142 -288 4 1
-142 -288 5 2
-142 -287 3 1
-142 -287 4 1
-144 -286 4 1
-133 -273 11 1
-132 -274 11 0
-132 -275 11 0
-132 -276 11 0
-127 -277 12 0
-128 -277 11 0
-129 -277 11 0
-130 -278 11 0
-136 -276 12 1
-135 -276 12 1
-131 -283 12 0
-131 -282 12 0
-131 -281 12 0
-129 -279 12 0
-130 -279 12 0
-134 -274 14 0
-133 -282 14 0
-133 -281 13 0
-132 -280 12 0
-132 -279 11 0
-129 -276 14 0
-129 -277 13 0
-145 -253 15 0
-125 -263 14 0
-130 -263 16 0
-129 -263 16 0
-124 -266 17 0
-133 -269 11 1
-133 -253 9 2
-145 -265 11 1
-134 -251 10 2
-134 -252 10 1
-146 -263 11 1
-125 -266 13 0
-119 -275 9 0
-118 -276 8 0
-118 -277 7 0
-118 -278 7 0
-121 -273 8 0
-123 -273 7 0
-124 -273 6 0
-118 -273 8 0
-118 -273 7 0
-117 -273 7 0
-116 -272 6 0
-121 -277 6 0
-108 -271 7 0
-107 -270 7 0
-147 -253 10 1
-146 -253 10 1
-145 -253 10 1
-144 -253 10 1
-144 -252 10 1
-144 -251 10 1
-130 -270 12 1
-132 -265 12 2
-134 -252 11 1
-131 -251 11 0
-147 -252 19 0
-146 -251 11 1
-147 -254 13 1
-127 -265 9 0
-131 -263 13 1
-131 -264 13 1
-133 -271 13 1
-122 -252 18 0
-122 -252 17 0
-122 -252 16 0
-136 -258 9 1
-140 -258 18 0
-144 -262 16 0
-144 -263 16 0
-144 -263 17 0
-144 -264 17 0
-142 -261 15 0
-141 -261 15 0
-141 -261 16 0
-140 -261 16 0
-139 -262 17 0
-149 -251 18 0
-149 -251 17 0
-129 -268 13 0
-128 -268 13 0
-141 -260 9 1
-115 -273 2 1
-142 -259 9 2
-110 -280 2 1
-135 -252 10 2
-135 -252 11 1
-119 -282 7 0
-118 -280 4 1
-119 -279 3 2
-115 -279 4 1
-124 -278 10 0
-117 -273 10 0
-118 -273 10 0
-144 -274 12 0
-145 -273 11 0
-111 -274 5 0
-118 -276 5 0
-122 -279 6 0
-123 -280 5 0
-122 -275 5 0
-110 -259 2 2
-110 -259 3 1
-110 -258 2 2
-110 -258 3 1
-106 -260 1 1
-106 -260 2 2
-106 -260 3 1
-109 -256 2 2
-110 -257 1 1
-127 -272 8 0
-125 -271 6 0
-127 -270 6 0
-128 -271 6 0
-116 -263 11 0
-116 -263 10 0
-116 -263 9 0
-125 -265 2 1
-142 -275 6 1
-126 -268 10 0
-125 -271 10 0
-125 -269 8 0
-124 -269 8 0
-125 -260 17 0
-129 -254 5 1
-129 -254 6 2
-129 -254 7 1
-150 -288 12 0
-130 -253 6 2
-150 -286 10 0
-134 -288 8 0
-103 -258 1 1
-103 -258 0 1
-103 -252 3 1
-103 -252 2 2
-103 -252 1 1
-104 -255 3 1
-103 -255 3 1
-102 -255 3 1
-102 -259 4 0
-101 -257 4 0
-102 -273 4 1
-102 -253 4 0
-103 -257 5 0
-102 -254 7 0
-101 -256 8 0
-107 -278 3 2
-108 -279 2 1
-135 -280 11 0
-142 -255 14 0
-142 -256 14 1
-102 -256 2 1
-102 -256 1 2
-102 -256 0 1
-102 -257 2 1
-102 -257 1 2
-102 -257 0 1
-102 -258 2 1
-102 -258 1 2
-102 -258 0 1
-143 -256 14 1
-103 -254 3 1
-102 -254 3 1
-101 -278 6 0
-149 -258 14 0
-148 -258 14 0
-102 -252 4 0
-102 -256 5 0
-111 -267 6 0
-111 -263 9 0
-111 -264 7 0
-113 -267 9 0
-110 -266 8 0
-110 -266 9 0
-112 -267 7 0
-112 -267 8 0
-111 -264 8 0
-109 -268 8 0
-109 -268 9 0
-110 -266 5 0
-111 -269 1 1
-111 -270 2 1
-111 -270 1 1
-112 -262 4 0
-112 -269 4 0
-112 -268 4 0
-112 -267 5 0
-109 -262 4 0
-110 -263 5 0
-113 -260 5 0
-110 -265 5 0
-111 -269 6 0
-111 -268 6 0
-110 -261 7 0
-109 -266 7 0
-130 -278 14 0
-130 -278 13 0
-127 -277 16 0
-128 -277 15 0
-128 -277 14 0
-124 -262 9 0
-126 -263 7 0
-109 -263 8 0
-110 -263 8 0
-110 -264 7 0
-110 -268 9 0
-111 -267 8 0
-111 -267 7 0
-109 -266 9 0