DAV_OBMAP v3 cell_size=10
-242 -84 2 1
-229 -60 9 0
-242 -83 0 1
-242 -83 1 2
-206 -63 7 1
-206 -62 7 1
-206 -61 7 1
-208 -65 7 1
-207 -65 7 1
-237 -97 0 1
-237 -98 2 1
-237 -98 1 1
-237 -98 0 1
-238 -96 2 1
-238 -97 2 1
-238 -98 2 1
-239 -97 2 1
-239 -96 2 1
-241 -95 0 2
-241 -95 -1 1
-239 -98 2 1
-240 -96 2 1
-239 -97 3 0
-240 -96 3 0
-240 -98 3 0
-240 -99 4 0
-238 -96 1 2
-238 -96 0 1
-238 -96 -1 1
-238 -97 1 2
-238 -97 0 1
-238 -97 -1 1
-238 -98 1 1
-238 -98 0 1
-202 -79 -1 1
-201 -79 -1 2
-215 -52 1 1
-240 -98 2 0
-240 -98 4 0
-246 -100 3 2
-246 -100 2 1
-247 -100 3 2
-247 -100 2 2
-247 -100 1 1
-245 -100 -1 1
-246 -100 1 1
-246 -100 0 1
-246 -100 -1 1
-227 -54 7 2
-213 -90 6 1
-201 -78 2 0
-201 -77 5 1
-201 -77 4 1
-201 -77 3 1
-201 -78 5 1
-201 -78 4 1
-201 -79 5 1
-201 -79 4 1
-202 -77 5 1
-202 -77 4 1
-238 -55 5 1
-238 -56 5 1
-239 -55 5 1
-239 -56 5 1
-204 -72 0 1
-204 -72 -1 1
-203 -71 0 2
-241 -93 1 2
-201 -71 1 0
-203 -73 2 1
-203 -73 1 1
-204 -73 2 1
-204 -73 1 1
-204 -73 0 1
-204 -74 0 1
-242 -94 1 2
-221 -63 4 0
-241 -66 7 2
-239 -67 4 0
-240 -67 4 1
-230 -92 2 2
-241 -88 1 2
-230 -92 4 1
-230 -91 2 1
-248 -83 2 1
-248 -82 2 1
-247 -84 0 1
-247 -84 1 2
-247 -83 0 1
-247 -83 2 1
-229 -92 3 1
-229 -92 4 1
-229 -91 2 2
-229 -91 4 1
-229 -90 2 1
-229 -90 3 1
-229 -90 4 1
-227 -94 2 1
-225 -94 2 0
-201 -66 3 0
-209 -59 4 2
-209 -59 5 2
-209 -58 3 1
-209 -58 4 1
-209 -58 5 1
-209 -60 0 2
-209 -60 1 1
-209 -60 2 1
-209 -59 0 1
-209 -59 1 2
-209 -59 2 2
-209 -58 0 1
-209 -84 0 2
-202 -86 0 2
-202 -86 1 1
-202 -85 -1 1
-202 -85 0 2
-203 -87 -1 1
-210 -87 -1 1
-204 -58 5 1
-239 -69 7 0
-201 -83 3 0
-202 -81 2 1
-201 -81 1 0
-204 -80 -2 1
-204 -80 -1 1
-204 -80 0 1
-237 -82 8 0
-236 -81 8 0
-240 -89 0 1
-240 -89 1 2
-240 -89 2 1
-240 -88 0 1
-240 -88 1 2
-240 -88 2 1
-240 -87 0 1
-240 -87 1 2
-240 -87 2 1
-245 -88 0 1
-245 -87 0 1
-242 -87 6 0
-241 -86 5 0
-241 -87 5 1
-241 -89 5 1
-241 -88 5 1
-241 -85 3 0
-242 -85 3 0
-241 -85 4 0
-226 -66 4 1
-226 -66 3 1
-246 -62 6 0
-241 -65 5 1
-242 -64 6 1
-242 -64 3 0
-242 -64 2 1
-237 -71 7 0
-237 -69 7 0
-242 -57 1 1
-242 -57 0 1
-245 -62 2 0
-245 -62 6 0
-205 -63 5 0
-203 -63 5 0
-205 -61 6 0
-241 -69 5 1
-241 -69 4 1
-239 -69 5 1
-239 -70 5 1
-239 -70 6 0
-239 -70 4 1
-236 -57 0 1
-237 -57 2 2
-237 -57 1 2
-237 -57 0 1
-238 -58 2 1
-228 -51 11 0
-238 -58 0 1
-239 -58 2 1
-249 -63 5 0
-249 -63 4 0
-241 -57 0 1
-242 -55 2 1
-242 -55 1 1
-227 -62 10 0
-249 -60 3 0
-227 -60 9 0
-227 -63 8 0
-227 -62 8 0
-230 -61 7 0
-229 -61 7 0
-223 -53 2 1
-228 -60 9 0
-223 -52 2 1
-229 -61 8 0
-223 -52 4 1
-229 -59 9 0
-241 -86 6 0
-242 -85 5 0
-240 -85 5 0
-240 -87 5 0
-242 -84 4 1
-240 -88 4 0
-241 -86 3 0
-240 -85 3 0
-243 -90 2 1
-243 -90 3 1
-243 -90 4 2
-242 -90 2 2
-242 -90 3 2
-242 -90 4 2
-227 -87 2 1
-227 -87 3 1
-246 -55 5 0
-202 -51 3 0
-202 -51 4 0
-202 -51 2 1
-203 -52 3 0
-247 -63 0 1
-247 -63 -1 1
-246 -62 0 2
-220 -51 3 0
-246 -64 3 0
-246 -64 5 0
-209 -59 6 1
-209 -58 6 1
-211 -61 6 1
-210 -61 6 1
-209 -61 6 1
-208 -63 6 2
-236 -69 6 1
-236 -65 6 1
-237 -67 7 1
-233 -62 3 2
-233 -61 3 1
-233 -60 3 1
-232 -62 0 1
-232 -62 1 2
-232 -62 2 2
-221 -84 4 0
-221 -84 5 0
-221 -84 8 0
-208 -64 3 1
-208 -64 2 1
-233 -59 1 2
-233 -59 0 1
-233 -60 2 2
-233 -60 1 1
-233 -60 0 1
-208 -63 4 2
-209 -64 4 1
-209 -64 5 1
-227 -79 8 0
-226 -77 9 0
-226 -78 10 0
-227 -78 10 0
-226 -78 7 0
-227 -78 7 0
-224 -80 8 0
-224 -77 9 0
-224 -79 10 0
-224 -80 7 0
-223 -77 8 1
-223 -77 9 0
-223 -78 10 0
-222 -78 10 0
-222 -80 6 1
-222 -80 7 1
-222 -80 8 1
-221 -80 6 1
-221 -80 7 1
-221 -80 8 1
-220 -80 6 1
-220 -80 7 2
-220 -80 8 1
-224 -76 11 0
-224 -76 12 0
-224 -76 6 0
-224 -76 5 0
-233 -61 2 2
-233 -61 1 2
-233 -61 0 1
-234 -61 2 2
-234 -61 1 2
-234 -61 0 1
-235 -59 3 1
-235 -60 3 1
-235 -61 3 1
-227 -52 4 1
-227 -52 5 1
-227 -51 3 1
-227 -51 4 1
-218 -67 2 1
-219 -67 2 1
-220 -67 2 1
-218 -67 5 1
-218 -67 4 1
-224 -67 9 0
-223 -67 8 0
-222 -68 7 1
-219 -67 8 1
-219 -67 7 1
-219 -68 8 1
-219 -68 7 1
-219 -69 8 1
-219 -69 7 1
-219 -69 6 1
-220 -67 8 1
-220 -67 7 1
-220 -68 8 1
-220 -69 8 1
-220 -69 7 2
-221 -67 8 1
-221 -67 7 2
-222 -84 9 0
-224 -86 6 1
-224 -86 9 0
-224 -85 9 0
-235 -83 3 1
-235 -84 4 0
-234 -83 4 1
-224 -87 7 1
-234 -79 3 2
-234 -81 5 1
-235 -79 3 2
-236 -80 5 0
-234 -82 5 1
-235 -81 5 1
-235 -83 5 0
-235 -82 6 0
-237 -83 7 0
-245 -68 4 1
-245 -68 5 1
-245 -68 6 1
-245 -67 4 1
-245 -67 5 1
-245 -67 6 1
-245 -66 4 1
-217 -85 5 0
-218 -83 6 1
-218 -84 7 0
-218 -84 5 0
-221 -85 5 1
-219 -87 7 1
-219 -58 1 1
-218 -58 -1 1
-218 -58 0 2
-218 -58 1 2
-222 -60 3 0
-223 -59 3 0
-222 -58 0 1
-222 -58 1 1
-222 -58 2 1
-220 -64 3 1
-220 -58 2 1
-228 -57 0 1
-220 -59 2 1
-202 -62 1 1
-202 -61 -1 1
-214 -63 7 1
-213 -64 7 1
-213 -63 7 1
-213 -57 6 1
-215 -63 0 1
-236 -83 2 1
-236 -82 0 1
-236 -81 0 1
-241 -100 3 0
-244 -99 2 2
-245 -100 1 1
-245 -100 2 1
-245 -99 1 1
-245 -99 2 1
-245 -99 3 1
-245 -98 1 1
-245 -98 2 1
-245 -98 3 1
-244 -100 1 1
-244 -100 2 2
-244 -100 3 1
-233 -96 1 1
-233 -96 0 1
-233 -96 -1 1
-233 -97 1 1
-233 -97 0 1
-233 -97 -1 1
-233 -98 1 1
-233 -97 4 1
-227 -91 1 1
-227 -91 2 2
-226 -91 1 1
-203 -61 6 0
-226 -91 2 2
-225 -91 1 1
-225 -91 2 1
-222 -92 1 1
-222 -91 -1 1
-222 -91 0 1
-202 -76 3 1
-229 -72 1 2
-214 -86 7 0
-226 -92 4 1
-227 -67 4 0
-227 -67 5 0
-227 -67 3 1
-225 -70 5 0
-225 -69 5 0
-225 -69 6 0
-224 -70 1 2
-224 -70 2 1
-224 -69 1 2
-224 -69 2 1
-224 -68 1 2
-224 -68 2 1
-223 -57 4 1
-223 -57 3 2
-228 -61 -1 1
-237 -69 4 1
-236 -68 5 2
-214 -86 6 0
-214 -87 6 1
-214 -87 7 0
-214 -86 5 1
-227 -77 9 0
-225 -75 10 0
-227 -76 9 0
-225 -76 10 0
-225 -77 10 0
-225 -78 10 0
-225 -79 10 0
-223 -79 10 0
-218 -59 -1 1
-216 -62 4 1
-230 -95 -1 1
-231 -59 6 1
-222 -83 10 0
-221 -83 10 0
-219 -85 9 0
-219 -83 9 0
-220 -85 9 0
-219 -84 9 0
-218 -84 9 0
-239 -99 2 0
-248 -100 2 1
-248 -100 3 2
-248 -100 4 1
-202 -51 6 0
-205 -51 7 1
-249 -100 2 2
-249 -100 3 1
-204 -51 7 2
-249 -99 4 1
-250 -100 2 1
-203 -51 6 1
-203 -51 7 1
-201 -83 12 1
-201 -83 11 1
-203 -52 6 1
-205 -52 6 1
-204 -52 6 2
-203 -52 4 1
-203 -52 5 1
-202 -52 5 0
-201 -83 10 1
-201 -80 14 0
-201 -78 10 1
-201 -78 9 1
-201 -51 3 0
-206 -54 4 1
-206 -54 5 1
-206 -54 6 1
-206 -53 6 1
-206 -52 6 1
-205 -54 4 1
-205 -54 5 1
-205 -54 6 1
-228 -98 4 1
-227 -100 2 1
-227 -100 3 1
-227 -100 4 1
-250 -63 1 1
-249 -63 -1 1
-249 -63 0 1
-249 -63 1 1
-227 -99 4 2
-235 -77 0 1
-226 -56 6 1
-226 -56 5 1
-226 -57 6 2
-226 -57 5 1
-227 -57 7 1
-227 -57 6 2
-227 -57 5 1
-228 -57 7 1
-228 -57 6 1
-228 -57 5 1
-227 -56 12 0
-227 -56 11 0
-227 -56 10 0
-225 -59 7 0
-225 -59 10 0
-226 -58 9 0
-224 -59 8 0
-226 -58 8 0
-227 -60 7 1
-227 -59 7 1
-227 -60 10 0
-227 -59 10 0
-227 -58 9 0
-227 -57 9 0
-227 -60 8 0
-227 -59 8 0
-227 -58 8 0
-227 -57 8 0
-229 -58 7 0
-230 -59 10 0
-229 -58 10 0
-229 -58 9 0
-229 -58 8 0
-243 -96 3 0
-242 -96 2 1
-244 -96 2 1
-242 -96 3 0
-241 -96 -1 1
-245 -96 1 1
-240 -99 2 1
-242 -97 2 1
-245 -100 0 2
-241 -97 4 0
-243 -96 2 1
-244 -97 3 0
-242 -97 4 0
-245 -97 1 1
-245 -97 0 2
-245 -97 -1 1
-245 -98 -1 1
-245 -99 0 2
-245 -99 -1 1
-246 -97 0 1
-246 -97 -1 1
-246 -98 0 1
-246 -98 -1 1
-246 -99 0 1
-246 -99 -1 1
-211 -85 5 1
-210 -86 6 0
-209 -86 5 1
-210 -86 5 1
-214 -86 4 1
-214 -86 8 0
-207 -93 7 0
-208 -92 8 0
-207 -93 8 0
-209 -91 6 1
-207 -93 6 1
-210 -90 8 0
-210 -90 9 0
-210 -90 10 0
-210 -90 11 0
-209 -91 4 1
-209 -91 5 2
-218 -72 7 1
-218 -72 6 1
-218 -73 8 1
-218 -73 7 1
-218 -73 6 1
-218 -74 8 1
-218 -74 7 1
-210 -87 6 1
-209 -88 4 2
-210 -87 3 1
-210 -87 4 2
-209 -89 3 1
-228 -64 -1 1
-229 -63 -1 1
-229 -64 -1 1
-208 -64 4 1
-209 -62 5 2
-209 -63 5 2
-228 -77 8 0
-225 -77 8 0
-219 -78 8 1
-219 -78 7 1
-219 -78 6 1
-236 -75 0 1
-236 -75 1 1
-236 -75 2 1
-236 -74 0 1
-236 -74 1 1
-236 -74 2 1
-221 -74 6 1
-221 -74 8 1
-221 -73 8 1
-223 -77 1 1
-223 -77 0 1
-215 -61 7 1
-216 -61 7 1
-216 -62 7 1
-241 -100 0 2
-216 -63 7 1
-213 -58 8 1
-213 -59 8 1
-213 -60 8 1
-214 -58 8 1
-214 -59 8 1
-232 -84 -1 1
-232 -85 -1 1
-232 -86 -1 1
-232 -87 0 1
-222 -74 2 1
-242 -100 5 0
-225 -76 1 2
-226 -76 1 2
-223 -74 3 1
-233 -85 0 1
-213 -59 0 1
-213 -59 -1 1
-213 -60 0 2
-208 -65 1 1
-207 -65 1 1
-206 -65 1 1
-226 -70 1 1
-226 -70 2 2
-215 -62 4 2
-237 -51 0 1
-238 -51 0 1
-237 -51 3 1
-237 -51 2 2
-237 -51 1 2
-238 -51 3 1
-238 -51 2 2
-238 -51 1 2
-239 -51 3 1
-239 -51 2 2
-239 -51 1 2
-246 -61 4 0
-204 -61 3 1
-241 -60 0 1
-240 -69 1 2
-240 -69 0 1
-243 -72 2 1
-243 -72 1 1
-243 -72 0 1
-243 -73 0 1
-236 -68 2 1
-236 -68 1 1
-238 -68 3 1
-235 -69 2 1
-235 -70 2 1
-235 -71 3 1
-235 -71 2 1
-240 -69 3 1
-240 -69 2 1
-241 -69 3 2
-241 -69 2 2
-242 -69 4 1
-242 -69 3 1
-222 -86 1 2
-223 -87 0 1
-223 -87 1 1
-223 -87 2 2
-223 -86 0 1
-223 -86 1 1
-222 -87 0 1
-222 -87 1 1
-222 -86 0 1
-221 -87 0 1
-221 -87 1 1
-221 -86 0 1
-221 -86 1 2
-222 -81 -1 1
-222 -81 0 1
-222 -86 -1 1
-221 -86 -1 1
-220 -86 -1 1
-220 -86 0 1
-229 -61 9 0
-220 -85 -1 1
-220 -85 0 2
-220 -85 1 1
-229 -61 6 0
-234 -51 8 0
-232 -52 9 1
-229 -61 10 0
-232 -51 10 0
-232 -52 11 0
-232 -52 8 1
-229 -51 9 0
-222 -52 3 0
-250 -61 4 0
-229 -51 11 0
-227 -61 9 0
-229 -51 8 1
-227 -62 7 1
-227 -63 7 1
-225 -61 8 0
-224 -62 8 0
-226 -60 9 0
-225 -61 10 0
-224 -61 10 0
-225 -61 7 1
-224 -61 7 0
-227 -59 11 0
-227 -59 12 0
-227 -59 6 2
-228 -60 5 1
-228 -60 6 1
-228 -60 7 1
-228 -59 5 1
-228 -59 6 1
-227 -60 5 1
-227 -60 6 2
-227 -59 5 1
-226 -60 5 1
-221 -53 3 0
-220 -52 2 1
-232 -63 1 2
-210 -62 1 2
-210 -63 3 2
-240 -53 2 1
-240 -52 0 1
-240 -52 2 2
-220 -52 4 0
-220 -52 3 0
-219 -52 2 1
-230 -62 0 1
-237 -68 5 1
-237 -68 4 1
-234 -77 5 2
-234 -77 4 2
-235 -76 5 1
-235 -76 4 1
-238 -59 5 1
-238 -59 6 1
-237 -59 5 1
-237 -59 6 1
-236 -61 4 1
-236 -60 4 1
-236 -59 4 1
-238 -57 4 1
-237 -57 4 1
-201 -82 2 0
-201 -82 1 1
-242 -61 2 1
-221 -85 3 1
-220 -87 3 1
-227 -65 6 2
-227 -64 6 2
-227 -66 2 1
-227 -65 2 1
-225 -67 2 2
-223 -68 2 1
-223 -67 2 1
-248 -55 5 0
-249 -64 4 0
-248 -60 3 0
-248 -61 3 0
-201 -82 -1 2
-202 -83 -2 1
-202 -82 -2 1
-202 -81 -2 1
-248 -60 5 0
-214 -93 4 1
-247 -62 3 0
-214 -92 4 1
-222 -66 3 1
-247 -62 4 0
-237 -69 6 1
-237 -69 5 1
-228 -62 -1 1
-229 -61 -1 1
-229 -62 -1 1
-225 -63 2 1
-225 -58 1 2
-241 -64 3 0
-241 -61 3 0
-241 -61 4 0
-225 -59 0 2
-225 -59 -1 1
-224 -60 1 2
-223 -56 3 2
-224 -60 -1 1
-224 -61 1 2
-224 -61 0 2
-224 -61 -1 1
-224 -62 1 2
-237 -66 3 2
-238 -64 3 2
-201 -77 14 0
-238 -66 3 1
-239 -84 6 0
-239 -83 5 0
-239 -84 4 0
-238 -83 5 0
-202 -78 14 0
-239 -82 4 0
-238 -84 4 0
-223 -70 9 0
-201 -78 13 0
-240 -82 2 1
-202 -77 13 0
-238 -84 3 0
-239 -83 3 0
-201 -78 12 0
-234 -85 4 1
-236 -87 2 1
-236 -86 2 1
-236 -85 2 1
-235 -87 2 1
-235 -86 2 1
-235 -85 2 1
-237 -52 0 1
-212 -60 3 1
-218 -66 6 1
-218 -65 6 1
-221 -63 5 0
-221 -66 0 1
-248 -98 2 1
-248 -98 1 1
-248 -99 3 2
-202 -77 0 1
-201 -77 -2 1
-201 -77 -1 2
-201 -77 0 1
-228 -96 4 1
-229 -97 3 0
-229 -97 4 0
-230 -96 3 1
-229 -98 3 1
-225 -97 3 1
-225 -96 3 1
-225 -96 4 1
-230 -97 3 0
-229 -100 2 1
-229 -100 3 1
-229 -100 4 1
-229 -99 2 1
-229 -99 3 1
-220 -61 -1 1
-229 -98 4 1
-228 -100 2 1
-228 -100 3 1
-228 -100 4 1
-228 -99 4 1
-214 -62 6 2
-215 -59 5 1
-215 -59 4 1
-247 -98 5 0
-247 -98 4 1
-227 -60 -1 1
-226 -62 -1 1
-226 -62 0 1
-213 -59 6 2
-226 -60 -1 1
-226 -60 0 1
-225 -62 -1 1
-212 -58 4 2
-214 -62 -1 1
-215 -62 0 1
-215 -62 -1 1
-216 -62 0 1
-216 -62 -1 1
-217 -61 5 1
-216 -65 3 1
-216 -65 2 1
-216 -65 1 1
-217 -65 3 1
-217 -65 2 1
-217 -65 1 1
-218 -65 3 1
-218 -65 2 1
-218 -65 1 1
-217 -62 0 1
-217 -62 -1 1
-218 -62 0 1
-219 -62 0 2
-219 -62 -1 1
-218 -61 5 0
-219 -60 5 0
-220 -62 5 1
-220 -63 5 1
-220 -63 4 1
-220 -63 3 1
-236 -65 0 1
-240 -65 1 2
-240 -65 0 1
-241 -65 2 1
-241 -65 1 2
-241 -65 0 1
-242 -65 2 1
-242 -65 1 1
-242 -65 0 1
-229 -80 6 1
-231 -80 7 0
-222 -86 2 2
-222 -86 3 2
-222 -88 8 0
-222 -89 8 0
-230 -78 4 1
-230 -78 5 1
-222 -85 10 0
-230 -77 5 1
-229 -78 4 1
-229 -78 5 1
-219 -86 8 0
-220 -84 8 0
-227 -86 4 2
-227 -85 4 1
-226 -86 4 2
-226 -85 4 2
-225 -86 4 1
-225 -85 4 1
-224 -88 8 0
-222 -90 6 1
-222 -72 9 0
-247 -52 0 1
-247 -52 1 1
-247 -51 1 1
-224 -71 10 0
-220 -69 4 1
-209 -84 4 2
-210 -85 3 2
-210 -85 4 1
-210 -85 5 1
-210 -84 3 2
-219 -85 1 1
-219 -85 0 2
-219 -85 -1 1
-219 -86 1 2
-219 -86 0 1
-219 -86 -1 1
-220 -87 1 1
-229 -76 2 1
-229 -77 4 1
-234 -76 2 2
-234 -76 1 1
-234 -76 0 1
-235 -76 2 1
-235 -76 1 1
-235 -76 0 1
-229 -77 3 1
-226 -72 -1 1
-225 -72 -1 1
-202 -55 12 1
-201 -56 12 1
-201 -53 14 0
-238 -83 7 0
-237 -89 11 0
-237 -88 11 0
-236 -90 11 0
-238 -89 10 0
-238 -88 11 0
-239 -89 10 0
-236 -91 10 0
-239 -88 10 0
-237 -91 9 0
-234 -90 6 1
-234 -90 7 1
-234 -90 8 1
-234 -89 6 1
-234 -89 7 1
-234 -89 8 1
-237 -82 7 0
-237 -81 7 0
-201 -52 14 0
-201 -55 13 0
-201 -54 15 0
-201 -55 14 0
-202 -54 14 0
-202 -53 13 0
-202 -53 14 0
-201 -55 15 0
-202 -54 15 0
-202 -92 7 0
-203 -92 7 0
-201 -92 6 0
-236 -71 4 1
-238 -70 6 0
-238 -70 7 0
-238 -70 4 1
-238 -70 3 1
-237 -76 5 0
-240 -91 0 1
-223 -72 1 2
-228 -57 2 1
-239 -99 6 0
-241 -100 6 0
-239 -100 5 0
-240 -100 4 0
-238 -100 5 0
-224 -73 5 0
-224 -73 4 1
-239 -100 2 1
-237 -64 4 1
-250 -70 -1 1
-225 -66 12 0
-220 -81 6 2
-220 -81 7 2
-220 -81 8 1
-219 -81 6 2
-219 -81 7 2
-219 -81 8 1
-224 -79 6 1
-224 -79 12 0
-224 -79 11 0
-221 -82 7 1
-222 -81 7 0
-221 -81 10 0
-222 -81 9 0
-223 -80 9 0
-236 -70 6 1
-219 -63 -1 1
-226 -63 2 1
-240 -82 1 2
-240 -82 0 1
-241 -82 1 1
-241 -82 0 1
-236 -86 1 1
-236 -86 0 1
-238 -85 7 1
-239 -85 7 1
-240 -86 6 0
-237 -88 0 1
-237 -89 0 1
-237 -90 1 1
-237 -90 0 1
-238 -88 0 1
-238 -89 0 1
-238 -90 1 2
-231 -79 2 1
-231 -78 2 1
-230 -79 2 1
-230 -78 2 1
-235 -52 7 1
-234 -54 6 1
-234 -54 7 1
-234 -53 6 1
-234 -52 6 1
-238 -73 3 1
-232 -72 4 1
-233 -54 7 1
-233 -53 6 1
-233 -53 7 1
-233 -52 6 1
-233 -52 7 1
-231 -51 9 0
-231 -52 9 1
-231 -53 9 1
-238 -92 6 1
-238 -91 6 1
-238 -90 4 2
-238 -90 5 2
-238 -90 6 1
-237 -92 4 1
-237 -92 5 1
-237 -92 6 1
-237 -91 4 1
-237 -91 5 1
-237 -91 6 1
-237 -90 4 1
-237 -90 5 1
-237 -90 6 1
-244 -92 3 1
-244 -92 4 1
-244 -92 5 1
-244 -91 3 1
-244 -91 4 1
-244 -91 5 1
-237 -93 4 1
-237 -92 2 1
-237 -92 3 1
-237 -91 2 1
-237 -91 3 1
-239 -90 2 2
-250 -61 -1 1
-250 -61 2 0
-250 -59 4 0
-250 -60 -1 1
-250 -60 2 0
-249 -59 1 1
-249 -59 0 1
-249 -59 -1 1
-250 -59 1 1
-250 -59 0 2
-250 -59 -1 1
-250 -58 2 0
-249 -57 1 1
-250 -57 0 2
-250 -57 -1 1
-249 -55 1 1
-249 -55 0 2
-249 -55 -1 1
-249 -56 1 1
-249 -56 0 1
-249 -56 -1 1
-250 -55 1 1
-230 -70 5 1
-230 -70 4 1
-230 -70 3 2
-231 -68 3 1
-223 -82 4 1
-201 -76 4 0
-223 -82 5 0
-223 -82 12 0
-201 -73 3 0
-223 -82 11 0
-223 -82 10 0
-223 -82 9 0
-201 -73 2 0
-204 -74 1 1
-204 -74 2 1
-204 -74 3 1
-221 -85 9 0
-223 -86 9 0
-223 -86 8 0
-226 -85 9 0
-225 -84 9 0
-226 -85 8 0
-219 -78 5 1
-219 -79 5 1
-219 -80 5 1
-220 -78 5 1
-202 -72 -2 1
-202 -72 -1 1
-202 -72 0 1
-201 -72 -2 1
-201 -72 -1 2
-201 -72 0 1
-220 -79 5 1
-220 -80 5 1
-221 -78 5 2
-221 -79 5 2
-203 -74 -2 1
-203 -74 -1 1
-203 -74 0 1
-221 -80 5 1
-220 -82 9 0
-221 -82 9 0
-223 -81 4 1
-223 -81 5 0
-223 -81 6 0
-223 -81 12 0
-223 -81 11 0
-223 -81 10 0
-227 -80 3 1
-231 -54 9 2
-231 -51 10 0
-231 -52 10 1
-231 -53 11 0
-231 -51 8 1
-231 -52 8 1
-231 -53 8 2
-229 -52 9 0
-228 -52 9 0
-230 -51 10 0
-229 -51 10 0
-228 -52 11 0
-230 -51 8 1
-229 -52 8 1
-228 -52 8 1
-224 -64 7 1
-226 -62 10 0
-226 -62 11 0
-226 -62 12 0
-226 -62 6 2
-232 -51 6 1
-232 -51 7 1
-227 -62 5 1
-227 -62 6 1
-231 -51 6 1
-231 -51 7 2
-226 -62 7 1
-225 -63 6 2
-230 -51 6 1
-230 -51 7 2
-225 -61 6 1
-215 -64 4 1
-203 -66 14 0
-245 -54 5 0
-201 -66 15 0
-201 -66 14 0
-214 -59 1 1
-214 -60 1 1
-201 -65 14 0
-202 -65 15 0
-214 -59 5 2
-214 -60 5 1
-213 -60 4 1
-214 -58 4 2
-214 -58 3 2
-214 -58 2 1
-214 -59 4 2
-214 -59 3 2
-214 -59 2 1
-218 -90 4 1
-219 -90 5 2
-219 -90 4 2
-218 -62 5 1
-220 -90 4 1
-218 -61 -1 1
-218 -61 0 2
-218 -61 1 1
-218 -60 -1 1
-216 -62 6 2
-218 -59 1 1
-219 -59 3 0
-247 -64 4 0
-247 -64 5 0
-247 -64 3 0
-246 -63 4 0
-216 -88 4 1
-216 -88 5 1
-224 -78 2 1
-223 -78 2 1
-248 -87 2 1
-247 -86 3 2
-248 -83 3 0
-249 -85 3 1
-248 -84 4 0
-250 -85 4 0
-249 -83 4 0
-249 -85 4 1
-249 -84 5 0
-250 -83 4 0
-223 -93 1 1
-249 -70 1 1
-249 -70 0 1
-249 -70 -1 1
-250 -70 1 1
-205 -56 7 1
-205 -56 8 1
-205 -56 9 1
-205 -55 9 1
-204 -56 7 1
-204 -56 8 1
-204 -56 9 1
-204 -55 9 2
-203 -56 7 1
-203 -56 8 1
-203 -56 9 1
-203 -55 9 1
-203 -56 11 1
-204 -56 11 1
-205 -56 11 1
-201 -55 11 1
-201 -55 10 1
-201 -55 9 1
-205 -55 11 1
-201 -54 10 1
-201 -54 11 1
-204 -55 10 2
-204 -55 11 1
-203 -55 10 1
-203 -55 11 1
-202 -55 9 1
-202 -55 10 2
-202 -55 11 2
-205 -54 11 1
-205 -56 10 1
-205 -55 10 1
-214 -62 0 1
-213 -61 2 1
-211 -64 5 1
-204 -57 6 1
-206 -85 5 1
-206 -85 4 1
-206 -85 3 1
-206 -84 4 2
-207 -85 6 0
-207 -86 6 0
-207 -86 5 1
-209 -86 3 1
-210 -86 3 2
-211 -85 4 1
-211 -85 3 1
-210 -86 4 2
-218 -88 3 1
-218 -88 11 0
-218 -88 10 0
-218 -88 9 0
-218 -88 8 0
-215 -90 5 2
-216 -90 6 1
-216 -89 6 1
-221 -87 11 0
-221 -87 10 0
-218 -89 5 1
-218 -89 8 0
-225 -54 7 2
-226 -77 5 2
-226 -77 4 2
-228 -76 0 1
-228 -77 0 1
-225 -54 8 1
-222 -75 1 1
-222 -75 0 1
-242 -93 4 2
-223 -75 1 1
-223 -75 0 2
-223 -75 -1 1
-224 -75 0 2
-224 -75 -1 1
-223 -74 4 1
-231 -80 1 1
-232 -80 1 1
-226 -85 3 1
-226 -85 2 1
-226 -86 3 2
-226 -86 2 2
-226 -87 3 2
-231 -87 2 1
-232 -85 3 1
-212 -89 3 1
-212 -90 5 2
-212 -90 4 2
-240 -63 9 1
-240 -63 8 1
-240 -64 9 1
-240 -64 8 1
-240 -65 9 1
-241 -63 9 1
-241 -63 8 1
-202 -75 4 1
-202 -75 5 1
-201 -76 2 1
-214 -60 -1 1
-201 -75 3 1
-225 -68 0 2
-226 -99 0 1
-203 -74 1 2
-203 -74 2 1
-246 -63 0 1
-219 -85 6 1
-231 -79 4 2
-231 -79 5 2
-209 -89 7 0
-241 -89 2 1
-224 -96 0 1
-201 -65 2 0
-201 -64 2 0
-203 -66 2 0
-224 -95 1 1
-202 -65 1 1
-224 -94 0 1
-224 -94 1 1
-229 -93 -1 1
-229 -93 0 2
-229 -93 1 1
-228 -95 -1 1
-228 -95 0 2
-228 -95 1 1
-228 -94 -1 1
-203 -65 0 2
-204 -65 -1 1
-250 -61 0 2
-221 -92 1 1
-223 -93 3 1
-223 -93 2 1
-240 -54 3 0
-236 -54 5 1
-236 -55 5 1
-236 -56 5 1
-237 -54 5 1
-238 -54 5 1
-223 -93 4 1
-202 -89 6 0
-202 -90 7 0
-220 -93 5 1
-202 -93 7 0
-201 -91 8 0
-240 -89 6 0
-238 -93 5 1
-237 -93 5 2
-237 -89 3 1
-201 -90 8 0
-243 -91 2 1
-241 -90 6 0
-240 -88 6 0
-241 -89 6 0
-239 -88 6 1
-238 -88 6 1
-237 -88 6 1
-244 -90 3 1
-244 -90 4 1
-244 -90 5 1
-221 -87 7 1
-213 -86 3 1
-216 -59 6 1
-223 -66 6 1
-223 -65 6 1
-219 -59 4 0
-219 -59 2 1
-219 -61 4 0
-218 -64 1 1
-247 -97 3 1
-222 -57 2 1
-222 -57 4 1
-222 -57 3 1
-221 -55 2 1
-214 -61 1 1
-214 -60 0 2
-214 -59 0 1
-245 -60 5 0
-222 -65 4 1
-222 -65 5 1
-212 -64 7 1
-212 -63 7 1
-222 -68 5 1
-222 -68 3 0
-245 -62 4 0
-245 -62 5 0
-244 -61 4 0
-243 -61 4 0
-244 -58 5 0
-248 -58 5 0
-247 -59 5 0
-247 -59 4 0
-246 -60 5 0
-226 -77 8 0
-228 -76 7 0
-228 -76 10 0
-225 -76 9 0
-228 -76 8 0
-225 -76 8 0
-223 -74 10 0
-219 -77 8 1
-219 -77 7 1
-219 -77 6 1
-221 -76 10 0
-224 -75 5 0
-224 -75 6 0
-224 -75 12 0
-224 -75 11 0
-220 -79 8 1
-220 -79 7 2
-220 -79 6 2
-221 -79 8 1
-221 -79 7 2
-228 -58 3 1
-222 -79 8 1
-214 -88 4 2
-222 -79 6 2
-222 -77 10 0
-223 -77 10 0
-223 -76 9 0
-223 -76 8 1
-216 -60 3 0
-216 -60 4 0
-249 -54 1 1
-250 -54 3 0
-250 -55 2 0
-250 -55 0 2
-250 -56 -1 1
-250 -56 0 2
-250 -56 1 1
-217 -63 4 2
-217 -62 2 1
-217 -62 3 1
-217 -62 4 1
-215 -64 1 1
-215 -63 1 2
-215 -62 1 1
-240 -75 4 1
-240 -75 3 1
-240 -76 4 1
-240 -76 3 1
-240 -77 3 2
-241 -75 5 1
-241 -75 4 1
-241 -75 3 2
-241 -76 5 1
-249 -53 3 0
-227 -91 6 1
-248 -55 4 0
-245 -63 5 0
-245 -63 3 0
-244 -64 4 0
-215 -88 5 2
-244 -64 3 0
-242 -63 4 0
-242 -63 5 0
-242 -63 3 0
-246 -100 4 1
-225 -65 3 2
-202 -77 3 1
-201 -79 2 0
-201 -79 1 0
-201 -78 1 0
-202 -77 -2 1
-237 -79 5 0
-234 -79 0 1
-235 -79 1 2
-235 -79 0 1
-235 -80 0 1
-236 -79 1 2
-236 -79 0 1
-234 -79 2 2
-235 -79 2 2
-236 -79 4 1
-224 -74 -1 1
-223 -74 -1 1
-222 -74 -1 1
-222 -74 0 2
-237 -63 3 1
-236 -63 3 1
-235 -63 3 1
-233 -63 0 1
-233 -63 1 2
-233 -63 2 2
-233 -62 0 1
-233 -62 1 2
-233 -62 2 2
-234 -62 3 1
-230 -60 1 1
-230 -60 2 1
-240 -71 1 2
-250 -82 4 0
-237 -55 2 2
-237 -55 1 2
-238 -55 3 1
-209 -62 2 2
-209 -62 1 1
-217 -61 2 1
-217 -61 4 0
-219 -61 2 0
-219 -61 3 0
-208 -61 3 1
-208 -61 2 1
-209 -58 2 2
-209 -58 1 1
-243 -84 4 1
-243 -84 5 1
-242 -80 1 1
-239 -81 3 1
-236 -80 0 1
-243 -81 0 1
-243 -81 1 1
-243 -80 0 1
-243 -80 1 1
-243 -80 2 1
-242 -81 0 1
-242 -80 0 1
-209 -59 3 2
-209 -60 5 1
-209 -60 4 1
-209 -60 3 1
-207 -57 0 1
-205 -57 3 1
-206 -57 3 1
-207 -57 3 1
-207 -57 2 1
-220 -85 4 1
-218 -87 6 1
-202 -67 -1 2
-240 -76 6 0
-240 -76 7 0
-240 -75 6 0
-240 -75 7 0
-239 -76 6 0
-239 -76 7 0
-239 -75 6 0
-239 -75 7 0
-201 -66 0 1
-246 -96 -1 1
-246 -96 0 1
-246 -96 1 1
-245 -96 -1 1
-245 -96 0 1
-212 -86 4 1
-225 -82 1 2
-204 -69 0 1
-204 -69 -1 1
-205 -82 1 1
-205 -82 0 1
-230 -81 8 0
-240 -68 2 1
-228 -90 6 1
-227 -100 1 1
-227 -100 0 1
-227 -100 -1 1
-228 -99 0 2
-228 -99 -1 1
-228 -100 1 1
-202 -59 4 0
-223 -67 3 0
-223 -66 4 1
-223 -66 5 1
-223 -66 3 1
-223 -65 3 2
-230 -76 5 1
-238 -55 1 2
-238 -55 0 1
-239 -55 2 1
-239 -55 1 2
-239 -55 0 1
-240 -55 2 1
-240 -55 1 2
-218 -56 3 0
-240 -55 0 1
-239 -54 2 1
-239 -54 1 2
-239 -54 0 1
-240 -54 2 1
-240 -54 1 2
-240 -54 0 1
-241 -54 2 1
-241 -54 1 2
-215 -61 5 1
-241 -54 0 1
-235 -52 2 1
-235 -52 1 1
-235 -52 0 1
-214 -60 6 1
-214 -61 6 1
-214 -61 5 1
-214 -59 6 2
-216 -61 5 1
-216 -62 5 1
-217 -63 6 2
-213 -63 1 1
-213 -63 3 2
-213 -62 1 2
-213 -62 2 1
-213 -62 3 1
-220 -60 4 0
-213 -61 4 1
-218 -56 4 0
-218 -56 2 1
-219 -56 4 0
-220 -57 3 0
-221 -56 3 0
-221 -56 4 0
-221 -56 2 1
-222 -53 1 1
-222 -54 1 2
-212 -59 0 1
-211 -59 5 2
-212 -59 3 2
-212 -60 5 1
-212 -60 4 1
-238 -63 1 2
-208 -81 2 1
-208 -81 1 1
-208 -81 0 1
-204 -83 2 1
-204 -83 1 2
-204 -83 0 2
-204 -84 2 2
-204 -84 1 2
-204 -84 0 2
-204 -85 2 2
-204 -85 1 2
-229 -99 4 1
-204 -85 0 2
-205 -83 2 1
-205 -83 1 1
-205 -83 0 2
-205 -84 2 2
-205 -84 0 2
-215 -63 3 2
-215 -63 4 2
-216 -58 4 1
-216 -58 2 1
-217 -59 4 0
-218 -60 3 0
-218 -60 4 0
-218 -60 2 0
-217 -61 3 0
-217 -64 5 1
-217 -63 5 2
-217 -62 5 1
-228 -75 4 1
-228 -75 3 1
-232 -83 5 0
-232 -84 4 0
-233 -86 4 0
-230 -83 2 1
-229 -74 4 2
-230 -83 3 1
-230 -83 4 1
-230 -82 2 2
-230 -82 3 2
-230 -82 4 1
-230 -81 2 1
-227 -89 0 1
-226 -91 -1 1
-226 -91 0 2
-226 -90 -1 1
-226 -89 -1 1
-235 -97 6 1
-235 -97 5 1
-236 -95 6 1
-236 -95 5 2
-236 -96 7 1
-236 -96 5 2
-236 -97 7 1
-236 -97 6 1
-236 -97 5 1
-237 -95 6 1
-237 -95 5 2
-237 -96 7 1
-237 -96 5 1
-237 -97 7 1
-237 -97 6 1
-237 -97 5 1
-236 -96 6 2
-239 -95 6 0
-235 -94 6 1
-237 -96 6 2
-236 -95 7 1
-238 -95 7 1
-238 -94 7 0
-236 -95 8 0
-219 -74 1 1
-219 -74 2 1
-221 -76 0 2
-222 -77 -1 1
-222 -77 0 1
-211 -83 5 1
-211 -84 4 1
-214 -83 -1 1
-213 -84 1 1
-213 -84 0 2
-213 -84 -1 1
-213 -85 1 1
-213 -85 0 2
-213 -85 -1 1
-213 -86 1 1
-213 -86 0 2
-213 -86 -1 1
-215 -81 -1 1
-215 -82 -1 1
-214 -86 2 1
-213 -85 2 0
-212 -81 3 1
-212 -81 2 1
-212 -81 1 1
-212 -82 3 2
-212 -82 2 2
-212 -82 1 2
-212 -83 3 1
-212 -83 2 1
-220 -83 0 2
-212 -83 1 2
-213 -81 2 1
-213 -81 1 1
-213 -82 1 2
-201 -96 7 0
-201 -95 4 0
-218 -88 5 1
-218 -87 5 1
-235 -58 0 1
-235 -58 1 2
-211 -82 -1 1
-228 -65 5 1
-228 -66 6 1
-228 -66 5 1
-229 -65 6 1
-229 -65 5 2
-229 -66 6 2
-208 -62 3 1
-208 -62 1 2
-208 -63 3 2
-208 -63 2 2
-208 -62 7 1
-206 -58 6 1
-230 -64 -1 1
-230 -58 -1 1
-230 -59 -1 1
-224 -53 4 2
-224 -53 2 2
-236 -54 3 1
-237 -52 4 1
-237 -53 4 2
-237 -54 4 2
-237 -54 3 2
-238 -52 4 1
-237 -77 5 0
-238 -76 5 0
-237 -75 8 0
-237 -77 8 0
-236 -54 2 2
-236 -54 1 2
-236 -54 0 1
-237 -54 2 2
-237 -54 1 2
-237 -54 0 1
-238 -54 2 1
-205 -61 4 0
-206 -62 -1 1
-236 -62 0 1
-236 -62 1 2
-236 -62 2 2
-235 -62 0 1
-235 -62 1 2
-235 -62 2 2
-235 -61 0 1
-235 -61 1 2
-235 -61 2 2
-207 -57 1 1
-244 -63 6 0
-242 -62 6 0
-240 -62 4 0
-215 -85 6 0
-217 -86 7 0
-217 -86 6 0
-236 -100 1 1
-229 -76 6 1
-235 -77 3 2
-230 -74 6 1
-230 -75 7 0
-214 -81 0 1
-214 -81 1 1
-214 -81 2 2
-215 -86 2 1
-243 -86 1 2
-243 -85 1 1
-244 -88 1 1
-249 -74 -1 1
-250 -74 1 1
-250 -74 0 1
-250 -74 -1 1
-225 -79 0 1
-211 -60 6 1
-232 -76 6 1
-233 -76 7 0
-228 -67 8 0
-224 -64 8 0
-224 -64 10 0
-227 -63 6 2
-226 -63 6 2
-220 -74 6 1
-236 -84 0 1
-223 -77 -1 1
-224 -77 -1 1
-225 -77 -1 1
-225 -78 1 1
-225 -78 0 1
-226 -78 1 2
-226 -78 0 1
-227 -76 1 2
-227 -76 0 1
-227 -77 1 1
-225 -84 5 1
-224 -85 4 0
-224 -86 3 1
-223 -83 3 0
-241 -82 3 2
-241 -82 4 2
-241 -82 5 1
-240 -84 3 1
-243 -83 1 1
-243 -83 2 1
-242 -84 0 1
-207 -61 7 1
-233 -68 6 1
-233 -70 3 2
-249 -91 4 0
-249 -91 6 0
-249 -91 5 0
-233 -79 8 0
-219 -55 1 1
-234 -80 4 2
-234 -80 5 2
-234 -79 4 2
-234 -79 5 2
-233 -80 4 1
-233 -80 5 2
-233 -79 4 1
-233 -79 5 2
-222 -66 1 2
-222 -66 0 1
-222 -67 2 1
-222 -67 1 1
-246 -99 7 0
-236 -76 7 0
-235 -75 6 1
-236 -90 7 2
-235 -90 6 1
-235 -90 7 2
-235 -90 8 1
-238 -90 8 1
-227 -56 6 2
-216 -82 0 2
-238 -58 5 2
-239 -58 5 1
-239 -58 6 1
-239 -57 5 1
-239 -57 6 1
-237 -89 10 0
-236 -89 10 0
-238 -88 10 0
-237 -90 9 0
-235 -89 9 0
-238 -89 9 0
-236 -90 9 0
-240 -57 3 0
-238 -55 4 1
-237 -55 4 2
-236 -56 4 1
-236 -88 11 0
-237 -90 10 0
-243 -96 4 0
-243 -94 3 2
-244 -95 2 1
-244 -95 3 1
-244 -95 4 1
-234 -76 8 0
-224 -70 4 0
-225 -70 4 0
-234 -76 5 2
-235 -77 4 1
-235 -77 5 1
-201 -63 -1 1
-225 -61 1 1
-220 -54 6 0
-224 -56 6 1
-230 -82 0 1
-230 -83 0 2
-230 -84 2 1
-229 -84 1 1
-229 -84 0 2
-229 -84 -1 1
-229 -85 0 2
-229 -85 -1 1
-229 -86 0 1
-229 -86 -1 1
-231 -81 0 1
-231 -87 0 1
-229 -85 3 1
-243 -62 6 0
-243 -64 3 0
-207 -93 3 1
-241 -62 3 0
-207 -94 3 1
-219 -58 -1 1
-213 -86 7 0
-213 -86 4 1
-236 -72 6 0
-234 -64 2 1
-208 -87 2 2
-208 -87 1 1
-208 -87 0 2
-208 -88 2 1
-208 -88 1 1
-208 -88 0 1
-209 -87 0 1
-232 -60 0 1
-232 -61 2 2
-232 -61 1 2
-232 -61 0 1
-219 -83 5 1
-222 -83 5 0
-220 -85 6 1
-219 -86 6 1
-219 -86 5 2
-219 -88 6 1
-211 -87 6 1
-211 -87 5 1
-213 -88 6 1
-213 -88 5 1
-237 -65 6 1
-230 -72 6 0
-230 -72 4 1
-230 -71 5 1
-209 -84 -1 1
-209 -86 1 2
-208 -84 1 2
-224 -65 5 2
-211 -83 4 1
-211 -82 4 1
-201 -64 4 0
-201 -64 3 0
-230 -51 5 1
-229 -53 5 1
-229 -53 6 1
-229 -53 7 1
-229 -52 5 1
-229 -51 5 1
-228 -53 5 1
-228 -53 6 1
-228 -53 7 1
-228 -52 5 1
-228 -52 6 1
-228 -52 7 2
-234 -72 3 0
-221 -82 5 1
-223 -86 5 1
-203 -66 0 1
-203 -66 1 1
-202 -67 1 1
-202 -65 -2 1
-202 -65 -1 2
-202 -65 0 1
-201 -65 -2 1
-201 -65 -1 1
-201 -65 0 1
-203 -68 -2 1
-203 -67 -2 1
-220 -80 4 1
-204 -95 8 0
-219 -63 3 2
-211 -90 7 0
-220 -83 6 1
-245 -98 5 0
-215 -55 0 1
-214 -57 -1 1
-214 -56 -1 1
-214 -56 0 1
-214 -55 -1 1
-214 -55 0 1
-216 -54 -1 1
-216 -54 0 2
-220 -78 1 1
-219 -78 1 1
-220 -74 -1 1
-220 -74 0 1
-220 -73 -1 1
-220 -73 0 1
-220 -73 1 1
-219 -75 6 1
-203 -59 -1 1
-202 -60 5 0
-223 -51 5 1
-239 -63 3 1
-242 -66 3 1
-240 -65 3 0
-206 -61 4 0
-207 -62 -1 1
-238 -59 2 1
-226 -74 7 0
-227 -74 10 0
-226 -74 10 0
-225 -73 9 0
-227 -75 8 0
-226 -74 8 0
-225 -73 8 0
-228 -72 7 0
-222 -53 4 0
-225 -54 1 1
-229 -79 7 0
-230 -79 7 0
-245 -55 4 0
-226 -79 6 1
-224 -81 4 1
-224 -81 5 1
-224 -81 12 0
-224 -81 11 0
-221 -83 9 0
-222 -83 9 0
-224 -84 9 0
-224 -85 8 0
-226 -83 9 0
-225 -83 9 0
-220 -55 -1 1
-221 -55 1 2
-221 -55 0 1
-221 -55 -1 1
-220 -56 5 0
-220 -56 4 0
-221 -57 4 0
-222 -55 5 1
-222 -56 5 1
-219 -82 8 1
-219 -82 7 1
-219 -82 6 1
-220 -82 8 1
-220 -82 7 1
-220 -82 6 1
-220 -81 9 0
-225 -61 3 1
-217 -61 6 1
-215 -62 6 2
-215 -63 6 1
-215 -64 6 1
-217 -59 5 0
-218 -62 1 1
-218 -63 1 1
-227 -74 3 2
-222 -53 2 1
-227 -75 5 1
-227 -75 4 1
-209 -60 -1 1
-209 -61 -1 1
-209 -62 -1 1
-248 -63 4 0
-250 -64 3 0
-250 -64 5 0
-250 -64 4 0
-249 -61 3 0
-248 -60 4 0
-249 -61 4 0
-248 -62 3 0
-248 -62 5 0
-248 -62 4 0
-205 -60 1 1
-247 -56 4 0
-244 -56 3 0
-209 -64 2 1
-201 -59 2 0
-223 -58 0 1
-223 -58 1 2
-235 -74 3 1
-235 -73 3 1
-231 -78 6 1
-230 -78 6 1
-231 -78 7 0
-230 -78 7 0
-250 -84 3 0
-250 -84 4 0
-249 -82 4 0
-230 -76 6 1
-249 -84 3 0
-250 -85 3 0
-249 -83 3 0
-248 -83 -1 1
-248 -83 0 1
-248 -83 1 1
-248 -82 -1 1
-248 -82 0 1
-248 -82 1 1
-224 -69 5 0
-224 -68 5 0
-230 -68 6 1
-226 -75 2 1
-226 -74 2 1
-226 -73 2 2
-226 -72 2 1
-236 -72 5 1
-237 -72 4 2
-226 -73 7 0
-227 -73 10 0
-226 -73 10 0
-225 -72 9 0
-222 -61 3 0
-238 -67 8 1
-238 -66 8 1
-238 -65 8 1
-242 -68 7 0
-242 -69 6 0
-204 -85 5 1
-241 -69 7 0
-242 -74 2 2
-250 -59 3 0
-250 -58 4 0
-226 -55 5 1
-226 -55 6 1
-226 -55 7 1
-224 -57 8 0
-223 -57 8 0
-225 -57 9 0
-224 -57 10 0
-223 -57 10 0
-239 -80 2 1
-239 -80 1 2
-239 -80 0 1
-240 -79 0 1
-231 -57 10 0
-229 -60 8 0
-241 -79 0 1
-241 -80 1 1
-241 -80 0 1
-250 -81 -1 1
-250 -81 2 1
-250 -80 3 0
-250 -79 4 0
-222 -91 7 0
-228 -72 10 0
-226 -72 9 0
-234 -82 0 1
-234 -81 0 1
-238 -88 3 2
-238 -88 4 2
-238 -88 5 2
-238 -87 3 2
-238 -86 3 2
-237 -88 3 1
-237 -88 4 1
-237 -88 5 1
-237 -87 3 1
-237 -86 3 2
-239 -84 3 0
-243 -83 3 1
-243 -83 4 1
-243 -82 2 1
-243 -82 3 1
-243 -82 4 1
-243 -81 2 1
-243 -81 3 1
-243 -81 4 1
-242 -82 2 1
-219 -68 3 1
-219 -69 5 1
-219 -69 4 1
-203 -57 2 0
-203 -57 4 0
-220 -51 2 1
-220 -51 1 1
-220 -51 0 1
-221 -51 2 1
-221 -51 1 2
-221 -51 0 1
-201 -59 -1 1
-202 -59 1 1
-202 -59 0 1
-211 -89 5 1
-211 -89 3 1
-211 -90 5 2
-211 -90 4 2
-211 -90 3 1
-212 -88 5 1
-202 -59 -1 1
-203 -59 1 2
-203 -59 0 1
-250 -99 2 1
-250 -99 1 1
-250 -100 3 1
-201 -81 14 0
-250 -100 1 1
-249 -98 3 1
-249 -98 2 1
-223 -76 2 1
-201 -81 13 0
-224 -76 0 2
-223 -76 -1 1
-223 -76 0 1
-223 -76 1 1
-222 -76 -1 1
-222 -76 0 2
-222 -76 1 1
-225 -75 -1 1
-225 -75 0 1
-218 -56 5 0
-219 -55 5 0
-217 -56 4 1
-218 -54 4 1
-218 -54 -1 1
-218 -54 0 2
-218 -54 1 2
-219 -54 5 0
-217 -55 4 1
-218 -53 4 1
-217 -54 3 2
-218 -53 3 1
-242 -67 4 1
-242 -67 6 1
-242 -67 5 0
-203 -89 8 0
-203 -90 8 0
-204 -90 8 0
-203 -89 7 1
-204 -90 7 1
-202 -91 5 1
-202 -91 8 0
-218 -82 7 1
-218 -82 8 1
-218 -81 7 2
-218 -81 8 1
-218 -80 6 1
-218 -80 7 1
-218 -80 8 1
-220 -82 5 2
-226 -82 5 1
-226 -88 7 1
-225 -87 8 0
-239 -94 5 1
-239 -96 6 0
-238 -97 5 1
-238 -97 6 1
-238 -97 7 1
-238 -96 5 1
-239 -96 5 1
-239 -95 4 1
-240 -96 6 0
-239 -97 5 0
-238 -98 5 1
-239 -97 4 0
-239 -96 4 1
-238 -97 4 1
-239 -97 6 0
-238 -98 6 0
-239 -98 6 0
-240 -98 5 0
-237 -98 4 2
-209 -51 0 1
-238 -99 4 1
-238 -98 3 1
-208 -51 3 1
-208 -51 2 1
-208 -51 1 1
-209 -51 4 1
-236 -98 5 1
-239 -98 5 0
-240 -98 6 0
-238 -99 6 0
-240 -97 6 0
-222 -52 5 0
-223 -53 0 1
-206 -91 5 1
-206 -91 4 2
-206 -91 3 1
-206 -92 5 1
-206 -92 4 2
-206 -92 3 1
-207 -90 3 1
-207 -91 3 1
-233 -68 5 1
-233 -68 4 1
-233 -69 6 1
-227 -81 4 2
-227 -81 3 1
-227 -81 2 1
-227 -82 4 1
-227 -82 2 2
-227 -83 3 1
-227 -83 2 2
-228 -81 4 2
-228 -81 3 1
-220 -86 7 0
-220 -86 5 2
-222 -75 -1 1
-239 -59 6 1
-239 -59 5 1
-226 -52 2 1
-226 -69 5 0
-226 -69 6 0
-227 -68 1 1
-227 -68 2 2
-226 -68 1 1
-226 -68 2 2
-225 -68 1 2
-225 -68 2 2
-230 -62 3 1
-230 -61 3 1
-230 -60 3 1
-230 -63 0 1
-224 -67 -1 1
-224 -67 0 2
-224 -66 0 1
-224 -66 1 2
-223 -68 -1 1
-223 -68 0 1
-223 -68 1 2
-223 -67 -1 1
-223 -67 0 1
-223 -67 1 1
-223 -66 0 1
-223 -66 1 2
-212 -61 6 1
-221 -66 5 1
-220 -65 3 1
-220 -65 4 1
-220 -65 5 2
-240 -61 2 1
-240 -61 1 2
-240 -61 0 1
-217 -80 5 1
-217 -80 4 1
-218 -80 5 1
-218 -80 4 1
-219 -80 4 1
-242 -60 3 0
-242 -62 3 0
-242 -62 5 0
-242 -62 4 0
-231 -58 3 1
-227 -92 -1 1
-226 -92 -1 1
-209 -83 4 1
-209 -83 3 1
-201 -70 2 0
-203 -72 2 1
-225 -61 4 1
-226 -63 4 1
-225 -56 3 1
-213 -89 11 0
-213 -89 10 0
-213 -89 9 0
-208 -92 6 1
-208 -92 5 2
-208 -92 4 2
-208 -93 6 1
-201 -54 8 0
-202 -86 -1 1
-202 -82 1 1
-202 -82 0 1
-202 -82 -1 1
-202 -83 0 2
-202 -83 -1 1
-202 -84 0 2
-234 -83 5 0
-235 -85 7 1
-235 -85 6 1
-235 -86 7 2
-235 -86 6 2
-235 -87 7 2
-235 -87 6 1
-236 -85 7 1
-213 -81 3 1
-228 -59 7 1
-208 -65 5 1
-238 -64 4 2
-237 -66 4 2
-237 -66 5 2
-214 -59 7 2
-215 -58 7 1
-213 -61 0 2
-215 -58 6 2
-212 -59 6 2
-214 -61 -1 1
-211 -61 4 1
-210 -63 4 2
-210 -62 4 2
-210 -61 4 1
-209 -63 4 2
-209 -62 4 2
-209 -61 4 1
-211 -63 0 1
-211 -62 0 1
-211 -61 0 2
-228 -61 1 1
-227 -61 3 2
-228 -62 2 2
-228 -62 3 1
-228 -62 4 1
-228 -61 2 1
-205 -58 0 1
-206 -61 3 1
-206 -62 2 1
-206 -62 3 1
-235 -60 0 1
-235 -60 1 1
-235 -60 2 2
-242 -60 0 1
-242 -60 1 1
-242 -60 2 1
-237 -62 0 1
-237 -62 1 2
-218 -83 4 1
-218 -82 4 2
-218 -82 5 1
-218 -82 6 1
-243 -64 6 0
-232 -73 5 1
-232 -73 4 1
-232 -73 3 1
-232 -74 5 1
-224 -58 4 1
-248 -98 5 0
-226 -69 9 0
-225 -69 9 0
-224 -69 12 0
-228 -71 8 0
-227 -70 8 0
-229 -68 7 0
-228 -68 7 0
-228 -68 10 0
-229 -68 8 0
-227 -65 10 0
-239 -65 8 1
-236 -72 7 0
-225 -67 1 1
-236 -56 1 2
-237 -56 3 2
-222 -51 -1 1
-237 -56 2 2
-237 -75 7 0
-237 -74 6 0
-221 -67 6 1
-221 -67 5 1
-221 -68 6 1
-221 -68 4 1
-221 -69 6 1
-221 -69 5 1
-213 -87 5 1
-225 -67 5 0
-225 -67 4 0
-223 -71 8 1
-215 -86 5 1
-216 -86 5 1
-214 -84 5 0
-245 -63 4 0
-246 -60 4 0
-244 -59 5 0
-234 -75 6 1
-233 -75 6 1
-234 -75 7 0
-233 -75 7 0
-235 -76 6 1
-235 -77 6 1
-235 -76 7 0
-235 -77 7 0
-234 -76 6 1
-234 -76 7 0
-235 -75 8 0
-219 -55 3 0
-219 -54 3 0
-225 -60 3 2
-224 -62 -1 1
-224 -62 0 1
-247 -85 -1 1
-247 -86 1 2
-247 -86 0 1
-249 -69 1 1
-249 -69 0 1
-249 -69 -1 1
-250 -69 1 1
-250 -69 0 2
-250 -69 -1 1
-246 -82 1 1
-246 -82 0 1
-246 -83 2 1
-246 -83 1 1
-246 -83 0 1
-246 -84 2 1
-246 -84 1 1
-246 -84 0 1
-250 -68 2 0
-247 -82 1 1
-247 -82 0 1
-247 -83 1 2
-247 -84 2 1
-250 -67 3 0
-250 -86 3 0
-250 -66 4 0
-249 -86 4 1
-248 -82 4 0
-248 -84 3 0
-250 -86 4 0
-248 -83 4 0
-233 -84 2 1
-233 -84 1 1
-233 -84 0 1
-235 -85 1 1
-235 -85 0 1
-236 -85 1 1
-236 -85 0 1
-232 -81 1 1
-232 -81 0 1
-232 -82 1 2
-232 -82 0 1
-232 -83 2 1
-232 -83 1 2
-232 -83 0 1
-233 -81 1 1
-233 -81 0 1
-233 -82 0 1
-233 -83 1 2
-233 -83 0 1
-233 -82 1 2
-234 -84 3 0
-232 -80 2 1
-232 -81 2 1
-228 -51 5 1
-234 -83 9 0
-237 -84 9 0
-237 -83 10 0
-234 -82 7 0
-235 -83 10 0
-232 -87 2 1
-232 -87 1 1
-230 -51 12 0
-230 -51 13 0
-231 -52 6 1
-230 -52 6 2
-230 -52 7 1
-229 -52 6 2
-223 -73 4 1
-224 -78 1 1
-224 -78 0 1
-224 -79 1 1
-224 -79 0 1
-224 -80 0 1
-216 -60 6 0
-202 -67 0 1
-202 -66 -2 1
-202 -66 -1 1
-202 -66 0 1
-201 -67 -2 1
-201 -67 0 1
-201 -66 -2 1
-201 -66 -1 2
-203 -69 -2 1
-201 -68 3 0
-201 -67 3 0
-201 -67 4 0
-202 -66 3 0
-202 -67 2 0
-201 -66 2 0
-203 -68 2 0
-202 -66 1 1
-204 -66 -1 1
-204 -66 0 1
-204 -66 1 1
-203 -67 -1 1
-203 -67 1 1
-223 -72 2 1
-225 -71 0 2
-225 -70 0 2
-224 -71 0 1
-224 -70 0 2
-223 -71 0 2
-223 -71 1 2
-223 -69 2 1
-229 -82 0 1
-229 -82 -1 1
-229 -83 0 2
-229 -83 -1 1
-230 -82 -1 1
-230 -83 -1 1
-231 -82 -1 1
-231 -83 -1 1
-228 -84 1 1
-228 -84 0 2
-228 -84 -1 1
-228 -85 0 1
-228 -85 -1 1
-228 -86 0 1
-228 -86 -1 1
-211 -94 5 1
-204 -56 10 2
-203 -56 10 1
-201 -54 9 1
-202 -54 11 1
-202 -54 10 2
-203 -54 11 1
-204 -54 11 1
-202 -54 7 0
-201 -53 8 0
-202 -54 8 0
-226 -53 7 2
-229 -57 9 0
-230 -58 10 0
-228 -57 9 0
-228 -59 10 0
-217 -90 5 0
-217 -90 8 0
-217 -90 7 0
-215 -59 6 1
-220 -91 7 0
-220 -90 7 0
-223 -90 5 1
-222 -90 8 0
-222 -89 7 0
-217 -84 8 0
-216 -87 8 0
-201 -55 8 0
-201 -54 7 0
-201 -54 12 1
-202 -53 12 1
-201 -55 12 1
-201 -54 13 0
-201 -53 12 1
-201 -53 13 0
-201 -52 12 1
-202 -54 12 1
-202 -52 12 1
-227 -68 6 0
-240 -78 4 2
-240 -78 3 2
-240 -79 5 1
-240 -79 4 2
-240 -79 3 2
-241 -78 5 1
-241 -78 3 2
-241 -79 5 1
-241 -79 4 1
-241 -79 3 2
-242 -78 5 1
-242 -78 4 1
-242 -78 3 1
-242 -79 5 1
-242 -79 4 1
-242 -79 3 1
-241 -78 4 2
-227 -67 6 0
-207 -95 7 0
-207 -94 7 0
-209 -94 8 0
-229 -64 4 1
-229 -65 4 1
-239 -76 3 1
-239 -77 4 1
-229 -66 4 1
-230 -65 4 1
-201 -63 1 1
-201 -63 0 1
-245 -54 3 0
-242 -71 3 1
-242 -71 4 1
-241 -71 2 2
-241 -71 3 2
-241 -71 4 1
-240 -71 2 1
-240 -71 3 2
-240 -71 4 1
-243 -74 0 1
-242 -71 0 1
-242 -71 1 1
-241 -71 0 1
-241 -71 1 2
-240 -71 0 1
-228 -95 3 0
-222 -69 1 1
-222 -69 0 2
-222 -69 -1 1
-222 -70 3 0
-219 -69 2 1
-219 -70 4 1
-220 -69 2 1
-221 -69 2 1
-223 -70 5 0
-221 -71 0 1
-234 -83 6 0
-234 -84 5 0
-233 -82 5 1
-234 -83 2 1
-234 -83 3 1
-233 -83 2 1
-230 -84 5 0
-230 -83 5 0
-229 -85 5 0
-230 -85 4 0
-229 -84 4 0
-228 -84 4 0
-223 -70 0 2
-229 -86 4 0
-229 -84 3 0
-228 -84 2 1
-241 -66 4 1
-205 -84 4 2
-205 -84 5 1
-240 -69 8 0
-240 -69 7 0
-239 -70 7 0
-240 -71 5 1
-205 -83 3 1
-244 -66 4 1
-244 -67 6 1
-244 -67 4 2
-244 -68 6 1
-244 -68 5 1
-244 -68 4 1
-245 -66 6 1
-245 -66 5 1
-202 -78 0 1
-201 -79 -2 1
-201 -79 0 1
-201 -78 -2 1
-201 -78 -1 2
-201 -78 0 1
-242 -85 4 0
-241 -86 4 0
-245 -86 0 1
-245 -85 0 1
-245 -84 0 1
-245 -84 1 1
-245 -84 2 1
-244 -84 0 1
-244 -84 1 1
-244 -84 2 1
-243 -84 0 1
-243 -84 1 1
-243 -84 2 1
-226 -55 9 0
-225 -55 10 0
-224 -55 10 0
-224 -55 7 1
-225 -52 8 1
-229 -81 3 1
-229 -80 3 1
-229 -79 3 1
-228 -79 3 1
-227 -79 3 2
-232 -97 2 1
-232 -97 3 1
-232 -97 4 2
-231 -59 8 1
-231 -59 9 1
-230 -59 7 1
-230 -59 8 1
-230 -59 9 1
-230 -57 10 0
-232 -59 6 1
-222 -82 10 0
-230 -59 6 1
-228 -59 8 0
-228 -58 10 0
-227 -56 8 0
-225 -57 8 0
-229 -71 1 2
-217 -58 3 0
-228 -67 4 1
-228 -67 3 1
-228 -67 2 1
-229 -67 4 1
-229 -67 3 1
-229 -67 2 1
-230 -67 4 1
-230 -67 3 1
-230 -67 2 1
-226 -69 4 0
-225 -69 3 1
-225 -71 4 0
-206 -63 0 1
-206 -63 -1 1
-207 -63 -1 1
-208 -63 -1 1
-219 -83 4 1
-233 -78 5 2
-233 -78 4 2
-247 -52 6 0
-247 -52 2 0
-227 -81 7 0
-226 -81 7 0
-227 -81 6 1
-226 -81 6 1
-227 -79 7 0
-227 -79 6 1
-228 -79 7 0
-228 -79 6 1
-230 -81 7 0
-230 -81 6 1
-227 -92 6 1
-226 -92 6 1
-228 -94 4 0
-226 -95 4 0
-227 -94 5 0
-228 -93 5 0
-227 -95 4 0
-226 -95 5 0
-228 -93 4 0
-228 -95 5 0
-225 -95 4 0
-229 -95 4 0
-227 -95 5 0
-228 -95 4 0
-229 -94 4 0
-228 -96 5 0
-228 -94 5 0
-229 -96 5 0
-229 -97 5 0
-249 -80 0 1
-249 -80 1 1
-249 -84 0 2
-249 -84 1 1
-239 -72 4 1
-239 -72 3 1
-237 -74 3 0
-242 -71 2 1
-233 -83 3 1
-233 -83 4 1
-234 -83 0 1
-234 -83 1 2
-207 -88 5 1
-209 -88 6 1
-208 -82 6 1
-208 -82 5 1
-208 -82 4 1
-223 -63 1 2
-223 -63 0 2
-223 -63 -1 1
-211 -88 8 0
-210 -87 7 0
-211 -88 7 0
-209 -89 8 0
-229 -80 7 0
-208 -93 5 2
-205 -55 8 1
-205 -54 8 1
-204 -55 8 2
-204 -54 8 2
-203 -55 8 1
-203 -54 8 1
-201 -53 7 0
-239 -53 4 1
-240 -51 4 1
-240 -52 4 1
-240 -53 4 1
-240 -63 4 0
-240 -63 5 1
-240 -65 4 1
-238 -64 7 1
-238 -64 6 1
-238 -64 5 2
-238 -65 7 1
-202 -85 3 1
-230 -71 -1 1
-229 -73 -1 1
-229 -72 -1 1
-229 -71 -1 1
-228 -73 -1 1
-228 -72 -1 1
-228 -71 -1 1
-229 -58 2 1
-234 -63 3 1
-229 -72 0 2
-202 -76 4 1
-203 -76 5 1
-203 -76 4 2
-204 -76 5 1
-204 -76 4 1
-204 -77 5 1
-204 -77 4 1
-204 -78 5 1
-204 -78 4 1
-247 -51 -1 1
-217 -63 0 1
-246 -52 -1 1
-221 -62 2 1
-221 -62 1 2
-224 -71 12 0
-224 -71 11 0
-218 -86 7 0
-220 -75 8 1
-220 -75 7 2
-220 -75 6 1
-221 -75 8 1
-221 -75 7 2
-220 -68 6 1
-220 -68 5 1
-220 -68 4 2
-205 -85 2 1
-205 -85 1 2
-205 -85 0 2
-225 -97 4 1
-205 -84 1 2
-225 -98 4 1
-225 -98 3 1
-226 -96 4 1
-226 -97 4 1
-226 -98 4 2
-227 -96 4 1
-227 -97 4 1
-227 -98 4 2
-207 -83 -1 1
-207 -87 -1 1
-206 -82 2 1
-206 -82 1 2
-206 -82 0 1
-206 -83 2 2
-206 -83 1 2
-206 -83 0 1
-206 -84 2 2
-206 -85 2 2
-224 -75 7 0
-242 -68 4 1
-224 -74 7 0
-224 -74 10 0
-216 -63 1 2
-214 -90 7 0
-214 -91 7 1
-215 -89 8 0
-214 -90 8 0
-215 -89 6 1
-215 -90 6 1
-216 -64 1 1
-249 -95 5 0
-250 -96 4 0
-250 -96 6 0
-238 -71 2 1
-237 -70 7 0
-236 -72 4 1
-237 -67 2 2
-242 -69 0 1
-241 -69 0 1
-240 -68 0 1
-240 -68 1 1
-230 -80 1 1
-230 -80 2 1
-227 -84 2 1
-229 -80 1 1
-249 -58 0 1
-249 -58 1 1
-225 -94 5 0
-228 -92 5 1
-228 -91 5 1
-228 -90 5 1
-223 -94 1 1
-222 -94 1 1
-203 -68 13 0
-202 -68 13 0
-202 -69 13 0
-203 -68 14 0
-201 -69 14 0
-201 -67 15 0
-201 -68 14 0
-201 -67 12 1
-201 -67 11 1
-201 -67 10 1
-201 -68 11 1
-248 -93 4 0
-250 -92 6 0
-205 -89 5 1
-205 -89 4 2
-205 -89 3 1
-206 -88 4 1
-230 -75 3 2
-230 -75 2 1
-230 -76 4 1
-230 -76 3 2
-230 -76 2 1
-239 -86 2 1
-212 -89 4 2
-234 -70 6 1
-227 -58 2 1
-229 -64 1 1
-229 -64 2 1
-229 -61 2 1
-229 -62 2 1
-229 -62 1 2
-229 -62 0 1
-227 -70 4 0
-227 -51 5 1
-221 -63 -1 1
-221 -64 -1 1
-220 -61 5 0
-234 -61 4 1
-233 -64 0 1
-233 -64 1 1
-235 -64 3 1
-202 -92 8 0
-209 -88 8 0
-209 -87 8 0
-224 -79 5 1
-224 -79 4 1
-221 -80 9 0
-220 -80 10 0
-221 -81 6 1
-224 -68 9 0
-223 -68 10 0
-225 -60 2 2
-246 -51 3 1
-246 -51 4 2
-246 -51 5 1
-245 -51 3 2
-245 -51 4 2
-245 -51 5 2
-244 -51 3 1
-244 -51 4 1
-244 -51 5 1
-246 -51 2 1
-245 -51 2 1
-244 -51 2 1
-205 -52 3 2
-205 -53 5 2
-236 -74 8 0
-227 -71 3 1
-226 -71 3 1
-227 -71 4 0
-226 -71 4 0
-231 -74 1 1
-225 -75 7 0
-227 -75 9 0
-234 -60 1 2
-234 -60 0 1
-226 -98 2 1
-226 -98 1 1
-227 -96 2 1
-227 -97 3 2
-227 -98 3 2
-227 -98 2 2
-227 -98 1 2
-228 -96 2 1
-228 -97 3 1
-228 -97 2 1
-201 -73 11 0
-201 -74 12 0
-228 -98 2 1
-202 -74 12 0
-228 -96 3 1
-229 -94 3 1
-202 -74 13 0
-201 -74 13 0
-227 -97 0 2
-227 -97 -1 1
-230 -90 1 1
-230 -90 0 1
-230 -91 0 1
-202 -73 14 0
-225 -95 2 0
-231 -91 3 1
-201 -74 14 0
-231 -91 1 1
-231 -92 3 1
-201 -73 15 0
-242 -61 0 1
-201 -56 14 0
-202 -55 14 0
-202 -56 13 0
-201 -56 13 0
-202 -55 15 0
-201 -56 15 0
-202 -56 14 0
-202 -55 13 0
-203 -55 13 0
-201 -57 13 0
-249 -88 0 1
-249 -88 1 1
-233 -85 5 0
-233 -83 5 0
-233 -84 4 0
-232 -83 4 1
-233 -85 3 1
-232 -83 3 1
-231 -83 2 1
-246 -90 2 1
-231 -83 3 1
-231 -83 4 1
-231 -82 2 2
-231 -82 3 2
-215 -84 4 0
-216 -86 4 1
-215 -85 3 0
-214 -85 4 0
-214 -83 3 1
-214 -83 4 1
-214 -83 5 1
-214 -82 3 1
-214 -82 4 2
-214 -82 5 1
-214 -81 3 1
-214 -81 4 1
-214 -81 5 1
-214 -84 3 0
-215 -84 2 1
-214 -85 2 0
-215 -82 0 1
-215 -81 0 1
-214 -83 0 2
-214 -83 1 2
-238 -67 0 1
-238 -67 1 2
-238 -67 2 1
-237 -67 0 1
-237 -67 1 2
-221 -57 -1 1
-221 -58 1 2
-222 -62 3 1
-207 -59 -1 1
-209 -57 3 1
-249 -98 4 1
-249 -98 6 0
-248 -97 5 0
-247 -85 2 1
-247 -86 4 2
-247 -86 2 2
-247 -87 4 2
-247 -87 3 2
-247 -87 2 2
-248 -85 4 1
-248 -85 3 1
-248 -85 2 1
-248 -86 4 2
-248 -86 3 2
-248 -86 2 2
-248 -87 4 1
-222 -80 4 1
-248 -87 3 1
-222 -81 4 1
-222 -79 2 1
-221 -80 2 1
-221 -79 2 1
-213 -58 2 2
-212 -60 1 1
-213 -63 2 2
-214 -64 1 1
-246 -53 6 1
-214 -64 2 1
-214 -64 3 1
-214 -63 1 1
-214 -63 2 2
-214 -63 3 2
-214 -62 1 2
-214 -62 2 1
-231 -76 2 1
-224 -61 2 1
-224 -60 2 1
-223 -62 0 1
-231 -72 2 1
-231 -71 0 1
-231 -71 1 1
-231 -71 2 1
-230 -73 0 1
-230 -73 1 1
-217 -57 4 0
-218 -58 5 0
-233 -76 2 1
-228 -82 7 0
-228 -83 7 0
-228 -82 6 1
-249 -65 0 1
-249 -65 -1 1
-250 -65 1 1
-250 -65 0 2
-250 -65 -1 1
-240 -69 5 1
-232 -69 3 1
-240 -69 6 0
-240 -68 4 1
-207 -88 4 1
-250 -64 2 0
-249 -61 1 1
-249 -61 0 1
-249 -61 -1 1
-250 -61 1 1
-230 -66 4 1
-226 -68 6 0
-226 -67 6 0
-209 -90 3 1
-210 -88 6 1
-210 -89 7 0
-206 -63 6 1
-206 -62 5 1
-207 -61 6 1
-224 -90 1 1
-223 -90 1 1
-241 -92 1 2
-241 -91 1 2
-222 -73 7 1
-222 -73 8 1
-215 -85 -1 1
-217 -81 -1 1
-217 -85 2 0
-211 -60 0 2
-211 -58 2 1
-211 -59 4 2
-211 -59 3 2
-239 -56 0 1
-234 -75 8 0
-211 -62 5 2
-240 -56 0 1
-203 -64 -1 1
-203 -64 0 2
-203 -64 1 1
-202 -64 -1 1
-202 -64 0 1
-202 -64 1 1
-201 -66 1 0
-201 -64 -1 2
-202 -64 -2 1
-202 -63 -2 1
-201 -64 -2 1
-201 -64 0 1
-201 -63 -2 1
-217 -91 6 0
-217 -90 6 0
-228 -74 0 1
-230 -70 0 1
-228 -67 1 1
-227 -67 1 1
-227 -83 6 0
-227 -84 7 0
-203 -66 -2 1
-223 -71 2 1
-223 -69 1 1
-223 -69 0 2
-223 -70 2 1
-223 -70 1 1
-231 -79 8 0
-226 -82 3 2
-226 -82 4 1
-226 -81 2 1
-226 -81 3 1
-226 -81 4 2
-227 -56 9 0
-225 -57 10 0
-225 -57 7 1
-228 -55 10 0
-228 -55 11 0
-228 -55 12 0
-228 -55 6 2
-229 -56 5 1
-229 -56 6 1
-229 -55 5 1
-229 -55 6 2
-229 -55 7 1
-229 -54 5 1
-229 -54 6 1
-229 -54 7 1
-228 -56 5 1
-228 -56 6 1
-228 -56 7 1
-228 -55 5 1
-228 -55 7 1
-227 -56 5 1
-224 -90 3 1
-224 -90 4 1
-237 -76 9 0
-238 -77 9 0
-237 -75 9 0
-239 -76 8 0
-238 -78 8 0
-239 -77 8 0
-212 -90 6 1
-214 -89 9 0
-214 -89 10 0
-214 -89 11 0
-213 -90 3 1
-217 -85 6 0
-225 -62 5 1
-225 -63 5 1
-226 -61 5 1
-226 -62 5 1
-226 -63 5 1
-208 -86 4 1
-208 -86 3 1
-209 -86 7 0
-207 -87 6 0
-208 -87 6 1
-234 -77 1 1
-234 -77 0 1
-234 -78 0 1
-235 -77 2 1
-235 -77 1 2
-232 -96 2 2
-231 -95 3 2
-231 -95 2 1
-208 -61 4 1
-226 -73 -1 1
-244 -98 4 0
-236 -79 3 1
-236 -79 2 2
-224 -71 2 1
-225 -86 6 1
-225 -86 7 1
-221 -55 4 0
-221 -54 3 0
-220 -54 2 1
-220 -54 4 0
-220 -54 3 0
-231 -73 3 2
-231 -74 5 1
-238 -62 2 1
-238 -62 1 2
-238 -62 0 1
-239 -62 2 1
-222 -56 2 1
-222 -56 3 1
-235 -58 2 1
-242 -58 0 1
-242 -58 1 1
-242 -58 2 1
-201 -62 11 1
-201 -61 10 1
-201 -61 11 1
-201 -61 12 1
-239 -57 3 1
-239 -57 4 1
-243 -60 4 0
-214 -92 8 0
-204 -83 5 1
-207 -84 6 1
-230 -98 4 0
-229 -96 4 0
-231 -97 4 1
-230 -99 3 0
-228 -97 4 1
-220 -84 5 0
-220 -84 7 0
-220 -84 6 0
-229 -59 1 2
-229 -59 2 1
-229 -58 0 1
-229 -58 1 1
-208 -93 4 2
-242 -78 2 1
-241 -79 2 1
-241 -78 2 2
-240 -79 2 1
-240 -78 2 1
-238 -77 2 1
-209 -95 4 1
-202 -95 7 0
-202 -63 16 0
-230 -71 0 1
-202 -84 -2 1
-202 -62 15 0
-210 -84 4 1
-201 -63 14 0
-201 -64 15 0
-229 -73 1 2
-229 -73 0 1
-203 -63 15 0
-218 -82 0 2
-202 -63 14 0
-202 -64 14 0
-217 -84 0 2
-217 -84 -1 1
-203 -62 14 0
-201 -64 13 0
-217 -85 -1 1
-202 -63 13 0
-201 -63 13 0
-222 -84 3 0
-203 -61 13 0
-202 -63 12 0
-219 -87 2 1
-201 -62 14 0
-219 -86 2 2
-219 -85 2 1
-221 -82 2 2
-222 -82 2 1
-222 -81 1 1
-222 -81 2 1
-222 -81 3 2
-221 -83 2 1
-221 -82 1 1
-221 -82 3 1
-221 -81 1 1
-221 -81 2 1
-221 -81 3 2
-220 -83 1 2
-220 -83 2 1
-220 -82 1 1
-220 -82 2 2
-220 -81 1 1
-220 -81 2 1
-223 -86 2 1
-226 -80 1 1
-226 -80 2 1
-221 -84 2 1
-220 -62 1 1
-220 -63 2 1
-220 -63 0 2
-239 -76 0 1
-239 -76 1 2
-238 -76 1 2
-239 -75 0 1
-239 -75 1 2
-238 -77 0 1
-238 -77 1 2
-238 -76 0 1
-226 -74 4 2
-226 -74 5 1
-226 -73 3 2
-226 -73 4 1
-226 -73 5 1
-229 -72 3 1
-228 -72 2 1
-227 -72 2 1
-229 -72 6 0
-228 -73 0 1
-228 -73 1 1
-228 -72 0 1
-222 -85 7 0
-223 -84 8 0
-201 -55 2 0
-201 -55 1 0
-227 -86 7 1
-227 -85 5 1
-227 -85 6 1
-227 -85 7 1
-226 -87 5 2
-226 -87 6 2
-239 -58 1 2
-226 -86 5 2
-226 -86 7 1
-232 -96 3 2
-232 -96 4 1
-232 -95 4 1
-232 -94 4 1
-231 -96 2 1
-231 -96 3 1
-231 -96 4 1
-231 -95 4 1
-204 -88 0 1
-204 -88 1 1
-204 -87 0 2
-238 -55 2 1
-238 -54 0 1
-238 -54 1 2
-222 -57 1 1
-222 -64 2 1
-222 -64 3 1
-222 -64 4 1
-222 -63 2 1
-211 -84 5 1
-212 -85 5 0
-211 -86 6 1
-211 -86 5 1
-220 -53 2 1
-244 -52 2 1
-245 -52 2 1
-246 -52 2 1
-207 -59 3 2
-207 -58 1 2
-207 -58 2 2
-207 -58 3 1
-206 -60 1 1
-206 -59 1 2
-201 -86 5 0
-237 -73 1 1
-237 -73 0 1
-238 -73 2 1
-238 -73 1 2
-238 -73 0 1
-239 -73 2 1
-239 -73 1 2
-239 -73 0 1
-237 -79 2 2
-237 -79 1 2
-213 -57 0 1
-214 -57 0 1
-239 -94 3 1
-214 -63 0 1
-243 -92 0 1
-222 -72 4 1
-222 -72 5 1
-219 -71 2 1
-219 -71 1 1
-219 -72 1 1
-220 -71 2 2
-220 -71 1 1
-221 -71 2 1
-221 -71 1 1
-222 -72 3 0
-219 -73 0 1
-220 -72 1 1
-220 -72 0 1
-220 -72 -1 1
-222 -69 3 0
-226 -66 1 1
-226 -65 1 1
-225 -54 4 1
-225 -54 3 1
-224 -62 2 1
-207 -91 8 0
-206 -91 8 0
-205 -91 8 0
-207 -91 6 1
-206 -91 6 1
-205 -91 6 1
-204 -91 6 1
-207 -89 7 0
-206 -89 7 1
-205 -88 7 0
-207 -89 8 0
-206 -89 8 0
-206 -88 8 0
-249 -66 0 1
-249 -66 1 1
-247 -85 3 1
-230 -99 4 0
-230 -97 4 0
-231 -98 4 1
-230 -100 4 0
-231 -97 3 1
-228 -100 5 1
-228 -99 5 1
-228 -98 5 1
-201 -69 3 0
-227 -99 5 2
-201 -68 4 0
-226 -100 3 1
-226 -100 4 1
-226 -100 5 1
-202 -68 3 0
-202 -70 3 0
-231 -99 3 0
-231 -100 3 1
-202 -69 2 1
-209 -94 3 1
-209 -93 3 1
-209 -92 3 1
-209 -91 3 1
-203 -69 2 1
-232 -99 -1 1
-202 -68 1 1
-232 -99 1 1
-247 -85 4 1
-242 -86 1 2
-242 -86 2 1
-242 -85 0 1
-247 -53 6 0
-250 -72 4 0
-204 -70 2 1
-203 -70 2 1
-201 -68 1 0
-240 -86 2 1
-242 -84 5 1
-204 -68 -1 1
-204 -68 0 1
-204 -68 1 1
-203 -68 -1 1
-203 -68 0 2
-238 -74 4 0
-201 -67 -1 2
-202 -67 -2 1
-211 -86 7 0
-208 -87 5 1
-208 -87 4 1
-205 -53 4 1
-205 -53 3 1
-206 -52 5 1
-206 -52 4 1
-206 -52 3 1
-206 -53 5 1
-206 -53 4 1
-206 -53 3 1
-211 -58 3 2
-211 -58 4 2
-205 -52 4 2
-211 -60 1 1
-211 -59 0 1
-211 -59 1 2
-204 -51 6 2
-217 -82 -1 1
-217 -82 0 2
-205 -51 6 1
-217 -81 0 1
-215 -86 -1 1
-215 -86 0 2
-215 -86 1 1
-206 -51 6 1
-206 -51 5 1
-202 -51 5 0
-222 -73 6 1
-216 -83 7 0
-215 -86 4 1
-222 -63 8 0
-223 -63 8 0
-225 -62 6 1
-225 -63 7 1
-226 -63 7 1
-228 -77 1 1
-228 -87 0 1
-225 -76 6 1
-223 -76 7 1
-223 -77 6 1
-238 -76 3 0
-208 -60 8 1
-221 -62 3 0
-221 -60 4 0
-221 -60 5 0
-203 -59 2 1
-203 -59 3 0
-204 -59 2 1
-204 -60 3 1
-204 -60 2 1
-205 -61 2 1
-221 -62 4 0
-204 -62 2 2
-204 -62 3 1
-203 -63 3 1
-203 -61 4 1
-204 -62 -1 1
-204 -62 0 2
-204 -62 1 1
-240 -75 2 1
-222 -87 3 2
-240 -76 2 1
-204 -60 6 1
-217 -62 7 1
-217 -63 7 1
-217 -60 6 0
-220 -59 5 0
-242 -63 1 1
-242 -63 0 1
-240 -61 3 0
-237 -59 4 1
-239 -59 4 1
-239 -59 3 1
-222 -74 1 1
-237 -80 3 1
-238 -80 3 1
-238 -80 4 0
-239 -62 6 1
-239 -62 5 1
-208 -89 4 2
-208 -89 3 1
-209 -87 5 1
-241 -62 5 1
-238 -71 4 1
-236 -71 5 1
-236 -71 6 0
-244 -99 1 2
-244 -99 3 1
-244 -98 1 1
-244 -98 2 1
-228 -98 6 1
-243 -100 1 1
-243 -100 2 1
-243 -100 3 1
-227 -98 6 1
-243 -99 2 1
-215 -60 8 1
-215 -59 8 1
-215 -58 8 1
-213 -90 4 1
-213 -90 5 2
-226 -82 2 2
-219 -90 6 1
-219 -91 8 0
-219 -90 8 0
-219 -91 7 0
-241 -98 4 0
-242 -97 3 0
-243 -97 2 1
-244 -96 -1 1
-244 -96 0 1
-244 -96 1 1
-243 -96 -1 1
-243 -96 0 2
-243 -96 1 1
-242 -96 -1 1
-242 -96 0 2
-242 -96 1 1
-225 -57 2 2
-225 -58 2 2
-222 -64 1 2
-222 -64 0 1
-222 -62 4 1
-222 -63 4 1
-222 -63 3 1
-224 -58 -1 1
-224 -58 0 2
-224 -58 1 2
-230 -60 -1 1
-221 -58 3 0
-221 -57 2 1
-220 -57 4 0
-221 -57 3 0
-246 -61 0 1
-246 -61 -1 1
-246 -62 1 1
-246 -62 -1 1
-218 -65 5 1
-218 -65 4 1
-218 -66 5 1
-218 -66 4 1
-212 -57 4 1
-212 -57 3 1
-213 -57 5 1
-213 -57 4 1
-213 -57 3 1
-213 -58 5 2
-213 -58 4 2
-213 -58 3 2
-213 -59 5 2
-213 -59 4 2
-228 -81 9 0
-213 -59 3 2
-227 -82 6 1
-227 -82 7 0
-228 -83 6 0
-230 -56 6 1
-230 -57 6 1
-230 -58 6 1
-231 -58 6 1
-232 -58 6 1
-216 -51 4 1
-216 -51 5 1
-215 -51 4 1
-215 -51 5 1
-230 -58 9 1
-230 -58 8 1
-230 -58 7 1
-231 -57 9 1
-231 -58 9 1
-231 -58 8 2
-216 -92 5 1
-216 -93 7 1
-216 -93 6 1
-216 -93 5 1
-215 -92 6 2
-215 -92 8 0
-215 -91 8 0
-207 -92 5 1
-215 -93 7 1
-215 -92 7 1
-215 -91 7 1
-212 -86 8 0
-213 -87 8 0
-212 -86 7 0
-213 -87 7 0
-211 -89 6 1
-212 -89 6 1
-213 -89 6 1
-214 -89 6 1
-211 -89 8 0
-212 -89 8 0
-213 -89 8 0
-211 -89 7 0
-212 -89 7 0
-213 -89 7 0
-214 -89 7 0
-208 -95 6 1
-204 -91 3 1
-204 -91 4 2
-204 -91 5 1
-204 -90 3 1
-208 -87 8 0
-208 -89 8 0
-206 -89 6 1
-207 -89 6 1
-234 -84 1 2
-234 -84 0 1
-235 -84 2 1
-235 -84 1 2
-235 -84 0 1
-236 -84 1 2
-207 -89 5 1
-239 -74 1 2
-239 -74 0 1
-226 -90 0 2
-227 -91 -1 1
-227 -91 0 2
-227 -90 -1 1
-237 -61 6 1
-237 -61 5 1
-238 -61 6 1
-238 -61 5 2
-222 -52 2 1
-222 -54 3 0
-222 -54 2 1
-220 -54 5 0
-221 -54 2 1
-249 -95 3 0
-208 -60 6 1
-208 -59 6 2
-208 -58 6 1
-208 -64 6 1
-207 -64 6 2
-207 -63 6 1
-202 -55 2 0
-201 -56 5 0
-201 -56 1 0
-225 -57 1 2
-225 -57 0 2
-210 -62 3 2
-209 -64 1 1
-212 -60 6 1
-235 -69 4 2
-236 -67 6 1
-236 -67 5 1
-236 -67 4 1
-236 -68 6 1
-209 -60 6 1
-208 -62 6 2
-208 -61 6 1
-222 -61 2 1
-223 -59 1 2
-223 -59 0 1
-223 -59 -1 1
-224 -57 1 2
-224 -57 0 1
-217 -82 5 2
-206 -65 5 1
-235 -55 1 1
-226 -67 5 0
-226 -67 3 1
-227 -68 5 0
-227 -69 5 0
-227 -70 5 0
-226 -71 5 0
-238 -58 1 2
-250 -97 4 0
-250 -97 6 0
-250 -97 5 0
-249 -96 5 0
-247 -94 4 0
-247 -94 5 0
-244 -68 3 1
-201 -62 2 0
-245 -67 3 1
-243 -60 3 0
-219 -58 0 2
-220 -58 1 2
-220 -58 -1 1
-244 -94 2 1
-244 -94 3 1
-244 -94 4 1
-244 -93 2 1
-244 -93 3 1
-244 -93 4 1
-243 -95 2 1
-243 -95 3 1
-243 -95 4 1
-243 -94 2 2
-243 -94 4 2
-243 -93 2 1
-243 -93 3 1
-243 -93 4 1
-242 -95 2 1
-242 -95 3 1
-242 -95 4 1
-242 -94 2 2
-242 -94 3 2
-242 -94 4 2
-242 -93 2 2
-242 -93 3 2
-244 -95 -1 1
-244 -95 0 1
-244 -95 1 1
-243 -95 -1 1
-243 -95 0 1
-243 -95 1 1
-242 -95 -1 1
-242 -95 0 2
-242 -95 1 1
-240 -56 3 0
-236 -57 4 1
-242 -98 5 0
-243 -98 5 0
-244 -97 4 0
-242 -97 5 0
-242 -99 5 0
-243 -97 4 0
-242 -96 4 0
-241 -96 3 0
-242 -96 5 0
-244 -97 5 0
-241 -97 5 0
-244 -96 3 0
-242 -97 6 0
-243 -96 5 0
-241 -98 5 0
-244 -96 4 0
-240 -97 4 0
-202 -71 1 1
-243 -93 1 1
-227 -89 -1 1
-227 -90 0 1
-231 -58 7 2
-230 -52 10 0
-209 -59 -1 1
-237 -63 5 1
-237 -63 6 1
-236 -64 4 1
-239 -61 3 1
-239 -61 4 1
-238 -61 4 2
-237 -61 4 1
-240 -63 3 0
-235 -66 0 1
-235 -66 1 1
-235 -66 2 1
-238 -89 6 2
-237 -89 4 1
-226 -88 5 1
-224 -78 5 1
-224 -78 4 1
-216 -54 4 2
-216 -54 5 1
-216 -53 3 2
-250 -95 5 0
-229 -98 2 1
-223 -76 6 1
-223 -76 5 1
-222 -76 5 1
-221 -76 5 2
-225 -77 6 1
-223 -77 5 1
-234 -77 3 1
-225 -77 4 1
-225 -77 5 1
-223 -77 4 0
-241 -83 5 1
-241 -83 3 1
-219 -73 5 1
-223 -61 4 1
-219 -78 3 1
-219 -78 4 1
-213 -57 2 1
-215 -60 3 1
-242 -83 5 1
-242 -83 4 2
-242 -83 3 1
-207 -64 0 1
-207 -62 7 1
-207 -63 7 1
-207 -64 7 1
-208 -64 7 1
-209 -64 7 1
-249 -57 0 1
-249 -57 -1 1
-250 -57 1 1
-208 -63 8 1
-208 -63 7 1
-242 -84 3 1
-241 -83 4 2
-202 -85 4 1
-240 -87 4 0
-240 -84 4 1
-239 -86 5 1
-205 -88 4 2
-240 -85 4 0
-250 -56 2 0
-223 -75 4 1
-223 -76 4 0
-205 -63 4 0
-202 -63 4 1
-202 -62 4 1
-202 -63 1 1
-204 -61 5 0
-235 -74 6 1
-235 -74 4 2
-234 -73 6 0
-235 -72 7 0
-235 -72 3 0
-233 -72 6 0
-233 -74 4 2
-234 -75 3 1
-234 -75 4 1
-234 -75 5 2
-244 -65 5 0
-242 -65 4 0
-242 -66 4 1
-201 -86 7 0
-242 -65 5 0
-224 -72 4 1
-224 -72 5 0
-224 -72 6 0
-224 -72 12 0
-224 -72 11 0
-220 -76 8 1
-220 -76 7 2
-220 -76 6 1
-241 -81 4 1
-241 -81 5 1
-240 -81 3 1
-240 -81 4 1
-240 -81 5 1
-239 -88 3 1
-239 -88 4 1
-250 -73 4 0
-239 -87 3 1
-239 -84 2 1
-240 -83 0 1
-250 -75 3 0
-220 -74 7 2
-238 -84 2 1
-238 -84 0 1
-238 -84 1 2
-237 -86 0 1
-250 -74 3 0
-237 -86 2 1
-237 -85 0 1
-237 -85 1 2
-250 -75 2 0
-237 -84 0 1
-237 -84 1 1
-237 -84 2 1
-238 -83 0 1
-238 -83 1 2
-250 -75 0 2
-238 -84 6 0
-239 -82 6 0
-238 -84 5 0
-237 -84 5 0
-238 -83 4 0
-250 -76 -1 1
-250 -76 0 2
-250 -76 1 1
-250 -75 -1 1
-250 -75 1 1
-249 -76 -1 1
-249 -76 0 1
-249 -76 1 1
-249 -75 -1 1
-249 -75 0 1
-249 -75 1 1
-235 -87 3 1
-235 -87 4 1
-235 -87 5 1
-235 -86 3 2
-235 -86 4 2
-235 -86 5 2
-235 -85 3 1
-235 -85 4 1
-235 -85 5 1
-237 -82 4 0
-237 -84 3 0
-238 -82 3 1
-237 -87 1 1
-237 -87 2 1
-237 -83 3 1
-239 -82 2 1
-239 -82 0 1
-239 -82 1 2
-238 -82 0 1
-238 -82 1 2
-238 -82 2 1
-237 -83 0 1
-237 -83 1 2
-237 -83 2 1
-237 -82 0 1
-237 -82 1 2
-237 -82 2 1
-238 -83 6 0
-238 -82 6 0
-237 -84 6 0
-240 -83 6 0
-237 -82 5 0
-239 -82 5 0
-239 -81 5 1
-237 -83 5 0
-233 -96 2 1
-233 -96 3 1
-233 -96 4 1
-232 -98 3 1
-231 -100 5 0
-231 -99 5 0
-232 -100 4 0
-233 -100 4 0
-232 -99 3 1
-226 -100 2 1
-233 -100 3 1
-214 -62 3 1
-234 -100 4 1
-236 -100 2 1
-236 -100 3 1
-236 -100 4 1
-207 -94 4 1
-237 -77 1 2
-237 -77 0 1
-250 -54 2 0
-201 -53 1 0
-241 -80 5 1
-202 -52 1 1
-241 -80 3 1
-201 -93 8 0
-202 -93 8 0
-239 -76 2 1
-207 -88 3 1
-239 -67 5 1
-240 -67 7 1
-242 -51 2 1
-240 -52 1 2
-241 -53 0 1
-210 -57 0 1
-241 -53 1 2
-241 -53 2 1
-241 -52 0 1
-241 -52 2 1
-240 -53 0 1
-240 -53 1 2
-237 -77 7 0
-237 -77 6 0
-211 -94 6 1
-210 -94 7 1
-210 -93 7 1
-210 -91 7 0
-209 -92 7 1
-208 -93 7 1
-210 -91 8 0
-209 -92 8 0
-211 -90 8 0
-211 -90 9 0
-211 -90 10 0
-211 -90 11 0
-212 -91 3 1
-211 -91 3 1
-210 -91 3 1
-211 -90 6 1
-203 -63 -2 1
-203 -62 -2 1
-237 -58 6 1
-237 -58 5 1
-238 -57 6 1
-238 -57 5 1
-238 -58 6 1
-227 -56 7 1
-227 -55 5 1
-227 -55 6 1
-227 -54 5 1
-227 -54 6 1
-236 -90 6 2
-237 -90 8 1
-239 -88 8 1
-236 -90 8 1
-238 -88 9 0
-235 -88 9 0
-237 -89 9 0
-237 -89 5 1
-237 -89 6 1
-237 -90 3 1
-240 -89 3 1
-240 -89 4 1
-239 -89 2 1
-239 -89 3 1
-238 -89 2 2
-238 -89 3 2
-243 -92 1 1
-227 -70 10 0
-227 -70 7 0
-227 -71 7 0
-225 -71 8 0
-225 -72 8 0
-224 -69 11 0
-225 -70 9 0
-225 -71 10 0
-225 -72 10 0
-225 -71 7 0
-225 -72 7 0
-224 -69 8 0
-223 -69 8 0
-223 -70 8 0
-222 -71 8 1
-224 -69 9 0
-223 -69 9 0
-223 -70 10 0
-222 -70 10 0
-221 -71 7 2
-222 -72 6 1
-222 -72 7 2
-222 -72 8 1
-222 -71 6 1
-222 -71 7 1
-222 -70 6 1
-222 -70 7 1
-222 -70 8 1
-241 -90 2 2
-241 -90 3 2
-241 -90 4 1
-240 -86 3 0
-239 -88 0 1
-239 -88 1 2
-239 -88 2 1
-239 -87 0 1
-239 -87 1 2
-239 -87 2 1
-239 -86 0 1
-239 -86 1 2
-210 -95 5 1
-214 -82 2 2
-226 -82 1 1
-226 -83 1 1
-227 -83 1 1
-225 -85 3 1
-225 -85 2 1
-225 -86 3 1
-225 -86 2 1
-225 -87 3 2
-219 -63 0 1
-214 -60 4 1
-214 -60 3 1
-214 -60 2 1
-210 -57 5 1
-210 -57 4 1
-210 -57 3 1
-236 -69 2 1
-236 -70 2 1
-218 -85 0 2
-236 -71 2 1
-237 -69 2 2
-237 -70 2 2
-237 -71 4 1
-237 -71 3 1
-212 -89 5 1
-212 -88 3 2
-212 -88 4 2
-217 -81 3 1
-217 -81 2 1
-217 -81 1 1
-217 -82 3 2
-217 -82 2 2
-217 -82 1 1
-217 -83 3 1
-217 -83 2 1
-217 -83 1 1
-218 -84 3 0
-207 -65 2 1
-230 -68 2 1
-227 -69 4 0
-206 -60 -1 1
-206 -61 1 1
-206 -61 0 2
-219 -84 3 0
-215 -88 2 1
-215 -87 2 1
-211 -86 2 1
-210 -87 2 2
-210 -86 2 2
-209 -87 2 2
-209 -86 2 2
-210 -85 -1 1
-210 -85 0 2
-210 -84 -1 1
-210 -84 0 2
-210 -83 -1 1
-220 -82 0 2
-220 -82 -1 1
-213 -81 4 1
-213 -81 5 1
-213 -84 3 0
-213 -82 2 2
-213 -83 1 2
-213 -83 2 1
-210 -95 6 1
-210 -95 7 1
-209 -95 5 1
-209 -95 6 1
-209 -95 7 1
-209 -94 7 1
-209 -93 7 1
-209 -91 7 0
-208 -92 7 1
-230 -62 -1 1
-222 -54 0 1
-221 -53 5 0
-221 -54 4 0
-221 -53 4 0
-220 -87 10 0
-220 -87 11 0
-215 -87 8 0
-221 -72 6 1
-221 -72 7 2
-221 -72 8 1
-221 -71 6 1
-221 -71 8 1
-221 -70 6 1
-221 -70 7 2
-221 -70 8 1
-220 -72 6 1
-220 -72 7 2
-220 -72 8 1
-220 -71 6 1
-220 -71 7 2
-220 -71 8 1
-220 -70 6 1
-220 -70 7 1
-220 -70 8 1
-223 -70 7 0
-225 -68 10 0
-225 -68 11 0
-225 -68 12 0
-225 -68 7 0
-224 -69 10 0
-220 -73 8 1
-220 -73 7 1
-220 -73 6 1
-220 -74 8 1
-239 -66 2 1
-238 -66 0 1
-238 -66 1 2
-231 -56 8 2
-231 -56 7 2
-232 -56 9 1
-232 -56 8 1
-232 -56 7 2
-225 -53 7 2
-225 -53 10 0
-226 -53 10 0
-227 -53 9 0
-226 -92 5 1
-225 -92 3 1
-225 -92 4 1
-225 -92 5 1
-224 -92 4 0
-222 -91 1 1
-236 -84 6 0
-235 -84 6 0
-235 -83 7 0
-237 -85 4 1
-237 -86 6 2
-237 -86 5 2
-237 -86 4 2
-237 -87 6 1
-237 -87 5 1
-236 -55 2 1
-237 -87 4 1
-222 -90 1 1
-221 -91 1 1
-221 -90 1 1
-221 -89 1 1
-220 -91 1 1
-220 -91 2 1
-220 -91 3 1
-220 -90 1 1
-220 -90 2 1
-220 -90 3 1
-220 -89 1 1
-219 -84 -1 1
-219 -84 0 2
-219 -84 1 1
-240 -63 7 1
-239 -63 5 1
-239 -63 6 2
-239 -63 7 1
-213 -92 4 1
-213 -91 4 1
-217 -80 6 1
-217 -80 7 1
-217 -80 8 1
-219 -90 2 1
-227 -73 7 0
-224 -74 8 0
-224 -75 8 0
-240 -56 1 2
-224 -72 9 0
-224 -73 9 0
-204 -69 2 1
-201 -67 1 0
-203 -67 0 2
-204 -67 -1 1
-204 -67 0 1
-204 -67 1 1
-250 -81 0 2
-250 -81 1 1
-249 -81 -1 1
-249 -81 0 1
-249 -81 1 1
-250 -81 3 0
-250 -82 -1 1
-250 -82 0 2
-250 -82 1 2
-249 -82 -1 1
-249 -82 0 2
-228 -63 -1 1
-224 -63 0 2
-224 -63 1 2
-222 -62 -1 1
-222 -62 0 1
-222 -62 1 2
-222 -61 -1 1
-222 -61 0 1
-222 -61 1 2
-222 -60 -1 1
-232 -71 5 1
-232 -71 6 0
-232 -71 4 1
-235 -71 4 1
-232 -74 6 1
-238 -81 7 0
-238 -80 6 0
-229 -95 3 1
-230 -96 2 1
-228 -99 1 2
-228 -99 2 2
-228 -99 3 2
-226 -83 7 0
-225 -84 6 0
-225 -84 7 0
-224 -84 6 0
-224 -84 7 0
-225 -82 8 0
-221 -58 0 1
-219 -56 -1 1
-219 -56 0 2
-219 -56 1 1
-220 -57 2 1
-215 -62 2 1
-217 -59 3 0
-236 -51 3 1
-242 -51 0 1
-242 -51 1 1
-224 -53 5 2
-203 -77 -2 1
-201 -73 0 1
-201 -73 -1 2
-201 -73 -2 1
-201 -74 0 1
-201 -74 -2 1
-202 -73 0 1
-202 -73 -1 2
-202 -73 -2 1
-203 -82 1 1
-203 -82 0 1
-203 -82 -1 2
-203 -83 1 1
-203 -83 0 2
-203 -83 -1 1
-209 -83 1 2
-240 -65 2 1
-237 -63 4 1
-238 -63 4 2
-238 -63 3 2
-239 -63 4 1
-205 -51 2 2
-206 -51 4 1
-206 -51 3 1
-206 -51 2 1
-220 -65 6 1
-220 -64 6 1
-219 -66 6 1
-219 -65 6 1
-203 -51 5 1
-203 -51 4 1
-234 -63 4 1
-234 -62 4 1
-230 -72 5 0
-233 -72 3 0
-233 -72 7 0
-204 -51 5 2
-204 -51 4 1
-204 -51 3 1
-232 -70 3 1
-232 -68 6 1
-205 -51 5 1
-205 -51 4 2
-205 -51 3 1
-211 -82 1 2
-211 -83 3 1
-211 -83 2 1
-231 -70 5 1
-211 -83 1 1
-214 -80 4 1
-214 -80 3 1
-214 -80 2 1
-225 -51 8 1
-215 -80 3 1
-226 -53 9 0
-228 -53 11 0
-216 -80 3 1
-216 -80 2 1
-213 -85 4 0
-213 -84 4 0
-203 -95 7 0
-203 -96 6 0
-226 -52 8 1
-219 -75 7 1
-219 -75 8 1
-226 -72 10 0
-245 -87 2 2
-245 -86 1 1
-245 -86 2 2
-224 -88 -1 1
-224 -88 0 1
-223 -89 -1 1
-223 -89 0 1
-223 -88 -1 1
-223 -88 0 1
-227 -82 5 1
-247 -97 5 0
-248 -97 6 0
-247 -97 4 0
-249 -95 6 0
-226 -76 8 0
-224 -56 2 1
-227 -74 7 0
-224 -56 4 1
-224 -55 2 1
-224 -55 3 1
-226 -72 7 0
-223 -57 2 1
-237 -64 6 1
-237 -64 5 1
-235 -53 7 1
-235 -52 6 1
-201 -74 4 0
-202 -73 3 0
-223 -93 -1 1
-201 -72 3 0
-223 -93 0 1
-202 -73 2 1
-222 -87 4 2
-201 -72 2 0
-222 -87 5 2
-202 -72 1 1
-222 -87 6 1
-222 -86 4 2
-249 -52 1 1
-204 -92 1 1
-204 -91 1 1
-204 -90 1 1
-203 -92 1 1
-201 -73 1 0
-203 -91 1 1
-202 -73 1 1
-203 -90 1 1
-201 -95 7 0
-201 -96 5 0
-202 -71 -2 1
-202 -71 -1 2
-202 -71 0 1
-201 -71 -2 1
-238 -91 -1 1
-242 -91 -1 1
-247 -61 1 1
-208 -86 6 0
-207 -85 5 1
-207 -84 3 1
-207 -83 3 1
-207 -83 4 1
-207 -83 5 2
-210 -84 6 1
-212 -87 3 2
-212 -87 4 2
-202 -55 8 0
-201 -56 11 1
-201 -56 10 1
-201 -56 9 1
-202 -56 11 2
-202 -56 10 1
-202 -56 9 1
-220 -90 8 0
-220 -91 8 0
-220 -90 6 1
-220 -91 5 1
-218 -88 7 0
-203 -57 11 1
-203 -57 10 1
-203 -57 9 1
-204 -57 11 1
-204 -57 10 1
-204 -57 9 1
-205 -57 11 1
-205 -57 10 1
-205 -57 9 1
-226 -54 9 0
-225 -55 7 1
-220 -87 9 0
-231 -58 2 1
-231 -58 1 1
-231 -58 0 1
-231 -59 2 2
-233 -64 4 1
-219 -61 -1 1
-219 -61 0 1
-225 -66 4 1
-226 -64 3 1
-226 -65 5 2
-226 -65 4 2
-226 -65 3 2
-224 -52 2 2
-224 -52 3 2
-224 -52 4 2
-223 -54 2 1
-222 -65 -1 1
-229 -100 1 1
-230 -99 2 0
-230 -97 2 0
-250 -62 6 0
-250 -62 2 0
-249 -64 3 0
-248 -63 5 0
-248 -63 3 0
-249 -62 6 0
-249 -62 2 0
-222 -62 5 1
-221 -67 4 1
-221 -68 5 2
-222 -69 4 1
-222 -69 5 1
-222 -69 6 1
-222 -68 6 1
-215 -87 3 1
-215 -87 4 2
-223 -62 -1 1
-223 -60 0 1
-223 -61 1 2
-241 -62 0 1
-238 -59 4 1
-223 -58 3 1
-223 -56 0 1
-201 -59 1 1
-201 -59 0 1
-202 -58 2 1
-202 -58 3 0
-203 -61 5 0
-201 -65 10 1
-201 -65 11 1
-201 -65 12 1
-201 -64 10 1
-201 -64 11 1
-227 -92 3 1
-227 -92 4 1
-227 -92 5 1
-226 -92 3 1
-225 -67 3 1
-211 -92 7 1
-221 -75 10 0
-219 -76 6 1
-219 -76 7 1
-219 -76 8 1
-223 -73 10 0
-225 -75 8 0
-228 -75 8 0
-225 -75 9 0
-228 -75 10 0
-240 -76 8 0
-239 -78 8 0
-241 -77 6 0
-240 -76 5 1
-239 -75 5 0
-238 -77 5 0
-240 -77 5 1
-232 -97 -1 1
-232 -97 0 2
-232 -97 1 1
-232 -96 -1 1
-232 -96 0 1
-232 -96 1 1
-232 -95 -1 1
-232 -95 0 1
-221 -82 0 2
-221 -82 -1 1
-231 -97 0 2
-220 -84 0 2
-220 -84 -1 1
-231 -97 1 1
-230 -99 -1 1
-230 -99 0 2
-220 -86 1 2
-230 -99 1 1
-229 -99 -1 1
-215 -54 -1 1
-215 -53 -1 1
-231 -98 0 2
-231 -100 -1 1
-231 -100 0 2
-231 -100 1 1
-231 -99 -1 1
-231 -99 0 2
-231 -99 1 1
-230 -100 -1 1
-234 -84 4 0
-232 -82 3 2
-226 -61 4 1
-232 -82 4 1
-232 -82 5 1
-232 -81 3 2
-235 -84 3 0
-240 -68 5 1
-241 -63 7 1
-241 -63 6 1
-241 -64 7 1
-237 -64 3 2
-237 -65 3 2
-221 -71 -1 1
-222 -70 2 1
-222 -71 3 0
-220 -70 5 1
-220 -70 4 1
-221 -70 5 2
-221 -70 4 1
-223 -52 3 1
-223 -53 4 1
-223 -53 3 1
-223 -54 4 1
-250 -61 3 0
-249 -60 5 0
-249 -60 4 0
-249 -62 3 0
-242 -55 0 1
-228 -51 9 0
-227 -51 9 0
-226 -51 9 0
-228 -51 10 0
-227 -51 10 0
-228 -51 8 1
-213 -61 1 1
-213 -60 -1 1
-201 -88 4 0
-201 -88 6 0
-201 -88 5 0
-208 -84 3 1
-208 -85 5 1
-208 -85 4 1
-215 -89 5 2
-215 -88 3 1
-215 -88 4 2
-244 -62 2 0
-244 -62 3 0
-219 -76 3 1
-219 -76 4 1
-219 -76 5 1
-219 -75 3 1
-219 -75 4 1
-219 -75 5 1
-219 -74 3 1
-219 -74 4 1
-219 -74 5 1
-220 -76 2 2
-221 -77 1 1
-221 -77 2 1
-221 -76 1 1
-221 -76 2 1
-221 -75 1 1
-221 -75 2 1
-220 -77 1 1
-213 -94 6 1
-213 -94 5 1
-212 -93 8 0
-212 -92 8 0
-212 -90 8 0
-210 -88 8 0
-207 -88 8 0
-208 -88 8 0
-207 -87 7 0
-223 -71 9 0
-222 -71 10 0
-222 -72 10 0
-221 -73 7 2
-222 -74 6 2
-222 -74 7 1
-241 -68 1 2
-241 -68 0 1
-242 -68 1 1
-242 -68 0 1
-237 -66 2 2
-237 -66 1 2
-237 -66 0 1
-231 -51 5 1
-231 -52 5 1
-231 -53 5 1
-232 -52 6 1
-215 -91 4 1
-215 -92 4 1
-215 -93 4 1
-225 -78 8 0
-226 -78 8 0
-226 -79 8 0
-227 -80 8 0
-225 -78 9 0
-226 -78 9 0
-226 -79 10 0
-227 -79 10 0
-226 -79 7 0
-224 -81 8 0
-224 -78 9 0
-224 -79 9 0
-224 -80 10 0
-224 -81 10 0
-223 -78 8 1
-223 -78 9 0
-222 -79 10 0
-224 -77 11 0
-224 -77 12 0
-224 -77 6 1
-224 -77 5 1
-224 -77 4 1
-233 -63 3 2
-219 -64 6 1
-220 -61 2 1
-232 -63 0 1
-232 -58 1 1
-234 -71 4 1
-235 -71 6 0
-220 -55 5 0
-203 -92 6 0
-202 -92 6 0
-240 -91 1 2
-240 -92 1 1
-240 -93 1 1
-203 -51 1 1
-203 -51 0 1
-203 -51 -1 1
-204 -51 0 1
-204 -51 -1 1
-205 -51 0 1
-205 -51 -1 1
-204 -51 1 1
-205 -51 1 1
-207 -65 6 1
-206 -51 1 1
-205 -61 5 0
-205 -58 6 1
-205 -59 6 1
-205 -60 6 1
-206 -61 5 1
-204 -60 1 1
-204 -60 0 2
-204 -60 -1 1
-204 -61 1 1
-204 -61 0 2
-204 -61 -1 1
-208 -60 7 1
-208 -61 8 1
-208 -61 7 1
-208 -62 8 1
-209 -89 5 2
-209 -88 3 1
-209 -88 5 2
-209 -87 3 1
-209 -87 4 1
-202 -95 6 0
-202 -95 3 0
-221 -65 4 1
-204 -51 2 1
-242 -64 1 1
-217 -57 3 0
-217 -57 -1 1
-218 -57 5 0
-220 -58 5 0
-206 -93 8 0
-208 -91 6 1
-207 -92 6 1
-230 -55 7 1
-230 -54 8 1
-242 -93 -1 1
-243 -94 -1 1
-239 -92 -1 1
-239 -93 -1 1
-240 -92 0 2
-240 -92 -1 1
-240 -93 -1 1
-241 -92 0 2
-241 -92 -1 1
-241 -93 -1 1
-240 -93 0 2
-237 -95 0 1
-237 -92 1 1
-237 -92 0 1
-237 -93 1 1
-237 -93 0 1
-238 -94 0 1
-238 -94 -1 1
-239 -94 -1 1
-240 -94 -1 1
-238 -99 1 1
-238 -99 0 1
-238 -99 -1 1
-238 -100 0 1
-238 -100 -1 1
-241 -93 0 2
-242 -93 0 1
-242 -94 0 1
-243 -93 0 1
-243 -94 0 1
-239 -95 3 1
-238 -95 1 2
-238 -95 0 1
-238 -95 -1 1
-239 -95 -1 1
-240 -95 -1 1
-239 -94 2 1
-239 -94 1 1
-239 -94 0 2
-239 -95 2 1
-239 -95 1 1
-239 -95 0 2
-240 -94 2 1
-240 -94 1 1
-240 -94 0 2
-240 -95 2 1
-240 -95 0 2
-241 -94 0 2
-240 -95 1 2
-237 -96 2 1
-237 -96 1 1
-237 -96 0 1
-237 -97 2 2
-237 -97 1 1
-237 -73 9 0
-211 -58 6 1
-211 -59 6 2
-228 -54 6 1
-228 -54 7 1
-228 -54 12 0
-228 -54 11 0
-226 -57 7 1
-226 -57 8 0
-228 -58 7 1
-228 -57 10 0
-228 -56 10 0
-228 -56 9 0
-228 -55 9 0
-228 -58 8 0
-228 -57 8 0
-211 -83 0 2
-211 -83 -1 1
-201 -93 4 0
-211 -84 1 1
-211 -84 0 2
-211 -84 -1 1
-227 -61 6 2
-226 -61 6 1
-226 -61 7 1
-241 -62 4 0
-240 -64 5 1
-241 -64 5 1
-240 -64 4 1
-241 -64 4 0
-219 -85 7 0
-219 -85 8 0
-219 -85 5 1
-219 -85 4 1
-233 -78 1 1
-229 -76 3 2
-229 -76 4 2
-230 -76 7 0
-231 -75 7 0
-229 -68 5 1
-230 -75 1 1
-229 -75 1 1
-228 -75 1 1
-241 -98 3 0
-241 -97 2 1
-220 -86 3 2
-220 -85 3 1
-248 -84 5 0
-248 -85 5 1
-250 -84 5 0
-247 -84 4 0
-247 -83 3 0
-248 -88 1 1
-248 -88 2 1
-248 -88 3 1
-248 -87 1 1
-247 -88 1 1
-247 -88 2 2
-247 -88 3 2
-247 -87 1 2
-246 -88 1 1
-246 -88 2 1
-246 -88 3 1
-246 -87 1 1
-246 -86 1 1
-246 -85 0 1
-246 -85 1 1
-246 -86 0 1
-247 -83 -1 1
-238 -74 3 0
-237 -100 4 1
-247 -86 5 1
-247 -84 5 0
-249 -86 5 1
-247 -83 4 0
-248 -88 4 1
-248 -88 5 1
-248 -87 5 1
-248 -86 5 1
-247 -88 4 2
-247 -88 5 1
-247 -87 5 1
-246 -88 4 1
-246 -88 5 1
-246 -87 5 1
-246 -86 5 1
-246 -84 4 0
-248 -87 0 2
-247 -87 0 1
-246 -87 0 1
-250 -86 -1 1
-239 -72 0 1
-239 -72 1 2
-239 -72 2 1
-238 -72 0 1
-238 -72 1 2
-238 -72 2 1
-237 -72 0 1
-237 -72 1 2
-237 -72 2 2
-242 -74 0 1
-242 -74 1 1
-237 -87 0 1
-233 -94 2 1
-233 -94 3 1
-249 -87 4 1
-250 -87 -1 1
-250 -87 0 2
-250 -87 1 1
-249 -87 -1 1
-249 -87 0 2
-202 -94 7 0
-230 -72 1 2
-230 -72 2 1
-230 -71 1 1
-222 -58 4 1
-224 -61 5 1
-220 -62 2 1
-237 -94 0 1
-238 -92 1 1
-238 -92 0 1
-238 -93 0 1
-239 -92 1 2
-239 -92 0 2
-213 -86 8 0
-239 -93 1 2
-239 -93 0 2
-228 -58 6 1
-228 -58 5 1
-227 -57 12 0
-227 -57 11 0
-227 -57 10 0
-224 -60 7 0
-241 -80 2 2
-240 -80 2 1
-238 -74 0 1
-238 -74 1 2
-238 -74 2 1
-237 -74 0 1
-237 -74 1 1
-238 -93 1 2
-236 -94 3 1
-236 -94 2 1
-236 -94 1 1
-236 -95 3 1
-236 -95 2 1
-236 -95 1 1
-236 -96 3 1
-236 -96 2 1
-236 -96 1 1
-237 -94 3 2
-237 -94 2 1
-237 -94 1 1
-237 -95 3 2
-237 -95 1 1
-237 -96 3 2
-238 -94 3 1
-241 -52 4 1
-241 -51 4 1
-218 -86 5 1
-239 -71 8 0
-237 -72 7 0
-239 -72 7 0
-218 -86 6 1
-239 -73 6 0
-240 -72 7 0
-240 -72 6 0
-240 -71 7 0
-226 -71 7 0
-227 -72 7 0
-224 -70 8 0
-224 -71 8 0
-224 -72 8 0
-224 -73 8 0
-224 -70 9 0
-224 -71 9 0
-224 -72 10 0
-224 -73 10 0
-224 -72 7 0
-224 -73 7 0
-212 -59 4 2
-213 -60 6 1
-213 -61 6 2
-220 -85 8 0
-220 -85 7 0
-219 -86 7 0
-219 -86 4 2
-219 -87 5 2
-205 -85 -1 1
-205 -84 -1 1
-222 -88 4 2
-221 -87 5 2
-208 -60 4 1
-220 -69 5 1
-216 -59 7 1
-228 -75 5 2
-228 -74 3 2
-228 -74 5 1
-228 -73 3 2
-228 -73 4 1
-228 -73 5 1
-227 -75 3 1
-203 -60 2 1
-203 -60 3 0
-203 -63 2 1
-202 -62 3 1
-203 -62 3 2
-231 -59 3 2
-230 -59 0 1
-230 -59 1 2
-230 -59 2 1
-230 -58 0 1
-230 -58 1 1
-244 -89 2 1
-244 -89 1 1
-244 -89 0 1
-241 -85 2 1
-241 -85 1 2
-241 -85 0 1
-241 -86 2 1
-241 -86 1 2
-241 -86 0 1
-241 -87 2 1
-241 -87 1 2
-241 -87 0 1
-216 -58 3 1
-222 -59 4 0
-245 -59 4 0
-245 -59 2 0
-245 -59 3 0
-245 -59 6 0
-246 -57 3 0
-245 -56 4 0
-245 -56 5 0
-245 -56 3 0
-232 -72 5 0
-232 -72 6 0
-219 -74 0 1
-219 -74 -1 1
-219 -73 1 1
-216 -60 -1 1
-216 -60 0 2
-230 -73 6 1
-225 -91 6 1
-224 -92 6 0
-226 -81 5 1
-225 -81 4 2
-227 -74 4 2
-228 -80 4 2
-229 -98 0 2
-229 -98 -1 1
-230 -97 1 1
-230 -97 0 2
-230 -97 -1 1
-230 -98 1 1
-220 -66 6 1
-221 -64 6 1
-221 -65 6 1
-221 -65 5 1
-221 -66 6 1
-208 -65 6 1
-206 -65 6 1
-206 -64 6 1
-250 -83 1 1
-249 -83 -1 1
-249 -83 0 1
-249 -83 1 1
-230 -98 0 2
-230 -98 -1 1
-230 -96 0 2
-230 -96 -1 1
-231 -94 0 1
-235 -59 2 2
-223 -60 4 0
-212 -87 0 2
-210 -81 0 1
-210 -82 0 1
-210 -83 0 2
-211 -81 0 1
-211 -82 0 1
-213 -80 3 1
-213 -80 2 1
-213 -80 1 1
-214 -80 1 1
-215 -80 1 1
-212 -84 2 1
-209 -83 2 2
-248 -94 5 0
-248 -94 6 0
-248 -94 4 0
-248 -93 5 0
-248 -93 6 0
-211 -59 2 2
-211 -60 4 1
-211 -60 3 1
-211 -60 2 1
-209 -57 2 1
-209 -57 1 1
-209 -57 0 1
-202 -51 8 1
-202 -52 8 1
-205 -52 9 1
-205 -51 9 1
-204 -52 9 2
-204 -51 9 2
-203 -52 9 1
-203 -51 9 2
-205 -54 7 1
-204 -55 5 1
-205 -55 7 1
-205 -55 6 1
-205 -55 5 1
-202 -53 7 0
-202 -52 6 0
-203 -53 8 1
-204 -53 8 2
-205 -53 8 1
-201 -52 7 0
-201 -51 7 0
-202 -76 5 1
-201 -77 2 0
-227 -87 4 1
-201 -76 3 1
-218 -86 8 0
-204 -75 1 1
-204 -75 2 1
-204 -75 3 1
-203 -75 1 1
-230 -52 5 1
-213 -63 4 2
-235 -51 0 1
-213 -62 5 2
-212 -61 2 1
-212 -61 1 1
-202 -53 2 0
-202 -54 1 0
-201 -54 -2 1
-215 -52 2 1
-219 -51 2 1
-218 -52 2 1
-220 -51 -1 1
-219 -51 -1 1
-219 -51 0 2
-219 -51 1 1
-218 -51 -1 1
-218 -51 0 2
-218 -51 1 1
-201 -54 -1 1
-201 -54 0 1
-228 -73 8 0
-226 -73 9 0
-230 -69 1 1
-229 -69 1 1
-228 -69 1 1
-229 -70 6 0
-224 -70 -1 1
-224 -71 -1 1
-225 -70 -1 1
-225 -71 -1 1
-226 -70 0 1
-226 -70 -1 1
-227 -75 7 0
-249 -93 4 0
-249 -93 6 0
-249 -93 5 0
-220 -53 0 1
-221 -53 2 1
-221 -53 1 2
-221 -53 0 1
-218 -67 3 1
-216 -60 1 1
-222 -55 0 1
-231 -62 4 1
-231 -61 2 2
-231 -61 3 2
-231 -61 4 1
-231 -60 2 2
-231 -60 3 1
-231 -60 4 1
-233 -59 3 2
-234 -60 4 1
-234 -59 4 1
-234 -58 4 1
-233 -59 4 1
-233 -58 3 1
-233 -58 4 1
-232 -59 2 2
-232 -59 3 1
-232 -59 4 1
-232 -58 2 1
-232 -58 3 1
-202 -86 4 1
-202 -86 6 0
-206 -62 0 2
-202 -86 5 1
-206 -61 -1 1
-202 -87 2 1
-202 -88 1 1
-201 -86 2 1
-207 -82 3 1
-206 -82 3 1
-205 -82 3 1
-207 -65 3 1
-207 -65 4 1
-206 -65 2 1
-206 -65 3 1
-206 -65 4 1
-206 -64 4 1
-206 -63 4 1
-205 -59 2 1
-204 -59 3 1
-211 -88 3 1
-201 -87 -1 1
-201 -87 0 2
-201 -87 1 1
-222 -83 4 0
-224 -85 3 0
-223 -84 3 0
-223 -86 3 1
-222 -83 3 1
-236 -71 3 1
-222 -87 2 2
-221 -87 2 1
-221 -86 2 2
-221 -85 2 1
-220 -87 2 1
-227 -84 3 1
-220 -86 2 2
-220 -85 2 1
-222 -82 3 1
-222 -84 2 0
-223 -85 2 1
-222 -83 2 1
-225 -81 -1 1
-225 -81 0 1
-224 -81 -1 1
-224 -81 0 1
-223 -82 -1 1
-201 -84 2 0
-223 -81 -1 1
-223 -81 0 1
-221 -85 -1 1
-221 -85 0 2
-221 -85 1 1
-221 -84 -1 1
-221 -84 0 2
-221 -84 1 1
-221 -83 -1 1
-221 -83 0 2
-201 -83 -1 2
-201 -83 0 1
-201 -83 1 1
-222 -82 1 1
-227 -82 0 1
-225 -86 -1 1
-225 -86 0 1
-225 -86 1 1
-225 -85 -1 1
-225 -85 0 1
-225 -85 1 1
-225 -84 -1 1
-225 -84 0 2
-225 -84 1 1
-227 -83 -1 1
-227 -82 -1 1
-241 -68 3 2
-241 -68 2 2
-229 -81 8 0
-242 -68 3 1
-217 -92 5 0
-215 -89 7 0
-230 -81 4 1
-230 -81 5 1
-229 -82 4 1
-229 -82 5 1
-229 -81 4 1
-229 -81 5 1
-214 -91 5 2
-217 -88 8 0
-217 -88 9 0
-217 -88 10 0
-217 -88 11 0
-217 -88 5 0
-217 -88 4 0
-217 -88 3 0
-241 -67 8 1
-241 -66 6 1
-241 -66 8 1
-201 -83 2 0
-208 -87 3 1
-208 -88 5 1
-208 -88 4 1
-208 -88 3 1
-208 -89 5 1
-205 -86 7 0
-204 -87 3 1
-204 -87 4 1
-204 -87 5 1
-204 -86 3 1
-204 -86 4 2
-248 -51 1 1
-247 -52 -1 1
-213 -58 1 2
-223 -60 2 1
-246 -55 6 0
-223 -61 2 1
-246 -55 2 0
-223 -61 0 2
-223 -62 2 1
-202 -60 1 1
-202 -60 0 2
-221 -63 2 1
-230 -70 6 1
-248 -97 3 1
-248 -97 4 0
-248 -97 7 0
-229 -61 0 1
-246 -98 4 1
-247 -98 6 0
-246 -98 5 0
-229 -64 0 1
-248 -99 4 1
-248 -98 4 1
-244 -56 4 0
-222 -60 0 2
-222 -60 1 2
-225 -57 -1 1
-215 -59 2 1
-215 -58 2 1
-215 -57 2 2
-215 -57 3 2
-215 -57 4 2
-215 -58 1 1
-215 -57 1 1
-215 -56 1 1
-227 -72 9 0
-225 -74 10 0
-227 -74 9 0
-225 -73 10 0
-227 -73 9 0
-237 -75 6 0
-225 -68 -1 1
-225 -69 0 1
-221 -62 5 0
-221 -63 3 0
-233 -58 2 1
-224 -93 5 0
-223 -93 5 0
-201 -82 3 0
-226 -91 6 1
-224 -93 4 0
-201 -81 2 0
-223 -94 3 1
-223 -94 4 1
-222 -94 2 1
-222 -94 3 1
-222 -94 4 1
-221 -94 2 1
-221 -94 3 1
-221 -94 4 1
-226 -99 3 1
-232 -95 1 1
-232 -95 2 2
-232 -95 3 2
-232 -94 1 1
-232 -94 2 1
-232 -94 3 1
-232 -93 1 1
-232 -93 2 1
-232 -93 3 1
-231 -95 1 1
-236 -77 4 1
-234 -78 1 1
-208 -95 4 1
-237 -76 4 0
-217 -51 3 0
-226 -96 -1 1
-241 -55 2 1
-201 -65 3 0
-202 -67 3 0
-225 -96 -1 1
-225 -96 0 1
-202 -66 2 0
-202 -65 2 0
-224 -85 6 0
-224 -85 7 0
-217 -60 -1 1
-217 -61 1 1
-217 -61 0 2
-217 -61 -1 1
-216 -60 5 0
-217 -62 1 2
-217 -63 1 1
-225 -93 3 0
-226 -93 3 0
-224 -92 3 0
-225 -92 2 1
-225 -93 2 1
-227 -92 2 1
-224 -92 2 0
-227 -92 1 1
-226 -92 1 2
-210 -87 1 1
-208 -85 1 2
-220 -83 -1 1
-221 -81 0 1
-221 -81 -1 1
-219 -87 1 1
-219 -87 0 1
-219 -84 2 1
-222 -80 3 2
-222 -80 2 1
-222 -80 1 1
-218 -81 2 1
-218 -81 1 1
-218 -82 2 2
-218 -82 1 1
-218 -83 2 1
-218 -83 1 1
-219 -80 3 1
-220 -80 3 1
-221 -80 4 1
-221 -80 3 1
-219 -84 4 0
-230 -92 1 2
-239 -96 3 1
-237 -95 2 2
-238 -96 3 1
-238 -95 2 1
-238 -95 3 1
-238 -94 2 2
-203 -54 7 1
-203 -55 7 1
-203 -55 6 1
-203 -55 5 1
-204 -54 7 2
-204 -55 7 1
-248 -98 3 1
-248 -97 1 1
-234 -76 4 1
-233 -77 4 2
-233 -77 5 1
-212 -63 6 2
-216 -57 2 1
-214 -57 6 1
-215 -57 6 2
-233 -76 4 1
-216 -57 6 1
-216 -58 6 1
-207 -60 6 1
-207 -59 6 1
-207 -58 6 1
-206 -60 6 1
-206 -59 6 1
-239 -66 4 1
-238 -67 7 1
-238 -67 6 1
-238 -67 5 1
-239 -67 7 2
-226 -94 5 0
-226 -51 7 2
-217 -84 2 0
-232 -71 3 1
-216 -81 2 1
-216 -81 1 1
-216 -82 3 2
-216 -82 2 2
-219 -79 7 1
-219 -79 8 1
-222 -76 9 0
-223 -77 7 1
-225 -77 7 0
-229 -74 2 2
-229 -73 2 1
-213 -89 4 2
-213 -89 3 1
-214 -87 4 2
-221 -65 3 0
-218 -66 2 1
-219 -65 2 1
-219 -66 2 1
-220 -65 2 1
-220 -66 2 1
-225 -61 5 1
-222 -59 5 0
-205 -82 6 1
-245 -53 6 1
-205 -82 4 1
-205 -83 6 1
-205 -84 6 1
-244 -53 5 1
-222 -57 5 1
-249 -60 1 1
-243 -78 1 1
-243 -78 2 1
-243 -78 3 1
-241 -99 4 0
-237 -86 10 0
-236 -86 10 0
-238 -85 10 0
-237 -87 9 0
-235 -86 9 0
-238 -86 9 0
-236 -87 9 0
-239 -85 8 0
-237 -88 8 1
-238 -88 8 1
-242 -97 -1 1
-242 -97 0 2
-242 -97 1 2
-226 -55 8 1
-225 -55 8 1
-224 -55 8 1
-228 -80 3 1
-225 -78 5 2
-225 -78 4 2
-226 -78 5 1
-226 -78 4 2
-223 -85 8 0
-228 -62 9 0
-229 -59 7 0
-228 -60 10 0
-226 -58 10 0
-226 -59 10 0
-223 -62 7 0
-223 -62 10 0
-224 -62 10 0
-202 -80 9 1
-202 -79 9 1
-202 -78 9 1
-202 -78 10 1
-202 -78 11 1
-201 -80 9 1
-201 -79 9 1
-226 -63 12 0
-235 -53 2 1
-229 -83 1 1
-250 -81 4 0
-250 -82 3 0
-250 -83 2 1
-244 -86 4 2
-245 -85 3 1
-245 -85 4 1
-245 -85 5 1
-244 -87 3 2
-244 -87 4 2
-244 -87 5 1
-244 -86 3 2
-244 -86 5 1
-244 -85 3 1
-244 -85 4 1
-244 -85 5 1
-243 -87 3 1
-243 -87 4 1
-243 -87 5 1
-243 -86 3 1
-243 -86 4 1
-243 -86 5 1
-250 -84 -1 1
-250 -84 0 2
-250 -84 1 1
-249 -84 -1 1
-202 -68 -2 1
-202 -68 -1 2
-202 -68 0 1
-201 -68 -2 1
-201 -68 -1 1
-201 -68 0 1
-203 -71 -2 1
-203 -70 -2 1
-225 -95 3 0
-208 -86 -1 1
-208 -86 0 2
-219 -55 6 0
-220 -56 6 0
-218 -54 5 0
-221 -56 5 0
-209 -88 2 1
-236 -67 3 1
-237 -67 3 2
-237 -68 3 2
-249 -79 0 1
-215 -64 3 1
-215 -64 2 1
-240 -99 1 1
-240 -99 -1 1
-214 -58 5 1
-237 -88 7 2
-238 -86 7 1
-238 -88 7 1
-240 -78 6 0
-240 -77 6 0
-239 -78 7 0
-239 -77 6 0
-239 -87 7 1
-241 -88 6 0
-240 -90 0 1
-226 -71 0 2
-226 -71 -1 1
-224 -73 3 2
-223 -70 4 0
-216 -81 3 1
-221 -83 3 1
-222 -82 4 1
-217 -86 0 1
-217 -86 1 1
-217 -85 0 2
-217 -85 1 1
-218 -83 -1 1
-218 -82 -1 1
-227 -73 2 2
-229 -70 3 2
-229 -70 4 2
-228 -72 3 1
-228 -72 5 0
-228 -72 4 1
-239 -67 8 1
-222 -65 2 1
-222 -65 1 2
-222 -65 0 1
-222 -66 2 1
-233 -79 7 0
-231 -76 6 1
-230 -95 4 1
-230 -96 4 1
-231 -94 4 1
-237 -74 7 0
-201 -80 2 0
-201 -78 3 1
-238 -100 3 1
-238 -100 2 1
-238 -100 1 1
-237 -100 3 1
-237 -100 2 2
-201 -52 -1 1
-215 -83 1 1
-215 -83 2 1
-215 -83 3 1
-215 -82 1 2
-215 -82 2 1
-215 -82 3 2
-215 -81 1 1
-215 -81 2 1
-215 -81 3 2
-216 -84 2 0
-217 -86 2 0
-218 -81 -1 1
-218 -81 0 1
-216 -86 -1 1
-216 -86 0 1
-216 -86 1 1
-216 -85 -1 1
-247 -85 0 1
-247 -85 1 2
-247 -84 -1 1
-249 -87 1 1
-248 -87 -1 1
-247 -85 5 1
-249 -87 5 1
-246 -85 5 1
-249 -87 2 1
-249 -87 3 1
-248 -86 6 0
-248 -89 3 1
-248 -89 4 1
-248 -89 5 1
-247 -89 3 1
-247 -89 4 2
-247 -89 5 1
-246 -89 3 1
-246 -89 4 1
-246 -89 5 1
-245 -88 3 1
-245 -88 4 1
-214 -86 0 2
-214 -86 1 1
-214 -85 -1 1
-214 -85 0 2
-214 -85 1 1
-214 -84 -1 1
-214 -84 0 2
-214 -84 1 1
-215 -83 -1 1
-215 -83 0 2
-248 -90 3 1
-248 -90 4 1
-248 -90 5 1
-247 -90 3 1
-247 -90 4 1
-247 -90 5 1
-246 -90 3 1
-246 -90 4 1
-246 -90 5 1
-250 -67 4 0
-249 -88 5 0
-250 -88 4 0
-249 -88 3 0
-250 -69 3 0
-248 -89 2 1
-247 -89 1 1
-247 -89 2 2
-250 -68 3 0
-246 -89 2 1
-249 -88 2 0
-250 -69 2 0
-237 -78 3 1
-246 -88 0 1
-250 -88 -1 1
-250 -88 0 1
-250 -88 1 1
-249 -88 -1 1
-210 -82 5 1
-210 -82 6 1
-221 -59 -1 1
-221 -60 -1 1
-221 -61 -1 1
-222 -59 -1 1
-222 -60 5 0
-222 -60 4 0
-221 -61 3 0
-225 -56 4 1
-225 -57 4 1
-226 -56 4 1
-226 -57 4 1
-205 -85 4 1
-205 -85 5 1
-205 -84 3 1
-221 -52 2 1
-215 -56 2 2
-215 -56 3 2
-214 -56 1 1
-214 -56 2 2
-214 -56 3 2
-213 -56 1 1
-213 -56 2 1
-213 -56 3 1
-201 -85 -2 1
-229 -96 3 0
-216 -52 0 1
-216 -52 -1 1
-216 -53 0 1
-216 -53 -1 1
-214 -55 6 1
-215 -55 6 2
-216 -55 6 1
-217 -55 5 1
-214 -55 5 1
-215 -55 5 1
-223 -72 9 0
-222 -64 -1 1
-231 -98 2 0
-207 -90 7 0
-208 -90 7 0
-209 -90 7 0
-210 -90 7 0
-239 -52 4 1
-239 -51 4 1
-242 -54 0 1
-250 -62 4 0
-242 -54 2 1
-250 -62 5 0
-250 -62 3 0
-241 -56 2 1
-250 -60 4 0
-250 -60 5 0
-209 -94 4 1
-210 -94 6 2
-210 -94 5 1
-210 -94 4 1
-209 -93 5 2
-210 -92 8 0
-211 -91 8 0
-210 -92 7 1
-211 -91 7 0
-212 -92 7 1
-212 -93 7 1
-232 -98 -1 1
-232 -98 0 1
-232 -98 1 1
-231 -98 -1 1
-201 -91 3 0
-235 -72 5 0
-209 -61 7 2
-219 -62 3 1
-219 -62 4 1
-218 -64 2 1
-218 -64 3 1
-218 -64 4 1
-218 -63 2 2
-218 -63 4 2
-222 -52 4 0
-229 -63 2 1
-230 -54 5 1
-230 -55 5 1
-230 -56 5 1
-230 -64 1 1
-224 -70 3 1
-225 -70 3 1
-203 -69 1 1
-203 -69 0 2
-203 -69 -1 1
-204 -69 1 1
-230 -93 2 2
-230 -93 3 1
-241 -94 -1 1
-242 -94 -1 1
-238 -94 1 2
-206 -56 1 1
-220 -60 2 1
-206 -56 0 1
-206 -57 2 1
-206 -57 1 1
-206 -57 0 1
-205 -57 1 2
-236 -61 3 1
-237 -61 3 2
-238 -61 3 2
-237 -62 2 2
-203 -85 5 1
-203 -85 6 0
-203 -85 4 2
-204 -88 6 0
-204 -88 4 1
-203 -87 5 1
-203 -87 6 0
-203 -87 4 1
-222 -84 6 0
-201 -53 3 0
-203 -86 3 2
-226 -66 6 1
-205 -60 -1 1
-224 -64 5 1
-202 -54 4 0
-202 -54 2 0
-203 -55 3 0
-224 -66 5 1
-224 -66 4 1
-224 -66 3 1
-225 -64 5 1
-225 -65 5 2
-213 -64 2 1
-213 -64 3 1
-220 -53 1 2
-219 -53 0 2
-219 -53 1 1
-221 -66 3 0
-223 -63 5 2
-244 -99 5 0
-222 -64 5 1
-222 -63 5 1
-224 -63 6 1
-224 -62 6 1
-246 -100 5 0
-243 -63 5 0
-223 -63 6 1
-223 -62 5 1
-223 -62 6 1
-222 -64 6 1
-222 -63 6 1
-224 -65 0 1
-223 -65 0 2
-222 -67 0 1
-215 -62 3 2
-229 -72 2 1
-208 -63 1 2
-209 -61 3 1
-209 -61 2 1
-209 -61 1 1
-241 -53 4 1
-241 -53 3 1
-224 -65 6 1
-230 -64 0 1
-230 -58 3 1
-236 -58 1 2
-236 -58 0 1
-237 -58 2 2
-237 -58 1 2
-237 -58 0 1
-236 -57 3 1
-237 -57 3 1
-238 -57 3 2
-241 -58 2 1
-241 -58 1 2
-241 -58 0 1
-242 -56 2 1
-250 -67 0 2
-229 -96 -1 1
-219 -56 6 0
-220 -57 6 0
-217 -57 5 0
-221 -57 5 0
-230 -95 0 2
-223 -80 10 0
-229 -96 1 1
-218 -57 6 0
-219 -57 6 0
-217 -56 5 1
-229 -96 2 0
-229 -94 2 1
-230 -94 3 1
-230 -94 2 2
-231 -94 3 1
-231 -94 2 2
-226 -96 3 1
-226 -97 3 2
-202 -70 9 1
-203 -68 9 1
-203 -69 9 1
-203 -70 11 1
-203 -70 10 1
-203 -70 9 1
-201 -70 12 0
-202 -70 12 0
-201 -71 13 0
-203 -69 13 0
-202 -70 13 0
-202 -69 14 0
-201 -70 14 0
-202 -69 15 0
-201 -69 15 0
-201 -69 11 1
-201 -69 10 1
-202 -69 11 1
-202 -69 10 2
-203 -69 12 1
-203 -69 11 1
-203 -69 10 1
-201 -69 12 1
-202 -69 12 1
-201 -70 13 0
-201 -69 13 0
-241 -67 4 1
-240 -66 4 1
-241 -65 6 1
-241 -65 7 2
-241 -65 3 0
-203 -60 5 0
-206 -57 6 1
-205 -57 6 1
-204 -59 6 1
-204 -58 6 1
-218 -85 6 1
-218 -85 7 0
-218 -85 5 1
-219 -83 7 0
-222 -85 5 1
-219 -88 4 1
-219 -88 5 2
-228 -80 7 0
-219 -87 4 1
-227 -80 7 0
-219 -87 6 1
-228 -80 6 1
-227 -80 6 1
-228 -78 7 0
-228 -78 6 1
-229 -78 7 0
-229 -78 6 1
-230 -80 7 0
-230 -80 6 1
-224 -58 5 1
-223 -58 5 1
-223 -59 4 0
-221 -59 5 0
-226 -97 2 2
-233 -99 5 0
-247 -97 1 1
-247 -98 3 1
-227 -57 1 2
-223 -57 1 2
-223 -57 0 1
-223 -57 -1 1
-214 -89 3 1
-214 -89 4 2
-214 -89 5 1
-214 -88 3 1
-214 -88 5 1
-214 -87 3 2
-202 -88 6 0
-202 -88 5 1
-202 -84 4 1
-202 -84 6 0
-233 -97 5 1
-244 -100 5 0
-243 -100 5 0
-250 -57 3 0
-250 -56 3 0
-250 -57 2 0
-248 -56 -1 1
-248 -56 0 1
-248 -56 1 1
-248 -55 -1 1
-248 -55 0 1
-248 -55 1 1
-248 -54 -1 1
-248 -54 0 1
-248 -54 1 1
-236 -97 3 1
-235 -98 2 1
-235 -98 3 2
-235 -97 2 1
-250 -58 -1 1
-250 -58 0 2
-250 -58 1 1
-249 -58 -1 1
-245 -61 4 0
-202 -57 13 0
-243 -59 5 0
-201 -57 12 1
-203 -57 12 1
-202 -57 10 1
-202 -57 11 2
-202 -57 12 1
-201 -57 10 1
-201 -57 11 1
-232 -70 4 2
-232 -70 5 1
-232 -70 6 1
-232 -69 4 1
-232 -69 5 2
-245 -53 2 1
-246 -53 2 1
-244 -53 6 1
-232 -63 3 1
-232 -64 4 1
-232 -64 3 1
-232 -64 2 1
-218 -61 2 1
-217 -62 6 1
-233 -64 3 1
-233 -64 2 1
-232 -78 8 0
-232 -78 5 2
-232 -78 4 2
-226 -83 4 1
-219 -91 5 1
-217 -89 7 0
-216 -90 7 0
-217 -89 8 0
-216 -90 8 0
-217 -89 6 0
-216 -90 5 1
-201 -57 14 0
-219 -87 9 0
-202 -56 15 0
-219 -87 11 0
-201 -58 15 0
-229 -77 6 1
-229 -77 7 0
-202 -58 14 0
-231 -80 6 1
-203 -57 13 0
-201 -59 13 0
-224 -89 8 0
-221 -90 6 1
-202 -58 13 0
-221 -90 8 0
-221 -90 5 2
-201 -58 12 1
-203 -58 10 1
-203 -58 11 1
-203 -58 12 1
-221 -85 4 1
-247 -61 0 1
-211 -88 6 1
-211 -89 4 2
-212 -90 3 1
-211 -88 4 2
-210 -90 3 1
-210 -90 4 2
-210 -90 5 2
-239 -54 4 0
-239 -54 3 0
-236 -57 2 1
-210 -89 4 2
-210 -89 5 1
-210 -88 3 1
-210 -88 4 2
-210 -88 5 1
-210 -87 5 1
-223 -52 1 1
-250 -91 6 0
-223 -85 6 0
-223 -84 7 0
-223 -84 6 0
-224 -83 7 0
-224 -83 8 0
-224 -83 5 0
-224 -83 4 1
-224 -83 6 0
-209 -83 -1 1
-209 -83 0 2
-221 -83 4 1
-230 -74 5 1
-225 -81 5 1
-239 -90 3 2
-238 -90 2 2
-238 -90 3 2
-243 -92 2 1
-227 -89 6 1
-227 -90 6 1
-223 -92 5 0
-202 -74 0 1
-202 -74 -1 2
-202 -74 -2 1
-201 -74 -1 2
-224 -92 5 0
-223 -92 6 0
-223 -91 7 0
-222 -93 5 1
-222 -93 4 1
-222 -93 3 2
-222 -92 5 1
-222 -92 6 0
-224 -91 6 0
-219 -92 5 1
-219 -92 4 1
-219 -92 3 1
-219 -93 5 1
-219 -93 4 1
-219 -93 3 1
-250 -51 3 0
-249 -51 2 1
-249 -51 1 1
-249 -51 0 1
-250 -51 2 1
-250 -51 1 1
-250 -51 0 1
-202 -63 5 0
-202 -62 6 0
-201 -61 6 0
-209 -63 8 1
-209 -63 7 1
-210 -63 8 1
-210 -63 7 1
-211 -63 8 1
-211 -63 7 1
-211 -64 7 1
-214 -64 0 1
-216 -64 0 1
-216 -63 0 1
-218 -63 0 1
-217 -59 6 0
-214 -56 7 1
-214 -56 6 1
-214 -57 7 1
-215 -56 7 1
-225 -92 -1 1
-224 -93 -1 1
-236 -58 2 1
-240 -69 4 2
-239 -68 5 1
-238 -68 5 1
-239 -68 6 1
-239 -68 4 1
-224 -59 2 1
-224 -58 2 1
-223 -59 2 1
-223 -58 2 1
-225 -56 0 1
-225 -56 1 1
-225 -56 2 1
-225 -58 3 1
-224 -63 3 2
-225 -64 2 1
-225 -64 3 1
-225 -64 4 1
-225 -63 4 1
-225 -62 4 2
-224 -64 2 2
-224 -64 3 2
-224 -64 4 1
-224 -63 4 1
-224 -62 3 2
-224 -62 4 1
-223 -64 2 1
-223 -64 3 1
-223 -64 4 2
-220 -63 -1 1
-230 -64 2 1
-229 -63 0 2
-229 -63 1 1
-218 -86 1 1
-218 -86 0 1
-218 -87 1 1
-218 -87 0 1
-218 -84 2 0
-218 -63 -1 1
-242 -69 1 1
-222 -73 10 0
-222 -75 6 2
-222 -75 7 1
-222 -75 8 1
-221 -75 6 1
-226 -59 2 2
-226 -59 3 1
-226 -58 1 1
-214 -85 3 0
-214 -84 4 0
-226 -58 2 1
-226 -87 1 1
-226 -58 3 1
-226 -59 -1 1
-226 -59 0 2
-226 -58 -1 1
-226 -84 2 1
-225 -81 2 2
-226 -58 0 1
-231 -59 4 1
-231 -58 4 1
-230 -60 4 1
-230 -59 4 1
-230 -58 4 1
-230 -62 4 1
-230 -61 4 1
-231 -64 4 1
-231 -63 4 1
-230 -64 3 1
-230 -64 4 1
-230 -63 4 1
-226 -63 0 2
-226 -63 1 1
-225 -87 2 2
-226 -84 4 1
-219 -64 -1 1
-228 -83 5 0
-229 -84 5 0
-227 -84 5 1
-228 -82 0 1
-228 -82 -1 1
-228 -83 1 2
-228 -83 0 2
-228 -83 -1 1
-226 -84 1 1
-226 -84 0 2
-226 -84 -1 1
-226 -85 1 1
-226 -85 0 2
-226 -85 -1 1
-226 -86 1 2
-226 -86 0 2
-226 -86 -1 1
-227 -84 1 1
-227 -84 0 2
-226 -63 3 1
-227 -85 1 1
-225 -54 10 0
-227 -64 -1 1
-240 -51 3 1
-239 -52 1 2
-239 -52 2 2
-239 -52 3 2
-238 -52 1 2
-238 -52 3 2
-237 -52 1 2
-224 -87 6 1
-222 -81 6 0
-227 -86 9 0
-224 -87 9 0
-221 -86 9 0
-220 -84 9 0
-228 -84 7 0
-227 -84 9 0
-225 -86 8 0
-226 -87 9 0
-224 -88 7 1
-224 -86 8 0
-224 -87 8 0
-224 -88 9 0
-224 -88 6 1
-218 -92 7 0
-218 -90 8 0
-207 -84 5 1
-218 -90 6 1
-218 -91 5 1
-216 -89 7 0
-215 -90 7 0
-216 -89 8 0
-215 -90 8 0
-211 -87 3 2
-211 -87 4 2
-214 -90 5 2
-214 -90 4 2
-214 -90 3 1
-215 -90 4 2
-215 -90 3 1
-242 -65 9 1
-241 -64 8 2
-208 -88 6 1
-207 -87 5 1
-207 -88 6 0
-206 -82 6 1
-209 -89 6 1
-239 -66 8 1
-223 -52 5 1
-223 -53 6 1
-223 -53 5 1
-223 -54 6 1
-223 -54 5 1
-224 -52 6 1
-224 -52 5 2
-224 -53 6 1
-225 -59 8 0
-226 -98 3 1
-228 -55 8 1
-228 -56 8 0
-213 -87 -1 1
-213 -87 0 1
-213 -87 1 2
-213 -82 -1 1
-223 -78 5 1
-222 -78 5 1
-222 -77 5 1
-220 -79 4 1
-207 -92 7 0
-208 -91 7 0
-242 -52 0 1
-226 -71 2 2
-219 -64 3 2
-227 -66 4 1
-227 -66 5 1
-227 -65 3 1
-227 -65 4 1
-227 -65 5 1
-230 -71 6 0
-230 -71 4 1
-231 -70 4 2
-231 -70 6 1
-223 -82 0 2
-231 -69 4 2
-215 -80 4 1
-215 -80 2 1
-216 -80 4 1
-224 -65 10 0
-225 -64 9 0
-223 -66 8 0
-224 -65 8 0
-230 -51 11 0
-227 -53 7 2
-221 -83 1 1
-236 -85 10 0
-237 -85 10 0
-225 -97 5 1
-233 -95 2 1
-233 -95 3 1
-233 -95 4 1
-233 -94 4 1
-230 -98 5 0
-236 -84 7 0
-234 -85 7 1
-234 -86 7 1
-234 -87 7 1
-234 -84 7 0
-238 -84 8 0
-235 -85 8 1
-237 -85 8 1
-234 -83 8 0
-239 -61 6 1
-226 -87 2 1
-227 -85 3 1
-227 -85 2 1
-230 -84 0 2
-230 -84 -1 1
-231 -86 -1 1
-209 -84 2 2
-209 -84 1 2
-209 -85 2 2
-209 -85 1 1
-222 -65 10 0
-223 -65 7 0
-225 -81 1 1
-225 -82 2 2
-222 -65 7 0
-230 -81 3 1
-231 -87 1 1
-250 -73 3 0
-230 -75 4 1
-206 -88 3 1
-250 -72 3 0
-206 -89 4 1
-206 -89 3 1
-250 -74 2 0
-203 -84 4 1
-203 -84 6 0
-219 -81 -1 1
-219 -81 0 1
-217 -86 -1 1
-227 -73 3 2
-227 -73 4 1
-227 -73 5 1
-230 -73 5 1
-230 -75 5 1
-230 -73 3 2
-231 -72 1 2
-232 -73 0 1
-232 -73 1 1
-220 -67 4 1
-220 -67 5 2
-220 -67 6 1
-239 -91 4 1
-239 -91 3 2
-239 -91 2 2
-239 -92 4 1
-239 -92 2 2
-239 -93 3 1
-239 -93 2 1
-240 -93 2 1
-239 -92 3 2
-239 -93 4 1
-241 -90 5 1
-242 -90 5 1
-243 -90 5 1
-239 -92 5 1
-240 -91 5 0
-242 -91 6 0
-240 -92 6 0
-240 -92 5 0
-208 -94 7 1
-246 -87 2 2
-246 -87 3 2
-246 -87 4 2
-246 -86 2 2
-246 -86 3 1
-246 -86 4 2
-246 -85 2 1
-246 -85 3 1
-249 -67 1 1
-247 -84 3 0
-201 -62 3 0
-238 -54 4 1
-237 -78 7 0
-237 -78 6 0
-238 -77 7 0
-238 -77 6 0
-238 -78 7 0
-238 -78 6 0
-202 -95 5 0
-202 -94 2 1
-203 -94 3 1
-203 -94 2 1
-204 -94 4 1
-204 -94 3 1
-204 -94 2 1
-221 -91 3 2
-202 -89 7 0
-221 -92 4 2
-221 -92 3 2
-221 -92 2 1
-222 -91 2 2
-222 -92 4 1
-222 -92 3 2
-222 -92 2 1
-223 -91 3 1
-223 -91 2 1
-223 -92 4 1
-223 -92 3 1
-231 -94 1 1
-223 -92 2 1
-222 -91 3 2
-225 -91 5 1
-225 -91 4 1
-225 -91 3 1
-226 -91 5 1
-226 -91 4 2
-226 -91 3 2
-227 -91 5 2
-227 -91 4 2
-227 -91 3 2
-221 -91 6 1
-221 -91 4 2
-222 -91 6 1
-222 -91 5 1
-222 -91 4 1
-223 -91 6 1
-223 -91 5 1
-228 -98 1 1
-223 -91 4 1
-224 -90 6 1
-225 -90 6 1
-226 -90 6 1
-225 -56 7 1
-232 -99 5 0
-229 -98 5 0
-231 -96 5 1
-231 -97 5 1
-232 -96 5 1
-232 -97 5 1
-232 -98 5 1
-233 -96 5 1
-233 -98 5 1
-236 -81 2 2
-226 -99 6 1
-226 -100 6 1
-233 -81 3 2
-233 -82 2 2
-228 -99 6 1
-228 -100 6 1
-229 -99 5 0
-231 -98 5 1
-233 -94 1 1
-233 -95 1 1
-233 -99 4 1
-234 -99 4 1
-211 -85 2 1
-210 -84 1 1
-223 -88 4 1
-223 -88 5 1
-223 -87 3 2
-222 -88 3 2
-221 -67 3 1
-201 -86 3 0
-246 -62 3 0
-214 -84 7 0
-214 -84 6 0
-213 -85 5 0
-213 -85 7 0
-213 -85 6 0
-216 -85 4 0
-216 -85 8 0
-215 -87 5 1
-215 -87 7 0
-215 -87 6 1
-215 -86 6 0
-216 -87 7 0
-215 -81 6 1
-215 -81 5 1
-241 -63 4 0
-241 -63 5 1
-244 -64 5 0
-243 -64 4 0
-243 -65 4 0
-215 -81 4 1
-218 -62 -1 1
-243 -64 5 0
-222 -85 2 1
-222 -85 3 1
-243 -99 4 0
-201 -85 6 0
-201 -85 5 0
-203 -85 3 2
-203 -86 4 2
-219 -63 1 1
-219 -65 4 2
-203 -87 3 1
-206 -94 6 0
-206 -94 8 0
-206 -94 5 1
-207 -94 5 1
-204 -95 6 0
-204 -96 6 0
-218 -88 4 1
-226 -51 6 2
-226 -52 6 1
-226 -51 5 2
-226 -51 4 2
-244 -88 0 1
-243 -89 0 1
-229 -74 3 2
-229 -75 5 2
-229 -75 4 2
-229 -75 3 2
-203 -61 2 1
-224 -78 -1 1
-223 -78 -1 1
-223 -78 0 1
-225 -82 0 1
-225 -82 -1 1
-224 -83 0 1
-224 -83 -1 1
-224 -84 1 1
-224 -84 0 2
-224 -84 -1 1
-224 -85 1 1
-224 -85 0 1
-224 -85 -1 1
-226 -87 -1 1
-227 -87 -1 1
-228 -87 -1 1
-224 -84 2 1
-225 -84 3 1
-225 -83 4 1
-226 -83 5 0
-226 -84 5 1
-227 -62 3 1
-229 -100 -1 1
-229 -100 0 2
-227 -62 4 1
-227 -61 2 2
-227 -61 4 1
-227 -60 2 2
-227 -60 3 1
-226 -62 2 2
-233 -98 -1 1
-226 -62 3 1
-233 -98 0 1
-202 -88 3 1
-201 -91 4 0
-202 -92 4 1
-201 -94 4 0
-202 -94 4 1
-217 -56 1 2
-217 -56 0 2
-217 -56 -1 1
-218 -56 1 2
-218 -56 0 2
-218 -56 -1 1
-216 -57 1 1
-216 -57 0 2
-216 -57 -1 1
-217 -56 3 1
-219 -56 5 0
-202 -92 3 1
-202 -91 2 1
-202 -91 3 1
-202 -91 4 1
-236 -76 5 1
-236 -76 4 1
-225 -80 7 0
-225 -82 6 0
-235 -76 8 0
-225 -82 7 0
-236 -75 8 0
-236 -76 9 0
-236 -76 8 0
-237 -76 7 0
-237 -76 6 0
-238 -75 7 0
-238 -75 6 0
-238 -76 7 0
-238 -76 6 0
-225 -79 5 2
-225 -79 4 2
-225 -80 5 2
-225 -80 4 2
-226 -79 5 2
-228 -84 3 1
-227 -84 4 1
-240 -68 3 1
-228 -86 4 1
-227 -86 3 2
-228 -87 4 1
-228 -85 4 1
-213 -61 -1 1
-232 -72 0 1
-238 -63 6 1
-238 -63 7 1
-233 -76 8 0
-239 -56 2 1
-238 -56 0 1
-238 -56 1 2
-238 -56 2 1
-227 -74 8 0
-226 -73 8 0
-226 -72 8 0
-228 -71 7 0
-227 -71 10 0
-225 -71 9 0
-227 -71 8 0
-226 -69 10 0
-224 -68 7 0
-224 -68 10 0
-220 -66 8 1
-220 -66 7 1
-222 -66 6 1
-202 -87 5 1
-209 -90 4 2
-242 -86 3 0
-245 -89 2 1
-210 -86 7 0
-245 -89 4 1
-213 -88 8 0
-215 -86 7 0
-239 -81 1 2
-239 -81 2 1
-238 -81 0 1
-238 -81 1 2
-238 -81 2 1
-250 -77 -1 1
-250 -77 0 2
-250 -77 1 1
-249 -77 -1 1
-249 -77 0 1
-249 -77 1 1
-236 -83 5 0
-231 -80 3 1
-236 -84 4 0
-231 -79 3 1
-225 -99 5 1
-226 -98 6 1
-236 -81 3 1
-236 -80 1 2
-236 -80 2 2
-236 -80 3 1
-233 -81 4 2
-233 -81 5 1
-235 -82 3 2
-235 -81 1 2
-235 -81 3 2
-235 -80 1 2
-235 -80 2 2
-247 -98 2 2
-247 -98 7 0
-245 -99 4 1
-246 -99 4 1
-243 -74 1 1
-240 -72 4 2
-240 -72 3 1
-240 -72 2 1
-240 -73 4 1
-241 -72 4 1
-241 -72 3 2
-241 -72 2 2
-241 -73 4 1
-242 -72 4 1
-242 -72 3 1
-242 -72 2 1
-242 -73 4 1
-242 -73 3 1
-241 -73 3 2
-237 -75 3 0
-239 -73 3 1
-239 -73 4 1
-233 -100 2 1
-234 -100 3 1
-234 -100 2 2
-234 -100 1 1
-234 -96 1 1
-234 -97 1 1
-234 -98 1 1
-238 -75 5 0
-230 -63 1 2
-230 -63 2 1
-210 -83 6 1
-205 -83 5 2
-238 -69 7 0
-237 -67 8 1
-205 -83 4 1
-237 -66 8 1
-237 -65 8 1
-241 -69 6 0
-242 -69 7 0
-210 -62 0 1
-210 -61 0 2
-207 -64 1 2
-207 -64 2 2
-207 -64 3 2
-226 -78 -1 1
-226 -77 -1 1
-226 -76 -1 1
-228 -79 0 1
-228 -78 0 1
-222 -75 2 1
-221 -75 3 2
-221 -74 3 1
-206 -81 0 1
-207 -81 2 1
-207 -81 1 1
-207 -81 0 1
-203 -83 3 2
-203 -83 2 1
-203 -84 3 2
-203 -84 2 2
-221 -74 4 1
-220 -75 3 2
-220 -74 3 2
-220 -74 4 2
-220 -74 5 1
-227 -60 1 1
-227 -60 0 1
-226 -60 4 1
-226 -60 3 1
-226 -60 2 2
-231 -64 1 1
-231 -64 2 1
-231 -63 0 1
-231 -63 1 2
-224 -76 4 1
-221 -77 10 0
-236 -85 3 1
-236 -86 5 1
-226 -82 0 1
-226 -82 -1 1
-225 -83 0 2
-225 -83 -1 1
-226 -83 0 2
-226 -83 -1 1
-225 -87 1 1
-225 -87 0 1
-225 -84 2 1
-224 -81 2 2
-224 -81 1 1
-224 -82 2 1
-224 -82 1 1
-224 -83 2 1
-236 -86 3 2
-224 -83 1 1
-225 -84 4 1
-226 -84 3 1
-227 -83 5 0
-236 -87 5 1
-236 -87 4 1
-236 -87 3 1
-236 -86 4 2
-237 -83 4 0
-238 -82 5 0
-224 -71 4 0
-224 -71 3 1
-226 -67 0 1
-237 -63 0 1
-237 -63 1 2
-238 -83 2 1
-206 -62 1 1
-202 -62 2 1
-241 -84 1 2
-241 -84 0 1
-242 -83 2 1
-206 -65 0 1
-207 -65 0 1
-208 -65 0 1
-207 -58 7 1
-207 -59 7 1
-207 -60 7 1
-208 -58 7 1
-208 -59 7 1
-206 -64 7 1
-206 -65 7 1
-237 -73 8 0
-236 -74 7 0
-224 -54 8 1
-226 -54 10 0
-228 -75 0 1
-227 -75 0 1
-227 -79 2 2
-228 -79 1 1
-228 -79 2 1
-228 -78 1 1
-228 -78 2 1
-228 -78 3 1
-227 -79 1 1
-223 -79 1 1
-223 -78 1 1
-227 -80 0 1
-227 -79 0 1
-225 -78 -1 1
-201 -52 8 1
-201 -51 8 1
-204 -52 10 2
-204 -53 10 2
-204 -53 9 2
-205 -51 10 1
-205 -52 10 1
-205 -53 10 1
-205 -53 9 1
-204 -51 10 2
-201 -51 11 1
-201 -51 10 1
-201 -51 9 1
-201 -52 11 1
-201 -52 10 1
-201 -52 9 1
-201 -53 11 1
-201 -53 10 1
-201 -53 9 1
-202 -51 11 1
-202 -51 10 2
-202 -51 9 2
-202 -52 11 2
-202 -52 9 1
-202 -53 11 1
-202 -53 10 2
-202 -53 9 1
-203 -51 11 1
-203 -51 10 1
-203 -52 11 1
-203 -52 10 2
-203 -53 11 1
-203 -53 10 2
-203 -53 9 1
-202 -52 10 2
-202 -53 5 0
-201 -53 6 0
-250 -78 1 1
-249 -78 -1 1
-249 -78 0 1
-249 -78 1 1
-227 -88 3 1
-227 -88 4 1
-223 -88 1 1
-223 -88 2 2
-222 -88 1 1
-222 -88 2 1
-226 -89 0 1
-225 -91 -1 1
-250 -77 4 0
-250 -78 3 0
-250 -79 2 0
-250 -79 -1 1
-250 -79 0 2
-250 -79 1 1
-249 -79 -1 1
-227 -73 8 0
-224 -70 7 0
-217 -57 2 1
-217 -57 1 2
-217 -57 0 2
-240 -62 1 2
-240 -62 2 1
-239 -62 0 1
-239 -62 1 2
-248 -52 1 1
-248 -51 -1 1
-248 -51 0 1
-247 -53 2 0
-210 -59 -1 1
-211 -59 -1 1
-211 -60 -1 1
-211 -61 -1 1
-246 -54 4 0
-247 -55 3 0
-247 -55 5 0
-247 -55 4 0
-216 -85 3 0
-215 -84 3 0
-217 -86 3 0
-217 -84 4 0
-217 -83 0 1
-217 -83 -1 1
-216 -84 1 1
-216 -84 0 2
-216 -84 -1 1
-216 -85 1 1
-216 -85 0 2
-220 -69 6 1
-202 -76 2 1
-202 -76 1 1
-223 -65 10 0
-224 -65 9 0
-225 -65 9 0
-222 -65 8 0
-223 -65 8 0
-225 -65 8 0
-225 -64 7 1
-238 -74 7 0
-242 -78 1 1
-242 -79 1 1
-238 -75 3 0
-212 -89 2 1
-211 -89 2 1
-213 -58 6 1
-213 -59 7 1
-231 -98 3 1
-226 -99 4 1
-226 -88 6 1
-225 -88 5 2
-225 -88 6 1
-227 -66 9 0
-228 -67 7 1
-228 -68 5 1
-226 -66 0 1
-223 -72 3 1
-228 -76 3 1
-228 -77 3 1
-229 -76 5 2
-229 -77 5 1
-237 -80 6 0
-236 -79 6 0
-224 -75 3 1
-224 -75 2 1
-224 -76 3 1
-224 -76 2 2
-224 -77 3 1
-224 -77 2 1
-225 -77 3 2
-225 -77 2 2
-226 -77 3 1
-226 -77 2 1
-227 -51 8 1
-231 -70 2 1
-231 -69 2 1
-230 -71 3 2
-230 -70 2 1
-230 -69 2 1
-229 -71 2 2
-229 -71 3 1
-231 -93 0 1
-231 -92 0 1
-231 -91 0 1
-238 -73 5 1
-238 -72 3 2
-237 -73 3 1
-230 -95 1 1
-229 -97 -1 1
-229 -97 0 2
-229 -97 1 1
-249 -74 1 1
-249 -74 0 1
-244 -89 3 1
-244 -89 4 1
-244 -89 5 1
-243 -89 3 1
-243 -89 4 1
-243 -89 5 1
-242 -89 3 2
-242 -89 4 2
-242 -89 5 1
-242 -88 3 2
-242 -88 4 2
-242 -88 5 1
-242 -87 3 1
-242 -87 4 1
-242 -87 5 1
-243 -88 2 2
-244 -87 0 1
-244 -86 0 1
-244 -85 0 1
-243 -87 0 1
-243 -86 0 1
-243 -85 0 1
-242 -87 0 1
-242 -87 1 1
-250 -72 1 1
-249 -73 -1 1
-249 -73 0 1
-249 -73 1 1
-242 -81 2 1
-241 -82 2 2
-241 -81 2 2
-239 -85 3 1
-238 -85 3 1
-236 -83 7 0
-234 -82 6 0
-240 -83 1 2
-240 -83 2 1
-239 -84 0 1
-239 -84 1 2
-239 -83 0 1
-239 -83 1 2
-239 -83 2 1
-230 -69 3 1
-230 -69 4 2
-246 -56 5 0
-246 -57 4 0
-224 -59 0 1
-224 -59 1 2
-201 -59 4 0
-224 -51 5 2
-202 -58 4 0
-224 -89 -1 1
-225 -88 0 1
-207 -84 4 2
-221 -66 4 1
-222 -66 4 1
-202 -61 4 1
-203 -62 -1 1
-203 -62 0 2
-203 -62 1 1
-203 -61 -1 1
-242 -63 6 0
-239 -61 0 1
-242 -63 2 1
-203 -60 0 2
-238 -61 0 1
-238 -61 1 2
-238 -61 2 1
-237 -60 0 1
-249 -94 5 0
-249 -94 6 0
-231 -87 3 1
-231 -86 1 2
-231 -86 2 2
-231 -86 3 1
-231 -85 1 1
-231 -85 2 1
-250 -52 -1 1
-250 -52 0 2
-250 -52 1 1
-250 -51 -1 1
-232 -85 0 1
-232 -84 0 1
-232 -84 1 2
-232 -84 2 1
-231 -86 0 1
-231 -85 0 2
-231 -84 0 1
-231 -84 1 2
-231 -84 2 1
-234 -85 0 1
-249 -94 4 0
-236 -60 1 2
-236 -60 2 2
-217 -86 5 0
-218 -85 8 0
-218 -85 4 1
-232 -53 7 1
-232 -54 7 1
-231 -53 10 1
-231 -54 10 1
-231 -54 8 2
-240 -58 3 0
-240 -59 3 0
-238 -56 4 2
-237 -56 4 1
-232 -52 10 1
-232 -53 10 1
-232 -53 8 2
-232 -54 10 1
-232 -54 9 1
-232 -54 8 1
-250 -52 3 0
-207 -86 3 1
-212 -61 7 1
-212 -60 7 1
-215 -60 6 1
-250 -52 2 0
-215 -60 7 1
-207 -61 5 1
-216 -59 1 1
-216 -59 0 2
-216 -59 -1 1
-249 -51 -1 1
-240 -57 1 2
-246 -61 5 0
-247 -63 1 1
-219 -71 7 1
-219 -71 6 1
-219 -72 8 1
-219 -72 7 1
-219 -72 6 1
-221 -71 10 0
-222 -71 9 0
-205 -88 3 1
-207 -60 1 1
-234 -71 6 0
-236 -71 7 0
-235 -72 4 0
-235 -72 6 0
-247 -58 5 0
-246 -59 4 0
-223 -59 10 0
-224 -59 10 0
-225 -59 9 0
-223 -59 8 0
-213 -93 5 1
-213 -93 6 1
-213 -93 7 1
-213 -92 5 2
-213 -92 6 2
-213 -92 7 1
-213 -91 5 2
-212 -90 7 0
-229 -71 5 1
-229 -71 4 1
-240 -64 7 1
-239 -66 5 1
-239 -66 6 2
-239 -66 7 2
-239 -65 7 1
-239 -64 5 1
-239 -64 6 2
-239 -64 7 1
-238 -66 5 1
-238 -66 6 2
-238 -66 7 2
-238 -65 5 2
-249 -53 1 1
-249 -53 0 1
-249 -53 -1 1
-233 -87 0 1
-250 -53 2 0
-234 -87 0 1
-230 -85 3 1
-201 -87 2 1
-230 -85 1 1
-202 -82 4 1
-202 -82 3 1
-202 -82 2 1
-202 -83 4 1
-203 -82 4 1
-203 -82 3 1
-203 -83 4 1
-204 -82 3 1
-201 -85 2 1
-201 -85 3 0
-229 -82 3 2
-229 -82 2 2
-229 -83 4 1
-229 -83 3 1
-227 -59 9 0
-229 -83 2 1
-231 -84 3 0
-232 -86 4 0
-231 -84 4 0
-231 -83 5 0
-232 -85 5 0
-232 -84 5 0
-227 -61 10 0
-227 -61 7 1
-226 -59 8 0
-225 -60 8 0
-224 -60 8 0
-226 -59 9 0
-224 -60 10 0
-225 -60 7 0
-249 -64 5 0
-225 -82 4 1
-225 -82 5 1
-246 -97 3 1
-246 -97 2 1
-246 -99 3 2
-221 -75 0 2
-220 -77 -1 1
-220 -77 0 1
-220 -76 -1 1
-220 -76 0 2
-220 -75 -1 1
-220 -75 0 2
-211 -51 1 1
-211 -51 2 1
-211 -51 3 1
-210 -51 1 1
-210 -51 2 1
-210 -51 3 1
-229 -74 5 2
-236 -94 9 0
-209 -51 1 1
-209 -51 2 1
-209 -51 3 1
-233 -75 1 1
-230 -77 4 1
-230 -77 3 1
-231 -77 2 1
-230 -77 2 1
-229 -77 2 1
-223 -69 -1 1
-223 -70 -1 1
-223 -71 -1 1
-222 -71 2 1
-222 -71 1 1
-222 -71 0 1
-222 -72 2 1
-222 -72 1 2
-222 -72 0 2
-222 -73 2 1
-236 -80 7 0
-237 -80 7 0
-235 -81 8 0
-238 -81 8 0
-236 -83 8 0
-202 -85 -2 1
-202 -80 0 1
-202 -80 -1 1
-202 -80 -2 1
-203 -80 0 1
-210 -86 8 0
-203 -80 -1 1
-203 -80 -2 1
-202 -84 3 1
-202 -84 2 1
-202 -84 1 1
-202 -85 2 1
-202 -85 1 1
-206 -81 1 1
-229 -72 7 0
-230 -73 7 0
-228 -73 6 1
-227 -72 5 0
-229 -71 7 0
-229 -71 6 0
-229 -80 2 1
-232 -86 0 1
-229 -52 7 1
-237 -80 4 0
-238 -79 3 1
-237 -79 4 0
-208 -64 5 1
-208 -63 5 2
-208 -62 4 1
-208 -62 5 1
-207 -64 4 2
-246 -52 0 1
-246 -52 1 1
-246 -51 -1 1
-246 -51 0 1
-246 -51 1 1
-236 -89 11 0
-236 -62 4 1
-236 -55 4 1
-237 -57 6 1
-237 -57 5 1
-219 -63 2 1
-219 -64 4 2
-217 -58 5 0
-219 -64 2 1
-218 -63 3 2
-217 -60 2 0
-217 -60 4 0
-217 -60 3 0
-217 -59 2 1
-250 -91 5 0
-223 -56 2 1
-247 -97 2 1
-249 -62 4 0
-235 -54 3 1
-235 -54 2 1
-235 -54 1 1
-235 -55 3 1
-235 -55 2 2
-207 -65 5 1
-203 -61 1 1
-203 -60 -1 1
-203 -60 1 1
-230 -100 2 0
-229 -99 1 1
-229 -99 0 1
-216 -51 -1 1
-217 -51 -1 1
-215 -53 0 1
-215 -54 0 1
-215 -52 7 1
-215 -52 6 1
-215 -53 7 1
-215 -53 6 1
-216 -52 7 1
-216 -52 6 1
-216 -53 7 1
-217 -52 7 1
-217 -52 6 1
-217 -53 7 1
-217 -53 6 1
-220 -61 1 1
-222 -57 0 1
-205 -95 8 0
-205 -94 8 0
-205 -95 7 0
-205 -92 7 0
-205 -88 8 0
-233 -51 9 0
-234 -51 10 0
-233 -51 8 0
-234 -51 7 0
-232 -53 9 2
-228 -97 5 1
-234 -99 2 1
-239 -91 9 0
-237 -93 9 0
-235 -92 8 0
-239 -92 8 0
-237 -92 8 0
-236 -93 8 0
-239 -91 8 1
-238 -93 8 0
-239 -91 7 1
-236 -92 7 0
-238 -92 7 0
-238 -93 10 0
-238 -94 10 0
-235 -93 9 0
-224 -82 11 0
-221 -85 8 0
-225 -85 8 0
-226 -80 6 1
-221 -60 1 2
-221 -60 0 2
-221 -61 2 1
-221 -61 1 1
-221 -61 0 1
-218 -55 2 1
-208 -83 6 1
-218 -55 3 1
-227 -87 7 1
-218 -84 6 0
-216 -85 5 0
-216 -85 7 0
-216 -85 6 0
-214 -83 2 1
-214 -82 0 1
-214 -82 1 2
-236 -85 5 1
-236 -85 4 1
-241 -85 5 0
-206 -89 5 1
-240 -86 1 2
-240 -86 0 1
-230 -74 2 1
-230 -74 3 2
-250 -55 3 0
-210 -64 7 1
-230 -74 4 1
-247 -95 4 0
-247 -95 6 0
-247 -95 5 0
-217 -85 4 0
-217 -85 8 0
-217 -85 7 0
-216 -87 5 1
-216 -86 7 0
-216 -87 6 1
-216 -86 6 0
-217 -87 5 0
-217 -87 7 0
-217 -87 6 0
-227 -78 8 0
-226 -76 9 0
-226 -77 10 0
-227 -77 10 0
-226 -77 7 0
-227 -77 7 0
-227 -58 10 0
-212 -58 3 2
-212 -58 5 1
-239 -62 3 1
-239 -62 4 1
-211 -57 1 1
-227 -70 3 1
-221 -63 1 2
-226 -87 7 1
-221 -62 0 1
-221 -72 10 0
-219 -73 6 1
-219 -73 7 2
-219 -73 8 1
-226 -70 8 0
-226 -70 10 0
-226 -70 7 0
-228 -72 8 0
-231 -82 4 1
-244 -88 2 2
-243 -85 5 1
-243 -85 4 1
-243 -85 3 1
-227 -63 5 1
-247 -90 2 1
-248 -90 1 1
-249 -89 3 0
-250 -88 2 0
-247 -87 -1 1
-250 -87 2 0
-250 -88 3 0
-224 -63 9 0
-223 -63 10 0
-222 -63 10 0
-223 -63 7 0
-222 -63 7 0
-224 -61 8 0
-226 -60 10 0
-247 -88 0 1
-248 -88 0 1
-230 -63 8 0
-227 -63 9 0
-246 -89 1 1
-230 -63 7 1
-228 -65 8 0
-229 -66 8 0
-248 -89 1 1
-228 -65 10 0
-229 -66 10 0
-228 -65 7 1
-249 -88 4 0
-226 -67 8 0
-225 -63 9 0
-226 -64 9 0
-226 -65 9 0
-226 -66 10 0
-226 -67 10 0
-226 -66 7 1
-226 -67 7 0
-225 -64 8 0
-250 -87 4 0
-250 -86 5 0
-250 -87 3 0
-245 -86 5 1
-245 -86 4 2
-245 -86 3 1
-245 -87 5 1
-245 -87 4 2
-245 -87 3 2
-245 -88 5 1
-208 -58 1 2
-208 -58 2 1
-208 -60 0 1
-208 -59 0 1
-208 -58 0 1
-207 -61 2 1
-207 -61 3 1
-207 -62 2 2
-205 -87 4 1
-205 -87 3 1
-206 -86 7 0
-205 -87 6 0
-205 -88 5 1
-205 -87 5 1
-206 -87 6 0
-237 -68 6 1
-237 -67 4 1
-237 -67 5 1
-237 -67 6 2
-236 -69 4 2
-236 -69 5 2
-229 -72 4 1
-236 -68 4 2
-229 -72 5 0
-213 -90 7 0
-247 -86 -1 1
-248 -86 1 2
-248 -86 0 2
-248 -86 -1 1
-249 -86 -1 1
-246 -82 2 1
-208 -62 0 1
-208 -61 0 2
-207 -63 0 1
-207 -62 0 2
-207 -61 0 2
-206 -63 2 1
-237 -53 3 2
-238 -54 3 1
-247 -82 2 1
-238 -53 4 1
-207 -89 3 1
-241 -81 1 1
-240 -81 0 1
-240 -81 1 2
-242 -81 1 2
-224 -57 3 2
-224 -57 4 2
-210 -60 6 1
-210 -59 6 2
-236 -60 0 1
-237 -60 2 2
-237 -60 1 2
-225 -61 0 2
-225 -61 -1 1
-201 -81 3 0
-224 -57 2 2
-201 -79 3 1
-224 -55 4 1
-203 -79 2 2
-204 -80 1 1
-204 -80 2 1
-204 -80 3 1
-204 -79 1 1
-204 -79 2 1
-204 -79 3 1
-204 -78 1 1
-204 -78 2 1
-204 -78 3 1
-203 -80 1 1
-239 -55 4 1
-239 -55 3 1
-224 -71 1 2
-225 -87 6 2
-225 -87 5 1
-226 -85 7 1
-226 -85 5 1
-231 -73 4 1
-231 -73 5 1
-201 -60 2 0
-226 -82 6 0
-201 -60 3 0
-201 -63 2 0
-225 -80 6 1
-227 -83 7 0
-226 -67 2 1
-227 -67 2 1
-236 -81 1 2
-236 -82 2 2
-236 -82 1 2
-235 -81 2 2
-236 -84 3 0
-237 -81 4 0
-235 -83 4 1
-236 -82 4 1
-238 -80 5 0
-235 -82 5 1
-236 -81 5 0
-238 -81 6 0
-236 -83 6 0
-237 -81 6 0
-237 -82 6 0
-227 -84 6 0
-225 -83 7 0
-225 -83 6 0
-227 -82 8 0
-206 -81 2 1
-205 -81 0 1
-205 -81 1 1
-205 -81 2 1
-204 -88 -1 1
-204 -87 -1 1
-203 -86 -1 1
-203 -85 -1 1
-230 -100 1 1
-226 -62 4 1
-226 -61 2 2
-226 -61 3 1
-250 -65 2 0
-237 -77 3 0
-242 -79 2 1
-224 -56 8 0
-225 -56 8 0
-213 -83 5 1
-213 -82 3 2
-213 -82 4 2
-213 -82 5 1
-228 -63 6 2
-220 -84 1 1
-229 -64 5 1
-229 -64 6 2
-229 -63 5 1
-229 -63 6 1
-229 -62 5 1
-229 -62 6 1
-228 -64 5 1
-228 -64 6 1
-202 -64 3 0
-202 -65 3 0
-229 -52 12 0
-202 -64 2 0
-234 -98 3 2
-234 -97 2 1
-234 -97 3 1
-234 -97 4 1
-216 -83 2 1
-232 -81 4 1
-232 -81 5 1
-216 -83 3 1
-216 -82 1 2
-204 -72 1 1
-250 -69 4 0
-203 -75 -1 1
-203 -75 -2 1
-239 -79 1 1
-239 -79 0 1
-240 -80 1 1
-240 -80 0 1
-203 -76 -1 1
-203 -76 -2 1
-203 -77 -1 1
-222 -82 5 0
-224 -84 5 0
-223 -85 5 1
-222 -86 7 0
-222 -86 5 1
-225 -60 4 1
-224 -61 4 1
-214 -87 1 1
-214 -87 0 1
-208 -93 3 1
-220 -58 0 2
-208 -94 3 1
-223 -74 0 2
-224 -72 0 2
-224 -73 2 1
-224 -73 0 2
-224 -74 2 2
-224 -74 1 2
-224 -74 0 2
-225 -72 0 2
-225 -73 0 1
-225 -74 0 1
-224 -73 1 2
-224 -72 3 1
-224 -72 2 1
-224 -72 1 2
-226 -72 0 2
-226 -73 0 1
-226 -74 0 1
-227 -73 0 1
-227 -74 0 1
-225 -86 5 1
-202 -79 12 1
-201 -81 10 1
-201 -81 11 1
-201 -81 12 1
-201 -80 10 1
-201 -80 12 1
-201 -79 10 2
-201 -79 11 1
-201 -78 11 1
-202 -51 -1 1
-201 -51 0 1
-202 -51 0 1
-202 -52 0 1
-203 -52 2 1
-203 -52 1 1
-203 -52 0 1
-206 -51 -1 1
-206 -51 0 1
-221 -77 0 1
-207 -51 0 1
-208 -51 0 1
-208 -51 4 1
-235 -93 5 1
-235 -93 6 1
-238 -94 5 1
-238 -98 4 1
-238 -97 3 1
-237 -98 3 1
-237 -98 5 1
-237 -97 3 1
-210 -51 0 1
-211 -51 0 1
-210 -51 4 1
-211 -51 4 1
-212 -51 4 1
-238 -93 7 0
-237 -92 7 0
-236 -93 7 0
-240 -87 3 0
-221 -73 1 2
-221 -73 0 2
-221 -73 -1 1
-221 -74 0 2
-221 -74 -1 1
-236 -92 5 1
-225 -66 6 1
-210 -64 4 1
-213 -51 0 1
-212 -51 3 1
-212 -51 2 1
-212 -51 1 1
-214 -51 0 1
-213 -51 1 1
-214 -51 1 1
-213 -51 3 1
-213 -51 2 1
-215 -51 1 1
-215 -51 0 1
-215 -51 -1 1
-213 -51 6 1
-213 -51 5 1
-213 -51 4 1
-214 -51 3 1
-201 -80 13 0
-214 -51 2 1
-202 -79 13 0
-214 -52 4 1
-214 -52 3 1
-214 -52 2 1
-215 -51 2 1
-216 -51 3 1
-215 -51 3 2
-215 -51 7 1
-217 -51 4 0
-235 -81 7 0
-217 -51 5 1
-235 -82 7 0
-214 -54 7 1
-214 -54 6 1
-214 -55 7 1
-238 -80 7 0
-201 -65 4 0
-230 -57 7 1
-230 -57 8 1
-230 -57 9 1
-230 -56 10 0
-227 -51 2 1
-227 -52 2 1
-225 -51 10 0
-224 -52 9 0
-223 -51 8 1
-224 -51 8 1
-225 -51 9 0
-224 -53 9 0
-225 -53 9 0
-224 -54 9 0
-225 -54 9 0
-226 -53 5 1
-226 -54 5 1
-227 -53 5 1
-225 -55 9 0
-227 -88 0 1
-225 -58 9 0
-240 -99 5 0
-240 -99 6 0
-240 -100 5 0
-241 -99 5 0
-238 -100 4 0
-227 -59 4 1
-249 -100 5 0
-224 -61 9 0
-225 -60 10 0
-224 -62 9 0
-224 -62 7 1
-205 -52 5 1
-204 -53 3 1
-204 -53 4 1
-204 -53 5 2
-204 -52 3 1
-204 -52 4 1
-204 -52 5 2
-206 -52 1 1
-206 -52 2 1
-205 -52 1 1
-205 -52 2 1
-204 -52 1 1
-204 -52 2 1
-224 -64 9 0
-237 -85 3 1
-226 -70 9 0
-235 -75 7 0
-227 -71 9 0
-242 -61 1 1
-231 -92 1 1
-231 -93 3 1
-231 -93 2 1
-231 -93 1 1
-226 -96 2 1
-229 -95 2 1
-227 -95 2 1
-231 -94 -1 1
-231 -95 0 1
-231 -95 -1 1
-231 -96 1 1
-231 -96 0 2
-231 -96 -1 1
-226 -98 -1 1
-237 -70 4 1
-237 -70 5 1
-237 -70 6 1
-236 -70 4 1
-236 -70 5 1
-221 -82 8 1
-222 -81 8 0
-224 -82 9 0
-226 -81 10 0
-226 -81 9 0
-225 -80 9 0
-226 -81 8 0
-225 -80 8 0
-228 -79 10 0
-227 -79 9 0
-226 -79 9 0
-228 -79 8 0
-225 -78 7 0
-223 -78 7 1
-222 -77 9 0
-219 -80 8 1
-219 -80 7 1
-219 -80 6 1
-220 -79 10 0
-221 -79 9 0
-222 -79 9 0
-220 -87 5 2
-220 -87 4 1
-220 -88 6 2
-220 -88 5 2
-220 -88 4 1
-221 -86 5 2
-221 -86 4 2
-221 -87 6 1
-221 -87 4 1
-221 -88 6 1
-221 -88 5 2
-221 -88 4 1
-202 -78 1 1
-202 -79 3 1
-202 -79 2 1
-202 -79 1 1
-202 -80 3 1
-202 -80 2 1
-202 -80 1 1
-203 -78 3 2
-203 -78 2 2
-203 -78 1 1
-203 -79 3 1
-203 -79 1 1
-203 -80 3 2
-203 -80 2 1
-248 -81 -1 1
-248 -81 0 1
-248 -81 1 1
-231 -76 7 0
-250 -85 -1 1
-249 -85 -1 1
-230 -94 4 1
-230 -98 2 0
-231 -97 2 1
-227 -99 0 2
-228 -100 -1 1
-205 -64 3 0
-206 -63 5 1
-220 -51 4 0
-201 -86 6 0
-239 -68 1 2
-239 -68 2 1
-238 -69 0 1
-238 -68 0 1
-238 -68 1 2
-238 -68 2 1
-237 -69 0 1
-237 -68 0 1
-237 -68 1 1
-237 -68 2 2
-242 -70 0 1
-227 -76 5 2
-225 -76 5 1
-227 -74 6 1
-226 -76 6 1
-225 -91 0 2
-225 -90 -1 1
-225 -90 0 2
-225 -89 -1 1
-225 -89 0 1
-224 -89 0 2
-225 -88 -1 1
-248 -97 2 1
-247 -99 1 1
-228 -97 -1 1
-228 -97 0 2
-225 -58 8 0
-224 -65 7 1
-224 -66 10 0
-208 -85 2 1
-208 -84 2 1
-208 -83 1 2
-208 -83 2 1
-209 -85 0 2
-210 -86 -1 1
-210 -86 0 2
-210 -86 1 1
-209 -86 -1 1
-209 -86 0 2
-209 -85 -1 1
-208 -84 0 2
-212 -82 -1 1
-239 -62 7 1
-238 -62 5 2
-238 -62 6 1
-238 -62 7 1
-240 -61 6 2
-241 -62 6 1
-241 -62 7 1
-241 -61 5 1
-241 -61 6 1
-241 -61 7 1
-241 -60 5 1
-241 -60 6 1
-241 -60 7 1
-240 -61 5 1
-240 -61 7 1
-240 -60 5 1
-240 -60 6 1
-240 -60 7 1
-239 -61 5 1
-204 -88 7 0
-205 -90 8 0
-205 -89 8 0
-204 -89 8 0
-205 -90 6 2
-205 -89 6 1
-207 -88 7 0
-209 -91 8 0
-209 -93 8 0
-221 -54 5 0
-221 -53 6 0
-220 -52 6 0
-207 -94 8 0
-207 -95 8 0
-207 -94 6 1
-207 -95 6 1
-206 -92 7 0
-205 -93 7 0
-204 -94 7 0
-205 -92 8 0
-205 -93 8 0
-204 -94 8 0
-206 -92 6 0
-205 -92 6 0
-222 -53 5 0
-222 -52 6 0
-207 -91 9 0
-207 -91 10 0
-207 -91 11 0
-208 -92 3 1
-208 -91 3 1
-208 -90 3 1
-207 -92 3 1
-229 -85 2 1
-229 -85 1 1
-229 -86 3 1
-229 -86 2 2
-229 -86 1 1
-201 -88 1 1
-201 -88 0 1
-201 -88 -1 1
-202 -88 0 1
-202 -88 -1 1
-230 -83 1 1
-229 -84 2 1
-231 -80 2 1
-230 -84 3 0
-231 -86 4 0
-230 -84 4 0
-232 -85 4 0
-231 -85 5 0
-231 -84 5 0
-224 -55 6 1
-223 -56 6 1
-223 -55 6 1
-222 -56 6 1
-222 -55 6 1
-222 -54 6 1
-223 -55 0 1
-223 -55 1 1
-223 -54 0 1
-216 -88 0 1
-216 -88 1 1
-216 -87 -1 1
-233 -54 6 1
-234 -52 7 1
-235 -51 3 1
-235 -52 3 1
-218 -87 4 1
-218 -88 6 1
-220 -77 6 1
-220 -77 7 2
-226 -72 1 1
-230 -60 8 0
-235 -96 4 1
-237 -97 4 2
-239 -95 5 1
-239 -94 6 0
-238 -96 6 1
-238 -95 6 1
-235 -94 7 0
-239 -95 7 0
-238 -96 7 1
-213 -51 -1 1
-207 -51 1 1
-207 -51 2 1
-207 -51 3 1
-235 -93 4 1
-235 -94 5 1
-235 -94 4 1
-222 -69 8 1
-220 -54 0 1
-221 -68 8 1
-223 -68 9 0
-219 -54 0 2
-219 -54 1 1
-228 -60 0 2
-228 -60 1 1
-228 -60 2 1
-228 -59 0 2
-228 -59 1 2
-228 -59 2 1
-228 -58 0 1
-241 -73 2 2
-241 -73 1 2
-241 -73 0 1
-242 -73 2 1
-242 -73 1 2
-242 -73 0 1
-240 -73 1 2
-240 -73 0 1
-220 -92 5 1
-220 -92 3 1
-201 -62 6 0
-201 -63 5 0
-240 -90 6 0
-220 -93 4 1
-220 -93 3 1
-221 -92 5 1
-221 -93 5 1
-221 -93 4 1
-221 -93 3 1
-220 -92 4 2
-224 -60 4 1
-222 -62 2 1
-223 -61 3 1
-225 -59 2 2
-218 -89 3 1
-218 -90 3 1
-218 -91 4 1
-218 -91 3 1
-219 -89 3 2
-219 -90 3 1
-219 -91 4 1
-219 -91 3 1
-209 -82 1 2
-209 -82 2 1
-209 -82 0 1
-208 -83 0 2
-208 -82 0 1
-208 -82 1 1
-208 -82 2 1
-212 -89 0 1
-211 -89 0 1
-210 -89 0 1
-207 -86 -1 1
-220 -91 4 1
-207 -86 0 2
-207 -86 1 2
-207 -85 -1 1
-207 -85 0 2
-207 -85 1 2
-207 -84 -1 1
-207 -84 0 2
-207 -84 1 2
-209 -82 -1 1
-209 -87 -1 1
-219 -91 6 1
-218 -92 6 0
-218 -89 4 1
-218 -90 5 1
-227 -59 0 2
-228 -63 1 2
-218 -63 5 2
-217 -60 5 0
-217 -91 5 0
-217 -89 5 0
-216 -91 3 1
-216 -91 4 1
-216 -92 4 1
-202 -81 -1 1
-202 -81 0 1
-201 -83 -2 1
-201 -82 -2 1
-201 -82 0 1
-201 -81 -2 1
-201 -81 -1 2
-201 -81 0 1
-216 -93 4 1
-247 -62 5 0
-248 -61 4 0
-213 -93 4 1
-207 -95 5 1
-207 -95 4 1
-233 -71 5 1
-233 -71 6 0
-233 -71 4 1
-236 -74 5 1
-236 -74 4 1
-240 -96 -1 1
-240 -96 0 2
-240 -96 1 1
-239 -96 -1 1
-239 -96 0 2
-239 -96 1 1
-239 -85 4 1
-242 -82 3 2
-242 -82 4 1
-242 -82 5 1
-220 -82 4 1
-220 -81 4 2
-220 -81 5 1
-219 -82 4 2
-219 -82 5 1
-219 -81 4 1
-219 -81 5 2
-228 -80 5 1
-228 -79 4 1
-228 -79 5 2
-227 -80 4 1
-227 -80 5 2
-227 -79 4 1
-227 -79 5 2
-226 -78 6 1
-226 -77 6 1
-225 -78 6 1
-234 -98 2 1
-230 -77 6 1
-230 -77 7 0
-234 -98 4 1
-217 -82 8 1
-230 -80 8 0
-217 -81 8 1
-230 -79 8 0
-234 -96 3 1
-229 -79 8 0
-233 -98 2 1
-230 -80 4 1
-230 -80 5 1
-230 -79 4 1
-230 -79 5 1
-229 -80 4 1
-229 -79 4 1
-229 -79 5 1
-235 -77 8 0
-232 -98 4 1
-232 -81 6 1
-241 -84 3 1
-240 -93 3 1
-236 -77 5 0
-231 -75 6 1
-235 -78 5 1
-240 -90 4 1
-232 -77 8 0
-212 -83 -1 1
-212 -81 0 1
-212 -82 0 2
-212 -83 0 2
-210 -81 3 1
-210 -81 2 1
-210 -81 1 1
-210 -82 3 1
-210 -82 2 1
-210 -82 1 2
-226 -60 6 1
-226 -60 7 1
-226 -59 5 2
-226 -59 6 1
-226 -59 7 1
-242 -57 2 1
-240 -59 0 1
-240 -59 1 2
-222 -69 10 0
-221 -69 10 0
-219 -70 6 1
-219 -70 7 1
-219 -70 8 1
-222 -67 8 1
-222 -67 10 0
-222 -67 7 1
-224 -66 7 1
-227 -67 8 0
-227 -67 10 0
-227 -67 7 0
-227 -69 8 0
-227 -69 10 0
-227 -69 7 0
-226 -71 8 0
-227 -72 8 0
-226 -71 9 0
-226 -71 10 0
-227 -72 10 0
-226 -60 8 0
-223 -60 8 0
-225 -60 9 0
-223 -60 10 0
-223 -60 7 0
-224 -58 8 0
-224 -58 10 0
-231 -60 8 0
-229 -60 10 0
-228 -62 8 0
-217 -87 8 0
-218 -84 8 0
-223 -90 7 0
-223 -89 8 0
-223 -89 6 1
-221 -90 7 0
-221 -91 7 0
-218 -91 8 0
-221 -91 5 1
-218 -90 7 0
-218 -84 4 0
-216 -84 3 0
-217 -85 3 0
-235 -95 4 1
-236 -93 5 1
-236 -94 6 1
-237 -94 5 2
-236 -94 5 2
-238 -95 5 1
-239 -93 6 0
-240 -98 -1 1
-240 -98 0 2
-240 -98 1 1
-239 -100 -1 1
-223 -69 3 0
-248 -99 1 1
-248 -99 2 1
-224 -67 4 0
-249 -63 3 0
-221 -54 -1 1
-221 -54 0 2
-221 -54 1 2
-220 -54 -1 1
-206 -94 4 1
-206 -94 3 1
-227 -62 2 2
-231 -98 1 1
-216 -53 6 2
-217 -54 6 1
-217 -54 7 1
-209 -89 -1 1
-209 -88 -1 1
-208 -82 -1 1
-240 -80 4 2
-240 -80 5 1
-239 -80 3 1
-239 -80 4 1
-239 -80 5 1
-239 -79 2 1
-239 -78 2 1
-239 -77 2 1
-242 -77 1 1
-242 -76 1 2
-242 -75 1 2
-241 -77 1 2
-241 -76 1 2
-241 -75 1 2
-240 -77 1 2
-240 -76 1 2
-240 -75 1 2
-239 -75 2 1
-241 -78 0 1
-241 -78 1 2
-241 -77 0 1
-241 -76 0 1
-240 -78 0 1
-240 -78 1 2
-240 -77 0 1
-240 -76 0 1
-239 -78 0 1
-226 -74 3 2
-226 -75 5 1
-226 -75 4 2
-211 -57 2 1
-226 -75 3 2
-228 -69 2 2
-228 -70 2 2
-228 -71 2 2
-228 -69 5 1
-228 -69 4 1
-228 -69 3 1
-228 -70 5 1
-237 -71 6 0
-235 -73 5 1
-205 -61 1 1
-205 -62 1 1
-205 -63 3 1
-205 -63 2 1
-205 -63 1 1
-205 -62 3 1
-205 -62 2 1
-205 -61 3 1
-206 -61 2 1
-204 -58 4 1
-204 -58 3 1
-204 -58 2 1
-204 -59 4 1
-204 -60 4 1
-205 -58 4 2
-205 -58 3 2
-205 -58 2 1
-205 -59 4 2
-205 -60 4 1
-205 -60 3 1
-205 -60 2 1
-206 -58 4 1
-206 -58 3 1
-206 -58 2 2
-245 -60 6 0
-243 -61 5 0
-202 -59 3 0
-202 -59 2 1
-209 -90 5 2
-214 -91 8 0
-203 -66 -1 1
-215 -55 -1 1
-215 -56 -1 1
-215 -57 0 1
-215 -57 -1 1
-216 -55 0 1
-216 -55 -1 1
-215 -56 0 2
-217 -52 0 2
-217 -52 -1 1
-217 -53 -1 1
-217 -54 -1 1
-214 -55 1 1
-214 -53 5 1
-214 -53 4 1
-214 -53 3 1
-214 -54 5 1
-226 -80 0 1
-225 -79 1 2
-227 -75 1 1
-228 -76 1 1
-224 -78 6 1
-224 -78 12 0
-224 -78 11 0
-221 -81 7 1
-223 -80 7 1
-222 -81 10 0
-222 -80 9 0
-223 -79 9 0
-221 -81 8 1
-223 -80 8 1
-215 -86 8 0
-215 -89 11 0
-215 -89 10 0
-215 -89 9 0
-212 -91 6 1
-212 -91 8 0
-212 -91 7 1
-206 -59 -1 1
-214 -91 6 1
-224 -69 7 0
-224 -69 6 0
-226 -93 4 0
-227 -93 4 0
-242 -86 5 0
-245 -89 5 1
-242 -86 4 0
-241 -89 0 1
-241 -89 1 2
-250 -83 0 2
-250 -83 -1 1
-248 -88 -1 1
-239 -100 0 1
-215 -63 5 2
-206 -84 3 1
-224 -56 -1 1
-204 -57 3 1
-205 -57 5 1
-205 -57 4 1
-206 -57 5 1
-206 -57 4 1
-234 -69 3 1
-234 -70 3 1
-234 -68 6 1
-234 -68 5 1
-234 -68 4 1
-234 -69 6 1
-234 -69 5 2
-234 -69 4 2
-213 -89 5 1
-213 -88 3 1
-213 -88 4 2
-213 -87 3 2
-213 -87 4 2
-211 -88 5 1
-207 -82 5 1
-207 -82 4 1
-207 -83 6 1
-217 -58 6 0
-218 -59 6 0
-216 -58 7 1
-216 -57 7 1
-226 -97 0 1
-226 -97 1 2
-225 -97 -1 1
-225 -97 0 1
-225 -97 1 1
-242 -99 -1 1
-243 -98 0 2
-243 -98 -1 1
-243 -99 -1 1
-244 -98 0 2
-244 -98 -1 1
-244 -99 0 1
-244 -99 -1 1
-244 -100 0 1
-244 -100 -1 1
-243 -99 0 2
-242 -99 3 0
-230 -85 2 1
-241 -100 1 2
-233 -79 3 1
-241 -100 -1 1
-242 -100 1 2
-242 -100 0 2
-242 -100 -1 1
-243 -100 0 2
-243 -100 -1 1
-243 -98 3 1
-243 -98 2 1
-243 -98 1 1
-243 -99 3 1
-233 -80 2 1
-243 -99 1 1
-233 -81 2 1
-233 -82 4 1
-233 -82 3 1
-244 -98 3 1
-235 -81 6 1
-235 -81 0 1
-235 -82 0 1
-235 -83 2 1
-235 -83 1 2
-235 -83 0 1
-234 -81 4 2
-247 -88 -1 1
-245 -88 1 1
-245 -88 2 1
-243 -85 2 1
-243 -86 2 1
-241 -76 3 2
-241 -77 5 1
-241 -77 4 2
-241 -77 3 2
-242 -75 5 1
-242 -75 4 1
-242 -75 3 1
-242 -76 5 1
-242 -76 4 1
-242 -76 3 1
-242 -77 5 1
-242 -77 4 1
-242 -77 3 1
-241 -76 4 2
-221 -53 -1 1
-225 -59 4 1
-225 -58 4 1
-234 -71 5 0
-235 -71 5 0
-239 -75 4 0
-240 -75 5 1
-241 -76 6 0
-218 -81 3 1
-218 -82 3 2
-218 -83 3 1
-219 -81 3 1
-219 -82 3 2
-219 -83 3 1
-238 -77 4 0
-220 -82 3 2
-206 -64 1 1
-206 -64 2 1
-206 -64 3 1
-206 -63 1 1
-206 -63 3 1
-208 -65 2 1
-208 -65 3 1
-208 -65 4 1
-202 -60 4 0
-202 -89 5 1
-202 -89 4 1
-202 -89 3 1
-202 -86 2 1
-204 -82 2 1
-203 -82 2 1
-203 -88 -1 1
-203 -88 0 1
-203 -88 1 1
-201 -92 1 0
-201 -92 2 0
-201 -92 3 0
-201 -92 4 0
-228 -82 1 1
-228 -81 1 1
-228 -80 1 1
-217 -84 1 1
-204 -79 4 1
-218 -83 0 1
-204 -76 1 1
-207 -89 4 1
-244 -67 3 1
-249 -86 3 1
-243 -68 3 1
-208 -59 -1 1
-223 -80 5 1
-243 -67 3 1
-222 -80 5 1
-222 -79 3 1
-221 -79 3 1
-204 -87 1 2
-204 -87 2 1
-204 -86 0 2
-204 -84 -1 1
-204 -83 -1 1
-250 -65 4 0
-204 -82 -1 1
-250 -66 3 0
-204 -82 0 1
-204 -82 1 2
-225 -93 4 0
-224 -91 4 0
-225 -94 3 0
-206 -88 -1 1
-228 -92 2 1
-228 -92 3 1
-228 -92 4 1
-228 -91 2 2
-228 -91 3 2
-228 -91 4 2
-228 -90 2 1
-228 -90 3 1
-228 -90 4 1
-224 -93 2 0
-226 -94 2 1
-228 -92 1 1
-228 -91 1 2
-228 -90 1 1
-228 -91 0 2
-237 -56 5 1
-237 -55 5 1
-240 -55 3 0
-203 -72 -1 1
-203 -72 0 1
-203 -72 1 2
-203 -71 -1 1
-203 -71 1 2
-203 -70 -1 1
-203 -70 0 2
-203 -70 1 2
-202 -70 -1 2
-202 -70 0 1
-202 -70 1 1
-201 -70 -1 2
-202 -70 -2 1
-202 -69 -2 1
-202 -69 -1 1
-202 -69 0 1
-225 -66 11 0
-225 -66 10 0
-222 -69 7 1
-223 -68 7 0
-223 -69 10 0
-209 -81 1 1
-209 -81 2 1
-207 -87 0 2
-207 -87 1 2
-207 -87 2 1
-207 -86 2 1
-207 -82 0 1
-207 -82 1 1
-207 -82 2 1
-209 -89 0 1
-209 -89 1 1
-209 -89 2 1
-213 -81 -1 1
-212 -81 -1 1
-211 -81 -1 1
-206 -86 -1 1
-241 -52 1 2
-206 -86 0 2
-206 -86 1 2
-206 -85 -1 1
-206 -85 0 2
-206 -85 1 2
-206 -84 -1 1
-206 -84 0 2
-206 -84 1 2
-208 -87 -1 1
-208 -83 -1 1
-202 -57 -1 1
-202 -57 0 1
-202 -57 1 1
-202 -56 -1 1
-202 -56 0 1
-202 -56 1 1
-233 -76 6 1
-225 -65 10 0
-201 -57 -2 1
-201 -57 -1 1
-201 -57 0 1
-201 -56 -2 1
-201 -56 -1 1
-201 -56 0 1
-223 -67 9 0
-220 -61 0 1
-220 -56 1 1
-220 -56 0 2
-220 -56 -1 1
-221 -56 1 2
-221 -56 0 1
-221 -56 -1 1
-221 -57 1 2
-221 -57 0 1
-202 -87 6 0
-202 -87 4 1
-203 -86 7 0
-202 -87 3 1
-202 -86 3 1
-239 -57 0 1
-241 -68 5 1
-241 -68 6 0
-241 -68 4 1
-231 -99 2 0
-213 -55 2 1
-213 -55 3 1
-248 -96 5 0
-249 -97 4 0
-249 -97 5 0
-241 -66 5 1
-227 -77 5 1
-227 -77 4 2
-227 -78 5 2
-227 -78 4 2
-228 -77 5 1
-228 -77 4 1
-228 -78 5 1
-228 -78 4 1
-245 -68 3 1
-243 -66 6 1
-243 -66 5 1
-243 -66 4 1
-243 -67 6 1
-243 -67 5 1
-243 -67 4 1
-231 -79 6 1
-231 -79 7 0
-230 -79 6 1
-232 -79 7 0
-227 -83 4 1
-232 -80 6 1
-232 -79 6 1
-218 -64 6 1
-218 -63 6 1
-218 -62 6 1
-217 -64 6 1
-218 -54 3 1
-225 -53 8 1
-226 -53 8 1
-227 -53 8 1
-228 -51 7 1
-228 -51 6 1
-202 -63 2 1
-220 -86 4 2
-220 -87 6 1
-212 -57 5 1
-211 -57 3 1
-211 -57 4 1
-211 -57 5 1
-205 -53 11 1
-205 -52 11 1
-205 -51 11 1
-204 -53 11 1
-204 -52 11 1
-204 -81 3 1
-204 -81 4 1
-204 -80 4 1
-203 -81 4 1
-203 -80 4 1
-202 -81 3 1
-202 -81 4 1
-202 -80 4 1
-204 -77 1 1
-204 -77 2 1
-204 -77 3 1
-203 -77 1 1
-203 -77 2 2
-203 -77 3 2
-202 -77 1 1
-202 -77 2 1
-235 -78 3 1
-235 -78 2 2
-235 -78 1 2
-236 -78 3 1
-237 -79 3 1
-202 -77 -1 1
-225 -65 4 2
-225 -66 5 1
-224 -65 3 2
-234 -64 1 1
-234 -64 0 1
-235 -64 2 1
-235 -64 1 1
-235 -64 0 1
-232 -60 2 2
-232 -60 1 1
-226 -57 9 0
-226 -57 10 0
-225 -58 10 0
-225 -58 7 1
-210 -82 -1 1
-208 -86 2 1
-213 -89 2 1
-240 -75 0 1
-236 -76 2 1
-236 -76 1 1
-236 -76 0 1
-236 -77 2 1
-236 -77 1 1
-236 -77 0 1
-236 -78 2 1
-236 -78 1 2
-236 -78 0 1
-237 -78 2 1
-237 -78 1 2
-237 -78 0 1
-238 -78 2 1
-238 -78 1 2
-238 -78 0 1
-243 -75 3 1
-243 -75 2 1
-243 -75 1 1
-243 -76 3 1
-243 -76 2 1
-243 -76 1 1
-243 -77 3 1
-243 -77 2 1
-237 -66 7 1
-218 -59 4 0
-218 -59 3 0
-216 -57 5 1
-216 -57 4 1
-216 -57 3 1
-216 -58 5 1
-229 -62 8 0
-229 -63 8 0
-228 -61 9 0
-228 -62 10 0
-229 -63 10 0
-228 -61 8 0
-229 -62 7 1
-229 -63 7 1
-227 -64 8 0
-212 -60 2 1
-227 -62 9 0
-227 -63 10 0
-227 -64 10 0
-227 -64 7 1
-226 -61 8 0
-225 -62 8 0
-224 -63 8 0
-226 -61 9 0
-225 -61 9 0
-225 -62 10 0
-224 -63 10 0
-225 -62 7 1
-224 -63 7 1
-227 -60 11 0
-227 -60 12 0
-228 -61 5 1
-228 -61 6 1
-228 -61 7 1
-227 -61 5 1
-211 -85 1 1
-211 -85 0 2
-211 -85 -1 1
-217 -64 4 1
-217 -63 2 2
-217 -63 3 2
-240 -85 6 0
-240 -86 5 0
-239 -84 5 0
-238 -86 5 2
-239 -87 4 1
-239 -87 5 1
-239 -87 6 1
-239 -86 4 1
-239 -86 6 1
-239 -85 5 1
-239 -85 6 1
-238 -87 4 2
-238 -87 5 2
-238 -87 6 2
-238 -86 4 2
-238 -86 6 2
-238 -85 4 1
-238 -85 5 1
-238 -85 6 1
-213 -63 6 2
-215 -61 6 1
-237 -65 4 1
-221 -74 10 0
-224 -68 0 1
-236 -56 0 1
-237 -56 0 1
-236 -56 3 1
-236 -56 2 1
-250 -63 3 0
-250 -63 5 0
-250 -63 4 0
-237 -56 1 2
-238 -56 3 1
-238 -57 2 1
-238 -57 1 2
-228 -83 4 1
-239 -57 2 1
-239 -57 1 2
-250 -60 3 0
-222 -57 6 1
-223 -57 6 1
-224 -57 6 1
-221 -55 6 0
-201 -71 0 1
-202 -92 1 1
-202 -91 1 1
-202 -90 1 1
-201 -93 3 0
-201 -91 2 0
-203 -73 -2 1
-203 -73 -1 1
-203 -73 0 1
-201 -95 5 0
-204 -95 4 0
-226 -54 7 2
-226 -54 6 1
-223 -57 7 0
-224 -57 7 0
-225 -85 5 1
-225 -85 6 1
-225 -85 7 1
-223 -86 6 1
-223 -85 7 0
-222 -85 6 1
-223 -51 -1 1
-223 -51 0 1
-223 -84 5 0
-223 -84 4 0
-224 -69 -1 1
-225 -67 0 1
-221 -51 -1 1
-224 -79 3 2
-224 -80 3 2
-225 -79 3 2
-225 -80 3 2
-225 -81 3 2
-226 -79 3 1
-226 -80 3 1
-225 -67 -1 1
-236 -69 1 1
-236 -70 1 1
-236 -71 1 1
-237 -69 1 1
-238 -69 1 2
-240 -70 2 1
-241 -70 4 1
-241 -70 3 2
-241 -70 2 2
-242 -70 4 1
-242 -70 3 1
-242 -70 2 1
-240 -70 3 1
-239 -72 5 1
-239 -73 5 1
-240 -72 5 1
-240 -73 5 1
-241 -72 5 1
-241 -73 5 1
-239 -71 3 1
-247 -51 6 0
-247 -53 3 0
-247 -53 5 0
-230 -61 1 2
-230 -61 2 1
-241 -55 0 1
-221 -58 -1 1
-220 -57 5 0
-216 -59 2 1
-240 -56 2 1
-216 -59 4 1
-204 -81 0 1
-227 -84 -1 1
-201 -85 1 1
-227 -85 -1 1
-203 -76 3 2
-203 -76 2 2
-203 -76 1 2
-204 -76 3 1
-204 -76 2 1
-222 -85 8 0
-222 -86 8 0
-221 -87 9 0
-201 -75 0 1
-201 -75 -1 1
-201 -75 -2 1
-202 -75 0 1
-202 -75 -1 2
-202 -75 -2 1
-225 -88 8 0
-226 -89 4 2
-226 -89 5 2
-226 -89 6 1
-226 -88 4 1
-226 -87 4 2
-215 -64 0 1
-225 -89 5 2
-202 -62 -2 1
-201 -62 -2 1
-201 -61 -2 1
-228 -93 -1 1
-228 -93 0 2
-228 -93 1 1
-215 -58 0 1
-215 -58 -1 1
-216 -58 -1 1
-217 -58 1 2
-217 -58 0 2
-217 -58 -1 1
-218 -59 5 0
-231 -56 9 1
-224 -56 3 1
-205 -86 5 1
-206 -86 6 0
-205 -86 6 0
-206 -85 6 0
-204 -85 3 1
-204 -83 3 1
-204 -85 4 1
-224 -56 0 1
-224 -56 1 1
-224 -61 3 1
-224 -60 3 1
-224 -59 3 1
-204 -83 4 1
-207 -59 4 2
-208 -60 3 1
-221 -77 3 2
-221 -76 3 1
-220 -78 3 1
-220 -77 3 2
-220 -76 3 2
-227 -78 3 1
-226 -78 3 2
-225 -78 3 2
-227 -77 2 1
-223 -78 3 1
-223 -77 3 1
-243 -88 3 2
-244 -85 1 2
-244 -86 1 1
-244 -87 1 2
-244 -88 5 1
-244 -88 4 2
-244 -88 3 2
-245 -87 1 1
-224 -89 3 1
-226 -89 2 2
-226 -89 3 2
-225 -89 2 2
-225 -89 3 2
-224 -89 2 2
-224 -89 1 1
-223 -89 1 1
-223 -89 2 2
-222 -89 1 1
-222 -89 2 1
-225 -89 1 1
-224 -90 5 1
-223 -90 6 1
-227 -90 3 1
-227 -90 4 1
-227 -90 5 1
-227 -89 3 1
-227 -89 4 1
-227 -89 5 1
-226 -90 3 2
-226 -90 4 2
-226 -90 5 2
-225 -90 3 1
-225 -90 4 1
-225 -90 5 1
-227 -90 1 1
-227 -90 2 1
-227 -89 1 1
-227 -89 2 1
-227 -88 1 1
-226 -90 1 2
-221 -91 2 1
-224 -91 3 0
-223 -63 2 1
-223 -63 3 2
-223 -63 4 2
-223 -62 3 1
-223 -62 4 1
-224 -64 -1 1
-224 -64 0 1
-224 -64 1 1
-223 -64 -1 1
-223 -64 0 1
-223 -64 1 2
-209 -89 4 2
-246 -62 5 0
-229 -71 0 1
-201 -77 1 0
-247 -61 4 0
-215 -89 4 2
-215 -89 3 1
-210 -83 5 1
-210 -83 4 2
-210 -83 3 1
-202 -76 -2 1
-202 -76 -1 2
-225 -83 3 1
-225 -83 2 1
-225 -83 1 2
-227 -88 6 1
-227 -88 5 1
-249 -79 1 1
-203 -64 14 0
-215 -63 2 2
-203 -75 2 2
-203 -75 3 1
-202 -75 1 1
-202 -75 2 2
-202 -75 3 1
-222 -87 7 0
-222 -77 7 2
-222 -77 8 1
-221 -77 6 1
-221 -77 7 2
-221 -77 8 1
-241 -96 5 0
-243 -98 6 0
-243 -97 5 0
-241 -93 3 1
-241 -93 2 1
-241 -94 3 1
-241 -94 2 1
-241 -94 1 2
-241 -95 3 1
-241 -95 2 1
-241 -95 1 1
-242 -93 1 2
-243 -94 1 1
-241 -96 2 1
-241 -97 3 0
-204 -51 11 1
-203 -54 9 1
-216 -64 4 1
-216 -63 2 2
-223 -64 5 2
-223 -65 5 2
-205 -54 9 1
-205 -54 10 1
-204 -54 9 2
-204 -54 10 2
-203 -54 10 2
-202 -53 8 0
-202 -54 9 1
-250 -70 0 2
-201 -70 -2 1
-201 -70 0 1
-201 -69 -2 1
-201 -69 -1 2
-201 -69 0 1
-244 -93 5 1
-243 -94 5 1
-243 -93 5 1
-242 -95 5 1
-242 -94 5 1
-242 -93 5 1
-201 -72 1 0
-241 -94 4 2
-203 -72 -2 1
-242 -95 6 0
-241 -97 6 0
-244 -96 5 0
-241 -96 4 0
-238 -79 4 0
-233 -79 2 1
-234 -80 0 1
-228 -62 7 1
-228 -63 7 1
-226 -61 10 0
-234 -75 1 1
-235 -75 1 1
-244 -98 5 0
-234 -75 2 1
-234 -76 3 1
-235 -75 2 1
-236 -76 3 1
-235 -76 3 2
-236 -80 6 0
-233 -77 2 1
-236 -78 5 0
-233 -79 1 1
-233 -80 1 1
-226 -59 1 1
-238 -52 2 2
-241 -51 0 1
-241 -51 1 1
-236 -82 3 1
-241 -63 2 1
-241 -63 1 2
-241 -63 0 1
-235 -65 2 1
-235 -65 1 1
-235 -65 0 1
-230 -98 3 0
-228 -60 4 1
-228 -60 3 1
-228 -61 4 1
-249 -64 1 1
-249 -64 0 1
-249 -64 -1 1
-250 -64 1 1
-250 -64 0 2
-250 -64 -1 1
-237 -93 2 1
-213 -91 6 1
-216 -88 9 0
-216 -88 10 0
-216 -88 11 0
-224 -68 4 0
-224 -68 3 1
-226 -67 4 0
-207 -58 5 1
-206 -60 5 1
-206 -59 5 2
-206 -58 5 1
-207 -60 0 2
-207 -59 0 1
-207 -58 0 1
-206 -60 0 2
-206 -59 0 1
-206 -58 0 1
-205 -59 0 2
-224 -54 3 1
-224 -54 2 1
-225 -52 4 1
-225 -52 3 1
-225 -52 2 1
-225 -53 4 1
-225 -53 3 1
-225 -53 2 1
-222 -86 10 0
-222 -86 9 0
-219 -88 7 1
-219 -89 7 1
-220 -87 7 1
-220 -89 7 1
-221 -88 7 1
-221 -89 7 1
-219 -88 8 0
-222 -90 5 2
-222 -88 7 0
-228 -83 9 0
-225 -78 2 1
-226 -76 0 1
-226 -75 0 1
-225 -77 0 2
-224 -77 0 2
-226 -79 2 2
-226 -78 2 2
-227 -78 0 1
-227 -78 1 2
-224 -82 -1 1
-222 -83 1 1
-222 -83 0 2
-222 -83 -1 1
-222 -84 1 1
-222 -84 0 2
-222 -84 -1 1
-222 -85 1 1
-222 -85 0 1
-227 -78 2 1
-222 -85 -1 1
-223 -83 1 1
-223 -83 0 2
-223 -83 -1 1
-223 -84 1 1
-223 -84 -1 1
-223 -85 1 1
-223 -85 0 1
-223 -85 -1 1
-223 -84 0 2
-224 -82 0 2
-225 -87 -1 1
-223 -83 2 0
-224 -85 2 0
-223 -80 3 2
-223 -80 2 1
-223 -80 1 1
-223 -81 3 2
-223 -81 2 2
-223 -81 1 1
-223 -82 2 1
-223 -82 1 1
-224 -80 2 2
-224 -80 1 1
-225 -80 2 1
-225 -80 1 1
-223 -84 2 0
-224 -86 2 1
-224 -86 1 1
-224 -87 3 2
-224 -87 2 2
-224 -87 1 1
-224 -88 3 2
-224 -88 2 2
-224 -88 1 1
-225 -88 3 2
-225 -88 2 2
-225 -88 1 1
-226 -88 3 1
-226 -88 2 1
-226 -88 1 1
-223 -82 3 1
-227 -77 0 1
-240 -63 6 2
-230 -63 -1 1
-242 -69 5 0
-240 -70 7 0
-204 -84 3 1
-240 -68 7 1
-240 -68 8 1
-204 -84 4 1
-204 -84 5 1
-206 -86 5 1
-218 -86 4 1
-224 -70 5 0
-230 -69 6 1
-204 -83 6 1
-204 -82 4 1
-204 -82 5 1
-204 -82 6 1
-205 -88 6 0
-239 -93 9 0
-237 -94 9 0
-238 -94 9 0
-237 -93 8 0
-237 -94 8 0
-239 -93 8 0
-236 -94 7 0
-239 -92 7 0
-231 -81 1 1
-222 -74 4 1
-222 -75 3 1
-226 -77 1 2
-225 -77 1 2
-224 -77 1 1
-223 -77 2 1
-205 -82 2 1
-208 -88 -1 1
-207 -88 -1 1
-205 -86 -1 1
-237 -91 10 0
-238 -91 11 0
-236 -91 11 0
-237 -92 11 0
-239 -91 10 0
-236 -92 10 0
-238 -92 10 0
-235 -92 9 0
-237 -92 9 0
-235 -91 9 0
-236 -92 8 0
-238 -92 8 0
-238 -91 7 1
-238 -91 8 1
-237 -91 7 1
-237 -92 10 0
-238 -92 11 0
-236 -92 11 0
-237 -93 10 0
-236 -92 9 0
-235 -92 10 0
-238 -92 9 0
-239 -92 10 0
-236 -93 10 0
-238 -93 9 0
-236 -93 9 0
-213 -55 4 1
-214 -54 1 1
-214 -54 2 1
-214 -53 6 1
-213 -55 1 1
-212 -86 3 1
-213 -91 3 1
-216 -54 3 2
-217 -52 5 1
-217 -52 4 1
-217 -52 3 1
-217 -53 5 1
-217 -53 4 1
-217 -53 3 1
-217 -54 5 1
-217 -54 4 1
-216 -53 4 2
-218 -52 4 0
-218 -53 5 0
-218 -55 5 0
-219 -53 5 0
-214 -91 4 1
-218 -53 1 1
-218 -53 0 2
-218 -53 -1 1
-219 -53 -1 1
-220 -53 -1 1
-219 -52 1 1
-219 -52 0 2
-218 -54 2 1
-217 -55 2 1
-204 -71 -1 1
-204 -71 0 1
-204 -71 1 1
-204 -70 -1 1
-204 -70 0 1
-204 -70 1 1
-201 -71 4 0
-201 -70 3 0
-201 -70 4 0
-202 -69 3 0
-202 -70 2 1
-201 -69 2 0
-203 -71 2 1
-202 -69 1 1
-202 -68 2 0
-241 -62 2 1
-241 -62 1 1
-239 -61 2 1
-208 -58 3 1
-208 -58 4 1
-208 -58 5 1
-207 -60 4 1
-207 -60 5 1
-221 -58 4 0
-239 -53 0 1
-239 -53 1 2
-247 -99 2 1
-247 -99 3 1
-247 -98 1 1
-245 -60 2 0
-245 -60 3 0
-236 -61 1 2
-236 -61 2 2
-242 -91 1 1
-242 -92 1 2
-238 -91 4 2
-238 -91 3 1
-205 -93 2 1
-205 -92 2 1
-238 -92 4 2
-204 -90 2 1
-203 -90 2 1
-202 -90 2 1
-207 -91 7 0
-206 -91 7 1
-205 -91 7 1
-238 -93 3 1
-238 -93 2 2
-204 -91 7 1
-224 -53 3 2
-239 -53 2 1
-241 -52 3 1
-240 -52 3 2
-240 -53 3 1
-239 -53 3 1
-238 -53 1 2
-245 -66 3 1
-244 -66 3 1
-240 -67 5 1
-240 -67 6 1
-238 -66 4 1
-219 -63 6 1
-219 -62 6 1
-222 -51 2 1
-241 -89 3 1
-241 -88 2 1
-241 -88 0 1
-245 -89 3 1
-242 -88 0 1
-242 -89 2 2
-242 -89 1 2
-242 -89 0 1
-243 -88 0 1
-243 -89 2 1
-243 -89 1 1
-221 -73 2 1
-221 -72 2 1
-221 -72 3 1
-221 -72 4 1
-220 -73 2 2
-220 -72 2 2
-220 -72 3 2
-220 -72 4 2
-219 -73 2 1
-219 -72 2 1
-219 -72 3 1
-219 -72 4 1
-219 -77 -1 1
-219 -77 0 1
-219 -76 -1 1
-219 -76 0 1
-219 -75 -1 1
-219 -75 0 1
-242 -80 3 1
-242 -80 2 1
-237 -76 3 0
-242 -86 0 1
-242 -87 2 1
-244 -57 4 0
-244 -57 5 0
-247 -57 4 0
-227 -86 1 2
-227 -86 0 2
-227 -86 -1 1
-227 -85 0 2
-227 -80 2 1
-227 -80 1 1
-227 -81 1 1
-227 -82 1 1
-228 -80 2 1
-246 -52 5 1
-245 -52 3 2
-245 -52 4 2
-245 -52 5 2
-246 -52 6 1
-246 -51 6 1
-245 -52 6 1
-245 -51 6 1
-244 -52 4 1
-248 -51 4 0
-249 -51 5 0
-248 -51 3 0
-248 -52 4 0
-248 -52 5 0
-248 -52 3 0
-247 -53 4 0
-203 -56 13 0
-201 -54 1 0
-202 -57 14 0
-203 -54 3 0
-201 -57 15 0
-202 -52 4 0
-216 -64 5 1
-217 -64 1 1
-214 -88 8 0
-217 -88 6 0
-216 -88 6 1
-218 -87 8 0
-216 -59 5 1
-226 -82 7 0
-222 -68 8 1
-220 -54 1 2
-219 -54 -1 1
-222 -68 10 0
-221 -68 10 0
-220 -68 7 2
-221 -69 7 1
-240 -59 2 1
-239 -59 0 1
-239 -59 1 2
-239 -59 2 1
-238 -59 0 1
-238 -59 1 2
-230 -72 -1 1
-203 -75 5 1
-203 -75 4 1
-204 -75 5 1
-204 -75 4 1
-211 -60 5 1
-220 -60 5 0
-220 -62 4 1
-220 -62 3 1
-207 -58 4 1
-207 -59 5 2
-232 -64 1 1
-231 -64 0 1
-209 -62 0 1
-209 -61 0 2
-204 -94 5 1
-204 -95 7 0
-203 -94 4 1
-208 -86 1 2
-208 -85 -1 1
-208 -85 0 2
-208 -84 -1 1
-220 -86 6 1
-202 -71 2 1
-202 -72 2 1
-222 -86 6 1
-202 -71 3 0
-201 -71 2 0
-223 -83 5 0
-202 -72 3 0
-220 -83 5 1
-201 -71 3 0
-201 -73 4 0
-245 -98 6 0
-245 -98 4 1
-245 -97 5 0
-245 -97 4 0
-230 -63 3 1
-247 -96 6 0
-239 -78 4 1
-223 -69 4 0
-225 -51 0 1
-224 -52 0 1
-223 -52 0 1
-220 -77 5 1
-221 -77 5 2
-225 -73 5 1
-223 -71 7 1
-225 -74 7 0
-228 -64 4 1
-238 -76 4 0
-208 -83 5 1
-208 -83 4 1
-208 -83 3 1
-208 -84 5 1
-208 -84 4 2
-233 -69 3 1
-233 -68 3 1
-237 -73 5 1
-237 -73 6 0
-237 -73 4 1
-234 -73 5 1
-235 -73 6 0
-234 -73 4 1
-231 -72 3 1
-214 -57 2 2
-214 -57 3 2
-214 -57 4 1
-214 -57 5 1
-214 -57 1 1
-213 -57 1 1
-215 -60 2 1
-216 -61 2 1
-216 -61 3 1
-216 -61 4 1
-215 -61 2 1
-215 -61 3 1
-215 -61 4 1
-214 -61 2 1
-217 -58 4 0
-217 -58 2 1
-219 -60 3 0
-219 -60 4 0
-219 -60 2 0
-218 -61 3 0
-218 -61 4 0
-218 -64 5 1
-225 -57 3 2
-226 -56 3 1
-226 -57 3 1
-237 -94 6 1
-235 -95 7 1
-235 -95 6 1
-235 -95 5 1
-235 -96 7 1
-235 -96 6 1
-235 -96 5 1
-235 -97 7 1
-223 -92 1 1
-223 -91 -1 1
-223 -91 1 1
-223 -90 -1 1
-223 -90 0 1
-222 -92 -1 1
-222 -92 0 1
-206 -93 3 1
-206 -93 4 2
-206 -93 5 1
-222 -90 -1 1
-222 -90 0 1
-238 -83 8 0
-236 -85 8 1
-234 -83 7 0
-238 -84 7 0
-237 -84 7 0
-237 -84 10 0
-236 -84 10 0
-237 -85 9 0
-235 -84 9 0
-216 -51 6 2
-215 -51 6 1
-214 -51 4 1
-214 -51 5 1
-214 -51 6 1
-216 -51 7 1
-239 -83 6 0
-225 -67 10 0
-240 -84 6 0
-238 -87 10 0
-235 -89 10 0
-239 -89 9 0
-239 -87 9 0
-238 -90 9 0
-235 -90 9 0
-239 -90 8 1
-239 -89 8 1
-203 -55 12 1
-203 -54 12 1
-202 -56 12 1
-218 -83 8 0
-237 -93 3 2
-232 -54 6 1
-232 -53 6 1
-231 -54 6 1
-231 -53 6 1
-230 -55 6 1
-230 -54 6 1
-232 -58 7 1
-248 -55 3 0
-232 -58 8 1
-232 -58 9 1
-232 -57 9 1
-241 -55 1 2
-216 -87 4 1
-242 -52 2 1
-242 -52 1 1
-237 -61 1 2
-237 -61 0 1
-241 -61 2 1
-241 -61 1 2
-241 -61 0 1
-239 -64 4 1
-238 -67 4 1
-239 -58 4 1
-220 -85 5 1
-227 -52 3 1
-222 -84 5 0
-222 -84 4 0
-219 -84 6 0
-219 -84 7 0
-219 -84 5 0
-220 -83 7 0
-239 -58 3 1
-242 -59 2 1
-242 -59 1 1
-242 -59 0 1
-213 -64 6 1
-235 -59 1 2
-235 -59 0 1
-241 -66 3 1
-208 -59 3 2
-240 -66 8 1
-240 -67 8 1
-217 -55 3 1
-219 -57 5 0
-232 -60 3 1
-201 -92 7 0
-202 -91 6 0
-201 -91 6 0
-201 -90 6 0
-201 -90 7 0
-201 -91 5 0
-201 -90 5 0
-203 -88 8 0
-203 -90 5 1
-206 -92 8 0
-206 -95 6 0
-205 -94 5 1
-203 -94 6 0
-203 -95 6 0
-202 -87 1 1
-202 -87 0 2
-202 -87 -1 1
-201 -84 1 1
-201 -84 0 2
-201 -84 -1 2
-201 -85 0 2
-201 -85 -1 1
-201 -86 1 1
-201 -86 0 2
-201 -86 -1 1
-203 -81 2 1
-203 -81 1 1
-203 -81 0 1
-204 -81 2 1
-204 -81 1 1
-202 -78 5 1
-202 -79 5 1
-202 -79 4 1
-203 -77 5 1
-203 -77 4 2
-203 -78 5 1
-203 -78 4 1
-203 -79 5 1
-203 -79 4 1
-202 -78 4 2
-216 -83 1 1
-217 -84 3 0
-228 -74 4 2
-240 -73 2 1
-240 -73 3 1
-239 -74 4 0
-239 -74 3 0
-250 -90 5 0
-239 -61 1 2
-237 -62 3 1
-238 -62 3 2
-229 -60 2 1
-230 -59 3 1
-229 -59 0 2
-221 -85 7 0
-221 -85 6 1
-223 -86 7 0
-221 -83 6 1
-221 -83 7 0
-222 -51 5 0
-221 -82 6 1
-221 -84 7 0
-241 -56 1 2
-226 -69 0 1
-240 -57 0 1
-226 -68 -1 1
-206 -94 7 0
-240 -57 2 1
-226 -67 -1 1
-202 -63 3 1
-201 -61 4 0
-202 -62 -1 1
-202 -62 0 2
-221 -64 0 1
-222 -56 1 1
-246 -97 5 0
-221 -64 3 0
-221 -64 5 1
-248 -62 2 0
-248 -62 6 0
-210 -89 6 1
-206 -82 5 1
-207 -82 6 1
-208 -89 6 1
-206 -83 6 1
-206 -82 4 1
-225 -73 -1 1
-234 -81 6 1
-227 -73 -1 1
-222 -71 -1 1
-222 -72 -1 1
-222 -73 -1 1
-223 -72 -1 1
-223 -73 -1 1
-224 -72 -1 1
-224 -73 -1 1
-224 -75 1 1
-225 -75 1 2
-226 -75 1 1
-223 -73 3 1
-236 -79 5 0
-241 -98 1 1
-241 -98 0 2
-241 -98 -1 1
-240 -99 0 2
-241 -98 2 1
-240 -99 3 0
-243 -98 4 0
-240 -100 2 1
-240 -100 1 1
-240 -100 0 2
-240 -100 -1 1
-241 -99 2 1
-242 -99 4 0
-241 -99 1 1
-241 -99 0 2
-241 -99 -1 1
-242 -99 2 1
-241 -100 2 1
-240 -100 3 0
-241 -99 3 0
-242 -100 4 0
-242 -98 1 2
-242 -98 0 2
-242 -98 -1 1
-242 -99 1 2
-242 -99 0 2
-234 -57 2 1
-234 -57 0 1
-235 -58 3 1
-233 -59 2 2
-241 -51 3 1
-226 -51 2 1
-212 -63 1 1
-212 -63 2 2
-212 -63 3 2
-212 -62 1 2
-212 -62 2 1
-212 -62 3 1
-211 -64 1 1
-211 -64 2 1
-211 -64 3 1
-212 -63 4 2
-212 -63 5 2
-212 -62 4 2
-212 -62 5 1
-212 -61 3 1
-212 -61 4 1
-212 -61 5 1
-211 -63 5 2
-241 -60 2 1
-218 -57 3 0
-218 -57 4 0
-218 -57 2 1
-219 -56 3 0
-219 -56 2 1
-224 -67 5 0
-224 -67 3 1
-242 -64 7 1
-242 -64 8 1
-242 -64 9 1
-242 -63 8 1
-242 -63 9 1
-228 -64 0 1
-228 -64 1 1
-228 -64 2 1
-228 -63 0 1
-228 -63 2 1
-228 -62 0 1
-228 -62 1 2
-227 -64 0 1
-227 -64 1 1
-227 -64 2 1
-227 -63 0 1
-227 -63 1 1
-227 -63 2 1
-227 -62 0 1
-227 -62 1 2
-228 -61 0 2
-201 -60 -1 1
-201 -61 1 1
-201 -61 0 2
-201 -61 -1 1
-201 -62 1 1
-201 -62 0 2
-223 -86 4 1
-223 -87 4 1
-227 -95 -1 1
-226 -94 0 2
-228 -90 0 1
-228 -90 -1 1
-228 -91 -1 1
-228 -92 0 2
-228 -92 -1 1
-229 -90 1 1
-229 -90 0 1
-229 -90 -1 1
-229 -91 1 2
-229 -91 0 1
-229 -91 -1 1
-229 -92 1 1
-229 -92 0 1
-229 -92 -1 1
-228 -100 0 2
-243 -77 1 1
-240 -79 1 2
-241 -79 1 1
-201 -58 13 0
-250 -72 0 2
-250 -72 2 0
-250 -71 3 0
-250 -70 4 0
-249 -71 1 1
-249 -71 0 1
-249 -71 -1 1
-250 -71 1 1
-228 -61 10 0
-230 -63 10 0
-227 -64 9 0
-229 -66 7 1
-204 -89 3 1
-239 -56 1 2
-208 -63 0 1
-228 -76 4 1
-228 -76 5 1
-228 -76 6 1
-228 -75 6 1
-236 -77 3 1
-227 -76 4 1
-227 -76 6 1
-227 -75 6 1
-226 -76 4 2
-226 -76 5 1
-225 -75 5 1
-225 -75 4 1
-227 -76 2 2
-227 -76 3 2
-226 -76 2 2
-226 -76 3 2
-225 -76 2 2
-225 -76 3 2
-225 -76 4 1
-225 -75 2 2
-225 -75 3 2
-219 -55 2 1
-219 -55 4 0
-221 -51 5 0
-237 -65 7 1
-238 -67 3 1
-236 -66 3 1
-244 -59 3 0
-243 -59 3 0
-242 -61 3 0
-242 -61 5 0
-242 -61 4 0
-236 -60 3 1
-237 -60 3 2
-238 -60 3 2
-239 -70 3 1
-242 -69 2 1
-202 -63 0 1
-203 -62 5 0
-204 -59 -1 1
-204 -59 0 1
-204 -59 1 1
-243 -84 3 1
-216 -59 3 1
-215 -57 5 2
-213 -56 4 1
-214 -56 4 1
-215 -56 4 2
-221 -55 3 0
-220 -55 2 1
-220 -55 4 0
-220 -55 3 0
-220 -56 3 0
-227 -58 3 1
-227 -59 3 1
-208 -94 6 1
-208 -94 5 2
-208 -94 4 1
-209 -92 6 1
-209 -92 5 2
-209 -92 4 1
-209 -93 6 2
-209 -93 4 1
-209 -94 6 1
-209 -94 5 1
-218 -52 5 1
-218 -51 4 0
-218 -51 3 0
-217 -52 1 2
-217 -52 2 1
-218 -51 2 1
-219 -51 6 0
-220 -52 5 0
-220 -51 5 0
-221 -51 6 0
-213 -58 0 1
-213 -63 0 1
-241 -84 4 1
-209 -58 7 1
-209 -59 7 1
-221 -73 6 1
-210 -58 7 1
-210 -59 7 1
-211 -58 7 1
-211 -59 7 1
-212 -58 7 1
-212 -59 7 1
-221 -74 7 2
-225 -51 7 2
-224 -51 7 2
-223 -51 7 1
-225 -52 0 1
-239 -79 3 1
-228 -81 8 0
-233 -77 8 0
-232 -78 7 0
-232 -78 6 1
-241 -84 5 1
-217 -59 -1 1
-202 -54 3 0
-201 -53 2 0
-228 -65 4 1
-228 -66 4 1
-222 -74 8 1
-219 -64 1 1
-231 -63 2 1
-216 -60 2 0
-217 -64 2 2
-209 -86 4 2
-217 -64 3 1
-219 -52 5 0
-220 -53 5 0
-218 -52 1 1
-218 -52 0 1
-218 -52 -1 1
-219 -52 -1 1
-220 -52 -1 1
-239 -79 4 1
-239 -79 5 1
-239 -78 3 1
-239 -77 3 1
-238 -75 4 0
-217 -54 0 2
-218 -53 2 1
-215 -53 2 1
-215 -53 1 1
-215 -54 2 1
-215 -54 1 1
-215 -55 3 2
-215 -55 2 2
-205 -93 3 1
-205 -93 4 2
-205 -93 5 1
-204 -93 3 2
-204 -93 4 2
-204 -93 5 1
-203 -93 3 2
-203 -93 4 2
-203 -93 5 1
-203 -92 3 2
-203 -92 4 1
-203 -92 5 1
-203 -91 3 2
-203 -91 4 2
-203 -91 5 1
-232 -61 4 1
-232 -62 4 1
-232 -62 3 1
-233 -60 4 1
-233 -61 4 1
-233 -62 4 1
-232 -61 3 2
-221 -65 2 1
-221 -65 1 2
-221 -65 0 1
-221 -66 2 1
-221 -66 1 2
-237 -55 3 2
-244 -66 5 1
-244 -66 6 1
-206 -84 6 1
-244 -52 3 1
-222 -53 3 0
-236 -74 6 1
-234 -74 6 1
-233 -74 6 1
-234 -72 7 0
-234 -72 4 0
-246 -53 3 1
-246 -54 5 0
-245 -54 4 0
-246 -53 4 1
-247 -54 3 0
-247 -54 5 0
-247 -54 4 0
-248 -54 3 0
-248 -53 3 0
-248 -54 5 0
-248 -54 4 0
-248 -53 4 0
-249 -52 3 0
-249 -52 5 0
-249 -52 4 0
-229 -51 6 2
-227 -65 8 0
-229 -65 8 0
-230 -65 8 0
-227 -65 9 0
-229 -65 10 0
-229 -65 7 1
-227 -66 8 0
-242 -68 2 1
-228 -68 8 0
-243 -74 2 1
-228 -67 10 0
-243 -74 3 1
-226 -68 8 0
-229 -74 0 1
-230 -74 0 1
-243 -73 1 1
-221 -67 -1 1
-222 -67 -1 1
-225 -65 0 1
-237 -79 6 0
-243 -73 2 1
-215 -55 1 1
-216 -53 2 2
-216 -53 1 1
-216 -54 1 2
-242 -77 2 2
-216 -55 2 2
-216 -55 1 2
-242 -76 2 2
-242 -75 2 1
-241 -77 2 2
-241 -76 2 2
-241 -75 2 1
-240 -77 2 1
-215 -52 5 1
-227 -68 7 0
-228 -69 10 0
-227 -68 10 0
-226 -68 9 0
-226 -67 9 0
-228 -69 8 0
-227 -68 8 0
-228 -66 7 1
-228 -66 10 0
-228 -66 8 0
-228 -64 10 0
-225 -63 10 0
-225 -64 10 0
-222 -64 7 0
-223 -64 7 0
-225 -66 8 0
-223 -64 10 0
-225 -66 9 0
-223 -64 8 0
-221 -66 7 1
-222 -66 7 1
-222 -66 10 0
-223 -66 10 0
-223 -66 9 0
-221 -66 8 1
-222 -66 8 1
-225 -65 7 1
-225 -66 7 1
-227 -65 7 1
-227 -66 7 1
-226 -65 12 0
-226 -65 11 0
-223 -67 7 0
-224 -67 7 0
-223 -67 10 0
-224 -67 10 0
-224 -66 9 0
-223 -68 8 0
-224 -67 8 0
-224 -66 8 0
-226 -69 7 0
-226 -68 7 0
-226 -68 10 0
-226 -66 9 0
-222 -66 -1 1
-223 -65 -1 1
-224 -65 -1 1
-228 -68 1 1
-229 -68 1 1
-230 -68 1 1
-226 -65 0 1
-223 -71 4 0
-221 -68 -1 1
-221 -69 -1 1
-221 -70 -1 1
-220 -66 1 1
-220 -66 0 1
-220 -67 1 1
-220 -67 0 1
-221 -67 2 1
-230 -51 9 0
-229 -52 10 0
-228 -53 10 0
-221 -72 -1 1
-221 -72 0 1
-221 -72 1 1
-222 -68 -1 1
-220 -68 1 1
-220 -68 0 1
-203 -81 3 2
-238 -93 4 2
-238 -92 2 2
-238 -92 3 2
-226 -90 2 2
-226 -89 1 2
-225 -90 1 1
-225 -90 2 1
-220 -89 2 1
-220 -89 3 1
-224 -91 2 0
-223 -91 0 2
-202 -51 1 2
-201 -84 -2 1
-201 -94 8 0
-236 -59 3 1
-237 -59 3 1
-238 -59 3 2
-227 -68 4 0
-201 -62 10 1
-202 -61 12 1
-202 -61 10 1
-202 -62 12 1
-202 -62 11 1
-202 -62 10 1
-203 -61 12 1
-203 -61 11 1
-203 -61 10 1
-203 -62 12 1
-203 -62 11 1
-203 -62 10 1
-202 -61 11 2
-201 -62 12 1
-202 -62 13 0
-202 -61 13 0
-201 -62 13 0
-203 -61 14 0
-202 -62 14 0
-203 -61 15 0
-201 -62 15 0
-201 -61 14 0
-201 -60 15 0
-202 -61 16 0
-201 -60 11 1
-201 -60 10 1
-202 -60 12 1
-202 -60 11 1
-202 -60 10 1
-203 -60 12 1
-203 -60 11 1
-203 -60 10 1
-201 -60 12 1
-202 -60 13 0
-201 -61 13 0
-203 -59 13 0
-202 -61 14 0
-203 -58 14 0
-203 -60 14 0
-201 -61 15 0
-202 -59 15 0
-202 -59 14 0
-201 -60 14 0
-202 -60 15 0
-201 -58 14 0
-201 -59 11 1
-201 -59 10 1
-202 -59 12 1
-202 -59 11 2
-202 -59 10 1
-203 -59 12 1
-203 -59 11 1
-203 -59 10 1
-201 -59 12 1
-202 -59 13 0
-201 -60 13 0
-203 -58 13 0
-202 -60 14 0
-203 -57 14 0
-203 -59 14 0
-201 -59 15 0
-201 -59 14 0
-202 -58 15 0
-201 -58 11 1
-201 -58 10 1
-202 -58 12 1
-202 -58 11 2
-202 -58 10 1
-221 -86 10 0
-221 -86 8 0
-219 -89 8 0
-218 -89 6 1
-221 -89 8 0
-219 -84 8 0
-231 -81 6 1
-232 -80 7 0
-219 -87 3 1
-219 -87 10 0
-219 -87 8 0
-203 -53 7 1
-202 -81 12 1
-231 -71 5 1
-231 -72 4 1
-231 -72 6 0
-231 -72 5 0
-243 -59 4 0
-245 -60 4 0
-202 -56 4 0
-222 -60 2 1
-201 -54 5 0
-202 -52 2 1
-201 -51 12 1
-202 -51 12 1
-203 -51 12 1
-203 -52 12 1
-203 -53 12 1
-202 -52 13 0
-203 -56 12 1
-202 -54 13 0
-201 -52 13 0
-201 -54 14 0
-224 -70 6 0
-227 -71 6 0
-225 -71 6 0
-225 -73 7 0
-228 -71 6 0
-226 -73 6 0
-227 -72 6 0
-225 -72 6 0
-226 -72 5 0
-225 -71 5 0
-205 -93 6 0
-204 -94 6 0
-237 -77 4 0
-239 -75 3 0
-238 -77 3 0
-225 -73 6 0
-225 -74 6 0
-223 -72 6 1
-227 -73 6 0
-223 -74 7 1
-223 -73 6 1
-223 -73 7 1
-223 -72 7 1
-223 -71 6 1
-226 -74 6 0
-226 -75 6 1
-223 -74 6 1
-225 -75 6 0
-225 -74 5 1
-225 -72 5 0
-206 -90 3 1
-206 -90 4 2
-206 -90 5 1
-220 -76 5 1
-220 -75 5 2
-222 -79 4 1
-222 -79 5 1
-222 -78 4 1
-222 -77 4 1
-221 -79 4 1
-221 -78 4 2
-221 -77 4 2
-220 -78 4 1
-220 -77 4 1
-223 -78 4 1
-227 -77 3 1
-223 -79 5 1
-222 -76 4 1
-222 -75 4 1
-221 -76 4 1
-221 -75 4 1
-220 -76 4 2
-220 -75 4 2
-222 -78 3 1
-222 -77 3 1
-222 -76 3 1
-221 -78 3 1
-242 -70 1 1
-241 -70 0 1
-241 -70 1 2
-240 -70 0 1
-240 -70 1 2
-230 -95 2 1
-230 -95 3 1
-229 -97 2 0
-227 -98 0 1
-226 -98 0 1
-225 -98 0 1
-225 -98 1 1
-225 -98 2 1
-225 -97 2 1
-225 -96 2 1
-230 -96 1 1
-228 -98 -1 1
-228 -98 0 2
-227 -98 -1 1
-205 -63 0 1
-205 -63 -1 1
-206 -62 4 1
-205 -58 5 2
-205 -59 5 2
-205 -60 5 1
-204 -61 6 0
-239 -68 3 1
-239 -68 7 1
-238 -69 4 1
-238 -69 6 0
-238 -69 5 0
-226 -72 3 1
-226 -72 4 1
-230 -73 -1 1
-224 -59 4 1
-207 -64 5 2
-207 -63 4 2
-207 -63 5 2
-207 -62 4 1
-207 -62 5 1
-235 -78 0 1
-232 -75 3 1
-232 -75 4 2
-232 -75 5 1
-232 -74 3 2
-230 -72 0 1
-230 -73 2 2
-236 -78 8 0
-236 -77 8 0
-235 -78 8 0
-235 -78 4 1
-222 -55 2 1
-228 -82 5 1
-245 -61 1 1
-245 -61 0 1
-245 -61 -1 1
-228 -75 7 0
-228 -82 2 2
-228 -82 3 2
-228 -82 4 1
-228 -81 2 2
-225 -79 6 1
-231 -76 3 2
-231 -76 4 1
-231 -75 2 1
-231 -74 2 1
-213 -88 -1 1
-213 -88 0 1
-213 -88 1 1
-212 -88 -1 1
-212 -88 0 1
-212 -88 1 1
-212 -87 -1 1
-212 -87 1 2
-211 -88 -1 1
-211 -88 0 1
-211 -88 1 2
-211 -87 -1 1
-211 -87 0 1
-211 -87 1 1
-211 -86 -1 1
-211 -86 0 2
-211 -86 1 1
-205 -88 -1 1
-205 -87 -1 1
-239 -67 1 2
-213 -83 4 1
-213 -83 3 1
-235 -79 7 0
-235 -79 6 1
-227 -83 0 2
-235 -80 6 1
-226 -87 0 1
-227 -87 1 1
-227 -87 0 1
-238 -80 0 1
-233 -80 3 1
-224 -86 7 1
-205 -91 9 0
-205 -91 10 0
-205 -91 11 0
-205 -91 4 2
-205 -92 3 1
-205 -92 4 2
-205 -92 5 1
-205 -91 3 1
-205 -91 5 1
-205 -90 3 1
-205 -90 4 2
-223 -83 4 0
-223 -83 12 0
-223 -83 11 0
-223 -83 10 0
-223 -87 8 0
-228 -85 7 1
-228 -85 6 1
-228 -85 5 1
-228 -86 7 1
-228 -86 6 1
-228 -86 5 1
-228 -87 7 1
-228 -87 6 1
-205 -90 5 2
-236 -83 1 1
-201 -55 -2 1
-201 -55 -1 1
-201 -55 0 1
-236 -83 0 1
-234 -80 3 2
-234 -80 2 1
-234 -80 1 1
-234 -81 3 2
-234 -81 2 1
-234 -81 1 1
-228 -87 5 1
-234 -82 2 2
-220 -80 2 1
-226 -81 0 1
-234 -82 1 2
-227 -83 9 0
-230 -74 1 1
-229 -74 1 1
-227 -74 1 1
-227 -73 1 2
-227 -72 1 1
-226 -74 1 1
-226 -73 1 2
-201 -84 3 0
-225 -74 1 1
-225 -74 2 2
-232 -76 8 0
-225 -73 1 2
-225 -73 2 2
-225 -73 3 2
-225 -72 1 1
-225 -72 2 1
-225 -72 3 1
-229 -70 -1 1
-232 -76 5 2
-231 -76 5 1
-228 -70 -1 1
-228 -70 0 1
-228 -70 1 1
-227 -72 -1 1
-227 -72 0 1
-227 -71 -1 1
-227 -71 0 1
-227 -71 1 1
-227 -70 -1 1
-227 -70 0 1
-227 -70 1 1
-219 -58 3 0
-219 -57 3 0
-219 -57 4 0
-215 -86 3 1
-220 -59 3 0
-221 -59 3 0
-221 -59 4 0
-221 -59 2 1
-219 -59 5 0
-220 -60 -1 1
-220 -60 0 2
-220 -60 1 1
-220 -59 -1 1
-220 -59 0 2
-220 -59 1 1
-202 -94 3 1
-214 -55 2 1
-216 -56 4 1
-216 -56 3 1
-216 -56 2 1
-217 -61 7 1
-248 -95 5 0
-248 -95 6 0
-248 -95 4 0
-236 -99 1 1
-250 -94 6 0
-250 -94 7 0
-219 -51 3 0
-219 -53 4 0
-238 -72 8 0
-237 -73 7 0
-238 -73 7 0
-238 -74 6 0
-238 -73 6 0
-239 -81 0 1
-221 -84 9 0
-222 -83 8 0
-236 -83 3 1
-223 -84 9 0
-223 -83 9 0
-227 -74 2 1
-227 -75 2 1
-236 -85 6 1
-228 -74 2 1
-228 -75 2 1
-237 -81 5 0
-203 -59 4 0
-201 -66 11 1
-201 -66 10 1
-202 -64 11 1
-202 -64 10 1
-202 -65 10 1
-202 -66 12 1
-202 -66 11 1
-202 -66 10 1
-203 -64 10 1
-203 -65 10 1
-203 -66 12 1
-203 -66 11 1
-203 -66 10 1
-202 -65 11 2
-229 -61 1 2
-201 -64 12 1
-201 -66 12 1
-203 -63 12 1
-203 -63 11 1
-203 -64 13 1
-203 -64 12 1
-203 -64 11 1
-203 -65 12 1
-203 -65 11 1
-204 -63 13 1
-204 -63 12 1
-204 -63 11 1
-204 -64 13 1
-204 -64 11 1
-204 -65 13 1
-204 -65 12 1
-204 -65 11 2
-205 -63 13 1
-205 -63 12 1
-205 -63 11 1
-205 -64 13 1
-205 -64 12 1
-205 -64 11 1
-205 -65 13 1
-205 -65 12 1
-205 -65 11 1
-204 -64 12 2
-246 -63 1 1
-202 -66 13 0
-202 -65 13 0
-201 -67 13 0
-201 -66 13 0
-203 -65 13 1
-236 -68 3 1
-236 -69 3 1
-202 -67 14 0
-202 -66 14 0
-237 -69 3 2
-235 -67 6 1
-235 -67 5 1
-235 -67 4 1
-208 -57 2 1
-210 -60 3 1
-235 -68 4 1
-235 -69 6 1
-235 -69 5 2
-202 -61 0 2
-223 -74 1 1
-223 -74 2 1
-223 -73 0 2
-223 -73 1 2
-223 -73 2 1
-223 -72 0 2
-241 -90 0 1
-241 -91 0 1
-242 -90 1 1
-242 -90 0 1
-242 -91 0 1
-241 -90 1 2
-237 -88 2 1
-237 -88 1 1
-237 -89 1 1
-238 -88 1 2
-238 -89 1 2
-239 -89 1 2
-238 -88 2 2
-240 -88 3 0
-237 -89 2 1
-237 -90 2 1
-234 -60 2 2
-234 -59 0 1
-234 -59 1 2
-234 -59 2 2
-234 -58 0 1
-234 -58 1 1
-234 -58 2 1
-239 -63 0 1
-225 -69 -1 1
-239 -63 1 2
-239 -63 2 1
-238 -63 0 1
-224 -69 4 0
-224 -69 3 1
-224 -82 3 1
-224 -82 4 1
-213 -87 6 1
-214 -88 6 1
-227 -66 10 0
-203 -57 0 2
-204 -57 -1 1
-204 -56 -1 1
-203 -58 -1 1
-203 -57 -1 1
-203 -57 1 1
-203 -56 -1 1
-203 -56 0 1
-203 -56 1 1
-202 -58 -1 1
-228 -63 9 0
-228 -63 10 0
-229 -64 10 0
-249 -62 5 0
-225 -51 5 2
-201 -60 4 0
-223 -51 3 1
-223 -51 2 1
-224 -51 4 2
-224 -51 3 2
-224 -71 7 0
-224 -71 6 0
-224 -71 5 0
-229 -68 2 1
-225 -71 3 1
-212 -57 1 1
-212 -57 2 1
-248 -56 5 0
-248 -56 3 0
-246 -56 4 0
-201 -52 1 1
-201 -52 5 0
-246 -52 4 1
-246 -52 3 1
-247 -51 5 1
-247 -52 5 1
-247 -52 4 1
-247 -52 3 1
-247 -51 3 1
-247 -51 4 1
-249 -51 3 0
-249 -51 4 0
-231 -64 3 1
-227 -66 6 1
-227 -64 5 1
-227 -64 4 1
-227 -64 3 1
-222 -82 -1 1
-229 -70 0 1
-229 -70 1 1
-219 -57 2 1
-215 -85 0 2
-215 -85 1 1
-215 -84 -1 1
-215 -84 0 2
-215 -84 1 1
-216 -83 -1 1
-216 -83 0 1
-216 -84 4 0
-217 -86 4 0
-216 -86 3 1
-215 -85 2 0
-216 -85 2 0
-216 -86 2 0
-216 -82 -1 1
-225 -66 2 2
-210 -87 8 0
-213 -92 8 0
-213 -93 8 0
-216 -61 6 1
-214 -63 6 2
-214 -64 6 1
-226 -51 8 1
-226 -51 10 0
-218 -87 2 1
-218 -87 3 1
-218 -86 2 1
-218 -86 3 1
-231 -71 6 0
-231 -71 4 1
-219 -83 1 1
-219 -83 2 1
-219 -82 1 1
-219 -82 2 2
-219 -81 1 1
-219 -81 2 1
-232 -60 4 1
-231 -62 2 2
-231 -62 3 1
-203 -91 7 1
-207 -90 5 1
-207 -90 4 2
-207 -91 5 1
-207 -91 4 2
-228 -71 10 0
-207 -92 4 2
-208 -90 5 2
-208 -90 4 2
-208 -91 4 2
-208 -91 5 2
-208 -91 11 0
-208 -91 10 0
-208 -91 9 0
-208 -91 8 0
-206 -93 6 0
-222 -93 2 2
-221 -93 2 1
-220 -93 2 1
-220 -92 2 1
-212 -86 -1 1
-212 -86 0 2
-212 -86 1 1
-212 -85 -1 1
-212 -85 0 2
-212 -85 1 1
-212 -84 -1 1
-212 -84 0 2
-212 -84 1 1
-213 -83 -1 1
-226 -64 2 1
-226 -65 2 1
-226 -66 2 1
-234 -96 2 1
-235 -100 1 1
-225 -56 6 1
-225 -57 6 1
-225 -58 6 1
-236 -99 4 1
-201 -52 0 1
-235 -100 5 0
-235 -99 4 1
-202 -53 1 0
-202 -53 3 0
-202 -53 4 0
-201 -53 0 1
-201 -53 -1 1
-201 -53 -2 1
-237 -88 10 0
-238 -89 8 1
-235 -89 8 1
-235 -89 7 2
-235 -89 6 1
-236 -89 8 1
-236 -89 7 2
-236 -89 6 1
-237 -89 8 1
-239 -87 8 1
-236 -89 9 0
-236 -88 10 0
-239 -86 8 1
-236 -88 9 0
-238 -87 9 0
-235 -87 9 0
-237 -88 9 0
-236 -87 10 0
-237 -87 10 0
-243 -97 1 2
-243 -97 0 2
-243 -97 -1 1
-221 -88 1 1
-221 -88 2 1
-244 -97 1 1
-244 -97 0 1
-244 -97 -1 1
-242 -98 2 1
-242 -98 3 0
-224 -56 5 1
-231 -69 5 2
-231 -69 6 1
-231 -68 4 1
-212 -58 6 1
-233 -76 5 2
-232 -77 6 1
-232 -77 7 0
-231 -77 7 0
-232 -75 6 1
-232 -75 7 0
-233 -78 6 1
-233 -79 6 1
-234 -78 3 2
-234 -78 2 1
-236 -78 4 1
-238 -72 7 0
-236 -73 7 0
-235 -73 7 0
-211 -57 0 1
-220 -84 4 0
-221 -84 3 0
-230 -97 5 0
-227 -97 5 1
-226 -97 5 1
-225 -99 3 1
-225 -99 4 1
-237 -81 3 1
-225 -98 5 1
-230 -96 5 0
-239 -67 2 1
-227 -86 2 2
-244 -53 4 1
-244 -53 3 1
-239 -60 7 1
-239 -60 6 1
-239 -60 5 1
-239 -61 7 1
-237 -81 8 0
-236 -80 9 0
-237 -82 9 0
-236 -81 9 0
-216 -55 7 1
-216 -54 6 2
-216 -54 7 1
-215 -55 7 1
-215 -54 6 1
-215 -54 7 1
-218 -52 6 1
-218 -52 7 1
-218 -51 6 1
-206 -87 -1 1
-210 -59 5 2
-210 -59 4 2
-210 -59 3 2
-210 -60 5 1
-210 -60 4 1
-246 -85 4 1
-248 -84 2 1
-226 -52 1 1
-238 -79 1 2
-238 -58 3 2
-237 -58 3 1
-236 -58 3 1
-239 -56 3 1
-239 -56 4 1
-235 -57 0 1
-235 -57 1 1
-235 -57 2 1
-241 -59 0 1
-241 -59 1 2
-241 -59 2 1
-240 -60 0 1
-240 -60 1 2
-204 -86 7 0
-218 -66 3 1
-219 -65 5 2
-219 -65 3 2
-219 -66 5 1
-219 -66 4 2
-219 -66 3 2
-245 -100 3 1
-245 -100 7 0
-245 -100 6 0
-210 -85 2 2
-210 -85 1 1
-211 -84 3 1
-211 -84 2 1
-223 -88 3 1
-201 -62 -1 1
-248 -57 5 0
-247 -58 4 0
-210 -61 2 1
-211 -58 1 2
-211 -58 0 1
-241 -95 6 0
-243 -96 6 0
-234 -79 1 1
-223 -65 4 2
-229 -51 7 1
-203 -89 5 1
-203 -89 6 1
-204 -90 6 2
-225 -62 1 2
-225 -62 0 2
-215 -59 7 1
-243 -68 4 1
-243 -68 5 1
-206 -83 5 2
-205 -85 3 1
-215 -64 5 1
-213 -61 3 1
-225 -81 10 0
-216 -62 2 1
-216 -63 4 2
-216 -63 3 2
-209 -84 5 1
-209 -84 3 1
-209 -85 5 1
-209 -85 4 1
-209 -85 3 1
-212 -59 -1 1
-212 -60 0 2
-238 -80 1 2
-238 -80 2 1
-238 -79 0 1
-243 -90 0 1
-237 -91 0 1
-237 -80 1 2
-237 -80 2 1
-223 -92 0 1
-223 -92 -1 1
-224 -76 -1 1
-222 -74 3 1
-223 -75 2 1
-225 -74 -1 1
-208 -88 7 0
-208 -89 7 0
-206 -90 6 1
-206 -90 8 0
-207 -90 8 0
-206 -90 7 1
-233 -86 0 1
-231 -85 3 1
-203 -68 1 1
-201 -67 2 0
-201 -68 2 0
-249 -98 5 0
-210 -58 2 1
-202 -61 1 1
-236 -75 3 1
-236 -75 4 1
-236 -75 5 1
-236 -74 3 1
-236 -73 3 1
-235 -75 3 1
-235 -75 4 1
-235 -75 5 2
-238 -53 2 1
-238 -53 3 1
-235 -73 4 1
-233 -73 6 0
-220 -83 9 0
-219 -83 8 0
-220 -83 8 0
-204 -92 3 1
-204 -92 4 2
-235 -82 2 1
-235 -82 1 2
-204 -92 5 1
-208 -94 8 0
-208 -93 8 0
-208 -95 7 0
-204 -90 4 2
-204 -90 5 1
-236 -81 4 1
-219 -63 4 2
-236 -82 5 0
-219 -62 2 1
-232 -79 3 1
-236 -82 6 0
-232 -80 3 1
-237 -81 2 2
-231 -81 5 1
-231 -81 4 1
-201 -92 5 0
-201 -92 8 0
-217 -59 1 1
-206 -62 6 1
-204 -63 5 0
-243 -61 3 0
-223 -55 4 1
-231 -69 3 1
-250 -91 4 0
-205 -94 2 1
-234 -63 1 2
-234 -63 2 2
-234 -62 0 1
-234 -62 1 2
-234 -62 2 2
-235 -62 3 1
-214 -63 4 2
-214 -62 4 1
-213 -62 4 1
-201 -69 1 0
-241 -96 0 2
-241 -96 1 1
-220 -84 3 0
-216 -53 5 1
-216 -52 3 1
-216 -52 4 1
-216 -52 5 1
-214 -89 8 0
-213 -91 7 1
-216 -92 6 1
-236 -92 3 1
-236 -92 2 1
-228 -54 5 1
-228 -54 4 0
-224 -86 4 1
-204 -59 5 1
-224 -85 5 0
-204 -60 5 1
-239 -71 5 1
-240 -70 4 2
-245 -64 3 0
-219 -61 1 1
-219 -60 -1 1
-208 -62 2 2
-209 -64 3 1
-208 -64 1 1
-208 -62 -1 1
-228 -72 1 1
-228 -71 0 2
-228 -71 1 1
-212 -57 0 1
-212 -58 2 1
-212 -58 1 1
-212 -58 0 1
-212 -59 2 2
-212 -59 1 2
-214 -59 -1 1
-211 -58 5 2
-224 -64 6 1
-222 -70 5 1
-222 -70 4 1
-229 -95 1 1
-229 -95 0 2
-229 -95 -1 1
-230 -92 -1 1
-230 -93 0 1
-230 -93 -1 1
-230 -94 1 1
-230 -94 0 1
-230 -94 -1 1
-240 -63 0 1
-214 -63 5 2
-214 -64 5 1
-235 -56 0 1
-234 -54 3 1
-234 -54 2 1
-234 -54 1 1
-234 -55 3 1
-236 -75 7 0
-236 -76 6 1
-236 -75 6 1
-234 -74 7 0
-235 -74 7 0
-246 -62 2 0
-242 -62 0 1
-242 -62 1 1
-242 -62 2 1
-245 -62 1 1
-245 -62 0 1
-245 -62 -1 1
-245 -63 1 1
-245 -63 0 1
-245 -63 -1 1
-246 -61 1 1
-223 -64 6 1
-223 -66 2 1
-223 -65 2 1
-224 -67 6 0
-225 -66 -1 1
-238 -68 4 1
-238 -70 5 0
-239 -71 6 0
-239 -71 4 1
-238 -71 5 1
-238 -72 5 1
-238 -71 6 0
-244 -65 4 0
-234 -74 3 1
-234 -74 4 2
-234 -74 5 1
-234 -73 3 1
-233 -75 3 1
-233 -75 4 1
-233 -75 5 2
-233 -74 3 1
-233 -74 5 1
-242 -68 5 0
-233 -73 4 1
-233 -73 5 1
-239 -65 4 1
-241 -64 6 1
-242 -65 6 1
-242 -66 5 0
-242 -66 6 1
-221 -59 0 1
-245 -100 4 1
-222 -59 3 0
-226 -59 4 1
-226 -58 4 1
-243 -88 1 2
-242 -85 2 1
-249 -72 1 1
-249 -72 0 1
-249 -72 -1 1
-232 -75 2 1
-221 -86 7 0
-221 -86 6 1
-210 -63 0 1
-223 -65 1 2
-233 -73 3 1
-224 -65 1 2
-245 -100 5 0
-222 -62 6 1
-222 -66 5 1
-236 -72 3 1
-238 -73 4 1
-235 -53 6 1
-235 -54 7 1
-235 -54 6 1
-234 -53 7 2
-233 -52 11 0
-233 -51 10 0
-223 -74 9 0
-233 -52 10 1
-233 -52 9 1
-233 -52 8 1
-233 -53 10 1
-233 -53 9 1
-233 -53 8 1
-233 -54 10 1
-233 -54 9 1
-233 -54 8 1
-234 -52 10 1
-234 -52 9 1
-234 -52 8 1
-234 -53 10 1
-234 -53 8 1
-234 -54 10 1
-234 -54 9 1
-234 -54 8 1
-235 -52 10 1
-235 -52 9 1
-235 -52 8 1
-235 -53 10 1
-240 -85 0 1
-240 -85 1 2
-240 -85 2 1
-201 -62 5 0
-201 -60 5 0
-202 -62 5 0
-202 -63 -1 2
-208 -59 5 2
-208 -59 4 2
-240 -65 8 1
-208 -60 5 1
-231 -62 1 2
-232 -63 4 1
-201 -80 -1 2
-201 -80 0 1
-243 -83 5 1
-243 -82 5 1
-243 -82 0 1
-243 -82 1 1
-242 -82 0 1
-242 -82 1 1
-241 -81 0 1
-227 -82 9 0
-227 -82 3 2
-201 -63 3 0
-201 -61 2 0
-201 -61 3 0
-202 -61 2 1
-202 -61 3 1
-227 -88 2 1
-221 -88 3 1
-235 -53 9 1
-235 -53 8 1
-235 -54 10 1
-235 -54 9 1
-222 -75 10 0
-235 -54 8 1
-222 -77 6 2
-234 -53 9 2
-228 -94 0 2
-224 -94 -1 1
-224 -95 0 1
-224 -95 -1 1
-224 -96 1 1
-224 -96 -1 1
-225 -96 1 1
-226 -96 1 1
-226 -96 0 2
-228 -94 1 1
-228 -93 2 1
-229 -92 2 2
-230 -90 4 1
-230 -90 3 1
-230 -90 2 1
-230 -91 4 1
-230 -91 3 1
-230 -92 3 1
-229 -91 3 2
-226 -94 3 0
-228 -93 3 1
-224 -93 3 0
-227 -94 3 0
-225 -94 4 0
-229 -81 2 1
-231 -83 1 2
-231 -82 1 1
-250 -52 4 0
-230 -87 1 1
-240 -64 6 2
-240 -65 7 1
-240 -65 6 2
-240 -66 7 2
-240 -66 6 2
-219 -58 6 0
-216 -56 5 1
-231 -81 2 2
-231 -81 3 1
-232 -84 3 0
-233 -86 2 2
-234 -87 1 1
-234 -86 1 1
-234 -85 1 1
-233 -87 1 1
-233 -87 2 1
-233 -87 3 1
-233 -86 1 2
-233 -86 3 1
-233 -85 1 1
-233 -85 2 1
-241 -75 0 1
-241 -74 0 1
-241 -74 1 2
-241 -74 2 1
-240 -74 0 1
-240 -74 1 2
-240 -74 2 1
-232 -82 2 2
-233 -85 4 0
-233 -84 5 0
-234 -85 6 1
-234 -86 6 1
-234 -86 5 1
-234 -87 6 1
-234 -87 5 1
-234 -85 5 1
-234 -84 6 0
-249 -67 0 1
-249 -67 -1 1
-249 -68 1 1
-249 -68 0 1
-249 -68 -1 1
-250 -67 1 1
-250 -67 -1 1
-250 -68 1 1
-240 -64 1 2
-220 -64 2 1
-239 -99 5 0
-239 -98 4 0
-238 -99 5 1
-237 -99 4 1
-223 -53 1 1
-223 -54 1 1
-224 -52 1 1
-224 -53 1 1
-224 -54 1 1
-225 -52 1 1
-225 -53 1 1
-217 -88 7 0
-216 -88 7 0
-215 -88 7 0
-214 -88 7 0
-216 -88 8 0
-215 -88 8 0
-224 -78 10 0
-224 -79 7 0
-221 -73 5 1
-221 -74 5 2
-238 -79 5 0
-221 -75 5 2
-222 -73 5 1
-222 -74 5 1
-222 -75 5 1
-223 -73 5 1
-223 -74 5 1
-223 -75 6 1
-223 -75 5 1
-223 -75 7 1
-234 -77 2 1
-225 -76 7 0
-239 -99 4 0
-239 -100 4 0
-238 -99 3 1
-237 -99 3 1
-237 -99 5 1
-236 -99 5 1
-236 -98 1 1
-250 -82 2 1
-221 -76 6 2
-221 -76 7 2
-221 -76 8 1
-240 -94 5 1
-240 -94 6 0
-243 -71 1 1
-243 -71 0 1
-241 -69 1 2
-218 -88 2 1
-221 -91 8 0
-223 -52 6 1
-239 -71 7 0
-211 -86 4 1
-239 -72 6 0
-241 -71 5 1
-241 -71 7 0
-241 -71 6 0
-215 -88 6 1
-216 -86 8 0
-221 -88 8 0
-220 -90 5 2
-218 -91 7 0
-230 -87 2 1
-250 -53 3 0
-230 -86 1 1
-230 -86 2 2
-230 -86 3 1
-240 -66 5 1
-239 -65 6 2
-239 -65 5 2
-240 -65 5 1
-201 -57 1 0
-201 -57 2 0
-222 -88 6 1
-222 -88 5 2
-223 -62 1 1
-218 -51 7 1
-217 -51 6 2
-217 -51 7 1
-236 -82 8 0
-239 -81 6 0
-236 -81 7 0
-238 -82 7 0
-238 -79 2 1
-237 -80 0 1
-243 -90 1 1
-201 -71 -1 1
-246 -63 -1 1
-241 -68 7 0
-239 -68 8 1
-211 -86 3 1
-209 -86 6 0
-236 -93 4 1
-236 -93 3 1
-236 -93 2 1
-242 -92 -1 1
-238 -92 -1 1
-243 -91 1 1
-243 -91 0 1
-238 -91 0 1
-238 -91 1 2
-236 -94 4 1
-236 -95 4 1
-236 -96 4 1
-237 -94 4 1
-237 -95 4 2
-237 -96 4 2
-238 -94 4 2
-238 -95 4 2
-238 -96 4 1
-238 -93 -1 1
-239 -91 1 2
-239 -91 0 1
-239 -91 -1 1
-240 -91 -1 1
-241 -91 -1 1
-242 -92 0 1
-237 -79 0 1
-214 -58 0 1
-230 -53 8 1
-230 -52 8 1
-230 -54 10 1
-230 -53 10 1
-205 -87 7 0
-230 -55 9 1
-220 -84 2 1
-220 -87 0 1
-213 -94 7 1
-210 -93 8 0
-210 -94 8 0
-211 -95 5 1
-211 -95 6 1
-211 -95 7 1
-223 -74 8 0
-224 -77 7 0
-224 -76 10 0
-224 -75 9 0
-224 -77 8 0
-227 -76 7 0
-226 -75 7 0
-227 -75 10 0
-226 -75 10 0
-225 -74 9 0
-227 -76 8 0
-226 -75 8 0
-225 -74 8 0
-228 -73 7 0
-228 -73 10 0
-230 -70 1 1
-228 -74 1 1
-228 -84 5 0
-226 -99 -1 1
-228 -62 6 1
-228 -62 5 1
-228 -63 5 1
-221 -58 2 1
-221 -60 3 0
-221 -60 2 1
-219 -58 4 0
-219 -58 5 0
-220 -57 -1 1
-220 -57 0 2
-220 -57 1 2
-225 -63 8 0
-226 -62 8 0
-226 -65 7 1
-226 -64 7 1
-226 -65 10 0
-226 -64 10 0
-226 -63 9 0
-226 -62 9 0
-226 -66 8 0
-226 -65 8 0
-226 -64 8 0
-226 -63 8 0
-229 -64 7 1
-228 -64 7 1
-237 -58 4 1
-238 -58 4 1
-240 -61 4 0
-237 -60 6 1
-237 -60 5 1
-238 -60 6 1
-238 -60 5 2
-216 -56 0 2
-216 -56 -1 1
-216 -56 1 1
-214 -55 4 1
-214 -55 3 1
-206 -59 4 2
-206 -59 3 2
-206 -59 2 2
-206 -60 4 1
-206 -60 3 1
-210 -89 3 1
-206 -60 2 1
-205 -59 3 2
-247 -60 5 0
-247 -61 3 0
-247 -60 3 0
-248 -64 4 0
-248 -64 5 0
-248 -64 3 0
-247 -63 4 0
-247 -63 5 0
-247 -63 3 0
-225 -66 1 2
-224 -66 -1 1
-240 -60 2 1
-239 -60 0 1
-203 -81 -1 2
-203 -81 -2 1
-203 -82 -2 1
-203 -83 -2 1
-204 -81 -1 1
-204 -81 -2 1
-204 -82 -2 1
-204 -83 -2 1
-238 -78 3 1
-237 -78 4 0
-201 -82 10 1
-201 -82 11 1
-201 -82 12 1
-228 -63 8 0
-230 -62 7 0
-230 -62 10 0
-229 -62 10 0
-229 -82 1 1
-229 -81 1 1
-228 -87 1 1
-228 -87 2 1
-228 -87 3 1
-228 -86 1 1
-228 -86 2 1
-228 -86 3 1
-228 -85 1 1
-228 -85 2 1
-228 -85 3 1
-230 -87 0 1
-233 -76 1 1
-242 -67 2 1
-242 -67 3 1
-241 -67 2 1
-241 -67 3 2
-240 -67 2 1
-236 -67 1 1
-236 -67 2 1
-239 -66 0 1
-239 -66 1 2
-233 -77 1 1
-210 -64 2 1
-210 -64 3 1
-210 -63 1 1
-210 -63 2 2
-209 -63 0 1
-207 -61 1 1
-207 -62 3 1
-237 -74 2 1
-238 -71 1 2
-239 -71 0 1
-239 -71 1 2
-239 -71 2 1
-239 -70 0 1
-239 -70 1 2
-239 -70 2 1
-238 -71 0 1
-238 -70 0 1
-238 -70 1 2
-238 -53 5 1
-237 -53 5 1
-236 -53 5 1
-237 -70 1 1
-242 -72 0 1
-242 -72 1 2
-241 -72 0 1
-241 -72 1 2
-240 -72 0 1
-240 -72 1 2
-233 -99 2 1
-238 -52 5 1
-237 -52 5 1
-236 -52 5 1
-204 -95 5 0
-204 -96 5 0
-202 -94 6 0
-201 -95 6 0
-204 -92 7 0
-203 -93 7 0
-202 -94 8 0
-204 -92 6 0
-202 -94 5 1
-201 -94 5 0
-204 -92 8 0
-204 -92 9 0
-204 -92 10 0
-243 -73 3 1
-226 -69 8 0
-210 -89 8 0
-224 -90 2 1
-207 -62 1 1
-207 -63 3 1
-207 -63 2 2
-207 -63 1 1
-208 -61 1 1
-217 -60 0 2
-217 -60 1 1
-249 -95 4 0
-249 -95 7 0
-232 -64 0 1
-224 -51 6 2
-225 -51 6 2
-223 -51 6 1
-225 -51 1 1
-224 -51 1 2
-223 -51 1 1
-221 -52 5 0
-222 -51 0 1
-222 -51 1 1
-241 -89 4 1
-241 -88 3 1
-241 -88 4 1
-241 -87 3 1
-241 -87 4 1
-245 -89 1 1
-240 -86 4 0
-229 -73 5 1
-229 -73 4 1
-229 -73 3 2
-235 -94 9 0
-239 -94 8 0
-237 -95 8 0
-235 -93 8 0
-231 -54 7 2
-231 -53 7 1
-231 -52 7 1
-230 -52 9 1
-230 -53 9 1
-230 -54 9 1
-203 -95 4 0
-201 -90 4 0
-204 -93 2 1
-204 -92 2 1
-204 -91 2 1
-203 -93 2 1
-203 -91 2 2
-202 -93 2 1
-202 -93 3 1
-202 -93 4 1
-202 -92 2 1
-207 -92 8 0
-205 -94 7 0
-206 -93 7 0
-225 -67 6 0
-227 -67 9 0
-230 -63 6 1
-230 -63 5 1
-238 -78 4 0
-237 -78 5 0
-230 -64 7 1
-230 -64 6 1
-230 -64 5 1
-228 -67 6 1
-216 -87 3 1
-238 -94 8 0
-238 -95 8 0
-236 -94 8 0
-239 -93 7 0
-237 -94 7 0
-237 -95 7 1
-235 -93 7 0
-239 -94 7 0
-236 -91 5 1
-236 -90 5 1
-236 -89 5 1
-235 -91 5 1
-235 -90 5 1
-235 -89 5 1
-236 -92 6 1
-215 -60 4 1
-215 -60 5 1
-215 -59 3 1
-202 -85 5 1
-213 -60 7 1
-212 -62 6 1
-216 -62 3 1
-212 -62 7 1
-202 -85 6 0
-217 -92 7 0
-217 -91 7 0
-217 -86 8 0
-250 -73 2 0
-216 -90 3 1
-203 -84 5 1
-216 -89 3 1
-216 -89 4 1
-216 -89 5 1
-229 -85 4 0
-229 -83 5 0
-222 -53 0 1
-244 -56 5 0
-201 -84 4 0
-201 -84 6 0
-201 -84 5 0
-202 -86 7 0
-201 -87 6 0
-201 -87 5 0
-202 -88 4 1
-204 -63 1 1
-204 -63 2 1
-204 -63 3 1
-203 -63 1 1
-204 -61 4 1
-205 -62 -1 1
-205 -62 0 2
-205 -61 -1 1
-205 -61 0 2
-205 -60 0 2
-206 -64 5 1
-225 -51 2 2
-225 -51 3 2
-225 -51 4 2
-224 -51 2 2
-243 -62 2 0
-216 -61 1 1
-216 -61 0 1
-216 -61 -1 1
-216 -62 1 1
-250 -53 -1 1
-250 -53 0 2
-250 -53 1 1
-223 -83 8 0
-223 -82 8 0
-226 -84 9 0
-225 -84 8 0
-225 -83 8 0
-230 -72 3 1
-221 -64 4 1
-210 -57 1 1
-210 -57 2 1
-212 -64 1 1
-212 -64 2 1
-212 -64 3 1
-236 -55 0 1
-237 -55 0 1
-236 -55 3 1
-250 -55 -1 1
-236 -55 1 2
-205 -86 3 1
-205 -86 4 2
-203 -86 5 1
-215 -59 1 1
-215 -59 0 1
-215 -59 -1 1
-215 -60 1 1
-215 -60 0 2
-215 -60 -1 1
-215 -61 1 1
-215 -61 0 2
-215 -61 -1 1
-245 -85 1 1
-245 -85 2 1
-208 -60 -1 1
-240 -63 1 2
-240 -63 2 1
-238 -64 0 1
-222 -84 8 0
-238 -64 1 2
-238 -64 2 1
-237 -64 0 1
-237 -64 1 2
-237 -64 2 2
-236 -64 0 1
-236 -64 1 2
-236 -64 2 1
-235 -63 0 1
-235 -63 1 2
-235 -63 2 1
-222 -51 4 0
-222 -51 3 0
-221 -51 4 0
-234 -70 4 1
-234 -70 5 1
-238 -63 5 2
-249 -66 -1 1
-250 -66 1 1
-219 -62 5 1
-219 -63 5 1
-219 -64 5 2
-220 -60 3 0
-239 -66 3 1
-239 -65 3 1
-239 -64 3 1
-250 -66 0 1
-250 -66 -1 1
-250 -66 2 0
-250 -65 3 0
-241 -91 6 0
-240 -91 6 0
-221 -75 -1 1
-221 -76 -1 1
-207 -51 4 1
-221 -77 -1 1
-222 -77 1 1
-211 -82 5 1
-209 -82 3 1
-212 -89 1 1
-211 -89 1 1
-210 -89 1 1
-210 -89 2 1
-210 -88 1 2
-210 -88 2 1
-226 -92 2 1
-225 -92 1 1
-227 -93 0 2
-227 -93 1 1
-227 -93 2 1
-227 -92 0 2
-205 -62 6 0
-206 -64 0 1
-229 -87 3 1
-229 -87 2 1
-229 -87 1 1
-230 -81 1 1
-230 -82 1 1
-226 -93 0 2
-226 -93 1 1
-226 -93 2 1
-226 -92 0 2
-225 -93 0 2
-225 -93 1 1
-225 -92 0 2
-225 -55 6 1
-226 -88 0 1
-225 -93 -1 1
-234 -87 2 1
-234 -87 3 1
-234 -87 4 1
-234 -86 2 1
-234 -86 3 1
-234 -86 4 1
-234 -85 2 1
-234 -85 3 1
-233 -84 3 0
-234 -84 2 1
-236 -84 2 1
-239 -74 2 1
-243 -88 4 2
-243 -88 5 1
-243 -87 1 2
-221 -78 1 1
-219 -71 5 1
-219 -71 4 1
-219 -71 3 1
-219 -72 5 1
-220 -71 5 1
-220 -71 4 1
-220 -71 3 1
-220 -72 5 1
-221 -71 5 2
-221 -71 4 1
-221 -71 3 1
-221 -72 5 2
-246 -57 6 0
-245 -58 4 0
-245 -58 5 0
-244 -58 4 0
-246 -59 5 0
-246 -58 5 0
-223 -58 -1 1
-224 -59 7 0
-223 -59 7 0
-229 -59 8 0
-234 -51 9 0
-228 -60 8 0
-234 -51 11 0
-230 -62 8 0
-213 -58 7 1
-203 -77 0 1
-204 -75 0 1
-204 -76 0 1
-204 -77 0 1
-239 -77 5 1
-201 -74 3 1
-201 -74 2 1
-201 -74 1 1
-201 -75 1 1
-201 -76 1 1
-202 -74 3 1
-202 -74 2 1
-202 -74 1 1
-203 -74 3 1
-218 -87 7 0
-218 -83 5 1
-218 -83 7 0
-217 -84 5 0
-217 -84 7 0
-217 -84 6 0
-210 -61 -1 1
-210 -62 -1 1
-208 -64 0 1
-209 -64 0 1
-244 -51 6 1
-244 -52 6 1
-244 -52 5 1
-227 -63 3 1
-228 -63 3 1
-229 -61 3 1
-229 -62 3 1
-229 -63 3 1
-215 -58 5 2
-220 -58 4 0
-239 -73 7 0
-212 -59 5 2
-212 -88 7 0
-207 -86 7 0
-247 -60 4 0
-243 -58 4 0
-243 -60 5 0
-245 -61 5 0
-239 -52 0 1
-238 -52 0 1
-215 -56 6 2
-215 -57 7 1
-204 -57 4 1
-204 -57 5 1
-202 -58 5 0
-202 -58 1 1
-227 -93 3 0
-227 -94 4 0
-227 -95 3 0
-228 -94 3 0
-226 -95 2 1
-230 -93 1 1
-214 -54 4 1
-214 -54 3 1
-214 -91 3 1
-215 -91 3 1
-216 -55 5 1
-250 -63 0 2
-250 -63 -1 1
-250 -63 2 0
-227 -99 6 1
-216 -90 4 1
-227 -100 6 1
-214 -85 8 0
-249 -62 1 1
-249 -62 0 1
-249 -62 -1 1
-217 -91 8 0
-250 -62 1 1
-250 -62 0 2
-250 -62 -1 1
-240 -60 3 0
-213 -61 7 1
-215 -56 5 2
-214 -56 5 1
-216 -55 4 2
-215 -55 4 1
-201 -57 5 0
-201 -57 4 0
-203 -56 2 0
-203 -56 4 0
-203 -56 3 0
-201 -56 2 0
-201 -56 4 0
-201 -55 3 0
-204 -54 6 2
-204 -54 5 1
-204 -54 4 1
-205 -53 6 1
-209 -81 0 1
-213 -89 1 1
-207 -83 2 1
-207 -83 1 2
-207 -83 0 1
-207 -84 2 1
-207 -85 2 2
-208 -82 3 1
-210 -81 4 1
-231 -75 3 2
-238 -98 -1 1
-202 -79 -2 1
-240 -97 2 0
-239 -98 3 0
-216 -52 2 1
-216 -52 1 1
-226 -72 6 0
-224 -68 6 0
-228 -70 7 0
-227 -70 9 0
-201 -80 1 0
-202 -81 1 0
-202 -78 3 1
-202 -78 2 1
-226 -68 5 0
-228 -68 6 0
-225 -70 6 0
-228 -70 6 0
-227 -69 6 0
-226 -71 6 0
-228 -70 8 0
-227 -69 9 0
-228 -69 6 0
-227 -70 6 0
-225 -67 7 0
-227 -68 9 0
-209 -87 7 0
-220 -65 1 1
-220 -65 0 1
-223 -51 4 1
-250 -89 4 0
-250 -89 6 0
-203 -61 0 2
-250 -89 5 0
-203 -62 2 2
-225 -61 2 2
-225 -62 3 2
-225 -62 2 2
-218 -59 0 2
-235 -53 1 1
-225 -80 10 0
-235 -53 3 1
-235 -55 0 1
-226 -94 1 1
-226 -93 -1 1
-225 -95 -1 1
-225 -95 0 2
-225 -95 1 1
-225 -94 -1 1
-225 -94 0 2
-225 -94 1 1
-223 -66 7 0
-226 -63 10 0
-226 -63 11 0
-208 -59 2 2
-203 -57 3 0
-241 -57 1 2
-241 -57 2 1
-240 -58 0 1
-223 -60 1 2
-201 -61 5 0
-201 -62 4 0
-250 -94 3 0
-237 -72 3 1
-245 -64 5 0
-245 -64 4 0
-238 -65 6 1
-211 -64 4 1
-209 -61 5 1
-208 -61 5 1
-212 -61 -1 1
-212 -61 0 2
-250 -70 3 0
-212 -60 -1 1
-244 -67 5 2
-243 -65 5 0
-250 -92 4 0
-211 -61 5 1
-210 -63 5 2
-210 -62 5 2
-227 -59 -1 1
-228 -58 -1 1
-228 -59 -1 1
-228 -60 -1 1
-229 -58 -1 1
-229 -59 -1 1
-229 -60 -1 1
-225 -60 1 1
-235 -74 5 1
-225 -60 -1 1
-250 -72 -1 1
-250 -73 1 1
-216 -64 2 1
-238 -63 2 1
-208 -60 1 1
-204 -56 2 1
-204 -56 1 1
-204 -56 0 1
-219 -60 0 2
-218 -60 5 0
-219 -58 2 1
-218 -57 1 2
-218 -57 0 2
-218 -57 -1 1
-222 -65 6 1
-219 -67 6 1
-219 -68 6 1
-219 -67 5 1
-227 -52 9 0
-226 -52 9 0
-225 -52 9 0
-227 -52 10 0
-226 -52 10 0
-227 -52 8 1
-226 -52 7 2
-238 -70 2 1
-238 -69 2 1
-238 -69 3 1
-212 -85 6 0
-222 -59 0 2
-232 -55 8 1
-232 -55 9 1
-232 -55 10 1
-231 -55 8 2
-231 -55 9 1
-231 -55 10 1
-230 -55 8 1
-230 -55 10 1
-232 -55 7 2
-231 -55 7 2
-230 -54 7 1
-230 -53 7 1
-229 -53 9 0
-229 -54 9 0
-203 -64 -2 1
-203 -65 -2 1
-215 -58 3 2
-229 -55 10 0
-229 -56 10 0
-229 -53 8 1
-229 -54 8 0
-229 -55 8 0
-201 -65 1 0
-227 -55 9 0
-228 -54 10 0
-201 -64 1 0
-227 -54 8 1
-203 -65 2 0
-212 -94 7 1
-212 -94 6 1
-212 -94 5 1
-211 -93 8 0
-211 -94 7 1
-211 -93 7 1
-211 -86 8 0
-211 -87 7 0
-230 -56 7 1
-243 -68 6 1
-206 -83 4 1
-206 -83 3 1
-206 -84 5 1
-224 -58 3 1
-226 -56 -1 1
-225 -56 -1 1
-220 -62 -1 1
-219 -64 0 1
-209 -88 1 1
-209 -88 0 1
-210 -88 0 2
-209 -87 1 2
-210 -87 0 1
-239 -67 3 0
-240 -66 3 1
-239 -64 2 1
-236 -65 1 2
-236 -65 2 1
-203 -61 3 1
-220 -59 4 0
-202 -60 3 0
-202 -60 2 1
-201 -59 3 0
-211 -62 1 2
-211 -62 2 2
-211 -62 3 2
-211 -61 1 1
-211 -61 2 1
-211 -61 3 1
-210 -61 1 1
-211 -63 4 1
-211 -62 4 2
-214 -61 0 2
-244 -61 5 0
-201 -86 4 0
-232 -74 2 1
-229 -53 4 0
-229 -53 12 0
-229 -53 11 0
-229 -53 10 0
-226 -56 7 1
-226 -56 10 0
-228 -54 9 0
-226 -56 8 0
-227 -55 8 1
-228 -54 8 1
-229 -57 7 0
-229 -57 10 0
-229 -57 8 0
-229 -56 8 0
-231 -55 6 1
-231 -56 6 1
-231 -57 8 2
-231 -57 7 2
-231 -57 6 1
-232 -55 6 1
-232 -56 6 1
-232 -57 8 1
-232 -57 7 1
-232 -57 6 1
-233 -55 8 1
-233 -55 7 1
-233 -55 6 1
-233 -56 8 1
-233 -56 7 1
-233 -56 6 1
-233 -57 8 1
-233 -57 7 1
-218 -89 7 0
-233 -57 6 1
-231 -56 10 0
-230 -56 9 1
-230 -56 8 1
-208 -59 1 2
-208 -60 2 1
-219 -59 1 1
-219 -59 0 2
-219 -59 -1 1
-219 -60 1 1
-204 -57 2 1
-204 -57 1 1
-204 -57 0 1
-204 -58 1 1
-204 -58 0 1
-205 -56 2 1
-205 -56 1 1
-205 -56 0 1
-205 -57 2 1
-205 -57 0 1
-206 -56 2 1
-220 -69 1 1
-220 -69 0 1
-220 -70 0 1
-221 -68 1 1
-221 -68 0 1
-221 -69 0 1
-221 -70 0 1
-222 -69 2 1
-221 -69 1 2
-222 -68 2 1
-219 -68 2 1
-220 -68 2 1
-221 -68 2 1
-223 -71 5 0
-222 -70 1 2
-222 -70 0 1
-222 -70 -1 1
-219 -70 3 1
-219 -70 2 1
-219 -70 1 1
-220 -70 3 2
-220 -70 2 1
-220 -70 1 1
-221 -70 3 1
-221 -70 2 1
-221 -70 1 1
-222 -71 5 1
-222 -71 4 1
-223 -89 3 2
-223 -89 4 1
-222 -89 3 2
-222 -89 4 2
-221 -89 3 1
-250 -78 4 0
-250 -79 3 0
-250 -80 2 0
-250 -80 -1 1
-250 -80 0 2
-250 -80 1 1
-249 -80 -1 1
-226 -81 1 1
-222 -93 1 1
-221 -94 1 1
-221 -93 1 1
-224 -94 2 0
-250 -58 3 0
-250 -59 2 0
-225 -54 5 1
-225 -54 6 1
-225 -53 5 1
-225 -53 6 1
-225 -52 5 1
-225 -52 6 1
-224 -54 5 1
-224 -54 6 1
-226 -58 7 1
-226 -58 6 1
-226 -58 5 1
-227 -58 7 1
-227 -58 6 1
-227 -58 5 1
-209 -62 3 2
-240 -66 2 1
-239 -64 0 1
-239 -64 1 2
-242 -66 0 1
-242 -66 1 1
-242 -66 2 1
-241 -66 0 1
-241 -66 1 2
-241 -66 2 1
-240 -66 0 1
-240 -66 1 1
-236 -68 0 1
-236 -67 0 1
-236 -66 0 1
-229 -96 0 2
-250 -67 2 0
-242 -56 1 1
-242 -56 0 1
-215 -85 7 0
-215 -85 5 0
-216 -84 6 0
-216 -84 7 0
-216 -84 5 0
-217 -83 6 1
-217 -83 7 0
-231 -61 1 2
-235 -56 1 1
-235 -56 2 1
-235 -56 3 1
-207 -59 2 2
-207 -59 1 2
-207 -60 3 1
-207 -60 2 1
-220 -53 4 0
-220 -53 3 0
-219 -53 2 1
-219 -54 4 0
-237 -71 2 1
-227 -61 0 2
-227 -61 -1 1
-227 -62 -1 1
-226 -61 0 2
-226 -60 1 1
-226 -61 1 1
-226 -62 1 2
-227 -61 1 1
-216 -63 5 2
-214 -61 4 1
-214 -61 3 1
-237 -52 2 2
-237 -52 3 2
-222 -53 -1 1
-222 -54 -1 1
-222 -55 -1 1
-217 -53 0 2
-226 -53 6 1
-205 -86 2 1
-205 -86 1 2
-205 -86 0 2
-205 -87 2 1
-205 -87 1 2
-205 -87 0 2
-205 -88 2 1
-202 -76 0 1
-201 -76 -2 1
-201 -76 -1 2
-201 -76 0 1
-210 -85 6 0
-211 -85 6 0
-210 -84 5 1
-241 -94 5 1
-240 -97 5 0
-241 -93 4 1
-241 -95 4 1
-244 -94 5 1
-244 -95 5 1
-240 -96 4 0
-241 -95 5 1
-243 -95 5 1
-242 -96 6 0
-243 -97 6 0
-240 -97 3 0
-239 -51 0 1
-240 -51 2 2
-219 -51 5 0
-218 -51 5 1
-240 -51 1 2
-240 -51 0 1
-202 -84 5 1
-244 -100 4 0
-243 -100 4 0
-241 -51 2 1
-243 -99 5 0
-220 -83 3 1
-216 -55 3 2
-240 -77 4 2
-240 -78 5 1
-217 -53 2 1
-217 -53 1 1
-217 -54 2 1
-217 -54 1 1
-216 -54 2 2
-218 -52 3 0
-239 -76 4 1
-215 -52 4 1
-215 -52 3 1
-215 -53 5 1
-215 -53 4 1
-215 -53 3 1
-215 -54 5 2
-215 -54 4 2
-215 -54 3 1
-216 -64 6 1
-218 -60 1 1
-216 -63 6 1
-235 -68 5 1
-235 -68 6 1
-208 -57 1 1
-208 -57 0 1
-220 -58 3 0
-207 -60 -1 1
-207 -61 -1 1
-234 -55 2 1
-234 -55 1 1
-234 -56 3 1
-234 -56 2 1
-234 -56 1 1
-202 -52 3 0
-201 -52 2 1
-201 -52 4 0
-201 -52 3 0
-210 -64 5 1
-212 -51 0 1
-210 -64 0 1
-211 -64 0 1
-212 -62 0 1
-212 -63 0 1
-212 -64 0 1
-210 -61 5 1
-225 -58 0 1
-223 -56 4 2
-223 -55 2 1
-223 -55 3 1
-225 -65 6 2
-214 -51 -1 1
-226 -64 6 2
-226 -65 6 2
-222 -55 1 1
-217 -56 2 1
-218 -55 -1 1
-218 -55 0 2
-218 -55 1 2
-217 -55 -1 1
-217 -55 0 2
-217 -55 1 2
-222 -73 3 0
-219 -51 4 0
-205 -58 1 1
-205 -59 1 1
-215 -83 4 1
-215 -84 5 0
-215 -84 7 0
-215 -84 6 0
-214 -85 5 0
-214 -85 7 0
-214 -85 6 0
-216 -82 4 2
-216 -83 6 1
-216 -83 5 1
-216 -83 4 1
-217 -81 6 1
-217 -81 5 1
-217 -81 4 1
-217 -82 6 1
-217 -82 4 2
-217 -83 5 1
-217 -83 4 1
-221 -81 9 0
-224 -80 4 1
-224 -80 5 1
-224 -80 6 1
-224 -80 12 0
-224 -80 11 0
-221 -82 10 0
-222 -82 9 0
-221 -83 8 0
-222 -82 8 0
-223 -81 8 0
-224 -83 10 0
-224 -83 9 0
-224 -84 8 0
-226 -82 10 0
-226 -82 9 0
-225 -81 9 0
-227 -83 8 0
-226 -82 8 0
-225 -81 8 0
-227 -80 10 0
-228 -80 8 0
-225 -79 7 0
-211 -63 3 2
-211 -63 2 2
-211 -63 1 2
-210 -61 3 1
-218 -62 2 1
-218 -62 3 1
-218 -62 4 1
-229 -70 2 2
-229 -69 2 2
-229 -69 3 2
-229 -69 4 2
-233 -75 2 1
-233 -74 2 1
-219 -69 3 1
-220 -67 3 1
-220 -68 3 1
-220 -69 3 2
-221 -68 3 1
-221 -69 3 1
-224 -62 5 1
-224 -63 5 1
-219 -67 3 1
-219 -68 5 1
-219 -68 4 1
-231 -60 1 1
-231 -62 0 1
-231 -61 0 1
-231 -60 0 1
-231 -59 0 1
-231 -59 1 2
-233 -63 4 1
-209 -63 1 2
-209 -63 2 2
-209 -63 3 2
-220 -52 1 2
-220 -52 0 1
-236 -73 4 1
-221 -52 1 2
-221 -52 0 1
-222 -52 1 2
-222 -52 0 1
-221 -62 -1 1
-220 -64 -1 1
-214 -82 -1 1
-214 -84 2 1
-213 -81 0 1
-213 -82 0 1
-213 -83 0 1
-211 -81 3 1
-211 -81 2 1
-211 -81 1 1
-232 -68 4 1
-232 -69 6 1
-244 -53 2 1
-249 -53 4 0
-210 -58 3 1
-229 -54 10 0
-242 -90 6 0
-227 -51 7 2
-227 -51 6 2
-227 -52 6 1
-227 -53 6 2
-227 -52 7 2
-227 -53 10 0
-227 -54 10 0
-223 -52 8 1
-223 -52 7 1
-223 -53 8 1
-223 -53 7 1
-223 -54 8 1
-223 -54 7 1
-224 -52 8 1
-224 -52 7 2
-224 -53 8 1
-224 -54 7 1
-224 -53 7 2
-223 -56 7 0
-224 -56 7 0
-224 -56 10 0
-225 -56 10 0
-225 -56 9 0
-226 -56 9 0
-223 -56 8 0
-204 -88 5 1
-240 -90 3 2
-231 -78 8 0
-240 -90 2 2
-231 -77 8 0
-240 -91 4 1
-232 -77 4 2
-232 -77 5 2
-231 -78 4 2
-231 -78 5 1
-231 -77 4 1
-231 -77 5 1
-240 -91 3 2
-240 -91 2 2
-240 -92 4 1
-240 -92 3 1
-240 -92 2 2
-241 -91 4 1
-241 -91 2 2
-234 -80 6 1
-241 -100 4 0
-234 -79 6 1
-234 -79 7 0
-233 -80 6 1
-233 -80 7 0
-241 -92 2 2
-242 -91 4 2
-232 -79 8 0
-242 -91 3 1
-231 -80 8 0
-242 -91 2 1
-242 -92 2 2
-232 -80 4 1
-232 -80 5 2
-232 -79 4 1
-232 -79 5 2
-231 -80 4 1
-231 -80 5 2
-241 -91 3 2
-241 -92 4 1
-241 -92 3 2
-242 -92 4 2
-242 -92 3 1
-243 -92 5 1
-233 -81 6 1
-243 -92 4 2
-228 -82 8 0
-216 -84 8 0
-227 -81 5 1
-243 -92 3 1
-242 -92 5 1
-215 -84 8 0
-241 -92 5 1
-242 -93 6 0
-240 -93 6 0
-243 -94 6 0
-241 -93 6 0
-236 -78 6 0
-236 -78 7 0
-236 -77 6 0
-236 -77 7 0
-235 -78 6 1
-235 -78 7 0
-234 -78 8 0
-241 -94 6 0
-234 -77 8 0
-240 -94 3 1
-233 -78 8 0
-214 -86 3 1
-240 -95 4 1
-234 -78 4 2
-234 -78 5 2
-240 -93 4 1
-239 -67 0 1
-243 -71 2 1
-241 -93 5 1
-240 -94 4 1
-240 -95 5 1
-243 -95 6 0
-241 -96 6 0
-242 -94 6 0
-244 -93 1 1
-244 -94 1 1
-240 -96 5 0
-225 -88 7 1
-224 -88 5 1
-224 -87 5 1
-224 -86 5 1
-223 -87 7 0
-223 -88 7 0
-223 -89 7 0
-201 -91 7 0
-223 -88 8 0
-238 -81 5 0
-232 -58 0 1
-237 -83 6 0
-232 -59 1 2
-237 -81 1 2
-237 -81 0 1
-223 -81 9 0
-223 -85 9 0
-228 -73 2 1
-223 -54 3 1
-240 -58 1 2
-223 -85 3 1
-237 -63 2 2
-245 -57 3 0
-223 -60 -1 1
-201 -51 1 1
-224 -83 3 1
-224 -83 11 0
-214 -92 7 1
-241 -92 6 0
-243 -93 6 0
-242 -92 6 0
-240 -93 5 1
-239 -93 5 1
-242 -91 5 1
-243 -91 3 1
-243 -91 4 1
-243 -91 5 1
-241 -91 5 1
-239 -94 4 1
-240 -95 3 1
-250 -73 0 2
-250 -73 -1 1
-219 -67 4 1
-250 -96 5 0
-225 -80 0 1
-226 -79 1 2
-226 -79 0 1
-218 -89 2 1
-218 -90 2 1
-219 -88 3 1
-219 -88 2 1
-219 -89 2 1
-222 -63 0 2
-222 -63 1 1
-221 -63 0 1
-220 -62 0 1
-236 -52 3 1
-236 -52 2 1
-236 -52 1 1
-222 -61 4 0
-221 -61 4 0
-222 -58 -1 1
-225 -58 5 1
-225 -57 5 1
-225 -56 5 1
-232 -63 2 2
-210 -62 2 2
-213 -62 -1 1
-213 -62 0 1
-224 -82 6 0
-223 -82 6 0
-212 -62 -1 1
-224 -82 7 0
-224 -81 6 1
-224 -81 7 0
-225 -81 6 1
-225 -81 7 0
-226 -83 6 0
-249 -81 2 1
-249 -82 2 1
-249 -84 2 1
-249 -85 2 1
-249 -85 1 1
-249 -85 0 2
-249 -86 2 1
-249 -86 1 1
-249 -86 0 2
-250 -85 2 1
-250 -85 0 2
-250 -86 2 1
-250 -86 1 1
-250 -86 0 2
-250 -85 1 2
-249 -83 2 1
-250 -84 2 1
-249 -82 3 0
-250 -83 3 0
-242 -74 3 1
-242 -74 4 1
-241 -74 3 2
-241 -74 4 1
-240 -74 3 1
-240 -74 4 1
-243 -77 0 1
-243 -76 0 1
-243 -75 0 1
-242 -77 0 1
-242 -76 0 1
-242 -75 0 1
-250 -60 0 2
-250 -60 1 1
-249 -60 -1 1
-249 -60 0 1
-225 -52 10 0
-225 -52 7 2
-228 -52 10 0
-232 -59 7 1
-229 -79 2 1
-229 -78 2 1
-229 -78 3 1
-232 -77 2 1
-244 -62 6 0
-244 -62 5 0
-236 -61 0 1
-237 -61 2 2
-216 -88 3 1
-249 -65 1 1
-225 -87 7 1
-201 -63 15 0
-224 -74 3 2
-202 -64 16 0
-223 -71 3 0
-202 -63 15 0
-201 -64 14 0
-201 -65 15 0
-240 -90 1 2
-240 -88 5 0
-203 -64 15 0
-239 -88 7 1
-202 -65 14 0
-239 -77 7 0
-203 -63 14 0
-201 -65 13 0
-239 -78 6 0
-240 -77 7 0
-202 -64 13 0
-240 -78 7 0
-203 -63 13 1
-239 -86 7 1
-202 -65 12 1
-238 -87 7 2
-202 -64 12 1
-201 -63 12 0
-239 -90 7 1
-239 -89 7 1
-238 -90 7 2
-238 -89 7 2
-237 -90 7 2
-237 -89 7 2
-240 -87 6 0
-239 -90 0 1
-239 -90 1 2
-239 -89 0 1
-238 -90 0 1
-213 -91 8 0
-214 -90 6 1
-221 -59 1 2
-249 -96 4 0
-248 -96 4 0
-246 -95 4 0
-247 -96 4 0
-246 -95 5 0
-247 -96 5 0
-205 -94 6 0
-246 -97 4 0
-246 -97 6 0
-222 -56 0 1
-208 -84 6 1
-209 -82 6 1
-209 -82 5 1
-209 -82 4 1
-209 -83 6 1
-209 -84 6 1
-207 -87 3 1
-207 -87 4 1
-208 -57 3 1
-206 -87 3 1
-206 -87 4 1
-206 -87 5 1
-206 -86 3 1
-206 -86 4 2
-238 -91 2 2
-206 -61 6 1
-217 -59 0 2
-237 -76 8 0
-204 -64 3 0
-204 -63 4 1
-203 -63 4 1
-204 -62 4 1
-204 -62 5 0
-203 -63 -1 1
-203 -63 0 1
-206 -58 1 2
-215 -83 5 1
-215 -83 6 1
-215 -82 4 2
-215 -82 5 1
-238 -53 0 1
-237 -53 0 1
-237 -53 1 2
-237 -53 2 2
-236 -53 0 1
-236 -53 1 1
-236 -53 2 1
-236 -52 0 1
-227 -72 4 1
-227 -72 3 1
-228 -71 4 1
-228 -70 4 1
-228 -71 3 1
-228 -70 3 1
-229 -70 5 1
-229 -69 5 1
-228 -71 5 1
-208 -86 5 1
-242 -68 6 0
-240 -68 6 1
-209 -85 6 0
-207 -85 3 1
-207 -85 4 1
-227 -66 3 1
-222 -67 3 0
-222 -67 5 1
-246 -58 3 0
-246 -57 5 0
-205 -82 5 1
-246 -58 4 0
-248 -57 3 0
-247 -57 5 0
-205 -85 6 0
-204 -86 6 0
-204 -86 5 1
-246 -53 5 1
-245 -53 3 1
-239 -58 0 1
-240 -58 2 1
-223 -85 4 1
-246 -97 1 1
-246 -98 3 1
-246 -98 2 1
-246 -98 1 1
-226 -67 1 1
-246 -99 2 1
-246 -99 1 1
-210 -58 6 1
-211 -64 6 1
-211 -63 6 2
-211 -62 6 1
-210 -64 6 1
-210 -63 6 1
-210 -62 6 2
-209 -64 6 1
-223 -66 -1 1
-209 -63 6 1
-209 -62 6 2
-224 -67 2 1
-228 -56 0 1
-228 -56 1 1
-228 -56 2 1
-227 -57 0 1
-227 -57 2 1
-227 -56 0 1
-227 -56 1 1
-227 -56 2 1
-226 -57 0 1
-226 -57 1 2
-226 -57 2 1
-226 -56 0 1
-226 -56 1 1
-226 -56 2 1
-228 -57 -1 1
-227 -57 -1 1
-226 -57 -1 1
-236 -65 5 1
-236 -65 4 1
-236 -66 5 1
-236 -66 4 1
-235 -67 3 1
-235 -68 3 1
-235 -69 3 1
-223 -83 6 0
-201 -75 2 1
-224 -87 4 1
-224 -88 4 1
-224 -89 6 1
-224 -89 5 1
-224 -89 4 1
-225 -87 4 1
-225 -88 4 2
-217 -64 0 1
-237 -68 7 1
-236 -67 7 1
-215 -82 6 1
-224 -84 3 0
-243 -63 4 0
-225 -83 5 0
-243 -63 2 0
-225 -89 6 1
-243 -63 3 0
-243 -63 6 0
-242 -64 5 0
-222 -89 5 2
-220 -88 8 0
-224 -78 3 1
-220 -79 3 1
-231 -99 6 0
-231 -100 6 0
-233 -100 6 0
-233 -100 5 0
-235 -99 2 1
-235 -99 3 1
-201 -52 -2 1
-235 -98 4 1
-235 -97 3 1
-237 -82 3 1
-234 -100 0 1
-234 -99 0 1
-234 -99 1 1
-232 -100 6 0
-232 -99 6 0
-234 -100 5 0
-236 -99 2 1
-236 -99 3 1
-226 -55 10 0
-236 -98 2 1
-236 -98 3 1
-236 -83 4 1
-236 -97 2 1
-237 -84 4 0
-235 -99 1 1
-214 -64 7 1
-215 -62 7 1
-215 -63 7 1
-234 -82 3 2
-215 -64 7 1
-225 -82 3 2
-235 -80 3 2
-237 -100 1 1
-242 -100 3 0
-242 -100 2 1
-236 -82 7 0
-236 -81 6 0
-235 -83 6 0
-236 -84 5 0
-237 -80 5 0
-235 -84 5 0
-235 -81 4 1
-236 -80 4 1
-235 -82 4 1
-234 -82 4 1
-239 -68 0 1
-239 -69 2 1
-239 -69 1 2
-239 -69 0 1
-236 -71 0 1
-236 -72 2 1
-236 -72 1 1
-236 -72 0 1
-236 -73 2 1
-236 -73 1 1
-236 -73 0 1
-205 -88 1 1
-205 -88 0 1
-239 -70 8 0
-238 -71 7 0
-222 -54 4 1
-230 -71 2 1
-207 -88 0 1
-207 -88 1 1
-207 -88 2 1
-206 -88 0 1
-206 -88 1 1
-206 -88 2 1
-206 -87 0 2
-206 -87 1 2
-206 -87 2 1
-206 -86 2 1
-211 -89 -1 1
-210 -89 -1 1
-245 -55 5 0
-246 -54 3 0
-245 -55 3 0
-242 -85 1 2
-242 -80 4 1
-246 -57 2 0
-203 -86 6 0
-204 -85 6 0
-204 -84 6 1
-224 -68 -1 1
-224 -69 0 2
-241 -56 0 1
-226 -69 -1 1
-228 -53 9 0
-227 -54 9 0
-219 -82 0 2
-219 -82 -1 1
-219 -83 0 2
-219 -83 -1 1
-218 -84 1 1
-218 -84 0 2
-218 -84 -1 1
-218 -85 -1 1
-218 -86 -1 1
-220 -81 0 1
-220 -81 -1 1
-221 -67 0 1
-221 -67 1 2
-225 -65 1 1
-204 -89 2 1
-204 -88 2 1
-203 -89 2 1
-203 -88 2 1
-202 -89 2 1
-202 -88 2 1
-222 -68 0 2
-222 -68 1 1
-244 -87 2 2
-241 -67 7 1
-241 -67 6 1
-242 -65 8 1
-242 -65 7 1
-242 -66 8 1
-242 -66 7 1
-242 -67 8 1
-242 -67 7 1
-220 -63 6 1
-222 -78 9 0
-221 -78 9 0
-221 -78 10 0
-219 -79 6 1
-236 -59 2 2
-236 -59 1 2
-236 -59 0 1
-214 -58 1 1
-213 -60 5 2
-234 -99 5 0
-201 -70 1 0
-204 -71 2 1
-204 -72 2 1
-223 -67 4 0
-246 -60 3 0
-238 -60 2 1
-237 -59 0 1
-237 -59 1 2
-237 -59 2 2
-216 -91 6 1
-216 -92 8 0
-216 -91 8 0
-216 -92 7 1
-216 -91 7 1
-218 -91 6 1
-214 -87 8 0
-212 -88 6 1
-212 -88 8 0
-227 -76 10 0
-226 -76 7 0
-224 -78 8 0
-249 -97 6 0
-224 -76 9 0
-224 -77 10 0
-224 -78 7 0
-223 -75 8 1
-223 -75 9 0
-222 -76 10 0
-222 -78 6 2
-222 -78 7 1
-222 -78 8 1
-221 -78 6 1
-221 -78 7 2
-221 -78 8 1
-220 -78 6 1
-220 -78 7 2
-220 -78 8 1
-224 -74 11 0
-224 -74 12 0
-224 -74 6 0
-224 -74 5 0
-224 -74 4 1
-216 -81 6 1
-216 -81 5 1
-216 -81 4 1
-216 -82 6 1
-216 -82 5 2
-246 -62 4 0
-244 -60 3 0
-242 -63 7 1
-242 -60 5 0
-242 -60 4 0
-250 -94 5 0
-243 -65 6 0
-250 -94 4 0
-213 -61 5 2
-224 -54 4 1
-236 -65 3 1
-239 -69 3 1
-239 -69 4 1
-239 -69 6 0
-238 -72 6 0
-238 -72 4 1
-233 -70 4 1
-233 -70 5 1
-233 -70 6 1
-233 -69 4 2
-233 -69 5 2
-234 -72 5 0
-233 -72 5 0
-231 -81 7 0
-229 -81 7 0
-229 -82 7 0
-229 -81 6 1
-229 -82 6 1
-228 -81 7 0
-228 -81 6 1
-229 -80 8 0
-229 -80 9 0
-229 -80 5 1
-201 -54 3 0
-201 -54 4 0
-201 -54 2 0
-202 -55 3 0
-202 -55 4 0
-211 -62 -1 1
-226 -84 7 0
-226 -85 6 1
-223 -82 7 0
-223 -83 7 0
-222 -83 6 0
-249 -54 0 1
-249 -54 -1 1
-250 -54 1 1
-250 -54 0 2
-250 -54 -1 1
-216 -64 7 1
-217 -64 7 1
-218 -62 7 1
-218 -63 7 1
-218 -64 7 1
-214 -58 7 1
-223 -58 4 1
-227 -77 6 1
-227 -78 6 1
-228 -77 6 1
-237 -75 2 1
-237 -75 1 2
-237 -75 0 1
-237 -76 2 1
-237 -76 1 2
-237 -76 0 1
-237 -77 2 1
-217 -81 7 1
-217 -82 7 1
-238 -75 2 1
-238 -75 1 2
-238 -75 0 1
-238 -76 2 1
-222 -76 8 1
-222 -76 7 2
-222 -76 6 1
-222 -74 10 0
-223 -73 9 0
-223 -73 8 1
-224 -76 7 0
-224 -75 10 0
-224 -74 9 0
-212 -64 6 1
-224 -76 8 0
-238 -82 4 0
-250 -74 4 0
-236 -87 6 1
-236 -86 6 2
-250 -76 3 0
-236 -98 4 1
-238 -81 4 0
-236 -97 4 1
-239 -81 4 1
-250 -77 2 0
-238 -81 3 1
-235 -97 4 1
-250 -76 2 0
-223 -79 8 1
-224 -82 10 0
-224 -81 9 0
-224 -80 9 0
-227 -58 -1 1
-224 -82 8 0
-226 -80 7 0
-227 -81 10 0
-226 -80 9 0
-225 -79 9 0
-227 -81 8 0
-226 -80 8 0
-225 -79 8 0
-228 -78 10 0
-227 -78 9 0
-228 -78 8 0
-214 -60 8 1
-248 -53 5 0
-210 -58 4 1
-210 -58 5 1
-210 -60 0 2
-210 -60 1 1
-210 -60 2 1
-210 -59 0 1
-210 -59 1 2
-210 -59 2 2
-210 -58 0 1
-210 -58 1 1
-202 -53 6 0
-210 -64 1 1
-201 -51 6 0
-203 -54 4 1
-203 -54 5 1
-203 -54 6 1
-203 -53 4 1
-202 -81 11 1
-202 -81 10 1
-201 -80 11 2
-201 -79 12 1
-202 -78 13 0
-201 -79 13 0
-201 -79 14 0
-201 -78 14 0
-239 -82 3 0
-240 -81 2 1
-238 -83 3 0
-239 -83 4 0
-238 -65 3 2
-201 -74 11 1
-201 -74 10 1
-201 -74 9 1
-201 -75 10 1
-201 -75 9 1
-201 -76 10 1
-201 -76 9 1
-201 -77 11 0
-201 -77 12 0
-201 -76 12 0
-202 -76 13 0
-201 -77 13 0
-202 -75 13 0
-202 -76 14 0
-201 -75 14 0
-201 -76 15 0
-201 -75 11 1
-201 -76 11 1
-202 -75 12 0
-201 -75 12 0
-201 -76 13 0
-202 -75 14 0
-201 -75 13 0
-201 -76 14 0
-202 -74 14 0
-201 -75 15 0
-250 -68 -1 1
-228 -97 1 1
-250 -68 0 2
-228 -98 3 1
-227 -97 2 2
-227 -80 9 0
-227 -96 3 1
-227 -97 1 2
-230 -92 0 1
-231 -91 2 1
-231 -92 2 1
-201 -72 11 0
-201 -73 12 0
-201 -72 12 0
-202 -72 12 0
-201 -73 13 0
-203 -71 13 0
-202 -71 13 0
-202 -73 13 0
-202 -72 14 0
-201 -73 14 0
-201 -72 15 0
-201 -71 12 0
-202 -71 12 0
-201 -72 13 0
-203 -70 13 0
-202 -72 13 0
-202 -71 14 0
-201 -72 14 0
-201 -71 14 0
-202 -70 15 0
-201 -71 15 0
-201 -68 9 1
-201 -69 9 1
-201 -70 11 1
-201 -70 10 1
-201 -70 9 1
-202 -68 9 1
-202 -69 9 1
-202 -70 11 1
-202 -70 10 1
-228 -82 9 0
-227 -85 9 0
-222 -85 9 0
-229 -90 5 1
-229 -91 5 1
-229 -92 5 1
-224 -94 3 0
-224 -94 4 0
-226 -93 5 0
-225 -93 5 0
-225 -92 6 0
-226 -99 2 1
-226 -99 1 1
-227 -99 3 2
-220 -64 1 1
-203 -84 1 1
-203 -84 0 2
-203 -84 -1 1
-203 -85 2 2
-203 -85 1 2
-203 -85 0 2
-223 -94 2 1
-220 -83 4 1
-221 -86 3 2
-221 -87 3 1
-227 -99 1 1
-227 -99 2 1
-208 -61 -1 1
-234 -57 1 1
-207 -61 4 0
-204 -61 2 1
-215 -62 5 2
-201 -57 3 0
-201 -56 3 0
-204 -53 6 2
-206 -53 2 1
-205 -53 2 1
-204 -53 2 1
-203 -51 2 1
-246 -55 3 0
-201 -51 4 0
-219 -71 8 1
-223 -62 8 0
-222 -62 8 0
-225 -62 9 0
-228 -64 8 0
-229 -64 8 0
-208 -95 5 1
-202 -79 11 1
-202 -51 7 0
-203 -52 7 1
-202 -52 7 0
-205 -52 7 1
-205 -52 8 1
-205 -51 8 1
-202 -79 10 1
-204 -52 7 2
-204 -52 8 2
-204 -51 8 2
-202 -80 12 1
-203 -52 8 1
-203 -51 8 1
-202 -80 11 1
-202 -80 10 1
-201 -52 6 0
-205 -53 7 1
-204 -53 7 2
-203 -53 5 1
-203 -53 6 1
-237 -66 6 1
-218 -58 3 0
-218 -58 4 0
-213 -86 6 1
-212 -86 6 1
-213 -86 5 1
-212 -86 5 1
-213 -84 6 0
-213 -84 5 0
-238 -78 5 0
-240 -71 6 0
-241 -70 5 1
-241 -70 7 0
-241 -70 6 0
-234 -77 7 0
-234 -78 7 0
-233 -77 6 1
-233 -77 7 0
-225 -69 2 2
-225 -69 1 2
-225 -70 2 2
-225 -70 1 2
-225 -71 2 2
-225 -71 1 2
-226 -69 2 2
-226 -69 1 1
-227 -69 2 2
-227 -69 1 1
-226 -70 6 0
-226 -70 5 0
-225 -72 4 1
-225 -73 4 1
-225 -74 4 1
-226 -68 3 1
-226 -68 4 0
-226 -69 3 1
-225 -69 4 0
-232 -59 8 1
-232 -59 9 1
-231 -59 7 1
-232 -99 2 1
-231 -100 2 1
-232 -100 2 1
-233 -100 -1 1
-233 -100 0 1
-233 -100 1 2
-233 -99 -1 1
-233 -99 0 1
-233 -99 1 1
-237 -77 9 0
-238 -76 8 0
-237 -78 8 0
-238 -75 8 0
-238 -77 8 0
-237 -75 5 0
-230 -100 5 0
-232 -78 3 1
-231 -78 3 1
-230 -80 3 1
-230 -79 3 2
-230 -78 3 1
-227 -88 7 1
-223 -90 2 1
-233 -99 3 1
-223 -90 3 1
-223 -90 4 1
-222 -90 2 2
-222 -90 3 2
-222 -90 4 2
-221 -90 2 2
-221 -90 3 2
-221 -90 4 2
-221 -89 2 1
-223 -81 7 0
-223 -80 6 1
-223 -79 6 1
-223 -79 7 1
-223 -78 6 1
-227 -81 9 0
-226 -83 8 0
-226 -84 8 0
-225 -82 9 0
-249 -82 1 1
-248 -90 2 1
-247 -90 1 1
-212 -57 6 1
-246 -90 1 1
-211 -57 6 1
-210 -57 6 1
-250 -80 4 0
-226 -76 10 0
-226 -75 9 0
-227 -77 8 0
-232 -51 8 1
-228 -74 7 0
-232 -51 11 0
-228 -74 10 0
-226 -74 9 0
-228 -74 8 0
-232 -51 9 0
-223 -72 8 1
-228 -91 6 1
-228 -92 6 1
-227 -93 5 0
-222 -82 0 2
-228 -53 8 1
-227 -74 5 1
-231 -68 5 1
-231 -68 6 1
-233 -71 3 1
-231 -71 3 2
-231 -70 3 2
-232 -74 4 2
-224 -57 5 1
-222 -55 4 1
-222 -55 3 1
-222 -56 4 1
-203 -88 4 1
-203 -88 6 0
-203 -88 5 1
-204 -88 3 1
-204 -89 5 1
-204 -89 4 2
-204 -58 -1 1
-205 -58 -1 1
-205 -59 -1 1
-206 -58 -1 1
-213 -88 7 0
-209 -87 6 1
-221 -82 4 1
-221 -81 4 1
-221 -81 5 1
-214 -93 8 0
-202 -56 2 0
-202 -56 3 0
-218 -60 0 2
-225 -68 4 0
-225 -68 3 1
-224 -81 3 2
-227 -68 3 1
-236 -51 4 1
-237 -51 4 1
-238 -51 4 1
-235 -53 0 1
-235 -54 0 1
-231 -75 4 1
-231 -75 5 1
-231 -74 3 2
-231 -74 4 1
-226 -80 4 1
-226 -80 5 2
-226 -79 4 1
-233 -97 2 2
-233 -98 4 1
-233 -98 3 2
-234 -96 4 1
-231 -97 -1 1
-224 -79 8 0
-222 -79 7 2
-221 -79 6 1
-222 -68 4 1
-222 -65 3 1
-224 -84 10 0
-224 -84 11 0
-224 -84 4 0
-230 -78 8 0
-222 -81 5 0
-230 -77 8 0
-225 -89 4 1
-229 -78 8 0
-222 -89 6 1
-211 -84 6 0
-219 -53 3 0
-225 -65 2 2
-224 -66 2 1
-224 -65 2 2
-225 -68 5 0
-225 -68 6 0
-228 -64 9 0
-228 -65 6 2
-229 -66 5 1
-224 -65 4 2
-241 -67 5 1
-242 -54 1 1
-222 -83 7 0
-203 -75 0 1
-203 -76 0 1
-230 -67 5 1
-230 -67 6 1
-230 -67 7 1
-230 -66 5 1
-230 -66 6 1
-230 -66 7 1
-230 -65 5 1
-230 -65 6 1
-230 -65 7 1
-229 -67 5 1
-229 -67 6 1
-229 -67 7 1
-228 -67 5 1
-232 -52 7 1
-223 -68 3 0
-202 -90 4 1
-202 -90 3 1
-203 -88 3 2
-203 -89 3 2
-203 -90 3 1
-203 -89 4 2
-223 -68 5 0
-223 -68 4 0
-225 -54 2 1
-203 -60 4 0
-201 -92 9 0
-201 -96 4 0
-235 -80 4 1
-235 -80 5 1
-235 -79 4 1
-235 -79 5 1
-233 -78 3 1
-233 -77 3 1
-233 -76 3 1
-232 -77 3 1
-231 -77 3 1
-202 -93 5 1
-202 -92 5 1
-203 -90 4 1
-201 -89 4 0
-201 -88 7 0
-201 -89 7 0
-203 -92 2 1
-203 -92 10 0
-203 -92 9 0
-203 -92 8 0
-201 -93 5 0
-201 -94 7 0
-201 -93 7 0
-201 -94 6 0
-201 -93 6 0
-202 -93 6 0
-203 -96 5 0
-203 -95 5 0
-203 -96 8 0
-218 -81 6 2
-218 -81 5 2
-218 -81 4 1
-209 -60 8 1
-209 -60 7 1
-209 -61 8 1
-209 -62 8 1
-209 -62 7 2
-210 -60 8 1
-210 -60 7 1
-210 -61 8 1
-210 -62 8 1
-210 -62 7 2
-211 -60 8 1
-211 -60 7 1
-211 -61 8 1
-211 -61 7 1
-211 -62 8 1
-211 -62 7 1
-210 -61 7 2
-207 -62 6 2
-237 -91 8 1
-236 -91 9 0
-238 -91 9 0
-239 -90 9 0
-235 -91 10 0
-238 -90 10 0
-235 -90 11 0
-236 -90 10 0
-237 -90 11 0
-236 -89 12 0
-223 -72 5 0
-223 -76 3 1
-223 -75 3 1
-226 -54 8 1
-218 -59 2 1
-244 -55 4 0
-246 -55 4 0
-248 -56 4 0
-237 -71 5 1
-237 -72 5 1
-237 -72 6 0
-203 -62 4 1
-234 -86 0 1
-224 -76 1 2
-230 -87 3 1
-234 -91 8 1
-234 -91 7 1
-234 -91 6 1
-235 -91 8 1
-235 -91 7 1
-235 -91 6 1
-236 -91 8 1
-236 -91 7 1
-236 -91 6 1
-238 -91 10 0
-239 -90 10 0
-235 -90 10 0
-238 -87 11 0
-237 -91 11 0
-238 -89 11 0
-238 -90 11 0
-247 -51 2 0
-248 -51 5 0
-219 -83 6 1
-229 -79 6 1
-210 -91 6 1
-210 -91 5 2
-210 -91 4 1
-210 -92 6 1
-210 -92 5 2
-210 -92 4 1
-210 -93 6 1
-210 -93 5 1
-210 -93 4 1
-211 -91 6 1
-211 -91 5 2
-211 -91 4 1
-211 -92 6 1
-211 -92 4 1
-211 -93 6 2
-211 -93 5 1
-211 -93 4 1
-212 -91 5 2
-212 -91 4 1
-212 -92 6 1
-212 -92 5 2
-212 -92 4 1
-212 -93 6 2
-212 -93 5 1
-212 -93 4 1
-211 -92 5 2
-211 -92 8 0
-213 -90 8 0
-219 -54 2 1
-219 -52 3 0
-219 -52 4 0
-226 -100 1 1
-226 -100 0 1
-226 -100 -1 1
-227 -99 -1 1
-211 -81 4 1
-204 -55 6 1
-222 -67 6 1
-221 -69 4 1
-208 -85 3 1
-209 -83 5 2
-220 -64 4 1
-240 -62 7 1
-240 -62 6 1
-240 -62 5 1
-244 -61 2 0
-244 -61 3 0
-244 -61 6 0
-243 -62 3 0
-243 -62 5 0
-243 -62 4 0
-244 -63 3 0
-244 -63 5 0
-244 -63 4 0
-244 -62 4 0
-245 -62 3 0
-246 -61 3 0
-220 -64 5 1
-226 -63 -1 1
-225 -64 -1 1
-225 -64 0 1
-225 -64 1 1
-225 -63 -1 1
-225 -63 0 1
-225 -63 1 1
-226 -70 3 1
-226 -70 4 0
-227 -69 3 1
-214 -58 6 1
-222 -63 -1 1
-250 -76 4 0
-250 -77 3 0
-250 -78 2 0
-250 -78 -1 1
-250 -78 0 2
-233 -58 1 1
-233 -58 0 1
-234 -58 3 1
-234 -59 3 1
-234 -60 3 1
-234 -61 3 1
-240 -67 3 1
-221 -61 5 0
-232 -72 3 1
-232 -72 7 0
-230 -73 4 1
-236 -66 1 1
-236 -66 2 1
-239 -65 0 1
-239 -65 1 2
-239 -65 2 1
-238 -65 0 1
-238 -65 1 2
-238 -65 2 1
-237 -65 0 1
-237 -65 1 2
-237 -65 2 2
-242 -67 0 1
-242 -67 1 1
-241 -67 0 1
-241 -67 1 2
-240 -67 0 1
-240 -67 1 1
-242 -53 2 1
-242 -53 1 1
-242 -53 0 1
-232 -73 2 1
-226 -71 1 1
-227 -70 2 2
-227 -71 2 2
-227 -71 5 0
-228 -68 4 1
-228 -68 3 1
-228 -68 2 1
-229 -68 4 1
-229 -68 3 2
-213 -59 2 2
-240 -90 5 0
-238 -91 5 2
-239 -92 6 1
-239 -91 5 1
-239 -91 6 1
-239 -90 4 1
-239 -90 5 1
-239 -90 6 1
-238 -92 5 1
-224 -93 0 1
-224 -93 1 1
-202 -79 0 1
-202 -78 -2 1
-202 -78 -1 1
-223 -67 5 0
-222 -67 4 1
-204 -63 0 1
-204 -63 -1 1
-205 -62 5 0
-205 -62 4 0
-245 -59 5 0
-244 -60 5 0
-244 -60 4 0
-224 -82 5 1
-204 -87 6 0
-239 -100 1 1
-239 -99 -1 1
-239 -99 0 2
-239 -99 1 1
-239 -98 -1 1
-239 -98 0 2
-239 -98 1 1
-242 -98 4 0
-243 -97 3 0
-241 -97 -1 1
-241 -97 0 2
-241 -97 1 1
-240 -97 -1 1
-240 -97 0 2
-240 -97 1 1
-239 -97 -1 1
-239 -97 0 2
-239 -97 1 1
-244 -97 2 1
-245 -98 0 2
-245 -53 5 1
-245 -53 4 1
-213 -59 1 1
-213 -60 3 1
-213 -60 2 1
-213 -60 1 1
-236 -57 1 2
-226 -66 5 1
-226 -97 -1 1
-239 -77 1 2
-239 -77 0 1
-239 -78 1 2
-210 -60 -1 1
-222 -59 2 1
-222 -59 1 2
-238 -71 3 1
-239 -60 1 2
-239 -60 2 1
-238 -60 0 1
-238 -60 1 2
-222 -58 3 1
-207 -86 4 2
-240 -70 6 0
-240 -70 5 1
-236 -66 7 1
-202 -61 5 0
-236 -68 7 1
-201 -63 4 0
-238 -68 7 1
-238 -68 6 1
-235 -70 3 1
-236 -70 3 2
-237 -70 3 2
-235 -70 6 1
-235 -70 5 1
-235 -70 4 1
-221 -83 5 1
-212 -87 7 0
-212 -87 8 0
-211 -87 8 0
-217 -92 6 0
-218 -85 1 1
-242 -88 2 2
-242 -88 1 2
-210 -88 -1 1
-216 -56 6 1
-216 -56 7 1
-225 -66 3 1
-226 -64 5 1
-226 -64 4 1
-203 -51 3 1
-247 -62 2 0
-247 -62 6 0
-246 -63 3 0
-218 -74 6 1
-246 -63 5 0
-219 -74 8 1
-219 -74 7 1
-219 -74 6 1
-221 -73 10 0
-222 -73 9 0
-220 -81 3 1
-219 -90 7 0
-220 -89 8 0
-222 -90 7 0
-223 -87 5 1
-222 -87 8 0
-220 -86 8 0
-237 -91 1 1
-238 -68 8 1
-236 -92 4 1
-240 -64 0 1
-241 -64 2 1
-241 -64 1 2
-241 -64 0 1
-240 -64 2 1
-236 -64 3 1
-240 -64 3 0
-237 -62 4 1
-238 -62 4 2
-207 -82 -1 1
-227 -95 0 2
-227 -95 1 1
-227 -94 -1 1
-227 -94 0 2
-227 -94 1 2
-227 -93 -1 1
-226 -95 -1 1
-226 -95 0 2
-226 -95 1 1
-226 -94 -1 1
-204 -86 -1 1
-204 -85 -1 1
-203 -86 2 2
-204 -65 0 1
-204 -65 1 1
-204 -64 -1 1
-204 -64 0 1
-204 -64 1 1
-203 -65 -1 1
-203 -65 1 1
-228 -94 2 1
-226 -95 3 0
-226 -94 4 0
-227 -96 1 1
-227 -96 0 2
-227 -96 -1 1
-228 -96 1 1
-228 -96 0 2
-228 -96 -1 1
-229 -94 1 1
-229 -94 0 2
-229 -94 -1 1
-228 -95 2 1
-229 -93 3 1
-229 -93 2 1
-230 -91 1 1
-242 -64 0 1
-240 -62 3 0
-237 -60 4 1
-238 -60 4 2
-239 -60 4 1
-239 -60 3 1
-236 -63 4 1
-239 -76 5 1
-241 -76 7 0
-241 -77 7 0
-240 -75 8 0
-237 -62 6 1
-237 -62 5 1
-238 -57 0 1
-224 -70 10 0
-218 -72 8 1
-240 -62 0 1
-237 -70 0 1
-237 -71 1 1
-237 -71 0 1
-242 -78 0 1
-242 -79 0 1
-237 -73 2 1
-228 -58 9 0
-228 -59 9 0
-229 -59 10 0
-230 -60 10 0
-229 -60 7 0
-230 -60 7 0
-227 -61 8 0
-231 -82 0 1
-231 -83 0 1
-230 -84 1 1
-216 -58 1 1
-216 -58 0 1
-230 -85 0 2
-230 -85 -1 1
-230 -86 0 1
-230 -86 -1 1
-231 -84 -1 1
-231 -85 -1 1
-249 -52 0 1
-249 -52 -1 1
-250 -71 2 0
-212 -64 5 1
-212 -64 4 1
-250 -70 2 0
-213 -63 5 2
-213 -64 5 1
-214 -62 5 2
-235 -51 2 1
-235 -51 1 1
-250 -71 -1 1
-250 -71 0 1
-213 -64 4 1
-236 -51 2 2
-236 -51 1 2
-236 -51 0 1
-224 -63 2 1
-225 -63 3 1
-224 -63 -1 1
-224 -67 1 2
-245 -61 3 0
-247 -61 5 0
-246 -64 4 0
-205 -95 5 0
-204 -93 7 0
-203 -94 7 0
-204 -93 8 0
-203 -93 8 0
-203 -94 8 0
-204 -93 6 0
-203 -93 6 0
-203 -94 5 1
-221 -68 7 2
-221 -69 8 1
-224 -51 0 1
-214 -92 6 2
-214 -92 5 2
-214 -93 7 1
-214 -93 6 1
-214 -93 5 1
-215 -91 6 1
-215 -91 5 2
-215 -92 5 2
-215 -93 6 1
-215 -93 5 1
-216 -91 5 1
-210 -82 4 1
-210 -83 2 2
-220 -63 1 1
-210 -83 1 1
-212 -85 3 0
-212 -84 4 0
-220 -64 0 1
-221 -64 2 1
-221 -64 1 2
-236 -54 4 1
-236 -53 3 1
-236 -53 4 1
-236 -52 4 1
-223 -60 3 0
-234 -68 3 1
-236 -73 5 1
-236 -73 6 0
-239 -67 6 1
-201 -60 0 2
-201 -60 1 1
-212 -87 5 2
-212 -87 6 1
-241 -80 4 1
-228 -59 3 1
-240 -80 3 1
-238 -89 5 2
-238 -89 4 2
-239 -89 6 1
-239 -89 5 1
-239 -89 4 1
-240 -89 5 0
-219 -57 -1 1
-219 -57 0 2
-219 -57 1 1
-248 -57 4 0
-247 -56 5 0
-220 -61 3 0
-220 -61 4 0
-230 -60 0 1
-230 -61 0 1
-230 -62 2 1
-230 -62 1 2
-227 -63 -1 1
-226 -64 -1 1
-226 -64 0 1
-226 -64 1 1
-244 -59 4 0
-246 -58 6 0
-246 -58 7 0
-236 -63 1 2
-236 -63 0 1
-236 -62 3 1
-238 -65 4 2
-234 -72 6 0
-233 -72 4 0
-241 -65 9 1
-241 -64 9 1
-214 -87 -1 1
-214 -88 1 1
-214 -88 0 1
-214 -88 -1 1
-215 -87 1 1
-215 -87 -1 1
-215 -88 1 1
-215 -88 0 1
-215 -88 -1 1
-216 -87 1 1
-216 -87 0 1
-235 -100 4 1
-235 -100 3 1
-235 -100 2 2
-216 -88 -1 1
-215 -87 0 2
-212 -85 2 0
-213 -84 2 1
-212 -84 3 0
-212 -86 2 1
-212 -87 2 1
-212 -88 2 2
-213 -86 2 1
-213 -87 2 2
-213 -88 2 1
-214 -87 2 1
-214 -88 2 1
-212 -81 5 1
-212 -81 4 1
-212 -82 5 1
-212 -82 4 1
-212 -83 5 1
-212 -83 4 1
-212 -85 4 0
-213 -85 3 0
-227 -55 7 1
-229 -52 11 0
-229 -52 13 0
-232 -100 5 0
-230 -53 6 1
-235 -83 8 0
-235 -79 9 0
-234 -82 9 0
-237 -79 9 0
-236 -83 9 0
-235 -81 9 0
-237 -81 9 0
-236 -80 10 0
-236 -79 7 0
-236 -79 8 0
-235 -79 8 0
-238 -82 9 0
-237 -80 9 0
-235 -82 9 0
-237 -82 10 0
-236 -81 10 0
-234 -81 8 0
-238 -80 8 0
-235 -80 8 0
-237 -83 9 0
-235 -80 9 0
-238 -81 9 0
-236 -82 9 0
-235 -80 7 0
-237 -79 7 0
-234 -81 7 0
-236 -80 8 0
-238 -82 8 0
-235 -82 8 0
-237 -80 8 0
-237 -83 8 0
-230 -69 5 1
-230 -68 3 1
-230 -68 4 1
-230 -68 5 1
-234 -71 2 1
-234 -71 3 1
-234 -70 2 1
-234 -69 2 1
-233 -71 2 1
-233 -70 2 1
-233 -69 2 1
-232 -71 2 1
-232 -70 2 1
-232 -69 2 1
-232 -76 2 1
-236 -66 6 1
-232 -76 3 1
-232 -76 4 2
-250 -92 5 0
-250 -93 5 0
-250 -93 6 0
-250 -93 4 0
-218 -55 4 1
-231 -72 0 1
-231 -73 2 1
-231 -73 1 1
-231 -73 0 1
-232 -71 1 1
-232 -71 0 1
-232 -72 2 1
-232 -72 1 1
-228 -61 3 1
-237 -87 7 2
-237 -86 7 2
-237 -85 7 1
-236 -87 7 2
-236 -86 7 2
-203 -90 6 1
-202 -90 6 0
-201 -89 6 0
-203 -90 7 1
-202 -90 8 0
-202 -89 8 0
-202 -90 5 1
-201 -89 5 0
-204 -89 6 1
-204 -88 8 0
-241 -65 8 1
-207 -93 4 1
-207 -93 5 1
-232 -58 4 1
-232 -59 0 1
-232 -76 7 0
-233 -74 7 0
-234 -77 6 1
-234 -78 6 1
-224 -66 6 1
-225 -64 6 2
-224 -60 0 2
-225 -59 1 1
-225 -58 -1 1
-248 -52 0 1
-248 -52 -1 1
-247 -51 0 2
-229 -98 1 1
-201 -68 10 1
-202 -67 12 1
-202 -67 10 1
-202 -68 12 1
-202 -68 11 2
-202 -68 10 1
-203 -67 12 1
-203 -67 11 1
-203 -67 10 1
-203 -68 12 1
-203 -68 11 1
-203 -68 10 1
-202 -67 11 2
-201 -68 12 1
-204 -64 10 1
-204 -65 10 1
-204 -66 12 1
-204 -66 11 1
-204 -66 10 1
-205 -64 10 1
-205 -65 10 1
-205 -66 12 1
-205 -66 11 1
-205 -66 10 1
-202 -67 13 0
-201 -68 13 0
-203 -66 13 0
-202 -68 14 0
-203 -65 14 0
-203 -67 14 0
-201 -68 15 0
-202 -66 15 0
-202 -67 15 0
-201 -67 14 0
-224 -91 5 0
-205 -94 4 1
-205 -94 3 1
-204 -89 7 1
-208 -87 7 0
-209 -88 7 0
-210 -88 7 0
-207 -90 6 1
-208 -90 6 1
-209 -90 6 1
-210 -90 6 1
-208 -90 8 0
-209 -90 8 0
-241 -65 4 0
-206 -88 5 1
-206 -88 6 0
-213 -62 7 1
-213 -62 6 2
-216 -64 3 1
-214 -60 7 1
-214 -61 7 1
-214 -62 7 1
-215 -58 4 2
-220 -66 3 1
-220 -66 4 1
-220 -66 5 2
-210 -84 2 2
-211 -87 2 1
-201 -80 -2 1
-228 -77 7 0
-228 -77 10 0
-225 -77 9 0
-238 -66 2 1
-235 -82 10 0
-235 -83 9 0
-234 -82 8 0
-236 -82 10 0
-232 -87 3 1
-232 -86 1 2
-232 -86 2 2
-232 -86 3 1
-232 -85 1 2
-232 -85 2 1
-224 -92 -1 1
-224 -92 0 2
-224 -92 1 1
-224 -91 -1 1
-224 -91 0 2
-224 -91 1 1
-224 -90 -1 1
-224 -90 0 1
-238 -94 6 1
-237 -93 7 0
-236 -93 6 1
-238 -93 6 1
-237 -93 6 1
-220 -74 2 2
-220 -74 1 2
-221 -74 2 1
-221 -74 1 1
-220 -88 3 1
-220 -88 2 1
-219 -78 2 1
-219 -92 6 0
-219 -73 4 1
-219 -73 3 1
-220 -73 3 2
-221 -73 3 1
-219 -77 5 1
-219 -77 4 1
-240 -84 5 1
-240 -83 3 1
-240 -83 4 1
-240 -83 5 1
-240 -82 3 1
-240 -82 4 1
-240 -82 5 1
-239 -86 3 1
-242 -84 1 2
-243 -83 0 1
-220 -78 2 1
-221 -78 2 1
-222 -76 2 1
-222 -77 2 1
-222 -78 2 1
-220 -73 5 2
-220 -73 4 2
-221 -73 4 1
-222 -73 4 1
-241 -84 2 1
-241 -83 0 1
-241 -83 1 1
-241 -83 2 1
-239 -85 0 1
-239 -85 1 2
-239 -85 2 1
-238 -87 0 1
-238 -87 1 2
-238 -87 2 2
-238 -86 0 1
-238 -86 1 2
-238 -86 2 2
-238 -85 0 1
-238 -85 1 2
-238 -85 2 1
-240 -84 0 1
-240 -84 1 2
-240 -84 2 1
-237 -85 5 1
-237 -85 6 1
-242 -81 3 1
-242 -81 4 1
-242 -81 5 1
-241 -81 3 2
-226 -51 3 2
-226 -52 5 1
-226 -52 4 1
-226 -52 3 1
-231 -63 3 2
-230 -58 2 1
-241 -60 1 2
-239 -88 5 1
-225 -60 0 2
-226 -61 -1 1
-219 -61 5 0
-201 -53 4 0
-201 -51 2 1
-201 -51 5 0
-224 -59 -1 1
-225 -59 3 2
-220 -91 6 1
-237 -86 1 1
-223 -61 -1 1
-245 -57 4 0
-245 -57 5 0
-237 -85 2 1
-246 -56 6 0
-246 -56 3 0
-246 -56 2 0
-219 -75 2 1
-219 -75 1 1
-219 -76 2 1
-219 -76 1 1
-219 -77 3 1
-219 -77 2 1
-219 -77 1 1
-220 -75 2 2
-220 -75 1 1
-220 -76 1 1
-220 -77 2 2
-205 -89 7 1
-205 -90 7 1
-203 -91 6 1
-203 -91 8 0
-204 -91 8 0
-223 -87 6 1
-223 -88 6 1
-223 -89 5 1
-220 -88 7 1
-221 -87 8 0
-220 -87 8 0
-221 -89 4 1
-221 -89 5 2
-221 -89 6 1
-220 -89 4 1
-220 -89 5 2
-220 -89 6 1
-219 -89 4 1
-219 -89 5 2
-219 -89 6 1
-223 -85 10 0
-223 -85 11 0
-202 -91 7 0
-222 -51 6 0
-228 -83 3 1
-228 -83 2 1
-228 -81 5 2
-201 -80 3 0
-214 -86 -1 1
-216 -81 0 1
-216 -81 -1 1
-211 -88 2 2
-239 -78 5 1
-240 -77 8 0
-239 -75 8 0
-238 -75 9 0
-204 -86 1 2
-204 -86 2 2
-206 -83 -1 1
-206 -82 -1 1
-205 -83 -1 1
-205 -82 -1 1
-239 -77 9 0
-238 -76 9 0
-203 -87 0 2
-203 -87 1 1
-203 -87 2 2
-203 -86 0 2
-203 -86 1 2
-216 -51 2 1
-216 -51 1 1
-216 -51 0 1
-217 -51 2 1
-217 -51 1 1
-217 -51 0 1
-202 -83 1 1
-202 -83 2 1
-202 -83 3 1
-202 -84 -1 1
-223 -79 4 1
-225 -79 2 2
-243 -66 3 1
-224 -79 2 2
-223 -80 4 1
-223 -79 2 1
-223 -79 3 1
-212 -85 7 0
-213 -85 8 0
-211 -85 7 0
-249 -85 5 1
-249 -83 5 0
-250 -85 5 0
-249 -84 4 0
-248 -84 1 1
-248 -84 0 2
-248 -84 -1 1
-248 -85 1 2
-248 -85 0 2
-226 -51 1 1
-248 -85 -1 1
-234 -99 3 1
-225 -76 -1 1
-225 -76 0 1
-226 -77 0 1
-227 -87 6 1
-227 -87 5 1
-226 -86 6 2
-222 -82 7 0
-222 -82 6 0
-222 -84 7 0
-221 -84 6 0
-219 -62 1 1
-201 -58 3 0
-201 -58 4 0
-201 -58 2 0
-202 -57 3 0
-202 -57 4 0
-202 -57 2 0
-203 -58 3 0
-203 -58 4 0
-233 -73 2 1
-229 -75 2 1
-230 -100 0 1
-227 -100 5 1
-227 -98 5 1
-226 -99 5 1
-226 -98 5 1
-232 -98 2 1
-217 -55 6 1
-217 -55 7 1
-232 -100 -1 1
-232 -100 0 2
-232 -100 1 1
-232 -99 0 2
-230 -99 5 0
-231 -99 4 0
-231 -100 4 0
-232 -99 4 1
-230 -100 3 0
-232 -100 3 1
-233 -97 3 2
-222 -85 4 1
-242 -64 4 0
-243 -87 2 1
-244 -85 2 1
-244 -86 2 2
-238 -84 10 0
-237 -86 9 0
-235 -85 9 0
-238 -85 9 0
-236 -86 9 0
-234 -84 8 0
-238 -86 8 1
-236 -86 8 1
-236 -87 8 1
-235 -87 8 1
-235 -86 8 1
-234 -87 8 1
-234 -86 8 1
-234 -85 8 1
-233 -78 2 1
-244 -99 4 0
-233 -78 7 0
-238 -85 8 1
-237 -86 8 1
-236 -88 6 1
-236 -88 7 2
-236 -88 8 1
-235 -88 6 1
-235 -88 7 1
-235 -88 8 1
-234 -88 6 1
-234 -88 7 1
-234 -88 8 1
-238 -87 8 1
-237 -87 8 1
-224 -55 5 1
-223 -57 5 1
-223 -56 5 2
-223 -55 5 2
-247 -99 5 0
-247 -100 5 0
-223 -56 1 1
-247 -100 6 0
-247 -99 4 1
-247 -100 4 1
-223 -69 5 0
-246 -99 5 0
-245 -99 5 0
-246 -99 6 0
-228 -69 7 0
-225 -67 8 0
-225 -68 8 0
-225 -69 8 0
-225 -70 8 0
-225 -67 9 0
-225 -68 9 0
-225 -69 10 0
-225 -70 10 0
-225 -69 7 0
-225 -70 7 0
-224 -68 8 0
-238 -83 9 0
-236 -84 9 0
-237 -84 8 0
-236 -84 8 0
-235 -84 7 0
-236 -83 10 0
-235 -84 10 0
-238 -83 10 0
-238 -84 9 0
-236 -85 9 0
-235 -84 8 0
-236 -97 1 1
-239 -99 3 0
-225 -59 6 1
-225 -59 5 1
-225 -60 6 1
-225 -60 5 1
-227 -58 4 1
-239 -100 3 1
-201 -81 9 1
-228 -57 1 1
-220 -77 8 1
-224 -73 11 0
-224 -73 12 0
-224 -73 6 0
-237 -65 5 1
-240 -100 6 0
-241 -100 5 0
-238 -99 2 1
-237 -99 1 1
-237 -99 2 1
-201 -82 9 1
-201 -83 9 1
-201 -84 11 1
-201 -84 10 1
-201 -84 9 1
-249 -100 4 1
-248 -100 1 1
-249 -99 2 1
-218 -85 2 1
-218 -85 3 1
-249 -99 3 2
-248 -100 5 0
-250 -99 3 1
-249 -100 1 1
-249 -99 1 1
-250 -100 4 1
-250 -99 4 1
-250 -98 2 1
-250 -98 3 1
-250 -98 4 1
-248 -100 6 0
-224 -60 9 0
-211 -82 2 2
-211 -82 3 2
-232 -68 5 1
-214 -64 4 1
-232 -68 3 1
-231 -73 6 0
-234 -64 4 1
-234 -64 3 1
-228 -72 6 0
-231 -74 7 0
-229 -73 7 0
-228 -77 2 1
-228 -74 6 1
-229 -74 6 1
-229 -73 6 1
-229 -74 7 0
-229 -76 7 0
-229 -75 6 1
-231 -74 6 0
-229 -75 7 0
-230 -74 7 0
-230 -75 6 1
-228 -76 2 1
-223 -72 4 1
-223 -70 3 0
-222 -73 0 2
-222 -73 1 2
-224 -57 -1 1
-225 -66 0 1
-247 -62 -1 1
-247 -62 0 1
-247 -62 1 1
-247 -61 -1 1
-231 -77 6 1
-226 -83 2 2
-226 -83 3 1
-226 -84 6 0
-202 -59 5 0
-203 -58 2 1
-227 -86 5 1
-227 -86 6 2
-218 -58 2 1
-215 -85 4 0
-215 -85 8 0
-214 -87 5 1
-234 -63 0 1
-221 -52 4 0
-221 -51 3 0
-221 -52 3 0
-229 -55 9 0
-229 -56 9 0
-229 -56 7 1
-222 -54 5 1
-221 -55 5 0
-221 -54 6 0
-220 -53 6 0
-227 -55 10 0
-203 -55 2 0
-201 -55 4 0
-204 -62 6 0
-201 -55 5 0
-230 -53 5 1
-213 -64 1 1
-226 -68 0 1
-250 -90 6 0
-250 -90 4 0
-236 -63 2 1
-203 -58 0 1
-203 -58 1 1
-202 -58 0 1
-201 -58 1 0
-201 -60 -2 1
-201 -59 -2 1
-201 -58 -2 1
-201 -58 -1 1
-201 -58 0 1
-229 -60 1 1
-229 -60 0 1
-227 -58 1 1
-227 -58 0 2
-227 -59 2 2
-227 -59 1 1
-227 -60 4 1
-228 -58 2 1
-228 -58 1 1
-219 -86 3 2
-220 -56 2 1
-219 -85 3 1
-219 -55 0 2
-219 -55 -1 1
-220 -55 1 2
-220 -55 0 2
-224 -75 4 1
-248 -99 6 0
-202 -60 -1 1
-248 -99 5 0
-225 -74 3 2