DAV_OBMAP v3 cell_size=10
-67 5 4 0
-54 17 5 1
-60 8 9 0
-59 8 9 0
-59 9 9 0
-84 7 3 1
-84 7 4 1
-84 7 5 1
-83 7 3 1
-83 7 4 2
-83 7 5 1
-86 0 8 2
-85 0 8 2
-84 0 8 2
-84 1 8 2
-84 2 8 1
-60 10 10 0
-60 11 10 0
-59 10 10 0
-59 10 11 0
-59 11 10 0
-51 14 12 0
-51 14 11 0
-51 13 11 0
-51 12 12 1
-51 12 11 1
-74 13 3 1
-76 14 4 0
-76 15 3 0
-77 13 4 0
-78 13 4 0
-78 13 5 0
-78 13 3 0
-78 11 4 0
-76 11 3 0
-75 11 3 0
-76 13 3 0
-76 13 2 0
-91 44 4 0
-91 41 5 0
-91 41 6 0
-91 41 4 0
-79 10 7 0
-79 10 6 0
-79 8 8 0
-79 8 9 0
-91 10 3 1
-91 11 2 1
-91 11 3 1
-84 41 5 0
-84 40 6 0
-84 41 6 0
-84 41 4 0
-85 41 5 0
-92 8 3 1
-85 40 6 0
-85 41 4 0
-85 39 5 0
-86 39 5 0
-91 9 2 1
-85 39 6 0
-85 39 4 0
-56 1 14 0
-85 38 6 0
-55 0 14 0
-55 0 15 0
-55 1 14 0
-55 1 15 0
-82 38 4 0
-84 39 7 0
-84 39 3 0
-56 1 7 0
-80 4 9 0
-79 4 9 0
-56 0 8 0
-83 40 4 0
-85 42 5 0
-85 41 6 0
-85 42 6 0
-85 42 4 0
-86 41 5 0
-86 40 6 0
-55 8 7 0
-56 10 7 1
-56 11 7 2
-56 7 7 1
-87 40 6 0
-87 40 4 0
-86 38 5 0
-86 39 6 0
-86 38 4 0
-84 38 4 0
-85 40 7 0
-85 40 4 0
-85 40 3 0
-85 40 5 0
-68 4 9 1
-68 5 9 1
-67 4 9 1
-67 5 9 1
-69 6 10 0
-54 4 14 0
-54 4 15 0
-53 5 12 1
-57 4 8 1
-56 1 6 0
-57 5 7 1
-57 5 8 1
-57 5 9 1
-54 3 14 0
-54 3 15 0
-57 6 9 1
-53 2 15 0
-53 3 14 0
-56 4 9 1
-56 6 7 1
-55 5 7 1
-57 4 6 2
-57 5 6 2
-57 6 6 1
-56 4 6 2
-56 5 6 2
-56 6 6 1
-64 16 9 1
-64 16 10 1
-55 6 6 2
-63 16 9 1
-55 3 9 0
-62 16 8 2
-62 16 9 2
-62 16 10 2
-61 17 9 1
-53 3 9 0
-52 3 7 1
-62 20 11 0
-62 21 11 0
-63 21 11 0
-65 21 11 0
-67 21 8 1
-59 32 1 1
-67 21 9 1
-67 21 10 1
-67 22 8 1
-67 22 9 1
-67 22 10 1
-67 23 8 1
-67 23 9 1
-54 2 7 0
-65 20 11 0
-65 18 10 0
-65 18 11 0
-63 18 11 0
-62 16 11 1
-61 16 9 1
-53 9 6 1
-52 9 6 1
-55 10 9 0
-97 20 6 1
-97 20 7 1
-97 20 8 1
-97 20 9 1
-97 20 5 1
-97 15 6 2
-54 8 9 0
-97 15 8 1
-97 16 3 1
-97 16 4 2
-97 17 3 1
-97 17 4 1
-97 18 3 1
-97 18 4 1
-52 7 10 2
-90 11 7 0
-90 11 8 0
-91 11 6 1
-90 11 6 0
-90 12 8 1
-89 12 6 1
-89 12 7 1
-89 12 8 1
-91 12 9 1
-90 12 9 1
-89 12 9 1
-90 10 7 1
-90 10 6 1
-92 11 9 0
-92 11 5 2
-93 10 4 2
-93 11 4 1
-93 11 5 1
-93 11 6 1
-93 12 4 1
-92 10 4 2
-92 11 4 2
-92 12 4 2
-91 10 4 1
-91 11 4 2
-91 11 5 1
-91 12 4 2
-91 12 5 1
-63 12 6 1
-63 11 7 0
-55 11 8 1
-55 9 8 1
-55 9 9 0
-96 15 6 1
-66 17 4 0
-65 17 5 1
-65 16 5 1
-65 16 4 0
-63 15 4 2
-63 15 5 2
-63 15 6 2
-62 15 4 1
-62 15 5 1
-62 15 6 1
-61 15 4 1
-61 15 5 1
-61 15 6 1
-56 9 9 0
-56 6 8 1
-56 6 9 1
-54 5 7 1
-54 5 8 1
-54 5 9 1
-54 6 7 1
-54 7 7 1
-54 5 10 1
-54 5 11 1
-54 6 10 1
-54 6 11 1
-54 7 10 1
-54 7 11 1
-56 7 9 0
-55 6 8 1
-54 7 6 1
-87 1 3 1
-58 3 10 0
-86 3 5 1
-55 6 9 1
-56 5 8 2
-55 5 9 1
-54 4 8 0
-54 6 6 1
-63 16 3 1
-63 17 3 1
-63 18 3 1
-62 16 3 1
-62 17 3 1
-61 16 3 1
-61 17 3 1
-67 19 5 1
-67 19 4 1
-67 17 5 0
-67 17 6 0
-67 17 4 0
-67 16 5 0
-66 16 6 0
-67 16 4 0
-65 15 5 1
-64 14 4 1
-64 14 5 1
-64 14 6 1
-76 6 8 0
-64 15 5 1
-64 15 6 1
-64 16 4 1
-75 6 9 0
-63 14 5 2
-75 7 9 0
-58 4 10 0
-56 4 12 0
-66 6 9 1
-83 4 12 0
-83 4 13 0
-83 5 12 0
-83 5 13 0
-100 20 5 2
-100 20 6 2
-100 20 7 2
-100 21 5 2
-100 21 6 1
-100 21 7 1
-100 22 5 1
-100 22 6 1
-100 22 7 1
-79 2 3 1
-79 2 4 1
-79 3 3 1
-79 4 3 1
-81 6 4 2
-82 6 3 1
-82 6 4 2
-82 6 5 1
-82 7 3 1
-82 7 4 2
-82 7 5 1
-81 6 3 1
-81 7 3 1
-81 7 4 1
-81 7 5 1
-81 1 5 1
-56 6 14 0
-56 6 15 0
-56 7 14 0
-56 7 15 0
-55 6 15 0
-83 7 8 1
-55 7 15 0
-58 8 12 0
-58 8 13 0
-58 9 12 0
-57 8 12 0
-57 8 13 0
-57 9 12 0
-57 9 13 0
-81 7 8 0
-81 7 9 0
-54 0 14 0
-54 0 15 0
-54 1 14 0
-53 0 14 0
-79 9 7 0
-79 9 6 0
-80 10 7 0
-80 10 6 0
-81 9 8 1
-81 9 9 1
-81 9 5 1
-80 8 8 0
-80 8 9 0
-80 39 4 0
-82 41 5 0
-82 41 6 0
-82 41 4 0
-61 33 3 2
-61 34 3 2
-87 10 11 1
-87 10 10 1
-100 1 5 0
-99 1 4 1
-100 0 4 0
-51 13 10 0
-76 6 9 0
-60 21 9 1
-98 2 12 1
-98 2 11 1
-98 2 10 2
-98 1 12 1
-98 1 11 1
-98 1 10 1
-97 3 11 1
-97 3 10 1
-76 6 10 0
-67 1 8 1
-76 5 13 0
-73 7 9 0
-53 30 2 1
-63 6 6 0
-76 11 6 0
-58 10 4 1
-58 10 5 1
-58 11 4 1
-58 11 5 1
-91 9 3 1
-75 4 5 0
-95 5 3 1
-96 6 4 1
-54 30 4 2
-96 5 5 1
-96 5 4 1
-96 5 3 1
-58 12 4 1
-58 12 5 1
-97 7 4 1
-58 13 5 1
-99 19 6 2
-92 7 5 1
-74 7 12 0
-74 4 12 0
-68 3 4 0
-97 8 6 1
-97 8 5 2
-70 7 5 0
-71 8 5 0
-71 7 6 0
-71 8 4 0
-71 6 6 0
-71 5 5 0
-71 5 4 0
-97 8 4 2
-92 10 3 2
-92 9 3 2
-67 2 6 1
-97 11 3 1
-97 10 3 1
-69 3 5 0
-76 8 10 0
-77 6 10 0
-97 10 6 1
-97 9 6 1
-97 9 5 1
-97 9 4 1
-76 3 11 0
-67 9 8 1
-75 8 11 0
-75 8 10 0
-75 6 12 0
-75 6 13 0
-75 6 10 0
-63 7 6 0
-63 7 5 0
-64 6 7 0
-85 1 14 2
-63 3 5 0
-63 5 8 0
-63 5 4 0
-93 7 3 1
-65 8 5 0
-59 30 3 1
-68 0 5 1
-93 7 8 1
-90 14 5 1
-93 6 8 1
-93 6 7 1
-94 6 8 1
-94 6 7 1
-95 6 8 1
-93 7 6 1
-93 7 5 1
-93 7 4 1
-93 6 6 1
-93 6 5 1
-93 6 4 1
-94 6 6 1
-94 6 5 1
-94 6 4 1
-91 0 14 1
-96 10 3 2
-95 14 4 1
-77 4 5 1
-70 2 5 1
-68 2 4 1
-91 13 4 1
-92 11 3 1
-62 9 8 0
-91 1 14 1
-94 9 3 1
-52 11 11 1
-51 11 11 1
-54 12 10 0
-54 12 11 0
-56 6 16 0
-56 6 17 0
-56 7 16 0
-56 7 17 0
-53 13 10 0
-53 13 11 0
-85 9 4 2
-52 13 10 0
-52 13 11 0
-84 9 3 1
-85 2 11 1
-95 8 4 2
-86 0 12 2
-55 12 10 1
-55 12 11 1
-96 8 4 2
-95 13 4 1
-82 3 13 0
-81 2 13 0
-81 3 12 0
-92 13 4 1
-93 14 4 1
-93 13 3 1
-93 12 3 1
-94 14 4 1
-94 13 3 1
-94 12 3 1
-84 4 14 0
-88 2 10 1
-88 2 11 1
-88 2 12 1
-83 4 14 0
-88 3 11 2
-88 3 12 2
-88 4 10 1
-94 7 8 1
-55 28 3 1
-95 9 4 2
-96 9 4 2
-84 34 1 1
-81 34 1 0
-82 34 1 0
-83 36 -1 1
-85 31 2 1
-85 31 3 1
-84 31 1 2
-84 31 2 2
-84 31 3 2
-83 31 1 1
-83 31 2 1
-83 31 3 1
-83 32 1 1
-83 32 2 1
-83 32 3 1
-83 33 3 1
-85 31 4 1
-85 32 4 1
-82 34 2 0
-83 36 -2 2
-84 35 -3 1
-84 35 -2 1
-84 35 -1 1
-84 36 -3 1
-84 36 -2 1
-84 36 -1 1
-84 37 -3 1
-84 37 -2 1
-84 37 -1 1
-83 35 -3 1
-83 35 -2 2
-83 35 -1 1
-83 36 -3 1
-83 37 -3 1
-83 37 -2 1
-83 37 -1 1
-82 35 -3 1
-82 35 -2 1
-82 35 -1 1
-82 36 -3 1
-82 36 -2 1
-82 36 -1 1
-82 37 -3 1
-82 37 -2 1
-82 37 -1 1
-88 7 -1 1
-88 8 -1 1
-88 9 -1 1
-88 9 0 2
-88 9 1 1
-85 35 1 0
-85 35 2 0
-83 33 1 1
-84 34 -3 1
-84 34 -2 1
-84 34 -1 1
-83 34 -3 1
-83 34 -2 1
-83 34 -1 1
-82 34 -3 1
-82 34 -2 1
-82 34 -1 1
-83 35 0 0
-82 33 1 1
-82 33 0 1
-82 35 0 1
-81 35 0 1
-80 35 0 1
-80 35 1 1
-80 35 2 1
-85 33 2 2
-86 32 1 1
-86 32 2 1
-86 32 3 2
-86 33 1 1
-86 33 2 1
-86 33 3 1
-86 34 1 1
-86 34 2 1
-86 34 3 1
-85 32 1 1
-85 32 2 1
-85 32 3 1
-85 33 1 1
-85 33 3 2
-85 34 1 1
-85 34 2 1
-85 34 3 1
-84 32 1 2
-84 32 2 2
-84 32 3 2
-84 33 1 1
-84 33 2 1
-84 33 3 1
-84 34 3 1
-83 33 2 1
-81 33 2 0
-81 33 1 1
-83 35 4 0
-80 34 2 0
-80 34 3 0
-80 34 1 0
-85 31 1 1
-84 13 2 2
-84 13 3 2
-84 13 4 1
-83 13 2 2
-82 13 2 1
-84 13 5 1
-84 13 1 1
-83 13 1 1
-82 13 1 1
-82 14 1 1
-80 13 3 1
-80 13 4 1
-80 13 5 2
-79 13 3 1
-79 13 4 1
-79 13 5 1
-81 14 2 0
-53 20 3 1
-53 20 4 1
-52 20 2 1
-52 20 3 1
-52 20 4 1
-53 20 1 1
-52 20 1 1
-76 0 2 1
-80 15 2 0
-85 14 5 1
-83 11 3 2
-83 12 3 1
-82 11 3 1
-82 12 3 1
-60 18 11 1
-60 18 12 1
-60 19 11 1
-60 19 12 1
-51 20 5 1
-51 20 6 1
-51 20 7 1
-51 21 5 1
-51 21 6 1
-51 21 7 1
-51 22 5 2
-51 22 6 1
-51 22 7 2
-51 20 4 1
-51 21 4 1
-51 22 4 2
-85 8 7 1
-85 8 8 1
-85 9 7 1
-85 9 8 1
-84 8 8 2
-84 9 8 2
-84 10 8 1
-83 8 8 2
-83 9 8 2
-83 10 8 2
-85 9 5 1
-84 11 5 2
-84 11 6 1
-84 11 7 1
-86 9 8 1
-84 11 8 1
-85 10 4 1
-84 27 3 1
-84 27 4 1
-84 27 2 0
-88 24 1 1
-88 24 2 1
-88 24 3 1
-88 25 1 1
-88 25 2 1
-88 25 3 1
-88 26 1 1
-88 26 2 1
-88 26 3 1
-85 26 6 1
-84 26 4 1
-84 26 5 2
-84 26 6 1
-83 26 5 2
-83 26 6 2
-84 26 0 2
-84 26 1 1
-83 26 0 1
-83 26 1 1
-83 27 4 1
-83 27 2 0
-84 28 3 0
-88 25 4 1
-88 26 4 1
-88 27 2 1
-88 27 3 1
-88 27 4 1
-88 22 2 1
-88 22 3 1
-88 22 4 1
-88 23 2 1
-51 2 3 0
-52 3 4 0
-53 10 7 2
-53 10 8 1
-64 2 3 0
-51 7 5 1
-98 0 6 0
-97 0 8 0
-91 15 8 1
-56 4 16 0
-56 4 17 0
-56 5 16 0
-56 5 17 0
-91 15 7 1
-91 15 6 1
-91 14 8 2
-91 14 7 2
-91 14 6 2
-99 15 9 1
-99 14 9 1
-99 13 9 1
-62 3 7 0
-61 4 7 0
-63 5 7 0
-60 5 8 0
-59 4 7 0
-60 4 7 0
-91 3 10 2
-93 15 6 2
-61 5 7 0
-70 8 6 0
-70 8 4 0
-89 45 4 0
-72 6 5 0
-85 1 9 1
-99 0 11 0
-87 41 5 0
-66 17 8 0
-93 12 6 1
-93 12 8 0
-93 12 7 0
-92 16 5 1
-92 15 5 1
-92 14 5 1
-92 16 9 1
-92 15 9 1
-92 14 9 1
-92 16 8 1
-92 16 7 1
-92 16 6 1
-92 15 8 2
-92 15 7 2
-96 18 9 1
-96 17 9 1
-55 25 3 2
-92 2 8 1
-92 3 8 2
-92 4 8 1
-95 1 9 1
-95 1 10 1
-95 1 11 1
-95 2 9 2
-95 2 10 2
-95 2 11 2
-95 3 9 1
-95 3 10 1
-95 3 11 1
-95 1 12 1
-95 2 12 2
-95 3 12 1
-94 1 12 1
-93 1 12 1
-95 1 8 1
-95 2 8 2
-95 3 8 1
-94 1 8 1
-94 2 8 2
-94 3 8 2
-93 1 8 1
-93 2 8 1
-93 3 8 2
-55 25 4 2
-55 25 5 2
-94 0 12 1
-54 25 3 2
-52 16 11 1
-94 0 8 1
-52 16 10 1
-51 16 11 0
-93 0 8 1
-51 16 10 0
-58 9 1 1
-92 0 8 1
-99 13 8 1
-97 12 8 1
-91 0 8 1
-54 25 6 2
-61 21 9 1
-90 0 8 1
-61 22 9 1
-65 22 10 1
-98 48 6 0
-55 25 6 2
-69 5 9 1
-54 5 12 1
-54 5 13 1
-54 6 12 1
-52 49 3 1
-52 49 4 1
-52 49 5 1
-51 1 11 0
-51 1 10 0
-55 49 0 1
-55 49 1 1
-80 9 4 1
-79 10 4 0
-81 8 3 1
-82 9 -1 1
-82 9 0 1
-81 9 -1 1
-81 9 0 2
-81 9 1 1
-80 9 -1 1
-80 9 0 1
-80 9 1 1
-79 10 2 0
-82 8 2 1
-81 8 2 2
-80 7 2 1
-80 8 2 1
-80 9 2 1
-79 7 2 2
-79 8 2 2
-79 9 2 1
-78 7 2 1
-78 8 2 1
-78 9 2 1
-78 9 3 1
-80 7 1 1
-80 8 1 1
-79 7 1 1
-79 8 1 1
-79 9 1 1
-78 7 1 1
-78 8 1 1
-78 9 1 1
-84 8 1 1
-84 8 2 1
-83 8 1 1
-83 8 2 1
-82 8 1 1
-81 7 2 2
-82 8 -1 1
-82 8 0 1
-81 8 -1 1
-81 8 0 1
-81 8 1 1
-80 8 -1 1
-80 8 0 1
-54 4 1 1
-76 19 3 0
-77 20 3 0
-81 18 6 1
-80 18 6 1
-79 18 6 1
-64 48 3 1
-64 48 4 1
-64 48 5 1
-64 49 5 1
-63 48 3 1
-63 48 4 1
-63 48 5 1
-63 49 5 1
-62 48 3 1
-62 48 4 1
-62 48 5 1
-62 49 5 1
-58 29 5 0
-54 6 13 1
-54 7 12 1
-54 7 13 1
-53 5 13 1
-52 5 13 1
-77 3 9 0
-76 4 12 0
-98 2 9 2
-77 7 5 1
-82 4 12 0
-52 25 1 1
-61 20 9 2
-54 31 2 2
-83 7 6 1
-66 12 9 1
-51 11 4 1
-52 10 5 1
-65 14 10 0
-52 27 8 1
-52 28 8 2
-52 29 8 1
-51 27 8 1
-51 17 11 1
-52 17 10 1
-57 5 10 0
-71 7 7 0
-71 7 11 0
-71 7 10 0
-71 6 10 0
-85 0 15 2
-85 0 14 1
-94 13 8 1
-94 13 7 1
-94 13 6 1
-86 0 14 2
-85 5 15 1
-55 11 14 0
-85 4 15 1
-85 4 14 1
-86 5 15 2
-53 11 4 2
-86 4 15 2
-86 4 14 2
-96 11 8 1
-96 11 7 1
-96 11 6 1
-71 8 10 0
-60 27 4 1
-91 3 16 1
-59 28 4 1
-91 2 16 1
-82 2 13 0
-62 21 7 1
-87 6 6 2
-87 6 5 2
-87 6 7 1
-86 6 5 2
-87 6 8 1
-87 6 9 1
-86 6 8 1
-86 6 9 1
-85 6 8 1
-93 4 8 1
-96 1 9 1
-90 15 5 1
-96 1 10 1
-96 1 11 1
-96 2 9 2
-96 2 10 2
-96 2 11 2
-96 3 9 1
-96 3 10 1
-96 3 11 1
-96 1 12 1
-96 2 12 2
-96 3 12 1
-96 1 8 1
-96 2 8 2
-96 3 8 1
-93 7 7 1
-90 13 5 1
-97 1 12 1
-97 2 12 1
-91 13 5 1
-68 6 12 0
-67 5 11 0
-67 5 10 0
-95 13 5 1
-95 12 5 2
-68 5 11 0
-68 4 11 0
-95 13 8 1
-95 13 7 1
-67 8 11 0
-88 6 9 1
-88 7 9 1
-87 7 8 1
-58 5 8 0
-87 6 4 2
-87 7 4 1
-69 7 11 0
-69 7 10 0
-68 8 10 0
-68 8 11 0
-87 7 9 1
-95 12 6 2
-95 12 7 2
-67 8 10 0
-63 31 9 1
-85 6 9 1
-61 27 4 2
-61 16 6 1
-92 11 8 0
-56 11 10 1
-90 4 13 1
-90 0 12 1
-95 12 9 1
-86 3 14 1
-86 3 15 1
-85 5 3 2
-82 10 9 1
-81 6 8 0
-76 8 7 0
-74 8 7 0
-66 1 4 0
-100 1 3 0
-53 11 5 2
-71 8 9 0
-71 8 8 0
-98 14 4 2
-55 29 9 1
-70 9 9 0
-70 9 8 0
-70 8 9 0
-70 8 8 0
-55 30 8 1
-79 1 9 1
-99 0 7 0
-99 0 8 0
-86 6 4 1
-67 7 10 0
-60 16 9 1
-60 16 10 1
-84 2 2 1
-84 2 3 1
-84 3 2 2
-84 3 3 1
-84 4 2 1
-84 4 3 2
-83 4 2 1
-82 4 2 1
-81 0 2 1
-82 0 2 1
-71 5 7 0
-66 1 6 1
-61 3 9 0
-66 2 8 1
-59 3 10 0
-65 0 6 0
-65 0 7 0
-66 2 4 0
-66 19 11 0
-65 19 9 0
-66 19 9 0
-64 17 11 0
-64 19 11 0
-64 19 12 0
-67 5 3 0
-65 5 8 0
-64 6 9 0
-63 6 9 0
-64 6 8 0
-64 7 7 0
-63 6 8 0
-64 7 8 0
-62 6 9 0
-63 7 9 0
-62 7 9 0
-51 3 7 1
-53 4 5 1
-53 5 5 1
-53 6 5 1
-52 4 5 1
-52 5 5 1
-52 6 5 1
-51 4 5 1
-64 1 8 0
-64 1 4 0
-56 4 5 1
-56 5 5 1
-64 20 11 0
-66 20 10 0
-66 20 9 0
-55 6 5 1
-65 17 11 0
-66 17 9 0
-63 15 9 1
-63 15 10 1
-63 15 11 1
-63 16 11 1
-63 17 11 1
-62 15 9 1
-65 6 5 0
-66 6 6 1
-65 6 4 0
-67 7 7 2
-68 6 7 2
-68 6 8 2
-68 7 7 2
-68 7 8 2
-67 6 6 1
-67 6 7 2
-60 0 9 0
-67 7 8 2
-66 6 7 1
-66 6 8 1
-66 7 7 1
-66 7 8 2
-67 7 3 0
-91 4 1 1
-58 1 8 1
-61 1 8 0
-92 4 1 1
-80 4 8 0
-79 6 8 0
-61 0 8 0
-59 1 8 1
-59 1 9 0
-61 1 9 0
-99 49 3 1
-82 12 1 1
-84 11 3 1
-81 11 2 1
-80 12 3 1
-80 12 4 1
-80 12 2 1
-80 12 5 1
-82 12 -1 1
-82 12 0 1
-81 12 -1 1
-81 12 0 2
-81 12 1 1
-80 12 -1 1
-80 12 0 1
-80 12 1 1
-80 13 -1 1
-80 13 0 1
-80 13 1 1
-80 14 -1 1
-80 14 0 1
-80 14 1 1
-81 13 2 1
-99 13 1 1
-99 13 2 1
-99 13 3 1
-99 14 1 1
-99 14 2 1
-99 14 3 1
-99 15 1 2
-99 15 2 2
-99 15 3 2
-98 15 1 1
-98 15 2 1
-97 15 1 1
-97 15 2 1
-99 13 4 1
-99 14 4 1
-99 15 4 1
-99 13 0 1
-99 14 0 1
-99 15 0 1
-98 15 0 1
-97 15 0 2
-96 13 -1 1
-96 14 -1 1
-96 15 -1 1
-96 15 0 1
-96 15 1 1
-95 15 -1 1
-94 15 -1 1
-85 12 2 1
-85 12 3 1
-85 13 2 1
-85 13 3 1
-85 13 4 1
-85 12 1 1
-85 13 1 1
-83 10 3 2
-82 10 3 2
-83 11 2 2
-84 10 1 1
-84 10 2 1
-84 11 1 1
-84 11 2 2
-83 10 1 1
-83 10 2 2
-83 11 1 1
-82 10 1 1
-82 10 2 1
-82 11 1 1
-82 11 2 1
-80 11 3 1
-80 11 4 0
-80 11 2 1
-82 13 6 1
-82 14 6 1
-81 13 6 1
-81 14 6 1
-80 12 6 1
-80 13 6 1
-80 14 6 1
-96 16 2 0
-97 18 2 2
-98 17 1 1
-98 17 2 1
-98 18 1 1
-98 18 2 1
-98 19 1 2
-98 19 2 2
-97 17 1 1
-97 17 2 1
-97 18 1 2
-97 19 1 1
-79 12 3 0
-79 12 4 1
-79 12 2 0
-84 9 1 2
-84 9 2 2
-83 9 1 1
-83 9 2 2
-83 9 3 1
-82 9 1 1
-82 9 2 1
-82 9 3 1
-81 10 3 1
-81 10 2 1
-82 11 -1 1
-82 11 0 1
-81 11 -1 1
-81 11 0 2
-81 11 1 1
-80 11 -1 1
-80 11 0 1
-80 11 1 1
-81 12 2 2
-94 43 5 0
-94 43 6 0
-94 43 4 0
-85 0 2 1
-85 1 2 1
-84 0 2 1
-84 1 2 1
-83 0 2 1
-79 11 3 0
-79 11 4 0
-79 11 2 0
-84 13 6 1
-84 14 6 1
-84 15 6 1
-83 13 6 1
-83 14 6 1
-83 15 6 1
-82 15 6 1
-81 9 3 1
-80 10 3 0
-80 10 4 0
-80 10 2 0
-82 10 -1 1
-82 10 0 1
-81 10 -1 1
-81 10 0 2
-81 10 1 1
-80 10 -1 1
-80 10 0 1
-80 10 1 1
-94 45 7 0
-94 45 3 0
-85 10 1 2
-85 10 2 2
-85 11 1 1
-85 11 2 1
-85 11 3 1
-81 9 4 1
-96 44 5 1
-96 44 6 1
-72 0 3 0
-73 0 0 1
-73 0 1 1
-73 0 2 1
-73 1 0 1
-73 1 1 2
-73 1 2 1
-73 2 0 1
-73 2 1 1
-73 2 2 1
-72 2 0 1
-72 2 1 1
-72 2 2 1
-71 2 0 1
-71 2 1 1
-71 2 2 1
-51 0 0 1
-51 0 1 2
-51 0 2 1
-52 0 0 1
-52 1 0 1
-52 1 1 2
-52 1 2 1
-51 1 0 1
-51 1 1 1
-51 1 2 1
-71 0 3 0
-73 0 3 0
-74 0 0 2
-74 0 1 1
-74 0 2 1
-74 1 0 1
-74 1 1 1
-74 1 2 1
-83 23 3 1
-83 23 2 1
-66 17 6 0
-84 18 4 2
-84 18 5 1
-84 18 6 1
-84 19 4 2
-84 19 5 1
-84 19 6 1
-84 20 6 1
-83 18 4 2
-83 18 5 1
-83 18 6 1
-90 3 6 1
-90 4 6 1
-86 4 4 1
-86 4 5 2
-86 4 6 2
-92 0 6 1
-86 11 9 1
-86 9 9 1
-85 10 9 1
-82 0 4 1
-81 4 2 1
-82 7 9 1
-80 10 9 0
-79 11 8 0
-76 11 9 0
-75 8 8 0
-75 11 8 0
-70 4 9 1
-94 16 5 1
-94 17 5 1
-69 4 9 1
-95 18 7 1
-95 18 8 1
-72 6 11 0
-72 7 10 0
-98 14 7 2
-98 14 8 2
-97 14 6 2
-97 14 7 2
-97 14 8 2
-96 14 6 1
-96 14 7 1
-96 14 8 1
-98 13 6 1
-98 13 7 1
-98 13 8 1
-97 13 6 2
-97 13 7 2
-97 13 8 2
-96 13 6 2
-96 13 7 2
-97 5 6 1
-54 11 9 0
-52 9 10 2
-52 10 10 1
-52 11 10 1
-53 10 6 1
-55 10 6 1
-55 10 7 1
-55 11 6 2
-55 11 7 2
-96 15 7 1
-84 0 3 2
-58 30 4 1
-83 4 7 0
-82 4 7 0
-82 4 6 0
-80 2 7 1
-80 2 6 1
-81 2 6 0
-66 32 8 1
-78 0 8 2
-95 15 6 1
-79 5 12 0
-79 5 11 0
-85 3 13 1
-86 1 14 1
-67 7 11 0
-84 7 8 1
-84 7 9 1
-82 11 8 1
-83 7 9 1
-82 8 4 1
-81 10 9 1
-51 18 9 1
-54 12 7 1
-54 12 8 1
-51 19 10 1
-51 19 11 1
-55 8 11 0
-55 9 10 0
-55 9 11 0
-55 6 12 0
-55 7 12 0
-54 8 11 0
-54 9 11 0
-91 1 16 1
-52 11 12 1
-52 11 13 1
-51 11 12 1
-51 11 13 1
-54 10 12 0
-72 8 5 0
-72 8 6 0
-72 8 4 0
-73 6 5 0
-73 6 4 0
-72 5 5 0
-72 5 6 0
-72 5 4 0
-71 4 5 0
-71 4 4 0
-56 2 13 0
-71 6 3 0
-56 3 13 0
-55 2 12 0
-62 10 6 0
-73 40 5 0
-73 40 6 0
-74 39 5 0
-74 39 6 0
-74 38 5 0
-75 38 5 0
-74 38 6 0
-75 38 6 0
-74 37 5 0
-74 37 6 0
-73 37 5 0
-73 37 6 0
-73 38 7 0
-73 38 4 0
-73 38 3 1
-68 4 10 0
-68 5 10 0
-51 17 9 1
-52 16 9 1
-51 14 8 1
-51 14 9 0
-51 14 7 1
-75 39 5 0
-76 39 5 0
-75 39 6 0
-51 15 3 1
-51 15 4 2
-51 16 3 1
-51 16 4 1
-51 17 3 1
-75 37 6 0
-76 37 6 0
-74 36 5 0
-74 36 6 0
-74 38 7 0
-74 38 2 2
-75 37 1 1
-75 37 2 1
-75 37 3 1
-75 38 1 1
-75 38 2 1
-75 38 3 1
-75 39 1 1
-70 5 7 1
-75 39 3 1
-74 37 1 1
-74 37 2 1
-74 37 3 1
-74 38 1 1
-74 38 3 1
-74 39 1 1
-74 39 2 2
-74 39 3 1
-73 37 1 1
-73 37 2 1
-73 37 3 1
-73 38 1 1
-73 38 2 1
-73 39 1 2
-73 39 2 1
-73 39 3 1
-51 16 9 0
-52 15 9 0
-78 8 4 1
-77 6 6 1
-77 6 7 0
-54 14 8 1
-54 15 6 1
-54 15 7 1
-54 15 8 1
-54 16 6 1
-54 16 7 1
-54 16 8 1
-53 14 6 1
-53 14 7 2
-53 14 8 1
-52 14 6 1
-52 14 7 1
-52 14 8 1
-54 6 16 0
-54 6 17 0
-54 7 16 0
-54 7 17 0
-60 9 7 0
-59 9 7 0
-61 9 8 0
-60 9 8 0
-61 9 7 0
-61 10 7 0
-62 9 7 0
-63 9 7 0
-63 7 7 0
-63 7 8 0
-61 7 7 0
-61 7 8 0
-60 7 7 0
-60 7 8 0
-65 2 6 0
-65 2 7 0
-65 3 5 0
-65 2 5 0
-64 3 6 0
-63 2 6 0
-64 2 7 0
-63 2 5 0
-65 4 7 0
-65 4 8 0
-65 4 4 0
-84 4 11 0
-87 12 10 2
-88 11 10 1
-88 11 11 1
-88 12 10 1
-88 12 11 1
-84 6 6 0
-84 6 7 0
-83 5 7 0
-82 6 8 0
-87 12 11 1
-63 3 6 0
-63 3 7 0
-62 3 5 0
-64 4 7 0
-65 3 7 0
-86 12 10 1
-86 12 11 1
-86 13 9 1
-86 13 10 1
-86 13 11 1
-90 45 6 0
-90 45 4 0
-91 44 5 0
-92 45 5 0
-91 44 6 0
-92 45 6 0
-92 45 4 0
-89 2 11 1
-89 2 12 1
-89 3 10 2
-66 8 7 1
-66 8 8 1
-66 8 9 1
-86 13 7 1
-89 11 5 1
-96 49 6 0
-90 12 5 1
-96 49 5 0
-97 48 6 0
-91 8 4 1
-91 9 4 1
-97 48 5 0
-98 48 5 1
-97 47 6 0
-98 47 6 0
-97 47 5 0
-98 47 5 1
-98 46 6 0
-98 46 5 0
-96 47 7 0
-96 47 8 0
-96 47 4 0
-72 39 5 0
-71 38 3 0
-71 38 7 0
-73 39 5 0
-72 38 5 0
-71 39 6 0
-55 4 16 0
-56 5 15 0
-57 4 17 0
-57 4 16 0
-57 5 16 0
-55 5 17 0
-57 8 10 0
-57 8 11 0
-57 8 9 0
-55 6 16 0
-54 8 17 0
-56 11 14 0
-56 9 14 0
-73 6 7 0
-91 1 15 1
-74 5 5 0
-92 1 15 1
-92 1 14 1
-75 6 5 0
-74 8 4 0
-91 4 15 1
-91 4 14 1
-56 31 3 1
-56 32 1 1
-56 32 2 2
-56 32 3 1
-56 29 1 1
-97 47 7 0
-97 49 6 0
-97 48 7 0
-97 49 7 0
-97 49 5 1
-98 49 6 0
-98 48 7 0
-98 49 7 0
-98 49 5 1
-99 48 6 0
-65 35 3 1
-99 49 6 0
-99 48 7 0
-99 49 7 0
-99 49 5 1
-99 47 6 0
-100 47 6 0
-53 3 6 0
-99 47 7 0
-100 47 7 0
-100 47 5 1
-99 46 6 0
-99 46 7 0
-99 46 5 0
-98 45 6 1
-98 47 7 0
-98 46 7 0
-98 45 5 1
-84 4 5 1
-54 4 5 1
-54 4 6 1
-53 3 8 0
-52 2 7 0
-58 9 6 0
-54 2 8 0
-57 30 8 1
-57 30 6 1
-59 31 7 2
-60 30 6 1
-60 30 7 1
-60 30 8 1
-60 31 6 1
-60 31 7 1
-60 31 8 1
-60 32 6 2
-60 32 7 2
-60 32 8 1
-59 30 6 1
-59 31 6 2
-59 31 8 1
-59 32 6 2
-59 32 7 2
-59 32 8 2
-58 30 6 1
-58 31 6 2
-58 31 7 2
-58 31 8 1
-58 32 6 2
-58 32 7 2
-58 32 8 1
-60 30 5 1
-60 31 5 1
-60 32 5 2
-55 0 4 1
-59 31 5 1
-59 32 5 2
-58 30 5 1
-58 31 5 2
-58 32 5 2
-62 29 6 1
-55 4 6 2
-62 29 7 1
-62 29 8 1
-62 30 6 2
-62 30 7 2
-62 30 8 2
-61 30 6 1
-61 30 7 1
-61 30 8 1
-62 28 9 1
-62 29 9 1
-62 30 9 1
-61 30 9 1
-60 30 9 1
-62 30 5 2
-61 30 5 1
-56 4 8 1
-57 28 6 0
-57 27 6 1
-58 26 6 1
-55 5 16 0
-58 26 7 1
-58 27 6 1
-58 27 7 1
-58 24 8 1
-58 24 9 1
-58 25 8 1
-58 25 9 1
-58 26 8 1
-58 26 9 1
-57 6 7 1
-58 4 16 0
-54 2 14 0
-57 4 9 1
-77 7 7 0
-57 5 5 2
-57 3 6 1
-83 3 4 1
-91 43 6 0
-90 44 4 0
-91 12 8 1
-76 7 7 0
-75 7 7 0
-56 4 10 0
-72 3 8 0
-72 3 9 0
-53 18 11 1
-53 18 10 2
-54 18 10 1
-55 18 11 1
-51 23 7 2
-84 37 6 0
-51 23 8 1
-84 38 6 0
-84 38 5 0
-85 38 4 0
-85 38 5 0
-89 45 5 0
-90 43 5 0
-87 42 6 0
-81 11 6 1
-89 0 10 2
-89 0 12 1
-89 41 5 0
-80 2 5 1
-81 3 6 0
-80 4 6 0
-81 4 7 0
-61 27 7 2
-60 28 7 2
-57 4 5 1
-81 7 6 0
-81 7 7 0
-80 7 7 0
-76 10 6 0
-81 9 6 1
-81 8 7 0
-81 9 7 1
-83 11 7 1
-83 12 7 1
-82 11 7 2
-82 12 5 1
-69 6 11 0
-70 7 11 0
-70 7 10 0
-70 6 11 0
-70 6 10 0
-66 7 11 0
-66 7 10 0
-66 6 10 0
-71 7 9 0
-53 25 6 1
-53 25 7 1
-62 18 8 1
-51 21 8 1
-52 25 2 2
-52 25 3 1
-55 31 4 2
-53 28 3 2
-53 28 4 2
-53 29 3 2
-52 26 7 0
-55 11 5 1
-100 1 4 0
-89 9 9 1
-56 14 11 1
-59 10 5 1
-59 11 5 1
-58 12 6 1
-58 12 7 1
-58 13 6 1
-58 13 7 1
-57 12 7 2
-57 13 7 1
-62 12 6 1
-62 12 7 1
-62 13 6 1
-62 13 7 1
-61 12 6 1
-61 12 7 1
-61 13 6 2
-61 13 7 2
-77 5 8 0
-51 13 5 1
-51 14 5 2
-62 14 5 2
-65 17 6 1
-65 17 4 0
-65 17 3 0
-93 0 3 1
-93 0 4 1
-93 0 2 1
-92 1 2 1
-92 1 3 1
-92 1 4 1
-92 2 2 1
-64 18 4 0
-66 18 4 0
-67 18 6 0
-88 27 6 1
-88 28 6 1
-88 29 6 1
-87 27 6 1
-86 27 6 1
-86 25 6 1
-86 26 6 1
-84 28 5 1
-84 28 6 1
-84 28 2 0
-84 33 23 0
-83 28 5 0
-82 30 4 0
-82 30 5 0
-84 29 6 1
-84 30 6 1
-84 31 6 2
-84 29 2 1
-82 26 6 1
-82 27 6 1
-83 28 6 0
-86 29 7 2
-86 30 7 1
-86 31 7 1
-85 29 7 2
-85 30 7 2
-85 31 7 1
-84 29 7 1
-84 30 7 1
-84 31 7 2
-87 28 7 1
-87 29 7 1
-87 30 7 1
-86 28 7 1
-85 28 7 1
-84 25 7 1
-84 26 7 1
-84 27 7 1
-83 25 7 1
-83 26 7 2
-83 27 7 1
-82 25 7 1
-82 26 7 1
-82 27 7 1
-83 29 6 0
-83 29 7 0
-57 11 2 1
-60 29 6 2
-56 12 6 1
-60 28 6 2
-54 23 4 1
-54 23 5 1
-54 24 3 2
-54 24 4 2
-54 24 5 2
-52 21 3 2
-52 21 4 1
-52 21 5 1
-52 21 6 1
-51 23 1 1
-51 24 1 1
-64 37 3 1
-63 35 3 2
-63 36 3 1
-63 37 3 1
-67 36 4 1
-68 38 5 2
-68 37 6 1
-68 38 6 1
-69 37 4 1
-69 37 5 1
-69 37 6 1
-69 38 4 1
-69 38 5 1
-69 38 6 1
-69 39 4 2
-69 39 5 1
-84 12 8 1
-51 28 3 2
-51 28 4 2
-51 28 5 2
-77 0 4 1
-77 1 4 1
-51 28 2 1
-52 25 4 1
-52 25 5 1
-55 23 3 1
-55 23 4 1
-55 23 5 1
-55 24 3 2
-57 1 7 1
-57 1 6 1
-58 1 6 2
-59 0 6 1
-58 0 6 1
-57 0 6 1
-54 25 4 2
-54 25 5 2
-53 25 3 1
-53 25 4 1
-53 25 5 1
-51 25 1 1
-78 0 3 2
-78 1 3 1
-53 4 3 1
-54 2 4 1
-54 1 4 1
-52 2 4 0
-52 2 3 0
-56 0 7 0
-56 0 6 0
-51 1 5 0
-52 2 5 0
-54 1 5 1
-53 0 5 0
-55 12 9 1
-55 13 9 1
-55 13 10 1
-55 13 11 1
-55 14 9 1
-55 14 10 2
-55 14 11 1
-53 10 12 1
-53 10 13 1
-54 11 12 0
-67 6 10 0
-54 28 7 1
-96 12 5 1
-54 28 9 1
-100 1 9 0
-98 3 7 1
-98 2 7 2
-98 1 7 1
-54 29 7 1
-54 29 9 1
-63 20 4 1
-100 0 7 0
-84 8 9 1
-84 9 9 1
-83 8 9 1
-83 9 9 1
-53 6 12 2
-53 6 13 1
-53 7 12 1
-53 7 13 1
-60 12 4 1
-60 13 4 1
-59 12 4 1
-56 13 6 1
-57 9 3 1
-57 9 4 1
-56 9 5 1
-56 8 1 2
-56 8 2 1
-56 9 1 1
-56 9 2 1
-56 10 1 1
-55 8 1 1
-55 8 2 1
-54 8 1 1
-63 27 7 1
-64 26 8 1
-57 29 8 1
-57 29 9 1
-56 29 8 1
-56 29 9 1
-57 30 7 1
-58 29 7 0
-58 29 8 0
-58 28 8 1
-58 27 9 1
-58 28 9 1
-57 9 5 1
-56 8 0 1
-56 9 0 1
-56 10 0 1
-55 8 0 1
-55 9 0 1
-55 10 0 1
-54 8 0 1
-54 9 0 1
-54 10 0 1
-61 20 3 1
-61 21 3 1
-60 20 3 1
-59 20 3 1
-56 30 7 0
-56 30 8 0
-58 30 7 1
-58 30 8 1
-59 30 7 1
-59 30 8 1
-61 27 9 1
-61 28 9 1
-61 29 9 1
-60 27 9 1
-60 28 9 1
-60 29 9 1
-59 27 9 1
-59 28 9 1
-59 29 9 1
-59 24 8 1
-59 25 8 1
-59 26 8 1
-52 18 3 1
-51 18 3 1
-53 15 3 2
-53 16 3 1
-53 17 3 1
-58 8 4 2
-59 7 3 1
-59 7 4 1
-59 7 5 1
-59 8 3 1
-59 8 4 1
-59 9 3 1
-53 14 4 2
-54 14 3 2
-54 14 4 2
-54 15 3 2
-54 15 4 2
-54 16 3 1
-54 16 4 1
-53 14 3 2
-55 12 5 2
-55 12 6 1
-55 12 7 1
-55 13 5 1
-55 14 5 1
-53 12 3 1
-53 12 4 1
-53 13 3 1
-53 13 4 1
-52 12 3 1
-52 12 4 2
-51 12 3 1
-51 12 4 1
-51 12 5 1
-53 14 1 1
-53 14 2 1
-53 15 1 1
-53 15 2 1
-53 16 1 1
-53 16 2 1
-52 14 1 1
-52 14 2 2
-51 14 1 1
-51 14 2 1
-60 14 6 2
-60 14 7 1
-65 20 9 0
-64 20 10 0
-64 19 10 1
-64 17 10 1
-64 18 10 1
-63 17 10 1
-62 17 10 1
-60 12 5 2
-60 13 5 2
-59 12 5 2
-59 13 5 1
-58 14 7 1
-62 14 6 2
-61 14 6 2
-89 1 16 1
-66 21 9 1
-66 22 9 2
-66 23 9 1
-65 20 10 0
-61 18 11 2
-62 17 11 1
-62 17 12 1
-62 18 11 1
-62 18 12 1
-62 19 11 1
-62 20 5 1
-61 17 10 2
-62 20 7 2
-62 21 5 1
-62 21 6 1
-61 19 11 1
-61 19 12 1
-60 17 10 1
-60 17 11 1
-60 17 12 1
-81 11 3 1
-81 12 3 1
-80 14 2 0
-83 14 -1 1
-83 14 0 1
-82 14 -1 1
-82 14 0 2
-81 14 -1 1
-81 14 0 1
-81 14 1 1
-53 0 0 1
-53 1 0 1
-53 1 1 2
-79 0 10 0
-78 0 10 0
-84 12 3 1
-82 12 2 1
-80 13 2 1
-83 13 -1 1
-83 13 0 1
-82 13 -1 1
-82 13 0 1
-81 13 -1 1
-81 13 0 2
-81 13 1 1
-98 48 8 0
-97 49 8 0
-79 13 2 0
-78 14 3 1
-78 14 4 1
-78 14 5 1
-78 15 3 1
-78 15 4 1
-78 15 5 1
-78 16 3 1
-78 16 4 1
-78 16 5 1
-84 12 2 1
-83 12 2 1
-84 12 1 1
-83 12 1 1
-85 11 4 1
-85 12 4 1
-84 10 4 1
-84 11 4 1
-84 12 4 1
-84 12 5 1
-84 12 6 1
-83 10 4 2
-51 20 8 2
-83 11 5 1
-51 22 8 1
-83 12 4 2
-83 12 5 1
-83 12 6 1
-86 7 6 1
-86 7 7 1
-86 7 5 1
-85 7 6 1
-85 7 5 1
-70 6 8 1
-70 6 9 1
-83 2 3 1
-85 7 8 1
-85 7 9 1
-98 18 5 1
-98 18 6 2
-98 18 7 2
-98 19 5 1
-98 19 6 2
-98 19 7 2
-98 20 5 1
-98 20 6 1
-98 20 7 1
-100 19 9 1
-100 20 9 1
-99 19 9 1
-99 20 9 1
-98 18 8 2
-98 18 9 1
-98 19 8 2
-98 19 9 1
-98 20 8 1
-98 20 9 1
-100 21 9 1
-100 22 8 1
-100 22 9 1
-98 16 5 1
-98 16 6 2
-98 16 7 2
-98 17 5 1
-98 17 6 1
-98 17 7 1
-98 17 8 1
-98 17 9 1
-98 16 8 1
-98 16 9 1
-64 3 3 0
-63 2 3 0
-80 6 9 0
-66 4 3 0
-92 0 13 1
-92 1 11 1
-92 1 12 1
-92 1 13 1
-92 0 9 1
-67 3 4 0
-51 26 5 1
-51 27 3 2
-51 27 4 2
-51 27 5 2
-51 25 2 1
-51 26 2 1
-51 27 2 2
-54 22 3 1
-54 22 4 1
-54 22 5 1
-54 23 3 2
-83 2 12 0
-83 2 13 1
-83 3 12 0
-83 3 13 0
-82 3 14 0
-83 0 13 1
-83 1 13 1
-90 1 16 1
-83 8 3 1
-100 1 6 0
-100 1 7 0
-88 15 5 1
-88 15 6 1
-88 15 7 1
-88 15 8 1
-88 15 9 1
-89 11 8 1
-92 0 7 1
-92 1 6 1
-92 1 7 1
-91 0 7 1
-91 1 7 0
-69 9 8 1
-69 10 7 0
-70 9 6 0
-70 9 7 0
-61 22 8 1
-60 20 8 1
-60 21 8 1
-60 22 8 1
-59 20 8 1
-59 21 8 1
-59 22 8 1
-65 22 9 2
-65 23 9 1
-65 24 9 1
-64 22 9 1
-64 23 9 2
-64 24 9 1
-63 22 9 1
-63 23 9 1
-63 24 9 1
-63 17 4 1
-63 17 5 1
-63 17 6 2
-62 17 4 2
-62 17 5 2
-62 17 6 1
-61 17 4 1
-61 17 5 1
-61 17 6 1
-65 8 6 1
-88 11 8 1
-52 26 3 1
-52 26 4 1
-52 26 5 1
-52 27 3 2
-52 27 4 1
-52 27 5 1
-52 28 3 2
-52 28 4 2
-52 28 5 2
-52 26 2 1
-52 27 2 2
-52 28 2 2
-53 26 4 1
-54 24 6 2
-51 26 7 1
-54 28 1 1
-53 28 1 1
-51 23 4 2
-51 23 5 2
-55 25 7 2
-51 23 6 2
-54 23 7 1
-54 24 7 2
-56 28 7 1
-56 28 8 2
-56 28 9 1
-55 26 8 1
-55 26 9 1
-55 27 7 1
-55 27 9 1
-54 26 8 1
-54 26 9 1
-54 27 8 1
-54 27 9 1
-56 24 8 2
-56 25 8 2
-55 24 8 1
-55 25 8 1
-54 24 8 1
-54 25 8 1
-52 27 9 1
-54 1 13 0
-53 0 12 0
-53 0 13 0
-56 4 13 0
-92 7 4 1
-79 4 5 1
-52 28 9 1
-52 29 9 1
-51 27 9 1
-51 28 9 1
-51 29 9 1
-54 31 7 1
-58 9 0 1
-54 31 9 1
-54 30 1 1
-54 31 1 1
-53 29 1 1
-53 30 1 1
-53 31 1 1
-56 28 3 1
-53 27 3 2
-53 27 4 1
-53 27 5 1
-57 26 3 2
-57 26 4 2
-53 28 5 2
-57 27 3 1
-57 27 4 1
-57 28 2 2
-57 28 3 1
-57 28 4 1
-56 27 2 2
-56 28 2 2
-55 23 1 1
-55 24 1 1
-54 23 1 1
-54 24 1 1
-53 23 1 1
-52 28 1 1
-52 29 1 1
-52 30 1 1
-56 29 3 1
-55 27 5 1
-56 26 1 1
-56 27 1 1
-56 28 1 1
-56 12 13 0
-51 28 8 1
-51 29 8 1
-56 8 14 0
-55 9 14 0
-55 8 14 0
-56 10 15 0
-51 27 1 1
-51 28 1 1
-56 30 1 1
-55 10 15 0
-54 10 15 0
-55 11 15 0
-56 12 14 0
-56 11 15 0
-56 9 15 0
-56 8 15 0
-55 9 15 0
-55 32 1 1
-56 10 16 0
-55 32 3 2
-54 32 1 1
-54 32 2 2
-54 32 3 2
-56 29 4 1
-57 30 2 2
-58 29 1 1
-58 29 2 2
-58 29 3 1
-58 30 1 1
-58 30 2 2
-58 30 3 1
-58 31 1 1
-58 31 2 2
-58 31 3 2
-57 29 1 1
-57 29 2 2
-57 29 3 1
-57 30 1 1
-57 30 3 1
-57 31 1 1
-57 31 2 2
-55 11 16 0
-56 12 15 0
-56 11 16 0
-56 8 16 0
-55 8 16 0
-56 10 17 0
-55 10 16 0
-56 9 16 0
-55 9 16 0
-54 10 17 0
-55 11 17 0
-56 12 16 0
-56 12 17 0
-56 8 17 0
-55 8 17 0
-56 10 18 0
-55 10 17 0
-83 4 11 0
-56 9 17 0
-70 7 7 0
-53 2 4 0
-51 2 4 0
-85 18 2 2
-86 17 1 1
-86 17 2 1
-86 18 1 1
-86 18 2 2
-85 17 1 1
-85 17 2 2
-85 18 1 1
-84 17 1 1
-84 17 2 1
-84 18 1 1
-84 18 2 1
-64 0 8 0
-64 2 9 0
-72 39 6 0
-74 40 5 0
-74 40 6 0
-76 39 6 0
-76 38 5 0
-76 38 6 0
-75 37 5 0
-76 37 5 0
-62 4 4 0
-71 3 6 1
-72 3 7 0
-71 3 7 1
-72 4 6 0
-72 4 7 0
-73 5 6 0
-73 5 7 0
-73 1 6 1
-73 1 7 0
-72 2 6 0
-72 1 6 0
-61 26 2 1
-61 26 3 2
-61 26 4 1
-60 26 2 2
-62 26 5 2
-61 26 5 1
-60 26 5 1
-59 25 4 1
-60 26 1 1
-74 4 5 1
-73 2 3 1
-73 2 4 1
-73 2 5 1
-73 3 3 1
-73 3 5 1
-73 4 3 1
-73 4 4 1
-73 4 5 1
-72 2 3 1
-72 2 4 1
-72 2 5 1
-72 3 3 1
-72 3 4 1
-72 3 5 1
-72 4 3 1
-72 4 4 1
-72 4 5 1
-52 23 1 1
-57 26 9 1
-92 8 4 1
-90 11 5 1
-51 7 8 1
-75 39 2 2
-53 17 6 1
-86 13 5 1
-86 12 7 2
-86 12 6 2
-53 17 8 1
-53 18 6 1
-55 10 14 0
-70 5 9 1
-63 25 2 1
-70 5 8 1
-63 25 3 1
-63 25 4 2
-63 26 2 1
-63 26 3 1
-63 26 4 1
-63 27 2 1
-63 27 3 1
-63 27 4 1
-62 25 2 1
-62 25 3 2
-69 6 5 0
-70 4 6 1
-70 4 7 1
-61 25 4 1
-63 25 5 2
-63 26 5 1
-69 2 8 2
-68 2 6 1
-67 6 4 0
-67 6 3 0
-60 25 3 1
-60 25 4 1
-59 24 3 1
-59 26 5 1
-60 25 1 1
-71 2 7 1
-71 1 7 1
-70 1 6 1
-70 1 7 2
-71 0 6 1
-71 0 7 1
-71 0 8 1
-71 1 8 1
-71 2 8 1
-70 0 6 1
-70 0 7 1
-70 0 8 2
-70 1 8 1
-69 0 6 1
-69 0 7 2
-69 0 8 2
-69 1 6 2
-69 1 7 2
-69 1 8 1
-83 0 3 1
-80 2 2 2
-80 3 2 1
-66 20 4 1
-66 20 5 1
-66 20 6 1
-51 3 10 1
-100 16 3 2
-91 12 7 1
-58 24 7 1
-64 24 7 1
-81 2 12 0
-96 18 5 1
-96 17 5 1
-96 19 9 1
-79 38 3 0
-79 38 4 0
-79 38 7 0
-78 37 4 0
-79 36 4 0
-79 36 5 0
-81 37 4 0
-81 37 6 0
-81 37 5 0
-81 38 4 0
-81 38 6 0
-81 38 5 0
-81 40 4 0
-81 40 6 0
-80 39 6 0
-51 17 10 1
-81 40 5 0
-80 39 5 0
-79 40 4 0
-83 0 15 1
-83 0 14 1
-84 1 15 1
-84 1 14 2
-84 0 15 2
-84 0 14 2
-80 5 14 0
-80 5 13 0
-79 3 13 0
-79 3 12 0
-80 7 12 0
-79 6 11 0
-79 6 13 0
-79 6 12 0
-78 5 11 0
-83 3 14 0
-83 2 15 1
-83 2 14 1
-84 3 15 0
-54 29 1 1
-55 31 1 1
-55 30 1 1
-55 29 1 1
-53 31 6 1
-53 31 5 1
-54 31 6 1
-54 31 5 1
-55 31 6 1
-55 31 5 1
-53 31 4 1
-53 31 3 1
-77 5 9 0
-77 4 9 0
-77 4 8 0
-78 5 9 0
-78 4 9 0
-62 21 9 1
-55 31 2 2
-61 19 9 2
-61 18 9 2
-61 18 8 1
-62 20 9 2
-62 19 9 2
-62 18 9 2
-54 22 6 1
-63 20 9 1
-51 19 2 1
-51 19 3 1
-53 23 7 2
-64 20 6 1
-51 23 2 1
-84 3 13 0
-51 7 13 1
-51 7 12 1
-51 6 13 1
-51 6 12 1
-52 7 13 1
-52 7 12 2
-52 6 13 1
-52 6 12 1
-51 5 12 1
-52 5 12 1
-65 7 7 1
-77 7 8 0
-78 7 8 0
-57 5 11 0
-81 1 9 1
-81 1 8 1
-57 4 10 0
-81 0 8 1
-82 1 9 0
-82 0 9 1
-82 0 8 1
-51 0 4 0
-53 0 4 0
-51 1 4 0
-85 2 3 1
-83 0 4 2
-83 1 6 1
-83 0 5 2
-85 0 7 2
-86 0 7 2
-87 0 7 1
-85 2 7 1
-85 1 7 2
-86 2 7 2
-86 1 7 2
-87 2 7 2
-74 14 4 0
-60 32 2 1
-60 32 3 1
-60 33 2 1
-60 33 3 2
-60 34 2 1
-78 24 3 0
-80 24 3 0
-81 24 5 0
-81 24 3 0
-82 22 4 1
-72 15 5 0
-83 22 5 2
-75 14 7 0
-84 21 4 2
-75 12 7 0
-84 21 5 1
-84 21 6 1
-84 22 4 2
-84 22 5 2
-84 22 6 1
-84 23 4 2
-84 23 5 2
-84 23 6 1
-83 21 4 1
-83 21 5 1
-83 21 6 1
-83 22 4 1
-83 22 6 1
-83 23 4 1
-83 23 5 2
-83 23 6 1
-82 21 4 1
-82 21 5 1
-82 21 6 1
-82 22 5 1
-71 12 6 0
-71 12 7 0
-71 12 5 0
-73 14 7 0
-73 11 6 0
-73 10 6 0
-73 11 7 0
-73 10 7 0
-73 10 5 0
-72 11 6 0
-72 11 7 0
-72 11 5 0
-73 12 7 0
-73 12 8 0
-73 12 5 0
-73 12 4 0
-71 11 6 0
-70 11 6 0
-71 11 7 0
-71 13 6 0
-71 13 7 0
-74 10 6 0
-74 10 7 0
-72 10 6 0
-72 10 7 0
-71 10 7 0
-72 11 8 0
-72 11 4 0
-71 13 5 0
-71 13 4 0
-71 11 3 1
-72 13 4 0
-72 11 3 1
-85 26 1 1
-85 26 2 1
-85 26 3 1
-87 25 4 1
-87 25 5 1
-86 25 4 2
-86 25 5 1
-85 25 4 2
-85 25 5 1
-85 23 0 1
-84 23 0 1
-84 23 1 2
-83 23 0 1
-83 23 1 1
-83 25 2 1
-84 25 2 1
-84 25 3 1
-87 27 1 1
-87 27 2 1
-87 27 3 2
-86 27 1 1
-86 27 2 1
-86 27 3 1
-85 27 1 1
-85 27 2 1
-85 27 3 1
-87 26 4 1
-87 26 5 1
-86 26 4 2
-86 26 5 1
-85 26 4 2
-85 26 5 2
-87 25 0 1
-87 26 0 1
-77 1 3 1
-86 25 0 1
-86 26 0 1
-53 34 2 2
-53 35 2 2
-52 33 2 2
-52 34 2 2
-52 35 2 1
-51 33 2 2
-51 34 2 1
-51 35 2 1
-83 24 0 1
-83 24 1 1
-53 36 1 1
-53 36 2 2
-53 37 1 1
-53 37 2 1
-53 38 1 1
-84 26 2 1
-84 26 3 1
-87 27 4 2
-87 27 5 1
-86 27 4 1
-86 27 5 1
-85 27 4 1
-85 27 5 1
-85 25 6 1
-84 25 0 1
-84 25 1 2
-83 25 0 1
-83 25 1 1
-55 37 2 1
-55 37 3 1
-55 37 4 1
-54 37 2 2
-54 36 3 1
-54 36 4 1
-54 35 3 1
-53 32 2 2
-53 32 3 2
-53 32 4 1
-52 32 2 1
-52 32 3 1
-52 32 4 1
-51 32 2 1
-51 32 3 1
-51 32 4 1
-53 32 5 1
-53 32 6 1
-52 32 5 1
-52 32 6 1
-51 32 5 1
-51 32 6 1
-53 32 1 1
-53 33 1 1
-53 34 1 1
-52 32 1 1
-52 33 1 1
-52 34 1 1
-51 32 1 1
-51 33 1 1
-51 34 1 1
-53 35 1 1
-52 35 1 1
-51 35 1 1
-76 5 4 0
-56 24 2 1
-66 10 7 2
-67 12 9 1
-98 8 2 1
-98 8 3 2
-98 9 2 1
-76 1 1 1
-76 1 4 1
-78 1 0 1
-77 1 0 1
-76 1 0 2
-74 0 4 0
-75 1 -1 1
-74 1 -1 1
-73 1 -1 1
-81 30 15 0
-82 32 16 0
-81 32 15 0
-82 34 15 0
-85 31 17 1
-85 32 17 1
-85 33 17 2
-84 31 17 2
-84 32 17 2
-84 33 17 1
-83 31 17 1
-83 32 17 1
-83 33 17 1
-84 30 15 1
-82 31 15 0
-81 31 15 0
-82 32 17 0
-75 2 3 1
-79 0 1 2
-79 1 1 1
-79 0 0 1
-79 1 0 1
-80 32 16 0
-76 0 -1 1
-76 1 -1 1
-82 34 16 0
-82 31 16 0
-82 30 16 0
-81 31 16 0
-81 32 17 0
-80 32 17 0
-81 33 17 0
-82 33 17 0
-82 34 17 0
-85 31 18 1
-85 32 18 1
-85 33 18 1
-84 31 18 1
-84 32 18 2
-84 33 18 1
-83 31 18 1
-83 32 18 1
-83 33 18 1
-84 30 16 1
-74 4 1 1
-74 4 2 1
-73 4 1 1
-73 4 2 1
-72 3 1 1
-72 3 2 1
-72 4 1 1
-72 4 2 1
-74 4 0 1
-73 4 0 1
-72 3 0 1
-72 4 0 1
-76 2 1 1
-77 2 1 1
-80 0 0 1
-80 0 1 1
-80 1 0 1
-80 1 1 1
-75 0 5 1
-75 1 3 1
-77 0 -1 1
-77 1 -1 1
-81 32 18 0
-80 32 18 0
-81 33 18 0
-82 33 18 0
-82 34 18 0
-85 31 19 1
-85 32 19 2
-85 33 19 2
-84 31 19 1
-84 32 19 2
-84 33 19 1
-83 31 19 1
-83 32 19 1
-83 33 19 1
-84 30 17 1
-83 30 17 1
-82 31 18 0
-82 30 18 0
-81 30 17 0
-81 31 18 0
-82 32 19 0
-81 32 19 0
-80 32 19 0
-81 33 19 0
-82 33 19 0
-82 34 19 0
-83 30 18 1
-82 31 19 0
-82 30 19 0
-81 30 18 0
-81 31 19 0
-82 32 20 0
-80 32 20 0
-81 33 20 0
-82 34 20 0
-64 26 5 1
-56 23 2 1
-56 23 3 1
-55 24 4 1
-60 29 7 2
-53 22 3 2
-53 22 4 1
-53 22 5 1
-53 31 2 1
-54 31 4 2
-54 31 3 2
-56 27 4 1
-91 13 6 1
-91 12 6 1
-52 18 12 2
-58 25 3 1
-58 25 2 2
-54 11 4 1
-54 13 1 1
-54 14 1 1
-98 3 12 1
-78 2 9 0
-62 1 8 0
-71 8 6 0
-51 7 9 1
-93 2 4 1
-56 11 11 1
-88 3 7 2
-66 12 5 1
-63 30 9 1
-89 5 8 1
-89 5 9 1
-90 1 8 1
-89 0 8 2
-89 1 8 1
-63 31 8 1
-63 31 7 2
-61 31 7 1
-58 33 5 1
-58 32 9 1
-58 31 9 1
-60 32 9 1
-66 33 6 2
-66 31 8 1
-64 33 5 1
-65 33 6 2
-67 10 9 1
-57 5 0 1
-90 3 2 2
-86 5 10 1
-94 12 6 1
-94 11 8 1
-94 11 7 1
-94 11 6 1
-95 11 7 2
-95 11 6 2
-59 8 6 0
-60 8 8 0
-60 8 7 0
-61 29 3 2
-59 27 4 1
-86 2 15 1
-80 4 12 0
-60 1 4 2
-62 22 6 1
-95 13 9 1
-79 7 7 0
-86 2 14 1
-79 8 7 0
-80 9 6 0
-80 8 7 0
-85 2 14 1
-85 2 15 1
-85 3 14 1
-85 3 15 1
-84 2 16 1
-60 29 4 2
-92 2 13 1
-92 3 13 1
-61 27 3 2
-61 27 2 1
-77 2 9 0
-76 40 5 0
-76 40 6 0
-77 40 5 0
-86 5 14 1
-77 39 6 0
-77 38 5 0
-78 38 5 0
-85 5 14 1
-77 38 6 0
-77 37 5 0
-77 37 6 0
-76 36 5 0
-76 36 6 0
-76 38 7 0
-76 38 4 0
-76 38 3 1
-85 1 15 2
-57 26 2 2
-55 8 15 0
-54 10 16 0
-91 2 5 1
-62 5 7 0
-99 1 7 1
-78 2 8 0
-77 2 8 0
-53 10 5 1
-51 11 5 1
-56 29 2 1
-75 40 5 0
-75 40 6 0
-77 39 5 0
-77 40 6 0
-78 40 5 0
-78 40 6 0
-79 38 5 0
-88 14 8 1
-78 38 6 0
-79 38 6 0
-78 37 5 0
-78 37 6 0
-77 36 5 0
-77 36 6 0
-77 38 7 0
-77 38 4 0
-77 38 3 0
-83 11 4 2
-63 18 9 2
-63 18 8 2
-55 23 7 1
-55 28 1 1
-99 2 10 1
-99 1 8 1
-99 1 9 1
-62 20 6 2
-73 8 9 0
-78 4 8 0
-63 20 11 0
-84 1 9 1
-89 3 11 2
-78 39 5 0
-78 39 6 0
-79 39 5 0
-79 40 5 0
-79 39 6 0
-79 40 6 0
-80 38 5 0
-89 14 4 1
-80 38 6 0
-79 37 5 0
-79 37 6 0
-78 36 5 0
-78 38 7 0
-78 38 4 0
-78 38 3 0
-81 0 9 1
-59 30 5 1
-98 16 4 1
-98 16 3 1
-99 16 4 1
-99 16 3 2
-100 16 4 1
-52 16 2 1
-84 2 10 0
-78 40 4 0
-67 14 4 0
-66 13 5 1
-66 14 6 1
-66 13 4 1
-65 14 5 1
-65 14 6 1
-65 14 4 2
-66 15 3 1
-60 5 4 0
-61 6 4 0
-60 2 4 2
-60 2 5 2
-60 2 6 1
-60 3 4 1
-60 3 5 1
-60 3 6 1
-60 4 4 1
-59 2 6 1
-58 2 6 1
-60 5 0 1
-60 5 1 1
-68 14 5 0
-68 14 6 0
-68 14 4 0
-68 13 5 0
-68 13 6 0
-68 13 4 0
-60 7 2 1
-66 12 4 1
-65 13 5 1
-65 13 4 1
-66 14 4 1
-66 14 3 1
-59 6 3 0
-65 15 4 1
-69 13 5 0
-69 13 4 0
-67 13 5 0
-68 12 5 0
-68 12 6 1
-68 12 4 0
-67 12 5 1
-67 11 5 1
-67 12 6 1
-67 11 4 1
-65 12 5 1
-65 12 4 1
-67 13 6 1
-67 13 7 1
-67 13 4 0
-67 0 7 1
-67 0 8 1
-69 2 4 1
-54 23 6 1
-55 24 7 1
-51 23 3 2
-55 23 6 1
-54 27 6 1
-51 25 9 0
-84 39 8 0
-86 38 7 0
-86 38 8 0
-86 37 7 0
-86 37 8 0
-79 24 2 0
-57 32 5 1
-57 33 5 1
-56 32 5 1
-56 33 5 1
-57 31 4 1
-98 48 3 1
-98 47 3 1
-99 48 8 0
-63 4 1 0
-97 47 4 0
-97 47 8 0
-95 49 6 0
-95 48 7 0
-94 47 7 0
-94 46 3 0
-83 37 6 0
-83 39 7 0
-83 39 8 0
-86 39 7 0
-86 39 8 0
-86 37 6 0
-52 23 3 2
-52 23 4 2
-52 23 5 2
-52 24 3 1
-52 24 4 1
-52 24 5 1
-51 24 3 1
-51 24 4 1
-51 24 5 1
-52 22 6 1
-52 23 6 2
-52 24 6 1
-51 24 6 1
-52 22 2 1
-52 23 2 2
-52 24 2 1
-83 9 6 2
-84 8 5 1
-84 8 6 1
-88 1 7 2
-88 0 7 1
-89 2 7 1
-89 1 7 1
-70 37 5 0
-88 0 16 1
-88 1 16 1
-92 12 7 0
-87 0 16 1
-78 8 5 1
-87 1 16 1
-76 6 6 0
-76 6 7 0
-76 6 3 0
-91 13 8 1
-90 13 6 1
-90 13 7 2
-90 13 8 2
-90 14 6 2
-90 14 7 2
-90 14 8 2
-90 15 6 1
-90 15 7 1
-90 15 8 1
-92 13 9 1
-91 13 9 1
-90 13 9 1
-90 14 9 1
-90 15 9 1
-92 13 5 1
-97 3 12 1
-98 1 8 1
-98 1 9 1
-98 2 8 2
-93 13 9 1
-98 3 8 1
-98 3 9 1
-97 1 8 1
-92 0 1 1
-93 13 4 2
-94 12 4 1
-93 0 1 1
-94 0 1 1
-92 0 4 1
-92 0 3 1
-92 0 2 1
-72 6 3 0
-66 16 3 0
-66 16 4 0
-66 15 4 1
-66 15 6 1
-76 5 11 0
-76 5 10 0
-76 4 10 0
-75 7 8 0
-76 7 9 0
-76 7 8 0
-59 25 3 1
-59 25 2 1
-90 4 12 1
-59 25 1 1
-90 4 10 1
-90 3 12 2
-58 28 4 1
-59 31 3 1
-59 31 2 1
-90 2 11 2
-90 2 10 2
-89 5 13 1
-89 5 12 1
-59 30 1 1
-89 5 10 1
-57 32 3 2
-57 32 2 2
-57 32 1 1
-76 8 8 0
-78 8 8 0
-56 30 4 1
-78 10 8 0
-77 11 8 0
-76 10 8 0
-75 9 8 0
-87 2 9 1
-84 2 13 1
-84 1 13 1
-84 0 13 2
-85 2 13 1
-90 1 11 1
-90 1 10 1
-90 1 9 1
-90 0 11 2
-90 0 10 2
-90 0 9 1
-87 1 14 1
-87 0 14 2
-89 4 13 1
-89 3 13 2
-89 2 13 1
-89 4 12 1
-89 4 11 1
-89 4 10 1
-89 3 12 2
-92 42 5 0
-55 14 4 1
-55 15 3 1
-55 15 4 1
-55 15 5 1
-55 13 2 1
-55 14 2 1
-67 15 6 0
-67 15 5 0
-57 10 4 1
-57 10 3 1
-99 20 8 1
-99 19 8 2
-99 18 8 2
-100 20 8 1
-69 35 8 1
-74 7 4 0
-75 8 4 0
-75 5 5 0
-75 5 4 0
-51 1 7 0
-51 1 8 0
-51 1 6 0
-52 2 6 0
-54 0 7 0
-54 0 8 0
-54 0 6 0
-52 0 7 0
-51 0 7 0
-55 24 9 1
-71 6 7 0
-72 7 4 0
-52 24 8 1
-90 3 13 2
-90 2 13 1
-90 4 11 1
-90 3 11 2
-90 3 10 2
-90 2 12 1
-89 5 11 1
-54 31 8 1
-55 4 13 0
-63 19 7 1
-76 8 4 0
-90 44 3 0
-61 18 4 1
-62 18 6 2
-62 18 5 2
-62 18 4 1
-63 20 6 1
-77 3 6 0
-78 3 7 0
-77 3 7 0
-78 4 6 0
-77 4 6 0
-77 4 7 0
-79 5 6 1
-79 5 7 0
-79 0 8 2
-54 28 8 2
-100 1 10 0
-62 26 8 1
-80 0 8 2
-62 27 7 1
-62 27 8 1
-62 28 7 1
-62 28 8 1
-61 26 7 1
-61 26 8 1
-60 26 7 1
-60 26 8 1
-63 26 8 1
-55 30 9 1
-61 24 7 1
-61 24 8 1
-61 25 7 1
-61 25 8 1
-60 25 7 1
-56 22 4 1
-56 22 5 1
-56 22 6 1
-56 22 3 1
-80 0 4 1
-80 1 4 2
-88 1 12 1
-87 2 12 1
-88 4 11 2
-63 21 4 1
-52 25 7 1
-63 19 6 1
-75 6 7 0
-75 6 3 0
-55 27 4 1
-63 18 4 1
-100 0 5 0
-65 22 4 2
-64 26 3 1
-62 26 7 1
-96 45 4 0
-94 47 4 0
-95 43 5 0
-93 44 2 0
-93 44 3 0
-92 44 2 0
-92 15 2 1
-90 43 2 0
-100 14 3 1
-100 17 -1 1
-72 24 5 0
-60 48 7 1
-61 49 7 1
-51 41 4 1
-52 40 5 2
-56 4 0 1
-52 40 6 1
-52 40 7 1
-79 1 7 1
-79 1 5 1
-79 0 7 2
-79 0 6 2
-79 0 5 2
-80 0 7 2
-80 0 6 2
-80 0 5 1
-79 1 6 2
-80 1 7 1
-81 2 7 0
-82 3 7 0
-81 3 7 0
-80 4 7 0
-80 5 6 1
-79 4 7 0
-79 4 6 0
-80 3 6 0
-79 3 7 0
-80 3 7 0
-78 3 6 0
-79 3 6 0
-58 10 7 1
-55 12 8 1
-60 12 8 1
-60 12 9 1
-58 10 12 0
-58 11 12 1
-51 24 10 0
-51 24 9 0
-52 23 10 1
-53 23 10 1
-54 23 10 1
-54 22 10 1
-54 21 10 1
-52 23 9 1
-53 23 9 1
-54 23 9 1
-54 22 9 2
-54 22 8 2
-54 22 7 1
-54 21 9 1
-54 21 8 1
-54 21 7 1
-99 0 3 1
-55 23 8 2
-97 2 4 2
-51 25 8 0
-98 1 4 2
-98 1 5 1
-98 2 3 2
-98 2 4 1
-98 2 5 2
-57 24 10 1
-57 25 10 1
-57 26 10 1
-56 25 10 1
-56 26 10 1
-55 24 10 1
-81 3 2 2
-81 2 4 1
-81 2 3 2
-81 2 2 2
-81 1 4 1
-81 1 3 2
-81 1 2 1
-82 3 2 2
-82 2 4 1
-82 2 2 1
-82 1 4 1
-82 1 3 1
-82 1 2 1
-83 3 3 2
-83 3 2 1
-83 2 2 2
-83 1 3 1
-83 1 2 1
-82 2 3 2
-82 2 8 0
-82 2 7 0
-80 1 5 1
-81 1 7 1
-80 1 6 1
-82 0 5 1
-82 1 7 0
-82 0 6 1
-83 1 4 1
-95 18 6 1
-83 1 7 1
-83 0 7 1
-68 10 8 1
-92 42 4 0
-66 31 6 1
-66 31 7 1
-66 32 7 1
-51 22 10 1
-52 22 10 1
-53 22 10 1
-51 22 9 1
-52 22 9 1
-53 22 9 2
-53 21 8 1
-53 21 7 1
-53 20 8 1
-58 14 10 1
-66 13 3 1
-65 13 3 1
-65 14 3 1
-65 15 3 1
-64 13 3 1
-55 8 8 0
-53 8 10 1
-88 38 4 0
-87 39 3 0
-81 6 12 0
-86 4 3 1
-86 5 3 2
-86 5 4 1
-86 5 5 1
-86 2 3 1
-97 7 2 1
-84 2 17 0
-86 4 17 0
-87 1 17 0
-86 2 18 0
-97 7 3 1
-65 11 8 2
-85 37 2 0
-83 36 5 0
-86 36 5 0
-87 37 3 0
-87 37 4 0
-99 17 9 1
-99 18 9 1
-84 3 16 0
-84 3 17 0
-84 1 17 0
-88 3 2 1
-88 2 3 1
-88 2 2 1
-89 1 4 1
-57 7 4 1
-58 23 7 1
-59 18 5 1
-59 18 4 1
-60 18 6 1
-54 3 8 0
-55 4 7 1
-55 4 9 1
-55 4 8 1
-56 5 7 2
-56 5 9 1
-55 5 8 1
-55 7 7 1
-51 6 6 1
-51 5 6 2
-51 4 6 1
-52 6 6 2
-85 37 4 0
-85 37 3 0
-93 45 5 0
-94 45 5 0
-93 45 6 0
-94 45 6 0
-94 45 4 0
-93 43 5 0
-93 43 4 0
-92 43 5 0
-92 43 6 0
-90 43 4 0
-92 45 7 0
-93 4 7 1
-53 17 2 1
-54 4 9 0
-54 4 7 1
-84 34 4 1
-86 34 4 2
-86 33 4 1
-84 36 4 0
-78 4 12 0
-63 19 11 0
-66 18 10 0
-66 18 11 0
-66 18 9 0
-66 17 11 0
-65 17 9 1
-81 34 3 0
-92 1 8 1
-69 33 5 1
-89 43 7 0
-52 4 3 1
-56 2 8 0
-71 6 8 0
-71 6 9 0
-71 7 8 0
-59 6 4 1
-63 37 5 1
-63 37 6 1
-65 37 8 1
-98 13 5 1
-98 14 5 1
-97 13 5 1
-97 14 5 1
-96 13 5 1
-98 15 3 2
-84 29 1 1
-62 5 2 0
-86 31 1 1
-86 30 1 1
-76 5 5 0
-62 6 5 0
-60 0 6 1
-62 0 9 0
-68 17 5 0
-81 24 1 0
-66 16 1 2
-67 15 0 1
-67 15 1 1
-67 15 2 1
-67 16 0 1
-67 16 1 1
-67 16 2 1
-67 17 0 1
-67 17 1 2
-67 17 2 1
-66 15 0 1
-66 15 1 1
-66 15 2 1
-66 16 0 1
-66 16 2 1
-66 17 0 1
-66 17 1 1
-66 17 2 1
-65 15 0 1
-65 15 1 1
-65 15 2 1
-65 16 0 1
-65 16 1 1
-65 16 2 1
-83 11 9 1
-99 9 3 1
-99 9 2 1
-99 8 3 1
-99 8 2 1
-99 7 4 1
-99 7 3 1
-99 7 2 1
-98 9 6 1
-98 8 6 1
-69 1 5 2
-92 8 2 1
-68 8 4 0
-70 6 5 0
-99 19 5 1
-70 6 6 0
-70 6 4 0
-68 4 4 0
-69 6 7 1
-69 6 8 1
-69 7 7 1
-69 7 8 1
-68 6 3 0
-87 8 8 0
-54 27 3 1
-93 7 2 1
-59 31 1 1
-95 5 6 1
-55 15 2 1
-54 13 2 1
-54 14 2 1
-54 15 2 1
-53 13 2 2
-53 13 1 1
-52 13 1 1
-52 13 2 1
-51 13 1 1
-51 13 2 1
-51 12 2 1
-55 16 3 1
-55 16 4 1
-55 16 5 1
-55 16 6 1
-55 16 2 1
-54 16 2 1
-55 12 3 2
-55 12 4 2
-54 12 3 1
-54 12 4 1
-55 12 2 1
-54 12 2 1
-53 12 2 2
-72 6 6 0
-54 12 1 1
-70 4 5 0
-70 4 4 0
-70 6 7 1
-52 12 1 1
-52 12 2 1
-56 8 10 0
-56 8 11 0
-56 9 10 0
-56 9 11 0
-55 8 10 0
-81 24 2 0
-81 23 1 0
-79 23 2 0
-80 37 2 1
-80 20 1 0
-79 19 2 0
-79 19 6 0
-79 19 3 0
-82 17 6 1
-82 16 6 1
-77 21 3 0
-78 20 3 0
-77 19 3 0
-81 17 7 1
-81 17 6 1
-81 16 7 1
-81 16 6 1
-81 15 7 1
-81 15 6 1
-93 47 5 0
-88 0 2 1
-75 1 4 1
-67 10 6 1
-67 11 3 1
-78 2 10 0
-77 17 3 0
-77 17 7 0
-76 16 3 0
-76 16 7 0
-75 17 4 0
-76 15 7 0
-76 16 4 0
-57 2 9 0
-53 12 7 2
-93 1 10 1
-72 14 4 0
-74 13 2 1
-74 13 1 1
-58 3 1 1
-57 2 1 1
-73 14 4 0
-71 13 3 1
-71 13 2 1
-71 13 1 1
-71 12 3 1
-71 12 2 1
-71 12 1 1
-72 13 3 1
-72 13 2 1
-72 13 1 1
-72 12 3 1
-72 12 1 1
-73 13 3 1
-73 13 2 1
-73 13 1 1
-73 12 3 1
-73 11 3 1
-72 12 2 2
-71 12 4 0
-70 12 4 0
-70 12 5 0
-70 11 4 0
-70 11 5 0
-80 33 1 0
-82 31 2 0
-82 31 3 0
-82 31 1 1
-81 32 2 0
-81 32 3 0
-66 8 4 0
-86 31 5 1
-62 5 9 0
-60 5 10 0
-59 5 10 0
-100 46 3 1
-100 46 2 1
-100 45 3 1
-100 45 2 1
-100 46 4 1
-82 29 11 0
-100 42 6 1
-100 42 5 1
-99 46 4 0
-99 46 8 0
-83 32 14 1
-81 30 12 0
-81 33 12 0
-81 33 13 0
-83 25 5 1
-80 32 12 0
-80 32 13 0
-82 34 12 0
-81 33 15 0
-96 44 8 1
-96 43 8 1
-96 42 8 1
-97 42 8 1
-98 42 8 1
-99 47 5 1
-97 46 4 0
-97 46 8 0
-96 43 7 1
-96 43 6 1
-96 43 5 1
-96 42 7 1
-96 42 6 1
-96 42 5 1
-98 45 4 1
-98 44 4 1
-98 43 4 1
-99 45 4 1
-99 44 4 1
-99 43 4 1
-100 45 4 1
-100 44 4 1
-100 43 4 1
-100 45 8 1
-100 44 8 1
-100 43 8 1
-100 45 7 1
-100 45 6 1
-100 45 5 1
-100 44 7 1
-100 44 6 1
-100 44 5 1
-100 43 7 1
-100 43 6 1
-100 43 5 1
-96 46 4 0
-96 46 8 0
-96 46 7 0
-95 45 7 0
-96 44 7 1
-97 45 8 1
-97 44 8 1
-97 43 8 1
-98 45 8 1
-98 44 8 1
-98 43 8 1
-99 45 8 1
-99 44 8 1
-89 36 20 1
-97 45 7 1
-97 45 5 1
-98 45 7 1
-99 45 7 1
-99 45 6 1
-99 45 5 1
-96 48 7 0
-95 47 7 0
-94 46 7 0
-94 13 0 2
-93 11 -1 1
-93 11 0 1
-93 12 -1 1
-93 12 0 1
-93 12 1 1
-93 13 -1 1
-93 13 0 2
-93 13 1 1
-92 13 -1 1
-92 13 0 1
-92 13 1 1
-91 13 -1 1
-93 16 2 2
-94 15 1 1
-94 15 2 1
-94 15 3 1
-94 16 1 2
-94 16 2 2
-94 16 3 2
-99 44 6 2
-99 44 5 2
-99 43 7 1
-99 43 6 2
-99 43 5 1
-99 42 7 1
-99 42 6 1
-93 16 3 1
-98 43 6 2
-94 46 4 0
-91 46 6 0
-92 44 3 0
-92 44 7 0
-94 44 4 0
-82 35 8 0
-82 37 9 0
-83 36 8 0
-82 37 8 0
-84 37 9 0
-84 36 8 0
-84 37 8 0
-85 37 9 0
-85 37 8 0
-86 35 9 1
-84 35 8 0
-84 35 7 0
-94 44 6 0
-94 44 5 0
-91 44 3 0
-91 44 7 0
-93 42 4 0
-93 42 5 0
-91 46 4 0
-91 46 5 0
-91 43 3 0
-91 43 7 0
-90 43 3 0
-90 43 7 0
-89 42 3 0
-89 42 7 0
-91 42 4 0
-91 42 6 0
-91 42 5 0
-89 44 4 0
-87 44 4 0
-87 44 5 0
-87 42 4 0
-90 40 4 0
-90 40 5 0
-88 41 3 0
-79 19 5 0
-89 39 5 0
-75 15 8 0
-75 15 4 0
-86 40 8 0
-67 34 4 2
-66 34 4 1
-63 31 4 2
-62 25 6 2
-61 25 6 1
-61 24 4 1
-61 24 5 1
-61 24 3 1
-60 24 4 1
-60 24 5 1
-60 24 3 1
-58 24 4 2
-59 23 3 1
-59 23 4 2
-59 23 5 2
-59 24 4 1
-59 24 5 1
-59 25 5 1
-58 23 3 1
-58 23 4 1
-58 23 5 2
-58 24 5 2
-57 23 3 1
-57 23 4 2
-57 23 5 2
-59 23 6 2
-59 24 6 2
-59 25 6 1
-58 23 6 1
-58 24 6 2
-58 25 6 2
-57 23 6 1
-57 24 6 2
-57 25 6 2
-59 23 2 1
-59 24 2 1
-58 23 2 1
-57 23 2 1
-61 25 1 1
-61 26 1 1
-63 24 3 2
-63 24 4 2
-63 24 5 2
-62 24 3 1
-62 24 4 1
-62 24 5 1
-63 24 6 2
-62 24 6 1
-61 24 6 1
-63 24 2 1
-62 24 2 1
-61 24 2 2
-60 23 4 1
-60 23 5 1
-60 23 3 1
-61 9 9 0
-61 9 6 0
-61 9 5 0
-79 8 4 1
-79 8 5 1
-58 10 13 0
-78 8 6 1
-77 7 6 1
-77 8 6 1
-79 6 3 1
-79 7 3 2
-79 8 3 2
-78 6 3 1
-78 7 3 1
-78 8 3 1
-77 7 3 1
-77 8 3 1
-80 6 3 1
-80 7 3 1
-79 5 3 1
-78 5 3 1
-78 6 7 0
-91 0 10 2
-91 0 11 1
-91 0 12 2
-52 26 8 0
-55 21 7 1
-55 21 8 1
-55 21 9 1
-90 0 13 2
-55 22 8 1
-55 22 9 1
-55 23 9 2
-55 21 10 1
-91 1 12 1
-55 23 10 1
-70 0 4 1
-52 24 10 0
-90 0 14 1
-90 1 12 1
-90 1 13 1
-90 1 14 1
-91 0 9 1
-91 1 9 1
-91 1 10 1
-91 1 11 1
-88 2 9 1
-64 24 8 1
-64 25 8 1
-64 4 4 0
-63 25 8 1
-62 23 8 1
-62 24 8 1
-62 25 8 1
-66 21 6 1
-66 21 7 1
-66 21 8 1
-66 22 6 1
-66 22 7 1
-66 22 8 1
-66 23 6 1
-66 23 7 1
-66 23 8 1
-66 21 4 1
-66 21 5 1
-66 22 4 1
-66 22 5 1
-66 23 4 1
-66 23 5 1
-65 2 4 0
-63 18 5 1
-56 24 10 1
-88 3 9 2
-88 4 9 1
-90 2 9 1
-90 3 9 2
-90 4 9 1
-89 2 9 1
-89 3 9 2
-89 4 9 1
-91 2 10 2
-56 23 9 1
-91 2 12 1
-61 18 6 1
-91 3 11 2
-63 20 7 1
-91 4 10 1
-91 4 11 1
-91 4 12 1
-91 2 13 1
-91 3 13 1
-91 4 13 1
-91 2 9 1
-91 3 9 2
-91 4 9 1
-92 0 10 1
-92 0 11 1
-92 0 12 1
-65 24 8 1
-63 18 7 1
-62 18 7 2
-61 18 7 1
-63 19 8 1
-63 20 8 1
-62 19 8 2
-62 20 8 2
-62 21 8 1
-61 19 8 1
-61 20 8 2
-61 21 8 2
-60 18 4 1
-60 18 5 1
-88 1 4 1
-87 1 5 2
-88 0 4 2
-88 0 5 1
-88 0 6 1
-88 1 5 1
-88 1 6 1
-88 2 5 2
-100 20 4 1
-100 21 4 1
-100 22 4 1
-57 23 8 1
-57 23 9 1
-57 23 10 1
-54 26 10 0
-58 6 15 0
-57 6 14 0
-57 6 15 0
-57 7 15 0
-69 12 5 0
-69 12 6 0
-69 12 4 0
-68 11 5 0
-68 11 6 1
-68 11 4 0
-67 10 5 1
-67 11 6 1
-67 10 4 1
-66 11 5 2
-66 11 4 2
-67 12 4 1
-67 12 3 1
-88 40 7 0
-87 41 7 0
-84 41 7 0
-85 39 8 0
-85 37 5 0
-87 38 5 0
-87 39 5 0
-87 39 7 0
-87 39 6 0
-87 40 7 0
-62 33 3 1
-62 34 3 2
-65 30 4 1
-85 41 7 0
-65 30 5 1
-65 30 6 1
-65 30 7 1
-65 30 3 1
-65 31 3 1
-65 32 3 2
-62 31 1 1
-62 31 2 1
-62 32 1 1
-62 32 2 1
-87 9 1 1
-87 10 0 1
-87 10 1 1
-87 10 2 1
-87 11 0 1
-87 11 1 2
-87 11 2 1
-88 9 2 0
-87 8 2 0
-88 8 2 1
-93 0 13 1
-86 40 7 0
-89 6 1 1
-89 6 2 1
-89 6 3 1
-89 7 1 2
-89 7 2 2
-89 7 3 2
-94 2 13 2
-94 3 13 1
-94 4 13 1
-93 2 13 1
-93 3 13 1
-93 4 13 1
-92 4 13 1
-95 1 13 1
-95 2 13 2
-95 3 13 1
-94 1 13 1
-93 1 13 1
-96 1 13 1
-87 8 0 2
-96 2 13 2
-96 3 13 1
-84 40 7 0
-85 36 6 0
-85 37 6 0
-87 38 7 0
-87 38 6 0
-97 1 13 1
-86 38 6 0
-97 2 13 1
-97 3 13 1
-85 39 7 0
-65 33 3 1
-64 33 3 1
-63 33 3 1
-65 31 2 1
-65 32 2 1
-65 33 2 1
-64 31 2 1
-64 32 2 1
-64 33 2 1
-63 31 2 1
-63 32 2 1
-63 33 2 2
-62 33 1 1
-62 33 2 2
-61 33 1 1
-61 33 2 1
-60 33 1 1
-83 36 6 0
-84 35 6 0
-86 36 6 0
-85 36 7 0
-85 38 7 0
-85 38 9 0
-85 38 8 0
-84 37 7 0
-83 38 7 0
-83 37 7 0
-83 38 9 0
-83 38 8 0
-83 36 7 0
-84 36 6 0
-84 36 7 0
-82 35 7 0
-60 0 2 1
-59 0 2 1
-76 18 4 0
-75 18 4 0
-61 0 1 1
-60 0 1 1
-59 0 1 1
-79 16 6 2
-80 15 6 1
-80 15 7 1
-80 16 6 2
-80 16 7 1
-80 17 6 1
-80 17 7 1
-79 15 6 2
-79 15 7 1
-79 16 7 1
-79 17 6 1
-84 34 7 0
-85 35 6 1
-85 34 6 1
-85 33 6 1
-56 1 2 0
-57 2 2 1
-59 1 2 0
-57 0 1 0
-86 35 6 1
-86 34 6 1
-86 33 6 1
-87 35 6 1
-87 34 6 1
-87 33 6 1
-85 35 7 1
-85 34 7 1
-86 35 8 1
-86 35 7 1
-86 34 7 2
-86 33 7 1
-87 35 9 1
-87 35 8 1
-87 35 7 1
-87 34 7 1
-56 2 2 1
-58 1 2 0
-58 2 2 0
-59 2 2 0
-60 1 2 0
-58 1 1 0
-87 33 7 1
-86 36 7 0
-86 36 9 0
-86 36 8 0
-85 37 7 0
-84 38 7 0
-84 38 9 0
-84 38 8 0
-61 16 10 1
-61 16 11 1
-70 7 8 0
-70 7 9 0
-69 6 9 1
-69 7 9 1
-85 8 5 1
-84 9 4 1
-83 9 4 1
-82 9 4 1
-82 10 4 1
-82 11 4 2
-82 11 5 2
-82 11 6 2
-86 11 4 1
-86 12 4 1
-85 6 6 1
-85 7 7 1
-53 11 3 1
-84 7 7 1
-52 11 3 1
-66 12 8 1
-52 11 5 1
-65 12 7 2
-65 12 8 1
-65 12 9 1
-64 12 7 1
-64 12 8 1
-64 12 9 1
-67 14 9 0
-67 14 8 1
-58 0 8 1
-58 0 7 1
-65 14 11 0
-88 10 8 1
-88 11 9 1
-80 2 10 0
-79 2 10 0
-64 15 10 0
-66 15 10 0
-67 14 10 0
-66 12 10 0
-60 8 10 0
-54 2 10 0
-54 2 11 0
-54 3 10 0
-54 3 11 0
-53 2 10 0
-59 9 10 0
-53 3 10 0
-55 0 8 0
-80 6 8 0
-82 5 8 0
-82 5 9 0
-78 5 10 0
-83 5 8 0
-80 2 8 0
-80 2 9 0
-80 3 9 0
-79 2 8 0
-79 2 9 0
-79 3 9 0
-51 25 6 1
-82 12 8 1
-81 12 8 1
-83 2 9 1
-82 2 10 0
-83 3 9 0
-83 4 10 0
-83 4 8 0
-84 4 10 0
-86 4 9 2
-87 3 9 2
-87 3 10 2
-87 4 9 2
-87 4 10 2
-87 5 8 2
-87 5 9 1
-76 4 8 0
-86 3 9 1
-86 3 10 1
-86 4 10 2
-86 5 8 2
-86 5 9 1
-75 5 9 0
-85 3 9 1
-85 3 10 1
-85 4 10 1
-85 5 8 1
-85 5 9 1
-85 5 10 1
-87 3 11 2
-87 4 11 2
-87 5 11 1
-86 3 11 1
-86 4 11 2
-86 5 11 1
-85 3 11 1
-85 4 11 1
-85 5 11 1
-85 2 9 1
-86 2 10 1
-86 1 9 1
-85 1 10 1
-84 0 9 2
-85 0 9 2
-85 0 10 2
-84 0 10 2
-84 1 10 1
-83 0 8 1
-83 0 9 1
-83 0 10 1
-83 1 8 1
-83 1 10 1
-85 0 11 2
-85 1 11 1
-84 0 11 2
-84 1 11 1
-83 0 11 1
-83 1 11 1
-84 2 11 1
-83 2 10 0
-84 3 10 0
-87 3 12 1
-87 4 12 2
-87 5 12 1
-86 3 12 1
-86 4 12 2
-86 5 12 1
-85 3 12 1
-85 4 12 1
-85 5 12 1
-85 2 10 0
-86 1 10 1
-85 0 12 1
-85 1 12 2
-84 0 12 2
-84 1 12 1
-83 0 12 1
-83 1 12 1
-84 2 12 1
-52 0 9 0
-52 1 9 0
-51 0 9 0
-51 1 9 0
-90 8 4 1
-90 9 4 1
-90 10 4 2
-91 7 5 1
-90 7 5 1
-89 7 5 1
-89 7 6 2
-89 7 7 2
-89 8 5 2
-89 8 6 2
-89 8 7 1
-89 9 5 1
-89 7 8 2
-89 8 8 1
-89 9 8 1
-91 7 4 1
-90 7 4 1
-89 7 4 1
-89 8 4 1
-89 9 4 1
-88 9 6 1
-88 9 7 1
-88 9 5 1
-61 28 2 2
-61 28 3 2
-61 28 4 2
-61 29 2 2
-84 3 11 0
-61 29 4 2
-87 4 13 2
-60 28 4 2
-86 3 13 1
-86 4 13 2
-86 5 13 1
-59 29 4 1
-85 4 13 1
-85 5 13 1
-87 2 10 1
-86 2 11 1
-87 2 11 1
-87 0 10 2
-88 0 9 2
-88 0 10 2
-88 0 11 2
-88 1 9 1
-88 1 10 1
-88 1 11 1
-83 3 10 0
-83 3 11 0
-82 2 12 0
-87 0 9 2
-82 3 12 0
-87 1 9 1
-87 1 10 1
-87 1 11 1
-81 3 13 0
-86 0 9 2
-86 0 10 2
-86 0 11 2
-86 1 11 1
-56 8 7 0
-56 9 6 1
-56 9 7 0
-87 10 6 1
-87 10 7 1
-87 10 5 1
-85 11 5 2
-85 11 6 2
-85 11 7 2
-85 12 5 1
-85 12 6 1
-65 8 7 1
-65 8 8 1
-65 8 9 1
-64 9 8 1
-62 10 8 0
-62 10 9 0
-64 11 10 0
-64 11 7 1
-64 11 6 1
-96 0 11 1
-96 0 12 0
-96 0 9 1
-62 7 5 0
-62 4 6 0
-62 4 5 0
-65 3 3 0
-68 0 4 1
-68 1 4 1
-99 8 4 1
-99 9 4 1
-52 10 12 1
-52 10 13 1
-51 10 12 2
-51 10 13 1
-54 9 12 0
-62 5 6 0
-61 10 8 0
-61 10 9 0
-66 11 6 2
-66 12 6 1
-66 13 6 1
-65 11 6 1
-65 12 6 1
-65 13 6 1
-64 12 6 1
-64 13 6 1
-66 9 6 1
-66 10 6 2
-68 15 5 0
-82 37 7 0
-82 36 7 0
-83 35 7 0
-82 34 8 0
-87 34 10 1
-87 34 9 1
-87 34 8 1
-87 33 10 1
-87 33 9 1
-87 33 8 1
-87 32 10 1
-87 32 9 1
-87 32 8 1
-85 35 8 1
-99 20 4 1
-99 20 5 1
-99 20 6 1
-99 21 4 1
-55 26 3 2
-55 26 4 2
-55 26 5 1
-54 26 3 1
-54 26 4 1
-54 26 5 1
-55 26 6 2
-55 26 7 2
-54 26 6 1
-54 26 7 1
-53 26 6 1
-53 26 7 1
-52 25 6 1
-53 24 1 1
-53 25 1 1
-53 25 2 2
-53 26 1 1
-53 26 2 2
-53 26 3 1
-52 26 1 1
-51 26 1 1
-56 7 4 2
-85 36 8 0
-84 36 9 0
-83 37 8 0
-82 36 8 0
-81 35 8 0
-83 35 8 0
-83 35 9 0
-82 33 9 0
-82 34 9 0
-84 34 8 1
-85 34 8 1
-86 34 8 2
-86 33 8 1
-86 32 8 1
-85 35 9 1
-85 35 10 0
-85 36 9 0
-84 35 9 0
-83 37 9 0
-83 36 9 0
-83 37 10 0
-82 36 9 0
-81 35 9 0
-82 35 9 0
-81 35 11 0
-81 35 10 0
-83 34 8 0
-85 36 10 0
-84 35 10 0
-83 35 10 0
-82 35 10 0
-82 34 10 0
-83 34 9 0
-82 33 10 0
-84 34 9 1
-85 34 9 1
-86 34 9 1
-86 33 9 2
-84 36 10 0
-84 36 11 0
-83 36 10 0
-82 36 10 0
-82 36 11 0
-62 35 7 1
-75 8 7 0
-78 7 12 0
-61 11 8 0
-61 11 9 0
-61 11 7 1
-62 11 7 0
-64 8 8 0
-63 8 9 0
-64 8 7 0
-62 8 8 0
-82 34 11 0
-52 39 4 1
-52 40 2 1
-52 40 3 1
-55 38 2 1
-55 38 3 2
-55 38 4 1
-55 39 2 1
-55 39 3 1
-55 39 4 1
-55 40 2 1
-55 40 3 1
-55 40 4 1
-54 38 2 1
-54 38 3 2
-54 37 3 1
-53 35 4 1
-53 35 3 1
-52 34 4 2
-53 33 3 2
-53 33 4 2
-53 33 5 1
-53 34 3 2
-53 34 4 1
-53 34 5 1
-53 35 5 1
-52 33 3 2
-52 33 4 2
-52 33 5 2
-84 35 13 0
-66 35 2 2
-60 10 4 0
-57 13 6 1
-60 11 9 0
-60 9 9 0
-58 12 12 1
-63 1 4 0
-58 13 12 1
-57 12 12 1
-57 13 12 1
-62 23 5 1
-62 23 4 1
-62 23 3 1
-63 23 5 1
-63 23 4 1
-63 23 3 1
-64 25 5 1
-55 13 3 2
-55 13 4 2
-55 14 3 1
-67 8 9 1
-86 9 7 1
-86 9 5 1
-86 10 7 2
-85 10 5 1
-85 10 6 2
-52 22 3 1
-52 22 4 1
-52 22 5 1
-87 5 0 1
-87 6 0 1
-86 4 0 1
-86 5 0 1
-86 6 0 1
-86 6 -1 1
-86 7 -1 1
-86 7 0 1
-86 7 1 1
-86 8 -1 1
-56 37 1 1
-57 32 4 2
-84 34 13 1
-83 35 13 0
-59 17 6 1
-82 35 13 0
-57 31 5 1
-86 34 12 2
-59 30 4 1
-60 34 3 1
-59 33 2 1
-79 5 1 1
-59 34 2 1
-66 38 3 1
-59 34 3 1
-65 38 3 1
-67 36 2 1
-67 37 2 1
-67 38 2 1
-66 38 2 1
-65 38 2 1
-68 33 2 1
-59 34 4 1
-68 34 2 1
-68 35 2 1
-67 35 2 1
-67 34 1 1
-67 35 1 1
-67 36 1 2
-66 36 1 1
-65 36 1 1
-60 31 3 1
-87 34 13 1
-87 33 13 1
-87 32 13 1
-84 35 14 0
-83 34 14 0
-82 35 14 0
-81 35 14 0
-87 34 16 1
-87 34 15 1
-87 34 14 1
-87 33 16 1
-87 33 15 1
-87 33 14 1
-87 32 16 1
-87 32 15 1
-87 32 14 1
-83 35 14 0
-81 34 14 0
-84 34 14 1
-85 34 14 1
-86 34 14 1
-86 33 14 2
-83 35 15 0
-83 34 15 0
-81 34 15 0
-84 34 15 1
-85 34 17 1
-85 34 16 1
-85 34 15 1
-86 34 17 1
-86 34 16 1
-86 34 15 1
-58 34 4 1
-86 33 16 1
-86 33 15 2
-86 32 17 1
-86 32 16 1
-86 32 15 1
-83 35 16 0
-66 32 3 2
-66 32 2 1
-85 29 15 1
-86 31 15 1
-86 30 15 1
-86 29 15 1
-84 29 17 1
-84 29 16 1
-85 30 16 2
-85 29 17 1
-85 29 16 1
-86 31 17 1
-86 31 16 1
-86 30 17 1
-86 30 16 1
-86 29 17 1
-86 29 16 1
-85 30 17 2
-84 34 16 1
-83 34 16 0
-81 34 16 0
-84 34 17 1
-83 34 17 0
-81 34 18 0
-81 34 17 0
-62 8 9 0
-87 13 9 1
-84 34 18 1
-85 33 23 0
-85 35 21 0
-83 33 22 0
-84 31 22 0
-84 34 22 0
-85 34 18 1
-86 33 23 0
-58 35 4 1
-58 34 5 1
-85 31 22 0
-86 5 1 2
-86 6 1 1
-87 33 23 0
-87 35 21 0
-86 31 22 0
-87 32 22 0
-86 31 21 0
-87 32 21 0
-86 34 22 0
-86 33 22 0
-87 31 22 0
-87 31 21 0
-88 35 22 0
-88 35 21 0
-87 34 22 0
-87 34 21 0
-89 33 23 0
-88 31 21 0
-89 35 22 0
-89 35 21 0
-87 33 22 0
-88 32 21 0
-88 32 22 0
-88 31 22 0
-88 34 21 0
-88 34 22 0
-89 32 23 0
-90 31 23 0
-91 32 23 0
-92 33 23 0
-91 34 23 0
-90 35 23 0
-89 34 23 0
-88 33 23 0
-90 33 24 0
-89 31 22 0
-91 31 22 0
-81 1 11 0
-82 1 11 0
-98 48 4 1
-64 6 3 0
-90 33 23 0
-89 32 22 0
-89 31 21 0
-90 31 22 0
-91 32 22 0
-91 31 21 0
-92 33 22 0
-91 34 22 0
-90 35 22 0
-89 34 22 0
-88 33 22 0
-90 32 21 0
-91 33 21 0
-90 34 21 0
-93 4 11 1
-93 4 10 1
-93 3 12 2
-93 2 12 1
-94 4 12 1
-73 11 1 1
-73 11 2 1
-97 15 3 1
-97 15 4 2
-96 15 3 1
-96 15 4 1
-96 16 3 1
-96 16 4 1
-96 17 3 1
-96 17 4 1
-82 8 3 1
-94 34 20 1
-94 34 19 1
-94 34 18 1
-94 33 20 1
-94 33 19 1
-94 33 18 1
-94 32 20 1
-94 32 19 1
-73 22 3 0
-93 31 20 1
-93 31 19 1
-93 31 18 1
-93 30 20 1
-84 5 -1 1
-84 6 -1 1
-65 18 3 0
-64 16 6 1
-64 16 5 1
-55 0 10 0
-58 1 10 0
-55 10 13 0
-55 11 12 0
-56 10 12 0
-55 9 12 0
-85 7 2 0
-86 4 1 1
-52 1 4 0
-75 7 5 0
-76 8 5 0
-86 8 1 1
-86 8 2 1
-86 9 1 1
-86 9 2 1
-86 10 1 2
-86 10 2 2
-86 8 0 2
-93 34 19 1
-93 34 18 1
-86 9 0 1
-86 10 0 1
-86 7 2 1
-87 7 2 1
-87 4 1 1
-87 5 1 2
-87 5 2 2
-87 6 1 1
-87 6 2 2
-87 4 0 1
-85 8 -1 1
-84 8 -1 1
-86 11 0 1
-85 11 0 1
-84 11 0 1
-87 9 2 1
-88 5 1 1
-88 6 1 2
-88 6 2 2
-88 7 1 1
-88 7 2 1
-87 7 1 1
-87 9 0 1
-89 5 1 1
-88 5 0 1
-88 6 0 1
-88 7 0 1
-87 7 0 1
-87 3 1 1
-92 34 19 1
-92 34 18 1
-92 33 20 1
-92 33 19 2
-92 33 18 1
-92 32 20 1
-92 32 19 1
-57 12 3 1
-57 11 5 2
-57 11 4 2
-57 11 3 2
-57 10 5 1
-76 2 8 0
-73 3 9 0
-73 2 9 0
-73 2 8 0
-74 3 9 0
-61 4 9 0
-75 4 4 0
-82 5 14 0
-81 4 14 0
-51 9 10 2
-94 5 6 1
-54 12 9 0
-96 5 6 1
-97 7 6 1
-97 6 6 1
-98 7 6 1
-54 3 4 1
-54 3 3 1
-54 2 5 1
-55 2 5 1
-57 2 4 2
-57 2 3 1
-57 1 5 1
-57 1 4 2
-98 3 3 1
-95 12 8 2
-95 13 6 1
-97 1 4 2
-97 2 3 2
-70 3 6 1
-64 21 10 1
-70 3 7 1
-65 3 8 0
-74 4 9 0
-98 9 3 1
-97 8 2 1
-97 8 3 2
-97 9 2 1
-97 9 3 2
-54 30 5 2
-96 6 3 1
-96 7 2 1
-95 6 2 1
-95 6 3 1
-95 7 2 1
-94 6 2 1
-94 6 3 1
-94 7 2 1
-93 6 2 1
-93 6 3 1
-85 1 4 1
-85 1 5 2
-88 5 3 1
-77 11 9 0
-76 10 9 0
-75 9 9 0
-77 10 8 0
-79 9 8 0
-77 9 5 0
-77 9 9 0
-77 9 8 0
-77 11 6 0
-98 3 10 1
-98 3 11 1
-68 6 10 0
-68 6 11 0
-68 7 10 0
-68 7 11 0
-69 39 6 1
-68 37 4 1
-68 38 4 2
-68 39 4 2
-68 39 5 1
-68 39 6 1
-69 36 5 0
-70 36 5 0
-69 36 6 0
-68 36 7 0
-68 36 4 0
-68 36 3 0
-69 8 8 1
-69 8 9 1
-72 8 8 0
-72 8 9 0
-97 14 3 1
-97 14 4 1
-96 14 3 1
-96 14 4 1
-71 9 9 0
-70 8 10 0
-70 8 11 0
-69 8 10 0
-69 8 11 0
-69 8 7 1
-67 35 3 1
-67 36 3 1
-67 37 3 1
-66 36 3 1
-66 37 3 2
-70 38 5 1
-70 38 6 0
-71 36 5 0
-66 6 11 0
-70 36 6 0
-70 35 5 1
-70 35 6 1
-70 33 4 1
-70 33 5 1
-70 33 6 1
-70 34 4 1
-70 34 5 1
-70 34 6 1
-70 35 4 1
-70 33 7 1
-70 33 8 1
-70 34 7 1
-70 34 8 1
-70 35 7 1
-70 35 8 1
-70 33 3 1
-70 34 3 1
-70 35 3 1
-69 33 3 1
-69 34 3 1
-69 35 3 1
-68 33 3 1
-68 34 3 1
-68 35 3 1
-69 36 7 0
-69 36 4 0
-69 36 3 0
-66 4 10 0
-66 4 11 0
-70 5 11 0
-69 4 10 0
-69 4 11 0
-69 5 11 0
-73 8 8 0
-72 8 10 0
-93 17 6 1
-93 17 7 1
-93 17 8 1
-93 17 9 1
-93 17 5 1
-58 9 7 0
-57 8 7 0
-57 9 6 0
-57 9 7 0
-60 11 8 1
-95 11 8 2
-59 10 8 1
-59 10 9 0
-59 11 8 1
-59 11 9 0
-94 12 7 1
-94 12 8 1
-74 6 9 0
-74 7 8 0
-74 7 9 0
-96 11 9 1
-95 11 9 1
-94 11 9 1
-94 12 9 1
-94 13 9 1
-96 11 5 1
-95 11 5 2
-94 11 5 1
-94 12 5 1
-94 13 5 1
-69 38 3 1
-69 39 3 2
-69 40 3 2
-69 40 4 2
-69 40 5 1
-68 38 3 1
-68 39 3 1
-68 40 3 1
-68 40 4 1
-68 40 5 1
-67 38 3 1
-67 39 3 1
-67 40 3 1
-67 40 4 1
-84 5 3 2
-84 5 4 1
-84 5 5 1
-84 6 3 1
-84 6 4 2
-84 6 5 1
-90 4 7 1
-89 4 7 1
-80 2 3 2
-80 2 4 1
-83 4 3 2
-83 4 4 1
-83 5 3 1
-83 5 4 2
-83 5 5 1
-83 6 3 1
-83 6 4 2
-83 6 5 1
-83 5 6 0
-84 3 4 1
-93 13 7 1
-92 13 7 1
-93 13 8 1
-93 13 6 1
-92 13 6 1
-92 14 6 2
-92 14 7 2
-92 14 8 2
-92 15 6 2
-59 9 4 1
-59 9 5 1
-58 7 3 1
-58 7 4 1
-58 8 3 1
-58 9 3 1
-58 9 4 1
-58 9 5 1
-56 8 6 1
-57 7 0 1
-57 7 1 2
-57 7 2 1
-58 49 0 1
-58 49 1 1
-58 49 2 1
-57 49 0 1
-57 49 1 2
-57 49 2 1
-92 32 18 1
-91 35 20 1
-91 35 19 2
-91 35 18 1
-88 36 20 1
-88 36 19 1
-88 36 18 1
-82 3 0 2
-82 3 1 1
-81 3 0 1
-81 3 1 2
-80 3 0 2
-80 3 1 2
-88 5 2 1
-99 43 8 1
-89 36 19 1
-89 36 18 1
-90 36 20 1
-90 36 19 2
-90 36 18 1
-89 30 20 1
-89 30 19 2
-89 30 18 1
-91 31 20 1
-91 31 19 2
-91 31 18 1
-91 34 20 1
-91 34 19 2
-91 34 18 1
-91 33 20 1
-91 33 19 2
-91 33 18 1
-91 32 20 1
-91 32 19 1
-91 32 18 1
-90 31 20 1
-90 31 19 1
-90 31 18 1
-90 35 20 1
-90 35 19 1
-90 35 18 1
-86 35 18 1
-88 33 21 0
-90 34 20 1
-90 34 19 2
-90 34 18 1
-59 47 3 1
-58 47 3 1
-57 47 3 1
-90 33 20 1
-90 33 19 2
-90 33 18 1
-90 32 20 1
-90 32 19 2
-90 32 18 1
-87 33 21 0
-87 35 18 1
-83 2 1 1
-83 3 1 1
-83 4 1 1
-82 2 1 1
-81 2 1 2
-88 35 20 1
-88 35 18 1
-89 35 20 1
-89 35 19 2
-89 35 18 1
-87 35 20 1
-89 31 20 1
-89 31 19 2
-89 31 18 1
-88 35 19 1
-86 33 17 1
-87 35 19 1
-86 35 19 1
-85 33 22 0
-84 30 20 1
-84 30 19 1
-84 30 18 1
-84 29 20 1
-84 29 19 1
-84 29 18 1
-85 30 20 1
-85 30 18 1
-85 29 20 1
-85 29 19 1
-85 29 18 1
-86 29 20 1
-86 29 19 1
-86 29 18 1
-85 30 19 2
-89 34 20 1
-89 34 19 2
-89 34 18 1
-89 33 20 1
-89 33 19 2
-89 33 18 1
-89 32 20 1
-89 32 19 2
-89 32 18 1
-86 35 20 1
-85 35 19 0
-85 35 20 0
-83 35 20 0
-86 30 20 1
-86 30 19 1
-86 30 18 1
-87 31 20 1
-87 31 18 1
-87 30 20 1
-87 30 19 1
-87 30 18 1
-88 31 20 1
-88 31 19 2
-88 31 18 1
-88 30 20 1
-88 30 19 1
-88 30 18 1
-87 31 19 2
-86 32 21 0
-86 34 18 1
-87 34 20 1
-87 34 19 2
-87 34 18 1
-87 33 20 1
-87 33 18 1
-87 32 20 1
-87 32 19 2
-87 32 18 1
-88 34 20 1
-88 34 19 2
-88 34 18 1
-88 33 20 1
-88 33 19 2
-88 33 18 1
-88 32 20 1
-88 32 19 2
-88 32 18 1
-87 33 19 2
-86 33 21 0
-86 34 19 1
-86 34 21 0
-86 34 20 1
-84 35 21 0
-83 34 19 0
-84 34 19 1
-84 33 22 0
-85 31 21 0
-85 33 21 0
-85 34 19 1
-85 34 21 0
-85 34 20 1
-84 35 19 0
-84 35 20 0
-83 32 22 0
-83 30 20 0
-85 32 21 0
-84 34 21 0
-83 34 21 0
-83 34 20 0
-84 31 21 0
-84 33 21 0
-84 34 20 1
-81 34 20 0
-82 31 21 0
-83 32 21 0
-82 33 21 0
-81 32 21 0
-81 31 21 0
-82 30 21 0
-83 31 21 0
-84 32 21 0
-83 33 21 0
-82 34 21 0
-81 33 21 0
-80 32 21 0
-82 32 22 0
-86 33 20 1
-86 33 19 2
-86 33 18 1
-86 32 20 1
-86 32 19 2
-86 32 18 1
-86 31 20 1
-86 31 19 2
-86 31 18 1
-82 31 20 0
-82 33 20 0
-81 32 20 0
-82 32 21 0
-81 31 20 0
-81 30 19 0
-82 30 20 0
-83 30 19 0
-83 32 20 1
-83 31 20 1
-84 33 20 1
-84 32 20 1
-84 31 20 1
-85 33 20 1
-85 32 20 1
-85 31 20 1
-83 33 20 1
-82 32 18 0
-81 31 17 0
-81 30 16 0
-82 30 17 0
-82 31 17 0
-83 30 16 1
-82 33 16 0
-81 33 16 0
-81 32 16 0
-81 31 14 0
-82 30 15 0
-83 30 15 1
-83 33 16 1
-83 32 16 1
-83 31 16 1
-84 33 16 1
-84 32 16 2
-84 31 16 2
-85 33 16 2
-64 4 8 0
-85 32 16 1
-65 1 8 0
-85 31 16 1
-64 2 8 0
-65 3 9 0
-82 33 15 0
-82 34 14 0
-96 45 7 0
-80 32 15 0
-81 32 14 0
-81 30 14 0
-82 30 14 0
-82 33 14 0
-81 33 14 0
-80 32 14 0
-82 32 15 0
-83 33 15 1
-83 32 15 1
-83 31 15 1
-84 33 15 1
-84 32 15 2
-84 31 15 2
-85 33 15 2
-85 32 15 1
-85 31 15 1
-82 34 13 0
-82 32 10 0
-82 32 11 0
-82 32 14 0
-83 33 14 1
-84 33 14 1
-85 33 14 1
-100 46 5 0
-99 42 4 1
-98 42 4 1
-97 42 4 1
-97 43 4 1
-97 44 4 1
-98 46 8 0
-98 46 4 0
-83 30 14 1
-82 30 13 0
-83 30 13 1
-82 32 13 0
-82 31 14 0
-82 31 13 0
-70 21 4 0
-70 22 4 0
-70 22 5 0
-71 21 5 0
-71 20 4 0
-72 20 4 0
-81 30 13 0
-71 20 5 0
-72 20 5 0
-70 20 6 0
-71 19 0 1
-71 19 1 1
-71 19 2 1
-71 20 0 1
-71 20 1 1
-71 20 2 1
-71 21 0 1
-71 21 1 1
-71 21 2 1
-70 19 0 1
-70 20 0 1
-70 21 0 1
-70 21 1 1
-70 21 2 1
-69 21 0 1
-69 21 1 1
-69 21 2 1
-76 40 4 1
-76 41 2 1
-76 41 3 1
-76 41 4 1
-76 42 2 1
-100 42 7 1
-76 42 3 1
-76 42 4 1
-75 40 2 1
-75 40 3 1
-75 40 4 1
-75 41 2 1
-75 41 4 1
-75 42 2 1
-75 42 3 1
-75 42 4 1
-74 40 2 1
-74 40 3 1
-74 41 2 1
-74 41 3 1
-74 41 4 1
-74 42 2 1
-74 42 3 1
-74 42 4 1
-75 39 4 0
-74 38 4 0
-74 38 0 1
-74 39 0 1
-74 40 0 1
-74 40 1 1
-82 29 13 0
-82 29 12 0
-69 22 4 0
-69 22 5 0
-70 23 4 0
-72 22 4 0
-72 22 5 0
-72 21 4 0
-72 21 5 0
-72 19 4 0
-72 19 5 0
-70 21 6 0
-70 21 3 0
-54 22 2 1
-55 22 1 1
-54 22 1 1
-53 22 1 1
-82 33 11 0
-82 33 13 0
-82 33 12 0
-82 32 12 0
-81 32 13 0
-81 31 13 0
-80 31 12 0
-71 22 4 0
-71 23 4 0
-71 22 5 0
-71 23 5 0
-73 21 4 0
-83 31 14 1
-71 21 6 0
-71 21 3 0
-82 30 12 0
-84 32 14 2
-84 31 14 1
-84 30 14 1
-53 0 2 1
-85 32 14 1
-85 31 14 1
-85 30 14 1
-86 32 14 1
-86 31 14 1
-86 30 14 1
-82 31 12 0
-81 29 12 0
-83 29 12 0
-86 32 9 1
-79 9 3 1
-79 9 4 1
-84 30 13 1
-61 32 2 2
-91 10 8 1
-91 8 9 1
-91 9 9 1
-91 10 9 1
-91 8 5 1
-91 9 5 2
-91 10 5 1
-92 12 9 0
-92 12 5 1
-55 0 5 1
-84 12 7 1
-54 10 8 1
-55 10 8 1
-54 9 9 0
-52 8 10 2
-51 8 10 2
-54 21 4 1
-53 21 2 1
-53 21 3 1
-53 21 4 1
-52 21 2 2
-54 21 1 1
-53 21 1 1
-52 21 1 1
-52 22 1 1
-61 32 3 1
-60 31 1 1
-60 32 1 1
-55 22 2 1
-55 22 3 1
-55 22 4 1
-54 21 2 1
-54 21 3 1
-53 20 2 1
-76 5 6 0
-56 9 12 0
-55 25 9 1
-85 33 13 2
-85 32 13 1
-52 0 6 0
-51 0 6 0
-64 0 5 0
-56 30 6 0
-57 32 8 1
-83 29 11 0
-57 33 8 1
-63 29 4 1
-63 30 4 1
-62 31 4 2
-64 30 3 1
-64 31 3 2
-64 32 3 2
-63 30 2 1
-62 34 2 1
-61 34 2 1
-62 35 3 1
-61 35 3 1
-60 35 3 1
-83 33 12 1
-75 41 5 0
-76 41 5 0
-77 39 4 0
-83 32 12 1
-75 37 4 0
-76 38 1 1
-76 38 2 1
-76 39 1 1
-76 39 2 1
-76 39 3 1
-76 40 1 1
-83 31 12 1
-84 33 12 1
-84 32 12 2
-84 31 12 2
-85 33 12 2
-85 32 12 1
-85 31 12 2
-81 32 10 0
-60 35 4 1
-60 35 5 1
-60 27 8 1
-58 27 8 1
-97 0 5 1
-96 0 2 1
-97 0 2 2
-98 0 2 1
-94 3 6 1
-94 3 5 1
-54 10 9 0
-54 9 8 1
-58 8 8 0
-58 8 9 0
-78 6 8 0
-75 5 10 0
-54 4 16 0
-57 9 15 0
-57 9 14 0
-57 8 15 0
-57 8 14 0
-93 0 7 2
-94 2 7 1
-94 0 7 2
-58 8 14 0
-55 7 17 0
-55 7 16 0
-95 0 7 2
-94 1 7 2
-61 11 10 0
-61 10 10 0
-67 35 4 1
-68 35 4 1
-68 34 4 2
-68 33 4 1
-66 35 8 1
-67 35 8 1
-68 35 8 1
-68 34 8 1
-68 33 8 1
-67 35 7 1
-67 35 6 1
-67 35 5 1
-68 35 7 1
-68 35 6 1
-68 35 5 1
-68 34 7 2
-68 34 6 2
-68 34 5 2
-68 33 7 1
-68 33 6 1
-68 33 5 1
-64 37 4 1
-65 37 4 2
-66 37 4 2
-66 36 4 2
-66 35 4 1
-64 37 7 1
-64 37 6 1
-64 37 5 1
-65 37 7 1
-65 37 6 2
-65 37 5 2
-66 37 7 1
-66 37 6 2
-61 6 9 0
-66 37 5 2
-66 36 7 1
-66 36 6 1
-66 36 5 2
-66 35 7 1
-66 35 6 1
-59 24 1 1
-60 24 2 2
-60 24 1 1
-61 24 1 1
-60 25 6 1
-60 25 5 1
-85 30 15 1
-84 29 15 1
-66 33 2 1
-66 33 3 2
-64 30 2 1
-63 34 2 1
-63 35 2 1
-65 30 2 1
-63 29 2 1
-63 32 1 1
-63 33 1 1
-63 34 1 1
-62 34 1 1
-61 34 1 1
-64 34 3 1
-64 34 2 2
-64 35 2 1
-64 36 2 1
-63 36 2 1
-62 36 2 1
-62 36 3 1
-64 32 1 1
-64 33 1 1
-64 34 1 1
-65 34 2 2
-65 35 2 1
-65 36 2 1
-66 34 3 1
-67 31 2 1
-67 31 3 1
-67 31 4 1
-67 32 2 1
-67 33 2 1
-67 33 3 1
-65 33 1 1
-65 34 1 1
-65 35 1 1
-64 35 1 1
-67 34 2 1
-66 34 2 1
-66 33 1 1
-66 34 1 1
-66 35 1 1
-64 38 3 1
-86 30 10 1
-86 29 10 1
-83 32 10 1
-83 31 10 1
-83 30 10 1
-84 32 10 2
-84 31 10 1
-84 30 10 1
-85 32 10 1
-85 31 10 2
-85 30 10 2
-82 31 9 0
-81 31 8 0
-81 30 9 0
-82 30 8 0
-82 29 8 0
-81 28 7 0
-82 29 7 0
-83 28 8 0
-84 29 9 1
-85 29 9 1
-86 31 9 1
-86 30 9 1
-86 29 9 1
-86 31 8 1
-83 32 9 1
-83 31 9 1
-83 30 9 1
-84 32 9 2
-84 31 9 2
-84 30 9 1
-85 32 9 1
-85 31 9 1
-85 30 9 2
-82 31 8 0
-81 31 7 0
-81 30 6 0
-81 30 8 0
-81 30 7 0
-82 30 7 0
-83 29 8 0
-82 28 7 0
-83 28 7 0
-82 27 9 1
-82 26 9 1
-82 25 9 1
-83 27 9 1
-83 26 9 1
-83 25 9 1
-84 27 9 1
-84 26 9 1
-84 25 9 1
-84 29 8 1
-84 28 8 1
-84 28 7 1
-83 32 8 1
-83 31 8 1
-83 30 8 1
-84 32 8 2
-84 31 8 2
-84 30 8 1
-85 32 8 1
-85 31 8 1
-83 32 7 1
-87 17 1 1
-85 15 3 2
-86 14 2 1
-86 14 3 1
-82 31 6 0
-81 29 7 0
-82 28 6 0
-82 27 8 1
-82 26 8 1
-82 25 8 1
-83 27 8 1
-83 26 8 2
-83 25 8 1
-84 27 8 1
-84 26 8 1
-84 25 8 1
-85 30 8 2
-85 29 8 1
-85 28 8 1
-86 30 8 1
-86 29 8 1
-86 28 8 1
-87 30 8 1
-87 29 8 1
-87 28 8 1
-84 32 7 1
-85 32 7 1
-86 32 7 1
-84 32 6 1
-85 32 6 1
-86 32 6 1
-86 32 5 1
-86 32 4 1
-83 31 6 1
-83 30 6 1
-82 30 6 0
-82 31 5 0
-81 29 6 0
-82 29 6 0
-88 29 5 1
-86 31 2 1
-87 31 2 1
-85 31 6 2
-86 31 6 1
-87 31 6 1
-64 8 5 0
-86 31 4 1
-86 31 3 1
-87 31 5 1
-87 31 4 1
-87 31 3 1
-82 29 5 0
-83 29 4 0
-82 28 5 0
-88 28 5 1
-88 27 5 1
-88 26 5 1
-84 29 5 1
-84 29 4 1
-83 29 5 0
-82 27 5 1
-83 28 1 1
-83 28 0 1
-83 28 -1 1
-84 28 1 1
-84 28 0 1
-84 28 -1 1
-85 28 0 1
-85 28 -1 1
-85 30 6 2
-85 29 6 2
-85 29 5 2
-85 28 6 1
-85 28 5 1
-86 30 6 1
-86 30 5 2
-86 29 6 2
-86 28 6 1
-86 28 5 2
-87 30 6 1
-87 30 5 1
-87 29 6 1
-87 29 5 1
-87 28 6 1
-87 28 5 2
-86 29 5 2
-85 29 4 1
-85 28 4 1
-86 30 4 2
-86 30 3 2
-86 30 2 1
-87 30 4 1
-87 30 3 1
-87 30 2 1
-84 29 3 1
-85 29 3 1
-85 29 2 1
-85 29 1 1
-85 28 3 1
-85 28 2 1
-81 9 2 1
-81 8 4 1
-80 9 3 1
-85 28 1 1
-86 29 1 1
-86 28 1 1
-87 29 1 1
-87 28 1 1
-86 29 4 2
-86 29 3 2
-86 29 2 1
-86 28 4 2
-86 28 3 2
-56 1 1 0
-57 2 0 1
-57 3 0 1
-57 4 0 1
-58 0 1 0
-56 0 0 0
-86 28 2 2
-60 49 3 1
-60 49 4 2
-60 49 5 2
-60 49 6 2
-87 29 4 1
-87 29 3 1
-87 29 2 1
-87 28 4 2
-87 28 2 1
-88 29 4 1
-88 29 3 1
-88 29 2 1
-88 28 4 1
-88 28 3 1
-88 28 2 1
-87 28 3 2
-84 28 4 1
-83 27 1 1
-83 27 0 1
-83 27 -1 1
-83 26 -1 1
-83 25 -1 1
-84 27 1 1
-84 27 0 2
-84 27 -1 1
-84 26 -1 1
-84 25 -1 1
-85 27 -1 1
-85 26 -1 1
-85 25 -1 1
-83 27 6 1
-83 27 5 1
-84 27 6 1
-84 27 5 1
-85 27 6 1
-88 23 1 1
-88 22 1 1
-88 24 4 1
-88 23 4 1
-88 23 3 1
-84 24 1 2
-84 24 0 1
-87 1 7 2
-85 5 7 1
-85 5 6 1
-85 5 5 1
-85 4 7 1
-85 3 7 1
-85 3 6 1
-86 5 7 2
-86 4 7 2
-86 3 7 2
-87 5 7 2
-87 4 7 2
-87 3 7 1
-86 5 6 2
-87 5 6 2
-88 5 6 1
-85 4 4 1
-85 4 6 1
-85 4 5 1
-52 0 3 0
-83 3 6 0
-83 3 5 0
-83 2 4 1
-83 2 6 1
-83 2 5 1
-87 7 3 1
-88 7 3 1
-58 21 5 1
-58 21 4 1
-58 21 3 1
-59 22 5 2
-59 22 4 2
-59 22 3 1
-59 21 5 1
-59 21 4 1
-59 21 3 1
-58 22 4 2
-60 22 4 1
-62 23 2 1
-63 23 2 1
-64 25 2 1
-64 24 2 1
-64 23 2 1
-99 18 7 2
-99 18 6 2
-99 18 5 1
-52 11 2 1
-52 11 1 1
-53 11 2 1
-53 11 1 1
-54 11 1 1
-55 10 3 1
-55 10 4 1
-54 11 2 2
-100 18 8 1
-56 11 2 1
-55 11 3 1
-56 11 5 2
-56 11 4 2
-56 11 3 2
-91 8 3 2
-100 18 6 2
-100 17 6 2
-100 17 5 1
-100 17 4 1
-52 10 4 1
-52 10 3 1
-53 10 4 2
-53 10 3 1
-54 10 5 2
-54 10 4 2
-54 10 3 1
-54 11 3 1
-55 11 4 1
-56 14 2 1
-56 13 2 1
-56 12 2 1
-56 14 5 1
-56 14 4 1
-57 10 9 0
-57 11 8 1
-57 11 9 1
-56 0 13 0
-56 2 15 0
-56 3 14 0
-56 3 15 0
-55 0 13 0
-55 2 15 0
-55 1 13 0
-55 3 15 0
-86 9 6 1
-85 9 6 1
-87 9 6 1
-96 13 8 2
-85 24 0 1
-85 24 6 1
-85 27 0 1
-85 26 0 1
-85 25 0 1
-82 7 2 1
-81 6 2 1
-81 8 5 1
-82 7 1 2
-81 7 1 2
-86 27 0 1
-87 27 0 1
-86 26 3 2
-86 26 2 2
-86 26 1 2
-87 26 3 2
-87 26 2 1
-87 26 1 1
-84 24 2 1
-83 24 2 1
-82 24 2 0
-86 24 5 1
-86 24 4 2
-87 24 5 1
-51 29 1 1
-87 24 4 1
-87 23 5 1
-87 22 5 1
-85 25 3 1
-85 25 2 1
-85 25 1 1
-86 25 3 2
-86 25 2 2
-86 25 1 1
-87 25 3 1
-87 25 2 2
-87 25 1 1
-84 22 1 2
-84 22 0 1
-85 22 0 1
-86 23 5 1
-85 24 2 1
-83 8 0 1
-85 24 1 1
-85 5 1 2
-85 6 1 1
-84 5 1 2
-84 6 1 1
-85 4 0 1
-85 5 0 1
-85 6 0 1
-84 4 0 1
-84 5 0 1
-84 6 0 2
-85 2 1 1
-85 2 2 1
-85 3 1 1
-83 5 -1 1
-83 6 -1 1
-86 24 3 2
-86 24 2 2
-86 24 1 1
-87 24 3 1
-87 24 2 1
-87 24 1 1
-84 23 2 1
-56 23 1 1
-85 21 0 1
-85 21 -1 1
-85 23 1 1
-86 23 1 1
-87 23 1 1
-85 23 2 1
-86 23 4 2
-86 23 3 2
-86 23 2 2
-87 23 4 1
-87 23 3 2
-87 23 2 2
-85 20 -1 1
-85 19 -1 1
-85 18 -1 1
-87 17 5 1
-85 20 0 1
-85 19 0 1
-85 18 0 1
-85 22 1 1
-86 22 1 1
-87 22 1 1
-85 22 2 1
-86 22 2 2
-87 22 4 1
-87 22 3 1
-87 22 2 1
-86 16 5 1
-87 18 5 1
-68 36 2 1
-68 37 1 2
-80 18 1 1
-80 18 0 1
-80 18 -1 1
-74 23 4 0
-74 23 5 0
-75 22 5 0
-74 21 4 0
-74 21 5 0
-73 22 6 0
-80 15 0 1
-80 15 -1 1
-74 24 5 0
-76 22 2 0
-77 22 2 0
-78 24 5 0
-79 14 2 0
-77 16 3 0
-78 14 2 0
-78 14 6 1
-77 13 2 0
-77 13 3 0
-77 13 6 0
-77 13 5 0
-76 12 3 0
-78 12 3 0
-78 12 5 0
-78 12 4 0
-79 14 6 1
-79 13 6 1
-79 12 6 1
-60 31 2 2
-61 31 1 1
-79 12 5 1
-77 15 3 0
-77 15 4 0
-76 14 3 0
-75 13 3 0
-75 10 3 0
-77 11 3 0
-77 11 5 0
-77 11 4 0
-77 12 3 0
-77 14 3 0
-77 14 4 0
-75 14 3 0
-74 14 3 0
-74 12 3 1
-75 12 3 0
-76 10 5 0
-76 10 4 0
-77 12 5 0
-76 12 5 0
-77 12 4 0
-76 12 4 0
-76 13 4 0
-75 14 4 0
-75 13 4 0
-73 13 4 0
-74 11 3 1
-73 12 2 2
-73 12 1 1
-73 12 0 1
-61 49 3 1
-61 49 4 1
-61 49 5 1
-74 12 2 1
-74 12 1 1
-74 12 0 1
-74 11 2 1
-74 11 0 1
-74 10 2 1
-81 17 -1 1
-81 17 0 2
-81 17 1 1
-81 18 -1 1
-81 18 0 1
-81 18 1 1
-82 18 2 1
-80 17 2 0
-83 14 2 2
-83 14 3 2
-83 14 4 2
-83 15 2 1
-74 1 3 0
-75 1 0 1
-75 1 1 1
-75 1 2 1
-75 2 0 1
-75 2 1 1
-75 2 2 1
-75 3 0 1
-75 3 1 1
-75 3 2 1
-74 3 0 1
-74 3 1 1
-74 3 2 1
-93 9 -1 1
-93 9 0 1
-69 5 4 0
-69 5 5 0
-69 6 4 0
-69 6 6 1
-93 9 1 1
-98 10 2 1
-98 10 3 1
-90 9 3 1
-90 10 3 1
-90 11 3 1
-90 11 4 2
-89 9 3 1
-89 10 3 1
-89 11 3 1
-89 11 4 1
-90 12 3 1
-90 12 4 1
-90 13 3 1
-91 2 3 2
-91 2 4 2
-91 3 2 1
-91 3 4 2
-88 4 16 1
-91 4 3 1
-88 5 16 1
-90 2 2 1
-87 4 16 1
-90 2 4 1
-87 5 16 1
-90 3 3 2
-90 3 4 2
-90 4 2 1
-90 4 3 1
-90 4 4 1
-93 1 5 1
-93 2 5 1
-93 3 5 2
-92 1 5 1
-86 42 5 0
-86 43 5 0
-86 42 6 0
-86 43 4 0
-91 1 5 1
-88 42 5 0
-91 3 5 1
-94 1 -1 1
-94 0 0 2
-94 0 -1 1
-66 2 7 1
-65 3 6 0
-66 2 6 1
-67 4 5 0
-67 4 8 1
-67 4 7 2
-81 3 8 0
-81 3 9 0
-61 5 5 0
-62 11 8 0
-62 11 9 0
-62 13 8 1
-62 13 9 0
-67 8 7 2
-67 8 8 1
-97 2 8 2
-97 3 8 1
-96 0 10 1
-97 0 10 0
-97 0 11 0
-97 0 9 0
-96 0 7 1
-96 0 8 1
-96 1 7 1
-80 4 10 0
-79 5 10 0
-81 2 8 0
-81 2 9 0
-74 4 10 0
-76 6 13 0
-80 1 2 1
-82 7 6 0
-82 7 8 1
-96 11 3 1
-95 10 2 1
-95 10 3 2
-95 11 2 1
-95 11 3 2
-93 13 5 1
-96 9 6 1
-96 9 7 1
-96 9 8 1
-96 10 6 1
-95 9 6 2
-95 9 7 2
-95 9 8 1
-95 10 6 2
-94 9 6 1
-94 9 7 1
-94 9 8 1
-94 10 6 1
-96 9 5 2
-96 10 5 2
-95 9 5 2
-95 10 5 2
-94 9 5 1
-94 10 5 1
-93 9 7 2
-94 8 6 2
-94 8 7 1
-94 8 8 1
-93 8 6 1
-93 8 7 1
-93 8 8 1
-93 9 6 2
-93 9 8 2
-93 10 6 1
-93 10 7 1
-93 10 8 1
-92 8 6 1
-92 8 7 1
-92 8 8 1
-92 9 6 2
-92 9 7 2
-92 9 8 2
-92 10 6 2
-92 10 7 1
-92 10 8 1
-94 8 9 1
-94 9 9 1
-93 8 9 1
-93 9 9 1
-93 10 9 1
-92 8 9 1
-92 9 9 1
-92 10 9 1
-94 8 5 2
-93 8 5 2
-93 9 5 2
-93 10 5 1
-92 8 5 1
-92 9 5 2
-92 10 5 2
-91 11 7 1
-51 15 12 0
-93 12 9 0
-93 12 5 1
-96 6 5 2
-95 6 4 2
-95 6 5 2
-94 5 3 1
-71 8 7 0
-72 9 6 0
-72 8 7 0
-72 9 7 0
-90 12 7 1
-90 12 6 1
-89 13 6 2
-71 40 5 0
-89 13 7 2
-89 13 8 2
-89 14 6 2
-89 14 7 2
-72 38 6 0
-73 39 6 0
-73 38 5 0
-73 38 6 0
-73 36 5 0
-73 36 6 0
-64 23 3 1
-71 38 4 0
-64 23 4 2
-64 23 5 2
-64 24 3 1
-64 24 4 1
-64 24 5 1
-55 29 2 2
-56 6 4 2
-56 26 2 2
-55 26 2 2
-55 25 1 1
-55 26 1 1
-55 27 1 1
-55 27 2 2
-55 27 3 1
-55 7 3 1
-55 7 4 2
-55 7 5 1
-55 8 3 1
-55 8 4 2
-55 8 5 2
-59 3 4 1
-59 3 5 2
-59 3 6 1
-59 4 4 1
-59 5 4 1
-56 2 5 1
-56 2 6 0
-55 3 3 1
-55 3 4 1
-55 4 3 1
-55 4 4 2
-55 5 3 1
-55 5 4 1
-53 6 4 2
-54 5 3 1
-54 5 4 1
-54 6 3 1
-54 6 4 2
-54 7 3 1
-54 7 4 2
-54 7 5 1
-53 5 3 1
-53 5 4 1
-53 6 3 1
-53 7 3 1
-53 7 4 1
-53 7 5 1
-52 5 3 1
-52 5 4 1
-52 6 3 1
-52 6 4 1
-52 7 3 1
-52 7 4 1
-52 7 5 1
-54 8 3 1
-54 8 4 2
-54 8 5 1
-59 3 3 1
-83 16 2 1
-83 14 1 1
-83 15 1 1
-75 11 4 0
-75 12 4 0
-83 2 -1 1
-83 2 0 1
-83 3 -1 1
-83 3 0 1
-83 4 -1 1
-83 4 0 1
-82 2 -1 1
-72 10 3 0
-71 11 2 1
-71 11 1 1
-71 11 0 1
-71 10 2 1
-71 10 1 1
-71 10 0 1
-71 9 1 1
-71 9 0 1
-72 11 2 1
-72 11 1 1
-72 11 0 1
-72 10 2 1
-72 10 0 1
-72 9 2 1
-72 9 1 1
-72 9 0 1
-89 34 21 0
-90 35 21 0
-91 34 21 0
-92 33 21 0
-91 32 21 0
-90 31 21 0
-89 32 21 0
-93 4 12 1
-94 4 9 1
-72 10 1 2
-74 10 5 0
-74 10 4 0
-73 11 5 0
-73 11 4 0
-73 10 4 0
-72 12 4 0
-53 9 9 1
-56 6 10 0
-56 6 11 0
-56 7 10 0
-56 7 11 0
-55 6 10 0
-97 19 2 1
-71 11 4 0
-94 47 5 0
-93 48 5 0
-86 41 4 0
-86 41 6 0
-70 10 3 0
-70 10 5 0
-70 10 4 0
-70 9 4 0
-94 17 1 1
-94 17 2 1
-94 17 3 1
-93 15 1 1
-93 15 2 1
-93 15 3 1
-93 16 1 1
-92 15 3 1
-92 16 1 1
-92 16 2 1
-92 16 3 1
-92 17 1 1
-92 17 2 1
-97 18 6 2
-97 18 7 2
-97 18 8 2
-97 19 6 1
-94 3 12 1
-94 4 10 1
-52 39 5 2
-52 39 6 1
-52 39 7 1
-51 39 6 1
-51 39 7 1
-58 5 2 1
-66 21 10 1
-53 39 6 2
-54 38 5 1
-65 7 3 0
-54 38 6 1
-54 38 7 1
-54 39 5 1
-54 39 6 1
-54 39 7 1
-54 40 5 1
-54 40 6 1
-54 40 7 1
-53 38 5 2
-53 38 6 2
-53 38 7 1
-53 39 5 2
-53 39 7 1
-53 40 5 1
-53 40 6 1
-53 40 7 1
-52 38 5 1
-52 38 6 1
-52 38 7 1
-51 37 5 0
-64 5 1 0
-64 5 2 0
-65 5 3 0
-64 7 4 0
-64 6 4 0
-64 7 3 0
-89 33 22 0
-90 34 22 0
-91 33 22 0
-90 32 22 0
-52 17 5 2
-51 38 1 1
-51 39 1 1
-52 10 7 1
-52 10 8 1
-51 10 6 1
-51 10 7 1
-51 10 8 2
-53 19 12 1
-53 19 13 1
-52 17 12 1
-52 17 13 1
-52 18 13 1
-52 19 12 2
-52 19 13 1
-51 17 12 1
-51 17 13 1
-51 18 12 1
-51 18 13 1
-51 19 12 1
-51 19 13 1
-93 1 6 1
-93 0 -1 1
-93 0 0 2
-56 6 18 0
-93 1 0 1
-56 7 18 0
-53 14 9 0
-55 13 6 1
-55 13 7 1
-55 13 8 1
-55 14 6 1
-55 14 7 1
-55 14 8 1
-55 15 6 1
-55 15 7 1
-55 15 8 1
-52 12 9 0
-77 6 8 0
-53 13 9 0
-53 20 10 1
-53 20 11 1
-52 20 9 1
-52 20 10 2
-52 20 11 1
-51 20 9 2
-51 20 10 2
-51 20 11 1
-53 20 12 1
-53 20 13 1
-52 20 12 2
-52 20 13 1
-51 20 12 2
-51 20 13 1
-53 8 12 1
-52 8 12 2
-51 8 12 1
-86 10 9 1
-90 0 2 2
-91 1 1 1
-91 1 2 1
-90 6 9 1
-90 0 1 1
-90 0 3 2
-90 1 1 1
-90 1 2 1
-90 1 3 1
-89 0 1 1
-89 0 2 1
-89 0 3 2
-89 1 1 1
-89 1 2 1
-89 1 3 1
-89 2 2 1
-89 2 3 1
-89 2 4 1
-89 3 2 1
-53 8 13 1
-53 9 12 1
-53 9 13 1
-52 8 13 1
-52 9 12 2
-52 9 13 1
-51 8 13 1
-51 9 12 2
-51 9 13 1
-54 8 12 0
-90 3 1 1
-90 4 1 1
-89 2 1 1
-89 3 1 1
-89 4 1 1
-94 4 4 1
-94 4 5 1
-93 4 4 1
-93 4 5 1
-92 4 5 1
-90 0 4 2
-53 11 9 0
-51 9 8 2
-52 8 7 1
-52 8 8 2
-52 8 9 2
-52 9 7 1
-52 9 8 2
-52 9 9 1
-52 10 9 1
-51 8 7 1
-51 8 8 2
-51 8 9 2
-51 9 7 1
-51 9 9 2
-51 10 9 2
-51 10 10 2
-51 11 10 1
-51 12 10 1
-53 12 9 0
-75 3 5 1
-75 3 4 1
-75 5 7 0
-75 5 3 0
-54 14 5 2
-54 15 5 2
-54 16 5 1
-53 14 5 2
-52 14 5 1
-88 2 4 1
-51 14 3 1
-51 14 4 2
-88 3 4 2
-88 4 2 1
-88 4 3 1
-88 4 4 2
-91 4 5 1
-90 4 5 1
-94 4 6 1
-93 2 6 1
-93 3 6 1
-93 4 6 1
-92 2 6 1
-92 3 6 1
-92 4 6 1
-89 0 4 2
-89 0 5 2
-89 1 5 1
-91 1 0 2
-92 2 -1 1
-92 2 0 1
-91 0 -1 1
-91 0 0 1
-85 8 9 1
-85 9 9 1
-54 12 5 1
-54 13 5 2
-53 12 5 2
-53 13 5 1
-52 12 5 2
-52 13 5 1
-55 18 9 1
-56 2 10 0
-55 2 10 0
-57 0 10 0
-57 10 8 1
-58 11 9 1
-58 11 8 1
-58 10 9 0
-58 10 8 1
-57 11 13 0
-57 11 12 1
-57 10 13 0
-63 15 8 2
-63 15 7 2
-65 16 8 1
-65 16 7 1
-64 15 9 1
-64 15 8 2
-64 15 7 1
-64 14 9 1
-64 14 8 2
-64 14 7 1
-88 2 7 1
-73 3 4 2
-63 3 8 0
-74 2 3 1
-74 2 4 1
-74 2 5 2
-74 3 3 1
-74 4 3 1
-96 1 3 1
-100 17 9 1
-100 16 9 1
-85 1 8 2
-86 3 8 1
-86 2 8 1
-86 1 8 1
-87 3 8 1
-87 2 8 1
-87 1 8 1
-84 3 6 0
-84 3 5 0
-83 4 6 0
-83 4 5 1
-80 5 5 1
-80 5 4 2
-80 5 3 1
-80 4 5 1
-80 4 4 2
-80 4 3 1
-80 3 5 1
-80 3 4 2
-80 3 3 1
-81 5 5 1
-81 5 4 2
-81 5 3 1
-81 4 5 1
-81 4 3 1
-81 3 5 1
-81 3 4 1
-81 3 3 2
-82 5 5 1
-82 5 4 2
-82 5 3 1
-82 4 5 1
-82 4 4 1
-82 4 3 1
-82 3 4 1
-82 3 3 2
-81 4 4 2
-82 3 6 0
-82 3 5 1
-82 2 6 0
-95 4 9 1
-95 4 8 1
-53 10 2 1
-53 10 1 1
-54 10 2 2
-54 10 1 1
-99 18 4 2
-61 28 1 1
-61 27 1 1
-62 29 3 1
-52 9 4 1
-52 9 3 1
-62 28 3 1
-62 28 2 1
-62 28 1 1
-62 27 3 1
-54 9 3 1
-94 1 6 1
-95 2 3 2
-95 1 2 1
-95 1 3 1
-95 2 2 2
-95 2 4 2
-95 3 2 1
-95 3 3 1
-95 3 4 1
-94 1 2 1
-94 1 3 1
-94 2 2 1
-94 2 3 2
-94 2 4 2
-94 3 2 2
-94 3 3 1
-94 3 4 1
-95 2 5 2
-95 2 6 1
-95 3 5 1
-95 3 6 1
-94 2 5 1
-94 2 6 1
-53 29 4 2
-53 29 5 2
-52 29 3 1
-52 29 4 1
-52 29 5 1
-51 29 3 1
-51 29 4 1
-51 29 5 1
-53 26 5 1
-56 24 3 1
-57 7 3 1
-56 24 4 1
-56 24 5 2
-56 25 3 2
-56 25 4 2
-56 25 5 2
-56 26 3 1
-56 26 4 1
-56 26 5 1
-53 3 5 1
-62 15 11 1
-61 15 9 1
-61 15 10 1
-61 15 11 1
-62 6 8 0
-59 9 11 0
-61 8 10 0
-61 9 10 0
-88 12 9 1
-64 23 6 2
-64 24 6 1
-64 25 6 1
-63 23 6 1
-62 23 6 1
-60 7 1 1
-59 8 10 0
-60 9 10 0
-89 10 4 1
-59 14 10 1
-80 9 9 0
-81 8 8 0
-80 7 9 0
-79 8 10 0
-59 13 10 1
-59 12 10 1
-100 1 8 0
-60 13 10 1
-60 12 10 1
-58 13 11 1
-58 12 11 1
-58 22 3 1
-52 3 9 1
-57 21 3 1
-57 21 4 1
-57 21 5 1
-51 3 9 1
-57 22 4 1
-57 22 5 1
-59 22 6 2
-58 22 6 1
-57 22 6 1
-60 24 6 1
-61 23 1 1
-61 23 2 2
-61 23 3 1
-60 23 1 1
-60 23 2 1
-59 23 1 1
-98 7 4 1
-98 7 5 1
-97 6 4 1
-56 4 14 0
-56 4 15 0
-97 7 5 1
-59 23 7 1
-55 4 14 0
-59 25 7 1
-55 5 14 0
-55 5 15 0
-58 25 7 2
-57 23 7 1
-57 24 7 1
-57 25 7 1
-64 23 7 2
-57 2 13 0
-64 25 7 1
-63 23 7 1
-63 24 7 2
-63 25 7 2
-62 23 7 1
-62 24 7 1
-62 25 7 2
-61 23 4 1
-62 22 4 0
-61 23 5 1
-62 22 5 1
-61 22 4 1
-61 21 6 2
-82 4 13 0
-82 5 12 0
-82 5 13 0
-81 4 12 0
-81 4 13 0
-81 5 12 0
-56 12 7 1
-56 13 7 1
-61 7 5 0
-61 7 4 0
-61 4 5 0
-61 5 4 0
-57 24 4 1
-57 24 5 2
-56 28 5 0
-52 13 4 2
-51 13 4 2
-51 16 2 2
-52 15 1 1
-52 15 2 2
-52 15 3 1
-52 16 1 1
-99 2 7 1
-52 16 3 2
-52 17 1 1
-52 17 2 1
-52 17 3 1
-51 15 1 1
-51 15 2 1
-51 16 1 1
-51 17 1 1
-51 17 2 1
-84 10 9 1
-84 11 9 1
-83 10 9 1
-83 11 8 1
-62 4 1 0
-63 2 2 0
-64 4 2 0
-64 4 3 0
-63 5 2 0
-62 5 3 0
-61 3 1 0
-62 2 4 0
-63 3 2 0
-62 3 2 0
-63 3 3 0
-62 4 2 0
-63 4 3 0
-60 2 0 0
-60 2 1 0
-61 1 2 0
-62 2 3 0
-62 2 2 0
-52 19 11 1
-61 3 2 0
-59 2 0 0
-61 2 2 0
-59 4 2 0
-59 3 2 0
-58 4 0 1
-58 3 0 1
-58 4 2 1
-58 4 1 1
-58 1 0 0
-59 0 0 1
-60 0 0 1
-61 0 0 1
-60 1 1 0
-55 0 0 0
-54 1 -1 1
-54 1 -2 1
-54 1 -3 1
-55 1 -1 1
-55 1 -2 1
-55 1 -3 1
-56 1 -1 1
-56 1 -2 1
-56 1 -3 1
-56 0 -1 1
-56 0 -2 1
-56 0 -3 1
-57 1 1 0
-56 0 1 0
-54 4 2 1
-54 4 0 1
-55 4 0 1
-88 38 5 0
-56 3 0 1
-56 2 1 1
-56 2 0 1
-53 0 -1 1
-53 0 -2 1
-53 0 -3 1
-54 0 -1 1
-54 0 -2 1
-54 0 -3 1
-55 0 -1 1
-55 0 -2 2
-55 0 -3 1
-55 0 1 0
-53 3 2 1
-53 3 1 1
-53 3 0 1
-54 3 2 1
-54 3 1 1
-54 46 5 1
-54 47 3 1
-55 2 2 1
-55 2 1 1
-54 47 4 1
-55 1 2 1
-53 16 7 2
-54 47 5 1
-54 48 3 2
-54 48 4 2
-54 48 5 1
-87 40 3 0
-87 40 2 0
-60 49 7 1
-59 48 7 1
-59 49 7 1
-52 49 2 1
-59 47 2 1
-58 47 2 1
-57 47 2 1
-53 47 3 1
-53 47 4 1
-53 47 5 1
-100 15 1 1
-54 0 1 1
-53 47 2 1
-53 1 2 1
-59 29 3 1
-98 15 -1 1
-52 0 1 2
-89 49 8 0
-55 32 5 1
-91 49 9 0
-91 49 8 0
-92 49 9 0
-78 21 3 0
-80 20 4 0
-78 20 5 0
-78 20 4 0
-79 21 5 0
-80 22 4 0
-79 24 5 0
-89 39 4 0
-90 9 0 1
-60 3 2 0
-94 49 8 0
-58 3 2 1
-55 30 6 1
-54 2 6 0
-72 7 8 0
-80 5 11 0
-97 49 4 1
-97 49 3 1
-98 49 4 1
-60 48 3 1
-60 48 4 1
-60 48 5 1
-59 48 3 1
-59 48 4 1
-59 48 5 1
-58 48 3 2
-58 48 4 2
-58 48 5 2
-58 49 3 1
-58 49 4 2
-58 49 5 1
-60 48 6 1
-59 48 6 1
-58 48 6 2
-58 49 6 1
-98 49 3 1
-100 19 0 1
-100 19 -1 1
-100 22 0 1
-100 21 0 1
-100 20 0 1
-100 22 3 1
-100 22 2 1
-100 22 1 1
-97 20 4 1
-97 19 4 1
-98 20 4 1
-98 18 -1 1
-99 18 -1 1
-100 18 -1 1
-88 41 2 0
-100 16 -1 1
-100 14 4 1
-100 18 1 1
-100 18 0 1
-100 18 2 1
-98 21 3 1
-98 21 2 1
-98 21 1 1
-99 21 3 1
-99 21 2 1
-99 21 1 1
-100 21 3 1
-100 21 2 1
-100 21 1 1
-100 20 2 1
-100 20 1 1
-100 19 2 1
-100 19 1 1
-97 17 -1 1
-98 17 -1 1
-99 17 -1 1
-99 16 -1 1
-99 15 -1 1
-99 17 1 1
-99 17 0 2
-100 17 0 2
-100 15 4 1
-100 17 2 1
-100 17 1 1
-99 17 2 1
-97 20 0 1
-98 20 0 1
-99 20 0 1
-99 19 0 1
-99 18 0 1
-97 20 3 1
-97 20 2 1
-97 20 1 1
-98 20 3 1
-98 20 2 1
-98 20 1 1
-99 20 3 1
-81 25 3 0
-81 25 4 0
-81 25 2 0
-79 25 3 0
-80 25 4 0
-79 25 2 0
-96 16 1 1
-96 16 0 1
-96 16 -1 1
-97 16 1 1
-97 16 0 1
-97 16 -1 1
-97 15 -1 1
-97 14 -1 1
-98 16 -1 1
-52 0 2 1
-98 14 -1 1
-98 16 0 2
-99 16 0 1
-100 16 0 1
-100 15 0 1
-100 14 0 1
-98 16 1 1
-99 16 2 1
-99 16 1 1
-100 16 2 2
-100 16 1 2
-100 15 3 1
-100 15 2 2
-54 0 2 1
-89 42 2 0
-100 14 2 1
-100 14 1 1
-98 16 2 1
-96 19 0 1
-96 18 0 1
-96 17 0 1
-97 19 0 1
-97 18 0 1
-84 25 5 2
-98 19 0 1
-98 18 0 1
-98 17 0 1
-96 19 3 1
-96 19 2 1
-96 19 1 1
-96 18 3 1
-96 18 2 1
-96 18 1 1
-96 17 2 1
-96 17 1 1
-97 19 3 1
-71 11 5 0
-72 9 4 0
-73 9 4 0
-72 9 5 0
-73 9 5 0
-71 9 3 0
-71 9 2 1
-53 9 8 1
-53 9 7 1
-53 8 9 1
-53 8 8 1
-53 8 7 1
-56 5 1 1
-56 5 0 1
-53 16 8 1
-55 1 1 1
-65 5 1 0
-53 16 6 2
-52 20 5 1
-52 20 8 1
-52 20 7 1
-52 20 6 1
-51 16 7 1
-51 16 6 1
-61 13 5 2
-61 1 7 0
-62 1 7 0
-63 2 4 0
-63 2 8 0
-54 2 13 0
-94 0 11 1
-94 0 10 1
-94 0 9 1
-95 0 11 1
-95 0 10 1
-95 0 9 1
-93 4 9 1
-79 17 7 1
-78 15 6 1
-78 15 7 1
-78 16 6 1
-78 16 7 1
-78 17 6 1
-78 17 7 1
-77 17 4 0
-77 16 4 0
-77 17 5 0
-77 16 5 0
-76 17 4 0
-76 17 5 0
-77 18 6 0
-77 18 3 0
-77 18 2 0
-73 9 0 1
-73 9 1 1
-73 9 2 1
-73 10 0 1
-73 10 1 1
-73 10 2 1
-73 11 0 1
-65 8 4 0
-66 7 3 0
-65 8 3 0
-67 8 3 0
-68 8 3 0
-67 6 2 0
-97 17 8 2
-97 17 7 2
-97 17 6 2
-62 1 4 1
-58 14 6 1
-93 0 12 1
-93 0 11 1
-93 0 10 1
-96 14 0 1
-97 14 0 1
-97 13 0 1
-97 12 0 1
-97 13 4 1
-97 12 4 1
-95 14 1 1
-96 14 2 1
-96 14 1 1
-97 14 2 1
-97 14 1 1
-97 13 3 2
-97 13 2 2
-97 13 1 2
-97 12 3 1
-97 12 2 1
-97 12 1 1
-95 14 2 1
-93 14 2 0
-92 17 3 1
-68 9 3 0
-69 8 3 0
-69 7 3 0
-70 7 3 0
-68 7 3 0
-68 7 2 0
-91 43 2 0
-92 15 1 1
-93 17 3 1
-93 17 2 1
-93 17 1 1
-75 17 5 0
-74 17 5 0
-74 17 6 0
-74 17 4 0
-75 18 6 0
-76 19 6 0
-77 16 6 0
-76 16 5 0
-76 15 5 0
-76 15 6 0
-76 15 4 0
-75 15 5 0
-75 16 6 0
-75 16 4 0
-76 17 6 0
-76 17 7 0
-76 17 3 0
-99 42 5 1
-69 9 3 0
-69 10 3 0
-70 9 5 0
-70 8 3 0
-70 9 3 0
-71 8 3 0
-69 8 2 0
-99 44 7 2
-98 42 5 1
-98 42 6 1
-98 42 7 1
-98 43 5 2
-98 43 7 1
-98 44 5 1
-98 44 6 2
-98 44 7 2
-97 42 5 1
-97 42 6 1
-97 42 7 1
-97 43 5 1
-97 43 6 2
-97 43 7 2
-97 44 5 1
-97 44 6 1
-97 44 7 1
-97 45 6 1
-95 46 8 0
-94 12 0 1
-94 11 0 1
-95 13 0 1
-95 12 0 1
-74 16 5 0
-73 16 5 0
-74 16 6 0
-75 16 5 0
-75 17 6 0
-76 16 6 0
-77 17 6 0
-77 14 5 0
-95 11 0 1
-77 15 6 0
-75 14 5 0
-75 15 6 0
-75 14 6 0
-74 14 5 0
-74 15 6 0
-75 16 7 0
-75 16 3 0
-71 10 3 0
-72 8 3 0
-71 7 3 0
-70 8 2 0
-74 8 9 0
-67 0 6 1
-87 41 6 0
-88 42 6 0
-88 42 4 0
-88 41 5 0
-88 41 6 0
-66 18 8 0
-88 39 5 0
-67 15 9 0
-65 15 10 0
-65 14 8 2
-66 13 7 2
-77 6 9 0
-78 6 9 0
-55 28 2 2
-53 30 6 1
-54 30 6 1
-54 29 6 1
-66 35 3 1
-68 36 5 0
-68 36 6 0
-68 37 5 1
-65 39 6 1
-65 39 5 1
-55 30 3 2
-55 29 5 1
-55 29 4 1
-66 39 5 1
-66 39 4 1
-66 38 4 1
-67 39 6 1
-67 39 5 1
-67 39 4 1
-67 38 6 1
-67 38 5 2
-67 38 4 2
-67 37 6 1
-67 37 5 1
-67 37 4 1
-64 38 7 1
-64 38 6 1
-64 38 5 1
-65 38 7 1
-65 38 6 1
-57 3 4 2
-57 3 3 1
-58 5 4 1
-58 5 3 1
-58 4 4 2
-58 4 3 1
-58 3 4 2
-58 3 3 1
-57 4 4 2
-57 2 5 1
-54 0 11 0
-81 11 8 1
-81 10 8 1
-82 11 9 1
-93 3 7 1
-94 3 7 1
-65 34 3 1
-66 2 5 0
-69 35 7 1
-69 34 8 1
-69 34 7 2
-69 33 8 1
-69 33 7 1
-69 35 6 1
-67 3 8 1
-67 3 7 1
-67 3 6 1
-68 4 8 1
-68 4 6 1
-68 3 8 2
-68 3 7 2
-68 3 6 1
-69 5 8 2
-69 5 7 1
-69 5 6 1
-70 37 3 0
-70 37 4 0
-70 37 7 0
-70 37 6 0
-71 36 6 0
-72 37 6 0
-71 37 6 0
-63 3 4 0
-72 37 5 0
-71 37 5 0
-71 38 6 0
-71 39 5 0
-71 38 5 0
-70 39 6 0
-70 39 5 1
-67 40 5 1
-91 1 6 1
-82 12 6 1
-82 12 7 1
-81 10 5 1
-81 10 6 1
-81 10 7 1
-81 11 5 1
-76 10 7 0
-78 9 5 0
-78 9 9 0
-78 9 8 0
-78 11 6 0
-78 10 6 0
-78 11 7 0
-51 2 9 0
-76 9 6 0
-77 9 6 0
-76 9 7 0
-77 9 7 0
-83 12 8 1
-78 9 6 0
-78 9 7 0
-57 2 14 0
-57 2 15 0
-57 3 14 0
-57 3 15 0
-78 10 7 0
-81 11 9 1
-88 0 8 2
-88 5 9 1
-88 5 8 1
-88 4 8 2
-88 3 8 2
-88 2 8 1
-100 2 7 0
-58 8 2 1
-58 8 1 1
-58 4 15 0
-58 4 14 0
-81 31 0 1
-81 31 1 1
-81 32 -1 1
-81 32 0 1
-81 33 -1 1
-81 33 0 1
-66 13 8 1
-66 14 7 1
-66 14 8 1
-66 15 7 1
-66 15 8 1
-73 8 5 0
-62 7 10 0
-61 7 10 0
-84 3 7 0
-83 3 8 0
-82 3 8 0
-82 4 8 0
-84 4 7 0
-84 5 7 0
-84 4 8 0
-79 31 2 0
-81 31 3 0
-85 30 1 1
-85 30 2 2
-85 30 3 2
-84 30 1 1
-84 30 2 1
-84 30 3 1
-83 30 1 1
-83 30 2 1
-83 30 3 1
-85 30 4 2
-85 30 5 2
-85 31 5 2
-85 32 5 1
-84 30 4 1
-84 30 5 1
-84 31 5 2
-84 32 5 1
-83 30 4 1
-83 30 5 1
-83 31 5 1
-83 32 5 1
-85 30 0 1
-84 30 0 1
-83 30 0 1
-81 30 2 0
-81 29 2 0
-81 30 3 0
-81 29 3 0
-80 30 2 0
-80 30 3 0
-81 31 4 0
-82 30 -2 1
-82 30 -1 2
-82 30 0 1
-82 31 -2 1
-82 32 -2 1
-81 30 -2 1
-81 30 -1 1
-81 30 0 1
-81 31 -2 1
-81 32 -2 1
-80 30 -2 1
-80 30 -1 1
-80 30 0 1
-80 31 -2 1
-80 31 -1 1
-80 31 0 1
-80 32 -2 1
-82 0 7 1
-81 0 7 1
-81 1 6 1
-71 5 10 0
-74 6 10 0
-74 6 11 0
-73 6 10 0
-73 6 11 0
-82 4 10 0
-82 5 11 0
-81 4 11 0
-61 34 4 2
-64 34 5 1
-64 34 6 2
-64 34 7 1
-64 35 5 2
-64 35 6 2
-64 35 7 2
-64 34 8 1
-64 35 8 1
-64 33 4 1
-64 34 4 1
-64 35 4 2
-66 31 5 1
-88 11 -1 1
-89 11 -1 1
-90 11 1 1
-90 11 0 2
-90 11 -1 1
-90 10 1 1
-55 5 1 1
-96 49 9 0
-77 0 2 2
-94 49 9 0
-94 49 7 0
-58 2 1 0
-60 4 3 0
-92 8 0 1
-60 5 3 0
-90 9 1 2
-61 3 3 1
-62 3 3 0
-60 3 1 0
-62 4 3 0
-60 4 2 0
-62 6 3 0
-62 3 4 0
-52 15 11 0
-80 2 12 0
-79 1 10 0
-61 32 8 1
-59 29 1 1
-57 29 4 0
-81 6 5 1
-65 17 0 1
-65 17 1 1
-65 17 2 1
-67 19 6 0
-68 18 5 0
-68 18 6 0
-68 17 4 0
-68 18 4 0
-70 23 5 0
-73 23 4 0
-72 23 5 0
-73 21 5 0
-73 20 4 0
-72 23 4 0
-72 24 4 0
-95 49 8 0
-95 49 9 0
-95 49 7 0
-79 21 4 0
-93 49 8 0
-93 49 9 0
-93 49 7 0
-89 9 0 1
-89 9 -1 1
-89 8 -1 1
-91 8 0 1
-80 24 4 0
-79 23 5 0
-80 24 5 0
-80 22 5 0
-80 21 4 0
-80 21 5 0
-81 22 4 0
-81 22 5 1
-79 20 4 0
-79 22 6 0
-79 22 2 0
-80 23 4 0
-81 24 4 0
-80 23 5 0
-81 21 4 0
-82 22 6 2
-82 23 4 1
-82 23 5 1
-82 23 6 1
-81 22 3 0
-81 21 5 1
-89 13 0 1
-89 12 2 1
-89 12 1 2
-92 49 8 0
-80 20 3 0
-92 49 7 0
-80 22 6 0
-80 22 3 0
-88 4 0 1
-88 4 1 1
-88 8 0 1
-86 21 1 1
-86 21 2 2
-85 19 1 1
-85 19 2 2
-85 20 1 1
-85 20 2 2
-85 21 1 1
-85 21 2 1
-84 20 2 1
-85 17 3 2
-85 17 4 2
-85 17 5 1
-84 17 3 1
-84 17 4 2
-84 17 5 1
-83 19 -1 1
-83 19 0 2
-83 19 1 2
-82 19 -1 1
-82 19 0 1
-82 19 1 1
-81 19 -1 1
-81 19 0 1
-81 19 1 1
-89 8 0 1
-90 8 0 1
-90 7 0 1
-90 6 0 1
-88 8 1 1
-89 8 1 1
-90 8 3 1
-90 8 2 2
-90 8 1 1
-90 7 3 2
-90 7 2 2
-90 7 1 2
-90 6 3 1
-90 6 2 1
-90 6 1 1
-89 8 3 1
-89 8 2 1
-89 10 2 1
-86 12 2 1
-86 12 1 1
-86 12 0 1
-87 12 2 1
-86 17 3 1
-86 17 4 1
-86 17 5 1
-86 18 3 2
-86 18 4 2
-86 18 5 1
-84 19 -1 1
-84 19 0 2
-84 19 1 2
-84 20 -1 1
-84 20 0 2
-84 20 1 1
-84 21 -1 1
-84 21 0 1
-84 21 1 2
-87 12 1 2
-87 12 0 1
-88 12 2 1
-88 12 1 2
-88 12 0 1
-88 11 2 1
-88 11 1 1
-87 19 4 1
-87 20 4 1
-87 21 4 1
-87 19 5 1
-87 20 5 1
-88 11 0 1
-88 10 2 1
-88 10 1 1
-88 10 0 1
-87 11 3 1
-85 9 -1 1
-86 9 -1 1
-87 9 -1 1
-87 8 1 1
-87 8 -1 1
-87 7 -1 1
-86 3 2 1
-86 3 1 1
-87 3 2 1
-100 18 4 1
-65 6 7 1
-63 6 5 0
-73 4 10 0
-89 40 4 0
-51 10 5 1
-53 2 14 0
-56 4 7 1
-54 6 15 0
-54 6 14 0
-58 10 14 0
-58 10 15 0
-58 11 14 0
-63 27 6 1
-57 10 14 0
-57 10 15 0
-80 6 12 0
-64 5 4 0
-80 3 13 0
-63 26 6 1
-63 25 6 2
-72 5 10 0
-67 33 4 1
-67 32 4 1
-66 34 8 1
-61 31 4 1
-67 34 8 1
-67 33 8 1
-67 33 5 1
-56 3 16 0
-67 32 6 1
-55 2 16 0
-65 18 9 1
-55 3 16 0
-59 4 10 0
-65 36 5 2
-63 16 8 2
-63 16 10 1
-55 3 7 1
-79 4 12 0
-54 3 7 1
-79 4 13 0
-80 5 12 0
-80 6 11 0
-81 6 11 0
-82 6 11 0
-52 3 8 1
-54 0 3 0
-62 27 4 1
-62 28 4 1
-62 29 4 2
-62 27 5 1
-62 28 5 1
-62 29 5 1
-51 20 3 1
-59 26 4 1
-51 21 3 1
-51 22 2 2
-51 22 3 2
-54 0 4 0
-51 7 6 1
-67 23 10 1
-84 4 6 0
-84 4 4 1
-83 3 7 0
-85 2 5 1
-84 2 4 1
-66 17 10 0
-54 6 5 1
-51 20 1 1
-51 21 1 1
-51 22 1 1
-53 1 7 0
-53 2 8 0
-52 2 8 0
-72 6 8 0
-72 6 9 0
-66 7 9 1
-55 9 17 0
-54 9 16 0
-54 9 17 0
-56 9 18 0
-66 3 7 1
-65 1 6 0
-65 1 7 0
-65 1 5 0
-64 37 8 1
-63 37 7 1
-63 37 8 1
-65 36 3 2
-65 37 3 1
-64 35 3 2
-64 36 3 1
-92 2 4 2
-96 2 1 1
-74 6 5 0
-74 6 6 0
-74 6 4 0
-72 6 7 0
-81 5 11 0
-81 5 10 0
-51 5 5 2
-58 5 16 0
-57 5 17 0
-96 12 6 1
-96 12 7 1
-89 5 15 1
-66 23 3 1
-92 9 4 2
-80 0 2 1
-87 0 11 2
-57 5 1 1
-92 34 20 1
-90 30 18 1
-90 30 19 2
-90 30 20 1
-89 33 21 0
-89 7 0 1
-89 6 0 1
-89 5 0 1
-89 5 2 1
-92 35 18 1
-92 35 19 2
-92 35 20 1
-92 30 18 1
-92 30 19 1
-92 30 20 1
-92 31 18 1
-92 31 19 2
-92 31 20 1
-91 30 18 1
-91 30 19 1
-91 30 20 1
-86 11 3 1
-86 11 2 1
-86 11 1 1
-92 36 18 1
-92 36 19 1
-92 36 20 1
-91 36 18 1
-91 36 19 1
-91 36 20 1
-93 32 18 1
-87 4 2 1
-93 32 19 1
-93 32 20 1
-93 33 18 1
-93 33 19 2
-93 33 20 1
-78 1 1 2
-78 2 1 2
-93 34 20 1
-90 29 18 1
-90 29 19 1
-90 29 20 1
-89 29 18 1
-89 29 19 1
-89 29 20 1
-88 29 18 1
-88 29 19 1
-88 29 20 1
-52 1 5 0
-85 7 1 1
-85 7 0 2
-85 7 -1 1
-85 6 -1 1
-85 5 -1 1
-85 34 22 0
-86 35 21 0
-91 29 18 1
-91 29 19 1
-91 29 20 1
-90 33 21 0
-90 33 22 0
-83 20 2 1
-81 19 4 1
-81 19 2 0
-56 0 9 0
-56 8 12 0
-55 10 12 0
-93 35 18 1
-93 35 19 1
-93 35 20 1
-93 36 18 1
-93 36 19 1
-93 36 20 1
-93 30 18 1
-93 30 19 1
-80 21 2 0
-83 22 2 1
-84 21 2 1
-85 18 3 2
-85 18 4 2
-85 18 5 1
-85 19 3 2
-85 19 4 2
-85 19 5 1
-84 18 3 1
-84 19 3 1
-83 18 3 1
-83 19 3 1
-82 19 3 1
-82 19 2 1
-82 21 2 0
-82 21 1 1
-84 4 -1 1
-84 7 2 0
-78 3 4 2
-85 4 1 1
-94 32 18 1
-73 22 2 0
-83 17 3 1
-83 17 4 2
-83 17 5 1
-82 17 3 1
-82 17 4 2
-82 17 5 1
-82 18 3 1
-81 17 3 1
-81 17 4 2
-81 17 5 2
-81 18 3 1
-81 18 4 1
-81 18 5 1
-81 19 5 1
-80 19 3 0
-82 21 0 2
-83 20 -1 1
-83 20 0 2
-83 20 1 1
-83 21 -1 1
-83 21 0 1
-83 21 1 1
-83 22 -1 1
-83 22 0 1
-83 22 1 1
-82 20 -1 1
-82 20 0 2
-82 20 1 1
-82 21 -1 1
-82 22 -1 1
-82 22 0 1
-82 22 1 1
-81 20 -1 1
-81 20 0 1
-81 20 1 1
-81 21 -1 1
-81 21 0 1
-81 22 -1 1
-81 22 0 1
-84 3 1 1
-74 24 4 0
-75 23 4 0
-78 22 6 0
-78 22 3 0
-78 22 2 0
-53 20 7 1
-53 22 8 2
-78 3 10 0
-53 22 7 1
-66 33 7 2
-78 1 9 1
-68 12 7 1
-78 1 8 1
-78 0 9 1
-75 5 11 0
-60 1 8 0
-84 2 15 1
-75 4 10 0
-78 5 12 0
-78 5 13 0
-76 4 11 0
-60 1 9 0
-53 3 7 0
-59 26 7 1
-59 26 6 1
-60 2 8 0
-56 29 7 1
-56 29 6 0
-62 0 8 0
-54 9 10 0
-54 7 9 1
-54 7 8 1
-56 9 8 0
-51 10 11 1
-52 10 11 1
-67 7 9 1
-67 6 9 1
-68 7 9 1
-68 6 9 1
-62 31 8 1
-62 31 9 1
-52 22 7 1
-52 21 7 1
-62 31 5 2
-52 22 8 1
-51 24 7 1
-51 24 8 1
-65 6 8 1
-65 6 9 1
-57 6 5 2
-59 8 5 1
-77 6 12 0
-60 8 5 0
-59 5 7 0
-59 6 5 1
-55 30 7 1
-61 14 10 1
-75 9 7 0
-75 9 6 0
-52 4 11 1
-52 3 11 1
-52 3 10 1
-77 11 7 0
-53 4 7 1
-53 4 8 1
-53 4 9 1
-52 4 7 1
-52 4 8 1
-52 4 9 1
-51 4 7 2
-51 4 8 2
-51 4 9 2
-65 7 8 1
-65 7 9 1
-51 4 10 2
-53 4 6 1
-53 5 6 1
-53 6 6 1
-52 4 6 1
-52 5 6 2
-85 11 9 1
-89 8 9 1
-88 8 9 1
-87 10 9 1
-83 8 4 1
-82 7 7 1
-82 6 6 0
-83 6 7 0
-83 7 7 1
-83 6 6 0
-84 7 6 1
-82 10 8 2
-82 9 8 1
-82 8 8 1
-70 7 6 0
-70 8 5 0
-69 8 4 0
-69 8 6 1
-69 8 5 0
-53 24 7 2
-58 11 16 0
-58 10 17 0
-58 10 16 0
-92 9 2 2
-92 10 2 2
-92 11 2 1
-53 29 2 2
-91 10 2 1
-53 30 4 1
-97 10 2 1
-78 9 4 1
-97 11 2 1
-69 0 5 1
-96 11 2 1
-98 7 3 1
-67 12 7 1
-98 8 4 1
-98 8 5 1
-69 4 3 0
-98 9 4 1
-98 9 5 1
-91 3 12 1
-98 7 2 1
-67 12 8 1
-67 11 9 1
-52 29 2 1
-67 11 7 2
-54 30 3 2
-66 4 4 0
-63 6 7 0
-97 5 5 1
-97 6 5 1
-68 0 6 1
-69 2 5 1
-55 30 2 2
-74 5 12 0
-94 8 0 2
-95 7 -1 1
-95 7 0 1
-95 7 1 1
-95 8 -1 1
-95 8 0 1
-63 4 8 0
-95 8 1 1
-95 9 -1 1
-95 9 0 1
-95 9 1 1
-94 7 -1 1
-94 7 0 1
-94 7 1 1
-94 8 -1 1
-94 8 1 1
-94 9 -1 1
-94 9 0 1
-94 9 1 1
-93 7 -1 1
-93 7 0 1
-93 7 1 1
-93 8 -1 1
-93 8 0 1
-93 8 1 1
-79 23 4 0
-83 6 1 1
-83 6 0 1
-83 5 1 2
-83 5 0 2
-79 7 0 1
-79 6 0 1
-79 5 0 1
-52 17 6 2
-63 12 4 0
-52 17 7 2
-52 18 5 1
-71 10 8 0
-71 10 5 0
-71 10 4 0
-52 18 6 1
-52 18 7 1
-52 19 5 1
-52 19 6 1
-52 19 7 1
-74 7 7 0
-98 49 8 0
-96 49 7 0
-96 49 8 0
-53 1 5 0
-53 1 9 0
-78 2 -1 1
-71 9 5 0
-66 34 6 1
-66 34 7 1
-67 32 8 1
-62 26 6 2
-62 27 6 1
-62 28 6 1
-61 26 6 1
-60 26 6 1
-78 1 -1 1
-78 5 2 1
-51 0 8 0
-78 5 0 1
-53 26 8 1
-75 3 3 1
-59 7 9 0
-55 10 1 1
-55 11 1 1
-55 12 1 1
-81 2 5 1
-78 4 2 2
-78 4 1 2
-92 2 5 1
-92 3 5 2
-91 1 3 1
-93 2 1 1
-93 3 1 1
-60 2 2 0
-93 4 1 1
-61 5 3 0
-93 4 2 1
-93 4 3 1
-92 2 1 1
-59 2 1 0
-64 23 10 1
-87 12 6 2
-87 12 7 2
-54 28 6 1
-97 49 9 0
-55 29 6 1
-87 14 5 1
-87 14 6 1
-87 14 7 1
-77 23 5 0
-92 7 6 1
-91 7 6 1
-76 4 5 1
-77 5 2 1
-76 4 4 1
-76 4 3 1
-77 4 2 2
-76 3 5 1
-76 3 4 1
-60 6 3 0
-77 3 1 2
-61 4 4 0
-62 6 4 0
-67 14 7 1
-76 3 2 2
-77 2 2 1
-76 2 2 1
-87 18 2 1
-72 22 6 0
-76 1 3 1
-76 1 2 1
-73 1 3 0
-73 0 -1 1
-74 0 -1 1
-75 0 0 2
-75 0 -1 1
-76 0 0 2
-77 0 0 1
-78 0 1 2
-78 0 0 1
-75 0 4 1
-76 0 4 2
-75 0 2 1
-76 0 3 1
-76 0 1 1
-77 0 3 2
-77 0 1 2
-75 0 1 1
-75 0 3 1
-73 3 2 2
-73 3 1 2
-73 3 0 1
-74 0 3 0
-74 2 2 1
-74 2 1 2
-74 2 0 1
-70 1 2 1
-70 1 1 1
-70 1 0 1
-71 1 2 1
-71 1 1 1
-71 1 0 1
-72 1 2 1
-72 1 1 2
-72 1 0 1
-72 0 2 1
-72 0 1 1
-72 0 0 1
-68 0 2 1
-68 0 1 1
-68 0 0 1
-69 0 2 1
-69 0 1 1
-69 0 0 1
-70 0 2 1
-70 0 1 1
-70 0 0 1
-71 0 2 1
-71 0 1 2
-71 0 0 1
-52 0 11 0
-51 1 13 0
-52 1 14 0
-51 0 13 0
-52 1 13 0
-51 0 12 0
-54 25 7 2
-52 1 12 0
-52 1 11 0
-85 6 2 1
-84 6 2 1
-85 3 2 1
-100 49 5 1
-99 48 5 1
-100 48 5 1
-63 1 9 0
-68 9 9 1
-69 9 9 1
-71 9 4 0
-72 10 4 0
-72 10 5 0
-72 10 8 0
-73 9 7 0
-70 12 6 0
-70 10 7 0
-70 10 6 0
-51 40 4 1
-51 41 5 1
-74 13 4 0
-74 13 8 0
-51 38 6 1
-53 37 4 1
-52 36 4 1
-52 36 5 0
-51 36 4 1
-51 35 4 1
-51 36 5 0
-51 37 6 0
-52 36 1 1
-52 36 2 2
-52 36 3 1
-52 37 1 1
-52 37 2 2
-52 37 3 2
-52 38 1 1
-51 36 1 1
-51 36 2 1
-51 36 3 1
-51 37 1 1
-74 13 7 0
-72 12 5 0
-72 12 7 0
-72 12 6 0
-73 12 6 0
-74 11 5 0
-74 11 7 0
-74 11 6 0
-75 12 5 0
-75 12 6 0
-74 15 7 0
-72 15 6 0
-72 13 5 0
-72 13 7 0
-72 13 6 0
-74 14 8 0
-74 14 7 0
-73 13 7 0
-74 12 5 0
-74 13 5 0
-69 37 3 1
-74 12 7 0
-70 39 2 1
-62 11 5 0
-62 9 4 0
-70 40 2 1
-70 40 3 1
-70 40 4 1
-70 41 2 1
-74 12 6 0
-70 41 3 1
-70 41 4 1
-69 39 2 1
-69 40 2 1
-69 41 2 1
-69 41 3 1
-69 41 4 1
-68 39 2 1
-68 40 2 1
-68 41 2 1
-68 41 3 1
-68 41 4 1
-71 39 4 0
-74 13 6 0
-71 37 4 0
-70 36 4 0
-71 36 4 0
-70 36 0 1
-70 36 1 1
-70 36 2 1
-70 37 0 1
-70 37 1 1
-70 37 2 1
-70 38 0 1
-70 38 1 2
-70 38 2 1
-75 13 7 0
-76 14 5 0
-76 14 7 0
-74 16 7 0
-73 15 7 0
-72 14 5 0
-73 14 5 0
-72 14 7 0
-72 14 6 0
-87 41 4 0
-87 41 3 0
-75 15 7 0
-73 13 5 0
-73 14 6 0
-73 13 6 0
-74 14 6 0
-75 13 5 0
-75 13 6 0
-76 13 5 0
-76 14 6 0
-76 13 6 0
-77 15 5 0
-73 16 6 0
-73 15 5 0
-74 15 5 0
-73 15 6 0
-78 17 3 1
-75 18 5 0
-76 18 5 0
-78 19 4 0
-79 28 3 0
-79 28 4 0
-79 28 2 0
-80 29 4 0
-82 29 4 0
-64 11 5 0
-83 28 4 0
-62 11 4 0
-82 26 3 0
-82 26 4 1
-82 26 2 0
-81 26 3 0
-81 26 4 0
-81 26 2 0
-80 26 3 0
-80 26 4 0
-80 26 2 0
-81 28 4 0
-61 14 4 1
-60 14 4 1
-59 14 4 1
-63 13 5 1
-63 13 6 1
-62 13 5 1
-63 13 4 1
-62 13 4 1
-62 30 4 2
-61 30 2 1
-61 30 3 1
-61 30 4 1
-60 30 2 2
-60 30 3 1
-60 30 4 1
-62 30 1 1
-61 30 1 1
-60 30 1 1
-78 19 2 0
-78 19 3 0
-78 19 6 0
-78 19 5 0
-77 18 5 0
-77 18 4 0
-78 17 5 1
-78 18 5 0
-78 17 4 1
-78 18 4 0
-79 18 5 1
-76 19 5 0
-76 19 4 0
-79 20 2 0
-79 20 6 0
-77 19 5 0
-77 19 4 0
-88 41 7 0
-79 26 3 0
-60 15 5 1
-60 15 6 1
-60 15 7 1
-59 15 5 1
-59 15 6 1
-59 15 7 1
-62 12 4 1
-64 13 5 1
-64 13 4 1
-63 11 4 0
-69 17 6 0
-69 17 4 0
-67 17 7 0
-68 16 0 1
-68 16 1 1
-68 16 2 1
-68 17 0 1
-68 17 1 1
-68 17 2 1
-68 18 0 1
-68 18 1 2
-68 18 2 1
-67 18 0 1
-67 18 1 1
-67 18 2 1
-66 18 0 1
-66 18 1 1
-66 18 2 1
-67 17 3 0
-79 18 4 1
-79 19 4 0
-80 19 5 0
-80 19 4 0
-80 20 5 0
-79 20 5 0
-81 20 5 0
-81 23 7 1
-81 23 6 1
-81 22 7 1
-81 22 6 1
-81 21 7 1
-81 21 6 1
-82 23 7 1
-82 22 7 1
-82 21 7 1
-83 23 7 1
-83 22 7 1
-83 21 7 1
-80 23 6 0
-81 23 5 1
-82 25 5 1
-80 25 5 0
-84 24 6 1
-84 25 4 1
-82 24 5 1
-83 25 6 1
-80 31 13 0
-83 25 4 1
-83 24 6 1
-84 25 6 1
-68 19 5 1
-68 20 5 1
-68 20 4 2
-69 19 3 1
-69 19 4 1
-69 19 5 1
-69 20 3 1
-69 20 4 1
-69 20 5 1
-69 21 3 1
-69 21 4 1
-69 21 5 1
-68 19 3 1
-68 19 4 1
-68 20 3 1
-68 21 3 1
-68 21 4 1
-68 21 5 1
-67 19 3 1
-67 20 3 1
-67 20 4 1
-67 20 5 1
-67 21 3 1
-67 21 4 1
-67 21 5 1
-69 18 5 0
-70 18 5 0
-51 39 2 1
-69 18 4 0
-70 18 4 0
-69 16 5 0
-69 16 4 0
-68 18 7 0
-69 17 0 1
-69 17 1 1
-69 17 2 1
-69 18 0 1
-69 18 1 1
-69 18 2 1
-69 19 0 1
-69 19 1 1
-69 19 2 2
-68 19 0 1
-68 19 1 2
-68 19 2 1
-67 19 0 1
-67 19 1 1
-67 19 2 1
-68 18 3 1
-80 25 6 0
-80 25 2 0
-97 17 0 1
-83 40 5 0
-84 40 5 0
-83 39 6 0
-83 40 6 0
-84 40 4 0
-84 39 5 0
-84 39 6 0
-84 39 4 0
-83 38 5 0
-84 37 5 0
-83 38 6 0
-84 37 4 0
-82 38 5 0
-82 38 6 0
-82 39 7 0
-82 39 4 0
-82 39 3 0
-77 10 7 0
-77 10 6 0
-82 24 6 1
-82 25 6 1
-80 24 6 0
-80 24 2 0
-70 20 4 0
-70 20 5 0
-70 19 4 0
-70 19 5 0
-70 17 4 0
-70 17 5 0
-68 19 6 0
-69 20 0 1
-69 20 1 1
-69 20 2 1
-68 20 0 1
-68 20 1 1
-68 20 2 1
-67 20 0 1
-67 20 1 1
-67 20 2 1
-82 26 5 1
-80 26 5 0
-79 26 5 0
-78 25 3 0
-79 25 5 0
-78 25 4 0
-81 25 1 0
-81 25 5 0
-83 25 3 1
-82 27 4 1
-79 27 4 0
-79 27 3 0
-79 25 4 0
-80 25 3 0
-81 26 1 0
-81 26 5 0
-99 18 1 1
-99 18 2 1
-99 19 1 1
-99 19 2 1
-99 20 1 1
-99 20 2 2
-82 25 2 0
-82 25 4 1
-82 25 3 0
-83 26 2 1
-83 26 4 1
-83 26 3 0
-82 28 4 0
-71 21 4 0
-81 27 4 0
-70 21 5 0
-71 19 4 0
-71 19 5 0
-71 18 4 0
-69 19 6 0
-70 18 1 1
-70 18 2 1
-70 18 3 1
-70 19 1 1
-70 19 2 1
-70 19 3 1
-70 20 1 2
-70 20 2 1
-70 20 3 1
-69 18 3 1
-80 28 4 0
-80 27 4 0
-79 26 2 0
-79 26 4 0
-81 28 1 0
-81 28 5 0
-82 27 3 0
-83 28 3 0
-81 29 1 0
-81 29 5 0
-81 29 4 0
-80 27 2 0
-80 27 3 0
-80 28 3 0
-81 27 2 0
-81 27 3 0
-82 27 2 0
-82 28 2 0
-83 27 3 0
-82 28 3 0
-79 29 2 0
-79 29 3 0
-81 30 1 1
-81 30 4 0
-80 29 2 0
-80 29 3 0
-80 28 2 0
-81 28 3 0
-81 28 2 0
-83 29 2 0
-83 29 3 0
-55 35 4 2
-54 33 2 1
-54 33 3 2
-54 33 4 1
-61 7 3 0
-62 5 4 0
-63 5 3 0
-54 35 2 2
-61 5 2 0
-55 33 5 1
-55 34 5 1
-55 35 5 1
-54 33 5 1
-54 34 5 1
-54 35 5 1
-54 32 4 1
-54 32 5 1
-54 33 1 1
-54 34 1 1
-54 35 1 1
-54 36 1 1
-54 37 1 1
-82 29 3 0
-83 28 2 0
-82 29 2 0
-79 30 3 0
-79 30 2 0
-81 31 2 0
-80 32 0 1
-80 32 -1 1
-81 31 -1 2
-82 33 -1 1
-82 32 -1 1
-82 31 0 2
-82 31 -1 1
-83 33 -1 1
-83 32 -1 1
-83 31 -1 1
-60 7 3 0
-62 7 4 0
-62 7 3 0
-82 32 0 2
-82 32 4 0
-80 31 3 0
-80 31 2 0
-82 30 3 0
-82 30 2 0
-80 32 3 0
-80 32 2 0
-82 33 4 0
-82 33 3 0
-81 32 1 1
-66 10 3 1
-66 11 3 1
-66 12 3 1
-65 10 3 1
-65 11 3 1
-65 12 3 1
-80 33 3 0
-80 33 2 0
-82 34 0 0
-82 34 4 0
-82 34 3 0
-81 33 3 0
-82 32 1 1
-82 32 3 0
-82 32 2 0
-82 33 2 0
-83 33 0 1
-83 32 0 1
-83 31 0 1
-84 33 0 1
-84 32 0 1
-84 31 0 1
-85 33 0 1
-61 8 4 0
-63 7 4 0
-63 6 4 0
-63 4 4 0
-61 6 3 0
-61 6 2 0
-85 32 0 1
-85 31 0 1
-83 33 4 1
-83 32 4 1
-83 31 4 1
-84 33 4 1
-84 32 4 2
-84 31 4 2
-85 33 4 2
-81 34 2 0
-84 34 2 1
-53 41 6 1
-56 36 2 1
-56 36 3 1
-56 36 4 1
-55 36 2 2
-55 36 4 1
-56 34 5 1
-56 35 5 1
-56 36 5 1
-55 36 5 1
-54 36 5 1
-56 34 1 1
-56 35 1 1
-56 36 1 1
-55 34 1 1
-55 35 1 1
-55 36 1 1
-52 31 2 1
-52 41 4 1
-52 31 3 1
-52 31 4 1
-52 31 1 1
-55 35 3 2
-54 34 2 2
-54 34 3 2
-54 34 4 2
-54 35 4 1
-60 18 9 1
-60 18 10 1
-60 17 6 1
-60 17 7 1
-60 17 8 1
-59 17 7 1
-59 17 8 1
-84 38 3 0
-83 37 1 0
-55 38 1 1
-54 38 1 1
-57 34 5 1
-57 35 5 1
-57 36 5 1
-58 33 1 1
-58 33 2 1
-58 33 3 1
-58 34 1 1
-82 35 1 1
-82 35 3 0
-82 35 2 1
-83 36 1 0
-83 36 3 0
-83 36 2 0
-84 37 1 0
-84 37 2 0
-83 38 1 0
-83 38 3 0
-83 38 2 0
-82 39 1 1
-79 40 1 1
-79 40 0 1
-79 39 1 1
-79 39 0 1
-79 38 0 1
-80 40 1 1
-80 40 0 1
-80 39 0 1
-81 40 2 1
-81 40 1 1
-81 40 0 1
-81 39 1 1
-81 39 0 1
-57 34 2 2
-80 39 1 2
-80 38 0 1
-80 37 1 1
-80 37 0 1
-80 36 1 1
-80 36 0 1
-81 38 1 2
-81 38 0 1
-81 37 0 1
-81 36 1 2
-81 36 0 1
-82 38 1 1
-82 38 0 1
-82 37 1 1
-82 37 0 1
-82 36 1 1
-82 36 0 1
-81 37 1 2
-81 36 3 0
-81 35 2 1
-81 36 2 1
-83 37 3 0
-82 37 3 0
-83 37 2 0
-82 37 2 1
-79 37 2 0
-80 38 1 1
-80 38 4 0
-80 36 2 1
-80 21 1 0
-80 36 3 0
-82 36 2 1
-82 36 3 0
-82 38 2 1
-82 38 3 0
-82 39 2 1
-80 40 2 1
-80 39 2 1
-79 39 2 1
-80 38 2 1
-79 38 1 1
-79 38 2 1
-78 37 2 0
-79 36 2 0
-79 36 3 0
-79 37 3 0
-81 37 2 1
-81 37 3 0
-81 38 2 1
-81 38 3 0
-80 38 3 0
-81 39 2 1
-81 40 3 0
-79 40 2 1
-79 40 3 0
-78 37 3 0
-80 37 4 0
-80 37 3 0
-80 39 3 0
-80 40 4 0
-80 40 3 0
-78 41 3 0
-77 40 3 0
-78 39 3 0
-77 39 3 0
-76 40 0 1
-76 39 0 1
-76 38 0 1
-77 40 2 1
-77 40 1 1
-77 40 0 1
-77 39 2 1
-77 39 0 1
-77 38 2 1
-77 38 1 1
-77 38 0 1
-78 40 2 1
-78 40 1 1
-78 40 0 1
-78 39 2 1
-78 39 1 1
-78 39 0 1
-78 38 2 1
-78 38 1 1
-78 38 0 1
-77 39 1 2
-77 37 3 0
-77 37 4 0
-83 16 1 1
-83 14 5 2
-82 14 3 1
-82 14 4 2
-76 37 4 0
-78 39 4 0
-77 41 4 0
-77 40 4 0
-75 40 1 1
-74 37 4 0
-75 38 4 0
-76 39 4 0
-74 41 5 0
-76 40 3 1
-76 40 2 1
-75 41 3 2
-74 40 4 1
-73 41 5 0
-73 41 4 0
-72 39 3 0
-71 40 2 1
-71 40 1 1
-71 40 0 1
-72 40 2 1
-72 40 1 1
-72 40 0 1
-73 40 2 1
-73 40 1 1
-73 40 0 1
-73 39 0 1
-73 38 0 1
-73 37 4 0
-74 39 4 0
-73 39 4 0
-73 40 3 1
-73 40 4 0
-72 41 3 0
-72 40 5 0
-72 41 4 0
-72 39 2 1
-72 39 1 2
-72 39 0 1
-72 38 2 1
-72 38 1 1
-72 38 0 1
-72 37 2 1
-72 37 1 1
-72 37 0 1
-72 37 3 0
-72 37 4 0
-72 40 3 0
-72 40 4 0
-71 40 3 0
-71 40 4 0
-68 41 5 1
-69 41 5 1
-70 41 5 1
-69 39 1 1
-69 39 0 1
-70 39 1 1
-70 39 0 1
-71 39 2 1
-71 39 1 1
-71 39 0 1
-71 38 2 1
-71 38 1 2
-71 38 0 1
-71 37 2 1
-71 37 1 1
-71 37 0 1
-70 36 3 0
-71 36 3 0
-72 36 4 0
-72 38 3 0
-72 38 4 0
-71 39 3 0
-72 39 4 0
-70 40 5 1
-70 38 3 1
-70 39 4 1
-70 39 3 1
-67 38 1 1
-67 38 0 1
-68 38 2 1
-68 38 1 1
-68 38 0 1
-69 38 2 1
-69 38 1 1
-69 38 0 1
-69 37 2 1
-69 37 1 2
-69 37 0 1
-69 36 2 1
-69 36 1 1
-69 36 0 1
-70 38 4 1
-67 38 7 1
-67 37 7 1
-67 36 7 1
-66 37 1 1
-66 37 0 1
-66 36 0 1
-66 35 0 1
-67 37 1 1
-67 37 0 1
-67 36 0 1
-67 35 0 1
-68 37 2 1
-84 17 -1 1
-68 37 0 1
-84 17 0 1
-68 36 1 1
-68 36 0 1
-68 35 1 1
-68 35 0 1
-66 39 3 1
-68 37 3 1
-64 38 4 1
-60 10 7 1
-60 10 9 0
-60 10 8 1
-51 15 5 2
-52 15 5 1
-53 15 5 2
-51 15 8 1
-51 15 7 1
-51 15 6 1
-61 7 9 0
-52 15 7 1
-52 15 6 1
-53 15 8 1
-53 15 7 2
-53 15 6 2
-59 7 8 0
-59 6 9 0
-60 6 9 0
-85 6 3 1
-86 6 3 1
-58 14 9 1
-58 14 8 1
-59 14 9 1
-59 14 8 1
-60 14 9 1
-60 14 8 1
-94 9 4 2
-94 8 4 2
-95 11 4 2
-95 10 4 2
-96 11 4 1
-96 10 4 2
-88 4 7 1
-91 6 9 1
-91 6 8 1
-92 11 6 1
-92 12 8 0
-92 11 7 1
-94 10 9 1
-94 10 8 1
-94 10 7 1
-95 10 9 1
-95 10 8 1
-95 10 7 2
-96 10 9 1
-96 10 8 1
-96 10 7 1
-91 16 5 1
-91 15 5 1
-91 14 5 1
-91 16 9 1
-91 15 9 1
-68 8 9 1
-84 1 16 1
-77 8 8 0
-84 0 16 1
-76 9 8 0
-55 2 13 0
-55 3 12 0
-55 3 13 0
-60 4 9 0
-60 5 9 0
-59 4 9 0
-59 5 9 0
-53 11 12 0
-56 10 8 1
-56 10 9 0
-56 11 8 1
-56 11 9 1
-55 11 9 0
-58 12 10 1
-58 13 10 1
-53 12 12 0
-72 7 5 0
-60 29 3 2
-60 29 2 1
-60 29 1 1
-60 28 3 2
-60 28 2 2
-60 28 1 1
-60 27 3 1
-60 27 2 1
-60 27 1 1
-58 9 8 0
-58 9 9 0
-57 8 8 0
-57 9 8 0
-57 9 9 0
-81 4 9 0
-82 4 9 0
-79 3 11 0
-79 3 10 0
-79 2 11 0
-80 3 11 0
-80 3 10 0
-80 2 11 0
-82 3 9 0
-77 4 11 0
-77 4 10 0
-78 4 11 0
-78 4 10 0
-79 5 9 0
-79 5 8 0
-80 5 9 0
-80 5 8 0
-86 31 10 1
-85 29 10 1
-84 29 10 1
-83 28 9 0
-81 29 8 0
-82 29 9 0
-67 34 3 2
-64 37 2 1
-65 37 2 1
-66 37 2 1
-66 36 2 1
-63 35 1 1
-82 30 9 0
-81 30 10 0
-81 32 9 0
-81 31 10 0
-81 32 8 0
-85 33 8 1
-67 32 3 1
-85 33 9 2
-85 33 10 2
-84 33 8 1
-84 33 9 1
-84 33 10 1
-83 33 8 1
-83 33 9 1
-83 33 10 1
-85 31 11 2
-85 32 11 1
-85 33 11 2
-84 31 11 1
-84 32 11 2
-84 33 11 1
-83 31 11 1
-83 32 11 1
-83 33 11 1
-85 33 7 1
-84 33 7 1
-83 33 7 1
-86 29 11 1
-86 30 11 1
-86 31 11 1
-85 29 11 1
-85 30 11 2
-84 29 11 1
-84 30 11 1
-83 29 9 0
-83 28 10 0
-81 29 9 0
-81 29 10 0
-83 30 11 1
-66 31 3 1
-66 31 2 1
-63 34 3 2
-60 35 2 1
-61 35 2 1
-62 35 2 1
-82 30 10 0
-82 31 10 0
-80 6 2 2
-79 6 2 1
-78 6 2 1
-80 6 1 2
-79 6 1 1
-78 6 1 1
-83 7 2 1
-82 6 2 1
-82 6 1 2
-81 6 1 1
-86 29 12 1
-86 30 12 1
-86 31 12 1
-85 29 12 1
-85 30 12 1
-84 29 12 1
-84 30 12 1
-83 29 10 0
-83 30 12 1
-64 30 4 1
-63 28 5 1
-63 28 4 1
-63 28 3 1
-62 32 3 1
-63 32 3 1
-62 31 3 2
-63 31 3 2
-63 30 3 1
-63 29 3 1
-82 30 11 0
-81 30 11 0
-82 31 11 0
-81 32 11 0
-81 5 2 1
-81 29 11 0
-57 31 8 1
-57 33 7 1
-57 33 6 1
-57 32 7 1
-57 32 6 1
-56 31 6 0
-57 31 7 1
-57 31 6 1
-81 31 11 0
-81 31 12 0
-81 32 12 0
-85 31 13 2
-82 5 2 1
-79 5 2 1
-84 31 13 2
-84 32 13 2
-84 33 13 1
-83 31 13 1
-83 32 13 1
-83 33 13 1
-86 32 10 1
-86 32 11 1
-86 32 12 1
-86 30 13 1
-86 31 13 1
-86 32 13 1
-85 30 13 1
-61 32 1 1
-61 31 3 1
-61 31 2 2
-62 30 3 2
-62 30 2 1
-57 30 5 1
-59 33 1 1
-83 6 2 1
-84 5 2 2
-83 5 2 1
-80 5 2 1
-81 6 0 2
-82 5 -1 1
-82 5 0 2
-82 5 1 2
-82 6 -1 1
-82 6 0 1
-82 7 -1 1
-82 7 0 1
-81 5 -1 1
-81 5 0 2
-81 5 1 1
-81 6 -1 1
-81 7 -1 1
-81 7 0 1
-80 5 -1 1
-80 5 0 1
-80 5 1 1
-80 6 -1 1
-80 6 0 1
-80 7 -1 1
-80 7 0 1
-86 33 13 2
-86 34 13 2
-85 34 13 1
-87 32 12 1
-87 33 12 1
-87 34 12 1
-86 33 12 1
-90 49 8 0
-85 34 12 1
-59 33 3 2
-56 32 4 2
-58 35 3 1
-58 35 2 1
-58 35 1 1
-58 34 3 1
-58 34 2 1
-82 39 0 1
-84 38 2 0
-84 38 1 0
-84 37 3 0
-84 35 2 0
-83 35 3 0
-84 35 1 0
-81 35 3 0
-81 35 1 1
-55 37 1 1
-82 17 -1 1
-82 17 0 2
-82 17 1 1
-92 1 10 1
-92 4 9 1
-56 11 13 0
-56 10 13 0
-56 12 12 1
-55 11 13 0
-54 10 13 0
-57 10 2 1
-60 29 5 2
-56 11 6 2
-56 10 6 1
-60 27 5 1
-57 11 6 2
-57 10 6 1
-55 10 5 1
-56 10 5 1
-56 10 4 1
-56 10 3 1
-57 12 5 1
-57 12 4 1
-84 36 2 0
-85 36 2 0
-83 34 13 0
-84 36 3 0
-84 36 1 0
-84 35 3 0
-83 35 2 0
-83 34 2 0
-83 34 3 0
-83 35 1 0
-83 34 1 0
-83 36 4 0
-83 36 0 0
-55 35 2 2
-55 34 4 1
-55 34 2 1
-55 33 4 1
-55 33 3 2
-55 33 2 2
-56 35 4 2
-56 35 3 2
-56 35 2 2
-56 34 4 1
-56 34 3 2
-56 34 2 2
-56 33 4 2
-56 33 3 2
-56 33 2 2
-55 34 3 2
-54 36 2 1
-55 36 3 1
-56 39 4 1
-56 39 3 1
-56 39 2 1
-56 38 4 1
-56 38 3 1
-56 38 2 1
-56 37 4 1
-56 37 3 1
-56 37 2 1
-53 33 2 2
-51 35 6 1
-51 34 6 1
-51 33 6 1
-52 35 6 1
-52 34 6 1
-52 33 6 1
-53 35 6 1
-53 34 6 1
-53 33 6 1
-51 34 5 1
-51 34 4 1
-51 34 3 1
-51 33 5 1
-51 33 4 2
-51 33 3 2
-52 35 5 1
-52 35 4 1
-52 35 3 1
-52 34 5 2
-52 34 3 2
-81 34 13 0
-81 34 12 0
-82 35 12 0
-83 36 13 0
-83 36 12 0
-84 35 12 0
-87 35 12 1
-87 35 13 1
-87 35 14 1
-86 35 12 1
-86 35 13 1
-86 35 14 1
-85 35 12 1
-85 35 13 1
-85 35 14 1
-87 33 11 1
-87 34 11 1
-87 35 11 1
-86 33 11 1
-86 34 11 1
-86 35 11 1
-85 34 11 1
-85 35 11 1
-83 34 12 0
-83 34 11 0
-54 37 4 1
-64 16 8 2
-55 5 6 2
-56 27 5 1
-60 0 10 0
-57 26 5 1
-58 27 5 1
-56 1 4 2
-52 37 4 1
-51 38 5 1
-52 37 7 1
-52 37 6 1
-52 37 5 1
-53 37 7 1
-53 37 6 1
-53 37 5 1
-54 37 7 1
-54 37 6 1
-54 37 5 1
-52 41 3 1
-52 41 2 1
-53 41 3 1
-53 41 2 1
-54 41 4 1
-54 41 3 1
-54 41 2 1
-54 40 4 1
-54 40 3 1
-54 40 2 1
-54 39 4 1
-54 39 3 2
-54 39 2 1
-85 36 3 0
-85 36 1 0
-53 41 5 1
-53 41 4 1
-51 40 1 1
-52 40 4 1
-83 35 12 0
-84 34 12 1
-83 34 10 0
-52 39 2 1
-52 38 4 1
-52 38 3 1
-52 38 2 1
-53 40 4 1
-53 40 3 2
-53 40 2 1
-53 39 4 1
-53 39 3 1
-53 39 2 1
-53 38 4 1
-53 38 3 1
-53 38 2 1
-52 39 3 2
-51 39 5 1
-51 40 7 1
-51 40 6 2
-95 1 15 1
-95 2 15 1
-95 3 15 2
-94 1 15 1
-94 2 15 2
-94 3 15 2
-93 1 15 1
-93 2 15 1
-93 3 15 2
-96 1 15 1
-96 2 15 2
-96 3 15 1
-97 1 15 1
-97 2 15 2
-97 3 15 2
-51 40 5 1
-96 0 14 0
-95 0 14 0
-52 42 7 1
-52 42 6 1
-94 0 16 1
-52 42 5 1
-52 41 7 1
-93 0 16 1
-52 41 6 1
-52 41 5 1
-92 0 16 1
-51 37 4 1
-51 37 3 1
-51 37 2 2
-51 43 7 1
-51 42 7 1
-51 41 7 1
-51 41 6 2
-70 11 7 0
-73 9 6 0
-51 40 3 1
-51 40 2 1
-51 39 4 1
-51 39 3 2
-51 38 4 1
-51 38 3 1
-51 38 2 1
-51 44 6 1
-51 44 5 1
-51 44 4 1
-96 17 7 2
-96 17 8 1
-96 18 6 1
-96 18 7 1
-96 18 8 1
-96 19 6 1
-96 19 7 1
-96 19 8 1
-54 13 9 1
-54 14 9 1
-54 15 9 1
-54 15 10 1
-54 15 11 1
-96 19 5 1
-100 15 6 1
-100 15 7 1
-100 15 8 1
-99 15 6 1
-99 15 7 1
-99 15 8 1
-98 15 6 2
-98 15 7 2
-98 15 8 2
-100 15 5 1
-99 15 5 1
-98 15 5 1
-100 17 3 2
-99 17 3 1
-99 17 4 2
-99 18 3 1
-99 19 3 1
-98 17 3 1
-98 17 4 2
-98 18 3 1
-98 18 4 1
-98 19 3 2
-98 19 4 1
-71 9 8 0
-56 16 9 1
-56 16 10 1
-56 16 11 1
-55 16 9 1
-55 16 10 1
-55 16 11 1
-54 16 9 1
-54 16 10 2
-54 16 11 1
-97 16 6 1
-97 16 7 1
-97 16 8 1
-96 16 6 2
-96 16 7 2
-96 16 8 2
-97 16 9 1
-96 16 9 1
-97 16 5 1
-96 16 5 1
-55 17 9 1
-55 17 10 1
-55 17 11 1
-54 17 10 2
-54 17 11 1
-53 15 9 1
-53 16 9 1
-51 43 6 1
-51 43 5 1
-51 43 4 1
-51 42 6 1
-51 42 5 1
-51 42 4 1
-54 49 1 1
-54 49 0 1
-52 49 6 1
-57 49 7 1
-57 48 7 1
-57 47 7 1
-58 49 7 1
-58 48 7 1
-58 47 7 1
-59 47 7 1
-54 0 0 1
-54 1 0 1
-54 1 1 1
-54 1 2 1
-54 2 0 1
-54 2 1 2
-54 2 2 1
-53 2 0 1
-53 2 1 1
-53 2 2 1
-52 2 0 1
-52 2 1 1
-52 2 2 1
-61 48 7 1
-53 49 2 1
-53 48 2 1
-54 49 2 1
-55 49 2 1
-53 49 6 1
-53 48 6 1
-53 49 5 1
-53 49 4 1
-53 49 3 1
-53 48 5 1
-53 48 4 1
-53 48 3 1
-54 49 3 2
-55 49 3 2
-56 48 1 1
-56 48 0 1
-57 48 2 1
-57 48 1 1
-57 48 0 1
-58 48 1 1
-58 48 0 1
-54 49 6 1
-54 49 5 2
-54 49 4 2
-54 48 6 1
-54 47 6 1
-58 48 2 1
-59 48 2 1
-60 48 2 1
-61 48 6 1
-61 48 5 1
-61 48 4 1
-61 48 3 1
-56 49 2 1
-56 49 1 1
-56 49 0 1
-54 48 2 1
-54 47 2 1
-54 46 2 1
-55 48 2 1
-55 47 2 1
-55 46 2 1
-56 48 2 1
-56 47 2 1
-56 46 2 1
-55 49 6 1
-55 49 5 2
-55 49 4 1
-55 48 6 1
-55 47 6 1
-51 2 0 1
-51 2 1 1
-51 2 2 1
-55 1 0 1
-55 2 0 1
-55 3 0 1
-54 3 0 1
-54 46 4 1
-54 46 3 1
-55 48 5 2
-55 48 4 2
-55 48 3 2
-55 47 5 1
-55 47 3 2
-55 46 5 1
-55 46 4 1
-55 46 3 1
-56 46 5 1
-56 46 4 1
-56 46 3 1
-55 47 4 2
-56 49 6 1
-56 48 6 1
-56 47 6 1
-56 49 4 1
-56 49 3 1
-56 48 5 2
-56 48 3 1
-56 47 5 1
-56 47 4 1
-56 47 3 1
-60 49 2 1
-56 49 5 1
-56 48 4 1
-59 49 2 1
-59 49 1 1
-59 49 0 1
-57 49 6 1
-57 48 6 1
-57 47 6 1
-82 1 10 0
-57 47 5 1
-57 47 4 1
-58 47 6 1
-58 47 5 1
-58 47 4 1
-59 47 6 1
-59 47 5 1
-59 47 4 1
-57 49 5 1
-57 49 3 1
-57 48 5 2
-57 48 4 2
-57 48 3 1
-57 49 4 1
-62 29 1 1
-61 29 1 1
-100 16 5 1
-100 16 6 2
-61 49 6 1
-62 49 6 1
-63 49 6 1
-67 5 7 2
-68 5 8 2
-68 5 7 2
-65 5 7 0
-63 5 5 0
-64 5 7 0
-66 5 3 0
-51 18 4 1
-91 11 8 0
-77 0 10 0
-78 1 10 0
-80 0 12 0
-80 0 11 0
-80 0 10 0
-81 0 10 0
-91 0 15 1
-84 0 17 0
-83 1 17 0
-81 0 17 0
-81 0 15 0
-83 0 18 0
-82 0 17 0
-81 0 16 0
-82 0 16 0
-82 2 17 0
-82 0 15 0
-82 2 15 0
-82 2 16 0
-83 0 17 0
-54 5 6 1
-77 5 12 0
-77 6 11 0
-75 8 6 0
-82 1 15 0
-84 1 18 0
-82 1 16 0
-83 1 16 1
-83 0 16 1
-83 3 16 0
-85 2 18 0
-83 2 16 0
-85 1 17 0
-85 3 17 0
-85 2 17 0
-87 2 18 0
-87 2 17 0
-86 0 17 0
-89 5 16 1
-90 5 16 1
-90 5 15 1
-90 5 14 1
-88 6 16 1
-88 6 15 1
-88 6 14 1
-87 4 17 0
-86 3 17 0
-88 2 18 0
-88 2 17 0
-87 0 17 0
-90 3 17 0
-87 3 17 0
-86 2 17 0
-89 1 18 0
-88 0 17 0
-88 3 17 0
-89 2 17 0
-88 1 17 0
-91 1 18 0
-89 0 17 0
-89 0 16 1
-91 3 17 0
-89 3 17 0
-89 1 17 0
-92 1 18 0
-90 0 17 0
-90 0 16 1
-92 3 17 0
-90 2 17 0
-90 1 17 0
-93 1 18 0
-91 0 17 0
-91 0 16 1
-93 3 17 0
-91 2 17 0
-91 1 17 0
-92 0 17 0
-93 0 17 0
-92 2 17 0
-94 1 18 0
-94 0 17 0
-95 0 17 0
-94 3 17 0
-93 2 17 0
-94 1 17 0
-92 1 17 0
-92 1 16 0
-97 1 17 0
-97 4 16 1
-97 4 15 1
-97 4 14 1
-98 4 16 1
-98 4 15 1
-98 4 14 1
-96 2 17 0
-94 5 16 1
-94 5 15 1
-94 5 14 1
-95 5 16 1
-95 5 15 1
-95 5 14 1
-96 5 16 1
-96 5 15 1
-96 5 14 1
-95 2 17 0
-94 2 17 0
-93 1 17 0
-95 1 18 0
-95 1 17 0
-96 4 16 1
-96 4 15 1
-96 4 14 1
-92 4 16 1
-92 4 15 1
-92 4 14 1
-92 3 16 1
-92 2 16 1
-95 0 16 0
-96 0 16 0
-93 1 16 1
-96 1 17 0
-95 0 15 0
-96 0 15 0
-98 3 16 1
-98 3 15 1
-98 3 14 1
-98 2 16 1
-98 2 15 1
-98 2 14 1
-98 1 16 1
-98 1 15 1
-98 1 14 1
-93 4 16 1
-93 4 15 1
-93 4 14 1
-93 3 16 1
-93 2 16 1
-94 4 16 1
-94 4 15 1
-94 4 14 1
-94 3 16 1
-94 2 16 1
-95 4 16 1
-95 4 15 2
-95 4 14 1
-94 1 16 1
-95 3 16 1
-95 2 16 1
-84 0 4 2
-83 6 14 0
-83 6 15 0
-83 6 13 0
-82 2 14 0
-82 3 15 0
-83 4 15 0
-83 4 16 0
-75 7 6 0
-75 5 6 0
-76 5 3 1
-96 7 5 1
-96 7 6 1
-96 7 7 1
-95 7 5 2
-95 7 6 1
-95 7 7 1
-94 7 5 2
-94 7 6 2
-94 7 7 2
-96 7 8 1
-95 7 8 1
-97 0 4 1
-97 0 3 1
-96 1 6 1
-96 2 6 1
-96 3 6 1
-96 1 2 1
-96 2 2 2
-96 3 2 1
-99 0 5 1
-99 0 6 0
-99 0 0 2
-100 0 -1 1
-100 0 0 1
-100 0 1 1
-100 1 -1 1
-100 1 0 1
-100 1 1 1
-72 7 7 0
-99 0 -1 1
-99 0 1 1
-99 1 -1 1
-99 1 0 1
-99 1 1 1
-98 0 -1 1
-98 0 0 1
-98 0 1 1
-98 1 -1 1
-98 1 0 1
-98 1 1 1
-82 0 3 1
-84 5 14 0
-80 8 4 1
-80 8 5 1
-80 8 6 1
-80 8 3 1
-83 3 15 0
-84 5 15 0
-87 6 14 1
-87 6 15 1
-87 6 16 1
-86 6 14 1
-86 6 15 1
-86 6 16 1
-85 6 14 1
-85 6 15 1
-85 6 16 1
-82 4 14 0
-82 4 15 0
-83 5 14 0
-83 5 15 0
-84 6 14 0
-84 6 13 0
-84 4 15 0
-84 4 16 0
-53 20 9 1
-53 21 9 1
-56 12 3 1
-56 12 4 1
-56 12 5 1
-56 13 3 1
-56 13 4 1
-56 13 5 1
-56 14 3 1
-64 2 5 0
-74 5 9 0
-73 4 8 0
-60 10 5 0
-73 5 8 0
-73 5 9 0
-59 11 4 1
-68 2 7 2
-68 2 8 1
-71 4 6 0
-71 5 6 0
-71 4 7 0
-71 2 6 1
-95 1 16 1
-96 3 16 1
-96 2 16 1
-96 1 16 1
-97 3 16 1
-97 2 16 1
-97 1 16 1
-92 0 15 1
-93 0 15 1
-94 0 15 1
-96 0 13 0
-95 0 13 0
-97 3 14 1
-97 2 14 1
-97 1 14 1
-96 3 14 1
-96 2 14 2
-96 1 14 1
-93 3 14 1
-93 2 14 1
-93 1 14 1
-94 3 14 1
-94 2 14 2
-94 1 14 1
-95 3 14 1
-95 2 14 2
-95 1 14 1
-92 0 14 1
-93 0 14 1
-94 0 14 1
-94 0 13 1
-78 2 2 2
-78 1 2 2
-78 0 2 2
-79 0 2 2
-81 3 -1 1
-81 2 0 1
-81 2 -1 1
-82 3 -1 1
-82 2 0 1
-74 11 4 0
-74 12 4 0
-75 10 5 0
-75 10 4 0
-74 9 5 0
-74 9 4 0
-73 10 3 0
-79 3 2 1
-79 2 2 1
-79 1 2 1
-80 4 2 1
-85 3 3 1
-51 0 11 0
-51 1 12 0
-51 0 10 0
-85 5 2 2
-85 4 3 1
-85 4 2 1
-86 6 2 1
-86 5 2 2
-86 4 2 2
-80 4 1 1
-80 4 0 2
-80 4 -1 1
-81 4 1 2
-81 4 0 2
-81 4 -1 1
-82 4 1 2
-82 4 0 1
-82 4 -1 1
-79 10 3 0
-81 15 1 1
-81 15 0 1
-81 15 -1 1
-82 15 1 1
-82 15 0 2
-82 15 -1 1
-83 15 0 1
-83 15 -1 1
-81 15 2 0
-82 14 2 1
-81 13 5 2
-81 13 4 2
-81 13 3 1
-82 13 5 1
-82 13 4 1
-82 13 3 1
-83 13 5 1
-83 13 4 2
-83 13 3 2
-84 14 5 1
-80 16 2 0
-82 17 2 0
-81 16 1 1
-81 16 0 2
-81 16 -1 1
-82 16 1 1
-82 16 0 2
-82 16 -1 1
-83 16 0 1
-83 16 -1 1
-79 14 5 1
-79 14 4 1
-79 14 3 1
-80 14 5 1
-80 14 4 2
-80 14 3 1
-82 15 2 1
-81 14 5 1
-81 14 4 2
-81 14 3 1
-82 14 5 1
-77 41 5 0
-77 41 3 0
-78 40 3 0
-79 39 3 0
-76 11 4 0
-75 11 5 0
-76 11 5 0
-74 11 1 2
-75 10 0 1
-75 10 1 1
-75 10 2 1
-75 11 0 1
-75 11 1 1
-75 11 2 1
-75 12 0 1
-75 12 1 1
-75 12 2 1
-74 10 0 1
-74 10 1 1
-57 33 4 2
-57 33 1 1
-56 33 1 1
-83 17 1 1
-83 17 0 1
-83 17 -1 1
-81 16 2 0
-79 17 5 1
-79 17 4 1
-79 17 3 1
-79 16 5 2
-79 16 4 2
-79 16 3 1
-79 15 5 2
-79 15 4 2
-79 15 3 1
-80 15 5 1
-80 15 4 2
-80 15 3 1
-82 16 2 0
-81 15 5 1
-81 15 4 2
-81 15 3 1
-84 15 1 1
-84 14 1 1
-85 15 1 1
-85 14 1 1
-67 13 3 0
-56 4 11 0
-56 5 10 0
-56 5 11 0
-55 4 10 0
-55 4 11 0
-55 5 10 0
-55 5 11 0
-56 1 10 0
-55 1 10 0
-60 10 6 1
-60 11 6 1
-60 11 7 1
-59 10 6 1
-59 10 7 1
-59 11 6 1
-59 11 7 2
-61 11 6 1
-62 2 5 0
-97 46 7 0
-98 47 8 0
-98 47 4 1
-94 14 3 1
-93 14 3 1
-92 14 3 1
-96 7 3 1
-96 7 4 1
-96 8 3 1
-96 9 3 2
-95 7 3 1
-95 7 4 2
-95 8 3 1
-95 9 3 1
-94 7 3 2
-94 7 4 2
-94 8 3 2
-100 49 7 0
-100 49 6 0
-100 48 7 0
-100 48 6 0
-100 46 7 0
-100 46 6 0
-100 48 8 0
-100 48 9 0
-100 48 3 2
-100 47 2 1
-100 47 3 1
-51 15 10 0
-100 48 2 1
-100 48 4 1
-100 49 2 1
-100 49 3 1
-100 49 4 1
-99 47 2 1
-99 47 3 1
-99 47 4 1
-99 48 2 1
-99 48 3 1
-99 48 4 2
-99 49 2 1
-87 42 5 0
-99 49 4 1
-86 42 4 0
-86 43 6 0
-88 43 5 0
-88 44 5 0
-88 43 6 0
-88 43 4 0
-89 43 5 0
-89 43 6 0
-89 43 4 0
-89 42 5 0
-90 42 5 0
-89 42 6 0
-90 42 4 0
-89 40 5 0
-89 40 6 0
-61 3 4 1
-61 3 5 1
-88 40 6 0
-88 40 4 0
-86 40 4 0
-88 42 7 0
-88 42 3 0
-100 49 8 0
-100 46 8 0
-60 3 3 1
-60 26 3 1
-87 43 5 0
-87 43 6 0
-87 43 4 0
-88 44 6 0
-88 44 4 0
-89 44 5 0
-88 4 12 2
-89 44 6 0
-86 2 12 1
-88 3 13 2
-88 4 13 2
-88 5 11 1
-88 5 12 1
-88 5 13 1
-91 43 5 0
-55 1 3 1
-91 43 4 0
-90 41 5 0
-89 0 11 1
-90 41 6 0
-89 1 10 1
-89 1 11 1
-89 1 12 1
-89 41 4 0
-88 0 12 2
-89 43 3 0
-87 0 12 2
-87 1 12 1
-88 0 13 2
-88 1 13 1
-87 0 13 2
-87 1 13 1
-86 0 13 2
-86 1 13 1
-89 0 9 1
-89 1 9 1
-85 0 13 1
-85 1 13 2
-86 2 13 1
-89 45 6 0
-90 45 5 0
-90 46 5 0
-75 2 7 0
-76 3 8 0
-63 17 9 2
-78 3 9 0
-81 3 10 0
-91 11 9 0
-60 19 8 1
-60 18 8 1
-90 9 5 1
-72 4 8 0
-72 4 9 0
-72 5 8 0
-72 5 9 0
-71 4 8 0
-71 4 9 0
-71 5 8 0
-71 5 9 0
-60 19 7 2
-64 19 8 1
-64 19 7 1
-63 24 10 1
-73 3 6 1
-72 3 6 0
-73 3 7 0
-73 4 6 0
-74 4 7 0
-73 4 7 0
-74 5 6 0
-74 5 7 0
-74 1 6 1
-74 2 7 0
-74 1 7 0
-73 2 6 1
-73 2 7 0
-74 3 8 0
-74 3 5 1
-74 3 4 1
-63 23 10 1
-63 22 10 1
-91 7 9 1
-91 7 8 1
-91 1 -1 1
-91 2 -1 1
-91 2 0 1
-90 0 -1 1
-90 0 0 1
-90 1 -1 1
-90 1 0 2
-90 2 -1 1
-90 2 0 1
-53 31 7 1
-53 31 8 1
-53 31 9 1
-62 22 9 1
-52 31 7 1
-52 31 8 1
-52 31 9 1
-57 26 7 2
-60 22 9 1
-57 26 8 1
-65 23 10 1
-57 27 7 1
-57 27 8 2
-57 27 9 1
-57 28 7 1
-57 28 8 1
-57 28 9 1
-55 27 6 1
-54 23 8 1
-53 23 8 1
-53 24 8 2
-60 18 7 2
-52 23 7 2
-52 23 8 1
-52 24 7 1
-59 18 8 1
-52 25 8 1
-59 19 8 1
-63 21 9 1
-53 21 10 1
-53 21 11 1
-52 21 9 2
-52 21 10 1
-52 21 11 1
-51 21 9 1
-51 21 10 1
-51 21 11 1
-53 21 12 1
-53 21 13 1
-52 21 12 1
-52 21 13 1
-51 21 12 1
-51 21 13 1
-56 28 6 0
-56 27 6 1
-57 24 8 1
-57 25 8 2
-57 26 6 2
-57 24 9 1
-57 25 9 1
-56 24 9 2
-56 25 9 2
-60 19 9 1
-62 19 10 1
-62 20 10 1
-62 21 10 1
-61 19 10 1
-61 20 10 1
-61 21 10 1
-60 19 10 1
-60 20 10 1
-60 21 10 1
-65 21 9 1
-64 21 9 1
-64 20 8 0
-64 20 9 0
-64 19 9 1
-63 18 10 1
-86 15 1 1
-86 14 1 1
-85 15 5 1
-84 15 2 2
-84 14 4 1
-84 14 3 1
-84 14 2 1
-85 15 4 1
-85 15 2 2
-85 14 4 1
-85 14 3 1
-85 14 2 1
-86 15 4 1
-86 15 3 1
-86 15 2 1
-86 14 4 1
-82 31 7 0
-83 31 7 1
-83 30 7 1
-83 32 6 1
-87 17 4 1
-87 17 3 1
-87 17 2 1
-80 18 2 0
-81 17 2 0
-80 18 5 1
-80 18 4 1
-80 18 3 1
-80 17 5 2
-80 17 4 1
-80 17 3 1
-80 16 5 1
-80 16 4 2
-80 16 3 1
-81 16 5 1
-81 16 4 2
-81 16 3 1
-82 15 5 1
-82 15 4 2
-82 15 3 1
-83 15 5 1
-83 15 4 2
-83 15 3 1
-84 15 5 1
-84 15 4 2
-84 15 3 2
-85 16 5 1
-82 18 1 1
-82 18 0 2
-82 18 -1 1
-83 18 1 1
-83 18 0 2
-83 18 -1 1
-84 18 0 1
-84 18 -1 1
-81 18 2 0
-83 17 2 0
-84 16 1 1
-85 16 1 1
-86 16 1 1
-84 16 2 1
-85 16 4 1
-85 16 3 2
-85 16 2 2
-86 16 4 1
-86 16 3 1
-86 16 2 1
-87 18 1 1
-87 18 4 1
-87 18 3 1
-77 1 2 1
-83 18 2 1
-82 16 5 1
-82 16 4 2
-82 16 3 1
-83 16 5 1
-83 16 4 2
-83 16 3 1
-84 16 5 1
-84 16 4 2
-84 16 3 1
-87 21 5 1
-86 20 1 1
-86 19 2 2
-86 19 1 1
-87 21 3 1
-87 21 2 1
-87 21 1 1
-87 20 3 1
-87 20 2 1
-87 20 1 1
-87 19 3 1
-87 19 2 1
-87 19 1 1
-86 20 2 2
-86 19 5 1
-86 19 4 2
-86 19 3 2
-86 22 5 1
-86 22 4 1
-86 22 3 2
-86 21 5 1
-86 21 4 1
-86 21 3 2
-86 20 5 1
-86 20 4 2
-86 20 3 2
-82 22 2 0
-84 19 2 1
-84 22 2 1
-83 19 2 1
-83 24 5 2
-83 24 4 1
-83 24 3 1
-84 24 5 2
-84 24 4 2
-84 24 3 1
-84 23 3 1
-85 24 5 1
-85 24 4 2
-85 24 3 1
-85 23 3 1
-82 20 6 1
-82 20 5 1
-82 19 6 1
-82 19 5 1
-82 19 4 1
-82 18 6 1
-82 18 5 1
-82 18 4 2
-83 20 6 1
-83 19 6 1
-83 19 4 2
-83 19 5 2
-81 21 1 1
-81 21 2 0
-80 20 2 0
-81 20 2 0
-81 19 3 1
-82 20 2 1
-83 21 2 1
-83 20 5 1
-83 20 4 1
-83 20 3 1
-84 22 3 1
-84 21 3 1
-84 20 5 1
-84 20 4 2
-84 20 3 1
-85 22 3 2
-85 21 3 2
-85 20 5 1
-85 20 4 2
-85 20 3 2
-83 21 3 1
-82 23 2 0
-81 23 2 0
-80 23 2 0
-79 21 2 0
-82 20 4 1
-79 20 3 0
-82 20 3 1
-81 22 1 1
-81 22 2 0
-81 20 4 0
-81 20 3 0
-85 23 6 1
-85 23 5 1
-85 23 4 1
-85 22 6 1
-85 22 5 1
-85 22 4 2
-85 21 6 1
-85 21 5 1
-85 21 4 2
-83 22 3 1
-82 23 3 0
-91 3 7 2
-55 8 9 0
-98 2 2 2
-81 6 13 0
-86 2 2 0
-96 15 8 1
-95 15 7 1
-95 16 7 2
-95 16 8 2
-67 6 11 0
-99 17 7 2
-56 13 10 2
-57 12 9 2
-57 12 10 2
-57 12 11 2
-57 13 9 1
-57 13 10 1
-57 13 11 1
-57 14 10 1
-57 14 11 1
-56 12 9 1
-56 12 10 1
-56 12 11 1
-56 13 9 1
-56 13 11 1
-56 14 9 1
-56 14 10 2
-85 12 7 1
-85 13 5 1
-85 13 6 1
-85 13 7 1
-87 11 8 1
-87 12 8 1
-87 13 8 1
-86 11 8 2
-86 12 8 1
-86 13 8 1
-85 11 8 1
-85 12 8 1
-85 13 8 1
-89 6 6 2
-90 5 5 1
-90 5 6 1
-90 5 7 1
-90 6 5 1
-90 6 6 1
-90 6 7 1
-89 5 6 1
-100 16 8 1
-99 17 8 2
-80 22 2 0
-88 11 3 0
-89 11 0 1
-89 11 1 1
-89 11 2 1
-89 12 0 1
-100 2 9 0
-60 14 10 1
-100 2 8 0
-81 21 3 0
-89 13 1 2
-89 13 2 2
-88 13 0 1
-88 13 1 1
-88 13 2 1
-87 13 0 1
-87 13 1 1
-87 13 2 1
-89 9 2 1
-90 9 2 1
-91 6 1 1
-79 22 3 0
-91 6 2 1
-91 6 3 1
-91 7 1 1
-91 7 2 1
-91 7 3 1
-91 8 1 2
-91 8 2 2
-91 6 4 1
-91 6 0 1
-91 7 0 1
-83 7 0 1
-83 7 1 1
-81 1 0 1
-79 5 -1 1
-89 9 1 1
-89 10 -1 1
-89 10 0 2
-89 10 1 1
-88 10 -1 1
-87 10 -1 1
-79 24 4 0
-79 15 2 0
-79 15 1 0
-77 22 3 0
-77 22 6 0
-77 20 5 0
-77 20 4 0
-78 21 5 0
-78 21 4 0
-79 22 5 0
-79 22 4 0
-78 23 5 0
-78 24 4 0
-78 23 4 0
-77 24 5 0
-80 15 1 1
-76 22 3 0
-76 22 6 0
-76 20 5 0
-76 20 4 0
-77 21 5 0
-78 22 5 0
-78 22 4 0
-76 4 2 1
-76 24 5 0
-76 24 4 0
-75 22 2 0
-75 22 3 0
-75 22 6 0
-75 20 5 0
-75 20 4 0
-76 21 5 0
-77 21 4 0
-76 21 4 0
-77 22 5 0
-77 22 4 0
-77 23 4 0
-76 23 5 0
-77 24 4 0
-76 23 4 0
-75 24 5 0
-75 24 4 0
-74 22 2 0
-74 22 3 0
-74 22 6 0
-74 20 5 0
-74 20 4 0
-75 21 5 0
-75 21 4 0
-76 22 5 0
-76 22 4 0
-75 23 5 0
-84 1 1 1
-79 18 3 0
-84 2 1 1
-83 1 1 1
-82 1 0 1
-80 16 -1 1
-80 16 0 1
-80 16 1 1
-80 17 -1 1
-75 22 4 0
-80 17 0 1
-80 17 1 1
-73 24 5 0
-73 24 4 0
-72 22 2 0
-72 22 3 0
-77 1 1 1
-73 20 5 0
-74 22 5 0
-74 22 4 0
-73 23 5 0
-73 22 5 0
-73 22 4 0
-86 13 0 1
-86 13 1 1
-86 13 2 1
-90 12 1 1
-90 12 2 1
-90 13 1 2
-90 13 2 2
-90 14 1 1
-69 17 5 0
-90 14 2 1
-90 14 3 1
-89 13 3 1
-89 14 1 1
-89 14 2 1
-89 14 3 1
-88 12 3 1
-88 13 3 1
-88 14 1 1
-88 14 2 1
-88 14 3 1
-90 12 0 1
-90 13 0 1
-90 14 0 1
-89 14 0 1
-88 14 0 1
-90 11 2 1
-90 10 2 1
-92 7 1 1
-61 4 3 0
-92 8 1 1
-92 9 1 2
-91 9 1 1
-79 3 1 1
-92 7 0 1
-78 3 1 2
-92 9 0 1
-91 9 0 1
-79 4 1 1
-90 9 -1 1
-90 10 -1 1
-90 10 0 1
-55 4 1 1
-55 3 1 2
-56 4 1 1
-56 3 1 2
-57 4 1 2
-57 3 1 1
-57 24 2 1
-92 3 7 1
-91 2 7 1
-51 7 7 1
-54 24 9 1
-56 23 10 1
-83 38 4 0
-59 24 7 1
-86 38 3 0
-86 37 4 0
-86 37 5 0
-86 37 3 0
-84 35 5 0
-88 3 3 1
-90 4 16 1
-57 6 4 2
-89 4 16 1
-57 6 3 1
-73 7 6 0
-66 4 9 0
-59 13 4 1
-96 1 5 1
-96 1 4 1
-77 5 10 0
-77 5 13 0
-56 28 4 1
-56 8 18 0
-83 4 9 0
-84 4 9 0
-85 4 9 1
-86 2 9 1
-90 0 6 1
-68 11 8 1
-56 0 14 0
-56 0 15 0
-54 6 9 1
-55 2 7 0
-95 0 2 1
-91 13 7 1
-66 1 8 1
-83 37 5 0
-85 39 3 0
-79 23 3 0
-79 24 3 0
-80 23 3 0
-81 23 4 0
-81 23 3 0
-82 22 3 0
-80 21 3 0
-79 21 3 0
-84 2 6 1
-84 1 6 2
-84 0 6 2
-85 2 6 1
-84 1 5 2
-84 1 4 2
-84 1 3 1
-84 0 5 2
-93 1 2 1
-67 2 5 0
-66 1 7 1
-66 0 6 0
-71 2 4 0
-70 3 5 0
-97 15 7 2
-70 3 4 0
-71 4 3 0
-99 21 7 1
-99 3 1 1
-98 2 1 1
-98 3 1 1
-63 12 8 1
-99 20 7 1
-99 19 7 2
-92 7 3 1
-92 7 2 1
-63 13 8 1
-67 13 9 0
-67 13 8 1
-99 19 4 1
-87 1 2 0
-85 1 6 2
-85 0 6 1
-54 14 7 2
-85 1 3 1
-85 0 5 2
-85 0 4 2
-85 0 3 1
-87 39 4 0
-86 39 3 0
-87 38 4 0
-87 38 3 0
-87 36 4 0
-85 36 5 0
-85 38 3 0
-85 38 2 0
-86 3 3 1
-87 5 5 2
-87 5 4 1
-87 5 3 1
-87 4 3 1
-87 3 3 1
-88 5 5 1
-88 5 4 1
-59 27 5 1
-59 27 6 1
-59 28 5 1
-59 28 6 1
-59 29 5 1
-55 9 3 1
-55 9 4 2
-55 9 5 1
-61 13 8 1
-61 12 8 1
-99 2 8 1
-94 15 5 1
-53 1 8 0
-54 3 6 1
-83 6 12 0
-86 40 3 0
-82 24 4 1
-82 24 3 0
-82 21 3 0
-53 8 11 1
-87 37 5 0
-86 38 2 0
-51 9 11 1
-51 8 11 1
-51 7 11 1
-51 7 10 1
-52 9 11 1
-52 8 11 1
-52 7 11 2
-53 25 10 0
-53 25 9 1
-54 24 10 1
-55 0 2 0
-56 22 10 1
-56 0 2 0
-58 0 2 0
-56 23 8 1
-56 22 9 1
-56 22 8 1
-56 22 7 1
-82 6 12 0
-82 6 14 0
-51 3 3 1
-81 5 13 0
-55 26 10 1
-80 4 13 0
-55 25 10 1
-83 2 11 0
-51 2 5 0
-99 3 7 1
-86 39 2 0
-89 10 8 0
-87 8 5 1
-87 8 7 0
-98 1 3 1
-88 7 4 1
-98 0 3 1
-89 6 4 1
-52 24 9 1
-55 22 10 1
-55 22 7 1
-98 0 5 1
-98 0 4 1
-99 0 4 1
-57 10 12 0
-58 11 13 0
-95 0 8 1
-95 1 7 2
-95 2 7 1
-93 1 7 2
-93 2 7 1
-58 10 6 1
-80 22 1 0
-57 0 2 0
-57 1 2 0
-92 2 7 1
-57 13 8 1
-57 24 3 1
-61 0 2 1
-63 20 5 1
-99 14 8 1
-97 1 7 1
-97 2 7 1
-97 3 7 1
-96 2 7 1
-96 3 7 1
-95 3 7 1
-99 14 7 1
-99 14 6 1
-99 1 10 1
-93 14 9 1
-94 14 9 1
-95 14 9 1
-93 16 8 1
-93 16 7 1
-93 16 6 1
-93 15 8 2
-53 25 8 1
-93 14 8 2
-76 4 9 0
-76 5 9 0
-75 4 8 0
-75 4 9 0
-75 5 8 0
-98 0 7 0
-98 0 8 0
-60 20 9 1
-66 15 9 1
-65 13 7 2
-65 13 8 2
-65 13 9 1
-65 14 7 2
-65 14 9 1
-65 15 7 1
-64 13 7 2
-64 13 8 2
-64 13 9 1
-62 0 4 1
-63 37 4 1
-57 4 14 0
-57 4 15 0
-59 0 8 1
-57 5 15 0
-54 8 8 0
-59 0 9 0
-59 0 7 1
-51 14 6 1
-63 1 7 0
-81 5 14 0
-81 3 14 0
-53 18 13 1
-53 18 12 1
-53 17 13 1
-67 6 8 1
-64 22 10 1
-65 24 10 1
-68 6 4 0
-68 6 6 1
-59 30 2 1
-62 1 5 1
-100 0 10 0
-99 0 10 0
-55 0 7 0
-60 4 8 0
-61 3 8 0
-62 2 7 0
-92 4 7 1
-60 2 7 0
-60 1 7 0
-91 4 7 1
-60 3 9 0
-55 0 9 0
-60 29 8 1
-86 12 9 1
-59 28 7 1
-85 12 9 1
-59 29 7 1
-59 29 8 1
-89 0 7 1
-90 2 7 1
-90 1 7 1
-90 0 7 1
-86 1 3 1
-86 0 3 1
-88 0 3 1
-87 0 3 1
-89 1 6 2
-97 0 0 2
-87 2 3 1
-86 3 6 2
-92 44 4 0
-97 0 -1 1
-97 0 1 1
-97 1 -1 1
-97 1 0 1
-97 1 1 1
-94 4 3 1
-60 17 9 1
-63 20 12 0
-96 0 -1 1
-96 0 0 2
-96 0 1 1
-96 1 -1 1
-96 1 0 1
-96 1 1 1
-99 17 6 2
-99 17 5 2
-99 16 7 2
-88 2 6 1
-87 0 4 2
-87 0 5 2
-87 0 6 1
-87 1 4 1
-87 1 6 1
-87 2 4 1
-87 2 5 2
-87 2 6 1
-86 0 4 2
-86 0 5 2
-86 0 6 2
-86 1 4 1
-86 1 5 2
-86 1 6 2
-86 2 4 1
-86 2 5 1
-86 2 6 2
-88 1 3 1
-88 3 5 2
-89 2 5 1
-89 2 6 1
-89 3 5 2
-89 3 6 1
-89 4 5 1
-89 4 6 1
-88 3 6 1
-88 4 5 1
-88 4 6 1
-87 3 4 2
-87 3 5 2
-87 3 6 1
-87 4 4 2
-87 4 5 2
-87 4 6 1
-91 2 6 1
-91 3 6 1
-91 4 6 1
-90 2 6 1
-57 24 1 1
-60 9 5 0
-96 2 3 2
-65 5 4 0
-61 12 4 1
-73 4 9 0
-63 9 6 0
-63 11 6 0
-62 4 9 0
-64 8 6 0
-60 4 10 0
-71 9 7 0
-71 10 6 0
-71 9 6 0
-69 9 7 1
-70 8 7 0
-73 8 7 0
-86 10 11 1
-86 10 10 1
-62 0 5 1
-92 43 4 0
-88 10 11 1
-88 10 10 1
-88 10 9 1
-86 11 11 1
-86 11 10 1
-87 13 11 1
-87 13 10 1
-87 11 11 1
-87 11 10 2
-88 13 11 1
-88 13 10 1
-89 11 9 0
-87 14 4 1
-87 13 4 1
-87 12 4 1
-88 14 4 1
-88 13 4 1
-88 12 4 1
-98 13 9 1
-89 13 4 1
-52 4 10 1
-53 4 10 1
-68 16 6 0
-87 5 10 1
-63 29 5 1
-61 31 9 1
-66 7 5 0
-66 8 5 0
-67 7 4 0
-67 7 6 1
-67 7 5 0
-68 7 4 0
-68 7 6 1
-69 7 5 0
-68 8 5 0
-69 9 6 1
-68 10 4 0
-65 9 4 1
-65 9 5 1
-51 14 10 0
-81 5 7 0
-91 0 1 1
-81 6 6 0
-56 2 3 1
-54 4 4 2
-54 4 3 1
-66 8 6 1
-54 38 4 1
-53 37 3 1
-53 36 4 1
-53 36 5 0
-53 36 3 1
-51 35 5 1
-51 35 3 1
-57 6 8 1
-67 10 3 1
-66 9 4 1
-66 9 5 1
-67 8 4 0
-67 8 6 1
-67 8 5 0
-69 9 4 0
-68 9 6 1
-69 9 5 0
-68 9 5 0
-69 10 6 0
-68 10 5 0
-65 10 4 1
-65 10 5 1
-54 2 15 0
-81 4 8 0
-51 3 5 1
-51 3 4 1
-52 4 4 1
-51 4 4 1
-51 5 4 2
-63 19 5 1
-63 19 4 1
-92 44 6 0
-76 3 10 0
-57 11 17 0
-92 42 6 0
-89 42 4 0
-90 44 7 0
-86 1 15 1
-51 11 9 1
-53 3 3 1
-64 20 7 1
-52 1 10 0
-69 6 12 0
-55 4 5 1
-74 5 10 0
-52 21 8 2
-68 5 4 0
-67 4 4 0
-79 1 8 1
-79 0 9 1
-80 1 9 1
-80 1 8 1
-60 16 11 1
-89 3 3 2
-89 3 4 2
-89 4 2 1
-71 2 5 0
-89 4 3 1
-95 3 1 1
-94 1 1 1
-94 2 1 1
-94 3 1 1
-94 0 2 1
-91 3 3 2
-92 4 2 1
-92 4 3 1
-92 4 4 1
-82 5 15 0
-91 4 4 1
-52 9 5 1
-89 10 6 0
-89 10 7 0
-88 13 6 2
-82 2 5 0
-89 12 5 1
-88 12 5 1
-88 12 6 2
-88 12 7 2
-88 13 5 2
-88 13 7 2
-88 14 5 1
-88 14 6 1
-88 14 7 1
-87 12 5 1
-51 17 5 2
-51 17 6 2
-51 17 7 2
-87 13 5 1
-87 13 6 1
-87 13 7 1
-95 47 6 0
-95 47 4 0
-95 45 5 0
-51 17 8 1
-95 45 4 0
-95 44 5 0
-51 17 4 2
-95 44 4 0
-93 44 5 0
-93 44 6 0
-93 44 4 0
-93 45 7 0
-93 45 4 0
-93 45 3 0
-55 28 5 1
-55 28 4 1
-94 11 4 1
-56 5 4 2
-56 5 3 1
-56 4 4 2
-56 4 3 2
-56 3 4 2
-56 3 3 1
-57 5 3 1
-57 4 3 1
-65 38 5 1
-66 38 7 1
-66 38 6 1
-66 38 5 2
-66 19 10 0
-65 19 10 0
-64 21 11 0
-66 0 7 0
-87 40 5 0
-86 40 5 0
-58 4 11 0
-57 3 11 0
-94 47 6 0
-94 48 6 0
-94 48 5 0
-95 48 5 0
-95 48 6 0
-96 47 5 0
-55 3 8 0
-96 48 5 0
-96 47 6 0
-96 48 6 0
-96 46 5 0
-97 46 5 0
-93 1 1 1
-96 46 6 0
-97 46 6 0
-96 45 5 0
-96 45 6 0
-95 46 6 0
-95 46 7 0
-95 46 4 0
-95 46 3 0
-95 46 5 0
-59 32 3 1
-58 32 1 1
-62 4 7 0
-82 0 10 0
-78 3 8 0
-54 0 12 0
-54 0 13 0
-54 1 12 0
-95 44 6 0
-70 6 3 0
-58 28 5 0
-58 7 5 1
-60 6 5 0
-60 4 6 1
-59 5 5 1
-58 5 10 0
-58 5 11 0
-58 5 9 0
-57 4 11 0
-56 5 12 0
-95 0 0 2
-95 0 1 1
-95 1 -1 1
-95 1 0 1
-95 1 1 1
-91 1 4 1
-100 0 9 0
-57 3 16 0
-57 27 2 2
-76 7 12 0
-100 0 2 0
-86 41 7 0
-86 39 4 0
-88 39 4 0
-85 2 12 1
-86 1 12 1
-88 39 6 0
-85 3 8 1
-85 2 8 1
-54 4 10 0
-54 4 11 0
-52 2 9 0
-90 44 5 0
-90 43 6 0
-90 44 6 0
-64 7 5 0
-58 4 7 1
-55 30 5 1
-57 8 3 1
-57 8 4 1
-57 8 5 1
-56 6 3 1
-56 7 3 1
-56 7 5 2
-56 8 3 1
-96 0 3 1
-95 0 3 1
-95 0 5 2
-55 6 4 2
-52 11 4 1
-55 32 2 1
-96 0 4 1
-96 0 5 1
-96 0 6 1
-56 30 3 1
-56 30 2 2
-59 14 7 1
-95 0 4 2
-95 0 6 1
-95 1 4 1
-95 1 5 1
-95 1 6 1
-98 0 9 0
-86 3 4 1
-89 2 0 1
-94 0 4 1
-94 0 5 2
-94 0 6 1
-94 1 4 1
-94 1 5 1
-89 4 4 1
-90 1 4 1
-90 1 5 1
-90 2 5 1
-90 3 5 2
-90 2 1 1
-55 0 3 1
-79 4 11 0
-79 4 10 0
-81 1 1 1
-80 5 10 0
-80 4 11 0
-90 0 5 2
-92 0 -1 1
-92 0 0 1
-92 1 -1 1
-77 3 10 0
-92 1 0 1
-92 1 1 1
-88 40 5 0
-80 14 7 1
-74 7 6 0
-79 14 7 1
-78 14 7 1
-68 12 8 1
-81 2 11 0
-81 2 10 0
-82 3 11 0
-82 2 11 0
-81 5 8 0
-77 6 5 1
-77 6 4 1
-83 11 6 1
-75 6 6 0
-56 8 4 2
-56 8 5 1
-55 6 3 1
-55 24 5 1
-51 25 7 0
-92 3 11 2
-56 31 2 2
-56 31 1 1
-100 0 3 0
-54 10 14 0
-52 7 8 2
-52 0 12 0
-52 0 13 0
-56 10 14 0
-77 6 3 1
-79 8 6 1
-89 2 -1 1
-89 1 0 1
-89 1 -1 1
-89 0 0 1
-74 5 8 0
-73 1 5 1
-89 0 -1 1
-73 1 4 1
-74 1 5 1
-74 1 4 1
-75 2 5 1
-75 2 4 1
-75 1 6 1
-75 1 5 1
-90 1 6 1
-78 18 6 0
-88 1 2 1
-78 18 3 0
-78 18 2 0
-93 47 6 0
-93 47 4 0
-94 46 5 0
-95 47 5 0
-94 46 6 0
-62 32 8 1
-62 33 6 2
-62 33 7 2
-62 33 8 1
-62 34 6 2
-62 34 7 2
-62 34 8 1
-57 12 6 1
-61 29 6 2
-61 29 5 2
-61 28 6 1
-61 28 5 1
-61 27 6 2
-61 27 5 2
-52 28 6 2
-53 27 6 1
-53 27 7 1
-53 28 6 2
-53 28 7 2
-53 29 6 2
-53 29 7 2
-52 27 6 1
-52 27 7 1
-52 28 7 2
-52 29 6 1
-52 29 7 2
-54 27 4 1
-54 27 5 1
-56 24 6 2
-56 24 7 1
-56 25 6 2
-56 25 7 2
-56 26 6 1
-56 26 7 2
-93 1 3 1
-93 1 4 1
-93 2 2 2
-93 2 3 2
-95 4 7 1
-93 3 2 2
-93 3 3 1
-93 3 4 2
-99 2 1 1
-65 12 10 0
-63 12 9 1
-64 12 10 0
-97 2 1 1
-97 3 1 1
-58 11 10 1
-58 11 11 1
-57 10 10 0
-57 10 11 0
-57 11 10 1
-57 11 11 1
-65 11 9 1
-52 26 6 1
-51 26 6 1
-65 13 10 0
-65 13 11 0
-51 29 2 1
-65 6 3 0
-54 28 3 1
-54 28 4 1
-54 28 5 1
-54 29 3 2
-54 29 4 2
-54 29 5 2
-66 11 9 1
-66 11 8 2
-67 10 7 2
-53 30 3 1
-67 10 8 1
-53 30 5 1
-52 30 3 1
-52 30 4 1
-52 30 5 1
-54 28 2 1
-54 29 2 2
-54 30 2 2
-53 28 2 2
-66 10 8 2
-66 10 9 1
-66 11 7 2
-65 10 7 2
-65 10 8 1
-65 10 9 1
-65 11 7 2
-63 11 9 0
-63 11 8 0
-55 24 2 2
-55 25 2 2
-54 23 2 2
-54 24 2 2
-54 25 2 1
-54 25 1 1
-54 26 1 1
-54 26 2 2
-54 27 1 1
-62 12 9 0
-62 12 8 1
-63 13 7 1
-67 9 7 2
-52 27 1 1
-67 9 9 1
-66 9 7 2
-66 9 8 2
-66 9 9 1
-65 9 7 1
-65 9 8 1
-65 9 9 1
-64 11 9 1
-64 10 9 1
-64 11 8 1
-64 10 8 1
-64 12 11 0
-54 27 2 2
-55 23 2 1
-56 25 2 2
-56 23 4 1
-52 30 2 1
-66 1 5 0
-66 3 4 0
-66 3 3 0
-63 18 6 2
-62 26 2 1
-62 26 3 2
-62 26 4 2
-82 3 10 0
-81 1 10 0
-71 1 6 1
-62 15 7 1
-62 15 8 2
-61 15 7 1
-61 15 8 1
-61 16 7 1
-61 16 8 1
-67 18 8 0
-67 16 8 0
-67 16 9 0
-67 15 8 0
-66 16 7 1
-63 14 7 1
-63 14 8 1
-63 14 9 1
-65 16 6 1
-74 4 8 0
-65 3 4 0
-70 2 8 1
-70 2 7 2
-70 2 6 1
-51 19 5 1
-51 19 6 2
-51 19 7 2
-97 1 3 2
-98 3 5 1
-98 3 4 1
-97 1 5 1
-51 19 8 1
-97 2 5 2
-97 3 3 1
-51 19 4 1
-74 4 4 1
-62 14 7 2
-62 14 8 1
-62 14 9 1
-61 14 7 1
-61 14 8 1
-61 14 9 1
-63 14 10 1
-63 14 11 1
-62 14 10 1
-62 14 11 1
-53 17 7 1
-61 14 11 1
-65 15 6 1
-53 18 7 1
-53 18 8 2
-52 16 8 1
-51 16 8 1
-53 16 5 1
-53 17 5 1
-53 18 5 1
-80 7 5 1
-80 7 6 1
-79 5 4 2
-79 5 5 1
-79 6 4 2
-66 12 7 2
-79 7 4 2
-79 7 5 2
-79 7 6 1
-78 5 4 1
-51 21 2 1
-78 5 5 1
-78 5 6 1
-78 6 4 1
-78 6 5 2
-78 6 6 1
-78 7 4 2
-78 7 5 2
-78 7 6 1
-77 5 5 1
-77 5 4 1
-69 3 9 1
-80 6 13 0
-70 3 9 1
-70 2 9 1
-64 7 6 0
-51 6 9 1
-53 6 10 2
-53 6 11 1
-52 6 10 2
-52 6 11 2
-89 11 7 1
-89 11 6 1
-90 8 6 2
-90 8 7 2
-90 8 8 2
-90 9 6 1
-90 9 7 1
-90 9 8 1
-90 10 8 1
-92 7 7 1
-92 7 8 1
-92 7 9 1
-51 18 5 2
-51 18 6 2
-76 11 8 0
-75 11 7 0
-75 11 6 0
-76 11 7 0
-77 9 4 0
-81 0 6 1
-78 9 10 0
-78 7 9 0
-79 7 9 0
-79 7 8 0
-80 9 8 0
-79 10 9 0
-79 10 8 0
-78 11 9 0
-78 11 8 0
-51 3 11 1
-51 4 11 1
-77 8 9 0
-77 10 9 0
-77 9 10 0
-76 8 9 0
-77 7 9 0
-78 8 9 0
-53 4 11 0
-79 9 9 0
-78 10 9 0
-58 10 3 1
-58 11 2 1
-58 11 3 1
-58 12 2 1
-58 12 3 1
-58 9 2 1
-80 5 7 0
-78 5 8 0
-80 6 7 0
-91 0 13 1
-68 4 5 0
-91 1 13 1
-51 15 11 0
-63 24 8 1
-94 8 2 1
-94 9 2 1
-93 8 2 1
-93 8 3 2
-93 9 2 1
-93 9 3 1
-70 1 5 1
-96 12 3 1
-53 27 2 2
-53 27 1 1
-68 4 3 0
-95 12 3 2
-68 3 5 0
-95 13 3 1
-96 8 2 1
-96 9 2 1
-95 8 2 1
-95 9 2 1
-53 12 8 1
-52 11 6 2
-52 11 7 2
-52 11 8 1
-52 12 6 1
-52 12 8 1
-51 11 6 1
-51 11 7 2
-51 11 8 1
-51 12 6 1
-51 12 7 1
-51 12 8 1
-51 13 6 1
-51 13 7 1
-51 13 8 1
-57 7 9 0
-78 7 7 0
-77 8 7 0
-78 8 7 0
-81 5 6 0
-79 6 9 0
-92 3 1 1
-51 15 9 0
-54 17 6 1
-54 17 7 1
-54 17 8 1
-51 13 9 0
-54 11 6 2
-54 11 7 2
-54 11 8 1
-56 8 13 0
-55 9 13 0
-65 19 5 0
-65 19 6 0
-65 19 4 0
-64 17 5 1
-64 17 6 2
-64 18 5 1
-64 18 6 1
-64 19 5 1
-64 19 6 1
-60 17 4 1
-60 17 5 1
-63 20 3 0
-65 20 8 0
-64 17 7 1
-64 17 8 2
-64 17 9 1
-64 18 7 1
-64 18 8 1
-64 18 9 1
-56 1 11 0
-62 17 9 1
-63 21 10 1
-56 8 8 0
-56 8 9 0
-54 6 8 1
-54 8 10 0
-54 8 7 0
-54 8 6 1
-62 18 3 1
-62 19 3 1
-62 20 3 1
-61 18 3 1
-61 19 3 1
-60 18 3 1
-60 19 3 1
-66 19 5 0
-66 19 6 0
-66 19 4 0
-65 18 5 1
-65 18 6 1
-65 18 4 0
-64 17 4 0
-63 16 4 1
-63 16 5 1
-63 16 6 2
-62 16 4 1
-62 16 5 2
-62 16 6 1
-61 16 4 1
-61 16 5 1
-57 1 10 0
-64 19 4 0
-64 19 3 0
-56 2 7 0
-56 7 8 0
-53 5 7 1
-53 5 8 1
-53 5 9 1
-52 5 7 2
-52 5 8 2
-52 5 9 2
-51 5 7 2
-51 5 8 2
-51 5 9 2
-53 5 10 1
-53 5 11 1
-52 5 10 1
-52 5 11 1
-51 5 10 1
-51 5 11 1
-66 18 5 0
-67 18 5 0
-66 18 6 0
-67 18 4 0
-66 17 5 0
-62 32 5 1
-62 33 5 1
-63 32 6 1
-63 32 7 1
-63 32 8 1
-63 32 5 1
-86 6 6 1
-86 6 7 1
-85 5 4 1
-84 6 8 0
-85 6 4 1
-85 6 5 1
-58 6 9 0
-58 7 9 0
-57 7 8 0
-60 31 4 1
-60 32 4 1
-60 33 4 2
-59 31 4 1
-66 16 10 0
-65 16 9 1
-65 16 10 0
-65 18 8 1
-65 18 7 1
-98 14 9 1
-98 15 9 1
-97 13 9 1
-97 14 9 1
-99 13 5 1
-99 14 5 1
-98 12 6 1
-98 12 7 1
-98 12 8 1
-97 12 6 1
-97 12 7 1
-83 2 8 1
-82 2 9 0
-64 16 7 1
-63 16 7 1
-62 16 7 1
-65 19 8 0
-66 19 8 0
-67 17 9 0
-67 17 10 0
-67 17 8 0
-97 12 5 1
-65 15 9 1
-65 15 8 2
-65 17 8 1
-65 17 7 1
-88 2 14 1
-88 2 15 1
-88 3 14 2
-88 3 15 2
-87 2 14 1
-87 2 15 1
-87 3 14 1
-87 3 15 2
-86 2 16 1
-86 3 16 1
-85 2 16 1
-85 3 16 1
-88 4 14 2
-96 17 6 2
-53 0 9 0
-54 1 9 0
-54 0 9 0
-99 21 8 1
-97 19 5 1
-97 18 5 1
-97 17 5 1
-97 19 9 1
-97 18 9 1
-97 17 9 1
-97 19 8 1
-55 15 11 1
-55 15 10 2
-55 15 9 1
-56 15 11 1
-56 15 10 1
-56 15 9 1
-57 15 11 1
-54 13 3 2
-54 13 4 2
-94 0 3 1
-100 17 7 2
-100 17 8 2
-100 18 7 2
-100 19 8 1
-95 14 3 1
-56 10 10 0
-56 10 11 0
-76 2 4 1
-76 2 5 1
-55 10 10 0
-55 10 11 0
-55 11 10 0
-55 11 11 0
-54 10 10 0
-54 10 11 0
-54 11 10 0
-54 11 11 0
-53 10 11 1
-100 18 9 1
-99 16 8 1
-99 16 9 1
-83 1 5 1
-83 0 6 1
-82 1 5 1
-82 1 6 1
-83 2 7 1
-53 11 10 0
-53 11 11 0
-76 3 3 1
-92 2 3 1
-100 21 8 1
-60 28 5 2
-57 9 11 0
-57 9 10 0
-58 9 11 0
-58 9 10 0
-58 8 11 0
-58 8 10 0
-72 6 4 0
-100 2 4 0
-71 7 5 0
-53 12 1 1
-56 10 2 1
-55 10 2 1
-54 9 4 2
-85 2 4 1
-55 9 6 1
-55 9 7 1
-84 2 5 1
-85 3 4 1
-85 3 5 1
-89 5 3 1
-89 5 4 1
-89 5 5 1
-59 29 6 1
-62 27 1 1
-62 27 2 1
-65 20 4 1
-65 20 5 1
-65 20 6 1
-64 20 4 1
-64 20 5 1
-66 20 7 1
-65 20 7 1
-66 20 3 1
-66 21 3 1
-66 22 3 1
-65 20 3 1
-64 20 3 1
-62 21 3 0
-70 1 4 1
-69 0 4 1
-69 1 4 1
-52 17 11 1
-52 18 10 2
-52 18 11 1
-61 32 4 1
-61 33 4 2
-63 35 8 1
-62 35 8 1
-61 35 8 1
-63 33 4 1
-63 34 4 2
-63 35 4 2
-62 33 4 1
-62 34 4 2
-76 5 8 0
-54 19 10 1
-54 19 11 1
-53 19 10 1
-53 19 11 1
-52 19 10 2
-61 4 2 0
-78 5 7 0
-60 12 6 2
-60 12 7 1
-60 13 6 2
-60 13 7 2
-88 10 7 1
-89 10 5 1
-88 10 5 1
-88 11 5 1
-88 11 6 1
-88 11 7 1
-87 11 5 1
-87 11 6 1
-87 11 7 2
-86 11 5 1
-51 11 3 1
-86 11 6 2
-86 11 7 2
-72 6 10 0
-52 15 8 1
-94 10 4 1
-54 11 5 1
-91 6 7 1
-88 9 8 0
-59 28 8 1
-59 27 8 1
-87 12 9 1
-81 8 6 0
-87 11 9 2
-91 7 7 1
-64 24 10 1
-61 18 12 1
-61 17 12 1
-61 17 11 1
-62 19 12 1
-56 11 12 1
-58 22 5 1
-52 7 9 2
-51 6 11 1
-51 6 10 1
-54 14 6 1
-57 31 3 1
-58 6 16 0
-58 6 17 0
-58 7 16 0
-58 7 17 0
-57 6 16 0
-57 6 17 0
-57 7 16 0
-57 7 17 0
-76 7 11 0
-76 6 12 0
-64 5 3 0
-57 14 9 1
-51 20 2 1
-57 15 9 1
-60 26 4 1
-100 47 4 1
-60 25 2 2
-61 25 5 1
-62 25 5 2
-79 6 6 1
-63 27 5 1
-61 25 3 1
-61 25 2 1
-62 25 4 2
-72 2 7 0
-80 7 4 1
-80 6 6 1
-80 6 5 1
-80 6 4 1
-79 6 5 2
-77 8 4 1
-76 7 4 0
-77 8 5 1
-76 7 5 0
-73 3 8 0
-99 13 7 1
-67 18 9 0
-67 18 10 0
-66 16 9 1
-88 13 9 1
-63 13 9 1
-88 14 9 1
-74 4 11 0
-78 6 10 0
-76 8 11 0
-74 7 10 0
-74 7 11 0
-74 6 12 0
-69 6 3 0
-69 4 4 0
-69 4 5 0
-86 12 5 1
-57 7 11 0
-58 6 10 0
-56 6 12 0
-86 13 6 1
-70 7 4 0
-59 18 7 1
-59 19 7 1
-65 21 10 1
-66 23 10 1
-66 22 10 1
-65 5 2 0
-90 2 3 1
-57 3 10 0
-56 0 10 0
-56 2 11 0
-51 24 2 2
-82 6 13 0
-55 5 5 1
-55 24 6 1
-53 2 7 0
-55 2 8 0
-56 6 5 2
-59 2 7 1
-62 2 8 0
-95 45 6 0
-57 11 15 0
-55 11 2 1
-57 11 14 0
-60 8 4 0
-56 11 17 0
-89 41 6 0
-90 41 4 0
-90 42 6 0
-92 3 2 2
-92 3 3 2
-96 3 1 1
-95 2 1 1
-58 25 4 1
-58 26 4 1
-58 27 4 1
-57 25 4 1
-58 25 5 1
-58 26 5 1
-60 2 9 0
-57 25 5 1
-79 27 2 0
-57 27 5 1
-81 27 5 0
-81 27 1 0
-76 2 3 1
-76 4 1 2
-77 3 0 1
-77 3 2 2
-77 4 0 1
-77 4 1 2
-77 5 0 1
-77 5 1 1
-76 3 0 1
-76 3 1 2
-76 4 0 1
-76 5 0 1
-76 5 1 1
-76 5 2 1
-75 4 0 1
-75 4 1 1
-75 4 2 1
-75 5 0 1
-75 5 1 1
-75 5 2 1
-79 2 0 1
-79 2 1 2
-79 3 0 2
-79 4 0 1
-79 4 2 1
-78 2 0 1
-78 3 0 1
-78 3 2 1
-78 4 0 1
-77 2 0 2
-77 2 -1 1
-76 2 -1 1
-76 2 0 1
-75 2 -1 1
-93 8 4 2
-93 9 4 2
-94 10 2 1
-94 10 3 1
-94 11 2 1
-94 11 3 1
-93 10 2 1
-93 10 3 2
-93 11 2 1
-93 11 3 1
-96 12 4 1
-96 13 4 1
-95 12 4 1
-74 3 6 1
-74 3 7 0
-75 4 6 0
-74 4 6 0
-75 4 7 0
-51 26 9 0
-76 5 7 0
-75 2 6 1
-74 2 6 1
-79 2 5 1
-79 2 6 1
-79 2 7 1
-78 0 5 2
-78 0 6 1
-78 0 7 1
-78 1 5 1
-78 1 6 2
-78 1 7 1
-78 2 5 1
-78 2 6 1
-78 2 7 1
-80 3 8 0
-62 5 5 0
-83 1 9 1
-62 14 4 1
-63 14 6 2
-63 14 4 1
-64 15 4 1
-84 2 9 1
-64 5 8 0
-97 1 2 1
-85 8 1 1
-85 8 2 1
-85 9 1 2
-85 9 2 2
-85 8 0 1
-85 9 0 1
-85 10 0 1
-56 9 13 0
-84 8 0 1
-84 9 0 1
-84 10 0 1
-83 9 0 1
-83 10 0 1
-54 25 9 1
-75 4 3 1
-53 24 9 1
-78 5 1 1
-52 25 9 1
-52 26 9 0
-78 3 -1 1
-77 3 -1 1
-76 3 -1 1
-84 7 -1 1
-84 7 0 1
-84 7 1 1
-83 7 -1 1
-75 7 4 0
-76 6 5 0
-76 6 4 0
-81 30 5 0
-74 6 7 0
-74 6 3 0
-51 0 5 0
-64 2 4 0
-87 6 3 2
-61 10 4 0
-79 5 13 0
-78 3 12 0
-78 3 11 0
-79 7 12 0
-79 7 11 0
-78 6 12 0
-78 6 11 0
-77 5 11 0
-94 13 4 2
-83 1 15 1
-83 1 14 1
-84 3 14 0
-63 0 5 0
-84 2 14 1
-53 26 9 0
-58 13 4 1
-91 37 18 1
-91 37 19 1
-91 37 20 1
-90 37 18 1
-90 37 19 1
-90 37 20 1
-89 37 18 1
-89 37 19 1
-89 37 20 1
-98 15 4 1
-83 29 -2 1
-96 14 5 1
-83 29 -1 1
-83 29 0 1
-83 30 -2 1
-83 30 -1 1
-83 31 -2 1
-82 29 -2 1
-82 29 -1 1
-82 29 0 1
-81 29 -2 1
-81 29 -1 1
-81 29 0 1
-82 30 1 1
-72 7 9 0
-82 1 1 1
-80 2 1 2
-74 5 4 0
-95 0 -1 1
-61 18 5 2
-62 19 7 2
-61 19 7 1
-68 1 6 1
-68 1 7 2
-68 1 8 1
-67 1 6 1
-67 1 7 1
-79 0 4 2
-79 1 4 1
-67 2 7 2
-67 2 8 1
-70 0 5 1
-78 0 4 1
-78 1 4 1
-77 1 6 1
-77 2 7 1
-79 3 8 0
-79 3 5 1
-79 3 4 2
-68 0 7 1
-68 1 5 1
-68 2 5 1
-68 0 8 1
-70 2 4 1
-58 4 5 2
-55 28 6 1
-62 35 4 1
-51 6 5 1
-62 15 10 2
-69 33 4 1
-98 3 2 1
-93 1 -1 1
-54 3 9 0
-93 0 6 1
-51 16 5 1
-52 16 7 2
-52 16 6 2
-52 16 5 2
-63 8 4 0
-77 5 3 1
-80 2 -1 1
-80 2 0 1
-80 3 -1 1
-79 2 -1 1
-79 3 -1 1
-79 4 -1 1
-78 4 -1 1
-63 6 3 0
-65 4 3 0
-63 4 2 0
-80 3 12 0
-61 9 4 0
-61 7 2 0
-80 1 11 0
-80 1 10 0
-52 12 10 0
-52 11 9 1
-53 10 9 1
-61 34 6 1
-61 33 8 1
-61 33 7 2
-61 33 6 2
-62 8 4 0
-61 32 7 2
-61 32 6 2
-52 0 14 0
-65 32 6 2
-65 32 5 2
-65 31 7 1
-65 31 6 1
-65 31 5 1
-59 33 4 2
-59 32 4 2
-53 0 1 1
-59 29 2 1
-60 9 4 0
-63 9 4 0
-61 8 3 0
-99 13 6 1
-94 18 5 1
-94 18 9 1
-95 18 9 1
-94 18 8 1
-94 18 7 1
-94 18 6 1
-93 16 5 1
-93 15 5 1
-93 14 5 1
-94 14 5 1
-53 16 10 1
-53 16 11 1
-53 17 10 2
-53 17 11 1
-52 14 12 0
-53 16 4 1
-53 17 4 1
-53 18 4 1
-52 16 4 2
-53 15 4 2
-52 15 4 1
-92 14 4 1
-92 12 3 1
-92 13 3 1
-91 12 3 1
-91 13 3 1
-52 14 4 1
-64 6 5 0
-65 6 6 0
-68 5 5 0
-68 5 6 1
-66 5 5 0
-66 4 5 0
-66 5 6 1
-66 4 6 1
-65 5 5 0
-65 5 6 0
-66 6 4 0
-66 6 3 0
-66 6 5 0
-64 5 5 0
-64 5 6 0
-64 6 6 0
-67 3 5 0
-67 4 6 1
-66 3 5 0
-66 3 6 1
-65 4 5 0
-64 3 5 0
-65 4 6 0
-64 4 6 0
-66 5 7 1
-66 5 4 0
-56 1 3 1
-56 0 5 1
-56 0 4 1
-68 8 6 1
-66 7 4 0
-69 2 7 2
-69 2 6 1
-70 4 8 1
-70 3 8 1
-98 2 6 2
-99 3 2 1
-99 3 3 1
-98 1 2 1
-52 1 6 0
-57 1 8 1
-58 1 9 0
-58 2 8 1
-58 2 9 0
-59 2 8 1
-59 3 8 0
-59 2 9 0
-61 2 8 0
-61 2 9 0
-59 1 10 0
-59 1 7 1
-59 1 6 1
-69 33 6 1
-69 34 4 2
-69 34 5 2
-69 34 6 1
-69 35 4 1
-69 35 5 1
-88 2 13 1
-87 2 13 1
-89 0 13 2
-89 0 14 2
-89 1 13 1
-89 1 14 1
-88 0 14 2
-88 1 14 1
-52 24 1 1
-53 27 9 1
-54 8 2 1
-55 0 12 0
-55 4 15 0
-55 4 17 0
-77 7 4 1
-63 19 9 1
-57 22 3 1
-51 13 13 0
-67 11 8 1
-51 13 14 0
-57 29 6 0
-51 13 12 0
-57 29 5 0
-58 28 6 0
-58 28 7 1
-59 27 7 1
-56 23 5 1
-56 23 6 1
-56 23 7 1
-69 2 9 1
-55 8 13 0
-91 0 6 1
-89 0 6 1
-72 5 7 0
-55 18 10 1
-58 10 10 0
-60 7 0 1
-55 2 9 0
-56 3 9 0
-56 3 8 0
-56 1 9 0
-56 1 8 0
-57 2 10 0
-57 2 11 0
-57 2 7 1
-60 6 2 1
-60 6 1 1
-60 6 0 1
-60 5 2 1
-55 1 9 0
-56 3 10 0
-56 3 11 0
-53 12 10 0
-53 12 11 0
-52 12 11 0
-58 5 0 1
-84 3 12 0
-88 3 10 2
-54 5 5 1
-57 29 7 1
-54 1 3 1
-54 2 3 1
-54 2 9 0
-51 6 4 1
-57 7 6 1
-57 7 7 0
-58 6 5 1
-74 5 11 0
-69 5 10 0
-55 3 10 0
-55 3 11 0
-84 2 7 1
-84 1 7 2
-84 0 7 2
-95 14 5 1
-93 16 9 1
-93 15 9 1
-64 18 12 0
-64 18 11 0
-64 16 11 0
-81 34 4 0
-82 35 4 0
-65 17 10 0
-84 35 4 0
-85 34 4 1
-83 34 4 0
-83 34 5 0
-93 14 7 2
-93 14 6 2
-94 14 8 1
-94 14 7 1
-94 14 6 1
-95 14 8 1
-95 14 7 1
-95 14 6 1
-75 3 9 0
-75 3 8 0
-75 2 9 0
-75 2 8 0
-76 3 9 0
-76 2 9 0
-78 7 11 0
-76 5 12 0
-57 4 7 1
-55 6 7 1
-52 7 6 1
-53 7 6 1
-75 6 8 0
-77 4 12 0
-82 36 4 0
-77 3 11 0
-82 1 17 0
-83 2 17 0
-86 1 17 0
-85 0 17 0
-86 33 5 1
-86 34 5 1
-85 34 5 1
-84 34 5 1
-94 4 7 1
-89 6 9 1
-59 14 5 1
-60 14 5 1
-61 14 5 1
-59 14 6 1
-87 1 15 1
-87 0 15 2
-88 1 15 1
-88 0 15 2
-87 5 15 2
-87 5 14 1
-87 4 15 2
-87 4 14 2
-88 5 15 1
-88 5 14 1
-88 4 15 1
-81 34 19 0
-87 14 8 1
-87 14 9 1
-89 12 3 1
-86 8 8 0
-89 12 4 1
-92 47 4 0
-92 47 6 0
-91 45 4 0
-85 6 7 1
-82 9 9 1
-82 8 9 1
-92 45 3 0
-81 35 4 0
-83 37 4 0
-51 18 10 1
-85 35 3 1
-85 35 4 1
-87 32 2 1
-93 43 6 0
-87 32 3 1
-87 32 4 1
-87 33 2 1
-87 33 3 1
-87 33 4 1
-83 35 5 0
-93 46 4 0
-93 46 6 0
-93 46 5 0
-92 46 4 0
-92 46 6 0
-92 47 5 0
-92 46 5 0
-90 46 4 0
-90 46 6 0
-91 45 6 0
-91 45 5 0
-83 6 8 0
-84 5 6 0
-57 28 5 0
-58 29 4 0
-57 30 4 1
-56 31 5 1
-56 30 5 1
-56 29 5 1
-56 31 4 1
-62 10 7 0
-62 10 10 0
-61 8 7 0
-61 8 9 0
-61 8 8 0
-62 8 7 0
-83 34 18 0
-81 34 11 0
-82 35 11 0
-83 35 11 0
-83 36 11 0
-84 35 11 0
-84 34 11 1
-86 33 10 1
-86 34 10 1
-85 34 10 1
-84 34 10 1
-74 8 6 0
-81 11 7 1
-81 12 5 1
-81 12 6 1
-81 12 7 1
-82 12 4 2
-81 10 4 1
-97 3 9 1
-97 2 11 2
-97 2 10 2
-97 2 9 2
-97 1 11 1
-97 1 10 1
-97 1 9 1
-94 4 8 1
-68 1 9 1
-68 0 9 1
-85 36 4 0
-86 36 4 0
-86 36 3 0
-87 33 5 1
-87 34 3 1
-87 34 4 1
-87 34 5 1
-87 35 3 1
-87 35 4 1
-87 35 5 1
-86 35 3 1
-86 35 4 1
-86 35 5 1
-85 35 5 1
-84 36 5 0
-59 18 6 1
-59 19 4 1
-59 19 5 1
-59 19 6 1
-62 22 8 1
-58 31 4 1
-58 32 4 2
-58 33 4 1
-62 34 5 2
-63 33 5 1
-63 33 6 1
-63 33 7 1
-63 34 5 2
-63 34 6 2
-63 34 7 2
-63 33 8 1
-63 34 8 1
-63 35 5 2
-63 35 6 1
-63 35 7 1
-62 35 5 1
-62 35 6 1
-81 34 10 0
-68 16 5 0
-92 3 4 2
-67 16 6 0
-68 16 4 0
-66 16 5 0
-86 10 5 1
-86 10 6 1
-67 15 4 0
-66 15 5 1
-66 14 5 1
-85 10 7 2
-87 10 8 1
-86 10 8 1
-85 10 8 2
-88 8 5 1
-88 8 6 1
-88 8 7 1
-90 6 8 1
-89 6 8 1
-88 6 8 2
-88 7 8 1
-88 8 8 1
-88 8 4 1
-88 9 4 1
-87 7 6 1
-87 7 7 1
-87 7 5 1
-86 8 6 0
-86 8 7 0
-87 9 5 1
-86 8 5 1
-87 9 7 1
-87 9 8 1
-87 9 4 2
-88 8 3 1
-88 9 3 1
-88 10 3 1
-88 10 4 1
-87 8 3 1
-87 8 4 1
-87 9 3 1
-87 10 3 1
-87 10 4 1
-86 8 3 1
-86 8 4 1
-86 9 3 1
-86 9 4 1
-86 10 3 1
-86 10 4 1
-55 1 6 0
-75 6 4 0
-53 1 6 0
-52 1 7 0
-52 1 8 0
-73 6 3 0
-51 2 7 0
-51 2 8 0
-51 2 6 0
-52 3 6 1
-55 2 6 0
-54 1 7 0
-54 1 8 0
-54 1 6 0
-53 0 7 0
-53 0 8 0
-53 0 6 0
-53 2 9 0
-53 2 6 0
-53 2 5 0
-74 7 5 0
-75 8 5 0
-84 8 7 2
-84 9 5 1
-84 9 6 2
-84 9 7 2
-84 10 5 2
-84 10 6 2
-84 10 7 1
-83 8 5 1
-83 8 6 1
-83 8 7 1
-83 9 5 1
-83 9 7 2
-83 10 5 2
-83 10 6 2
-83 10 7 2
-82 8 5 1
-82 8 6 1
-82 8 7 1
-82 9 5 1
-82 9 6 1
-82 9 7 1
-82 10 5 1
-82 10 6 2
-82 10 7 2
-85 8 6 1
-85 10 3 1
-84 10 3 1
-70 0 9 1
-70 1 9 1
-69 0 9 1
-69 1 9 1
-53 23 3 1
-53 23 4 2
-53 23 5 2
-53 24 3 1
-53 24 4 1
-53 24 5 2
-53 22 6 1
-53 23 6 2
-53 24 6 1
-53 22 2 2
-53 23 2 1
-53 24 2 1
-51 25 3 1
-51 25 4 1
-51 25 5 1
-51 26 3 1
-51 26 4 1
-61 35 5 1
-61 35 6 1
-61 35 7 1
-64 32 6 2
-63 19 10 1
-63 20 10 1
-62 18 10 1
-61 18 10 1
-63 17 7 1
-63 17 8 2
-62 17 7 1
-62 17 8 1
-61 17 7 1
-61 17 8 1
-57 34 3 2
-57 34 4 1
-57 35 2 1
-57 35 3 1
-57 35 4 1
-57 36 2 1
-57 36 3 1
-57 36 4 1
-57 34 1 1
-57 35 1 1
-57 36 1 1
-55 32 4 2
-55 33 1 1
-51 18 7 2
-90 7 7 1
-90 7 8 2
-90 7 9 1
-90 8 9 1
-90 9 9 1
-90 8 5 2
-51 18 8 1
-90 10 5 1
-64 49 2 1
-64 49 3 1
-64 49 4 1
-52 2 10 0
-63 4 6 0
-64 4 5 0
-63 4 5 0
-63 5 6 0
-63 49 2 1
-63 49 3 1
-63 49 4 2
-62 49 2 1
-62 49 3 1
-62 49 4 1
-67 5 8 1
-66 5 8 1
-68 4 7 2
-69 3 6 1
-99 16 6 2
-99 16 5 1
-100 16 7 2
-59 49 3 2
-59 49 4 2
-59 49 5 2
-62 29 2 1
-59 49 6 1
-53 9 5 1
-53 9 4 1
-53 9 3 1
-54 9 5 1
-51 27 6 1
-51 27 7 1
-51 28 6 2
-51 28 7 2
-51 29 6 1
-51 29 7 1
-57 12 2 1
-68 5 3 0
-67 4 3 0
-69 3 4 0
-70 5 3 0
-69 5 3 0
-72 7 6 0
-92 2 10 2
-92 2 11 2
-92 2 12 1
-92 3 10 2
-73 7 7 0
-92 3 12 1
-92 4 10 1
-92 4 11 1
-92 4 12 1
-92 2 9 1
-92 3 9 2
-57 33 2 2
-57 33 3 2
-95 14 0 2
-94 12 -1 1
-94 13 -1 1
-94 14 -1 1
-94 14 0 1
-94 14 1 1
-93 14 -1 1
-93 14 0 1
-93 14 1 1
-92 14 -1 1
-92 14 0 1
-92 14 1 1
-97 19 7 1
-91 2 8 1
-91 3 8 2
-91 4 8 1
-90 2 8 1
-90 3 8 2
-90 4 8 1
-89 2 8 1
-89 3 8 2
-89 4 8 1
-92 1 9 1
-93 2 10 2
-94 1 9 1
-94 1 10 1
-94 1 11 1
-94 2 9 2
-94 2 10 2
-94 2 11 2
-94 3 9 1
-94 3 10 1
-94 3 11 1
-93 1 9 1
-74 15 4 0
-93 1 11 1
-93 2 9 2
-93 2 11 2
-93 3 9 2
-93 3 10 2
-93 3 11 2
-94 2 12 2
-96 15 2 0
-98 12 1 1
-94 4 11 1
-98 12 2 1
-98 12 3 1
-98 13 1 1
-98 13 2 1
-98 13 3 1
-98 14 1 2
-98 14 2 2
-98 12 4 1
-98 13 4 1
-98 12 0 1
-98 13 0 1
-98 14 0 1
-95 12 -1 1
-95 13 -1 1
-95 14 -1 1
-93 0 9 1
-91 1 8 0
-53 2 13 0
-53 3 13 0
-58 10 2 1
-81 4 6 0
-79 4 8 0
-79 4 4 2
-80 9 7 0
-82 5 7 0
-80 7 8 0
-52 14 9 0
-54 13 6 2
-54 13 7 1
-54 13 8 1
-53 13 6 2
-53 13 7 2
-53 13 8 1
-52 13 6 1
-52 13 7 1
-52 13 8 1
-52 13 9 0
-52 12 7 2
-53 11 6 1
-53 11 7 1
-53 11 8 1
-53 12 6 2
-73 15 4 0
-64 2 6 0
-64 1 6 0
-64 1 7 0
-64 1 5 0
-62 1 6 1
-63 2 7 0
-54 8 16 0
-63 1 5 0
-64 3 7 0
-64 3 8 0
-64 3 4 0
-62 2 6 0
-63 1 6 0
-64 0 6 0
-64 0 7 0
-63 0 6 0
-63 0 7 0
-61 0 6 1
-95 15 1 1
-95 15 2 1
-95 15 3 1
-95 16 1 1
-95 16 2 1
-95 16 3 1
-95 17 1 1
-95 17 2 1
-95 17 3 1
-95 15 4 1
-95 16 4 1
-95 17 4 1
-94 15 4 1
-94 16 4 1
-94 17 4 1
-93 15 4 1
-93 16 4 1
-93 17 4 1
-95 15 0 1
-95 16 0 1
-95 17 0 1
-94 15 0 1
-94 16 0 1
-94 17 0 1
-93 15 0 1
-93 16 0 1
-93 17 0 1
-97 16 2 1
-55 6 11 0
-55 7 10 0
-55 7 11 0
-55 4 12 0
-55 5 12 0
-57 6 10 0
-57 6 11 0
-57 7 10 0
-60 6 4 0
-59 5 0 1
-59 5 1 1
-59 5 2 1
-59 6 0 1
-59 6 1 2
-59 6 2 1
-59 7 0 1
-59 7 1 1
-59 7 2 1
-55 8 12 0
-64 14 3 1
-64 15 3 1
-64 16 3 1
-59 32 2 1
-63 15 3 1
-62 14 3 1
-58 32 2 2
-58 32 3 1
-68 15 6 0
-68 15 4 0
-67 14 5 0
-67 14 6 1
-60 27 6 1
-88 10 6 1
-85 9 3 1
-84 8 3 1
-84 8 4 2
-70 5 4 0
-70 5 6 0
-70 5 5 0
-71 6 4 0
-76 7 10 0
-71 6 5 0
-54 18 11 1
-51 16 12 0
-89 3 7 1
-90 3 7 1
-80 0 9 1
-58 2 7 1
-58 2 11 0
-58 2 10 0
-57 0 9 0
-58 4 8 0
-58 4 9 0
-58 3 9 0
-57 3 9 0
-82 31 4 0
-57 2 8 1
-56 2 9 0
-74 16 4 0
-72 5 3 0
-81 3 11 0
-57 0 8 1
-60 3 8 0
-59 3 9 0
-58 3 8 0
-57 3 8 0
-57 1 9 0
-53 3 4 1
-53 1 4 0
-55 1 4 1
-55 2 4 2
-55 2 3 1
-53 4 4 1
-57 11 16 0
-57 10 17 0
-57 10 16 0
-51 6 3 1
-51 5 3 1
-51 4 3 1
-85 33 5 1
-92 44 5 0
-84 33 5 1
-83 33 5 1
-82 32 5 0
-67 36 6 1
-67 36 5 1
-61 11 4 1
-69 4 8 1
-69 4 7 1
-69 4 6 1
-69 3 8 1
-69 3 7 2
-59 4 3 1
-59 5 3 1
-57 2 6 1
-58 1 4 2
-59 0 3 1
-59 0 4 2
-59 0 5 1
-59 1 3 1
-59 1 4 2
-59 1 5 1
-59 2 3 1
-59 2 4 2
-59 2 5 1
-58 0 3 1
-58 0 4 2
-58 0 5 1
-58 1 3 1
-58 1 5 1
-58 2 3 1
-58 2 4 2
-58 2 5 1
-57 0 3 1
-57 0 4 2
-57 0 5 1
-57 1 3 1
-80 10 8 0
-78 8 10 0
-61 1 6 1
-60 1 6 1
-63 1 8 0
-62 0 7 0
-63 0 8 0
-62 0 6 1
-58 1 7 2
-61 0 7 0
-62 1 9 0
-61 0 3 1
-61 0 4 1
-61 0 5 2
-61 1 3 1
-61 1 4 1
-61 1 5 1
-61 2 3 1
-61 2 4 1
-61 2 5 1
-60 0 3 1
-60 0 4 2
-60 0 5 1
-60 1 3 1
-60 1 5 1
-60 2 3 1
-58 27 2 2
-59 26 1 1
-59 26 2 2
-59 26 3 1
-59 27 1 1
-59 27 2 2
-59 27 3 1
-59 28 1 1
-59 28 2 2
-59 28 3 1
-58 26 1 1
-58 26 2 2
-58 26 3 1
-58 27 1 1
-58 27 3 2
-58 28 1 1
-58 28 2 2
-58 28 3 1
-57 26 1 1
-57 27 1 1
-57 28 1 1
-57 25 2 2
-58 24 1 1
-58 24 2 1
-58 24 3 2
-58 25 1 1
-77 7 11 0
-77 7 12 0
-77 3 12 0
-97 3 4 1
-97 3 5 1
-57 25 1 1
-57 25 3 1
-56 24 1 1
-56 25 1 1
-96 2 4 2
-96 2 5 1
-96 3 3 1
-96 3 4 1
-96 3 5 1
-99 1 5 1
-99 1 6 1
-99 2 4 1
-99 2 5 1
-99 2 6 1
-99 3 4 1
-99 3 5 1
-99 3 6 1
-98 1 6 1
-57 0 7 1
-98 3 6 1
-97 1 6 1
-97 2 6 1
-97 3 6 1
-99 1 2 1
-99 1 3 1
-99 2 2 1
-99 2 3 1
-58 12 8 1
-58 12 9 1
-58 13 8 1
-58 13 9 1
-57 12 8 2
-55 0 6 0
-97 2 2 2
-97 3 2 1
-58 11 6 2
-58 11 7 2
-57 10 7 1
-57 11 7 2
-56 12 8 1
-56 13 8 1
-75 5 12 0
-100 0 6 0
-76 6 11 0
-60 13 8 1
-60 13 9 1
-59 12 8 1
-59 12 9 1
-59 13 8 2
-59 13 9 2
-75 7 11 0
-75 7 12 0
-75 7 10 0
-77 7 10 0
-78 7 10 0
-75 4 11 0
-75 4 12 0
-89 14 8 2
-89 15 6 1
-89 15 7 1
-89 15 8 1
-89 13 9 1
-89 14 9 1
-89 15 9 1
-89 13 5 1
-89 14 5 1
-89 15 5 1
-96 8 6 1
-96 8 7 1
-96 8 8 1
-95 8 6 2
-95 8 7 2
-95 8 8 1
-93 11 7 1
-96 8 5 2
-95 8 5 2
-91 8 6 1
-91 8 7 2
-91 8 8 2
-91 9 6 2
-91 9 7 2
-91 9 8 1
-91 10 6 1
-91 10 7 1
-52 17 8 1
-52 18 8 1
-52 19 8 1
-52 17 4 1
-52 18 4 1
-52 19 4 1
-54 14 10 1
-54 14 11 1
-81 5 9 0
-53 14 10 0
-53 14 11 0
-53 15 10 1
-53 15 11 1
-52 14 10 0
-52 14 11 0
-52 15 10 0
-75 6 11 0
-53 10 10 1
-54 9 6 1
-54 9 7 1
-54 10 6 1
-54 10 7 2
-53 7 8 1
-53 7 7 1
-53 7 9 1
-53 7 10 1
-53 7 11 1
-95 15 8 1
-95 16 6 2
-53 9 10 1
-53 9 11 1
-95 17 6 2
-95 17 7 2
-95 17 8 2
-97 15 9 1
-96 15 9 1
-95 15 9 1
-95 16 9 1
-95 17 9 1
-97 15 5 1
-96 15 5 1
-95 15 5 1
-95 16 5 1
-95 17 5 1
-91 4 16 1
-94 15 6 2
-94 15 7 2
-94 15 8 2
-94 16 6 2
-66 34 5 1
-67 34 7 2
-67 34 6 2
-67 34 5 2
-67 33 7 1
-67 33 6 1
-59 7 10 0
-67 32 7 1
-59 6 10 0
-67 32 5 1
-63 36 4 1
-64 36 4 2
-65 36 4 2
-65 35 4 1
-65 34 4 1
-63 36 8 1
-64 36 8 1
-65 36 8 1
-65 35 8 1
-65 34 8 1
-63 36 7 1
-63 36 6 1
-63 36 5 1
-64 36 7 2
-64 36 6 1
-64 36 5 2
-65 36 7 1
-65 36 6 2
-79 6 7 0
-65 35 7 1
-65 35 6 2
-65 35 5 1
-65 34 7 1
-65 34 6 1
-65 34 5 1
-60 34 4 1
-63 32 4 1
-64 30 8 1
-64 32 4 2
-64 31 4 2
-65 33 4 1
-65 32 4 2
-65 31 4 1
-66 33 4 2
-66 32 4 1
-66 31 4 1
-66 33 5 2
-66 32 5 1
-91 12 1 1
-91 12 2 1
-91 13 1 1
-91 13 2 1
-91 14 1 1
-91 14 2 1
-91 14 3 1
-91 12 0 1
-91 13 0 1
-91 14 0 1
-92 12 2 0
-93 10 1 1
-61 35 4 1
-92 10 1 1
-91 10 1 1
-93 10 0 1
-92 10 0 1
-91 10 0 1
-91 10 -1 1
-91 11 -1 1
-91 11 0 2
-91 11 1 1
-91 12 -1 1
-90 12 -1 1
-89 12 -1 1
-85 1 16 1
-85 0 16 1
-86 1 16 1
-86 0 16 1
-89 1 15 1
-89 0 15 1
-90 1 15 1
-90 0 15 1
-95 0 12 1
-89 5 14 1
-89 4 15 2
-89 4 14 1
-90 4 15 1
-90 4 14 1
-87 3 16 1
-87 2 16 1
-88 3 16 1
-88 2 16 1
-89 3 15 2
-89 3 14 2
-89 2 15 1
-89 2 14 1
-90 3 15 2
-90 3 14 2
-90 2 15 2
-90 2 14 2
-85 5 16 1
-85 4 16 1
-86 5 16 1
-84 3 9 0
-84 3 8 0
-82 1 8 0
-87 0 8 2
-86 4 8 2
-87 4 8 2
-85 4 8 1
-93 13 2 0
-93 11 1 1
-92 11 1 1
-92 10 -1 1
-92 11 -1 1
-92 11 0 1
-92 12 -1 1
-92 12 0 2
-92 12 1 1
-52 19 9 1
-52 18 9 1
-52 17 9 1
-53 19 9 1
-53 19 8 1
-53 19 7 1
-53 18 9 1
-53 17 9 2
-54 19 9 1
-54 19 8 1
-54 19 7 1
-54 18 9 1
-54 18 8 1
-54 18 7 1
-54 17 9 1
-73 7 4 0
-73 7 5 0
-96 10 2 1
-97 11 5 1
-97 11 4 1
-97 10 5 1
-97 10 4 1
-98 10 4 1
-52 13 12 0
-51 12 13 1
-73 5 4 0
-73 5 5 0
-73 6 6 0
-73 8 4 0
-65 1 4 0
-73 8 6 0
-92 13 2 0
-92 14 2 0
-94 14 2 0
-66 14 9 1
-94 13 2 1
-95 12 2 2
-66 13 9 1
-96 11 1 1
-86 41 3 0
-96 12 1 1
-96 12 2 1
-96 13 1 2
-96 13 2 2
-96 13 3 2
-95 11 1 1
-95 12 1 2
-95 13 1 1
-95 13 2 1
-94 11 1 1
-94 12 1 1
-94 12 2 1
-94 13 1 1
-93 12 2 0
-96 11 0 1
-96 12 0 1
-96 13 0 1
-60 11 4 1
-63 11 5 0
-63 9 5 0
-71 0 9 1
-71 1 9 1
-62 22 7 1
-61 20 5 2
-61 20 6 2
-61 20 7 2
-61 21 5 1
-61 21 7 2
-61 22 5 1
-61 22 6 2
-61 22 7 1
-60 20 5 1
-60 20 6 1
-60 20 7 2
-60 21 5 2
-60 21 6 2
-60 21 7 2
-60 22 5 2
-60 22 6 2
-60 22 7 1
-60 21 3 1
-60 21 4 2
-60 22 3 1
-60 23 6 1
-59 21 6 1
-58 21 6 1
-62 23 1 1
-62 24 1 1
-62 25 1 1
-54 0 10 0
-54 1 10 0
-53 1 10 0
-60 23 7 1
-60 24 7 1
-59 22 7 1
-58 22 7 1
-64 26 4 1
-74 6 8 0
-64 26 6 1
-64 26 7 1
-63 26 7 1
-73 6 8 0
-73 6 9 0
-73 7 8 0
-65 22 5 2
-65 22 6 2
-65 23 4 1
-65 23 5 1
-65 23 6 1
-65 24 4 1
-65 24 5 1
-65 24 6 1
-64 22 4 2
-64 22 5 2
-64 22 6 1
-63 22 4 1
-63 22 5 1
-63 22 6 1
-65 22 7 2
-65 23 7 1
-65 24 7 1
-64 22 7 2
-63 22 7 1
-65 22 3 1
-65 23 3 1
-65 24 3 1
-64 22 3 1
-63 22 3 1
-62 19 4 1
-62 19 5 2
-62 19 6 2
-62 20 4 1
-62 21 4 1
-61 19 4 2
-61 19 5 2
-61 19 6 1
-61 20 4 1
-61 21 4 1
-60 19 4 1
-60 19 5 2
-60 19 6 1
-60 20 4 1
-61 23 6 1
-61 23 7 1
-59 21 7 1
-62 22 1 1
-62 22 2 1
-62 22 3 1
-61 22 1 1
-61 22 2 1
-61 22 3 1
-60 22 1 1
-60 22 2 1
-58 21 7 1
-65 21 4 2
-65 21 5 2
-65 21 6 2
-64 21 4 1
-64 21 5 1
-64 21 6 1
-51 26 8 0
-63 21 5 1
-63 21 6 1
-65 21 7 1
-65 21 8 1
-65 22 8 2
-65 23 8 1
-64 21 7 1
-64 21 8 1
-64 22 8 2
-64 23 8 2
-63 21 7 1
-63 21 8 1
-63 22 8 1
-63 23 8 1
-65 21 3 1
-64 21 3 1
-63 21 3 1
-59 20 4 1
-59 20 5 1
-59 20 6 1
-59 20 7 1
-53 27 8 1
-53 28 8 1
-53 29 8 1
-54 29 8 2
-55 28 7 1
-55 28 8 1
-55 28 9 1
-55 29 7 1
-55 29 8 1
-55 7 8 0
-53 6 7 2
-53 6 8 2
-53 6 9 2
-52 6 7 2
-52 6 8 2
-52 6 9 2
-51 6 7 1
-51 6 8 1
-54 30 7 1
-54 30 8 1
-54 30 9 1
-53 28 9 1
-53 29 9 1
-53 30 7 1
-53 30 8 2
-53 30 9 1
-54 27 7 1
-95 5 4 1
-95 5 5 1
-96 6 6 1
-95 6 6 1
-95 6 7 1
-94 5 4 1
-94 5 5 1
-55 7 9 0
-97 5 4 1
-76 7 6 0
-52 30 6 1
-52 30 7 1
-52 30 8 1
-51 30 6 1
-51 30 7 1
-51 30 8 1
-55 27 8 2
-56 26 8 2
-56 26 9 1
-56 27 7 1
-56 27 8 2
-56 27 9 1
-61 34 7 1
-61 34 8 1
-60 34 6 1
-60 34 7 1
-60 34 8 1
-59 34 6 1
-59 34 7 1
-59 34 8 1
-61 32 9 1
-61 33 9 1
-61 34 9 1
-60 34 9 1
-59 34 9 1
-61 32 5 1
-61 33 5 2
-61 34 5 1
-60 34 5 1
-59 34 5 1
-62 32 7 1
-62 32 6 1
-91 2 2 1
-77 4 4 1
-77 4 3 1
-77 3 5 1
-77 3 3 2
-77 2 5 1
-77 2 4 2
-77 2 3 1
-78 4 5 1
-78 4 4 1
-78 4 3 1
-78 3 5 1
-84 4 1 1
-78 3 3 1
-78 2 4 2
-78 2 3 1
-77 3 4 2
-77 3 8 0
-76 2 7 0
-76 2 6 0
-77 2 6 1
-76 1 9 1
-76 1 8 1
-76 0 9 1
-76 0 8 1
-90 7 6 1
-67 2 4 0
-77 1 9 1
-77 1 8 1
-77 0 9 1
-89 9 6 1
-89 9 7 1
-77 0 8 2
-76 1 7 1
-76 1 6 1
-76 1 5 1
-76 0 7 1
-76 0 6 1
-76 0 5 1
-66 4 8 1
-66 4 7 1
-66 3 8 1
-77 1 7 1
-77 1 5 1
-77 0 7 1
-77 0 5 1
-55 30 4 2
-65 39 4 1
-65 38 4 1
-77 0 6 2
-78 4 7 0
-77 5 7 0
-77 5 6 1
-76 4 7 0
-76 4 6 0
-75 3 7 0
-76 3 7 0
-75 3 6 1
-76 3 6 0
-66 39 6 1
-55 29 3 2
-99 3 10 1
-99 3 9 1
-87 5 13 1
-87 3 13 1
-52 30 9 1
-58 5 1 1
-56 27 3 2
-84 5 13 0
-84 5 12 0
-84 4 13 0
-84 4 12 0
-100 19 7 2
-100 19 6 2
-100 20 3 1
-100 19 5 2
-100 19 4 1
-100 19 3 1
-100 18 5 1
-68 11 7 1
-100 18 3 1
-68 10 7 1
-66 10 4 1
-66 10 5 2
-67 9 4 1
-67 9 6 1
-67 9 5 1
-69 10 4 0
-68 10 6 1
-69 10 5 0
-69 11 4 0
-69 11 6 0
-69 11 5 0
-65 11 4 1
-65 11 5 1
-99 22 6 1
-99 22 5 1
-99 22 4 1
-99 21 6 1
-99 21 5 1
-94 17 9 1
-94 16 9 1
-94 15 9 1
-94 17 8 1
-94 17 7 1
-94 17 6 1
-94 16 8 2
-94 16 7 2
-100 0 8 0
-100 0 11 0
-53 9 2 1
-53 9 1 1
-54 9 2 1
-54 9 1 1
-55 9 2 2
-55 9 1 2
-56 9 4 1
-53 8 5 1
-53 8 4 1
-53 8 3 1
-56 9 3 1
-51 13 3 1
-52 14 3 1
-52 13 3 1
-88 6 3 2
-52 0 4 0
-52 0 5 0
-52 0 8 0
-54 0 5 0
-90 13 4 1
-88 13 8 2
-88 12 8 1
-56 13 12 1
-55 1 8 0
-55 1 7 0
-74 8 5 0
-54 3 5 1
-55 3 6 1
-55 3 5 1
-56 3 7 1
-56 3 6 1
-56 3 5 1
-89 3 16 1
-51 3 6 1
-89 2 16 1
-90 3 16 1
-90 2 16 1
-91 3 15 1
-91 3 14 1
-91 2 15 1
-91 2 14 2
-92 3 15 1
-92 3 14 1
-92 2 15 1
-92 2 14 1
-94 1 0 1
-64 25 3 1
-64 25 4 1
-81 6 7 0
-82 6 7 0
-81 12 4 1
-81 11 4 1
-60 11 5 1
-59 13 7 2
-59 13 6 1
-59 12 7 2
-59 12 6 2
-57 8 0 1
-57 8 1 2
-57 8 2 1
-57 9 0 1
-57 9 1 1
-57 9 2 1
-56 7 0 1
-56 7 1 2
-56 7 2 1
-55 7 0 1
-55 7 1 1
-55 7 2 1
-76 9 9 0
-92 13 8 1
-81 0 3 1
-81 0 4 1
-81 0 5 1
-80 0 3 2
-80 1 3 2
-79 0 3 1
-79 1 3 2
-91 16 6 1
-91 16 7 1
-91 16 8 1
-91 14 9 1
-77 9 11 0
-56 7 6 1
-55 7 6 1
-57 3 2 1
-57 4 2 2
-57 5 2 1
-56 3 2 1
-56 4 2 2
-56 5 2 1
-55 3 2 1
-55 4 2 1
-55 5 2 1
-57 6 0 1
-57 6 1 2
-57 6 2 1
-56 6 0 1
-56 6 1 1
-56 6 2 1
-55 6 0 1
-55 6 1 1
-55 6 2 1
-86 4 16 1
-57 8 6 1
-55 8 6 1
-58 6 0 1
-58 6 1 2
-58 6 2 1
-58 7 0 1
-58 7 1 1
-58 7 2 1
-58 8 0 1
-65 9 6 1
-65 10 6 1
-64 9 6 1
-64 9 7 1
-64 10 6 1
-64 10 7 1
-64 9 9 0
-63 9 8 0
-63 8 8 0
-63 10 9 0
-63 9 9 0
-99 1 11 1
-62 9 9 0
-63 10 10 0
-63 10 7 0
-63 10 6 0
-63 10 8 0
-61 4 6 0
-62 3 6 0
-61 3 7 0
-61 3 6 1
-59 3 7 0
-61 5 8 0
-61 5 9 0
-76 8 6 0
-59 4 8 0
-59 5 8 0
-62 5 8 0
-63 4 7 0
-62 4 8 0
-62 3 8 0
-61 2 7 0
-61 2 6 1
-60 3 7 0
-61 4 8 0
-88 1 8 1
-58 8 16 0
-58 8 17 0
-58 9 16 0
-58 9 17 0
-57 8 16 0
-57 8 17 0
-57 9 16 0
-57 9 17 0
-57 15 10 1
-89 5 7 1
-89 6 5 2
-89 6 7 1
-88 5 7 1
-88 6 5 2
-88 6 6 2
-88 6 7 2
-88 7 5 1
-88 7 6 1
-88 7 7 1
-90 5 4 1
-90 6 4 1
-59 8 7 0
-88 6 4 1
-59 8 8 0
-87 8 6 0
-59 9 6 0
-61 10 6 0
-62 9 6 0
-63 8 7 0
-63 8 6 0
-62 7 7 0
-62 7 8 0
-62 7 6 0
-61 6 7 0
-61 6 8 0
-61 6 6 0
-59 7 7 0
-59 7 6 0
-61 8 6 0
-61 8 5 0
-58 7 7 0
-58 7 8 0
-58 7 6 1
-59 9 8 0
-60 8 6 0
-60 9 6 0
-61 7 6 0
-62 6 7 0
-62 6 6 0
-60 6 7 0
-60 5 7 0
-60 6 8 0
-60 7 6 0
-60 6 6 0
-59 6 7 0
-59 6 8 0
-59 6 6 1
-60 7 9 0
-60 7 5 0
-58 8 6 0
-58 8 7 0
-61 5 6 0
-60 5 6 0
-58 5 6 1
-58 6 7 1
-58 6 6 1
-60 7 4 0
-87 11 4 0
-82 1 12 0
-82 1 13 0
-65 32 7 2
-65 33 5 2
-81 1 12 0
-65 33 7 1
-64 31 5 2
-64 31 6 2
-64 31 7 1
-64 32 5 2
-64 32 7 2
-58 8 5 1
-64 33 6 1
-64 33 7 1
-61 6 5 0
-60 5 5 0
-59 5 6 1
-59 4 6 1
-66 32 6 1
-59 4 5 1
-58 5 7 1
-58 5 5 2
-58 29 6 0
-66 33 8 1
-65 31 8 1
-65 32 8 1
-65 33 8 1
-97 11 6 1
-60 33 6 2
-60 33 7 2
-60 33 8 2
-59 33 6 1
-59 33 7 1
-59 33 8 1
-58 33 6 1
-58 33 7 1
-58 33 8 1
-60 31 9 1
-57 7 5 1
-60 33 9 1
-59 31 9 1
-59 32 9 1
-59 33 9 1
-60 4 5 1
-58 4 6 1
-58 33 9 1
-60 33 5 2
-59 33 5 1
-58 6 8 0
-58 6 4 1
-61 31 8 1
-61 31 6 1
-63 29 6 1
-63 29 7 1
-63 29 8 1
-63 30 6 1
-63 30 7 1
-63 30 8 1
-61 27 8 1
-61 28 7 1
-61 28 8 1
-61 29 7 2
-61 29 8 2
-60 27 7 1
-63 29 9 1
-60 28 8 2
-68 2 9 1
-68 3 9 1
-67 2 9 1
-67 3 9 1
-63 30 5 1
-63 31 5 2
-70 5 10 0
-61 31 5 1
-59 30 9 0
-57 3 5 1
-58 3 5 1
-58 3 6 1
-58 3 7 1
-57 3 7 1
-57 5 4 2
-63 12 7 1
-64 10 5 0
-64 10 4 0
-85 8 4 2
-86 7 3 1
-86 7 4 1
-61 10 5 0
-62 11 6 0
-62 12 5 1
-63 12 5 0
-64 12 5 0
-64 9 5 0
-63 8 5 0
-62 9 5 0
-63 10 5 0
-63 10 4 0
-61 12 5 1
-62 8 6 0
-62 8 5 0
-62 10 5 0
-62 10 4 0
-61 11 5 1
-61 13 4 1
-86 0 15 2
-66 35 5 1
-64 31 8 1
-64 32 8 1
-64 33 8 1
-64 30 5 1
-64 30 6 1
-64 30 7 1
-62 32 4 1
-82 4 11 0
-62 36 6 1
-62 36 5 1
-81 4 10 0
-62 36 4 1
-63 14 3 1
-62 15 3 1
-51 3 8 1
-99 2 9 1
-99 3 8 1
-98 14 6 2
-95 18 5 1
-55 3 14 0
-55 2 14 0
-56 2 14 0
-54 12 6 2
-79 39 4 0
-81 41 5 0
-91 4 2 1
-81 39 6 0
-81 39 5 0
-82 40 5 0
-71 7 4 0
-82 40 6 0
-82 40 4 0
-82 39 5 0
-83 39 5 0
-93 15 7 2
-82 39 6 0
-83 39 4 0
-82 37 5 0
-82 37 6 0
-82 37 4 0
-79 37 4 0
-81 39 7 0
-81 39 4 0
-81 39 3 0
-98 0 11 0
-98 0 10 0
-96 12 8 1
-98 12 9 1
-97 12 9 1
-96 12 9 1
-96 13 9 1
-96 14 9 1
-98 12 5 1
-98 14 3 2
-55 31 3 1
-99 0 9 0
-99 3 11 1
-99 2 11 1
-66 16 8 1
-91 2 11 2
-92 12 6 1
-52 7 7 1
-71 3 8 1
-71 3 5 0
-71 3 4 0
-88 41 4 0
-54 13 10 1
-54 13 11 1
-85 7 3 1
-85 7 4 1
-85 8 3 1
-89 2 10 1
-88 5 10 1
-63 31 6 2
-62 31 6 2
-62 31 7 2
-89 7 9 1
-66 7 6 1
-58 6 3 1
-56 0 3 1
-68 8 7 2
-68 8 8 2
-68 9 7 1
-68 9 8 1
-56 1 5 1
-67 9 3 0
-56 2 4 1
-55 1 5 1
-91 0 5 1
-58 0 9 0
-92 0 5 1
-93 0 5 1
-91 0 4 1
-91 0 3 1
-91 0 2 1
-82 5 6 0
-91 2 1 1
-91 3 1 1
-53 17 12 1
-95 4 1 1
-52 10 6 1
-51 12 9 1
-51 19 9 1
-51 18 11 1
-94 4 2 1
-94 4 1 1
-95 4 3 1
-60 0 8 0
-60 0 7 0
-95 4 2 1
-65 7 5 0
-65 7 6 0
-65 7 4 0
-68 9 4 0
-68 7 5 0
-69 7 6 1
-69 7 4 0
-68 6 5 0
-52 3 5 0
-61 0 9 0
-67 6 5 0
-67 5 5 0
-67 5 6 1