DAV_OBMAP v3 cell_size=10
-82 -208 0 1
-82 -208 1 2
-81 -206 0 1
-81 -208 5 0
-85 -205 6 0
-87 -211 5 0
-82 -213 4 0
-81 -208 3 0
-85 -212 4 0
-86 -213 4 0
-83 -207 3 0
-79 -231 1 2
-79 -231 0 1
-80 -231 2 1
-80 -231 1 2
-80 -231 0 1
-60 -217 7 0
-89 -213 21 0
-82 -212 20 0
-87 -208 22 0
-86 -209 21 0
-86 -209 20 0
-85 -210 20 0
-85 -211 19 0
-86 -215 22 0
-86 -215 21 0
-62 -211 2 2
-85 -213 20 0
-82 -210 22 0
-53 -220 2 1
-53 -216 4 1
-53 -216 3 1
-53 -216 2 1
-53 -217 4 1
-53 -217 3 2
-53 -217 2 1
-53 -218 2 2
-87 -212 17 0
-72 -203 2 1
-72 -203 1 2
-51 -226 5 1
-62 -205 4 0
-59 -210 6 0
-66 -220 7 0
-66 -222 6 0
-53 -226 3 1
-58 -219 0 1
-58 -218 0 1
-67 -220 7 0
-67 -221 5 0
-69 -224 5 0
-72 -222 4 0
-67 -223 3 0
-67 -224 3 0
-57 -216 10 0
-56 -213 9 0
-53 -213 8 0
-53 -213 9 0
-67 -222 5 0
-52 -218 10 0
-52 -218 11 0
-54 -219 10 0
-53 -216 10 0
-51 -221 10 0
-55 -220 0 1
-55 -220 1 1
-55 -219 0 1
-55 -218 0 1
-92 -247 3 0
-92 -246 3 0
-87 -250 3 0
-89 -248 3 0
-89 -247 3 0
-95 -230 4 0
-92 -231 3 0
-97 -232 3 0
-95 -224 0 1
-92 -228 0 1
-92 -228 1 2
-92 -228 2 1
-91 -228 0 1
-91 -228 1 1
-91 -228 2 1
-93 -229 8 0
-93 -229 9 0
-96 -230 9 0
-94 -227 7 0
-94 -226 8 0
-93 -230 6 0
-92 -231 8 0
-93 -228 5 0
-92 -227 6 0
-91 -227 7 0
-92 -229 5 0
-92 -229 6 0
-90 -230 6 0
-92 -225 6 0
-94 -229 4 0
-93 -232 5 0
-92 -228 4 0
-91 -228 5 0
-90 -228 5 0
-91 -231 4 0
-93 -227 4 0
-92 -226 4 0
-94 -233 3 0
-92 -229 3 0
-91 -229 3 0
-93 -231 3 0
-91 -227 1 2
-92 -227 0 1
-92 -227 1 1
-91 -227 0 1
-91 -227 2 1
-91 -226 0 1
-91 -226 1 2
-90 -227 0 1
-90 -227 1 1
-90 -227 2 1
-90 -226 0 1
-90 -225 1 2
-90 -225 0 1
-90 -225 2 1
-90 -224 0 1
-90 -224 1 2
-89 -226 0 1
-89 -226 1 1
-89 -225 0 1
-89 -225 1 2
-89 -225 2 1
-89 -224 0 1
-89 -224 1 1
-89 -224 2 1
-96 -226 0 1
-92 -225 7 0
-92 -225 8 0
-92 -225 9 0
-94 -227 9 0
-91 -228 8 0
-96 -225 8 0
-90 -224 7 0
-90 -223 7 0
-94 -229 7 0
-90 -226 6 0
-89 -227 6 0
-92 -224 4 0
-91 -222 5 0
-92 -227 5 0
-90 -225 5 0
-89 -224 5 0
-88 -224 5 0
-91 -227 4 0
-91 -223 4 0
-90 -226 3 0
-89 -226 3 0
-91 -214 8 0
-92 -207 0 1
-88 -202 9 0
-92 -201 9 0
-100 -228 6 0
-100 -230 6 0
-100 -228 8 0
-100 -231 6 0
-74 -212 10 0
-76 -210 9 0
-100 -230 8 0
-76 -211 5 0
-77 -211 5 0
-64 -250 4 1
-82 -211 10 0
-84 -211 9 0
-87 -206 11 0
-87 -207 10 0
-87 -208 10 0
-86 -208 9 0
-86 -214 11 0
-86 -213 10 0
-86 -212 9 0
-81 -208 4 0
-53 -205 2 1
-61 -246 5 0
-53 -204 1 1
-56 -243 6 0
-58 -211 -1 1
-56 -209 5 0
-54 -249 7 0
-56 -211 5 0
-56 -248 6 0
-95 -237 6 0
-95 -237 7 0
-89 -236 7 0
-92 -240 4 0
-93 -240 5 0
-93 -241 6 0
-93 -242 6 0
-94 -235 5 0
-94 -234 6 0
-89 -239 5 0
-88 -239 6 0
-94 -239 4 0
-96 -240 5 0
-96 -220 6 0
-96 -219 7 0
-97 -212 7 0
-97 -213 7 0
-94 -217 8 0
-95 -217 8 0
-93 -239 3 0
-93 -240 3 0
-95 -242 4 0
-90 -240 3 0
-85 -212 8 0
-84 -214 9 0
-84 -215 9 0
-87 -209 8 0
-88 -209 9 0
-77 -239 0 1
-77 -240 1 1
-77 -240 0 1
-77 -241 2 1
-77 -241 1 1
-77 -241 0 1
-79 -235 2 1
-78 -231 2 1
-78 -231 1 2
-78 -231 0 1
-78 -232 2 1
-87 -212 8 0
-90 -209 11 0
-98 -209 10 0
-93 -206 9 0
-93 -205 9 0
-52 -242 2 2
-52 -242 1 1
-58 -220 7 0
-63 -205 7 0
-78 -209 18 0
-56 -224 0 1
-97 -214 20 0
-98 -215 20 0
-99 -215 19 0
-96 -214 19 0
-79 -212 9 0
-78 -212 9 0
-58 -212 3 2
-79 -207 9 0
-95 -246 6 0
-95 -245 5 0
-96 -241 7 0
-96 -242 6 0
-97 -245 8 0
-95 -244 8 0
-95 -244 7 0
-80 -219 7 0
-80 -219 8 0
-79 -223 6 0
-78 -224 7 0
-81 -221 5 0
-82 -221 6 0
-83 -221 6 0
-96 -246 2 1
-96 -246 1 2
-96 -246 0 1
-97 -246 2 1
-97 -246 1 2
-97 -246 0 1
-95 -246 0 1
-95 -247 1 2
-80 -222 2 1
-80 -222 1 2
-80 -222 0 1
-80 -223 2 1
-80 -223 1 2
-80 -223 0 1
-80 -224 2 1
-80 -224 1 2
-80 -224 0 1
-70 -227 3 0
-79 -225 4 0
-97 -250 1 2
-97 -250 2 1
-89 -208 4 0
-88 -207 8 0
-90 -208 6 0
-86 -207 6 0
-55 -229 6 1
-58 -222 7 0
-68 -211 6 0
-69 -212 5 1
-69 -211 5 1
-62 -219 2 2
-69 -212 6 0
-63 -219 3 2
-58 -221 4 1
-57 -220 7 0
-85 -206 7 0
-86 -204 5 0
-94 -208 7 0
-95 -208 8 0
-95 -209 8 0
-98 -212 7 0
-90 -211 7 0
-91 -211 7 0
-92 -211 8 0
-98 -207 7 0
-97 -207 8 0
-97 -208 8 0
-94 -203 3 1
-93 -205 1 1
-93 -205 2 2
-93 -205 3 1
-93 -204 1 1
-93 -204 2 1
-93 -204 3 1
-93 -203 1 1
-93 -203 2 2
-93 -203 3 1
-66 -208 10 0
-67 -212 10 0
-62 -249 5 0
-63 -249 5 0
-64 -248 5 0
-58 -250 5 0
-90 -212 21 0
-94 -212 24 0
-93 -212 22 0
-57 -248 2 2
-57 -248 3 1
-51 -239 9 0
-57 -232 4 0
-60 -249 6 0
-60 -250 6 0
-61 -250 5 0
-52 -234 5 1
-53 -235 6 1
-63 -220 6 0
-59 -211 -1 1
-63 -218 5 0
-62 -206 6 0
-61 -207 9 0
-61 -201 -1 1
-61 -202 1 1
-60 -248 3 1
-75 -211 1 2
-76 -235 3 0
-75 -236 3 0
-74 -237 3 0
-82 -234 3 0
-83 -234 3 0
-76 -231 3 0
-75 -231 3 0
-69 -209 9 0
-71 -214 9 0
-69 -210 2 1
-65 -210 4 1
-81 -201 6 0
-61 -208 2 1
-61 -204 -1 1
-61 -204 0 2
-61 -204 1 1
-61 -203 -1 1
-61 -203 0 1
-61 -203 1 1
-58 -209 -1 1
-51 -203 1 2
-80 -234 4 0
-74 -235 6 0
-75 -235 5 0
-75 -234 5 0
-80 -230 6 0
-79 -230 5 0
-79 -231 5 0
-78 -240 1 2
-78 -240 0 1
-78 -241 1 1
-78 -241 0 1
-78 -242 2 1
-66 -223 6 0
-64 -222 5 0
-67 -225 4 0
-68 -227 0 1
-68 -227 1 1
-68 -227 2 1
-67 -227 0 1
-67 -227 1 1
-67 -227 2 1
-64 -222 0 1
-64 -222 1 1
-53 -214 7 0
-52 -213 8 0
-53 -216 6 0
-51 -216 7 0
-54 -212 6 0
-53 -214 5 0
-65 -222 4 0
-64 -224 2 0
-57 -220 0 1
-93 -243 7 0
-94 -244 5 0
-94 -248 7 0
-97 -246 6 0
-95 -245 8 0
-95 -245 7 0
-84 -220 3 0
-80 -224 3 0
-81 -221 3 0
-82 -222 2 1
-83 -223 1 2
-84 -220 0 1
-84 -220 1 1
-96 -247 1 2
-96 -247 0 1
-97 -247 2 1
-97 -247 1 2
-97 -247 0 1
-96 -247 3 0
-99 -244 3 0
-98 -244 3 0
-97 -244 3 0
-95 -247 4 0
-99 -245 5 0
-92 -246 6 0
-97 -246 5 0
-96 -246 4 0
-93 -242 7 0
-94 -247 7 0
-92 -207 6 0
-93 -202 7 0
-94 -201 6 0
-99 -212 9 0
-92 -215 9 0
-89 -204 6 0
-88 -204 6 0
-87 -204 6 0
-96 -206 5 1
-91 -201 6 0
-91 -211 10 0
-92 -211 10 0
-90 -207 5 0
-94 -202 6 0
-95 -202 5 0
-96 -202 4 1
-67 -203 2 0
-70 -208 0 1
-70 -208 1 1
-79 -212 13 0
-81 -209 12 0
-80 -210 13 0
-76 -214 12 0
-81 -212 13 0
-52 -231 9 0
-51 -231 9 0
-55 -235 8 0
-55 -231 7 0
-97 -211 21 0
-96 -212 21 0
-95 -212 21 0
-93 -218 22 0
-93 -217 22 0
-93 -216 21 0
-93 -215 21 0
-92 -209 22 0
-97 -221 5 0
-52 -210 6 0
-60 -218 3 2
-99 -219 7 0
-99 -219 6 0
-99 -219 5 1
-83 -242 0 1
-83 -242 1 2
-84 -238 3 0
-84 -239 3 0
-79 -237 3 0
-80 -237 3 0
-87 -240 3 1
-86 -240 3 1
-84 -240 3 0
-74 -222 2 1
-83 -235 4 0
-83 -236 4 0
-83 -237 4 0
-83 -238 3 0
-83 -239 3 0
-75 -204 7 0
-67 -207 3 2
-67 -208 4 1
-67 -208 3 2
-67 -208 2 1
-71 -202 6 0
-70 -209 7 0
-70 -207 6 0
-65 -207 7 0
-60 -213 9 0
-65 -211 9 0
-61 -211 8 0
-60 -212 5 0
-62 -215 11 0
-65 -216 11 0
-63 -212 10 0
-61 -213 9 0
-65 -212 8 0
-66 -216 7 0
-62 -212 7 0
-61 -211 7 0
-60 -211 5 0
-62 -212 5 0
-96 -215 21 0
-76 -214 10 0
-61 -219 1 1
-61 -219 2 2
-81 -204 2 2
-81 -204 3 1
-81 -204 4 1
-80 -207 2 1
-80 -207 3 1
-80 -207 4 1
-79 -207 2 1
-79 -207 3 1
-69 -228 2 1
-69 -227 0 1
-69 -227 1 1
-69 -226 0 1
-69 -226 1 2
-61 -241 5 0
-85 -202 2 1
-85 -203 4 1
-85 -203 3 1
-62 -203 1 1
-82 -208 11 0
-83 -208 11 0
-89 -209 12 0
-88 -213 6 0
-88 -213 5 0
-87 -209 6 0
-87 -208 5 0
-88 -207 5 0
-85 -211 5 0
-88 -211 6 0
-88 -211 5 0
-89 -211 4 0
-86 -209 4 0
-87 -211 13 0
-86 -211 14 0
-88 -211 10 0
-88 -211 11 0
-89 -212 12 0
-82 -209 5 0
-88 -209 4 0
-87 -209 5 0
-86 -209 6 0
-78 -208 10 0
-76 -209 9 0
-75 -209 9 0
-72 -215 10 0
-73 -214 10 0
-70 -212 11 0
-72 -211 10 0
-97 -245 6 0
-97 -244 6 0
-97 -223 14 0
-53 -242 4 0
-54 -218 9 0
-55 -218 9 0
-97 -248 5 0
-96 -248 5 0
-95 -248 5 0
-57 -217 10 0
-76 -237 3 0
-100 -246 5 0
-100 -245 5 0
-99 -244 4 0
-79 -230 3 0
-79 -231 3 0
-97 -247 4 0
-97 -246 3 0
-72 -201 -1 1
-54 -208 6 0
-72 -205 0 1
-98 -249 3 0
-72 -204 0 1
-63 -210 4 1
-73 -234 1 1
-77 -229 1 2
-62 -220 6 0
-80 -202 5 0
-57 -207 0 1
-54 -214 6 0
-53 -213 5 0
-52 -213 5 0
-51 -213 5 0
-55 -207 5 0
-53 -208 6 0
-53 -212 7 0
-52 -217 6 0
-87 -243 3 0
-89 -242 2 1
-89 -242 1 1
-89 -242 0 1
-90 -242 2 1
-72 -210 0 1
-72 -211 0 1
-77 -218 2 1
-77 -218 1 2
-77 -218 0 1
-78 -218 2 1
-78 -218 1 2
-78 -218 0 1
-79 -218 2 1
-79 -218 1 2
-79 -218 0 1
-84 -235 0 1
-84 -235 1 1
-74 -216 3 0
-78 -215 3 0
-77 -219 3 0
-76 -218 3 0
-76 -217 3 0
-73 -219 4 0
-73 -218 4 0
-73 -217 4 0
-73 -216 4 0
-75 -218 6 0
-75 -218 5 0
-75 -217 5 0
-72 -217 7 0
-72 -216 6 0
-53 -215 7 0
-52 -212 5 0
-53 -214 9 0
-53 -218 10 0
-55 -213 10 0
-57 -217 11 0
-95 -210 3 1
-95 -210 4 2
-53 -218 8 0
-55 -217 6 0
-53 -222 5 0
-54 -217 3 2
-55 -217 2 2
-55 -217 3 2
-55 -217 4 1
-55 -216 2 2
-55 -216 3 2
-55 -216 4 1
-54 -218 2 2
-54 -217 2 2
-54 -212 4 0
-57 -212 9 0
-52 -214 9 0
-53 -219 10 0
-56 -217 10 0
-54 -216 11 0
-54 -216 10 0
-59 -242 3 1
-59 -242 4 1
-95 -216 20 0
-95 -217 21 0
-77 -210 14 0
-54 -234 1 1
-54 -234 0 1
-55 -232 2 1
-80 -211 6 0
-80 -213 5 0
-80 -214 5 0
-81 -208 6 0
-82 -206 5 0
-83 -206 5 0
-81 -210 5 0
-82 -211 5 0
-83 -212 5 0
-100 -215 12 0
-60 -216 10 0
-71 -221 5 0
-71 -212 6 0
-59 -223 3 1
-68 -213 7 0
-75 -210 14 0
-74 -210 15 0
-76 -211 11 0
-99 -216 19 0
-95 -211 19 0
-95 -209 18 0
-95 -214 20 0
-95 -215 20 0
-94 -215 19 0
-94 -216 19 0
-94 -217 18 0
-98 -212 19 0
-99 -212 18 0
-100 -212 18 0
-74 -209 13 0
-97 -216 18 0
-97 -216 17 0
-96 -211 18 0
-95 -215 10 0
-81 -208 0 1
-82 -210 5 0
-82 -207 3 0
-82 -207 4 0
-80 -212 5 0
-60 -211 9 0
-78 -213 2 1
-61 -202 4 0
-64 -219 9 0
-55 -227 9 0
-54 -226 10 0
-53 -231 9 0
-58 -232 7 0
-59 -226 7 0
-58 -226 7 0
-57 -227 7 0
-53 -224 8 0
-53 -225 7 0
-54 -225 7 0
-54 -226 7 0
-59 -230 8 0
-58 -229 8 0
-53 -233 2 1
-53 -233 1 1
-53 -234 2 1
-84 -215 18 0
-55 -235 0 1
-55 -236 0 1
-55 -237 0 1
-87 -208 17 0
-54 -221 5 0
-75 -224 3 0
-74 -226 3 0
-74 -227 3 0
-73 -222 2 1
-69 -226 4 0
-70 -227 4 0
-71 -227 4 0
-72 -227 4 0
-73 -227 4 0
-72 -216 1 2
-72 -216 0 1
-72 -217 2 1
-72 -217 1 2
-72 -217 0 1
-66 -213 10 0
-55 -228 9 0
-51 -207 8 0
-51 -206 7 0
-52 -206 6 0
-56 -245 5 0
-90 -207 20 0
-59 -214 1 1
-71 -226 7 0
-72 -226 6 0
-72 -226 5 0
-88 -212 15 0
-57 -238 6 0
-58 -238 6 0
-59 -237 6 0
-53 -239 5 0
-52 -239 6 0
-77 -239 2 1
-72 -233 0 1
-72 -233 1 1
-75 -226 3 0
-75 -225 3 0
-76 -224 3 0
-87 -250 7 0
-88 -246 8 0
-77 -213 14 0
-77 -214 15 0
-55 -246 1 1
-55 -246 2 1
-88 -202 6 0
-94 -203 6 0
-87 -206 1 2
-87 -206 2 1
-92 -205 0 1
-91 -205 0 1
-90 -205 0 1
-79 -214 17 0
-79 -209 15 0
-79 -208 15 0
-79 -207 16 0
-77 -213 6 0
-75 -210 6 0
-76 -209 5 0
-77 -209 5 0
-74 -214 4 0
-90 -205 6 0
-88 -205 5 0
-88 -206 6 0
-85 -206 6 0
-89 -206 4 0
-88 -209 5 0
-87 -204 4 0
-86 -204 4 0
-91 -208 4 0
-92 -208 4 1
-53 -239 3 1
-62 -219 10 0
-56 -217 9 0
-55 -217 9 0
-59 -221 8 0
-59 -223 9 0
-60 -215 9 0
-62 -221 8 0
-59 -247 7 0
-75 -203 10 0
-75 -203 9 0
-79 -206 8 0
-76 -201 8 0
-72 -203 8 0
-87 -214 8 0
-85 -206 8 0
-85 -205 8 0
-58 -220 9 0
-58 -220 10 0
-67 -206 4 1
-65 -206 3 1
-51 -222 3 2
-51 -222 4 1
-51 -221 2 1
-89 -248 1 2
-63 -217 10 0
-57 -216 9 0
-62 -214 9 0
-64 -219 8 0
-58 -214 7 0
-58 -213 8 0
-57 -215 5 0
-56 -214 5 0
-56 -218 5 0
-59 -213 4 1
-57 -217 1 1
-51 -217 0 2
-51 -217 1 1
-90 -212 17 0
-54 -239 1 1
-75 -214 4 0
-76 -215 6 0
-76 -215 7 0
-77 -215 7 0
-73 -216 6 0
-73 -216 7 0
-76 -216 5 0
-76 -217 5 0
-77 -214 7 0
-88 -210 20 0
-52 -209 4 0
-73 -203 2 1
-73 -203 3 1
-52 -242 4 1
-52 -241 2 1
-52 -241 3 1
-85 -207 19 0
-75 -201 7 0
-75 -201 8 0
-72 -213 2 1
-68 -208 4 1
-60 -225 3 1
-87 -213 20 0
-76 -208 5 0
-59 -216 5 1
-65 -211 2 2
-65 -211 4 1
-72 -207 4 1
-53 -229 6 1
-53 -228 4 1
-73 -201 1 1
-73 -201 0 2
-58 -218 2 1
-58 -218 3 2
-58 -217 2 1
-64 -204 -1 1
-64 -205 1 1
-64 -205 -1 1
-67 -208 1 1
-67 -208 0 1
-68 -208 1 1
-62 -221 7 0
-88 -213 7 0
-91 -210 6 0
-86 -214 6 0
-75 -223 1 2
-75 -223 0 1
-70 -229 1 1
-71 -229 2 1
-72 -229 2 1
-73 -229 3 0
-78 -225 2 1
-77 -226 2 1
-71 -225 2 1
-72 -226 3 0
-80 -229 3 0
-79 -229 3 0
-71 -232 3 0
-72 -231 3 0
-73 -230 3 0
-85 -213 21 0
-55 -212 1 1
-81 -201 0 1
-81 -201 1 2
-87 -202 6 0
-85 -202 8 0
-85 -203 6 0
-87 -201 7 0
-83 -203 8 0
-83 -201 7 0
-84 -201 10 0
-51 -211 4 0
-52 -210 4 0
-89 -210 24 0
-89 -210 23 0
-56 -233 5 0
-92 -202 2 2
-92 -202 3 1
-92 -201 1 1
-92 -201 2 2
-92 -201 3 1
-96 -217 8 0
-100 -214 8 0
-94 -213 8 0
-95 -214 8 0
-96 -214 9 0
-94 -220 9 0
-91 -225 3 0
-92 -225 3 1
-93 -225 4 0
-95 -229 3 0
-95 -228 4 0
-99 -250 7 0
-99 -250 8 0
-99 -249 9 0
-99 -249 10 0
-99 -248 10 0
-92 -221 4 0
-98 -207 8 0
-99 -207 9 0
-100 -209 8 0
-100 -205 7 1
-99 -237 2 1
-98 -209 7 0
-99 -210 7 0
-99 -236 2 1
-58 -211 8 0
-57 -226 2 1
-57 -226 1 1
-58 -225 2 1
-54 -205 5 0
-98 -212 6 0
-99 -205 9 0
-99 -209 10 0
-98 -209 9 0
-99 -208 6 0
-100 -208 7 1
-58 -222 3 2
-92 -206 13 0
-94 -207 10 0
-100 -249 0 1
-100 -249 2 1
-100 -248 0 1
-94 -205 10 0
-93 -205 11 0
-54 -211 6 0
-58 -213 -1 1
-96 -202 8 0
-90 -207 8 0
-96 -204 6 0
-97 -204 6 0
-98 -204 7 0
-99 -203 7 0
-95 -201 6 0
-91 -208 6 0
-100 -206 5 1
-97 -203 5 1
-98 -202 4 2
-100 -209 3 1
-100 -209 4 2
-100 -208 3 1
-100 -208 4 2
-100 -208 5 1
-100 -207 3 1
-100 -207 4 2
-98 -204 3 1
-98 -204 4 2
-98 -204 5 1
-56 -208 7 0
-58 -214 -1 1
-92 -205 4 1
-96 -203 2 1
-96 -203 3 2
-96 -203 4 1
-96 -202 2 2
-96 -202 3 2
-97 -207 2 1
-97 -206 2 1
-97 -205 2 1
-96 -206 10 0
-97 -204 8 0
-98 -204 9 0
-99 -206 8 0
-96 -203 6 0
-97 -203 6 0
-98 -202 7 0
-99 -202 7 0
-99 -204 5 1
-100 -204 5 1
-96 -202 5 1
-59 -213 -1 1
-98 -201 4 1
-100 -206 3 1
-100 -206 4 2
-94 -203 5 0
-97 -203 4 2
-98 -203 3 1
-98 -203 5 1
-98 -202 3 1
-98 -202 5 1
-97 -203 3 1
-97 -202 3 2
-97 -202 4 2
-97 -202 5 1
-96 -203 1 1
-96 -202 1 1
-97 -204 2 1
-60 -212 -1 1
-93 -203 10 0
-96 -204 9 0
-96 -205 10 0
-88 -215 5 0
-97 -203 9 0
-88 -215 6 0
-88 -215 7 0
-87 -215 8 0
-88 -214 6 0
-87 -217 6 0
-87 -217 7 0
-87 -218 8 0
-91 -215 7 0
-88 -215 4 0
-87 -214 5 0
-87 -214 6 0
-90 -213 5 0
-87 -216 5 0
-86 -216 5 0
-85 -217 6 0
-84 -217 6 0
-88 -214 4 0
-87 -213 5 0
-87 -219 5 0
-87 -220 5 0
-87 -215 4 0
-86 -215 4 0
-89 -214 4 0
-89 -213 4 0
-89 -212 4 0
-89 -210 4 0
-86 -217 4 0
-86 -218 4 0
-85 -219 3 0
-90 -215 4 0
-85 -212 3 0
-89 -220 3 0
-87 -216 3 0
-86 -216 3 0
-85 -216 2 1
-84 -216 2 1
-86 -218 0 1
-86 -218 1 2
-85 -220 0 1
-85 -220 1 1
-85 -220 2 1
-85 -219 0 1
-85 -219 1 1
-85 -219 2 1
-85 -218 0 1
-85 -218 1 1
-85 -218 2 1
-85 -215 0 1
-85 -215 1 2
-85 -215 2 1
-89 -215 0 1
-89 -214 0 1
-92 -236 3 0
-96 -236 3 0
-91 -238 3 0
-55 -215 2 1
-67 -203 -1 1
-92 -215 23 0
-97 -213 21 0
-51 -220 5 1
-51 -220 4 1
-51 -220 3 1
-52 -220 4 2
-52 -220 3 2
-52 -221 5 1
-55 -222 5 0
-54 -222 9 0
-53 -222 8 0
-53 -229 9 0
-54 -225 9 0
-54 -225 8 0
-51 -223 10 0
-51 -223 9 0
-98 -211 20 0
-97 -212 20 0
-96 -218 20 0
-96 -217 20 0
-96 -216 20 0
-54 -227 11 0
-73 -215 11 0
-73 -214 11 0
-57 -242 3 1
-56 -244 1 1
-56 -244 2 2
-56 -244 3 1
-67 -216 6 0
-70 -216 5 0
-56 -223 10 0
-57 -225 7 0
-88 -242 4 0
-82 -211 7 0
-83 -240 5 0
-84 -241 5 0
-84 -242 4 0
-56 -212 10 0
-58 -217 11 0
-87 -240 6 0
-87 -241 6 0
-86 -242 5 0
-85 -243 4 0
-82 -242 7 0
-52 -215 1 2
-52 -214 -1 1
-52 -214 1 1
-51 -215 -1 1
-51 -215 0 2
-51 -215 1 1
-60 -212 0 1
-57 -215 8 0
-58 -211 9 0
-57 -213 7 0
-55 -244 9 0
-57 -245 7 0
-58 -245 9 0
-56 -242 7 0
-56 -242 8 0
-56 -241 8 0
-63 -207 0 2
-58 -205 7 0
-99 -236 5 0
-100 -236 6 0
-61 -209 6 0
-59 -210 1 1
-56 -206 -1 1
-100 -232 6 0
-56 -206 0 2
-67 -206 8 0
-57 -247 1 1
-100 -238 7 0
-99 -234 8 0
-100 -234 8 0
-62 -247 1 1
-63 -247 1 1
-56 -239 10 0
-54 -236 7 0
-57 -220 1 1
-59 -208 8 0
-55 -229 1 1
-55 -230 1 1
-54 -230 2 2
-53 -235 8 0
-52 -236 10 0
-56 -226 5 1
-70 -206 2 1
-55 -216 -1 1
-55 -217 -1 1
-71 -206 4 1
-71 -206 3 2
-75 -206 2 1
-95 -207 6 0
-91 -207 5 0
-63 -211 7 0
-63 -210 6 0
-68 -214 5 1
-64 -205 6 0
-51 -247 3 1
-51 -246 1 1
-51 -246 2 1
-81 -215 16 0
-85 -209 18 0
-60 -221 4 2
-58 -224 2 1
-77 -211 16 0
-75 -212 17 0
-83 -212 17 0
-58 -202 3 1
-78 -208 16 0
-64 -210 2 2
-95 -220 14 0
-93 -245 5 0
-94 -247 3 0
-94 -247 4 0
-95 -246 4 0
-93 -249 3 0
-96 -249 2 1
-95 -244 1 2
-96 -245 0 1
-96 -245 1 2
-51 -241 1 1
-100 -227 14 0
-100 -223 12 0
-100 -224 9 0
-98 -220 9 0
-98 -227 10 0
-98 -226 10 0
-99 -225 10 0
-61 -220 6 0
-55 -223 5 1
-66 -209 1 1
-65 -210 0 1
-65 -209 0 1
-64 -210 1 2
-65 -203 0 2
-65 -203 1 1
-64 -203 0 2
-64 -203 1 1
-61 -209 -1 1
-53 -203 3 1
-53 -209 4 0
-54 -208 4 0
-56 -202 4 0
-56 -204 4 0
-92 -205 10 0
-93 -212 10 0
-97 -207 9 0
-98 -207 9 0
-58 -247 9 0
-60 -210 1 1
-62 -219 5 1
-90 -215 6 0
-95 -214 5 1
-54 -237 9 0
-54 -238 8 0
-92 -213 7 0
-96 -218 13 0
-94 -218 6 0
-94 -218 7 0
-100 -215 7 0
-94 -220 7 0
-94 -220 8 0
-91 -217 8 0
-96 -221 9 0
-92 -220 10 0
-93 -219 10 0
-94 -219 10 0
-91 -216 11 0
-100 -214 11 0
-95 -221 11 0
-91 -233 3 0
-85 -235 3 0
-85 -234 3 0
-86 -234 3 0
-91 -236 4 0
-90 -236 4 0
-92 -234 5 0
-91 -234 5 0
-90 -233 4 0
-89 -233 4 0
-84 -234 6 0
-85 -233 5 0
-90 -229 6 0
-89 -229 5 0
-89 -231 4 0
-88 -235 5 0
-88 -234 4 0
-91 -232 7 0
-91 -232 6 0
-86 -235 7 0
-86 -234 6 0
-88 -230 7 0
-88 -231 6 0
-89 -234 8 0
-89 -234 7 0
-89 -233 6 0
-88 -233 5 0
-87 -232 8 0
-87 -232 7 0
-89 -235 2 1
-89 -235 1 2
-89 -235 0 1
-91 -229 2 1
-91 -229 1 2
-91 -229 0 1
-91 -230 2 1
-91 -230 1 1
-91 -230 0 1
-91 -231 2 1
-91 -231 1 2
-91 -231 0 1
-87 -234 3 0
-87 -233 3 0
-92 -232 3 0
-91 -232 3 0
-90 -232 3 0
-85 -233 3 0
-90 -235 4 0
-88 -233 3 0
-88 -232 3 0
-84 -231 4 0
-91 -229 4 0
-90 -229 4 0
-90 -230 4 0
-89 -230 4 0
-86 -233 4 0
-91 -233 5 0
-90 -233 5 0
-89 -232 4 0
-88 -232 4 0
-83 -233 6 0
-85 -232 5 0
-89 -228 6 0
-89 -228 5 0
-88 -230 4 0
-88 -235 6 0
-88 -234 6 0
-88 -234 5 0
-87 -233 4 0
-90 -231 7 0
-90 -231 6 0
-85 -234 7 0
-85 -233 6 0
-87 -229 8 0
-87 -229 7 0
-87 -230 5 0
-89 -233 8 0
-88 -233 7 0
-88 -232 6 0
-88 -232 5 0
-86 -231 8 0
-86 -231 7 0
-86 -231 6 0
-89 -235 4 0
-91 -246 4 0
-77 -228 2 1
-87 -248 4 0
-87 -248 3 0
-91 -250 4 0
-92 -249 3 0
-83 -214 20 0
-61 -249 3 1
-98 -223 8 0
-97 -223 8 0
-96 -223 8 0
-61 -249 2 2
-51 -242 4 1
-58 -240 3 1
-58 -241 5 1
-89 -212 18 0
-90 -212 18 0
-61 -218 6 0
-51 -222 2 1
-76 -210 16 0
-56 -221 1 1
-56 -221 2 1
-56 -221 3 2
-64 -205 3 0
-64 -204 3 0
-63 -203 2 0
-88 -201 3 1
-65 -208 1 2
-65 -208 0 2
-65 -208 -1 1
-56 -209 1 1
-66 -206 -1 1
-66 -207 -1 1
-66 -208 1 2
-66 -208 0 1
-66 -208 -1 1
-54 -210 -1 1
-58 -205 6 0
-59 -206 6 0
-64 -206 7 0
-53 -205 7 0
-52 -205 8 0
-55 -207 7 0
-58 -216 8 0
-53 -205 4 0
-58 -217 8 0
-52 -230 6 1
-64 -213 5 1
-63 -214 7 0
-61 -213 5 0
-61 -216 9 0
-87 -202 7 0
-58 -212 4 1
-57 -212 2 1
-57 -212 3 1
-57 -212 4 1
-56 -216 0 1
-56 -215 0 1
-56 -214 0 2
-71 -219 7 0
-71 -219 6 0
-55 -216 0 1
-61 -221 0 1
-61 -222 0 1
-74 -204 1 1
-73 -205 3 2
-73 -202 0 2
-73 -202 1 2
-62 -203 -1 1
-62 -203 0 2
-99 -222 9 0
-54 -228 4 1
-78 -201 7 0
-83 -203 7 0
-60 -218 8 0
-55 -219 8 0
-58 -219 9 0
-100 -226 9 0
-99 -226 9 0
-98 -226 9 0
-58 -220 8 0
-60 -223 10 0
-60 -223 9 0
-59 -222 8 0
-99 -214 22 0
-100 -214 22 0
-89 -210 19 0
-90 -209 18 0
-91 -208 18 0
-53 -232 10 0
-77 -236 0 1
-77 -237 2 1
-57 -229 8 0
-94 -206 9 0
-95 -206 10 0
-97 -205 12 0
-92 -206 9 0
-92 -210 6 0
-93 -210 6 0
-73 -225 2 1
-73 -225 1 2
-77 -237 6 0
-77 -237 7 0
-82 -234 6 0
-82 -234 7 0
-78 -234 4 0
-78 -234 5 0
-77 -234 5 0
-76 -233 6 0
-76 -233 7 0
-62 -223 3 1
-55 -250 4 0
-56 -249 4 0
-59 -243 4 1
-61 -222 2 1
-76 -202 4 1
-51 -203 3 1
-74 -206 2 1
-74 -206 4 1
-84 -207 19 0
-84 -208 18 0
-86 -215 19 0
-86 -214 19 0
-65 -207 0 2
-68 -202 0 2
-68 -202 -1 1
-69 -202 -1 1
-65 -204 1 1
-69 -215 2 2
-69 -215 3 2
-56 -224 1 1
-79 -209 21 0
-80 -209 20 0
-67 -218 8 0
-68 -216 10 0
-68 -218 9 0
-68 -217 8 0
-67 -216 7 0
-68 -215 10 0
-68 -217 9 0
-70 -217 6 0
-67 -210 10 0
-66 -217 7 0
-69 -214 10 0
-68 -216 9 0
-65 -211 11 0
-66 -215 9 0
-62 -209 9 0
-64 -211 11 0
-63 -207 8 0
-66 -213 11 0
-63 -212 11 0
-73 -212 8 0
-71 -211 8 0
-52 -204 0 1
-53 -218 3 2
-53 -218 4 1
-60 -213 0 1
-61 -210 7 0
-62 -210 10 0
-64 -214 11 0
-61 -213 11 0
-60 -209 7 0
-61 -210 10 0
-60 -213 11 0
-60 -211 10 0
-59 -213 11 0
-59 -213 10 0
-57 -216 0 1
-58 -216 0 1
-57 -209 8 0
-57 -210 8 0
-59 -211 10 0
-59 -212 9 0
-60 -215 11 0
-58 -214 11 0
-58 -214 10 0
-60 -210 9 0
-58 -211 10 0
-57 -214 11 0
-56 -210 8 0
-81 -235 4 0
-61 -210 0 2
-61 -211 2 1
-51 -227 7 0
-70 -203 3 1
-87 -210 17 0
-87 -209 15 0
-86 -212 18 0
-58 -216 3 2
-58 -216 2 2
-57 -217 3 2
-56 -221 5 0
-63 -223 5 0
-58 -225 5 1
-58 -225 3 1
-70 -202 5 0
-54 -234 2 2
-54 -232 1 1
-54 -232 2 2
-98 -215 19 0
-98 -214 20 0
-95 -212 19 0
-100 -213 19 0
-97 -210 19 0
-97 -211 20 0
-89 -217 2 2
-88 -217 0 1
-88 -217 1 2
-88 -217 2 1
-87 -219 0 1
-87 -219 1 1
-99 -214 17 0
-100 -214 17 0
-97 -213 19 0
-59 -242 6 0
-59 -241 7 0
-55 -246 6 0
-54 -246 6 0
-53 -247 7 0
-60 -246 5 0
-56 -243 5 0
-55 -242 6 0
-55 -241 6 0
-59 -244 5 0
-60 -244 5 0
-60 -243 5 0
-64 -220 7 0
-63 -215 8 0
-52 -222 4 1
-97 -215 22 0
-97 -214 21 0
-95 -209 23 0
-96 -210 22 0
-96 -211 22 0
-70 -205 3 1
-62 -211 4 1
-59 -221 6 0
-51 -228 6 1
-51 -228 5 2
-51 -228 4 2
-51 -229 6 1
-51 -229 5 2
-51 -229 4 1
-57 -224 2 1
-51 -230 6 1
-51 -230 5 1
-67 -249 1 1
-98 -221 9 0
-97 -221 8 0
-96 -221 8 0
-95 -221 8 0
-99 -218 8 0
-99 -217 7 0
-58 -238 4 1
-70 -226 2 1
-70 -225 0 1
-70 -225 1 2
-70 -225 2 1
-77 -209 17 0
-76 -209 18 0
-76 -208 18 0
-76 -209 2 2
-87 -201 5 1
-60 -207 1 1
-54 -245 5 0
-70 -216 4 1
-72 -206 10 0
-54 -221 8 0
-75 -212 9 0
-77 -214 9 0
-74 -206 9 0
-92 -224 1 2
-92 -224 2 1
-92 -223 0 1
-52 -209 -1 1
-90 -215 20 0
-90 -216 20 0
-76 -229 4 0
-99 -219 15 0
-97 -216 13 0
-97 -216 14 0
-100 -230 7 0
-96 -220 13 0
-72 -218 3 0
-72 -219 3 0
-72 -220 3 0
-66 -222 4 0
-67 -222 4 0
-68 -222 3 0
-76 -220 4 0
-75 -221 4 0
-74 -221 4 0
-73 -222 3 0
-69 -218 5 0
-70 -219 4 0
-70 -220 4 0
-92 -212 15 0
-76 -215 14 0
-79 -209 13 0
-80 -209 13 0
-81 -208 14 0
-72 -209 14 0
-78 -212 13 0
-65 -212 7 0
-63 -212 3 2
-64 -210 4 1
-64 -210 3 2
-61 -224 4 1
-61 -224 3 1
-58 -203 2 2
-70 -206 1 2
-70 -206 0 1
-87 -202 3 1
-79 -233 7 0
-79 -232 7 0
-53 -239 7 0
-55 -225 9 0
-55 -226 8 0
-55 -226 7 0
-57 -228 11 0
-92 -224 3 1
-91 -226 2 1
-90 -220 1 2
-91 -220 0 1
-91 -220 1 1
-91 -220 2 2
-91 -219 0 1
-90 -220 0 1
-90 -220 2 1
-90 -219 0 1
-90 -219 1 1
-90 -219 2 1
-89 -221 0 1
-89 -221 1 2
-89 -221 2 1
-89 -220 0 1
-89 -220 1 2
-89 -220 2 1
-89 -219 0 1
-89 -219 1 2
-89 -219 2 1
-92 -222 3 1
-96 -231 0 1
-96 -231 1 2
-96 -231 2 1
-96 -230 0 1
-96 -230 2 1
-96 -229 0 1
-96 -229 1 2
-96 -229 2 1
-95 -231 0 1
-95 -231 1 2
-95 -231 2 1
-95 -230 0 1
-95 -230 1 2
-95 -230 2 1
-95 -229 0 1
-95 -229 1 2
-95 -229 2 1
-99 -232 0 1
-99 -232 1 1
-99 -232 2 1
-98 -232 0 1
-98 -232 1 1
-97 -234 0 1
-97 -234 1 1
-97 -234 2 1
-97 -233 0 1
-97 -233 1 1
-97 -233 2 1
-97 -232 0 1
-97 -232 1 2
-97 -232 2 1
-99 -231 1 1
-99 -231 2 2
-88 -221 3 0
-90 -217 1 1
-90 -217 2 2
-90 -217 3 1
-90 -216 1 1
-90 -216 2 2
-90 -216 3 1
-90 -215 1 1
-90 -215 2 2
-90 -215 3 1
-98 -230 9 0
-98 -230 10 0
-99 -228 7 0
-99 -228 8 0
-99 -227 9 0
-98 -231 7 0
-97 -232 8 0
-97 -232 9 0
-98 -229 6 0
-97 -229 7 0
-96 -228 7 0
-96 -228 8 0
-100 -232 7 0
-98 -230 5 0
-97 -230 6 0
-96 -231 7 0
-95 -231 7 0
-98 -232 5 0
-98 -233 6 0
-97 -234 6 0
-97 -229 5 0
-95 -229 5 0
-94 -229 6 0
-97 -232 5 0
-96 -232 5 0
-95 -233 5 0
-97 -228 4 0
-99 -232 4 0
-99 -234 4 0
-97 -230 4 0
-96 -230 4 0
-95 -230 3 0
-94 -230 3 0
-98 -231 4 0
-98 -232 3 1
-97 -233 3 0
-95 -228 1 2
-96 -228 0 1
-96 -228 1 1
-96 -228 2 1
-96 -227 0 1
-95 -228 0 1
-95 -228 2 1
-95 -227 0 1
-95 -227 1 2
-95 -227 2 2
-94 -229 0 1
-94 -229 1 1
-94 -229 2 1
-94 -228 0 1
-94 -228 1 2
-94 -228 2 1
-94 -227 0 1
-94 -227 1 2
-94 -227 2 1
-97 -229 3 1
-98 -231 0 1
-98 -231 1 1
-98 -230 0 1
-98 -230 1 2
-98 -230 2 1
-96 -232 0 1
-96 -232 1 1
-96 -232 2 1
-97 -230 3 1
-92 -204 3 1
-92 -204 4 0
-91 -209 20 0
-94 -217 20 0
-93 -216 20 0
-92 -215 20 0
-92 -214 20 0
-91 -213 20 0
-95 -210 21 0
-93 -211 21 0
-92 -212 20 0
-89 -217 21 0
-90 -216 21 0
-95 -213 18 0
-96 -213 17 0
-100 -218 11 0
-97 -221 13 0
-97 -220 12 0
-98 -219 10 0
-98 -215 13 0
-89 -250 0 1
-89 -250 1 2
-89 -250 2 1
-88 -250 0 1
-88 -250 1 1
-88 -250 2 1
-87 -250 0 1
-87 -250 1 2
-87 -250 2 1
-92 -250 1 2
-93 -250 0 1
-93 -250 1 2
-93 -250 2 1
-93 -249 0 1
-93 -249 1 2
-93 -249 2 1
-92 -250 0 1
-92 -250 2 1
-92 -249 0 1
-92 -249 1 2
-92 -249 2 1
-91 -250 0 1
-91 -250 1 2
-91 -249 0 1
-84 -209 13 0
-96 -212 18 0
-81 -208 21 0
-90 -249 8 0
-89 -250 6 0
-88 -250 6 0
-88 -250 7 0
-87 -249 8 0
-91 -250 5 0
-91 -249 6 0
-92 -248 6 0
-92 -248 7 0
-89 -250 5 0
-89 -249 5 0
-88 -204 8 0
-93 -203 8 0
-93 -202 8 0
-93 -201 8 0
-54 -233 9 0
-90 -207 7 0
-89 -207 7 0
-95 -205 7 0
-98 -205 7 0
-92 -204 7 0
-91 -203 7 0
-90 -202 7 0
-89 -201 7 0
-93 -209 6 0
-77 -232 1 2
-77 -232 0 1
-78 -230 2 1
-78 -230 1 2
-78 -230 0 1
-79 -230 2 1
-79 -230 1 2
-83 -223 4 0
-93 -243 0 1
-74 -208 1 1
-74 -209 1 2
-74 -215 3 0
-81 -216 3 1
-80 -215 3 0
-80 -214 3 0
-79 -214 3 0
-77 -216 4 0
-95 -237 3 0
-96 -237 3 0
-97 -241 0 1
-97 -241 1 2
-97 -241 2 1
-97 -240 0 1
-97 -240 1 2
-97 -240 2 1
-97 -239 0 1
-97 -239 1 2
-97 -239 2 1
-96 -241 0 1
-96 -241 1 2
-96 -241 2 1
-95 -241 0 1
-95 -241 1 2
-95 -241 2 1
-93 -240 0 1
-93 -240 1 2
-93 -240 2 1
-92 -240 0 1
-92 -240 1 2
-80 -210 3 0
-82 -212 3 0
-84 -214 4 0
-79 -211 3 0
-77 -213 3 1
-77 -206 1 1
-81 -214 2 1
-59 -208 0 2
-59 -208 -1 1
-59 -209 1 1
-59 -209 0 2
-59 -209 -1 1
-67 -217 5 0
-66 -221 5 0
-98 -217 12 0
-94 -217 11 0
-94 -219 11 0
-94 -220 11 0
-98 -214 11 0
-51 -244 4 1
-51 -245 4 1
-90 -215 11 0
-93 -218 10 0
-92 -218 10 0
-91 -219 10 0
-95 -220 9 0
-91 -216 9 0
-94 -218 8 0
-75 -201 0 1
-63 -213 2 2
-74 -201 0 2
-74 -201 1 1
-82 -204 5 0
-58 -210 6 0
-82 -201 4 1
-56 -203 6 0
-81 -201 2 2
-56 -208 0 2
-63 -208 6 0
-83 -205 4 1
-74 -205 4 1
-73 -207 2 1
-73 -207 3 2
-56 -225 4 2
-56 -225 3 1
-64 -211 -1 1
-56 -226 3 1
-56 -227 3 1
-77 -203 5 0
-78 -203 5 0
-59 -215 3 1
-68 -208 2 1
-69 -208 4 1
-89 -210 21 0
-88 -211 21 0
-89 -216 23 0
-88 -215 22 0
-66 -219 4 1
-60 -210 3 1
-78 -215 5 0
-78 -216 5 0
-78 -216 6 0
-76 -214 4 0
-76 -215 4 0
-76 -216 4 0
-76 -217 4 0
-79 -215 3 0
-79 -216 3 0
-80 -217 3 0
-73 -211 1 2
-73 -210 1 1
-73 -209 1 1
-77 -214 3 0
-77 -217 2 1
-73 -212 0 1
-73 -212 1 1
-72 -212 0 1
-72 -212 1 2
-98 -250 10 0
-80 -216 0 1
-80 -216 1 2
-75 -209 0 1
-75 -208 0 1
-95 -250 9 0
-100 -250 8 0
-100 -249 8 0
-100 -249 9 0
-97 -250 7 0
-97 -249 7 0
-96 -248 8 0
-77 -214 6 0
-78 -215 7 0
-74 -215 6 0
-74 -216 7 0
-77 -216 5 0
-77 -217 6 0
-80 -215 5 1
-75 -215 4 0
-75 -216 4 0
-75 -217 4 0
-75 -218 4 0
-77 -215 3 0
-96 -250 6 0
-96 -249 5 0
-95 -249 5 0
-100 -250 5 0
-98 -250 5 0
-98 -249 4 0
-97 -248 4 0
-100 -249 1 2
-100 -250 0 1
-100 -250 1 2
-100 -250 2 2
-96 -205 2 1
-96 -205 3 2
-96 -205 4 1
-96 -204 2 1
-74 -212 9 0
-57 -242 9 0
-55 -239 7 0
-55 -239 8 0
-84 -213 20 0
-80 -209 22 0
-71 -201 7 0
-72 -203 7 0
-70 -203 9 0
-70 -204 8 0
-76 -205 9 0
-72 -206 7 0
-73 -203 10 0
-73 -204 8 0
-96 -213 4 2
-83 -208 14 0
-84 -211 14 0
-84 -211 13 0
-88 -213 11 0
-89 -214 11 0
-89 -215 12 0
-88 -210 9 0
-88 -209 10 0
-97 -209 11 0
-98 -221 14 0
-86 -213 19 0
-89 -209 20 0
-73 -210 9 0
-72 -210 11 0
-72 -210 12 0
-74 -211 9 0
-77 -238 1 2
-77 -238 0 1
-78 -236 2 1
-78 -236 1 2
-78 -236 0 1
-79 -236 2 1
-94 -219 9 0
-94 -217 9 0
-94 -216 9 0
-90 -218 10 0
-91 -217 10 0
-92 -216 10 0
-80 -238 6 0
-80 -238 7 0
-61 -221 7 0
-60 -220 7 0
-70 -206 4 1
-57 -203 1 2
-57 -205 2 1
-58 -203 3 1
-69 -202 1 1
-74 -202 -1 1
-73 -201 -1 1
-64 -209 3 2
-63 -221 3 1
-83 -244 2 1
-83 -244 1 2
-64 -213 8 0
-66 -217 9 0
-90 -209 16 0
-91 -212 18 0
-87 -216 17 0
-87 -215 18 0
-88 -215 18 0
-80 -238 4 0
-80 -210 2 1
-80 -210 1 2
-80 -210 0 1
-76 -212 4 0
-75 -212 5 0
-78 -210 6 0
-77 -210 6 0
-76 -210 6 0
-76 -214 7 0
-75 -214 6 0
-78 -237 2 1
-78 -237 1 2
-78 -237 0 1
-78 -238 2 1
-78 -238 1 2
-78 -238 0 1
-78 -239 2 1
-78 -239 1 1
-78 -239 0 1
-79 -237 2 1
-79 -237 1 1
-66 -203 0 2
-100 -217 4 2
-96 -222 4 0
-95 -223 4 0
-94 -223 4 0
-89 -246 3 0
-91 -245 5 0
-92 -245 6 0
-91 -242 5 0
-85 -247 4 0
-91 -247 3 0
-93 -247 4 0
-92 -244 3 0
-93 -243 3 0
-94 -246 2 1
-92 -243 0 1
-96 -220 9 0
-99 -213 9 0
-99 -214 9 0
-99 -215 9 0
-99 -216 9 0
-99 -217 9 0
-94 -217 10 0
-95 -217 10 0
-96 -217 10 0
-57 -219 10 0
-57 -219 11 0
-59 -220 9 0
-60 -221 11 0
-58 -218 9 0
-58 -216 10 0
-57 -221 8 0
-100 -207 8 0
-100 -206 9 0
-99 -212 6 0
-99 -213 6 0
-56 -220 8 0
-89 -214 20 0
-54 -242 7 0
-55 -243 6 0
-60 -243 8 0
-99 -211 22 0
-98 -212 21 0
-97 -212 21 0
-94 -218 22 0
-95 -217 22 0
-92 -214 23 0
-98 -209 23 0
-97 -210 23 0
-97 -211 22 0
-96 -212 22 0
-97 -217 24 0
-97 -216 23 0
-98 -239 2 1
-98 -239 1 2
-98 -239 0 1
-98 -240 2 1
-98 -240 1 1
-98 -240 0 1
-95 -241 3 0
-99 -242 2 1
-99 -242 1 1
-99 -242 0 1
-99 -243 2 1
-99 -243 1 2
-99 -243 0 1
-68 -221 4 0
-76 -214 14 0
-76 -213 14 0
-75 -206 14 0
-56 -231 6 0
-57 -231 6 0
-58 -231 6 0
-59 -231 6 0
-56 -229 5 0
-58 -241 6 0
-58 -240 7 0
-55 -244 5 0
-54 -245 6 0
-53 -245 6 0
-52 -245 7 0
-56 -242 5 0
-95 -207 9 0
-95 -206 9 0
-96 -205 9 0
-93 -212 9 0
-92 -213 9 0
-83 -214 6 0
-83 -215 6 0
-85 -207 6 0
-85 -249 1 1
-60 -220 5 1
-60 -220 6 0
-60 -221 6 0
-76 -210 3 1
-94 -209 2 1
-71 -206 5 0
-70 -204 5 0
-59 -209 8 0
-59 -226 3 1
-54 -223 4 1
-59 -229 4 0
-58 -228 5 0
-60 -227 6 0
-59 -227 6 0
-58 -227 6 0
-57 -227 6 0
-73 -211 10 0
-80 -211 3 0
-84 -210 5 0
-84 -210 4 0
-84 -210 3 0
-69 -212 1 1
-86 -230 5 0
-87 -231 7 0
-86 -228 6 0
-85 -227 8 0
-85 -231 5 0
-84 -232 6 0
-84 -232 7 0
-88 -229 6 0
-93 -247 2 1
-80 -238 1 1
-80 -238 2 1
-79 -240 0 1
-79 -240 1 1
-79 -240 2 1
-79 -239 0 1
-61 -212 1 2
-61 -212 2 2
-65 -206 -1 1
-65 -206 0 2
-65 -206 1 1
-66 -203 7 0
-54 -237 8 0
-54 -236 9 0
-53 -240 8 0
-53 -241 9 0
-55 -210 4 0
-77 -201 8 0
-85 -209 22 0
-53 -201 7 0
-52 -201 8 0
-54 -202 6 0
-55 -202 7 0
-55 -202 8 0
-52 -202 6 0
-55 -201 5 0
-84 -212 8 0
-83 -207 8 0
-52 -223 10 0
-53 -217 1 1
-52 -217 1 1
-52 -217 2 1
-52 -217 3 2
-51 -217 3 1
-55 -221 1 1
-53 -222 1 1
-85 -209 8 0
-52 -225 1 1
-52 -226 3 1
-95 -250 3 0
-93 -249 4 0
-92 -207 13 0
-95 -208 11 0
-95 -209 12 0
-94 -206 10 0
-94 -206 11 0
-94 -205 12 0
-93 -205 13 0
-93 -208 9 0
-96 -207 10 0
-97 -207 12 0
-92 -207 10 0
-92 -206 10 0
-91 -206 11 0
-70 -223 5 0
-71 -223 4 0
-57 -213 4 1
-57 -213 6 0
-55 -213 4 1
-58 -216 9 0
-59 -214 8 0
-56 -214 8 0
-58 -214 6 0
-57 -212 7 0
-98 -227 5 0
-97 -227 4 0
-96 -227 4 0
-99 -210 5 1
-99 -210 4 2
-99 -210 3 1
-82 -241 3 1
-82 -240 3 1
-86 -242 3 0
-87 -242 3 0
-88 -241 3 0
-88 -240 2 1
-83 -214 7 0
-80 -208 6 0
-80 -207 6 0
-80 -206 6 0
-62 -204 0 2
-62 -204 1 1
-59 -225 4 1
-70 -203 -1 1
-70 -202 -1 1
-70 -202 0 2
-70 -201 -1 1
-70 -201 0 2
-68 -206 1 2
-81 -242 6 0
-72 -202 5 0
-82 -238 8 0
-82 -238 7 0
-82 -239 6 0
-84 -242 8 0
-83 -241 6 0
-83 -241 5 0
-81 -240 8 0
-82 -240 7 0
-82 -240 6 0
-82 -240 4 0
-83 -240 0 1
-85 -239 2 1
-85 -239 1 2
-85 -239 0 1
-81 -241 3 1
-83 -240 2 1
-83 -240 1 2
-86 -239 1 2
-86 -239 0 1
-87 -239 1 1
-79 -233 6 0
-80 -236 8 0
-80 -236 7 0
-80 -236 6 0
-88 -239 0 1
-88 -240 1 2
-88 -240 0 1
-89 -211 12 0
-92 -214 11 0
-92 -216 12 0
-93 -201 6 0
-89 -205 4 0
-90 -203 6 0
-69 -209 5 0
-70 -209 6 0
-69 -209 6 0
-69 -208 5 0
-54 -240 9 0
-70 -208 8 0
-70 -215 9 0
-68 -211 10 0
-77 -209 7 0
-76 -211 8 0
-78 -214 9 0
-79 -206 9 0
-78 -210 7 0
-79 -211 7 0
-80 -211 8 0
-81 -211 8 0
-68 -211 11 0
-52 -249 2 1
-52 -249 3 1
-52 -248 1 1
-52 -248 2 1
-91 -202 2 2
-92 -203 1 1
-92 -203 2 2
-92 -203 3 1
-92 -202 1 1
-89 -226 2 1
-91 -234 0 1
-91 -234 1 2
-91 -234 2 1
-91 -233 0 1
-91 -233 1 1
-91 -233 2 1
-91 -232 0 1
-91 -232 1 2
-91 -232 2 1
-95 -232 3 0
-100 -226 1 1
-64 -220 4 1
-64 -220 3 2
-59 -224 4 2
-71 -214 4 1
-71 -214 3 2
-71 -214 2 2
-79 -233 5 0
-79 -234 5 0
-80 -235 4 0
-84 -239 5 0
-56 -203 4 0
-71 -215 9 0
-72 -214 9 0
-71 -206 9 0
-77 -212 10 0
-77 -215 12 0
-77 -214 12 0
-75 -208 12 0
-74 -208 9 0
-82 -211 12 0
-81 -210 12 0
-80 -210 12 0
-59 -215 1 1
-51 -241 8 0
-53 -235 7 0
-53 -244 7 0
-92 -206 12 0
-92 -206 11 0
-58 -240 6 0
-57 -240 6 0
-57 -241 5 1
-53 -241 8 0
-53 -241 7 0
-54 -241 6 0
-55 -242 5 0
-59 -242 8 0
-59 -242 7 0
-57 -242 6 0
-54 -245 8 0
-54 -245 7 0
-55 -244 7 0
-56 -240 8 0
-56 -241 7 0
-67 -205 4 1
-67 -204 4 0
-65 -208 5 0
-65 -209 5 0
-60 -218 4 1
-54 -220 9 0
-59 -225 8 0
-59 -224 5 1
-80 -211 11 0
-59 -223 5 1
-82 -215 19 0
-89 -212 19 0
-90 -212 19 0
-91 -212 19 0
-53 -245 1 1
-86 -216 18 0
-76 -212 17 0
-77 -212 16 0
-77 -211 15 0
-72 -227 3 0
-77 -223 2 1
-70 -223 3 0
-79 -227 3 0
-70 -230 3 0
-71 -229 3 0
-80 -208 10 0
-80 -228 5 0
-55 -215 3 2
-54 -217 1 1
-84 -222 4 0
-78 -209 14 0
-78 -214 16 0
-78 -213 15 0
-78 -212 14 0
-98 -231 5 0
-99 -230 6 0
-96 -233 7 0
-97 -233 7 0
-97 -229 8 0
-97 -230 8 0
-98 -230 7 0
-98 -234 9 0
-98 -233 8 0
-99 -233 7 0
-99 -232 6 0
-99 -231 10 0
-99 -231 9 0
-100 -231 1 1
-100 -232 2 1
-100 -232 1 2
-98 -233 2 1
-98 -233 1 2
-99 -204 7 0
-100 -210 3 1
-100 -210 4 2
-98 -233 0 1
-96 -245 7 0
-97 -245 7 0
-98 -246 7 0
-76 -201 7 0
-77 -204 9 0
-54 -222 5 0
-99 -210 21 0
-58 -206 1 1
-99 -242 8 0
-99 -243 8 0
-100 -244 7 0
-100 -245 7 0
-58 -206 0 2
-80 -219 0 1
-79 -221 0 1
-79 -221 1 1
-79 -221 2 1
-78 -219 7 0
-77 -219 8 0
-80 -220 6 0
-80 -220 7 0
-80 -221 8 0
-79 -218 6 0
-79 -217 7 0
-78 -216 8 0
-78 -220 4 0
-89 -238 6 0
-92 -238 8 0
-92 -237 7 0
-94 -211 20 0
-94 -228 7 0
-92 -227 9 0
-93 -227 7 0
-89 -228 0 1
-84 -233 0 1
-63 -246 6 0
-63 -246 7 0
-64 -245 7 0
-61 -247 5 0
-63 -248 5 0
-64 -247 5 0
-65 -247 5 0
-66 -246 6 0
-62 -245 5 0
-53 -226 9 0
-95 -207 4 2
-95 -207 3 2
-54 -219 6 0
-63 -216 3 2
-78 -205 3 2
-54 -223 6 0
-54 -223 7 0
-67 -207 -1 1
-63 -205 -1 1
-63 -205 0 2
-55 -228 6 1
-62 -203 5 0
-85 -201 6 0
-73 -210 6 0
-72 -211 6 0
-74 -210 5 0
-62 -247 8 0
-57 -247 6 0
-57 -246 6 0
-56 -246 7 0
-94 -225 5 0
-95 -220 5 0
-89 -246 5 0
-88 -243 5 0
-88 -242 6 0
-91 -244 6 0
-90 -242 4 0
-90 -241 5 0
-91 -243 3 0
-92 -242 3 0
-91 -242 0 1
-91 -242 1 2
-91 -242 2 1
-91 -241 0 1
-90 -231 5 0
-87 -229 4 0
-90 -227 4 0
-89 -234 4 0
-100 -230 1 1
-100 -230 2 2
-100 -230 3 1
-100 -229 1 1
-100 -229 2 2
-100 -229 3 1
-100 -228 1 1
-51 -245 1 1
-51 -246 3 1
-87 -213 19 0
-81 -211 20 0
-90 -209 20 0
-89 -210 20 0
-78 -201 6 0
-55 -207 4 0
-88 -211 20 0
-85 -216 21 0
-85 -216 20 0
-71 -218 3 0
-84 -245 5 0
-85 -241 8 0
-79 -242 0 1
-79 -241 0 1
-79 -241 1 2
-86 -237 0 1
-86 -237 1 1
-85 -237 0 1
-91 -250 2 1
-71 -211 2 1
-67 -202 -1 1
-71 -212 4 1
-73 -231 3 0
-72 -231 5 0
-73 -230 5 0
-74 -230 4 0
-77 -226 6 0
-77 -227 5 0
-76 -228 4 0
-74 -231 5 0
-75 -227 7 0
-75 -228 6 0
-77 -231 8 0
-77 -231 7 0
-76 -230 6 0
-74 -230 8 0
-55 -232 6 0
-51 -213 7 0
-83 -244 3 0
-82 -244 3 0
-81 -244 2 1
-80 -245 2 1
-85 -242 3 0
-84 -240 2 1
-75 -210 16 0
-77 -211 13 0
-65 -215 7 0
-65 -216 4 1
-55 -227 3 1
-55 -226 3 1
-55 -226 4 2
-54 -227 3 1
-54 -226 3 1
-58 -224 3 1
-85 -209 19 0
-88 -216 19 0
-66 -203 -1 1
-62 -205 1 1
-63 -205 2 0
-86 -215 17 0
-76 -209 8 0
-71 -211 7 0
-73 -213 9 0
-71 -208 9 0
-55 -243 9 0
-58 -250 7 0
-58 -250 6 0
-59 -246 8 0
-59 -247 8 0
-56 -214 3 2
-56 -214 2 1
-56 -214 1 2
-87 -242 4 0
-87 -243 4 0
-87 -244 4 0
-87 -245 4 0
-82 -245 5 0
-83 -245 5 0
-77 -213 8 0
-88 -238 2 1
-88 -244 7 0
-89 -242 5 0
-90 -242 6 0
-88 -240 4 0
-90 -244 4 0
-91 -245 4 0
-90 -241 3 0
-91 -240 3 0
-91 -243 6 0
-88 -245 3 0
-89 -241 4 0
-90 -242 3 0
-91 -242 3 0
-91 -241 3 0
-90 -241 0 1
-90 -241 1 2
-90 -241 2 1
-90 -240 0 1
-90 -240 1 1
-90 -240 2 1
-99 -230 4 0
-97 -225 5 0
-96 -225 4 0
-95 -225 4 0
-84 -215 6 0
-84 -212 7 0
-81 -206 7 0
-89 -210 7 0
-80 -213 7 0
-82 -212 7 0
-82 -247 6 0
-83 -246 6 0
-78 -239 4 0
-79 -239 4 0
-78 -231 4 0
-72 -232 6 0
-73 -232 5 0
-74 -232 5 0
-75 -231 4 0
-79 -210 8 0
-78 -208 8 0
-78 -208 9 0
-78 -207 10 0
-77 -211 9 0
-79 -209 7 0
-80 -209 8 0
-81 -209 9 0
-82 -209 10 0
-79 -213 8 0
-70 -203 4 0
-68 -207 4 1
-69 -206 4 1
-56 -240 2 2
-67 -203 8 0
-68 -203 7 0
-68 -204 6 0
-69 -204 6 0
-52 -202 3 2
-52 -202 2 1
-52 -202 1 2
-62 -213 4 1
-70 -212 4 1
-70 -212 2 1
-54 -249 1 1
-54 -249 2 1
-54 -249 3 1
-54 -248 1 1
-54 -248 2 1
-54 -247 1 1
-54 -247 2 1
-61 -243 1 1
-60 -243 1 2
-55 -243 1 1
-55 -243 2 2
-55 -243 3 1
-54 -243 1 1
-73 -211 12 0
-74 -215 12 0
-70 -211 9 0
-71 -210 7 0
-96 -214 23 0
-97 -214 24 0
-97 -215 25 0
-65 -205 5 0
-66 -205 5 0
-67 -205 5 0
-68 -208 5 0
-67 -201 6 0
-67 -210 2 1
-67 -210 3 2
-67 -210 4 1
-64 -206 2 0
-80 -212 19 0
-59 -215 4 1
-57 -210 7 0
-77 -212 17 0
-62 -210 4 1
-65 -249 3 2
-87 -210 4 0
-87 -210 5 0
-83 -211 4 0
-86 -207 4 0
-86 -208 5 0
-86 -208 6 0
-89 -248 5 0
-91 -246 7 0
-91 -247 6 0
-91 -248 6 0
-90 -249 5 0
-86 -248 8 0
-87 -248 7 0
-87 -249 6 0
-88 -249 6 0
-85 -210 11 0
-85 -210 10 0
-62 -245 6 0
-64 -247 8 0
-63 -247 7 0
-60 -245 9 0
-60 -246 8 0
-62 -249 9 0
-62 -249 8 0
-62 -249 7 0
-63 -246 1 1
-65 -245 3 0
-67 -249 4 0
-51 -225 10 0
-52 -227 3 1
-51 -237 8 0
-52 -237 7 0
-60 -221 1 1
-61 -219 3 1
-58 -220 6 0
-51 -231 4 1
-59 -220 8 0
-98 -209 5 1
-98 -209 4 2
-98 -209 3 1
-97 -209 4 2
-92 -210 4 1
-92 -210 5 0
-95 -206 5 1
-100 -209 21 0
-100 -210 21 0
-100 -211 21 0
-100 -212 21 0
-75 -209 17 0
-88 -213 12 0
-88 -212 11 0
-89 -209 13 0
-89 -210 12 0
-91 -213 14 0
-90 -212 13 0
-52 -221 9 0
-58 -222 10 0
-53 -225 10 0
-54 -220 10 0
-55 -220 9 0
-56 -224 11 0
-94 -216 11 0
-99 -211 12 0
-99 -212 11 0
-98 -213 11 0
-98 -213 10 0
-98 -219 12 0
-94 -213 12 0
-95 -213 12 0
-95 -214 11 0
-96 -214 10 0
-51 -213 8 0
-54 -206 -1 1
-55 -221 3 2
-61 -210 1 2
-61 -210 2 1
-65 -206 7 0
-64 -206 8 0
-64 -206 9 0
-66 -207 7 0
-67 -207 8 0
-67 -208 9 0
-65 -205 7 0
-64 -208 7 0
-64 -209 8 0
-66 -202 5 0
-64 -204 2 0
-64 -201 2 0
-64 -201 -1 1
-64 -201 0 2
-64 -201 1 1
-80 -239 0 1
-66 -209 -1 1
-80 -238 0 1
-92 -206 6 0
-91 -206 6 0
-90 -206 5 0
-58 -237 3 1
-88 -249 4 0
-88 -250 4 0
-84 -250 5 0
-84 -241 6 0
-84 -242 5 0
-85 -243 5 0
-58 -229 6 0
-59 -229 6 0
-90 -213 21 0
-90 -208 22 0
-94 -202 10 0
-94 -201 10 0
-91 -205 9 0
-55 -240 1 1
-54 -209 3 0
-78 -221 4 0
-84 -232 3 0
-88 -231 3 0
-89 -231 3 0
-90 -231 3 0
-91 -231 3 0
-90 -210 13 0
-92 -213 14 0
-91 -213 13 0
-91 -213 12 0
-89 -212 14 0
-88 -210 4 0
-88 -210 5 0
-89 -211 7 0
-91 -212 5 0
-74 -206 6 0
-75 -206 6 0
-76 -207 3 2
-60 -222 4 2
-60 -222 5 1
-58 -221 2 2
-54 -202 5 0
-55 -209 5 0
-55 -210 5 0
-51 -205 4 0
-66 -213 1 2
-79 -242 5 0
-82 -237 4 0
-88 -214 12 0
-86 -246 7 0
-58 -239 8 0
-52 -214 5 0
-53 -215 6 0
-55 -245 1 1
-55 -246 3 1
-63 -217 9 0
-62 -217 8 0
-60 -215 10 0
-60 -216 9 0
-62 -219 11 0
-61 -218 9 0
-58 -215 4 1
-59 -224 2 1
-59 -224 1 1
-60 -224 2 1
-60 -224 1 1
-61 -224 2 1
-61 -224 1 1
-55 -216 5 1
-59 -214 6 0
-53 -218 7 0
-56 -215 8 0
-96 -209 8 0
-91 -207 8 0
-92 -207 8 0
-93 -208 8 0
-94 -209 8 0
-94 -209 9 0
-100 -210 8 0
-98 -210 8 0
-91 -213 9 0
-80 -212 7 0
-83 -205 7 0
-83 -206 7 0
-83 -208 7 0
-86 -214 8 0
-95 -208 9 0
-90 -209 9 0
-91 -209 9 0
-69 -217 2 1
-71 -216 3 1
-70 -216 3 2
-58 -240 2 1
-81 -214 8 0
-100 -223 8 0
-99 -227 7 0
-87 -210 8 0
-88 -210 8 0
-89 -210 8 0
-82 -210 16 0
-83 -210 16 0
-83 -210 15 0
-84 -210 15 0
-85 -209 14 0
-53 -209 6 0
-57 -241 6 0
-54 -244 8 0
-88 -241 1 1
-88 -241 2 1
-81 -241 1 2
-97 -219 14 0
-97 -219 15 0
-99 -220 13 0
-100 -221 15 0
-98 -217 14 0
-96 -222 14 0
-100 -231 10 0
-100 -230 9 0
-76 -213 2 1
-76 -213 1 2
-71 -212 7 0
-67 -215 9 0
-69 -210 9 0
-73 -213 4 1
-71 -217 5 0
-87 -211 18 0
-85 -210 18 0
-83 -212 24 0
-85 -212 20 0
-85 -212 21 0
-86 -212 22 0
-86 -213 22 0
-86 -213 23 0
-86 -211 20 0
-87 -211 21 0
-88 -211 22 0
-72 -212 2 1
-98 -211 4 2
-98 -211 5 1
-97 -213 5 1
-55 -212 9 0
-55 -213 8 0
-54 -215 10 0
-54 -215 9 0
-54 -213 2 2
-53 -212 2 1
-53 -212 3 1
-52 -227 4 2
-71 -202 4 0
-78 -206 7 0
-78 -205 7 0
-77 -234 3 0
-78 -235 3 0
-86 -238 3 1
-85 -238 3 1
-77 -241 3 0
-78 -240 3 0
-79 -239 3 0
-81 -233 3 0
-81 -234 3 0
-81 -235 3 0
-57 -239 1 1
-57 -239 2 1
-56 -239 1 1
-60 -225 4 1
-87 -243 2 1
-56 -242 3 1
-56 -242 2 2
-56 -242 1 1
-54 -227 8 0
-51 -220 6 0
-87 -208 11 0
-93 -213 11 0
-86 -212 11 0
-91 -208 11 0
-90 -210 10 0
-90 -215 12 0
-90 -214 12 0
-90 -214 11 0
-89 -213 10 0
-86 -209 12 0
-87 -210 11 0
-92 -211 13 0
-91 -211 11 0
-90 -211 11 0
-90 -211 10 0
-87 -214 13 0
-87 -213 12 0
-83 -206 10 0
-76 -207 11 0
-75 -207 11 0
-75 -208 10 0
-74 -215 1 2
-52 -243 6 0
-53 -243 6 0
-58 -238 7 0
-75 -231 0 1
-75 -231 1 2
-54 -224 2 2
-70 -214 7 0
-57 -228 5 0
-58 -234 4 0
-56 -231 5 0
-58 -230 3 0
-97 -206 10 0
-79 -232 5 0
-75 -234 7 0
-65 -215 4 1
-57 -223 7 0
-75 -234 6 0
-76 -233 5 0
-77 -229 7 0
-77 -230 7 0
-77 -230 6 0
-78 -233 8 0
-78 -233 7 0
-78 -233 6 0
-76 -232 8 0
-76 -232 7 0
-81 -234 4 0
-81 -233 4 0
-82 -233 4 0
-83 -232 4 0
-77 -234 4 0
-76 -234 4 0
-75 -234 4 0
-74 -234 4 0
-79 -234 3 0
-79 -233 3 0
-62 -202 1 1
-55 -223 3 1
-99 -212 24 0
-52 -241 1 1
-59 -222 5 1
-59 -222 4 1
-58 -226 9 0
-57 -227 8 0
-86 -209 11 0
-86 -209 10 0
-89 -250 4 0
-61 -223 7 0
-57 -217 8 0
-57 -218 8 0
-63 -219 9 0
-63 -219 8 0
-65 -214 7 0
-62 -213 5 0
-87 -208 9 0
-89 -214 9 0
-88 -213 9 0
-89 -209 9 0
-52 -225 5 1
-63 -211 -1 1
-83 -201 9 0
-61 -209 8 0
-62 -244 2 1
-54 -229 6 1
-53 -223 7 0
-52 -223 6 0
-52 -222 7 0
-57 -206 6 0
-60 -209 6 0
-62 -207 9 0
-62 -207 8 0
-52 -206 7 0
-51 -205 5 0
-58 -202 1 2
-59 -203 2 1
-59 -204 2 1
-59 -206 3 0
-62 -208 2 1
-55 -207 2 0
-57 -207 3 0
-62 -204 3 0
-60 -209 3 0
-66 -207 0 2
-69 -202 0 2
-66 -204 1 1
-66 -204 2 0
-67 -204 2 1
-54 -223 2 2
-98 -210 21 0
-98 -209 21 0
-98 -208 21 0
-60 -209 2 1
-76 -203 3 2
-63 -219 4 1
-53 -231 5 0
-52 -230 3 1
-51 -230 3 1
-55 -230 4 0
-53 -228 2 2
-53 -228 1 1
-93 -230 1 1
-93 -241 1 1
-93 -241 2 1
-92 -241 0 1
-92 -241 1 2
-92 -241 2 1
-96 -233 2 1
-96 -233 0 1
-96 -233 1 2
-95 -234 3 0
-95 -233 2 1
-95 -233 1 1
-95 -233 0 1
-95 -233 3 0
-93 -231 1 2
-92 -239 6 0
-92 -239 7 0
-91 -239 8 0
-94 -240 6 0
-94 -240 7 0
-94 -240 8 0
-92 -240 5 0
-91 -240 6 0
-56 -232 8 0
-56 -233 8 0
-55 -234 7 0
-55 -240 9 0
-51 -234 9 0
-52 -234 8 0
-52 -235 8 0
-58 -235 9 0
-57 -236 9 0
-55 -236 6 1
-52 -239 10 0
-53 -238 9 0
-53 -238 8 0
-54 -233 10 0
-54 -234 9 0
-54 -234 8 0
-54 -235 7 0
-61 -217 8 0
-84 -202 4 1
-56 -224 3 1
-56 -224 4 2
-55 -224 3 1
-56 -250 2 1
-57 -229 5 0
-57 -230 5 0
-56 -230 5 0
-55 -231 5 0
-52 -231 5 0
-53 -231 6 0
-59 -233 5 0
-58 -233 6 0
-63 -213 5 0
-65 -217 2 1
-84 -206 19 0
-51 -232 6 1
-65 -207 6 0
-64 -207 7 0
-66 -202 6 0
-92 -215 24 0
-93 -215 24 0
-94 -210 25 0
-94 -211 24 0
-94 -211 23 0
-60 -248 2 2
-60 -248 1 1
-60 -249 3 1
-58 -206 6 0
-51 -222 6 0
-63 -205 5 0
-69 -201 5 0
-66 -207 4 1
-65 -208 4 1
-64 -210 5 0
-64 -211 6 0
-56 -209 0 2
-66 -248 3 1
-66 -248 2 1
-66 -249 4 1
-57 -222 6 0
-58 -221 5 0
-60 -223 5 1
-80 -235 2 1
-80 -235 1 2
-80 -235 0 1
-80 -236 2 1
-87 -203 7 0
-89 -201 6 0
-52 -233 9 0
-63 -250 3 1
-62 -250 2 2
-96 -236 2 1
-96 -236 1 1
-96 -236 0 1
-96 -237 2 1
-96 -237 1 1
-96 -237 0 1
-95 -242 2 1
-95 -242 1 2
-95 -242 0 1
-96 -242 2 1
-96 -236 4 0
-95 -236 4 0
-94 -237 4 0
-91 -242 4 0
-91 -241 4 0
-91 -240 4 0
-90 -247 7 0
-61 -226 3 0
-54 -220 5 1
-55 -221 5 0
-62 -224 5 0
-56 -202 7 0
-52 -205 7 0
-69 -213 7 0
-68 -213 10 0
-55 -204 8 0
-54 -203 6 0
-52 -203 9 0
-52 -203 8 0
-53 -203 6 0
-74 -214 8 0
-74 -213 8 0
-51 -229 7 0
-79 -211 8 0
-78 -210 8 0
-77 -210 8 0
-72 -212 9 0
-100 -209 12 0
-100 -209 13 0
-76 -214 9 0
-75 -213 9 0
-100 -207 11 0
-99 -206 11 0
-55 -223 7 0
-55 -224 7 0
-89 -234 6 0
-90 -234 7 0
-90 -235 8 0
-53 -213 3 1
-81 -208 12 0
-81 -211 14 0
-82 -211 13 0
-100 -211 18 0
-100 -210 17 0
-98 -214 19 0
-97 -214 18 0
-97 -215 17 0
-100 -214 20 0
-53 -240 1 1
-59 -239 2 1
-59 -239 1 1
-99 -213 19 0
-99 -213 18 0
-80 -211 20 0
-80 -211 21 0
-80 -211 22 0
-82 -211 19 0
-82 -211 20 0
-83 -212 21 0
-81 -210 19 0
-81 -209 19 0
-81 -209 20 0
-90 -250 7 0
-67 -203 0 2
-76 -201 5 0
-51 -204 2 1
-78 -205 5 0
-78 -206 5 0
-78 -205 6 0
-78 -206 6 0
-60 -203 0 2
-51 -209 -1 1
-77 -205 5 0
-77 -205 6 0
-79 -203 7 0
-54 -208 1 1
-54 -207 -1 1
-74 -205 5 0
-77 -201 -1 1
-52 -206 2 0
-53 -222 9 0
-54 -223 8 0
-77 -211 11 0
-60 -224 9 0
-57 -206 1 1
-64 -217 1 2
-64 -216 1 2
-64 -216 2 1
-62 -212 2 2
-63 -206 7 0
-64 -206 6 0
-55 -209 8 0
-56 -239 3 1
-55 -239 1 1
-56 -201 4 0
-57 -202 4 0
-57 -227 0 1
-56 -209 7 0
-69 -203 4 0
-99 -228 9 0
-74 -210 6 0
-72 -205 7 0
-74 -209 5 0
-75 -208 4 1
-63 -249 4 1
-98 -212 18 0
-53 -237 9 0
-53 -237 10 0
-55 -238 7 0
-56 -238 9 0
-66 -214 8 0
-66 -214 9 0
-71 -218 5 0
-70 -218 4 0
-67 -221 6 0
-70 -220 7 0
-68 -218 6 0
-71 -215 0 1
-68 -226 0 1
-66 -216 1 2
-74 -219 2 1
-69 -215 1 2
-70 -214 1 2
-70 -215 1 2
-61 -213 1 1
-61 -214 1 1
-61 -215 1 1
-65 -221 3 1
-57 -215 4 1
-56 -246 9 0
-75 -230 4 0
-80 -230 7 0
-79 -230 6 0
-77 -230 4 0
-74 -233 7 0
-75 -233 6 0
-75 -232 5 0
-76 -228 7 0
-76 -229 6 0
-78 -232 8 0
-77 -232 7 0
-96 -223 1 1
-97 -223 1 1
-99 -227 4 1
-98 -221 4 1
-98 -221 3 2
-99 -231 6 0
-97 -227 7 0
-98 -227 6 0
-82 -223 8 0
-92 -214 14 0
-60 -224 3 1
-66 -249 6 0
-66 -248 7 0
-67 -250 5 0
-68 -250 5 0
-69 -249 5 0
-67 -249 3 0
-70 -249 0 1
-70 -249 1 1
-52 -238 9 0
-87 -207 9 0
-87 -206 9 0
-79 -235 8 0
-94 -206 5 1
-93 -206 6 0
-66 -212 7 0
-65 -211 6 0
-78 -207 2 2
-64 -212 7 0
-58 -232 10 0
-100 -204 7 0
-78 -207 4 1
-63 -213 7 0
-74 -211 13 0
-72 -205 2 2
-72 -205 3 1
-100 -206 12 0
-100 -204 11 0
-99 -203 11 0
-100 -208 10 0
-100 -205 8 0
-100 -205 12 0
-100 -202 11 0
-100 -204 8 0
-100 -201 10 0
-100 -202 8 0
-99 -228 3 1
-99 -227 1 1
-66 -219 2 2
-66 -219 1 2
-94 -212 20 0
-98 -216 18 0
-97 -215 19 0
-96 -215 19 0
-72 -204 5 0
-97 -209 19 0
-75 -206 7 0
-74 -209 6 0
-73 -212 4 1
-54 -201 6 0
-51 -204 4 0
-51 -203 4 1
-51 -202 5 0
-51 -208 4 0
-51 -209 5 0
-52 -203 4 1
-52 -202 4 1
-52 -201 4 1
-81 -206 3 1
-72 -208 5 0
-84 -203 4 1
-84 -202 2 2
-84 -202 3 2
-84 -201 2 1
-84 -201 3 2
-84 -201 4 1
-78 -201 2 2
-78 -201 3 2
-78 -201 4 1
-77 -201 2 1
-77 -201 3 2
-68 -210 4 1
-83 -201 1 1
-91 -246 3 0
-90 -246 3 0
-85 -245 3 0
-86 -246 4 0
-86 -247 4 0
-88 -248 4 0
-87 -213 8 0
-93 -223 0 1
-78 -221 1 2
-78 -221 2 1
-83 -229 4 0
-82 -230 4 0
-82 -231 5 0
-85 -226 4 0
-86 -225 4 0
-87 -225 4 0
-88 -224 4 0
-84 -228 3 0
-85 -228 3 0
-86 -231 4 0
-82 -228 3 0
-81 -229 3 0
-85 -227 3 0
-86 -227 3 0
-87 -227 3 0
-88 -227 3 0
-84 -229 3 0
-84 -230 3 0
-84 -231 2 1
-84 -232 2 1
-89 -231 0 1
-89 -231 1 2
-89 -231 2 1
-89 -230 0 1
-89 -230 1 2
-89 -230 2 1
-89 -229 0 1
-89 -229 1 2
-89 -229 2 1
-88 -231 0 1
-88 -231 1 2
-88 -231 2 1
-87 -231 0 1
-87 -231 1 2
-87 -231 2 1
-83 -231 0 1
-83 -231 1 2
-83 -230 0 1
-83 -230 1 1
-88 -227 0 1
-61 -204 3 0
-81 -215 19 0
-78 -213 8 0
-84 -210 18 0
-86 -209 19 0
-87 -208 19 0
-83 -212 18 0
-83 -213 18 0
-76 -213 6 0
-96 -213 26 0
-82 -211 9 0
-98 -214 23 0
-98 -214 24 0
-86 -217 18 0
-99 -214 25 0
-99 -215 26 0
-77 -205 2 1
-99 -215 24 0
-78 -205 4 1
-83 -202 7 0
-96 -212 24 0
-90 -211 23 0
-88 -211 17 0
-92 -214 21 0
-68 -211 8 0
-73 -235 0 1
-74 -233 2 1
-74 -233 1 2
-92 -224 7 0
-91 -224 9 0
-92 -221 8 0
-91 -226 8 0
-90 -222 6 0
-90 -222 7 0
-89 -222 7 0
-93 -228 7 0
-89 -225 6 0
-88 -225 6 0
-91 -227 5 0
-90 -223 4 0
-89 -223 5 0
-88 -223 5 0
-89 -227 4 0
-97 -218 1 1
-96 -218 1 1
-89 -224 3 0
-88 -224 2 1
-91 -222 6 0
-91 -222 8 0
-91 -222 9 0
-90 -224 8 0
-93 -226 7 0
-89 -223 6 0
-88 -224 6 0
-90 -227 5 0
-87 -221 5 0
-88 -225 4 0
-88 -222 3 0
-93 -221 0 1
-93 -220 0 1
-90 -220 9 0
-93 -222 8 0
-93 -222 9 0
-89 -219 7 0
-93 -218 6 0
-88 -222 6 0
-87 -222 6 0
-90 -224 5 0
-89 -220 4 0
-89 -222 4 0
-88 -223 4 0
-88 -224 0 1
-88 -224 1 1
-92 -220 8 0
-89 -221 7 0
-89 -221 8 0
-87 -220 6 0
-87 -219 3 0
-98 -219 11 0
-100 -219 10 0
-97 -222 13 0
-99 -217 13 0
-99 -218 12 0
-100 -221 13 0
-98 -219 14 0
-98 -219 13 0
-94 -203 7 0
-94 -202 7 0
-95 -202 6 0
-59 -206 -1 1
-60 -204 1 1
-60 -204 0 2
-63 -248 2 1
-63 -248 3 2
-63 -247 2 1
-63 -247 3 2
-82 -227 8 0
-84 -227 5 0
-84 -228 6 0
-85 -228 7 0
-85 -228 8 0
-83 -224 8 0
-82 -228 6 0
-82 -229 6 0
-82 -229 7 0
-86 -226 6 0
-87 -226 7 0
-80 -225 7 0
-84 -229 5 0
-85 -231 6 0
-85 -223 6 0
-81 -228 5 0
-85 -227 4 0
-86 -228 5 0
-87 -228 5 0
-88 -228 5 0
-83 -228 4 0
-91 -211 12 0
-93 -214 14 0
-93 -214 13 0
-92 -214 12 0
-90 -213 14 0
-90 -211 5 0
-90 -211 6 0
-92 -212 5 0
-91 -212 8 0
-89 -213 7 0
-92 -215 6 0
-91 -214 7 0
-88 -212 21 0
-54 -204 2 1
-57 -230 8 0
-62 -218 5 0
-66 -218 2 2
-58 -217 4 1
-58 -211 0 2
-58 -219 2 1
-58 -211 1 1
-70 -205 -1 1
-70 -207 1 1
-67 -207 4 1
-66 -208 4 1
-53 -228 7 0
-51 -226 4 1
-52 -226 6 1
-52 -226 4 1
-53 -226 5 2
-52 -226 5 1
-54 -231 10 0
-54 -232 9 0
-54 -232 8 0
-54 -233 7 0
-56 -235 10 0
-55 -235 10 0
-55 -235 9 0
-69 -203 2 1
-77 -203 1 1
-68 -216 4 1
-62 -212 1 2
-61 -211 1 2
-51 -216 6 0
-51 -216 5 1
-60 -203 3 0
-60 -204 3 0
-60 -210 5 0
-59 -203 6 0
-84 -233 1 2
-85 -235 0 1
-85 -235 1 2
-55 -221 4 1
-53 -224 3 1
-59 -226 0 1
-79 -230 0 1
-86 -213 16 0
-54 -243 7 0
-87 -215 24 0
-90 -212 20 0
-91 -213 21 0
-56 -241 5 1
-57 -243 9 0
-65 -214 0 1
-65 -213 0 1
-65 -213 1 2
-53 -235 2 2
-53 -235 3 1
-55 -239 4 1
-52 -239 2 2
-56 -210 1 1
-57 -210 2 0
-57 -209 2 0
-64 -204 6 0
-51 -229 9 0
-55 -230 7 0
-62 -213 7 0
-65 -215 2 2
-58 -223 6 1
-88 -245 5 0
-84 -244 7 0
-84 -245 7 0
-85 -245 6 0
-100 -227 8 0
-75 -214 8 0
-77 -211 7 0
-78 -211 7 0
-99 -230 9 0
-74 -209 10 0
-86 -215 20 0
-91 -212 20 0
-54 -224 4 1
-79 -204 7 0
-79 -205 7 0
-77 -202 5 0
-81 -202 3 2
-57 -227 4 1
-51 -202 2 1
-64 -212 3 2
-83 -203 6 0
-51 -202 1 1
-69 -210 8 0
-82 -215 17 0
-70 -211 2 1
-62 -218 4 1
-59 -222 7 0
-59 -221 7 0
-61 -222 6 0
-57 -203 -1 1
-58 -208 2 0
-53 -208 3 0
-53 -209 3 0
-75 -212 16 0
-80 -207 17 0
-80 -208 16 0
-79 -209 16 0
-79 -213 17 0
-79 -212 16 0
-64 -219 5 0
-71 -201 5 0
-93 -215 22 0
-93 -216 22 0
-95 -231 3 0
-96 -232 3 0
-93 -230 3 0
-94 -231 4 0
-95 -232 4 0
-94 -235 4 0
-96 -231 4 0
-96 -233 4 0
-54 -221 2 1
-54 -221 3 2
-54 -221 4 1
-59 -226 5 1
-87 -213 10 0
-87 -213 11 0
-88 -214 11 0
-88 -208 10 0
-88 -207 11 0
-89 -207 11 0
-91 -212 10 0
-86 -209 9 0
-85 -207 10 0
-86 -213 9 0
-85 -215 10 0
-80 -205 6 0
-81 -209 6 0
-95 -215 8 0
-100 -216 8 0
-94 -215 14 0
-92 -211 14 0
-97 -218 8 0
-96 -218 8 0
-95 -219 8 0
-94 -219 7 0
-98 -216 8 0
-98 -215 8 0
-98 -214 7 0
-97 -220 8 0
-97 -221 7 0
-96 -222 7 0
-97 -215 12 0
-73 -214 9 0
-91 -209 12 0
-97 -217 8 0
-54 -218 6 0
-52 -219 8 0
-56 -219 9 0
-54 -226 8 0
-55 -246 7 0
-58 -244 6 0
-59 -243 7 0
-57 -228 10 0
-56 -227 7 0
-78 -213 20 0
-84 -210 20 0
-95 -215 24 0
-77 -208 19 0
-81 -212 17 0
-81 -213 18 0
-81 -214 19 0
-81 -209 17 0
-98 -210 23 0
-97 -209 23 0
-99 -216 22 0
-98 -217 22 0
-98 -218 23 0
-81 -211 17 0
-79 -208 17 0
-79 -207 18 0
-78 -206 18 0
-95 -212 22 0
-100 -214 21 0
-83 -209 17 0
-61 -211 4 1
-61 -211 3 2
-51 -207 4 0
-52 -207 4 0
-54 -201 4 0
-54 -202 4 0
-81 -206 16 0
-75 -213 8 0
-76 -213 11 0
-75 -214 10 0
-79 -210 12 0
-80 -209 10 0
-81 -209 10 0
-78 -213 10 0
-79 -214 9 0
-78 -209 10 0
-78 -211 10 0
-57 -232 0 1
-57 -232 1 2
-57 -232 2 1
-85 -211 2 1
-84 -211 0 1
-84 -211 1 2
-84 -211 2 1
-84 -210 0 1
-84 -210 1 2
-84 -210 2 1
-84 -209 0 1
-84 -209 1 2
-84 -209 2 1
-84 -206 0 1
-84 -206 1 2
-83 -206 0 1
-75 -215 6 0
-74 -212 5 0
-75 -213 4 0
-60 -223 7 0
-88 -212 19 0
-85 -202 5 1
-61 -215 5 1
-64 -203 -1 1
-61 -214 7 0
-71 -204 7 0
-52 -207 2 0
-73 -211 2 1
-72 -215 4 1
-72 -215 2 1
-74 -214 3 1
-88 -227 1 1
-88 -227 2 1
-88 -226 0 1
-88 -226 1 1
-88 -226 2 1
-88 -225 0 1
-88 -225 1 1
-88 -225 2 1
-85 -230 0 1
-85 -230 1 2
-85 -230 2 1
-84 -230 0 1
-84 -230 1 2
-84 -230 2 1
-84 -228 5 0
-83 -228 7 0
-83 -228 8 0
-85 -228 4 0
-90 -210 2 2
-89 -210 0 1
-89 -210 1 2
-89 -210 2 1
-88 -210 0 1
-88 -210 1 1
-84 -202 0 1
-84 -202 1 1
-84 -201 0 1
-84 -207 0 1
-84 -207 1 2
-83 -207 0 1
-83 -207 1 2
-84 -208 0 1
-84 -208 1 2
-84 -208 2 1
-78 -234 2 1
-70 -221 0 1
-100 -238 4 0
-99 -238 4 0
-71 -219 0 1
-72 -219 2 1
-90 -211 21 0
-90 -210 21 0
-69 -204 8 0
-74 -201 7 0
-72 -213 0 1
-72 -214 1 2
-98 -228 9 0
-72 -215 1 2
-53 -227 2 2
-53 -227 1 1
-54 -227 2 2
-54 -227 1 1
-55 -227 2 1
-55 -227 1 1
-99 -225 8 0
-98 -226 8 0
-97 -226 8 0
-74 -214 11 0
-79 -207 11 0
-80 -211 12 0
-80 -211 10 0
-79 -210 16 0
-93 -212 16 0
-91 -213 16 0
-90 -213 17 0
-90 -213 18 0
-87 -213 16 0
-57 -238 2 1
-85 -242 7 0
-86 -245 7 0
-86 -245 6 0
-84 -244 9 0
-84 -244 8 0
-85 -244 6 0
-83 -207 6 0
-82 -242 4 0
-81 -242 4 0
-80 -242 4 0
-79 -242 4 0
-72 -211 9 0
-82 -208 6 0
-82 -207 6 0
-82 -211 6 0
-82 -212 5 0
-81 -213 5 0
-81 -213 4 0
-84 -209 6 0
-85 -209 5 0
-86 -209 5 0
-87 -208 4 0
-77 -217 5 0
-74 -219 6 0
-74 -218 5 0
-74 -217 5 0
-71 -218 7 0
-74 -216 6 0
-74 -216 5 0
-72 -215 6 0
-73 -215 4 1
-74 -230 2 1
-80 -230 2 1
-81 -230 2 1
-76 -234 3 0
-74 -234 2 1
-96 -210 11 0
-88 -216 9 0
-51 -212 0 2
-51 -212 1 1
-51 -211 -1 1
-98 -212 9 0
-98 -213 9 0
-58 -228 0 1
-82 -246 3 0
-88 -243 3 0
-54 -230 5 0
-91 -212 7 0
-99 -220 6 0
-93 -212 8 0
-100 -242 3 0
-99 -241 6 0
-98 -241 8 0
-98 -241 9 0
-99 -240 7 0
-83 -204 6 0
-82 -202 1 1
-82 -201 1 1
-97 -237 6 0
-98 -240 5 0
-98 -241 4 0
-97 -239 4 0
-100 -239 9 0
-99 -239 3 0
-98 -237 2 1
-57 -217 4 1
-99 -239 0 1
-99 -239 1 1
-100 -240 3 0
-90 -206 8 0
-86 -210 2 1
-85 -209 2 1
-85 -208 0 1
-90 -208 0 1
-86 -206 0 1
-88 -208 7 0
-81 -205 6 0
-81 -205 7 0
-81 -203 1 2
-88 -214 10 0
-79 -204 1 2
-80 -203 1 2
-81 -203 0 1
-51 -215 4 0
-55 -212 4 0
-54 -216 7 0
-53 -217 9 0
-54 -214 5 0
-58 -220 0 1
-53 -236 5 1
-53 -235 4 2
-91 -213 18 0
-88 -214 16 0
-98 -240 8 0
-98 -240 9 0
-100 -241 9 0
-99 -239 6 0
-99 -238 7 0
-99 -238 8 0
-97 -242 8 0
-98 -239 6 0
-96 -238 8 0
-96 -241 6 0
-98 -237 5 0
-97 -236 6 0
-90 -214 19 0
-97 -235 6 0
-52 -243 2 1
-98 -241 5 0
-81 -202 1 2
-86 -214 18 0
-87 -214 18 0
-87 -210 18 0
-91 -215 18 0
-91 -214 18 0
-97 -233 8 0
-98 -237 9 0
-99 -248 7 0
-98 -247 7 0
-98 -246 8 0
-98 -245 8 0
-98 -236 7 0
-96 -235 9 0
-96 -235 8 0
-96 -235 7 0
-97 -236 3 0
-96 -248 7 0
-95 -248 7 0
-96 -235 1 2
-100 -248 6 0
-100 -245 6 0
-100 -244 6 0
-96 -235 0 1
-97 -237 3 0
-98 -235 3 0
-97 -235 1 2
-97 -235 0 1
-97 -234 3 0
-98 -248 6 0
-98 -247 6 0
-97 -247 6 0
-96 -246 5 0
-97 -235 3 0
-96 -235 4 0
-69 -249 2 1
-61 -209 2 1
-57 -206 -1 1
-97 -250 5 0
-96 -250 5 0
-95 -250 4 0
-80 -236 0 1
-80 -237 2 1
-80 -237 1 2
-99 -248 5 0
-99 -247 5 0
-99 -246 4 0
-99 -245 4 0
-82 -235 2 1
-82 -235 1 2
-82 -235 0 1
-98 -249 5 0
-98 -248 4 0
-96 -248 3 0
-85 -237 2 1
-100 -249 5 0
-100 -248 5 0
-100 -248 4 0
-100 -247 3 1
-98 -250 4 0
-98 -250 3 0
-55 -232 1 2
-55 -232 0 1
-55 -233 2 1
-55 -233 0 1
-55 -234 2 1
-55 -234 1 1
-55 -234 0 1
-56 -232 2 1
-56 -232 1 1
-84 -210 6 0
-85 -210 6 0
-83 -245 7 0
-100 -250 4 0
-98 -248 0 1
-98 -248 1 2
-98 -248 2 1
-98 -247 0 1
-98 -247 1 2
-98 -247 2 1
-99 -249 4 0
-99 -249 3 1
-83 -212 4 0
-81 -209 5 0
-82 -209 4 0
-83 -208 4 0
-83 -208 3 0
-80 -211 4 0
-81 -212 3 0
-81 -213 3 0
-80 -208 5 0
-80 -208 4 0
-79 -210 5 0
-89 -240 5 0
-98 -234 4 0
-99 -248 11 0
-95 -236 5 0
-95 -232 6 0
-96 -234 5 0
-100 -247 7 0
-100 -247 8 0
-100 -246 9 0
-100 -246 10 0
-100 -245 11 0
-99 -250 9 0
-80 -244 6 0
-84 -241 4 0
-83 -239 5 0
-82 -239 5 0
-88 -241 4 0
-78 -205 13 0
-77 -208 13 0
-80 -214 13 0
-72 -212 10 0
-74 -212 12 0
-74 -211 10 0
-99 -226 10 0
-97 -227 10 0
-96 -224 8 0
-99 -227 8 0
-99 -225 6 0
-100 -223 6 0
-100 -223 5 1
-100 -227 13 0
-100 -228 13 0
-98 -227 12 0
-97 -224 10 0
-72 -214 0 1
-56 -229 3 0
-56 -229 4 0
-74 -213 10 0
-74 -207 10 0
-70 -212 10 0
-75 -211 9 0
-61 -223 4 1
-83 -201 5 0
-65 -250 7 0
-73 -208 13 0
-90 -202 8 0
-89 -203 9 0
-88 -203 9 0
-87 -203 9 0
-95 -203 9 0
-96 -203 9 0
-91 -201 7 0
-90 -206 9 0
-88 -201 8 0
-82 -211 23 0
-86 -210 15 0
-69 -202 5 0
-70 -205 2 2
-60 -211 -1 1
-80 -207 11 0
-79 -211 12 0
-77 -212 8 0
-98 -221 15 0
-83 -206 6 0
-83 -212 6 0
-82 -213 5 0
-90 -215 22 0
-89 -212 20 0
-61 -216 3 2
-70 -209 3 2
-57 -208 -1 1
-93 -213 25 0
-95 -214 23 0
-95 -214 24 0
-73 -203 5 0
-60 -218 1 1
-72 -204 6 0
-64 -205 5 0
-67 -209 5 0
-67 -208 5 0
-57 -216 7 0
-95 -212 8 0
-64 -221 5 0
-57 -218 5 1
-63 -223 3 0
-55 -235 4 1
-54 -237 5 1
-54 -236 5 2
-54 -235 4 2
-54 -235 5 1
-53 -237 4 1
-53 -236 4 2
-86 -209 7 0
-98 -213 5 1
-83 -224 2 1
-82 -224 3 0
-81 -227 2 1
-81 -226 2 1
-81 -225 3 0
-81 -224 3 0
-86 -223 3 0
-85 -223 3 0
-84 -223 3 0
-83 -223 3 0
-82 -223 3 0
-78 -224 3 0
-79 -224 3 0
-59 -210 3 1
-90 -216 10 0
-89 -217 10 0
-92 -213 6 0
-51 -235 10 0
-79 -225 7 0
-71 -227 6 0
-75 -221 5 0
-69 -226 5 0
-76 -226 4 0
-76 -223 3 0
-77 -222 3 0
-77 -222 0 1
-77 -222 1 2
-77 -222 2 1
-82 -223 0 1
-82 -223 1 2
-81 -225 0 1
-95 -246 2 1
-96 -242 7 0
-94 -243 3 0
-94 -242 3 0
-99 -241 3 0
-96 -239 4 0
-93 -244 4 0
-93 -243 4 0
-97 -242 5 0
-95 -241 4 0
-96 -237 6 0
-95 -244 6 0
-94 -243 5 0
-94 -242 4 0
-97 -240 7 0
-97 -240 6 0
-95 -240 5 0
-92 -243 7 0
-94 -238 7 0
-94 -239 6 0
-95 -242 8 0
-95 -242 7 0
-95 -241 6 0
-94 -241 5 0
-93 -240 8 0
-93 -240 7 0
-97 -244 2 1
-97 -244 1 2
-97 -244 0 1
-98 -244 2 1
-98 -244 1 2
-98 -244 0 1
-98 -240 3 0
-97 -240 3 0
-96 -240 3 0
-95 -240 3 0
-96 -244 4 0
-96 -243 4 0
-94 -241 3 0
-88 -239 4 0
-97 -237 4 0
-97 -238 4 0
-96 -238 4 0
-95 -239 4 0
-92 -243 4 0
-93 -242 4 0
-93 -241 4 0
-96 -241 4 0
-91 -241 5 0
-95 -236 6 0
-95 -237 5 0
-94 -244 6 0
-94 -242 5 0
-90 -238 7 0
-97 -239 7 0
-96 -239 6 0
-91 -242 7 0
-92 -242 6 0
-92 -241 5 0
-93 -237 7 0
-93 -238 7 0
-93 -238 6 0
-95 -241 8 0
-94 -241 7 0
-94 -241 6 0
-94 -240 5 0
-92 -240 8 0
-92 -240 7 0
-93 -240 6 0
-94 -242 2 1
-94 -242 1 2
-94 -242 0 1
-97 -237 2 1
-97 -237 1 1
-97 -237 0 1
-97 -238 2 1
-97 -238 1 1
-97 -238 0 1
-97 -243 2 1
-97 -243 1 2
-97 -243 0 1
-98 -241 2 1
-98 -241 1 2
-98 -241 0 1
-98 -242 2 1
-98 -242 1 2
-98 -242 0 1
-98 -243 2 1
-98 -243 1 2
-98 -243 0 1
-96 -235 2 1
-93 -242 3 0
-93 -241 3 0
-98 -239 3 0
-97 -239 3 0
-96 -239 3 0
-95 -239 3 0
-94 -239 3 0
-89 -242 3 0
-95 -243 4 0
-94 -240 3 0
-97 -236 4 0
-96 -237 4 0
-94 -243 6 0
-93 -241 5 0
-88 -238 3 0
-93 -240 4 0
-92 -238 3 0
-95 -234 4 0
-94 -234 4 0
-93 -235 4 0
-89 -240 4 0
-90 -239 4 0
-90 -238 4 0
-95 -238 5 0
-94 -238 5 0
-93 -237 4 0
-92 -237 4 0
-88 -237 5 0
-93 -232 6 0
-92 -233 5 0
-92 -240 6 0
-91 -238 4 0
-87 -234 7 0
-94 -236 7 0
-93 -236 6 0
-92 -236 5 0
-89 -239 7 0
-77 -221 7 0
-77 -222 7 0
-80 -219 5 0
-81 -219 6 0
-82 -219 7 0
-79 -221 5 0
-79 -222 5 0
-83 -221 5 0
-87 -215 20 0
-87 -214 20 0
-86 -208 21 0
-87 -211 20 0
-92 -214 22 0
-76 -236 4 0
-75 -228 5 0
-58 -247 6 0
-59 -248 9 0
-58 -245 7 0
-58 -244 8 0
-52 -218 2 2
-51 -218 1 1
-51 -218 2 1
-51 -218 3 2
-52 -208 -1 1
-54 -222 1 1
-55 -202 0 1
-55 -202 -1 1
-55 -203 0 2
-55 -203 -1 1
-56 -202 1 2
-55 -248 1 1
-55 -249 2 2
-55 -249 1 1
-55 -250 3 1
-55 -250 2 1
-55 -250 1 1
-54 -239 8 0
-54 -239 7 0
-93 -214 19 0
-52 -212 3 1
-92 -213 8 0
-91 -213 8 0
-90 -210 9 0
-89 -216 8 0
-89 -215 8 0
-87 -209 9 0
-85 -214 9 0
-86 -214 9 0
-87 -213 9 0
-89 -207 9 0
-92 -215 10 0
-91 -214 10 0
-91 -214 9 0
-90 -213 9 0
-90 -212 9 0
-84 -210 10 0
-93 -209 10 0
-61 -205 -1 1
-61 -206 1 1
-61 -206 0 2
-61 -206 -1 1
-59 -207 1 1
-59 -207 0 2
-59 -207 -1 1
-59 -208 1 1
-52 -220 0 1
-52 -219 -1 1
-52 -219 0 2
-54 -217 -1 1
-54 -216 -1 1
-53 -217 -1 1
-53 -216 -1 1
-76 -229 3 0
-77 -227 3 0
-77 -226 3 0
-100 -237 3 0
-97 -235 4 0
-98 -235 4 0
-99 -235 4 0
-100 -235 5 0
-99 -231 4 0
-100 -211 10 0
-100 -232 5 0
-98 -238 5 0
-100 -208 9 0
-99 -212 8 0
-100 -236 5 0
-97 -233 6 0
-98 -234 6 0
-99 -234 6 0
-98 -236 8 0
-99 -236 7 0
-100 -210 7 1
-100 -235 7 0
-99 -232 9 0
-56 -212 6 0
-99 -236 1 2
-99 -236 0 1
-100 -226 8 0
-99 -237 1 2
-99 -237 0 1
-99 -238 2 1
-95 -207 11 0
-95 -204 12 0
-98 -206 8 0
-99 -238 1 1
-80 -208 14 0
-90 -211 4 0
-100 -236 1 2
-87 -210 6 0
-88 -211 13 0
-100 -237 0 1
-100 -237 1 2
-100 -234 2 1
-100 -234 3 1
-51 -231 3 1
-55 -231 4 0
-100 -212 12 0
-99 -207 10 0
-98 -203 10 0
-100 -210 11 0
-99 -209 11 0
-61 -246 6 0
-59 -250 5 0
-57 -247 7 0
-72 -232 1 2
-89 -211 23 0
-100 -207 9 0
-100 -211 9 0
-100 -234 9 0
-60 -207 2 1
-69 -225 5 0
-68 -226 6 0
-71 -222 4 0
-100 -209 7 1
-86 -250 3 0
-96 -204 3 2
-96 -204 4 2
-95 -205 2 1
-64 -215 8 0
-75 -207 5 0
-53 -221 7 0
-52 -221 7 0
-52 -220 6 0
-52 -220 7 0
-100 -238 0 1
-79 -244 3 1
-83 -239 2 1
-82 -241 1 2
-86 -210 23 0
-99 -235 6 0
-98 -235 6 0
-100 -238 5 0
-100 -233 5 0
-99 -232 5 0
-95 -210 9 0
-94 -209 5 1
-95 -210 6 0
-95 -210 7 0
-93 -208 4 1
-93 -208 3 2
-93 -208 2 2
-93 -209 4 1
-93 -209 3 2
-93 -209 2 2
-93 -210 4 1
-93 -210 3 2
-93 -210 2 2
-94 -208 4 1
-94 -208 3 2
-94 -208 2 1
-55 -211 0 2
-55 -211 -1 1
-56 -211 1 1
-56 -211 0 2
-56 -211 -1 1
-54 -211 5 0
-51 -215 5 0
-52 -215 5 0
-52 -214 7 0
-52 -218 9 0
-52 -217 8 0
-53 -217 7 0
-54 -213 9 0
-54 -214 7 0
-60 -208 4 0
-55 -206 5 0
-56 -206 4 0
-58 -211 5 0
-63 -248 4 1
-62 -250 4 0
-61 -205 5 0
-66 -201 4 0
-58 -224 4 2
-63 -206 2 0
-62 -205 0 2
-62 -206 1 1
-62 -206 0 2
-62 -206 -1 1
-60 -211 4 1
-61 -210 3 1
-60 -209 1 1
-70 -206 7 0
-63 -203 1 1
-71 -205 6 0
-81 -201 5 0
-51 -206 0 2
-65 -208 6 0
-58 -217 5 1
-58 -219 5 1
-61 -226 6 0
-62 -224 7 0
-61 -224 7 0
-73 -202 8 0
-73 -201 9 0
-72 -205 6 0
-71 -206 7 0
-71 -206 8 0
-75 -203 7 0
-76 -203 8 0
-70 -202 8 0
-73 -219 0 1
-68 -217 1 2
-68 -217 0 1
-68 -218 1 2
-68 -218 0 1
-68 -219 1 2
-89 -214 17 0
-89 -213 17 0
-92 -210 16 0
-92 -210 17 0
-91 -211 18 0
-92 -216 16 0
-92 -215 17 0
-95 -211 17 0
-94 -212 18 0
-93 -212 18 0
-89 -216 17 0
-89 -216 18 0
-52 -243 3 1
-52 -243 1 1
-100 -239 5 0
-97 -239 5 0
-99 -237 4 0
-98 -238 3 0
-98 -237 3 0
-98 -236 2 1
-86 -208 0 1
-85 -209 0 1
-85 -209 1 2
-97 -238 9 0
-98 -237 6 0
-85 -208 1 2
-85 -208 2 1
-86 -205 0 1
-99 -238 5 0
-97 -238 5 0
-96 -237 7 0
-95 -236 8 0
-95 -239 6 0
-97 -237 5 0
-96 -234 6 0
-100 -237 5 0
-98 -237 4 0
-100 -236 3 0
-98 -236 3 0
-97 -235 2 1
-56 -234 0 1
-56 -234 1 2
-56 -234 2 1
-56 -233 0 1
-56 -233 1 2
-56 -233 2 1
-56 -232 0 1
-96 -215 9 0
-96 -216 9 0
-98 -217 9 0
-92 -214 13 0
-60 -224 5 1
-60 -223 4 2
-56 -219 1 1
-55 -214 10 0
-56 -213 7 0
-56 -212 8 0
-56 -211 9 0
-55 -216 7 0
-53 -212 8 0
-58 -210 8 0
-52 -216 7 0
-55 -214 5 0
-54 -213 6 0
-53 -215 4 1
-52 -215 3 1
-56 -213 0 2
-57 -214 -1 1
-57 -213 -1 1
-57 -212 -1 1
-57 -212 0 2
-57 -212 1 1
-56 -214 -1 1
-56 -213 -1 1
-56 -213 1 1
-56 -212 -1 1
-52 -222 8 0
-52 -222 3 2
-60 -206 6 0
-53 -202 6 0
-53 -209 7 0
-51 -204 5 0
-61 -212 0 1
-68 -213 4 1
-75 -209 3 2
-70 -201 6 0
-75 -209 2 2
-63 -218 1 1
-63 -217 1 1
-63 -217 2 2
-63 -217 3 2
-62 -217 1 1
-59 -250 9 0
-60 -249 7 0
-60 -248 8 0
-62 -250 6 0
-63 -250 7 0
-62 -218 6 0
-61 -218 7 0
-57 -226 5 1
-52 -227 6 1
-59 -215 5 1
-57 -221 5 0
-56 -245 4 0
-80 -204 3 2
-80 -204 4 1
-62 -246 6 0
-62 -248 5 0
-66 -247 7 0
-65 -248 6 0
-64 -249 5 0
-61 -249 7 0
-63 -250 5 0
-67 -250 8 0
-66 -250 7 0
-65 -250 6 0
-63 -248 9 0
-60 -201 1 1
-60 -201 0 1
-60 -201 -1 1
-62 -201 3 0
-61 -201 2 0
-56 -202 3 1
-61 -202 5 0
-56 -206 6 0
-62 -202 3 0
-60 -201 4 0
-58 -202 5 0
-57 -211 2 1
-58 -211 2 1
-61 -205 2 0
-59 -209 3 0
-76 -224 5 0
-67 -224 5 0
-59 -206 0 2
-76 -203 4 1
-64 -205 0 2
-53 -222 3 2
-53 -222 4 1
-78 -212 8 0
-69 -203 3 1
-64 -206 3 0
-62 -249 2 2
-62 -249 3 1
-62 -208 5 0
-62 -208 6 0
-54 -227 7 0
-56 -226 6 1
-55 -225 6 1
-60 -209 8 0
-85 -214 20 0
-61 -206 5 0
-59 -225 2 1
-59 -225 1 1
-59 -225 0 1
-59 -226 2 1
-87 -210 13 0
-86 -232 3 0
-86 -231 3 0
-90 -230 3 0
-89 -230 3 0
-88 -230 3 0
-83 -232 3 0
-79 -239 1 2
-79 -239 2 1
-79 -238 0 1
-79 -238 1 2
-79 -238 2 1
-60 -204 6 0
-98 -230 6 0
-95 -227 7 0
-96 -230 8 0
-63 -212 6 0
-69 -217 7 0
-68 -217 6 0
-67 -217 6 0
-66 -212 8 0
-52 -216 6 0
-53 -218 9 0
-53 -217 8 0
-54 -215 8 0
-53 -215 3 1
-53 -215 2 1
-56 -218 0 1
-56 -219 0 1
-56 -220 0 1
-51 -232 5 1
-84 -214 10 0
-84 -208 8 0
-84 -207 9 0
-85 -206 10 0
-68 -216 0 1
-69 -216 1 2
-69 -216 0 1
-74 -205 6 0
-77 -209 2 1
-77 -209 3 1
-77 -209 4 1
-75 -204 2 2
-75 -204 4 1
-61 -207 4 0
-52 -205 2 0
-51 -205 2 0
-55 -219 7 0
-54 -219 7 0
-55 -218 6 0
-56 -219 7 0
-55 -229 4 1
-58 -210 4 1
-99 -206 10 0
-92 -208 9 0
-91 -208 9 0
-90 -208 9 0
-89 -208 9 0
-57 -228 0 1
-95 -205 9 0
-95 -204 9 0
-91 -211 8 0
-90 -212 8 0
-92 -230 0 1
-92 -231 2 1
-86 -227 5 0
-85 -227 5 0
-84 -226 4 0
-80 -227 5 0
-85 -222 6 0
-84 -230 6 0
-84 -229 6 0
-83 -228 5 0
-83 -227 4 0
-86 -225 7 0
-85 -225 6 0
-81 -228 7 0
-86 -228 1 2
-82 -227 3 0
-82 -226 3 0
-87 -225 3 0
-86 -225 3 0
-85 -225 3 0
-84 -225 3 0
-80 -227 3 0
-80 -226 3 0
-83 -221 3 0
-85 -229 4 0
-77 -224 4 0
-97 -221 3 1
-97 -221 4 1
-97 -220 2 2
-97 -220 3 2
-97 -220 4 1
-97 -219 2 1
-97 -219 3 2
-97 -219 4 1
-98 -226 4 1
-98 -227 4 1
-97 -222 1 1
-97 -222 2 2
-97 -222 3 1
-96 -222 1 1
-96 -222 2 1
-96 -222 3 1
-95 -224 1 1
-95 -224 2 2
-95 -224 3 1
-95 -223 1 1
-95 -223 2 2
-95 -223 3 1
-95 -222 1 1
-95 -222 2 2
-95 -222 3 1
-98 -224 4 1
-96 -227 1 1
-96 -227 2 2
-67 -249 7 0
-63 -248 6 0
-69 -250 5 0
-67 -250 3 1
-68 -250 3 0
-84 -239 0 1
-84 -239 1 2
-84 -239 2 1
-84 -238 1 2
-84 -238 2 1
-84 -237 0 1
-84 -237 2 1
-83 -239 0 1
-83 -239 1 2
-98 -211 10 0
-83 -238 0 1
-83 -238 2 1
-83 -237 2 1
-82 -239 0 1
-82 -239 2 1
-82 -238 0 1
-82 -238 1 2
-82 -238 2 1
-82 -237 0 1
-82 -237 1 2
-82 -237 2 1
-84 -241 3 0
-81 -248 0 1
-81 -248 1 1
-81 -248 2 1
-81 -247 0 1
-82 -241 0 1
-99 -212 12 0
-82 -241 2 2
-82 -240 0 1
-82 -240 1 2
-82 -240 2 1
-81 -241 0 1
-81 -241 2 1
-81 -240 0 1
-81 -240 1 2
-81 -240 2 1
-80 -242 0 1
-80 -241 0 1
-80 -241 1 1
-80 -241 2 1
-80 -240 0 1
-80 -240 1 2
-80 -240 2 1
-86 -240 0 1
-86 -240 1 2
-86 -240 2 1
-85 -240 0 1
-85 -240 1 2
-85 -240 2 1
-84 -241 0 1
-84 -241 1 2
-84 -241 2 1
-84 -240 0 1
-83 -241 0 1
-83 -241 1 2
-83 -241 2 1
-83 -242 4 0
-82 -242 8 0
-84 -242 6 0
-85 -243 7 0
-85 -243 8 0
-78 -212 5 0
-78 -213 5 0
-78 -214 5 0
-79 -208 6 0
-80 -207 5 0
-81 -207 5 0
-81 -206 5 0
-80 -211 5 0
-81 -212 4 0
-84 -243 0 1
-84 -243 1 2
-84 -243 2 1
-83 -243 0 1
-83 -243 1 2
-83 -243 2 1
-82 -243 0 1
-82 -243 1 2
-56 -233 11 0
-56 -232 10 0
-55 -232 9 0
-55 -232 8 0
-53 -231 11 0
-53 -231 10 0
-54 -231 7 0
-52 -201 2 1
-66 -224 2 1
-66 -223 0 1
-66 -223 2 1
-81 -207 3 0
-83 -211 3 0
-83 -212 3 0
-83 -213 2 1
-83 -214 2 1
-86 -212 0 1
-86 -212 1 2
-81 -205 0 1
-81 -204 0 1
-82 -213 0 1
-82 -213 1 1
-82 -213 2 1
-81 -213 0 1
-81 -213 1 2
-81 -213 2 1
-80 -213 0 1
-80 -213 1 2
-80 -213 2 1
-80 -212 0 1
-80 -212 1 2
-80 -212 2 1
-85 -212 0 1
-85 -212 1 2
-82 -210 4 0
-83 -210 5 0
-81 -211 5 0
-83 -213 5 0
-80 -209 3 0
-84 -212 3 0
-85 -214 4 0
-78 -213 3 0
-82 -214 2 1
-87 -213 0 1
-87 -213 1 2
-87 -213 2 1
-86 -213 0 1
-86 -213 1 1
-55 -227 4 2
-79 -217 3 0
-78 -216 3 0
-52 -239 3 1
-52 -239 1 1
-53 -238 3 1
-53 -238 2 2
-53 -238 1 1
-53 -239 2 1
-53 -239 1 1
-51 -233 10 0
-87 -246 2 1
-53 -204 2 1
-51 -201 5 0
-100 -237 9 0
-66 -210 5 0
-65 -206 5 0
-68 -209 7 0
-63 -208 0 2
-70 -211 7 0
-99 -228 11 0
-99 -228 12 0
-57 -250 5 0
-84 -209 23 0
-76 -203 7 0
-76 -203 6 0
-65 -212 6 0
-66 -212 6 0
-66 -215 4 1
-70 -205 1 2
-54 -211 7 0
-58 -220 3 2
-59 -225 6 1
-56 -222 5 1
-59 -225 5 1
-74 -209 12 0
-87 -245 6 0
-85 -236 0 1
-85 -236 1 1
-85 -236 2 1
-84 -236 0 1
-81 -207 4 0
-52 -224 4 1
-51 -224 2 2
-51 -224 3 2
-62 -222 5 1
-62 -223 4 1
-61 -222 3 1
-100 -226 5 1
-81 -213 21 0
-58 -224 5 2
-53 -204 7 0
-56 -223 5 1
-58 -225 4 2
-84 -204 5 0
-82 -205 4 1
-82 -205 3 1
-82 -205 2 1
-73 -205 2 1
-74 -207 7 0
-69 -220 6 0
-68 -220 7 0
-71 -221 7 0
-69 -218 6 0
-61 -248 3 1
-76 -201 2 1
-52 -204 5 0
-62 -248 3 1
-52 -203 7 0
-52 -202 8 0
-51 -206 6 0
-61 -221 2 1
-80 -208 8 0
-81 -210 9 0
-80 -210 8 0
-82 -242 1 2
-64 -204 4 0
-62 -208 4 0
-61 -209 4 1
-60 -210 4 1
-64 -205 4 0
-63 -204 4 0
-62 -203 3 0
-67 -204 3 0
-68 -203 3 1
-64 -207 3 1
-61 -207 2 1
-65 -204 3 0
-100 -203 13 0
-77 -237 3 0
-77 -236 3 0
-88 -202 4 0
-79 -232 3 0
-72 -202 -1 1
-100 -201 11 0
-72 -205 1 2
-53 -249 3 1
-53 -249 2 1
-53 -249 1 1
-53 -248 2 2
-90 -207 10 0
-89 -208 10 0
-97 -207 10 0
-97 -208 10 0
-93 -205 8 0
-92 -204 9 0
-92 -203 9 0
-91 -202 10 0
-92 -209 9 0
-92 -211 9 0
-95 -205 8 0
-97 -204 9 0
-91 -206 8 0
-90 -205 8 0
-89 -205 9 0
-88 -205 9 0
-79 -208 18 0
-61 -244 9 0
-80 -213 17 0
-80 -214 18 0
-58 -236 5 0
-80 -208 17 0
-81 -207 18 0
-65 -250 3 2
-65 -250 4 1
-82 -212 17 0
-65 -249 4 1
-65 -248 2 1
-52 -236 6 0
-58 -234 7 0
-64 -249 2 1
-64 -249 3 2
-64 -249 4 1
-64 -248 2 1
-64 -248 3 2
-64 -248 4 1
-76 -213 15 0
-75 -214 15 0
-81 -210 15 0
-85 -224 1 2
-85 -224 0 1
-84 -223 1 2
-85 -226 1 2
-84 -226 2 1
-89 -244 7 0
-92 -246 5 0
-93 -246 6 0
-91 -244 4 0
-91 -243 5 0
-87 -220 1 2
-87 -220 0 1
-86 -221 0 1
-86 -221 1 1
-86 -221 2 1
-86 -220 0 1
-86 -220 1 1
-86 -220 2 1
-86 -219 0 1
-86 -219 1 2
-86 -219 2 1
-88 -214 0 1
-87 -214 0 1
-87 -214 1 2
-87 -214 2 1
-89 -216 0 1
-64 -213 4 1
-51 -230 4 1
-64 -213 3 2
-64 -213 2 2
-64 -214 4 1
-64 -214 3 1
-64 -214 2 2
-65 -212 4 1
-65 -212 3 2
-65 -212 2 2
-57 -223 6 1
-57 -224 7 0
-75 -203 2 2
-59 -224 6 1
-56 -223 6 0
-58 -226 6 0
-71 -211 6 0
-77 -207 15 0
-73 -205 5 0
-58 -248 7 0
-57 -248 9 0
-59 -248 7 0
-70 -203 7 0
-70 -203 8 0
-63 -202 2 0
-55 -204 2 2
-55 -205 2 1
-71 -213 5 0
-89 -211 9 0
-92 -212 11 0
-86 -208 10 0
-86 -206 11 0
-87 -212 9 0
-87 -214 10 0
-86 -215 10 0
-89 -210 9 0
-91 -209 10 0
-89 -212 9 0
-89 -213 9 0
-90 -214 9 0
-91 -215 9 0
-88 -208 9 0
-88 -206 9 0
-85 -213 9 0
-90 -211 9 0
-91 -211 9 0
-93 -211 8 0
-70 -249 2 1
-88 -215 8 0
-88 -216 8 0
-68 -248 3 0
-90 -208 8 0
-68 -219 9 0
-71 -217 8 0
-55 -248 3 1
-54 -248 3 1
-59 -243 1 1
-59 -243 2 2
-59 -243 3 1
-58 -243 1 1
-58 -243 2 1
-82 -210 6 0
-68 -215 7 0
-77 -213 5 0
-77 -214 5 0
-77 -215 5 0
-78 -208 5 0
-79 -207 5 0
-79 -211 5 0
-80 -212 4 0
-78 -209 5 0
-79 -209 4 0
-80 -209 4 0
-80 -208 3 0
-77 -210 5 0
-78 -212 3 1
-58 -212 8 0
-79 -208 2 1
-79 -208 3 1
-79 -208 4 1
-80 -211 0 1
-80 -211 1 2
-61 -212 4 1
-58 -209 4 0
-59 -208 4 0
-59 -210 7 0
-61 -203 4 0
-63 -218 8 0
-63 -210 8 0
-62 -215 9 0
-61 -219 8 0
-60 -220 9 0
-64 -217 7 0
-83 -247 5 0
-56 -230 10 0
-55 -228 8 0
-74 -210 9 0
-56 -213 3 1
-55 -213 2 1
-55 -213 3 1
-73 -208 12 0
-73 -208 11 0
-73 -209 10 0
-68 -214 6 0
-58 -215 6 0
-66 -220 5 0
-100 -219 11 0
-83 -237 0 1
-83 -237 1 2
-82 -239 1 2
-99 -217 11 0
-94 -221 10 0
-93 -221 10 0
-97 -222 9 0
-76 -213 10 0
-76 -212 10 0
-51 -232 2 2
-94 -250 7 0
-89 -201 9 0
-80 -229 2 1
-74 -229 0 1
-74 -229 1 2
-74 -229 2 1
-73 -231 0 1
-73 -231 1 1
-73 -230 0 1
-73 -230 1 1
-97 -213 24 0
-96 -213 25 0
-77 -204 3 2
-77 -204 2 1
-60 -223 6 0
-60 -222 6 0
-55 -207 1 1
-57 -207 6 0
-76 -206 7 0
-65 -217 6 0
-86 -201 5 1
-79 -209 14 0
-84 -211 16 0
-57 -233 7 0
-58 -233 7 0
-52 -235 6 0
-51 -234 6 1
-90 -214 23 0
-54 -232 6 0
-55 -230 6 0
-56 -234 9 0
-55 -229 7 0
-56 -227 8 0
-56 -226 9 0
-52 -232 2 2
-52 -231 7 0
-51 -231 8 0
-55 -228 2 1
-58 -232 8 0
-59 -232 8 0
-53 -226 8 0
-56 -229 6 0
-57 -229 7 0
-58 -228 7 0
-59 -228 7 0
-57 -230 6 0
-58 -230 6 0
-59 -230 6 0
-60 -230 6 0
-55 -229 3 1
-58 -232 4 0
-58 -233 4 0
-55 -230 5 0
-57 -229 4 0
-58 -229 4 0
-58 -229 3 0
-52 -229 3 1
-55 -207 3 0
-58 -211 3 1
-57 -210 3 0
-59 -204 6 0
-62 -210 0 2
-90 -215 17 0
-62 -211 1 2
-62 -211 0 2
-71 -222 3 0
-69 -227 3 0
-70 -226 3 0
-73 -219 3 0
-73 -220 3 0
-72 -221 3 0
-72 -222 3 0
-53 -215 10 0
-53 -215 9 0
-54 -214 -1 1
-54 -215 -1 1
-55 -215 -1 1
-51 -214 2 1
-97 -211 18 0
-97 -210 17 0
-94 -214 18 0
-94 -214 17 0
-93 -214 17 0
-97 -213 18 0
-97 -214 17 0
-81 -223 7 0
-81 -222 6 0
-81 -222 5 0
-79 -221 8 0
-79 -221 7 0
-81 -223 2 1
-81 -223 1 2
-81 -223 0 1
-82 -220 2 1
-82 -220 1 1
-82 -220 0 1
-83 -220 2 1
-83 -220 1 2
-83 -220 0 1
-94 -220 3 1
-94 -220 2 2
-94 -220 1 1
-95 -220 3 1
-95 -220 2 2
-95 -220 1 1
-96 -220 1 1
-95 -226 2 2
-96 -217 4 1
-96 -217 3 2
-96 -217 2 1
-97 -217 4 1
-97 -217 3 1
-97 -217 2 1
-98 -217 3 1
-98 -217 2 1
-93 -223 3 1
-100 -218 4 2
-100 -218 3 1
-100 -219 5 1
-100 -219 4 1
-100 -219 3 1
-94 -219 4 0
-95 -219 4 1
-97 -222 4 1
-97 -223 4 1
-94 -221 3 1
-94 -221 2 2
-94 -221 1 1
-94 -222 3 1
-94 -222 2 2
-100 -215 8 0
-94 -222 1 1
-94 -223 3 1
-94 -223 2 2
-94 -223 1 1
-95 -221 3 1
-95 -221 2 2
-95 -221 1 1
-96 -221 3 1
-96 -221 2 2
-96 -221 1 1
-96 -218 4 1
-96 -218 3 1
-96 -218 2 1
-96 -219 4 1
-96 -219 3 2
-96 -219 2 2
-96 -220 4 1
-96 -220 3 1
-96 -220 2 1
-97 -218 4 1
-62 -207 4 0
-61 -207 5 0
-75 -201 1 2
-78 -210 4 0
-81 -210 2 1
-79 -210 3 0
-78 -207 1 1
-77 -208 0 1
-57 -241 3 1
-57 -241 2 2
-57 -241 1 1
-71 -203 7 0
-73 -206 9 0
-70 -204 9 0
-75 -210 4 1
-99 -212 22 0
-100 -212 22 0
-87 -211 15 0
-88 -214 22 0
-88 -214 23 0
-51 -203 6 0
-52 -221 2 1
-53 -227 5 2
-55 -220 5 0
-92 -210 9 0
-93 -210 9 0
-99 -208 10 0
-98 -208 10 0
-94 -213 10 0
-94 -212 9 0
-93 -206 10 0
-93 -207 10 0
-94 -208 9 0
-98 -212 10 0
-97 -211 10 0
-91 -212 11 0
-92 -211 11 0
-93 -211 10 0
-97 -206 11 0
-96 -207 11 0
-76 -238 1 1
-78 -234 7 0
-78 -234 8 0
-80 -234 5 0
-80 -234 6 0
-80 -235 7 0
-81 -235 7 0
-79 -231 6 0
-79 -231 7 0
-77 -236 7 0
-83 -233 7 0
-80 -237 6 0
-76 -235 5 0
-83 -235 5 0
-82 -232 4 0
-83 -231 4 0
-76 -236 3 0
-75 -237 3 0
-84 -237 4 0
-84 -238 4 0
-86 -225 0 1
-86 -225 1 2
-86 -225 2 1
-86 -224 0 1
-86 -224 1 1
-86 -224 2 1
-86 -223 0 1
-86 -223 1 1
-86 -223 2 1
-85 -225 0 1
-85 -225 1 2
-85 -225 2 1
-84 -225 0 1
-84 -228 0 1
-84 -228 1 2
-86 -236 2 1
-85 -233 4 0
-85 -237 5 0
-84 -237 5 0
-83 -232 6 0
-83 -235 6 0
-80 -233 6 0
-82 -237 7 0
-82 -236 6 0
-73 -236 2 1
-73 -236 1 1
-68 -215 8 0
-67 -215 8 0
-67 -215 7 0
-83 -248 1 2
-83 -248 0 1
-85 -241 2 1
-62 -222 1 1
-62 -222 0 1
-80 -224 8 0
-80 -224 7 0
-81 -224 6 0
-81 -224 4 0
-83 -223 0 1
-81 -226 1 2
-81 -226 0 1
-82 -226 2 1
-82 -226 1 2
-82 -226 0 1
-83 -224 1 2
-83 -224 0 1
-83 -225 2 1
-83 -225 1 2
-83 -225 0 1
-83 -226 2 1
-83 -226 1 2
-83 -226 0 1
-83 -222 1 2
-83 -222 0 1
-84 -222 2 1
-84 -222 1 1
-84 -222 0 1
-85 -221 2 1
-85 -221 1 1
-85 -221 0 1
-85 -222 2 1
-85 -222 0 1
-80 -226 0 1
-80 -227 1 1
-80 -227 0 1
-84 -225 1 2
-84 -225 2 1
-100 -222 8 0
-98 -223 5 0
-99 -223 6 0
-97 -221 6 0
-98 -221 7 0
-99 -221 8 0
-76 -231 5 0
-99 -226 7 0
-99 -225 7 0
-99 -224 8 0
-100 -218 7 0
-100 -219 8 0
-100 -220 8 0
-100 -220 9 0
-77 -232 3 0
-79 -229 1 2
-79 -229 0 1
-74 -230 1 2
-74 -230 0 1
-74 -231 2 1
-74 -231 1 2
-74 -231 0 1
-74 -232 1 1
-94 -209 7 0
-97 -205 3 1
-97 -205 4 2
-92 -206 4 1
-94 -208 1 1
-64 -202 7 0
-67 -201 5 0
-64 -203 3 0
-63 -201 4 0
-65 -203 3 0
-65 -202 3 0
-65 -201 3 0
-66 -219 7 0
-60 -213 7 0
-65 -222 5 0
-60 -212 6 0
-58 -211 4 1
-62 -205 2 0
-62 -204 2 0
-59 -212 1 2
-58 -212 1 2
-57 -211 -1 1
-66 -209 8 0
-67 -206 3 1
-68 -206 -1 1
-67 -206 -1 1
-67 -205 -1 1
-58 -203 5 0
-64 -214 6 0
-56 -210 3 0
-71 -212 3 2
-52 -204 8 0
-52 -204 9 0
-54 -205 7 0
-54 -205 8 0
-53 -202 7 0
-53 -201 8 0
-65 -215 5 0
-69 -206 1 1
-56 -238 10 0
-55 -237 8 0
-53 -236 11 0
-76 -213 18 0
-73 -210 10 0
-73 -210 11 0
-75 -209 16 0
-99 -216 4 2
-96 -214 3 2
-88 -237 7 0
-88 -237 6 0
-89 -233 7 0
-91 -236 8 0
-91 -236 7 0
-90 -236 6 0
-88 -235 8 0
-89 -235 7 0
-89 -235 6 0
-89 -235 5 0
-89 -237 1 2
-89 -237 0 1
-90 -237 2 1
-90 -237 1 2
-90 -237 0 1
-91 -237 2 1
-58 -209 3 0
-58 -208 3 0
-55 -203 3 1
-92 -214 5 0
-93 -212 5 0
-91 -217 5 0
-67 -201 -1 1
-67 -201 0 1
-67 -201 1 1
-66 -201 -1 1
-66 -201 0 1
-66 -201 1 1
-93 -218 7 0
-94 -216 6 0
-91 -215 8 0
-92 -215 8 0
-95 -213 7 0
-95 -215 5 0
-93 -214 4 1
-90 -212 3 1
-90 -212 2 2
-90 -212 1 1
-90 -213 3 1
-92 -223 1 2
-92 -223 2 2
-95 -225 3 1
-94 -225 3 1
-96 -230 3 1
-94 -225 7 0
-94 -225 9 0
-96 -225 7 0
-96 -226 8 0
-97 -226 9 0
-95 -223 7 0
-95 -222 9 0
-94 -226 6 0
-94 -226 7 0
-94 -227 8 0
-93 -227 8 0
-93 -223 6 0
-93 -223 7 0
-94 -249 3 0
-94 -250 3 0
-93 -250 3 0
-72 -204 2 1
-73 -204 4 1
-91 -246 2 1
-90 -248 3 0
-69 -220 2 1
-70 -221 3 0
-74 -223 3 0
-67 -226 3 0
-68 -225 3 0
-69 -225 3 0
-60 -217 1 1
-62 -215 3 2
-62 -215 2 1
-63 -215 4 2
-73 -203 1 2
-69 -204 0 2
-69 -205 2 1
-69 -205 1 2
-69 -205 0 1
-75 -205 9 0
-74 -202 7 0
-74 -201 8 0
-68 -205 7 0
-60 -219 2 2
-63 -208 -1 1
-67 -210 7 0
-66 -211 5 0
-67 -211 5 1
-66 -211 7 0
-66 -211 6 0
-67 -211 6 0
-67 -202 1 1
-51 -221 7 0
-51 -221 5 1
-52 -220 5 1
-83 -209 14 0
-78 -214 14 0
-79 -213 15 0
-79 -206 14 0
-80 -208 15 0
-84 -213 14 0
-83 -213 15 0
-82 -212 15 0
-83 -207 15 0
-82 -211 16 0
-88 -212 9 0
-88 -211 9 0
-86 -211 8 0
-54 -246 3 1
-54 -246 2 2
-54 -246 1 1
-55 -244 2 2
-80 -202 1 2
-78 -204 1 1
-87 -207 1 2
-77 -205 1 1
-82 -202 0 1
-79 -204 0 1
-81 -202 0 1
-100 -239 3 0
-86 -208 1 2
-91 -206 0 1
-90 -207 0 1
-90 -206 0 1
-89 -207 0 1
-89 -207 1 2
-89 -207 2 1
-100 -234 10 0
-88 -206 5 0
-82 -235 7 0
-84 -239 7 0
-83 -239 6 0
-81 -238 7 0
-60 -207 -1 1
-51 -220 -1 1
-51 -220 0 1
-51 -219 -1 1
-51 -219 0 1
-97 -222 11 0
-55 -216 6 0
-54 -218 8 0
-93 -246 0 1
-93 -246 1 1
-93 -246 2 1
-99 -227 13 0
-92 -247 0 1
-92 -247 2 1
-100 -213 20 0
-59 -219 2 2
-85 -230 7 0
-89 -227 2 1
-89 -227 1 1
-89 -227 0 1
-89 -228 2 1
-89 -228 1 1
-91 -208 10 0
-90 -209 10 0
-75 -202 5 0
-97 -242 6 0
-99 -240 5 0
-100 -241 3 0
-100 -236 10 0
-99 -239 9 0
-94 -209 19 0
-57 -217 2 1
-79 -205 15 0
-81 -214 15 0
-77 -224 5 0
-78 -229 4 0
-78 -226 3 0
-80 -240 3 0
-79 -241 3 0
-52 -246 3 1
-63 -213 11 0
-64 -209 5 0
-73 -227 3 0
-72 -226 2 1
-78 -227 2 1
-79 -226 2 1
-72 -230 2 1
-71 -230 1 2
-76 -224 0 1
-66 -212 10 0
-65 -214 10 0
-69 -211 8 0
-65 -210 8 0
-65 -207 8 0
-75 -224 2 1
-74 -224 0 1
-74 -224 1 2
-54 -239 9 0
-92 -246 2 1
-92 -246 1 2
-67 -214 6 0
-74 -208 4 1
-55 -247 1 1
-55 -247 2 2
-60 -245 3 2
-60 -245 2 2
-71 -210 2 1
-72 -210 4 1
-87 -201 2 1
-54 -227 10 0
-62 -209 2 1
-62 -210 1 1
-66 -222 0 1
-66 -222 1 2
-66 -222 2 1
-65 -224 0 1
-65 -224 1 1
-65 -224 2 1
-65 -223 0 1
-65 -223 1 1
-65 -223 2 1
-65 -222 0 1
-65 -222 1 1
-65 -222 2 1
-68 -223 2 1
-72 -218 0 1
-72 -218 1 2
-72 -218 2 1
-71 -218 0 1
-71 -218 1 2
-71 -218 2 1
-70 -218 0 1
-70 -218 1 2
-70 -218 2 1
-75 -221 0 1
-75 -221 1 2
-69 -221 0 1
-69 -221 1 2
-68 -223 0 1
-68 -223 1 2
-68 -222 0 1
-75 -229 7 0
-76 -229 8 0
-74 -226 6 0
-74 -225 7 0
-62 -204 -1 1
-62 -210 -1 1
-62 -211 -1 1
-54 -230 4 1
-58 -204 2 1
-58 -206 3 0
-54 -207 2 0
-60 -220 3 2
-61 -208 3 0
-61 -202 2 0
-55 -249 6 0
-59 -203 3 1
-59 -204 3 1
-60 -205 3 0
-61 -205 4 0
-54 -229 7 0
-57 -215 -1 1
-55 -209 6 0
-53 -229 11 0
-52 -208 5 0
-56 -231 11 0
-56 -203 7 0
-74 -203 5 0
-63 -203 0 2
-66 -216 5 0
-100 -218 13 0
-98 -208 12 0
-94 -212 10 0
-100 -221 12 0
-92 -213 11 0
-100 -213 11 0
-95 -211 9 0
-94 -209 10 0
-81 -232 0 1
-81 -233 2 1
-81 -233 1 2
-81 -233 0 1
-98 -212 23 0
-81 -211 19 0
-60 -218 9 0
-52 -240 1 1
-98 -215 24 0
-99 -211 26 0
-99 -211 25 0
-78 -202 1 2
-63 -211 0 2
-63 -211 1 1
-77 -206 3 2
-77 -206 4 1
-76 -206 2 1
-78 -207 13 0
-77 -207 13 0
-77 -208 12 0
-76 -209 12 0
-62 -223 7 0
-63 -223 7 0
-61 -225 6 0
-63 -205 6 0
-59 -218 5 1
-63 -222 5 0
-57 -220 5 1
-55 -218 4 1
-58 -219 3 2
-86 -203 5 0
-59 -217 2 1
-59 -209 4 0
-52 -234 9 0
-57 -248 1 1
-56 -207 -1 1
-70 -209 4 1
-87 -210 16 0
-68 -203 1 1
-90 -244 7 0
-85 -248 6 0
-84 -249 6 0
-83 -249 7 0
-53 -210 6 0
-54 -219 1 1
-54 -218 1 1
-56 -226 1 1
-54 -210 4 0
-55 -211 4 0
-52 -211 3 0
-65 -205 2 0
-65 -205 3 0
-60 -208 7 0
-51 -207 7 0
-51 -207 9 0
-57 -250 8 0
-57 -250 7 0
-100 -213 8 0
-100 -209 11 0
-82 -214 13 0
-68 -205 1 2
-68 -205 2 1
-94 -223 10 0
-97 -222 8 0
-95 -218 8 0
-100 -223 7 0
-96 -220 7 0
-96 -221 6 0
-98 -219 6 0
-73 -232 2 1
-100 -213 7 1
-100 -213 6 1
-56 -247 8 0
-100 -216 6 0
-60 -248 5 0
-60 -247 5 0
-60 -247 6 0
-99 -211 10 0
-61 -245 7 0
-58 -249 5 0
-57 -250 6 0
-56 -250 6 0
-94 -215 10 0
-90 -210 12 0
-84 -209 11 0
-83 -208 12 0
-87 -212 10 0
-90 -249 4 0
-91 -248 4 0
-91 -247 4 0
-73 -232 0 1
-74 -224 2 1
-64 -214 0 1
-91 -239 0 1
-92 -239 2 1
-92 -239 1 2
-92 -239 0 1
-95 -236 3 0
-94 -236 3 0
-93 -236 3 0
-87 -238 4 1
-82 -218 4 1
-93 -239 4 0
-91 -237 3 0
-94 -233 4 0
-93 -234 4 0
-92 -234 4 0
-89 -239 4 0
-93 -237 5 0
-93 -236 4 0
-87 -237 5 0
-88 -236 5 0
-92 -232 6 0
-92 -232 5 0
-91 -238 5 0
-52 -211 4 0
-82 -201 0 1
-99 -248 3 0
-76 -205 7 0
-83 -219 0 1
-93 -249 6 0
-94 -246 7 0
-95 -247 5 0
-96 -249 6 0
-97 -246 7 0
-83 -217 0 1
-84 -245 3 0
-83 -245 3 0
-96 -218 9 0
-85 -212 10 0
-57 -220 8 0
-57 -249 4 0
-56 -249 3 1
-55 -249 3 1
-59 -244 1 1
-59 -244 2 2
-59 -244 3 1
-58 -244 1 1
-58 -244 2 2
-58 -244 3 1
-57 -246 1 1
-57 -246 2 2
-57 -246 3 1
-85 -238 1 2
-66 -221 0 1
-66 -221 1 2
-66 -221 2 1
-85 -238 0 1
-86 -238 2 1
-86 -238 1 1
-86 -238 0 1
-94 -214 22 0
-95 -214 22 0
-89 -209 21 0
-89 -208 22 0
-55 -211 1 1
-52 -218 -1 1
-52 -218 0 1
-52 -217 -1 1
-52 -217 0 1
-51 -218 -1 1
-51 -218 0 1
-51 -213 9 0
-98 -218 20 0
-98 -217 20 0
-66 -205 4 0
-65 -204 4 0
-64 -203 4 0
-64 -208 4 1
-76 -202 8 0
-57 -239 7 0
-57 -239 6 0
-56 -240 6 0
-99 -214 5 1
-99 -214 6 0
-98 -217 8 0
-94 -215 6 0
-95 -215 6 0
-96 -216 7 0
-97 -216 8 0
-67 -218 1 2
-67 -218 0 1
-98 -215 7 0
-98 -216 7 0
-99 -217 8 0
-95 -220 8 0
-96 -220 8 0
-97 -220 9 0
-97 -214 8 0
-97 -215 8 0
-93 -217 7 0
-96 -216 8 0
-97 -217 9 0
-98 -218 9 0
-67 -210 6 0
-68 -210 5 0
-71 -202 5 0
-84 -211 11 0
-54 -233 0 1
-60 -220 1 1
-88 -241 7 0
-58 -218 7 0
-87 -242 6 0
-87 -243 6 0
-87 -244 5 0
-86 -244 4 0
-68 -213 5 1
-87 -249 7 0
-83 -243 7 0
-70 -207 7 0
-51 -212 7 0
-51 -212 8 0
-84 -244 6 0
-85 -244 5 0
-57 -229 11 0
-85 -245 5 0
-89 -245 8 0
-89 -245 7 0
-88 -245 6 0
-87 -245 5 0
-96 -239 1 2
-84 -248 8 0
-96 -238 0 1
-84 -247 7 0
-85 -247 6 0
-95 -240 0 1
-85 -246 6 0
-86 -242 8 0
-86 -243 7 0
-87 -246 8 0
-85 -245 9 0
-85 -245 8 0
-85 -245 7 0
-86 -245 2 1
-86 -245 1 2
-86 -245 0 1
-87 -243 1 2
-87 -243 0 1
-88 -243 2 1
-88 -243 1 2
-88 -243 0 1
-54 -208 3 0
-81 -220 5 0
-80 -219 4 0
-79 -219 4 0
-76 -219 5 0
-80 -214 6 0
-79 -217 4 1
-79 -222 6 0
-79 -221 6 0
-79 -220 5 0
-79 -218 5 0
-76 -221 7 0
-76 -220 7 0
-77 -220 6 0
-78 -215 8 0
-78 -216 7 0
-78 -217 5 0
-80 -220 8 0
-79 -219 7 0
-79 -219 6 0
-79 -219 5 0
-77 -218 8 0
-77 -218 7 0
-77 -218 6 0
-81 -220 1 2
-80 -219 2 1
-79 -218 3 0
-78 -221 3 0
-81 -217 3 1
-80 -221 4 0
-55 -210 2 0
-58 -212 -1 1
-58 -212 0 2
-89 -243 2 1
-89 -243 1 2
-89 -243 0 1
-85 -246 3 0
-82 -244 2 1
-82 -244 1 1
-82 -244 0 1
-86 -215 3 0
-51 -234 10 0
-85 -217 3 0
-84 -217 3 1
-86 -212 3 0
-86 -214 3 0
-85 -217 0 1
-85 -217 1 1
-90 -216 0 1
-90 -215 0 1
-89 -213 0 1
-88 -213 0 1
-55 -208 0 2
-55 -208 1 1
-55 -207 -1 1
-55 -207 0 2
-75 -210 3 1
-83 -246 5 0
-84 -247 5 0
-85 -247 5 0
-77 -206 5 0
-58 -220 2 2
-91 -213 15 0
-89 -212 16 0
-86 -213 18 0
-54 -233 5 1
-59 -216 11 0
-87 -202 5 1
-96 -218 14 0
-96 -218 15 0
-77 -208 9 0
-76 -208 9 0
-96 -243 1 2
-96 -243 2 1
-95 -245 0 1
-95 -245 1 2
-95 -245 2 1
-95 -244 0 1
-95 -244 2 1
-95 -243 0 1
-95 -243 1 2
-95 -243 2 1
-94 -247 0 1
-94 -247 1 2
-91 -250 7 0
-91 -250 8 0
-92 -248 5 0
-69 -212 4 1
-59 -209 6 0
-58 -212 7 0
-67 -206 5 0
-68 -206 5 0
-55 -222 2 1
-55 -223 2 2
-70 -211 4 1
-56 -219 3 2
-56 -220 4 1
-57 -221 4 1
-63 -203 5 0
-62 -202 6 0
-64 -207 4 1
-56 -232 6 0
-57 -231 7 0
-68 -214 9 0
-70 -209 9 0
-57 -204 7 0
-54 -220 7 0
-53 -229 10 0
-92 -210 12 0
-93 -210 12 0
-99 -226 11 0
-64 -216 6 0
-65 -215 6 0
-58 -225 7 0
-62 -206 5 0
-77 -210 15 0
-56 -236 4 1
-56 -235 3 1
-56 -235 4 1
-100 -215 21 0
-74 -212 8 0
-95 -214 21 0
-76 -232 6 0
-100 -212 10 0
-99 -212 10 0
-95 -218 10 0
-96 -216 10 0
-94 -209 11 0
-95 -210 10 0
-95 -211 10 0
-96 -213 9 0
-98 -214 10 0
-92 -215 11 0
-93 -215 11 0
-94 -214 10 0
-95 -214 10 0
-98 -210 12 0
-98 -210 11 0
-98 -211 11 0
-97 -212 10 0
-97 -216 11 0
-93 -211 12 0
-94 -212 12 0
-94 -212 11 0
-95 -213 10 0
-100 -213 13 0
-99 -213 12 0
-97 -213 10 0
-94 -216 13 0
-69 -206 7 0
-69 -207 7 0
-68 -207 8 0
-100 -216 18 0
-100 -212 20 0
-100 -212 19 0
-91 -212 22 0
-58 -241 7 0
-57 -227 10 0
-98 -214 21 0
-63 -217 7 0
-61 -203 2 0
-58 -206 2 0
-64 -209 4 1
-68 -218 4 1
-68 -218 2 1
-70 -215 3 2
-70 -215 2 2
-70 -217 3 1
-69 -217 3 1
-66 -220 4 1
-97 -245 5 0
-98 -216 21 0
-97 -216 21 0
-97 -215 21 0
-91 -209 7 0
-90 -209 7 0
-97 -210 7 0
-97 -211 7 0
-98 -211 6 0
-94 -207 8 0
-94 -206 7 0
-94 -205 7 0
-93 -204 6 0
-74 -215 0 1
-73 -214 1 2
-58 -217 6 0
-56 -217 5 0
-53 -218 6 0
-86 -242 0 1
-86 -242 1 2
-80 -204 8 0
-75 -203 8 0
-82 -202 7 0
-85 -243 0 1
-85 -243 1 2
-82 -205 6 0
-86 -245 4 0
-85 -212 5 0
-84 -212 5 0
-84 -211 5 0
-83 -211 6 0
-56 -235 2 1
-60 -204 4 0
-59 -250 4 0
-58 -249 3 1
-53 -234 1 1
-66 -250 2 1
-66 -250 4 1
-66 -249 2 1
-66 -249 3 1
-62 -221 5 1
-60 -222 7 0
-57 -233 6 0
-62 -207 6 0
-52 -207 1 1
-52 -207 0 1
-62 -204 4 0
-100 -211 8 0
-100 -212 8 0
-80 -201 1 2
-80 -201 0 2
-52 -204 1 1
-83 -208 16 0
-74 -209 15 0
-79 -212 15 0
-80 -213 15 0
-58 -245 5 0
-57 -216 2 2
-56 -217 2 2
-91 -214 20 0
-91 -215 19 0
-93 -210 19 0
-95 -221 9 0
-51 -217 4 1
-51 -216 4 1
-98 -237 8 0
-99 -237 8 0
-100 -237 7 0
-56 -242 4 0
-51 -242 5 0
-58 -205 4 0
-69 -206 0 1
-55 -247 3 1
-76 -211 14 0
-77 -208 17 0
-77 -208 16 0
-77 -209 15 0
-77 -209 14 0
-79 -212 17 0
-85 -214 2 1
-96 -232 4 0
-97 -232 4 0
-98 -232 4 0
-96 -228 4 0
-96 -235 5 0
-97 -234 5 0
-98 -233 5 0
-95 -230 6 0
-96 -231 6 0
-97 -231 5 0
-95 -204 8 0
-85 -203 5 0
-78 -208 2 1
-68 -215 2 1
-68 -215 3 2
-96 -210 10 0
-96 -211 9 0
-97 -216 12 0
-93 -239 7 0
-94 -239 8 0
-92 -237 5 0
-92 -236 6 0
-92 -236 7 0
-92 -235 7 0
-91 -239 5 0
-90 -240 6 0
-90 -240 7 0
-93 -238 5 0
-68 -215 4 1
-68 -214 2 2
-68 -214 4 1
-60 -218 5 0
-63 -217 4 1
-62 -217 4 1
-69 -213 5 1
-60 -218 7 0
-60 -218 6 0
-79 -201 0 2
-58 -207 6 0
-58 -207 7 0
-57 -207 8 0
-57 -207 9 0
-61 -213 3 1
-65 -211 0 1
-51 -205 7 0
-51 -205 8 0
-53 -206 6 0
-79 -201 1 1
-75 -208 7 0
-73 -215 7 0
-79 -211 9 0
-98 -238 4 0
-95 -242 3 0
-97 -244 4 0
-96 -241 3 0
-97 -241 3 0
-67 -220 6 0
-70 -221 5 0
-74 -219 4 0
-54 -222 7 0
-52 -221 6 0
-99 -247 7 0
-59 -204 0 2
-75 -202 8 0
-75 -202 9 0
-77 -203 8 0
-92 -247 1 2
-93 -247 0 1
-93 -247 1 1
-57 -219 9 0
-58 -219 8 0
-59 -240 3 1
-59 -241 4 1
-90 -213 2 2
-90 -213 1 1
-83 -212 9 0
-87 -207 8 0
-85 -230 6 0
-84 -230 8 0
-87 -230 6 0
-87 -231 8 0
-82 -228 7 0
-87 -233 6 0
-91 -241 1 1
-91 -241 2 1
-100 -218 5 1
-100 -217 3 1
-87 -230 3 0
-91 -230 3 0
-86 -233 3 0
-90 -205 4 0
-90 -207 4 0
-89 -205 3 0
-88 -205 2 1
-90 -206 1 2
-90 -206 2 1
-90 -205 1 2
-90 -205 2 1
-90 -205 3 1
-90 -204 1 2
-90 -204 2 1
-90 -202 4 0
-91 -202 0 1
-91 -201 0 1
-96 -201 5 1
-90 -202 0 1
-90 -201 0 1
-100 -203 5 1
-99 -203 5 1
-99 -201 7 0
-98 -201 7 0
-97 -202 6 0
-96 -202 6 0
-99 -205 8 0
-97 -201 5 1
-97 -204 4 2
-97 -204 3 1
-97 -205 8 0
-94 -203 10 0
-98 -205 5 1
-98 -205 3 1
-99 -205 5 1
-99 -205 4 2
-99 -205 3 1
-99 -209 5 1
-99 -209 4 2
-89 -203 6 0
-86 -204 7 0
-89 -206 6 0
-89 -207 6 0
-93 -206 5 0
-89 -204 5 0
-87 -205 5 0
-95 -202 4 1
-87 -203 4 0
-93 -204 4 1
-90 -203 4 0
-89 -204 3 0
-88 -206 2 1
-85 -201 0 1
-99 -209 3 1
-98 -203 4 2
-97 -204 5 1
-70 -227 0 1
-70 -227 1 2
-71 -224 6 0
-71 -224 7 0
-71 -224 8 0
-73 -225 7 0
-72 -222 6 0
-72 -222 7 0
-72 -221 7 0
-71 -225 5 0
-71 -226 6 0
-70 -227 7 0
-74 -224 5 0
-75 -224 6 0
-76 -223 7 0
-71 -224 4 0
-57 -213 3 2
-57 -214 4 1
-58 -213 4 1
-58 -213 3 2
-56 -214 4 1
-56 -215 4 1
-54 -216 5 1
-56 -213 6 0
-57 -214 6 0
-55 -215 8 0
-58 -215 8 0
-57 -218 1 1
-55 -214 4 1
-55 -215 4 1
-61 -222 1 1
-60 -222 1 2
-71 -208 2 1
-67 -217 4 1
-67 -217 3 2
-62 -209 -1 1
-63 -209 1 2
-63 -209 0 2
-63 -209 -1 1
-64 -209 1 2
-75 -208 18 0
-76 -209 17 0
-82 -210 18 0
-80 -210 17 0
-77 -212 18 0
-78 -208 19 0
-78 -209 17 0
-80 -211 18 0
-78 -210 17 0
-78 -210 16 0
-60 -219 3 2
-59 -219 1 1
-62 -221 10 0
-60 -217 8 0
-60 -217 9 0
-63 -222 4 1
-62 -221 4 1
-70 -224 2 1
-70 -224 1 2
-70 -224 0 1
-85 -213 6 0
-90 -209 6 0
-90 -209 5 0
-99 -206 4 2
-99 -206 3 1
-99 -207 5 1
-99 -207 4 2
-99 -207 3 1
-99 -208 5 1
-99 -208 4 2
-99 -229 9 0
-97 -228 8 0
-100 -231 7 0
-99 -231 7 0
-99 -208 3 1
-99 -226 6 0
-98 -226 6 0
-97 -226 6 0
-96 -226 6 0
-98 -207 4 2
-99 -228 6 0
-99 -229 5 0
-98 -229 5 0
-97 -230 5 0
-98 -224 5 0
-97 -223 5 0
-99 -227 5 0
-83 -207 2 1
-82 -207 2 1
-86 -211 0 1
-86 -211 1 2
-86 -211 2 1
-85 -211 0 1
-85 -211 1 2
-84 -229 7 0
-84 -229 8 0
-86 -229 5 0
-86 -230 6 0
-86 -230 7 0
-87 -230 8 0
-85 -227 6 0
-85 -227 7 0
-85 -226 8 0
-84 -230 5 0
-84 -231 6 0
-83 -231 7 0
-88 -228 6 0
-89 -228 7 0
-82 -227 7 0
-93 -214 12 0
-93 -214 11 0
-91 -214 15 0
-78 -204 8 0
-74 -204 10 0
-72 -214 8 0
-74 -208 0 1
-73 -209 0 1
-81 -205 5 0
-75 -211 0 1
-56 -242 6 0
-57 -242 7 0
-52 -240 6 0
-51 -240 6 0
-100 -209 10 0
-99 -210 10 0
-100 -246 3 1
-100 -246 4 0
-99 -244 2 1
-56 -222 10 0
-55 -227 10 0
-88 -210 12 0
-89 -211 11 0
-94 -211 13 0
-92 -212 12 0
-88 -214 13 0
-89 -214 13 0
-89 -213 12 0
-89 -213 11 0
-90 -209 14 0
-91 -244 5 0
-85 -246 4 0
-84 -246 5 0
-74 -206 8 0
-71 -204 10 0
-71 -204 9 0
-70 -206 10 0
-72 -205 8 0
-67 -205 9 0
-68 -210 9 0
-70 -205 10 0
-70 -205 9 0
-72 -209 10 0
-58 -216 1 1
-58 -215 1 1
-97 -250 3 0
-95 -250 6 0
-97 -248 2 1
-95 -247 3 0
-99 -219 13 0
-86 -244 1 2
-86 -244 0 1
-87 -242 2 1
-87 -242 1 2
-87 -242 0 1
-57 -219 5 1
-58 -215 7 0
-72 -208 10 0
-71 -212 9 0
-69 -208 9 0
-73 -212 7 0
-73 -209 7 0
-53 -244 5 0
-52 -244 5 0
-100 -211 20 0
-79 -203 2 2
-80 -203 4 1
-77 -204 8 0
-74 -202 10 0
-74 -202 9 0
-75 -205 7 0
-73 -204 10 0
-74 -204 9 0
-72 -205 10 0
-72 -205 9 0
-70 -204 7 0
-68 -204 9 0
-78 -214 11 0
-90 -246 8 0
-88 -244 6 0
-88 -243 6 0
-89 -243 7 0
-84 -247 6 0
-83 -248 6 0
-83 -248 7 0
-86 -244 5 0
-85 -243 6 0
-85 -242 6 0
-89 -245 5 0
-90 -244 5 0
-51 -228 1 1
-51 -228 2 2
-84 -249 4 0
-84 -248 4 0
-85 -248 4 0
-87 -241 4 0
-98 -215 14 0
-96 -212 12 0
-96 -211 12 0
-96 -211 13 0
-96 -214 11 0
-95 -215 11 0
-74 -232 6 0
-74 -232 7 0
-77 -229 5 0
-78 -229 6 0
-79 -229 7 0
-74 -229 4 0
-58 -213 0 1
-58 -213 1 2
-58 -213 2 1
-57 -215 0 1
-54 -242 2 2
-59 -242 0 1
-60 -243 0 1
-57 -227 1 1
-84 -236 4 0
-85 -235 4 0
-79 -237 4 0
-78 -237 4 0
-77 -237 4 0
-76 -237 4 0
-81 -237 3 0
-81 -236 3 0
-53 -215 8 0
-96 -213 21 0
-95 -212 16 0
-95 -212 17 0
-74 -211 12 0
-80 -205 16 0
-76 -214 15 0
-80 -214 15 0
-80 -215 14 0
-83 -207 14 0
-66 -213 7 0
-56 -226 2 1
-56 -231 4 0
-51 -228 3 1
-52 -228 3 1
-59 -228 3 0
-58 -228 4 0
-57 -228 4 0
-58 -231 4 0
-60 -229 6 0
-54 -224 8 0
-64 -205 8 0
-65 -202 7 0
-62 -203 6 0
-67 -202 5 0
-64 -201 4 0
-95 -215 9 0
-68 -223 3 0
-100 -213 10 0
-100 -214 10 0
-96 -218 10 0
-80 -207 20 0
-69 -218 0 1
-69 -219 2 1
-69 -219 1 2
-69 -219 0 1
-70 -217 2 1
-70 -217 1 2
-70 -217 0 1
-71 -217 2 1
-71 -217 1 2
-71 -217 0 1
-65 -221 2 1
-65 -221 1 2
-65 -221 0 1
-95 -209 2 1
-95 -209 4 2
-95 -208 2 1
-95 -208 3 1
-95 -208 4 2
-94 -210 2 1
-94 -210 3 2
-94 -210 4 2
-89 -209 22 0
-56 -244 5 0
-56 -244 7 0
-80 -208 0 1
-79 -208 1 2
-88 -234 8 0
-90 -235 5 0
-90 -235 6 0
-90 -235 7 0
-91 -235 8 0
-89 -233 5 0
-89 -232 6 0
-89 -232 7 0
-89 -231 7 0
-88 -236 6 0
-87 -236 6 0
-87 -237 7 0
-91 -211 6 0
-93 -210 5 1
-92 -209 5 0
-91 -212 4 0
-90 -213 4 0
-94 -210 5 1
-93 -215 4 1
-94 -212 1 1
-93 -212 1 1
-97 -206 9 0
-94 -209 6 0
-98 -208 7 0
-97 -213 6 0
-91 -213 6 0
-98 -210 6 0
-99 -210 6 0
-74 -215 8 0
-76 -215 5 0
-76 -216 6 0
-64 -250 1 1
-63 -250 1 1
-57 -247 3 1
-57 -248 4 0
-62 -247 7 0
-61 -248 6 0
-61 -249 5 0
-76 -209 16 0
-83 -216 17 0
-63 -214 1 2
-96 -213 11 0
-96 -213 12 0
-95 -213 13 0
-95 -213 14 0
-97 -214 12 0
-75 -212 18 0
-55 -212 5 0
-61 -210 6 0
-57 -212 6 0
-80 -214 19 0
-80 -213 18 0
-80 -212 17 0
-74 -218 7 0
-78 -215 6 0
-80 -215 7 0
-77 -218 5 0
-77 -219 6 0
-79 -217 5 1
-75 -219 5 0
-75 -220 5 0
-79 -220 4 0
-80 -216 3 0
-78 -217 3 0
-80 -218 1 2
-78 -219 0 1
-78 -219 1 2
-78 -219 2 1
-83 -217 1 1
-83 -217 2 1
-82 -219 0 1
-82 -219 1 1
-82 -219 2 1
-81 -219 0 1
-81 -219 1 1
-81 -219 2 1
-81 -222 0 1
-78 -217 6 0
-78 -217 7 0
-78 -218 8 0
-77 -215 6 0
-87 -240 1 2
-80 -244 0 1
-80 -245 1 1
-80 -245 0 1
-80 -246 2 1
-80 -246 1 1
-54 -211 8 0
-73 -203 6 0
-60 -209 0 2
-72 -203 6 0
-72 -204 7 0
-60 -208 0 2
-60 -208 1 1
-67 -215 2 2
-78 -218 4 0
-76 -218 7 0
-76 -217 6 0
-91 -209 21 0
-90 -209 22 0
-92 -215 21 0
-91 -216 21 0
-91 -217 22 0
-93 -212 20 0
-94 -212 21 0
-65 -209 -1 1
-57 -249 6 0
-56 -249 7 0
-85 -213 15 0
-52 -233 6 1
-61 -245 3 1
-61 -245 2 2
-61 -246 3 2
-87 -249 3 0
-89 -249 3 0
-87 -247 0 1
-72 -207 6 0
-71 -207 6 0
-75 -203 1 2
-68 -209 6 0
-79 -202 2 2
-57 -204 -1 1
-57 -205 1 1
-57 -205 0 2
-57 -205 -1 1
-87 -247 5 0
-87 -247 8 0
-86 -247 9 0
-89 -249 8 0
-89 -249 9 0
-87 -246 7 0
-87 -245 8 0
-87 -248 5 0
-59 -224 7 0
-57 -202 6 0
-75 -204 3 2
-52 -212 2 1
-73 -208 6 0
-74 -206 7 0
-74 -206 3 2
-74 -207 2 1
-74 -207 3 2
-63 -214 6 0
-62 -214 6 0
-62 -214 7 0
-62 -214 5 1
-62 -213 6 0
-57 -224 5 1
-51 -208 6 0
-77 -207 5 0
-76 -206 4 1
-76 -206 3 2
-52 -216 -1 1
-52 -216 0 2
-52 -216 1 1
-51 -216 -1 1
-51 -216 0 2
-51 -216 1 1
-77 -202 0 1
-81 -206 2 1
-52 -221 3 2
-76 -201 0 1
-59 -207 4 0
-58 -207 5 0
-67 -212 6 0
-58 -218 4 2
-59 -204 4 0
-72 -217 5 0
-71 -216 5 0
-70 -215 5 1
-57 -210 5 0
-67 -208 7 0
-67 -209 6 0
-73 -214 7 0
-72 -214 6 0
-71 -214 6 0
-57 -225 2 1
-57 -225 1 2
-57 -225 0 1
-78 -213 16 0
-77 -206 17 0
-83 -213 8 0
-83 -213 9 0
-83 -214 9 0
-86 -209 8 0
-87 -208 8 0
-88 -247 8 0
-88 -247 7 0
-88 -248 6 0
-88 -248 5 0
-90 -250 9 0
-90 -250 8 0
-62 -219 6 0
-63 -221 6 0
-63 -219 5 0
-75 -204 5 0
-59 -241 2 1
-59 -241 1 1
-59 -241 0 1
-60 -240 2 1
-60 -240 1 2
-60 -240 0 1
-60 -241 2 1
-60 -241 0 1
-97 -235 5 0
-94 -238 6 0
-96 -237 5 0
-98 -235 5 0
-99 -247 8 0
-98 -247 8 0
-98 -246 9 0
-97 -246 10 0
-94 -235 8 0
-95 -235 7 0
-96 -245 2 1
-96 -244 0 1
-96 -244 1 2
-96 -244 2 1
-96 -243 0 1
-83 -207 4 0
-84 -211 4 0
-83 -204 5 0
-83 -206 2 1
-85 -206 3 0
-86 -206 3 0
-87 -206 3 0
-88 -208 3 0
-88 -207 3 0
-84 -209 3 0
-85 -208 3 0
-86 -207 3 0
-91 -210 4 0
-90 -209 4 0
-90 -208 4 0
-89 -207 4 0
-84 -205 4 1
-85 -205 4 0
-86 -205 4 0
-86 -210 5 0
-100 -247 6 0
-100 -246 6 0
-94 -230 7 0
-97 -231 6 0
-69 -203 0 2
-70 -210 5 0
-74 -204 6 0
-74 -204 5 0
-86 -201 4 2
-59 -208 7 0
-57 -244 5 0
-52 -231 3 1
-51 -232 1 1
-83 -208 15 0
-80 -215 15 0
-51 -242 1 1
-51 -242 2 1
-51 -242 3 2
-71 -202 8 0
-88 -246 0 1
-88 -247 2 1
-88 -247 1 2
-88 -247 0 1
-89 -245 2 1
-89 -245 1 2
-84 -248 0 1
-85 -246 2 1
-85 -246 1 2
-85 -246 0 1
-67 -211 8 0
-69 -213 11 0
-61 -215 0 1
-62 -213 0 1
-64 -212 1 2
-64 -212 0 2
-64 -213 0 1
-65 -212 1 2
-65 -212 0 1
-66 -212 0 1
-62 -214 0 1
-62 -215 1 1
-62 -215 0 1
-69 -207 9 0
-100 -235 4 0
-87 -214 7 0
-91 -210 7 0
-100 -228 11 0
-100 -227 11 0
-100 -227 12 0
-99 -219 11 0
-86 -206 2 1
-86 -206 1 2
-99 -237 5 0
-89 -208 2 1
-89 -208 1 2
-89 -208 0 1
-90 -208 2 2
-100 -233 6 0
-85 -205 1 2
-85 -205 0 1
-86 -205 2 1
-86 -205 1 2
-96 -241 8 0
-98 -236 9 0
-98 -237 7 0
-99 -235 8 0
-100 -236 8 0
-97 -238 8 0
-97 -238 7 0
-85 -210 2 1
-85 -210 1 2
-85 -210 0 1
-99 -238 9 0
-86 -210 1 2
-86 -210 0 1
-72 -229 3 0
-71 -230 3 0
-70 -231 3 0
-53 -235 5 1
-52 -236 1 1
-57 -235 1 1
-52 -236 3 1
-51 -236 1 1
-56 -236 0 1
-56 -235 0 1
-56 -235 1 1
-100 -211 22 0
-97 -212 6 0
-97 -212 5 1
-53 -204 4 0
-54 -203 4 0
-70 -218 3 0
-73 -217 1 2
-74 -218 0 1
-74 -218 2 1
-74 -217 0 1
-74 -217 1 2
-74 -217 2 1
-74 -216 0 1
-74 -216 1 2
-74 -216 2 1
-73 -218 0 1
-73 -218 1 2
-73 -218 2 1
-73 -217 0 1
-73 -217 2 1
-61 -215 4 1
-71 -204 6 0
-69 -204 3 1
-70 -204 3 1
-59 -210 2 1
-51 -207 -1 1
-51 -207 1 1
-77 -201 1 2
-77 -201 0 2
-67 -224 1 1
-67 -224 0 1
-66 -223 1 2
-74 -219 1 2
-74 -220 2 1
-68 -219 2 1
-52 -207 7 0
-51 -208 8 0
-52 -205 5 0
-51 -204 6 0
-54 -208 5 0
-74 -209 3 2
-54 -209 6 0
-54 -209 7 0
-100 -212 17 0
-100 -226 7 0
-99 -223 7 0
-100 -228 7 0
-98 -225 8 0
-95 -219 9 0
-100 -215 10 0
-99 -216 10 0
-97 -218 10 0
-96 -212 11 0
-96 -213 10 0
-97 -214 10 0
-74 -204 3 2
-52 -203 1 1
-59 -208 3 0
-53 -207 0 2
-58 -209 2 0
-58 -210 2 1
-57 -210 1 1
-90 -242 1 2
-90 -242 0 1
-82 -247 1 2
-82 -247 0 1
-82 -248 2 1
-99 -212 21 0
-59 -248 3 2
-59 -247 1 1
-59 -247 2 2
-59 -247 3 1
-58 -249 7 0
-58 -206 4 0
-57 -206 5 0
-84 -235 2 1
-84 -234 0 1
-84 -234 1 2
-83 -235 0 1
-83 -234 0 1
-83 -234 1 1
-83 -234 2 1
-77 -235 1 2
-78 -235 0 1
-78 -235 1 1
-74 -221 6 0
-69 -221 4 0
-69 -220 5 0
-68 -220 5 0
-68 -220 6 0
-71 -221 3 0
-71 -220 4 0
-72 -219 4 0
-72 -219 5 0
-73 -218 5 0
-69 -222 2 1
-69 -222 1 2
-69 -222 0 1
-70 -222 2 1
-70 -222 1 2
-70 -222 0 1
-76 -222 1 2
-76 -222 0 1
-79 -201 -1 1
-62 -216 6 0
-82 -246 0 1
-82 -246 1 1
-82 -246 2 1
-82 -245 0 1
-82 -245 1 1
-82 -245 2 1
-93 -207 9 0
-93 -207 11 0
-93 -207 12 0
-73 -208 15 0
-77 -211 12 0
-61 -221 6 0
-60 -221 7 0
-64 -214 8 0
-72 -207 5 0
-88 -212 10 0
-53 -221 9 0
-53 -221 10 0
-52 -226 10 0
-57 -223 10 0
-51 -222 9 0
-57 -245 1 1
-57 -245 2 2
-80 -204 6 0
-69 -212 10 0
-72 -213 9 0
-70 -210 8 0
-82 -209 20 0
-82 -209 21 0
-71 -212 11 0
-71 -213 12 0
-76 -210 11 0
-56 -222 9 0
-87 -247 6 0
-86 -247 7 0
-85 -247 8 0
-57 -244 8 0
-57 -248 7 0
-56 -248 7 0
-56 -249 8 0
-65 -205 6 0
-64 -204 7 0
-64 -204 8 0
-67 -207 5 0
-62 -210 6 0
-55 -225 4 2
-55 -225 3 2
-52 -211 2 1
-52 -210 2 1
-83 -201 2 1
-65 -214 3 2
-56 -205 0 2
-56 -205 -1 1
-63 -210 5 0
-62 -211 3 2
-62 -210 3 2
-71 -204 5 0
-70 -205 6 0
-69 -205 6 0
-69 -205 7 0
-57 -222 2 2
-72 -205 5 0
-66 -218 4 1
-61 -214 4 1
-72 -210 6 0
-71 -209 5 0
-65 -206 2 1
-53 -222 6 0
-62 -222 6 0
-88 -231 7 0
-87 -235 6 0
-86 -236 7 0
-91 -233 6 0
-92 -233 7 0
-85 -231 7 0
-89 -236 5 0
-89 -237 6 0
-90 -230 5 0
-86 -234 5 0
-85 -234 5 0
-90 -234 4 0
-91 -234 4 0
-92 -235 5 0
-93 -235 5 0
-88 -235 4 0
-88 -236 4 0
-87 -237 4 0
-90 -232 4 0
-91 -232 4 0
-92 -231 4 0
-93 -231 4 0
-90 -235 3 0
-91 -237 4 0
-86 -235 3 0
-90 -233 3 0
-89 -236 3 0
-89 -237 2 1
-94 -237 0 1
-94 -237 1 1
-74 -203 -1 1
-94 -237 2 1
-94 -236 0 1
-94 -236 1 2
-94 -236 2 1
-94 -235 0 1
-94 -235 1 2
-94 -235 2 1
-93 -237 0 1
-93 -237 1 2
-93 -237 2 1
-92 -237 0 1
-92 -237 1 2
-92 -237 2 1
-88 -234 7 0
-94 -237 3 0
-93 -237 3 0
-89 -239 3 0
-94 -241 4 0
-94 -240 4 0
-92 -239 3 0
-86 -236 4 0
-95 -235 4 0
-94 -236 4 0
-92 -237 3 0
-90 -242 5 0
-90 -241 4 0
-90 -240 4 0
-91 -239 4 0
-95 -230 8 0
-95 -229 8 0
-94 -233 7 0
-94 -234 8 0
-94 -231 5 0
-93 -231 6 0
-87 -212 7 0
-53 -236 10 0
-53 -236 9 0
-96 -214 18 0
-95 -214 17 0
-98 -213 19 0
-99 -214 18 0
-53 -230 10 0
-57 -228 8 0
-58 -228 9 0
-58 -227 10 0
-53 -227 8 0
-52 -226 9 0
-78 -229 0 1
-78 -229 1 2
-78 -229 2 1
-78 -228 0 1
-78 -228 1 2
-76 -211 4 0
-61 -210 8 0
-68 -216 8 0
-92 -207 7 0
-98 -206 5 1
-97 -206 6 0
-72 -208 11 0
-72 -211 8 0
-71 -212 10 0
-71 -213 11 0
-73 -210 8 0
-75 -210 10 0
-69 -208 10 0
-55 -206 -1 1
-51 -206 5 0
-52 -204 4 0
-52 -203 5 0
-93 -214 22 0
-61 -220 0 1
-97 -248 3 0
-97 -249 3 0
-92 -215 7 0
-92 -214 8 0
-89 -216 7 0
-90 -216 8 0
-90 -215 8 0
-92 -218 9 0
-92 -217 9 0
-92 -216 9 0
-92 -214 9 0
-82 -213 7 0
-81 -212 7 0
-66 -206 3 1
-52 -232 3 1
-79 -234 6 0
-89 -202 8 0
-71 -217 3 1
-69 -223 3 0
-68 -224 3 0
-67 -225 3 0
-99 -250 5 0
-99 -246 2 1
-56 -229 8 0
-56 -228 8 0
-56 -228 9 0
-51 -233 8 0
-58 -233 8 0
-59 -233 8 0
-54 -230 6 0
-54 -230 7 0
-52 -227 8 0
-56 -230 6 0
-57 -230 7 0
-58 -229 7 0
-59 -229 7 0
-52 -231 6 0
-51 -231 6 0
-70 -211 8 0
-69 -211 9 0
-71 -214 5 0
-74 -214 7 0
-51 -226 7 0
-80 -202 9 0
-74 -201 4 0
-54 -205 1 2
-53 -222 2 1
-70 -213 3 2
-70 -213 2 1
-54 -205 0 2
-53 -223 4 1
-53 -223 3 2
-82 -201 6 0
-72 -210 2 1
-53 -201 2 2
-54 -228 5 2
-69 -210 7 0
-77 -205 3 2
-93 -211 17 0
-96 -210 19 0
-96 -211 20 0
-95 -211 20 0
-95 -212 20 0
-94 -218 19 0
-94 -216 20 0
-94 -214 20 0
-78 -210 18 0
-99 -213 20 0
-54 -229 2 2
-54 -229 1 1
-52 -213 6 0
-53 -213 6 0
-55 -210 7 0
-55 -210 6 0
-55 -213 7 0
-56 -214 7 0
-81 -243 4 0
-82 -243 4 0
-89 -241 5 0
-88 -242 5 0
-71 -213 7 0
-70 -206 8 0
-76 -212 8 0
-74 -211 7 0
-74 -207 9 0
-76 -210 10 0
-75 -210 9 0
-93 -203 11 0
-69 -213 6 0
-68 -216 2 2
-68 -217 4 1
-51 -201 2 1
-51 -202 0 2
-51 -209 0 1
-64 -209 6 0
-64 -210 6 0
-64 -210 7 0
-98 -238 0 1
-98 -238 1 2
-98 -238 2 1
-93 -241 7 0
-93 -241 8 0
-95 -242 5 0
-83 -210 12 0
-85 -211 10 0
-61 -220 5 1
-62 -221 6 0
-78 -204 2 2
-78 -204 3 2
-78 -204 4 1
-78 -203 2 2
-78 -203 3 2
-78 -203 4 1
-83 -202 2 2
-75 -211 3 1
-75 -211 4 1
-75 -210 2 1
-68 -215 0 1
-67 -217 0 1
-67 -217 1 2
-67 -216 0 1
-67 -216 1 2
-67 -215 0 1
-67 -215 1 2
-66 -217 0 1
-67 -218 6 0
-98 -214 16 0
-53 -207 2 0
-66 -217 8 0
-65 -216 8 0
-63 -216 10 0
-64 -216 9 0
-64 -216 8 0
-57 -204 2 2
-58 -205 2 1
-64 -210 0 2
-76 -214 8 0
-78 -209 16 0
-78 -208 17 0
-78 -208 18 0
-51 -241 4 1
-85 -213 18 0
-85 -216 18 0
-75 -210 5 0
-76 -213 5 0
-75 -213 5 0
-73 -215 6 0
-77 -208 8 0
-76 -208 8 0
-53 -232 4 1
-57 -231 4 0
-57 -232 5 0
-58 -235 5 0
-89 -211 21 0
-93 -223 1 1
-93 -223 2 2
-92 -225 0 1
-92 -225 1 1
-92 -225 2 1
-92 -224 0 1
-69 -218 1 2
-69 -218 2 1
-69 -217 0 1
-69 -217 1 2
-68 -225 0 1
-68 -225 1 2
-68 -224 0 1
-68 -224 1 1
-68 -224 2 1
-74 -220 0 1
-74 -220 1 1
-69 -220 0 1
-69 -220 1 2
-68 -220 0 1
-68 -220 1 2
-68 -220 2 1
-70 -221 4 0
-69 -221 7 0
-71 -222 6 0
-70 -219 5 0
-70 -218 6 0
-70 -218 7 0
-69 -222 5 0
-69 -223 6 0
-83 -236 6 0
-83 -236 7 0
-79 -236 4 0
-79 -235 5 0
-78 -235 5 0
-77 -235 6 0
-77 -234 7 0
-59 -218 6 0
-72 -202 6 0
-59 -217 6 0
-52 -238 10 0
-54 -233 8 0
-54 -234 7 0
-56 -236 10 0
-88 -212 25 0
-88 -212 24 0
-88 -212 23 0
-78 -235 8 0
-78 -235 7 0
-51 -223 7 0
-59 -236 5 0
-56 -203 2 2
-64 -249 7 0
-64 -250 6 0
-55 -231 6 0
-54 -234 6 0
-98 -211 18 0
-99 -210 17 0
-51 -235 6 1
-59 -239 3 1
-51 -238 4 0
-57 -235 6 0
-56 -235 6 0
-52 -232 7 0
-53 -233 7 0
-53 -234 6 1
-54 -235 6 1
-62 -250 8 0
-58 -237 7 0
-78 -235 6 0
-79 -235 1 2
-79 -235 0 1
-76 -234 2 1
-76 -234 1 2
-76 -234 0 1
-76 -235 2 1
-76 -235 1 2
-76 -235 0 1
-76 -236 2 1
-76 -236 1 1
-76 -236 0 1
-77 -234 2 1
-77 -234 1 2
-77 -234 0 1
-77 -235 2 1
-77 -235 0 1
-52 -237 10 0
-51 -241 9 0
-51 -242 10 0
-56 -239 9 0
-51 -238 7 0
-51 -238 8 0
-95 -217 14 0
-54 -243 9 0
-96 -217 11 0
-93 -217 6 0
-96 -219 6 0
-96 -218 7 0
-57 -241 8 0
-51 -237 7 0
-51 -236 7 0
-51 -235 7 0
-51 -244 7 0
-93 -219 7 0
-93 -219 8 0
-68 -209 8 0
-72 -214 7 0
-61 -212 5 0
-59 -213 7 0
-76 -233 4 0
-82 -231 4 0
-81 -231 4 0
-80 -232 4 0
-76 -238 5 0
-76 -229 5 0
-76 -230 5 0
-77 -231 4 0
-77 -232 4 0
-81 -235 5 0
-54 -230 3 1
-54 -230 1 1
-55 -229 2 1
-92 -201 4 0
-92 -217 14 0
-92 -216 13 0
-95 -216 14 0
-84 -240 1 2
-82 -249 0 1
-76 -226 1 2
-76 -226 0 1
-75 -226 1 2
-71 -231 1 1
-72 -231 2 1
-73 -231 2 1
-76 -203 2 2
-60 -250 2 2
-80 -232 1 2
-80 -232 2 1
-53 -220 6 0
-84 -210 14 0
-55 -222 8 0
-54 -221 9 0
-58 -226 8 0
-63 -248 7 0
-70 -204 1 2
-72 -206 0 1
-73 -209 4 1
-72 -209 2 1
-79 -208 11 0
-78 -211 11 0
-98 -250 9 0
-83 -235 2 1
-99 -250 6 0
-99 -248 6 0
-99 -247 6 0
-93 -211 20 0
-94 -211 19 0
-95 -210 19 0
-56 -209 8 0
-57 -209 7 0
-96 -214 25 0
-72 -214 2 1
-51 -207 2 0
-64 -208 6 0
-55 -208 6 0
-56 -208 6 0
-57 -208 5 0
-94 -207 7 0
-94 -206 6 0
-94 -212 7 0
-93 -213 7 0
-93 -214 6 0
-96 -210 8 0
-97 -209 7 0
-98 -209 6 0
-99 -209 6 0
-94 -210 7 0
-93 -209 7 0
-92 -209 6 0
-91 -209 5 0
-96 -208 6 0
-96 -207 5 1
-93 -211 6 0
-93 -211 5 1
-93 -211 4 1
-98 -210 3 1
-98 -210 4 2
-98 -210 5 1
-97 -210 3 1
-97 -210 4 2
-97 -210 5 1
-96 -212 5 1
-96 -211 5 1
-93 -212 17 0
-51 -240 3 1
-51 -240 2 2
-51 -240 1 1
-96 -214 16 0
-67 -206 7 0
-68 -206 6 0
-70 -205 5 0
-73 -208 7 0
-59 -250 8 0
-64 -250 8 0
-59 -249 6 0
-58 -244 9 0
-55 -243 8 0
-53 -232 2 1
-53 -232 1 1
-97 -202 8 0
-98 -203 2 1
-98 -202 8 0
-88 -203 6 0
-86 -204 6 0
-95 -201 5 0
-89 -206 3 1
-89 -207 3 1
-89 -208 3 1
-89 -209 3 1
-87 -205 3 0
-86 -205 3 0
-85 -205 2 1
-84 -205 2 1
-88 -206 3 0
-86 -204 0 1
-86 -204 1 2
-86 -204 2 1
-85 -204 0 1
-85 -204 1 2
-85 -203 0 1
-85 -203 1 1
-85 -202 0 1
-85 -202 1 2
-91 -207 0 1
-98 -216 13 0
-98 -216 12 0
-100 -219 14 0
-97 -218 14 0
-98 -218 13 0
-98 -218 12 0
-97 -224 1 1
-97 -224 2 2
-97 -224 3 1
-96 -226 1 1
-96 -226 2 2
-96 -226 3 1
-96 -225 1 1
-96 -225 2 2
-96 -225 3 1
-96 -224 1 1
-96 -224 2 2
-96 -224 3 1
-99 -226 4 1
-97 -206 5 1
-100 -209 5 1
-93 -208 6 0
-99 -206 7 0
-100 -225 2 1
-97 -207 7 0
-96 -205 8 0
-96 -206 7 0
-91 -206 9 0
-98 -208 9 0
-97 -208 9 0
-93 -208 11 0
-93 -209 5 1
-98 -225 7 0
-97 -224 9 0
-100 -227 7 0
-96 -227 8 0
-99 -224 6 0
-99 -229 6 0
-98 -225 6 0
-97 -225 6 0
-96 -225 6 0
-95 -225 6 0
-93 -210 1 1
-99 -226 5 0
-98 -228 5 0
-97 -228 5 0
-96 -229 5 0
-99 -224 5 0
-97 -222 5 0
-70 -208 6 0
-93 -250 4 0
-58 -232 2 1
-74 -209 7 0
-71 -215 8 0
-71 -214 8 0
-70 -206 9 0
-71 -207 8 0
-71 -208 8 0
-77 -212 9 0
-75 -211 8 0
-74 -208 8 0
-73 -209 8 0
-60 -223 1 1
-59 -201 2 1
-59 -201 1 1
-59 -202 3 1
-59 -202 2 1
-63 -216 2 1
-63 -216 1 1
-64 -216 3 2
-77 -236 1 1
-77 -236 2 1
-79 -236 6 0
-79 -236 7 0
-79 -236 8 0
-80 -237 5 0
-81 -237 6 0
-81 -238 8 0
-80 -235 6 0
-80 -234 7 0
-87 -212 19 0
-57 -240 5 1
-58 -240 5 1
-58 -237 6 0
-59 -236 6 0
-53 -238 6 0
-52 -238 6 0
-51 -238 6 0
-55 -235 6 1
-70 -219 0 1
-70 -219 1 2
-70 -219 2 1
-69 -228 0 1
-94 -203 8 0
-94 -202 8 0
-91 -209 8 0
-91 -210 8 0
-90 -211 8 0
-95 -207 8 0
-96 -208 8 0
-98 -208 8 0
-99 -208 8 0
-92 -205 8 0
-90 -204 8 0
-95 -206 8 0
-96 -205 7 0
-96 -204 7 0
-97 -204 7 0
-91 -208 7 0
-73 -206 2 1
-71 -208 5 0
-52 -224 3 2
-52 -224 2 1
-53 -224 5 0
-51 -224 6 0
-51 -225 6 0
-51 -224 7 0
-62 -205 5 0
-63 -215 0 1
-63 -214 0 1
-89 -244 3 0
-89 -243 3 0
-90 -243 3 0
-85 -247 3 0
-84 -247 3 0
-83 -247 3 0
-82 -247 2 1
-86 -245 3 0
-86 -244 3 0
-86 -243 2 1
-51 -231 7 0
-86 -242 2 1
-84 -250 1 2
-84 -250 0 1
-84 -250 2 1
-51 -229 8 0
-84 -249 0 1
-84 -249 1 2
-84 -249 2 1
-83 -250 0 1
-83 -250 1 1
-52 -232 10 0
-52 -232 9 0
-93 -238 3 0
-94 -238 3 0
-95 -238 3 0
-96 -238 3 0
-97 -238 3 0
-92 -240 3 0
-92 -241 3 0
-97 -242 0 1
-97 -242 1 2
-97 -242 2 1
-96 -242 0 1
-96 -242 1 2
-67 -216 9 0
-92 -240 2 1
-91 -240 0 1
-91 -240 1 2
-97 -233 9 0
-94 -232 9 0
-94 -232 8 0
-95 -232 7 0
-95 -232 2 1
-95 -232 1 1
-95 -232 0 1
-91 -238 6 0
-91 -238 7 0
-91 -238 8 0
-93 -239 5 0
-93 -239 6 0
-76 -232 4 0
-71 -215 3 2
-72 -216 3 1
-70 -216 2 1
-100 -206 7 1
-76 -211 10 0
-78 -212 11 0
-72 -207 10 0
-100 -204 9 0
-59 -227 8 0
-60 -227 8 0
-97 -201 14 0
-99 -202 16 0
-100 -202 16 0
-100 -201 15 0
-98 -201 1 1
-99 -249 6 0
-100 -201 6 1
-100 -202 6 1
-96 -249 8 0
-96 -250 7 0
-100 -250 9 0
-98 -250 6 0
-99 -214 23 0
-52 -225 9 0
-97 -216 25 0
-100 -213 22 0
-79 -210 20 0
-85 -249 2 1
-85 -248 0 1
-85 -248 1 1
-85 -248 2 1
-88 -249 3 0
-91 -247 0 1
-83 -223 2 1
-84 -224 1 2
-51 -210 4 0
-69 -215 5 1
-65 -215 10 0
-65 -215 9 0
-76 -211 15 0
-75 -211 15 0
-74 -212 16 0
-100 -238 2 1
-100 -238 1 1
-57 -204 8 0
-65 -218 5 0
-84 -202 6 0
-69 -219 6 0
-66 -220 6 0
-72 -217 6 0
-65 -214 1 2
-65 -217 0 1
-69 -202 6 0
-69 -202 8 0
-68 -202 9 0
-70 -202 6 0
-79 -233 4 0
-76 -236 7 0
-76 -235 6 0
-78 -231 7 0
-78 -232 6 0
-70 -201 7 0
-69 -201 8 0
-90 -216 23 0
-60 -213 1 1
-59 -213 1 1
-59 -213 2 2
-59 -213 3 2
-91 -207 10 0
-88 -214 9 0
-87 -214 9 0
-86 -215 9 0
-75 -209 6 0
-68 -210 3 2
-67 -207 1 2
-54 -237 7 0
-67 -218 2 1
-91 -216 19 0
-90 -250 6 0
-92 -211 19 0
-60 -217 3 2
-52 -227 7 0
-75 -205 6 0
-53 -226 6 1
-60 -208 3 0
-60 -202 1 1
-91 -216 20 0
-92 -216 20 0
-64 -250 2 2
-64 -250 3 2
-64 -220 8 0
-64 -219 7 0
-60 -214 8 0
-61 -215 8 0
-67 -216 8 0
-66 -216 8 0
-65 -216 7 0
-54 -237 6 1
-85 -214 21 0
-60 -239 6 0
-54 -241 5 0
-53 -241 5 0
-52 -241 5 0
-56 -239 5 1
-56 -238 5 1
-55 -237 4 2
-55 -236 4 2
-69 -211 0 1
-69 -211 1 1
-63 -213 -1 1
-62 -213 -1 1
-62 -212 -1 1
-51 -224 9 0
-59 -223 0 1
-60 -221 0 1
-52 -220 1 1
-52 -220 2 1
-52 -219 1 1
-52 -219 2 2
-52 -218 1 1
-55 -201 6 0
-57 -237 5 1
-56 -238 4 2
-56 -237 4 1
-58 -248 1 1
-58 -248 2 1
-57 -250 1 1
-57 -250 2 2
-53 -244 3 1
-90 -210 8 0
-92 -210 8 0
-84 -207 8 0
-87 -211 8 0
-99 -202 12 0
-100 -204 6 1
-66 -221 6 0
-64 -222 2 1
-98 -203 8 0
-89 -205 2 1
-88 -205 0 1
-88 -205 1 2
-87 -205 0 1
-87 -205 1 2
-87 -205 2 1
-91 -203 0 1
-90 -203 0 1
-88 -205 7 0
-88 -206 8 0
-86 -205 7 0
-93 -204 5 0
-89 -206 5 0
-89 -207 5 0
-91 -204 4 0
-91 -205 4 0
-87 -206 4 0
-90 -207 3 1
-87 -204 3 0
-86 -204 3 0
-94 -206 1 1
-88 -207 2 1
-86 -203 0 1
-86 -203 1 2
-92 -207 1 1
-92 -207 2 2
-92 -207 3 1
-91 -207 1 1
-91 -207 2 2
-91 -207 3 1
-90 -207 1 1
-90 -207 2 2
-92 -204 0 1
-92 -203 0 1
-92 -202 0 1
-91 -204 0 1
-90 -204 0 1
-67 -219 7 0
-87 -219 2 1
-87 -218 0 1
-87 -218 1 2
-87 -218 2 1
-87 -217 0 1
-87 -217 1 1
-87 -217 2 1
-90 -218 3 1
-90 -220 3 1
-90 -219 3 1
-90 -218 5 0
-89 -218 7 0
-85 -201 7 0
-88 -201 5 0
-86 -201 7 0
-68 -211 4 1
-78 -202 7 0
-81 -203 2 2
-89 -201 4 1
-89 -201 3 1
-89 -201 2 1
-62 -209 5 0
-65 -213 6 0
-65 -216 2 2
-68 -203 6 0
-69 -202 7 0
-65 -207 5 0
-64 -207 6 0
-63 -207 6 0
-67 -214 4 1
-60 -216 4 2
-61 -209 1 1
-61 -208 -1 1
-65 -209 1 2
-61 -205 1 1
-54 -224 9 0
-51 -222 10 0
-81 -206 4 1
-56 -218 6 0
-57 -218 7 0
-56 -217 6 0
-56 -217 7 0
-52 -229 9 0
-51 -228 9 0
-54 -201 5 0
-77 -201 6 0
-77 -201 7 0
-85 -202 6 0
-58 -202 6 0
-58 -203 6 0
-57 -203 3 1
-61 -212 3 2
-52 -202 7 0
-52 -201 7 0
-53 -201 6 0
-62 -222 2 1
-63 -222 2 1
-58 -222 2 2
-58 -221 1 1
-58 -221 3 1
-55 -201 8 0
-57 -240 2 1
-57 -202 2 2
-57 -202 3 1
-57 -201 1 1
-57 -201 2 1
-57 -201 3 1
-54 -206 3 0
-53 -206 3 0
-52 -206 3 0
-51 -206 2 0
-58 -207 9 0
-54 -202 2 1
-54 -202 1 1
-53 -208 2 0
-53 -209 2 0
-53 -210 1 1
-52 -203 -1 1
-52 -203 0 2
-53 -204 6 0
-53 -204 5 0
-85 -246 5 0
-55 -207 8 0
-86 -246 5 0
-87 -245 2 1
-87 -245 1 2
-87 -245 0 1
-71 -203 -1 1
-70 -207 8 0
-70 -204 6 0
-52 -208 0 2
-65 -219 4 1
-65 -219 3 2
-72 -207 7 0
-100 -226 6 0
-100 -223 14 0
-100 -223 15 0
-100 -225 12 0
-100 -225 13 0
-89 -208 5 0
-53 -216 8 0
-99 -223 10 0
-98 -223 10 0
-97 -222 10 0
-89 -215 20 0
-57 -242 5 1
-58 -242 6 0
-81 -207 20 0
-54 -208 7 0
-56 -204 8 0
-72 -208 4 1
-59 -212 2 1
-77 -213 7 0
-70 -212 5 0
-64 -211 2 2
-64 -211 3 2
-64 -211 4 1
-62 -208 3 1
-62 -214 3 2
-60 -206 -1 1
-51 -234 2 2
-92 -213 22 0
-91 -213 23 0
-91 -213 24 0
-91 -213 25 0
-53 -243 2 2
-97 -247 7 0
-59 -220 2 2
-59 -220 3 1
-58 -222 1 1
-59 -215 6 0
-65 -202 4 0
-66 -206 4 1
-63 -206 3 0
-67 -203 3 0
-67 -202 2 0
-67 -201 2 0
-66 -209 2 2
-66 -209 3 2
-66 -209 4 1
-66 -208 2 1
-66 -208 3 2
-66 -207 3 2
-65 -204 2 0
-62 -213 3 1
-68 -212 3 2
-67 -215 6 0
-83 -206 9 0
-83 -210 7 0
-85 -211 8 0
-86 -211 9 0
-67 -208 10 0
-80 -207 8 0
-79 -205 8 0
-80 -213 8 0
-80 -214 8 0
-83 -209 7 0
-84 -208 7 0
-61 -214 6 0
-56 -209 3 0
-52 -203 3 1
-59 -218 3 2
-60 -217 2 1
-59 -218 2 1
-59 -218 4 1
-89 -244 6 0
-89 -245 6 0
-88 -246 5 0
-53 -221 5 1
-84 -245 8 0
-85 -246 7 0
-86 -246 6 0
-86 -247 6 0
-95 -220 10 0
-100 -219 9 0
-100 -218 9 0
-56 -234 8 0
-52 -238 7 0
-51 -239 7 0
-73 -215 2 1
-73 -214 0 1
-73 -213 0 1
-73 -213 1 2
-72 -215 0 1
-77 -208 11 0
-90 -208 20 0
-80 -212 11 0
-60 -244 7 0
-87 -249 4 0
-91 -245 3 0
-86 -201 6 0
-100 -223 10 0
-73 -209 12 0
-72 -209 12 0
-56 -224 7 0
-58 -226 10 0
-56 -223 7 0
-87 -248 2 1
-87 -248 1 2
-87 -248 0 1
-93 -248 2 1
-91 -248 3 0
-91 -249 4 0
-86 -247 3 0
-87 -247 4 0
-94 -250 4 0
-90 -245 4 0
-90 -246 4 0
-90 -247 4 0
-90 -248 4 0
-74 -226 1 2
-64 -246 5 0
-89 -208 6 0
-52 -216 10 0
-53 -220 10 0
-51 -219 11 0
-51 -219 10 0
-55 -219 10 0
-54 -219 9 0
-53 -221 11 0
-51 -220 9 0
-55 -206 7 0
-55 -206 6 0
-58 -205 5 0
-58 -210 7 0
-79 -214 10 0
-79 -211 11 0
-61 -217 10 0
-62 -213 1 2
-64 -219 1 2
-80 -240 6 0
-74 -225 5 0
-70 -224 7 0
-71 -225 6 0
-72 -225 5 0
-77 -226 7 0
-76 -226 6 0
-75 -226 5 0
-72 -229 7 0
-72 -228 7 0
-73 -224 8 0
-73 -224 7 0
-73 -225 6 0
-75 -228 8 0
-75 -228 7 0
-74 -227 6 0
-74 -227 5 0
-72 -226 8 0
-73 -226 7 0
-73 -226 6 0
-73 -226 5 0
-72 -229 1 2
-72 -229 0 1
-71 -225 1 2
-71 -225 0 1
-72 -225 2 1
-72 -225 1 2
-72 -225 0 1
-77 -226 1 2
-77 -226 0 1
-78 -226 2 1
-78 -226 1 1
-78 -226 0 1
-71 -230 2 1
-71 -230 0 1
-71 -231 2 1
-71 -231 0 1
-71 -232 2 1
-71 -232 1 1
-71 -232 0 1
-72 -230 1 2
-72 -230 0 1
-72 -222 2 1
-72 -222 1 2
-72 -222 0 1
-72 -223 2 1
-72 -223 1 2
-72 -223 0 1
-72 -224 2 1
-92 -232 2 1
-92 -231 0 1
-92 -231 1 1
-87 -227 5 0
-82 -227 4 0
-82 -228 4 0
-81 -230 5 0
-85 -224 4 0
-86 -224 4 0
-87 -223 4 0
-83 -226 3 0
-84 -227 3 0
-86 -230 4 0
-81 -227 3 0
-80 -228 3 0
-85 -226 3 0
-86 -226 3 0
-87 -226 3 0
-88 -226 3 0
-83 -227 3 0
-83 -228 3 0
-83 -229 3 0
-83 -230 2 1
-86 -222 2 0
-88 -230 0 1
-88 -230 1 2
-88 -230 2 1
-88 -229 0 1
-88 -229 1 1
-88 -229 2 1
-88 -228 0 1
-88 -228 1 2
-88 -228 2 1
-87 -230 0 1
-87 -230 1 2
-87 -230 2 1
-86 -230 0 1
-86 -230 1 2
-86 -230 2 1
-82 -229 0 1
-82 -229 1 1
-99 -220 7 0
-99 -216 7 0
-99 -216 6 0
-100 -215 5 1
-98 -219 7 0
-96 -219 5 0
-99 -218 7 0
-100 -218 6 0
-91 -215 6 0
-98 -218 7 0
-98 -217 6 0
-98 -217 5 1
-98 -217 4 2
-80 -208 18 0
-85 -212 19 0
-83 -211 18 0
-77 -212 19 0
-83 -207 20 0
-83 -208 19 0
-97 -217 12 0
-97 -217 13 0
-97 -217 14 0
-82 -215 20 0
-82 -214 19 0
-82 -213 19 0
-82 -212 18 0
-78 -209 20 0
-79 -209 20 0
-79 -209 19 0
-100 -213 26 0
-83 -210 18 0
-82 -211 18 0
-79 -213 21 0
-80 -213 20 0
-87 -212 18 0
-61 -216 1 1
-71 -212 13 0
-80 -212 13 0
-64 -249 8 0
-62 -250 7 0
-61 -250 8 0
-65 -250 5 0
-86 -213 7 0
-87 -207 7 0
-76 -208 11 0
-51 -205 -1 1
-51 -206 1 1
-61 -218 2 2
-66 -217 4 1
-95 -204 5 1
-84 -214 18 0
-88 -211 18 0
-52 -205 1 1
-86 -211 18 0
-53 -214 4 1
-52 -213 4 0
-51 -212 4 0
-84 -209 7 0
-84 -209 8 0
-86 -208 8 0
-63 -216 8 0
-83 -214 22 0
-83 -214 23 0
-67 -217 2 2
-62 -208 1 1
-99 -209 24 0
-99 -210 23 0
-99 -211 23 0
-98 -212 22 0
-99 -217 24 0
-98 -216 23 0
-98 -215 22 0
-95 -212 24 0
-70 -206 3 1
-73 -212 2 2
-73 -212 3 2
-71 -209 2 1
-71 -209 3 2
-71 -209 4 1
-74 -202 5 0
-52 -203 2 2
-52 -204 2 1
-51 -203 2 2
-51 -205 3 0
-56 -208 1 1
-76 -201 4 1
-75 -202 3 1
-74 -202 3 1
-55 -201 2 1
-52 -210 3 0
-52 -209 3 0
-52 -208 3 0
-51 -204 3 1
-51 -206 4 0
-76 -210 2 1
-71 -205 4 1
-64 -209 0 1
-64 -209 -1 1
-56 -228 3 1
-51 -223 5 1
-98 -213 4 2
-98 -213 3 1
-99 -211 5 1
-99 -211 4 2
-99 -211 3 1
-99 -212 5 1
-99 -212 4 2
-99 -212 3 1
-99 -213 5 1
-99 -213 4 2
-99 -213 3 1
-98 -212 4 2
-78 -211 15 0
-78 -212 16 0
-56 -215 -1 1
-58 -238 9 0
-53 -223 5 0
-66 -213 4 1
-75 -207 6 0
-67 -223 0 1
-67 -224 2 1
-93 -204 9 0
-60 -209 5 0
-59 -202 6 0
-58 -202 -1 1
-59 -202 0 2
-59 -202 -1 1
-60 -202 0 1
-57 -222 0 1
-69 -209 3 2
-69 -209 4 1
-68 -211 2 1
-68 -211 3 2
-68 -210 2 1
-76 -230 4 0
-73 -233 6 0
-74 -233 5 0
-75 -232 4 0
-69 -204 -1 1
-78 -221 0 1
-78 -222 2 1
-78 -222 1 1
-78 -222 0 1
-78 -223 2 1
-78 -223 1 2
-78 -223 0 1
-78 -223 3 0
-69 -227 5 0
-76 -222 5 0
-72 -227 5 0
-72 -226 7 0
-81 -224 2 1
-82 -222 0 1
-80 -222 7 0
-79 -222 8 0
-81 -223 5 0
-82 -223 6 0
-82 -224 7 0
-95 -215 13 0
-81 -221 6 0
-81 -220 7 0
-80 -223 4 0
-79 -224 6 0
-77 -220 2 1
-77 -220 1 2
-77 -220 0 1
-77 -221 2 1
-77 -221 1 1
-77 -221 0 1
-99 -210 8 0
-95 -214 9 0
-94 -214 8 0
-93 -214 8 0
-92 -214 7 0
-99 -215 8 0
-96 -211 8 0
-96 -210 7 0
-95 -209 7 0
-59 -222 6 0
-58 -225 6 1
-62 -222 3 1
-83 -204 4 1
-83 -203 2 2
-83 -203 3 2
-77 -202 4 1
-66 -215 5 0
-63 -214 5 1
-63 -216 6 0
-64 -215 5 1
-64 -215 7 0
-63 -215 7 0
-76 -210 1 1
-78 -201 5 0
-51 -201 3 1
-57 -203 4 0
-66 -208 9 0
-65 -208 8 0
-63 -206 9 0
-53 -202 4 1
-53 -201 4 1
-70 -203 6 0
-69 -203 7 0
-68 -202 8 0
-84 -214 0 1
-84 -214 1 1
-84 -214 2 1
-84 -213 0 1
-84 -213 1 2
-79 -206 0 1
-79 -205 0 1
-80 -214 0 1
-80 -214 1 1
-80 -214 2 1
-79 -214 0 1
-79 -214 1 2
-79 -214 2 1
-78 -214 0 1
-78 -214 1 2
-78 -214 2 1
-78 -213 0 1
-78 -213 1 2
-78 -212 0 1
-78 -212 1 2
-78 -212 2 1
-83 -213 0 1
-83 -213 1 1
-79 -212 5 0
-81 -214 5 0
-81 -215 6 1
-80 -212 3 0
-79 -214 4 0
-79 -215 4 1
-82 -213 3 0
-82 -214 3 0
-83 -215 4 1
-76 -214 3 1
-76 -206 1 1
-80 -213 3 0
-80 -215 2 1
-80 -216 2 1
-78 -211 3 1
-77 -212 3 1
-84 -231 5 0
-82 -232 6 0
-88 -231 4 0
-90 -232 5 0
-91 -232 5 0
-86 -232 4 0
-85 -234 4 0
-88 -229 4 0
-89 -229 4 0
-90 -228 4 0
-87 -232 3 0
-91 -235 5 0
-93 -234 7 0
-92 -235 0 1
-92 -235 1 2
-92 -235 2 1
-92 -234 0 1
-92 -234 1 1
-92 -234 2 1
-92 -233 0 1
-92 -233 1 2
-92 -233 2 1
-91 -235 0 1
-91 -235 1 2
-91 -235 2 1
-90 -235 0 1
-90 -235 1 2
-90 -235 2 1
-88 -234 0 1
-88 -234 1 2
-88 -234 2 1
-78 -222 4 0
-78 -223 5 0
-84 -218 3 1
-84 -218 4 1
-84 -218 5 1
-84 -217 4 1
-84 -217 5 1
-100 -216 3 1
-100 -216 4 1
-100 -216 5 1
-99 -218 3 1
-99 -218 5 1
-99 -217 3 1
-99 -217 4 2
-99 -216 3 1
-99 -216 5 1
-72 -210 1 1
-72 -209 1 1
-76 -215 3 0
-76 -217 2 1
-76 -218 2 1
-89 -215 18 0
-81 -217 0 1
-81 -217 1 2
-81 -217 2 1
-80 -217 0 1
-80 -217 1 1
-80 -217 2 1
-79 -217 0 1
-79 -217 1 2
-79 -217 2 1
-79 -216 0 1
-79 -216 1 2
-74 -209 0 1
-75 -217 0 1
-75 -217 1 2
-75 -217 2 1
-73 -211 0 1
-78 -216 0 1
-78 -216 1 2
-78 -206 2 2
-78 -204 5 0
-78 -225 0 1
-78 -225 1 2
-78 -224 0 1
-78 -224 1 1
-78 -224 2 1
-77 -225 0 1
-77 -224 0 1
-77 -224 1 2
-71 -224 0 1
-71 -224 1 2
-71 -224 2 1
-70 -226 0 1
-70 -226 1 2
-58 -238 3 1
-55 -246 4 0
-52 -237 4 1
-55 -226 10 0
-55 -226 11 0
-57 -227 9 0
-56 -221 7 0
-51 -222 5 1
-52 -223 7 0
-77 -204 5 0
-76 -204 5 0
-77 -204 6 0
-76 -204 6 0
-59 -205 3 0
-58 -204 3 1
-79 -237 0 1
-66 -203 1 1
-66 -202 -1 1
-82 -204 2 2
-83 -202 4 1
-76 -215 15 0
-77 -213 15 0
-77 -212 14 0
-76 -206 15 0
-76 -207 15 0
-77 -208 15 0
-82 -212 16 0
-80 -211 15 0
-79 -211 15 0
-92 -204 1 1
-92 -204 2 2
-91 -204 1 2
-91 -204 2 1
-91 -204 3 1
-86 -201 0 1
-53 -201 5 0
-79 -204 2 2
-54 -201 -1 1
-54 -225 3 1
-55 -206 1 1
-86 -211 16 0
-87 -224 0 1
-87 -224 1 1
-87 -224 2 1
-86 -226 0 1
-86 -226 1 1
-86 -226 2 1
-85 -226 0 1
-85 -226 2 1
-84 -229 0 1
-84 -229 1 2
-84 -229 2 1
-83 -229 0 1
-83 -229 1 2
-83 -229 2 1
-83 -227 6 0
-83 -227 7 0
-55 -236 5 1
-55 -237 5 1
-55 -238 5 1
-87 -214 22 0
-72 -211 5 0
-72 -212 5 0
-74 -210 3 2
-74 -210 4 1
-74 -209 2 1
-95 -242 6 0
-70 -219 6 0
-96 -243 8 0
-94 -239 7 0
-93 -243 6 0
-92 -244 7 0
-96 -241 5 0
-97 -241 6 0
-98 -241 7 0
-91 -239 7 0
-95 -243 5 0
-95 -245 6 0
-96 -238 5 0
-92 -242 5 0
-90 -243 6 0
-96 -242 4 0
-97 -242 4 0
-98 -243 5 0
-99 -243 5 0
-94 -243 4 0
-93 -245 4 0
-96 -240 4 0
-97 -240 4 0
-98 -239 4 0
-99 -239 4 0
-95 -243 3 0
-97 -245 4 0
-92 -243 3 0
-67 -222 3 0
-98 -245 0 1
-98 -245 1 1
-98 -245 2 1
-97 -245 0 1
-97 -245 1 2
-97 -245 2 1
-94 -221 13 0
-96 -220 12 0
-52 -215 7 0
-52 -215 8 0
-52 -215 9 0
-54 -216 8 0
-52 -217 7 0
-51 -218 8 0
-52 -215 6 0
-54 -219 8 0
-51 -212 6 0
-81 -247 4 0
-88 -244 3 0
-77 -204 4 1
-58 -223 4 2
-76 -212 6 0
-76 -209 6 0
-88 -211 19 0
-62 -209 7 0
-62 -219 3 1
-62 -217 7 0
-63 -210 1 1
-77 -206 7 0
-63 -204 0 2
-92 -246 4 0
-95 -248 6 0
-94 -248 6 0
-58 -215 2 1
-95 -248 4 0
-93 -215 7 0
-93 -216 6 0
-92 -211 7 0
-93 -213 6 0
-94 -213 5 1
-75 -238 0 1
-75 -238 1 1
-75 -238 2 1
-75 -237 0 1
-75 -237 1 1
-75 -236 0 1
-75 -236 1 2
-61 -245 1 1
-61 -244 1 1
-60 -244 1 1
-55 -244 1 1
-55 -209 -1 1
-55 -209 0 2
-57 -207 5 0
-56 -208 5 0
-75 -208 5 0
-61 -250 7 0
-61 -249 8 0
-57 -204 5 0
-57 -209 5 0
-57 -211 5 0
-55 -206 4 0
-54 -206 4 0
-59 -203 4 0
-57 -206 2 1
-92 -211 23 0
-92 -210 24 0
-91 -214 22 0
-91 -215 23 0
-90 -215 24 0
-94 -213 22 0
-94 -212 22 0
-95 -212 23 0
-57 -224 3 1
-54 -224 5 1
-72 -209 9 0
-70 -213 10 0
-73 -210 7 0
-59 -207 7 0
-66 -205 3 0
-67 -223 1 2
-72 -224 3 0
-71 -223 5 0
-71 -223 6 0
-70 -223 8 0
-72 -224 6 0
-71 -221 6 0
-71 -220 7 0
-70 -224 5 0
-70 -225 6 0
-69 -202 4 0
-68 -201 4 0
-69 -205 3 1
-82 -242 2 1
-81 -244 0 1
-81 -244 1 2
-81 -243 0 1
-81 -243 1 1
-81 -243 2 1
-59 -211 9 0
-81 -242 0 1
-81 -242 1 1
-51 -247 2 1
-59 -240 5 1
-93 -209 12 0
-93 -209 13 0
-96 -210 12 0
-96 -210 13 0
-94 -207 11 0
-94 -207 12 0
-94 -206 13 0
-94 -210 10 0
-93 -210 11 0
-92 -211 12 0
-96 -208 11 0
-97 -208 11 0
-93 -208 10 0
-92 -208 10 0
-92 -207 11 0
-91 -207 12 0
-95 -213 11 0
-95 -207 10 0
-96 -206 11 0
-96 -205 11 0
-93 -209 9 0
-92 -210 10 0
-91 -210 10 0
-75 -225 4 0
-76 -225 4 0
-77 -225 4 0
-78 -224 5 0
-72 -226 4 0
-71 -226 4 0
-70 -226 4 0
-69 -225 4 0
-74 -225 3 0
-74 -224 4 0
-74 -223 4 0
-74 -222 4 0
-71 -228 3 0
-79 -234 0 1
-79 -234 1 2
-97 -218 9 0
-52 -214 3 1
-51 -217 2 1
-51 -216 3 1
-84 -208 20 0
-83 -209 19 0
-63 -249 1 1
-76 -207 6 0
-69 -210 3 2
-84 -212 19 0
-54 -238 6 0
-58 -242 5 1
-59 -241 5 1
-60 -240 5 0
-54 -242 5 0
-53 -242 5 0
-62 -249 1 1
-63 -249 3 1
-63 -249 2 2
-85 -212 24 0
-87 -212 21 0
-63 -210 -1 1
-87 -213 22 0
-80 -233 5 0
-80 -233 4 0
-99 -250 1 2
-99 -250 2 1
-99 -249 0 1
-95 -202 1 1
-94 -202 2 2
-70 -226 6 0
-68 -225 4 0
-71 -226 3 0
-74 -222 3 0
-75 -221 3 0
-76 -221 3 0
-76 -221 0 1
-76 -221 1 2
-76 -221 2 1
-100 -229 9 0
-89 -203 3 0
-91 -202 6 0
-89 -201 5 0
-90 -201 6 0
-94 -201 5 0
-74 -225 6 0
-74 -220 5 0
-94 -234 5 0
-61 -207 -1 1
-61 -207 0 2
-61 -207 1 2
-70 -202 9 0
-86 -201 2 1
-73 -206 4 1
-54 -206 8 0
-62 -207 -1 1
-62 -207 0 2
-62 -207 1 1
-64 -207 2 1
-53 -206 8 0
-68 -208 0 1
-68 -209 4 1
-72 -208 3 2
-67 -213 8 0
-67 -213 9 0
-67 -213 10 0
-61 -223 8 0
-57 -238 1 1
-51 -238 3 1
-51 -238 2 2
-95 -216 10 0
-94 -216 10 0
-93 -215 10 0
-89 -203 5 0
-98 -216 9 0
-98 -215 9 0
-98 -214 9 0
-96 -227 3 1
-98 -225 4 1
-97 -225 8 0
-53 -246 2 1
-53 -246 1 1
-53 -247 2 1
-53 -247 1 1
-52 -246 2 2
-75 -212 15 0
-60 -241 3 0
-60 -242 3 1
-54 -242 3 1
-63 -203 -1 1
-66 -211 0 1
-63 -210 0 2
-61 -219 4 1
-55 -206 2 1
-59 -209 7 0
-61 -204 8 0
-56 -225 6 0
-63 -216 4 1
-64 -215 4 1
-64 -215 3 2
-54 -229 3 1
-92 -212 18 0
-94 -213 16 0
-85 -213 16 0
-85 -212 17 0
-85 -207 16 0
-85 -208 17 0
-85 -211 18 0
-65 -219 5 0
-77 -206 2 1
-62 -216 3 2
-53 -214 2 2
-56 -240 9 0
-56 -238 7 0
-52 -237 8 0
-51 -237 9 0
-57 -238 7 0
-54 -243 6 0
-52 -237 6 0
-51 -237 6 0
-87 -201 3 1
-89 -213 16 0
-56 -245 2 2
-85 -214 22 0
-85 -213 22 0
-86 -210 22 0
-85 -212 14 0
-55 -233 8 0
-91 -214 24 0
-56 -237 6 0
-54 -233 6 0
-59 -235 5 0
-52 -233 5 2
-54 -230 8 0
-64 -207 5 0
-67 -203 7 0
-67 -203 6 0
-66 -210 7 0
-66 -209 7 0
-66 -209 6 0
-62 -204 7 0
-70 -203 5 0
-84 -212 11 0
-85 -207 12 0
-79 -213 11 0
-82 -209 11 0
-81 -209 11 0
-92 -212 23 0
-93 -212 23 0
-99 -212 17 0
-99 -212 16 0
-77 -212 11 0
-77 -213 11 0
-77 -201 9 0
-69 -219 5 0
-63 -246 2 1
-64 -246 4 1
-64 -246 3 1
-65 -214 4 1
-74 -201 2 1
-54 -206 0 2
-54 -205 -1 1
-62 -219 1 1
-51 -221 6 0
-78 -202 2 2
-52 -224 7 0
-64 -203 2 0
-59 -219 4 1
-76 -212 15 0
-76 -212 16 0
-75 -213 17 0
-79 -210 15 0
-80 -210 16 0
-81 -210 16 0
-77 -210 13 0
-92 -210 19 0
-74 -208 16 0
-83 -237 5 0
-83 -236 5 0
-84 -235 6 0
-79 -240 5 0
-78 -240 5 0
-78 -241 6 0
-85 -240 5 0
-86 -241 5 0
-81 -237 4 0
-80 -236 4 0
-80 -236 5 0
-80 -235 5 0
-80 -244 5 0
-83 -238 4 0
-85 -237 4 0
-86 -237 4 0
-80 -239 4 0
-79 -238 4 0
-78 -238 4 0
-77 -238 4 0
-72 -227 0 1
-82 -238 3 0
-82 -237 3 0
-92 -248 4 0
-92 -249 4 0
-92 -250 4 0
-87 -245 3 0
-87 -246 3 0
-83 -248 3 0
-84 -248 3 0
-85 -248 3 0
-86 -248 4 0
-91 -244 3 0
-95 -250 5 0
-89 -245 3 0
-84 -244 3 0
-85 -245 4 0
-93 -248 4 0
-89 -248 6 0
-90 -249 6 0
-90 -250 5 0
-86 -249 4 0
-88 -243 4 0
-88 -244 4 0
-79 -203 4 1
-79 -203 3 2
-53 -226 1 1
-88 -248 3 0
-87 -247 2 1
-51 -233 7 0
-96 -211 25 0
-59 -221 9 0
-63 -218 7 0
-64 -218 8 0
-64 -218 9 0
-100 -216 23 0
-58 -234 6 0
-59 -234 5 0
-53 -233 6 1
-53 -232 6 1
-52 -232 5 1
-51 -231 5 1
-55 -232 5 0
-56 -232 5 0
-57 -231 5 0
-57 -230 4 0
-54 -232 5 0
-53 -231 4 1
-56 -233 4 0
-57 -233 0 1
-57 -233 1 1
-57 -233 2 1
-54 -232 3 1
-61 -223 5 1
-58 -201 1 1
-57 -207 2 0
-58 -201 2 1
-58 -201 3 1
-56 -205 7 0
-57 -205 6 0
-62 -206 7 0
-58 -209 8 0
-58 -209 7 0
-59 -208 5 0
-59 -204 8 0
-59 -205 6 0
-61 -208 8 0
-58 -207 8 0
-54 -212 1 1
-54 -211 -1 1
-54 -211 0 2
-54 -211 1 1
-53 -212 -1 1
-53 -212 0 2
-53 -212 1 1
-86 -249 7 0
-86 -250 8 0
-89 -247 6 0
-90 -247 6 0
-52 -205 4 0
-91 -247 8 0
-96 -220 10 0
-95 -226 1 1
-94 -226 0 1
-94 -226 1 2
-93 -228 2 1
-93 -227 0 1
-81 -230 6 0
-77 -228 7 0
-77 -229 6 0
-79 -232 6 0
-76 -231 8 0
-76 -231 7 0
-93 -227 2 1
-93 -226 1 2
-93 -226 2 1
-98 -231 3 1
-97 -228 0 1
-96 -227 9 0
-98 -228 8 0
-96 -228 6 0
-92 -209 4 1
-96 -229 7 0
-96 -229 8 0
-95 -230 9 0
-95 -226 7 0
-97 -226 5 0
-95 -228 6 0
-51 -239 5 0
-51 -245 5 0
-52 -245 5 0
-51 -241 6 0
-52 -241 6 0
-59 -240 6 0
-51 -244 8 0
-52 -243 7 0
-56 -239 8 0
-56 -240 7 0
-58 -241 9 0
-53 -244 9 0
-54 -239 10 0
-56 -243 10 0
-56 -243 9 0
-53 -242 10 0
-52 -248 3 1
-78 -227 7 0
-77 -227 6 0
-76 -227 6 0
-57 -209 0 2
-58 -205 3 1
-57 -205 3 1
-57 -204 3 1
-91 -239 3 0
-91 -240 2 1
-94 -232 2 1
-96 -240 0 1
-96 -240 1 2
-96 -240 2 1
-96 -239 0 1
-52 -228 9 0
-52 -227 9 0
-98 -203 7 0
-99 -203 8 0
-96 -208 4 2
-80 -238 5 0
-79 -237 6 0
-78 -237 7 0
-99 -219 12 0
-99 -220 5 1
-100 -220 6 0
-100 -220 7 0
-100 -221 8 0
-98 -222 5 0
-99 -243 4 0
-100 -244 9 0
-72 -201 0 1
-93 -213 18 0
-90 -214 16 0
-100 -243 5 0
-96 -250 3 0
-79 -202 9 0
-83 -219 1 2
-83 -219 2 1
-83 -218 0 1
-83 -218 1 1
-83 -218 2 1
-51 -210 0 2
-51 -210 -1 1
-51 -211 1 1
-81 -222 1 2
-81 -222 2 1
-81 -221 0 1
-81 -221 1 2
-81 -220 0 1
-75 -224 0 1
-75 -224 1 2
-79 -228 0 1
-79 -228 1 1
-92 -210 22 0
-93 -209 23 0
-92 -213 20 0
-95 -249 6 0
-92 -247 7 0
-92 -247 6 0
-76 -230 7 0
-87 -214 12 0
-91 -215 10 0
-90 -216 11 0
-90 -217 11 0
-72 -202 0 2
-72 -202 1 1
-66 -213 5 1
-64 -218 6 0
-65 -214 5 1
-63 -217 5 0
-56 -228 1 1
-56 -228 0 1
-57 -228 2 1
-57 -228 1 1
-58 -228 2 1
-58 -228 1 2
-54 -204 5 0
-52 -228 2 1
-75 -214 0 1
-75 -214 1 2
-75 -214 2 1
-75 -213 0 1
-75 -213 1 2
-75 -213 2 2
-78 -212 17 0
-78 -211 17 0
-79 -208 19 0
-62 -248 6 0
-54 -248 7 0
-54 -248 6 0
-55 -247 6 0
-60 -243 7 0
-59 -243 6 0
-59 -244 6 0
-59 -245 5 0
-70 -201 5 0
-71 -203 8 0
-92 -222 4 0
-91 -228 4 0
-92 -227 4 0
-93 -226 4 0
-90 -223 5 0
-98 -250 7 0
-97 -250 8 0
-97 -249 9 0
-91 -224 5 0
-92 -224 5 0
-94 -224 5 0
-91 -226 7 0
-93 -225 1 2
-93 -225 0 1
-75 -229 8 0
-77 -230 5 0
-78 -230 6 0
-76 -227 7 0
-79 -229 6 0
-80 -229 6 0
-78 -226 5 0
-73 -231 5 0
-80 -231 4 0
-81 -231 5 0
-81 -227 4 0
-73 -232 3 0
-79 -226 1 2
-70 -231 0 1
-70 -231 1 1
-70 -231 2 1
-80 -228 0 1
-80 -228 1 2
-94 -225 2 2
-94 -225 1 2
-94 -225 0 1
-95 -225 1 1
-95 -225 0 1
-96 -229 3 1
-92 -228 3 0
-93 -228 3 0
-94 -228 4 0
-78 -231 5 0
-78 -231 6 0
-78 -232 7 0
-77 -228 6 0
-77 -227 7 0
-75 -233 7 0
-78 -234 6 0
-79 -226 5 0
-81 -232 5 0
-81 -228 4 0
-82 -230 2 1
-80 -226 1 1
-95 -227 4 0
-97 -231 4 0
-94 -224 4 0
-93 -230 4 0
-94 -230 4 0
-92 -226 5 0
-93 -226 5 0
-94 -227 5 0
-93 -229 7 0
-94 -228 6 0
-76 -224 2 1
-76 -224 1 2
-74 -228 3 0
-72 -233 3 0
-72 -232 3 0
-58 -209 5 0
-68 -217 3 2
-53 -222 7 0
-54 -221 7 0
-100 -212 23 0
-53 -248 3 1
-52 -249 1 1
-95 -203 8 0
-96 -203 8 0
-97 -202 9 0
-91 -204 8 0
-89 -204 8 0
-97 -249 4 0
-97 -250 4 0
-99 -203 4 2
-99 -203 3 1
-99 -204 3 1
-100 -203 4 1
-100 -203 3 1
-100 -204 4 1
-100 -204 3 1
-99 -204 4 2
-100 -202 5 1
-89 -236 0 1
-90 -236 2 1
-90 -236 1 2
-90 -236 0 1
-92 -230 2 1
-92 -230 1 2
-91 -214 4 0
-90 -214 4 0
-95 -212 5 1
-94 -212 5 1
-91 -211 2 2
-92 -211 1 1
-92 -232 0 1
-89 -233 3 0
-91 -236 2 1
-91 -236 1 2
-91 -236 0 1
-92 -236 2 1
-92 -236 1 2
-92 -236 0 1
-93 -234 2 1
-93 -234 1 2
-93 -234 0 1
-93 -235 2 1
-93 -235 1 1
-93 -235 0 1
-93 -236 2 1
-93 -236 1 2
-93 -236 0 1
-88 -235 3 0
-88 -234 3 0
-93 -233 3 0
-92 -233 3 0
-54 -243 3 1
-55 -244 4 0
-56 -244 4 0
-100 -245 1 2
-54 -250 4 0
-55 -249 4 0
-55 -248 4 0
-89 -210 11 0
-88 -210 10 0
-85 -213 12 0
-85 -212 12 0
-85 -212 11 0
-86 -208 13 0
-86 -208 12 0
-88 -212 13 0
-88 -211 12 0
-87 -211 11 0
-87 -211 10 0
-85 -210 13 0
-86 -210 12 0
-86 -210 11 0
-86 -210 10 0
-85 -209 3 0
-85 -209 4 0
-87 -211 3 1
-71 -210 12 0
-72 -210 10 0
-72 -210 9 0
-99 -213 8 0
-98 -213 8 0
-97 -219 8 0
-94 -211 8 0
-94 -212 8 0
-95 -213 9 0
-71 -216 0 1
-68 -226 1 2
-93 -218 9 0
-94 -218 9 0
-95 -217 9 0
-69 -214 1 2
-98 -210 9 0
-98 -211 9 0
-97 -212 9 0
-97 -213 9 0
-75 -208 8 0
-74 -209 8 0
-81 -212 10 0
-81 -212 11 0
-84 -209 9 0
-53 -225 1 1
-85 -209 9 0
-100 -217 9 0
-98 -222 9 0
-98 -223 9 0
-97 -223 9 0
-96 -224 9 0
-99 -219 9 0
-90 -250 4 0
-85 -250 5 0
-86 -250 5 0
-94 -249 5 0
-93 -250 5 0
-92 -250 5 0
-88 -247 6 0
-83 -211 7 0
-82 -213 8 0
-69 -203 1 1
-84 -203 5 0
-100 -229 7 0
-74 -209 9 0
-52 -216 3 1
-53 -216 5 1
-53 -217 5 1
-57 -216 5 0
-54 -217 6 0
-62 -244 3 1
-73 -205 4 1
-74 -205 7 0
-69 -217 4 1
-76 -212 9 0
-91 -220 3 1
-88 -218 2 1
-88 -218 1 2
-88 -218 0 1
-88 -219 2 1
-88 -219 1 2
-96 -235 6 0
-88 -220 2 1
-88 -220 1 1
-88 -220 0 1
-89 -218 2 1
-96 -236 6 0
-89 -218 0 1
-90 -218 2 2
-90 -218 1 1
-90 -218 0 1
-90 -224 2 1
-91 -223 3 1
-91 -222 3 1
-89 -221 3 0
-90 -221 3 1
-90 -221 4 0
-91 -221 4 0
-89 -217 4 0
-100 -236 7 0
-89 -224 4 0
-89 -223 4 0
-90 -222 4 0
-93 -216 5 0
-93 -219 4 0
-88 -219 5 0
-96 -239 8 0
-97 -249 8 0
-97 -234 9 0
-97 -234 8 0
-97 -235 7 0
-99 -246 7 0
-99 -245 7 0
-99 -244 8 0
-98 -244 8 0
-96 -237 9 0
-96 -237 8 0
-97 -236 2 1
-97 -236 1 2
-97 -236 0 1
-99 -238 3 0
-99 -237 3 0
-98 -236 1 2
-98 -236 0 1
-98 -237 1 2
-98 -237 0 1
-95 -211 5 1
-54 -240 8 0
-71 -206 1 2
-59 -224 3 1
-70 -208 4 1
-59 -204 1 1
-57 -229 9 0
-88 -211 23 0
-87 -211 23 0
-91 -215 22 0
-97 -223 12 0
-97 -220 13 0
-98 -225 14 0
-99 -224 12 0
-99 -223 12 0
-100 -220 13 0
-99 -222 15 0
-90 -244 3 0
-86 -212 24 0
-87 -212 23 0
-57 -245 4 0
-54 -243 2 2
-76 -225 1 1
-76 -225 2 1
-75 -226 0 1
-75 -226 2 1
-75 -225 0 1
-75 -230 5 0
-75 -230 6 0
-74 -230 7 0
-66 -250 3 1
-77 -216 0 1
-81 -215 1 2
-81 -215 0 1
-81 -216 2 1
-81 -216 1 1
-81 -216 0 1
-82 -216 2 1
-82 -216 1 1
-82 -216 0 1
-83 -216 2 1
-83 -216 1 1
-83 -216 0 1
-75 -212 3 1
-78 -217 2 1
-78 -216 2 1
-78 -214 3 0
-91 -213 11 0
-100 -222 14 0
-59 -212 6 0
-59 -213 6 0
-59 -215 10 0
-57 -240 4 2
-57 -241 4 1
-90 -243 1 1
-90 -243 0 1
-76 -233 0 1
-76 -233 1 1
-75 -235 0 1
-75 -235 1 2
-75 -234 0 1
-91 -202 4 0
-75 -234 1 1
-75 -234 2 1
-75 -233 0 1
-76 -235 4 0
-75 -235 4 0
-80 -235 3 0
-80 -234 3 0
-80 -233 3 0
-98 -211 3 1
-98 -212 3 1
-69 -221 2 1
-69 -221 3 0
-77 -224 3 0
-68 -227 3 0
-59 -216 10 0
-57 -224 1 1
-88 -210 16 0
-89 -209 16 0
-78 -211 8 0
-78 -211 9 0
-77 -209 9 0
-78 -214 8 0
-77 -213 9 0
-80 -209 9 0
-79 -209 9 0
-74 -214 9 0
-75 -213 10 0
-79 -207 10 0
-78 -208 11 0
-77 -210 11 0
-77 -215 11 0
-77 -214 11 0
-76 -212 11 0
-74 -208 11 0
-81 -211 11 0
-80 -210 11 0
-79 -210 11 0
-78 -210 11 0
-73 -213 11 0
-75 -212 12 0
-77 -205 12 0
-78 -225 3 0
-71 -223 3 0
-70 -222 3 0
-69 -222 3 0
-74 -224 3 0
-75 -223 3 0
-75 -222 2 1
-76 -222 2 1
-69 -226 2 1
-79 -211 2 1
-99 -247 2 1
-99 -247 1 2
-99 -247 0 1
-100 -246 2 1
-100 -246 1 2
-100 -246 0 1
-100 -247 2 1
-100 -247 0 1
-91 -216 18 0
-91 -209 18 0
-96 -215 18 0
-95 -215 18 0
-66 -249 5 0
-67 -249 5 0
-68 -248 5 0
-60 -215 7 0
-59 -215 7 0
-72 -206 4 1
-72 -206 3 2
-72 -206 2 1
-80 -233 1 2
-75 -223 4 0
-87 -247 7 0
-78 -203 1 2
-69 -201 7 0
-75 -201 9 0
-68 -201 7 0
-76 -205 1 1
-73 -202 9 0
-72 -202 8 0
-72 -201 6 0
-70 -201 9 0
-70 -201 8 0
-71 -201 6 0
-69 -201 9 0
-64 -203 5 0
-64 -202 1 1
-64 -202 0 2
-64 -202 -1 1
-65 -202 1 1
-65 -202 0 1
-65 -202 -1 1
-52 -213 2 2
-80 -202 4 1
-80 -201 2 2
-56 -240 5 1
-52 -218 6 0
-51 -213 2 1
-81 -243 3 1
-81 -244 3 1
-80 -243 2 2
-87 -239 2 1
-87 -240 2 1
-86 -241 3 0
-84 -246 3 0
-81 -239 3 0
-81 -240 3 1
-83 -241 3 1
-84 -242 3 0
-80 -246 3 0
-81 -245 3 0
-82 -245 4 0
-73 -209 9 0
-85 -238 4 1
-85 -239 4 1
-85 -240 4 1
-77 -203 2 1
-74 -215 2 1
-66 -210 8 0
-73 -211 8 0
-76 -227 5 0
-75 -227 4 0
-72 -230 7 0
-73 -230 6 0
-73 -229 5 0
-74 -225 8 0
-92 -212 21 0
-89 -215 24 0
-89 -215 23 0
-90 -214 22 0
-90 -210 24 0
-90 -210 23 0
-54 -243 4 0
-92 -214 24 0
-92 -213 23 0
-91 -213 22 0
-74 -222 1 2
-52 -221 10 0
-74 -222 0 1
-70 -228 2 1
-83 -208 18 0
-92 -201 8 0
-84 -212 4 0
-84 -213 3 0
-83 -209 6 0
-83 -208 5 0
-84 -207 4 0
-62 -205 6 0
-64 -219 6 0
-63 -218 6 0
-63 -219 7 0
-62 -219 7 0
-91 -212 6 0
-90 -212 6 0
-89 -211 8 0
-74 -228 0 1
-87 -244 3 0
-93 -225 2 1
-95 -226 3 1
-99 -231 0 1
-99 -230 0 1
-99 -229 0 1
-98 -229 0 1
-96 -228 3 1
-96 -226 5 0
-95 -226 9 0
-97 -227 8 0
-98 -227 9 0
-95 -227 6 0
-95 -228 8 0
-94 -228 8 0
-94 -225 6 0
-94 -224 7 0
-93 -224 8 0
-94 -226 5 0
-76 -208 19 0
-77 -209 18 0
-54 -239 3 1
-54 -238 1 1
-54 -238 2 2
-54 -238 3 1
-60 -241 1 2
-61 -241 0 1
-60 -203 2 1
-97 -219 6 0
-97 -214 7 0
-98 -213 7 0
-98 -213 6 0
-98 -212 5 1
-96 -215 7 0
-83 -212 19 0
-83 -213 20 0
-61 -207 3 0
-92 -202 11 0
-84 -242 1 2
-84 -242 2 1
-84 -243 6 0
-84 -243 7 0
-74 -235 2 1
-75 -235 2 1
-77 -235 3 0
-72 -227 2 1
-81 -239 4 0
-81 -239 6 0
-81 -239 7 0
-80 -239 8 0
-83 -240 7 0
-83 -240 8 0
-82 -238 4 0
-82 -237 6 0
-81 -237 7 0
-81 -236 8 0
-81 -240 5 0
-80 -241 6 0
-80 -241 7 0
-84 -239 6 0
-100 -211 25 0
-100 -212 24 0
-57 -208 0 2
-63 -208 7 0
-69 -207 6 0
-66 -203 5 0
-65 -203 6 0
-61 -219 9 0
-59 -217 5 1
-85 -201 4 1
-59 -217 4 1
-82 -213 18 0
-71 -215 1 2
-71 -216 1 2
-73 -217 3 0
-65 -221 5 0
-61 -204 5 0
-60 -210 0 2
-60 -211 2 1
-60 -211 1 2
-60 -211 0 2
-60 -212 2 1
-60 -212 1 1
-61 -205 6 0
-72 -206 5 0
-73 -206 5 0
-62 -215 6 0
-58 -206 7 0
-59 -212 0 1
-62 -203 4 0
-62 -209 6 0
-59 -211 6 0
-59 -210 5 0
-61 -206 6 0
-85 -207 8 0
-58 -231 0 1
-58 -231 1 1
-58 -231 2 1
-57 -231 0 1
-99 -222 8 0
-99 -222 7 0
-98 -222 6 0
-100 -224 6 0
-99 -225 5 0
-100 -222 10 0
-100 -222 11 0
-100 -222 13 0
-99 -222 14 0
-100 -220 14 0
-100 -224 12 0
-74 -223 5 0
-74 -222 6 0
-75 -221 6 0
-70 -226 5 0
-69 -227 6 0
-72 -223 4 0
-71 -222 5 0
-75 -205 5 0
-76 -205 5 0
-61 -217 5 1
-55 -224 6 0
-93 -214 21 0
-98 -213 26 0
-100 -214 23 0
-100 -214 24 0
-61 -224 5 1
-61 -221 1 2
-99 -212 23 0
-72 -202 4 0
-60 -216 3 2
-63 -212 2 2
-96 -201 7 0
-98 -202 9 0
-97 -203 8 0
-69 -224 2 1
-69 -223 0 1
-69 -223 1 2
-69 -223 2 1
-75 -222 0 1
-75 -222 1 1
-85 -228 5 0
-85 -229 6 0
-86 -229 7 0
-89 -220 5 0
-90 -220 5 0
-91 -220 5 0
-91 -225 6 0
-90 -216 6 0
-88 -222 7 0
-89 -222 6 0
-90 -221 6 0
-93 -219 5 0
-89 -219 8 0
-90 -219 7 0
-90 -219 6 0
-91 -220 6 0
-90 -223 8 0
-91 -223 7 0
-91 -222 7 0
-92 -218 8 0
-94 -222 8 0
-91 -221 9 0
-92 -223 3 1
-91 -217 3 1
-91 -217 2 2
-91 -217 1 1
-91 -218 3 1
-91 -218 2 2
-91 -218 1 1
-91 -219 2 2
-91 -219 1 1
-89 -222 3 0
-90 -222 3 0
-91 -222 4 0
-93 -227 3 1
-90 -218 4 0
-90 -219 4 0
-92 -220 4 0
-89 -249 4 0
-85 -249 5 0
-86 -249 5 0
-87 -250 5 0
-94 -248 5 0
-80 -232 3 0
-80 -231 3 0
-78 -238 3 0
-77 -238 3 0
-77 -239 3 0
-76 -239 3 0
-83 -236 3 0
-84 -236 3 0
-85 -236 3 0
-78 -234 3 0
-77 -233 3 0
-76 -233 2 1
-80 -236 3 0
-82 -233 2 1
-67 -248 1 1
-67 -248 2 1
-63 -247 8 0
-62 -247 9 0
-65 -249 7 0
-66 -249 8 0
-60 -248 7 0
-64 -247 6 0
-64 -247 7 0
-65 -246 7 0
-61 -245 6 0
-65 -248 5 0
-66 -248 5 0
-67 -247 6 0
-74 -212 1 2
-61 -216 5 1
-62 -215 8 0
-60 -206 0 2
-95 -215 21 0
-53 -236 1 1
-53 -237 3 1
-58 -247 2 2
-58 -247 3 1
-58 -246 1 1
-74 -210 11 0
-74 -210 12 0
-74 -210 13 0
-73 -210 14 0
-71 -218 4 0
-72 -218 5 0
-68 -222 4 0
-66 -222 5 0
-59 -205 0 2
-65 -210 3 2
-60 -210 2 1
-57 -225 4 2
-57 -225 3 1
-65 -210 1 2
-69 -210 4 1
-63 -205 1 1
-70 -211 6 0
-61 -223 3 1
-53 -234 10 0
-53 -234 11 0
-55 -234 8 0
-57 -225 6 1
-56 -224 6 0
-51 -211 6 0
-51 -211 7 0
-52 -212 7 0
-52 -212 8 0
-70 -207 3 2
-99 -218 4 1
-85 -210 19 0
-86 -210 19 0
-60 -212 7 0
-97 -223 7 0
-98 -222 7 0
-62 -221 2 1
-62 -221 3 2
-66 -209 5 0
-66 -208 5 0
-51 -224 8 0
-57 -218 9 0
-55 -225 8 0
-52 -220 9 0
-97 -220 6 0
-98 -220 8 0
-100 -217 5 1
-100 -217 6 0
-100 -218 8 0
-99 -219 8 0
-100 -222 6 0
-100 -221 7 0
-96 -218 6 0
-97 -218 7 0
-97 -219 7 0
-98 -219 8 0
-82 -216 20 0
-60 -222 0 1
-60 -223 2 2
-54 -229 5 1
-75 -203 0 1
-51 -201 1 1
-78 -202 5 0
-79 -202 5 0
-67 -214 7 0
-52 -201 0 1
-52 -201 -1 1
-52 -202 -1 1
-76 -209 11 0
-76 -206 11 0
-57 -249 2 1
-57 -249 1 1
-57 -250 3 1
-60 -246 1 1
-59 -246 2 2
-62 -246 4 1
-62 -246 3 2
-51 -236 10 0
-62 -247 3 2
-62 -247 2 2
-63 -246 4 1
-62 -212 8 0
-64 -211 9 0
-66 -215 11 0
-65 -214 9 0
-55 -249 5 0
-56 -249 5 0
-58 -249 6 0
-57 -206 3 0
-96 -215 20 0
-92 -210 20 0
-63 -222 3 1
-59 -219 3 2
-55 -204 4 0
-55 -203 4 0
-55 -202 4 0
-55 -201 4 0
-53 -207 4 0
-78 -202 0 2
-87 -210 10 0
-87 -210 9 0
-83 -212 12 0
-83 -209 3 0
-86 -210 3 0
-86 -210 4 0
-85 -210 5 0
-82 -211 3 0
-82 -211 4 0
-83 -211 5 0
-85 -207 4 0
-85 -208 5 0
-85 -209 6 0
-85 -213 4 0
-52 -202 0 1
-52 -205 3 0
-56 -227 6 1
-57 -220 3 2
-57 -220 2 1
-77 -211 14 0
-77 -212 15 0
-75 -209 12 0
-75 -209 13 0
-75 -208 14 0
-75 -208 15 0
-74 -212 13 0
-74 -212 14 0
-74 -213 14 0
-79 -210 14 0
-75 -210 11 0
-74 -211 0 1
-74 -212 0 1
-75 -210 1 2
-75 -210 0 1
-57 -202 1 1
-60 -220 4 1
-67 -249 2 1
-67 -248 0 1
-56 -207 2 0
-63 -204 8 0
-58 -207 3 0
-63 -204 7 0
-62 -247 4 1
-62 -248 4 1
-91 -205 12 0
-95 -205 10 0
-95 -204 10 0
-54 -245 1 1
-54 -245 2 2
-54 -245 3 1
-54 -244 1 1
-54 -244 2 2
-54 -244 3 1
-52 -204 7 0
-52 -204 6 0
-53 -205 5 0
-57 -205 7 0
-71 -215 6 0
-70 -214 6 0
-69 -217 8 0
-69 -216 7 0
-65 -211 8 0
-71 -213 8 0
-70 -213 7 0
-55 -219 6 0
-62 -218 7 0
-85 -201 3 2
-81 -203 4 1
-63 -205 3 0
-76 -232 5 0
-75 -232 6 0
-75 -231 6 0
-88 -202 11 0
-89 -201 10 0
-79 -232 4 0
-87 -246 5 0
-73 -212 12 0
-84 -250 7 0
-85 -250 6 0
-86 -250 6 0
-87 -249 5 0
-90 -245 7 0
-90 -246 6 0
-89 -247 5 0
-55 -224 11 0
-59 -225 3 1
-68 -203 5 0
-69 -206 3 2
-73 -206 1 1
-70 -203 0 2
-62 -213 9 0
-64 -217 11 0
-64 -217 10 0
-74 -221 0 1
-74 -221 1 1
-74 -221 2 1
-73 -221 0 1
-73 -221 1 2
-73 -221 2 1
-72 -221 0 1
-72 -221 1 2
-72 -221 2 1
-73 -225 3 0
-58 -216 5 0
-59 -213 5 0
-57 -215 7 0
-60 -212 8 0
-60 -207 3 0
-76 -211 7 0
-76 -214 6 0
-75 -212 8 0
-72 -216 5 0
-72 -215 5 0
-54 -211 2 1
-55 -211 2 0
-51 -210 3 0
-53 -224 7 0
-53 -224 6 0
-81 -203 3 2
-73 -203 8 0
-59 -217 8 0
-58 -219 7 0
-67 -216 3 2
-53 -208 7 0
-54 -207 6 0
-54 -203 8 0
-59 -239 6 0
-59 -238 6 0
-53 -240 5 0
-52 -240 5 0
-51 -240 5 0
-55 -239 5 1
-66 -206 5 0
-70 -204 -1 1
-69 -205 -1 1
-84 -213 18 0
-85 -214 18 0
-85 -215 18 0
-83 -209 18 0
-51 -223 2 1
-83 -207 18 0
-57 -246 4 0
-57 -247 5 0
-62 -246 5 0
-57 -244 6 0
-57 -245 5 0
-52 -235 5 1
-59 -238 5 0
-74 -214 2 1
-52 -239 5 0
-74 -213 0 1
-74 -213 5 0
-74 -211 6 0
-74 -213 1 2
-79 -207 17 0
-87 -211 17 0
-86 -211 17 0
-87 -215 22 0
-77 -207 7 0
-77 -212 7 0
-72 -213 5 0
-90 -201 2 2
-90 -201 3 1
-92 -203 5 0
-92 -203 4 0
-99 -214 11 0
-99 -215 10 0
-99 -220 12 0
-95 -214 12 0
-95 -215 12 0
-96 -215 11 0
-97 -216 10 0
-99 -216 11 0
-71 -202 9 0
-71 -205 5 0
-67 -204 7 0
-67 -204 6 0
-66 -214 10 0
-87 -211 19 0
-58 -240 4 2
-64 -223 5 0
-59 -214 7 0
-65 -220 7 0
-76 -204 9 0
-77 -207 8 0
-78 -207 8 0
-76 -211 9 0
-78 -211 12 0
-59 -205 4 0
-63 -219 1 1
-78 -207 3 2
-84 -238 0 1
-95 -216 13 0
-97 -219 11 0
-98 -220 12 0
-98 -222 13 0
-84 -237 1 2
-99 -215 12 0
-99 -214 13 0
-95 -219 12 0
-94 -219 12 0
-93 -220 12 0
-52 -211 5 0
-64 -246 2 1
-77 -203 0 1
-93 -248 6 0
-93 -249 5 0
-95 -248 1 2
-95 -248 0 1
-95 -246 1 2
-86 -229 8 0
-84 -226 6 0
-84 -226 7 0
-84 -225 8 0
-83 -229 6 0
-83 -230 6 0
-82 -230 7 0
-87 -227 6 0
-88 -227 7 0
-81 -226 7 0
-85 -230 5 0
-85 -232 6 0
-86 -224 6 0
-82 -229 5 0
-86 -229 4 0
-87 -229 5 0
-87 -202 2 1
-57 -244 3 1
-57 -244 2 2
-57 -244 1 1
-57 -245 3 1
-60 -211 6 0
-66 -214 2 2
-74 -207 6 0
-64 -210 -1 1
-74 -207 5 0
-82 -209 1 2
-82 -209 0 1
-82 -210 2 1
-82 -210 0 1
-82 -211 2 1
-82 -211 1 2
-82 -211 0 1
-83 -209 2 1
-83 -209 1 2
-83 -209 0 1
-83 -210 2 1
-83 -210 1 2
-83 -210 0 1
-83 -211 2 1
-83 -211 1 2
-83 -211 0 1
-82 -210 1 2
-89 -232 1 2
-89 -232 2 1
-88 -232 0 1
-88 -232 1 2
-88 -232 2 1
-84 -232 0 1
-84 -231 0 1
-84 -231 1 1
-86 -231 0 1
-86 -231 1 2
-86 -231 2 1
-85 -231 0 1
-85 -231 1 2
-85 -231 2 1
-85 -229 5 0
-83 -238 7 0
-81 -234 6 0
-81 -234 7 0
-63 -212 9 0
-64 -215 9 0
-62 -214 11 0
-62 -214 10 0
-67 -211 9 0
-65 -216 9 0
-69 -214 7 0
-90 -208 1 1
-93 -246 3 0
-94 -249 4 0
-92 -248 3 0
-92 -244 5 0
-94 -247 6 0
-93 -247 5 0
-90 -245 6 0
-92 -249 7 0
-91 -248 5 0
-89 -247 7 0
-51 -212 2 1
-56 -244 6 0
-55 -244 6 0
-55 -243 7 0
-54 -243 8 0
-58 -244 5 0
-57 -219 7 0
-67 -207 0 1
-100 -226 14 0
-100 -223 11 0
-100 -222 12 0
-99 -222 12 0
-98 -221 13 0
-100 -224 11 0
-99 -224 11 0
-98 -225 12 0
-97 -225 12 0
-100 -221 11 0
-100 -220 11 0
-84 -234 2 1
-79 -238 3 0
-77 -238 2 1
-76 -238 2 1
-90 -214 6 0
-90 -213 7 0
-74 -210 2 2
-55 -202 6 0
-52 -206 4 0
-93 -214 7 0
-82 -201 2 1
-53 -203 8 0
-53 -203 7 0
-76 -209 10 0
-77 -209 10 0
-81 -210 3 0
-81 -210 4 0
-80 -210 4 0
-80 -210 5 0
-82 -209 2 1
-54 -207 8 0
-51 -208 7 0
-57 -244 9 0
-57 -245 10 0
-55 -245 8 0
-54 -246 9 0
-61 -246 2 2
-69 -212 2 1
-57 -226 6 0
-85 -204 3 1
-53 -227 6 1
-53 -226 4 1
-79 -204 4 1
-79 -204 3 2
-58 -205 -1 1
-72 -210 8 0
-71 -210 11 0
-59 -247 4 1
-60 -246 4 1
-60 -245 4 1
-60 -244 4 1
-55 -248 2 2
-62 -245 1 1
-62 -244 1 1
-59 -240 0 1
-59 -240 1 1
-62 -205 -1 1
-73 -202 5 0
-74 -203 2 1
-83 -203 4 1
-56 -228 5 1
-93 -215 9 0
-91 -216 8 0
-91 -217 7 0
-94 -216 7 0
-93 -212 7 0
-52 -241 8 0
-83 -210 17 0
-54 -219 5 1
-67 -219 1 2
-67 -219 2 1
-66 -219 0 1
-65 -219 0 1
-70 -216 0 1
-70 -216 1 2
-96 -213 13 0
-91 -216 14 0
-91 -215 13 0
-92 -215 12 0
-76 -211 6 0
-77 -211 6 0
-94 -215 13 0
-87 -236 4 0
-89 -232 3 0
-90 -231 4 0
-91 -230 4 0
-92 -230 4 0
-89 -234 3 0
-100 -215 3 1
-100 -214 3 1
-100 -214 4 1
-100 -214 5 1
-99 -215 3 1
-99 -215 4 2
-99 -214 3 1
-99 -214 4 2
-94 -220 4 0
-93 -220 4 0
-92 -220 3 1
-94 -216 2 1
-94 -216 3 1
-94 -216 4 1
-94 -215 2 2
-94 -215 3 1
-94 -215 4 1
-94 -214 2 2
-94 -214 3 2
-94 -214 4 1
-99 -218 2 1
-93 -218 2 2
-94 -218 1 1
-94 -218 2 2
-94 -218 3 1
-94 -217 1 1
-94 -217 2 2
-94 -217 3 1
-93 -218 1 1
-93 -218 3 1
-93 -217 1 1
-93 -217 2 2
-93 -217 3 1
-92 -219 1 1
-92 -219 2 2
-92 -219 3 1
-92 -218 1 1
-92 -218 2 2
-73 -204 7 0
-55 -228 3 1
-81 -238 2 1
-81 -237 0 1
-81 -237 1 2
-81 -237 2 1
-81 -236 0 1
-63 -202 4 0
-85 -214 16 0
-85 -214 15 0
-84 -209 16 0
-84 -209 15 0
-84 -208 14 0
-54 -239 2 2
-64 -212 4 1
-52 -221 4 1
-55 -229 5 1
-59 -218 7 0
-80 -246 0 1
-81 -245 2 1
-81 -245 0 1
-81 -245 1 2
-83 -240 3 1
-81 -236 2 1
-81 -236 1 2
-74 -215 4 0
-75 -216 7 0
-76 -216 7 0
-81 -215 2 1
-86 -214 0 1
-86 -214 1 2
-86 -214 2 1
-85 -214 0 1
-85 -214 1 1
-69 -208 0 1
-69 -208 1 1
-65 -201 -1 1
-65 -201 0 2
-65 -201 1 1
-56 -236 1 2
-83 -215 16 0
-56 -237 3 1
-56 -237 2 2
-56 -237 1 1
-55 -237 2 2
-88 -208 17 0
-87 -209 18 0
-86 -210 18 0
-58 -238 5 1
-92 -250 7 0
-91 -250 6 0
-89 -247 8 0
-89 -248 8 0
-89 -248 7 0
-89 -249 6 0
-88 -250 9 0
-88 -250 8 0
-89 -250 7 0
-90 -248 1 2
-90 -248 0 1
-90 -249 1 2
-90 -249 0 1
-90 -250 2 1
-90 -250 1 1
-90 -250 0 1
-91 -248 2 1
-91 -248 1 2
-91 -248 0 1
-92 -248 2 1
-92 -248 1 2
-92 -248 0 1
-86 -249 2 1
-86 -249 1 2
-86 -249 0 1
-86 -250 2 1
-86 -250 1 1
-86 -250 0 1
-96 -249 9 0
-100 -249 7 0
-97 -228 9 0
-97 -228 10 0
-98 -249 7 0
-98 -248 7 0
-97 -247 8 0
-100 -250 6 0
-96 -231 9 0
-97 -228 6 0
-96 -227 7 0
-97 -250 6 0
-95 -250 7 0
-99 -232 8 0
-96 -229 6 0
-96 -216 25 0
-96 -215 24 0
-97 -214 23 0
-97 -211 25 0
-97 -211 24 0
-80 -211 2 1
-72 -207 9 0
-82 -209 7 0
-70 -210 9 0
-81 -210 8 0
-79 -243 0 1
-81 -234 5 0
-81 -233 5 0
-82 -233 6 0
-77 -237 5 0
-76 -237 5 0
-76 -238 6 0
-83 -238 5 0
-79 -235 4 0
-79 -234 4 0
-78 -233 5 0
-78 -232 5 0
-78 -241 5 0
-82 -235 4 0
-83 -234 4 0
-84 -234 4 0
-78 -236 4 0
-77 -236 4 0
-90 -216 17 0
-94 -212 19 0
-95 -212 18 0
-62 -214 1 2
-81 -210 13 0
-82 -210 13 0
-83 -211 13 0
-59 -217 9 0
-61 -220 11 0
-60 -219 10 0
-60 -219 9 0
-58 -218 11 0
-58 -218 10 0
-84 -215 21 0
-84 -214 21 0
-84 -214 20 0
-60 -214 4 1
-66 -219 3 1
-68 -207 2 1
-80 -202 7 0
-79 -203 6 0
-76 -205 2 1
-60 -215 3 2
-60 -215 4 1
-60 -215 5 1
-63 -207 -1 1
-72 -212 12 0
-72 -213 12 0
-95 -214 19 0
-76 -210 15 0
-54 -210 3 0
-56 -202 2 1
-70 -208 7 0
-75 -211 5 0
-77 -211 4 0
-76 -210 7 0
-62 -220 4 1
-73 -206 8 0
-73 -207 8 0
-97 -217 19 0
-76 -212 7 0
-75 -215 5 0
-60 -248 4 1
-61 -247 4 1
-61 -246 4 1
-61 -245 4 1
-90 -211 19 0
-72 -228 0 1
-88 -201 10 0
-73 -226 1 2
-89 -203 7 0
-86 -241 6 0
-87 -241 7 0
-82 -241 5 0
-82 -240 5 0
-94 -201 4 0
-73 -223 2 1
-73 -223 1 2
-73 -223 0 1
-73 -224 2 1
-73 -224 1 2
-73 -224 0 1
-70 -250 2 1
-69 -250 0 1
-69 -250 1 2
-69 -250 2 1
-68 -250 0 1
-68 -250 1 1
-68 -250 2 1
-67 -250 2 1
-53 -203 -1 1
-54 -202 0 2
-54 -202 -1 1
-54 -203 -1 1
-54 -203 0 2
-54 -210 0 2
-65 -209 2 2
-53 -244 2 1
-53 -244 1 1
-75 -211 14 0
-74 -212 15 0
-73 -212 15 0
-78 -211 13 0
-79 -211 14 0
-52 -230 8 0
-89 -248 2 1
-53 -231 7 0
-58 -236 8 0
-62 -220 2 1
-62 -220 3 2
-84 -203 3 2
-75 -207 3 2
-75 -207 4 1
-61 -216 7 0
-81 -201 3 2
-73 -209 5 0
-52 -208 4 0
-58 -217 3 2
-59 -222 3 2
-84 -203 7 0
-61 -211 0 1
-51 -239 1 1
-51 -239 2 2
-51 -239 3 1
-51 -238 1 1
-55 -230 8 0
-98 -215 23 0
-97 -214 22 0
-96 -214 21 0
-58 -207 2 0
-63 -204 3 0
-54 -219 2 1
-55 -219 5 0
-51 -220 7 0
-95 -215 22 0
-94 -215 22 0
-94 -214 21 0
-91 -211 24 0
-91 -211 23 0
-97 -212 24 0
-97 -212 23 0
-96 -213 23 0
-95 -213 22 0
-95 -213 21 0
-93 -210 17 0
-77 -209 11 0
-78 -209 11 0
-80 -208 12 0
-96 -213 3 2
-96 -213 2 1
-62 -201 -1 1
-62 -201 0 1
-62 -201 1 1
-61 -202 -1 1
-61 -202 0 1
-73 -208 4 1
-69 -207 5 0
-68 -205 9 0
-68 -205 8 0
-75 -202 1 2
-75 -202 2 1
-85 -203 7 0
-87 -206 5 0
-86 -206 5 0
-91 -206 5 0
-88 -207 4 0
-89 -210 3 1
-84 -206 2 1
-93 -208 1 1
-92 -208 1 1
-92 -208 2 1
-92 -208 3 1
-91 -208 1 1
-91 -208 2 2
-91 -208 3 1
-87 -210 0 1
-87 -210 1 2
-87 -210 2 1
-56 -201 2 1
-54 -202 3 1
-82 -206 3 1
-75 -202 7 0
-76 -202 6 0
-59 -221 1 1
-99 -215 5 1
-98 -215 6 0
-95 -216 5 0
-96 -216 6 0
-97 -212 19 0
-87 -221 1 1
-87 -221 2 1
-89 -219 3 1
-75 -209 11 0
-76 -214 13 0
-51 -219 7 0
-51 -218 7 0
-51 -218 6 0
-52 -217 9 0
-51 -216 8 0
-87 -207 11 0
-88 -215 10 0
-92 -209 10 0
-61 -205 0 2
-60 -207 6 0
-60 -207 7 0
-55 -202 5 0
-56 -203 5 0
-90 -213 19 0
-64 -212 6 0
-66 -212 5 1
-67 -213 5 1
-60 -208 -1 1
-68 -205 5 0
-99 -202 15 0
-99 -203 15 0
-56 -238 1 1
-83 -208 20 0
-61 -219 10 0
-55 -222 10 0
-56 -221 8 0
-94 -207 6 0
-94 -205 6 0
-94 -204 6 0
-94 -204 5 0
-94 -203 4 1
-92 -207 5 0
-91 -207 4 0
-96 -208 2 1
-96 -207 2 1
-96 -206 2 1
-96 -206 3 2
-96 -206 4 2
-95 -207 2 1
-95 -206 2 1
-95 -206 3 2
-95 -206 4 2
-94 -207 2 1
-94 -207 3 1
-94 -207 4 1
-94 -206 2 1
-94 -206 3 2
-94 -206 4 1
-59 -205 2 0
-58 -203 1 1
-58 -203 0 2
-58 -203 -1 1
-81 -202 8 0
-60 -244 2 2
-60 -244 3 2
-52 -230 1 1
-56 -227 2 0
-56 -233 3 0
-51 -229 3 1
-72 -204 4 1
-58 -205 0 2
-65 -211 7 0
-70 -205 7 0
-81 -201 8 0
-75 -207 7 0
-52 -236 2 2
-80 -213 22 0
-63 -208 4 1
-51 -226 6 1
-51 -227 6 1
-83 -202 3 2
-78 -205 2 1
-85 -247 2 1
-85 -247 0 1
-86 -246 2 1
-86 -246 1 2
-86 -246 0 1
-86 -247 2 1
-86 -247 1 2
-86 -247 0 1
-85 -247 1 2
-88 -221 5 0
-89 -221 5 0
-90 -221 5 0
-91 -221 5 0
-92 -218 6 0
-89 -223 7 0
-90 -223 6 0
-91 -223 6 0
-92 -222 5 0
-90 -220 8 0
-91 -220 7 0
-91 -221 6 0
-92 -221 6 0
-91 -224 8 0
-92 -224 8 0
-92 -223 7 0
-93 -220 8 0
-93 -220 7 0
-98 -234 2 1
-98 -234 1 2
-98 -234 0 1
-98 -235 2 1
-95 -220 11 0
-100 -218 12 0
-92 -218 12 0
-93 -218 12 0
-98 -213 13 0
-96 -218 11 0
-93 -215 13 0
-94 -216 12 0
-100 -216 14 0
-99 -216 13 0
-94 -219 14 0
-95 -219 13 0
-96 -214 14 0
-98 -218 15 0
-97 -218 13 0
-95 -217 15 0
-52 -239 7 0
-52 -239 9 0
-51 -239 10 0
-52 -237 9 0
-99 -211 8 0
-98 -211 8 0
-98 -212 8 0
-93 -210 8 0
-72 -226 0 1
-72 -226 1 2
-71 -228 0 1
-71 -228 1 2
-71 -228 2 1
-73 -201 6 0
-72 -201 7 0
-72 -201 8 0
-75 -204 6 0
-76 -207 7 0
-77 -228 3 0
-78 -227 3 0
-76 -233 3 0
-75 -233 3 0
-75 -234 3 0
-74 -234 3 0
-73 -235 3 0
-81 -232 3 0
-82 -232 3 0
-76 -230 3 0
-93 -213 21 0
-76 -230 8 0
-75 -227 6 0
-75 -226 7 0
-74 -230 5 0
-73 -231 6 0
-73 -231 7 0
-76 -228 5 0
-78 -228 6 0
-78 -228 7 0
-74 -228 4 0
-73 -227 5 0
-72 -227 6 0
-76 -227 4 0
-76 -226 5 0
-77 -225 6 0
-72 -230 5 0
-71 -230 6 0
-88 -243 7 0
-87 -244 6 0
-83 -246 8 0
-84 -246 7 0
-84 -245 6 0
-94 -220 6 0
-93 -221 7 0
-92 -221 7 0
-98 -220 6 0
-99 -218 6 0
-89 -232 5 0
-94 -219 5 0
-93 -219 6 0
-92 -219 6 0
-91 -218 6 0
-89 -236 6 0
-96 -218 5 0
-95 -221 5 0
-94 -221 5 0
-93 -222 5 0
-92 -223 5 0
-94 -217 5 0
-93 -216 4 0
-96 -223 4 0
-100 -215 4 2
-87 -234 4 0
-87 -235 4 0
-96 -201 9 0
-97 -202 10 0
-94 -201 7 0
-97 -201 6 0
-99 -202 8 0
-98 -204 6 0
-100 -201 5 1
-100 -202 3 1
-100 -202 4 1
-99 -202 3 1
-99 -202 4 2
-97 -201 10 0
-93 -202 9 0
-99 -201 8 0
-98 -202 6 0
-98 -203 6 0
-100 -201 3 1
-100 -201 4 2
-99 -201 3 1
-99 -201 4 2
-99 -201 5 1
-100 -226 3 2
-100 -226 4 1
-100 -225 3 2
-100 -225 4 1
-100 -225 5 1
-100 -224 3 2
-100 -224 4 1
-100 -224 5 1
-100 -223 3 2
-100 -223 4 1
-100 -222 3 2
-100 -222 4 1
-100 -222 5 1
-82 -248 4 0
-83 -248 4 0
-84 -247 4 0
-84 -246 4 0
-87 -240 4 1
-86 -241 4 0
-86 -242 4 0
-86 -243 4 0
-81 -244 5 0
-82 -244 5 0
-83 -244 4 0
-84 -245 4 0
-90 -243 5 0
-89 -243 5 0
-88 -244 5 0
-67 -211 4 1
-68 -212 4 2
-68 -213 2 1
-76 -203 5 0
-67 -212 8 0
-76 -205 6 0
-100 -225 6 0
-58 -245 4 0
-58 -244 4 0
-74 -211 1 2
-74 -210 0 1
-74 -210 1 1
-59 -239 0 1
-60 -239 2 1
-88 -208 20 0
-60 -239 0 1
-61 -239 2 1
-61 -239 1 1
-61 -239 0 1
-55 -240 4 1
-54 -236 3 1
-54 -236 2 2
-71 -201 0 2
-60 -219 4 1
-63 -221 2 1
-80 -202 3 2
-65 -213 2 2
-79 -206 3 2
-60 -215 2 2
-61 -215 2 1
-65 -216 3 2
-70 -208 2 1
-76 -214 2 1
-76 -213 0 1
-97 -219 1 1
-96 -219 1 1
-84 -216 5 1
-83 -218 4 1
-83 -218 5 1
-82 -218 5 1
-80 -218 4 0
-87 -232 5 0
-87 -232 6 0
-99 -202 6 0
-95 -221 7 0
-94 -222 9 0
-97 -218 6 0
-95 -220 6 0
-59 -243 5 0
-62 -243 6 0
-62 -244 6 0
-54 -247 7 0
-55 -247 7 0
-56 -247 6 0
-60 -242 7 0
-85 -208 4 0
-84 -209 4 0
-84 -209 5 0
-83 -209 5 0
-79 -213 4 0
-59 -214 10 0
-83 -208 6 0
-82 -209 6 0
-82 -214 6 0
-51 -243 7 0
-82 -210 21 0
-54 -239 5 1
-77 -214 14 0
-76 -213 13 0
-76 -213 12 0
-76 -212 12 0
-72 -208 14 0
-73 -209 13 0
-52 -213 0 2
-52 -213 1 1
-70 -215 4 1
-71 -215 5 0
-51 -209 6 0
-90 -205 9 0
-94 -202 9 0
-56 -211 7 0
-63 -245 4 1
-67 -215 5 0
-53 -211 7 0
-51 -209 4 0
-52 -243 9 0
-52 -242 8 0
-53 -238 10 0
-55 -242 10 0
-84 -226 8 0
-82 -223 5 0
-82 -222 7 0
-82 -222 8 0
-81 -226 5 0
-81 -226 6 0
-80 -227 6 0
-80 -227 7 0
-85 -224 6 0
-85 -224 7 0
-79 -223 7 0
-83 -227 5 0
-83 -228 6 0
-84 -221 6 0
-80 -225 5 0
-84 -225 4 0
-85 -226 5 0
-86 -226 5 0
-81 -226 4 0
-81 -229 5 0
-84 -224 4 0
-85 -223 4 0
-86 -222 4 0
-72 -216 4 1
-72 -210 5 0
-72 -209 6 0
-65 -213 5 1
-57 -240 9 0
-51 -239 8 0
-100 -212 9 0
-93 -214 9 0
-96 -207 9 0
-96 -210 9 0
-54 -246 5 0
-54 -223 3 2
-54 -222 2 1
-54 -222 3 2
-54 -222 4 1
-53 -224 2 2
-53 -224 4 1
-58 -223 1 1
-58 -223 2 1
-58 -227 3 1
-55 -223 4 1
-63 -205 4 0
-78 -209 7 0
-56 -222 1 1
-56 -222 2 2
-94 -215 20 0
-99 -217 10 0
-95 -216 12 0
-96 -216 12 0
-97 -217 11 0
-97 -217 10 0
-82 -206 9 0
-81 -206 8 0
-81 -207 8 0
-81 -213 9 0
-80 -213 9 0
-80 -211 7 0
-78 -222 3 0
-78 -220 3 0
-78 -219 3 0
-83 -218 3 1
-82 -218 3 1
-81 -218 3 0
-80 -218 3 0
-76 -220 3 0
-81 -222 4 0
-80 -217 4 1
-81 -215 5 1
-81 -216 5 1
-81 -216 4 1
-81 -217 5 1
-81 -217 4 1
-82 -215 4 1
-82 -216 5 1
-82 -216 3 1
-82 -217 5 1
-82 -217 4 1
-83 -215 5 1
-83 -216 5 1
-83 -216 4 1
-83 -217 5 1
-83 -217 4 2
-83 -217 3 1
-82 -216 4 2
-77 -222 5 0
-77 -221 4 0
-77 -220 4 0
-82 -220 5 0
-58 -201 6 0
-52 -211 6 0
-55 -211 6 0
-95 -222 10 0
-99 -214 10 0
-98 -221 11 0
-99 -209 19 0
-98 -210 20 0
-55 -226 1 1
-56 -228 2 1
-65 -220 5 0
-64 -220 5 0
-63 -224 5 0
-61 -243 7 0
-61 -244 7 0
-61 -244 6 0
-63 -246 8 0
-62 -246 7 0
-61 -246 7 0
-59 -244 9 0
-59 -245 8 0
-59 -245 7 0
-61 -248 9 0
-61 -248 8 0
-64 -206 -1 1
-64 -207 1 1
-64 -207 0 2
-64 -207 -1 1
-71 -202 1 1
-70 -208 3 2
-83 -203 5 0
-77 -215 4 0
-77 -214 4 0
-82 -214 5 0
-79 -216 6 1
-79 -215 5 1
-79 -214 5 0
-84 -216 0 1
-84 -216 1 1
-87 -213 6 0
-79 -210 0 1
-88 -201 2 1
-67 -216 2 2
-66 -206 6 0
-66 -206 8 0
-65 -206 9 0
-68 -207 9 0
-67 -204 8 0
-67 -203 9 0
-66 -207 5 0
-56 -203 -1 1
-57 -208 2 0
-68 -215 6 0
-83 -209 23 0
-55 -243 10 0
-54 -250 3 1
-95 -211 11 0
-59 -221 11 0
-58 -221 10 0
-58 -221 9 0
-56 -220 11 0
-52 -224 1 1
-51 -226 1 1
-51 -226 2 1
-51 -226 3 1
-51 -225 1 1
-51 -225 3 2
-51 -224 1 1
-53 -223 10 0
-52 -241 10 0
-55 -242 9 0
-82 -231 2 1
-75 -231 2 1
-76 -232 3 0
-84 -235 3 0
-83 -235 3 0
-56 -241 4 1
-56 -240 4 1
-57 -238 4 2
-55 -241 1 1
-55 -242 3 1
-78 -242 6 0
-79 -241 5 0
-82 -213 14 0
-83 -214 13 0
-82 -209 15 0
-82 -208 14 0
-82 -208 13 0
-82 -211 15 0
-83 -211 12 0
-55 -244 3 1
-61 -244 2 1
-61 -244 3 1
-61 -244 4 1
-87 -215 16 0
-66 -246 3 0
-65 -249 1 1
-73 -210 0 1
-77 -217 0 1
-77 -217 1 2
-76 -217 0 1
-76 -217 1 2
-86 -202 6 0
-88 -203 3 0
-92 -212 9 0
-91 -212 9 0
-76 -210 12 0
-95 -211 12 0
-91 -215 11 0
-90 -216 12 0
-93 -217 11 0
-93 -218 11 0
-92 -219 11 0
-97 -213 11 0
-98 -212 11 0
-81 -211 9 0
-86 -206 10 0
-86 -207 10 0
-85 -208 9 0
-53 -209 8 0
-51 -208 5 0
-85 -208 8 0
-81 -233 6 0
-81 -233 7 0
-77 -233 4 0
-71 -203 1 1
-71 -203 2 1
-93 -248 3 0
-90 -250 3 0
-63 -221 7 0
-88 -210 17 0
-89 -215 16 0
-88 -227 6 0
-88 -227 5 0
-87 -234 6 0
-87 -233 5 0
-90 -230 7 0
-89 -230 6 0
-84 -233 7 0
-86 -228 8 0
-86 -228 7 0
-86 -229 6 0
-88 -232 8 0
-88 -232 7 0
-74 -222 5 0
-69 -219 3 0
-74 -218 4 0
-68 -220 3 0
-67 -220 3 1
-70 -219 3 0
-61 -244 8 0
-60 -245 7 0
-59 -245 6 0
-59 -249 8 0
-62 -245 8 0
-61 -245 8 0
-56 -248 9 0
-58 -243 9 0
-58 -243 8 0
-58 -244 7 0
-60 -247 9 0
-84 -216 4 1
-88 -208 6 0
-91 -210 0 1
-91 -209 0 1
-91 -208 0 1
-83 -205 5 0
-72 -209 0 1
-83 -250 4 0
-92 -247 4 0
-85 -244 4 0
-84 -244 4 0
-83 -243 3 0
-87 -246 4 0
-99 -227 6 0
-100 -233 7 0
-98 -230 8 0
-99 -229 8 0
-99 -226 8 0
-99 -228 1 1
-99 -229 3 1
-99 -229 2 2
-99 -229 1 1
-100 -227 3 2
-100 -227 2 1
-100 -227 1 1
-99 -228 2 2
-98 -230 4 0
-80 -226 6 0
-79 -226 7 0
-84 -223 6 0
-85 -223 7 0
-78 -221 7 0
-82 -225 5 0
-82 -226 5 0
-82 -227 6 0
-83 -220 6 0
-79 -224 5 0
-83 -224 4 0
-84 -225 5 0
-85 -225 5 0
-86 -225 5 0
-81 -225 4 0
-55 -213 6 0
-58 -212 5 0
-82 -208 4 0
-82 -208 5 0
-83 -213 3 0
-91 -210 14 0
-91 -211 13 0
-54 -211 3 0
-77 -231 6 0
-74 -232 0 1
-75 -230 2 1
-69 -203 -1 1
-87 -246 0 1
-88 -244 2 1
-88 -244 1 2
-88 -244 0 1
-52 -231 10 0
-89 -244 2 1
-89 -244 1 2
-89 -244 0 1
-83 -245 2 1
-83 -245 1 2
-83 -245 0 1
-83 -246 2 1
-51 -232 7 0
-83 -246 1 1
-83 -246 0 1
-83 -247 2 1
-83 -247 1 1
-61 -242 4 0
-76 -208 13 0
-74 -207 13 0
-78 -213 13 0
-78 -214 13 0
-76 -205 11 0
-62 -224 3 0
-58 -220 4 1
-57 -219 4 1
-73 -208 5 0
-79 -208 9 0
-81 -209 7 0
-85 -209 10 0
-84 -209 10 0
-83 -209 9 0
-83 -209 8 0
-53 -224 1 1
-79 -212 11 0
-51 -219 5 1
-51 -219 4 1
-51 -219 3 2
-52 -219 5 1
-52 -219 4 1
-52 -219 3 1
-86 -211 7 0
-87 -206 6 0
-87 -207 6 0
-86 -208 7 0
-85 -208 7 0
-85 -209 7 0
-88 -203 4 0
-75 -233 1 1
-75 -233 2 1
-79 -235 3 0
-77 -233 5 0
-77 -233 6 0
-86 -202 7 0
-88 -237 1 1
-88 -237 2 1
-88 -236 0 1
-88 -236 1 1
-88 -236 2 1
-88 -235 0 1
-88 -235 1 2
-88 -235 2 1
-87 -237 0 1
-87 -237 1 2
-87 -237 2 1
-83 -241 7 0
-99 -201 15 0
-98 -202 15 0
-84 -238 6 0
-87 -240 5 0
-88 -240 6 0
-86 -237 5 0
-80 -242 5 0
-89 -242 4 0
-83 -245 4 0
-88 -239 3 0
-89 -238 3 0
-100 -201 13 0
-100 -202 13 0
-84 -242 7 0
-98 -201 11 0
-88 -241 5 0
-89 -241 6 0
-87 -239 4 1
-89 -243 4 0
-90 -243 4 0
-87 -241 3 0
-88 -240 3 0
-89 -240 3 0
-90 -239 3 0
-89 -240 0 1
-89 -240 1 2
-89 -239 0 1
-89 -239 1 2
-89 -239 2 1
-89 -238 0 1
-89 -238 1 1
-89 -238 2 1
-88 -238 0 1
-88 -238 1 2
-99 -213 23 0
-98 -213 22 0
-98 -235 1 1
-98 -235 0 1
-99 -233 1 1
-99 -233 0 1
-95 -204 11 0
-98 -206 10 0
-99 -208 9 0
-99 -204 8 0
-99 -207 6 0
-100 -207 6 1
-99 -234 2 1
-99 -234 0 1
-100 -233 2 2
-100 -233 1 1
-100 -233 0 1
-100 -234 1 1
-100 -234 0 1
-99 -234 1 2
-98 -231 2 1
-97 -203 10 0
-98 -232 2 1
-99 -232 3 1
-100 -232 4 0
-100 -233 4 0
-99 -236 3 0
-100 -235 3 0
-100 -234 4 0
-96 -234 3 0
-97 -233 4 0
-98 -233 4 0
-99 -233 4 0
-99 -235 2 1
-99 -235 1 1
-99 -235 0 1
-100 -235 2 1
-100 -235 1 1
-100 -235 0 1
-99 -233 2 1
-99 -233 3 1
-100 -233 3 1
-97 -208 12 0
-95 -205 11 0
-100 -238 3 0
-77 -212 6 0
-79 -207 7 0
-79 -208 7 0
-79 -212 8 0
-77 -206 9 0
-76 -213 8 0
-73 -208 9 0
-79 -209 10 0
-78 -209 9 0
-77 -210 7 0
-88 -238 7 0
-90 -233 7 0
-90 -234 6 0
-92 -237 8 0
-91 -237 7 0
-91 -236 6 0
-91 -236 5 0
-89 -235 8 0
-90 -238 2 1
-90 -238 1 2
-90 -238 0 1
-91 -238 2 1
-91 -238 1 2
-91 -238 0 1
-94 -233 2 1
-94 -233 1 2
-94 -233 0 1
-94 -234 2 1
-94 -234 1 2
-94 -234 0 1
-93 -239 2 1
-93 -239 1 2
-93 -239 0 1
-94 -239 2 1
-94 -239 1 2
-94 -239 0 1
-95 -237 2 1
-95 -237 1 2
-95 -237 0 1
-95 -238 2 1
-95 -238 1 2
-95 -238 0 1
-95 -239 2 1
-95 -239 1 2
-95 -239 0 1
-93 -231 2 1
-90 -239 2 1
-90 -238 3 0
-90 -237 3 0
-95 -235 3 0
-94 -235 3 0
-93 -235 3 0
-92 -235 3 0
-91 -235 3 0
-87 -237 3 0
-88 -236 3 0
-92 -239 4 0
-91 -236 3 0
-94 -232 4 0
-93 -233 4 0
-89 -238 4 0
-89 -237 4 0
-94 -237 5 0
-92 -236 4 0
-87 -236 5 0
-91 -231 6 0
-91 -239 6 0
-90 -237 5 0
-86 -233 7 0
-87 -233 0 1
-87 -233 1 2
-87 -233 2 1
-87 -232 0 1
-87 -232 1 2
-87 -232 2 1
-86 -234 0 1
-86 -234 1 1
-86 -234 2 1
-86 -233 0 1
-86 -233 2 1
-68 -219 0 1
-65 -220 1 1
-65 -220 0 1
-66 -220 2 1
-66 -220 1 2
-66 -220 0 1
-76 -219 1 1
-76 -219 2 1
-75 -219 0 1
-75 -219 1 2
-96 -219 14 0
-98 -210 10 0
-97 -222 12 0
-92 -212 8 0
-99 -208 7 0
-98 -209 8 0
-94 -210 9 0
-53 -241 6 0
-52 -223 11 0
-55 -225 11 0
-87 -205 9 0
-80 -212 12 0
-69 -206 8 0
-68 -206 7 0
-65 -211 3 2
-99 -244 1 2
-99 -244 0 1
-82 -234 4 0
-72 -228 2 1
-90 -215 21 0
-70 -202 7 0
-82 -243 2 1
-73 -219 1 2
-85 -244 3 0
-88 -242 0 1
-88 -242 1 2
-88 -242 2 1
-69 -220 7 0
-69 -223 5 0
-66 -223 4 0
-90 -206 6 0
-79 -225 1 1
-79 -225 2 1
-91 -222 1 2
-91 -222 0 1
-91 -223 2 1
-91 -223 1 1
-91 -223 0 1
-91 -224 2 1
-91 -224 1 1
-91 -224 0 1
-92 -222 2 2
-92 -222 1 1
-92 -222 0 1
-93 -222 2 2
-93 -222 1 1
-93 -222 0 1
-94 -227 3 1
-94 -226 3 1
-59 -202 1 2
-89 -203 11 0
-95 -214 4 1
-95 -214 3 2
-95 -214 2 1
-95 -215 4 1
-95 -215 3 2
-95 -215 2 1
-83 -204 3 2
-55 -224 5 1
-57 -224 6 1
-63 -203 4 0
-83 -204 2 1
-84 -212 23 0
-58 -204 8 0
-60 -208 8 0
-65 -205 4 0
-52 -207 5 0
-51 -207 6 0
-54 -205 4 0
-54 -204 4 0
-53 -203 5 0
-53 -202 5 0
-54 -207 4 0
-54 -210 5 0
-53 -211 5 0
-57 -204 4 0
-80 -210 14 0
-74 -214 14 0
-75 -213 14 0
-78 -205 14 0
-78 -206 14 0
-81 -214 14 0
-80 -214 14 0
-80 -213 14 0
-79 -212 14 0
-73 -209 14 0
-82 -208 15 0
-81 -208 15 0
-80 -209 14 0
-68 -201 3 1
-68 -201 2 1
-68 -201 1 1
-68 -202 3 1
-68 -202 2 1
-68 -202 1 1
-64 -212 2 2
-65 -203 7 0
-63 -208 3 1
-61 -222 10 0
-59 -219 8 0
-59 -218 8 0
-59 -218 9 0
-59 -219 9 0
-59 -219 10 0
-61 -220 8 0
-61 -221 9 0
-56 -209 4 0
-57 -209 4 0
-58 -208 4 0
-64 -215 6 0
-75 -206 5 0
-78 -203 6 0
-87 -218 6 0
-87 -219 4 0
-89 -215 9 0
-91 -216 7 0
-88 -218 8 0
-92 -209 8 0
-92 -209 7 0
-59 -231 4 0
-61 -243 3 1
-61 -243 2 1
-89 -214 6 0
-92 -215 5 0
-51 -241 7 0
-90 -215 10 0
-97 -211 11 0
-91 -218 11 0
-92 -217 11 0
-87 -209 0 1
-87 -209 1 2
-87 -209 2 1
-87 -208 0 1
-87 -208 2 1
-87 -207 0 1
-64 -223 2 0
-67 -226 0 1
-67 -226 1 1
-65 -202 6 0
-64 -218 1 1
-54 -207 1 1
-54 -207 0 2
-58 -222 4 1
-58 -222 5 1
-57 -222 3 1
-57 -222 4 1
-62 -218 1 1
-63 -204 5 0
-55 -208 5 0
-70 -203 1 2
-70 -203 2 2
-56 -204 3 1
-53 -229 7 0
-52 -228 8 0
-100 -226 11 0
-94 -211 11 0
-94 -211 10 0
-98 -211 12 0
-94 -214 13 0
-94 -214 12 0
-94 -213 11 0
-95 -209 13 0
-95 -210 12 0
-95 -210 11 0
-96 -211 11 0
-100 -229 13 0
-96 -211 10 0
-97 -213 13 0
-68 -205 6 0
-65 -215 8 0
-54 -239 4 1
-51 -236 3 1
-51 -236 2 2
-80 -229 0 1
-73 -233 2 1
-88 -249 1 2
-79 -207 15 0
-98 -201 18 0
-99 -201 17 0
-78 -208 14 0
-73 -205 6 0
-90 -204 4 0
-90 -204 3 1
-95 -205 1 1
-95 -204 1 1
-95 -203 1 1
-95 -203 2 1
-95 -203 3 2
-94 -205 1 1
-94 -204 1 1
-94 -203 1 1
-94 -203 2 2
-51 -232 8 0
-63 -250 2 2
-75 -206 9 0
-76 -207 10 0
-76 -208 10 0
-54 -228 2 2
-54 -228 1 1
-55 -228 1 1
-56 -230 3 0
-56 -230 2 1
-56 -230 1 1
-56 -230 0 1
-74 -202 6 0
-70 -202 3 1
-70 -201 1 1
-70 -201 2 1
-70 -201 3 1
-82 -203 6 0
-80 -203 5 0
-80 -204 5 0
-69 -202 2 2
-69 -202 3 1
-69 -201 1 1
-69 -201 3 1
-80 -203 6 0
-62 -216 2 1
-62 -216 1 1
-65 -216 5 0
-59 -208 2 0
-59 -209 2 0
-81 -202 9 0
-58 -222 9 0
-57 -223 8 0
-53 -224 9 0
-88 -211 15 0
-54 -221 6 0
-60 -217 4 1
-77 -233 7 0
-77 -233 8 0
-100 -221 3 1
-100 -221 4 1
-79 -235 7 0
-65 -207 -1 1
-65 -207 1 1
-97 -215 10 0
-98 -216 10 0
-54 -236 1 1
-88 -203 7 0
-88 -202 7 0
-56 -203 1 2
-52 -211 7 0
-68 -211 9 0
-94 -210 22 0
-94 -209 23 0
-89 -214 22 0
-94 -213 21 0
-80 -206 16 0
-98 -216 19 0
-99 -215 20 0
-81 -207 7 0
-78 -212 6 0
-79 -213 6 0
-80 -214 7 0
-77 -208 6 0
-81 -210 6 0
-83 -207 7 0
-82 -208 7 0
-80 -209 6 0
-78 -213 7 0
-79 -212 7 0
-78 -205 8 0
-78 -206 8 0
-78 -207 7 0
-95 -217 18 0
-84 -211 8 0
-83 -211 8 0
-82 -210 7 0
-81 -210 7 0
-91 -217 12 0
-92 -217 12 0
-96 -219 12 0
-95 -217 11 0
-93 -218 14 0
-87 -213 7 0
-90 -214 5 0
-86 -217 6 0
-92 -212 4 1
-92 -211 4 1
-88 -216 0 1
-87 -216 1 2
-92 -220 7 0
-90 -219 9 0
-90 -219 8 0
-91 -219 7 0
-91 -219 6 0
-91 -219 5 0
-84 -227 4 0
-83 -226 4 0
-81 -223 3 0
-77 -222 4 0
-85 -220 4 0
-84 -221 4 0
-83 -221 4 0
-79 -227 5 0
-80 -225 4 0
-80 -224 4 0
-85 -224 5 0
-84 -224 5 0
-83 -224 5 0
-77 -224 6 0
-83 -219 6 0
-91 -221 3 1
-92 -220 0 1
-90 -210 5 0
-92 -213 4 0
-91 -213 5 0
-92 -212 7 0
-90 -212 5 0
-59 -211 4 1
-59 -211 3 2
-57 -222 5 1
-62 -210 7 0
-84 -214 6 0
-86 -212 10 0
-86 -212 7 0
-86 -207 7 0
-90 -213 6 0
-90 -212 7 0
-89 -212 7 0
-88 -211 8 0
-88 -209 8 0
-87 -215 7 0
-68 -213 0 1
-69 -213 1 1
-69 -213 0 1
-69 -214 0 1
-70 -213 1 2
-70 -213 0 1
-63 -248 1 1
-58 -249 2 2
-58 -249 1 1
-64 -209 2 1
-65 -209 3 2
-70 -213 8 0
-55 -210 -1 1
-90 -212 10 0
-89 -211 10 0
-86 -210 8 0
-57 -227 3 1
-57 -226 3 1
-69 -250 3 0
-65 -250 8 0
-66 -250 6 0
-67 -250 6 0
-99 -222 5 0
-94 -222 6 0
-95 -223 6 0
-96 -223 5 0
-97 -228 7 0
-97 -227 6 0
-94 -225 8 0
-95 -225 7 0
-96 -224 7 0
-99 -222 6 0
-95 -222 8 0
-96 -222 8 0
-97 -223 6 0
-96 -226 9 0
-74 -235 3 0
-83 -232 2 1
-81 -228 1 1
-72 -234 0 1
-72 -234 1 1
-72 -234 2 1
-82 -230 0 1
-82 -230 1 2
-84 -228 2 1
-84 -227 0 1
-84 -227 1 2
-84 -227 2 1
-84 -226 0 1
-84 -226 1 2
-83 -228 0 1
-83 -228 1 2
-83 -228 2 1
-82 -228 0 1
-82 -228 1 1
-73 -236 0 1
-58 -250 2 1
-58 -250 3 1
-57 -232 9 0
-56 -232 7 0
-90 -211 12 0
-94 -212 13 0
-93 -212 11 0
-90 -215 14 0
-90 -215 13 0
-58 -247 8 0
-69 -249 1 1
-69 -249 0 1
-80 -220 5 0
-83 -221 7 0
-81 -224 5 0
-81 -225 6 0
-81 -220 4 0
-78 -222 5 0
-82 -222 4 0
-83 -223 5 0
-84 -223 5 0
-95 -247 0 1
-59 -240 4 1
-57 -217 5 1
-58 -206 -1 1
-53 -223 6 0
-73 -229 2 1
-73 -229 1 2
-73 -229 0 1
-91 -224 4 0
-90 -224 4 0
-89 -225 4 0
-55 -237 9 0
-54 -241 7 0
-53 -242 9 0
-55 -239 3 1
-55 -239 2 2
-69 -207 2 1
-60 -205 6 0
-60 -218 2 1
-54 -210 7 0
-54 -240 7 0
-56 -239 2 2
-90 -246 5 0
-57 -239 3 1
-92 -245 5 0
-86 -247 5 0
-92 -250 6 0
-52 -217 4 2
-51 -218 4 2
-61 -240 1 1
-61 -240 0 1
-61 -241 2 1
-61 -241 1 1
-61 -222 4 2
-61 -222 5 1
-55 -208 -1 1
-74 -205 9 0
-100 -225 7 0
-83 -239 7 0
-83 -240 6 0
-83 -241 4 0
-55 -215 10 0
-55 -215 9 0
-57 -217 0 1
-57 -218 0 1
-57 -219 0 1
-58 -217 0 1
-56 -205 6 0
-55 -205 7 0
-51 -245 2 2
-62 -212 4 1
-58 -212 9 0
-54 -214 8 0
-54 -218 10 0
-55 -215 11 0
-56 -241 2 2
-85 -211 14 0
-57 -240 1 1
-58 -220 1 1
-64 -208 -1 1
-93 -250 6 0
-93 -249 7 0
-88 -246 4 0
-88 -245 4 0
-86 -216 21 0
-86 -217 21 0
-89 -211 20 0
-75 -212 2 2
-71 -205 8 0
-67 -205 6 0
-66 -205 6 0
-65 -204 7 0
-65 -204 8 0
-63 -212 5 0
-98 -216 20 0
-66 -218 5 0
-67 -218 4 1
-59 -214 4 1
-66 -220 3 1
-51 -205 6 0
-72 -213 3 2
-72 -213 4 1
-77 -202 1 1
-66 -218 3 2
-96 -219 13 0
-96 -218 12 0
-98 -214 13 0
-98 -214 12 0
-98 -215 12 0
-98 -215 11 0
-56 -204 7 0
-73 -202 2 1
-68 -208 6 0
-75 -201 3 1
-57 -240 3 1
-87 -210 20 0
-86 -211 19 0
-83 -216 20 0
-55 -215 6 0
-84 -213 19 0
-83 -207 21 0
-51 -215 2 1
-70 -208 5 0
-71 -208 6 0
-54 -217 5 1
-52 -219 7 0
-55 -216 8 0
-61 -222 8 0
-59 -216 9 0
-58 -223 8 0
-58 -243 3 1
-57 -243 1 1
-57 -243 2 2
-57 -243 3 1
-56 -250 1 1
-100 -229 5 0
-98 -226 5 0
-93 -211 1 1
-94 -210 1 1
-94 -211 1 1
-91 -211 5 0
-98 -206 4 2
-100 -210 5 1
-56 -214 11 0
-57 -214 10 0
-57 -214 9 0
-55 -210 8 0
-93 -217 13 0
-90 -213 11 0
-52 -214 4 0
-51 -216 2 1
-55 -212 3 1
-56 -217 0 1
-55 -217 0 1
-54 -217 0 1
-53 -216 0 2
-52 -215 2 1
-51 -215 7 0
-51 -215 8 0
-56 -238 2 1
-56 -238 3 1
-55 -238 1 1
-60 -202 5 0
-56 -202 6 0
-57 -201 0 2
-57 -201 -1 1
-58 -201 0 2
-58 -201 -1 1
-59 -201 0 1
-59 -201 -1 1
-61 -201 1 1
-61 -201 0 1
-59 -246 4 1
-91 -205 7 0
-90 -205 7 0
-89 -205 6 0
-88 -205 6 0
-95 -206 6 0
-96 -207 6 0
-92 -203 7 0
-92 -201 6 0
-54 -232 0 1
-91 -207 6 0
-91 -208 5 0
-90 -208 5 0
-95 -204 6 0
-96 -204 5 1
-96 -203 5 1
-91 -204 6 0
-90 -204 6 0
-90 -203 5 0
-89 -203 4 0
-94 -207 5 1
-93 -203 5 0
-93 -202 4 0
-94 -202 4 1
-92 -205 6 0
-91 -205 5 0
-91 -206 4 0
-90 -206 3 1
-95 -205 3 2
-58 -237 8 0
-53 -232 7 0
-52 -231 8 0
-56 -234 6 0
-57 -234 6 0
-55 -215 0 1
-73 -211 4 1
-73 -210 2 2
-73 -210 3 2
-53 -227 4 2
-54 -226 6 1
-88 -239 1 2
-88 -239 2 1
-87 -240 0 1
-87 -239 0 1
-54 -237 2 1
-54 -237 1 1
-62 -212 0 2
-62 -203 2 0
-85 -201 2 1
-84 -204 4 1
-84 -204 3 1
-84 -204 2 1
-85 -202 4 1
-85 -202 3 2
-61 -217 1 1
-62 -221 1 1
-60 -222 3 1
-56 -222 4 1
-56 -222 3 1
-62 -215 4 2
-52 -224 5 1
-76 -213 4 0
-75 -208 6 0
-58 -222 6 0
-85 -201 1 1
-73 -208 2 1
-73 -208 3 2
-64 -217 5 0
-96 -248 2 1
-96 -246 3 0
-96 -245 3 0
-100 -243 3 0
-52 -228 4 2
-52 -229 6 1
-60 -224 4 1
-54 -214 2 1
-75 -207 9 0
-75 -206 8 0
-75 -212 10 0
-52 -229 2 2
-58 -229 0 1
-58 -229 1 1
-58 -229 2 1
-57 -229 0 1
-57 -229 1 2
-74 -203 3 1
-59 -207 3 0
-63 -211 3 2
-64 -208 1 2
-64 -208 0 2
-93 -213 15 0
-51 -217 -1 1
-57 -216 1 1
-57 -215 1 2
-57 -215 2 2
-57 -215 3 2
-59 -212 5 0
-62 -215 10 0
-61 -215 11 0
-61 -218 10 0
-53 -226 2 2
-75 -209 4 1
-79 -209 8 0
-84 -218 2 1
-84 -218 1 1
-84 -218 0 1
-84 -219 2 1
-84 -219 1 1
-84 -219 0 1
-84 -220 2 1
-83 -220 3 0
-82 -220 3 0
-81 -220 3 0
-82 -224 4 0
-79 -206 1 1
-79 -205 1 1
-78 -206 1 1
-78 -205 1 1
-75 -214 5 0
-75 -213 6 0
-78 -209 6 0
-54 -225 6 1
-53 -225 4 1
-70 -214 3 2
-79 -202 6 0
-66 -206 7 0
-67 -206 6 0
-69 -206 5 0
-69 -205 5 0
-71 -208 7 0
-63 -206 8 0
-78 -203 8 0
-64 -206 5 0
-77 -207 2 2
-77 -207 3 2
-77 -207 4 1
-76 -207 2 1
-83 -235 1 2
-75 -237 2 1
-76 -237 2 1
-78 -237 3 0
-83 -233 2 1
-74 -214 6 0
-76 -208 7 0
-71 -207 7 0
-75 -212 7 0
-64 -221 7 0
-68 -212 8 0
-72 -213 10 0
-72 -214 10 0
-77 -210 10 0
-78 -210 10 0
-79 -210 10 0
-93 -211 18 0
-94 -216 17 0
-55 -223 8 0
-96 -212 17 0
-93 -249 8 0
-92 -246 0 1
-100 -224 14 0
-84 -245 0 1
-84 -245 1 2
-84 -245 2 1
-83 -247 0 1
-94 -201 2 2
-94 -201 3 1
-93 -202 1 1
-98 -214 4 2
-68 -217 7 0
-57 -214 5 0
-58 -214 5 0
-69 -224 4 0
-61 -212 6 0
-56 -216 7 0
-59 -213 8 0
-65 -219 8 0
-63 -213 9 0
-62 -214 8 0
-57 -215 9 0
-58 -215 9 0
-59 -216 8 0
-64 -216 10 0
-63 -216 9 0
-63 -217 8 0
-60 -214 10 0
-61 -215 9 0
-62 -218 11 0
-62 -218 10 0
-68 -249 3 0
-83 -238 1 2
-82 -243 3 0
-79 -242 3 1
-79 -242 2 1
-79 -242 1 1
-99 -229 10 0
-53 -213 7 0
-52 -219 10 0
-87 -215 19 0
-91 -250 9 0
-92 -249 6 0
-86 -245 5 0
-86 -243 6 0
-67 -216 5 0
-67 -215 4 1
-88 -247 4 0
-91 -246 5 0
-59 -248 4 1
-52 -242 5 0
-54 -248 5 0
-55 -248 5 0
-51 -211 5 0
-51 -241 5 0
-52 -220 8 0
-99 -207 8 0
-67 -213 7 0
-82 -239 3 0
-80 -243 0 1
-87 -238 0 1
-87 -238 1 1
-55 -235 7 0
-55 -236 7 0
-82 -211 14 0
-83 -211 14 0
-75 -207 14 0
-78 -213 14 0
-79 -214 14 0
-79 -215 13 0
-100 -206 6 1
-81 -207 13 0
-97 -224 8 0
-100 -219 7 0
-52 -213 -1 1
-53 -213 1 1
-87 -235 0 1
-87 -235 1 1
-87 -235 2 1
-86 -236 0 1
-86 -236 1 2
-86 -235 0 1
-86 -235 2 1
-85 -241 7 0
-82 -242 5 0
-87 -239 6 0
-86 -236 5 0
-59 -239 8 0
-99 -201 11 0
-91 -214 11 0
-91 -215 12 0
-59 -225 9 0
-58 -225 8 0
-60 -203 6 0
-57 -207 4 0
-56 -224 9 0
-56 -224 8 0
-56 -225 8 0
-64 -250 7 0
-71 -227 7 0
-71 -228 7 0
-74 -225 4 0
-75 -225 6 0
-76 -225 6 0
-76 -225 7 0
-72 -225 4 0
-72 -224 5 0
-71 -224 5 0
-70 -224 6 0
-70 -223 7 0
-73 -228 5 0
-74 -228 6 0
-61 -214 5 1
-58 -213 5 0
-59 -214 5 0
-58 -214 9 0
-59 -215 9 0
-65 -216 10 0
-61 -214 10 0
-63 -218 11 0
-92 -218 3 1
-92 -217 1 1
-92 -217 2 2
-92 -217 3 1
-81 -218 4 0
-81 -242 3 1
-79 -220 3 0
-80 -244 1 1
-80 -244 2 1
-80 -244 3 1
-80 -243 1 1
-55 -220 6 0
-79 -205 3 2
-79 -205 4 1
-84 -203 2 1
-55 -235 5 1
-51 -243 5 0
-53 -238 5 1
-52 -237 5 1
-51 -236 4 1
-58 -236 4 0
-52 -240 4 0
-51 -240 4 0
-94 -211 21 0
-54 -238 4 1
-54 -237 4 2
-55 -238 4 2
-52 -237 1 1
-52 -237 2 2
-52 -237 3 1
-51 -237 1 1
-51 -237 2 2
-51 -237 3 1
-57 -237 1 1
-57 -237 2 1
-57 -236 1 1
-57 -236 2 1
-57 -236 3 1
-88 -210 19 0
-71 -227 0 1
-71 -227 1 1
-71 -227 2 1
-71 -226 0 1
-71 -226 1 2
-71 -226 2 1
-66 -203 6 0
-82 -205 5 0
-63 -207 4 1
-63 -207 5 0
-62 -207 5 0
-61 -208 6 0
-60 -208 6 0
-58 -222 8 0
-62 -220 8 0
-62 -220 9 0
-57 -219 8 0
-56 -218 8 0
-60 -224 8 0
-53 -219 8 0
-56 -218 9 0
-85 -215 4 0
-89 -210 6 0
-85 -213 5 0
-83 -243 5 0
-83 -243 4 0
-86 -239 6 0
-86 -240 6 0
-85 -241 5 0
-85 -247 7 0
-81 -241 7 0
-82 -241 6 0
-82 -242 6 0
-83 -242 5 0
-88 -242 7 0
-86 -242 6 0
-86 -243 5 0
-82 -245 8 0
-73 -202 6 0
-83 -244 6 0
-84 -244 5 0
-84 -240 8 0
-84 -241 7 0
-86 -244 8 0
-86 -244 7 0
-99 -245 2 1
-99 -245 1 2
-99 -245 0 1
-100 -244 2 1
-100 -244 1 1
-100 -244 0 1
-100 -245 2 1
-100 -245 0 1
-72 -219 1 1
-72 -219 0 1
-67 -225 1 1
-68 -225 2 1
-88 -209 18 0
-89 -210 18 0
-93 -215 18 0
-92 -214 18 0
-91 -214 19 0
-91 -213 19 0
-85 -205 7 0
-82 -206 6 0
-84 -208 4 0
-62 -208 8 0
-62 -208 7 0
-61 -207 6 0
-60 -207 9 0
-51 -238 5 0
-86 -243 1 2
-86 -243 0 1
-86 -244 2 1
-67 -202 4 0
-67 -201 4 0
-69 -205 4 1
-68 -205 4 1
-54 -231 6 0
-51 -236 6 0
-58 -243 4 0
-58 -242 4 1
-58 -241 4 2
-75 -209 15 0
-56 -248 4 0
-93 -205 10 0
-94 -207 9 0
-99 -211 11 0
-97 -210 10 0
-90 -210 11 0
-87 -212 22 0
-55 -240 3 1
-55 -240 2 2
-68 -216 7 0
-64 -212 8 0
-68 -223 5 0
-66 -223 3 0
-87 -208 1 2
-88 -209 0 1
-88 -209 1 2
-88 -209 2 1
-65 -222 6 0
-87 -231 3 0
-89 -228 4 0
-88 -228 4 0
-85 -232 4 0
-84 -226 5 0
-88 -231 5 0
-83 -231 5 0
-88 -226 6 0
-86 -232 5 0
-89 -229 7 0
-82 -203 3 2
-81 -202 4 1
-71 -204 4 0
-68 -204 3 0
-72 -201 3 0
-60 -210 -1 1
-89 -214 7 0
-88 -218 6 0
-88 -218 7 0
-87 -219 8 0
-91 -216 6 0
-88 -216 5 0
-87 -215 6 0
-90 -220 7 0
-90 -215 5 0
-91 -214 5 0
-88 -217 5 0
-87 -217 5 0
-86 -218 6 0
-85 -218 6 0
-89 -215 4 0
-88 -214 5 0
-87 -216 4 0
-86 -216 4 0
-85 -216 4 0
-85 -215 5 0
-90 -212 4 0
-88 -218 4 0
-87 -218 4 0
-86 -219 4 0
-86 -220 4 0
-91 -216 4 0
-88 -215 3 1
-86 -213 3 0
-88 -217 3 1
-87 -217 3 0
-85 -217 2 1
-89 -211 3 1
-88 -211 3 1
-87 -213 3 1
-87 -212 3 1
-99 -238 0 1
-100 -236 2 1
-100 -207 7 1
-100 -236 0 1
-100 -237 2 1
-100 -209 9 0
-100 -205 9 0
-88 -211 14 0
-89 -212 10 0
-90 -212 11 0
-99 -208 11 0
-100 -208 11 0
-90 -212 12 0
-85 -238 7 0
-99 -209 9 0
-100 -210 13 0
-100 -210 12 0
-100 -207 13 0
-52 -232 4 1
-98 -236 4 0
-99 -236 4 0
-55 -230 3 1
-52 -234 1 1
-93 -214 20 0
-96 -210 21 0
-96 -211 21 0
-95 -211 21 0
-61 -212 -1 1
-61 -213 -1 1
-64 -244 3 0
-61 -245 5 0
-65 -245 6 0
-80 -211 14 0
-81 -212 15 0
-76 -208 14 0
-76 -207 14 0
-92 -212 17 0
-92 -212 16 0
-52 -238 1 1
-52 -238 2 2
-52 -238 3 1
-58 -238 8 0
-57 -236 5 0
-51 -233 5 1
-56 -234 5 0
-57 -233 5 0
-54 -233 4 1
-62 -217 9 0
-60 -216 11 0
-96 -222 11 0
-96 -223 12 0
-72 -229 5 0
-71 -230 5 0
-75 -224 4 0
-76 -223 4 0
-77 -223 5 0
-71 -225 4 0
-70 -225 4 0
-57 -228 6 0
-58 -228 6 0
-59 -228 6 0
-60 -228 6 0
-58 -230 4 0
-58 -209 0 2
-61 -211 -1 1
-59 -206 2 0
-60 -206 3 0
-56 -204 1 2
-56 -204 0 1
-56 -204 -1 1
-56 -205 1 2
-54 -206 7 0
-63 -207 2 1
-67 -208 -1 1
-59 -211 1 1
-65 -216 6 0
-66 -216 6 0
-79 -206 15 0
-66 -217 5 0
-59 -211 0 2
-85 -204 2 1
-97 -218 3 2
-97 -221 2 1
-98 -219 4 1
-98 -219 3 2
-98 -219 2 1
-98 -220 4 1
-98 -220 2 1
-99 -219 4 2
-99 -219 3 1
-99 -219 2 1
-99 -220 4 1
-99 -220 3 2
-99 -220 2 1
-98 -220 3 2
-99 -209 7 0
-98 -210 7 0
-94 -210 6 0
-99 -231 5 0
-97 -236 5 0
-98 -236 5 0
-99 -235 5 0
-96 -232 6 0
-97 -232 6 0
-98 -232 6 0
-99 -233 5 0
-97 -234 7 0
-98 -234 7 0
-98 -231 8 0
-99 -232 7 0
-99 -235 9 0
-100 -235 8 0
-100 -234 7 0
-100 -233 10 0
-100 -233 9 0
-63 -219 6 0
-75 -207 2 1
-75 -208 2 1
-57 -236 7 0
-90 -213 22 0
-51 -236 8 0
-52 -236 7 0
-82 -213 21 0
-80 -229 1 1
-74 -226 0 1
-74 -227 2 1
-74 -227 1 2
-74 -227 0 1
-75 -225 2 1
-75 -225 1 2
-97 -215 9 0
-97 -214 5 1
-97 -214 6 0
-97 -215 7 0
-95 -213 4 1
-95 -213 3 1
-95 -213 2 1
-62 -225 6 0
-93 -213 24 0
-93 -213 23 0
-56 -230 8 0
-56 -229 9 0
-51 -234 8 0
-56 -233 7 0
-57 -234 7 0
-58 -234 8 0
-53 -230 7 0
-90 -210 19 0
-94 -215 18 0
-100 -218 10 0
-100 -217 11 0
-97 -220 11 0
-96 -221 11 0
-95 -221 12 0
-98 -218 10 0
-98 -217 10 0
-98 -216 11 0
-97 -215 11 0
-97 -219 10 0
-96 -219 10 0
-95 -219 10 0
-94 -218 10 0
-99 -218 9 0
-100 -216 9 0
-100 -215 9 0
-97 -221 9 0
-96 -222 9 0
-95 -223 9 0
-68 -210 6 0
-55 -220 8 0
-87 -214 17 0
-96 -204 11 0
-76 -202 5 0
-77 -225 5 0
-79 -227 6 0
-78 -227 5 0
-73 -230 7 0
-75 -225 7 0
-74 -228 7 0
-97 -243 5 0
-94 -245 7 0
-79 -243 1 1
-79 -243 2 1
-79 -243 3 1
-62 -245 7 0
-63 -244 7 0
-74 -214 0 1
-74 -214 1 2
-52 -235 3 1
-52 -235 2 1
-52 -235 1 1
-58 -236 3 0
-53 -234 5 1
-53 -234 4 2
-53 -234 3 1
-54 -234 5 1
-87 -247 1 2
-71 -207 5 0
-55 -234 5 1
-55 -234 4 1
-55 -234 3 1
-59 -239 4 1
-73 -214 8 0
-57 -204 0 2
-72 -208 8 0
-52 -238 5 0
-88 -237 0 1
-89 -240 2 1
-88 -237 3 0
-87 -238 3 1
-82 -244 4 0
-52 -201 3 1
-59 -242 2 1
-61 -242 0 1
-61 -243 0 1
-73 -213 6 0
-72 -213 6 0
-77 -208 5 0
-71 -216 8 0
-70 -215 7 0
-95 -208 5 1
-95 -209 5 1
-96 -207 4 2
-96 -207 3 1
-97 -207 5 1
-97 -207 4 2
-97 -207 3 1
-91 -209 4 0
-88 -208 8 0
-88 -207 9 0
-86 -212 8 0
-86 -213 8 0
-84 -206 5 0
-84 -207 6 0
-69 -203 9 0
-68 -207 7 0
-67 -208 8 0
-64 -218 5 0
-78 -208 3 1
-78 -208 4 1
-60 -202 4 0
-60 -203 4 0
-58 -210 5 0
-59 -209 5 0
-60 -221 8 0
-60 -222 9 0
-67 -205 0 2
-79 -201 5 0
-67 -206 2 1
-67 -206 1 2
-72 -220 1 2
-72 -220 2 1
-71 -222 0 1
-71 -222 1 2
-71 -222 2 1
-71 -221 0 1
-71 -221 1 2
-71 -221 2 1
-71 -220 0 1
-71 -220 1 2
-78 -202 6 0
-81 -204 5 0
-81 -204 6 0
-79 -204 5 0
-79 -205 5 0
-84 -202 5 0
-70 -228 0 1
-70 -228 1 2
-77 -223 0 1
-77 -223 1 2
-76 -223 0 1
-76 -223 1 1
-76 -223 2 1
-71 -223 0 1
-71 -223 1 2
-71 -223 2 1
-56 -220 6 0
-75 -203 3 2
-54 -206 5 0
-54 -206 6 0
-56 -222 7 0
-55 -222 6 0
-55 -222 7 0
-63 -218 4 1
-63 -218 3 1
-76 -206 6 0
-76 -206 5 0
-77 -207 6 0
-77 -206 6 0
-79 -201 6 0
-62 -220 1 2
-69 -210 6 0
-70 -210 6 0
-69 -210 5 0
-60 -225 5 1
-63 -207 3 1
-62 -207 3 0
-66 -204 3 0
-66 -203 3 0
-66 -203 2 0
-66 -202 2 0
-65 -208 2 2
-65 -208 3 1
-65 -207 2 1
-65 -207 3 1
-53 -229 5 1
-82 -201 7 0
-57 -202 7 0
-51 -201 6 0
-58 -225 0 1
-100 -205 6 1
-99 -206 6 0
-57 -204 6 0
-100 -211 6 1
-100 -210 6 1
-56 -244 8 0
-91 -208 12 0
-92 -208 11 0
-93 -203 12 0
-93 -204 11 0
-93 -204 10 0
-82 -231 1 1
-81 -231 0 1
-81 -231 1 2
-81 -231 2 1
-76 -232 1 2
-76 -232 0 1
-76 -232 2 1
-93 -203 9 0
-57 -216 8 0
-59 -211 8 0
-58 -213 9 0
-77 -211 17 0
-81 -208 17 0
-80 -209 17 0
-56 -213 5 0
-57 -211 7 0
-56 -210 7 0
-71 -203 4 0
-66 -203 8 0
-66 -207 6 0
-60 -213 10 0
-99 -210 11 0
-98 -206 11 0
-65 -213 3 2
-99 -211 9 0
-90 -214 18 0
-94 -247 5 0
-94 -246 6 0
-90 -245 5 0
-98 -227 1 1
-98 -227 2 2
-98 -227 3 1
-100 -231 2 2
-100 -231 3 1
-100 -230 4 1
-100 -229 4 1
-94 -227 6 0
-93 -227 6 0
-92 -227 7 0
-94 -250 6 0
-96 -249 1 1
-96 -249 0 1
-96 -247 2 1
-94 -246 3 0
-83 -240 4 0
-82 -238 5 0
-81 -237 5 0
-82 -246 5 0
-88 -239 5 0
-82 -241 4 0
-81 -241 4 0
-80 -241 4 0
-79 -240 4 0
-84 -240 4 0
-96 -212 6 0
-93 -213 1 1
-94 -213 1 1
-94 -214 1 1
-94 -211 5 1
-90 -210 3 1
-90 -211 3 1
-91 -210 3 1
-91 -210 2 2
-91 -210 1 1
-91 -211 3 1
-91 -211 1 1
-92 -210 3 1
-92 -210 2 2
-92 -210 1 1
-95 -218 9 0
-90 -201 5 0
-88 -202 3 0
-98 -247 3 0
-94 -248 3 0
-98 -248 3 0
-92 -245 4 0
-93 -246 4 0
-98 -246 3 0
-96 -248 4 0
-97 -249 5 0
-94 -244 7 0
-95 -246 5 0
-98 -246 5 0
-95 -249 7 0
-95 -246 8 0
-96 -246 7 0
-81 -222 8 0
-79 -218 8 0
-79 -221 4 0
-78 -222 6 0
-58 -208 1 1
-58 -208 0 2
-58 -208 -1 1
-58 -209 1 1
-56 -232 11 0
-54 -229 8 0
-54 -228 9 0
-54 -228 10 0
-76 -208 15 0
-76 -208 16 0
-75 -212 14 0
-74 -213 16 0
-79 -206 2 2
-69 -203 5 0
-61 -217 3 2
-61 -217 4 1
-69 -207 1 2
-57 -207 1 1
-51 -230 10 0
-51 -230 11 0
-53 -228 10 0
-51 -226 8 0
-53 -230 8 0
-51 -229 10 0
-52 -229 11 0
-53 -227 9 0
-51 -225 8 0
-52 -225 8 0
-52 -224 9 0
-51 -225 2 2
-52 -226 1 1
-52 -226 2 2
-63 -221 5 0
-61 -205 7 0
-65 -220 2 1
-61 -221 5 1
-61 -221 4 2
-63 -215 6 0
-78 -202 3 2
-78 -202 4 1
-71 -207 2 1
-85 -209 20 0
-85 -208 21 0
-85 -207 21 0
-86 -212 20 0
-58 -248 4 1
-83 -205 3 1
-83 -205 2 1
-61 -247 6 0
-59 -247 5 0
-56 -228 4 1
-74 -204 8 0
-94 -230 1 2
-94 -230 0 1
-94 -231 3 0
-73 -211 9 0
-73 -212 10 0
-74 -212 11 0
-82 -247 4 0
-83 -246 4 0
-86 -239 4 1
-86 -240 4 1
-85 -241 4 0
-85 -242 4 0
-80 -243 5 0
-53 -219 0 2
-54 -220 -1 1
-54 -220 0 1
-54 -220 1 1
-54 -219 -1 1
-54 -219 0 1
-85 -229 3 0
-87 -231 4 0
-87 -232 4 0
-82 -230 3 0
-86 -228 3 0
-87 -228 3 0
-88 -228 3 0
-89 -228 3 0
-84 -231 3 0
-90 -232 0 1
-90 -232 1 2
-90 -232 2 1
-90 -231 0 1
-90 -231 1 1
-90 -231 2 1
-90 -230 0 1
-90 -230 1 2
-90 -230 2 1
-89 -232 0 1
-59 -249 4 1
-60 -250 4 0
-94 -218 13 0
-95 -214 13 0
-97 -217 15 0
-96 -217 14 0
-96 -216 13 0
-94 -216 15 0
-94 -216 14 0
-95 -216 11 0
-96 -215 5 0
-96 -215 6 0
-95 -215 7 0
-92 -216 6 0
-95 -212 6 0
-95 -218 6 0
-95 -217 7 0
-95 -216 8 0
-94 -216 8 0
-92 -218 7 0
-92 -217 8 0
-93 -217 8 0
-95 -216 9 0
-76 -213 7 0
-74 -210 8 0
-55 -236 3 1
-55 -236 2 1
-55 -236 1 1
-55 -237 3 1
-55 -237 1 1
-56 -236 3 1
-56 -236 2 2
-90 -218 7 0
-90 -218 8 0
-89 -220 8 0
-88 -219 4 0
-87 -221 4 0
-89 -217 8 0
-89 -217 9 0
-90 -214 7 0
-90 -214 8 0
-88 -219 8 0
-92 -216 5 0
-90 -203 10 0
-91 -203 10 0
-91 -204 9 0
-91 -207 11 0
-91 -206 10 0
-92 -202 12 0
-84 -242 0 1
-85 -241 1 2
-85 -241 0 1
-85 -242 1 2
-85 -242 0 1
-86 -241 2 1
-86 -241 1 2
-66 -224 4 0
-88 -208 2 1
-88 -207 0 1
-88 -207 1 2
-52 -234 6 1
-92 -216 11 0
-73 -213 8 0
-73 -208 8 0
-94 -211 12 0
-94 -217 13 0
-94 -217 12 0
-93 -216 12 0
-89 -211 13 0
-51 -237 5 0
-51 -235 4 1
-91 -212 12 0
-82 -232 1 1
-82 -232 0 1
-75 -236 2 1
-78 -233 3 0
-76 -228 2 1
-76 -228 1 2
-76 -228 0 1
-76 -229 2 1
-76 -229 1 2
-100 -232 8 0
-76 -230 2 1
-90 -228 3 0
-92 -227 3 0
-91 -225 4 0
-89 -226 5 0
-90 -226 5 0
-91 -226 5 0
-93 -230 5 0
-92 -223 6 0
-89 -229 6 0
-90 -228 6 0
-91 -228 6 0
-92 -228 5 0
-91 -225 7 0
-92 -229 8 0
-92 -228 6 0
-97 -220 10 0
-98 -220 10 0
-98 -217 11 0
-99 -218 10 0
-99 -219 10 0
-96 -222 12 0
-67 -247 3 0
-96 -217 9 0
-100 -225 8 0
-99 -220 8 0
-98 -220 7 0
-98 -220 11 0
-99 -220 11 0
-99 -220 10 0
-98 -223 13 0
-98 -223 12 0
-88 -250 5 0
-76 -211 13 0
-89 -248 4 0
-90 -248 5 0
-91 -247 5 0
-92 -247 5 0
-93 -246 5 0
-86 -248 5 0
-85 -248 5 0
-84 -248 5 0
-89 -247 4 0
-92 -226 2 1
-92 -226 1 1
-92 -226 0 1
-93 -224 3 1
-91 -222 2 1
-74 -228 8 0
-74 -231 7 0
-77 -232 5 0
-77 -232 6 0
-78 -225 5 0
-80 -230 5 0
-80 -226 4 0
-81 -229 2 1
-80 -225 0 1
-80 -225 1 2
-80 -225 2 1
-79 -225 0 1
-95 -226 0 1
-94 -225 4 0
-94 -232 5 0
-95 -231 5 0
-96 -230 5 0
-93 -227 5 0
-95 -230 7 0
-95 -229 6 0
-95 -222 5 0
-95 -223 5 0
-94 -223 5 0
-93 -224 5 0
-95 -219 5 0
-94 -218 4 1
-93 -217 4 0
-96 -217 6 0
-94 -217 7 0
-93 -216 8 0
-97 -216 7 0
-98 -214 8 0
-92 -219 7 0
-98 -216 6 0
-100 -215 6 0
-92 -217 6 0
-91 -217 6 0
-96 -216 5 0
-96 -214 5 1
-93 -220 5 0
-92 -221 5 0
-94 -216 5 0
-93 -215 5 0
-92 -214 4 0
-100 -213 3 1
-72 -211 7 0
-73 -215 3 1
-73 -213 2 1
-73 -213 3 1
-71 -216 2 1
-71 -216 4 1
-75 -204 8 0
-76 -204 7 0
-71 -203 0 1
-71 -204 2 1
-71 -204 1 2
-71 -204 0 1
-71 -205 1 2
-71 -205 0 1
-81 -201 7 0
-69 -211 4 1
-82 -202 2 2
-82 -202 3 2
-77 -201 4 1
-57 -219 6 0
-74 -201 -1 1
-75 -201 -1 1
-76 -201 -1 1
-70 -202 1 1
-71 -202 2 1
-72 -202 2 1
-60 -222 2 1
-60 -221 2 2
-73 -201 3 0
-99 -217 21 0
-96 -209 21 0
-96 -208 21 0
-92 -216 21 0
-98 -213 21 0
-99 -213 21 0
-59 -217 3 2
-68 -210 7 0
-68 -216 3 2
-60 -221 3 2
-57 -230 3 0
-59 -229 0 1
-59 -229 1 1
-59 -229 2 1
-59 -228 0 1
-59 -228 1 1
-59 -228 2 1
-59 -227 0 1
-59 -227 1 1
-59 -227 2 1
-58 -227 0 1
-61 -223 9 0
-60 -223 8 0
-59 -223 8 0
-56 -225 9 0
-57 -221 10 0
-57 -221 9 0
-57 -222 8 0
-57 -222 7 0
-58 -224 9 0
-92 -211 3 1
-92 -211 2 2
-82 -213 15 0
-59 -226 1 1
-55 -222 4 1
-60 -228 4 0
-59 -228 4 0
-54 -224 6 0
-61 -226 5 0
-60 -226 6 0
-59 -226 6 0
-52 -225 7 0
-77 -209 6 0
-54 -207 7 0
-51 -206 9 0
-51 -206 8 0
-68 -216 5 0
-67 -220 5 0
-67 -219 5 0
-85 -213 19 0
-83 -214 19 0
-83 -213 19 0
-55 -241 5 0
-96 -208 10 0
-96 -209 10 0
-95 -209 9 0
-96 -214 12 0
-92 -208 12 0
-92 -209 11 0
-56 -248 5 0
-57 -248 5 0
-72 -203 5 0
-54 -232 4 0
-56 -231 1 1
-56 -231 2 1
-55 -231 0 1
-79 -213 18 0
-83 -206 18 0
-54 -208 2 0
-54 -213 -1 1
-54 -213 0 2
-54 -213 1 1
-53 -209 -1 1
-53 -209 0 2
-53 -209 1 1
-94 -248 4 0
-92 -245 3 0
-93 -245 3 0
-94 -244 3 0
-91 -249 3 0
-92 -250 3 0
-94 -247 2 1
-85 -217 4 0
-85 -213 3 0
-84 -214 3 0
-83 -215 3 1
-83 -244 0 1
-84 -244 2 1
-84 -244 1 2
-84 -244 0 1
-90 -244 2 1
-90 -244 1 2
-90 -244 0 1
-91 -244 2 1
-91 -244 1 1
-91 -244 0 1
-92 -244 2 1
-92 -244 1 2
-92 -244 0 1
-86 -248 3 0
-83 -249 2 1
-83 -249 1 1
-83 -249 0 1
-83 -250 2 1
-59 -211 5 0
-75 -233 4 0
-68 -214 8 0
-73 -232 4 0
-78 -232 3 0
-78 -231 3 0
-78 -230 3 0
-78 -229 3 0
-79 -228 3 0
-61 -240 2 1
-54 -240 10 0
-83 -243 8 0
-53 -204 -1 1
-53 -205 -1 1
-56 -225 5 1
-71 -206 6 0
-76 -212 19 0
-79 -215 18 0
-82 -209 17 0
-80 -204 7 0
-81 -204 7 0
-82 -213 16 0
-82 -214 17 0
-83 -215 17 0
-80 -209 16 0
-82 -206 4 1
-82 -248 1 1
-82 -248 0 1
-82 -249 2 1
-82 -249 1 1
-76 -226 2 1
-76 -225 0 1
-51 -234 3 2
-51 -233 1 1
-53 -231 2 1
-99 -246 1 2
-99 -246 0 1
-85 -230 4 0
-86 -231 5 0
-86 -232 6 0
-86 -233 6 0
-87 -226 5 0
-87 -225 6 0
-83 -230 5 0
-82 -230 5 0
-54 -220 2 1
-55 -220 2 1
-56 -220 3 2
-56 -220 2 1
-75 -202 0 1
-75 -204 1 1
-75 -204 0 1
-76 -202 1 1
-76 -202 0 1
-76 -203 1 2
-76 -203 0 1
-76 -204 1 1
-76 -204 0 1
-61 -204 4 0
-56 -206 5 0
-85 -222 4 0
-77 -223 4 0
-84 -228 4 0
-80 -225 3 0
-79 -225 3 0
-83 -224 3 0
-84 -224 3 0
-85 -224 3 0
-86 -224 3 0
-81 -226 3 0
-82 -227 2 1
-82 -228 2 1
-55 -224 2 2
-56 -225 1 1
-56 -225 2 1
-69 -228 1 1
-94 -204 8 0
-94 -205 8 0
-94 -206 8 0
-89 -206 9 0
-90 -207 9 0
-91 -207 9 0
-92 -207 9 0
-98 -205 9 0
-97 -205 9 0
-96 -206 9 0
-92 -203 10 0
-92 -204 10 0
-59 -227 3 0
-56 -230 4 0
-61 -248 2 2
-61 -248 1 1
-63 -201 2 0
-63 -204 2 0
-65 -203 5 0
-63 -204 6 0
-56 -231 3 0
-52 -229 1 1
-63 -204 1 1
-58 -224 1 1
-54 -223 1 1
-98 -224 8 0
-99 -224 9 0
-96 -214 20 0
-93 -209 18 0
-93 -215 19 0
-92 -216 18 0
-92 -217 18 0
-96 -212 19 0
-97 -212 18 0
-55 -208 3 0
-54 -203 2 1
-54 -203 1 2
-54 -213 4 1
-53 -212 4 0
-53 -211 4 0
-79 -215 2 1
-78 -215 0 1
-78 -215 1 2
-78 -215 2 1
-77 -215 0 1
-77 -215 1 2
-77 -215 2 1
-77 -214 0 1
-77 -214 1 2
-77 -214 2 1
-77 -213 0 1
-77 -213 1 2
-82 -214 0 1
-82 -214 1 1
-81 -214 0 1
-81 -214 1 1
-81 -213 8 0
-80 -215 6 1
-78 -214 4 0
-78 -215 4 0
-78 -216 4 0
-81 -214 3 0
-81 -215 3 1
-82 -215 3 1
-75 -215 3 0
-75 -207 1 1
-79 -213 3 0
-79 -216 2 1
-84 -215 0 1
-84 -215 1 1
-84 -215 2 1
-83 -215 0 1
-83 -215 1 1
-83 -215 2 1
-82 -215 0 1
-82 -215 1 2
-82 -215 2 1
-76 -215 0 1
-76 -215 1 2
-76 -215 2 1
-76 -214 0 1
-76 -214 1 2
-99 -243 3 0
-97 -243 3 0
-100 -241 4 0
-99 -241 4 0
-98 -242 4 0
-95 -245 4 0
-98 -244 4 0
-91 -245 6 0
-93 -244 5 0
-97 -239 6 0
-97 -240 5 0
-96 -247 6 0
-96 -245 5 0
-96 -245 4 0
-92 -241 7 0
-79 -223 4 0
-82 -220 4 0
-83 -220 4 0
-83 -219 4 0
-84 -219 4 0
-76 -221 4 0
-75 -220 4 0
-81 -222 3 0
-82 -225 4 0
-83 -225 4 0
-82 -222 3 0
-82 -223 2 1
-77 -203 3 2
-81 -202 7 0
-58 -247 1 1
-59 -245 3 1
-59 -245 2 1
-59 -245 1 1
-59 -246 3 1
-59 -246 1 1
-78 -207 16 0
-81 -213 17 0
-81 -214 16 0
-53 -206 4 0
-81 -216 16 0
-56 -210 5 0
-84 -208 16 0
-84 -207 16 0
-89 -247 0 1
-53 -218 1 1
-53 -219 2 1
-53 -219 1 1
-53 -220 1 1
-51 -219 6 0
-93 -209 11 0
-97 -210 11 0
-93 -213 13 0
-93 -212 12 0
-95 -208 13 0
-95 -208 12 0
-95 -209 11 0
-95 -209 10 0
-96 -212 13 0
-94 -210 14 0
-94 -210 13 0
-94 -210 12 0
-94 -210 11 0
-51 -221 4 2
-52 -222 5 1
-52 -222 6 0
-83 -225 3 0
-79 -235 6 0
-79 -228 5 0
-81 -232 4 0
-82 -233 5 0
-82 -229 4 0
-81 -227 1 1
-71 -233 0 1
-71 -233 1 1
-71 -233 2 1
-81 -229 0 1
-81 -229 1 2
-84 -223 0 1
-84 -223 2 1
-83 -227 0 1
-83 -227 1 2
-83 -227 2 1
-82 -227 0 1
-82 -227 1 2
-81 -227 0 1
-86 -242 7 0
-85 -242 5 0
-87 -236 2 1
-87 -236 1 2
-87 -236 0 1
-86 -235 1 2
-84 -234 3 0
-85 -241 3 0
-87 -236 3 0
-81 -225 7 0
-81 -225 8 0
-83 -225 5 0
-83 -225 6 0
-83 -226 7 0
-63 -247 4 1
-95 -222 13 0
-93 -211 9 0
-99 -223 11 0
-96 -209 9 0
-96 -208 9 0
-52 -241 4 1
-71 -211 4 1
-51 -227 4 1
-54 -228 3 1
-55 -226 5 1
-71 -215 2 2
-57 -223 0 1
-57 -224 0 1
-51 -219 2 2
-51 -219 1 1
-51 -220 1 1
-51 -221 1 1
-51 -223 1 1
-51 -222 8 0
-52 -223 1 1
-53 -223 1 1
-51 -220 2 1
-84 -209 17 0
-91 -223 5 0
-90 -222 5 0
-89 -222 5 0
-94 -222 4 0
-93 -224 4 0
-92 -225 4 0
-91 -226 4 0
-90 -226 4 0
-91 -220 4 0
-94 -227 4 0
-94 -228 3 1
-95 -222 4 0
-92 -223 4 0
-91 -224 3 1
-90 -224 3 0
-92 -220 1 1
-92 -220 2 2
-93 -225 3 1
-92 -227 2 1
-92 -221 0 1
-92 -221 1 2
-92 -221 2 2
-91 -221 0 1
-91 -221 1 2
-91 -221 2 1
-90 -223 0 1
-90 -223 1 2
-90 -223 2 1
-90 -222 0 1
-90 -222 1 1
-90 -222 2 1
-90 -221 0 1
-90 -221 1 2
-90 -221 2 1
-91 -225 0 1
-91 -225 1 2
-91 -225 2 1
-93 -222 3 1
-92 -222 8 0
-92 -222 9 0
-95 -217 12 0
-91 -212 13 0
-92 -213 12 0
-97 -214 14 0
-97 -214 13 0
-75 -210 8 0
-94 -215 11 0
-51 -238 9 0
-51 -238 10 0
-93 -214 15 0
-51 -236 9 0
-66 -218 0 1
-70 -214 0 1
-70 -215 0 1
-71 -214 0 1
-65 -215 1 2
-68 -214 1 1
-68 -215 1 2
-66 -210 1 1
-66 -210 0 1
-61 -208 7 0
-56 -209 -1 1
-75 -214 7 0
-73 -206 7 0
-75 -211 7 0
-73 -214 6 0
-51 -241 2 1
-51 -240 7 0
-68 -206 4 1
-68 -206 3 2
-54 -227 4 2
-54 -236 10 0
-90 -208 18 0
-91 -203 9 0
-91 -203 11 0
-91 -203 12 0
-72 -228 1 1
-80 -234 2 1
-80 -234 1 2
-80 -234 0 1
-88 -250 3 0
-100 -225 11 0
-99 -225 11 0
-98 -225 11 0
-87 -244 2 1
-88 -245 2 1
-88 -246 3 0
-88 -247 3 0
-84 -249 3 0
-85 -249 3 0
-86 -249 3 0
-100 -228 10 0
-96 -220 11 0
-97 -223 10 0
-81 -208 2 1
-81 -208 1 2
-58 -213 7 0
-83 -210 3 0
-83 -210 4 0
-57 -212 8 0
-78 -215 17 0
-82 -209 16 0
-76 -230 1 2
-90 -229 5 0
-91 -229 5 0
-92 -229 2 1
-92 -229 1 1
-92 -229 0 1
-93 -229 2 1
-93 -229 1 1
-93 -229 0 1
-93 -230 2 1
-57 -243 6 0
-61 -249 6 0
-62 -248 7 0
-63 -248 8 0
-58 -248 6 0
-57 -248 6 0
-77 -227 0 1
-77 -227 1 2
-77 -227 2 1
-76 -227 0 1
-76 -227 1 2
-76 -227 2 1
-75 -231 7 0
-75 -231 8 0
-80 -215 4 1
-80 -214 4 0
-80 -213 4 0
-77 -212 5 0
-78 -211 4 0
-79 -212 6 0
-65 -212 5 1
-56 -202 0 2
-68 -212 9 0
-69 -212 8 0
-73 -206 11 0
-73 -207 11 0
-52 -206 5 0
-97 -212 16 0
-96 -218 23 0
-56 -202 5 0
-57 -203 5 0
-73 -204 2 2
-74 -204 4 1
-74 -204 2 2
-51 -223 4 1
-95 -216 18 0
-95 -216 17 0
-95 -211 18 0
-95 -210 17 0
-93 -214 18 0
-92 -214 17 0
-92 -214 16 0
-61 -215 3 2
-59 -204 5 0
-55 -248 8 0
-56 -247 7 0
-67 -204 -1 1
-67 -204 0 2
-67 -204 1 1
-66 -205 -1 1
-66 -204 -1 1
-66 -204 0 2
-68 -211 5 1
-61 -218 1 1
-77 -205 4 1
-62 -218 3 1
-62 -218 2 2
-67 -208 6 0
-61 -247 1 1
-81 -207 16 0
-55 -243 5 0
-54 -243 5 0
-53 -243 5 0
-52 -243 5 0
-60 -213 2 2
-66 -212 3 2
-66 -212 2 1
-74 -211 4 1
-66 -215 6 0
-61 -213 2 2
-53 -225 3 1
-56 -209 2 0
-55 -210 1 1
-84 -202 7 0
-58 -239 9 0
-53 -238 7 0
-52 -238 8 0
-56 -243 8 0
-56 -237 7 0
-57 -236 8 0
-53 -240 6 0
-52 -241 7 0
-51 -239 6 0
-86 -232 0 1
-86 -232 1 2
-86 -232 2 1
-85 -234 0 1
-85 -234 1 1
-85 -234 2 1
-85 -233 0 1
-85 -233 1 1
-85 -233 2 1
-85 -232 0 1
-85 -232 1 1
-85 -232 2 1
-84 -240 6 0
-84 -240 7 0
-81 -241 6 0
-85 -238 5 0
-86 -238 6 0
-85 -235 5 0
-85 -237 3 0
-86 -237 3 0
-87 -243 7 0
-92 -243 1 2
-92 -243 2 1
-92 -242 0 1
-92 -242 1 1
-92 -242 2 1
-90 -247 3 0
-90 -247 5 0
-84 -224 2 1
-84 -224 0 1
-85 -223 2 1
-85 -223 1 1
-85 -223 0 1
-85 -224 2 1
-56 -239 7 0
-61 -244 0 1
-98 -246 6 0
-99 -246 6 0
-61 -242 1 1
-61 -242 2 1
-54 -201 3 1
-60 -242 0 1
-60 -242 1 1
-60 -242 2 1
-59 -244 0 1
-59 -243 0 1
-53 -201 3 1
-59 -242 1 1
-95 -247 7 0
-96 -247 7 0
-64 -214 7 0
-80 -204 2 2
-86 -203 3 1
-86 -203 2 1
-85 -201 5 1
-53 -201 -1 1
-90 -212 16 0
-52 -213 7 0
-52 -212 6 0
-74 -203 7 0
-75 -202 6 0
-55 -233 3 1
-55 -208 7 0
-53 -209 5 0
-54 -231 0 1
-55 -231 2 1
-55 -231 1 1
-53 -210 8 0
-52 -210 7 0
-52 -209 6 0
-56 -231 0 1
-52 -233 4 1
-52 -233 3 1
-53 -233 5 1
-53 -233 3 1
-54 -233 3 1
-58 -234 3 0
-57 -234 3 0
-56 -234 4 0
-53 -231 3 1
-57 -213 2 1
-57 -213 1 2
-57 -213 0 2
-57 -214 0 1
-97 -235 8 0
-98 -235 9 0
-96 -232 7 0
-96 -231 8 0
-94 -236 8 0
-97 -233 5 0
-95 -233 6 0
-94 -232 6 0
-94 -232 7 0
-93 -231 7 0
-95 -234 5 0
-96 -217 7 0
-95 -216 6 0
-96 -213 22 0
-82 -213 22 0
-88 -246 1 2
-88 -245 0 1
-88 -245 1 2
-92 -204 8 0
-94 -206 12 0
-92 -205 11 0
-65 -213 10 0
-65 -214 11 0
-65 -208 9 0
-88 -248 2 1
-88 -248 1 2
-95 -212 10 0
-96 -212 10 0
-97 -214 9 0
-68 -219 7 0
-100 -216 10 0
-93 -216 11 0
-62 -206 2 1
-61 -220 3 1
-60 -220 2 2
-71 -202 -1 1
-55 -221 8 0
-61 -222 9 0
-60 -222 8 0
-57 -220 10 0
-57 -220 9 0
-59 -224 10 0
-57 -222 9 0
-60 -245 1 1
-75 -209 5 0
-63 -216 5 1
-64 -215 0 1
-63 -215 1 2
-67 -212 1 2
-67 -212 0 1
-68 -212 1 2
-68 -212 0 1
-75 -205 8 0
-68 -208 7 0
-80 -208 7 0
-97 -214 19 0
-62 -222 4 1
-97 -220 7 0
-54 -239 6 0
-55 -240 5 1
-60 -244 6 0
-52 -244 7 0
-53 -244 6 0
-54 -244 6 0
-58 -239 7 0
-93 -206 3 2
-68 -248 0 1
-68 -248 1 1
-68 -248 2 1
-67 -250 0 1
-99 -230 7 0
-100 -231 5 0
-100 -231 4 1
-59 -245 4 1
-59 -244 4 1
-57 -221 7 0
-56 -219 6 0
-52 -229 4 1
-58 -214 4 1
-56 -215 5 0
-60 -213 6 0
-54 -217 7 0
-55 -217 7 0
-57 -214 8 0
-63 -220 8 0
-61 -214 9 0
-56 -216 9 0
-85 -206 4 0
-86 -211 5 0
-57 -217 9 0
-84 -207 5 0
-88 -210 6 0
-84 -204 7 0
-84 -205 6 0
-85 -205 5 0
-86 -207 5 0
-87 -204 8 0
-87 -204 7 0
-87 -205 6 0
-63 -218 10 0
-85 -206 2 1
-85 -206 1 1
-85 -206 0 1
-62 -218 9 0
-85 -207 1 2
-61 -218 8 0
-89 -209 2 1
-89 -209 1 2
-89 -209 0 1
-90 -209 0 1
-97 -225 4 1
-98 -222 1 1
-98 -221 1 1
-90 -211 20 0
-91 -210 20 0
-92 -210 21 0
-100 -202 18 0
-99 -202 18 0
-54 -231 2 1
-54 -231 1 1
-65 -213 4 2
-79 -206 4 1
-98 -214 22 0
-61 -215 6 0
-60 -215 6 0
-61 -215 7 0
-69 -208 6 0
-71 -210 5 0
-71 -210 6 0
-100 -204 16 0
-100 -201 14 0
-99 -201 14 0
-71 -211 5 0
-58 -226 5 1
-53 -205 6 0
-63 -204 -1 1
-53 -240 2 2
-100 -218 20 0
-100 -217 20 0
-83 -211 16 0
-57 -242 4 1
-57 -243 4 0
-57 -244 4 0
-64 -211 0 2
-86 -202 5 1
-100 -216 24 0
-80 -245 3 0
-80 -238 3 0
-85 -240 3 1
-100 -203 18 0
-85 -239 3 1
-86 -239 2 1
-87 -238 2 1
-83 -236 0 1
-83 -236 1 2
-83 -236 2 1
-89 -217 6 0
-88 -213 4 0
-89 -213 5 0
-89 -212 5 0
-90 -210 6 0
-84 -215 5 0
-84 -216 6 0
-86 -219 5 0
-86 -214 4 0
-84 -213 4 0
-83 -213 4 0
-88 -211 4 0
-85 -216 3 0
-55 -224 10 0
-81 -211 18 0
-79 -210 21 0
-59 -206 7 0
-55 -209 1 1
-72 -203 0 1
-61 -218 5 0
-63 -220 5 0
-64 -221 4 1
-61 -210 4 1
-56 -203 3 1
-54 -216 1 2
-54 -215 1 2
-54 -215 2 2
-54 -215 3 2
-59 -218 10 0
-59 -218 11 0
-87 -244 0 1
-96 -205 5 1
-100 -207 5 1
-98 -207 6 0
-97 -207 6 0
-95 -203 6 0
-99 -205 7 0
-96 -206 6 0
-96 -204 8 0
-88 -205 8 0
-89 -205 5 0
-92 -206 5 0
-88 -205 4 0
-87 -205 4 0
-86 -206 4 0
-95 -203 4 1
-90 -208 3 1
-87 -203 3 0
-89 -205 0 1
-89 -205 1 2
-98 -231 6 0
-98 -225 5 0
-98 -206 9 0
-99 -228 5 0
-98 -229 4 0
-97 -229 4 0
-94 -205 9 0
-100 -232 3 1
-98 -226 2 2
-99 -226 1 1
-99 -226 2 1
-99 -226 3 2
-99 -225 1 1
-99 -225 2 1
-99 -225 3 2
-98 -226 1 1
-98 -226 3 1
-98 -225 1 1
-98 -225 2 2
-98 -225 3 1
-97 -227 1 1
-97 -227 2 2
-97 -227 3 1
-97 -226 1 1
-97 -226 2 2
-97 -226 3 1
-97 -225 1 1
-97 -225 2 2
-97 -225 3 1
-93 -209 1 1
-100 -227 4 1
-99 -230 1 1
-99 -230 2 1
-99 -230 3 1
-94 -209 1 1
-93 -208 5 0
-97 -206 4 2
-97 -206 3 1
-98 -206 3 1
-100 -228 4 1
-100 -226 2 1
-98 -207 5 1
-98 -207 3 1
-99 -206 5 1
-87 -244 1 2
-96 -208 5 1
-94 -208 6 0
-94 -208 5 1
-60 -250 7 0
-82 -207 17 0
-82 -206 17 0
-78 -213 17 0
-77 -214 17 0
-83 -211 17 0
-97 -209 10 0
-77 -204 0 1
-81 -205 3 2
-83 -202 5 0
-59 -217 7 0
-71 -209 7 0
-69 -222 6 0
-70 -222 6 0
-51 -218 9 0
-51 -223 11 0
-51 -219 8 0
-52 -221 8 0
-52 -222 11 0
-53 -220 9 0
-52 -218 8 0
-51 -217 6 0
-51 -219 9 0
-51 -217 10 0
-53 -220 8 0
-53 -216 9 0
-87 -249 9 0
-88 -249 7 0
-88 -249 5 0
-52 -236 4 1
-99 -215 17 0
-100 -214 19 0
-51 -235 3 1
-51 -241 3 1
-57 -237 6 0
-53 -243 7 0
-53 -242 7 0
-87 -211 12 0
-86 -211 11 0
-86 -211 10 0
-84 -210 13 0
-84 -210 12 0
-64 -214 1 2
-69 -212 0 1
-98 -239 5 0
-98 -238 6 0
-99 -239 2 1
-100 -239 7 0
-99 -239 7 0
-98 -239 8 0
-99 -243 7 0
-99 -239 8 0
-96 -239 7 0
-68 -224 4 0
-60 -217 10 0
-59 -217 11 0
-54 -209 8 0
-96 -201 6 0
-61 -247 7 0
-84 -209 18 0
-80 -215 18 0
-81 -212 18 0
-79 -206 19 0
-80 -207 18 0
-99 -216 25 0
-100 -215 25 0
-100 -215 24 0
-99 -217 12 0
-99 -218 13 0
-99 -218 14 0
-85 -212 15 0
-71 -203 6 0
-83 -210 14 0
-73 -216 1 2
-73 -216 2 1
-56 -220 9 0
-56 -220 10 0
-82 -201 5 0
-64 -204 0 2
-64 -204 1 1
-77 -203 7 0
-76 -204 8 0
-56 -207 6 0
-55 -240 6 0
-55 -248 6 0
-58 -243 5 0
-99 -214 21 0
-96 -217 21 0
-81 -242 7 0
-81 -243 7 0
-85 -240 6 0
-86 -240 7 0
-81 -239 5 0
-80 -239 6 0
-79 -238 7 0
-83 -239 4 0
-84 -238 5 0
-84 -237 6 0
-84 -236 6 0
-80 -241 5 0
-81 -207 11 0
-81 -207 10 0
-81 -208 9 0
-81 -208 8 0
-83 -211 11 0
-83 -211 10 0
-82 -210 9 0
-85 -237 1 1
-80 -209 12 0
-79 -207 1 2
-69 -213 10 0
-72 -207 8 0
-69 -208 7 0
-70 -210 11 0
-71 -208 10 0
-70 -212 8 0
-70 -212 9 0
-73 -207 9 0
-71 -213 10 0
-77 -208 7 0
-80 -209 0 1
-77 -210 2 1
-77 -210 1 2
-77 -210 0 1
-77 -211 2 2
-77 -211 1 2
-77 -211 0 1
-77 -212 2 1
-77 -212 1 2
-77 -212 0 1
-62 -220 5 1
-52 -223 3 2
-71 -216 6 0
-66 -219 6 0
-66 -219 5 0
-58 -241 1 1
-53 -242 3 1
-53 -242 2 2
-53 -242 1 1
-52 -228 1 1
-84 -207 3 0
-81 -211 4 0
-73 -233 1 2
-73 -233 0 1
-73 -234 2 1
-73 -234 0 1
-73 -235 2 1
-73 -235 1 1
-76 -210 4 1
-62 -216 5 1
-51 -215 9 0
-52 -213 9 0
-51 -217 8 0
-51 -215 6 0
-54 -212 7 0
-53 -217 0 1
-89 -212 13 0
-88 -210 11 0
-87 -209 12 0
-87 -208 13 0
-87 -212 11 0
-86 -213 12 0
-86 -213 13 0
-89 -210 10 0
-91 -210 12 0
-85 -209 11 0
-84 -209 12 0
-57 -201 6 0
-58 -201 4 0
-100 -221 6 0
-100 -222 7 0
-53 -236 3 1
-53 -235 1 1
-62 -216 0 1
-86 -209 23 0
-89 -217 19 0
-89 -216 19 0
-89 -215 19 0
-89 -214 19 0
-94 -213 19 0
-93 -213 19 0
-81 -210 17 0
-77 -209 8 0
-76 -206 10 0
-53 -206 0 1
-53 -206 1 1
-53 -206 2 1
-53 -205 1 1
-53 -204 0 1
-61 -214 0 1
-61 -213 0 1
-65 -212 -1 1
-65 -211 -1 1
-68 -208 8 0
-64 -209 9 0
-65 -213 9 0
-67 -209 10 0
-67 -210 9 0
-66 -211 11 0
-66 -211 10 0
-58 -243 6 0
-66 -211 9 0
-73 -232 1 2
-93 -203 4 0
-88 -204 4 0
-91 -203 4 0
-89 -202 3 1
-97 -201 7 0
-95 -201 10 0
-95 -201 9 0
-99 -201 2 1
-98 -204 8 0
-97 -202 7 0
-95 -202 8 0
-100 -203 6 1
-99 -201 6 0
-98 -201 2 1
-98 -202 2 1
-98 -201 6 0
-88 -204 9 0
-86 -203 8 0
-88 -203 5 0
-87 -204 5 0
-86 -205 5 0
-90 -206 4 0
-88 -202 5 0
-88 -205 3 0
-98 -201 9 0
-96 -201 1 1
-96 -201 2 2
-96 -201 3 2
-98 -201 8 0
-97 -201 8 0
-95 -201 7 0
-96 -203 10 0
-97 -203 2 1
-97 -201 2 1
-97 -201 1 1
-97 -202 2 1
-97 -202 1 1
-96 -201 4 1
-97 -201 4 2
-97 -201 3 2
-98 -201 5 1
-93 -206 1 1
-93 -206 2 2
-92 -206 1 1
-92 -206 2 2
-92 -206 3 1
-91 -206 1 2
-91 -206 2 2
-91 -206 3 1
-89 -204 0 1
-89 -204 1 2
-89 -204 2 1
-88 -204 0 1
-88 -204 1 2
-88 -204 2 1
-87 -204 0 1
-87 -204 1 2
-87 -204 2 1
-90 -201 4 0
-98 -201 3 1
-100 -205 5 1
-100 -205 4 2
-100 -205 3 1
-86 -203 7 0
-91 -203 5 0
-92 -205 5 0
-88 -204 5 0
-93 -202 5 0
-80 -220 1 1
-80 -220 0 1
-80 -221 2 1
-80 -221 1 2
-80 -221 0 1
-80 -218 0 1
-81 -218 2 1
-81 -218 1 1
-81 -218 0 1
-82 -217 2 1
-82 -217 1 1
-53 -234 7 0
-53 -236 6 1
-89 -249 0 1
-90 -247 2 1
-90 -247 1 2
-90 -247 0 1
-91 -247 2 1
-91 -247 1 2
-60 -214 5 0
-57 -214 1 2
-57 -214 2 1
-57 -214 3 2
-90 -210 7 0
-58 -237 4 1
-58 -237 5 1
-57 -238 3 1
-57 -238 5 1
-57 -237 3 1
-94 -205 4 1
-94 -205 3 2
-94 -205 2 1
-95 -204 3 2
-95 -204 2 1
-95 -205 4 1
-54 -236 4 2
-51 -239 4 0
-52 -239 4 0
-58 -235 4 0
-57 -236 4 0
-51 -235 5 1
-69 -208 3 2
-69 -208 2 1
-74 -209 4 1
-53 -203 4 1
-53 -208 4 0
-51 -202 4 1
-51 -201 4 1
-75 -212 0 1
-75 -212 1 2
-67 -223 2 1
-67 -222 0 1
-67 -222 1 2
-67 -222 2 1
-66 -224 0 1
-66 -224 1 1
-64 -217 0 1
-66 -216 0 1
-69 -218 7 0
-78 -228 3 0
-73 -226 3 0
-72 -225 3 0
-71 -225 3 0
-71 -224 3 0
-77 -225 2 1
-77 -224 2 1
-72 -228 3 0
-55 -214 0 2
-55 -214 1 2
-55 -214 2 1
-54 -216 0 2
-54 -215 0 2
-54 -214 0 2
-54 -214 1 2
-52 -227 10 0
-92 -208 6 0
-92 -208 7 0
-93 -208 7 0
-98 -208 6 0
-97 -208 6 0
-97 -208 7 0
-96 -208 7 0
-92 -212 6 0
-93 -211 7 0
-93 -210 7 0
-83 -239 8 0
-82 -243 6 0
-77 -220 3 0
-77 -218 3 0
-82 -217 3 1
-80 -220 4 0
-76 -220 5 0
-76 -219 4 0
-76 -218 4 0
-81 -218 6 1
-80 -218 5 1
-78 -217 4 0
-73 -218 6 0
-78 -220 6 0
-78 -219 6 0
-77 -219 5 0
-82 -244 7 0
-73 -226 0 1
-73 -227 1 2
-73 -227 0 1
-72 -227 1 2
-78 -227 1 1
-78 -227 0 1
-80 -240 7 0
-84 -240 5 0
-85 -239 5 0
-85 -239 6 0
-85 -238 6 0
-81 -242 5 0
-79 -243 6 0
-87 -243 5 0
-78 -205 0 1
-78 -204 0 1
-78 -203 0 1
-78 -214 6 0
-79 -202 0 2
-81 -202 -1 1
-81 -201 -1 1
-80 -202 -1 1
-79 -202 -1 1
-77 -203 -1 1
-76 -202 -1 1
-78 -202 9 0
-78 -202 10 0
-75 -201 10 0
-77 -203 9 0
-78 -203 10 0
-79 -201 9 0
-77 -205 8 0
-77 -204 10 0
-73 -208 1 2
-73 -208 0 1
-77 -239 1 1
-73 -222 6 0
-73 -223 6 0
-73 -223 5 0
-72 -233 2 1
-72 -232 0 1
-72 -232 2 1
-72 -231 0 1
-72 -231 1 2
-79 -227 0 1
-79 -227 1 2
-77 -227 4 0
-78 -227 4 0
-79 -226 4 0
-73 -228 4 0
-72 -228 4 0
-70 -228 4 0
-75 -228 3 0
-75 -227 3 0
-77 -221 3 0
-76 -222 3 0
-75 -222 3 0
-72 -222 5 0
-72 -224 4 0
-69 -228 6 0
-70 -228 5 0
-71 -227 5 0
-76 -223 6 0
-75 -223 6 0
-75 -224 5 0
-82 -236 3 0
-74 -203 1 2
-58 -239 3 1
-58 -239 4 1
-58 -239 5 1
-79 -213 16 0
-78 -212 15 0
-78 -211 14 0
-75 -208 17 0
-71 -221 4 0
-70 -220 5 0
-75 -222 4 0
-76 -222 4 0
-70 -224 3 0
-63 -222 7 0
-86 -237 2 1
-79 -241 2 1
-78 -241 2 1
-81 -235 0 1
-81 -235 1 2
-81 -235 2 1
-80 -237 0 1
-80 -236 1 2
-72 -215 7 0
-66 -210 6 0
-90 -213 10 0
-61 -219 7 0
-81 -201 4 1
-79 -213 12 0
-64 -219 3 2
-80 -206 3 1
-80 -206 4 1
-80 -205 2 2
-80 -205 3 2
-62 -223 5 1
-80 -205 4 1
-53 -208 8 0
-66 -202 0 2
-66 -202 1 1
-76 -226 3 0
-76 -225 3 0
-74 -231 3 0
-64 -210 8 0
-64 -210 9 0
-56 -213 8 0
-56 -212 4 1
-58 -212 6 0
-64 -218 7 0
-58 -217 1 1
-51 -214 -1 1
-51 -214 0 1
-51 -214 1 1
-54 -218 7 0
-52 -223 8 0
-58 -217 9 0
-53 -219 9 0
-54 -220 8 0
-59 -220 10 0
-54 -224 10 0
-54 -223 9 0
-56 -218 10 0
-57 -223 11 0
-57 -222 10 0
-55 -221 11 0
-55 -221 10 0
-66 -211 1 2
-52 -203 6 0
-61 -209 3 1
-60 -211 3 2
-55 -204 0 2
-71 -206 0 1
-55 -204 1 2
-75 -214 14 0
-81 -210 14 0
-71 -203 3 1
-72 -203 3 1
-74 -202 4 1
-70 -207 5 0
-68 -201 6 0
-69 -201 6 0
-75 -206 4 1
-75 -206 3 2
-76 -202 9 0
-53 -201 0 2
-88 -201 4 1
-65 -218 8 0
-66 -218 8 0
-59 -212 8 0
-56 -215 7 0
-64 -220 6 0
-62 -212 6 0
-62 -211 6 0
-73 -224 4 0
-55 -233 1 2
-52 -234 4 2
-52 -234 3 1
-52 -235 4 2
-58 -235 3 0
-57 -235 3 1
-53 -232 3 1
-53 -233 4 1
-66 -250 5 0
-98 -211 19 0
-52 -226 7 0
-76 -208 6 0
-74 -208 5 0
-76 -209 3 1
-92 -211 17 0
-82 -235 3 0
-73 -223 8 0
-73 -223 7 0
-73 -224 6 0
-74 -227 8 0
-74 -226 7 0
-72 -225 8 0
-72 -225 7 0
-89 -214 5 0
-88 -209 7 0
-62 -209 8 0
-68 -206 8 0
-61 -205 3 0
-65 -209 8 0
-53 -227 10 0
-53 -227 11 0
-90 -214 21 0
-89 -213 20 0
-83 -213 21 0
-88 -208 22 0
-82 -208 22 0
-100 -215 22 0
-66 -203 4 0
-55 -205 6 0
-51 -214 8 0
-98 -221 10 0
-99 -221 10 0
-97 -219 13 0
-97 -219 12 0
-54 -204 7 0
-89 -249 1 2
-89 -249 2 1
-89 -248 0 1
-95 -215 23 0
-95 -210 25 0
-95 -211 24 0
-96 -212 23 0
-53 -202 3 1
-55 -202 3 1
-56 -201 3 1
-55 -201 3 0
-70 -211 10 0
-52 -201 5 0
-54 -204 6 0
-74 -214 12 0
-74 -206 12 0
-74 -207 12 0
-74 -208 12 0
-79 -231 2 1
-78 -233 0 1
-79 -238 6 0
-78 -238 6 0
-78 -239 7 0
-82 -236 5 0
-67 -211 0 1
-67 -211 1 2
-63 -213 0 1
-72 -208 2 1
-59 -221 5 1
-60 -221 5 1
-81 -205 2 2
-66 -216 4 1
-98 -250 0 1
-99 -250 3 1
-99 -248 2 1
-99 -248 1 2
-99 -248 0 1
-99 -249 2 1
-99 -249 1 2
-100 -241 2 1
-100 -241 1 1
-100 -241 0 1
-99 -250 0 1
-100 -248 2 1
-100 -248 1 2
-100 -244 3 0
-100 -244 4 0
-98 -241 3 0
-99 -242 4 0
-100 -242 5 0
-80 -213 16 0
-80 -212 16 0
-58 -246 2 1
-58 -245 1 1
-58 -245 2 2
-58 -245 3 1
-51 -244 1 1
-51 -244 2 1
-51 -244 3 1
-61 -220 7 0
-94 -214 9 0
-93 -214 10 0
-92 -214 10 0
-71 -214 1 2
-82 -212 4 0
-79 -209 5 0
-80 -209 5 0
-81 -209 4 0
-82 -208 3 0
-78 -210 5 0
-79 -211 4 0
-79 -212 3 0
-79 -213 2 1
-79 -208 5 0
-81 -211 0 1
-81 -211 1 2
-81 -211 2 1
-81 -210 0 1
-81 -210 1 2
-51 -232 11 0
-81 -209 0 1
-81 -209 1 2
-81 -209 2 1
-79 -210 4 0
-61 -222 7 0
-51 -230 7 0
-61 -226 8 0
-60 -226 7 0
-52 -226 8 0
-78 -208 0 1
-78 -208 1 2
-58 -221 8 0
-78 -207 0 1
-51 -227 8 0
-51 -226 9 0
-77 -207 0 1
-77 -207 1 1
-76 -209 0 1
-76 -208 0 1
-76 -207 0 1
-76 -207 1 1
-78 -228 5 0
-77 -228 5 0
-77 -229 4 0
-77 -234 6 0
-73 -229 6 0
-74 -229 6 0
-74 -229 5 0
-74 -226 4 0
-100 -213 23 0
-100 -213 24 0
-71 -204 3 1
-80 -208 1 2
-80 -208 2 1
-80 -207 0 1
-80 -207 1 1
-79 -208 0 1
-79 -207 0 1
-80 -223 5 0
-80 -222 5 0
-58 -246 6 0
-59 -248 5 0
-59 -249 5 0
-79 -212 10 0
-80 -213 10 0
-51 -221 9 0
-52 -218 7 0
-60 -202 6 0
-61 -209 5 0
-51 -209 1 1
-52 -208 2 0
-52 -207 3 0
-52 -201 1 1
-53 -202 2 2
-53 -203 2 1
-61 -208 4 0
-64 -219 2 1
-73 -204 5 0
-74 -201 9 0
-56 -208 3 0
-56 -208 -1 1
-56 -212 2 1
-57 -210 6 0
-55 -215 7 0
-55 -211 8 0
-56 -212 7 0
-57 -213 9 0
-76 -231 0 1
-76 -231 1 2
-76 -231 2 1
-53 -233 11 0
-74 -208 7 0
-55 -234 9 0
-85 -212 16 0
-69 -217 5 0
-69 -216 5 0
-99 -242 6 0
-99 -238 6 0
-100 -239 6 0
-97 -240 8 0
-98 -240 7 0
-99 -241 7 0
-100 -241 7 0
-100 -237 8 0
-98 -243 9 0
-99 -242 9 0
-99 -239 10 0
-100 -240 9 0
-51 -235 8 0
-52 -235 7 0
-52 -234 7 0
-56 -230 9 0
-55 -232 7 0
-51 -232 9 0
-57 -233 9 0
-53 -225 5 1
-56 -228 6 1
-55 -226 6 1
-58 -210 1 1
-81 -202 5 0
-100 -230 11 0
-98 -222 12 0
-100 -224 10 0
-94 -208 10 0
-94 -208 11 0
-56 -213 4 1
-57 -211 3 1
-57 -211 4 1
-59 -217 1 1
-87 -207 4 0
-87 -203 5 0
-85 -207 5 0
-85 -206 5 0
-89 -209 7 0
-68 -211 7 0
-59 -223 2 1
-59 -222 0 1
-59 -221 0 1
-53 -231 1 1
-54 -231 3 1
-55 -231 3 1
-55 -233 4 0
-55 -233 5 0
-61 -213 10 0
-61 -215 10 0
-62 -212 10 0
-64 -209 10 0
-61 -210 9 0
-65 -211 10 0
-57 -210 0 2
-57 -210 -1 1
-90 -217 7 0
-80 -214 11 0
-54 -225 5 1
-56 -227 5 1
-54 -225 4 1
-75 -209 8 0
-77 -213 12 0
-77 -212 12 0
-85 -208 19 0
-52 -242 3 1
-70 -215 6 0
-71 -216 7 0
-66 -217 6 0
-58 -242 2 2
-58 -242 3 1
-57 -242 1 1
-57 -242 2 2
-89 -208 11 0
-90 -207 11 0
-64 -208 5 0
-63 -209 5 0
-54 -206 1 1
-63 -211 5 0
-62 -206 4 0
-51 -221 3 2
-66 -214 6 0
-66 -214 7 0
-66 -214 5 1
-65 -214 6 0
-78 -211 16 0
-76 -210 18 0
-76 -210 17 0
-57 -221 2 2
-69 -212 3 2
-62 -214 2 2
-66 -215 3 2
-87 -201 1 2
-97 -218 11 0
-97 -218 12 0
-96 -217 13 0
-84 -214 19 0
-87 -207 19 0
-89 -216 20 0
-57 -235 7 0
-58 -218 5 1
-58 -218 8 0
-56 -220 7 0
-63 -209 2 2
-57 -224 4 2
-52 -208 7 0
-51 -203 5 0
-52 -201 6 0
-57 -207 -1 1
-74 -203 8 0
-74 -203 9 0
-57 -202 -1 1
-97 -224 7 0
-97 -226 7 0
-96 -226 7 0
-95 -226 8 0
-98 -228 6 0
-87 -210 21 0
-98 -229 7 0
-97 -224 6 0
-96 -224 6 0
-95 -224 6 0
-94 -224 6 0
-94 -215 1 1
-99 -223 5 0
-88 -209 21 0
-100 -220 5 1
-94 -216 1 1
-97 -227 5 0
-96 -227 5 0
-95 -228 5 0
-85 -211 16 0
-96 -222 5 0
-70 -220 2 1
-96 -221 5 0
-99 -229 4 0
-93 -216 2 2
-98 -216 3 1
-52 -231 4 1
-94 -213 4 1
-94 -213 3 2
-94 -213 2 1
-91 -219 3 1
-92 -218 4 0
-93 -218 4 0
-98 -216 4 2
-51 -233 6 1
-98 -214 3 1
-98 -215 5 1
-98 -215 4 1
-98 -215 3 1
-100 -213 5 1
-100 -213 4 2
-54 -242 1 1
-78 -206 4 1
-78 -206 3 1
-58 -231 7 0
-86 -210 9 0
-85 -210 8 0
-57 -232 7 0
-82 -212 11 0
-83 -212 11 0
-56 -233 6 0
-83 -211 9 0
-52 -230 7 0
-84 -207 12 0
-96 -209 23 0
-84 -208 11 0
-84 -208 10 0
-86 -211 12 0
-85 -211 11 0
-95 -217 5 0
-85 -210 9 0
-94 -219 6 0
-83 -210 11 0
-83 -210 10 0
-84 -210 9 0
-82 -209 3 0
-85 -210 3 0
-67 -220 4 0
-67 -222 6 0
-68 -221 5 0
-68 -220 4 0
-69 -217 6 0
-70 -220 6 0
-68 -219 6 0
-98 -216 5 1
-97 -217 5 1
-98 -227 7 0
-74 -206 5 0
-96 -210 23 0
-87 -202 4 1
-67 -221 7 0
-67 -223 6 0
-95 -211 22 0
-75 -238 3 0
-95 -217 23 0
-55 -241 3 1
-55 -241 2 2
-56 -206 1 1
-68 -221 7 0
-71 -223 7 0
-67 -224 6 0
-72 -221 5 0
-65 -223 5 0
-68 -226 4 0
-69 -201 2 2
-95 -216 23 0
-61 -243 5 0
-59 -226 10 0
-74 -213 4 1
-55 -222 0 1
-55 -223 0 1
-55 -209 4 0
-69 -222 7 0
-68 -224 6 0
-71 -226 5 0
-66 -223 5 0
-66 -225 2 0
-55 -224 0 1
-56 -222 0 1
-56 -223 0 1
-77 -206 11 0
-53 -225 9 0
-76 -214 11 0
-56 -231 9 0
-72 -201 4 0
-59 -225 10 0
-56 -239 6 0
-56 -238 6 0
-57 -243 7 0
-57 -237 7 0
-77 -231 5 0
-54 -242 9 0
-78 -232 4 0
-55 -242 8 0
-78 -233 4 0
-72 -224 7 0
-69 -225 6 0
-70 -225 3 0
-69 -226 3 0
-69 -227 4 0
-55 -242 7 0
-81 -236 4 0
-75 -236 6 0
-76 -236 5 0
-68 -223 6 0
-77 -235 4 0
-70 -223 6 0
-67 -224 4 0
-74 -221 3 0
-81 -231 6 0
-80 -232 5 0
-62 -215 7 0
-62 -215 5 1
-57 -221 1 1
-57 -222 1 1
-72 -220 5 0
-76 -209 13 0
-69 -220 3 0
-76 -209 14 0
-73 -212 9 0
-69 -213 9 0
-73 -211 6 0
-60 -204 5 0
-86 -244 6 0
-75 -212 6 0
-73 -213 5 0
-80 -210 15 0
-74 -209 14 0
-65 -218 0 1
-84 -236 1 2
-79 -236 0 1
-99 -221 14 0
-100 -219 12 0
-100 -219 13 0
-100 -218 14 0
-99 -222 11 0
-73 -216 3 0
-72 -217 3 0
-72 -218 6 0
-74 -212 7 0
-73 -219 2 1
-74 -218 1 1
-67 -221 0 1
-67 -221 1 2
-67 -221 2 1
-65 -206 6 0
-62 -207 2 1
-70 -209 2 1
-52 -240 7 0
-53 -237 7 0
-77 -237 1 2
-77 -237 0 1
-96 -215 10 0
-100 -214 13 0
-99 -215 11 0
-98 -215 10 0
-95 -217 13 0
-96 -217 12 0
-96 -216 11 0
-97 -212 13 0
-97 -213 12 0
-99 -216 14 0
-96 -215 14 0
-96 -215 13 0
-96 -215 12 0
-97 -215 4 1
-97 -216 5 1
-97 -216 6 0
-99 -217 5 1
-99 -217 6 0
-95 -218 5 0
-97 -217 7 0
-58 -210 3 1
-98 -225 9 0
-99 -225 9 0
-100 -225 9 0
-99 -221 9 0
-100 -222 9 0
-98 -228 10 0
-99 -227 10 0
-100 -226 10 0
-97 -223 11 0
-98 -224 11 0
-99 -224 10 0
-100 -220 12 0
-65 -219 7 0
-85 -207 0 1
-85 -207 2 1
-86 -206 7 0
-86 -208 4 0
-84 -206 4 0
-88 -208 4 0
-89 -209 4 0
-90 -210 4 0
-85 -207 3 0
-87 -207 3 0
-87 -208 3 0
-87 -209 3 0
-87 -210 3 0
-87 -211 2 1
-84 -207 2 1
-97 -234 4 0
-100 -250 7 0
-98 -249 11 0
-99 -249 8 0
-99 -249 7 0
-95 -233 4 0
-93 -232 3 0
-96 -233 3 0
-95 -232 5 0
-94 -230 6 0
-96 -234 4 0
-94 -233 5 0
-93 -233 5 0
-55 -242 2 1
-51 -224 5 1
-82 -206 2 1
-73 -211 3 2
-66 -213 0 1
-67 -213 1 1
-67 -213 0 1
-63 -216 0 1
-63 -217 0 1
-81 -211 15 0
-82 -212 14 0
-83 -213 14 0
-79 -208 14 0
-79 -207 14 0
-77 -214 13 0
-65 -216 1 2
-87 -214 21 0
-62 -212 3 2
-87 -216 22 0
-75 -215 8 0
-83 -211 19 0
-83 -211 20 0
-84 -212 21 0
-84 -212 22 0
-55 -245 3 1
-55 -245 2 2
-63 -220 3 2
-63 -220 4 1
-63 -219 2 1
-55 -221 6 0
-55 -221 7 0
-73 -206 3 2
-77 -203 4 1
-81 -211 23 0
-81 -211 22 0
-82 -211 21 0
-91 -237 1 1
-91 -237 0 1
-93 -232 2 1
-93 -232 1 2
-93 -232 0 1
-93 -233 2 1
-93 -233 1 1
-93 -233 0 1
-92 -238 2 1
-92 -238 1 2
-92 -238 0 1
-93 -238 2 1
-93 -238 1 2
-93 -238 0 1
-94 -238 2 1
-94 -238 1 2
-94 -238 0 1
-89 -237 3 0
-89 -235 3 0
-94 -234 3 0
-93 -234 3 0
-92 -234 3 0
-91 -234 3 0
-87 -235 3 0
-92 -238 4 0
-90 -236 3 0
-84 -233 4 0
-93 -232 4 0
-92 -232 4 0
-92 -233 4 0
-91 -233 4 0
-90 -234 3 0
-88 -238 4 0
-88 -237 4 0
-93 -236 5 0
-92 -235 4 0
-91 -235 4 0
-86 -235 5 0
-91 -230 6 0
-91 -231 5 0
-90 -238 6 0
-90 -237 6 0
-90 -236 5 0
-89 -236 4 0
-86 -232 7 0
-92 -234 6 0
-90 -234 5 0
-88 -246 2 1
-94 -248 0 1
-94 -248 1 1
-94 -248 2 1
-93 -248 0 1
-93 -248 1 2
-55 -219 11 0
-51 -220 10 0
-55 -217 8 0
-51 -216 9 0
-86 -248 0 1
-86 -248 1 2
-86 -248 2 1
-85 -250 0 1
-85 -250 1 1
-85 -250 2 1
-85 -249 0 1
-74 -233 0 1
-90 -248 6 0
-91 -248 7 0
-92 -248 8 0
-87 -248 6 0
-56 -223 8 0
-53 -217 10 0
-53 -217 11 0
-55 -218 10 0
-54 -216 9 0
-52 -220 10 0
-74 -210 10 0
-78 -210 13 0
-73 -213 13 0
-73 -212 13 0
-74 -211 11 0
-74 -208 14 0
-74 -208 13 0
-52 -225 6 1
-100 -224 7 0
-100 -224 8 0
-76 -211 12 0
-75 -211 10 0
-97 -212 22 0
-76 -237 0 1
-76 -237 1 2
-83 -233 0 1
-83 -233 1 1
-82 -233 0 1
-82 -233 1 2
-77 -233 0 1
-77 -233 1 2
-53 -219 3 1
-53 -220 5 1
-53 -220 4 1
-53 -220 3 2
-51 -220 8 0
-57 -226 8 0
-69 -210 11 0
-72 -212 11 0
-55 -221 9 0
-54 -222 8 0
-70 -208 9 0
-70 -208 10 0
-56 -224 10 0
-55 -224 9 0
-55 -224 8 0
-51 -227 10 0
-52 -222 10 0
-52 -222 9 0
-52 -223 9 0
-54 -226 11 0
-54 -225 10 0
-51 -224 11 0
-52 -224 10 0
-92 -232 1 1
-75 -214 9 0
-80 -211 9 0
-79 -210 9 0
-78 -210 9 0
-77 -210 9 0
-75 -205 10 0
-75 -206 10 0
-75 -209 10 0
-51 -207 5 0
-52 -206 8 0
-56 -207 7 0
-55 -204 6 0
-55 -204 7 0
-76 -202 2 1
-83 -207 5 0
-83 -209 4 0
-84 -206 7 0
-83 -208 2 1
-83 -208 1 2
-83 -208 0 1
-87 -211 1 2
-87 -211 0 1
-82 -205 1 2
-82 -205 0 1
-82 -206 1 2
-82 -206 0 1
-82 -207 0 1
-82 -212 2 1
-82 -212 1 2
-82 -212 0 1
-83 -212 2 1
-83 -212 1 1
-83 -212 0 1
-84 -212 2 1
-84 -212 1 2
-84 -212 0 1
-83 -202 1 1
-83 -202 0 1
-83 -203 1 2
-83 -203 0 1
-88 -211 2 1
-88 -211 1 2
-88 -211 0 1
-89 -211 2 2
-55 -242 1 1
-56 -240 3 1
-56 -240 1 1
-67 -206 9 0
-69 -206 6 0
-69 -207 8 0
-70 -207 9 0
-66 -214 4 1
-95 -213 19 0
-80 -212 8 0
-78 -209 8 0
-78 -212 10 0
-60 -219 7 0
-59 -219 6 0
-59 -219 7 0
-72 -207 3 2
-72 -210 3 2
-96 -207 7 0
-74 -209 11 0
-56 -203 0 2
-97 -221 1 1
-99 -221 7 0
-95 -220 7 0
-94 -219 8 0
-95 -221 6 0
-94 -222 7 0
-93 -222 7 0
-96 -220 5 0
-95 -217 6 0
-100 -219 6 0
-94 -220 5 0
-99 -224 3 2
-99 -224 4 1
-99 -223 2 1
-99 -223 3 1
-99 -223 4 1
-99 -222 2 1
-99 -222 3 2
-99 -222 4 1
-99 -231 3 1
-98 -224 1 1
-98 -224 2 2
-98 -224 3 2
-97 -215 14 0
-94 -250 5 0
-91 -217 19 0
-70 -210 10 0
-92 -214 19 0
-82 -225 3 0
-81 -228 2 1
-84 -232 1 1
-74 -237 0 1
-74 -237 1 1
-74 -237 2 1
-80 -237 7 0
-81 -209 8 0
-82 -209 8 0
-82 -209 9 0
-83 -209 10 0
-93 -202 2 2
-93 -202 3 1
-93 -201 1 1
-93 -201 2 2
-93 -201 3 1
-92 -202 5 0
-91 -201 5 0
-91 -201 4 0
-92 -201 10 0
-89 -201 8 0
-87 -201 9 0
-87 -202 9 0
-95 -202 9 0
-89 -205 8 0
-94 -204 7 0
-89 -202 7 0
-54 -216 4 2
-76 -201 3 1
-67 -207 2 1
-60 -219 6 0
-67 -206 0 1
-52 -242 6 0
-60 -241 6 0
-59 -241 6 0
-52 -245 8 0
-57 -241 7 0
-57 -247 8 0
-59 -243 9 0
-59 -243 8 0
-58 -243 7 0
-54 -214 10 0
-56 -218 11 0
-68 -211 1 1
-68 -211 0 1
-97 -218 2 1
-99 -213 10 0
-98 -207 10 0
-100 -210 10 0
-99 -210 9 0
-89 -211 5 0
-89 -211 6 0
-80 -216 7 1
-75 -219 7 0
-55 -245 5 0
-54 -244 5 0
-51 -212 -1 1
-51 -211 0 2
-89 -241 3 0
-88 -242 3 0
-54 -231 5 0
-52 -232 6 1
-56 -223 3 1
-56 -223 4 1
-80 -201 4 1
-80 -201 3 2
-95 -207 7 0
-97 -222 6 0
-97 -222 7 0
-97 -210 8 0
-94 -210 8 0
-95 -224 10 0
-96 -223 10 0
-75 -218 7 0
-75 -217 6 0
-78 -217 8 0
-77 -217 7 0
-77 -216 6 0
-75 -216 8 0
-78 -219 4 0
-80 -217 6 1
-77 -219 7 0
-79 -214 7 0
-75 -216 5 0
-77 -216 8 0
-77 -216 7 0
-56 -215 11 0
-59 -220 4 1
-51 -245 3 1
-60 -207 0 2
-96 -214 22 0
-91 -210 21 0
-85 -204 5 0
-100 -237 6 0
-99 -236 6 0
-100 -240 6 0
-52 -202 5 0
-100 -210 9 0
-94 -245 3 0
-94 -245 4 0
-95 -248 2 1
-94 -245 0 1
-69 -215 9 0
-62 -209 3 1
-59 -201 3 1
-71 -215 4 1
-58 -221 6 0
-57 -220 6 0
-69 -211 2 1
-55 -218 7 0
-71 -201 4 0
-82 -203 5 0
-72 -216 2 1
-67 -220 0 1
-67 -220 1 2
-67 -220 2 1
-78 -225 4 0
-78 -226 4 0
-77 -226 4 0
-72 -223 5 0
-73 -225 4 0
-73 -226 4 0
-70 -229 6 0
-71 -229 5 0
-72 -228 5 0
-76 -224 6 0
-76 -225 5 0
-75 -225 5 0
-75 -226 4 0
-88 -211 7 0
-56 -237 5 1
-53 -244 4 0
-52 -245 4 0
-60 -242 4 0
-79 -211 10 0
-58 -219 4 2
-95 -233 9 0
-95 -233 8 0
-95 -233 7 0
-89 -216 6 0
-96 -234 2 1
-96 -234 1 1
-96 -234 0 1
-96 -235 3 0
-89 -218 3 1
-90 -217 0 1
-89 -217 3 1
-86 -215 2 1
-86 -215 1 1
-86 -215 0 1
-92 -201 7 0
-92 -202 7 0
-94 -214 7 0
-94 -215 7 0
-93 -215 6 0
-64 -220 0 1
-64 -220 1 2
-64 -219 0 1
-64 -218 0 1
-69 -215 0 1
-82 -210 8 0
-53 -219 4 2
-53 -219 5 1
-67 -249 0 1
-67 -250 1 1
-54 -224 1 1
-51 -210 1 1
-51 -211 2 0
-53 -248 4 0
-55 -243 4 0
-54 -242 4 0
-56 -212 0 2
-56 -212 1 1
-55 -214 -1 1
-55 -213 -1 1
-55 -213 0 1
-55 -213 1 2
-55 -212 -1 1
-55 -212 0 2
-55 -214 8 0
-55 -214 9 0
-56 -212 9 0
-54 -217 9 0
-55 -214 7 0
-54 -213 7 0
-54 -213 8 0
-53 -216 7 0
-52 -216 8 0
-55 -211 7 0
-53 -214 6 0
-54 -215 5 1
-53 -213 2 2
-59 -219 0 1
-59 -218 0 1
-59 -217 0 1
-94 -211 9 0
-95 -212 9 0
-80 -231 6 0
-100 -214 9 0
-93 -217 9 0
-93 -216 9 0
-94 -215 9 0
-97 -209 9 0
-97 -210 9 0
-97 -211 9 0
-96 -212 9 0
-92 -212 10 0
-93 -213 10 0
-93 -213 9 0
-94 -213 9 0
-57 -226 0 1
-58 -225 1 1
-58 -226 2 1
-58 -226 0 1
-70 -214 9 0
-70 -214 8 0
-68 -213 9 0
-68 -213 8 0
-58 -226 1 2
-57 -228 3 0
-74 -215 7 0
-59 -219 5 1
-54 -236 8 0
-54 -235 9 0
-54 -235 10 0
-53 -239 8 0
-80 -201 -1 1
-68 -212 2 1
-60 -203 5 0
-51 -231 2 1
-71 -212 5 0
-73 -211 11 0
-84 -204 6 0
-82 -204 8 0
-82 -203 8 0
-81 -203 7 0
-82 -202 10 0
-85 -243 2 1
-85 -244 2 1
-85 -244 1 2
-85 -244 0 1
-81 -203 10 0
-78 -201 10 0
-78 -201 9 0
-79 -201 8 0
-81 -206 6 0
-80 -203 7 0
-78 -201 8 0
-79 -204 10 0
-76 -202 10 0
-77 -202 9 0
-77 -202 8 0
-80 -205 8 0
-80 -205 7 0
-77 -206 8 0
-74 -202 8 0
-80 -203 9 0
-79 -203 8 0
-76 -201 10 0
-76 -201 9 0
-78 -205 10 0
-77 -204 7 0
-86 -213 2 1
-85 -213 0 1
-85 -213 1 2
-85 -213 2 1
-80 -206 0 1
-80 -205 0 1
-80 -204 0 1
-79 -213 0 1
-79 -213 1 2
-79 -212 0 1
-79 -212 1 2
-79 -212 2 1
-80 -203 3 2
-80 -203 2 2
-73 -214 3 1
-75 -212 4 0
-73 -212 5 0
-73 -216 5 0
-72 -214 5 0
-74 -213 7 0
-72 -212 6 0
-72 -209 7 0
-71 -215 7 0
-71 -214 7 0
-67 -210 8 0
-95 -211 6 0
-95 -211 7 0
-51 -214 5 0
-63 -220 2 1
-73 -203 9 0
-69 -207 3 2
-69 -207 4 1
-74 -212 2 2
-60 -245 6 0
-59 -246 5 0
-55 -234 10 0
-56 -234 10 0
-54 -232 7 0
-54 -231 8 0
-54 -231 9 0
-54 -230 10 0
-53 -234 8 0
-52 -235 10 0
-95 -207 12 0
-88 -220 5 0
-96 -233 6 0
-96 -228 5 0
-94 -228 5 0
-98 -249 6 0
-97 -249 6 0
-96 -248 6 0
-91 -219 4 0
-96 -247 5 0
-100 -249 6 0
-96 -229 4 0
-95 -229 4 0
-94 -229 3 0
-93 -229 3 0
-98 -228 4 0
-97 -231 3 0
-96 -231 3 0
-99 -249 5 0
-98 -248 5 0
-98 -247 4 0
-89 -218 1 2
-98 -246 4 0
-94 -226 2 2
-93 -228 0 1
-93 -228 1 1
-88 -219 0 1
-96 -250 4 0
-96 -249 3 0
-93 -227 1 1
-100 -247 1 2
-93 -226 0 1
-55 -215 5 1
-58 -213 6 0
-61 -212 8 0
-57 -214 7 0
-59 -213 9 0
-68 -205 3 1
-67 -205 3 1
-67 -212 5 1
-60 -205 4 0
-63 -208 5 0
-57 -208 6 0
-72 -212 3 2
-72 -212 4 1
-72 -211 2 1
-72 -211 3 2
-70 -210 4 1
-70 -210 3 2
-70 -210 2 1
-61 -217 2 1
-53 -213 4 0
-53 -215 5 1
-53 -212 6 0
-51 -217 7 0
-59 -240 2 1
-54 -241 1 1
-69 -207 0 1
-79 -204 6 0
-59 -216 7 0
-58 -216 7 0
-53 -220 7 0
-53 -219 6 0
-61 -220 1 1
-79 -207 4 1
-66 -210 2 2
-66 -210 3 2
-66 -210 4 1
-61 -204 7 0
-62 -205 7 0
-70 -216 6 0
-63 -213 8 0
-79 -209 18 0
-79 -209 17 0
-80 -212 20 0
-80 -211 19 0
-51 -236 5 1
-82 -242 0 1
-83 -242 2 1
-60 -223 0 1
-56 -225 0 1
-56 -226 0 1
-58 -224 0 1
-56 -222 8 0
-58 -233 0 1
-58 -233 1 1
-58 -233 2 1
-58 -232 0 1
-58 -232 1 1
-52 -216 5 1
-56 -218 1 1
-60 -220 8 0
-54 -216 6 0
-77 -238 5 0
-86 -238 5 0
-86 -234 4 0
-78 -239 3 0
-83 -237 3 0
-88 -214 20 0
-88 -215 20 0
-92 -237 6 0
-91 -237 5 0
-89 -236 8 0
-90 -236 7 0
-80 -222 6 0
-80 -223 6 0
-80 -216 5 2
-80 -217 5 1
-82 -221 5 0
-90 -239 1 1
-90 -239 0 1
-91 -239 2 1
-91 -239 1 2
-97 -223 3 1
-97 -223 2 1
-69 -201 4 0
-98 -223 1 1
-98 -230 3 1
-61 -218 4 1
-64 -220 2 2
-59 -224 8 0
-59 -224 9 0
-52 -230 2 1
-51 -230 1 1
-51 -230 2 2
-58 -230 0 1
-58 -230 1 1
-58 -230 2 1
-57 -230 0 1
-57 -230 1 2
-57 -230 2 1
-72 -206 8 0
-55 -211 5 0
-68 -209 2 1
-68 -209 3 2
-60 -216 8 0
-51 -208 3 0
-53 -219 7 0
-68 -207 3 1
-79 -208 12 0
-71 -211 10 0
-72 -209 8 0
-56 -229 2 1
-91 -246 0 1
-91 -246 1 2
-59 -223 7 0
-79 -205 2 1
-54 -228 6 1
-52 -228 6 1
-58 -223 7 0
-85 -202 7 0
-70 -211 3 2
-70 -207 0 1
-71 -207 1 2
-71 -207 0 1
-83 -201 4 1
-83 -201 3 2
-100 -225 10 0
-68 -209 5 0
-64 -219 4 1
-63 -206 0 2
-70 -211 5 0
-65 -213 8 0
-55 -205 3 1
-64 -214 5 1
-84 -213 21 0
-56 -219 8 0
-91 -250 3 0
-90 -249 2 1
-90 -248 2 1
-96 -250 0 1
-96 -250 1 2
-96 -250 2 1
-95 -250 0 1
-95 -250 1 2
-95 -250 2 1
-94 -250 0 1
-94 -250 1 2
-94 -250 2 1
-92 -213 19 0
-76 -210 0 1
-57 -208 3 0
-87 -246 1 2
-91 -203 1 2
-99 -202 5 1
-98 -206 6 0
-97 -205 6 0
-53 -228 8 0
-58 -229 10 0
-99 -228 4 1
-65 -201 7 0
-66 -201 6 0
-72 -202 7 0
-98 -221 2 1
-98 -222 4 1
-64 -215 10 0
-64 -211 8 0
-63 -210 9 0
-68 -208 9 0
-71 -213 0 1
-63 -212 0 1
-63 -212 -1 1
-64 -212 -1 1
-65 -210 -1 1
-74 -228 5 0
-73 -228 6 0
-72 -228 6 0
-65 -212 11 0
-68 -213 11 0
-66 -209 10 0
-64 -214 10 0
-67 -214 8 0
-65 -209 7 0
-71 -231 5 0
-80 -231 5 0
-74 -227 4 0
-73 -225 5 0
-74 -234 5 0
-78 -228 4 0
-79 -228 4 0
-80 -227 4 0
-73 -229 4 0
-72 -229 4 0
-71 -228 4 0
-76 -228 3 0
-76 -227 3 0
-100 -220 10 0
-99 -218 11 0
-99 -227 11 0
-51 -208 2 0
-51 -209 2 0
-99 -222 10 0
-98 -222 10 0
-97 -221 10 0
-96 -221 10 0
-53 -210 -1 1
-53 -210 0 2
-90 -213 24 0
-82 -207 18 0
-81 -208 18 0
-78 -209 19 0
-100 -223 9 0
-99 -223 9 0
-98 -224 9 0
-97 -225 9 0
-100 -221 9 0
-99 -220 9 0
-98 -219 9 0
-97 -219 9 0
-79 -211 18 0
-51 -235 2 2
-51 -235 1 1
-98 -222 3 1
-98 -222 2 1
-98 -223 4 1
-98 -223 3 2
-98 -223 2 2
-99 -221 4 1
-99 -221 3 2
-99 -221 2 1
-100 -221 2 1
-94 -221 7 0
-95 -226 4 0
-96 -226 4 0
-97 -226 4 0
-97 -215 6 0
-100 -214 6 1
-94 -218 5 0
-93 -218 5 0
-92 -219 5 0
-74 -217 7 0
-72 -217 4 0
-71 -218 6 0
-73 -219 5 0
-74 -218 3 0
-75 -219 3 0
-75 -220 3 0
-76 -216 3 0
-77 -219 0 1
-77 -219 1 2
-77 -219 2 1
-76 -219 0 1
-79 -201 7 0
-80 -201 8 0
-76 -201 6 0
-89 -202 9 0
-88 -202 10 0
-70 -201 4 0
-93 -201 7 0
-86 -203 6 0
-52 -227 5 2
-64 -205 2 0
-92 -201 5 0
-88 -202 0 1
-88 -202 1 2
-88 -202 2 1
-87 -202 0 1
-87 -202 1 2
-86 -202 0 1
-86 -202 1 2
-100 -208 6 1
-100 -209 6 1
-100 -212 7 1
-100 -208 8 0
-88 -203 10 0
-86 -202 8 0
-89 -205 7 0
-99 -204 9 0
-87 -203 6 0
-92 -202 4 0
-88 -204 3 0
-97 -205 11 0
-92 -205 1 1
-92 -205 2 2
-91 -205 1 2
-91 -205 2 2
-91 -205 3 1
-89 -203 0 1
-89 -203 1 2
-89 -203 2 1
-89 -202 0 1
-89 -202 1 2
-89 -202 2 1
-88 -203 0 1
-88 -203 1 2
-88 -203 2 1
-87 -203 0 1
-87 -203 1 2
-87 -203 2 1
-97 -205 10 0
-100 -211 7 1
-99 -203 9 0
-100 -207 10 0
-98 -209 11 0
-97 -209 12 0
-98 -205 6 0
-97 -203 1 1
-99 -205 6 0
-99 -204 6 0
-99 -203 6 0
-95 -202 10 0
-100 -203 7 0
-98 -203 9 0
-95 -228 9 0
-90 -226 2 1
-90 -226 1 1
-93 -230 0 1
-94 -232 3 0
-93 -229 4 0
-95 -231 4 0
-92 -231 5 0
-93 -231 5 0
-94 -229 5 0
-95 -230 5 0
-91 -233 7 0
-92 -233 6 0
-92 -211 24 0
-96 -215 22 0
-96 -215 23 0
-88 -226 4 0
-87 -226 4 0
-86 -227 4 0
-83 -232 5 0
-84 -230 4 0
-84 -229 4 0
-89 -230 5 0
-88 -229 5 0
-57 -234 4 0
-56 -235 5 1
-51 -234 5 1
-62 -216 4 1
-61 -216 2 1
-60 -216 2 1
-59 -216 2 2
-64 -215 2 2
-60 -250 8 0
-61 -250 9 0
-65 -219 2 1
-65 -220 4 1
-65 -220 3 1
-75 -208 3 2
-56 -217 1 2
-56 -216 1 1
-56 -215 1 2
-56 -215 2 1
-56 -215 3 2
-55 -217 1 1
-55 -216 1 2
-55 -215 1 2
-88 -213 20 0
-82 -208 20 0
-91 -213 7 0
-89 -212 8 0
-91 -207 7 0
-57 -227 2 1
-57 -237 4 1
-54 -240 5 0
-60 -241 4 0
-51 -244 5 0
-56 -236 5 1
-61 -219 6 0
-57 -221 3 2
-68 -212 10 0
-52 -229 8 0
-75 -210 7 0
-62 -211 8 0
-57 -213 8 0
-60 -213 8 0
-58 -215 10 0
-94 -214 19 0
-95 -209 19 0
-57 -202 5 0
-80 -201 5 0
-53 -210 5 0
-92 -218 19 0
-92 -217 19 0
-92 -216 19 0
-89 -209 19 0
-97 -213 20 0
-77 -211 8 0
-78 -211 6 0
-96 -213 20 0
-88 -216 20 0
-93 -208 20 0
-93 -209 20 0
-93 -210 20 0
-57 -223 1 1
-57 -223 2 2
-56 -223 1 2
-56 -223 2 2
-53 -229 2 2
-53 -229 3 1
-54 -231 4 1
-53 -230 11 0
-55 -231 8 0
-55 -231 9 0
-56 -231 10 0
-65 -217 3 2
-70 -213 4 1
-75 -229 3 0
-73 -228 3 0
-74 -203 6 0
-75 -203 6 0
-94 -211 6 0
-88 -216 7 0
-89 -215 7 0
-89 -214 8 0
-89 -213 8 0
-89 -208 8 0
-90 -217 8 0
-90 -216 9 0
-90 -215 9 0
-97 -218 5 1
-97 -219 5 0
-97 -220 5 0
-90 -228 2 1
-90 -228 1 1
-90 -228 0 1
-90 -229 2 1
-90 -229 1 1
-90 -229 0 1
-89 -234 2 1
-89 -234 1 2
-89 -234 0 1
-90 -234 2 1
-90 -234 1 2
-90 -234 0 1
-72 -225 6 0
-77 -225 1 2
-71 -229 1 2
-71 -229 0 1
-61 -216 10 0
-61 -216 11 0
-63 -217 11 0
-62 -213 10 0
-60 -215 8 0
-59 -214 9 0
-59 -212 4 1
-59 -212 3 2
-84 -207 17 0
-88 -214 17 0
-87 -213 18 0
-72 -207 2 1
-89 -247 1 2
-83 -208 8 0
-54 -236 6 1
-73 -215 0 1
-74 -213 2 1
-52 -227 1 1
-53 -234 9 0
-70 -206 6 0
-54 -213 3 1
-56 -213 2 1
-51 -204 1 1
-51 -204 0 2
-51 -204 -1 1
-51 -205 1 1
-51 -205 0 2
-51 -209 3 0
-53 -205 3 0
-53 -204 3 1
-71 -209 8 0
-71 -209 9 0
-96 -223 11 0
-99 -226 14 0
-100 -226 13 0
-100 -224 15 0
-99 -221 5 0
-98 -223 6 0
-98 -223 7 0
-98 -226 7 0
-95 -223 8 0
-96 -223 9 0
-54 -226 5 2
-54 -226 4 2
-54 -227 6 1
-54 -227 5 2
-74 -219 5 0
-73 -217 5 0
-72 -219 7 0
-68 -204 2 1
-71 -202 7 0
-67 -203 1 1
-51 -225 5 1
-63 -202 6 0
-64 -203 6 0
-73 -221 3 0
-72 -221 6 0
-72 -218 7 0
-98 -244 7 0
-97 -244 7 0
-96 -244 7 0
-59 -222 2 1
-71 -219 3 0
-71 -220 3 0
-66 -221 3 0
-67 -221 3 0
-97 -248 6 0
-68 -221 3 0
-75 -219 4 0
-74 -220 4 0
-70 -224 4 0
-100 -243 6 0
-99 -243 6 0
-98 -242 6 0
-98 -241 6 0
-69 -218 4 1
-70 -220 3 0
-75 -223 5 0
-67 -223 5 0
-69 -222 4 0
-98 -245 5 0
-72 -204 3 1
-88 -241 0 1
-53 -222 11 0
-54 -222 10 0
-52 -218 5 1
-52 -218 4 1
-52 -218 3 2
-53 -218 5 1
-62 -212 11 0
-63 -210 10 0
-54 -218 5 1
-54 -218 4 1
-54 -218 3 1
-54 -219 4 1
-54 -219 3 2
-100 -227 9 0
-96 -225 10 0
-97 -225 10 0
-98 -224 10 0
-97 -221 11 0
-87 -247 3 0
-68 -250 4 0
-64 -217 2 1
-77 -203 6 0
-85 -210 15 0
-83 -213 16 0
-84 -214 14 0
-83 -209 15 0
-91 -243 2 1
-91 -243 1 2
-91 -243 0 1
-57 -248 8 0
-93 -215 23 0
-94 -214 23 0
-78 -209 13 0
-82 -213 12 0
-81 -212 12 0
-78 -210 12 0
-63 -218 2 2
-61 -209 0 2
-55 -220 7 0
-56 -222 6 0
-88 -211 16 0
-73 -227 6 0
-73 -223 4 0
-73 -222 5 0
-74 -221 5 0
-74 -220 6 0
-70 -225 5 0
-86 -203 4 1
-57 -205 4 0
-56 -204 5 0
-57 -239 5 1
-56 -239 4 2
-52 -243 4 1
-57 -203 2 2
-56 -205 2 1
-56 -204 2 2
-56 -237 0 1
-57 -235 2 1
-57 -235 0 1
-57 -236 0 1
-57 -237 0 1
-74 -211 3 1
-74 -211 2 1
-74 -212 4 1
-74 -212 3 1
-79 -210 7 0
-80 -208 9 0
-79 -227 2 1
-79 -228 2 1
-73 -227 2 1
-51 -214 3 1
-51 -212 3 1
-51 -211 3 0
-85 -210 17 0
-86 -215 15 0
-53 -221 2 1
-54 -220 6 0
-74 -214 5 0
-79 -212 19 0
-72 -203 4 0
-61 -223 2 1
-79 -209 11 0
-55 -219 4 1
-55 -219 3 2
-55 -219 2 1
-56 -219 2 1
-98 -213 25 0
-99 -213 22 0
-83 -209 13 0
-82 -210 14 0
-92 -220 6 0
-93 -220 6 0
-86 -211 15 0
-55 -245 4 0
-88 -212 16 0
-75 -201 2 1
-64 -213 6 0
-64 -221 3 1
-53 -237 6 1
-59 -235 7 0
-58 -235 6 0
-57 -236 6 0
-56 -236 6 0
-73 -215 1 2
-52 -233 7 0
-64 -206 1 1
-57 -211 1 1
-57 -211 0 2
-64 -212 10 0
-64 -212 11 0
-62 -210 9 0
-80 -201 6 0
-67 -212 7 0
-92 -213 21 0
-56 -243 7 0
-52 -239 8 0
-100 -217 24 0
-55 -206 0 2
-72 -207 1 1
-72 -207 0 1
-66 -205 2 1
-66 -205 1 1
-66 -205 0 2
-53 -246 4 0
-53 -247 4 0
-62 -244 4 0
-56 -243 4 0
-55 -242 4 0
-54 -241 4 0
-53 -240 3 1
-56 -205 3 1
-61 -213 7 0
-64 -212 9 0
-63 -220 9 0
-90 -210 1 1
-90 -210 0 1
-86 -212 2 1
-86 -209 3 0
-86 -208 3 0
-85 -205 3 0
-84 -205 3 1
-82 -210 3 0
-84 -208 3 0
-87 -209 4 0
-83 -206 4 0
-85 -211 4 0
-85 -210 4 0
-84 -208 5 0
-87 -211 6 0
-83 -205 6 0
-85 -208 6 0
-86 -204 8 0
-87 -208 6 0
-61 -220 4 2
-82 -245 6 0
-81 -245 6 0
-56 -215 10 0
-100 -238 10 0
-100 -238 9 0
-57 -212 10 0
-55 -217 10 0
-55 -213 9 0
-83 -204 1 2
-83 -204 0 1
-83 -205 1 2
-83 -205 0 1
-83 -206 1 2
-70 -209 8 0
-72 -213 8 0
-71 -212 8 0
-69 -211 10 0
-72 -218 4 0
-75 -217 3 0
-75 -218 3 0
-76 -219 3 0
-74 -233 4 0
-76 -218 0 1
-76 -218 1 2
-71 -211 0 1
-71 -211 1 1
-75 -218 0 1
-75 -218 1 2
-75 -221 2 1
-75 -220 2 1
-66 -215 1 2
-64 -215 1 2
-64 -221 1 1
-64 -213 1 2
-65 -216 0 1
-64 -216 0 1
-68 -214 0 1
-67 -214 0 1
-83 -248 2 1
-86 -246 3 0
-61 -213 6 0
-64 -206 4 0
-63 -206 4 0
-63 -206 5 0
-51 -223 3 2
-74 -201 6 0
-65 -249 2 1
-71 -212 2 1
-72 -224 1 2
-72 -224 0 1
-73 -228 7 0
-73 -228 8 0
-61 -249 4 0
-61 -250 4 0
-60 -212 4 1
-63 -206 6 0
-64 -208 8 0
-65 -218 4 1
-65 -218 3 2
-65 -218 2 2
-65 -249 5 0
-64 -250 5 0
-86 -202 2 1
-59 -247 6 0
-59 -248 6 0
-60 -249 5 0
-60 -250 5 0
-70 -204 2 1
-72 -206 1 1
-51 -206 -1 1
-84 -211 21 0
-75 -211 13 0
-78 -207 14 0
-78 -208 13 0
-77 -209 13 0
-67 -219 4 1
-72 -214 4 1
-70 -214 5 1
-69 -214 5 1
-70 -218 5 0
-84 -211 7 0
-85 -212 7 0
-85 -213 7 0
-79 -213 7 0
-85 -210 7 0
-86 -210 7 0
-87 -210 7 0
-88 -210 7 0
-83 -213 6 0
-53 -239 10 0
-73 -204 1 2
-71 -209 10 0
-70 -209 10 0
-70 -208 11 0
-74 -213 9 0
-51 -247 1 1
-52 -245 3 1
-52 -245 2 1
-52 -245 1 1
-51 -227 9 0
-52 -246 1 1
-52 -247 3 1
-52 -247 2 1
-53 -245 3 1
-53 -245 2 2
-53 -246 3 1
-68 -203 4 0
-69 -204 4 0
-100 -216 11 0
-100 -215 11 0
-100 -214 12 0
-96 -219 11 0
-95 -219 11 0
-94 -220 12 0
-73 -204 3 1
-84 -207 7 0
-81 -211 6 0
-87 -206 7 0
-87 -206 8 0
-89 -207 8 0
-88 -203 8 0
-87 -207 5 0
-85 -204 6 0
-85 -204 7 0
-89 -209 6 0
-85 -242 2 1
-51 -230 9 0
-77 -211 3 1
-76 -211 3 1
-83 -214 0 1
-83 -214 1 2
-78 -206 0 1
-79 -215 0 1
-79 -215 1 1
-92 -219 8 0
-96 -219 9 0
-95 -222 7 0
-100 -217 8 0
-96 -219 8 0
-95 -219 7 0
-97 -217 6 0
-96 -217 5 0
-81 -247 1 1
-81 -247 2 1
-81 -246 0 1
-81 -246 1 1
-89 -241 0 1
-89 -241 1 2
-53 -228 3 1
-53 -206 7 0
-74 -204 0 1
-57 -235 4 0
-82 -202 6 0
-100 -213 21 0
-94 -216 21 0
-70 -207 2 1
-73 -211 5 0
-73 -210 5 0
-67 -212 4 1
-100 -217 22 0
-100 -216 21 0
-99 -216 21 0
-99 -215 21 0
-73 -207 6 0
-78 -204 6 0
-100 -209 19 0
-100 -216 20 0
-99 -217 19 0
-80 -209 11 0
-99 -209 23 0
-97 -215 24 0
-98 -211 25 0
-85 -210 21 0
-82 -210 17 0
-82 -209 18 0
-82 -208 19 0
-57 -218 6 0
-74 -201 3 0
-60 -203 1 1
-55 -202 2 1
-60 -203 -1 1
-68 -208 3 2
-79 -205 6 0
-73 -209 2 1
-73 -209 3 2
-52 -213 3 1
-52 -214 2 1
-73 -209 6 0
-86 -201 1 2
-68 -249 0 1
-68 -249 1 2
-68 -249 2 1
-77 -225 3 0
-69 -228 3 0
-70 -228 3 0
-71 -227 3 0
-73 -220 4 0
-73 -221 4 0
-73 -222 4 0
-73 -223 3 0
-73 -224 3 0
-94 -230 5 0
-94 -230 8 0
-93 -230 9 0
-96 -232 9 0
-95 -229 7 0
-94 -231 6 0
-93 -232 7 0
-93 -233 8 0
-96 -230 6 0
-93 -229 5 0
-93 -229 6 0
-92 -229 7 0
-92 -228 7 0
-96 -234 7 0
-92 -231 6 0
-93 -226 6 0
-92 -230 5 0
-87 -201 4 1
-72 -204 8 0
-72 -204 9 0
-62 -207 7 0
-79 -203 5 0
-69 -203 6 0
-69 -209 7 0
-68 -207 6 0
-68 -207 5 0
-71 -201 8 0
-54 -222 6 0
-55 -223 6 0
-88 -216 11 0
-88 -213 10 0
-52 -214 6 0
-63 -213 10 0
-51 -228 10 0
-63 -215 9 0
-62 -212 9 0
-61 -211 9 0
-63 -210 7 0
-59 -212 7 0
-94 -201 1 1
-94 -202 3 1
-94 -202 1 1
-95 -201 3 1
-95 -201 2 2
-95 -201 1 1
-95 -202 3 1
-95 -202 2 2
-52 -208 1 1
-78 -214 18 0
-84 -211 18 0
-58 -216 6 0
-54 -212 2 1
-54 -210 2 1
-53 -211 2 1
-75 -207 10 0
-99 -224 7 0
-98 -224 6 0
-64 -203 7 0
-61 -210 5 0
-61 -211 5 0
-59 -206 4 0
-89 -202 6 0
-95 -202 7 0
-87 -205 7 0
-88 -204 7 0
-89 -204 7 0
-86 -201 8 0
-87 -201 8 0
-55 -203 1 1
-58 -223 3 1
-59 -214 2 2
-91 -214 21 0
-72 -211 1 1
-71 -213 4 1
-65 -250 2 1
-66 -248 4 1
-54 -218 -1 1
-54 -218 0 1
-77 -210 12 0
-72 -209 11 0
-71 -209 11 0
-70 -208 12 0
-75 -213 11 0
-75 -214 12 0
-70 -207 4 1
-55 -233 6 0
-65 -250 1 1
-59 -250 1 1
-59 -250 2 1
-59 -250 3 1
-90 -210 17 0
-60 -212 9 0
-61 -213 8 0
-67 -214 10 0
-65 -214 8 0
-61 -221 3 2
-69 -213 2 1
-71 -210 3 2
-55 -238 9 0
-96 -216 21 0
-97 -217 21 0
-94 -210 21 0
-95 -209 21 0
-95 -208 21 0
-98 -213 20 0
-58 -227 8 0
-58 -221 7 0
-98 -208 3 1
-98 -208 4 2
-98 -208 5 1
-97 -209 3 1
-97 -208 3 1
-97 -208 4 2
-97 -208 5 1
-96 -209 3 1
-96 -209 4 2
-96 -209 5 1
-96 -208 3 1
-95 -208 7 0
-95 -210 8 0
-95 -211 8 0
-90 -204 7 0
-88 -206 7 0
-95 -203 7 0
-97 -203 7 0
-91 -202 7 0
-90 -201 7 0
-92 -208 8 0
-93 -209 8 0
-54 -212 0 2
-54 -212 -1 1
-53 -211 0 2
-56 -210 2 0
-55 -209 2 0
-55 -235 2 1
-55 -235 3 1
-54 -235 1 1
-54 -235 2 1
-54 -235 3 1
-53 -237 1 1
-53 -237 2 2
-60 -239 1 1
-54 -242 6 0
-54 -211 4 0
-55 -209 7 0
-59 -210 8 0
-54 -212 8 0
-55 -216 9 0
-58 -214 8 0
-56 -214 10 0
-56 -214 9 0
-54 -213 5 0
-61 -211 6 0
-56 -211 6 0
-53 -243 1 1
-65 -204 0 2
-61 -246 8 0
-56 -245 6 0
-55 -245 7 0
-55 -244 8 0
-59 -249 7 0
-74 -202 1 2
-74 -202 2 1
-80 -207 12 0
-72 -213 1 2
-83 -210 6 0
-79 -206 6 0
-78 -207 6 0
-80 -212 6 0
-79 -211 6 0
-81 -211 7 0
-80 -210 7 0
-80 -206 9 0
-74 -207 8 0
-76 -229 0 1
-54 -234 4 1
-54 -234 3 1
-73 -213 7 0
-84 -243 3 0
-83 -242 3 1
-82 -242 3 1
-65 -217 8 0
-53 -242 6 0
-52 -242 7 0
-51 -242 7 0
-53 -236 7 0
-66 -208 6 0
-58 -208 6 0
-88 -214 21 0
-84 -210 23 0
-85 -211 22 0
-86 -211 22 0
-91 -212 23 0
-90 -212 22 0
-89 -212 21 0
-86 -215 23 0
-86 -214 23 0
-86 -214 22 0
-87 -213 21 0
-87 -209 24 0
-87 -210 23 0
-58 -204 5 0
-56 -246 6 0
-57 -242 8 0
-57 -243 8 0
-100 -241 5 0
-100 -240 4 0
-99 -248 4 0
-98 -243 4 0
-98 -243 3 0
-100 -245 4 0
-99 -246 3 0
-100 -243 0 1
-100 -243 1 2
-100 -243 2 1
-100 -242 0 1
-100 -242 1 2
-100 -242 2 1
-100 -243 11 0
-100 -246 11 0
-100 -242 8 0
-100 -242 9 0
-99 -241 9 0
-99 -241 10 0
-100 -240 8 0
-100 -239 8 0
-99 -242 7 0
-98 -242 7 0
-97 -242 7 0
-100 -242 6 0
-100 -241 6 0
-99 -240 6 0
-98 -240 6 0
-98 -244 5 0
-97 -244 5 0
-95 -235 5 0
-99 -234 5 0
-100 -248 8 0
-99 -248 9 0
-99 -247 10 0
-95 -231 6 0
-96 -233 5 0
-94 -236 6 0
-98 -234 5 0
-98 -239 7 0
-98 -249 8 0
-98 -248 8 0
-97 -248 9 0
-96 -247 9 0
-98 -238 7 0
-100 -248 7 0
-94 -233 8 0
-94 -234 7 0
-95 -234 6 0
-95 -238 8 0
-96 -236 5 0
-59 -205 5 0
-59 -210 0 2
-68 -222 5 0
-68 -222 6 0
-67 -218 5 0
-71 -217 4 1
-67 -221 4 0
-66 -221 4 0
-69 -218 3 1
-69 -224 3 0
-73 -218 3 0
-74 -217 3 0
-68 -219 3 1
-67 -219 0 1
-61 -225 3 0
-58 -216 4 1
-57 -218 2 1
-57 -218 3 2
-57 -218 4 1
-57 -216 3 1
-57 -216 4 1
-56 -218 2 2
-56 -218 3 2
-56 -218 4 1
-56 -217 3 1
-56 -217 4 1
-56 -216 2 2
-56 -216 3 1
-54 -238 7 0
-55 -238 6 0
-56 -240 10 0
-80 -220 3 0
-81 -221 2 1
-82 -221 2 1
-82 -222 1 2
-74 -203 10 0
-77 -205 9 0
-76 -207 8 0
-76 -207 9 0
-79 -206 7 0
-63 -220 0 1
-63 -220 1 1
-63 -219 0 1
-87 -211 16 0
-87 -212 20 0
-84 -214 23 0
-51 -228 7 0
-61 -220 2 2
-53 -220 -1 1
-90 -246 7 0
-89 -246 6 0
-88 -246 6 0
-85 -249 8 0
-85 -248 7 0
-86 -248 7 0
-87 -244 8 0
-87 -245 7 0
-88 -248 9 0
-86 -246 9 0
-86 -246 8 0
-54 -244 4 0
-72 -204 1 2
-73 -207 4 1
-56 -211 3 0
-55 -206 3 0
-54 -207 3 0
-53 -207 3 0
-57 -208 1 1
-73 -205 7 0
-73 -205 8 0
-77 -202 7 0
-78 -202 8 0
-53 -211 -1 1
-53 -211 1 2
-70 -221 1 2
-70 -221 2 1
-70 -220 0 1
-70 -220 1 2
-76 -204 3 2
-76 -204 2 1
-76 -205 4 1
-76 -205 3 2
-52 -217 5 1
-51 -218 5 1
-51 -217 5 1
-51 -222 1 1
-55 -219 1 2
-55 -218 1 1
-56 -220 1 1
-55 -219 9 0
-53 -217 6 0
-53 -216 1 1
-56 -216 5 0
-56 -216 6 0
-56 -215 6 0
-56 -214 6 0
-58 -215 5 0
-54 -215 4 1
-57 -215 6 0
-55 -217 5 1
-75 -215 2 1
-75 -215 1 2
-75 -215 0 1
-77 -213 19 0
-69 -208 8 0
-82 -210 19 0
-76 -210 8 0
-62 -209 4 1
-60 -206 1 1
-75 -201 6 0
-74 -205 8 0
-74 -204 7 0
-60 -207 8 0
-87 -211 4 0
-88 -212 4 0
-81 -211 3 0
-84 -206 3 0
-83 -206 3 0
-85 -211 3 0
-85 -212 2 1
-82 -208 2 1
-90 -211 0 1
-90 -211 1 1
-90 -211 2 2
-89 -211 0 1
-89 -211 1 1
-53 -233 10 0
-53 -233 9 0
-53 -241 4 0
-55 -235 1 1
-84 -219 3 0
-83 -219 3 0
-82 -219 3 0
-81 -219 3 0
-82 -223 4 0
-80 -222 4 0
-60 -220 0 1
-63 -245 5 0
-53 -205 0 2
-56 -247 5 0
-55 -247 5 0
-62 -220 7 0
-84 -211 17 0
-85 -211 17 0
-94 -241 0 1
-94 -241 1 2
-94 -241 2 1
-93 -241 0 1
-79 -220 6 0
-78 -220 7 0
-78 -220 8 0
-80 -221 5 0
-80 -221 6 0
-81 -221 7 0
-82 -220 6 0
-83 -220 7 0
-100 -240 7 0
-100 -235 6 0
-100 -234 6 0
-100 -238 6 0
-99 -239 5 0
-99 -223 8 0
-98 -224 7 0
-95 -221 4 0
-94 -221 4 0
-93 -221 4 0
-92 -221 3 1
-97 -216 2 1
-97 -216 3 1
-97 -216 4 1
-96 -216 2 1
-96 -216 3 2
-96 -216 4 1
-95 -218 2 2
-95 -218 3 1
-95 -218 4 1
-95 -217 2 1
-95 -217 3 2
-95 -217 4 1
-95 -216 2 2
-95 -216 3 1
-95 -216 4 1
-95 -225 2 1
-100 -220 2 1
-100 -220 3 1
-100 -220 4 1
-100 -219 2 1
-95 -219 1 1
-95 -219 2 1
-95 -219 3 1
-94 -219 1 1
-94 -219 2 2
-94 -219 3 1
-93 -221 1 1
-93 -221 2 2
-93 -221 3 1
-93 -220 1 1
-93 -220 2 1
-93 -220 3 1
-93 -219 1 1
-93 -219 2 2
-93 -219 3 1
-96 -221 4 1
-99 -224 1 1
-99 -223 1 1
-99 -222 1 1
-98 -220 1 1
-98 -219 1 1
-97 -220 1 1
-72 -212 8 0
-67 -211 7 0
-66 -211 8 0
-69 -214 6 0
-69 -215 7 0
-70 -216 8 0
-70 -210 7 0
-70 -213 6 0
-71 -208 13 0
-75 -212 11 0
-75 -213 12 0
-90 -202 12 0
-90 -202 11 0
-91 -202 8 0
-87 -230 4 0
-88 -230 5 0
-89 -231 5 0
-85 -231 4 0
-84 -233 5 0
-86 -228 4 0
-87 -228 4 0
-88 -227 4 0
-89 -226 4 0
-86 -230 3 0
-88 -233 4 0
-83 -231 3 0
-82 -231 3 0
-86 -229 3 0
-87 -229 3 0
-88 -229 3 0
-89 -229 3 0
-90 -229 3 0
-85 -230 3 0
-85 -231 3 0
-85 -232 3 0
-90 -233 0 1
-90 -233 1 2
-90 -233 2 1
-89 -233 0 1
-89 -233 1 2
-89 -233 2 1
-88 -233 0 1
-88 -233 1 2
-88 -233 2 1
-60 -248 6 0
-65 -248 8 0
-64 -248 7 0
-61 -246 9 0
-63 -250 9 0
-63 -250 8 0
-84 -210 19 0
-57 -221 6 0
-56 -221 6 0
-71 -201 -1 1
-75 -203 4 1
-52 -225 3 1
-52 -225 2 2
-62 -222 7 0
-81 -211 16 0
-51 -206 3 0
-62 -250 1 1
-73 -226 2 1
-85 -241 6 0
-56 -229 1 1
-56 -229 0 1
-57 -229 2 1
-74 -226 5 0
-75 -227 5 0
-75 -228 4 0
-75 -229 4 0
-80 -240 4 0
-68 -224 5 0
-70 -223 4 0
-73 -219 6 0
-73 -220 5 0
-72 -220 4 0
-72 -221 4 0
-68 -221 6 0
-69 -221 6 0
-99 -242 5 0
-98 -242 5 0
-100 -240 5 0
-99 -240 3 0
-95 -209 6 0
-95 -210 5 1
-95 -205 5 1
-95 -204 4 1
-92 -208 5 0
-75 -230 3 0
-74 -229 3 0
-74 -228 1 2
-74 -228 2 1
-73 -228 0 1
-73 -228 1 2
-74 -229 7 0
-74 -229 8 0
-75 -229 5 0
-67 -205 7 0
-65 -207 9 0
-68 -206 10 0
-68 -206 9 0
-64 -208 9 0
-67 -207 10 0
-66 -210 10 0
-65 -221 4 1
-56 -215 9 0
-58 -217 10 0
-56 -217 8 0
-56 -221 9 0
-60 -220 10 0
-57 -218 10 0
-58 -222 0 1
-58 -223 0 1
-59 -224 0 1
-60 -224 0 1
-60 -224 6 0
-55 -218 8 0
-55 -222 9 0
-59 -221 10 0
-56 -219 10 0
-89 -201 0 1
-89 -201 1 2
-51 -227 5 2
-51 -231 1 1
-88 -201 0 1
-88 -201 1 2
-60 -219 5 1
-73 -222 1 2
-77 -229 3 0
-77 -230 3 0
-66 -215 0 1
-67 -214 1 2
-86 -210 17 0
-83 -208 17 0
-87 -214 16 0
-86 -213 17 0
-73 -204 6 0
-85 -211 20 0
-57 -246 8 0
-57 -246 7 0
-57 -246 5 0
-83 -210 21 0
-83 -210 20 0
-85 -213 23 0
-85 -212 22 0
-84 -212 20 0
-82 -211 22 0
-83 -211 21 0
-82 -215 5 1
-81 -215 4 1
-80 -216 4 1
-79 -216 4 1
-76 -221 5 0
-77 -219 4 0
-82 -219 5 0
-81 -219 5 0
-79 -218 4 0
-79 -214 6 0
-78 -221 6 0
-78 -220 5 0
-78 -219 5 0
-79 -217 6 1
-80 -216 8 1
-80 -216 6 1
-80 -217 8 1
-80 -217 7 1
-80 -218 8 1
-80 -218 7 1
-80 -218 6 1
-81 -216 8 1
-81 -216 7 1
-81 -216 6 1
-81 -217 8 1
-81 -217 6 2
-81 -218 8 1
-81 -218 7 1
-82 -216 8 1
-82 -216 7 1
-82 -216 6 1
-82 -217 8 1
-82 -217 7 1
-82 -217 6 1
-82 -218 8 1
-82 -218 7 1
-82 -218 6 1
-81 -217 7 2
-75 -220 7 0
-76 -219 7 0
-76 -219 6 0
-77 -218 4 0
-77 -214 8 0
-79 -219 8 0
-79 -218 7 0
-78 -218 6 0
-78 -218 5 0
-76 -217 8 0
-76 -217 7 0
-78 -220 2 1
-78 -220 1 2
-78 -220 0 1
-79 -219 2 1
-79 -219 1 1
-79 -219 0 1
-79 -220 2 1
-79 -220 1 2
-79 -220 0 1
-80 -219 1 2
-80 -218 2 1
-100 -237 4 0
-100 -236 4 0
-94 -215 8 0
-93 -215 8 0
-92 -216 7 0
-100 -217 7 0
-97 -213 8 0
-96 -212 8 0
-96 -212 7 0
-96 -211 7 0
-95 -218 7 0
-95 -219 6 0
-94 -209 4 1
-99 -214 8 0
-99 -214 7 0
-56 -226 4 2
-100 -214 7 1
-74 -203 0 1
-96 -215 8 0
-71 -201 3 1
-96 -214 8 0
-96 -223 2 2
-96 -223 3 1
-95 -214 7 0
-99 -225 4 1
-94 -214 6 0
-91 -218 8 0
-94 -213 6 0
-93 -219 9 0
-98 -217 7 0
-97 -228 1 1
-97 -228 2 2
-97 -228 3 1
-95 -218 1 1
-98 -218 6 0
-94 -217 4 1
-98 -218 5 1
-92 -215 3 1
-92 -215 2 2
-92 -215 1 1
-79 -202 3 2
-92 -216 3 1
-92 -216 2 2
-92 -216 1 1
-93 -215 3 1
-93 -215 2 2
-93 -215 1 1
-93 -216 3 1
-93 -216 1 1
-98 -225 10 0
-79 -202 4 1
-98 -227 8 0
-97 -227 9 0
-56 -227 4 1
-85 -210 16 0
-84 -210 17 0
-81 -207 15 0
-82 -207 16 0
-86 -214 16 0
-61 -203 3 0
-98 -218 8 0
-72 -214 3 2
-70 -217 4 1
-71 -213 6 0
-76 -212 14 0
-79 -210 6 0
-78 -208 7 0
-76 -206 9 0
-75 -207 8 0
-52 -247 1 1
-87 -210 19 0
-88 -210 18 0
-89 -209 18 0
-89 -208 18 0
-88 -213 18 0
-89 -214 18 0
-90 -214 17 0
-89 -211 17 0
-90 -211 16 0
-52 -207 -1 1
-67 -219 3 1
-63 -213 1 2
-63 -212 1 2
-82 -204 3 2
-63 -211 2 2
-82 -204 4 1
-82 -203 2 2
-82 -203 4 1
-84 -210 22 0
-83 -210 23 0
-86 -213 20 0
-51 -243 3 1
-51 -243 1 1
-65 -248 4 1
-65 -248 3 1
-61 -210 -1 1
-73 -205 0 1
-84 -233 2 1
-82 -229 2 1
-76 -238 3 0
-81 -230 3 0
-84 -232 4 0
-83 -233 4 0
-84 -236 5 0
-77 -236 5 0
-82 -231 6 0
-81 -238 6 0
-83 -234 7 0
-78 -237 6 0
-80 -232 7 0
-80 -232 6 0
-81 -235 6 0
-83 -232 1 2
-83 -232 0 1
-60 -209 -1 1
-66 -207 1 2
-66 -207 2 1
-66 -206 0 1
-66 -206 1 1
-66 -206 2 1
-77 -232 2 1
-77 -231 0 1
-77 -231 1 2
-77 -231 2 1
-77 -230 0 1
-77 -230 1 2
-77 -230 2 1
-76 -239 0 1
-76 -239 1 1
-76 -239 2 1
-76 -238 0 1
-87 -212 5 0
-86 -212 5 0
-85 -211 6 0
-84 -211 6 0
-86 -206 6 0
-74 -205 1 1
-74 -205 0 1
-71 -203 5 0
-60 -208 2 1
-71 -201 1 1
-61 -218 3 2
-78 -213 6 0
-78 -214 7 0
-80 -210 6 0
-84 -249 5 0
-78 -211 5 0
-78 -212 4 0
-76 -202 3 2
-68 -213 6 0
-57 -201 4 0
-83 -212 20 0
-74 -232 2 1
-83 -209 22 0
-80 -228 2 1
-79 -229 2 1
-73 -228 2 1
-58 -205 1 1
-58 -204 -1 1
-58 -204 0 2
-58 -204 1 1
-62 -206 3 0
-61 -206 2 1
-61 -207 7 0
-61 -207 8 0
-56 -244 9 0
-61 -242 3 0
-54 -249 5 0
-92 -223 8 0
-96 -222 6 0
-93 -225 6 0
-92 -226 6 0
-87 -249 2 1
-87 -249 1 2
-87 -249 0 1
-88 -249 2 1
-63 -250 4 1
-61 -250 6 0
-57 -243 5 0
-53 -242 8 0
-77 -208 2 1
-77 -208 3 1
-77 -208 4 1
-76 -208 2 2
-76 -208 3 2
-62 -219 4 1
-87 -216 20 0
-91 -208 20 0
-67 -214 2 1
-67 -214 3 2
-61 -204 2 0
-62 -205 3 0
-52 -204 3 1
-60 -213 3 2
-60 -213 4 1
-60 -212 3 2
-66 -212 4 1
-66 -211 2 1
-66 -211 3 2
-93 -205 5 0
-93 -205 4 1
-92 -205 3 1
-93 -206 8 0
-81 -209 15 0
-80 -209 15 0
-77 -215 16 0
-100 -229 10 0
-95 -213 24 0
-95 -213 25 0
-94 -213 26 0
-90 -212 15 0
-54 -240 2 2
-54 -240 3 1
-77 -205 7 0
-67 -211 2 1
-92 -213 16 0
-92 -213 17 0
-89 -210 16 0
-85 -213 17 0
-62 -208 0 2
-100 -235 10 0
-78 -204 7 0
-100 -233 8 0
-99 -233 8 0
-62 -209 1 1
-62 -209 0 2
-54 -210 6 0
-59 -212 -1 1
-56 -211 2 0
-100 -234 5 0
-52 -223 2 1
-79 -213 9 0
-75 -208 9 0
-80 -230 3 0
-64 -207 8 0
-81 -223 4 0
-80 -221 3 0
-82 -219 4 0
-81 -219 4 0
-78 -223 4 0
-79 -222 4 0
-84 -222 5 0
-83 -222 5 0
-81 -221 4 0
-77 -221 5 0
-65 -204 6 0
-65 -210 7 0
-65 -209 6 0
-55 -240 7 0
-55 -240 8 0
-55 -239 9 0
-69 -213 4 1
-69 -213 3 2
-69 -214 4 2
-69 -214 3 2
-59 -241 8 0
-54 -240 6 0
-53 -240 7 0
-52 -240 8 0
-58 -242 1 1
-53 -247 3 1
-54 -247 3 1
-56 -247 4 0
-58 -246 4 0
-60 -243 4 1
-60 -243 3 1
-60 -243 2 1
-61 -243 4 1
-72 -211 4 1
-70 -214 2 1
-54 -223 5 0
-52 -224 6 0
-71 -207 4 1
-60 -249 2 2
-60 -249 1 1
-60 -250 3 1
-82 -212 13 0
-60 -250 1 1
-81 -207 14 0
-83 -212 16 0
-77 -207 16 0
-76 -206 16 0
-77 -214 16 0
-94 -245 6 0
-95 -244 5 0
-95 -241 7 0
-97 -244 8 0
-96 -244 6 0
-94 -243 8 0
-94 -243 7 0
-95 -243 6 0
-82 -221 3 0
-83 -222 3 0
-84 -222 3 0
-85 -222 3 0
-80 -222 3 0
-80 -223 3 0
-80 -226 2 1
-99 -240 2 1
-99 -240 1 2
-99 -240 0 1
-99 -241 2 1
-99 -241 1 2
-99 -241 0 1
-94 -246 1 2
-94 -246 0 1
-69 -229 2 1
-84 -217 2 1
-84 -217 1 1
-84 -217 0 1
-85 -216 0 1
-85 -216 1 2
-85 -214 3 0
-83 -216 3 1
-84 -216 3 1
-85 -215 3 0
-88 -210 3 1
-91 -211 4 0
-86 -211 4 0
-91 -215 5 0
-84 -214 5 0
-85 -214 5 0
-89 -210 5 0
-88 -217 6 0
-85 -216 7 0
-86 -215 6 0
-86 -214 5 0
-88 -214 7 0
-78 -217 1 2
-78 -217 0 1
-75 -219 2 1
-75 -218 2 1
-75 -216 3 0
-78 -218 3 0
-77 -217 3 0
-77 -216 3 0
-74 -217 4 0
-74 -216 4 0
-79 -216 5 1
-76 -218 6 0
-54 -220 3 2
-54 -220 4 1
-58 -219 1 1
-57 -219 1 2
-57 -219 2 1
-55 -222 1 1
-96 -217 22 0
-97 -216 22 0
-73 -202 4 0
-54 -201 0 2
-72 -201 2 1
-55 -205 5 0
-54 -205 6 0
-58 -220 5 1
-84 -201 6 0
-83 -202 6 0
-84 -201 5 0
-58 -218 6 0
-54 -201 1 1
-70 -204 0 1
-52 -228 10 0
-52 -228 11 0
-51 -225 9 0
-51 -224 10 0
-54 -226 9 0
-52 -224 8 0
-53 -223 9 0
-53 -225 2 2
-51 -225 4 1
-52 -227 2 2
-73 -222 0 1
-87 -242 5 0
-82 -239 4 0
-81 -238 4 0
-81 -236 5 0
-81 -245 5 0
-86 -238 4 1
-87 -238 5 0
-81 -240 4 0
-70 -222 4 0
-69 -221 5 0
-80 -208 20 0
-89 -213 25 0
-53 -207 1 1
-77 -202 6 0
-76 -202 7 0
-67 -213 4 1
-66 -213 2 2
-60 -205 7 0
-65 -215 3 2
-78 -207 5 0
-63 -215 5 1
-62 -216 7 0
-91 -215 20 0
-90 -214 20 0
-93 -210 21 0
-60 -205 -1 1
-60 -205 0 2
-60 -205 1 1
-57 -210 4 0
-51 -243 4 1
-59 -248 2 2
-59 -248 1 1
-59 -249 3 1
-59 -249 2 1
-59 -249 1 1
-60 -247 3 1
-60 -247 2 2
-60 -247 1 1
-61 -247 3 1
-61 -247 2 2
-75 -210 15 0
-54 -225 2 2
-54 -225 1 1
-55 -223 1 1
-55 -224 1 1
-55 -225 2 2
-55 -225 1 1
-56 -224 2 2
-57 -209 -1 1
-61 -225 5 0
-59 -226 4 1
-59 -227 4 0
-60 -227 4 0
-56 -221 4 1
-55 -220 3 2
-66 -215 2 2
-66 -216 3 2
-66 -216 2 2
-66 -217 3 1
-66 -217 2 1
-77 -202 3 2
-77 -202 2 2
-65 -217 5 0
-64 -211 1 2
-69 -248 0 1
-69 -248 1 1
-69 -248 2 1
-55 -226 2 1
-54 -226 1 1
-54 -226 2 2
-69 -216 4 1
-53 -210 7 0
-68 -218 3 1
-88 -213 17 0
-99 -224 13 0
-99 -225 13 0
-63 -211 4 1
-99 -221 11 0
-98 -221 12 0
-98 -220 13 0
-51 -210 5 0
-69 -216 2 2
-69 -216 3 1
-53 -210 3 0
-53 -211 3 0
-98 -223 11 0
-97 -224 12 0
-90 -213 23 0
-100 -221 10 0
-58 -214 0 1
-58 -215 0 1
-65 -212 9 0
-67 -214 11 0
-64 -214 9 0
-63 -211 9 0
-64 -209 7 0
-65 -210 5 0
-59 -213 0 1
-59 -214 0 1
-59 -215 0 1
-64 -213 -1 1
-65 -213 -1 1
-67 -210 1 2
-67 -210 0 1
-70 -212 1 1
-70 -212 0 1
-71 -212 1 1
-71 -212 0 1
-71 -213 1 2
-65 -212 10 0
-67 -213 11 0
-65 -209 10 0
-52 -219 9 0
-54 -220 11 0
-75 -228 1 2
-75 -228 2 1
-54 -240 1 1
-55 -238 3 1
-64 -217 3 2
-64 -217 4 1
-80 -210 19 0
-88 -209 19 0
-55 -212 6 0
-54 -212 5 0
-71 -230 4 0
-72 -230 4 0
-73 -230 4 0
-74 -230 3 0
-80 -228 4 0
-80 -229 4 0
-79 -229 4 0
-81 -205 4 1
-54 -203 5 0
-55 -204 5 0
-82 -201 9 0
-55 -205 4 0
-56 -205 4 0
-79 -202 7 0
-79 -202 8 0
-52 -208 6 0
-53 -207 6 0
-53 -207 5 0
-68 -207 1 2
-68 -207 0 1
-78 -203 7 0
-79 -203 9 0
-77 -201 5 0
-56 -206 2 1
-54 -204 1 2
-54 -204 0 2
-54 -204 -1 1
-56 -210 4 0
-53 -201 1 2
-66 -202 4 0
-92 -211 20 0
-91 -211 20 0
-88 -217 21 0
-88 -216 21 0
-88 -215 21 0
-87 -208 21 0
-88 -210 21 0
-71 -211 9 0
-70 -213 9 0
-81 -238 1 2
-100 -202 14 0
-81 -238 0 1
-82 -236 2 1
-82 -236 1 2
-82 -236 0 1
-85 -214 19 0
-69 -213 8 0
-69 -214 9 0
-73 -211 7 0
-74 -211 8 0
-67 -209 8 0
-72 -215 8 0
-73 -212 6 0
-74 -213 6 0
-75 -213 7 0
-73 -215 5 0
-52 -232 1 1
-75 -210 12 0
-75 -210 13 0
-85 -215 20 0
-80 -209 19 0
-82 -207 19 0
-78 -211 18 0
-83 -243 6 0
-83 -242 6 0
-54 -246 7 0
-53 -246 7 0
-56 -249 6 0
-61 -242 6 0
-54 -247 5 0
-53 -248 5 0
-54 -250 1 1
-54 -250 2 1
-64 -213 9 0
-63 -218 9 0
-72 -212 7 0
-68 -215 9 0
-51 -229 1 1
-51 -229 2 1
-56 -235 7 0
-60 -244 0 1
-87 -225 2 1
-87 -225 1 1
-87 -225 0 1
-87 -226 2 1
-87 -226 1 2
-87 -226 0 1
-93 -248 5 0
-92 -249 5 0
-91 -249 5 0
-87 -246 6 0
-88 -247 5 0
-74 -225 2 1
-74 -225 1 2
-74 -225 0 1
-74 -226 2 1
-75 -228 0 1
-75 -229 2 1
-75 -229 1 2
-75 -229 0 1
-95 -207 5 1
-95 -208 6 0
-93 -207 6 0
-93 -207 5 0
-93 -207 4 1
-89 -214 24 0
-89 -213 23 0
-88 -213 22 0
-88 -213 21 0
-88 -212 20 0
-84 -243 4 0
-52 -207 6 0
-57 -204 1 1
-53 -206 5 0
-67 -210 5 0
-63 -206 1 1
-65 -205 -1 1
-65 -205 0 2
-65 -205 1 1
-65 -204 -1 1
-62 -211 7 0
-62 -204 6 0
-63 -203 6 0
-60 -207 4 0
-59 -207 5 0
-79 -203 0 1
-86 -209 2 1
-86 -209 1 2
-86 -209 0 1
-87 -207 2 1
-88 -208 1 2
-88 -208 0 1
-51 -243 2 2
-76 -215 8 0
-72 -216 8 0
-75 -217 7 0
-79 -215 6 1
-77 -217 4 0
-74 -207 0 1
-74 -207 1 1
-73 -207 0 1
-73 -207 1 1
-78 -207 9 0
-77 -208 10 0
-76 -215 9 0
-85 -208 18 0
-64 -216 7 0
-60 -249 8 0
-63 -214 3 2
-63 -214 2 2
-69 -214 2 1
-69 -215 4 1
-64 -222 3 0
-59 -215 2 2
-60 -216 1 1
-60 -215 1 1
-81 -231 3 0
-72 -234 3 0
-73 -233 3 0
-74 -233 3 0
-75 -232 3 0
-59 -220 1 1
-59 -221 3 1
-59 -221 2 2
-53 -228 6 1
-90 -208 7 0
-89 -208 7 0
-96 -209 7 0
-97 -210 6 0
-93 -206 7 0
-93 -205 7 0
-93 -203 6 0
-92 -210 7 0
-92 -211 6 0
-100 -232 0 1
-100 -231 0 1
-99 -250 4 0
-97 -249 2 1
-97 -249 1 2
-97 -249 0 1
-98 -249 2 1
-98 -249 1 1
-98 -249 0 1
-100 -250 3 1
-98 -233 3 0
-94 -232 0 1
-94 -232 1 1
-94 -231 0 1
-94 -231 1 1
-94 -231 2 1
-93 -231 0 1
-95 -237 4 0
-91 -243 4 0
-92 -242 4 0
-92 -241 4 0
-97 -241 5 0
-95 -240 4 0
-90 -240 5 0
-95 -235 6 0
-94 -236 5 0
-100 -248 3 1
-100 -249 4 0
-89 -237 7 0
-96 -238 7 0
-95 -238 6 0
-94 -239 5 0
-91 -241 7 0
-91 -241 6 0
-94 -204 2 2
-94 -204 3 1
-94 -204 4 1
-93 -205 6 0
-94 -205 5 1
-92 -204 6 0
-92 -204 5 0
-79 -211 1 2
-79 -211 0 1
-78 -210 1 2
-77 -213 2 1
-76 -212 3 1
-79 -209 3 0
-78 -209 4 0
-76 -210 5 0
-79 -212 4 0
-89 -212 6 0
-85 -215 7 0
-85 -214 6 0
-92 -213 3 1
-66 -204 6 0
-66 -204 7 0
-66 -202 7 0
-66 -201 7 0
-64 -202 6 0
-68 -202 5 0
-68 -201 5 0
-92 -213 2 2
-65 -201 4 0
-65 -201 5 0
-92 -213 1 1
-67 -202 3 0
-67 -201 3 0
-91 -213 2 2
-95 -213 5 1
-64 -202 3 0
-64 -201 3 0
-90 -216 4 0
-91 -215 4 0
-72 -208 0 1
-72 -208 1 1
-71 -208 0 1
-71 -208 1 1
-66 -201 2 0
-92 -215 4 0
-71 -204 -1 1
-68 -203 2 1
-68 -201 -1 1
-68 -201 0 2
-92 -211 5 0
-94 -214 5 0
-91 -218 5 0
-92 -217 5 0
-93 -217 5 0
-96 -210 6 0
-95 -213 6 0
-91 -214 6 0
-92 -214 6 0
-96 -214 6 0
-93 -216 7 0
-97 -212 8 0
-93 -213 8 0
-95 -215 1 1
-96 -215 1 1
-96 -216 1 1
-96 -217 1 1
-95 -216 1 1
-95 -217 1 1
-91 -214 3 1
-91 -214 2 2
-91 -214 1 1
-91 -215 3 1
-91 -215 2 2
-91 -215 1 1
-91 -216 3 1
-91 -216 2 2
-91 -216 1 1
-92 -214 3 1
-92 -214 2 2
-92 -214 1 1
-93 -214 3 1
-93 -214 2 2
-93 -214 1 1
-67 -202 6 0
-67 -201 7 0
-67 -201 8 0
-66 -205 7 0
-64 -201 7 0
-68 -202 4 0
-93 -211 3 2
-93 -211 2 2
-93 -212 4 1
-93 -212 3 1
-93 -212 2 2
-93 -213 4 1
-93 -213 3 1
-73 -203 -1 1
-69 -201 -1 1
-69 -201 0 2
-93 -213 2 2
-94 -211 4 1
-94 -211 3 2
-94 -211 2 1
-94 -212 4 1
-94 -212 2 1
-94 -212 3 2
-91 -217 4 0
-92 -217 4 0
-100 -211 5 1
-100 -211 4 2
-100 -211 3 1
-100 -212 5 1
-100 -212 4 2
-100 -212 3 1
-92 -213 5 0
-93 -214 5 0
-92 -220 5 0
-81 -232 1 2
-81 -232 2 1
-80 -233 0 1
-80 -233 2 1
-80 -232 0 1
-80 -209 2 1
-77 -210 4 0
-78 -210 3 1
-77 -210 3 1
-77 -208 1 2
-76 -209 1 2
-76 -208 1 1
-75 -209 1 1
-75 -208 1 1
-76 -212 13 0
-74 -213 13 0
-73 -214 13 0
-79 -210 13 0
-86 -237 6 0
-84 -235 5 0
-84 -234 5 0
-86 -239 5 0
-86 -236 3 0
-86 -235 4 0
-86 -233 1 2
-87 -234 0 1
-87 -234 1 2
-87 -234 2 1
-99 -219 14 0
-58 -211 6 0
-56 -211 4 0
-55 -214 3 2
-54 -214 3 1
-54 -214 4 1
-77 -233 2 1
-93 -213 20 0
-94 -213 20 0
-95 -213 20 0
-96 -213 19 0
-59 -220 5 1
-71 -201 2 1
-61 -206 7 0
-69 -206 2 1
-71 -202 0 2
-75 -205 1 1
-59 -210 -1 1
-76 -211 16 0
-84 -201 7 0
-82 -201 8 0
-61 -208 0 2
-61 -208 1 1
-81 -242 2 1
-87 -241 0 1
-87 -241 1 2
-87 -241 2 1
-86 -241 0 1
-78 -222 7 0
-77 -223 7 0
-81 -220 6 0
-97 -248 1 1
-97 -248 0 1
-96 -248 1 2
-96 -248 0 1
-80 -224 6 0
-81 -218 5 1
-100 -245 3 0
-99 -245 3 0
-98 -245 3 0
-95 -246 3 0
-97 -247 3 0
-92 -244 4 0
-94 -246 5 0
-97 -246 4 0
-58 -250 4 0
-53 -245 4 0
-52 -246 4 0
-55 -241 4 0
-62 -249 4 1
-58 -247 4 1
-57 -247 4 0
-56 -246 4 0
-56 -245 3 1
-63 -245 2 1
-63 -245 3 1
-78 -232 1 2
-78 -232 0 1
-78 -233 2 1
-78 -233 1 2
-61 -217 9 0
-83 -212 8 0
-86 -205 8 0
-86 -206 8 0
-86 -207 8 0
-88 -214 8 0
-88 -213 8 0
-91 -201 9 0
-91 -202 9 0
-92 -203 8 0
-79 -210 17 0
-79 -210 18 0
-80 -211 16 0
-80 -211 17 0
-92 -209 18 0
-92 -209 19 0
-91 -210 19 0
-89 -211 22 0
-56 -207 9 0
-89 -211 19 0
-57 -205 5 0
-88 -217 18 0
-88 -215 19 0
-88 -214 19 0
-88 -213 19 0
-84 -209 19 0
-86 -202 4 1
-93 -212 19 0
-92 -212 19 0
-84 -215 19 0
-88 -207 20 0
-62 -208 -1 1
-88 -209 20 0
-75 -209 7 0
-76 -209 7 0
-67 -209 7 0
-75 -215 7 0
-75 -211 6 0
-68 -204 7 0
-68 -204 8 0
-68 -203 9 0
-67 -207 6 0
-67 -207 7 0
-66 -208 7 0
-66 -208 8 0
-59 -207 6 0
-58 -207 1 1
-58 -207 0 2
-58 -207 -1 1
-65 -203 2 0
-64 -202 2 0
-58 -208 8 0
-92 -209 1 1
-92 -209 2 2
-92 -209 3 1
-91 -209 1 1
-91 -209 2 1
-91 -209 3 1
-90 -209 1 2
-90 -209 2 2
-92 -206 0 1
-84 -205 0 1
-84 -205 1 2
-84 -204 0 1
-84 -204 1 1
-84 -203 0 1
-84 -203 1 2
-99 -224 2 1
-100 -222 2 1
-100 -223 2 1
-100 -224 2 1
-98 -205 4 2
-87 -221 0 1
-87 -222 2 1
-87 -222 1 1
-87 -222 0 1
-87 -223 2 1
-87 -223 1 1
-87 -223 0 1
-88 -221 2 1
-88 -221 1 2
-88 -221 0 1
-88 -222 2 1
-88 -222 0 1
-88 -223 2 1
-88 -223 1 1
-88 -223 0 1
-89 -222 2 1
-89 -222 1 2
-89 -222 0 1
-89 -223 1 2
-89 -223 0 1
-88 -222 1 2
-88 -212 3 1
-88 -213 3 1
-88 -213 2 2
-88 -213 1 1
-88 -214 3 1
-88 -214 2 1
-88 -214 1 2
-89 -212 3 1
-89 -213 3 1
-89 -213 1 1
-89 -213 2 2
-86 -218 2 1
-87 -218 3 0
-88 -218 3 1
-95 -213 1 1
-95 -214 1 1
-87 -214 3 1
-87 -215 3 0
-89 -216 4 0
-86 -221 4 0
-87 -220 4 0
-88 -220 4 0
-91 -213 4 0
-97 -237 7 0
-85 -217 5 0
-86 -217 5 0
-87 -217 4 0
-88 -217 4 0
-89 -215 5 0
-89 -216 5 0
-90 -217 4 0
-86 -219 6 0
-87 -219 6 0
-89 -218 5 0
-89 -218 4 0
-91 -216 5 0
-87 -216 7 0
-88 -216 6 0
-89 -217 5 0
-88 -220 8 0
-89 -220 7 0
-89 -219 6 0
-90 -215 7 0
-90 -216 7 0
-90 -217 6 0
-92 -219 9 0
-91 -219 8 0
-91 -218 7 0
-89 -218 9 0
-89 -218 8 0
-98 -209 19 0
-62 -219 0 1
-61 -219 0 1
-86 -212 19 0
-78 -212 20 0
-79 -212 20 0
-84 -207 20 0
-84 -201 1 1
-66 -215 7 0
-64 -213 7 0
-69 -214 8 0
-68 -214 7 0
-64 -217 9 0
-66 -212 9 0
-66 -213 8 0
-65 -215 0 1
-66 -214 1 2
-66 -214 0 1
-57 -223 5 1
-57 -223 4 2
-58 -223 5 1
-81 -208 16 0
-80 -207 15 0
-75 -205 2 1
-75 -205 3 2
-75 -205 4 1
-82 -211 17 0
-84 -212 18 0
-78 -207 17 0
-78 -214 17 0
-84 -208 17 0
-81 -212 16 0
-81 -213 16 0
-56 -241 9 0
-56 -241 10 0
-55 -239 6 0
-55 -238 8 0
-59 -202 4 0
-57 -208 4 0
-59 -250 6 0
-59 -250 7 0
-58 -250 8 0
-62 -250 5 0
-62 -249 6 0
-63 -249 6 0
-93 -213 22 0
-93 -214 23 0
-93 -214 24 0
-94 -214 25 0
-92 -212 22 0
-82 -232 2 1
-96 -231 5 0
-96 -236 7 0
-92 -230 7 0
-93 -230 7 0
-63 -215 10 0
-63 -212 8 0
-62 -211 9 0
-64 -213 10 0
-67 -212 9 0
-67 -209 9 0
-63 -209 7 0
-86 -212 17 0
-86 -212 16 0
-86 -212 15 0
-87 -212 14 0
-53 -206 -1 1
-63 -212 4 1
-68 -217 2 1
-60 -243 6 0
-91 -212 21 0
-99 -212 20 0
-99 -210 19 0
-59 -203 1 1
-73 -203 4 1
-60 -218 10 0
-62 -219 8 0
-64 -248 1 1
-64 -249 1 1
-98 -211 22 0
-78 -210 19 0
-71 -210 10 0
-71 -210 9 0
-71 -210 8 0
-72 -210 7 0
-78 -210 20 0
-83 -213 17 0
-83 -214 17 0
-84 -215 17 0
-82 -208 17 0
-83 -238 6 0
-80 -237 8 0
-95 -213 23 0
-100 -231 11 0
-100 -227 6 0
-99 -229 7 0
-72 -206 9 0
-100 -231 9 0
-100 -227 10 0
-100 -229 11 0
-100 -226 12 0
-81 -211 10 0
-80 -210 10 0
-73 -214 4 1
-73 -214 2 1
-75 -214 3 1
-74 -213 3 1
-74 -211 5 0
-74 -215 5 0
-63 -214 10 0
-56 -206 3 0
-53 -208 -1 1
-53 -208 0 2
-53 -208 1 1
-53 -207 -1 1
-65 -203 4 0
-66 -204 4 0
-73 -212 11 0
-65 -215 11 0
-75 -212 13 0
-75 -211 12 0
-75 -211 11 0
-72 -210 13 0
-73 -210 12 0
-77 -206 12 0
-77 -209 12 0
-79 -214 12 0
-78 -213 12 0
-78 -212 12 0
-60 -249 4 1
-79 -209 12 0
-78 -209 12 0
-63 -246 3 1
-84 -216 17 0
-66 -209 9 0
-69 -215 8 0
-64 -211 7 0
-87 -209 19 0
-66 -214 11 0
-64 -210 10 0
-86 -208 17 0
-51 -215 3 0
-85 -212 18 0
-55 -204 -1 1
-55 -205 1 1
-55 -205 0 2
-55 -205 -1 1
-51 -233 2 1
-93 -215 17 0
-73 -208 10 0
-100 -216 13 0
-100 -216 12 0
-99 -222 13 0
-62 -214 4 1
-75 -211 2 1
-65 -210 6 0
-64 -206 0 2
-52 -240 2 2
-52 -240 3 1
-92 -202 9 0
-92 -202 10 0
-92 -201 11 0
-67 -218 3 2
-90 -205 10 0
-90 -206 11 0
-94 -203 9 0
-95 -203 11 0
-91 -203 8 0
-90 -202 9 0
-89 -202 10 0
-89 -201 11 0
-92 -202 8 0
-93 -201 9 0
-79 -214 15 0
-80 -206 15 0
-89 -204 9 0
-88 -205 10 0
-91 -201 8 0
-84 -213 15 0
-57 -223 3 1
-95 -201 8 0
-96 -201 8 0
-90 -203 8 0
-89 -203 8 0
-88 -202 8 0
-87 -202 8 0
-59 -220 7 0
-62 -217 6 0
-53 -243 3 1
-52 -222 2 1
-73 -202 -1 1
-52 -223 4 1
-75 -202 -1 1
-65 -206 4 1
-70 -202 2 2
-70 -205 4 1
-52 -209 1 1
-52 -209 0 1
-71 -205 3 1
-71 -205 2 1
-72 -205 4 1
-60 -201 5 0
-78 -236 5 0
-78 -235 4 0
-75 -232 2 1
-75 -232 1 2
-75 -232 0 1
-69 -212 9 0
-70 -212 7 0
-51 -201 0 1
-51 -201 -1 1
-51 -202 -1 1
-54 -217 8 0
-76 -212 0 1
-76 -212 1 2
-76 -212 2 2
-76 -211 0 1
-76 -211 1 2
-76 -211 2 1
-55 -222 3 2
-55 -221 2 1
-55 -241 9 0
-51 -235 9 0
-52 -236 8 0
-58 -237 9 0
-57 -237 8 0
-56 -237 8 0
-52 -240 9 0
-53 -239 9 0
-54 -245 4 0
-54 -216 3 2
-54 -216 2 1
-54 -217 4 1
-56 -213 10 0
-57 -211 8 0
-57 -211 9 0
-89 -241 2 1
-57 -235 9 0
-56 -235 8 0
-53 -237 8 0
-54 -232 10 0
-55 -236 9 0
-55 -236 8 0
-80 -230 1 2
-75 -230 0 1
-75 -230 1 2
-100 -221 5 1
-99 -221 12 0
-99 -221 13 0
-86 -214 7 0
-86 -215 7 0
-87 -209 7 0
-87 -208 7 0
-88 -207 7 0
-87 -211 7 0
-88 -212 7 0
-88 -212 6 0
-89 -213 6 0
-85 -207 7 0
-84 -206 6 0
-85 -211 7 0
-84 -212 6 0
-84 -213 6 0
-83 -214 5 0
-88 -209 6 0
-89 -209 5 0
-86 -212 6 0
-86 -213 5 0
-87 -213 4 0
-53 -238 4 1
-62 -202 2 0
-90 -249 3 0
-89 -247 2 1
-95 -249 0 1
-95 -249 1 2
-95 -249 2 1
-94 -249 0 1
-94 -249 1 2
-94 -249 2 1
-55 -212 7 0
-88 -249 0 1
-55 -238 2 2
-55 -203 5 0
-59 -201 4 0
-78 -242 1 1
-78 -242 0 1
-79 -232 2 1
-79 -232 1 2
-79 -232 0 1
-79 -233 2 1
-53 -219 -1 1
-53 -220 0 1
-85 -211 21 0
-82 -214 22 0
-70 -205 8 0
-53 -210 2 1
-65 -208 7 0
-71 -213 2 1
-64 -221 2 1
-55 -220 4 1
-59 -204 -1 1
-59 -205 1 1
-59 -205 -1 1
-59 -206 1 1
-72 -209 5 0
-72 -208 6 0
-73 -207 7 0
-74 -208 2 1
-74 -208 3 2
-70 -250 0 1
-70 -250 1 1
-71 -213 3 2
-56 -207 3 0
-54 -230 9 0
-54 -229 9 0
-54 -229 10 0
-53 -233 8 0
-52 -234 10 0
-56 -231 7 0
-57 -231 9 0
-58 -231 10 0
-52 -230 9 0
-69 -209 2 1
-73 -203 0 1
-55 -228 4 1
-98 -250 1 2
-98 -250 2 1
-97 -250 0 1
-89 -209 8 0
-90 -209 8 0
-91 -208 8 0
-94 -201 8 0
-93 -204 8 0
-100 -229 8 0
-56 -205 5 0
-52 -220 -1 1
-53 -218 0 1
-53 -218 -1 1
-77 -213 13 0
-77 -212 13 0
-79 -238 8 0
-81 -238 5 0
-82 -239 7 0
-82 -239 8 0
-81 -236 6 0
-81 -236 7 0
-81 -235 8 0
-80 -239 5 0
-79 -240 6 0
-79 -240 7 0
-82 -237 5 0
-83 -237 6 0
-84 -237 7 0
-80 -237 4 0
-79 -237 5 0
-79 -236 5 0
-78 -236 6 0
-78 -236 7 0
-82 -236 4 0
-82 -235 5 0
-83 -234 6 0
-78 -239 5 0
-77 -239 5 0
-77 -239 6 0
-84 -209 20 0
-74 -214 10 0
-67 -214 5 0
-66 -213 6 0
-84 -215 20 0
-81 -240 6 0
-95 -202 11 0
-95 -203 10 0
-94 -204 10 0
-94 -204 9 0
-90 -204 11 0
-91 -204 11 0
-91 -205 10 0
-92 -205 9 0
-80 -239 2 1
-81 -239 2 1
-81 -239 1 1
-81 -239 0 1
-80 -239 1 2
-85 -238 2 1
-67 -215 3 2
-51 -222 7 0
-62 -248 2 2
-62 -248 1 1
-82 -210 15 0
-77 -211 10 0
-64 -205 7 0
-56 -233 9 0
-55 -228 7 0
-56 -226 8 0
-57 -225 9 0
-91 -211 22 0
-51 -230 8 0
-58 -231 8 0
-59 -231 8 0
-53 -226 7 0
-53 -225 8 0
-53 -235 9 0
-54 -235 8 0
-89 -212 22 0
-95 -210 20 0
-94 -210 20 0
-100 -210 20 0
-99 -214 20 0
-97 -215 20 0
-96 -216 19 0
-99 -216 18 0
-98 -212 20 0
-54 -233 2 2
-54 -233 1 1
-88 -201 6 0
-87 -201 6 0
-93 -202 6 0
-94 -202 5 0
-95 -203 5 1
-90 -202 6 0
-89 -204 4 0
-91 -202 5 0
-90 -201 10 0
-67 -250 4 1
-68 -250 7 0
-64 -249 6 0
-96 -210 3 1
-96 -210 4 2
-96 -210 5 1
-51 -210 7 0
-51 -210 6 0
-96 -211 6 0
-94 -209 3 2
-95 -210 2 1
-55 -212 2 1
-56 -212 3 1
-53 -214 3 1
-95 -209 3 1
-53 -212 5 0
-55 -213 5 0
-56 -210 6 0
-57 -211 6 0
-57 -212 5 0
-54 -215 7 0
-60 -210 7 0
-56 -216 8 0
-71 -206 2 1
-70 -213 5 1
-59 -223 1 2
-72 -215 3 1
-73 -203 7 0
-58 -211 7 0
-55 -214 6 0
-56 -232 9 0
-98 -226 12 0
-99 -226 12 0
-99 -223 13 0
-100 -223 13 0
-68 -213 3 2
-81 -203 5 0
-58 -210 0 2
-53 -221 8 0
-53 -221 4 1
-53 -221 6 0
-90 -243 2 1
-83 -208 10 0
-82 -212 8 0
-82 -213 9 0
-82 -213 10 0
-82 -208 8 0
-82 -207 8 0
-97 -212 17 0
-100 -217 23 0
-100 -218 23 0
-80 -207 16 0
-62 -216 8 0
-54 -248 4 0
-55 -247 4 0
-95 -201 4 1
-100 -239 2 1
-100 -239 1 2
-100 -239 0 1
-100 -240 2 1
-100 -240 1 2
-100 -240 0 1
-100 -239 4 0
-85 -249 4 0
-85 -250 4 0
-60 -204 2 0
-65 -211 1 1
-68 -214 3 2
-67 -216 4 1
-90 -245 3 0
-51 -227 3 1
-51 -227 2 2
-51 -227 1 1
-70 -205 0 1
-59 -216 4 1
-60 -219 1 1
-63 -221 1 1
-63 -221 0 1
-58 -214 3 2
-58 -214 2 2
-58 -214 1 2
-58 -215 3 2
-77 -204 1 1
-53 -223 2 1
-51 -214 7 0
-51 -214 6 0
-51 -213 6 0
-51 -212 5 0
-96 -213 5 1
-96 -213 6 0
-96 -213 7 0
-95 -211 4 2
-95 -211 3 1
-95 -211 2 1
-95 -212 4 2
-95 -212 3 1
-95 -212 2 1
-96 -211 4 1
-96 -211 3 1
-96 -211 2 1
-96 -212 4 2
-96 -212 2 1
-97 -211 4 2
-97 -211 3 1
-97 -211 2 1
-97 -212 4 2
-97 -212 3 1
-97 -212 2 1
-96 -212 3 2
-96 -247 4 0
-98 -214 5 1
-98 -214 6 0
-94 -215 5 0
-95 -214 6 0
-97 -211 5 1
-97 -211 6 0
-93 -212 6 0
-94 -212 6 0
-94 -213 7 0
-95 -213 8 0
-96 -213 8 0
-100 -212 6 1
-99 -212 7 0
-99 -213 7 0
-94 -217 6 0
-95 -216 7 0
-51 -213 -1 1
-51 -213 0 2
-51 -213 1 1
-99 -201 12 0
-98 -201 14 0
-55 -225 5 1
-51 -203 7 0
-59 -207 2 0
-56 -207 1 1
-56 -207 0 2
-60 -208 5 0
-60 -207 5 0
-73 -205 1 2
-100 -213 25 0
-91 -216 16 0
-90 -211 17 0
-100 -208 21 0
-85 -212 23 0
-86 -212 21 0
-85 -216 17 0
-90 -211 18 0
-91 -211 17 0
-89 -215 17 0
-91 -246 6 0
-93 -250 7 0
-90 -249 7 0
-94 -243 2 1
-94 -243 1 2
-94 -243 0 1
-94 -244 2 1
-94 -244 1 2
-94 -244 0 1
-94 -245 2 1
-94 -245 1 1
-73 -224 5 0
-74 -232 4 0
-73 -233 5 0
-77 -228 4 0
-75 -223 2 1
-74 -223 0 1
-74 -223 1 2
-74 -223 2 1
-73 -225 0 1
-94 -212 14 0
-95 -212 13 0
-95 -212 12 0
-95 -212 11 0
-100 -216 7 0
-99 -216 8 0
-79 -219 3 0
-80 -219 3 0
-80 -220 2 1
-81 -220 2 1
-82 -221 1 2
-82 -218 0 1
-82 -218 1 2
-82 -218 2 1
-82 -217 0 1
-63 -210 3 2
-63 -210 2 2
-64 -208 3 2
-64 -208 2 1
-67 -209 4 1
-67 -209 3 2
-67 -209 2 1
-73 -210 4 1
-85 -204 4 1
-85 -203 2 1
-80 -202 2 2
-63 -209 4 1
-53 -248 1 1
-98 -246 0 1
-98 -246 1 2
-98 -246 2 1
-100 -247 4 0
-52 -244 4 0
-52 -246 5 0
-53 -246 5 0
-51 -242 6 0
-72 -220 0 1
-73 -220 2 1
-73 -220 1 1
-73 -220 0 1
-68 -226 2 1
-79 -207 8 0
-80 -206 8 0
-100 -246 7 0
-100 -246 8 0
-99 -246 11 0
-82 -211 8 0
-76 -205 8 0
-79 -209 6 0
-80 -209 7 0
-81 -208 7 0
-82 -207 7 0
-100 -244 11 0
-100 -248 9 0
-80 -213 6 0
-81 -214 7 0
-78 -208 6 0
-99 -245 8 0
-98 -245 9 0
-98 -244 10 0
-78 -227 6 0
-96 -206 8 0
-97 -206 8 0
-98 -206 7 0
-91 -204 7 0
-90 -203 7 0
-51 -232 4 1
-72 -213 7 0
-74 -212 6 0
-80 -202 8 0
-80 -201 7 0
-53 -225 6 1
-52 -225 4 1
-59 -221 4 1
-57 -206 4 0
-52 -216 2 1
-59 -203 -1 1
-59 -203 0 2
-73 -201 4 0
-54 -212 3 1
-52 -212 4 0
-54 -201 2 1
-75 -201 4 1
-74 -203 4 1
-52 -216 4 1
-52 -215 4 0
-51 -214 4 0
-51 -213 4 0
-52 -230 5 1
-52 -230 4 1
-82 -201 3 2
-54 -209 5 0
-57 -244 7 0
-59 -247 9 0
-58 -246 8 0
-56 -245 9 0
-56 -245 8 0
-56 -245 7 0
-99 -211 21 0
-80 -212 14 0
-81 -213 13 0
-81 -214 12 0
-81 -211 13 0
-81 -211 12 0
-69 -205 9 0
-69 -205 8 0
-58 -227 4 1
-58 -227 5 1
-58 -226 3 1
-55 -218 2 2
-55 -218 3 2
-88 -210 2 1
-88 -209 3 0
-62 -221 0 1
-62 -220 0 1
-59 -214 3 2
-60 -202 -1 1
-63 -202 0 2
-58 -202 0 2
-60 -201 2 1
-60 -202 2 1
-62 -202 4 0
-60 -205 2 0
-58 -209 6 0
-70 -212 12 0
-79 -212 12 0
-81 -246 2 1
-86 -243 3 0
-85 -243 3 0
-94 -249 7 0
-95 -248 3 0
-67 -212 3 2
-67 -212 2 1
-81 -234 2 1
-81 -234 1 2
-79 -203 1 2
-79 -202 1 2
-81 -234 0 1
-82 -234 2 1
-82 -234 1 2
-82 -234 0 1
-99 -245 6 0
-99 -244 6 0
-98 -243 6 0
-97 -243 6 0
-77 -240 2 1
-78 -240 2 1
-80 -239 3 0
-85 -235 2 1
-84 -236 2 1
-98 -247 5 0
-97 -247 5 0
-84 -237 3 0
-78 -236 3 0
-79 -236 3 0
-73 -201 8 0
-100 -244 5 0
-100 -243 4 0
-100 -242 4 0
-81 -238 3 0
-87 -239 3 1
-99 -246 5 0
-98 -245 4 0
-97 -245 3 0
-86 -239 3 2
-78 -242 3 0
-53 -235 10 0
-53 -235 11 0
-97 -209 8 0
-100 -247 5 0
-99 -247 4 0
-99 -247 3 0
-99 -209 8 0
-94 -208 8 0
-93 -207 8 0
-92 -206 8 0
-91 -205 8 0
-96 -207 8 0
-97 -206 7 0
-97 -205 7 0
-87 -214 4 0
-86 -217 7 0
-86 -216 7 0
-87 -216 6 0
-87 -215 5 0
-88 -212 8 0
-95 -239 5 0
-94 -238 4 0
-93 -238 4 0
-88 -238 5 0
-89 -238 5 0
-93 -233 6 0
-93 -234 5 0
-92 -241 6 0
-92 -239 5 0
-88 -235 7 0
-95 -236 7 0
-94 -237 6 0
-90 -239 6 0
-90 -238 5 0
-91 -234 7 0
-91 -235 7 0
-91 -235 6 0
-93 -238 8 0
-92 -238 7 0
-92 -238 6 0
-92 -238 5 0
-90 -237 8 0
-90 -237 7 0
-95 -234 2 1
-95 -234 1 1
-95 -234 0 1
-95 -235 2 1
-95 -235 1 1
-95 -235 0 1
-95 -236 2 1
-95 -236 1 2
-95 -236 0 1
-94 -240 2 1
-94 -240 1 2
-94 -240 0 1
-95 -240 2 1
-95 -240 1 2
-96 -238 2 1
-96 -238 1 2
-96 -239 2 1
-53 -230 9 0
-55 -225 10 0
-55 -226 9 0
-55 -227 8 0
-55 -227 7 0
-56 -229 10 0
-54 -228 11 0
-54 -228 8 0
-75 -213 3 1
-73 -215 8 0
-74 -210 7 0
-61 -223 1 1
-61 -223 0 1
-58 -218 1 2
-59 -218 1 1
-76 -209 4 1
-74 -208 6 0
-84 -211 12 0
-84 -211 10 0
-83 -210 9 0
-82 -210 12 0
-82 -210 11 0
-82 -210 10 0
-83 -210 8 0
-81 -209 3 0
-81 -207 2 1
-81 -207 1 2
-81 -207 0 1
-79 -226 0 1
-84 -221 0 1
-84 -221 1 2
-84 -221 2 1
-96 -243 3 0
-95 -247 2 1
-95 -245 3 0
-95 -244 3 0
-99 -242 3 0
-98 -242 3 0
-97 -242 3 0
-93 -244 3 0
-96 -244 3 0
-99 -240 4 0
-98 -240 4 0
-97 -241 4 0
-96 -242 3 0
-94 -246 4 0
-94 -244 4 0
-99 -244 5 0
-83 -221 0 1
-83 -221 1 1
-83 -221 2 1
-82 -221 0 1
-81 -224 1 2
-82 -225 0 1
-82 -225 1 2
-82 -225 2 1
-82 -224 0 1
-82 -224 1 2
-82 -224 2 1
-95 -239 7 0
-95 -240 7 0
-95 -240 6 0
-95 -241 5 0
-96 -243 7 0
-96 -243 6 0
-96 -243 5 0
-59 -246 6 0
-60 -246 6 0
-60 -246 7 0
-93 -213 5 0
-95 -212 7 0
-97 -209 5 1
-96 -209 6 0
-97 -215 5 1
-96 -214 7 0
-100 -201 18 0
-100 -201 19 0
-94 -211 7 0
-99 -211 6 0
-61 -212 7 0
-68 -218 7 0
-67 -218 7 0
-66 -218 6 0
-85 -208 10 0
-85 -208 11 0
-81 -207 19 0
-81 -208 19 0
-81 -209 18 0
-56 -246 3 1
-60 -219 8 0
-59 -226 8 0
-57 -209 6 0
-73 -202 7 0
-88 -213 24 0
-87 -213 23 0
-61 -212 9 0
-64 -211 10 0
-51 -237 4 0
-63 -214 11 0
-91 -211 21 0
-92 -216 23 0
-92 -216 22 0
-55 -202 1 2
-56 -243 3 1
-56 -243 2 2
-56 -243 1 1
-88 -248 0 1
-99 -212 19 0
-89 -250 3 0
-66 -212 1 2
-65 -209 4 1
-68 -204 4 0
-67 -203 4 0
-62 -217 3 2
-62 -217 2 2
-68 -205 -1 1
-68 -204 -1 1
-68 -204 0 2
-68 -204 1 1
-68 -203 -1 1
-68 -203 0 2
-72 -209 4 1
-72 -209 3 2
-84 -248 1 1
-84 -248 2 1
-84 -247 0 1
-84 -247 1 1
-84 -247 2 1
-84 -246 0 1
-84 -246 1 2
-84 -246 2 1
-89 -246 1 2
-90 -246 0 1
-90 -246 1 2
-90 -246 2 1
-90 -245 0 1
-90 -245 1 2
-90 -245 2 1
-89 -246 0 1
-89 -246 2 1
-89 -245 0 1
-91 -203 2 1
-91 -203 3 1
-91 -202 1 1
-91 -202 3 1
-91 -201 1 1
-91 -201 2 2
-91 -201 3 1
-90 -203 1 2
-90 -203 2 1
-90 -203 3 1
-90 -202 1 2
-90 -202 2 1
-90 -202 3 1
-90 -201 1 2
-55 -208 2 0
-54 -209 2 0
-54 -210 1 1
-52 -205 0 2
-53 -213 -1 1
-53 -213 0 2
-100 -228 5 0
-73 -201 7 0
-55 -234 6 0
-59 -239 5 1
-60 -239 5 0
-54 -238 5 1
-53 -237 5 1
-52 -236 5 1
-56 -219 4 1
-56 -219 5 0
-65 -207 4 1
-61 -217 7 0
-60 -217 6 0
-70 -206 5 0
-61 -203 6 0
-61 -204 6 0
-60 -205 5 0
-60 -211 7 0
-60 -210 6 0
-65 -217 9 0
-59 -215 8 0
-63 -220 7 0
-63 -221 8 0
-65 -218 6 0
-78 -203 -1 1
-79 -203 -1 1
-80 -203 -1 1
-77 -202 -1 1
-78 -202 -1 1
-56 -244 10 0
-58 -246 9 0
-59 -246 9 0
-56 -246 8 0
-55 -247 9 0
-59 -244 7 0
-60 -244 8 0
-54 -242 8 0
-58 -247 7 0
-58 -248 8 0
-58 -242 7 0
-55 -245 6 0
-52 -215 0 2
-52 -215 -1 1
-53 -214 1 2
-53 -214 0 1
-53 -214 -1 1
-53 -215 1 2
-53 -215 0 1
-53 -215 -1 1
-52 -214 0 2
-100 -216 22 0
-80 -210 18 0
-79 -210 19 0
-82 -212 21 0
-80 -209 18 0
-55 -241 7 0
-54 -241 8 0
-54 -241 9 0
-54 -241 10 0
-56 -241 6 0
-70 -227 2 1
-69 -227 2 1
-60 -213 5 0
-63 -211 6 0
-65 -219 6 0
-60 -211 8 0
-67 -217 8 0
-65 -217 7 0
-60 -214 9 0
-66 -215 10 0
-57 -238 8 0
-55 -237 6 1
-56 -236 7 0
-56 -236 8 0
-57 -235 8 0
-53 -239 6 0
-59 -240 7 0
-57 -239 4 1
-83 -215 21 0
-54 -246 4 0
-58 -230 7 0
-66 -213 3 2
-58 -202 2 2
-55 -233 7 0
-56 -231 8 0
-78 -228 2 1
-77 -229 0 1
-77 -229 2 1
-77 -228 0 1
-77 -228 1 2
-86 -211 21 0
-87 -211 22 0
-82 -210 20 0
-81 -210 21 0
-93 -245 0 1
-93 -245 1 2
-93 -245 2 1
-92 -245 0 1
-92 -245 1 1
-92 -245 2 1
-91 -245 0 1
-91 -245 1 2
-91 -245 2 1
-85 -245 0 1
-85 -245 1 2
-85 -245 2 1
-79 -234 2 1
-79 -233 0 1
-79 -233 1 2
-80 -202 0 1
-80 -203 0 1
-75 -203 5 0
-60 -204 -1 1
-64 -216 4 1
-61 -219 5 1
-60 -217 5 1
-80 -202 6 0
-87 -229 0 1
-87 -229 1 2
-87 -229 2 1
-87 -228 0 1
-87 -228 1 2
-87 -228 2 1
-87 -227 0 1
-87 -227 1 2
-87 -227 2 1
-86 -229 0 1
-86 -229 1 2
-86 -229 2 1
-86 -228 0 1
-86 -228 2 1
-86 -227 0 1
-86 -227 1 2
-86 -227 2 1
-85 -229 0 1
-85 -229 1 2
-85 -229 2 1
-85 -228 0 1
-85 -228 1 2
-85 -228 2 1
-51 -203 0 1
-51 -203 -1 1
-52 -228 5 2
-67 -213 2 1
-67 -213 3 2
-76 -208 4 1
-70 -209 5 0
-81 -202 6 0
-63 -221 4 1
-56 -207 4 0
-56 -207 5 0
-57 -217 6 0
-58 -217 7 0
-57 -217 7 0
-57 -216 6 0
-81 -205 9 0
-87 -211 9 0
-84 -210 8 0
-84 -210 7 0
-82 -224 5 0
-82 -224 6 0
-83 -225 7 0
-83 -225 8 0
-81 -221 8 0
-80 -225 6 0
-99 -230 5 0
-100 -230 5 0
-100 -227 5 0
-99 -233 6 0
-98 -228 7 0
-100 -229 6 0
-99 -231 8 0
-100 -231 8 0
-100 -228 3 1
-100 -228 2 2
-100 -249 3 1
-93 -242 2 1
-93 -242 1 2
-93 -242 0 1
-93 -243 2 1
-93 -243 1 1
-93 -244 2 1
-93 -244 1 2
-93 -244 0 1
-91 -203 6 0
-90 -202 5 0
-89 -202 5 0
-89 -202 4 0
-93 -206 4 1
-93 -201 5 0
-93 -201 4 0
-99 -213 11 0
-91 -204 5 0
-95 -204 7 0
-96 -203 7 0
-96 -202 7 0
-91 -206 7 0
-90 -206 7 0
-89 -206 7 0
-88 -207 6 0
-97 -209 6 0
-93 -204 7 0
-93 -203 7 0
-92 -203 6 0
-92 -202 6 0
-93 -207 7 0
-91 -209 6 0
-91 -210 5 0
-95 -206 7 0
-95 -205 6 0
-96 -205 6 0
-97 -205 5 1
-92 -206 7 0
-92 -205 7 0
-91 -205 6 0
-90 -205 5 0
-90 -204 5 0
-68 -215 5 1
-73 -217 6 0
-73 -217 7 0
-73 -220 6 0
-76 -218 5 0
-74 -219 3 0
-88 -206 10 0
-74 -219 0 1
-82 -231 0 1
-75 -227 0 1
-75 -227 1 2
-75 -227 2 1
-74 -236 0 1
-74 -236 1 1
-74 -236 2 1
-74 -235 0 1
-74 -235 1 2
-74 -234 0 1
-74 -234 1 2
-81 -230 0 1
-81 -230 1 1
-80 -230 0 1
-95 -218 13 0
-95 -218 12 0
-73 -218 7 0
-69 -219 7 0
-75 -216 6 0
-72 -220 6 0
-74 -220 3 0
-82 -224 8 0
-76 -220 0 1
-76 -220 1 1
-76 -220 2 1
-75 -220 0 1
-75 -220 1 2
-82 -222 5 0
-83 -222 6 0
-84 -222 7 0
-81 -225 5 0
-82 -226 6 0
-68 -212 5 1
-66 -209 0 1
-70 -217 5 0
-99 -244 7 0
-59 -222 1 1
-54 -209 1 1
-62 -247 6 0
-54 -208 0 2
-51 -213 3 1
-99 -240 8 0
-100 -241 8 0
-100 -242 7 0
-100 -243 7 0
-62 -210 2 2
-53 -230 4 1
-97 -246 9 0
-99 -246 8 0
-53 -230 5 1
-53 -230 6 1
-53 -229 4 1
-54 -208 -1 1
-98 -243 10 0
-99 -243 9 0
-100 -244 8 0
-81 -213 6 0
-81 -212 6 0
-79 -207 6 0
-86 -210 6 0
-78 -212 7 0
-100 -247 10 0
-82 -205 7 0
-82 -206 7 0
-84 -214 7 0
-84 -213 7 0
-83 -212 7 0
-84 -243 5 0
-88 -201 7 0
-86 -202 3 1
-100 -245 10 0
-100 -245 9 0
-99 -241 5 0
-53 -221 3 2
-98 -243 7 0
-100 -245 8 0
-93 -210 16 0
-55 -218 5 0
-52 -219 6 0
-51 -221 8 0
-51 -225 7 0
-70 -212 6 0
-87 -209 10 0
-88 -209 11 0
-82 -208 10 0
-81 -208 11 0
-85 -211 9 0
-85 -212 9 0
-85 -213 10 0
-85 -214 10 0
-86 -209 15 0
-86 -209 16 0
-54 -205 3 1
-55 -203 2 1
-84 -208 6 0
-88 -212 5 0
-87 -212 6 0
-86 -211 6 0
-68 -209 0 1
-68 -209 1 1
-67 -209 0 1
-79 -228 6 0
-78 -229 5 0
-78 -230 5 0
-78 -230 4 0
-74 -230 6 0
-75 -231 5 0
-76 -231 4 0
-80 -231 7 0
-58 -210 -1 1
-58 -224 6 1
-61 -216 6 0
-60 -216 6 0
-59 -216 6 0
-60 -216 7 0
-60 -214 6 0
-60 -214 7 0
-52 -223 5 1
-74 -205 2 1
-74 -205 3 2
-51 -224 4 2
-100 -228 9 0
-52 -231 2 2
-57 -249 5 0
-52 -231 1 1
-60 -245 5 0
-61 -244 5 0
-62 -244 5 0
-56 -246 5 0
-55 -246 5 0
-100 -208 12 0
-53 -245 5 0
-55 -206 8 0
-55 -206 9 0
-100 -205 11 0
-99 -205 11 0
-60 -206 5 0
-61 -206 4 0
-100 -203 9 0
-78 -204 9 0
-86 -213 6 0
-81 -224 0 1
-81 -225 2 1
-81 -225 1 2
-94 -242 6 0
-94 -242 7 0
-94 -242 8 0
-74 -224 6 0
-74 -224 7 0
-72 -229 6 0
-77 -226 5 0
-78 -226 6 0
-76 -223 5 0
-78 -224 4 0
-93 -244 6 0
-93 -245 7 0
-96 -242 5 0
-95 -244 4 0
-96 -244 5 0
-96 -245 6 0
-96 -246 6 0
-96 -239 5 0
-97 -238 6 0
-92 -243 5 0
-97 -243 4 0
-73 -227 7 0
-76 -228 6 0
-76 -231 6 0
-79 -229 5 0
-79 -224 4 0
-80 -227 2 1
-79 -224 0 1
-79 -224 1 2
-79 -224 2 1
-79 -223 0 1
-79 -223 1 2
-79 -223 2 1
-79 -222 0 1
-79 -222 1 2
-79 -222 2 1
-69 -229 0 1
-69 -229 1 1
-70 -202 4 0
-66 -202 3 0
-66 -201 3 0
-69 -220 4 0
-62 -201 2 0
-93 -248 7 0
-95 -247 6 0
-95 -249 4 0
-96 -249 4 0
-87 -201 0 1
-52 -229 5 2
-53 -226 10 0
-62 -218 8 0
-63 -214 9 0
-63 -214 8 0
-65 -218 9 0
-64 -217 8 0
-62 -216 10 0
-55 -227 6 1
-55 -227 5 2
-54 -228 7 0
-62 -213 2 2
-63 -213 4 1
-63 -213 3 2
-79 -201 2 2
-79 -201 3 2
-79 -201 4 1
-59 -220 6 0
-67 -211 3 2
-77 -231 3 0
-72 -231 4 0
-73 -231 4 0
-74 -231 4 0
-81 -229 4 0
-80 -230 4 0
-79 -230 4 0
-79 -231 4 0
-75 -236 5 0
-67 -205 2 1
-67 -205 1 1
-71 -220 2 1
-70 -230 0 1
-70 -230 1 1
-70 -230 2 1
-70 -229 0 1
-70 -229 2 1
-70 -223 0 1
-70 -223 1 2
-70 -223 2 1
-69 -225 0 1
-69 -225 1 2
-69 -225 2 1
-69 -224 0 1
-69 -224 1 2
-65 -221 6 0
-93 -207 3 2
-93 -207 2 2
-93 -207 1 1
-94 -207 1 1
-90 -209 3 1
-92 -207 4 1
-88 -208 5 0
-86 -205 6 0
-90 -207 6 0
-56 -220 5 0
-84 -239 4 0
-89 -213 19 0
-57 -207 7 0
-56 -207 8 0
-76 -210 14 0
-76 -210 13 0
-53 -229 1 1
-53 -230 3 2
-53 -230 2 1
-53 -230 1 1
-73 -214 5 0
-84 -213 9 0
-53 -236 2 1
-53 -203 0 1
-53 -203 1 2
-53 -202 -1 1
-53 -202 0 2
-53 -202 1 2
-51 -207 0 2
-51 -208 -1 1
-51 -208 0 2
-51 -208 1 1
-68 -206 0 1
-68 -205 0 1
-57 -233 4 0
-58 -233 3 0
-51 -233 3 1
-51 -232 3 1
-55 -232 4 0
-55 -232 3 1
-57 -234 0 1
-57 -234 1 1
-57 -234 2 1
-58 -249 8 0
-58 -249 9 0
-53 -227 3 1
-67 -203 5 0
-68 -204 5 0
-69 -204 5 0
-64 -204 5 0
-72 -202 3 0
-73 -202 3 0
-75 -202 4 1
-80 -206 5 0
-72 -201 5 0
-73 -201 5 0
-74 -201 5 0
-75 -201 5 0
-83 -207 11 0
-76 -212 5 0
-77 -212 4 0
-78 -213 4 0
-78 -209 3 0
-66 -211 4 1
-76 -204 4 1
-63 -208 2 1
-63 -209 3 1
-56 -218 7 0
-73 -201 2 1
-72 -201 1 1
-73 -204 0 1
-70 -212 3 2
-59 -208 6 0
-64 -212 5 1
-69 -212 7 0
-52 -204 -1 1
-79 -206 5 0
-58 -224 7 0
-76 -207 4 1
-59 -223 6 1
-60 -206 2 1
-61 -206 3 0
-80 -206 2 1
-58 -207 4 0
-78 -206 13 0
-53 -229 8 0
-58 -230 10 0
-57 -230 9 0
-59 -203 5 0
-68 -219 4 1
-68 -219 5 0
-67 -219 6 0
-71 -219 4 0
-62 -202 -1 1
-63 -201 1 1
-63 -201 0 1
-63 -201 -1 1
-63 -202 1 1
-63 -202 -1 1
-62 -202 0 2
-63 -203 3 0
-61 -201 4 0
-83 -233 3 0
-82 -233 3 0
-83 -230 4 0
-83 -234 5 0
-81 -229 6 0
-82 -232 7 0
-81 -232 6 0
-77 -235 7 0
-78 -230 7 0
-83 -231 2 1
-98 -218 11 0
-70 -214 4 1
-97 -213 23 0
-58 -241 2 1
-58 -241 3 1
-62 -245 2 1
-62 -245 3 1
-62 -245 4 1
-64 -247 4 1
-64 -247 3 1
-64 -247 2 1
-65 -247 4 1
-65 -247 3 1
-65 -247 2 1
-58 -248 3 1
-58 -249 4 1
-83 -210 19 0
-81 -210 18 0
-78 -213 19 0
-78 -212 19 0
-78 -212 18 0
-79 -208 20 0
-81 -212 20 0
-81 -212 19 0
-62 -222 8 0
-61 -248 4 1
-54 -206 2 1
-54 -205 2 1
-57 -209 1 1
-61 -216 8 0
-61 -216 4 1
-65 -203 -1 1
-59 -241 3 1
-60 -240 3 0
-52 -244 1 1
-52 -244 2 2
-52 -244 3 1
-61 -250 1 1
-61 -250 2 2
-61 -250 3 1
-61 -249 1 1
-99 -227 12 0
-96 -224 12 0
-77 -216 1 2
-77 -216 2 1
-76 -216 0 1
-76 -216 1 2
-76 -216 2 1
-75 -216 0 1
-75 -216 1 2
-75 -216 2 1
-80 -215 0 1
-80 -215 1 2
-77 -213 4 0
-79 -214 8 0
-76 -214 5 0
-68 -213 1 2
-63 -218 0 1
-58 -246 3 1
-66 -219 8 0
-65 -218 7 0
-61 -214 8 0
-82 -226 4 0
-82 -226 7 0
-82 -226 8 0
-83 -226 5 0
-84 -227 6 0
-84 -227 7 0
-84 -227 8 0
-83 -224 6 0
-83 -224 7 0
-83 -223 8 0
-82 -227 5 0
-81 -228 6 0
-68 -216 1 2
-69 -219 4 0
-99 -234 3 1
-98 -234 3 0
-96 -230 1 2
-99 -207 7 0
-98 -205 8 0
-97 -231 0 1
-97 -231 1 2
-97 -231 2 1
-97 -230 0 1
-97 -230 1 1
-97 -230 2 1
-97 -229 0 1
-97 -229 1 1
-97 -229 2 2
-99 -230 8 0
-97 -229 6 0
-97 -230 7 0
-96 -225 5 0
-95 -226 5 0
-95 -227 5 0
-95 -220 4 1
-97 -224 5 0
-97 -224 4 1
-96 -224 4 0
-95 -224 4 0
-94 -224 3 1
-98 -218 2 1
-98 -218 3 1
-98 -218 4 1
-82 -209 13 0
-83 -213 13 0
-82 -207 14 0
-79 -215 14 0
-79 -213 14 0
-84 -211 15 0
-83 -211 15 0
-82 -214 16 0
-81 -213 15 0
-80 -212 15 0
-74 -209 16 0
-82 -208 16 0
-81 -209 16 0
-56 -210 -1 1
-56 -210 0 2
-56 -208 2 0
-51 -240 9 0
-51 -234 7 0
-52 -232 8 0
-63 -211 10 0
-62 -217 10 0
-62 -213 8 0
-66 -210 9 0
-63 -212 7 0
-62 -210 8 0
-66 -218 7 0
-69 -204 1 1
-69 -204 2 1
-57 -206 0 2
-52 -210 5 0
-52 -209 5 0
-83 -201 6 0
-63 -208 1 1
-82 -202 5 0
-68 -206 2 1
-96 -222 10 0
-96 -225 9 0
-96 -221 7 0
-98 -221 6 0
-96 -223 6 0
-94 -223 7 0
-93 -224 7 0
-96 -227 6 0
-95 -222 6 0
-94 -221 6 0
-93 -221 6 0
-98 -221 5 0
-98 -220 5 1
-98 -219 5 1
-95 -224 5 0
-95 -225 5 0
-72 -208 7 0
-61 -217 6 0
-71 -209 6 0
-61 -209 7 0
-62 -204 8 0
-52 -212 -1 1
-52 -212 0 2
-52 -212 1 1
-52 -211 -1 1
-52 -211 0 2
-52 -211 1 1
-52 -210 -1 1
-52 -210 0 2
-52 -210 1 1
-52 -209 2 0
-98 -222 8 0
-98 -221 8 0
-63 -213 6 0
-65 -217 4 1
-89 -234 5 0
-87 -233 8 0
-87 -233 7 0
-88 -233 6 0
-89 -236 2 1
-89 -236 1 2
-73 -230 2 1
-73 -216 0 1
-71 -207 3 2
-56 -223 9 0
-58 -224 8 0
-94 -223 6 0
-93 -223 8 0
-93 -223 9 0
-95 -224 7 0
-95 -224 8 0
-94 -221 8 0
-94 -221 9 0
-93 -224 6 0
-93 -225 7 0
-93 -225 8 0
-92 -226 8 0
-96 -223 7 0
-93 -222 6 0
-92 -222 6 0
-92 -222 7 0
-91 -221 8 0
-95 -226 6 0
-93 -223 5 0
-92 -224 6 0
-91 -224 6 0
-90 -225 7 0
-94 -222 5 0
-93 -221 5 0
-93 -228 6 0
-90 -201 8 0
-95 -201 11 0
-89 -204 11 0
-90 -204 10 0
-90 -203 9 0
-56 -216 4 1
-57 -220 4 1
-57 -219 3 2
-55 -246 8 0
-100 -213 12 0
-94 -218 11 0
-97 -216 9 0
-93 -247 3 0
-78 -238 5 0
-83 -233 5 0
-85 -236 6 0
-79 -239 7 0
-88 -206 4 0
-87 -206 0 1
-88 -206 1 2
-88 -206 0 1
-89 -206 2 1
-89 -206 1 2
-89 -206 0 1
-86 -207 2 1
-86 -207 1 2
-86 -207 0 1
-86 -208 2 1
-64 -221 0 1
-67 -225 2 1
-67 -225 0 1
-67 -226 2 1
-60 -214 1 1
-60 -214 2 2
-60 -214 3 1
-59 -216 1 1
-72 -208 9 0
-69 -209 8 0
-76 -213 3 1
-90 -213 20 0
-91 -209 22 0
-81 -213 11 0
-84 -212 17 0
-56 -225 7 0
-57 -224 8 0
-57 -223 9 0
-60 -247 4 1
-51 -228 8 0
-59 -228 8 0
-60 -229 8 0
-55 -225 7 0
-54 -224 7 0
-53 -223 8 0
-57 -226 7 0
-59 -225 7 0
-60 -224 7 0
-57 -234 9 0
-52 -233 8 0
-51 -233 9 0
-55 -211 3 0
-86 -201 3 2
-74 -207 4 1
-62 -217 5 0
-100 -203 16 0
-51 -207 3 0
-59 -240 8 0
-58 -240 8 0
-57 -240 7 0
-53 -243 9 0
-69 -223 4 0
-68 -223 4 0
-67 -223 4 0
-72 -223 3 0
-69 -225 7 0
-75 -222 6 0
-97 -211 8 0
-98 -211 7 0
-99 -211 7 0
-52 -228 7 0
-53 -228 5 2
-60 -223 3 1
-61 -213 4 1
-55 -201 -1 1
-56 -201 -1 1
-55 -201 1 2
-55 -201 0 2
-56 -201 1 1
-56 -201 0 2
-54 -241 2 2
-54 -241 3 1
-53 -241 1 1
-53 -241 2 2
-53 -241 3 1
-58 -240 1 1
-56 -202 -1 1
-57 -202 0 2
-55 -210 0 2
-95 -216 22 0
-94 -211 22 0
-74 -212 17 0
-100 -215 23 0
-99 -215 22 0
-56 -232 4 0
-58 -231 3 0
-53 -232 5 1
-100 -211 11 0
-99 -207 11 0
-97 -212 11 0
-100 -213 9 0
-55 -230 2 1
-52 -234 2 2
-99 -215 6 0
-52 -233 1 1
-52 -233 2 1
-51 -234 1 1
-79 -214 13 0
-79 -213 13 0
-80 -211 13 0
-80 -213 12 0
-83 -209 12 0
-63 -246 5 0
-63 -247 5 0
-62 -247 5 0
-61 -248 5 0
-57 -245 6 0
-58 -245 6 0
-58 -246 5 0
-58 -247 5 0
-63 -250 6 0
-55 -250 7 0
-68 -218 8 0
-69 -211 7 0
-69 -215 6 0
-64 -216 5 1
-84 -213 16 0
-87 -210 15 0
-82 -209 19 0
-78 -215 13 0
-80 -208 13 0
-80 -207 13 0
-81 -207 12 0
-90 -216 22 0
-96 -214 4 1
-96 -214 2 1
-96 -215 4 1
-96 -215 3 2
-96 -215 2 1
-97 -213 4 2
-97 -213 3 1
-97 -213 2 1
-97 -214 4 1
-97 -214 3 1
-97 -214 2 1
-97 -215 3 1
-97 -215 2 1
-65 -211 5 0
-68 -212 7 0
-67 -213 6 0
-100 -224 13 0
-61 -225 7 0
-57 -247 2 2
-56 -249 1 1
-56 -249 2 2
-56 -248 1 1
-56 -248 2 1
-56 -248 3 1
-56 -247 1 1
-56 -247 2 1
-56 -247 3 1
-61 -246 1 1
-51 -223 8 0
-72 -203 -1 1
-63 -209 9 0
-56 -228 7 0
-57 -228 7 0
-58 -227 7 0
-59 -227 7 0
-52 -229 7 0
-57 -232 6 0
-57 -229 6 0
-67 -204 5 0
-66 -204 5 0
-65 -204 5 0
-65 -213 7 0
-70 -204 4 0
-54 -229 4 1
-55 -228 5 1
-71 -204 8 0
-53 -227 7 0
-56 -230 7 0
-53 -232 9 0
-53 -232 8 0
-78 -210 14 0
-51 -223 6 0
-77 -214 10 0
-60 -206 7 0
-59 -210 4 1
-60 -209 4 0
-64 -202 4 0
-59 -211 7 0
-58 -206 5 0
-59 -206 5 0
-60 -206 4 0
-62 -211 5 0
-62 -210 5 0
-61 -202 6 0
-62 -204 5 0
-61 -208 5 0
-54 -209 0 2
-54 -209 -1 1
-57 -203 0 2
-63 -215 2 1
-63 -215 3 2
-59 -216 3 2
-82 -202 4 1
-81 -202 2 2
-72 -206 6 0
-73 -207 5 0
-56 -241 3 1
-56 -241 1 1
-54 -224 3 1
-55 -224 4 1
-56 -250 3 1
-62 -246 1 1
-56 -246 2 2
-56 -246 1 1
-58 -226 4 1
-56 -245 1 1
-73 -206 0 1
-74 -206 1 1
-74 -206 0 1
-67 -202 0 2
-71 -211 3 2
-68 -222 1 2
-68 -222 2 1
-68 -221 0 1
-68 -221 1 2
-68 -221 2 1
-70 -222 5 0
-70 -222 7 0
-69 -222 8 0
-72 -223 6 0
-72 -223 7 0
-71 -220 5 0
-71 -220 6 0
-70 -219 7 0
-69 -224 6 0
-69 -224 7 0
-73 -221 5 0
-73 -221 6 0
-93 -235 6 0
-93 -235 7 0
-90 -237 4 0
-79 -223 3 0
-79 -222 3 0
-79 -221 3 0
-93 -213 17 0
-60 -246 3 1
-60 -246 2 1
-56 -209 6 0
-56 -212 5 0
-71 -202 3 1
-57 -213 5 0
-68 -202 6 0
-74 -202 0 1
-86 -201 9 0
-94 -201 9 0
-78 -201 -1 1
-78 -201 0 2
-78 -201 1 1
-78 -209 15 0
-79 -212 18 0
-79 -211 17 0
-79 -211 16 0
-77 -210 19 0
-77 -210 18 0
-77 -210 17 0
-77 -210 16 0
-78 -210 15 0
-54 -240 4 0
-53 -239 4 0
-52 -238 4 0
-58 -212 2 1
-54 -215 6 0
-71 -207 9 0
-69 -204 7 0
-69 -203 8 0
-66 -216 9 0
-66 -215 8 0
-93 -210 22 0
-93 -212 21 0
-93 -217 23 0
-58 -250 1 1
-72 -212 14 0
-79 -211 13 0
-81 -212 14 0
-75 -208 13 0
-75 -207 13 0
-74 -206 13 0
-75 -214 13 0
-75 -215 13 0
-81 -208 13 0
-65 -217 1 2
-65 -218 1 2
-65 -219 1 2
-66 -217 1 2
-66 -218 1 2
-54 -237 3 1
-98 -215 21 0
-90 -213 15 0
-89 -212 17 0
-88 -212 18 0
-99 -211 20 0
-100 -215 20 0
-100 -215 19 0
-86 -216 2 1
-86 -216 1 1
-86 -216 0 1
-86 -217 2 1
-86 -217 1 2
-86 -217 0 1
-87 -215 2 1
-87 -215 1 2
-87 -215 0 1
-87 -216 2 1
-87 -216 0 1
-88 -215 2 1
-88 -215 1 2
-88 -215 0 1
-88 -216 2 1
-88 -216 1 2
-93 -224 2 2
-93 -224 0 1
-94 -223 0 1
-94 -224 2 2
-94 -224 1 1
-94 -224 0 1
-93 -224 1 2
-94 -230 2 1
-82 -207 1 2
-95 -228 3 1
-95 -227 3 1
-91 -227 3 0
-92 -226 3 0
-93 -226 3 1
-94 -226 4 0
-93 -222 4 0
-93 -223 4 0
-92 -229 4 0
-93 -228 4 0
-96 -224 5 0
-91 -225 5 0
-92 -225 5 0
-93 -225 5 0
-59 -246 7 0
-57 -246 10 0
-57 -246 9 0
-68 -210 1 1
-68 -210 0 1
-67 -209 1 1
-62 -243 3 0
-56 -250 4 0
-64 -244 6 0
-55 -248 7 0
-98 -228 3 1
-98 -228 2 2
-98 -228 1 1
-98 -229 3 1
-98 -229 2 2
-98 -229 1 1
-99 -227 3 1
-99 -227 2 2
-53 -240 4 0
-93 -210 10 0
-89 -216 11 0
-89 -215 10 0
-90 -214 10 0
-88 -208 11 0
-89 -209 11 0
-89 -209 10 0
-94 -214 11 0
-92 -213 10 0
-92 -209 12 0
-91 -210 11 0
-91 -216 12 0
-80 -210 20 0
-86 -210 21 0
-84 -211 20 0
-84 -211 19 0
-58 -248 5 0
-73 -206 6 0
-78 -235 2 1
-78 -234 0 1
-78 -234 1 2
-71 -219 2 1
-71 -219 1 2
-62 -246 2 1
-57 -249 3 1
-62 -250 3 1
-85 -230 8 0
-87 -231 5 0
-87 -231 6 0
-72 -211 11 0
-55 -220 10 0
-77 -207 12 0
-76 -207 12 0
-66 -214 3 2
-65 -214 2 2
-64 -211 5 0
-69 -211 3 2
-59 -205 7 0
-63 -209 6 0
-59 -211 2 1
-57 -226 4 2
-56 -224 5 1
-57 -225 5 1
-57 -227 5 1
-65 -210 2 2
-60 -216 5 1
-82 -212 19 0
-71 -205 7 0
-71 -210 4 1
-98 -211 21 0
-80 -209 1 1
-91 -210 9 0
-93 -216 10 0
-91 -213 10 0
-71 -208 4 1
-71 -208 3 2
-81 -203 6 0
-58 -219 6 0
-58 -227 2 1
-58 -227 1 1
-66 -222 3 0
-53 -236 8 0
-82 -213 17 0
-67 -217 7 0
-67 -219 8 0
-52 -241 9 0
-68 -216 6 0
-69 -216 6 0
-70 -216 7 0
-68 -217 5 0
-68 -218 5 0
-51 -234 4 2
-51 -233 4 2
-63 -214 4 1
-60 -249 9 0
-58 -246 7 0
-58 -245 8 0
-57 -249 7 0
-63 -217 6 0
-63 -216 7 0
-57 -209 3 0
-54 -203 3 1
-54 -204 3 1
-55 -204 3 1
-53 -210 4 0
-54 -209 4 0
-55 -208 4 0
-56 -208 4 0
-58 -202 4 0
-58 -203 4 0
-58 -204 4 0
-99 -215 7 0
-79 -244 2 1
-79 -244 1 1
-80 -242 3 1
-80 -242 2 1
-80 -242 1 2
-80 -243 3 1
-84 -208 21 0
-77 -213 16 0
-76 -214 16 0
-81 -209 14 0
-91 -249 2 1
-91 -249 1 2
-58 -208 5 0
-63 -207 1 1
-64 -218 4 1
-64 -218 3 2
-64 -218 2 1
-63 -206 -1 1
-69 -211 6 0
-55 -210 3 0
-55 -209 3 0
-51 -202 3 1
-60 -242 5 0
-59 -242 5 1
-94 -215 24 0
-94 -216 25 0
-97 -213 22 0
-98 -213 23 0
-98 -213 24 0
-99 -213 24 0
-94 -212 23 0
-62 -216 9 0
-57 -224 9 0
-57 -225 8 0
-56 -226 7 0
-80 -205 5 0
-100 -217 10 0
-97 -214 11 0
-76 -201 1 2
-56 -232 3 0
-57 -231 2 1
-57 -231 1 2
-93 -220 9 0
-90 -220 6 0
-90 -221 7 0
-89 -222 8 0
-90 -218 6 0
-89 -218 6 0
-89 -217 7 0
-88 -217 7 0
-92 -218 5 0
-90 -219 5 0
-89 -220 6 0
-88 -220 6 0
-87 -221 7 0
-85 -222 1 1
-90 -217 5 0
-90 -216 5 0
-89 -215 6 0
-90 -224 6 0
-92 -219 4 0
-89 -219 5 0
-88 -218 5 0
-87 -218 5 0
-86 -218 5 0
-83 -222 2 1
-91 -218 4 0
-92 -216 4 0
-90 -220 4 0
-89 -221 4 0
-88 -222 4 0
-87 -222 4 0
-88 -216 4 0
-88 -216 3 1
-89 -219 4 0
-88 -219 3 0
-88 -220 3 0
-87 -220 2 1
-89 -216 1 2
-89 -216 2 2
-89 -216 3 1
-89 -215 1 1
-89 -215 2 1
-89 -215 3 1
-89 -214 1 1
-89 -214 2 2
-89 -214 3 1
-89 -223 2 1
-89 -217 0 1
-89 -217 1 2
-85 -227 0 1
-85 -227 1 2
-85 -227 2 1
-84 -226 3 0
-81 -228 0 1
-77 -232 8 0
-80 -233 7 0
-78 -229 7 0
-76 -234 7 0
-80 -229 5 0
-80 -228 6 0
-75 -233 5 0
-82 -234 5 0
-81 -230 4 0
-90 -214 3 1
-90 -214 2 2
-90 -214 1 1
-91 -212 3 1
-91 -212 2 1
-91 -212 1 1
-91 -213 3 1
-91 -213 1 1
-92 -212 3 1
-92 -212 2 2
-92 -212 1 1
-79 -210 1 2
-79 -210 2 1
-79 -209 0 1
-79 -209 1 2
-79 -209 2 1
-78 -211 0 1
-78 -211 1 2
-78 -211 2 1
-78 -210 0 1
-78 -210 2 1
-78 -209 0 1
-78 -209 1 1
-78 -209 2 1
-77 -209 0 1
-77 -209 1 2
-63 -209 8 0
-63 -208 8 0
-64 -213 11 0
-66 -213 9 0
-65 -210 9 0
-65 -210 10 0
-63 -211 8 0
-67 -211 10 0
-65 -209 9 0
-66 -207 8 0
-69 -212 11 0
-68 -210 8 0
-68 -209 9 0
-67 -211 11 0
-68 -208 10 0
-55 -203 6 0
-82 -204 7 0
-82 -203 7 0
-54 -207 5 0
-52 -205 -1 1
-52 -206 1 1
-52 -206 0 2
-52 -206 -1 1
-57 -201 5 0
-89 -246 4 0
-89 -245 4 0
-89 -244 4 0
-87 -250 4 0
-61 -221 8 0
-62 -221 9 0
-76 -230 0 1
-68 -212 6 0
-61 -214 2 2
-61 -214 3 2
-59 -223 4 2
-64 -217 6 0
-76 -207 5 0
-79 -236 1 2
-82 -207 5 0
-81 -207 6 0
-85 -212 6 0
-86 -211 3 0
-86 -212 4 0
-87 -212 4 0
-82 -204 1 2
-81 -206 1 2
-81 -205 1 2
-81 -204 1 2
-80 -206 1 2
-80 -205 1 2
-80 -204 1 2
-84 -211 3 0
-84 -213 2 1
-89 -212 0 1
-89 -212 1 1
-89 -212 2 2
-88 -212 0 1
-88 -212 1 2
-88 -212 2 2
-87 -212 0 1
-87 -212 1 2
-87 -212 2 1
-82 -204 0 1
-82 -203 0 1
-82 -203 1 2
-81 -212 0 1
-81 -212 1 2
-81 -212 2 1