DAV_OBMAP v3 cell_size=10
-116 -140 14 0
-113 -139 14 1
-112 -139 14 1
-149 -102 0 1
-149 -102 -1 1
-148 -101 0 2
-148 -101 6 1
-147 -102 3 1
-147 -102 5 1
-147 -102 4 1
-148 -103 3 2
-126 -127 4 1
-126 -127 3 2
-126 -127 2 1
-127 -127 3 1
-125 -112 3 2
-124 -110 6 1
-124 -110 5 1
-124 -110 4 1
-124 -111 6 1
-124 -111 5 1
-124 -111 4 1
-124 -112 6 1
-124 -112 5 1
-124 -112 4 1
-125 -110 6 1
-125 -110 5 2
-125 -110 4 1
-125 -111 6 1
-125 -111 4 1
-125 -112 4 2
-126 -110 6 1
-126 -110 5 1
-126 -110 4 1
-126 -111 5 1
-126 -111 4 1
-125 -111 5 2
-126 -111 6 1
-131 -121 1 2
-131 -122 1 2
-126 -111 7 0
-126 -112 6 1
-128 -115 4 1
-135 -101 3 0
-135 -140 6 1
-135 -140 7 1
-150 -119 11 0
-106 -150 4 1
-131 -145 4 0
-133 -143 4 0
-132 -145 4 0
-133 -145 4 0
-132 -144 5 0
-132 -144 4 0
-134 -145 1 0
-133 -146 1 0
-133 -145 2 0
-133 -147 2 0
-134 -143 2 0
-132 -145 2 0
-135 -144 3 0
-133 -146 3 0
-134 -143 3 0
-132 -145 3 0
-133 -125 6 0
-132 -125 4 1
-133 -125 5 0
-109 -144 8 1
-109 -144 7 1
-110 -143 8 1
-110 -144 8 1
-110 -144 7 1
-111 -144 8 1
-110 -143 7 2
-109 -142 6 1
-130 -109 5 0
-131 -110 6 0
-131 -110 7 0
-131 -110 5 0
-130 -111 7 0
-130 -111 5 0
-127 -111 7 0
-127 -111 5 0
-129 -110 8 0
-129 -110 3 2
-130 -110 2 1
-127 -123 3 2
-127 -124 3 1
-125 -122 8 1
-125 -122 7 1
-101 -122 7 0
-125 -123 7 1
-125 -124 8 1
-110 -103 0 2
-115 -106 1 1
-115 -105 1 1
-114 -106 1 1
-114 -105 1 1
-115 -113 7 0
-125 -124 4 1
-102 -121 3 1
-102 -119 7 0
-102 -119 8 0
-102 -119 9 0
-103 -118 1 1
-103 -118 2 1
-103 -118 3 1
-113 -140 2 1
-114 -140 3 2
-115 -140 3 1
-115 -140 2 1
-114 -141 9 1
-114 -141 8 0
-116 -141 4 0
-117 -141 6 0
-116 -139 4 0
-131 -109 7 0
-120 -141 3 2
-128 -118 5 0
-129 -118 7 0
-128 -118 6 0
-129 -118 6 0
-120 -106 7 0
-130 -127 4 1
-120 -105 8 0
-120 -106 6 0
-118 -105 7 0
-119 -105 8 0
-116 -110 5 1
-115 -111 4 0
-136 -138 9 1
-136 -137 7 1
-136 -137 8 1
-136 -137 9 1
-135 -139 8 1
-135 -139 9 1
-135 -138 8 1
-130 -136 5 1
-134 -136 3 1
-134 -136 4 1
-130 -138 2 1
-129 -138 2 1
-129 -138 3 1
-129 -138 4 1
-129 -137 2 1
-134 -123 3 2
-129 -137 4 1
-129 -136 2 1
-136 -123 6 0
-138 -147 4 0
-139 -145 1 1
-139 -145 0 1
-139 -145 -1 1
-139 -146 0 1
-139 -146 -1 1
-139 -147 0 1
-139 -147 -1 1
-140 -145 1 1
-140 -145 0 1
-140 -145 -1 1
-140 -146 1 1
-140 -146 -1 1
-102 -148 19 0
-140 -147 0 1
-101 -148 18 0
-140 -146 0 2
-141 -148 0 1
-141 -148 -1 1
-139 -147 1 1
-139 -146 1 1
-140 -148 1 0
-140 -145 2 0
-139 -147 2 0
-140 -149 2 0
-141 -145 4 0
-141 -148 3 0
-140 -148 4 0
-140 -147 4 0
-141 -145 1 1
-141 -145 0 1
-141 -145 -1 1
-141 -146 0 1
-104 -138 10 1
-104 -137 10 1
-104 -136 10 2
-103 -138 10 1
-103 -137 10 2
-103 -136 10 2
-101 -147 19 0
-102 -137 10 1
-102 -136 10 1
-102 -140 7 2
-102 -140 8 1
-106 -139 7 1
-109 -149 3 2
-109 -149 4 1
-129 -106 3 1
-150 -122 13 0
-128 -130 6 0
-110 -150 1 1
-110 -150 2 2
-110 -150 3 2
-118 -110 9 1
-118 -110 8 1
-118 -110 7 1
-119 -108 9 1
-119 -108 8 1
-119 -108 7 1
-119 -109 9 1
-144 -148 9 0
-119 -109 8 1
-119 -109 7 1
-144 -149 7 0
-101 -132 5 1
-101 -132 6 1
-141 -124 8 1
-143 -147 9 0
-142 -148 9 0
-142 -149 10 0
-143 -147 7 0
-142 -148 7 0
-142 -149 7 0
-140 -137 6 1
-144 -146 10 0
-144 -146 11 0
-108 -135 7 1
-107 -137 7 1
-107 -136 6 2
-107 -136 7 1
-107 -135 6 1
-107 -135 7 1
-110 -134 5 1
-113 -142 4 1
-113 -142 5 1
-111 -132 1 1
-111 -133 1 1
-110 -132 2 2
-110 -132 8 0
-110 -132 7 0
-110 -132 6 0
-110 -132 5 0
-113 -132 6 0
-112 -132 5 0
-112 -129 3 0
-112 -130 3 0
-109 -142 5 1
-114 -141 1 1
-125 -122 4 1
-125 -122 5 1
-125 -122 6 1
-131 -120 5 0
-132 -119 6 0
-132 -119 7 0
-111 -104 -1 1
-112 -103 0 1
-112 -103 -1 1
-112 -104 0 1
-108 -145 8 1
-108 -145 7 2
-108 -146 8 1
-108 -146 7 2
-108 -146 6 1
-108 -147 8 1
-108 -147 7 2
-108 -147 6 1
-109 -145 8 1
-109 -145 7 2
-110 -145 8 1
-147 -149 8 0
-147 -146 9 0
-147 -147 10 0
-147 -148 10 0
-147 -147 7 0
-147 -148 7 0
-145 -147 8 0
-145 -146 10 0
-145 -147 10 0
-145 -147 7 0
-125 -127 4 1
-125 -127 3 1
-125 -127 2 1
-125 -128 4 1
-125 -128 3 1
-125 -128 2 1
-126 -126 3 2
-126 -126 2 1
-127 -126 3 1
-127 -126 2 1
-126 -127 7 0
-125 -123 6 1
-125 -123 5 2
-125 -123 4 1
-145 -142 7 0
-125 -124 6 1
-145 -142 8 0
-145 -142 6 0
-144 -141 7 0
-143 -141 7 0
-144 -141 8 0
-144 -141 6 0
-145 -140 9 0
-144 -141 3 1
-144 -141 4 2
-144 -141 5 1
-144 -140 3 1
-144 -140 4 1
-144 -140 5 1
-150 -137 6 1
-115 -103 2 1
-112 -104 2 1
-112 -105 2 0
-112 -104 3 1
-112 -105 3 0
-111 -104 2 0
-111 -105 2 0
-133 -115 6 1
-133 -114 4 1
-128 -101 6 0
-128 -101 5 0
-133 -113 4 1
-112 -106 1 1
-125 -128 6 0
-125 -128 5 0
-126 -127 6 1
-125 -127 6 0
-104 -123 3 0
-112 -101 2 2
-112 -101 3 1
-111 -102 1 1
-111 -101 1 1
-111 -101 2 1
-111 -101 3 1
-110 -103 4 0
-111 -102 -1 1
-111 -102 0 1
-139 -146 7 0
-138 -146 7 0
-137 -146 7 0
-139 -145 8 0
-138 -144 8 0
-139 -145 9 0
-138 -144 9 0
-139 -145 7 0
-138 -144 7 0
-141 -142 8 0
-141 -144 9 0
-141 -143 9 0
-141 -143 7 0
-149 -128 11 0
-150 -127 11 0
-114 -138 8 0
-114 -138 2 2
-115 -138 1 1
-115 -138 2 1
-115 -138 3 1
-115 -137 1 1
-115 -137 2 1
-115 -137 3 1
-114 -138 1 1
-114 -138 3 1
-114 -137 1 1
-114 -137 2 1
-113 -138 1 1
-113 -138 2 1
-113 -138 3 1
-141 -139 8 1
-141 -139 9 1
-141 -138 7 2
-141 -138 9 2
-141 -137 7 1
-141 -137 8 1
-141 -137 9 1
-140 -139 7 1
-140 -139 8 1
-140 -139 9 1
-140 -138 7 2
-140 -138 8 2
-140 -138 9 2
-140 -137 7 1
-140 -137 8 1
-140 -137 9 1
-142 -139 6 1
-143 -138 7 1
-143 -138 8 1
-143 -138 6 1
-149 -142 9 0
-150 -141 10 0
-143 -142 6 0
-149 -141 12 0
-150 -141 12 0
-149 -142 11 0
-150 -141 11 0
-143 -140 4 2
-143 -141 3 1
-143 -141 4 2
-140 -101 5 0
-139 -102 6 0
-141 -102 6 0
-138 -103 4 0
-107 -127 0 1
-128 -116 2 1
-128 -117 4 1
-128 -117 3 1
-128 -117 2 1
-146 -102 8 1
-146 -102 7 2
-146 -103 8 2
-146 -104 8 2
-146 -104 7 1
-130 -138 4 1
-130 -137 5 1
-129 -137 3 1
-128 -132 10 0
-128 -130 9 0
-127 -133 9 0
-129 -131 9 0
-132 -133 10 1
-129 -131 10 0
-127 -132 10 0
-127 -130 10 0
-129 -130 10 0
-128 -129 9 0
-128 -129 10 0
-129 -128 9 0
-126 -130 9 0
-104 -130 3 0
-108 -129 4 0
-105 -127 4 0
-106 -128 5 0
-139 -137 6 1
-139 -137 7 1
-139 -137 8 1
-149 -118 10 0
-112 -144 6 1
-127 -102 5 1
-126 -104 3 1
-126 -104 4 1
-126 -104 5 1
-127 -102 6 0
-109 -135 3 2
-109 -135 4 2
-109 -134 2 1
-109 -134 3 1
-109 -134 4 1
-109 -133 2 1
-109 -133 3 1
-109 -133 4 1
-112 -135 4 1
-113 -133 4 0
-109 -138 4 2
-133 -121 5 0
-133 -121 8 0
-131 -123 6 0
-123 -125 3 1
-133 -119 6 0
-132 -120 7 0
-131 -120 6 0
-131 -121 5 0
-131 -121 7 1
-131 -121 6 0
-132 -121 6 0
-124 -123 6 1
-124 -122 5 1
-125 -126 4 1
-125 -126 3 2
-125 -126 2 1
-127 -126 7 1
-127 -125 5 2
-127 -125 7 1
-128 -108 6 0
-127 -107 6 0
-128 -121 5 1
-128 -122 7 1
-128 -122 6 1
-129 -120 7 1
-129 -120 5 1
-129 -122 6 1
-129 -122 5 1
-130 -122 5 1
-108 -136 3 2
-109 -136 5 1
-109 -136 4 2
-109 -136 3 2
-110 -136 5 1
-110 -136 4 1
-110 -136 3 1
-112 -137 1 1
-131 -132 7 2
-136 -139 9 1
-139 -102 2 1
-144 -139 4 2
-144 -139 3 1
-131 -143 2 0
-127 -143 8 0
-127 -143 5 0
-129 -142 6 0
-128 -140 6 0
-128 -141 8 0
-129 -141 5 0
-150 -104 8 0
-150 -102 9 0
-150 -101 9 0
-150 -104 7 1
-150 -105 7 0
-150 -105 8 0
-142 -101 5 0
-148 -129 8 1
-149 -124 6 1
-149 -123 5 1
-150 -121 5 1
-149 -123 4 1
-149 -123 6 1
-149 -122 4 1
-149 -122 5 1
-150 -115 3 1
-149 -121 2 1
-149 -115 4 2
-150 -127 7 1
-150 -115 5 1
-150 -127 9 1
-145 -109 5 1
-145 -109 4 1
-145 -109 3 1
-145 -110 3 1
-146 -109 5 1
-146 -109 4 1
-146 -109 3 1
-146 -110 3 1
-147 -109 4 1
-147 -109 3 1
-147 -110 3 1
-148 -109 5 1
-150 -126 7 0
-150 -127 8 1
-107 -134 11 2
-106 -136 11 1
-106 -135 11 2
-106 -134 11 2
-103 -132 9 0
-102 -132 8 0
-105 -132 8 0
-140 -135 11 1
-109 -101 4 0
-107 -102 3 1
-106 -102 2 1
-136 -144 10 0
-101 -122 6 0
-144 -145 3 0
-136 -144 5 0
-138 -145 5 0
-136 -143 5 0
-137 -144 5 0
-138 -144 5 0
-104 -133 10 0
-104 -132 11 0
-107 -133 10 1
-107 -133 11 1
-106 -133 10 1
-106 -133 11 1
-105 -133 11 1
-146 -119 6 1
-147 -117 8 1
-148 -116 5 1
-147 -117 7 1
-147 -117 6 1
-149 -108 5 1
-147 -109 5 1
-145 -110 7 1
-146 -110 7 1
-148 -109 6 0
-149 -109 6 0
-149 -110 6 0
-144 -146 12 0
-144 -146 7 0
-144 -146 6 0
-104 -120 5 0
-104 -119 5 0
-104 -121 6 0
-104 -122 4 0
-104 -121 4 0
-104 -120 4 0
-115 -140 6 0
-115 -141 8 0
-116 -143 8 0
-116 -142 8 0
-132 -122 2 2
-133 -122 3 2
-133 -122 2 2
-134 -121 4 1
-130 -138 3 1
-130 -139 4 1
-130 -139 3 1
-130 -138 5 1
-130 -138 7 0
-130 -138 8 0
-131 -138 8 0
-131 -139 7 0
-103 -125 4 0
-102 -125 4 0
-104 -123 6 0
-104 -123 9 0
-105 -122 0 1
-105 -122 1 1
-105 -122 2 1
-104 -122 0 1
-117 -106 6 0
-133 -114 5 1
-138 -123 7 0
-101 -130 7 0
-146 -104 2 1
-110 -116 7 0
-110 -116 6 0
-111 -117 5 0
-111 -117 7 0
-128 -112 5 0
-111 -116 6 0
-112 -116 5 0
-129 -115 4 0
-129 -115 8 0
-130 -114 5 1
-130 -114 7 0
-130 -114 6 1
-129 -113 5 0
-129 -113 7 0
-129 -113 6 0
-128 -114 5 0
-128 -114 7 0
-128 -114 6 0
-138 -139 4 2
-138 -139 3 1
-138 -140 4 2
-118 -113 4 0
-118 -113 6 0
-118 -113 5 0
-117 -113 4 0
-117 -114 6 0
-117 -113 5 0
-118 -114 5 0
-116 -115 4 0
-117 -115 6 0
-116 -115 5 0
-117 -115 5 0
-105 -101 3 1
-105 -101 2 1
-105 -101 1 1
-150 -124 8 0
-150 -124 9 0
-130 -118 4 1
-117 -107 7 1
-116 -108 8 2
-116 -108 6 0
-117 -107 6 0
-117 -108 9 1
-117 -108 8 1
-117 -108 7 1
-117 -109 9 1
-117 -109 8 1
-114 -144 2 1
-114 -145 4 1
-114 -145 3 2
-114 -145 2 1
-115 -144 9 1
-115 -144 8 0
-113 -146 5 1
-115 -148 4 1
-115 -148 7 2
-115 -147 7 1
-115 -146 6 0
-115 -148 5 1
-115 -147 5 0
-115 -140 4 1
-115 -142 6 0
-128 -112 3 2
-128 -112 2 1
-150 -125 11 0
-149 -126 11 0
-128 -113 2 1
-150 -125 12 0
-149 -126 12 0
-150 -125 10 0
-129 -112 4 1
-129 -112 2 1
-129 -113 3 1
-119 -105 9 0
-104 -127 7 0
-104 -127 8 0
-114 -108 2 1
-115 -137 16 0
-138 -110 7 2
-139 -109 5 1
-139 -108 5 1
-139 -107 5 1
-133 -131 14 1
-133 -132 14 1
-129 -132 13 0
-132 -131 14 1
-129 -131 14 0
-131 -132 14 1
-145 -132 8 1
-103 -142 17 0
-101 -141 17 1
-103 -143 15 2
-106 -135 2 1
-104 -133 4 0
-106 -143 14 1
-106 -143 15 1
-104 -143 15 2
-104 -143 16 1
-103 -143 14 1
-103 -143 16 1
-102 -143 14 1
-102 -143 15 2
-108 -136 12 1
-108 -132 14 0
-107 -131 15 0
-108 -132 16 0
-107 -131 16 0
-105 -132 17 0
-107 -133 17 0
-107 -134 17 0
-103 -143 19 1
-102 -145 17 1
-131 -135 15 0
-129 -134 15 0
-130 -135 15 0
-131 -134 14 1
-132 -135 14 1
-133 -133 14 1
-131 -135 14 1
-132 -134 14 1
-132 -134 13 1
-130 -135 13 1
-131 -135 12 2
-132 -136 11 1
-132 -136 12 1
-132 -136 13 2
-132 -135 11 1
-132 -135 12 2
-132 -135 13 2
-132 -134 11 2
-132 -134 12 1
-131 -136 11 1
-131 -136 12 1
-131 -136 13 1
-131 -135 11 1
-131 -135 13 1
-131 -134 11 2
-131 -134 12 1
-130 -136 11 1
-130 -136 12 1
-130 -136 13 1
-130 -135 11 1
-130 -135 12 1
-130 -134 11 1
-130 -134 12 1
-133 -135 11 2
-133 -135 12 1
-133 -134 11 1
-133 -134 12 1
-133 -133 12 1
-106 -146 4 2
-106 -146 3 1
-106 -147 3 1
-106 -148 4 1
-106 -148 3 1
-107 -146 3 1
-107 -147 3 1
-106 -147 4 2
-105 -145 7 1
-132 -134 16 0
-133 -134 15 0
-132 -135 15 0
-133 -135 15 0
-131 -136 14 1
-130 -135 14 0
-133 -134 14 1
-129 -134 13 0
-133 -135 13 2
-133 -133 13 1
-133 -136 12 1
-133 -136 13 2
-133 -136 14 1
-133 -135 14 1
-133 -134 13 1
-132 -136 14 1
-107 -146 5 2
-107 -146 4 2
-107 -147 4 1
-106 -147 7 1
-106 -147 6 1
-106 -147 5 1
-106 -148 7 1
-106 -148 6 1
-106 -148 5 1
-106 -149 7 1
-106 -149 6 1
-106 -149 5 1
-107 -147 5 1
-111 -145 6 1
-107 -147 8 1
-107 -147 7 1
-107 -147 6 2
-107 -148 8 1
-107 -149 8 1
-108 -146 3 1
-108 -146 2 2
-132 -136 15 0
-134 -134 13 1
-134 -136 10 1
-150 -128 3 1
-150 -127 3 1
-149 -129 3 1
-149 -128 3 1
-150 -129 10 1
-119 -119 6 0
-119 -119 4 1
-120 -118 5 0
-120 -142 7 0
-121 -142 5 0
-120 -142 4 1
-122 -140 6 0
-121 -139 6 0
-122 -141 6 0
-122 -140 7 0
-121 -139 7 0
-122 -141 5 0
-122 -140 5 0
-121 -139 4 0
-124 -139 6 0
-124 -138 6 0
-124 -139 7 0
-124 -138 7 0
-124 -139 5 0
-124 -138 4 0
-126 -139 4 0
-126 -145 4 0
-124 -146 6 0
-124 -145 7 0
-124 -146 4 0
-122 -143 6 0
-122 -144 6 0
-121 -145 6 0
-122 -144 7 0
-121 -144 7 0
-122 -143 5 0
-122 -144 5 0
-121 -145 4 1
-124 -142 9 0
-124 -142 10 0
-124 -142 4 0
-124 -142 3 0
-102 -145 18 1
-105 -131 16 0
-105 -134 17 0
-145 -131 10 0
-105 -139 2 1
-102 -107 5 0
-105 -105 5 0
-103 -105 5 0
-106 -107 5 0
-105 -107 5 0
-104 -105 6 0
-104 -106 5 0
-102 -106 6 0
-106 -106 6 0
-103 -105 6 0
-105 -105 7 0
-105 -106 6 0
-117 -110 5 1
-117 -109 3 1
-150 -131 10 0
-150 -130 11 0
-150 -131 13 0
-150 -130 13 0
-149 -131 12 0
-150 -130 12 0
-129 -125 4 1
-129 -125 7 1
-129 -125 6 2
-129 -125 5 2
-115 -110 2 1
-118 -104 7 0
-116 -110 2 1
-116 -110 1 1
-114 -112 3 1
-114 -109 3 1
-114 -109 5 0
-114 -109 4 0
-113 -111 3 0
-114 -111 5 0
-113 -111 4 0
-114 -111 4 0
-127 -111 3 1
-124 -111 3 1
-124 -111 2 1
-124 -112 3 1
-124 -112 2 1
-124 -113 4 1
-124 -113 3 1
-124 -113 2 1
-125 -111 3 1
-125 -111 2 1
-125 -112 2 1
-126 -111 3 1
-126 -111 2 1
-126 -112 3 1
-126 -112 2 1
-129 -130 14 0
-132 -130 14 1
-130 -132 14 1
-131 -130 14 1
-131 -131 15 0
-130 -131 15 0
-130 -131 14 1
-129 -129 12 0
-129 -132 12 0
-131 -128 12 0
-129 -130 12 0
-130 -129 13 0
-129 -131 13 0
-132 -129 13 1
-129 -130 13 0
-130 -130 13 1
-131 -129 14 0
-131 -131 14 1
-130 -130 14 0
-129 -131 11 0
-129 -130 11 0
-129 -131 12 0
-130 -131 12 1
-119 -101 3 1
-119 -101 4 1
-101 -137 6 1
-102 -137 3 1
-102 -137 4 2
-102 -137 5 2
-101 -136 3 1
-102 -141 2 1
-102 -141 3 1
-102 -141 4 1
-102 -140 2 1
-102 -140 3 1
-120 -150 5 1
-120 -149 6 0
-102 -140 4 2
-102 -139 2 1
-101 -136 2 2
-101 -136 4 2
-101 -135 2 2
-101 -135 3 1
-101 -135 4 2
-101 -138 2 1
-101 -135 5 2
-102 -136 4 2
-102 -136 5 2
-102 -136 6 1
-118 -150 6 1
-102 -135 4 1
-116 -149 9 1
-116 -150 9 1
-116 -150 8 1
-116 -150 7 1
-102 -135 5 1
-102 -135 6 1
-102 -134 4 1
-117 -149 9 1
-117 -149 8 1
-117 -149 7 1
-117 -150 9 2
-117 -150 7 1
-102 -134 5 1
-102 -134 6 1
-101 -136 5 2
-118 -149 9 1
-118 -149 8 1
-118 -149 7 1
-118 -150 9 1
-101 -136 6 1
-101 -135 6 1
-117 -150 8 2
-101 -134 4 2
-101 -134 5 2
-101 -134 6 1
-102 -138 2 2
-102 -137 2 2
-101 -134 2 1
-101 -134 3 2
-102 -137 1 1
-102 -136 1 1
-102 -136 2 2
-102 -136 3 1
-102 -135 1 1
-102 -135 2 2
-102 -135 3 1
-101 -137 1 1
-101 -136 1 1
-101 -135 1 1
-102 -137 7 2
-103 -138 6 1
-103 -138 7 2
-103 -138 8 1
-103 -137 6 1
-103 -137 7 2
-103 -137 8 2
-103 -136 6 1
-103 -136 7 2
-103 -136 8 2
-102 -138 6 1
-102 -138 7 2
-102 -138 8 2
-102 -137 6 1
-102 -137 8 2
-102 -136 7 1
-102 -136 8 1
-103 -136 2 2
-104 -136 1 1
-104 -136 2 2
-104 -136 3 2
-104 -135 1 1
-104 -135 2 2
-104 -135 3 2
-103 -136 1 1
-103 -136 3 1
-103 -135 1 1
-103 -135 2 2
-103 -135 3 1
-102 -134 1 1
-102 -134 2 2
-101 -138 1 1
-103 -135 4 1
-103 -135 5 1
-104 -140 3 1
-104 -140 4 2
-104 -140 5 1
-102 -140 5 2
-104 -136 4 2
-102 -133 2 2
-105 -136 1 1
-105 -136 2 1
-105 -136 3 2
-105 -135 1 1
-105 -135 2 1
-105 -135 3 1
-105 -134 1 1
-105 -134 2 2
-105 -134 3 1
-104 -134 1 1
-104 -136 7 2
-103 -135 6 1
-105 -137 6 2
-105 -137 7 1
-105 -137 8 1
-105 -136 6 2
-105 -136 7 2
-105 -136 8 1
-105 -135 6 1
-105 -135 7 1
-105 -135 8 2
-104 -135 6 2
-104 -135 7 2
-104 -135 8 2
-103 -135 7 1
-117 -149 15 2
-117 -149 14 1
-103 -135 8 1
-103 -134 5 1
-105 -137 5 2
-106 -138 4 1
-106 -138 5 1
-106 -138 6 1
-106 -137 4 1
-105 -138 4 1
-105 -138 5 2
-105 -138 6 1
-105 -137 4 2
-105 -136 4 2
-105 -136 5 2
-104 -137 4 2
-104 -137 5 2
-104 -136 5 2
-104 -135 5 2
-138 -129 14 0
-136 -130 15 0
-137 -129 15 0
-136 -131 15 0
-139 -129 15 0
-136 -130 16 0
-137 -130 15 0
-139 -130 16 0
-137 -131 16 0
-138 -129 16 0
-149 -115 8 0
-111 -141 2 1
-111 -140 2 1
-111 -139 2 1
-110 -141 2 1
-110 -140 2 1
-110 -139 2 1
-109 -141 2 1
-109 -140 2 1
-109 -139 2 1
-113 -138 4 0
-112 -137 4 0
-111 -137 4 1
-113 -138 5 0
-112 -137 6 0
-111 -137 3 1
-114 -136 4 0
-114 -136 6 0
-144 -125 10 0
-129 -142 5 0
-150 -147 8 0
-150 -147 10 0
-106 -150 7 1
-106 -150 8 1
-105 -150 6 1
-111 -148 2 1
-112 -148 2 1
-113 -149 2 1
-113 -150 2 1
-104 -150 8 1
-113 -150 3 1
-108 -150 6 1
-108 -150 7 1
-107 -150 5 1
-112 -147 3 1
-113 -147 3 1
-113 -148 3 1
-113 -149 3 2
-103 -150 7 1
-103 -150 8 2
-103 -150 9 2
-102 -150 7 1
-102 -150 8 1
-102 -150 9 1
-105 -150 9 1
-105 -150 10 1
-105 -150 11 1
-104 -150 10 1
-104 -150 11 1
-103 -150 10 1
-103 -150 11 2
-106 -150 9 1
-106 -150 10 1
-104 -149 8 1
-104 -149 9 1
-104 -149 10 1
-109 -146 5 2
-109 -146 4 1
-109 -146 3 1
-109 -147 5 2
-109 -147 4 2
-109 -147 3 1
-110 -146 5 1
-110 -146 4 1
-110 -146 3 1
-110 -147 5 2
-110 -147 3 1
-111 -146 4 1
-111 -146 3 1
-111 -147 4 2
-111 -147 3 1
-110 -147 4 2
-112 -148 6 2
-113 -148 5 1
-113 -148 4 1
-113 -149 5 1
-113 -149 4 2
-113 -150 5 2
-113 -150 4 2
-107 -148 7 1
-107 -148 6 2
-107 -148 5 1
-107 -149 7 1
-107 -149 6 1
-107 -149 5 1
-108 -148 5 1
-150 -110 9 0
-150 -109 8 0
-150 -111 7 0
-135 -101 4 0
-141 -126 8 1
-150 -138 10 1
-150 -137 9 1
-150 -137 10 1
-149 -139 9 1
-117 -116 4 1
-150 -121 11 0
-150 -122 12 0
-149 -123 12 0
-150 -121 10 0
-116 -107 7 1
-137 -139 4 2
-131 -127 6 2
-131 -127 7 1
-143 -101 1 1
-143 -101 0 2
-142 -128 10 1
-127 -107 3 1
-128 -105 4 2
-127 -141 3 0
-128 -140 2 0
-125 -140 4 0
-124 -141 4 0
-139 -140 7 1
-139 -140 6 1
-138 -139 6 2
-138 -139 7 2
-138 -139 8 1
-138 -138 6 2
-129 -135 8 1
-129 -135 7 1
-129 -136 9 1
-129 -136 8 1
-129 -136 7 1
-129 -137 9 1
-129 -137 8 1
-129 -137 7 1
-149 -139 7 1
-128 -136 8 2
-149 -139 5 1
-129 -136 6 0
-130 -136 6 0
-149 -140 5 1
-149 -141 7 1
-119 -107 8 0
-128 -131 2 1
-119 -107 7 0
-119 -141 4 1
-118 -144 4 1
-119 -140 2 1
-119 -140 3 2
-119 -140 4 1
-123 -139 2 0
-123 -144 2 1
-123 -144 3 1
-123 -144 4 1
-123 -143 2 1
-123 -143 3 1
-122 -144 2 1
-137 -125 7 1
-138 -124 4 2
-150 -142 8 1
-120 -139 3 1
-122 -145 2 1
-122 -145 3 1
-121 -145 2 1
-121 -145 3 1
-120 -145 2 1
-120 -145 3 1
-118 -141 3 2
-118 -142 2 1
-118 -142 3 1
-118 -141 2 1
-118 -140 2 1
-130 -129 12 0
-133 -132 13 1
-133 -131 13 2
-132 -132 13 2
-132 -131 13 2
-132 -130 13 1
-141 -143 4 1
-141 -143 3 1
-142 -143 5 1
-142 -143 4 1
-106 -143 4 1
-107 -141 6 1
-107 -141 5 2
-107 -141 4 1
-108 -141 6 1
-108 -141 5 1
-108 -141 4 1
-104 -143 7 2
-104 -143 6 2
-104 -143 5 2
-111 -145 8 1
-108 -142 7 1
-105 -143 8 1
-105 -147 8 1
-106 -147 8 1
-106 -143 8 1
-137 -146 5 0
-136 -147 4 0
-138 -146 4 0
-106 -143 16 1
-108 -134 18 0
-107 -132 18 0
-106 -134 18 0
-108 -132 17 0
-109 -134 17 0
-106 -135 17 0
-109 -132 16 0
-107 -137 13 1
-101 -142 16 1
-101 -142 15 2
-101 -142 14 1
-107 -133 18 0
-108 -134 17 0
-107 -134 18 0
-109 -133 18 0
-106 -132 18 0
-109 -132 17 0
-121 -148 17 0
-122 -147 17 0
-122 -148 16 0
-141 -134 6 1
-147 -135 6 1
-147 -134 6 1
-134 -139 3 1
-150 -139 11 1
-134 -140 3 1
-135 -138 3 1
-136 -138 3 1
-111 -112 7 0
-112 -111 6 0
-114 -113 6 0
-114 -113 7 0
-114 -115 6 0
-108 -130 5 0
-107 -130 6 0
-107 -129 3 1
-110 -128 4 0
-110 -129 5 0
-136 -128 6 1
-131 -103 6 1
-131 -105 6 0
-147 -121 2 1
-148 -119 2 1
-148 -120 2 1
-148 -121 2 1
-149 -119 2 1
-103 -110 7 0
-103 -110 8 0
-104 -110 7 0
-104 -109 7 0
-110 -116 5 0
-111 -115 8 0
-108 -129 5 0
-116 -145 2 1
-116 -145 3 1
-118 -106 8 0
-118 -106 5 0
-118 -106 4 0
-147 -102 7 2
-147 -103 8 2
-147 -103 7 2
-147 -104 8 2
-147 -104 7 2
-146 -103 7 2
-143 -136 9 1
-143 -136 8 1
-128 -118 4 1
-128 -118 3 1
-128 -118 2 1
-104 -102 5 0
-107 -102 5 0
-105 -101 5 0
-107 -129 2 1
-145 -103 1 1
-144 -104 1 1
-137 -147 8 0
-136 -148 8 0
-101 -116 0 1
-106 -122 4 0
-106 -122 3 0
-108 -124 4 0
-129 -130 6 0
-129 -131 7 0
-129 -130 7 0
-130 -130 6 0
-133 -132 5 1
-133 -132 6 1
-133 -132 7 1
-133 -131 5 1
-133 -131 6 1
-133 -131 7 1
-132 -131 5 1
-132 -131 6 1
-132 -131 7 1
-123 -103 6 0
-122 -103 7 0
-122 -103 8 0
-132 -121 7 1
-131 -122 5 0
-121 -103 7 0
-131 -122 6 0
-122 -104 7 0
-121 -101 8 0
-119 -101 6 0
-110 -119 6 0
-119 -102 6 0
-119 -102 8 0
-108 -117 6 0
-119 -102 7 0
-120 -102 7 0
-107 -118 6 0
-108 -118 6 0
-126 -101 3 1
-117 -108 3 1
-117 -109 5 1
-117 -109 4 1
-103 -125 5 0
-102 -125 5 0
-101 -126 5 0
-103 -125 6 0
-102 -125 6 0
-149 -101 8 0
-102 -122 6 0
-102 -122 5 0
-103 -122 5 0
-104 -123 5 0
-101 -124 3 0
-102 -124 4 0
-125 -123 8 1
-145 -102 -1 1
-145 -102 0 2
-145 -102 1 1
-145 -101 0 2
-145 -101 1 1
-147 -123 9 0
-136 -122 5 0
-136 -122 8 0
-113 -114 7 0
-113 -113 7 0
-113 -114 6 0
-113 -113 6 0
-146 -125 6 0
-135 -124 5 1
-135 -124 6 0
-136 -124 5 1
-138 -122 5 0
-138 -138 8 2
-138 -138 7 1
-125 -124 5 1
-125 -125 6 1
-125 -125 5 1
-147 -123 10 0
-138 -145 4 0
-136 -147 3 0
-137 -145 3 0
-137 -147 3 0
-136 -146 3 0
-135 -146 3 0
-144 -132 15 0
-144 -133 15 0
-143 -133 16 0
-144 -134 16 0
-144 -133 14 0
-143 -132 15 0
-141 -130 11 1
-131 -132 2 1
-128 -134 7 1
-128 -135 6 0
-144 -104 3 2
-143 -103 4 1
-143 -103 7 1
-143 -103 5 1
-106 -125 0 1
-106 -125 1 1
-105 -127 -1 1
-129 -113 4 1
-144 -101 -1 1
-144 -101 0 2
-144 -101 1 1
-138 -110 6 1
-138 -111 8 1
-138 -111 7 2
-138 -111 6 2
-135 -106 8 1
-135 -106 7 1
-135 -106 6 1
-135 -107 8 1
-135 -107 7 1
-117 -148 16 1
-117 -148 15 2
-117 -148 14 1
-146 -102 1 1
-150 -134 11 1
-150 -134 13 0
-128 -108 4 1
-149 -106 7 0
-117 -147 4 0
-117 -147 7 0
-115 -142 7 0
-146 -102 0 1
-129 -101 5 1
-129 -101 7 0
-129 -101 6 0
-129 -102 5 1
-128 -102 7 0
-122 -123 2 1
-103 -116 7 0
-102 -116 6 0
-104 -115 5 0
-103 -115 5 0
-101 -114 4 0
-101 -115 4 0
-101 -114 7 0
-101 -115 7 0
-101 -116 6 0
-101 -114 5 0
-101 -115 5 0
-101 -116 5 0
-106 -132 6 0
-114 -134 3 0
-115 -133 3 0
-112 -136 6 0
-101 -115 2 1
-131 -135 6 1
-131 -135 7 1
-132 -135 6 2
-133 -135 5 1
-133 -135 6 1
-133 -135 7 1
-133 -134 5 1
-133 -134 6 1
-133 -134 7 1
-132 -135 5 2
-132 -135 7 2
-132 -134 5 1
-132 -134 6 2
-132 -134 7 2
-131 -136 5 1
-131 -136 7 1
-131 -135 5 1
-131 -134 5 2
-131 -134 6 2
-131 -134 7 2
-133 -135 8 1
-133 -134 8 1
-132 -135 8 1
-131 -136 8 1
-123 -125 6 0
-123 -123 5 0
-111 -142 2 1
-138 -142 4 1
-138 -142 5 1
-131 -145 8 0
-129 -146 7 0
-130 -145 7 0
-132 -146 6 0
-132 -144 6 0
-132 -147 7 0
-134 -145 6 0
-134 -143 6 0
-130 -107 6 0
-144 -138 8 1
-129 -113 8 0
-132 -140 7 0
-132 -141 7 0
-129 -141 6 0
-130 -141 8 0
-129 -141 7 0
-128 -143 6 0
-142 -147 11 0
-142 -147 12 0
-121 -141 7 0
-149 -105 4 1
-148 -106 2 1
-148 -105 2 2
-147 -107 2 1
-147 -106 2 1
-147 -105 2 2
-146 -107 2 1
-146 -106 2 1
-146 -105 2 1
-149 -121 7 1
-135 -122 7 0
-134 -122 5 0
-135 -121 6 0
-135 -121 7 0
-135 -121 5 1
-136 -120 6 0
-146 -139 7 1
-136 -121 7 0
-136 -120 7 0
-136 -120 5 1
-138 -121 6 0
-138 -121 7 0
-138 -121 5 0
-125 -126 7 1
-124 -124 6 1
-124 -124 5 1
-111 -107 2 0
-109 -142 4 1
-111 -144 6 1
-111 -147 5 1
-117 -141 4 1
-116 -142 7 0
-114 -140 4 1
-114 -140 7 0
-114 -142 6 0
-110 -140 3 2
-110 -141 3 1
-110 -142 3 1
-111 -140 3 2
-112 -140 3 2
-110 -140 8 1
-110 -140 7 1
-110 -141 8 1
-110 -141 7 1
-110 -142 8 1
-110 -142 7 1
-110 -140 6 2
-110 -140 5 1
-110 -140 4 2
-110 -141 6 1
-110 -141 5 1
-110 -141 4 1
-110 -142 6 1
-110 -142 5 1
-110 -142 4 1
-111 -140 6 2
-111 -140 5 2
-111 -140 4 2
-128 -133 14 0
-128 -130 14 0
-130 -132 8 1
-123 -103 7 0
-128 -131 16 0
-139 -124 5 1
-139 -123 7 0
-149 -117 4 2
-149 -117 5 1
-128 -133 15 0
-127 -132 15 0
-128 -133 13 0
-148 -121 3 1
-150 -129 9 2
-150 -130 8 1
-137 -132 13 0
-136 -130 13 0
-137 -129 16 0
-136 -131 16 0
-133 -130 16 0
-133 -131 15 0
-132 -130 16 0
-128 -134 14 0
-128 -132 13 0
-132 -129 15 0
-133 -128 14 1
-132 -129 14 1
-135 -132 13 0
-105 -135 16 1
-105 -134 14 1
-105 -134 15 1
-105 -134 16 1
-133 -133 16 0
-134 -133 14 0
-134 -133 16 0
-134 -134 16 0
-135 -132 16 0
-135 -132 12 1
-135 -132 11 2
-135 -132 10 1
-133 -132 16 0
-134 -133 15 0
-135 -133 14 0
-107 -139 18 0
-106 -137 18 0
-105 -139 18 0
-105 -137 17 0
-106 -140 17 0
-104 -139 17 0
-105 -136 17 0
-105 -140 17 0
-104 -138 16 1
-104 -139 16 1
-104 -138 15 2
-109 -141 14 1
-109 -141 15 1
-109 -141 16 1
-105 -146 4 2
-105 -146 3 1
-105 -147 4 1
-105 -147 3 1
-105 -148 5 1
-105 -148 4 1
-105 -148 3 1
-105 -145 6 2
-105 -145 5 2
-105 -146 7 1
-105 -146 6 1
-105 -146 5 1
-105 -147 7 1
-105 -147 6 1
-105 -147 5 1
-106 -145 7 2
-106 -145 6 1
-106 -145 5 2
-149 -148 8 0
-149 -145 7 0
-148 -143 7 0
-144 -142 7 0
-144 -143 7 0
-144 -143 10 0
-144 -143 9 0
-134 -105 2 1
-134 -106 4 1
-134 -106 3 1
-134 -106 2 1
-135 -104 3 1
-135 -104 2 1
-135 -105 4 1
-135 -105 2 2
-135 -106 4 1
-135 -106 3 1
-135 -106 2 2
-136 -105 4 1
-136 -105 3 1
-136 -105 2 2
-136 -106 4 1
-136 -106 3 1
-136 -106 2 1
-134 -101 6 1
-134 -102 6 1
-134 -102 4 1
-134 -103 4 1
-134 -104 5 1
-134 -104 4 1
-134 -105 6 0
-135 -102 6 1
-135 -104 6 1
-134 -102 7 0
-134 -103 7 0
-134 -103 6 1
-134 -104 7 0
-133 -103 7 0
-133 -104 4 1
-133 -104 5 1
-133 -105 5 0
-134 -104 6 1
-133 -106 6 0
-133 -105 7 0
-133 -104 6 1
-133 -102 7 0
-132 -106 7 0
-132 -103 8 0
-132 -104 7 0
-133 -104 7 0
-132 -104 6 1
-133 -106 7 0
-132 -103 7 0
-132 -105 8 0
-131 -104 8 0
-131 -105 8 0
-131 -105 7 0
-130 -104 2 1
-131 -104 4 1
-131 -104 3 2
-131 -104 2 1
-130 -105 7 0
-131 -107 7 0
-129 -106 8 0
-130 -107 8 0
-129 -105 2 1
-129 -106 2 1
-123 -122 2 1
-123 -122 3 2
-127 -125 6 2
-128 -125 5 1
-122 -124 3 1
-126 -114 7 0
-126 -114 4 1
-127 -114 4 1
-125 -113 4 1
-127 -113 4 1
-124 -113 5 1
-126 -113 5 1
-124 -114 5 0
-150 -103 3 1
-133 -122 6 0
-150 -101 4 1
-133 -122 7 1
-133 -122 5 0
-134 -121 6 0
-133 -120 6 0
-135 -120 6 0
-135 -120 7 0
-135 -120 5 1
-136 -123 5 0
-135 -123 5 0
-108 -145 1 1
-107 -147 1 1
-132 -142 4 0
-130 -144 4 0
-131 -142 4 0
-132 -142 3 0
-110 -129 3 0
-102 -122 7 0
-104 -121 7 0
-105 -119 4 0
-105 -119 7 0
-105 -119 5 0
-124 -125 5 0
-124 -126 6 0
-124 -126 5 0
-117 -106 7 0
-149 -126 8 0
-150 -126 10 0
-149 -126 9 0
-150 -125 9 0
-149 -123 8 0
-149 -123 9 0
-149 -124 8 0
-142 -101 1 2
-142 -101 0 2
-130 -135 2 1
-129 -134 6 0
-129 -126 4 1
-130 -126 4 2
-150 -131 12 0
-148 -131 12 0
-149 -131 13 0
-150 -131 11 0
-149 -131 11 0
-145 -114 6 1
-145 -113 4 1
-145 -113 5 1
-145 -112 4 1
-145 -112 5 1
-150 -112 5 1
-148 -113 5 1
-149 -112 4 2
-150 -121 8 0
-149 -121 8 1
-138 -134 13 0
-139 -134 13 1
-139 -134 12 1
-139 -135 14 1
-139 -135 12 1
-139 -136 13 1
-139 -136 12 1
-140 -134 14 1
-140 -134 13 2
-140 -134 12 2
-140 -135 14 1
-140 -135 12 1
-102 -137 9 2
-102 -136 9 1
-105 -137 9 1
-105 -136 9 1
-105 -135 9 2
-104 -135 9 2
-103 -135 9 1
-102 -134 7 0
-101 -139 7 2
-101 -139 8 1
-101 -135 8 0
-105 -134 8 1
-104 -134 8 1
-103 -134 8 1
-105 -139 7 2
-105 -139 8 1
-141 -146 -1 1
-141 -147 0 1
-141 -147 -1 1
-142 -148 0 1
-142 -148 -1 1
-143 -148 1 1
-101 -134 8 0
-105 -134 9 1
-104 -134 9 1
-103 -134 9 1
-118 -141 5 0
-117 -141 5 0
-149 -119 10 0
-128 -117 0 1
-127 -117 0 1
-125 -122 0 1
-125 -121 0 1
-102 -150 17 0
-149 -112 5 1
-149 -112 6 0
-138 -135 14 0
-149 -113 6 0
-139 -136 14 1
-139 -135 15 0
-147 -121 4 1
-139 -137 15 0
-129 -126 9 0
-138 -136 15 0
-132 -113 4 1
-101 -150 17 0
-101 -120 1 1
-103 -150 17 0
-127 -116 6 0
-138 -135 13 0
-134 -139 14 1
-134 -139 13 1
-134 -139 12 1
-135 -139 14 1
-135 -139 13 1
-135 -139 12 1
-136 -139 14 1
-136 -139 13 1
-102 -150 18 0
-122 -123 5 0
-121 -123 5 0
-122 -123 6 0
-122 -121 5 0
-123 -122 6 0
-122 -121 6 0
-123 -121 5 0
-123 -121 6 0
-125 -121 5 1
-125 -121 6 0
-109 -128 3 1
-109 -127 3 0
-111 -129 4 0
-112 -128 4 0
-111 -129 5 0
-111 -129 6 0
-111 -129 3 0
-112 -128 3 0
-112 -131 6 0
-106 -134 6 1
-109 -131 5 0
-109 -131 6 0
-109 -131 7 0
-109 -131 8 0
-110 -130 1 1
-110 -130 2 1
-109 -130 1 1
-109 -130 2 1
-109 -130 3 1
-108 -132 1 1
-108 -132 2 1
-108 -131 1 1
-108 -131 2 1
-108 -130 1 1
-108 -130 2 2
-146 -148 9 0
-146 -147 9 0
-126 -140 7 1
-117 -141 7 0
-116 -141 7 0
-116 -140 4 0
-119 -140 5 0
-119 -139 5 0
-121 -140 4 1
-121 -143 7 0
-119 -145 5 0
-119 -146 5 0
-119 -147 5 0
-119 -146 7 0
-119 -147 7 0
-119 -147 4 0
-117 -144 5 0
-116 -146 5 0
-117 -144 6 0
-116 -146 7 0
-116 -146 4 1
-144 -143 8 0
-142 -145 7 0
-143 -145 7 0
-143 -145 10 0
-144 -145 9 0
-145 -145 9 0
-142 -145 8 0
-147 -145 4 0
-147 -145 5 0
-147 -145 6 0
-147 -145 7 0
-106 -123 7 0
-107 -123 8 0
-107 -123 7 0
-108 -122 8 0
-106 -120 8 0
-149 -111 4 1
-144 -142 4 1
-144 -142 5 1
-147 -142 3 1
-111 -137 19 0
-111 -136 18 0
-111 -138 18 1
-110 -136 18 0
-112 -136 18 0
-111 -135 17 0
-112 -135 17 0
-110 -138 17 0
-110 -136 16 1
-110 -137 16 1
-111 -135 16 0
-109 -139 14 1
-109 -139 15 2
-109 -139 16 1
-109 -138 14 1
-109 -138 15 2
-109 -138 16 1
-109 -137 14 1
-109 -137 15 2
-109 -137 16 1
-112 -137 19 0
-110 -136 17 0
-112 -135 18 0
-109 -137 18 0
-110 -135 17 0
-109 -136 17 0
-110 -135 16 1
-112 -135 16 0
-109 -136 15 2
-110 -136 14 1
-110 -136 15 1
-110 -135 14 1
-110 -135 15 1
-109 -136 14 1
-109 -136 16 1
-109 -135 14 1
-109 -135 15 1
-109 -135 16 1
-108 -137 14 1
-108 -137 15 2
-108 -137 16 1
-108 -136 14 1
-108 -136 15 2
-108 -136 16 1
-108 -135 14 1
-108 -135 15 2
-108 -135 16 1
-111 -136 14 1
-111 -136 15 1
-110 -137 18 0
-110 -137 19 0
-109 -136 18 0
-111 -135 18 0
-109 -138 17 0
-111 -135 15 0
-108 -138 14 1
-106 -137 6 1
-106 -137 7 1
-106 -136 6 2
-106 -136 7 1
-135 -144 5 0
-135 -125 7 1
-135 -125 8 2
-135 -125 9 1
-135 -124 7 1
-135 -124 8 1
-135 -124 9 1
-135 -123 8 1
-135 -123 9 1
-134 -123 8 1
-134 -123 9 1
-129 -104 7 0
-132 -107 7 0
-150 -111 2 1
-150 -111 3 2
-148 -112 4 1
-130 -113 2 1
-130 -113 3 1
-130 -112 2 1
-122 -150 13 1
-130 -112 4 1
-130 -111 2 1
-141 -140 8 0
-141 -140 9 0
-140 -141 3 1
-140 -141 4 2
-140 -141 5 1
-145 -143 6 0
-145 -138 3 1
-143 -142 3 1
-143 -142 4 1
-143 -142 5 1
-149 -138 8 2
-149 -137 6 2
-149 -137 7 1
-139 -125 7 0
-125 -115 5 0
-119 -149 12 1
-119 -150 12 2
-122 -115 4 1
-120 -149 12 1
-120 -150 12 1
-126 -115 5 0
-121 -149 12 1
-121 -150 12 1
-127 -117 6 0
-124 -114 6 0
-122 -150 17 0
-125 -114 5 0
-122 -114 2 1
-122 -114 3 1
-122 -114 4 1
-126 -114 2 2
-126 -141 5 0
-125 -140 5 0
-128 -139 6 0
-128 -139 8 0
-113 -143 2 1
-114 -144 9 1
-123 -150 16 0
-112 -146 5 1
-114 -140 5 0
-110 -144 5 1
-112 -146 7 1
-123 -150 14 0
-120 -150 17 0
-121 -149 17 0
-113 -145 3 1
-113 -145 2 1
-113 -146 4 1
-113 -146 3 1
-113 -146 2 1
-114 -145 9 1
-114 -145 8 1
-149 -123 10 0
-149 -125 10 0
-149 -125 8 0
-149 -126 10 0
-150 -140 11 0
-122 -149 13 0
-122 -150 14 1
-123 -149 15 0
-130 -118 5 0
-150 -140 10 0
-148 -128 8 1
-148 -128 9 2
-148 -128 10 1
-148 -127 8 1
-131 -117 5 0
-128 -114 3 1
-128 -114 2 1
-129 -114 3 1
-129 -114 2 1
-126 -112 4 1
-126 -113 4 1
-127 -112 4 1
-125 -112 5 1
-126 -112 5 1
-125 -113 5 1
-125 -112 6 1
-120 -145 5 0
-122 -146 5 0
-123 -143 4 1
-123 -143 7 0
-122 -143 7 0
-122 -140 4 1
-150 -104 2 2
-150 -104 3 1
-147 -101 3 1
-147 -101 5 0
-133 -101 3 1
-147 -101 4 0
-104 -101 2 1
-104 -101 1 1
-104 -101 0 1
-150 -139 6 2
-150 -139 7 1
-149 -141 5 1
-116 -110 3 1
-149 -141 6 1
-116 -111 1 1
-117 -111 3 2
-117 -111 2 1
-117 -111 1 1
-112 -112 6 0
-117 -116 3 1
-117 -115 2 1
-103 -127 6 0
-104 -127 5 0
-127 -146 6 0
-102 -127 4 1
-103 -127 4 1
-104 -127 4 0
-128 -144 5 0
-127 -146 5 0
-125 -143 6 1
-126 -143 7 1
-125 -143 5 0
-127 -141 6 1
-110 -140 11 1
-110 -140 10 1
-110 -141 11 1
-110 -141 10 1
-111 -139 11 1
-111 -139 10 1
-111 -140 11 2
-111 -141 11 2
-111 -141 10 2
-112 -139 11 1
-112 -139 10 1
-112 -140 11 1
-112 -140 10 1
-112 -141 11 1
-112 -141 10 2
-111 -140 10 2
-115 -142 9 1
-111 -143 9 1
-112 -143 9 1
-113 -143 9 1
-115 -139 7 0
-115 -143 8 0
-116 -141 8 0
-150 -114 3 2
-146 -118 6 1
-103 -119 2 1
-103 -119 3 1
-145 -104 1 2
-131 -122 4 1
-131 -122 3 1
-131 -122 2 2
-132 -122 3 1
-117 -143 8 0
-117 -141 8 0
-117 -142 8 0
-118 -141 8 0
-119 -142 8 0
-118 -142 8 0
-118 -139 3 1
-118 -139 2 1
-119 -139 3 1
-119 -139 2 1
-120 -139 2 1
-117 -140 3 1
-117 -140 2 1
-117 -141 3 1
-108 -138 15 2
-108 -138 16 1
-110 -135 18 0
-109 -137 17 0
-109 -138 18 1
-108 -137 17 0
-109 -135 17 0
-108 -136 17 0
-108 -139 15 2
-109 -140 14 1
-147 -138 6 2
-147 -139 8 1
-147 -139 7 1
-147 -139 6 1
-147 -138 7 2
-147 -140 8 0
-110 -116 4 0
-110 -116 8 0
-109 -118 5 0
-109 -118 7 0
-142 -104 2 1
-139 -103 4 0
-140 -102 5 0
-140 -103 5 0
-139 -103 2 1
-104 -120 2 1
-104 -120 1 1
-141 -101 -1 1
-104 -121 2 1
-104 -121 1 1
-103 -120 2 2
-111 -148 4 2
-111 -148 5 2
-110 -148 3 2
-110 -148 4 2
-122 -145 4 1
-143 -122 9 1
-113 -105 0 1
-113 -105 -1 1
-131 -115 4 1
-131 -115 5 1
-146 -101 3 0
-148 -103 4 1
-125 -101 6 0
-126 -124 4 1
-125 -101 7 0
-146 -125 8 0
-145 -126 9 0
-148 -125 8 0
-147 -124 8 1
-127 -133 7 0
-127 -133 6 0
-129 -132 7 1
-131 -131 4 1
-132 -131 4 1
-132 -132 4 1
-132 -133 4 1
-133 -131 4 1
-133 -132 4 1
-123 -126 5 0
-125 -125 3 2
-126 -125 3 1
-126 -125 2 1
-127 -125 3 1
-130 -120 3 1
-130 -120 2 1
-130 -120 1 2
-130 -121 3 1
-130 -121 2 2
-130 -121 1 2
-130 -122 3 1
-130 -122 2 1
-130 -122 1 2
-131 -120 3 1
-131 -120 2 1
-131 -120 1 2
-131 -121 3 1
-130 -101 5 1
-130 -102 5 1
-107 -121 5 0
-108 -144 8 1
-108 -144 7 2
-108 -147 5 2
-111 -149 8 1
-111 -148 6 2
-111 -148 7 2
-111 -148 8 1
-112 -149 6 2
-112 -149 7 2
-112 -149 8 1
-109 -148 5 2
-102 -148 13 1
-102 -148 12 1
-102 -148 11 1
-102 -149 13 2
-102 -149 11 1
-103 -148 13 1
-103 -148 12 1
-103 -148 11 1
-103 -149 13 1
-103 -149 12 1
-103 -149 11 1
-102 -149 12 2
-102 -150 13 2
-135 -134 12 1
-135 -134 11 1
-135 -134 10 1
-135 -135 11 2
-135 -135 10 1
-135 -136 11 1
-135 -136 10 1
-136 -135 14 0
-135 -134 14 0
-136 -135 15 0
-136 -137 15 0
-135 -138 15 0
-136 -136 16 0
-134 -135 16 0
-135 -137 16 0
-135 -136 15 0
-103 -149 8 1
-138 -101 2 1
-116 -115 6 0
-147 -141 4 1
-148 -140 6 0
-138 -123 6 0
-138 -125 6 0
-138 -125 8 1
-127 -105 5 1
-101 -131 7 0
-101 -131 8 0
-113 -107 7 1
-113 -107 8 1
-150 -143 7 1
-150 -143 8 1
-103 -127 7 0
-102 -127 7 0
-133 -124 5 0
-132 -123 7 1
-137 -102 5 0
-135 -103 5 1
-132 -102 3 2
-133 -103 2 1
-133 -103 4 2
-133 -102 3 2
-127 -122 3 2
-126 -124 3 1
-126 -123 3 2
-133 -118 5 0
-125 -124 3 1
-106 -132 2 1
-126 -129 7 0
-129 -127 8 0
-130 -128 9 0
-128 -127 9 0
-130 -126 9 0
-128 -126 8 0
-130 -127 8 0
-129 -126 8 0
-129 -124 5 1
-144 -146 9 0
-123 -142 7 0
-122 -142 6 0
-101 -111 7 0
-101 -108 5 0
-127 -142 2 0
-146 -108 8 1
-146 -107 6 1
-146 -107 7 1
-146 -107 8 1
-149 -105 8 0
-148 -106 9 1
-147 -107 9 2
-148 -108 5 1
-148 -107 5 1
-147 -108 5 1
-147 -107 5 2
-146 -108 5 1
-146 -107 5 1
-103 -123 8 0
-103 -123 7 0
-102 -110 5 0
-104 -112 5 0
-103 -111 5 0
-103 -112 4 0
-138 -106 5 1
-138 -105 5 1
-138 -104 5 1
-137 -106 5 1
-137 -105 5 1
-137 -104 5 1
-136 -106 5 1
-104 -111 8 0
-103 -109 5 0
-104 -110 5 0
-105 -110 5 0
-104 -112 4 0
-103 -109 4 0
-104 -111 4 0
-103 -110 4 0
-102 -109 7 0
-104 -110 6 0
-105 -110 6 0
-102 -110 6 0
-101 -110 6 0
-109 -129 5 0
-109 -128 6 0
-109 -129 3 1
-111 -134 2 1
-111 -135 2 1
-110 -134 3 2
-110 -138 4 2
-111 -138 3 1
-111 -138 4 1
-111 -137 5 1
-110 -134 6 0
-110 -134 4 1
-108 -136 2 1
-109 -136 2 1
-110 -136 2 1
-108 -136 7 1
-108 -136 6 2
-108 -137 7 1
-108 -137 6 1
-108 -138 7 1
-108 -138 6 1
-109 -136 7 1
-109 -136 6 1
-110 -136 7 1
-110 -136 6 1
-108 -136 5 1
-108 -136 4 2
-143 -101 7 1
-144 -101 7 1
-142 -101 6 0
-143 -101 -1 1
-122 -120 3 2
-122 -120 7 0
-122 -120 6 0
-121 -121 6 0
-121 -121 5 0
-103 -122 4 0
-102 -122 3 0
-127 -140 5 0
-130 -141 5 0
-131 -142 5 0
-132 -140 5 1
-131 -144 5 0
-132 -146 5 0
-130 -145 5 0
-128 -144 6 0
-128 -144 7 0
-128 -145 7 0
-127 -146 8 0
-119 -106 6 0
-120 -106 8 0
-119 -106 7 0
-120 -105 6 0
-119 -103 6 0
-119 -103 8 0
-117 -140 7 0
-118 -141 7 0
-117 -140 5 0
-140 -139 4 2
-140 -139 3 1
-140 -140 5 1
-140 -140 4 2
-143 -138 3 1
-143 -138 4 1
-145 -146 7 0
-103 -111 7 0
-104 -113 7 0
-102 -110 7 0
-104 -111 7 0
-104 -114 6 0
-103 -111 6 0
-103 -110 6 0
-104 -112 6 0
-101 -111 6 0
-104 -111 6 0
-104 -113 5 0
-117 -113 7 0
-138 -102 4 0
-138 -102 3 0
-137 -101 4 0
-137 -101 3 0
-119 -113 6 0
-119 -113 5 0
-137 -101 0 1
-137 -101 1 2
-137 -101 2 1
-117 -111 4 1
-122 -122 6 0
-121 -122 6 0
-121 -120 5 0
-111 -113 5 0
-121 -120 6 0
-123 -120 5 0
-123 -120 6 0
-124 -120 5 0
-124 -120 6 0
-121 -123 6 0
-123 -122 7 0
-124 -121 2 1
-124 -121 3 2
-109 -103 0 1
-109 -103 1 1
-109 -102 -1 1
-109 -102 0 2
-124 -118 3 2
-124 -118 4 1
-124 -117 2 1
-140 -145 9 0
-139 -144 9 0
-106 -126 1 1
-106 -126 0 2
-107 -126 2 1
-107 -126 1 1
-107 -126 0 1
-106 -127 8 0
-106 -127 7 0
-106 -127 6 0
-103 -129 3 1
-104 -129 5 0
-103 -130 4 0
-106 -130 6 0
-109 -129 6 0
-109 -124 3 0
-109 -124 6 0
-108 -125 5 0
-109 -124 4 0
-130 -143 4 0
-106 -124 3 0
-130 -143 2 0
-127 -143 7 0
-126 -143 8 1
-126 -143 5 0
-132 -107 6 0
-132 -105 6 0
-133 -105 6 0
-132 -106 5 0
-132 -104 5 1
-131 -104 5 0
-108 -101 7 0
-107 -101 7 0
-129 -136 3 1
-129 -136 4 1
-150 -138 6 2
-108 -102 2 1
-107 -102 2 1
-111 -101 0 1
-110 -101 0 1
-113 -103 0 1
-113 -102 0 1
-113 -101 0 1
-112 -102 0 1
-108 -103 1 1
-109 -102 4 0
-110 -101 -1 1
-109 -101 -1 1
-109 -101 0 2
-133 -139 3 1
-133 -140 5 1
-133 -140 4 2
-109 -101 1 1
-108 -103 -1 1
-108 -103 0 1
-104 -150 9 1
-106 -150 5 1
-107 -150 7 1
-107 -150 6 1
-108 -150 5 1
-104 -150 7 1
-104 -150 6 1
-105 -150 8 1
-135 -135 15 0
-133 -138 15 0
-135 -137 15 0
-134 -138 15 0
-135 -136 16 0
-133 -137 16 0
-134 -137 16 0
-119 -150 6 1
-118 -150 7 1
-118 -150 8 1
-120 -149 7 0
-136 -136 14 1
-136 -136 13 1
-136 -136 12 1
-136 -137 14 1
-136 -137 13 1
-136 -137 12 1
-136 -138 14 1
-136 -138 13 2
-136 -138 12 1
-132 -138 15 0
-134 -137 15 0
-131 -137 15 0
-134 -134 15 0
-134 -136 16 0
-133 -135 16 0
-102 -144 18 1
-115 -150 3 1
-115 -149 4 1
-115 -149 3 1
-115 -148 3 1
-114 -150 8 1
-112 -146 6 1
-111 -146 6 1
-111 -146 7 1
-111 -146 8 1
-110 -146 6 2
-110 -146 7 2
-110 -146 8 1
-109 -147 8 1
-109 -146 6 1
-109 -146 7 2
-109 -146 8 1
-139 -147 8 0
-141 -147 9 0
-133 -138 14 1
-142 -123 8 2
-142 -123 7 2
-142 -123 6 2
-142 -124 8 1
-142 -124 7 1
-127 -130 5 0
-142 -124 6 1
-143 -122 8 1
-143 -122 7 1
-143 -122 6 1
-143 -123 8 2
-150 -137 13 0
-143 -124 7 2
-143 -124 6 1
-144 -122 8 1
-144 -122 7 1
-144 -122 6 1
-144 -123 8 1
-128 -110 4 1
-128 -109 2 1
-128 -109 3 1
-128 -109 4 1
-105 -101 0 1
-103 -124 8 0
-102 -124 8 0
-104 -123 8 0
-105 -124 8 0
-105 -126 7 0
-105 -126 8 0
-104 -125 7 0
-108 -150 3 2
-108 -150 4 1
-134 -144 2 0
-104 -109 3 1
-104 -108 1 1
-104 -108 2 1
-104 -108 3 1
-104 -107 1 1
-104 -107 2 1
-104 -107 3 1
-103 -109 1 1
-103 -109 2 1
-130 -106 4 1
-130 -105 2 1
-130 -105 3 2
-130 -105 4 1
-129 -107 2 1
-103 -107 3 1
-102 -109 1 1
-102 -109 2 1
-102 -109 3 1
-102 -108 1 1
-102 -108 2 1
-103 -108 6 0
-103 -107 6 0
-122 -124 4 1
-134 -125 5 0
-131 -123 5 0
-131 -124 4 1
-111 -134 3 2
-111 -134 4 1
-111 -133 2 1
-111 -133 3 1
-111 -133 4 1
-110 -135 2 1
-110 -135 3 1
-108 -133 18 0
-107 -133 19 0
-131 -108 5 0
-106 -109 6 0
-134 -139 5 1
-135 -137 6 1
-135 -137 5 1
-113 -147 7 1
-114 -145 5 0
-111 -144 5 1
-114 -144 3 2
-114 -143 2 1
-114 -143 3 2
-113 -144 6 0
-111 -144 4 1
-112 -141 8 2
-111 -141 6 2
-111 -141 5 2
-111 -141 4 2
-139 -125 8 1
-131 -123 3 1
-131 -123 2 1
-131 -124 3 1
-131 -124 2 1
-150 -124 7 1
-150 -124 11 0
-150 -124 10 0
-148 -126 8 0
-148 -126 9 0
-132 -125 2 1
-133 -123 3 1
-133 -123 2 1
-133 -124 3 1
-132 -119 0 1
-130 -122 4 1
-131 -120 4 0
-113 -103 5 1
-133 -136 7 1
-104 -106 6 0
-106 -108 5 0
-102 -106 5 0
-104 -126 7 0
-104 -125 8 0
-105 -140 7 1
-105 -140 8 1
-104 -140 6 2
-104 -141 5 2
-102 -143 5 1
-102 -143 6 1
-102 -143 7 1
-102 -142 5 1
-102 -142 6 1
-102 -142 7 1
-102 -141 5 2
-102 -141 6 2
-102 -141 7 2
-103 -142 4 1
-104 -141 3 2
-104 -141 4 2
-132 -132 14 1
-133 -130 14 1
-121 -119 7 0
-120 -120 4 1
-122 -118 4 1
-122 -118 6 0
-122 -117 5 0
-121 -117 4 1
-121 -117 6 0
-121 -118 6 0
-121 -117 5 0
-121 -118 5 0
-120 -118 4 1
-120 -118 6 0
-112 -107 4 0
-120 -117 5 0
-115 -146 7 0
-116 -145 7 0
-117 -145 6 0
-115 -146 5 0
-116 -145 5 0
-127 -142 3 0
-145 -143 9 0
-146 -143 9 0
-147 -143 9 0
-148 -143 9 0
-125 -144 5 0
-126 -144 5 0
-125 -145 7 0
-125 -144 7 0
-126 -144 7 0
-124 -145 6 0
-103 -107 1 1
-103 -107 2 2
-132 -138 5 1
-127 -106 5 1
-127 -106 6 0
-119 -118 5 0
-118 -118 5 0
-119 -118 6 0
-118 -118 6 0
-118 -118 4 0
-119 -117 5 0
-119 -116 5 0
-120 -117 6 0
-101 -126 7 0
-102 -126 7 0
-139 -126 6 0
-139 -126 7 0
-103 -102 6 0
-107 -102 6 0
-142 -102 8 0
-142 -103 8 0
-143 -106 7 1
-143 -107 9 1
-143 -107 8 1
-143 -107 7 1
-144 -106 7 2
-144 -107 9 2
-144 -107 8 2
-144 -107 7 1
-145 -106 7 1
-145 -107 9 2
-145 -107 8 1
-145 -107 7 1
-142 -101 9 0
-142 -104 9 0
-142 -102 9 0
-142 -103 10 0
-143 -103 11 0
-110 -137 6 1
-110 -137 7 1
-109 -138 6 2
-147 -103 5 2
-146 -102 3 1
-146 -102 4 1
-146 -102 5 1
-124 -120 2 1
-124 -120 1 1
-124 -121 1 1
-124 -122 1 1
-129 -123 3 1
-129 -124 3 1
-126 -118 1 1
-126 -119 3 2
-126 -119 2 1
-124 -127 4 1
-124 -126 2 1
-124 -126 3 1
-124 -126 4 1
-115 -103 3 1
-150 -138 8 1
-124 -125 4 1
-124 -125 3 1
-123 -118 4 1
-150 -140 3 1
-150 -141 4 1
-150 -141 3 1
-149 -140 4 2
-149 -140 9 0
-148 -141 8 0
-148 -141 7 0
-149 -142 8 0
-149 -141 8 0
-149 -142 7 0
-108 -102 0 1
-108 -102 -1 1
-105 -143 14 1
-105 -143 15 1
-105 -143 16 1
-104 -143 14 1
-108 -132 15 0
-107 -132 17 0
-107 -132 16 0
-108 -133 17 0
-106 -134 17 0
-106 -133 18 0
-102 -143 16 1
-101 -143 14 1
-101 -143 15 2
-101 -143 16 1
-103 -142 18 0
-102 -140 18 0
-103 -144 18 2
-104 -145 17 2
-104 -145 18 2
-121 -147 13 0
-120 -147 14 1
-121 -147 14 0
-118 -149 13 1
-118 -150 13 1
-119 -149 13 2
-119 -150 13 2
-112 -140 16 1
-113 -140 16 1
-115 -139 16 0
-115 -139 17 0
-113 -141 17 0
-114 -139 17 0
-115 -140 17 0
-114 -140 17 0
-115 -138 14 0
-114 -138 15 0
-116 -139 15 0
-113 -138 15 0
-115 -138 16 0
-146 -107 10 1
-145 -137 5 1
-145 -138 5 1
-113 -109 -1 1
-114 -107 1 1
-114 -107 0 1
-114 -107 -1 1
-115 -107 1 1
-115 -107 0 1
-103 -123 4 0
-104 -124 4 0
-102 -126 3 0
-103 -126 3 0
-102 -126 6 0
-104 -126 5 0
-102 -126 4 0
-103 -126 4 0
-132 -121 3 1
-132 -121 2 2
-132 -121 1 1
-132 -122 1 1
-132 -123 1 1
-133 -121 3 2
-113 -138 8 0
-113 -138 0 2
-114 -139 -1 1
-114 -139 0 1
-110 -113 7 0
-111 -113 7 0
-110 -113 6 0
-111 -113 6 0
-123 -123 3 2
-150 -139 13 0
-147 -143 10 0
-129 -142 7 0
-128 -141 6 0
-126 -143 6 1
-128 -146 5 0
-129 -145 5 0
-128 -146 8 0
-128 -146 6 0
-131 -146 5 0
-129 -144 6 0
-149 -135 10 2
-103 -113 5 0
-101 -115 6 0
-150 -135 11 1
-102 -115 6 0
-142 -147 10 0
-142 -147 9 0
-141 -148 7 0
-146 -123 7 2
-146 -124 9 0
-147 -124 9 0
-147 -124 10 0
-141 -126 9 1
-141 -126 10 1
-133 -118 7 0
-143 -125 6 1
-143 -125 10 0
-141 -127 7 0
-142 -126 7 0
-140 -126 10 1
-140 -126 9 1
-140 -126 8 1
-140 -127 10 1
-140 -127 9 2
-140 -127 8 1
-140 -128 10 1
-140 -128 9 1
-126 -122 3 1
-140 -128 8 1
-135 -103 4 1
-135 -103 6 1
-135 -102 7 0
-134 -105 5 0
-126 -114 6 0
-126 -113 7 0
-111 -141 20 1
-111 -141 19 2
-111 -141 18 1
-111 -142 20 1
-111 -142 19 1
-120 -149 10 1
-111 -142 18 1
-121 -148 11 0
-122 -149 10 0
-112 -141 20 1
-120 -148 10 0
-112 -141 18 1
-121 -149 9 0
-120 -150 9 0
-122 -150 9 0
-112 -142 20 1
-112 -142 19 1
-112 -142 18 1
-113 -140 20 1
-113 -140 19 1
-113 -141 20 1
-113 -141 19 2
-113 -141 18 1
-113 -142 20 1
-113 -142 19 1
-113 -142 18 1
-112 -141 19 2
-112 -138 20 1
-122 -148 11 0
-121 -148 10 0
-123 -150 10 0
-120 -148 9 0
-112 -139 20 1
-112 -139 19 1
-112 -140 20 1
-112 -140 19 1
-112 -140 2 1
-112 -141 2 1
-112 -142 2 1
-116 -141 3 0
-116 -140 3 0
-118 -138 3 0
-118 -138 4 0
-117 -138 4 0
-116 -136 3 0
-116 -136 6 0
-116 -137 6 0
-115 -137 5 0
-117 -136 4 0
-116 -136 4 0
-109 -138 3 2
-110 -137 5 1
-110 -137 4 1
-110 -137 3 1
-110 -138 5 1
-110 -138 3 2
-116 -139 6 0
-117 -138 5 0
-116 -139 5 0
-123 -116 2 1
-123 -116 3 2
-123 -116 4 1
-123 -115 2 1
-123 -115 3 2
-123 -115 4 1
-123 -114 2 1
-123 -114 3 1
-123 -114 4 1
-122 -116 2 1
-122 -116 3 1
-127 -116 2 1
-127 -116 3 2
-127 -116 4 1
-127 -115 2 1
-127 -115 3 1
-127 -115 4 1
-126 -115 2 1
-126 -115 3 2
-126 -115 4 1
-120 -119 6 0
-119 -119 5 0
-120 -119 5 0
-114 -105 3 2
-115 -106 2 1
-115 -106 3 1
-115 -106 4 1
-115 -105 2 1
-115 -105 3 1
-142 -122 9 1
-108 -101 0 1
-108 -101 -1 1
-108 -102 1 1
-115 -108 9 1
-115 -108 8 1
-115 -108 7 1
-115 -109 9 1
-115 -109 8 1
-115 -109 7 1
-116 -108 9 1
-116 -108 7 1
-116 -109 9 1
-116 -109 8 1
-116 -109 7 1
-117 -107 9 1
-117 -107 8 1
-101 -115 0 1
-101 -114 0 1
-101 -114 1 1
-101 -114 2 1
-101 -112 5 0
-102 -111 5 0
-127 -119 5 1
-127 -121 5 1
-126 -119 5 1
-128 -119 4 1
-126 -117 4 1
-125 -117 2 1
-125 -117 3 2
-125 -117 4 1
-124 -119 2 1
-124 -119 3 2
-124 -119 4 1
-124 -118 2 1
-121 -118 2 1
-117 -144 8 0
-117 -144 9 0
-117 -144 2 2
-118 -145 1 1
-118 -145 2 1
-118 -145 3 1
-118 -144 1 1
-118 -144 2 1
-118 -144 3 1
-117 -145 1 1
-117 -145 2 1
-117 -145 3 1
-128 -132 7 0
-130 -131 6 1
-130 -132 7 1
-144 -142 8 0
-142 -143 7 0
-142 -144 7 0
-130 -131 7 1
-131 -132 6 1
-147 -140 7 0
-106 -101 1 1
-106 -101 2 1
-114 -105 8 1
-114 -105 9 1
-135 -139 6 2
-135 -139 7 2
-135 -138 5 2
-135 -138 6 2
-135 -138 7 2
-137 -139 9 1
-137 -138 9 1
-137 -137 7 1
-137 -137 8 1
-137 -137 9 1
-107 -131 4 1
-106 -131 4 1
-105 -131 4 0
-145 -148 9 0
-107 -131 5 0
-106 -131 5 0
-105 -131 6 0
-107 -131 3 1
-140 -101 1 2
-130 -104 7 0
-129 -103 7 0
-130 -102 7 0
-130 -102 8 0
-130 -102 4 2
-131 -103 3 1
-131 -103 4 1
-131 -102 3 2
-131 -102 4 2
-131 -101 3 1
-131 -101 4 2
-113 -150 6 2
-113 -140 9 1
-112 -142 8 2
-112 -142 9 2
-112 -141 7 1
-149 -140 10 0
-148 -140 10 0
-108 -148 8 1
-108 -148 7 2
-108 -148 6 1
-108 -149 8 1
-108 -150 8 1
-109 -148 8 1
-109 -148 7 2
-109 -148 6 2
-109 -149 8 1
-109 -150 8 1
-110 -148 8 1
-110 -148 7 1
-110 -148 6 2
-110 -149 8 1
-110 -150 8 1
-109 -143 6 1
-108 -145 4 2
-126 -146 6 0
-108 -145 5 2
-111 -115 7 0
-112 -113 8 0
-112 -113 5 0
-112 -113 4 0
-118 -115 5 0
-134 -138 6 2
-134 -138 5 1
-134 -139 7 1
-123 -102 8 0
-123 -102 6 0
-121 -102 7 0
-122 -101 8 0
-121 -102 6 0
-150 -124 13 0
-150 -125 13 0
-149 -127 13 0
-150 -127 12 0
-148 -127 11 0
-146 -101 -1 1
-146 -101 0 2
-111 -149 1 1
-111 -150 1 1
-144 -101 4 0
-144 -101 5 0
-144 -101 3 0
-145 -104 3 1
-107 -148 4 1
-107 -148 3 1
-107 -148 2 1
-108 -148 4 1
-108 -148 3 1
-108 -148 2 1
-109 -148 4 1
-109 -148 3 1
-109 -148 2 1
-147 -149 10 0
-147 -149 7 0
-144 -148 8 0
-144 -149 8 0
-144 -150 8 0
-111 -149 5 2
-144 -149 9 0
-111 -150 7 2
-111 -150 6 2
-111 -150 5 1
-112 -150 7 2
-112 -150 6 2
-112 -150 5 2
-149 -104 7 0
-149 -105 7 0
-149 -103 8 0
-149 -104 8 0
-149 -105 9 0
-149 -104 6 0
-108 -149 7 1
-148 -105 6 1
-148 -105 7 1
-148 -105 8 1
-148 -104 7 1
-148 -104 8 1
-148 -103 7 1
-148 -103 8 1
-147 -105 6 2
-150 -142 7 1
-118 -109 8 2
-118 -108 6 0
-118 -107 7 0
-123 -125 2 1
-123 -125 4 1
-123 -124 2 1
-138 -139 5 2
-115 -109 2 2
-114 -108 1 1
-114 -108 0 2
-138 -138 5 1
-138 -137 5 1
-146 -124 8 1
-133 -114 6 1
-132 -113 6 1
-128 -136 4 1
-128 -136 3 1
-128 -136 2 1
-129 -133 5 1
-135 -131 12 1
-136 -127 13 1
-136 -127 12 1
-133 -129 14 1
-133 -132 15 0
-133 -128 15 0
-134 -132 15 0
-133 -129 16 0
-133 -130 15 0
-133 -131 16 0
-134 -131 15 0
-134 -130 16 0
-135 -132 14 0
-134 -128 14 1
-134 -129 14 1
-133 -129 15 0
-135 -132 15 0
-134 -128 15 0
-134 -129 16 0
-134 -131 16 0
-135 -129 15 0
-135 -130 16 0
-115 -150 6 1
-115 -150 5 1
-115 -150 4 1
-135 -131 13 1
-136 -128 13 1
-135 -128 14 1
-135 -129 14 1
-116 -150 6 1
-116 -150 5 1
-108 -144 5 1
-108 -144 4 1
-148 -128 3 1
-148 -129 3 1
-145 -128 6 1
-145 -129 6 1
-144 -128 7 0
-115 -144 18 0
-113 -144 18 0
-115 -143 18 0
-114 -145 18 0
-112 -144 17 0
-116 -144 17 0
-145 -129 7 0
-116 -142 17 0
-115 -144 17 0
-146 -128 7 1
-146 -129 7 1
-138 -110 11 0
-137 -108 11 0
-138 -111 10 0
-136 -110 10 0
-137 -111 9 0
-136 -109 9 0
-135 -109 9 0
-138 -111 9 1
-135 -109 8 1
-136 -111 8 1
-139 -112 6 1
-139 -112 7 2
-139 -112 8 2
-138 -112 6 1
-138 -112 7 1
-138 -112 8 1
-137 -112 6 1
-137 -112 7 1
-137 -112 8 1
-115 -145 18 0
-116 -144 18 0
-115 -146 18 0
-116 -143 17 0
-117 -144 16 0
-146 -129 6 1
-146 -130 7 1
-146 -130 6 1
-146 -130 10 1
-146 -130 9 1
-146 -130 8 1
-146 -131 10 1
-146 -144 10 0
-145 -144 10 0
-147 -144 8 0
-146 -144 8 0
-145 -144 8 0
-144 -144 7 0
-112 -104 1 1
-113 -102 3 1
-147 -128 4 1
-146 -127 6 1
-145 -126 6 0
-146 -128 6 1
-145 -127 6 1
-145 -128 7 0
-145 -126 7 0
-147 -130 10 1
-147 -130 9 2
-147 -130 8 1
-148 -130 10 1
-148 -130 9 2
-137 -110 11 0
-136 -111 10 0
-137 -111 10 0
-116 -150 4 1
-134 -130 15 0
-137 -128 15 0
-135 -129 16 0
-135 -131 16 0
-136 -129 15 0
-117 -150 4 1
-136 -128 12 1
-137 -128 12 1
-138 -128 12 1
-138 -128 11 1
-136 -131 13 0
-136 -129 13 1
-136 -132 13 0
-137 -128 13 0
-135 -130 14 1
-135 -131 14 0
-137 -128 14 0
-137 -129 14 0
-148 -101 10 0
-136 -130 14 0
-136 -132 15 0
-136 -128 15 0
-122 -139 6 0
-123 -140 6 0
-109 -141 6 1
-109 -139 5 1
-109 -139 4 1
-109 -139 3 1
-109 -140 5 1
-130 -110 7 0
-130 -110 6 0
-129 -110 5 0
-129 -110 7 0
-129 -110 6 0
-127 -110 5 0
-128 -111 5 0
-144 -143 6 0
-144 -142 6 0
-135 -103 7 0
-110 -139 6 2
-112 -139 7 1
-112 -139 8 1
-112 -139 9 1
-111 -139 7 1
-111 -139 8 1
-111 -139 9 1
-110 -141 9 1
-110 -140 9 1
-110 -139 7 1
-110 -139 8 1
-110 -139 9 1
-112 -139 3 1
-111 -139 3 2
-110 -139 3 2
-114 -139 5 0
-114 -139 4 1
-117 -146 4 0
-111 -146 5 1
-112 -146 4 1
-114 -143 8 0
-114 -143 9 1
-115 -142 2 1
-115 -142 3 1
-115 -142 4 1
-120 -145 6 0
-120 -144 7 0
-121 -143 5 0
-150 -144 8 1
-149 -144 8 0
-121 -144 5 0
-148 -143 8 0
-146 -141 10 0
-146 -142 10 0
-145 -141 9 0
-148 -129 10 1
-136 -124 6 0
-129 -113 2 1
-130 -111 4 1
-130 -111 3 1
-141 -150 9 0
-107 -135 3 1
-107 -135 4 2
-107 -135 5 1
-111 -136 5 1
-108 -135 2 1
-107 -137 2 1
-107 -136 2 1
-107 -135 2 1
-111 -135 5 1
-111 -134 5 1
-116 -143 1 1
-116 -143 2 1
-116 -143 3 1
-117 -144 4 1
-107 -128 3 1
-137 -101 5 0
-124 -117 8 2
-124 -117 9 1
-126 -119 7 1
-125 -117 6 0
-124 -118 5 0
-124 -117 6 0
-126 -116 6 0
-124 -116 5 0
-125 -116 5 0
-150 -136 5 2
-150 -136 6 1
-149 -136 5 1
-149 -136 6 2
-118 -110 4 1
-117 -110 2 1
-115 -109 0 2
-116 -110 -1 1
-116 -110 0 1
-116 -109 -1 1
-116 -109 0 1
-116 -109 1 1
-116 -108 -1 1
-116 -108 0 1
-116 -108 1 1
-109 -115 5 0
-109 -115 7 0
-109 -115 6 0
-110 -115 6 0
-115 -113 6 0
-142 -133 8 2
-143 -134 7 1
-143 -134 8 1
-143 -134 9 1
-143 -133 7 1
-143 -133 8 1
-142 -134 7 2
-142 -134 8 2
-142 -134 9 2
-142 -133 7 2
-141 -134 7 1
-141 -134 8 1
-141 -134 9 1
-141 -133 7 1
-141 -133 8 1
-144 -133 8 1
-123 -118 7 1
-123 -119 9 1
-123 -119 8 1
-148 -102 2 2
-148 -101 1 1
-149 -139 10 1
-149 -138 10 2
-108 -127 2 1
-107 -129 0 1
-142 -133 14 1
-142 -133 13 2
-142 -133 12 2
-141 -133 15 0
-141 -137 16 0
-142 -135 16 0
-139 -133 14 1
-141 -133 14 1
-140 -133 14 1
-140 -107 11 0
-141 -108 11 0
-139 -107 10 0
-141 -109 10 0
-140 -109 9 0
-129 -133 2 1
-107 -150 1 1
-108 -150 1 1
-109 -150 3 2
-109 -150 2 2
-109 -150 1 1
-107 -120 5 0
-106 -121 4 0
-103 -109 7 0
-103 -109 8 0
-104 -110 8 0
-103 -108 7 0
-106 -125 6 0
-104 -109 6 0
-105 -109 7 0
-102 -108 7 0
-104 -108 6 0
-104 -108 7 0
-105 -110 7 0
-145 -135 8 2
-145 -135 9 1
-145 -134 7 2
-145 -134 8 2
-145 -134 9 1
-143 -135 7 1
-143 -135 8 1
-143 -135 9 1
-142 -135 7 2
-142 -135 8 2
-142 -135 9 2
-140 -108 11 0
-139 -109 10 0
-139 -106 10 0
-140 -110 8 1
-143 -133 6 1
-142 -133 6 1
-141 -133 6 1
-148 -132 5 1
-148 -131 5 1
-147 -132 5 1
-147 -131 5 1
-146 -132 5 1
-146 -131 5 1
-144 -133 7 1
-143 -135 13 1
-143 -135 12 1
-143 -136 14 1
-143 -136 13 1
-143 -136 12 1
-139 -133 15 0
-139 -108 11 0
-138 -107 10 0
-140 -109 10 0
-138 -108 10 0
-139 -110 9 1
-138 -109 9 0
-140 -104 9 1
-139 -104 9 1
-138 -105 7 1
-138 -105 8 1
-138 -105 9 1
-138 -104 7 1
-138 -104 8 1
-138 -104 9 1
-137 -107 7 2
-109 -133 15 1
-109 -133 16 1
-108 -134 14 2
-108 -134 16 1
-108 -133 14 1
-108 -133 15 1
-108 -133 16 1
-107 -134 14 2
-107 -134 15 2
-107 -134 16 1
-107 -133 14 1
-107 -133 15 1
-107 -133 16 1
-106 -140 14 1
-106 -140 15 2
-106 -140 16 1
-106 -139 14 1
-106 -139 15 2
-106 -139 16 1
-123 -102 2 1
-115 -144 6 0
-116 -145 1 1
-117 -143 3 1
-117 -143 2 1
-117 -143 1 1
-117 -144 3 2
-117 -144 1 1
-128 -129 6 0
-131 -128 5 1
-131 -128 6 1
-131 -128 7 1
-131 -127 5 1
-121 -119 5 0
-120 -120 6 0
-120 -120 5 0
-118 -112 5 0
-118 -112 6 0
-117 -112 4 1
-118 -112 4 1
-116 -114 5 0
-115 -110 1 1
-114 -112 1 1
-117 -108 4 1
-119 -108 6 0
-118 -107 6 0
-116 -105 6 0
-140 -146 8 0
-142 -146 9 0
-141 -146 10 0
-142 -144 8 0
-143 -145 9 0
-142 -144 9 0
-105 -136 16 1
-141 -134 15 0
-141 -136 15 0
-140 -134 16 0
-140 -137 16 0
-139 -107 11 0
-138 -109 10 0
-137 -109 10 0
-101 -150 9 1
-109 -121 7 0
-150 -133 6 1
-149 -134 5 1
-149 -133 5 1
-149 -133 6 1
-148 -134 5 1
-148 -134 6 1
-148 -133 5 1
-120 -120 3 1
-120 -120 2 1
-121 -118 4 1
-121 -118 3 1
-116 -144 3 2
-116 -144 2 1
-116 -144 1 1
-122 -116 4 1
-121 -116 6 0
-122 -116 5 0
-120 -116 4 0
-120 -116 6 0
-120 -116 5 0
-119 -116 4 1
-119 -116 6 0
-141 -136 7 1
-141 -136 8 1
-143 -139 8 1
-143 -139 6 1
-144 -140 8 0
-144 -140 6 0
-143 -141 8 0
-143 -141 6 1
-142 -142 7 0
-150 -138 7 1
-147 -141 5 1
-147 -140 3 1
-147 -140 4 1
-147 -140 5 1
-147 -139 3 1
-130 -133 3 2
-130 -133 4 2
-129 -135 2 1
-129 -135 3 2
-140 -136 16 0
-139 -137 13 0
-142 -134 14 1
-142 -134 13 1
-142 -134 12 2
-142 -135 14 1
-142 -135 13 2
-142 -135 12 2
-142 -136 14 1
-142 -136 13 1
-148 -125 7 0
-147 -126 7 0
-148 -126 6 1
-147 -126 3 1
-130 -110 3 2
-149 -101 4 0
-108 -120 6 0
-109 -120 7 0
-108 -120 7 0
-128 -102 6 0
-114 -106 0 1
-138 -140 6 1
-138 -140 7 1
-139 -140 5 1
-138 -140 5 1
-137 -140 5 1
-137 -140 6 1
-137 -140 7 1
-137 -139 5 2
-115 -107 3 1
-133 -143 6 0
-132 -141 6 0
-132 -140 9 0
-114 -142 13 1
-114 -141 13 1
-114 -140 13 1
-103 -144 6 1
-103 -144 7 1
-145 -134 12 0
-144 -133 12 0
-144 -135 12 0
-141 -134 10 1
-142 -132 10 2
-142 -133 10 1
-138 -146 9 0
-137 -146 9 0
-142 -136 7 1
-122 -122 3 1
-122 -122 4 1
-108 -103 2 0
-109 -103 2 0
-114 -106 4 2
-114 -105 2 1
-114 -105 4 1
-114 -104 2 2
-118 -147 7 0
-118 -147 4 0
-133 -141 4 1
-132 -139 8 0
-131 -140 7 0
-132 -142 5 0
-135 -137 3 1
-115 -146 4 1
-118 -143 7 0
-118 -143 8 0
-143 -147 4 0
-141 -146 12 0
-141 -146 6 0
-109 -144 5 2
-128 -139 5 0
-150 -142 9 0
-150 -140 9 0
-150 -141 9 0
-147 -140 11 0
-148 -140 11 0
-147 -142 8 0
-146 -142 11 0
-147 -142 11 0
-148 -142 10 0
-146 -142 9 0
-147 -142 9 0
-148 -142 9 0
-148 -144 9 0
-148 -144 12 0
-149 -143 11 0
-148 -144 10 0
-149 -143 10 0
-149 -140 11 0
-147 -141 9 0
-148 -141 9 0
-149 -141 9 0
-147 -141 12 0
-148 -141 11 0
-147 -141 10 0
-148 -141 10 0
-149 -141 10 0
-113 -143 7 1
-113 -143 5 1
-111 -106 0 1
-111 -106 1 1
-111 -105 -1 1
-111 -105 0 1
-111 -105 1 1
-110 -104 2 0
-109 -104 2 0
-114 -108 4 0
-117 -145 7 0
-117 -145 4 1
-120 -143 7 0
-120 -143 8 0
-120 -143 9 0
-121 -144 2 1
-121 -144 3 2
-121 -144 4 1
-120 -144 2 1
-120 -144 3 1
-120 -144 4 1
-119 -144 2 1
-119 -144 3 1
-119 -144 4 1
-119 -143 2 1
-119 -143 3 1
-119 -143 4 1
-119 -142 2 1
-119 -142 3 2
-108 -127 0 1
-108 -128 0 1
-108 -129 0 1
-107 -128 8 0
-107 -128 7 0
-107 -128 6 0
-133 -140 7 0
-133 -141 6 0
-134 -140 8 1
-134 -140 5 1
-134 -137 8 1
-134 -138 8 1
-134 -139 8 1
-133 -138 7 1
-133 -138 6 1
-133 -139 7 1
-133 -139 6 1
-147 -141 3 1
-148 -140 9 0
-147 -141 8 0
-147 -141 7 0
-148 -142 8 0
-135 -114 7 2
-137 -114 8 1
-114 -102 1 1
-112 -103 3 1
-112 -103 2 1
-111 -103 3 1
-111 -102 2 1
-111 -103 2 1
-110 -103 3 0
-150 -141 8 1
-122 -139 2 0
-122 -144 4 1
-122 -144 3 1
-137 -125 6 1
-136 -144 7 0
-130 -121 6 1
-142 -133 15 0
-143 -135 15 0
-120 -146 4 0
-117 -147 5 0
-117 -148 5 0
-117 -146 7 0
-141 -132 11 1
-142 -132 11 1
-142 -133 11 2
-142 -134 11 2
-143 -132 11 1
-143 -133 11 1
-143 -134 11 1
-142 -136 16 0
-143 -135 16 0
-149 -119 12 0
-150 -118 9 0
-135 -122 2 2
-141 -132 14 1
-141 -132 13 2
-141 -132 12 1
-142 -132 14 1
-142 -132 13 2
-142 -132 12 1
-143 -132 14 1
-143 -132 13 1
-143 -132 12 1
-143 -133 14 1
-143 -133 13 1
-143 -133 12 1
-123 -119 7 1
-124 -117 7 1
-146 -111 5 2
-146 -111 4 1
-147 -111 5 1
-147 -111 4 1
-148 -102 3 1
-149 -101 6 0
-148 -102 1 2
-143 -134 15 0
-143 -136 15 0
-142 -133 16 0
-142 -135 15 0
-149 -137 9 2
-111 -144 16 1
-111 -144 15 2
-111 -144 14 1
-112 -144 16 1
-112 -144 15 2
-112 -144 14 1
-118 -146 16 1
-118 -146 15 1
-118 -146 14 1
-113 -145 17 0
-121 -104 7 0
-121 -104 8 0
-121 -104 6 0
-117 -146 16 1
-117 -146 15 2
-117 -146 14 1
-121 -102 9 0
-134 -122 6 0
-118 -104 8 0
-118 -104 6 0
-119 -103 7 0
-118 -102 7 0
-118 -102 6 0
-114 -110 1 1
-114 -110 2 1
-114 -110 3 1
-105 -121 6 0
-106 -121 7 0
-105 -121 7 0
-106 -120 6 0
-105 -119 6 0
-106 -120 7 0
-107 -128 2 1
-107 -128 1 2
-108 -128 2 1
-111 -145 16 1
-149 -145 2 0
-149 -146 2 0
-148 -146 2 0
-150 -145 2 0
-150 -147 2 0
-148 -145 2 0
-149 -147 2 0
-149 -144 3 0
-148 -146 3 0
-150 -148 3 0
-149 -147 3 0
-148 -144 3 0
-149 -145 3 0
-148 -147 3 0
-149 -148 4 0
-149 -147 4 0
-149 -144 4 0
-148 -146 4 0
-148 -145 5 0
-149 -147 5 0
-149 -145 5 0
-149 -146 5 0
-149 -146 4 0
-141 -137 14 0
-142 -137 15 0
-106 -126 2 1
-111 -139 17 0
-112 -137 17 0
-135 -107 6 1
-135 -108 8 1
-135 -108 7 1
-135 -108 6 1
-111 -138 16 1
-112 -136 16 0
-111 -137 15 1
-112 -138 19 1
-112 -137 18 0
-111 -139 18 1
-111 -137 17 0
-113 -136 18 0
-138 -109 7 1
-138 -109 6 1
-139 -110 7 2
-139 -110 6 1
-139 -111 8 2
-139 -111 7 2
-139 -111 6 1
-138 -109 8 1
-139 -110 8 1
-140 -110 9 1
-137 -108 9 0
-138 -106 10 0
-140 -110 7 2
-140 -110 6 1
-140 -111 8 1
-140 -111 7 1
-140 -111 6 1
-141 -110 8 1
-141 -110 6 1
-141 -111 8 1
-141 -111 7 1
-141 -111 6 1
-142 -109 7 1
-142 -109 6 1
-142 -110 8 1
-142 -110 7 1
-142 -110 6 1
-142 -111 8 1
-142 -111 7 1
-142 -111 6 1
-141 -110 7 2
-136 -106 8 1
-136 -106 7 1
-136 -106 6 1
-136 -107 8 1
-136 -107 7 2
-136 -107 6 1
-136 -108 8 1
-136 -108 7 1
-136 -108 6 1
-137 -106 8 1
-137 -106 7 1
-137 -106 6 1
-137 -107 8 1
-137 -107 6 1
-148 -142 7 0
-149 -136 13 0
-150 -136 12 0
-150 -137 5 1
-150 -138 5 1
-131 -135 4 2
-131 -135 3 2
-131 -135 2 1
-132 -135 4 1
-130 -142 4 0
-129 -145 4 0
-126 -146 7 0
-126 -146 4 0
-125 -144 6 0
-124 -144 6 0
-123 -145 6 0
-124 -144 7 0
-144 -147 8 0
-143 -148 8 0
-145 -146 9 0
-144 -147 9 0
-144 -148 10 0
-145 -146 8 0
-144 -147 7 0
-144 -148 7 0
-146 -145 10 0
-146 -145 11 0
-146 -145 12 0
-137 -105 4 2
-137 -104 4 1
-135 -104 4 1
-135 -104 5 1
-102 -114 7 0
-103 -114 7 0
-102 -114 4 0
-133 -136 2 1
-133 -137 2 1
-117 -142 2 1
-117 -141 2 1
-110 -139 10 1
-110 -139 11 1
-110 -143 9 1
-110 -142 9 1
-113 -144 8 1
-112 -142 11 2
-113 -143 10 2
-113 -143 11 2
-113 -143 12 1
-113 -142 10 2
-113 -142 11 2
-113 -142 12 2
-113 -141 10 1
-113 -141 11 2
-113 -141 12 2
-112 -143 10 2
-112 -143 11 2
-112 -143 12 1
-112 -142 10 2
-112 -142 12 1
-112 -141 12 1
-111 -143 10 1
-111 -143 11 1
-111 -143 12 1
-111 -142 10 2
-111 -142 11 2
-111 -142 12 1
-111 -141 12 1
-114 -142 10 1
-110 -142 10 1
-110 -142 11 1
-115 -143 9 1
-113 -144 9 1
-114 -143 11 2
-115 -144 10 1
-115 -144 11 1
-115 -144 12 2
-115 -143 10 1
-115 -143 11 1
-115 -143 12 1
-115 -142 10 1
-115 -142 11 1
-115 -142 12 1
-114 -144 10 2
-114 -144 11 2
-114 -144 12 2
-114 -143 10 2
-114 -143 12 2
-114 -142 11 2
-114 -142 12 1
-113 -144 10 1
-113 -144 11 2
-113 -144 12 1
-112 -144 10 1
-112 -144 11 1
-112 -144 12 1
-111 -144 10 1
-111 -144 11 1
-111 -144 12 1
-111 -140 12 1
-110 -142 12 1
-110 -141 12 1
-110 -140 12 1
-114 -140 10 1
-110 -143 10 1
-110 -143 11 1
-112 -144 9 1
-115 -141 9 0
-113 -145 8 2
-114 -146 8 1
-114 -146 9 1
-113 -146 8 1
-113 -146 9 1
-113 -145 7 1
-113 -145 9 2
-112 -146 8 1
-112 -146 9 1
-112 -145 8 1
-112 -145 9 1
-112 -144 8 1
-114 -141 10 1
-114 -141 11 1
-114 -141 12 1
-114 -145 10 1
-114 -145 11 1
-114 -145 12 1
-113 -145 10 1
-113 -145 11 1
-113 -145 12 1
-112 -145 10 1
-112 -145 11 1
-112 -145 12 1
-114 -140 11 1
-115 -141 10 1
-113 -140 10 1
-114 -146 10 1
-113 -146 10 1
-112 -146 10 1
-114 -140 12 1
-113 -140 11 1
-113 -140 12 2
-110 -143 12 1
-115 -145 10 1
-115 -145 11 1
-145 -134 10 1
-144 -135 8 2
-144 -135 9 2
-144 -135 10 1
-144 -134 10 1
-143 -135 10 1
-135 -110 10 0
-139 -111 10 0
-136 -112 9 1
-135 -111 9 1
-135 -110 8 1
-140 -112 7 1
-140 -112 8 1
-140 -112 9 1
-140 -111 9 1
-139 -112 9 1
-139 -111 9 1
-138 -112 9 1
-136 -110 8 1
-136 -111 6 1
-136 -111 7 2
-136 -110 6 1
-136 -109 6 1
-136 -109 7 1
-135 -111 6 1
-135 -111 7 2
-135 -111 8 2
-135 -110 6 1
-135 -110 7 1
-135 -109 6 1
-135 -109 7 1
-148 -130 8 1
-148 -127 3 1
-147 -127 6 1
-146 -126 6 0
-147 -128 7 1
-147 -128 6 1
-147 -128 5 2
-147 -129 7 2
-147 -129 6 1
-147 -129 5 2
-147 -130 7 2
-147 -130 6 1
-147 -130 5 1
-148 -128 7 1
-148 -129 7 1
-148 -130 7 1
-148 -130 6 1
-148 -130 5 1
-149 -130 7 1
-146 -127 7 0
-147 -127 7 0
-145 -125 5 1
-145 -125 4 1
-145 -125 3 1
-145 -126 5 1
-145 -126 4 1
-145 -126 3 1
-145 -127 5 1
-145 -127 4 1
-136 -111 11 0
-137 -111 11 0
-136 -112 10 0
-137 -112 10 0
-107 -142 8 1
-106 -142 8 1
-105 -142 8 1
-104 -142 5 2
-104 -142 6 1
-104 -142 7 2
-108 -141 7 1
-107 -141 7 1
-106 -141 7 2
-108 -140 4 1
-108 -140 5 1
-108 -140 6 1
-107 -140 4 1
-107 -140 5 1
-107 -140 6 1
-106 -140 4 1
-106 -140 5 2
-106 -140 6 2
-104 -143 4 1
-104 -147 3 1
-104 -147 4 1
-104 -147 5 1
-104 -146 3 1
-104 -145 3 1
-108 -143 2 1
-108 -142 2 1
-108 -142 3 1
-107 -142 2 1
-107 -142 3 1
-106 -142 2 1
-106 -142 3 2
-109 -144 1 1
-145 -127 3 1
-146 -127 5 1
-146 -127 4 2
-146 -127 3 1
-147 -127 5 1
-147 -127 4 1
-147 -127 3 1
-147 -125 6 0
-147 -126 6 1
-148 -127 7 0
-148 -126 7 0
-138 -135 12 0
-139 -136 16 0
-138 -134 16 0
-140 -135 16 0
-139 -137 16 0
-139 -134 16 0
-140 -137 15 0
-140 -137 14 0
-142 -136 12 1
-146 -123 3 1
-146 -124 3 1
-146 -125 5 1
-146 -125 4 1
-146 -125 3 1
-147 -123 3 1
-147 -124 3 1
-147 -125 5 1
-147 -125 4 2
-147 -125 3 1
-148 -123 3 1
-146 -121 4 1
-149 -122 9 0
-147 -124 7 1
-146 -120 8 1
-150 -121 9 0
-147 -123 7 2
-148 -123 7 1
-150 -119 8 0
-150 -118 8 0
-150 -117 8 0
-150 -116 8 0
-112 -103 1 1
-128 -137 6 0
-104 -105 1 1
-104 -105 2 2
-104 -105 3 1
-103 -105 1 1
-150 -119 4 2
-149 -120 3 1
-150 -120 8 0
-149 -122 8 1
-149 -120 7 1
-149 -122 7 1
-150 -120 6 1
-128 -133 7 1
-129 -132 6 0
-115 -112 7 0
-133 -137 8 1
-132 -140 6 0
-133 -140 6 0
-133 -140 3 1
-150 -110 5 1
-150 -111 5 1
-150 -111 4 1
-133 -139 4 2
-133 -138 3 1
-133 -138 4 2
-130 -106 5 0
-130 -106 6 0
-131 -107 5 0
-131 -107 6 0
-129 -107 4 1
-129 -107 3 1
-133 -133 8 1
-130 -134 3 2
-131 -134 2 1
-131 -134 3 1
-131 -134 4 1
-131 -133 2 1
-131 -133 3 1
-131 -133 4 1
-109 -134 15 1
-109 -134 14 1
-108 -134 15 2
-106 -137 17 0
-108 -139 17 0
-107 -135 17 0
-107 -138 17 0
-107 -136 18 0
-132 -143 2 0
-131 -144 2 0
-133 -146 2 0
-133 -144 2 0
-125 -143 4 0
-124 -140 4 0
-125 -140 3 0
-125 -139 3 0
-127 -139 3 0
-124 -141 3 0
-119 -143 6 0
-117 -143 7 0
-119 -150 17 0
-112 -142 17 0
-113 -143 18 0
-114 -142 17 0
-112 -143 17 0
-114 -143 17 0
-119 -149 18 0
-118 -150 18 0
-118 -149 17 0
-119 -149 17 0
-118 -148 18 0
-118 -149 18 0
-118 -147 18 0
-117 -147 18 0
-110 -142 16 1
-110 -142 15 1
-110 -142 14 1
-111 -141 17 0
-113 -142 17 0
-111 -142 17 0
-114 -141 18 1
-110 -141 20 1
-110 -141 19 1
-110 -141 18 1
-110 -142 20 1
-110 -142 19 1
-110 -142 18 1
-112 -141 17 0
-110 -141 17 0
-111 -140 17 0
-101 -110 7 0
-126 -146 5 0
-101 -110 5 0
-101 -111 5 0
-127 -145 7 0
-127 -145 6 0
-108 -145 6 2
-150 -130 10 1
-149 -132 10 0
-149 -132 13 0
-148 -132 11 0
-149 -132 11 0
-139 -148 8 0
-111 -138 6 1
-139 -149 8 0
-138 -149 8 0
-127 -145 8 0
-127 -145 5 0
-129 -143 9 0
-129 -143 10 0
-129 -143 5 0
-129 -109 5 0
-131 -102 7 0
-129 -108 6 0
-145 -101 6 1
-146 -101 8 1
-145 -101 8 1
-149 -105 5 0
-148 -104 6 1
-148 -103 6 1
-148 -102 6 1
-146 -103 6 2
-146 -102 6 1
-148 -104 2 2
-106 -123 5 0
-105 -121 3 0
-105 -122 4 0
-105 -123 4 0
-138 -140 9 1
-137 -140 9 1
-136 -140 9 1
-134 -142 6 0
-136 -142 3 1
-147 -105 10 1
-147 -106 10 1
-147 -107 10 1
-148 -105 10 1
-148 -106 10 1
-148 -107 10 1
-148 -107 9 1
-147 -106 9 2
-141 -124 7 1
-143 -123 9 1
-142 -123 9 1
-132 -133 6 1
-132 -133 5 1
-106 -101 0 1
-105 -101 -1 1
-135 -122 4 1
-135 -122 5 0
-105 -126 5 0
-104 -125 4 0
-103 -128 6 0
-133 -127 8 1
-134 -129 10 2
-134 -129 9 2
-135 -129 10 1
-135 -129 9 1
-136 -129 10 1
-136 -129 9 1
-135 -126 11 1
-135 -127 11 1
-135 -128 11 1
-136 -126 11 1
-107 -149 13 1
-107 -150 13 1
-137 -126 11 1
-108 -149 13 1
-108 -150 13 2
-132 -118 5 0
-109 -149 13 1
-109 -150 13 1
-132 -118 7 0
-110 -148 16 1
-110 -148 15 1
-110 -148 14 1
-110 -149 16 1
-110 -149 15 2
-110 -149 14 1
-111 -150 16 1
-111 -150 15 2
-129 -125 1 1
-129 -125 0 1
-130 -123 2 1
-130 -123 1 1
-130 -123 0 1
-130 -124 2 1
-130 -124 0 1
-130 -125 2 1
-130 -125 1 1
-130 -125 0 1
-131 -123 0 1
-131 -124 1 1
-131 -124 0 1
-131 -125 1 1
-131 -125 0 1
-130 -124 1 2
-130 -118 1 1
-130 -118 0 1
-130 -119 2 1
-129 -135 4 1
-127 -114 7 0
-127 -114 6 0
-117 -114 4 1
-111 -115 4 0
-111 -115 5 0
-149 -101 3 1
-130 -135 5 1
-145 -140 7 0
-144 -140 7 0
-150 -106 4 1
-150 -106 5 0
-150 -106 6 0
-149 -105 3 1
-149 -105 2 2
-149 -105 1 1
-149 -106 3 1
-149 -106 2 2
-149 -106 1 1
-149 -107 3 2
-149 -107 2 1
-131 -133 7 2
-145 -140 8 0
-145 -140 6 0
-144 -139 6 1
-144 -139 7 1
-144 -139 8 1
-144 -138 6 1
-144 -138 7 1
-142 -135 10 2
-141 -135 10 1
-146 -135 10 1
-146 -134 10 1
-146 -133 10 1
-144 -135 7 2
-104 -132 9 0
-102 -133 10 0
-116 -110 4 1
-112 -134 4 1
-112 -133 4 1
-112 -132 4 0
-112 -135 5 0
-112 -134 5 0
-112 -133 5 0
-112 -133 6 0
-108 -144 6 2
-108 -143 4 1
-102 -138 3 1
-102 -139 5 2
-104 -107 4 1
-103 -108 4 0
-105 -108 3 2
-106 -109 2 1
-106 -109 3 1
-106 -109 4 1
-131 -130 13 1
-131 -130 7 1
-140 -129 13 1
-140 -129 14 1
-111 -143 8 2
-115 -149 5 1
-115 -145 8 0
-137 -130 16 0
-137 -132 15 0
-138 -130 15 0
-138 -129 15 0
-139 -130 14 0
-139 -129 14 0
-137 -132 14 0
-139 -114 8 1
-137 -131 14 0
-138 -114 7 1
-133 -114 7 1
-133 -114 8 1
-142 -129 13 1
-142 -129 14 1
-141 -129 12 1
-141 -129 13 1
-141 -129 14 1
-140 -129 12 1
-136 -116 6 1
-136 -116 7 1
-137 -130 13 0
-139 -129 10 1
-139 -129 11 1
-139 -129 12 1
-138 -129 10 1
-138 -129 11 1
-138 -129 12 1
-137 -131 10 1
-137 -131 11 1
-137 -131 12 1
-137 -130 10 1
-137 -130 11 2
-137 -130 12 1
-137 -129 10 1
-137 -129 11 2
-137 -129 12 1
-128 -111 7 0
-127 -110 4 0
-131 -111 2 1
-131 -111 3 1
-131 -111 4 1
-131 -110 2 1
-131 -110 3 1
-131 -110 4 1
-131 -109 2 1
-131 -109 3 1
-131 -109 4 1
-125 -110 3 2
-126 -110 2 1
-126 -110 3 1
-126 -109 2 1
-115 -145 9 1
-116 -146 2 1
-116 -146 3 1
-109 -134 5 1
-107 -134 6 0
-108 -131 4 1
-109 -132 5 0
-108 -131 6 0
-109 -132 3 1
-112 -148 16 1
-112 -148 15 1
-112 -148 14 1
-139 -125 3 1
-139 -125 4 1
-132 -122 6 0
-113 -106 8 1
-132 -122 5 0
-139 -123 4 1
-139 -123 5 1
-138 -125 3 1
-138 -125 4 1
-134 -124 5 0
-133 -123 7 1
-133 -123 5 0
-134 -122 8 1
-134 -122 4 1
-129 -108 4 1
-129 -108 3 1
-129 -108 2 1
-130 -108 4 1
-130 -108 3 2
-130 -108 2 1
-129 -109 8 0
-129 -109 7 0
-128 -110 7 0
-131 -109 5 0
-128 -103 6 0
-129 -103 5 1
-141 -140 7 0
-142 -140 8 0
-142 -140 6 1
-142 -139 7 1
-138 -143 9 0
-138 -143 7 0
-140 -145 6 0
-139 -147 6 0
-136 -149 8 0
-136 -147 9 0
-136 -148 7 0
-136 -149 6 0
-134 -147 8 0
-133 -148 8 0
-134 -147 9 0
-133 -147 9 0
-135 -146 7 0
-134 -147 7 0
-133 -147 6 0
-136 -145 10 0
-136 -145 11 0
-136 -145 12 0
-136 -145 6 0
-136 -145 5 0
-136 -145 4 0
-134 -144 8 0
-133 -144 8 0
-132 -144 8 0
-131 -144 8 0
-133 -144 9 0
-132 -144 9 0
-131 -144 9 0
-134 -144 7 0
-133 -144 7 0
-132 -144 7 0
-110 -133 1 1
-109 -132 0 1
-109 -132 -1 1
-109 -132 -2 1
-109 -133 0 1
-109 -133 -1 1
-109 -133 -2 1
-109 -134 0 1
-109 -134 -1 1
-109 -134 -2 1
-110 -132 0 1
-110 -132 -1 1
-110 -132 -2 1
-110 -133 0 1
-110 -133 -2 1
-110 -134 -2 1
-111 -132 0 1
-111 -132 -1 1
-111 -132 -2 1
-111 -133 0 1
-111 -133 -1 1
-111 -133 -2 1
-111 -134 -2 1
-110 -133 -1 2
-110 -133 8 0
-110 -133 7 0
-110 -133 6 0
-106 -135 7 1
-106 -135 6 1
-149 -103 5 0
-149 -103 11 0
-149 -103 10 0
-146 -106 5 1
-147 -106 5 2
-148 -106 5 1
-147 -105 9 1
-148 -105 9 1
-146 -106 8 1
-146 -106 7 1
-146 -106 6 1
-147 -106 8 2
-147 -106 7 2
-147 -106 6 2
-148 -106 8 1
-148 -106 7 1
-148 -106 6 1
-149 -107 6 0
-149 -106 6 0
-149 -106 9 0
-149 -107 7 0
-133 -126 7 1
-129 -122 9 1
-129 -122 8 1
-129 -122 7 1
-129 -123 9 1
-129 -123 8 1
-128 -110 6 0
-148 -101 3 1
-148 -101 4 0
-128 -113 4 1
-128 -113 3 2
-129 -111 4 1
-129 -111 3 1
-129 -111 2 1
-143 -140 9 0
-142 -141 6 1
-142 -141 8 0
-142 -141 7 0
-143 -142 8 0
-143 -142 7 0
-130 -128 6 2
-128 -129 5 0
-128 -129 7 0
-128 -128 6 1
-122 -122 2 1
-122 -123 4 1
-123 -122 4 1
-141 -137 5 1
-141 -138 5 2
-141 -139 5 1
-135 -101 5 0
-147 -110 6 1
-148 -110 9 0
-148 -109 9 0
-149 -108 8 0
-147 -110 7 1
-148 -109 7 0
-149 -109 7 0
-138 -128 6 1
-138 -128 7 1
-138 -127 6 1
-138 -127 7 1
-138 -126 6 1
-138 -126 7 1
-137 -128 6 1
-125 -119 1 1
-125 -118 0 1
-125 -118 1 1
-126 -122 0 1
-126 -121 0 1
-132 -120 3 1
-132 -120 2 2
-132 -120 1 1
-131 -121 2 2
-136 -120 2 1
-136 -120 1 1
-137 -120 2 1
-137 -120 1 1
-137 -121 2 1
-137 -121 1 1
-137 -122 3 1
-137 -122 2 1
-137 -122 1 1
-135 -124 4 1
-133 -120 4 1
-102 -106 3 1
-102 -106 2 1
-102 -106 1 1
-103 -106 3 1
-103 -106 2 1
-103 -106 1 1
-104 -106 3 1
-104 -106 2 2
-104 -106 1 1
-105 -107 3 1
-105 -107 2 1
-130 -135 9 1
-131 -133 9 2
-131 -134 9 1
-131 -135 9 1
-132 -133 9 1
-132 -134 9 1
-132 -135 9 2
-129 -138 8 0
-130 -136 8 0
-130 -108 6 0
-135 -124 2 1
-135 -124 3 1
-135 -123 1 1
-135 -123 3 1
-135 -122 1 1
-143 -104 0 1
-143 -104 1 1
-145 -103 -1 1
-145 -103 0 2
-144 -103 -1 1
-143 -103 -1 1
-134 -122 1 1
-134 -122 2 2
-134 -122 3 1
-134 -121 1 1
-134 -121 2 2
-133 -123 1 1
-133 -122 1 1
-133 -121 1 1
-133 -121 2 2
-118 -116 1 1
-113 -102 2 1
-145 -134 15 0
-134 -113 9 1
-149 -109 10 0
-115 -140 9 0
-149 -110 11 0
-149 -110 10 0
-148 -110 10 0
-150 -110 10 0
-116 -145 11 1
-150 -111 10 0
-103 -132 8 0
-107 -136 8 1
-107 -136 9 1
-107 -135 8 1
-107 -135 9 1
-107 -134 7 1
-107 -134 8 1
-107 -134 9 1
-106 -136 9 1
-106 -135 9 1
-106 -134 7 1
-106 -134 8 2
-106 -134 9 2
-103 -133 6 0
-149 -112 10 0
-148 -114 8 0
-150 -113 10 0
-148 -114 9 0
-148 -115 10 0
-150 -113 11 0
-150 -114 11 0
-150 -119 9 0
-147 -144 10 0
-145 -142 9 0
-144 -142 9 0
-143 -146 10 0
-144 -144 10 0
-143 -143 9 0
-102 -132 9 0
-105 -133 9 1
-107 -133 7 1
-107 -133 8 1
-107 -133 9 1
-106 -133 7 1
-106 -133 8 1
-106 -133 9 1
-105 -133 7 1
-102 -133 8 0
-104 -133 8 0
-103 -132 7 0
-103 -133 7 0
-143 -144 10 0
-142 -145 10 0
-141 -143 10 0
-142 -144 10 0
-141 -145 10 0
-141 -133 11 1
-140 -145 10 0
-139 -145 10 0
-139 -142 10 0
-138 -145 10 0
-139 -143 10 0
-139 -144 10 0
-141 -133 12 1
-132 -117 6 0
-105 -136 12 1
-105 -135 12 2
-105 -134 12 1
-104 -136 12 2
-104 -135 12 1
-104 -134 12 1
-103 -136 12 1
-103 -135 12 1
-103 -140 15 2
-103 -140 16 1
-103 -139 14 1
-103 -139 15 2
-103 -139 16 1
-103 -138 14 1
-103 -138 15 2
-102 -140 14 1
-102 -140 15 2
-102 -140 16 1
-102 -139 14 1
-102 -139 16 1
-136 -142 10 0
-132 -117 7 0
-129 -101 4 1
-106 -102 1 1
-136 -144 11 0
-138 -142 10 0
-105 -133 10 1
-104 -132 10 0
-107 -136 10 1
-107 -136 11 1
-107 -135 10 1
-107 -135 11 1
-107 -134 10 1
-105 -125 1 1
-105 -125 0 1
-105 -125 -1 1
-105 -126 -1 1
-144 -103 8 2
-144 -102 8 2
-146 -101 10 0
-106 -125 -1 1
-106 -126 -1 1
-106 -127 -1 1
-107 -125 1 1
-107 -125 0 1
-107 -125 -1 1
-135 -121 2 2
-135 -120 1 1
-134 -120 3 1
-134 -119 1 1
-134 -119 2 2
-128 -110 3 1
-128 -110 2 1
-136 -128 8 1
-104 -128 5 0
-141 -104 3 0
-141 -103 5 0
-141 -104 5 0
-105 -133 4 0
-106 -132 5 0
-108 -130 6 0
-108 -130 7 0
-108 -130 8 0
-109 -129 1 1
-109 -129 2 1
-108 -129 1 1
-108 -129 2 2
-108 -129 3 1
-107 -131 1 1
-107 -131 2 1
-107 -130 1 1
-107 -130 2 1
-107 -129 1 1
-131 -103 7 0
-132 -102 5 2
-132 -102 7 0
-132 -102 6 1
-131 -101 5 1
-131 -101 7 0
-131 -101 6 1
-137 -138 16 0
-138 -136 16 0
-136 -135 16 0
-137 -137 16 0
-137 -136 15 0
-136 -134 12 1
-136 -134 11 1
-136 -134 10 1
-136 -135 12 1
-136 -135 11 1
-136 -135 10 1
-136 -136 11 1
-136 -136 10 1
-133 -137 11 1
-133 -138 11 1
-134 -137 11 1
-134 -138 11 1
-135 -137 11 1
-135 -138 11 1
-136 -135 13 0
-137 -136 13 0
-135 -134 13 0
-137 -137 14 1
-137 -135 14 0
-137 -136 14 0
-136 -134 14 0
-136 -138 15 0
-137 -135 15 0
-129 -124 9 1
-130 -122 9 1
-130 -122 8 2
-130 -122 7 1
-123 -101 3 1
-123 -101 4 1
-134 -139 4 2
-137 -143 8 0
-138 -145 9 0
-137 -144 9 0
-138 -145 7 0
-137 -143 7 0
-140 -143 8 0
-140 -142 8 0
-140 -144 9 0
-140 -143 9 0
-140 -142 9 0
-140 -143 7 0
-140 -150 9 0
-140 -150 7 0
-138 -148 8 0
-137 -149 8 0
-138 -148 9 0
-137 -149 9 0
-106 -123 3 0
-116 -143 6 0
-114 -143 7 0
-132 -104 2 1
-149 -102 4 1
-149 -103 4 1
-149 -103 3 1
-148 -102 5 1
-129 -133 3 2
-116 -142 6 0
-115 -141 5 0
-150 -103 8 0
-150 -103 7 1
-114 -144 7 1
-150 -102 8 0
-116 -144 6 0
-138 -144 6 0
-113 -144 5 0
-114 -144 5 0
-115 -144 5 0
-116 -144 5 0
-131 -142 7 0
-133 -141 8 0
-128 -124 6 1
-148 -101 9 1
-146 -102 10 1
-146 -102 9 1
-146 -103 10 2
-146 -103 9 2
-136 -141 8 0
-136 -142 9 0
-136 -141 9 0
-136 -143 7 0
-138 -143 8 0
-130 -132 2 1
-130 -132 3 1
-130 -132 4 1
-129 -132 2 1
-148 -124 9 0
-139 -125 5 1
-148 -124 10 0
-148 -124 8 1
-148 -123 9 0
-148 -123 10 0
-148 -123 8 1
-150 -123 9 0
-150 -122 9 0
-150 -122 10 0
-150 -122 8 0
-150 -126 9 0
-150 -126 8 0
-149 -125 9 0
-148 -120 10 0
-148 -126 10 0
-149 -120 12 0
-148 -120 12 0
-149 -120 9 0
-148 -120 9 0
-150 -119 10 0
-150 -118 12 0
-149 -118 12 0
-149 -137 8 1
-148 -139 6 1
-135 -140 8 1
-148 -139 7 1
-148 -139 8 1
-148 -138 6 2
-148 -138 7 2
-148 -138 8 2
-148 -137 6 1
-148 -137 7 1
-148 -137 8 1
-149 -138 9 2
-150 -139 9 1
-150 -139 10 1
-150 -138 9 1
-148 -146 8 0
-148 -147 8 0
-143 -102 2 1
-113 -149 8 1
-113 -149 7 1
-113 -149 6 2
-124 -103 3 1
-125 -101 5 1
-125 -102 5 1
-125 -102 3 1
-125 -103 5 1
-125 -103 4 1
-125 -103 3 1
-126 -101 5 1
-126 -102 5 1
-126 -103 5 1
-126 -103 4 1
-126 -103 3 1
-125 -102 4 2
-127 -102 1 1
-130 -144 7 0
-149 -133 11 1
-148 -133 11 1
-149 -133 13 0
-149 -133 10 1
-130 -141 7 0
-131 -142 8 0
-130 -141 9 0
-131 -142 6 0
-130 -141 6 0
-133 -141 7 0
-136 -145 8 0
-135 -145 8 0
-134 -145 8 0
-133 -145 8 0
-136 -145 9 0
-135 -145 9 0
-134 -145 9 0
-136 -145 7 0
-135 -145 7 0
-134 -145 7 0
-133 -145 6 0
-137 -145 8 0
-150 -136 13 0
-150 -138 11 1
-150 -137 11 1
-149 -138 11 1
-149 -137 11 1
-148 -138 11 1
-148 -137 11 1
-135 -143 6 0
-139 -144 7 0
-142 -143 9 0
-142 -150 9 0
-140 -148 8 0
-139 -150 8 0
-140 -148 9 0
-140 -149 9 0
-139 -149 9 0
-140 -148 7 0
-139 -149 7 0
-114 -141 2 1
-114 -141 3 2
-113 -141 2 1
-103 -119 4 0
-103 -118 4 0
-103 -117 4 0
-105 -118 5 0
-106 -118 5 0
-105 -118 7 0
-105 -118 4 0
-105 -120 4 0
-107 -120 4 0
-139 -146 8 0
-138 -146 8 0
-137 -146 8 0
-139 -146 9 0
-112 -108 4 0
-113 -107 3 1
-112 -107 3 0
-118 -115 3 2
-118 -115 2 1
-118 -115 1 1
-101 -115 3 1
-103 -113 4 0
-123 -119 3 1
-123 -119 2 1
-123 -120 4 1
-123 -120 3 1
-123 -120 2 1
-150 -105 6 0
-150 -105 9 0
-104 -123 4 0
-101 -124 6 0
-102 -124 6 0
-143 -102 3 1
-132 -121 9 1
-134 -125 6 0
-132 -123 4 1
-129 -109 6 0
-150 -101 11 0
-150 -101 10 0
-129 -108 7 0
-147 -101 9 1
-129 -108 5 0
-130 -109 6 0
-130 -109 7 0
-120 -149 16 1
-120 -148 16 1
-120 -146 15 0
-120 -145 15 0
-121 -148 14 1
-102 -117 7 0
-102 -117 4 0
-115 -144 2 1
-115 -144 3 2
-115 -144 4 1
-115 -143 2 1
-115 -143 3 1
-140 -101 4 0
-140 -102 4 0
-141 -101 3 0
-141 -101 4 0
-143 -127 7 0
-110 -125 4 0
-107 -124 3 0
-139 -147 7 0
-134 -123 2 2
-134 -123 1 1
-134 -124 2 1
-134 -124 1 1
-136 -146 7 0
-138 -145 8 0
-140 -140 3 1
-114 -112 2 1
-149 -101 2 2
-148 -101 2 2
-146 -101 4 0
-146 -101 5 0
-139 -141 6 0
-140 -141 6 0
-139 -141 7 0
-140 -141 7 0
-141 -142 6 0
-141 -142 7 0
-117 -113 2 2
-118 -114 1 1
-118 -113 1 1
-147 -125 7 0
-147 -125 8 0
-147 -125 11 0
-147 -125 10 0
-146 -126 8 0
-146 -126 10 0
-146 -126 9 0
-147 -125 9 0
-146 -127 10 1
-146 -127 9 1
-141 -138 8 2
-128 -127 4 1
-128 -126 4 1
-128 -131 5 1
-145 -125 6 0
-145 -125 7 0
-143 -126 7 0
-143 -127 8 1
-145 -127 7 0
-144 -127 10 1
-144 -127 9 1
-144 -127 8 1
-144 -128 10 1
-144 -128 9 2
-144 -128 8 1
-144 -129 10 1
-144 -129 9 2
-144 -129 8 1
-145 -127 10 1
-145 -127 9 1
-145 -128 10 1
-145 -128 8 1
-145 -129 10 1
-145 -129 9 2
-145 -129 8 1
-145 -128 9 2
-145 -127 8 1
-146 -126 7 0
-146 -124 7 1
-145 -123 7 2
-142 -122 8 1
-142 -122 7 1
-142 -122 6 1
-105 -145 8 1
-105 -144 6 2
-105 -144 7 2
-104 -130 6 0
-106 -131 2 1
-119 -142 5 0
-118 -142 7 0
-118 -142 6 0
-123 -142 2 1
-123 -142 3 1
-123 -142 4 1
-123 -142 10 0
-123 -142 9 0
-123 -142 8 0
-120 -145 4 1
-147 -144 9 0
-133 -136 5 1
-134 -136 7 1
-134 -136 6 1
-106 -108 3 1
-106 -108 2 1
-132 -106 4 1
-132 -106 3 1
-132 -106 2 1
-132 -107 4 1
-132 -107 3 1
-132 -107 2 1
-132 -108 4 1
-134 -137 5 1
-134 -138 7 2
-148 -148 10 0
-148 -147 10 0
-148 -148 9 0
-148 -147 9 0
-148 -146 9 0
-121 -143 6 0
-121 -144 6 0
-150 -146 10 0
-144 -144 9 0
-149 -102 9 0
-140 -130 12 1
-140 -130 13 1
-140 -132 11 2
-141 -133 10 1
-141 -132 10 1
-141 -131 10 1
-141 -131 11 1
-140 -133 10 1
-140 -132 10 1
-140 -131 10 1
-140 -131 11 1
-139 -133 10 1
-139 -132 10 1
-139 -132 11 2
-139 -131 10 1
-139 -131 11 2
-139 -131 12 1
-139 -131 16 0
-141 -131 16 0
-138 -131 16 0
-140 -130 15 0
-139 -130 15 0
-138 -131 14 0
-137 -131 15 0
-138 -130 14 0
-138 -132 14 0
-139 -130 13 1
-138 -131 13 0
-138 -132 13 0
-139 -131 13 1
-140 -130 10 1
-140 -130 11 1
-139 -130 10 1
-139 -130 11 1
-139 -130 12 1
-138 -132 10 1
-138 -132 11 2
-138 -132 12 1
-138 -131 10 1
-138 -131 11 1
-138 -131 12 1
-138 -130 10 1
-138 -130 11 2
-138 -130 12 1
-138 -131 15 0
-138 -130 16 0
-138 -132 16 0
-119 -145 14 0
-121 -146 14 0
-119 -148 13 1
-119 -146 13 1
-118 -148 13 1
-102 -139 6 1
-103 -139 6 1
-104 -139 6 1
-117 -146 13 1
-120 -147 13 1
-105 -144 14 1
-104 -142 17 0
-101 -141 18 1
-101 -142 18 1
-101 -143 18 1
-101 -143 17 1
-102 -143 18 1
-102 -143 17 1
-102 -144 19 1
-109 -147 7 2
-102 -144 17 1
-103 -144 19 1
-103 -144 17 2
-103 -145 19 1
-103 -145 18 1
-103 -145 17 1
-104 -143 19 1
-104 -143 18 1
-104 -143 17 1
-104 -144 19 1
-104 -144 18 1
-104 -144 17 1
-104 -145 19 1
-102 -136 14 1
-102 -137 16 1
-102 -137 15 1
-102 -137 14 1
-102 -140 17 0
-102 -139 17 0
-122 -146 15 0
-122 -148 14 0
-122 -147 14 0
-121 -148 13 1
-120 -149 17 0
-123 -148 16 0
-122 -147 16 0
-123 -147 16 0
-122 -148 15 0
-123 -148 15 0
-122 -149 14 0
-121 -150 13 1
-121 -149 13 1
-122 -148 13 0
-122 -148 17 0
-109 -147 6 2
-123 -149 16 0
-122 -150 15 1
-123 -149 14 0
-123 -147 14 0
-107 -142 14 1
-101 -141 16 1
-101 -141 15 2
-101 -141 14 1
-150 -140 12 0
-130 -118 6 0
-149 -141 11 0
-113 -145 4 1
-113 -144 2 1
-113 -144 3 1
-114 -144 8 1
-123 -116 5 0
-126 -116 5 0
-126 -115 6 0
-124 -115 6 0
-125 -115 7 0
-122 -115 3 1
-122 -115 2 1
-130 -112 3 1
-132 -105 2 1
-114 -139 3 1
-117 -149 13 1
-120 -148 12 1
-119 -148 12 1
-118 -150 12 1
-118 -149 12 1
-118 -148 12 1
-121 -148 12 1
-122 -149 12 0
-120 -149 11 1
-121 -149 11 0
-123 -150 12 0
-120 -148 11 0
-121 -150 10 1
-122 -150 11 0
-123 -150 11 0
-122 -149 11 0
-122 -150 10 0
-121 -149 10 0
-130 -130 3 1
-116 -114 4 0
-116 -113 4 0
-116 -114 6 0
-122 -148 10 0
-121 -148 9 0
-123 -150 9 0
-120 -149 9 0
-120 -148 8 0
-122 -149 8 0
-119 -149 8 0
-121 -150 8 0
-120 -150 7 1
-119 -150 8 0
-121 -149 7 1
-122 -150 6 2
-123 -150 5 1
-123 -150 6 1
-123 -150 7 1
-123 -149 5 1
-123 -149 6 1
-113 -148 2 1
-114 -148 2 1
-114 -149 4 2
-114 -149 3 1
-136 -102 3 0
-136 -104 3 1
-136 -102 5 0
-136 -104 2 1
-134 -102 3 1
-133 -103 3 1
-134 -102 5 1
-134 -102 2 1
-133 -102 2 1
-140 -144 7 0
-143 -144 8 0
-135 -101 0 1
-135 -101 1 2
-135 -101 2 1
-143 -150 10 0
-143 -149 7 0
-143 -150 7 0
-140 -149 8 0
-141 -148 9 0
-140 -149 7 0
-143 -147 10 0
-143 -147 11 0
-143 -147 12 0
-147 -123 8 1
-148 -122 9 0
-148 -122 8 1
-133 -101 1 1
-132 -101 0 1
-132 -101 1 1
-150 -101 0 1
-134 -101 0 1
-134 -101 1 2
-148 -104 1 2
-147 -103 1 2
-146 -102 11 1
-145 -102 11 1
-145 -101 10 0
-147 -103 12 0
-146 -103 11 1
-144 -101 11 0
-148 -103 11 0
-145 -102 10 1
-145 -102 9 1
-123 -150 13 0
-122 -150 12 0
-118 -149 11 2
-119 -150 10 1
-119 -150 11 2
-119 -149 10 1
-119 -149 11 1
-119 -148 10 1
-119 -148 11 1
-118 -150 10 1
-118 -150 11 1
-118 -149 10 1
-118 -148 10 1
-118 -148 11 1
-117 -150 10 1
-117 -150 11 1
-117 -150 12 1
-117 -149 10 1
-117 -149 11 1
-117 -149 12 1
-117 -148 10 1
-117 -148 11 1
-117 -148 12 1
-144 -134 12 0
-144 -133 13 0
-141 -136 11 1
-136 -125 8 2
-137 -126 9 1
-137 -125 8 1
-137 -125 9 1
-137 -124 8 1
-137 -124 9 1
-136 -126 9 2
-136 -125 7 1
-136 -125 9 2
-136 -124 9 1
-129 -102 7 0
-132 -101 5 1
-132 -101 7 0
-132 -101 6 1
-132 -113 5 1
-144 -101 6 1
-143 -101 6 0
-144 -101 8 1
-147 -104 6 2
-147 -103 6 2
-147 -102 6 1
-146 -104 6 1
-144 -104 5 1
-144 -104 6 2
-144 -104 7 2
-144 -103 5 2
-144 -103 6 1
-144 -103 7 1
-144 -102 6 1
-144 -102 7 1
-144 -104 4 2
-144 -103 4 1
-121 -142 6 0
-105 -122 5 0
-121 -142 7 0
-122 -142 5 0
-121 -142 4 1
-123 -141 6 0
-137 -144 7 0
-136 -143 9 0
-136 -143 8 0
-136 -144 8 0
-137 -144 8 0
-135 -146 6 0
-135 -146 9 0
-122 -118 3 1
-122 -118 2 1
-124 -142 2 0
-108 -124 6 0
-107 -124 5 0
-129 -103 1 1
-128 -103 1 1
-128 -103 2 1
-128 -103 3 1
-127 -103 1 1
-118 -143 9 0
-118 -143 4 1
-118 -143 3 1
-118 -143 2 1
-118 -143 1 1
-133 -146 5 0
-133 -145 5 0
-134 -143 5 0
-133 -141 5 1
-111 -138 7 1
-149 -119 9 0
-110 -138 6 2
-109 -137 5 1
-109 -137 4 2
-109 -137 3 2
-139 -148 7 0
-138 -149 7 0
-141 -146 11 0
-143 -147 5 0
-143 -147 6 0
-112 -139 16 1
-114 -138 16 0
-111 -141 16 1
-111 -140 16 1
-111 -139 16 1
-114 -139 18 0
-115 -140 18 0
-114 -138 18 0
-112 -133 3 1
-112 -132 3 0
-115 -134 4 0
-115 -133 4 0
-114 -135 5 0
-114 -134 5 0
-101 -116 2 1
-101 -116 3 1
-132 -139 3 1
-133 -137 4 2
-133 -137 3 1
-132 -104 3 1
-132 -104 4 1
-137 -105 3 2
-138 -106 2 1
-138 -106 3 1
-138 -106 4 1
-138 -105 2 1
-138 -105 3 1
-138 -105 4 2
-146 -145 7 0
-146 -145 6 0
-146 -145 5 0
-146 -145 4 0
-137 -106 3 1
-137 -106 4 1
-137 -105 2 1
-141 -146 8 0
-143 -146 9 0
-142 -146 10 0
-143 -146 7 0
-142 -146 7 0
-141 -146 7 0
-144 -144 8 0
-143 -143 8 0
-142 -143 8 0
-143 -144 9 0
-143 -143 10 0
-143 -144 7 0
-134 -135 5 1
-131 -134 8 2
-124 -115 3 2
-143 -122 5 1
-125 -115 2 1
-125 -115 3 1
-125 -115 4 1
-125 -114 2 1
-140 -123 7 0
-125 -114 3 1
-125 -114 4 1
-124 -115 2 1
-124 -115 4 1
-124 -114 2 1
-124 -114 3 1
-124 -114 4 1
-114 -149 2 1
-114 -150 2 1
-114 -150 4 1
-114 -150 3 1
-142 -145 0 1
-142 -145 -1 1
-142 -146 0 2
-123 -150 8 0
-120 -149 8 0
-112 -146 3 1
-114 -147 3 1
-114 -148 3 1
-120 -148 7 0
-114 -150 7 1
-114 -150 6 1
-114 -150 5 2
-110 -147 8 1
-110 -147 7 2
-110 -147 6 2
-111 -147 8 1
-111 -147 7 1
-111 -147 6 2
-126 -132 9 0
-101 -117 7 0
-132 -132 10 2
-131 -133 10 1
-131 -132 10 2
-130 -134 10 1
-130 -133 10 1
-130 -132 10 1
-127 -130 8 0
-126 -131 8 0
-127 -130 7 0
-102 -117 8 0
-127 -131 10 0
-103 -117 6 0
-128 -130 10 0
-101 -117 4 0
-127 -130 9 0
-129 -129 9 0
-126 -131 9 0
-130 -131 9 1
-127 -129 9 0
-129 -130 8 0
-130 -130 8 0
-126 -130 8 0
-128 -129 8 0
-126 -129 8 0
-126 -131 7 0
-101 -116 8 0
-102 -116 8 0
-107 -124 6 0
-104 -121 3 1
-104 -120 3 1
-104 -119 1 1
-104 -119 2 1
-104 -119 3 1
-103 -121 1 1
-103 -121 2 1
-103 -121 3 1
-103 -120 1 1
-103 -120 3 1
-103 -119 1 1
-116 -147 18 0
-115 -148 17 0
-114 -148 18 0
-146 -103 1 1
-115 -147 16 1
-115 -147 15 2
-115 -147 14 1
-116 -147 16 1
-116 -147 15 2
-116 -147 14 1
-117 -147 16 1
-117 -147 15 2
-117 -147 14 1
-114 -148 17 0
-115 -148 18 0
-116 -148 18 0
-115 -149 19 0
-118 -150 17 0
-116 -148 17 0
-117 -150 19 0
-116 -149 19 0
-117 -150 17 0
-117 -149 18 0
-116 -150 19 0
-118 -150 16 1
-142 -125 9 0
-149 -124 11 0
-148 -124 13 0
-149 -121 11 0
-129 -106 4 1
-129 -106 7 0
-131 -106 6 0
-131 -106 5 0
-116 -148 6 1
-116 -149 8 1
-114 -149 16 1
-114 -149 15 2
-114 -149 14 1
-113 -150 17 0
-112 -150 18 0
-113 -150 18 0
-113 -149 16 1
-113 -149 15 2
-113 -149 14 1
-112 -150 17 0
-115 -150 16 1
-115 -150 15 2
-115 -150 14 1
-114 -150 16 1
-114 -150 15 2
-114 -150 14 1
-111 -150 18 0
-116 -141 14 0
-111 -140 15 2
-111 -141 15 2
-111 -142 15 1
-111 -142 14 1
-111 -142 13 1
-112 -140 15 2
-113 -140 15 1
-116 -140 15 0
-114 -139 15 0
-115 -141 15 1
-115 -140 14 0
-129 -103 3 1
-130 -101 4 2
-130 -101 3 1
-113 -145 13 1
-115 -138 13 0
-116 -139 13 0
-115 -139 14 0
-114 -139 14 1
-114 -140 15 1
-103 -133 8 0
-101 -134 9 0
-102 -134 9 0
-150 -140 4 1
-150 -139 3 1
-150 -139 4 1
-149 -141 3 1
-149 -141 4 2
-127 -113 7 0
-128 -112 6 0
-131 -113 4 1
-131 -113 5 1
-148 -104 -1 1
-128 -133 5 0
-101 -134 7 0
-103 -134 11 1
-103 -134 10 1
-104 -134 11 1
-104 -134 10 1
-105 -134 11 1
-105 -134 10 1
-102 -135 11 1
-102 -135 10 1
-146 -104 -1 1
-146 -103 0 2
-128 -116 3 1
-128 -116 4 1
-125 -122 2 2
-127 -118 2 2
-128 -118 1 2
-128 -117 1 1
-127 -119 3 2
-127 -118 1 1
-127 -118 3 1
-127 -117 1 1
-127 -117 2 1
-132 -115 5 1
-132 -115 6 1
-101 -135 9 0
-103 -135 11 1
-104 -135 11 2
-105 -135 11 2
-105 -136 11 1
-105 -137 11 1
-102 -136 11 1
-102 -137 11 1
-102 -138 11 1
-103 -136 11 1
-103 -137 11 1
-103 -138 11 1
-104 -136 11 1
-104 -137 11 1
-104 -138 11 1
-116 -143 4 1
-116 -143 7 0
-132 -138 6 1
-149 -124 10 0
-149 -124 9 0
-129 -133 4 1
-150 -111 8 0
-149 -111 8 0
-149 -112 8 0
-148 -113 8 0
-149 -111 9 0
-149 -112 9 0
-148 -113 9 0
-149 -111 7 0
-149 -112 7 0
-148 -113 7 0
-130 -133 2 1
-130 -134 4 1
-130 -134 2 1
-147 -133 13 0
-148 -134 13 0
-148 -138 10 1
-148 -138 9 2
-148 -139 10 1
-148 -139 9 1
-149 -137 10 2
-112 -145 17 0
-111 -143 14 1
-111 -143 15 1
-111 -143 16 1
-126 -116 3 2
-137 -122 8 0
-136 -123 8 0
-126 -116 2 1
-118 -150 5 1
-119 -150 5 1
-119 -149 6 0
-119 -150 7 1
-120 -150 6 1
-121 -148 8 0
-131 -137 12 1
-110 -145 2 1
-110 -144 2 1
-149 -103 0 1
-146 -105 0 1
-145 -105 0 1
-144 -105 0 1
-150 -114 2 1
-149 -104 0 1
-148 -105 0 1
-147 -105 0 1
-120 -113 4 0
-115 -109 -1 1
-115 -110 0 1
-115 -110 -1 1
-142 -125 6 1
-142 -125 10 0
-141 -126 7 0
-139 -126 10 1
-139 -126 9 1
-139 -126 8 1
-139 -127 10 1
-139 -127 9 2
-139 -127 8 1
-139 -128 10 1
-139 -128 9 1
-128 -132 6 0
-139 -128 8 1
-141 -129 10 1
-141 -129 9 1
-144 -123 7 1
-144 -123 6 1
-144 -124 7 1
-144 -124 6 1
-143 -123 7 2
-143 -124 8 1
-143 -125 7 1
-143 -125 9 0
-127 -131 5 0
-143 -125 8 1
-126 -131 6 0
-127 -129 8 0
-128 -128 2 1
-128 -133 6 0
-133 -133 7 1
-133 -133 6 1
-133 -133 5 1
-130 -132 6 1
-142 -101 4 0
-136 -126 8 2
-136 -126 7 1
-136 -126 6 1
-136 -127 8 2
-136 -127 7 2
-103 -126 5 0
-103 -126 6 0
-147 -133 11 1
-147 -133 10 1
-147 -133 9 1
-147 -134 11 1
-147 -134 10 2
-147 -134 9 1
-147 -135 11 1
-147 -135 10 1
-147 -135 9 1
-148 -133 10 1
-148 -133 9 1
-149 -133 9 1
-149 -134 13 0
-150 -134 12 0
-134 -141 3 1
-134 -141 5 1
-134 -142 5 1
-131 -138 7 0
-132 -138 7 1
-140 -103 2 1
-140 -104 5 0
-140 -104 3 0
-142 -103 2 1
-142 -102 2 1
-144 -103 3 2
-114 -102 2 1
-114 -102 3 1
-113 -102 1 1
-113 -141 7 1
-113 -142 9 1
-113 -142 8 1
-133 -122 8 1
-133 -122 4 1
-121 -102 5 0
-126 -120 5 0
-127 -120 6 0
-126 -119 6 0
-126 -121 6 0
-125 -119 5 1
-127 -118 5 1
-125 -120 5 0
-119 -101 2 1
-121 -101 3 0
-121 -101 4 0
-133 -143 5 0
-113 -144 7 1
-113 -144 4 1
-115 -142 5 0
-114 -141 5 0
-114 -141 7 0
-114 -141 4 1
-117 -146 6 0
-117 -148 4 0
-115 -145 5 0
-114 -147 5 1
-114 -146 7 1
-122 -101 4 1
-122 -101 3 1
-122 -101 2 1
-125 -102 2 1
-111 -138 20 1
-111 -138 19 1
-111 -139 20 1
-111 -139 19 2
-111 -140 20 1
-111 -140 19 1
-111 -140 18 1
-110 -139 19 2
-109 -138 19 1
-109 -136 19 0
-120 -140 6 0
-117 -139 2 1
-117 -139 3 1
-109 -137 19 0
-108 -137 19 0
-110 -136 19 0
-108 -136 19 0
-110 -134 16 0
-110 -134 18 0
-109 -135 18 0
-108 -135 19 0
-110 -133 16 0
-110 -134 17 0
-106 -135 18 0
-109 -132 18 0
-107 -135 18 0
-108 -133 19 0
-109 -135 19 0
-107 -134 19 0
-110 -133 17 0
-133 -105 4 0
-133 -104 3 1
-102 -110 4 0
-105 -108 7 0
-103 -107 7 0
-105 -106 7 0
-108 -131 17 0
-107 -131 17 0
-108 -132 18 0
-108 -135 18 0
-108 -131 16 0
-102 -136 15 1
-102 -136 16 1
-103 -140 18 0
-102 -141 17 1
-144 -131 10 0
-143 -130 10 1
-144 -131 9 0
-143 -131 8 1
-145 -131 8 1
-118 -141 6 0
-142 -130 7 2
-143 -131 7 1
-143 -130 7 1
-142 -131 7 2
-142 -131 8 1
-142 -130 8 1
-142 -129 7 1
-141 -131 6 1
-141 -131 7 1
-141 -131 8 1
-141 -130 6 1
-141 -130 7 1
-141 -130 8 1
-141 -129 6 1
-141 -129 7 1
-148 -132 6 1
-148 -132 7 1
-148 -132 8 1
-147 -132 6 1
-147 -132 7 1
-147 -132 8 1
-146 -132 6 1
-146 -132 7 2
-146 -132 8 1
-106 -132 17 0
-106 -132 16 0
-106 -133 17 0
-104 -144 16 1
-103 -144 14 1
-103 -144 15 2
-103 -144 16 2
-102 -144 14 1
-102 -144 15 2
-102 -144 16 1
-101 -144 14 1
-104 -145 16 2
-103 -145 15 2
-103 -145 16 1
-102 -145 15 2
-102 -145 16 1
-105 -145 14 1
-105 -145 15 1
-104 -147 14 1
-104 -147 15 2
-104 -147 16 1
-103 -146 14 1
-103 -146 15 2
-102 -147 14 1
-102 -147 15 2
-102 -147 16 1
-101 -147 14 1
-101 -147 15 2
-101 -147 16 1
-112 -135 8 0
-112 -135 7 0
-112 -135 6 0
-114 -140 14 1
-101 -146 18 0
-102 -146 18 0
-101 -147 17 0
-102 -147 17 0
-105 -148 14 1
-105 -148 15 2
-105 -148 16 1
-104 -148 14 1
-104 -148 15 2
-104 -148 16 1
-103 -148 14 1
-103 -148 15 2
-103 -148 16 1
-102 -148 14 1
-101 -148 16 1
-105 -120 6 0
-105 -121 8 0
-104 -120 7 0
-104 -122 6 0
-104 -122 8 0
-149 -101 -1 1
-128 -134 6 0
-129 -134 7 1
-129 -133 6 0
-146 -142 3 1
-146 -142 4 1
-146 -142 5 1
-145 -142 3 1
-145 -142 4 1
-145 -142 5 1
-144 -142 3 1
-104 -150 14 1
-104 -150 15 2
-104 -150 16 1
-103 -150 14 1
-103 -150 15 2
-103 -150 16 1
-106 -146 14 1
-106 -145 14 1
-106 -150 14 1
-106 -150 15 2
-106 -150 16 1
-106 -149 14 1
-106 -149 15 2
-106 -149 16 1
-106 -148 14 1
-106 -148 15 2
-106 -148 16 1
-105 -149 18 0
-106 -148 17 0
-105 -150 17 0
-106 -149 17 0
-107 -150 14 2
-107 -150 15 2
-107 -149 14 1
-107 -149 15 2
-107 -149 16 1
-107 -148 14 1
-107 -148 15 2
-107 -148 16 1
-107 -147 14 1
-107 -147 15 1
-107 -147 16 1
-105 -148 18 0
-105 -149 17 0
-106 -149 18 0
-107 -149 17 0
-104 -132 8 0
-101 -133 9 0
-106 -134 10 2
-106 -135 10 2
-106 -136 10 1
-144 -134 7 2
-143 -134 6 1
-142 -134 6 1
-102 -142 17 1
-103 -141 18 0
-102 -141 18 1
-102 -138 17 0
-103 -141 17 0
-144 -127 5 1
-144 -127 4 1
-142 -129 6 1
-142 -129 5 1
-142 -129 4 1
-142 -130 6 1
-142 -130 5 1
-142 -130 4 1
-142 -131 6 1
-142 -131 5 1
-142 -131 4 1
-143 -131 6 1
-125 -103 2 1
-126 -103 2 1
-126 -101 6 0
-124 -101 5 1
-124 -102 5 1
-124 -102 4 2
-124 -102 3 2
-124 -103 5 1
-124 -103 4 1
-143 -148 7 0
-145 -146 11 0
-145 -146 12 0
-147 -104 5 2
-146 -141 6 0
-146 -141 8 0
-147 -140 6 0
-143 -139 7 1
-143 -140 6 1
-143 -140 8 0
-143 -140 7 0
-122 -104 8 0
-117 -142 5 0
-111 -141 8 2
-117 -142 7 0
-117 -142 4 1
-119 -141 5 0
-118 -140 5 0
-119 -141 6 0
-119 -141 7 0
-118 -140 7 0
-118 -140 4 1
-121 -139 5 0
-121 -138 5 0
-122 -141 7 0
-123 -140 4 0
-121 -145 5 0
-121 -146 5 0
-121 -145 7 0
-121 -146 7 0
-121 -146 4 0
-119 -144 5 0
-118 -145 5 0
-119 -144 7 0
-118 -145 7 0
-118 -144 5 0
-118 -145 4 1
-121 -142 8 0
-121 -142 9 0
-121 -142 3 2
-122 -143 2 1
-122 -143 3 2
-122 -143 4 1
-122 -141 2 1
-122 -141 3 1
-122 -141 4 1
-121 -143 2 1
-121 -143 3 2
-114 -147 8 1
-147 -103 0 2
-147 -103 -1 1
-147 -104 0 1
-147 -104 -1 1
-131 -124 6 0
-129 -124 4 1
-130 -124 4 1
-130 -125 4 1
-132 -125 6 1
-136 -142 6 1
-150 -141 5 1
-150 -141 6 1
-150 -141 7 1
-150 -140 5 1
-150 -140 7 1
-150 -139 5 1
-111 -107 0 1
-111 -107 1 1
-111 -106 -1 1
-107 -127 3 0
-107 -125 6 0
-107 -126 5 0
-107 -127 5 0
-107 -124 4 0
-107 -125 4 0
-107 -126 4 0
-116 -108 2 1
-116 -109 2 1
-113 -105 1 1
-113 -106 1 1
-124 -124 3 2
-124 -124 2 1
-125 -124 2 1
-126 -124 2 1
-123 -124 6 0
-133 -140 9 0
-147 -139 4 2
-121 -141 5 0
-149 -129 5 1
-149 -129 4 1
-150 -127 6 1
-150 -127 5 1
-150 -127 4 2
-150 -128 6 2
-150 -128 5 1
-150 -128 4 2
-149 -128 5 2
-150 -128 7 1
-150 -130 7 0
-122 -150 8 0
-121 -149 8 0
-119 -150 9 0
-122 -149 9 0
-146 -136 10 1
-145 -137 10 2
-144 -137 10 1
-143 -138 10 1
-142 -138 10 2
-141 -138 10 1
-143 -139 9 1
-145 -138 10 1
-144 -138 10 1
-141 -136 5 1
-141 -135 5 1
-146 -136 5 1
-145 -136 5 1
-105 -132 10 0
-106 -132 11 0
-106 -136 12 1
-103 -132 11 0
-104 -132 12 0
-104 -133 12 0
-104 -133 11 0
-143 -137 11 1
-142 -137 11 1
-141 -137 11 1
-145 -139 10 1
-144 -139 10 1
-139 -148 4 0
-137 -146 4 0
-142 -138 11 1
-141 -138 11 1
-144 -140 9 0
-142 -139 10 1
-105 -132 9 0
-141 -139 10 1
-104 -131 10 0
-106 -132 10 0
-105 -133 12 1
-106 -133 12 1
-106 -134 12 1
-106 -135 12 2
-107 -133 12 1
-107 -134 12 2
-107 -135 12 1
-105 -132 11 0
-103 -133 11 0
-143 -140 10 0
-140 -139 10 1
-140 -138 10 1
-140 -137 10 1
-144 -140 10 0
-143 -139 11 1
-142 -139 11 1
-141 -139 11 1
-144 -141 9 0
-146 -138 11 1
-146 -137 11 1
-146 -136 11 1
-145 -138 11 1
-145 -137 11 1
-145 -136 11 1
-144 -138 11 1
-144 -137 11 1
-144 -136 11 1
-143 -141 9 0
-142 -141 10 0
-145 -140 10 0
-143 -142 9 0
-142 -140 10 0
-143 -141 10 0
-142 -141 9 0
-141 -141 9 0
-105 -105 3 1
-105 -105 2 1
-105 -105 1 1
-105 -106 1 1
-105 -107 1 1
-105 -106 4 1
-105 -106 3 1
-144 -103 10 1
-144 -101 10 0
-145 -103 11 1
-144 -102 11 0
-145 -102 12 0
-145 -101 12 0
-147 -102 12 0
-146 -101 13 0
-148 -101 11 0
-147 -101 11 0
-147 -101 12 0
-146 -101 12 0
-149 -101 12 0
-148 -101 13 0
-148 -101 12 0
-147 -101 13 0
-119 -110 8 1
-119 -110 9 1
-101 -139 9 1
-102 -139 9 1
-103 -139 9 1
-101 -142 8 1
-102 -142 3 1
-107 -139 7 1
-106 -138 8 1
-106 -139 8 1
-101 -140 8 1
-101 -141 8 1
-102 -143 8 1
-103 -141 2 1
-103 -142 2 1
-106 -139 3 1
-141 -149 3 0
-140 -146 3 0
-142 -145 3 0
-141 -147 2 0
-140 -148 2 0
-141 -146 2 0
-141 -145 2 0
-142 -148 2 0
-142 -149 2 0
-140 -147 2 0
-142 -146 2 0
-141 -148 1 1
-141 -146 1 1
-142 -148 1 1
-102 -140 6 2
-102 -141 8 1
-102 -142 8 1
-103 -140 8 1
-104 -140 8 1
-104 -141 2 1
-105 -140 3 2
-105 -140 2 1
-106 -140 3 1
-106 -140 2 1
-107 -140 3 1
-107 -140 2 1
-103 -141 4 2
-103 -141 3 1
-103 -142 3 1
-103 -143 3 1
-131 -132 15 0
-130 -130 15 0
-130 -132 15 0
-132 -131 15 0
-129 -130 15 0
-131 -133 15 0
-131 -129 15 0
-129 -132 14 0
-130 -129 14 0
-130 -133 14 1
-128 -131 14 0
-132 -133 14 1
-103 -140 7 2
-103 -140 6 2
-103 -141 5 2
-104 -140 7 1
-130 -131 16 0
-131 -132 16 0
-130 -130 16 0
-129 -132 16 0
-132 -131 16 0
-131 -130 15 0
-129 -132 15 0
-132 -132 15 0
-130 -133 15 0
-132 -130 15 0
-131 -133 14 1
-129 -133 14 0
-128 -131 13 0
-129 -133 13 0
-104 -141 6 1
-105 -141 8 1
-106 -141 8 1
-104 -142 3 1
-104 -142 2 1
-104 -143 2 1
-104 -144 2 1
-104 -143 3 1
-104 -144 3 1
-105 -141 3 2
-105 -141 2 1
-105 -142 3 2
-105 -142 2 1
-106 -141 3 2
-129 -131 16 0
-131 -133 16 0
-131 -130 16 0
-128 -132 15 0
-129 -131 15 0
-128 -131 15 0
-130 -129 15 0
-128 -132 14 0
-134 -132 12 1
-134 -132 13 1
-134 -132 14 1
-134 -131 13 1
-134 -131 14 1
-134 -130 14 1
-106 -139 4 1
-107 -139 6 1
-107 -139 5 1
-107 -139 4 1
-103 -142 5 2
-103 -143 5 2
-103 -144 5 1
-103 -145 7 1
-103 -145 6 1
-103 -145 5 1
-105 -141 7 2
-105 -141 6 1
-105 -141 5 1
-103 -142 8 1
-103 -142 7 2
-130 -132 16 0
-130 -132 17 0
-131 -132 17 0
-129 -133 16 0
-132 -132 16 0
-132 -133 16 0
-130 -134 15 0
-129 -133 15 0
-130 -134 14 1
-104 -145 5 1
-104 -146 7 1
-104 -146 6 1
-104 -146 5 1
-105 -142 7 2
-105 -142 6 1
-105 -142 5 2
-105 -143 7 2
-105 -143 6 2
-105 -143 5 2
-130 -133 16 0
-131 -134 16 0
-131 -131 16 0
-132 -133 15 0
-132 -134 15 0
-129 -134 14 0
-130 -134 13 1
-131 -134 13 1
-107 -142 6 2
-107 -142 5 2
-106 -143 6 2
-107 -143 7 2
-107 -143 6 1
-107 -143 5 2
-108 -143 7 1
-130 -134 16 0
-131 -134 15 0
-104 -125 6 0
-104 -125 3 0
-107 -125 5 0
-118 -144 6 0
-117 -146 5 0
-117 -145 5 0
-120 -147 4 0
-120 -146 7 0
-120 -145 7 0
-120 -144 6 0
-120 -147 5 0
-120 -146 5 0
-114 -135 4 0
-111 -136 3 1
-112 -136 3 0
-111 -136 6 0
-112 -137 5 0
-111 -136 4 1
-112 -136 4 0
-109 -137 2 1
-109 -138 2 1
-110 -137 2 1
-110 -138 2 1
-111 -137 2 1
-111 -138 2 1
-109 -137 7 1
-142 -149 9 0
-107 -126 -1 1
-107 -127 -1 1
-106 -126 8 0
-136 -147 1 0
-137 -146 2 0
-138 -148 1 0
-136 -146 2 0
-136 -148 2 0
-135 -147 2 0
-137 -148 2 0
-136 -145 3 0
-136 -148 3 0
-127 -101 5 1
-129 -103 2 1
-128 -102 1 1
-129 -102 2 1
-129 -102 1 1
-130 -102 1 1
-111 -131 6 0
-111 -132 3 1
-141 -102 4 0
-139 -137 9 1
-113 -101 3 1
-112 -106 3 0
-111 -106 3 0
-112 -106 4 0
-112 -106 2 0
-136 -101 5 0
-112 -131 5 0
-112 -131 3 0
-113 -130 3 0
-106 -137 5 1
-105 -106 2 1
-142 -129 12 1
-138 -133 13 0
-138 -129 13 0
-137 -130 14 0
-145 -114 3 1
-145 -113 3 1
-145 -112 3 1
-150 -118 6 0
-115 -109 1 1
-115 -108 -1 1
-115 -108 0 1
-115 -108 1 1
-150 -114 9 0
-150 -115 9 0
-149 -115 9 0
-114 -143 18 0
-114 -142 18 1
-114 -142 19 1
-114 -142 20 1
-114 -141 19 1
-114 -141 20 1
-114 -140 19 1
-136 -132 14 0
-136 -129 14 0
-136 -131 14 0
-137 -129 13 0
-137 -133 12 1
-135 -134 16 0
-136 -132 16 0
-137 -133 16 0
-136 -129 16 0
-135 -130 15 0
-135 -128 15 0
-134 -129 15 0
-136 -128 14 0
-136 -132 12 1
-136 -132 11 2
-136 -132 10 1
-136 -133 11 1
-136 -133 10 1
-136 -133 12 1
-103 -132 10 0
-104 -132 7 0
-147 -122 8 1
-146 -121 8 1
-137 -143 5 0
-138 -145 6 0
-139 -144 5 0
-139 -145 6 0
-138 -143 5 0
-140 -144 5 0
-139 -143 5 0
-140 -143 5 0
-140 -144 6 0
-136 -133 13 0
-137 -133 14 0
-137 -133 15 0
-137 -132 16 0
-103 -140 14 1
-102 -139 15 2
-103 -138 16 1
-104 -137 17 0
-103 -139 17 0
-104 -138 17 0
-104 -140 18 0
-105 -138 18 0
-105 -139 17 0
-135 -133 11 1
-135 -133 10 1
-135 -133 12 1
-135 -133 13 0
-134 -133 13 0
-136 -133 14 0
-136 -133 15 0
-136 -133 16 0
-135 -133 15 0
-133 -134 16 0
-134 -132 16 0
-135 -133 16 0
-104 -136 16 1
-104 -136 15 1
-104 -136 14 1
-104 -137 16 1
-104 -137 15 2
-104 -137 14 1
-104 -138 14 1
-104 -139 15 2
-104 -139 14 1
-104 -140 16 1
-104 -140 15 2
-104 -140 14 1
-104 -141 16 1
-104 -141 15 2
-104 -141 14 1
-105 -141 16 1
-105 -141 15 2
-105 -141 14 1
-106 -141 16 1
-106 -141 15 2
-106 -141 14 1
-107 -141 16 1
-107 -141 15 1
-107 -141 14 1
-108 -141 16 1
-108 -141 15 1
-108 -141 14 1
-148 -110 8 0
-147 -110 8 0
-147 -110 9 0
-148 -110 7 0
-149 -109 9 0
-149 -108 9 0
-125 -125 4 1
-126 -123 6 2
-126 -123 5 2
-126 -123 4 2
-127 -123 6 1
-127 -123 5 1
-142 -101 2 1
-127 -123 4 2
-125 -126 6 1
-125 -126 5 1
-124 -127 6 0
-124 -127 5 0
-141 -101 0 1
-141 -101 1 2
-141 -101 2 1
-140 -101 0 1
-139 -101 4 0
-139 -101 3 0
-139 -101 0 1
-142 -101 7 0
-150 -106 7 0
-150 -107 7 0
-150 -108 7 0
-150 -106 8 0
-150 -107 9 0
-150 -108 9 0
-150 -107 6 0
-150 -108 6 0
-147 -107 7 2
-148 -108 6 1
-149 -138 5 1
-149 -137 5 1
-134 -140 4 2
-134 -138 3 1
-110 -102 1 1
-110 -102 0 1
-110 -102 -1 1
-128 -101 2 1
-128 -101 1 1
-129 -101 2 2
-145 -141 6 0
-146 -140 9 0
-146 -140 4 2
-146 -141 3 1
-146 -141 4 2
-146 -141 5 1
-146 -140 3 1
-146 -140 5 1
-146 -139 3 1
-146 -139 4 2
-145 -141 3 1
-145 -141 4 2
-145 -141 5 1
-145 -140 3 1
-117 -101 3 1
-117 -101 2 1
-118 -101 4 1
-118 -101 3 1
-118 -101 2 1
-126 -144 6 0
-127 -146 7 0
-129 -144 5 0
-127 -139 5 0
-127 -139 7 0
-127 -138 6 0
-127 -139 6 0
-124 -140 5 0
-127 -142 5 0
-125 -140 8 1
-134 -136 14 1
-131 -137 14 1
-134 -134 14 1
-133 -137 14 1
-130 -136 14 0
-134 -135 13 1
-132 -137 13 1
-133 -137 12 1
-133 -137 13 1
-132 -137 12 1
-132 -137 14 1
-150 -135 14 0
-131 -137 13 1
-134 -133 10 1
-134 -133 11 1
-123 -117 9 1
-126 -118 5 1
-127 -117 4 1
-124 -123 1 1
-109 -139 17 0
-110 -140 17 0
-135 -122 3 1
-132 -119 5 0
-134 -119 6 0
-103 -134 12 1
-131 -117 7 0
-131 -118 5 0
-148 -110 4 2
-147 -114 6 1
-147 -113 4 1
-128 -114 4 1
-127 -112 2 1
-127 -112 3 1
-128 -115 2 1
-128 -115 3 1
-116 -145 14 1
-110 -143 16 1
-110 -143 15 1
-110 -143 14 1
-110 -144 16 1
-110 -144 15 1
-106 -148 18 0
-106 -150 17 0
-108 -148 14 1
-108 -148 15 2
-108 -148 16 1
-108 -147 14 1
-108 -147 15 1
-108 -147 16 1
-110 -144 14 1
-110 -145 16 1
-147 -135 15 0
-146 -133 15 0
-146 -135 14 0
-147 -134 14 0
-146 -136 14 0
-148 -135 14 0
-145 -132 14 0
-146 -135 13 0
-148 -133 13 0
-147 -135 13 0
-147 -136 13 0
-107 -150 18 0
-108 -149 17 0
-147 -133 12 0
-107 -148 17 0
-108 -150 17 0
-107 -146 14 1
-107 -146 15 1
-107 -146 16 1
-147 -135 12 0
-146 -134 12 0
-146 -133 11 1
-145 -135 11 0
-119 -104 7 0
-146 -101 2 1
-103 -139 7 2
-103 -139 8 1
-102 -139 7 2
-102 -139 8 1
-106 -138 7 1
-102 -133 6 1
-134 -129 8 2
-134 -128 8 2
-148 -133 12 0
-149 -135 12 0
-146 -136 12 0
-149 -134 12 0
-106 -104 5 0
-103 -104 5 0
-107 -106 5 0
-106 -106 5 0
-105 -104 5 0
-106 -105 6 0
-129 -117 1 1
-129 -117 0 1
-125 -123 1 1
-124 -120 4 1
-125 -121 4 1
-129 -123 4 1
-124 -117 4 1
-124 -117 3 2
-139 -143 8 0
-139 -142 8 0
-139 -143 9 0
-139 -142 9 0
-139 -143 7 0
-141 -143 6 0
-142 -146 6 0
-141 -148 6 0
-139 -149 6 0
-131 -132 13 2
-131 -131 13 1
-130 -130 12 1
-130 -128 11 0
-129 -129 11 0
-130 -131 11 1
-130 -133 11 1
-130 -132 11 1
-130 -131 10 1
-134 -132 11 2
-131 -129 13 1
-130 -131 13 1
-132 -133 12 1
-132 -133 13 1
-131 -133 12 1
-131 -133 13 2
-130 -133 12 1
-130 -133 13 1
-130 -132 12 1
-130 -132 13 1
-146 -136 8 1
-129 -131 5 1
-129 -130 5 1
-107 -121 4 0
-107 -121 8 0
-106 -122 7 0
-103 -133 9 0
-102 -133 9 0
-101 -138 10 1
-144 -133 5 1
-144 -134 5 1
-145 -133 5 1
-145 -134 5 1
-145 -135 5 1
-146 -133 5 1
-146 -134 5 1
-146 -135 5 1
-145 -136 8 2
-145 -136 7 2
-145 -136 6 2
-142 -135 5 1
-142 -136 6 2
-142 -136 5 1
-143 -135 5 1
-143 -136 5 1
-144 -135 5 1
-144 -136 7 1
-144 -136 6 1
-144 -136 5 1
-143 -136 6 2
-141 -135 6 1
-142 -135 6 1
-143 -135 6 1
-144 -136 8 2
-141 -136 10 1
-142 -136 10 2
-143 -136 10 1
-144 -132 6 0
-144 -133 6 1
-144 -134 6 1
-144 -135 6 1
-145 -134 6 2
-107 -144 2 1
-106 -146 1 1
-106 -146 2 1
-106 -145 1 1
-140 -141 9 0
-143 -143 3 1
-143 -143 4 1
-143 -143 5 1
-142 -143 3 1
-143 -101 5 0
-128 -109 5 0
-127 -109 5 0
-106 -126 3 0
-116 -135 6 0
-115 -136 6 0
-115 -136 5 0
-116 -135 4 0
-115 -135 4 0
-115 -136 4 0
-113 -134 3 0
-113 -135 3 0
-113 -134 6 0
-113 -135 6 0
-113 -136 5 0
-113 -134 4 0
-113 -135 4 0
-113 -104 1 1
-113 -103 1 1
-112 -107 2 0
-112 -106 5 0
-110 -140 18 1
-110 -140 19 1
-110 -140 20 1
-110 -139 18 1
-110 -139 20 1
-110 -138 19 1
-110 -138 20 1
-109 -140 18 1
-109 -140 19 1
-109 -140 20 1
-109 -139 18 1
-109 -139 19 1
-109 -139 20 1
-109 -138 20 1
-110 -139 17 0
-112 -140 18 1
-130 -101 6 0
-141 -127 8 1
-123 -125 5 0
-115 -141 1 1
-117 -142 3 1
-117 -137 3 0
-117 -137 6 0
-116 -138 6 0
-115 -138 5 0
-115 -139 5 0
-117 -137 4 0
-116 -137 4 0
-115 -138 4 0
-114 -136 3 0
-113 -140 3 1
-113 -140 4 1
-111 -138 5 1
-113 -140 6 0
-114 -137 5 0
-114 -137 4 0
-146 -107 9 1
-150 -101 5 1
-150 -103 4 1
-150 -103 5 1
-150 -102 3 1
-150 -102 4 1
-150 -102 5 1
-150 -101 3 1
-150 -103 6 1
-128 -132 4 1
-150 -101 6 1
-130 -133 5 1
-130 -135 7 1
-130 -135 6 1
-150 -104 4 1
-150 -104 5 1
-150 -104 6 1
-150 -104 11 0
-150 -104 10 0
-150 -104 9 0
-143 -105 4 1
-150 -107 10 0
-150 -107 11 0
-114 -109 2 1
-113 -109 2 0
-111 -108 3 0
-112 -108 2 0
-114 -106 -1 1
-150 -108 2 1
-150 -108 3 2
-150 -108 4 1
-150 -107 4 1
-149 -108 2 1
-149 -108 3 2
-149 -108 4 1
-149 -107 4 1
-149 -106 4 1
-150 -107 5 0
-145 -101 -1 1
-118 -111 3 1
-118 -110 2 1
-118 -110 3 1
-129 -128 7 1
-129 -127 5 2
-127 -102 2 1
-127 -102 3 1
-127 -102 4 1
-149 -122 10 0
-148 -122 10 0
-126 -102 4 2
-150 -122 11 0
-149 -122 12 0
-148 -122 12 0
-150 -120 12 0
-134 -137 4 1
-120 -115 1 1
-120 -116 3 1
-120 -116 2 1
-120 -117 1 1
-119 -116 2 2
-119 -116 7 0
-121 -116 4 0
-121 -116 5 0
-121 -115 4 0
-121 -115 6 0
-121 -115 5 0
-119 -114 4 1
-119 -115 6 0
-119 -114 5 0
-119 -115 5 0
-150 -124 12 0
-149 -124 12 0
-149 -114 9 0
-148 -114 10 0
-149 -114 7 0
-148 -114 7 0
-149 -113 9 0
-147 -113 9 0
-136 -139 3 1
-113 -108 -1 1
-113 -109 1 1
-110 -118 5 0
-110 -118 7 0
-110 -118 6 0
-128 -126 6 2
-111 -118 5 0
-150 -128 10 1
-149 -131 10 1
-130 -115 6 1
-136 -102 2 1
-106 -133 2 1
-107 -132 2 1
-107 -133 2 1
-108 -133 2 1
-107 -131 6 0
-109 -130 6 0
-110 -128 6 0
-106 -127 2 1
-106 -127 1 2
-106 -127 0 1
-106 -128 2 1
-106 -128 1 1
-106 -128 0 1
-106 -129 2 1
-114 -138 -1 1
-114 -138 0 1
-114 -137 -1 1
-114 -137 0 1
-148 -118 10 0
-149 -118 11 0
-148 -118 12 0
-148 -118 9 0
-149 -116 10 0
-150 -116 11 0
-149 -116 12 0
-149 -116 9 0
-139 -139 5 2
-139 -138 5 1
-139 -137 5 1
-143 -138 9 1
-143 -137 7 1
-143 -137 8 1
-143 -137 9 1
-126 -126 6 1
-126 -126 7 1
-126 -125 5 2
-129 -133 9 1
-129 -134 9 1
-128 -133 9 1
-132 -134 2 1
-128 -134 5 0
-128 -136 5 0
-127 -134 6 0
-149 -127 3 1
-150 -126 3 1
-150 -126 4 1
-108 -118 7 0
-101 -128 9 0
-101 -128 6 0
-101 -128 5 0
-111 -106 2 0
-110 -106 3 0
-104 -104 3 1
-104 -104 2 2
-126 -122 6 1
-145 -114 5 1
-145 -114 4 1
-146 -112 5 2
-120 -139 5 0
-112 -135 1 2
-112 -135 0 1
-112 -135 -1 1
-113 -135 1 1
-113 -135 0 1
-147 -146 10 0
-141 -149 8 0
-141 -149 10 0
-141 -149 7 0
-142 -147 8 0
-141 -147 8 0
-140 -147 8 0
-110 -145 7 1
-113 -144 16 1
-149 -146 3 0
-150 -146 3 0
-113 -145 15 2
-150 -144 4 0
-150 -147 4 0
-113 -146 15 2
-113 -146 14 1
-114 -144 16 1
-114 -144 15 2
-114 -145 16 1
-114 -145 14 1
-149 -145 4 0
-150 -145 4 0
-114 -146 14 1
-115 -144 16 1
-150 -146 4 0
-115 -145 16 1
-115 -145 15 2
-115 -145 14 1
-115 -146 15 2
-115 -146 14 1
-114 -145 15 2
-115 -146 16 1
-112 -148 17 0
-116 -147 17 0
-113 -147 18 0
-114 -147 18 0
-149 -105 0 1
-150 -115 2 1
-116 -139 7 0
-115 -140 8 0
-147 -114 5 1
-148 -110 3 1
-148 -110 2 1
-148 -114 5 1
-145 -111 3 1
-139 -105 8 2
-139 -104 6 1
-139 -104 7 1
-139 -104 8 1
-142 -108 6 1
-142 -108 7 1
-142 -108 8 1
-141 -108 6 1
-141 -108 7 2
-141 -108 8 1
-140 -108 6 1
-140 -108 7 2
-140 -108 8 1
-141 -106 11 0
-143 -107 11 0
-141 -107 11 0
-140 -107 10 0
-141 -108 10 0
-140 -108 9 1
-139 -107 6 1
-139 -107 7 2
-139 -107 8 2
-140 -106 10 0
-141 -108 9 1
-141 -109 9 0
-143 -108 10 1
-140 -105 9 1
-142 -109 8 1
-140 -107 9 1
-139 -107 9 1
-139 -106 9 1
-139 -105 9 1
-139 -108 6 1
-139 -108 7 2
-139 -108 8 1
-142 -108 11 0
-140 -108 10 0
-142 -109 10 0
-139 -108 10 0
-140 -105 10 0
-142 -109 9 0
-141 -109 8 1
-140 -109 8 1
-141 -109 6 1
-141 -109 7 1
-120 -141 4 1
-147 -102 2 1
-101 -130 8 0
-101 -129 8 0
-123 -119 6 0
-128 -135 7 1
-128 -135 8 1
-128 -135 9 1
-127 -137 7 1
-110 -119 7 0
-109 -116 5 0
-109 -116 7 0
-107 -118 5 0
-107 -118 7 0
-115 -112 5 0
-115 -103 4 1
-114 -103 2 1
-114 -103 3 1
-138 -103 5 0
-139 -102 5 0
-138 -103 3 0
-141 -104 2 1
-150 -129 6 1
-150 -129 3 1
-120 -103 7 0
-122 -103 6 0
-144 -104 0 1
-143 -105 1 1
-144 -105 1 1
-145 -105 1 1
-150 -130 9 1
-103 -106 6 0
-147 -102 1 1
-147 -102 0 2
-147 -102 -1 1
-148 -101 -1 1
-143 -106 5 1
-144 -106 5 1
-145 -106 5 1
-142 -105 8 1
-140 -105 7 2
-140 -105 6 1
-140 -105 5 1
-140 -106 7 2
-140 -106 6 1
-140 -106 5 1
-140 -107 7 2
-140 -107 6 1
-140 -107 5 1
-141 -105 7 1
-141 -105 6 1
-141 -105 5 1
-141 -106 7 2
-141 -106 5 1
-141 -107 7 2
-141 -107 6 1
-141 -107 5 1
-142 -105 6 1
-142 -105 5 1
-142 -106 7 1
-142 -106 6 1
-142 -106 5 1
-142 -107 7 1
-142 -107 6 1
-142 -107 5 1
-141 -106 6 2
-141 -105 8 1
-141 -106 9 1
-142 -107 10 0
-142 -106 11 0
-111 -104 0 2
-124 -109 3 1
-124 -109 4 1
-127 -111 4 1
-127 -111 2 1
-129 -132 9 1
-127 -132 8 0
-128 -134 9 1
-128 -109 7 0
-126 -109 7 0
-127 -108 6 0
-130 -130 4 1
-126 -109 6 1
-126 -108 5 0
-126 -109 5 1
-125 -109 5 1
-125 -109 6 1
-124 -109 5 1
-124 -109 6 1
-127 -108 4 0
-127 -109 3 0
-128 -109 8 0
-128 -108 7 0
-130 -108 7 0
-127 -108 7 0
-126 -108 6 0
-128 -106 4 2
-128 -132 9 0
-128 -131 9 0
-127 -131 9 0
-128 -107 3 1
-128 -107 4 1
-128 -106 3 1
-128 -105 3 1
-126 -141 2 0
-126 -143 2 0
-125 -141 3 0
-126 -140 3 0
-126 -141 3 0
-126 -143 3 0
-125 -141 4 0
-127 -143 4 0
-126 -140 4 0
-127 -140 4 0
-127 -141 4 0
-130 -142 1 0
-128 -133 8 1
-129 -133 8 1
-129 -134 8 2
-129 -135 5 1
-128 -134 4 1
-128 -134 3 1
-128 -134 2 1
-128 -135 4 1
-128 -135 3 1
-128 -135 2 1
-130 -142 2 0
-130 -141 2 0
-128 -142 2 0
-131 -142 3 0
-129 -144 2 0
-129 -141 2 0
-131 -141 3 0
-128 -141 3 0
-129 -142 3 0
-128 -144 3 0
-130 -141 3 0
-128 -142 4 0
-129 -144 4 0
-129 -141 4 0
-131 -141 4 0
-131 -143 1 0
-132 -144 2 0
-130 -144 2 0
-132 -142 2 0
-130 -145 2 0
-131 -142 2 0
-129 -144 3 0
-130 -144 3 0
-130 -142 3 0
-130 -145 3 0
-131 -144 3 0
-132 -144 1 0
-133 -143 2 0
-108 -150 2 1
-150 -126 5 1
-107 -127 4 0
-105 -126 3 0
-105 -126 6 0
-105 -127 5 0
-104 -126 4 0
-107 -128 4 0
-103 -128 3 1
-104 -128 3 0
-105 -128 3 0
-104 -128 6 0
-105 -128 5 0
-132 -133 8 1
-131 -133 8 2
-130 -135 8 1
-130 -134 8 1
-130 -133 8 2
-137 -123 8 0
-139 -121 6 0
-106 -122 6 0
-106 -122 9 0
-106 -122 8 0
-105 -123 6 0
-136 -121 6 0
-136 -122 6 0
-135 -123 7 1
-106 -124 6 0
-106 -123 6 0
-106 -124 8 0
-149 -131 4 1
-149 -132 6 1
-149 -132 5 1
-149 -132 4 1
-150 -130 6 1
-150 -131 4 1
-150 -129 7 1
-150 -131 9 0
-149 -128 9 1
-149 -128 8 1
-102 -123 7 0
-101 -121 5 0
-142 -131 15 0
-139 -131 15 0
-138 -133 15 0
-141 -131 15 0
-142 -132 16 0
-139 -133 16 0
-140 -131 16 0
-140 -132 16 0
-131 -119 8 0
-130 -121 7 1
-126 -122 4 2
-135 -147 8 0
-134 -148 8 0
-135 -147 9 0
-135 -148 9 0
-136 -147 7 0
-135 -147 7 0
-135 -148 6 0
-137 -145 9 0
-137 -145 10 0
-137 -145 11 0
-137 -145 12 0
-137 -145 6 0
-137 -145 5 0
-137 -145 4 0
-131 -144 6 0
-107 -132 4 1
-106 -132 4 1
-108 -132 5 0
-137 -120 7 0
-137 -120 5 1
-137 -122 5 0
-134 -123 6 0
-134 -123 7 1
-134 -123 5 0
-130 -119 7 0
-113 -150 16 1
-113 -150 15 2
-113 -150 14 1
-111 -148 16 1
-111 -148 15 2
-111 -148 14 1
-111 -150 17 0
-110 -150 18 0
-107 -149 12 1
-146 -131 9 1
-146 -131 8 1
-147 -131 10 1
-147 -131 9 1
-147 -131 8 1
-148 -131 10 1
-148 -131 9 1
-148 -131 8 1
-142 -132 15 0
-143 -133 15 0
-143 -134 16 0
-141 -133 16 0
-137 -127 8 2
-137 -127 6 2
-137 -128 8 1
-137 -128 7 1
-132 -108 3 1
-132 -108 2 1
-129 -104 4 2
-129 -104 3 1
-129 -104 2 1
-130 -104 4 1
-130 -104 3 2
-102 -107 6 0
-106 -107 6 0
-105 -107 6 0
-137 -115 10 0
-135 -116 10 0
-133 -123 10 1
-136 -125 6 1
-136 -126 5 2
-137 -127 4 1
-137 -127 5 1
-137 -126 4 1
-137 -126 5 1
-136 -127 4 1
-136 -127 5 2
-136 -126 4 1
-136 -125 4 2
-136 -125 5 1
-135 -127 4 1
-135 -127 5 1
-135 -127 6 1
-135 -126 4 1
-135 -126 5 1
-137 -126 10 1
-137 -125 10 1
-137 -124 10 1
-136 -126 10 1
-136 -125 10 1
-136 -124 10 1
-135 -126 10 1
-136 -127 9 2
-135 -127 7 2
-135 -127 8 2
-135 -127 9 2
-107 -150 12 1
-108 -149 12 1
-108 -150 12 1
-109 -149 12 1
-109 -150 12 1
-111 -149 16 1
-111 -149 15 1
-111 -149 14 1
-109 -147 16 1
-109 -147 15 1
-109 -147 14 1
-109 -149 17 0
-110 -150 17 0
-104 -133 13 0
-105 -134 13 1
-104 -132 13 0
-103 -132 12 0
-106 -136 13 1
-106 -135 13 2
-106 -134 13 2
-105 -136 13 2
-105 -135 13 2
-104 -136 13 1
-104 -135 13 1
-104 -134 13 1
-105 -132 12 0
-107 -150 16 1
-108 -135 11 1
-108 -135 12 1
-108 -135 13 1
-108 -134 11 1
-108 -134 12 1
-108 -134 13 1
-108 -133 11 1
-108 -133 12 1
-108 -133 13 1
-107 -135 13 2
-107 -134 13 2
-107 -133 13 1
-106 -133 13 1
-104 -131 12 0
-102 -133 11 0
-107 -136 12 1
-103 -140 2 1
-105 -137 3 2
-105 -138 3 1
-116 -148 14 1
-116 -148 15 2
-116 -148 16 1
-115 -148 14 1
-115 -148 15 2
-115 -148 16 1
-114 -148 14 1
-114 -148 15 2
-114 -148 16 1
-105 -139 5 2
-105 -139 4 1
-139 -127 6 0
-140 -125 9 0
-140 -125 6 0
-140 -125 5 0
-134 -138 4 2
-137 -142 8 0
-137 -141 8 0
-137 -143 9 0
-141 -142 3 1
-142 -138 3 1
-141 -142 5 1
-141 -137 4 1
-145 -139 5 1
-146 -137 5 1
-146 -138 5 2
-146 -139 5 1
-147 -137 5 1
-147 -138 5 1
-147 -139 5 1
-145 -137 9 2
-145 -138 9 2
-145 -139 9 1
-145 -137 8 2
-145 -137 7 2
-145 -137 6 2
-145 -138 8 2
-145 -138 7 2
-145 -138 6 2
-107 -136 4 1
-107 -136 3 1
-111 -137 6 1
-111 -137 7 1
-110 -138 7 1
-142 -103 9 0
-143 -106 10 1
-143 -106 9 1
-143 -106 8 1
-142 -102 10 0
-143 -101 10 0
-143 -104 11 0
-143 -104 10 1
-143 -105 10 1
-143 -103 10 1
-143 -102 11 0
-143 -104 9 1
-143 -104 8 1
-143 -105 9 1
-143 -105 8 1
-144 -104 10 1
-144 -105 10 1
-144 -106 10 1
-144 -106 9 1
-144 -106 8 2
-145 -105 10 1
-141 -138 4 1
-142 -137 4 1
-142 -138 4 1
-143 -137 6 1
-143 -137 5 1
-143 -137 4 1
-142 -143 6 0
-129 -137 5 0
-132 -134 4 1
-132 -134 3 1
-129 -136 5 1
-129 -138 5 0
-150 -122 7 0
-149 -142 5 1
-148 -142 3 1
-148 -142 4 1
-148 -142 5 1
-149 -121 3 1
-149 -121 4 1
-149 -121 5 2
-150 -115 4 2
-149 -119 7 1
-147 -121 6 2
-148 -121 5 2
-148 -121 6 1
-119 -150 16 1
-119 -150 15 2
-119 -150 14 1
-120 -147 15 1
-119 -148 15 1
-119 -147 15 1
-120 -146 16 0
-119 -146 16 1
-120 -147 16 0
-119 -146 17 0
-119 -147 17 0
-119 -146 15 1
-117 -144 15 0
-102 -132 4 1
-101 -132 2 1
-101 -132 3 1
-101 -132 4 1
-146 -135 12 0
-144 -132 12 0
-146 -133 12 0
-104 -140 1 1
-103 -140 1 1
-102 -140 1 1
-117 -145 15 1
-117 -145 14 1
-117 -145 16 1
-116 -146 17 0
-116 -145 17 0
-114 -145 17 0
-115 -145 17 0
-108 -150 14 2
-108 -150 15 2
-108 -150 16 1
-108 -149 14 1
-108 -149 15 2
-108 -149 16 1
-115 -143 16 1
-116 -143 16 1
-148 -121 7 2
-150 -137 12 0
-149 -136 12 0
-150 -136 8 1
-149 -136 8 2
-148 -136 8 1
-137 -127 7 2
-141 -126 6 0
-140 -126 6 0
-113 -148 6 1
-113 -148 7 2
-113 -148 8 1
-113 -147 6 1
-113 -147 8 1
-114 -148 4 1
-114 -145 7 1
-129 -130 2 1
-130 -126 7 1
-129 -126 5 1
-129 -126 6 2
-128 -128 4 1
-142 -127 7 0
-142 -139 8 1
-142 -139 9 1
-137 -102 4 0
-137 -102 3 0
-136 -101 4 0
-136 -101 3 0
-136 -101 0 1
-114 -149 8 1
-114 -148 6 1
-114 -148 7 2
-114 -148 8 1
-114 -147 6 1
-114 -143 6 0
-113 -147 4 2
-110 -145 5 1
-114 -148 5 1
-114 -149 5 1
-137 -106 1 1
-130 -105 5 1
-131 -105 5 0
-130 -105 6 0
-109 -150 4 1
-109 -149 2 1
-105 -139 3 1
-117 -150 14 1
-117 -150 15 1
-117 -150 16 1
-106 -150 3 1
-106 -150 2 1
-131 -144 4 0
-133 -143 3 0
-133 -142 3 0
-107 -150 4 1
-107 -150 3 2
-107 -150 2 1
-132 -146 2 0
-124 -128 6 0
-124 -128 5 0
-125 -122 3 2
-125 -123 3 1
-129 -109 4 1
-129 -109 3 2
-129 -109 2 1
-129 -110 4 1
-129 -110 2 1
-130 -109 4 1
-130 -109 3 2
-130 -109 2 1
-130 -110 4 1
-102 -124 7 0
-103 -124 7 0
-113 -136 -1 1
-113 -136 0 1
-113 -136 1 1
-112 -136 -1 1
-112 -136 0 2
-112 -136 1 1
-150 -135 12 0
-129 -105 7 0
-130 -104 6 0
-148 -129 9 2
-149 -138 7 2
-117 -109 6 0
-117 -110 6 0
-116 -112 3 1
-116 -112 2 2
-116 -112 1 1
-116 -113 3 1
-116 -113 2 1
-116 -113 1 1
-116 -114 3 1
-116 -114 2 1
-116 -114 1 1
-117 -112 3 1
-117 -112 2 1
-117 -112 1 1
-117 -113 3 1
-117 -113 1 1
-117 -114 1 1
-118 -112 3 1
-118 -112 2 1
-118 -112 1 1
-118 -113 3 1
-146 -125 9 0
-145 -125 9 0
-150 -128 12 0
-149 -128 12 0
-148 -128 12 0
-149 -128 13 0
-102 -118 7 0
-102 -118 4 0
-101 -116 1 1
-112 -106 -1 1
-112 -106 0 2
-125 -127 5 0
-126 -127 5 1
-140 -139 5 2
-127 -109 7 0
-118 -142 5 0
-135 -131 6 1
-135 -131 7 1
-135 -131 8 1
-134 -131 6 1
-134 -131 7 1
-134 -131 8 1
-133 -131 8 1
-132 -128 10 1
-132 -126 10 0
-135 -130 11 1
-134 -130 11 1
-133 -130 11 2
-134 -131 9 1
-133 -131 9 2
-132 -131 9 2
-131 -128 10 0
-136 -129 11 2
-132 -127 11 0
-133 -126 11 0
-132 -128 11 1
-132 -127 10 0
-131 -127 11 0
-134 -130 12 2
-133 -130 12 1
-132 -130 10 2
-132 -130 11 2
-132 -130 12 2
-132 -129 10 1
-132 -129 11 1
-132 -129 12 1
-132 -128 12 1
-131 -127 10 0
-131 -129 9 1
-134 -131 10 1
-133 -131 10 2
-132 -131 10 1
-134 -132 9 1
-134 -132 10 1
-133 -132 8 1
-133 -132 9 1
-133 -132 10 1
-132 -130 6 1
-132 -129 6 1
-131 -129 12 1
-131 -130 12 1
-135 -129 13 1
-135 -128 13 1
-135 -127 13 1
-134 -129 13 2
-134 -128 13 1
-134 -127 13 1
-133 -129 13 1
-133 -128 13 1
-133 -127 13 1
-131 -128 11 0
-131 -131 10 1
-131 -131 11 1
-131 -131 12 2
-131 -130 10 1
-131 -130 11 1
-130 -129 11 0
-130 -130 10 0
-131 -131 9 1
-131 -130 8 1
-131 -130 9 1
-135 -130 12 1
-135 -130 13 1
-134 -130 13 1
-133 -130 13 2
-130 -128 12 0
-133 -132 11 2
-133 -132 12 1
-132 -132 11 2
-132 -132 12 2
-131 -132 11 2
-131 -132 12 2
-130 -130 11 1
-116 -145 15 1
-116 -145 16 1
-116 -144 14 1
-116 -144 15 1
-116 -144 16 1
-114 -146 17 0
-116 -143 14 1
-116 -143 15 1
-104 -139 8 1
-104 -139 7 2
-102 -135 8 1
-102 -135 7 1
-131 -123 8 1
-110 -150 16 1
-110 -150 15 2
-110 -150 14 1
-131 -123 9 1
-132 -126 8 1
-133 -126 8 1
-130 -123 8 2
-131 -122 8 2
-131 -122 9 1
-130 -124 8 1
-109 -150 17 0
-108 -148 17 0
-107 -148 18 0
-107 -150 17 0
-130 -124 9 1
-130 -123 9 1
-113 -146 17 0
-113 -148 17 0
-112 -145 14 1
-112 -145 15 2
-112 -145 16 1
-111 -146 14 1
-111 -146 15 1
-111 -146 16 1
-105 -139 6 2
-109 -148 16 1
-109 -148 15 1
-109 -148 14 1
-109 -149 16 1
-109 -149 15 2
-109 -149 14 1
-109 -150 16 1
-109 -150 15 2
-109 -150 14 1
-111 -145 15 1
-108 -128 1 1
-119 -104 6 0
-103 -112 7 0
-104 -114 7 0
-104 -112 7 0
-103 -114 6 0
-102 -112 6 0
-102 -111 6 0
-104 -113 6 0
-101 -112 6 0
-103 -112 6 0
-102 -111 8 0
-102 -113 8 0
-104 -112 8 0
-137 -144 6 0
-136 -144 6 0
-135 -142 6 1
-144 -145 8 0
-107 -137 5 1
-107 -137 4 1
-118 -144 7 0
-107 -137 3 1
-108 -135 5 1
-108 -135 4 1
-108 -135 3 1
-109 -135 5 1
-111 -142 7 1
-111 -142 8 2
-111 -142 9 1
-111 -141 7 2
-113 -142 7 1
-111 -141 9 1
-131 -104 7 0
-131 -106 7 0
-130 -105 8 0
-131 -106 8 0
-130 -106 8 0
-136 -104 5 1
-136 -103 6 0
-105 -108 4 1
-105 -108 2 1
-105 -109 4 1
-105 -109 3 1
-105 -109 2 1
-106 -107 4 1
-106 -107 3 2
-106 -107 2 1
-106 -108 4 1
-141 -142 4 1
-140 -142 3 1
-140 -142 4 1
-140 -142 5 1
-133 -136 9 1
-133 -136 10 1
-133 -135 9 1
-133 -135 10 1
-133 -134 9 1
-133 -134 10 1
-132 -136 9 1
-132 -136 10 1
-132 -135 10 1
-132 -134 10 1
-131 -136 9 1
-131 -136 10 1
-128 -121 7 1
-128 -121 6 1
-107 -120 7 0
-106 -121 6 0
-107 -120 6 0
-108 -121 7 0
-108 -121 6 0
-150 -126 13 0
-149 -125 12 0
-150 -128 11 0
-120 -104 6 0
-120 -104 5 0
-150 -132 7 0
-129 -118 2 1
-130 -116 4 1
-130 -116 3 1
-130 -116 2 1
-130 -117 4 1
-130 -117 2 1
-149 -117 9 0
-149 -118 9 0
-148 -112 5 1
-148 -112 2 1
-148 -111 2 1
-148 -111 3 1
-148 -111 4 2
-147 -118 5 2
-150 -118 3 1
-150 -118 4 2
-150 -118 7 0
-149 -118 7 1
-149 -120 8 1
-149 -119 8 1
-148 -121 8 1
-148 -120 8 1
-148 -119 8 1
-147 -121 8 1
-147 -120 8 1
-147 -119 8 1
-149 -118 6 1
-148 -118 6 1
-148 -118 7 1
-147 -118 6 2
-147 -118 7 2
-150 -117 6 0
-150 -117 3 1
-150 -117 4 2
-150 -117 5 1
-132 -135 3 1
-130 -129 7 1
-130 -128 5 2
-130 -128 7 1
-132 -143 9 0
-132 -143 10 0
-132 -143 11 0
-132 -143 6 0
-132 -143 5 0
-136 -104 1 1
-134 -105 1 1
-134 -106 1 1
-134 -107 3 1
-134 -107 2 1
-134 -107 1 1
-135 -105 1 1
-135 -106 1 1
-135 -107 3 1
-135 -107 2 1
-135 -107 1 1
-136 -105 1 1
-136 -106 1 1
-136 -107 3 1
-136 -107 2 1
-136 -107 1 1
-136 -105 5 1
-134 -104 2 1
-134 -105 3 1
-148 -102 7 1
-147 -103 9 2
-148 -104 9 1
-133 -112 6 1
-133 -112 7 1
-103 -150 6 1
-137 -115 7 1
-135 -116 6 1
-135 -116 7 1
-134 -116 6 1
-134 -116 7 1
-134 -116 8 1
-137 -115 6 1
-137 -114 6 1
-135 -112 9 1
-137 -112 9 0
-135 -110 9 1
-136 -113 9 1
-135 -111 10 0
-136 -111 9 1
-136 -110 7 2
-137 -110 7 1
-137 -110 6 1
-137 -111 8 1
-137 -111 7 1
-122 -146 16 0
-122 -149 15 0
-121 -145 15 0
-142 -147 3 0
-141 -147 4 0
-141 -148 4 0
-141 -146 3 0
-142 -148 4 0
-143 -145 4 0
-141 -147 3 0
-140 -147 3 0
-145 -102 4 1
-127 -112 7 0
-147 -101 6 1
-132 -121 4 1
-132 -121 8 1
-119 -114 2 1
-119 -114 3 1
-118 -116 4 1
-118 -114 2 1
-118 -114 3 1
-111 -143 7 2
-112 -143 8 1
-112 -143 7 1
-113 -143 8 1
-111 -145 4 0
-111 -145 7 1
-112 -145 7 1
-113 -145 6 0
-111 -145 5 1
-136 -110 9 1
-138 -110 10 0
-136 -108 10 0
-137 -110 10 0
-138 -109 11 0
-137 -109 11 0
-135 -115 11 0
-137 -116 11 0
-137 -110 9 0
-136 -108 9 0
-136 -109 10 0
-137 -108 10 0
-138 -107 11 0
-137 -107 5 1
-137 -108 5 1
-137 -109 7 1
-137 -109 6 1
-137 -109 5 1
-138 -107 5 1
-138 -108 5 1
-107 -143 8 1
-108 -143 8 1
-135 -121 8 0
-135 -120 8 0
-141 -143 5 1
-144 -103 1 2
-144 -102 1 1
-144 -102 2 1
-134 -124 7 1
-134 -124 6 0
-133 -120 5 0
-133 -120 7 0
-148 -142 6 0
-147 -138 4 1
-147 -137 4 1
-146 -138 4 1
-146 -137 4 1
-145 -138 4 1
-145 -137 4 1
-147 -142 5 1
-148 -138 3 1
-148 -138 4 1
-147 -138 3 1
-146 -138 3 1
-130 -127 6 2
-130 -127 7 1
-129 -129 5 1
-129 -129 6 1
-129 -129 7 1
-129 -128 5 1
-129 -128 6 1
-145 -126 8 0
-146 -125 10 0
-146 -125 11 0
-146 -125 7 0
-116 -112 6 0
-115 -111 7 0
-116 -112 7 0
-114 -111 6 0
-114 -112 6 0
-114 -111 7 0
-114 -112 7 0
-113 -112 6 0
-113 -112 7 0
-114 -110 8 0
-114 -110 5 0
-114 -109 6 0
-114 -109 7 0
-114 -108 6 0
-114 -108 7 0
-116 -110 6 0
-116 -110 7 0
-116 -111 6 0
-116 -112 4 1
-116 -111 7 0
-114 -110 6 0
-115 -110 7 0
-114 -110 7 0
-116 -109 5 1
-116 -109 4 2
-116 -109 6 0
-116 -112 5 0
-115 -113 4 0
-146 -111 3 1
-148 -115 5 1
-146 -117 5 1
-146 -117 4 1
-146 -118 5 1
-146 -118 4 1
-146 -119 5 1
-146 -119 4 1
-147 -117 5 1
-147 -117 4 1
-150 -122 6 1
-112 -147 16 1
-112 -147 15 2
-112 -147 14 1
-108 -131 3 1
-111 -130 4 0
-111 -131 5 0
-113 -147 16 1
-113 -147 15 2
-113 -147 14 1
-113 -148 16 1
-113 -148 14 1
-114 -147 16 1
-114 -147 15 2
-114 -147 14 1
-113 -148 15 2
-118 -147 16 1
-118 -147 15 2
-118 -147 14 2
-118 -148 16 1
-118 -148 15 2
-118 -148 14 2
-118 -149 16 1
-118 -149 15 2
-118 -149 14 1
-115 -147 17 0
-113 -149 17 0
-117 -148 17 0
-114 -147 17 0
-115 -140 7 0
-115 -142 8 0
-116 -140 8 0
-114 -149 19 0
-146 -104 1 1
-140 -103 3 0
-141 -103 6 0
-141 -102 5 0
-140 -103 4 0
-145 -105 2 1
-143 -103 6 1
-143 -104 7 1
-143 -104 6 1
-143 -105 7 1
-120 -142 3 2
-120 -141 2 1
-121 -120 3 1
-121 -120 2 1
-121 -121 4 1
-121 -121 3 1
-121 -121 2 1
-122 -119 4 1
-122 -119 3 1
-147 -139 10 1
-147 -138 10 1
-114 -140 2 2
-147 -137 10 1
-149 -140 3 1
-149 -139 3 1
-149 -139 4 1
-148 -141 4 2
-148 -141 5 1
-148 -140 3 1
-148 -140 4 2
-102 -119 6 0
-148 -139 3 1
-102 -120 1 1
-102 -120 2 1
-102 -120 3 1
-115 -139 4 1
-115 -139 3 1
-115 -139 2 1
-114 -140 9 0
-114 -140 8 0
-116 -142 4 0
-118 -140 3 2
-118 -140 6 0
-117 -140 6 0
-117 -138 3 0
-116 -138 4 0
-117 -138 6 0
-134 -137 3 1
-139 -123 3 1
-139 -124 3 1
-139 -147 3 0
-140 -145 3 0
-140 -148 3 0
-140 -149 3 0
-138 -146 3 0
-139 -148 2 0
-140 -146 2 0
-139 -145 2 0
-103 -139 18 0
-102 -142 16 1
-102 -142 15 2
-102 -142 14 1
-103 -142 16 1
-103 -142 15 2
-103 -142 14 1
-104 -142 16 1
-104 -142 15 2
-104 -142 14 1
-103 -136 16 1
-103 -136 15 1
-103 -136 14 1
-105 -142 16 1
-105 -142 15 2
-105 -142 14 1
-106 -142 16 1
-106 -142 15 1
-106 -142 14 1
-107 -142 16 1
-107 -142 15 1
-122 -149 17 0
-123 -148 17 0
-122 -150 16 1
-123 -148 14 0
-102 -141 16 1
-102 -141 15 2
-102 -141 14 1
-104 -141 17 0
-103 -140 17 0
-105 -141 17 0
-103 -138 17 0
-104 -140 17 0
-128 -137 8 1
-128 -137 7 1
-129 -135 9 1
-145 -123 9 0
-145 -123 8 1
-109 -104 3 0
-122 -104 6 0
-131 -102 5 1
-132 -103 6 1
-132 -103 5 1
-130 -103 7 0
-130 -103 8 0
-130 -103 4 1
-142 -135 11 1
-142 -136 11 1
-143 -135 11 1
-143 -136 11 1
-144 -135 13 0
-144 -134 13 0
-144 -132 13 0
-145 -134 14 0
-144 -135 14 0
-145 -133 14 0
-147 -108 10 1
-144 -134 14 0
-145 -106 10 1
-145 -106 9 2
-145 -106 8 1
-143 -102 10 0
-144 -102 10 1
-144 -103 11 0
-143 -101 9 1
-143 -101 8 1
-143 -102 9 1
-143 -102 8 1
-143 -102 7 1
-143 -103 9 1
-143 -103 8 1
-144 -101 9 1
-145 -101 9 1
-144 -103 9 1
-144 -104 9 2
-144 -104 8 2
-145 -103 10 1
-145 -103 9 2
-145 -104 11 1
-145 -104 10 1
-145 -104 9 1
-146 -104 11 1
-147 -103 11 1
-147 -104 11 1
-104 -138 18 0
-105 -140 18 0
-104 -139 18 0
-103 -137 16 1
-103 -137 15 2
-103 -137 14 1
-103 -141 16 1
-103 -141 15 2
-103 -141 14 1
-104 -135 16 1
-104 -135 15 1
-104 -135 14 1
-101 -138 16 1
-101 -138 15 1
-101 -138 14 1
-101 -139 16 1
-101 -139 15 1
-101 -139 14 1
-101 -140 16 1
-101 -140 15 2
-101 -140 14 1
-102 -138 16 1
-102 -138 15 1
-102 -138 14 1
-105 -135 15 1
-105 -135 14 1
-106 -139 17 0
-105 -138 17 0
-106 -139 18 0
-106 -138 18 0
-105 -136 15 2
-146 -105 1 1
-148 -118 5 1
-147 -120 3 1
-149 -114 5 1
-150 -123 3 1
-147 -119 6 1
-149 -127 8 1
-149 -127 9 1
-149 -112 3 2
-148 -119 6 2
-150 -105 5 1
-150 -119 7 0
-149 -104 5 0
-148 -113 2 1
-148 -114 2 1
-150 -126 6 1
-150 -123 7 1
-150 -105 4 1
-149 -104 4 1
-150 -120 3 1
-150 -121 3 1
-150 -122 5 2
-150 -122 3 1
-148 -106 1 1
-148 -105 1 1
-149 -114 4 2
-149 -114 3 2
-150 -114 4 2
-147 -123 4 1
-147 -123 6 2
-147 -122 4 1
-147 -122 5 2
-147 -122 6 2
-146 -124 4 1
-146 -124 5 1
-147 -105 4 2
-148 -105 3 2
-148 -105 4 1
-150 -122 4 2
-147 -105 3 2
-146 -105 3 1
-146 -105 4 1
-114 -104 3 2
-135 -142 8 0
-132 -142 6 0
-133 -142 7 0
-133 -143 7 0
-132 -142 9 0
-133 -143 9 0
-132 -141 8 0
-120 -101 8 0
-137 -142 6 1
-137 -142 7 0
-136 -141 3 1
-136 -141 4 1
-136 -141 5 2
-136 -140 3 1
-136 -140 4 2
-113 -107 -1 1
-113 -107 0 2
-113 -107 1 1
-128 -112 4 1
-128 -111 2 1
-128 -111 3 1
-128 -111 4 1
-129 -130 3 1
-129 -130 4 1
-129 -129 2 1
-129 -129 3 1
-140 -126 7 0
-139 -124 4 1
-113 -107 9 1
-111 -107 3 0
-111 -107 4 0
-105 -130 4 0
-104 -130 4 0
-102 -121 1 1
-106 -130 5 0
-105 -130 6 0
-106 -130 3 0
-105 -130 3 0
-146 -129 5 1
-146 -129 4 1
-143 -128 6 1
-143 -128 5 1
-143 -128 4 1
-143 -129 6 1
-143 -129 5 1
-143 -129 4 1
-143 -130 6 1
-143 -130 5 2
-143 -130 4 1
-144 -128 6 1
-144 -128 5 1
-144 -128 4 1
-144 -129 6 1
-144 -129 4 1
-144 -130 6 1
-144 -130 5 2
-144 -130 4 1
-145 -129 5 1
-145 -129 4 1
-145 -130 6 1
-145 -130 5 1
-145 -130 4 1
-144 -129 5 2
-144 -127 6 1
-144 -129 7 0
-144 -130 10 1
-144 -130 9 1
-144 -130 8 1
-145 -130 10 1
-145 -130 9 1
-145 -130 8 1
-141 -130 14 1
-141 -130 13 2
-141 -130 12 1
-142 -130 14 1
-142 -130 13 1
-142 -130 12 1
-138 -133 14 0
-139 -131 14 1
-140 -130 14 1
-138 -132 15 0
-139 -132 15 0
-108 -140 14 1
-109 -140 16 1
-109 -140 15 1
-145 -132 9 0
-142 -131 10 2
-143 -132 9 1
-143 -131 9 1
-143 -131 10 1
-143 -131 11 1
-143 -130 11 1
-142 -132 9 2
-142 -131 9 2
-142 -131 11 1
-142 -130 9 1
-142 -130 10 1
-142 -130 11 1
-141 -132 9 1
-141 -131 9 1
-141 -130 9 2
-141 -130 10 1
-105 -133 3 1
-105 -133 2 1
-105 -133 1 1
-105 -137 1 1
-105 -138 1 1
-144 -132 9 0
-140 -131 8 1
-140 -131 9 1
-145 -146 6 0
-145 -146 5 0
-145 -146 4 0
-112 -147 4 1
-112 -147 7 1
-112 -142 4 2
-112 -142 7 2
-106 -136 2 1
-106 -137 3 1
-106 -137 2 1
-106 -138 3 1
-106 -138 2 1
-104 -140 2 1
-103 -134 7 1
-103 -134 6 1
-104 -134 7 1
-104 -134 6 1
-104 -134 5 1
-105 -134 7 1
-105 -134 6 1
-105 -134 5 1
-105 -135 5 2
-105 -138 8 1
-105 -138 7 1
-112 -142 5 2
-145 -145 7 0
-141 -144 7 0
-113 -139 1 1
-113 -140 1 1
-113 -141 1 1
-114 -139 1 1
-102 -133 1 1
-103 -133 3 1
-103 -133 2 2
-103 -133 1 1
-104 -133 3 1
-104 -133 2 1
-114 -140 1 1
-142 -137 9 2
-142 -137 8 2
-142 -137 7 1
-142 -138 9 2
-142 -138 8 2
-142 -138 7 2
-121 -139 3 0
-121 -140 2 1
-121 -140 3 1
-120 -140 2 1
-120 -140 3 1
-120 -140 4 1
-119 -141 2 1
-119 -141 3 2
-135 -134 15 0
-137 -137 15 0
-136 -138 16 0
-137 -136 16 0
-135 -135 16 0
-136 -137 16 0
-136 -136 15 0
-103 -150 13 2
-104 -150 13 1
-102 -149 7 1
-103 -149 7 1
-104 -149 7 1
-102 -150 12 2
-102 -150 11 1
-103 -150 12 1
-104 -150 12 1
-102 -150 6 1
-102 -149 10 2
-102 -149 9 2
-102 -149 8 1
-102 -150 10 1
-103 -149 10 1
-103 -149 9 1
-105 -150 7 1
-116 -149 10 1
-116 -150 10 1
-117 -150 6 1
-117 -150 5 1
-148 -134 15 0
-150 -134 14 0
-149 -136 14 0
-149 -133 14 0
-150 -135 13 0
-148 -136 12 0
-122 -148 9 0
-119 -149 7 0
-142 -145 1 1
-141 -145 3 0
-122 -149 7 1
-122 -149 6 1
-122 -149 5 1
-122 -150 7 1
-122 -150 5 1
-123 -149 7 1
-122 -149 16 0
-109 -131 3 1
-109 -131 2 2
-109 -131 1 1
-109 -132 2 1
-109 -132 1 1
-109 -133 1 1
-110 -131 2 1
-110 -131 1 1
-110 -132 3 1
-112 -104 -1 1
-111 -149 7 2
-111 -149 6 2
-112 -150 1 1
-107 -146 6 2
-107 -146 7 2
-134 -137 14 1
-134 -137 13 2
-134 -137 12 2
-135 -135 14 1
-135 -135 13 1
-135 -135 12 1
-135 -136 14 1
-135 -136 13 1
-135 -136 12 1
-135 -137 14 1
-111 -141 14 1
-111 -140 14 1
-111 -139 14 2
-116 -142 13 0
-116 -139 12 0
-135 -102 0 1
-135 -102 1 2
-134 -102 0 1
-114 -142 2 1
-114 -142 3 2
-114 -142 4 1
-137 -123 7 0
-137 -122 7 0
-125 -113 6 0
-126 -113 6 0
-126 -114 5 0
-125 -114 7 0
-125 -114 6 0
-126 -115 7 0
-125 -115 6 0
-125 -113 3 1
-125 -113 2 1
-125 -113 1 1
-125 -114 1 1
-125 -115 1 1
-126 -113 3 1
-126 -113 2 1
-126 -113 1 1
-126 -114 3 1
-126 -114 1 1
-126 -115 1 1
-127 -113 3 2
-127 -113 2 1
-127 -113 1 1
-127 -114 3 2
-127 -114 2 1
-127 -114 1 1
-127 -115 1 1
-130 -130 9 0
-127 -128 9 0
-129 -129 8 0
-130 -129 8 0
-128 -128 8 0
-128 -130 2 1
-128 -130 4 1
-128 -129 2 1
-128 -129 3 1
-128 -129 4 1
-127 -131 2 1
-127 -131 3 1
-127 -131 4 1
-127 -130 2 1
-127 -130 3 1
-127 -130 4 1
-127 -129 2 1
-127 -129 3 2
-127 -129 4 1
-128 -130 5 1
-150 -121 12 0
-148 -101 5 0
-107 -138 18 0
-108 -137 18 0
-106 -135 16 1
-106 -135 15 2
-106 -135 14 2
-106 -136 16 1
-106 -136 15 2
-106 -136 14 2
-106 -137 16 1
-106 -137 15 2
-106 -137 14 1
-107 -136 17 0
-108 -138 17 0
-108 -135 17 0
-107 -137 17 0
-108 -136 18 0
-108 -138 18 0
-107 -135 16 1
-107 -135 15 2
-107 -135 14 2
-107 -136 16 1
-107 -136 15 2
-107 -136 14 1
-107 -137 16 1
-107 -137 15 2
-107 -137 14 1
-107 -138 16 1
-107 -138 15 2
-107 -138 14 1
-107 -139 16 1
-107 -139 15 2
-107 -139 14 1
-107 -140 16 1
-107 -140 15 2
-107 -140 14 1
-108 -139 16 1
-108 -139 14 1
-108 -140 16 1
-108 -140 15 2
-102 -121 2 1
-106 -130 4 0
-149 -118 3 1
-149 -119 4 2
-149 -119 3 1
-150 -118 5 1
-146 -112 3 1
-147 -114 3 1
-145 -111 4 1
-124 -125 2 1
-118 -150 15 2
-118 -150 14 1
-117 -149 17 0
-116 -149 17 0
-115 -149 18 0
-116 -149 18 0
-112 -136 17 0
-113 -136 17 0
-111 -137 16 1
-113 -137 16 0
-105 -131 11 0
-120 -149 14 2
-120 -150 16 1
-104 -132 1 1
-104 -132 2 1
-104 -132 3 1
-103 -132 1 1
-103 -132 2 1
-103 -132 3 1
-102 -132 1 1
-102 -132 2 1
-102 -132 3 1
-118 -148 17 0
-120 -148 17 0
-118 -146 13 1
-119 -147 13 1
-120 -146 14 0
-119 -146 14 1
-119 -147 14 1
-120 -148 14 1
-119 -145 15 0
-119 -148 16 1
-119 -148 14 2
-119 -149 16 1
-119 -149 15 2
-119 -149 14 2
-106 -147 14 1
-105 -148 17 0
-104 -149 17 0
-102 -149 17 0
-104 -148 18 0
-103 -148 17 0
-101 -150 16 1
-101 -150 15 1
-101 -150 14 1
-122 -147 15 0
-102 -142 18 1
-101 -142 17 2
-102 -143 19 1
-121 -150 14 1
-121 -150 15 1
-121 -150 16 1
-121 -149 14 1
-121 -149 16 1
-102 -145 19 1
-109 -135 13 1
-109 -134 13 1
-109 -133 13 1
-103 -143 18 1
-103 -143 17 1
-121 -146 15 0
-121 -148 15 1
-120 -150 13 2
-120 -149 13 2
-120 -148 13 1
-136 -114 7 2
-136 -114 6 1
-136 -115 8 1
-136 -115 7 2
-136 -115 6 1
-141 -136 6 1
-146 -136 9 1
-113 -140 17 0
-114 -141 17 0
-112 -140 17 0
-116 -140 17 0
-113 -138 17 0
-110 -141 14 1
-110 -141 15 1
-110 -141 16 1
-110 -140 16 1
-110 -139 16 1
-113 -139 18 0
-114 -140 18 1
-113 -140 18 1
-115 -139 18 0
-114 -138 17 0
-113 -137 17 0
-114 -137 16 0
-112 -138 16 1
-113 -137 15 0
-113 -138 18 0
-115 -138 18 0
-137 -118 9 0
-134 -118 9 0
-138 -117 8 0
-136 -118 8 0
-134 -117 8 0
-137 -117 8 0
-137 -118 8 0
-135 -118 8 0
-136 -118 7 0
-135 -117 7 0
-137 -117 7 0
-150 -108 10 0
-149 -108 10 0
-149 -107 10 0
-107 -143 4 2
-107 -142 4 1
-105 -145 4 1
-106 -144 4 1
-110 -145 1 1
-108 -144 1 1
-107 -144 1 1
-145 -135 6 2
-146 -134 6 1
-146 -135 6 1
-133 -118 6 0
-106 -145 2 1
-106 -144 1 1
-106 -144 2 1
-106 -144 3 2
-137 -118 7 0
-135 -119 7 0
-134 -117 7 0
-136 -119 7 0
-135 -118 7 0
-136 -118 6 0
-135 -117 6 0
-141 -142 9 0
-140 -140 9 0
-142 -142 9 0
-139 -139 10 1
-139 -138 10 1
-139 -137 10 1
-136 -119 10 0
-135 -119 10 0
-136 -120 9 0
-134 -119 9 0
-137 -119 9 0
-135 -119 8 0
-135 -120 9 0
-137 -120 8 0
-138 -118 8 0
-136 -120 8 0
-134 -118 7 0
-137 -119 7 0
-136 -117 6 0
-135 -119 6 0
-135 -118 6 0
-138 -125 10 1
-136 -129 8 1
-120 -115 5 0
-120 -115 6 0
-120 -115 4 0
-118 -117 5 0
-118 -117 6 0
-118 -117 4 0
-117 -116 6 0
-118 -115 7 0
-119 -115 4 1
-126 -128 2 1
-126 -128 3 1
-126 -128 4 1
-130 -137 4 1
-130 -136 2 1
-130 -117 8 0
-128 -119 6 0
-131 -118 7 0
-131 -116 5 0
-117 -113 6 0
-131 -116 6 0
-130 -115 5 1
-130 -115 7 0
-126 -131 5 0
-110 -139 5 1
-110 -139 4 2
-111 -139 6 1
-111 -139 5 1
-111 -139 4 1
-112 -139 6 1
-112 -139 5 1
-112 -139 4 1
-109 -142 3 1
-109 -143 3 1
-109 -144 3 1
-110 -143 3 1
-110 -144 3 1
-111 -144 3 1
-109 -142 8 1
-109 -142 7 1
-109 -143 8 1
-104 -124 3 0
-103 -123 3 0
-107 -122 5 0
-108 -122 5 0
-107 -122 4 0
-108 -122 3 0
-108 -124 5 0
-109 -124 5 0
-107 -126 6 0
-107 -127 6 0
-105 -128 6 0
-103 -127 5 0
-102 -128 3 2
-103 -129 2 1
-103 -129 4 1
-103 -128 2 1
-103 -127 2 1
-102 -129 2 1
-102 -129 3 1
-102 -129 4 1
-102 -128 2 1
-102 -128 4 1
-102 -127 2 1
-101 -129 2 1
-101 -129 3 1
-101 -129 4 1
-101 -128 2 1
-147 -101 7 1
-145 -101 7 1
-146 -101 9 1
-144 -142 10 0
-146 -144 7 0
-147 -143 7 0
-148 -146 10 0
-146 -146 7 0
-150 -101 7 1
-144 -150 10 0
-150 -102 7 1
-144 -150 7 0
-143 -147 8 0
-142 -149 8 0
-119 -110 7 1
-149 -105 6 0
-147 -111 3 1
-149 -113 7 0
-150 -115 7 1
-149 -109 5 1
-149 -110 5 1
-145 -110 6 1
-145 -110 5 1
-145 -110 4 1
-111 -103 0 1
-111 -103 -1 1
-111 -104 1 1
-122 -102 7 0
-101 -129 7 0
-102 -130 8 0
-120 -101 6 0
-150 -140 8 1
-128 -108 3 1
-128 -108 2 1
-113 -106 7 1
-105 -103 5 0
-105 -102 5 0
-105 -103 4 0
-106 -104 4 0
-105 -103 1 1
-105 -103 2 1
-105 -103 3 1
-104 -103 1 1
-104 -103 2 1
-104 -103 3 1
-103 -103 1 1
-103 -103 2 1
-113 -138 7 0
-113 -138 6 0
-112 -139 2 1
-116 -138 3 0
-116 -135 3 0
-115 -136 3 0
-108 -125 4 0
-108 -126 6 0
-108 -125 3 0
-110 -127 4 0
-111 -126 4 0
-109 -128 5 0
-110 -127 5 0
-126 -126 4 1
-127 -124 4 1
-127 -125 4 1
-131 -109 6 0
-130 -107 5 0
-130 -108 5 0
-130 -107 7 0
-129 -127 6 2
-129 -127 7 1
-131 -129 4 1
-131 -128 4 1
-131 -127 4 1
-130 -129 4 1
-130 -128 4 1
-134 -120 4 1
-149 -129 9 1
-149 -129 8 1
-146 -103 -1 1
-126 -125 6 2
-126 -125 7 1
-126 -124 5 2
-105 -129 3 0
-126 -124 7 1
-104 -129 6 0
-105 -129 5 0
-106 -129 5 0
-104 -129 4 0
-105 -129 4 0
-106 -129 4 0
-146 -149 10 0
-146 -148 7 0
-146 -149 7 0
-117 -101 4 1
-144 -137 8 1
-144 -139 9 1
-144 -138 9 1
-144 -137 9 1
-144 -139 5 1
-144 -138 5 1
-144 -137 5 1
-148 -138 5 1
-148 -137 5 1
-148 -141 6 0
-146 -141 7 0
-146 -142 7 0
-128 -101 3 1
-148 -119 3 1
-149 -111 2 1
-149 -111 3 2
-148 -112 3 1
-129 -104 6 0
-129 -104 5 1
-128 -105 6 0
-128 -105 5 1
-149 -101 1 1
-149 -102 2 2
-149 -102 1 1
-150 -101 1 1
-150 -102 1 1
-149 -102 3 1
-149 -102 5 0
-148 -102 4 1
-150 -101 2 2
-150 -102 2 2
-150 -103 2 2
-110 -135 0 1
-110 -135 1 1
-114 -106 2 2
-115 -104 4 1
-115 -104 3 1
-112 -105 -1 1
-143 -141 5 1
-143 -140 3 1
-143 -140 5 1
-143 -139 3 1
-143 -139 4 2
-109 -146 2 2
-108 -148 1 1
-108 -147 1 1
-108 -147 2 1
-108 -147 3 1
-108 -146 1 1
-111 -147 2 1
-107 -145 5 2
-106 -146 5 2
-106 -146 6 2
-106 -146 7 2
-134 -135 14 1
-134 -136 15 0
-133 -137 15 0
-133 -136 16 0
-132 -135 16 0
-134 -133 12 1
-101 -137 5 2
-101 -137 4 1
-101 -138 6 1
-101 -138 5 1
-101 -138 4 1
-101 -139 6 1
-101 -139 5 1
-101 -140 4 2
-101 -140 3 2
-101 -140 2 1
-101 -141 4 1
-101 -141 3 1
-101 -141 2 1
-101 -142 4 1
-119 -149 9 0
-121 -150 9 0
-120 -150 8 0
-101 -142 3 1
-101 -142 2 1
-101 -145 19 0
-143 -146 0 2
-143 -148 0 1
-140 -147 -1 1
-140 -147 1 1
-102 -148 18 0
-101 -148 19 0
-102 -150 19 0
-101 -149 19 0
-102 -149 18 0
-101 -149 18 0
-101 -150 19 0
-101 -150 18 0
-103 -149 18 0
-103 -150 18 0
-104 -150 17 0
-101 -149 17 0
-104 -149 13 1
-101 -148 10 1
-101 -148 9 1
-101 -148 8 1
-101 -149 10 1
-101 -149 9 1
-101 -149 8 1
-101 -150 8 1
-102 -148 10 1
-102 -148 9 1
-102 -148 8 1
-103 -148 10 1
-103 -148 9 1
-103 -148 8 1
-101 -150 10 1
-104 -149 12 1
-104 -149 11 1
-105 -150 12 1
-101 -148 13 1
-101 -148 12 1
-101 -148 11 1
-101 -149 13 2
-101 -149 12 1
-101 -149 11 1
-101 -150 13 1
-101 -150 12 1
-101 -150 11 1
-138 -142 7 0
-138 -142 6 0
-135 -137 9 1
-135 -137 8 1
-135 -137 7 1
-135 -138 9 1
-101 -118 8 0
-101 -118 7 0
-135 -148 8 0
-137 -147 6 0
-101 -121 4 0
-101 -121 7 0
-101 -120 7 0
-103 -119 7 0
-104 -115 4 0
-103 -116 4 0
-104 -115 7 0
-137 -123 5 1
-137 -123 4 1
-137 -123 3 1
-137 -124 5 1
-137 -124 4 1
-141 -150 8 0
-150 -113 9 0
-148 -115 8 0
-149 -114 8 0
-150 -133 12 0
-150 -133 13 0
-150 -113 8 0
-150 -133 11 0
-150 -133 10 1
-140 -138 5 2
-139 -138 9 1
-139 -139 9 1
-122 -123 3 1
-122 -124 2 1
-123 -124 3 1
-122 -124 6 0
-122 -124 5 0
-123 -124 5 0
-115 -106 8 2
-146 -101 6 1
-110 -117 6 0
-141 -123 7 1
-141 -123 8 1
-141 -123 9 1
-141 -122 7 1
-114 -110 -1 1
-114 -110 0 1
-114 -109 -1 1
-148 -131 11 0
-137 -121 7 0
-137 -121 6 0
-136 -122 7 0
-138 -124 8 0
-136 -123 7 0
-135 -123 6 0
-129 -121 5 1
-129 -121 4 1
-129 -120 4 1
-128 -122 4 1
-128 -121 4 1
-128 -120 4 1
-129 -119 3 1
-128 -124 3 1
-128 -123 3 2
-128 -123 4 1
-127 -124 2 1
-127 -123 2 1
-127 -122 2 2
-126 -123 2 1
-126 -122 2 2
-128 -119 2 1
-127 -121 2 2
-127 -122 1 1
-127 -121 1 2
-127 -121 3 1
-127 -120 1 2
-127 -120 2 1
-127 -120 3 1
-126 -122 1 1
-126 -121 1 2
-126 -121 2 2
-126 -121 3 1
-126 -120 1 1
-126 -120 2 2
-126 -120 3 2
-127 -124 0 1
-127 -124 1 1
-127 -123 0 1
-127 -123 1 1
-127 -122 0 1
-128 -121 0 1
-128 -120 0 1
-128 -119 0 1
-128 -119 1 1
-127 -121 0 1
-127 -120 0 1
-127 -119 0 1
-127 -119 1 1
-127 -119 2 1
-129 -118 0 1
-129 -118 1 1
-142 -127 9 2
-143 -126 9 1
-143 -126 10 1
-142 -128 8 1
-142 -128 9 2
-127 -107 4 1
-127 -106 3 1
-127 -106 4 1
-127 -105 3 1
-127 -105 4 1
-127 -109 4 0
-143 -103 3 1
-143 -104 5 1
-143 -104 4 1
-143 -104 3 1
-143 -105 5 1
-146 -119 8 1
-147 -124 5 1
-147 -124 6 1
-149 -122 6 1
-131 -108 2 1
-131 -108 3 1
-131 -108 4 1
-128 -108 8 0
-129 -108 8 0
-129 -107 8 0
-130 -106 7 0
-131 -108 7 0
-128 -106 7 0
-131 -108 6 0
-127 -108 5 0
-130 -106 3 2
-131 -107 2 1
-131 -107 3 2
-131 -107 4 1
-131 -106 2 1
-131 -106 3 1
-131 -106 4 1
-131 -105 2 1
-131 -105 3 1
-131 -105 4 1
-130 -107 2 1
-130 -107 3 1
-130 -107 4 1
-130 -106 2 1
-135 -104 7 0
-136 -104 6 0
-136 -102 6 0
-135 -105 5 0
-109 -133 17 0
-109 -134 18 0
-108 -134 19 0
-104 -109 4 1
-103 -108 2 2
-104 -109 1 1
-104 -109 2 1
-128 -117 6 0
-128 -117 7 0
-128 -117 5 0
-128 -116 6 0
-129 -116 7 0
-129 -116 5 0
-130 -122 6 1
-132 -120 8 0
-132 -120 4 1
-129 -119 6 0
-142 -131 14 1
-141 -131 12 1
-141 -131 13 2
-141 -131 14 1
-140 -132 12 2
-140 -132 13 2
-147 -129 3 1
-147 -129 4 1
-147 -128 3 1
-146 -128 3 1
-146 -128 4 1
-146 -128 5 1
-145 -128 3 1
-145 -128 4 1
-141 -132 16 0
-139 -132 16 0
-141 -132 15 0
-140 -131 15 0
-139 -132 14 1
-140 -131 13 1
-140 -131 12 2
-140 -131 14 1
-139 -132 12 1
-139 -132 13 1
-126 -122 5 1
-136 -130 9 1
-136 -130 8 1
-136 -130 7 1
-133 -130 10 2
-134 -130 10 2
-135 -130 10 1
-135 -130 9 1
-133 -127 12 1
-133 -127 11 1
-133 -128 12 1
-133 -128 11 1
-133 -129 12 1
-133 -129 11 2
-133 -129 10 1
-134 -127 12 1
-134 -127 11 1
-134 -128 12 2
-134 -129 12 2
-134 -129 11 1
-135 -127 12 1
-135 -128 12 2
-135 -129 12 1
-135 -129 11 2
-134 -128 11 2
-133 -129 5 1
-133 -130 5 1
-134 -130 5 1
-135 -130 5 1
-132 -128 9 1
-132 -128 8 1
-132 -129 9 1
-132 -129 8 1
-132 -129 7 1
-132 -130 9 2
-132 -130 8 1
-132 -130 7 1
-133 -130 9 2
-134 -130 9 2
-132 -127 9 0
-133 -129 9 1
-133 -126 10 1
-133 -127 10 1
-133 -128 10 1
-133 -128 9 1
-133 -127 6 0
-133 -128 6 1
-133 -129 8 2
-133 -129 7 1
-133 -129 6 1
-133 -130 8 2
-133 -130 7 2
-133 -130 6 1
-134 -130 8 1
-134 -130 7 2
-134 -130 6 1
-135 -130 8 1
-135 -130 7 1
-135 -130 6 1
-133 -128 8 1
-133 -127 9 1
-133 -128 7 1
-149 -111 6 0
-146 -110 4 2
-148 -110 5 1
-149 -122 3 1
-149 -116 7 0
-149 -115 7 0
-148 -115 6 0
-150 -115 6 1
-149 -115 6 0
-150 -114 5 1
-150 -113 2 1
-136 -127 11 1
-136 -128 11 1
-150 -113 3 2
-137 -127 11 1
-137 -128 11 1
-138 -126 5 1
-138 -127 5 1
-138 -128 5 1
-135 -139 3 1
-135 -140 4 2
-135 -140 3 1
-135 -141 5 1
-125 -116 4 1
-113 -146 16 1
-135 -129 8 2
-138 -125 9 1
-139 -125 10 1
-139 -125 9 1
-135 -125 3 1
-135 -126 3 1
-136 -124 4 1
-136 -125 3 1
-136 -126 3 1
-137 -126 3 1
-135 -128 4 1
-136 -128 4 1
-137 -128 5 1
-137 -128 4 1
-134 -127 6 1
-134 -127 5 1
-134 -128 7 1
-134 -128 6 1
-134 -128 5 1
-134 -129 7 2
-134 -129 6 2
-134 -129 5 1
-135 -128 7 2
-135 -128 5 1
-135 -129 7 1
-135 -129 6 1
-135 -129 5 1
-136 -128 5 1
-136 -129 7 1
-136 -129 6 1
-136 -129 5 1
-135 -128 6 2
-135 -127 10 1
-135 -128 10 2
-135 -128 9 2
-135 -128 8 2
-136 -127 10 2
-136 -128 10 1
-136 -128 9 1
-137 -127 10 1
-137 -127 9 2
-137 -128 10 1
-137 -128 9 1
-134 -126 6 1
-134 -127 9 2
-134 -127 8 1
-134 -127 7 1
-136 -137 5 1
-134 -140 6 1
-130 -126 6 2
-130 -126 5 1
-127 -127 5 1
-127 -128 5 0
-127 -127 7 1
-127 -127 6 1
-127 -128 6 0
-126 -128 5 0
-126 -128 7 0
-126 -128 6 0
-125 -129 5 0
-149 -124 4 1
-149 -124 5 2
-148 -126 3 1
-148 -126 4 1
-148 -126 5 1
-148 -125 3 1
-148 -125 4 2
-148 -125 5 1
-148 -124 3 1
-148 -124 4 2
-148 -124 5 1
-150 -123 4 2
-148 -114 6 0
-150 -114 6 1
-148 -116 6 0
-149 -114 6 0
-147 -115 5 0
-150 -113 5 1
-150 -117 7 0
-148 -117 7 1
-149 -117 6 0
-147 -145 12 0
-143 -104 2 1
-143 -105 2 1
-144 -103 2 1
-144 -104 2 2
-144 -105 2 1
-149 -129 6 1
-148 -103 0 1
-148 -103 -1 1
-148 -104 0 1
-126 -139 6 0
-126 -138 6 0
-117 -142 6 0
-116 -140 5 0
-115 -143 4 1
-115 -143 7 0
-117 -143 6 0
-106 -127 5 0
-115 -143 5 0
-105 -127 6 0
-105 -127 3 0
-134 -141 4 1
-142 -134 16 0
-140 -133 16 0
-140 -132 15 0
-140 -132 14 1
-143 -131 12 1
-143 -131 13 1
-143 -131 14 1
-142 -131 12 1
-142 -131 13 1
-113 -138 14 0
-115 -143 15 1
-115 -142 15 1
-116 -139 14 0
-113 -139 15 1
-112 -139 15 1
-111 -139 15 2
-114 -138 12 0
-101 -119 5 0
-102 -120 6 0
-101 -119 7 0
-102 -120 4 0
-114 -140 16 1
-115 -140 15 0
-115 -141 16 0
-115 -139 15 0
-116 -141 15 0
-112 -138 13 1
-112 -138 14 1
-112 -138 15 1
-111 -138 13 1
-111 -138 14 2
-111 -138 15 2
-110 -140 13 1
-110 -140 14 1
-110 -140 15 2
-110 -139 13 1
-110 -139 14 1
-110 -139 15 2
-110 -138 13 1
-110 -138 14 1
-110 -138 15 2
-114 -138 14 0
-114 -138 13 0
-101 -133 8 0
-104 -133 7 0
-102 -133 7 0
-102 -118 3 1
-102 -118 2 1
-144 -105 5 1
-115 -140 16 0
-114 -139 16 0
-116 -140 16 0
-113 -139 16 1
-132 -126 7 1
-132 -126 6 1
-132 -126 5 1
-132 -127 7 1
-132 -127 6 1
-132 -127 5 1
-132 -128 7 1
-132 -128 6 1
-132 -128 5 1
-129 -124 7 1
-129 -124 6 2
-140 -138 6 2
-140 -139 6 1
-141 -137 6 1
-141 -138 6 2
-141 -139 6 1
-140 -140 6 1
-148 -107 1 1
-140 -140 8 0
-140 -140 7 0
-131 -115 6 1
-129 -114 5 0
-129 -115 5 0
-129 -115 7 0
-144 -125 6 1
-129 -114 6 0
-104 -121 5 0
-104 -122 5 0
-102 -121 4 0
-102 -121 7 0
-102 -121 6 0
-128 -116 7 0
-102 -134 10 0
-103 -133 10 0
-104 -133 9 0
-105 -133 8 1
-131 -117 6 0
-131 -118 6 0
-146 -122 8 1
-146 -122 7 1
-146 -122 6 1
-109 -137 6 2
-109 -138 7 1
-150 -103 1 1
-106 -150 6 1
-112 -148 7 1
-112 -148 8 1
-112 -147 6 2
-112 -147 8 1
-129 -130 9 0
-127 -131 8 0
-101 -119 8 0
-120 -139 7 0
-121 -140 7 0
-121 -141 6 0
-120 -139 6 0
-121 -140 6 0
-119 -142 4 1
-120 -142 5 0
-119 -142 7 0
-119 -142 6 0
-127 -142 4 0
-127 -142 10 0
-127 -142 9 0
-124 -145 5 0
-125 -145 5 0
-126 -145 5 0
-127 -144 5 0
-126 -145 8 0
-126 -145 7 0
-127 -144 7 0
-125 -145 6 0
-148 -118 3 1
-148 -127 6 1
-148 -127 5 2
-148 -127 4 1
-148 -128 6 1
-148 -128 5 1
-148 -128 4 2
-148 -129 6 2
-148 -129 5 1
-137 -138 6 1
-137 -138 7 1
-139 -140 8 1
-138 -140 8 1
-137 -140 8 1
-137 -139 8 2
-137 -138 8 1
-140 -142 6 0
-140 -142 7 0
-138 -141 6 0
-138 -141 7 0
-139 -141 3 1
-139 -141 4 2
-139 -141 5 1
-139 -140 3 1
-139 -140 4 2
-139 -139 3 1
-127 -111 6 0
-150 -118 11 0
-149 -120 10 0
-103 -122 6 0
-101 -120 5 0
-102 -121 5 0
-125 -125 2 1
-101 -123 4 0
-102 -123 4 0
-101 -123 7 0
-102 -123 6 0
-130 -134 5 1
-149 -101 5 0
-101 -123 5 0
-102 -123 5 0
-103 -123 5 0
-109 -121 6 0
-108 -117 7 0
-145 -125 10 0
-118 -113 2 1
-133 -119 5 0
-127 -129 6 0
-128 -125 6 2
-128 -125 7 1
-128 -124 5 1
-127 -124 5 1
-127 -124 6 1
-126 -126 5 1
-102 -125 8 0
-102 -125 7 0
-101 -126 8 0
-102 -126 8 0
-142 -139 5 1
-103 -126 9 0
-143 -123 6 1
-146 -132 9 0
-144 -133 9 1
-128 -102 5 1
-129 -102 6 0
-107 -123 6 0
-105 -124 3 0
-105 -124 4 0
-104 -123 2 1
-104 -123 1 2
-104 -123 0 1
-104 -124 2 1
-104 -124 1 1
-104 -124 0 1
-104 -125 2 1
-104 -125 1 1
-104 -125 0 1
-105 -123 2 1
-105 -123 1 1
-105 -123 0 1
-105 -124 2 1
-130 -139 8 0
-130 -137 8 0
-129 -138 7 0
-106 -123 1 1
-130 -138 6 0
-129 -138 6 0
-146 -112 4 2
-146 -113 4 2
-146 -114 6 1
-146 -114 5 1
-146 -114 4 1
-147 -112 5 1
-147 -112 4 1
-147 -113 5 1
-147 -114 4 1
-146 -113 5 2
-148 -112 6 0
-149 -113 5 1
-150 -113 6 0
-148 -113 6 0
-108 -149 6 2
-108 -149 5 1
-109 -149 7 2
-109 -149 6 2
-109 -149 5 1
-110 -149 7 2
-110 -149 6 2
-110 -149 5 2
-146 -110 6 1
-146 -110 5 1
-149 -116 5 1
-147 -110 5 1
-147 -110 4 1
-148 -110 6 0
-150 -116 3 1
-148 -117 5 1
-150 -116 5 1
-109 -118 6 0
-109 -117 6 0
-149 -143 9 0
-149 -143 12 0
-149 -142 12 0
-148 -143 10 0
-148 -139 12 0
-149 -139 12 0
-131 -114 4 1
-131 -114 5 2
-131 -114 6 1
-113 -106 9 1
-114 -109 1 1
-114 -108 -1 1
-113 -115 6 0
-113 -115 7 0
-114 -103 4 1
-113 -103 2 2
-123 -101 7 0
-124 -102 7 0
-123 -102 7 0
-139 -103 3 0
-109 -126 5 0
-108 -126 5 0
-131 -119 6 0
-131 -120 7 0
-133 -101 4 1
-130 -101 1 1
-130 -101 2 1
-129 -101 1 1
-132 -139 7 0
-115 -106 6 0
-132 -139 6 0
-115 -108 6 0
-110 -105 1 1
-110 -105 0 1
-110 -105 -1 1
-111 -103 1 1
-108 -149 1 1
-109 -149 1 1
-110 -149 1 1
-105 -150 3 1
-105 -150 2 1
-105 -150 1 1
-102 -130 7 0
-115 -104 5 1
-106 -150 1 1
-113 -106 -1 1
-129 -106 5 1
-128 -106 6 0
-128 -107 6 0
-127 -107 5 1
-116 -107 6 0
-149 -140 8 0
-110 -149 4 1
-110 -149 3 2
-110 -149 2 1
-110 -150 4 2
-111 -149 4 2
-111 -149 3 2
-111 -149 2 1
-111 -150 4 2
-111 -150 3 2
-111 -150 2 1
-142 -125 7 1
-143 -124 9 1
-101 -118 9 0
-102 -117 1 1
-102 -117 2 1
-102 -117 3 1
-113 -145 5 0
-112 -145 5 0
-110 -130 4 0
-110 -131 4 0
-110 -132 4 0
-107 -130 3 1
-108 -131 5 0
-107 -130 4 0
-106 -133 3 1
-107 -133 3 1
-108 -133 3 1
-106 -133 6 0
-107 -133 5 0
-108 -133 5 0
-106 -133 4 1
-107 -133 4 1
-108 -133 4 1
-140 -144 8 0
-141 -145 9 0
-141 -145 7 0
-143 -149 8 0
-143 -150 8 0
-143 -149 9 0
-106 -101 6 0
-124 -124 4 1
-116 -106 6 0
-119 -105 7 0
-119 -105 5 0
-119 -105 6 0
-130 -137 3 2
-130 -137 2 1
-132 -135 2 1
-131 -137 8 1
-130 -131 4 1
-130 -131 3 1
-130 -131 2 1
-129 -132 8 1
-105 -147 14 1
-105 -147 15 2
-105 -147 16 1
-105 -146 14 1
-105 -146 15 2
-117 -110 8 1
-117 -110 7 1
-118 -108 9 1
-118 -108 8 1
-118 -108 7 1
-118 -109 9 1
-118 -109 7 1
-120 -115 2 1
-128 -126 7 1
-120 -115 3 1
-128 -126 5 2
-128 -127 7 1
-128 -127 6 1
-128 -127 5 1
-128 -128 7 1
-128 -128 5 1
-129 -126 7 1
-136 -137 6 1
-112 -133 2 1
-112 -134 3 1
-111 -134 8 0
-111 -134 7 0
-111 -134 6 0
-115 -113 2 1
-115 -113 1 1
-116 -111 3 1
-116 -111 2 1
-114 -111 1 1
-114 -111 2 1
-103 -133 14 0
-106 -131 14 0
-133 -136 6 2
-114 -136 1 1
-114 -136 0 1
-114 -136 -1 1
-130 -103 6 0
-131 -102 6 1
-130 -103 5 1
-131 -137 5 1
-144 -125 8 1
-117 -112 5 0
-127 -104 5 1
-127 -104 4 1
-127 -104 3 1
-106 -128 6 0
-111 -135 3 1
-113 -136 4 0
-114 -103 1 1
-114 -104 1 1
-115 -103 1 1
-115 -104 1 1
-125 -129 6 0
-134 -126 7 1
-134 -126 8 1
-134 -126 9 2
-134 -125 7 1
-134 -125 8 2
-134 -125 9 1
-134 -124 8 2
-134 -124 9 2
-133 -126 9 1
-133 -122 9 1
-132 -122 8 1
-132 -122 9 1
-141 -139 3 1
-131 -121 8 1
-131 -121 9 1
-130 -121 8 1
-130 -121 9 1
-129 -121 7 1
-129 -121 8 1
-129 -121 9 1
-133 -127 7 1
-133 -126 6 0
-132 -125 5 1
-132 -127 4 2
-133 -128 3 1
-133 -128 4 1
-133 -128 5 1
-133 -127 3 1
-133 -127 4 1
-133 -127 5 1
-133 -126 3 1
-133 -126 4 1
-107 -130 5 0
-110 -131 6 0
-109 -130 5 0
-111 -128 3 0
-111 -128 4 0
-110 -126 3 0
-109 -126 3 0
-110 -126 6 0
-109 -127 5 0
-110 -126 4 0
-109 -126 4 0
-146 -102 -1 1
-130 -121 5 1
-131 -122 7 1
-134 -121 5 0
-114 -134 4 0
-114 -135 6 0
-114 -135 3 0
-115 -137 4 0
-106 -135 3 1
-106 -135 4 1
-106 -135 5 1
-135 -146 4 0
-135 -146 5 0
-136 -146 4 0
-136 -146 5 0
-135 -147 5 0
-135 -145 4 0
-134 -145 4 0
-136 -144 4 0
-134 -146 4 0
-135 -145 3 0
-135 -147 3 0
-135 -148 4 0
-134 -145 3 0
-136 -144 3 0
-134 -147 3 0
-134 -144 3 0
-134 -146 2 0
-135 -144 2 0
-135 -145 2 0
-134 -145 2 0
-136 -147 2 0
-136 -145 2 0
-135 -146 2 0
-135 -146 1 0
-136 -146 1 0
-135 -145 1 0
-116 -107 8 1
-129 -121 1 2
-129 -121 0 1
-129 -123 2 1
-129 -123 1 2
-129 -123 0 1
-129 -124 2 1
-129 -124 1 1
-129 -124 0 1
-129 -125 2 1
-111 -150 14 1
-134 -128 10 1
-134 -128 9 2
-134 -126 10 1
-134 -127 10 1
-135 -141 4 2
-112 -113 6 0
-112 -113 7 0
-108 -149 18 0
-108 -150 18 0
-115 -144 15 2
-113 -112 5 0
-113 -112 4 0
-114 -146 15 2
-114 -146 16 1
-146 -135 11 1
-104 -104 4 0
-106 -105 4 0
-103 -105 4 0
-105 -104 4 0
-105 -104 1 1
-105 -104 2 1
-105 -104 3 1
-104 -104 1 1
-132 -115 4 1
-133 -113 6 1
-133 -113 5 1
-103 -104 2 1
-103 -104 3 1
-104 -105 4 0
-105 -104 7 0
-104 -104 8 0
-106 -105 8 0
-105 -103 7 0
-104 -105 7 0
-106 -104 6 0
-106 -104 7 0
-104 -103 7 0
-105 -103 6 0
-106 -103 7 0
-107 -105 7 0
-104 -103 6 0
-107 -103 6 0
-103 -104 6 0
-105 -102 6 0
-107 -104 6 0
-104 -103 5 0
-106 -103 5 0
-133 -143 8 0
-114 -104 4 2
-113 -106 2 1
-145 -148 7 0
-145 -149 10 0
-147 -102 9 1
-147 -101 8 1
-148 -101 8 1
-101 -125 4 0
-104 -122 9 0
-104 -122 3 0
-150 -116 9 0
-132 -143 4 0
-138 -127 10 1
-138 -126 8 1
-138 -126 9 2
-138 -126 10 1
-141 -125 6 0
-141 -125 5 0
-120 -116 1 1
-127 -132 6 0
-127 -132 7 0
-128 -131 6 0
-127 -130 6 0
-128 -131 7 0
-106 -101 -1 1
-124 -101 2 1
-124 -101 3 1
-124 -101 4 1
-118 -115 4 1
-118 -115 6 0
-146 -137 10 1
-146 -137 9 1
-146 -138 10 1
-146 -138 9 2
-146 -139 10 1
-146 -139 9 1
-136 -122 4 0
-134 -139 6 1
-114 -110 4 0
-115 -111 6 0
-113 -109 7 0
-113 -109 6 0
-113 -110 7 0
-131 -137 6 1
-130 -137 6 0
-139 -102 3 0
-131 -137 7 1
-130 -137 7 0
-131 -136 6 1
-125 -119 7 1
-127 -118 6 0
-124 -118 6 0
-126 -117 6 0
-124 -117 5 0
-123 -118 5 0
-123 -117 2 1
-123 -117 3 2
-123 -117 4 1
-122 -117 2 1
-122 -117 3 1
-122 -117 4 1
-127 -117 5 1
-125 -117 5 1
-124 -118 8 2
-125 -119 8 1
-125 -119 9 1
-125 -118 7 1
-125 -118 8 1
-125 -118 9 1
-125 -117 7 1
-125 -117 8 1
-125 -117 9 1
-124 -119 7 1
-124 -119 8 1
-124 -119 9 1
-124 -118 7 1
-124 -118 9 1
-121 -140 5 0
-120 -139 4 1
-123 -138 6 0
-123 -139 7 0
-123 -138 7 0
-123 -139 5 0
-123 -138 4 0
-125 -139 4 0
-125 -145 4 0
-123 -146 6 0
-123 -145 5 0
-123 -146 4 0
-148 -144 5 0
-148 -144 6 0
-148 -144 7 0
-148 -144 13 0
-146 -147 7 0
-146 -146 10 0
-145 -147 9 0
-148 -148 7 0
-140 -130 8 1
-140 -130 9 1
-140 -129 8 1
-140 -129 9 1
-140 -129 10 1
-144 -132 8 0
-143 -132 6 1
-143 -132 7 1
-143 -132 8 1
-142 -132 6 1
-142 -132 7 2
-142 -132 8 2
-141 -132 6 1
-141 -132 7 1
-141 -132 8 1
-147 -133 6 1
-147 -133 7 1
-147 -133 8 1
-146 -133 6 1
-146 -133 7 1
-146 -133 8 1
-145 -133 6 1
-145 -133 7 1
-145 -133 8 1
-145 -132 6 1
-145 -132 7 1
-145 -131 6 1
-144 -132 7 0
-145 -131 4 1
-145 -131 5 1
-117 -110 4 1
-142 -140 7 0
-117 -110 3 1
-141 -128 10 1
-141 -128 9 1
-136 -127 6 2
-141 -128 8 1
-142 -126 10 1
-142 -126 9 1
-142 -126 8 1
-142 -127 10 1
-103 -126 8 0
-148 -116 8 0
-113 -115 5 0
-113 -116 6 0
-112 -116 7 0
-106 -124 7 0
-105 -123 7 0
-104 -123 7 0
-105 -123 8 0
-106 -122 5 0
-104 -124 9 0
-104 -124 5 0
-103 -128 7 0
-103 -127 8 0
-129 -116 8 0
-128 -118 7 0
-131 -113 6 1
-149 -131 8 1
-149 -131 9 1
-145 -130 7 0
-145 -131 7 1
-143 -129 7 1
-148 -131 6 1
-148 -131 7 1
-147 -131 6 2
-147 -131 7 2
-146 -131 6 1
-146 -131 7 1
-144 -130 7 0
-148 -130 4 1
-147 -130 4 1
-146 -130 4 1
-146 -130 5 1
-145 -131 9 0
-143 -130 9 1
-144 -131 8 0
-143 -130 8 1
-144 -131 7 0
-144 -131 4 1
-144 -131 5 1
-144 -131 6 1
-143 -131 4 1
-143 -131 5 1
-134 -112 6 1
-126 -112 7 0
-128 -112 7 0
-131 -138 5 1
-131 -139 4 1
-131 -139 3 1
-131 -140 4 1
-131 -140 3 1
-130 -139 7 0
-131 -139 8 0
-132 -140 4 1
-132 -140 3 1
-132 -141 4 1
-132 -141 3 1
-142 -102 4 0
-142 -101 3 0
-141 -102 3 0
-130 -135 4 2
-130 -135 3 1
-142 -101 -1 1
-130 -136 4 1
-130 -136 3 2
-130 -117 3 2
-131 -118 2 1
-131 -118 3 1
-131 -118 4 1
-131 -117 2 1
-131 -117 3 1
-131 -117 4 1
-131 -116 2 1
-131 -116 3 1
-131 -116 4 1
-130 -118 2 1
-130 -118 3 1
-103 -125 8 0
-103 -126 7 0
-103 -125 7 0
-104 -126 8 0
-124 -140 7 0
-114 -142 9 1
-114 -142 8 0
-112 -145 4 0
-116 -141 6 0
-114 -139 7 0
-114 -141 6 0
-114 -138 5 0
-113 -142 2 1
-132 -136 6 2
-132 -137 7 1
-132 -136 7 2
-134 -136 5 1
-104 -146 15 2
-101 -137 2 2
-144 -108 8 1
-145 -107 10 1
-145 -108 10 1
-145 -108 9 1
-145 -108 8 1
-103 -146 18 1
-103 -146 17 1
-103 -146 16 1
-104 -146 18 1
-104 -146 17 1
-104 -146 16 1
-105 -144 18 1
-105 -144 17 1
-105 -145 18 1
-105 -145 17 1
-105 -146 18 1
-105 -146 17 2
-105 -146 16 2
-101 -137 3 1
-102 -146 17 0
-101 -145 17 0
-101 -144 18 0
-102 -138 5 2
-111 -137 18 0
-112 -139 18 1
-102 -139 4 1
-102 -139 3 2
-103 -137 5 1
-103 -137 4 1
-103 -137 3 1
-103 -138 5 2
-103 -138 4 2
-103 -138 3 1
-103 -139 5 1
-138 -109 5 1
-103 -139 3 2
-102 -138 4 2
-101 -140 5 2
-101 -141 5 1
-101 -142 5 1
-142 -104 7 0
-142 -104 8 0
-142 -105 9 0
-142 -104 10 0
-144 -104 11 0
-101 -138 3 2
-101 -146 16 1
-101 -146 15 2
-101 -146 14 1
-102 -146 16 1
-102 -146 15 2
-102 -146 14 1
-101 -144 17 0
-101 -139 4 1
-101 -139 3 1
-101 -139 2 1
-101 -145 16 1
-101 -145 15 2
-101 -145 14 1
-102 -145 14 1
-103 -145 14 1
-104 -145 14 1
-105 -145 16 1
-124 -109 2 1
-124 -110 3 1
-124 -110 2 1
-125 -109 4 1
-125 -109 3 1
-125 -109 2 1
-125 -110 2 1
-126 -109 4 1
-126 -109 3 1
-147 -142 4 1
-144 -125 9 0
-116 -108 5 1
-116 -108 4 1
-129 -131 4 2
-104 -116 4 0
-126 -130 6 0
-129 -132 5 1
-128 -131 4 1
-117 -105 7 0
-128 -131 3 1
-117 -105 8 0
-117 -105 6 0
-117 -104 7 0
-117 -104 8 0
-117 -104 6 0
-112 -139 12 1
-111 -139 12 1
-110 -139 12 1
-114 -139 9 0
-116 -141 9 0
-145 -145 8 0
-128 -130 3 2
-137 -139 6 2
-137 -139 7 2
-137 -138 5 1
-139 -139 4 1
-128 -130 8 0
-128 -130 7 0
-127 -132 5 0
-126 -132 6 0
-127 -131 6 0
-128 -132 5 1
-141 -145 6 0
-140 -148 6 0
-137 -148 8 0
-137 -149 6 0
-136 -147 8 0
-130 -130 5 1
-130 -130 7 0
-129 -127 4 1
-129 -128 4 1
-120 -102 8 0
-120 -102 6 0
-105 -126 2 1
-105 -126 1 1
-105 -126 0 1
-149 -107 9 0
-147 -109 9 0
-149 -109 8 0
-146 -109 7 0
-123 -119 5 0
-122 -119 6 0
-119 -117 1 1
-119 -116 1 1
-119 -116 3 1
-119 -115 1 1
-119 -115 2 1
-119 -115 3 1
-118 -117 1 1
-120 -113 5 0
-120 -114 6 0
-145 -149 7 0
-142 -148 8 0
-143 -148 9 0
-143 -148 10 0
-122 -139 7 0
-124 -141 5 0
-123 -141 5 0
-123 -140 5 0
-122 -139 4 0
-125 -139 6 0
-125 -138 6 0
-125 -139 7 0
-125 -138 7 0
-125 -139 5 0
-125 -138 4 0
-127 -139 4 0
-129 -142 4 0
-127 -145 4 0
-125 -146 6 0
-125 -146 7 0
-125 -146 4 0
-123 -143 6 0
-123 -144 6 0
-122 -145 6 0
-123 -144 7 0
-122 -145 7 0
-123 -143 5 0
-123 -144 5 0
-149 -101 0 1
-108 -122 7 0
-107 -121 7 0
-108 -122 6 0
-107 -121 6 0
-112 -149 2 1
-112 -150 2 1
-110 -148 2 1
-110 -148 5 2
-133 -124 2 1
-133 -125 3 1
-133 -125 2 1
-132 -124 3 2
-134 -124 4 1
-150 -102 6 1
-114 -107 8 1
-114 -107 9 1
-114 -106 7 1
-114 -106 8 2
-142 -105 10 0
-143 -106 11 0
-142 -106 10 0
-143 -107 10 1
-142 -106 9 0
-141 -106 10 0
-141 -105 9 1
-141 -107 9 1
-141 -106 8 1
-142 -107 8 1
-148 -109 10 0
-148 -109 8 0
-148 -112 7 0
-145 -111 8 1
-145 -111 7 1
-145 -111 6 1
-145 -112 8 1
-145 -112 7 1
-145 -112 6 1
-145 -113 8 1
-145 -113 7 1
-145 -113 6 1
-146 -111 8 1
-146 -111 7 1
-146 -111 6 2
-146 -142 8 0
-146 -142 6 0
-145 -141 7 0
-145 -141 8 0
-126 -123 7 2
-127 -124 8 1
-115 -140 1 1
-115 -139 1 1
-114 -145 6 0
-118 -141 4 1
-112 -141 9 2
-112 -140 7 1
-112 -140 8 1
-112 -140 9 1
-109 -135 2 1
-110 -133 4 1
-105 -107 7 0
-104 -106 7 0
-106 -106 7 0
-103 -106 7 0
-137 -133 10 1
-137 -133 11 1
-137 -132 10 1
-137 -132 11 2
-137 -132 12 1
-149 -117 3 1
-137 -123 6 0
-139 -123 6 0
-139 -122 6 0
-136 -134 16 0
-137 -133 13 0
-138 -133 12 1
-132 -132 8 1
-131 -132 8 1
-138 -133 16 0
-137 -134 16 0
-138 -133 10 1
-138 -133 11 1
-131 -132 3 1
-131 -132 4 1
-129 -132 4 1
-133 -123 6 0
-135 -122 8 0
-134 -121 7 0
-149 -112 11 0
-149 -113 11 0
-150 -114 10 0
-124 -102 6 0
-148 -115 11 0
-149 -115 11 0
-147 -115 9 0
-148 -115 9 0
-135 -144 6 0
-135 -144 12 0
-135 -144 11 0
-135 -144 10 0
-135 -144 9 0
-114 -115 7 0
-112 -114 6 0
-112 -115 6 0
-112 -114 7 0
-112 -115 7 0
-111 -115 6 0
-107 -129 4 0
-102 -127 6 0
-102 -127 9 0
-101 -128 8 0
-101 -128 7 0
-102 -129 8 0
-102 -128 8 0
-150 -112 2 1
-150 -112 3 2
-150 -112 4 1
-148 -113 4 1
-149 -112 2 1
-148 -113 3 1
-148 -115 2 1
-148 -107 2 1
-147 -108 2 1
-147 -109 2 1
-147 -110 2 1
-146 -106 4 1
-146 -106 3 1
-146 -107 4 1
-146 -107 3 1
-146 -108 4 1
-146 -108 3 1
-147 -106 4 2
-147 -106 3 2
-147 -107 3 1
-147 -108 4 2
-147 -108 3 1
-148 -106 4 1
-148 -106 3 2
-148 -107 4 1
-148 -107 3 2
-147 -107 4 2
-150 -112 10 0
-149 -111 10 0
-149 -111 11 0
-148 -111 8 0
-147 -106 1 1
-149 -108 6 0
-147 -104 1 1
-147 -105 1 1
-147 -119 3 1
-147 -119 4 1
-147 -118 3 1
-147 -118 4 1
-149 -115 2 1
-150 -113 4 1
-150 -123 6 1
-144 -146 5 0
-144 -146 4 0
-141 -146 9 0
-140 -146 10 0
-111 -137 -1 1
-132 -137 6 1
-128 -136 7 1
-128 -137 9 1
-125 -142 9 0
-125 -142 10 0
-125 -142 4 0
-125 -142 3 0
-125 -142 2 0
-131 -121 4 0
-136 -119 1 1
-136 -119 2 1
-136 -118 1 1
-136 -118 2 1
-136 -118 3 1
-135 -118 1 1
-135 -118 2 1
-135 -118 3 1
-134 -118 1 1
-134 -118 2 1
-134 -118 3 1
-133 -124 1 1
-128 -120 5 1
-129 -119 4 0
-130 -119 4 0
-127 -121 4 1
-128 -119 3 1
-133 -118 1 1
-133 -118 2 1
-133 -118 3 1
-132 -119 2 2
-132 -119 1 1
-132 -119 3 1
-132 -118 1 1
-132 -118 2 1
-132 -118 3 1
-131 -119 1 2
-131 -119 2 1
-131 -119 3 1
-131 -118 1 1
-132 -122 0 1
-132 -121 0 1
-132 -120 0 1
-131 -122 0 1
-131 -121 0 1
-132 -123 9 1
-132 -123 8 2
-132 -124 9 1
-132 -124 7 1
-132 -125 7 1
-133 -123 9 1
-133 -123 8 2
-133 -124 9 1
-133 -124 8 2
-133 -125 9 1
-133 -125 8 2
-133 -125 7 1
-132 -124 8 2
-150 -146 2 0
-131 -124 9 1
-135 -136 8 1
-135 -136 7 1
-135 -136 6 1
-135 -136 5 1
-132 -136 8 1
-132 -137 8 1
-132 -138 8 1
-149 -129 10 1
-150 -129 13 0
-132 -136 5 1
-149 -130 11 0
-150 -129 11 0
-135 -137 4 1
-135 -138 4 1
-135 -139 4 2
-136 -137 4 1
-136 -138 4 1
-134 -137 7 2
-134 -137 6 2
-126 -130 7 0
-126 -130 5 0
-126 -129 6 0
-126 -129 5 0
-125 -129 7 0
-129 -131 3 1
-129 -131 2 1
-127 -129 5 0
-127 -129 7 0
-125 -119 0 1
-125 -120 0 1
-126 -118 0 1
-125 -119 2 1
-125 -120 4 1
-126 -118 4 2
-126 -119 4 1
-126 -120 4 1
-127 -118 4 1
-128 -122 5 1
-126 -121 4 1
-127 -119 4 1
-127 -120 4 1
-128 -119 5 0
-125 -118 4 1
-125 -118 3 2
-125 -118 2 1
-132 -120 5 0
-150 -145 7 1
-150 -145 10 0
-147 -142 7 0
-147 -142 10 0
-145 -143 7 0
-145 -142 10 0
-145 -143 10 0
-144 -145 7 0
-144 -145 10 0
-145 -145 10 0
-146 -145 9 0
-143 -145 8 0
-131 -132 5 1
-132 -132 7 1
-140 -109 6 1
-140 -109 7 1
-139 -109 6 1
-139 -109 7 1
-139 -109 8 1
-138 -108 6 2
-138 -107 6 1
-138 -106 6 1
-137 -108 6 1
-137 -108 7 1
-137 -108 8 1
-143 -139 5 1
-134 -122 7 1
-145 -139 7 1
-145 -139 6 1
-146 -140 8 0
-146 -140 7 0
-134 -141 7 0
-134 -141 6 0
-134 -140 7 1
-132 -137 4 2
-132 -137 3 2
-132 -138 4 2
-132 -138 3 1
-132 -139 5 1
-132 -139 4 2
-101 -115 1 1
-105 -150 16 1
-105 -150 15 2
-105 -150 14 1
-106 -145 15 1
-106 -146 15 1
-106 -147 15 2
-104 -148 17 0
-103 -149 17 0
-103 -148 18 0
-145 -135 7 1
-146 -134 9 1
-146 -134 7 2
-146 -135 9 1
-146 -135 8 1
-146 -135 7 1
-147 -134 8 1
-147 -134 7 1
-138 -106 9 1
-138 -106 8 1
-138 -106 7 1
-138 -107 9 1
-138 -107 8 1
-138 -107 7 2
-138 -108 9 1
-138 -108 8 1
-138 -108 7 2
-139 -108 9 1
-139 -109 9 0
-141 -133 9 1
-142 -133 9 2
-143 -133 9 1
-145 -133 9 1
-145 -132 10 0
-149 -106 10 0
-118 -116 3 1
-118 -116 2 1
-149 -104 9 0
-118 -117 3 1
-118 -117 2 1
-120 -118 3 2
-120 -118 2 1
-120 -119 4 1
-120 -119 3 1
-120 -119 2 1
-103 -110 5 0
-104 -109 5 0
-102 -109 6 0
-105 -111 6 0
-103 -109 6 0
-109 -118 4 0
-135 -122 6 0
-120 -104 8 0
-143 -101 4 0
-143 -102 4 1
-143 -101 3 0
-149 -147 7 0
-103 -141 6 1
-104 -141 8 1
-104 -141 7 2
-106 -141 2 1
-107 -141 3 1
-107 -141 2 1
-104 -142 4 2
-105 -142 4 1
-103 -143 4 1
-103 -144 4 1
-103 -145 4 1
-105 -140 6 2
-105 -140 5 1
-105 -140 4 2
-105 -141 4 2
-106 -139 6 1
-106 -139 5 1
-103 -142 6 2
-108 -142 6 2
-108 -142 5 1
-108 -142 4 1
-104 -144 7 1
-104 -144 6 2
-104 -144 5 2
-104 -145 7 1
-104 -145 6 1
-105 -144 5 2
-106 -142 7 2
-106 -142 6 2
-106 -142 5 1
-106 -143 7 2
-106 -143 5 1
-106 -144 5 2
-107 -142 7 1
-105 -144 8 1
-110 -146 1 1
-110 -147 2 1
-110 -147 1 1
-107 -145 6 1
-107 -146 8 1
-133 -133 15 0
-130 -136 15 0
-150 -104 1 1
-149 -104 1 1
-149 -104 2 2
-149 -104 3 1
-144 -101 2 1
-149 -103 2 2
-136 -101 6 0
-139 -101 5 0
-140 -101 6 0
-138 -102 6 0
-141 -101 6 0
-143 -101 2 1
-141 -101 5 0
-139 -103 5 0
-139 -101 6 0
-135 -102 4 1
-133 -102 0 1
-133 -102 1 1
-149 -103 1 1
-145 -101 2 1
-148 -103 1 1
-142 -102 6 0
-138 -101 6 0
-137 -102 6 0
-105 -116 5 0
-104 -117 7 0
-103 -119 5 0
-103 -118 5 0
-103 -117 5 0
-103 -116 5 0
-103 -120 6 0
-103 -119 6 0
-103 -118 6 0
-103 -117 7 0
-103 -120 5 0
-103 -121 6 0
-103 -120 7 0
-103 -120 8 0
-103 -120 9 0
-137 -141 3 1
-137 -141 4 2
-137 -141 5 1
-137 -140 3 1
-137 -140 4 2
-137 -139 3 1
-128 -123 2 2
-128 -122 0 1
-132 -123 0 1
-128 -142 6 0
-141 -139 4 2
-104 -107 5 0
-105 -106 5 0
-103 -106 5 0
-105 -107 4 1
-102 -107 4 0
-125 -140 7 1
-112 -136 7 0
-112 -136 8 0
-113 -135 -1 1
-111 -144 7 1
-113 -146 7 1
-114 -146 6 0
-112 -147 5 1
-112 -141 5 1
-129 -129 4 1
-121 -105 7 0
-120 -104 7 0
-128 -136 9 1
-145 -102 5 1
-145 -104 6 1
-145 -103 6 2
-145 -102 6 1
-145 -104 2 1
-145 -103 2 2
-145 -102 2 1
-144 -102 4 1
-144 -102 5 1
-144 -102 3 1
-109 -120 5 0
-108 -119 6 0
-108 -119 7 0
-148 -108 7 1
-148 -108 8 1
-148 -107 6 1
-148 -107 7 1
-148 -107 8 1
-147 -108 6 1
-147 -108 7 1
-147 -108 8 1
-147 -107 6 2
-147 -107 8 2
-146 -108 6 1
-146 -108 7 1
-107 -128 5 0
-105 -130 5 0
-104 -131 4 0
-107 -132 6 0
-144 -138 3 1
-144 -138 4 1
-130 -134 9 1
-130 -133 9 1
-129 -137 6 0
-129 -135 6 0
-149 -116 8 0
-148 -115 7 0
-112 -102 1 2
-112 -102 2 2
-112 -102 3 1
-110 -105 2 0
-110 -105 3 0
-111 -104 4 0
-142 -105 7 1
-143 -106 6 1
-143 -107 6 1
-144 -106 6 1
-144 -107 6 1
-145 -106 6 1
-116 -146 18 0
-115 -147 18 0
-117 -145 18 0
-145 -107 6 1
-142 -106 8 1
-141 -104 8 1
-144 -107 10 1
-144 -108 10 1
-144 -108 9 1
-146 -108 10 1
-146 -108 9 1
-141 -104 9 0
-141 -105 10 0
-142 -105 11 0
-144 -105 11 0
-106 -102 6 0
-105 -101 7 0
-107 -104 7 0
-106 -103 6 0
-106 -101 7 0
-150 -117 11 0
-148 -117 10 0
-149 -117 10 0
-150 -117 10 0
-150 -138 13 0
-149 -118 8 1
-149 -117 8 0
-149 -117 11 0
-150 -116 10 0
-130 -145 8 0
-131 -145 6 0
-130 -145 6 0
-129 -146 6 0
-127 -131 7 0
-129 -131 6 0
-126 -102 2 1
-126 -102 3 2
-132 -134 8 1
-131 -135 8 1
-150 -123 12 0
-148 -123 11 0
-149 -123 11 0
-150 -123 11 0
-114 -133 6 0
-114 -133 5 0
-106 -136 5 2
-106 -119 6 0
-107 -119 7 0
-106 -119 7 0
-106 -118 6 0
-148 -120 5 2
-148 -120 6 2
-148 -120 7 2
-147 -122 7 2
-147 -121 5 1
-147 -121 7 2
-147 -120 5 1
-147 -120 6 1
-147 -120 7 2
-146 -121 5 1
-146 -121 6 1
-146 -121 7 1
-146 -120 5 1
-146 -120 6 1
-146 -120 7 1
-150 -119 6 1
-143 -129 8 1
-143 -129 9 2
-143 -129 10 1
-143 -128 8 1
-143 -128 9 2
-143 -128 10 1
-143 -127 9 1
-143 -127 10 1
-144 -127 7 0
-143 -126 8 1
-142 -127 8 1
-145 -105 5 1
-144 -105 3 1
-101 -120 6 0
-132 -123 5 0
-109 -120 6 0
-125 -120 6 0
-127 -119 6 0
-125 -119 6 0
-125 -118 5 1
-124 -119 5 0
-148 -139 5 1
-148 -139 4 1
-138 -104 1 1
-138 -104 0 1
-139 -104 1 1
-119 -119 3 1
-119 -119 2 1
-120 -117 4 1
-120 -117 3 1
-120 -117 2 1
-121 -117 3 1
-121 -117 2 1
-120 -118 7 0
-147 -105 7 2
-131 -145 5 0
-129 -147 6 0
-129 -147 8 0
-129 -147 5 0
-137 -120 6 0
-134 -120 5 0
-134 -120 7 0
-134 -120 6 0
-110 -129 4 0
-110 -130 5 0
-110 -129 6 0
-110 -131 3 1
-110 -130 3 1
-136 -141 7 0
-136 -141 6 1
-135 -142 5 1
-135 -142 4 1
-136 -142 4 1
-136 -142 5 1
-137 -137 4 1
-137 -143 6 0
-149 -138 6 2
-150 -143 6 1
-113 -103 3 1
-113 -103 4 1
-150 -142 6 1
-115 -103 5 1
-114 -104 5 1
-114 -103 5 1
-113 -104 5 1
-129 -116 4 1
-129 -116 3 1
-129 -116 2 1
-129 -117 4 1
-129 -117 3 2
-104 -117 5 0
-102 -115 4 0
-102 -116 4 0
-102 -116 7 0
-102 -117 6 0
-102 -118 6 0
-102 -115 5 0
-102 -116 5 0
-102 -117 5 0
-102 -118 5 0
-103 -120 4 0
-102 -119 3 1
-102 -119 2 2
-143 -103 0 1
-143 -103 1 2
-143 -102 0 1
-143 -102 1 2
-134 -140 9 0
-114 -144 4 1
-116 -142 5 0
-134 -141 9 0
-134 -141 8 0
-131 -141 6 0
-134 -143 4 0
-132 -144 3 0
-131 -146 3 0
-131 -145 3 0
-132 -142 7 0
-132 -143 7 0
-131 -141 9 0
-131 -141 8 0
-137 -126 6 1
-137 -126 7 1
-137 -126 8 1
-136 -128 7 1
-111 -118 7 0
-111 -118 6 0
-112 -116 6 0
-110 -114 5 0
-110 -115 7 0
-108 -116 5 0
-108 -116 7 0
-108 -116 6 0
-109 -116 6 0
-117 -112 6 0
-129 -114 4 1
-129 -114 8 0
-129 -114 7 0
-130 -113 4 1
-130 -114 4 1
-130 -115 4 1
-131 -114 7 0
-130 -113 5 1
-130 -113 7 0
-130 -113 6 1
-129 -112 5 0
-129 -112 7 0
-129 -112 6 0
-127 -113 5 0
-128 -113 5 0
-128 -113 7 0
-127 -113 6 0
-128 -113 6 0
-127 -114 5 0
-133 -124 10 1
-133 -125 10 1
-134 -123 10 1
-134 -124 10 1
-134 -125 10 1
-135 -123 10 1
-135 -124 10 1
-135 -125 10 1
-135 -126 9 2
-110 -131 5 0
-141 -140 5 1
-141 -140 4 2
-141 -140 3 1
-141 -141 5 1
-141 -141 4 2
-141 -141 3 1
-142 -140 9 0
-141 -141 6 1
-141 -141 8 0
-141 -141 7 0
-142 -142 6 0
-142 -142 8 0
-105 -117 7 0
-132 -102 2 1
-132 -103 4 1
-132 -103 3 1
-114 -146 3 1
-114 -146 2 1
-115 -146 3 1
-115 -146 2 1
-101 -137 10 1
-145 -136 9 2
-145 -136 10 1
-144 -136 9 1
-144 -136 10 1
-143 -137 10 1
-142 -137 10 2
-141 -137 10 1
-146 -136 7 1
-115 -149 14 1
-115 -149 15 2
-115 -149 16 1
-146 -136 6 1
-130 -131 5 1
-127 -134 8 0
-144 -104 -1 1
-145 -104 0 1
-145 -104 -1 1
-146 -104 0 1
-132 -114 4 1
-132 -114 6 1
-114 -150 19 0
-137 -135 16 0
-115 -150 18 0
-138 -134 15 0
-116 -150 18 0
-136 -134 15 0
-114 -150 17 0
-114 -149 17 0
-137 -138 14 1
-115 -150 17 0
-138 -134 14 0
-139 -137 14 0
-137 -134 13 0
-137 -139 12 1
-137 -139 13 1
-137 -139 14 1
-137 -138 12 1
-137 -138 13 1
-137 -137 12 1
-139 -135 13 1
-138 -137 13 0
-138 -136 13 0
-137 -135 12 0
-101 -136 9 1
-101 -137 9 1
-101 -138 9 1
-102 -134 8 0
-103 -135 10 1
-104 -135 10 2
-105 -135 10 2
-105 -136 10 1
-105 -137 10 1
-102 -135 9 1
-141 -147 1 1
-143 -148 -1 1
-102 -138 10 1
-138 -135 16 0
-139 -136 15 0
-139 -135 16 0
-138 -137 16 0
-139 -134 15 0
-140 -136 15 0
-140 -135 15 0
-140 -136 14 1
-138 -138 14 0
-139 -134 14 1
-140 -135 13 2
-141 -136 12 1
-141 -136 13 1
-141 -136 14 1
-141 -135 12 1
-141 -135 13 2
-141 -135 14 1
-141 -134 12 1
-141 -134 13 2
-141 -134 14 1
-140 -136 12 1
-140 -136 13 1
-115 -149 17 0
-102 -138 9 1
-116 -150 17 0
-116 -150 14 1
-116 -150 15 2
-116 -150 16 1
-116 -149 14 1
-116 -149 15 2
-116 -149 16 1
-103 -136 9 2
-103 -137 9 2
-103 -138 9 1
-104 -136 9 2
-104 -137 9 1
-104 -138 9 1
-101 -135 7 0
-113 -145 14 1
-124 -116 4 1
-113 -145 16 1
-113 -144 15 2
-142 -142 3 1
-116 -146 14 1
-116 -146 15 2
-131 -126 9 0
-131 -124 8 1
-131 -123 7 1
-111 -145 14 1
-101 -132 1 1
-117 -147 17 0
-117 -146 17 0
-118 -145 16 1
-117 -145 17 0
-118 -146 17 0
-119 -147 16 1
-119 -145 16 0
-120 -147 17 0
-120 -145 16 0
-121 -148 16 1
-121 -146 16 0
-120 -148 15 1
-120 -149 15 2
-121 -147 15 0
-120 -150 14 2
-120 -150 15 2
-118 -147 13 1
-117 -148 13 1
-117 -147 13 1
-106 -133 1 1
-106 -134 2 1
-106 -134 1 1
-106 -135 1 1
-106 -136 1 1
-106 -137 1 1
-106 -138 1 1
-106 -135 8 2
-106 -136 8 1
-115 -150 19 0
-106 -137 8 1
-104 -133 1 1
-114 -149 18 0
-117 -150 18 0
-104 -134 4 1
-104 -135 4 2
-105 -134 4 1
-105 -135 4 1
-105 -137 2 2
-105 -138 2 1
-103 -134 4 1
-115 -110 6 0
-149 -120 11 0
-148 -123 12 0
-109 -135 7 1
-110 -135 -1 1
-110 -136 1 1
-110 -136 0 1
-110 -136 -1 1
-111 -134 -1 1
-112 -134 -1 1
-111 -135 8 0
-111 -135 7 0
-112 -138 2 1
-113 -136 3 0
-114 -132 3 0
-114 -132 6 0
-113 -133 5 0
-114 -132 4 0
-113 -132 4 0
-113 -139 5 0
-112 -138 5 0
-117 -139 4 1
-117 -139 7 0
-116 -140 6 0
-115 -141 6 0
-117 -139 5 0
-114 -138 4 0
-114 -138 7 0
-114 -139 6 0
-114 -140 6 0
-113 -140 5 1
-115 -141 3 1
-115 -141 2 1
-147 -118 8 1
-148 -117 8 1
-148 -117 6 1
-148 -118 8 1
-150 -116 6 1
-150 -116 7 1
-148 -118 4 1
-149 -116 4 2
-149 -116 3 1
-150 -116 4 2
-149 -118 4 2
-147 -119 7 1
-147 -119 5 1
-148 -119 7 2
-148 -119 5 2
-149 -119 5 1
-148 -108 2 1
-148 -109 2 1
-148 -108 4 1
-148 -108 3 2
-148 -109 3 2
-150 -108 5 1
-148 -109 4 1
-149 -119 6 1
-149 -139 6 1
-127 -137 8 1
-127 -137 9 1
-127 -136 7 1
-127 -136 8 1
-127 -136 9 1
-127 -135 7 1
-127 -135 8 1
-127 -135 9 1
-130 -136 7 0
-130 -134 6 1
-140 -125 8 0
-140 -125 7 0
-141 -124 9 1
-139 -101 2 1
-112 -110 6 0
-138 -101 4 0
-149 -121 9 0
-150 -120 9 0
-149 -121 12 0
-150 -120 11 0
-149 -121 10 0
-150 -120 10 0
-117 -114 5 0
-119 -113 4 0
-119 -112 4 0
-119 -112 6 0
-119 -112 5 0
-138 -139 9 1
-138 -138 9 1
-138 -137 9 1
-137 -144 3 0
-108 -123 4 0
-110 -106 2 0
-111 -105 3 0
-111 -104 3 0
-148 -103 2 2
-147 -104 2 2
-147 -103 2 2
-128 -102 4 1
-128 -102 3 1
-128 -102 2 2
-125 -101 4 1
-125 -101 3 1
-125 -101 2 1
-126 -101 4 1
-126 -101 2 1
-127 -101 4 1
-128 -101 4 1
-127 -101 3 2
-127 -101 2 1
-127 -101 1 1
-118 -105 6 0
-120 -104 9 0
-133 -136 3 1
-133 -136 4 1
-132 -138 2 1
-132 -137 2 1
-132 -136 2 1
-132 -136 3 1
-132 -136 4 1
-131 -138 2 1
-131 -138 3 1
-107 -102 7 0
-136 -138 6 1
-104 -101 8 0
-107 -101 8 0
-136 -139 6 2
-106 -102 8 0
-105 -101 8 0
-136 -140 6 1
-136 -140 5 2
-130 -127 5 1
-147 -104 4 2
-115 -139 12 0
-114 -139 11 1
-115 -139 10 0
-116 -142 10 0
-116 -140 9 0
-147 -103 4 2
-145 -101 3 0
-115 -141 13 1
-114 -143 14 1
-114 -142 14 2
-114 -141 14 1
-113 -143 14 1
-113 -142 14 2
-113 -141 14 2
-112 -143 14 1
-112 -142 14 1
-112 -141 14 2
-116 -141 13 0
-115 -140 12 0
-116 -142 12 0
-113 -139 12 1
-115 -142 13 1
-113 -144 13 1
-116 -140 12 0
-116 -141 11 0
-115 -139 11 0
-114 -133 4 0
-113 -134 5 0
-149 -128 10 1
-150 -127 10 1
-114 -143 15 2
-114 -142 15 1
-114 -141 15 1
-113 -143 15 2
-113 -142 15 2
-113 -141 15 2
-112 -143 15 2
-112 -142 15 2
-112 -141 15 2
-115 -139 13 0
-116 -141 12 0
-114 -139 12 1
-113 -139 13 1
-112 -139 13 1
-111 -141 13 1
-114 -112 5 0
-115 -112 4 0
-114 -112 4 0
-116 -111 5 0
-115 -111 5 0
-116 -111 4 1
-147 -113 8 1
-147 -113 7 1
-147 -113 6 1
-116 -140 13 0
-115 -140 13 0
-113 -140 14 1
-112 -140 14 2
-114 -139 13 1
-115 -144 14 1
-115 -143 14 1
-149 -146 9 0
-149 -147 9 0
-149 -145 10 0
-149 -146 10 0
-149 -147 11 0
-149 -145 8 0
-149 -146 8 0
-149 -147 8 0
-148 -145 9 0
-146 -146 9 0
-147 -145 10 0
-147 -146 11 0
-148 -145 8 0
-146 -146 8 0
-149 -143 13 0
-149 -143 8 0
-149 -143 7 0
-149 -143 6 0
-149 -143 5 0
-130 -139 5 1
-132 -141 5 1
-123 -101 6 0
-133 -146 6 0
-132 -145 5 0
-130 -147 6 0
-130 -147 8 0
-130 -146 5 0
-130 -147 5 0
-128 -145 6 0
-129 -145 7 0
-128 -145 5 0
-130 -143 9 0
-130 -143 10 0
-130 -143 5 0
-130 -143 3 0
-122 -142 2 1
-122 -142 3 1
-122 -142 10 0
-122 -142 9 0
-122 -142 8 0
-119 -145 4 0
-120 -144 5 0
-120 -143 5 0
-119 -145 7 0
-119 -145 6 0
-119 -144 6 0
-120 -143 6 0
-122 -146 4 0
-122 -145 5 0
-122 -146 7 0
-122 -146 6 0
-124 -145 4 0
-124 -139 4 0
-122 -138 4 0
-122 -139 5 0
-122 -138 6 0
-119 -139 4 1
-120 -140 5 0
-120 -141 5 0
-119 -140 7 0
-120 -140 7 0
-119 -139 6 0
-119 -140 6 0
-120 -141 6 0
-118 -142 4 1
-115 -142 14 1
-114 -144 14 1
-113 -144 14 1
-112 -134 0 1
-112 -134 1 1
-112 -134 2 1
-111 -136 2 1
-114 -143 16 1
-114 -142 16 1
-114 -141 16 1
-113 -143 16 1
-113 -142 16 1
-113 -141 16 1
-112 -143 16 1
-112 -142 16 1
-112 -141 16 1
-147 -103 10 1
-147 -102 10 1
-146 -104 9 1
-146 -104 10 1
-136 -142 8 0
-133 -142 6 0
-134 -143 7 0
-135 -144 7 0
-145 -139 8 1
-131 -116 7 0
-118 -111 2 1
-110 -119 5 0
-109 -119 6 0
-132 -145 6 0
-133 -145 7 0
-132 -145 9 0
-133 -145 9 0
-132 -145 8 0
-135 -143 7 0
-143 -138 5 1
-137 -145 7 0
-135 -143 9 0
-136 -144 9 0
-134 -142 8 0
-135 -143 8 0
-140 -146 4 0
-140 -146 5 0
-140 -146 6 0
-140 -146 12 0
-140 -146 11 0
-140 -146 9 0
-137 -149 7 0
-138 -148 7 0
-126 -140 6 1
-127 -141 7 1
-127 -140 8 1
-127 -141 5 0
-126 -140 5 0
-129 -139 6 0
-129 -140 7 0
-129 -139 8 0
-129 -139 5 0
-132 -140 8 0
-130 -142 5 0
-131 -141 5 0
-130 -144 5 0
-149 -101 11 0
-149 -101 10 0
-149 -101 9 0
-146 -105 5 1
-147 -105 5 2
-148 -105 5 1
-147 -104 9 1
-148 -102 8 1
-146 -105 8 1
-146 -105 7 1
-146 -105 6 1
-147 -105 8 2
-112 -108 3 0
-122 -122 5 0
-150 -126 11 0
-149 -127 11 0
-150 -126 12 0
-150 -127 13 0
-149 -127 10 1
-102 -127 8 0
-107 -123 5 0
-108 -123 5 0
-108 -123 7 0
-107 -123 4 0
-148 -140 5 1
-107 -126 7 0
-104 -126 6 0
-111 -117 6 0
-127 -115 5 0
-127 -115 7 0
-127 -115 6 0
-131 -103 5 1
-117 -111 5 0
-147 -137 9 1
-105 -108 6 0
-104 -107 6 0
-105 -109 6 0
-102 -108 5 0
-104 -111 5 0
-124 -122 4 1
-124 -122 3 2
-124 -122 2 1
-123 -123 7 0
-121 -120 4 1
-121 -119 2 1
-121 -119 3 2
-121 -119 4 1
-122 -120 5 0
-108 -101 3 1
-147 -138 9 2
-146 -137 8 1
-146 -137 7 1
-146 -137 6 1
-146 -138 8 2
-146 -138 7 2
-146 -138 6 2
-107 -101 1 1
-107 -101 2 2
-107 -101 3 1
-110 -104 3 0
-147 -137 6 1
-103 -124 5 0
-145 -105 3 1
-101 -119 3 1
-101 -118 3 1
-102 -119 4 0
-102 -119 5 0
-146 -147 10 0
-107 -132 3 2
-107 -132 5 0
-142 -147 4 0
-142 -147 5 0
-142 -147 6 0
-149 -108 7 0
-150 -111 6 1
-150 -111 9 0
-147 -103 3 2
-105 -123 5 0
-105 -123 9 0
-104 -124 6 0
-104 -124 8 0
-104 -124 7 0
-105 -125 6 0
-105 -125 8 0
-105 -125 7 0
-105 -124 7 0
-103 -123 6 0
-135 -141 8 0
-135 -142 9 0
-135 -141 9 0
-135 -142 7 0
-138 -141 8 0
-139 -144 6 0
-133 -146 8 0
-132 -147 8 0
-133 -146 9 0
-132 -147 9 0
-133 -146 7 0
-132 -147 6 0
-101 -117 1 1
-101 -117 2 1
-101 -117 3 1
-134 -144 4 0
-134 -144 5 0
-134 -144 6 0
-134 -144 12 0
-134 -144 11 0
-134 -144 10 0
-134 -144 9 0
-150 -129 5 2
-150 -129 4 1
-150 -123 5 2
-150 -124 6 1
-150 -124 5 2
-150 -125 6 1
-150 -125 5 1
-150 -125 7 1
-149 -130 6 1
-149 -130 5 1
-149 -130 4 1
-149 -131 6 1
-138 -103 2 1
-113 -139 -1 1
-113 -139 0 1
-113 -138 -1 1
-113 -137 -1 1
-148 -127 9 1
-148 -127 10 1
-147 -129 8 2
-147 -129 9 1
-147 -129 10 1
-147 -128 8 1
-147 -128 10 1
-147 -127 8 1
-147 -127 9 1
-147 -127 10 1
-146 -129 8 1
-146 -129 9 2
-146 -129 10 1
-146 -128 8 1
-146 -128 9 2
-146 -128 10 1
-146 -127 8 1
-131 -134 10 1
-128 -134 8 1
-132 -132 9 2
-131 -132 9 1
-101 -113 8 0
-103 -113 6 0
-103 -115 6 0
-102 -113 6 0
-103 -114 8 0
-101 -114 8 0
-102 -115 8 0
-102 -114 6 0
-103 -116 6 0
-101 -115 8 0
-127 -134 7 0
-134 -106 5 0
-128 -127 8 0
-126 -128 8 0
-130 -128 8 0
-127 -127 8 0
-129 -127 9 0
-129 -128 8 0
-130 -129 9 0
-128 -128 9 0
-129 -129 10 0
-114 -108 3 1
-112 -110 3 0
-112 -109 4 0
-114 -108 5 0
-115 -107 -1 1
-120 -105 7 0
-121 -105 6 0
-121 -105 8 0
-112 -112 7 0
-113 -111 6 0
-113 -111 7 0
-112 -111 7 0
-115 -112 6 0
-123 -126 6 0
-110 -114 6 0
-110 -114 7 0
-110 -113 5 0
-111 -114 6 0
-122 -121 4 1
-122 -121 3 1
-122 -121 2 1
-123 -121 4 1
-123 -121 3 1
-123 -121 2 1
-124 -121 4 1
-109 -103 -1 1
-109 -104 1 1
-109 -104 0 1
-109 -104 -1 1
-150 -138 12 0
-149 -138 12 0
-149 -139 11 1
-148 -139 11 1
-150 -135 8 1
-150 -134 8 1
-150 -133 8 1
-150 -133 9 1
-149 -135 8 1
-149 -134 8 2
-149 -133 8 1
-148 -135 8 1
-148 -134 8 1
-148 -133 8 1
-113 -101 2 1
-113 -101 1 1
-111 -102 3 1
-110 -101 3 1
-123 -124 4 1
-110 -101 2 1
-145 -148 2 0
-144 -145 2 0
-143 -148 3 0
-143 -146 3 0
-144 -148 3 0
-137 -146 6 0
-144 -147 3 0
-145 -148 4 0
-145 -147 3 0
-144 -147 4 0
-146 -147 5 0
-144 -147 5 0
-146 -146 1 1
-147 -146 1 0
-145 -147 1 1
-147 -145 1 0
-147 -148 1 0
-147 -147 2 0
-145 -146 2 0
-146 -147 2 0
-145 -147 2 0
-146 -148 2 0
-145 -145 3 0
-145 -148 3 0
-147 -144 3 0
-144 -146 3 0
-145 -146 3 0
-146 -148 3 0
-145 -147 4 0
-145 -145 4 0
-146 -146 5 0
-146 -146 4 0
-148 -146 1 0
-149 -146 1 0
-147 -147 1 0
-148 -147 2 0
-146 -145 2 0
-147 -146 2 0
-147 -148 2 0
-147 -144 2 0
-146 -146 2 0
-148 -148 3 0
-146 -145 3 0
-146 -147 3 0
-148 -145 3 0
-149 -148 3 0
-146 -146 3 0
-147 -146 3 0
-147 -148 4 0
-147 -147 3 0
-147 -144 4 0
-147 -145 3 0
-146 -147 4 0
-148 -145 4 0
-148 -148 4 0
-148 -147 4 0
-147 -146 4 0
-147 -147 5 0
-147 -147 4 0
-148 -147 5 0
-147 -146 5 0
-109 -128 2 1
-109 -128 1 1
-108 -129 8 0
-108 -129 7 0
-108 -129 6 0
-123 -139 4 0
-125 -141 5 0
-142 -138 6 1
-141 -136 9 1
-123 -139 6 0
-122 -142 4 1
-122 -142 7 0
-119 -101 7 0
-130 -134 7 1
-145 -104 4 1
-119 -150 18 0
-118 -143 6 0
-120 -150 18 0
-108 -127 1 1
-116 -143 5 0
-117 -143 5 0
-118 -143 5 0
-119 -143 5 0
-116 -145 12 1
-148 -112 10 0
-116 -141 10 0
-148 -111 10 0
-114 -139 10 0
-115 -140 10 0
-112 -140 13 2
-112 -141 13 1
-112 -142 13 1
-113 -140 13 2
-113 -141 13 2
-113 -142 13 2
-145 -122 6 1
-145 -123 6 1
-145 -124 6 1
-115 -141 11 1
-110 -144 9 1
-102 -111 4 0
-125 -116 7 1
-104 -108 5 0
-132 -124 4 1
-133 -124 4 1
-126 -125 4 1
-102 -129 7 0
-102 -128 7 0
-103 -128 8 0
-144 -122 9 1
-101 -127 8 0
-142 -124 9 1
-101 -127 7 0
-141 -125 7 0
-141 -125 9 0
-141 -125 8 0
-127 -122 6 1
-127 -122 5 1
-131 -119 4 0
-127 -122 4 1
-124 -125 6 0
-131 -138 6 0
-150 -123 10 0
-138 -101 1 2
-138 -101 0 1
-138 -101 3 0
-139 -101 1 2
-133 -126 5 1
-132 -128 3 1
-132 -128 4 1
-132 -127 3 1
-132 -126 3 1
-132 -126 4 1
-131 -128 3 1
-131 -127 3 1
-131 -126 3 1
-131 -126 4 1
-132 -124 6 0
-132 -124 5 0
-131 -125 3 1
-131 -125 4 1
-130 -127 3 1
-130 -126 3 1
-130 -125 3 1
-129 -127 3 1
-129 -126 3 1
-129 -125 3 1
-131 -124 5 0
-107 -128 0 1
-144 -145 0 1
-144 -145 1 1
-148 -140 12 0
-147 -140 9 0
-127 -109 6 0
-128 -109 6 0
-128 -110 5 0
-104 -101 6 0
-132 -125 3 1
-132 -124 2 1
-132 -123 2 1
-132 -123 3 2
-131 -125 2 1
-130 -123 3 1
-129 -119 2 1
-129 -119 1 2
-129 -119 0 1
-129 -120 2 1
-129 -120 1 2
-129 -120 0 1
-129 -121 2 2
-127 -103 5 1
-113 -135 5 0
-113 -133 6 0
-113 -133 3 0
-116 -134 4 0
-115 -135 6 0
-115 -134 6 0
-115 -135 3 0
-116 -134 3 0
-114 -143 5 0
-106 -125 3 0
-106 -124 5 0
-106 -125 5 0
-106 -123 4 0
-106 -124 4 0
-128 -135 5 0
-133 -134 4 1
-133 -135 4 1
-129 -134 5 1
-128 -136 6 0
-130 -132 9 1
-102 -112 8 0
-103 -113 7 0
-103 -113 8 0
-135 -113 9 1
-136 -114 9 0
-135 -112 10 0
-137 -113 10 0
-137 -113 9 0
-138 -112 10 0
-136 -113 10 0
-134 -111 6 1
-134 -110 6 1
-135 -116 8 1
-140 -114 6 1
-140 -114 7 1
-140 -114 8 1
-139 -114 6 1
-139 -114 7 1
-138 -114 6 1
-133 -113 7 1
-133 -113 8 1
-148 -104 10 1
-150 -134 10 1
-141 -146 5 0
-141 -146 4 0
-136 -146 8 0
-136 -146 9 0
-135 -144 8 0
-134 -143 8 0
-133 -142 8 0
-134 -143 9 0
-133 -142 9 0
-144 -123 9 1
-144 -125 7 1
-145 -124 7 1
-144 -126 7 0
-128 -126 9 0
-130 -126 8 0
-131 -128 8 0
-129 -125 8 0
-131 -126 8 0
-131 -129 8 1
-130 -125 8 0
-130 -125 5 1
-130 -125 6 1
-130 -125 7 1
-130 -124 5 1
-130 -124 6 1
-130 -124 7 1
-130 -123 5 1
-128 -143 8 0
-130 -123 6 1
-130 -123 7 1
-129 -123 5 1
-133 -140 8 0
-133 -142 5 0
-135 -142 3 1
-134 -142 3 1
-134 -142 4 1
-133 -141 3 1
-110 -127 6 0
-110 -127 3 0
-108 -133 6 0
-105 -132 4 0
-105 -132 6 0
-105 -132 3 0
-127 -117 3 1
-126 -119 1 2
-118 -116 6 0
-117 -116 5 0
-118 -116 5 0
-119 -117 4 1
-119 -117 3 1
-119 -117 2 1
-119 -118 4 1
-119 -118 3 1
-119 -118 2 1
-139 -104 0 1
-140 -102 1 1
-140 -102 0 1
-140 -103 1 2
-140 -103 0 1
-140 -104 1 1
-140 -104 0 1
-137 -103 1 1
-137 -103 0 1
-138 -102 0 1
-138 -103 1 1
-138 -103 0 1
-139 -102 1 1
-139 -102 0 1
-139 -103 1 2
-139 -103 0 1
-138 -102 1 2
-134 -103 1 1
-134 -103 0 1
-135 -103 1 1
-135 -103 0 1
-136 -103 1 1
-136 -103 0 1
-137 -102 1 2
-137 -102 0 1
-139 -104 4 1
-139 -105 5 1
-139 -105 4 1
-139 -105 3 1
-139 -106 5 1
-139 -106 4 1
-139 -106 3 1
-137 -104 1 1
-137 -105 1 1
-134 -104 1 1
-135 -104 1 1
-108 -130 3 1
-106 -128 3 0
-109 -130 4 0
-109 -129 4 0
-109 -128 4 0
-109 -127 4 0
-117 -109 7 1
-117 -110 9 1
-112 -137 16 1
-111 -138 17 0
-112 -139 17 0
-114 -137 17 0
-112 -138 18 1
-131 -126 5 2
-131 -126 6 2
-131 -126 7 1
-102 -118 1 1
-142 -103 3 0
-142 -103 6 0
-143 -102 6 1
-142 -103 5 0
-143 -102 5 1
-149 -140 7 1
-149 -140 6 1
-130 -101 8 0
-130 -101 7 0
-101 -124 7 0
-101 -125 5 0
-106 -119 4 0
-106 -120 4 0
-105 -121 4 0
-106 -119 5 0
-106 -120 5 0
-104 -118 4 0
-104 -118 7 0
-104 -119 6 0
-104 -120 6 0
-104 -118 5 0
-101 -119 4 0
-102 -120 5 0
-103 -121 5 0
-101 -122 4 0
-102 -122 4 0
-138 -142 9 0
-129 -120 6 1
-101 -122 5 0
-132 -117 5 0
-138 -144 10 0
-138 -144 11 0
-138 -143 10 0
-106 -102 3 1
-137 -144 10 0
-137 -144 11 0
-137 -143 10 0
-137 -143 11 0
-129 -101 3 1
-129 -102 4 1
-129 -102 3 1
-129 -103 4 1
-130 -102 3 2
-130 -103 3 1
-113 -140 7 1
-113 -141 9 1
-107 -122 7 0
-105 -122 6 0
-136 -102 0 1
-113 -139 3 1
-111 -131 3 1
-106 -141 5 2
-106 -141 6 2
-105 -144 4 2
-104 -146 4 1
-104 -145 4 1
-104 -144 4 1
-105 -145 3 1
-105 -143 4 1
-108 -143 3 1
-107 -143 3 2
-106 -143 3 2
-107 -143 2 1
-106 -143 2 1
-105 -145 2 1
-105 -144 2 1
-105 -144 3 1
-105 -143 2 1
-105 -143 3 2
-141 -107 8 1
-140 -107 8 2
-140 -106 8 2
-140 -105 8 1
-135 -121 9 0
-137 -120 9 0
-136 -122 9 0
-133 -120 8 0
-136 -121 8 0
-142 -107 11 0
-141 -107 10 0
-142 -107 9 0
-142 -108 10 0
-140 -106 9 1
-142 -108 9 0
-145 -108 7 1
-144 -108 7 1
-143 -108 7 1
-143 -108 8 1
-143 -108 9 1
-141 -104 6 1
-141 -104 7 1
-140 -104 6 1
-106 -125 4 0
-103 -124 3 0
-105 -125 3 0
-104 -125 5 0
-105 -125 5 0
-106 -126 4 0
-103 -124 4 0
-105 -125 4 0
-102 -127 3 1
-103 -127 3 1
-104 -127 3 0
-117 -115 3 1
-130 -117 5 0
-130 -117 7 0
-129 -117 6 0
-129 -119 7 0
-117 -115 4 1
-117 -114 2 1
-117 -114 3 1
-116 -113 5 0
-115 -113 5 0
-132 -146 4 0
-106 -121 5 0
-104 -119 4 0
-105 -124 0 1
-105 -125 2 1
-106 -123 2 1
-112 -142 3 1
-112 -141 3 1
-111 -143 3 1
-111 -142 3 1
-111 -141 3 2
-116 -149 6 1
-116 -149 7 1
-116 -113 6 0
-147 -141 6 0
-147 -143 6 0
-146 -143 7 0
-147 -120 4 1
-146 -141 9 0
-148 -120 4 1
-148 -121 4 1
-149 -120 5 2
-149 -120 4 2
-149 -120 6 1
-132 -118 0 1
-131 -119 0 1
-131 -118 0 1
-130 -119 0 1
-135 -103 3 0
-135 -102 3 0
-137 -104 2 1
-137 -103 4 0
-137 -104 3 1
-140 -102 2 1
-136 -103 2 1
-137 -102 2 1
-136 -103 5 0
-136 -103 3 0
-139 -104 2 1
-139 -104 5 1
-139 -104 3 1
-127 -122 7 1
-127 -122 8 1
-126 -124 8 1
-126 -123 8 1
-126 -122 7 1
-126 -122 8 1
-125 -124 7 1
-143 -136 7 2
-105 -128 4 0
-104 -128 4 0
-103 -128 4 1
-140 -104 2 1
-110 -133 3 1
-110 -133 2 1
-110 -134 2 1
-110 -135 4 2
-142 -146 1 1
-143 -148 2 0
-143 -145 2 0
-142 -147 2 0
-144 -149 2 0
-142 -145 2 0
-143 -146 2 0
-142 -148 3 0
-142 -146 3 0
-143 -149 3 0
-143 -145 3 0
-144 -145 4 0
-144 -148 4 0
-142 -146 4 0
-143 -148 4 0
-143 -147 3 0
-141 -122 8 1
-141 -122 9 1
-141 -124 6 1
-141 -123 6 1
-141 -122 6 1
-141 -129 8 1
-107 -122 6 0
-132 -122 7 1
-133 -121 6 0
-132 -120 6 0
-133 -121 7 0
-132 -121 5 0
-132 -123 6 0
-109 -143 7 1
-109 -102 1 1
-150 -139 8 1
-131 -115 7 0
-132 -114 5 2
-133 -115 4 1
-133 -115 5 1
-124 -127 3 1
-124 -127 2 1
-125 -125 7 1
-117 -143 4 1
-116 -145 4 1
-116 -144 4 1
-128 -104 4 1
-128 -104 5 1
-128 -103 4 1
-138 -125 5 1
-138 -124 3 1
-138 -124 5 1
-138 -123 3 1
-138 -123 4 1
-138 -123 5 1
-137 -125 3 1
-137 -125 4 1
-137 -125 5 1
-137 -124 3 1
-140 -143 6 0
-147 -140 10 0
-149 -140 12 0
-105 -136 14 2
-105 -137 16 1
-105 -137 15 2
-105 -137 14 1
-105 -138 16 1
-105 -138 15 2
-105 -138 14 1
-105 -139 16 1
-105 -139 15 2
-105 -139 14 1
-105 -140 16 1
-105 -140 15 2
-105 -140 14 1
-106 -134 16 1
-106 -134 15 1
-106 -134 14 1
-107 -139 17 0
-106 -138 17 0
-106 -136 17 0
-107 -137 18 0
-106 -138 16 1
-106 -138 15 2
-106 -138 14 1
-109 -133 14 1
-109 -134 16 1
-116 -140 11 0
-115 -141 12 1
-112 -143 13 1
-113 -143 13 1
-113 -139 9 0
-116 -140 10 0
-113 -139 11 1
-105 -108 5 0
-102 -109 5 0
-103 -108 5 0
-102 -127 5 0
-145 -122 7 1
-137 -142 9 0
-113 -112 8 0
-117 -116 2 1
-118 -114 4 1
-124 -116 2 1
-124 -116 3 2
-123 -118 2 1
-123 -118 3 2
-142 -142 4 2
-142 -142 5 1
-132 -125 9 1
-145 -140 4 2
-145 -140 5 1
-145 -139 3 1
-145 -139 4 1
-146 -140 6 0
-131 -133 6 2
-131 -133 5 1
-132 -133 7 1
-107 -101 -1 1
-107 -101 0 1
-145 -104 5 1
-145 -103 3 2
-145 -103 4 2
-145 -103 5 2
-135 -124 1 1
-136 -122 3 1
-136 -122 2 1
-136 -122 1 1
-136 -123 3 1
-136 -123 2 1
-136 -123 1 1
-136 -124 3 1
-136 -124 2 1
-136 -124 1 1
-135 -123 2 2
-134 -121 3 1
-134 -124 3 1
-135 -119 5 1
-135 -119 4 1
-135 -119 3 1
-135 -120 4 1
-135 -120 3 1
-135 -121 4 1
-107 -101 5 0
-103 -103 5 0
-107 -104 5 0
-122 -119 2 1
-122 -120 4 1
-122 -120 2 1
-123 -119 4 1
-104 -133 15 0
-105 -133 15 0
-106 -133 14 1
-104 -132 14 0
-112 -137 0 1
-112 -137 -1 1
-112 -138 1 1
-112 -138 0 1
-112 -138 -1 1
-112 -139 1 1
-112 -139 0 1
-112 -139 -1 1
-113 -137 0 2
-108 -128 6 0
-106 -126 5 0
-109 -126 6 0
-108 -123 3 0
-108 -124 3 0
-120 -142 6 0
-108 -123 6 0
-128 -142 5 0
-127 -141 8 1
-128 -141 7 0
-128 -142 7 0
-127 -140 6 1
-130 -121 4 1
-130 -120 4 1
-132 -119 4 0
-129 -122 4 1
-130 -119 3 0
-129 -120 3 1
-129 -122 3 1
-129 -122 1 2
-129 -122 2 1
-129 -121 3 2
-128 -122 1 2
-128 -122 2 1
-128 -122 3 1
-128 -121 1 2
-128 -121 2 1
-128 -121 3 1
-128 -120 1 2
-128 -120 2 2
-128 -120 3 1
-129 -122 0 1
-128 -124 0 1
-128 -124 1 1
-128 -124 2 1
-128 -123 0 1
-128 -123 1 2
-106 -102 7 0
-104 -102 7 0
-107 -103 7 0
-105 -104 8 0
-101 -133 6 1
-105 -102 8 0
-105 -102 7 0
-106 -103 8 0
-105 -103 8 0
-107 -136 5 1
-103 -144 8 1
-103 -143 6 1
-103 -143 7 1
-103 -143 8 1
-146 -119 7 1
-147 -124 4 2
-148 -122 6 1
-148 -122 5 2
-148 -122 4 1
-148 -123 6 1
-148 -123 5 1
-149 -142 6 0
-149 -124 3 1
-149 -125 5 2
-149 -125 3 1
-149 -125 4 2
-149 -125 6 1
-149 -126 7 0
-149 -124 7 0
-148 -114 4 1
-148 -114 3 1
-149 -113 4 2
-149 -113 3 2
-149 -113 2 1
-149 -114 2 1
-148 -115 4 1
-148 -115 3 1
-149 -136 7 1
-150 -137 4 1
-148 -136 7 1
-148 -135 7 1
-142 -141 3 1
-142 -141 4 1
-142 -141 5 1
-142 -140 3 1
-142 -140 4 2
-142 -140 5 2
-142 -139 3 1
-142 -139 4 1
-121 -102 8 0
-120 -103 6 0
-122 -101 9 0
-122 -101 5 0
-115 -105 4 1
-115 -104 2 1
-113 -108 0 1
-131 -131 5 1
-136 -102 4 0
-135 -102 5 1
-135 -102 2 1
-135 -103 2 1
-140 -147 9 0
-140 -147 10 0
-150 -133 5 1
-150 -134 6 1
-150 -134 5 1
-149 -134 6 2
-150 -134 7 1
-149 -135 4 1
-150 -135 4 1
-150 -136 4 1
-150 -136 7 1
-149 -135 7 1
-150 -133 4 1
-150 -132 8 0
-148 -136 6 1
-148 -136 5 1
-140 -124 6 0
-128 -128 3 1
-127 -128 2 1
-127 -128 3 2
-143 -103 2 1
-142 -103 4 0
-141 -103 4 0
-142 -102 5 0
-142 -102 3 0
-141 -103 3 0
-128 -132 8 0
-129 -131 8 0
-127 -133 8 0
-128 -131 8 0
-130 -131 8 1
-126 -132 8 0
-132 -131 8 2
-131 -131 8 1
-126 -132 7 0
-150 -124 4 2
-150 -124 3 1
-149 -126 5 1
-149 -126 4 2
-149 -126 3 1
-149 -127 7 1
-149 -128 7 1
-149 -129 7 1
-149 -126 6 1
-149 -125 7 0
-150 -125 8 0
-150 -125 4 2
-150 -125 3 1
-129 -121 6 2
-127 -120 5 0
-126 -119 0 1
-126 -120 0 1
-127 -118 0 1
-126 -123 1 1
-124 -120 3 1
-149 -142 10 0
-150 -142 10 0
-146 -103 5 2
-126 -117 5 1
-126 -118 6 0
-124 -119 6 0
-125 -118 6 0
-146 -104 3 1
-126 -140 8 1
-124 -143 5 0
-124 -143 6 1
-129 -143 2 0
-129 -143 3 0
-129 -143 4 0
-101 -113 7 0
-101 -110 4 0
-140 -141 8 0
-137 -137 5 1
-137 -137 6 1
-140 -138 4 1
-140 -137 4 1
-139 -138 4 1
-139 -137 4 1
-141 -138 3 1
-140 -138 3 1
-139 -142 3 1
-139 -142 4 1
-139 -142 5 1
-138 -142 3 1
-144 -146 1 1
-146 -148 1 1
-145 -145 1 1
-144 -147 1 1
-146 -147 1 1
-145 -146 0 2
-146 -147 -1 1
-146 -147 0 1
-146 -146 -1 1
-146 -146 0 1
-146 -145 -1 1
-146 -145 0 1
-145 -148 -1 1
-146 -148 0 1
-146 -148 -1 1
-143 -147 1 1
-144 -148 1 1
-131 -120 0 1
-130 -122 0 1
-130 -121 0 1
-130 -120 0 1
-131 -123 1 1
-126 -118 2 1
-126 -118 3 2
-126 -117 1 1
-126 -117 2 1
-126 -117 3 2
-125 -122 1 1
-125 -121 1 1
-125 -121 2 2
-125 -121 3 1
-125 -120 1 1
-125 -120 2 1
-125 -120 3 2
-128 -118 0 1
-125 -119 3 2
-125 -119 4 1
-130 -133 7 1
-130 -133 6 1
-149 -103 7 0
-149 -102 8 0
-149 -103 9 0
-149 -102 6 0
-149 -103 6 0
-146 -106 9 1
-146 -106 10 1
-146 -105 9 1
-146 -105 10 1
-149 -106 8 0
-150 -103 9 0
-112 -101 0 1
-110 -101 1 1
-109 -101 3 1
-109 -101 2 1
-106 -101 3 1
-128 -106 5 1
-148 -140 7 0
-147 -137 8 1
-146 -139 6 1
-146 -139 8 1
-147 -139 9 1
-108 -101 2 1
-108 -101 1 1
-107 -102 1 1
-108 -102 3 1
-150 -109 7 0
-150 -110 7 0
-150 -107 8 0
-150 -108 8 0
-150 -109 9 0
-150 -109 6 1
-150 -110 6 1
-147 -109 7 0
-149 -107 8 0
-148 -108 9 1
-147 -108 9 1
-147 -109 6 0
-150 -106 9 0
-150 -106 10 0
-104 -104 5 0
-106 -105 5 0
-105 -128 0 1
-105 -128 1 1
-105 -128 2 1
-105 -127 0 1
-105 -127 1 1
-105 -127 2 1
-112 -146 16 1
-112 -146 15 2
-112 -146 14 1
-110 -147 16 1
-110 -147 15 1
-110 -147 14 1
-111 -147 16 1
-111 -147 15 1
-111 -147 14 1
-115 -146 17 0
-113 -147 17 0
-113 -148 18 0
-131 -124 7 1
-131 -125 9 1
-135 -126 8 2
-135 -126 7 1
-137 -121 9 0
-134 -122 9 1
-137 -119 6 0
-134 -121 8 0
-137 -121 8 0
-133 -119 8 0
-134 -120 9 0
-136 -121 9 0
-136 -119 6 0
-134 -118 6 0
-134 -119 7 0
-134 -120 8 0
-134 -118 8 0
-136 -119 8 0
-134 -119 8 0
-137 -119 8 0
-135 -119 9 0
-136 -119 9 0
-137 -117 10 0
-136 -118 9 0
-135 -117 10 0
-111 -136 16 1
-113 -136 16 0
-110 -138 16 1
-112 -136 15 0
-112 -137 13 1
-112 -137 14 1
-112 -137 15 1
-111 -137 13 1
-136 -117 7 0
-133 -115 8 1
-133 -115 7 1
-133 -116 8 1
-133 -116 7 1
-133 -116 6 1
-137 -116 7 1
-137 -116 6 1
-138 -115 6 1
-138 -116 8 1
-138 -116 7 1
-138 -116 6 1
-139 -115 8 1
-139 -115 7 1
-139 -115 6 1
-139 -116 8 1
-139 -116 7 1
-139 -116 6 1
-138 -115 7 2
-135 -117 8 0
-137 -116 8 1
-136 -117 8 0
-138 -115 9 0
-134 -117 9 0
-137 -117 9 0
-134 -115 9 0
-135 -117 9 0
-138 -116 10 0
-134 -116 10 0
-135 -116 9 0
-136 -117 10 0
-136 -109 8 1
-137 -110 8 1
-137 -113 8 1
-140 -113 7 1
-140 -113 8 1
-140 -113 9 1
-139 -113 7 2
-139 -113 8 1
-139 -113 9 1
-138 -113 7 1
-138 -113 8 1
-138 -113 9 1
-133 -112 8 1
-136 -112 8 1
-136 -112 6 1
-136 -112 7 2
-135 -112 6 1
-135 -112 7 1
-135 -112 8 2
-139 -112 5 1
-139 -111 5 1
-139 -110 5 1
-138 -112 5 1
-138 -111 5 1
-138 -110 5 1
-137 -112 5 1
-137 -111 5 1
-137 -110 5 1
-136 -112 11 0
-137 -112 11 0
-138 -115 8 1
-137 -115 8 1
-136 -116 8 1
-138 -114 9 0
-137 -116 9 0
-134 -114 9 0
-136 -116 9 0
-142 -122 5 1
-141 -124 5 1
-141 -123 5 1
-141 -122 5 1
-142 -127 6 0
-113 -108 1 1
-140 -127 6 0
-139 -127 7 0
-115 -113 3 1
-115 -112 1 1
-115 -112 2 1
-115 -112 3 1
-115 -111 1 1
-115 -111 2 2
-115 -111 3 1
-107 -119 6 0
-143 -105 6 1
-144 -105 7 1
-144 -105 6 2
-145 -105 7 1
-145 -105 6 1
-119 -107 6 0
-118 -106 7 0
-135 -140 5 1
-146 -103 4 2
-146 -103 3 2
-146 -104 5 1
-146 -104 4 1
-149 -131 5 1
-138 -147 5 0
-139 -147 4 0
-139 -147 5 0
-138 -148 4 0
-143 -138 11 1
-143 -139 10 1
-139 -146 3 0
-139 -145 4 0
-138 -147 3 0
-137 -147 4 0
-138 -145 3 0
-138 -148 3 0
-137 -146 3 0
-139 -145 3 0
-137 -148 3 0
-137 -145 2 0
-139 -148 3 0
-139 -149 2 0
-139 -146 2 0
-138 -147 2 0
-137 -147 2 0
-138 -145 2 0
-138 -148 2 0
-138 -146 2 0
-137 -146 1 1
-139 -148 1 0
-138 -147 1 1
-138 -146 0 2
-138 -147 -1 1
-138 -147 0 1
-138 -146 -1 1
-138 -146 1 1
-138 -145 -1 1
-138 -145 0 1
-138 -145 1 1
-137 -147 -1 1
-137 -147 0 1
-137 -147 1 1
-137 -146 -1 1
-137 -146 0 1
-137 -145 -1 1
-137 -145 0 1
-137 -145 1 1
-130 -110 5 0
-130 -112 6 0
-131 -112 6 0
-129 -105 3 1
-129 -112 8 0
-129 -112 3 2
-135 -123 4 1
-132 -122 4 1
-106 -126 6 0
-106 -126 7 0
-106 -134 3 1
-106 -134 4 1
-106 -134 5 1
-110 -135 5 1
-108 -135 6 1
-108 -134 2 1
-110 -133 5 0
-109 -133 6 0
-112 -131 4 0
-112 -132 6 0
-114 -107 7 1
-115 -105 9 1
-115 -105 8 1
-115 -105 7 1
-115 -106 9 1
-115 -106 7 1
-115 -107 9 1
-115 -107 8 1
-115 -107 7 1
-116 -105 9 1
-116 -105 8 1
-116 -105 7 1
-116 -106 9 1
-116 -106 8 1
-116 -106 7 1
-116 -107 9 1
-134 -145 5 0
-135 -147 4 0
-133 -146 4 0
-134 -146 3 0
-134 -147 4 0
-133 -145 3 0
-132 -105 7 0
-132 -106 6 0
-131 -104 6 0
-132 -107 5 0
-132 -105 5 0
-123 -150 15 0
-132 -105 3 1
-132 -105 4 1
-114 -139 2 1
-121 -150 17 0
-113 -139 2 1
-148 -129 4 1
-149 -127 6 1
-149 -127 5 1
-149 -127 4 1
-149 -128 6 1
-149 -128 4 1
-114 -107 4 1
-114 -107 3 1
-113 -104 4 1
-113 -104 3 1
-113 -104 2 1
-113 -105 4 1
-113 -105 3 1
-113 -105 2 1
-113 -106 4 1
-113 -106 3 1
-103 -104 1 1
-138 -137 6 1
-138 -137 7 1
-138 -137 8 1
-131 -135 16 0
-131 -136 15 0
-103 -103 3 1
-139 -141 8 0
-138 -142 8 0
-139 -143 6 0
-138 -138 4 1
-139 -138 3 1
-137 -142 3 1
-137 -142 4 1
-137 -142 5 1
-138 -143 6 0
-137 -138 4 1
-138 -138 3 1
-137 -138 3 1
-144 -103 0 1
-144 -102 0 2
-144 -102 -1 1
-136 -120 4 2
-137 -121 3 1
-137 -121 4 1
-137 -121 5 1
-137 -120 3 1
-137 -120 4 1
-137 -119 3 1
-137 -119 4 1
-137 -119 5 1
-136 -121 3 1
-136 -121 4 1
-136 -121 5 1
-136 -120 3 1
-136 -119 3 1
-136 -119 4 1
-136 -119 5 1
-135 -121 3 1
-117 -106 8 0
-126 -120 6 0
-116 -142 11 0
-115 -140 11 0
-114 -143 13 2
-114 -144 13 1
-114 -145 13 1
-115 -143 13 1
-115 -144 13 1
-115 -145 13 1
-115 -145 12 1
-116 -143 13 1
-116 -143 12 1
-116 -143 11 1
-116 -144 13 1
-116 -144 12 1
-116 -144 11 1
-116 -145 13 1
-125 -116 8 1
-125 -116 9 1
-124 -116 7 1
-124 -116 8 1
-124 -116 9 1
-123 -116 7 1
-123 -116 8 1
-123 -116 9 1
-126 -118 8 2
-127 -119 7 1
-127 -119 8 1
-127 -119 9 1
-127 -118 7 1
-127 -118 8 1
-127 -118 9 1
-127 -117 7 1
-127 -117 8 1
-127 -117 9 1
-126 -119 8 1
-126 -119 9 1
-126 -118 7 1
-126 -118 9 1
-126 -117 7 1
-126 -117 8 1
-126 -117 9 1
-125 -116 6 0
-124 -116 6 0
-123 -118 6 0
-124 -115 5 0
-127 -116 5 0
-123 -117 5 0
-105 -124 5 0
-105 -120 5 0
-105 -121 5 0
-147 -101 10 0
-146 -145 1 1
-145 -147 -1 1
-145 -147 0 2
-145 -146 -1 1
-145 -146 1 1
-145 -145 -1 1
-145 -145 0 1
-144 -147 -1 1
-144 -147 0 1
-144 -146 -1 1
-144 -146 0 1
-144 -145 -1 1
-112 -140 6 1
-112 -140 5 1
-112 -140 4 1
-131 -127 9 0
-129 -123 6 1
-129 -123 7 1
-128 -123 5 1
-128 -123 6 1
-128 -123 7 1
-131 -125 5 1
-131 -125 6 1
-131 -125 7 1
-128 -143 5 0
-130 -142 6 0
-129 -140 6 0
-130 -142 7 0
-129 -141 8 0
-129 -140 5 0
-131 -140 6 0
-131 -139 6 0
-131 -141 7 0
-131 -140 8 0
-131 -139 5 1
-135 -143 5 0
-134 -146 6 0
-134 -146 5 0
-131 -147 5 0
-101 -136 10 1
-101 -120 3 1
-101 -120 2 1
-137 -135 13 0
-137 -137 13 1
-114 -150 18 0
-123 -123 4 1
-140 -102 3 0
-150 -101 8 0
-127 -143 6 0
-139 -138 8 2
-139 -138 7 2
-139 -138 6 2
-139 -139 8 1
-139 -139 7 1
-139 -139 6 1
-129 -115 6 0
-128 -115 5 0
-128 -115 7 0
-128 -115 6 0
-128 -116 5 0
-113 -137 2 1
-113 -137 3 1
-108 -139 3 1
-108 -139 4 1
-108 -139 5 1
-108 -138 3 1
-108 -138 4 1
-108 -138 5 1
-108 -137 3 1
-108 -137 4 1
-108 -137 5 1
-108 -139 2 1
-108 -138 2 1
-108 -137 2 1
-113 -137 4 0
-111 -135 4 1
-113 -137 5 0
-112 -136 5 0
-111 -135 6 0
-129 -139 4 0
-126 -138 4 0
-126 -139 5 0
-126 -139 7 0
-115 -145 6 0
-114 -147 4 1
-116 -144 7 0
-132 -143 3 0
-138 -127 9 1
-132 -101 4 1
-132 -101 3 1
-129 -105 4 1
-121 -149 15 1
-121 -147 16 0
-121 -147 17 0
-119 -148 17 0
-120 -146 17 0
-105 -144 15 1
-105 -144 16 1
-104 -144 14 1
-104 -144 15 2
-107 -131 14 0
-103 -132 15 0
-105 -131 15 0
-104 -133 16 0
-106 -131 16 0
-106 -132 15 0
-104 -132 16 0
-105 -133 17 0
-101 -144 15 2
-101 -144 16 1
-104 -145 15 1
-106 -137 13 1
-106 -137 12 1
-108 -136 13 1
-107 -132 15 0
-129 -145 6 0
-129 -145 8 0
-129 -146 8 0
-129 -146 5 0
-131 -143 8 0
-131 -143 9 0
-131 -143 10 0
-131 -143 5 0
-131 -143 4 0
-131 -143 3 0
-150 -137 7 1
-150 -137 8 1
-149 -139 8 1
-111 -148 3 1
-112 -148 5 1
-112 -148 4 2
-112 -148 3 1
-112 -149 5 2
-112 -149 4 2
-112 -149 3 1
-112 -150 4 2
-112 -150 3 2
-111 -150 8 1
-112 -150 8 1
-113 -150 8 1
-113 -150 7 2
-113 -140 8 1
-128 -140 7 0
-110 -145 4 1
-110 -145 6 1
-110 -144 4 1
-110 -144 6 1
-110 -143 4 2
-110 -143 5 2
-110 -143 6 1
-109 -145 4 1
-109 -145 5 1
-109 -145 6 2
-109 -144 4 1
-109 -144 6 2
-109 -143 4 1
-109 -143 5 1
-146 -101 1 1
-147 -101 2 1
-142 -143 10 0
-138 -128 8 1
-123 -101 2 1
-138 -128 9 1
-138 -128 10 1
-138 -127 8 1
-138 -124 6 0
-105 -122 7 0
-104 -122 7 0
-137 -124 6 0
-138 -124 7 0
-137 -124 7 1
-109 -150 7 2
-109 -150 6 2
-109 -150 5 1
-110 -150 7 2
-110 -150 6 1
-110 -150 5 1
-126 -139 3 0
-125 -140 2 0
-126 -140 2 0
-125 -141 2 0
-123 -141 4 0
-124 -140 3 0
-124 -139 3 0
-123 -141 3 0
-127 -140 2 0
-124 -140 2 0
-125 -139 2 0
-124 -141 2 0
-123 -140 3 0
-123 -139 3 0
-123 -140 2 0
-123 -141 2 0
-122 -139 3 0
-122 -140 2 1
-124 -139 2 0
-122 -140 3 1
-114 -146 4 1
-123 -103 3 1
-123 -103 4 1
-123 -103 5 1
-123 -102 3 1
-123 -102 4 1
-123 -102 5 1
-123 -101 5 1
-124 -103 2 1
-124 -102 2 1
-123 -103 2 1
-104 -139 4 2
-104 -139 5 1
-104 -138 4 2
-104 -138 5 2
-103 -140 3 1
-103 -140 4 2
-103 -140 5 2
-128 -141 4 0
-128 -140 4 0
-128 -144 4 0
-130 -141 4 0
-126 -141 4 0
-129 -141 3 0
-129 -140 4 0
-128 -142 3 0
-127 -143 3 0
-127 -140 3 0
-130 -140 3 0
-128 -140 3 0
-127 -141 2 0
-129 -142 2 0
-128 -141 2 0
-104 -134 2 2
-104 -134 3 1
-103 -134 1 1
-103 -134 2 2
-119 -143 7 0
-119 -143 8 0
-119 -143 9 0
-119 -143 1 0
-105 -126 4 0
-106 -127 4 0
-104 -129 3 0
-141 -135 9 1
-106 -129 3 0
-141 -135 7 1
-140 -143 10 0
-104 -138 6 2
-104 -138 7 2
-104 -138 8 1
-104 -137 6 2
-104 -137 7 2
-104 -137 8 1
-104 -136 6 2
-124 -142 8 1
-104 -136 8 2
-124 -141 6 1
-124 -141 7 1
-124 -141 8 1
-126 -142 5 0
-125 -142 5 0
-124 -142 5 0
-123 -142 5 0
-124 -140 6 0
-127 -142 7 1
-127 -142 8 1
-127 -140 7 1
-102 -147 18 0
-102 -148 17 0
-103 -147 17 0
-102 -149 14 2
-102 -149 15 2
-102 -149 16 1
-101 -149 14 1
-147 -126 4 1
-147 -126 5 1
-146 -126 3 1
-146 -126 4 2
-146 -126 5 1
-103 -141 7 2
-103 -141 8 1
-107 -141 8 1
-107 -140 7 1
-107 -140 8 1
-106 -140 7 1
-106 -140 8 1
-105 -116 4 0
-104 -117 4 0
-127 -124 7 1
-128 -107 7 0
-128 -108 5 0
-128 -107 5 1
-129 -107 6 0
-129 -107 7 0
-129 -107 5 1
-146 -103 2 2
-146 -102 2 1
-148 -141 3 1
-145 -102 3 1
-127 -112 5 0
-129 -111 6 0
-129 -111 7 0
-150 -140 6 2
-115 -109 5 1
-115 -109 4 1
-115 -109 3 1
-115 -110 5 1
-115 -110 4 1
-115 -110 3 1
-102 -119 1 1
-143 -102 -1 1
-142 -102 -1 1
-141 -102 -1 1
-101 -118 6 0
-142 -123 5 1
-130 -125 9 0
-132 -126 9 1
-129 -125 9 0
-131 -128 9 0
-131 -125 8 1
-131 -127 8 0
-132 -127 8 0
-129 -124 8 1
-132 -125 8 1
-142 -124 5 1
-143 -123 5 1
-143 -124 5 1
-140 -123 6 0
-140 -123 8 0
-139 -124 6 0
-139 -124 8 0
-139 -124 7 0
-139 -125 6 0
-138 -125 7 0
-148 -124 7 1
-148 -124 11 0
-147 -126 8 0
-147 -126 10 0
-147 -126 9 0
-148 -125 9 0
-150 -123 8 0
-129 -117 2 1
-129 -118 4 1
-129 -118 3 1
-132 -118 6 0
-130 -119 5 0
-131 -119 5 0
-131 -119 7 0
-130 -119 6 0
-130 -120 5 1
-130 -120 7 1
-130 -120 6 1
-128 -133 2 1
-104 -108 4 1
-104 -110 4 0
-102 -109 4 0
-105 -109 5 0
-103 -107 5 0
-103 -109 3 1
-103 -108 1 1
-103 -108 3 1
-130 -129 10 0
-131 -133 11 2
-132 -133 11 2
-133 -133 11 2
-133 -133 10 1
-133 -133 9 1
-123 -117 8 1
-123 -117 7 1
-123 -118 9 1
-123 -118 8 1
-144 -132 10 0
-146 -133 9 1
-144 -134 9 2
-146 -134 8 2
-147 -135 7 1
-147 -135 8 1
-142 -134 15 0
-142 -136 15 0
-141 -134 16 0
-140 -134 15 0
-141 -135 15 0
-141 -136 16 0
-139 -133 13 1
-139 -133 12 1
-139 -133 11 1
-139 -134 11 1
-139 -135 11 1
-140 -133 13 2
-140 -133 12 1
-140 -133 11 1
-140 -134 11 1
-104 -104 6 0
-105 -104 6 0
-103 -105 7 0
-106 -105 7 0
-104 -104 7 0
-105 -105 6 0
-104 -106 4 0
-103 -105 3 1
-103 -105 2 1
-150 -118 10 0
-149 -114 12 0
-150 -115 11 0
-149 -114 10 0
-148 -117 9 0
-150 -117 9 0
-148 -117 12 0
-149 -113 8 0
-150 -132 12 0
-148 -113 11 0
-150 -132 13 0
-148 -113 10 0
-150 -132 11 0
-150 -132 10 0
-149 -113 10 0
-113 -106 0 1
-112 -108 -1 1
-112 -108 0 1
-112 -108 1 1
-112 -107 -1 1
-112 -107 0 1
-112 -107 1 1
-114 -109 0 1
-111 -107 -1 1
-112 -105 1 1
-112 -105 0 1
-130 -112 5 0
-130 -112 7 0
-130 -111 6 0
-129 -111 5 0
-138 -140 3 1
-130 -104 5 1
-129 -103 6 0
-114 -106 3 2
-148 -102 -1 1
-148 -102 0 2
-131 -140 5 1
-128 -140 5 0
-133 -144 3 0
-133 -144 4 0
-133 -144 5 0
-133 -144 6 0
-133 -144 11 0
-133 -144 10 0
-130 -146 6 0
-131 -146 6 0
-130 -146 9 0
-131 -146 8 0
-130 -146 7 0
-131 -146 7 0
-131 -145 7 0
-133 -148 7 0
-133 -147 7 0
-136 -146 6 0
-113 -143 4 1
-113 -143 6 1
-113 -142 6 1
-113 -141 6 1
-112 -143 4 1
-112 -143 5 1
-112 -143 6 1
-112 -142 6 2
-112 -141 4 2
-112 -141 6 1
-111 -143 4 1
-111 -143 5 1
-111 -143 6 1
-111 -142 4 1
-111 -142 5 1
-111 -142 6 1
-113 -137 1 1
-106 -129 1 1
-106 -129 0 1
-107 -127 2 1
-107 -127 1 1
-150 -143 5 1
-150 -144 7 1
-150 -144 6 1
-150 -144 5 1
-150 -145 6 1
-150 -145 5 1
-150 -132 4 1
-150 -132 5 1
-150 -132 6 1
-150 -135 7 1
-150 -146 7 1
-150 -146 6 1
-150 -146 5 1
-150 -147 6 1
-150 -147 5 1
-133 -101 0 1
-134 -102 1 1
-138 -101 5 0
-135 -101 6 0
-137 -101 6 0
-136 -102 1 2
-113 -141 8 1
-111 -130 6 0
-111 -130 3 0
-113 -131 4 0
-113 -132 5 0
-113 -131 6 0
-113 -132 3 0
-113 -131 3 0
-114 -134 6 0
-113 -136 6 0
-109 -135 6 1
-149 -125 11 0
-148 -125 11 0
-107 -137 6 1
-149 -125 13 0
-148 -125 10 0
-150 -123 13 0
-101 -113 5 0
-102 -113 5 0
-103 -112 5 0
-101 -113 6 0
-102 -113 7 0
-102 -112 7 0
-102 -113 4 0
-102 -112 4 0
-102 -115 7 0
-103 -115 7 0
-103 -115 4 0
-110 -137 15 2
-110 -137 14 1
-110 -137 13 1
-111 -137 14 1
-135 -117 11 0
-135 -118 10 0
-137 -116 10 0
-136 -117 9 0
-136 -118 10 0
-134 -117 10 0
-135 -118 9 0
-134 -116 9 0
-110 -137 17 0
-111 -136 17 0
-110 -138 18 1
-138 -108 11 0
-139 -109 11 0
-137 -107 10 0
-139 -110 10 0
-138 -110 9 1
-137 -109 9 0
-137 -107 9 0
-138 -110 8 1
-117 -149 16 1
-135 -137 13 2
-135 -137 12 1
-134 -136 13 2
-149 -148 10 0
-148 -147 7 0
-149 -148 7 0
-146 -147 8 0
-146 -148 8 0
-146 -149 8 0
-143 -143 7 0
-145 -144 7 0
-147 -144 7 0
-147 -146 7 0
-148 -146 7 0
-149 -146 7 0
-148 -148 8 0
-147 -148 9 0
-145 -148 8 0
-109 -131 4 0
-142 -150 8 0
-101 -117 6 0
-140 -145 7 0
-140 -144 10 0
-140 -145 8 0
-141 -145 8 0
-139 -147 10 0
-138 -147 8 0
-141 -135 8 1
-146 -117 7 1
-146 -117 8 1
-149 -116 6 0
-146 -123 4 1
-146 -123 5 1
-146 -122 4 1
-146 -122 5 1
-110 -145 14 1
-110 -145 15 1
-145 -134 11 0
-146 -134 11 1
-145 -135 12 0
-118 -145 14 1
-118 -145 15 1
-118 -147 17 0
-146 -132 13 0
-145 -136 13 0
-147 -134 13 0
-145 -133 13 0
-146 -136 13 0
-147 -133 14 0
-146 -133 13 0
-144 -136 14 0
-147 -135 14 0
-146 -132 14 0
-145 -136 14 0
-146 -134 15 0
-145 -133 15 0
-145 -135 15 0
-149 -107 1 1
-150 -105 3 1
-150 -105 2 2
-150 -105 1 1
-150 -106 3 1
-150 -106 1 1
-150 -107 3 2
-150 -107 2 1
-150 -107 1 1
-124 -123 4 1
-124 -123 3 1
-124 -123 2 1
-125 -123 2 1
-124 -124 7 0
-124 -122 6 1
-124 -123 5 1
-123 -123 6 0
-123 -122 5 0
-150 -106 2 2
-150 -106 11 0
-118 -146 7 0
-118 -145 6 0
-118 -147 5 0
-118 -146 5 0
-120 -141 7 0
-118 -139 4 1
-118 -139 5 0
-115 -141 4 1
-115 -141 7 0
-115 -140 5 0
-116 -141 5 0
-114 -143 4 1
-121 -150 11 1
-120 -150 11 1
-120 -150 10 1
-144 -105 9 2
-144 -105 8 2
-145 -105 9 2
-145 -105 8 1
-144 -102 9 1
-144 -146 8 0
-143 -146 8 0
-142 -146 8 0
-132 -132 5 2
-145 -150 8 0
-145 -149 8 0
-142 -134 10 1
-143 -132 10 1
-143 -133 10 1
-143 -134 10 1
-145 -133 12 0
-145 -135 13 0
-109 -150 18 0
-145 -132 13 0
-144 -136 13 0
-146 -134 13 0
-110 -149 17 0
-145 -134 13 0
-144 -132 14 0
-145 -135 14 0
-112 -150 14 1
-112 -150 15 2
-112 -150 16 1
-112 -149 14 1
-112 -149 15 1
-112 -149 16 1
-146 -133 14 0
-106 -150 13 1
-106 -149 13 1
-146 -134 14 0
-145 -132 15 0
-144 -135 15 0
-137 -106 2 1
-138 -104 4 1
-138 -104 3 1
-138 -104 2 1
-110 -134 -1 1
-110 -134 0 1
-110 -134 1 1
-104 -116 5 0
-104 -116 7 0
-127 -128 4 1
-126 -130 2 1
-126 -130 3 1
-126 -130 4 1
-126 -129 2 1
-126 -129 3 1
-126 -129 4 1
-135 -126 6 1
-135 -125 4 1
-135 -125 5 1
-135 -125 6 1
-136 -143 10 0
-141 -133 13 2
-135 -143 10 0
-134 -131 11 1
-134 -131 12 1
-133 -131 11 1
-133 -131 12 2
-132 -131 11 2
-132 -131 12 2
-131 -129 11 1
-130 -128 10 0
-135 -131 9 1
-135 -131 10 1
-135 -131 11 1
-131 -129 10 1
-134 -132 8 1
-147 -123 5 2
-148 -124 6 1
-148 -123 4 1
-134 -119 3 1
-133 -120 1 1
-133 -120 2 1
-133 -119 1 1
-133 -119 2 2
-133 -119 3 1
-136 -121 1 1
-136 -121 2 2
-149 -123 7 0
-146 -118 7 1
-146 -118 8 1
-146 -117 6 1
-144 -134 8 2
-141 -134 11 1
-141 -135 11 1
-140 -133 15 0
-141 -137 15 0
-101 -139 1 1
-103 -134 3 1
-150 -120 5 1
-148 -125 6 1
-149 -120 2 1
-147 -142 6 0
-150 -114 7 1
-146 -106 1 1
-141 -140 6 1
-108 -142 8 1
-104 -145 8 1
-104 -142 8 1
-104 -143 8 1
-104 -144 8 1
-144 -134 15 0
-136 -124 8 1
-136 -123 9 0
-149 -103 -1 1
-102 -133 4 1
-102 -133 5 1
-101 -133 3 2
-101 -133 4 1
-101 -133 5 1
-143 -134 14 1
-140 -137 13 0
-141 -135 16 0
-103 -138 2 2
-104 -139 1 1
-104 -139 2 1
-114 -140 20 1
-113 -143 17 0
-115 -142 18 0
-148 -116 9 0
-114 -144 18 0
-115 -143 17 0
-113 -144 17 0
-114 -144 17 0
-115 -142 16 1
-150 -115 10 0
-149 -115 10 0
-149 -116 11 0
-150 -114 8 0
-150 -115 8 0
-145 -128 5 2
-109 -118 8 0
-108 -119 5 0
-108 -143 6 2
-108 -143 5 2
-106 -142 4 2
-106 -141 4 1
-148 -137 9 1
-148 -135 12 0
-146 -132 12 0
-145 -136 12 0
-147 -134 12 0
-134 -121 9 0
-135 -122 9 0
-148 -134 12 0
-148 -137 10 1
-128 -124 7 1
-127 -126 5 2
-127 -126 6 1
-147 -134 15 0
-148 -135 15 0
-148 -134 14 0
-149 -134 14 0
-148 -136 14 0
-148 -133 14 0
-148 -135 13 0
-149 -135 14 0
-148 -136 13 0
-148 -132 13 0
-147 -136 12 0
-125 -116 3 2
-125 -116 2 1
-126 -116 4 1
-140 -127 7 0
-140 -124 8 0
-140 -124 7 0
-101 -133 2 2
-101 -133 1 1
-101 -134 1 1
-102 -138 1 1
-102 -139 1 1
-103 -137 2 2
-103 -137 1 1
-103 -138 1 1
-103 -139 2 2
-103 -139 1 1
-104 -137 3 2
-104 -137 2 2
-104 -137 1 1
-104 -138 3 2
-104 -138 2 1
-104 -138 1 1
-104 -139 3 2
-109 -138 5 1
-138 -149 9 0
-139 -148 9 0
-101 -116 7 0
-103 -114 4 0
-101 -114 6 0
-102 -114 5 0
-141 -150 7 0
-140 -149 10 0
-141 -149 9 0
-140 -150 8 0
-141 -148 8 0
-142 -150 7 0
-142 -150 10 0
-132 -137 5 1
-134 -136 8 1
-133 -136 8 1
-140 -137 5 1
-132 -132 6 2
-131 -131 6 1
-131 -131 7 1
-133 -133 4 1
-123 -123 2 1
-133 -121 4 1
-110 -103 2 0
-110 -104 -1 1
-110 -104 0 1
-110 -104 1 1
-110 -103 -1 1
-146 -101 7 1
-110 -103 1 1
-136 -139 4 2
-101 -120 8 0
-149 -102 7 0
-149 -101 7 0
-147 -112 6 1
-147 -112 7 1
-147 -111 6 1
-147 -111 7 1
-147 -111 8 1
-146 -113 6 1
-146 -113 7 1
-146 -113 8 1
-146 -112 6 1
-146 -112 8 1
-127 -123 7 1
-127 -123 8 1
-134 -135 6 1
-134 -135 7 1
-133 -138 2 1
-133 -138 5 1
-133 -137 5 1
-133 -139 8 1
-133 -138 8 1
-133 -119 7 0
-146 -124 6 1
-146 -123 6 1
-116 -148 5 0
-116 -146 6 0
-116 -147 7 1
-116 -148 4 0
-114 -146 5 1
-126 -142 2 0
-126 -142 3 0
-126 -142 4 0
-126 -142 10 0
-126 -142 9 0
-123 -145 4 0
-124 -144 5 0
-123 -145 7 0
-116 -137 3 0
-113 -137 6 0
-113 -137 7 0
-115 -144 7 0
-134 -142 7 0
-136 -147 6 0
-129 -144 7 0
-129 -144 9 0
-150 -136 9 2
-150 -136 10 1
-150 -136 11 1
-150 -135 9 1
-150 -135 10 1
-150 -134 9 1
-149 -136 9 2
-149 -136 10 2
-149 -136 11 1
-149 -135 9 1
-149 -135 11 1
-149 -134 9 2
-149 -134 10 1
-149 -134 11 1
-148 -136 9 1
-148 -136 10 1
-148 -136 11 1
-148 -135 9 1
-148 -135 10 1
-148 -135 11 1
-148 -134 9 1
-148 -134 10 2
-148 -134 11 1
-103 -114 5 0
-130 -144 8 0
-130 -144 9 0
-131 -144 7 0
-130 -144 6 0
-132 -143 8 0
-137 -147 9 0
-137 -148 9 0
-136 -148 9 0
-137 -147 7 0
-137 -148 7 0
-136 -148 6 0
-139 -146 10 0
-139 -146 11 0
-139 -146 12 0
-139 -146 6 0
-139 -146 5 0
-139 -146 4 0
-134 -146 8 0
-134 -148 9 0
-134 -146 7 0
-134 -148 6 0
-132 -146 8 0
-131 -147 8 0
-132 -146 9 0
-131 -146 9 0
-132 -145 7 0
-132 -146 7 0
-131 -147 6 0
-130 -118 7 0
-129 -119 5 0
-147 -128 9 2
-130 -102 2 1
-130 -103 2 1
-134 -103 2 1
-134 -103 5 2
-134 -103 3 1
-149 -130 10 1
-149 -130 13 0
-112 -130 6 0
-111 -130 5 0
-112 -129 4 0
-112 -130 4 0
-110 -128 3 0
-148 -101 7 1
-145 -102 8 1
-145 -102 7 2
-145 -103 8 2
-145 -103 7 1
-145 -104 8 2
-145 -104 7 1
-149 -130 9 1
-149 -130 8 1
-150 -128 9 2
-150 -128 8 1
-150 -129 8 1
-137 -103 3 0
-138 -102 5 0
-137 -103 5 0
-138 -102 2 1
-137 -103 2 1
-141 -102 2 1
-141 -103 2 1
-112 -144 5 0
-114 -142 5 0
-115 -143 6 0
-116 -140 7 0
-150 -143 9 0
-116 -147 5 0
-125 -143 8 1
-150 -143 10 0
-127 -142 6 1
-126 -141 6 1
-125 -140 6 1
-126 -141 7 2
-150 -144 9 0
-150 -145 9 0
-150 -146 9 0
-150 -144 10 0
-150 -145 11 0
-150 -146 11 0
-150 -145 8 1
-150 -146 8 0
-147 -145 9 0
-149 -144 10 0
-148 -144 11 0
-147 -145 11 0
-148 -144 8 0
-147 -145 8 0
-150 -142 11 0
-150 -142 12 0
-150 -142 13 0
-150 -142 5 1
-128 -143 10 0
-128 -143 4 0
-128 -143 3 0
-128 -143 2 0
-101 -109 5 0
-101 -109 7 0
-101 -109 4 0
-102 -112 5 0
-126 -142 6 1
-125 -142 6 1
-124 -142 6 1
-123 -142 6 0
-125 -142 7 2
-126 -142 7 1
-126 -142 8 1
-126 -141 8 1
-125 -143 7 1
-125 -142 8 1
-125 -141 6 1
-125 -141 7 1
-125 -141 8 1
-124 -143 7 1
-124 -143 8 1
-124 -142 7 1
-112 -140 12 2
-137 -131 13 0
-136 -131 10 1
-136 -131 11 1
-136 -131 12 1
-136 -130 10 1
-136 -130 11 1
-136 -130 12 1
-136 -129 12 1
-138 -130 13 0
-115 -150 7 1
-115 -150 8 1
-115 -150 9 1
-146 -102 12 0
-148 -102 11 0
-146 -101 11 0
-145 -101 11 0
-147 -102 11 1
-135 -131 15 0
-110 -102 2 0
-109 -102 3 0
-110 -102 3 0
-109 -102 2 0
-108 -103 3 0
-109 -103 3 0
-145 -125 8 0
-146 -123 9 0
-146 -123 10 0
-146 -123 8 1
-132 -103 2 1
-133 -101 2 1
-133 -102 4 2
-129 -143 6 0
-130 -143 6 0
-131 -143 6 0
-128 -143 9 0
-129 -143 8 0
-130 -143 8 0
-128 -143 7 0
-129 -143 7 0
-130 -143 7 0
-131 -143 7 0
-116 -144 8 0
-116 -144 9 0
-115 -145 2 1
-115 -145 3 2
-115 -145 4 1
-114 -144 6 0
-112 -144 7 1
-112 -144 4 0
-113 -141 5 1
-114 -142 7 0
-113 -141 4 1
-116 -148 7 1
-113 -147 5 1
-114 -147 7 1
-113 -146 6 1
-108 -134 6 0
-111 -133 6 0
-111 -127 3 0
-111 -128 6 0
-110 -128 5 0
-111 -127 4 0
-108 -126 3 0
-108 -127 3 0
-108 -128 3 1
-108 -127 6 0
-108 -127 5 0
-108 -128 5 0
-108 -126 4 0
-108 -127 4 0
-108 -128 4 0
-106 -127 3 0
-118 -106 6 0
-104 -122 1 1
-104 -122 2 1
-103 -124 0 1
-103 -124 1 1
-103 -124 2 1
-103 -123 0 1
-103 -123 1 1
-103 -123 2 1
-103 -122 0 1
-103 -122 1 1
-103 -122 2 1
-112 -101 1 1
-101 -120 4 0
-101 -118 5 0
-101 -119 6 0
-101 -118 4 0
-131 -129 6 1
-131 -129 7 1
-127 -112 6 0
-128 -111 6 0
-127 -110 6 0
-128 -103 5 1
-127 -110 7 0
-149 -145 9 0
-149 -144 9 0
-130 -140 5 0
-130 -140 8 0
-130 -140 7 0
-130 -139 6 0
-130 -140 6 0
-128 -141 5 0
-147 -141 11 0
-145 -143 8 0
-146 -143 8 0
-147 -143 8 0
-145 -143 11 0
-146 -143 10 0
-148 -103 9 1
-148 -103 10 1
-148 -102 9 1
-148 -102 10 1
-147 -104 10 1
-118 -111 5 0
-115 -108 5 1
-115 -108 4 1
-115 -108 3 1
-150 -112 7 0
-150 -113 7 0
-150 -110 8 0
-150 -112 9 0
-150 -112 6 0
-149 -110 7 0
-148 -111 7 0
-149 -110 8 0
-149 -110 9 0
-148 -111 9 0
-148 -111 6 0
-150 -109 10 0
-150 -109 11 0
-150 -109 3 2
-138 -141 5 1
-138 -141 4 2
-138 -141 3 1
-137 -141 7 0
-137 -141 6 1
-139 -142 7 0
-150 -110 2 1
-150 -110 3 2
-150 -110 4 1
-150 -109 2 1
-150 -109 4 1
-149 -110 2 1
-149 -110 3 2
-149 -110 4 1
-149 -109 2 1
-149 -109 3 2
-149 -109 4 2
-150 -109 5 1
-134 -101 4 1
-136 -142 7 0
-134 -101 3 1
-135 -141 7 0
-135 -141 3 1
-144 -126 9 0
-144 -126 8 0
-144 -124 9 1
-145 -124 9 0
-139 -142 6 0
-136 -138 8 2
-136 -139 8 1
-129 -133 7 1
-130 -129 5 1
-130 -129 6 1
-144 -137 7 1
-144 -137 6 1
-136 -140 8 1
-107 -101 6 0
-105 -101 6 0
-104 -101 7 0
-101 -118 2 2
-101 -118 1 1
-108 -101 6 0
-101 -119 2 1
-101 -119 1 1
-104 -102 6 0
-145 -105 4 1
-104 -101 5 0
-106 -101 5 0
-144 -105 4 1
-107 -102 4 0
-105 -101 4 0
-139 -147 9 0
-138 -147 9 0
-138 -147 7 0
-139 -144 8 0
-136 -143 6 0
-149 -135 13 0
-127 -103 4 2
-128 -104 3 1
-108 -134 3 1
-108 -134 4 1
-108 -134 5 1
-107 -134 3 1
-107 -134 4 1
-107 -134 5 1
-106 -136 3 2
-106 -136 4 2
-128 -120 6 1
-128 -120 7 1
-116 -146 16 1
-150 -145 3 0
-150 -147 3 0
-147 -148 8 0
-147 -147 8 0
-147 -146 8 0
-150 -147 7 1
-113 -105 5 1
-113 -106 5 1
-113 -107 5 1
-137 -134 15 0
-138 -137 15 0
-138 -135 15 0
-137 -138 15 0
-138 -136 14 0
-137 -134 14 0
-138 -137 14 0
-136 -134 13 0
-136 -139 12 1
-140 -101 2 1
-140 -101 3 0
-139 -102 4 0
-124 -101 8 0
-124 -101 6 0
-127 -127 4 1
-122 -101 7 0
-127 -128 7 0
-122 -101 6 0
-128 -127 2 1
-128 -127 3 1
-127 -127 2 1
-131 -135 10 1
-145 -122 8 1
-142 -129 8 1
-142 -129 9 1
-142 -129 10 1
-141 -104 0 1
-141 -104 1 1
-141 -103 0 1
-141 -103 1 2
-141 -102 0 1
-141 -102 1 1
-142 -104 0 1
-142 -104 1 1
-142 -103 0 1
-142 -103 1 2
-142 -102 0 1
-142 -102 1 2
-150 -101 -1 1
-150 -102 0 1
-107 -126 3 0
-107 -125 3 0
-121 -122 5 0
-133 -137 7 2
-133 -137 6 2
-133 -139 5 1
-113 -109 0 1
-115 -108 2 1
-130 -102 6 0
-125 -130 6 0
-127 -128 8 0
-131 -112 5 0
-109 -119 7 0
-136 -140 7 1
-136 -139 5 1
-136 -139 7 2
-136 -138 5 2
-136 -138 7 1
-118 -111 6 0
-122 -118 5 0
-150 -130 5 2
-150 -130 4 1
-150 -131 6 1
-150 -131 5 2
-150 -131 7 0
-148 -119 4 2
-110 -132 1 1
-111 -131 2 1
-111 -131 1 1
-111 -132 2 1
-146 -113 3 1
-146 -114 3 1
-147 -112 3 1
-147 -113 3 1
-148 -111 5 1
-149 -111 5 1
-145 -111 5 1
-105 -111 7 0
-147 -102 8 2
-141 -144 8 0
-106 -102 5 0
-106 -102 4 0
-104 -103 4 0
-106 -103 4 0
-105 -102 4 0
-109 -125 6 0
-109 -125 3 0
-140 -147 7 0
-141 -147 7 0
-142 -147 7 0
-124 -101 7 0
-114 -106 9 1
-114 -105 7 1
-128 -132 3 1
-128 -132 2 1
-128 -133 4 1
-128 -133 3 1
-129 -132 3 2
-130 -132 5 1
-101 -142 6 1
-101 -142 7 1
-101 -141 6 1
-101 -141 7 1
-101 -140 7 1
-102 -144 4 1
-102 -144 5 1
-102 -144 6 1
-102 -143 4 1
-102 -142 4 1
-106 -139 2 1
-121 -150 5 1
-121 -150 6 1
-121 -150 7 1
-121 -149 5 1
-121 -149 6 1
-142 -146 -1 1
-142 -147 1 1
-142 -147 0 2
-142 -147 -1 1
-143 -145 1 1
-143 -145 0 1
-143 -145 -1 1
-143 -146 1 1
-143 -146 -1 1
-143 -147 0 2
-143 -147 -1 1
-101 -146 19 0
-144 -148 0 1
-144 -148 -1 1
-145 -148 1 1
-145 -148 0 1
-146 -112 7 2
-147 -112 10 0
-148 -112 9 0
-147 -112 8 1
-148 -112 8 0
-150 -112 8 0
-148 -140 8 0
-147 -138 8 2
-129 -118 5 0
-147 -137 7 1
-130 -117 6 0
-129 -116 6 0
-129 -117 7 0
-129 -117 5 0
-130 -116 6 0
-130 -116 7 0
-130 -116 5 0
-132 -116 6 0
-130 -118 8 0
-121 -141 4 1
-120 -143 2 1
-120 -143 3 2
-120 -143 4 1
-120 -142 2 1
-115 -139 6 0
-116 -138 5 0
-114 -137 3 1
-114 -137 6 0
-114 -138 6 0
-114 -136 5 0
-112 -138 3 1
-112 -138 4 1
-113 -139 4 1
-112 -138 6 0
-113 -139 6 0
-113 -130 4 0
-133 -101 6 1
-133 -101 5 1
-133 -102 6 1
-133 -102 5 2
-133 -103 6 1
-133 -103 5 2
-131 -101 2 1
-131 -102 2 1
-131 -103 2 1
-132 -101 2 1
-132 -102 4 1
-116 -109 3 1
-116 -108 3 1
-135 -141 6 1
-141 -127 9 2
-121 -101 7 0
-120 -101 7 0
-141 -127 10 1
-136 -101 2 1
-136 -101 1 2
-114 -149 7 1
-114 -149 6 1
-115 -147 8 1
-115 -147 6 1
-115 -148 8 1
-115 -148 6 1
-115 -149 8 1
-115 -149 7 1
-115 -149 6 1
-116 -147 8 1
-116 -147 6 1
-116 -148 8 1
-106 -149 4 1
-106 -149 3 1
-106 -149 2 1
-107 -149 4 1
-107 -149 3 1
-107 -149 2 1
-108 -149 4 1
-108 -149 3 2
-108 -149 2 1
-112 -143 3 1
-113 -141 3 1
-113 -142 3 1
-113 -143 3 1
-111 -140 9 2
-111 -140 8 2
-111 -140 7 1
-109 -141 7 1
-109 -140 6 1
-109 -140 7 1
-109 -139 6 1
-109 -139 7 1
-145 -144 9 0
-146 -144 9 0
-130 -119 1 2
-129 -134 2 1
-129 -134 3 1
-129 -134 4 1
-109 -146 1 1
-109 -147 1 1
-109 -148 1 1
-110 -146 2 1
-102 -133 3 1
-102 -134 3 1
-101 -140 6 2
-103 -136 5 1
-103 -136 4 1
-101 -136 8 1
-101 -136 7 1
-101 -137 8 1
-101 -137 7 1
-101 -138 8 1
-101 -138 7 2
-143 -134 13 1
-143 -134 12 1
-143 -135 14 1
-144 -133 10 1
-145 -133 10 1
-145 -135 10 1
-111 -144 9 1
-117 -140 4 1
-126 -145 6 0
-127 -144 6 0
-128 -147 6 0
-146 -145 8 0
-147 -104 3 2
-148 -103 5 1
-148 -104 5 1
-148 -104 4 1
-148 -104 3 1
-145 -101 5 0
-145 -101 4 0
-147 -101 1 1
-147 -101 0 2
-147 -101 -1 1
-142 -137 6 1
-142 -138 5 2
-142 -137 5 1
-142 -104 5 0
-142 -104 4 0
-109 -140 4 1
-109 -140 3 1
-109 -141 5 1
-109 -141 4 1
-109 -141 3 1
-141 -144 10 0
-142 -145 9 0
-141 -143 8 0
-127 -126 4 1
-128 -124 4 1
-128 -125 4 1
-102 -124 5 0
-126 -124 6 2
-101 -124 5 0
-143 -105 3 1
-144 -124 8 1
-145 -124 8 1
-111 -112 6 0
-142 -136 9 2
-142 -136 8 2
-133 -120 3 1
-134 -120 2 2
-135 -121 1 1
-133 -124 6 0
-133 -124 7 1
-135 -120 2 1
-135 -119 1 1
-135 -119 2 2
-134 -120 1 1
-127 -125 2 1
-140 -146 7 0
-150 -128 13 0
-110 -142 2 1
-111 -137 0 1
-104 -147 18 1
-104 -147 17 1
-105 -147 18 1
-105 -147 17 1
-106 -145 18 1
-106 -145 17 1
-106 -145 16 1
-106 -146 18 1
-106 -146 17 1
-106 -146 16 1
-106 -147 18 1
-106 -147 17 1
-106 -147 16 1
-103 -146 19 1
-104 -146 19 1
-105 -144 19 1
-105 -145 19 1
-105 -146 19 1
-101 -146 17 0
-101 -145 18 0
-141 -139 7 1
-113 -136 2 1
-113 -135 2 1
-113 -134 0 1
-113 -134 1 1
-113 -134 2 1
-112 -135 2 1
-111 -134 0 1
-111 -134 1 1
-112 -135 3 1
-109 -132 4 0
-108 -132 4 1
-109 -133 5 0
-109 -132 6 0
-108 -132 3 1
-111 -132 4 0
-111 -131 4 0
-111 -133 5 0
-111 -132 5 0
-134 -101 2 1
-134 -101 5 1
-106 -129 6 0
-107 -129 5 0
-106 -128 4 0
-108 -130 4 0
-105 -131 3 0
-106 -131 3 1
-106 -123 0 1
-106 -124 2 1
-106 -124 1 1
-106 -124 0 1
-106 -125 2 1
-105 -124 1 2
-105 -124 9 0
-105 -124 6 0
-101 -127 4 1
-101 -127 3 1
-101 -127 2 1
-101 -128 4 1
-101 -128 3 1
-106 -132 13 0
-107 -132 13 0
-103 -131 12 0
-106 -131 12 0
-108 -135 10 1
-108 -134 10 1
-108 -133 10 1
-111 -137 1 1
-111 -136 -1 1
-111 -136 0 1
-111 -136 1 1
-111 -135 -1 1
-111 -135 0 2
-111 -135 1 1
-112 -136 2 1
-114 -133 3 0
-112 -137 3 0
-108 -139 6 1
-108 -139 7 1
-111 -140 13 1
-111 -139 13 1
-116 -139 11 0
-115 -141 14 1
-106 -133 15 1
-105 -132 15 0
-104 -134 15 0
-104 -132 15 0
-106 -131 15 0
-104 -131 14 0
-106 -132 14 0
-107 -132 14 0
-103 -132 14 0
-105 -131 14 0
-106 -131 13 0
-103 -133 13 0
-103 -147 16 1
-103 -147 15 2
-103 -147 14 1
-104 -146 14 1
-105 -133 16 0
-106 -133 16 1
-105 -132 16 0
-104 -134 16 0
-103 -133 15 0
-104 -131 15 0
-138 -115 10 0
-134 -115 10 0
-135 -115 9 0
-136 -116 10 0
-135 -113 10 0
-135 -115 10 0
-136 -115 10 0
-137 -115 11 0
-136 -114 11 0
-137 -114 7 1
-148 -108 10 1
-138 -113 6 1
-139 -113 6 1
-140 -113 6 1
-138 -114 8 1
-135 -114 9 0
-137 -115 9 0
-137 -114 9 0
-136 -115 9 0
-138 -114 10 0
-135 -114 10 0
-137 -114 10 0
-138 -113 10 0
-136 -114 10 0
-137 -113 11 0
-136 -113 11 0
-137 -113 6 1
-137 -113 7 1
-134 -110 9 1
-134 -110 8 1
-134 -110 7 1
-134 -111 9 1
-134 -111 8 1
-134 -111 7 1
-134 -112 9 1
-134 -112 8 1
-134 -112 7 1
-140 -112 6 1
-134 -113 8 1
-134 -113 7 2
-134 -113 6 1
-134 -114 8 1
-134 -114 7 1
-134 -114 6 1
-134 -115 8 1
-134 -115 7 2
-134 -115 6 1
-135 -113 8 1
-135 -113 7 2
-135 -113 6 1
-135 -114 8 1
-135 -114 6 1
-135 -115 8 1
-135 -115 7 2
-135 -115 6 1
-136 -113 8 1
-132 -142 8 0
-135 -144 4 0
-116 -145 6 0
-115 -145 7 0
-117 -144 7 0
-129 -105 6 0
-107 -150 10 1
-107 -150 9 1
-107 -150 8 1
-136 -107 9 0
-137 -109 8 1
-137 -111 6 1
-136 -114 8 1
-136 -113 6 1
-136 -113 7 1
-105 -146 8 1
-106 -144 8 1
-106 -144 7 2
-106 -144 6 1
-106 -145 8 1
-106 -146 8 1
-107 -145 2 2
-107 -145 1 1
-107 -146 2 1
-107 -146 1 1
-107 -147 2 1
-109 -145 1 1
-108 -144 2 1
-108 -145 2 2
-109 -144 2 1
-109 -145 2 1
-149 -133 12 0
-110 -145 3 1
-150 -136 14 0
-106 -145 4 1
-106 -145 3 1
-107 -144 5 1
-107 -144 4 2
-107 -144 3 1
-107 -145 4 2
-107 -145 3 1
-108 -144 3 1
-108 -145 3 2
-109 -145 3 2
-134 -136 11 1
-134 -136 12 1
-134 -135 10 1
-134 -135 11 2
-134 -135 12 1
-134 -134 10 1
-134 -134 11 1
-134 -134 12 1
-133 -136 11 1
-130 -135 10 1
-110 -148 1 1
-109 -147 2 2
-108 -146 5 1
-108 -146 4 1
-108 -147 4 1
-107 -144 8 1
-107 -144 7 2
-107 -144 6 1
-107 -145 8 1
-107 -145 7 2
-150 -121 7 0
-150 -120 7 0
-148 -122 7 1
-149 -117 7 0
-150 -121 6 1
-149 -121 6 1
-148 -116 7 0
-132 -136 16 0
-133 -136 15 0
-132 -137 16 0
-134 -135 15 0
-132 -137 15 0
-132 -138 14 0
-135 -138 12 1
-135 -138 13 2
-135 -138 14 1
-134 -138 12 1
-134 -138 13 1
-134 -138 14 1
-133 -138 12 1
-133 -138 13 1
-123 -140 7 0
-150 -119 3 1
-150 -119 5 1
-148 -116 4 1
-148 -116 3 1
-148 -117 3 1
-149 -115 5 1
-149 -115 3 1
-133 -123 4 1
-134 -123 4 1
-133 -125 4 1
-131 -123 4 1
-148 -117 4 1
-149 -123 3 1
-150 -120 4 2
-150 -121 4 2
-147 -119 2 1
-147 -120 2 1
-147 -121 3 1
-149 -142 4 1
-149 -142 3 1
-150 -142 4 1
-150 -142 3 1
-103 -139 4 2
-115 -138 17 0
-115 -141 17 0
-113 -139 17 0
-115 -138 15 0
-116 -139 16 0
-113 -138 16 0
-106 -106 3 1
-106 -106 2 1
-107 -106 4 1
-107 -106 3 1
-107 -106 2 1
-107 -107 4 1
-107 -107 3 1
-107 -107 2 1
-107 -108 4 1
-107 -108 3 1
-107 -108 2 1
-103 -107 4 0
-105 -105 4 0
-103 -106 4 0
-106 -106 4 1
-104 -105 5 0
-113 -137 8 0
-122 -119 5 0
-121 -119 6 0
-118 -111 4 1
-142 -125 8 1
-113 -137 18 0
-112 -138 17 0
-114 -137 15 0
-111 -142 16 1
-105 -133 14 1
-102 -148 15 2
-102 -148 16 1
-101 -148 14 1
-101 -148 15 2
-106 -131 11 0
-104 -131 13 0
-103 -134 13 0
-105 -131 13 0
-104 -134 14 1
-105 -132 14 0
-105 -133 13 1
-104 -133 14 0
-101 -149 15 2
-101 -149 16 1
-101 -147 18 0
-103 -147 18 0
-101 -148 17 0
-105 -149 14 1
-105 -149 15 2
-105 -149 16 1
-104 -149 14 1
-104 -149 15 2
-104 -149 16 1
-103 -149 14 1
-103 -149 15 2
-103 -149 16 1
-104 -131 11 0
-105 -131 12 0
-107 -136 13 1
-103 -133 12 0
-106 -132 12 0
-103 -135 13 1
-103 -136 13 1
-103 -137 13 1
-103 -137 12 1
-104 -137 13 1
-104 -137 12 1
-105 -137 13 1
-105 -137 12 1
-105 -132 13 0
-103 -132 13 0
-102 -150 14 2
-102 -150 15 2
-102 -150 16 1
-102 -111 7 0
-101 -112 7 0
-140 -104 7 1
-140 -104 8 1
-139 -106 6 1
-139 -106 7 1
-139 -106 8 2
-139 -105 6 1
-139 -105 7 1
-149 -106 5 0
-149 -107 5 0
-149 -118 5 1
-148 -120 3 2
-143 -146 4 0
-144 -146 2 0
-144 -148 2 0
-145 -145 2 0
-143 -147 2 0
-144 -147 2 0
-108 -131 18 0
-104 -107 7 0
-103 -108 8 0
-135 -105 3 2
-134 -104 3 1
-136 -103 4 0
-136 -104 4 1
-134 -105 4 1
-135 -105 6 0
-102 -107 3 1
-102 -107 2 1
-102 -107 1 1
-102 -108 3 1
-126 -121 5 1
-135 -139 5 1
-131 -129 5 1
-115 -107 2 1
-148 -130 12 0
-149 -130 12 0
-114 -107 2 1
-113 -107 2 1
-113 -107 4 1
-115 -107 5 1
-115 -106 5 1
-115 -105 5 1
-114 -107 5 1
-114 -106 5 1
-114 -105 5 1
-150 -135 5 1
-150 -135 6 1
-149 -137 4 1
-149 -135 5 1
-149 -134 7 1
-148 -135 5 1
-150 -133 7 1
-148 -135 6 1
-150 -134 4 1
-149 -136 4 1
-148 -133 7 1
-148 -134 7 1
-149 -133 7 1
-149 -135 6 1
-148 -133 6 1
-139 -122 7 0
-138 -122 7 0
-138 -122 6 0
-108 -119 8 0
-108 -119 4 0
-137 -122 6 0
-136 -124 7 1
-106 -132 3 1
-101 -117 5 0
-121 -141 3 2
-121 -141 2 1
-121 -142 2 1
-121 -143 4 1
-127 -103 3 1
-127 -103 2 1
-135 -146 8 0
-131 -138 4 2
-131 -137 2 1
-131 -137 3 1
-131 -137 4 1
-131 -136 2 1
-131 -136 3 2
-131 -136 4 1
-113 -110 6 0
-117 -108 5 1
-115 -109 6 0
-118 -109 6 0
-117 -108 6 0
-113 -105 9 1
-113 -105 8 1
-113 -105 7 1
-129 -106 6 0
-129 -105 5 1
-115 -107 4 1
-113 -108 3 0
-113 -108 4 0
-113 -109 3 0
-113 -109 4 0
-114 -111 3 1