DAV_OBMAP v3 cell_size=10
-149 64 4 1
-150 68 2 2
-150 64 0 1
-150 64 1 1
-150 69 1 2
-150 69 2 2
-150 69 3 1
-149 67 1 1
-149 68 1 1
-149 68 2 1
-149 69 1 1
-149 69 2 1
-149 69 3 1
-149 66 -1 1
-149 67 -1 1
-149 67 0 2
-149 68 -1 1
-149 68 0 2
-150 69 -1 1
-150 69 0 1
-148 66 -1 1
-148 66 0 1
-148 66 1 1
-148 67 -1 1
-148 67 0 1
-148 67 1 1
-148 68 -1 1
-148 68 0 1
-148 68 1 1
-149 69 -1 1
-149 69 0 1
-148 69 -1 1
-148 69 0 1
-148 69 1 1
-108 60 7 0
-108 62 6 0
-150 70 1 1
-150 70 2 1
-150 70 3 1
-149 70 1 1
-149 70 2 1
-149 70 3 1
-150 70 -1 1
-150 70 0 2
-108 61 7 0
-108 63 6 0
-149 70 0 1
-150 71 -1 1
-150 71 0 2
-150 71 1 1
-149 70 -1 1
-149 71 -1 1
-149 71 0 1
-149 71 1 1
-112 53 6 1
-112 53 7 1
-150 50 0 1
-150 50 1 1
-150 50 2 1
-150 50 -1 1
-150 51 -1 1
-150 51 0 1
-150 51 1 1
-150 72 0 1
-150 72 1 1
-149 72 -1 1
-149 72 0 1
-149 72 1 1
-150 50 3 1
-150 50 4 1
-150 51 2 1
-125 74 1 0
-127 76 1 0
-131 50 4 1
-126 75 2 0
-130 50 4 2
-129 60 3 2
-129 60 4 1
-128 60 2 1
-131 50 0 1
-128 60 4 1
-131 59 1 2
-131 59 2 1
-131 59 3 1
-130 59 1 1
-129 59 1 1
-113 99 4 2
-113 98 5 1
-113 98 4 1
-114 99 5 1
-114 99 4 1
-114 98 5 1
-114 98 4 1
-121 93 7 0
-122 93 7 0
-102 82 6 0
-117 93 8 0
-115 91 9 0
-115 91 8 0
-116 92 9 0
-132 62 4 1
-132 62 3 1
-126 50 6 1
-126 50 7 0
-126 50 10 0
-128 50 8 0
-116 91 10 1
-116 90 10 1
-116 89 10 1
-117 91 10 1
-132 67 5 1
-119 84 4 0
-132 69 5 1
-129 70 5 0
-130 69 -1 1
-130 69 0 2
-130 70 -1 1
-130 70 0 2
-130 71 -1 1
-124 98 6 0
-112 74 3 0
-118 93 4 0
-118 93 3 0
-117 91 4 1
-117 90 4 1
-117 89 4 1
-117 89 3 1
-127 68 3 1
-113 70 2 1
-113 70 3 1
-113 70 4 1
-112 68 2 1
-127 89 3 0
-124 89 4 0
-116 93 1 0
-130 70 2 0
-116 86 15 0
-116 84 15 0
-126 51 10 0
-119 91 10 1
-114 99 3 1
-114 99 2 1
-114 98 3 1
-114 98 2 1
-105 86 5 0
-107 84 5 0
-107 84 4 0
-115 86 1 0
-115 86 2 0
-113 88 1 0
-117 87 0 1
-117 86 0 1
-128 71 -2 2
-129 72 2 0
-128 73 1 1
-128 73 3 0
-119 84 3 0
-122 83 1 0
-116 75 1 0
-117 74 1 0
-114 74 2 0
-114 74 3 0
-114 74 1 0
-121 84 3 0
-113 75 3 0
-114 75 1 0
-113 75 1 0
-128 69 5 1
-128 69 4 1
-128 69 3 1
-128 68 5 2
-129 69 5 1
-125 50 9 0
-135 75 4 0
-133 78 4 0
-127 50 9 0
-127 50 8 0
-128 51 8 0
-116 90 9 1
-116 89 9 1
-117 91 9 1
-119 92 9 0
-118 93 9 0
-136 77 3 0
-136 77 6 0
-134 76 5 0
-134 76 4 0
-135 76 4 0
-136 75 5 0
-136 75 4 0
-137 76 5 0
-137 76 4 0
-134 79 4 0
-134 77 5 0
-134 77 4 0
-126 52 6 1
-126 52 7 0
-126 52 10 0
-126 50 9 0
-126 50 8 0
-125 95 9 0
-125 95 8 0
-120 97 7 0
-120 96 7 0
-101 52 2 1
-101 53 3 2
-102 53 2 1
-102 52 2 1
-101 53 2 1
-101 53 5 1
-101 53 4 2
-101 52 3 2
-101 52 4 2
-102 52 3 2
-138 76 5 0
-138 77 5 0
-138 77 4 0
-111 99 -1 1
-111 99 0 1
-111 99 1 1
-110 99 -1 1
-110 99 0 2
-101 58 3 0
-109 99 -1 1
-109 99 0 1
-117 98 6 0
-115 99 7 0
-117 90 9 2
-117 89 10 1
-133 71 5 0
-135 73 6 0
-134 74 6 0
-126 96 7 0
-125 96 7 0
-125 97 7 0
-137 75 6 0
-137 74 7 0
-119 88 10 2
-120 91 9 0
-120 92 9 0
-118 93 7 0
-118 92 9 0
-118 93 8 0
-117 92 9 0
-136 67 7 1
-136 68 5 1
-136 68 6 2
-136 68 7 1
-136 69 7 1
-136 67 8 1
-136 68 8 1
-136 67 4 1
-129 53 5 1
-129 55 5 1
-131 50 5 1
-131 51 5 1
-131 52 5 1
-130 50 5 2
-130 51 5 2
-130 52 5 2
-129 50 5 1
-129 51 5 1
-123 90 13 0
-123 91 11 0
-123 88 13 0
-117 78 4 0
-119 76 4 0
-117 76 5 0
-129 68 1 1
-130 68 3 2
-131 68 2 1
-111 50 7 2
-106 52 9 0
-105 50 7 0
-125 55 5 1
-122 86 12 0
-121 84 12 0
-123 87 11 0
-120 86 14 0
-121 85 13 0
-121 87 14 0
-122 86 13 0
-119 88 14 0
-120 85 14 0
-118 87 15 0
-117 87 15 0
-126 73 4 0
-145 69 6 0
-146 70 6 0
-146 74 5 0
-147 73 5 0
-148 73 5 0
-146 74 8 0
-147 73 7 0
-146 74 6 0
-147 73 6 0
-145 71 5 0
-145 71 8 0
-146 71 7 0
-148 69 8 0
-119 83 13 0
-148 70 7 0
-149 70 7 0
-147 69 6 0
-148 69 6 0
-149 70 6 0
-149 97 6 1
-149 96 6 1
-149 95 6 0
-149 94 6 0
-150 91 5 0
-149 92 5 0
-150 93 6 0
-150 95 7 0
-105 50 2 1
-110 66 6 2
-105 50 4 1
-105 51 2 1
-109 68 3 1
-125 68 2 1
-125 65 3 1
-121 77 1 0
-122 77 1 0
-131 74 8 0
-124 76 0 0
-124 76 4 0
-122 75 1 0
-122 75 3 0
-122 75 2 0
-124 74 1 0
-124 74 2 0
-125 78 1 0
-125 78 3 0
-125 78 2 0
-124 78 1 0
-135 69 4 1
-135 68 4 1
-121 67 6 1
-121 67 5 1
-121 68 6 2
-124 70 6 0
-125 72 7 0
-125 72 6 0
-124 75 5 0
-124 74 8 0
-124 75 6 0
-106 68 8 0
-108 95 -1 1
-102 59 1 0
-111 96 2 0
-111 96 3 0
-111 97 2 0
-111 97 3 0
-102 53 4 1
-102 53 3 1
-102 52 4 2
-137 97 4 1
-137 96 6 1
-137 96 5 2
-137 96 4 1
-137 95 6 1
-137 95 5 1
-137 95 4 2
-133 95 4 1
-113 99 3 2
-113 99 2 1
-113 98 3 1
-131 50 1 2
-131 50 2 1
-131 50 3 1
-141 80 8 0
-132 95 7 0
-135 95 6 1
-135 96 4 2
-135 96 6 2
-135 97 4 1
-135 97 5 1
-135 97 6 1
-134 95 4 1
-134 95 5 1
-134 95 6 1
-140 78 8 0
-134 78 3 0
-133 78 3 0
-139 75 4 0
-142 99 10 0
-141 99 9 0
-146 99 8 1
-146 99 9 1
-145 99 8 1
-145 99 9 2
-144 99 8 1
-144 99 9 1
-142 98 9 0
-140 99 7 1
-140 99 8 1
-140 99 9 1
-139 99 7 1
-139 99 8 2
-139 99 9 2
-138 99 7 1
-138 99 8 1
-138 99 9 1
-118 86 4 1
-116 87 3 1
-116 87 2 1
-116 87 1 1
-116 86 3 1
-116 86 2 1
-116 86 1 1
-117 86 3 1
-117 86 2 1
-117 86 1 1
-103 62 1 1
-103 62 0 1
-103 62 -1 1
-103 61 1 1
-103 61 0 1
-103 61 -1 1
-103 60 1 1
-103 60 0 1
-103 60 -1 1
-104 60 1 1
-104 60 0 2
-122 86 4 1
-123 88 4 1
-125 99 2 1
-125 99 1 2
-125 99 0 1
-126 99 2 1
-126 99 1 2
-126 99 0 1
-125 98 6 0
-123 98 4 0
-111 70 6 0
-111 72 5 0
-111 72 4 0
-109 71 3 0
-109 71 4 0
-108 69 3 0
-127 99 0 1
-101 70 5 0
-101 70 7 0
-101 70 6 0
-133 60 1 1
-133 60 0 1
-130 64 2 2
-130 64 1 2
-130 64 0 2
-131 64 2 1
-105 51 8 0
-105 78 6 0
-105 78 5 0
-104 78 5 0
-105 79 6 0
-105 80 6 0
-103 81 6 0
-102 80 6 0
-101 79 4 0
-101 79 6 0
-101 79 5 0
-102 79 5 0
-107 52 9 0
-106 50 7 0
-119 87 12 1
-118 87 12 1
-117 87 11 1
-127 99 9 0
-127 99 8 0
-127 98 9 0
-127 98 8 0
-128 99 9 0
-128 99 8 0
-128 98 9 0
-128 98 8 0
-137 94 3 1
-103 77 8 0
-110 98 3 0
-107 96 4 0
-108 96 5 0
-108 96 4 0
-109 96 3 0
-110 97 3 0
-110 97 2 0
-110 96 3 0
-110 96 2 0
-109 94 3 0
-118 82 3 0
-119 82 4 0
-122 83 4 0
-128 53 -1 1
-126 68 2 1
-129 53 -1 1
-117 87 7 2
-117 87 8 1
-130 56 1 1
-117 88 6 1
-117 88 7 1
-104 87 4 0
-104 87 5 0
-104 87 3 0
-104 88 5 0
-105 83 2 0
-117 80 3 0
-118 85 7 1
-119 85 5 0
-118 84 5 0
-131 72 1 1
-131 72 2 0
-131 72 5 0
-107 85 3 0
-131 70 2 0
-131 70 4 0
-131 70 3 0
-132 71 2 0
-110 62 4 1
-104 85 4 0
-104 85 5 0
-105 86 3 0
-104 85 3 0
-106 87 5 0
-106 87 6 0
-111 62 3 1
-104 82 5 0
-106 80 4 0
-106 81 5 0
-101 74 6 0
-127 90 9 0
-128 92 9 0
-129 92 9 0
-102 75 7 0
-102 75 8 0
-102 75 4 0
-131 92 9 0
-130 90 10 0
-131 90 10 0
-122 50 9 0
-123 87 4 1
-123 86 4 1
-123 84 2 0
-123 85 3 0
-121 85 0 0
-121 85 4 0
-121 57 7 1
-121 57 8 1
-107 99 4 1
-107 99 3 1
-107 99 2 1
-128 71 4 0
-107 54 5 0
-106 93 1 1
-106 93 0 1
-106 93 -1 1
-107 93 0 2
-107 93 -1 1
-108 93 1 1
-103 91 6 0
-103 90 7 0
-102 92 7 0
-108 93 0 1
-104 93 6 0
-102 91 6 0
-102 92 5 0
-101 92 6 0
-108 93 -1 1
-102 90 5 0
-102 93 5 0
-103 90 5 0
-103 89 5 0
-105 93 5 0
-102 91 5 0
-104 90 4 0
-104 93 4 0
-102 91 4 0
-104 91 3 0
-103 92 4 0
-128 72 -3 1
-139 83 9 0
-139 81 6 0
-139 82 8 0
-139 81 7 0
-139 82 7 0
-120 83 13 0
-108 75 4 0
-110 75 5 0
-109 75 5 0
-109 76 5 0
-108 73 6 0
-107 75 6 0
-109 74 6 0
-109 74 5 0
-108 75 6 0
-108 74 5 0
-106 75 2 0
-107 74 3 0
-107 73 3 0
-105 75 3 0
-108 75 3 0
-106 76 3 0
-108 73 4 0
-108 76 4 0
-107 72 4 0
-105 76 4 0
-108 74 4 0
-107 75 3 0
-105 76 3 0
-107 73 4 0
-105 64 -1 1
-106 64 1 1
-106 64 0 2
-106 64 -1 1
-107 64 1 1
-107 64 0 1
-107 64 -1 1
-106 65 8 0
-105 64 3 0
-104 62 4 0
-106 69 3 0
-106 68 3 0
-106 67 3 0
-106 69 4 0
-104 68 3 0
-104 67 3 0
-105 67 3 0
-104 68 4 0
-103 65 3 0
-104 65 3 0
-105 65 3 0
-103 65 6 0
-104 65 5 0
-102 65 4 0
-103 65 4 0
-104 65 4 0
-107 66 2 0
-107 66 3 0
-106 67 1 1
-106 67 0 1
-106 67 -1 1
-106 66 1 1
-106 66 0 1
-106 66 -1 1
-106 65 1 1
-106 65 0 2
-106 65 -1 1
-107 67 0 1
-107 67 -1 1
-107 66 1 1
-108 57 8 0
-105 58 7 0
-105 59 6 0
-105 59 7 0
-108 58 8 0
-108 59 8 0
-107 59 8 0
-106 60 7 0
-106 61 7 0
-105 60 6 0
-105 60 7 0
-105 61 6 0
-105 61 7 0
-108 60 8 0
-108 61 8 0
-107 60 8 0
-107 61 8 0
-106 62 7 0
-106 63 7 0
-108 62 8 0
-108 63 8 0
-107 62 8 0
-107 63 8 0
-105 65 7 0
-108 64 8 0
-108 65 8 0
-121 68 8 2
-121 67 8 1
-121 67 9 1
-121 68 9 1
-120 90 14 0
-120 92 13 0
-119 92 13 0
-119 90 14 0
-127 91 10 0
-126 92 10 0
-128 93 10 0
-129 92 10 0
-129 92 11 0
-129 91 10 0
-130 91 10 0
-129 91 11 0
-128 90 10 0
-129 89 10 0
-128 90 11 0
-129 89 11 0
-127 90 10 0
-128 91 9 0
-128 91 8 0
-117 91 13 0
-107 68 4 0
-118 92 13 0
-118 90 14 0
-108 67 3 0
-119 71 6 0
-120 71 7 0
-119 71 8 0
-119 71 5 0
-121 72 6 0
-121 73 6 0
-120 74 6 0
-121 72 7 0
-121 73 7 0
-120 73 8 0
-121 72 5 0
-120 73 5 0
-123 75 6 0
-123 73 7 0
-123 74 8 0
-123 74 5 0
-123 75 5 0
-119 67 5 1
-119 67 6 1
-119 67 7 1
-119 68 5 2
-119 68 6 2
-119 68 7 1
-119 69 5 1
-119 69 6 1
-119 69 7 1
-122 70 6 0
-119 67 8 1
-119 67 9 1
-119 68 8 2
-119 68 9 1
-119 69 8 1
-119 69 9 1
-120 67 4 1
-120 68 4 1
-120 69 4 1
-119 67 4 1
-119 68 4 1
-119 69 4 1
-122 70 5 0
-123 71 8 0
-123 71 9 0
-123 71 10 0
-123 71 4 0
-123 71 3 0
-123 71 2 0
-118 71 6 0
-117 71 6 0
-119 71 7 0
-118 71 8 0
-118 71 5 0
-117 71 5 0
-120 72 6 0
-119 73 6 0
-118 74 6 0
-120 72 7 0
-119 73 7 0
-119 73 8 0
-120 72 5 0
-119 73 5 0
-121 75 6 0
-121 74 8 0
-121 74 5 0
-121 75 5 0
-150 62 -1 1
-150 62 0 1
-121 70 6 0
-121 70 5 0
-118 68 6 2
-118 67 5 1
-118 67 6 1
-122 96 6 0
-122 96 7 0
-122 97 7 0
-121 96 7 0
-121 97 7 0
-120 94 10 0
-120 94 11 0
-120 95 10 0
-120 95 11 0
-119 95 10 0
-119 95 11 0
-122 94 10 0
-122 95 10 0
-119 99 4 1
-121 94 10 0
-121 95 10 0
-122 99 6 0
-123 99 6 0
-122 99 4 0
-121 97 5 0
-121 96 5 0
-146 71 8 0
-146 71 9 0
-146 71 10 0
-146 71 4 0
-146 71 3 0
-146 71 2 0
-150 63 4 1
-150 63 5 1
-142 72 6 0
-141 72 6 0
-143 72 7 0
-142 72 7 0
-141 72 8 0
-144 72 5 0
-143 72 5 0
-142 72 5 0
-141 72 5 0
-143 73 6 0
-142 74 6 0
-143 73 7 0
-142 74 8 0
-143 73 5 0
-142 74 5 0
-145 75 6 0
-145 76 6 0
-145 74 7 0
-150 63 -1 1
-150 63 0 1
-147 74 8 0
-146 72 7 0
-147 72 7 0
-147 69 8 0
-129 76 2 0
-130 75 2 0
-107 64 8 0
-107 65 8 0
-106 67 7 0
-108 66 8 0
-108 68 8 0
-108 69 8 0
-107 68 8 0
-110 71 8 0
-109 71 8 0
-112 73 7 0
-111 73 7 0
-111 70 8 0
-114 74 7 0
-113 75 6 0
-116 74 7 0
-116 75 7 0
-115 74 7 0
-118 74 7 0
-117 74 7 0
-117 75 7 0
-120 74 7 0
-119 74 7 0
-122 75 7 0
-121 75 7 0
-105 56 8 0
-105 57 8 0
-123 74 1 0
-125 75 4 0
-136 86 9 0
-136 86 8 0
-137 88 7 0
-136 88 7 0
-147 89 4 0
-147 89 7 0
-147 90 7 0
-147 89 5 0
-147 92 5 0
-150 90 4 0
-149 90 7 0
-149 91 7 0
-148 91 6 0
-147 92 6 0
-150 90 5 0
-149 91 5 0
-148 92 5 0
-150 93 7 0
-149 93 6 0
-148 93 6 0
-150 93 5 0
-150 95 4 0
-149 95 7 0
-148 94 6 0
-150 96 5 0
-149 95 5 0
-148 94 5 0
-146 98 3 1
-147 98 3 1
-148 98 3 2
-148 97 3 2
-148 96 3 1
-147 96 7 0
-146 98 6 1
-146 98 5 1
-146 98 4 1
-147 98 6 1
-147 98 5 1
-147 98 4 1
-148 98 6 2
-148 98 5 2
-137 78 5 0
-130 73 4 0
-131 73 4 0
-125 98 3 0
-116 91 5 0
-116 91 6 0
-118 93 6 0
-136 92 1 1
-136 92 2 1
-136 92 3 1
-137 93 4 0
-133 95 1 1
-133 95 2 2
-133 95 3 1
-133 96 1 1
-133 96 2 2
-132 95 4 0
-122 98 10 0
-136 93 7 0
-140 95 4 1
-140 95 6 1
-140 96 6 1
-140 97 4 1
-140 97 5 1
-140 97 6 1
-140 95 7 1
-140 95 8 1
-140 96 8 1
-140 97 7 1
-140 97 8 1
-139 94 6 0
-141 95 5 1
-106 68 7 0
-105 68 7 0
-107 70 6 0
-106 71 7 0
-107 70 5 0
-106 71 5 0
-109 72 7 0
-107 66 7 0
-106 65 7 0
-105 67 5 0
-104 67 5 0
-105 67 7 0
-104 67 7 0
-104 67 4 0
-106 70 5 0
-105 70 5 0
-106 69 7 0
-106 70 7 0
-105 70 4 0
-108 71 4 0
-111 65 8 1
-110 65 8 2
-108 65 7 0
-108 64 7 0
-106 66 7 0
-105 65 4 0
-108 67 9 0
-108 67 2 0
-108 67 1 1
-103 67 5 0
-105 67 6 0
-105 67 4 0
-105 69 5 0
-105 69 7 0
-105 69 4 0
-107 70 4 0
-105 64 7 0
-105 64 4 0
-107 67 8 0
-107 67 9 0
-107 67 3 0
-107 67 2 0
-107 67 1 1
-105 66 4 0
-104 66 4 0
-103 66 4 0
-105 66 5 0
-104 66 6 0
-103 66 6 0
-103 66 3 0
-105 68 4 0
-104 69 4 0
-137 83 10 0
-136 84 10 0
-137 83 9 0
-135 84 9 0
-137 82 9 0
-138 82 9 0
-135 85 9 0
-136 81 9 0
-138 83 8 0
-135 85 8 0
-137 84 9 0
-137 84 10 0
-138 83 10 0
-137 85 10 0
-139 84 10 0
-136 85 10 0
-138 83 9 0
-138 82 10 0
-138 85 9 0
-139 85 9 0
-136 82 7 0
-138 84 10 0
-139 84 9 0
-139 85 10 0
-140 85 10 0
-139 83 10 0
-139 86 9 0
-140 84 9 0
-138 86 9 0
-140 85 9 0
-140 83 9 0
-141 84 8 0
-140 86 8 0
-138 85 6 0
-141 84 10 0
-140 86 10 0
-141 85 9 0
-141 85 10 0
-139 86 10 0
-140 83 10 0
-140 86 9 0
-141 86 10 0
-142 84 9 0
-139 87 9 0
-142 86 9 0
-141 83 9 0
-140 87 9 0
-141 85 8 0
-142 85 8 0
-141 86 8 0
-139 87 8 0
-141 85 7 0
-140 86 7 0
-106 51 7 0
-106 51 8 0
-106 51 6 0
-115 84 14 0
-117 84 15 0
-117 85 15 0
-117 86 15 0
-117 87 14 0
-115 87 15 0
-115 87 14 0
-114 86 15 0
-114 87 14 0
-114 85 15 0
-113 85 14 0
-117 83 17 0
-117 81 15 0
-119 83 14 0
-102 76 3 0
-102 76 4 0
-101 75 6 0
-104 84 4 0
-105 83 3 0
-105 83 5 0
-105 83 4 0
-106 83 3 0
-106 83 5 0
-115 91 7 0
-107 83 4 0
-124 98 0 1
-106 84 4 0
-106 86 5 0
-107 86 4 0
-105 87 5 0
-104 86 3 0
-104 86 5 0
-111 71 2 0
-139 82 6 0
-110 56 5 2
-110 56 4 2
-130 58 3 2
-132 56 0 1
-129 55 4 1
-130 55 4 2
-121 50 11 1
-122 50 11 2
-124 50 9 0
-124 50 8 0
-123 51 9 0
-123 51 8 0
-114 87 1 0
-114 87 2 0
-123 89 4 1
-124 90 3 0
-124 90 4 0
-115 89 0 0
-115 89 4 0
-127 60 0 2
-127 60 1 1
-116 87 9 0
-132 52 1 1
-115 70 1 1
-114 68 1 1
-114 69 1 1
-113 73 4 0
-114 72 4 0
-128 68 2 1
-113 72 2 0
-137 85 9 0
-137 85 6 0
-137 85 5 0
-122 83 2 0
-121 84 2 0
-122 85 1 1
-122 85 3 0
-113 73 3 0
-113 73 1 0
-114 74 4 0
-112 72 2 0
-113 72 3 0
-112 72 3 0
-124 75 2 0
-136 84 7 0
-138 86 6 0
-139 84 7 0
-140 84 7 0
-113 69 3 2
-140 84 8 0
-140 84 6 0
-139 83 8 0
-139 83 6 0
-138 83 7 0
-138 82 7 0
-112 74 4 0
-120 96 11 0
-121 96 11 0
-122 96 11 0
-122 97 10 0
-122 97 11 0
-107 66 5 0
-104 82 6 0
-131 60 2 2
-125 96 10 0
-125 97 10 0
-104 84 6 0
-138 80 5 0
-125 99 10 0
-138 79 5 0
-103 84 6 0
-125 99 7 0
-150 72 5 0
-149 72 6 0
-150 72 7 0
-104 84 3 0
-149 72 5 0
-106 85 3 0
-106 85 5 0
-106 85 4 0
-107 85 5 0
-118 91 7 1
-107 85 4 0
-101 99 6 0
-102 98 6 0
-103 98 6 0
-108 87 3 0
-101 99 7 0
-102 99 8 0
-102 98 8 0
-102 99 6 1
-102 98 5 0
-107 70 7 0
-107 71 8 0
-107 71 5 0
-109 65 8 1
-107 67 7 0
-107 66 8 0
-109 68 9 1
-109 68 10 1
-109 68 2 0
-107 87 5 0
-108 87 4 0
-107 88 5 0
-104 81 4 0
-104 80 4 0
-104 81 5 0
-132 67 4 1
-132 68 2 1
-122 85 7 0
-122 85 6 0
-120 86 5 0
-116 90 8 1
-116 90 7 1
-115 83 1 0
-120 81 7 0
-120 83 8 0
-120 83 4 0
-121 85 6 0
-121 85 5 0
-122 83 7 0
-121 82 6 0
-121 82 5 0
-119 82 7 0
-120 86 6 0
-120 86 7 0
-107 61 4 0
-129 60 0 2
-122 94 1 0
-104 77 7 0
-104 77 6 0
-107 61 3 0
-108 70 7 0
-106 71 6 0
-107 71 6 0
-105 68 5 0
-110 99 5 1
-110 98 5 0
-110 98 4 0
-111 99 3 1
-111 99 2 1
-131 56 2 1
-124 99 2 1
-124 99 1 2
-124 99 0 1
-127 59 3 2
-131 67 0 1
-131 67 1 1
-136 77 2 0
-130 67 0 2
-118 83 8 0
-102 77 2 0
-101 77 1 1
-103 77 -1 1
-103 77 0 1
-103 77 1 1
-102 77 -1 1
-102 77 0 1
-102 77 1 1
-101 77 -1 1
-101 77 0 2
-101 89 4 0
-102 90 3 0
-101 90 4 0
-103 90 4 0
-102 91 3 0
-101 91 3 0
-103 90 3 0
-148 67 6 1
-148 67 5 1
-148 66 7 1
-148 66 6 1
-148 66 5 1
-149 75 5 0
-149 75 8 0
-131 60 1 2
-149 75 6 0
-147 71 7 0
-145 71 6 0
-150 71 2 0
-145 89 7 0
-145 89 4 0
-143 90 5 1
-145 93 8 0
-145 93 9 0
-146 92 1 1
-146 92 2 2
-146 92 3 1
-146 93 1 1
-120 86 10 0
-120 86 8 0
-118 86 11 1
-112 62 3 1
-112 62 4 1
-112 62 5 1
-112 63 3 1
-112 63 4 1
-132 57 2 1
-131 57 0 1
-130 57 0 2
-129 54 0 2
-130 54 -1 1
-130 55 -1 1
-129 54 -1 1
-129 55 -1 1
-129 55 0 2
-128 54 -1 1
-128 54 0 2
-128 55 -1 1
-128 55 0 1
-128 55 1 2
-118 91 4 1
-118 95 2 0
-118 95 1 0
-118 92 3 1
-117 90 3 2
-109 63 4 1
-109 63 5 1
-109 63 6 1
-108 64 4 0
-108 64 5 0
-109 69 4 1
-109 69 5 1
-117 79 2 0
-106 89 2 0
-110 71 4 0
-117 79 3 0
-117 79 1 1
-102 81 -1 1
-102 81 0 1
-102 81 1 1
-101 80 -1 1
-101 80 0 2
-101 81 -1 1
-101 81 0 1
-118 77 3 0
-112 66 4 1
-112 66 5 1
-139 92 2 2
-112 67 6 1
-139 93 1 1
-112 68 6 2
-112 69 6 1
-111 67 6 1
-111 68 6 2
-111 69 6 1
-110 67 3 1
-110 67 4 1
-138 93 7 0
-141 96 5 1
-141 97 5 1
-141 94 6 0
-114 70 3 1
-114 90 2 0
-114 90 1 0
-114 92 2 0
-137 97 5 1
-137 97 6 1
-137 95 7 1
-113 69 1 1
-113 68 1 1
-114 70 1 1
-108 65 2 0
-108 65 3 0
-108 65 6 0
-107 63 4 0
-108 63 5 0
-108 63 4 0
-109 62 6 1
-109 62 5 1
-109 62 4 1
-110 62 6 2
-111 62 6 1
-106 65 5 0
-107 65 5 0
-106 65 4 0
-106 64 2 0
-105 63 1 1
-105 63 0 2
-105 63 -1 1
-106 63 1 1
-106 63 0 1
-106 63 -1 1
-108 66 2 0
-108 66 3 0
-108 66 6 0
-107 64 5 0
-107 64 4 0
-115 98 5 0
-116 99 8 0
-116 99 7 0
-118 97 5 0
-118 97 8 0
-118 97 6 0
-120 98 5 0
-120 98 8 0
-120 99 8 0
-119 99 7 0
-103 88 4 0
-102 89 3 0
-101 89 3 0
-101 90 3 0
-103 89 3 0
-102 90 2 0
-104 88 2 0
-101 89 2 0
-103 89 2 0
-101 88 2 0
-101 90 1 1
-103 88 1 1
-102 89 1 1
-103 88 0 2
-104 88 -1 1
-104 88 0 1
-104 88 1 1
-104 89 -1 1
-104 89 0 1
-104 89 1 1
-103 88 -1 1
-103 89 -1 1
-103 89 0 2
-103 89 1 1
-102 89 -1 1
-102 89 0 1
-101 89 0 2
-102 90 -1 1
-102 90 0 1
-102 90 1 1
-101 89 -1 1
-101 89 1 1
-101 90 -1 1
-101 90 0 2
-101 61 -1 1
-101 61 0 1
-101 62 -1 1
-101 62 0 1
-101 63 -1 1
-101 63 0 2
-101 94 3 0
-101 94 4 0
-141 68 9 1
-141 68 8 1
-141 67 9 1
-141 67 8 1
-141 69 7 1
-141 69 5 1
-141 68 7 1
-141 68 6 1
-141 68 5 1
-141 67 7 1
-141 67 6 1
-141 67 5 1
-144 72 7 0
-144 74 8 0
-142 75 5 1
-139 92 6 0
-140 91 5 1
-127 50 1 2
-129 50 2 1
-134 96 4 2
-134 96 5 2
-129 50 3 1
-129 50 1 1
-131 51 1 2
-115 85 9 0
-141 82 6 0
-139 80 7 0
-139 80 6 0
-139 82 9 0
-139 82 5 0
-117 93 1 0
-117 93 2 0
-117 91 1 1
-117 91 0 1
-117 90 2 2
-117 90 1 2
-117 90 0 1
-118 94 1 0
-118 92 0 1
-118 91 2 2
-118 91 0 1
-119 88 6 2
-119 89 6 1
-119 90 6 1
-120 91 6 0
-105 61 3 0
-108 61 4 0
-111 60 4 1
-119 93 2 0
-111 60 5 1
-111 60 6 1
-110 60 4 1
-110 60 5 1
-110 60 6 1
-142 80 8 0
-115 86 6 0
-117 86 5 1
-116 87 8 1
-116 86 8 1
-116 86 7 1
-117 86 8 1
-117 86 7 2
-118 86 8 1
-118 86 7 1
-145 73 5 0
-133 60 2 1
-104 76 7 0
-103 77 7 0
-101 75 4 0
-101 75 8 0
-103 75 7 0
-101 77 7 0
-101 77 6 0
-102 72 7 0
-102 72 6 0
-105 86 4 0
-137 74 6 0
-139 73 7 0
-138 73 7 0
-137 74 8 0
-139 73 5 0
-138 74 5 0
-137 74 5 0
-140 75 6 0
-140 76 6 0
-140 74 7 0
-140 75 8 0
-140 75 5 0
-141 73 6 0
-141 73 5 0
-141 70 6 0
-140 68 6 2
-140 67 5 1
-140 67 6 1
-140 67 7 1
-140 68 5 1
-140 68 7 1
-140 69 7 1
-139 67 5 1
-139 67 6 1
-139 67 7 1
-114 83 1 0
-114 85 3 0
-114 85 4 0
-117 85 2 1
-129 52 2 1
-106 96 2 0
-106 96 3 0
-107 96 3 0
-122 96 12 0
-109 96 2 0
-108 95 3 0
-108 96 3 0
-108 94 2 0
-109 93 2 0
-108 94 3 0
-107 94 2 0
-107 93 2 0
-107 94 3 0
-107 93 3 0
-106 94 2 0
-106 93 2 0
-106 94 3 0
-123 89 6 0
-123 89 7 0
-123 89 5 0
-105 56 7 0
-106 93 3 0
-105 93 3 0
-105 93 4 0
-105 93 2 0
-106 94 4 0
-108 94 4 0
-108 93 3 0
-109 93 3 0
-109 93 4 0
-108 93 2 0
-108 92 3 0
-108 92 4 0
-108 92 2 0
-107 92 3 0
-107 91 3 0
-107 91 4 0
-107 92 2 0
-107 91 2 0
-106 92 3 0
-106 92 4 0
-147 93 2 2
-147 93 9 0
-147 93 8 0
-144 90 4 0
-145 91 7 0
-146 91 6 0
-110 55 8 1
-122 67 4 1
-122 68 4 1
-122 69 4 1
-125 70 5 0
-126 71 8 0
-126 71 9 0
-126 71 10 0
-126 71 4 0
-130 97 5 0
-131 97 5 1
-132 97 5 1
-129 97 6 0
-130 97 6 0
-131 97 7 1
-129 97 4 0
-130 97 4 0
-131 97 4 0
-129 96 5 0
-130 94 5 0
-129 95 6 0
-130 95 7 0
-129 96 4 0
-130 94 4 0
-128 95 5 0
-128 94 5 0
-128 93 5 0
-128 95 6 0
-128 94 6 0
-128 93 7 0
-128 95 4 0
-128 94 4 0
-128 93 4 0
-138 72 6 0
-139 72 7 0
-138 72 8 0
-138 72 5 0
-108 53 6 0
-108 55 7 0
-106 55 7 0
-135 89 7 0
-131 53 1 2
-127 52 1 1
-106 91 2 0
-105 91 2 0
-124 77 3 0
-123 77 2 0
-123 75 1 0
-123 75 3 0
-127 53 4 2
-123 75 2 0
-127 53 2 1
-128 53 4 1
-128 53 3 1
-128 53 2 1
-125 51 4 2
-125 51 3 1
-125 51 2 1
-125 50 4 2
-125 50 3 1
-125 50 2 1
-126 75 0 0
-134 85 8 0
-136 87 9 0
-107 55 4 0
-107 55 8 0
-107 55 7 0
-106 54 7 0
-107 53 5 0
-107 53 7 0
-122 91 1 1
-121 91 2 0
-122 93 4 0
-101 66 3 0
-101 68 5 0
-101 67 5 0
-101 69 4 0
-101 66 4 0
-101 68 4 0
-101 69 3 0
-101 67 3 0
-101 68 3 0
-101 69 5 0
-102 68 5 0
-101 70 4 0
-102 70 4 0
-102 69 4 0
-101 71 3 0
-102 68 3 0
-102 70 3 0
-101 69 2 0
-142 80 7 0
-145 79 7 0
-144 77 7 0
-144 76 7 0
-143 80 7 0
-144 78 6 0
-145 78 6 0
-144 79 6 0
-132 96 1 1
-132 96 2 2
-132 96 3 1
-131 94 1 1
-131 94 2 1
-131 94 3 1
-130 94 1 1
-130 94 2 1
-130 94 3 1
-131 95 4 0
-102 54 5 1
-102 54 6 0
-103 53 -1 1
-103 53 0 1
-102 53 -1 1
-102 53 0 2
-101 53 -1 1
-107 90 0 2
-107 90 1 1
-106 88 -1 1
-106 88 0 1
-106 89 -1 1
-106 89 0 1
-106 90 -1 1
-106 90 0 1
-111 66 4 2
-111 66 5 2
-111 66 6 1
-110 65 4 2
-128 72 -1 1
-127 70 -3 1
-127 70 -2 1
-127 71 -3 1
-127 71 -2 1
-127 72 -3 1
-127 72 -2 1
-108 94 -1 1
-108 94 0 1
-108 94 1 1
-107 94 -1 1
-107 94 0 2
-107 94 1 1
-106 94 -1 1
-106 94 0 1
-106 94 1 1
-108 69 4 0
-110 69 6 1
-109 68 6 1
-109 69 6 1
-114 66 2 1
-113 66 2 1
-112 66 2 1
-108 66 4 0
-108 66 5 0
-108 91 -1 1
-108 91 0 1
-108 91 1 1
-107 91 -1 1
-107 91 0 2
-107 91 1 1
-106 91 -1 1
-106 91 0 1
-106 91 1 1
-129 51 7 1
-101 71 4 0
-102 70 5 0
-102 70 6 0
-122 80 1 1
-119 85 12 0
-119 85 13 0
-119 85 11 0
-119 86 11 1
-133 75 6 0
-128 99 6 0
-128 99 4 0
-126 99 5 0
-126 99 6 0
-126 99 4 0
-125 99 5 0
-117 86 12 1
-109 59 8 1
-110 59 8 1
-111 59 8 1
-108 59 7 0
-106 59 7 0
-107 57 8 0
-108 58 7 0
-106 58 7 0
-105 57 7 0
-106 53 4 0
-106 52 4 0
-106 52 5 0
-131 50 7 1
-148 88 10 0
-147 86 10 0
-130 50 7 1
-148 87 9 0
-146 86 9 0
-148 88 9 0
-129 50 7 1
-131 53 6 1
-130 53 6 2
-121 92 2 0
-124 92 1 1
-123 92 1 1
-123 94 1 0
-105 87 3 0
-129 51 0 2
-119 81 6 0
-122 93 1 1
-133 61 2 1
-133 61 1 1
-133 61 0 1
-135 88 6 0
-130 53 2 2
-108 92 -1 1
-118 76 2 0
-103 99 6 1
-105 98 5 0
-105 99 8 0
-104 99 7 0
-106 98 6 0
-105 98 6 0
-105 53 7 0
-109 53 7 1
-108 52 7 0
-126 52 5 1
-127 52 5 1
-128 52 5 1
-126 58 5 1
-126 57 5 1
-126 56 5 1
-135 71 9 0
-127 57 5 1
-127 56 5 1
-128 58 5 1
-125 63 4 1
-128 63 4 1
-129 61 1 1
-131 61 3 2
-131 61 4 1
-132 62 0 1
-132 62 1 1
-119 84 2 1
-119 99 6 1
-146 94 3 1
-146 94 2 2
-146 94 1 1
-146 93 3 1
-146 93 2 2
-116 90 12 0
-125 63 3 1
-125 68 1 1
-125 68 0 1
-125 66 5 1
-125 66 4 1
-125 66 3 1
-126 66 5 1
-126 65 5 1
-127 66 5 1
-127 65 5 1
-133 68 4 2
-125 69 5 1
-125 68 5 2
-114 70 8 0
-114 70 9 0
-114 70 10 0
-109 70 6 0
-110 70 7 0
-109 70 8 0
-110 72 6 0
-110 73 6 0
-111 71 7 0
-111 72 7 0
-110 72 8 0
-110 73 5 0
-148 75 8 0
-113 73 7 0
-113 74 8 0
-113 74 5 0
-115 72 8 0
-116 70 8 0
-113 70 7 0
-113 70 8 0
-113 70 9 0
-109 60 5 1
-109 60 4 1
-118 87 8 1
-118 87 7 1
-118 87 6 1
-119 87 8 1
-119 87 7 1
-119 87 6 1
-120 87 8 1
-134 67 7 1
-134 68 5 2
-134 68 6 1
-134 68 7 1
-134 69 5 1
-134 69 6 1
-134 69 7 1
-106 87 1 0
-133 67 7 1
-133 68 7 2
-133 69 6 1
-133 69 7 1
-132 67 6 1
-132 67 7 1
-132 68 6 2
-132 68 7 2
-132 69 6 1
-132 69 7 1
-135 70 6 0
-135 70 7 0
-135 69 7 1
-123 93 12 0
-123 93 13 0
-123 92 11 0
-123 93 11 0
-125 92 12 0
-123 55 6 1
-123 56 6 1
-123 57 6 1
-118 98 4 0
-119 98 4 0
-118 98 7 0
-121 97 4 0
-121 98 4 0
-121 99 4 0
-109 94 2 0
-110 95 3 0
-110 95 2 0
-109 56 3 1
-110 56 3 1
-131 71 2 0
-132 68 5 2
-120 82 1 1
-129 60 2 1
-126 52 3 2
-126 52 4 2
-127 51 1 1
-131 52 1 2
-131 52 2 1
-131 52 3 1
-130 52 1 1
-130 52 2 2
-105 51 3 1
-105 51 4 1
-104 51 2 1
-104 51 3 1
-104 51 4 1
-103 51 2 1
-103 51 3 1
-103 51 4 1
-104 50 5 0
-117 80 1 1
-127 56 1 2
-129 58 3 2
-127 60 3 2
-128 61 2 1
-128 61 3 2
-128 61 4 1
-127 60 2 1
-127 60 4 1
-127 61 2 1
-127 61 3 2
-127 61 4 1
-126 60 2 1
-126 60 3 2
-126 60 4 1
-126 61 2 1
-126 61 3 2
-126 61 4 1
-127 59 1 1
-129 61 3 2
-130 61 2 2
-130 61 3 2
-130 61 4 1
-130 62 2 2
-130 58 2 2
-150 71 5 0
-149 68 4 1
-149 68 3 1
-149 67 4 2
-149 67 3 1
-149 66 4 1
-117 72 3 0
-132 71 3 0
-119 74 3 0
-118 73 3 0
-128 67 6 1
-128 67 7 1
-128 68 6 2
-128 68 7 1
-128 69 6 1
-128 69 7 1
-131 70 6 0
-130 70 6 0
-129 68 8 2
-130 67 8 1
-130 67 9 1
-130 68 8 2
-130 68 9 1
-130 69 8 1
-130 69 9 1
-129 67 8 1
-132 53 1 1
-109 56 6 1
-127 53 3 2
-126 53 2 1
-126 53 4 2
-128 51 1 1
-114 66 5 1
-114 67 3 1
-112 66 3 1
-121 91 13 0
-135 98 3 1
-134 96 3 1
-133 96 3 1
-135 95 7 1
-136 95 7 1
-133 94 5 0
-134 93 5 0
-135 92 5 0
-133 94 6 0
-134 93 7 0
-134 92 7 0
-135 92 4 0
-132 92 5 0
-132 91 5 0
-132 93 6 0
-132 92 7 0
-132 91 7 0
-132 92 4 0
-132 91 4 0
-129 92 7 0
-129 58 2 1
-130 59 2 2
-131 53 2 1
-131 53 3 1
-126 52 2 1
-127 52 4 2
-127 52 3 2
-127 52 2 1
-128 52 4 1
-126 50 1 1
-127 59 2 1
-128 50 1 1
-108 66 0 1
-110 63 9 1
-109 63 9 1
-119 91 3 1
-110 68 10 1
-143 80 8 0
-125 65 1 1
-122 93 0 1
-125 65 0 1
-126 67 2 1
-126 67 1 2
-126 67 0 1
-127 67 2 2
-127 67 1 2
-120 93 1 0
-127 67 0 1
-120 93 2 0
-121 92 1 0
-121 92 3 0
-118 69 6 1
-118 69 7 1
-117 67 5 1
-117 67 6 1
-117 67 7 1
-117 68 5 2
-117 68 6 2
-117 68 7 2
-117 69 5 1
-117 69 6 1
-117 69 7 1
-118 68 8 2
-118 67 8 1
-118 67 9 1
-118 68 9 1
-118 69 8 1
-118 69 9 1
-141 76 8 0
-117 67 9 1
-141 77 8 0
-117 68 9 1
-117 69 8 1
-117 69 9 1
-118 67 4 1
-118 68 4 1
-118 69 4 1
-121 71 8 0
-121 71 9 0
-121 71 10 0
-118 73 5 0
-106 57 8 0
-108 56 4 0
-120 73 7 0
-121 84 6 0
-121 84 7 0
-121 84 5 0
-121 81 6 0
-121 81 7 0
-121 81 5 0
-118 81 7 0
-122 83 6 0
-122 83 5 0
-121 82 7 0
-114 88 2 0
-146 77 6 0
-146 79 5 0
-147 77 5 0
-148 78 5 0
-116 88 13 0
-135 95 5 1
-135 95 4 1
-136 97 6 1
-136 97 5 1
-136 97 4 1
-136 96 6 1
-136 96 5 2
-136 96 4 2
-136 95 6 1
-136 95 5 1
-136 95 4 1
-135 96 5 2
-132 99 3 1
-132 98 3 1
-133 99 3 2
-133 98 3 2
-128 97 4 0
-127 96 3 1
-121 87 6 1
-128 66 4 2
-149 78 8 0
-149 78 9 0
-149 79 8 0
-148 77 8 0
-150 79 8 0
-117 92 2 1
-117 92 1 1
-117 92 0 1
-115 75 0 0
-115 75 4 0
-115 73 1 0
-115 74 1 0
-115 73 3 0
-124 88 5 0
-123 90 7 0
-121 89 8 1
-118 94 2 0
-121 88 8 1
-121 87 8 1
-129 65 3 2
-131 65 3 1
-130 65 3 2
-131 65 4 1
-130 65 4 1
-129 65 4 2
-130 64 5 1
-124 55 10 1
-124 55 11 1
-124 56 11 1
-124 57 10 1
-127 65 3 2
-123 55 10 1
-127 66 2 1
-117 76 3 0
-116 77 3 0
-114 77 1 0
-114 77 3 0
-114 77 2 0
-119 92 2 1
-119 92 1 1
-119 92 0 1
-119 91 0 1
-119 90 2 2
-119 90 1 1
-116 76 0 0
-116 76 4 0
-115 75 1 0
-115 75 3 0
-115 75 2 0
-116 74 1 0
-119 91 1 2
-116 74 3 0
-116 74 2 0
-116 75 2 0
-118 75 1 0
-118 75 2 0
-114 87 10 0
-113 86 10 0
-106 57 7 0
-120 84 1 1
-123 87 7 0
-124 87 6 0
-122 89 5 0
-122 88 5 0
-122 89 7 0
-122 89 6 0
-122 88 6 0
-123 88 5 0
-123 88 7 0
-144 90 10 0
-145 88 10 0
-144 88 7 0
-142 88 7 0
-145 89 8 0
-145 91 8 0
-142 88 8 0
-122 90 11 0
-106 54 8 0
-110 51 8 2
-121 90 12 0
-119 90 13 0
-124 93 6 0
-126 93 5 0
-126 94 5 0
-123 94 5 0
-122 87 13 0
-122 89 11 0
-122 89 13 0
-122 90 12 0
-124 92 6 0
-126 92 5 0
-126 92 4 0
-126 93 4 0
-124 75 3 0
-121 89 1 1
-121 89 2 1
-121 89 3 1
-115 86 15 0
-116 84 14 0
-115 86 14 0
-115 85 14 0
-113 68 5 2
-113 67 6 1
-113 67 5 2
-126 71 2 1
-126 71 3 0
-126 71 1 1
-127 72 2 0
-122 89 12 0
-123 89 12 0
-123 89 13 0
-123 89 11 0
-121 89 14 0
-113 67 4 2
-114 69 6 1
-114 69 5 1
-114 68 6 2
-114 67 6 1
-114 67 5 2
-114 67 4 1
-115 69 6 1
-115 69 5 1
-105 57 3 0
-105 57 1 0
-101 51 6 0
-126 51 7 0
-122 55 9 1
-122 55 8 1
-111 71 5 0
-126 53 3 2
-126 55 6 1
-126 56 10 1
-121 86 9 0
-110 71 5 0
-129 99 5 0
-132 99 5 1
-130 98 6 0
-131 98 6 1
-132 99 4 1
-130 96 5 0
-131 96 5 1
-132 96 5 1
-133 96 5 1
-123 86 6 0
-130 96 6 0
-131 96 6 1
-132 96 6 1
-132 96 7 1
-132 96 4 0
-133 96 4 1
-132 93 5 0
-131 94 6 0
-132 94 4 0
-129 94 5 0
-129 93 5 0
-129 92 5 0
-129 94 6 0
-129 93 7 0
-129 93 4 0
-129 92 4 0
-127 94 6 0
-129 96 7 0
-129 96 8 0
-129 96 9 0
-130 95 1 1
-130 95 2 1
-130 95 3 1
-130 96 1 1
-130 96 2 2
-130 96 3 1
-130 97 1 1
-130 97 2 2
-130 97 3 1
-129 95 1 1
-129 95 2 1
-128 95 3 1
-115 67 8 1
-115 67 9 1
-115 68 8 1
-115 68 9 1
-115 69 8 1
-115 69 9 1
-118 71 9 0
-118 71 10 0
-118 71 4 0
-118 71 3 0
-118 71 2 0
-127 96 7 0
-130 99 7 0
-133 99 5 2
-134 98 4 2
-134 98 5 2
-134 98 6 1
-134 99 4 1
-134 99 5 1
-134 99 6 1
-133 98 4 2
-133 98 5 2
-133 98 6 2
-133 99 4 2
-133 99 6 1
-132 98 4 1
-132 98 5 1
-132 98 6 2
-132 99 6 2
-132 98 7 1
-134 98 3 2
-134 99 3 1
-116 90 6 0
-116 89 5 0
-118 91 8 1
-115 91 5 0
-116 92 7 0
-117 93 6 0
-117 93 7 0
-117 93 5 0
-119 92 7 0
-116 89 7 1
-117 91 7 1
-117 91 8 1
-124 90 2 1
-127 88 4 0
-127 86 2 0
-126 85 3 0
-123 89 2 1
-147 78 8 0
-146 78 9 0
-148 78 9 0
-147 94 2 2
-147 79 8 0
-147 78 7 0
-148 78 7 0
-148 78 8 0
-146 79 8 0
-147 77 8 0
-148 80 8 0
-149 77 8 0
-148 94 1 1
-146 80 7 0
-148 79 7 0
-149 79 7 0
-148 77 7 0
-147 80 7 0
-149 78 7 0
-125 91 13 0
-125 91 12 0
-125 92 11 0
-124 91 11 0
-125 92 13 0
-122 91 8 0
-147 80 6 0
-104 56 -1 1
-104 56 0 1
-104 57 -1 1
-104 57 0 1
-103 56 -1 1
-103 56 0 2
-103 57 -1 1
-131 71 6 0
-132 71 6 0
-125 73 8 0
-125 73 7 0
-101 54 2 1
-101 54 3 1
-101 55 2 0
-101 55 3 1
-137 71 2 0
-137 71 3 0
-137 71 4 0
-137 71 10 0
-137 71 9 0
-137 71 8 0
-137 71 7 0
-135 69 5 1
-135 70 5 0
-134 69 4 1
-134 69 3 1
-134 68 4 1
-134 68 3 1
-134 67 4 1
-134 67 3 1
-129 69 4 1
-129 69 3 1
-129 69 2 1
-129 68 4 2
-130 69 4 1
-130 69 3 1
-130 69 2 1
-130 68 4 2
-130 68 2 1
-131 69 4 1
-131 69 3 1
-132 50 1 1
-130 58 0 2
-123 77 1 0
-125 76 2 0
-150 60 6 1
-150 61 6 1
-150 62 6 1
-125 76 1 0
-126 77 3 0
-126 77 1 0
-126 74 3 0
-125 74 3 0
-126 50 4 2
-126 50 3 2
-126 50 2 1
-123 74 2 0
-124 74 3 0
-124 78 2 0
-127 50 4 2
-127 50 3 2
-148 97 5 2
-148 97 4 2
-148 96 6 1
-148 96 4 1
-146 94 6 0
-144 93 4 0
-144 94 3 1
-144 94 2 2
-144 94 1 1
-144 93 3 1
-144 93 1 1
-144 92 3 1
-144 92 2 1
-144 92 1 1
-145 94 3 1
-145 94 2 2
-145 94 1 1
-145 93 3 1
-145 93 2 2
-145 93 1 1
-145 92 3 1
-145 92 2 2
-145 92 1 1
-144 93 2 2
-144 93 9 0
-144 93 8 0
-140 89 5 1
-140 89 4 1
-150 56 6 1
-150 57 6 1
-150 58 6 1
-140 89 3 1
-141 89 3 1
-142 89 3 1
-144 89 4 0
-144 89 7 0
-144 90 7 0
-144 91 6 0
-144 89 5 0
-147 90 4 0
-146 90 7 0
-146 91 7 0
-145 92 6 0
-147 90 5 0
-146 91 5 0
-145 91 5 0
-145 92 5 0
-148 93 4 0
-148 93 5 0
-147 93 5 0
-146 95 7 1
-145 94 6 0
-145 93 6 0
-145 94 5 0
-144 97 4 1
-144 96 7 1
-150 95 6 0
-144 97 5 1
-150 95 8 0
-142 95 7 0
-143 94 6 0
-127 97 0 1
-127 96 2 1
-127 96 1 2
-130 73 3 0
-131 73 3 0
-138 79 7 0
-138 79 6 0
-140 79 5 0
-108 99 6 1
-116 84 6 0
-116 84 5 0
-107 99 5 1
-107 99 6 1
-129 66 2 1
-119 85 6 0
-129 66 3 1
-116 85 15 0
-133 75 4 0
-149 57 0 1
-149 58 0 1
-149 59 0 1
-123 96 4 0
-123 96 5 0
-127 95 4 0
-131 66 2 2
-125 94 4 0
-130 66 2 2
-124 95 4 0
-125 96 3 0
-130 66 4 1
-129 66 4 2
-131 66 0 2
-124 99 9 0
-123 98 8 0
-123 98 9 0
-123 99 8 0
-123 99 9 0
-137 79 4 0
-136 77 4 0
-136 78 6 0
-129 67 0 2
-136 78 5 0
-137 77 4 0
-119 88 3 1
-119 88 2 1
-119 88 1 1
-120 80 1 1
-113 89 8 0
-132 62 2 1
-134 89 8 0
-102 93 4 0
-101 95 4 0
-101 95 3 0
-102 95 3 0
-101 95 2 0
-103 95 2 0
-101 96 2 0
-103 94 2 0
-102 95 2 0
-101 96 1 1
-102 96 0 2
-103 96 -1 1
-103 96 0 1
-111 71 6 0
-112 71 7 0
-111 71 8 0
-113 72 6 0
-112 73 6 0
-113 72 7 0
-112 73 8 0
-112 73 5 0
-115 75 6 0
-115 74 8 0
-111 69 7 1
-114 70 6 0
-111 67 8 1
-111 67 9 1
-111 68 8 2
-111 68 9 1
-111 69 8 1
-111 69 9 1
-114 70 5 0
-115 71 9 0
-115 71 10 0
-113 70 6 0
-112 70 6 0
-110 70 6 0
-120 93 8 0
-120 93 9 0
-107 84 3 0
-103 86 3 0
-124 95 10 0
-123 94 10 0
-123 94 11 0
-123 95 10 0
-123 95 11 0
-133 71 6 0
-135 71 7 0
-134 71 7 0
-133 71 8 0
-128 77 3 0
-129 78 6 0
-130 78 3 0
-130 79 3 0
-107 66 -1 1
-143 79 3 1
-143 78 5 1
-143 78 4 1
-143 78 3 1
-143 77 5 1
-143 77 4 1
-143 77 3 1
-102 91 7 0
-102 92 6 0
-101 90 6 0
-101 92 5 0
-102 90 6 0
-101 91 5 0
-142 78 4 2
-141 77 5 1
-101 93 5 0
-101 89 5 0
-141 79 6 0
-141 78 6 0
-138 76 6 0
-104 92 3 0
-103 91 3 0
-140 77 6 0
-141 79 7 0
-140 78 6 0
-139 76 7 0
-139 79 7 0
-141 77 7 0
-140 76 7 0
-141 78 8 0
-140 78 7 0
-139 77 8 0
-139 79 8 0
-140 77 8 0
-140 77 7 0
-139 78 8 0
-138 76 4 0
-139 76 5 0
-139 77 6 0
-139 76 6 0
-139 77 7 0
-138 76 7 0
-138 77 6 0
-139 78 7 0
-138 78 7 0
-137 76 7 0
-137 79 8 0
-137 78 7 0
-138 77 8 0
-138 77 7 0
-137 77 8 0
-136 79 6 0
-137 76 6 0
-134 77 7 0
-136 79 7 0
-136 76 7 0
-136 76 6 0
-137 77 7 0
-101 91 6 0
-135 76 7 0
-136 77 7 0
-101 90 5 0
-135 77 8 0
-121 94 9 0
-121 94 8 0
-122 95 9 0
-122 95 8 0
-122 94 9 0
-122 94 8 0
-109 97 8 0
-109 98 8 0
-109 96 6 0
-109 97 6 0
-112 98 8 0
-111 98 8 0
-111 99 7 0
-112 98 6 0
-111 98 6 0
-114 99 6 1
-107 87 2 0
-107 86 3 0
-108 87 2 0
-138 83 6 0
-103 76 5 0
-104 76 6 0
-104 76 5 0
-104 78 6 0
-104 79 6 0
-103 78 6 0
-101 78 6 0
-101 78 5 0
-109 50 6 1
-129 69 1 1
-102 82 4 0
-139 81 4 0
-132 74 6 0
-131 72 3 0
-132 72 3 0
-132 72 4 0
-134 72 3 0
-126 96 3 0
-127 97 4 0
-126 97 5 0
-126 97 6 0
-126 97 4 0
-129 57 2 1
-129 57 1 1
-130 57 3 2
-131 67 5 1
-118 85 4 0
-150 90 8 0
-119 83 1 1
-120 85 1 0
-131 75 3 0
-132 76 5 0
-133 73 5 0
-133 73 3 0
-132 73 4 0
-131 74 4 0
-130 74 4 0
-107 96 0 1
-107 96 1 1
-108 97 -1 1
-108 97 0 1
-124 94 8 0
-120 96 8 0
-108 96 0 2
-107 96 -1 1
-123 94 9 0
-120 88 13 0
-123 54 8 0
-123 94 8 0
-112 65 6 1
-109 97 -1 1
-109 97 0 2
-123 95 9 0
-129 97 1 1
-129 96 3 1
-129 96 2 2
-129 96 1 1
-128 97 9 0
-128 97 8 0
-150 53 2 1
-150 53 3 1
-124 69 6 1
-124 69 7 1
-150 52 5 1
-150 53 4 1
-150 53 5 1
-150 54 4 1
-150 54 5 1
-130 73 8 0
-128 70 7 0
-150 50 5 1
-150 51 5 1
-124 67 5 1
-124 67 6 1
-124 67 7 1
-124 68 5 2
-124 68 7 2
-124 69 5 1
-120 84 8 0
-122 82 5 0
-120 81 6 0
-145 88 7 0
-146 89 7 0
-143 87 7 0
-146 88 8 0
-145 88 8 0
-144 87 8 0
-144 88 8 0
-146 89 8 0
-145 87 9 0
-145 88 9 0
-146 90 9 0
-144 87 9 0
-146 88 9 0
-142 88 9 0
-145 87 10 0
-145 89 10 0
-143 88 10 0
-137 75 8 0
-137 75 5 0
-139 73 6 0
-139 71 7 0
-140 71 8 0
-136 67 5 1
-136 67 6 1
-125 53 2 1
-128 57 1 1
-127 57 1 1
-129 57 0 2
-128 57 0 1
-127 55 0 2
-127 56 0 2
-127 57 0 2
-127 58 2 1
-128 80 7 0
-128 81 6 0
-128 82 7 0
-129 79 7 0
-127 80 6 0
-129 82 6 0
-128 82 6 0
-128 79 6 0
-131 82 6 0
-127 81 6 0
-129 82 5 0
-129 83 5 0
-128 80 5 0
-128 79 5 0
-128 81 5 0
-128 82 5 0
-130 82 5 0
-127 80 5 0
-129 82 4 0
-128 79 4 0
-128 81 4 0
-130 79 4 0
-128 80 4 0
-130 81 4 0
-129 81 3 0
-125 83 9 0
-126 83 9 0
-126 84 8 0
-125 84 9 0
-125 82 8 0
-127 83 8 0
-124 84 8 0
-126 85 8 0
-124 82 8 0
-125 84 7 0
-125 85 8 0
-125 81 7 0
-124 84 7 0
-126 85 7 0
-124 82 7 0
-126 81 6 0
-127 85 6 0
-124 83 6 0
-125 85 6 0
-125 83 6 0
-124 84 6 0
-126 84 6 0
-141 98 2 1
-117 73 4 0
-117 73 2 0
-118 75 3 0
-118 75 4 0
-116 78 4 0
-119 78 4 0
-119 77 4 0
-119 75 3 0
-119 75 4 0
-119 75 2 0
-117 75 4 0
-117 77 5 0
-118 78 5 0
-119 81 3 0
-119 79 5 0
-122 92 3 0
-122 92 2 0
-129 65 1 1
-120 82 3 0
-120 82 2 0
-120 80 4 0
-120 80 5 0
-119 82 3 0
-126 55 5 1
-126 54 5 1
-137 95 8 1
-137 96 7 2
-137 96 8 1
-137 97 7 1
-137 97 8 1
-136 95 8 1
-136 96 8 1
-136 97 8 1
-135 95 8 1
-137 95 3 2
-137 96 3 2
-137 97 3 1
-136 95 3 1
-136 96 3 2
-136 97 3 1
-135 95 3 1
-138 94 5 1
-136 94 6 0
-138 94 7 0
-138 94 4 1
-136 93 5 0
-137 92 5 0
-137 91 5 0
-135 93 6 0
-136 93 6 0
-137 91 7 0
-137 92 4 0
-137 91 4 0
-134 91 5 0
-134 90 5 0
-134 92 6 0
-134 91 7 0
-134 90 7 0
-134 91 4 0
-134 90 4 0
-134 94 7 0
-134 94 8 0
-134 94 9 0
-135 93 1 1
-135 93 2 2
-135 93 3 1
-135 94 1 1
-135 94 2 2
-135 94 3 1
-135 95 1 1
-135 95 2 2
-134 94 4 0
-104 81 6 0
-104 81 7 0
-103 80 6 0
-103 80 7 0
-103 78 8 0
-102 81 6 0
-101 80 6 0
-106 81 6 0
-105 81 6 0
-138 96 5 2
-139 95 4 1
-139 95 5 1
-139 95 6 1
-139 96 4 2
-139 96 5 2
-139 96 6 1
-139 97 4 1
-139 97 5 1
-139 97 6 1
-138 95 4 2
-138 95 5 1
-138 95 6 1
-138 96 4 2
-138 96 6 1
-138 97 4 1
-148 80 5 0
-138 97 6 1
-138 96 7 2
-139 95 7 1
-139 95 8 1
-139 96 7 2
-139 96 8 2
-139 97 7 2
-139 97 8 2
-138 95 7 1
-138 95 8 1
-117 82 15 0
-119 84 14 0
-119 84 15 0
-131 55 2 1
-130 55 0 2
-130 55 1 1
-130 55 2 2
-126 51 1 1
-127 51 0 1
-126 51 0 1
-130 52 -1 1
-129 52 -1 1
-129 52 0 2
-128 52 -1 1
-128 52 0 1
-122 77 2 0
-121 77 2 0
-110 62 5 2
-116 93 2 0
-128 71 1 1
-128 71 3 0
-129 70 3 1
-123 87 3 1
-114 73 0 0
-114 73 1 0
-114 73 4 0
-123 91 6 0
-121 91 7 0
-118 83 15 0
-118 86 15 0
-116 84 16 0
-116 82 14 0
-118 84 15 0
-118 84 14 0
-116 85 16 0
-124 88 0 1
-122 89 0 1
-117 83 15 0
-117 83 14 0
-118 85 15 0
-115 84 15 0
-106 65 6 0
-121 50 8 0
-111 65 7 1
-111 66 7 1
-111 67 7 1
-110 65 7 2
-110 66 7 2
-110 67 7 2
-109 65 7 1
-109 66 7 1
-109 67 7 1
-106 63 6 0
-117 92 7 0
-118 92 7 0
-120 87 5 1
-116 90 5 0
-121 51 9 0
-121 51 8 0
-123 50 9 0
-123 50 8 0
-116 86 0 1
-105 94 3 0
-149 66 3 1
-150 68 4 2
-150 68 3 2
-150 67 3 2
-103 99 5 1
-104 99 5 1
-105 99 6 1
-105 99 5 1
-150 66 4 1
-150 66 3 2
-150 67 4 2
-104 97 5 0
-104 97 8 0
-104 96 6 0
-104 97 6 0
-107 98 5 0
-107 98 8 0
-106 98 8 0
-106 99 7 0
-107 98 6 0
-150 68 8 0
-150 69 7 0
-150 71 6 0
-149 68 7 1
-149 68 6 1
-149 68 5 1
-149 67 7 1
-149 67 6 2
-149 67 5 1
-149 66 7 1
-149 66 6 1
-149 66 5 1
-150 68 7 1
-119 75 5 0
-150 69 8 0
-118 76 4 0
-150 74 5 0
-119 74 4 0
-118 73 4 0
-118 72 4 0
-119 73 4 0
-128 70 4 0
-129 71 -1 1
-129 71 0 1
-128 71 -1 1
-128 71 0 2
-127 71 -1 1
-127 71 0 1
-118 81 13 0
-118 82 13 0
-117 82 13 0
-117 75 3 0
-117 76 1 0
-117 75 1 0
-115 76 2 0
-117 77 4 0
-116 90 11 0
-134 87 9 0
-121 90 4 1
-122 92 5 0
-134 89 7 0
-134 89 6 0
-124 86 7 0
-126 85 6 0
-123 84 9 0
-123 84 10 0
-123 86 9 0
-123 85 8 0
-122 85 9 0
-124 86 9 0
-122 84 9 0
-109 66 8 1
-122 83 8 0
-108 71 5 0
-108 71 7 0
-103 88 3 0
-108 71 6 0
-106 69 5 0
-101 87 4 0
-106 69 6 0
-102 67 1 1
-108 67 8 0
-113 72 8 0
-103 72 1 1
-140 93 8 0
-103 71 1 1
-139 94 8 0
-140 93 9 0
-147 94 3 1
-147 93 4 0
-123 89 1 2
-146 78 5 0
-143 96 7 0
-140 94 8 0
-143 94 8 0
-140 94 9 0
-143 96 9 0
-142 94 10 0
-138 95 12 1
-139 95 12 1
-140 95 12 1
-143 95 10 0
-140 94 10 0
-141 95 11 0
-143 97 7 0
-143 95 8 0
-141 94 8 0
-141 95 8 0
-142 94 9 0
-141 94 9 0
-142 95 9 0
-138 96 12 1
-117 82 6 0
-117 82 5 0
-111 63 6 1
-110 64 3 1
-110 63 5 2
-110 63 4 2
-110 63 3 1
-111 62 5 1
-111 62 4 1
-112 64 4 1
-112 64 3 1
-112 63 5 1
-111 63 4 2
-110 66 3 1
-110 65 3 1
-111 66 3 1
-109 66 2 0
-109 66 3 1
-108 65 5 0
-120 82 6 0
-120 85 6 0
-120 84 5 0
-119 84 5 0
-120 84 7 0
-120 84 6 0
-119 86 10 1
-109 60 8 1
-150 55 0 1
-139 96 12 1
-140 96 12 1
-141 95 10 0
-142 96 10 0
-141 96 11 0
-142 98 7 0
-138 99 6 1
-138 98 6 1
-139 99 6 1
-139 98 6 1
-131 77 3 0
-133 78 6 0
-133 77 6 0
-132 78 6 0
-133 76 7 0
-132 76 6 0
-132 77 7 0
-130 77 3 0
-131 76 3 0
-131 78 3 0
-132 77 3 0
-130 78 4 0
-131 78 4 0
-131 77 4 0
-131 76 4 0
-130 78 5 0
-132 77 5 0
-131 78 6 0
-131 75 6 0
-129 77 6 0
-132 77 6 0
-131 77 5 0
-130 77 6 0
-131 76 6 0
-131 76 5 0
-130 76 5 0
-128 76 2 0
-129 76 3 0
-129 77 3 0
-129 75 3 0
-128 76 4 0
-130 76 3 0
-141 93 8 0
-141 93 9 0
-141 93 2 2
-142 92 1 1
-142 92 2 2
-142 93 1 1
-142 93 2 2
-109 59 2 1
-122 87 11 0
-111 58 4 1
-123 85 -1 1
-111 51 8 1
-104 99 3 1
-123 85 1 1
-129 72 1 1
-129 71 2 0
-105 80 5 0
-111 53 8 1
-110 51 6 2
-110 51 7 2
-105 79 5 0
-104 79 4 0
-104 78 4 0
-110 53 6 1
-110 53 7 1
-110 53 8 1
-109 51 6 1
-104 80 6 0
-104 80 3 0
-104 80 2 0
-109 52 7 1
-109 52 8 1
-110 52 9 2
-111 51 9 1
-111 51 10 1
-111 52 9 1
-111 52 10 1
-111 53 9 1
-111 53 10 1
-110 51 9 2
-110 51 10 1
-110 52 10 1
-110 53 9 1
-125 54 7 0
-125 54 10 0
-127 54 9 0
-127 54 8 0
-122 87 12 0
-121 89 13 0
-108 52 8 0
-109 53 10 1
-109 53 9 1
-109 52 10 1
-109 52 9 1
-109 51 10 1
-109 51 9 1
-124 91 12 0
-123 92 12 0
-123 92 13 0
-124 92 12 0
-122 93 12 0
-122 92 13 0
-121 92 13 0
-122 92 12 0
-119 89 14 0
-126 70 3 1
-127 71 2 1
-127 71 3 0
-127 71 1 1
-128 72 2 0
-118 87 14 0
-128 72 3 0
-128 72 1 1
-130 71 2 0
-129 71 3 0
-129 71 1 1
-128 56 3 1
-128 56 4 1
-128 57 2 2
-128 57 3 2
-128 57 4 1
-127 56 4 1
-127 57 2 2
-127 57 3 2
-150 67 5 2
-150 67 7 1
-109 63 7 1
-150 68 6 1
-106 89 1 1
-136 92 6 0
-127 64 2 2
-127 64 1 2
-127 63 3 1
-102 50 4 1
-122 87 5 0
-115 74 3 0
-111 72 2 0
-115 73 2 0
-115 74 2 0
-113 74 2 0
-112 74 2 0
-123 86 3 1
-113 74 3 0
-113 74 1 0
-113 76 2 0
-113 76 1 0
-131 78 5 0
-132 79 5 0
-132 78 4 0
-120 87 11 1
-120 87 10 1
-120 87 9 1
-118 83 9 0
-120 85 8 0
-120 85 9 0
-126 63 0 1
-127 63 0 2
-129 68 2 1
-128 67 1 1
-127 67 3 2
-128 67 2 1
-125 67 2 1
-125 67 1 1
-125 67 0 1
-125 66 2 1
-125 66 1 1
-106 61 6 0
-108 60 6 0
-122 90 5 0
-123 90 5 0
-123 93 5 0
-122 93 5 0
-120 93 5 0
-120 92 5 0
-120 92 4 0
-115 89 11 0
-113 88 9 0
-114 68 3 1
-114 68 4 1
-114 69 2 2
-114 70 2 1
-126 69 2 1
-124 94 0 0
-123 92 2 0
-125 92 2 0
-125 93 2 1
-126 95 3 0
-125 97 3 0
-123 97 3 0
-124 96 3 0
-123 97 4 0
-123 95 3 0
-124 95 3 0
-123 95 4 0
-138 80 4 0
-138 80 3 0
-135 79 4 0
-136 77 5 0
-137 79 3 0
-133 76 4 0
-133 76 5 0
-135 74 4 0
-135 75 5 0
-135 74 5 0
-125 94 5 0
-125 95 4 0
-106 97 1 0
-109 97 3 0
-110 50 6 2
-111 50 6 1
-109 50 10 1
-110 50 10 1
-111 50 10 1
-103 79 3 0
-103 79 4 0
-103 79 7 0
-103 79 6 0
-102 78 4 0
-102 78 6 0
-102 78 5 0
-103 77 4 0
-103 78 4 0
-108 52 9 0
-127 69 4 1
-137 79 7 0
-119 98 6 0
-118 99 7 0
-119 99 8 0
-119 98 8 0
-119 98 5 0
-117 97 6 0
-117 96 6 0
-117 97 8 0
-117 97 5 0
-115 99 8 0
-124 96 10 0
-124 97 10 0
-123 96 10 0
-123 96 11 0
-123 97 10 0
-123 97 11 0
-122 98 8 0
-122 98 9 0
-122 99 8 0
-122 99 9 0
-121 98 8 0
-133 77 4 0
-133 76 3 0
-134 76 3 0
-135 75 3 0
-134 73 5 0
-133 74 4 0
-133 73 4 0
-117 86 10 1
-117 85 9 0
-115 84 10 0
-132 73 5 0
-132 73 3 0
-133 75 3 0
-133 75 2 0
-114 89 12 0
-114 89 11 0
-119 86 12 1
-123 95 8 0
-120 96 9 0
-115 83 2 0
-119 92 8 0
-124 95 9 0
-125 54 6 1
-109 57 6 1
-123 96 9 0
-124 96 9 0
-124 95 8 0
-124 96 8 0
-127 93 0 1
-127 93 2 1
-117 84 8 0
-132 54 2 1
-127 94 0 1
-127 94 2 1
-118 92 10 0
-121 92 10 0
-126 94 0 1
-126 94 1 2
-105 63 5 0
-121 88 9 1
-121 87 9 0
-121 87 10 0
-121 85 9 0
-125 93 11 0
-125 93 12 0
-118 92 11 0
-119 92 10 0
-119 92 11 0
-143 70 6 0
-142 69 6 1
-143 70 7 0
-142 69 8 1
-135 98 8 1
-135 98 7 1
-135 97 8 1
-135 97 7 1
-135 96 8 1
-135 96 7 2
-134 97 7 2
-135 98 6 1
-110 69 10 0
-150 54 1 1
-150 54 2 1
-150 54 3 1
-143 93 5 1
-142 96 4 2
-142 96 7 0
-141 95 7 0
-150 54 -1 1
-150 54 0 1
-138 94 3 1
-138 94 2 2
-135 91 5 0
-127 58 5 1
-138 81 8 0
-138 81 6 0
-131 58 3 1
-131 58 1 2
-101 50 6 0
-103 50 7 0
-101 50 8 0
-101 50 7 0
-130 58 4 1
-128 52 3 1
-128 52 2 1
-126 50 0 1
-127 50 0 1
-126 58 2 1
-128 50 0 1
-127 58 4 1
-125 53 3 1
-118 89 2 1
-118 89 1 1
-108 54 4 0
-110 55 4 1
-110 55 5 1
-109 55 4 1
-108 52 4 0
-108 53 4 0
-107 52 4 0
-110 52 4 2
-110 53 4 1
-109 52 4 1
-109 53 4 1
-126 94 2 1
-126 93 2 1
-124 92 3 0
-132 58 0 1
-124 93 2 0
-124 92 2 0
-123 93 4 0
-129 52 5 1
-127 68 5 2
-127 69 5 1
-129 69 -1 1
-103 50 2 1
-103 50 3 2
-103 50 4 1
-129 63 5 1
-113 71 3 0
-112 71 3 0
-127 64 3 2
-103 63 4 0
-107 60 7 0
-105 61 5 0
-106 62 6 0
-118 84 10 0
-118 85 10 0
-118 84 9 0
-116 84 10 0
-116 84 9 0
-112 71 1 0
-115 89 9 0
-115 89 8 0
-115 92 9 0
-115 92 8 0
-115 90 9 0
-115 90 8 0
-115 70 3 1
-115 70 2 1
-115 69 4 1
-115 69 2 1
-115 68 4 1
-115 68 3 1
-115 68 2 1
-120 94 2 0
-125 63 1 1
-125 63 2 1
-129 64 1 1
-129 64 2 1
-129 64 3 1
-129 63 0 2
-129 64 0 2
-128 63 0 1
-128 64 0 1
-127 64 0 1
-131 64 3 1
-130 64 3 2
-131 64 4 1
-130 64 4 1
-129 64 4 2
-131 65 0 1
-131 65 1 2
-131 65 2 1
-130 65 0 2
-130 65 1 2
-130 65 2 2
-129 65 0 2
-124 75 1 0
-129 65 2 1
-132 59 3 1
-132 60 3 1
-111 61 7 1
-111 62 7 1
-110 61 7 2
-110 62 7 2
-109 61 7 1
-109 62 7 1
-107 61 7 0
-127 99 3 1
-127 99 2 1
-127 99 1 1
-124 98 2 1
-124 98 1 1
-124 97 2 1
-124 97 1 1
-124 97 0 1
-124 96 1 1
-124 96 0 1
-123 97 5 0
-125 93 6 0
-127 93 4 0
-123 95 5 0
-116 83 15 0
-114 83 14 0
-104 63 0 1
-104 63 1 1
-104 64 -1 1
-104 64 0 1
-104 64 1 1
-105 63 2 0
-103 62 3 0
-102 62 3 0
-101 62 3 0
-102 62 4 0
-101 62 5 0
-102 62 2 0
-101 62 2 0
-102 65 3 0
-103 64 4 0
-104 63 2 0
-104 64 2 0
-105 64 2 0
-105 65 2 0
-106 63 2 0
-107 64 2 0
-104 91 7 0
-123 93 2 0
-124 94 5 0
-124 94 2 0
-124 94 1 0
-101 68 6 0
-101 73 4 0
-110 56 6 1
-108 50 7 0
-109 53 5 1
-109 52 5 1
-129 52 4 1
-130 52 4 2
-131 52 4 1
-129 64 -1 1
-129 64 5 1
-113 69 6 1
-113 67 3 2
-112 67 5 2
-112 68 5 2
-110 57 7 2
-111 57 7 1
-128 63 3 1
-128 63 2 2
-117 83 13 0
-129 63 3 1
-129 63 2 1
-130 63 4 2
-130 63 3 2
-130 63 2 2
-126 62 4 1
-126 62 3 2
-126 62 2 1
-127 62 4 1
-127 62 3 2
-125 53 4 2
-129 51 4 1
-132 51 0 1
-146 85 10 0
-145 85 8 0
-131 55 6 1
-130 55 6 1
-129 55 6 1
-131 56 5 1
-127 53 -1 1
-127 53 0 1
-127 54 -1 1
-127 54 0 2
-127 55 -1 1
-146 79 4 0
-145 79 4 0
-149 88 10 0
-131 56 6 1
-131 57 5 1
-131 57 6 1
-131 58 5 1
-131 58 6 1
-130 56 6 1
-130 57 6 1
-130 58 6 1
-129 56 6 1
-129 57 6 1
-129 58 6 1
-127 52 0 1
-126 52 0 1
-126 52 1 1
-126 53 0 1
-126 53 1 1
-126 54 0 1
-126 54 1 1
-131 53 -1 1
-131 54 -1 1
-131 55 -1 1
-122 85 0 1
-130 71 3 0
-105 80 4 0
-103 81 4 0
-102 80 5 0
-123 93 8 0
-105 84 4 0
-117 88 14 0
-111 51 6 1
-110 52 7 2
-108 53 8 0
-102 60 5 0
-103 60 4 0
-121 88 4 1
-103 60 3 0
-122 86 1 1
-122 86 2 1
-122 86 3 1
-122 87 1 2
-122 87 2 2
-122 87 3 2
-122 88 1 1
-122 88 2 2
-122 88 3 2
-121 86 1 1
-121 87 1 2
-121 88 1 1
-122 86 0 1
-122 87 0 1
-122 88 0 1
-103 96 1 1
-102 63 -1 1
-102 63 0 1
-102 64 -1 1
-102 64 0 1
-101 64 -1 1
-101 64 0 1
-101 64 1 1
-102 97 1 1
-101 96 -1 1
-101 96 0 2
-101 97 -1 1
-101 97 0 2
-101 97 1 1
-101 94 2 0
-102 81 2 0
-102 82 2 0
-103 80 2 0
-103 83 0 2
-103 83 1 1
-102 82 -1 1
-102 82 1 1
-102 83 -1 1
-102 83 0 2
-102 83 1 1
-101 82 -1 1
-101 82 0 2
-101 82 1 1
-101 83 -1 1
-101 83 0 2
-101 83 1 1
-103 95 3 0
-101 97 2 1
-101 97 3 1
-101 98 2 1
-101 98 3 1
-101 98 4 1
-104 80 -1 1
-104 80 0 1
-104 80 1 1
-102 82 3 0
-101 82 3 0
-102 83 3 0
-103 81 3 0
-101 82 2 0
-101 83 3 0
-103 82 2 0
-106 62 2 0
-107 62 2 0
-105 58 3 0
-105 61 2 0
-104 61 3 0
-140 73 6 0
-139 74 6 0
-140 73 7 0
-139 74 8 0
-116 92 11 0
-116 89 12 0
-118 90 13 0
-134 74 5 0
-134 73 3 0
-132 74 4 0
-115 89 3 0
-115 87 1 0
-115 88 1 0
-115 89 2 0
-115 87 2 0
-115 88 2 0
-116 87 0 1
-120 50 8 0
-120 50 9 0
-125 91 3 0
-125 91 4 0
-125 91 2 0
-122 90 2 1
-123 91 4 0
-124 91 4 0
-126 91 3 0
-121 92 4 0
-121 90 3 0
-121 90 2 0
-123 92 4 0
-123 92 5 0
-124 93 -1 1
-123 93 -1 1
-122 93 -1 1
-122 85 -1 1
-123 87 -1 1
-123 86 -1 1
-123 85 0 1
-123 88 1 2
-117 88 8 1
-117 89 6 1
-118 86 12 1
-116 87 12 0
-116 87 11 0
-116 89 13 0
-116 89 14 0
-116 84 8 0
-116 86 11 0
-115 87 12 0
-115 87 11 0
-114 89 13 0
-114 66 3 1
-117 85 10 0
-112 71 5 0
-112 71 4 0
-111 70 2 0
-111 70 4 0
-111 70 3 0
-140 72 2 0
-140 72 3 0
-140 72 4 0
-140 72 10 0
-140 72 9 0
-137 69 5 1
-138 70 5 0
-139 71 5 0
-137 69 8 1
-138 70 7 0
-139 70 7 0
-137 69 6 1
-138 69 6 1
-138 70 6 0
-139 71 6 0
-140 71 5 0
-139 69 9 1
-139 68 9 1
-139 68 8 1
-139 67 9 1
-139 67 8 1
-140 69 9 1
-140 69 8 1
-140 68 9 1
-140 67 9 1
-140 67 8 1
-140 68 8 2
-140 71 6 0
-139 69 7 1
-121 78 0 0
-139 68 6 1
-139 68 5 1
-138 74 6 0
-138 73 6 0
-136 72 5 0
-137 72 5 0
-136 72 8 0
-137 72 7 0
-126 94 7 0
-101 76 7 0
-129 90 8 0
-129 90 9 0
-129 90 12 0
-129 90 11 0
-128 89 9 0
-129 90 10 0
-129 88 9 0
-129 88 10 0
-131 89 9 0
-130 89 11 0
-122 84 6 0
-131 90 9 0
-131 90 11 0
-128 68 1 1
-121 86 10 0
-128 68 3 2
-127 68 1 2
-110 57 6 2
-110 57 5 2
-123 99 5 0
-111 57 6 1
-123 99 4 0
-122 97 5 0
-122 96 5 0
-122 98 4 0
-122 97 4 0
-122 96 4 0
-120 99 4 0
-120 98 4 0
-123 98 5 0
-122 99 7 0
-122 99 5 0
-120 99 5 0
-120 97 5 0
-120 98 7 0
-120 97 4 0
-117 98 7 0
-117 98 4 0
-115 74 4 0
-115 73 4 0
-127 63 1 2
-128 64 3 2
-114 73 5 0
-114 75 4 0
-116 73 4 0
-113 75 4 0
-116 75 4 0
-116 74 4 0
-116 72 3 0
-149 93 1 1
-149 93 2 2
-149 93 3 1
-149 94 1 1
-149 94 2 2
-149 94 3 1
-122 85 4 0
-122 83 3 0
-123 84 3 0
-124 85 3 0
-124 88 3 1
-124 88 2 2
-135 85 7 0
-135 85 6 0
-136 86 6 0
-125 57 2 1
-125 57 3 1
-125 57 4 1
-125 58 2 1
-125 58 3 1
-125 58 4 1
-125 59 2 1
-125 59 3 1
-125 59 4 1
-128 58 1 1
-139 84 6 0
-137 83 7 0
-137 83 8 0
-137 83 6 0
-136 83 7 0
-136 84 8 0
-136 84 6 0
-115 76 3 0
-115 76 4 0
-117 74 4 0
-115 74 5 0
-114 76 4 0
-117 76 4 0
-128 57 5 2
-128 56 5 1
-102 51 6 0
-117 73 3 0
-121 91 10 0
-121 89 11 0
-123 89 8 0
-123 89 9 0
-121 91 8 0
-121 91 9 0
-121 88 11 0
-123 88 8 0
-123 88 9 0
-122 90 10 0
-132 63 2 1
-132 63 1 1
-132 63 0 1
-120 76 6 0
-131 62 3 1
-129 62 1 1
-127 61 1 1
-125 61 4 1
-125 61 3 1
-125 61 2 1
-127 67 -1 1
-128 69 -1 1
-129 69 0 2
-126 51 5 1
-127 51 5 1
-122 88 10 0
-113 87 8 0
-112 87 10 0
-112 87 9 0
-114 88 10 0
-114 86 8 0
-121 89 10 1
-122 87 10 0
-121 89 9 1
-109 64 6 1
-109 64 5 1
-122 87 9 0
-123 52 6 1
-123 52 7 0
-123 52 10 0
-125 50 8 0
-125 52 9 0
-125 52 8 0
-125 53 9 0
-131 67 4 1
-123 54 9 0
-121 88 10 1
-122 53 9 0
-125 51 9 0
-124 53 8 0
-123 53 9 0
-122 52 9 0
-122 53 8 0
-123 51 6 1
-123 51 7 0
-133 90 9 0
-132 90 9 0
-132 91 10 0
-132 91 9 0
-131 91 10 0
-131 91 9 0
-129 91 9 0
-130 91 9 0
-130 90 9 0
-101 71 5 0
-101 71 7 0
-101 71 6 0
-102 71 5 0
-128 51 6 0
-128 50 7 0
-129 52 6 1
-128 50 6 0
-129 51 6 1
-129 74 4 0
-128 52 6 0
-124 54 6 1
-127 54 6 0
-146 99 10 1
-146 99 11 1
-146 99 12 1
-145 99 10 1
-145 99 11 1
-145 99 12 1
-144 99 10 1
-144 99 11 1
-144 99 12 1
-143 99 9 0
-121 50 12 1
-121 51 10 1
-117 86 6 1
-118 86 6 1
-124 55 7 1
-124 55 8 1
-124 55 9 1
-124 56 7 2
-124 56 9 1
-124 57 7 1
-124 57 8 1
-124 57 9 1
-123 55 7 1
-107 68 3 0
-107 69 3 0
-108 70 3 0
-143 79 4 1
-143 79 5 1
-142 77 3 1
-142 77 4 2
-142 77 5 1
-142 78 3 1
-142 78 5 1
-127 87 4 0
-107 62 6 0
-108 61 6 0
-110 99 1 1
-120 68 8 2
-120 67 9 1
-111 65 6 1
-111 65 5 1
-111 65 4 1
-110 66 5 2
-110 66 4 1
-127 73 0 1
-127 73 4 0
-127 73 3 0
-125 72 3 0
-127 75 5 0
-129 73 2 0
-128 75 1 0
-128 75 3 0
-128 75 2 0
-126 72 5 0
-149 70 5 0
-148 69 5 0
-150 71 7 0
-147 70 6 0
-107 63 3 0
-149 71 8 0
-107 63 5 0
-106 61 3 0
-106 61 5 0
-145 74 5 0
-147 75 6 0
-107 61 5 0
-147 74 5 0
-147 75 5 0
-146 68 6 1
-146 68 7 1
-147 69 7 0
-128 78 6 0
-123 93 1 1
-122 92 1 1
-116 75 3 0
-116 73 2 0
-116 73 3 0
-116 73 1 0
-114 73 2 0
-114 72 2 0
-114 72 3 0
-114 72 1 0
-113 73 2 0
-122 91 7 0
-124 89 6 0
-122 89 8 0
-114 74 0 0
-120 89 3 1
-120 90 3 1
-119 89 1 1
-119 89 2 1
-119 89 3 1
-115 89 1 0
-144 71 7 0
-143 71 7 0
-142 71 8 0
-143 71 5 0
-142 71 5 0
-145 72 6 0
-145 73 6 0
-144 74 6 0
-143 74 6 0
-144 73 7 0
-143 74 8 0
-145 72 5 0
-144 74 5 0
-143 74 5 0
-146 72 6 0
-146 75 6 0
-146 74 7 0
-146 75 8 0
-146 72 5 0
-146 75 5 0
-146 69 7 0
-146 68 8 0
-145 70 6 0
-144 69 6 1
-143 69 6 1
-109 92 4 0
-120 94 8 0
-120 94 9 0
-120 95 8 0
-120 95 9 0
-106 61 2 0
-123 56 11 1
-123 56 10 1
-123 55 11 1
-124 57 11 1
-125 57 10 1
-125 56 11 1
-125 56 10 1
-125 55 11 1
-127 69 -1 1
-127 68 -1 1
-135 79 7 0
-134 79 7 0
-105 53 8 0
-134 79 6 0
-135 80 5 0
-135 78 3 0
-104 83 4 0
-104 83 5 0
-104 83 3 0
-111 63 9 1
-105 85 6 0
-120 88 4 1
-120 86 0 1
-120 87 0 1
-120 88 0 1
-121 85 2 0
-121 85 1 0
-120 84 2 0
-114 85 9 0
-133 79 7 0
-114 85 8 0
-135 80 6 0
-133 80 6 0
-132 79 6 0
-130 70 5 0
-140 79 4 0
-133 79 5 0
-134 80 4 0
-134 79 3 0
-121 86 4 1
-121 87 2 2
-121 87 3 2
-140 80 4 0
-121 88 2 1
-121 88 3 2
-122 79 1 1
-122 80 3 0
-122 80 2 0
-120 92 10 0
-132 79 7 0
-133 80 7 0
-132 78 7 0
-134 80 6 0
-132 80 6 0
-131 79 6 0
-126 61 1 2
-133 80 5 0
-133 81 5 0
-127 62 1 1
-132 80 5 0
-133 80 4 0
-132 79 4 0
-133 79 3 0
-125 61 1 1
-125 62 0 1
-125 62 1 1
-127 63 2 2
-128 62 1 1
-128 63 1 2
-120 88 11 1
-120 89 11 1
-119 87 11 1
-119 88 11 2
-119 89 11 2
-119 90 11 1
-118 90 11 2
-117 88 11 1
-117 89 11 1
-117 90 11 1
-114 66 4 1
-137 81 7 0
-141 81 6 0
-140 80 6 0
-140 80 7 0
-124 95 1 0
-124 95 2 0
-124 93 4 0
-124 94 4 0
-124 93 3 0
-126 93 3 0
-123 93 3 0
-137 81 6 0
-119 95 2 0
-119 95 1 0
-119 93 4 0
-119 93 0 0
-128 97 7 0
-111 51 3 1
-111 52 3 1
-111 53 3 1
-110 51 3 1
-110 52 3 1
-110 53 3 1
-109 51 3 1
-109 52 3 1
-109 53 3 1
-140 94 6 0
-142 96 5 1
-116 87 6 1
-145 91 6 0
-145 89 5 0
-148 90 4 0
-148 90 7 0
-147 91 7 0
-147 91 6 0
-146 92 6 0
-148 90 5 0
-148 91 5 0
-147 91 5 0
-146 92 5 0
-149 93 4 0
-149 93 7 0
-147 93 6 0
-149 93 5 0
-148 95 4 1
-148 95 7 0
-147 95 7 0
-111 66 10 1
-111 67 10 1
-111 68 10 1
-147 94 5 0
-144 97 3 1
-144 96 3 1
-144 95 3 1
-144 97 8 1
-144 97 7 1
-144 96 8 1
-144 95 8 1
-145 97 8 1
-145 97 7 1
-145 96 8 1
-145 95 8 1
-146 97 8 1
-146 97 7 1
-146 96 8 1
-146 96 7 1
-146 95 8 1
-145 96 7 2
-144 97 6 1
-144 96 6 1
-144 96 4 1
-144 95 4 1
-143 95 4 1
-143 96 5 1
-143 94 4 1
-143 92 4 1
-108 95 0 2
-108 95 1 1
-107 95 -1 1
-106 95 -1 1
-106 95 0 1
-106 92 -1 1
-106 92 0 1
-106 92 1 1
-119 82 6 0
-121 83 5 0
-121 83 7 0
-125 84 8 0
-124 84 9 0
-125 85 9 0
-124 83 8 0
-124 83 9 0
-126 84 9 0
-123 83 8 0
-120 85 13 0
-124 85 8 0
-123 84 8 0
-125 85 7 0
-125 86 7 0
-131 68 3 2
-124 83 7 0
-137 68 6 2
-137 68 7 2
-137 69 7 1
-138 67 8 1
-138 68 8 1
-138 69 8 1
-137 67 8 1
-137 68 8 1
-138 71 6 0
-139 67 4 1
-139 68 4 1
-139 69 4 1
-138 67 4 1
-138 68 4 2
-138 69 4 1
-137 67 4 1
-117 85 11 0
-117 83 9 0
-137 70 6 0
-136 69 6 1
-135 69 6 1
-137 70 7 0
-136 70 7 0
-136 69 8 1
-138 71 5 0
-137 70 5 0
-136 69 5 1
-138 71 7 0
-138 71 8 0
-138 71 9 0
-138 71 10 0
-138 71 4 0
-106 92 2 0
-107 93 4 0
-107 93 5 0
-107 93 1 1
-122 90 7 0
-124 88 6 0
-122 88 7 0
-122 88 8 0
-105 92 3 0
-105 92 4 0
-105 92 2 0
-108 93 4 0
-109 92 3 0
-109 92 2 0
-108 90 3 0
-108 90 4 0
-108 90 2 0
-107 90 3 0
-107 90 4 0
-107 90 2 0
-106 91 3 0
-105 90 3 0
-105 90 4 0
-105 90 2 0
-131 68 4 2
-131 69 2 1
-132 50 2 1
-132 50 3 1
-132 58 2 1
-124 73 1 0
-103 51 6 0
-103 51 7 0
-122 85 10 0
-123 86 10 0
-122 84 10 0
-121 84 9 0
-104 51 6 0
-125 86 8 0
-123 87 8 0
-124 50 7 0
-121 84 8 0
-125 52 7 0
-122 50 4 1
-122 50 5 1
-122 51 4 1
-122 51 5 1
-123 85 10 0
-122 86 10 0
-124 85 10 0
-123 87 10 0
-123 87 9 0
-124 87 8 0
-122 51 6 1
-128 52 7 0
-123 85 11 0
-122 86 11 0
-121 84 11 0
-123 86 11 0
-121 85 10 0
-121 84 10 0
-124 86 10 0
-120 84 9 0
-128 54 7 0
-126 54 6 1
-128 53 6 0
-127 54 7 0
-129 50 6 1
-122 85 11 0
-122 85 12 0
-122 84 11 0
-120 84 10 0
-131 50 6 1
-131 51 6 1
-131 52 6 1
-130 50 6 2
-130 51 6 1
-130 60 1 1
-130 57 -1 1
-129 57 -1 1
-128 57 -1 1
-137 86 8 0
-138 86 7 0
-139 86 7 0
-131 75 5 0
-114 86 12 0
-131 75 4 0
-114 86 13 0
-114 86 11 0
-134 75 4 0
-134 75 2 0
-115 84 13 0
-115 84 11 0
-116 86 14 0
-134 73 4 0
-134 74 4 0
-120 79 2 0
-119 79 2 0
-106 58 8 0
-106 59 8 0
-105 58 8 0
-105 59 8 0
-143 87 8 0
-145 90 9 0
-146 87 9 0
-147 89 9 0
-146 89 9 0
-144 86 9 0
-147 88 9 0
-146 90 10 0
-146 89 10 0
-144 87 10 0
-143 88 7 0
-137 82 6 0
-137 82 7 0
-140 82 6 0
-140 83 8 0
-140 82 7 0
-140 85 6 0
-140 85 8 0
-140 85 7 0
-137 84 6 0
-113 69 4 1
-126 67 3 2
-126 68 1 1
-126 68 3 1
-128 68 0 2
-133 74 5 0
-133 74 3 0
-134 75 6 0
-134 75 3 0
-119 83 12 0
-119 82 12 0
-118 81 12 0
-116 82 12 0
-118 82 12 0
-115 90 11 0
-115 90 12 0
-116 88 11 0
-117 90 13 0
-116 82 15 0
-125 67 4 1
-115 89 12 0
-115 91 12 0
-117 87 12 1
-115 88 12 0
-116 88 12 0
-117 89 13 0
-117 89 14 0
-133 67 3 1
-133 67 4 1
-133 67 5 1
-133 68 3 1
-118 82 15 0
-118 82 14 0
-133 69 3 1
-133 69 4 1
-133 69 5 1
-121 78 4 0
-121 78 3 0
-120 91 7 0
-118 91 6 1
-119 92 5 0
-118 93 5 0
-121 93 6 0
-117 83 2 0
-117 83 1 0
-117 91 5 0
-117 73 5 0
-124 94 3 0
-118 72 5 0
-117 73 8 0
-118 73 7 0
-118 72 7 0
-117 74 6 0
-118 73 6 0
-118 72 6 0
-116 71 5 0
-116 71 8 0
-117 71 7 0
-118 71 7 0
-116 71 6 0
-121 71 2 0
-121 71 3 0
-121 71 4 0
-117 94 2 0
-117 94 1 0
-120 89 1 1
-120 89 2 1
-141 81 7 0
-141 84 7 0
-130 58 1 1
-129 58 1 1
-131 58 4 1
-122 94 3 0
-122 94 4 0
-123 94 2 0
-122 94 2 0
-121 87 7 1
-121 87 5 0
-131 68 5 2
-120 86 4 1
-120 87 4 1
-117 86 9 1
-116 86 10 0
-116 85 10 0
-115 84 9 0
-115 84 8 0
-115 86 11 0
-132 76 4 0
-118 89 14 0
-132 76 3 0
-125 85 4 0
-125 85 2 0
-108 99 4 1
-108 99 5 1
-139 80 5 0
-140 79 7 0
-140 79 6 0
-140 81 5 0
-140 82 5 0
-138 82 5 0
-137 82 5 0
-137 81 5 0
-138 81 5 0
-136 81 6 0
-121 84 1 1
-123 82 4 0
-121 83 4 0
-123 83 4 0
-123 83 3 0
-103 78 3 0
-103 78 7 0
-101 76 6 0
-102 77 6 0
-101 76 5 0
-102 77 5 0
-141 91 7 0
-140 92 6 0
-142 90 5 1
-103 92 5 0
-104 92 5 0
-104 90 5 0
-111 50 3 1
-110 50 3 1
-109 50 3 1
-105 89 6 0
-103 93 6 0
-103 90 6 0
-103 92 6 0
-104 90 6 0
-103 91 7 0
-105 93 7 0
-103 92 7 0
-104 90 8 0
-105 92 5 0
-105 91 5 0
-106 92 5 0
-106 91 6 0
-104 92 6 0
-105 91 6 0
-105 90 6 0
-105 93 6 0
-106 92 6 0
-104 91 6 0
-107 93 6 0
-106 89 6 0
-104 93 7 0
-104 90 7 0
-104 92 7 0
-105 89 7 0
-105 90 7 0
-105 93 8 0
-104 91 8 0
-106 92 7 0
-104 92 8 0
-105 92 8 0
-105 91 9 0
-107 91 6 0
-106 90 6 0
-107 92 6 0
-107 91 7 0
-107 90 6 0
-105 92 6 0
-106 89 7 0
-106 90 7 0
-106 93 7 0
-105 91 7 0
-105 92 7 0
-105 90 8 0
-107 93 8 0
-105 91 8 0
-106 93 8 0
-105 90 9 0
-107 92 8 0
-106 92 9 0
-106 91 8 0
-106 91 10 0
-106 89 8 0
-108 93 8 0
-108 92 8 0
-108 90 8 0
-106 91 9 0
-110 92 9 0
-107 92 9 0
-106 90 9 0
-108 89 10 0
-107 90 9 0
-107 91 10 0
-110 90 7 0
-108 90 7 0
-109 91 7 0
-109 91 8 0
-110 89 8 0
-109 90 8 0
-108 91 8 0
-108 89 8 0
-109 92 8 0
-111 89 8 0
-107 90 8 0
-110 92 8 0
-109 88 9 0
-108 92 9 0
-108 91 9 0
-107 89 9 0
-109 92 9 0
-107 91 9 0
-108 90 9 0
-111 91 9 0
-108 88 10 0
-109 89 9 0
-108 92 10 0
-109 91 9 0
-107 90 10 0
-110 92 10 0
-109 89 10 0
-108 91 10 0
-108 89 11 0
-109 90 11 0
-110 90 8 0
-111 90 8 0
-109 89 8 0
-111 91 8 0
-111 88 8 0
-112 90 9 0
-110 89 9 0
-110 91 9 0
-112 50 6 1
-110 88 9 0
-109 91 10 0
-110 90 10 0
-109 88 10 0
-111 92 10 0
-108 90 10 0
-109 90 10 0
-112 91 10 0
-110 88 10 0
-110 91 11 0
-109 89 11 0
-109 91 11 0
-110 89 11 0
-110 91 12 0
-111 90 9 0
-112 89 9 0
-111 89 9 0
-112 91 9 0
-110 90 9 0
-112 90 10 0
-111 88 10 0
-111 91 10 0
-112 89 10 0
-110 89 10 0
-111 89 10 0
-113 91 10 0
-110 91 10 0
-110 88 11 0
-110 90 11 0
-111 91 11 0
-110 89 12 0
-110 90 12 0
-111 89 13 0
-112 88 10 0
-113 90 10 0
-111 90 10 0
-112 91 11 0
-111 89 11 0
-142 78 8 0
-113 90 11 0
-113 88 11 0
-111 90 11 0
-112 90 11 0
-111 88 11 0
-113 91 12 0
-111 89 12 0
-112 87 12 0
-112 91 12 0
-112 90 12 0
-111 88 12 0
-114 90 13 0
-113 87 13 0
-112 90 13 0
-112 88 12 0
-112 89 13 0
-113 89 11 0
-113 87 11 0
-114 90 11 0
-112 88 11 0
-113 90 12 0
-134 96 6 2
-134 97 4 2
-134 97 5 2
-134 97 6 1
-133 96 7 1
-131 95 5 0
-132 94 5 0
-133 93 5 0
-131 95 6 0
-132 94 7 0
-132 93 7 0
-133 93 4 0
-130 93 5 0
-130 92 5 0
-130 94 6 0
-130 93 7 0
-130 92 7 0
-130 93 4 0
-130 92 4 0
-127 93 5 0
-128 94 7 0
-127 93 7 0
-145 80 8 0
-130 96 8 0
-130 96 9 0
-131 95 1 1
-131 95 2 2
-131 95 3 1
-131 96 1 1
-131 96 2 2
-131 96 3 1
-131 97 1 1
-131 97 2 2
-131 97 3 1
-130 96 4 0
-130 94 7 0
-129 94 4 0
-131 96 4 0
-136 96 7 2
-136 97 7 1
-134 94 5 0
-135 94 5 0
-136 94 5 1
-137 94 5 1
-134 94 6 0
-135 94 6 0
-136 94 7 0
-137 94 7 0
-136 94 4 1
-137 94 4 1
-135 93 5 0
-136 92 5 0
-134 93 6 0
-135 92 7 0
-136 92 7 0
-136 92 4 0
-133 92 5 0
-133 91 5 0
-133 90 5 0
-133 93 6 0
-133 92 7 0
-133 91 7 0
-133 91 4 0
-113 88 10 0
-137 77 6 0
-114 87 11 0
-146 80 5 0
-131 52 7 1
-131 53 7 1
-131 54 7 1
-147 80 5 0
-107 89 7 0
-106 91 7 0
-108 89 7 0
-108 92 7 0
-107 90 7 0
-109 90 7 0
-108 91 7 0
-108 91 6 0
-109 64 8 1
-110 64 8 2
-133 89 7 0
-120 89 10 1
-126 75 3 0
-128 63 -1 1
-129 63 -1 1
-130 63 -1 1
-128 63 5 1
-128 62 5 1
-120 77 3 0
-127 76 3 0
-127 76 2 0
-126 76 1 0
-128 51 -1 1
-126 76 3 0
-130 61 5 1
-132 61 4 1
-132 60 4 1
-144 77 8 0
-143 79 8 0
-144 78 7 0
-144 78 8 0
-142 79 8 0
-143 76 8 0
-144 79 8 0
-145 77 7 0
-150 78 5 0
-150 79 5 0
-150 80 5 0
-149 77 6 0
-150 78 6 0
-150 76 6 0
-150 80 7 0
-150 77 8 0
-150 79 9 0
-150 78 9 0
-148 79 5 0
-149 78 5 0
-149 79 5 0
-149 77 5 0
-150 79 6 0
-150 77 6 0
-149 78 6 0
-150 80 6 0
-149 79 6 0
-149 76 6 0
-150 78 7 0
-149 80 7 0
-150 77 7 0
-150 79 7 0
-148 76 7 0
-148 80 7 0
-150 78 8 0
-149 80 8 0
-149 77 7 0
-128 96 1 1
-128 96 2 1
-130 67 3 2
-130 67 4 1
-129 67 4 2
-132 95 8 0
-132 95 9 0
-133 94 1 1
-133 94 2 2
-133 94 3 1
-147 79 6 0
-148 77 6 0
-148 78 6 0
-148 80 6 0
-148 79 6 0
-147 76 6 0
-148 92 1 1
-148 92 2 1
-148 92 3 1
-148 93 1 1
-148 93 2 2
-148 93 3 1
-148 94 2 2
-148 94 3 1
-147 92 1 1
-147 92 2 1
-147 92 3 1
-147 93 1 1
-150 61 4 1
-150 61 5 1
-150 62 1 1
-150 62 2 1
-150 62 3 1
-150 59 -1 1
-150 60 -1 1
-150 61 -1 1
-150 61 0 1
-111 51 4 1
-111 52 4 1
-111 53 4 1
-110 51 4 2
-109 51 4 1
-141 75 6 0
-118 83 1 1
-116 82 1 0
-114 88 11 0
-118 85 2 1
-118 85 1 2
-119 84 0 1
-119 84 1 1
-119 85 0 1
-119 85 1 1
-119 85 2 1
-118 84 0 1
-118 85 0 1
-117 84 0 1
-130 53 -1 1
-130 56 2 2
-140 95 9 1
-140 96 9 1
-140 97 9 1
-139 95 9 1
-139 96 9 2
-139 97 9 2
-138 95 9 1
-138 96 9 1
-138 97 9 1
-140 95 3 2
-140 96 3 2
-140 97 3 1
-142 95 5 1
-142 97 5 1
-142 95 6 0
-142 97 4 1
-146 96 5 2
-132 74 5 0
-147 95 4 1
-131 72 4 0
-147 95 5 1
-147 95 6 1
-147 96 4 2
-147 96 5 2
-147 96 6 1
-147 97 4 2
-147 97 5 2
-147 97 6 1
-146 95 4 1
-146 95 5 1
-146 95 6 1
-146 96 4 2
-146 96 6 1
-146 97 4 1
-146 97 5 1
-146 97 6 1
-145 95 4 1
-145 95 5 1
-145 95 6 1
-145 96 4 2
-145 96 5 2
-145 96 6 1
-145 97 4 1
-143 94 3 1
-145 97 6 1
-143 94 5 1
-144 94 5 0
-144 95 5 1
-144 94 6 0
-144 95 7 1
-145 95 7 1
-147 95 3 1
-147 96 3 2
-147 97 3 2
-146 95 3 1
-146 96 3 2
-146 97 3 1
-145 95 3 1
-145 96 3 1
-145 97 3 1
-146 93 5 0
-144 93 6 0
-145 93 7 0
-146 93 7 0
-146 93 4 0
-143 92 5 1
-144 91 5 0
-145 90 5 0
-143 92 6 0
-144 92 6 0
-144 91 7 0
-145 90 7 0
-144 92 5 0
-145 90 4 0
-142 89 5 1
-129 57 3 2
-131 56 4 1
-131 57 4 1
-130 56 4 2
-130 57 4 1
-129 56 4 1
-129 57 4 2
-132 57 0 1
-132 57 1 1
-127 76 4 0
-127 78 4 0
-127 77 4 0
-128 74 5 0
-128 77 5 0
-126 77 5 0
-128 75 5 0
-127 77 5 0
-128 76 6 0
-127 76 5 0
-126 77 6 0
-126 76 6 0
-125 76 3 0
-126 74 4 0
-126 77 4 0
-125 73 4 0
-125 74 4 0
-127 75 4 0
-125 77 4 0
-125 76 4 0
-119 74 2 0
-120 74 3 0
-120 75 3 0
-120 73 3 0
-121 75 3 0
-121 73 4 0
-120 76 4 0
-120 75 4 0
-124 77 4 0
-121 74 4 0
-120 74 4 0
-118 76 5 0
-120 76 5 0
-119 75 6 0
-119 74 5 0
-133 72 3 0
-103 71 -1 1
-103 70 2 0
-102 79 1 1
-101 78 -1 1
-103 97 -1 1
-103 97 0 1
-103 97 1 1
-102 96 -1 1
-102 96 1 1
-104 56 8 0
-101 99 2 1
-101 99 3 2
-101 99 4 1
-116 88 15 0
-117 89 15 0
-115 88 14 0
-115 88 15 0
-115 89 14 0
-114 89 14 0
-116 90 14 0
-114 90 14 0
-113 88 14 0
-113 89 13 0
-113 88 13 0
-112 88 13 0
-113 90 13 0
-113 89 12 0
-112 89 12 0
-105 90 5 0
-104 91 5 0
-104 91 4 0
-104 92 4 0
-114 90 12 0
-114 91 12 0
-113 88 12 0
-113 87 12 0
-134 88 9 0
-133 88 10 0
-132 51 1 1
-129 66 1 1
-118 84 6 0
-118 84 7 0
-131 66 1 2
-117 84 6 0
-102 76 5 0
-131 66 3 1
-126 58 0 2
-126 86 3 0
-126 86 4 0
-126 86 2 0
-124 85 4 0
-123 85 4 0
-119 83 7 0
-118 83 6 0
-118 82 6 0
-118 82 7 0
-118 83 5 0
-107 97 4 0
-107 97 1 1
-107 97 0 1
-120 85 7 0
-120 85 5 0
-120 83 6 0
-118 86 14 0
-120 84 11 0
-120 84 13 0
-120 84 12 0
-120 86 11 0
-120 86 13 0
-120 86 12 0
-120 87 13 0
-120 87 12 1
-123 80 3 0
-123 80 2 0
-121 80 1 1
-121 80 3 0
-121 80 2 0
-129 72 -3 1
-129 71 -3 1
-120 80 2 0
-113 89 9 0
-119 78 2 0
-114 88 9 0
-118 85 14 0
-118 83 11 0
-108 54 5 0
-108 55 5 0
-124 88 1 1
-109 54 6 0
-105 56 5 0
-105 56 6 0
-124 87 3 1
-117 90 6 1
-117 90 5 1
-133 88 9 0
-134 88 7 0
-133 88 7 0
-109 60 2 1
-109 59 4 1
-109 59 3 1
-125 65 2 1
-107 52 7 0
-101 94 0 2
-145 74 8 0
-145 73 7 0
-146 73 7 0
-145 74 6 0
-147 72 6 0
-114 89 7 0
-114 89 6 0
-122 51 9 0
-109 71 5 0
-143 85 7 0
-144 86 7 0
-144 85 8 0
-144 86 8 0
-144 84 9 0
-134 80 5 0
-105 85 5 0
-127 70 3 1
-128 71 2 1
-119 88 7 2
-119 88 8 2
-119 89 8 2
-119 90 7 1
-114 84 15 0
-115 83 13 0
-115 83 15 0
-115 83 14 0
-137 81 4 0
-139 80 4 0
-121 86 3 1
-121 86 2 1
-140 87 8 0
-143 85 8 0
-142 87 9 0
-143 84 9 0
-143 86 9 0
-141 84 9 0
-141 87 9 0
-143 85 9 0
-142 87 10 0
-142 84 10 0
-143 86 10 0
-141 86 9 0
-142 85 10 0
-142 85 9 0
-135 83 6 0
-136 82 6 0
-134 82 6 0
-134 83 7 0
-134 84 7 0
-136 81 7 0
-135 81 8 0
-133 84 8 0
-136 82 8 0
-133 83 8 0
-136 83 9 0
-136 83 8 0
-134 84 9 0
-136 82 9 0
-136 84 9 0
-136 83 10 0
-135 84 10 0
-135 83 9 0
-135 82 10 0
-134 82 10 0
-134 83 6 0
-132 82 7 0
-135 82 7 0
-135 81 7 0
-135 83 7 0
-132 83 8 0
-136 81 8 0
-135 82 8 0
-134 84 8 0
-134 83 8 0
-135 80 8 0
-135 83 8 0
-133 83 9 0
-135 81 9 0
-134 81 8 0
-134 83 9 0
-134 80 9 0
-135 82 9 0
-134 82 9 0
-133 81 10 0
-133 81 9 0
-133 83 10 0
-134 81 10 0
-133 82 10 0
-133 82 9 0
-133 82 6 0
-134 81 6 0
-132 82 6 0
-134 80 7 0
-134 82 7 0
-131 82 7 0
-134 81 7 0
-133 81 7 0
-133 83 7 0
-133 82 7 0
-134 79 8 0
-130 81 8 0
-134 82 8 0
-132 82 8 0
-134 80 8 0
-133 82 8 0
-133 79 9 0
-131 81 9 0
-134 81 9 0
-133 81 8 0
-132 80 9 0
-132 80 8 0
-132 82 9 0
-133 80 9 0
-132 81 9 0
-129 72 -2 1
-109 99 2 1
-127 65 0 2
-128 66 0 1
-128 65 0 1
-126 66 3 1
-126 66 2 1
-102 55 2 0
-103 52 1 1
-105 53 1 0
-105 53 4 0
-104 54 3 0
-105 53 2 0
-102 69 3 0
-102 71 3 0
-102 72 5 0
-102 74 4 0
-103 72 4 0
-103 74 4 0
-103 71 3 0
-101 74 3 0
-103 73 3 0
-144 89 9 0
-141 89 8 0
-129 74 1 0
-135 99 1 1
-135 98 2 1
-135 98 1 1
-135 97 1 1
-129 73 -1 1
-130 72 0 1
-130 72 -1 1
-131 72 0 1
-131 72 -1 1
-142 99 9 0
-143 99 10 0
-101 93 3 0
-101 93 4 0
-103 93 4 0
-102 93 0 2
-131 93 3 1
-102 94 -1 1
-142 98 2 1
-102 95 -1 1
-102 95 0 2
-119 85 9 0
-119 84 9 0
-118 85 9 0
-115 85 11 0
-115 85 12 0
-116 85 11 0
-130 62 -1 1
-118 86 13 0
-118 85 12 0
-115 88 13 0
-132 74 2 0
-116 87 14 0
-122 85 5 0
-115 86 12 0
-128 83 5 0
-126 84 5 0
-125 82 6 0
-125 84 6 0
-125 81 6 0
-126 66 -1 1
-126 65 -1 1
-127 66 -1 1
-127 65 -1 1
-131 65 -1 1
-132 65 -1 1
-131 64 5 1
-126 64 -1 1
-127 64 -1 1
-131 64 -1 1
-132 64 -1 1
-126 64 5 1
-126 63 5 1
-127 64 5 1
-131 63 5 1
-131 62 5 1
-131 61 5 1
-127 63 5 1
-127 62 5 1
-127 61 5 1
-126 63 -1 1
-104 68 6 0
-104 69 3 0
-126 96 1 2
-126 96 2 1
-126 97 0 1
-126 97 2 1
-126 98 0 2
-126 98 1 1
-126 98 2 1
-125 96 0 1
-125 96 1 1
-125 96 2 1
-125 97 0 1
-125 97 1 2
-125 97 2 1
-125 98 0 1
-125 98 1 2
-125 98 2 1
-126 97 3 1
-113 69 2 1
-113 68 4 2
-113 68 3 2
-113 68 2 1
-114 70 4 1
-129 55 3 1
-128 66 -1 1
-129 66 -1 1
-130 66 -1 1
-125 59 1 1
-106 61 4 0
-118 79 1 1
-115 86 9 0
-115 88 10 0
-116 69 2 1
-116 86 9 0
-113 86 9 0
-114 86 9 0
-122 82 6 0
-122 84 5 0
-122 84 7 0
-128 53 0 1
-127 68 0 2
-108 54 8 0
-128 69 0 2
-128 69 1 2
-116 92 8 0
-108 67 7 0
-107 69 5 0
-107 69 4 0
-111 68 7 2
-110 68 7 2
-109 68 7 1
-111 56 3 1
-109 58 8 1
-109 57 8 1
-109 56 8 1
-109 56 7 1
-110 58 8 2
-110 57 8 1
-110 56 8 1
-110 56 7 2
-111 58 8 1
-111 57 8 1
-111 56 8 1
-111 56 7 1
-125 91 0 1
-125 91 -1 1
-125 90 1 1
-125 90 0 1
-125 90 -1 1
-125 89 0 1
-125 89 -1 1
-124 90 0 2
-124 92 4 0
-106 58 6 0
-107 57 6 0
-105 57 6 0
-106 57 6 0
-105 57 5 0
-139 85 7 0
-138 85 8 0
-139 85 8 0
-139 85 6 0
-139 83 7 0
-139 84 8 0
-124 86 3 1
-124 90 1 1
-124 90 5 0
-126 91 2 0
-126 62 -1 1
-127 63 -1 1
-131 63 -1 1
-131 62 -1 1
-132 63 -1 1
-132 62 -1 1
-126 61 -1 1
-131 61 -1 1
-132 61 -1 1
-109 69 7 1
-102 74 7 0
-103 73 6 0
-102 71 6 0
-102 71 7 0
-121 87 4 1
-125 59 -1 1
-125 58 -1 1
-125 57 1 1
-125 57 0 1
-125 57 -1 1
-126 59 -1 1
-126 58 -1 1
-126 57 -1 1
-127 59 -1 1
-127 58 -1 1
-131 59 -1 1
-131 58 -1 1
-132 59 -1 1
-132 58 -1 1
-132 57 -1 1
-131 57 -1 1
-126 56 -1 1
-125 56 4 1
-125 56 3 1
-125 56 2 1
-127 57 -1 1
-127 56 -1 1
-131 56 -1 1
-126 55 -1 1
-126 54 -1 1
-126 53 -1 1
-127 58 6 1
-127 57 6 1
-127 56 6 1
-128 58 6 1
-128 57 6 1
-128 56 6 1
-129 54 7 1
-129 53 7 1
-129 52 7 1
-130 54 7 1
-130 53 7 1
-130 52 7 1
-125 50 1 1
-129 54 6 1
-130 54 6 1
-131 54 6 1
-133 92 1 1
-123 92 3 0
-120 93 3 0
-118 81 3 0
-118 81 2 0
-121 81 3 0
-126 93 1 1
-126 93 0 1
-121 90 5 1
-120 88 5 1
-120 89 5 2
-119 88 5 2
-119 89 5 2
-119 90 5 1
-118 88 5 2
-118 89 5 2
-134 98 2 2
-134 96 1 1
-138 97 2 1
-134 96 2 1
-136 93 4 0
-138 96 1 1
-136 91 3 1
-136 91 2 2
-136 91 1 1
-136 90 3 1
-136 90 2 1
-136 90 1 1
-135 97 2 2
-135 96 2 1
-136 97 2 1
-137 97 2 1
-137 91 3 1
-137 91 1 1
-137 90 2 1
-136 96 2 1
-138 90 3 1
-138 90 2 1
-133 72 4 0
-128 50 -1 1
-106 99 1 1
-106 99 2 1
-150 74 6 0
-150 74 8 0
-150 69 6 0
-150 69 5 1
-112 75 3 0
-113 76 4 0
-114 75 5 0
-112 75 6 0
-111 74 2 0
-111 75 3 0
-110 76 3 0
-112 75 4 0
-111 76 4 0
-113 75 5 0
-112 75 5 0
-110 75 6 0
-111 75 6 0
-110 74 6 0
-111 74 5 0
-109 74 2 0
-110 74 3 0
-110 75 3 0
-110 73 3 0
-111 74 3 0
-109 76 3 0
-110 73 4 0
-111 75 4 0
-110 75 4 0
-109 72 4 0
-111 74 4 0
-110 76 4 0
-109 75 4 0
-111 75 5 0
-109 73 5 0
-110 76 5 0
-111 74 6 0
-109 75 6 0
-110 74 5 0
-108 75 2 0
-108 74 3 0
-109 74 3 0
-108 73 3 0
-109 75 3 0
-107 76 3 0
-109 73 4 0
-109 76 4 0
-102 72 2 0
-102 72 3 0
-102 73 3 0
-130 78 8 0
-131 78 8 0
-131 79 8 0
-130 77 7 0
-131 77 7 0
-131 80 7 0
-129 78 7 0
-101 72 2 0
-102 71 2 0
-101 72 3 0
-103 72 3 0
-101 73 3 0
-103 70 3 0
-102 73 4 0
-103 71 4 0
-102 71 4 0
-103 72 5 0
-103 71 5 0
-101 70 2 0
-101 70 3 0
-131 80 8 0
-131 80 9 0
-132 79 8 0
-132 79 9 0
-131 81 8 0
-104 54 1 0
-133 80 8 0
-103 53 3 1
-130 80 8 0
-132 78 8 0
-132 81 8 0
-130 79 8 0
-133 79 8 0
-131 81 7 0
-133 78 7 0
-132 81 7 0
-133 81 6 0
-105 99 4 1
-129 71 -2 1
-106 99 4 1
-118 82 16 0
-118 88 14 0
-115 91 11 0
-101 75 7 0
-119 97 5 0
-119 99 5 1
-119 97 8 0
-119 98 7 0
-119 97 6 0
-122 98 5 0
-121 99 7 0
-122 98 6 0
-121 99 6 0
-114 70 7 0
-110 69 9 1
-110 69 8 1
-110 68 9 1
-110 68 8 1
-110 67 9 2
-110 67 8 2
-110 69 7 1
-113 66 6 1
-114 66 6 1
-115 66 6 1
-115 66 5 1
-122 91 10 0
-120 91 10 0
-129 61 0 2
-129 61 -1 1
-130 61 -1 1
-130 63 1 2
-130 63 0 1
-128 69 9 1
-130 70 7 0
-131 70 5 0
-132 71 8 0
-132 71 9 0
-132 71 10 0
-105 91 3 0
-123 90 6 0
-105 91 4 0
-108 91 3 0
-108 91 4 0
-107 89 3 0
-108 89 3 0
-107 89 4 0
-108 89 4 0
-106 89 3 0
-106 88 3 0
-106 89 4 0
-106 88 4 0
-103 50 6 0
-105 89 4 0
-106 90 4 0
-106 90 5 0
-106 90 2 0
-106 90 1 1
-106 90 3 0
-105 88 3 0
-104 88 3 0
-105 88 4 0
-110 61 6 2
-109 61 4 1
-109 61 5 1
-109 61 6 1
-109 62 3 1
-108 62 4 0
-108 62 5 0
-108 62 3 0
-130 72 3 0
-106 62 5 0
-106 62 3 0
-108 64 6 0
-108 64 3 0
-108 64 2 0
-125 71 6 0
-126 71 7 0
-125 71 8 0
-125 71 5 0
-128 72 6 0
-127 72 6 0
-127 73 6 0
-126 74 6 0
-127 72 7 0
-127 73 7 0
-126 73 8 0
-128 72 5 0
-127 72 5 0
-127 73 5 0
-126 74 5 0
-129 75 6 0
-129 73 7 0
-129 74 7 0
-129 73 5 0
-129 75 5 0
-131 73 8 0
-131 74 5 0
-131 67 9 1
-131 68 9 1
-131 69 9 1
-125 67 6 1
-125 67 7 1
-125 68 6 2
-125 68 7 1
-125 69 6 1
-125 69 7 1
-128 70 6 0
-125 67 8 1
-125 67 9 1
-125 68 8 2
-125 68 9 1
-125 69 8 1
-125 69 9 1
-127 70 7 0
-128 70 5 0
-127 70 5 0
-129 71 8 0
-129 71 9 0
-129 71 10 0
-124 71 6 0
-123 71 6 0
-125 71 7 0
-124 71 7 0
-124 71 8 0
-124 71 5 0
-123 71 5 0
-126 72 6 0
-125 73 6 0
-124 74 6 0
-126 72 7 0
-124 97 3 0
-121 73 3 0
-121 74 3 0
-119 76 5 0
-120 72 4 0
-120 73 4 0
-115 78 0 1
-115 79 -1 1
-115 79 0 1
-115 79 1 1
-109 99 3 1
-109 99 1 1
-108 99 2 1
-131 51 2 1
-108 98 2 0
-108 98 3 0
-108 98 1 1
-107 99 1 0
-121 89 4 1
-109 99 4 1
-109 99 5 1
-109 99 6 1
-125 86 4 0
-125 85 3 0
-112 58 4 1
-112 58 5 1
-112 59 4 1
-107 59 7 0
-129 73 4 0
-131 71 3 0
-131 71 4 0
-130 71 4 0
-131 73 5 0
-131 73 2 0
-131 73 1 0
-126 55 2 1
-123 90 12 0
-107 63 2 0
-120 92 3 1
-120 91 2 1
-120 92 2 1
-121 91 1 0
-121 91 3 0
-150 72 6 0
-121 95 3 0
-121 95 2 0
-120 94 1 0
-120 94 3 0
-106 57 1 0
-106 56 1 0
-104 55 2 0
-104 57 3 0
-104 56 3 0
-104 55 4 0
-104 55 1 1
-102 57 2 0
-103 58 3 0
-102 57 3 0
-102 57 1 1
-101 56 1 1
-104 59 4 0
-104 59 5 0
-104 59 6 0
-105 58 -1 1
-105 58 0 1
-104 58 -1 1
-104 58 0 1
-103 58 -1 1
-103 58 0 1
-103 58 1 1
-120 87 14 0
-111 59 4 2
-111 60 2 1
-111 60 3 1
-110 58 2 1
-110 58 3 2
-110 58 4 2
-110 59 2 1
-110 59 4 2
-110 60 2 1
-110 60 3 2
-109 58 2 1
-109 58 3 1
-109 58 4 1
-106 60 1 0
-106 57 3 0
-105 56 2 0
-105 55 2 0
-106 55 2 0
-105 56 3 0
-106 55 4 0
-105 56 1 0
-105 55 1 0
-106 55 1 0
-103 56 2 0
-103 55 2 0
-103 54 2 0
-103 53 2 1
-120 87 2 1
-120 83 2 0
-126 72 1 0
-127 72 1 1
-126 72 3 0
-126 72 2 0
-127 66 3 1
-126 65 1 1
-126 65 2 1
-126 65 3 1
-126 66 1 2
-118 90 5 1
-121 91 6 0
-118 91 5 0
-119 91 6 1
-119 93 5 0
-119 93 6 0
-120 93 6 0
-122 93 6 0
-122 91 6 0
-105 57 4 0
-104 53 2 0
-105 52 2 0
-104 53 3 0
-105 52 4 0
-104 53 1 0
-105 52 1 0
-102 54 2 1
-103 52 3 1
-102 53 1 1
-102 52 1 1
-102 51 1 1
-101 53 1 1
-102 55 4 0
-102 55 5 0
-102 55 6 0
-103 54 -1 1
-103 54 0 1
-102 54 -1 1
-102 54 0 2
-102 54 1 1
-101 54 -1 1
-101 54 0 1
-129 99 4 0
-101 55 0 1
-129 99 3 1
-128 96 4 0
-118 82 4 0
-118 79 5 0
-117 81 2 0
-119 79 -1 1
-119 80 -1 1
-119 80 0 1
-119 81 -1 1
-119 81 0 2
-120 83 0 2
-119 83 -1 1
-119 83 0 1
-118 83 -1 1
-118 83 0 1
-118 80 5 0
-118 81 4 0
-118 82 2 0
-119 82 -1 1
-119 82 0 2
-119 82 1 1
-118 82 -1 1
-118 82 0 1
-141 98 3 1
-140 96 1 1
-140 97 1 1
-144 97 1 1
-140 98 2 1
-140 98 3 1
-139 91 1 1
-115 66 4 1
-117 70 8 0
-116 70 7 0
-115 70 7 0
-114 74 8 0
-111 73 5 0
-112 72 5 0
-111 73 8 0
-112 72 7 0
-111 73 6 0
-112 72 6 0
-113 70 5 0
-110 70 8 0
-111 70 7 0
-112 70 7 0
-112 58 3 1
-111 60 7 1
-111 59 7 1
-111 58 7 1
-109 59 6 1
-109 58 6 1
-109 58 5 1
-110 59 6 2
-110 58 6 2
-123 76 3 0
-121 85 12 0
-121 87 11 0
-121 87 13 0
-121 87 12 0
-121 88 13 0
-121 88 12 0
-128 62 -1 1
-119 89 13 0
-129 62 0 2
-129 62 -1 1
-125 52 2 1
-125 52 3 1
-125 52 4 2
-128 54 2 1
-128 54 3 1
-128 54 4 1
-127 54 2 1
-127 54 3 2
-127 54 4 2
-126 54 2 1
-126 54 3 2
-126 54 4 2
-128 52 1 1
-127 53 1 2
-131 54 3 1
-130 53 4 2
-131 53 4 1
-129 53 3 1
-129 53 2 1
-129 53 1 1
-130 53 3 2
-125 77 1 0
-130 53 1 1
-125 77 3 0
-125 77 2 0
-102 58 0 1
-102 58 -1 1
-102 57 0 1
-102 57 -1 1
-102 56 0 1
-102 56 -1 1
-103 57 1 1
-148 90 8 0
-150 92 7 0
-148 90 6 0
-104 79 7 0
-104 78 7 0
-101 77 5 0
-102 77 4 0
-121 93 3 0
-125 94 1 1
-149 71 10 0
-149 71 9 0
-107 63 6 0
-146 69 5 0
-147 69 5 0
-125 65 5 1
-146 69 8 0
-147 70 7 0
-146 69 6 0
-148 68 5 1
-148 67 7 1
-132 66 2 1
-132 66 3 1
-132 66 4 1
-132 67 2 1
-132 68 4 2
-132 66 1 1
-132 69 3 1
-132 69 4 1
-132 67 0 1
-132 67 1 1
-129 68 5 2
-104 63 -1 1
-104 62 1 1
-104 62 0 1
-104 62 -1 1
-105 62 1 1
-105 62 0 2
-105 62 -1 1
-106 62 1 1
-106 62 0 1
-106 62 -1 1
-105 63 7 0
-105 63 6 0
-103 60 2 0
-103 60 5 0
-103 61 4 0
-102 60 3 0
-105 59 2 0
-105 60 2 0
-105 59 3 0
-105 60 3 0
-105 62 3 0
-108 60 2 0
-149 71 6 0
-148 71 6 0
-147 71 6 0
-146 71 6 0
-149 71 7 0
-148 71 7 0
-147 71 8 0
-149 71 5 0
-148 71 5 0
-147 71 5 0
-146 71 5 0
-149 73 6 0
-148 74 6 0
-147 74 6 0
-149 73 7 0
-148 73 7 0
-148 74 8 0
-149 73 5 0
-148 74 5 0
-150 75 6 0
-150 74 7 0
-150 75 8 0
-150 75 5 0
-145 69 5 0
-147 71 9 0
-127 82 7 0
-127 82 8 0
-128 81 7 0
-128 81 8 0
-128 83 7 0
-127 81 7 0
-127 82 6 0
-126 82 7 0
-129 83 7 0
-126 81 7 0
-127 83 6 0
-129 83 6 0
-126 82 6 0
-128 83 6 0
-128 84 6 0
-126 80 6 0
-126 83 5 0
-127 81 5 0
-126 81 5 0
-127 83 5 0
-127 82 5 0
-126 82 4 0
-128 83 4 0
-127 81 4 0
-127 82 4 0
-126 82 8 0
-126 83 7 0
-126 83 8 0
-126 81 8 0
-127 83 7 0
-128 83 8 0
-125 83 8 0
-127 81 8 0
-127 84 7 0
-125 82 7 0
-126 84 7 0
-126 83 6 0
-150 93 1 1
-150 93 2 2
-150 93 3 1
-150 94 1 1
-150 94 2 2
-150 94 3 1
-136 71 7 0
-135 71 8 0
-137 71 5 0
-136 71 5 0
-135 71 5 0
-134 71 5 0
-137 73 6 0
-136 74 6 0
-135 74 6 0
-137 73 7 0
-136 73 7 0
-136 74 8 0
-137 73 5 0
-136 73 5 0
-136 74 5 0
-138 75 6 0
-138 74 7 0
-138 75 8 0
-138 73 5 0
-138 75 5 0
-140 71 7 0
-141 71 7 0
-138 68 6 2
-138 67 5 1
-138 67 6 1
-138 67 7 1
-138 68 5 2
-138 68 7 2
-138 69 5 1
-138 69 7 1
-137 67 5 1
-137 67 6 1
-137 67 7 1
-137 68 5 2
-114 76 5 0
-113 76 5 0
-113 77 4 0
-102 88 1 1
-102 74 0 2
-103 74 -1 1
-102 66 1 1
-104 87 -1 1
-104 87 0 1
-104 87 1 1
-103 87 -1 1
-103 87 0 1
-102 88 -1 1
-102 88 0 1
-101 88 -1 1
-101 88 0 1
-102 66 0 1
-102 66 -1 1
-101 99 -1 1
-101 99 1 1
-102 65 -1 1
-101 75 2 0
-102 75 3 0
-101 85 2 0
-102 85 -1 1
-104 84 1 1
-104 84 0 1
-102 84 3 0
-102 86 2 0
-102 85 0 1
-101 85 -1 1
-101 85 0 2
-103 86 0 2
-103 86 -1 1
-104 86 1 1
-104 86 -1 1
-102 88 2 0
-102 87 2 0
-101 86 4 0
-101 86 -1 1
-102 86 0 1
-101 91 1 1
-103 90 1 1
-104 90 -1 1
-104 90 0 1
-104 90 1 1
-102 91 -1 1
-102 91 0 1
-101 91 -1 1
-101 91 0 2
-102 92 2 0
-102 93 2 0
-103 92 2 0
-101 92 2 0
-101 92 1 1
-103 91 1 1
-102 92 1 1
-104 91 -1 1
-104 91 0 1
-104 91 1 1
-103 91 -1 1
-103 91 0 1
-102 92 -1 1
-102 92 0 2
-101 92 -1 1
-101 92 0 1
-103 81 2 0
-101 81 3 0
-102 81 3 0
-101 79 3 0
-101 80 4 0
-102 62 0 1
-102 62 -1 1
-146 94 4 0
-149 99 4 1
-148 99 2 1
-148 99 3 2
-148 99 4 2
-147 99 2 1
-147 99 4 1
-145 96 2 2
-145 97 2 1
-144 95 1 1
-144 95 2 2
-146 96 1 1
-146 97 1 1
-138 93 4 0
-137 90 1 1
-137 90 3 1
-137 91 2 2
-149 96 4 1
-150 99 4 1
-150 99 5 1
-150 99 6 1
-142 95 4 1
-147 91 1 1
-147 91 2 1
-147 91 3 1
-146 91 1 1
-146 91 2 1
-150 95 2 2
-150 95 3 1
-145 91 2 1
-145 91 3 1
-125 83 7 0
-127 84 6 0
-132 66 -1 1
-132 67 -1 1
-131 66 -1 1
-131 67 -1 1
-126 67 -1 1
-125 83 5 0
-127 84 5 0
-126 82 5 0
-126 83 4 0
-106 55 8 0
-108 56 8 0
-109 55 8 1
-106 56 8 0
-111 55 6 1
-111 55 7 1
-111 55 8 1
-110 55 6 1
-110 55 7 1
-136 89 8 0
-135 89 9 0
-135 87 8 0
-135 87 9 0
-134 87 8 0
-133 88 8 0
-122 76 2 0
-123 76 2 0
-115 92 7 0
-115 92 5 0
-115 89 6 0
-115 89 7 0
-107 52 5 0
-131 68 0 2
-132 68 -1 1
-132 68 0 1
-132 68 1 1
-132 69 -1 1
-132 69 0 1
-132 69 1 1
-131 68 -1 1
-131 68 1 1
-131 69 -1 1
-131 69 0 2
-131 69 1 1
-126 68 -1 1
-126 69 -1 1
-119 85 10 0
-119 85 8 0
-119 84 10 0
-119 84 8 0
-131 56 3 1
-131 57 1 2
-103 92 -1 1
-101 95 1 1
-101 95 0 1
-118 85 11 0
-106 66 4 0
-107 67 4 0
-101 93 0 2
-101 93 -1 1
-102 95 1 1
-132 70 -1 1
-132 70 0 1
-132 70 1 1
-131 70 -1 1
-131 70 0 1
-131 70 1 1
-102 93 -1 1
-103 95 1 1
-103 95 0 1
-103 95 -1 1
-103 94 1 1
-103 94 0 1
-103 94 -1 1
-103 93 0 1
-103 93 -1 1
-102 94 0 2
-101 80 2 0
-101 93 1 1
-103 93 1 1
-123 85 9 0
-101 81 4 0
-102 80 3 0
-123 86 8 0
-123 82 8 0
-101 93 2 0
-102 94 3 0
-123 84 7 0
-131 71 -1 1
-131 71 0 1
-131 71 1 1
-101 88 3 0
-104 79 1 1
-104 79 0 1
-104 79 -1 1
-102 71 0 2
-104 78 0 1
-104 78 -1 1
-104 77 1 1
-104 77 0 1
-104 77 -1 1
-101 81 1 1
-142 93 7 0
-141 93 6 0
-108 65 -1 1
-108 65 0 1
-108 65 1 1
-108 66 -1 1
-131 58 0 2
-120 79 3 0
-132 58 1 1
-107 87 4 0
-112 70 5 0
-149 59 1 1
-149 59 2 1
-149 59 3 1
-110 69 4 1
-141 99 11 0
-129 72 0 1
-128 72 0 2
-126 78 4 0
-126 78 5 0
-126 79 4 0
-126 79 5 0
-125 78 4 0
-125 78 5 0
-107 88 3 0
-150 60 0 1
-104 88 4 0
-128 59 3 2
-117 76 2 0
-125 77 6 0
-115 78 2 0
-124 78 4 0
-124 78 5 0
-115 77 1 1
-116 77 1 1
-115 77 3 0
-121 91 4 0
-115 77 2 0
-112 67 4 1
-128 78 4 0
-128 78 5 0
-127 79 4 0
-127 79 5 0
-122 92 0 1
-130 59 4 1
-122 91 0 1
-113 69 5 1
-113 68 6 2
-120 87 3 2
-124 96 2 1
-114 84 12 0
-116 83 13 0
-116 83 12 0
-114 85 13 0
-114 85 12 0
-136 75 3 0
-135 74 3 0
-130 55 5 1
-130 54 5 2
-130 53 5 2
-131 55 5 1
-135 79 6 0
-116 91 8 1
-136 80 4 0
-116 91 9 1
-119 89 10 2
-119 90 10 1
-118 88 10 1
-118 89 10 2
-118 90 10 1
-117 88 9 1
-117 88 10 1
-117 89 9 1
-109 74 4 0
-110 74 4 0
-108 72 4 0
-122 50 8 0
-122 50 6 1
-122 50 7 0
-117 92 10 0
-118 83 14 0
-108 57 5 0
-126 55 0 1
-150 60 3 1
-150 60 2 2
-150 60 1 1
-130 61 1 2
-130 61 0 2
-133 73 7 0
-132 74 8 0
-131 61 0 1
-132 61 2 1
-132 61 1 2
-132 61 0 1
-131 60 4 1
-131 60 3 2
-125 92 3 0
-107 62 3 0
-107 62 7 0
-110 63 7 2
-123 68 7 2
-123 69 5 1
-123 69 6 1
-127 99 10 0
-103 80 1 1
-103 80 0 1
-103 80 -1 1
-102 80 0 2
-101 80 1 1
-103 78 2 0
-102 80 2 0
-103 79 2 0
-101 80 3 0
-101 79 2 0
-102 79 3 0
-102 79 2 0
-102 77 3 0
-101 91 2 0
-101 78 4 0
-101 78 3 0
-103 92 3 0
-101 92 3 0
-102 92 3 0
-103 91 4 0
-101 92 4 0
-102 90 4 0
-101 91 4 0
-101 79 1 1
-101 79 0 1
-101 79 -1 1
-101 78 0 2
-102 79 0 1
-102 79 -1 1
-102 78 1 1
-102 78 -1 1
-103 79 1 1
-103 79 0 2
-103 79 -1 1
-103 78 0 2
-103 78 -1 1
-102 78 0 2
-101 78 1 1
-103 78 1 1
-102 91 1 1
-102 78 2 0
-103 75 2 0
-103 90 0 2
-103 90 -1 1
-103 77 2 0
-101 78 2 0
-103 76 3 0
-102 78 3 0
-103 77 3 0
-101 77 3 0
-101 76 4 0
-103 91 2 0
-101 90 2 0
-104 89 2 0
-102 91 2 0
-129 53 6 1
-148 89 8 0
-148 86 8 0
-149 85 9 0
-147 85 8 0
-149 89 8 0
-149 86 8 0
-103 83 2 0
-103 98 1 1
-103 84 -1 1
-103 84 0 2
-103 84 1 1
-102 84 -1 1
-102 84 0 1
-102 84 1 1
-101 84 -1 1
-101 84 0 2
-101 84 1 1
-104 81 -1 1
-104 81 0 1
-104 81 1 1
-104 82 -1 1
-104 82 0 1
-104 82 1 1
-101 82 4 0
-102 84 4 0
-103 84 3 0
-101 84 3 0
-101 83 2 0
-102 98 3 1
-102 84 2 0
-102 98 4 1
-103 84 2 0
-103 97 2 0
-139 75 7 0
-104 83 -1 1
-104 83 0 1
-104 83 1 1
-102 70 2 0
-103 71 2 0
-101 73 2 0
-101 84 4 0
-102 85 4 0
-101 83 4 0
-101 85 3 0
-101 84 2 0
-102 72 0 2
-102 85 2 0
-103 71 0 1
-104 84 2 0
-103 72 -1 1
-137 92 3 1
-137 92 2 2
-137 92 1 1
-101 50 0 1
-101 50 -1 1
-138 94 1 1
-138 93 3 1
-138 93 2 2
-138 93 1 1
-138 92 3 1
-138 92 2 2
-138 92 1 1
-137 93 9 0
-137 93 8 0
-137 93 7 0
-135 91 4 0
-135 91 7 0
-104 51 0 0
-103 51 0 0
-137 90 7 0
-137 89 5 0
-137 90 5 0
-140 91 4 1
-140 91 7 0
-124 91 3 0
-115 91 1 0
-114 91 1 0
-126 91 4 0
-129 98 2 2
-129 98 1 1
-129 97 3 1
-129 97 2 1
-141 71 5 0
-139 69 8 1
-140 70 7 0
-139 69 6 1
-123 55 8 1
-123 55 9 1
-123 56 7 1
-123 56 8 2
-123 56 9 1
-123 57 7 1
-123 57 8 1
-140 70 6 0
-141 71 6 0
-141 69 9 1
-103 74 0 1
-101 68 1 1
-101 68 0 2
-101 68 -1 1
-101 66 2 0
-101 86 0 2
-103 72 2 0
-101 74 2 0
-102 86 -1 1
-103 85 0 2
-103 85 -1 1
-104 85 1 1
-104 85 0 1
-104 85 -1 1
-102 86 1 1
-103 85 1 1
-101 86 1 1
-103 86 2 0
-101 67 1 1
-101 67 0 2
-101 86 3 0
-101 85 4 0
-102 86 4 0
-120 80 3 0
-118 85 13 0
-117 84 12 0
-117 85 13 0
-117 84 11 0
-115 85 13 0
-117 86 14 0
-115 84 5 0
-117 85 8 1
-110 63 6 2
-113 85 10 0
-115 85 8 0
-115 85 10 0
-116 85 9 0
-104 72 5 0
-102 74 3 0
-104 73 3 0
-103 74 3 0
-103 73 2 0
-102 73 2 0
-104 73 6 0
-104 73 5 0
-104 74 6 0
-105 73 5 0
-105 74 5 0
-103 75 4 0
-104 74 4 0
-104 75 4 0
-103 75 3 0
-105 74 3 0
-103 74 2 0
-105 72 3 0
-104 74 3 0
-106 74 5 0
-105 75 6 0
-107 74 6 0
-106 76 4 0
-107 74 4 0
-105 72 4 0
-106 75 4 0
-124 76 2 0
-124 76 1 0
-126 76 2 0
-113 99 5 1
-144 70 7 0
-143 69 8 1
-145 70 5 0
-144 69 5 1
-143 69 5 1
-136 79 4 0
-134 78 4 0
-135 78 4 0
-134 78 5 0
-135 78 5 0
-127 52 9 0
-127 53 9 0
-127 55 9 0
-118 91 10 1
-118 91 9 1
-117 90 10 1
-113 98 2 1
-110 65 5 2
-110 65 6 2
-110 67 6 2
-109 65 4 1
-111 55 3 1
-111 55 4 1
-111 55 5 1
-110 55 3 1
-109 55 3 1
-118 79 2 0
-118 79 3 0
-102 73 5 0
-102 73 7 0
-112 64 5 1
-103 85 4 0
-103 85 5 0
-103 85 3 0
-104 86 4 0
-131 94 4 0
-131 94 7 0
-130 95 6 0
-131 94 5 0
-132 97 4 1
-132 97 7 1
-131 97 6 1
-131 99 4 0
-131 99 7 1
-149 75 7 0
-131 99 5 1
-142 72 2 0
-142 72 3 0
-142 72 4 0
-142 72 10 0
-142 72 9 0
-142 72 8 0
-139 69 5 1
-139 70 5 0
-140 70 5 0
-101 59 1 0
-119 86 2 1
-116 88 8 1
-115 87 5 0
-115 87 7 0
-115 87 6 0
-116 86 5 1
-116 86 6 1
-114 88 5 0
-114 88 7 0
-114 88 6 0
-123 51 10 1
-123 50 12 1
-123 50 11 1
-123 50 10 1
-116 89 8 1
-115 88 7 0
-116 87 5 1
-116 87 7 1
-101 53 0 2
-102 57 4 0
-101 52 1 1
-138 67 3 1
-138 68 3 1
-138 69 3 1
-137 67 3 1
-137 68 3 1
-137 69 3 1
-136 70 5 0
-135 68 6 2
-135 67 5 1
-135 67 6 1
-135 67 7 1
-135 68 5 2
-135 68 7 2
-133 94 7 0
-133 94 8 0
-133 94 9 0
-134 93 1 1
-134 93 2 2
-134 93 3 1
-134 94 1 1
-134 94 2 2
-134 94 3 1
-134 95 1 1
-134 95 2 2
-134 95 3 1
-133 93 1 1
-133 93 2 1
-133 93 3 1
-132 93 1 1
-132 93 2 1
-132 93 3 1
-133 94 4 0
-128 56 -1 1
-128 56 0 2
-121 90 9 1
-122 90 8 0
-122 90 9 0
-124 52 6 1
-124 52 7 0
-124 52 10 0
-126 52 9 0
-126 52 8 0
-125 54 9 0
-125 54 8 0
-124 54 9 0
-124 53 9 0
-124 54 8 0
-122 54 8 0
-114 91 2 0
-115 91 2 0
-122 90 4 0
-122 90 3 0
-106 56 4 0
-106 56 6 0
-106 56 5 0
-107 56 4 0
-115 90 1 0
-115 90 2 0
-115 93 1 0
-107 62 4 0
-109 61 3 1
-109 63 3 1
-109 64 3 1
-107 64 3 0
-106 63 3 0
-106 63 5 0
-128 60 3 2
-105 63 4 0
-106 63 4 0
-119 87 14 0
-119 87 13 0
-121 85 11 0
-128 62 0 2
-115 88 11 0
-118 93 0 0
-121 92 7 0
-121 90 8 1
-121 89 7 1
-121 86 8 0
-128 66 1 2
-128 66 2 1
-128 66 3 1
-129 82 7 0
-129 81 6 0
-130 80 3 0
-131 80 4 0
-129 79 4 0
-129 81 4 0
-130 80 5 0
-130 82 4 0
-129 80 5 0
-129 81 5 0
-129 79 5 0
-131 82 5 0
-131 81 5 0
-128 80 6 0
-129 80 6 0
-130 78 6 0
-130 82 6 0
-130 81 6 0
-129 79 6 0
-129 81 7 0
-130 79 7 0
-130 81 7 0
-131 80 3 0
-131 79 4 0
-132 80 4 0
-130 80 4 0
-131 81 4 0
-130 79 5 0
-130 81 5 0
-131 80 5 0
-131 79 5 0
-132 81 5 0
-130 80 6 0
-131 77 6 0
-131 81 6 0
-130 79 6 0
-132 81 6 0
-130 80 7 0
-131 80 6 0
-131 78 7 0
-132 80 7 0
-131 79 7 0
-110 59 7 2
-106 97 3 0
-106 97 2 0
-108 96 1 1
-108 96 2 0
-120 92 11 0
-119 91 11 1
-119 93 10 0
-117 91 11 1
-110 98 1 1
-117 81 14 0
-128 99 3 1
-139 79 4 0
-139 77 5 0
-139 77 4 0
-137 77 5 0
-105 95 3 0
-105 95 2 0
-140 95 11 1
-150 62 4 1
-150 62 5 1
-142 95 10 0
-142 96 9 0
-143 97 10 0
-141 96 10 0
-142 96 11 0
-141 97 11 0
-143 98 7 0
-141 98 7 0
-142 99 7 0
-142 97 7 0
-141 97 8 0
-143 97 8 0
-142 96 8 0
-144 97 10 1
-144 97 9 1
-145 97 10 1
-145 97 9 1
-146 97 10 1
-146 97 9 1
-138 95 10 1
-139 95 10 1
-140 95 10 1
-143 97 9 0
-141 96 9 0
-141 97 9 0
-141 98 9 0
-149 60 1 1
-149 60 2 1
-149 60 3 1
-149 61 1 1
-149 61 2 1
-149 61 3 1
-138 96 11 1
-138 96 10 1
-139 96 11 2
-139 96 10 2
-140 96 11 1
-140 96 10 1
-142 97 10 0
-141 99 10 0
-143 98 10 0
-142 99 11 0
-142 98 11 0
-141 98 10 0
-143 99 7 0
-141 99 7 0
-142 98 8 0
-150 56 4 1
-150 57 2 2
-150 57 3 1
-150 57 4 1
-141 98 8 0
-142 99 8 0
-143 98 8 0
-138 98 9 1
-138 98 8 1
-138 98 7 1
-139 98 9 2
-139 98 8 2
-139 98 7 2
-140 98 8 1
-140 98 7 1
-142 97 9 0
-144 98 10 1
-139 99 10 1
-139 98 12 1
-139 98 10 1
-139 97 12 1
-139 97 11 2
-139 97 10 2
-140 99 12 1
-140 99 11 1
-121 94 2 0
-113 70 10 0
-108 70 6 0
-109 70 7 0
-108 70 8 0
-110 71 6 0
-109 73 6 0
-110 71 7 0
-110 72 7 0
-150 55 -1 1
-150 53 1 1
-150 53 0 1
-150 53 -1 1
-150 52 1 1
-150 52 0 1
-150 52 -1 1
-150 52 4 1
-127 50 -1 1
-130 51 7 1
-131 51 7 1
-130 52 6 1
-112 65 5 1
-120 73 6 0
-121 82 -1 1
-122 82 1 1
-122 82 0 1
-122 82 -1 1
-124 94 6 0
-122 79 0 1
-116 80 0 1
-122 79 -1 1
-122 80 -1 1
-112 53 5 1
-112 52 5 1
-112 51 7 1
-112 51 6 1
-112 51 5 1
-116 81 1 1
-117 81 1 1
-117 81 0 1
-108 62 7 0
-113 76 3 0
-115 80 -1 1
-112 76 4 0
-115 80 1 1
-120 83 -1 1
-116 80 1 1
-111 63 8 1
-115 80 0 1
-117 80 0 2
-127 92 5 0
-126 93 6 0
-125 92 6 0
-108 59 3 0
-125 87 0 1
-125 86 0 1
-112 52 7 1
-108 63 7 0
-116 76 5 0
-114 77 4 0
-113 77 3 0
-108 58 3 0
-123 84 5 0
-127 92 4 0
-123 93 6 0
-125 88 0 1
-112 52 6 1
-107 50 5 0
-121 82 0 1
-125 93 0 1
-125 94 0 1
-128 96 0 1
-124 98 3 0
-116 80 2 0
-126 92 3 0
-123 92 6 0
-126 92 6 0
-125 91 6 0
-117 78 0 1
-116 78 0 2
-117 82 0 1
-117 82 -1 1
-118 82 1 1
-115 79 4 0
-116 78 5 0
-128 97 0 1
-114 78 3 0
-115 78 4 0
-115 78 3 0
-114 78 4 0
-115 77 5 0
-115 76 5 0
-120 82 0 2
-120 82 -1 1
-120 81 0 1
-120 81 -1 1
-120 80 0 1
-120 80 -1 1
-120 79 -1 1
-121 81 0 2
-121 81 -1 1
-121 80 -1 1
-121 79 -1 1
-122 81 1 1
-122 81 0 1
-122 81 -1 1
-122 80 0 1
-116 81 0 1
-116 81 -1 1
-121 80 0 2
-119 80 5 0
-117 81 -1 1
-118 81 1 1
-118 81 0 2
-118 81 -1 1
-117 81 3 0
-120 78 4 0
-119 80 4 0
-117 80 4 0
-119 78 5 0
-117 79 5 0
-107 91 8 0
-106 92 8 0
-106 90 8 0
-107 92 7 0
-101 52 7 0
-101 52 8 0
-102 50 8 0
-104 51 8 0
-102 53 8 0
-101 54 7 0
-102 52 7 0
-101 53 6 0
-102 54 7 0
-102 52 5 1
-103 51 5 1
-103 52 5 1
-103 53 5 1
-102 51 5 1
-103 51 8 0
-102 51 8 0
-101 53 8 0
-101 51 8 0
-103 52 8 0
-102 53 7 0
-102 52 6 0
-103 76 2 0
-101 77 2 0
-101 76 2 0
-102 76 2 0
-101 76 3 0
-102 75 2 0
-101 75 3 0
-102 52 8 0
-103 50 8 0
-104 51 5 0
-101 52 5 1
-101 55 6 0
-101 54 6 0
-103 98 -1 1
-104 81 2 0
-102 83 2 0
-101 81 2 0
-119 82 5 0
-125 99 6 0
-125 99 4 0
-119 84 6 0
-116 83 5 0
-117 83 5 0
-119 83 5 0
-117 83 6 0
-121 82 1 1
-121 82 4 0
-121 81 4 0
-123 82 2 0
-130 54 3 2
-129 54 1 1
-129 54 2 1
-129 54 3 1
-131 54 4 1
-130 54 4 2
-129 54 4 1
-132 55 0 1
-132 55 1 1
-132 55 2 1
-131 55 0 1
-131 55 1 2
-114 71 2 0
-115 72 3 0
-107 55 5 0
-108 55 6 0
-138 85 7 0
-109 55 5 1
-108 56 5 0
-122 99 1 1
-122 99 2 1
-106 50 6 0
-120 93 7 0
-121 95 11 0
-120 96 10 0
-121 96 10 0
-121 97 10 0
-107 52 8 0
-132 65 3 1
-117 84 3 0
-112 66 6 1
-130 73 2 0
-119 86 4 1
-120 85 2 0
-125 99 11 0
-121 95 1 0
-119 93 1 0
-119 93 3 0
-105 61 4 0
-120 87 6 1
-120 87 7 1
-149 56 1 1
-149 56 2 1
-149 56 3 1
-149 57 1 1
-149 57 2 1
-149 57 3 1
-149 58 1 1
-149 58 2 1
-149 58 3 1
-109 60 6 1
-110 59 3 2
-120 89 13 0
-121 89 12 0
-126 89 2 0
-107 65 4 0
-125 87 5 0
-127 87 2 0
-127 87 3 0
-127 72 -1 1
-109 66 5 1
-109 66 6 1
-109 67 6 1
-110 68 6 2
-110 68 2 0
-101 50 2 1
-108 67 4 0
-108 67 5 0
-123 70 5 0
-124 71 9 0
-124 71 10 0
-124 71 4 0
-124 71 3 0
-124 71 2 0
-116 68 5 2
-116 68 6 2
-116 68 7 2
-110 67 2 0
-125 72 2 0
-125 72 1 0
-127 73 2 0
-126 74 2 0
-126 73 3 0
-127 73 1 1
-126 73 1 0
-127 74 2 0
-116 69 9 1
-117 67 4 1
-117 68 4 1
-117 69 4 1
-116 67 4 1
-119 70 5 0
-120 71 9 0
-120 71 10 0
-120 71 4 0
-120 71 3 0
-120 71 2 0
-130 74 5 0
-132 72 5 0
-126 93 11 0
-131 73 7 0
-132 72 7 0
-150 56 5 1
-134 70 5 0
-132 69 8 1
-134 70 7 0
-133 70 6 0
-134 70 6 0
-131 69 7 1
-131 69 6 1
-131 67 6 1
-104 99 6 1
-129 98 3 1
-105 51 1 0
-104 52 1 0
-104 52 3 0
-104 52 2 0
-150 67 -1 1
-114 72 5 0
-113 73 8 0
-114 73 7 0
-114 72 7 0
-113 73 6 0
-111 67 3 1
-114 89 9 0
-119 84 13 0
-114 89 8 0
-123 74 3 0
-120 85 12 0
-118 83 12 0
-118 83 13 0
-107 54 6 0
-124 57 6 1
-104 50 8 0
-124 55 6 1
-125 57 6 1
-125 56 6 1
-121 99 3 0
-120 99 3 0
-116 91 2 1
-117 89 0 1
-118 89 0 1
-119 89 0 1
-117 89 1 2
-106 60 8 0
-124 91 13 0
-106 61 8 0
-124 89 12 0
-122 91 14 0
-122 92 11 0
-114 89 1 0
-123 88 3 1
-123 85 2 0
-122 84 3 0
-122 84 2 0
-120 84 3 0
-130 55 3 2
-131 55 3 1
-117 91 3 1
-116 89 2 1
-116 89 4 1
-116 90 2 1
-116 90 3 1
-139 68 7 1
-116 90 4 1
-116 91 3 1
-116 91 4 1
-116 89 0 1
-116 89 1 1
-116 90 0 1
-130 68 1 1
-114 88 1 0
-115 90 6 0
-115 90 7 0
-115 90 5 0
-105 62 5 0
-105 62 4 0
-116 94 1 0
-116 94 2 0
-121 90 7 1
-114 69 4 1
-114 69 3 2
-125 88 5 0
-127 88 2 0
-120 92 7 0
-127 88 3 0
-127 89 4 0
-131 68 8 1
-131 67 8 1
-133 70 7 0
-134 69 9 1
-134 68 9 1
-121 95 7 0
-121 95 6 0
-121 94 7 0
-135 67 9 1
-122 95 7 0
-122 95 6 0
-122 94 7 0
-132 70 5 0
-131 69 8 1
-132 70 7 0
-132 70 6 0
-129 69 7 1
-111 61 2 1
-111 61 3 1
-110 61 2 1
-110 61 3 1
-109 61 2 1
-130 69 7 1
-130 69 6 1
-130 68 7 2
-130 67 7 1
-130 67 6 1
-130 68 6 2
-133 70 5 0
-132 68 8 2
-132 67 8 1
-133 69 8 1
-133 68 8 2
-133 67 8 1
-135 69 3 1
-135 68 3 1
-135 67 3 1
-136 69 3 1
-136 68 3 1
-136 67 3 1
-133 72 5 0
-133 75 8 0
-133 74 7 0
-133 74 6 0
-101 50 1 1
-101 51 1 1
-104 50 1 0
-103 50 1 0
-103 51 1 0
-133 72 6 0
-130 74 6 0
-131 73 6 0
-132 72 6 0
-129 71 5 0
-130 71 8 0
-130 71 7 0
-131 71 7 0
-129 71 6 0
-130 71 6 0
-104 50 0 0
-105 53 0 0
-105 53 3 0
-135 71 2 0
-135 71 3 0
-135 71 4 0
-135 71 10 0
-101 52 0 2
-101 52 -1 1
-102 52 0 1
-102 52 -1 1
-103 52 0 1
-103 52 -1 1
-102 53 6 0
-102 53 5 1
-131 68 7 1
-143 69 7 1
-143 68 7 1
-143 68 5 1
-143 67 7 1
-143 67 6 1
-143 67 5 1
-144 69 7 1
-144 68 7 1
-144 68 6 1
-144 68 5 1
-144 67 7 1
-144 67 6 1
-144 67 5 1
-143 68 6 2
-144 70 5 0
-147 72 8 0
-144 73 5 0
-143 75 5 1
-143 75 8 0
-143 74 7 0
-143 76 6 0
-143 75 6 0
-140 74 5 0
-141 74 5 0
-142 73 5 0
-141 74 8 0
-141 73 7 0
-142 73 7 0
-140 74 6 0
-141 74 6 0
-142 73 6 0
-104 51 7 0
-118 67 7 1
-118 68 5 2
-118 68 7 2
-118 69 5 1
-107 64 6 0
-111 63 7 1
-114 90 6 0
-114 90 7 0
-114 90 5 0
-130 52 3 2
-129 52 1 1
-114 73 3 0
-115 72 2 0
-114 75 3 0
-112 75 2 0
-112 73 2 0
-120 89 4 1
-118 91 3 1
-118 90 3 2
-126 94 4 0
-125 95 3 0
-126 94 3 0
-125 93 4 0
-125 94 3 0
-125 93 3 0
-123 94 4 0
-123 94 3 0
-125 95 6 0
-125 95 2 1
-137 78 6 0
-138 78 6 0
-138 78 5 0
-139 78 6 0
-137 80 5 0
-139 81 5 0
-138 80 7 0
-137 80 6 0
-139 79 6 0
-102 74 6 0
-103 74 6 0
-106 82 3 0
-106 82 5 0
-119 85 4 0
-107 57 3 0
-123 57 9 1
-126 54 8 0
-126 53 8 0
-126 53 9 0
-126 51 8 0
-124 53 10 0
-124 53 7 0
-124 53 6 1
-128 72 -2 1
-123 90 11 0
-133 71 7 0
-132 71 7 0
-131 71 8 0
-127 55 1 1
-129 56 2 1
-129 56 3 1
-129 56 1 1
-123 86 0 2
-123 86 1 1
-123 86 2 1
-123 87 0 1
-123 87 1 1
-123 87 2 2
-104 54 6 0
-104 54 7 0
-104 55 6 0
-104 55 7 0
-103 54 6 0
-103 54 7 0
-103 55 6 0
-103 55 7 0
-104 52 8 0
-123 88 0 1
-104 53 8 0
-124 56 10 2
-125 55 10 1
-103 53 8 0
-127 65 2 2
-128 65 1 2
-104 52 5 0
-128 65 2 1
-104 53 5 0
-128 65 3 2
-125 57 11 1
-105 54 8 0
-126 77 2 0
-105 55 8 0
-137 86 7 0
-136 87 5 0
-104 56 6 0
-104 56 7 0
-104 57 6 0
-104 57 7 0
-122 93 10 0
-122 93 11 0
-121 93 10 0
-121 93 11 0
-120 93 10 0
-120 93 11 0
-120 99 6 0
-121 98 6 0
-120 99 7 0
-121 99 5 0
-121 98 5 0
-109 90 2 0
-109 90 3 0
-109 91 2 0
-109 91 3 0
-109 89 2 0
-109 89 3 0
-109 68 8 1
-128 56 2 2
-118 88 11 2
-111 69 10 0
-110 66 8 2
-121 50 10 1
-127 56 2 2
-121 50 9 0
-103 54 5 0
-107 69 7 0
-107 72 6 0
-102 54 8 0
-118 87 11 2
-127 56 3 2
-117 84 9 0
-103 55 5 0
-104 54 5 0
-111 72 6 0
-104 55 5 0
-105 53 5 0
-104 54 4 0
-142 94 8 0
-139 94 10 0
-143 94 9 0
-104 56 5 0
-141 93 10 0
-142 94 7 0
-142 71 6 0
-150 68 5 1
-116 85 13 0
-102 93 1 1
-135 88 8 0
-128 51 0 1
-101 68 7 0
-106 93 4 0
-102 94 1 1
-101 94 -1 1
-150 89 9 0
-101 95 -1 1
-149 89 9 0
-112 72 8 0
-150 89 8 0
-125 66 0 1
-150 88 7 0
-150 87 6 0
-149 88 6 0
-109 60 3 1
-107 60 4 0
-107 59 4 0
-107 60 5 0
-107 59 3 0
-106 60 4 0
-106 60 5 0
-106 60 3 0
-107 61 6 0
-107 61 2 0
-123 76 5 0
-126 76 5 0
-124 77 5 0
-125 77 5 0
-125 74 6 0
-125 74 5 0
-125 76 6 0
-125 76 5 0
-125 75 6 0
-125 75 5 0
-123 73 3 0
-124 74 4 0
-123 75 4 0
-124 75 4 0
-123 76 4 0
-124 76 5 0
-122 76 6 0
-123 76 6 0
-121 75 2 0
-122 74 3 0
-122 73 3 0
-123 73 4 0
-122 76 4 0
-122 75 4 0
-121 72 4 0
-123 74 4 0
-122 74 4 0
-121 76 4 0
-121 75 4 0
-122 75 5 0
-122 76 5 0
-122 75 6 0
-122 74 5 0
-122 74 6 0
-131 62 0 2
-131 62 1 2
-131 62 2 1
-130 62 0 2
-130 62 1 2
-121 79 4 0
-117 85 0 1
-119 83 2 0
-117 82 2 0
-117 82 1 1
-125 68 3 1
-125 68 4 1
-141 94 2 2
-141 94 1 1
-141 93 1 1
-141 92 2 2
-141 92 1 1
-142 94 2 2
-142 94 1 1
-105 84 5 0
-106 84 5 0
-147 80 8 0
-148 79 8 0
-145 80 5 0
-144 80 8 0
-144 80 5 0
-144 80 6 0
-102 93 3 0
-103 93 3 0
-102 94 2 0
-101 94 1 1
-104 78 1 1
-102 92 4 0
-136 80 3 0
-135 80 3 0
-135 80 4 0
-132 79 3 0
-131 79 3 0
-129 79 3 0
-128 79 3 0
-126 78 3 0
-129 78 3 0
-149 65 2 1
-125 78 6 0
-127 78 3 0
-149 65 4 1
-150 65 4 1
-127 78 6 0
-150 65 3 2
-149 65 3 1
-126 78 6 0
-121 94 1 0
-121 94 3 0
-150 65 2 1
-103 76 6 0
-111 72 8 0
-102 97 3 0
-119 72 4 0
-145 97 5 1
-114 85 10 0
-105 59 4 0
-110 59 5 2
-111 58 5 1
-111 58 6 1
-126 57 8 1
-126 57 7 1
-126 56 9 1
-126 56 8 1
-126 56 7 1
-109 69 3 1
-126 55 3 1
-119 83 3 0
-109 68 5 1
-104 52 6 0
-122 87 7 0
-105 51 6 0
-105 50 6 0
-115 71 6 0
-114 71 6 0
-116 71 7 0
-115 71 8 0
-115 71 5 0
-117 72 6 0
-116 73 6 0
-116 74 6 0
-117 72 7 0
-117 73 7 0
-116 73 8 0
-117 72 5 0
-116 73 5 0
-118 75 6 0
-118 74 8 0
-118 74 5 0
-118 75 5 0
-121 73 8 0
-118 70 6 0
-118 70 5 0
-115 67 7 1
-115 68 7 2
-115 69 7 1
-104 60 -1 1
-105 60 1 1
-105 60 0 1
-105 60 -1 1
-104 61 6 0
-104 61 5 0
-102 58 1 1
-102 58 4 0
-101 58 2 0
-102 59 2 0
-107 54 4 0
-107 54 8 0
-107 54 7 0
-106 53 5 0
-106 53 7 0
-106 53 6 0
-135 86 7 0
-108 53 5 0
-108 53 7 0
-109 54 5 0
-109 54 7 0
-105 54 5 0
-133 86 7 0
-135 88 9 0
-117 84 7 0
-131 58 2 1
-128 59 4 1
-118 85 8 1
-108 88 4 0
-107 87 3 0
-103 50 5 1
-106 87 3 0
-106 86 3 0
-106 87 4 0
-106 86 4 0
-105 87 4 0
-106 88 5 0
-125 88 2 1
-126 75 4 0
-128 61 5 1
-126 75 1 0
-103 59 2 0
-104 57 1 1
-104 58 1 1
-104 57 4 0
-104 58 4 0
-104 59 3 0
-104 60 3 0
-104 57 2 0
-104 58 2 0
-104 59 2 0
-104 60 2 0
-107 58 1 0
-106 59 1 0
-107 58 2 0
-106 59 2 0
-108 61 1 0
-107 61 1 0
-104 65 1 0
-104 65 2 0
-107 90 -1 1
-107 89 1 1
-107 89 -1 1
-107 88 1 1
-107 88 0 1
-107 88 -1 1
-127 75 1 0
-127 75 3 0
-127 75 2 0
-125 75 1 0
-126 74 1 0
-150 71 9 0
-125 75 3 0
-125 75 2 0
-150 71 3 0
-125 73 1 0
-125 73 3 0
-125 73 2 0
-126 73 2 0
-149 74 7 0
-118 78 4 0
-118 78 3 0
-117 77 1 1
-117 77 3 0
-109 67 3 1
-109 67 5 1
-109 67 4 1
-127 76 6 0
-109 72 3 0
-103 84 5 0
-104 84 5 0
-103 83 3 0
-118 91 1 2
-117 91 2 1
-118 89 7 2
-118 89 6 2
-124 98 4 0
-127 99 6 0
-127 98 4 0
-127 99 4 0
-128 98 6 0
-107 52 6 0
-127 97 5 0
-116 84 7 0
-109 53 6 1
-127 96 5 0
-127 96 6 0
-127 96 4 0
-105 54 7 0
-105 54 6 0
-133 86 8 0
-133 86 9 0
-134 87 7 0
-125 96 4 0
-126 98 7 0
-135 88 10 0
-124 97 5 0
-117 84 5 0
-115 84 6 0
-115 84 7 0
-127 95 5 0
-126 95 5 0
-117 85 4 0
-125 96 5 0
-128 58 4 1
-128 58 3 2
-112 73 3 0
-111 72 3 0
-106 91 4 0
-119 86 8 1
-124 86 5 0
-118 89 3 2
-110 98 2 0
-122 87 6 0
-123 86 7 0
-105 99 1 1
-106 99 3 1
-131 88 9 0
-125 91 1 1
-124 89 -1 1
-124 89 0 1
-124 90 -1 1
-124 91 -1 1
-124 91 0 2
-124 91 1 1
-123 89 -1 1
-123 89 0 1
-123 90 -1 1
-123 90 0 1
-123 90 1 1
-123 91 -1 1
-123 91 0 2
-131 89 8 0
-130 89 8 0
-131 91 8 0
-127 95 3 0
-118 78 0 1
-132 91 8 0
-134 91 9 0
-133 91 10 0
-133 90 8 0
-134 91 8 0
-133 89 9 0
-134 89 9 0
-134 89 10 0
-126 99 3 1
-134 72 4 0
-132 74 3 0
-130 74 3 0
-131 74 3 0
-132 87 9 0
-132 87 10 0
-116 78 3 0
-116 78 1 1
-119 92 12 0
-116 79 2 0
-116 79 3 0
-116 79 1 1
-119 76 2 0
-119 76 3 0
-119 76 1 0
-118 76 3 0
-116 76 2 0
-116 76 3 0
-116 76 1 0
-122 91 4 0
-122 92 4 0
-125 92 4 0
-124 91 5 0
-125 92 -1 1
-148 68 6 1
-148 68 7 1
-149 69 7 0
-149 68 8 0
-148 66 3 1
-148 66 4 1
-142 86 8 0
-143 84 8 0
-141 87 8 0
-143 86 7 0
-142 84 7 0
-142 87 7 0
-142 85 7 0
-141 86 7 0
-115 85 15 0
-115 85 16 0
-130 96 7 0
-147 68 8 0
-123 91 1 1
-123 91 3 0
-122 93 2 0
-118 88 8 1
-118 88 7 2
-118 88 6 2
-119 90 8 1
-142 86 10 0
-143 85 10 0
-143 87 10 0
-144 86 10 0
-120 90 8 1
-143 84 10 0
-143 87 9 0
-144 85 9 0
-145 85 9 0
-127 60 -1 1
-127 61 -1 1
-127 62 -1 1
-132 60 -1 1
-131 60 -1 1
-126 60 -1 1
-143 86 8 0
-108 70 4 0
-108 70 5 0
-101 74 4 0
-101 74 5 0
-101 74 8 0
-101 74 7 0
-101 72 5 0
-101 73 5 0
-101 72 7 0
-101 72 6 0
-101 73 6 0
-103 73 5 0
-103 72 6 0
-118 90 6 1
-118 88 1 1
-131 51 3 1
-130 51 1 1
-130 51 2 2
-130 51 3 2
-129 51 1 1
-129 51 2 1
-129 51 3 1
-131 51 4 1
-122 51 8 0
-122 52 8 0
-145 86 10 0
-144 85 10 0
-145 85 10 0
-146 85 9 0
-146 73 6 0
-144 84 8 0
-146 85 8 0
-144 85 7 0
-145 85 7 0
-147 72 5 0
-146 73 5 0
-150 70 6 0
-149 69 6 0
-150 70 7 0
-149 69 8 0
-147 75 8 0
-150 70 5 0
-149 69 5 1
-147 67 6 2
-147 66 5 1
-147 66 6 1
-147 66 7 1
-112 69 2 1
-116 92 2 0
-115 92 2 0
-112 70 2 1
-116 92 1 0
-115 92 1 0
-106 58 5 0
-116 89 3 1
-119 90 9 1
-105 58 4 0
-113 72 4 0
-108 59 6 0
-111 57 4 1
-111 57 5 1
-123 90 3 0
-123 90 4 0
-123 90 2 1
-116 90 1 1
-116 91 0 1
-117 92 4 0
-126 90 3 0
-125 89 1 1
-125 89 5 0
-110 57 3 1
-109 57 3 1
-109 56 5 1
-130 70 3 0
-115 93 2 0
-107 89 2 0
-120 67 8 1
-121 69 9 1
-121 69 8 1
-117 89 2 2
-117 92 3 1
-101 69 6 0
-123 71 7 0
-122 71 6 0
-128 72 7 0
-108 91 2 0
-116 83 1 0
-127 74 8 0
-127 75 6 0
-124 74 5 0
-111 50 8 1
-111 50 9 1
-110 50 7 2
-110 50 8 2
-110 50 9 2
-109 50 7 1
-109 50 8 1
-109 50 9 1
-107 51 9 0
-107 51 10 0
-106 51 9 0
-108 51 9 0
-129 58 4 1
-129 68 3 2
-129 50 0 2
-111 67 5 2
-127 68 2 1
-127 67 4 1
-127 67 5 1
-127 68 4 2
-128 51 5 1
-120 82 4 0
-119 81 4 0
-122 81 4 0
-122 82 2 0
-127 59 4 1
-128 64 -1 1
-126 58 3 2
-126 58 4 1
-126 59 2 1
-126 59 3 2
-126 59 4 1
-127 58 1 1
-130 60 2 2
-130 60 3 2
-130 60 4 1
-117 80 2 0
-117 78 1 1
-118 78 1 1
-118 78 2 0
-116 78 2 0
-117 78 2 0
-119 79 0 1
-119 79 4 0
-118 77 1 0
-118 77 2 0
-119 77 3 0
-120 79 4 0
-119 77 1 0
-119 78 1 0
-119 78 3 0
-122 79 3 0
-120 81 1 1
-120 81 3 0
-120 81 2 0
-125 88 6 0
-126 53 7 0
-122 52 4 1
-122 52 5 2
-122 52 6 1
-125 53 5 2
-124 53 4 1
-124 53 5 2
-123 53 4 2
-123 53 5 2
-123 53 6 1
-125 89 6 0
-127 51 7 0
-123 53 7 0
-126 53 6 1
-122 53 4 1
-122 53 5 2
-122 53 6 1
-121 51 4 1
-121 51 5 1
-121 51 6 1
-121 52 4 1
-121 52 5 1
-121 52 6 1
-121 53 4 1
-121 53 5 1
-121 53 6 1
-124 50 3 1
-124 51 3 1
-124 52 3 1
-123 50 3 1
-123 51 3 1
-123 52 3 1
-122 50 3 1
-122 51 3 1
-122 52 3 1
-124 90 6 0
-125 90 6 0
-126 89 5 0
-126 91 6 0
-126 90 5 0
-108 68 3 0
-150 55 5 1
-150 58 2 2
-150 58 3 1
-150 58 4 1
-150 58 -1 1
-150 58 0 1
-150 58 1 2
-142 79 3 1
-142 79 4 2
-142 79 5 1
-141 77 3 1
-141 77 4 1
-141 78 3 1
-141 78 4 1
-141 78 5 1
-141 79 3 1
-141 79 4 1
-141 79 5 1
-140 77 5 0
-140 76 5 0
-140 78 5 0
-140 77 4 0
-139 78 4 0
-141 78 7 0
-142 78 7 0
-142 77 8 0
-141 79 8 0
-143 78 8 0
-140 79 8 0
-142 76 8 0
-142 79 7 0
-142 77 7 0
-143 77 7 0
-141 76 7 0
-143 79 7 0
-142 77 6 0
-142 76 7 0
-141 80 6 0
-142 78 6 0
-143 78 6 0
-141 77 6 0
-141 76 6 0
-142 79 6 0
-143 77 6 0
-141 80 5 1
-143 80 3 1
-143 80 4 1
-143 80 5 1
-142 80 3 1
-142 80 4 1
-142 80 5 1
-141 80 3 1
-141 80 4 1
-143 78 7 0
-147 67 5 1
-147 67 7 1
-147 68 5 1
-147 68 6 1
-147 68 7 1
-146 66 5 1
-146 66 6 1
-146 66 7 1
-146 67 5 1
-146 67 6 1
-146 67 7 1
-146 68 5 1
-116 89 6 0
-117 90 8 2
-117 90 7 1
-116 92 5 0
-116 92 6 0
-117 89 5 1
-117 88 5 1
-117 87 5 1
-118 87 5 1
-119 87 5 1
-117 89 8 1
-117 89 7 1
-146 66 3 1
-146 66 4 1
-146 67 3 1
-146 67 4 1
-146 68 3 1
-146 68 4 1
-147 70 5 0
-134 67 9 1
-135 69 9 1
-135 68 9 1
-136 69 9 1
-136 68 9 1
-136 67 9 1
-134 73 7 0
-133 72 7 0
-134 73 6 0
-132 75 8 0
-132 74 7 0
-132 73 7 0
-132 75 6 0
-132 73 6 0
-127 99 5 0
-109 97 1 1
-108 97 2 0
-128 59 -1 1
-128 59 0 2
-128 59 1 1
-122 76 3 0
-150 55 4 1
-127 50 2 2
-105 50 3 1
-118 90 1 2
-121 86 6 0
-120 84 4 0
-141 90 4 2
-141 90 3 1
-121 91 11 0
-119 91 12 1
-118 91 12 1
-117 91 12 1
-118 90 0 1
-120 91 0 1
-125 73 5 0
-107 89 5 0
-105 88 2 0
-108 88 2 0
-123 93 7 0
-124 94 7 0
-124 95 7 0
-123 94 7 0
-123 95 7 0
-129 70 -2 1
-106 89 5 0
-105 87 2 0
-108 89 2 0
-105 89 2 0
-104 89 3 0
-105 86 2 0
-105 86 6 0
-149 72 8 0
-103 84 4 0
-104 82 7 0
-124 96 7 0
-124 97 6 0
-124 97 7 0
-123 96 6 0
-123 96 7 0
-123 97 6 0
-123 97 7 0
-117 84 4 0
-103 83 6 0
-106 81 4 0
-104 83 6 0
-102 83 4 0
-102 83 5 0
-101 79 7 0
-101 78 7 0
-102 79 7 0
-102 79 6 0
-111 52 8 1
-111 53 6 1
-111 53 7 1
-111 59 3 1
-111 59 2 1
-111 58 3 1
-111 58 2 1
-104 52 7 0
-110 52 6 2
-110 52 8 2
-109 51 7 1
-109 51 8 1
-109 52 6 1
-110 52 5 2
-136 86 7 0
-135 87 7 0
-127 52 8 0
-128 55 4 1
-127 55 2 1
-127 55 3 2
-133 62 0 1
-133 62 1 1
-118 90 4 1
-118 89 4 1
-119 91 4 1
-119 90 4 1
-119 89 4 2
-120 91 4 1
-120 90 4 1
-137 82 8 0
-141 82 7 0
-147 71 10 0
-146 70 5 0
-145 69 8 0
-145 70 7 0
-146 70 7 0
-129 76 6 0
-129 76 7 0
-128 74 3 0
-150 85 10 0
-128 53 8 0
-150 84 9 0
-127 55 7 0
-128 54 6 0
-124 55 4 1
-124 55 5 1
-128 51 7 0
-142 90 7 0
-142 91 6 0
-127 50 6 0
-140 92 2 2
-140 92 1 1
-139 93 2 2
-139 93 9 0
-139 93 8 0
-125 97 5 0
-125 97 6 0
-125 97 4 0
-126 99 7 0
-126 54 9 0
-126 55 7 1
-126 55 8 1
-126 55 9 1
-125 89 12 0
-125 89 13 0
-124 90 11 0
-125 89 11 0
-123 91 14 0
-126 57 9 1
-122 91 2 0
-122 91 3 0
-126 92 11 0
-126 92 12 0
-126 91 11 0
-127 91 11 0
-126 91 12 0
-127 91 12 0
-125 90 11 0
-126 89 11 0
-125 90 12 0
-126 89 12 0
-125 91 10 0
-125 91 9 0
-131 92 10 0
-130 92 11 0
-132 90 10 0
-132 88 9 0
-131 88 10 0
-130 89 9 0
-130 89 10 0
-129 89 9 0
-131 90 8 0
-131 90 7 0
-132 90 8 0
-132 88 8 0
-132 87 8 0
-131 88 8 0
-132 89 11 0
-132 89 8 0
-132 89 7 0
-134 90 8 0
-127 70 -1 1
-128 70 -1 1
-129 70 0 2
-129 70 -1 1
-126 68 4 2
-126 67 4 2
-126 66 4 2
-127 66 4 2
-130 70 1 1
-107 53 4 0
-107 53 8 0
-106 52 7 0
-106 52 6 0
-126 95 1 1
-126 95 0 1
-127 95 2 1
-127 95 1 2
-127 95 0 1
-122 95 2 0
-132 67 3 1
-114 68 2 1
-128 53 1 1
-126 55 4 1
-123 78 1 0
-123 79 3 0
-107 66 0 2
-104 63 3 0
-104 63 6 0
-105 64 6 0
-104 63 4 0
-107 70 3 0
-142 75 8 0
-142 74 7 0
-142 76 6 0
-142 75 6 0
-139 74 5 0
-140 73 5 0
-120 79 0 1
-130 56 -1 1
-129 56 -1 1
-129 56 0 2
-106 88 2 0
-106 88 1 1
-127 73 8 0
-125 72 5 0
-116 84 0 0
-120 86 1 1
-120 86 2 1
-120 86 3 1
-120 87 1 2
-107 58 8 0
-108 55 4 0
-108 57 4 0
-111 57 9 1
-111 58 9 1
-111 59 9 1
-110 57 9 1
-110 58 9 1
-110 59 9 1
-109 57 9 1
-109 58 9 1
-109 59 9 1
-108 50 6 0
-121 83 -1 1
-121 83 0 1
-124 95 6 0
-109 54 8 0
-108 55 8 0
-116 80 3 0
-117 80 -1 1
-121 84 -1 1
-116 80 -1 1
-121 84 0 1
-120 84 -1 1
-120 84 0 1
-119 84 -1 1
-111 61 8 1
-111 62 8 1
-110 61 8 1
-110 62 8 1
-110 63 8 1
-109 61 8 1
-109 62 8 1
-109 63 8 1
-112 76 3 0
-117 78 5 0
-118 80 4 0
-127 99 7 0
-118 78 -1 1
-118 79 -1 1
-118 79 0 1
-118 80 -1 1
-118 80 0 2
-111 64 8 1
-124 77 2 0
-122 78 1 0
-122 78 3 0
-122 78 2 0
-122 76 1 0
-123 76 1 0
-150 56 3 1
-150 56 2 1
-150 56 1 1
-150 55 3 1
-150 55 2 1
-150 55 1 1
-129 59 0 2
-109 72 8 0
-129 58 -1 1
-130 59 -1 1
-130 58 -1 1
-129 58 0 2
-126 57 0 1
-126 56 0 1
-137 79 6 0
-121 56 9 1
-121 56 8 1
-121 56 7 1
-121 55 9 1
-121 55 8 1
-121 55 7 1
-122 57 9 1
-122 57 8 1
-122 57 7 1
-122 56 9 1
-122 56 7 1
-111 64 4 2
-111 64 5 1
-111 64 6 1
-110 64 4 1
-110 64 5 2
-110 64 6 2
-109 64 4 1
-118 88 9 2
-118 89 9 2
-118 90 9 2
-119 91 9 1
-136 79 5 0
-135 79 5 0
-105 51 9 0
-105 51 7 0
-128 98 5 0
-128 98 4 0
-126 98 5 0
-126 98 6 0
-126 98 4 0
-125 98 5 0
-125 98 4 0
-114 90 8 0
-116 88 9 0
-115 88 9 0
-115 88 8 0
-128 97 5 0
-148 67 3 1
-148 67 4 1
-148 68 3 1
-148 68 4 1
-148 72 6 0
-149 72 7 0
-148 72 8 0
-148 72 5 0
-150 73 6 0
-149 74 6 0
-117 84 16 0
-117 82 14 0
-122 98 7 0
-150 94 6 0
-150 95 5 0
-150 94 5 0
-126 99 9 0
-111 99 5 1
-112 99 5 1
-112 98 5 1
-124 99 4 0
-119 91 2 2
-106 62 4 0
-120 90 1 1
-112 99 4 1
-112 98 4 1
-127 98 5 0
-117 77 0 1
-120 90 0 1
-120 90 2 1
-111 99 4 1
-108 98 -1 1
-109 98 0 1
-109 98 -1 1
-110 98 0 2
-110 98 -1 1
-130 98 2 1
-130 98 1 1
-131 98 3 1
-131 98 2 2
-131 98 1 1
-136 98 3 1
-136 98 2 1
-136 98 1 1
-129 98 7 0
-137 96 1 1
-135 96 1 1
-136 96 1 1
-135 92 3 1
-135 92 2 1
-135 92 1 1
-135 91 3 1
-135 91 2 1
-135 91 1 1
-135 90 3 1
-135 90 2 1
-135 90 1 1
-134 97 2 2
-135 94 4 0
-139 91 3 1
-139 91 2 2
-121 98 7 0
-148 96 7 0
-114 75 6 0
-115 75 5 0
-147 68 4 1
-147 68 3 1
-147 67 3 1
-147 66 4 1
-147 66 3 1
-147 67 4 2
-110 67 5 2
-110 68 3 1
-124 76 3 0
-138 84 7 0
-138 84 8 0
-137 84 8 0
-122 95 3 0
-123 96 3 0
-112 68 3 1
-112 68 4 2
-144 71 6 0
-143 71 6 0
-145 71 7 0
-144 71 8 0
-144 71 5 0
-138 90 4 0
-138 90 7 0
-138 90 5 0
-141 89 4 1
-141 89 7 0
-141 90 7 0
-141 91 6 0
-141 89 5 1
-143 90 4 1
-143 90 7 0
-143 91 7 0
-142 92 6 0
-141 92 6 0
-144 91 1 1
-144 91 3 1
-143 91 1 1
-143 91 2 1
-143 91 3 1
-142 91 1 1
-142 91 2 1
-134 99 1 1
-134 99 2 1
-133 97 1 1
-133 98 1 1
-133 99 1 1
-133 99 2 1
-132 97 1 1
-149 98 6 2
-145 94 4 0
-146 98 2 1
-143 95 1 1
-143 95 2 2
-143 95 3 1
-145 96 1 1
-145 97 1 1
-144 96 1 1
-144 96 2 2
-141 95 4 2
-143 97 4 1
-143 97 5 1
-143 90 3 1
-143 91 4 1
-140 95 2 2
-140 96 2 2
-140 97 2 1
-139 95 2 2
-139 96 2 1
-139 97 2 1
-141 91 1 1
-140 91 1 1
-150 97 4 1
-150 97 5 1
-116 77 5 0
-117 79 4 0
-116 79 4 0
-115 79 3 0
-124 50 10 0
-117 77 -1 1
-117 78 -1 1
-124 51 7 0
-117 79 -1 1
-117 79 0 2
-116 77 -1 1
-116 77 0 1
-116 78 -1 1
-116 79 -1 1
-116 79 0 2
-115 77 -1 1
-115 77 0 1
-115 78 -1 1
-123 50 7 0
-125 51 7 0
-124 50 6 1
-124 51 10 0
-125 50 7 0
-125 50 6 1
-125 50 10 0
-125 51 6 1
-123 50 6 1
-124 51 6 1
-150 65 5 1
-150 65 6 1
-149 65 5 1
-149 65 6 1
-125 52 6 1
-124 51 5 2
-125 50 5 2
-125 51 5 2
-125 52 5 2
-124 50 4 1
-124 50 5 2
-124 51 4 1
-124 52 4 2
-124 52 5 2
-123 50 4 1
-123 50 5 2
-123 51 4 2
-123 51 5 2
-123 52 4 1
-123 52 5 1
-139 99 11 1
-139 99 12 1
-138 97 10 1
-138 97 11 1
-138 97 12 1
-138 98 10 1
-138 98 11 1
-138 98 12 1
-138 99 10 1
-138 99 11 1
-138 99 12 1
-141 97 10 0
-143 98 9 0
-140 98 9 1
-146 98 8 1
-146 98 9 1
-146 98 10 1
-145 98 8 1
-145 98 9 2
-145 98 10 1
-144 98 8 1
-144 98 9 1
-104 53 7 0
-104 53 6 0
-105 51 5 0
-105 50 5 0
-105 50 8 0
-108 98 0 1
-109 97 2 0
-118 91 11 1
-111 59 5 1
-109 98 3 0
-116 83 6 0
-109 98 2 0
-117 83 7 0
-110 99 4 1
-110 99 3 1
-110 99 2 1
-108 99 3 1
-106 98 1 0
-106 98 3 0
-106 98 2 0
-107 98 2 0
-130 65 -1 1
-128 65 5 1
-128 65 4 2
-129 65 5 1
-130 65 5 1
-129 67 2 1
-129 67 1 1
-113 85 13 0
-129 66 0 2
-130 67 2 1
-130 67 1 1
-102 73 6 0
-103 74 5 0
-103 74 7 0
-112 65 4 1
-112 65 3 1
-113 65 5 1
-113 65 4 1
-117 78 3 0
-148 70 5 0
-114 65 5 1
-114 65 4 1
-114 65 3 1
-111 70 5 0
-109 70 3 0
-109 70 5 0
-109 70 4 0
-116 89 11 0
-147 74 7 0
-111 69 2 0
-110 69 5 1
-110 68 5 2
-110 68 4 2
-107 57 7 0
-126 63 1 1
-120 85 10 0
-128 99 5 0
-111 69 3 1
-111 68 5 2
-111 68 4 2
-107 59 5 0
-107 58 4 0
-109 59 5 1
-108 59 5 0
-108 59 4 0
-108 60 5 0
-108 60 4 0
-108 61 5 0
-107 62 5 0
-105 60 5 0
-105 60 4 0
-113 72 1 0
-115 72 4 0
-113 72 5 0
-113 74 4 0
-112 71 2 0
-104 50 7 0
-113 71 2 0
-104 50 6 0
-102 51 7 0
-103 59 1 1
-103 59 0 1
-103 59 -1 1
-104 59 1 1
-104 59 0 2
-104 59 -1 1
-105 59 1 1
-105 59 0 1
-105 59 -1 1
-104 60 6 0
-104 60 5 0
-104 60 4 0
-129 53 0 2
-126 68 0 1
-102 82 5 0
-104 80 5 0
-103 80 4 0
-103 81 5 0
-104 82 3 0
-104 82 2 0
-128 68 4 2
-130 68 -1 1
-130 68 0 2
-129 68 -1 1
-129 68 0 2
-128 68 -1 1
-102 80 4 0
-103 80 5 0
-106 80 5 0
-105 79 4 0
-104 79 5 0
-102 79 4 0
-127 62 2 1
-130 56 0 2
-139 93 4 0
-139 94 3 1
-139 94 2 2
-139 94 1 1
-139 93 3 1
-139 92 3 1
-139 92 1 1
-140 94 2 2
-140 94 1 1
-140 93 2 2
-140 93 1 1
-119 85 7 0
-119 86 5 0
-119 86 7 0
-119 86 6 0
-127 59 0 2
-127 58 0 1
-126 59 1 2
-125 60 4 1
-125 60 3 1
-125 60 2 1
-130 58 5 1
-130 57 5 2
-130 56 5 1
-105 52 6 0
-103 52 7 0
-103 52 6 0
-107 95 0 1
-107 95 4 0
-109 53 8 1
-108 51 7 0
-108 51 8 0
-108 51 6 0
-107 51 7 0
-107 51 8 0
-102 96 3 0
-102 96 2 0
-103 96 2 0
-103 98 0 1
-102 98 -1 1
-102 98 0 1
-102 98 1 1
-101 98 -1 1
-101 98 0 2
-101 98 1 1
-101 99 5 1
-102 98 2 1
-102 97 2 0
-101 99 0 2
-102 99 -1 1
-102 99 0 1
-102 65 1 1
-102 65 0 1
-101 71 0 1
-101 71 -1 1
-103 70 1 1
-103 70 0 1
-103 70 -1 1
-103 69 1 1
-103 69 0 1
-103 69 -1 1
-103 68 1 1
-103 68 0 1
-103 68 -1 1
-101 71 1 1
-103 69 2 0
-102 69 2 0
-101 71 2 0
-102 68 2 0
-102 70 1 1
-102 70 0 2
-102 70 -1 1
-102 69 1 1
-102 69 0 2
-102 69 -1 1
-102 68 1 1
-102 68 0 1
-102 68 -1 1
-102 67 3 0
-101 87 0 2
-101 87 -1 1
-102 87 0 1
-102 87 -1 1
-101 70 1 1
-101 70 0 1
-101 70 -1 1
-104 86 0 1
-102 67 2 0
-101 67 2 0
-101 67 4 0
-102 87 1 1
-103 86 1 1
-101 87 1 1
-103 87 2 0
-101 86 2 0
-104 85 2 0
-102 67 0 1
-102 67 -1 1
-101 87 3 0
-103 87 3 0
-102 87 4 0
-102 86 3 0
-101 69 1 1
-101 69 0 2
-101 69 -1 1
-101 68 2 0
-102 66 2 0
-111 57 2 1
-110 57 2 1
-109 57 2 1
-101 74 0 2
-101 74 -1 1
-102 75 1 1
-102 75 0 2
-102 75 -1 1
-102 74 1 1
-102 74 -1 1
-107 57 4 0
-106 57 5 0
-106 57 4 0
-107 59 6 0
-116 91 11 0
-116 91 12 0
-118 93 11 0
-118 91 13 0
-134 77 3 0
-107 92 4 0
-107 92 5 0
-107 92 1 1
-104 90 3 0
-103 57 2 0
-103 56 3 0
-103 55 3 0
-103 54 4 0
-103 56 1 1
-103 55 1 1
-103 54 1 1
-102 56 2 0
-102 56 3 0
-102 56 1 1
-101 55 1 1
-130 62 5 1
-103 57 3 0
-103 57 4 0
-103 57 5 0
-103 57 6 0
-103 57 0 2
-126 95 2 1
-125 95 0 1
-125 95 1 1
-127 94 1 2
-128 93 0 1
-128 93 1 1
-128 93 2 1
-128 94 0 1
-128 94 1 1
-128 94 2 1
-128 95 0 1
-128 95 1 1
-128 95 2 1
-114 76 2 0
-127 93 1 1
-132 56 2 1
-132 56 1 1
-129 71 4 0
-110 62 3 1
-111 64 3 1
-111 63 5 1
-111 63 3 1
-113 85 9 0
-105 77 6 0
-105 77 5 0
-101 80 5 0
-102 81 5 0
-103 82 6 0
-103 80 3 0
-102 81 4 0
-128 58 2 1
-104 81 3 0
-109 90 9 0
-107 50 4 0
-106 93 5 0
-103 91 5 0
-104 93 5 0
-107 51 4 0
-140 93 6 0
-124 68 6 2
-127 70 6 0
-123 68 6 2
-123 68 5 2
-123 67 7 1
-123 67 6 1
-123 67 5 1
-128 97 6 0
-108 51 4 0
-109 50 4 1
-110 50 4 2
-111 50 4 1
-110 54 6 0
-121 79 0 1
-130 57 1 1
-130 57 2 2
-109 65 6 1
-109 65 5 1
-101 75 -1 1
-101 75 0 2
-101 75 1 1
-129 67 6 1
-129 67 7 1
-129 68 6 2
-129 68 7 2
-129 69 6 1
-119 72 3 0
-117 72 4 0
-118 72 3 0
-131 62 4 1
-119 73 3 0
-121 77 5 0
-122 77 5 0
-121 76 6 0
-121 76 5 0
-123 77 5 0
-122 73 4 0
-114 91 9 0
-124 73 4 0
-124 76 6 0
-128 73 4 0
-149 84 7 0
-129 74 3 0
-150 83 8 0
-129 75 7 0
-130 75 3 0
-126 57 10 1
-130 76 7 0
-125 86 3 1
-124 86 4 0
-136 76 3 0
-137 76 3 0
-138 76 3 0
-136 75 6 0
-138 75 7 0
-137 75 4 0
-139 76 4 0
-102 99 1 1
-139 76 8 0
-141 75 8 0
-140 76 8 0
-117 67 8 1
-117 68 8 2
-112 89 11 0
-144 79 7 0
-142 95 8 0
-144 75 7 0
-144 76 8 0
-145 76 8 0
-146 76 8 0
-113 74 6 0
-147 76 8 0
-148 76 8 0
-130 99 6 0
-149 76 8 0
-150 76 8 0
-150 83 7 0
-150 85 6 0
-128 75 7 0
-149 85 6 0
-127 75 7 0
-108 72 8 0
-109 71 6 0
-149 87 6 0
-150 86 6 0
-150 86 7 0
-148 86 6 0
-150 85 7 0
-148 85 7 0
-149 84 8 0
-149 88 8 0
-150 85 8 0
-149 84 9 0
-149 85 8 0
-150 87 9 0
-150 85 9 0
-147 86 8 0
-149 87 8 0
-148 87 8 0
-148 86 9 0
-147 89 10 0
-147 87 10 0
-146 87 7 0
-147 88 7 0
-145 86 7 0
-147 87 8 0
-147 89 8 0
-146 86 8 0
-148 88 8 0
-147 86 9 0
-145 86 9 0
-147 87 9 0
-146 86 10 0
-147 88 10 0
-146 87 10 0
-106 55 6 0
-106 55 5 0
-107 55 6 0
-111 56 6 1
-111 56 5 1
-111 56 4 1
-108 58 6 0
-108 57 6 0
-107 58 3 0
-107 58 7 0
-107 58 6 0
-107 56 6 0
-107 56 5 0
-109 56 4 1
-108 56 6 0
-123 88 2 2
-111 57 3 1
-127 98 1 1
-127 98 2 2
-126 96 0 1
-129 74 5 0
-130 73 5 0
-129 74 8 0
-130 73 7 0
-126 89 4 0
-127 89 2 0
-127 86 3 0
-132 68 3 1
-126 96 5 0
-126 96 6 0
-126 96 4 0
-124 96 5 0
-125 96 6 0
-139 69 3 1
-133 67 6 1
-135 73 5 0
-134 74 8 0
-135 73 7 0
-137 69 4 1
-137 68 4 1
-134 71 6 0
-135 71 6 0
-136 71 6 0
-137 71 6 0
-138 72 7 0
-103 98 5 0
-105 99 7 0
-106 97 5 0
-106 97 8 0
-106 96 6 0
-106 97 6 0
-109 98 5 0
-108 98 8 0
-107 99 7 0
-109 98 6 0
-108 98 6 0
-136 72 6 0
-110 99 6 1
-137 72 6 0
-124 99 6 0
-124 99 5 0
-111 99 6 1
-107 53 9 0
-105 52 7 0
-106 52 8 0
-111 51 7 1
-111 52 7 1
-146 88 7 0
-145 87 7 0
-144 87 7 0
-146 87 8 0
-146 90 8 0
-145 86 8 0
-145 87 8 0
-147 88 8 0
-144 90 5 0
-143 91 5 1
-145 93 4 0
-131 66 4 1
-130 66 3 2
-102 76 7 0
-130 66 1 2
-127 70 0 1
-128 70 1 1
-109 51 5 1
-128 70 0 2
-127 69 3 1
-110 51 5 2
-111 53 5 1
-111 52 5 1
-111 51 5 1
-130 71 10 0
-130 71 9 0
-129 70 7 0
-126 69 9 1
-126 69 8 1
-126 68 9 1
-126 68 8 2
-126 67 9 1
-120 88 6 1
-121 90 6 1
-121 89 6 1
-121 89 5 1
-121 88 6 1
-121 88 5 1
-122 90 6 0
-117 88 13 0
-115 85 7 0
-115 85 6 0
-118 85 5 0
-117 85 7 1
-125 87 2 1
-107 65 1 1
-107 65 0 1
-107 65 -1 1
-108 67 0 1
-108 67 -1 1
-108 66 1 1
-129 59 4 1
-129 72 4 0
-131 74 2 0
-133 72 2 0
-114 89 2 0
-115 68 6 2
-115 68 5 2
-115 67 6 1
-115 67 5 1
-115 67 4 1
-114 68 5 2
-112 72 4 0
-110 72 4 0
-110 72 3 0
-110 70 4 0
-110 70 3 0
-118 89 11 2
-108 68 4 0
-109 68 4 1
-113 65 3 1
-134 67 6 1
-149 80 5 0
-134 67 5 1
-133 68 6 2
-124 89 5 0
-104 54 8 0
-124 84 5 0
-104 55 8 0
-124 85 5 0
-103 54 8 0
-130 71 5 0
-103 55 8 0
-130 68 5 2
-126 69 3 1
-115 85 4 0
-118 84 1 1
-116 82 2 0
-116 84 3 0
-116 84 4 0
-119 82 15 0
-119 84 16 0
-119 85 14 0
-118 85 16 0
-119 85 15 0
-117 85 16 0
-115 84 16 0
-120 88 3 1
-112 88 9 0
-130 72 2 0
-130 72 5 0
-129 70 4 0
-130 70 4 0
-132 70 2 0
-132 70 3 0
-132 72 2 0
-130 74 2 0
-128 72 4 0
-113 86 8 0
-113 87 9 0
-119 86 14 0
-121 86 11 0
-121 86 13 0
-121 86 12 0
-122 84 4 0
-123 82 3 0
-130 69 5 1
-146 86 7 0
-148 88 7 0
-150 80 8 0
-147 87 7 0
-148 86 10 0
-149 87 10 0
-146 88 10 0
-148 85 10 0
-148 89 9 0
-149 86 9 0
-147 85 9 0
-149 88 9 0
-136 88 9 0
-137 88 8 0
-136 88 8 0
-136 89 7 0
-135 88 7 0
-136 89 9 0
-102 58 3 0
-101 58 1 0
-107 56 2 0
-106 56 3 0
-107 56 1 0
-105 54 2 0
-106 54 2 0
-104 55 3 0
-105 55 3 0
-105 54 4 0
-105 54 1 0
-106 54 1 0
-103 52 2 1
-103 54 3 0
-103 53 4 1
-103 53 1 1
-101 55 5 1
-135 89 8 0
-135 90 9 0
-135 90 8 0
-105 53 6 0
-129 70 1 1
-129 70 2 1
-108 52 6 0
-102 55 3 0
-101 54 1 1
-134 90 9 0
-103 56 4 0
-103 56 5 0
-103 56 6 0
-104 55 -1 1
-104 55 0 1
-103 55 -1 1
-103 55 0 1
-102 55 -1 1
-102 55 0 2
-102 55 1 1
-122 93 3 0
-124 91 2 0
-124 93 1 1
-124 93 0 1
-121 93 2 0
-121 93 1 0
-122 95 1 0
-123 95 1 0
-125 93 1 1
-125 92 1 1
-123 91 2 0
-124 96 6 0
-121 96 4 0
-122 97 6 0
-121 97 6 0
-122 97 3 0
-121 97 3 0
-123 98 0 1
-123 98 1 1
-123 98 2 1
-124 99 3 0
-125 67 5 1
-125 67 3 1
-126 69 5 1
-126 69 4 1
-126 68 5 2
-136 79 3 0
-130 71 0 2
-125 69 4 1
-135 79 3 0
-137 80 4 0
-118 88 2 2
-119 87 1 2
-114 71 3 0
-119 87 2 2
-119 87 3 2
-145 76 7 0
-145 75 7 0
-146 75 7 0
-144 76 6 0
-117 85 12 0
-144 75 5 0
-145 77 5 0
-144 76 5 0
-145 75 4 0
-144 77 4 0
-145 76 4 0
-145 77 4 0
-119 86 13 0
-117 84 13 0
-126 53 5 1
-127 55 5 1
-124 77 6 0
-127 53 5 1
-107 83 3 0
-123 77 6 0
-103 83 4 0
-116 91 13 0
-123 77 0 0
-123 77 4 0
-123 77 3 0
-121 76 2 0
-123 79 1 0
-105 85 4 0
-105 85 2 0
-105 85 3 0
-143 75 7 0
-113 85 8 0
-144 75 6 0
-144 78 4 0
-143 75 4 1
-144 76 4 0
-144 77 3 0
-104 74 5 0
-103 73 4 0
-104 73 4 0
-104 72 3 0
-149 98 7 1
-149 98 8 1
-148 98 7 2
-148 98 8 1
-147 98 7 1
-147 98 8 1
-150 98 7 1
-150 99 7 1
-143 76 7 0
-142 75 7 0
-104 72 4 0
-141 75 5 1
-105 73 4 0
-142 75 4 1
-143 75 3 1
-142 75 3 1
-141 75 3 1
-141 75 4 1
-105 73 6 0
-105 74 6 0
-104 72 6 0
-105 75 5 0
-106 73 5 0
-106 75 5 0
-105 72 5 0
-104 76 4 0
-105 74 4 0
-106 74 4 0
-105 75 4 0
-106 73 4 0
-104 75 3 0
-106 74 3 0
-141 75 7 0
-139 75 5 0
-104 74 2 0
-140 78 4 0
-106 73 6 0
-140 75 4 0
-140 76 4 0
-106 72 6 0
-106 76 5 0
-107 73 5 0
-107 75 5 0
-106 72 5 0
-149 97 7 1
-149 97 8 1
-148 97 7 1
-148 97 8 1
-140 75 7 0
-139 75 6 0
-138 75 4 0
-114 86 6 0
-116 85 5 0
-116 85 6 1
-114 87 5 0
-114 87 7 0
-114 87 6 0
-116 85 1 0
-116 85 2 0
-108 66 7 0
-108 67 6 0
-115 86 5 0
-136 69 4 1
-136 68 4 2
-120 81 5 0
-111 60 8 1
-115 99 6 1
-115 99 5 1
-115 99 4 1
-101 99 8 0
-103 97 5 0
-103 97 8 0
-103 98 8 0
-103 99 7 0
-103 96 6 0
-106 99 6 1
-106 99 5 1
-104 98 8 0
-103 99 8 0
-102 99 7 0
-104 98 6 0
-117 87 6 2
-131 89 10 0
-131 56 0 1
-131 56 1 2
-122 88 9 0
-122 89 10 0
-122 86 8 0
-122 86 9 0
-122 89 9 0
-125 53 8 0
-102 50 1 0
-112 67 2 1
-114 67 2 1
-110 70 5 0
-108 68 5 0
-131 55 4 1
-130 71 1 1
-129 55 2 1
-129 55 1 1
-101 98 6 0
-117 88 4 1
-118 88 0 1
-117 88 0 1
-101 98 8 0
-101 98 5 1
-116 88 0 1
-116 88 1 1
-116 88 2 1
-107 51 6 0
-107 50 6 0
-121 77 3 0
-121 88 7 1
-123 87 6 0
-123 87 5 0
-123 88 6 0
-128 99 1 1
-128 99 2 1
-120 90 11 1
-122 56 8 2
-122 55 7 1
-125 62 2 1
-125 62 3 1
-125 62 4 1
-120 91 11 0
-127 61 0 1
-127 62 0 2
-108 97 3 0
-126 61 0 1
-126 62 0 1
-126 62 1 2
-125 61 0 1
-110 60 7 1
-109 58 7 1
-109 59 7 1
-109 60 7 1
-117 92 11 0
-118 92 12 0
-119 93 11 0
-120 92 12 0
-121 91 12 0
-119 91 13 0
-112 60 4 1
-112 60 5 1
-117 92 12 0
-118 82 5 0
-116 83 7 0
-118 84 8 0
-118 84 4 0
-105 97 2 0
-107 97 2 0
-107 98 3 0
-109 98 1 1
-138 80 6 0
-109 95 2 0
-109 95 3 0
-109 95 1 1
-107 96 2 0
-102 99 5 1
-107 95 3 0
-107 95 1 1
-106 95 2 0
-106 95 3 0
-106 95 1 1
-107 97 3 0
-120 92 8 0
-136 80 5 0
-136 80 6 0
-140 80 5 0
-139 79 5 0
-139 78 5 0
-120 83 7 0
-120 83 5 0
-113 99 6 1
-120 82 5 0
-118 81 6 0
-117 82 7 0
-118 83 7 0
-112 99 6 1
-118 83 4 0
-121 83 6 0
-110 98 6 0
-109 99 7 0
-110 98 8 0
-108 97 6 0
-108 96 6 0
-108 99 7 0
-108 97 8 0
-108 97 5 0
-105 89 3 0
-110 53 5 1
-128 75 4 0
-126 76 4 0
-127 74 4 0
-128 77 4 0
-128 76 3 0
-127 77 3 0
-128 76 5 0
-129 76 5 0
-128 77 6 0
-128 75 6 0
-130 76 6 0
-127 77 6 0
-129 77 5 0
-129 78 5 0
-127 78 5 0
-130 77 5 0
-129 78 4 0
-129 76 4 0
-130 76 4 0
-128 74 4 0
-129 77 4 0
-130 77 4 0
-129 75 4 0
-130 75 4 0
-128 78 3 0
-125 63 0 1
-136 94 1 1
-136 94 3 1
-136 95 1 1
-136 95 2 2
-121 71 6 0
-105 52 0 0
-104 52 0 0
-105 52 3 0
-124 73 6 0
-121 73 5 0
-122 73 5 0
-123 72 5 0
-122 73 8 0
-122 73 7 0
-123 72 7 0
-121 74 6 0
-122 73 6 0
-123 72 6 0
-120 71 5 0
-116 85 7 1
-117 85 5 0
-117 85 6 1
-118 86 5 1
-123 52 8 0
-121 52 9 0
-121 52 8 0
-115 86 7 0
-125 90 3 0
-125 90 4 0
-125 90 2 0
-142 67 5 1
-142 67 6 1
-142 67 7 1
-142 68 5 1
-142 68 6 2
-142 68 7 1
-142 69 7 1
-143 68 8 2
-144 67 8 1
-144 67 9 1
-144 68 8 1
-144 68 9 1
-144 69 8 1
-144 69 9 1
-143 67 8 1
-143 67 9 1
-143 68 9 1
-143 69 9 1
-142 67 8 1
-142 67 9 1
-142 68 8 2
-121 71 5 0
-120 71 8 0
-121 71 7 0
-122 71 7 0
-120 71 6 0
-138 81 7 0
-140 81 6 0
-140 81 8 0
-129 70 -3 1
-112 70 1 0
-120 98 6 0
-101 63 3 0
-102 63 3 0
-103 63 3 0
-126 89 3 0
-113 70 1 1
-113 75 2 0
-114 75 2 0
-137 87 8 0
-115 71 3 0
-108 65 4 0
-138 84 5 0
-138 84 6 0
-138 84 9 0
-138 82 6 0
-138 82 8 0
-125 88 4 0
-138 96 3 1
-138 97 3 1
-139 94 5 1
-140 94 5 1
-137 92 6 0
-136 91 4 0
-135 92 6 0
-135 93 7 0
-135 93 4 0
-134 95 8 1
-140 96 5 1
-141 93 5 1
-138 93 6 0
-139 93 6 0
-134 96 7 1
-141 91 8 0
-138 91 5 0
-116 67 5 1
-120 70 5 0
-120 70 6 0
-120 75 5 0
-120 74 5 0
-120 74 8 0
-128 96 3 1
-122 96 3 0
-125 99 3 0
-104 98 5 0
-101 97 6 0
-101 97 8 0
-101 97 5 0
-123 98 6 0
-122 98 3 0
-129 98 5 0
-130 98 5 0
-129 98 6 0
-129 98 4 0
-130 98 3 1
-128 96 5 0
-129 95 5 0
-128 96 6 0
-129 95 3 1
-126 95 6 0
-105 98 8 0
-126 94 6 0
-117 71 3 0
-117 71 2 0
-112 71 6 0
-114 71 7 0
-113 71 8 0
-113 71 5 0
-115 72 6 0
-114 73 6 0
-114 74 6 0
-115 72 7 0
-114 73 8 0
-115 72 5 0
-116 75 6 0
-116 73 7 0
-116 74 8 0
-116 74 5 0
-119 74 6 0
-116 70 6 0
-116 70 5 0
-116 71 9 0
-116 71 10 0
-126 57 2 1
-126 57 3 1
-126 57 4 1
-128 56 1 2
-119 87 9 1
-119 87 10 1
-118 87 9 2
-118 87 10 1
-117 87 10 1
-121 91 5 0
-122 91 5 0
-132 65 0 1
-102 80 1 1
-102 80 -1 1
-103 81 1 1
-103 81 0 2
-103 81 -1 1
-150 91 6 0
-149 92 6 0
-149 71 2 0
-149 71 3 0
-149 71 4 0
-149 74 5 0
-150 73 5 0
-149 74 8 0
-150 73 7 0
-117 84 17 0
-119 82 14 0
-117 82 16 0
-116 82 16 0
-124 97 8 0
-119 82 13 0
-117 81 13 0
-116 82 13 0
-124 98 5 0
-127 97 6 0
-125 54 5 2
-136 93 3 1
-136 93 2 2
-136 93 1 1
-137 95 2 1
-137 95 1 1
-121 95 12 0
-122 95 12 0
-121 95 9 0
-121 95 8 0
-132 61 3 1
-132 59 4 1
-137 77 3 0
-104 66 2 0
-103 66 2 0
-106 67 2 0
-109 64 2 0
-108 61 3 0
-108 62 2 0
-110 72 5 0
-109 72 5 0
-112 74 6 0
-112 74 5 0
-114 72 8 0
-115 70 8 0
-109 67 8 1
-112 70 8 0
-112 70 9 0
-121 92 11 0
-120 88 12 1
-120 89 12 1
-120 90 12 1
-119 88 12 1
-119 89 12 1
-119 90 12 1
-118 88 12 1
-118 89 12 1
-118 90 12 1
-117 88 12 1
-117 89 12 1
-117 90 12 1
-120 92 1 1
-120 91 1 1
-121 93 4 0
-121 93 0 0
-118 93 2 0
-118 93 1 0
-119 94 2 0
-119 94 3 0
-119 94 1 0
-125 54 2 1
-125 54 3 1
-125 54 4 1
-125 55 2 1
-125 55 3 1
-125 55 4 1
-128 54 1 1
-106 54 4 0
-105 54 3 0
-101 56 0 1
-101 56 -1 1
-101 55 -1 1
-104 54 2 0
-103 59 4 0
-110 57 4 2
-106 59 6 0
-105 58 6 0
-105 58 5 0
-112 70 4 1
-112 70 3 1
-116 87 13 0
-112 69 4 1
-112 69 3 1
-101 56 3 0
-101 57 3 0
-101 56 4 0
-101 56 2 0
-101 59 3 0
-101 59 2 0
-101 57 4 0
-122 87 4 1
-122 88 4 1
-124 86 1 1
-124 86 2 1
-113 89 2 0
-124 87 1 2
-113 89 1 0
-116 88 3 1
-118 86 1 2
-118 86 2 1
-118 86 3 1
-114 86 0 0
-122 86 -1 1
-122 89 2 1
-122 89 4 1
-125 87 3 1
-125 87 4 0
-125 51 8 0
-124 51 8 0
-124 52 9 0
-124 52 8 0
-123 52 9 0
-123 53 8 0
-123 89 3 1
-122 89 1 1
-124 88 4 0
-125 88 3 1
-126 87 3 0
-126 87 4 0
-126 87 2 0
-115 86 0 0
-115 86 4 0
-115 86 3 0
-108 95 2 0
-122 86 6 0
-122 86 7 0
-122 86 5 0
-123 85 6 0
-123 85 5 0
-121 85 7 0
-130 59 3 2
-112 67 3 1
-129 59 2 1
-129 59 3 2
-111 67 4 1
-128 59 2 1
-118 90 2 2
-150 65 -1 1
-150 65 0 1
-150 65 1 2
-125 57 9 1
-125 57 8 1
-125 57 7 1
-125 56 9 2
-138 86 8 0
-150 71 4 0
-150 71 10 0
-137 84 7 0
-150 71 8 0
-135 84 7 0
-135 84 8 0
-137 86 9 0
-137 86 6 0
-137 86 5 0
-106 62 8 0
-116 83 2 0
-106 63 8 0
-117 84 2 1
-118 84 2 1
-117 84 1 1
-123 95 2 0
-123 96 2 0
-116 85 14 0
-135 77 3 0
-111 73 4 0
-111 73 2 0
-112 73 4 0
-114 71 4 0
-115 69 3 2
-116 68 2 1
-116 68 3 1
-126 91 9 0
-126 91 10 0
-126 91 13 0
-125 89 10 0
-126 89 10 0
-126 90 11 0
-128 89 10 0
-127 89 12 0
-128 89 11 0
-127 90 11 0
-128 91 10 0
-128 91 12 0
-128 91 11 0
-128 92 10 0
-127 92 12 0
-128 92 11 0
-126 93 10 0
-116 70 2 1
-125 92 10 0
-124 91 10 0
-131 54 0 1
-131 54 1 2
-129 51 -1 1
-114 87 8 0
-114 87 9 0
-120 77 1 0
-120 77 2 0
-123 78 3 0
-123 80 1 0
-115 87 9 0
-117 87 9 1
-120 90 10 1
-120 88 10 1
-117 77 2 0
-119 81 1 1
-115 86 8 0
-129 57 5 1
-129 56 5 1
-133 89 8 0
-131 59 0 2
-132 60 2 1
-132 60 1 1
-132 60 0 1
-132 59 2 1
-132 59 1 1
-132 59 0 1
-131 59 4 1
-132 50 4 1
-125 74 2 0
-130 50 3 2
-130 50 2 2
-130 50 1 1
-124 73 2 0
-124 73 3 0
-130 52 0 1
-126 63 3 1
-140 83 6 0
-139 81 8 0
-127 97 -1 1
-103 97 6 0
-127 98 -1 1
-127 99 -1 1
-126 97 -1 1
-126 98 -1 1
-126 99 -1 1
-125 97 -1 1
-125 98 -1 1
-125 99 -1 1
-104 99 4 1
-103 99 2 1
-103 99 3 1
-103 99 4 1
-102 99 2 1
-102 99 3 1
-102 99 4 1
-124 98 7 0
-124 99 7 0
-123 98 7 0
-123 99 7 0
-116 99 4 1
-129 99 6 0
-116 99 6 1
-131 98 5 1
-130 98 7 0
-130 98 4 0
-131 98 4 0
-130 95 5 0
-129 96 6 0
-129 95 7 0
-129 95 4 0
-130 95 4 0
-127 95 6 0
-127 94 7 0
-127 98 6 0
-128 97 1 1
-128 97 2 2
-128 97 3 1
-128 98 1 1
-128 98 2 1
-128 98 3 1
-127 97 3 1
-127 98 3 1
-128 71 6 0
-129 71 7 0
-128 71 8 0
-128 71 5 0
-131 72 6 0
-130 72 6 0
-129 73 6 0
-129 74 6 0
-130 72 7 0
-130 99 5 0
-130 99 4 0
-129 97 5 0
-117 99 4 1
-117 99 5 1
-117 99 6 1
-114 98 6 0
-115 98 6 0
-113 99 7 0
-114 98 8 0
-112 97 6 0
-112 96 6 0
-112 97 8 0
-112 97 5 0
-110 99 7 0
-102 77 7 0
-103 76 7 0
-103 75 6 0
-104 75 7 0
-103 75 5 0
-118 99 4 1
-118 99 5 1
-118 99 6 1
-116 98 6 0
-114 99 7 0
-115 98 8 0
-116 98 5 0
-113 97 6 0
-113 96 6 0
-113 97 8 0
-113 97 5 0
-113 71 6 0
-115 71 7 0
-114 71 8 0
-114 71 5 0
-116 72 6 0
-115 73 6 0
-115 74 6 0
-116 72 7 0
-115 73 7 0
-115 73 8 0
-116 72 5 0
-115 73 5 0
-117 73 6 0
-117 75 6 0
-117 74 8 0
-117 74 5 0
-117 75 5 0
-119 72 6 0
-119 72 7 0
-119 72 5 0
-117 70 6 0
-117 70 5 0
-114 67 7 1
-114 68 7 2
-114 69 7 1
-113 67 7 1
-113 68 7 2
-113 69 7 1
-114 68 8 2
-114 67 8 1
-114 67 9 1
-114 68 9 1
-114 69 8 1
-114 69 9 1
-113 67 8 1
-113 67 9 1
-113 68 8 2
-113 68 9 1
-113 69 8 1
-113 69 9 1
-117 71 8 0
-117 71 9 0
-117 71 10 0
-117 71 4 0
-142 68 9 1
-142 69 9 1
-142 70 6 0
-141 69 6 1
-140 69 6 1
-142 70 7 0
-141 70 7 0
-141 69 8 1
-142 70 5 0
-141 70 5 0
-140 69 5 1
-143 72 8 0
-143 72 9 0
-143 72 10 0
-143 72 4 0
-143 72 3 0
-143 72 2 0
-127 57 4 2
-126 56 2 1
-126 56 3 2
-126 56 4 1
-116 71 4 0
-116 71 3 0
-116 71 2 0
-113 71 7 0
-112 71 8 0
-114 72 6 0
-121 93 5 0
-121 92 5 0
-119 91 5 0
-120 91 5 0
-122 92 6 0
-120 90 5 1
-132 65 1 1
-132 65 2 1
-127 63 4 1
-127 64 4 2
-127 65 4 1
-126 63 4 1
-126 64 4 1
-126 65 4 1
-130 66 5 1
-130 67 5 1
-129 66 5 1
-129 67 5 1
-128 66 5 1
-128 67 3 2
-128 67 4 2
-128 67 5 1
-130 67 -1 1
-129 67 -1 1
-128 67 -1 1
-128 67 0 1
-118 79 4 0
-120 77 4 0
-118 77 5 0
-126 63 2 1
-101 73 8 0
-126 64 1 1
-126 64 2 1
-126 64 3 1
-129 63 1 1
-131 63 3 1
-131 63 4 1
-132 64 0 1
-132 64 1 1
-132 64 2 1
-131 64 0 2
-131 64 1 2
-127 58 3 2
-128 64 4 2
-128 64 5 1
-126 69 1 1
-126 69 0 1
-127 69 2 2
-127 69 1 2
-127 69 0 1
-128 69 2 2
-102 61 3 0
-102 60 1 0
-102 61 1 0
-107 59 2 0
-108 59 2 0
-106 59 3 0
-105 57 2 0
-106 57 2 0
-106 56 2 0
-108 61 2 0
-106 60 2 0
-104 62 3 0
-103 61 3 0
-103 61 5 0
-104 62 2 0
-103 61 2 0
-106 64 7 0
-107 63 -1 1
-107 63 0 1
-107 63 1 1
-102 78 7 0
-123 89 10 0
-122 91 9 0
-116 77 4 0
-106 50 9 0
-107 50 9 0
-108 50 9 0
-116 75 5 0
-115 77 4 0
-118 77 4 0
-118 74 3 0
-118 74 4 0
-118 74 2 0
-123 91 12 0
-119 92 6 0
-118 92 6 0
-120 92 6 0
-121 92 6 0
-119 89 7 2
-150 86 10 0
-127 53 7 0
-123 54 4 1
-123 54 5 1
-123 54 6 1
-122 54 4 1
-122 54 5 1
-122 54 6 1
-121 54 4 1
-121 54 5 1
-121 54 6 1
-127 52 7 0
-127 51 6 0
-127 52 6 0
-127 50 7 0
-126 54 7 0
-127 53 6 0
-124 53 3 1
-124 54 3 1
-124 54 4 1
-124 54 5 1
-123 53 3 1
-123 54 3 1
-122 53 3 1
-122 54 3 1
-144 88 9 0
-145 91 9 0
-143 88 9 0
-145 89 9 0
-144 88 10 0
-145 90 10 0
-143 89 9 0
-144 89 10 0
-143 89 7 0
-144 89 8 0
-143 90 8 0
-143 88 8 0
-143 89 8 0
-145 90 8 0
-129 77 7 0
-130 78 7 0
-142 89 9 0
-144 90 9 0
-143 89 10 0
-144 91 10 0
-142 89 10 0
-143 90 10 0
-144 92 7 0
-144 90 8 0
-142 89 8 0
-144 91 8 0
-141 90 8 0
-144 92 9 0
-141 89 9 0
-144 91 9 0
-142 90 9 0
-141 90 10 0
-143 91 10 0
-143 92 7 0
-142 90 8 0
-142 91 8 0
-144 92 8 0
-143 90 9 0
-141 90 9 0
-143 91 9 0
-142 90 10 0
-143 92 10 0
-143 91 8 0
-140 91 8 0
-141 91 9 0
-142 91 10 0
-143 93 10 0
-142 92 7 0
-143 94 7 0
-134 96 8 1
-128 51 3 1
-126 50 5 1
-124 56 8 2
-128 51 4 1
-127 51 3 2
-126 51 2 1
-126 51 4 2
-134 85 7 0
-136 85 8 0
-137 85 8 0
-137 85 7 0
-138 87 8 0
-135 86 9 0
-135 86 8 0
-141 82 8 0
-121 90 10 1
-128 51 2 1
-111 66 9 1
-110 66 10 1
-127 51 2 1
-110 67 10 1
-127 51 4 2
-109 66 10 1
-126 51 3 2
-109 67 10 1
-125 56 8 2
-125 56 7 2
-125 55 9 1
-125 55 8 1
-125 55 7 1
-111 64 9 1
-111 65 9 1
-127 50 5 1
-128 50 5 1
-125 94 6 0
-127 94 5 0
-127 94 4 0
-120 85 0 0
-120 85 4 0
-120 85 3 0
-118 83 3 0
-120 83 3 0
-121 83 1 1
-121 83 3 0
-121 83 2 0
-121 85 3 0
-122 85 2 0
-121 88 0 1
-121 87 0 1
-121 86 0 1
-130 51 4 2
-121 86 7 0
-121 86 5 0
-119 81 5 0
-103 52 4 1
-102 51 4 2
-119 83 8 0
-102 51 2 1
-102 51 3 2
-119 83 4 0
-118 81 5 0
-110 60 8 1
-125 91 5 0
-106 54 6 0
-106 54 5 0
-107 56 7 0
-107 56 8 0
-129 72 -1 1
-128 70 -3 1
-128 70 -2 1
-128 71 -3 1
-117 92 6 0
-117 92 5 0
-118 92 5 0
-117 91 6 1
-124 87 2 2
-137 87 6 0
-139 86 8 0
-139 86 6 0
-119 91 7 1
-118 90 8 1
-118 90 7 2
-116 91 7 1
-115 91 6 0
-106 87 2 0
-132 54 0 1
-132 53 2 1
-125 75 0 0
-121 76 3 0
-121 76 1 0
-122 78 4 0
-122 78 0 0
-110 58 5 2
-111 59 6 1
-129 72 3 0
-104 99 2 1
-104 99 1 1
-128 73 2 0
-105 99 3 1
-105 99 2 1
-132 73 1 0
-132 73 2 0
-130 72 4 0
-120 90 7 1
-120 89 8 1
-120 89 7 2
-120 88 8 1
-120 88 7 2
-143 70 5 0
-142 69 5 1
-145 72 7 0
-145 72 8 0
-145 72 9 0
-145 72 10 0
-145 72 4 0
-145 72 3 0
-145 72 2 0
-140 72 6 0
-139 72 6 0
-141 72 7 0
-140 72 7 0
-140 72 8 0
-140 72 5 0
-139 72 5 0
-131 63 2 1
-131 63 1 2
-131 63 0 2
-114 86 3 0
-113 84 1 0
-113 84 2 0
-114 84 1 0
-114 84 2 0
-144 79 4 0
-116 84 2 0
-112 86 2 0
-114 85 1 0
-114 85 2 0
-115 84 1 0
-118 85 6 1
-114 86 5 0
-114 86 7 0
-124 51 9 0
-115 85 5 0
-114 85 6 0
-103 66 5 0
-104 66 5 0
-103 67 3 0
-104 66 3 0
-102 64 2 0
-103 64 2 0
-102 64 5 0
-103 64 5 0
-104 64 4 0
-102 64 3 0
-103 64 3 0
-104 64 3 0
-103 62 2 0
-105 63 3 0
-104 62 5 0
-104 63 5 0
-103 62 4 0
-110 65 2 0
-108 63 3 0
-109 62 2 0
-138 71 3 0
-138 71 2 0
-114 86 2 0
-114 86 1 0
-115 88 3 0
-115 88 4 0
-115 88 0 0
-113 87 2 0
-113 87 1 0
-119 86 1 1
-119 86 3 1
-119 86 0 1
-119 87 0 1
-119 88 0 1
-115 85 2 0
-115 85 1 0
-113 86 2 0
-113 86 1 0
-115 87 3 0
-112 85 2 0
-112 85 1 0
-114 83 2 0
-105 84 2 0
-106 84 3 0
-105 84 7 0
-105 84 6 0
-106 84 6 0
-123 99 10 0
-123 98 10 0
-124 99 11 0
-124 99 10 0
-124 98 11 0
-124 98 10 0
-114 99 8 0
-115 97 5 0
-115 97 8 0
-115 96 6 0
-115 97 6 0
-118 98 5 0
-118 98 8 0
-117 99 8 0
-117 99 7 0
-118 98 6 0
-111 98 5 0
-114 97 5 0
-114 97 8 0
-114 96 6 0
-114 97 6 0
-117 98 5 0
-117 98 8 0
-116 98 8 0
-111 98 1 1
-111 98 0 1
-111 98 -1 1
-111 97 1 1
-111 97 0 1
-111 97 -1 1
-127 51 9 0
-126 51 9 0
-128 52 8 0
-136 78 3 0
-136 78 4 0
-136 78 7 0
-135 77 4 0
-135 77 5 0
-135 76 5 0
-136 76 4 0
-136 76 5 0
-122 81 2 0
-101 51 3 1
-122 81 3 0
-121 82 2 0
-121 82 3 0
-104 50 4 1
-104 50 3 2
-104 50 2 1
-115 71 2 0
-115 71 4 0
-137 93 5 0
-140 94 4 1
-139 94 4 1
-140 94 7 0
-139 94 7 0
-138 94 6 0
-107 94 5 0
-107 94 4 0
-108 95 5 0
-108 95 4 0
-138 95 3 2
-139 97 3 1
-139 96 3 1
-117 74 2 0
-117 74 3 0
-118 92 1 1
-118 92 2 1
-120 93 4 0
-120 93 0 0
-136 87 8 0
-136 87 7 0
-137 87 7 0
-138 87 7 0
-140 95 5 1
-103 50 0 0
-140 96 7 1
-140 96 4 2
-138 93 5 0
-139 93 5 0
-140 93 5 1
-102 51 -1 1
-102 51 0 1
-101 51 -1 1
-101 51 0 1
-140 93 7 0
-141 93 7 0
-141 93 4 2
-142 92 3 1
-142 92 4 1
-142 92 5 1
-142 93 3 1
-142 93 4 2
-142 93 5 1
-142 94 3 1
-142 94 4 2
-142 94 5 1
-141 92 3 1
-141 92 4 1
-141 92 5 1
-141 93 3 1
-141 94 3 1
-141 94 4 2
-141 94 5 1
-140 92 3 1
-140 92 4 1
-140 92 5 1
-140 93 3 1
-140 93 4 1
-140 94 3 1
-139 92 5 0
-124 69 4 1
-126 70 5 0
-127 71 9 0
-127 71 10 0
-127 71 4 0
-107 89 0 2
-108 88 -1 1
-108 88 0 1
-108 88 1 1
-108 89 -1 1
-108 89 0 1
-108 89 1 1
-108 90 -1 1
-108 90 0 1
-108 90 1 1
-122 71 8 0
-122 71 5 0
-124 72 6 0
-123 73 6 0
-123 74 6 0
-124 72 7 0
-124 73 7 0
-123 73 8 0
-124 72 5 0
-124 73 5 0
-123 73 5 0
-126 73 6 0
-126 75 6 0
-126 73 7 0
-126 74 8 0
-126 73 5 0
-126 75 5 0
-128 74 6 0
-122 67 5 1
-122 67 6 1
-122 67 7 1
-122 68 5 2
-122 68 6 1
-122 68 7 1
-122 69 5 1
-122 69 6 1
-122 69 7 1
-125 70 6 0
-122 67 8 1
-122 67 9 1
-122 68 8 1
-122 68 9 1
-122 69 8 1
-122 69 9 1
-124 70 7 0
-123 67 4 1
-123 68 4 1
-123 69 4 1
-108 50 5 0
-150 64 5 1
-149 62 0 1
-149 63 0 1
-149 64 0 1
-150 66 -1 1
-150 66 0 1
-150 66 1 2
-106 51 5 0
-107 51 5 0
-150 66 2 2
-149 66 2 1
-149 65 1 1
-111 50 5 1
-110 50 5 2
-109 50 5 1
-106 50 5 0
-108 52 5 0
-108 51 5 0
-149 99 6 2
-149 99 7 1
-149 99 8 1
-148 99 6 2
-148 99 7 2
-148 99 8 1
-147 99 6 1
-147 99 7 1
-147 99 8 1
-149 99 5 1
-148 99 5 2
-147 99 5 1
-119 95 8 0
-119 95 9 0
-122 96 8 0
-122 96 9 0
-122 97 8 0
-122 97 9 0
-121 96 8 0
-121 96 9 0
-121 97 8 0
-121 97 9 0
-128 95 7 0
-127 95 7 0
-129 97 7 0
-131 98 7 1
-133 97 4 1
-133 97 5 1
-133 97 6 2
-132 97 6 2
-133 96 6 1
-133 97 7 1
-133 98 7 1
-131 96 7 1
-134 97 3 2
-133 97 3 1
-132 97 3 1
-132 95 5 0
-133 95 5 1
-132 95 6 0
-133 95 6 1
-133 95 7 1
-134 95 7 1
-134 92 5 0
-132 94 6 0
-133 93 7 0
-134 93 4 0
-131 93 5 0
-131 92 5 0
-131 91 5 0
-131 93 7 0
-131 92 7 0
-131 92 4 0
-131 91 4 0
-128 92 5 0
-131 95 7 0
-131 95 8 0
-131 95 9 0
-132 94 1 1
-132 94 2 2
-132 94 3 1
-132 95 1 1
-132 95 2 2
-132 95 3 1
-105 84 3 0
-103 86 4 0
-103 86 5 0
-107 86 5 0
-107 83 5 0
-106 82 6 0
-106 83 6 0
-105 82 6 0
-105 83 7 0
-114 99 1 1
-113 99 1 1
-112 99 1 1
-127 71 6 0
-126 71 6 0
-128 71 7 0
-127 71 7 0
-127 71 8 0
-127 71 5 0
-126 71 5 0
-129 72 6 0
-128 73 6 0
-127 74 6 0
-129 72 7 0
-128 73 7 0
-128 73 8 0
-129 72 5 0
-128 73 5 0
-127 74 5 0
-130 73 6 0
-130 75 6 0
-130 74 7 0
-130 74 8 0
-130 75 5 0
-131 72 7 0
-133 73 8 0
-134 71 8 0
-133 67 9 1
-133 68 9 1
-133 69 9 1
-132 67 9 1
-132 68 9 1
-132 69 9 1
-131 70 7 0
-127 68 6 2
-127 67 6 1
-127 67 7 1
-127 68 7 2
-127 69 6 1
-127 69 7 1
-126 67 6 1
-126 67 7 1
-126 68 6 2
-126 68 7 2
-126 69 6 1
-126 69 7 1
-129 70 6 0
-127 68 8 2
-127 67 8 1
-127 67 9 1
-127 68 9 1
-127 69 8 1
-127 69 9 1
-126 67 8 1
-118 88 4 1
-117 87 4 1
-110 53 10 1
-132 51 2 1
-131 51 0 1
-130 51 0 1
-124 89 1 1
-124 89 2 1
-124 89 3 1
-126 88 3 0
-126 88 4 0
-126 88 2 0
-104 75 5 0
-104 75 6 0
-102 75 5 0
-102 74 5 0
-102 76 6 0
-102 75 6 0
-128 70 2 1
-101 75 5 0
-127 70 1 2
-108 50 8 0
-107 50 7 0
-107 50 8 0
-126 70 2 1
-106 50 8 0
-109 90 4 0
-107 88 2 0
-107 90 5 0
-116 69 5 1
-116 69 6 1
-116 69 7 1
-119 70 6 0
-116 67 8 1
-116 67 9 1
-116 68 8 2
-116 68 9 1
-116 69 8 1
-109 91 4 0
-107 91 5 0
-119 80 1 1
-119 80 3 0
-131 54 2 1
-130 53 0 1
-130 54 0 2
-130 54 1 1
-130 54 2 2
-130 51 -1 1
-115 84 12 0
-112 69 5 1
-106 53 8 0
-105 52 8 0
-132 66 0 1
-125 89 2 1
-125 89 4 0
-125 89 3 1
-120 68 9 1
-120 69 8 1
-120 69 9 1
-121 67 4 1
-121 68 4 1
-121 69 4 1
-111 69 4 1
-119 92 3 1
-129 65 -1 1
-128 65 -1 1
-129 67 3 2
-131 67 3 2
-109 94 -1 1
-109 94 0 1
-109 94 1 1
-109 95 -1 1
-109 95 0 1
-109 96 -1 1
-109 96 0 1
-109 96 1 1
-108 96 -1 1
-108 97 1 1
-107 97 -1 1
-109 97 4 0
-109 97 5 0
-110 96 -1 1
-110 96 0 1
-110 96 1 1
-110 97 -1 1
-110 97 0 1
-110 97 1 1
-132 99 2 2
-130 99 1 1
-130 99 2 2
-138 97 1 1
-137 97 1 1
-136 97 1 1
-132 99 1 1
-131 99 1 1
-131 99 2 1
-131 99 3 1
-150 64 2 2
-150 64 3 2
-150 64 4 1
-149 62 2 1
-149 62 3 1
-149 62 4 1
-149 63 2 1
-149 63 3 1
-149 63 4 1
-149 64 2 1
-126 99 10 0
-126 99 8 0
-124 99 8 0
-126 98 8 0
-126 98 9 0
-125 99 8 0
-125 99 9 0
-124 98 8 0
-124 98 9 0
-132 54 1 1
-111 71 3 0
-125 98 8 0
-125 98 9 0
-123 91 13 0
-127 97 7 0
-120 82 7 0
-107 95 2 0
-137 78 4 0
-116 67 6 1
-116 67 7 1
-150 92 6 0
-150 92 5 0
-149 91 6 0
-149 90 6 0
-149 89 6 0
-149 89 7 0
-149 90 5 0
-149 89 4 0
-147 90 6 0
-148 91 7 0
-149 93 8 0
-149 93 9 0
-149 93 10 0
-150 92 1 1
-150 92 2 1
-150 92 3 1
-119 89 9 2
-119 88 9 2
-120 90 9 1
-120 89 9 2
-120 88 9 1
-120 91 8 0
-119 93 7 0
-103 83 5 0
-127 54 5 1
-114 92 1 0
-133 68 5 2
-126 67 5 1
-147 86 7 0
-131 69 5 1
-130 72 1 1
-123 83 5 0
-104 61 4 0
-117 92 8 0
-116 85 8 1
-115 87 8 0
-120 90 6 1
-120 89 6 1
-107 76 4 0
-107 75 4 0
-108 75 5 0
-108 73 5 0
-107 76 5 0
-107 73 6 0
-108 74 6 0
-106 75 6 0
-107 74 5 0
-106 74 6 0
-105 74 2 0
-106 75 3 0
-106 73 3 0
-116 85 12 0
-121 93 9 0
-121 93 8 0
-122 93 9 0
-122 93 8 0
-134 74 3 0
-117 86 11 1
-117 84 10 0
-116 88 14 0
-116 86 13 0
-116 86 12 0
-118 88 13 0
-115 89 13 0
-114 88 13 0
-114 88 12 0
-115 87 13 0
-117 87 13 0
-118 89 13 0
-116 90 13 0
-115 90 13 0
-112 50 7 1
-112 50 8 1
-112 51 8 1
-150 66 7 1
-150 66 6 1
-150 66 5 2
-147 71 2 0
-147 71 3 0
-147 71 4 0
-150 67 6 2
-149 69 4 1
-150 69 4 1
-150 52 3 1
-150 52 2 1
-150 51 4 1
-150 51 3 1
-115 70 5 0
-112 69 9 1
-112 69 8 1
-112 68 9 1
-112 68 8 2
-112 67 9 1
-112 67 8 1
-115 70 6 0
-112 69 7 1
-112 68 7 2
-112 67 7 1
-102 63 1 1
-102 63 4 0
-101 64 2 0
-101 61 1 1
-101 61 4 0
-102 61 4 0
-101 61 2 0
-102 61 2 0
-112 87 8 0
-113 89 10 0
-114 89 10 0
-116 87 10 0
-115 70 4 1
-128 60 0 2
-128 60 -1 1
-122 95 11 0
-129 60 -1 1
-130 60 -1 1
-109 66 4 1
-123 93 0 1
-116 68 4 1
-117 93 9 0
-116 69 3 1
-116 69 4 1
-114 90 9 0
-116 70 3 1
-116 70 4 1
-120 85 11 0
-111 73 3 0
-114 88 8 0
-144 93 7 0
-143 93 6 0
-142 93 6 0
-145 93 5 0
-144 93 5 0
-143 96 4 1
-143 95 7 0
-142 94 6 0
-144 96 5 1
-143 95 5 1
-141 97 4 1
-141 97 7 0
-141 96 7 0
-141 95 6 0
-115 87 4 0
-115 87 0 0
-117 83 16 0
-130 66 0 2
-131 67 2 1
-119 83 16 0
-119 83 15 0
-116 83 16 0
-119 82 16 0
-119 85 16 0
-140 82 8 0
-141 83 6 0
-141 83 8 0
-109 57 7 1
-141 83 7 0
-140 83 7 0
-119 77 2 0
-122 77 3 0
-121 81 1 1
-121 81 2 0
-119 80 2 0
-119 79 1 1
-120 79 1 1
-119 79 3 0
-143 93 7 0
-143 93 4 1
-141 91 5 1
-150 61 3 1
-150 61 2 1
-150 61 1 1
-142 91 7 0
-141 91 4 2
-142 90 3 1
-142 90 4 1
-142 91 3 1
-142 91 4 2
-142 91 5 1
-150 60 5 1
-150 60 4 1
-141 90 5 1
-141 91 3 1
-140 90 3 1
-140 90 4 1
-140 90 5 1
-140 91 3 1
-139 90 5 0
-139 89 5 0
-139 91 6 0
-139 90 7 0
-139 89 4 0
-138 92 5 0
-138 92 6 0
-139 93 7 0
-103 53 7 0
-103 53 6 0
-101 54 8 0
-101 53 7 0
-101 55 7 0
-101 52 6 0
-128 53 7 0
-127 55 6 0
-145 68 6 0
-145 69 7 0
-145 68 8 0
-145 68 5 0
-134 97 8 1
-134 98 7 1
-134 98 8 1
-133 96 8 1
-133 97 8 1
-133 98 8 1
-135 96 3 2
-135 97 3 1
-127 97 8 0
-127 97 9 0
-145 75 5 0
-145 75 8 0
-143 72 6 0
-144 72 6 0
-124 73 8 0
-122 72 7 0
-126 60 0 1
-126 60 1 1
-125 58 0 1
-125 58 1 1
-125 59 0 1
-125 60 0 1
-125 60 1 1
-114 87 12 0
-114 87 13 0
-118 87 13 0
-117 86 13 0
-111 52 6 2
-122 96 10 0
-120 95 7 0
-120 97 8 0
-127 98 7 0
-115 85 3 0
-128 99 7 0
-128 98 7 0
-119 90 0 1
-120 94 7 0
-119 95 7 0
-125 97 9 0
-125 97 8 0
-125 96 9 0
-125 96 8 0
-126 97 9 0
-126 97 8 0
-126 96 9 0
-126 96 8 0
-120 92 0 1
-102 76 8 0
-102 77 8 0
-102 63 5 0
-102 63 2 0
-101 63 2 0
-102 66 3 0
-103 65 2 0
-105 66 2 0
-105 67 2 0
-107 65 2 0
-108 63 2 0
-109 63 2 0
-108 60 3 0
-105 59 5 0
-101 51 7 0
-101 51 5 1
-102 50 6 0
-102 50 7 0
-102 50 5 1
-101 50 3 2
-120 81 4 0
-129 62 5 1
-129 61 5 1
-130 63 5 1
-125 88 1 1
-125 87 1 1
-125 86 1 1
-124 87 5 0
-126 85 2 0
-126 85 4 0
-115 84 2 0
-113 85 2 0
-113 85 1 0
-139 95 11 1
-138 95 11 1
-143 96 10 0
-141 95 9 0
-143 95 9 0
-144 75 8 0
-143 96 8 0
-141 96 8 0
-142 97 8 0
-140 98 6 1
-140 99 6 1
-140 81 7 0
-101 73 7 0
-129 53 4 1
-132 53 0 1
-125 94 2 1
-123 85 7 0
-119 84 7 0
-119 83 6 0
-114 84 14 0
-114 84 13 0
-116 83 14 0
-117 84 14 0
-114 86 14 0
-114 85 14 0
-134 75 5 0
-135 76 6 0
-135 76 3 0
-135 76 2 0
-132 75 4 0
-133 75 5 0
-132 75 5 0
-132 75 3 0
-132 77 4 0
-133 77 5 0
-128 60 1 1
-116 84 1 0
-120 88 2 2
-120 88 1 1
-114 74 5 0
-116 72 2 0
-116 72 4 0
-102 89 4 0
-102 88 3 0
-101 76 1 1
-101 76 0 1
-101 76 -1 1
-102 76 1 1
-102 76 0 2
-102 76 -1 1
-103 76 1 1
-103 76 0 1
-103 76 -1 1
-103 92 1 1
-103 92 0 1
-149 92 3 1
-149 92 2 1
-149 92 1 1
-148 93 9 0
-148 93 8 0
-146 90 4 0
-148 89 4 0
-148 89 7 0
-148 92 6 0
-148 89 5 0
-150 91 7 0
-108 58 4 0
-119 93 12 0
-120 91 12 0
-148 95 5 1
-148 96 5 1
-147 94 6 0
-114 89 5 0
-115 78 1 1
-114 76 1 0
-115 76 1 0
-114 76 3 0
-138 96 8 1
-138 97 7 1
-138 97 8 1
-137 94 6 0
-139 95 3 2
-123 57 10 1
-123 57 11 1
-125 55 6 1
-124 56 6 1
-128 61 -1 1
-128 61 0 2
-128 61 1 1
-131 61 1 2
-131 61 2 2
-128 64 1 2
-128 64 2 2
-126 55 1 1
-126 56 1 1
-126 57 1 1
-139 91 5 0
-137 93 6 0
-106 95 4 0
-138 92 7 0
-139 91 7 0
-138 92 4 0
-139 91 4 0
-136 91 5 0
-136 90 5 0
-117 88 2 2
-136 91 7 0
-136 90 7 0
-109 94 4 0
-136 90 4 0
-109 95 4 0
-134 92 4 0
-136 94 8 0
-136 94 9 0
-136 94 2 2
-137 93 1 1
-137 93 2 2
-137 93 3 1
-137 94 1 1
-137 94 2 2
-125 95 7 0
-104 77 5 0
-150 93 8 0
-118 85 3 0
-141 96 4 1
-144 95 6 1
-148 95 8 0
-150 94 7 0
-149 97 4 1
-149 96 5 1
-149 94 5 0
-149 96 7 0
-107 58 5 0
-106 59 4 0
-106 59 5 0
-107 60 6 0
-107 60 3 0
-107 60 2 0
-111 68 3 1
-131 54 5 1
-131 53 5 1
-129 54 5 1
-129 58 5 1
-128 55 5 1
-128 54 5 1
-128 53 5 1
-119 82 2 0
-102 50 3 2
-102 50 2 1
-101 51 4 2
-101 50 5 1
-101 50 4 2
-113 67 2 1
-138 79 4 0
-127 51 8 0
-138 78 4 0
-122 82 3 0
-122 82 4 0
-105 83 6 0
-103 82 3 0
-103 82 5 0
-103 82 4 0
-104 82 4 0
-105 81 3 0
-105 81 5 0
-105 82 5 0
-127 54 1 2
-105 81 4 0
-117 90 14 0
-117 92 13 0
-106 82 4 0
-127 55 4 1
-105 82 4 0
-125 69 3 1
-106 83 4 0
-150 67 0 2
-150 67 1 2
-108 92 0 1
-108 92 1 1
-107 92 -1 1
-107 92 0 2
-131 52 0 1
-119 81 7 0
-150 59 1 1
-150 59 2 1
-150 59 3 1
-107 88 4 0
-117 75 2 0
-116 77 2 0
-122 92 -1 1
-122 91 -1 1
-122 90 1 1
-122 90 0 1
-122 90 -1 1
-123 91 5 0
-136 85 7 0
-123 92 0 2
-123 92 -1 1
-124 92 0 1
-124 92 -1 1
-125 92 0 1
-127 96 0 1
-126 97 1 2
-126 97 7 0
-124 96 4 0
-124 95 5 0
-126 95 4 0
-116 99 5 1
-125 95 5 0
-124 97 4 0
-126 98 3 1
-133 71 9 0
-133 71 10 0
-133 71 4 0
-120 97 6 0
-120 97 3 0
-123 99 0 1
-123 99 1 1
-123 99 2 1
-122 99 0 1
-123 79 2 0
-123 78 2 0
-124 68 4 1
-124 67 4 1
-126 70 7 0
-123 69 9 1
-123 69 8 1
-123 68 9 1
-123 68 8 2
-123 67 9 1
-123 67 8 1
-124 69 9 1
-124 69 8 1
-124 68 9 1
-124 67 9 1
-124 67 8 1
-124 68 8 2
-126 70 6 0
-123 69 7 1
-150 57 5 1
-150 58 5 1
-150 59 4 1
-150 59 5 1
-139 68 3 1
-139 67 3 1
-136 70 6 0
-136 72 7 0
-136 73 6 0
-135 72 5 0
-135 75 8 0
-135 74 7 0
-135 75 6 0
-135 72 6 0
-134 72 5 0
-150 67 2 2
-149 67 2 1
-134 72 7 0
-133 73 6 0
-149 65 0 1
-149 66 0 1
-149 66 1 1
-134 72 6 0
-131 71 5 0
-132 71 5 0
-113 88 2 0
-123 51 11 1
-123 51 12 1
-122 50 10 1
-122 50 12 1
-122 51 10 1
-150 59 0 1
-122 51 12 1
-121 51 11 1
-121 51 12 1
-125 91 11 0
-124 90 12 0
-121 92 9 0
-121 92 8 0
-123 90 9 0
-123 90 8 0
-121 90 11 0
-123 91 10 0
-126 55 10 1
-121 57 9 1
-127 65 1 2
-127 66 1 1
-130 64 -1 1
-117 85 14 0
-117 83 11 0
-117 83 12 0
-119 84 12 0
-104 61 2 0
-102 60 2 0
-105 62 6 0
-105 62 7 0
-106 61 -1 1
-106 61 0 1
-106 61 1 1
-105 61 -1 1
-105 61 0 1
-105 61 1 1
-104 61 -1 1
-104 61 0 2
-104 61 1 1
-105 62 2 0
-112 98 2 1
-112 98 3 1
-112 99 2 1
-112 99 3 1
-111 98 2 0
-111 98 3 0
-101 62 4 0
-101 62 1 1
-102 64 4 0
-103 63 2 0
-102 64 1 1
-108 62 1 0
-107 59 1 0
-105 58 1 1
-102 59 3 0
-102 59 4 0
-124 87 0 1
-124 87 -1 1
-124 86 0 1
-124 86 -1 1
-124 85 1 1
-124 85 0 1
-124 85 -1 1
-123 86 5 0
-121 84 4 0
-123 84 4 0
-124 84 2 0
-124 84 4 0
-124 84 3 0
-125 86 2 1
-132 76 7 0
-131 76 7 0
-124 87 4 0
-129 50 -1 1
-130 50 -1 1
-125 53 6 1
-125 53 7 0
-125 53 10 0
-127 53 8 0
-126 57 6 1
-126 56 6 1
-124 85 2 0
-131 74 6 0
-129 52 3 1
-134 76 6 0
-126 91 5 0
-125 93 5 0
-124 93 5 0
-120 88 14 0
-122 88 11 0
-122 88 13 0
-118 83 2 0
-119 84 11 0
-118 86 10 1
-118 86 9 1
-115 87 10 0
-116 88 10 0
-114 86 10 0
-115 86 10 0
-127 55 8 0
-128 55 3 1
-128 55 2 1
-133 77 3 0
-121 85 8 0
-127 72 0 1
-127 72 4 0
-127 72 3 0
-126 71 0 1
-129 73 1 1
-129 73 3 0
-129 74 2 0
-127 74 1 0
-127 74 3 0
-106 64 6 0
-107 65 6 0
-111 64 7 1
-110 64 7 2
-109 64 7 1
-107 63 7 0
-105 64 5 0
-106 66 5 0
-107 66 6 0
-107 64 7 0
-105 65 5 0
-106 66 6 0
-107 67 6 0
-107 65 7 0
-107 65 3 0
-106 67 5 0
-106 67 6 0
-106 67 4 0
-106 68 5 0
-106 68 4 0
-108 68 6 0
-107 68 5 0
-108 69 5 0
-121 78 2 0
-136 87 6 0
-107 53 6 0
-108 54 7 0
-108 54 6 0
-109 55 7 1
-109 55 6 1
-108 56 7 0
-106 56 7 0
-105 55 5 0
-105 55 7 0
-105 55 6 0
-116 91 1 1
-127 90 3 0
-126 90 4 0
-126 90 2 0
-128 50 2 1
-128 50 3 1
-128 50 4 1
-124 77 1 0
-124 78 3 0
-134 69 8 1
-103 83 -1 1
-103 82 1 1
-148 93 7 0
-147 93 7 0
-146 93 6 0
-103 82 0 2
-103 82 -1 1
-102 82 0 2
-148 98 4 2
-148 97 6 1
-116 88 6 1
-116 88 7 1
-116 88 5 1
-115 88 6 0
-115 88 5 0
-115 69 1 1
-115 68 1 1
-113 71 4 0
-110 69 2 0
-139 83 5 0
-132 52 0 1
-132 52 2 1
-119 91 8 1
-118 92 8 0
-138 81 4 0
-137 79 5 0
-123 97 9 0
-123 97 8 0
-123 96 8 0
-125 98 7 0
-125 98 10 0
-115 89 10 0
-110 71 3 0
-111 71 4 0
-121 90 14 0
-126 98 10 0
-124 97 9 0
-131 53 0 1
-120 91 13 0
-103 85 2 0
-101 85 1 1
-102 85 1 1
-103 73 0 1
-103 73 1 1
-102 71 -1 1
-104 84 -1 1
-102 72 -1 1
-102 73 -1 1
-102 73 0 2
-102 73 1 1
-101 72 -1 1
-101 72 0 2
-101 72 1 1
-101 73 -1 1
-101 73 0 1
-101 73 1 1
-101 65 2 0
-101 65 1 1
-101 65 -1 1
-101 65 0 2
-102 85 3 0
-128 69 8 1
-128 68 9 1
-128 68 8 2
-128 67 9 1
-128 67 8 1
-129 69 9 1
-129 69 8 1
-129 68 9 1
-129 67 9 1
-131 68 6 1
-131 67 7 1
-104 51 1 0
-106 53 1 0
-106 53 2 0
-135 67 4 1
-134 68 8 1
-134 67 8 1
-135 69 8 1
-135 68 8 2
-135 67 8 1
-108 57 7 0
-122 87 8 0
-121 88 14 0
-123 88 11 0
-123 88 12 0
-122 90 13 0
-121 90 13 0
-135 78 7 0
-137 78 3 0
-139 77 3 0
-147 77 4 0
-147 76 4 0
-146 76 4 0
-146 77 4 0
-146 75 4 0
-147 78 5 0
-145 76 5 0
-146 76 5 0
-148 77 5 0
-146 76 6 0
-148 75 6 0
-147 75 7 0
-147 76 7 0
-149 77 4 0
-148 76 4 0
-148 77 4 0
-148 75 4 0
-147 76 5 0
-148 75 5 0
-148 76 5 0
-148 76 6 0
-148 75 7 0
-150 76 7 0
-149 76 7 0
-150 76 4 0
-150 77 4 0
-150 75 4 0
-149 76 5 0
-150 76 5 0
-150 77 5 0
-150 75 7 0
-150 52 6 1
-150 51 6 1
-150 50 6 1
-150 96 6 0
-147 99 1 1
-148 99 1 1
-150 97 7 1
-147 97 8 1
-147 97 7 1
-150 72 -1 1
-150 68 1 2
-150 68 0 1
-150 68 -1 1
-126 51 6 1
-113 88 8 0
-118 76 1 0
-149 64 1 1
-149 63 1 1
-149 62 1 1
-150 63 3 2
-150 63 2 2
-150 63 1 2
-106 60 6 0
-108 98 4 0
-110 58 7 2
-103 74 1 1
-103 75 -1 1
-103 75 0 1
-103 75 1 1
-101 97 4 1
-101 96 3 0
-102 97 0 2
-102 97 -1 1
-102 72 1 1
-102 71 1 1
-101 66 -1 1
-101 66 0 2
-101 66 1 1
-101 67 -1 1
-101 65 3 0
-101 64 3 0
-102 88 4 0
-101 74 1 1
-102 89 2 0
-104 87 2 0
-101 87 2 0
-102 74 2 0
-103 88 2 0
-101 88 1 1
-103 87 1 1
-150 98 6 2
-131 93 2 1
-117 86 4 1
-116 86 4 1
-116 87 4 1
-116 88 4 1
-118 86 0 1
-118 87 0 1
-117 85 1 1
-115 85 0 0
-114 85 0 0
-101 60 2 0
-114 86 4 0
-101 60 4 0
-122 87 -1 1
-101 60 1 0
-122 89 3 1
-102 62 1 1
-101 63 1 1
-107 60 1 0
-108 60 1 0
-105 58 2 0
-106 58 2 0
-107 57 2 0
-106 58 4 0
-106 58 1 0
-107 57 1 0
-104 56 2 0
-104 58 3 0
-104 56 4 0
-104 56 1 1
-103 58 2 0
-102 58 2 0
-101 57 2 0
-103 59 3 0
-101 57 1 0
-132 78 5 0
-122 88 12 0
-120 90 13 0
-124 91 6 0
-125 92 5 0
-124 92 5 0
-125 90 5 0
-101 55 4 1
-102 54 4 1
-102 54 3 1
-101 54 4 1
-101 54 5 1
-101 51 2 1
-149 88 7 0
-148 86 7 0
-148 87 7 0
-147 87 6 0
-148 87 10 0
-149 86 10 0
-149 87 9 0
-150 87 10 0
-149 85 10 0
-150 86 9 0
-148 85 9 0
-150 88 9 0
-150 87 8 0
-148 85 8 0
-150 88 8 0
-150 86 8 0
-147 85 7 0
-150 87 7 0
-149 85 7 0
-149 87 7 0
-149 86 7 0
-148 87 6 0
-118 87 1 2
-118 87 2 2
-118 87 3 2
-118 88 3 2
-117 87 1 2
-117 87 2 2
-117 87 3 2
-117 88 1 2
-122 51 11 1
-117 88 3 2
-119 87 4 1
-119 88 4 1
-118 87 4 1
-132 78 3 0
-134 77 6 0
-133 77 7 0
-134 76 7 0
-134 78 6 0
-134 78 7 0
-133 76 6 0
-135 77 7 0
-135 78 6 0
-135 77 6 0
-133 78 5 0
-133 79 6 0
-134 79 5 0
-133 79 4 0
-144 77 6 0
-145 77 6 0
-143 79 6 0
-143 80 6 0
-142 76 5 1
-145 78 5 0
-144 77 5 0
-143 76 3 1
-143 76 4 1
-143 76 5 1
-142 76 3 1
-142 76 4 2
-141 76 3 1
-141 76 4 1
-141 76 5 1
-144 78 5 0
-145 78 8 0
-145 78 9 0
-146 77 8 0
-145 79 8 0
-145 78 7 0
-146 78 7 0
-146 78 8 0
-145 77 8 0
-146 80 8 0
-143 77 8 0
-147 77 7 0
-144 80 7 0
-146 79 7 0
-147 79 7 0
-146 77 7 0
-146 76 7 0
-145 80 7 0
-147 78 6 0
-146 79 6 0
-146 80 6 0
-146 78 6 0
-147 77 6 0
-145 79 6 0
-145 80 6 0
-147 79 5 0
-144 79 5 0
-146 77 5 0
-145 79 5 0
-147 94 1 1
-147 93 3 1
-103 72 0 1
-103 73 -1 1
-138 78 8 0
-102 87 3 0
-103 87 4 0
-101 88 4 0
-137 78 8 0
-124 86 6 0
-122 85 8 0
-124 85 7 0
-142 80 6 0
-124 86 8 0
-122 84 8 0
-141 80 7 0
-140 80 8 0
-122 83 9 0
-125 86 9 0
-139 80 8 0
-123 83 9 0
-124 85 9 0
-124 84 10 0
-125 84 5 0
-123 84 6 0
-124 82 6 0
-124 85 6 0
-123 83 7 0
-123 82 7 0
-150 97 6 1
-135 99 4 1
-135 99 5 1
-133 92 2 1
-133 92 3 1
-106 66 8 0
-142 98 1 1
-106 67 8 0
-142 98 3 1
-141 98 1 1
-120 86 9 0
-111 65 3 1
-107 67 5 0
-110 66 9 1
-109 66 9 1
-109 67 9 1
-130 56 3 2
-131 57 3 1
-131 57 2 1
-119 90 3 2
-120 91 3 1
-120 95 1 0
-120 95 3 0
-120 95 2 0
-133 62 2 1
-106 64 4 0
-106 64 5 0
-106 64 3 0
-106 65 3 0
-109 65 3 1
-111 61 4 1
-106 64 8 0
-111 61 5 1
-111 61 6 1
-110 61 4 1
-110 61 5 2
-129 50 4 1
-115 86 13 0
-109 69 8 1
-115 89 5 0
-110 64 9 1
-110 65 9 1
-109 64 9 1
-109 65 9 1
-115 92 6 0
-138 97 5 1
-120 83 1 1
-119 85 3 0
-103 77 6 0
-103 77 5 0
-103 78 5 0
-105 78 4 0
-132 69 2 1
-130 69 1 1
-128 70 3 1
-126 70 1 1
-126 70 0 1
-127 70 2 1
-103 79 5 0
-140 99 10 1
-140 98 12 1
-150 56 -1 1
-150 56 0 1
-150 57 -1 1
-150 57 0 1
-150 57 1 1
-140 98 11 1
-140 98 10 1
-140 97 12 1
-140 97 11 1
-140 97 10 1
-139 98 11 2
-142 98 10 0
-141 98 11 0
-143 99 11 0
-143 99 8 0
-141 99 8 0
-108 88 3 0
-111 69 5 1
-110 69 3 1
-120 75 6 0
-149 97 1 1
-149 96 3 1
-149 99 2 1
-149 96 1 1
-149 95 3 1
-149 95 2 2
-149 95 1 1
-150 97 3 1
-150 97 2 2
-150 96 1 1
-150 99 3 2
-150 96 3 1
-128 58 0 2
-128 58 -1 1
-129 59 -1 1
-150 64 -1 1
-137 90 4 0
-122 77 4 0
-113 73 5 0
-118 73 8 0
-102 72 4 0
-103 70 4 0
-101 72 4 0
-134 88 8 0
-132 89 10 0
-127 98 0 1
-127 97 2 1
-127 97 1 1
-143 94 2 2
-143 94 1 1
-143 93 3 1
-143 93 2 1
-143 93 1 1
-143 92 3 1
-143 92 2 2
-143 92 1 1
-142 93 9 0
-142 93 8 0
-140 90 7 0
-142 89 4 1
-142 89 7 0
-123 70 6 0
-120 69 7 1
-120 69 6 1
-120 69 5 1
-120 68 7 2
-120 68 6 2
-120 68 5 2
-113 66 5 1
-113 66 4 2
-113 66 3 1
-119 81 2 0
-118 80 1 1
-118 80 3 0
-118 80 2 0
-120 67 7 1
-120 67 6 1
-120 67 5 1
-121 69 7 1
-121 69 6 1
-121 69 5 1
-121 68 7 2
-121 68 5 2
-121 67 7 1
-122 91 11 0
-122 91 13 0
-122 91 12 0
-124 70 5 0
-121 92 12 0
-130 60 0 1
-130 59 0 2
-131 60 0 2
-107 66 4 0
-119 88 13 0
-125 65 4 1
-126 58 1 1
-126 59 0 1
-149 96 2 2
-140 98 1 1
-150 95 1 1
-146 94 5 0
-146 91 3 1
-141 97 3 1
-141 97 2 2
-141 97 1 1
-141 96 3 1
-141 96 2 1
-141 96 1 1
-141 95 3 1
-139 90 3 1
-139 90 2 1
-139 90 1 1
-140 90 2 1
-140 90 1 1
-137 96 2 2
-139 92 4 0
-149 98 3 2
-143 97 2 1
-143 97 1 1
-143 96 3 1
-143 96 2 2
-143 96 1 1
-142 96 2 2
-150 96 2 2
-150 99 2 1
-150 94 4 0
-150 98 2 2
-149 95 4 0
-150 93 4 0
-150 96 4 0
-149 94 4 0
-149 98 4 1
-132 89 9 0
-130 50 0 1
-132 50 0 1
-129 63 4 2
-147 79 4 0
-149 80 6 0
-147 98 2 1
-146 95 1 1
-149 99 1 1
-138 95 1 1
-138 91 3 1
-138 91 2 2
-138 91 1 1
-139 97 1 1
-139 96 1 1
-138 96 2 1
-138 95 2 2
-142 97 3 1
-142 97 2 1
-142 97 1 1
-142 96 3 1
-142 96 1 1
-143 97 3 1
-148 95 6 1
-144 94 4 0
-142 95 1 1
-147 98 1 1
-147 97 1 1
-145 95 2 2
-146 97 2 1
-146 96 2 2
-149 98 5 1
-147 94 4 0
-145 95 1 1
-149 97 5 1
-141 95 2 2
-148 95 1 1
-140 91 2 1
-149 99 3 2
-150 98 5 1
-150 98 4 1
-139 95 1 1
-149 97 2 2
-148 98 1 1
-146 95 2 2
-147 95 2 2
-147 95 1 1
-147 97 2 1
-147 96 2 2
-148 98 2 1
-148 94 4 0
-149 97 3 1
-144 97 2 1
-142 95 2 2
-148 95 2 2
-148 95 3 1
-148 96 1 1
-148 96 2 1
-148 97 1 1
-148 97 2 2
-141 95 1 1
-140 95 1 1
-149 98 2 1
-149 98 1 1
-150 99 1 1
-150 98 1 1
-150 97 1 1
-147 99 3 1
-138 90 1 1
-109 67 2 0
-106 68 2 0
-106 66 3 0
-103 67 2 0
-105 66 3 0
-103 67 4 0
-102 65 2 0
-102 65 5 0
-103 65 5 0
-106 65 2 0
-105 66 1 1
-105 66 0 1
-105 66 -1 1
-105 65 1 1
-105 65 0 1
-105 65 -1 1
-105 64 1 1
-105 64 0 1
-126 66 0 1
-126 65 0 1
-126 64 0 1
-127 66 0 2
-132 71 4 0
-119 86 9 1
-118 84 12 0
-118 84 13 0
-118 84 11 0
-116 84 12 0
-116 84 13 0
-116 84 11 0
-107 57 5 0
-109 57 4 1
-109 57 5 1
-108 58 5 0
-112 60 3 1
-112 59 5 1
-120 78 2 0
-112 59 3 1
-120 78 3 0
-121 78 1 0
-120 78 1 0
-121 79 2 0
-121 79 3 0
-121 79 1 1
-122 79 2 0
-130 62 3 2
-130 62 4 2
-129 61 2 1
-129 61 4 1
-129 62 2 1
-129 62 3 2
-129 62 4 2
-128 62 2 1
-128 62 3 2
-128 62 4 2
-129 60 1 1
-112 70 10 0
-108 69 6 0
-107 69 6 0
-108 69 7 0
-107 69 8 0
-150 84 8 0
-109 72 6 0
-108 72 6 0
-109 71 7 0
-150 84 7 0
-108 72 5 0
-141 94 10 0
-142 93 10 0
-140 93 10 0
-141 92 10 0
-143 93 9 0
-140 92 9 0
-139 94 9 0
-142 92 9 0
-141 92 8 0
-140 92 7 0
-141 94 7 0
-107 72 5 0
-110 73 8 0
-111 66 8 1
-139 92 8 0
-143 93 8 0
-142 92 8 0
-141 92 7 0
-107 68 6 0
-106 68 6 0
-105 68 6 0
-108 68 7 0
-107 68 7 0
-130 97 7 0
-135 98 4 1
-135 98 5 1
-142 92 10 0
-140 92 10 0
-141 92 9 0
-141 91 10 0
-139 92 9 0
-143 92 9 0
-140 91 9 0
-142 91 9 0
-140 92 8 0
-118 89 8 2
-143 92 8 0
-108 98 5 0
-111 97 5 0
-111 97 8 0
-111 96 6 0
-111 97 6 0
-113 98 8 0
-112 99 7 0
-113 98 6 0
-133 71 2 0
-133 71 3 0
-134 99 7 1
-141 91 2 1
-129 99 7 0
-142 95 3 1
-150 98 3 2
-132 99 7 1
-133 99 7 1
-147 96 1 1
-131 99 6 1
-144 92 4 0
-129 99 2 1
-129 99 1 1
-130 99 3 1
-132 98 2 2
-132 98 1 1
-145 91 1 1
-135 99 6 1
-131 93 1 1
-129 73 0 1
-128 73 -1 1
-128 73 0 1
-127 73 -1 1
-135 99 2 1
-135 99 3 1
-134 97 1 1
-134 98 1 1
-133 97 2 2
-133 98 2 1
-132 97 2 2
-134 92 1 1
-134 92 2 1
-134 92 3 1
-144 91 2 1
-149 64 3 1