DAV_OBMAP v3 cell_size=10
-99 -5 10 0
-98 -6 10 0
-100 -6 9 1
-99 -6 9 1
-85 -25 11 0
-85 -25 12 0
-74 -11 4 1
-73 -11 4 1
-84 -27 12 0
-85 -27 12 0
-87 -26 12 0
-87 -26 10 0
-64 -5 2 1
-87 -26 11 0
-66 -6 1 1
-87 -26 14 0
-87 -26 13 0
-86 -27 11 0
-86 -27 13 0
-86 -28 12 0
-87 -28 11 0
-87 -28 13 0
-87 -28 12 0
-89 -27 13 0
-89 -28 12 0
-53 -10 6 0
-86 -25 13 0
-85 -26 11 0
-86 -26 11 0
-78 -29 2 1
-78 -29 3 1
-78 -29 4 1
-77 -29 2 1
-76 -34 6 0
-78 -29 5 1
-76 -30 1 1
-100 -24 1 1
-75 -30 6 0
-56 -35 2 0
-87 -21 9 1
-86 -28 8 0
-87 -24 3 2
-84 -45 12 0
-76 -12 3 1
-60 -12 11 0
-80 -3 3 1
-83 -45 12 0
-80 -4 3 1
-85 -7 5 1
-85 -7 4 1
-85 -8 5 1
-55 -22 3 1
-53 -20 8 1
-53 -19 7 1
-99 -6 8 1
-99 -6 11 0
-100 -7 12 0
-99 -5 12 0
-100 -5 11 0
-98 -5 11 0
-100 -6 10 0
-97 -6 10 0
-99 -4 10 0
-98 -5 10 0
-100 -5 9 1
-97 -7 9 1
-99 -5 9 1
-98 -6 9 1
-100 -5 8 1
-98 -7 8 1
-94 -19 4 1
-70 -31 13 0
-70 -32 12 0
-71 -32 12 0
-70 -30 12 0
-72 -31 12 0
-69 -31 12 0
-71 -33 12 0
-71 -30 12 0
-71 -32 11 0
-72 -32 11 0
-72 -30 11 0
-71 -33 11 0
-70 -29 11 0
-69 -33 11 0
-71 -30 10 0
-64 -18 4 1
-64 -17 5 1
-66 -16 7 0
-69 -15 5 1
-69 -15 4 1
-69 -15 3 1
-68 -14 7 0
-62 -11 4 1
-62 -12 4 1
-64 -13 2 1
-64 -13 3 1
-64 -13 4 1
-64 -13 10 0
-63 -14 4 1
-63 -15 5 1
-63 -15 4 1
-63 -16 6 1
-65 -13 6 0
-69 -12 5 1
-69 -12 3 1
-69 -13 5 1
-61 -14 6 1
-63 -13 6 0
-64 -15 5 0
-77 -13 6 2
-64 -15 6 0
-65 -12 5 1
-66 -15 5 1
-68 -16 4 1
-68 -16 3 1
-64 -14 6 0
-85 -29 5 1
-85 -29 6 1
-85 -28 4 2
-85 -28 5 2
-84 -29 4 2
-84 -29 5 2
-84 -28 4 1
-84 -28 6 1
-83 -29 4 1
-83 -29 5 2
-83 -29 6 2
-83 -28 4 1
-83 -28 5 1
-83 -28 6 1
-83 -27 4 1
-83 -27 5 1
-83 -27 6 1
-87 -26 8 0
-87 -26 9 0
-88 -27 3 1
-88 -27 4 1
-88 -26 3 1
-88 -26 4 1
-88 -25 2 1
-88 -25 3 1
-88 -25 4 1
-87 -27 3 2
-86 -27 3 1
-93 -3 17 0
-95 -4 16 1
-95 -4 15 2
-81 -40 9 0
-69 -2 5 1
-69 -2 13 0
-79 -46 10 0
-69 -2 12 0
-79 -45 11 0
-80 -45 11 0
-74 -12 4 1
-85 -48 10 0
-83 -49 8 0
-84 -49 8 0
-86 -45 12 0
-85 -47 10 0
-87 -49 8 0
-61 -45 4 0
-60 -45 4 0
-61 -45 5 0
-60 -45 6 0
-59 -45 6 0
-61 -43 4 0
-60 -42 3 0
-62 -43 4 0
-62 -42 4 0
-62 -41 4 0
-92 -47 7 1
-62 -41 3 0
-65 -42 5 1
-83 -27 7 2
-87 -24 9 1
-88 -24 4 1
-90 -25 7 1
-90 -24 5 1
-90 -24 6 2
-90 -24 7 1
-90 -23 5 1
-90 -23 6 1
-90 -23 7 2
-89 -26 4 2
-89 -25 4 1
-89 -24 4 1
-90 -26 7 0
-90 -30 6 2
-91 -31 5 1
-91 -31 6 1
-83 -17 6 2
-83 -17 5 2
-100 -38 1 2
-64 -17 4 1
-64 -16 5 1
-65 -14 5 1
-66 -17 5 1
-66 -17 4 1
-66 -17 3 1
-67 -17 5 1
-67 -28 8 0
-67 -27 9 0
-70 -28 5 1
-69 -34 7 0
-69 -30 8 0
-69 -30 9 0
-69 -30 10 0
-69 -30 11 0
-69 -30 4 0
-69 -30 3 0
-57 -23 9 0
-58 -20 9 0
-81 -38 4 2
-77 -39 0 2
-78 -40 -1 1
-78 -40 0 1
-78 -39 -1 1
-78 -39 0 1
-78 -38 -1 1
-78 -38 0 2
-78 -38 1 2
-77 -40 -1 1
-77 -40 0 1
-72 -33 6 0
-73 -31 4 1
-75 -33 4 0
-75 -32 4 0
-84 -34 5 2
-84 -34 4 1
-83 -33 5 2
-88 -35 7 1
-88 -35 6 1
-88 -35 5 1
-89 -35 7 1
-89 -35 6 1
-89 -35 5 1
-90 -35 7 1
-90 -35 6 1
-90 -35 5 1
-82 -30 5 2
-82 -31 5 1
-82 -32 5 1
-83 -32 5 2
-73 -50 7 0
-77 -49 7 0
-77 -50 7 0
-78 -49 7 0
-78 -50 7 0
-78 -50 6 0
-77 -46 7 0
-74 -46 4 0
-75 -47 7 0
-75 -48 7 0
-76 -47 7 0
-81 -44 4 0
-81 -45 5 0
-75 -45 5 0
-76 -36 -1 1
-76 -36 0 2
-76 -36 1 2
-75 -36 -1 1
-75 -36 0 1
-75 -36 1 1
-76 -37 2 1
-61 -34 8 0
-62 -33 7 0
-61 -32 7 0
-54 -16 4 1
-60 -12 2 1
-68 -8 1 1
-65 -7 1 1
-55 -15 3 1
-67 -8 1 2
-98 -45 10 1
-72 -4 7 1
-72 -3 6 1
-72 -3 7 1
-71 -4 6 1
-71 -4 7 1
-71 -3 6 1
-71 -3 7 2
-80 -2 4 2
-66 -41 3 1
-66 -41 4 1
-77 -38 10 0
-77 -38 11 0
-66 -17 10 0
-86 -45 9 1
-87 -47 8 1
-87 -47 9 0
-86 -47 8 0
-86 -46 9 0
-69 -46 4 0
-60 -5 10 0
-89 -45 7 2
-59 -20 4 1
-91 -1 2 2
-85 -42 8 2
-94 -2 12 2
-63 -12 7 0
-63 -12 5 1
-62 -12 5 0
-62 -13 5 0
-64 -10 8 0
-64 -10 9 0
-64 -10 10 0
-89 -25 8 1
-89 -24 8 1
-89 -23 8 1
-90 -25 5 1
-89 -28 6 1
-89 -28 8 0
-89 -28 5 1
-86 -28 7 1
-86 -29 8 1
-86 -29 5 1
-87 -27 7 1
-87 -26 3 2
-86 -26 3 1
-85 -26 3 1
-61 -11 7 0
-60 -11 5 1
-67 -11 7 1
-67 -11 5 1
-65 -12 6 0
-66 -13 6 0
-67 -14 6 0
-66 -13 7 0
-67 -14 7 0
-67 -15 4 2
-66 -7 6 1
-67 -7 6 2
-66 -7 7 1
-67 -7 5 2
-66 -10 6 1
-65 -9 7 0
-66 -9 5 1
-63 -11 6 0
-79 -33 7 0
-81 -32 7 0
-84 -38 7 1
-84 -38 3 1
-81 -39 5 1
-80 -38 5 1
-79 -37 5 1
-78 -38 5 0
-79 -37 4 1
-80 -34 7 1
-98 -44 6 0
-98 -44 7 0
-98 -43 6 0
-98 -43 7 0
-97 -44 6 0
-97 -44 7 0
-97 -43 6 0
-86 -25 9 0
-86 -25 10 0
-57 -21 3 1
-57 -23 3 1
-80 -15 3 1
-54 -24 6 0
-76 -10 3 1
-55 -20 3 1
-55 -21 3 1
-78 -12 3 1
-56 -20 3 1
-83 -1 6 1
-59 -45 4 0
-57 -46 2 0
-60 -43 3 0
-60 -43 2 0
-59 -43 3 0
-59 -44 3 0
-59 -43 2 0
-59 -44 2 0
-90 -18 4 1
-92 -11 6 1
-92 -12 7 2
-92 -12 6 1
-63 -43 7 0
-61 -44 6 0
-80 -33 3 1
-95 -3 4 1
-95 -2 2 2
-95 -2 3 2
-95 -2 4 2
-95 -1 2 1
-95 -1 3 1
-96 -2 5 2
-81 -1 10 0
-79 -41 5 0
-79 -41 9 0
-81 -41 8 0
-81 -39 7 1
-62 -43 5 0
-80 -3 6 2
-81 -3 6 2
-82 -2 6 1
-76 -37 9 0
-58 -10 6 0
-58 -10 10 0
-58 -12 7 0
-93 -1 7 1
-93 -2 7 1
-94 -2 7 2
-94 -2 6 1
-98 -1 8 0
-80 -25 9 1
-81 -25 10 1
-81 -25 9 1
-81 -26 10 1
-81 -26 8 1
-81 -27 10 1
-81 -27 9 2
-78 -45 2 2
-78 -45 1 1
-88 -3 8 1
-90 -6 7 1
-90 -6 6 1
-79 -40 7 0
-87 -5 6 2
-87 -6 6 1
-60 -1 6 1
-60 -1 10 0
-62 -1 8 0
-92 -24 3 1
-83 -2 9 1
-100 -9 8 1
-84 -45 9 0
-84 -45 8 0
-85 -44 3 1
-68 -43 1 1
-85 -45 4 1
-67 -45 5 0
-67 -45 3 1
-67 -45 4 0
-67 -45 7 0
-67 -45 6 0
-66 -46 5 0
-77 -43 5 1
-77 -43 9 0
-77 -43 8 0
-76 -45 6 0
-61 -3 9 0
-87 -8 5 1
-90 -1 6 1
-84 -6 2 1
-87 -7 4 1
-88 -7 5 2
-59 -14 1 1
-64 -4 6 1
-84 -45 4 1
-85 -45 6 1
-92 -44 12 0
-85 -46 6 1
-86 -46 6 1
-78 -36 9 0
-91 -44 12 0
-74 -38 9 0
-91 -43 12 1
-63 -40 2 0
-64 -40 2 1
-90 -8 4 1
-90 -8 5 1
-73 -29 7 0
-67 -5 6 0
-67 -8 8 0
-68 -9 5 1
-68 -9 6 1
-67 -9 5 2
-67 -9 6 2
-66 -9 6 1
-64 -9 6 0
-67 -11 6 1
-65 -10 7 0
-66 -10 7 1
-66 -11 8 0
-66 -11 5 1
-64 -10 6 0
-64 -11 6 0
-64 -12 6 0
-57 -12 8 0
-58 -12 8 0
-94 -1 4 1
-53 -3 6 0
-83 -6 5 2
-80 -1 4 2
-80 -1 5 2
-80 -1 6 2
-95 -1 6 1
-95 -1 5 1
-95 -1 4 1
-60 -24 10 0
-60 -26 11 0
-56 -26 11 0
-59 -23 11 0
-58 -26 11 0
-76 -16 5 1
-78 -17 5 2
-88 -1 9 2
-66 -7 -1 1
-66 -6 -1 1
-65 -6 -1 1
-64 -6 -1 1
-64 -5 3 1
-100 -42 7 0
-60 -20 2 0
-62 -18 7 0
-59 -15 5 1
-60 -15 5 1
-61 -15 5 1
-61 -15 4 2
-60 -16 7 0
-55 -12 6 0
-55 -13 6 0
-52 -11 8 0
-53 -12 7 0
-51 -13 6 1
-51 -15 6 1
-52 -13 6 1
-51 -14 8 0
-85 -26 10 0
-68 -13 6 0
-66 -11 4 1
-67 -11 3 1
-64 -11 8 0
-62 -14 5 1
-96 -48 6 1
-73 -49 7 0
-76 -49 7 0
-76 -38 2 0
-75 -37 1 1
-75 -37 0 1
-75 -37 -1 1
-75 -38 1 1
-90 -14 8 1
-85 -8 6 1
-91 -14 8 1
-56 -25 9 0
-58 -23 10 0
-56 -24 11 0
-56 -22 11 0
-57 -22 10 0
-78 -13 2 1
-74 -23 4 1
-91 -26 11 1
-53 -13 7 0
-51 -18 8 1
-54 -19 8 1
-55 -19 9 0
-78 -46 6 0
-66 -36 6 1
-66 -35 6 1
-62 -36 5 0
-63 -35 -1 1
-55 -21 8 0
-55 -23 8 0
-54 -22 8 0
-56 -22 8 0
-55 -22 9 0
-55 -22 8 0
-56 -22 9 0
-57 -20 9 0
-54 -22 10 0
-56 -21 10 0
-56 -21 9 0
-55 -21 10 0
-56 -21 8 0
-56 -20 9 0
-56 -20 8 0
-53 -20 9 0
-55 -21 9 0
-74 -26 7 0
-75 -25 3 1
-75 -25 4 1
-75 -25 5 1
-54 -20 10 0
-54 -20 9 0
-54 -21 8 1
-55 -20 8 0
-56 -17 8 0
-55 -22 10 0
-56 -22 10 0
-55 -23 10 0
-57 -22 9 0
-57 -21 10 0
-56 -23 10 0
-57 -20 10 0
-54 -22 9 0
-55 -24 9 0
-62 -14 8 0
-54 -27 4 0
-54 -27 5 0
-54 -28 4 0
-71 -50 2 0
-54 -28 5 0
-57 -30 2 0
-57 -30 3 0
-57 -30 6 0
-55 -31 5 0
-55 -31 4 0
-83 -6 2 1
-83 -6 4 2
-84 -5 2 1
-80 -45 4 0
-80 -45 5 0
-80 -45 8 0
-78 -46 7 0
-80 -43 7 0
-80 -43 6 0
-78 -44 7 0
-85 -3 3 1
-85 -4 3 2
-51 -12 1 1
-86 -41 9 1
-86 -41 10 1
-85 -41 9 1
-56 -23 11 0
-57 -23 10 0
-57 -23 11 0
-74 -25 7 0
-75 -26 7 0
-73 -25 6 0
-73 -26 6 0
-74 -25 6 0
-74 -3 2 2
-71 -27 3 1
-71 -26 3 1
-71 -25 3 1
-70 -27 3 1
-71 -25 10 0
-70 -26 3 1
-70 -25 3 1
-74 -24 3 1
-73 -24 3 1
-73 -24 5 1
-72 -24 3 1
-72 -24 4 2
-83 -48 8 0
-82 -47 8 0
-83 -46 9 0
-54 -21 6 2
-54 -20 4 1
-54 -20 5 1
-54 -20 6 2
-69 -47 3 0
-68 -47 3 0
-70 -45 4 0
-71 -44 3 1
-81 -2 10 1
-75 -32 10 0
-76 -31 7 0
-59 -6 6 0
-57 -6 6 0
-57 -6 5 0
-95 -6 13 0
-95 -5 11 1
-95 -4 11 1
-94 -5 11 1
-94 -4 11 1
-93 -5 11 1
-71 -27 9 0
-83 -11 5 1
-60 -9 10 0
-57 -12 10 0
-82 -29 9 1
-82 -29 8 1
-72 -39 5 2
-72 -38 5 1
-72 -37 5 2
-71 -39 5 2
-71 -38 5 1
-79 -9 5 2
-78 -9 5 1
-79 -10 5 2
-78 -10 5 1
-76 -29 1 1
-73 -25 7 0
-74 -25 8 0
-72 -24 7 0
-73 -24 7 0
-72 -25 6 1
-74 -24 6 0
-72 -24 6 1
-74 -23 3 1
-74 -23 5 1
-73 -23 3 1
-73 -23 5 1
-72 -23 3 1
-63 -30 4 1
-63 -30 5 1
-63 -30 6 1
-63 -29 4 1
-62 -30 4 1
-62 -30 5 1
-62 -30 6 1
-62 -29 4 1
-61 -30 4 1
-61 -30 5 1
-61 -30 6 1
-61 -29 4 1
-65 -26 10 0
-65 -26 11 0
-61 -25 8 0
-60 -25 8 0
-62 -22 8 0
-64 -22 6 0
-64 -21 6 0
-64 -23 7 0
-64 -22 8 0
-64 -21 5 1
-66 -23 6 0
-67 -22 6 0
-60 -41 4 0
-91 -44 6 0
-98 -41 5 0
-86 -50 7 1
-86 -50 9 0
-86 -50 6 1
-75 -32 2 2
-79 -35 2 1
-88 -50 7 1
-79 -34 1 1
-75 -32 1 1
-62 -38 0 1
-62 -38 -1 1
-63 -36 1 1
-63 -36 0 1
-63 -36 -1 1
-87 -50 6 1
-87 -50 7 1
-87 -50 8 1
-63 -37 4 0
-92 -49 9 1
-91 -50 8 1
-91 -50 9 2
-91 -49 9 2
-96 -44 7 0
-95 -44 7 0
-95 -43 7 0
-98 -45 9 1
-97 -46 8 1
-97 -46 9 1
-97 -45 8 1
-97 -45 9 1
-90 -45 12 0
-89 -45 12 0
-92 -48 10 2
-92 -48 11 2
-65 -35 6 1
-92 -47 11 1
-91 -48 10 1
-91 -48 11 1
-82 -50 7 0
-83 -50 8 0
-82 -50 8 0
-81 -50 9 0
-81 -50 6 0
-77 -14 5 2
-76 -14 6 2
-58 -6 6 0
-58 -6 5 0
-95 -5 13 1
-96 -4 12 1
-95 -5 12 1
-95 -4 12 1
-53 -12 2 2
-53 -13 1 2
-53 -14 1 1
-83 -11 9 1
-90 -8 10 1
-90 -7 10 1
-90 -6 10 1
-89 -8 10 1
-89 -7 10 1
-89 -6 10 1
-86 -12 5 1
-86 -11 5 1
-87 -9 9 0
-86 -10 9 0
-79 -30 1 1
-79 -30 2 1
-78 -30 2 1
-77 -30 1 1
-77 -30 2 1
-62 -4 7 1
-62 -2 7 1
-82 -44 10 0
-81 -45 9 0
-65 -37 3 1
-70 -42 6 1
-69 -42 6 1
-69 -41 6 2
-69 -40 6 1
-68 -42 6 1
-79 -8 4 1
-79 -8 5 2
-80 -8 5 1
-79 -7 4 1
-60 -23 8 0
-60 -20 6 1
-62 -22 7 0
-60 -21 8 0
-60 -20 8 0
-60 -20 5 1
-62 -21 6 0
-62 -20 6 0
-62 -19 6 0
-62 -21 7 0
-62 -20 8 0
-62 -20 5 1
-62 -19 5 1
-65 -20 6 0
-64 -22 7 0
-65 -20 5 1
-65 -23 5 0
-62 -23 9 0
-73 -42 -1 1
-73 -42 0 1
-73 -41 -1 1
-73 -41 0 1
-73 -40 -1 1
-61 -24 2 1
-61 -24 3 1
-61 -23 2 1
-61 -23 3 1
-71 -32 5 1
-71 -31 3 1
-71 -31 4 2
-71 -31 5 1
-70 -33 3 1
-52 -18 -1 1
-52 -18 0 1
-52 -17 -1 1
-68 -31 6 1
-97 -17 6 1
-96 -17 6 1
-95 -17 6 2
-95 -16 6 1
-91 -1 1 1
-87 -2 12 1
-73 -7 9 1
-55 -9 10 0
-82 -10 6 1
-82 -10 7 1
-59 -12 1 1
-75 -32 9 0
-84 -42 9 1
-84 -43 9 1
-84 -44 9 1
-84 -42 8 2
-84 -42 7 2
-84 -42 6 2
-84 -43 8 1
-84 -44 8 1
-83 -43 8 1
-58 -28 5 1
-83 -9 7 1
-86 -44 7 2
-86 -45 7 1
-84 -44 6 1
-84 -44 5 2
-84 -44 4 1
-84 -45 6 1
-84 -45 5 2
-56 -10 1 2
-84 -46 6 1
-84 -46 5 2
-84 -46 4 1
-85 -44 6 1
-56 -42 3 0
-55 -42 3 0
-55 -42 4 0
-55 -42 2 0
-55 -40 3 0
-95 -3 10 1
-55 -40 4 0
-55 -40 2 0
-57 -40 3 0
-57 -40 4 0
-57 -40 2 0
-58 -40 2 0
-58 -43 4 0
-57 -42 5 0
-57 -42 1 1
-84 -1 11 1
-83 -1 11 1
-100 -40 7 1
-83 -6 3 2
-81 -5 5 1
-81 -5 4 1
-97 -37 7 0
-82 -4 5 2
-82 -4 4 2
-82 -5 4 2
-82 -6 4 1
-82 -5 6 2
-82 -5 7 1
-85 -2 9 2
-85 -2 8 2
-86 -2 9 2
-86 -2 8 2
-83 -3 7 1
-62 -7 9 1
-62 -7 8 1
-69 -1 2 1
-87 -5 4 2
-87 -6 5 1
-87 -6 4 1
-88 -5 5 2
-88 -5 4 2
-88 -6 5 2
-71 -33 4 1
-71 -34 5 0
-66 -11 1 1
-70 -34 4 1
-71 -34 4 0
-72 -34 0 1
-58 -22 8 0
-61 -21 4 1
-61 -21 5 1
-56 -27 9 0
-92 -36 6 1
-92 -36 7 1
-93 -36 6 1
-93 -36 7 1
-94 -36 6 1
-93 -37 6 1
-92 -37 6 1
-82 -38 10 1
-82 -37 10 1
-81 -39 10 1
-81 -38 10 1
-81 -37 10 1
-80 -39 10 1
-80 -38 10 1
-80 -37 8 1
-80 -37 9 1
-80 -37 10 1
-84 -39 5 1
-82 -41 5 1
-82 -40 5 1
-81 -42 4 1
-81 -42 3 1
-81 -42 2 1
-51 -28 5 0
-84 -20 2 1
-53 -28 7 0
-52 -28 7 0
-53 -25 7 0
-83 -32 4 1
-82 -31 2 1
-82 -30 4 1
-82 -31 4 1
-82 -30 3 2
-82 -31 3 1
-84 -31 0 1
-84 -31 -1 1
-84 -32 -1 1
-84 -33 2 2
-84 -33 1 1
-95 -4 17 0
-63 -31 4 1
-83 -1 13 1
-62 -33 5 1
-62 -32 3 2
-62 -32 5 1
-62 -31 3 1
-67 -46 -1 1
-52 -17 5 1
-51 -17 7 1
-58 -31 4 0
-58 -31 5 0
-60 -31 5 0
-54 -19 6 1
-55 -23 4 1
-54 -24 5 0
-53 -24 7 0
-54 -23 8 0
-54 -4 10 0
-66 -6 0 2
-88 -30 11 2
-88 -30 12 1
-88 -29 10 1
-88 -29 11 1
-78 -37 -1 1
-51 -8 8 0
-65 -38 2 1
-65 -39 3 1
-87 -30 10 2
-88 -30 9 1
-78 -2 4 1
-81 -2 3 1
-80 -1 3 1
-53 -5 9 0
-58 -34 4 0
-58 -34 5 0
-57 -8 9 0
-52 -18 4 2
-80 -4 6 2
-80 -4 7 1
-69 -44 6 0
-62 -14 3 1
-80 -3 7 1
-69 -47 5 0
-79 -4 7 1
-75 -2 0 1
-74 -30 9 0
-74 -31 9 0
-72 -32 9 0
-52 -7 4 0
-52 -7 5 0
-72 -30 6 0
-78 -38 8 0
-76 -38 5 0
-76 -38 6 0
-64 -19 9 0
-78 -38 7 0
-74 -39 6 1
-64 -17 7 0
-77 -39 7 0
-71 -36 8 1
-75 -37 10 0
-77 -37 8 0
-81 -8 6 1
-86 -1 5 1
-63 -29 6 1
-64 -29 8 0
-54 -34 4 0
-65 -29 8 0
-55 -35 4 0
-52 -12 4 2
-51 -12 0 1
-54 -11 2 1
-54 -11 3 2
-52 -11 1 1
-96 -3 3 2
-96 -3 2 2
-96 -4 4 1
-96 -4 3 1
-83 -44 10 0
-83 -44 11 0
-69 -46 7 0
-68 -47 6 0
-56 -2 2 0
-56 -4 4 0
-65 -35 4 2
-91 -2 16 1
-89 -4 17 0
-89 -6 14 1
-81 -41 4 1
-81 -41 3 2
-81 -41 2 1
-80 -40 3 2
-79 -41 4 1
-78 -40 4 1
-89 -45 11 0
-90 -45 11 0
-93 -46 9 1
-77 -1 3 2
-59 -3 3 1
-60 -3 5 1
-60 -3 4 2
-60 -3 3 1
-61 -1 5 2
-61 -1 4 2
-61 -1 3 1
-61 -2 5 1
-61 -2 4 2
-78 -7 6 1
-97 -41 3 0
-71 -28 6 0
-71 -28 10 0
-90 -23 3 1
-64 -27 7 0
-70 -32 7 0
-67 -35 3 1
-67 -34 6 1
-69 -6 10 0
-57 -6 11 0
-75 -9 10 1
-75 -9 11 1
-74 -9 9 2
-69 -6 11 0
-85 -30 -1 1
-53 -10 -1 1
-88 -30 -1 1
-53 -8 2 2
-80 -17 4 1
-53 -10 2 1
-82 -42 5 1
-82 -42 4 1
-83 -42 4 1
-83 -42 5 1
-84 -40 5 1
-85 -40 5 1
-72 -9 8 2
-72 -8 8 1
-71 -8 10 1
-71 -9 11 2
-72 -10 10 1
-72 -10 11 1
-59 -22 7 0
-59 -21 6 1
-57 -22 7 0
-62 -37 2 0
-86 -14 11 1
-87 -12 11 1
-88 -13 11 1
-76 -3 4 1
-54 -3 5 0
-67 -24 7 0
-67 -26 8 0
-67 -25 9 0
-67 -24 6 1
-65 -30 8 0
-65 -31 9 0
-67 -28 10 0
-67 -28 11 0
-82 -49 6 1
-82 -48 4 1
-82 -48 5 1
-82 -48 6 1
-83 -47 7 0
-87 -42 7 1
-87 -42 6 1
-95 -2 1 1
-99 -41 6 0
-56 -15 3 1
-56 -17 0 1
-56 -16 0 2
-56 -15 0 2
-55 -17 0 1
-55 -16 0 1
-55 -15 0 2
-54 -17 -1 1
-54 -16 -1 1
-54 -15 -1 1
-57 -11 0 2
-57 -10 1 2
-57 -10 2 2
-57 -10 3 2
-57 -11 -1 1
-99 -12 5 1
-99 -11 5 1
-89 -4 7 1
-89 -4 6 1
-65 -34 2 1
-66 -34 4 1
-66 -34 3 1
-66 -34 2 1
-54 -9 10 0
-91 -48 5 1
-91 -48 4 1
-74 -31 10 0
-74 -31 11 0
-97 -8 14 0
-97 -7 12 0
-97 -8 12 0
-96 -8 14 0
-96 -7 12 0
-95 -8 13 0
-95 -8 14 0
-95 -8 12 0
-83 -39 10 1
-54 -19 4 1
-98 -6 13 0
-98 -4 12 0
-79 -6 11 1
-100 -38 7 2
-100 -38 5 1
-89 -4 8 1
-75 -2 2 2
-99 -10 6 2
-99 -11 7 1
-99 -11 6 1
-99 -12 7 2
-89 -46 9 0
-86 -42 11 1
-86 -42 10 1
-86 -43 11 1
-86 -43 10 2
-86 -44 11 1
-93 -1 17 0
-94 -1 17 0
-78 -33 4 2
-81 -31 2 1
-83 -33 3 1
-83 -33 4 1
-82 -33 3 1
-86 -37 3 1
-85 -37 3 1
-79 -33 4 2
-78 -32 3 1
-85 -32 1 2
-85 -33 2 1
-52 -30 1 1
-51 -30 -1 1
-51 -30 0 1
-51 -30 1 1
-92 -30 5 1
-52 -27 2 0
-92 -29 5 1
-54 -29 3 0
-54 -29 2 0
-52 -31 4 0
-51 -29 -1 1
-89 -29 2 1
-89 -29 3 1
-51 -28 -1 1
-92 -25 5 1
-51 -28 1 1
-91 -28 3 2
-60 -21 6 1
-61 -22 8 0
-61 -21 8 0
-60 -21 5 1
-63 -21 6 0
-63 -20 6 0
-63 -22 7 0
-63 -21 8 0
-63 -20 5 1
-65 -22 6 0
-66 -21 6 0
-66 -21 5 1
-63 -24 9 0
-63 -24 10 0
-64 -23 2 1
-64 -23 3 1
-63 -16 -1 1
-64 -16 1 1
-64 -16 0 1
-64 -16 -1 1
-65 -16 1 1
-65 -16 0 2
-65 -16 -1 1
-64 -16 3 1
-64 -17 3 1
-64 -18 3 1
-66 -18 5 1
-66 -18 4 1
-66 -18 3 1
-66 -19 5 1
-66 -19 4 2
-65 -15 6 0
-65 -15 5 1
-65 -13 4 2
-65 -13 3 1
-63 -13 4 1
-64 -14 1 1
-82 -33 4 2
-79 -12 3 1
-64 -14 2 1
-64 -14 3 1
-64 -14 4 1
-63 -15 3 1
-63 -16 3 1
-89 -33 5 1
-90 -33 6 1
-90 -33 7 1
-89 -33 6 2
-89 -33 7 1
-88 -34 5 1
-87 -34 5 1
-86 -34 5 2
-76 -9 2 1
-75 -14 7 1
-75 -14 6 1
-75 -15 7 1
-75 -15 6 1
-78 -10 3 1
-73 -40 5 1
-73 -40 6 1
-72 -40 5 1
-72 -40 6 1
-71 -40 5 2
-71 -40 6 2
-75 -39 5 0
-71 -40 7 1
-73 -42 5 0
-77 -18 5 1
-79 -19 5 1
-77 -19 7 1
-80 -36 8 1
-79 -50 8 0
-80 -49 9 0
-69 -4 9 0
-69 -4 8 1
-70 -3 9 1
-70 -3 8 1
-70 -4 9 1
-70 -4 8 1
-89 -1 12 2
-89 -1 11 2
-73 -36 7 1
-96 -3 13 1
-71 -25 11 0
-95 -1 13 1
-95 -2 13 2
-95 -3 13 1
-51 -31 4 0
-92 -3 13 1
-93 -1 13 2
-93 -2 13 1
-93 -3 13 1
-94 -1 13 1
-94 -2 13 1
-94 -3 13 1
-80 -46 5 0
-80 -46 6 0
-93 -6 15 1
-93 -6 14 1
-91 -5 17 0
-92 -3 17 0
-90 -3 18 0
-89 -7 16 1
-89 -7 15 1
-54 -4 2 0
-90 -7 16 1
-90 -7 15 1
-90 -7 14 1
-91 -7 16 1
-91 -7 15 1
-98 -20 9 1
-91 -7 14 1
-75 -45 4 0
-91 -4 17 0
-93 -4 16 1
-92 -44 5 0
-92 -45 5 0
-92 -44 6 0
-92 -45 6 0
-92 -43 3 0
-90 -48 4 1
-90 -48 5 1
-85 -8 8 0
-85 -7 8 0
-100 -34 3 1
-100 -32 6 1
-77 -37 11 0
-77 -37 10 0
-75 -39 9 0
-83 -41 4 1
-75 -7 4 1
-75 -8 4 1
-73 -11 9 1
-73 -11 8 1
-73 -11 7 1
-74 -11 9 1
-74 -11 8 1
-74 -11 7 1
-75 -11 9 1
-75 -11 8 2
-75 -11 7 2
-76 -3 6 1
-76 -4 6 2
-77 -3 6 1
-77 -4 6 1
-78 -3 6 1
-71 -31 11 0
-68 -34 7 1
-71 -35 7 0
-68 -28 8 0
-69 -29 7 0
-67 -31 8 0
-70 -30 2 1
-70 -30 1 1
-70 -31 2 1
-70 -31 1 1
-71 -30 2 1
-71 -30 1 1
-72 -30 2 1
-64 -9 9 0
-64 -9 8 0
-64 -9 7 0
-61 -12 5 0
-62 -11 5 0
-62 -12 7 0
-62 -11 7 0
-63 -11 7 0
-58 -36 7 0
-59 -48 2 0
-60 -48 2 0
-59 -36 7 0
-60 -36 5 0
-91 -4 15 2
-71 -5 7 1
-76 -45 4 0
-76 -46 4 0
-81 -18 4 1
-88 -46 7 2
-80 -17 3 1
-79 -17 2 1
-79 -17 3 1
-83 -41 9 1
-83 -42 9 1
-81 -18 2 1
-80 -18 2 1
-82 -45 9 0
-80 -18 3 1
-67 -35 4 1
-67 -35 5 1
-67 -35 6 1
-74 -35 8 0
-100 -9 10 0
-99 -8 8 1
-99 -8 9 0
-64 -44 6 0
-64 -43 5 1
-86 -13 8 1
-60 -30 5 1
-59 -4 6 0
-86 -23 8 1
-85 -23 5 1
-86 -23 5 1
-84 -25 5 2
-84 -25 6 2
-84 -25 7 2
-83 -25 5 1
-83 -25 6 1
-83 -25 7 1
-82 -25 5 1
-82 -25 6 1
-82 -25 7 1
-84 -22 10 1
-87 -45 5 1
-53 -4 8 0
-90 -1 9 2
-90 -1 10 2
-85 -7 3 2
-56 -3 9 0
-59 -21 4 2
-56 -6 10 0
-99 -35 3 1
-100 -35 3 1
-99 -36 5 1
-74 -50 7 0
-99 -33 6 1
-99 -33 5 1
-99 -33 4 1
-99 -34 5 2
-99 -34 4 2
-96 -3 14 1
-96 -2 14 2
-96 -1 14 1
-95 -3 14 2
-95 -2 14 2
-95 -1 14 1
-61 -2 1 1
-61 -1 1 1
-57 -2 2 0
-74 -5 3 1
-65 -6 1 1
-65 -6 2 1
-65 -5 0 1
-65 -5 1 2
-65 -5 2 1
-64 -7 0 1
-64 -6 0 1
-64 -5 0 1
-64 -5 1 2
-63 -5 0 1
-81 -1 4 1
-81 -2 5 1
-81 -2 4 1
-82 -1 5 1
-82 -1 4 1
-88 -49 7 1
-82 -2 4 1
-65 -43 1 1
-65 -42 1 1
-87 -49 7 0
-81 -49 3 1
-81 -49 4 1
-81 -48 2 1
-81 -48 3 1
-81 -48 4 1
-52 -15 2 1
-63 -32 3 1
-51 -12 4 2
-98 -14 12 0
-98 -14 11 0
-98 -16 10 0
-53 -11 1 1
-98 -16 11 0
-57 -13 9 0
-57 -13 8 0
-59 -13 8 0
-58 -11 8 0
-57 -12 9 0
-69 -30 7 0
-68 -28 7 1
-66 -26 6 1
-76 -50 6 0
-97 -4 3 1
-74 -49 5 0
-86 -44 3 1
-98 -3 4 1
-98 -3 3 1
-65 -33 2 1
-99 -14 12 0
-100 -10 7 1
-63 -12 3 1
-63 -11 3 1
-63 -10 3 1
-69 -3 7 1
-72 -2 8 1
-65 -19 8 0
-65 -19 10 0
-72 -1 9 1
-98 -2 4 1
-99 -2 5 1
-98 -2 3 1
-83 -33 13 1
-61 -3 6 2
-83 -32 13 1
-83 -31 12 1
-83 -31 13 1
-80 -31 10 0
-57 -10 10 0
-77 -30 11 0
-77 -30 10 0
-92 -37 10 1
-92 -37 11 1
-80 -30 9 0
-80 -30 12 0
-80 -30 11 0
-79 -31 9 0
-79 -31 11 0
-79 -31 10 0
-80 -32 9 0
-80 -32 11 0
-80 -32 10 0
-81 -31 10 0
-82 -30 9 0
-79 -26 11 1
-79 -27 11 1
-79 -28 11 1
-80 -26 11 1
-80 -27 11 1
-81 -26 11 1
-81 -27 11 1
-77 -2 1 1
-74 -31 12 0
-73 -33 12 0
-74 -30 12 0
-74 -33 11 0
-74 -31 13 0
-75 -31 12 0
-75 -32 12 0
-74 -32 12 0
-75 -31 11 0
-76 -31 12 0
-75 -33 12 0
-75 -30 11 0
-75 -30 12 0
-74 -29 11 0
-76 -33 11 0
-75 -29 11 0
-74 -29 10 0
-75 -31 13 0
-77 -32 12 0
-76 -30 12 0
-76 -33 12 0
-77 -29 12 0
-77 -32 11 0
-76 -29 11 0
-77 -31 13 0
-78 -31 12 0
-77 -30 12 0
-78 -31 11 0
-78 -32 12 0
-78 -29 12 0
-94 -49 6 1
-94 -49 7 1
-93 -50 6 1
-93 -50 7 1
-93 -49 6 1
-93 -49 7 1
-87 -30 0 1
-92 -20 8 1
-78 -37 9 0
-54 -7 8 0
-74 -4 7 1
-88 -46 6 2
-89 -46 7 2
-89 -46 6 2
-90 -44 7 1
-90 -45 7 1
-90 -46 7 1
-90 -46 6 1
-57 -30 4 0
-57 -32 5 0
-58 -32 5 0
-55 -39 3 0
-56 -38 3 0
-56 -38 4 0
-83 -1 16 1
-55 -41 4 0
-55 -41 2 0
-54 -40 3 0
-53 -41 3 0
-53 -41 2 0
-55 -39 4 0
-55 -39 2 0
-55 -39 1 1
-72 -26 9 0
-72 -26 7 0
-72 -25 7 0
-73 -26 8 0
-73 -26 9 0
-73 -26 7 0
-74 -27 8 0
-74 -27 9 0
-74 -27 7 0
-72 -29 9 0
-71 -29 9 0
-72 -27 9 0
-72 -27 10 0
-85 -2 14 1
-71 -4 8 2
-56 -17 1 2
-55 -14 4 1
-71 -3 9 1
-55 -14 2 1
-69 -3 10 0
-70 -4 6 1
-70 -4 7 2
-51 -2 4 0
-52 -3 4 0
-69 -4 6 1
-69 -4 7 1
-69 -3 6 1
-72 -31 5 1
-84 -20 4 1
-83 -21 2 1
-84 -21 2 1
-81 -10 6 1
-84 -22 3 0
-81 -9 5 1
-81 -9 6 1
-83 -20 2 1
-78 -14 9 1
-77 -15 9 1
-77 -14 9 1
-76 -15 9 1
-76 -14 9 1
-74 -13 7 1
-74 -13 8 1
-54 -4 12 0
-87 -2 3 1
-94 -2 16 1
-94 -1 16 1
-66 -29 6 0
-93 -2 16 1
-93 -1 16 1
-93 -15 10 0
-92 -2 16 1
-92 -1 16 1
-69 -29 5 1
-69 -29 6 1
-69 -28 4 1
-69 -28 5 1
-69 -28 6 1
-93 -44 10 1
-94 -44 11 1
-94 -44 10 2
-95 -42 11 1
-95 -39 5 1
-76 -2 7 1
-84 -1 14 1
-75 -2 7 1
-68 -27 6 2
-67 -29 4 1
-67 -28 4 1
-67 -28 5 1
-67 -28 6 1
-67 -27 4 1
-67 -27 5 2
-67 -27 6 1
-70 -47 1 1
-67 -32 7 1
-67 -31 7 1
-78 -36 8 0
-70 -48 -1 1
-71 -46 1 1
-71 -46 0 1
-71 -46 -1 1
-71 -48 3 0
-71 -47 -1 1
-68 -30 8 0
-68 -30 4 0
-79 -18 4 1
-78 -16 3 1
-76 -12 4 1
-78 -15 4 1
-82 -14 4 1
-82 -15 4 1
-81 -14 4 1
-82 -13 4 1
-79 -16 2 1
-81 -18 7 2
-78 -8 11 1
-75 -38 0 1
-57 -24 11 0
-58 -24 11 0
-56 -25 11 0
-57 -25 10 0
-58 -22 11 0
-56 -24 10 0
-59 -23 10 0
-76 -50 7 0
-91 -27 4 1
-90 -26 3 1
-80 -33 4 2
-81 -11 4 1
-54 -6 3 1
-53 -6 3 0
-68 -16 5 1
-68 -15 3 1
-68 -15 4 1
-68 -15 5 1
-67 -16 3 1
-67 -16 4 2
-67 -16 5 1
-67 -15 3 1
-67 -15 5 1
-66 -16 3 1
-66 -16 4 1
-66 -16 5 1
-66 -15 3 1
-66 -15 4 2
-75 -12 5 2
-52 -7 3 1
-74 -13 4 1
-64 -15 7 0
-53 -6 2 0
-52 -7 2 1
-53 -6 -1 1
-63 -13 7 0
-57 -25 12 0
-59 -25 12 0
-59 -25 11 0
-64 -11 9 0
-64 -11 10 0
-65 -12 3 1
-65 -12 4 2
-64 -12 3 1
-64 -12 4 1
-63 -12 4 1
-53 -7 2 1
-51 -7 2 0
-51 -7 3 0
-52 -7 1 1
-51 -7 1 1
-60 -12 4 1
-68 -12 6 0
-68 -12 7 0
-69 -12 4 2
-70 -13 3 1
-70 -13 4 1
-70 -13 5 1
-70 -12 3 1
-70 -12 4 1
-70 -12 5 1
-69 -13 3 1
-69 -13 4 2
-51 -8 1 1
-52 -7 -1 1
-52 -7 0 2
-51 -7 -1 1
-66 -14 6 0
-67 -15 6 0
-66 -14 7 0
-67 -15 7 0
-65 -13 5 1
-64 -16 4 1
-61 -15 6 1
-62 -14 4 1
-61 -14 4 1
-61 -14 5 1
-63 -14 5 1
-64 -12 9 0
-64 -12 10 0
-64 -12 2 0
-83 -15 7 1
-83 -14 5 1
-83 -14 6 1
-83 -14 7 1
-82 -16 5 2
-82 -16 6 2
-83 -15 8 1
-83 -14 8 1
-82 -18 6 1
-83 -19 7 1
-83 -19 8 1
-83 -19 9 1
-82 -19 7 2
-82 -19 8 2
-82 -19 9 1
-81 -19 9 1
-82 -18 5 1
-80 -19 9 1
-79 -19 9 1
-78 -19 9 1
-80 -19 4 1
-60 -13 6 0
-61 -13 5 0
-61 -13 4 1
-60 -14 6 0
-67 -11 4 2
-60 -12 5 1
-61 -12 4 1
-68 -13 7 0
-70 -14 3 1
-70 -14 4 1
-70 -14 5 1
-59 -44 1 1
-59 -43 -1 1
-59 -43 0 1
-59 -43 1 1
-59 -42 -1 1
-59 -42 0 2
-59 -42 1 1
-88 -30 10 1
-88 -31 12 1
-88 -31 11 1
-88 -31 10 1
-88 -11 9 0
-88 -11 8 0
-58 -14 1 1
-58 -15 1 2
-56 -12 8 0
-56 -12 9 0
-57 -11 10 0
-95 -41 3 0
-95 -41 7 0
-93 -42 4 0
-95 -43 4 0
-95 -43 6 0
-95 -43 5 0
-96 -41 6 0
-93 -40 4 1
-53 -16 5 2
-54 -16 5 1
-92 -38 5 1
-92 -39 7 1
-92 -39 6 1
-92 -39 5 1
-93 -38 7 2
-93 -38 6 1
-93 -38 5 1
-68 -49 5 0
-67 -50 7 0
-69 -48 8 0
-69 -48 9 0
-70 -49 -1 1
-70 -49 0 1
-69 -49 -1 1
-68 -49 -1 1
-65 -44 6 0
-64 -44 5 1
-65 -44 5 1
-74 -4 9 1
-55 -5 6 0
-73 -4 9 1
-73 -4 8 2
-56 -11 8 0
-55 -11 8 0
-56 -11 9 0
-92 -3 16 1
-93 -3 16 1
-94 -3 16 1
-97 -2 13 1
-97 -3 13 1
-95 -1 16 1
-95 -2 16 1
-95 -3 16 1
-96 -1 16 1
-96 -2 16 1
-96 -3 16 1
-65 -29 11 0
-65 -29 12 0
-66 -31 11 0
-64 -32 11 0
-66 -29 11 0
-66 -32 11 0
-64 -31 10 0
-66 -30 10 0
-64 -32 10 0
-66 -29 10 0
-65 -31 10 0
-96 -20 5 2
-92 -18 6 0
-91 -17 1 1
-86 -9 4 1
-94 -14 2 1
-94 -15 2 1
-94 -17 3 2
-95 -15 3 1
-95 -16 3 1
-95 -17 3 1
-91 -20 3 1
-92 -18 3 2
-92 -19 4 1
-60 -41 1 1
-91 -20 4 1
-90 -19 5 2
-96 -18 6 1
-96 -18 5 1
-96 -19 6 2
-96 -19 5 2
-91 -17 6 0
-92 -18 7 0
-59 -40 0 1
-92 -17 4 1
-90 -6 9 1
-93 -15 3 2
-91 -17 3 2
-58 -40 -1 1
-89 -18 4 1
-91 -16 3 2
-68 -32 10 0
-71 -31 13 0
-72 -32 12 0
-72 -31 11 0
-72 -30 12 0
-73 -31 12 0
-72 -33 12 0
-73 -30 12 0
-71 -30 11 0
-73 -31 11 0
-73 -33 11 0
-72 -29 11 0
-71 -33 10 0
-82 -31 12 1
-60 -25 9 0
-81 -29 12 0
-82 -30 8 0
-83 -30 12 0
-82 -33 13 1
-82 -32 13 1
-82 -31 13 1
-83 -34 8 1
-83 -34 9 1
-82 -34 8 1
-62 -45 8 0
-62 -45 7 0
-82 -34 9 1
-82 -33 8 1
-82 -32 8 1
-81 -34 9 1
-81 -33 8 1
-81 -33 9 1
-81 -32 8 1
-81 -32 9 1
-83 -30 8 1
-83 -30 9 1
-81 -26 7 1
-80 -26 7 1
-84 -29 9 0
-85 -29 9 1
-82 -31 8 1
-84 -31 7 2
-85 -31 7 2
-83 -31 7 1
-87 -5 14 1
-84 -8 2 1
-83 -8 2 1
-88 -6 2 1
-88 -5 2 1
-88 -4 2 1
-87 -7 1 1
-87 -6 1 1
-87 -5 1 1
-56 -17 7 1
-55 -18 7 1
-55 -17 7 1
-81 -7 4 1
-85 -9 3 2
-84 -9 3 1
-83 -9 3 1
-86 -9 2 1
-86 -9 3 2
-86 -8 2 2
-86 -8 3 1
-85 -9 2 1
-84 -9 2 1
-89 -7 2 1
-89 -6 2 1
-89 -5 2 1
-88 -7 2 1
-63 -26 5 2
-86 -10 3 2
-85 -10 3 1
-84 -10 3 2
-89 -9 3 2
-90 -10 2 1
-90 -10 3 1
-90 -10 4 1
-90 -9 2 1
-90 -9 3 1
-90 -9 4 1
-90 -8 2 1
-90 -8 3 1
-89 -10 2 1
-58 -44 3 0
-58 -44 2 0
-57 -45 3 0
-57 -45 2 0
-89 -50 6 1
-88 -50 6 1
-88 -50 8 1
-51 -1 11 0
-92 -47 10 1
-90 -9 6 1
-93 -11 7 1
-93 -11 8 1
-93 -10 8 1
-100 -9 5 2
-73 -40 0 1
-72 -42 -1 1
-72 -42 0 1
-72 -42 1 1
-72 -41 -1 1
-94 -25 11 1
-91 -22 9 1
-94 -22 9 0
-94 -23 8 0
-93 -22 8 0
-93 -20 10 0
-96 -20 10 0
-94 -19 10 0
-96 -21 10 0
-94 -20 9 1
-93 -21 8 0
-94 -20 8 1
-95 -22 8 0
-96 -22 10 0
-95 -19 10 0
-96 -21 9 1
-93 -19 9 1
-96 -22 9 0
-94 -19 9 1
-97 -21 7 2
-97 -21 8 1
-97 -21 9 1
-96 -21 7 1
-100 -23 2 1
-99 -25 2 1
-99 -24 2 1
-99 -23 2 1
-98 -25 2 1
-98 -24 2 1
-98 -23 2 1
-94 -18 4 1
-94 -19 2 1
-95 -19 4 1
-100 -6 12 0
-99 -5 11 0
-100 -4 11 0
-98 -4 11 0
-100 -5 10 0
-75 -29 2 2
-97 -5 10 0
-98 -4 10 0
-100 -4 10 0
-97 -6 9 1
-98 -5 9 1
-100 -5 7 1
-99 -5 7 1
-99 -5 8 2
-98 -6 8 2
-99 -6 7 1
-98 -7 7 1
-98 -6 7 1
-98 -5 7 1
-98 -5 8 2
-97 -7 7 1
-97 -7 8 1
-97 -6 7 1
-97 -6 8 1
-97 -5 7 1
-97 -5 8 1
-97 -5 9 1
-100 -6 8 1
-72 -26 4 1
-99 -4 12 0
-98 -3 11 0
-98 -4 9 1
-100 -6 7 1
-98 -4 7 1
-98 -4 8 1
-100 -5 12 0
-99 -4 11 0
-99 -3 12 0
-100 -3 11 0
-97 -4 10 0
-97 -4 7 1
-97 -4 8 1
-97 -4 9 1
-86 -26 13 0
-85 -26 12 0
-86 -26 12 0
-71 -26 5 1
-71 -26 4 2
-52 -8 4 1
-96 -17 5 1
-95 -19 5 2
-95 -19 6 2
-94 -19 5 1
-94 -19 6 1
-92 -19 6 1
-95 -17 4 2
-95 -16 4 1
-95 -15 4 1
-95 -15 5 1
-98 -5 12 0
-98 -2 11 0
-91 -20 5 2
-91 -19 5 1
-91 -19 6 1
-91 -18 5 1
-90 -20 4 1
-90 -20 5 1
-90 -19 6 1
-90 -18 5 1
-90 -18 6 1
-89 -20 4 1
-89 -20 5 1
-89 -20 6 1
-89 -19 5 1
-89 -19 6 1
-95 -18 4 2
-93 -19 5 0
-92 -20 4 1
-92 -19 2 1
-75 -36 9 0
-76 -34 9 0
-100 -4 12 0
-99 -3 11 0
-99 -2 12 0
-93 -17 3 1
-100 -2 11 0
-51 -38 4 0
-54 -11 4 1
-53 -11 4 1
-55 -13 0 2
-55 -12 0 2
-68 -1 11 0
-70 -1 11 0
-68 -1 10 0
-68 -2 11 0
-68 -3 11 0
-66 -1 9 0
-66 -1 11 0
-65 -1 11 0
-100 -3 12 0
-99 -2 11 0
-70 -2 11 0
-71 -3 11 0
-68 -2 10 0
-68 -4 11 0
-67 -1 9 0
-67 -1 10 0
-66 -2 11 0
-80 -18 7 2
-79 -15 6 1
-80 -16 7 1
-80 -16 6 1
-81 -17 7 1
-80 -18 8 1
-80 -18 6 2
-78 -11 4 1
-78 -12 4 1
-77 -12 4 1
-77 -11 5 1
-77 -11 3 2
-77 -12 5 1
-76 -12 5 1
-76 -11 5 1
-78 -11 5 1
-78 -12 5 1
-79 -18 8 2
-79 -18 7 2
-78 -17 6 2
-77 -13 5 1
-76 -13 5 1
-71 -1 11 0
-72 -1 11 0
-69 -2 10 0
-70 -2 10 0
-70 -3 11 0
-69 -4 11 0
-67 -2 10 0
-70 -27 4 1
-76 -31 2 1
-57 -9 11 0
-77 -34 1 1
-77 -33 1 1
-77 -33 2 2
-77 -33 3 1
-76 -34 1 1
-64 -28 8 0
-65 -25 8 0
-63 -25 8 0
-62 -25 7 1
-65 -25 6 1
-70 -46 2 0
-68 -47 2 0
-67 -46 0 1
-72 -38 1 1
-72 -37 1 1
-53 -23 4 0
-52 -21 3 1
-53 -21 3 1
-51 -22 4 0
-91 -16 9 1
-91 -17 11 1
-91 -17 10 1
-74 -35 0 1
-74 -34 0 1
-74 -34 1 1
-72 -35 4 0
-88 -47 8 1
-69 -23 6 1
-69 -23 10 0
-65 -20 8 0
-63 -12 8 0
-61 -16 8 0
-87 -6 8 1
-55 -41 3 0
-59 -48 4 0
-63 -44 3 1
-92 -47 6 1
-93 -47 6 1
-90 -1 1 1
-93 -47 7 2
-93 -48 6 1
-93 -47 11 2
-93 -47 10 2
-93 -48 11 1
-93 -48 10 2
-93 -48 7 2
-88 -49 8 1
-92 -48 6 2
-92 -48 7 2
-94 -4 17 0
-96 -5 14 1
-96 -5 15 1
-96 -5 16 1
-86 -45 6 1
-95 -2 8 2
-66 -31 3 1
-70 -31 6 0
-71 -34 6 0
-68 -48 5 0
-69 -46 9 0
-69 -46 8 0
-63 -46 2 0
-63 -46 3 0
-62 -45 1 1
-62 -45 0 2
-62 -45 -1 1
-62 -46 0 1
-62 -46 -1 1
-62 -47 1 1
-62 -47 0 1
-62 -47 -1 1
-63 -45 1 1
-63 -45 0 1
-63 -45 -1 1
-64 -45 1 1
-64 -45 0 1
-64 -45 -1 1
-63 -46 8 0
-63 -46 7 0
-60 -49 4 0
-63 -49 6 0
-63 -48 6 0
-63 -49 4 0
-66 -48 3 0
-66 -46 4 0
-63 -42 3 1
-88 -14 6 1
-63 -42 4 1
-63 -44 4 1
-84 -34 2 1
-85 -33 -1 1
-85 -29 3 2
-84 -29 2 1
-84 -29 3 1
-83 -32 3 1
-62 -45 5 0
-58 -40 5 0
-60 -43 4 0
-62 -44 4 0
-59 -46 6 0
-60 -46 6 0
-84 -37 5 1
-84 -36 3 1
-84 -36 4 1
-62 -3 11 0
-57 -38 -1 1
-57 -38 0 1
-57 -38 1 1
-56 -40 -1 1
-56 -40 0 1
-56 -40 1 1
-90 -20 3 1
-98 -8 8 1
-98 -8 9 0
-81 -16 6 1
-81 -32 3 2
-81 -33 3 2
-92 -14 7 2
-77 -37 2 1
-77 -36 2 1
-77 -35 0 1
-77 -35 1 2
-76 -35 0 1
-76 -35 1 1
-75 -37 2 1
-75 -35 0 1
-75 -35 1 2
-94 -42 8 0
-53 -15 2 1
-92 -1 17 0
-82 -1 17 0
-82 -1 15 0
-83 -1 17 0
-57 -24 4 1
-58 -23 8 0
-57 -24 7 0
-56 -25 6 0
-57 -19 5 2
-57 -19 4 2
-58 -19 5 2
-58 -19 4 2
-59 -19 6 1
-56 -13 7 0
-56 -14 7 0
-56 -12 6 0
-56 -13 6 0
-54 -13 7 0
-53 -13 6 1
-53 -16 7 1
-52 -16 6 1
-53 -16 6 1
-58 -17 7 1
-59 -18 7 0
-59 -14 7 0
-59 -15 7 0
-55 -12 -1 1
-55 -11 -1 1
-54 -13 -1 1
-54 -11 -1 1
-53 -11 -1 1
-56 -13 0 2
-57 -14 -1 1
-57 -14 0 2
-75 -47 4 0
-75 -48 4 0
-86 -23 6 1
-86 -22 8 2
-86 -22 7 2
-86 -22 5 2
-86 -18 8 1
-76 -32 2 1
-60 -35 4 0
-61 -35 4 0
-61 -35 1 1
-61 -35 0 1
-95 -20 14 0
-95 -20 13 0
-94 -21 11 0
-94 -21 13 0
-94 -22 12 0
-70 -7 6 1
-70 -7 7 1
-95 -18 7 1
-71 -35 4 1
-71 -35 5 1
-72 -33 4 1
-72 -33 5 0
-73 -33 4 1
-73 -34 5 0
-73 -33 5 0
-73 -35 5 0
-70 -38 3 1
-62 -44 2 0
-62 -44 3 0
-61 -43 1 1
-61 -43 0 1
-61 -43 -1 1
-62 -43 1 1
-62 -43 0 1
-62 -43 -1 1
-63 -43 1 1
-63 -43 0 1
-63 -43 -1 1
-62 -44 8 0
-53 -6 6 0
-98 -39 10 0
-97 -14 9 1
-98 -13 8 1
-57 -39 5 0
-56 -40 6 0
-57 -40 6 0
-56 -40 5 0
-57 -40 5 0
-62 -40 5 0
-62 -39 5 0
-61 -39 4 0
-60 -38 4 0
-60 -37 4 0
-59 -37 4 0
-65 -47 3 0
-60 -40 3 0
-67 -47 3 0
-66 -50 3 0
-59 -40 3 0
-66 -49 3 0
-65 -49 3 0
-61 -38 5 0
-56 -34 4 0
-52 -30 6 0
-78 -1 -1 1
-63 -6 -1 1
-75 -2 5 2
-77 -2 -1 1
-77 -2 5 1
-76 -2 5 1
-76 -2 -1 1
-62 -6 -1 1
-61 -6 -1 1
-69 -31 6 0
-74 -1 5 1
-73 -1 5 1
-76 -2 6 1
-75 -2 6 1
-75 -1 6 1
-74 -3 5 1
-74 -3 6 1
-74 -2 6 1
-74 -1 6 1
-60 -6 -1 1
-63 -2 1 2
-63 -3 0 1
-63 -3 1 2
-73 -3 5 1
-63 -1 0 1
-63 -1 1 1
-62 -3 0 2
-62 -2 0 1
-70 -1 -1 1
-62 -2 2 1
-62 -1 1 1
-65 -4 -1 1
-61 -4 0 2
-61 -3 1 1
-60 -7 -1 1
-63 -5 -1 1
-61 -5 0 1
-61 -3 0 1
-63 -4 -1 1
-60 -5 -1 1
-98 -2 0 1
-61 -5 -1 1
-68 -3 3 1
-62 -4 -1 1
-62 -4 0 2
-60 -5 0 1
-62 -5 -1 1
-62 -3 -1 1
-61 -4 -1 1
-61 -3 -1 1
-63 -3 -1 1
-63 -2 -1 1
-62 -2 -1 1
-61 -2 -1 1
-99 -2 2 1
-99 -1 2 1
-85 -2 10 1
-85 -2 11 1
-76 -4 8 2
-76 -4 9 1
-76 -3 8 2
-76 -3 9 1
-75 -4 8 2
-75 -4 9 1
-75 -3 8 2
-75 -3 9 1
-52 -4 9 0
-52 -4 7 0
-74 -3 10 0
-54 -5 8 0
-54 -5 9 0
-87 -46 3 1
-84 -50 4 1
-84 -50 5 2
-84 -50 6 1
-86 -45 4 2
-69 -27 9 0
-87 -46 6 1
-83 -50 4 1
-83 -50 6 1
-90 -47 6 1
-90 -48 8 1
-90 -48 7 2
-82 -50 4 1
-82 -50 5 1
-82 -50 6 1
-82 -49 4 1
-82 -49 5 1
-56 -33 6 0
-56 -35 5 0
-57 -35 5 0
-56 -35 6 0
-57 -35 6 0
-59 -34 8 0
-58 -35 6 0
-77 -30 9 0
-77 -29 10 0
-78 -29 11 0
-78 -29 9 0
-81 -30 9 0
-79 -32 10 0
-79 -32 11 0
-79 -32 9 0
-74 -34 10 0
-51 -7 10 0
-53 -4 5 0
-62 -6 8 1
-62 -32 4 2
-63 -31 3 1
-63 -31 5 1
-68 -45 1 1
-68 -45 0 2
-96 -8 8 0
-93 -38 10 2
-56 -39 6 0
-88 -12 6 1
-96 -4 14 1
-91 -45 8 0
-90 -45 9 0
-68 -44 1 1
-91 -39 6 1
-74 -29 1 1
-65 -34 4 1
-84 -3 2 1
-83 -3 2 1
-88 -8 10 1
-88 -7 10 1
-84 -10 4 2
-84 -10 5 1
-51 -17 2 1
-84 -9 4 1
-70 -5 1 2
-52 -19 8 1
-83 -10 5 1
-83 -9 4 1
-76 -39 4 0
-86 -46 3 1
-67 -7 1 2
-86 -46 4 1
-72 -10 4 1
-86 -46 5 1
-69 -44 5 0
-83 -38 9 1
-83 -37 9 1
-82 -38 9 1
-82 -37 9 1
-87 -10 7 0
-98 -27 2 1
-99 -26 2 1
-99 -27 2 1
-100 -29 5 1
-100 -29 4 2
-100 -29 3 1
-99 -28 4 2
-97 -27 6 1
-97 -27 5 1
-97 -27 4 1
-99 -28 7 1
-99 -28 6 1
-99 -28 5 2
-100 -28 7 1
-100 -28 6 1
-99 -27 6 1
-100 -26 6 2
-100 -27 7 2
-100 -27 6 2
-98 -23 8 1
-98 -24 8 1
-98 -25 8 1
-99 -24 8 1
-99 -25 8 1
-100 -23 8 1
-100 -24 8 1
-100 -25 8 1
-100 -26 7 1
-98 -26 5 2
-98 -26 4 1
-98 -26 3 2
-99 -26 5 2
-99 -26 4 2
-91 -1 3 2
-54 -23 5 0
-72 -20 3 1
-73 -20 5 1
-73 -20 4 1
-92 -36 8 1
-95 -39 9 1
-94 -41 9 1
-95 -41 9 0
-94 -41 8 0
-55 -38 3 0
-55 -38 7 0
-54 -39 6 0
-54 -39 5 0
-55 -38 5 0
-57 -36 6 0
-57 -36 5 0
-56 -37 5 0
-55 -36 6 0
-55 -36 5 0
-62 -17 5 2
-62 -16 3 1
-62 -16 4 2
-62 -16 5 2
-61 -18 3 1
-61 -18 4 1
-61 -18 5 1
-61 -17 3 1
-61 -17 5 2
-61 -16 3 1
-61 -16 4 2
-61 -16 5 1
-60 -18 3 2
-60 -18 4 2
-60 -18 5 1
-72 -6 8 2
-71 -1 9 1
-71 -1 8 1
-69 -2 7 1
-69 -2 6 1
-70 -2 7 1
-70 -2 6 1
-83 -2 7 1
-84 -2 7 1
-71 -7 9 1
-71 -7 8 1
-72 -7 9 1
-72 -7 8 1
-60 -9 9 0
-60 -9 8 0
-64 -16 9 0
-96 -38 0 1
-96 -38 1 1
-97 -37 3 0
-98 -37 3 0
-99 -39 3 0
-95 -11 10 0
-93 -13 11 0
-64 -23 6 1
-62 -23 7 0
-62 -23 6 1
-61 -14 1 2
-61 -14 2 1
-61 -13 1 2
-93 -20 13 0
-60 -25 6 1
-93 -20 12 0
-94 -20 12 0
-56 -26 4 0
-56 -26 5 0
-54 -25 4 0
-54 -26 4 0
-54 -25 5 0
-79 -11 10 2
-79 -11 9 1
-79 -12 11 1
-79 -12 10 1
-79 -12 9 1
-78 -11 10 2
-79 -11 8 1
-71 -33 1 1
-71 -33 2 2
-71 -33 3 1
-70 -34 5 1
-70 -32 5 1
-70 -32 4 2
-74 -4 3 1
-74 -4 2 1
-71 -3 -1 1
-71 -4 -1 1
-71 -5 -1 1
-71 -7 0 1
-71 -7 4 1
-71 -7 1 1
-74 -3 0 1
-74 -4 0 1
-74 -5 0 1
-74 -3 1 2
-74 -4 1 1
-74 -5 2 1
-57 -24 6 1
-57 -25 5 1
-57 -25 4 1
-57 -26 6 1
-57 -26 5 1
-57 -26 4 1
-57 -27 6 1
-58 -25 5 2
-58 -25 4 2
-71 -1 2 1
-71 -1 1 1
-71 -1 0 2
-71 -2 1 1
-71 -2 0 2
-67 -1 1 1
-67 -1 0 1
-59 -20 5 1
-59 -21 5 2
-58 -21 7 0
-56 -23 7 0
-56 -23 6 1
-53 -8 10 0
-58 -23 5 2
-58 -23 4 1
-68 -3 -1 1
-59 -12 10 0
-89 -14 9 1
-89 -14 7 1
-95 -3 17 0
-94 -6 16 1
-94 -6 17 0
-87 -6 3 1
-87 -6 2 1
-88 -5 3 1
-74 -37 5 1
-88 -6 3 2
-70 -8 1 1
-74 -36 5 1
-72 -34 7 0
-72 -34 8 0
-57 -4 4 0
-73 -33 7 0
-79 -45 4 0
-79 -45 5 0
-79 -45 8 0
-79 -43 7 0
-79 -43 6 0
-78 -43 6 1
-78 -43 7 0
-97 -1 8 1
-97 -3 11 1
-97 -3 12 1
-94 -43 5 0
-73 -36 9 0
-72 -36 8 1
-97 -23 5 1
-96 -23 6 1
-98 -23 7 1
-98 -23 6 1
-98 -23 5 1
-99 -21 6 1
-99 -21 5 1
-99 -22 7 1
-99 -22 5 1
-99 -23 7 1
-99 -23 6 2
-99 -23 5 1
-100 -21 7 1
-100 -21 6 1
-100 -21 5 1
-100 -22 7 1
-100 -22 6 1
-100 -22 5 1
-100 -23 7 1
-100 -23 6 1
-100 -23 5 2
-99 -22 6 2
-97 -23 6 1
-84 -42 11 1
-84 -41 11 1
-83 -42 10 1
-90 -6 5 1
-83 -41 10 1
-97 -2 7 1
-89 -6 4 1
-89 -6 5 1
-89 -5 4 1
-89 -5 5 1
-95 -2 7 1
-77 -6 7 2
-97 -37 6 0
-77 -5 7 1
-100 -40 6 1
-95 -39 8 1
-95 -39 7 1
-95 -40 8 1
-95 -40 7 1
-95 -40 6 1
-92 -40 4 0
-91 -39 5 1
-92 -42 4 1
-89 -41 8 1
-68 -4 8 0
-68 -4 9 0
-68 -3 8 0
-68 -3 9 0
-67 -4 8 0
-67 -4 9 0
-67 -3 8 0
-67 -3 9 0
-90 -43 6 1
-91 -41 8 2
-91 -42 8 2
-80 -2 11 1
-62 -6 6 2
-62 -6 7 2
-62 -5 6 1
-62 -5 7 1
-73 -25 8 0
-78 -6 11 1
-78 -5 10 2
-78 -5 11 1
-77 -6 10 1
-77 -6 11 2
-77 -5 10 2
-77 -5 11 1
-86 -2 6 2
-80 -7 8 1
-80 -7 9 1
-85 -2 7 2
-58 -8 8 0
-63 -45 5 0
-63 -45 6 0
-64 -44 7 0
-64 -44 4 1
-64 -44 3 1
-57 -8 7 0
-67 -24 9 0
-69 -22 6 1
-56 -8 7 0
-83 -49 9 0
-85 -48 9 0
-88 -49 9 1
-87 -49 6 1
-88 -48 6 1
-61 -3 2 1
-78 -37 6 0
-76 -39 2 1
-76 -39 1 1
-76 -40 1 1
-98 -36 7 1
-98 -34 6 1
-95 -16 10 0
-76 -45 8 0
-94 -17 10 0
-95 -16 9 1
-99 -18 7 1
-99 -18 8 2
-99 -18 9 1
-95 -16 7 1
-95 -16 8 1
-66 -47 3 0
-66 -48 6 0
-66 -49 5 0
-65 -22 3 1
-66 -47 4 0
-66 -48 4 0
-66 -49 4 0
-64 -49 6 0
-76 -33 6 0
-52 -33 3 0
-58 -44 1 0
-58 -44 5 0
-81 -45 12 0
-84 -6 4 1
-87 -1 15 2
-66 -6 8 1
-75 -33 9 0
-71 -33 9 0
-73 -32 6 0
-71 -33 8 0
-73 -34 9 0
-73 -31 10 0
-92 -2 2 1
-83 -6 8 1
-94 -1 1 1
-94 -2 1 1
-94 -3 1 1
-51 -23 6 0
-52 -24 6 0
-51 -23 5 0
-55 -26 4 0
-55 -27 5 0
-64 -14 8 0
-62 -16 8 0
-87 -28 9 0
-88 -27 10 0
-62 -14 6 1
-86 -26 9 0
-88 -28 9 0
-82 -4 9 1
-82 -4 8 1
-83 -5 2 1
-73 -7 8 1
-56 -12 7 0
-93 -39 10 2
-95 -26 5 1
-94 -38 10 1
-94 -39 10 2
-91 -50 7 1
-91 -50 6 1
-92 -49 7 2
-92 -49 6 1
-92 -50 7 1
-93 -39 9 1
-93 -40 9 1
-94 -38 9 1
-62 -11 2 2
-95 -16 11 0
-100 -19 7 1
-54 -1 9 0
-100 -19 8 1
-100 -19 9 1
-100 -18 7 1
-100 -18 8 1
-100 -18 9 1
-85 -10 4 1
-98 -16 6 1
-98 -15 6 1
-97 -16 6 1
-97 -15 6 1
-87 -3 8 1
-96 -16 6 1
-96 -15 6 1
-71 -34 9 0
-71 -31 10 0
-61 -43 6 0
-71 -32 10 0
-56 -3 2 0
-61 -43 5 0
-56 -3 3 0
-99 -13 8 1
-99 -13 9 0
-99 -11 8 1
-99 -11 10 0
-69 -40 2 1
-99 -36 10 1
-99 -36 9 1
-99 -37 10 2
-99 -37 9 2
-52 -8 1 1
-52 -8 -1 1
-52 -9 1 2
-52 -9 0 2
-52 -9 -1 1
-90 -2 4 1
-90 -2 3 1
-75 -33 11 0
-72 -34 1 1
-53 -12 4 1
-72 -35 2 1
-72 -35 1 1
-72 -35 0 1
-54 -12 4 1
-73 -35 6 0
-70 -36 2 1
-70 -37 2 1
-70 -38 2 1
-84 -30 7 1
-83 -30 6 1
-83 -30 7 1
-82 -30 6 1
-82 -30 7 1
-82 -28 5 1
-89 -35 3 1
-81 -33 2 1
-85 -33 1 1
-81 -17 3 2
-95 -12 13 0
-84 -32 1 1
-80 -34 2 1
-80 -34 3 1
-80 -34 4 2
-81 -29 2 1
-81 -29 3 1
-81 -29 4 1
-86 -34 7 1
-85 -34 7 1
-85 -33 7 1
-85 -32 7 1
-84 -34 7 1
-84 -33 7 1
-84 -32 7 1
-84 -34 -1 1
-86 -37 6 1
-85 -37 6 1
-84 -37 6 1
-83 -37 5 1
-83 -38 5 1
-82 -36 5 1
-82 -36 6 2
-81 -37 5 1
-83 -36 7 1
-83 -35 7 1
-82 -36 7 1
-82 -35 7 1
-77 -17 4 1
-81 -36 6 2
-81 -36 7 2
-81 -35 7 1
-81 -34 7 1
-83 -34 0 2
-84 -35 -1 1
-83 -35 -1 1
-80 -14 2 1
-83 -35 1 1
-78 -13 6 1
-76 -13 6 2
-77 -16 6 1
-77 -15 7 2
-77 -15 5 2
-78 -16 7 2
-78 -17 7 1
-86 -43 4 1
-76 -2 10 0
-67 -40 0 1
-67 -40 -1 1
-66 -38 4 2
-66 -39 4 1
-66 -40 4 1
-67 -38 4 1
-67 -39 4 1
-88 -10 10 0
-85 -9 9 1
-85 -9 8 1
-85 -10 9 1
-85 -10 8 1
-86 -46 7 1
-84 -48 6 1
-86 -25 12 0
-84 -48 4 1
-87 -25 13 0
-86 -25 11 0
-87 -24 12 0
-87 -24 13 0
-87 -24 11 0
-90 -25 13 0
-90 -27 12 0
-63 -5 8 1
-63 -6 9 1
-53 -2 0 2
-53 -1 -2 1
-53 -1 -1 1
-52 -1 -2 1
-52 -1 -1 1
-51 -1 -2 1
-51 -1 -1 1
-80 -39 4 1
-77 -42 2 1
-77 -42 1 1
-78 -42 2 1
-78 -42 1 1
-79 -42 3 1
-79 -42 2 1
-79 -42 1 1
-80 -41 4 1
-79 -42 4 1
-76 -41 3 2
-76 -42 3 1
-76 -43 3 1
-54 -2 -3 1
-57 -2 1 1
-99 -13 11 0
-99 -13 12 0
-100 -13 12 0
-100 -17 11 0
-100 -16 12 0
-100 -17 10 0
-99 -16 11 0
-99 -16 12 0
-99 -16 10 0
-100 -15 12 0
-100 -15 13 0
-61 -34 3 0
-61 -34 4 0
-86 -44 5 1
-59 -12 7 0
-59 -12 6 0
-66 -19 11 0
-64 -21 9 0
-79 -37 9 0
-98 -45 11 1
-97 -46 10 1
-97 -46 11 1
-97 -45 10 1
-97 -45 11 1
-63 -6 5 1
-62 -8 5 1
-62 -7 5 2
-61 -8 5 1
-61 -7 5 1
-60 -5 7 0
-98 -11 4 1
-98 -11 5 1
-98 -10 3 1
-98 -10 4 1
-98 -10 5 1
-98 -9 3 1
-98 -9 4 1
-98 -9 5 1
-100 -9 2 1
-99 -9 2 1
-98 -11 2 1
-98 -10 2 1
-98 -9 2 1
-96 -40 9 0
-93 -15 8 1
-64 -40 -1 1
-64 -41 0 1
-64 -41 -1 1
-65 -39 1 1
-65 -39 0 1
-65 -39 -1 1
-66 -39 0 1
-67 -37 1 1
-68 -37 1 1
-65 -39 2 1
-64 -38 3 0
-64 -38 2 0
-63 -40 3 1
-64 -40 3 1
-89 -8 4 1
-54 -1 7 0
-51 -9 0 2
-51 -9 1 1
-51 -8 -1 1
-51 -8 0 2
-51 -10 -1 1
-51 -10 0 2
-51 -10 1 2
-79 -35 5 1
-78 -35 5 1
-79 -35 6 1
-78 -35 6 0
-79 -36 3 1
-79 -36 4 1
-79 -36 5 1
-79 -35 3 1
-79 -35 4 1
-79 -34 3 1
-79 -34 4 2
-79 -32 5 1
-80 -33 6 0
-79 -32 6 0
-79 -33 5 1
-82 -9 7 1
-86 -38 4 1
-86 -38 5 1
-86 -38 6 1
-85 -38 4 1
-85 -38 5 1
-85 -38 6 1
-84 -38 4 1
-84 -38 5 1
-84 -38 6 1
-82 -38 5 1
-82 -39 5 1
-83 -38 6 1
-83 -38 7 1
-82 -38 6 2
-82 -38 7 2
-81 -38 5 1
-81 -38 6 2
-81 -38 7 1
-83 -38 3 1
-83 -38 4 1
-82 -38 3 1
-82 -38 4 1
-79 -38 5 0
-62 -26 4 1
-62 -26 5 2
-62 -26 6 1
-83 -40 4 1
-81 -41 10 0
-82 -41 2 1
-82 -41 3 1
-82 -41 4 1
-82 -40 2 1
-82 -40 3 1
-82 -40 4 1
-80 -42 2 1
-80 -42 3 1
-81 -41 5 0
-80 -4 9 2
-80 -4 8 2
-62 -28 6 2
-60 -8 8 1
-58 -8 6 0
-64 -24 6 1
-64 -24 8 0
-62 -28 7 1
-69 -34 3 1
-69 -34 4 1
-69 -34 5 1
-68 -34 3 1
-68 -34 4 2
-68 -34 5 2
-68 -33 3 1
-68 -33 5 2
-68 -32 3 1
-68 -32 4 1
-68 -32 5 1
-67 -34 3 1
-99 -17 13 0
-67 -34 4 1
-67 -34 5 1
-67 -33 3 1
-67 -33 4 1
-67 -33 5 2
-67 -32 3 1
-67 -32 4 2
-85 -5 4 1
-85 -5 2 1
-85 -5 3 1
-99 -37 5 1
-71 -39 9 1
-71 -39 10 1
-71 -38 9 1
-71 -38 10 1
-66 -25 5 1
-66 -26 7 1
-67 -25 7 1
-68 -25 7 1
-65 -26 7 0
-65 -27 7 0
-64 -26 7 0
-63 -28 7 1
-77 -1 6 1
-96 -43 5 0
-98 -42 5 0
-97 -8 8 0
-97 -9 6 1
-51 -37 6 0
-51 -36 6 0
-52 -39 5 0
-52 -39 6 0
-52 -39 4 0
-51 -38 5 0
-51 -38 6 0
-69 -1 10 0
-80 -14 3 1
-84 -17 5 1
-84 -17 6 1
-84 -17 7 1
-84 -16 5 1
-84 -16 6 1
-84 -16 7 1
-83 -18 5 2
-83 -18 6 2
-84 -18 8 1
-84 -17 8 1
-84 -16 8 1
-84 -20 6 1
-82 -8 8 1
-91 -43 3 0
-54 -10 9 0
-54 -10 8 0
-79 -5 12 1
-66 -18 7 0
-76 -30 2 1
-64 -20 9 0
-65 -19 9 0
-66 -20 10 0
-88 -21 4 1
-88 -22 4 1
-88 -23 4 1
-88 -21 9 1
-88 -21 8 1
-88 -22 9 1
-88 -23 9 1
-88 -21 7 1
-88 -21 6 1
-88 -21 5 1
-89 -48 8 1
-89 -47 6 1
-89 -47 7 2
-89 -47 8 1
-89 -46 8 1
-82 -1 16 0
-84 -4 4 1
-84 -4 5 0
-63 -37 1 1
-63 -37 0 2
-63 -37 -1 1
-64 -37 0 1
-64 -37 -1 1
-65 -37 0 1
-64 -38 4 0
-54 -34 0 1
-54 -34 -1 1
-53 -8 4 1
-56 -9 5 0
-55 -10 4 1
-56 -9 4 1
-51 -14 7 0
-53 -12 9 0
-52 -11 4 2
-83 -33 0 1
-83 -33 1 1
-83 -32 1 1
-91 -30 2 1
-91 -30 3 1
-90 -30 3 1
-73 -50 0 1
-73 -50 -1 1
-53 -8 9 0
-72 -9 5 1
-72 -8 5 1
-100 -33 4 1
-98 -39 3 0
-76 -8 8 2
-73 -3 11 0
-72 -6 11 0
-69 -7 9 0
-69 -7 8 0
-67 -6 9 0
-67 -6 8 0
-69 -3 11 0
-69 -3 12 0
-69 -3 13 0
-69 -3 5 1
-72 -47 7 0
-96 -1 7 1
-51 -5 5 0
-78 -41 9 0
-78 -41 5 1
-57 -7 9 0
-57 -7 8 0
-58 -7 9 0
-80 -40 7 0
-58 -8 9 0
-72 -29 10 0
-72 -31 9 0
-74 -29 9 0
-80 -40 8 0
-51 -25 2 0
-51 -25 3 0
-84 -33 0 1
-64 -42 4 1
-99 -25 7 1
-100 -12 4 1
-100 -11 4 2
-100 -10 4 1
-99 -12 4 1
-67 -6 11 0
-67 -7 3 1
-89 -30 8 1
-91 -23 5 1
-91 -24 7 1
-91 -24 6 1
-84 -37 2 1
-85 -37 2 1
-86 -37 2 1
-53 -32 0 1
-52 -32 0 2
-54 -30 3 0
-54 -30 2 0
-55 -29 2 0
-56 -32 3 0
-55 -32 2 0
-56 -32 2 0
-52 -32 7 0
-53 -31 -1 1
-53 -31 0 2
-53 -31 1 1
-52 -31 -1 1
-52 -31 0 1
-94 -18 8 2
-94 -18 9 1
-57 -16 4 1
-57 -16 5 1
-57 -15 4 1
-57 -15 5 1
-56 -17 5 2
-56 -16 5 2
-56 -15 5 2
-55 -17 5 2
-57 -18 4 2
-59 -17 7 0
-59 -16 7 0
-60 -14 5 1
-59 -14 5 1
-58 -16 5 1
-58 -15 5 1
-61 -18 7 0
-62 -17 7 0
-63 -19 3 1
-63 -19 4 1
-63 -18 3 1
-63 -18 5 1
-63 -17 3 1
-63 -17 5 1
-62 -19 3 1
-62 -19 4 2
-61 -19 3 1
-61 -19 4 2
-65 -21 3 1
-65 -21 4 2
-65 -20 3 1
-65 -20 4 2
-97 -21 10 0
-94 -18 10 0
-93 -19 10 0
-95 -18 10 0
-64 -20 3 1
-64 -19 3 2
-64 -19 4 1
-87 -15 3 1
-63 -21 4 1
-63 -20 3 1
-63 -20 4 2
-62 -20 4 2
-59 -20 7 0
-59 -20 8 0
-59 -20 9 0
-59 -20 3 1
-59 -20 2 1
-88 -16 4 1
-86 -33 -1 1
-86 -33 0 1
-85 -34 1 1
-84 -32 4 1
-84 -33 4 1
-85 -32 4 1
-85 -33 4 1
-91 -31 3 1
-91 -31 2 1
-91 -32 2 1
-87 -22 9 1
-87 -29 0 2
-87 -20 9 1
-86 -22 9 1
-90 -24 8 1
-89 -27 6 0
-88 -27 8 0
-89 -27 5 1
-89 -32 2 1
-86 -28 5 1
-87 -25 3 1
-83 -32 2 1
-87 -24 4 1
-87 -23 3 1
-87 -23 4 2
-94 -18 11 0
-97 -20 10 0
-96 -17 10 0
-85 -25 3 2
-95 -17 7 1
-95 -17 8 1
-95 -17 9 1
-76 -10 4 1
-85 -19 4 1
-85 -25 2 1
-79 -16 6 1
-87 -25 2 1
-77 -9 5 1
-77 -10 4 1
-78 -10 4 1
-87 -23 9 1
-86 -23 9 1
-90 -25 6 1
-90 -25 8 0
-89 -26 5 1
-89 -26 6 1
-89 -26 7 1
-87 -26 7 1
-88 -27 6 0
-88 -27 7 0
-89 -27 8 0
-88 -27 5 1
-86 -29 6 1
-84 -27 8 1
-98 -37 5 0
-98 -37 6 0
-78 -2 7 1
-79 -38 7 0
-79 -38 8 0
-77 -38 9 0
-77 -38 5 0
-99 -12 3 1
-99 -11 3 1
-99 -10 3 2
-65 -5 7 2
-67 -41 -1 1
-67 -41 0 1
-66 -43 -1 1
-66 -43 0 1
-66 -42 -1 1
-63 -17 9 0
-63 -17 10 0
-91 -49 7 2
-86 -49 10 0
-67 -18 10 0
-91 -49 6 2
-68 -18 9 0
-67 -19 8 0
-65 -14 9 0
-63 -14 7 0
-63 -14 6 1
-68 -18 10 0
-68 -18 8 0
-67 -20 11 0
-67 -20 8 0
-67 -20 7 0
-66 -16 8 0
-66 -19 10 0
-95 -22 11 0
-95 -22 13 0
-95 -22 12 0
-97 -21 13 0
-97 -22 12 0
-97 -20 13 0
-95 -18 13 0
-55 -12 2 2
-55 -12 3 1
-55 -11 2 2
-55 -11 3 2
-55 -13 4 1
-55 -12 4 1
-55 -11 4 1
-79 -15 5 1
-95 -1 11 1
-55 -20 9 0
-56 -19 8 0
-95 -2 11 2
-95 -2 10 2
-69 -22 8 0
-53 -23 7 0
-66 -30 4 1
-66 -30 5 1
-68 -29 5 1
-56 -19 7 1
-56 -20 7 1
-57 -19 7 1
-53 -22 7 1
-67 -33 6 2
-67 -32 6 1
-67 -31 4 1
-68 -30 5 0
-68 -30 6 0
-69 -30 5 0
-69 -30 6 0
-53 -22 3 1
-57 -14 1 2
-57 -13 -1 1
-57 -13 0 2
-57 -13 1 2
-57 -12 -1 1
-57 -12 0 2
-57 -12 1 1
-56 -14 -1 1
-56 -14 0 2
-56 -14 1 1
-56 -13 -1 1
-56 -13 1 2
-56 -12 -1 1
-56 -12 0 2
-56 -12 1 2
-58 -16 -1 1
-58 -16 0 1
-58 -16 1 1
-58 -15 -1 1
-58 -15 0 1
-58 -14 -1 1
-58 -14 0 2
-57 -16 -1 1
-57 -15 -1 1
-56 -16 -1 1
-56 -15 -1 1
-55 -16 5 2
-55 -15 5 2
-55 -14 5 1
-62 -13 1 1
-69 -2 1 2
-69 -3 1 1
-57 -17 -1 1
-56 -17 -1 1
-55 -17 -1 1
-55 -18 -1 1
-54 -18 -1 1
-78 -2 3 1
-79 -3 6 1
-75 -5 10 1
-91 -1 8 2
-97 -1 2 1
-66 -5 7 1
-56 -4 7 0
-62 -3 4 2
-88 -45 9 1
-87 -45 9 1
-86 -44 9 2
-86 -43 9 2
-86 -42 7 1
-86 -42 8 1
-86 -42 9 1
-86 -44 10 1
-56 -12 2 2
-57 -13 2 2
-57 -13 3 2
-57 -12 2 1
-57 -12 3 1
-57 -11 1 1
-57 -11 2 1
-57 -11 3 1
-56 -13 2 2
-82 -12 4 1
-93 -28 5 1
-93 -29 4 1
-56 -11 2 2
-92 -28 4 2
-56 -14 2 1
-90 -6 8 1
-94 -15 8 1
-93 -2 11 2
-93 -2 12 2
-93 -1 10 2
-93 -1 11 2
-85 -1 3 1
-85 -1 4 2
-88 -16 2 1
-85 -1 5 2
-93 -16 9 0
-96 -1 13 1
-81 -40 4 1
-81 -40 2 1
-61 -2 3 1
-84 -12 5 1
-91 -14 9 0
-90 -14 9 1
-93 -27 3 1
-93 -27 4 1
-85 -31 0 1
-85 -31 1 1
-85 -30 1 1
-87 -10 6 0
-88 -9 7 0
-90 -26 6 1
-91 -26 6 1
-90 -26 8 0
-90 -26 5 1
-90 -29 6 2
-92 -16 1 1
-89 -28 7 1
-89 -29 5 1
-87 -28 6 1
-87 -29 6 1
-87 -30 6 2
-87 -28 7 1
-87 -29 8 1
-89 -31 5 2
-82 -28 6 1
-82 -27 6 1
-82 -26 6 1
-85 -28 3 1
-85 -27 3 1
-84 -24 3 2
-84 -25 2 1
-84 -25 3 1
-84 -24 2 1
-83 -25 2 1
-83 -25 3 1
-91 -30 4 1
-89 -27 3 2
-89 -27 4 1
-89 -26 3 2
-89 -25 3 1
-92 -27 5 2
-93 -28 6 1
-93 -27 5 1
-93 -27 6 1
-93 -26 6 1
-92 -28 6 1
-92 -27 6 1
-92 -26 6 1
-88 -30 6 1
-91 -28 6 2
-91 -16 1 1
-87 -29 4 1
-86 -29 4 2
-88 -29 7 1
-87 -31 5 1
-87 -31 6 2
-87 -31 7 1
-84 -49 9 0
-87 -30 7 2
-87 -50 4 1
-87 -49 4 1
-87 -49 5 1
-87 -29 7 1
-88 -18 4 1
-86 -31 5 2
-86 -31 6 1
-86 -31 7 1
-86 -30 5 1
-86 -30 6 1
-86 -30 7 1
-73 -11 5 1
-76 -16 4 1
-77 -10 3 2
-76 -11 2 1
-76 -11 3 1
-78 -18 4 1
-90 -23 4 1
-52 -6 2 0
-72 -7 5 1
-71 -9 5 1
-71 -8 5 1
-97 -47 6 1
-97 -47 7 1
-76 -3 5 1
-73 -1 4 1
-98 -8 7 1
-79 -1 1 1
-79 -1 0 1
-76 -1 -1 1
-60 -48 3 0
-60 -48 1 0
-60 -47 2 0
-60 -47 3 0
-60 -47 1 0
-61 -47 2 0
-61 -46 2 0
-61 -47 3 0
-61 -46 1 1
-63 -47 2 0
-63 -47 3 0
-63 -47 1 1
-63 -48 2 0
-63 -48 3 0
-63 -48 1 1
-63 -50 3 0
-63 -50 1 0
-61 -49 2 0
-61 -50 1 0
-60 -50 3 0
-61 -48 4 0
-61 -48 0 0
-58 -33 6 0
-99 -17 8 2
-61 -11 5 0
-64 -8 9 0
-60 -9 6 0
-60 -9 7 0
-65 -4 3 1
-64 -4 3 1
-65 -8 7 0
-68 -10 5 1
-68 -10 6 2
-68 -10 7 1
-68 -9 7 1
-67 -10 5 1
-67 -10 6 1
-61 -6 5 1
-60 -6 4 1
-60 -6 5 1
-59 -5 4 1
-58 -5 4 0
-60 -4 -1 1
-60 -4 0 1
-60 -3 -1 1
-60 -3 0 2
-60 -2 -1 1
-59 -2 -1 1
-67 -12 5 1
-64 -13 6 0
-64 -12 7 0
-64 -13 7 0
-64 -13 5 1
-62 -11 6 0
-91 -27 6 1
-90 -27 6 1
-90 -24 4 1
-90 -25 4 1
-90 -26 4 1
-91 -23 7 1
-91 -23 6 1
-95 -47 9 2
-95 -47 8 1
-95 -48 9 1
-95 -48 8 1
-96 -47 9 1
-96 -47 8 1
-90 -16 9 1
-84 -34 3 1
-78 -50 4 1
-88 -26 12 0
-99 -31 3 1
-99 -31 2 1
-99 -32 4 1
-99 -32 3 1
-99 -32 2 1
-100 -31 2 1
-100 -32 2 1
-100 -31 3 2
-100 -29 7 1
-100 -30 7 1
-58 -29 3 1
-87 -25 5 1
-87 -23 6 2
-87 -23 5 2
-85 -21 10 1
-87 -24 5 1
-87 -24 6 1
-98 -29 6 1
-98 -30 6 1
-98 -30 5 1
-98 -31 6 1
-98 -31 5 1
-98 -31 4 1
-99 -29 6 2
-99 -30 6 1
-99 -31 6 1
-99 -31 5 1
-99 -31 4 1
-100 -29 6 1
-100 -30 6 2
-100 -30 5 2
-99 -30 5 2
-98 -28 8 1
-98 -28 7 1
-99 -27 8 1
-99 -28 8 1
-100 -27 8 1
-100 -28 8 1
-90 -31 9 1
-90 -30 9 1
-90 -29 8 1
-90 -29 9 1
-99 -29 2 1
-99 -30 4 1
-99 -30 3 1
-99 -30 2 1
-100 -29 2 1
-100 -30 4 2
-100 -30 3 1
-100 -30 2 1
-99 -25 1 1
-99 -26 1 1
-99 -27 1 1
-100 -25 1 1
-100 -26 1 1
-100 -27 1 1
-98 -28 2 1
-99 -28 2 1
-100 -27 2 1
-100 -28 2 1
-100 -26 2 2
-97 -24 2 1
-98 -28 6 1
-97 -26 8 1
-98 -26 8 1
-97 -25 2 1
-97 -26 2 1
-97 -27 3 1
-97 -27 2 1
-98 -26 2 1
-51 -6 7 0
-51 -5 7 0
-100 -2 4 1
-76 -46 6 0
-74 -47 6 0
-55 -2 2 0
-56 -3 4 0
-56 -1 4 1
-56 -1 3 1
-75 -47 5 0
-87 -45 10 1
-94 -6 13 1
-94 -5 13 1
-94 -4 13 2
-93 -6 13 1
-93 -5 13 2
-93 -4 13 1
-92 -6 13 1
-92 -5 13 1
-92 -4 13 1
-96 -4 13 1
-95 -4 13 2
-98 -5 14 0
-97 -6 14 0
-96 -7 14 0
-95 -6 14 0
-85 -8 3 2
-78 -7 5 1
-76 -8 4 1
-76 -8 3 1
-84 -12 6 1
-84 -12 7 1
-84 -11 7 1
-65 -14 8 0
-83 -12 7 1
-83 -18 2 1
-83 -10 6 1
-90 -24 3 1
-88 -3 18 0
-72 -9 6 1
-71 -11 6 1
-71 -10 6 1
-71 -9 6 1
-70 -11 6 1
-70 -10 6 1
-70 -9 6 1
-75 -8 5 1
-73 -44 7 0
-71 -42 5 1
-71 -43 5 0
-72 -42 6 0
-71 -43 7 0
-71 -42 4 1
-70 -42 4 1
-70 -42 5 1
-66 -39 2 1
-66 -22 8 0
-62 -15 7 0
-80 -2 8 2
-71 -8 6 1
-100 -36 11 1
-77 -4 7 2
-68 -19 8 0
-91 -24 3 1
-93 -28 3 1
-93 -28 4 1
-92 -28 3 2
-93 -27 2 1
-61 -5 6 1
-66 -5 5 0
-59 -7 5 0
-62 -5 11 0
-86 -27 0 1
-86 -27 -1 1
-94 -36 7 1
-100 -36 2 1
-84 -18 9 1
-84 -17 9 1
-84 -16 9 1
-84 -17 4 1
-84 -16 4 1
-85 -17 5 1
-85 -17 6 1
-85 -17 7 1
-85 -17 8 1
-69 -22 3 1
-71 -22 3 1
-70 -21 3 1
-70 -22 4 2
-69 -21 3 1
-71 -21 3 1
-76 -10 7 2
-68 -6 7 1
-73 -5 6 2
-73 -6 6 1
-73 -7 6 1
-95 -14 11 0
-96 -37 7 0
-58 -2 6 0
-90 -47 8 1
-90 -46 8 1
-89 -48 6 1
-89 -48 7 1
-90 -44 10 1
-88 -46 8 1
-58 -5 8 0
-88 -1 13 1
-53 -34 6 0
-67 -46 7 0
-69 -47 7 0
-71 -42 -1 1
-72 -40 1 1
-72 -40 0 1
-72 -40 -1 1
-72 -43 4 0
-98 -39 2 1
-76 -29 9 0
-75 -30 10 0
-95 -7 13 0
-95 -7 14 0
-96 -7 13 0
-96 -6 13 0
-98 -7 13 0
-86 -37 5 1
-85 -37 4 1
-98 -5 13 0
-98 -4 13 0
-86 -32 8 1
-53 -8 7 0
-87 -31 8 1
-87 -32 8 1
-78 -32 4 2
-94 -16 10 0
-76 -7 12 1
-76 -6 12 1
-84 -1 12 1
-81 -31 6 1
-82 -33 1 1
-82 -33 -1 1
-82 -34 1 1
-82 -34 0 1
-82 -34 -1 1
-82 -35 1 1
-82 -35 0 1
-82 -35 -1 1
-83 -33 -1 1
-83 -34 -1 1
-80 -27 9 2
-83 -35 0 1
-80 -26 8 1
-80 -26 9 1
-80 -26 10 1
-80 -25 8 1
-75 -4 10 0
-80 -25 10 1
-74 -4 10 0
-82 -34 7 1
-75 -2 10 0
-83 -32 8 1
-73 -4 10 0
-82 -30 10 0
-76 -4 12 1
-76 -3 11 1
-66 -17 8 0
-67 -17 9 0
-67 -17 10 0
-67 -17 8 0
-96 -46 6 1
-89 -46 10 0
-92 -48 8 2
-92 -48 9 1
-92 -47 8 1
-92 -47 9 1
-91 -48 9 1
-91 -47 9 1
-92 -46 12 1
-58 -2 0 1
-62 -37 4 0
-62 -36 4 0
-97 -2 1 1
-77 -7 8 2
-100 -3 3 1
-83 -44 8 0
-85 -48 7 0
-83 -47 8 0
-85 -11 7 2
-84 -43 6 1
-84 -43 5 1
-84 -43 4 1
-73 -31 9 0
-95 -13 9 0
-85 -3 16 1
-75 -4 4 1
-84 -3 15 1
-96 -2 11 2
-96 -1 9 1
-96 -1 10 1
-87 -23 2 1
-85 -23 2 1
-54 -4 5 0
-64 -23 4 1
-63 -23 2 1
-63 -23 3 1
-62 -25 2 1
-62 -25 3 1
-62 -24 2 1
-62 -24 3 1
-62 -23 2 1
-62 -23 3 2
-73 -39 3 1
-73 -39 4 1
-73 -39 2 1
-72 -39 2 1
-73 -40 3 2
-73 -40 4 1
-72 -40 4 1
-72 -39 4 2
-79 -7 5 1
-92 -10 6 1
-92 -11 8 1
-84 -3 7 1
-90 -2 2 1
-78 -2 6 1
-96 -1 4 1
-96 -1 5 1
-98 -10 8 1
-99 -12 9 0
-99 -12 8 1
-97 -12 11 0
-98 -13 6 1
-98 -13 7 2
-95 -38 8 1
-94 -40 8 1
-94 -39 8 2
-94 -38 8 1
-93 -40 8 1
-93 -39 8 2
-93 -38 8 2
-88 -2 3 1
-94 -42 6 0
-87 -1 3 1
-95 -42 4 0
-88 -1 4 2
-94 -44 5 0
-94 -43 6 0
-94 -44 4 0
-82 -1 10 0
-60 -16 9 0
-63 -6 10 0
-62 -7 11 0
-62 -7 10 0
-51 -4 7 0
-51 -5 8 0
-73 -45 2 1
-52 -38 3 0
-52 -38 4 0
-52 -38 2 0
-53 -37 3 0
-52 -37 3 0
-71 -27 8 0
-72 -28 5 1
-73 -28 3 1
-73 -29 3 1
-73 -30 5 1
-70 -4 1 1
-74 -28 5 1
-93 -45 11 1
-93 -45 10 1
-94 -45 11 1
-94 -45 10 2
-95 -45 11 1
-95 -45 10 2
-95 -45 9 1
-53 -7 6 0
-53 -7 4 1
-53 -7 5 0
-93 -45 8 0
-92 -44 8 0
-91 -42 11 1
-92 -42 11 1
-93 -42 11 1
-89 -41 10 1
-56 -3 0 2
-56 -3 -1 1
-56 -4 1 1
-84 -7 3 2
-65 -37 1 1
-65 -38 1 1
-84 -6 3 1
-84 -5 3 2
-83 -7 3 1
-82 -7 3 1
-95 -3 9 1
-54 -17 5 2
-69 -23 11 0
-85 -21 5 1
-83 -23 5 2
-83 -23 6 2
-83 -23 7 2
-83 -22 5 1
-83 -22 6 1
-83 -22 7 1
-83 -21 5 1
-83 -21 6 1
-83 -21 7 1
-82 -23 5 1
-82 -23 6 2
-82 -23 7 1
-81 -23 5 1
-81 -23 6 1
-81 -23 7 1
-82 -22 8 2
-83 -23 8 2
-83 -23 9 1
-83 -22 8 1
-83 -22 9 1
-83 -21 8 1
-83 -21 9 2
-82 -23 8 1
-82 -23 9 1
-82 -22 9 1
-82 -21 9 1
-71 -42 1 1
-71 -42 0 2
-99 -43 11 1
-99 -43 10 1
-99 -35 8 2
-99 -44 10 1
-72 -41 1 1
-72 -41 0 2
-70 -44 7 0
-71 -43 6 0
-71 -42 6 1
-70 -43 5 0
-72 -45 7 0
-72 -44 6 0
-72 -43 6 0
-72 -43 5 0
-74 -43 6 0
-74 -42 6 0
-75 -44 5 0
-74 -42 5 0
-68 -40 7 1
-68 -41 7 1
-68 -42 7 1
-69 -40 7 1
-69 -41 7 2
-69 -42 7 1
-70 -42 7 1
-68 -40 6 1
-68 -41 6 1
-77 -38 7 0
-73 -1 7 1
-75 -38 6 0
-75 -38 8 0
-58 -21 4 1
-100 -10 6 1
-100 -11 7 2
-94 -3 12 1
-96 -3 8 1
-63 -2 8 0
-98 -1 7 0
-93 -3 11 1
-93 -3 12 1
-92 -3 10 1
-92 -3 11 1
-92 -3 12 1
-92 -3 8 1
-92 -3 9 1
-78 -2 12 1
-79 -1 11 0
-79 -1 12 0
-76 -34 0 1
-75 -34 0 1
-75 -34 1 1
-74 -36 0 1
-52 -6 7 0
-53 -5 7 0
-52 -6 8 0
-52 -5 8 0
-97 -36 10 1
-97 -36 9 1
-97 -37 11 1
-97 -37 10 1
-97 -37 9 1
-98 -35 11 1
-98 -35 10 1
-83 -40 5 1
-98 -37 11 1
-63 -16 5 1
-63 -16 4 1
-62 -15 6 1
-66 -17 0 1
-66 -17 1 1
-65 -17 -1 1
-65 -17 0 2
-65 -17 1 1
-64 -17 -1 1
-64 -17 0 1
-64 -17 1 1
-65 -16 2 0
-61 -16 7 0
-65 -14 7 0
-68 -17 7 0
-67 -20 4 1
-65 -21 7 0
-66 -22 3 1
-66 -22 4 1
-66 -22 5 1
-65 -22 4 1
-64 -22 3 1
-64 -22 4 1
-66 -18 -1 1
-66 -18 0 1
-66 -18 1 1
-66 -8 -1 1
-64 -6 5 1
-66 -7 4 1
-67 -7 4 1
-68 -7 0 1
-68 -8 4 1
-68 -9 4 1
-66 -7 3 1
-65 -5 3 1
-97 -11 11 0
-98 -10 6 1
-98 -10 7 2
-64 -5 10 0
-64 -6 10 0
-63 -7 11 0
-64 -7 11 0
-63 -7 10 0
-60 -16 -1 1
-85 -18 5 1
-85 -18 6 1
-85 -18 7 1
-84 -20 7 1
-83 -20 5 1
-83 -20 6 1
-85 -20 8 2
-85 -19 8 1
-85 -18 8 1
-83 -20 8 1
-85 -22 6 1
-84 -21 7 1
-85 -21 8 1
-77 -35 3 1
-76 -35 2 2
-76 -35 4 0
-76 -35 3 1
-75 -35 2 2
-75 -35 3 1
-51 -18 1 1
-51 -19 1 1
-51 -20 1 1
-52 -18 1 1
-52 -19 1 1
-52 -20 1 1
-53 -18 1 1
-85 -30 5 1
-89 -28 2 1
-89 -28 3 1
-92 -30 6 1
-92 -30 7 1
-88 -33 5 1
-88 -33 6 1
-88 -33 7 1
-87 -33 5 2
-87 -33 6 1
-87 -33 7 1
-86 -33 5 2
-86 -33 6 1
-86 -33 7 1
-88 -34 2 1
-88 -34 3 1
-88 -34 4 2
-98 -10 12 0
-100 -11 11 0
-97 -10 11 0
-98 -20 5 1
-98 -20 6 2
-98 -19 5 1
-98 -19 6 1
-97 -21 5 1
-97 -21 6 2
-96 -21 5 1
-96 -21 6 1
-94 -21 6 1
-97 -20 4 1
-97 -19 4 1
-97 -18 4 1
-93 -21 5 1
-95 -21 5 1
-94 -21 4 1
-97 -20 3 2
-97 -19 3 1
-97 -18 3 1
-96 -21 3 2
-97 -22 2 1
-97 -22 3 1
-97 -22 4 1
-97 -21 2 2
-51 -43 4 0
-52 -42 3 0
-51 -42 2 0
-51 -43 3 0
-57 -47 2 0
-60 -50 0 1
-60 -50 -1 1
-59 -50 0 1
-52 -45 4 0
-91 -47 7 1
-91 -47 6 1
-59 -1 9 0
-91 -48 7 2
-91 -48 6 1
-90 -47 7 2
-55 -11 5 0
-55 -10 5 0
-57 -12 6 0
-58 -11 6 0
-57 -12 7 0
-59 -14 6 0
-58 -14 8 0
-57 -16 8 0
-55 -17 8 0
-52 -16 8 0
-51 -16 6 1
-55 -14 7 0
-55 -14 8 0
-55 -14 9 0
-55 -14 10 0
-52 -2 9 0
-54 -18 5 1
-54 -19 5 1
-54 -17 4 2
-54 -17 3 2
-54 -17 2 2
-54 -18 4 1
-55 -11 1 2
-54 -19 3 1
-54 -19 2 1
-51 -14 1 2
-51 -15 1 1
-51 -16 1 1
-86 -6 15 1
-86 -6 14 1
-57 -16 2 1
-97 -3 7 1
-90 -6 4 1
-67 -2 9 0
-67 -2 8 0
-54 -41 4 0
-56 -38 2 0
-61 -4 5 1
-61 -4 4 2
-54 -35 3 0
-77 -36 9 0
-51 -2 10 0
-54 -3 10 0
-53 -2 9 0
-55 -4 11 0
-54 -6 10 0
-82 -44 11 0
-97 -47 8 1
-97 -47 9 1
-71 -29 7 0
-73 -31 5 0
-51 -3 12 0
-61 -12 8 0
-61 -12 9 0
-94 -12 6 1
-94 -12 7 1
-68 -19 10 0
-66 -19 8 0
-67 -20 9 0
-66 -21 9 0
-68 -24 10 0
-70 -25 10 0
-71 -22 8 0
-70 -21 9 0
-68 -22 8 0
-81 -10 7 1
-81 -11 8 1
-81 -11 9 1
-81 -10 8 1
-81 -10 9 1
-79 -19 7 1
-82 -18 7 1
-82 -18 8 2
-82 -17 7 1
-80 -19 7 2
-80 -19 8 1
-80 -19 6 2
-94 -1 10 2
-81 -16 4 1
-81 -15 3 1
-81 -15 4 1
-81 -16 3 1
-95 -2 9 2
-68 -22 10 0
-66 -34 9 0
-67 -34 9 0
-60 -7 0 1
-61 -7 0 1
-97 -6 15 0
-76 -40 2 1
-55 -10 3 2
-54 -10 3 2
-88 -22 3 1
-57 -14 2 1
-87 -22 3 1
-57 -14 3 1
-56 -14 3 1
-96 -8 12 0
-95 -7 12 0
-96 -6 12 0
-70 -43 3 0
-61 -14 9 0
-89 -10 8 0
-89 -10 9 0
-89 -9 8 0
-89 -9 9 0
-82 -12 6 2
-83 -13 5 1
-83 -13 6 1
-83 -13 7 1
-82 -13 5 1
-82 -13 6 1
-82 -13 7 1
-82 -12 5 1
-82 -12 7 1
-82 -11 5 1
-82 -11 6 1
-77 -16 4 1
-82 -13 8 1
-82 -13 9 1
-82 -12 8 1
-82 -12 9 1
-82 -33 6 1
-61 -22 1 1
-61 -21 1 1
-60 -23 1 1
-60 -23 2 1
-60 -23 3 1
-60 -22 1 1
-60 -22 2 1
-60 -21 1 1
-59 -21 2 1
-58 -21 2 1
-58 -20 2 1
-57 -21 2 1
-57 -20 2 1
-58 -18 8 0
-59 -17 -1 1
-59 -17 0 1
-58 -17 -1 1
-58 -17 0 1
-52 -21 2 1
-51 -21 2 1
-53 -23 3 0
-54 -13 2 1
-62 -50 1 0
-62 -50 3 0
-72 -4 3 2
-86 -2 17 0
-86 -2 18 0
-88 -1 17 0
-90 -2 14 1
-90 -2 15 2
-90 -2 16 1
-90 -1 16 1
-89 -2 17 0
-90 -3 14 1
-90 -3 15 2
-90 -3 16 1
-88 -4 17 0
-89 -4 15 2
-90 -5 14 1
-90 -5 15 2
-90 -5 16 1
-90 -4 15 2
-89 -5 14 1
-89 -5 15 2
-89 -5 16 1
-89 -4 14 1
-89 -4 16 1
-87 -4 17 0
-87 -2 18 0
-89 -1 17 0
-92 -18 4 1
-71 -24 7 0
-73 -23 8 0
-71 -23 7 0
-74 -24 7 0
-72 -23 7 0
-73 -24 6 0
-73 -23 6 0
-72 -23 6 0
-74 -22 4 1
-74 -22 5 1
-73 -22 5 1
-72 -22 5 1
-71 -24 3 1
-70 -24 3 1
-71 -23 3 1
-71 -21 8 0
-69 -24 7 0
-99 -23 8 1
-69 -21 7 0
-72 -21 7 0
-70 -21 6 1
-70 -22 6 1
-70 -21 4 1
-70 -21 5 1
-70 -20 3 1
-99 -27 7 2
-98 -27 6 1
-98 -27 7 1
-68 -23 6 1
-68 -22 5 1
-97 -25 8 1
-97 -24 8 1
-97 -23 8 1
-74 -35 10 0
-100 -28 5 1
-82 -8 7 1
-82 -8 6 1
-83 -8 7 2
-83 -9 6 2
-84 -9 6 2
-86 -6 3 2
-64 -43 6 0
-66 -43 5 1
-88 -1 3 1
-84 -46 10 0
-84 -46 11 0
-91 -1 6 1
-86 -1 4 1
-100 -28 3 2
-100 -28 4 1
-99 -29 3 2
-99 -29 4 2
-99 -29 5 1
-99 -28 3 1
-98 -29 3 1
-98 -29 4 1
-98 -29 5 1
-98 -28 3 1
-98 -28 4 1
-98 -28 5 1
-72 -22 8 0
-73 -23 7 0
-72 -22 7 0
-73 -22 6 0
-71 -22 6 1
-73 -21 4 1
-73 -21 5 1
-72 -21 4 2
-72 -21 5 1
-71 -22 5 1
-71 -21 4 2
-71 -21 5 1
-70 -23 3 1
-70 -22 3 1
-70 -22 5 1
-100 -26 8 1
-99 -26 8 1
-73 -22 7 0
-71 -22 7 0
-71 -21 7 0
-70 -22 7 0
-72 -22 6 0
-73 -20 3 1
-93 -20 3 1
-93 -19 4 1
-92 -20 3 1
-72 -20 4 1
-72 -20 5 1
-71 -20 3 1
-71 -20 4 1
-71 -20 5 1
-90 -24 9 1
-81 -12 4 1
-90 -25 10 2
-90 -25 9 1
-90 -26 10 2
-90 -26 9 1
-89 -25 10 2
-89 -25 14 0
-76 -50 1 1
-76 -50 0 1
-76 -50 -1 1
-77 -49 3 1
-76 -50 3 1
-77 -49 4 0
-91 -16 7 0
-91 -17 7 0
-90 -16 6 0
-95 -18 5 2
-95 -18 6 2
-95 -17 5 1
-95 -16 5 1
-94 -18 5 1
-94 -18 6 1
-93 -18 5 1
-93 -18 6 1
-91 -18 6 1
-90 -17 5 0
-94 -17 4 2
-92 -18 5 0
-91 -19 2 1
-91 -19 3 2
-90 -19 2 1
-89 -19 2 1
-89 -19 3 1
-94 -15 3 1
-94 -14 3 1
-92 -17 2 1
-92 -17 3 1
-69 -43 3 1
-65 -42 3 2
-84 -43 11 1
-84 -44 11 1
-93 -45 6 0
-71 -25 8 0
-75 -1 7 1
-66 -44 5 0
-67 -44 6 0
-62 -1 9 0
-92 -17 1 1
-74 -36 1 1
-74 -37 1 1
-75 -36 5 0
-76 -33 3 1
-76 -33 2 2
-71 -27 10 0
-85 -31 3 1
-97 -43 11 1
-97 -43 10 1
-97 -44 11 1
-97 -44 10 2
-98 -43 11 1
-98 -43 10 1
-98 -44 11 1
-98 -44 10 2
-95 -41 12 0
-95 -42 12 0
-96 -41 12 0
-55 -4 2 0
-56 -3 1 1
-91 -27 3 1
-62 -21 11 0
-62 -21 10 0
-62 -21 9 0
-62 -21 8 0
-65 -24 8 0
-64 -23 8 0
-61 -20 8 0
-77 -46 6 0
-77 -47 5 0
-69 -1 9 1
-69 -2 9 1
-55 -7 9 0
-92 -5 16 1
-53 -6 1 1
-66 -39 1 1
-66 -38 1 1
-66 -38 2 2
-95 -14 8 1
-95 -14 10 0
-92 -13 10 0
-94 -42 10 1
-93 -43 9 1
-93 -43 8 0
-94 -43 9 1
-94 -44 8 0
-83 -31 6 1
-82 -29 2 1
-81 -32 6 1
-84 -33 -1 1
-77 -31 10 0
-77 -46 5 0
-75 -31 10 0
-77 -48 6 0
-76 -31 10 0
-60 -30 3 1
-51 -32 5 0
-92 -23 10 0
-93 -24 9 0
-91 -23 9 0
-92 -24 8 0
-92 -23 8 0
-94 -25 6 1
-94 -25 7 1
-94 -25 8 1
-93 -25 6 1
-93 -25 7 1
-93 -25 8 1
-63 -14 8 0
-61 -12 10 0
-61 -13 9 0
-60 -13 10 0
-61 -13 10 0
-60 -13 9 0
-59 -14 8 0
-59 -14 10 0
-60 -14 10 0
-59 -14 9 0
-60 -14 9 0
-62 -43 6 0
-93 -24 10 0
-55 -30 0 1
-55 -30 1 1
-55 -29 -1 1
-55 -29 1 1
-55 -28 -1 1
-55 -28 0 1
-54 -30 -1 1
-54 -30 0 1
-54 -30 1 1
-54 -29 -1 1
-54 -29 0 1
-54 -29 1 1
-54 -28 -1 1
-86 -27 1 1
-72 -2 11 0
-71 -2 10 0
-65 -2 11 0
-65 -11 1 1
-59 -33 4 0
-58 -33 4 0
-59 -33 5 0
-100 -1 4 0
-92 -13 8 1
-64 -34 2 1
-64 -34 4 2
-53 -32 6 0
-53 -32 5 0
-97 -13 7 2
-97 -13 6 1
-52 -32 3 0
-51 -31 3 0
-52 -32 2 0
-51 -31 2 0
-82 -19 10 1
-53 -32 3 0
-53 -31 3 0
-53 -30 3 0
-53 -29 3 0
-53 -31 4 0
-53 -30 4 0
-53 -33 2 0
-53 -32 2 0
-53 -31 2 0
-53 -30 1 1
-54 -32 3 0
-55 -31 3 0
-56 -31 3 0
-55 -31 2 0
-75 -5 9 1
-64 -16 7 0
-64 -16 8 0
-64 -16 11 0
-62 -17 10 0
-62 -18 9 0
-64 -17 10 0
-65 -15 10 0
-64 -14 10 0
-64 -15 10 0
-64 -14 9 0
-64 -15 9 0
-62 -15 10 0
-62 -15 9 0
-63 -7 5 1
-65 -9 -1 1
-65 -8 -1 1
-65 -7 -1 1
-64 -7 -1 1
-63 -7 -1 1
-77 -42 4 2
-80 -42 4 1
-65 -4 0 1
-65 -4 1 1
-65 -4 2 1
-64 -4 0 1
-64 -4 1 2
-64 -4 2 1
-63 -4 0 1
-66 -6 2 1
-66 -6 3 2
-67 -6 2 1
-67 -6 3 2
-67 -5 2 1
-76 -9 11 1
-55 -5 9 0
-56 -5 8 0
-55 -5 8 0
-72 -2 7 1
-98 -1 10 0
-98 -1 11 0
-98 -1 9 0
-88 -44 9 1
-89 -44 10 1
-88 -44 10 1
-72 -1 7 1
-55 -4 7 0
-55 -4 9 0
-77 -49 5 0
-100 -12 11 0
-100 -12 10 0
-96 -6 11 0
-81 -14 5 2
-81 -14 6 2
-81 -14 7 2
-80 -14 5 1
-80 -14 6 1
-80 -14 7 1
-87 -7 7 1
-82 -47 4 1
-82 -47 5 1
-82 -47 6 1
-82 -46 4 1
-82 -46 5 1
-82 -46 6 1
-82 -45 4 1
-82 -45 5 1
-82 -45 6 1
-82 -44 4 1
-82 -44 5 1
-82 -44 6 1
-82 -43 4 1
-82 -43 5 1
-98 -2 8 0
-91 -1 12 2
-91 -1 11 2
-91 -1 10 2
-91 -2 12 1
-91 -2 11 1
-51 -2 11 0
-62 -38 1 1
-69 -44 0 2
-69 -44 1 1
-52 -16 3 1
-92 -42 10 1
-83 -2 17 0
-93 -4 18 0
-93 -6 17 0
-94 -5 17 0
-83 -20 4 1
-81 -20 9 1
-82 -20 9 1
-83 -20 9 2
-82 -23 4 1
-83 -22 4 1
-83 -23 4 1
-81 -21 9 1
-81 -22 9 1
-81 -22 8 1
-81 -23 9 1
-81 -23 8 1
-57 -16 3 1
-57 -16 1 1
-57 -17 3 1
-57 -17 2 1
-57 -17 1 1
-54 -13 4 1
-54 -13 3 1
-54 -42 3 0
-56 -42 2 0
-56 -42 4 0
-58 -41 2 0
-58 -41 3 0
-57 -39 2 0
-56 -39 2 0
-56 -39 4 0
-56 -39 3 0
-56 -40 3 0
-54 -39 2 0
-54 -39 4 0
-75 -8 7 2
-54 -39 3 0
-54 -41 2 0
-56 -15 1 1
-54 -41 3 0
-70 -19 4 2
-70 -19 3 1
-68 -18 7 0
-67 -18 7 0
-68 -18 6 0
-66 -17 7 0
-65 -17 3 0
-64 -18 1 1
-81 -2 11 1
-72 -45 3 2
-68 -1 6 1
-62 -10 8 0
-79 -34 7 1
-80 -38 -1 1
-76 -33 4 0
-97 -9 10 0
-97 -9 8 1
-99 -11 9 0
-96 -39 1 1
-96 -39 0 1
-62 -34 4 1
-62 -34 3 1
-62 -34 2 1
-80 -7 7 1
-93 -2 4 2
-95 -3 8 1
-64 -26 9 0
-65 -25 4 1
-65 -25 5 1
-61 -25 7 1
-61 -25 6 1
-76 -37 11 0
-78 -38 9 0
-67 -3 11 0
-69 -1 11 0
-69 -1 12 0
-69 -1 13 0
-69 -1 5 1
-70 -33 7 0
-67 -33 8 0
-67 -33 9 0
-96 -6 16 0
-95 -6 17 0
-85 -50 10 0
-85 -50 11 0
-86 -50 4 1
-86 -49 4 1
-86 -49 5 1
-85 -50 4 1
-98 -17 10 0
-100 -16 13 0
-57 -3 9 0
-58 -4 4 1
-58 -4 5 1
-78 -11 3 1
-92 -3 7 1
-58 -2 10 0
-57 -2 10 0
-80 -2 7 2
-72 -39 9 1
-79 -2 7 1
-62 -2 8 1
-62 -2 9 0
-87 -16 3 1
-97 -1 9 1
-88 -45 12 0
-97 -16 10 0
-96 -3 11 1
-56 -37 6 0
-87 -45 12 0
-57 -38 6 0
-57 -37 6 0
-58 -37 5 0
-58 -37 6 0
-55 -40 5 0
-57 -39 7 0
-57 -39 4 0
-57 -39 3 0
-54 -1 14 0
-74 -39 3 1
-74 -40 2 1
-74 -40 3 1
-74 -39 2 1
-79 -5 5 1
-74 -41 4 1
-100 -35 5 1
-74 -43 4 0
-99 -35 5 2
-69 -36 3 1
-69 -35 3 1
-98 -20 7 1
-97 -19 8 2
-97 -19 13 0
-73 -41 2 1
-73 -41 3 1
-68 -49 1 1
-69 -49 0 1
-68 -49 0 1
-52 -1 8 0
-51 -1 8 0
-94 -3 6 1
-61 -10 4 1
-61 -9 4 1
-61 -8 3 2
-61 -8 4 1
-60 -10 3 1
-60 -10 4 1
-60 -9 3 1
-60 -9 4 1
-60 -8 3 1
-60 -8 4 1
-63 -10 -1 1
-63 -10 0 1
-63 -10 1 2
-78 -6 4 1
-77 -6 4 1
-63 -34 9 0
-78 -7 4 1
-78 -5 4 1
-92 -46 5 1
-92 -46 4 1
-85 -49 9 0
-85 -49 11 0
-92 -47 4 1
-92 -47 3 1
-92 -48 5 1
-92 -48 4 1
-92 -48 3 1
-91 -47 4 2
-91 -46 6 1
-91 -9 6 1
-92 -9 7 1
-92 -9 6 1
-51 -9 8 0
-54 -6 7 0
-89 -44 8 1
-78 -10 2 1
-62 -4 8 1
-89 -24 12 0
-88 -24 12 0
-62 -3 9 0
-94 -2 17 0
-52 -13 5 2
-95 -6 16 0
-95 -5 17 0
-82 -2 15 0
-51 -13 5 2
-94 -6 15 1
-94 -4 18 0
-90 -26 11 1
-89 -25 12 0
-89 -25 13 0
-89 -25 11 1
-90 -24 14 0
-90 -24 10 1
-90 -24 12 0
-97 -4 14 1
-97 -4 15 1
-97 -4 16 1
-96 -4 17 0
-75 -32 6 0
-75 -32 5 0
-75 -33 5 0
-88 -32 7 1
-88 -32 6 2
-80 -20 4 1
-69 -28 8 0
-54 -36 3 0
-54 -36 4 0
-54 -36 7 0
-53 -37 6 0
-53 -37 5 0
-54 -37 6 0
-53 -1 11 0
-56 -36 6 0
-53 -2 11 0
-53 -2 10 0
-54 -1 11 0
-54 -1 10 0
-54 -2 11 0
-54 -34 5 0
-54 -35 5 0
-53 -35 6 0
-53 -35 5 0
-52 -36 6 0
-95 -1 12 1
-95 -2 12 2
-53 -36 5 0
-51 -3 9 0
-59 -27 5 2
-51 -4 9 0
-60 -26 5 2
-60 -26 4 1
-86 -4 5 2
-60 -26 3 1
-60 -27 5 2
-96 -41 10 0
-94 -42 9 1
-76 -2 9 1
-81 -4 4 2
-100 -34 5 2
-51 -28 3 0
-84 -23 10 1
-83 -23 10 1
-51 -29 4 0
-51 -28 4 0
-51 -27 5 0
-51 -29 2 0
-51 -28 2 0
-51 -27 2 0
-54 -28 3 0
-53 -29 2 0
-54 -28 2 0
-93 -12 9 0
-93 -12 8 1
-94 -11 9 0
-64 -45 5 0
-94 -12 9 0
-94 -12 8 1
-65 -43 5 1
-64 -42 6 0
-64 -42 5 1
-63 -42 6 0
-63 -42 5 1
-65 -5 6 1
-53 -3 12 0
-65 -6 6 1
-88 -28 0 1
-88 -27 -1 1
-88 -27 0 1
-87 -29 -1 1
-87 -28 -1 1
-87 -27 -1 1
-56 -9 6 0
-58 -8 3 1
-58 -8 4 1
-57 -40 7 0
-55 -40 6 0
-55 -9 5 0
-57 -41 7 0
-59 -40 7 0
-56 -40 7 0
-56 -41 6 0
-74 -12 8 1
-74 -12 9 1
-79 -9 7 2
-79 -9 8 1
-79 -9 9 1
-79 -9 6 2
-78 -11 8 1
-78 -11 7 1
-94 -37 10 1
-94 -37 11 1
-93 -37 10 1
-93 -37 11 1
-97 -46 6 1
-97 -46 7 1
-97 -45 6 1
-97 -45 7 1
-94 -36 8 1
-93 -36 8 1
-71 -44 5 0
-81 -19 7 2
-81 -19 8 1
-80 -17 6 1
-83 -31 5 1
-83 -29 2 1
-90 -34 6 1
-90 -34 7 1
-89 -34 6 2
-89 -34 7 1
-88 -34 6 2
-88 -34 7 1
-87 -35 3 1
-87 -35 4 1
-87 -35 5 1
-57 -25 9 0
-86 -35 4 2
-86 -49 7 0
-85 -49 7 0
-88 -48 8 1
-75 -31 7 0
-74 -30 8 0
-74 -31 8 0
-74 -30 7 0
-72 -31 8 0
-73 -32 8 0
-69 -37 5 1
-69 -37 6 1
-69 -36 4 1
-69 -36 5 1
-69 -36 6 1
-69 -35 4 2
-69 -35 5 2
-69 -35 6 1
-70 -35 3 1
-69 -37 3 1
-83 -33 8 1
-84 -31 8 1
-82 -22 4 1
-84 -32 8 1
-59 -22 6 1
-66 -3 -1 1
-66 -2 -1 1
-66 -1 -1 1
-66 -1 0 1
-66 -1 1 1
-65 -3 -1 1
-65 -2 -1 1
-65 -1 -1 1
-65 -1 1 1
-64 -3 -1 1
-64 -3 0 1
-64 -3 1 2
-64 -2 -1 1
-64 -2 0 1
-64 -2 1 2
-64 -1 -1 1
-64 -1 0 1
-64 -1 1 1
-69 -3 3 1
-67 -3 -1 1
-72 -2 5 1
-72 -1 4 1
-57 -47 0 1
-57 -47 1 1
-55 -47 1 1
-55 -44 1 1
-54 -44 1 1
-52 -44 -1 1
-52 -44 0 2
-52 -44 1 1
-52 -43 -1 1
-52 -43 0 2
-52 -43 1 1
-52 -42 -1 1
-52 -42 0 2
-52 -42 1 1
-51 -44 -1 1
-51 -44 0 2
-53 -44 1 1
-57 -50 2 0
-58 -49 1 1
-57 -50 1 1
-57 -50 -1 1
-57 -50 0 2
-57 -46 -1 1
-57 -46 0 1
-58 -50 -1 1
-58 -50 0 2
-58 -50 1 1
-58 -49 -1 1
-58 -49 0 1
-58 -48 -1 1
-58 -48 0 1
-58 -48 1 1
-53 -49 1 2
-53 -47 1 1
-53 -50 1 1
-56 -50 4 0
-54 -50 2 1
-54 -49 3 1
-53 -50 3 1
-53 -49 3 1
-59 -50 -1 1
-53 -45 1 1
-59 -49 -1 1
-59 -49 0 1
-54 -46 2 0
-54 -46 3 0
-54 -45 2 0
-55 -48 1 1
-53 -46 3 0
-58 -47 -1 1
-58 -47 0 1
-58 -47 1 1
-51 -42 3 0
-51 -44 3 0
-56 -48 3 0
-56 -47 2 0
-56 -47 3 0
-52 -41 3 0
-55 -48 3 0
-52 -44 2 0
-55 -47 3 0
-51 -44 2 1
-51 -45 0 1
-51 -45 2 1
-52 -45 -1 1
-52 -45 0 2
-51 -45 -1 1
-51 -39 0 1
-51 -38 -1 1
-53 -43 -1 1
-51 -37 -1 1
-51 -37 0 1
-53 -42 -1 1
-53 -42 0 2
-53 -42 1 1
-53 -41 -1 1
-53 -41 0 1
-53 -41 1 1
-52 -42 4 0
-59 -50 2 0
-54 -48 3 1
-54 -47 3 0
-52 -42 2 0
-53 -47 3 0
-54 -50 1 1
-52 -44 4 0
-51 -44 4 0
-53 -43 3 0
-69 -42 2 1
-55 -17 2 2
-71 -3 4 1
-73 -5 0 1
-73 -4 0 1
-74 -37 6 1
-76 -47 6 0
-65 -6 0 1
-65 -3 8 0
-99 -10 7 2
-75 -2 3 2
-51 -8 7 0
-84 -3 14 1
-76 -2 1 2
-53 -46 0 2
-53 -45 -1 1
-51 -40 2 0
-53 -44 -1 1
-53 -44 0 2
-52 -46 -1 1
-52 -46 0 2
-51 -46 -1 1
-53 -40 -1 1
-53 -42 2 0
-54 -48 1 1
-51 -43 -1 1
-73 -31 1 1
-73 -31 2 1
-73 -31 3 1
-72 -31 1 1
-72 -31 2 1
-59 -19 8 0
-62 -18 6 1
-62 -20 7 0
-62 -19 7 0
-62 -18 5 1
-64 -20 6 0
-64 -19 6 0
-63 -21 7 0
-64 -20 7 0
-63 -21 5 1
-64 -20 5 1
-64 -19 5 1
-66 -22 6 0
-64 -22 5 1
-59 -24 8 0
-62 -22 9 0
-62 -22 10 0
-55 -37 3 0
-73 -29 5 1
-55 -37 2 0
-87 -29 5 1
-87 -30 5 1
-85 -28 6 1
-84 -29 6 1
-85 -28 7 1
-84 -28 5 2
-54 -43 0 1
-54 -43 1 1
-54 -42 0 1
-56 -45 1 1
-54 -41 -1 1
-67 -42 -1 1
-64 -18 9 0
-64 -18 10 0
-64 -18 8 0
-64 -17 9 0
-79 -45 7 0
-68 -24 8 0
-90 -12 10 0
-68 -24 9 0
-69 -24 9 0
-89 -43 4 1
-90 -41 5 2
-90 -41 4 1
-90 -42 4 1
-90 -43 5 1
-90 -43 4 1
-91 -41 4 1
-91 -42 4 1
-91 -43 5 1
-91 -43 4 1
-90 -42 5 2
-99 -36 7 1
-65 -50 8 0
-66 -49 -1 1
-66 -49 0 1
-66 -49 1 1
-65 -49 -1 1
-65 -49 0 1
-65 -49 1 1
-64 -50 -1 1
-64 -50 0 1
-61 -20 7 0
-63 -22 8 0
-63 -23 8 0
-63 -20 10 0
-59 -22 8 0
-58 -22 9 0
-61 -19 8 0
-61 -26 9 0
-59 -25 9 0
-61 -22 9 0
-61 -22 10 0
-61 -22 11 0
-52 -10 2 1
-52 -9 2 2
-52 -11 -1 1
-51 -11 -1 1
-66 -30 8 0
-65 -30 9 0
-53 -12 3 2
-52 -12 2 1
-52 -12 3 1
-54 -14 0 2
-54 -13 0 2
-54 -12 0 2
-53 -14 0 2
-53 -13 0 2
-53 -12 0 1
-52 -12 0 1
-57 -17 0 2
-57 -16 0 1
-57 -15 0 2
-59 -13 0 2
-59 -12 -1 1
-59 -12 0 2
-59 -16 0 1
-59 -15 0 2
-68 -50 4 0
-68 -5 -1 1
-68 -6 -1 1
-68 -7 -1 1
-82 -2 17 0
-68 -50 6 0
-68 -50 3 0
-67 -2 2 1
-67 -2 0 1
-68 -2 2 1
-68 -2 1 2
-68 -2 0 1
-68 -3 2 1
-68 -3 1 2
-68 -3 0 2
-68 -4 2 1
-68 -4 1 1
-68 -4 0 1
-65 -5 -1 1
-66 -5 -1 1
-62 -42 6 0
-87 -4 9 1
-70 -33 9 0
-72 -35 8 0
-73 -35 9 0
-75 -34 9 0
-96 -1 6 1
-75 -34 11 0
-77 -34 9 0
-100 -2 3 1
-89 -19 4 1
-82 -4 2 1
-82 -3 2 1
-82 -2 2 1
-81 -4 2 1
-81 -3 2 1
-81 -2 2 1
-80 -4 2 1
-80 -3 2 1
-82 -5 2 1
-81 -5 2 1
-80 -5 2 1
-61 -49 4 0
-62 -49 5 0
-63 -50 5 0
-61 -49 5 0
-64 -49 3 0
-65 -49 2 0
-64 -49 2 0
-66 -49 2 0
-66 -50 2 0
-56 -39 -1 1
-56 -39 0 1
-56 -39 1 1
-56 -38 -1 1
-56 -38 0 2
-56 -38 1 1
-72 -28 3 1
-72 -28 4 1
-84 -46 7 0
-83 -46 7 0
-84 -46 8 0
-83 -46 8 0
-83 -44 7 0
-72 -48 6 0
-72 -49 6 0
-73 -47 7 0
-80 -4 4 1
-80 -4 5 1
-80 -3 4 2
-80 -3 5 2
-79 -4 4 1
-79 -4 5 1
-56 -23 3 1
-76 -33 9 0
-74 -33 10 0
-74 -33 6 0
-52 -12 1 1
-61 -15 -1 1
-60 -5 11 0
-61 -5 11 0
-63 -8 9 0
-61 -9 10 0
-61 -9 9 0
-60 -8 10 0
-60 -8 11 0
-60 -8 9 0
-61 -7 12 0
-61 -7 9 0
-100 -12 2 1
-100 -11 2 1
-100 -10 2 1
-99 -12 2 1
-99 -11 2 1
-99 -10 2 1
-59 -5 10 0
-60 -6 10 0
-59 -5 11 0
-59 -5 9 0
-60 -4 10 0
-60 -6 9 0
-61 -6 9 0
-62 -8 9 0
-60 -7 9 0
-59 -8 10 0
-59 -8 11 0
-60 -6 11 0
-60 -6 12 0
-60 -6 8 1
-78 -19 8 1
-78 -19 7 1
-78 -18 6 2
-78 -12 2 1
-55 -4 8 0
-79 -19 6 1
-79 -19 8 1
-85 -12 6 1
-85 -12 7 2
-85 -11 6 2
-88 -14 11 1
-61 -7 7 2
-61 -8 6 1
-61 -8 7 1
-61 -8 8 1
-61 -7 6 1
-61 -6 6 1
-61 -6 7 1
-79 -32 3 1
-56 -36 3 0
-56 -34 3 0
-52 -32 6 0
-52 -33 5 0
-77 -49 9 0
-77 -49 8 0
-51 -34 6 0
-77 -50 8 0
-100 -32 7 1
-78 -49 8 0
-63 -34 3 2
-62 -35 2 1
-62 -35 4 1
-62 -35 3 1
-72 -49 8 0
-86 -13 11 1
-72 -50 8 0
-100 -1 5 1
-100 -1 3 1
-61 -37 4 0
-53 -29 4 0
-54 -27 6 0
-54 -27 7 0
-54 -27 3 0
-59 -32 4 0
-59 -33 3 0
-78 -15 8 1
-79 -15 8 2
-79 -15 7 1
-61 -34 2 0
-83 -43 11 1
-83 -43 10 1
-75 -47 8 0
-75 -48 8 0
-76 -48 8 0
-77 -47 8 0
-77 -48 9 0
-77 -48 8 0
-78 -47 9 0
-78 -47 8 0
-78 -48 9 0
-78 -48 8 0
-83 -49 7 0
-84 -49 7 0
-81 -45 11 0
-81 -45 10 0
-82 -45 11 0
-82 -45 10 0
-85 -6 5 1
-73 -37 1 1
-73 -36 1 1
-78 -4 12 1
-78 -3 12 1
-82 -47 9 0
-82 -48 9 0
-83 -45 11 0
-83 -45 10 0
-84 -45 11 0
-83 -47 9 0
-83 -48 9 0
-84 -48 9 0
-84 -48 8 0
-88 -26 2 1
-92 -28 2 1
-87 -30 1 1
-86 -30 2 1
-86 -30 -1 1
-92 -30 2 1
-92 -30 3 1
-93 -10 10 0
-94 -9 10 0
-90 -49 8 1
-90 -49 7 1
-52 -6 3 0
-91 -49 8 2
-63 -23 6 1
-61 -27 7 1
-61 -27 6 1
-63 -25 9 0
-64 -24 4 1
-86 -13 9 1
-78 -33 3 1
-86 -14 8 1
-87 -13 9 2
-87 -13 7 1
-87 -14 9 1
-87 -14 8 2
-87 -14 7 1
-88 -13 9 2
-88 -13 8 1
-88 -13 7 2
-65 -3 10 0
-73 -5 8 2
-88 -14 7 2
-73 -35 3 1
-73 -35 4 0
-73 -35 2 1
-73 -34 3 1
-73 -34 4 0
-73 -34 2 1
-75 -33 3 1
-75 -33 2 2
-73 -37 3 2
-74 -38 4 1
-73 -38 2 1
-73 -38 3 1
-73 -38 4 1
-73 -49 4 0
-73 -50 4 0
-74 -50 4 0
-60 -33 4 0
-52 -10 5 1
-51 -10 7 0
-72 -50 2 0
-52 -10 6 0
-51 -10 6 0
-51 -9 5 0
-92 -15 7 1
-92 -14 6 2
-59 -23 9 0
-94 -2 5 1
-87 -42 11 1
-79 -34 2 1
-79 -33 2 1
-79 -32 2 1
-78 -32 2 2
-77 -35 -1 1
-76 -35 -1 1
-75 -35 -1 1
-58 -3 0 2
-57 -3 -1 1
-57 -3 0 1
-55 -27 6 0
-58 -9 2 1
-88 -17 3 1
-89 -17 3 1
-90 -15 3 2
-90 -15 2 1
-94 -9 11 0
-88 -16 3 1
-93 -40 10 1
-89 -16 4 1
-89 -16 3 2
-89 -16 2 1
-89 -14 5 1
-91 -15 7 1
-91 -15 6 1
-91 -15 5 1
-92 -15 5 1
-93 -13 5 1
-93 -14 5 1
-93 -15 5 2
-89 -15 6 1
-90 -2 6 1
-88 -15 3 2
-88 -15 2 1
-89 -15 3 1
-89 -15 2 1
-84 -3 3 1
-56 -1 9 0
-86 -4 9 2
-73 -8 4 1
-74 -6 4 1
-74 -7 4 1
-74 -8 4 1
-75 -6 4 1
-62 -32 2 1
-62 -31 2 1
-61 -33 2 1
-61 -32 2 1
-61 -31 2 1
-64 -32 2 1
-60 -34 5 0
-59 -35 4 0
-59 -35 5 0
-59 -35 3 0
-60 -33 6 0
-59 -2 9 0
-59 -4 9 0
-61 -2 7 1
-60 -2 9 0
-61 -2 8 1
-97 -18 11 0
-99 -19 10 0
-99 -19 12 0
-99 -19 11 0
-100 -18 10 0
-100 -18 12 0
-97 -17 10 0
-97 -17 12 0
-97 -17 11 0
-100 -34 8 2
-99 -36 6 1
-85 -43 8 2
-85 -44 8 1
-69 -23 4 1
-69 -24 6 1
-69 -24 5 1
-98 -38 4 0
-69 -25 6 1
-69 -25 5 1
-69 -25 4 1
-77 -34 8 0
-77 -31 9 0
-61 -27 5 1
-61 -26 5 2
-61 -25 5 1
-60 -27 7 1
-61 -24 4 1
-85 -5 7 1
-77 -2 8 2
-83 -12 5 1
-90 -17 11 1
-55 -2 1 1
-54 -1 1 1
-79 -41 2 1
-78 -40 3 1
-77 -40 3 1
-77 -40 4 1
-85 -11 2 1
-89 -10 3 1
-100 -1 12 0
-98 -1 12 0
-100 -2 12 0
-98 -3 12 0
-71 -32 7 0
-92 -50 6 1
-93 -49 9 1
-93 -49 8 1
-93 -50 9 1
-93 -50 8 1
-95 -20 3 1
-95 -20 2 1
-91 -46 10 0
-93 -48 5 1
-93 -47 5 1
-92 -50 5 1
-91 -50 5 1
-61 -6 10 0
-52 -30 4 0
-52 -29 4 0
-52 -28 4 0
-52 -31 2 0
-52 -30 2 0
-86 -24 6 1
-89 -48 9 0
-85 -23 7 1
-86 -23 7 1
-87 -24 8 1
-88 -48 9 0
-85 -26 5 2
-85 -26 6 2
-85 -26 7 2
-85 -25 5 2
-85 -25 6 2
-85 -25 7 2
-85 -24 5 1
-85 -24 6 1
-85 -24 7 1
-84 -26 5 1
-84 -26 6 1
-84 -26 7 2
-83 -26 5 1
-83 -26 6 1
-83 -26 7 1
-85 -25 8 1
-85 -25 9 1
-85 -24 8 1
-85 -24 9 1
-85 -23 8 1
-85 -23 9 1
-84 -25 8 1
-84 -25 9 1
-85 -25 4 2
-85 -24 4 1
-85 -23 4 1
-84 -25 4 1
-83 -25 4 1
-81 -24 5 1
-81 -24 6 1
-81 -24 7 1
-85 -22 9 1
-85 -22 10 1
-85 -21 9 1
-87 -48 9 0
-85 -20 10 1
-93 -50 10 1
-93 -50 11 1
-87 -23 7 2
-87 -23 8 2
-87 -25 6 1
-86 -24 7 1
-87 -25 8 1
-89 -49 5 1
-85 -26 8 1
-51 -30 2 0
-85 -26 4 1
-84 -26 4 1
-83 -26 4 1
-77 -10 9 1
-77 -10 10 2
-76 -10 10 1
-75 -10 10 1
-78 -10 7 1
-76 -12 7 2
-76 -12 8 1
-76 -12 9 1
-76 -11 7 2
-76 -11 8 1
-76 -11 9 1
-58 -31 2 0
-58 -31 3 0
-58 -31 6 0
-56 -32 5 0
-56 -32 4 0
-58 -28 6 1
-58 -29 6 1
-58 -30 6 1
-59 -28 6 1
-59 -29 6 1
-59 -30 6 1
-60 -28 6 1
-60 -29 6 1
-60 -30 6 1
-56 -29 5 0
-56 -29 4 0
-56 -31 5 0
-57 -31 5 0
-56 -31 4 0
-57 -31 4 0
-59 -32 2 0
-59 -32 6 0
-57 -33 5 0
-57 -33 4 0
-59 -31 4 0
-59 -31 5 0
-84 -43 7 1
-58 -28 4 1
-58 -28 3 1
-58 -29 5 1
-58 -29 4 1
-87 -49 9 0
-56 -1 14 0
-58 -30 5 1
-58 -30 4 1
-58 -30 3 1
-86 -41 7 1
-59 -28 4 2
-86 -41 8 1
-85 -41 7 1
-85 -41 8 1
-84 -41 6 2
-84 -41 7 2
-84 -41 8 2
-58 -9 8 0
-58 -7 7 0
-58 -7 8 0
-55 -7 5 0
-57 -7 7 0
-56 -6 6 0
-56 -8 9 0
-76 -37 6 0
-78 -38 6 0
-78 -39 7 0
-78 -39 8 0
-61 -10 8 0
-78 -40 7 0
-61 -10 9 0
-61 -13 8 0
-76 -39 5 0
-53 -18 7 1
-53 -18 6 2
-53 -18 5 1
-52 -18 6 2
-51 -20 7 1
-62 -3 2 1
-51 -21 7 1
-53 -20 7 2
-53 -21 8 1
-99 -14 7 1
-100 -14 9 1
-100 -14 8 1
-100 -14 7 1
-100 -15 9 1
-100 -15 7 1
-100 -16 9 1
-100 -16 8 1
-100 -16 7 1
-76 -46 3 1
-100 -15 8 2
-100 -38 9 2
-100 -38 8 1
-82 -6 7 2
-82 -6 6 2
-99 -33 9 1
-99 -33 8 1
-99 -33 7 1
-83 -33 10 1
-83 -33 9 1
-84 -33 11 1
-55 -5 4 0
-100 -13 4 1
-84 -21 8 1
-84 -19 10 1
-83 -20 10 1
-83 -19 10 1
-82 -21 10 1
-82 -20 10 1
-84 -21 4 1
-72 -6 6 1
-80 -22 8 1
-79 -7 10 1
-80 -48 4 1
-80 -48 7 0
-79 -49 6 0
-79 -49 5 0
-55 -15 -1 1
-55 -16 -1 1
-55 -11 0 1
-52 -16 2 1
-89 -11 8 0
-82 -18 3 1
-86 -25 2 1
-89 -12 9 1
-89 -12 8 1
-90 -11 9 0
-90 -11 8 1
-90 -12 9 0
-60 -8 2 1
-63 -13 1 1
-63 -12 1 1
-58 -15 4 1
-59 -16 -1 1
-62 -8 2 1
-61 -9 2 1
-61 -8 2 2
-81 -40 8 0
-55 -36 3 0
-55 -36 4 0
-82 -35 3 2
-83 -34 3 1
-83 -35 5 2
-83 -35 4 2
-83 -35 3 1
-73 -25 4 2
-84 -35 5 2
-84 -35 4 1
-84 -35 3 1
-85 -36 5 2
-85 -36 4 2
-85 -36 3 2
-79 -10 7 2
-79 -10 6 2
-76 -7 5 1
-77 -7 5 1
-86 -35 5 2
-85 -35 3 2
-85 -35 4 1
-85 -35 5 2
-85 -34 3 1
-85 -34 4 1
-85 -34 5 2
-85 -33 5 2
-87 -34 6 1
-86 -34 6 1
-85 -34 6 2
-85 -33 6 2
-84 -33 5 2
-84 -33 6 2
-76 -30 10 0
-76 -33 10 0
-58 -3 8 0
-58 -4 7 0
-59 -4 7 0
-51 -4 4 0
-77 -7 10 1
-91 -2 9 1
-90 -2 9 1
-86 -6 5 1
-86 -6 4 1
-96 -2 8 2
-83 -7 7 1
-83 -8 3 1
-84 -8 3 1
-85 -6 3 2
-54 -29 5 0
-56 -27 4 0
-53 -26 5 0
-55 -28 3 0
-55 -28 7 0
-55 -28 6 0
-75 -30 2 1
-75 -39 8 0
-75 -38 9 0
-75 -38 5 0
-88 -44 7 2
-89 -45 6 2
-75 -33 10 0
-77 -33 8 0
-77 -33 9 0
-92 -10 7 1
-85 -46 7 0
-98 -43 5 0
-91 -10 6 1
-89 -2 4 1
-98 -39 9 0
-99 -39 9 1
-98 -39 8 0
-97 -36 5 0
-100 -41 10 1
-100 -41 9 1
-100 -41 8 1
-96 -1 8 1
-52 -3 9 0
-52 -33 7 0
-51 -2 3 0
-89 -13 7 1
-87 -9 8 0
-93 -15 7 2
-93 -15 6 2
-91 -1 7 1
-90 -45 4 1
-51 -3 3 0
-89 -46 5 2
-51 -4 3 0
-51 -4 2 0
-51 -6 3 0
-51 -6 2 0
-88 -45 3 1
-87 -5 10 1
-88 -45 5 1
-94 -40 5 1
-95 -40 5 1
-97 -41 4 0
-97 -40 5 0
-64 -46 6 0
-65 -45 6 0
-64 -46 5 0
-66 -43 6 0
-66 -42 5 1
-99 -1 9 0
-99 -1 10 0
-72 -24 5 1
-73 -23 4 2
-57 -28 6 0
-57 -29 6 0
-55 -29 7 0
-55 -28 8 0
-55 -29 8 0
-57 -26 10 0
-57 -26 11 0
-57 -26 3 1
-73 -43 4 0
-75 -43 4 0
-75 -44 4 0
-74 -44 4 0
-90 -8 6 1
-90 -8 7 1
-74 -30 11 0
-74 -30 10 0
-76 -30 8 0
-76 -30 9 0
-70 -3 6 1
-54 -1 13 0
-90 -41 8 1
-71 -30 4 2
-71 -31 6 0
-70 -32 6 0
-67 -32 5 2
-54 -5 10 0
-52 -7 9 0
-55 -7 7 0
-71 -1 7 1
-55 -7 8 0
-71 -2 7 1
-87 -27 12 0
-88 -27 11 0
-88 -27 13 0
-88 -27 12 0
-90 -15 10 1
-90 -15 11 1
-89 -17 9 1
-89 -17 10 1
-52 -31 6 0
-89 -17 11 1
-89 -16 10 2
-96 -18 10 0
-89 -15 11 1
-95 -38 7 1
-95 -42 6 0
-55 -2 8 0
-90 -16 8 1
-90 -14 10 1
-88 -16 10 1
-90 -14 11 1
-88 -16 11 1
-88 -15 11 1
-65 -16 8 0
-58 -1 8 0
-58 -1 9 0
-60 -1 8 0
-60 -1 9 0
-85 -45 11 0
-70 -23 6 1
-55 -1 8 0
-93 -2 6 1
-92 -2 10 1
-98 -40 6 0
-61 -12 6 0
-61 -12 7 0
-86 -29 7 1
-88 -31 8 1
-88 -30 8 1
-88 -29 8 1
-87 -28 5 1
-84 -29 8 1
-95 -18 8 1
-52 -3 3 0
-59 -44 5 0
-57 -44 6 0
-58 -41 4 0
-61 -41 4 0
-61 -40 4 0
-61 -40 3 0
-64 -46 3 0
-61 -46 6 0
-58 -46 4 0
-58 -46 6 0
-91 -42 10 2
-90 -42 10 2
-90 -41 10 1
-72 -33 9 0
-73 -32 10 0
-84 -1 8 2
-71 -6 7 2
-83 -48 5 2
-87 -47 4 1
-87 -48 6 1
-72 -6 7 2
-65 -40 0 2
-65 -40 -1 1
-92 -1 13 1
-55 -8 6 0
-92 -38 9 1
-94 -44 9 1
-93 -44 8 0
-93 -44 9 1
-92 -43 8 1
-91 -44 8 0
-92 -43 9 1
-91 -44 9 0
-93 -42 10 2
-76 -50 5 0
-51 -4 8 0
-92 -43 6 1
-92 -43 4 1
-94 -42 7 0
-94 -42 3 0
-94 -45 8 1
-94 -45 9 1
-53 -27 5 0
-52 -27 5 0
-56 -39 5 0
-100 -35 7 2
-53 -26 4 0
-54 -26 5 0
-88 -12 7 1
-88 -11 6 0
-88 -11 7 0
-87 -12 6 1
-90 -13 9 1
-90 -13 7 1
-52 -1 14 0
-52 -2 14 0
-77 -35 8 0
-66 -8 1 2
-66 -8 0 1
-66 -9 2 2
-66 -9 1 2
-66 -9 0 1
-66 -10 2 1
-66 -10 1 1
-66 -10 0 1
-64 -8 1 1
-63 -6 1 2
-93 -11 6 1
-63 -7 0 1
-63 -8 0 1
-63 -10 4 1
-63 -11 4 1
-64 -10 4 2
-64 -11 4 2
-64 -11 3 1
-65 -9 4 1
-65 -9 3 2
-65 -10 4 1
-65 -10 3 1
-65 -11 4 1
-65 -11 3 1
-64 -10 3 2
-71 -4 0 2
-70 -4 0 2
-96 -3 15 2
-96 -2 15 2
-73 -47 4 0
-72 -5 7 1
-100 -4 2 1
-100 -4 4 1
-88 -28 8 0
-65 -18 6 0
-65 -18 7 0
-65 -18 10 0
-64 -17 6 0
-64 -1 6 0
-64 -1 7 0
-66 -30 9 0
-67 -28 9 0
-70 -29 7 0
-86 -13 5 1
-92 -13 4 2
-91 -13 4 1
-89 -14 4 1
-88 -14 3 2
-89 -15 4 1
-89 -14 2 1
-89 -14 3 2
-88 -14 2 1
-87 -14 2 1
-87 -14 3 1
-91 -14 2 1
-91 -14 3 1
-91 -14 4 1
-91 -13 2 1
-91 -13 3 1
-91 -12 2 1
-90 -14 2 1
-90 -14 3 1
-90 -14 4 1
-91 -11 2 1
-73 -36 6 1
-73 -36 5 1
-74 -38 8 1
-77 -44 6 0
-76 -44 6 0
-77 -44 7 0
-76 -44 7 0
-77 -43 7 0
-78 -42 6 1
-86 -31 8 2
-86 -30 8 1
-92 -4 18 0
-92 -4 17 0
-56 -18 4 2
-92 -40 8 2
-92 -39 8 1
-92 -38 8 1
-93 -43 5 0
-93 -43 6 0
-81 -42 7 0
-81 -42 8 0
-78 -2 9 1
-78 -2 8 2
-92 -14 9 0
-61 -11 9 0
-61 -11 8 0
-84 -11 5 1
-73 -25 9 0
-80 -43 4 0
-80 -43 3 0
-59 -12 9 0
-70 -28 9 0
-60 -6 7 1
-60 -6 6 1
-60 -7 7 1
-60 -7 6 1
-60 -8 7 1
-60 -8 6 1
-61 -6 8 1
-57 -8 10 0
-72 -29 5 1
-72 -29 4 1
-72 -29 3 1
-72 -30 5 1
-87 -33 2 1
-86 -33 1 1
-86 -33 2 1
-86 -23 4 1
-86 -23 3 1
-79 -32 4 1
-59 -20 1 1
-63 -21 3 1
-64 -21 3 1
-65 -19 5 1
-65 -19 4 2
-65 -19 3 1
-57 -17 7 1
-57 -17 5 1
-73 -34 7 0
-89 -5 6 1
-89 -6 6 1
-88 -3 9 1
-64 -19 10 0
-63 -19 8 0
-65 -17 11 0
-65 -17 7 0
-61 -15 9 0
-60 -15 9 0
-61 -15 10 0
-62 -14 9 0
-58 -2 9 0
-93 -38 11 1
-94 -38 11 1
-61 -1 7 0
-89 -5 3 1
-63 -1 5 1
-89 -6 3 1
-95 -40 11 1
-62 -13 10 0
-63 -14 9 0
-63 -14 10 0
-63 -15 10 0
-62 -17 9 0
-61 -16 9 0
-88 -47 9 0
-62 -15 11 0
-85 -8 7 1
-61 -1 9 0
-61 -3 8 1
-70 -4 5 1
-70 -4 13 0
-70 -4 12 0
-70 -8 9 1
-79 -43 8 0
-71 -2 11 0
-79 -42 8 0
-79 -42 7 0
-77 -41 6 1
-77 -42 6 1
-77 -41 8 0
-77 -41 7 0
-77 -42 7 0
-76 -42 6 1
-76 -42 8 0
-99 -12 6 1
-77 -43 6 1
-77 -45 7 0
-77 -45 6 0
-54 -2 3 0
-53 -1 3 0
-53 -22 6 1
-77 -15 4 1
-79 -13 3 1
-77 -34 6 0
-75 -46 5 0
-52 -32 8 0
-53 -31 8 0
-55 -33 6 0
-72 -50 -1 1
-73 -9 5 2
-94 -42 12 0
-89 -41 12 1
-89 -42 12 1
-90 -41 12 1
-90 -42 12 1
-91 -41 12 1
-91 -42 12 1
-92 -41 12 1
-92 -42 12 1
-93 -43 12 0
-75 -11 6 2
-75 -11 5 2
-75 -12 6 2
-75 -13 7 1
-75 -13 6 1
-53 -9 4 1
-53 -10 4 1
-53 -8 5 0
-53 -9 5 0
-77 -12 6 1
-77 -13 7 2
-76 -12 6 2
-75 -11 11 1
-75 -12 11 1
-75 -12 10 1
-75 -13 11 1
-75 -13 10 1
-75 -13 9 1
-76 -11 11 1
-76 -11 10 1
-76 -12 11 1
-76 -13 11 1
-76 -13 10 1
-76 -13 9 1
-77 -13 11 1
-77 -13 10 1
-77 -13 9 1
-76 -12 10 2
-79 -11 6 2
-80 -10 11 1
-80 -10 10 1
-80 -10 9 1
-80 -11 11 1
-80 -11 10 1
-80 -11 9 1
-80 -12 11 1
-80 -12 10 1
-61 -12 1 1
-61 -13 3 1
-61 -14 3 2
-59 -11 0 2
-91 -1 17 0
-91 -1 16 1
-57 -10 -1 1
-58 -10 -1 1
-56 -9 3 2
-57 -9 3 2
-58 -9 3 1
-58 -10 3 1
-58 -11 3 1
-56 -2 3 1
-66 -4 6 1
-66 -4 7 1
-66 -3 6 0
-66 -3 7 0
-61 -8 10 0
-61 -8 11 0
-63 -7 12 0
-64 -8 6 1
-64 -8 7 1
-59 -15 9 0
-60 -16 8 0
-64 -8 8 1
-63 -8 6 1
-63 -8 7 1
-63 -8 8 1
-62 -8 6 1
-62 -8 7 1
-62 -8 8 1
-52 -31 3 0
-52 -30 3 0
-52 -29 3 0
-52 -28 3 0
-95 -13 10 0
-85 -3 10 1
-67 -30 8 0
-67 -30 7 1
-54 -17 0 2
-54 -16 0 2
-54 -15 0 2
-66 -26 5 1
-66 -26 4 1
-66 -27 6 1
-66 -27 5 1
-66 -27 4 1
-66 -28 6 1
-57 -3 4 1
-68 -44 6 0
-55 -2 0 2
-68 -45 6 0
-55 -4 0 2
-55 -4 -1 1
-51 -4 12 0
-68 -45 5 0
-52 -3 12 0
-67 -46 5 0
-52 -4 12 0
-69 -48 6 0
-71 -45 6 0
-70 -45 6 0
-70 -44 5 0
-89 -1 1 1
-89 -1 2 1
-71 -25 4 2
-79 -4 10 2
-71 -25 5 2
-71 -24 4 1
-55 -1 0 2
-55 -4 1 1
-71 -24 5 1
-71 -24 6 1
-71 -23 5 1
-71 -23 6 1
-56 -22 3 1
-58 -5 6 0
-94 -6 12 1
-77 -40 6 1
-78 -41 8 0
-78 -41 6 1
-78 -42 8 0
-78 -43 8 0
-77 -44 8 0
-75 -44 7 0
-93 -49 11 1
-85 -37 5 2
-84 -37 3 1
-84 -37 4 1
-64 -37 3 1
-64 -37 2 1
-85 -13 6 1
-85 -1 7 2
-86 -13 7 1
-71 -23 10 0
-100 -8 8 1
-84 -13 7 1
-51 -13 7 0
-52 -12 5 2
-52 -12 6 1
-51 -12 5 2
-51 -12 6 1
-53 -11 5 1
-51 -10 5 1
-53 -11 6 1
-51 -10 4 1
-54 -12 5 1
-54 -11 5 0
-54 -10 5 0
-54 -9 5 0
-54 -12 6 1
-54 -11 6 0
-54 -9 4 1
-57 -10 5 0
-57 -10 7 0
-57 -10 4 1
-58 -13 7 0
-52 -15 7 0
-54 -13 8 0
-54 -13 9 0
-52 -10 4 1
-53 -10 5 1
-53 -16 -1 1
-53 -17 0 1
-53 -17 -1 1
-53 -18 0 1
-53 -18 -1 1
-55 -16 4 1
-55 -17 4 1
-71 -8 9 1
-71 -7 11 0
-70 -8 12 1
-53 -16 1 2
-52 -16 1 1
-52 -16 -1 1
-52 -16 0 2
-51 -16 -1 1
-51 -16 0 1
-86 -6 7 1
-71 -2 6 1
-77 -2 9 1
-66 -5 9 0
-84 -7 7 1
-82 -8 3 1
-88 -3 7 1
-95 -4 2 1
-95 -4 3 1
-95 -4 4 1
-97 -4 1 1
-97 -3 1 1
-60 -9 2 1
-78 -50 -1 1
-78 -50 0 1
-78 -49 -1 1
-78 -49 0 1
-78 -48 -1 1
-78 -48 0 1
-82 -36 8 1
-83 -39 4 2
-84 -40 3 1
-92 -15 8 1
-84 -39 4 1
-83 -40 3 1
-83 -39 3 1
-79 -39 10 0
-82 -35 8 1
-61 -12 3 2
-59 -15 -1 1
-96 -21 8 1
-95 -21 7 1
-95 -21 8 1
-93 -20 8 0
-94 -20 7 1
-94 -19 7 1
-94 -19 8 1
-94 -18 7 1
-68 -6 10 0
-70 -7 0 1
-70 -5 0 1
-68 -5 0 2
-67 -7 -1 1
-67 -6 -1 1
-67 -5 -1 1
-82 -40 10 1
-76 -44 5 0
-52 -1 0 1
-52 -1 1 1
-83 -30 10 1
-83 -30 11 1
-55 -12 5 0
-69 -33 6 1
-99 -17 10 0
-83 -45 5 2
-78 -37 0 2
-77 -37 -1 1
-77 -37 0 2
-58 -10 0 2
-93 -1 15 2
-59 -11 3 1
-59 -11 4 2
-59 -11 5 1
-58 -11 4 1
-58 -11 5 1
-93 -3 4 1
-93 -3 3 1
-73 -30 11 0
-94 -3 5 1
-94 -1 2 2
-94 -2 4 2
-83 -1 8 1
-83 -1 9 1
-83 -1 10 1
-100 -37 8 1
-100 -37 10 1
-100 -36 10 1
-100 -35 9 1
-100 -35 10 1
-97 -12 12 0
-99 -11 11 0
-98 -11 12 0
-98 -10 11 0
-99 -11 12 0
-98 -9 12 0
-100 -10 11 0
-99 -9 11 0
-98 -9 11 0
-99 -10 12 0
-54 -42 4 0
-100 -11 6 2
-99 -10 11 0
-99 -10 10 0
-73 -34 8 0
-60 -50 1 1
-62 -49 2 0
-61 -48 2 0
-61 -48 3 0
-61 -48 1 0
-62 -48 2 0
-62 -48 3 0
-62 -48 1 0
-64 -48 2 0
-64 -48 3 0
-64 -48 1 1
-64 -50 3 0
-64 -50 1 1
-62 -50 4 0
-62 -50 0 0
-54 -5 11 0
-58 -34 6 0
-58 -34 7 0
-74 -47 4 0
-59 -33 7 0
-60 -32 6 0
-60 -33 7 0
-60 -36 6 0
-60 -36 7 0
-59 -35 6 0
-59 -36 6 0
-59 -35 7 0
-57 -34 6 0
-57 -34 7 0
-57 -34 5 0
-57 -33 6 0
-58 -33 7 0
-86 -3 16 1
-85 -3 14 1
-94 -3 17 0
-92 -2 11 1
-92 -2 12 1
-92 -1 10 2
-92 -1 11 2
-92 -1 12 2
-96 -40 6 0
-96 -40 4 1
-98 -39 7 0
-96 -12 9 0
-96 -12 10 0
-96 -12 8 1
-96 -14 10 0
-96 -15 9 1
-82 -29 3 1
-82 -29 4 1
-56 -31 1 0
-80 -46 7 0
-82 -2 3 1
-100 -32 4 1
-87 -32 -1 1
-87 -31 0 1
-88 -2 6 1
-87 -32 2 1
-87 -32 1 1
-87 -32 0 1
-87 -31 -1 1
-84 -10 9 1
-84 -9 9 1
-64 -9 10 0
-64 -9 11 0
-62 -8 10 0
-63 -8 11 0
-64 -7 12 0
-61 -7 10 0
-61 -7 11 0
-61 -5 10 0
-87 -35 2 1
-86 -35 2 1
-64 -18 7 0
-92 -26 4 1
-91 -26 3 1
-63 -8 10 0
-63 -9 10 0
-63 -9 11 0
-90 -13 8 1
-56 -24 6 1
-56 -19 6 2
-56 -19 5 1
-56 -19 4 1
-57 -21 7 1
-56 -22 7 0
-55 -23 7 0
-55 -23 6 1
-74 -3 3 2
-86 -1 12 1
-78 -19 4 1
-76 -15 5 1
-77 -18 4 1
-79 -17 4 1
-58 -3 7 0
-57 -2 7 0
-89 -1 9 2
-68 -19 9 0
-68 -20 9 0
-86 -1 13 1
-61 -16 10 0
-67 -18 8 0
-60 -10 -1 1
-60 -11 1 1
-60 -11 0 2
-60 -11 -1 1
-75 -48 3 0
-76 -47 4 0
-76 -47 3 1
-58 -8 0 1
-59 -8 2 1
-59 -8 1 1
-59 -8 0 1
-59 -9 2 1
-59 -9 0 2
-59 -10 2 1
-56 -12 5 1
-56 -12 4 1
-56 -13 5 1
-56 -13 4 1
-56 -14 5 1
-89 -7 14 1
-56 -3 8 0
-70 -25 4 1
-79 -4 3 1
-79 -3 3 1
-92 -22 12 0
-87 -13 6 1
-99 -9 9 0
-60 -2 5 1
-60 -2 4 2
-94 -14 8 1
-60 -2 3 2
-91 -13 8 1
-94 -13 9 0
-95 -14 9 0
-52 -37 6 0
-52 -37 7 0
-67 -28 2 1
-68 -23 9 0
-67 -29 2 1
-70 -22 8 0
-72 -25 9 0
-64 -30 7 0
-51 -22 5 0
-51 -21 5 1
-51 -22 6 0
-98 -13 10 0
-91 -4 14 1
-79 -2 4 1
-79 -2 5 1
-84 -2 4 1
-83 -2 4 1
-66 -41 2 1
-92 -44 9 1
-99 -39 8 1
-97 -3 10 1
-97 -2 8 1
-97 -2 9 1
-76 -3 3 1
-76 -1 3 2
-75 -1 1 1
-75 -1 3 1
-74 -1 1 1
-74 -1 2 1
-74 -1 3 1
-87 -7 9 1
-87 -27 11 0
-87 -27 13 0
-66 -40 2 1
-76 -3 0 1
-97 -39 11 0
-76 -1 0 2
-75 -1 0 2
-77 -4 11 2
-85 -5 6 1
-85 -6 7 1
-73 -6 2 1
-86 -6 6 1
-79 -3 9 1
-72 -1 -1 1
-71 -1 -1 1
-51 -2 0 2
-51 -1 0 1
-51 -1 1 2
-78 -43 4 1
-78 -43 3 1
-80 -45 3 0
-79 -44 1 1
-79 -44 2 1
-51 -18 -1 1
-51 -19 0 1
-51 -19 -1 1
-51 -17 1 1
-52 -17 1 2
-53 -17 1 2
-81 -39 2 1
-81 -39 3 1
-81 -39 4 1
-80 -41 2 1
-79 -40 2 1
-79 -40 3 2
-79 -39 4 1
-75 -39 7 0
-66 -15 6 0
-65 -14 6 0
-69 -14 5 1
-69 -14 4 1
-69 -14 3 1
-83 -29 3 1
-83 -30 5 2
-84 -5 4 1
-63 -6 7 2
-53 -2 13 0
-67 -1 8 0
-68 -2 9 1
-89 -41 6 1
-73 -2 8 2
-96 -37 6 0
-98 -37 4 0
-84 -5 5 1
-73 -5 9 1
-78 -8 2 1
-80 -2 9 1
-59 -27 3 1
-82 -44 9 0
-59 -26 3 1
-83 -43 7 1
-59 -26 5 1
-58 -27 3 1
-98 -14 6 1
-97 -13 11 0
-96 -15 7 1
-96 -16 9 1
-96 -16 8 2
-96 -16 7 2
-96 -17 9 1
-81 -44 6 0
-81 -45 8 0
-81 -44 7 0
-100 -42 4 0
-100 -42 5 0
-58 -17 8 0
-76 -50 10 0
-53 -17 8 0
-99 -42 5 0
-56 -15 8 0
-56 -15 9 0
-56 -15 10 0
-57 -14 6 1
-84 -48 10 0
-84 -47 10 0
-83 -48 10 0
-83 -47 10 0
-82 -49 8 0
-82 -49 9 0
-81 -49 8 0
-81 -49 9 0
-87 -2 15 2
-87 -2 16 1
-86 -2 14 1
-86 -2 15 2
-51 -37 3 0
-52 -37 4 0
-78 -13 4 1
-80 -7 4 1
-76 -1 1 2
-64 -11 2 1
-65 -9 1 2
-66 -3 11 0
-70 -1 10 0
-64 -7 3 1
-64 -8 2 1
-64 -9 4 2
-63 -8 3 2
-64 -11 1 1
-64 -11 0 1
-64 -11 -1 1
-64 -12 1 1
-64 -12 0 1
-64 -12 -1 1
-85 -13 8 1
-90 -10 8 1
-78 -39 11 0
-80 -39 9 1
-94 -41 7 0
-89 -7 3 1
-93 -11 9 0
-62 -16 7 0
-54 -2 9 0
-63 -5 9 1
-83 -46 6 1
-83 -46 5 2
-83 -46 4 1
-83 -47 6 1
-83 -47 5 2
-69 -26 9 0
-84 -47 6 1
-68 -47 0 1
-68 -46 -1 1
-68 -46 0 1
-68 -46 1 1
-68 -45 -1 1
-66 -45 3 1
-68 -45 3 1
-67 -45 2 1
-67 -43 3 1
-67 -43 2 1
-68 -42 3 2
-51 -33 1 1
-51 -32 -1 1
-51 -32 0 1
-51 -31 -1 1
-51 -31 0 2
-51 -31 1 1
-51 -30 3 0
-51 -29 3 0
-51 -27 3 0
-63 -1 3 1
-60 -42 -1 1
-67 -4 11 0
-51 -31 5 0
-51 -30 5 0
-51 -30 6 0
-86 -28 -1 1
-98 -17 12 0
-98 -17 11 0
-80 -31 2 1
-73 -38 1 1
-80 -32 2 1
-51 -32 7 0
-67 -43 4 1
-72 -39 7 1
-51 -32 6 0
-69 -34 8 0
-70 -33 11 0
-68 -32 8 0
-68 -32 9 0
-84 -19 3 1
-61 -9 1 1
-69 -31 8 0
-68 -34 9 0
-69 -33 7 0
-66 -33 8 0
-66 -33 9 0
-66 -32 8 0
-66 -32 9 0
-52 -1 11 0
-89 -3 15 2
-89 -3 16 1
-93 -10 11 0
-60 -11 7 0
-62 -11 9 0
-74 -26 3 1
-74 -26 4 2
-74 -26 5 1
-74 -25 3 1
-74 -25 4 1
-73 -26 3 1
-73 -25 3 1
-72 -27 3 1
-72 -26 3 1
-72 -26 5 1
-72 -25 3 1
-72 -25 4 1
-72 -30 4 1
-72 -30 3 1
-73 -28 5 1
-73 -28 4 1
-95 -12 7 1
-95 -12 6 1
-96 -12 7 2
-96 -12 6 1
-96 -13 8 1
-96 -13 7 2
-96 -13 6 1
-96 -14 7 2
-96 -14 6 1
-77 -1 10 0
-78 -1 10 0
-97 -15 9 1
-97 -13 8 1
-97 -13 10 0
-97 -13 9 0
-97 -12 9 0
-96 -13 9 0
-95 -11 8 1
-59 -7 -1 1
-87 -5 8 2
-59 -6 -1 1
-59 -6 0 2
-59 -6 1 1
-88 -5 8 2
-88 -6 8 2
-87 -2 8 1
-72 -28 8 0
-71 -28 7 0
-72 -28 7 0
-60 -41 5 0
-53 -15 0 2
-53 -15 1 1
-54 -15 1 1
-55 -15 2 1
-55 -15 1 1
-82 -26 10 1
-82 -25 8 1
-82 -25 9 1
-82 -25 10 1
-90 -7 6 1
-90 -7 7 1
-89 -8 6 1
-89 -8 7 1
-72 -31 4 1
-72 -31 3 1
-99 -17 12 0
-82 -19 4 1
-67 -18 9 0
-95 -39 4 2
-67 -43 -1 1
-68 -43 0 2
-86 -10 4 1
-93 -38 9 1
-75 -50 1 1
-74 -50 -1 1
-74 -50 0 1
-74 -50 1 1
-76 -49 4 0
-92 -16 4 1
-78 -50 3 1
-76 -50 2 2
-77 -50 1 1
-77 -50 2 1
-87 -27 2 1
-76 -40 -1 1
-77 -38 1 1
-77 -38 0 2
-77 -40 2 2
-98 -9 7 1
-79 -50 6 0
-69 -46 5 0
-67 -5 8 0
-56 -11 3 1
-67 -5 9 0
-56 -11 1 2
-56 -12 3 2
-56 -13 3 1
-58 -40 7 0
-58 -40 4 0
-88 -25 13 0
-88 -23 12 0
-88 -23 13 0
-86 -1 17 0
-91 -26 12 0
-91 -26 13 0
-89 -26 12 0
-54 -1 2 0
-88 -26 11 1
-90 -25 11 1
-89 -26 9 1
-86 -36 5 1
-86 -36 4 1
-62 -36 1 1
-67 -4 1 1
-60 -36 3 0
-52 -11 6 1
-52 -9 5 0
-52 -9 6 0
-51 -9 6 0
-65 -33 3 1
-65 -33 4 1
-65 -33 5 2
-64 -33 5 1
-63 -35 5 1
-63 -34 5 1
-63 -33 5 2
-66 -37 6 1
-80 -46 4 0
-80 -46 8 0
-79 -47 7 0
-79 -44 7 0
-79 -44 6 0
-75 -43 8 0
-75 -43 7 0
-76 -43 7 0
-75 -8 8 2
-76 -7 9 2
-76 -7 8 2
-76 -8 9 2
-80 -3 10 2
-84 -1 13 1
-63 -32 5 1
-63 -32 4 1
-84 -8 7 1
-84 -2 6 1
-83 -2 6 1
-78 -2 10 1
-78 -2 11 1
-96 -9 8 1
-95 -9 8 1
-95 -9 9 0
-88 -1 10 1
-84 -1 6 2
-84 -1 7 2
-83 -1 5 1
-54 -2 12 0
-52 -7 10 0
-53 -7 10 0
-52 -3 1 1
-51 -8 6 0
-82 -43 10 0
-80 -43 10 0
-73 -48 8 0
-74 -46 7 0
-77 -45 9 0
-66 -1 5 0
-96 -39 6 0
-97 -39 4 0
-96 -39 4 1
-96 -37 5 0
-94 -41 5 0
-93 -41 5 1
-92 -41 6 2
-99 -37 6 1
-99 -37 4 0
-99 -39 6 1
-99 -39 4 0
-98 -40 5 0
-93 -40 5 1
-93 -40 6 1
-93 -40 7 1
-92 -42 5 1
-92 -42 6 1
-92 -42 7 1
-92 -41 5 1
-92 -41 7 2
-92 -40 5 1
-92 -40 6 2
-92 -40 7 2
-91 -42 5 2
-91 -42 6 2
-91 -42 7 1
-91 -41 5 1
-91 -41 6 2
-91 -41 7 2
-91 -40 5 1
-91 -40 6 1
-91 -40 7 1
-93 -41 4 0
-93 -39 5 1
-93 -39 6 2
-94 -40 7 1
-94 -39 7 2
-94 -38 5 1
-94 -38 6 1
-94 -38 7 1
-87 -29 11 1
-87 -29 12 1
-87 -29 10 1
-85 -31 11 2
-62 -13 7 0
-62 -13 6 0
-79 -33 6 0
-78 -32 5 1
-78 -35 4 1
-78 -35 7 0
-77 -35 5 0
-76 -8 2 1
-78 -13 3 2
-77 -13 3 1
-77 -13 2 1
-63 -24 3 2
-63 -24 2 1
-63 -25 3 1
-63 -25 2 1
-63 -26 3 1
-63 -26 2 1
-64 -24 3 1
-64 -24 2 1
-64 -25 2 1
-64 -26 3 1
-64 -26 2 1
-65 -24 4 1
-65 -24 3 1
-65 -24 2 1
-65 -25 3 1
-65 -25 2 1
-64 -25 3 2
-64 -25 10 0
-64 -25 9 0
-64 -29 5 0
-67 -24 5 1
-67 -24 4 1
-68 -24 6 1
-80 -11 6 2
-94 -24 12 0
-58 -42 7 0
-57 -43 7 0
-59 -43 7 0
-58 -43 6 0
-59 -43 6 0
-58 -43 8 0
-58 -44 7 0
-60 -42 7 0
-59 -44 7 0
-60 -44 6 0
-59 -45 5 0
-100 -40 4 0
-97 -43 5 0
-96 -43 6 0
-96 -44 6 0
-64 -34 7 1
-65 -34 7 1
-85 -30 4 1
-83 -39 7 1
-72 -6 0 1
-92 -49 5 1
-91 -49 5 1
-90 -49 5 1
-81 -46 9 0
-78 -47 1 1
-62 -28 8 0
-93 -3 2 1
-76 -29 2 1
-74 -29 6 0
-75 -27 3 1
-75 -27 4 1
-75 -27 5 1
-74 -27 3 1
-74 -27 4 2
-74 -27 5 1
-73 -27 3 1
-73 -27 4 1
-94 -46 11 2
-75 -29 1 1
-75 -28 1 1
-75 -28 2 1
-74 -29 2 1
-74 -28 2 1
-76 -30 7 0
-88 -33 2 1
-88 -33 3 1
-88 -33 4 1
-88 -32 4 1
-87 -34 3 2
-87 -34 4 2
-86 -34 3 2
-86 -34 4 2
-85 -32 6 1
-84 -32 6 1
-84 -31 6 1
-84 -30 6 1
-89 -1 10 2
-79 -43 5 0
-79 -43 9 0
-81 -43 6 0
-96 -10 7 2
-96 -10 6 1
-51 -11 5 1
-51 -11 7 0
-69 -22 7 0
-51 -11 6 1
-69 -22 10 0
-67 -23 8 0
-67 -23 9 0
-69 -24 10 0
-71 -22 9 0
-69 -20 8 0
-69 -20 10 0
-68 -45 4 0
-69 -45 4 0
-78 -4 8 2
-78 -4 9 2
-78 -3 8 2
-78 -3 9 1
-77 -4 8 1
-77 -4 9 1
-96 -37 9 0
-62 -46 1 1
-62 -47 2 0
-62 -47 3 0
-62 -49 3 0
-62 -49 1 0
-61 -49 3 0
-61 -49 1 0
-59 -49 2 0
-59 -49 3 0
-59 -49 1 1
-61 -47 4 0
-61 -47 1 0
-61 -47 0 0
-96 -17 7 1
-97 -40 2 1
-82 -21 5 1
-82 -21 6 2
-82 -21 7 2
-81 -22 5 1
-81 -22 6 1
-81 -22 7 1
-81 -21 5 2
-81 -21 7 2
-80 -22 5 1
-80 -22 6 1
-80 -22 7 1
-80 -21 5 1
-80 -21 6 1
-80 -21 7 1
-82 -21 8 1
-81 -21 8 1
-80 -21 8 1
-82 -21 4 1
-81 -22 4 1
-81 -21 4 1
-80 -22 4 1
-80 -21 4 1
-79 -20 8 1
-81 -19 2 1
-80 -19 2 1
-80 -19 3 1
-66 -14 0 1
-66 -14 1 1
-65 -15 2 0
-71 -4 4 1
-69 -4 0 2
-68 -4 3 1
-67 -4 3 1
-67 -4 4 1
-66 -4 3 1
-66 -4 4 1
-68 -4 -1 1
-67 -4 -1 1
-89 -25 1 1
-90 -33 4 2
-91 -34 3 1
-91 -34 4 1
-91 -34 5 1
-91 -33 4 1
-91 -33 5 1
-90 -34 3 1
-90 -34 4 1
-90 -34 5 1
-90 -33 5 1
-78 -13 9 1
-74 -13 5 1
-74 -13 6 1
-71 -3 3 1
-72 -3 2 1
-72 -3 3 1
-59 -23 7 0
-72 -5 2 1
-72 -5 3 1
-86 -5 16 1
-68 -7 2 2
-68 -7 1 2
-68 -8 3 1
-68 -8 2 1
-68 -9 3 1
-68 -9 2 1
-68 -9 1 1
-63 -5 1 2
-63 -44 6 0
-62 -44 6 0
-59 -10 10 0
-59 -10 7 0
-59 -10 6 0
-82 -28 10 1
-78 -7 10 1
-78 -7 11 1
-78 -7 12 1
-78 -6 12 1
-78 -5 12 1
-77 -7 12 1
-77 -6 12 1
-77 -5 12 1
-61 -7 4 1
-60 -7 3 1
-76 -5 12 1
-70 -30 6 0
-71 -32 6 0
-70 -33 6 0
-52 -3 13 0
-66 -34 6 1
-69 -32 7 0
-57 -7 6 0
-81 -25 8 1
-57 -7 5 0
-57 -5 4 0
-80 -27 8 1
-66 -8 3 1
-80 -27 10 2
-66 -9 3 2
-66 -10 4 1
-66 -10 3 1
-64 -8 0 2
-65 -8 2 1
-65 -8 1 1
-65 -8 0 1
-87 -32 10 1
-91 -40 11 1
-91 -39 10 1
-91 -39 11 1
-95 -42 8 0
-95 -42 9 1
-95 -43 8 0
-95 -43 9 1
-94 -43 8 0
-85 -31 8 1
-85 -30 8 1
-85 -33 9 1
-57 -6 9 0
-85 -33 11 1
-57 -6 10 0
-58 -5 10 0
-59 -4 10 0
-58 -7 10 0
-58 -8 10 0
-59 -6 11 0
-59 -6 8 0
-59 -6 7 0
-83 -32 11 1
-83 -31 9 1
-83 -31 10 1
-83 -31 11 1
-85 -33 8 1
-84 -33 8 1
-69 -17 4 1
-69 -17 3 1
-69 -18 5 1
-69 -18 4 2
-69 -18 3 1
-69 -19 5 1
-69 -19 4 2
-69 -19 3 1
-68 -18 4 2
-67 -17 7 0
-66 -16 6 0
-65 -9 10 0
-66 -8 11 0
-66 -5 11 0
-65 -6 10 0
-64 -5 11 0
-65 -6 11 0
-65 -25 7 0
-64 -26 8 0
-52 -38 6 0
-63 -27 8 0
-63 -27 7 1
-64 -27 3 1
-64 -27 2 1
-64 -28 3 1
-64 -28 2 1
-64 -29 4 1
-64 -29 3 1
-64 -29 2 1
-65 -28 9 0
-65 -28 8 0
-66 -25 7 1
-66 -25 6 1
-76 -1 9 1
-100 -8 10 0
-94 -11 10 0
-88 -3 17 0
-87 -7 6 1
-51 -38 7 0
-52 -6 11 0
-52 -5 10 0
-60 -3 7 1
-59 -3 8 0
-60 -3 8 1
-59 -5 8 0
-58 -3 9 0
-58 -3 6 0
-58 -3 5 1
-55 -2 11 0
-88 -6 7 2
-88 -5 7 2
-87 -6 7 1
-57 -1 8 0
-87 -5 7 2
-98 -36 4 1
-100 -36 4 1
-97 -38 4 0
-97 -38 6 0
-97 -38 5 0
-98 -38 5 0
-75 -50 6 0
-73 -31 6 0
-74 -32 5 0
-74 -32 6 0
-74 -32 9 0
-76 -32 7 0
-71 -50 4 0
-70 -48 4 0
-69 -48 4 0
-69 -48 3 0
-70 -47 4 0
-82 -3 5 1
-82 -3 4 1
-96 -42 9 0
-56 -16 1 2
-56 -16 2 2
-56 -16 3 1
-56 -15 2 1
-56 -5 10 0
-81 -23 4 1
-56 -7 10 0
-54 -4 7 0
-64 -19 8 0
-63 -18 9 0
-76 -40 3 1
-76 -40 4 1
-76 -40 5 1
-78 -39 4 1
-87 -32 4 1
-78 -40 2 2
-78 -39 2 1
-79 -41 1 1
-79 -40 1 1
-78 -41 1 1
-78 -40 1 1
-77 -41 1 1
-89 -31 3 1
-79 -5 11 1
-82 -7 8 1
-82 -7 9 1
-74 -48 5 0
-81 -7 8 1
-81 -7 9 1
-87 -46 4 1
-87 -45 3 1
-86 -45 3 1
-86 -45 5 2
-85 -45 3 1
-65 -26 6 1
-64 -28 4 1
-70 -46 7 0
-86 -2 7 2
-67 -46 6 0
-85 -4 8 1
-67 -44 5 0
-76 -40 8 0
-77 -38 8 0
-76 -37 8 0
-76 -38 8 0
-56 -3 7 0
-85 -5 10 1
-82 -1 8 1
-89 -7 7 2
-100 -1 6 1
-86 -5 10 1
-99 -35 6 2
-86 -1 3 1
-99 -34 8 1
-99 -1 4 0
-82 -6 9 1
-87 -3 10 1
-53 -5 8 0
-81 -6 7 2
-91 -1 4 2
-87 -13 11 1
-99 -9 8 1
-61 -2 9 0
-82 -45 7 0
-76 -41 5 1
-76 -41 6 1
-76 -41 9 0
-76 -41 8 0
-76 -43 8 0
-76 -39 6 0
-76 -39 8 0
-76 -39 7 0
-76 -40 7 0
-75 -40 6 0
-75 -40 8 0
-51 -21 6 1
-54 -21 5 2
-55 -22 4 1
-81 -44 5 0
-81 -44 9 0
-81 -44 8 0
-55 -21 5 2
-55 -21 6 1
-55 -20 4 1
-55 -20 5 1
-55 -20 6 2
-54 -22 4 1
-54 -22 5 1
-54 -22 6 1
-54 -21 4 2
-53 -22 5 1
-85 -1 16 1
-53 -21 4 1
-53 -21 5 2
-53 -20 5 2
-86 -1 16 1
-52 -20 5 2
-53 -19 4 1
-53 -19 5 1
-53 -19 6 2
-52 -21 4 1
-52 -21 5 1
-52 -19 4 2
-52 -19 5 2
-52 -19 6 2
-51 -21 4 1
-56 -30 4 0
-55 -30 4 0
-56 -30 5 0
-55 -30 5 0
-55 -28 4 0
-55 -28 5 0
-79 -5 6 1
-68 -48 -1 1
-68 -48 0 1
-69 -47 2 0
-99 -7 8 1
-63 -22 4 1
-63 -22 5 1
-63 -22 6 1
-62 -22 4 1
-62 -22 5 1
-66 -24 6 0
-66 -23 5 0
-68 -24 7 0
-68 -24 5 1
-63 -30 7 0
-63 -29 8 0
-100 -36 5 1
-63 -13 8 0
-63 -13 9 0
-61 -15 8 0
-61 -13 7 0
-61 -13 6 0
-74 -3 7 1
-73 -4 7 1
-73 -3 7 1
-76 -2 8 2
-89 -12 11 1
-89 -11 10 0
-72 -22 9 0
-72 -23 9 0
-70 -24 10 0
-70 -24 11 0
-70 -24 7 0
-78 -40 11 0
-78 -40 10 0
-80 -40 9 0
-86 -1 9 1
-86 -1 10 1
-86 -1 11 1
-53 -27 4 0
-71 -48 -1 1
-98 -12 9 0
-99 -1 8 0
-96 -3 7 1
-97 -1 7 1
-89 -2 5 1
-89 -2 2 1
-97 -1 12 1
-97 -1 11 1
-92 -44 11 1
-76 -33 8 0
-76 -35 8 0
-76 -35 9 0
-74 -37 9 0
-75 -50 -1 1
-97 -26 3 1
-97 -26 4 1
-91 -15 2 1
-91 -15 3 2
-92 -15 2 1
-92 -15 3 2
-90 -16 3 1
-99 -26 6 2
-99 -26 7 1
-98 -26 6 1
-98 -26 7 1
-100 -26 5 1
-100 -27 3 1
-100 -27 4 1
-100 -27 5 2
-100 -26 3 1
-100 -26 4 1
-99 -27 3 2
-99 -27 4 2
-99 -27 5 2
-98 -27 3 1
-98 -27 4 1
-98 -27 5 1
-100 -25 2 1
-100 -24 2 1
-87 -30 11 2
-86 -28 10 0
-95 -18 3 1
-84 -27 10 0
-83 -27 12 0
-83 -26 11 0
-98 -14 8 1
-99 -13 10 0
-66 -20 6 0
-88 -2 5 1
-65 -21 9 0
-70 -26 8 0
-93 -17 4 1
-55 -3 10 0
-55 -4 10 0
-58 -46 2 0
-58 -46 3 0
-59 -45 2 0
-58 -45 2 0
-59 -45 3 0
-58 -45 3 0
-60 -45 2 0
-60 -44 2 0
-60 -45 3 0
-60 -44 3 0
-61 -46 3 0
-58 -47 2 0
-58 -47 3 0
-60 -46 3 0
-60 -46 4 0
-60 -46 1 0
-60 -46 0 0
-60 -46 2 0
-85 -40 10 1
-64 -50 2 0
-51 -1 10 0
-62 -45 4 0
-63 -47 5 0
-63 -46 6 0
-62 -46 6 0
-62 -45 3 0
-65 -45 4 0
-65 -44 4 1
-65 -47 5 0
-65 -46 5 0
-66 -48 5 0
-68 -48 6 0
-64 -49 5 0
-63 -49 5 0
-65 -48 6 0
-65 -48 7 0
-65 -48 8 0
-65 -48 0 2
-66 -48 -1 1
-66 -48 0 1
-66 -48 1 1
-66 -47 -1 1
-66 -47 0 1
-66 -47 1 1
-65 -48 -1 1
-65 -48 1 1
-65 -47 -1 1
-65 -47 0 1
-65 -47 1 1
-64 -48 -1 1
-64 -48 0 1
-64 -47 -1 1
-64 -47 0 2
-64 -47 1 1
-65 -48 3 0
-65 -48 2 0
-99 -18 11 0
-99 -17 11 0
-96 -3 10 1
-96 -3 9 1
-96 -1 11 1
-58 -4 9 0
-59 -4 4 1
-85 -46 9 0
-96 -11 9 0
-82 -3 6 1
-60 -11 10 0
-72 -46 2 1
-83 -1 18 0
-83 -3 15 0
-90 -40 10 1
-92 -47 5 1
-92 -46 3 1
-91 -48 3 1
-63 -34 8 0
-72 -6 2 1
-60 -13 4 1
-97 -20 11 0
-97 -21 11 0
-97 -20 12 0
-95 -20 11 0
-96 -20 12 0
-96 -20 11 0
-99 -35 4 2
-51 -1 14 0
-80 -6 5 1
-100 -1 7 1
-53 -1 14 0
-53 -2 14 0
-57 -37 5 0
-97 -16 12 0
-92 -14 8 1
-88 -2 12 1
-78 -14 6 1
-91 -47 11 1
-91 -47 10 1
-83 -32 12 2
-83 -33 12 1
-71 -2 9 1
-71 -2 8 1
-72 -1 8 1
-72 -2 9 1
-64 -24 5 1
-98 -4 4 1
-98 -3 2 1
-98 -2 2 1
-97 -4 2 1
-97 -4 4 1
-97 -3 2 1
-94 -12 11 0
-94 -11 11 0
-94 -12 12 0
-94 -11 12 0
-96 -12 12 0
-96 -9 11 0
-79 -16 3 1
-56 -43 4 0
-59 -43 5 0
-58 -43 5 0
-57 -43 6 0
-56 -43 6 0
-60 -40 4 0
-60 -39 4 0
-77 -15 6 2
-60 -39 3 0
-63 -40 4 1
-62 -40 6 0
-63 -45 3 0
-57 -46 4 0
-58 -45 6 0
-77 -14 4 1
-87 -31 3 0
-87 -30 2 1
-88 -30 3 1
-89 -32 3 1
-88 -32 3 1
-87 -32 3 1
-88 -30 2 1
-88 -29 2 1
-87 -29 2 1
-88 -31 3 1
-100 -4 8 2
-100 -4 9 1
-100 -3 9 1
-100 -2 8 1
-99 -4 7 1
-99 -4 8 1
-99 -4 9 1
-99 -3 7 1
-99 -3 8 1
-99 -3 9 1
-99 -2 7 1
-99 -2 8 1
-100 -1 8 1
-53 -2 5 0
-53 -2 6 0
-74 -2 5 1
-61 -39 6 0
-64 -40 5 1
-68 -48 3 0
-59 -36 4 0
-51 -30 7 0
-51 -16 4 1
-51 -16 5 2
-75 -49 3 1
-76 -49 3 1
-74 -37 4 1
-74 -37 2 1
-52 -19 3 2
-53 -20 2 1
-53 -20 3 1
-53 -19 2 1
-53 -19 3 1
-54 -12 -1 1
-66 -46 6 0
-86 -7 2 1
-61 -1 8 0
-93 -14 9 0
-99 -35 9 1
-58 -9 10 0
-59 -13 10 0
-77 -45 1 1
-77 -45 2 1
-76 -45 1 1
-76 -45 2 1
-93 -4 15 2
-93 -4 14 1
-91 -2 17 0
-90 -1 17 0
-82 -22 7 2
-82 -22 6 2
-82 -22 5 2
-81 -21 6 2
-84 -21 5 1
-84 -20 8 1
-83 -20 7 1
-84 -21 6 1
-84 -19 8 2
-84 -19 7 2
-84 -19 6 2
-84 -19 5 2
-51 -1 9 0
-75 -48 1 1
-79 -44 4 0
-79 -44 5 0
-97 -20 8 1
-95 -1 9 1
-95 -1 10 2
-100 -12 7 2
-100 -12 6 1
-100 -13 6 1
-99 -12 11 0
-100 -17 9 1
-100 -17 8 1
-94 -1 5 1
-94 -1 6 1
-52 -3 6 0
-78 -1 9 1
-54 -3 4 0
-54 -3 3 0
-96 -12 11 0
-96 -11 6 1
-95 -11 6 1
-95 -11 7 2
-57 -11 9 0
-100 -9 6 1
-100 -9 7 2
-99 -9 6 1
-99 -9 7 2
-98 -9 6 1
-66 -45 5 0
-65 -45 5 0
-90 -43 7 1
-90 -43 8 1
-90 -42 6 2
-66 -44 6 0
-67 -43 5 1
-67 -43 6 0
-68 -44 5 0
-67 -47 6 0
-66 -47 5 0
-81 -30 4 1
-81 -30 3 2
-81 -31 4 2
-81 -31 3 1
-95 -10 9 0
-71 -41 3 1
-70 -40 4 2
-70 -41 4 2
-56 -30 3 0
-56 -28 3 0
-53 -27 3 0
-51 -28 6 0
-52 -28 6 0
-90 -31 2 1
-90 -32 2 1
-83 -30 4 2
-83 -31 4 2
-84 -31 4 1
-77 -33 5 1
-78 -34 5 1
-77 -36 6 0
-65 -50 0 2
-65 -50 -1 1
-66 -50 1 1
-66 -50 0 1
-66 -50 -1 1
-67 -50 1 1
-67 -50 0 1
-67 -50 -1 1
-65 -17 2 0
-75 -46 8 0
-52 -11 5 1
-52 -11 7 0
-80 -5 10 1
-80 -6 11 1
-65 -3 7 0
-65 -3 6 1
-65 -4 7 1
-65 -4 6 1
-94 -3 11 1
-61 -4 9 0
-61 -4 8 1
-86 -32 11 1
-70 -45 2 0
-70 -43 2 0
-67 -41 1 1
-83 -45 4 1
-93 -45 5 0
-87 -42 5 2
-87 -42 4 1
-87 -42 3 1
-87 -43 5 2
-100 -10 5 1
-99 -15 10 0
-99 -15 12 0
-98 -15 11 0
-99 -15 11 0
-100 -16 11 0
-100 -16 10 0
-99 -14 11 0
-57 -6 4 1
-58 -5 3 1
-60 -5 2 2
-58 -4 2 1
-58 -4 -1 1
-58 -4 0 2
-58 -4 1 1
-58 -3 -1 1
-61 -3 3 1
-59 -5 -1 1
-59 -5 0 1
-59 -4 -1 1
-59 -4 0 2
-59 -3 -1 1
-59 -3 0 2
-62 -5 4 2
-62 -5 5 1
-62 -4 3 1
-89 -43 8 2
-89 -42 6 2
-89 -42 7 2
-89 -42 8 2
-72 -38 9 2
-60 -5 4 1
-60 -5 5 1
-62 -2 3 1
-62 -1 3 1
-79 -39 6 0
-79 -41 7 0
-79 -41 8 0
-79 -41 6 0
-77 -41 9 0
-77 -41 5 2
-87 -1 7 1
-86 -14 7 1
-86 -1 7 1
-67 -46 2 1
-69 -44 -1 1
-82 -5 3 1
-61 -44 2 0
-60 -43 1 1
-60 -43 0 2
-60 -43 -1 1
-60 -44 1 1
-60 -44 0 1
-60 -44 -1 1
-60 -45 1 1
-60 -45 0 1
-60 -45 -1 1
-61 -44 8 0
-77 -14 8 2
-78 -10 6 1
-79 -11 7 1
-75 -3 6 1
-75 -3 5 1
-55 -17 6 2
-55 -16 6 2
-56 -20 2 1
-69 -3 9 0
-81 -3 5 2
-86 -4 4 2
-68 -3 10 0
-86 -3 4 2
-86 -3 5 2
-85 -4 4 1
-85 -4 5 1
-85 -3 4 1
-85 -3 5 1
-83 -29 9 0
-81 -30 11 0
-81 -30 10 0
-55 -19 3 1
-58 -14 6 0
-99 -40 10 1
-71 -48 4 0
-55 -2 7 0
-73 -6 1 1
-55 -15 6 1
-60 -15 6 0
-76 -8 7 1
-90 -2 11 1
-90 -2 10 1
-94 -38 2 1
-89 -9 7 0
-78 -42 4 1
-89 -10 7 1
-80 -44 4 0
-79 -43 1 1
-79 -43 2 1
-79 -43 3 1
-78 -43 1 1
-78 -43 2 2
-77 -43 1 1
-57 -16 6 1
-57 -16 7 1
-74 -31 1 1
-56 -16 7 1
-74 -30 1 1
-99 -41 4 0
-55 -16 7 1
-55 -15 7 1
-57 -15 6 1
-57 -14 7 0
-60 -15 7 0
-61 -17 7 0
-57 -17 8 0
-57 -17 9 0
-56 -18 -1 1
-85 -3 2 1
-52 -2 3 0
-52 -3 2 0
-52 -2 2 1
-53 -4 2 0
-52 -5 3 0
-52 -5 2 0
-51 -4 1 1
-96 -38 2 1
-96 -38 3 1
-96 -37 3 0
-95 -38 2 1
-95 -38 3 1
-54 -18 6 2
-54 -17 6 2
-54 -16 6 2
-54 -18 7 1
-54 -17 7 1
-54 -16 7 1
-54 -14 7 0
-56 -15 6 1
-56 -14 6 1
-55 -14 6 1
-90 -27 7 1
-91 -27 7 1
-90 -27 5 1
-90 -30 8 2
-91 -31 8 1
-91 -31 9 1
-91 -30 8 1
-91 -30 9 1
-91 -29 8 1
-91 -29 9 2
-90 -31 8 1
-76 -34 5 0
-77 -35 6 0
-79 -36 7 1
-79 -35 7 1
-89 -31 8 1
-89 -31 9 1
-80 -48 10 0
-89 -30 9 1
-89 -29 9 1
-87 -30 4 1
-85 -29 7 0
-87 -27 8 0
-87 -27 9 0
-88 -28 3 1
-88 -28 4 1
-58 -45 4 0
-57 -45 4 0
-58 -44 4 0
-78 -49 3 1
-78 -48 2 1
-78 -48 3 1
-88 -10 7 0
-91 -2 7 1
-87 -8 4 1
-83 -10 7 1
-61 -6 3 1
-61 -5 1 1
-61 -5 2 1
-61 -5 3 1
-76 -35 5 0
-76 -35 6 0
-78 -34 7 0
-60 -6 3 1
-60 -5 1 2
-60 -5 3 1
-60 -4 1 1
-60 -4 2 1
-59 -6 2 1
-59 -6 3 1
-59 -5 1 1
-59 -5 2 2
-59 -5 3 1
-59 -4 1 1
-59 -4 2 1
-58 -6 2 1
-58 -6 3 1
-58 -7 2 1
-73 -34 6 0
-76 -32 4 1
-76 -32 3 1
-100 -31 5 2
-55 -5 -1 1
-55 -5 0 2
-57 -8 -1 1
-57 -7 -1 1
-57 -6 -1 1
-56 -8 -1 1
-56 -7 -1 1
-56 -6 -1 1
-55 -8 -1 1
-55 -7 -1 1
-55 -6 -1 1
-61 -1 10 0
-58 -7 -1 1
-58 -7 0 2
-58 -7 1 2
-58 -6 -1 1
-58 -6 0 1
-58 -6 1 1
-58 -5 -1 1
-58 -5 0 1
-58 -5 1 1
-57 -5 -1 1
-57 -5 0 1
-57 -5 1 1
-56 -5 -1 1
-56 -5 0 2
-56 -5 1 1
-55 -9 -1 1
-53 -14 6 1
-52 -14 6 1
-51 -14 6 1
-53 -14 7 0
-52 -14 7 0
-51 -12 8 0
-52 -13 8 0
-51 -11 8 0
-89 -2 6 1
-87 -8 9 1
-88 -8 9 1
-85 -6 8 0
-56 -1 10 0
-55 -11 6 0
-55 -10 6 0
-55 -12 7 0
-55 -13 5 0
-52 -34 4 0
-52 -35 4 0
-52 -34 3 0
-53 -34 4 0
-53 -34 3 0
-54 -35 4 0
-52 -37 5 0
-51 -36 4 0
-93 -40 2 1
-51 -37 5 0
-51 -36 3 0
-52 -35 2 0
-90 -2 12 1
-90 -1 12 2
-94 -39 2 1
-89 -2 10 1
-89 -2 11 1
-89 -2 12 1
-94 -40 2 1
-91 -1 13 1
-91 -1 14 1
-88 -1 16 1
-95 -39 2 1
-95 -40 2 1
-77 -4 10 1
-87 -1 16 1
-90 -1 13 1
-90 -1 14 1
-67 -44 -1 1
-76 -6 7 1
-94 -38 3 1
-76 -5 7 2
-91 -1 9 2
-75 -6 7 1
-94 -39 3 2
-75 -5 7 2
-94 -40 3 1
-67 -44 0 1
-95 -40 3 1
-67 -44 1 1
-98 -40 4 0
-78 -4 11 2
-98 -39 11 0
-55 -2 5 0
-56 -1 5 1
-51 -33 4 0
-51 -34 4 0
-51 -33 3 0
-53 -33 4 0
-88 -10 5 0
-54 -3 6 0
-75 -7 7 1
-51 -34 2 0
-96 -6 15 0
-69 -35 8 0
-69 -35 9 0
-68 -34 8 0
-61 -26 7 1
-69 -33 10 0
-61 -26 8 0
-61 -26 6 2
-62 -24 7 0
-62 -24 6 1
-63 -24 7 0
-63 -24 8 0
-63 -24 6 1
-57 -17 6 1
-57 -18 7 1
-57 -17 4 1
-52 -14 8 0
-52 -13 7 0
-51 -15 8 0
-53 -14 8 0
-51 -13 8 0
-63 -17 6 1
-51 -16 7 0
-63 -17 4 2
-63 -20 7 0
-64 -20 4 2
-60 -20 9 0
-60 -20 10 0
-60 -20 3 1
-99 -44 11 1
-65 -11 0 1
-62 -7 4 1
-59 -36 5 0
-94 -3 2 1
-71 -41 -1 1
-71 -41 0 1
-71 -41 1 1
-71 -40 -1 1
-71 -40 0 1
-71 -40 1 1
-70 -40 3 1
-71 -42 7 1
-71 -42 3 1
-74 -44 5 0
-74 -45 5 0
-73 -44 6 0
-74 -44 7 0
-71 -45 5 0
-71 -44 6 0
-71 -45 7 0
-70 -43 6 0
-69 -44 7 0
-71 -42 8 0
-71 -42 9 0
-72 -43 -1 1
-72 -43 0 1
-72 -43 1 1
-71 -43 -1 1
-93 -22 2 1
-64 -47 4 0
-63 -46 4 0
-60 -47 4 0
-62 -47 5 0
-64 -47 8 0
-76 -44 8 0
-76 -45 7 0
-77 -45 8 0
-79 -44 8 0
-52 -1 2 1
-59 -13 9 0
-58 -13 9 0
-58 -13 10 0
-58 -13 8 0
-60 -3 6 1
-60 -4 6 1
-100 -33 5 1
-99 -38 8 1
-98 -38 8 1
-54 -12 3 2
-54 -12 2 2
-82 -14 9 1
-70 -24 4 1
-83 -4 2 1
-70 -23 4 1
-70 -23 5 2
-59 -3 6 0
-100 -18 11 0
-61 -2 6 1
-53 -15 -1 1
-90 -1 2 1
-90 -1 3 2
-88 -1 5 2
-92 -16 9 0
-51 -13 2 1
-79 -26 8 1
-79 -27 10 1
-79 -27 9 1
-79 -27 8 1
-79 -28 10 1
-79 -28 9 1
-79 -28 8 1
-80 -28 10 1
-54 -2 10 0
-51 -2 -2 1
-51 -3 0 2
-77 -44 2 1
-77 -44 1 1
-78 -44 2 2
-78 -44 1 1
-75 -35 6 0
-55 -6 10 0
-53 -5 12 0
-89 -12 10 1
-69 -22 9 0
-70 -23 9 0
-88 -6 10 1
-91 -44 11 0
-91 -44 10 0
-87 -28 4 1
-85 -45 12 0
-93 -45 7 0
-93 -46 7 1
-93 -46 6 1
-94 -45 7 1
-94 -45 6 1
-94 -46 7 1
-94 -46 6 1
-93 -46 11 1
-93 -46 10 1
-95 -45 8 1
-95 -46 8 2
-96 -45 8 1
-96 -46 8 2
-78 -50 2 1
-70 -32 2 1
-83 -41 11 1
-83 -42 11 1
-53 -19 1 1
-53 -20 1 1
-51 -18 2 1
-51 -19 2 1
-51 -20 2 1
-52 -18 2 2
-52 -19 2 2
-52 -20 2 2
-59 -2 7 0
-58 -2 8 0
-90 -1 11 2
-58 -2 7 0
-56 -2 8 0
-56 -2 7 0
-65 -20 10 0
-65 -20 9 0
-79 -49 9 0
-79 -49 8 0
-89 -1 14 1
-70 -23 10 0
-70 -23 11 0
-70 -23 7 0
-81 -42 6 0
-80 -44 8 0
-54 -4 -1 1
-52 -6 -1 1
-79 -42 5 0
-92 -37 8 1
-92 -37 9 1
-55 -23 3 1
-54 -24 7 0
-55 -19 7 1
-77 -39 11 0
-91 -45 7 0
-85 -50 9 0
-86 -8 7 1
-84 -10 6 2
-95 -20 10 0
-78 -6 7 1
-56 -41 1 0
-56 -41 5 0
-54 -42 2 0
-81 -41 7 0
-60 -38 5 0
-69 -22 11 0
-77 -12 3 2
-72 -46 3 1
-72 -45 2 1
-72 -45 4 1
-72 -44 2 1
-72 -44 3 1
-72 -44 4 1
-71 -46 2 1
-71 -45 2 1
-71 -45 3 1
-71 -45 4 1
-56 -9 9 0
-56 -9 8 0
-56 -10 9 0
-56 -10 8 0
-60 -13 7 0
-60 -13 8 0
-60 -13 11 0
-58 -14 9 0
-62 -13 8 0
-61 -11 10 0
-84 -47 11 0
-59 -11 10 0
-58 -11 9 0
-91 -46 5 1
-88 -41 4 1
-88 -41 7 1
-88 -41 6 1
-88 -41 5 1
-87 -43 8 2
-87 -43 7 2
-87 -43 6 1
-87 -44 8 2
-87 -44 7 2
-87 -44 6 2
-87 -45 8 1
-87 -45 7 2
-87 -45 6 1
-88 -43 8 2
-88 -43 7 2
-88 -44 8 1
-88 -45 8 1
-88 -45 7 2
-88 -45 6 2
-69 -23 5 2
-79 -1 3 1
-65 -40 2 1
-64 -39 2 0
-64 -33 6 1
-59 -42 3 0
-76 -31 8 0
-76 -31 9 0
-58 -42 4 0
-57 -42 2 0
-57 -42 4 0
-83 -3 6 1
-57 -42 3 0
-57 -43 3 0
-56 -44 2 0
-57 -44 2 0
-56 -44 4 0
-86 -6 8 1
-56 -44 3 0
-57 -44 3 0
-86 -5 9 1
-92 -15 6 1
-93 -14 6 1
-85 -5 8 1
-85 -5 9 1
-94 -13 7 2
-94 -13 6 1
-94 -14 7 2
-94 -14 6 1
-94 -15 7 1
-94 -15 6 1
-93 -14 7 2
-93 -14 11 0
-93 -16 8 1
-61 -14 11 0
-61 -14 8 0
-61 -14 7 0
-94 -15 10 0
-94 -15 9 0
-52 -5 7 0
-53 -6 7 0
-89 -14 11 1
-72 -4 2 2
-81 -4 6 2
-82 -3 7 1
-62 -23 8 0
-65 -23 7 0
-65 -22 7 0
-65 -23 8 0
-65 -23 6 0
-65 -22 5 1
-68 -23 7 0
-68 -23 5 1
-64 -4 5 2
-65 -8 6 0
-65 -3 5 1
-65 -4 4 1
-64 -5 4 2
-64 -4 4 2
-62 -9 8 0
-62 -9 5 0
-53 -5 -1 1
-54 -5 -1 1
-54 -5 1 1
-55 -3 -1 1
-60 -8 5 0
-63 -10 5 1
-55 -3 0 2
-68 -8 5 1
-68 -8 6 1
-68 -8 7 1
-68 -7 5 1
-68 -7 6 1
-68 -7 7 1
-68 -6 5 1
-54 -5 0 1
-68 -6 6 1
-67 -8 5 2
-67 -8 6 2
-67 -8 7 1
-67 -7 7 1
-67 -6 5 1
-67 -6 7 1
-73 -46 4 1
-90 -4 14 1
-73 -45 3 1
-90 -4 16 1
-66 -43 1 1
-66 -42 1 1
-66 -41 1 1
-58 -42 3 0
-66 -6 6 1
-54 -3 12 0
-54 -3 13 0
-61 -4 1 1
-61 -4 2 1
-61 -4 3 1
-53 -22 2 1
-51 -22 3 0
-93 -44 6 0
-93 -44 5 0
-94 -44 6 0
-53 -14 5 1
-87 -43 4 1
-87 -43 3 1
-87 -44 5 1
-54 -4 8 0
-52 -5 9 0
-52 -6 6 0
-52 -6 10 0
-52 -6 9 0
-54 -7 7 0
-53 -7 7 0
-77 -37 4 0
-77 -39 -1 1
-77 -38 -1 1
-81 -40 7 0
-81 -40 6 0
-79 -40 9 0
-72 -41 2 1
-89 -23 6 1
-89 -23 7 2
-88 -25 7 1
-91 -28 5 1
-100 -37 7 2
-92 -26 5 1
-78 -1 0 1
-100 -13 11 0
-100 -15 10 0
-100 -15 11 0
-100 -7 6 1
-100 -7 7 1
-99 -8 6 1
-99 -8 7 1
-99 -7 6 1
-99 -7 7 1
-68 -38 4 1
-90 -27 3 1
-95 -12 11 0
-93 -11 12 0
-93 -11 13 0
-93 -11 11 0
-95 -10 14 0
-95 -10 11 0
-93 -41 9 1
-81 -49 2 1
-95 -5 16 1
-77 -46 3 1
-77 -47 3 1
-77 -46 4 0
-93 -5 17 0
-75 -47 3 0
-52 -14 -1 1
-53 -14 -1 1
-54 -14 -1 1
-54 -18 0 1
-55 -18 0 1
-56 -16 4 2
-56 -17 4 1
-84 -18 7 2
-84 -18 6 2
-84 -18 5 1
-61 -48 6 0
-62 -48 6 0
-69 -4 1 1
-93 -1 2 2
-93 -2 2 1
-66 -18 11 0
-93 -1 5 1
-93 -1 4 2
-93 -1 3 2
-93 -2 5 1
-73 -38 10 1
-74 -2 2 2
-52 -7 8 0
-52 -7 7 0
-51 -6 8 0
-86 -12 11 1
-86 -12 10 1
-100 -3 2 1
-99 -2 6 1
-99 -3 6 1
-99 -3 5 1
-99 -4 6 1
-98 -42 6 0
-78 -35 8 0
-78 -35 9 0
-86 -26 2 1
-87 -26 2 1
-63 -23 7 0
-62 -35 7 0
-62 -35 8 0
-61 -35 7 0
-54 -10 2 1
-63 -36 7 0
-64 -35 8 0
-64 -35 7 1
-100 -12 8 1
-77 -1 7 1
-64 -32 8 0
-64 -32 7 0
-64 -33 7 1
-62 -32 7 0
-62 -32 8 0
-62 -33 8 0
-83 -40 10 1
-84 -39 10 1
-57 -8 2 1
-84 -40 10 1
-58 -8 2 1
-59 -45 0 0
-59 -45 1 0
-58 -31 7 0
-55 -32 5 0
-55 -30 6 0
-55 -31 7 0
-53 -30 5 0
-53 -31 5 0
-54 -30 7 0
-53 -31 7 0
-55 -28 1 1
-81 -15 9 1
-98 -30 2 1
-98 -30 3 1
-98 -30 4 1
-98 -29 2 1
-81 -15 8 2
-81 -15 7 2
-80 -15 6 1
-82 -11 9 1
-82 -11 8 1
-76 -35 7 0
-96 -37 8 0
-91 -11 7 2
-91 -11 6 1
-91 -12 7 2
-91 -12 6 2
-73 -29 8 0
-75 -29 7 0
-74 -29 8 0
-73 -31 8 0
-73 -31 7 0
-83 -29 8 1
-80 -31 11 0
-80 -31 9 0
-82 -29 12 0
-79 -30 10 0
-78 -30 10 0
-78 -30 11 0
-78 -30 9 0
-98 -13 9 0
-85 -48 5 2
-87 -2 17 0
-88 -3 14 1
-88 -3 15 2
-88 -3 16 1
-87 -3 14 1
-87 -3 15 2
-87 -3 16 1
-86 -3 17 0
-56 -1 13 0
-67 -20 6 0
-87 -4 15 2
-55 -1 12 0
-66 -20 7 0
-100 -14 3 1
-100 -14 4 1
-100 -14 5 1
-69 -1 0 1
-70 -1 2 2
-70 -1 1 2
-70 -1 0 2
-70 -2 1 1
-70 -2 0 2
-70 -3 0 2
-58 -40 6 0
-86 -4 17 0
-55 -9 8 0
-86 -5 15 1
-86 -5 14 1
-60 -12 1 1
-55 -4 5 0
-65 -2 1 2
-66 -4 -1 1
-91 -20 2 1
-80 -20 5 1
-80 -20 6 1
-91 -44 7 0
-91 -44 4 0
-91 -44 3 0
-89 -44 3 1
-89 -43 3 1
-89 -42 3 1
-88 -44 3 1
-62 -33 3 1
-62 -33 4 1
-63 -36 3 0
-63 -36 2 0
-83 -40 6 2
-83 -41 8 1
-83 -41 7 1
-83 -41 6 1
-83 -42 8 1
-83 -42 6 1
-84 -40 8 1
-54 -37 7 0
-84 -40 7 1
-84 -40 6 1
-82 -2 5 1
-85 -40 6 1
-51 -32 3 0
-51 -32 4 0
-66 -6 11 0
-89 -41 9 1
-57 -41 6 0
-87 -13 10 2
-87 -14 10 1
-54 -9 3 2
-53 -8 3 1
-93 -42 3 0
-84 -7 9 1
-97 -14 8 1
-97 -14 10 0
-56 -1 6 0
-56 -1 8 0
-78 -47 2 1
-68 -7 11 0
-62 -44 7 0
-59 -47 6 0
-60 -45 5 0
-59 -47 4 0
-62 -47 6 0
-63 -41 4 1
-63 -41 3 1
-63 -41 2 1
-63 -42 2 1
-63 -43 2 1
-62 -40 3 0
-91 -29 4 2
-62 -40 4 0
-60 -42 4 0
-58 -44 6 0
-59 -44 6 0
-60 -44 5 0
-89 -29 7 1
-89 -29 6 1
-89 -30 7 1
-89 -30 6 2
-89 -30 5 2
-89 -31 7 1
-89 -31 6 1
-52 -28 2 0
-54 -31 3 0
-55 -29 3 0
-89 -23 5 1
-100 -41 5 0
-77 -9 2 1
-53 -9 9 0
-58 -24 10 0
-54 -9 8 0
-56 -10 10 0
-68 -21 11 0
-68 -25 8 0
-66 -22 9 0
-75 -9 4 1
-80 -10 4 1
-79 -10 4 1
-61 -2 11 0
-61 -2 12 0
-62 -14 2 1
-62 -14 1 1
-62 -14 0 1
-62 -15 2 1
-62 -15 1 1
-62 -15 0 1
-62 -11 0 2
-62 -11 -1 1
-62 -12 0 2
-62 -12 -1 1
-62 -13 0 1
-62 -13 -1 1
-60 -9 1 2
-60 -9 0 1
-60 -9 -1 1
-61 -9 0 2
-93 -8 12 0
-94 -8 13 0
-97 -9 12 0
-97 -9 13 0
-95 -9 12 0
-95 -10 12 0
-61 -9 -1 1
-95 -9 13 0
-95 -10 13 0
-94 -9 12 0
-94 -9 13 0
-95 -8 11 0
-95 -8 10 0
-61 -14 -1 1
-61 -13 -1 1
-60 -11 3 1
-60 -11 2 1
-61 -11 3 1
-62 -11 3 1
-94 -39 9 2
-62 -11 1 2
-62 -12 3 1
-62 -12 2 1
-62 -12 1 1
-62 -13 3 1
-62 -13 2 1
-61 -10 1 1
-61 -10 0 2
-61 -10 -1 1
-61 -11 1 1
-61 -11 0 1
-61 -11 -1 1
-61 -12 0 2
-61 -12 -1 1
-57 -9 -1 1
-58 -9 -1 1
-59 -9 -1 1
-55 -9 3 2
-57 -11 5 1
-70 -4 4 1
-74 -50 3 0
-75 -50 3 1
-69 -4 4 2
-75 -1 -1 1
-75 -2 -1 1
-78 -1 2 1
-78 -1 1 1
-88 -43 5 2
-88 -43 6 2
-79 -38 9 0
-67 -45 1 1
-73 -7 7 2
-69 -43 5 1
-67 -41 4 1
-67 -41 2 2
-67 -42 4 1
-67 -42 3 1
-91 -15 9 1
-92 -15 9 0
-89 -13 11 1
-75 -2 1 2
-98 -19 9 1
-62 -3 10 0
-61 -3 10 0
-62 -3 7 1
-61 -3 7 2
-64 -6 8 1
-64 -6 9 1
-64 -5 8 2
-64 -5 9 1
-63 -6 8 2
-55 -6 8 0
-88 -4 4 1
-88 -4 5 1
-88 -3 4 1
-88 -3 5 1
-87 -4 4 2
-87 -4 5 2
-87 -3 4 1
-87 -3 5 1
-99 -7 9 1
-100 -10 10 0
-62 -37 3 0
-61 -37 3 0
-54 -3 7 0
-87 -48 7 0
-88 -48 7 1
-65 -22 8 0
-87 -2 7 1
-70 -26 9 0
-77 -36 4 0
-70 -25 8 0
-71 -25 9 0
-70 -25 9 0
-78 -6 8 1
-92 -11 10 0
-92 -11 12 0
-92 -11 11 0
-94 -10 10 0
-94 -10 14 0
-93 -12 11 0
-93 -12 12 0
-68 -41 2 2
-77 -43 2 1
-93 -12 7 2
-99 -45 10 1
-99 -45 11 1
-94 -11 6 1
-61 -35 3 0
-60 -35 3 0
-60 -33 3 0
-89 -9 6 0
-59 -12 8 0
-60 -11 9 0
-60 -11 8 0
-60 -12 9 0
-78 -44 3 1
-76 -44 3 0
-80 -1 10 0
-61 -42 6 0
-63 -41 5 1
-63 -41 6 0
-64 -41 5 1
-63 -43 6 0
-63 -43 5 1
-61 -44 5 0
-93 -9 11 0
-94 -8 11 0
-95 -7 11 0
-96 -8 11 0
-74 -48 6 0
-85 -45 8 1
-72 -28 9 0
-73 -30 6 0
-73 -30 10 0
-71 -32 9 0
-71 -32 8 0
-73 -32 9 0
-70 -29 8 0
-75 -30 8 0
-73 -30 9 0
-72 -30 9 0
-70 -30 8 0
-72 -28 10 0
-72 -32 10 0
-72 -29 6 0
-72 -31 10 0
-73 -34 10 0
-74 -28 9 0
-72 -33 10 0
-73 -32 11 0
-63 -33 3 2
-63 -33 4 2
-51 -5 10 0
-73 -33 9 0
-61 -9 3 2
-55 -10 -1 1
-63 -9 -1 1
-63 -6 0 1
-65 -7 8 1
-65 -7 9 0
-65 -7 12 0
-64 -8 11 0
-64 -8 10 0
-74 -35 1 2
-87 -13 8 2
-74 -5 9 1
-77 -7 11 1
-97 -10 7 2
-88 -2 10 1
-88 -2 11 1
-67 -5 11 0
-90 -2 13 1
-89 -2 13 1
-88 -2 13 1
-68 -8 11 0
-67 -8 10 0
-67 -8 11 0
-68 -6 12 0
-68 -6 9 0
-68 -6 8 0
-67 -7 2 2
-68 -7 3 2
-77 -47 7 0
-78 -47 7 0
-78 -48 7 0
-78 -50 5 0
-76 -9 8 2
-76 -9 7 2
-76 -10 9 1
-76 -10 8 2
-93 -20 2 1
-92 -20 2 1
-74 -22 3 1
-57 -24 9 0
-59 -26 10 0
-93 -19 6 0
-97 -20 5 1
-70 -2 -1 1
-83 -1 2 1
-84 -1 2 2
-83 -24 2 1
-81 -47 7 0
-82 -48 8 0
-82 -48 7 0
-84 -47 8 0
-84 -47 7 0
-84 -44 7 1
-51 -20 4 1
-51 -20 6 1
-51 -19 4 1
-66 -3 2 1
-66 -3 0 1
-67 -3 2 1
-67 -3 0 1
-62 -50 2 0
-63 -50 2 0
-59 -16 1 1
-59 -17 3 2
-75 -36 4 0
-76 -37 4 0
-75 -36 3 1
-76 -37 3 1
-75 -38 2 0
-74 -38 3 1
-83 -21 4 1
-83 -21 3 1
-61 -36 -1 1
-69 -48 1 1
-84 -22 2 0
-84 -23 3 1
-74 -1 -1 1
-84 -21 3 1
-72 -1 3 1
-82 -20 2 1
-84 -5 7 1
-82 -21 2 1
-83 -6 6 2
-83 -6 7 1
-83 -5 6 1
-85 -2 15 2
-93 -49 12 1
-78 -34 3 1
-78 -34 2 2
-78 -34 1 1
-78 -35 3 1
-78 -35 2 1
-78 -35 1 1
-77 -34 2 2
-88 -41 8 1
-88 -41 9 1
-91 -42 9 2
-90 -40 8 1
-90 -40 9 1
-62 -37 -1 1
-93 -2 9 2
-70 -22 9 0
-91 -2 13 1
-69 -23 9 0
-66 -36 2 1
-66 -36 1 1
-67 -36 2 1
-64 -39 1 1
-64 -39 0 2
-64 -39 -1 1
-64 -40 1 1
-64 -40 0 1
-93 -13 10 0
-97 -1 13 1
-93 -13 8 1
-93 -14 10 0
-69 -27 4 1
-84 -8 5 2
-69 -27 5 1
-69 -27 6 2
-68 -29 4 1
-81 -5 6 2
-81 -5 7 2
-95 -38 11 1
-62 -14 10 0
-57 -41 5 0
-95 -11 9 0
-60 -11 6 0
-75 -5 12 1
-75 -6 12 1
-75 -7 12 1
-77 -3 12 1
-77 -4 12 1
-59 -20 6 1
-59 -19 4 1
-59 -19 5 1
-66 -31 10 0
-63 -31 9 0
-66 -31 12 0
-66 -30 11 0
-66 -29 12 0
-67 -30 12 0
-66 -32 12 0
-67 -31 11 0
-65 -32 11 0
-67 -30 11 0
-67 -32 11 0
-67 -31 10 0
-68 -31 10 0
-66 -32 10 0
-67 -29 10 0
-86 -35 3 1
-67 -32 10 0
-67 -30 9 0
-66 -29 9 0
-66 -31 9 0
-68 -31 13 0
-69 -32 12 0
-69 -31 11 0
-69 -30 12 0
-70 -31 12 0
-69 -33 12 0
-70 -32 11 0
-70 -31 11 0
-69 -29 11 0
-70 -32 10 0
-89 -16 5 1
-89 -16 6 1
-89 -15 5 1
-94 -16 5 2
-94 -16 6 1
-94 -16 7 2
-94 -15 5 1
-94 -14 5 1
-93 -16 5 2
-93 -16 6 2
-93 -16 7 1
-92 -16 5 1
-92 -16 6 1
-92 -16 7 1
-90 -15 5 0
-90 -15 6 0
-89 -17 5 1
-89 -17 6 1
-88 -17 5 2
-88 -17 6 1
-87 -17 5 1
-87 -17 6 1
-93 -15 4 2
-93 -14 4 1
-93 -13 4 1
-92 -15 4 1
-91 -15 4 1
-90 -16 5 0
-90 -17 2 1
-90 -17 4 1
-90 -16 2 1
-90 -16 4 1
-89 -17 2 1
-88 -17 2 1
-93 -14 3 1
-93 -13 3 1
-93 -12 3 1
-93 -12 4 1
-92 -14 3 2
-92 -16 2 2
-92 -16 3 1
-92 -14 2 1
-91 -16 2 1
-92 -13 2 1
-92 -12 2 1
-92 -11 2 1
-74 -27 6 0
-75 -27 6 0
-61 -44 7 0
-94 -37 6 1
-93 -37 9 1
-93 -37 8 1
-94 -37 9 1
-62 -45 2 0
-70 -39 4 1
-69 -39 4 1
-61 -44 1 1
-85 -42 7 2
-85 -43 9 2
-83 -5 7 1
-63 -40 -1 1
-72 -4 8 2
-72 -4 9 1
-72 -3 8 2
-72 -3 9 1
-84 -1 3 2
-84 -1 4 2
-84 -1 5 2
-66 -20 9 0
-68 -21 7 0
-68 -21 8 0
-55 -6 4 1
-55 -6 5 0
-54 -6 6 0
-84 -1 10 2
-67 -42 0 2
-94 -43 7 0
-93 -44 11 1
-90 -6 16 1
-88 -28 6 0
-94 -43 11 1
-57 -39 1 1
-57 -39 -1 1
-58 -38 1 1
-92 -19 3 1
-92 -18 2 1
-62 -44 1 1
-62 -44 0 2
-62 -44 -1 1
-63 -44 1 1
-63 -44 0 1
-63 -44 -1 1
-53 -15 9 0
-52 -17 9 0
-55 -16 9 0
-54 -18 8 0
-52 -17 8 0
-51 -17 8 0
-53 -18 8 1
-55 -15 8 0
-59 -13 6 0
-57 -15 7 0
-58 -14 7 0
-59 -13 7 0
-58 -16 7 0
-62 -15 3 1
-62 -15 4 2
-62 -15 5 2
-56 -16 8 0
-81 -18 3 2
-56 -16 9 0
-56 -16 10 0
-91 -41 10 2
-92 -39 11 1
-92 -40 11 1
-94 -13 8 1
-92 -42 9 1
-93 -42 9 1
-92 -42 8 1
-93 -42 8 1
-66 -38 3 2
-68 -39 4 1
-65 -42 -1 1
-65 -42 0 1
-69 -42 3 1
-69 -42 4 1
-69 -41 2 1
-85 -2 6 2
-79 -45 6 0
-78 -45 6 0
-63 -11 8 0
-92 -12 10 0
-93 -39 4 1
-68 -40 2 1
-68 -40 4 1
-67 -40 5 1
-66 -45 1 1
-77 -36 1 1
-77 -36 0 1
-84 -8 9 1
-91 -13 7 1
-91 -13 6 2
-55 -9 7 0
-55 -9 6 0
-62 -6 10 0
-94 -7 12 0
-61 -23 5 2
-61 -23 4 1
-62 -23 5 2
-62 -23 4 1
-63 -23 5 1
-96 -7 10 0
-54 -1 6 0
-93 -10 12 0
-69 -38 1 1
-69 -38 2 1
-69 -38 3 1
-64 -39 4 0
-65 -38 -1 1
-65 -38 0 1
-64 -38 -1 1
-64 -38 0 2
-65 -2 2 1
-96 -5 13 1
-96 -7 15 0
-79 -40 5 0
-75 -31 4 1
-76 -45 9 0
-96 -18 11 0
-96 -18 12 0
-83 -40 7 2
-51 -15 3 1
-51 -15 2 1
-51 -16 2 1
-69 -42 5 1
-69 -41 5 2
-68 -43 5 1
-68 -42 5 1
-68 -41 5 1
-67 -42 5 1
-67 -41 5 1
-69 -42 1 1
-67 -42 1 1
-82 -5 8 1
-73 -6 5 1
-77 -10 8 1
-77 -10 7 1
-78 -4 6 1
-60 -5 6 0
-64 -36 2 1
-65 -44 1 1
-65 -44 2 1
-65 -44 3 1
-88 -49 10 0
-69 -43 -1 1
-69 -43 0 2
-69 -42 -1 1
-83 -49 10 0
-68 -43 -1 1
-54 -5 6 0
-75 -9 9 2
-77 -8 10 1
-57 -4 10 0
-72 -5 10 0
-73 -5 10 0
-55 -6 9 0
-80 -28 9 1
-80 -28 8 1
-81 -28 9 1
-81 -28 8 2
-81 -28 11 1
-81 -28 10 1
-87 -45 11 1
-68 -31 7 0
-68 -29 6 1
-88 -45 11 1
-67 -29 5 1
-65 -30 6 1
-65 -30 5 1
-65 -30 4 1
-65 -31 6 1
-65 -31 5 1
-65 -31 4 1
-65 -32 6 1
-65 -32 5 1
-65 -32 4 1
-80 -36 9 0
-80 -36 0 2
-81 -37 -1 1
-77 -13 8 2
-77 -12 8 2
-76 -13 8 1
-81 -47 8 0
-82 -46 9 0
-58 -12 2 1
-58 -12 1 1
-55 -9 0 1
-57 -9 0 1
-57 -10 0 2
-57 -18 2 1
-57 -18 1 1
-57 -18 0 1
-58 -15 3 2
-58 -16 3 1
-58 -17 3 2
-58 -17 2 1
-58 -17 1 1
-69 -3 -1 1
-100 -3 6 2
-52 -33 6 0
-99 -10 9 0
-99 -10 8 1
-71 -27 6 1
-95 -21 12 0
-96 -19 13 0
-95 -20 7 1
-95 -20 8 1
-95 -20 9 1
-78 -9 2 1
-55 -10 9 0
-70 -46 3 0
-70 -46 4 0
-66 -5 2 1
-67 -5 3 2
-83 -21 10 1
-51 -33 2 0
-84 -19 9 1
-84 -20 10 1
-84 -20 9 1
-84 -21 10 1
-84 -21 9 2
-82 -24 4 1
-83 -24 4 1
-84 -22 4 1
-84 -23 4 1
-84 -24 4 1
-82 -24 9 1
-82 -24 8 1
-83 -24 9 1
-83 -24 8 1
-84 -22 9 2
-84 -22 8 1
-84 -23 9 1
-84 -23 8 1
-84 -24 9 1
-84 -24 8 2
-82 -24 7 1
-82 -24 6 1
-82 -24 5 1
-83 -24 7 1
-83 -24 6 2
-83 -24 5 1
-84 -22 7 1
-84 -22 6 1
-84 -22 5 1
-84 -23 7 1
-84 -23 6 1
-84 -23 5 1
-84 -24 7 2
-84 -24 6 2
-67 -37 4 1
-66 -37 4 2
-59 -24 6 1
-65 -38 4 1
-59 -24 7 0
-61 -22 6 1
-61 -22 7 0
-60 -29 7 1
-60 -28 7 1
-61 -24 8 0
-60 -25 4 1
-60 -24 4 1
-60 -24 5 2
-60 -23 4 1
-60 -23 5 2
-54 -9 9 0
-60 -34 7 0
-59 -34 7 0
-60 -34 8 0
-60 -34 6 0
-59 -34 6 0
-61 -33 7 0
-60 -32 7 0
-73 -37 7 1
-73 -37 8 1
-72 -39 6 2
-72 -38 6 2
-72 -38 8 1
-72 -37 6 2
-72 -37 7 2
-64 -28 9 0
-65 -26 9 0
-87 -31 12 1
-87 -31 11 1
-87 -31 10 1
-88 -29 12 1
-58 -27 6 1
-63 -43 3 1
-93 -1 12 2
-93 -2 10 1
-57 -23 7 0
-58 -23 7 0
-76 -5 6 2
-76 -6 6 1
-76 -7 6 1
-77 -5 6 1
-77 -6 6 2
-77 -7 6 2
-78 -5 6 1
-78 -6 6 1
-69 -5 7 1
-69 -6 7 0
-69 -9 7 1
-76 -9 9 2
-96 -39 5 1
-97 -39 5 0
-57 -11 7 0
-57 -11 6 0
-77 -7 7 2
-57 -11 8 0
-77 -8 7 2
-75 -7 8 2
-86 -8 8 0
-98 -29 7 1
-98 -30 7 1
-99 -29 7 1
-99 -30 7 1
-55 -8 8 0
-83 -7 8 1
-55 -8 9 0
-99 -37 0 1
-99 -38 1 1
-99 -38 0 1
-84 -39 3 1
-92 -16 10 0
-92 -16 8 1
-65 -7 4 2
-65 -7 5 1
-64 -9 5 1
-84 -9 5 1
-64 -7 5 1
-69 -5 2 1
-63 -8 5 1
-67 -6 4 1
-73 -29 6 0
-73 -29 10 0
-70 -6 12 0
-75 -29 8 0
-67 -5 4 1
-66 -5 3 1
-65 -6 3 1
-65 -6 4 1
-87 -5 2 2
-55 -14 0 2
-69 -5 11 0
-68 -5 10 0
-69 -5 10 0
-68 -6 11 0
-68 -5 4 1
-54 -8 8 0
-60 -5 8 0
-70 -6 0 1
-53 -7 9 0
-69 -5 0 1
-76 -6 11 2
-76 -5 10 1
-76 -5 11 1
-75 -6 10 2
-75 -6 11 1
-68 -33 4 2
-64 -18 -1 1
-76 -46 8 0
-69 -49 6 0
-68 -49 6 0
-68 -50 5 0
-67 -50 5 0
-68 -49 4 0
-76 -37 0 2
-76 -37 1 1
-77 -38 2 1
-65 -17 9 0
-53 -17 7 1
-71 -2 3 1
-60 -10 7 0
-56 -11 7 0
-75 -1 2 1
-76 -1 2 2
-64 -10 2 2
-63 -4 1 2
-51 -2 1 1
-82 -47 7 0
-82 -47 3 0
-83 -44 5 2
-83 -44 6 1
-83 -43 4 1
-84 -43 3 1
-84 -42 4 1
-84 -42 5 1
-64 -17 8 0
-64 -16 6 0
-100 -38 10 1
-94 -40 6 1
-94 -40 4 1
-94 -39 5 1
-94 -39 6 1
-94 -39 4 2
-96 -38 5 1
-66 -5 1 1
-58 -26 6 1
-71 -3 1 1
-87 -5 15 2
-59 -11 6 0
-62 -14 7 0
-73 -3 3 2
-64 -13 8 0
-82 -3 8 1
-58 -24 4 1
-58 -24 5 1
-57 -1 9 0
-91 -12 9 0
-94 -13 10 0
-93 -13 6 1
-93 -13 7 2
-81 -47 5 0
-85 -49 4 1
-85 -49 5 2
-85 -49 6 1
-84 -49 4 1
-84 -49 5 2
-84 -49 6 1
-83 -49 4 1
-58 -9 0 1
-90 -40 7 1
-86 -8 9 0
-81 -8 8 1
-82 -8 9 1
-83 -7 9 1
-83 -8 9 1
-80 -11 5 2
-80 -11 8 2
-72 -8 4 1
-84 -5 1 1
-84 -6 1 1
-84 -7 1 1
-85 -5 1 1
-85 -6 1 1
-85 -7 1 1
-86 -5 1 1
-86 -6 1 1
-86 -7 1 1
-82 -7 2 1
-83 -7 2 1
-84 -7 2 1
-86 -11 4 1
-86 -11 3 1
-86 -11 2 1
-87 -9 3 2
-87 -9 2 1
-87 -10 3 2
-87 -10 2 1
-87 -11 4 1
-87 -11 3 2
-87 -11 2 1
-87 -10 4 1
-87 -9 4 1
-83 -10 4 1
-83 -10 3 1
-83 -11 4 1
-83 -11 3 1
-84 -11 4 1
-84 -11 3 1
-85 -11 4 2
-85 -11 3 1
-89 -9 5 0
-77 -5 8 2
-60 -14 8 0
-65 -43 2 1
-81 -1 5 1
-93 -47 12 1
-71 -3 2 1
-93 -48 12 1
-88 -4 14 1
-94 -47 12 1
-88 -5 16 1
-94 -48 12 1
-88 -5 15 2
-95 -45 12 1
-88 -5 14 1
-95 -46 12 1
-87 -3 17 0
-85 -4 14 1
-86 -4 16 1
-68 -28 4 1
-68 -27 4 1
-68 -27 5 2
-58 -13 2 1
-86 -4 14 1
-59 -13 2 2
-96 -18 3 1
-53 -1 1 1
-84 -3 17 0
-85 -3 17 0
-66 -2 2 1
-67 -33 7 1
-66 -2 1 2
-84 -2 17 0
-66 -33 7 1
-66 -32 7 1
-66 -31 7 1
-65 -33 7 1
-65 -32 7 1
-65 -31 7 1
-68 -30 7 0
-83 -1 1 1
-83 -2 1 1
-73 -33 6 0
-73 -33 10 0
-82 -9 8 1
-75 -34 5 0
-74 -33 5 0
-72 -34 3 1
-72 -34 5 0
-88 -28 7 0
-65 -4 5 1
-88 -43 3 1
-88 -42 3 1
-87 -44 3 1
-87 -44 4 1
-57 -43 1 0
-57 -43 5 0
-57 -43 4 0
-57 -44 4 0
-59 -44 4 0
-59 -43 4 0
-59 -41 2 0
-59 -41 4 0
-59 -41 3 0
-57 -41 2 0
-87 -10 5 0
-89 -10 5 1
-87 -11 5 0
-89 -11 5 1
-86 -12 3 1
-86 -12 4 1
-85 -12 3 1
-85 -12 4 1
-84 -12 3 1
-84 -12 4 1
-88 -11 4 1
-90 -7 3 1
-90 -6 3 1
-84 -11 2 1
-83 -11 2 1
-83 -10 2 1
-83 -9 2 1
-88 -12 2 1
-88 -12 3 2
-88 -12 4 1
-88 -11 2 1
-88 -11 3 1
-87 -12 2 1
-87 -12 3 2
-87 -12 4 1
-86 -12 2 1
-87 -9 1 1
-87 -8 1 1
-57 -41 4 0
-57 -41 3 0
-56 -41 2 0
-56 -41 4 0
-88 -8 8 1
-56 -41 3 0
-55 -43 2 0
-56 -43 2 0
-55 -43 4 0
-55 -43 3 0
-56 -43 3 0
-86 -7 7 0
-86 -7 8 0
-94 -3 3 1
-94 -3 4 1
-94 -2 2 1
-94 -2 3 2
-71 -34 10 0
-71 -34 8 0
-94 -1 3 2
-87 -3 9 1
-87 -49 10 0
-86 -10 5 1
-86 -9 5 1
-93 -3 5 1
-85 -10 5 1
-85 -9 4 2
-85 -9 5 2
-62 -1 7 0
-62 -1 6 1
-59 -12 5 1
-60 -2 7 1
-60 -2 6 1
-92 -2 15 2
-92 -1 15 1
-72 -37 8 1
-71 -39 6 2
-71 -39 7 1
-71 -39 8 1
-71 -38 6 1
-71 -38 7 1
-71 -38 8 1
-71 -37 6 2
-71 -37 7 1
-71 -37 8 1
-83 -27 10 1
-70 -7 9 0
-71 -6 12 0
-72 -7 6 1
-85 -25 10 0
-87 -27 10 0
-76 -39 3 1
-78 -38 4 1
-79 -39 5 0
-80 -38 2 1
-80 -38 3 1
-80 -38 4 1
-79 -38 2 2
-79 -38 3 1
-79 -38 4 1
-78 -38 2 1
-99 -38 7 1
-99 -38 3 0
-86 -7 3 1
-89 -7 6 2
-65 -35 1 1
-66 -35 3 1
-66 -35 2 1
-51 -33 6 0
-66 -35 1 1
-64 -36 3 1
-99 -1 11 0
-52 -32 5 0
-52 -31 5 0
-93 -14 8 1
-92 -15 10 0
-67 -46 3 1
-68 -46 3 0
-72 -40 9 1
-72 -40 8 1
-72 -40 7 1
-72 -41 9 1
-72 -41 8 1
-72 -41 7 1
-73 -39 9 1
-73 -39 8 1
-73 -39 7 1
-73 -40 9 1
-73 -41 9 1
-73 -41 8 1
-73 -41 7 1
-74 -39 9 1
-74 -39 8 1
-74 -39 7 1
-74 -40 9 1
-74 -40 8 1
-74 -41 9 1
-73 -40 8 2
-73 -40 7 1
-74 -40 7 1
-62 -31 4 1
-62 -31 5 1
-61 -33 3 1
-61 -33 5 1
-61 -32 3 1
-61 -32 4 1
-61 -32 5 1
-61 -31 3 1
-61 -31 4 1
-61 -31 5 1
-64 -32 3 1
-64 -32 4 1
-64 -32 5 1
-62 -34 5 1
-64 -34 6 2
-58 -25 6 1
-56 -20 6 2
-56 -20 5 2
-75 -7 5 2
-75 -7 6 2
-75 -6 5 1
-75 -6 6 1
-74 -8 5 2
-95 -42 5 0
-96 -41 4 0
-73 -8 5 1
-73 -7 5 1
-57 -23 6 1
-58 -23 6 1
-58 -25 7 0
-68 -17 5 1
-68 -17 4 1
-59 -7 6 0
-79 -46 9 0
-79 -46 8 0
-80 -46 9 0
-80 -41 6 0
-51 -7 5 0
-55 -8 10 0
-51 -7 4 0
-51 -5 4 0
-55 -34 1 1
-55 -34 0 1
-55 -34 -1 1
-51 -37 1 1
-51 -38 2 0
-54 -39 1 0
-58 -35 1 0
-78 -42 5 1
-80 -31 4 1
-80 -32 4 1
-80 -32 3 1
-85 -34 -1 1
-82 -34 3 1
-91 -44 5 0
-100 -33 6 1
-58 -5 2 1
-57 -5 3 0
-57 -6 3 1
-57 -8 3 1
-57 -7 3 1
-57 -8 4 1
-57 -7 4 1
-88 -43 9 2
-56 -5 3 0
-57 -4 -1 1
-57 -4 0 2
-85 -40 7 1
-85 -40 8 1
-80 -12 6 2
-81 -13 5 1
-81 -13 6 1
-81 -13 7 1
-81 -12 5 2
-81 -12 6 2
-81 -12 7 1
-81 -11 5 2
-81 -11 6 1
-80 -37 5 1
-81 -37 6 2
-81 -37 7 2
-80 -37 6 1
-67 -32 8 0
-86 -3 2 1
-86 -2 2 1
-86 -1 2 1
-85 -2 2 1
-84 -2 2 1
-83 -2 2 1
-55 -38 4 0
-89 -10 4 1
-89 -9 2 1
-89 -9 4 1
-89 -8 2 1
-89 -8 3 1
-88 -10 2 1
-88 -10 3 1
-88 -10 4 1
-88 -9 2 1
-88 -9 3 2
-88 -9 4 1
-88 -8 2 1
-88 -8 3 1
-86 -10 2 1
-85 -10 2 1
-84 -10 2 1
-87 -8 2 1
-87 -8 3 1
-88 -6 1 1
-88 -5 1 1
-88 -4 1 1
-87 -4 1 1
-86 -4 1 1
-55 -18 3 1
-55 -18 2 1
-56 -18 3 1
-80 -5 9 1
-79 -6 8 1
-79 -6 9 1
-79 -5 8 1
-79 -5 9 1
-51 -6 10 0
-90 -27 2 1
-89 -27 2 1
-89 -26 2 1
-89 -25 2 1
-90 -28 3 1
-90 -28 5 1
-92 -29 6 1
-92 -29 7 1
-92 -28 7 2
-92 -27 7 1
-91 -28 7 2
-90 -28 7 1
-90 -28 2 1
-91 -32 5 1
-91 -32 6 1
-91 -32 7 1
-90 -32 5 1
-82 -6 2 1
-87 -4 2 1
-87 -3 2 1
-80 -48 9 0
-80 -48 8 0
-74 -10 10 1
-74 -10 11 1
-73 -6 13 0
-74 -7 6 2
-74 -6 6 2
-74 -5 6 2
-69 -7 7 0
-77 -8 6 2
-76 -8 6 1
-73 -7 13 0
-72 -8 6 2
-70 -41 3 1
-70 -42 3 1
-71 -39 4 2
-75 -41 4 1
-59 -13 3 2
-59 -13 1 1
-59 -14 3 2
-59 -14 2 1
-88 -7 4 2
-60 -12 3 2
-72 -6 3 1
-60 -13 3 2
-88 -24 11 1
-81 -17 8 2
-92 -25 12 0
-92 -25 13 0
-70 -7 1 1
-92 -25 11 1
-90 -26 12 0
-90 -26 13 0
-99 -31 7 1
-99 -32 5 1
-99 -32 6 1
-95 -24 11 0
-92 -21 10 0
-94 -22 10 0
-95 -22 10 0
-93 -21 10 0
-95 -23 10 0
-93 -22 9 0
-94 -21 9 0
-94 -23 9 0
-92 -21 9 1
-100 -33 2 1
-92 -21 11 0
-95 -21 10 0
-94 -20 10 0
-95 -21 9 1
-95 -23 9 0
-93 -21 9 0
-93 -20 9 0
-95 -22 9 0
-92 -20 9 1
-91 -21 9 1
-91 -20 9 1
-90 -21 9 1
-90 -20 9 1
-94 -21 8 0
-94 -22 8 0
-87 -18 4 1
-67 -38 3 1
-71 -30 3 1
-71 -30 5 1
-71 -29 3 1
-97 -18 10 0
-71 -29 4 1
-61 -12 2 2
-70 -30 3 1
-70 -30 4 1
-70 -30 5 1
-70 -29 3 1
-70 -29 4 1
-70 -29 5 1
-72 -32 6 0
-51 -20 3 1
-69 -34 6 1
-68 -36 4 1
-68 -36 5 1
-68 -6 1 2
-97 -18 12 0
-68 -5 1 1
-69 -6 1 2
-70 -6 1 2
-63 -24 4 1
-63 -24 5 2
-62 -24 4 1
-62 -24 5 2
-70 -48 0 2
-69 -5 1 1
-60 -25 7 1
-70 -1 3 1
-61 -23 6 1
-61 -11 2 2
-61 -23 7 0
-100 -34 7 2
-99 -16 13 0
-98 -18 10 0
-98 -18 11 0
-99 -18 10 0
-99 -18 12 0
-81 -34 5 1
-81 -34 6 1
-81 -33 6 1
-80 -29 2 1
-80 -29 3 1
-80 -29 4 1
-87 -36 6 1
-83 -36 5 1
-83 -36 6 2
-81 -36 5 1
-83 -34 7 1
-83 -33 7 1
-83 -32 7 1
-83 -34 1 1
-76 -14 5 1
-70 -39 3 1
-80 -34 5 1
-79 -34 5 1
-81 -35 5 1
-81 -35 6 2
-82 -28 4 1
-86 -35 7 1
-85 -35 7 1
-84 -35 7 1
-83 -19 3 1
-84 -32 3 1
-85 -33 3 1
-84 -33 3 1
-55 -4 6 0
-70 -40 5 2
-70 -40 6 1
-70 -39 5 1
-70 -39 6 1
-75 -41 5 0
-75 -42 5 0
-75 -43 5 0
-73 -41 5 0
-72 -42 5 0
-73 -41 6 0
-72 -42 7 0
-72 -42 4 0
-74 -40 -1 1
-74 -40 0 1
-74 -39 -1 1
-74 -39 0 1
-74 -38 -1 1
-74 -38 0 1
-91 -24 5 2
-88 -23 3 1
-88 -31 2 1
-69 -46 2 0
-92 -40 12 1
-91 -40 12 1
-58 -1 10 0
-65 -1 10 0
-65 -1 7 0
-61 -4 10 0
-90 -40 12 1
-61 -1 11 0
-61 -1 12 0
-65 -2 10 0
-65 -2 7 0
-64 -4 10 0
-81 -46 8 0
-84 -1 1 1
-56 -33 3 0
-52 -34 2 0
-51 -36 2 0
-73 -3 8 2
-53 -33 7 0
-53 -33 0 2
-52 -1 5 0
-83 -45 6 1
-90 -27 13 0
-90 -27 11 1
-51 -7 7 0
-51 -7 8 0
-51 -7 6 0
-82 -2 7 1
-82 -1 7 1
-81 -2 7 2
-81 -1 7 2
-55 -39 6 0
-56 -38 5 0
-55 -37 5 0
-56 -38 6 0
-51 -39 6 0
-51 -39 4 0
-85 -1 2 1
-57 -18 5 2
-57 -18 6 2
-58 -20 7 1
-58 -19 7 1
-56 -18 5 2
-56 -18 6 2
-70 -5 11 0
-68 -5 11 0
-94 -48 11 1
-94 -48 10 1
-94 -47 6 1
-94 -48 6 1
-94 -47 7 2
-94 -48 7 1
-97 -6 13 0
-66 -48 7 0
-69 -49 7 0
-69 -50 5 0
-71 -48 7 0
-68 -40 8 1
-68 -41 8 1
-68 -42 8 1
-69 -45 9 0
-69 -45 8 0
-84 -26 11 0
-84 -26 12 0
-52 -27 3 0
-53 -27 2 0
-84 -26 10 0
-89 -4 9 1
-51 -29 0 1
-51 -29 1 1
-51 -28 0 1
-64 -32 6 1
-98 -36 8 1
-77 -35 7 0
-53 -17 6 2
-53 -25 6 0
-72 -23 4 2
-52 -23 6 0
-52 -19 7 2
-65 -18 9 0
-85 -47 6 1
-85 -47 5 2
-85 -47 4 1
-88 -1 15 1
-51 -4 5 0
-60 -12 7 0
-95 -1 1 1
-95 -1 0 1
-75 -13 4 1
-82 -31 6 1
-80 -30 5 1
-80 -31 5 1
-81 -31 5 1
-78 -16 2 1
-84 -32 2 1
-86 -31 0 2
-76 -1 4 2
-63 -50 4 0
-61 -50 4 0
-84 -31 5 1
-62 -50 6 0
-87 -29 1 1
-63 -16 9 0
-64 -16 10 0
-63 -16 8 0
-65 -16 9 0
-65 -15 9 0
-65 -16 10 0
-65 -15 8 0
-77 -2 3 1
-66 -16 10 0
-86 -2 4 1
-86 -2 5 2
-87 -47 7 1
-85 -43 7 2
-85 -44 7 1
-85 -45 7 1
-83 -43 6 1
-83 -43 5 2
-90 -45 3 1
-90 -46 5 2
-90 -46 4 1
-69 -25 9 0
-71 -25 7 1
-71 -25 6 1
-69 -24 8 0
-73 -36 3 1
-73 -36 4 1
-73 -36 2 1
-74 -34 3 1
-74 -34 4 0
-74 -34 2 2
-75 -34 3 1
-75 -34 4 0
-75 -34 2 2
-77 -34 3 1
-75 -39 6 0
-77 -37 6 0
-79 -37 7 0
-79 -37 6 0
-76 -40 6 1
-77 -39 9 0
-77 -39 5 0
-78 -33 1 1
-88 -14 10 1
-78 -33 2 1
-75 -2 4 2
-75 -3 4 1
-59 -41 5 0
-58 -41 5 0
-59 -41 6 0
-69 -42 0 1
-92 -7 15 1
-81 -42 10 0
-81 -42 11 0
-84 -40 9 1
-84 -39 8 1
-77 -12 7 2
-77 -11 6 1
-76 -13 7 2
-76 -11 6 1
-88 -1 12 2
-87 -1 12 1
-62 -15 8 0
-88 -45 10 1
-66 -21 8 0
-87 -1 13 1
-66 -19 9 0
-67 -20 10 0
-53 -1 -3 1
-96 -19 10 0
-56 -1 -3 1
-56 -1 -2 1
-56 -1 -1 1
-82 -41 10 1
-91 -29 2 1
-91 -29 3 2
-90 -30 2 1
-77 -3 10 1
-77 -3 11 1
-89 -30 2 1
-78 -4 7 1
-90 -33 3 1
-90 -32 3 1
-89 -33 3 1
-89 -31 2 1
-83 -8 6 2
-52 -2 4 0
-52 -3 5 0
-64 -2 9 0
-90 -42 8 2
-80 -42 10 0
-82 -42 9 0
-76 -32 9 0
-57 -19 6 2
-57 -20 6 1
-58 -19 6 1
-92 -2 13 1
-52 -32 4 0
-80 -41 11 0
-80 -41 10 0
-78 -43 9 0
-82 -41 9 1
-74 -32 10 0
-76 -32 8 0
-79 -41 11 0
-79 -41 10 0
-81 -41 9 0
-81 -39 9 1
-63 -16 7 0
-74 -26 9 0
-96 -4 15 1
-96 -4 16 1
-92 -6 17 0
-75 -30 9 0
-69 -8 11 1
-68 -4 10 0
-67 -5 10 0
-86 -13 10 1
-86 -3 14 1
-86 -3 15 2
-65 -33 6 1
-63 -35 6 1
-61 -36 5 0
-60 -35 5 0
-61 -34 5 0
-61 -34 6 0
-96 -17 8 2
-63 -34 7 1
-85 -42 5 1
-85 -42 6 2
-85 -41 4 1
-74 -2 3 2
-76 -1 6 1
-53 -10 0 1
-53 -10 1 1
-53 -9 2 1
-52 -8 2 1
-54 -7 2 1
-54 -9 -1 1
-54 -8 -1 1
-55 -8 1 1
-55 -8 2 1
-55 -5 1 1
-80 -1 0 1
-64 -1 9 0
-64 -1 8 0
-74 -7 7 1
-71 -9 9 2
-71 -10 9 1
-72 -10 9 1
-91 -12 8 1
-95 -1 -1 1
-61 -24 7 0
-61 -24 6 1
-96 -16 10 0
-98 -19 11 0
-98 -20 11 0
-98 -20 12 0
-73 -46 2 1
-73 -46 3 1
-69 -26 6 1
-69 -27 8 0
-87 -46 7 1
-78 -45 9 0
-78 -46 8 0
-75 -45 7 0
-75 -45 6 0
-75 -46 7 0
-75 -46 6 0
-76 -46 7 0
-79 -49 7 0
-79 -50 7 0
-67 -19 9 0
-66 -18 8 0
-66 -18 10 0
-66 -18 9 0
-60 -35 6 0
-62 -17 8 0
-57 -1 7 0
-64 -25 4 1
-62 -44 5 0
-63 -44 5 1
-79 -5 10 1
-92 -14 10 0
-57 -9 6 0
-57 -9 10 0
-59 -9 7 0
-93 -41 8 1
-59 -9 9 0
-72 -3 10 0
-89 -42 11 1
-88 -44 11 1
-88 -43 11 1
-88 -42 11 1
-57 -10 8 0
-57 -10 9 0
-88 -15 7 1
-100 -36 8 1
-100 -36 7 2
-89 -14 8 1
-65 -36 6 1
-70 -45 7 0
-77 -2 10 0
-64 -36 6 1
-64 -35 6 1
-63 -36 4 0
-80 -49 7 0
-80 -50 7 0
-80 -50 6 0
-84 -48 7 0
-78 -39 6 0
-81 -49 5 0
-81 -50 5 0
-81 -50 4 0
-53 -17 5 1
-78 -40 8 0
-79 -40 6 0
-77 -40 9 0
-77 -40 5 1
-79 -40 8 0
-77 -39 6 0
-82 -4 3 2
-80 -41 7 0
-76 -49 8 0
-76 -50 9 0
-77 -6 8 2
-78 -5 9 2
-78 -5 8 2
-99 -10 4 2
-99 -11 4 1
-82 -17 3 1
-82 -18 2 1
-82 -17 2 1
-85 -31 4 1
-53 -34 0 1
-53 -34 -1 1
-64 -42 3 2
-64 -42 2 1
-64 -43 4 2
-77 -31 8 0
-68 -2 7 1
-63 -34 6 1
-63 -33 6 1
-63 -32 6 1
-62 -34 6 1
-62 -33 6 1
-62 -32 6 1
-60 -36 4 0
-62 -35 5 0
-62 -35 6 0
-95 -12 9 0
-84 -34 1 1
-84 -34 0 1
-78 -16 5 2
-79 -16 5 1
-79 -1 5 2
-87 -4 10 1
-71 -44 2 1
-60 -1 7 0
-60 -3 9 0
-60 -4 8 1
-60 -4 9 0
-60 -4 7 1
-58 -5 9 0
-58 -3 10 0
-57 -2 9 0
-59 -1 8 0
-60 -2 8 1
-55 -14 3 1
-56 -17 3 1
-57 -5 9 0
-75 -4 11 0
-74 -5 10 1
-74 -6 12 1
-74 -6 11 1
-74 -7 12 1
-94 -4 15 2
-94 -4 14 2
-92 -2 17 0
-93 -5 16 1
-93 -5 15 2
-93 -5 14 2
-58 -12 9 0
-70 -30 7 0
-74 -31 5 0
-75 -30 5 1
-75 -30 7 0
-76 -29 4 2
-77 -29 3 1
-77 -29 4 1
-70 -49 4 0
-87 -3 11 1
-79 -1 6 2
-54 -33 -1 1
-54 -33 0 1
-54 -33 1 1
-54 -32 -1 1
-90 -20 2 1
-51 -40 3 0
-59 -50 1 1
-58 -50 2 0
-51 -46 2 1
-51 -46 1 1
-51 -46 0 2
-53 -43 2 0
-52 -45 2 0
-51 -45 3 0
-53 -44 3 0
-52 -43 2 0
-52 -45 3 0
-52 -44 3 0
-70 -43 4 0
-85 -44 9 1
-90 -10 9 0
-84 -45 7 0
-67 -43 1 1
-68 -41 1 1
-68 -42 1 1
-85 -45 5 2
-69 -41 1 1
-86 -9 8 0
-69 -43 1 1
-86 -10 8 1
-90 -1 8 2
-90 -2 8 1
-87 -10 9 0
-87 -10 8 0
-91 -2 8 1
-88 -9 8 0
-92 -1 8 2
-92 -2 8 1
-67 -41 3 2
-93 -1 8 2
-59 -11 11 0
-100 -33 8 1
-100 -33 9 1
-99 -34 9 1
-60 -41 3 0
-72 -4 6 1
-94 -18 2 1
-94 -19 3 1
-95 -19 3 1
-93 -20 4 1
-83 -36 3 1
-83 -36 4 2
-83 -35 2 1
-83 -34 2 1
-82 -36 2 1
-82 -36 3 1
-82 -36 4 2
-82 -35 2 1
-82 -34 2 1
-81 -36 2 1
-81 -36 3 1
-81 -36 4 2
-81 -35 2 1
-81 -35 3 1
-81 -35 4 2
-81 -34 2 1
-81 -34 3 1
-81 -34 4 2
-78 -10 10 1
-78 -10 11 1
-77 -12 9 1
-77 -12 10 1
-77 -12 11 1
-77 -11 9 1
-77 -11 10 1
-77 -11 11 1
-77 -10 11 1
-77 -11 7 2
-77 -11 8 2
-77 -10 6 1
-76 -10 6 1
-75 -11 10 1
-74 -11 10 1
-73 -11 10 1
-76 -8 5 1
-98 -1 0 1
-98 -1 1 1
-66 -41 -1 1
-66 -42 0 1
-68 -41 0 1
-68 -41 -1 1
-67 -44 4 0
-69 -43 2 1
-69 -41 3 1
-53 -16 8 0
-54 -17 9 0
-65 -7 3 1
-73 -5 1 1
-65 -9 5 1
-66 -11 0 1
-66 -11 3 1
-66 -11 2 1
-66 -7 0 1
-67 -7 0 1
-88 -25 14 0
-53 -26 3 0
-52 -27 4 0
-52 -27 6 0
-53 -28 4 0
-53 -28 6 0
-99 -37 7 1
-93 -41 6 1
-93 -41 7 1
-84 -5 6 1
-84 -6 7 1
-84 -6 6 1
-88 -3 6 1
-55 -1 7 0
-77 -35 9 0
-90 -42 11 2
-91 -43 11 1
-98 -42 9 0
-92 -43 11 1
-88 -42 10 1
-96 -41 11 0
-95 -41 11 0
-98 -44 8 0
-98 -44 9 1
-98 -43 8 0
-98 -43 9 1
-97 -44 8 0
-97 -44 9 1
-97 -43 9 1
-88 -15 8 2
-79 -12 5 1
-79 -13 7 1
-79 -13 6 1
-79 -13 5 1
-80 -11 7 2
-80 -12 5 2
-80 -13 7 2
-80 -13 6 2
-80 -13 5 2
-81 -11 7 1
-90 -48 9 1
-51 -16 3 1
-52 -16 5 2
-52 -16 4 2
-82 -48 10 0
-80 -39 5 1
-82 -39 4 1
-82 -39 3 1
-81 -39 6 1
-82 -39 7 1
-82 -39 6 1
-63 -13 5 0
-83 -39 6 2
-83 -39 5 1
-80 -33 7 0
-78 -34 4 1
-77 -34 7 0
-78 -34 6 0
-94 -5 16 1
-94 -5 15 1
-94 -5 14 1
-93 -4 17 0
-92 -5 17 0
-94 -4 16 1
-81 -48 5 0
-80 -49 5 0
-81 -48 6 0
-80 -48 6 0
-57 -25 6 1
-57 -25 7 0
-59 -23 8 0
-60 -22 4 1
-88 -4 15 2
-88 -4 16 1
-73 -5 4 1
-73 -4 4 1
-73 -3 4 2
-91 -15 8 1
-90 -16 10 2
-91 -17 9 1
-53 -5 6 0
-73 -2 0 2
-74 -2 0 1
-74 -40 1 1
-62 -30 10 0
-59 -29 10 0
-62 -28 10 0
-63 -28 10 0
-61 -30 10 0
-62 -26 10 0
-63 -29 9 0
-60 -29 9 0
-63 -27 9 0
-62 -29 9 0
-61 -27 9 0
-61 -28 10 0
-72 -2 2 1
-51 -19 3 1
-61 -10 10 0
-94 -42 5 0
-82 -7 7 2
-82 -7 6 2
-87 -12 10 1
-97 -42 4 0
-97 -42 5 0
-88 -12 11 1
-88 -12 10 1
-96 -38 4 1
-96 -38 6 0
-66 -35 9 0
-66 -34 8 0
-67 -35 9 0
-67 -35 8 0
-67 -32 9 0
-92 -3 15 2
-82 -41 8 1
-83 -42 7 1
-81 -42 9 0
-81 -42 5 0
-62 -29 11 0
-62 -29 12 0
-63 -29 12 0
-61 -30 12 0
-63 -28 12 0
-62 -30 12 0
-64 -29 11 0
-97 -1 16 1
-62 -30 11 0
-61 -31 11 0
-63 -28 11 0
-64 -28 11 0
-63 -29 10 0
-63 -30 11 0
-60 -30 10 0
-64 -29 10 0
-62 -31 10 0
-63 -27 10 0
-64 -30 10 0
-62 -27 9 0
-61 -30 9 0
-66 -37 3 2
-66 -37 2 2
-68 -23 4 1
-66 -37 1 1
-67 -37 3 1
-67 -37 2 1
-71 -7 7 1
-68 -37 3 1
-68 -37 2 1
-72 -7 7 1
-65 -38 3 1
-89 -33 4 2
-89 -34 5 1
-89 -34 4 1
-89 -34 3 1
-62 -3 12 0
-86 -33 3 2
-87 -33 3 2
-85 -30 3 2
-84 -30 3 2
-84 -31 2 1
-78 -8 3 1
-77 -8 3 1
-81 -18 6 1
-63 -35 2 1
-63 -35 3 1
-55 -28 9 0
-86 -18 7 1
-86 -18 6 1
-86 -18 5 1
-80 -48 3 2
-80 -48 5 0
-79 -8 10 1
-92 -23 3 1
-79 -48 7 0
-51 -5 1 1
-79 -48 3 1
-52 -4 1 1
-80 -5 4 1
-98 -11 8 1
-98 -11 10 0
-82 -6 8 1
-81 -1 9 1
-52 -17 0 2
-55 -13 -1 1
-96 -1 17 0
-70 -5 2 2
-67 -4 0 1
-67 -5 0 2
-63 -5 7 2
-63 -5 6 1
-71 -3 10 0
-91 -45 10 0
-63 -40 5 1
-54 -31 6 0
-65 -40 5 1
-62 -43 3 0
-60 -38 6 0
-61 -45 6 0
-59 -37 6 0
-65 -41 5 1
-54 -35 7 0
-54 -34 7 0
-68 -49 3 0
-53 -34 7 0
-66 -50 6 0
-64 -45 3 0
-67 -48 3 0
-65 -49 6 0
-55 -35 7 0
-66 -29 3 1
-66 -28 2 1
-66 -27 2 1
-66 -27 3 2
-65 -29 2 1
-65 -29 3 1
-65 -29 4 1
-65 -28 2 1
-65 -28 3 2
-65 -27 2 1
-65 -27 3 1
-98 -39 4 0
-98 -39 6 0
-98 -39 5 0
-99 -40 4 0
-99 -40 6 0
-97 -9 11 0
-96 -10 12 0
-96 -10 13 0
-96 -10 11 0
-95 -11 12 0
-99 -38 4 0
-95 -11 13 0
-95 -11 11 0
-94 -10 12 0
-73 -10 4 1
-94 -10 11 0
-95 -9 14 0
-95 -9 11 0
-95 -9 10 0
-96 -4 1 1
-96 -3 1 1
-96 -2 1 1
-95 -4 1 1
-95 -3 1 1
-89 -7 4 2
-52 -4 8 0
-96 -6 17 0
-95 -6 15 0
-95 -4 18 0
-86 -41 11 1
-85 -42 11 1
-85 -41 11 1
-78 -14 4 1
-61 -7 1 2
-61 -7 2 1
-77 -8 5 1
-60 -7 1 1
-60 -7 2 1
-59 -7 0 1
-78 -9 8 2
-78 -9 9 1
-77 -9 7 1
-77 -9 8 2
-77 -9 9 2
-78 -9 10 1
-77 -9 10 2
-54 -41 0 1
-54 -41 1 1
-54 -49 1 1
-57 -46 1 1
-51 -42 4 0
-51 -41 3 0
-51 -41 4 0
-62 -10 5 0
-62 -10 7 0
-61 -11 6 0
-62 -10 6 0
-64 -12 5 1
-97 -20 9 1
-97 -19 7 1
-97 -19 9 1
-97 -18 7 1
-97 -18 8 2
-55 -23 5 1
-96 -20 7 2
-96 -20 8 2
-96 -20 9 1
-96 -19 7 2
-99 -34 6 1
-54 -4 1 1
-54 -38 1 1
-82 -17 8 2
-54 -38 3 0
-67 -43 0 1
-63 -20 9 0
-63 -20 8 0
-65 -18 11 0
-82 -10 5 1
-95 -39 3 1
-78 -2 0 1
-77 -36 8 0
-76 -36 9 0
-77 -36 7 0
-75 -36 10 0
-75 -36 6 0
-60 -42 5 0
-59 -42 5 0
-60 -42 6 0
-59 -42 6 0
-83 -19 4 1
-61 -41 6 0
-60 -41 6 0
-61 -40 5 0
-61 -40 6 0
-62 -41 5 0
-79 -3 10 2
-79 -3 11 2
-69 -19 8 0
-100 -38 11 1
-100 -37 11 1
-99 -38 11 1
-88 -4 8 1
-88 -4 9 1
-69 -19 9 0
-67 -24 8 0
-87 -4 8 2
-81 -4 12 1
-81 -3 12 1
-81 -2 12 1
-80 -4 12 1
-80 -3 12 1
-80 -2 12 1
-79 -4 12 1
-79 -3 12 1
-79 -2 12 1
-79 -1 10 0
-85 -3 11 1
-86 -4 6 2
-86 -4 7 2
-86 -3 6 2
-86 -3 7 2
-85 -4 6 1
-85 -4 7 1
-85 -3 6 1
-85 -3 7 1
-54 -37 2 0
-57 -38 3 0
-57 -37 3 0
-57 -36 3 0
-87 -2 9 1
-57 -35 3 0
-88 -6 9 1
-57 -38 4 0
-57 -36 2 0
-59 -37 3 0
-60 -37 3 0
-60 -37 5 0
-60 -37 2 0
-61 -39 3 0
-61 -39 5 0
-61 -39 2 0
-60 -42 2 0
-55 -42 5 0
-57 -39 0 2
-58 -39 -1 1
-58 -39 0 1
-58 -39 1 1
-58 -38 -1 1
-58 -38 0 1
-76 -9 10 1
-78 -9 6 2
-77 -9 6 1
-76 -9 6 1
-78 -10 8 1
-58 -10 9 0
-58 -9 9 0
-86 -1 6 1
-92 -43 5 1
-74 -33 3 1
-91 -1 15 2
-58 -33 5 0
-80 -30 8 0
-80 -30 10 0
-70 -6 6 1
-99 -1 6 0
-59 -2 10 0
-59 -2 6 0
-99 -1 7 0
-56 -20 4 1
-56 -21 6 1
-56 -21 5 2
-56 -21 4 1
-56 -22 6 1
-56 -22 5 2
-91 -25 7 1
-91 -25 6 1
-86 -28 4 2
-82 -26 7 1
-82 -27 7 1
-82 -28 8 1
-82 -28 7 2
-83 -28 8 1
-83 -28 7 2
-84 -26 9 1
-84 -27 9 1
-84 -28 7 1
-79 -2 8 2
-55 -36 7 0
-98 -14 7 2
-58 -27 4 1
-58 -27 5 1
-58 -26 3 1
-58 -26 4 1
-51 -1 7 0
-51 -1 6 0
-52 -1 7 0
-52 -1 6 0
-98 -40 3 0
-93 -1 0 1
-93 -1 -1 1
-98 -11 9 0
-85 -6 2 2
-93 -1 6 1
-81 -3 7 2
-59 -7 7 0
-91 -2 1 1
-84 -2 8 1
-91 -1 5 1
-91 -2 5 1
-84 -2 9 1
-61 -33 6 0
-54 -7 1 1
-54 -6 -1 1
-54 -6 0 1
-54 -6 1 1
-53 -7 -1 1
-53 -7 0 1
-53 -7 1 1
-52 -8 0 2
-53 -9 -1 1
-53 -9 0 2
-53 -9 1 2
-53 -8 -1 1
-53 -8 0 2
-94 -46 8 1
-92 -46 10 1
-92 -46 11 1
-92 -46 6 1
-92 -46 7 1
-94 -48 8 1
-94 -48 9 1
-94 -47 8 2
-94 -47 9 2
-93 -48 8 2
-93 -48 9 2
-93 -47 8 2
-78 -41 7 0
-90 -7 5 1
-90 -7 4 1
-64 -6 11 0
-63 -5 11 0
-63 -6 11 0
-62 -5 10 0
-59 -24 4 1
-59 -25 5 2
-59 -25 4 1
-60 -24 8 0
-59 -26 6 1
-59 -27 6 1
-61 -28 4 1
-61 -27 4 1
-60 -22 7 0
-60 -22 6 1
-85 -32 -1 1
-58 -24 7 0
-58 -24 6 1
-59 -25 7 0
-59 -25 6 1
-87 -5 16 1
-59 -23 6 1
-96 -44 8 0
-56 -2 9 0
-55 -2 9 0
-68 -5 8 0
-68 -5 9 0
-59 -39 6 0
-68 -8 10 0
-66 -39 -1 1
-64 -40 4 1
-65 -40 4 1
-65 -37 4 1
-65 -39 4 1
-94 -7 13 0
-96 -9 12 0
-96 -9 13 0
-94 -8 12 0
-96 -7 11 0
-100 -39 5 1
-77 -2 7 1
-54 -2 13 0
-91 -49 11 2
-91 -49 10 2
-91 -50 11 1
-91 -50 10 1
-92 -49 11 1
-92 -49 10 2
-92 -50 11 1
-92 -50 10 1
-99 -41 7 0
-96 -38 8 0
-98 -40 7 0
-89 -48 12 1
-61 -14 10 0
-94 -39 11 1
-94 -40 11 1
-58 -19 -1 1
-58 -19 0 2
-58 -19 1 1
-58 -18 -1 1
-58 -18 0 2
-58 -18 1 1
-59 -19 3 1
-59 -19 2 1
-58 -19 3 1
-58 -18 3 1
-57 -20 3 1
-57 -19 3 2
-57 -18 3 2
-56 -19 3 1
-56 -16 6 1
-59 -15 6 0
-59 -18 3 2
-60 -19 3 1
-52 -18 7 1
-77 -37 9 0
-96 -43 10 1
-96 -43 11 1
-78 -37 8 0
-78 -37 7 0
-76 -37 10 0
-76 -37 5 0
-70 -6 4 1
-70 -5 4 1
-69 -5 4 1
-77 -1 1 2
-65 -33 8 0
-65 -34 8 0
-65 -35 8 0
-65 -34 9 0
-65 -35 9 0
-66 -33 10 0
-72 -2 6 1
-79 -38 0 1
-78 -36 -1 1
-78 -36 0 1
-53 -4 12 0
-59 -42 4 0
-59 -42 2 0
-60 -44 4 0
-87 -28 3 2
-86 -28 3 2
-78 -49 2 1
-78 -48 4 1
-76 -49 0 2
-77 -50 -1 1
-77 -50 0 1
-82 -45 12 0
-77 -49 -1 1
-77 -49 0 2
-77 -48 -1 1
-77 -48 0 1
-77 -48 1 1
-76 -49 -1 1
-76 -48 -1 1
-76 -48 0 1
-76 -48 1 1
-75 -49 -1 1
-75 -49 0 1
-75 -48 -1 1
-75 -48 0 1
-78 -5 7 1
-59 -14 0 1
-58 -12 3 1
-58 -13 3 1
-89 -23 13 0
-63 -5 10 0
-64 -18 11 0
-61 -6 11 0
-62 -6 11 0
-68 -42 -1 1
-68 -42 0 1
-84 -49 10 0
-84 -1 9 2
-68 -40 1 1
-69 -40 1 1
-89 -4 3 1
-68 -40 5 1
-69 -40 5 1
-67 -40 4 1
-95 -3 2 1
-96 -1 3 1
-96 -1 2 1
-97 -1 3 1
-89 -1 4 2
-97 -1 4 1
-96 -2 4 1
-96 -2 3 2
-96 -2 2 1
-58 -10 8 0
-57 -9 9 0
-57 -9 8 0
-75 -8 9 2
-77 -8 9 2
-87 -44 11 1
-55 -11 9 0
-73 -35 8 0
-65 -1 9 0
-99 -4 5 1
-83 -11 7 1
-66 -4 8 1
-66 -4 9 0
-100 -4 3 1
-65 -5 4 1
-68 -9 0 1
-68 -8 0 1
-85 -1 6 2
-66 -4 1 2
-67 -6 1 1
-69 -8 1 1
-69 -7 1 2
-69 -7 2 1
-69 -7 4 1
-68 -6 4 1
-61 -36 3 0
-66 -3 1 2
-70 -6 2 2
-70 -6 3 2
-70 -5 3 2
-69 -5 3 1
-68 -5 2 1
-68 -5 3 2
-88 -13 10 2
-85 -24 2 1
-70 -6 9 0
-70 -6 11 0
-78 -30 1 1
-69 -7 11 0
-79 -20 4 1
-68 -7 10 0
-80 -15 5 1
-69 -7 10 0
-92 -11 4 1
-92 -11 5 1
-92 -10 3 1
-92 -10 4 1
-92 -10 5 1
-91 -12 3 2
-91 -12 4 2
-91 -11 3 1
-91 -10 3 1
-91 -10 4 1
-90 -12 3 2
-90 -12 4 1
-90 -11 3 1
-90 -11 4 2
-89 -11 4 1
-88 -13 2 1
-88 -13 3 1
-88 -13 4 1
-87 -13 2 1
-87 -13 3 1
-87 -13 4 1
-86 -13 2 1
-86 -13 3 1
-86 -13 4 1
-89 -12 3 2
-90 -13 2 1
-90 -13 3 2
-90 -13 4 1
-90 -12 2 1
-90 -11 2 1
-89 -13 2 1
-89 -13 3 2
-89 -13 4 1
-89 -12 2 1
-89 -12 4 1
-89 -11 2 1
-89 -11 3 1
-62 -27 6 1
-61 -37 2 0
-80 -6 6 1
-80 -6 7 1
-83 -26 8 2
-83 -27 9 1
-83 -27 8 2
-82 -45 8 0
-80 -44 9 0
-53 -13 2 2
-52 -13 2 2
-80 -46 3 0
-79 -47 1 1
-79 -46 1 1
-79 -46 2 1
-79 -45 1 1
-86 -36 2 1
-85 -36 2 1
-66 -2 0 1
-82 -2 16 0
-53 -32 -1 1
-64 -49 1 1
-62 -48 4 0
-63 -48 5 0
-55 -2 4 0
-55 -2 3 0
-70 -50 4 0
-72 -50 5 0
-71 -50 5 0
-72 -49 4 0
-86 -2 11 1
-91 -43 8 1
-71 -41 6 1
-70 -41 5 2
-70 -41 6 2
-71 -41 7 1
-78 -3 7 1
-84 -38 8 1
-84 -38 9 1
-85 -40 4 1
-84 -41 4 1
-84 -40 4 1
-92 -14 5 2
-92 -13 5 2
-91 -14 5 1
-91 -14 6 1
-91 -13 5 2
-90 -14 5 1
-97 -43 7 0
-100 -43 6 0
-100 -43 7 0
-99 -43 6 0
-99 -43 7 0
-97 -36 6 0
-97 -36 7 0
-97 -35 6 0
-96 -36 6 0
-51 -34 1 1
-51 -34 0 1
-51 -34 -1 1
-51 -33 8 0
-51 -33 7 0
-54 -33 4 0
-58 -18 7 1
-58 -18 4 1
-60 -19 6 0
-60 -18 6 1
-60 -17 6 1
-60 -19 7 0
-60 -18 7 0
-60 -17 7 0
-61 -16 6 1
-60 -16 6 1
-59 -18 4 2
-59 -18 5 1
-59 -18 6 1
-59 -17 4 2
-59 -17 5 1
-59 -17 6 1
-59 -16 5 1
-59 -16 6 1
-60 -19 5 1
-63 -18 6 1
-63 -18 7 0
-61 -20 5 1
-63 -18 4 2
-62 -21 5 1
-64 -21 4 1
-60 -21 9 0
-60 -21 10 0
-60 -21 3 1
-60 -21 2 1
-53 -30 2 0
-52 -29 1 1
-52 -29 0 1
-60 -19 4 2
-80 -38 8 1
-80 -38 9 1
-87 -15 10 1
-59 -1 0 1
-59 -2 0 1
-60 -1 0 1
-60 -2 0 1
-61 -1 0 1
-61 -2 0 1
-75 -34 6 0
-80 -43 5 0
-80 -43 9 0
-78 -45 8 0
-82 -43 8 0
-82 -43 7 0
-81 -43 8 0
-74 -6 5 1
-74 -7 5 2
-76 -31 11 0
-71 -23 4 2
-76 -29 10 0
-76 -30 11 0
-77 -29 11 0
-77 -29 9 0
-78 -31 9 0
-78 -32 10 0
-77 -33 10 0
-77 -33 11 0
-77 -32 9 0
-76 -32 10 0
-76 -32 11 0
-77 -31 11 0
-77 -31 12 0
-77 -42 8 0
-98 -38 9 1
-98 -37 8 1
-60 -27 6 1
-83 -4 6 1
-60 -26 6 1
-60 -26 7 1
-60 -25 5 2
-61 -26 4 1
-61 -25 4 1
-84 -13 6 1
-61 -24 5 2
-89 -43 5 2
-78 -6 9 1
-56 -10 0 1
-56 -11 0 2
-86 -29 12 1
-86 -28 11 0
-86 -29 11 1
-86 -27 12 0
-85 -28 12 0
-85 -28 11 0
-86 -27 14 0
-51 -9 4 1
-52 -10 7 0
-86 -27 10 0
-53 -9 6 0
-83 -27 11 0
-85 -43 4 2
-89 -12 7 1
-90 -11 7 1
-90 -11 6 2
-90 -12 7 1
-90 -12 6 1
-87 -11 7 0
-87 -12 7 1
-93 -2 15 2
-94 -1 15 1
-94 -2 15 2
-94 -3 15 2
-95 -1 15 1
-53 -2 -1 2
-53 -2 -2 1
-53 -3 0 2
-53 -3 -1 1
-53 -3 -2 1
-53 -4 1 1
-54 -2 1 1
-87 -4 14 1
-53 -1 2 1
-84 -1 18 0
-52 -2 0 2
-76 -48 5 0
-72 -27 8 0
-66 -20 11 0
-51 -2 -1 1
-51 -3 -1 2
-51 -3 -2 1
-51 -4 0 2
-51 -4 -1 1
-51 -4 -2 1
-79 -48 4 1
-51 -3 1 1
-51 -1 2 1
-94 -19 13 0
-93 -20 11 0
-94 -20 11 0
-70 -48 1 1
-100 -36 6 2
-56 -27 5 0
-95 -18 9 1
-52 -1 3 0
-52 -1 4 0
-51 -5 12 0
-53 -2 3 0
-53 -2 2 0
-54 -3 2 0
-53 -5 3 0
-53 -5 2 0
-99 -36 8 1
-100 -8 6 1
-100 -8 7 2
-92 -2 7 1
-70 -24 5 2
-85 -26 2 1
-85 -32 3 1
-86 -31 4 1
-86 -32 4 1
-86 -30 3 1
-90 -26 2 2
-82 -28 11 0
-85 -28 9 0
-85 -28 10 0
-85 -28 13 0
-83 -29 10 0
-83 -29 12 0
-83 -29 11 0
-84 -30 13 1
-84 -31 13 1
-84 -32 13 1
-85 -30 13 1
-85 -31 13 1
-85 -32 13 1
-86 -30 13 1
-86 -31 13 1
-86 -32 13 1
-86 -29 9 1
-87 -29 9 1
-87 -30 9 2
-87 -31 9 1
-88 -29 9 1
-91 -23 10 0
-91 -23 12 0
-62 -4 9 0
-84 -30 12 1
-62 -3 8 1
-88 -24 13 0
-73 -24 8 0
-73 -24 9 0
-65 -27 8 0
-65 -27 9 0
-62 -27 7 1
-63 -26 8 0
-64 -25 7 0
-64 -25 8 0
-66 -27 8 0
-63 -28 8 0
-64 -27 8 0
-64 -27 9 0
-62 -27 8 0
-63 -25 7 0
-85 -50 8 0
-88 -15 9 1
-65 -37 6 1
-52 -4 -2 1
-52 -4 -1 1
-52 -4 0 2
-100 -38 3 0
-64 -42 1 1
-64 -43 1 1
-65 -41 1 1
-87 -2 10 1
-58 -16 6 0
-58 -15 6 0
-63 -21 2 1
-62 -21 2 1
-62 -21 3 1
-62 -21 4 2
-57 -20 -1 1
-57 -20 0 1
-57 -20 1 1
-57 -19 -1 1
-57 -19 0 1
-57 -19 1 1
-57 -18 -1 1
-58 -19 2 1
-80 -2 5 2
-83 -12 6 1
-83 -11 6 1
-88 -15 10 1
-96 -44 11 1
-95 -46 9 2
-95 -46 10 2
-95 -46 11 1
-94 -46 9 1
-73 -39 10 1
-64 -38 1 1
-63 -40 0 1
-63 -40 1 1
-63 -39 -1 1
-63 -39 0 1
-63 -39 1 1
-62 -29 7 1
-62 -28 5 1
-61 -29 5 1
-61 -29 6 1
-61 -29 7 1
-61 -28 5 2
-61 -28 6 2
-61 -28 7 1
-62 -24 8 0
-63 -23 4 1
-100 -39 6 1
-100 -39 4 0
-99 -38 5 1
-99 -39 5 0
-99 -38 6 1
-100 -37 4 0
-100 -37 3 0
-96 -15 10 0
-96 -15 8 1
-81 -4 9 2
-81 -3 8 2
-81 -3 9 1
-80 -4 10 2
-95 -15 9 1
-95 -15 10 0
-95 -15 8 1
-94 -16 9 0
-89 -6 7 1
-94 -16 8 1
-89 -5 7 1
-95 -15 6 1
-95 -15 7 1
-95 -14 6 1
-95 -14 7 1
-95 -13 6 1
-95 -13 7 2
-95 -13 8 1
-66 -15 8 0
-64 -30 6 0
-73 -27 9 0
-71 -28 9 0
-68 -25 9 0
-54 -7 4 1
-52 -33 4 0
-52 -25 3 0
-60 -15 -1 1
-84 -41 5 2
-82 -35 4 2
-82 -35 5 1
-81 -48 8 0
-81 -48 9 0
-81 -47 9 0
-86 -48 8 0
-85 -48 8 0
-81 -30 2 1
-81 -32 2 1
-59 -11 8 0
-59 -11 9 0
-98 -12 6 1
-98 -12 7 2
-96 -16 11 0
-89 -16 11 1
-83 -40 8 2
-82 -43 9 0
-94 -1 12 1
-68 -41 3 2
-94 -2 8 2
-94 -1 8 2
-90 -7 8 1
-93 -2 8 2
-67 -22 8 0
-67 -21 9 0
-68 -21 10 0
-67 -21 8 0
-69 -21 9 0
-69 -20 9 0
-69 -44 3 0
-69 -44 4 0
-70 -45 0 1
-69 -45 1 1
-68 -47 -1 1
-61 -37 1 1
-52 -21 1 1
-53 -21 1 1
-51 -20 -1 1
-54 -21 2 1
-51 -2 6 0
-79 -39 7 0
-79 -39 8 0
-64 -18 0 1
-65 -18 1 1
-60 -47 5 0
-58 -45 5 0
-60 -46 5 0
-59 -46 5 0
-61 -46 7 0
-61 -45 7 0
-60 -45 7 0
-58 -43 7 0
-61 -43 7 0
-59 -45 7 0
-60 -44 7 0
-59 -44 8 0
-75 -36 2 2
-76 -36 3 1
-76 -36 4 0
-81 -20 2 1
-81 -20 3 1
-75 -39 2 0
-75 -39 -1 1
-84 -23 2 1
-83 -23 3 1
-83 -23 2 1
-75 -39 0 2
-75 -39 1 1
-75 -38 -1 1
-100 -12 5 1
-66 -39 5 1
-51 -34 3 0
-83 -2 11 1
-83 -2 10 1
-84 -2 11 1
-85 -1 15 2
-82 -37 4 2
-82 -37 3 1
-83 -37 4 2
-83 -37 3 1
-82 -37 7 1
-82 -37 6 2
-82 -37 5 1
-83 -37 7 1
-83 -37 6 2
-84 -36 7 1
-84 -37 7 1
-80 -35 5 1
-80 -35 4 2
-80 -35 3 1
-79 -34 6 1
-80 -34 6 1
-56 -18 2 1
-68 -44 0 1
-68 -44 -1 1
-70 -27 8 0
-70 -27 9 0
-71 -27 7 1
-70 -27 7 1
-71 -26 8 0
-71 -26 9 0
-71 -26 7 1
-72 -26 8 0
-72 -25 8 0
-52 -2 1 1
-51 -17 3 1
-72 -27 7 0
-72 -27 6 0
-69 -39 3 1
-69 -39 2 1
-69 -39 1 1
-65 -36 5 2
-65 -36 4 2
-67 -36 4 1
-67 -37 5 1
-67 -38 5 1
-65 -36 3 2
-64 -8 -1 1
-64 -9 -1 1
-67 -8 0 1
-67 -9 1 1
-67 -9 0 1
-67 -10 1 1
-71 -46 5 0
-70 -47 6 0
-70 -47 5 0
-79 -3 5 1
-79 -3 4 1
-67 -9 2 1
-67 -10 4 2
-67 -10 3 1
-67 -10 2 1
-62 -6 3 1
-63 -6 3 2
-64 -6 3 1
-64 -24 7 0
-62 -25 8 0
-62 -26 8 0
-62 -26 7 1
-100 -41 7 0
-100 -41 6 0
-53 -6 11 0
-70 -47 3 0
-71 -47 4 0
-89 -5 9 1
-89 -5 8 1
-64 -11 7 0
-64 -12 8 0
-64 -10 5 1
-64 -11 5 1
-51 -39 3 0
-94 -21 14 0
-93 -22 11 0
-65 -17 10 0
-93 -22 12 0
-58 -17 6 1
-56 -17 6 2
-58 -18 2 2
-57 -19 2 1
-56 -19 2 1
-59 -18 2 1
-61 -19 2 1
-61 -18 2 1
-61 -17 2 1
-60 -19 2 1
-60 -18 2 1
-60 -17 2 1
-62 -23 1 1
-62 -22 1 1
-62 -21 1 1
-61 -23 1 1
-72 -32 7 0
-83 -3 5 1
-83 -3 4 1
-83 -4 5 1
-83 -4 4 1
-84 -3 5 1
-84 -3 4 1
-66 -36 3 1
-88 -28 10 0
-90 -28 10 1
-65 -36 2 2
-89 -28 9 0
-90 -27 9 1
-89 -26 8 0
-74 -7 11 2
-74 -8 12 1
-74 -8 11 2
-75 -8 12 1
-75 -8 11 1
-76 -8 12 1
-76 -8 11 1
-74 -6 10 1
-74 -7 10 2
-74 -7 9 2
-74 -7 8 1
-74 -8 10 2
-74 -8 9 2
-74 -8 8 2
-75 -8 10 1
-99 -10 5 2
-58 -13 0 2
-58 -13 -1 1
-58 -16 2 2
-59 -17 1 1
-59 -17 2 1
-63 -3 4 2
-97 -14 6 1
-97 -14 7 2
-63 -7 9 1
-63 -7 8 1
-93 -18 4 1
-64 -7 9 1
-70 -49 1 1
-55 -3 12 0
-80 -9 6 1
-85 -43 11 1
-85 -44 11 1
-54 -4 9 0
-54 -3 8 0
-97 -8 13 0
-97 -7 13 0
-97 -5 12 0
-97 -6 12 0
-95 -6 12 0
-60 -29 3 1
-84 -41 9 2
-53 -37 4 0
-53 -37 2 0
-54 -37 3 0
-54 -36 2 0
-64 -41 4 2
-55 -37 4 0
-54 -40 4 0
-54 -40 2 0
-52 -40 3 0
-54 -38 2 0
-95 -1 17 0
-96 -40 2 1
-96 -40 1 1
-96 -40 0 1
-90 -43 9 1
-90 -42 9 2
-62 -4 6 1
-100 -9 11 0
-62 -3 5 1
-62 -3 6 1
-62 -2 4 2
-62 -2 5 1
-81 -37 0 1
-81 -37 1 1
-81 -36 -1 1
-81 -36 0 1
-81 -36 1 1
-81 -35 -1 1
-81 -35 0 1
-81 -35 1 1
-80 -37 -1 1
-80 -37 0 1
-80 -36 -1 1
-80 -36 1 1
-80 -35 -1 1
-80 -35 0 1
-80 -35 1 1
-79 -37 -1 1
-79 -37 0 2
-79 -36 -1 1
-98 -9 10 0
-85 -13 7 1
-63 -39 2 0
-62 -39 2 0
-63 -39 3 0
-62 -39 3 0
-63 -37 2 0
-63 -37 3 0
-60 -7 8 1
-58 -7 6 0
-67 -36 1 1
-53 -1 4 0
-53 -3 5 0
-67 -36 3 1
-53 -2 4 0
-51 -2 5 0
-51 -3 5 0
-51 -3 6 0
-100 -9 9 0
-70 -28 8 0
-72 -30 10 0
-71 -31 9 0
-72 -28 6 0
-75 -32 11 0
-64 -43 3 1
-64 -43 2 1
-65 -41 4 1
-65 -41 3 2
-65 -41 2 1
-65 -42 4 2
-65 -42 2 2
-65 -43 4 1
-65 -43 3 1
-55 -1 13 0
-55 -2 13 0
-55 -2 12 0
-56 -1 12 0
-79 -50 5 0
-79 -47 6 0
-77 -47 6 0
-78 -47 6 0
-78 -47 5 0
-77 -48 5 0
-79 -30 8 0
-79 -30 9 0
-79 -30 12 0
-79 -30 11 0
-70 -33 10 0
-70 -33 8 0
-70 -31 9 0
-70 -31 10 0
-70 -31 8 0
-72 -34 10 0
-70 -34 9 0
-70 -34 10 0
-70 -34 8 0
-72 -33 11 0
-72 -33 7 0
-69 -33 9 0
-68 -33 9 0
-69 -33 8 0
-68 -33 8 0
-70 -32 9 0
-69 -31 9 0
-90 -31 7 1
-90 -30 5 2
-90 -30 7 2
-90 -29 5 1
-90 -29 7 1
-79 -31 5 1
-78 -31 3 1
-78 -31 4 1
-78 -31 5 1
-77 -32 3 1
-77 -32 4 1
-77 -32 5 1
-77 -31 3 1
-77 -31 4 2
-77 -31 5 1
-77 -33 6 0
-79 -33 1 1
-79 -32 1 1
-79 -31 1 1
-79 -31 2 1
-78 -32 1 1
-78 -31 1 1
-78 -31 2 2
-77 -32 1 1
-77 -32 2 1
-77 -31 1 1
-77 -31 2 1
-99 -45 9 1
-74 -32 4 0
-74 -31 4 0
-74 -31 6 0
-74 -31 3 1
-78 -30 3 1
-78 -30 4 1
-78 -30 5 1
-77 -30 3 2
-77 -30 4 2
-77 -30 5 1
-76 -32 5 1
-76 -31 3 1
-76 -31 4 1
-76 -31 5 1
-76 -30 3 1
-76 -30 4 2
-76 -30 5 1
-93 -17 2 1
-93 -15 1 1
-92 -15 1 1
-91 -15 1 1
-96 -48 8 1
-96 -48 9 1
-96 -48 10 1
-95 -44 6 0
-95 -46 5 2
-96 -47 4 1
-96 -47 5 1
-96 -46 4 1
-96 -46 5 1
-96 -45 4 1
-96 -45 5 1
-95 -47 4 1
-95 -47 5 1
-95 -46 4 1
-95 -45 4 1
-95 -45 5 1
-94 -47 4 1
-94 -47 5 2
-94 -46 4 1
-94 -46 5 1
-94 -45 4 1
-94 -45 5 1
-94 -49 10 1
-94 -49 11 1
-96 -48 7 1
-95 -48 4 1
-95 -48 5 1
-94 -48 4 1
-94 -48 5 1
-93 -48 4 1
-93 -47 4 1
-93 -46 4 1
-93 -46 5 1
-98 -2 9 0
-98 -2 10 0
-97 -3 8 1
-97 -3 9 1
-76 -14 7 1
-78 -14 7 1
-78 -15 6 2
-97 -2 10 1
-68 -2 8 1
-89 -4 4 1
-89 -4 5 1
-78 -32 9 0
-78 -32 11 0
-77 -32 10 0
-78 -31 10 0
-77 -3 8 2
-77 -3 9 1
-76 -4 10 1
-76 -4 11 1
-58 -38 5 0
-58 -39 6 0
-81 -1 16 0
-81 -1 17 0
-81 -1 15 0
-83 -3 16 0
-83 -3 17 0
-72 -50 1 1
-73 -50 1 1
-81 -41 6 0
-76 -41 7 0
-75 -41 7 0
-75 -41 8 0
-85 -7 7 1
-88 -8 5 1
-90 -8 8 1
-89 -8 8 1
-88 -8 4 1
-88 -9 6 0
-70 -37 4 1
-58 -38 6 0
-51 -37 4 0
-52 -36 3 0
-51 -35 3 0
-55 -26 7 0
-56 -26 7 0
-89 -30 3 2
-91 -49 12 1
-91 -50 12 1
-92 -49 12 1
-92 -50 12 1
-58 -25 11 0
-58 -25 10 0
-56 -28 6 0
-56 -27 6 0
-56 -28 9 0
-56 -27 8 0
-57 -26 8 0
-56 -28 7 0
-56 -27 7 0
-95 -19 7 2
-95 -19 8 2
-72 -34 2 2
-85 -50 7 1
-84 -50 7 1
-84 -50 8 0
-78 -42 7 0
-78 -44 8 0
-78 -44 5 0
-78 -44 4 0
-74 -37 7 1
-75 -40 5 0
-75 -40 9 0
-90 -1 15 2
-74 -2 7 1
-77 -38 6 0
-89 -1 15 2
-77 -39 8 0
-63 -35 4 1
-63 -34 2 1
-63 -34 4 1
-63 -33 2 1
-80 -7 6 1
-81 -4 5 2
-79 -4 6 1
-81 -7 7 1
-81 -7 6 1
-96 -42 4 0
-86 -6 9 1
-86 -5 8 1
-91 -11 9 0
-89 -15 7 1
-83 -4 8 0
-84 -3 9 1
-84 -3 8 1
-84 -4 9 0
-84 -4 8 0
-63 -39 4 0
-64 -34 1 1
-65 -34 1 1
-66 -34 1 1
-64 -34 5 2
-65 -34 5 1
-66 -34 5 1
-94 -9 8 0
-94 -10 8 1
-99 -8 10 0
-94 -10 9 0
-94 -11 8 1
-93 -10 9 0
-83 -4 9 0
-83 -3 8 1
-83 -3 9 1
-82 -4 10 1
-82 -4 11 1
-82 -3 10 1
-71 -5 10 0
-81 -4 10 1
-70 -5 10 0
-93 -1 9 2
-71 -5 11 0
-71 -4 10 0
-71 -4 11 0
-72 -4 10 0
-72 -3 11 0
-74 -4 11 0
-73 -6 10 1
-73 -6 11 1
-73 -6 12 1
-73 -8 8 2
-72 -7 10 1
-72 -7 11 1
-71 -7 10 0
-71 -6 11 0
-72 -5 11 0
-72 -5 12 0
-88 -47 4 1
-86 -48 5 1
-86 -47 6 1
-86 -48 4 1
-62 -27 5 2
-62 -27 4 1
-63 -25 6 1
-53 -38 6 0
-63 -25 4 1
-51 -39 5 0
-51 -40 5 0
-51 -40 6 0
-51 -40 4 0
-64 -28 7 0
-87 -6 16 1
-52 -15 -1 1
-52 -15 0 2
-52 -15 1 1
-51 -15 -1 1
-51 -15 0 2
-90 -2 17 0
-72 -35 3 1
-65 -17 6 0
-58 -29 9 0
-58 -28 8 0
-58 -27 8 0
-58 -29 7 0
-58 -28 7 0
-58 -27 7 0
-61 -28 9 0
-60 -27 8 0
-62 -25 9 0
-61 -23 9 0
-58 -21 9 0
-56 -23 9 0
-62 -12 6 0
-63 -12 6 0
-64 -14 5 1
-64 -14 7 0
-100 -31 7 1
-100 -31 6 2
-66 -12 4 2
-66 -12 3 1
-66 -13 5 1
-66 -13 4 1
-66 -13 3 1
-66 -14 5 1
-66 -14 4 2
-66 -14 3 1
-67 -12 4 1
-67 -12 3 1
-67 -13 5 1
-67 -13 3 1
-67 -14 5 1
-67 -14 4 2
-67 -14 3 1
-68 -12 5 1
-68 -12 4 1
-68 -12 3 1
-68 -13 5 1
-68 -13 4 1
-68 -13 3 1
-68 -14 5 1
-68 -14 4 2
-92 -45 7 0
-63 -10 8 0
-63 -9 7 0
-63 -10 6 0
-63 -9 6 0
-65 -9 8 0
-65 -9 6 0
-66 -12 6 0
-67 -6 6 1
-63 -2 6 0
-68 -11 3 1
-69 -9 4 1
-69 -9 3 1
-69 -10 3 1
-69 -11 4 1
-69 -11 3 1
-70 -9 4 1
-70 -9 3 1
-70 -10 4 1
-70 -10 3 1
-70 -11 4 1
-70 -11 3 1
-65 -2 5 0
-68 -11 7 1
-68 -11 6 1
-68 -11 5 1
-69 -9 6 1
-69 -9 5 1
-69 -10 7 1
-69 -10 5 1
-69 -11 7 1
-69 -11 6 1
-69 -11 5 1
-70 -9 5 1
-70 -10 5 1
-70 -11 5 1
-69 -10 6 2
-60 -10 5 1
-61 -10 7 0
-68 -29 3 0
-68 -29 11 0
-95 -16 2 1
-95 -17 2 1
-68 -29 10 0
-68 -29 9 0
-68 -29 8 0
-68 -26 8 0
-68 -27 8 0
-66 -27 9 0
-65 -29 9 0
-60 -23 11 0
-60 -23 10 0
-60 -23 9 0
-58 -25 9 0
-58 -25 8 0
-58 -26 7 0
-60 -27 9 0
-60 -26 8 0
-64 -23 9 0
-60 -19 9 0
-63 -28 9 0
-62 -31 9 0
-64 -31 9 0
-62 -30 9 0
-64 -30 9 0
-65 -31 12 0
-66 -30 12 0
-65 -31 11 0
-65 -32 12 0
-52 -17 4 1
-52 -17 3 1
-81 -48 10 0
-52 -18 3 2
-51 -17 4 2
-75 -49 4 0
-62 -46 3 0
-62 -46 2 0
-61 -45 1 1
-61 -45 3 0
-61 -45 2 0
-82 -27 11 0
-81 -26 9 2
-82 -27 8 2
-82 -27 9 1
-82 -26 8 1
-82 -26 9 2
-66 -32 3 1
-66 -33 3 1
-67 -31 3 1
-68 -31 3 1
-66 -31 6 2
-66 -31 5 2
-66 -31 4 1
-66 -32 6 2
-66 -32 5 2
-66 -32 4 1
-66 -33 6 1
-66 -33 5 2
-66 -33 4 1
-67 -31 6 1
-67 -31 5 1
-71 -5 3 2
-71 -5 1 2
-71 -4 1 1
-51 -3 13 0
-55 -9 1 1
-85 -32 8 1
-85 -33 10 1
-84 -33 9 1
-84 -33 10 1
-75 -33 6 0
-77 -33 7 0
-72 -35 6 0
-74 -32 1 1
-74 -32 2 1
-74 -32 3 1
-83 -31 8 1
-82 -30 11 0
-84 -28 12 0
-84 -28 9 1
-84 -28 8 1
-82 -29 10 0
-81 -29 10 0
-82 -29 11 0
-81 -29 11 0
-79 -26 9 1
-79 -26 10 1
-82 -31 10 1
-92 -7 14 1
-75 -39 4 0
-77 -37 3 1
-88 -17 8 1
-88 -17 9 1
-88 -17 10 1
-87 -17 8 1
-87 -17 9 1
-87 -17 10 1
-87 -16 10 1
-88 -17 11 1
-91 -14 10 0
-91 -14 11 0
-91 -14 7 1
-99 -1 5 0
-99 -1 3 1
-91 -13 9 0
-92 -13 9 0
-90 -15 8 1
-62 -36 3 0
-62 -36 2 0
-82 -1 6 1
-62 -38 3 0
-63 -38 3 0
-62 -38 2 0
-63 -38 2 0
-63 -38 1 1
-63 -38 0 1
-100 -5 3 1
-100 -5 4 1
-100 -5 5 1
-63 -38 -1 1
-100 -5 6 1
-99 -2 4 0
-90 -1 4 2
-89 -40 6 1
-89 -40 5 1
-89 -40 4 1
-90 -40 4 1
-91 -40 4 1
-92 -43 7 1
-92 -41 4 1
-67 -40 3 2
-67 -40 2 2
-87 -3 3 1
-68 -40 3 1
-87 -4 3 1
-69 -40 4 1
-88 -3 3 1
-96 -43 9 1
-88 -4 3 1
-66 -42 2 1
-66 -42 4 1
-66 -42 3 2
-66 -43 2 1
-66 -43 4 1
-66 -43 3 1
-95 -42 7 0
-69 -33 3 1
-69 -33 4 1
-69 -33 5 1
-69 -32 3 1
-69 -32 4 2
-69 -32 5 1
-69 -31 3 1
-69 -31 4 1
-69 -31 5 1
-73 -32 5 0
-73 -32 4 1
-71 -35 6 1
-70 -35 4 1
-70 -35 5 1
-62 -8 1 1
-70 -35 6 1
-69 -37 4 1
-71 -29 5 1
-70 -34 6 1
-68 -36 6 1
-68 -35 4 1
-68 -35 5 1
-68 -35 6 1
-68 -34 6 1
-70 -34 3 1
-68 -36 3 1
-68 -35 3 1
-71 -33 6 0
-71 -33 7 0
-72 -32 1 1
-72 -32 2 2
-72 -32 3 2
-71 -32 1 1
-71 -32 2 1
-70 -34 1 1
-70 -34 2 1
-70 -33 1 1
-75 -3 1 1
-75 -4 1 1
-54 -19 1 1
-54 -18 1 1
-54 -17 1 2
-52 -19 -1 1
-52 -19 0 1
-58 -12 -1 1
-58 -11 1 1
-87 -4 16 1
-60 -14 1 2
-60 -14 2 2
-60 -14 3 1
-60 -13 1 1
-60 -13 2 2
-60 -33 5 0
-59 -34 3 0
-62 -34 0 1
-99 -35 10 1
-100 -34 9 1
-83 -22 10 1
-82 -22 10 1
-85 -20 9 1
-85 -19 9 1
-85 -18 9 1
-85 -20 4 1
-87 -22 5 2
-87 -22 6 2
-87 -22 7 1
-87 -21 5 1
-87 -21 6 1
-87 -21 7 1
-87 -20 5 1
-87 -20 6 1
-85 -23 6 1
-79 -14 2 1
-78 -15 2 1
-77 -5 4 1
-52 -31 1 1
-51 -33 -1 1
-51 -33 0 2
-76 -3 10 1
-71 -46 4 1
-68 -44 3 1
-71 -46 3 1
-75 -3 10 0
-73 -48 3 0
-73 -50 3 0
-76 -4 7 1
-71 -50 3 0
-76 -3 7 1
-70 -50 3 0
-75 -4 7 1
-71 -48 2 0
-83 -5 4 1
-83 -5 5 1
-83 -5 3 2
-82 -6 5 2
-82 -6 3 1
-82 -5 5 2
-55 -18 5 1
-55 -18 6 2
-79 -10 8 1
-78 -14 8 2
-78 -13 7 1
-78 -13 8 2
-78 -12 6 1
-78 -12 7 1
-78 -12 8 1
-70 -10 9 1
-71 -8 8 1
-71 -9 8 2
-69 -8 9 0
-69 -8 8 0
-71 -6 13 0
-74 -3 11 0
-75 -9 8 2
-74 -9 7 2
-75 -10 6 2
-75 -10 7 2
-75 -10 8 2
-75 -9 6 1
-75 -9 7 2
-75 -8 6 1
-74 -10 6 2
-74 -10 7 1
-74 -10 8 2
-74 -9 6 2
-74 -8 6 1
-74 -8 7 2
-73 -10 6 1
-73 -10 7 1
-93 -43 4 0
-73 -9 6 2
-73 -9 7 2
-73 -8 6 1
-73 -8 7 1
-72 -10 8 1
-71 -10 8 2
-70 -10 8 1
-72 -10 7 1
-72 -9 7 2
-72 -8 7 1
-71 -10 7 2
-71 -9 7 1
-71 -8 7 1
-70 -10 7 1
-70 -9 7 1
-70 -8 7 1
-68 -9 9 0
-68 -9 8 0
-75 -10 9 1
-74 -10 9 2
-73 -10 9 1
-73 -10 10 1
-73 -10 11 1
-69 -9 9 0
-69 -9 8 0
-72 -6 12 0
-72 -6 13 0
-68 -2 -1 1
-69 -1 3 1
-69 -1 -1 1
-81 -1 1 1
-73 -2 5 1
-65 -1 0 1
-81 -1 -1 1
-100 -2 -1 1
-100 -2 0 1
-99 -2 0 1
-71 -1 4 2
-71 -2 4 1
-71 -2 5 1
-71 -1 5 1
-81 -1 0 1
-70 -2 4 2
-70 -2 5 1
-70 -1 4 2
-70 -1 5 1
-71 -3 5 1
-67 -3 4 1
-67 -2 4 0
-67 -5 5 1
-67 -4 5 1
-67 -3 5 1
-73 -4 -1 1
-69 -2 -1 1
-91 -3 15 2
-91 -3 16 1
-91 -2 14 1
-65 -45 7 0
-66 -42 7 0
-71 -47 7 0
-69 -49 5 0
-69 -48 7 0
-69 -49 4 0
-66 -47 7 0
-69 -45 7 0
-93 -3 6 1
-93 -3 7 1
-82 -3 3 1
-81 -4 3 2
-81 -3 3 2
-97 -41 5 0
-97 -41 6 0
-62 -41 6 0
-60 -43 5 0
-60 -43 6 0
-61 -42 7 0
-61 -42 4 0
-61 -42 3 0
-61 -42 5 0
-87 -2 5 1
-87 -2 6 1
-87 -1 4 1
-87 -1 5 1
-87 -1 6 1
-88 -1 2 1
-74 -4 8 2
-65 -46 7 0
-70 -42 8 1
-70 -41 8 1
-70 -40 8 1
-69 -42 8 1
-69 -41 8 1
-69 -40 8 1
-62 -28 4 1
-66 -24 7 0
-66 -23 7 0
-66 -25 8 0
-66 -24 8 0
-66 -24 5 0
-64 -30 8 0
-64 -30 5 0
-66 -27 10 0
-66 -27 11 0
-67 -26 2 1
-67 -26 3 1
-66 -26 2 1
-66 -26 3 1
-65 -26 2 1
-65 -26 3 1
-95 -12 12 0
-96 -11 11 0
-96 -11 13 0
-51 -18 3 1
-97 -10 12 0
-93 -8 11 0
-93 -8 13 0
-55 -16 1 2
-61 -48 5 0
-61 -47 5 0
-62 -48 5 0
-60 -48 4 0
-54 -20 2 1
-62 -3 3 1
-73 -32 1 2
-73 -32 2 1
-73 -32 3 1
-51 -43 0 2
-51 -42 -1 1
-51 -42 0 1
-51 -42 1 1
-51 -41 -1 1
-51 -41 0 2
-51 -41 1 1
-53 -45 4 0
-52 -43 4 0
-53 -42 3 0
-53 -44 2 0
-54 -45 3 0
-54 -43 2 0
-52 -41 0 2
-52 -41 1 1
-54 -44 2 0
-52 -47 -1 1
-52 -47 0 1
-52 -47 1 1
-51 -47 -1 1
-51 -47 0 2
-51 -47 1 1
-54 -46 -1 1
-54 -46 0 2
-73 -6 4 1
-73 -7 4 1
-63 -17 8 0
-85 -11 9 1
-90 -8 9 1
-90 -7 9 1
-89 -8 9 1
-55 -13 2 1
-55 -13 1 1
-53 -3 1 1
-53 -3 2 0
-54 -4 3 0
-55 -4 3 0
-55 -3 3 0
-54 -1 3 0
-54 -1 4 0
-73 -33 8 0
-55 -1 3 0
-53 -16 0 2
-52 -8 5 0
-91 -2 6 1
-55 -7 6 0
-59 -9 8 0
-59 -10 9 0
-59 -10 8 0
-62 -6 9 1
-78 -7 9 1
-78 -7 8 1
-68 -46 6 0
-69 -46 6 0
-75 -5 11 1
-59 -3 10 0
-97 -40 9 0
-97 -40 8 0
-98 -41 9 0
-82 -33 9 2
-82 -33 10 1
-82 -33 11 2
-82 -32 9 1
-82 -32 10 1
-82 -32 11 1
-82 -31 9 1
-55 -10 8 0
-75 -7 9 2
-84 -47 4 1
-98 -40 9 0
-98 -41 8 0
-98 -40 8 0
-66 -28 4 1
-67 -26 6 2
-67 -26 5 1
-67 -26 4 1
-68 -26 6 2
-68 -26 5 2
-68 -26 4 1
-67 -28 7 1
-66 -28 5 1
-66 -28 7 0
-65 -28 6 1
-65 -30 7 1
-77 -50 4 0
-77 -50 3 1
-55 -1 6 0
-58 -1 6 0
-74 -28 4 2
-74 -28 3 1
-74 -29 5 1
-74 -29 4 2
-74 -29 3 1
-74 -30 5 1
-74 -30 4 1
-74 -30 3 1
-73 -29 4 2
-73 -29 9 0
-71 -30 7 0
-71 -30 8 0
-72 -30 8 0
-74 -29 7 0
-82 -41 6 1
-82 -41 7 1
-59 -4 3 1
-71 -2 2 1
-60 -4 5 1
-60 -4 4 2
-54 -3 9 0
-99 -39 10 1
-56 -8 10 0
-72 -50 3 0
-61 -33 4 1
-76 -39 -1 1
-76 -39 0 2
-76 -38 -1 1
-76 -38 0 2
-76 -38 1 1
-74 -26 8 0
-72 -26 10 0
-72 -26 6 1
-74 -5 1 1
-53 -3 9 0
-58 -22 6 1
-59 -3 4 2
-59 -3 5 1
-58 -3 3 1
-96 -40 10 0
-96 -39 10 0
-98 -33 6 1
-59 -46 1 0
-59 -46 3 0
-59 -46 2 0
-59 -47 1 0
-59 -47 3 0
-59 -47 2 0
-97 -15 8 1
-97 -15 7 2
-97 -16 9 1
-97 -16 8 2
-97 -16 7 1
-97 -17 9 1
-97 -17 8 2
-97 -17 7 1
-98 -15 9 1
-98 -15 8 2
-98 -15 7 1
-98 -16 9 1
-60 -12 0 2
-60 -12 -1 1
-63 -17 11 0
-63 -17 7 0
-60 -13 0 2
-60 -13 -1 1
-60 -14 0 2
-60 -14 -1 1
-59 -10 1 1
-59 -10 0 1
-59 -10 -1 1
-59 -11 2 1
-85 -2 18 0
-100 -35 6 2
-100 -35 8 1
-100 -34 6 2
-59 -11 1 1
-59 -11 -1 1
-56 -10 -1 1
-58 -10 2 1
-58 -10 1 2
-58 -11 2 1
-59 -13 -1 1
-77 -16 5 1
-59 -14 -1 1
-76 -15 8 1
-76 -14 8 1
-58 -14 3 2
-59 -12 3 1
-88 -2 17 0
-54 -15 3 2
-54 -15 2 1
-59 -15 3 2
-59 -15 2 2
-59 -15 1 2
-59 -16 3 1
-59 -16 2 1
-62 -19 9 0
-62 -19 8 0
-64 -17 11 0
-86 -4 15 1
-58 -14 2 2
-66 -12 5 1
-68 -14 3 1
-67 -13 4 2
-67 -13 7 0
-66 -12 7 0
-65 -12 7 0
-67 -13 6 0
-68 -10 3 1
-68 -11 4 1
-69 -10 4 2
-65 -11 5 1
-67 -12 7 0
-66 -11 7 0
-65 -11 7 0
-67 -12 6 0
-66 -11 6 0
-65 -11 6 0
-68 -10 4 1
-66 -9 7 1
-67 -9 7 1
-67 -10 7 1
-72 -34 4 0
-72 -35 5 0
-94 -21 10 0
-57 -1 2 0
-91 -22 12 0
-84 -2 3 1
-72 -32 8 0
-72 -31 7 0
-83 -2 3 1
-74 -31 7 0
-60 -33 2 0
-58 -32 4 0
-57 -32 4 0
-78 -42 9 0
-80 -43 8 0
-80 -42 6 0
-80 -42 8 0
-54 -6 4 1
-54 -6 5 0
-52 -6 4 0
-52 -6 5 0
-51 -6 4 0
-52 -4 6 0
-52 -4 3 0
-52 -4 2 0
-75 -50 5 0
-87 -5 3 2
-74 -38 5 1
-76 -34 8 0
-76 -34 7 0
-74 -34 8 0
-74 -34 7 0
-52 -11 0 1
-53 -11 0 1
-54 -11 0 1
-52 -11 3 1
-53 -2 -3 1
-63 -7 2 2
-63 -8 2 1
-54 -1 -3 1
-64 -7 2 1
-55 -1 -1 1
-55 -1 -2 1
-55 -1 -3 1
-55 -2 -1 1
-55 -2 -2 1
-55 -2 -3 1
-56 -1 1 1
-73 -38 9 1
-73 -37 9 1
-73 -37 10 1
-72 -39 10 1
-72 -38 10 1
-72 -37 9 1
-72 -37 10 1
-60 -27 4 1
-60 -27 3 1
-59 -27 4 2
-57 -28 5 0
-75 -35 11 0
-57 -28 4 0
-80 -41 3 1
-54 -8 2 2
-54 -8 1 2
-54 -8 0 2
-54 -9 2 1
-54 -9 1 1
-81 -40 3 1
-54 -9 0 1
-81 -18 5 1
-81 -19 6 2
-81 -19 5 2
-81 -20 7 2
-51 -8 3 1
-52 -8 3 1
-54 -8 5 0
-80 -16 8 2
-78 -19 5 1
-78 -18 5 1
-86 -12 6 1
-86 -12 7 1
-86 -11 6 1
-86 -11 7 1
-95 -3 11 1
-54 -4 6 0
-56 -3 5 0
-92 -1 6 1
-98 -42 8 0
-98 -42 7 0
-96 -42 7 0
-70 -20 8 0
-68 -22 7 0
-68 -22 6 1
-78 -6 10 1
-61 -50 2 0
-60 -50 2 0
-61 -50 3 0
-82 -44 8 0
-82 -44 7 0
-83 -45 7 0
-82 -46 8 0
-81 -46 7 0
-82 -46 7 0
-89 -26 13 0
-72 -24 9 0
-72 -23 8 0
-72 -24 8 0
-71 -23 9 0
-89 -27 12 0
-57 -30 5 0
-85 -45 9 1
-60 -30 4 1
-84 -41 10 1
-82 -49 10 0
-84 -42 10 2
-84 -43 10 1
-85 -41 10 1
-55 -7 2 2
-55 -7 1 2
-72 -23 5 1
-73 -22 3 1
-72 -22 4 2
-73 -21 3 1
-71 -22 4 2
-69 -22 4 1
-93 -10 7 1
-97 -9 7 1
-70 -7 8 1
-60 -13 5 0
-60 -11 4 1
-61 -11 4 1
-59 -10 5 1
-59 -10 4 1
-59 -10 3 1
-58 -10 5 1
-58 -9 5 0
-59 -9 5 0
-59 -9 4 0
-58 -9 6 0
-57 -10 6 0
-57 -9 5 0
-56 -10 5 0
-54 -10 6 0
-52 -12 7 0
-62 -11 8 0
-56 -28 5 0
-57 -27 5 1
-56 -28 4 0
-53 -19 9 0
-56 -18 9 0
-76 -37 -1 1
-77 -37 1 1
-54 -20 8 1
-63 -35 0 1
-63 -35 1 1
-62 -35 -1 1
-62 -35 0 2
-62 -35 1 1
-55 -20 10 0
-55 -18 9 0
-54 -21 9 0
-56 -19 9 0
-77 -6 9 2
-61 -36 1 1
-62 -12 9 0
-54 -23 6 0
-62 -12 8 0
-97 -9 9 0
-81 -13 4 1
-63 -12 2 1
-61 -8 1 2
-52 -1 10 0
-79 -36 0 1
-79 -36 1 1
-79 -35 -1 1
-79 -35 0 1
-79 -35 1 1
-80 -36 2 0
-64 -48 6 0
-63 -47 6 0
-63 -48 4 0
-65 -48 4 0
-65 -47 4 0
-65 -46 4 0
-65 -48 5 0
-65 -47 6 0
-65 -46 6 0
-67 -48 4 0
-67 -48 5 0
-67 -48 6 0
-68 -48 4 0
-69 -50 6 0
-69 -50 3 0
-64 -19 2 1
-63 -20 2 1
-63 -19 2 1
-63 -18 2 1
-65 -50 7 0
-80 -38 6 1
-80 -40 5 0
-61 -32 8 0
-61 -32 6 0
-61 -36 7 0
-61 -36 8 0
-61 -35 6 0
-74 -36 3 1
-74 -36 4 1
-74 -36 2 1
-74 -35 3 1
-74 -35 4 0
-74 -35 2 1
-76 -34 3 1
-83 -7 5 2
-76 -34 4 0
-76 -34 2 2
-77 -35 4 0
-74 -35 7 0
-75 -37 5 0
-75 -37 6 0
-75 -37 9 0
-77 -37 7 0
-95 -12 8 1
-95 -12 10 0
-77 -49 6 0
-56 -11 -1 1
-58 -15 2 2
-61 -22 2 2
-61 -22 3 1
-82 -27 10 1
-74 -33 0 1
-74 -32 0 1
-74 -31 0 1
-73 -33 0 1
-73 -32 0 1
-73 -31 0 1
-72 -33 0 1
-72 -32 0 1
-72 -31 0 1
-91 -22 4 1
-90 -19 4 1
-84 -9 7 1
-51 -2 7 0
-95 -26 7 1
-95 -26 6 1
-96 -26 7 1
-96 -26 6 1
-96 -26 5 1
-97 -26 7 1
-97 -26 6 1
-97 -26 5 1
-99 -24 7 2
-99 -24 6 2
-99 -24 5 2
-100 -24 7 1
-100 -24 6 1
-100 -24 5 2
-95 -23 6 0
-99 -19 6 1
-99 -19 5 1
-53 -9 8 0
-97 -24 6 2
-96 -23 7 1
-96 -22 8 1
-97 -22 8 1
-98 -22 8 1
-94 -23 3 1
-94 -23 2 1
-96 -19 2 1
-98 -22 4 1
-96 -23 5 1
-94 -22 3 1
-94 -22 2 1
-97 -19 2 1
-98 -19 4 1
-98 -19 3 1
-98 -19 2 1
-98 -20 4 1
-98 -20 2 1
-98 -21 4 1
-98 -21 3 1
-65 -35 7 1
-66 -35 7 0
-65 -31 8 0
-63 -32 7 0
-63 -32 9 0
-63 -32 8 0
-63 -33 7 1
-63 -33 9 0
-76 -26 4 1
-76 -26 3 1
-76 -27 5 1
-76 -27 3 1
-77 -26 5 1
-77 -26 4 1
-64 -41 2 1
-100 -13 2 1
-100 -14 2 1
-53 -5 5 0
-66 -3 8 0
-66 -3 9 0
-65 -4 8 1
-65 -4 9 1
-100 -13 3 1
-98 -27 8 1
-83 -1 12 1
-71 -6 10 0
-70 -5 7 1
-54 -2 -1 1
-54 -2 0 2
-54 -1 -2 2
-54 -1 -1 1
-54 -1 0 2
-93 -21 11 0
-93 -21 13 0
-94 -21 12 0
-96 -10 9 0
-92 -21 12 0
-93 -21 12 0
-65 -19 7 0
-65 -19 6 0
-78 -41 4 1
-76 -43 4 1
-76 -43 5 1
-64 -21 8 0
-82 -39 10 1
-66 -19 7 0
-66 -19 6 0
-68 -20 8 0
-78 -47 10 0
-71 -26 6 1
-71 -26 10 0
-61 -10 3 1
-61 -10 2 1
-59 -29 4 2
-84 -44 10 1
-84 -46 9 0
-85 -45 10 1
-96 -42 8 0
-64 -9 2 2
-69 -4 10 0
-73 -2 11 0
-64 -8 3 1
-64 -8 4 2
-67 -1 11 0
-64 -7 4 2
-63 -9 2 1
-63 -9 3 1
-63 -9 4 1
-63 -8 4 1
-63 -7 3 2
-76 -30 6 0
-76 -31 6 0
-62 -33 2 1
-86 -4 3 2
-86 -3 3 2
-70 -1 6 1
-70 -1 7 1
-70 -1 8 2
-69 -1 6 1
-69 -1 7 1
-69 -1 8 2
-70 -24 8 0
-69 -23 8 0
-70 -24 9 0
-70 -23 8 0
-71 -23 8 0
-53 -22 4 1
-58 -10 7 0
-63 -1 6 0
-63 -1 7 0
-87 -17 4 1
-53 -20 4 2
-57 -9 7 0
-53 -20 6 2
-53 -23 5 0
-53 -23 6 0
-51 -24 5 0
-58 -26 5 2
-81 -6 10 1
-81 -6 11 1
-81 -5 11 1
-94 -14 9 0
-94 -14 10 0
-89 -27 10 1
-60 -17 3 1
-60 -17 4 2
-60 -17 5 2
-60 -16 5 1
-61 -19 5 1
-63 -19 6 0
-64 -18 6 0
-63 -19 7 0
-63 -19 5 1
-64 -18 5 1
-65 -21 6 0
-64 -21 7 0
-65 -21 5 1
-58 -24 8 0
-61 -21 7 0
-61 -21 9 0
-61 -21 10 0
-61 -21 3 1
-61 -21 2 1
-88 -25 8 1
-88 -26 7 1
-52 -29 -1 1
-53 -29 1 1
-53 -29 0 1
-53 -29 -1 1
-53 -30 -1 1
-54 -31 0 1
-54 -31 -1 1
-53 -30 0 2
-53 -30 8 0
-53 -30 7 0
-53 -30 6 0
-86 -32 1 1
-53 -32 4 0
-55 -32 6 0
-51 -27 4 0
-54 -28 0 1
-56 -28 0 1
-67 -17 4 2
-67 -17 3 1
-67 -21 3 1
-95 -40 4 1
-95 -3 7 1
-96 -1 -1 1
-96 -1 0 1
-96 -1 1 1
-96 -2 7 1
-85 -43 6 2
-54 -15 5 1
-85 -43 5 1
-72 -38 7 2
-73 -39 6 1
-73 -38 6 2
-73 -38 7 2
-73 -38 8 1
-73 -37 6 2
-60 -34 4 0
-59 -34 4 0
-59 -34 5 0
-59 -9 6 0
-59 -9 10 0
-61 -9 8 0
-53 -26 7 0
-53 -26 6 0
-51 -12 -1 1
-51 -13 -1 1
-52 -12 -1 1
-52 -13 -1 1
-53 -12 -1 1
-53 -13 -1 1
-55 -24 4 1
-55 -25 6 0
-51 -14 -1 1
-53 -24 4 0
-59 -32 5 0
-59 -32 3 0
-60 -32 4 0
-60 -31 4 0
-60 -32 5 0
-60 -31 3 0
-63 -32 2 1
-63 -31 2 1
-80 -5 5 1
-75 -48 5 0
-54 -2 2 0
-52 -7 6 0
-76 -48 6 0
-75 -48 6 0
-76 -47 5 0
-76 -46 5 0
-67 -1 2 1
-78 -49 5 0
-78 -49 6 0
-86 -28 6 1
-86 -27 8 1
-87 -27 4 1
-87 -27 5 1
-87 -27 6 1
-87 -26 4 1
-87 -26 5 1
-87 -26 6 1
-87 -25 4 1
-86 -24 9 1
-86 -24 10 0
-86 -24 3 2
-73 -8 10 2
-73 -8 11 2
-89 -1 5 2
-51 -5 9 0
-99 -34 7 1
-66 -8 4 1
-66 -9 4 1
-66 -8 2 1
-94 -23 11 0
-94 -22 11 0
-94 -23 13 0
-69 -43 4 1
-51 -23 4 0
-51 -23 7 0
-100 -38 4 0
-78 -4 10 2
-88 -1 7 1
-97 -5 13 0
-98 -4 14 0
-57 -41 0 1
-79 -14 3 2
-57 -40 -1 1
-57 -40 0 1
-57 -40 1 1
-82 -39 9 1
-77 -11 4 1
-94 -41 6 0
-76 -11 4 1
-78 -14 5 1
-96 -40 3 1
-72 -33 8 0
-72 -34 9 0
-86 -4 8 2
-77 -14 6 2
-86 -3 8 2
-86 -3 9 2
-88 -1 11 2
-85 -4 9 1
-85 -3 8 1
-85 -3 9 1
-55 -26 5 0
-55 -27 4 0
-84 -3 10 1
-87 -1 9 1
-66 -38 5 1
-66 -37 5 1
-66 -36 4 1
-66 -36 5 1
-65 -38 5 1
-65 -37 5 1
-84 -4 6 0
-84 -4 7 0
-83 -48 7 0
-84 -26 2 1
-88 -26 13 0
-80 -8 6 1
-94 -46 10 2
-74 -24 5 1
-71 -3 8 1
-61 -37 -1 1
-61 -37 0 1
-76 -2 3 2
-71 -4 9 1
-77 -3 4 1
-70 -3 10 0
-73 -25 5 1
-73 -26 5 1
-73 -26 4 2
-72 -27 5 1
-73 -27 6 0
-75 -27 7 0
-75 -28 7 0
-74 -27 2 1
-75 -27 2 1
-75 -26 5 1
-75 -26 4 1
-75 -26 3 1
-76 -26 5 1
-77 -26 3 1
-77 -27 5 1
-77 -27 4 1
-77 -27 3 1
-76 -27 4 2
-76 -29 6 0
-75 -28 6 0
-70 -27 6 1
-70 -25 7 1
-69 -25 7 1
-70 -29 6 0
-70 -28 6 1
-68 -32 7 1
-67 -34 7 1
-66 -34 7 1
-70 -30 9 0
-70 -30 10 0
-70 -30 11 0
-93 -45 12 1
-73 -48 7 0
-71 -49 6 0
-72 -50 7 0
-96 -47 10 1
-96 -47 11 1
-95 -48 10 1
-95 -48 11 1
-95 -47 10 1
-95 -47 11 1
-52 -1 12 0
-52 -2 13 0
-52 -2 12 0
-98 -9 8 1
-96 -11 12 0
-89 -7 5 2
-65 -5 9 1
-65 -5 8 1
-65 -6 9 1
-65 -6 8 1
-54 -5 3 0
-66 -5 8 1
-86 -7 6 0
-79 -1 4 2
-99 -41 5 0
-63 -26 9 0
-65 -24 6 0
-65 -24 7 0
-87 -29 3 1
-83 -4 3 1
-51 -5 2 0
-51 -5 3 0
-51 -5 6 0
-84 -4 3 2
-84 -4 2 1
-64 -9 0 1
-64 -9 1 1
-81 -10 4 1
-81 -10 5 1
-81 -9 4 1
-78 -15 9 1
-73 -12 4 1
-82 -11 7 1
-93 -15 2 1
-87 -16 2 1
-57 -27 10 0
-66 -44 7 0
-66 -44 4 0
-66 -44 3 1
-92 -2 9 1
-92 -1 9 2
-86 -47 5 2
-100 -31 4 1
-53 -33 1 1
-84 -35 0 1
-85 -34 0 1
-53 -32 1 1
-52 -34 -1 1
-52 -34 0 1
-52 -34 1 1
-52 -33 -1 1
-52 -33 0 1
-52 -32 -1 1
-92 -29 4 1
-52 -32 1 1
-64 -7 7 1
-73 -2 9 1
-92 -30 4 1
-92 -28 5 1
-93 -29 5 1
-85 -1 8 2
-86 -1 8 1
-74 -6 9 1
-87 -1 8 1
-77 -33 4 1
-66 -3 10 0
-73 -6 8 2
-73 -6 9 1
-55 -1 4 0
-94 -11 7 2
-93 -12 6 1
-75 -44 6 0
-98 -37 9 1
-79 -36 6 1
-78 -36 6 0
-78 -33 5 1
-78 -33 7 0
-82 -33 7 1
-81 -33 7 1
-81 -40 5 0
-66 -50 4 0
-64 -49 4 0
-64 -48 4 0
-65 -30 10 0
-64 -28 10 0
-63 -31 10 0
-63 -30 10 0
-93 -10 6 1
-68 -47 1 1
-87 -9 5 0
-94 -10 7 1
-75 -32 3 1
-75 -31 3 1
-79 -31 3 1
-79 -31 4 1
-62 -25 4 1
-62 -25 5 2
-62 -25 6 1
-68 -25 4 1
-68 -25 5 2
-68 -25 6 1
-67 -25 4 1
-67 -25 5 1
-67 -25 6 1
-56 -1 2 0
-55 -1 2 0
-66 -28 8 0
-66 -28 3 2
-61 -2 2 1
-67 -29 3 1
-61 -1 2 1
-67 -28 3 1
-67 -27 2 1
-67 -27 3 1
-66 -29 2 1
-100 -39 0 1
-100 -39 1 1
-100 -38 0 1
-100 -37 0 1
-100 -37 1 1
-99 -39 0 1
-99 -39 1 1
-56 -15 4 1
-55 -17 1 2
-55 -17 3 2
-55 -16 2 2
-55 -16 3 2
-55 -18 4 1
-84 -39 9 1
-83 -40 9 2
-83 -39 8 2
-83 -39 9 1
-64 -7 1 1
-76 -2 2 2
-60 -8 1 2
-74 -49 3 0
-89 -3 17 0
-70 -31 5 1
-85 -19 7 2
-85 -19 6 2
-85 -19 5 1
-85 -20 7 2
-85 -20 6 2
-73 -27 5 1
-88 -17 4 1
-94 -16 3 2
-94 -16 2 1
-94 -17 2 1
-90 -13 11 1
-97 -15 10 0
-98 -16 8 2
-99 -17 7 1
-66 -40 0 1
-66 -40 -1 1
-100 -3 4 1
-57 -45 6 0
-60 -43 7 0
-60 -43 8 0
-61 -42 -1 1
-61 -42 0 1
-61 -42 1 1
-88 -31 9 1
-86 -29 10 1
-87 -30 12 1
-59 -44 -1 1
-59 -44 0 1
-73 -11 6 1
-73 -12 7 1
-73 -12 6 1
-73 -12 5 1
-74 -12 6 1
-79 -44 3 1
-80 -12 7 1
-97 -20 7 1
-98 -18 8 1
-98 -18 7 1
-65 -3 9 0
-98 -19 8 2
-98 -19 7 1
-98 -20 8 2
-97 -2 3 1
-68 -38 3 1
-68 -38 2 1
-68 -38 1 1
-100 -1 -1 1
-100 -1 0 1
-100 -1 1 1
-65 -6 5 1
-66 -6 5 1
-66 -7 5 1
-66 -8 5 1
-67 -6 0 2
-68 -6 0 1
-69 -6 0 1
-100 -4 5 1
-100 -4 7 1
-53 -7 8 0
-77 -1 5 1
-74 -1 7 1
-83 -41 5 1
-82 -40 7 1
-82 -40 6 1
-84 -39 7 1
-84 -39 6 1
-73 -7 11 1
-73 -7 10 1
-80 -2 6 2
-83 -1 3 1
-82 -1 3 1
-64 -37 5 1
-64 -37 4 1
-65 -35 5 1
-100 -7 8 1
-100 -7 9 0
-100 -8 9 0
-64 -35 3 1
-64 -35 2 1
-89 -26 10 1
-89 -26 11 1
-88 -24 3 1
-92 -25 6 1
-92 -24 6 1
-92 -23 4 1
-92 -23 5 1
-92 -23 6 1
-91 -27 5 1
-90 -27 4 1
-84 -30 5 1
-85 -30 7 1
-88 -24 10 1
-76 -9 4 1
-76 -9 3 1
-76 -15 7 1
-83 -33 2 1
-65 -17 4 0
-65 -18 5 1
-65 -17 5 0
-73 -42 1 1
-67 -18 6 0
-68 -15 6 0
-58 -11 0 2
-54 -14 1 1
-64 -15 4 1
-63 -16 1 1
-75 -40 0 1
-75 -40 -1 1
-63 -16 0 1
-82 -32 6 1
-73 -40 2 1
-73 -40 1 1
-74 -39 1 1
-81 -32 5 1
-51 -35 2 0
-81 -30 5 1
-80 -32 5 1
-52 -33 2 0
-51 -32 2 0
-53 -33 3 0
-51 -32 1 1
-54 -34 2 0
-54 -33 2 0
-54 -32 2 0
-54 -31 2 0
-82 -29 5 1
-54 -34 3 0
-54 -33 3 0
-54 -32 4 0
-54 -31 4 0
-54 -31 1 1
-56 -33 2 0
-57 -32 2 0
-56 -33 4 0
-57 -32 1 0
-58 -35 2 0
-77 -15 3 1
-100 -33 7 1
-98 -4 3 1
-98 -4 2 1
-97 -3 3 2
-52 -2 7 0
-86 -6 16 1
-95 -3 5 1
-95 -3 6 1
-95 -2 5 1
-95 -2 6 1
-91 -2 10 1
-66 -45 6 0
-91 -45 5 1
-84 -1 15 2
-63 -27 5 1
-96 -2 9 2
-97 -1 10 1
-77 -1 8 1
-70 -44 6 0
-74 -5 5 1
-74 -4 5 1
-73 -5 5 1
-73 -4 5 1
-73 -4 6 1
-72 -6 5 1
-72 -5 5 1
-72 -4 5 1
-77 -6 5 2
-77 -5 5 1
-77 -4 5 1
-76 -6 5 1
-76 -5 5 1
-76 -4 5 1
-75 -5 5 1
-75 -4 5 1
-79 -9 10 1
-80 -12 9 1
-55 -8 7 0
-75 -49 6 0
-74 -49 6 0
-76 -48 7 0
-76 -48 4 0
-76 -48 3 1
-54 -1 8 0
-53 -1 9 0
-73 -48 5 0
-72 -48 5 0
-74 -30 2 1
-73 -46 5 0
-73 -47 6 0
-74 -46 5 0
-74 -46 6 0
-74 -50 5 0
-74 -50 6 0
-73 -49 5 0
-73 -49 6 0
-74 -48 7 0
-74 -48 4 0
-74 -48 3 0
-78 -2 5 1
-72 -47 5 0
-71 -47 5 0
-86 -36 3 1
-87 -36 5 1
-87 -36 4 1
-87 -36 3 1
-87 -34 7 1
-87 -35 7 1
-87 -35 6 1
-88 -35 4 1
-88 -35 3 1
-89 -35 4 1
-56 -4 9 0
-56 -4 8 0
-55 -3 7 0
-55 -3 9 0
-55 -3 8 0
-53 -4 7 0
-53 -4 9 0
-61 -4 6 1
-51 -1 13 0
-51 -2 13 0
-62 -2 6 1
-74 -33 9 0
-85 -1 9 2
-85 -1 10 2
-72 -36 0 1
-78 -36 1 1
-98 -25 5 2
-98 -25 6 2
-98 -25 7 2
-98 -24 5 2
-98 -24 6 1
-98 -24 7 2
-97 -25 5 1
-97 -25 6 1
-97 -25 7 1
-97 -24 5 2
-97 -24 7 1
-97 -23 7 1
-96 -25 5 1
-96 -25 6 2
-96 -25 7 1
-96 -24 5 1
-96 -24 6 1
-96 -24 7 1
-99 -20 5 1
-99 -20 6 1
-53 -35 1 1
-53 -35 0 1
-53 -35 -1 1
-53 -36 1 1
-53 -36 0 1
-53 -36 -1 1
-54 -34 1 1
-75 -34 10 0
-78 -45 5 0
-76 -46 2 1
-76 -46 1 1
-77 -46 2 2
-77 -46 1 1
-78 -46 2 2
-78 -46 1 1
-78 -46 3 1
-78 -46 5 0
-78 -46 4 0
-77 -45 3 1
-77 -45 4 0
-75 -46 4 0
-76 -47 2 1
-76 -47 1 1
-76 -48 2 1
-77 -47 2 2
-77 -47 1 1
-70 -5 8 1
-70 -5 9 1
-77 -50 5 0
-77 -50 6 0
-69 -5 8 1
-69 -5 9 0
-77 -48 7 0
-77 -48 4 0
-77 -48 3 1
-80 -47 9 0
-79 -48 8 0
-79 -48 9 0
-79 -47 8 0
-79 -47 9 0
-82 -49 7 0
-81 -50 7 0
-81 -49 7 0
-74 -50 8 0
-74 -50 9 0
-74 -49 8 0
-86 -48 7 0
-82 -42 10 0
-76 -16 9 1
-81 -15 6 2
-81 -16 9 1
-80 -16 9 1
-79 -16 9 1
-81 -15 5 2
-79 -17 9 1
-78 -17 9 1
-77 -17 9 1
-82 -10 4 1
-75 -36 11 0
-83 -4 7 1
-88 -4 6 1
-57 -22 4 1
-95 -3 12 1
-60 -29 4 1
-60 -29 5 2
-60 -28 3 1
-60 -28 4 1
-60 -28 5 1
-59 -30 3 1
-59 -30 4 1
-59 -30 5 1
-59 -29 3 1
-59 -29 5 2
-59 -28 3 1
-59 -28 5 1
-83 -45 9 0
-83 -45 8 0
-59 -26 4 1
-55 -22 5 1
-55 -22 6 1
-55 -21 4 2
-65 -2 0 2
-69 -3 0 2
-69 -3 2 1
-69 -2 0 2
-69 -2 2 1
-70 -3 2 1
-72 -5 1 2
-72 -4 1 2
-72 -6 4 1
-72 -5 4 1
-72 -4 4 2
-89 -1 16 1
-72 -5 0 1
-72 -4 0 1
-69 -6 -1 1
-69 -5 -1 1
-69 -4 -1 1
-98 -33 3 1
-98 -33 5 1
-98 -33 4 1
-64 -41 1 1
-97 -39 8 0
-96 -39 8 0
-97 -39 9 0
-97 -37 8 0
-97 -38 9 0
-97 -38 8 0
-98 -36 10 2
-99 -37 11 1
-99 -36 11 1
-99 -35 11 1
-98 -37 10 1
-53 -4 0 2
-62 -47 4 0
-51 -6 0 2
-51 -6 1 1
-61 -47 6 0
-60 -47 6 0
-61 -44 4 0
-63 -46 5 0
-62 -45 6 0
-63 -45 4 0
-61 -44 3 0
-64 -46 4 0
-64 -45 4 0
-67 -47 4 0
-64 -47 5 0
-66 -49 6 0
-67 -50 3 0
-64 -50 6 0
-62 -49 4 0
-62 -49 6 0
-61 -49 6 0
-64 -47 6 0
-64 -47 7 0
-53 -5 0 2
-65 -46 -1 1
-65 -46 0 1
-64 -46 -1 1
-64 -46 0 1
-64 -46 1 1
-63 -48 -1 1
-63 -48 0 1
-63 -47 -1 1
-63 -47 0 1
-63 -46 -1 1
-63 -46 0 2
-63 -46 1 1
-64 -47 3 0
-64 -47 2 0
-54 -4 0 2
-52 -6 0 2
-52 -6 1 1
-71 -40 3 1
-71 -41 4 1
-100 -32 8 1
-100 -32 9 1
-96 -47 6 1
-96 -47 7 1
-95 -48 6 1
-95 -48 7 1
-95 -47 6 1
-95 -47 7 2
-97 -36 8 0
-73 -2 7 1
-94 -49 9 1
-94 -49 8 1
-79 -9 4 1
-80 -8 4 1
-80 -9 4 1
-91 -33 3 1
-86 -32 0 1
-81 -33 4 2
-81 -32 4 2
-67 -1 3 0
-51 -37 2 0
-67 -1 4 0
-71 -49 0 2
-71 -49 -1 1
-70 -48 9 0
-70 -48 8 0
-70 -48 7 0
-70 -49 5 0
-69 -2 3 1
-69 -2 4 1
-69 -1 4 1
-70 -3 4 1
-62 -4 1 2
-62 -4 2 1
-72 -5 -1 1
-100 -1 2 2
-68 -1 -1 1
-100 -2 1 1
-79 -2 1 1
-99 -2 1 1
-62 -1 0 1
-62 -2 1 1
-68 -1 4 0
-62 -3 1 1
-63 -2 0 1
-80 -2 1 1
-80 -2 2 1
-79 -2 2 1
-72 -3 5 1
-71 -1 3 1
-98 -2 1 1
-80 -1 -1 1
-79 -1 -1 1
-68 -2 3 0
-67 -2 -1 1
-68 -2 4 0
-68 -3 4 1
-70 -3 5 1
-68 -5 5 1
-68 -4 5 1
-68 -3 5 1
-67 -3 3 1
-68 -1 3 0
-67 -2 3 0
-69 -3 4 1
-72 -1 5 1
-70 -50 0 1
-92 -45 10 0
-88 -30 1 1
-88 -32 2 1
-88 -30 0 1
-90 -31 3 2
-81 -18 8 2
-91 -26 2 1
-91 -26 4 1
-91 -28 4 2
-77 -16 8 1
-77 -17 6 1
-77 -17 8 1
-91 -25 5 1
-90 -46 10 0
-97 -39 2 1
-88 -14 9 2
-84 -32 0 1
-90 -19 3 1
-99 -39 2 1
-91 -18 4 1
-92 -44 4 0
-80 -40 10 0
-90 -17 3 2
-79 -29 11 0
-79 -29 9 0
-79 -50 3 1
-79 -50 4 1
-79 -49 2 1
-79 -49 4 1
-79 -48 2 1
-62 -23 10 0
-63 -22 2 1
-63 -22 3 1
-62 -22 2 1
-62 -22 3 2
-68 -20 3 1
-66 -22 7 0
-68 -19 7 0
-70 -19 7 0
-67 -22 7 0
-89 -25 7 1
-88 -31 7 1
-88 -31 6 1
-88 -31 5 1
-88 -28 5 0
-89 -29 4 1
-89 -30 4 2
-89 -31 4 1
-90 -29 4 2
-90 -30 4 2
-90 -31 4 2
-91 -31 4 1
-89 -29 8 1
-59 -8 5 0
-60 -7 5 0
-59 -8 6 0
-64 -3 5 1
-65 -2 6 0
-93 -43 10 2
-93 -43 11 1
-91 -45 9 0
-91 -46 9 0
-51 -23 3 0
-76 -38 9 0
-78 -19 6 1
-81 -20 6 2
-81 -20 5 1
-83 -19 5 1
-83 -19 6 1
-81 -17 5 1
-80 -16 3 2
-80 -16 2 1
-70 -6 7 1
-70 -6 8 1
-70 -5 6 1
-91 -16 11 1
-52 -5 6 0
-52 -5 5 0
-53 -5 4 0
-86 -21 5 2
-86 -21 6 2
-86 -21 7 2
-86 -20 5 1
-86 -20 6 1
-86 -20 7 1
-86 -19 5 1
-86 -19 6 1
-86 -19 7 1
-85 -21 6 2
-85 -21 7 2
-86 -21 8 2
-86 -20 8 1
-86 -19 8 1
-53 -34 1 1
-86 -22 6 2
-85 -22 7 1
-85 -22 8 1
-85 -22 5 1
-84 -24 5 2
-68 -39 3 1
-68 -39 2 2
-68 -39 1 1
-67 -39 2 2
-66 -39 3 1
-66 -40 3 1
-99 -1 -1 1
-99 -1 0 1
-99 -1 1 2
-98 -38 10 1
-98 -38 11 1
-64 -39 3 0
-65 -40 3 1
-66 -41 0 2
-98 -1 -1 1
-53 -18 2 2
-53 -18 3 2
-53 -1 0 1
-60 -3 10 0
-52 -14 1 2
-52 -13 1 2
-57 -9 2 1
-56 -9 0 1
-52 -14 0 1
-52 -13 0 2
-51 -14 0 1
-51 -13 0 1
-58 -12 0 2
-58 -11 -1 1
-64 -15 2 1
-64 -15 3 1
-54 -13 1 1
-82 -16 4 1
-82 -17 4 1
-68 -48 1 1
-82 -20 4 1
-80 -20 8 1
-81 -20 8 1
-82 -20 8 2
-82 -19 6 1
-82 -19 5 1
-82 -20 7 2
-82 -20 6 1
-82 -20 5 1
-84 -20 5 1
-79 -30 3 1
-89 -17 4 1
-74 -25 5 1
-79 -50 2 1
-82 -9 6 1
-91 -3 14 1
-60 -3 2 1
-91 -4 16 1
-60 -2 2 2
-60 -1 2 2
-59 -3 2 1
-59 -2 2 2
-59 -1 2 1
-58 -3 2 1
-58 -2 2 1
-58 -1 2 1
-60 -3 1 1
-60 -2 1 1
-90 -29 3 2
-77 -12 2 1
-84 -19 4 1
-83 -20 3 2
-84 -20 3 1
-77 -8 2 1
-80 -17 2 1
-81 -17 2 1
-81 -16 2 1
-81 -15 2 1
-78 -17 4 1
-78 -16 4 1
-79 -16 4 1
-51 -5 11 0
-85 -7 6 1
-58 -24 9 0
-86 -22 3 1
-86 -23 2 1
-78 -11 2 1
-77 -18 8 1
-73 -41 4 1
-79 -7 6 1
-79 -8 6 1
-60 -1 -1 1
-85 -18 4 1
-59 -1 -1 1
-58 -1 -1 1
-58 -2 -1 1
-57 -1 0 2
-57 -1 -1 1
-57 -2 0 1
-57 -2 -1 1
-58 -1 0 1
-97 -2 5 1
-97 -3 6 1
-97 -3 5 1
-96 -3 17 0
-75 -12 7 2
-54 -30 4 0
-54 -30 5 0
-55 -29 4 0
-55 -29 5 0
-54 -7 10 0
-57 -27 4 1
-87 -1 11 1
-87 -1 10 1
-99 -36 4 1
-100 -12 3 1
-100 -11 3 2
-100 -10 3 1
-75 -34 7 0
-75 -34 8 0
-73 -35 7 0
-96 -9 9 0
-88 -42 9 1
-88 -42 8 1
-80 -47 8 0
-66 -21 10 0
-99 -33 3 1
-79 -12 6 1
-75 -10 4 1
-76 -5 4 1
-80 -10 6 1
-80 -10 7 1
-80 -10 8 1
-80 -9 7 1
-80 -9 8 1
-80 -10 5 2
-57 -20 8 0
-80 -9 5 1
-79 -12 8 1
-76 -15 6 1
-98 -6 12 0
-53 -13 3 1
-53 -13 4 2
-83 -19 2 1
-84 -8 4 2
-84 -7 4 2
-84 -7 5 2
-52 -18 5 1
-82 -20 3 1
-78 -40 6 1
-76 -39 9 0
-83 -3 3 1
-80 -41 8 0
-87 -28 8 0
-85 -30 6 1
-88 -29 4 1
-88 -29 3 1
-88 -30 4 1
-88 -31 4 1
-92 -29 2 1
-93 -29 2 1
-90 -28 6 1
-90 -28 4 1
-89 -28 4 1
-88 -24 2 1
-84 -26 3 1
-82 -29 7 1
-82 -29 6 2
-66 -47 6 0
-68 -47 5 0
-53 -33 5 0
-53 -34 5 0
-52 -34 6 0
-51 -33 5 0
-52 -34 5 0
-51 -35 6 0
-84 -7 6 2
-51 -35 5 0
-53 -16 3 1
-55 -15 4 2
-81 -5 10 2
-54 -15 4 2
-65 -41 0 1
-65 -41 -1 1
-91 -13 10 0
-93 -13 9 0
-54 -16 1 2
-93 -10 13 0
-56 -5 6 0
-56 -7 7 0
-90 -49 6 1
-58 -5 7 0
-57 -4 7 0
-89 -49 6 1
-61 -34 9 0
-70 -25 5 2
-60 -35 8 0
-60 -35 7 0
-61 -36 6 0
-86 -43 6 2
-86 -42 6 1
-86 -41 6 1
-72 -50 0 1
-54 -35 1 1
-55 -36 2 0
-87 -20 7 1
-90 -50 12 1
-87 -21 8 1
-90 -49 12 1
-89 -50 12 1
-89 -49 12 1
-72 -41 4 1
-72 -41 5 1
-71 -41 5 1
-84 -1 17 0
-54 -7 5 0
-63 -12 9 0
-68 -21 9 0
-68 -23 8 0
-56 -38 7 0
-57 -37 -1 1
-57 -37 0 1
-57 -37 1 1
-56 -37 -1 1
-56 -37 0 1
-56 -37 1 1
-55 -39 -1 1
-55 -39 0 1
-55 -38 -1 1
-55 -38 0 1
-55 -38 1 1
-55 -37 -1 1
-55 -37 0 2
-55 -37 1 1
-52 -37 2 0
-53 -35 2 0
-53 -34 2 0
-55 -35 3 0
-55 -34 3 0
-55 -33 3 0
-55 -34 4 0
-55 -35 2 0
-55 -34 2 0
-55 -33 2 0
-58 -35 3 0
-58 -34 3 0
-57 -36 4 0
-57 -35 4 0
-57 -35 2 0
-58 -34 2 0
-57 -37 4 0
-59 -37 5 0
-57 -37 2 0
-58 -37 2 0
-59 -37 2 0
-57 -38 2 0
-53 -40 3 0
-53 -40 5 0
-53 -40 2 0
-55 -37 7 0
-56 -36 -1 1
-56 -36 0 1
-56 -36 1 1
-55 -36 -1 1
-55 -36 0 2
-55 -36 1 1
-54 -38 -1 1
-54 -38 0 1
-54 -37 -1 1
-54 -37 0 1
-54 -37 1 1
-54 -36 -1 1
-54 -36 0 1
-54 -36 1 1
-53 -36 2 0
-52 -36 2 0
-51 -36 1 0
-54 -35 2 0
-52 -33 1 1
-55 -32 3 0
-55 -33 4 0
-55 -32 4 0
-55 -32 1 0
-57 -34 3 0
-57 -33 3 0
-57 -34 4 0
-57 -34 2 0
-57 -33 1 0
-59 -36 3 0
-56 -36 2 0
-58 -36 1 0
-56 -37 2 0
-55 -38 2 0
-55 -40 1 0
-52 -39 3 0
-52 -39 1 1
-56 -35 -1 1
-56 -35 0 1
-56 -35 1 1
-55 -35 -1 1
-55 -35 0 1
-55 -35 1 1
-54 -35 -1 1
-54 -35 0 2
-60 -27 11 0
-59 -27 12 0
-61 -28 12 0
-60 -26 12 0
-59 -28 12 0
-61 -27 12 0
-60 -28 11 0
-60 -29 11 0
-61 -25 11 0
-62 -28 11 0
-72 -41 6 1
-59 -29 11 0
-62 -26 11 0
-61 -29 10 0
-58 -28 10 0
-61 -27 10 0
-62 -27 10 0
-60 -29 10 0
-59 -28 9 0
-60 -28 9 0
-60 -27 10 0
-94 -2 9 2
-94 -2 10 2
-69 -25 8 0
-83 -2 16 1
-83 -2 15 1
-83 -2 14 1
-84 -2 16 1
-84 -2 15 1
-84 -2 14 1
-85 -2 16 1
-57 -5 6 0
-95 -41 5 0
-95 -41 6 0
-95 -41 4 0
-97 -39 6 0
-97 -39 7 0
-97 -39 3 0
-95 -42 10 1
-95 -43 11 1
-95 -43 10 1
-95 -44 11 1
-95 -44 10 2
-95 -44 9 1
-95 -44 8 0
-93 -43 7 0
-88 -41 11 1
-89 -49 8 1
-89 -49 7 1
-96 -2 13 1
-57 -32 3 0
-57 -32 6 0
-57 -27 3 0
-54 -26 3 0
-86 -30 1 1
-85 -30 0 1
-84 -30 2 1
-85 -30 2 1
-74 -40 5 0
-86 -31 2 1
-87 -31 1 1
-86 -28 1 1
-87 -28 2 1
-87 -28 1 1
-88 -28 2 1
-88 -28 1 1
-87 -27 1 1
-86 -27 2 1
-85 -27 2 1
-85 -28 2 1
-54 -28 1 1
-77 -35 2 2
-77 -36 -1 1
-76 -36 11 0
-76 -36 10 0
-85 -4 2 1
-96 -8 13 0
-98 -7 12 0
-97 -7 14 0
-87 -27 0 1
-97 -41 7 0
-92 -21 4 1
-92 -21 5 1
-92 -20 5 1
-92 -19 5 1
-91 -21 4 1
-91 -21 5 2
-90 -21 4 1
-90 -21 5 1
-96 -19 4 2
-96 -18 4 1
-96 -17 4 1
-93 -20 5 0
-89 -41 11 1
-90 -46 9 0
-88 -46 9 0
-59 -2 8 0
-73 -37 2 2
-73 -37 4 1
-51 -12 3 1
-51 -12 2 1
-72 -38 2 1
-52 -11 2 1
-72 -38 3 1
-72 -38 4 2
-72 -37 2 2
-72 -37 3 2
-72 -37 4 2
-72 -36 2 1
-72 -36 3 1
-72 -36 4 1
-74 -38 1 1
-90 -16 11 1
-51 -3 4 0
-65 -36 1 1
-58 -26 10 0
-75 -35 4 0
-75 -35 5 0
-91 -16 10 1
-69 -32 6 1
-67 -30 4 1
-67 -30 5 1
-57 -22 3 1
-67 -30 6 1
-54 -20 3 1
-54 -21 3 2
-54 -22 3 1
-67 -29 6 1
-93 -15 9 0
-66 -29 5 0
-68 -28 6 1
-68 -28 5 2
-69 -29 4 1
-82 -8 4 1
-54 -23 4 0
-90 -46 3 1
-89 -45 4 2
-90 -45 6 1
-90 -45 5 1
-91 -45 6 1
-87 -30 8 2
-81 -17 6 1
-65 -9 0 1
-65 -9 2 2
-78 -8 10 1
-65 -10 1 2
-78 -15 3 1
-53 -28 5 0
-65 -10 2 2
-75 -15 5 1
-77 -14 2 1
-91 -17 4 1
-65 -11 2 1
-65 -10 0 1
-81 -16 8 2
-92 -10 8 1
-88 -46 4 1
-81 -16 7 1
-98 -7 14 0
-75 -14 5 1
-94 -3 7 1
-82 -11 4 1
-64 -41 3 1
-52 -5 4 0
-53 -3 7 0
-78 -39 3 1
-53 -3 4 0
-53 -3 3 0
-80 -2 10 1
-75 -31 2 2
-75 -40 4 1
-75 -40 3 1
-77 -39 4 0
-77 -40 1 1
-76 -38 4 0
-76 -38 3 0
-77 -38 4 0
-77 -38 3 0
-76 -40 0 1
-76 -41 1 1
-77 -39 3 1
-77 -39 2 1
-77 -39 1 1
-78 -39 1 1
-79 -39 1 1
-94 -40 10 1
-95 -38 10 1
-95 -39 10 1
-95 -40 10 1
-97 -11 7 2
-62 -1 4 1
-68 -22 9 0
-67 -22 9 0
-67 -22 10 0
-60 -12 8 0
-77 -43 4 1
-98 -39 1 1
-94 -14 11 0
-98 -38 0 1
-98 -38 1 1
-98 -38 2 1
-97 -40 0 1
-97 -40 1 1
-88 -14 8 2
-97 -39 0 1
-56 -2 5 1
-56 -4 5 0
-77 -43 3 1
-88 -5 9 1
-58 -3 4 1
-87 -6 9 1
-87 -5 9 1
-98 -11 6 1
-98 -11 7 2
-97 -12 6 1
-97 -12 7 2
-97 -11 6 1
-70 -45 -1 1
-77 -1 4 2
-70 -45 1 1
-71 -5 6 1
-71 -6 6 1
-71 -7 6 1
-72 -5 6 1
-84 -19 2 1
-70 -7 11 0
-70 -7 10 0
-60 -42 0 1
-60 -42 1 1
-59 -39 4 0
-57 -41 1 1
-56 -37 3 0
-56 -37 4 0
-67 -45 -1 1
-74 -5 7 1
-93 -38 4 1
-60 -10 8 0
-73 -3 9 1
-91 -48 8 1
-64 -6 6 2
-64 -6 7 2
-93 -29 3 1
-93 -28 2 1
-92 -29 3 1
-64 -5 6 2
-64 -5 7 2
-63 -6 6 2
-58 -5 5 0
-59 -5 5 1
-59 -5 6 0
-96 -5 12 1
-96 -6 14 0
-98 -6 14 0
-97 -5 14 0
-98 -3 14 0
-92 -4 12 1
-92 -5 12 1
-92 -6 12 1
-93 -4 12 1
-93 -5 12 1
-93 -6 12 1
-89 -31 10 1
-94 -5 12 1
-89 -31 11 1
-89 -31 12 1
-68 -3 6 0
-68 -3 7 0
-84 -47 5 2
-83 -47 4 1
-67 -3 6 0
-67 -3 7 0
-70 -2 8 1
-70 -2 9 1
-70 -1 9 1
-69 -2 8 1
-57 -4 5 0
-57 -2 8 0
-59 -3 7 0
-59 -4 8 0
-59 -5 7 0
-69 -17 5 1
-68 -19 3 1
-68 -19 4 1
-68 -19 5 1
-68 -18 3 1
-68 -18 5 1
-67 -19 3 1
-67 -19 4 2
-67 -19 5 1
-67 -18 3 1
-67 -18 4 2
-67 -18 5 1
-64 -14 0 2
-65 -15 -1 1
-65 -15 0 2
-65 -15 1 1
-65 -14 -1 1
-65 -14 0 1
-65 -14 1 1
-65 -13 -1 1
-65 -13 0 1
-65 -13 1 1
-64 -15 -1 1
-64 -15 0 2
-56 -11 5 0
-58 -13 6 0
-58 -12 6 0
-58 -15 7 0
-56 -18 8 0
-56 -15 7 1
-57 -9 1 1
-83 -2 5 1
-76 -1 5 1
-75 -42 2 1
-76 -1 7 1
-92 -11 9 0
-94 -2 11 2
-94 -1 9 2
-94 -1 11 2
-68 -23 10 0
-63 -25 5 2
-64 -25 6 1
-64 -25 5 1
-52 -9 4 1
-63 -49 3 0
-63 -49 2 0
-98 -41 6 0
-84 -5 8 0
-70 -32 1 1
-89 -1 13 1
-53 -9 3 2
-52 -9 3 2
-80 -44 5 0
-100 -32 5 1
-86 -14 9 1
-99 -34 3 1
-90 -25 2 1
-77 -14 3 1
-77 -19 5 1
-54 -10 -1 1
-61 -2 10 0
-64 -2 10 0
-64 -2 7 0
-61 -5 7 1
-62 -2 10 0
-62 -2 11 0
-62 -2 12 0
-64 -2 6 0
-65 -7 6 1
-65 -7 7 1
-65 -5 5 1
-64 -5 5 2
-63 -5 5 1
-62 -4 10 0
-62 -4 11 0
-63 -5 4 2
-52 -5 -1 1
-55 -3 1 1
-94 -41 10 1
-94 -42 11 1
-83 -29 7 1
-84 -29 7 1
-86 -29 3 2
-98 -11 3 1
-94 -40 9 1
-95 -38 9 1
-80 -36 4 2
-80 -36 3 1
-80 -37 4 1
-81 -37 4 2
-81 -37 3 1
-80 -35 7 2
-80 -35 6 2
-80 -36 7 1
-80 -36 6 1
-80 -37 7 1
-63 -34 1 1
-62 -34 -1 1
-53 -6 10 0
-62 -34 1 1
-61 -34 -1 1
-75 -40 7 0
-74 -41 6 0
-74 -41 8 1
-74 -41 7 1
-71 -47 1 1
-61 -34 0 1
-61 -34 1 1
-57 -29 4 0
-67 -16 6 0
-66 -15 7 0
-67 -16 7 0
-68 -17 3 1
-92 -25 8 1
-89 -22 9 1
-91 -24 8 1
-94 -28 6 1
-94 -28 7 1
-94 -28 8 1
-94 -27 6 1
-94 -27 7 1
-94 -27 8 1
-94 -26 6 1
-94 -26 7 1
-94 -26 8 1
-93 -26 7 2
-93 -26 8 1
-92 -26 7 1
-92 -26 8 1
-91 -23 8 1
-91 -22 6 1
-91 -22 7 1
-91 -22 8 1
-92 -25 7 1
-91 -21 6 1
-91 -21 7 2
-91 -21 8 2
-90 -21 6 1
-90 -21 7 1
-90 -21 8 1
-89 -21 6 1
-89 -21 7 1
-89 -21 8 1
-93 -24 8 0
-91 -20 6 1
-91 -20 7 1
-91 -20 8 1
-90 -20 6 1
-90 -20 7 1
-90 -20 8 1
-92 -23 7 0
-93 -24 7 0
-92 -24 7 0
-94 -24 10 0
-94 -23 10 0
-95 -27 9 1
-95 -27 10 1
-95 -27 11 1
-95 -26 9 1
-95 -26 10 1
-95 -26 11 1
-95 -25 9 1
-95 -25 10 1
-95 -25 11 1
-94 -27 11 1
-89 -27 11 1
-59 -28 10 0
-61 -26 10 0
-60 -28 10 0
-61 -25 10 0
-100 -13 10 0
-100 -14 10 0
-77 -44 4 0
-77 -44 5 0
-85 -29 1 1
-85 -29 2 1
-76 -45 5 0
-76 -45 3 1
-77 -45 5 0
-85 -31 -1 1
-85 -32 2 1
-85 -29 0 1
-85 -29 -1 1
-86 -29 0 1
-86 -29 -1 1
-80 -28 11 1
-80 -29 9 1
-80 -29 11 0
-80 -29 10 0
-74 -2 -1 1
-74 -3 -1 1
-74 -5 4 1
-77 -1 0 1
-77 -2 0 1
-77 -3 0 1
-77 -1 2 2
-77 -2 2 1
-77 -3 3 1
-77 -3 2 1
-77 -3 1 1
-78 -43 5 1
-52 -2 -1 2
-52 -2 -2 1
-52 -3 0 2
-52 -3 -1 1
-52 -3 -2 1
-58 -28 11 0
-61 -27 11 0
-60 -26 10 0
-94 -26 11 1
-57 -27 11 0
-60 -24 11 0
-59 -28 11 0
-59 -27 11 0
-58 -27 12 0
-60 -27 12 0
-58 -26 12 0
-59 -26 11 0
-60 -24 9 0
-58 -26 9 0
-59 -26 9 0
-58 -27 9 0
-60 -25 10 0
-80 -45 10 0
-65 -50 4 0
-64 -50 4 0
-67 -25 8 0
-68 -24 4 1
-80 -17 5 1
-80 -18 4 1
-80 -16 5 1
-78 -8 7 2
-59 -22 3 1
-59 -21 3 1
-58 -22 3 1
-58 -21 3 1
-58 -20 3 2
-59 -19 9 0
-59 -19 0 2
-60 -20 -1 1
-60 -20 0 1
-60 -20 1 1
-60 -19 -1 1
-60 -19 0 1
-60 -19 1 1
-60 -18 -1 1
-60 -18 0 1
-96 -4 2 1
-78 -47 3 1
-77 -47 4 0
-56 -18 1 1
-55 -14 1 1
-58 -9 1 2
-55 -26 6 0
-55 -24 5 1
-98 -14 10 0
-92 -40 9 2
-92 -39 9 1
-91 -41 9 2
-91 -40 8 1
-91 -40 9 1
-91 -39 8 1
-91 -39 9 1
-92 -40 10 2
-93 -41 10 1
-93 -41 11 1
-93 -40 11 1
-93 -39 11 1
-92 -41 10 2
-92 -41 11 1
-87 -9 6 0
-97 -40 7 0
-97 -40 10 0
-96 -41 7 0
-96 -41 9 0
-78 -8 6 2
-96 -41 8 0
-80 -8 8 1
-60 -15 10 0
-60 -15 8 0
-93 -16 10 0
-87 -2 13 1
-63 -7 4 2
-62 -7 3 1
-57 -2 6 0
-59 -2 3 2
-59 -2 4 2
-59 -2 5 1
-58 -2 3 1
-58 -2 4 2
-58 -2 5 1
-57 -2 3 1
-57 -2 4 1
-57 -2 5 1
-57 -1 3 1
-57 -1 4 2
-57 -1 5 1
-96 -9 6 1
-96 -9 7 1
-95 -10 6 1
-95 -10 7 1
-95 -9 6 1
-91 -13 11 0
-93 -13 12 0
-51 -3 8 0
-51 -2 8 0
-55 -22 2 1
-54 -2 4 0
-54 -4 4 0
-55 -4 4 0
-54 -5 4 0
-53 -6 5 0
-88 -2 14 1
-88 -2 15 2
-88 -2 16 1
-87 -2 14 1
-56 -21 3 1
-52 -22 7 1
-52 -22 4 1
-83 -7 4 2
-83 -8 5 1
-83 -8 4 1
-92 -2 3 1
-92 -2 4 1
-92 -1 2 2
-92 -1 3 2
-92 -1 4 2
-52 -21 6 1
-52 -20 4 2
-52 -20 6 1
-92 -3 3 1
-75 -28 8 0
-73 -4 1 2
-82 -30 2 1
-73 -4 3 2
-60 -22 5 2
-59 -22 4 1
-91 -15 10 1
-66 -17 -1 1
-65 -16 7 0
-71 -50 -1 1
-65 -16 6 0
-66 -20 5 1
-66 -20 4 2
-66 -20 3 1
-66 -21 4 1
-66 -21 3 1
-68 -16 6 0
-69 -16 5 0
-73 -30 4 1
-71 -5 2 2
-52 -1 9 0
-66 -14 -1 1
-66 -15 1 1
-66 -15 0 1
-66 -15 -1 1
-66 -16 1 1
-66 -16 0 1
-66 -16 -1 1
-65 -15 7 0
-65 -18 4 1
-85 -48 4 1
-62 -5 8 1
-84 -1 16 1
-89 -2 8 1
-89 -1 8 2
-52 -3 7 0
-61 -5 9 0
-70 -6 10 0
-88 -6 4 2
-84 -12 8 1
-86 -13 6 1
-86 -5 7 1
-72 -21 3 1
-96 -19 8 2
-96 -19 9 1
-96 -18 7 1
-96 -18 8 2
-58 -1 7 0
-91 -2 2 1
-98 -1 2 1
-53 -1 12 0
-84 -11 8 1
-88 -9 9 0
-83 -3 10 0
-88 -10 8 0
-92 -1 0 1
-92 -1 -1 1
-95 -20 12 0
-79 -8 8 1
-97 -42 8 0
-54 -15 6 1
-95 -19 9 1
-70 -38 4 1
-70 -38 5 1
-70 -37 3 1
-86 -4 10 1
-86 -4 11 1
-86 -3 10 2
-93 -19 11 0
-85 -4 10 1
-85 -4 11 1
-65 -29 6 0
-64 -29 6 0
-95 -13 11 0
-65 -29 7 0
-64 -29 7 0
-65 -27 6 1
-65 -28 7 0
-64 -27 5 2
-65 -28 4 1
-65 -28 5 1
-65 -27 4 1
-65 -27 5 1
-65 -26 4 1
-65 -26 5 1
-57 -4 3 0
-56 -4 3 0
-64 -28 5 1
-64 -28 6 1
-64 -27 4 1
-64 -27 6 1
-64 -26 4 1
-64 -26 5 2
-64 -26 6 1
-63 -28 4 1
-69 -47 6 0
-63 -28 5 1
-63 -28 6 1
-63 -27 4 1
-56 -2 1 1
-63 -27 6 1
-63 -26 4 1
-74 -31 2 1
-63 -26 6 1
-66 -27 7 1
-69 -28 7 1
-69 -27 7 1
-69 -26 7 1
-68 -27 7 1
-68 -26 7 1
-67 -27 7 1
-67 -26 7 1
-67 -29 7 0
-68 -29 7 0
-66 -30 7 1
-66 -29 7 0
-66 -29 8 0
-66 -29 4 1
-87 -6 15 1
-87 -6 14 1
-88 -6 16 1
-88 -6 15 1
-88 -6 14 1
-89 -6 16 1
-89 -6 15 1
-53 -15 6 1
-52 -15 6 1
-54 -15 7 1
-53 -15 7 1
-52 -15 8 0
-54 -13 6 1
-53 -12 6 1
-53 -12 8 0
-54 -13 5 1
-53 -12 5 1
-56 -11 6 0
-97 -40 3 0
-57 -13 6 0
-95 -37 5 0
-98 -16 7 1
-96 -2 10 2
-89 -15 10 2
-89 -15 9 2
-89 -15 8 1
-80 -1 7 2
-80 -1 8 2
-80 -1 9 1
-100 -34 4 2
-100 -39 8 1
-100 -39 9 2
-99 -37 8 1
-92 -38 6 1
-92 -38 7 1
-88 -12 8 1
-88 -12 9 1
-100 -37 9 2
-96 -11 8 1
-97 -11 9 0
-97 -12 10 0
-75 -30 1 1
-75 -31 1 1
-81 -43 9 0
-97 -41 8 0
-85 -23 3 1
-86 -24 4 1
-86 -25 4 1
-86 -26 4 1
-86 -25 8 1
-86 -26 8 1
-86 -25 7 1
-86 -25 6 1
-86 -25 5 1
-86 -26 7 1
-86 -26 6 2
-86 -26 5 2
-88 -25 5 2
-87 -25 7 1
-88 -25 6 2
-86 -24 8 1
-88 -22 8 1
-88 -23 8 2
-88 -24 8 1
-86 -24 5 1
-87 -24 7 2
-88 -22 7 1
-88 -22 6 1
-88 -22 5 1
-88 -23 7 1
-88 -23 6 1
-88 -23 5 1
-53 -16 4 2
-92 -39 10 1
-54 -18 2 1
-54 -18 3 1
-91 -41 11 2
-91 -40 10 1
-71 -37 9 1
-71 -37 10 1
-56 -5 5 0
-86 -21 9 1
-97 -38 0 1
-56 -4 6 0
-57 -3 5 1
-55 -1 5 0
-97 -38 1 1
-54 -2 5 0
-54 -2 7 0
-65 -8 3 1
-65 -8 4 1
-63 -8 -1 1
-64 -6 1 2
-67 -9 3 1
-67 -9 4 2
-67 -8 2 2
-67 -8 3 2
-67 -8 4 1
-67 -10 0 1
-61 -7 3 1
-60 -7 4 1
-65 -7 0 2
-65 -7 2 1
-57 -3 2 0
-79 -44 9 0
-57 -1 1 1
-72 -26 11 0
-82 -40 8 1
-82 -40 9 1
-82 -39 8 1
-72 -27 11 0
-94 -42 4 0
-80 -14 4 1
-79 -15 3 2
-79 -14 4 1
-80 -16 4 1
-80 -15 4 1
-79 -17 5 2
-96 -40 7 0
-51 -15 7 0
-54 -16 8 0
-51 -16 8 0
-84 -13 8 1
-54 -15 8 0
-52 -16 7 1
-53 -16 9 0
-53 -15 8 0
-52 -15 9 0
-63 -5 3 1
-62 -5 1 1
-62 -5 2 1
-62 -5 3 1
-62 -5 0 2
-92 -49 8 2
-92 -50 9 1
-92 -50 8 1
-89 -47 10 0
-89 -48 11 1
-89 -48 10 1
-90 -47 10 0
-90 -48 11 1
-90 -48 10 1
-99 -42 7 0
-99 -42 6 0
-72 -25 5 1
-100 -42 6 0
-95 -37 7 0
-95 -37 6 0
-75 -49 7 0
-70 -49 7 0
-71 -50 9 0
-71 -50 8 0
-71 -50 7 0
-70 -46 0 1
-70 -46 -1 1
-92 -27 2 1
-91 -27 2 1
-70 -7 4 1
-70 -47 -1 1
-78 -36 7 0
-66 -5 4 1
-80 -42 9 0
-80 -42 5 0
-97 -1 14 1
-97 -1 15 1
-93 -3 14 1
-93 -3 15 2
-92 -3 14 1
-100 -9 4 2
-100 -8 4 1
-70 -47 0 2
-70 -49 3 0
-70 -48 3 0
-70 -45 3 0
-72 -48 3 0
-71 -47 3 0
-71 -44 4 1
-69 -47 4 0
-68 -47 4 0
-70 -8 10 1
-90 -44 3 1
-89 -46 4 1
-77 -16 7 1
-91 -4 18 0
-93 -2 17 0
-95 -5 14 1
-84 -30 4 2
-83 -30 3 2
-83 -30 2 1
-83 -31 3 2
-83 -31 2 1
-84 -31 3 1
-54 -29 9 0
-54 -29 8 0
-75 -5 6 1
-75 -4 6 1
-74 -4 6 1
-78 -9 7 2
-59 -7 1 1
-59 -7 2 1
-63 -11 2 1
-63 -10 2 2
-61 -16 0 1
-61 -16 1 1
-61 -16 2 1
-68 -35 8 0
-68 -35 9 0
-67 -34 8 0
-66 -35 8 0
-82 -21 3 1
-82 -19 2 1
-68 -33 10 0
-55 -13 3 1
-55 -12 1 1
-54 -20 7 1
-65 -22 9 0
-54 -21 7 1
-54 -22 7 1
-55 -20 7 1
-56 -23 4 1
-57 -23 5 2
-57 -23 4 1
-57 -24 5 1
-99 -21 9 1
-99 -20 7 1
-99 -20 8 1
-99 -20 9 1
-99 -19 7 1
-99 -19 8 1
-99 -19 9 1
-98 -21 7 1
-98 -21 8 1
-98 -21 9 1
-64 -34 8 0
-63 -35 8 0
-63 -35 9 0
-73 -39 5 1
-73 -38 5 1
-73 -37 5 1
-68 -22 11 0
-54 -16 2 2
-53 -16 2 2
-54 -40 5 0
-58 -6 10 0
-56 -39 7 0
-85 -7 2 1
-94 -38 4 1
-74 -6 7 2
-76 -1 10 0
-100 -13 5 1
-65 -50 2 0
-83 -18 3 1
-82 -19 3 2
-82 -18 4 1
-63 -49 1 0
-83 -18 4 1
-56 -10 4 1
-58 -10 4 1
-58 -9 4 1
-57 -9 4 1
-51 -10 3 2
-88 -23 2 1
-70 -33 2 1
-87 -1 14 1
-88 -1 14 1
-52 -10 8 0
-92 -24 5 1
-92 -24 4 1
-51 -9 3 1
-71 -37 5 1
-89 -7 8 2
-89 -7 9 2
-74 -37 8 1
-75 -37 7 0
-75 -36 7 0
-75 -37 8 0
-76 -38 7 0
-76 -37 7 0
-53 -39 5 0
-97 -42 6 0
-72 -3 4 1
-52 -14 5 2
-52 -14 4 2
-52 -14 3 2
-52 -15 5 1
-52 -15 4 2
-52 -15 3 1
-52 -4 4 0
-53 -14 4 2
-53 -14 3 2
-53 -15 5 2
-53 -15 3 2
-54 -14 5 1
-54 -14 4 1
-54 -14 3 1
-54 -16 3 2
-53 -15 4 2
-65 -42 6 0
-65 -43 6 0
-53 -37 1 0
-51 -38 3 0
-53 -38 4 0
-54 -37 4 0
-65 -19 11 0
-84 -2 5 1
-85 -2 5 2
-75 -9 12 1
-74 -9 12 1
-73 -9 12 1
-73 -8 12 1
-73 -7 12 1
-72 -6 10 0
-74 -5 11 1
-74 -5 12 0
-64 -6 4 1
-63 -6 4 2
-62 -6 4 2
-90 -25 3 1
-91 -23 3 1
-54 -4 11 0
-89 -46 3 1
-54 -3 11 0
-53 -4 10 0
-53 -4 11 0
-53 -3 10 0
-53 -3 11 0
-89 -45 3 1
-89 -45 5 2
-88 -46 3 1
-85 -41 5 1
-56 -42 6 0
-55 -42 6 0
-59 -40 4 0
-97 -18 9 1
-59 -38 4 0
-54 -19 7 1
-59 -38 6 0
-59 -39 3 0
-59 -38 3 0
-62 -39 4 0
-62 -39 6 0
-62 -42 3 0
-56 -45 4 0
-59 -42 7 0
-67 -20 3 1
-67 -21 4 1
-68 -21 5 0
-67 -17 6 0
-69 -18 7 0
-59 -42 8 0
-60 -41 -1 1
-60 -41 0 1
-86 -1 14 1
-59 -41 -1 1
-93 -16 3 1
-59 -41 0 1
-59 -41 1 1
-58 -43 -1 1
-58 -43 0 1
-58 -43 1 1
-58 -42 -1 1
-58 -42 0 1
-58 -42 1 1
-58 -41 -1 1
-58 -41 0 2
-58 -41 1 1
-58 -38 4 0
-58 -37 4 0
-58 -39 3 0
-58 -38 3 0
-58 -37 3 0
-61 -38 4 0
-61 -38 6 0
-61 -38 3 0
-61 -41 3 0
-61 -43 3 0
-55 -44 4 0
-56 -43 5 0
-58 -41 7 0
-58 -41 8 0
-59 -40 -1 1
-84 -31 1 1
-59 -40 1 1
-100 -39 2 1
-58 -40 0 1
-58 -40 1 1
-92 -46 8 1
-90 -47 9 0
-90 -45 10 0
-52 -4 5 0
-51 -4 6 0
-53 -2 7 0
-63 -1 9 0
-55 -1 10 0
-96 -18 9 1
-97 -19 10 0
-97 -19 11 0
-94 -19 12 0
-95 -18 11 0
-95 -18 12 0
-97 -21 12 0
-96 -21 11 0
-79 -29 10 0
-92 -10 11 0
-92 -10 12 0
-98 -1 4 0
-99 -2 3 1
-67 -39 1 1
-67 -39 3 2
-67 -38 1 1
-67 -38 2 2
-97 -2 14 1
-97 -3 16 1
-97 -3 15 1
-97 -3 14 1
-68 -20 5 1
-68 -20 4 1
-61 -29 9 0
-62 -28 9 0
-63 -30 9 0
-80 -36 5 1
-98 -38 6 0
-58 -4 6 0
-97 -37 5 0
-95 -38 4 1
-75 -42 6 0
-75 -42 8 0
-93 -45 9 1
-55 -10 7 0
-56 -9 7 0
-81 -43 7 0
-53 -8 1 2
-93 -47 9 1
-89 -8 5 1
-82 -6 10 1
-77 -40 7 0
-75 -41 6 0
-96 -3 4 1
-56 -10 7 0
-56 -10 6 0
-52 -9 7 0
-53 -9 7 0
-53 -10 7 0
-75 -7 11 2
-75 -7 10 2
-54 -10 7 0
-76 -7 11 1
-76 -7 10 1
-97 -12 8 1
-85 -40 9 1
-97 -15 11 0
-97 -14 11 0
-96 -15 11 0
-99 -15 6 1
-96 -11 10 0
-61 -21 6 1
-60 -21 4 1
-60 -21 7 0
-60 -20 7 0
-100 -8 3 1
-100 -9 3 1
-70 -7 3 1
-70 -7 2 1
-65 -3 2 1
-65 -3 1 2
-65 -3 0 1
-58 -20 1 1
-58 -20 0 1
-58 -20 -1 1
-59 -18 1 1
-59 -18 0 1
-59 -18 -1 1
-59 -19 1 1
-59 -19 -1 1
-59 -20 0 1
-59 -20 -1 1
-60 -18 1 1
-56 -18 0 1
-53 -11 3 2
-53 -11 2 1
-68 -1 7 1
-68 -1 8 1
-81 -1 6 1
-81 -2 6 2
-94 -9 9 0
-76 -1 8 1
-71 -24 9 0
-71 -24 8 0
-69 -26 8 0
-51 -2 2 1
-53 -5 11 0
-53 -5 10 0
-93 -39 7 2
-83 -11 8 1
-53 -5 1 1
-81 -27 8 2
-81 -19 3 1
-83 -32 10 2
-83 -32 9 2
-83 -33 11 1
-51 -9 -1 1
-53 -17 9 0
-54 -18 9 0
-54 -17 8 0
-54 -16 9 0
-53 -18 9 0
-55 -17 9 0
-54 -19 9 0
-52 -18 8 1
-55 -18 8 0
-55 -16 8 0
-55 -19 8 0
-91 -19 4 1
-74 -24 4 1
-73 -24 4 2
-68 -1 9 1
-91 -2 15 2
-56 -5 2 0
-57 -5 2 0
-55 -5 3 0
-73 -6 7 2
-67 -46 1 1
-73 -5 7 1
-51 -21 8 1
-71 -29 8 0
-71 -28 8 0
-71 -5 9 1
-71 -5 8 1
-71 -6 9 1
-71 -6 8 1
-72 -5 9 1
-72 -5 8 2
-72 -6 9 1
-86 -32 12 1
-86 -31 10 2
-86 -31 11 2
-86 -31 12 1
-86 -30 10 2
-79 -6 10 1
-86 -30 11 1
-86 -30 12 1
-85 -32 10 1
-85 -32 11 1
-85 -32 12 1
-85 -31 10 2
-85 -31 12 2
-85 -30 10 1
-85 -30 11 1
-85 -30 12 1
-84 -32 10 2
-84 -32 11 2
-84 -32 12 2
-84 -31 10 2
-83 -28 10 0
-84 -28 10 0
-91 -16 8 0
-89 -17 8 1
-84 -28 11 0
-85 -27 9 1
-85 -27 10 0
-85 -27 13 0
-84 -29 10 0
-84 -29 12 0
-84 -29 11 0
-85 -29 10 1
-84 -30 9 1
-84 -31 9 2
-84 -32 9 2
-85 -30 9 1
-85 -31 9 2
-91 -23 13 0
-91 -23 14 0
-56 -9 1 1
-91 -23 11 0
-90 -41 9 1
-89 -43 9 2
-89 -42 9 2
-97 -38 2 1
-60 -1 3 2
-60 -1 4 2
-60 -1 5 1
-59 -1 3 1
-59 -1 4 2
-59 -1 5 1
-58 -1 3 1
-58 -1 4 2
-58 -1 5 1
-55 -2 6 0
-54 -2 6 0
-70 -8 8 1
-67 -2 11 0
-70 -9 9 1
-68 -7 9 0
-68 -7 8 0
-70 -5 12 0
-70 -5 13 0
-70 -5 5 2
-64 -1 10 0
-72 -7 12 1
-69 -10 10 1
-69 -10 11 1
-69 -10 12 1
-69 -9 10 1
-69 -9 11 1
-69 -9 12 1
-69 -8 10 1
-69 -8 12 1
-70 -9 8 1
-68 -8 9 0
-68 -8 8 0
-71 -6 5 1
-71 -5 5 1
-71 -4 5 1
-70 -6 5 1
-69 -6 5 1
-69 -6 6 1
-69 -5 5 1
-69 -5 6 1
-69 -4 5 1
-63 -2 7 0
-96 -46 7 2
-96 -45 6 1
-96 -45 7 1
-95 -46 6 1
-95 -46 7 2
-95 -45 6 1
-95 -45 7 1
-71 -34 3 1
-71 -34 2 1
-71 -34 1 1
-71 -35 3 1
-71 -35 2 1
-55 -10 10 0
-71 -35 1 1
-72 -33 3 1
-72 -33 2 1
-72 -33 1 1
-56 -17 2 1
-73 -33 3 1
-73 -33 2 2
-63 -4 2 1
-73 -33 1 1
-58 -13 1 1
-72 -34 6 0
-72 -32 5 1
-72 -32 4 1
-71 -33 5 1
-81 -3 10 1
-81 -3 11 1
-82 -4 6 2
-82 -4 7 1
-93 -11 10 0
-86 -1 15 2
-85 -1 14 1
-80 -7 5 1
-57 -3 3 1
-53 -3 8 0
-52 -3 8 0
-51 -8 10 0
-52 -9 8 0
-59 -38 5 0
-54 -8 10 0
-53 -10 9 0
-53 -10 8 0
-56 -7 9 0
-53 -8 8 0
-55 -9 9 0
-57 -8 8 0
-54 -8 7 0
-54 -8 9 0
-54 -9 7 0
-100 -38 2 1
-100 -37 2 1
-99 -38 2 1
-99 -37 2 1
-87 -43 11 1
-55 -11 7 0
-53 -18 4 2
-84 -8 8 1
-51 -18 4 2
-84 -7 8 1
-54 -26 7 0
-55 -26 8 0
-54 -26 8 0
-82 -16 3 1
-82 -16 2 1
-59 -28 8 0
-60 -29 8 0
-57 -28 7 0
-57 -29 7 0
-57 -30 7 0
-57 -29 8 0
-57 -30 8 0
-88 -42 5 1
-68 -31 8 0
-68 -31 9 0
-62 -34 7 0
-61 -34 7 0
-62 -34 8 0
-53 -13 5 2
-52 -13 3 2
-52 -13 4 2
-100 -3 7 1
-100 -2 5 1
-100 -2 6 1
-100 -2 7 1
-96 -39 7 0
-54 -3 1 1
-54 -3 -2 1
-54 -3 -1 1
-54 -3 0 2
-54 -2 -2 1
-78 -50 1 1
-86 -34 2 1
-85 -35 2 1
-85 -34 2 1
-87 -34 2 1
-77 -41 3 2
-77 -42 3 2
-78 -41 3 1
-78 -42 3 2
-76 -41 4 1
-76 -42 5 1
-76 -42 4 1
-77 -41 4 2
-84 -35 1 1
-84 -35 2 1
-86 -34 0 1
-79 -43 4 1
-86 -34 -1 1
-76 -44 4 0
-77 -44 3 1
-79 -45 3 1
-93 -9 13 0
-93 -9 12 0
-82 -8 5 1
-82 -7 4 1
-82 -7 5 1
-81 -8 5 1
-81 -7 5 1
-86 -8 4 1
-86 -8 5 1
-86 -7 4 1
-86 -7 5 0
-85 -8 4 1
-86 -31 3 1
-87 -30 3 1
-86 -32 2 1
-86 -32 3 1
-84 -32 5 2
-85 -31 5 2
-85 -32 5 2
-66 -31 8 0
-65 -32 9 0
-65 -32 8 0
-64 -33 9 0
-65 -33 9 0
-64 -33 8 0
-92 -11 7 2
-79 -15 2 1
-84 -26 8 2
-85 -23 10 1
-86 -20 9 1
-70 -36 7 1
-70 -36 6 1
-70 -37 7 1
-70 -37 6 1
-70 -38 7 1
-79 -45 10 0
-65 -50 6 0
-67 -50 4 0
-67 -49 4 0
-67 -50 6 0
-67 -49 6 0
-67 -49 3 0
-69 -50 4 0
-70 -50 6 0
-65 -13 7 0
-68 -16 7 0
-66 -18 6 0
-70 -28 7 1
-70 -26 7 1
-70 -27 5 1
-63 -3 7 0
-63 -3 6 1
-63 -4 7 1
-63 -4 6 1
-64 -3 7 0
-64 -3 6 1
-64 -4 7 1
-74 -32 11 0
-54 -5 5 0
-63 -3 10 0
-78 -1 8 1
-78 -1 7 1
-86 -5 5 1
-64 -3 10 0
-51 -9 7 0
-79 -1 9 1
-99 -2 10 0
-99 -2 9 1
-100 -1 10 0
-69 -24 4 1
-100 -1 9 1
-62 -7 7 2
-90 -23 9 1
-93 -29 10 1
-93 -29 9 1
-83 -44 4 1
-82 -9 9 1
-82 -10 9 1
-82 -10 8 1
-83 -9 9 1
-83 -10 9 1
-83 -10 8 1
-95 -2 15 2
-95 -3 15 2
-96 -1 15 1
-72 -10 12 1
-72 -9 12 1
-72 -8 12 1
-71 -10 10 2
-71 -10 11 1
-71 -10 12 1
-71 -9 10 2
-71 -9 12 1
-71 -8 11 1
-92 -12 8 1
-93 -42 5 1
-95 -1 8 1
-94 -3 8 1
-94 -3 9 1
-94 -3 10 1
-93 -3 8 1
-93 -3 9 1
-93 -3 10 1
-64 -45 6 0
-97 -2 12 1
-81 -1 8 2
-81 -2 9 1
-81 -2 8 2
-82 -1 9 1
-69 -46 3 0
-82 -2 9 1
-82 -2 8 2
-79 -3 7 1
-67 -47 5 0
-89 -11 9 0
-71 -8 12 1
-70 -10 10 1
-70 -10 11 1
-70 -10 12 1
-70 -9 10 1
-70 -9 11 2
-70 -9 12 1
-75 -31 9 0
-70 -8 11 1
-93 -25 11 1
-93 -25 10 1
-93 -25 9 1
-92 -24 10 1
-92 -24 9 1
-96 -43 7 0
-88 -42 4 1
-58 -6 9 0
-59 -6 9 0
-58 -6 11 0
-51 -11 0 1
-59 -6 10 0
-51 -11 1 2
-51 -11 2 2
-51 -10 2 1
-51 -9 2 1
-61 -3 5 2
-61 -1 6 1
-92 -25 10 1
-92 -25 9 1
-85 -1 11 1
-83 -7 6 2
-62 -1 5 1
-83 -2 8 1
-97 -39 10 0
-73 -3 1 2
-73 -3 2 2
-72 -3 1 1
-94 -47 10 2
-94 -47 11 1
-73 -10 8 1
-94 -46 12 1
-93 -46 12 1
-97 -42 10 0
-98 -42 10 0
-95 -47 12 1
-94 -45 12 1
-98 -41 10 0
-94 -37 8 1
-88 -30 5 1
-88 -30 7 1
-88 -29 5 1
-88 -29 6 1
-89 -24 7 1
-89 -24 6 2
-89 -24 5 1
-89 -25 6 1
-89 -25 5 2
-85 -22 4 1
-69 -45 -1 1
-69 -45 0 2
-94 -10 6 1
-93 -49 10 1
-86 -37 4 1
-88 -35 2 1
-81 -28 7 1
-81 -28 6 1
-81 -28 5 1
-81 -29 7 1
-81 -29 6 1
-81 -29 5 1
-81 -30 7 1
-81 -30 6 1
-62 -46 4 0
-61 -46 4 0
-59 -46 4 0
-62 -46 5 0
-61 -46 5 0
-98 -3 8 0
-98 -3 10 0
-86 -8 6 1
-98 -3 9 0
-87 -8 7 1
-87 -8 6 1
-88 -7 6 2
-88 -8 7 1
-88 -8 6 1
-65 -35 2 2
-65 -35 3 2
-64 -37 1 1
-64 -36 1 1
-64 -35 1 1
-66 -35 4 1
-87 -48 8 0
-74 -12 7 1
-75 -12 9 1
-75 -12 8 1
-89 -2 3 1
-88 -7 8 2
-88 -7 9 1
-88 -9 5 0
-85 -1 13 1
-87 -7 8 1
-99 -40 5 0
-100 -12 9 0
-98 -34 3 1
-98 -35 3 1
-98 -36 3 1
-79 -5 7 1
-64 -33 2 1
-51 -34 5 0
-64 -33 3 1
-64 -33 4 1
-72 -36 5 1
-72 -36 6 1
-72 -36 7 1
-71 -36 5 1
-71 -36 6 1
-71 -36 7 1
-74 -36 7 1
-74 -36 8 0
-73 -36 8 1
-75 -35 7 0
-75 -36 8 0
-75 -35 8 0
-76 -36 7 0
-76 -36 8 0
-93 -6 16 1
-98 -36 9 1
-98 -35 8 1
-98 -35 9 1
-98 -34 8 1
-98 -34 9 1
-98 -41 4 0
-100 -40 5 0
-89 -12 6 1
-87 -15 7 1
-87 -15 8 1
-91 -43 9 1
-58 -41 6 0
-59 -40 5 0
-59 -40 6 0
-93 -49 5 1
-60 -40 5 0
-89 -6 9 1
-89 -6 8 1
-93 -12 10 0
-73 -48 4 0
-71 -49 4 0
-70 -50 5 0
-94 -12 10 0
-71 -47 0 1
-87 -3 7 1
-87 -3 6 1
-87 -4 7 2
-87 -4 6 2
-78 -1 6 1
-78 -1 5 1
-78 -1 4 1
-57 -3 8 0
-57 -4 8 0
-57 -3 7 0
-57 -5 7 0
-56 -6 8 0
-57 -6 8 0
-57 -6 7 0
-70 -21 10 0
-70 -21 8 0
-71 -21 9 0
-71 -22 10 0
-75 -12 4 1
-75 -11 4 1
-71 -24 10 0
-51 -3 11 0
-67 -42 2 1
-68 -41 4 2
-89 -24 9 1
-89 -25 9 1
-71 -32 4 1
-71 -32 3 1
-84 -31 11 1
-84 -31 12 1
-84 -30 10 1
-84 -30 11 1
-53 -12 1 2
-85 -29 11 1
-85 -29 12 0
-86 -32 9 1
-86 -31 9 2
-86 -30 9 1
-74 -26 6 0
-71 -27 4 1
-85 -32 9 1
-72 -27 4 1
-90 -24 11 1
-90 -24 13 0
-90 -25 12 0
-70 -37 5 1
-70 -36 3 1
-99 -43 5 0
-70 -36 5 2
-70 -38 6 1
-66 -8 6 1
-66 -8 7 1
-65 -10 6 0
-66 -10 8 0
-65 -10 5 1
-66 -10 5 1
-63 -10 7 0
-62 -9 6 0
-61 -10 6 0
-62 -9 7 0
-61 -10 5 0
-78 -2 2 1
-78 -2 1 1
-64 -15 1 1
-64 -14 -1 1
-64 -13 -1 1
-64 -13 0 1
-64 -13 1 1
-63 -15 -1 1
-63 -15 0 1
-63 -15 1 1
-63 -14 -1 1
-63 -14 0 1
-63 -14 1 1
-61 -15 7 0
-63 -14 3 2
-62 -13 4 1
-65 -15 3 1
-65 -15 4 1
-65 -14 3 1
-65 -14 4 1
-68 -15 7 0
-65 -16 3 1
-65 -16 4 1
-65 -16 5 1
-66 -17 6 0
-66 -19 3 1
-92 -22 13 0
-92 -22 11 0
-92 -20 12 0
-92 -20 13 0
-92 -20 11 0
-95 -23 12 0
-95 -23 13 0
-95 -23 11 0
-93 -23 12 0
-93 -24 12 0
-93 -23 13 0
-93 -24 11 0
-92 -23 12 0
-92 -23 13 0
-92 -23 11 0
-93 -22 14 0
-93 -22 10 0
-90 -22 12 0
-91 -22 13 0
-90 -22 11 1
-91 -21 12 0
-75 -3 3 1
-91 -21 13 0
-91 -21 11 0
-92 -21 13 0
-94 -22 13 0
-96 -11 7 2
-94 -24 13 0
-94 -24 11 0
-98 -14 9 1
-98 -12 8 1
-98 -12 10 0
-62 -7 6 2
-93 -42 7 1
-93 -42 6 1
-96 -37 4 0
-79 -1 7 2
-79 -1 8 2
-85 -5 5 1
-86 -5 3 1
-91 -39 7 1
-55 -7 0 2
-71 -43 4 0
-70 -44 4 0
-87 -25 11 0
-55 -8 0 1
-80 -5 11 1
-87 -25 12 0
-88 -25 12 0
-80 -6 10 1
-58 -40 3 0
-85 -2 17 0
-80 -17 7 1
-80 -17 8 1
-79 -17 6 2
-79 -8 9 1
-78 -8 8 2
-78 -8 9 2
-79 -7 9 1
-67 -3 10 0
-70 -48 6 0
-72 -39 8 1
-74 -40 6 0
-78 -14 2 1
-74 -38 7 1
-74 -38 6 1
-75 -38 7 0
-73 -29 11 0
-77 -41 2 2
-78 -41 2 2
-79 -13 2 1
-79 -39 3 2
-79 -39 2 1
-79 -40 4 1
-78 -14 3 2
-77 -15 2 1
-79 -41 3 1
-73 -28 11 0
-75 -28 9 0
-80 -39 3 2
-80 -39 2 1
-80 -40 4 1
-80 -40 2 1
-78 -10 9 1
-78 -11 11 1
-78 -11 9 1
-78 -12 11 1
-78 -12 10 1
-78 -12 9 1
-79 -10 11 1
-79 -10 10 1
-79 -10 9 1
-79 -11 11 1
-82 -15 5 1
-82 -15 6 2
-82 -15 7 2
-82 -14 5 1
-82 -14 6 2
-82 -14 7 1
-82 -15 8 1
-82 -14 8 1
-82 -17 9 1
-82 -16 7 2
-82 -16 8 2
-82 -16 9 1
-82 -15 9 1
-81 -17 9 1
-80 -17 9 1
-81 -16 5 1
-79 -18 9 1
-78 -18 9 1
-77 -18 9 1
-73 -42 4 0
-82 -17 6 1
-83 -18 7 2
-83 -18 8 1
-83 -18 9 1
-83 -17 7 2
-83 -17 8 2
-83 -17 9 1
-83 -16 7 1
-83 -16 8 1
-83 -16 9 1
-82 -18 9 1
-81 -18 9 1
-82 -17 5 1
-80 -19 5 2
-80 -18 5 1
-81 -17 4 1
-80 -18 9 1
-74 -40 4 1
-74 -39 4 1
-80 -13 3 1
-83 -16 5 1
-83 -16 6 1
-83 -15 5 1
-83 -15 6 1
-87 -30 -1 1
-52 -10 -1 1
-52 -10 0 1
-52 -10 1 1
-56 -8 1 2
-56 -8 2 2
-56 -7 0 2
-56 -7 1 2
-56 -7 2 2
-56 -6 0 1
-56 -6 1 1
-56 -6 2 1
-55 -6 0 1
-55 -6 1 1
-55 -6 2 1
-55 -5 2 0
-93 -44 7 0
-57 -7 0 1
-57 -7 1 1
-57 -7 2 1
-57 -6 0 2
-57 -6 1 1
-57 -6 2 1
-95 -21 11 0
-96 -21 12 0
-74 -39 5 1
-51 -24 6 0
-85 -11 5 1
-86 -3 11 1
-64 -20 8 0
-85 -12 5 1
-96 -10 8 1
-96 -10 10 0
-74 -47 5 0
-75 -47 6 0
-87 -45 4 1
-88 -23 11 1
-65 -21 8 0
-84 -10 7 2
-97 -10 6 1
-77 -8 8 2
-58 -39 5 0
-57 -39 6 0
-57 -38 5 0
-55 -39 5 0
-61 -36 4 0
-98 -15 12 0
-72 -36 1 1
-52 -23 4 0
-52 -22 3 0
-52 -22 2 0
-51 -21 3 1
-53 -21 2 1
-56 -10 2 2
-55 -10 0 1
-55 -10 2 1
-54 -10 0 1
-54 -10 1 1
-88 -28 11 0
-88 -28 12 0
-84 -27 11 0
-85 -27 11 0
-55 -14 -1 1
-57 -14 4 1
-57 -14 5 1
-57 -13 5 1
-57 -12 4 1
-57 -12 5 1
-56 -14 4 1
-73 -4 11 0
-69 -2 11 0
-66 -4 11 0
-69 -6 8 0
-65 -37 2 1
-74 -28 8 0
-80 -41 9 0
-80 -41 5 0
-51 -13 1 1
-63 -8 1 1
-55 -1 1 1
-81 -43 5 0
-77 -5 9 2
-69 -46 1 1
-69 -46 0 2
-93 -19 12 0
-96 -20 13 0
-96 -21 13 0
-96 -22 12 0
-96 -22 13 0
-96 -22 11 0
-94 -23 12 0
-60 -24 6 1
-60 -24 7 0
-60 -23 6 1
-60 -23 7 0
-62 -22 6 1
-93 -22 13 0
-63 -29 5 1
-62 -29 5 2
-62 -29 6 1
-97 -35 10 1
-97 -35 11 1
-99 -38 10 1
-99 -40 8 1
-99 -40 9 1
-85 -6 6 1
-86 -5 6 1
-82 -32 3 2
-82 -32 4 2
-79 -3 8 2
-79 -4 9 2
-79 -4 8 2
-80 -3 9 1
-80 -3 8 2
-64 -7 6 1
-52 -5 11 0
-88 -4 7 1
-61 -3 4 2
-87 -4 11 1
-51 -17 0 2
-51 -17 -1 1
-51 -18 0 2
-89 -49 11 1
-89 -49 10 1
-89 -50 11 1
-89 -50 10 1
-90 -49 11 2
-90 -49 10 1
-90 -50 11 1
-90 -50 10 2
-52 -17 2 1
-53 -17 4 2
-53 -17 3 2
-53 -17 2 2
-51 -25 6 0
-60 -12 6 0
-98 -36 11 1
-73 -9 8 2
-74 -9 8 2
-72 -8 11 1
-72 -8 10 1
-72 -8 9 1
-72 -9 11 1
-72 -9 10 2
-72 -9 9 2
-72 -4 11 0
-70 -4 11 0
-70 -4 10 0
-77 -11 2 1
-69 -6 9 0
-86 -32 10 1
-87 -8 8 1
-77 -18 6 1
-77 -19 6 1
-88 -10 6 0
-72 -10 6 1
-72 -11 6 1
-70 -11 11 1
-70 -11 10 1
-71 -11 11 1
-71 -11 10 1
-72 -11 11 1
-72 -11 10 1
-70 -11 9 1
-70 -11 8 1
-70 -11 7 1
-71 -11 9 1
-71 -11 8 1
-71 -11 7 1
-72 -11 9 1
-72 -11 8 1
-72 -11 7 1
-79 -39 0 1
-97 -5 16 0
-94 -6 14 1
-55 -9 2 1
-56 -9 2 1
-79 -39 -1 1
-97 -6 17 0
-97 -6 16 0
-97 -3 17 0
-62 -16 11 0
-62 -18 8 0
-97 -4 17 0
-68 -33 7 1
-85 -42 4 1
-61 -7 8 1
-100 -8 5 1
-62 -4 5 1
-62 -4 4 2
-73 -2 1 2
-73 -41 1 1
-73 -2 2 1
-73 -2 3 1
-74 -4 4 1
-74 -3 4 2
-74 -2 4 1
-73 -2 4 1
-52 -10 3 2
-53 -10 3 2
-54 -10 4 1
-53 -11 9 0
-53 -11 8 0
-53 -11 7 0
-51 -11 3 2
-91 -10 9 0
-55 -9 4 1
-54 -9 6 0
-56 -8 5 0
-55 -8 5 0
-53 -7 3 1
-63 -26 7 0
-65 -26 8 0
-70 -3 1 1
-51 -11 4 2
-66 -26 8 0
-67 -27 8 0
-63 -29 7 1
-56 -35 3 0
-56 -35 4 0
-56 -35 7 0
-55 -34 6 0
-56 -34 6 0
-55 -34 5 0
-56 -34 5 0
-58 -35 4 0
-58 -35 8 0
-58 -35 7 0
-58 -36 5 0
-58 -36 6 0
-58 -35 5 0
-56 -33 5 0
-82 -5 11 1
-82 -5 10 1
-82 -6 11 1
-67 -3 1 2
-67 -2 1 2
-52 -20 3 2
-77 -1 -1 1
-75 -1 5 1
-80 -1 1 1
-79 -42 9 0
-86 -25 3 2
-85 -24 3 1
-71 -43 0 1
-71 -43 1 1
-70 -43 -1 1
-70 -43 0 2
-70 -43 1 1
-70 -42 -1 1
-70 -42 0 1
-70 -42 1 1
-70 -41 -1 1
-70 -41 0 1
-70 -41 1 1
-71 -42 2 0
-93 -26 5 1
-67 -49 7 0
-68 -47 7 0
-74 -49 7 0
-71 -49 8 0
-71 -49 9 0
-72 -49 -1 1
-72 -49 0 1
-72 -48 -1 1
-72 -48 0 1
-72 -48 1 1
-70 -50 -1 1
-71 -49 3 0
-68 -50 7 0
-70 -49 6 0
-74 -47 7 0
-73 -50 6 0
-75 -50 7 0
-78 -45 7 0
-78 -44 6 0
-68 -42 2 2
-80 -30 2 1
-82 -5 9 1
-81 -6 8 2
-81 -6 9 1
-81 -5 8 2
-81 -5 9 2
-87 -7 5 1
-58 -11 10 0
-84 -11 9 1
-55 -3 4 0
-55 -5 5 0
-52 -17 6 1
-52 -17 7 1
-51 -18 5 1
-51 -18 6 1
-51 -18 7 1
-51 -17 5 1
-51 -17 6 1
-62 -16 9 0
-63 -16 10 0
-62 -16 10 0
-63 -15 9 0
-71 -2 -1 1
-72 -2 0 2
-72 -2 -1 1
-72 -3 -1 1
-72 -4 -1 1
-92 -13 7 1
-62 -37 0 1
-62 -37 1 1
-52 -2 11 0
-52 -2 10 0
-62 -36 -1 1
-62 -36 0 2
-89 -50 7 1
-90 -50 7 2
-90 -50 6 2
-89 -49 9 1
-89 -50 9 1
-89 -50 8 2
-90 -49 9 1
-90 -50 9 1
-90 -50 8 2
-87 -47 10 0
-87 -48 10 0
-88 -47 10 0
-88 -48 10 0
-74 -33 2 2
-74 -33 1 1
-75 -33 1 1
-77 -32 6 0
-77 -3 7 1
-73 -43 6 0
-73 -42 6 0
-73 -43 5 0
-69 -39 5 1
-70 -39 7 1
-70 -40 7 1
-70 -41 7 1
-69 -47 9 0
-69 -47 8 0
-66 -49 7 0
-67 -49 5 0
-69 -50 7 0
-98 -8 6 1
-71 -49 7 0
-71 -49 5 0
-71 -44 7 0
-65 -47 7 0
-55 -3 6 0
-55 -3 5 0
-86 -21 4 1
-56 -2 4 1
-86 -19 4 1
-85 -21 4 1
-88 -24 5 1
-88 -24 6 2
-88 -24 7 2
-67 -4 2 1
-88 -2 9 1
-63 -43 4 1
-66 -5 0 2
-66 -4 0 1
-66 -4 2 1
-69 -8 2 1
-69 -8 3 1
-52 -2 8 0
-69 -7 3 1
-69 -6 2 2
-69 -6 3 2
-68 -6 2 1
-68 -6 3 1
-69 -8 0 1
-69 -7 0 1
-80 -15 7 1
-80 -15 8 2
-80 -15 9 1
-79 -15 9 1
-78 -16 9 1
-77 -16 9 1
-67 -46 4 0
-85 -47 7 0
-85 -47 9 0
-85 -47 8 0
-85 -46 8 0
-59 -12 4 1
-59 -13 5 1
-59 -13 4 1
-61 -15 3 1
-61 -13 0 1
-61 -14 0 2
-61 -15 2 1
-61 -15 1 1
-61 -15 0 1
-60 -10 1 2
-60 -10 0 2
-87 -9 7 0
-86 -10 6 1
-86 -10 7 1
-86 -9 6 1
-86 -9 7 1
-85 -10 6 1
-85 -10 7 1
-85 -9 6 2
-85 -9 7 1
-90 -10 6 1
-88 -26 6 1
-88 -26 8 0
-88 -26 5 1
-86 -27 5 2
-86 -27 6 2
-84 -36 2 1
-85 -27 5 1
-85 -27 6 1
-91 -26 5 1
-84 -27 5 1
-84 -27 6 1
-84 -27 7 2
-85 -27 8 1
-86 -27 4 2
-85 -27 4 1
-84 -27 4 1
-98 -19 12 0
-59 -21 7 0
-57 -21 8 0
-60 -20 4 1
-58 -18 6 1
-59 -19 7 0
-58 -19 8 0
-58 -18 5 1
-61 -20 6 0
-61 -19 6 0
-61 -18 6 1
-61 -17 6 1
-61 -19 7 0
-61 -17 4 2
-62 -18 3 1
-62 -18 4 2
-62 -17 3 1
-62 -17 4 2
-67 -22 5 0
-59 -27 10 0
-56 -26 10 0
-56 -2 -1 1
-56 -2 0 1
-56 -1 0 2
-57 -3 1 1
-80 -49 6 0
-80 -50 5 0
-81 -49 6 0
-81 -46 6 0
-79 -46 6 0
-79 -46 5 0
-79 -47 5 0
-78 -48 6 0
-79 -48 6 0
-78 -48 5 0
-79 -48 5 0
-56 -5 7 0
-56 -7 8 0
-56 -6 9 0
-55 -6 7 0
-56 -6 7 0
-53 -6 9 0
-55 -5 10 0
-89 -45 10 0
-87 -46 9 0
-87 -46 8 1
-89 -47 9 0
-83 -49 6 1
-83 -49 5 2
-83 -9 5 1
-51 -20 8 1
-51 -19 7 1
-51 -19 8 1
-52 -22 5 1
-52 -22 6 1
-96 -3 12 1
-96 -2 12 2
-96 -1 12 1
-74 -28 7 0
-73 -27 8 0
-73 -28 8 0
-90 -12 8 1
-79 -4 11 1
-85 -11 8 1
-80 -3 11 2
-85 -12 8 1
-80 -4 11 1
-86 -11 8 1
-86 -12 9 1
-86 -12 8 1
-87 -11 9 0
-87 -11 8 0
-87 -12 9 1
-87 -12 8 1
-84 -47 9 0
-91 -32 3 1
-88 -27 2 1
-83 -43 9 1
-84 -45 10 0
-88 -27 1 1
-99 -13 7 2
-99 -13 6 1
-99 -14 6 1
-98 -13 11 0
-98 -15 10 0
-99 -14 8 1
-59 -25 10 0
-86 -9 1 1
-86 -8 1 1
-85 -9 1 1
-85 -8 1 1
-99 -32 7 1
-56 -11 10 0
-56 -9 10 0
-87 -41 6 1
-87 -41 5 1
-87 -41 4 1
-86 -42 5 2
-85 -44 5 1
-85 -44 4 1
-92 -37 7 1
-94 -37 7 1
-88 -46 5 1
-88 -45 4 1
-87 -14 6 1
-91 -10 8 1
-51 -1 12 0
-67 -40 1 1
-68 -44 2 1
-69 -45 2 0
-68 -45 2 1
-67 -44 3 1
-66 -45 4 0
-66 -45 2 2
-67 -44 2 2
-66 -46 1 1
-66 -46 2 1
-66 -46 3 1
-57 -5 5 0
-66 -44 1 1
-66 -44 2 1
-65 -46 1 1
-65 -46 2 1
-65 -46 3 1
-65 -45 1 1
-65 -45 2 1
-65 -45 3 1
-65 -17 8 0
-66 -17 9 0
-66 -16 9 0
-72 -35 9 0
-74 -35 9 0
-75 -35 9 0
-89 -43 7 2
-89 -43 6 2
-90 -41 7 1
-90 -41 6 1
-66 -6 7 1
-64 -2 8 0
-63 -1 8 0
-91 -43 7 1
-91 -43 6 1
-90 -42 7 2
-81 -8 7 1
-51 -8 9 0
-57 -3 6 0
-56 -2 6 0
-56 -3 6 0
-57 -1 6 0
-53 -1 5 0
-54 -1 5 0
-52 -2 6 0
-59 -6 5 0
-56 -6 5 0
-91 -25 3 1
-91 -25 2 1
-92 -25 4 1
-100 -2 10 0
-100 -3 8 2
-52 -2 5 0
-51 -1 5 0
-78 -15 7 2
-76 -16 6 1
-76 -16 8 1
-76 -16 7 1
-79 -12 2 1
-100 -2 9 1
-73 -1 1 1
-73 -1 3 1
-86 -2 10 1
-51 -6 5 0
-51 -6 6 0
-51 -6 9 0
-52 -8 7 0
-52 -8 8 0
-53 -38 2 0
-54 -38 4 0
-73 -30 3 1
-53 -38 3 0
-53 -39 2 0
-53 -39 4 0
-53 -39 3 0
-60 -4 3 1
-59 -4 5 1
-58 -4 3 1
-100 -10 8 1
-100 -10 9 0
-75 -42 7 0
-58 -23 9 0
-70 -21 7 0
-70 -20 7 0
-69 -20 6 1
-71 -21 6 1
-71 -20 6 1
-71 -19 4 1
-71 -19 5 1
-71 -19 6 1
-70 -20 6 1
-70 -19 6 1
-69 -21 4 1
-69 -21 5 1
-69 -21 6 1
-69 -20 4 1
-69 -20 5 1
-69 -19 6 1
-68 -20 7 0
-69 -20 7 0
-69 -19 7 0
-67 -23 7 0
-68 -20 6 0
-71 -19 3 1
-71 -18 3 1
-71 -18 4 1
-71 -18 5 1
-69 -20 3 1
-69 -23 3 1
-54 -22 2 1
-83 -44 9 0
-73 -22 4 1
-63 -15 2 1
-63 -14 2 1
-63 -13 3 1
-90 -3 17 0
-53 -35 4 0
-53 -35 3 0
-64 -35 5 1
-64 -35 4 1
-100 -3 10 0
-99 -3 10 0
-100 -1 11 0
-66 -35 5 1
-97 -2 6 1
-97 -1 5 1
-97 -1 6 1
-96 -3 5 1
-96 -3 6 1
-96 -2 6 1
-74 -49 4 0
-96 -38 10 0
-72 -50 6 0
-73 -50 5 0
-73 -28 7 0
-73 -27 7 0
-64 -13 9 0
-81 -6 6 2
-85 -1 12 1
-57 -24 10 0
-56 -25 10 0
-99 -41 10 0
-97 -40 6 0
-96 -41 5 0
-96 -42 5 0
-96 -42 6 0
-100 -2 2 1
-94 -10 13 0
-55 -3 2 0
-56 -4 2 0
-58 -1 1 1
-58 -2 1 1
-58 -3 1 1
-59 -1 1 2
-59 -2 1 1
-59 -3 1 1
-60 -1 1 2
-90 -29 2 1
-100 -36 0 1
-100 -36 1 1
-91 -23 4 1
-74 -9 5 1
-73 -10 5 1
-72 -10 5 1
-78 -6 5 1
-80 -31 3 1
-80 -30 3 1
-80 -30 4 1
-56 -34 2 0
-58 -36 3 0
-91 -16 4 1
-67 -31 12 0
-67 -31 13 0
-68 -32 12 0
-68 -31 11 0
-68 -31 12 0
-67 -32 12 0
-68 -29 12 0
-69 -32 11 0
-67 -33 11 0
-68 -30 11 0
-68 -32 11 0
-68 -33 11 0
-67 -29 11 0
-69 -31 10 0
-67 -33 10 0
-68 -30 10 0
-69 -32 10 0
-67 -30 10 0
-68 -30 9 0
-67 -31 9 0
-69 -41 4 2
-68 -43 2 1
-68 -43 3 1
-68 -43 4 1
-68 -42 4 2
-76 -8 10 1
-76 -3 12 1
-100 -39 10 1
-92 -38 11 1
-92 -38 10 1
-100 -40 10 1
-100 -40 9 1
-100 -40 8 1
-91 -2 4 1
-91 -2 3 1
-90 -47 3 1
-90 -47 4 1
-90 -47 5 1
-100 -33 3 1
-100 -32 3 1
-52 -26 5 0
-51 -26 5 0
-52 -26 6 0
-51 -26 4 0
-53 -25 5 0
-52 -24 5 0
-52 -25 6 0
-52 -24 4 0
-53 -24 5 0
-53 -24 6 0
-90 -44 4 1
-90 -44 5 1
-90 -44 6 1
-89 -44 4 1
-89 -44 5 2
-89 -44 6 1
-88 -44 4 1
-88 -44 5 2
-88 -44 6 2
-88 -43 4 2
-84 -6 5 1
-55 -1 9 0
-91 -11 8 1
-74 -38 2 1
-76 -36 5 0
-56 -36 4 0
-52 -38 5 0
-86 -45 11 1
-92 -1 14 1
-92 -2 14 1
-93 -1 14 2
-93 -2 14 2
-94 -1 14 1
-94 -2 14 1
-94 -3 14 1
-57 -15 3 1
-57 -15 2 1
-57 -15 1 2
-68 -33 6 1
-68 -32 6 1
-68 -31 4 1
-56 -8 11 0
-68 -31 5 1
-66 -6 10 0
-66 -7 1 1
-67 -6 10 0
-66 -7 2 1
-68 -7 4 1
-65 -8 5 1
-64 -8 5 1
-63 -9 5 1
-86 -48 9 0
-73 -8 9 2
-73 -9 11 1
-73 -9 10 2
-73 -9 9 2
-74 -9 11 1
-74 -9 10 1
-55 -41 5 0
-55 -41 6 0
-58 -39 4 0
-67 -20 5 1
-66 -50 5 0
-65 -50 5 0
-81 -19 4 1
-81 -20 4 1
-79 -20 7 1
-79 -20 6 1
-79 -20 5 1
-80 -20 7 1
-99 -37 1 1
-64 -36 5 1
-64 -36 4 1
-82 -3 9 1
-81 -4 8 1
-71 -31 7 0
-71 -31 8 0
-72 -30 7 0
-72 -29 7 0
-73 -30 8 0
-72 -29 8 0
-73 -30 7 0
-75 -40 2 1
-75 -40 1 1
-75 -41 3 1
-75 -41 2 1
-75 -41 1 1
-75 -42 3 1
-51 -8 2 1
-75 -42 1 1
-78 -36 2 1
-78 -36 4 0
-78 -36 3 1
-76 -36 2 2
-99 -14 10 0
-99 -14 9 1
-100 -13 8 1
-51 -20 0 1
-100 -13 9 1
-51 -21 1 1
-51 -21 0 1
-51 -21 -1 1
-51 -22 1 1
-51 -22 0 1
-51 -22 -1 1
-98 -20 10 0
-96 -19 11 0
-97 -19 12 0
-98 -18 12 0
-98 -18 13 0
-98 -18 9 1
-95 -19 11 0
-96 -19 12 0
-95 -19 12 0
-95 -17 11 0
-96 -17 12 0
-96 -17 11 0
-70 -46 1 1
-69 -48 -1 1
-69 -48 0 2
-77 -2 4 1
-69 -47 -1 1
-69 -47 0 2
-69 -47 1 1
-69 -46 -1 1
-100 -14 11 0
-79 -1 2 2
-80 -1 2 1
-81 -1 2 1
-61 -35 -1 1
-90 -9 7 1
-61 -36 0 1
-90 -10 7 1
-95 -41 8 0
-97 -42 7 0
-97 -42 9 0
-98 -41 7 0
-99 -40 7 0
-98 -38 7 0
-97 -38 7 0
-96 -38 7 0
-96 -39 9 0
-95 -40 9 1
-96 -40 8 0
-93 -40 3 1
-93 -39 2 1
-93 -39 3 1
-69 -40 3 1
-87 -7 3 1
-87 -7 2 1
-93 -38 2 1
-93 -38 3 1
-88 -7 3 2
-67 -45 0 1
-97 -39 1 2
-98 -40 0 1
-98 -40 1 1
-98 -40 2 1
-98 -39 0 1
-90 -2 1 1
-88 -10 9 0
-90 -1 5 1
-90 -2 5 1
-84 -3 6 1
-66 -40 1 1
-93 -16 1 1
-81 -27 6 1
-85 -29 8 0
-62 -42 5 0
-61 -41 5 0
-62 -10 3 1
-62 -10 4 1
-62 -9 3 1
-62 -9 4 1
-62 -8 3 1
-62 -8 4 1
-91 -47 5 1
-91 -46 3 1
-91 -46 4 1
-90 -48 3 1
-69 -21 8 0
-67 -21 10 0
-67 -21 7 0
-67 -21 6 0
-87 -32 12 1
-87 -28 10 0
-86 -28 9 0
-86 -27 9 0
-85 -26 9 1
-85 -28 8 1
-87 -16 4 1
-61 -8 0 1
-91 -9 7 1
-96 -20 2 1
-90 -9 9 0
-66 -23 8 0
-66 -23 9 0
-68 -21 6 0
-97 -41 10 0
-59 -3 9 0
-59 -1 10 0
-59 -1 7 0
-59 -1 6 1
-96 -44 10 1
-96 -44 9 1
-96 -45 11 1
-96 -45 10 2
-96 -45 9 1
-96 -46 11 1
-96 -46 10 1
-96 -46 9 1
-92 -24 12 0
-92 -24 13 0
-92 -24 11 1
-91 -24 12 0
-91 -24 13 0
-91 -24 11 1
-92 -22 14 0
-92 -22 10 0
-90 -23 12 0
-89 -23 12 0
-90 -23 13 0
-89 -23 11 1
-90 -22 13 0
-93 -23 11 0
-93 -25 12 0
-93 -24 13 0
-91 -25 12 0
-91 -25 13 0
-90 -50 5 1
-82 -33 2 1
-71 -37 2 1
-87 -33 4 2
-71 -37 4 2
-71 -36 2 1
-71 -36 3 1
-71 -36 4 1
-71 -38 1 1
-71 -37 1 1
-71 -36 1 1
-74 -35 5 0
-76 -28 1 1
-73 -35 0 1
-73 -35 1 2
-73 -34 0 1
-68 -22 4 1
-69 -26 5 1
-76 -10 2 1
-84 -2 10 1
-56 -8 0 1
-87 -5 5 2
-68 -1 0 1
-75 -13 5 1
-76 -49 5 0
-84 -3 16 1
-73 -5 2 1
-73 -28 6 0
-73 -28 10 0
-67 -36 5 1
-91 -9 8 1
-51 -1 3 0
-51 -1 4 0
-92 -9 8 1
-63 -34 -1 1
-63 -34 0 1
-83 -28 3 1
-84 -28 2 1
-91 -27 1 1
-91 -26 1 1
-91 -25 1 1
-90 -27 1 1
-90 -26 1 1
-90 -25 1 1
-89 -27 1 1
-89 -26 1 1
-63 -11 5 1
-61 -9 6 0
-60 -10 6 0
-61 -9 7 0
-61 -9 5 0
-60 -9 5 0
-76 -50 4 0
-89 -3 18 0
-70 -33 4 1
-70 -33 5 1
-70 -32 3 1
-70 -31 3 1
-70 -31 4 1
-78 -3 10 1
-78 -3 11 1
-69 -34 9 0
-70 -35 8 0
-70 -35 9 0
-69 -32 8 0
-70 -32 8 0
-69 -32 9 0
-99 -8 12 0
-99 -8 11 0
-98 -8 10 0
-98 -8 11 0
-99 -7 10 0
-97 -8 10 0
-98 -2 12 0
-99 -1 12 0
-96 -20 6 2
-95 -20 5 1
-95 -20 6 1
-94 -20 5 1
-94 -20 6 1
-93 -20 6 0
-71 -50 6 0
-57 -22 8 0
-55 -10 1 1
-97 -2 15 1
-97 -2 16 1
-67 -19 7 0
-65 -20 7 0
-65 -18 3 1
-78 -36 5 0
-77 -36 5 0
-65 -39 5 1
-85 -1 17 0
-67 -39 5 1
-84 -8 6 2
-77 -10 2 1
-53 -33 6 0
-54 -33 5 0
-51 -36 5 0
-79 -2 6 1
-86 -14 10 1
-69 -44 2 0
-78 -8 4 1
-78 -9 3 1
-77 -9 3 2
-77 -9 4 1
-77 -8 4 1
-59 -33 6 0
-72 -40 2 1
-72 -41 3 1
-94 -44 7 0
-74 -41 3 1
-74 -41 2 1
-66 -3 3 1
-61 -5 5 1
-76 -13 4 1
-76 -13 3 1
-61 -5 4 2
-72 -39 3 1
-72 -40 3 1
-79 -19 4 1
-79 -38 -1 1
-80 -38 0 1
-78 -16 8 2
-59 -22 5 2
-78 -17 8 2
-79 -16 8 1
-79 -16 7 1
-79 -17 8 2
-79 -17 7 2
-74 -12 5 1
-77 -10 5 1
-78 -8 5 1
-74 -10 5 2
-74 -11 6 2
-74 -11 5 2
-75 -9 5 1
-75 -10 5 1
-76 -9 5 1
-76 -10 5 1
-75 -13 8 1
-77 -14 7 2
-77 -3 5 1
-71 -7 5 1
-79 -8 7 1
-80 -8 7 1
-79 -7 8 1
-79 -7 7 1
-79 -42 6 0
-76 -42 7 0
-75 -43 6 0
-76 -43 6 1
-76 -31 1 1
-55 -25 9 0
-56 -25 8 0
-57 -25 8 0
-54 -25 7 0
-55 -25 7 0
-52 -1 13 0
-51 -2 12 0
-88 -13 6 1
-89 -11 7 1
-89 -11 6 1
-73 -34 1 1
-73 -36 0 1
-91 -25 11 1
-90 -9 8 1
-61 -8 -1 1
-62 -8 0 1
-62 -8 -1 1
-56 -8 6 0
-52 -8 6 0
-53 -8 6 0
-54 -7 6 0
-75 -29 9 0
-60 -33 8 0
-76 -33 1 1
-75 -5 8 2
-75 -6 9 1
-75 -6 8 2
-76 -5 9 1
-76 -5 8 2
-76 -6 9 2
-76 -6 8 2
-75 -1 9 1
-75 -1 8 1
-75 -2 9 1
-75 -2 8 2
-92 -41 8 2
-92 -41 9 2
-71 -48 1 1
-52 -29 2 0
-87 -31 4 1
-91 -25 4 1
-90 -5 17 0
-95 -4 14 2
-95 -5 15 1
-95 -23 3 1
-95 -23 4 1
-98 -20 3 2
-99 -21 2 1
-99 -21 3 1
-99 -21 4 1
-99 -20 2 1
-99 -20 3 1
-99 -20 4 1
-99 -19 2 1
-99 -19 3 1
-99 -19 4 1
-98 -21 2 1
-94 -17 7 1
-94 -17 8 1
-93 -19 7 1
-93 -19 8 1
-93 -18 7 1
-93 -18 8 1
-93 -18 9 1
-93 -17 7 1
-93 -17 8 1
-93 -17 9 1
-79 -45 9 0
-81 -48 7 0
-76 -50 8 0
-57 -42 -1 1
-57 -42 0 1
-57 -41 -1 1
-86 -43 7 2
-87 -47 5 1
-87 -47 6 1
-79 -45 2 1
-70 -2 3 1
-53 -6 8 0
-81 -38 3 1
-81 -38 2 1
-71 -49 1 1
-83 -28 11 0
-83 -28 12 0
-75 -39 3 0
-59 -15 8 0
-78 -40 5 1
-78 -40 9 0
-80 -38 7 1
-78 -39 5 0
-78 -39 9 0
-80 -39 6 1
-80 -39 8 1
-80 -39 7 1
-79 -38 6 0
-95 -25 5 1
-95 -25 6 1
-95 -25 7 1
-95 -24 5 1
-95 -24 6 1
-95 -24 7 1
-98 -18 4 1
-98 -18 5 1
-98 -18 6 1
-95 -23 5 0
-97 -24 4 2
-98 -25 3 2
-98 -25 4 2
-98 -24 3 1
-98 -24 4 1
-98 -23 3 1
-98 -23 4 1
-97 -25 3 1
-97 -25 4 1
-97 -24 3 1
-96 -25 3 1
-96 -25 4 1
-96 -24 3 1
-96 -24 4 1
-99 -24 4 2
-100 -25 3 2
-100 -25 4 2
-100 -25 5 2
-100 -24 3 1
-100 -24 4 2
-100 -23 3 1
-100 -23 4 1
-99 -25 3 1
-99 -25 4 1
-99 -25 5 1
-99 -24 3 2
-99 -23 3 1
-99 -23 4 1
-98 -22 2 1
-98 -22 3 1
-98 -22 1 1
-98 -21 1 1
-98 -20 1 1
-97 -22 1 1
-97 -21 1 1
-97 -20 1 1
-96 -22 1 1
-96 -21 1 1
-96 -20 1 1
-100 -25 6 2
-100 -25 7 2
-99 -25 6 1
-100 -22 4 1
-99 -22 4 1
-99 -26 3 2
-89 -24 10 1
-89 -24 11 1
-88 -26 9 1
-88 -26 10 1
-88 -25 9 1
-88 -25 10 1
-88 -25 11 1
-88 -24 9 2
-74 -33 4 0
-71 -38 2 1
-69 -23 7 0
-71 -38 3 1
-71 -38 4 1
-75 -14 8 1
-71 -37 3 2
-51 -35 4 0
-69 -1 1 2
-68 -1 1 1
-73 -4 2 2
-51 -7 0 2
-89 -2 14 1
-54 -6 2 1
-53 -2 1 1
-67 -5 1 1
-52 -35 6 0
-87 -16 9 1
-88 -32 5 1
-90 -32 4 1
-91 -32 4 1
-89 -32 7 1
-89 -32 6 2
-89 -32 5 1
-90 -32 7 1
-90 -32 6 1
-70 -20 4 1
-70 -20 5 2
-69 -22 5 1
-65 -34 3 1
-51 -3 2 0
-92 -12 9 0
-52 -35 5 0
-54 -38 5 0
-53 -38 5 0
-74 -35 6 0
-55 -38 6 0
-54 -38 6 0
-51 -6 -1 1
-53 -6 0 2
-53 -4 -1 1
-54 -36 5 0
-55 -37 6 0
-54 -36 6 0
-86 -14 6 1
-86 -14 5 1
-86 -14 4 1
-86 -15 6 1
-86 -15 5 1
-86 -15 4 1
-87 -13 5 1
-87 -14 4 1
-87 -15 6 1
-87 -15 5 2
-87 -15 4 1
-88 -14 5 1
-88 -14 4 1
-88 -15 6 2
-88 -15 5 1
-88 -15 4 2
-87 -14 5 2
-88 -13 5 1
-89 -13 5 0
-90 -13 5 1
-90 -14 7 1
-90 -14 6 1
-56 -18 7 1
-58 -17 4 2
-58 -17 5 1
-62 -17 6 1
-62 -16 6 1
-62 -20 3 1
-61 -20 3 1
-61 -20 4 1
-60 -22 3 1
-81 -3 4 2
-78 -1 3 1
-83 -1 4 1
-80 -2 3 1
-86 -45 8 1
-86 -44 8 2
-86 -43 8 2
-87 -48 4 1
-87 -48 5 1
-83 -48 4 1
-83 -48 6 1
-90 -48 6 1
-91 -46 8 1
-91 -46 7 1
-91 -47 8 1
-60 -39 5 0
-60 -40 6 0
-60 -39 6 0
-58 -42 5 0
-58 -42 6 0
-60 -41 7 0
-81 -46 5 0
-80 -47 6 0
-81 -47 6 0
-80 -47 5 0
-90 -44 11 1
-86 -22 4 1
-87 -20 4 1
-87 -21 4 1
-87 -22 4 1
-85 -27 7 1
-86 -27 7 1
-86 -20 4 1
-86 -19 9 1
-97 -41 9 0
-96 -43 8 0
-99 -38 9 1
-77 -13 4 1
-78 -13 5 1
-54 -29 4 0
-53 -1 6 0
-53 -1 8 0
-53 -29 5 0
-53 -1 7 0
-96 -37 10 0
-57 -4 6 0
-57 -4 9 0
-58 -6 8 0
-58 -6 7 0
-58 -4 8 0
-92 -11 3 1
-92 -12 5 1
-92 -12 4 1
-92 -12 3 1
-91 -11 4 2
-87 -12 5 0
-88 -12 5 0
-89 -10 6 1
-89 -12 5 1
-71 -35 8 0
-72 -30 1 1
-60 -18 8 0
-64 -23 5 1
-63 -20 11 0
-54 -5 2 0
-76 -13 2 1
-91 -24 4 2
-58 -21 8 0
-90 -10 5 1
-90 -11 5 1
-90 -12 5 1
-91 -10 5 1
-91 -11 5 1
-91 -12 5 2
-87 -11 6 0
-88 -11 5 0
-63 -18 8 0
-65 -18 8 0
-94 -13 11 0
-94 -13 12 0
-92 -12 11 0
-94 -11 13 0
-81 -4 11 1
-71 -6 2 1
-71 -6 3 1
-91 -47 3 1
-61 -17 8 0
-61 -17 9 0
-92 -10 10 0
-92 -13 11 0
-81 -4 7 1
-90 -15 9 1
-89 -16 7 1
-89 -16 8 1
-89 -16 9 1
-88 -16 7 1
-88 -16 8 1
-88 -16 9 2
-87 -16 7 1
-87 -16 8 1
-84 -5 9 0
-90 -13 10 1
-90 -13 6 1
-83 -5 8 1
-83 -5 9 0
-70 -45 5 0
-69 -45 6 0
-69 -45 5 0
-68 -46 5 0
-65 -6 7 1
-63 -2 9 0
-53 -1 13 0
-70 -25 6 1
-92 -13 6 2
-92 -10 9 0
-77 -17 5 1
-54 -25 6 0
-94 -4 12 2
-77 -40 8 0
-52 -25 4 0
-52 -25 7 0
-51 -26 6 0
-52 -25 5 0
-54 -26 6 0
-52 -23 5 0
-58 -10 11 0
-58 -12 10 0
-60 -10 10 0
-60 -12 10 0
-87 -15 2 1
-51 -25 5 0
-65 -34 6 1
-53 -21 6 2
-71 -40 4 2
-86 -31 -1 1
-86 -32 -1 1
-74 -41 5 0
-97 -16 11 0
-92 -1 7 1
-54 -6 8 0
-93 -2 3 1
-63 -19 9 0
-74 -36 9 0
-74 -36 6 1
-51 -8 5 0
-51 -8 4 1
-100 -17 12 0
-86 -44 4 1
-75 -49 5 0
-98 -16 12 0
-100 -14 12 0
-83 -50 5 2
-72 -22 3 1
-92 -7 16 1
-95 -23 2 1
-96 -23 4 1
-96 -23 3 1
-96 -23 2 1
-97 -23 4 1
-97 -23 3 1
-97 -23 2 1
-95 -22 5 0
-93 -21 6 1
-93 -22 6 1
-93 -22 4 1
-93 -23 6 1
-93 -23 5 1
-93 -23 4 1
-94 -21 5 1
-94 -22 6 1
-94 -22 5 1
-94 -22 4 1
-94 -23 6 1
-94 -23 5 1
-94 -23 4 1
-93 -22 5 2
-95 -22 6 0
-96 -22 7 1
-96 -22 6 1
-96 -22 5 1
-97 -22 7 1
-97 -22 6 1
-97 -22 5 1
-98 -22 7 1
-98 -22 6 1
-98 -22 5 1
-94 -21 7 0
-93 -21 4 1
-93 -21 3 1
-93 -21 2 1
-94 -21 3 2
-94 -21 2 1
-95 -19 2 1
-95 -21 4 1
-95 -21 3 1
-95 -21 2 1
-95 -22 4 1
-95 -22 3 2
-95 -22 2 1
-96 -21 4 1
-96 -21 2 1
-96 -22 4 1
-96 -22 3 2
-96 -22 2 1
-97 -20 2 1
-97 -21 4 1
-97 -21 3 2
-96 -20 3 1
-98 -21 6 1
-98 -21 5 1
-95 -21 6 1
-94 -20 3 2
-94 -20 2 1
-95 -18 2 1
-96 -19 3 1
-76 -43 2 1
-99 -35 7 2
-96 -40 5 1
-97 -37 4 0
-86 -33 4 1
-64 -10 7 0
-77 -37 5 0
-78 -37 5 0
-91 -12 11 0
-56 -1 7 0
-51 -3 7 0
-92 -44 7 0
-92 -44 10 1
-61 -5 8 1
-69 -48 5 0
-77 -7 9 2
-62 -5 9 1
-93 -46 8 1
-53 -2 8 0
-86 -2 16 1
-74 -28 1 1
-63 -13 2 1
-85 -20 5 2
-83 -15 4 1
-83 -16 4 1
-83 -17 4 1
-83 -15 9 1
-80 -40 6 0
-80 -42 7 0
-61 -4 7 1
-52 -20 8 1
-52 -21 8 1
-52 -21 7 1
-53 -19 8 1
-80 -33 5 1
-81 -33 5 1
-94 -1 0 1
-94 -1 -1 1
-53 -21 7 1
-92 -1 1 1
-92 -2 1 1
-51 -19 5 1
-93 -1 1 1
-93 -2 1 1
-51 -20 5 1
-92 -1 5 2
-92 -2 5 1
-92 -3 5 1
-92 -3 4 1
-89 -28 10 0
-89 -29 12 1
-89 -29 11 1
-89 -29 10 1
-89 -30 12 1
-89 -30 11 1
-89 -30 10 1
-99 -21 8 1
-76 -6 10 2
-99 -21 7 1
-60 -5 9 0
-94 -17 9 1
-95 -17 10 0
-63 -3 9 0
-63 -3 8 0
-63 -4 9 1
-63 -4 8 1
-64 -3 9 0
-64 -3 8 0
-64 -4 9 1
-64 -4 8 1
-94 -1 7 1
-95 -1 7 1
-72 -47 3 0
-72 -47 4 0
-75 -3 7 1
-93 -18 3 2
-93 -18 2 1
-93 -19 3 2
-93 -19 2 1
-95 -15 2 1
-94 -18 3 1
-96 -16 5 1
-96 -16 4 1
-96 -16 3 1
-96 -17 3 1
-54 -31 5 0
-54 -32 5 0
-54 -32 6 0
-54 -33 6 0
-85 -29 4 2
-54 -43 -1 1
-54 -44 0 2
-54 -44 -1 1
-54 -45 1 1
-54 -45 0 2
-54 -45 -1 1
-54 -46 1 1
-77 -39 10 0
-63 -2 5 1
-63 -2 4 1
-63 -2 3 1
-63 -3 5 1
-65 -29 10 0
-64 -31 11 0
-65 -28 11 0
-63 -31 11 0
-65 -30 11 0
-64 -30 11 0
-61 -30 11 0
-64 -31 12 0
-64 -29 12 0
-64 -30 12 0
-72 -9 4 1
-73 -9 4 1
-74 -9 4 1
-74 -10 4 1
-78 -48 1 1
-78 -49 1 1
-77 -48 2 2
-79 -47 4 1
-79 -47 3 1
-79 -47 2 1
-80 -47 4 1
-80 -47 3 1
-82 -9 5 1
-91 -12 10 0
-54 -12 1 2
-96 -39 3 1
-96 -39 2 1
-99 -41 8 0
-75 -31 8 0
-75 -32 7 0
-75 -50 4 0
-75 -32 8 0
-80 -45 9 0
-72 -50 4 0
-81 -43 11 0
-81 -43 10 0
-71 -31 1 1
-71 -31 2 2
-76 -33 5 0
-76 -32 6 0
-78 -33 6 0
-51 -7 9 0
-52 -8 9 0
-62 -6 5 1
-61 -6 4 1
-54 -7 9 0
-100 -17 7 1
-100 -13 7 1
-88 -42 7 1
-54 -6 9 0
-73 -3 10 0
-98 -36 5 1
-54 -5 7 0
-98 -36 6 1
-98 -35 4 1
-98 -35 5 1
-98 -35 6 1
-98 -34 4 1
-98 -34 5 1
-56 -22 4 2
-57 -20 5 2
-57 -20 4 1
-57 -21 6 1
-57 -21 4 1
-57 -22 6 1
-57 -42 6 0
-88 -28 -1 1
-88 -29 -1 1
-87 -28 0 2
-85 -31 6 1
-86 -30 4 1
-86 -32 7 1
-86 -32 6 1
-86 -32 5 2
-87 -32 7 1
-87 -32 6 2
-87 -32 5 2
-52 -30 0 1
-52 -30 -1 1
-51 -31 7 0
-88 -7 7 2
-65 -40 1 1
-66 -2 9 0
-66 -2 8 0
-89 -43 11 1
-89 -44 11 1
-87 -42 10 1
-87 -42 9 1
-87 -42 8 1
-87 -43 10 2
-87 -43 9 2
-87 -44 10 2
-87 -44 9 2
-70 -50 1 1
-70 -48 2 0
-71 -49 2 0
-69 -49 1 1
-71 -50 0 2
-71 -50 1 1
-89 -23 9 1
-89 -23 10 2
-88 -23 10 1
-87 -25 10 1
-87 -24 10 1
-87 -23 10 1
-81 -6 4 1
-92 -30 8 1
-78 -16 6 2
-92 -30 9 1
-92 -30 10 1
-92 -29 8 1
-92 -29 9 1
-92 -29 10 1
-92 -28 8 2
-92 -28 9 2
-92 -28 10 1
-91 -30 10 1
-91 -29 10 1
-91 -28 8 2
-91 -28 9 2
-91 -28 10 1
-90 -30 10 1
-90 -29 10 1
-90 -28 8 1
-90 -28 9 1
-91 -26 8 1
-92 -27 8 1
-91 -27 8 1
-90 -27 8 1
-78 -9 4 1
-77 -7 4 1
-69 -43 6 0
-69 -43 7 0
-69 -43 8 0
-69 -43 9 0
-65 -44 7 0
-66 -41 5 1
-67 -42 6 0
-66 -41 7 0
-66 -46 7 0
-69 -44 8 0
-69 -44 9 0
-90 -27 10 1
-91 -27 9 1
-91 -27 10 1
-91 -27 11 1
-91 -26 9 1
-91 -26 10 2
-91 -25 9 1
-91 -25 10 2
-91 -24 9 1
-91 -24 10 1
-92 -27 10 2
-93 -28 9 1
-65 -37 -1 1
-93 -28 10 1
-93 -28 11 1
-93 -27 9 1
-93 -27 10 1
-93 -27 11 1
-93 -26 9 2
-93 -26 10 1
-93 -26 11 1
-92 -28 11 1
-92 -27 9 2
-92 -27 11 1
-92 -26 9 1
-92 -26 10 2
-92 -26 11 1
-91 -28 11 1
-91 -25 8 0
-93 -29 6 1
-93 -29 7 1
-93 -29 8 1
-93 -28 7 1
-93 -28 8 1
-93 -27 7 2
-93 -27 8 1
-90 -23 8 1
-90 -22 6 1
-66 -20 8 0
-90 -22 7 2
-90 -22 8 1
-89 -22 6 1
-89 -22 7 1
-89 -22 8 1
-91 -26 7 0
-90 -15 7 0
-90 -16 7 0
-91 -16 6 0
-94 -17 5 2
-94 -17 6 2
-93 -17 5 1
-93 -17 6 1
-92 -17 5 1
-92 -17 6 1
-92 -17 7 1
-91 -16 5 0
-90 -17 6 0
-89 -18 5 1
-89 -18 6 1
-88 -18 5 1
-88 -18 6 1
-87 -18 5 1
-87 -18 6 1
-94 -16 4 2
-94 -15 4 1
-94 -14 4 1
-93 -16 4 2
-91 -17 5 0
-91 -18 2 1
-91 -18 3 1
-91 -17 2 1
-90 -18 2 1
-90 -18 3 2
-89 -18 2 1
-89 -18 3 1
-93 -14 2 1
-93 -13 2 1
-93 -12 2 1
-93 -16 2 1
-85 -32 0 2
-85 -33 0 2
-55 -32 7 0
-85 -31 2 1
-93 -26 4 1
-92 -27 3 1
-92 -27 4 1
-76 -3 1 1
-76 -3 2 1
-85 -46 5 2
-85 -46 4 1
-85 -46 3 1
-58 -8 7 0
-74 -33 7 0
-74 -32 7 0
-74 -33 8 0
-74 -32 8 0
-75 -33 7 0
-75 -33 8 0
-74 -34 9 0
-80 -33 2 1
-74 -34 6 0
-74 -34 5 0
-73 -32 7 0
-55 -18 1 1
-84 -28 3 1
-84 -27 3 1
-52 -14 2 2
-53 -14 2 1
-54 -14 2 1
-51 -13 4 1
-51 -13 3 1
-51 -14 5 1
-59 -11 7 0
-59 -8 7 0
-59 -8 9 0
-59 -8 8 0
-97 -43 8 0
-95 -41 10 0
-62 -13 9 0
-95 -39 11 1
-90 -48 12 1
-56 -44 0 1
-51 -45 1 1
-55 -45 2 0
-52 -46 3 0
-52 -45 1 1
-55 -46 2 0
-51 -44 1 1
-52 -41 2 0
-51 -40 1 1
-54 -48 4 0
-56 -46 3 0
-53 -48 3 1
-56 -48 2 0
-53 -43 1 1
-55 -49 2 0
-54 -50 3 1
-53 -46 1 1
-52 -49 3 1
-52 -48 3 1
-57 -48 1 1
-55 -50 -1 1
-55 -50 0 1
-54 -50 -1 1
-53 -50 -1 1
-56 -50 -1 1
-56 -50 0 2
-57 -49 -1 1
-57 -49 0 2
-57 -49 1 1
-57 -48 -1 1
-57 -48 0 2
-57 -47 -1 1
-58 -27 10 0
-51 -12 7 0
-58 -36 4 0
-58 -36 2 0
-59 -36 2 0
-60 -38 3 0
-59 -38 2 0
-98 -9 9 0
-88 -42 6 1
-69 -48 2 0
-99 -9 3 1
-99 -9 4 1
-99 -9 5 1
-99 -8 3 1
-99 -8 4 1
-99 -8 5 1
-65 -50 3 0
-65 -50 1 1
-58 -43 2 0
-58 -42 2 0
-59 -24 5 2
-59 -23 4 1
-59 -23 5 2
-58 -22 7 0
-57 -21 5 2
-58 -22 4 1
-58 -22 5 1
-58 -21 5 2
-58 -21 6 1
-58 -20 4 2
-58 -20 5 2
-58 -20 6 1
-57 -22 5 2
-60 -26 9 0
-61 -27 8 0
-75 -50 0 1
-91 -3 17 0
-92 -6 14 1
-92 -6 15 1
-92 -6 16 1
-92 -5 14 1
-92 -5 15 2
-84 -36 5 1
-86 -36 6 1
-86 -35 6 1
-85 -36 6 1
-85 -35 6 1
-84 -36 6 1
-84 -35 6 1
-83 -35 6 1
-82 -35 6 2
-83 -36 2 1
-86 -47 10 0
-54 -7 0 1
-86 -48 10 0
-54 -7 -1 1
-85 -49 8 0
-99 -15 7 2
-99 -15 8 1
-99 -15 9 1
-86 -49 8 0
-98 -17 7 1
-98 -17 8 2
-98 -17 9 1
-83 -1 15 1
-83 -1 14 1
-77 -42 5 2
-77 -42 9 0
-79 -2 11 1
-79 -2 10 1
-80 -5 3 1
-90 -17 10 1
-90 -17 9 1
-91 -15 11 1
-79 -14 6 1
-79 -14 5 1
-55 -5 7 0
-58 -14 4 1
-57 -13 4 2
-60 -15 3 1
-60 -16 3 1
-60 -15 2 1
-60 -15 1 2
-60 -15 0 1
-60 -16 2 1
-60 -16 1 1
-60 -16 0 1
-76 -10 11 1
-77 -8 11 1
-77 -9 11 1
-78 -9 11 1
-79 -11 4 1
-79 -12 4 1
-79 -13 4 1
-80 -11 4 1
-80 -12 4 1
-80 -13 4 1
-80 -12 8 1
-78 -5 5 1
-52 -5 1 1
-52 -5 0 2
-88 -29 1 1
-88 -29 0 1
-73 -44 5 0
-72 -49 1 1
-86 -24 2 1
-87 -24 2 1
-72 -44 5 0
-76 -12 2 1
-99 -16 8 2
-95 -3 3 1
-99 -16 7 1
-99 -41 9 0
-99 -17 9 1
-99 -42 8 0
-100 -42 9 0
-100 -42 8 0
-95 -37 9 0
-95 -37 8 0
-96 -38 9 0
-97 -40 11 0
-98 -40 11 0
-98 -40 10 0
-63 -37 5 0
-64 -36 -1 1
-64 -36 0 1
-86 -45 10 1
-91 -10 7 2
-85 -41 6 1
-86 -44 6 2
-88 -47 5 1
-88 -47 6 1
-88 -47 7 1
-96 -36 5 0
-76 -40 9 0
-79 -39 9 0
-79 -37 8 0
-96 -13 10 0
-70 -36 4 2
-96 -13 11 0
-92 -20 7 1
-92 -20 6 1
-92 -21 8 1
-92 -21 7 1
-92 -21 6 1
-92 -22 8 1
-92 -22 7 1
-92 -22 6 1
-93 -23 8 0
-94 -24 9 0
-92 -22 9 1
-92 -23 9 0
-94 -25 10 1
-94 -25 9 1
-94 -26 10 2
-94 -26 9 1
-94 -27 10 1
-94 -27 9 1
-88 -22 11 1
-88 -22 10 1
-89 -22 11 1
-89 -22 10 1
-90 -22 10 1
-90 -22 9 1
-90 -23 11 1
-90 -23 10 1
-93 -23 9 0
-91 -22 10 0
-93 -23 10 0
-55 -30 -1 1
-56 -28 1 1
-91 -28 2 1
-56 -28 -1 1
-56 -29 1 1
-56 -29 0 1
-56 -29 -1 1
-56 -30 1 1
-56 -30 0 1
-56 -30 -1 1
-55 -29 0 2
-55 -29 9 0
-52 -31 7 0
-53 -31 6 0
-55 -31 6 0
-55 -33 5 0
-57 -31 7 0
-57 -31 6 0
-55 -25 4 0
-52 -26 4 0
-52 -26 7 0
-51 -29 7 0
-52 -29 6 0
-53 -29 6 0
-52 -29 5 0
-82 -32 2 1
-81 -37 8 1
-81 -38 8 1
-81 -39 8 1
-82 -37 8 1
-82 -38 8 2
-83 -37 8 1
-83 -38 8 1
-79 -34 8 1
-79 -35 8 1
-79 -36 8 1
-80 -34 8 1
-80 -35 8 1
-81 -34 8 1
-81 -35 8 1
-81 -36 8 1
-77 -34 4 1
-77 -34 5 1
-76 -36 6 0
-55 -28 2 0
-73 -45 5 0
-73 -46 6 0
-73 -47 5 0
-72 -49 5 0
-81 -1 3 1
-83 -1 7 1
-67 -42 7 0
-74 -42 7 0
-73 -45 7 0
-71 -46 7 0
-68 -45 7 0
-57 -24 3 1
-57 -25 3 1
-58 -24 3 1
-58 -25 3 1
-59 -24 3 1
-59 -25 3 1
-55 -25 5 0
-53 -25 4 0
-54 -28 6 0
-52 -28 5 0
-56 -27 2 0
-56 -27 3 0
-56 -27 10 0
-55 -24 8 0
-56 -26 6 0
-59 -24 11 0
-59 -24 10 0
-59 -24 9 0
-57 -26 9 0
-58 -26 8 0
-57 -27 7 0
-57 -26 7 0
-59 -27 9 0
-68 -43 6 0
-66 -43 7 0
-69 -39 6 1
-74 -43 5 0
-74 -43 7 0
-70 -43 7 0
-70 -43 8 0
-70 -43 9 0
-71 -44 -1 1
-71 -44 0 1
-71 -44 1 1
-70 -44 -1 1
-70 -44 0 1
-70 -44 1 1
-59 -27 8 0
-59 -26 8 0
-59 -28 7 0
-59 -27 7 0
-59 -26 7 0
-62 -26 9 0
-61 -23 8 0
-57 -21 9 0
-56 -24 9 0
-57 -24 8 0
-59 -21 8 0
-64 -20 2 1
-65 -18 2 1
-65 -19 2 1
-65 -20 2 1
-67 -41 7 0
-66 -6 4 1
-69 -8 4 1
-87 -50 9 1
-79 -40 11 0
-79 -40 10 0
-71 -7 3 1
-71 -7 2 1
-55 -7 11 0
-55 -6 11 0
-54 -6 11 0
-55 -7 10 0
-86 -50 5 2
-85 -50 5 2
-85 -50 6 1
-59 -7 9 0
-60 -7 11 0
-59 -7 10 0
-60 -7 10 0
-74 -5 8 2
-63 -7 7 2
-73 -1 9 1
-73 -1 8 1
-74 -1 9 1
-74 -1 8 1
-74 -2 9 1
-74 -2 8 2
-57 -4 1 1
-57 -4 2 0
-55 -7 3 2
-56 -8 3 1
-56 -8 4 1
-56 -7 3 2
-56 -7 4 1
-56 -6 3 1
-56 -6 4 1
-55 -8 3 2
-55 -8 4 1
-55 -7 4 1
-55 -6 3 1
-54 -8 3 2
-54 -8 4 1
-54 -7 3 1
-56 -4 -1 1
-56 -4 0 2
-60 -10 9 0
-74 -3 9 1
-74 -3 8 2
-87 -2 4 1
-88 -1 6 1
-51 -2 9 0
-88 -2 4 1
-89 -1 6 1
-84 -10 8 2
-71 -48 0 1
-88 -5 6 2
-88 -6 6 2
-95 -9 7 1
-65 -1 8 0
-65 -2 9 0
-65 -2 8 0
-84 -11 6 2
-66 -1 8 0
-54 -1 12 0
-100 -38 6 1
-53 -2 12 0
-100 -37 5 1
-100 -37 6 2
-63 -9 1 1
-63 -9 0 2
-51 -26 3 0
-51 -26 2 0
-52 -25 2 0
-53 -28 3 0
-53 -28 2 0
-51 -30 4 0
-52 -30 5 0
-51 -24 3 0
-51 -24 2 0
-52 -26 3 0
-52 -26 2 0
-81 -38 9 2
-81 -37 9 1
-82 -42 3 1
-82 -42 2 1
-53 -27 6 0
-55 -27 7 0
-53 -27 8 0
-54 -25 8 0
-56 -24 8 0
-56 -25 5 0
-59 -25 8 0
-59 -30 8 0
-56 -29 6 0
-56 -30 6 0
-56 -31 6 0
-56 -29 7 0
-56 -30 7 0
-56 -31 8 0
-55 -29 6 0
-54 -29 6 0
-54 -30 6 0
-54 -29 7 0
-54 -30 8 0
-70 -26 4 1
-70 -26 5 2
-70 -26 6 2
-69 -26 4 1
-55 -6 6 0
-97 -40 4 0
-93 -4 11 1
-56 -10 3 2
-57 -5 10 0
-58 -4 10 0
-59 -7 8 0
-57 -7 10 0
-66 -30 6 1
-73 -32 12 0
-72 -31 13 0
-63 -15 8 0
-90 -2 7 1
-90 -1 7 1
-89 -2 7 1
-89 -1 7 1
-51 -29 6 0
-51 -29 5 0
-53 -35 7 0
-54 -37 5 0
-56 -36 5 0
-55 -35 6 0
-55 -35 5 0
-54 -34 6 0
-54 -35 6 0
-53 -36 6 0
-52 -36 5 0
-100 -39 7 1
-99 -39 7 1
-98 -37 7 0
-54 -8 6 0
-59 -39 5 0
-84 -9 8 1
-97 -2 11 1
-70 -3 7 2
-89 -41 7 1
-83 -9 8 2
-56 -5 4 0
-78 -7 7 1
-97 -35 9 1
-97 -36 11 1
-88 -16 5 2
-88 -16 6 1
-87 -16 5 1
-87 -16 6 1
-86 -16 4 1
-86 -16 5 1
-86 -16 6 1
-92 -14 4 2
-90 -15 4 1
-92 -13 3 2
-93 -12 5 1
-57 -13 7 0
-54 -14 6 1
-99 -16 9 1
-81 -6 5 1
-75 -3 0 1
-75 -4 0 1
-70 -3 -1 1
-70 -4 -1 1
-70 -5 -1 1
-70 -8 2 1
-70 -8 0 1
-71 -3 0 2
-72 -3 0 2
-73 -3 0 1
-94 -19 11 0
-65 -33 10 0
-63 -35 7 1
-75 -3 2 1
-75 -4 3 1
-75 -4 2 1
-61 -28 11 0
-62 -28 12 0
-60 -29 12 0
-61 -29 11 0
-63 -29 11 0
-72 -2 1 1
-60 -30 11 0
-63 -27 11 0
-62 -29 10 0
-81 -6 3 1
-53 -4 6 0
-69 -3 8 1
-82 -31 11 1
-72 -48 4 0
-76 -7 7 1
-72 -6 1 1
-63 -7 1 1
-79 -46 7 0
-80 -45 6 0
-80 -45 7 0
-81 -46 4 0
-53 -33 -1 1
-54 -32 1 1
-54 -32 0 1
-77 -29 5 1
-77 -28 3 1
-77 -28 4 1
-77 -28 5 1
-76 -29 3 1
-76 -29 5 1
-76 -28 3 1
-76 -28 4 2
-76 -28 5 1
-75 -30 3 1
-75 -30 4 1
-75 -29 3 1
-75 -29 4 1
-75 -29 5 1
-75 -28 3 2
-75 -28 4 1
-75 -28 5 1
-75 -31 5 1
-76 -33 7 0
-71 -34 7 0
-70 -35 7 0
-69 -29 8 0
-72 -31 6 0
-74 -30 6 0
-75 -29 6 0
-70 -34 7 0
-70 -31 7 0
-69 -31 7 0
-71 -30 6 0
-71 -29 6 0
-71 -28 5 0
-71 -27 5 1
-74 -28 6 0
-75 -31 6 0
-100 -43 9 0
-99 -44 8 0
-99 -44 9 1
-99 -43 8 0
-99 -43 9 1
-51 -5 0 2
-51 -5 -1 1
-71 -39 3 1
-53 -45 3 0
-54 -44 3 0
-52 -46 2 0
-52 -47 2 0
-57 -50 4 0
-52 -48 -1 1
-52 -48 0 2
-52 -48 1 1
-51 -48 -1 1
-51 -48 0 1
-51 -48 1 1
-58 -49 2 0
-57 -48 3 0
-58 -50 3 0
-54 -47 -1 1
-54 -47 0 2
-53 -47 -1 1
-53 -47 0 2
-55 -46 -1 1
-55 -46 0 2
-55 -46 1 1
-55 -45 -1 1
-55 -45 0 2
-55 -45 1 1
-55 -44 -1 1
-55 -44 0 1
-57 -50 3 0
-56 -44 1 1
-55 -50 2 0
-57 -49 2 0
-56 -50 3 0
-56 -50 2 0
-57 -49 3 0
-55 -50 3 0
-56 -49 3 0
-55 -49 4 0
-54 -42 1 1
-52 -41 -1 1
-53 -45 2 0
-52 -40 1 1
-53 -40 1 1
-53 -46 2 0
-56 -50 1 1
-55 -45 3 0
-55 -46 3 0
-53 -47 2 0
-54 -47 2 0
-54 -50 0 1
-54 -49 0 2
-54 -49 2 1
-54 -48 0 2
-54 -48 2 1
-53 -50 0 1
-53 -50 2 1
-53 -49 0 1
-53 -49 2 2
-53 -48 0 2
-53 -48 2 1
-52 -50 0 1
-52 -50 1 1
-56 -48 1 1
-52 -49 0 1
-52 -49 1 1
-52 -49 2 1
-52 -48 2 1
-53 -49 -1 1
-53 -48 -1 1
-52 -49 -1 1
-51 -49 -1 1
-51 -49 0 1
-51 -49 1 1
-55 -48 -1 1
-55 -48 0 2
-55 -47 -1 1
-55 -47 0 2
-54 -48 -1 1
-55 -43 -1 1
-55 -43 0 1
-55 -43 1 1
-52 -39 0 1
-53 -46 4 0
-52 -39 -1 1
-53 -48 1 1
-52 -43 3 0
-52 -46 1 1
-51 -43 2 1
-55 -50 1 1
-52 -50 2 1
-51 -39 -1 1
-51 -38 0 1
-52 -50 3 1
-54 -46 4 0
-51 -39 1 1
-56 -49 2 0
-54 -47 1 1
-57 -48 2 0
-54 -42 -1 1
-51 -40 0 2
-51 -38 1 1
-55 -47 4 0
-55 -49 3 0
-52 -40 -1 1
-52 -40 0 1
-53 -40 0 1
-53 -45 0 2
-53 -46 -1 1
-51 -41 2 0
-51 -40 -1 1
-53 -43 0 2
-55 -49 1 1
-52 -47 3 0
-55 -47 2 0
-51 -43 1 1
-56 -45 2 0
-55 -48 2 0
-54 -49 -1 1
-56 -46 1 1
-56 -49 -1 1
-56 -49 0 2
-56 -49 1 1
-56 -48 -1 1
-56 -48 0 2
-56 -47 -1 1
-56 -47 0 2
-56 -47 1 1
-55 -49 -1 1
-55 -49 0 2
-56 -46 -1 1
-56 -46 0 1
-56 -45 -1 1
-56 -45 0 1
-56 -44 -1 1
-63 -33 8 0
-91 -31 7 1
-91 -30 5 1
-91 -30 6 1
-91 -30 7 1
-91 -29 5 1
-91 -29 6 2
-91 -29 7 1
-90 -31 5 1
-90 -31 6 2
-52 -20 7 2
-51 -19 6 1
-83 -24 3 1
-58 -12 5 1
-58 -12 4 2
-58 -13 5 1
-58 -13 4 1
-58 -14 5 1
-82 -33 5 2
-82 -34 6 2
-82 -34 5 2
-82 -34 4 2
-83 -32 6 1
-83 -33 6 1
-83 -34 6 1
-83 -34 5 2
-83 -34 4 2
-84 -34 6 1
-97 -20 6 2
-97 -19 5 2
-97 -19 6 1
-97 -18 5 1
-97 -18 6 1
-92 -22 4 1
-92 -22 5 1
-91 -22 5 1
-90 -22 5 1
-96 -20 4 2
-95 -20 4 1
-94 -20 4 1
-68 -1 2 1
-76 -49 6 0
-65 -18 -1 1
-65 -18 0 1
-76 -32 1 1
-76 -27 2 1
-76 -28 2 1
-89 -13 9 1
-89 -13 8 1
-74 -6 8 2
-63 -7 6 2
-87 -46 5 1
-89 -47 5 1
-89 -47 4 1
-91 -45 4 1
-100 -35 4 1
-85 -2 4 2
-97 -11 8 1
-97 -11 10 0
-97 -14 12 0
-100 -16 6 1
-100 -15 6 1
-100 -14 6 1
-99 -16 6 1
-97 -13 12 0
-98 -12 11 0
-96 -14 11 0
-85 -8 2 1
-93 -22 3 1
-64 -7 10 0
-58 -16 4 1
-59 -14 4 1
-59 -15 4 2
-59 -16 4 2
-60 -14 4 1
-60 -15 4 2
-60 -16 4 2
-62 -14 -1 1
-62 -15 -1 1
-79 -33 3 2
-63 -11 1 1
-63 -11 0 2
-63 -11 -1 1
-63 -12 0 1
-63 -12 -1 1
-63 -13 0 1
-63 -13 -1 1
-62 -9 1 1
-62 -9 0 2
-62 -9 -1 1
-62 -10 1 1
-62 -10 0 2
-62 -10 -1 1
-58 -8 -1 1
-59 -8 -1 1
-60 -8 -1 1
-60 -8 0 1
-60 -10 2 1
-56 -9 -1 1
-56 -11 4 1
-67 -7 8 0
-67 -7 9 0
-67 -7 12 0
-65 -8 11 0
-65 -8 10 0
-67 -9 10 0
-67 -7 11 0
-67 -7 10 0
-65 -5 11 0
-65 -5 10 0
-65 -7 11 0
-66 -7 11 0
-64 -9 3 1
-65 -7 10 0
-66 -7 10 0
-60 -6 2 1
-60 -6 1 1
-60 -6 0 1
-61 -6 2 1
-61 -6 1 2
-61 -6 0 1
-62 -6 2 2
-62 -6 1 1
-62 -6 0 1
-62 -7 2 1
-62 -7 1 2
-62 -7 0 1
-69 -6 4 1
-54 -11 1 1
-70 -2 2 1
-62 -10 2 1
-62 -9 2 1
-63 -16 11 0
-61 -18 8 0
-61 -18 9 0
-64 -10 1 2
-64 -10 0 1
-64 -10 -1 1
-96 -5 18 0
-96 -5 17 0
-96 -7 16 0
-98 -5 15 0
-97 -5 15 0
-99 -12 12 0
-100 -11 5 2
-52 -36 4 0
-52 -35 3 0
-53 -36 3 0
-53 -36 4 0
-78 -38 3 1
-76 -42 2 1
-76 -41 2 2
-79 -46 3 1
-79 -46 4 0
-78 -45 3 1
-78 -45 4 0
-85 -42 9 2
-85 -44 10 1
-85 -43 10 2
-85 -42 10 2
-86 -46 8 1
-86 -47 9 0
-86 -47 7 0
-98 -35 7 1
-98 -34 7 1
-100 -36 3 1
-99 -36 3 1
-89 -44 7 1
-89 -45 8 1
-67 -21 11 0
-73 -48 6 0
-97 -5 17 0
-98 -5 16 0
-95 -39 6 1
-85 -49 10 0
-95 -38 5 1
-95 -38 6 1
-97 -3 4 1
-97 -2 2 1
-72 -47 6 0
-71 -47 6 0
-72 -46 5 0
-72 -46 6 0
-55 -21 2 1
-55 -20 2 1
-56 -8 8 0
-83 -8 8 2
-89 -45 9 0
-73 -1 0 2
-73 -1 -1 1
-73 -2 -1 1
-73 -3 -1 1
-72 -2 4 1
-70 -3 3 1
-94 -41 11 1
-73 -6 0 1
-72 -2 3 1
-74 -1 0 2
-94 -43 10 2
-90 -41 11 1
-76 -2 0 1
-90 -43 11 1
-74 -1 4 2
-75 -1 4 1
-88 -41 10 1
-76 -2 4 1
-88 -43 10 2
-90 -44 8 1
-89 -44 9 1
-88 -1 8 2
-88 -2 7 1
-88 -2 8 1
-92 -43 10 1
-90 -44 9 1
-90 -45 8 1
-92 -45 9 0
-92 -45 8 0
-73 -1 2 1
-90 -40 6 1
-90 -40 5 1
-89 -41 5 1
-89 -41 4 1
-89 -42 5 2
-89 -42 4 1
-89 -42 10 2
-89 -43 10 2
-90 -43 10 1
-91 -43 10 1
-76 -6 4 1
-76 -7 4 1
-89 -13 6 1
-89 -14 6 1
-89 -13 10 1
-89 -14 10 2
-86 -15 9 1
-86 -15 8 1
-86 -15 7 1
-87 -15 9 1
-78 -11 6 1
-79 -11 5 1
-79 -12 7 1
-82 -43 6 1
-86 -43 3 1
-86 -42 3 1
-85 -43 3 1
-85 -42 3 1
-84 -44 3 1
-100 -4 6 1
-84 -42 3 1
-100 -3 5 1
-68 -4 4 2
-73 -5 3 1
-69 -4 2 1
-71 -6 1 1
-71 -4 2 1
-71 -4 3 2
-70 -4 2 1
-70 -4 3 1
-69 -4 3 1
-71 -6 4 1
-71 -5 4 1
-71 -6 0 1
-71 -5 0 1
-64 -37 6 1
-85 -48 6 1
-84 -48 5 2
-57 -29 5 0
-97 -1 -1 1
-97 -1 0 1
-64 -15 8 0
-63 -15 7 0
-63 -15 6 1
-70 -24 6 1
-100 -36 9 2
-97 -1 1 1
-64 -7 8 1
-66 -5 6 1
-92 -2 6 1
-78 -30 12 0
-79 -31 12 0
-79 -32 12 0
-79 -29 12 0
-78 -29 10 0
-80 -31 12 0
-80 -29 12 0
-81 -30 12 0
-80 -32 12 0
-81 -31 11 0
-81 -32 11 1
-81 -31 12 0
-82 -30 12 0
-83 -34 10 1
-83 -34 11 1
-83 -34 12 1
-82 -34 10 1
-82 -34 11 1
-82 -34 12 1
-82 -33 12 1
-82 -32 12 1
-81 -34 10 1
-81 -34 11 1
-81 -34 12 1
-81 -33 10 1
-81 -33 11 1
-81 -33 12 1
-81 -32 10 1
-81 -32 12 1
-81 -31 9 0
-81 -29 8 1
-81 -29 9 1
-81 -27 7 1
-80 -29 7 1
-80 -29 8 1
-80 -28 7 1
-80 -27 7 1
-81 -30 8 0
-96 -14 8 1
-96 -14 9 0
-84 -33 13 1
-84 -33 12 1
-85 -33 13 1
-85 -33 12 1
-83 -28 9 1
-82 -28 9 1
-83 -25 10 1
-83 -25 9 1
-83 -25 8 1
-83 -26 10 1
-83 -26 9 1
-80 -5 6 1
-80 -5 7 1
-87 -14 11 1
-79 -6 7 1
-64 -34 3 2
-74 -2 1 1
-82 -42 6 1
-82 -42 8 0
-82 -42 7 0
-80 -48 2 1
-80 -49 4 1
-80 -49 3 1
-80 -49 2 1
-80 -50 4 1
-80 -50 3 1
-78 -15 5 1
-80 -50 2 1
-79 -49 3 2
-78 -49 4 1
-78 -47 4 0
-87 -32 11 1
-87 -32 9 1
-73 -43 7 0
-72 -46 7 0
-64 -19 7 0
-66 -21 7 0
-68 -19 6 0
-67 -19 6 0
-60 -19 8 0
-64 -18 2 1
-67 -21 5 1
-70 -17 5 1
-70 -17 4 1
-70 -17 3 1
-70 -18 5 1
-70 -18 4 1
-70 -18 3 1
-70 -19 5 1
-89 -27 7 0
-77 -1 9 1
-80 -47 7 0
-80 -44 6 0
-81 -45 6 0
-80 -44 7 0
-81 -45 7 0
-69 -45 3 0
-68 -46 4 0
-75 -35 10 0
-81 -45 4 0
-79 -18 5 2
-79 -18 6 2
-93 -37 7 2
-76 -15 4 1
-76 -14 4 1
-80 -13 2 1
-92 -25 3 1
-82 -33 0 1
-64 -49 0 1
-64 -49 -1 1
-64 -48 5 0
-65 -49 5 0
-63 -47 4 0
-65 -49 4 0
-63 -50 6 0
-64 -50 5 0
-87 -22 8 2
-87 -20 8 1
-86 -28 2 1
-86 -29 1 1
-86 -29 2 1
-86 -28 0 1
-63 -3 3 1
-63 -4 5 2
-63 -4 4 2
-63 -4 3 1
-79 -15 4 1
-86 -30 0 2
-86 -31 1 1
-77 -15 8 2
-80 -15 2 1
-84 -30 8 1
-89 -27 9 1
-87 -25 9 1
-88 -27 9 0
-86 -26 10 0
-92 -14 11 0
-84 -2 1 1
-89 -32 4 1
-85 -1 1 1
-85 -2 1 1
-86 -4 2 1
-87 -2 2 1
-53 -6 4 0
-53 -4 4 0
-53 -4 3 0
-54 -2 8 0
-90 -40 11 1
-92 -46 9 1
-56 -24 7 0
-57 -23 8 0
-56 -24 4 1
-56 -24 5 1
-56 -23 5 2
-55 -22 7 1
-55 -21 7 1
-56 -21 7 1
-55 -19 4 1
-55 -19 5 1
-55 -19 6 2
-61 -22 4 1
-61 -22 5 1
-56 -25 7 0
-55 -24 7 0
-55 -24 6 1
-56 -23 8 0
-72 -1 0 2
-72 -1 1 1
-72 -1 2 1
-54 -23 7 0
-57 -20 7 1
-59 -9 1 2
-77 -34 0 1
-78 -34 0 1
-78 -35 0 1
-57 -43 2 0
-58 -43 3 0
-93 -17 1 1
-86 -43 5 2
-86 -42 4 1
-86 -41 4 1
-86 -41 5 1
-98 -11 11 0
-99 -12 10 0
-100 -11 8 1
-100 -11 10 0
-100 -11 9 0
-99 -9 10 0
-98 -1 3 1
-97 -2 4 1
-86 -47 4 1
-86 -48 6 1
-73 -28 9 0
-71 -30 9 0
-70 -29 9 0
-73 -47 3 0
-70 -46 5 0
-71 -46 6 0
-70 -46 6 0
-72 -45 5 0
-72 -45 6 0
-71 -48 5 0
-70 -48 5 0
-71 -48 6 0
-89 -1 3 1
-73 -44 4 1
-73 -44 3 1
-72 -46 4 1
-73 -44 2 1
-73 -45 4 1
-87 -2 11 1
-89 -2 9 1
-85 -3 15 1
-86 -34 1 1
-61 -46 -1 1
-61 -46 0 1
-61 -45 -1 1
-61 -45 0 1
-61 -44 -1 1
-74 -42 4 0
-61 -44 0 2
-75 -42 4 1
-57 -11 4 1
-95 -10 10 0
-95 -10 8 1
-97 -10 9 0
-97 -10 10 0
-97 -10 8 1
-98 -10 9 0
-98 -10 10 0
-79 -2 9 1
-80 -6 8 1
-80 -6 9 1
-80 -5 8 2
-79 -14 7 1
-80 -13 9 2
-81 -14 8 2
-81 -14 9 1
-81 -14 10 1
-81 -13 8 1
-81 -13 9 1
-81 -13 10 1
-81 -12 8 2
-81 -12 9 1
-81 -12 10 1
-80 -14 8 2
-80 -14 9 1
-80 -14 10 1
-80 -13 8 2
-80 -13 10 1
-79 -14 8 2
-79 -14 9 1
-79 -14 10 1
-79 -13 8 1
-79 -13 9 1
-79 -13 10 1
-85 -4 15 1
-85 -4 16 1
-85 -4 17 0
-61 -13 2 2
-87 -1 17 0
-59 -12 2 1
-89 -3 14 1
-89 -2 15 2
-89 -2 16 1
-89 -5 17 0
-51 -15 5 1
-90 -6 15 2
-90 -6 14 1
-91 -5 16 1
-91 -5 15 2
-91 -5 14 1
-91 -6 16 1
-91 -6 15 2
-91 -6 14 1
-90 -4 17 0
-92 -4 16 1
-92 -4 15 2
-92 -4 14 1
-52 -4 11 0
-51 -14 4 1
-51 -14 3 1
-51 -14 2 2
-51 -15 4 1
-85 -2 3 2
-56 -5 9 0
-57 -5 8 0
-86 -2 3 1
-84 -18 4 1
-57 -8 1 1
-57 -8 0 1
-58 -8 1 1
-80 -42 11 0
-79 -2 3 1
-80 -47 2 1
-81 -47 4 1
-81 -47 3 1
-81 -47 2 1
-75 -49 2 1
-75 -49 1 1
-75 -50 2 1
-76 -49 2 1
-64 -6 2 1
-76 -49 1 1
-77 -49 2 2
-63 -6 2 2
-77 -49 1 1
-63 -5 2 1
-75 -38 3 0
-75 -38 4 0
-75 -37 3 1
-75 -37 4 0
-77 -36 3 1
-74 -37 3 1
-78 -37 3 1
-78 -37 4 0
-80 -39 1 1
-80 -38 1 1
-80 -37 1 1
-80 -37 2 1
-80 -37 3 1
-79 -38 1 1
-79 -37 1 1
-79 -37 2 1
-79 -37 3 1
-78 -37 1 1
-78 -37 2 1
-76 -42 1 1
-52 -4 10 0
-52 -3 10 0
-52 -3 11 0
-51 -4 10 0
-51 -4 11 0
-51 -3 10 0
-81 -5 3 1
-86 -6 2 2
-86 -5 4 1
-86 -5 2 1
-85 -6 4 1
-62 -38 4 0
-89 -50 5 1
-78 -39 10 0
-63 -1 4 1
-88 -50 5 1
-65 -2 3 2
-51 -31 6 0
-87 -50 5 1
-53 -1 10 0
-66 -3 4 1
-66 -2 3 1
-66 -2 4 1
-66 -1 2 1
-66 -1 3 1
-66 -1 4 1
-65 -3 3 1
-65 -3 4 1
-65 -2 4 1
-65 -1 2 1
-65 -1 3 1
-65 -1 4 1
-64 -3 2 1
-64 -3 3 1
-64 -3 4 1
-64 -2 2 2
-64 -2 3 2
-64 -2 4 1
-64 -1 2 1
-64 -1 3 1
-64 -1 4 1
-77 -17 7 1
-78 -18 7 1
-78 -18 8 1
-77 -18 7 1
-90 -43 12 1
-62 -1 2 1
-89 -43 12 1
-92 -48 12 1
-92 -47 12 1
-91 -48 12 1
-91 -47 12 1
-64 -1 5 0
-64 -2 5 1
-65 -1 5 0
-63 -3 2 1
-63 -2 2 1
-63 -1 2 1
-83 -50 7 1
-84 -50 9 0
-83 -50 9 0
-86 -50 8 0
-86 -49 9 0
-86 -49 6 1
-88 -50 9 1
-88 -49 6 0
-60 -38 2 0
-56 -40 4 0
-56 -42 5 0
-54 -41 5 0
-90 -22 4 1
-98 -8 12 0
-99 -9 12 0
-99 -7 12 0
-100 -8 11 0
-98 -7 11 0
-100 -7 11 0
-98 -7 10 0
-99 -6 10 0
-97 -7 10 0
-98 -7 9 1
-97 -8 9 0
-99 -7 11 0
-100 -8 12 0
-99 -6 12 0
-98 -6 11 0
-100 -6 11 0
-97 -8 11 0
-100 -7 10 0