DAV_OBMAP v3 cell_size=10
-127 -95 2 1
-133 -96 6 0
-132 -96 7 0
-132 -96 5 1
-133 -97 6 0
-133 -97 7 0
-133 -97 5 1
-131 -97 8 0
-132 -96 3 1
-132 -96 4 1
-131 -96 3 1
-131 -96 4 1
-130 -96 3 1
-130 -96 4 2
-125 -100 2 1
-125 -100 3 2
-142 -65 0 1
-141 -66 0 1
-141 -65 0 1
-144 -63 4 0
-145 -64 -1 1
-145 -63 -1 1
-145 -62 -1 1
-130 -95 6 1
-130 -95 7 0
-130 -95 5 1
-131 -95 7 0
-131 -95 5 1
-132 -96 6 0
-133 -95 6 0
-133 -95 7 0
-133 -95 5 1
-148 -62 1 1
-148 -62 2 1
-148 -62 3 1
-148 -61 1 1
-148 -61 2 1
-148 -61 3 1
-148 -60 1 1
-148 -60 2 1
-148 -60 3 1
-148 -62 0 1
-148 -61 0 1
-148 -60 0 1
-147 -63 2 1
-147 -63 3 1
-147 -63 1 1
-148 -66 0 1
-148 -66 1 1
-148 -66 2 1
-148 -65 0 1
-148 -65 1 1
-148 -65 2 1
-148 -64 0 1
-148 -64 1 1
-148 -64 2 1
-145 -63 4 1
-146 -64 -1 1
-146 -63 -1 1
-146 -63 0 2
-146 -62 -1 1
-130 -94 6 1
-130 -94 7 0
-130 -94 5 2
-142 -63 8 2
-132 -93 6 1
-142 -64 7 1
-132 -95 6 0
-132 -94 7 0
-132 -94 5 1
-133 -94 6 0
-133 -94 7 0
-133 -94 5 1
-134 -95 6 0
-132 -95 7 0
-132 -95 8 0
-132 -95 4 2
-133 -96 3 1
-133 -96 4 1
-133 -96 5 1
-133 -95 3 1
-141 -62 7 1
-141 -62 8 1
-141 -62 9 1
-143 -63 6 0
-142 -62 6 1
-142 -61 6 2
-142 -61 7 2
-142 -61 8 1
-142 -60 6 2
-142 -60 7 1
-142 -60 8 2
-143 -62 5 1
-142 -62 5 1
-142 -61 5 1
-142 -60 5 1
-145 -65 7 1
-145 -65 6 0
-143 -64 6 0
-129 -85 3 1
-116 -82 4 1
-126 -86 8 0
-117 -80 4 1
-125 -86 8 0
-117 -81 4 2
-126 -86 9 0
-126 -86 7 0
-127 -85 8 0
-126 -84 8 0
-126 -84 9 0
-126 -84 7 0
-127 -84 8 0
-127 -84 9 0
-127 -84 7 0
-146 -90 5 2
-129 -84 7 0
-129 -86 7 0
-129 -87 7 0
-127 -87 8 0
-127 -88 8 0
-127 -87 9 0
-127 -88 7 0
-126 -87 8 0
-126 -87 9 0
-126 -87 7 0
-127 -86 9 0
-127 -86 10 0
-145 -91 6 1
-123 -85 7 0
-127 -86 6 0
-122 -85 7 0
-150 -67 5 1
-123 -85 8 0
-150 -68 6 1
-150 -68 7 1
-150 -68 8 2
-150 -68 5 1
-119 -85 7 0
-148 -67 7 1
-119 -85 8 0
-149 -68 4 1
-149 -68 5 1
-149 -68 6 1
-148 -68 4 1
-148 -68 5 1
-148 -68 6 1
-123 -86 8 0
-147 -68 4 1
-147 -68 5 2
-147 -68 6 1
-150 -67 9 1
-150 -66 9 1
-150 -65 9 1
-149 -67 7 1
-149 -67 8 1
-149 -67 9 1
-149 -66 7 1
-149 -66 8 2
-149 -66 9 1
-127 -82 0 1
-127 -81 0 1
-131 -84 3 1
-131 -83 3 2
-131 -82 1 1
-131 -82 2 1
-131 -82 3 1
-131 -84 4 1
-131 -83 4 1
-150 -70 6 1
-150 -70 7 2
-150 -70 8 1
-150 -69 6 1
-150 -69 7 1
-150 -69 8 2
-150 -69 5 1
-148 -69 6 1
-148 -69 7 1
-148 -69 5 2
-150 -68 9 1
-149 -68 7 1
-149 -68 8 2
-149 -68 9 1
-150 -67 4 0
-116 -82 7 1
-106 -84 7 0
-150 -65 6 1
-150 -65 7 2
-150 -65 5 1
-148 -65 6 2
-148 -64 7 1
-148 -65 5 2
-149 -66 4 1
-149 -66 5 1
-149 -66 6 1
-149 -65 4 1
-149 -65 5 1
-144 -91 4 1
-144 -91 5 1
-144 -91 6 1
-144 -90 4 1
-144 -90 5 1
-144 -90 6 1
-144 -89 4 1
-144 -89 6 1
-135 -85 2 1
-132 -84 1 2
-132 -84 2 2
-132 -84 3 1
-132 -83 1 1
-132 -83 2 2
-132 -83 3 2
-132 -82 1 1
-132 -82 2 2
-132 -82 3 2
-132 -84 4 1
-132 -83 4 1
-132 -82 4 1
-131 -86 2 1
-131 -85 3 1
-130 -86 3 2
-130 -87 1 2
-136 -83 2 1
-131 -88 1 1
-135 -85 3 0
-135 -84 4 1
-135 -84 5 1
-135 -84 6 2
-135 -83 4 1
-135 -83 5 1
-135 -83 6 1
-135 -82 4 1
-135 -82 5 1
-135 -82 6 1
-134 -82 5 1
-134 -82 6 1
-133 -82 5 1
-133 -82 6 1
-135 -84 0 1
-135 -83 0 1
-135 -82 0 1
-134 -82 0 1
-133 -82 0 1
-129 -86 0 1
-129 -86 1 1
-143 -89 5 0
-144 -87 6 0
-145 -88 5 0
-144 -87 5 0
-145 -91 7 1
-144 -92 4 1
-144 -92 5 1
-144 -92 6 1
-143 -91 5 2
-143 -92 4 1
-143 -92 5 1
-143 -92 6 1
-143 -91 4 1
-143 -91 6 2
-143 -90 4 1
-143 -90 5 1
-143 -90 6 1
-142 -92 4 1
-142 -92 5 1
-142 -92 6 1
-142 -91 4 1
-142 -91 5 1
-142 -91 6 1
-142 -90 4 1
-142 -90 5 1
-142 -90 6 1
-148 -59 1 1
-136 -81 2 2
-137 -82 1 1
-147 -59 1 1
-137 -82 2 1
-137 -82 3 1
-137 -81 1 1
-137 -81 2 1
-137 -81 3 1
-137 -80 1 1
-147 -59 0 1
-137 -80 2 1
-111 -57 5 0
-113 -57 6 0
-117 -56 3 1
-117 -55 3 1
-117 -54 3 1
-116 -56 3 1
-116 -55 3 1
-116 -54 3 1
-117 -58 4 1
-117 -58 5 1
-117 -58 6 1
-117 -58 7 1
-113 -58 5 0
-113 -59 5 0
-113 -58 6 0
-113 -59 6 0
-112 -58 5 0
-112 -58 6 0
-113 -57 7 0
-114 -58 2 1
-114 -58 3 2
-113 -58 2 1
-113 -58 3 2
-113 -58 4 1
-112 -58 2 1
-112 -58 3 1
-112 -58 4 1
-112 -57 2 1
-112 -57 3 1
-112 -57 4 1
-112 -56 2 1
-112 -56 3 1
-112 -56 4 1
-113 -57 5 0
-132 -90 8 0
-133 -89 8 0
-134 -90 9 0
-134 -90 10 0
-133 -73 1 2
-133 -73 2 2
-133 -73 3 2
-132 -73 1 2
-132 -73 2 2
-132 -73 3 2
-131 -73 1 2
-131 -73 2 2
-131 -73 3 2
-133 -73 4 1
-132 -73 4 1
-131 -73 4 1
-133 -73 0 2
-111 -58 5 0
-111 -58 6 0
-115 -60 5 1
-137 -73 2 1
-115 -60 6 1
-113 -60 5 0
-113 -60 6 0
-112 -60 5 0
-112 -60 6 0
-113 -58 7 0
-114 -59 2 1
-114 -59 3 2
-113 -59 2 1
-113 -59 3 2
-113 -59 4 1
-112 -59 2 1
-112 -59 3 1
-112 -59 4 1
-134 -73 0 1
-134 -73 1 1
-134 -73 2 1
-134 -75 -1 1
-133 -75 -1 1
-132 -77 -1 1
-132 -76 -1 1
-132 -75 -1 1
-101 -84 3 1
-101 -84 4 1
-101 -84 0 1
-142 -63 6 1
-141 -62 6 1
-141 -61 6 1
-141 -61 7 2
-141 -61 8 1
-109 -82 4 1
-109 -81 2 1
-109 -81 3 1
-109 -81 4 1
-109 -80 2 1
-109 -80 3 1
-109 -80 4 1
-110 -79 2 1
-110 -79 3 1
-142 -65 6 1
-142 -65 7 1
-142 -65 8 1
-142 -64 6 1
-141 -66 6 1
-141 -66 7 1
-141 -66 8 1
-141 -65 6 2
-141 -65 8 1
-141 -64 6 2
-140 -66 6 1
-140 -66 7 1
-140 -66 8 1
-140 -65 6 1
-140 -65 7 1
-140 -65 8 1
-140 -64 6 2
-140 -64 7 2
-140 -64 8 2
-142 -66 5 1
-142 -65 5 1
-142 -64 5 1
-141 -66 5 1
-141 -65 5 1
-141 -64 5 1
-140 -66 5 1
-140 -65 5 1
-140 -64 5 1
-144 -63 5 0
-121 -51 0 1
-121 -51 1 1
-121 -51 2 1
-120 -51 0 1
-120 -51 1 1
-120 -51 2 1
-112 -89 3 1
-113 -88 4 2
-112 -88 4 2
-111 -88 4 1
-114 -89 2 2
-114 -89 3 1
-114 -89 4 1
-113 -89 2 1
-113 -89 3 1
-112 -89 2 1
-113 -90 0 1
-113 -90 1 1
-112 -90 0 1
-112 -90 1 2
-111 -90 0 1
-111 -90 1 1
-112 -51 4 1
-112 -51 5 1
-112 -51 6 1
-111 -51 4 2
-111 -51 5 2
-111 -51 6 2
-110 -51 4 1
-110 -51 5 1
-110 -51 6 1
-112 -51 3 1
-124 -81 1 1
-124 -81 2 1
-111 -51 3 1
-123 -84 3 0
-123 -84 2 0
-110 -51 3 1
-123 -87 3 1
-123 -87 4 1
-123 -86 2 2
-123 -86 3 2
-123 -86 4 2
-123 -85 2 1
-123 -85 3 1
-123 -85 4 1
-123 -87 5 1
-116 -51 6 0
-117 -53 3 1
-117 -53 4 1
-117 -53 5 2
-117 -52 3 1
-117 -52 4 1
-117 -52 5 1
-117 -51 3 1
-117 -51 4 1
-117 -51 5 1
-114 -51 6 0
-114 -52 6 0
-113 -52 5 1
-113 -51 6 0
-115 -51 2 1
-114 -51 2 1
-113 -51 2 1
-113 -51 3 1
-113 -51 4 1
-123 -84 4 0
-110 -88 4 2
-111 -88 3 2
-111 -87 3 2
-111 -87 4 2
-110 -88 3 1
-110 -88 5 1
-110 -87 3 1
-110 -87 4 2
-110 -87 5 1
-109 -88 3 1
-109 -88 4 1
-109 -88 5 1
-109 -87 3 1
-109 -87 4 1
-109 -87 5 1
-111 -88 2 1
-111 -52 5 2
-112 -53 4 1
-112 -53 5 1
-112 -53 6 1
-112 -52 4 2
-112 -52 5 1
-112 -52 6 1
-111 -53 4 1
-111 -53 5 1
-114 -88 3 1
-114 -88 4 2
-114 -87 3 1
-114 -87 4 1
-113 -89 0 1
-113 -89 1 1
-112 -89 0 2
-112 -89 1 1
-111 -89 0 1
-111 -89 1 1
-117 -60 8 1
-116 -60 8 1
-109 -57 5 1
-110 -56 4 0
-110 -56 5 0
-110 -58 6 0
-111 -58 1 1
-111 -57 1 1
-111 -57 2 1
-111 -57 3 1
-110 -59 1 1
-110 -58 1 1
-110 -57 1 1
-110 -57 2 1
-110 -57 3 1
-138 -62 4 1
-138 -61 4 1
-138 -60 4 2
-138 -62 0 1
-138 -61 0 1
-138 -60 0 1
-136 -64 -1 1
-136 -63 -1 1
-136 -62 -1 1
-112 -67 6 0
-114 -69 5 0
-114 -69 6 0
-112 -68 5 0
-112 -69 5 0
-112 -68 6 0
-112 -69 6 0
-110 -70 5 2
-131 -63 0 1
-111 -71 4 1
-111 -71 5 1
-111 -71 6 1
-111 -70 4 1
-111 -70 5 1
-111 -70 6 1
-111 -69 4 1
-111 -69 5 1
-111 -69 6 1
-110 -71 4 2
-110 -71 5 2
-110 -71 6 1
-110 -70 4 2
-110 -70 6 2
-110 -69 4 1
-110 -69 5 1
-110 -69 6 1
-109 -71 4 1
-109 -71 5 2
-109 -71 6 1
-109 -70 4 1
-109 -70 5 1
-109 -70 6 1
-109 -69 4 1
-109 -69 5 1
-109 -69 6 1
-113 -68 2 1
-113 -68 3 1
-113 -68 4 1
-112 -68 2 1
-112 -68 3 1
-112 -68 4 1
-111 -68 2 1
-111 -68 3 1
-111 -68 4 1
-111 -67 2 1
-111 -67 3 1
-111 -67 4 1
-111 -66 2 1
-111 -66 3 1
-111 -66 4 1
-137 -62 -1 1
-111 -56 4 0
-111 -55 4 0
-111 -55 5 0
-112 -55 4 1
-111 -57 6 0
-109 -57 6 1
-109 -56 4 0
-109 -56 5 0
-111 -56 5 0
-107 -61 7 1
-107 -60 7 1
-107 -59 7 1
-139 -62 0 1
-139 -62 1 1
-139 -62 2 1
-139 -61 0 1
-139 -61 1 2
-139 -61 2 1
-139 -60 0 1
-144 -71 5 2
-143 -71 4 1
-143 -71 5 1
-138 -65 2 1
-138 -65 3 1
-138 -64 1 2
-138 -64 2 2
-138 -64 3 2
-138 -65 4 1
-138 -64 4 1
-138 -63 4 1
-112 -58 7 0
-112 -58 8 0
-117 -59 8 1
-143 -70 6 1
-143 -70 7 0
-143 -70 4 1
-143 -70 5 1
-143 -69 4 1
-143 -69 5 1
-143 -69 6 1
-143 -68 4 1
-143 -68 5 1
-143 -68 6 1
-142 -68 4 1
-142 -68 5 1
-142 -68 6 1
-141 -68 4 1
-141 -68 5 1
-141 -68 6 1
-144 -69 6 1
-144 -70 7 1
-145 -70 7 1
-146 -72 7 1
-146 -71 7 1
-146 -70 7 1
-145 -70 5 2
-145 -70 6 1
-144 -70 5 1
-146 -72 8 1
-146 -71 8 1
-146 -70 8 1
-145 -72 8 1
-145 -71 8 1
-145 -70 8 1
-144 -71 8 1
-144 -70 8 1
-141 -73 5 1
-141 -72 5 1
-141 -72 6 1
-141 -72 7 1
-145 -70 4 1
-144 -70 4 1
-143 -69 7 0
-145 -69 6 1
-145 -68 6 1
-145 -69 7 0
-146 -69 7 0
-147 -70 7 0
-145 -69 4 1
-145 -69 5 1
-144 -69 4 1
-144 -69 5 1
-115 -60 8 1
-115 -62 7 1
-115 -63 7 1
-111 -63 7 1
-111 -63 8 1
-111 -63 9 1
-114 -60 9 0
-116 -62 7 1
-116 -64 7 1
-116 -64 8 1
-116 -64 9 1
-116 -63 7 1
-116 -63 8 1
-116 -63 9 1
-116 -62 8 1
-116 -62 9 1
-115 -64 7 1
-115 -64 8 2
-115 -64 9 1
-114 -64 7 1
-114 -64 8 1
-142 -90 7 1
-143 -88 10 0
-143 -88 6 0
-110 -84 5 1
-117 -88 5 1
-109 -85 7 0
-109 -85 6 0
-117 -88 7 1
-117 -87 5 1
-117 -87 6 1
-117 -87 7 1
-116 -89 5 1
-116 -89 6 1
-116 -89 7 1
-116 -88 5 1
-116 -88 6 1
-116 -88 7 1
-115 -81 4 2
-118 -83 5 0
-112 -87 7 1
-139 -88 8 1
-112 -86 5 1
-139 -88 9 0
-140 -87 8 1
-139 -87 8 1
-140 -87 9 0
-139 -87 9 0
-141 -86 8 0
-141 -86 9 0
-141 -89 8 0
-142 -89 9 0
-141 -90 9 0
-140 -89 8 1
-139 -89 8 1
-140 -88 8 1
-139 -89 9 0
-140 -88 9 0
-140 -88 7 1
-141 -87 8 0
-141 -87 9 0
-141 -87 7 1
-142 -86 8 0
-142 -86 9 0
-142 -86 7 0
-144 -87 8 0
-143 -87 9 0
-144 -87 7 0
-144 -90 8 1
-143 -89 9 0
-144 -90 7 1
-142 -89 8 0
-141 -90 8 0
-141 -89 9 0
-141 -90 7 0
-142 -88 10 0
-142 -88 6 0
-112 -86 6 1
-112 -86 7 1
-113 -88 8 1
-150 -73 8 1
-111 -85 6 1
-112 -85 6 1
-111 -86 9 1
-111 -86 8 1
-111 -87 9 1
-111 -87 8 1
-111 -88 9 1
-111 -88 8 1
-112 -86 9 1
-112 -87 9 1
-112 -88 9 1
-113 -86 9 1
-113 -87 9 1
-113 -88 9 1
-111 -86 7 1
-111 -86 6 1
-111 -86 5 1
-111 -87 7 1
-111 -87 6 1
-111 -87 5 1
-111 -88 7 1
-111 -88 6 1
-111 -88 5 1
-113 -85 7 0
-113 -83 7 0
-137 -86 9 0
-138 -88 8 1
-112 -82 7 0
-137 -88 8 0
-112 -82 6 0
-138 -88 9 0
-137 -88 9 0
-138 -86 8 0
-138 -86 9 0
-139 -86 8 0
-139 -86 9 0
-140 -86 9 0
-139 -90 8 0
-138 -89 8 1
-138 -89 9 0
-139 -88 10 0
-139 -88 7 2
-140 -89 6 1
-140 -89 7 1
-140 -88 6 2
-140 -87 6 1
-140 -87 7 1
-139 -89 6 1
-139 -89 7 1
-139 -88 6 2
-139 -87 6 1
-139 -87 7 1
-138 -89 6 1
-138 -89 7 1
-138 -88 6 1
-150 -59 8 1
-150 -59 9 2
-150 -59 10 1
-150 -58 8 1
-150 -58 9 1
-150 -58 10 1
-150 -57 8 1
-150 -57 9 1
-150 -57 10 1
-111 -83 7 0
-110 -83 6 0
-111 -83 6 0
-110 -84 7 0
-111 -84 7 0
-110 -84 6 1
-113 -84 4 1
-134 -85 5 1
-134 -85 6 1
-133 -87 4 1
-133 -87 5 1
-133 -87 6 1
-133 -86 4 1
-133 -86 6 2
-133 -85 4 1
-133 -85 5 1
-133 -85 6 1
-132 -87 4 1
-132 -87 5 1
-132 -87 6 1
-132 -86 4 1
-132 -86 5 2
-132 -86 6 1
-132 -85 4 1
-132 -85 5 1
-132 -85 6 1
-149 -56 5 1
-149 -56 6 1
-149 -56 7 1
-149 -55 5 1
-149 -55 6 1
-124 -83 4 1
-124 -82 4 1
-124 -81 4 1
-125 -84 3 0
-124 -86 3 1
-124 -85 4 1
-124 -86 2 1
-124 -87 2 1
-124 -87 3 1
-124 -87 4 1
-124 -86 4 1
-124 -85 2 1
-124 -85 3 1
-124 -87 1 1
-124 -86 1 1
-124 -85 1 1
-123 -84 5 0
-124 -85 -1 1
-124 -85 0 1
-124 -84 -1 1
-124 -84 0 2
-124 -84 1 1
-124 -83 -1 1
-124 -83 0 1
-125 -83 4 1
-126 -82 2 2
-127 -83 1 1
-127 -83 2 1
-127 -83 3 1
-127 -82 1 1
-127 -82 2 1
-127 -82 3 1
-127 -81 1 1
-127 -81 2 1
-127 -81 3 1
-126 -83 1 1
-126 -83 2 1
-126 -83 3 1
-126 -82 1 2
-126 -82 3 1
-126 -81 1 1
-126 -81 2 1
-126 -81 3 1
-125 -84 4 0
-125 -84 2 0
-125 -86 3 1
-125 -85 4 0
-125 -86 2 1
-125 -82 4 1
-125 -81 4 1
-126 -84 3 0
-109 -54 4 2
-110 -55 3 1
-110 -55 4 1
-110 -55 5 1
-110 -54 3 1
-110 -54 4 1
-110 -54 5 1
-109 -55 3 1
-109 -55 5 1
-109 -54 3 1
-109 -54 5 2
-109 -53 3 1
-109 -53 4 1
-105 -85 3 1
-105 -85 4 1
-105 -85 5 1
-105 -84 3 1
-105 -84 4 1
-105 -84 5 1
-105 -83 3 1
-105 -83 4 2
-105 -83 5 1
-115 -88 8 1
-115 -87 8 1
-115 -86 8 1
-114 -88 8 1
-114 -87 8 1
-114 -86 8 1
-150 -62 8 2
-150 -64 6 1
-102 -82 9 1
-102 -82 8 1
-102 -82 7 1
-102 -83 9 1
-102 -83 8 1
-102 -83 7 1
-102 -84 9 1
-102 -84 8 1
-102 -84 7 1
-103 -82 7 1
-104 -82 7 1
-107 -85 3 1
-106 -84 9 0
-106 -86 7 0
-108 -85 7 0
-103 -82 9 2
-103 -82 8 2
-103 -83 10 1
-104 -81 10 1
-104 -81 9 1
-104 -81 8 1
-104 -82 10 1
-104 -82 8 2
-104 -83 10 1
-105 -82 7 1
-103 -83 9 1
-103 -83 8 2
-103 -83 7 1
-103 -84 9 1
-103 -84 8 2
-103 -84 7 1
-103 -85 9 1
-103 -85 8 1
-107 -84 5 1
-107 -84 9 0
-106 -85 6 0
-106 -85 8 0
-106 -85 7 0
-107 -86 6 0
-107 -86 7 0
-149 -61 4 1
-109 -85 8 0
-108 -84 8 0
-108 -83 8 0
-107 -82 8 0
-106 -82 6 0
-106 -82 8 1
-106 -82 7 0
-107 -83 7 0
-105 -84 6 0
-106 -84 8 0
-116 -85 6 1
-105 -84 7 1
-115 -85 6 1
-109 -84 5 0
-116 -85 7 0
-148 -62 7 1
-121 -57 3 2
-117 -84 6 0
-116 -83 6 0
-117 -84 7 0
-116 -83 7 0
-117 -81 6 2
-118 -82 7 1
-118 -81 7 1
-118 -80 7 1
-117 -82 5 1
-117 -82 6 1
-117 -82 7 1
-117 -81 5 2
-117 -81 7 1
-149 -64 4 1
-121 -56 4 1
-120 -83 8 0
-120 -83 6 0
-148 -64 4 1
-120 -57 2 1
-121 -86 6 0
-120 -88 7 2
-121 -89 6 1
-121 -89 7 1
-121 -89 8 1
-121 -88 6 1
-121 -88 7 1
-121 -88 8 1
-120 -89 6 1
-120 -89 7 1
-120 -89 8 1
-120 -88 6 1
-132 -74 4 1
-131 -74 4 1
-133 -74 0 2
-132 -74 0 1
-131 -74 0 1
-134 -75 2 1
-134 -75 3 1
-137 -74 1 1
-137 -74 2 1
-137 -74 3 1
-136 -74 1 1
-136 -74 2 2
-136 -74 3 1
-135 -74 1 2
-135 -74 2 1
-135 -74 3 1
-137 -74 0 1
-136 -74 0 1
-135 -74 0 1
-134 -77 4 0
-135 -76 -1 1
-134 -76 -1 1
-134 -76 0 1
-134 -76 1 1
-133 -76 -1 1
-118 -89 8 1
-118 -89 9 1
-118 -88 8 1
-118 -88 9 1
-118 -87 8 1
-118 -87 9 1
-117 -89 8 1
-115 -70 7 0
-115 -70 8 0
-114 -72 7 0
-114 -71 8 0
-113 -72 7 0
-113 -72 8 0
-111 -72 7 0
-112 -71 8 0
-113 -70 9 0
-116 -87 9 1
-116 -86 6 1
-116 -86 7 1
-117 -85 8 0
-117 -85 5 0
-150 -52 7 0
-150 -52 8 0
-150 -52 6 1
-150 -51 6 0
-109 -84 9 0
-109 -84 8 0
-107 -85 6 0
-150 -78 6 1
-150 -79 6 1
-150 -78 5 1
-150 -79 5 1
-150 -80 5 1
-150 -80 6 1
-150 -80 7 1
-150 -79 7 2
-150 -78 7 1
-149 -80 5 2
-149 -80 6 2
-149 -80 7 1
-148 -80 5 1
-148 -80 6 1
-148 -80 7 1
-149 -80 8 1
-149 -79 8 1
-149 -78 8 1
-148 -80 8 1
-148 -79 8 1
-148 -78 8 1
-147 -80 6 1
-147 -80 7 1
-147 -80 8 1
-147 -79 8 1
-147 -78 8 1
-150 -80 4 1
-150 -79 4 1
-150 -78 4 1
-149 -80 4 1
-149 -79 4 1
-149 -78 4 1
-148 -80 4 1
-148 -79 4 1
-148 -78 4 1
-150 -77 8 2
-107 -85 8 0
-107 -85 7 0
-109 -86 6 0
-109 -86 8 0
-109 -86 7 0
-150 -78 8 1
-150 -78 9 1
-150 -77 7 1
-150 -77 9 1
-150 -76 9 1
-149 -78 9 1
-149 -77 8 1
-149 -77 9 1
-149 -76 9 1
-150 -77 4 1
-110 -85 8 0
-110 -83 8 0
-109 -82 8 0
-109 -82 7 0
-107 -82 6 0
-108 -83 6 0
-107 -83 8 0
-149 -76 5 0
-107 -82 7 0
-108 -83 7 0
-107 -84 6 0
-107 -84 8 0
-107 -84 7 0
-142 -88 8 0
-101 -80 7 0
-141 -88 8 0
-110 -84 4 1
-142 -88 9 0
-142 -88 7 0
-142 -87 8 0
-142 -87 9 0
-142 -87 7 0
-143 -86 8 0
-143 -86 9 0
-143 -86 7 0
-143 -89 8 0
-143 -90 9 0
-142 -90 8 1
-129 -66 6 1
-128 -66 6 1
-128 -66 7 1
-129 -66 5 1
-128 -66 5 1
-130 -65 5 0
-129 -69 8 1
-129 -68 8 1
-129 -67 8 1
-127 -69 5 1
-127 -69 6 1
-127 -69 7 1
-127 -68 5 2
-127 -68 6 1
-127 -68 7 2
-127 -67 5 1
-127 -67 6 1
-127 -67 7 1
-108 -54 4 1
-108 -54 5 1
-128 -67 8 1
-127 -69 8 1
-127 -68 8 1
-127 -67 8 1
-127 -69 4 1
-127 -68 4 1
-127 -67 4 1
-130 -66 5 0
-130 -66 7 0
-130 -66 8 0
-129 -67 2 1
-129 -67 3 1
-129 -66 2 1
-129 -66 3 1
-129 -66 4 1
-129 -65 2 1
-129 -65 3 1
-129 -65 4 1
-110 -56 1 1
-110 -56 2 1
-110 -56 3 1
-110 -55 1 1
-110 -55 2 1
-132 -91 2 1
-132 -91 3 1
-112 -54 4 1
-112 -55 6 0
-116 -79 6 1
-116 -78 4 1
-113 -54 1 1
-112 -54 1 1
-112 -54 2 1
-116 -77 6 1
-111 -54 1 1
-115 -79 5 1
-111 -54 3 1
-115 -78 4 2
-115 -78 5 2
-115 -78 6 1
-115 -77 4 1
-115 -77 5 1
-115 -77 6 1
-116 -79 3 1
-116 -78 3 1
-116 -77 3 1
-115 -79 3 1
-115 -78 3 1
-115 -77 3 1
-114 -79 3 2
-114 -78 3 2
-114 -78 4 1
-114 -77 3 1
-113 -79 5 1
-114 -80 5 1
-133 -90 4 1
-133 -89 4 1
-133 -89 5 1
-133 -89 6 1
-133 -88 4 1
-113 -79 2 1
-133 -88 5 1
-133 -88 6 1
-132 -88 4 1
-132 -88 5 2
-132 -88 6 1
-131 -88 6 1
-135 -89 6 0
-134 -89 6 0
-135 -89 5 0
-135 -91 6 0
-135 -91 5 0
-130 -94 4 1
-133 -91 8 0
-115 -76 6 0
-116 -78 8 1
-115 -78 8 1
-114 -78 8 1
-113 -77 7 0
-113 -77 8 0
-132 -90 7 0
-132 -88 7 0
-134 -88 6 0
-134 -88 7 0
-135 -87 4 1
-135 -87 5 1
-135 -87 6 1
-135 -86 4 1
-135 -86 5 1
-135 -86 6 1
-134 -89 5 0
-134 -88 5 0
-135 -88 6 0
-135 -88 7 0
-135 -88 5 0
-135 -90 6 0
-136 -90 6 0
-135 -90 7 0
-135 -90 5 0
-136 -90 5 0
-135 -91 7 0
-134 -90 7 0
-134 -90 8 0
-134 -90 4 0
-139 -61 5 1
-139 -60 5 1
-139 -59 5 1
-138 -61 5 1
-138 -60 5 1
-138 -59 5 1
-137 -61 5 1
-137 -60 5 1
-137 -59 5 1
-143 -62 1 1
-143 -62 2 1
-143 -62 3 1
-143 -61 1 2
-143 -61 2 2
-143 -61 3 2
-143 -60 1 1
-143 -60 2 1
-143 -60 3 1
-143 -62 4 1
-143 -61 4 1
-143 -60 4 1
-143 -62 0 1
-143 -61 0 1
-143 -60 0 1
-141 -64 -1 1
-141 -64 0 1
-141 -63 -1 1
-141 -63 0 2
-141 -62 -1 1
-113 -96 6 2
-114 -97 7 1
-114 -96 7 1
-114 -95 7 1
-113 -97 5 1
-113 -97 6 1
-113 -97 7 1
-113 -96 5 1
-113 -96 7 1
-113 -95 5 1
-139 -61 3 2
-140 -62 2 1
-112 -97 5 1
-140 -62 3 1
-140 -62 4 1
-140 -61 2 2
-140 -61 3 2
-140 -61 4 1
-140 -60 2 1
-140 -60 3 1
-140 -60 4 1
-139 -62 3 1
-139 -62 4 1
-139 -61 4 1
-139 -60 3 2
-139 -60 4 1
-140 -62 0 1
-140 -62 1 1
-140 -61 0 1
-140 -61 1 2
-140 -60 0 1
-140 -60 1 1
-139 -63 2 1
-139 -63 3 1
-139 -63 1 1
-139 -64 2 2
-140 -65 1 1
-140 -65 2 1
-140 -65 3 1
-140 -64 1 1
-140 -64 2 2
-140 -64 3 2
-140 -63 1 1
-140 -63 2 1
-140 -63 3 1
-139 -65 1 1
-139 -65 2 1
-139 -65 3 1
-139 -64 1 2
-139 -64 3 2
-140 -65 4 1
-137 -80 3 1
-136 -82 1 2
-136 -82 2 2
-136 -82 3 1
-136 -81 1 2
-136 -81 3 2
-136 -80 1 2
-136 -80 2 2
-136 -80 3 1
-135 -81 1 1
-135 -81 2 1
-135 -81 3 1
-135 -80 1 1
-135 -80 2 1
-135 -80 3 1
-137 -82 0 1
-138 -62 -1 1
-137 -80 0 1
-136 -82 0 1
-136 -81 0 1
-136 -80 0 1
-135 -81 0 1
-135 -80 0 1
-111 -97 7 1
-111 -96 5 1
-111 -96 6 2
-111 -96 7 1
-111 -95 5 1
-111 -95 6 1
-111 -95 7 1
-113 -96 3 0
-112 -94 5 2
-112 -94 6 2
-112 -94 7 1
-112 -93 5 2
-112 -93 6 1
-112 -93 7 1
-136 -83 3 1
-116 -97 7 1
-116 -96 7 1
-116 -95 7 1
-115 -97 7 1
-115 -96 7 1
-126 -51 3 1
-126 -51 4 1
-126 -51 5 1
-125 -51 3 1
-125 -51 4 1
-125 -51 5 1
-132 -91 8 0
-132 -89 8 0
-124 -51 3 1
-124 -51 4 1
-124 -51 5 1
-113 -95 4 1
-113 -95 3 1
-116 -97 3 0
-113 -97 4 0
-113 -97 3 0
-139 -59 2 1
-139 -59 3 1
-139 -59 4 1
-138 -59 2 1
-138 -59 3 1
-138 -59 4 1
-137 -59 2 1
-137 -59 3 1
-137 -59 4 1
-141 -62 1 1
-136 -84 2 0
-136 -84 3 0
-135 -85 4 1
-135 -85 5 1
-135 -85 6 1
-135 -85 0 1
-135 -85 1 1
-141 -60 3 1
-141 -62 4 1
-141 -61 4 1
-141 -60 4 1
-141 -62 0 1
-141 -61 0 1
-141 -60 0 1
-141 -65 1 1
-141 -65 2 1
-141 -65 3 1
-141 -64 1 1
-141 -64 2 2
-141 -64 3 2
-141 -63 1 1
-141 -63 2 1
-141 -63 3 1
-141 -65 4 1
-141 -64 4 1
-110 -96 5 1
-110 -96 6 1
-110 -96 7 1
-110 -95 5 1
-110 -95 6 2
-110 -95 7 1
-112 -96 3 1
-113 -94 4 1
-113 -93 4 1
-112 -95 4 1
-112 -94 4 1
-112 -93 4 1
-111 -95 4 1
-111 -94 4 1
-111 -94 5 1
-111 -94 6 1
-111 -93 4 1
-111 -93 5 2
-111 -93 6 1
-113 -94 3 1
-116 -83 4 0
-116 -83 3 1
-116 -84 3 0
-114 -85 4 1
-114 -98 4 0
-114 -85 3 1
-114 -83 5 0
-115 -84 -1 1
-115 -84 0 1
-115 -84 1 1
-114 -84 -1 1
-114 -84 0 1
-114 -84 1 1
-113 -84 -1 1
-113 -84 0 1
-113 -84 1 2
-114 -83 2 1
-118 -59 3 2
-118 -58 1 2
-118 -58 2 2
-118 -58 3 1
-118 -57 1 1
-118 -57 2 1
-118 -57 3 1
-140 -59 1 1
-139 -59 1 1
-138 -59 1 1
-144 -62 1 1
-144 -62 2 1
-144 -62 3 1
-144 -61 1 2
-144 -61 2 2
-144 -61 3 2
-144 -60 1 1
-144 -60 2 1
-144 -60 3 1
-144 -62 4 1
-144 -61 4 1
-144 -60 4 1
-144 -62 0 1
-144 -61 0 1
-144 -60 0 1
-143 -63 2 1
-143 -63 3 1
-143 -63 1 1
-143 -64 2 1
-143 -64 1 1
-142 -64 -1 1
-142 -64 0 1
-142 -63 -1 1
-142 -63 0 2
-111 -68 7 0
-110 -68 9 2
-111 -69 9 1
-111 -69 10 1
-111 -68 8 1
-111 -68 9 1
-111 -68 10 1
-111 -67 10 1
-110 -69 9 1
-110 -69 10 1
-110 -68 8 1
-110 -68 10 1
-110 -67 10 1
-109 -69 9 1
-109 -69 10 1
-109 -68 8 1
-109 -68 9 1
-109 -68 10 1
-109 -67 8 1
-109 -67 9 1
-109 -67 10 1
-112 -68 8 1
-112 -66 10 1
-112 -65 10 1
-116 -66 10 1
-116 -65 10 1
-116 -64 10 1
-114 -68 7 0
-114 -68 8 0
-115 -68 8 0
-115 -69 7 0
-114 -69 8 0
-114 -69 7 0
-113 -69 7 0
-113 -70 7 0
-113 -69 8 0
-112 -69 8 0
-113 -68 10 2
-114 -69 9 1
-114 -69 10 1
-114 -69 11 1
-114 -68 9 1
-114 -68 10 1
-114 -68 11 1
-114 -67 10 1
-114 -67 11 1
-113 -69 9 1
-113 -69 10 1
-113 -69 11 1
-113 -68 9 1
-113 -68 11 1
-113 -67 10 1
-113 -67 11 1
-112 -69 9 1
-112 -69 10 1
-112 -69 11 1
-112 -68 9 1
-112 -68 10 1
-112 -68 11 1
-112 -67 10 1
-112 -67 11 1
-150 -92 4 1
-150 -92 5 1
-150 -92 6 1
-150 -91 4 1
-150 -91 5 1
-150 -91 6 1
-150 -90 4 1
-150 -90 5 1
-150 -90 6 1
-136 -81 6 1
-140 -82 4 1
-140 -82 5 1
-140 -81 4 1
-140 -80 4 1
-139 -82 4 1
-139 -82 5 1
-139 -80 4 1
-138 -81 4 1
-150 -89 5 0
-150 -89 6 0
-130 -100 1 1
-130 -100 2 1
-130 -99 1 1
-130 -99 2 1
-129 -100 1 1
-129 -99 1 1
-129 -99 2 1
-128 -100 1 1
-128 -100 2 2
-128 -100 3 2
-128 -99 1 1
-128 -99 2 1
-128 -99 3 1
-130 -100 0 1
-130 -99 0 1
-130 -98 0 1
-115 -80 1 1
-117 -83 1 2
-117 -82 1 1
-117 -81 1 1
-116 -83 2 1
-116 -81 1 1
-118 -82 1 1
-118 -81 1 1
-118 -80 1 1
-117 -80 1 1
-116 -80 1 1
-118 -83 3 1
-116 -85 3 1
-116 -85 2 1
-117 -84 -1 1
-117 -84 0 1
-117 -84 1 1
-117 -83 -1 1
-117 -83 0 1
-117 -82 -1 1
-117 -82 0 1
-125 -97 7 0
-124 -97 7 0
-124 -97 8 0
-124 -97 6 0
-128 -99 7 0
-127 -99 8 0
-127 -99 6 0
-126 -99 7 0
-126 -99 8 0
-126 -99 6 0
-125 -98 7 0
-125 -99 7 0
-125 -99 8 0
-125 -99 6 0
-126 -97 8 0
-126 -97 9 0
-126 -97 6 0
-126 -97 5 0
-118 -83 1 1
-118 -83 2 1
-118 -83 4 0
-116 -84 2 1
-115 -84 2 1
-124 -98 7 0
-123 -98 7 0
-123 -98 8 0
-113 -66 4 1
-113 -65 2 1
-113 -65 4 1
-112 -81 2 1
-112 -81 3 2
-115 -83 4 0
-115 -83 3 1
-112 -65 3 1
-112 -65 4 1
-134 -65 7 1
-134 -65 8 1
-134 -65 9 1
-133 -65 7 1
-133 -65 8 1
-133 -65 9 2
-132 -65 7 1
-132 -65 8 1
-132 -65 9 1
-132 -64 7 1
-132 -64 8 2
-132 -64 9 1
-132 -63 7 1
-132 -63 8 1
-132 -63 9 1
-134 -64 6 1
-134 -62 6 0
-137 -62 6 0
-138 -66 5 1
-134 -65 6 1
-103 -82 6 1
-102 -82 6 1
-102 -80 6 0
-104 -84 6 0
-103 -83 6 1
-103 -81 4 1
-103 -81 5 1
-147 -60 9 1
-147 -59 7 1
-147 -59 8 1
-125 -65 5 0
-148 -65 7 1
-125 -65 6 0
-126 -63 6 1
-126 -63 4 1
-126 -62 4 2
-126 -62 5 2
-126 -62 6 1
-126 -61 4 2
-126 -61 5 1
-126 -61 6 1
-126 -63 3 1
-126 -62 3 1
-126 -61 3 2
-127 -65 8 2
-128 -66 8 1
-128 -66 9 1
-128 -65 8 1
-128 -65 9 1
-128 -64 7 1
-128 -64 8 1
-128 -64 9 1
-127 -66 8 1
-127 -66 9 1
-127 -65 7 1
-127 -65 9 1
-127 -64 7 1
-127 -64 8 1
-127 -64 9 1
-126 -66 7 1
-126 -66 8 1
-126 -66 9 1
-126 -65 7 1
-126 -65 8 1
-126 -65 9 1
-126 -64 7 1
-126 -64 8 2
-126 -64 9 1
-127 -65 4 0
-127 -65 3 0
-101 -85 7 0
-101 -83 9 0
-144 -64 7 1
-144 -64 8 1
-144 -64 9 1
-144 -63 7 1
-144 -63 8 2
-144 -63 9 1
-144 -62 7 1
-144 -62 8 1
-144 -62 9 1
-145 -61 7 2
-146 -61 6 1
-146 -61 7 1
-146 -61 8 1
-146 -60 6 1
-123 -64 5 2
-146 -60 8 2
-124 -65 4 1
-145 -61 8 1
-124 -65 5 1
-124 -65 6 1
-124 -64 4 1
-124 -64 5 1
-124 -64 6 1
-124 -63 4 1
-124 -63 5 1
-124 -63 6 1
-123 -65 4 1
-144 -60 8 2
-146 -61 5 1
-146 -60 5 1
-145 -61 5 1
-145 -60 5 1
-144 -62 5 1
-144 -61 5 1
-122 -65 4 1
-146 -61 9 1
-122 -65 5 1
-122 -65 6 1
-122 -64 4 1
-122 -64 5 1
-122 -64 6 1
-122 -63 4 2
-122 -63 5 2
-122 -63 6 2
-125 -64 5 0
-123 -64 7 2
-124 -65 7 1
-124 -65 8 1
-124 -64 7 1
-124 -64 8 1
-124 -63 7 1
-124 -63 8 1
-123 -65 7 1
-123 -65 8 1
-123 -64 8 1
-123 -63 7 1
-123 -63 8 1
-122 -65 7 1
-122 -65 8 1
-122 -64 7 1
-122 -64 8 1
-122 -63 7 1
-122 -63 8 1
-125 -64 6 0
-124 -65 3 1
-124 -64 3 1
-124 -63 3 1
-123 -65 3 1
-123 -64 3 1
-123 -63 3 2
-122 -65 3 1
-122 -64 3 1
-122 -63 3 2
-125 -63 5 1
-125 -63 6 1
-125 -63 4 1
-125 -62 4 2
-125 -62 5 2
-125 -62 6 2
-125 -61 4 2
-125 -61 5 2
-125 -61 6 2
-135 -99 4 0
-134 -99 4 0
-135 -99 3 0
-134 -99 3 0
-135 -98 4 0
-135 -98 3 0
-136 -99 5 0
-136 -99 6 0
-137 -98 0 1
-137 -98 1 1
-136 -98 0 1
-136 -98 1 1
-135 -100 0 1
-135 -100 1 1
-135 -100 2 1
-143 -64 7 1
-135 -99 1 2
-143 -64 8 1
-143 -64 9 1
-143 -63 7 1
-143 -63 8 2
-133 -72 2 1
-143 -62 7 1
-133 -72 3 2
-133 -72 4 1
-132 -72 2 1
-132 -72 3 1
-132 -72 4 1
-131 -72 2 1
-131 -72 3 2
-131 -72 4 1
-143 -60 7 1
-143 -60 8 2
-145 -61 9 1
-145 -60 9 1
-145 -59 7 1
-145 -59 8 1
-145 -59 9 1
-144 -61 9 1
-144 -60 9 1
-144 -59 7 1
-144 -59 8 1
-144 -59 9 1
-143 -61 9 1
-143 -60 9 1
-143 -59 7 1
-143 -59 8 1
-143 -59 9 1
-145 -59 5 1
-145 -59 6 1
-144 -59 5 1
-144 -59 6 1
-143 -61 5 1
-143 -60 5 1
-143 -59 5 1
-143 -59 6 1
-144 -64 6 0
-133 -99 3 1
-133 -99 4 1
-134 -98 3 0
-134 -98 4 0
-135 -97 3 0
-138 -96 2 1
-137 -96 2 1
-136 -96 2 1
-136 -96 3 1
-136 -96 4 1
-134 -100 3 0
-134 -100 4 0
-135 -99 5 0
-134 -100 0 1
-116 -79 7 1
-116 -78 7 1
-115 -79 7 2
-115 -78 7 1
-114 -80 6 1
-114 -80 7 1
-114 -79 7 1
-114 -78 7 1
-116 -80 3 1
-115 -80 3 2
-114 -80 3 2
-114 -80 4 1
-113 -80 5 1
-113 -81 5 0
-113 -81 6 0
-113 -80 4 1
-113 -81 4 1
-111 -80 6 0
-111 -80 4 1
-113 -79 6 0
-113 -79 7 0
-114 -80 2 1
-114 -79 2 1
-114 -78 2 1
-113 -80 2 1
-113 -80 3 1
-112 -80 2 1
-112 -80 3 2
-129 -65 7 0
-129 -64 6 0
-129 -64 7 0
-129 -64 5 0
-131 -64 5 0
-132 -64 5 0
-130 -66 6 0
-117 -80 3 1
-117 -79 3 1
-117 -78 3 1
-114 -81 4 1
-114 -81 5 1
-111 -81 4 1
-111 -81 5 0
-115 -79 2 1
-115 -78 2 1
-115 -77 2 1
-114 -77 2 1
-134 -80 1 2
-134 -80 2 1
-134 -80 3 1
-133 -80 1 1
-133 -80 2 2
-133 -80 3 2
-132 -80 1 2
-132 -80 2 2
-132 -80 3 2
-134 -80 4 1
-133 -80 4 1
-132 -80 4 1
-111 -74 4 1
-111 -74 5 1
-111 -74 6 1
-110 -74 4 1
-110 -74 5 1
-110 -74 6 1
-109 -74 4 1
-109 -74 5 1
-109 -74 6 1
-110 -69 3 1
-109 -69 3 1
-114 -73 6 0
-113 -74 5 0
-113 -74 6 0
-112 -75 5 0
-112 -73 7 0
-137 -79 1 1
-113 -74 3 1
-137 -79 2 1
-109 -58 3 1
-108 -58 3 1
-108 -58 4 1
-108 -58 5 2
-107 -58 3 1
-107 -58 4 1
-107 -58 5 2
-109 -58 6 1
-108 -58 6 1
-107 -58 6 1
-110 -57 4 0
-110 -58 5 0
-110 -62 5 1
-110 -62 6 1
-109 -62 4 1
-109 -62 5 1
-109 -62 6 1
-108 -62 4 1
-108 -62 5 1
-108 -62 6 1
-111 -58 2 1
-111 -58 3 1
-110 -58 2 2
-110 -58 3 1
-109 -60 2 1
-109 -59 2 1
-109 -58 2 1
-108 -74 4 1
-108 -74 5 1
-108 -74 6 1
-108 -73 4 1
-108 -73 5 1
-108 -73 6 1
-113 -75 5 0
-113 -75 6 0
-112 -75 6 0
-111 -75 5 0
-106 -60 3 1
-106 -60 4 1
-106 -60 5 1
-106 -59 3 1
-106 -59 4 1
-106 -59 5 1
-106 -58 3 1
-106 -58 4 1
-106 -58 5 1
-108 -60 2 1
-108 -59 2 1
-108 -58 2 1
-107 -60 2 1
-107 -59 2 1
-107 -58 2 1
-106 -60 2 1
-106 -59 2 1
-106 -58 2 1
-110 -57 5 0
-109 -62 3 1
-108 -62 3 1
-107 -62 3 1
-107 -62 4 1
-107 -62 5 1
-111 -62 5 0
-111 -62 6 1
-115 -62 5 0
-115 -62 6 0
-114 -63 5 0
-114 -63 6 0
-108 -57 4 1
-109 -57 4 1
-111 -57 4 0
-109 -62 2 1
-109 -61 2 1
-108 -62 2 1
-108 -61 2 1
-107 -62 2 1
-107 -61 2 1
-114 -63 8 1
-114 -63 9 1
-114 -62 7 1
-114 -62 8 2
-114 -62 9 2
-114 -61 7 1
-114 -61 8 1
-114 -61 9 1
-113 -63 7 1
-113 -63 8 2
-113 -63 9 2
-113 -62 7 1
-113 -62 9 2
-113 -61 8 1
-113 -61 9 1
-112 -63 7 1
-112 -63 8 1
-112 -63 9 1
-112 -62 7 1
-112 -62 8 2
-112 -62 9 1
-112 -61 7 1
-112 -61 8 2
-112 -61 9 1
-114 -63 2 1
-114 -63 3 2
-114 -63 4 1
-113 -63 2 1
-113 -63 3 2
-131 -65 6 0
-132 -64 6 0
-132 -68 6 1
-132 -68 7 2
-132 -68 8 1
-132 -67 6 2
-132 -67 7 2
-108 -57 5 1
-108 -57 6 1
-107 -57 4 1
-107 -57 5 1
-107 -57 6 1
-106 -59 6 1
-106 -58 6 1
-106 -57 4 1
-106 -57 5 1
-106 -57 6 1
-132 -66 10 1
-132 -65 10 1
-132 -64 10 1
-133 -65 6 0
-133 -65 5 0
-130 -65 6 0
-130 -65 7 0
-131 -64 6 0
-132 -63 6 0
-131 -68 5 2
-131 -68 6 2
-131 -68 7 2
-131 -67 5 1
-131 -67 6 1
-131 -67 7 1
-131 -66 5 1
-131 -66 6 1
-131 -66 7 1
-131 -68 8 1
-131 -67 8 1
-131 -66 8 1
-132 -65 5 0
-103 -88 1 1
-103 -88 2 1
-103 -88 3 1
-102 -88 1 2
-102 -88 2 2
-102 -88 3 2
-101 -89 1 1
-111 -63 6 1
-115 -63 5 0
-115 -63 6 0
-114 -64 5 1
-114 -65 5 1
-103 -88 4 1
-114 -65 6 1
-113 -65 5 0
-113 -65 6 0
-112 -64 5 0
-111 -65 5 0
-112 -64 6 0
-112 -65 6 0
-114 -64 2 1
-114 -64 3 1
-114 -64 4 1
-113 -64 2 1
-113 -64 3 1
-113 -64 4 1
-112 -64 2 1
-112 -64 3 1
-112 -64 4 1
-132 -66 1 2
-131 -66 1 2
-131 -66 2 1
-131 -66 3 2
-131 -66 4 1
-133 -66 0 2
-132 -66 0 1
-131 -66 0 1
-136 -67 0 1
-135 -67 0 1
-134 -67 0 1
-134 -69 5 1
-134 -68 5 1
-129 -65 6 0
-133 -69 5 1
-129 -65 5 0
-130 -64 6 0
-130 -64 7 0
-130 -64 5 0
-131 -63 6 0
-131 -63 5 0
-133 -67 -1 1
-132 -69 6 1
-132 -69 7 1
-131 -69 5 1
-121 -82 1 1
-121 -82 2 2
-121 -82 3 2
-121 -81 1 1
-121 -81 2 1
-121 -81 3 1
-121 -84 1 1
-121 -84 2 1
-121 -84 3 1
-120 -84 1 1
-120 -84 2 1
-120 -84 3 1
-119 -84 1 1
-119 -84 2 1
-119 -84 3 1
-120 -85 4 2
-121 -86 4 2
-121 -86 5 1
-121 -85 4 2
-121 -84 4 1
-121 -84 5 1
-120 -86 4 2
-120 -86 5 1
-120 -84 4 1
-120 -84 5 1
-119 -86 4 2
-119 -86 5 1
-119 -84 4 1
-119 -84 5 1
-119 -84 -1 1
-119 -84 0 2
-119 -83 -1 1
-119 -83 0 1
-119 -82 -1 1
-119 -82 0 1
-118 -84 -1 1
-118 -83 -1 1
-133 -65 4 1
-132 -65 2 2
-132 -65 3 2
-132 -65 4 1
-131 -65 2 2
-131 -65 3 1
-131 -65 4 1
-133 -65 0 2
-133 -65 1 1
-132 -65 0 1
-132 -65 1 2
-131 -65 0 1
-131 -65 1 1
-134 -66 1 2
-134 -66 5 1
-133 -66 5 1
-132 -66 5 1
-134 -66 -1 1
-134 -66 0 1
-133 -66 -1 1
-132 -66 -1 1
-102 -87 2 2
-103 -87 1 1
-103 -87 2 1
-103 -87 3 1
-103 -86 1 1
-103 -86 2 1
-103 -86 3 1
-102 -87 1 2
-102 -87 3 1
-102 -86 1 1
-102 -86 2 1
-102 -86 3 1
-101 -87 1 2
-101 -87 2 2
-101 -87 3 2
-101 -86 1 2
-133 -64 1 2
-101 -86 3 2
-134 -65 0 1
-134 -65 1 1
-134 -65 2 1
-134 -64 0 1
-134 -64 1 1
-134 -64 2 1
-134 -63 0 2
-120 -80 2 1
-134 -63 1 1
-134 -63 2 1
-133 -64 0 2
-133 -64 2 1
-133 -63 0 2
-133 -63 1 1
-133 -63 2 1
-132 -64 0 1
-132 -64 1 1
-132 -64 2 1
-132 -63 0 1
-132 -63 1 2
-132 -63 2 1
-136 -66 1 2
-135 -66 1 1
-122 -82 1 1
-122 -81 1 1
-122 -86 2 2
-122 -86 3 2
-122 -86 4 2
-122 -85 2 1
-122 -85 3 1
-122 -85 4 1
-122 -84 2 1
-122 -84 3 1
-122 -84 4 1
-122 -86 5 1
-122 -84 5 1
-122 -86 1 1
-122 -85 1 1
-122 -84 1 1
-120 -87 4 1
-119 -87 4 1
-118 -87 4 1
-133 -64 3 1
-134 -65 3 1
-136 -65 1 2
-136 -65 2 1
-136 -65 3 1
-135 -65 1 1
-120 -83 -1 1
-120 -83 0 1
-119 -85 -1 1
-119 -85 0 1
-134 -65 4 1
-118 -85 0 1
-137 -67 1 1
-137 -67 2 1
-137 -66 0 1
-137 -66 1 1
-137 -63 7 1
-137 -63 8 2
-115 -51 5 1
-138 -62 7 1
-137 -61 7 0
-115 -51 6 0
-115 -52 4 2
-138 -61 7 1
-116 -53 3 1
-138 -60 7 1
-116 -53 4 2
-116 -53 5 2
-116 -52 3 1
-116 -52 4 2
-116 -52 5 1
-116 -51 3 1
-116 -51 4 1
-116 -51 5 1
-115 -53 3 1
-115 -53 4 1
-115 -53 5 1
-115 -52 3 1
-115 -52 5 1
-115 -51 3 1
-115 -51 4 1
-114 -53 3 2
-114 -53 4 2
-114 -53 5 1
-114 -52 3 2
-114 -52 4 2
-114 -52 5 1
-114 -51 3 2
-114 -51 4 1
-114 -51 5 1
-138 -63 9 1
-138 -63 10 2
-138 -63 11 1
-138 -62 9 1
-138 -62 10 1
-138 -62 11 1
-112 -85 4 1
-112 -85 5 1
-111 -85 3 2
-111 -85 4 1
-111 -85 5 2
-110 -85 3 1
-110 -85 4 1
-110 -85 5 1
-112 -86 2 1
-112 -85 2 2
-111 -86 2 1
-111 -85 2 1
-110 -86 2 1
-110 -85 2 1
-116 -87 4 1
-115 -90 1 1
-115 -90 2 1
-115 -90 3 1
-115 -89 1 1
-115 -89 2 1
-115 -89 3 1
-115 -88 1 1
-115 -88 2 1
-142 -62 -1 1
-114 -90 1 1
-114 -89 1 1
-114 -88 1 1
-114 -88 2 1
-136 -63 7 1
-136 -63 8 2
-136 -63 6 1
-137 -62 7 1
-137 -61 8 0
-137 -61 6 0
-135 -66 7 1
-135 -66 8 1
-135 -66 9 1
-135 -65 7 1
-135 -65 8 1
-135 -65 9 1
-135 -64 7 1
-135 -64 8 2
-135 -64 9 1
-136 -65 6 2
-136 -64 6 2
-136 -63 5 1
-137 -64 10 1
-137 -64 11 1
-137 -63 9 1
-137 -63 10 1
-137 -63 11 1
-137 -62 9 1
-137 -62 10 1
-137 -62 11 1
-145 -60 3 1
-145 -62 4 1
-145 -61 4 1
-145 -60 4 1
-145 -62 0 1
-145 -61 0 1
-145 -60 0 1
-144 -63 2 1
-144 -63 3 1
-144 -63 1 1
-143 -64 3 1
-144 -64 1 2
-145 -65 0 1
-145 -65 1 2
-145 -65 2 1
-110 -77 5 0
-110 -77 4 0
-135 -63 7 1
-135 -63 6 1
-136 -61 7 0
-136 -62 8 1
-136 -62 6 0
-138 -62 5 1
-138 -62 6 1
-139 -66 6 1
-138 -66 6 1
-135 -65 6 2
-135 -64 6 1
-135 -63 5 1
-138 -62 8 1
-137 -62 8 1
-136 -63 9 1
-136 -62 7 1
-136 -62 9 1
-102 -95 0 1
-102 -95 1 1
-102 -95 2 1
-102 -94 0 1
-102 -93 0 1
-102 -93 1 2
-102 -93 2 1
-101 -95 0 1
-101 -95 1 1
-101 -95 2 1
-101 -94 0 1
-101 -94 1 1
-101 -94 2 1
-101 -93 0 1
-101 -93 1 2
-101 -93 2 1
-103 -93 3 0
-104 -93 2 1
-104 -92 2 1
-104 -93 3 0
-104 -94 3 1
-103 -96 2 0
-103 -96 3 0
-104 -94 4 0
-103 -93 -1 1
-114 -64 9 1
-115 -66 9 1
-115 -66 10 1
-115 -65 9 2
-115 -65 10 1
-115 -64 10 1
-114 -66 10 1
-114 -65 10 1
-114 -64 10 1
-113 -66 10 1
-113 -65 10 1
-113 -64 8 1
-113 -64 9 1
-113 -64 10 1
-125 -81 3 1
-124 -84 3 0
-124 -84 4 0
-124 -84 2 0
-123 -85 -1 1
-123 -85 0 1
-123 -84 -1 1
-123 -84 0 2
-123 -84 1 1
-123 -83 -1 1
-123 -83 0 1
-102 -92 2 1
-103 -92 3 1
-103 -92 1 2
-104 -91 0 1
-104 -91 1 2
-104 -91 2 2
-103 -92 0 1
-103 -92 2 1
-103 -91 0 1
-103 -91 1 1
-103 -91 2 1
-102 -92 0 2
-102 -92 1 1
-102 -91 0 2
-102 -91 1 1
-102 -91 2 1
-105 -92 2 1
-105 -92 3 1
-105 -91 1 1
-105 -91 2 2
-105 -91 3 1
-105 -90 1 1
-105 -90 2 1
-105 -90 3 1
-104 -92 3 1
-104 -91 3 2
-104 -90 1 1
-104 -90 2 1
-104 -90 3 1
-103 -91 3 1
-103 -90 1 2
-103 -90 2 2
-103 -90 3 2
-105 -91 0 1
-105 -90 0 1
-104 -90 0 1
-103 -90 0 1
-103 -95 3 0
-110 -63 7 2
-111 -64 6 1
-111 -64 7 1
-111 -64 8 1
-110 -64 6 1
-110 -64 7 1
-110 -64 8 1
-110 -63 6 1
-110 -63 8 2
-110 -62 7 1
-110 -62 8 1
-109 -64 6 1
-109 -64 7 1
-109 -64 8 1
-109 -63 6 1
-109 -63 7 1
-109 -63 8 1
-109 -62 7 1
-109 -62 8 1
-115 -64 6 1
-114 -64 6 1
-116 -66 9 1
-116 -65 9 1
-115 -64 5 1
-113 -64 7 1
-112 -64 7 1
-112 -64 8 1
-112 -64 9 1
-112 -64 10 1
-112 -63 10 1
-112 -62 10 1
-102 -93 3 0
-111 -71 7 1
-111 -70 7 1
-111 -69 7 1
-110 -71 7 1
-110 -70 7 2
-110 -69 7 1
-109 -71 7 1
-109 -70 7 1
-109 -69 7 1
-111 -68 5 0
-114 -68 5 0
-113 -70 5 0
-113 -70 6 0
-113 -71 5 0
-114 -71 5 0
-114 -71 6 0
-112 -72 5 0
-112 -71 6 0
-112 -72 6 0
-111 -73 4 1
-106 -90 3 1
-111 -73 5 1
-111 -73 6 1
-111 -72 6 1
-110 -73 4 1
-110 -73 5 2
-110 -73 6 1
-110 -72 6 1
-109 -73 4 1
-109 -73 5 2
-109 -73 6 1
-109 -72 6 1
-111 -73 3 1
-110 -73 3 1
-109 -73 3 1
-112 -70 7 0
-113 -71 2 1
-113 -71 3 1
-113 -71 4 1
-112 -71 2 1
-112 -71 3 2
-112 -71 4 1
-111 -71 2 1
-111 -65 7 1
-111 -67 7 1
-111 -67 8 1
-108 -72 4 1
-108 -72 5 1
-108 -72 6 1
-108 -71 4 1
-108 -71 5 1
-108 -71 6 1
-108 -70 4 1
-108 -70 5 1
-108 -70 6 1
-113 -71 6 0
-113 -72 5 0
-114 -72 5 0
-113 -72 6 0
-112 -73 5 0
-112 -73 6 0
-112 -71 7 0
-113 -72 2 1
-113 -72 3 1
-113 -72 4 1
-112 -72 2 1
-112 -72 3 2
-112 -72 4 1
-111 -72 2 1
-117 -81 3 2
-116 -81 3 2
-115 -81 3 2
-117 -79 7 1
-114 -81 3 2
-113 -82 4 1
-112 -81 4 1
-113 -80 6 0
-111 -71 8 1
-111 -70 8 1
-111 -69 8 1
-110 -71 8 1
-110 -70 8 1
-110 -69 8 1
-109 -71 8 1
-109 -70 8 1
-109 -69 8 1
-114 -72 6 0
-114 -73 5 0
-113 -73 6 0
-113 -73 5 0
-112 -74 5 0
-112 -74 6 0
-112 -72 7 0
-113 -73 2 1
-113 -73 3 1
-113 -73 4 1
-112 -73 2 1
-112 -73 3 2
-112 -73 4 1
-111 -73 2 1
-134 -99 0 1
-134 -99 1 2
-134 -99 2 1
-134 -98 0 1
-134 -98 1 1
-134 -98 2 1
-112 -52 2 1
-133 -98 3 1
-133 -98 4 1
-134 -97 3 0
-134 -97 4 0
-133 -100 3 1
-133 -100 4 1
-134 -99 5 0
-133 -100 0 1
-133 -100 1 1
-133 -100 2 1
-133 -99 0 1
-133 -99 1 2
-133 -99 2 1
-133 -98 0 1
-133 -98 1 1
-133 -98 2 1
-111 -80 3 2
-115 -80 2 1
-116 -81 2 2
-116 -80 2 1
-116 -79 2 1
-115 -81 2 2
-114 -81 2 2
-114 -82 4 1
-114 -82 5 1
-114 -82 3 1
-113 -82 3 1
-112 -53 8 1
-111 -53 8 1
-110 -53 8 1
-144 -69 7 0
-144 -67 6 0
-145 -67 7 0
-146 -68 6 1
-146 -67 6 1
-146 -67 7 0
-147 -67 7 0
-147 -69 7 0
-146 -69 8 0
-146 -68 4 1
-146 -68 5 1
-145 -68 4 1
-145 -68 5 1
-105 -100 -1 1
-105 -99 -1 1
-106 -96 -1 1
-105 -98 -1 1
-105 -97 -1 1
-133 -100 5 1
-133 -97 3 1
-133 -97 4 1
-132 -100 0 1
-132 -100 1 1
-132 -100 2 1
-132 -99 0 1
-132 -99 1 2
-132 -99 2 1
-132 -98 0 1
-132 -98 1 1
-132 -98 2 1
-110 -81 3 2
-111 -82 2 1
-111 -81 2 1
-111 -81 3 2
-111 -80 2 1
-110 -82 2 1
-110 -82 3 1
-110 -82 4 1
-110 -81 2 1
-110 -81 4 1
-110 -80 2 1
-110 -80 3 1
-114 -51 7 0
-109 -82 2 1
-109 -82 3 1
-105 -92 0 1
-105 -92 1 1
-104 -93 -1 1
-104 -93 0 1
-104 -93 1 1
-104 -92 -1 1
-104 -92 0 1
-104 -92 1 1
-107 -94 2 1
-107 -94 3 1
-106 -94 2 2
-106 -94 3 1
-105 -94 3 1
-108 -95 2 1
-108 -95 3 1
-104 -100 -1 1
-104 -99 -1 1
-104 -98 -1 1
-104 -98 0 1
-104 -96 3 1
-104 -95 3 1
-104 -97 -1 1
-104 -97 0 1
-131 -100 0 1
-131 -100 1 1
-131 -100 2 1
-131 -99 0 1
-131 -99 1 2
-131 -99 2 1
-131 -98 0 1
-131 -98 1 1
-131 -98 2 1
-103 -95 2 1
-103 -94 2 1
-104 -94 2 1
-105 -93 2 1
-107 -93 2 1
-107 -93 3 1
-106 -93 2 2
-106 -93 3 1
-105 -93 3 1
-103 -97 2 0
-103 -97 1 0
-105 -95 4 0
-126 -84 4 0
-126 -84 2 0
-125 -85 3 0
-126 -86 3 1
-125 -85 2 0
-126 -86 2 1
-124 -87 5 1
-124 -86 5 1
-124 -84 5 0
-125 -85 -1 1
-125 -85 0 1
-125 -85 1 1
-125 -84 -1 1
-125 -84 0 2
-125 -84 1 1
-125 -83 -1 1
-125 -83 0 1
-126 -80 1 1
-117 -63 1 1
-117 -63 3 2
-117 -62 1 1
-117 -62 2 1
-117 -62 3 1
-116 -64 1 1
-124 -80 2 1
-116 -64 2 1
-116 -64 3 1
-116 -63 1 1
-116 -63 2 1
-116 -63 3 1
-116 -62 1 1
-116 -62 2 1
-116 -62 3 1
-126 -88 3 1
-126 -88 4 1
-126 -87 2 2
-126 -87 3 1
-126 -87 4 2
-126 -86 4 1
-125 -88 2 1
-125 -88 3 1
-125 -88 4 1
-125 -87 2 2
-125 -87 4 2
-125 -86 4 1
-124 -88 2 1
-124 -88 3 1
-124 -88 4 1
-126 -88 5 1
-126 -87 5 1
-126 -86 5 1
-125 -88 5 1
-125 -87 5 1
-125 -86 5 1
-124 -88 5 1
-126 -88 1 1
-126 -87 1 1
-126 -86 1 1
-125 -88 1 1
-125 -87 1 1
-125 -86 1 1
-112 -65 5 0
-111 -65 6 0
-115 -65 5 2
-114 -66 5 1
-114 -66 6 1
-113 -66 5 0
-112 -52 8 1
-112 -51 8 1
-113 -66 6 0
-111 -66 5 0
-111 -66 6 0
-111 -52 8 1
-111 -51 8 1
-114 -66 2 1
-114 -66 3 1
-110 -52 8 1
-110 -51 8 1
-117 -61 2 1
-117 -61 3 1
-113 -53 7 0
-116 -60 2 1
-116 -60 3 1
-116 -59 1 1
-116 -59 2 2
-116 -58 1 1
-116 -58 2 1
-116 -60 0 1
-116 -59 0 1
-116 -58 0 1
-119 -57 4 1
-118 -57 4 1
-120 -58 0 1
-120 -57 0 1
-120 -62 -1 1
-120 -62 0 1
-119 -62 -1 1
-119 -62 0 1
-118 -62 -1 1
-118 -62 0 1
-118 -61 -1 1
-118 -61 0 2
-118 -60 -1 1
-137 -86 8 0
-136 -88 8 0
-136 -88 9 0
-136 -89 9 0
-135 -88 8 0
-135 -88 9 0
-136 -87 10 0
-136 -87 7 0
-136 -87 6 0
-149 -86 6 1
-149 -86 7 1
-149 -85 5 1
-149 -85 6 1
-149 -85 7 1
-149 -84 5 1
-149 -84 6 1
-149 -84 7 1
-148 -86 5 1
-148 -86 6 1
-148 -86 7 1
-148 -85 5 2
-148 -85 7 1
-148 -84 5 2
-148 -84 6 2
-148 -84 7 2
-147 -86 5 2
-147 -86 6 1
-147 -86 7 1
-147 -85 5 1
-147 -85 6 1
-147 -85 7 1
-147 -84 5 1
-147 -84 6 2
-147 -84 7 1
-149 -86 4 1
-149 -85 4 1
-149 -84 4 1
-133 -87 8 0
-148 -85 4 1
-132 -87 8 0
-147 -86 4 1
-133 -87 9 0
-134 -86 8 0
-133 -85 8 0
-134 -86 9 0
-133 -85 9 0
-134 -85 8 0
-134 -85 9 0
-134 -88 8 0
-134 -89 8 0
-134 -88 9 0
-134 -89 9 0
-133 -88 8 0
-133 -88 9 0
-134 -87 10 0
-131 -64 0 1
-134 -87 6 1
-148 -70 7 1
-148 -71 4 1
-148 -71 5 1
-148 -71 6 1
-147 -71 4 1
-147 -71 5 1
-147 -71 6 1
-146 -71 4 1
-137 -65 3 1
-146 -71 6 1
-146 -70 4 1
-146 -70 5 1
-146 -70 6 1
-146 -69 4 1
-146 -69 5 2
-146 -69 6 1
-132 -86 8 0
-130 -65 1 1
-131 -86 8 0
-132 -86 9 0
-131 -86 9 0
-131 -85 8 0
-132 -85 9 0
-132 -85 8 0
-133 -84 8 0
-133 -86 9 0
-133 -86 8 0
-131 -88 8 0
-132 -87 9 0
-132 -88 9 0
-132 -88 8 0
-133 -86 10 0
-133 -86 5 2
-134 -87 4 1
-134 -87 5 1
-134 -86 4 1
-134 -86 5 2
-134 -86 6 2
-134 -85 4 1
-150 -86 7 0
-149 -77 5 1
-149 -77 6 1
-149 -77 7 1
-150 -87 7 0
-150 -88 6 0
-148 -79 7 2
-148 -78 5 1
-148 -78 7 1
-148 -77 5 1
-131 -61 1 2
-131 -62 0 1
-131 -62 1 1
-131 -62 2 1
-131 -61 0 1
-131 -61 2 1
-131 -60 0 1
-131 -60 1 1
-131 -60 2 1
-130 -62 0 1
-130 -62 1 1
-130 -62 2 1
-130 -61 0 1
-130 -61 1 1
-130 -61 2 1
-130 -60 0 1
-130 -60 1 1
-130 -60 2 1
-133 -61 4 2
-134 -62 4 1
-134 -62 5 1
-134 -61 4 1
-134 -61 5 1
-134 -60 4 1
-134 -60 5 1
-133 -62 4 1
-133 -62 5 1
-133 -61 5 1
-133 -60 4 1
-133 -60 5 1
-132 -62 4 1
-132 -62 5 1
-132 -61 4 1
-132 -61 5 1
-132 -60 4 1
-132 -60 5 1
-135 -61 2 2
-136 -62 1 1
-121 -61 0 1
-121 -61 1 1
-121 -60 -1 1
-121 -60 0 2
-121 -60 1 1
-121 -59 -1 1
-121 -59 0 1
-121 -59 1 1
-122 -60 2 0
-135 -62 2 1
-135 -62 3 1
-135 -61 1 2
-135 -61 3 2
-135 -60 1 1
-135 -60 2 1
-135 -60 3 1
-122 -58 3 1
-147 -61 4 1
-147 -60 4 1
-148 -63 2 1
-148 -63 3 0
-115 -62 4 1
-115 -61 4 1
-115 -60 4 1
-115 -59 2 1
-115 -58 2 1
-115 -59 1 1
-115 -58 1 1
-118 -63 5 1
-118 -62 5 2
-118 -61 5 1
-117 -63 5 2
-117 -62 5 1
-117 -61 5 1
-145 -63 5 1
-145 -63 6 1
-145 -62 5 1
-145 -62 6 1
-147 -64 -1 1
-147 -63 -1 1
-147 -63 0 2
-147 -62 -1 1
-126 -96 7 0
-125 -96 7 0
-125 -96 8 0
-125 -96 6 0
-128 -98 8 0
-127 -98 7 0
-127 -98 8 0
-127 -98 6 0
-126 -97 7 0
-126 -98 7 0
-126 -98 8 0
-116 -61 5 1
-118 -64 4 1
-117 -64 4 1
-116 -64 4 1
-116 -63 4 1
-118 -64 5 1
-117 -64 5 1
-116 -64 5 1
-116 -63 5 1
-116 -62 5 1
-115 -63 2 2
-115 -64 1 1
-115 -64 2 1
-115 -64 3 1
-115 -63 1 1
-115 -63 3 2
-114 -64 1 1
-114 -63 1 1
-116 -62 -1 1
-116 -62 0 1
-116 -61 -1 1
-116 -61 0 2
-116 -60 -1 1
-111 -67 9 2
-111 -66 7 1
-111 -66 8 2
-111 -66 9 1
-111 -65 8 1
-111 -65 9 1
-145 -65 8 1
-145 -65 9 1
-113 -88 2 1
-113 -87 -1 1
-113 -87 0 1
-113 -87 1 1
-112 -87 -1 1
-118 -60 6 1
-118 -59 6 1
-118 -58 6 1
-117 -60 6 1
-117 -59 6 2
-116 -60 6 1
-115 -64 4 1
-115 -63 4 1
-117 -61 6 1
-149 -65 6 1
-148 -66 4 1
-148 -66 5 2
-148 -66 6 1
-148 -65 4 1
-147 -66 4 1
-147 -66 5 1
-147 -66 6 1
-149 -73 6 1
-149 -73 7 1
-149 -73 5 0
-149 -73 8 1
-150 -64 8 2
-150 -64 9 1
-150 -62 7 1
-149 -64 7 1
-149 -64 8 1
-149 -64 9 1
-150 -81 6 1
-150 -81 5 1
-148 -65 10 2
-149 -66 10 1
-149 -66 11 1
-149 -65 10 1
-149 -65 11 1
-149 -64 10 2
-149 -64 11 1
-148 -66 10 1
-148 -66 11 1
-148 -65 11 1
-148 -64 10 1
-148 -64 11 1
-147 -66 9 1
-147 -66 10 1
-147 -66 11 1
-147 -65 10 1
-147 -65 11 1
-147 -64 10 1
-147 -64 11 1
-105 -85 8 1
-105 -85 9 1
-105 -84 8 1
-105 -84 9 1
-105 -83 7 1
-105 -83 8 1
-125 -63 3 1
-125 -62 3 1
-125 -61 3 2
-125 -69 4 1
-125 -69 5 1
-125 -69 6 1
-125 -68 4 1
-125 -68 5 1
-125 -68 6 1
-125 -67 4 1
-125 -67 5 1
-125 -67 6 1
-125 -66 5 0
-125 -66 6 0
-127 -63 7 1
-127 -63 8 1
-127 -63 9 1
-126 -63 7 1
-126 -63 8 1
-126 -63 9 1
-125 -65 7 1
-125 -65 8 1
-125 -65 9 1
-125 -64 7 1
-125 -64 8 1
-125 -64 9 1
-125 -63 7 1
-125 -63 8 1
-125 -63 9 1
-126 -64 4 0
-126 -64 3 0
-150 -65 10 1
-150 -65 11 1
-150 -64 10 1
-150 -64 11 1
-150 -63 11 1
-149 -63 11 1
-148 -63 10 1
-148 -63 11 1
-118 -82 2 2
-118 -82 3 1
-118 -81 2 2
-118 -81 3 2
-118 -80 2 1
-118 -80 3 1
-117 -83 2 1
-117 -84 4 0
-117 -84 2 1
-115 -85 2 0
-114 -84 2 1
-124 -62 5 1
-123 -66 5 2
-124 -67 4 1
-124 -67 5 1
-124 -67 6 1
-124 -66 4 1
-124 -66 5 1
-124 -66 6 1
-123 -67 4 1
-123 -67 5 1
-123 -67 6 1
-123 -66 4 2
-123 -66 6 1
-122 -67 4 1
-122 -67 5 1
-122 -67 6 1
-122 -66 4 1
-122 -66 5 1
-122 -66 6 1
-123 -66 7 2
-124 -67 7 1
-124 -67 8 1
-124 -66 7 1
-124 -66 8 1
-123 -67 7 1
-123 -67 8 1
-123 -66 8 1
-122 -67 7 1
-122 -67 8 1
-122 -66 7 1
-122 -66 8 1
-124 -67 3 1
-119 -59 5 1
-119 -59 6 1
-118 -61 6 1
-118 -63 6 1
-118 -62 6 1
-117 -63 6 1
-117 -62 6 1
-116 -61 6 1
-115 -62 -1 1
-115 -62 0 1
-115 -61 -1 1
-115 -61 0 1
-115 -60 -1 1
-115 -60 0 1
-111 -85 0 1
-111 -85 1 1
-124 -62 4 1
-124 -62 6 1
-123 -62 4 1
-123 -62 5 1
-123 -62 6 1
-122 -62 4 2
-122 -62 5 2
-122 -62 6 2
-124 -62 7 1
-123 -62 7 1
-122 -62 7 1
-118 -64 6 1
-117 -64 6 1
-116 -64 6 1
-116 -63 6 1
-116 -62 6 1
-117 -98 4 1
-117 -98 5 1
-117 -98 6 1
-117 -97 4 1
-117 -97 5 2
-117 -97 6 1
-117 -96 4 1
-117 -96 5 2
-117 -96 6 1
-118 -97 3 0
-119 -94 4 1
-119 -94 5 1
-122 -97 5 1
-121 -97 2 1
-118 -95 5 2
-121 -97 3 1
-121 -97 4 1
-121 -96 2 1
-121 -96 3 1
-121 -96 4 1
-121 -95 2 1
-121 -95 3 1
-121 -95 4 1
-123 -94 2 1
-125 -96 5 0
-120 -97 2 0
-122 -98 4 1
-122 -98 5 0
-122 -98 3 1
-123 -98 0 1
-123 -98 1 1
-123 -97 0 1
-123 -97 1 2
-123 -96 0 1
-123 -96 1 1
-148 -60 6 0
-116 -98 4 1
-121 -97 5 1
-121 -95 5 2
-122 -96 6 1
-122 -95 6 1
-122 -94 6 1
-121 -96 5 2
-121 -96 6 1
-121 -95 6 1
-121 -94 4 1
-121 -94 5 1
-121 -94 6 1
-120 -96 4 1
-118 -93 3 2
-120 -96 5 2
-120 -96 6 1
-120 -95 4 1
-120 -95 5 2
-120 -95 6 1
-120 -94 4 1
-120 -94 5 1
-120 -94 6 1
-122 -94 2 1
-124 -98 5 0
-123 -99 5 0
-121 -98 4 0
-123 -97 6 0
-122 -98 0 1
-122 -98 1 1
-122 -98 2 1
-122 -97 0 1
-122 -97 1 2
-122 -96 0 1
-122 -96 1 1
-119 -99 3 0
-118 -98 3 0
-120 -98 7 1
-120 -97 7 1
-120 -96 7 1
-119 -98 7 1
-119 -97 7 1
-119 -96 7 1
-118 -98 7 1
-118 -97 7 1
-118 -96 7 1
-119 -97 2 0
-115 -98 4 1
-115 -98 5 1
-115 -98 6 1
-115 -97 4 1
-115 -97 5 1
-115 -97 6 1
-115 -96 4 1
-131 -69 2 1
-131 -69 3 1
-145 -66 6 0
-136 -68 1 1
-145 -66 7 0
-147 -66 7 1
-135 -68 1 2
-148 -66 8 1
-148 -66 9 1
-148 -65 9 1
-148 -69 8 1
-148 -69 9 1
-148 -68 7 1
-148 -68 8 1
-148 -68 9 1
-148 -67 8 1
-148 -67 9 1
-147 -68 7 0
-147 -68 10 2
-148 -69 10 1
-148 -69 11 1
-148 -68 10 1
-148 -68 11 1
-148 -67 10 1
-148 -67 11 1
-147 -69 9 1
-147 -69 10 1
-147 -69 11 1
-147 -68 9 1
-147 -68 11 1
-147 -67 9 1
-147 -67 10 1
-147 -67 11 1
-146 -69 9 1
-146 -69 10 1
-146 -69 11 1
-146 -68 9 1
-146 -68 10 1
-146 -68 11 1
-146 -67 9 1
-146 -67 10 1
-146 -67 11 1
-147 -68 8 0
-146 -67 4 1
-146 -67 5 1
-133 -69 1 1
-132 -69 1 2
-131 -69 1 1
-133 -69 0 2
-132 -69 0 1
-131 -69 0 1
-136 -67 1 1
-136 -67 2 1
-136 -67 3 1
-135 -67 1 1
-135 -67 2 2
-135 -67 3 2
-134 -67 1 1
-134 -67 2 1
-134 -67 3 1
-145 -67 6 0
-146 -66 7 0
-146 -66 6 1
-147 -65 9 1
-146 -65 9 1
-148 -70 8 1
-148 -70 9 1
-147 -67 8 0
-146 -66 5 1
-113 -84 2 1
-113 -84 3 1
-113 -83 2 1
-113 -82 2 1
-114 -83 -1 1
-114 -83 0 2
-114 -83 1 1
-113 -83 -1 1
-113 -83 0 2
-113 -83 1 1
-112 -83 -1 1
-112 -83 0 1
-112 -83 1 1
-108 -78 7 0
-107 -78 7 1
-108 -78 8 0
-108 -78 6 1
-107 -78 6 1
-108 -76 7 0
-108 -76 8 0
-108 -76 6 0
-109 -76 8 0
-111 -78 7 0
-111 -79 7 0
-111 -79 8 0
-109 -79 7 0
-109 -80 7 0
-109 -79 8 0
-109 -79 6 0
-108 -79 7 0
-108 -79 8 0
-108 -79 6 1
-109 -78 9 0
-109 -78 5 0
-116 -61 1 1
-116 -61 2 1
-116 -61 3 1
-115 -62 1 1
-115 -62 2 1
-115 -62 3 1
-115 -61 1 1
-115 -61 3 2
-115 -60 1 1
-115 -60 2 1
-115 -60 3 1
-114 -62 1 1
-114 -61 1 1
-114 -60 1 1
-118 -60 5 2
-118 -59 5 1
-118 -58 5 1
-117 -60 5 2
-117 -59 5 2
-116 -60 4 1
-116 -60 5 1
-117 -61 1 1
-118 -63 4 1
-117 -63 4 2
-117 -62 4 1
-117 -61 4 1
-117 -62 -1 1
-117 -62 0 1
-117 -61 -1 1
-117 -61 0 2
-117 -60 -1 1
-115 -83 -1 1
-115 -83 0 2
-115 -83 1 1
-115 -82 -1 1
-115 -82 0 1
-115 -82 1 1
-115 -81 -1 1
-121 -51 3 1
-120 -51 3 1
-110 -75 7 0
-109 -75 7 0
-109 -75 8 0
-109 -75 6 0
-109 -74 8 0
-113 -75 7 0
-112 -77 8 0
-111 -77 7 0
-111 -77 8 0
-109 -77 7 0
-109 -77 8 0
-105 -79 7 2
-106 -80 6 1
-106 -80 7 1
-106 -79 6 1
-106 -79 7 1
-106 -79 8 2
-106 -78 6 1
-106 -78 7 1
-106 -78 8 1
-105 -80 6 1
-105 -80 7 1
-105 -79 6 1
-105 -79 8 1
-105 -78 6 2
-105 -78 7 1
-105 -78 8 1
-104 -80 6 1
-104 -79 6 1
-104 -79 7 1
-104 -79 8 1
-104 -78 6 1
-104 -78 7 1
-104 -78 8 1
-107 -79 7 1
-107 -80 7 1
-107 -80 8 1
-107 -80 9 1
-107 -79 8 1
-107 -79 9 1
-107 -78 8 1
-107 -78 9 1
-106 -79 9 1
-106 -78 9 1
-105 -79 9 1
-105 -78 9 1
-107 -79 6 1
-115 -84 3 0
-107 -77 8 0
-107 -77 6 0
-110 -79 8 0
-110 -80 7 0
-110 -80 8 0
-110 -80 6 0
-108 -80 7 0
-108 -81 7 0
-108 -80 8 0
-108 -80 6 1
-107 -80 6 1
-108 -79 9 0
-108 -79 5 1
-150 -51 5 0
-112 -84 1 1
-133 -84 1 2
-108 -77 7 0
-108 -77 8 0
-108 -77 6 0
-109 -76 7 0
-109 -76 6 0
-111 -78 8 0
-110 -78 7 0
-110 -79 7 0
-110 -77 7 0
-110 -78 8 0
-110 -78 6 0
-110 -79 6 0
-109 -78 7 0
-109 -78 8 0
-109 -78 6 0
-110 -77 8 0
-110 -77 9 0
-110 -77 6 0
-131 -81 4 1
-133 -85 1 1
-133 -85 2 1
-133 -85 3 1
-132 -85 1 1
-132 -85 2 1
-132 -85 3 1
-132 -86 2 1
-131 -88 3 1
-131 -88 4 1
-131 -88 5 1
-131 -87 3 1
-131 -86 3 1
-130 -88 3 1
-130 -88 4 1
-130 -88 5 1
-130 -87 3 1
-129 -88 3 1
-129 -88 4 1
-129 -88 5 1
-129 -87 3 1
-131 -84 5 2
-131 -83 5 1
-130 -84 5 1
-130 -83 5 1
-129 -84 5 1
-129 -83 5 1
-140 -90 7 0
-140 -90 8 0
-139 -90 7 0
-139 -91 7 0
-139 -91 8 0
-134 -83 2 2
-134 -83 3 1
-134 -83 4 1
-134 -82 2 1
-134 -82 3 1
-134 -82 4 2
-134 -81 2 1
-134 -81 3 1
-134 -81 4 1
-132 -88 0 1
-132 -88 1 1
-132 -88 2 1
-132 -87 0 1
-132 -87 1 1
-132 -87 2 1
-132 -86 0 1
-132 -86 1 1
-132 -84 5 2
-132 -84 6 1
-132 -83 5 1
-132 -83 6 1
-131 -84 6 1
-131 -83 6 1
-130 -84 6 1
-130 -83 6 1
-132 -85 0 1
-132 -84 0 1
-132 -83 0 1
-148 -60 4 1
-149 -63 2 0
-149 -63 3 0
-149 -63 1 1
-148 -64 3 1
-148 -66 3 1
-148 -65 3 1
-146 -66 4 1
-146 -65 4 1
-148 -64 -1 1
-148 -63 -1 1
-149 -57 7 0
-148 -62 -1 1
-149 -57 8 1
-140 -91 4 1
-140 -91 5 1
-140 -90 4 1
-140 -90 5 1
-140 -90 6 1
-140 -89 4 1
-139 -91 4 1
-139 -91 5 1
-139 -91 6 1
-139 -90 4 1
-139 -90 6 1
-139 -89 4 1
-138 -91 4 1
-138 -91 5 1
-138 -91 6 1
-138 -90 4 1
-138 -90 5 1
-138 -90 6 1
-138 -89 4 1
-138 -89 5 1
-110 -67 7 1
-110 -67 8 1
-110 -67 9 1
-149 -56 8 1
-150 -56 9 1
-150 -56 10 1
-136 -90 8 0
-137 -89 7 0
-137 -89 8 0
-139 -86 5 1
-139 -86 6 1
-139 -86 7 1
-138 -88 5 1
-138 -87 5 1
-138 -86 5 1
-137 -86 5 1
-149 -62 2 1
-149 -61 2 1
-149 -61 3 1
-149 -62 1 1
-149 -61 1 1
-150 -63 2 1
-150 -63 3 0
-150 -63 1 1
-149 -64 2 0
-149 -64 3 0
-149 -64 1 1
-149 -64 -1 1
-149 -64 0 1
-149 -63 -1 1
-149 -63 0 2
-149 -62 -1 1
-149 -62 0 1
-127 -86 3 1
-127 -88 1 1
-127 -88 2 1
-127 -88 3 1
-127 -87 1 1
-127 -87 2 2
-127 -87 3 1
-127 -86 1 1
-127 -88 4 1
-127 -88 5 1
-119 -51 1 1
-119 -51 2 1
-119 -51 3 1
-127 -86 5 1
-127 -85 -1 1
-127 -85 0 1
-127 -85 1 1
-127 -84 -1 1
-127 -84 0 2
-119 -51 0 1
-127 -83 -1 1
-127 -83 0 1
-119 -80 4 1
-119 -80 5 1
-119 -80 6 1
-118 -82 4 1
-118 -82 5 1
-123 -87 7 0
-123 -86 7 0
-124 -86 8 0
-124 -86 7 0
-125 -87 8 0
-125 -87 7 0
-125 -84 8 0
-124 -83 8 0
-126 -85 9 0
-125 -86 7 0
-146 -62 1 1
-148 -76 7 1
-146 -62 2 1
-146 -62 3 1
-146 -61 1 2
-146 -61 2 2
-146 -61 3 2
-146 -60 1 1
-146 -60 2 1
-146 -60 3 1
-146 -62 4 1
-146 -61 4 1
-146 -60 4 1
-146 -62 0 1
-146 -61 0 1
-146 -60 0 1
-145 -63 3 1
-144 -64 3 1
-146 -66 0 1
-146 -66 1 1
-146 -66 2 1
-146 -65 0 1
-146 -65 1 2
-146 -65 2 2
-146 -64 0 1
-146 -64 1 2
-146 -64 2 2
-145 -66 0 1
-145 -66 1 1
-145 -66 2 1
-144 -66 0 1
-144 -66 1 1
-144 -66 2 1
-143 -65 3 1
-143 -65 4 1
-143 -64 4 1
-143 -63 4 1
-144 -64 -1 1
-144 -63 -1 1
-144 -62 -1 1
-149 -63 10 1
-149 -63 9 1
-149 -63 8 2
-150 -63 10 1
-150 -63 8 2
-149 -72 5 0
-149 -71 7 1
-149 -71 8 1
-147 -62 6 1
-147 -62 5 1
-147 -62 4 1
-147 -63 6 1
-147 -63 5 2
-147 -63 4 1
-147 -64 6 2
-147 -64 5 1
-150 -75 6 1
-150 -75 5 0
-128 -85 5 1
-149 -74 6 1
-149 -75 6 1
-111 -85 7 0
-148 -75 7 2
-112 -84 5 1
-112 -84 4 1
-150 -72 4 0
-149 -72 8 1
-148 -75 6 1
-148 -70 6 1
-150 -56 6 1
-147 -65 6 1
-147 -65 5 1
-147 -65 4 1
-149 -71 5 0
-149 -72 7 1
-149 -79 6 2
-113 -87 6 2
-115 -85 7 0
-114 -83 6 0
-113 -82 5 0
-113 -82 7 0
-149 -59 7 1
-149 -59 6 1
-148 -64 6 1
-148 -64 5 2
-149 -64 6 1
-149 -64 5 1
-149 -63 7 1
-150 -64 5 0
-150 -54 6 1
-149 -58 7 0
-149 -58 6 1
-150 -54 7 1
-150 -71 8 1
-147 -84 8 1
-148 -87 6 1
-146 -81 6 1
-146 -80 5 1
-146 -80 6 1
-146 -80 7 1
-148 -82 4 1
-147 -82 4 1
-147 -81 4 1
-147 -80 4 1
-150 -83 6 1
-150 -83 5 1
-149 -83 6 2
-149 -69 9 1
-150 -69 4 0
-149 -83 7 1
-135 -87 8 0
-148 -63 6 1
-148 -63 5 2
-148 -63 4 1
-149 -61 5 1
-149 -62 4 1
-149 -63 6 1
-149 -63 5 1
-149 -63 4 1
-150 -61 5 1
-150 -61 4 1
-150 -62 5 1
-149 -57 6 1
-150 -63 4 1
-147 -62 1 1
-149 -60 7 1
-147 -62 2 1
-147 -62 3 1
-147 -61 1 2
-147 -61 2 2
-147 -61 3 2
-147 -60 1 2
-147 -60 2 2
-147 -60 3 1
-147 -62 0 1
-147 -61 0 1
-147 -60 0 1
-146 -63 2 1
-146 -63 3 1
-146 -63 1 1
-147 -66 1 1
-147 -66 2 1
-147 -66 3 1
-147 -65 1 2
-147 -65 2 2
-147 -65 3 2
-147 -64 1 2
-147 -64 2 1
-147 -64 3 1
-146 -66 3 1
-146 -65 3 1
-146 -64 3 1
-145 -66 3 1
-145 -65 3 1
-145 -64 3 1
-147 -66 0 1
-147 -65 0 1
-147 -64 0 1
-143 -66 0 1
-143 -66 1 1
-143 -66 2 1
-143 -66 3 1
-142 -66 1 1
-142 -66 2 1
-142 -66 3 1
-141 -66 1 1
-141 -66 2 1
-141 -66 3 1
-142 -66 0 1
-150 -60 10 1
-149 -60 8 2
-149 -60 9 1
-149 -60 10 1
-149 -59 8 1
-149 -59 9 1
-149 -59 10 1
-149 -58 8 1
-149 -58 9 1
-119 -85 4 1
-104 -81 7 1
-103 -81 7 1
-102 -81 7 1
-102 -81 8 1
-102 -81 9 1
-106 -82 9 1
-106 -82 10 1
-106 -81 8 1
-128 -82 2 2
-129 -83 1 1
-129 -83 2 2
-129 -83 3 2
-129 -82 1 1
-129 -82 2 1
-129 -82 3 1
-105 -80 10 1
-104 -80 8 1
-104 -80 9 1
-104 -80 10 1
-105 -81 7 1
-106 -82 3 1
-106 -82 4 1
-106 -82 5 1
-105 -82 3 1
-128 -81 2 1
-128 -81 3 1
-128 -84 2 1
-128 -84 3 1
-127 -86 2 1
-147 -89 5 1
-147 -89 6 1
-147 -87 5 1
-149 -91 5 0
-147 -90 5 1
-147 -90 6 1
-149 -89 4 0
-149 -89 3 0
-115 -92 6 1
-115 -92 2 1
-114 -92 2 1
-113 -92 2 1
-112 -95 3 0
-111 -93 7 1
-112 -94 1 2
-113 -95 0 1
-113 -95 1 1
-113 -94 0 1
-113 -94 1 1
-113 -93 0 1
-113 -93 1 1
-112 -95 0 1
-112 -95 1 1
-112 -95 2 1
-112 -94 0 1
-112 -94 2 1
-112 -93 0 1
-112 -93 1 2
-112 -93 2 1
-111 -95 0 1
-111 -95 1 1
-111 -95 2 1
-111 -94 0 1
-111 -94 1 1
-111 -94 2 1
-111 -93 0 1
-111 -93 1 1
-111 -93 2 1
-117 -83 3 1
-115 -85 3 1
-115 -85 4 1
-116 -84 -1 1
-116 -84 0 1
-116 -84 1 1
-116 -83 -1 1
-116 -83 0 2
-116 -83 1 2
-116 -82 -1 1
-116 -82 0 1
-116 -82 1 1
-115 -83 2 1
-109 -93 3 2
-110 -94 2 1
-110 -94 3 1
-110 -93 2 1
-110 -93 3 1
-110 -92 2 1
-110 -92 3 1
-109 -94 2 1
-109 -94 3 1
-109 -94 4 1
-109 -93 2 1
-109 -92 2 1
-109 -92 3 2
-108 -94 2 1
-108 -94 3 1
-108 -94 4 1
-108 -93 2 1
-108 -93 3 1
-108 -93 4 1
-108 -92 2 1
-108 -92 3 1
-108 -92 4 1
-111 -92 3 1
-112 -91 3 1
-114 -91 3 1
-113 -91 3 2
-114 -91 2 1
-113 -91 2 1
-112 -92 2 1
-112 -91 2 1
-113 -92 0 1
-113 -92 1 1
-112 -92 0 1
-112 -92 1 2
-143 -80 5 2
-143 -80 6 2
-143 -80 7 1
-143 -79 5 1
-143 -79 6 1
-143 -79 7 1
-142 -81 5 1
-142 -81 6 1
-142 -81 7 1
-142 -80 5 2
-142 -80 7 1
-142 -79 5 2
-142 -81 8 1
-142 -80 8 1
-143 -81 4 1
-143 -80 4 1
-143 -79 4 1
-142 -81 4 1
-142 -80 4 1
-142 -79 4 1
-141 -81 4 1
-141 -80 4 1
-141 -79 4 1
-140 -79 4 1
-139 -79 4 1
-139 -77 6 1
-139 -77 7 2
-139 -77 8 1
-138 -77 6 1
-138 -77 7 1
-138 -77 8 1
-141 -76 6 1
-128 -64 5 0
-141 -76 7 2
-141 -76 8 1
-140 -76 6 1
-140 -76 7 2
-140 -76 8 1
-139 -76 6 1
-139 -76 7 1
-139 -76 8 1
-140 -76 5 2
-141 -77 4 1
-141 -77 5 2
-141 -76 4 1
-141 -76 5 1
-141 -75 4 1
-141 -75 5 1
-141 -75 6 2
-140 -77 4 1
-140 -77 5 1
-140 -76 4 1
-140 -75 4 1
-140 -75 5 2
-140 -75 6 1
-139 -77 4 1
-139 -77 5 1
-139 -76 4 1
-139 -76 5 1
-139 -75 4 1
-139 -75 5 1
-139 -75 6 1
-143 -78 7 2
-143 -78 8 1
-143 -78 9 1
-143 -77 7 1
-143 -77 8 1
-143 -77 9 1
-143 -76 7 2
-143 -76 8 1
-143 -76 9 1
-121 -51 5 1
-121 -51 6 1
-142 -76 7 2
-142 -76 8 2
-142 -76 9 1
-141 -78 9 1
-141 -77 9 1
-141 -76 9 1
-143 -78 5 1
-143 -78 6 1
-142 -78 5 2
-141 -78 5 1
-143 -80 8 1
-143 -80 9 1
-143 -79 8 1
-143 -79 9 1
-142 -80 9 1
-142 -79 9 1
-143 -78 4 1
-142 -78 4 1
-141 -78 4 1
-140 -78 9 1
-139 -78 9 1
-121 -51 7 1
-140 -78 5 2
-139 -78 4 1
-120 -51 7 1
-119 -51 7 1
-126 -65 5 0
-127 -64 5 0
-127 -64 6 0
-128 -62 5 2
-129 -63 4 1
-129 -63 6 1
-129 -62 4 1
-129 -62 5 1
-138 -77 4 1
-138 -77 5 2
-137 -77 4 1
-137 -77 5 1
-137 -77 6 1
-136 -77 4 1
-136 -77 5 1
-136 -77 6 1
-138 -76 6 1
-138 -76 7 1
-138 -76 8 1
-141 -75 7 2
-141 -75 8 1
-140 -75 7 1
-140 -75 8 1
-139 -75 7 1
-139 -75 8 1
-141 -74 4 1
-127 -61 4 1
-141 -74 5 1
-141 -74 6 1
-140 -74 4 1
-140 -74 5 1
-140 -74 6 1
-139 -74 4 1
-139 -74 5 1
-139 -74 6 1
-143 -77 6 1
-143 -76 6 1
-142 -76 6 1
-144 -79 6 1
-144 -79 7 1
-144 -79 8 1
-144 -78 6 1
-144 -78 7 1
-144 -78 8 2
-144 -77 6 1
-144 -77 7 1
-144 -77 8 1
-144 -81 5 1
-144 -81 6 1
-144 -81 7 1
-144 -80 5 1
-144 -80 6 1
-144 -80 7 1
-144 -79 5 1
-144 -81 4 1
-144 -80 4 1
-144 -79 4 1
-110 -53 4 1
-126 -65 6 0
-126 -63 5 1
-126 -64 6 0
-126 -64 5 0
-129 -63 3 1
-129 -62 3 1
-129 -61 3 1
-128 -63 3 1
-128 -62 3 1
-128 -61 3 1
-127 -63 3 1
-127 -62 3 1
-127 -61 3 1
-128 -66 4 1
-127 -66 4 1
-135 -83 7 1
-136 -83 7 1
-134 -84 7 1
-134 -83 7 1
-137 -83 7 1
-138 -83 6 1
-138 -83 7 1
-138 -85 6 0
-139 -85 6 0
-138 -85 7 0
-137 -85 8 0
-150 -61 2 2
-150 -62 1 1
-150 -62 2 1
-150 -62 3 1
-150 -61 1 2
-150 -61 3 2
-150 -60 1 1
-150 -60 2 1
-149 -62 3 1
-149 -60 1 1
-149 -60 2 1
-150 -62 0 1
-150 -61 0 1
-150 -60 0 1
-149 -61 0 1
-149 -60 0 1
-150 -64 2 1
-150 -64 3 0
-131 -93 4 1
-131 -92 4 1
-132 -90 6 1
-132 -91 4 1
-132 -90 4 1
-150 -66 0 1
-150 -66 1 1
-150 -66 2 1
-150 -65 0 1
-150 -65 1 1
-150 -65 2 1
-150 -64 0 1
-150 -64 1 1
-149 -65 2 0
-149 -65 1 0
-150 -64 -1 1
-150 -63 -1 1
-150 -63 0 2
-150 -62 -1 1
-134 -91 2 1
-134 -91 3 1
-134 -91 4 1
-133 -93 2 1
-137 -82 5 1
-133 -93 4 1
-137 -82 6 2
-137 -82 7 1
-136 -82 5 1
-136 -82 6 1
-136 -82 7 1
-135 -82 7 1
-137 -81 6 1
-132 -92 3 1
-137 -81 8 2
-138 -82 7 1
-138 -82 8 1
-138 -82 9 1
-138 -81 7 2
-134 -64 8 1
-134 -64 9 1
-134 -63 7 1
-134 -63 8 2
-134 -63 9 1
-134 -62 7 1
-134 -62 8 1
-134 -62 9 1
-135 -62 6 0
-140 -66 9 1
-138 -67 6 1
-138 -67 7 1
-138 -67 8 1
-137 -67 6 1
-137 -67 7 1
-137 -67 8 1
-137 -66 6 1
-136 -67 6 1
-136 -67 7 1
-150 -59 2 1
-149 -59 2 1
-139 -82 6 1
-139 -82 7 1
-139 -83 6 0
-139 -83 7 0
-138 -84 6 0
-138 -84 7 0
-139 -85 7 0
-137 -83 8 0
-130 -100 6 0
-130 -100 7 0
-130 -100 5 1
-133 -64 7 1
-133 -64 8 2
-133 -64 9 1
-133 -63 7 1
-133 -63 8 1
-133 -63 9 1
-133 -62 7 1
-133 -62 8 1
-133 -62 9 1
-134 -63 6 0
-136 -61 6 0
-135 -66 6 2
-137 -66 5 1
-109 -81 7 0
-109 -81 6 0
-107 -81 7 0
-107 -81 6 1
-106 -81 7 0
-106 -81 6 1
-107 -79 5 2
-108 -80 4 1
-108 -80 5 1
-108 -79 4 1
-108 -78 4 1
-108 -78 5 1
-107 -80 4 1
-107 -80 5 1
-107 -79 4 1
-107 -78 4 1
-107 -78 5 1
-106 -80 4 1
-106 -80 5 2
-106 -79 4 1
-106 -79 5 1
-106 -78 4 1
-106 -78 5 1
-108 -82 6 0
-105 -82 6 1
-107 -81 4 1
-107 -81 5 1
-106 -81 4 1
-106 -81 5 1
-105 -81 4 2
-105 -81 5 1
-105 -81 6 1
-105 -80 4 1
-105 -80 5 1
-105 -79 4 1
-105 -79 5 1
-138 -62 1 1
-138 -62 2 1
-138 -62 3 1
-138 -61 1 2
-138 -61 2 2
-138 -61 3 2
-138 -60 1 1
-138 -60 2 1
-138 -60 3 2
-110 -66 7 1
-110 -66 8 1
-110 -66 9 1
-110 -65 7 1
-110 -65 8 1
-110 -65 9 1
-115 -68 7 0
-113 -68 7 0
-113 -68 8 0
-112 -68 7 0
-119 -83 4 1
-123 -83 2 1
-123 -83 3 1
-123 -83 4 1
-123 -82 2 2
-123 -82 3 2
-123 -82 4 1
-123 -81 2 1
-123 -81 3 1
-123 -81 4 1
-123 -83 1 1
-123 -82 1 1
-123 -81 1 1
-122 -87 2 1
-122 -87 3 1
-122 -87 4 1
-121 -87 4 1
-122 -87 5 1
-121 -87 5 1
-122 -87 1 1
-121 -85 -1 1
-121 -85 0 1
-121 -84 -1 1
-121 -84 0 2
-121 -83 -1 1
-121 -83 0 1
-124 -83 1 1
-124 -83 2 1
-124 -83 3 1
-124 -82 1 1
-124 -82 2 2
-124 -82 3 2
-135 -100 4 0
-135 -100 3 0
-137 -100 5 0
-137 -100 6 0
-136 -100 0 1
-136 -100 1 1
-136 -100 2 1
-136 -99 0 1
-136 -99 1 2
-148 -63 8 2
-148 -63 9 1
-148 -62 8 2
-148 -62 9 1
-148 -61 8 1
-148 -61 9 1
-147 -63 8 2
-148 -64 8 1
-148 -64 9 1
-147 -64 7 2
-147 -64 8 2
-147 -64 9 1
-147 -63 7 1
-147 -63 9 1
-147 -62 7 1
-147 -62 8 1
-147 -62 9 1
-146 -64 7 1
-146 -64 8 2
-146 -64 9 1
-146 -63 7 1
-146 -63 8 2
-146 -63 9 1
-146 -62 7 1
-146 -62 8 1
-146 -62 9 1
-142 -100 -1 1
-142 -100 0 1
-142 -100 1 1
-142 -99 -1 1
-142 -99 0 1
-142 -99 1 1
-143 -100 2 0
-120 -97 6 1
-129 -99 4 1
-129 -97 2 2
-130 -98 1 1
-119 -97 4 1
-130 -98 2 2
-130 -97 1 1
-130 -97 2 1
-130 -96 1 1
-130 -96 2 1
-129 -98 1 2
-129 -98 2 1
-129 -98 3 1
-129 -97 1 1
-129 -97 3 1
-129 -96 1 1
-129 -96 2 1
-129 -96 3 1
-128 -98 1 2
-120 -97 3 0
-128 -98 2 1
-128 -98 3 1
-128 -97 1 1
-128 -97 2 2
-128 -97 3 2
-128 -96 1 1
-128 -96 2 1
-128 -96 3 1
-131 -96 2 2
-132 -97 1 1
-132 -97 2 1
-145 -64 7 1
-132 -96 2 1
-145 -64 8 1
-145 -64 9 1
-145 -63 7 1
-145 -63 8 2
-145 -63 9 1
-145 -62 7 1
-145 -62 8 1
-145 -62 9 1
-147 -61 7 1
-147 -61 8 1
-147 -61 6 0
-148 -60 8 2
-148 -60 7 1
-148 -60 9 1
-148 -59 7 1
-148 -59 8 1
-148 -59 9 1
-147 -61 9 1
-147 -60 7 1
-147 -60 8 2
-140 -100 4 0
-139 -100 4 0
-119 -97 3 0
-140 -100 3 0
-140 -99 4 1
-139 -98 3 2
-140 -99 2 1
-140 -99 3 1
-122 -100 3 1
-122 -100 4 1
-122 -99 2 1
-121 -99 4 0
-121 -99 5 0
-121 -99 3 0
-120 -98 3 0
-108 -96 1 1
-108 -96 2 1
-108 -96 3 1
-107 -96 3 1
-106 -96 3 1
-106 -100 0 2
-106 -99 0 1
-105 -100 0 1
-105 -99 0 2
-105 -82 4 1
-105 -82 5 1
-149 -58 10 1
-104 -84 4 1
-104 -84 5 1
-104 -83 3 1
-115 -84 8 0
-115 -84 7 0
-113 -86 5 1
-113 -86 6 1
-114 -85 6 1
-148 -88 5 0
-148 -88 9 0
-147 -89 7 0
-147 -89 8 0
-146 -89 7 0
-148 -89 8 0
-116 -86 8 1
-148 -90 7 0
-146 -51 0 1
-146 -51 1 1
-146 -51 2 1
-148 -86 8 0
-148 -87 5 1
-148 -87 7 0
-146 -88 7 0
-145 -51 0 1
-145 -51 1 1
-145 -51 2 1
-115 -88 7 1
-115 -88 6 1
-115 -88 5 2
-144 -51 0 1
-144 -51 1 1
-144 -51 2 1
-146 -83 8 1
-146 -84 8 1
-146 -84 7 1
-146 -84 6 1
-149 -77 4 1
-150 -85 4 0
-146 -84 5 1
-146 -85 7 1
-146 -85 6 2
-146 -85 5 1
-112 -88 8 1
-149 -79 5 2
-113 -87 8 1
-148 -78 6 2
-150 -77 5 1
-150 -76 5 0
-150 -77 6 1
-150 -76 6 1
-112 -87 6 2
-112 -87 5 1
-112 -88 7 1
-112 -88 5 1
-113 -86 7 1
-113 -87 5 1
-113 -88 7 1
-143 -51 0 1
-143 -51 1 1
-143 -51 2 1
-118 -83 6 0
-118 -84 8 0
-118 -83 7 0
-148 -75 5 0
-118 -85 6 0
-118 -85 8 0
-112 -83 7 0
-118 -85 7 0
-111 -84 5 1
-112 -84 7 0
-121 -83 6 0
-111 -84 6 1
-148 -69 4 1
-112 -84 6 1
-118 -82 6 1
-118 -81 4 2
-118 -81 5 1
-118 -80 6 1
-120 -89 5 1
-120 -88 5 1
-120 -87 5 1
-119 -89 5 1
-119 -88 5 1
-118 -89 7 1
-118 -88 5 1
-118 -88 6 1
-112 -66 5 0
-112 -66 6 0
-109 -66 4 2
-118 -87 7 1
-119 -86 6 0
-117 -86 6 0
-117 -86 7 0
-119 -85 5 1
-117 -80 5 1
-117 -80 6 1
-110 -65 4 1
-110 -65 5 1
-116 -82 6 1
-116 -81 5 2
-150 -84 4 0
-150 -84 8 0
-150 -86 5 0
-150 -71 7 1
-109 -65 4 1
-150 -85 6 0
-116 -81 6 2
-116 -81 7 1
-116 -80 5 2
-116 -80 6 2
-150 -84 7 1
-147 -83 8 1
-150 -70 5 1
-147 -85 8 1
-148 -83 8 1
-111 -64 5 0
-148 -85 8 1
-149 -83 8 1
-149 -84 8 1
-149 -85 8 1
-102 -80 10 1
-121 -85 5 1
-121 -85 6 0
-117 -65 4 1
-117 -65 5 1
-117 -65 6 1
-116 -67 4 1
-116 -67 5 1
-116 -67 6 1
-116 -66 4 2
-116 -66 6 2
-116 -65 4 1
-116 -65 5 1
-116 -65 6 1
-115 -67 4 1
-115 -67 5 1
-115 -67 6 1
-115 -66 4 1
-115 -66 5 1
-115 -66 6 1
-115 -65 4 1
-115 -65 6 2
-116 -66 7 2
-117 -67 7 1
-117 -67 8 1
-117 -66 7 1
-117 -66 8 1
-117 -65 7 1
-117 -65 8 1
-116 -67 7 1
-116 -67 8 1
-116 -66 8 2
-116 -65 7 1
-116 -65 8 2
-115 -67 7 1
-115 -67 8 1
-115 -66 7 1
-115 -66 8 1
-115 -65 7 2
-115 -65 8 2
-110 -72 7 0
-112 -72 8 0
-111 -72 8 0
-114 -72 8 0
-114 -73 7 0
-114 -73 8 0
-112 -73 8 0
-111 -73 7 0
-111 -73 8 0
-112 -72 9 0
-114 -67 6 0
-113 -68 5 0
-108 -94 1 1
-113 -67 6 0
-113 -68 6 0
-112 -67 5 0
-111 -67 5 0
-111 -67 6 0
-113 -66 8 2
-114 -67 7 1
-114 -67 8 1
-114 -67 9 1
-114 -66 7 1
-114 -66 8 1
-114 -66 9 1
-114 -65 7 1
-114 -65 8 2
-114 -65 9 2
-113 -67 7 1
-113 -67 8 1
-113 -67 9 1
-113 -66 7 1
-113 -66 9 2
-113 -65 8 2
-113 -65 9 2
-112 -67 7 1
-112 -67 8 1
-112 -67 9 1
-112 -66 7 1
-112 -66 8 2
-112 -66 9 1
-112 -65 7 1
-112 -65 8 1
-112 -65 9 1
-114 -67 2 1
-114 -67 3 1
-114 -67 4 1
-113 -67 2 1
-113 -67 3 1
-113 -67 4 1
-112 -67 2 1
-112 -67 3 2
-112 -67 4 1
-104 -89 0 1
-103 -89 0 1
-102 -90 0 1
-102 -89 0 1
-105 -92 4 1
-117 -52 7 0
-116 -54 7 0
-116 -54 8 0
-115 -54 7 0
-115 -54 8 0
-114 -53 8 0
-113 -54 8 0
-115 -52 9 0
-110 -73 7 0
-110 -73 8 0
-113 -73 7 0
-113 -73 8 0
-113 -74 7 0
-113 -74 8 0
-112 -74 8 0
-112 -75 8 0
-111 -74 7 0
-111 -74 8 0
-112 -73 9 0
-137 -66 2 1
-137 -65 0 1
-137 -65 1 1
-137 -65 2 1
-136 -66 0 1
-136 -65 0 1
-135 -66 0 1
-135 -65 0 1
-134 -65 -1 1
-133 -65 -1 1
-132 -65 -1 1
-132 -64 3 1
-134 -64 3 1
-136 -64 2 2
-136 -64 3 2
-136 -64 4 1
-135 -64 2 2
-135 -64 3 2
-135 -64 4 1
-134 -64 4 1
-137 -64 0 1
-137 -64 1 1
-137 -64 2 2
-136 -64 0 1
-136 -64 1 2
-113 -55 8 0
-114 -53 9 0
-134 -64 -1 1
-133 -64 -1 1
-132 -64 -1 1
-110 -74 7 0
-109 -74 7 0
-110 -74 8 0
-113 -76 7 0
-113 -75 8 0
-111 -75 7 0
-111 -76 7 0
-111 -75 8 0
-111 -76 8 0
-110 -76 7 0
-110 -75 8 0
-111 -74 9 0
-112 -54 8 0
-114 -56 8 0
-113 -56 7 0
-113 -56 8 0
-114 -54 9 0
-132 -63 3 0
-134 -63 3 1
-133 -64 6 0
-135 -67 7 2
-136 -68 6 1
-136 -68 7 1
-136 -68 8 1
-135 -68 6 1
-135 -68 7 1
-135 -68 8 1
-135 -67 6 2
-135 -67 8 2
-134 -68 6 1
-134 -68 7 1
-134 -68 8 1
-134 -67 6 2
-134 -67 7 2
-134 -67 8 2
-134 -66 6 1
-134 -66 7 1
-134 -66 8 1
-136 -67 5 1
-135 -67 5 1
-131 -65 7 1
-131 -65 8 1
-131 -65 9 1
-131 -64 7 1
-131 -64 8 1
-131 -64 9 1
-131 -63 7 1
-131 -63 8 1
-131 -63 9 1
-133 -63 6 0
-137 -67 9 1
-136 -67 9 1
-135 -67 9 1
-136 -68 9 1
-135 -68 9 1
-134 -68 9 1
-134 -67 9 1
-134 -66 9 1
-136 -68 5 1
-135 -68 5 1
-133 -66 7 1
-133 -66 8 1
-133 -66 6 1
-135 -64 10 2
-136 -65 10 1
-136 -65 11 1
-136 -64 10 1
-136 -64 11 1
-136 -63 10 1
-136 -63 11 1
-135 -65 10 1
-135 -65 11 1
-135 -64 11 1
-135 -63 10 1
-135 -63 11 1
-134 -65 10 1
-134 -65 11 1
-134 -64 10 1
-134 -64 11 1
-134 -63 10 1
-134 -63 11 1
-111 -86 3 2
-111 -86 4 2
-110 -86 3 1
-110 -86 4 1
-110 -86 5 1
-109 -86 3 1
-109 -86 4 1
-109 -86 5 1
-112 -88 2 1
-112 -87 2 1
-111 -87 2 1
-110 -87 2 1
-113 -86 3 1
-113 -86 4 2
-112 -86 3 1
-112 -86 4 2
-115 -88 4 1
-115 -87 4 1
-115 -86 4 1
-114 -86 4 2
-115 -89 5 2
-116 -90 4 1
-116 -90 5 1
-116 -90 6 1
-116 -89 4 1
-116 -88 4 1
-115 -90 4 1
-115 -90 5 1
-115 -90 6 1
-115 -89 4 1
-132 -65 6 0
-133 -68 6 1
-133 -68 7 1
-133 -68 8 1
-133 -67 6 2
-133 -67 7 2
-133 -67 8 2
-133 -68 9 1
-133 -67 9 1
-133 -66 9 1
-132 -66 7 1
-113 -88 -1 1
-113 -88 0 1
-113 -88 1 1
-112 -90 -1 1
-112 -89 -1 1
-112 -88 -1 1
-112 -88 0 2
-112 -88 1 1
-111 -90 -1 1
-111 -89 -1 1
-111 -88 -1 1
-111 -88 0 1
-111 -88 1 1
-143 -89 7 0
-144 -88 6 0
-143 -87 6 0
-125 -96 4 1
-125 -96 3 2
-126 -95 2 1
-142 -89 7 0
-142 -89 6 0
-144 -91 7 2
-145 -92 7 1
-145 -92 8 1
-145 -91 8 1
-144 -92 7 1
-144 -92 8 1
-144 -91 8 1
-143 -92 7 1
-143 -92 8 1
-143 -91 7 2
-143 -91 8 1
-144 -89 9 0
-138 -100 4 0
-141 -89 7 1
-138 -100 3 0
-141 -89 6 1
-120 -62 5 2
-141 -90 6 0
-120 -63 4 1
-120 -63 5 1
-120 -63 6 1
-120 -62 4 2
-120 -62 6 2
-120 -61 4 2
-120 -61 5 2
-120 -61 6 2
-119 -63 4 1
-141 -96 3 1
-119 -63 5 1
-119 -63 6 1
-119 -62 4 1
-119 -62 5 1
-119 -62 6 1
-119 -61 4 1
-119 -61 5 1
-119 -61 6 1
-120 -63 7 1
-120 -62 7 1
-120 -61 7 1
-119 -63 7 1
-119 -62 7 1
-119 -61 7 1
-121 -63 3 1
-121 -62 3 2
-121 -61 3 1
-120 -63 3 1
-120 -62 3 2
-120 -61 3 2
-119 -63 3 1
-119 -62 3 1
-119 -61 3 2
-122 -60 6 0
-122 -62 3 2
-138 -98 2 1
-138 -98 3 2
-138 -98 4 1
-138 -97 2 1
-138 -97 3 1
-138 -97 4 2
-141 -98 4 1
-141 -98 3 2
-142 -99 2 1
-142 -99 3 1
-142 -98 2 1
-142 -98 3 2
-142 -98 4 1
-142 -97 2 1
-142 -97 3 1
-142 -97 4 1
-141 -99 2 1
-141 -98 2 1
-141 -97 2 1
-141 -97 3 1
-141 -97 4 1
-141 -100 5 0
-141 -100 6 0
-141 -100 1 2
-141 -89 5 1
-141 -88 5 1
-141 -87 5 1
-141 -87 6 1
-140 -89 5 1
-140 -88 5 1
-140 -87 5 1
-139 -89 5 1
-141 -99 1 1
-139 -88 5 1
-139 -87 5 1
-142 -92 7 1
-142 -92 8 1
-142 -91 7 1
-142 -91 8 1
-141 -91 8 0
-141 -91 6 0
-121 -60 4 1
-121 -60 5 1
-121 -60 6 1
-120 -60 4 1
-120 -60 5 1
-120 -60 6 1
-119 -60 4 1
-119 -60 5 1
-119 -60 6 1
-121 -60 7 1
-120 -60 7 1
-119 -60 7 1
-121 -60 3 1
-120 -60 3 1
-119 -60 3 1
-123 -59 5 0
-123 -59 4 0
-126 -58 4 1
-126 -58 5 1
-126 -58 6 1
-125 -58 4 1
-125 -58 5 1
-125 -58 6 1
-124 -58 4 1
-124 -58 5 1
-124 -58 6 1
-126 -58 7 1
-125 -58 7 1
-124 -58 7 1
-126 -58 3 1
-125 -58 3 1
-124 -58 3 1
-127 -60 3 1
-127 -60 4 1
-127 -60 5 1
-123 -61 3 1
-122 -61 3 1
-111 -92 0 1
-111 -92 1 1
-111 -92 2 1
-126 -60 2 1
-126 -59 2 1
-126 -58 2 1
-125 -60 2 1
-125 -59 2 1
-125 -58 2 1
-124 -60 2 1
-124 -59 2 1
-124 -58 2 1
-123 -61 2 1
-121 -59 4 0
-126 -62 2 1
-126 -61 2 1
-125 -62 2 1
-111 -66 10 1
-110 -66 10 1
-115 -69 8 0
-114 -70 7 0
-114 -70 8 0
-113 -71 7 0
-113 -70 8 0
-113 -71 8 0
-112 -70 8 0
-122 -63 2 1
-122 -62 2 2
-121 -59 5 0
-121 -59 3 0
-123 -59 3 0
-127 -62 2 1
-127 -61 2 1
-127 -60 2 1
-130 -68 4 1
-129 -68 6 2
-129 -69 5 1
-129 -69 6 1
-129 -69 7 1
-129 -68 5 2
-129 -68 7 1
-129 -67 5 1
-129 -67 6 1
-129 -67 7 1
-128 -69 5 1
-111 -89 4 1
-128 -69 6 1
-128 -69 7 1
-128 -68 5 2
-128 -68 6 2
-128 -68 7 2
-128 -67 5 2
-128 -67 6 2
-128 -67 7 1
-129 -69 4 1
-129 -68 4 1
-129 -67 4 1
-128 -69 4 1
-128 -68 4 1
-128 -67 4 1
-131 -65 5 0
-111 -91 2 1
-111 -91 3 1
-111 -90 2 1
-111 -90 3 1
-111 -89 2 1
-111 -89 3 1
-110 -90 2 1
-110 -89 2 1
-110 -89 3 2
-109 -90 2 1
-109 -90 3 1
-109 -89 2 1
-109 -89 3 1
-112 -90 3 1
-113 -89 4 1
-113 -89 5 1
-113 -89 6 1
-112 -89 4 1
-112 -89 5 2
-112 -89 6 2
-114 -90 2 1
-114 -90 3 1
-114 -90 4 1
-113 -90 2 1
-113 -90 3 2
-112 -90 2 1
-114 -90 5 1
-115 -91 2 1
-115 -91 3 1
-115 -91 4 1
-115 -91 5 1
-113 -91 0 1
-113 -91 1 1
-112 -91 0 1
-112 -91 1 2
-111 -91 0 1
-111 -91 1 1
-146 -100 4 0
-145 -99 4 1
-112 -54 6 0
-112 -54 5 0
-116 -56 6 2
-117 -57 5 1
-117 -57 6 1
-117 -57 7 1
-117 -56 5 1
-117 -56 6 1
-117 -56 7 1
-117 -55 7 1
-116 -57 5 2
-116 -57 6 2
-116 -57 7 2
-116 -56 5 2
-116 -56 7 2
-116 -55 7 1
-112 -56 7 0
-112 -56 8 0
-117 -58 8 1
-113 -57 8 0
-114 -56 9 0
-115 -56 7 1
-115 -55 7 1
-112 -57 7 0
-112 -57 8 0
-113 -58 8 0
-114 -57 9 0
-110 -79 4 1
-110 -78 2 1
-110 -78 3 1
-110 -78 4 1
-117 -82 3 1
-116 -82 3 1
-115 -82 3 1
-117 -82 2 2
-117 -81 2 2
-117 -80 2 1
-116 -82 2 2
-115 -82 2 2
-113 -83 4 1
-113 -83 3 1
-112 -82 4 1
-111 -83 3 2
-112 -84 2 1
-112 -84 3 1
-112 -83 2 1
-112 -83 3 2
-112 -83 4 1
-112 -82 2 1
-112 -82 3 2
-111 -84 2 1
-111 -84 3 2
-111 -84 4 1
-111 -83 2 1
-111 -83 4 1
-110 -84 2 1
-110 -84 3 1
-110 -83 2 1
-110 -83 3 1
-110 -83 4 1
-113 -81 0 2
-114 -82 -1 1
-114 -82 0 2
-114 -82 1 1
-114 -81 -1 1
-114 -81 0 1
-114 -81 1 1
-114 -80 -1 1
-114 -80 0 1
-114 -80 1 1
-113 -82 -1 1
-113 -82 0 2
-113 -82 1 1
-113 -81 -1 1
-113 -81 1 1
-113 -80 -1 1
-113 -80 0 1
-113 -80 1 1
-112 -82 -1 1
-112 -82 0 1
-112 -82 1 1
-112 -81 -1 1
-112 -81 0 1
-112 -81 1 1
-112 -80 -1 1
-112 -80 0 1
-112 -80 1 1
-113 -81 3 1
-113 -81 2 1
-112 -55 7 0
-113 -61 3 2
-114 -62 2 1
-114 -62 3 1
-114 -62 4 1
-114 -61 2 1
-114 -61 3 2
-114 -61 4 1
-113 -62 2 1
-113 -62 3 2
-113 -62 4 1
-113 -61 2 1
-113 -61 4 1
-112 -62 2 1
-112 -62 3 1
-112 -62 4 1
-112 -61 2 1
-112 -61 3 2
-112 -61 4 1
-116 -69 6 0
-111 -59 4 1
-111 -60 5 0
-111 -59 3 1
-111 -62 4 1
-111 -62 3 1
-117 -67 9 1
-110 -61 4 1
-117 -65 9 1
-110 -61 5 1
-111 -60 4 1
-115 -67 9 1
-111 -62 2 1
-145 -64 0 1
-145 -64 1 2
-145 -64 2 1
-145 -63 0 2
-145 -63 1 1
-145 -63 2 1
-144 -65 0 1
-144 -65 1 2
-124 -85 6 0
-123 -87 8 0
-121 -83 7 0
-109 -54 6 1
-120 -84 8 0
-119 -83 7 0
-108 -54 6 1
-119 -85 6 0
-125 -84 7 0
-124 -83 7 0
-123 -84 8 0
-123 -84 7 0
-122 -85 8 0
-117 -82 4 1
-116 -84 7 0
-116 -84 8 0
-149 -58 5 1
-149 -58 4 1
-149 -58 3 1
-149 -59 5 1
-149 -59 4 1
-149 -59 3 1
-149 -60 5 1
-149 -60 4 1
-149 -60 3 1
-150 -60 5 1
-150 -60 4 1
-150 -60 3 2
-147 -70 6 1
-147 -70 5 2
-147 -70 4 1
-148 -73 5 1
-148 -73 6 1
-148 -70 5 1
-148 -70 4 1
-149 -69 5 1
-149 -69 4 1
-149 -70 6 1
-149 -70 5 1
-149 -70 4 1
-149 -69 6 1
-103 -85 7 1
-104 -83 9 1
-115 -83 7 0
-115 -83 5 0
-115 -82 6 1
-149 -69 7 1
-113 -84 8 0
-112 -85 7 0
-113 -85 6 0
-112 -86 8 1
-112 -87 8 2
-150 -66 6 1
-113 -86 8 1
-150 -59 3 1
-150 -59 4 2
-150 -59 5 1
-150 -58 3 1
-150 -58 4 1
-128 -86 8 0
-150 -57 3 1
-127 -86 8 0
-150 -67 7 1
-128 -86 9 0
-128 -86 5 1
-128 -87 6 1
-128 -87 4 1
-129 -85 6 1
-129 -85 5 1
-129 -85 4 1
-112 -53 7 1
-112 -52 7 1
-112 -51 7 1
-111 -55 6 0
-113 -54 7 0
-112 -53 2 1
-129 -86 10 0
-128 -87 8 0
-129 -88 9 0
-129 -87 9 0
-129 -88 8 0
-129 -87 8 0
-129 -84 9 0
-129 -84 8 0
-128 -85 9 0
-129 -85 9 0
-128 -85 8 0
-129 -85 8 0
-116 -84 6 0
-115 -83 6 0
-114 -84 5 0
-114 -84 6 0
-115 -84 6 0
-150 -73 4 0
-150 -74 8 1
-149 -75 5 0
-149 -74 5 0
-147 -74 8 1
-147 -74 7 1
-147 -74 6 1
-112 -61 10 1
-109 -62 9 1
-109 -63 9 1
-109 -64 9 1
-110 -62 9 1
-110 -63 9 1
-110 -64 9 1
-111 -64 9 1
-117 -64 9 1
-117 -64 8 1
-117 -64 7 1
-116 -68 7 0
-116 -67 9 1
-117 -66 9 1
-116 -69 7 0
-115 -68 6 0
-141 -96 4 1
-141 -96 5 1
-140 -97 5 1
-140 -96 4 1
-105 -96 -1 1
-104 -95 0 2
-106 -97 -1 1
-107 -97 -1 1
-108 -97 0 1
-108 -97 -1 1
-109 -97 -1 1
-110 -97 -1 1
-110 -98 -1 1
-110 -99 -1 1
-127 -100 1 1
-127 -100 2 1
-127 -100 3 1
-127 -99 1 1
-127 -99 2 1
-127 -99 3 1
-137 -83 3 1
-137 -83 2 1
-137 -83 1 1
-135 -79 0 1
-136 -79 0 1
-135 -79 3 1
-135 -79 2 1
-136 -79 3 1
-136 -79 1 2
-150 -60 6 0
-113 -73 9 0
-115 -74 8 0
-116 -51 7 0
-115 -73 8 0
-115 -73 7 1
-115 -72 6 1
-115 -72 8 0
-115 -72 7 1
-121 -58 2 1
-121 -58 3 1
-121 -58 4 1
-121 -57 4 1
-114 -75 4 1
-114 -75 3 1
-114 -75 2 1
-114 -76 3 1
-114 -76 2 1
-113 -76 8 0
-114 -77 7 0
-115 -76 7 0
-114 -76 7 0
-114 -75 7 0
-115 -74 6 0
-136 -99 4 1
-136 -98 2 1
-136 -98 3 1
-136 -98 4 1
-136 -97 2 1
-136 -97 3 1
-136 -97 4 1
-138 -98 5 1
-138 -97 5 1
-138 -96 4 1
-138 -96 5 1
-139 -100 5 0
-112 -81 6 0
-114 -81 6 1
-112 -84 -1 1
-112 -84 0 1
-114 -85 2 1
-114 -85 1 1
-114 -85 0 1
-111 -84 1 1
-115 -86 3 1
-111 -86 1 1
-111 -86 0 1
-112 -85 1 1
-112 -85 0 1
-112 -86 0 1
-113 -85 2 1
-113 -85 1 1
-113 -85 0 1
-113 -86 2 1
-113 -86 1 1
-113 -86 0 1
-113 -87 2 1
-112 -86 1 2
-113 -85 5 1
-113 -85 3 1
-109 -87 2 1
-109 -87 1 1
-109 -88 1 1
-109 -89 1 1
-110 -87 1 1
-110 -88 1 1
-110 -89 1 1
-115 -87 3 1
-114 -85 5 1
-115 -85 5 1
-118 -54 4 1
-117 -51 7 0
-117 -51 8 0
-115 -51 7 0
-115 -51 8 0
-114 -51 8 0
-118 -52 4 1
-118 -52 5 1
-118 -52 6 1
-117 -52 6 1
-114 -55 5 0
-114 -54 6 0
-114 -55 6 0
-113 -54 5 1
-113 -54 6 0
-114 -53 7 0
-115 -54 2 1
-115 -54 3 1
-114 -54 2 1
-114 -54 3 2
-114 -54 4 1
-113 -54 2 1
-138 -76 4 1
-138 -76 5 1
-137 -76 4 1
-137 -76 5 1
-137 -76 6 1
-142 -75 6 1
-142 -75 7 2
-142 -75 8 1
-142 -76 5 2
-142 -75 5 2
-142 -74 5 1
-142 -74 6 1
-142 -74 7 1
-141 -74 7 1
-140 -74 7 1
-143 -75 6 1
-143 -75 7 2
-143 -75 8 1
-140 -77 9 1
-140 -76 9 1
-142 -77 4 1
-142 -77 5 1
-142 -76 4 1
-116 -85 5 1
-116 -85 4 1
-116 -86 4 1
-114 -86 3 1
-113 -85 4 1
-111 -87 1 1
-111 -87 0 1
-111 -87 -1 1
-112 -87 1 1
-112 -87 0 1
-115 -88 3 1
-112 -85 3 1
-113 -89 -1 1
-113 -90 -1 1
-111 -89 7 1
-116 -52 7 0
-116 -51 8 0
-115 -52 7 0
-115 -52 8 0
-111 -90 7 1
-112 -89 7 1
-112 -90 7 1
-113 -89 7 1
-113 -90 7 1
-114 -89 6 1
-114 -90 6 1
-115 -89 6 1
-114 -89 5 1
-112 -87 4 2
-112 -87 3 1
-113 -87 4 1
-113 -87 3 1
-113 -88 3 1
-112 -88 3 1
-109 -88 2 1
-110 -88 2 2
-110 -90 3 2
-109 -89 6 1
-109 -89 5 1
-109 -89 4 1
-109 -90 6 1
-109 -90 5 1
-109 -90 4 1
-110 -89 6 1
-118 -51 1 1
-118 -51 2 1
-118 -51 3 1
-121 -61 2 1
-110 -89 5 1
-110 -89 4 1
-110 -90 6 1
-110 -90 4 1
-111 -89 6 1
-120 -51 4 1
-111 -89 5 1
-110 -90 5 2
-119 -51 4 1
-108 -91 4 1
-108 -91 3 1
-118 -51 4 1
-108 -91 2 1
-109 -91 3 1
-118 -51 0 1
-109 -91 2 1
-110 -91 3 2
-110 -91 2 1
-144 -76 6 1
-144 -76 8 2
-145 -77 7 1
-145 -77 8 1
-145 -77 9 1
-145 -76 7 1
-113 -51 7 0
-113 -51 8 0
-116 -53 7 0
-116 -52 8 0
-115 -53 7 0
-115 -53 8 0
-114 -52 8 0
-113 -52 8 0
-113 -52 7 0
-115 -51 9 0
-144 -75 9 1
-143 -75 9 1
-144 -76 5 2
-145 -77 4 1
-145 -77 5 1
-145 -77 6 1
-145 -76 4 1
-145 -76 5 1
-145 -76 6 1
-145 -75 4 1
-145 -75 5 2
-145 -75 6 1
-144 -77 4 1
-144 -77 5 1
-144 -76 4 1
-144 -75 4 1
-144 -75 5 1
-144 -75 6 1
-143 -77 4 1
-143 -77 5 1
-143 -76 4 1
-143 -76 5 1
-143 -75 4 1
-143 -75 5 1
-145 -79 7 1
-145 -79 8 1
-145 -79 9 1
-145 -78 7 1
-145 -78 8 1
-145 -78 9 1
-144 -79 9 1
-144 -78 9 1
-142 -75 9 1
-141 -75 9 1
-142 -75 4 1
-113 -92 3 2
-114 -92 3 2
-115 -92 5 1
-115 -92 4 1
-125 -98 2 1
-125 -98 4 1
-125 -97 2 1
-125 -97 3 1
-111 -61 4 1
-123 -63 6 2
-111 -61 3 1
-123 -63 5 2
-139 -60 2 2
-122 -59 4 0
-122 -58 4 1
-122 -59 5 0
-122 -59 3 0
-144 -68 6 0
-144 -68 7 0
-145 -68 7 0
-146 -68 7 0
-121 -64 2 1
-123 -59 -1 1
-123 -59 0 1
-123 -59 1 1
-122 -59 -1 1
-122 -59 0 1
-122 -59 1 1
-121 -61 -1 1
-139 -60 1 1
-132 -61 2 1
-122 -51 1 1
-134 -92 3 1
-134 -92 2 1
-148 -77 6 1
-148 -77 7 1
-147 -79 5 1
-147 -79 6 1
-147 -79 7 1
-147 -78 5 1
-147 -78 6 1
-147 -78 7 1
-147 -77 5 1
-147 -77 6 1
-147 -77 7 1
-150 -75 7 2
-150 -76 7 2
-150 -76 8 1
-150 -75 8 1
-150 -75 4 0
-150 -66 7 1
-150 -66 8 2
-150 -65 8 2
-150 -66 5 1
-148 -66 7 1
-149 -67 4 1
-149 -67 5 1
-149 -67 6 1
-148 -67 4 1
-150 -58 5 2
-149 -82 8 1
-148 -82 8 1
-147 -82 8 1
-150 -73 5 1
-150 -74 7 1
-150 -74 6 1
-150 -87 6 0
-147 -87 7 0
-150 -87 5 0
-150 -85 7 0
-147 -86 8 0
-146 -86 5 2
-146 -86 6 1
-146 -86 7 1
-131 -64 2 1
-145 -86 5 1
-150 -74 5 1
-145 -86 6 1
-145 -86 7 1
-145 -85 5 1
-145 -85 6 1
-145 -85 7 1
-145 -84 5 1
-145 -84 6 1
-145 -84 7 1
-150 -86 8 0
-150 -87 8 0
-150 -88 7 0
-150 -88 8 0
-149 -89 7 0
-149 -57 4 1
-149 -89 8 0
-149 -89 6 0
-148 -88 7 0
-147 -88 7 0
-147 -88 8 0
-147 -88 6 0
-149 -87 8 0
-149 -87 9 0
-150 -72 5 1
-149 -71 6 1
-132 -61 1 2
-121 -51 4 1
-132 -61 3 1
-132 -60 1 1
-132 -60 2 1
-132 -60 3 1
-134 -62 0 1
-134 -61 0 1
-134 -60 0 1
-133 -62 0 1
-133 -61 0 1
-133 -60 0 1
-132 -62 0 1
-132 -61 0 1
-132 -60 0 1
-136 -63 2 1
-136 -63 3 2
-136 -63 4 1
-135 -63 2 1
-135 -63 3 1
-135 -63 4 1
-134 -63 4 1
-137 -63 0 2
-137 -63 1 1
-150 -58 6 1
-136 -63 0 2
-136 -63 1 1
-135 -63 0 2
-149 -62 8 2
-133 -64 4 1
-132 -64 4 1
-131 -64 4 1
-149 -61 9 1
-149 -61 10 1
-132 -63 -1 1
-148 -79 5 1
-148 -79 6 1
-149 -86 8 0
-147 -87 8 0
-147 -64 4 1
-150 -85 8 0
-134 -93 4 1
-107 -85 4 1
-107 -85 5 1
-107 -84 3 1
-107 -84 4 1
-107 -83 3 1
-107 -83 4 1
-107 -83 5 1
-113 -53 8 0
-106 -85 3 1
-106 -85 4 1
-106 -85 5 1
-106 -84 3 1
-106 -84 5 1
-106 -83 3 1
-106 -83 4 1
-106 -83 5 1
-116 -53 8 0
-114 -55 7 0
-114 -55 8 0
-113 -55 7 0
-131 -95 3 1
-148 -63 7 1
-150 -55 6 2
-129 -94 3 1
-128 -95 1 1
-128 -95 3 1
-128 -94 1 1
-128 -94 2 1
-128 -94 3 1
-127 -95 1 1
-126 -94 4 1
-109 -96 3 1
-109 -96 2 1
-130 -93 6 1
-130 -93 7 0
-130 -93 5 1
-131 -92 6 1
-131 -92 7 0
-132 -93 5 1
-131 -92 5 2
-132 -91 6 1
-109 -96 1 1
-132 -91 7 0
-132 -91 5 1
-134 -92 6 0
-134 -92 7 0
-134 -92 5 0
-134 -93 6 0
-134 -93 7 0
-134 -93 5 0
-134 -95 5 0
-131 -94 7 0
-132 -93 7 0
-132 -93 8 0
-132 -93 4 1
-105 -96 3 1
-104 -97 3 1
-104 -97 2 1
-104 -97 1 1
-104 -98 3 1
-104 -98 2 1
-104 -98 1 1
-106 -97 3 1
-106 -97 2 2
-107 -97 3 1
-107 -97 2 2
-107 -97 1 1
-108 -100 0 2
-108 -100 -1 1
-109 -100 0 1
-109 -100 -1 1
-110 -100 -1 1
-113 -100 3 1
-113 -100 2 1
-113 -100 1 1
-109 -99 1 1
-109 -99 3 1
-109 -99 2 1
-105 -98 2 2
-105 -98 1 1
-126 -96 0 1
-126 -96 1 1
-125 -98 0 1
-125 -98 1 1
-125 -97 0 1
-125 -97 1 2
-125 -96 0 1
-125 -96 1 1
-150 -63 7 1
-149 -82 4 1
-150 -63 5 1
-149 -62 7 1
-149 -57 5 1
-115 -84 4 0
-115 -84 5 0
-124 -94 2 1
-148 -59 6 0
-125 -99 5 0
-150 -59 6 1
-150 -59 7 1
-125 -97 6 0
-124 -98 0 1
-124 -98 1 1
-124 -97 0 1
-124 -97 1 2
-124 -96 0 1
-124 -96 1 1
-129 -92 5 2
-130 -93 4 1
-130 -92 4 1
-130 -92 5 2
-130 -92 6 1
-130 -91 4 1
-130 -91 5 1
-130 -91 6 1
-129 -93 4 1
-129 -93 5 1
-129 -93 6 1
-129 -92 4 1
-129 -92 6 1
-129 -91 4 1
-129 -91 5 1
-129 -91 6 1
-128 -93 4 1
-128 -93 5 1
-128 -93 6 1
-128 -92 4 1
-128 -92 5 1
-128 -92 6 1
-128 -91 4 1
-128 -91 5 1
-128 -91 6 1
-131 -91 6 1
-131 -91 7 1
-130 -90 5 2
-120 -97 4 1
-131 -91 4 1
-131 -91 5 2
-131 -90 4 1
-131 -90 5 2
-131 -90 6 1
-131 -89 4 1
-119 -97 5 2
-131 -89 5 2
-131 -89 6 1
-130 -90 4 1
-130 -90 6 2
-130 -89 4 1
-130 -89 5 1
-130 -89 6 1
-129 -90 4 1
-129 -90 5 1
-129 -90 6 1
-129 -89 4 1
-129 -89 5 1
-129 -89 6 1
-133 -91 6 0
-133 -90 6 1
-133 -91 7 0
-133 -91 5 0
-133 -90 5 1
-133 -92 6 0
-134 -91 6 0
-134 -91 7 0
-133 -92 5 0
-134 -91 5 0
-135 -92 6 0
-133 -92 7 0
-133 -92 8 0
-133 -92 4 1
-133 -78 4 1
-132 -78 4 1
-131 -80 4 1
-131 -79 4 1
-131 -78 4 1
-133 -76 1 1
-120 -98 4 1
-133 -76 2 1
-133 -76 3 1
-132 -76 1 2
-132 -76 2 2
-132 -76 3 2
-131 -76 1 1
-131 -76 2 1
-131 -76 3 1
-132 -77 4 2
-133 -78 5 1
-133 -77 4 1
-133 -77 5 1
-133 -76 4 1
-133 -76 5 1
-132 -78 5 1
-132 -77 5 1
-132 -76 4 2
-132 -76 5 1
-131 -78 5 1
-131 -77 4 1
-131 -77 5 1
-131 -76 4 1
-131 -76 5 1
-133 -76 0 2
-132 -76 0 1
-131 -76 0 1
-134 -77 2 1
-134 -77 3 0
-137 -76 1 1
-137 -76 2 1
-137 -76 3 1
-136 -76 1 2
-136 -76 2 2
-136 -76 3 1
-135 -76 1 2
-135 -76 2 1
-135 -76 3 1
-137 -76 0 1
-136 -76 0 1
-135 -76 0 1
-138 -80 2 1
-120 -98 5 1
-138 -80 3 1
-138 -80 4 1
-138 -79 2 1
-138 -79 3 1
-138 -79 4 1
-138 -78 2 1
-138 -78 3 1
-138 -78 4 1
-137 -79 4 1
-137 -78 4 1
-136 -79 4 1
-136 -78 4 1
-135 -80 -1 1
-135 -79 -1 1
-135 -78 -1 1
-134 -80 -1 1
-134 -79 -1 1
-134 -78 -1 1
-134 -78 0 2
-134 -78 1 1
-133 -80 -1 1
-133 -79 -1 1
-133 -78 -1 1
-120 -97 5 1
-119 -98 4 1
-119 -98 5 1
-119 -98 6 1
-119 -97 6 2
-112 -97 3 1
-112 -97 4 1
-121 -94 3 1
-122 -99 4 1
-114 -96 2 0
-114 -98 3 0
-114 -98 5 0
-113 -93 2 1
-113 -94 2 1
-113 -95 2 1
-113 -93 3 1
-110 -97 7 1
-110 -97 6 1
-110 -97 5 1
-112 -96 4 1
-114 -97 3 0
-111 -97 6 1
-111 -97 5 1
-113 -96 4 0
-113 -93 7 1
-113 -93 6 1
-113 -93 5 1
-113 -94 7 1
-113 -94 6 2
-113 -94 5 1
-114 -93 7 1
-114 -94 7 1
-115 -93 7 1
-115 -94 7 1
-115 -95 7 1
-114 -96 3 1
-112 -95 7 1
-112 -95 6 1
-112 -95 5 1
-112 -96 7 1
-112 -96 6 2
-112 -96 5 1
-112 -97 7 1
-112 -97 6 1
-113 -95 7 1
-113 -95 6 2
-133 -75 1 1
-147 -100 4 0
-133 -75 2 1
-133 -75 3 1
-132 -75 1 2
-132 -75 2 2
-132 -75 3 2
-131 -75 1 1
-131 -75 2 1
-131 -75 3 1
-133 -75 4 1
-133 -75 5 1
-132 -75 4 1
-132 -75 5 1
-131 -75 4 1
-131 -75 5 1
-133 -75 0 2
-132 -75 0 1
-131 -75 0 1
-134 -76 2 1
-134 -76 3 1
-124 -51 2 1
-137 -75 2 1
-137 -75 3 1
-136 -75 1 2
-136 -75 2 2
-136 -75 3 1
-129 -99 6 0
-135 -75 2 2
-129 -99 7 0
-129 -99 5 1
-130 -99 6 0
-130 -99 7 0
-130 -99 5 1
-131 -100 6 0
-132 -99 6 0
-132 -99 7 0
-132 -99 5 1
-135 -77 -1 1
-134 -77 -1 1
-124 -51 0 1
-124 -51 1 1
-133 -77 -1 1
-147 -99 4 1
-123 -51 0 1
-123 -51 1 1
-123 -51 2 1
-130 -100 3 1
-130 -100 4 1
-122 -51 0 1
-129 -100 4 1
-122 -51 2 1
-147 -99 5 0
-147 -100 3 0
-131 -73 0 1
-149 -100 -1 1
-149 -100 0 1
-134 -79 0 2
-148 -89 7 0
-117 -84 5 0
-146 -82 8 1
-113 -88 6 1
-146 -99 5 0
-146 -100 3 0
-145 -99 3 1
-110 -76 5 0
-110 -76 6 0
-114 -76 5 0
-114 -76 6 0
-113 -77 5 0
-114 -78 5 1
-144 -64 2 2
-114 -78 6 1
-112 -78 5 0
-112 -78 6 0
-111 -78 5 0
-111 -78 6 0
-112 -76 7 0
-113 -77 2 1
-113 -77 3 1
-113 -77 4 1
-112 -77 2 1
-112 -77 3 2
-112 -77 4 1
-111 -77 2 1
-111 -77 3 1
-111 -77 4 1
-133 -74 1 2
-144 -64 0 1
-133 -74 2 1
-133 -74 3 1
-132 -74 1 2
-132 -74 2 2
-132 -74 3 2
-131 -74 1 1
-131 -74 2 1
-131 -74 3 1
-133 -74 4 1
-144 -65 2 1
-122 -57 2 1
-122 -57 3 1
-122 -57 4 1
-145 -99 5 1
-145 -98 5 1
-145 -97 5 1
-144 -98 3 2
-144 -98 5 1
-127 -66 5 1
-129 -66 7 1
-127 -66 7 1
-126 -66 5 0
-126 -66 6 0
-144 -97 3 1
-135 -86 8 0
-134 -87 9 0
-135 -87 9 0
-134 -87 8 0
-113 -66 3 2
-117 -93 6 1
-117 -94 7 1
-149 -55 8 1
-118 -92 7 1
-118 -92 6 1
-118 -93 7 1
-118 -94 7 1
-119 -92 7 1
-119 -92 6 1
-119 -93 7 1
-119 -93 6 1
-119 -94 7 1
-118 -93 6 2
-117 -92 5 1
-117 -92 4 1
-117 -92 3 1
-113 -66 2 1
-114 -65 4 1
-114 -65 3 1
-114 -65 2 1
-149 -57 9 2
-149 -57 10 1
-149 -56 9 2
-149 -56 10 1
-148 -58 8 1
-148 -58 9 1
-148 -58 10 1
-148 -57 8 1
-148 -57 9 1
-148 -57 10 1
-148 -56 8 1
-148 -56 9 1
-148 -56 10 1
-113 -69 6 0
-114 -70 5 0
-114 -70 6 0
-112 -70 5 0
-112 -71 5 0
-112 -70 6 0
-111 -72 3 1
-114 -66 4 1
-111 -72 4 1
-111 -72 5 1
-111 -71 3 1
-111 -70 3 1
-110 -72 3 1
-110 -72 4 2
-110 -72 5 2
-110 -71 3 1
-110 -70 3 1
-109 -72 3 1
-109 -72 4 1
-109 -72 5 1
-109 -71 3 1
-109 -70 3 1
-112 -69 7 0
-112 -69 3 2
-113 -70 2 1
-113 -70 3 1
-113 -70 4 1
-113 -69 2 1
-113 -69 3 1
-113 -69 4 1
-112 -70 2 1
-112 -70 3 2
-112 -70 4 1
-112 -69 2 1
-134 -86 2 0
-111 -70 2 1
-111 -69 2 1
-111 -69 3 1
-113 -61 6 0
-112 -61 5 0
-112 -61 6 0
-113 -59 7 0
-114 -60 2 1
-114 -60 3 1
-114 -60 4 1
-113 -60 2 1
-113 -60 3 1
-113 -60 4 1
-112 -60 2 2
-112 -60 3 1
-112 -60 4 1
-113 -65 3 2
-113 -65 7 1
-113 -67 5 0
-138 -81 5 1
-139 -78 7 2
-144 -100 5 0
-144 -100 6 0
-144 -100 0 2
-145 -99 -1 1
-145 -99 0 1
-145 -99 1 1
-144 -100 -1 1
-144 -100 1 1
-124 -80 1 1
-134 -81 1 2
-135 -84 1 1
-125 -80 3 1
-135 -84 2 1
-135 -84 3 1
-135 -83 1 1
-135 -83 2 1
-135 -83 3 1
-135 -82 1 1
-135 -82 2 1
-135 -82 3 1
-133 -86 2 0
-133 -86 3 0
-134 -84 4 1
-134 -84 5 2
-134 -84 6 1
-134 -83 5 2
-134 -83 6 1
-134 -85 0 1
-134 -85 1 1
-134 -84 0 1
-134 -83 0 1
-125 -80 2 1
-139 -79 6 1
-135 -78 6 1
-135 -78 5 1
-135 -78 4 1
-135 -79 6 1
-135 -79 5 1
-136 -78 6 1
-143 -81 5 1
-115 -95 5 2
-115 -95 4 2
-117 -98 3 0
-116 -94 2 1
-116 -95 2 1
-116 -96 2 1
-117 -94 2 1
-117 -95 2 1
-117 -96 2 1
-118 -94 2 1
-118 -95 2 1
-118 -96 2 1
-116 -94 6 1
-116 -95 6 1
-117 -94 6 1
-117 -95 6 1
-116 -96 3 1
-117 -96 3 1
-142 -90 9 0
-115 -86 5 2
-115 -86 7 1
-115 -86 6 1
-116 -86 5 1
-109 -84 6 0
-115 -80 4 2
-108 -84 6 0
-117 -85 4 0
-109 -84 7 0
-109 -82 6 0
-110 -83 7 0
-109 -83 7 0
-109 -83 6 0
-110 -82 6 0
-110 -82 7 0
-110 -86 6 1
-110 -85 7 0
-110 -86 7 0
-115 -61 6 0
-125 -85 8 0
-118 -96 3 1
-124 -85 8 0
-110 -84 8 0
-124 -85 9 0
-125 -85 7 0
-124 -85 7 0
-124 -84 8 0
-125 -84 9 0
-124 -84 7 0
-117 -97 3 0
-126 -83 8 0
-126 -85 8 0
-126 -85 7 0
-115 -96 6 2
-127 -85 7 0
-115 -96 5 2
-128 -85 7 0
-127 -87 7 0
-124 -87 8 0
-125 -87 9 0
-121 -85 7 0
-124 -87 7 0
-120 -85 7 0
-126 -85 10 0
-121 -85 8 0
-120 -85 8 0
-119 -99 4 0
-122 -84 7 0
-121 -84 7 0
-122 -84 8 0
-121 -84 8 0
-122 -83 7 0
-122 -83 8 0
-122 -86 7 0
-122 -87 7 0
-122 -86 8 0
-122 -87 8 0
-121 -86 7 0
-121 -86 8 0
-122 -85 9 0
-122 -85 6 0
-122 -85 5 1
-117 -89 7 1
-117 -89 6 1
-117 -89 5 1
-117 -88 6 2
-116 -80 4 2
-116 -81 4 2
-116 -93 5 1
-116 -93 4 1
-116 -93 3 1
-116 -94 5 1
-116 -94 4 1
-116 -94 3 1
-116 -95 5 2
-116 -95 4 2
-134 -73 3 1
-134 -73 4 1
-134 -72 2 1
-134 -72 3 1
-134 -72 4 1
-134 -74 -1 1
-133 -74 -1 1
-132 -74 -1 1
-116 -95 3 2
-117 -93 5 1
-117 -93 4 1
-117 -93 3 1
-117 -94 5 2
-117 -94 3 2
-117 -95 5 2
-117 -95 4 2
-117 -95 3 2
-118 -93 5 1
-118 -93 4 2
-118 -94 3 1
-118 -95 3 1
-117 -94 4 2
-116 -96 6 1
-116 -96 5 2
-116 -96 4 1
-116 -97 6 1
-116 -97 5 2
-116 -97 4 1
-116 -98 6 1
-116 -98 5 1
-119 -98 3 0
-120 -99 3 0
-120 -99 5 0
-120 -99 4 0
-120 -95 3 0
-119 -95 3 0
-118 -94 6 1
-118 -94 5 1
-118 -94 4 1
-118 -95 6 1
-118 -95 4 1
-119 -94 6 1
-122 -100 2 1
-120 -96 3 0
-119 -95 6 1
-119 -95 5 2
-119 -95 4 1
-121 -96 1 1
-121 -96 0 1
-121 -97 1 1
-121 -97 0 1
-121 -98 2 1
-121 -98 1 1
-121 -98 0 1
-121 -98 3 0
-121 -98 5 0
-122 -99 3 1
-122 -99 5 0
-112 -94 3 0
-115 -97 3 0
-133 -72 1 1
-132 -72 1 1
-131 -72 1 1
-136 -74 4 1
-136 -73 4 1
-136 -72 2 1
-136 -72 3 2
-136 -72 4 1
-135 -74 4 1
-135 -73 4 1
-135 -72 2 1
-135 -72 3 2
-135 -72 4 1
-134 -73 -1 1
-133 -73 -1 1
-132 -73 -1 1
-121 -94 2 1
-121 -97 6 1
-122 -97 6 1
-118 -96 6 1
-118 -96 5 2
-118 -96 4 1
-118 -97 6 1
-118 -97 5 2
-118 -97 4 1
-118 -98 6 1
-118 -98 5 1
-118 -98 4 1
-119 -96 6 1
-119 -96 5 2
-119 -96 4 1
-111 -94 7 1
-110 -94 5 1
-110 -94 6 1
-110 -94 7 1
-109 -96 5 1
-120 -98 6 1
-109 -96 6 1
-109 -96 7 1
-109 -95 5 1
-109 -95 6 1
-109 -95 7 1
-109 -94 5 1
-109 -94 6 1
-109 -94 7 1
-111 -95 3 0
-111 -97 4 2
-112 -98 3 1
-112 -98 4 1
-112 -98 5 1
-111 -98 3 1
-111 -98 4 1
-111 -98 5 1
-111 -97 3 2
-111 -96 3 1
-111 -96 4 1
-110 -98 3 1
-110 -98 4 1
-110 -98 5 1
-110 -97 3 1
-110 -97 4 1
-110 -96 3 1
-110 -96 4 1
-112 -98 2 1
-112 -97 2 1
-112 -96 2 1
-111 -96 2 1
-110 -96 2 1
-127 -96 0 1
-123 -98 4 1
-123 -98 3 1
-123 -98 2 1
-123 -99 4 1
-123 -99 3 2
-123 -99 2 1
-123 -100 4 1
-123 -100 3 1
-123 -100 2 1
-126 -99 5 0
-127 -99 5 0
-127 -97 5 0
-125 -93 4 1
-125 -93 3 1
-125 -93 2 1
-125 -94 4 1
-125 -94 3 1
-125 -94 2 1
-126 -93 4 1
-126 -93 3 1
-107 -98 2 2
-127 -93 4 1
-127 -93 3 1
-127 -93 2 1
-126 -96 5 0
-123 -95 2 1
-107 -98 3 1
-106 -98 1 1
-106 -98 2 2
-106 -98 3 1
-105 -100 1 2
-105 -100 2 1
-105 -100 3 1
-105 -99 1 1
-105 -99 2 1
-105 -99 3 1
-112 -92 4 1
-112 -92 5 2
-112 -92 6 1
-111 -92 4 1
-111 -92 5 1
-111 -92 6 1
-110 -94 4 1
-110 -93 4 1
-110 -93 5 1
-110 -93 6 1
-110 -92 4 1
-110 -92 5 2
-110 -92 6 1
-111 -93 3 0
-113 -92 5 2
-114 -92 4 2
-114 -92 5 1
-114 -92 6 1
-114 -91 4 1
-114 -91 5 1
-114 -91 6 1
-113 -92 4 2
-113 -92 6 1
-113 -91 4 2
-113 -91 5 1
-113 -91 6 1
-112 -91 4 1
-112 -91 5 2
-112 -91 6 1
-126 -94 3 2
-126 -94 2 1
-127 -94 4 1
-127 -95 4 1
-128 -94 4 1
-128 -95 4 1
-124 -95 4 1
-124 -95 3 2
-124 -95 2 1
-124 -96 4 1
-124 -96 3 2
-124 -96 2 1
-125 -95 4 1
-125 -95 3 2
-125 -95 2 1
-125 -96 2 1
-126 -95 4 1
-126 -95 3 1
-127 -97 0 1
-127 -98 0 1
-127 -99 0 1
-128 -98 5 0
-125 -100 4 1
-126 -100 4 1
-126 -100 2 1
-126 -100 3 2
-127 -94 3 1
-127 -94 2 1
-127 -94 1 1
-127 -95 3 2
-111 -94 3 0
-111 -91 4 1
-111 -91 5 1
-111 -91 6 1
-110 -91 4 1
-110 -91 5 1
-110 -91 6 1
-109 -93 4 1
-109 -93 5 1
-109 -93 6 1
-109 -92 4 1
-109 -92 5 1
-109 -92 6 1
-109 -91 4 1
-109 -91 5 1
-109 -91 6 1
-112 -93 3 1
-113 -90 4 2
-134 -92 4 1
-113 -90 5 1
-113 -90 6 1
-112 -90 4 1
-112 -90 5 2
-112 -90 6 1
-111 -90 4 1
-111 -90 5 1
-111 -90 6 1
-112 -92 3 1
-115 -92 3 1
-125 -99 4 1
-125 -99 3 1
-125 -99 2 1
-126 -97 4 1
-126 -97 3 1
-126 -97 2 1
-126 -98 2 1
-126 -99 4 1
-126 -99 3 1
-126 -99 2 1
-125 -98 3 2
-126 -98 4 1
-126 -98 3 1
-113 -62 6 0
-112 -62 5 0
-112 -62 6 0
-113 -61 7 1
-114 -71 7 0
-137 -79 3 2
-115 -70 6 0
-136 -79 2 2
-116 -72 6 2
-117 -73 5 1
-117 -73 6 1
-117 -73 7 1
-117 -72 5 1
-117 -72 6 1
-117 -72 7 1
-117 -71 5 1
-117 -71 6 1
-117 -71 7 1
-116 -73 5 1
-116 -73 6 1
-116 -73 7 1
-116 -72 5 1
-116 -72 7 1
-116 -71 5 1
-116 -71 6 1
-116 -71 7 1
-115 -73 5 1
-115 -72 5 1
-115 -71 5 1
-115 -71 6 1
-115 -71 7 1
-113 -72 9 0
-105 -95 -1 1
-105 -95 1 1
-105 -94 -1 1
-105 -94 0 1
-105 -94 1 1
-129 -100 2 2
-130 -95 3 1
-130 -95 2 1
-130 -95 1 1
-131 -95 2 1
-131 -95 1 1
-131 -96 1 1
-131 -97 2 1
-131 -97 1 1
-132 -95 2 1
-132 -95 1 1
-132 -96 1 1
-129 -99 3 1
-134 -100 2 1
-134 -100 1 1
-135 -98 2 1
-135 -98 1 1
-135 -98 0 1
-135 -99 2 1
-135 -99 0 1
-137 -99 1 1
-137 -99 0 1
-137 -100 2 1
-137 -100 1 2
-137 -100 0 1
-138 -100 6 0
-138 -100 5 0
-137 -96 5 1
-137 -96 4 1
-137 -96 3 1
-137 -97 5 1
-137 -98 5 1
-136 -100 3 0
-136 -100 4 0
-138 -99 1 1
-138 -99 0 1
-138 -100 2 1
-138 -100 1 2
-138 -100 0 1
-139 -100 6 0
-116 -81 8 1
-116 -80 8 1
-116 -79 8 1
-138 -96 3 1
-115 -81 8 1
-115 -80 8 1
-115 -79 8 1
-114 -81 7 1
-114 -81 8 1
-114 -80 8 1
-114 -79 8 1
-113 -78 6 0
-113 -78 7 0
-136 -99 3 1
-136 -99 2 1
-137 -100 3 0
-137 -100 4 0
-139 -99 1 1
-139 -99 0 1
-139 -100 2 1
-139 -100 1 2
-139 -100 0 1
-140 -100 6 0
-140 -100 5 0
-139 -96 5 1
-139 -96 4 1
-139 -96 3 1
-139 -97 5 1
-139 -98 5 1
-140 -96 5 1
-114 -68 6 0
-140 -96 3 1
-115 -69 6 0
-140 -98 5 1
-116 -70 7 0
-114 -70 9 0
-141 -97 5 1
-141 -98 5 1
-137 -97 4 1
-137 -97 3 2
-137 -97 2 1
-137 -98 4 1
-137 -98 3 2
-137 -98 2 1
-137 -99 4 1
-137 -99 3 1
-137 -99 2 1
-139 -100 3 0
-140 -99 1 1
-140 -99 0 1
-140 -100 2 1
-140 -100 1 2
-140 -100 0 1
-141 -99 0 1
-141 -100 2 1
-141 -100 0 1
-142 -100 2 1
-138 -99 4 1
-138 -99 3 1
-138 -99 2 1
-139 -97 4 2
-139 -97 3 1
-139 -97 2 1
-139 -98 4 1
-139 -98 2 1
-139 -99 4 1
-139 -99 3 1
-139 -99 2 1
-140 -97 4 2
-140 -97 3 1
-140 -97 2 1
-140 -98 4 1
-140 -98 3 2
-140 -98 2 1
-142 -78 9 1
-143 -81 7 1
-116 -89 8 1
-116 -89 9 1
-116 -88 8 1
-150 -51 2 1
-150 -51 3 1
-150 -51 4 1
-133 -79 2 1
-133 -79 3 1
-133 -78 1 1
-116 -88 9 1
-133 -78 2 1
-133 -78 3 1
-132 -79 1 1
-132 -79 3 2
-132 -78 1 2
-132 -78 2 2
-132 -78 3 2
-131 -80 1 1
-131 -80 2 1
-131 -80 3 1
-131 -79 1 1
-131 -79 2 1
-131 -79 3 1
-129 -84 1 2
-129 -84 2 1
-129 -84 3 1
-128 -84 1 1
-129 -84 4 1
-129 -83 4 1
-129 -82 4 1
-128 -84 4 1
-128 -83 4 1
-128 -82 4 1
-127 -84 4 1
-127 -83 4 1
-127 -82 4 1
-130 -84 1 2
-131 -85 0 1
-136 -78 0 1
-131 -85 1 1
-131 -85 2 1
-137 -81 4 1
-137 -80 4 1
-136 -82 4 1
-136 -81 4 1
-136 -80 4 1
-135 -80 4 1
-135 -81 6 1
-135 -80 5 1
-135 -80 6 1
-134 -81 6 1
-134 -80 5 1
-134 -80 6 1
-133 -81 6 1
-133 -80 5 1
-133 -80 6 1
-134 -80 0 1
-133 -80 0 1
-129 -84 0 1
-129 -83 0 1
-128 -85 2 1
-128 -86 2 1
-128 -85 3 0
-128 -88 1 1
-128 -88 2 1
-128 -88 3 1
-128 -87 1 1
-128 -87 2 1
-128 -87 3 1
-128 -86 1 1
-128 -86 3 1
-127 -85 2 0
-128 -88 4 1
-128 -88 5 1
-127 -85 3 0
-128 -85 -1 1
-128 -85 0 1
-128 -85 1 1
-128 -84 -1 1
-128 -84 0 1
-128 -83 -1 1
-128 -83 0 1
-115 -95 6 1
-114 -97 4 1
-135 -79 4 1
-114 -97 5 1
-114 -97 6 1
-114 -96 4 1
-114 -96 5 1
-114 -96 6 2
-114 -95 4 1
-114 -95 5 1
-114 -95 6 1
-115 -96 3 1
-115 -95 3 1
-115 -94 3 2
-115 -94 4 2
-115 -94 5 2
-115 -94 6 1
-115 -96 2 1
-115 -95 2 1
-115 -94 2 1
-119 -94 3 1
-119 -93 3 1
-119 -93 4 1
-119 -93 5 1
-119 -92 3 1
-119 -92 4 1
-119 -92 5 1
-118 -92 3 1
-118 -92 4 1
-118 -92 5 1
-126 -82 0 1
-126 -81 0 1
-125 -82 0 1
-125 -81 0 1
-124 -82 0 1
-124 -81 0 1
-130 -84 3 1
-130 -83 3 2
-130 -82 1 1
-130 -82 2 1
-130 -82 3 1
-130 -84 4 2
-130 -83 4 1
-130 -82 4 1
-129 -86 2 1
-117 -93 7 1
-117 -92 6 1
-117 -92 7 1
-119 -94 2 1
-119 -93 2 1
-119 -92 2 1
-118 -93 2 1
-118 -92 2 1
-117 -93 2 1
-117 -92 2 1
-116 -98 3 0
-144 -98 4 2
-143 -99 3 1
-144 -100 4 0
-143 -99 4 1
-142 -100 3 0
-143 -100 3 0
-142 -100 4 0
-143 -100 4 0
-119 -59 2 1
-119 -59 1 1
-120 -57 1 1
-120 -56 4 1
-120 -56 3 1
-120 -56 2 1
-120 -57 4 1
-120 -57 3 1
-120 -58 4 1
-145 -99 2 1
-146 -97 4 1
-146 -97 3 1
-146 -97 2 1
-146 -98 4 1
-146 -98 2 1
-146 -99 3 1
-146 -99 2 1
-147 -97 4 1
-147 -97 3 1
-147 -97 2 1
-115 -73 6 1
-121 -57 2 1
-114 -74 7 0
-115 -75 6 0
-115 -75 7 0
-122 -56 4 1
-122 -56 3 1
-122 -56 2 1
-115 -93 3 1
-115 -93 4 1
-115 -93 5 1
-114 -95 3 1
-114 -94 3 2
-114 -94 4 2
-114 -94 5 2
-114 -93 3 2
-114 -93 4 2
-114 -93 5 2
-116 -93 6 1
-115 -93 6 1
-114 -94 6 2
-114 -93 6 1
-116 -93 2 1
-115 -93 2 1
-114 -95 2 1
-114 -94 2 1
-114 -93 2 1
-119 -96 3 0
-115 -98 3 0
-150 -92 8 1
-150 -91 7 1
-149 -99 4 0
-148 -99 3 0
-148 -100 3 1
-148 -99 5 0
-116 -62 4 1
-116 -61 4 1
-148 -100 4 0
-145 -87 4 1
-145 -86 4 1
-145 -85 4 1
-147 -93 6 1
-147 -92 4 1
-146 -93 6 1
-146 -92 4 1
-146 -92 6 1
-145 -93 4 1
-150 -99 3 0
-150 -99 5 0
-150 -99 4 0
-150 -100 5 1
-150 -100 4 1
-150 -100 3 1
-101 -84 2 1
-101 -84 1 1
-142 -79 7 2
-133 -71 0 2
-142 -78 7 2
-129 -62 6 1
-129 -61 4 1
-138 -63 7 1
-101 -88 -1 1
-101 -86 4 1
-102 -86 4 1
-101 -85 0 1
-101 -85 3 1
-101 -85 2 1
-101 -85 1 1
-101 -89 -1 1
-102 -89 -1 1
-101 -91 3 0
-101 -87 4 1
-102 -87 4 1
-103 -87 4 1
-101 -90 -1 1
-102 -90 -1 1
-103 -90 -1 1
-104 -88 4 1
-104 -88 3 1
-104 -88 2 1
-104 -88 1 1
-148 -82 6 1
-101 -87 0 1
-102 -86 0 1
-102 -87 0 1
-103 -86 0 1
-103 -87 0 1
-101 -86 2 2
-101 -91 0 1
-101 -91 -1 1
-101 -92 -1 1
-101 -93 -1 1
-102 -91 -1 1
-102 -92 -1 1
-102 -93 -1 1
-103 -91 -1 1
-103 -92 -1 1
-102 -92 4 0
-101 -93 3 0
-101 -88 0 1
-101 -89 0 1
-101 -90 0 2
-102 -88 0 1
-103 -88 0 1
-101 -88 4 1
-101 -89 4 1
-101 -90 4 1
-102 -88 4 1
-101 -88 3 1
-101 -88 2 1
-101 -88 1 1
-101 -89 3 1
-101 -89 2 1
-101 -90 1 1
-101 -90 3 1
-101 -90 2 1
-103 -94 3 0
-103 -92 4 1
-104 -92 4 1
-105 -90 4 1
-105 -91 4 1
-102 -89 4 1
-102 -90 4 1
-102 -91 4 1
-103 -89 4 1
-103 -90 4 1
-103 -91 4 1
-104 -89 4 1
-104 -90 4 1
-104 -91 4 1
-102 -89 3 2
-102 -89 2 2
-102 -89 1 2
-102 -90 3 1
-102 -90 2 1
-102 -90 1 1
-103 -89 3 2
-103 -89 2 2
-103 -89 1 1
-104 -89 3 1
-104 -89 2 1
-104 -89 1 1
-101 -91 1 1
-102 -91 3 1
-101 -91 2 0
-101 -92 3 0
-103 -93 4 0
-107 -92 0 1
-107 -92 3 1
-107 -92 2 1
-107 -92 1 1
-106 -90 2 1
-106 -90 1 1
-129 -94 7 0
-128 -94 7 0
-106 -91 3 1
-128 -94 8 0
-129 -94 6 1
-128 -94 6 0
-129 -92 7 0
-129 -92 8 0
-130 -96 8 0
-106 -91 2 1
-129 -95 7 0
-110 -53 5 1
-110 -53 6 1
-110 -52 4 2
-110 -52 5 2
-110 -52 6 2
-113 -52 6 0
-112 -53 3 1
-112 -52 3 1
-111 -53 3 1
-111 -52 3 1
-110 -53 3 1
-110 -52 3 1
-113 -51 5 1
-115 -52 6 1
-116 -52 6 1
-115 -53 6 1
-116 -54 5 2
-118 -58 4 1
-117 -55 4 1
-119 -58 0 1
-117 -55 5 1
-118 -59 0 1
-118 -58 0 1
-117 -54 5 1
-117 -54 6 1
-117 -53 6 1
-116 -55 4 2
-118 -62 1 1
-116 -55 6 1
-118 -62 3 2
-118 -61 1 1
-118 -61 2 2
-118 -61 3 2
-118 -60 1 1
-118 -62 4 2
-118 -61 4 1
-119 -61 -1 1
-119 -61 0 2
-119 -60 -1 1
-119 -60 0 1
-119 -59 -1 1
-113 -53 6 0
-114 -52 7 0
-115 -53 2 1
-115 -52 2 1
-114 -53 2 1
-114 -52 2 1
-113 -53 2 1
-113 -53 3 2
-113 -53 4 1
-113 -52 2 1
-113 -52 3 1
-113 -52 4 1
-128 -95 7 0
-127 -95 7 0
-106 -91 1 1
-127 -95 8 0
-128 -95 6 0
-127 -95 6 0
-128 -93 7 0
-128 -93 8 0
-130 -93 8 0
-129 -96 7 0
-129 -96 8 0
-129 -96 6 0
-128 -96 7 0
-128 -96 8 0
-128 -96 6 0
-129 -95 9 0
-106 -92 3 1
-106 -92 2 1
-102 -92 3 0
-101 -92 2 1
-101 -92 1 1
-101 -92 0 1
-103 -93 2 1
-103 -93 1 2
-103 -93 0 1
-102 -94 1 2
-102 -94 3 0
-102 -94 2 1
-105 -92 -1 1
-106 -92 1 1
-106 -92 0 1
-106 -92 -1 1
-105 -94 2 1
-104 -95 2 1
-104 -96 2 1
-107 -96 -1 1
-108 -94 0 1
-117 -60 1 1
-117 -60 2 1
-117 -60 3 1
-117 -60 4 2
-117 -59 4 2
-118 -60 0 1
-117 -60 0 1
-117 -63 2 2
-118 -64 1 1
-108 -94 -1 1
-118 -64 2 1
-108 -95 1 1
-108 -95 -1 1
-108 -96 0 1
-108 -96 -1 1
-109 -94 1 1
-109 -94 0 1
-109 -94 -1 1
-109 -95 1 1
-109 -95 0 1
-109 -95 -1 1
-109 -96 0 1
-126 -95 7 0
-109 -96 -1 1
-126 -95 8 0
-126 -95 6 0
-127 -94 7 0
-127 -94 8 0
-127 -94 6 0
-129 -94 8 0
-130 -95 8 0
-129 -97 8 0
-108 -95 0 2
-128 -97 7 0
-128 -97 8 0
-128 -97 6 0
-127 -96 7 0
-127 -97 7 0
-127 -97 8 0
-127 -97 6 0
-128 -95 8 0
-128 -95 9 0
-128 -95 5 0
-105 -93 1 1
-105 -93 0 2
-105 -93 -1 1
-106 -93 1 2
-106 -93 0 1
-106 -93 -1 1
-106 -94 1 1
-106 -94 -1 1
-106 -95 0 1
-106 -95 -1 1
-107 -93 1 1
-107 -93 0 1
-107 -93 -1 1
-107 -94 1 1
-107 -94 0 1
-107 -94 -1 1
-107 -95 0 1
-107 -95 -1 1
-106 -94 0 2
-105 -95 3 1
-105 -95 2 2
-106 -95 3 1
-106 -95 2 2
-107 -95 3 1
-107 -95 2 1
-107 -95 1 1
-106 -95 1 1
-103 -94 1 1
-103 -94 0 1
-103 -94 -1 1
-103 -95 1 1
-103 -95 0 1
-103 -95 -1 1
-103 -96 1 1
-103 -96 0 1
-103 -96 -1 1
-104 -94 1 1
-104 -94 0 2
-104 -94 -1 1
-104 -95 1 1
-104 -95 -1 1
-104 -96 1 1
-104 -96 0 1
-104 -96 -1 1
-129 -98 4 1
-128 -98 4 1
-129 -97 4 1
-127 -98 1 2
-105 -95 0 2
-127 -98 2 1
-127 -98 3 1
-127 -97 1 1
-127 -97 2 1
-127 -97 3 2
-127 -96 1 1
-127 -96 2 1
-127 -96 3 1
-129 -96 4 1
-129 -96 5 1
-129 -95 3 1
-111 -97 -1 1
-104 -81 6 1
-103 -81 6 1
-106 -77 5 1
-106 -77 6 1
-106 -77 7 1
-105 -78 5 1
-105 -77 5 1
-105 -77 6 1
-105 -77 7 1
-104 -79 5 1
-104 -78 5 1
-104 -77 5 1
-104 -77 6 1
-104 -77 7 1
-106 -83 6 0
-105 -83 6 1
-104 -82 6 1
-104 -83 6 1
-106 -81 3 1
-106 -80 3 1
-105 -81 3 1
-105 -80 3 1
-104 -81 3 1
-104 -81 4 1
-104 -81 5 1
-104 -80 3 1
-104 -80 4 1
-104 -80 5 1
-111 -98 -1 1
-111 -99 -1 1
-124 -100 2 1
-124 -100 3 2
-124 -100 4 1
-127 -98 5 0
-126 -99 0 1
-126 -99 1 1
-126 -98 0 1
-126 -98 1 1
-126 -97 0 1
-126 -97 1 2
-104 -99 3 1
-106 -98 -1 1
-106 -99 -1 1
-106 -100 -1 1
-104 -99 2 1
-104 -99 1 1
-104 -99 0 1
-104 -100 2 1
-104 -100 1 1
-104 -100 0 1
-107 -98 -1 1
-108 -98 0 1
-108 -98 -1 1
-109 -98 -1 1
-108 -97 3 1
-108 -97 1 1
-109 -97 3 1
-109 -98 3 1
-108 -97 2 2
-105 -96 2 2
-105 -96 1 1
-105 -96 0 2
-105 -97 0 1
-105 -98 0 1
-106 -96 2 2
-106 -96 1 1
-106 -96 0 1
-106 -97 0 2
-106 -98 0 1
-107 -96 2 2
-107 -96 1 1
-107 -96 0 1
-107 -97 0 1
-107 -98 0 2
-107 -99 0 2
-107 -99 -1 1
-107 -100 0 1
-107 -100 -1 1
-108 -99 0 2
-108 -99 -1 1
-109 -99 -1 1
-108 -100 4 0
-109 -97 2 1
-109 -97 1 1
-109 -97 0 1
-109 -98 2 1
-109 -98 1 1
-109 -98 0 1
-109 -99 0 1
-110 -97 2 1
-110 -97 1 1
-110 -97 0 1
-110 -98 2 1
-110 -98 0 2
-111 -97 2 1
-111 -97 1 1
-111 -97 0 1
-111 -98 2 1
-111 -98 1 1
-111 -98 0 1
-110 -98 1 2
-108 -98 3 1
-108 -98 2 2
-108 -98 1 1
-105 -97 3 1
-105 -97 2 1
-105 -97 1 1
-124 -97 5 0
-123 -95 4 2
-106 -97 1 2
-124 -96 5 1
-124 -95 5 1
-124 -94 3 1
-124 -94 4 1
-124 -94 5 1
-123 -96 3 2
-123 -96 4 1
-123 -96 5 1
-123 -95 3 2
-123 -95 5 1
-123 -94 3 1
-123 -94 4 1
-123 -94 5 1
-122 -96 3 2
-105 -98 3 1
-122 -96 4 1
-122 -96 5 1
-122 -95 3 2
-122 -95 4 1
-122 -95 5 1
-122 -94 3 1
-122 -94 4 1
-122 -94 5 1
-123 -97 2 1
-123 -97 3 1
-123 -97 4 1
-123 -96 2 1
-134 -79 1 1
-134 -79 4 1
-133 -79 4 1
-132 -79 4 1
-133 -77 1 1
-126 -93 2 1
-133 -77 2 1
-133 -77 3 1
-132 -77 1 2
-132 -77 2 2
-132 -77 3 2
-131 -77 1 1
-131 -77 2 1
-120 -51 5 1
-119 -51 5 1
-133 -78 0 1
-133 -77 0 1
-118 -51 5 1
-132 -78 0 1
-132 -77 0 1
-131 -79 0 1
-131 -78 0 1
-131 -77 0 1
-134 -78 2 0
-134 -78 3 0
-137 -77 1 1
-137 -77 2 1
-137 -77 3 1
-136 -77 1 2
-136 -77 2 2
-136 -77 3 1
-135 -77 1 1
-135 -77 2 1
-135 -77 3 1
-137 -77 0 1
-136 -77 0 1
-135 -77 0 1
-137 -83 0 1
-136 -83 0 1
-139 -62 -1 1
-107 -98 1 1
-148 -61 7 1
-114 -76 4 1
-114 -77 6 1
-114 -77 4 1
-113 -78 5 1
-114 -79 5 1
-148 -61 6 1
-114 -79 6 1
-114 -79 4 2
-112 -79 5 0
-112 -79 6 0
-112 -79 4 1
-111 -79 5 0
-111 -79 6 0
-111 -79 4 1
-112 -77 7 0
-113 -78 2 1
-113 -78 3 2
-113 -78 4 1
-112 -78 2 1
-112 -78 3 2
-112 -78 4 1
-111 -78 2 1
-111 -78 3 1
-111 -78 4 1
-150 -62 6 1
-149 -62 6 1
-147 -87 6 1
-150 -51 7 0
-148 -83 6 2
-148 -83 5 2
-150 -62 4 1
-149 -55 7 1
-150 -56 5 1
-150 -56 7 1
-150 -54 5 1
-123 -97 5 0
-122 -97 2 1
-122 -97 3 1
-122 -97 4 1
-122 -96 2 1
-122 -95 2 1
-125 -95 5 0
-149 -54 8 0
-126 -98 5 0
-150 -53 8 0
-123 -98 5 0
-125 -97 5 0
-150 -55 9 1
-150 -55 10 1
-149 -55 9 1
-149 -55 10 1
-148 -55 8 1
-148 -55 9 1
-148 -55 10 1
-118 -81 6 1
-150 -53 4 1
-150 -53 5 1
-118 -80 4 1
-118 -80 5 1
-115 -58 4 2
-114 -59 5 1
-149 -61 6 1
-133 -68 1 1
-132 -68 1 2
-131 -68 1 1
-131 -68 2 1
-132 -68 0 1
-131 -68 0 1
-133 -67 3 2
-134 -67 4 1
-134 -66 2 1
-133 -67 2 1
-133 -67 4 2
-140 -59 2 1
-140 -59 3 1
-140 -59 4 1
-142 -62 1 1
-133 -66 3 1
-142 -62 2 1
-110 -78 5 0
-142 -61 1 2
-117 -79 4 1
-117 -79 5 1
-142 -60 1 1
-142 -60 2 1
-117 -78 5 1
-117 -78 6 1
-117 -77 4 1
-117 -77 5 1
-117 -77 6 1
-116 -79 4 2
-116 -79 5 2
-142 -65 1 2
-142 -65 2 2
-142 -65 3 1
-142 -64 1 1
-142 -64 2 2
-142 -64 3 2
-142 -63 1 1
-142 -63 2 1
-142 -63 3 1
-142 -65 4 1
-142 -64 4 1
-142 -63 4 1
-140 -64 -1 1
-140 -63 -1 1
-140 -62 -1 1
-133 -66 4 1
-132 -67 2 2
-132 -67 3 2
-149 -53 7 0
-136 -69 4 1
-150 -52 4 1
-120 -100 6 0
-150 -52 5 1
-133 -84 4 2
-134 -84 1 2
-134 -84 2 1
-134 -84 3 1
-134 -83 1 2
-134 -82 1 2
-132 -86 3 0
-133 -84 5 2
-133 -84 6 1
-133 -83 5 1
-133 -83 6 1
-133 -85 0 1
-133 -84 0 1
-133 -83 0 1
-120 -100 7 0
-138 -64 5 1
-138 -64 6 2
-138 -63 5 1
-122 -61 7 1
-121 -61 7 1
-126 -60 3 2
-125 -60 3 2
-147 -59 3 1
-146 -59 1 1
-124 -99 5 0
-124 -99 6 0
-124 -99 9 0
-124 -99 8 0
-137 -73 3 1
-136 -73 2 1
-134 -75 0 1
-134 -75 1 1
-134 -74 0 1
-134 -74 1 1
-118 -82 -1 1
-150 -55 8 1
-125 -98 5 0
-150 -89 7 0
-125 -98 9 0
-125 -98 8 0
-124 -100 6 0
-150 -89 4 0
-150 -89 3 0
-146 -89 5 1
-145 -89 5 1
-146 -89 6 1
-146 -87 5 1
-146 -87 6 1
-148 -87 4 1
-146 -87 4 1
-123 -98 6 0
-127 -96 5 0
-127 -96 6 0
-127 -96 9 0
-127 -96 8 0
-126 -98 6 0
-129 -94 5 1
-129 -94 4 1
-129 -95 5 1
-129 -95 4 1
-130 -95 4 1
-130 -94 9 0
-129 -95 6 1
-129 -95 8 0
-131 -93 9 0
-130 -94 8 0
-131 -95 8 0
-130 -91 8 0
-129 -93 8 0
-129 -93 7 0
-132 -92 9 0
-131 -93 8 0
-129 -89 7 1
-129 -90 7 1
-129 -91 7 1
-130 -89 7 1
-130 -91 7 1
-131 -89 7 1
-130 -90 7 1
-130 -92 8 0
-130 -92 7 0
-131 -78 2 1
-131 -78 3 1
-134 -79 2 1
-134 -79 3 1
-137 -78 1 1
-137 -78 3 1
-134 -91 9 0
-132 -92 8 0
-122 -85 -1 1
-118 -85 5 1
-123 -85 1 1
-123 -86 1 1
-123 -87 1 1
-123 -86 5 1
-132 -66 8 1
-117 -59 2 2
-117 -59 1 2
-118 -60 3 2
-118 -60 2 1
-118 -59 2 2
-120 -58 3 1
-120 -58 2 1
-121 -56 3 1
-121 -56 2 1
-137 -91 8 0
-137 -92 7 0
-135 -90 8 0
-138 -90 9 0
-136 -91 8 0
-136 -91 7 0
-138 -92 7 0
-138 -91 7 0
-139 -90 5 2
-139 -90 9 0
-138 -91 8 0
-137 -91 7 0
-139 -92 7 0
-137 -90 8 0
-138 -90 8 0
-137 -90 7 0
-138 -90 7 0
-115 -54 5 1
-115 -54 6 1
-114 -54 5 1
-141 -91 7 0
-144 -89 7 0
-143 -89 6 0
-146 -89 3 0
-145 -92 6 1
-145 -92 5 1
-145 -92 4 1
-145 -93 6 1
-145 -93 5 1
-149 -100 4 0
-148 -99 4 0
-149 -99 5 0
-149 -99 3 0
-129 -100 6 0
-129 -100 7 0
-129 -98 6 0
-146 -93 5 1
-129 -98 5 1
-131 -99 6 0
-131 -98 6 0
-131 -98 7 0
-131 -98 5 1
-132 -98 6 0
-132 -98 5 1
-132 -100 6 0
-133 -100 6 0
-132 -100 7 0
-132 -100 5 1
-146 -93 4 1
-131 -100 7 0
-131 -100 8 0
-147 -92 6 1
-147 -92 5 1
-132 -100 3 1
-132 -100 4 1
-132 -99 3 1
-132 -99 4 2
-131 -99 3 1
-131 -99 4 2
-131 -99 5 1
-130 -99 3 1
-130 -99 4 2
-150 -100 1 1
-150 -100 2 1
-147 -93 5 1
-147 -93 4 1
-146 -92 5 2
-148 -90 6 0
-149 -100 1 1
-149 -100 2 1
-149 -100 3 1
-145 -87 6 1
-145 -87 5 1
-146 -88 5 0
-144 -89 5 1
-147 -89 3 0
-145 -89 6 1
-145 -89 4 1
-145 -90 6 1
-145 -90 5 2
-145 -90 4 1
-145 -91 5 2
-145 -91 4 1
-146 -89 4 1
-146 -90 4 1
-146 -91 6 1
-146 -91 5 1
-146 -91 4 1
-147 -89 4 1
-147 -90 4 1
-147 -91 6 1
-147 -91 4 1
-146 -90 6 1
-147 -91 5 1
-146 -85 4 1
-146 -86 4 1
-126 -100 7 0
-147 -87 4 1
-126 -100 8 0
-126 -100 6 0
-125 -100 7 0
-125 -100 8 0
-125 -100 6 0
-124 -99 7 0
-124 -100 7 0
-124 -100 8 0
-130 -98 6 0
-130 -98 7 0
-131 -97 6 0
-125 -98 6 0
-131 -97 7 0
-131 -97 5 1
-132 -98 7 0
-133 -99 6 0
-133 -99 7 0
-133 -99 5 1
-131 -99 7 0
-131 -99 8 0
-132 -98 3 1
-132 -98 4 2
-131 -98 3 1
-131 -98 4 2
-130 -98 3 1
-130 -98 4 2
-130 -98 5 1
-149 -90 5 0
-149 -90 6 0
-148 -90 5 0
-149 -88 5 0
-148 -89 6 0
-148 -89 5 0
-150 -90 8 1
-150 -90 7 1
-150 -91 8 1
-148 -100 1 1
-148 -100 2 1
-150 -92 7 1
-150 -88 5 0
-149 -89 5 0
-101 -81 5 1
-101 -81 4 1
-101 -82 5 1
-101 -82 4 1
-101 -83 5 1
-101 -83 4 1
-102 -81 5 1
-102 -81 4 1
-101 -84 6 0
-101 -83 6 1
-102 -84 6 0
-103 -84 6 0
-102 -81 6 1
-101 -81 6 1
-101 -82 6 1
-107 -77 7 0
-149 -65 7 1
-149 -65 8 2
-149 -65 9 1
-150 -66 4 0
-150 -54 8 0
-150 -55 7 1
-123 -99 7 0
-122 -99 7 0
-134 -74 2 1
-122 -99 8 0
-122 -99 6 0
-122 -98 7 0
-122 -98 6 0
-135 -73 0 1
-136 -73 0 1
-135 -73 3 2
-135 -73 2 1
-135 -73 1 1
-136 -73 3 1
-123 -100 7 0
-136 -73 1 1
-123 -100 8 0
-137 -73 1 1
-129 -98 7 0
-130 -97 6 0
-130 -97 7 0
-130 -97 5 1
-131 -96 6 0
-147 -99 3 1
-131 -96 7 0
-131 -96 5 1
-132 -97 6 0
-132 -97 7 0
-132 -97 5 1
-133 -98 6 0
-133 -98 7 0
-133 -98 5 1
-131 -98 8 0
-132 -97 3 1
-132 -97 4 1
-131 -97 3 1
-131 -97 4 2
-130 -97 3 1
-130 -97 4 2
-132 -73 0 1
-148 -100 -1 1
-148 -100 0 1
-148 -88 8 0
-149 -88 8 0
-149 -87 5 0
-149 -87 7 0
-149 -87 6 0
-115 -87 6 2
-147 -100 -1 1
-147 -100 0 1
-147 -100 1 1
-113 -88 5 1
-120 -83 7 0
-110 -67 3 1
-117 -80 7 1
-116 -82 5 1
-150 -71 6 1
-148 -84 8 1
-117 -67 3 1
-117 -66 3 1
-117 -65 3 1
-116 -67 3 1
-111 -75 2 1
-111 -75 3 1
-106 -80 9 1
-122 -100 7 0
-121 -100 7 0
-139 -78 5 1
-121 -100 8 0
-121 -100 6 0
-121 -99 7 0
-121 -99 6 0
-111 -52 6 2
-111 -52 4 2
-111 -53 6 1
-139 -62 11 1
-139 -62 10 1
-139 -62 9 1
-139 -63 11 1
-139 -63 10 2
-139 -64 11 1
-139 -64 10 1
-123 -100 9 0
-123 -100 6 0
-123 -100 5 0
-138 -65 6 1
-137 -79 7 1
-138 -65 5 1
-137 -79 8 1
-137 -79 9 1
-136 -79 7 1
-136 -79 8 1
-136 -79 9 1
-135 -81 7 1
-135 -81 8 1
-135 -81 9 1
-135 -80 7 1
-135 -80 8 1
-135 -80 9 1
-135 -79 7 1
-135 -79 8 1
-135 -79 9 1
-138 -81 6 1
-138 -80 6 1
-139 -82 8 1
-139 -81 6 1
-139 -81 7 1
-139 -81 8 2
-139 -80 6 1
-139 -80 7 2
-139 -80 8 1
-138 -82 6 1
-137 -80 6 1
-140 -80 8 2
-141 -81 7 1
-141 -81 8 1
-141 -81 9 1
-141 -80 7 2
-141 -80 8 1
-141 -80 9 1
-141 -79 7 2
-141 -79 8 1
-141 -79 9 1
-140 -81 7 1
-140 -81 8 1
-140 -81 9 1
-140 -80 7 2
-140 -80 9 1
-140 -79 7 1
-140 -79 8 2
-140 -79 9 1
-139 -81 9 1
-139 -80 9 1
-139 -79 7 2
-139 -79 8 1
-139 -79 9 1
-140 -82 6 1
-140 -82 7 1
-139 -84 6 0
-139 -84 7 0
-138 -82 5 1
-138 -82 4 1
-137 -64 9 1
-137 -64 8 2
-137 -64 7 1
-137 -65 9 1
-137 -65 8 2
-140 -78 4 1
-137 -66 9 1
-137 -66 8 1
-137 -66 7 2
-142 -77 9 1
-138 -64 8 2
-138 -64 7 1
-138 -65 9 1
-138 -65 7 1
-138 -66 9 1
-138 -66 8 1
-138 -66 7 1
-139 -66 9 1
-139 -66 8 1
-139 -66 7 1
-138 -65 8 2
-139 -59 9 1
-139 -60 9 1
-139 -61 9 1
-139 -59 8 1
-139 -59 7 1
-139 -59 6 1
-138 -63 6 1
-138 -63 8 2
-129 -61 6 1
-102 -85 1 1
-102 -85 2 1
-102 -85 3 1
-102 -85 4 1
-101 -85 4 1
-142 -79 8 2
-102 -85 0 1
-142 -79 6 2
-141 -78 7 2
-141 -78 6 1
-132 -94 6 1
-136 -81 5 1
-137 -81 5 1
-142 -72 6 1
-142 -72 7 1
-143 -71 6 1
-138 -83 5 1
-143 -71 7 0
-145 -72 6 1
-144 -72 7 1
-144 -72 6 1
-145 -73 7 0
-147 -72 4 1
-147 -72 5 2
-147 -72 6 1
-146 -72 4 1
-146 -72 5 1
-146 -72 6 1
-145 -72 4 1
-145 -72 5 1
-146 -76 7 1
-146 -76 8 1
-146 -75 7 1
-146 -75 8 1
-146 -74 7 1
-146 -74 8 1
-140 -74 8 1
-143 -73 8 0
-144 -72 4 1
-144 -72 5 2
-143 -72 4 1
-143 -72 5 1
-142 -72 4 1
-142 -72 5 1
-140 -81 6 1
-140 -80 6 2
-140 -79 6 1
-138 -79 6 1
-138 -79 7 1
-138 -79 8 1
-141 -81 6 1
-141 -80 6 1
-141 -79 6 1
-141 -81 5 1
-141 -80 5 1
-141 -79 5 1
-140 -81 5 1
-140 -80 5 1
-140 -79 5 2
-139 -81 5 2
-139 -80 5 2
-139 -79 5 1
-140 -83 6 0
-140 -83 7 0
-140 -82 8 1
-140 -82 9 1
-139 -82 9 1
-139 -81 4 1
-138 -78 8 1
-138 -78 7 1
-139 -78 8 1
-136 -67 8 1
-136 -66 6 1
-115 -57 5 2
-115 -57 6 1
-115 -57 7 1
-115 -56 5 1
-115 -56 6 1
-112 -80 5 0
-112 -80 6 0
-112 -80 4 1
-133 -69 4 1
-133 -69 3 2
-133 -69 2 1
-134 -69 4 1
-134 -69 3 1
-112 -79 3 1
-134 -69 2 1
-130 -70 0 1
-130 -71 0 1
-130 -72 0 1
-131 -70 0 1
-131 -71 0 1
-131 -72 0 1
-132 -70 0 1
-132 -71 0 1
-130 -70 4 1
-130 -71 4 1
-130 -72 4 1
-142 -71 6 1
-142 -71 7 0
-141 -70 5 2
-130 -73 4 1
-142 -71 4 1
-142 -71 5 1
-142 -70 4 1
-142 -70 5 1
-142 -70 6 1
-142 -69 4 1
-130 -73 3 1
-142 -69 5 2
-142 -69 6 1
-141 -71 4 1
-141 -71 5 1
-141 -71 6 1
-141 -70 4 1
-141 -70 6 1
-141 -69 4 1
-141 -69 5 1
-141 -69 6 1
-140 -71 4 1
-140 -71 5 1
-140 -71 6 1
-140 -70 4 1
-140 -70 5 1
-140 -70 6 1
-140 -69 4 1
-140 -69 5 1
-140 -69 6 1
-144 -71 6 1
-144 -70 6 1
-144 -71 7 1
-145 -71 6 2
-145 -71 7 2
-145 -72 7 1
-148 -73 4 1
-148 -72 4 1
-145 -74 9 1
-144 -74 9 1
-143 -74 9 1
-144 -72 8 1
-145 -71 4 1
-145 -71 5 1
-144 -71 4 1
-130 -73 2 1
-126 -68 7 1
-139 -63 9 1
-139 -64 9 1
-139 -65 9 1
-139 -64 8 2
-139 -64 7 2
-139 -64 6 2
-139 -65 8 2
-139 -65 7 2
-139 -65 6 1
-140 -59 6 1
-140 -59 5 1
-140 -59 9 1
-140 -59 8 1
-140 -59 7 1
-140 -60 9 1
-140 -61 9 1
-139 -63 6 1
-139 -63 8 2
-139 -63 7 1
-126 -69 5 1
-126 -69 4 1
-129 -63 5 1
-127 -65 6 0
-128 -65 6 0
-127 -65 5 0
-128 -65 5 0
-130 -88 2 1
-128 -63 4 1
-136 -81 9 1
-136 -81 8 1
-136 -81 7 1
-136 -82 9 1
-136 -82 8 1
-137 -80 9 1
-137 -80 8 1
-137 -80 7 1
-137 -81 9 1
-137 -81 7 1
-137 -82 9 1
-137 -82 8 1
-138 -80 9 1
-138 -80 8 1
-138 -80 7 2
-138 -81 9 1
-138 -81 8 1
-120 -84 6 0
-120 -84 7 0
-137 -81 0 1
-148 -59 2 1
-148 -59 3 1
-147 -59 2 1
-118 -54 5 1
-118 -54 6 1
-118 -53 4 1
-118 -53 5 1
-118 -53 6 1
-113 -54 3 2
-118 -86 8 0
-132 -92 4 1
-120 -85 9 0
-120 -85 6 0
-120 -85 5 1
-116 -87 5 1
-116 -87 6 1
-116 -87 7 1
-117 -88 8 2
-133 -93 3 1
-134 -93 3 1
-134 -93 2 1
-133 -92 3 2
-132 -72 0 1
-132 -72 -1 1
-133 -72 0 2
-133 -72 -1 1
-134 -72 -1 1
-134 -70 0 1
-134 -71 0 1
-134 -72 0 1
-121 -63 2 1
-121 -62 2 2
-108 -55 6 1
-109 -53 6 1
-109 -55 6 1
-110 -54 6 1
-129 -100 5 1
-138 -63 -1 1
-141 -62 2 1
-145 -76 8 1
-145 -76 9 1
-145 -75 7 2
-135 -70 1 2
-135 -71 1 2
-136 -70 3 1
-136 -70 2 1
-136 -70 1 1
-136 -71 1 1
-136 -72 1 1
-133 -71 1 1
-134 -70 4 1
-134 -70 3 1
-134 -70 2 1
-131 -70 4 1
-131 -71 4 1
-132 -70 4 1
-133 -70 4 1
-133 -70 3 2
-133 -70 2 1
-130 -70 3 1
-130 -70 2 1
-130 -70 1 1
-130 -71 3 1
-130 -71 2 1
-130 -71 1 1
-130 -72 3 1
-130 -72 2 1
-130 -72 1 1
-123 -60 1 1
-122 -62 -1 1
-122 -62 0 1
-122 -62 1 1
-122 -61 -1 1
-122 -61 0 1
-122 -61 1 1
-122 -60 0 2
-122 -60 1 1
-127 -59 2 1
-150 -82 6 1
-149 -72 6 1
-150 -82 5 1
-150 -82 7 1
-149 -82 5 1
-118 -82 0 1
-118 -83 0 2
-118 -84 1 1
-118 -84 0 1
-116 -85 1 1
-116 -86 3 1
-116 -86 2 1
-116 -86 1 1
-116 -87 3 1
-116 -87 2 1
-116 -87 1 1
-117 -85 1 1
-117 -86 3 1
-117 -86 1 1
-117 -87 3 1
-117 -87 2 1
-117 -87 1 1
-118 -85 3 1
-118 -85 2 1
-118 -85 1 1
-118 -86 3 1
-118 -86 2 1
-118 -86 1 1
-118 -87 3 1
-118 -87 2 1
-118 -87 1 1
-117 -86 2 2
-117 -85 3 1
-117 -85 2 1
-119 -85 3 1
-119 -85 2 1
-119 -85 1 1
-119 -86 3 2
-119 -86 2 2
-119 -86 1 1
-119 -87 3 1
-119 -87 2 1
-119 -87 1 1
-120 -85 3 1
-120 -85 2 2
-120 -85 1 1
-120 -86 3 2
-120 -86 1 1
-120 -87 3 1
-120 -87 2 1
-120 -87 1 1
-121 -85 3 2
-121 -85 2 2
-121 -85 1 1
-121 -86 3 2
-121 -86 2 2
-121 -86 1 1
-121 -87 3 1
-121 -87 2 1
-147 -83 7 2
-121 -87 1 1
-147 -83 5 1
-120 -86 2 2
-120 -80 3 1
-119 -83 3 1
-119 -83 2 1
-119 -83 1 1
-120 -81 3 1
-120 -81 2 1
-120 -81 1 1
-120 -82 3 2
-120 -82 2 2
-120 -82 1 1
-120 -83 3 1
-120 -83 2 1
-120 -83 1 1
-131 -93 7 0
-131 -93 5 2
-132 -92 6 1
-132 -92 7 0
-132 -92 5 1
-133 -93 6 0
-133 -93 5 0
-134 -94 6 0
-134 -94 7 0
-134 -94 5 0
-132 -94 8 0
-133 -93 7 0
-132 -94 4 1
-132 -94 3 1
-132 -95 5 1
-132 -95 3 1
-133 -94 4 1
-133 -94 3 1
-133 -95 4 1
-134 -64 7 1
-112 -54 7 0
-109 -51 3 1
-109 -52 3 1
-109 -51 7 1
-109 -52 7 1
-109 -53 7 1
-110 -51 7 1
-110 -52 7 1
-110 -53 7 1
-111 -51 7 2
-111 -52 7 2
-111 -53 7 1
-109 -51 6 1
-118 -84 2 1
-118 -84 3 0
-119 -80 1 1
-119 -81 1 1
-119 -82 1 1
-119 -80 3 1
-119 -80 2 1
-119 -81 3 2
-119 -81 2 2
-119 -82 3 1
-119 -82 2 2
-135 -75 0 1
-132 -81 0 1
-132 -80 0 1
-131 -81 0 1
-131 -80 0 1
-134 -78 4 0
-134 -77 0 2
-134 -77 1 1
-108 -53 6 1
-131 -100 3 1
-131 -100 4 2
-131 -100 5 1
-129 -100 3 2
-110 -55 6 1
-111 -54 2 1
-132 -68 -1 1
-133 -68 -1 1
-134 -68 -1 1
-135 -66 4 1
-135 -66 3 2
-135 -66 2 2
-135 -67 4 1
-135 -68 4 1
-136 -66 4 1
-136 -66 3 1
-136 -66 2 1
-136 -67 4 1
-136 -68 4 1
-131 -67 0 1
-132 -67 0 1
-133 -67 0 2
-131 -67 4 1
-131 -67 3 1
-131 -67 2 1
-131 -67 1 1
-132 -67 1 2
-133 -67 1 1
-113 -69 5 0
-108 -54 3 1
-108 -55 5 1
-108 -55 4 1
-108 -55 3 1
-122 -83 1 1
-135 -92 5 0
-134 -90 5 0
-134 -90 6 0
-132 -89 6 1
-132 -89 5 2
-132 -89 4 1
-132 -90 5 1
-122 -61 2 1
-117 -83 4 0
-112 -60 1 1
-112 -61 1 1
-113 -59 1 1
-113 -60 1 1
-113 -61 1 1
-110 -62 4 1
-110 -59 4 1
-108 -59 7 1
-108 -59 6 1
-108 -60 7 1
-108 -60 6 2
-108 -61 7 1
-108 -61 6 1
-109 -59 7 1
-109 -59 6 1
-109 -60 7 1
-109 -61 7 1
-109 -61 6 1
-110 -59 7 1
-110 -59 6 1
-110 -59 5 1
-110 -60 7 1
-110 -60 6 1
-110 -60 5 1
-110 -61 7 1
-110 -61 6 1
-109 -60 6 2
-110 -60 4 1
-107 -59 5 1
-107 -59 4 2
-107 -59 3 2
-107 -60 5 1
-149 -82 6 2
-149 -82 7 1
-148 -82 5 2
-117 -55 8 1
-147 -67 5 2
-147 -67 6 1
-150 -72 8 1
-148 -62 5 1
-148 -62 6 1
-148 -61 4 1
-150 -61 9 2
-150 -70 4 0
-149 -79 7 1
-149 -78 5 2
-109 -59 4 1
-109 -59 3 1
-109 -60 5 2
-109 -60 4 1
-109 -60 3 1
-109 -61 5 2
-149 -78 6 2
-150 -58 7 0
-150 -62 10 1
-111 -60 3 2
-111 -60 2 1
-111 -61 2 1
-115 -60 7 1
-116 -60 7 1
-117 -59 7 1
-117 -60 7 1
-148 -63 0 2
-128 -81 1 1
-128 -82 3 1
-128 -82 1 1
-128 -83 3 2
-128 -83 2 2
-128 -83 1 1
-129 -81 3 1
-129 -81 2 1
-129 -81 1 1
-132 -69 -1 1
-133 -69 -1 1
-134 -69 -1 1
-135 -69 4 1
-107 -100 2 2
-132 -66 4 1
-132 -66 3 2
-132 -66 2 2
-132 -67 4 1
-108 -100 1 1
-108 -100 2 1
-108 -100 3 1
-108 -99 1 1
-133 -66 2 1
-108 -99 2 2
-108 -99 3 1
-134 -66 4 1
-134 -66 3 1
-115 -59 8 1
-107 -100 1 1
-107 -100 3 1
-107 -99 1 1
-107 -99 2 2
-107 -99 3 1
-133 -68 0 2
-131 -68 4 1
-131 -68 3 1
-106 -100 1 1
-106 -100 2 2
-106 -100 3 1
-106 -99 1 1
-106 -99 2 2
-106 -99 3 1
-150 -60 7 1
-150 -61 6 1
-109 -100 2 1
-109 -100 3 1
-109 -100 1 1
-111 -100 2 2
-112 -100 1 1
-112 -100 2 1
-112 -100 3 1
-112 -99 1 1
-112 -99 2 1
-112 -99 3 1
-111 -100 1 2
-111 -100 3 1
-111 -99 1 1
-111 -99 2 1
-111 -99 3 1
-150 -55 5 1
-110 -100 1 2
-110 -100 2 2
-110 -100 3 1
-110 -99 1 2
-110 -99 2 1
-110 -99 3 1
-150 -62 9 2
-112 -100 0 1
-112 -99 0 1
-149 -61 8 1
-111 -100 0 1
-111 -99 0 1
-150 -63 6 1
-110 -100 0 1
-110 -99 0 1
-148 -61 5 1
-149 -60 6 0
-149 -62 5 2
-126 -83 0 1
-126 -83 -1 1
-126 -84 1 1
-126 -84 0 2
-126 -84 -1 1
-126 -85 1 1
-126 -85 0 1
-126 -85 -1 1
-125 -84 5 0
-124 -88 1 1
-149 -69 8 2
-115 -82 5 1
-149 -70 9 1
-149 -70 8 1
-150 -69 9 1
-150 -70 9 1
-118 -86 5 1
-118 -84 5 0
-114 -84 7 0
-149 -70 7 1
-150 -71 5 1
-150 -86 6 0
-115 -82 4 1
-115 -80 7 2
-115 -80 6 1
-115 -80 5 1
-115 -81 7 1
-115 -81 6 1
-115 -81 5 1
-132 -89 7 0
-130 -88 6 1
-133 -87 7 1
-136 -87 5 0
-136 -89 6 0
-136 -89 7 0
-136 -89 5 0
-136 -90 7 0
-133 -90 7 0
-134 -89 7 0
-134 -89 4 0
-115 -82 7 1
-147 -75 8 1
-147 -75 7 1
-147 -75 6 1
-147 -76 8 1
-147 -76 7 1
-147 -76 6 1
-148 -74 8 1
-148 -74 7 1
-148 -74 6 1
-148 -75 8 1
-147 -67 4 1
-148 -67 6 1
-148 -67 5 2
-148 -76 6 1
-149 -74 8 1
-149 -74 7 1
-149 -75 8 1
-149 -75 7 1
-149 -76 8 1
-149 -76 7 1
-149 -76 6 1
-112 -84 8 0
-110 -85 6 1
-133 -88 7 0
-134 -86 7 1
-134 -85 7 1
-128 -85 6 1
-133 -86 7 1
-133 -85 7 1
-132 -87 7 1
-132 -86 7 1
-132 -85 7 1
-135 -86 7 1
-136 -86 6 0
-136 -86 7 0
-136 -86 5 0
-136 -88 6 0
-137 -88 6 1
-137 -88 7 1
-137 -88 5 1
-135 -89 7 0
-133 -89 7 0
-135 -88 4 0
-128 -85 4 1
-128 -86 6 1
-113 -55 4 1
-113 -55 3 1
-113 -55 2 1
-114 -55 4 1
-114 -55 3 2
-114 -55 2 1
-115 -55 3 1
-115 -55 2 1
-114 -54 8 0
-114 -54 7 0
-112 -56 5 0
-113 -55 5 0
-112 -56 6 0
-113 -55 6 0
-114 -56 5 1
-114 -56 6 1
-115 -56 4 1
-115 -57 4 1
-145 -88 7 0
-116 -57 4 1
-147 -90 8 0
-146 -89 8 0
-147 -88 9 0
-147 -88 5 0
-150 -51 8 0
-150 -82 4 0
-150 -82 8 0
-147 -84 4 1
-147 -85 4 1
-148 -84 4 1
-148 -86 4 1
-126 -85 6 0
-138 -88 7 1
-138 -87 6 2
-138 -87 7 1
-138 -87 8 1
-137 -87 8 0
-135 -85 7 1
-137 -85 6 1
-137 -85 7 0
-137 -85 5 1
-137 -87 6 1
-137 -87 7 1
-137 -87 5 1
-135 -87 7 1
-136 -87 8 0
-137 -87 9 0
-136 -87 9 0
-136 -86 8 0
-138 -85 8 0
-138 -87 9 0
-136 -89 8 0
-141 -88 6 1
-141 -88 7 1
-141 -88 10 0
-141 -88 9 0
-140 -89 9 0
-148 -87 8 0
-146 -88 8 0
-138 -87 10 0
-137 -89 9 0
-148 -76 8 1
-127 -86 7 0
-148 -62 4 1
-149 -83 5 1
-150 -83 7 1
-113 -56 5 0
-113 -56 6 0
-115 -58 5 2
-116 -59 4 2
-116 -59 5 2
-116 -59 6 2
-116 -58 4 1
-116 -58 5 1
-116 -58 6 1
-115 -59 4 1
-135 -84 7 1
-115 -59 5 2
-136 -85 6 1
-136 -84 6 1
-136 -85 7 1
-136 -84 7 1
-136 -84 5 2
-137 -85 4 1
-137 -84 4 1
-137 -84 5 1
-137 -84 6 1
-137 -83 4 1
-115 -59 6 2
-137 -83 5 1
-137 -83 6 1
-136 -85 4 1
-136 -85 5 1
-136 -84 4 1
-136 -83 4 1
-136 -83 5 1
-136 -83 6 2
-137 -84 7 1
-137 -86 6 1
-138 -86 6 1
-137 -86 7 1
-138 -86 7 1
-136 -88 7 0
-136 -86 4 0
-115 -58 6 2
-114 -59 4 1
-114 -59 6 1
-114 -58 4 1
-114 -58 5 1
-114 -58 6 1
-114 -57 4 1
-114 -57 5 1
-114 -57 6 1
-115 -58 7 2
-116 -59 7 2
-116 -59 8 1
-116 -58 7 2
-116 -58 8 1
-115 -59 7 1
-115 -58 8 1
-114 -59 7 1
-114 -59 8 1
-114 -58 7 1
-114 -58 8 1
-114 -57 7 1
-114 -57 8 1
-112 -57 5 0
-112 -57 6 0
-114 -56 7 0
-114 -56 3 2
-115 -57 2 1
-115 -57 3 1
-115 -56 2 1
-115 -56 3 1
-114 -57 2 1
-114 -57 3 1
-114 -56 2 1
-114 -56 4 1
-113 -57 2 1
-127 -84 1 1
-127 -86 4 1
-127 -87 5 1
-127 -87 4 2
-113 -57 3 2
-113 -57 4 1
-113 -56 2 1
-113 -56 3 1
-113 -56 4 1
-127 -66 6 1
-127 -61 6 1
-127 -61 5 1
-127 -62 6 1
-127 -62 5 2
-127 -62 4 2
-127 -63 6 1
-127 -63 5 1
-127 -63 4 1
-128 -61 6 1
-128 -61 5 1
-128 -62 6 1
-130 -69 4 1
-130 -67 8 1
-130 -68 8 1
-130 -69 8 1
-131 -69 8 1
-132 -69 8 1
-115 -55 8 1
-115 -56 8 1
-115 -57 8 1
-116 -55 8 1
-116 -56 8 1
-116 -57 8 1
-150 -61 7 1
-117 -56 8 1
-137 -79 5 2
-137 -79 6 1
-120 -51 6 1
-119 -51 6 1
-137 -78 5 2
-137 -78 6 1
-118 -51 6 1
-136 -80 5 1
-136 -80 6 1
-136 -79 6 1
-136 -78 5 1
-110 -66 5 1
-110 -65 3 1
-109 -67 3 1
-109 -67 4 1
-109 -67 5 1
-109 -66 3 1
-109 -66 5 1
-109 -65 3 1
-109 -65 5 1
-108 -67 3 1
-108 -67 4 1
-124 -80 3 1
-127 -84 3 1
-127 -84 2 1
-126 -85 3 0
-126 -85 2 0
-125 -87 3 2
-126 -88 2 1
-138 -80 5 1
-138 -79 5 1
-138 -78 5 1
-138 -78 6 1
-140 -78 6 1
-140 -78 7 2
-117 -66 5 1
-117 -66 6 1
-149 -61 7 1
-119 -87 5 1
-118 -89 5 1
-118 -89 6 1
-150 -60 8 2
-135 -62 9 1
-145 -60 7 1
-146 -65 5 1
-146 -65 8 1
-146 -65 7 1
-146 -65 6 1
-109 -59 1 1
-109 -58 1 1
-109 -57 1 1
-109 -57 2 1
-109 -57 3 1
-109 -55 4 1
-109 -53 5 1
-108 -53 3 1
-136 -64 9 1
-136 -64 8 2
-136 -64 7 1
-136 -65 9 1
-136 -65 8 2
-136 -65 7 2
-136 -66 9 1
-136 -66 8 2
-136 -66 7 2
-138 -59 9 1
-133 -71 4 1
-133 -81 1 1
-132 -81 1 1
-131 -81 1 1
-134 -85 2 1
-134 -85 3 1
-133 -71 3 2
-133 -71 2 1
-134 -71 4 1
-134 -71 3 1
-138 -60 8 1
-138 -60 6 1
-138 -61 6 1
-111 -54 4 0
-111 -54 5 0
-112 -55 5 0
-111 -56 6 0
-111 -56 2 2
-112 -57 1 1
-112 -56 1 1
-112 -55 1 1
-112 -55 2 2
-112 -55 3 1
-111 -56 1 1
-111 -56 3 1
-111 -55 1 1
-111 -55 2 1
-111 -55 3 1
-113 -56 1 1
-113 -55 1 1
-112 -54 3 1
-113 -75 2 1
-111 -75 4 1
-116 -78 6 1
-116 -77 4 1
-116 -77 5 1
-115 -79 4 2
-115 -79 6 2
-136 -75 0 1
-137 -75 0 1
-135 -75 3 1
-135 -75 1 1
-137 -75 1 1
-111 -54 6 0
-109 -52 4 1
-109 -52 5 1
-109 -52 6 1
-109 -51 4 1
-109 -51 5 1
-129 -86 5 2
-129 -87 4 1
-129 -87 5 1
-129 -87 6 1
-129 -86 4 1
-129 -86 6 1
-131 -81 3 1
-131 -81 2 1
-132 -81 4 1
-132 -81 3 1
-132 -81 2 1
-133 -81 4 1
-133 -81 3 2
-133 -81 2 2
-133 -82 4 1
-133 -83 4 1
-133 -82 3 2
-133 -82 2 2
-133 -82 1 1
-133 -83 3 1
-133 -83 2 2
-133 -83 1 1
-133 -84 3 1
-133 -84 2 1
-131 -93 6 1
-131 -94 6 1
-131 -94 5 1
-131 -94 4 1
-131 -94 3 1
-131 -95 4 1
-149 -78 7 1
-150 -57 4 1
-149 -62 10 1
-149 -62 9 1
-150 -61 10 1
-150 -61 8 1
-105 -81 9 2
-150 -57 6 1
-132 -51 1 1
-132 -51 2 1
-132 -51 3 1
-150 -57 7 0
-112 -66 2 1
-131 -51 1 1
-131 -51 2 1
-131 -51 3 1
-112 -66 3 1
-130 -51 1 1
-130 -51 2 1
-130 -51 3 1
-112 -66 4 1
-129 -52 2 2
-130 -53 1 1
-130 -53 2 1
-130 -53 3 1
-130 -52 1 1
-130 -52 2 1
-114 -60 7 1
-114 -60 8 0
-112 -60 7 1
-113 -59 8 0
-114 -58 9 0
-129 -52 3 1
-129 -51 1 1
-129 -51 2 1
-129 -51 3 1
-128 -53 1 1
-128 -53 2 1
-128 -53 3 1
-128 -52 1 1
-128 -52 2 1
-128 -52 3 1
-128 -51 1 1
-128 -51 2 1
-128 -51 3 1
-112 -65 2 1
-103 -81 10 1
-106 -83 7 0
-106 -83 8 0
-108 -82 7 0
-150 -84 6 1
-150 -84 5 1
-148 -85 6 2
-148 -82 7 1
-149 -86 5 1
-113 -82 6 0
-112 -83 5 0
-123 -85 6 0
-111 -75 9 0
-109 -77 6 0
-112 -59 5 0
-111 -59 5 0
-112 -59 6 0
-111 -59 6 0
-114 -60 5 1
-115 -61 5 0
-114 -60 6 1
-114 -61 6 0
-114 -61 5 0
-113 -61 5 0
-121 -83 1 1
-122 -83 4 1
-122 -82 2 2
-122 -82 3 2
-122 -82 4 1
-122 -81 2 1
-112 -59 7 1
-112 -59 8 1
-118 -60 7 1
-118 -59 7 1
-118 -58 7 1
-115 -61 7 1
-122 -81 3 1
-115 -61 8 1
-115 -63 8 2
-115 -63 9 1
-115 -63 10 1
-115 -62 8 1
-115 -62 9 1
-115 -62 10 1
-115 -61 9 1
-115 -61 10 1
-114 -63 10 1
-114 -62 10 1
-114 -61 10 1
-113 -63 10 1
-113 -62 10 1
-113 -61 10 1
-113 -60 7 1
-113 -60 8 1
-113 -60 9 1
-112 -60 8 1
-112 -60 9 1
-111 -62 7 1
-111 -62 8 1
-111 -62 9 1
-111 -61 7 1
-111 -61 8 1
-111 -61 9 1
-111 -60 7 1
-111 -60 8 2
-111 -60 9 1
-114 -59 9 0
-120 -59 3 1
-122 -81 4 1
-121 -59 2 0
-121 -83 4 1
-122 -58 2 1
-123 -59 2 0
-121 -82 4 1
-123 -63 1 1
-121 -81 4 1
-122 -63 1 1
-121 -63 1 1
-121 -62 1 1
-119 -63 2 1
-120 -83 4 1
-119 -62 2 1
-119 -61 2 2
-120 -63 1 1
-120 -62 1 1
-120 -61 1 1
-119 -63 1 1
-119 -62 1 1
-119 -61 1 1
-115 -81 1 1
-115 -81 0 1
-114 -82 6 0
-114 -84 3 0
-114 -84 4 0
-114 -83 3 1
-114 -83 4 0
-114 -82 2 1
-112 -81 5 0
-114 -62 5 0
-115 -61 2 2
-131 -82 4 1
-130 -86 2 2
-130 -85 3 1
-129 -86 3 1
-131 -88 0 1
-131 -88 2 1
-150 -67 6 1
-147 -69 6 1
-147 -69 5 1
-147 -69 4 1
-150 -73 7 2
-150 -73 6 1
-146 -87 7 0
-134 -74 3 1
-134 -74 4 1
-112 -69 4 1
-103 -81 9 2
-103 -81 8 2
-103 -82 10 1
-130 -74 0 1
-132 -70 -1 1
-133 -70 -1 1
-134 -70 -1 1
-118 -87 6 1
-118 -88 7 1
-133 -70 1 1
-133 -70 0 2
-134 -68 2 1
-118 -87 5 1
-134 -68 3 1
-134 -68 4 1
-133 -68 2 1
-133 -68 3 1
-133 -68 4 2
-132 -68 2 2
-132 -68 3 2
-132 -68 4 1
-140 -91 7 0
-140 -91 8 0
-140 -91 6 1
-115 -54 4 1
-115 -55 4 1
-116 -53 6 1
-116 -54 6 1
-116 -54 4 2
-130 -73 0 1
-112 -59 9 1
-111 -59 7 1
-111 -59 8 1
-111 -59 9 1
-110 -61 8 1
-110 -61 9 1
-110 -60 8 1
-110 -60 9 1
-110 -59 8 1
-110 -59 9 1
-130 -74 4 1
-130 -73 1 1
-130 -74 3 1
-130 -74 2 1
-130 -74 1 1
-134 -68 0 1
-135 -68 0 1
-136 -68 0 1
-134 -68 1 1
-135 -68 3 2
-135 -68 2 2
-136 -68 3 1
-136 -68 2 1
-131 -69 4 1
-135 -65 2 2
-136 -65 4 1
-120 -60 2 1
-111 -76 4 1
-111 -76 3 1
-111 -76 2 1
-112 -76 4 1
-112 -76 3 2
-112 -76 2 1
-113 -76 4 1
-113 -76 3 2
-113 -76 2 1
-112 -75 7 0
-111 -77 6 0
-111 -77 5 0
-112 -77 6 0
-112 -77 5 0
-113 -77 6 0
-114 -77 5 1
-114 -75 6 0
-114 -75 5 0
-110 -75 6 0
-110 -75 5 0
-135 -64 0 1
-135 -64 1 1
-133 -63 3 0
-131 -64 3 1
-131 -64 1 1
-133 -61 2 2
-134 -62 1 1
-134 -62 2 1
-134 -62 3 1
-134 -61 1 2
-134 -61 2 2
-134 -61 3 2
-134 -60 1 1
-134 -60 2 1
-134 -60 3 1
-133 -62 1 1
-133 -62 2 1
-133 -62 3 1
-133 -61 1 2
-133 -61 3 2
-133 -60 1 1
-133 -60 2 1
-133 -60 3 1
-132 -62 1 1
-132 -62 2 1
-132 -62 3 1
-129 -52 1 1
-129 -53 3 1
-129 -53 2 1
-129 -53 1 1
-130 -52 3 1
-137 -63 2 1
-135 -63 1 1
-134 -63 -1 1
-133 -63 -1 1
-137 -64 3 2
-137 -63 3 1
-137 -65 4 1
-137 -64 4 1
-137 -63 4 1
-130 -66 1 1
-130 -66 2 1
-130 -66 3 2
-130 -65 2 1
-130 -65 3 1
-130 -64 1 1
-130 -64 2 1
-130 -64 3 1
-130 -67 2 1
-130 -67 3 1
-130 -67 4 1
-130 -66 4 1
-130 -65 4 1
-130 -67 0 1
-130 -67 1 1
-130 -66 0 1
-130 -65 0 1
-108 -53 5 1
-138 -59 6 1
-138 -59 7 1
-138 -59 8 1
-138 -61 9 1
-138 -60 9 1
-117 -66 4 1
-117 -67 6 1
-117 -67 5 1
-117 -67 4 1
-116 -66 5 2
-108 -65 5 1
-108 -65 4 1
-108 -65 3 1
-108 -66 5 1
-108 -66 4 1
-108 -66 3 1
-108 -67 5 1
-110 -66 4 1
-110 -66 3 1
-110 -67 5 1
-110 -67 4 1
-117 -57 8 1
-108 -53 4 1
-117 -57 4 1
-117 -56 4 1
-138 -63 2 2
-138 -63 3 1
-138 -63 1 1
-137 -64 -1 1
-137 -63 -1 1
-124 -61 4 1
-124 -61 6 1
-124 -61 5 1
-140 -64 4 1
-140 -63 4 1
-139 -65 4 1
-139 -64 4 1
-139 -63 4 1
-140 -65 0 1
-140 -64 0 1
-140 -63 0 2
-141 -61 1 2
-141 -61 2 2
-141 -61 3 2
-141 -60 1 1
-141 -60 2 1
-141 -63 4 1
-139 -64 -1 1
-139 -63 -1 1
-142 -62 3 1
-142 -61 2 2
-142 -61 3 2
-142 -60 3 1
-142 -62 4 1
-142 -61 4 1
-142 -60 4 1
-142 -62 0 1
-142 -61 0 1
-142 -60 0 1
-122 -66 3 1
-122 -67 3 1
-123 -66 3 1
-123 -67 3 1
-124 -66 3 1
-117 -84 3 0
-104 -83 8 1
-104 -83 7 1
-104 -84 9 1
-104 -85 9 1
-104 -85 8 1
-104 -85 7 1
-105 -83 9 1
-105 -85 7 1
-112 -88 6 1
-104 -84 8 2
-104 -84 7 1
-113 -87 7 2
-150 -79 8 1
-150 -80 8 1
-148 -81 4 1
-149 -81 4 1
-150 -81 4 1
-148 -81 7 1
-148 -81 6 2
-148 -81 5 2
-149 -81 7 1
-149 -81 6 2
-149 -81 5 1
-150 -81 7 1
-147 -59 9 1
-148 -65 8 1
-147 -65 7 1
-147 -65 8 1
-146 -60 7 1
-145 -61 6 2
-145 -60 6 2
-145 -60 8 2
-144 -62 6 1
-144 -61 6 2
-144 -61 7 2
-144 -61 8 1
-144 -60 6 2
-144 -60 7 1
-144 -60 5 1
-146 -60 9 1
-146 -59 7 1
-146 -59 8 1
-146 -59 9 1
-143 -63 9 1
-143 -62 8 1
-143 -62 9 1
-144 -63 6 0
-143 -62 6 1
-143 -61 6 2
-143 -61 7 2
-143 -61 8 1
-143 -60 6 1
-141 -63 7 1
-141 -63 8 2
-141 -63 9 1
-141 -60 6 2
-141 -60 7 1
-141 -60 8 2
-144 -65 7 0
-144 -65 6 0
-141 -65 7 2
-142 -66 6 1
-142 -66 7 1
-142 -66 8 1
-123 -60 0 1
-123 -60 -1 1
-123 -61 1 1
-123 -61 -1 1
-123 -62 1 1
-123 -62 0 1
-123 -62 -1 1
-124 -60 1 1
-124 -60 0 1
-124 -60 -1 1
-124 -61 1 1
-124 -61 0 1
-124 -61 -1 1
-124 -62 1 1
-124 -62 0 1
-124 -62 -1 1
-123 -61 0 2
-120 -61 2 2
-120 -62 2 2
-120 -63 2 1
-123 -60 3 0
-122 -60 3 0
-144 -76 7 1
-144 -77 9 1
-145 -75 9 1
-145 -64 6 1
-145 -64 5 1
-145 -64 4 1
-146 -62 6 1
-146 -62 5 1
-146 -63 6 1
-146 -63 4 1
-146 -64 6 1
-146 -64 5 1
-146 -64 4 1
-146 -63 5 2
-144 -65 3 1
-148 -63 1 1
-145 -75 8 1
-118 -86 6 0
-118 -86 7 0
-119 -87 8 1
-119 -87 7 1
-119 -87 6 1
-119 -88 8 1
-119 -88 7 1
-119 -88 6 2
-119 -89 8 1
-119 -89 7 1
-119 -89 6 1
-150 -63 9 1
-120 -87 8 1
-120 -87 7 1
-120 -87 6 1
-120 -88 8 1
-124 -81 3 1
-123 -87 2 1
-133 -90 8 0
-123 -85 5 1
-135 -92 8 0
-135 -92 7 0
-134 -92 8 0
-135 -90 9 0
-135 -90 10 0
-122 -85 0 1
-122 -84 -1 1
-122 -84 0 2
-122 -83 -1 1
-122 -83 0 1
-131 -84 0 1
-131 -84 1 2
-131 -84 2 1
-131 -83 0 1
-131 -83 1 1
-131 -83 2 2
-130 -85 0 1
-130 -85 1 1
-130 -85 2 1
-130 -84 0 1
-130 -84 2 1
-130 -83 0 1
-130 -83 1 1
-130 -83 2 2
-129 -85 0 1
-129 -85 1 1
-129 -85 2 1
-126 -69 8 1
-126 -69 7 1
-126 -67 6 1
-126 -67 5 1
-126 -67 4 1
-126 -68 6 1
-126 -68 5 2
-126 -68 4 1
-126 -69 6 1
-133 -69 8 1
-133 -69 7 1
-133 -69 6 1
-128 -64 6 0
-111 -79 3 2
-111 -79 2 1
-112 -79 2 1
-113 -79 4 1
-113 -79 3 2
-112 -78 7 0
-111 -80 5 0
-130 -87 0 1
-130 -87 2 1
-130 -86 0 1
-130 -86 1 2
-129 -88 0 1
-129 -88 1 1
-129 -88 2 1
-129 -87 0 1
-129 -87 1 1
-129 -87 2 1
-135 -62 1 1
-136 -60 3 1
-136 -60 2 1
-136 -60 1 1
-136 -61 3 2
-136 -61 2 2
-136 -61 1 2
-136 -62 3 1
-136 -62 2 1
-113 -75 3 1
-112 -74 7 0
-111 -76 6 0
-111 -76 5 0
-112 -76 6 0
-112 -76 5 0
-113 -76 6 0
-113 -76 5 0
-114 -74 6 0
-114 -74 5 0
-111 -75 6 0
-111 -74 3 1
-111 -74 2 1
-112 -74 4 1
-112 -74 3 2
-112 -74 2 1
-113 -74 4 1
-113 -74 2 1
-137 -63 6 1
-138 -61 8 1
-134 -72 1 1
-134 -71 2 1
-136 -62 0 1
-136 -61 0 1
-136 -60 0 1
-135 -62 0 1
-135 -61 0 1
-135 -60 0 1
-132 -71 2 2
-132 -71 3 2
-132 -71 4 1
-136 -71 2 1
-136 -71 3 1
-136 -71 4 1
-135 -71 2 2
-135 -71 3 2
-135 -71 4 1
-135 -72 1 1
-137 -65 5 1
-137 -65 6 2
-137 -64 5 1
-146 -71 5 1
-137 -64 6 2
-134 -87 7 1
-137 -63 5 1
-138 -64 10 1
-138 -64 11 1
-136 -85 9 0
-136 -86 9 0
-136 -85 8 0
-135 -86 9 0
-144 -97 4 1
-144 -97 5 1
-143 -99 5 1
-143 -98 3 1
-143 -98 4 1
-143 -98 5 1
-143 -97 3 1
-143 -97 4 1
-143 -97 5 1
-144 -99 2 1
-144 -98 2 1
-144 -97 2 1
-143 -99 2 1
-143 -98 2 1
-143 -97 2 1
-139 -78 6 1
-140 -78 8 1
-131 -63 2 1
-131 -63 3 0
-131 -63 1 1
-136 -62 4 1
-136 -61 4 1
-136 -60 4 1
-135 -62 4 1
-135 -61 4 1
-135 -60 4 1
-133 -63 4 0
-134 -62 -1 1
-133 -62 -1 1
-132 -62 -1 1
-144 -99 -1 1
-144 -99 0 1
-144 -99 1 1
-125 -80 1 1
-126 -80 3 1
-126 -80 2 1
-143 -100 -1 1
-143 -100 0 2
-143 -100 1 1
-143 -99 -1 1
-143 -99 0 1
-143 -99 1 1
-144 -100 3 0
-144 -100 2 0
-136 -66 5 1
-136 -65 5 1
-136 -64 5 1
-135 -66 5 1
-135 -65 5 2
-135 -64 5 1
-134 -65 5 1
-134 -64 5 1
-137 -80 5 1
-136 -79 5 2
-133 -64 5 0
-131 -69 6 1
-131 -69 7 1
-130 -69 5 1
-130 -69 6 1
-130 -69 7 1
-130 -68 5 2
-130 -68 6 2
-130 -68 7 2
-130 -67 5 1
-130 -67 6 1
-130 -67 7 1
-137 -62 1 1
-137 -62 2 1
-137 -62 3 1
-137 -61 1 2
-137 -61 2 2
-137 -61 3 2
-137 -60 1 1
-137 -60 2 1
-137 -60 3 1
-137 -62 4 1
-137 -61 4 1
-137 -60 4 1
-137 -62 0 1
-137 -61 0 1
-137 -60 0 1
-135 -64 -1 1
-135 -63 -1 1
-135 -62 -1 1
-128 -65 7 1
-128 -65 4 0
-128 -65 3 0
-106 -81 9 1
-106 -81 10 1
-124 -85 5 1
-122 -86 6 0
-121 -87 7 1
-121 -87 8 1
-121 -87 6 1
-120 -86 7 0
-119 -86 7 0
-120 -86 8 0
-120 -86 6 0
-121 -85 9 0
-106 -80 8 1
-110 -80 4 1
-123 -65 5 1
-123 -65 6 1
-123 -64 4 2
-123 -64 6 2
-123 -63 4 2
-111 -82 3 2
-112 -82 5 0
-111 -82 4 1
-143 -62 -1 1
-143 -63 -1 1
-143 -64 -1 1
-143 -63 0 2
-143 -64 0 1
-143 -65 2 1
-143 -65 1 1
-143 -65 0 1
-144 -63 0 2
-146 -100 -1 1
-146 -100 0 1
-146 -100 1 1
-141 -62 3 1
-138 -64 -1 1
-138 -63 0 2
-138 -64 0 1
-138 -65 0 1
-139 -63 0 2
-139 -64 0 1
-139 -65 0 1
-126 -62 7 1
-126 -61 7 1
-125 -62 7 1
-125 -61 7 1
-124 -61 7 1
-142 -78 6 1
-142 -78 8 2
-142 -77 6 1
-142 -77 7 2
-142 -77 8 2
-141 -78 8 1
-141 -77 6 1
-141 -77 7 2
-128 -68 8 1
-128 -69 8 1
-141 -77 8 2
-140 -77 6 1
-140 -77 7 2
-140 -77 8 1
-142 -80 6 2
-141 -100 4 0
-116 -87 8 1
-141 -100 3 0
-141 -99 4 1
-142 -99 4 1
-141 -99 3 1
-117 -87 9 1
-117 -87 8 1
-117 -88 9 1
-117 -89 9 1
-143 -81 6 1
-143 -100 5 0
-143 -100 6 0
-123 -61 4 1
-123 -61 5 1
-122 -61 6 1
-121 -61 4 1
-121 -61 5 1
-121 -61 6 1
-123 -61 7 1
-150 -60 9 2
-112 -75 4 1
-112 -75 3 2
-112 -75 2 1
-113 -75 4 1
-134 -81 5 2
-133 -81 5 1
-134 -81 0 1
-133 -81 0 1
-117 -78 4 1
-117 -79 6 1
-116 -78 5 2
-125 -81 2 2
-125 -81 1 1
-125 -82 3 1
-125 -82 2 1
-125 -82 1 2
-125 -83 3 1
-125 -83 2 1
-125 -83 1 1
-132 -79 0 1
-133 -79 0 1
-131 -77 3 1
-125 -61 2 1
-124 -62 2 1
-124 -61 2 1
-124 -64 2 1
-124 -63 2 1
-123 -64 2 1
-123 -63 2 1
-123 -62 2 1
-122 -64 2 1
-130 -88 1 1
-137 -67 0 1
-135 -65 4 2
-135 -65 3 2
-120 -59 4 1
-120 -59 2 1
-145 -100 4 0
-144 -99 4 1
-144 -99 5 1
-145 -100 3 0
-144 -99 3 1
-146 -99 4 1
-146 -98 3 2
-147 -99 2 1
-147 -98 2 1
-147 -98 3 1
-147 -98 4 1
-118 -64 3 1
-118 -63 1 1
-118 -63 2 1
-118 -63 3 1
-117 -64 1 1
-117 -64 2 1
-117 -64 3 1
-137 -92 8 0
-137 -90 9 0
-137 -90 6 0
-137 -90 5 0
-145 -98 2 1
-145 -98 3 1
-145 -98 4 1
-145 -97 2 1
-145 -97 3 1
-145 -97 4 1
-122 -59 2 0
-123 -60 2 0
-121 -60 2 1
-119 -60 2 1
-120 -60 1 1
-119 -60 1 1
-120 -61 -1 1
-120 -61 0 1
-145 -60 2 1
-145 -60 1 1
-145 -61 3 2
-145 -61 2 2
-145 -61 1 2
-145 -62 3 1
-145 -62 2 1
-145 -62 1 1
-120 -60 -1 1
-120 -60 0 2
-120 -59 -1 1
-120 -59 0 1
-120 -59 1 1
-119 -58 2 2
-120 -58 1 1
-145 -100 -1 1
-145 -100 0 1
-145 -100 1 1
-119 -59 3 2
-119 -58 1 2
-119 -58 3 2
-119 -57 1 1
-119 -57 2 1
-119 -57 3 1
-118 -59 1 2
-135 -89 8 0
-136 -92 7 0
-136 -92 8 0
-135 -91 8 0
-136 -90 9 0
-117 -59 3 2
-117 -58 1 1
-117 -58 2 1
-117 -58 3 1
-117 -57 1 1
-117 -57 2 1
-117 -57 3 1
-119 -59 4 1
-119 -58 4 1
-118 -60 4 2
-118 -59 4 1
-119 -59 0 1
-119 -57 0 1
-118 -57 0 1
-117 -59 0 1
-117 -58 0 1
-117 -57 0 1
-118 -85 -1 1
-120 -84 0 2
-120 -84 -1 1
-120 -85 0 1
-120 -85 -1 1
-118 -85 4 1
-118 -86 4 1
-113 -53 5 1
-114 -53 6 0
-122 -83 3 1
-122 -83 2 1
-120 -80 1 1
-115 -55 6 1
-115 -55 5 1
-116 -55 5 1
-117 -54 4 1
-117 -55 6 1
-118 -62 2 2
-133 -65 3 1
-133 -65 2 1
-121 -83 3 1
-121 -83 2 1
-132 -67 -1 1
-134 -67 -1 1
-132 -67 5 2
-132 -68 5 2
-132 -69 5 1
-133 -67 5 2
-133 -68 5 1
-134 -67 5 1
-133 -66 1 1
-116 -60 1 1
-133 -64 10 1
-133 -65 10 1
-133 -66 10 1
-134 -66 10 1
-132 -66 9 1
-132 -67 9 1
-132 -68 9 1
-134 -91 8 0
-132 -66 6 1
-132 -67 8 1
-112 -63 4 1
-112 -63 3 1
-112 -63 2 1
-113 -63 4 1
-114 -63 7 1
-113 -62 8 2
-112 -63 6 0
-111 -63 5 0
-112 -63 5 0
-113 -64 6 0
-113 -63 6 0
-113 -64 5 0
-135 -62 8 1
-135 -62 7 1
-135 -63 9 1
-135 -63 8 2
-137 -82 4 1
-135 -78 0 1
-137 -78 0 1
-135 -78 3 1
-135 -78 2 1
-135 -78 1 1
-136 -78 3 1
-136 -78 2 2
-136 -78 1 2
-131 -91 8 0
-137 -78 2 1
-131 -90 7 1
-131 -90 8 0
-133 -93 8 0
-131 -92 8 0
-133 -91 9 0
-131 -78 1 1
-133 -79 1 1
-132 -79 2 2
-135 -81 5 1
-135 -81 4 1
-136 -83 1 1
-127 -98 4 1
-128 -97 4 1
-128 -96 4 1
-127 -97 4 1
-127 -96 4 1
-137 -79 0 1
-128 -100 4 1
-128 -99 4 1
-135 -79 1 1
-127 -100 4 1
-127 -99 4 1
-130 -97 0 1
-129 -99 0 1
-129 -98 0 1
-129 -97 0 1
-128 -99 0 1
-128 -98 0 1
-128 -97 0 1
-113 -63 5 0
-113 -62 5 0
-114 -62 6 0
-115 -58 3 1
-115 -59 3 2
-116 -57 3 1
-116 -58 3 1
-116 -59 3 2
-111 -61 6 0
-111 -61 5 0
-106 -80 10 1
-105 -80 8 1
-105 -80 9 1
-141 -64 9 1
-141 -64 8 2
-141 -64 7 2
-142 -62 9 1
-142 -62 8 1
-142 -62 7 1
-142 -63 9 1
-142 -63 7 1
-142 -64 9 1
-142 -64 8 1
-116 -56 4 1
-149 -54 5 1
-149 -54 6 1
-149 -54 7 1
-150 -53 7 0
-150 -53 6 1
-150 -56 8 1
-128 -87 9 0
-113 -84 6 0
-150 -56 4 1
-150 -55 4 1
-150 -54 4 1
-113 -83 6 0
-114 -83 7 0
-113 -83 5 0
-116 -83 5 0
-148 -72 6 1
-148 -72 7 0
-148 -72 5 1
-128 -87 5 1
-108 -84 7 0
-128 -86 4 1
-102 -83 6 1
-102 -83 10 1
-101 -84 7 0
-101 -84 9 0
-101 -84 8 0
-116 -80 7 1
-102 -81 10 1
-102 -82 10 1
-103 -80 10 1
-101 -86 0 1
-130 -86 8 0
-145 -88 8 0
-129 -86 8 0
-146 -87 8 0
-130 -86 9 0
-129 -86 9 0
-130 -85 8 0
-130 -85 9 0
-131 -84 8 0
-131 -85 9 0
-131 -84 9 0
-131 -87 8 0
-131 -87 9 0
-131 -88 9 0
-130 -87 8 0
-130 -88 8 0
-130 -87 9 0
-131 -86 10 0
-131 -86 5 2
-131 -87 4 1
-131 -87 5 1
-131 -87 6 1
-131 -86 4 1
-131 -86 6 1
-131 -85 4 1
-131 -85 5 1
-131 -85 6 1
-130 -87 4 2
-130 -87 5 1
-130 -87 6 1
-130 -86 4 2
-130 -86 5 1
-130 -86 6 1
-130 -85 4 1
-130 -85 5 1
-130 -85 6 1
-101 -81 7 0
-101 -82 7 0
-101 -81 9 0
-101 -81 8 0
-101 -82 8 0
-102 -82 5 2
-102 -82 4 1
-102 -82 3 1
-102 -83 5 1
-102 -83 4 1
-102 -83 3 1
-102 -84 5 1
-102 -84 4 1
-102 -84 3 1
-147 -81 6 2
-147 -82 5 1
-147 -82 6 2
-147 -82 7 1
-147 -81 5 1
-147 -81 7 1
-147 -80 5 1
-146 -82 5 1
-146 -82 6 1
-146 -82 7 1
-146 -81 5 1
-144 -88 8 0
-146 -81 7 1
-144 -88 9 0
-144 -88 7 0
-145 -87 8 0
-145 -87 9 0
-145 -87 7 0
-146 -86 8 0
-146 -86 9 0
-147 -87 9 0
-147 -89 9 0
-146 -90 8 0
-146 -90 9 0
-146 -90 7 0
-145 -89 8 0
-145 -90 8 1
-145 -89 9 0
-145 -89 7 0
-145 -90 7 1
-146 -88 9 0
-146 -88 10 0
-146 -88 6 0
-148 -83 7 2
-150 -81 8 0
-103 -82 5 1
-103 -82 4 1
-103 -82 3 1
-103 -83 5 1
-103 -83 3 1
-103 -84 5 1
-103 -84 4 1
-103 -84 3 1
-103 -83 4 2
-102 -85 9 1
-102 -85 8 1
-102 -85 7 1
-102 -80 9 1
-102 -80 8 1
-102 -80 7 1
-103 -80 9 1
-103 -80 8 1
-103 -80 7 1
-104 -80 7 1
-101 -83 7 0
-101 -83 8 0
-104 -82 5 2
-104 -82 4 1
-104 -82 3 1
-104 -83 5 1
-104 -83 4 1
-116 -84 5 0
-116 -84 4 0
-113 -84 7 0
-104 -84 3 1
-113 -84 5 0
-148 -77 4 1
-148 -88 6 0
-149 -88 7 0
-149 -88 6 0
-147 -90 7 0
-115 -87 5 1
-115 -87 7 2
-114 -88 5 1
-114 -88 6 1
-114 -88 7 1
-114 -87 5 2
-114 -87 6 1
-114 -87 7 1
-114 -86 5 1
-114 -86 6 1
-114 -86 7 1
-143 -88 8 0
-150 -64 7 1
-143 -88 9 0
-143 -88 7 0
-143 -87 8 0
-144 -87 9 0
-143 -87 7 0
-145 -86 8 0
-145 -86 9 0
-146 -87 9 0
-145 -90 9 0
-144 -89 8 0
-143 -90 8 1
-144 -90 9 0
-143 -90 7 1
-145 -88 9 0
-145 -88 10 0
-145 -88 6 0
-104 -82 9 2
-105 -83 10 1
-105 -82 8 1
-105 -82 9 1
-105 -82 10 1
-105 -81 8 1
-108 -60 4 2
-105 -81 10 1
-109 -61 3 1
-147 -83 6 1
-109 -61 4 1
-146 -83 5 1
-146 -83 6 1
-146 -83 7 1
-149 -83 4 1
-148 -83 4 1
-147 -83 4 1
-109 -59 5 1
-108 -61 3 2
-108 -61 4 2
-108 -61 5 1
-108 -60 3 2
-108 -60 5 2
-108 -59 3 1
-108 -59 4 2
-108 -59 5 2
-107 -61 3 1
-106 -84 4 2
-107 -61 4 1
-107 -61 5 1
-107 -60 3 1
-107 -60 4 1
-112 -83 6 0
-122 -84 6 0
-119 -84 7 0
-121 -83 8 0
-150 -67 8 2
-150 -57 5 1
-150 -64 4 0
-150 -72 6 1
-150 -72 7 2
-117 -85 6 0
-150 -85 5 0
-117 -85 7 0
-118 -84 6 0
-117 -83 6 0
-118 -84 7 0
-117 -83 7 0
-119 -84 6 0
-119 -83 6 0
-119 -81 5 2
-120 -82 4 1
-120 -82 5 1
-120 -82 6 1
-120 -81 4 1
-120 -81 5 1
-120 -81 6 1
-120 -80 4 1
-120 -80 5 1
-120 -80 6 1
-119 -82 4 1
-119 -82 5 1
-119 -82 6 1
-119 -81 4 2
-119 -81 6 1
-112 -59 1 1
-111 -61 1 1
-111 -60 1 1
-111 -59 1 1
-111 -59 2 1
-121 -64 3 1
-127 -59 4 1
-127 -59 3 1
-131 -71 2 2
-132 -71 1 2
-132 -70 1 2
-122 -60 -1 1
-132 -70 2 2
-132 -70 3 2
-131 -71 1 2
-131 -71 3 2
-131 -70 1 1
-131 -70 2 1
-131 -70 3 1
-141 -63 6 1
-140 -62 6 1
-140 -62 7 1
-140 -62 8 1
-140 -61 6 2
-140 -61 7 2
-140 -61 8 1
-140 -60 6 2
-140 -60 7 2
-140 -60 8 2
-142 -61 9 1
-142 -60 9 1
-142 -59 7 1
-142 -59 8 1
-142 -59 9 1
-146 -59 5 1
-146 -59 6 1
-143 -65 7 0
-143 -65 6 0
-140 -63 6 1
-140 -63 7 1
-140 -63 8 2
-142 -63 5 1
-141 -63 5 1
-140 -63 5 1
-143 -63 5 0
-135 -70 2 2
-135 -70 3 2
-134 -71 1 1
-134 -70 1 1
-136 -70 4 1
-135 -70 4 1
-136 -72 0 1
-136 -71 0 1
-136 -70 0 1
-135 -72 0 1
-135 -71 0 1
-135 -70 0 1
-107 -61 6 1
-107 -60 6 1
-107 -59 6 1
-110 -58 4 1
-111 -58 4 1
-111 -60 6 0
-110 -61 2 1
-110 -61 3 1
-110 -60 2 1
-110 -60 3 1
-110 -59 2 1
-110 -59 3 2
-133 -92 2 1
-133 -91 2 1
-133 -91 3 1
-133 -91 4 1
-132 -93 2 1
-132 -93 3 1
-132 -92 2 1
-139 -62 6 1
-113 -54 4 1
-139 -62 7 1
-139 -62 8 1
-139 -61 6 2
-139 -61 7 1
-139 -61 8 1
-139 -60 6 1
-139 -60 7 2
-139 -60 8 2
-141 -62 5 1
-141 -61 5 1
-141 -60 5 1
-140 -62 5 1
-140 -61 5 1
-140 -60 5 1
-139 -62 5 1
-141 -61 9 1
-141 -60 9 1
-141 -59 7 1
-141 -59 8 1
-141 -59 9 1
-142 -59 5 1
-142 -59 6 1
-141 -59 5 1
-141 -59 6 1
-142 -65 9 1
-141 -65 9 1
-140 -65 9 1
-140 -64 9 1
-140 -63 9 1
-136 -80 7 1
-136 -80 8 2
-136 -80 9 1
-128 -61 4 1
-128 -62 4 2
-128 -63 6 1
-128 -63 5 1
-109 -58 4 1
-109 -58 5 1
-129 -61 5 1
-130 -88 0 1
-131 -86 1 1
-131 -86 0 1
-131 -87 2 1
-131 -87 1 2
-131 -87 0 1
-126 -67 8 1
-126 -67 7 1
-142 -73 6 2
-126 -68 8 1
-142 -73 7 1
-143 -74 6 1
-144 -74 6 1
-143 -74 7 1
-145 -74 6 1
-145 -74 7 1
-145 -74 8 1
-144 -74 7 1
-144 -74 8 1
-143 -74 8 1
-146 -76 4 1
-146 -76 5 1
-146 -76 6 1
-146 -75 4 1
-146 -75 5 1
-146 -75 6 1
-146 -74 4 1
-146 -74 5 2
-146 -74 6 1
-145 -74 4 1
-145 -74 5 2
-144 -74 4 1
-144 -74 5 1
-143 -74 4 1
-143 -74 5 2
-142 -74 4 1
-139 -65 5 1
-139 -64 5 1
-139 -63 5 1
-141 -63 10 2
-142 -64 10 1
-142 -64 11 1
-142 -63 10 1
-142 -63 11 1
-142 -62 10 1
-142 -62 11 1
-141 -64 10 1
-141 -64 11 1
-141 -63 11 1
-141 -62 10 1
-141 -62 11 1
-140 -64 10 1
-140 -64 11 1
-140 -63 10 2
-140 -63 11 1
-140 -62 9 1
-140 -62 10 1
-140 -62 11 1
-132 -69 2 2
-132 -69 3 2
-132 -69 4 1
-136 -69 1 1
-136 -69 2 1
-136 -69 3 1
-135 -69 1 2
-135 -69 2 2
-135 -69 3 2
-134 -69 1 1
-136 -69 0 1
-135 -69 0 1
-134 -69 0 1
-137 -73 4 1
-137 -72 2 1
-137 -72 3 1
-137 -72 4 1
-137 -71 2 1
-137 -71 3 1
-137 -71 4 1
-134 -71 -1 1
-133 -71 -1 1
-121 -64 4 1
-132 -71 -1 1
-121 -64 5 1
-121 -64 6 1
-121 -63 4 1
-121 -63 5 1
-121 -63 6 1
-121 -62 4 2
-121 -62 5 2
-121 -62 6 1
-121 -64 7 1
-121 -63 7 1
-121 -62 7 1
-122 -61 5 1
-123 -61 6 1
-122 -61 4 1
-126 -60 4 1
-126 -60 5 1
-126 -60 6 1
-125 -60 4 2
-125 -60 5 2
-125 -60 6 2
-124 -60 4 1
-124 -60 5 1
-124 -60 6 1
-126 -60 7 1
-125 -60 7 1
-124 -60 7 1
-125 -64 4 0
-138 -64 9 1
-141 -73 6 1
-141 -73 7 1
-143 -73 6 1
-143 -72 6 1
-137 -65 7 1
-143 -73 7 1
-143 -72 7 1
-127 -51 2 1
-127 -51 3 1
-127 -51 4 1
-147 -75 5 1
-147 -74 4 1
-126 -51 2 1
-125 -51 2 1
-147 -73 5 1
-147 -73 6 1
-146 -73 4 1
-146 -73 5 2
-146 -73 6 1
-145 -73 4 1
-145 -73 5 1
-145 -73 6 1
-142 -74 8 1
-141 -74 8 1
-144 -73 4 1
-144 -73 5 1
-143 -73 4 1
-143 -73 5 2
-142 -73 4 1
-142 -73 5 1
-124 -62 3 1
-124 -61 3 1
-124 -60 3 1
-146 -59 2 1
-146 -59 3 1
-148 -59 0 1
-146 -59 0 1
-144 -76 9 1
-144 -75 7 2
-144 -75 8 2
-144 -73 6 1
-144 -73 7 0
-147 -75 4 1
-147 -74 5 1
-147 -73 4 1
-114 -67 5 0
-115 -65 3 1
-115 -66 3 1
-115 -67 3 1
-116 -65 3 1
-116 -66 3 1
-122 -60 5 0
-122 -60 4 0
-123 -60 5 0
-123 -60 6 0
-123 -60 4 0
-126 -59 4 1
-126 -59 5 1
-126 -59 6 1
-125 -59 4 2
-125 -59 5 2
-125 -59 6 2
-124 -59 4 1
-124 -59 5 1
-124 -59 6 1
-126 -59 7 1
-125 -59 7 1
-124 -59 7 1
-126 -59 3 1
-125 -59 3 2
-124 -59 3 1
-123 -62 3 1
-125 -97 4 1
-124 -99 2 1
-138 -65 1 1
-124 -99 3 2
-124 -99 4 1
-124 -98 2 1
-124 -98 3 1
-124 -98 4 1
-124 -97 2 1
-124 -97 3 1
-124 -97 4 1
-126 -96 2 1
-126 -96 3 1
-126 -96 4 1
-128 -95 2 2
-129 -95 1 1
-129 -95 2 1
-129 -94 1 1
-129 -94 2 1
-129 -97 6 0
-129 -97 7 0
-129 -97 5 1
-130 -96 6 0
-130 -96 7 0
-130 -96 5 1
-131 -95 6 1